/**
 * generated by fontconvert.py
 * name: amiri_16_regular
 * size: 16
 * mode: 2-bit  compressed: true
 * Command used: fontconvert.py amiri_16_regular 16 ../builtinFonts/source/Amiri/Amiri-Regular.ttf --2bit --compress --script arabic --reposition-marks
 */
#pragma once
#include "EpdFontData.h"

static const uint8_t amiri_16_regularBitmaps[18480] = {
    0xA5, 0x59, 0x4F, 0x6C, 0x1C, 0xD7, 0x79, 0xFF, 0x66, 0xC6, 0xE2, 0xC4, 0x1A, 0x92, 0xC3, 0x83,
    0x85, 0x04, 0xD6, 0x9F, 0xF1, 0x41, 0x01, 0xD8, 0x84, 0xD2, 0x10, 0xC5, 0x1E, 0xF6, 0x40, 0xEE,
    0x3C, 0xA0, 0x07, 0x1F, 0x02, 0x14, 0x3C, 0x68, 0x83, 0x20, 0x39, 0xC4, 0x87, 0x9E, 0x52, 0xA0,
    0x5A, 0xA0, 0x2E, 0xC0, 0x03, 0xC9, 0x19, 0xC3, 0x47, 0x03, 0x2D, 0x0B, 0x34, 0xBD, 0x86, 0x40,
    0x7D, 0x09, 0x53, 0x84, 0x3C, 0xA8, 0x00, 0x53, 0x93, 0xDA, 0x69, 0x7A, 0xF0, 0xA1, 0x87, 0x8E,
    0xE2, 0x04, 0x39, 0x24, 0x48, 0xC6, 0x81, 0x5A, 0xC3, 0x2E, 0x90, 0x4C, 0xD3, 0x0D, 0xB0, 0x92,
    0x77, 0x77, 0xFA, 0xFB, 0x7D, 0x6F, 0x96, 0x4B, 0x4A, 0x4C, 0x24, 0xC5, 0xBB, 0xFB, 0xBE, 0xB7,
    0x3B, 0xF3, 0xE6, 0xBD, 0xEF, 0xFF, 0xF7, 0x7B, 0x6F, 0x65, 0xED, 0xE4, 0xE4, 0x64, 0x7B, 0x7B,
    0x7B, 0x6B, 0x0D, 0xAF, 0x76, 0x7B, 0xF9, 0xE6, 0x92, 0xC8, 0xF6, 0xE4, 0x44, 0x6E, 0xDE, 0xDC,
    0x3A, 0x3A, 0x1A, 0x1E, 0x1D, 0x6D, 0xDE, 0x6B, 0xB7, 0x5A, 0xAD, 0xA5, 0x25, 0xC1, 0x75, 0xE9,
    0xCD, 0x8B, 0xBC, 0x81, 0xB6, 0xFB, 0x05, 0xB9, 0xFC, 0xC9, 0xFD, 0x2C, 0xAA, 0xEB, 0x5C, 0xF2,
    0x55, 0x61, 0x73, 0xB2, 0x55, 0x71, 0xB3, 0x9E, 0x7C, 0xFE, 0xDB, 0xFF, 0x22, 0x69, 0x5D, 0x8B,
    0x2F, 0x85, 0x78, 0x92, 0xCB, 0x1C, 0xDA, 0x25, 0xC9, 0xC4, 0xBE, 0xF6, 0x44, 0xBE, 0xFC, 0x50,
    0xDC, 0xFF, 0xAA, 0x25, 0x30, 0xBF, 0x34, 0xA1, 0xF3, 0xBE, 0x89, 0x9D, 0xB7, 0x4D, 0xEC, 0xBE,
    0x65, 0xE2, 0x3F, 0x33, 0x12, 0xFD, 0xBB, 0x91, 0xF0, 0x53, 0x11, 0xAF, 0xC6, 0xD0, 0x7E, 0x29,
    0x12, 0x8E, 0x44, 0x16, 0x6B, 0x23, 0x0B, 0x71, 0x2E, 0xF3, 0x41, 0xF1, 0xDA, 0x35, 0xBF, 0x5C,
    0xBD, 0xE6, 0x15, 0xED, 0x65, 0x3F, 0x5F, 0x6B, 0x05, 0x59, 0xF2, 0x66, 0x2C, 0x57, 0xEB, 0x81,
    0xC8, 0xDF, 0x60, 0xFC, 0x6B, 0x22, 0xEE, 0x18, 0xDD, 0x8D, 0x20, 0x93, 0x6A, 0xCD, 0x2B, 0xDC,
    0x7C, 0xD3, 0x29, 0x7D, 0x73, 0xCF, 0xA9, 0x16, 0xE5, 0x9E, 0x54, 0x6D, 0x39, 0x72, 0xAA, 0x43,
    0x59, 0x73, 0x1E, 0xE4, 0x72, 0xDB, 0x7B, 0xDF, 0x48, 0xF0, 0x9D, 0x45, 0x3C, 0xB5, 0xB1, 0x46,
    0xB6, 0x0E, 0xDF, 0xCB, 0xC4, 0xF9, 0x20, 0xAB, 0xC4, 0x7B, 0x47, 0x36, 0x25, 0x0C, 0x65, 0x4D,
    0x56, 0x22, 0x59, 0x97, 0x1E, 0x49, 0x81, 0x9F, 0x5E, 0x16, 0x98, 0xB5, 0x40, 0xBC, 0xFC, 0x70,
    0x45, 0xE4, 0xBD, 0x7C, 0xC9, 0x4A, 0xB3, 0x41, 0x12, 0x80, 0x3F, 0x91, 0x8E, 0x5F, 0x80, 0x6E,
    0xB9, 0x60, 0x5A, 0x8E, 0x94, 0x1E, 0x5B, 0xEA, 0xE5, 0xA0, 0xDB, 0x3E, 0x15, 0x90, 0xDC, 0xE0,
    0xF8, 0x68, 0x40, 0x1A, 0xF2, 0xB2, 0xA4, 0xA5, 0x38, 0xE2, 0xFD, 0xB6, 0x0A, 0x26, 0x12, 0x66,
    0x23, 0xB7, 0x92, 0x58, 0x76, 0xF0, 0x40, 0x47, 0xE2, 0xD7, 0x0D, 0x68, 0xF8, 0x4B, 0x4C, 0x2C,
    0x1E, 0x94, 0x90, 0x88, 0x80, 0xC6, 0x99, 0x5B, 0xBB, 0x12, 0x3C, 0xFA, 0xAB, 0xE8, 0xD7, 0xE2,
    0xF4, 0x4B, 0x77, 0xD8, 0x68, 0x95, 0xA6, 0xDA, 0x6C, 0xB7, 0xC0, 0xD5, 0x92, 0x38, 0x39, 0xD4,
    0x2E, 0x0B, 0x22, 0x6D, 0x88, 0x25, 0x52, 0x8A, 0x0B, 0x3B, 0xE4, 0x02, 0xA5, 0x84, 0x50, 0x2E,
    0x96, 0x17, 0xB9, 0xCD, 0x59, 0x21, 0xD8, 0x05, 0x9F, 0x8E, 0xDE, 0xC5, 0x18, 0x8C, 0xC4, 0x78,
    0xB0, 0x8D, 0x67, 0x31, 0x83, 0x54, 0x30, 0xBE, 0x40, 0x2D, 0x9C, 0x19, 0xF3, 0xC3, 0xA8, 0xB2,
    0x04, 0xF1, 0x5B, 0xF6, 0x82, 0xE1, 0xB2, 0x1C, 0xF3, 0xA6, 0x8E, 0xB9, 0x75, 0x66, 0x0A, 0x2C,
    0xEC, 0xE7, 0xFC, 0x60, 0x22, 0xAF, 0x38, 0xFF, 0xC9, 0x9B, 0x5B, 0xA7, 0xCC, 0xDD, 0xD0, 0x67,
    0x31, 0xC3, 0x3D, 0xE5, 0x3C, 0xE7, 0xCC, 0x98, 0xFF, 0xA6, 0xAA, 0xDA, 0x81, 0x9E, 0xBD, 0xFC,
    0x15, 0xB0, 0x73, 0x8C, 0xBB, 0xD0, 0xE2, 0x9F, 0x66, 0x3A, 0xBC, 0xFF, 0x6B, 0x23, 0x3F, 0x78,
    0x05, 0xA6, 0x5F, 0x86, 0x96, 0xDA, 0x97, 0x04, 0x16, 0x54, 0x46, 0xF4, 0xE5, 0x62, 0x8C, 0x77,
    0x71, 0xEB, 0xD7, 0xF5, 0xA4, 0xAE, 0xEB, 0xF1, 0xEF, 0xBB, 0xCF, 0xC5, 0x03, 0x13, 0xE5, 0x61,
    0x1E, 0x64, 0xBE, 0x09, 0x64, 0x9E, 0xD2, 0xCA, 0xAB, 0x07, 0x45, 0x52, 0xE7, 0x5F, 0xBC, 0x83,
    0xAF, 0x8B, 0x12, 0x17, 0x49, 0x95, 0x56, 0x49, 0x11, 0xE6, 0xAE, 0x7A, 0xF8, 0x92, 0x2E, 0xAC,
    0x6A, 0x87, 0xFB, 0xBB, 0x56, 0x68, 0x28, 0x00, 0x13, 0x71, 0x38, 0x65, 0x59, 0x51, 0xF9, 0xDA,
    0xD3, 0x81, 0xD5, 0x05, 0x03, 0xC3, 0xA7, 0x06, 0xF2, 0x75, 0x15, 0x73, 0x8E, 0x77, 0xC4, 0xAD,
    0xC2, 0xCC, 0xCF, 0xFD, 0x3C, 0xCC, 0xBC, 0x32, 0x32, 0x6E, 0x15, 0x8B, 0x33, 0x80, 0xDC, 0x43,
    0x58, 0x6E, 0xF4, 0x64, 0xE3, 0x75, 0xDE, 0x8F, 0xF4, 0x29, 0xAF, 0x0A, 0x72, 0xAF, 0xF0, 0xCA,
    0x30, 0xE3, 0x55, 0x89, 0x07, 0x76, 0xDE, 0x2F, 0x88, 0x33, 0x94, 0x78, 0x28, 0x4B, 0xF0, 0xA6,
    0x17, 0xFA, 0x8C, 0x24, 0xAA, 0xD5, 0x8B, 0xEF, 0x66, 0xE2, 0x22, 0x0A, 0xC3, 0xAF, 0x8E, 0xC0,
    0x6E, 0x8A, 0x40, 0xC4, 0xBA, 0x12, 0x1B, 0x75, 0x02, 0x78, 0xB4, 0x7A, 0x15, 0x65, 0xA1, 0x55,
    0x9D, 0xD2, 0xEA, 0x16, 0x32, 0x52, 0x42, 0x3A, 0x95, 0x53, 0xC8, 0x2E, 0x54, 0x9D, 0x2F, 0x76,
    0xBF, 0x91, 0x25, 0x75, 0x6D, 0x60, 0x17, 0xBA, 0xBA, 0xCE, 0x79, 0xD9, 0x19, 0xC9, 0xE7, 0x64,
    0x5B, 0xD4, 0x39, 0x75, 0x0E, 0x1A, 0x17, 0x4A, 0x83, 0xD7, 0x48, 0x0A, 0x09, 0xFE, 0x71, 0xC2,
    0x30, 0xE2, 0x5A, 0xB9, 0x0D, 0xAA, 0xD3, 0x66, 0x5E, 0x12, 0x46, 0xEF, 0x9A, 0x24, 0x7F, 0x5F,
    0x49, 0x34, 0x31, 0x8D, 0x43, 0x38, 0x58, 0x9C, 0xD1, 0x08, 0x2D, 0x48, 0x82, 0x76, 0x80, 0xC8,
    0xFF, 0x4F, 0xB8, 0x39, 0x7E, 0x2F, 0xA0, 0x2D, 0xA3, 0xF5, 0xD0, 0xA8, 0x5F, 0x13, 0x66, 0x97,
    0x31, 0xEE, 0xC6, 0xFE, 0xC1, 0x43, 0xF0, 0x35, 0xBA, 0xD2, 0xFD, 0xE6, 0x8F, 0xED, 0x73, 0x4F,
    0x36, 0xBC, 0xF6, 0x0F, 0xC4, 0xA9, 0x27, 0xE0, 0x79, 0x24, 0xAE, 0x51, 0xD7, 0xD1, 0x30, 0xF1,
    0xD1, 0x2E, 0xB3, 0x1D, 0xEC, 0x4A, 0x58, 0x0F, 0xE5, 0x25, 0x97, 0xFC, 0x26, 0xE4, 0x37, 0x7B,
    0x3E, 0x7E, 0xF9, 0x22, 0xBF, 0x3F, 0xB0, 0x32, 0xDF, 0xB6, 0x6A, 0x64, 0x6E, 0xF1, 0xF5, 0x29,
    0xA8, 0xEA, 0xEA, 0xAE, 0x24, 0x70, 0xE3, 0x04, 0xBA, 0xDF, 0xC6, 0xBC, 0xC7, 0x98, 0xEF, 0x58,
    0x82, 0xE2, 0x44, 0xFC, 0x62, 0x1B, 0xA3, 0x3A, 0x12, 0xE4, 0x31, 0xF8, 0x0C, 0xB3, 0x08, 0x57,
    0xB6, 0x6C, 0x66, 0xA5, 0x27, 0xEF, 0xEF, 0xEF, 0x42, 0x2E, 0xB8, 0x73, 0x9D, 0xF7, 0xC0, 0xF5,
    0x2E, 0x38, 0x36, 0xF2, 0x32, 0xEE, 0x20, 0xC3, 0xCB, 0x32, 0xDA, 0xAA, 0xCD, 0xD8, 0x0C, 0x76,
    0x8D, 0xA3, 0x46, 0x98, 0x85, 0xC6, 0x76, 0x0C, 0x87, 0x43, 0xB5, 0x1F, 0xDD, 0x97, 0xCE, 0x6B,
    0x5F, 0xF1, 0x2E, 0x32, 0xFC, 0x48, 0x57, 0x0E, 0x4D, 0x04, 0xA9, 0x48, 0x43, 0x83, 0x37, 0x38,
    0xBB, 0x25, 0xDE, 0x60, 0x13, 0xBA, 0x2A, 0x6C, 0xF6, 0xFB, 0x9F, 0xA1, 0x04, 0x6F, 0x4D, 0x30,
    0x26, 0x31, 0xEB, 0xB0, 0xE1, 0x3A, 0x46, 0xAC, 0x83, 0x5F, 0x3C, 0x99, 0x81, 0x67, 0xFC, 0xDA,
    0x86, 0x4E, 0xC1, 0xEF, 0x4B, 0xCD, 0xDC, 0x29, 0x33, 0x07, 0x24, 0x84, 0xB4, 0xB7, 0x25, 0x32,
    0x1C, 0xBF, 0x85, 0xF1, 0x53, 0x79, 0x77, 0xD0, 0x12, 0xFC, 0x8E, 0x32, 0x44, 0xED, 0xE3, 0x3A,
    0x73, 0xFA, 0x7F, 0x67, 0xAC, 0x0F, 0xD2, 0x7F, 0x8E, 0xAC, 0xE2, 0x90, 0x6E, 0xF8, 0x93, 0x5F,
    0x6F, 0x9D, 0xEA, 0x98, 0x1C, 0x24, 0x2A, 0xFD, 0xD9, 0x57, 0x8C, 0xAB, 0xB1, 0x2E, 0x8E, 0xFB,
    0x59, 0x62, 0x2E, 0x9D, 0xBB, 0x1B, 0xC2, 0xCB, 0xE3, 0x2C, 0x44, 0x6E, 0x58, 0x90, 0x6B, 0x70,
    0x65, 0x55, 0x00, 0x3C, 0xDA, 0x87, 0x83, 0xA6, 0x88, 0xE6, 0xE1, 0x69, 0x17, 0x67, 0xD6, 0xEA,
    0x01, 0x83, 0xAE, 0xDF, 0x7C, 0x71, 0x58, 0x39, 0x22, 0x8C, 0x75, 0x78, 0x75, 0xE9, 0x4A, 0xB7,
    0xBB, 0x01, 0xDF, 0xAF, 0xBA, 0xE8, 0xA7, 0x2B, 0x7C, 0x6B, 0x7F, 0x7F, 0x8F, 0xD7, 0xA4, 0x51,
    0xF7, 0x53, 0x73, 0xD8, 0x2F, 0xD5, 0x6C, 0xCD, 0x91, 0xEA, 0xC8, 0x47, 0x3A, 0x8C, 0xA1, 0xE2,
    0x6D, 0x9B, 0x94, 0xF8, 0x5C, 0x32, 0x90, 0xE4, 0xFB, 0xEA, 0x99, 0x48, 0x37, 0x36, 0xE3, 0xC0,
    0xEF, 0x52, 0x94, 0x14, 0x09, 0x86, 0x12, 0x16, 0x0C, 0xC9, 0x79, 0xFD, 0x7C, 0xEE, 0x54, 0x7A,
    0xC3, 0x10, 0x01, 0x55, 0xED, 0xBF, 0xFA, 0x31, 0xF3, 0xE9, 0xE3, 0xEF, 0x41, 0x6D, 0x91, 0x91,
    0x2D, 0x0D, 0xC5, 0xB0, 0x09, 0x68, 0x2F, 0x73, 0xEA, 0x7F, 0xCB, 0x03, 0x09, 0xBF, 0x99, 0x97,
    0x0B, 0xD2, 0x0E, 0x32, 0xD4, 0xC9, 0x2A, 0x34, 0xBD, 0xB6, 0x97, 0x87, 0xB2, 0xDA, 0xF2, 0x33,
    0xD0, 0xD5, 0x10, 0x4A, 0x5C, 0x45, 0x49, 0xED, 0x48, 0xAF, 0x17, 0x83, 0xB5, 0x3D, 0xD0, 0x91,
    0x14, 0xAB, 0xB1, 0x33, 0x72, 0xF3, 0x56, 0xE4, 0x6F, 0xF9, 0x66, 0x39, 0x1C, 0x75, 0xAE, 0xCB,
    0x82, 0x5F, 0xA1, 0x4A, 0x06, 0xCA, 0x83, 0xD6, 0x4F, 0x11, 0x9B, 0xAC, 0xA2, 0xB3, 0x51, 0xE1,
    0x28, 0xB5, 0xA3, 0x6C, 0x14, 0x46, 0x3A, 0x36, 0x61, 0x25, 0x96, 0xBF, 0x56, 0x27, 0xFF, 0x27,
    0xD5, 0xDC, 0x03, 0x3E, 0xED, 0xE4, 0x23, 0x4E, 0x87, 0xF0, 0xA0, 0x27, 0xEF, 0xE8, 0xA3, 0x4C,
    0x54, 0xE1, 0x3E, 0x55, 0xA8, 0x50, 0x06, 0xE9, 0x8B, 0xA1, 0xD8, 0x12, 0xBF, 0xA4, 0x67, 0x7B,
    0x95, 0x56, 0xA1, 0x01, 0x8B, 0x1B, 0x72, 0x24, 0x39, 0x19, 0xC1, 0xB7, 0x44, 0x26, 0x92, 0xE2,
    0x4B, 0x5D, 0x58, 0x3E, 0xBA, 0x5D, 0x14, 0x83, 0xF8, 0x71, 0x1F, 0x9E, 0x59, 0xF9, 0x03, 0xF1,
    0x4A, 0xE4, 0x2C, 0xAF, 0x94, 0x93, 0xF3, 0xE4, 0x98, 0x37, 0x78, 0x17, 0x40, 0xC1, 0xAB, 0x6B,
    0x04, 0x5B, 0x75, 0x55, 0xC7, 0xF5, 0x49, 0x12, 0x03, 0x12, 0xE7, 0x20, 0xD1, 0x8C, 0x64, 0xBC,
    0x66, 0xC0, 0x05, 0xBC, 0xBA, 0x42, 0xB1, 0xEF, 0xD7, 0xB3, 0xAC, 0xF0, 0xEA, 0x77, 0x51, 0x9D,
    0x1F, 0xDD, 0x1D, 0x42, 0x04, 0xB0, 0x06, 0x0F, 0x5B, 0x23, 0xB7, 0xD7, 0xC8, 0xDD, 0x3C, 0x53,
    0x8B, 0xE6, 0x5F, 0x95, 0xCF, 0x92, 0xF4, 0x3C, 0xB1, 0x37, 0x38, 0x84, 0x9E, 0xA9, 0x52, 0x5F,
    0x0E, 0x20, 0xF4, 0x82, 0x37, 0x60, 0x6C, 0xC3, 0x7B, 0xB6, 0xE0, 0x3F, 0x58, 0xD3, 0xAD, 0xEB,
    0x6C, 0x26, 0x25, 0xC4, 0x3C, 0x78, 0x28, 0x54, 0x4C, 0x5F, 0x69, 0x48, 0x99, 0x9B, 0x0F, 0xA5,
    0x06, 0x0B, 0x63, 0xA5, 0xA9, 0xD2, 0xC4, 0x52, 0xF3, 0x07, 0xE9, 0x99, 0xF1, 0x27, 0xB3, 0x79,
    0xEC, 0x07, 0x06, 0xF5, 0x2B, 0x07, 0x29, 0xB3, 0x4F, 0x8D, 0xC9, 0x54, 0xDF, 0x5F, 0x7F, 0x57,
    0xE2, 0xC9, 0xF7, 0x74, 0xDC, 0x0A, 0xB5, 0xB7, 0x40, 0x32, 0x47, 0x22, 0xE7, 0xC9, 0x2E, 0x09,
    0x78, 0xFC, 0xDD, 0x57, 0x55, 0xE9, 0x45, 0xF3, 0xB3, 0x21, 0x66, 0x36, 0x98, 0xEA, 0x77, 0xA8,
    0x74, 0x8F, 0x4A, 0x0F, 0xB8, 0x6A, 0xAA, 0x00, 0x61, 0xB6, 0x24, 0x57, 0xE4, 0x82, 0x5C, 0x8F,
    0xCB, 0xF1, 0xB1, 0x33, 0x6D, 0x97, 0xB3, 0x72, 0x21, 0xAE, 0xA3, 0xDF, 0x6D, 0x33, 0x4F, 0x8C,
    0xD3, 0xC6, 0x60, 0xED, 0xD7, 0xE6, 0x8C, 0x2D, 0xAD, 0x31, 0xAD, 0x35, 0xD5, 0x9C, 0xAA, 0x90,
    0x6B, 0xEA, 0x6E, 0xF3, 0x5A, 0x2C, 0x1A, 0x93, 0x5A, 0xD3, 0x35, 0x34, 0x3D, 0x4F, 0x5F, 0xEE,
    0xEE, 0xE2, 0xFA, 0x5C, 0x6D, 0x68, 0xD9, 0x13, 0x35, 0xED, 0xB1, 0xDA, 0x16, 0xE9, 0xB1, 0x24,
    0xA5, 0x75, 0x8F, 0x69, 0x23, 0xDC, 0xB5, 0xF6, 0x9D, 0x19, 0x98, 0x52, 0xCA, 0x95, 0xAE, 0xB9,
    0xFB, 0x58, 0xAE, 0x4E, 0x32, 0xAE, 0xAE, 0xEE, 0xF9, 0xBC, 0xB4, 0xDE, 0x3F, 0x00, 0x7D, 0xD4,
    0xFD, 0xFA, 0x0B, 0x3D, 0xA5, 0xAB, 0xF8, 0x6A, 0xF4, 0x7E, 0x2D, 0xB1, 0xC5, 0x13, 0xCA, 0x49,
    0xFC, 0x48, 0x7D, 0xA0, 0x7C, 0xE1, 0x0F, 0x66, 0xEB, 0xD7, 0x3A, 0xCB, 0x95, 0x6E, 0x06, 0x51,
    0x8C, 0xAA, 0xF4, 0x33, 0xB7, 0xC1, 0x99, 0x06, 0xAE, 0xDD, 0xCA, 0x16, 0x10, 0x24, 0x85, 0x65,
    0xE0, 0x99, 0xF4, 0xCF, 0x2D, 0x1C, 0xB9, 0x64, 0x99, 0x47, 0xAC, 0x40, 0x8D, 0x30, 0x28, 0x63,
    0x44, 0xDD, 0xEC, 0x96, 0x1A, 0xFE, 0x1E, 0x29, 0xE1, 0x34, 0xD2, 0x00, 0x11, 0x42, 0x79, 0x4B,
    0xFD, 0xEF, 0x1E, 0xE9, 0xAF, 0x98, 0x4E, 0xBC, 0x4F, 0xA9, 0x01, 0xAF, 0x56, 0xBF, 0xFC, 0x88,
    0x69, 0xCB, 0xFB, 0x70, 0xAC, 0x63, 0xFA, 0x4A, 0xB1, 0x0F, 0x02, 0x0D, 0x2B, 0x52, 0xEE, 0x0B,
    0x30, 0xE7, 0x44, 0x23, 0x11, 0x79, 0x1A, 0x82, 0x87, 0x03, 0xCA, 0xEE, 0x4E, 0x3D, 0x0B, 0x9C,
    0x08, 0x15, 0xA9, 0x23, 0xE4, 0x82, 0xF8, 0xF8, 0x23, 0xC8, 0xD3, 0x91, 0x22, 0x67, 0x23, 0xE5,
    0xE5, 0xAE, 0x2A, 0x9E, 0x4E, 0x08, 0x27, 0xC5, 0xD2, 0xFD, 0xCC, 0x66, 0xE4, 0x3E, 0x38, 0x7F,
    0x0F, 0x3D, 0xCB, 0xC7, 0x47, 0x85, 0x66, 0x66, 0xE7, 0x7D, 0xF6, 0x03, 0x71, 0xD9, 0x7F, 0x08,
    0x6F, 0x78, 0x1D, 0x7D, 0x89, 0xCC, 0xCA, 0xBD, 0x54, 0x79, 0x5F, 0x16, 0x99, 0x86, 0xCB, 0x44,
    0xAE, 0x71, 0xDD, 0x32, 0x36, 0x2B, 0xDA, 0x47, 0x79, 0x4B, 0xFB, 0xB0, 0xE8, 0xB1, 0x2F, 0xFC,
    0xB2, 0xD4, 0xDE, 0xFB, 0xDF, 0x5C, 0x7B, 0xF7, 0xB1, 0xED, 0xA5, 0x36, 0x4D, 0xAF, 0xD2, 0x17,
    0xC8, 0xA2, 0xE8, 0x61, 0x33, 0x0D, 0xAD, 0xA4, 0x06, 0xC2, 0x49, 0x4F, 0x43, 0x50, 0xBE, 0x05,
    0x9C, 0xF3, 0xED, 0xAF, 0x21, 0x23, 0xCB, 0xDD, 0x87, 0xDE, 0x84, 0x90, 0xCB, 0xC3, 0x4D, 0xCF,
    0x78, 0xDF, 0xE1, 0x26, 0xC4, 0x7B, 0xA7, 0x22, 0x7D, 0x7B, 0x44, 0x9A, 0x4D, 0x94, 0xA6, 0x86,
    0x34, 0x2E, 0x48, 0x83, 0x8A, 0xD4, 0x1B, 0x91, 0xCA, 0x44, 0x69, 0xFA, 0x36, 0x69, 0xFC, 0x01,
    0x69, 0xF8, 0x7F, 0xA4, 0x98, 0x90, 0xC8, 0xD7, 0x52, 0x3C, 0x9D, 0x33, 0xA2, 0x2D, 0x88, 0xEB,
    0x8F, 0x2D, 0x64, 0x6C, 0x78, 0x61, 0xAA, 0x0B, 0xFE, 0xFB, 0xBE, 0xA2, 0x16, 0x04, 0x2E, 0xFC,
    0x0D, 0x91, 0x8A, 0x0D, 0x13, 0xA2, 0x96, 0xD1, 0x9C, 0x68, 0x1D, 0x8C, 0xB3, 0x58, 0x33, 0xB7,
    0xD6, 0xB0, 0x82, 0x34, 0x28, 0xD3, 0xA7, 0xA8, 0xBD, 0xAE, 0xB0, 0xA1, 0x88, 0x15, 0x72, 0x72,
    0x86, 0xC8, 0x30, 0x1F, 0xC4, 0x9A, 0x0F, 0xB6, 0x34, 0x1F, 0x54, 0x9C, 0x90, 0xCC, 0xB8, 0x35,
    0xFD, 0xA5, 0x71, 0xE4, 0x3B, 0xAC, 0x6B, 0xC8, 0x05, 0x7E, 0x05, 0x55, 0x8E, 0xD0, 0xEE, 0xA3,
    0xA5, 0xAC, 0x57, 0x68, 0x1D, 0xB4, 0x1D, 0x56, 0x36, 0x16, 0x36, 0xAF, 0x0C, 0x0A, 0xEF, 0x57,
    0x63, 0xB9, 0x28, 0xDB, 0x9D, 0xCF, 0x7A, 0xE7, 0xA4, 0x6C, 0xC4, 0xB4, 0x72, 0x36, 0x82, 0x36,
    0x92, 0x36, 0xA2, 0x36, 0xB2, 0x8A, 0x15, 0xD6, 0x56, 0xEC, 0x42, 0xAC, 0x58, 0x92, 0x5E, 0xD4,
    0x35, 0xF7, 0xAC, 0xCC, 0x62, 0x85, 0x16, 0x2B, 0xB5, 0x58, 0xB1, 0xA7, 0x72, 0x37, 0x82, 0x53,
    0x72, 0xE6, 0x40, 0xB7, 0x1E, 0xDB, 0x9D, 0x96, 0xED, 0xA4, 0x29, 0xF0, 0xD1, 0xA4, 0xAB, 0x70,
    0xA3, 0xB6, 0xDB, 0xED, 0x2B, 0xB3, 0x5A, 0x48, 0xDF, 0xA6, 0x72, 0x28, 0x1E, 0x93, 0x04, 0x95,
    0x24, 0xB6, 0xE2, 0x3F, 0x49, 0xF5, 0xBA, 0xAB, 0x23, 0x89, 0x52, 0x3C, 0x5D, 0xCA, 0xAB, 0xEE,
    0x6B, 0x54, 0x25, 0xE6, 0xF4, 0x7A, 0x19, 0xA8, 0xB2, 0xC8, 0xA0, 0x02, 0x09, 0x8B, 0x10, 0x14,
    0x22, 0xD8, 0x08, 0x2F, 0x6D, 0x84, 0x9F, 0xE2, 0x80, 0x7F, 0x10, 0xE7, 0x51, 0xDF, 0x04, 0x19,
    0x10, 0x2F, 0x9C, 0x36, 0x06, 0xB2, 0x43, 0x0D, 0x51, 0xA7, 0x50, 0xC9, 0xA9, 0xF6, 0x31, 0x99,
    0x67, 0x18, 0x62, 0x52, 0x9F, 0x71, 0xCA, 0x58, 0x84, 0x12, 0x31, 0x5F, 0x0F, 0x3C, 0xB0, 0xB5,
    0xA1, 0x74, 0xE2, 0xEE, 0x24, 0x6B, 0x4E, 0x54, 0xA6, 0x40, 0xB7, 0xB3, 0xBF, 0xBF, 0xFF, 0xCF,
    0xC9, 0x7E, 0x7F, 0x7F, 0xBC, 0x06, 0xDC, 0x76, 0xBD, 0x07, 0xB2, 0x48, 0xE2, 0x6F, 0x80, 0xB8,
    0x76, 0x6B, 0xF7, 0xD9, 0x89, 0x5A, 0xCE, 0xA2, 0x5C, 0x91, 0x2F, 0x76, 0x0D, 0x43, 0x11, 0x89,
    0xFB, 0xEE, 0x43, 0x80, 0x2F, 0xE4, 0x18, 0xEA, 0xCD, 0xFF, 0x63, 0xE9, 0x60, 0x4A, 0x03, 0x4D,
    0xE4, 0x01, 0x6B, 0x0D, 0xF7, 0xE2, 0xD0, 0xCA, 0x75, 0x5D, 0x79, 0x4D, 0x4B, 0x61, 0x45, 0x0E,
    0xB4, 0xFE, 0xF4, 0x1F, 0x4D, 0x95, 0x4B, 0x4E, 0xBA, 0x1B, 0x31, 0x38, 0xE9, 0x97, 0xDE, 0x90,
    0x7B, 0x00, 0x3E, 0x7B, 0x5D, 0xCF, 0x62, 0x56, 0xD4, 0x47, 0x5B, 0xEA, 0xA2, 0x3D, 0xA5, 0xA5,
    0x6E, 0xEA, 0x74, 0x3B, 0x07, 0x78, 0x0D, 0xDF, 0xD3, 0x4D, 0x60, 0xE9, 0xAB, 0xA1, 0x79, 0xD6,
    0xE4, 0x0C, 0xB8, 0xB1, 0x92, 0x11, 0xF7, 0x4E, 0x72, 0x4C, 0x38, 0x2F, 0x3B, 0x3D, 0x2D, 0xE6,
    0x8A, 0x55, 0xE3, 0x7C, 0x86, 0x64, 0x43, 0x4D, 0x06, 0x73, 0x32, 0xE3, 0x04, 0x99, 0x57, 0x79,
    0x21, 0x18, 0xED, 0xD3, 0x3F, 0xE0, 0x12, 0xA1, 0xC2, 0xD2, 0x8A, 0xD2, 0x68, 0x15, 0x9D, 0x57,
    0x80, 0x3A, 0x00, 0x6C, 0x00, 0x6F, 0x0B, 0x23, 0xEE, 0xE1, 0x3A, 0x72, 0xED, 0xD8, 0x72, 0xB9,
    0xBC, 0x4D, 0x3E, 0x63, 0xD3, 0x4A, 0xB8, 0xA7, 0x8B, 0x32, 0x80, 0xEF, 0x82, 0xBC, 0xEE, 0x45,
    0x86, 0xDC, 0xE6, 0x45, 0xF8, 0x16, 0x37, 0x71, 0x1F, 0xE6, 0xE1, 0x0F, 0xE9, 0xD6, 0xBF, 0xCD,
    0xFC, 0x0F, 0xC0, 0x84, 0x8B, 0xD4, 0xF5, 0x11, 0x79, 0xFF, 0x14, 0xB5, 0x49, 0x83, 0x42, 0x1C,
    0x0D, 0x8F, 0xB1, 0x6A, 0x41, 0xE1, 0x84, 0xF6, 0x6B, 0x76, 0x6B, 0xCE, 0xB5, 0x56, 0x67, 0x18,
    0xFD, 0xE5, 0xEE, 0x86, 0xD3, 0xDD, 0x98, 0xAB, 0x4B, 0x07, 0x9B, 0x4E, 0x6C, 0xD3, 0x6F, 0x29,
    0x48, 0x6F, 0x69, 0x64, 0xD2, 0xD1, 0x2B, 0x6A, 0xCA, 0x19, 0x52, 0x47, 0x72, 0xA2, 0xDA, 0x49,
    0x54, 0x2F, 0x91, 0x6A, 0x24, 0xD4, 0x00, 0x0C, 0xD4, 0x2F, 0x6E, 0x68, 0xF4, 0xB5, 0x74, 0xED,
    0x3D, 0xBA, 0xB7, 0x9B, 0x47, 0x7A, 0x46, 0xC3, 0x41, 0x8B, 0x9A, 0xE2, 0x57, 0x34, 0x7B, 0xDC,
    0x23, 0x6F, 0x34, 0x67, 0xDF, 0x24, 0xB5, 0xF1, 0x9B, 0xA8, 0xA5, 0x2D, 0x2F, 0x75, 0x0D, 0x6C,
    0x39, 0x37, 0x31, 0xEE, 0x48, 0xE3, 0x7E, 0xAC, 0xA7, 0x56, 0x89, 0x9E, 0x47, 0x00, 0x67, 0x6B,
    0x82, 0xE1, 0xFE, 0xD6, 0x2F, 0xE7, 0xD5, 0x66, 0x37, 0x29, 0xF7, 0x48, 0x2D, 0x34, 0x56, 0x4E,
    0x92, 0x7C, 0x06, 0xC3, 0x5E, 0x80, 0x66, 0x5A, 0xD2, 0x87, 0xA7, 0x21, 0x8B, 0x90, 0x2A, 0xE3,
    0x4F, 0xF6, 0x0F, 0x8A, 0x0E, 0x8D, 0xDE, 0xA6, 0x13, 0xF6, 0xC8, 0xCD, 0x1B, 0xCA, 0xBF, 0xA6,
    0x49, 0x2B, 0x3A, 0xCF, 0x27, 0x2C, 0xBA, 0xD3, 0x6C, 0x31, 0x9C, 0x2A, 0x43, 0xF7, 0x39, 0x7A,
    0xB3, 0xAF, 0x2C, 0x8A, 0xBC, 0xC2, 0x84, 0xD1, 0x62, 0xEE, 0x38, 0xC4, 0x4D, 0x87, 0x19, 0x25,
    0x28, 0x50, 0x95, 0xEB, 0xFC, 0x4B, 0x83, 0x8E, 0x69, 0xC9, 0x67, 0x7D, 0x77, 0xCC, 0x97, 0x06,
    0x46, 0x95, 0x76, 0xA8, 0x07, 0x52, 0x6D, 0x0D, 0x80, 0xEB, 0x1A, 0x48, 0xA1, 0x6E, 0xC2, 0x80,
    0x67, 0xA0, 0x47, 0x98, 0x93, 0xC7, 0x01, 0xE5, 0x8B, 0x0E, 0x95, 0x9D, 0xBD, 0xB9, 0x0A, 0x5A,
    0xF8, 0x8C, 0xEF, 0xB9, 0x6A, 0x67, 0xCF, 0xD1, 0x33, 0x4B, 0xA8, 0x62, 0xF1, 0x50, 0x56, 0x56,
    0xA4, 0xB7, 0x20, 0xB9, 0x67, 0xD1, 0x60, 0xB7, 0x9B, 0x02, 0xA7, 0xA0, 0xBF, 0xF3, 0x0A, 0x0A,
    0x4E, 0x0C, 0x9F, 0x07, 0x03, 0xAF, 0xA9, 0x4D, 0x90, 0xC9, 0x03, 0x3C, 0xB2, 0x0E, 0xBF, 0x59,
    0xC3, 0x5E, 0xF3, 0xA6, 0xEE, 0x37, 0xD1, 0xAE, 0x0E, 0x64, 0xAE, 0x1C, 0x20, 0x8A, 0x06, 0x70,
    0xF4, 0x01, 0x3C, 0x7D, 0x20, 0x27, 0x88, 0xB9, 0xE4, 0xFB, 0x13, 0x13, 0x95, 0x1D, 0x6B, 0x4F,
    0xE8, 0xE5, 0x2E, 0x0C, 0x72, 0xD0, 0x1C, 0xE4, 0x04, 0x17, 0xB5, 0xF7, 0x27, 0x12, 0x4C, 0xEA,
    0x3C, 0xC8, 0x43, 0x1E, 0xC2, 0x0D, 0xB0, 0xF2, 0x10, 0xD7, 0x47, 0x67, 0x1A, 0x7F, 0xE3, 0xBA,
    0x5B, 0x86, 0x39, 0xF6, 0xCC, 0x55, 0x24, 0x73, 0xFD, 0xC1, 0xEC, 0x18, 0x62, 0xE8, 0x3C, 0x18,
    0x07, 0xB2, 0x72, 0x5D, 0xE3, 0x6C, 0x4B, 0xA3, 0xCE, 0x7E, 0xB6, 0x6D, 0x8D, 0x2C, 0x2E, 0x07,
    0xF5, 0xD0, 0x99, 0xEE, 0x48, 0xC1, 0xD1, 0x5F, 0xE6, 0x96, 0xAB, 0xE0, 0xE2, 0x06, 0xA4, 0xED,
    0x94, 0x77, 0xF3, 0xC0, 0x04, 0xF9, 0x0D, 0xFC, 0x66, 0xEA, 0x6F, 0x8E, 0x51, 0xB4, 0x9D, 0xA0,
    0xED, 0xB0, 0x1C, 0xF0, 0x28, 0xA5, 0x08, 0xF3, 0xA0, 0xFE, 0x14, 0xB3, 0x7F, 0xE5, 0xDD, 0x29,
    0x3F, 0x48, 0x40, 0x6F, 0x0D, 0x17, 0xE5, 0x78, 0x45, 0xD6, 0xD7, 0xBB, 0xF7, 0xD3, 0x7A, 0x78,
    0xA4, 0x87, 0x2B, 0x17, 0xF3, 0xE3, 0xEC, 0xF1, 0x80, 0xE1, 0x4F, 0xEE, 0xD1, 0xC9, 0x4B, 0x9E,
    0x17, 0xB8, 0x53, 0xA8, 0x1E, 0x3C, 0xDE, 0xFD, 0xF2, 0xE3, 0xDD, 0x67, 0x20, 0x7A, 0xC5, 0x6A,
    0xD3, 0xFD, 0x7E, 0xFF, 0x77, 0xEF, 0x7A, 0x45, 0x52, 0x35, 0x87, 0x43, 0xF6, 0x58, 0x89, 0x2D,
    0x8B, 0x60, 0xF4, 0x75, 0x91, 0x47, 0x40, 0x93, 0x3F, 0xD1, 0xA3, 0x64, 0x7B, 0xC0, 0x86, 0xCD,
    0x0D, 0x36, 0x38, 0x95, 0x5B, 0xF8, 0x43, 0x5C, 0x1B, 0x61, 0xC4, 0x26, 0xDA, 0x21, 0x4B, 0x64,
    0x54, 0x00, 0xBC, 0xB2, 0xD4, 0x5D, 0x69, 0x4E, 0xF2, 0x79, 0xC0, 0xAA, 0x87, 0x26, 0x0A, 0x40,
    0xFE, 0x00, 0x79, 0x80, 0x62, 0xEA, 0xFD, 0x8C, 0xFB, 0xFD, 0x01, 0x62, 0xD5, 0x63, 0xED, 0xF0,
    0x0A, 0xE7, 0xB9, 0x88, 0x5F, 0xA2, 0x12, 0xA5, 0x93, 0xA8, 0x01, 0x9E, 0x8E, 0xE2, 0xB1, 0xB9,
    0x06, 0xF9, 0xF9, 0x79, 0xCD, 0xC3, 0xE6, 0xA7, 0xDE, 0x61, 0x5E, 0x33, 0xC5, 0x1A, 0xB7, 0x42,
    0x94, 0xEF, 0x35, 0x87, 0x1F, 0x47, 0xD1, 0x50, 0x37, 0xFE, 0xE7, 0xDF, 0x03, 0x7D, 0x57, 0x52,
    0x39, 0xA5, 0x97, 0xF3, 0xD4, 0x65, 0x53, 0x5E, 0x54, 0xBA, 0xE2, 0xC6, 0x77, 0x41, 0xFC, 0x87,
    0x20, 0x01, 0x02, 0xB5, 0x58, 0xE3, 0x35, 0xE6, 0xEA, 0x9F, 0xB2, 0x9C, 0x91, 0x71, 0xEF, 0x37,
    0xDC, 0xC1, 0xFC, 0x94, 0x60, 0xE6, 0x01, 0x11, 0x4A, 0x91, 0x92, 0xA0, 0x7C, 0xF9, 0x25, 0xD2,
    0x53, 0x3A, 0x71, 0xA6, 0x3B, 0xCA, 0x8D, 0xAB, 0x25, 0xF0, 0xF1, 0x73, 0xBC, 0xFD, 0x32, 0x9D,
    0xCC, 0x4E, 0x3B, 0x7F, 0x38, 0xE1, 0xC9, 0x58, 0xFD, 0x8B, 0xFE, 0x3B, 0xD0, 0x71, 0x58, 0x86,
    0x03, 0xEC, 0x03, 0x82, 0xDC, 0x2F, 0xE0, 0x0A, 0x3C, 0xC1, 0x76, 0x6D, 0xE7, 0x9C, 0xED, 0xCA,
    0x67, 0x74, 0x08, 0x2A, 0x6A, 0xBE, 0x1E, 0xA5, 0x93, 0xB8, 0x3E, 0x7B, 0x88, 0x84, 0xD5, 0xE0,
    0x5D, 0x58, 0x0B, 0x10, 0xB1, 0x42, 0x51, 0xE2, 0x94, 0xFA, 0xD0, 0xF3, 0x10, 0xCC, 0x5A, 0x61,
    0xCE, 0xA4, 0x3E, 0x73, 0x22, 0xD5, 0x1F, 0xC2, 0x8E, 0x89, 0x1E, 0x5D, 0x76, 0x90, 0x83, 0xD7,
    0xE1, 0xC0, 0x5B, 0x68, 0xC7, 0x28, 0x49, 0x6C, 0x27, 0x68, 0x3B, 0x84, 0x7C, 0xD0, 0x58, 0x94,
    0x05, 0x99, 0x5F, 0xDE, 0xC0, 0x33, 0xB3, 0x48, 0x9F, 0xFB, 0x51, 0x6D, 0xD2, 0xDF, 0xF4, 0x0B,
    0xAA, 0x12, 0xA2, 0x0E, 0xC1, 0xCD, 0x08, 0xED, 0x18, 0x6D, 0x1B, 0x6D, 0xAB, 0x69, 0x47, 0x68,
    0xBC, 0x5F, 0x20, 0x97, 0x18, 0xD6, 0x16, 0xDA, 0xEE, 0xC9, 0xC6, 0x6D, 0xD4, 0x5D, 0x80, 0x99,
    0xA5, 0xE9, 0xE1, 0x29, 0xAA, 0x9F, 0x03, 0x3B, 0x05, 0x26, 0x7C, 0x66, 0xD4, 0xC7, 0x1A, 0xF5,
    0x75, 0xEE, 0xD6, 0x5F, 0xF9, 0xFD, 0x59, 0x44, 0x0E, 0x50, 0x92, 0xEE, 0xDC, 0x51, 0x2D, 0x0E,
    0xEB, 0xFF, 0x18, 0x85, 0x1F, 0x1F, 0x07, 0x54, 0xCD, 0xC5, 0x1F, 0x24, 0xC7, 0x7A, 0xAA, 0x29,
    0xBF, 0xCE, 0x6E, 0x7B, 0xF9, 0x9A, 0x83, 0xF5, 0x89, 0x55, 0xB1, 0x41, 0x0C, 0x46, 0x7A, 0x1E,
    0x0A, 0x0F, 0xF5, 0xCB, 0x0D, 0xAF, 0x3C, 0xF4, 0x8A, 0xAD, 0x20, 0x4B, 0xEE, 0x8B, 0x63, 0xCF,
    0x42, 0xF3, 0xE9, 0xBF, 0x45, 0xC0, 0xFE, 0x75, 0xF1, 0xF9, 0x9F, 0x18, 0x7F, 0xFA, 0xE7, 0xD1,
    0x93, 0x1F, 0x3D, 0xDA, 0xF1, 0x1E, 0x17, 0xCE, 0xCC, 0xCE, 0x69, 0x11, 0xF3, 0x2C, 0x09, 0xC1,
    0xEA, 0xE7, 0xEE, 0xB3, 0x88, 0x8D, 0x67, 0x62, 0x75, 0x85, 0xF6, 0xCE, 0xE4, 0x5F, 0xE1, 0x9A,
    0xE9, 0x8F, 0x3E, 0xB6, 0x53, 0x25, 0x13, 0x1F, 0xA0, 0xA2, 0x42, 0xB6, 0x83, 0x3B, 0x1D, 0x12,
    0x7F, 0xE9, 0x41, 0x06, 0x74, 0xB1, 0x4D, 0x28, 0x93, 0x10, 0xF3, 0xC5, 0xAF, 0xB3, 0x80, 0xFF,
    0x2D, 0xC9, 0xCF, 0x29, 0xEB, 0x70, 0xBA, 0x01, 0x77, 0x15, 0xC9, 0x34, 0x49, 0x5A, 0xEA, 0x61,
    0x3A, 0x8A, 0xC6, 0x51, 0x1E, 0x96, 0x4C, 0xFA, 0xC8, 0x0C, 0x68, 0x5E, 0xE5, 0x71, 0xBB, 0x35,
    0xF0, 0x30, 0xFD, 0xE2, 0x08, 0xB5, 0x72, 0x34, 0x7F, 0xBC, 0x80, 0xC4, 0xBA, 0xDC, 0x01, 0xA6,
    0xEB, 0xB4, 0x12, 0x14, 0xD3, 0xA4, 0x17, 0x1D, 0x32, 0xC3, 0xF2, 0x10, 0x00, 0x36, 0x2A, 0x78,
    0x9E, 0xCD, 0x8D, 0x9B, 0xEE, 0x3A, 0x1B, 0x79, 0xC7, 0xE9, 0xD0, 0xAF, 0x02, 0xE3, 0x0E, 0x16,
    0x2C, 0xDC, 0xEC, 0xAC, 0xDA, 0xD8, 0x67, 0x7D, 0xE2, 0xA6, 0x7A, 0x91, 0x68, 0x01, 0xA1, 0x7B,
    0xB8, 0x03, 0xCD, 0x72, 0x13, 0x1A, 0x16, 0xFD, 0x41, 0x3A, 0xB2, 0x5C, 0xC5, 0x23, 0x1E, 0x3F,
    0x12, 0xC4, 0x82, 0x1F, 0x03, 0x6E, 0x00, 0x5C, 0x89, 0x30, 0x01, 0x8A, 0x8E, 0x39, 0x17, 0xD1,
    0x64, 0xCF, 0x42, 0x34, 0xAD, 0x77, 0xF6, 0x9F, 0xB2, 0xD3, 0xBF, 0x3A, 0x88, 0x9D, 0xDA, 0xF6,
    0x4F, 0x9A, 0xB8, 0xB4, 0xE8, 0x67, 0xBA, 0x99, 0x48, 0x60, 0xFF, 0x4D, 0x60, 0x99, 0x1E, 0xD4,
    0xB6, 0x41, 0x8D, 0x10, 0xE5, 0x70, 0x00, 0x31, 0x0E, 0x56, 0x57, 0xAC, 0xAE, 0xD3, 0xBA, 0x06,
    0x5C, 0xE1, 0xF2, 0x6D, 0xA9, 0xED, 0x4E, 0xC9, 0x2C, 0x02, 0xD5, 0x2E, 0x2B, 0x16, 0x69, 0xA3,
    0x06, 0xDE, 0xD2, 0x7F, 0x15, 0x42, 0xEC, 0xDB, 0xA0, 0x2F, 0x40, 0x37, 0xD4, 0x46, 0x60, 0x8D,
    0x15, 0xF4, 0x9E, 0x2A, 0x22, 0xC8, 0xC2, 0x2C, 0x34, 0xB1, 0xFE, 0x9F, 0xD2, 0xD6, 0xA7, 0x96,
    0xF1, 0x7C, 0xA8, 0x8C, 0xBE, 0xD1, 0x7B, 0xF6, 0xEB, 0x0D, 0x02, 0xD9, 0x15, 0x40, 0x16, 0x9F,
    0x13, 0x0A, 0xFF, 0xFE, 0x0B, 0xC1, 0xCC, 0x3A, 0x6A, 0xEF, 0x26, 0x16, 0xE2, 0x84, 0x3A, 0x1D,
    0x32, 0xEC, 0x8A, 0xFE, 0x7A, 0x13, 0xD7, 0xB7, 0x14, 0x55, 0x84, 0x3C, 0x14, 0x31, 0xFA, 0x14,
    0x9E, 0x5F, 0xD1, 0x63, 0x7B, 0xF9, 0x0B, 0xD6, 0xA2, 0xC2, 0x6F, 0x5F, 0xAD, 0xC7, 0x4B, 0x50,
    0xCB, 0xFF, 0x03, 0xED, 0x3D, 0x6D, 0x6C, 0x1C, 0xE9, 0x59, 0xCF, 0xCC, 0xD8, 0x3B, 0xB6, 0xC7,
    0xF6, 0x18, 0xE4, 0xB4, 0xEE, 0xC5, 0xF1, 0x6E, 0x2B, 0xD3, 0xBA, 0x77, 0x9B, 0x8C, 0x01, 0x43,
    0x5D, 0xBA, 0xF1, 0xCE, 0x15, 0x41, 0x25, 0xEE, 0xC7, 0xA5, 0xA2, 0x39, 0xD0, 0x1D, 0xA5, 0xA9,
    0xDA, 0x1F, 0xB4, 0x07, 0xC4, 0x48, 0x91, 0x70, 0x4B, 0x92, 0x9D, 0x16, 0x89, 0x22, 0x21, 0xC1,
    0xA2, 0x16, 0xF1, 0x59, 0xEA, 0xC2, 0x9D, 0xC4, 0xF9, 0x04, 0xB1, 0x90, 0x91, 0xA2, 0xDE, 0x25,
    0x3B, 0xD7, 0xFE, 0x40, 0xB4, 0x7F, 0xA6, 0x20, 0xA8, 0x54, 0xA0, 0x5D, 0x89, 0x94, 0xA3, 0x57,
    0xC4, 0x2D, 0x68, 0xDB, 0x3A, 0xB9, 0xDD, 0x1D, 0x9E, 0x8F, 0xF7, 0x9D, 0x8F, 0xB5, 0x93, 0x38,
    0x77, 0xFE, 0x4A, 0x2E, 0xE3, 0x9D, 0x99, 0xF5, 0xEC, 0xCC, 0xFB, 0x3E, 0xEF, 0xF3, 0x3E, 0xCF,
    0xF3, 0x3E, 0x5F, 0xEF, 0x3B, 0x00, 0xB2, 0x0D, 0x82, 0xDE, 0xAA, 0x81, 0xFE, 0xF6, 0x8A, 0xFE,
    0x66, 0x24, 0x97, 0xCC, 0xE4, 0x36, 0x6B, 0x9B, 0x6F, 0x66, 0x04, 0x47, 0xE4, 0x9B, 0xDD, 0x05,
    0x37, 0x8E, 0x5F, 0x5A, 0x7B, 0x36, 0x8E, 0x7B, 0x60, 0xC6, 0xBC, 0x5D, 0x1B, 0xC6, 0x1F, 0x4E,
    0xE3, 0x76, 0x0A, 0xFA, 0x36, 0x73, 0x3D, 0xF7, 0x6F, 0xA3, 0x0D, 0x10, 0xC0, 0x19, 0xF5, 0xDF,
    0xD1, 0xDE, 0x32, 0x58, 0x2D, 0xD8, 0x94, 0xFF, 0x0A, 0x71, 0x50, 0x2F, 0xB9, 0x1D, 0x2B, 0xF6,
    0x19, 0xB0, 0x46, 0xDB, 0x0C, 0x4A, 0xD3, 0x5E, 0xCF, 0xBB, 0xCE, 0xFF, 0xF5, 0xA0, 0x00, 0xA5,
    0x79, 0x67, 0xD3, 0x8E, 0x63, 0xAA, 0x3A, 0x80, 0x21, 0x28, 0x9D, 0x31, 0xEA, 0x70, 0x96, 0xEA,
    0xAF, 0x03, 0x94, 0x60, 0x36, 0xA2, 0xE7, 0x3E, 0xFA, 0x85, 0x67, 0xE8, 0x79, 0x1F, 0x8A, 0x61,
    0xAE, 0x66, 0x27, 0x0F, 0xD7, 0x08, 0x57, 0x02, 0x9E, 0xDC, 0xF4, 0x66, 0x39, 0xAD, 0xD6, 0xF9,
    0xB4, 0x41, 0x38, 0x19, 0xF4, 0xAB, 0x37, 0xD6, 0xD6, 0x1A, 0x5D, 0x70, 0x54, 0x05, 0x83, 0xA7,
    0xDF, 0x97, 0x79, 0x7E, 0x42, 0xB7, 0xAF, 0xAB, 0xBE, 0xB8, 0xB1, 0xFA, 0xB2, 0xE0, 0x9E, 0x20,
    0x2C, 0x14, 0xDA, 0xF5, 0x61, 0x27, 0xBE, 0x41, 0xB0, 0xBE, 0xD4, 0x61, 0x28, 0xAF, 0x3B, 0x71,
    0x13, 0xE0, 0x08, 0xE2, 0x28, 0xE9, 0x91, 0x01, 0xD8, 0xD1, 0xF6, 0xEE, 0xFE, 0x0B, 0x67, 0xCC,
    0x47, 0xFA, 0xAE, 0x58, 0x1D, 0xE7, 0x6B, 0x7D, 0x97, 0x9C, 0x18, 0x91, 0x96, 0xDF, 0x46, 0x8B,
    0x37, 0x3A, 0xFD, 0x97, 0x9C, 0x66, 0x7F, 0xE9, 0x63, 0x5B, 0x21, 0x70, 0xB7, 0xB9, 0x74, 0x0D,
    0x0F, 0x47, 0xB2, 0x1D, 0xFE, 0x18, 0xD7, 0xE7, 0xC6, 0xD9, 0xAD, 0x47, 0xF8, 0xB1, 0x72, 0x97,
    0x02, 0x29, 0xFF, 0xF4, 0x63, 0x6B, 0xB2, 0x3D, 0x73, 0x3A, 0x53, 0x46, 0xC9, 0xC0, 0xD6, 0x2E,
    0x58, 0xFE, 0x17, 0x61, 0xD6, 0xFE, 0x97, 0x6F, 0xC3, 0x9C, 0x15, 0x77, 0x60, 0xDA, 0xEC, 0x6E,
    0xC0, 0x28, 0xB4, 0x10, 0x58, 0x58, 0x27, 0xF0, 0xE6, 0xB1, 0xFF, 0x60, 0x01, 0x71, 0x0C, 0xB3,
    0x48, 0x8F, 0x74, 0xB0, 0x60, 0x52, 0x51, 0xAB, 0x45, 0x1D, 0x6B, 0x06, 0x9A, 0xB4, 0x8D, 0xD0,
    0xC0, 0x0B, 0xA1, 0x85, 0x8D, 0x8C, 0x90, 0x72, 0xA1, 0xEE, 0xFE, 0x7D, 0x00, 0xAB, 0xC5, 0xC0,
    0x87, 0x65, 0x0F, 0x7F, 0x9E, 0xAF, 0xD2, 0xE1, 0x0A, 0x75, 0x1B, 0x21, 0xE6, 0xAD, 0x48, 0x9E,
    0xF0, 0x10, 0x56, 0x04, 0x45, 0x22, 0x26, 0x97, 0xC8, 0xC2, 0x0D, 0x74, 0xFB, 0x0D, 0x82, 0x8F,
    0xF8, 0x64, 0x01, 0xC6, 0x01, 0x6B, 0x9D, 0x03, 0xFC, 0x20, 0x2C, 0xD3, 0x70, 0x95, 0x40, 0xAB,
    0x05, 0x78, 0x70, 0x7C, 0x84, 0x6F, 0x8C, 0xE0, 0x9B, 0x27, 0xF8, 0x16, 0x08, 0xBE, 0x5A, 0x1D,
    0x41, 0xAB, 0xB6, 0xF0, 0x50, 0x88, 0xF6, 0x1A, 0xBE, 0xDC, 0xC6, 0x0C, 0x31, 0x60, 0x70, 0x07,
    0x57, 0x0D, 0x7A, 0x0C, 0x81, 0xE4, 0xD3, 0x57, 0xC2, 0x75, 0x18, 0x06, 0xE3, 0xC5, 0x17, 0x9A,
    0x50, 0x21, 0x26, 0x0E, 0x0B, 0x6D, 0x30, 0xB0, 0x6B, 0x6A, 0x88, 0xDF, 0xB3, 0x5D, 0xB8, 0x4C,
    0x1C, 0x8A, 0x85, 0xAF, 0x02, 0xB1, 0x2B, 0x21, 0xDD, 0x44, 0x28, 0x37, 0x84, 0x8B, 0xAE, 0xF0,
    0x07, 0xAA, 0xDF, 0x3A, 0x4B, 0xD0, 0x78, 0x71, 0x4C, 0xD5, 0xD8, 0xB1, 0x30, 0xC2, 0xE3, 0x7E,
    0x0E, 0x82, 0x45, 0x39, 0x2D, 0xCB, 0x49, 0xC9, 0x82, 0x26, 0x53, 0xBE, 0x41, 0x8F, 0x79, 0xBE,
    0x49, 0x6D, 0xA8, 0x86, 0x16, 0x9D, 0x6A, 0xA1, 0x45, 0x8D, 0x29, 0xFA, 0x76, 0x8E, 0x67, 0xC7,
    0xE5, 0x74, 0x4C, 0x4E, 0x65, 0x39, 0x55, 0x6E, 0x53, 0x01, 0x48, 0x05, 0x08, 0xB9, 0xF0, 0x36,
    0x56, 0xE0, 0x23, 0x82, 0xAC, 0xC0, 0xD8, 0x74, 0x22, 0xB0, 0x7D, 0xAB, 0xEB, 0xB6, 0xB0, 0x02,
    0xAB, 0x53, 0x6C, 0x51, 0x05, 0x1B, 0x76, 0xB4, 0x7D, 0x05, 0x0B, 0x37, 0x63, 0xCA, 0x45, 0xFD,
    0x65, 0x59, 0x7F, 0x49, 0x44, 0x5D, 0x53, 0x31, 0xB7, 0x82, 0x40, 0x35, 0x32, 0x69, 0x66, 0xD2,
    0xD0, 0x4C, 0x53, 0x33, 0x02, 0x6A, 0x5C, 0x7F, 0x39, 0xA6, 0xBF, 0x94, 0xF5, 0x97, 0xCA, 0x8E,
    0x2B, 0x4F, 0x9A, 0x9F, 0x20, 0x40, 0xA3, 0x60, 0x40, 0x23, 0xC1, 0xF3, 0x15, 0x1A, 0xAA, 0xA1,
    0x42, 0x04, 0x52, 0xB0, 0xA0, 0xA2, 0x78, 0xCB, 0xCA, 0xB7, 0x41, 0x09, 0x89, 0x81, 0x0E, 0x49,
    0x21, 0xAC, 0xB7, 0x9D, 0x11, 0x8F, 0xB4, 0x4D, 0x51, 0x83, 0x71, 0x8F, 0x43, 0x24, 0x31, 0x64,
    0x80, 0xDF, 0x43, 0x4E, 0xF8, 0x1C, 0xEE, 0x31, 0xEE, 0x38, 0x00, 0x18, 0x9B, 0xD8, 0x06, 0x22,
    0xCE, 0xB3, 0x51, 0x8D, 0x28, 0x10, 0x09, 0xA9, 0x1A, 0xD7, 0xD3, 0xC7, 0x0B, 0x84, 0x1B, 0x5F,
    0x88, 0x1D, 0x3B, 0x09, 0x4C, 0x6A, 0x60, 0x4B, 0xB5, 0x78, 0x99, 0x59, 0x92, 0x37, 0xDF, 0x0A,
    0x1C, 0x64, 0xC5, 0x05, 0xBC, 0xB6, 0xCA, 0x7F, 0xCF, 0xB5, 0x6A, 0x9B, 0xD5, 0x4D, 0xAF, 0x5D,
    0xE0, 0xC2, 0x90, 0x91, 0x62, 0xAC, 0x0F, 0xEC, 0xDF, 0xA6, 0x36, 0x22, 0xEB, 0x22, 0x7F, 0xD6,
    0xB3, 0xE2, 0x8C, 0x3B, 0xE4, 0x5D, 0x8C, 0xAB, 0x33, 0x7C, 0x5C, 0xE5, 0x2B, 0x57, 0xEB, 0x30,
    0xF8, 0x37, 0x08, 0x51, 0x1C, 0xB7, 0x71, 0x84, 0x8A, 0xBF, 0x95, 0x11, 0xDB, 0x0D, 0xBE, 0xC1,
    0x8C, 0x19, 0xE3, 0x76, 0x94, 0xED, 0xBC, 0x29, 0x01, 0x6D, 0x0E, 0x88, 0xB1, 0xA1, 0xEA, 0xF3,
    0x38, 0x53, 0x14, 0x1E, 0xB1, 0xE5, 0x01, 0x68, 0x08, 0xAB, 0x6C, 0xEA, 0xF1, 0x35, 0x91, 0x5E,
    0x5C, 0xCA, 0x47, 0x7D, 0x12, 0x2C, 0x1E, 0xD6, 0x0A, 0x73, 0xC8, 0xA0, 0xF8, 0xE4, 0x7C, 0xF1,
    0x1A, 0x34, 0x44, 0x1A, 0x14, 0x7D, 0xF8, 0x50, 0x93, 0xD1, 0x72, 0xD6, 0xE7, 0x87, 0xCE, 0xCB,
    0xB3, 0x2D, 0x1E, 0xB3, 0x2D, 0x3A, 0xD9, 0x30, 0x7E, 0x8E, 0x65, 0x79, 0xA5, 0xC2, 0xF0, 0xCC,
    0x2F, 0x91, 0x24, 0x01, 0xBF, 0x18, 0x30, 0x65, 0xB8, 0xD7, 0xE1, 0x03, 0x3E, 0x4B, 0x66, 0x86,
    0x29, 0x8E, 0x59, 0x2C, 0x38, 0x3D, 0xAE, 0xFF, 0xC3, 0xD8, 0x91, 0x13, 0xC7, 0x46, 0xDF, 0xF9,
    0xC1, 0x15, 0x2F, 0x6E, 0x1E, 0x7B, 0x1F, 0x0E, 0xB5, 0xF4, 0x99, 0x54, 0x74, 0x85, 0xD5, 0x37,
    0x61, 0x61, 0x02, 0x47, 0xF1, 0x89, 0xE5, 0x81, 0x77, 0x5E, 0x6C, 0x79, 0x71, 0x74, 0xEC, 0x33,
    0xB9, 0x7B, 0x1E, 0x38, 0xE5, 0x43, 0x2D, 0xFE, 0x22, 0x98, 0xD7, 0x2C, 0x14, 0xF6, 0x46, 0x88,
    0xA8, 0x0E, 0x90, 0x42, 0x82, 0x00, 0xC5, 0x48, 0x80, 0xB2, 0xCA, 0x2F, 0x6C, 0x66, 0x46, 0xAE,
    0x40, 0xA4, 0x0B, 0x6F, 0x1F, 0x9E, 0xC0, 0xAA, 0xE7, 0xB0, 0xEE, 0x69, 0xAC, 0x7C, 0x14, 0x6B,
    0x1F, 0xC2, 0xEA, 0x47, 0xB1, 0xE0, 0x85, 0x21, 0xF8, 0xE9, 0xE6, 0x24, 0x3C, 0x90, 0x11, 0x2F,
    0xC6, 0x28, 0x42, 0x32, 0x7A, 0xE4, 0x89, 0x57, 0x3A, 0x4F, 0x3E, 0x03, 0x4F, 0x25, 0x97, 0xF1,
    0x66, 0x44, 0x5C, 0xBA, 0x8F, 0xAA, 0x11, 0x2D, 0xD9, 0x91, 0xFD, 0xC7, 0x50, 0x1A, 0x8F, 0x7F,
    0x95, 0xF8, 0x7F, 0x1D, 0xA6, 0xCE, 0x46, 0x28, 0xC3, 0x70, 0xD8, 0xAA, 0x93, 0xD6, 0x20, 0x9D,
    0x81, 0x32, 0xDE, 0xB2, 0x64, 0x37, 0xB3, 0x3B, 0x5E, 0x1F, 0xC6, 0x7D, 0x0E, 0x71, 0xF0, 0x13,
    0x6B, 0x97, 0xF0, 0xB9, 0x1B, 0xBE, 0x62, 0x88, 0x8D, 0x0C, 0xCD, 0x1B, 0xDC, 0x17, 0xD8, 0x2E,
    0xE2, 0xBC, 0x90, 0x24, 0x28, 0x8A, 0x7A, 0xBC, 0x32, 0x03, 0x0F, 0x6C, 0x02, 0x89, 0xFB, 0x01,
    0xE3, 0x72, 0xB1, 0xFE, 0x61, 0xC5, 0x93, 0x23, 0xE1, 0x78, 0x60, 0x87, 0x05, 0x7F, 0x8A, 0x99,
    0x08, 0xC1, 0x7F, 0x5E, 0xFD, 0x76, 0x1B, 0x82, 0xB6, 0x22, 0xAB, 0xA5, 0xA8, 0x06, 0x8A, 0x84,
    0x4F, 0xD4, 0x55, 0xA8, 0x3F, 0xB1, 0x17, 0xAF, 0xE3, 0xD0, 0x51, 0x0C, 0x1D, 0x22, 0x7A, 0x14,
    0x2F, 0xE7, 0x89, 0x85, 0x36, 0x08, 0x2F, 0xEB, 0x74, 0x58, 0x51, 0xDC, 0xA0, 0x94, 0x1F, 0xA7,
    0x9D, 0x68, 0x31, 0x35, 0x2E, 0x2A, 0xD4, 0xC4, 0xCC, 0x8C, 0xC6, 0x24, 0x05, 0xE7, 0x08, 0xEA,
    0x8A, 0x8B, 0x17, 0xA6, 0x51, 0x5C, 0x82, 0x4B, 0x07, 0x9B, 0x48, 0xC6, 0x62, 0xE1, 0x1F, 0x13,
    0x23, 0x4C, 0x52, 0xBB, 0x9D, 0x90, 0x46, 0x26, 0x64, 0x55, 0x63, 0x05, 0xC9, 0x1D, 0xAA, 0x5D,
    0xA8, 0xAD, 0xC0, 0x70, 0x82, 0x98, 0xB8, 0x69, 0x87, 0x65, 0xD7, 0x1F, 0xF6, 0xA0, 0x50, 0x85,
    0xE7, 0xAA, 0x9F, 0xE8, 0x55, 0x5F, 0xE8, 0x79, 0xCD, 0x0E, 0x49, 0xE2, 0x4D, 0x30, 0x51, 0x78,
    0x3C, 0xCF, 0xF2, 0x06, 0xBB, 0x69, 0x98, 0x3B, 0x32, 0xD1, 0x8F, 0x3C, 0x62, 0x22, 0x3A, 0x66,
    0x35, 0x26, 0x57, 0x46, 0x34, 0x6E, 0x00, 0xF1, 0x09, 0x38, 0x11, 0xF5, 0xC1, 0x0C, 0x8F, 0x5D,
    0x8B, 0xAC, 0xD1, 0x2E, 0xF3, 0x71, 0x95, 0x0B, 0x63, 0xFD, 0x01, 0xBA, 0xCC, 0x9C, 0x8D, 0xD8,
    0x9F, 0xA3, 0xB1, 0xAB, 0x49, 0xCC, 0xF1, 0x06, 0x3E, 0x9A, 0x51, 0x95, 0x9B, 0xEF, 0x45, 0x08,
    0x27, 0xB8, 0xBD, 0x3F, 0x69, 0x6C, 0xB2, 0xEE, 0x47, 0xFF, 0xC6, 0xA4, 0x83, 0x3E, 0xF0, 0x4C,
    0x86, 0xF8, 0x5C, 0x3F, 0x15, 0x17, 0x25, 0x11, 0x1A, 0x81, 0x88, 0x78, 0x66, 0x00, 0x56, 0x23,
    0xC1, 0xDA, 0x84, 0x91, 0xCB, 0x30, 0x3D, 0x81, 0xE8, 0xAE, 0x57, 0xE3, 0xA8, 0x18, 0x07, 0x78,
    0xC5, 0x0E, 0x52, 0x05, 0x6B, 0xC0, 0x5B, 0x7B, 0xB6, 0x83, 0x52, 0x0F, 0x25, 0xDF, 0x53, 0x2C,
    0x27, 0xF3, 0x5B, 0x40, 0xFA, 0x01, 0xCB, 0xED, 0x74, 0x8F, 0x44, 0x56, 0x50, 0xE7, 0x18, 0x6A,
    0xE7, 0x3E, 0xCA, 0xEE, 0xEB, 0x99, 0x7D, 0x59, 0xED, 0xF3, 0x99, 0x5D, 0x28, 0xD5, 0xF0, 0xDD,
    0xC8, 0x0B, 0x97, 0xFD, 0x0D, 0xA4, 0x9C, 0x6A, 0x67, 0xC9, 0x3F, 0xA3, 0xCC, 0x00, 0xCB, 0xB7,
    0x7D, 0x27, 0x70, 0x02, 0x1B, 0xC9, 0xD2, 0x52, 0x7F, 0x66, 0x64, 0x46, 0x46, 0x84, 0x95, 0xE9,
    0xBF, 0x08, 0xFF, 0x42, 0xE0, 0x26, 0x4F, 0xA6, 0xB2, 0x7F, 0x64, 0x52, 0x30, 0xE3, 0xA2, 0xAC,
    0xB7, 0x91, 0x2A, 0xEC, 0x6B, 0x90, 0xF6, 0x7E, 0x56, 0xA0, 0x13, 0x95, 0x55, 0x11, 0xF4, 0x1A,
    0x82, 0xFB, 0xB7, 0xB8, 0x53, 0xF7, 0x11, 0x3D, 0x35, 0x70, 0x7F, 0x13, 0x81, 0x78, 0x46, 0xD4,
    0x17, 0x6A, 0x32, 0x15, 0x88, 0xC2, 0xCB, 0xC0, 0xF2, 0x3F, 0xD0, 0xC2, 0x3E, 0x0B, 0xB5, 0x98,
    0x19, 0x62, 0x06, 0xAF, 0xE8, 0xCF, 0x49, 0x80, 0xE3, 0x00, 0x27, 0x98, 0x00, 0x66, 0x58, 0x25,
    0x4A, 0x3E, 0x8E, 0xFE, 0xD8, 0xFC, 0xB1, 0xF4, 0x47, 0x69, 0x4C, 0x38, 0x10, 0x36, 0x59, 0xA8,
    0x05, 0x44, 0x36, 0xD5, 0x18, 0xBC, 0x2E, 0x78, 0x75, 0xD2, 0x2B, 0x05, 0x55, 0x26, 0x8B, 0x2B,
    0xBB, 0xCD, 0xFA, 0x32, 0x0F, 0x37, 0x33, 0xC2, 0x76, 0x31, 0x73, 0x10, 0x1B, 0x2C, 0x4E, 0xA4,
    0x85, 0xCF, 0xC1, 0x90, 0xE5, 0x10, 0xE2, 0xA2, 0xC2, 0x7F, 0x27, 0x11, 0x0D, 0x27, 0xB0, 0xBA,
    0x19, 0x6C, 0xB9, 0xFC, 0x39, 0xFC, 0x67, 0xE3, 0x9F, 0xC5, 0x7F, 0x5B, 0x14, 0xC5, 0xB2, 0x5C,
    0x39, 0x59, 0xE0, 0xD3, 0xD2, 0x28, 0x9F, 0x66, 0xA6, 0x85, 0xD2, 0x45, 0x01, 0x18, 0x61, 0x91,
    0x01, 0x17, 0x59, 0x68, 0x1C, 0xED, 0x14, 0xBB, 0x3E, 0x3C, 0x11, 0xB7, 0x1D, 0xD1, 0xE8, 0x0D,
    0x36, 0x02, 0xF1, 0xBA, 0x1A, 0x20, 0x07, 0x77, 0x60, 0xD4, 0xB8, 0x4A, 0x03, 0x52, 0x3A, 0x52,
    0xD0, 0x67, 0x70, 0xAA, 0x71, 0xD0, 0x6D, 0x04, 0xC5, 0xD8, 0xF7, 0x7E, 0x17, 0xEC, 0xBE, 0xC7,
    0x5B, 0x60, 0x74, 0x51, 0xFC, 0x20, 0x2E, 0x02, 0xB7, 0x16, 0x4E, 0x3B, 0x61, 0xD9, 0x0C, 0x2B,
    0x56, 0x58, 0x8D, 0x03, 0x2F, 0xF6, 0x8B, 0x5D, 0x28, 0x5C, 0x83, 0xFC, 0x18, 0x83, 0xBD, 0xFD,
    0x1D, 0xEE, 0x19, 0x4B, 0x0D, 0xD8, 0xFF, 0x27, 0x7A, 0x51, 0x7D, 0xCF, 0xB1, 0xA0, 0x06, 0x86,
    0x2B, 0xC2, 0x75, 0xCA, 0x26, 0x53, 0x76, 0xD8, 0x1B, 0x05, 0xB2, 0x57, 0x14, 0x64, 0x8C, 0x0C,
    0xEB, 0x7B, 0xCA, 0x1C, 0xDD, 0x63, 0xC8, 0x1E, 0x90, 0xA6, 0xA3, 0x81, 0xDA, 0x20, 0xD5, 0x8C,
    0x6E, 0x04, 0xF3, 0x9F, 0xCF, 0xC6, 0x0C, 0x21, 0x9B, 0xDD, 0x84, 0xE3, 0x8C, 0x72, 0x33, 0x93,
    0x53, 0x3E, 0x95, 0x96, 0x1D, 0x66, 0x15, 0x17, 0xEC, 0xBF, 0x36, 0xB3, 0x38, 0x09, 0x73, 0x34,
    0x82, 0xCC, 0xB6, 0x68, 0x33, 0x67, 0x52, 0x1B, 0xD2, 0xCD, 0x75, 0xBF, 0xB2, 0x3E, 0x2D, 0xA5,
    0x05, 0xC5, 0x72, 0x35, 0xEE, 0xF1, 0x58, 0x58, 0x15, 0x98, 0x6C, 0x56, 0xBE, 0x18, 0xFA, 0xC4,
    0x5B, 0xB1, 0x47, 0xC0, 0x6B, 0xF9, 0xC4, 0xC0, 0x67, 0x15, 0xBA, 0xDD, 0x05, 0x3E, 0xD1, 0xF9,
    0x73, 0x3C, 0xA0, 0x3C, 0x16, 0xD6, 0xCD, 0x79, 0xE6, 0x6E, 0x6F, 0xF4, 0x3A, 0x0B, 0x3A, 0x94,
    0x97, 0x48, 0xA5, 0xA4, 0xA5, 0xB6, 0x58, 0x77, 0x22, 0x3B, 0x7A, 0xE2, 0x0D, 0x9B, 0xB5, 0xB8,
    0x5D, 0x8B, 0x9B, 0xD5, 0xEB, 0x29, 0x87, 0xE3, 0x90, 0x62, 0xB5, 0x21, 0x71, 0x17, 0xBD, 0x9A,
    0x42, 0xA4, 0x9D, 0x96, 0xB2, 0x1D, 0x50, 0xCC, 0x83, 0xA9, 0x47, 0xC9, 0xEC, 0xA8, 0xD8, 0x92,
    0x51, 0xD5, 0x09, 0x59, 0xCF, 0x40, 0x1E, 0xFD, 0xC8, 0x59, 0x12, 0xB3, 0x78, 0xE9, 0x23, 0xDA,
    0x8A, 0x6A, 0xCA, 0x08, 0xE0, 0xB4, 0xC4, 0x34, 0xBE, 0xE9, 0xB6, 0x4B, 0xF5, 0xA5, 0x9B, 0x32,
    0xF1, 0xCE, 0x28, 0x0B, 0x6F, 0x95, 0x45, 0xC5, 0x28, 0xF4, 0xF8, 0x3C, 0xA3, 0xAC, 0x09, 0x44,
    0x7C, 0x64, 0xB2, 0x39, 0x7E, 0x36, 0x20, 0xEE, 0x76, 0xBB, 0x6A, 0x30, 0x3A, 0x25, 0x67, 0x47,
    0x0D, 0xD4, 0x74, 0x9E, 0x55, 0x1D, 0xBD, 0xA8, 0x34, 0xE2, 0x8A, 0xDA, 0x51, 0x82, 0x18, 0xD4,
    0xAB, 0x1E, 0x0E, 0x86, 0x2D, 0xE5, 0xC9, 0x61, 0x6D, 0x30, 0x16, 0x02, 0x43, 0x82, 0x93, 0xBE,
    0x2F, 0x3C, 0x73, 0x53, 0x71, 0xAE, 0x3D, 0x6A, 0x64, 0xA2, 0x08, 0xDE, 0xCE, 0xC9, 0xF9, 0x84,
    0x72, 0x94, 0xD5, 0x94, 0xE0, 0xBB, 0xAA, 0xAE, 0x8F, 0xDE, 0x76, 0xA0, 0xB8, 0x3B, 0xDA, 0xCF,
    0x4C, 0x97, 0x98, 0x35, 0x35, 0xED, 0x79, 0x33, 0x63, 0xED, 0x17, 0x74, 0xBF, 0xD5, 0x50, 0xA6,
    0xF2, 0x12, 0x14, 0x15, 0x81, 0xB7, 0x70, 0xA0, 0x26, 0xA8, 0xBB, 0xA8, 0x6B, 0x75, 0x18, 0x15,
    0xC4, 0x3F, 0x2D, 0x56, 0x05, 0x1B, 0xCC, 0x49, 0x64, 0x6B, 0xD7, 0x58, 0x76, 0x13, 0xD9, 0x54,
    0xD8, 0xDF, 0x26, 0x96, 0xA5, 0x36, 0xFA, 0x67, 0x41, 0xAB, 0xE9, 0xF3, 0x89, 0x3D, 0x29, 0xA8,
    0xEA, 0x0A, 0x01, 0x8A, 0xA5, 0xDA, 0x50, 0x2E, 0x88, 0x58, 0x03, 0x54, 0x8C, 0x63, 0x05, 0xAE,
    0x9D, 0x72, 0xE9, 0x47, 0xEB, 0xB7, 0xED, 0x8E, 0xCB, 0x89, 0x36, 0xDF, 0x4D, 0xBE, 0xA5, 0x4E,
    0xC5, 0x79, 0xD8, 0xE1, 0x76, 0x4F, 0xE3, 0x4A, 0x4A, 0x67, 0x4B, 0x0B, 0x2E, 0x64, 0x9C, 0x27,
    0x8B, 0x99, 0x63, 0x25, 0xE3, 0x5D, 0x91, 0xE3, 0xF4, 0x96, 0xE3, 0xA8, 0x3A, 0x16, 0x02, 0xA2,
    0x54, 0x52, 0x29, 0x47, 0xC9, 0x21, 0x0A, 0xA3, 0x45, 0x3E, 0x5E, 0x27, 0x2D, 0xC2, 0x8D, 0xA8,
    0x4B, 0x66, 0x98, 0x64, 0x57, 0x8E, 0xC6, 0xD1, 0x83, 0x8F, 0x23, 0xD8, 0x7E, 0x91, 0x07, 0x7C,
    0x5B, 0x54, 0xC4, 0xDA, 0xD3, 0x77, 0x0C, 0x5B, 0x85, 0xA1, 0x8A, 0xF9, 0xD8, 0x65, 0x78, 0xA6,
    0xF6, 0x12, 0x36, 0x51, 0x48, 0xAA, 0x3C, 0x68, 0xF1, 0xC8, 0x21, 0xC6, 0xA7, 0xCD, 0x42, 0x64,
    0x98, 0xBB, 0x70, 0x8C, 0x3D, 0x4B, 0x6E, 0x9D, 0xAC, 0x50, 0xE4, 0x4C, 0x5F, 0x6B, 0xD7, 0x2A,
    0xAA, 0x71, 0x92, 0x4B, 0x68, 0xA7, 0x0E, 0x2F, 0x19, 0xDF, 0x46, 0x72, 0xB0, 0x6A, 0x77, 0x94,
    0xA6, 0x84, 0x52, 0x06, 0x23, 0xF3, 0x19, 0xDF, 0x56, 0x39, 0x33, 0x78, 0x8A, 0x60, 0x73, 0x36,
    0x45, 0x41, 0xBB, 0x71, 0xFA, 0xC9, 0x4D, 0x45, 0x6E, 0x8E, 0x10, 0x45, 0xC6, 0x2C, 0x94, 0xDA,
    0x99, 0x19, 0x58, 0xF1, 0xD9, 0x32, 0x74, 0xDD, 0x33, 0x2D, 0xED, 0x77, 0x43, 0x2E, 0x11, 0x0F,
    0x1F, 0x65, 0x6E, 0x46, 0x6A, 0x29, 0x30, 0x47, 0x5F, 0x5D, 0x14, 0x9F, 0x04, 0x83, 0x53, 0x94,
    0x16, 0x90, 0x10, 0xD5, 0x62, 0xA3, 0x98, 0x78, 0xF9, 0x1A, 0x6D, 0x3D, 0x76, 0xF6, 0x74, 0x0D,
    0x6E, 0x33, 0x63, 0xFA, 0xF7, 0xD7, 0xA6, 0x50, 0x90, 0x0F, 0x69, 0xB1, 0xC8, 0x86, 0xB4, 0x07,
    0x20, 0x71, 0x69, 0x4C, 0x26, 0x8D, 0x9B, 0x57, 0x6E, 0x50, 0x71, 0x58, 0x8A, 0x83, 0x3C, 0x48,
    0x1C, 0x98, 0x51, 0xE2, 0x36, 0x6D, 0x25, 0xEA, 0xD8, 0x95, 0x44, 0xC7, 0xA9, 0x5D, 0x83, 0x37,
    0x88, 0x3C, 0x60, 0x25, 0xA7, 0x0D, 0x6A, 0x84, 0x10, 0xE9, 0x65, 0x34, 0xE2, 0xEB, 0xFE, 0x6D,
    0x85, 0xDE, 0xD1, 0xC4, 0x06, 0x4E, 0x22, 0x33, 0x8D, 0x14, 0x1D, 0xAF, 0x6F, 0x0C, 0x19, 0x33,
    0x69, 0xE0, 0x2A, 0xEC, 0x0F, 0xAA, 0x81, 0xFB, 0x0F, 0xC9, 0x7D, 0x2B, 0x69, 0x34, 0x31, 0xF9,
    0x96, 0x06, 0xBA, 0xCA, 0x37, 0x29, 0x5E, 0x54, 0x5A, 0x19, 0x4C, 0xDE, 0xC1, 0xE5, 0x7F, 0x88,
    0x5B, 0x23, 0xF1, 0x90, 0xE0, 0xCC, 0x21, 0xF0, 0x29, 0x31, 0xE8, 0xC5, 0x9A, 0x20, 0x90, 0x8F,
    0x65, 0x82, 0x67, 0x64, 0xDF, 0xE1, 0x31, 0x32, 0x26, 0x84, 0x90, 0x99, 0x13, 0xA6, 0xA8, 0x77,
    0x19, 0xED, 0x55, 0x46, 0x79, 0xF5, 0x97, 0x09, 0xC2, 0xC2, 0x01, 0x60, 0xAC, 0x1A, 0x87, 0x5E,
    0x1C, 0x16, 0xF3, 0xF6, 0x85, 0xEB, 0xE7, 0x95, 0x50, 0xE5, 0x55, 0xD8, 0xE2, 0x3C, 0xD8, 0xBA,
    0xAD, 0xEA, 0x30, 0xAA, 0x22, 0xC1, 0x5E, 0x9E, 0x00, 0xA7, 0xAB, 0xAA, 0xC0, 0xD8, 0x9F, 0x94,
    0x73, 0xC0, 0x9C, 0x52, 0xFC, 0x5F, 0xA1, 0x9C, 0xC2, 0xBB, 0x03, 0x61, 0x55, 0xC7, 0x8F, 0x14,
    0x69, 0x32, 0xDE, 0x8E, 0x76, 0xD9, 0xD0, 0x2F, 0xA0, 0x9E, 0x52, 0xAB, 0x43, 0xA1, 0x81, 0xE0,
    0x6A, 0xDE, 0xD0, 0x9C, 0x81, 0x7C, 0x71, 0x63, 0x3B, 0xBE, 0x60, 0x36, 0xFB, 0x7E, 0x9B, 0xB0,
    0x4A, 0x8E, 0xD6, 0xEF, 0x46, 0xDB, 0x0E, 0x27, 0xD8, 0xB6, 0x50, 0xB3, 0x76, 0xB5, 0x2D, 0xFA,
    0x75, 0x08, 0x7F, 0xD7, 0x31, 0x7D, 0x88, 0xBB, 0x26, 0xD9, 0x65, 0x88, 0xF3, 0xC6, 0xFF, 0x20,
    0xCA, 0x4F, 0xBC, 0x87, 0xC6, 0x03, 0x93, 0x94, 0xA1, 0x11, 0xC2, 0xF4, 0x71, 0x12, 0x11, 0xCF,
    0xA3, 0xF5, 0x61, 0xB7, 0x8B, 0xD7, 0x8C, 0x46, 0x93, 0xE0, 0x09, 0x24, 0x1E, 0xD0, 0x20, 0x43,
    0x64, 0xF0, 0x7D, 0xF9, 0x10, 0x8E, 0x88, 0x14, 0x2F, 0xE1, 0xA2, 0xF1, 0xE4, 0xE0, 0x92, 0xF9,
    0xE8, 0x50, 0xC8, 0x08, 0x47, 0xB1, 0x45, 0x3A, 0xAC, 0x92, 0xC7, 0x25, 0xF6, 0x51, 0x8E, 0xC4,
    0x01, 0x8E, 0x51, 0x14, 0x00, 0x3B, 0xF2, 0x04, 0xB6, 0xC8, 0xEB, 0x28, 0x23, 0x34, 0x3D, 0xAC,
    0x27, 0x07, 0xD6, 0xF3, 0x57, 0x3F, 0x03, 0xC6, 0x93, 0x11, 0xA1, 0x28, 0x64, 0x53, 0xF2, 0x6C,
    0x1C, 0x7F, 0x3B, 0xDF, 0xDE, 0x52, 0x22, 0xE8, 0x2E, 0x24, 0x50, 0x55, 0x92, 0x6B, 0x95, 0xE4,
    0x50, 0x4E, 0x0E, 0xC7, 0x92, 0x83, 0x82, 0x79, 0x80, 0x0E, 0xA3, 0x04, 0xF8, 0x2C, 0x59, 0x04,
    0xF3, 0x74, 0x38, 0x43, 0x87, 0x55, 0x22, 0x15, 0x32, 0xF4, 0x88, 0x4C, 0xC7, 0xA9, 0xEB, 0xAE,
    0x40, 0xE3, 0x5B, 0x67, 0x3B, 0xD4, 0x69, 0x2D, 0xD2, 0x02, 0x7D, 0xEC, 0x8D, 0xAC, 0x63, 0xE9,
    0x04, 0x22, 0x2B, 0xC2, 0x71, 0xDC, 0x8C, 0xBB, 0xD6, 0xA7, 0x62, 0xBB, 0x11, 0xDB, 0x71, 0xCF,
    0x8D, 0xBB, 0xC5, 0x80, 0x6A, 0x5E, 0xD0, 0x86, 0x69, 0x99, 0x75, 0xA6, 0x31, 0xAE, 0x5F, 0xFC,
    0x90, 0x12, 0x1F, 0x90, 0x10, 0x81, 0x21, 0x51, 0x82, 0x88, 0x3F, 0x41, 0x8E, 0x96, 0x3D, 0xB1,
    0x0F, 0x95, 0x75, 0xEE, 0x8B, 0xED, 0x4E, 0x86, 0x23, 0xD9, 0xBD, 0x1C, 0xD0, 0x6D, 0x63, 0x5B,
    0x56, 0x90, 0x24, 0x2B, 0xD8, 0x88, 0x32, 0xB6, 0x61, 0x1A, 0xC9, 0x70, 0x14, 0x6F, 0x18, 0xC5,
    0x1F, 0x17, 0x37, 0x51, 0x91, 0x68, 0xFC, 0xC1, 0xD9, 0x16, 0x42, 0x8F, 0x9C, 0x12, 0xA3, 0xCA,
    0x75, 0xED, 0xCE, 0xFC, 0x67, 0xBB, 0xE6, 0xAA, 0x3D, 0x04, 0xD2, 0xF5, 0xA0, 0x6B, 0xEF, 0xE3,
    0x6C, 0xF8, 0xFE, 0x26, 0x28, 0xDE, 0x06, 0xF3, 0x7A, 0x33, 0x17, 0xCB, 0x95, 0x31, 0x3A, 0x20,
    0x1B, 0x1A, 0xCB, 0xFC, 0x6A, 0x78, 0xCC, 0x09, 0x26, 0x2E, 0x92, 0x4A, 0x89, 0x43, 0xF4, 0x54,
    0x9A, 0x3B, 0x72, 0xD1, 0xF8, 0x46, 0x01, 0x86, 0x16, 0x26, 0x36, 0xE7, 0xFF, 0xED, 0xE4, 0xE6,
    0xF4, 0x05, 0xF8, 0x88, 0x11, 0xCC, 0x28, 0x11, 0x71, 0xBB, 0x87, 0x89, 0x00, 0x3D, 0xB2, 0x76,
    0x51, 0xB0, 0x5F, 0xC8, 0x7A, 0x1A, 0x91, 0x9D, 0xFE, 0x06, 0xE0, 0xCB, 0xDC, 0x6E, 0x6C, 0xDF,
    0x4F, 0x10, 0x97, 0x22, 0x99, 0x1E, 0xCB, 0x04, 0x98, 0x6F, 0xF2, 0xAC, 0x3F, 0x39, 0x1F, 0xCE,
    0xFE, 0x5A, 0xB8, 0x10, 0xFB, 0xE4, 0x40, 0xFF, 0x79, 0x1D, 0xA9, 0x71, 0xA2, 0xF1, 0xF6, 0xEC,
    0xDC, 0xDC, 0xB4, 0xB7, 0xA9, 0x1C, 0x47, 0x03, 0xC5, 0xB5, 0x67, 0x3B, 0x48, 0x91, 0xCD, 0x6A,
    0xFC, 0x54, 0x62, 0xFD, 0x1B, 0xBE, 0x13, 0x79, 0xE1, 0x7C, 0xB0, 0x01, 0x8D, 0x9E, 0xC4, 0x22,
    0xB6, 0x5E, 0x21, 0xD6, 0x3F, 0x07, 0xCF, 0x63, 0x9D, 0x27, 0xD8, 0xA7, 0x6D, 0x27, 0x9E, 0x6C,
    0x9B, 0x3D, 0xFF, 0x0C, 0xE8, 0x83, 0x00, 0x17, 0x99, 0x6F, 0x7E, 0x2C, 0x24, 0xCE, 0x39, 0xA1,
    0x50, 0x35, 0x07, 0x95, 0x89, 0xEA, 0x6A, 0x35, 0x2C, 0xFA, 0x6E, 0x8C, 0x95, 0x63, 0xE7, 0x97,
    0xCA, 0xA5, 0xF3, 0x43, 0xAD, 0x91, 0xA6, 0x15, 0x89, 0x3F, 0x6C, 0x1C, 0xA5, 0xDA, 0x3B, 0xC2,
    0xB7, 0x34, 0xEB, 0xAD, 0xA0, 0x44, 0x11, 0xCE, 0xDA, 0x66, 0xDC, 0x89, 0xBB, 0x71, 0xA7, 0xD6,
    0xF1, 0x9A, 0x9A, 0xD5, 0xB1, 0x40, 0x2A, 0x36, 0xA0, 0x7C, 0x8F, 0x5F, 0x15, 0xBD, 0xBB, 0xC9,
    0x55, 0xEB, 0xF1, 0x65, 0xDE, 0xF2, 0x97, 0x05, 0x35, 0x2F, 0xC0, 0x05, 0x14, 0x27, 0x46, 0xE2,
    0xB1, 0x22, 0x3F, 0xD6, 0x78, 0x4B, 0x6C, 0x27, 0xEF, 0x61, 0x52, 0xED, 0xFC, 0xC2, 0x23, 0x3D,
    0x3A, 0x41, 0xE9, 0x94, 0xB6, 0x0C, 0xDC, 0xB0, 0xD8, 0xF6, 0xDA, 0xD5, 0x56, 0xB1, 0x69, 0xA8,
    0x68, 0x02, 0x41, 0x55, 0xF5, 0xAB, 0x81, 0x17, 0xBA, 0x91, 0xD3, 0xB4, 0x5B, 0x56, 0xCB, 0x6C,
    0xA1, 0x71, 0x40, 0x7F, 0x1B, 0x68, 0xC3, 0xAD, 0x20, 0x42, 0xCE, 0xA1, 0xFC, 0x9A, 0xD7, 0x62,
    0xDA, 0x08, 0xCB, 0x28, 0x52, 0xAA, 0x88, 0x89, 0x6A, 0x54, 0xC4, 0x8E, 0x88, 0x51, 0x72, 0x75,
    0xB1, 0x96, 0x4D, 0x8E, 0x6F, 0xDA, 0x2D, 0x25, 0x39, 0xDA, 0xCA, 0x80, 0x20, 0x5B, 0xFE, 0x7C,
    0xC6, 0x03, 0x52, 0x51, 0x22, 0xB3, 0xAC, 0xAC, 0xBC, 0xA1, 0xAC, 0xD8, 0x9D, 0x1A, 0xAD, 0xC0,
    0xDC, 0xE8, 0x45, 0x58, 0x1C, 0x6D, 0xF8, 0x57, 0xCA, 0x68, 0x19, 0x6C, 0xA2, 0xB1, 0xDD, 0xF6,
    0x50, 0x32, 0xBA, 0xBD, 0x42, 0x40, 0xF1, 0x0F, 0x0A, 0x76, 0x27, 0x92, 0xA9, 0xA5, 0xEA, 0xD8,
    0x50, 0xD6, 0xE6, 0x62, 0xDF, 0x3E, 0x9B, 0x96, 0x5D, 0x21, 0x48, 0x10, 0x28, 0x7C, 0xDE, 0x61,
    0x21, 0x89, 0xFD, 0x57, 0xED, 0xD2, 0x20, 0x6B, 0xE3, 0xF8, 0x7B, 0x95, 0x7E, 0x35, 0x29, 0x67,
    0x83, 0x7E, 0x42, 0x11, 0x53, 0x6C, 0xE3, 0x4F, 0xAB, 0xA8, 0x2F, 0x53, 0x0A, 0x81, 0xD7, 0xCC,
    0xE8, 0x80, 0x26, 0x72, 0x9F, 0x83, 0x17, 0x5D, 0x6C, 0xF0, 0xF1, 0xA3, 0x1D, 0x58, 0x44, 0x19,
    0x77, 0x0E, 0x69, 0x7A, 0x03, 0x3B, 0x69, 0x13, 0x5B, 0xDA, 0xFB, 0xB9, 0x0E, 0x90, 0x2D, 0xD3,
    0xC0, 0x7B, 0xAA, 0x74, 0x6F, 0x2F, 0xB5, 0x89, 0x09, 0xC6, 0xC6, 0x5A, 0x8B, 0x43, 0xE1, 0x35,
    0x2E, 0x03, 0x5B, 0x30, 0x41, 0x54, 0x7F, 0x4E, 0xED, 0x2B, 0x0A, 0x5B, 0x34, 0xE4, 0x2C, 0xA9,
    0x20, 0x2A, 0x69, 0x18, 0x24, 0x21, 0x5D, 0xE5, 0xCD, 0x23, 0x29, 0xC8, 0x56, 0x59, 0x90, 0x19,
    0xAF, 0x06, 0xB0, 0xBD, 0xD3, 0x14, 0xA4, 0x42, 0xD2, 0x3C, 0x8F, 0xFA, 0x5D, 0x07, 0x9F, 0x6A,
    0xBB, 0xA1, 0xD9, 0x72, 0x22, 0x8A, 0xE2, 0xDA, 0x81, 0xD9, 0xC2, 0x66, 0x6D, 0xE2, 0x38, 0xFA,
    0x3C, 0x12, 0xD3, 0x49, 0xBC, 0xD3, 0xC3, 0x27, 0x8A, 0xEB, 0x22, 0xB2, 0x9C, 0x28, 0x0D, 0xFF,
    0x99, 0xD9, 0x60, 0xB9, 0xF2, 0xDE, 0x12, 0x19, 0x92, 0xF9, 0x48, 0xD5, 0x53, 0x92, 0x04, 0x79,
    0x93, 0x4F, 0x90, 0xF8, 0xC7, 0xFD, 0x1C, 0x0A, 0x99, 0xD6, 0xF3, 0x60, 0x34, 0x97, 0xC0, 0x8A,
    0x3C, 0x2C, 0xA2, 0x18, 0xB8, 0x01, 0x92, 0x19, 0xD8, 0x4D, 0x24, 0x92, 0xD6, 0x05, 0xB4, 0x04,
    0xB0, 0x45, 0x1D, 0x6C, 0xDD, 0xE5, 0x65, 0xE9, 0x96, 0xC9, 0x9C, 0xAB, 0xC7, 0xEA, 0x21, 0x3E,
    0x11, 0x15, 0x41, 0xC5, 0x0B, 0xCF, 0x39, 0xE1, 0xBA, 0x1D, 0x76, 0xED, 0x88, 0xE3, 0x95, 0x11,
    0x0A, 0x43, 0x63, 0xAD, 0xC9, 0x7D, 0xDD, 0x66, 0x4F, 0x0A, 0x8F, 0x96, 0x84, 0x9C, 0x0A, 0x13,
    0xCF, 0x50, 0xBF, 0x9D, 0xB8, 0x9C, 0x8C, 0xF4, 0x4D, 0xC9, 0x8D, 0xE1, 0xBC, 0x18, 0xCE, 0x89,
    0xE1, 0x7C, 0x18, 0x95, 0x0B, 0xE3, 0x24, 0x03, 0xF5, 0xB1, 0x64, 0x04, 0xAF, 0x6C, 0x5B, 0x88,
    0x92, 0xA4, 0x8C, 0x6E, 0xCA, 0x6D, 0xE1, 0xBC, 0x16, 0xCE, 0x69, 0xE1, 0x7C, 0x16, 0xCE, 0x65,
    0xE9, 0x2F, 0x24, 0x97, 0xBB, 0x32, 0xCB, 0xE0, 0x62, 0x87, 0xD4, 0x7C, 0x1E, 0x91, 0x41, 0x91,
    0xDF, 0x71, 0x0A, 0x44, 0x63, 0xC3, 0x1C, 0x82, 0x51, 0xDF, 0x7C, 0x91, 0xF8, 0xDA, 0x8A, 0x88,
    0x00, 0x67, 0x40, 0x0D, 0xEF, 0xF3, 0x0C, 0x10, 0x3E, 0x8D, 0x92, 0xA1, 0x98, 0x38, 0xD1, 0x75,
    0x5E, 0xA5, 0xA9, 0x3A, 0xCD, 0x6E, 0xC2, 0x91, 0x0F, 0x7C, 0xF7, 0x7D, 0xE4, 0x44, 0xB2, 0x68,
    0x7C, 0xA0, 0x34, 0xB9, 0x6A, 0x47, 0x4C, 0xE5, 0xAB, 0xA8, 0x4C, 0xB7, 0x8B, 0xC8, 0xB7, 0xE6,
    0xD6, 0xC1, 0x62, 0x4F, 0xA3, 0x72, 0x7B, 0xAB, 0x36, 0xDE, 0x54, 0x52, 0x47, 0x30, 0xD3, 0x34,
    0x4A, 0x11, 0x52, 0x94, 0xD7, 0xD3, 0x36, 0x66, 0xC2, 0x27, 0xCB, 0x2C, 0x35, 0xE4, 0xD3, 0x66,
    0xC9, 0x71, 0x99, 0xB9, 0x6E, 0x25, 0x13, 0xE5, 0xAD, 0x30, 0xEE, 0xCB, 0x5A, 0xA9, 0x9A, 0xE6,
    0x41, 0x5A, 0x3E, 0x32, 0xE2, 0x18, 0xA4, 0xC4, 0x91, 0xFA, 0xD6, 0x14, 0xCF, 0xDF, 0xD2, 0xC3,
    0x6C, 0x4E, 0x15, 0x1E, 0x45, 0x81, 0x82, 0xC6, 0xF3, 0xA9, 0x53, 0xFD, 0xCA, 0xE4, 0x72, 0x5F,
    0xF4, 0x5C, 0x0B, 0xAD, 0xCB, 0x8A, 0xE5, 0x57, 0xFA, 0x04, 0x64, 0x56, 0x48, 0x96, 0xFB, 0x12,
    0x4D, 0xF4, 0x9E, 0x49, 0x53, 0x30, 0x95, 0xFD, 0xE1, 0x66, 0x77, 0x5F, 0x72, 0x9A, 0x28, 0xFE,
    0x63, 0xAB, 0xDD, 0xEA, 0x8B, 0xF4, 0x9B, 0x99, 0xDD, 0x50, 0x3B, 0x64, 0x77, 0x4D, 0x30, 0x1B,
    0x12, 0xA0, 0x76, 0x36, 0xC4, 0x9B, 0x5D, 0xF4, 0x7D, 0x8A, 0xBF, 0x9B, 0xEF, 0xE9, 0xB1, 0xCC,
    0x2F, 0x4D, 0x26, 0xB7, 0xDD, 0x36, 0x1D, 0x81, 0x98, 0x16, 0x05, 0xED, 0x34, 0x05, 0x39, 0x2A,
    0x30, 0x43, 0x87, 0x05, 0x1F, 0x0F, 0x57, 0x8C, 0xE0, 0x24, 0xF6, 0x6E, 0x70, 0x9C, 0xAC, 0xBE,
    0x13, 0x14, 0x01, 0xA2, 0xD8, 0x32, 0x1E, 0x66, 0x55, 0x70, 0xA8, 0xEF, 0xE0, 0xE4, 0x0F, 0x76,
    0x72, 0xB0, 0xF2, 0x87, 0xBE, 0x38, 0xF4, 0x89, 0xAC, 0x55, 0x6F, 0xBC, 0x2C, 0x02, 0xEE, 0x61,
    0x45, 0x37, 0x53, 0xE2, 0x19, 0x50, 0xCE, 0x29, 0xF1, 0x64, 0x5C, 0x4D, 0xDD, 0x6E, 0x05, 0xC9,
    0xA9, 0x54, 0x21, 0xB4, 0xAA, 0x0C, 0x0A, 0x35, 0xB9, 0xED, 0x6F, 0xE5, 0xA4, 0xFC, 0x2B, 0xEA,
    0xD9, 0x86, 0x9C, 0xDE, 0xA4, 0x86, 0xCE, 0x33, 0x99, 0x8C, 0x49, 0x50, 0x59, 0x7A, 0xCA, 0x9A,
    0x5C, 0xCA, 0xFA, 0xB8, 0x3F, 0xD0, 0x12, 0xF3, 0x4F, 0xEE, 0x98, 0xCC, 0x43, 0x5E, 0xF3, 0xB3,
    0x89, 0x5D, 0x9F, 0x12, 0xF5, 0x03, 0x05, 0x4B, 0x83, 0x1B, 0xCC, 0x2D, 0x2A, 0x48, 0x8B, 0xC6,
    0xA4, 0x45, 0xA3, 0xD2, 0xA2, 0xD2, 0xE1, 0x6B, 0x51, 0x36, 0x7A, 0xA8, 0x9C, 0x44, 0x69, 0xA7,
    0x60, 0x79, 0x9F, 0xD0, 0x62, 0x24, 0x9A, 0xD2, 0x8E, 0xF1, 0x8E, 0xF6, 0xE2, 0x6B, 0x5F, 0x55,
    0xCD, 0xCF, 0xFA, 0x45, 0xD3, 0x64, 0x73, 0x57, 0xFB, 0xA1, 0x6A, 0xED, 0xBE, 0x47, 0x44, 0x21,
    0x4F, 0x6B, 0x0E, 0x95, 0x47, 0xCB, 0xD4, 0xCA, 0xB1, 0xA9, 0xF5, 0xCD, 0x21, 0xE5, 0x82, 0x52,
    0x2A, 0x3A, 0x68, 0x2D, 0x5D, 0xDC, 0xFD, 0x1E, 0x07, 0x6A, 0x44, 0x57, 0x57, 0x5F, 0x38, 0x55,
    0xAA, 0xAA, 0x11, 0x2A, 0x4A, 0x3B, 0xC1, 0xC2, 0x7A, 0x3B, 0x93, 0x96, 0x24, 0xB2, 0x6A, 0xED,
    0xFD, 0x56, 0x0A, 0xFC, 0x56, 0x65, 0x5E, 0xEB, 0xF3, 0x89, 0x4A, 0x9F, 0x6A, 0xF5, 0x5B, 0x14,
    0xFB, 0x2D, 0xC6, 0x6C, 0x72, 0x9A, 0xDF, 0xEE, 0xF4, 0x66, 0xC1, 0xCD, 0x5B, 0x45, 0xE0, 0xCF,
    0x72, 0xF8, 0x65, 0xA4, 0x21, 0x4E, 0xE3, 0xEB, 0x7B, 0x9E, 0xB4, 0x70, 0x3E, 0xE7, 0x5F, 0x53,
    0x5D, 0xBC, 0x94, 0xEB, 0xDF, 0x5A, 0x7F, 0x20, 0x6F, 0xEF, 0xB3, 0x49, 0x0E, 0x3E, 0x5F, 0xA5,
    0x18, 0x64, 0xC3, 0xEC, 0x8A, 0xA2, 0xDD, 0x28, 0x4B, 0xE6, 0x7D, 0x61, 0xE1, 0x83, 0x49, 0x41,
    0x91, 0x0C, 0x35, 0x95, 0xA2, 0xA6, 0x72, 0xD4, 0x54, 0x92, 0x9A, 0x64, 0xA9, 0x25, 0xDB, 0x4F,
    0x8A, 0x8B, 0x2F, 0xCE, 0x65, 0xA2, 0xFC, 0x9F, 0x3C, 0xF0, 0x8B, 0x90, 0x4D, 0x50, 0x50, 0x1E,
    0x65, 0xE7, 0x9E, 0xEB, 0xF0, 0x89, 0x76, 0x36, 0x44, 0xAD, 0x42, 0x7E, 0x57, 0x44, 0x90, 0xBE,
    0x41, 0xDA, 0x6E, 0x4B, 0x4F, 0x3B, 0xAD, 0x7C, 0x6A, 0x35, 0xA4, 0x31, 0x1C, 0xEB, 0x9B, 0xCD,
    0x8C, 0x13, 0xDB, 0x7D, 0x51, 0x92, 0x84, 0xBF, 0x74, 0xA0, 0x19, 0x48, 0xFB, 0x87, 0x48, 0x91,
    0xCE, 0x1F, 0x53, 0x18, 0xEC, 0xC8, 0x38, 0x23, 0xAE, 0x83, 0x45, 0xD1, 0xBD, 0x4F, 0x8A, 0x2C,
    0x69, 0xC8, 0x2D, 0x57, 0x57, 0x32, 0x21, 0xC5, 0x34, 0x7F, 0x36, 0xC3, 0x62, 0x35, 0x39, 0xFD,
    0x63, 0x2E, 0xBB, 0x5D, 0x0D, 0x36, 0x2A, 0x2C, 0x72, 0xD5, 0xEF, 0xC3, 0xE3, 0xBD, 0x99, 0x3F,
    0x33, 0x90, 0xCB, 0xAC, 0x50, 0x5C, 0x58, 0xDD, 0x56, 0x3A, 0xDD, 0xDB, 0x99, 0x44, 0xBB, 0x0C,
    0x3C, 0xF1, 0xAD, 0x25, 0x7C, 0x5B, 0x10, 0xBE, 0x1D, 0x01, 0x87, 0xF8, 0x76, 0x5C, 0x6E, 0x3A,
    0xD4, 0xC0, 0xB7, 0x19, 0xF3, 0x1C, 0xD0, 0x2B, 0x48, 0xD4, 0x79, 0x84, 0xD3, 0xA8, 0x09, 0xF3,
    0x3D, 0x81, 0xBA, 0x23, 0xA7, 0xB9, 0x5D, 0xA4, 0x41, 0x6F, 0x3B, 0x1A, 0x1C, 0x94, 0x52, 0x97,
    0x72, 0xE2, 0xB3, 0x2B, 0xCC, 0x3F, 0x77, 0x9F, 0x14, 0x6F, 0x05, 0x3C, 0x07, 0x3F, 0x2D, 0xDF,
    0xA1, 0x92, 0x2D, 0xCA, 0x9C, 0x27, 0xE0, 0x8B, 0xFF, 0xC0, 0xC0, 0x1B, 0xE7, 0x04, 0xF8, 0x86,
    0x40, 0xDD, 0x95, 0xD3, 0xCA, 0x61, 0x00, 0x7E, 0x8C, 0x81, 0x77, 0x48, 0x44, 0x5B, 0x3E, 0xF9,
    0x32, 0x11, 0x78, 0xEF, 0xCF, 0x19, 0x78, 0xDB, 0x61, 0xE0, 0xED, 0x6F, 0x86, 0x9C, 0xC6, 0x4B,
    0x5C, 0xE5, 0x82, 0xFB, 0x15, 0x06, 0x9E, 0x7D, 0x1D, 0xAF, 0x3D, 0x9D, 0xD0, 0x94, 0x8F, 0x4F,
    0x73, 0x2A, 0x68, 0x82, 0xC2, 0xA3, 0x21, 0x3C, 0x1D, 0x19, 0xBF, 0x15, 0x3E, 0x19, 0xFB, 0xDE,
    0x53, 0x5B, 0xC8, 0xEC, 0x8E, 0xD2, 0x06, 0x77, 0x72, 0x33, 0x76, 0xD2, 0x27, 0x01, 0xBE, 0x48,
    0xF3, 0x8A, 0xE0, 0x97, 0x5E, 0x4D, 0x66, 0x22, 0x39, 0x9F, 0x1A, 0x6C, 0xF3, 0x4D, 0xEF, 0x7D,
    0x8B, 0xB6, 0xAB, 0x0E, 0x8E, 0x81, 0x5B, 0xF3, 0xBD, 0x18, 0xAA, 0xEF, 0xCF, 0xFA, 0xAE, 0xF6,
    0x06, 0x5D, 0xD7, 0x73, 0xCA, 0xB0, 0xF9, 0x9D, 0x96, 0x1D, 0x47, 0xA4, 0x01, 0x85, 0x6A, 0xC8,
    0xB7, 0x9A, 0xA4, 0x46, 0x13, 0xA1, 0x7D, 0x16, 0xDC, 0x06, 0x52, 0x13, 0x78, 0x9F, 0xDD, 0x12,
    0xB8, 0xBD, 0x93, 0x8A, 0x06, 0x8E, 0x53, 0x39, 0xD8, 0xBA, 0xE2, 0x1F, 0x31, 0x0F, 0xF5, 0xD8,
    0xE2, 0x3D, 0xF7, 0x6A, 0x0B, 0x9C, 0x83, 0x99, 0x06, 0xF9, 0x3F, 0x6A, 0x65, 0x18, 0xDB, 0x2D,
    0xBC, 0xB1, 0x73, 0xC8, 0xD4, 0x7E, 0x5C, 0xB5, 0x9B, 0x38, 0xC0, 0x9B, 0x7F, 0x11, 0x82, 0xF9,
    0x48, 0x00, 0xCF, 0x22, 0x2B, 0xD6, 0xEA, 0x7B, 0x9B, 0x69, 0x3A, 0x84, 0x9C, 0x3A, 0x8C, 0x12,
    0xC5, 0x3A, 0x8E, 0xB7, 0x3E, 0xAF, 0xCC, 0xF5, 0xF9, 0x7D, 0xC8, 0x70, 0x7D, 0x8D, 0xE5, 0x90,
    0x9B, 0xE5, 0x93, 0xB8, 0xBF, 0xE0, 0x33, 0x0B, 0xC2, 0xDB, 0x77, 0x0B, 0x3E, 0x9A, 0x63, 0x43,
    0x0A, 0x3E, 0x89, 0x26, 0x23, 0xDC, 0xFD, 0x76, 0xFB, 0x48, 0x83, 0x67, 0x10, 0xC9, 0x3F, 0x8C,
    0x65, 0xCC, 0x84, 0xE2, 0x05, 0xB4, 0xFC, 0x1D, 0xD7, 0x73, 0x19, 0xE6, 0x51, 0x2A, 0xB7, 0xCC,
    0x4D, 0xAC, 0x67, 0xFE, 0x4E, 0xE0, 0xA7, 0xE8, 0xF3, 0xA5, 0x90, 0x63, 0x4E, 0xDE, 0x97, 0x6F,
    0xA2, 0x1D, 0xEE, 0x46, 0x1B, 0x7D, 0x89, 0x02, 0x51, 0xB6, 0x34, 0xE7, 0x54, 0xE2, 0x80, 0x60,
    0x37, 0x02, 0x1C, 0x03, 0x7C, 0x28, 0x7E, 0x23, 0x1F, 0xBF, 0xD8, 0xD5, 0x7A, 0x51, 0xAC, 0xB9,
    0xE4, 0x8B, 0x47, 0x62, 0xA8, 0xFE, 0x0A, 0x0E, 0x3E, 0xFB, 0xD5, 0xDE, 0x6C, 0x71, 0x11, 0xE4,
    0x5C, 0x5C, 0xCA, 0x23, 0xB0, 0xBD, 0x4B, 0xE0, 0x20, 0xB3, 0x9C, 0xDB, 0x92, 0xE5, 0x8C, 0x7A,
    0x23, 0x67, 0x39, 0xA3, 0xE2, 0x28, 0x59, 0xCE, 0x67, 0x6E, 0x97, 0xE5, 0xBC, 0xBF, 0x70, 0x1A,
    0xAE, 0xC0, 0x69, 0xC7, 0x21, 0xC3, 0x89, 0x34, 0xC4, 0x70, 0xBA, 0x5F, 0x16, 0x38, 0x29, 0x23,
    0x89, 0xE1, 0x6C, 0xF4, 0x25, 0x82, 0x95, 0x6F, 0xE9, 0xC4, 0xB9, 0xEB, 0xB3, 0xD4, 0x77, 0x1B,
    0x2F, 0x87, 0x2D, 0x23, 0x7B, 0x5D, 0x67, 0x64, 0x5F, 0xE8, 0xE8, 0x8C, 0x6C, 0x32, 0xF9, 0x25,
    0x23, 0x9B, 0xFC, 0x09, 0x92, 0x91, 0x3D, 0xB7, 0xC3, 0x8C, 0xEC, 0x44, 0xE2, 0x98, 0xED, 0xAD,
    0xAD, 0xB5, 0x92, 0xB4, 0x48, 0xED, 0xE7, 0xC2, 0x5F, 0x5F, 0x4E, 0x53, 0x10, 0x93, 0x84, 0xCB,
    0x7F, 0xCD, 0xA4, 0x66, 0xEC, 0x70, 0x7B, 0x5D, 0x64, 0xB9, 0xFB, 0x9C, 0x8B, 0x45, 0x8F, 0x56,
    0xD8, 0x0E, 0x5D, 0xE4, 0xFC, 0x82, 0x45, 0x78, 0x9B, 0x4F, 0x57, 0x5E, 0x46, 0x11, 0x58, 0xB6,
    0x49, 0xFF, 0x2F, 0x3B, 0x2F, 0xFA, 0x24, 0xA5, 0xC3, 0xBD, 0xCC, 0x24, 0x17, 0x1F, 0x5C, 0x33,
    0x75, 0xD2, 0xA9, 0x06, 0x7F, 0x96, 0xAF, 0xF0, 0x94, 0x7D, 0x36, 0xAF, 0x78, 0x28, 0xDA, 0x76,
    0x50, 0xB8, 0xA7, 0x32, 0xB4, 0x0F, 0x5F, 0x5E, 0xE3, 0xE1, 0x82, 0xEB, 0x7C, 0x5E, 0x3E, 0x26,
    0x33, 0x59, 0x66, 0xB7, 0x1F, 0x3E, 0xEE, 0xFA, 0xFC, 0xD2, 0x9D, 0xB5, 0x57, 0x87, 0xAF, 0xAB,
    0x7D, 0x91, 0xBC, 0x8B, 0xEA, 0xFF, 0x61, 0xE5, 0x86, 0xFD, 0x0D, 0x25, 0x2F, 0x54, 0xFC, 0xCE,
    0xE8, 0x36, 0x6F, 0x85, 0xBD, 0xFB, 0x74, 0xB9, 0x73, 0xB8, 0x1E, 0x11, 0xCA, 0xB2, 0x5E, 0x96,
    0x62, 0x74, 0x4A, 0xBC, 0xFD, 0x9F, 0xEA, 0xF7, 0xF7, 0xEB, 0x1E, 0x0A, 0xF2, 0x11, 0xDA, 0x63,
    0xDB, 0x06, 0x27, 0xBF, 0x2F, 0xFD, 0xA3, 0xA3, 0xCC, 0xD6, 0xF7, 0xD4, 0xF5, 0x55, 0xD5, 0x5F,
    0x5F, 0x90, 0xE6, 0x1A, 0xBA, 0x1F, 0x95, 0xC7, 0x7E, 0x07, 0xB3, 0xB9, 0x0E, 0x5F, 0x3F, 0xBA,
    0x49, 0x84, 0xAB, 0x9A, 0x71, 0xFE, 0xED, 0x67, 0xCA, 0xF4, 0x44, 0x12, 0x23, 0x65, 0x2C, 0xF0,
    0xBC, 0xEF, 0x11, 0x6A, 0xDE, 0x2B, 0x6D, 0x15, 0x60, 0x33, 0xAF, 0x47, 0x37, 0x09, 0x0B, 0xEF,
    0x47, 0x36, 0x77, 0xBA, 0xDD, 0x9F, 0x8F, 0xB2, 0x23, 0x25, 0x2E, 0x7F, 0x9B, 0x11, 0xE7, 0x7F,
    0xF6, 0xF2, 0xFF, 0xA7, 0xF9, 0x0F, 0xAA, 0x95, 0xDD, 0xFC, 0xED, 0x8D, 0xFA, 0x4D, 0x34, 0xC4,
    0x5C, 0xD4, 0x2B, 0xD9, 0x2E, 0xF4, 0x01, 0x93, 0x60, 0x59, 0x90, 0xA4, 0x12, 0x3B, 0xE0, 0xB1,
    0x4B, 0x62, 0xB6, 0xD9, 0xF1, 0xD3, 0xA7, 0x4F, 0x3F, 0x7E, 0x89, 0x83, 0x75, 0x1D, 0xD1, 0xE4,
    0xD4, 0x42, 0x6C, 0x4F, 0x3F, 0xC6, 0xED, 0x6E, 0xC8, 0x3F, 0x7E, 0x22, 0x33, 0x8E, 0x24, 0xEB,
    0xDA, 0x15, 0xFB, 0xF4, 0xA0, 0x4B, 0xD9, 0xFF, 0x1E, 0x6F, 0x20, 0x19, 0x9C, 0x50, 0xC9, 0x53,
    0x47, 0x9E, 0x15, 0x84, 0x22, 0x36, 0xD7, 0xD6, 0xD6, 0x54, 0x0D, 0x2F, 0x9D, 0x4A, 0x6B, 0x8B,
    0x6F, 0x7C, 0x86, 0x6F, 0xBC, 0x14, 0xA7, 0xD5, 0x09, 0xF2, 0x4E, 0x9F, 0x86, 0x3B, 0xD9, 0x5E,
    0x3D, 0x85, 0x6A, 0xBD, 0xDD, 0xEA, 0x7D, 0xD1, 0xD7, 0x14, 0xFA, 0x82, 0x1E, 0xBF, 0x21, 0x4E,
    0x28, 0xF4, 0xED, 0x77, 0x25, 0x85, 0x4E, 0x51, 0xD2, 0xD1, 0x49, 0x5E, 0x5A, 0x8A, 0x20, 0x2A,
    0x92, 0x66, 0xBA, 0xEF, 0x33, 0x32, 0x26, 0x12, 0x02, 0x65, 0x80, 0xC9, 0x77, 0x08, 0x6F, 0x0C,
    0x10, 0xB4, 0x57, 0x5A, 0x27, 0x29, 0xC8, 0xED, 0xD1, 0x52, 0x16, 0x45, 0x72, 0x2A, 0x1C, 0xD4,
    0x64, 0x91, 0xC3, 0x33, 0x71, 0x65, 0x82, 0x52, 0x0A, 0x97, 0xBA, 0x3A, 0xF2, 0x7D, 0x91, 0x86,
    0xBF, 0xC1, 0x48, 0x47, 0x3E, 0x38, 0xAD, 0x20, 0x49, 0x25, 0xEA, 0x0B, 0x84, 0xEB, 0x31, 0x84,
    0x9B, 0xA1, 0x67, 0x70, 0xD8, 0xDA, 0x89, 0x6C, 0x5C, 0xF5, 0x15, 0x93, 0x14, 0x23, 0xCD, 0x24,
    0x97, 0x35, 0x93, 0x18, 0xFE, 0xEB, 0x59, 0x8C, 0xEF, 0x3D, 0xFE, 0xEE, 0x6D, 0x21, 0x73, 0x73,
    0xFC, 0x2D, 0x6A, 0xFC, 0x2D, 0xF5, 0x34, 0xFE, 0x6A, 0x5D, 0x8D, 0xBF, 0xAB, 0x8B, 0x1A, 0x7F,
    0xA3, 0xF7, 0xE9, 0xEF, 0x3E, 0xFF, 0xBE, 0x2A, 0xFC, 0x8D, 0x6C, 0xE7, 0x89, 0xD3, 0x20, 0x17,
    0xBF, 0x92, 0x40, 0x7C, 0x53, 0x0D, 0xEE, 0x3E, 0xEE, 0x5F, 0x35, 0xEE, 0x37, 0xB7, 0xC2, 0x64,
    0x6E, 0x6E, 0xF1, 0x20, 0x00, 0xA4, 0x7A, 0x6F, 0x0A, 0xFB, 0xDC, 0x2D, 0xBB, 0x82, 0x17, 0xAC,
    0x35, 0x92, 0x44, 0xA5, 0x2B, 0x5A, 0xE1, 0x95, 0x9E, 0x31, 0x57, 0x74, 0xCF, 0xCC, 0x24, 0x52,
    0xA5, 0x9A, 0x48, 0x95, 0xDA, 0x8A, 0xEE, 0x99, 0xE1, 0xD7, 0xB3, 0x54, 0x19, 0x20, 0xCD, 0x65,
    0x94, 0x12, 0xCB, 0x0B, 0x64, 0xF7, 0x59, 0xA4, 0x56, 0x18, 0x2D, 0x72, 0x1E, 0xAE, 0x1E, 0x96,
    0x49, 0xB1, 0xB4, 0x2A, 0x61, 0x89, 0x14, 0x9B, 0x45, 0x52, 0x6C, 0x08, 0xA0, 0xFA, 0x01, 0x02,
    0x34, 0x20, 0x8E, 0xAC, 0x12, 0x79, 0xB1, 0x16, 0xC9, 0x85, 0x75, 0x81, 0xFC, 0x57, 0x27, 0xC9,
    0x79, 0x55, 0x21, 0xCF, 0xD5, 0x22, 0xB9, 0xAD, 0x2A, 0xE4, 0xB3, 0xDA, 0x4F, 0x0C, 0x1D, 0xB2,
    0x79, 0xCC, 0xD8, 0x65, 0x2E, 0x5B, 0x8B, 0xA1, 0x8A, 0x78, 0xB8, 0x5F, 0x06, 0x3D, 0xDF, 0xBF,
    0x96, 0x28, 0xF8, 0xE5, 0x7E, 0x5F, 0xE8, 0x1E, 0xCE, 0x4F, 0x16, 0xAF, 0x50, 0x20, 0x92, 0x82,
    0xEA, 0xB1, 0xB2, 0xD1, 0x9C, 0x5D, 0xAC, 0x67, 0x42, 0xF9, 0x2B, 0x27, 0x95, 0xB9, 0x40, 0x71,
    0xB8, 0x21, 0x34, 0x65, 0x46, 0xDE, 0x8F, 0x4F, 0xFF, 0x32, 0x14, 0x50, 0x9A, 0x98, 0x22, 0x47,
    0x76, 0xB7, 0xDE, 0xBD, 0xC2, 0xDF, 0x0C, 0xFE, 0x5A, 0xC2, 0x3B, 0x4B, 0x25, 0x9E, 0xE6, 0xA0,
    0x57, 0xBA, 0x67, 0x87, 0x54, 0x43, 0xF9, 0x70, 0x87, 0xF1, 0xFA, 0x73, 0x6D, 0xF6, 0x45, 0x19,
    0xDD, 0x48, 0xFB, 0xF9, 0x76, 0xB1, 0x7D, 0x2C, 0xE3, 0x79, 0xD1, 0x08, 0x8E, 0xA3, 0x3C, 0x87,
    0x42, 0xDA, 0xF8, 0x24, 0xCA, 0x3D, 0xCB, 0xF8, 0x5C, 0x0B, 0x4C, 0xF3, 0xDD, 0x2D, 0xB0, 0x1F,
    0x81, 0x0D, 0x7C, 0x60, 0x6D, 0x9D, 0xD6, 0xC6, 0x6F, 0xBA, 0xF1, 0xA5, 0x38, 0xEC, 0x77, 0x85,
    0xC0, 0x81, 0x2D, 0x90, 0x77, 0x30, 0xE9, 0x78, 0xA7, 0x28, 0x3C, 0xE9, 0xB4, 0x68, 0x89, 0xD1,
    0xE3, 0xEC, 0x2A, 0x75, 0x63, 0x70, 0xEB, 0xDB, 0xAC, 0x0B, 0xBB, 0xD3, 0xC5, 0x2F, 0x77, 0x72,
    0xDB, 0xAE, 0x57, 0xFA, 0x5A, 0xD7, 0xEC, 0xDC, 0xE1, 0x9A, 0x03, 0xAE, 0x1F, 0xC1, 0x83, 0x5F,
    0x0A, 0xA1, 0xF4, 0x4D, 0x1F, 0x4A, 0x7A, 0x42, 0x65, 0x76, 0xCD, 0x81, 0x42, 0x42, 0x31, 0x3C,
    0x77, 0x8A, 0x67, 0x4E, 0xF1, 0xBC, 0x29, 0x46, 0x3C, 0x7B, 0xC2, 0x79, 0xC6, 0x14, 0x97, 0x77,
    0xE4, 0xBB, 0x1C, 0x55, 0xD5, 0xC3, 0x39, 0xC7, 0x79, 0x96, 0x74, 0x7C, 0x84, 0x66, 0x48, 0xC9,
    0xFC, 0xA8, 0x74, 0x76, 0x54, 0x80, 0x96, 0xFF, 0xEF, 0xE3, 0xF5, 0x1F, 0x45, 0x32, 0x7A, 0x28,
    0x94, 0x27, 0xFA, 0x9B, 0xBB, 0x5B, 0xAB, 0x27, 0x9C, 0x50, 0x11, 0x18, 0x4A, 0x78, 0xFA, 0x94,
    0xAF, 0x72, 0x56, 0x54, 0xF9, 0x63, 0x2A, 0x96, 0x58, 0xDA, 0x83, 0x7A, 0x69, 0xAB, 0x2B, 0xF5,
    0x65, 0x53, 0xF9, 0x77, 0xD8, 0xD7, 0x0C, 0xE9, 0x6A, 0xDA, 0xC3, 0x7B, 0x54, 0xAF, 0xA3, 0x92,
    0x33, 0x68, 0xA9, 0x9E, 0xB7, 0x60, 0x79, 0x75, 0x7C, 0x3E, 0x28, 0xED, 0x0D, 0x7E, 0x25, 0xFE,
    0x00, 0xD6, 0x37, 0x23, 0xCE, 0x53, 0x75, 0xBF, 0xE6, 0xE7, 0xF3, 0x75, 0x76, 0xAB, 0x1E, 0x5F,
    0x66, 0xDE, 0x53, 0xAC, 0x84, 0xD3, 0x8C, 0x9E, 0xA0, 0xF8, 0x4E, 0xC8, 0xB1, 0x1D, 0xE7, 0x3B,
    0xF9, 0x54, 0xAD, 0x7B, 0x6C, 0xE5, 0x0D, 0x6D, 0x2B, 0xD8, 0xE2, 0x2F, 0xF1, 0xE4, 0x74, 0xC5,
    0xE0, 0x97, 0x24, 0x34, 0x59, 0xB3, 0xA0, 0xF9, 0x51, 0x88, 0x1D, 0xE2, 0xA1, 0xB3, 0xBC, 0xE6,
    0x11, 0xF4, 0x42, 0x8E, 0xE5, 0xD4, 0x43, 0xCE, 0xA2, 0x32, 0x28, 0xC8, 0xDD, 0xA6, 0xD4, 0x0B,
    0x13, 0xA5, 0x39, 0x35, 0xD9, 0xF8, 0x55, 0x61, 0xD6, 0xE3, 0x32, 0x5A, 0x75, 0x78, 0x15, 0x73,
    0x52, 0xDB, 0xE3, 0x6F, 0x3F, 0x4B, 0x52, 0xB5, 0x21, 0x6B, 0xDB, 0x17, 0xF9, 0xED, 0x2D, 0x60,
    0xAC, 0x7D, 0x26, 0x85, 0x26, 0x60, 0x11, 0xFD, 0x02, 0x1F, 0x3F, 0xC4, 0x68, 0x7F, 0x57, 0x90,
    0xC4, 0x8E, 0x52, 0x3E, 0x3E, 0x38, 0xA4, 0x9D, 0x57, 0x2A, 0x57, 0xA7, 0x2F, 0x98, 0x7A, 0xAF,
    0x91, 0x85, 0x0E, 0x35, 0x4B, 0x1E, 0x96, 0xCC, 0x4B, 0xAB, 0x66, 0x46, 0x7E, 0xC9, 0x9F, 0x93,
    0x71, 0x7F, 0x3B, 0x5B, 0xFF, 0xB0, 0x2C, 0xE9, 0xF2, 0x83, 0x4C, 0x4A, 0xAF, 0x08, 0x1C, 0xEC,
    0xCB, 0xBD, 0xCE, 0xF0, 0xBF, 0xD1, 0x4F, 0xAD, 0x4F, 0x69, 0x85, 0xBD, 0x6D, 0x09, 0x1B, 0x5A,
    0x6F, 0xD2, 0x2A, 0x90, 0xA5, 0xBF, 0x8C, 0x68, 0x33, 0x75, 0x5A, 0x9B, 0xD6, 0xE7, 0x14, 0x41,
    0xD8, 0xDA, 0x42, 0x55, 0x89, 0x3C, 0xB4, 0x58, 0x43, 0x9F, 0xB5, 0x7B, 0x5C, 0x97, 0x9F, 0x2C,
    0x7B, 0x70, 0xC5, 0x37, 0x4E, 0x3F, 0xBE, 0xD6, 0x88, 0xDB, 0x3A, 0x50, 0xD3, 0x6A, 0xA8, 0x2F,
    0x51, 0x81, 0x5E, 0xC5, 0xE3, 0x27, 0x7E, 0xFD, 0x6C, 0x76, 0x40, 0x02, 0xCD, 0x58, 0x29, 0x1B,
    0x65, 0x15, 0x9B, 0x35, 0x84, 0x2C, 0x6F, 0x03, 0x2F, 0xFA, 0x0E, 0x00, 0xDB, 0xAC, 0xFC, 0x7E,
    0xCB, 0x2D, 0x59, 0x2F, 0x62, 0xBC, 0x3F, 0x59, 0x4F, 0xAD, 0xAD, 0x0E, 0x4A, 0x6C, 0x2A, 0x2F,
    0x8D, 0xDA, 0x92, 0xB7, 0x92, 0x4C, 0x6F, 0xF9, 0xA2, 0x53, 0xBD, 0xF7, 0x0C, 0x51, 0x76, 0x4C,
    0x2B, 0xB8, 0x74, 0x50, 0x71, 0x68, 0xDE, 0x89, 0x86, 0xA4, 0xDC, 0x05, 0x51, 0xFE, 0xB0, 0x4A,
    0x19, 0xFF, 0xAB, 0x64, 0x12, 0xAC, 0xC2, 0xEF, 0x87, 0xB0, 0xFE, 0xDC, 0xC3, 0x21, 0x89, 0x30,
    0x30, 0x1F, 0x35, 0x9E, 0x12, 0x9C, 0x30, 0x01, 0x2C, 0xAD, 0xAD, 0xD1, 0xCA, 0x67, 0x71, 0xE2,
    0xDA, 0x60, 0x06, 0xFA, 0x1F, 0x42, 0xCE, 0x7F, 0xE7, 0x4B, 0xA6, 0xAE, 0x8A, 0xA8, 0x07, 0x3F,
    0x4F, 0xCD, 0xFD, 0x3C, 0x49, 0xE0, 0xD5, 0xEF, 0x51, 0xCC, 0x62, 0x58, 0x05, 0x21, 0xCC, 0x47,
    0x9B, 0x70, 0xAB, 0x92, 0x39, 0x8F, 0x0A, 0x91, 0x87, 0x4C, 0xE6, 0xB6, 0x69, 0x49, 0x91, 0x75,
    0x4A, 0x67, 0x9A, 0x51, 0xCA, 0xC6, 0xC0, 0x22, 0x4C, 0x9F, 0x84, 0xB2, 0x07, 0x93, 0x23, 0xE1,
    0x24, 0xAC, 0x4E, 0xC2, 0x42, 0x89, 0x94, 0xC8, 0x42, 0x09, 0xAC, 0x33, 0xBC, 0x40, 0x41, 0x08,
    0x76, 0x9D, 0x04, 0x15, 0x5B, 0x00, 0x85, 0xA7, 0x07, 0x91, 0x54, 0x10, 0x10, 0xAF, 0xCE, 0x6A,
    0xB6, 0xA5, 0x7A, 0x9C, 0xA4, 0x51, 0x09, 0x05, 0x6E, 0x09, 0x07, 0xE0, 0x79, 0x43, 0xF0, 0x4F,
    0x9D, 0x81, 0x2A, 0x28, 0xA2, 0xF7, 0xA5, 0xD5, 0xC4, 0xC5, 0x3E, 0x41, 0x3A, 0x08, 0x0D, 0x9F,
    0xA7, 0xA0, 0xE8, 0x04, 0x55, 0x37, 0x1C, 0xCB, 0xA9, 0x5B, 0x3F, 0x40, 0xB4, 0xF2, 0x20, 0x1E,
    0x8E, 0x37, 0xFC, 0x09, 0xF0, 0xBE, 0x0E, 0xBC, 0x58, 0x8C, 0x4F, 0xEC, 0x4E, 0xAF, 0x0A, 0x43,
    0x94, 0x60, 0xC9, 0x6D, 0xA2, 0x9F, 0x1A, 0x11, 0xEC, 0xD1, 0xEB, 0xDB, 0xE7, 0x07, 0x82, 0xB5,
    0x9A, 0x7C, 0x9D, 0x4E, 0x08, 0x29, 0x5A, 0x76, 0xD4, 0xFB, 0x7A, 0x8C, 0x66, 0xD3, 0xFA, 0x52,
    0xA8, 0x9D, 0x1C, 0x3A, 0xF8, 0x3A, 0xB8, 0xD6, 0xB2, 0x5E, 0xAA, 0x8B, 0xDF, 0xE6, 0xA7, 0x36,
    0xDC, 0xF7, 0xF2, 0x94, 0xC5, 0xF1, 0x93, 0x30, 0x38, 0x0B, 0x4B, 0x64, 0x18, 0x2C, 0x9F, 0x20,
    0x4C, 0x56, 0xEC, 0x4C, 0xE6, 0x60, 0x94, 0x4E, 0x1C, 0x98, 0x4F, 0xB3, 0x4B, 0xA7, 0x52, 0x61,
    0x3F, 0x9A, 0x26, 0x5F, 0x14, 0x52, 0xED, 0xCE, 0x4A, 0x97, 0x80, 0xB3, 0xD2, 0xD5, 0x33, 0xAC,
    0x74, 0xEA, 0xA3, 0x99, 0xBD, 0x9A, 0xB9, 0x37, 0x53, 0x42, 0xA6, 0xDC, 0x4C, 0x6D, 0x19, 0x18,
    0x32, 0x90, 0x11, 0xBC, 0x6C, 0xCB, 0x85, 0xBA, 0x15, 0x27, 0x09, 0xED, 0xE3, 0x17, 0x60, 0x78,
    0x16, 0x4E, 0xAC, 0x70, 0x8B, 0x4F, 0x6F, 0x38, 0x7F, 0x20, 0x93, 0x34, 0x8D, 0x8F, 0x36, 0xAD,
    0xAF, 0xAB, 0xFA, 0x1F, 0x4E, 0xB0, 0x93, 0xC5, 0x59, 0x74, 0xCE, 0x49, 0x50, 0x70, 0xAC, 0x9C,
    0xA5, 0xB3, 0x2D, 0xDB, 0xA2, 0x1A, 0x07, 0x0D, 0xBF, 0x62, 0xE0, 0x0D, 0x15, 0x37, 0x34, 0xDB,
    0x15, 0xCF, 0x87, 0xE7, 0x17, 0x2F, 0xA0, 0x2C, 0x7D, 0x27, 0x25, 0x98, 0xBF, 0x12, 0xC2, 0x83,
    0xA7, 0xE3, 0xC7, 0xFE, 0xAA, 0x46, 0xC1, 0xEE, 0x07, 0xDF, 0x1B, 0x1F, 0xF9, 0x2B, 0xB0, 0x9F,
    0xC3, 0x9A, 0x8A, 0x8B, 0x48, 0x27, 0x74, 0x1F, 0x3D, 0x11, 0x58, 0x51, 0xC5, 0x09, 0xB9, 0x14,
    0xE5, 0xBC, 0x5C, 0x94, 0x2C, 0x3F, 0x2F, 0xF8, 0xF1, 0xA8, 0x7E, 0xA6, 0x11, 0x55, 0xC3, 0x41,
    0x14, 0x55, 0x6F, 0x0E, 0x96, 0xC3, 0xD5, 0x88, 0xFE, 0x96, 0xC3, 0xF9, 0x60, 0x04, 0xCC, 0x7A,
    0xB1, 0xF3, 0x43, 0x97, 0x8D, 0x75, 0x8F, 0x31, 0xE0, 0x86, 0x0F, 0x35, 0xDD, 0xE6, 0x52, 0xB0,
    0x8A, 0xD4, 0x54, 0x47, 0xBC, 0xCE, 0x23, 0xEA, 0x26, 0x77, 0x8B, 0xFC, 0x86, 0x4F, 0x3F, 0x81,
    0x7C, 0xD7, 0x03, 0x6F, 0xCD, 0x17, 0x6E, 0x1E, 0xE4, 0x48, 0xE5, 0xBB, 0x7C, 0xD2, 0x4A, 0xAA,
    0x01, 0x1C, 0xE5, 0xA5, 0x69, 0x66, 0x60, 0xB0, 0x43, 0x6F, 0x11, 0x4B, 0x6F, 0x78, 0x87, 0x0F,
    0x91, 0x8F, 0x84, 0x39, 0xC3, 0x6C, 0xF3, 0xF1, 0xB5, 0x8E, 0x27, 0xB3, 0xB6, 0x4D, 0x76, 0xB4,
    0x1E, 0x0B, 0x61, 0x3E, 0x30, 0x22, 0xD2, 0x6C, 0x29, 0x58, 0xBC, 0x76, 0xD5, 0x4D, 0x12, 0x13,
    0x9A, 0x3A, 0xD4, 0x68, 0xF1, 0xBC, 0x74, 0x23, 0x9C, 0x00, 0xFC, 0x04, 0x13, 0xE0, 0x9F, 0x81,
    0xE0, 0x9D, 0x47, 0x83, 0x2A, 0x8A, 0xB0, 0x6B, 0xC9, 0xD8, 0x3C, 0x94, 0x1E, 0x27, 0xA6, 0x07,
    0xE9, 0x0D, 0x06, 0x65, 0xEC, 0x6E, 0xE3, 0xC6, 0x8B, 0x34, 0xB5, 0x6B, 0xF5, 0xD3, 0xEC, 0xA9,
    0xFF, 0xF1, 0x8C, 0x15, 0xCD, 0xDD, 0x5A, 0x78, 0x3B, 0x11, 0xDF, 0xE4, 0x3F, 0xFE, 0x36, 0xDE,
    0xFF, 0xD4, 0x3F, 0x8D, 0xA0, 0xD6, 0x56, 0xFE, 0xCB, 0xF2, 0x04, 0x98, 0xE3, 0xBF, 0xBE, 0x50,
    0x87, 0x87, 0xFE, 0xE9, 0xE3, 0xFF, 0xF1, 0x5F, 0x50, 0xFA, 0x58, 0xFC, 0x8D, 0x41, 0x78, 0xE0,
    0x91, 0xB8, 0xFD, 0x4B, 0xF0, 0x50, 0x4C, 0xE1, 0x52, 0xFF, 0x68, 0xDC, 0x36, 0xD5, 0xF7, 0x37,
    0x39, 0x74, 0xBD, 0xF4, 0x71, 0xBA, 0x47, 0xEE, 0x97, 0x67, 0xA9, 0x9C, 0x12, 0x95, 0xF9, 0x33,
    0x88, 0xED, 0x23, 0x54, 0xBE, 0xAA, 0x4B, 0x79, 0xA7, 0x04, 0x86, 0xB7, 0x72, 0x70, 0xF6, 0xD3,
    0xD8, 0x76, 0x05, 0x67, 0xB7, 0x4C, 0xAE, 0xDD, 0x89, 0x69, 0xA3, 0xAF, 0x45, 0x49, 0xAA, 0x5B,
    0x40, 0x7E, 0x0F, 0x6B, 0x19, 0x46, 0xE6, 0x60, 0x7A, 0x14, 0x16, 0x1C, 0x58, 0xB6, 0xFC, 0x79,
    0x0B, 0xE6, 0xC6, 0x61, 0x6C, 0x1A, 0xEC, 0x05, 0xD2, 0x31, 0x49, 0x41, 0xF7, 0xD5, 0xCD, 0xB4,
    0xDA, 0xD8, 0x06, 0xD8, 0xD3, 0x30, 0x36, 0x0E, 0x65, 0xE4, 0x29, 0x33, 0x58, 0xB0, 0xFC, 0x69,
    0x1B, 0xC6, 0xC7, 0xC0, 0x9A, 0xE3, 0x71, 0xAA, 0xA9, 0x6E, 0xB6, 0x37, 0xA1, 0xD8, 0xA3, 0x49,
    0x09, 0x55, 0x5E, 0x19, 0x0D, 0xBF, 0x4B, 0xFE, 0xE6, 0x20, 0x2A, 0x04, 0x0F, 0x45, 0xC5, 0xE8,
    0xA2, 0x4F, 0x6F, 0x52, 0x21, 0xA9, 0x4F, 0xEB, 0x78, 0x95, 0x94, 0x38, 0x6A, 0x52, 0x19, 0xD6,
    0x0A, 0x0C, 0x9E, 0x84, 0x51, 0x17, 0x86, 0xFA, 0xA6, 0x59, 0xDF, 0xE1, 0x7C, 0xAB, 0x75, 0xC9,
    0x46, 0x35, 0x91, 0xFA, 0x2D, 0x34, 0x26, 0x07, 0x71, 0xF0, 0x1E, 0x30, 0x6F, 0x31, 0x14, 0xBF,
    0xF6, 0x49, 0x11, 0xAF, 0xD7, 0xB5, 0xCC, 0x1E, 0x40, 0xB8, 0xE3, 0xA8, 0x6C, 0xC5, 0xAD, 0xAA,
    0x1B, 0x9C, 0xAF, 0xFE, 0x02, 0x0C, 0x91, 0x6E, 0x4A, 0x5C, 0x8B, 0xFD, 0x3E, 0xE5, 0x62, 0xF9,
    0x36, 0x2A, 0x10, 0x16, 0x32, 0x3B, 0x6B, 0x7A, 0xDA, 0xAA, 0x3E, 0x0F, 0x37, 0x5F, 0x5A, 0x68,
    0xAA, 0xCF, 0x67, 0xAC, 0xE6, 0x00, 0x40, 0x0D, 0x11, 0x5F, 0x43, 0x20, 0xAB, 0x58, 0x88, 0x87,
    0xD4, 0xF0, 0x41, 0x1C, 0xE0, 0xC3, 0x9A, 0x6F, 0xFA, 0xC5, 0xD0, 0x42, 0x8D, 0x69, 0x04, 0x5B,
    0x30, 0x8A, 0xD0, 0x63, 0x11, 0xEB, 0xB4, 0x1F, 0x37, 0xBE, 0xDA, 0xF4, 0xFE, 0x94, 0x96, 0xED,
    0x62, 0x5F, 0x9D, 0xEF, 0x74, 0xAE, 0x80, 0x41, 0xB2, 0x1A, 0xB5, 0x0B, 0x9E, 0x87, 0x50, 0x8B,
    0x11, 0xA6, 0x02, 0x2D, 0xC4, 0xE5, 0x8F, 0x28, 0x05, 0x0F, 0x35, 0xD6, 0x72, 0x71, 0xD3, 0xDC,
    0x74, 0xE2, 0xCF, 0xB5, 0x4D, 0xF2, 0x1C, 0x93, 0x01, 0x41, 0x6F, 0x29, 0x24, 0x7F, 0x5C, 0x4D,
    0xCC, 0x13, 0xC2, 0x11, 0xAF, 0x3C, 0xA6, 0x40, 0x5E, 0x80, 0xEC, 0x72, 0x82, 0xF7, 0x97, 0x3F,
    0x83, 0x7E, 0x6D, 0xF6, 0xAE, 0x7F, 0x41, 0xC2, 0xAB, 0x9E, 0x3A, 0x74, 0x4F, 0xBF, 0x3A, 0x80,
    0xEC, 0x55, 0x99, 0x54, 0x41, 0x04, 0x28, 0x93, 0x2A, 0x78, 0x71, 0x40, 0xCE, 0xCC, 0xB7, 0x60,
    0x87, 0x93, 0x2A, 0x0E, 0x60, 0x09, 0xF9, 0x22, 0x33, 0x11, 0xFD, 0x30, 0xC2, 0x82, 0x65, 0x94,
    0xFB, 0x7E, 0x0F, 0x27, 0x28, 0xDC, 0x76, 0x25, 0x32, 0xDF, 0x87, 0x30, 0x34, 0x5F, 0xC8, 0x7C,
    0x3E, 0x11, 0xA4, 0x41, 0xE4, 0xDB, 0xAC, 0xB9, 0x6B, 0x2C, 0x0C, 0x17, 0xE6, 0xC6, 0xC6, 0xCB,
    0xE3, 0xE3, 0xD3, 0xE3, 0xE3, 0x63, 0xE3, 0xE3, 0xE3, 0xA3, 0x63, 0xCE, 0xC0, 0xC0, 0x0E, 0xD6,
    0xDC, 0x35, 0x12, 0xDF, 0x0F, 0xB7, 0xE2, 0x28, 0xE1, 0x77, 0x9E, 0x3B, 0x9C, 0xE8, 0x76, 0xA2,
    0x74, 0x93, 0xC0, 0xF6, 0x2E, 0x44, 0x39, 0x18, 0x8B, 0xFB, 0xB8, 0xA4, 0xD1, 0xF8, 0xA2, 0x12,
    0x09, 0x4C, 0x67, 0x35, 0x99, 0xF5, 0x33, 0xB6, 0x98, 0x53, 0xC2, 0x0F, 0xEB, 0x4B, 0xAB, 0x6E,
    0xBD, 0xED, 0xE4, 0xA5, 0x62, 0xFB, 0x05, 0xE0, 0xB6, 0xCB, 0xB5, 0xA8, 0xF4, 0x83, 0x5B, 0x2D,
    0x95, 0x31, 0xB5, 0xAD, 0x4A, 0x26, 0x28, 0x3F, 0xD8, 0xF5, 0x83, 0x76, 0xB5, 0x45, 0xF9, 0x35,
    0xF3, 0x0E, 0x60, 0x11, 0xB1, 0x44, 0xB4, 0x03, 0xCF, 0x32, 0x84, 0x64, 0x55, 0xA1, 0xCE, 0xAD,
    0x97, 0x2C, 0x39, 0x08, 0xBA, 0xCE, 0x77, 0xC0, 0x58, 0x2E, 0x95, 0xE5, 0x21, 0xE9, 0x87, 0x4F,
    0x0B, 0x31, 0x88, 0x53, 0x1B, 0xFC, 0xEC, 0x08, 0x63, 0x48, 0x68, 0xC1, 0xF8, 0x4D, 0xB9, 0xE5,
    0xEF, 0xE5, 0x81, 0xB3, 0xB9, 0x7E, 0x18, 0x3D, 0x98, 0xD6, 0x0A, 0xB4, 0x1F, 0xCF, 0x52, 0x8D,
    0x9E, 0x7D, 0x32, 0xBB, 0xE7, 0x61, 0xDE, 0xC4, 0xD8, 0x81, 0xBB, 0x71, 0xF5, 0x22, 0x9F, 0x81,
    0xB7, 0xE4, 0x9D, 0xBF, 0x8E, 0x2C, 0x19, 0x49, 0xD6, 0x1A, 0x01, 0xFF, 0x59, 0x06, 0x9E, 0xA7,
    0x3B, 0xBA, 0x32, 0x19, 0xC7, 0x95, 0x09, 0x8F, 0x6E, 0xC0, 0xFA, 0xF3, 0xE1, 0x5C, 0x75, 0x45,
    0x82, 0xAE, 0xB2, 0x46, 0x49, 0x91, 0xC3, 0x01, 0xD5, 0x4C, 0x26, 0xE0, 0x9D, 0x16, 0x25, 0x83,
    0xD8, 0x32, 0xFB, 0x0D, 0xFF, 0x1A, 0x4C, 0x17, 0x2C, 0x27, 0x30, 0xCC, 0xAC, 0x8D, 0x2B, 0xF1,
    0x23, 0xC6, 0x32, 0x23, 0x4E, 0xDC, 0xCB, 0x2D, 0xAD, 0x53, 0x0F, 0x7E, 0xCC, 0xD7, 0xFE, 0x6D,
    0x5E, 0xA5, 0x3D, 0x4A, 0x46, 0x7B, 0x5F, 0x86, 0x44, 0xB2, 0x78, 0xC5, 0xE4, 0xCD, 0x2C, 0x04,
    0xA0, 0x06, 0x40, 0xB5, 0x04, 0x9A, 0x96, 0x29, 0xC9, 0x94, 0xAA, 0x45, 0xA5, 0xD6, 0xAB, 0x65,
    0xD0, 0xF4, 0x3A, 0x68, 0x7A, 0x21, 0xB4, 0xFC, 0x4A, 0x68, 0x87, 0x41, 0xDD, 0xBF, 0xE3, 0xF7,
    0xA1, 0x49, 0x6A, 0xBD, 0x9A, 0x69, 0x4B, 0x58, 0xF6, 0x7E, 0x37, 0x17, 0x55, 0xDB, 0x33, 0x45,
    0x36, 0xE5, 0xE6, 0xFD, 0x9C, 0x69, 0x2B, 0xEF, 0xAD, 0x91, 0xE4, 0x54, 0x35, 0xB3, 0xF8, 0x8F,
    0xF9, 0xBA, 0x74, 0x74, 0x4F, 0xDB, 0x08, 0xA0, 0x5F, 0xBA, 0x75, 0xCF, 0x61, 0x40, 0xC1, 0xDC,
    0xCE, 0xC4, 0x5A, 0x5E, 0x77, 0x6F, 0xC2, 0x52, 0x5C, 0x7F, 0xE0, 0xF3, 0x20, 0x55, 0x78, 0x51,
    0x2D, 0x42, 0x99, 0xCC, 0x1B, 0x75, 0x5E, 0x0C, 0xB2, 0x63, 0xDE, 0xD6, 0xED, 0xA0, 0xE1, 0xF7,
    0xF3, 0xB9, 0xC7, 0x1A, 0x0E, 0x43, 0xBB, 0xAC, 0xDF, 0xA6, 0xDA, 0xA5, 0xE6, 0xC3, 0xDA, 0x49,
    0xBB, 0xFC, 0x5B, 0xB7, 0x8B, 0xFC, 0x33, 0x47, 0xF5, 0x58, 0xA7, 0x52, 0xBC, 0x71, 0xF0, 0xD0,
    0x73, 0xC8, 0x56, 0x5F, 0xAF, 0x89, 0xC4, 0xC6, 0x36, 0xB1, 0x97, 0x64, 0x5D, 0xE6, 0x34, 0xE0,
    0x0A, 0xF0, 0xD7, 0xC9, 0xAF, 0x0D, 0x5F, 0x61, 0xD2, 0x8B, 0x35, 0x26, 0xBD, 0x3F, 0xD3, 0x98,
    0xB4, 0xEF, 0xCF, 0x17, 0xE5, 0xED, 0xFE, 0x8C, 0xDA, 0xBC, 0xFF, 0x00, 0xB6, 0x9D, 0x4E, 0x60,
    0xA4, 0x3E, 0x90, 0xB7, 0x25, 0xA3, 0xC8, 0xCB, 0xBA, 0xB9, 0x76, 0xF2, 0xFE, 0x37, 0xFB, 0xFB,
    0x49, 0xD3, 0xB6, 0x65, 0xF0, 0x19, 0x6E, 0x7C, 0x2D, 0x93, 0x6A, 0xB0, 0x77, 0x2F, 0x64, 0xBA,
    0x6D, 0xC9, 0x66, 0x73, 0xCE, 0x6E, 0x97, 0xED, 0xD6, 0x34, 0x84, 0x87, 0xEB, 0x55, 0x4F, 0x89,
    0xDD, 0x70, 0xB1, 0xC3, 0x36, 0x16, 0xEB, 0xA2, 0x59, 0xEB, 0xEA, 0x94, 0xDA, 0x4B, 0x6A, 0x27,
    0x12, 0x79, 0x0B, 0x76, 0xEE, 0xDB, 0x91, 0xDA, 0xE6, 0x37, 0x60, 0x04, 0xD5, 0x3C, 0xFB, 0x7A,
    0xBF, 0xA7, 0x65, 0x6F, 0x61, 0x36, 0x11, 0x5B, 0xE6, 0x7B, 0xB0, 0xB8, 0xAF, 0x60, 0xB1, 0x97,
    0x14, 0xB9, 0x4F, 0xEF, 0x5F, 0xFD, 0x89, 0xA6, 0xB0, 0x4D, 0x86, 0xBE, 0x71, 0xE1, 0x14, 0x91,
    0x7D, 0x04, 0xFB, 0x96, 0xA1, 0x4F, 0xD2, 0x9A, 0x56, 0x06, 0x60, 0x3D, 0x28, 0x14, 0x99, 0xBD,
    0x6F, 0x2F, 0xA3, 0x3E, 0x25, 0xD3, 0x7F, 0xA8, 0xBE, 0xD1, 0x92, 0x68, 0x48, 0x45, 0x56, 0x85,
    0x64, 0x9C, 0x98, 0xDA, 0xCB, 0xBA, 0xB7, 0x89, 0x9F, 0x28, 0xDF, 0x5E, 0x32, 0x51, 0xDE, 0xBE,
    0x5B, 0x96, 0x5C, 0xBB, 0x03, 0x43, 0xEA, 0xD5, 0xBB, 0x08, 0x02, 0x61, 0xF5, 0x50, 0x74, 0xA2,
    0x40, 0xBA, 0x21, 0x10, 0xFF, 0xC6, 0x29, 0xF1, 0x6F, 0xFC, 0x6C, 0x8B, 0xA1, 0xFC, 0xC8, 0x32,
    0x53, 0xE9, 0x07, 0x5B, 0x44, 0x9D, 0x0F, 0xC8, 0xFA, 0xAC, 0x1C, 0xF5, 0xDF, 0x4F, 0xFF, 0x46,
    0x20, 0xC0, 0x87, 0x39, 0xE0, 0x03, 0x01, 0xFE, 0x94, 0x00, 0x4F, 0xE0, 0x5A, 0x02, 0x6E, 0x41,
    0xC0, 0x1D, 0x11, 0x70, 0xC7, 0x15, 0xB8, 0xE2, 0x1C, 0x75, 0xC1, 0x24, 0xE7, 0xA8, 0x1B, 0xD8,
    0x44, 0x3C, 0x4E, 0x93, 0x9D, 0xA3, 0x08, 0x7C, 0x70, 0xA7, 0xFE, 0x8D, 0xAD, 0x19, 0x69, 0xA3,
    0x7D, 0xE7, 0xA1, 0xBE, 0xF3, 0xA0, 0x7A, 0x1F, 0xC2, 0xE0, 0x1F, 0x2A, 0xE7, 0x91, 0xC4, 0x9D,
    0x8C, 0x4B, 0x6A, 0xBC, 0xEB, 0xDD, 0x4C, 0x6D, 0xB8, 0xC7, 0x5D, 0x01, 0x7A, 0x71, 0x53, 0xF2,
    0x38, 0x19, 0x7A, 0x7F, 0x14, 0x1F, 0x7B, 0x3A, 0x02, 0xE3, 0xB7, 0x42, 0x78, 0x92, 0x7C, 0x39,
    0x4F, 0xE5, 0x3D, 0x07, 0xFB, 0xB9, 0x60, 0xE3, 0x50, 0xAE, 0x5B, 0xF3, 0x27, 0xF5, 0xDB, 0x90,
    0xAC, 0x78, 0x34, 0xFC, 0x3B, 0x72, 0x62, 0x5F, 0xA9, 0x79, 0x49, 0xDC, 0x94, 0xBD, 0xDB, 0x6B,
    0x83, 0xF7, 0x8E, 0xD3, 0x12, 0x47, 0xC3, 0x21, 0x58, 0x9C, 0xA3, 0x54, 0x06, 0x2F, 0x22, 0xD2,
    0x18, 0x9B, 0x84, 0xC2, 0x1C, 0x58, 0x8B, 0x60, 0x9D, 0xE7, 0xC4, 0x92, 0xEC, 0x0B, 0x9A, 0x8E,
    0xF3, 0x67, 0x86, 0x3F, 0xE3, 0x0C, 0x42, 0xF2, 0x71, 0x18, 0xCC, 0x11, 0xD6, 0xD8, 0x74, 0xEA,
    0x4D, 0x69, 0xC2, 0x5F, 0xFC, 0x31, 0xCE, 0x8D, 0xF9, 0x77, 0xBA, 0xBD, 0x30, 0x08, 0xD6, 0x08,
    0x58, 0xE3, 0x60, 0x16, 0xE9, 0x93, 0x7F, 0xDC, 0xA7, 0x8F, 0x1D, 0xD0, 0x87, 0xB4, 0xAA, 0x30,
    0xFD, 0x90, 0xC2, 0x10, 0xF0, 0xC7, 0xCF, 0xBD, 0x58, 0x68, 0x40, 0xA2, 0x74, 0x8C, 0x2A, 0xB7,
    0x97, 0xC6, 0x8F, 0x25, 0x0F, 0x4D, 0xE1, 0x33, 0x54, 0xAA, 0x30, 0x0D, 0x22, 0x75, 0xCE, 0x27,
    0xF6, 0xF7, 0x3B, 0x9F, 0x78, 0x60, 0x80, 0x00, 0x3A, 0x36, 0x15, 0xA8, 0xF1, 0x55, 0x2F, 0x38,
    0x68, 0x67, 0x7A, 0x5A, 0x72, 0x1F, 0x64, 0x64, 0xC3, 0x23, 0x41, 0x1B, 0xBC, 0x9E, 0x5F, 0xA7,
    0xC9, 0x14, 0xB4, 0xC4, 0xAA, 0xEC, 0x93, 0xEC, 0xC1, 0xF8, 0x04, 0x77, 0xE4, 0xAA, 0x9F, 0x0A,
    0xC7, 0xAC, 0x8B, 0x67, 0x2E, 0xE3, 0x0C, 0xEA, 0xCB, 0xCF, 0x30, 0xFC, 0x53, 0x08, 0x02, 0x92,
    0x10, 0x89, 0xB5, 0x9E, 0x0A, 0x0C, 0xCD, 0xAB, 0x27, 0xF5, 0xF4, 0xC0, 0x6C, 0x72, 0xC8, 0x2E,
    0x66, 0xE2, 0x9B, 0x66, 0x09, 0xEC, 0xF7, 0xE0, 0x8E, 0x32, 0xD4, 0xBA, 0x21, 0x56, 0x02, 0x1B,
    0x62, 0xAB, 0xAA, 0x88, 0x12, 0xEC, 0xDD, 0x04, 0x1F, 0x36, 0x0E, 0x35, 0xBF, 0x1C, 0xD7, 0x43,
    0x9C, 0xD7, 0xE9, 0xF7, 0x09, 0x38, 0xD9, 0x9C, 0x9B, 0xAC, 0x0C, 0xCA, 0x64, 0xE4, 0xA4, 0x2A,
    0x57, 0xDA, 0x55, 0x87, 0x2B, 0xB3, 0x3D, 0x95, 0x66, 0x6F, 0xD6, 0xCF, 0xFF, 0x88, 0xB6, 0xA2,
    0x75, 0x06, 0x89, 0xA7, 0x5D, 0x1E, 0xC9, 0x7B, 0xD1, 0xC6, 0xB2, 0x88, 0xEF, 0x43, 0x42, 0x76,
    0xB0, 0x3B, 0x94, 0x4D, 0x7E, 0x0D, 0xC3, 0x0E, 0x75, 0x67, 0xD3, 0xFC, 0x5F, 0xCA, 0x80, 0x0D,
    0xED, 0xE7, 0xB8, 0xCB, 0x07, 0x8F, 0x71, 0xA3, 0xED, 0x21, 0x09, 0x37, 0xC9, 0xB0, 0xC3, 0x94,
    0x30, 0x2E, 0x12, 0xD5, 0x4D, 0xDE, 0x99, 0x11, 0xCA, 0xB0, 0x13, 0xBC, 0xB6, 0x61, 0x27, 0x45,
    0xAD, 0x7E, 0x05, 0xFC, 0xCC, 0x7F, 0xCB, 0x79, 0x56, 0x69, 0x3F, 0x73, 0xA5, 0xBC, 0xBA, 0xA4,
    0x7B, 0x6B, 0xA4, 0xAF, 0xD3, 0xCC, 0xAD, 0x3D, 0x75, 0x97, 0x45, 0x56, 0xB2, 0xA9, 0x00, 0x6A,
    0xA9, 0x38, 0x2A, 0x58, 0x91, 0xCE, 0x94, 0xF2, 0x20, 0x95, 0xD4, 0x94, 0x88, 0xD2, 0x14, 0xDC,
    0xE1, 0x76, 0xC8, 0xDB, 0x6F, 0x06, 0x53, 0x94, 0x74, 0xA2, 0x96, 0x96, 0x42, 0x05, 0xBF, 0x48,
    0x83, 0xF5, 0x7E, 0x2F, 0xE7, 0xF4, 0xFF, 0x4D, 0x50, 0x3D, 0x4E, 0xC3, 0x30, 0x14, 0xFE, 0x14,
    0xB7, 0x04, 0xC9, 0x52, 0xDC, 0x81, 0xA1, 0xEA, 0xD2, 0x0E, 0x41, 0xA2, 0x12, 0x55, 0x3A, 0x30,
    0x14, 0x29, 0xAA, 0xBD, 0x33, 0xD0, 0x81, 0x03, 0x70, 0x04, 0x86, 0x0E, 0x0C, 0x51, 0xE3, 0x23,
    0x70, 0x04, 0x06, 0x06, 0xD4, 0x85, 0xA5, 0x03, 0x43, 0x45, 0x8D, 0x7A, 0x01, 0x1F, 0x21, 0x70,
    0x82, 0x0C, 0x1D, 0x32, 0xA4, 0x84, 0x17, 0x37, 0x54, 0xBC, 0x1F, 0xBF, 0xF7, 0x3E, 0xBF, 0x1F,
    0xFB, 0xF5, 0xDE, 0xAC, 0xAC, 0xEC, 0xF9, 0x1D, 0x7A, 0x47, 0x67, 0xB9, 0x7C, 0x96, 0x55, 0x95,
    0x93, 0x7D, 0x22, 0x7D, 0x25, 0x7F, 0x4F, 0xF6, 0x25, 0xAA, 0x6A, 0xD2, 0xD2, 0x19, 0x83, 0x03,
    0x1D, 0x40, 0xCA, 0x96, 0x7F, 0x0E, 0x8E, 0xA4, 0x99, 0x0E, 0x10, 0x23, 0x21, 0xDE, 0x20, 0x55,
    0x53, 0x07, 0x72, 0x1D, 0x99, 0xBE, 0xE1, 0x86, 0x19, 0x5F, 0x05, 0x78, 0xC4, 0x8C, 0x30, 0xDF,
    0x8A, 0x4C, 0x64, 0x2C, 0xF3, 0x2C, 0x33, 0x1C, 0x23, 0x0C, 0x30, 0x84, 0x54, 0xA9, 0x5A, 0x50,
    0x75, 0x8C, 0x00, 0xBE, 0x86, 0x85, 0xEE, 0x32, 0xBD, 0x0A, 0x3C, 0x13, 0xFB, 0x3A, 0x11, 0x2A,
    0x11, 0x7A, 0x23, 0xB2, 0xF4, 0x36, 0x9F, 0xF2, 0xE6, 0x29, 0xFC, 0x73, 0x17, 0x6D, 0x8B, 0xFE,
    0xB6, 0xE0, 0xA6, 0x60, 0x66, 0xE5, 0xAB, 0x3C, 0xF0, 0xEC, 0x84, 0xAB, 0xD9, 0x29, 0xDC, 0x88,
    0xB5, 0xF8, 0x2E, 0xC5, 0x57, 0xC9, 0xB2, 0xB5, 0x67, 0x63, 0x66, 0xE6, 0x5C, 0x65, 0x23, 0xA6,
    0x07, 0x6D, 0x0C, 0x4F, 0x94, 0xBC, 0xC9, 0xA9, 0xD5, 0x42, 0x98, 0x98, 0x6B, 0xEA, 0x4F, 0x53,
    0x7C, 0x9D, 0xC3, 0x5E, 0xD6, 0x95, 0x1D, 0xA0, 0x00, 0xE6, 0xC0, 0xB8, 0x96, 0xFB, 0x71, 0x58,
    0x55, 0x25, 0x9D, 0x35, 0x42, 0x78, 0xE9, 0xE4, 0x1D, 0x58, 0xB9, 0x9C, 0x87, 0x26, 0xAD, 0x91,
    0x81, 0x2B, 0x27, 0x3A, 0x03, 0x2D, 0x81, 0xFE, 0x82, 0x09, 0x10, 0xE2, 0x2A, 0xBC, 0x48, 0xAB,
    0x32, 0x9C, 0x74, 0xEB, 0x30, 0x71, 0xF2, 0xCF, 0xB9, 0x9E, 0x24, 0x8B, 0x8F, 0x75, 0x27, 0x6C,
    0x51, 0x66, 0x8D, 0xC7, 0x0E, 0x77, 0x5F, 0xCC, 0x65, 0x99, 0xEE, 0xD3, 0x1F, 0xB9, 0x8F, 0x4A,
    0x9E, 0xB5, 0x20, 0x91, 0x92, 0xB6, 0x88, 0xA1, 0x50, 0x87, 0x2C, 0x47, 0x44, 0x7B, 0x63, 0x3B,
    0x48, 0xDD, 0x44, 0xEE, 0xAE, 0x8D, 0x5F, 0xED, 0x3C, 0x6D, 0x6C, 0x1C, 0xC7, 0x75, 0xB3, 0xBB,
    0xE2, 0x2D, 0xC5, 0x25, 0xB9, 0x44, 0x21, 0x2B, 0xAA, 0x49, 0x71, 0x15, 0x98, 0x45, 0x58, 0x9B,
    0xD4, 0x5E, 0x5A, 0x02, 0x3D, 0xC4, 0x47, 0xDE, 0x36, 0x05, 0x9A, 0x1F, 0x29, 0x50, 0xFE, 0xB0,
    0x8D, 0xC0, 0x6E, 0x51, 0xB5, 0x40, 0x8A, 0xF8, 0x23, 0x25, 0x83, 0x12, 0x85, 0x0A, 0x48, 0xBA,
    0x4D, 0x83, 0xD4, 0x3F, 0x5C, 0xB4, 0x2C, 0x50, 0xB7, 0x8D, 0x01, 0x07, 0x84, 0xE1, 0xA0, 0x88,
    0x8C, 0x44, 0x42, 0xA1, 0x02, 0x4A, 0x20, 0x6A, 0x07, 0xFD, 0x53, 0xB4, 0x09, 0x90, 0x4D, 0xDC,
    0xD4, 0x3F, 0x9A, 0xC6, 0x67, 0x44, 0x2E, 0x5A, 0x07, 0x88, 0x37, 0xC1, 0xD5, 0x3E, 0xCA, 0x77,
    0x37, 0x7D, 0x1F, 0x33, 0x7B, 0x7B, 0xE4, 0x91, 0x92, 0x62, 0x4A, 0xA6, 0x05, 0xEF, 0xDD, 0xCD,
    0x1C, 0xF7, 0x76, 0x67, 0xDF, 0xBC, 0x79, 0xDF, 0xEF, 0x0D, 0x85, 0x28, 0x1C, 0x73, 0x16, 0x75,
    0x8B, 0x25, 0xEA, 0x96, 0x46, 0xA9, 0x9B, 0x9E, 0xA2, 0xCE, 0x9F, 0xA3, 0x6E, 0xA4, 0x46, 0xDD,
    0xB9, 0x50, 0x42, 0x3B, 0xD9, 0x0E, 0x3A, 0x91, 0x78, 0x4C, 0x35, 0x3D, 0x85, 0x47, 0x6C, 0x61,
    0x7B, 0x0D, 0xCE, 0x2B, 0xF5, 0x3A, 0x5E, 0x35, 0x24, 0x06, 0x1D, 0x13, 0x4D, 0xEA, 0xEA, 0x6D,
    0xEA, 0x54, 0x8B, 0xBA, 0xCD, 0x53, 0xD4, 0x1D, 0x95, 0xD4, 0xB9, 0x19, 0x75, 0x1E, 0x77, 0xB6,
    0xCC, 0xEF, 0xB5, 0x74, 0x3F, 0xBC, 0xAD, 0x3F, 0xC6, 0x23, 0x8B, 0x2A, 0xF5, 0x65, 0xB1, 0x48,
    0xFD, 0x15, 0x51, 0x8B, 0x70, 0x18, 0x25, 0x43, 0x78, 0x66, 0x49, 0xBD, 0x29, 0x7D, 0xD5, 0x4D,
    0x54, 0xD7, 0x91, 0x0E, 0x42, 0xDA, 0x80, 0xDF, 0x12, 0xA5, 0xB6, 0x68, 0xE0, 0x27, 0x9E, 0xED,
    0x87, 0xD2, 0xF2, 0x23, 0xEA, 0x9D, 0x37, 0x53, 0x86, 0x45, 0xC5, 0xDC, 0xFF, 0x87, 0xBE, 0xE0,
    0x29, 0xDD, 0xD7, 0xF8, 0x3A, 0x91, 0xE8, 0xBF, 0x8F, 0x6F, 0x9B, 0xAE, 0x25, 0x85, 0x03, 0xEF,
    0x54, 0xD8, 0x30, 0x90, 0xC4, 0xC9, 0x24, 0x31, 0x5E, 0x7C, 0xBA, 0xFF, 0xB2, 0x43, 0xF3, 0xC2,
    0x4F, 0xA2, 0x50, 0x89, 0xE0, 0xEF, 0x85, 0xB5, 0x26, 0x44, 0x57, 0x58, 0x80, 0xA0, 0x35, 0xFE,
    0x0D, 0x96, 0x46, 0xD8, 0x0A, 0x80, 0x6D, 0x24, 0xDF, 0x69, 0x9C, 0xB5, 0x53, 0x03, 0xA2, 0x70,
    0x15, 0x4C, 0x29, 0x02, 0x98, 0xAC, 0xCF, 0x00, 0x46, 0xF1, 0x2E, 0xC1, 0xEB, 0x74, 0xEF, 0x3A,
    0x63, 0x57, 0xBD, 0x91, 0x48, 0x41, 0xEB, 0x12, 0x0B, 0xFB, 0xFB, 0x2B, 0xAA, 0x8B, 0x67, 0x43,
    0x9E, 0x72, 0x87, 0x71, 0xCD, 0xA3, 0x4D, 0xF3, 0x98, 0x15, 0xEE, 0x1A, 0x1A, 0x74, 0x0B, 0x4F,
    0x3B, 0x11, 0x4D, 0xDE, 0x11, 0x81, 0x82, 0xBF, 0x4A, 0x22, 0xF8, 0x57, 0x24, 0x04, 0x82, 0x52,
    0x8C, 0xF3, 0xC4, 0x7D, 0x21, 0x3A, 0xDC, 0xE1, 0xB4, 0x7C, 0x8D, 0x2A, 0x1E, 0xC5, 0xE1, 0x15,
    0xB6, 0x35, 0x02, 0x55, 0x77, 0x99, 0xD0, 0xC6, 0x30, 0xB9, 0xD0, 0x22, 0x3D, 0x4C, 0x2A, 0xFD,
    0x33, 0x1E, 0x4F, 0xD0, 0x15, 0xF8, 0x13, 0x3C, 0xD0, 0x87, 0x16, 0xC6, 0xF6, 0x9F, 0x4D, 0x90,
    0xB4, 0xE0, 0x71, 0x57, 0xE8, 0xC7, 0x6B, 0x21, 0xE2, 0x3D, 0x14, 0xA1, 0x92, 0xF8, 0x50, 0x1F,
    0xBB, 0x06, 0x3C, 0x04, 0x50, 0xCD, 0x03, 0xB9, 0x3C, 0xD6, 0x38, 0x77, 0xA3, 0xE2, 0x10, 0x42,
    0x36, 0x25, 0x42, 0xC4, 0xC0, 0x1C, 0x53, 0x1F, 0x74, 0x33, 0xD0, 0x55, 0xC5, 0x50, 0x4A, 0x9D,
    0x8D, 0x27, 0x97, 0x84, 0xD3, 0xA4, 0x91, 0x2D, 0x04, 0x3F, 0x60, 0xDA, 0xF3, 0x99, 0x66, 0x5D,
    0x05, 0x0F, 0x7D, 0x84, 0xF1, 0xB9, 0xC5, 0x73, 0x88, 0x71, 0x66, 0xAA, 0xB3, 0x83, 0xCA, 0x97,
    0xF3, 0xEB, 0x01, 0x36, 0xC4, 0x77, 0xC8, 0x4C, 0x61, 0xF1, 0x3D, 0x21, 0x4E, 0xCD, 0x52, 0xD7,
    0xBF, 0x2E, 0xAC, 0x04, 0x7F, 0xAD, 0xD3, 0x95, 0x09, 0x61, 0xEC, 0xDC, 0x00, 0xA6, 0xF9, 0x85,
    0x46, 0xCE, 0x2C, 0x96, 0x42, 0xB6, 0xB0, 0xB6, 0x68, 0x85, 0x3F, 0x44, 0xD4, 0xE7, 0xD3, 0xAF,
    0x01, 0xAD, 0xA4, 0xDB, 0xC3, 0xE3, 0x04, 0xA1, 0x9F, 0x10, 0xEB, 0x13, 0x88, 0x81, 0x52, 0xD7,
    0x1F, 0x8E, 0x08, 0x06, 0x89, 0xCF, 0x84, 0xD6, 0x53, 0xD7, 0xDF, 0x88, 0x4A, 0xEA, 0x9A, 0x95,
    0x8A, 0xA4, 0x83, 0x63, 0x2B, 0x18, 0x45, 0x65, 0xDF, 0x40, 0x98, 0x32, 0x33, 0xD0, 0xC7, 0x69,
    0xE4, 0x77, 0x9A, 0xB4, 0x8C, 0xFC, 0xF4, 0x78, 0xC7, 0xD3, 0x09, 0x53, 0x6E, 0xD4, 0x83, 0x19,
    0xBE, 0x3A, 0x70, 0xB1, 0x0B, 0xB7, 0xB9, 0x78, 0xC9, 0x97, 0xA1, 0x07, 0xDA, 0x07, 0x82, 0x15,
    0xC1, 0x0F, 0x61, 0xA4, 0x68, 0xC0, 0x3C, 0x1D, 0xBC, 0x49, 0x32, 0x55, 0xE2, 0x4D, 0x36, 0x3E,
    0x0D, 0x3F, 0xAB, 0xC4, 0xD7, 0xFC, 0x81, 0xBF, 0x91, 0x07, 0x3C, 0x49, 0xDC, 0x67, 0x75, 0xC5,
    0xE3, 0x2B, 0x2D, 0x98, 0x08, 0x9C, 0x7A, 0x5C, 0xCB, 0x08, 0x07, 0x6E, 0xF5, 0xE1, 0x32, 0x0F,
    0x01, 0xFF, 0x9A, 0x40, 0xD6, 0x22, 0xEA, 0x0D, 0x9F, 0xCF, 0x09, 0x63, 0xF0, 0x61, 0xE1, 0xF3,
    0xE1, 0x26, 0xA7, 0xCD, 0x1F, 0x64, 0x42, 0x21, 0xF9, 0x83, 0x72, 0x08, 0xE7, 0x17, 0xC0, 0x9F,
    0x67, 0x89, 0xAE, 0x3F, 0x9D, 0x64, 0x30, 0x2C, 0xA0, 0xE2, 0x21, 0x7D, 0xBB, 0xAD, 0x3F, 0x4E,
    0xE1, 0x63, 0x07, 0x91, 0xB0, 0x5F, 0x00, 0xCE, 0xFF, 0x64, 0x2C, 0x5E, 0x02, 0xEA, 0xAB, 0xAF,
    0xEF, 0xF2, 0xEC, 0x7D, 0x98, 0x7B, 0x11, 0x06, 0xC4, 0xAF, 0x65, 0x3E, 0xBF, 0x0D, 0xD7, 0x7F,
    0x25, 0x15, 0xD6, 0x9F, 0x4B, 0xF1, 0x24, 0xE0, 0x3F, 0x7C, 0xF1, 0xF6, 0xCC, 0xBF, 0xEF, 0x98,
    0x34, 0x5F, 0x4A, 0x5D, 0xF3, 0x2D, 0x31, 0x8C, 0x12, 0xA8, 0xA6, 0x7E, 0xA0, 0xEA, 0x9D, 0x32,
    0x88, 0x49, 0x9A, 0x06, 0x23, 0x5D, 0x43, 0x23, 0x4C, 0x63, 0x24, 0xBC, 0xF2, 0xF1, 0x2B, 0xF9,
    0xB7, 0xC5, 0xFC, 0x5B, 0x2D, 0xA7, 0xFE, 0x20, 0xA7, 0x5E, 0xBB, 0x9D, 0xFF, 0x5C, 0xC7, 0xE6,
    0x88, 0x30, 0x32, 0xAA, 0x4C, 0x0F, 0x91, 0x86, 0x5D, 0x05, 0x52, 0x4B, 0x9C, 0xB3, 0x2F, 0x11,
    0xBD, 0x95, 0xEA, 0x45, 0x60, 0x02, 0xDF, 0xCC, 0x25, 0x59, 0xFD, 0x9A, 0x38, 0x8A, 0x4C, 0xAC,
    0x45, 0x19, 0x81, 0x8C, 0xB2, 0x8A, 0xE7, 0x6A, 0x25, 0x6A, 0x2B, 0x12, 0x37, 0x3A, 0x8C, 0x0E,
    0x11, 0x6E, 0x2B, 0x87, 0xD0, 0xCC, 0xDD, 0x55, 0xA9, 0x99, 0x93, 0xC1, 0x90, 0xAD, 0x0C, 0x16,
    0xFC, 0x1C, 0xA3, 0xF5, 0x46, 0xFE, 0x63, 0xB4, 0x63, 0xB0, 0x20, 0xCD, 0xF1, 0x32, 0x00, 0x6B,
    0x4B, 0xF9, 0xB7, 0x30, 0xC7, 0xAE, 0x9F, 0x4B, 0x32, 0xAB, 0x27, 0x90, 0xC3, 0xCC, 0x60, 0xCD,
    0xED, 0x18, 0xAC, 0xD1, 0xCF, 0x8C, 0xB5, 0x7F, 0xC8, 0x0C, 0xD6, 0x7E, 0xBF, 0x9D, 0x63, 0x0D,
    0x88, 0x93, 0xB0, 0xE6, 0x49, 0x90, 0x9D, 0x9B, 0x74, 0x43, 0xE4, 0xA8, 0x88, 0xB0, 0x06, 0x83,
    0x24, 0x51, 0x4D, 0xAB, 0xE0, 0x49, 0x23, 0xE1, 0x6F, 0x88, 0x35, 0x57, 0xE6, 0x60, 0xAD, 0xE0,
    0x64, 0x5D, 0x95, 0x4B, 0x4E, 0x97, 0x30, 0x13, 0x76, 0xF2, 0x0B, 0x58, 0xE9, 0x78, 0x04, 0xD6,
    0x18, 0xCF, 0xAC, 0x20, 0xAB, 0xDC, 0x76, 0x41, 0x65, 0xB3, 0xE0, 0x72, 0x18, 0x55, 0x99, 0x36,
    0x20, 0xF0, 0x98, 0xA1, 0xF6, 0x62, 0x6E, 0x90, 0xB0, 0xC5, 0x40, 0xA2, 0x53, 0x90, 0xD0, 0xDE,
    0x71, 0x04, 0x34, 0x09, 0x5A, 0x9B, 0x80, 0x61, 0x69, 0x12, 0x61, 0x47, 0x86, 0xA8, 0x5D, 0x02,
    0x2E, 0x24, 0xE0, 0x12, 0x7C, 0xA2, 0xDD, 0xED, 0xD9, 0x3B, 0xAC, 0x36, 0x59, 0x61, 0xF1, 0x77,
    0x56, 0x3B, 0xAE, 0x62, 0x68, 0x09, 0x74, 0xAF, 0xCD, 0xD8, 0x8F, 0x7A, 0x8B, 0xFF, 0x4B, 0x34,
    0xDC, 0x11, 0xA2, 0xED, 0x35, 0x5C, 0x72, 0x37, 0x73, 0xB7, 0x00, 0xCE, 0x54, 0x28, 0x89, 0xCA,
    0x26, 0x4C, 0x93, 0x96, 0xC6, 0x5E, 0x91, 0xD3, 0xF3, 0x6F, 0x9B, 0xF9, 0x3A, 0x5F, 0x33, 0x98,
    0x36, 0xB3, 0xB3, 0xAE, 0x46, 0x93, 0x86, 0x94, 0x0C, 0x17, 0x5F, 0x36, 0x5C, 0x6C, 0x45, 0x1F,
    0x70, 0xB1, 0x20, 0xA3, 0xC2, 0x80, 0xD8, 0xCC, 0xA7, 0x17, 0xEF, 0x3C, 0x15, 0xF5, 0x4E, 0x69,
    0xBE, 0x0F, 0x22, 0xC3, 0xAA, 0x97, 0x0C, 0xDF, 0x5B, 0xF1, 0x07, 0x7C, 0x2F, 0xFA, 0x4C, 0x08,
    0x8D, 0x39, 0xAF, 0x45, 0xDC, 0x82, 0x5F, 0x57, 0xD6, 0x81, 0x96, 0xDD, 0x26, 0x42, 0xB2, 0x44,
    0x92, 0x60, 0xF9, 0xE0, 0x49, 0x02, 0xB7, 0xC7, 0x59, 0x64, 0x06, 0x5B, 0xFC, 0x35, 0xE5, 0xB3,
    0x01, 0x7E, 0x45, 0x39, 0xB1, 0x48, 0x72, 0x62, 0xF9, 0x40, 0xCA, 0x89, 0x65, 0xA4, 0x54, 0x70,
    0xC1, 0x46, 0x4F, 0x88, 0x79, 0x34, 0x58, 0x63, 0x5F, 0x09, 0x7F, 0x5D, 0xBB, 0x5A, 0x7D, 0x47,
    0x86, 0xBE, 0x84, 0xA3, 0xD0, 0x47, 0xF2, 0xEB, 0x72, 0xCA, 0x93, 0x73, 0xB6, 0xAC, 0x3A, 0xB2,
    0xA6, 0xE2, 0x50, 0x45, 0x30, 0xC1, 0xD2, 0x35, 0x1C, 0x0D, 0x80, 0x07, 0x9C, 0xCF, 0x44, 0xE8,
    0xA4, 0xD5, 0xC0, 0xCF, 0xE9, 0x8A, 0x60, 0x5D, 0x63, 0x16, 0xFD, 0xB8, 0x51, 0x72, 0x9D, 0x60,
    0x85, 0x4E, 0xA2, 0x04, 0xF5, 0x5E, 0x15, 0xF3, 0x9E, 0xA8, 0x78, 0xE0, 0xF3, 0x08, 0xF5, 0x4E,
    0x54, 0xFF, 0x91, 0x1C, 0xFA, 0x8D, 0x36, 0xB9, 0x2C, 0x57, 0x72, 0xCB, 0xF6, 0x2C, 0x36, 0x5D,
    0x76, 0xF4, 0xD0, 0x18, 0x8D, 0x01, 0xB4, 0x77, 0xB2, 0x45, 0x80, 0xA4, 0x11, 0x0A, 0xE7, 0x2D,
    0x09, 0x58, 0x3E, 0xC5, 0x68, 0xA2, 0xC6, 0x47, 0xDF, 0xC5, 0xC3, 0xA7, 0x80, 0x11, 0x53, 0xC1,
    0x66, 0x03, 0x7D, 0x05, 0x20, 0x4F, 0x29, 0x54, 0x0C, 0xC6, 0x4D, 0x18, 0xD9, 0xF2, 0x9E, 0xC7,
    0x80, 0x86, 0xC3, 0xB6, 0xF6, 0x80, 0x7A, 0xCD, 0xC5, 0xBC, 0x41, 0x63, 0x4C, 0x6C, 0xFC, 0x8D,
    0xB0, 0x9E, 0x4C, 0x91, 0x92, 0x25, 0xF9, 0x31, 0x2B, 0x4A, 0xFD, 0x6F, 0xEE, 0xC9, 0x19, 0xE6,
    0x2E, 0x8A, 0x32, 0x2D, 0xEF, 0x86, 0x98, 0xE1, 0x96, 0x72, 0xDF, 0x17, 0x27, 0xD2, 0xB9, 0x48,
    0xCF, 0x38, 0xC6, 0x1E, 0x87, 0xE8, 0xEB, 0xAC, 0xD8, 0xCA, 0xD8, 0xAC, 0xCE, 0x78, 0x1E, 0x19,
    0xF9, 0x2D, 0xD4, 0xD5, 0x52, 0xEE, 0x32, 0xEA, 0x80, 0xB6, 0x80, 0x0A, 0x86, 0x1E, 0x91, 0x20,
    0x4C, 0x60, 0x25, 0x50, 0x4E, 0x1F, 0x62, 0x71, 0x3D, 0xC3, 0x28, 0x2A, 0x73, 0x77, 0x8A, 0xBB,
    0x0D, 0xEC, 0x3A, 0x74, 0xA7, 0xFB, 0xAA, 0x40, 0x78, 0x12, 0x3F, 0x4E, 0x5E, 0x1F, 0xBA, 0xD0,
    0xF1, 0x32, 0x64, 0xD1, 0xCC, 0xC9, 0x80, 0x3F, 0xBB, 0x91, 0x95, 0x59, 0x49, 0x77, 0x7D, 0x3B,
    0x4B, 0x5A, 0x44, 0x70, 0x0E, 0x4D, 0xC3, 0x66, 0x4E, 0x79, 0x94, 0xBD, 0x65, 0xE0, 0x4C, 0xE9,
    0x61, 0x28, 0x20, 0xF6, 0xFF, 0x13, 0x99, 0x13, 0x05, 0xDA, 0xC1, 0x60, 0x4E, 0xAB, 0xE0, 0xEE,
    0xF2, 0xF8, 0x68, 0x44, 0x07, 0xC2, 0x3A, 0x8D, 0x04, 0xE7, 0x27, 0xC8, 0x8A, 0xB5, 0x2E, 0xB2,
    0x62, 0xED, 0x29, 0x64, 0xC5, 0xD2, 0x81, 0x53, 0xD9, 0xEC, 0xD3, 0x68, 0x1B, 0xD1, 0x26, 0x99,
    0xE1, 0xA5, 0x13, 0xDA, 0x79, 0x97, 0x28, 0xE1, 0x6D, 0xA2, 0x4F, 0x68, 0x37, 0x88, 0xA7, 0x32,
    0x62, 0xAB, 0x0E, 0xC5, 0x47, 0x12, 0x15, 0xCD, 0x22, 0x1B, 0x37, 0x30, 0x46, 0x72, 0x94, 0x5A,
    0x3B, 0xAD, 0x11, 0x62, 0x43, 0x70, 0x0C, 0x80, 0xB7, 0xBB, 0xCF, 0x25, 0xE8, 0x4A, 0x20, 0x14,
    0x16, 0x87, 0x45, 0xEE, 0xFD, 0x6A, 0x2E, 0x95, 0xD1, 0xA3, 0xF8, 0x2C, 0xE0, 0x44, 0x38, 0x1D,
    0x1C, 0xD9, 0x6F, 0xE3, 0xC8, 0x4B, 0x34, 0x72, 0xAD, 0x8B, 0x6B, 0x50, 0x53, 0x72, 0x01, 0xAE,
    0x79, 0x2C, 0xAD, 0x50, 0xC8, 0xA6, 0x4A, 0x18, 0x09, 0x69, 0xF9, 0x60, 0x82, 0x41, 0x9B, 0xC4,
    0x7D, 0x43, 0x60, 0xE4, 0x25, 0x42, 0x72, 0x40, 0x5B, 0xC3, 0x5A, 0xBE, 0xA5, 0x18, 0x09, 0xB0,
    0xAE, 0x5F, 0xC7, 0x18, 0x49, 0xED, 0x77, 0x45, 0x49, 0xEC, 0x15, 0x1A, 0x11, 0x23, 0xC2, 0xC5,
    0x68, 0x4F, 0x1C, 0x7C, 0xAB, 0xE0, 0x67, 0x46, 0xC6, 0x4E, 0x18, 0xC3, 0xA5, 0xFA, 0x08, 0x9E,
    0xFA, 0x43, 0x6C, 0xBE, 0x8D, 0x10, 0xA3, 0x0B, 0x63, 0x23, 0x45, 0x0D, 0x23, 0x87, 0x0C, 0xE3,
    0x15, 0x33, 0x78, 0xED, 0x47, 0xF1, 0xAE, 0x17, 0x10, 0xC9, 0xBF, 0xDE, 0x40, 0x74, 0xAE, 0x0B,
    0xEB, 0x37, 0x3F, 0xFC, 0x79, 0xE1, 0xBC, 0xA0, 0x26, 0x45, 0x69, 0xFA, 0xB9, 0x17, 0xA2, 0xA9,
    0x71, 0x5B, 0xA6, 0xE5, 0x79, 0xAB, 0x51, 0xA6, 0x6F, 0xF6, 0xFD, 0x70, 0xCE, 0xF9, 0x9E, 0x02,
    0xC2, 0x2A, 0xC1, 0x75, 0x74, 0x07, 0xDF, 0x2B, 0xFE, 0x00, 0x1F, 0xF6, 0xD1, 0x7C, 0x64, 0x7A,
    0x06, 0x3D, 0x8D, 0x9E, 0x4B, 0x10, 0x10, 0x2C, 0xE2, 0xD3, 0xC2, 0xC0, 0x37, 0x1E, 0x1B, 0x98,
    0x45, 0x74, 0x28, 0x8F, 0xD3, 0xD0, 0xD9, 0xD2, 0xBA, 0xB9, 0x53, 0xFC, 0x05, 0x36, 0x5F, 0xC4,
    0xE6, 0xBE, 0xFC, 0x11, 0x47, 0xF0, 0xA6, 0x51, 0x44, 0xF0, 0xF0, 0x09, 0x94, 0x3C, 0xC8, 0x26,
    0xBF, 0x5C, 0x92, 0xB8, 0x62, 0x80, 0xE1, 0xC3, 0xF7, 0x0D, 0x09, 0xE7, 0xE5, 0xCE, 0x03, 0x62,
    0xE8, 0x81, 0xE7, 0x5E, 0x16, 0xB3, 0x63, 0xCE, 0xE7, 0x65, 0xB9, 0x6A, 0xA7, 0xE5, 0x29, 0xFC,
    0x36, 0xF4, 0xC0, 0xF3, 0x2F, 0xE3, 0xAF, 0xF7, 0x0B, 0x7B, 0x14, 0xAE, 0x83, 0xD5, 0x85, 0xDB,
    0xE6, 0x47, 0xA4, 0x1E, 0x85, 0xC6, 0xA3, 0x91, 0xE9, 0x19, 0x1F, 0x8E, 0xCD, 0x73, 0xBF, 0x68,
    0x60, 0x21, 0xA8, 0x08, 0x3E, 0x82, 0x74, 0xBA, 0x20, 0x16, 0xC5, 0xB6, 0xC8, 0x9D, 0x2F, 0xFA,
    0xC4, 0xA5, 0xF0, 0x35, 0xCD, 0x3B, 0xBA, 0xCF, 0x83, 0x5D, 0x66, 0x65, 0x4D, 0x6F, 0xAC, 0x94,
    0x88, 0x6F, 0x1C, 0x2E, 0xF3, 0x0D, 0xC7, 0x74, 0x3F, 0x9B, 0xF0, 0x05, 0x35, 0xA0, 0x36, 0x8C,
    0x43, 0x06, 0x5F, 0x62, 0x3E, 0x1D, 0xEA, 0xC5, 0x84, 0xD8, 0x5C, 0x2F, 0xF4, 0x7E, 0xB1, 0x5F,
    0x38, 0xCC, 0xFD, 0xE9, 0x71, 0xDD, 0xFB, 0xC2, 0x83, 0x47, 0xC5, 0x55, 0xEA, 0xED, 0xB8, 0xEA,
    0x45, 0x6E, 0x0C, 0x0A, 0xA4, 0xEA, 0xC6, 0xD4, 0xCF, 0x3B, 0x12, 0xB4, 0x89, 0x1B, 0x4F, 0x53,
    0x5F, 0x8F, 0x7D, 0x5B, 0xC2, 0xB7, 0x1F, 0x49, 0xDF, 0x4A, 0x1D, 0xE9, 0xC3, 0x3B, 0x6E, 0x38,
    0x32, 0xB8, 0x90, 0x06, 0x69, 0xC3, 0x96, 0x64, 0x04, 0xA5, 0x76, 0x5C, 0xEB, 0xA8, 0x2D, 0x25,
    0xED, 0x78, 0x68, 0x59, 0x65, 0x89, 0x44, 0x4A, 0x0D, 0xE3, 0x30, 0xB2, 0xFA, 0x30, 0x65, 0xC7,
    0x88, 0x1C, 0xE0, 0xCC, 0xEF, 0xCA, 0xE3, 0x5E, 0x3C, 0x71, 0x0E, 0xD5, 0x32, 0xC8, 0x9A, 0x63,
    0x45, 0x5B, 0x63, 0x89, 0x4E, 0xFE, 0x59, 0x54, 0x0D, 0xC4, 0xC4, 0x26, 0x06, 0x0F, 0x60, 0x4A,
    0x0B, 0x62, 0x3F, 0x0F, 0x60, 0xEF, 0x50, 0xC9, 0xC0, 0x18, 0x87, 0x87, 0xC4, 0x39, 0xEB, 0x87,
    0x25, 0x31, 0xBC, 0x30, 0xD1, 0x2A, 0xFF, 0x60, 0xB1, 0x35, 0x75, 0x56, 0x3C, 0x6E, 0xC5, 0xD3,
    0xAC, 0x5C, 0x6E, 0x0C, 0xB1, 0x13, 0x61, 0x7C, 0xAD, 0x85, 0x02, 0xF8, 0xAC, 0x60, 0x55, 0xC4,
    0x37, 0x9A, 0xF3, 0x29, 0x3A, 0x03, 0x1B, 0xB7, 0x73, 0x02, 0xF8, 0x80, 0xAF, 0x0B, 0xF1, 0x6F,
    0x24, 0x1E, 0x41, 0x0C, 0x7E, 0x0C, 0x15, 0x3D, 0x2C, 0xDC, 0x71, 0xAD, 0x4A, 0x0C, 0x21, 0x80,
    0x3D, 0xFB, 0xC7, 0x91, 0xA8, 0x47, 0xA8, 0x7F, 0x80, 0x98, 0x17, 0x90, 0x10, 0x61, 0xFD, 0x67,
    0xF7, 0x15, 0x36, 0x5F, 0x65, 0x9E, 0xCA, 0xDC, 0xDC, 0xCC, 0xDF, 0x05, 0x3F, 0xDB, 0xA7, 0xB0,
    0xD7, 0xB1, 0x8A, 0x31, 0xB0, 0x30, 0xE6, 0x41, 0xC6, 0x0C, 0xAF, 0x1C, 0x29, 0xCB, 0x99, 0xCF,
    0xC9, 0x05, 0x05, 0x56, 0xB8, 0x08, 0x3F, 0xC5, 0x3C, 0x19, 0x01, 0xEB, 0xCC, 0x7E, 0x4E, 0x56,
    0x54, 0x8C, 0x27, 0xBF, 0xB4, 0x4B, 0xD4, 0x7E, 0x5F, 0x70, 0xEE, 0xA5, 0xE3, 0xCD, 0x99, 0xD9,
    0xD9, 0xA9, 0xB0, 0xE5, 0xE5, 0x9E, 0x07, 0x40, 0xE8, 0x6C, 0x8A, 0x92, 0x27, 0x46, 0x5C, 0xE1,
    0x76, 0x85, 0xDD, 0xBA, 0x6D, 0x8B, 0x7E, 0x09, 0xCD, 0x8D, 0x91, 0xCB, 0x62, 0x6A, 0x02, 0x16,
    0x7C, 0xBD, 0xA6, 0x52, 0x38, 0x0F, 0x67, 0x80, 0x7B, 0xC7, 0x72, 0xDB, 0x2D, 0x3C, 0xFF, 0x52,
    0xBB, 0x0E, 0xAC, 0x59, 0x57, 0x2F, 0x0E, 0xB0, 0x74, 0x63, 0x52, 0x55, 0x24, 0x9B, 0xF2, 0x4F,
    0xCA, 0x32, 0xCA, 0x6E, 0xB0, 0xC5, 0x46, 0x56, 0x5B, 0xB6, 0xED, 0x73, 0xB1, 0xF0, 0x59, 0xDD,
    0x16, 0xD0, 0x2B, 0x1B, 0x73, 0x96, 0x9E, 0xEF, 0x9F, 0x7F, 0xA9, 0x03, 0xC2, 0xE1, 0x5A, 0x0D,
    0xEC, 0xC9, 0xB1, 0x1D, 0x01, 0xE5, 0x54, 0x8F, 0xDF, 0x18, 0x30, 0xF6, 0xEA, 0xB6, 0xB1, 0x17,
    0x06, 0x7C, 0x2A, 0xFA, 0x53, 0xD5, 0x5E, 0x55, 0x00, 0x26, 0x84, 0xDF, 0x42, 0x97, 0xD4, 0x8A,
    0xFC, 0x34, 0x94, 0xAB, 0xD1, 0x25, 0x70, 0xEE, 0x6B, 0xED, 0xA5, 0x48, 0x33, 0x32, 0x50, 0xA2,
    0x1B, 0x79, 0xB1, 0x07, 0x22, 0xCE, 0x45, 0x71, 0x46, 0x2F, 0x3B, 0xB5, 0x53, 0x2B, 0x05, 0x40,
    0xCC, 0x2B, 0x85, 0x97, 0x24, 0xE4, 0x44, 0xC8, 0xBA, 0xA1, 0x14, 0xE5, 0x18, 0xAD, 0xD0, 0xA4,
    0x2B, 0x6A, 0x6D, 0xB1, 0x14, 0x19, 0xB1, 0x40, 0xA2, 0x0A, 0x98, 0xC7, 0xA5, 0xB7, 0x13, 0xEB,
    0xB7, 0x2D, 0xF5, 0xDB, 0xEA, 0x7F, 0xA3, 0xD6, 0x49, 0xE9, 0x0D, 0xF3, 0x04, 0x1B, 0x2A, 0x91,
    0x68, 0xF2, 0xA2, 0xD1, 0x86, 0x3E, 0xA9, 0x0E, 0x50, 0x8E, 0x1C, 0x61, 0x9B, 0x11, 0x13, 0x00,
    0x68, 0xAA, 0xB9, 0x60, 0x57, 0x1C, 0xDE, 0xBE, 0x6E, 0x25, 0x6D, 0x3F, 0xD6, 0x1A, 0x1C, 0xD5,
    0xFE, 0x47, 0xF8, 0xA0, 0xF9, 0x84, 0xB1, 0xEC, 0x04, 0x3E, 0xBF, 0x88, 0x08, 0x3B, 0xC5, 0x08,
    0xC6, 0x45, 0xC5, 0x01, 0x97, 0x38, 0xF8, 0xF9, 0x7B, 0x19, 0xA7, 0x18, 0x8E, 0xE8, 0x98, 0x03,
    0x9E, 0x43, 0xAB, 0xF5, 0xF0, 0x04, 0xEB, 0x89, 0x3D, 0x9F, 0x6B, 0x69, 0x85, 0x06, 0x60, 0x8B,
    0x3F, 0x81, 0xE7, 0x5C, 0xC2, 0xE7, 0xB5, 0xF9, 0x13, 0xB4, 0xF5, 0x62, 0x35, 0x58, 0xB9, 0xE1,
    0x73, 0x51, 0x09, 0x5E, 0x25, 0x47, 0xBE, 0x06, 0xB2, 0xC0, 0xED, 0xE6, 0x21, 0x8D, 0x61, 0x8A,
    0x32, 0x54, 0xCD, 0x1B, 0x64, 0xD7, 0x3C, 0x3A, 0x4A, 0xA8, 0x59, 0xA7, 0x09, 0x8E, 0xFC, 0xED,
    0x99, 0xB7, 0x4B, 0x6F, 0xC7, 0xBC, 0x2D, 0x63, 0x02, 0xA1, 0x72, 0x68, 0x88, 0x85, 0x18, 0x09,
    0x01, 0x19, 0xBE, 0x23, 0x42, 0xE3, 0x86, 0xF1, 0x53, 0xE6, 0xC9, 0x11, 0x3B, 0x4E, 0x6A, 0x92,
    0xDF, 0xDB, 0xC6, 0x74, 0x8B, 0x83, 0x47, 0xF4, 0x96, 0x18, 0xE9, 0x07, 0x33, 0x4C, 0x60, 0x6C,
    0x59, 0xC7, 0x91, 0x77, 0xA5, 0x04, 0xA2, 0x76, 0xE6, 0x73, 0x97, 0xAC, 0xE5, 0xD1, 0x13, 0xBD,
    0x0C, 0x54, 0x40, 0x76, 0xBB, 0x47, 0xC6, 0x32, 0xBB, 0xCB, 0xC3, 0xEF, 0x95, 0xDD, 0x4B, 0x86,
    0x85, 0xCB, 0xC9, 0x0D, 0x6A, 0x17, 0xE2, 0x5E, 0x20, 0xA5, 0x46, 0x16, 0x3E, 0xB9, 0x32, 0x88,
    0xC0, 0xDC, 0x0F, 0xD9, 0xED, 0xB8, 0x8D, 0xF6, 0xF3, 0x32, 0x22, 0x1F, 0x30, 0x74, 0x6C, 0x19,
    0x09, 0x03, 0x0C, 0x1E, 0x76, 0xD4, 0x67, 0xFA, 0xD5, 0x01, 0x22, 0xA5, 0x89, 0x42, 0x10, 0xA5,
    0xC3, 0x45, 0x0C, 0xFD, 0xC0, 0xEA, 0x4C, 0xDF, 0x92, 0x9F, 0x3F, 0xC0, 0xD8, 0x1E, 0x06, 0x8A,
    0xA9, 0xD2, 0x6B, 0x11, 0xEE, 0x3E, 0x09, 0x03, 0x4E, 0x03, 0x15, 0xF2, 0xCB, 0xA3, 0x17, 0x48,
    0x75, 0x20, 0x14, 0x7C, 0x31, 0x09, 0x9E, 0x00, 0x58, 0x2E, 0x89, 0x35, 0x78, 0x55, 0xE8, 0x35,
    0x47, 0xAF, 0xA9, 0xFC, 0x35, 0x0A, 0x72, 0x6F, 0x0C, 0xEF, 0x97, 0x5E, 0x1B, 0x70, 0x75, 0x45,
    0xDC, 0xF9, 0x0C, 0xF5, 0x36, 0xE5, 0x1C, 0x17, 0x63, 0x6A, 0x3A, 0xB2, 0xE7, 0x88, 0xF7, 0x20,
    0x27, 0xBD, 0xE3, 0x30, 0xFE, 0x91, 0x8E, 0x0A, 0x5A, 0x26, 0x44, 0x3A, 0xB3, 0x3D, 0x05, 0x0D,
    0xA3, 0x83, 0xD0, 0x16, 0xD2, 0x96, 0x49, 0x9C, 0x14, 0xDC, 0x2A, 0x57, 0xFA, 0x99, 0x0F, 0xF6,
    0xE7, 0x1E, 0x9E, 0x14, 0x1F, 0x2D, 0x1C, 0x1C, 0x79, 0xB6, 0x6C, 0xCE, 0x80, 0x59, 0x9C, 0xC4,
    0xE0, 0x27, 0x87, 0x7F, 0xB9, 0x23, 0xA3, 0x76, 0x33, 0xF1, 0x20, 0x9D, 0x2A, 0x07, 0x7F, 0x8E,
    0x58, 0x09, 0x3C, 0x3A, 0xE3, 0xD2, 0x69, 0xDB, 0x5E, 0x6A, 0x9B, 0x5F, 0xEB, 0x56, 0xE4, 0xC0,
    0x4D, 0x90, 0x31, 0xE9, 0x45, 0x50, 0x19, 0x17, 0x61, 0x68, 0x20, 0x79, 0x75, 0x09, 0x64, 0x24,
    0xA0, 0xF7, 0xA1, 0x9A, 0xE4, 0xF5, 0xF1, 0xB6, 0x39, 0xCC, 0x9C, 0x0A, 0xB6, 0x7E, 0x9C, 0x71,
    0x22, 0x94, 0x83, 0x0A, 0x3F, 0xE3, 0x8B, 0xD6, 0xEF, 0x18, 0x51, 0xE9, 0x84, 0xB4, 0x06, 0xC3,
    0xC0, 0x91, 0x03, 0x22, 0xD6, 0xF7, 0x4C, 0x48, 0xDE, 0x01, 0xEA, 0xDA, 0xE9, 0x56, 0xEF, 0x2D,
    0x31, 0x76, 0xBB, 0x65, 0x77, 0x97, 0x7C, 0xA2, 0x98, 0x69, 0xB0, 0x34, 0xB9, 0x6A, 0x6A, 0xFD,
    0x10, 0x2F, 0xD2, 0x3B, 0x7A, 0x91, 0x88, 0xEE, 0x9C, 0xB7, 0x18, 0x37, 0x1B, 0xB7, 0x7D, 0x91,
    0x26, 0xFA, 0x93, 0x20, 0x06, 0x36, 0x03, 0x9C, 0x86, 0xCE, 0x80, 0x67, 0xE0, 0xCB, 0x01, 0xDC,
    0xDB, 0x49, 0xB9, 0xDD, 0x8B, 0x67, 0x51, 0xA6, 0x1B, 0x44, 0x3F, 0x6A, 0xCA, 0xAF, 0xE9, 0x02,
    0x92, 0xF0, 0xF9, 0x02, 0x43, 0xEE, 0xBE, 0x8A, 0x37, 0xBE, 0x77, 0xB7, 0xE5, 0xDC, 0xA7, 0xDA,
    0x92, 0x3C, 0xE7, 0xCD, 0xE2, 0xB4, 0x49, 0x76, 0x1A, 0x65, 0x79, 0x46, 0x38, 0x6D, 0x32, 0xCE,
    0x36, 0x99, 0xDF, 0xE7, 0x9C, 0x1F, 0xC8, 0xDA, 0x12, 0x8A, 0x4A, 0x4E, 0x71, 0xBD, 0xD2, 0x1C,
    0x9B, 0x2D, 0x73, 0xC2, 0x8A, 0xB5, 0xA5, 0xDD, 0xEB, 0x96, 0xFA, 0x92, 0x5F, 0x07, 0xA5, 0xB6,
    0x84, 0x43, 0xAE, 0x35, 0xD9, 0xAB, 0x66, 0x2A, 0xB0, 0xF4, 0xBE, 0xD5, 0x90, 0x70, 0x90, 0x45,
    0x3F, 0x45, 0xC7, 0xE8, 0xF2, 0xE3, 0xF6, 0x90, 0x54, 0x61, 0x2A, 0x23, 0x7D, 0x2B, 0xF6, 0x3E,
    0x20, 0xA9, 0x62, 0x66, 0x71, 0xAE, 0xAF, 0x3B, 0xA0, 0x24, 0xB5, 0x6F, 0x84, 0x62, 0x62, 0x05,
    0x7D, 0x66, 0x97, 0x9E, 0x98, 0xB3, 0xBB, 0xAC, 0x7D, 0x5F, 0x93, 0x90, 0x39, 0x4E, 0xEA, 0xE4,
    0x6E, 0xD4, 0xCB, 0x73, 0xE7, 0xC4, 0x30, 0xE8, 0xB8, 0x1B, 0x48, 0xEF, 0x66, 0xA4, 0xD0, 0x3E,
    0xCB, 0x3D, 0xAE, 0x91, 0x2B, 0xD6, 0xAD, 0xED, 0x28, 0x46, 0xDB, 0x47, 0x72, 0xBE, 0x48, 0xAE,
    0x28, 0x7A, 0xC6, 0xE4, 0x26, 0xA3, 0x42, 0x06, 0x4F, 0x0F, 0x9C, 0xD2, 0xD9, 0x89, 0xA3, 0xAD,
    0xBA, 0x6A, 0xD6, 0x55, 0xA3, 0xA6, 0xF3, 0x54, 0x26, 0x3A, 0x3D, 0xAE, 0x49, 0x0B, 0x3F, 0x9E,
    0xA0, 0xA0, 0x09, 0x95, 0x5E, 0x21, 0xE0, 0x26, 0xF2, 0xE4, 0xCA, 0x39, 0x71, 0xB2, 0x51, 0x53,
    0xAD, 0xAC, 0xA6, 0xB2, 0x36, 0xF8, 0x6D, 0x67, 0xC1, 0x1D, 0x9C, 0x63, 0xFB, 0xDB, 0x69, 0x53,
    0x15, 0xE3, 0xA9, 0xFE, 0x39, 0xDD, 0x02, 0x20, 0xA6, 0x1E, 0x03, 0x73, 0x6F, 0x57, 0x8B, 0x35,
    0x0E, 0xFB, 0x06, 0xE4, 0xBE, 0xD5, 0xBB, 0xBD, 0xEB, 0x9A, 0xBD, 0x06, 0xC7, 0x21, 0x48, 0x7B,
    0xCB, 0x3D, 0xAC, 0xB9, 0xFD, 0x82, 0x37, 0xD3, 0xA0, 0x36, 0xC5, 0x8E, 0x15, 0xBA, 0x3D, 0xB5,
    0x78, 0xAB, 0xDC, 0x9D, 0xD2, 0x81, 0xED, 0x8D, 0x8C, 0xF9, 0xBC, 0x4B, 0xFD, 0xB4, 0x0E, 0x3B,
    0xD7, 0x30, 0x21, 0x41, 0x3C, 0xB5, 0x12, 0x0F, 0xE9, 0x8A, 0x10, 0x0A, 0xBD, 0x2C, 0x73, 0xEF,
    0xE9, 0x5A, 0x10, 0x4F, 0xFB, 0x97, 0x23, 0x5A, 0x76, 0x8E, 0x69, 0x81, 0x50, 0x65, 0xBD, 0x6E,
    0xB5, 0xB8, 0xAE, 0x84, 0x0A, 0x77, 0x7C, 0x66, 0x16, 0x14, 0x50, 0x5D, 0xCE, 0x81, 0x6A, 0xDF,
    0xA7, 0xF4, 0xD5, 0x6D, 0x26, 0x26, 0x9B, 0xC5, 0xBE, 0xB6, 0x8E, 0x17, 0x58, 0x9E, 0xCE, 0x89,
    0xCD, 0x07, 0x18, 0xB6, 0x97, 0xD4, 0x4F, 0xBB, 0x36, 0x03, 0x99, 0x5D, 0x25, 0xE8, 0x54, 0x3D,
    0x9D, 0x27, 0xF0, 0x5E, 0x2C, 0x45, 0x39, 0x7C, 0x04, 0x60, 0x49, 0x14, 0x20, 0xCC, 0x41, 0x24,
    0x6A, 0xAE, 0x6A, 0xE1, 0xC2, 0xC1, 0xA7, 0xE0, 0x9A, 0x58, 0xC9, 0x44, 0x01, 0xCC, 0x1C, 0x4E,
    0x93, 0x44, 0xDE, 0x01, 0xA9, 0x5E, 0xB1, 0x18, 0x31, 0x09, 0x9E, 0xE8, 0x8C, 0xDD, 0x6D, 0x88,
    0x4B, 0xB0, 0xBA, 0xAE, 0xEA, 0x24, 0x32, 0x51, 0xED, 0x91, 0xE8, 0x2A, 0x4E, 0x7C, 0xCD, 0xD2,
    0xE6, 0x3F, 0xAC, 0xD0, 0x09, 0x07, 0x95, 0xCA, 0xAA, 0x07, 0x64, 0x56, 0xDA, 0x4A, 0xFE, 0xAE,
    0x85, 0x36, 0x7C, 0x37, 0x89, 0xA0, 0x6D, 0xD7, 0xE2, 0xD3, 0xF5, 0xA7, 0x5B, 0x5E, 0xB4, 0x7B,
    0xD0, 0x41, 0x84, 0xB2, 0x3F, 0x3D, 0x66, 0xAF, 0x69, 0x45, 0xA1, 0xE5, 0xA8, 0xAE, 0xA2, 0x17,
    0x57, 0xD7, 0x6E, 0xA8, 0x2B, 0xDE, 0x27, 0xC4, 0x60, 0x98, 0xCD, 0x24, 0x08, 0x3C, 0x23, 0x49,
    0xDD, 0x3C, 0x65, 0xF0, 0xBC, 0xF9, 0x29, 0x89, 0x4C, 0xD1, 0x99, 0x31, 0x32, 0xFF, 0xCB, 0xDC,
    0x7E, 0x53, 0xE9, 0x81, 0xF7, 0x07, 0xE1, 0x1D, 0xCA, 0x09, 0x80, 0xB4, 0x23, 0xE9, 0xDB, 0xA1,
    0x0D, 0x53, 0x46, 0x82, 0x85, 0x02, 0x58, 0x42, 0x22, 0x06, 0x45, 0xEC, 0x6E, 0x8D, 0x5E, 0x27,
    0x0A, 0x6A, 0x5D, 0x15, 0xBC, 0xE2, 0xA3, 0x5C, 0xFE, 0x9D, 0x09, 0x53, 0xFE, 0x6D, 0x6F, 0xC9,
    0x02, 0x29, 0x0D, 0x70, 0x7B, 0x7F, 0x6E, 0xBA, 0xDF, 0x56, 0x0C, 0xDB, 0xCD, 0x8B, 0xDC, 0xCC,
    0x0A, 0xFB, 0xAF, 0x27, 0xDA, 0x16, 0x58, 0xD2, 0x2E, 0x05, 0x96, 0xBF, 0x9C, 0xA4, 0xF8, 0x6A,
    0xC7, 0x8D, 0x5D, 0x8A, 0xAB, 0x0A, 0x34, 0x3B, 0x32, 0x42, 0x48, 0x42, 0xB6, 0xC1, 0x02, 0x99,
    0x03, 0x68, 0x16, 0xA1, 0x8C, 0xAE, 0xDE, 0xB3, 0xAC, 0xA1, 0x9F, 0xCD, 0x6B, 0x47, 0x66, 0xF2,
    0xBA, 0x92, 0xB2, 0x0E, 0x78, 0x99, 0x44, 0x60, 0x27, 0x27, 0x3D, 0x2C, 0x4A, 0x90, 0xC2, 0xD8,
    0x72, 0x86, 0xF4, 0xF4, 0x0E, 0x16, 0x5C, 0x43, 0x63, 0xD0, 0x3D, 0xB1, 0x7B, 0x48, 0x27, 0x2F,
    0xBC, 0xF6, 0x54, 0x3E, 0x4B, 0x73, 0x9F, 0xA5, 0xA9, 0x01, 0x7E, 0xFC, 0xF7, 0x3A, 0x7D, 0x9B,
    0x15, 0xF3, 0x5A, 0x14, 0x2C, 0x02, 0x34, 0x3C, 0xF3, 0xFA, 0x7F, 0x7F, 0xFF, 0x42, 0x47, 0x68,
    0xA2, 0x54, 0xDD, 0x68, 0x88, 0x0D, 0x21, 0x80, 0x03, 0x67, 0xEE, 0x83, 0xF1, 0x97, 0xB4, 0x8F,
    0x69, 0xE2, 0x2B, 0xB5, 0x70, 0x5E, 0x9C, 0x97, 0x58, 0xC8, 0x03, 0x10, 0x95, 0x5C, 0xA1, 0x2F,
    0xE6, 0x41, 0x44, 0x30, 0x12, 0xF5, 0xAE, 0x1B, 0xFF, 0x9A, 0xC5, 0x36, 0x13, 0xC5, 0xC4, 0x23,
    0x83, 0xFF, 0x56, 0x0E, 0xED, 0xC0, 0x75, 0x3B, 0xD2, 0xB3, 0x78, 0x03, 0xA2, 0x91, 0x04, 0xDA,
    0xD4, 0x6E, 0x7A, 0x99, 0xD3, 0xF4, 0x62, 0xAB, 0xE1, 0x77, 0x9F, 0x02, 0x63, 0xE0, 0xAC, 0xEA,
    0xBE, 0xA4, 0xA2, 0x2B, 0x21, 0x92, 0xFB, 0xAA, 0x4B, 0xB4, 0xEE, 0x1E, 0x7D, 0x28, 0x37, 0xAE,
    0xC7, 0x06, 0xA2, 0x8C, 0xAB, 0x14, 0x2D, 0xD5, 0x66, 0x98, 0x48, 0xF2, 0xD5, 0xFE, 0xB6, 0xCD,
    0xAB, 0x54, 0xE5, 0xA2, 0xA0, 0xCB, 0xB0, 0x76, 0x1E, 0xCA, 0x0A, 0xB7, 0xFB, 0x3B, 0x25, 0xB0,
    0x0D, 0x93, 0x3A, 0x65, 0xD8, 0x37, 0x81, 0xC3, 0xDE, 0x52, 0xE9, 0x9A, 0xFD, 0xE6, 0x16, 0x7A,
    0x12, 0xDA, 0xE0, 0xD5, 0xE6, 0xBD, 0x3D, 0xF0, 0x69, 0x97, 0x73, 0x2A, 0xEE, 0x95, 0x44, 0xF6,
    0x4A, 0x4F, 0xCB, 0x37, 0x9B, 0x79, 0xBC, 0xAB, 0x89, 0x78, 0x9B, 0xBB, 0xD2, 0xF3, 0x58, 0x7A,
    0x4E, 0xCB, 0x4D, 0xE8, 0xA2, 0xBB, 0x95, 0x15, 0x7A, 0xDE, 0x2B, 0x3B, 0xAF, 0xAC, 0xC3, 0x9D,
    0x3B, 0xC9, 0x34, 0x56, 0x9F, 0x23, 0xAA, 0x67, 0xB3, 0x77, 0xA0, 0xF9, 0xCE, 0x70, 0x59, 0xB9,
    0x90, 0xB7, 0x38, 0x5B, 0x70, 0x26, 0x2B, 0x85, 0xB6, 0x5A, 0x70, 0x39, 0xE7, 0x0A, 0xCE, 0x68,
    0xB1, 0x1D, 0xD5, 0x6D, 0x29, 0x46, 0x04, 0x60, 0x62, 0x70, 0xD4, 0x41, 0xD0, 0x47, 0x03, 0x6A,
    0xB7, 0x30, 0x7E, 0xEB, 0x13, 0xC0, 0xD3, 0x64, 0x7D, 0x9C, 0x9E, 0x54, 0xE9, 0xFD, 0x8F, 0xE2,
    0x22, 0x06, 0x14, 0x07, 0x76, 0x39, 0x90, 0x5A, 0xFF, 0x4A, 0x31, 0x08, 0x5C, 0xE9, 0xF9, 0x3D,
    0x3D, 0xF7, 0xB6, 0x3A, 0xC8, 0x11, 0x9E, 0xEA, 0xEB, 0xF4, 0x96, 0xBF, 0xB1, 0xBE, 0x6E, 0x7C,
    0x70, 0x47, 0xC4, 0x30, 0xC6, 0x7B, 0xB8, 0xC6, 0x7C, 0x8A, 0x04, 0x0C, 0x27, 0x17, 0xB0, 0x1B,
    0x69, 0x90, 0x43, 0xE1, 0x47, 0x54, 0xF1, 0x59, 0x15, 0x2B, 0x78, 0xE5, 0x37, 0x13, 0xDC, 0x2D,
    0xC5, 0x21, 0x6C, 0x8E, 0x64, 0x4B, 0x20, 0xC0, 0xEB, 0x8F, 0xF5, 0x62, 0x07, 0x13, 0xB9, 0x26,
    0xBE, 0x9C, 0x97, 0xC2, 0x12, 0x7E, 0xD7, 0x0C, 0xA5, 0x17, 0x9A, 0xCA, 0xC0, 0xE6, 0x7E, 0x68,
    0x30, 0x1E, 0x50, 0x09, 0x80, 0xB6, 0x16, 0xAE, 0x5E, 0x68, 0x88, 0x07, 0x53, 0x70, 0x72, 0x96,
    0xD0, 0xCB, 0x38, 0x2D, 0x56, 0x62, 0xFB, 0xAD, 0x04, 0xE3, 0xBF, 0x0A, 0x75, 0xF8, 0x56, 0x64,
    0x90, 0x56, 0x08, 0x7F, 0x67, 0x85, 0x90, 0x79, 0xB3, 0x57, 0x8E, 0xA9, 0xDB, 0xB5, 0x1D, 0x6D,
    0x65, 0xD7, 0x16, 0xE5, 0x48, 0xC5, 0x45, 0xDE, 0xAF, 0x84, 0x88, 0xA3, 0x85, 0xEE, 0x05, 0x68,
    0x7F, 0x2D, 0x45, 0xE1, 0x15, 0x92, 0xF7, 0x05, 0xD7, 0xC0, 0xDC, 0x5F, 0xC3, 0xBA, 0x6F, 0x62,
    0x75, 0xC9, 0x6D, 0xA0, 0xBA, 0x8F, 0xAA, 0x6D, 0xDE, 0xDB, 0xCD, 0x11, 0x5B, 0x95, 0x96, 0x55,
    0x51, 0xDB, 0xA1, 0x45, 0x3D, 0x76, 0x40, 0x89, 0x6D, 0x91, 0x89, 0xAD, 0xCE, 0x54, 0x76, 0x95,
    0xBB, 0xA9, 0x83, 0x44, 0x6C, 0x97, 0xB1, 0x01, 0x24, 0x2E, 0xA0, 0xCA, 0xAC, 0xA0, 0x3E, 0xBA,
    0xF3, 0xC4, 0x86, 0x90, 0xAD, 0x91, 0xF2, 0x5E, 0x23, 0xC5, 0x5D, 0x21, 0x3A, 0xB8, 0x7D, 0xC4,
    0xC6, 0x99, 0xA4, 0x1A, 0x89, 0x7A, 0x42, 0xB1, 0xCD, 0x79, 0x46, 0x12, 0x7F, 0x87, 0x49, 0x3D,
    0x8F, 0x51, 0xC1, 0xB4, 0xBF, 0x8E, 0x11, 0x27, 0x9F, 0x14, 0x09, 0x57, 0x31, 0xE8, 0xEA, 0xF0,
    0xC5, 0xDE, 0x5C, 0x78, 0xAF, 0x33, 0x8B, 0xCE, 0x91, 0x3E, 0xE2, 0xEB, 0xE5, 0x8D, 0x66, 0x74,
    0x1E, 0xBD, 0x47, 0xE2, 0xE5, 0x5C, 0xAB, 0x19, 0xA2, 0x99, 0x2E, 0x78, 0x91, 0xB4, 0x75, 0x42,
    0x38, 0xEA, 0xFA, 0xC3, 0x4F, 0xB6, 0xB4, 0x29, 0xE1, 0xB1, 0x12, 0x2B, 0xD4, 0xF7, 0x0A, 0x71,
    0x8F, 0x56, 0xBC, 0xBC, 0x7D, 0x83, 0xF5, 0x00, 0x87, 0xBE, 0xCC, 0x5F, 0x82, 0x7D, 0x13, 0x0D,
    0xBB, 0xF7, 0x3D, 0xCA, 0x85, 0x4D, 0x73, 0x49, 0x73, 0x85, 0x93, 0xAF, 0x3A, 0x1D, 0x26, 0x45,
    0x21, 0xA8, 0xD6, 0x1F, 0x46, 0x3D, 0xDC, 0xD7, 0x0D, 0x14, 0x96, 0x3A, 0xA8, 0xAA, 0xB3, 0xB9,
    0xDA, 0x6E, 0x71, 0xF4, 0x56, 0x11, 0x9D, 0x80, 0xAB, 0xAB, 0x37, 0x1E, 0x39, 0x1F, 0x91, 0x07,
    0xD5, 0xA2, 0x0D, 0x24, 0xAC, 0x8B, 0x1F, 0x5E, 0x36, 0xC6, 0x56, 0x87, 0x37, 0x54, 0x9C, 0x7B,
    0x44, 0x22, 0xC5, 0x80, 0x2F, 0x52, 0xB2, 0x81, 0xCA, 0x9C, 0x56, 0xA9, 0xE3, 0x80, 0x0B, 0x02,
    0xC6, 0x55, 0x6C, 0x03, 0x6B, 0xE2, 0x76, 0x60, 0x5C, 0xBA, 0xF9, 0xBC, 0x54, 0x68, 0x9D, 0x9C,
    0x6A, 0xB0, 0x3F, 0xB0, 0xD4, 0x22, 0xC2, 0x5E, 0x04, 0x2D, 0x78, 0x40, 0x47, 0xD4, 0x5A, 0xB5,
    0x76, 0x2D, 0xF5, 0xDB, 0x27, 0x8B, 0x06, 0xA1, 0x59, 0x37, 0x2E, 0x85, 0x6F, 0xE6, 0x2E, 0x57,
    0xFF, 0x71, 0xB7, 0xD0, 0xC8, 0x19, 0x51, 0x70, 0x0E, 0x4D, 0x8E, 0x74, 0xAF, 0x5A, 0xC8, 0xBB,
    0x8B, 0xA8, 0x7C, 0xED, 0x83, 0x63, 0x7C, 0x7A, 0x7B, 0x74, 0xFA, 0xE7, 0x25, 0xB8, 0x25, 0x6D,
    0x33, 0x5F, 0xDD, 0xC5, 0x62, 0xBE, 0x75, 0x82, 0x2C, 0x84, 0xD3, 0x7B, 0x01, 0x24, 0xB3, 0x23,
    0xCD, 0xBD, 0xA1, 0x51, 0xAF, 0xB1, 0xED, 0xE8, 0x21, 0xBD, 0xAE, 0xA9, 0x51, 0xD5, 0x6A, 0x48,
    0x6F, 0x29, 0x0B, 0x55, 0x74, 0x84, 0xFB, 0x98, 0x48, 0x2B, 0xF8, 0x69, 0x4C, 0x74, 0x5F, 0xFA,
    0x78, 0xCC, 0x76, 0xA6, 0x17, 0x31, 0x52, 0x13, 0xCE, 0xAD, 0x4C, 0x76, 0x88, 0x5E, 0x4A, 0x40,
    0x0A, 0xF5, 0x75, 0x51, 0x4A, 0x80, 0xC2, 0xCC, 0x96, 0x3B, 0xB3, 0xE1, 0x0E, 0x10, 0x7E, 0x7D,
    0x57, 0x8B, 0x5A, 0x98, 0x38, 0x90, 0x01, 0x8C, 0x42, 0xD8, 0x37, 0x4E, 0xC2, 0xE7, 0x45, 0x79,
    0xE6, 0x1F, 0x35, 0x08, 0x23, 0xB9, 0x2D, 0xF8, 0x42, 0x5E, 0x80, 0xF3, 0x05, 0xC9, 0x0C, 0xE3,
    0x02, 0x6B, 0xD1, 0x64, 0x3C, 0x58, 0x3E, 0x52, 0x73, 0xFE, 0xD3, 0x11, 0x2B, 0x16, 0xF4, 0x51,
    0xDA, 0xDA, 0x43, 0xC2, 0x10, 0x3A, 0x53, 0x47, 0xBD, 0xFB, 0xF0, 0x13, 0x4A, 0xBD, 0xA2, 0x58,
    0x3B, 0x74, 0x4C, 0x2E, 0x86, 0x70, 0xFD, 0xA4, 0xCE, 0xFB, 0x6C, 0x4B, 0x3C, 0x00, 0x7F, 0x07,
    0xB2, 0x90, 0x6F, 0x58, 0xC7, 0x40, 0xB0, 0xDB, 0x41, 0xFC, 0x4E, 0xD5, 0xA3, 0xF9, 0x24, 0x06,
    0x84, 0x86, 0x6F, 0xC7, 0xFE, 0xCB, 0x31, 0x6A, 0xE7, 0x04, 0xD7, 0x3E, 0xC9, 0xC4, 0xB9, 0xA8,
    0x27, 0x6D, 0xF6, 0x0C, 0x1E, 0x1F, 0x63, 0x52, 0x72, 0x14, 0x83, 0x3C, 0x05, 0xEE, 0x65, 0x19,
    0x38, 0xA0, 0x0C, 0x68, 0x38, 0x33, 0x47, 0x25, 0x74, 0x68, 0xB8, 0x83, 0xDD, 0x9E, 0x25, 0xAF,
    0xA9, 0xEC, 0x4F, 0xC5, 0x64, 0x5F, 0xDE, 0x8D, 0x2A, 0x6E, 0xDE, 0x6E, 0xEA, 0x38, 0x8F, 0xF3,
    0x7F, 0xE9, 0x2E, 0x4F, 0xA1, 0x9D, 0x29, 0x14, 0xD5, 0xAB, 0x35, 0x39, 0x0A, 0x29, 0xC5, 0x3F,
    0xB5, 0x61, 0x52, 0xAA, 0x63, 0x63, 0xC2, 0x0B, 0xD0, 0x9A, 0xFC, 0x04, 0xA8, 0xF9, 0xE4, 0x27,
    0x10, 0x1E, 0x1B, 0x25, 0xC4, 0x08, 0xDA, 0x36, 0xF3, 0x28, 0xC6, 0xAE, 0xC0, 0x4A, 0xB8, 0xCD,
    0x00, 0x7D, 0x2B, 0x5C, 0xF9, 0xD8, 0x21, 0xCC, 0x25, 0xC8, 0x83, 0x43, 0x85, 0xE0, 0xB5, 0x6D,
    0x60, 0x71, 0x7A, 0xB0, 0x6C, 0xEC, 0xE6, 0x6A, 0x51, 0x16, 0xA7, 0xD6, 0xB0, 0xB1, 0xCE, 0xD2,
    0xC6, 0xC1, 0x86, 0x75, 0x13, 0x74, 0x91, 0x4A, 0xCB, 0xB8, 0xBC, 0xA7, 0x50, 0xEF, 0xA7, 0x55,
    0x0C, 0xE2, 0x87, 0x58, 0xA6, 0x18, 0x6C, 0x3D, 0xD6, 0x41, 0x29, 0x87, 0x95, 0x8B, 0xB8, 0xA2,
    0xF7, 0x2E, 0xEF, 0x51, 0xDB, 0x72, 0x8B, 0xCB, 0x04, 0xF6, 0xD0, 0x22, 0xE6, 0x5A, 0x60, 0xA9,
    0x3A, 0x6B, 0xBB, 0x84, 0xE6, 0xDE, 0xDD, 0x52, 0x1D, 0xCB, 0xB5, 0x42, 0x98, 0xA7, 0xD7, 0xEF,
    0xFC, 0x66, 0xB7, 0x6D, 0x09, 0xB3, 0x3C, 0x8F, 0xBA, 0xB3, 0x3B, 0x78, 0x3B, 0xD9, 0xFA, 0xA9,
    0xF9, 0x83, 0x8D, 0xE5, 0x2C, 0x13, 0x69, 0x36, 0xEF, 0x66, 0x97, 0xDA, 0x89, 0xDC, 0xC4, 0x3E,
    0x9B, 0x93, 0x68, 0x35, 0x3F, 0x57, 0xCD, 0x9B, 0xB9, 0xBC, 0x39, 0x9E, 0x37, 0x9A, 0x80, 0x0F,
    0x61, 0x33, 0x8A, 0x54, 0x3C, 0x83, 0xF1, 0xF5, 0x32, 0x36, 0xA7, 0xB0, 0xD9, 0x40, 0x05, 0x86,
    0xF1, 0x0F, 0xC4, 0xE7, 0x38, 0x2E, 0xF6, 0xA6, 0x48, 0x5E, 0x5F, 0x69, 0x53, 0x7C, 0x1E, 0x5D,
    0x97, 0x48, 0xD8, 0xEA, 0xDA, 0x0E, 0x15, 0x5A, 0xC8, 0xDF, 0x8F, 0x17, 0x8C, 0x01, 0x6F, 0x47,
    0xCB, 0xDA, 0x91, 0xCD, 0x32, 0xDD, 0xC6, 0xBD, 0x12, 0x3E, 0xDE, 0x93, 0xE4, 0x14, 0x96, 0x95,
    0x55, 0x10, 0xD3, 0x84, 0xD3, 0x65, 0x3B, 0x46, 0x0A, 0x00, 0xE2, 0x55, 0x09, 0xC2, 0xD0, 0xFE,
    0x17, 0xE9, 0x90, 0xB9, 0x76, 0x98, 0xEC, 0x81, 0x51, 0x6A, 0xA7, 0xA8, 0x9D, 0xA3, 0x2A, 0xC7,
    0x2A, 0xED, 0x95, 0x59, 0xA2, 0xD4, 0x29, 0x28, 0x68, 0x40, 0x74, 0x70, 0xFD, 0x42, 0x87, 0x14,
    0x22, 0xC9, 0x3D, 0x26, 0xC9, 0x7C, 0x0B, 0x39, 0x68, 0xAB, 0xE3, 0x40, 0x0A, 0x41, 0x34, 0x2E,
    0xF0, 0xE5, 0x9B, 0xFA, 0xDA, 0xC8, 0x89, 0x9C, 0x18, 0x5F, 0x36, 0xBF, 0x22, 0x57, 0x9C, 0x03,
    0xC6, 0x58, 0x35, 0xB5, 0x94, 0x12, 0xE5, 0xBA, 0x95, 0x9A, 0x6A, 0x7A, 0x7E, 0x37, 0xFA, 0xDF,
    0x59, 0xE1, 0xDD, 0x44, 0x55, 0xE7, 0xFC, 0x44, 0x04, 0x7F, 0x25, 0x43, 0x57, 0x1E, 0xB7, 0x64,
    0x2F, 0xDC, 0x07, 0xB4, 0xA5, 0x9A, 0xB6, 0xEA, 0x38, 0x4F, 0x2B, 0x37, 0x51, 0xAE, 0xEA, 0x82,
    0x31, 0x17, 0xC4, 0x38, 0x9D, 0x05, 0x93, 0x4C, 0x9E, 0x23, 0x8F, 0x75, 0xAC, 0x50, 0x39, 0xEE,
    0x44, 0xBD, 0x4A, 0xFF, 0xBE, 0xBA, 0xFE, 0x42, 0x01, 0x84, 0x93, 0x1B, 0x67, 0x09, 0xA9, 0x1F,
    0xB5, 0x4E, 0x31, 0x37, 0xE9, 0x3F, 0x03, 0xCD, 0x71, 0xAF, 0xBD, 0x22, 0x67, 0x10, 0xCD, 0x0B,
    0xD8, 0x54, 0x10, 0xC8, 0x0A, 0x96, 0x03, 0x0C, 0x22, 0xA4, 0xB1, 0x1D, 0x92, 0x50, 0xAF, 0xAE,
    0xDB, 0xDF, 0x38, 0xFD, 0x8D, 0x3E, 0x66, 0x38, 0x58, 0x8A, 0x42, 0xB9, 0x14, 0x80, 0x29, 0xF8,
    0x4C, 0x4C, 0x85, 0x13, 0x75, 0x10, 0x9A, 0x2F, 0x83, 0x9A, 0x97, 0x4F, 0xD1, 0xC6, 0x89, 0xDE,
    0x3F, 0x79, 0x22, 0x3A, 0xA0, 0xF2, 0xF4, 0x79, 0x4C, 0x96, 0x9C, 0xC1, 0xA4, 0xAF, 0x02, 0x17,
    0xBB, 0x0E, 0xE6, 0x81, 0xDC, 0x04, 0x8A, 0x94, 0x6B, 0x4E, 0x77, 0x52, 0xF6, 0x54, 0x00, 0x8A,
    0x8B, 0xB0, 0xCF, 0x86, 0x8C, 0xB8, 0xEE, 0x04, 0xF5, 0x1D, 0xD2, 0x13, 0x89, 0xC9, 0x26, 0xB0,
    0xC0, 0x69, 0xD0, 0x5C, 0x55, 0xA0, 0xFD, 0x39, 0x20, 0xFD, 0x29, 0x10, 0x5C, 0xA3, 0x70, 0xC1,
    0x28, 0xCE, 0x1C, 0xAC, 0xBF, 0x66, 0xF2, 0xEC, 0x0A, 0x4A, 0x37, 0x70, 0x45, 0x15, 0xF0, 0x71,
    0x1F, 0xC9, 0x37, 0x8D, 0x3F, 0xC2, 0xEE, 0xC8, 0xC0, 0x2C, 0x0D, 0x95, 0xFC, 0x12, 0xEC, 0x6E,
    0xFB, 0x10, 0x9A, 0x14, 0xC3, 0x78, 0xCF, 0x11, 0x84, 0xA2, 0x8C, 0x66, 0x00, 0x36, 0xF2, 0x22,
    0x12, 0x2F, 0x26, 0xB4, 0x23, 0x4C, 0x8F, 0x23, 0x5A, 0xCE, 0x02, 0xB7, 0x5D, 0xD0, 0xDC, 0xE6,
    0x53, 0x85, 0x8D, 0xEA, 0xED, 0xD7, 0x71, 0xB0, 0x98, 0x38, 0xB5, 0x4C, 0x04, 0x77, 0x60, 0xD1,
    0x71, 0x13, 0x21, 0x43, 0xB8, 0x56, 0x77, 0xC9, 0xC7, 0xED, 0xAC, 0x41, 0xBE, 0xC9, 0x6A, 0xE2,
    0x5B, 0xDD, 0x42, 0x5E, 0xD2, 0xF1, 0xD9, 0x5A, 0x8B, 0x2A, 0xF0, 0x61, 0x3A, 0xB1, 0x78, 0x10,
    0x04, 0xF1, 0xF2, 0x8F, 0x9B, 0x42, 0xFE, 0x75, 0xCB, 0xEA, 0xCA, 0x33, 0x42, 0x6D, 0x55, 0xC1,
    0xDE, 0x6E, 0x85, 0x6F, 0xA9, 0xAC, 0x16, 0x0F, 0xC5, 0xC7, 0xF3, 0x80, 0xA6, 0xAF, 0x8B, 0xD8,
    0x40, 0xD0, 0x5B, 0xAF, 0xC0, 0x29, 0x20, 0xA8, 0x21, 0xF8, 0xF5, 0x70, 0x9B, 0xD8, 0xB5, 0xA6,
    0x5E, 0xFB, 0x2C, 0xA0, 0xA8, 0x3B, 0x9D, 0x80, 0x61, 0x83, 0x6A, 0x64, 0xAA, 0x1E, 0x8B, 0xE3,
    0x68, 0xFB, 0xC1, 0x3A, 0x7B, 0xAF, 0xC4, 0x54, 0xC3, 0x82, 0xBB, 0x25, 0xC4, 0x67, 0xC4, 0xFE,
    0x6D, 0x4E, 0xD9, 0xB7, 0xCD, 0x26, 0x86, 0x50, 0xEF, 0xCE, 0xBD, 0xC6, 0xEF, 0xF9, 0xEC, 0xB6,
    0x45, 0xEA, 0x89, 0xC6, 0xDF, 0x6E, 0x15, 0x72, 0xAB, 0x8D, 0x41, 0x5C, 0x7B, 0x27, 0x70, 0xD2,
    0x33, 0xE0, 0xBE, 0x49, 0xC6, 0x00, 0xFF, 0xBB, 0xB1, 0xF6, 0xC5, 0x9E, 0xCD, 0x62, 0x80, 0xBE,
    0x23, 0xFB, 0xB5, 0xD1, 0xE8, 0xF3, 0xCF, 0xE3, 0xBF, 0xCC, 0x42, 0xF7, 0x8A, 0xFE, 0x29, 0x1B,
    0x1B, 0x9E, 0x23, 0xBB, 0x16, 0x5B, 0x4F, 0x71, 0x15, 0x52, 0x95, 0xF7, 0x0E, 0x2D, 0xF1, 0x32,
    0x2F, 0x11, 0xBA, 0xF0, 0x24, 0x4A, 0x75, 0x44, 0x8F, 0xA2, 0xDD, 0x4F, 0xE2, 0xBE, 0x94, 0x3A,
    0x10, 0xB8, 0x15, 0x36, 0x25, 0x17, 0xD8, 0x21, 0x5F, 0x60, 0xBD, 0x51, 0x66, 0xDB, 0xB0, 0xCC,
    0xCE, 0x08, 0xBB, 0x41, 0x19, 0x1B, 0x90, 0xA7, 0x59, 0x25, 0xCE, 0xCB, 0xA2, 0xAF, 0xDD, 0x5F,
    0x12, 0xF8, 0x20, 0xC9, 0x41, 0xEB, 0x67, 0x31, 0x07, 0x16, 0xE8, 0xCA, 0x84, 0xBB, 0xFE, 0xBC,
    0x11, 0xC5, 0x86, 0xBC, 0x37, 0xCE, 0x73, 0xA1, 0xA2, 0xFE, 0x1F, 0x34, 0x7A, 0xA6, 0x83, 0xA7,
    0x6A, 0xCA, 0x16, 0x74, 0x7C, 0x98, 0xB4, 0xE0, 0x88, 0xEE, 0xFD, 0x54, 0xF7, 0x6D, 0xDD, 0xAB,
    0x48, 0xF7, 0x0D, 0x32, 0xC5, 0x1C, 0x58, 0x54, 0x32, 0xC9, 0x92, 0x2E, 0xDB, 0x67, 0xC7, 0x6A,
    0xF1, 0x1F, 0xB1, 0x05, 0x94, 0x7E, 0x99, 0x29, 0x2D, 0xFB, 0x8E, 0xD6, 0x23, 0xDF, 0xD2, 0xC3,
    0xEB, 0x7E, 0xFA, 0x19, 0x3D, 0xCF, 0x4F, 0xB0, 0x88, 0xF7, 0xF5, 0x1E, 0xED, 0x71, 0x6D, 0xE2,
    0x56, 0xC9, 0x29, 0x15, 0x56, 0x8B, 0x0D, 0x55, 0x2F, 0xE3, 0x38, 0x11, 0xC8, 0x3E, 0xCC, 0x13,
    0xBA, 0x3A, 0x9D, 0xFA, 0xB1, 0xA8, 0x57, 0xCB, 0xC7, 0xE6, 0x13, 0xB3, 0xE2, 0xEC, 0x72, 0x2F,
    0xCC, 0xC5, 0x9B, 0xAB, 0x02, 0xB6, 0x77, 0x77, 0x6E, 0xAE, 0x42, 0xBB, 0x9C, 0x48, 0xCF, 0x27,
    0x55, 0xE2, 0xC7, 0xE8, 0x11, 0x43, 0xAB, 0x08, 0xF9, 0x80, 0xE3, 0x71, 0x92, 0xA6, 0xD0, 0x0E,
    0x37, 0xC9, 0x08, 0x38, 0x43, 0x6D, 0x48, 0xA6, 0x81, 0x1F, 0x8F, 0x91, 0xAE, 0x1A, 0xA5, 0x95,
    0xA7, 0x88, 0xCB, 0x25, 0xD2, 0xCD, 0x55, 0x7A, 0xC6, 0x34, 0xFB, 0xFF, 0xAB, 0x05, 0x1B, 0xAF,
    0x60, 0xF5, 0x8D, 0x13, 0x77, 0x9C, 0xD9, 0xC8, 0x13, 0x76, 0x14, 0x37, 0x86, 0xEF, 0x69, 0x5F,
    0x8D, 0xA2, 0x09, 0x4D, 0xF0, 0xCC, 0xF4, 0xD4, 0x4C, 0x70, 0x9F, 0x27, 0xA7, 0x67, 0xA7, 0xA7,
    0x57, 0x9C, 0x9F, 0xDE, 0x34, 0xE0, 0xE5, 0xD4, 0x84, 0xBA, 0xDA, 0x67, 0x97, 0xDF, 0x67, 0x1A,
    0xF6, 0x79, 0x23, 0x82, 0xCF, 0xCB, 0x89, 0xE4, 0xA7, 0xBA, 0x6C, 0x58, 0x00, 0x07, 0xA1, 0x5D,
    0xE1, 0x37, 0x26, 0x63, 0x32, 0x00, 0x3E, 0x42, 0x4B, 0x75, 0xE5, 0x57, 0x09, 0xFA, 0xC5, 0x5F,
    0xA1, 0xCE, 0xE7, 0xCE, 0x7D, 0x81, 0xA7, 0xF7, 0xDD, 0x06, 0xCF, 0x8F, 0x4D, 0xD9, 0x98, 0xFF,
    0x05, 0x12, 0x65, 0x42, 0xC0, 0x8A, 0xC4, 0xF0, 0x37, 0x68, 0x6C, 0xDA, 0x60, 0xD3, 0x40, 0xB7,
    0x47, 0x3B, 0x08, 0xE3, 0xEB, 0x45, 0xC7, 0xCF, 0x92, 0x97, 0x70, 0x84, 0x4D, 0x2C, 0xDB, 0x51,
    0xD4, 0xA0, 0x80, 0x00, 0x77, 0xCE, 0x89, 0xFD, 0x16, 0x34, 0xF6, 0x22, 0x5A, 0x7F, 0x01, 0x36,
    0x9E, 0x44, 0x6B, 0xB0, 0x81, 0xD1, 0xCB, 0x0C, 0xED, 0xAE, 0x33, 0xD8, 0xCC, 0xA3, 0x74, 0xF0,
    0x31, 0x52, 0xE3, 0xD2, 0xBF, 0x0F, 0xF8, 0x41, 0x1E, 0xEB, 0xCC, 0x4C, 0xE3, 0x60, 0x58, 0x3F,
    0x98, 0x45, 0xA7, 0xA5, 0xAD, 0x63, 0x87, 0xAE, 0x6A, 0x0E, 0x0E, 0xB4, 0x52, 0xC1, 0x2B, 0xF9,
    0x60, 0xFF, 0x6C, 0xE2, 0x08, 0x6C, 0xA7, 0xD0, 0x62, 0x6D, 0x91, 0x33, 0xBA, 0x53, 0x76, 0xBC,
    0x9F, 0x70, 0x9E, 0x13, 0x9A, 0xDB, 0x4F, 0x68, 0xD1, 0xAD, 0x10, 0xDA, 0x81, 0x5A, 0xB9, 0xA8,
    0x10, 0xD9, 0x96, 0xA8, 0x74, 0xA1, 0xED, 0x50, 0x4B, 0x10, 0xA1, 0x45, 0x84, 0x6D, 0x17, 0x99,
    0x12, 0x4C, 0x3F, 0x68, 0x3D, 0xD5, 0x70, 0x41, 0xBF, 0x7E, 0xA1, 0x55, 0x42, 0x64, 0x6E, 0x1E,
    0x26, 0x47, 0x7D, 0x94, 0xB2, 0x5A, 0xBF, 0x85, 0x2A, 0xCB, 0xF9, 0x36, 0xB6, 0xD6, 0xFF, 0x5C,
    0x22, 0x90, 0x48, 0x35, 0x65, 0x84, 0x99, 0x06, 0xC9, 0x41, 0x89, 0x06, 0x78, 0x10, 0xE3, 0xBE,
    0xB2, 0x04, 0xF1, 0x07, 0x76, 0x90, 0xDD, 0x10, 0x75, 0x5C, 0x1F, 0x87, 0x2A, 0x13, 0xFE, 0x1F,
};

static const EpdGlyph amiri_16_regularGlyphs[] = {
    { 0, 0, 156, 0, 0, 0, 0 }, // U+0020
    { 4, 24, 125, 2, 23, 24, 0 }, // !
    { 7, 8, 146, 1, 23, 14, 24 }, // "
    { 13, 16, 250, 1, 18, 52, 38 }, // #
    { 14, 25, 259, 1, 23, 88, 90 }, // $
    { 20, 22, 347, 1, 21, 110, 178 }, // %
    { 21, 23, 355, 1, 22, 121, 288 }, // &
    { 3, 8, 83, 1, 23, 6, 409 }, // '
    { 10, 37, 244, 4, 24, 93, 415 }, // (
    { 10, 37, 244, 1, 24, 93, 508 }, // )
    { 13, 13, 230, 1, 22, 43, 601 }, // *
    { 16, 16, 282, 1, 16, 64, 644 }, // +
    { 5, 9, 105, 0, 4, 12, 708 }, // ,
    { 10, 3, 196, 1, 9, 8, 720 }, // -
    { 7, 9, 169, 2, 8, 16, 728 }, // .
    { 11, 31, 183, 0, 24, 86, 744 }, // /
    { 15, 22, 284, 1, 21, 83, 830 }, // 0
    { 9, 22, 284, 4, 21, 50, 913 }, // 1
    { 14, 21, 284, 2, 21, 74, 963 }, // 2
    { 13, 22, 284, 2, 21, 72, 1037 }, // 3
    { 16, 22, 284, 1, 21, 88, 1109 }, // 4
    { 13, 22, 284, 2, 21, 72, 1197 }, // 5
    { 14, 23, 284, 2, 22, 81, 1269 }, // 6
    { 14, 22, 284, 2, 21, 77, 1350 }, // 7
    { 13, 22, 284, 2, 21, 72, 1427 }, // 8
    { 14, 23, 284, 2, 22, 81, 1499 }, // 9
    { 5, 16, 117, 1, 15, 20, 1580 }, // :
    { 5, 20, 121, 1, 15, 25, 1600 }, // ;
    { 15, 15, 256, 0, 14, 57, 1625 }, // <
    { 15, 8, 294, 2, 11, 30, 1682 }, // =
    { 15, 15, 256, 1, 14, 57, 1712 }, // >
    { 10, 22, 185, 1, 21, 55, 1769 }, // ?
    { 23, 24, 389, 1, 19, 138, 1824 }, // @
    { 22, 23, 326, -1, 22, 127, 1962 }, // A
    { 17, 23, 310, 1, 22, 98, 2089 }, // B
    { 20, 23, 351, 1, 22, 115, 2187 }, // C
    { 21, 23, 370, 1, 22, 121, 2302 }, // D
    { 18, 23, 306, 1, 22, 104, 2423 }, // E
    { 16, 23, 278, 1, 22, 92, 2527 }, // F
    { 22, 23, 375, 1, 22, 127, 2619 }, // G
    { 22, 23, 378, 1, 22, 127, 2746 }, // H
    { 9, 23, 169, 1, 22, 52, 2873 }, // I
    { 14, 30, 163, -4, 22, 105, 2925 }, // J
    { 21, 23, 342, 1, 22, 121, 3030 }, // K
    { 18, 23, 293, 1, 22, 104, 3151 }, // L
    { 29, 23, 472, 0, 22, 167, 3255 }, // M
    { 24, 23, 404, 1, 22, 138, 3422 }, // N
    { 22, 23, 389, 1, 22, 127, 3560 }, // O
    { 16, 23, 285, 1, 22, 92, 3687 }, // P
    { 25, 27, 389, 1, 22, 169, 3779 }, // Q
    { 21, 23, 323, 1, 22, 121, 3948 }, // R
    { 14, 23, 261, 1, 22, 81, 4069 }, // S
    { 20, 24, 326, 0, 23, 120, 4150 }, // T
    { 24, 23, 376, 0, 22, 138, 4270 }, // U
    { 23, 23, 332, -1, 22, 133, 4408 }, // V
    { 31, 23, 468, -1, 22, 179, 4541 }, // W
    { 23, 23, 348, -1, 22, 133, 4720 }, // X
    { 21, 23, 311, -1, 22, 121, 4853 }, // Y
    { 19, 22, 330, 1, 22, 105, 4974 }, // Z
    { 7, 37, 193, 4, 24, 65, 5079 }, // [
    { 10, 31, 183, 1, 24, 78, 5144 }, // <backslash>
    { 7, 37, 193, 1, 24, 65, 5222 }, // ]
    { 9, 8, 203, 2, 21, 18, 5287 }, // ^
    { 16, 3, 263, 0, 1, 12, 5305 }, // _
    { 6, 6, 178, 3, 23, 9, 5317 }, // `
    { 13, 16, 224, 1, 15, 52, 5326 }, // a
    { 15, 24, 259, 0, 23, 90, 5378 }, // b
    { 12, 16, 220, 1, 15, 48, 5468 }, // c
    { 16, 24, 268, 1, 23, 96, 5516 }, // d
    { 12, 16, 223, 1, 15, 48, 5612 }, // e
    { 11, 24, 160, 0, 23, 66, 5660 }, // f
    { 15, 23, 243, 0, 15, 87, 5726 }, // g
    { 17, 24, 268, 0, 23, 102, 5813 }, // h
    { 8, 22, 140, 1, 21, 44, 5915 }, // i
    { 7, 29, 124, -1, 21, 51, 5959 }, // j
    { 17, 24, 269, 0, 23, 102, 6010 }, // k
    { 8, 24, 133, 0, 23, 48, 6112 }, // l
    { 25, 16, 411, 1, 15, 100, 6160 }, // m
    { 17, 16, 277, 1, 15, 68, 6260 }, // n
    { 15, 16, 265, 1, 15, 60, 6328 }, // o
    { 16, 23, 266, 0, 15, 92, 6388 }, // p
    { 16, 23, 259, 1, 15, 92, 6480 }, // q
    { 11, 16, 199, 1, 15, 44, 6572 }, // r
    { 10, 16, 192, 1, 15, 40, 6616 }, // s
    { 10, 20, 162, 0, 19, 50, 6656 }, // t
    { 17, 16, 268, 0, 15, 68, 6706 }, // u
    { 17, 15, 246, -1, 14, 64, 6774 }, // v
    { 24, 15, 375, 0, 14, 90, 6838 }, // w
    { 16, 15, 247, 0, 14, 60, 6928 }, // x
    { 16, 22, 244, 0, 14, 88, 6988 }, // y
    { 13, 15, 232, 1, 15, 49, 7076 }, // z
    { 5, 39, 212, 4, 25, 49, 7125 }, // {
    { 3, 37, 107, 2, 24, 28, 7174 }, // |
    { 5, 39, 212, 4, 25, 49, 7202 }, // }
    { 16, 4, 296, 1, 12, 16, 7251 }, // ~
    { 37, 12, 605, 0, 6, 111, 0 }, // U+0600
    { 59, 11, 950, 0, -1, 163, 111 }, // U+0601
    { 25, 8, 433, 1, 2, 50, 274 }, // U+0602
    { 36, 9, 591, 0, 2, 81, 324 }, // U+0603
    { 73, 14, 1164, 0, 8, 256, 405 }, // U+0604
    { 18, 33, 268, 0, 27, 149, 661 }, // U+0606
    { 18, 32, 268, 0, 26, 144, 810 }, // U+0607
    { 27, 19, 459, 1, 10, 129, 954 }, // U+0608
    { 27, 31, 462, 1, 24, 210, 1083 }, // U+0609
    { 34, 31, 571, 1, 24, 264, 1293 }, // U+060A
    { 15, 33, 267, 1, 21, 124, 1557 }, // U+060B
    { 7, 14, 197, 3, 14, 25, 1681 }, // U+060C
    { 9, 10, 169, 1, 18, 23, 1706 }, // U+060D
    { 21, 8, 358, 1, 10, 42, 1729 }, // U+060E
    { 26, 32, 431, 1, 16, 208, 1771 }, // U+060F
    { 12, 10, 0, -14, 30, 30, 1979 }, // U+0610
    { 11, 12, 0, -13, 30, 33, 2009 }, // U+0611
    { 14, 10, 0, -16, 30, 35, 2042 }, // U+0612
    { 16, 14, 0, -18, 30, 56, 2077 }, // U+0613
    { 16, 6, 0, -18, 30, 24, 2133 }, // U+0614
    { 15, 17, 0, -17, 30, 64, 2157 }, // U+0615
    { 14, 12, 0, -16, 30, 42, 2221 }, // U+0616
    { 10, 17, 0, -12, 30, 43, 2263 }, // U+0617
    { 7, 5, 0, -9, 30, 9, 2306 }, // U+0618
    { 6, 9, 0, -8, 30, 14, 2315 }, // U+0619
    { 8, 5, 0, -10, 30, 10, 2329 }, // U+061A
    { 7, 19, 197, 3, 14, 34, 2339 }, // U+061B
    { 0, 0, 0, 0, 0, 0, 2373 }, // U+061C
    { 19, 28, 359, 2, 26, 133, 2373 }, // U+061D
    { 9, 10, 198, 2, 8, 23, 2506 }, // U+061E
    { 12, 24, 220, 0, 23, 72, 2529 }, // U+061F
    { 24, 28, 407, 1, 14, 168, 2601 }, // U+0620
    { 10, 11, 203, 1, 10, 28, 2769 }, // U+0621
    { 16, 32, 116, -5, 31, 128, 2797 }, // U+0622
    { 8, 35, 125, 0, 34, 70, 2925 }, // U+0623
    { 15, 30, 213, -3, 22, 113, 2995 }, // U+0624
    { 9, 34, 116, 1, 24, 77, 3108 }, // U+0625
    { 24, 28, 407, 1, 21, 168, 3185 }, // U+0626
    { 5, 25, 116, 1, 24, 32, 3353 }, // U+0627
    { 28, 23, 494, 1, 13, 161, 3385 }, // U+0628
    { 10, 22, 197, 1, 21, 55, 3546 }, // U+0629
    { 28, 19, 494, 1, 18, 133, 3601 }, // U+062A
    { 28, 22, 494, 1, 21, 154, 3734 }, // U+062B
    { 26, 27, 352, 0, 9, 176, 3888 }, // U+062C
    { 26, 27, 352, 0, 9, 176, 4064 }, // U+062D
    { 26, 35, 352, 0, 17, 228, 4240 }, // U+062E
    { 11, 15, 240, 2, 14, 42, 4468 }, // U+062F
    { 11, 23, 240, 2, 22, 64, 4510 }, // U+0630
    { 15, 18, 213, -3, 10, 68, 4574 }, // U+0631
    { 15, 28, 213, -3, 20, 105, 4642 }, // U+0632
    { 30, 21, 529, 1, 13, 158, 4747 }, // U+0633
    { 30, 32, 529, 1, 24, 240, 4905 }, // U+0634
    { 37, 23, 646, 2, 14, 213, 5145 }, // U+0635
    { 37, 30, 646, 2, 21, 278, 5358 }, // U+0636
    { 24, 26, 422, 1, 25, 156, 5636 }, // U+0637
    { 24, 26, 422, 1, 25, 156, 5792 }, // U+0638
    { 24, 32, 288, 1, 16, 192, 5948 }, // U+0639
    { 24, 39, 288, 1, 23, 234, 6140 }, // U+063A
    { 37, 30, 641, 2, 27, 278, 6374 }, // U+063B
    { 37, 39, 641, 2, 26, 361, 6652 }, // U+063C
    { 24, 27, 407, 1, 20, 162, 7013 }, // U+063D
    { 24, 24, 407, 1, 17, 144, 7175 }, // U+063E
    { 24, 27, 407, 1, 20, 162, 7319 }, // U+063F
    { 10, 4, 99, -2, 4, 10, 7481 }, // U+0640
    { 29, 26, 524, 2, 25, 189, 7491 }, // U+0641
    { 20, 28, 366, 1, 22, 140, 7680 }, // U+0642
    { 18, 28, 350, 2, 27, 126, 7820 }, // U+0643
    { 17, 29, 322, 2, 26, 124, 7946 }, // U+0644
    { 12, 30, 241, 1, 12, 90, 8070 }, // U+0645
    { 16, 24, 305, 2, 21, 96, 8160 }, // U+0646
    { 10, 13, 197, 1, 12, 33, 8256 }, // U+0647
    { 15, 18, 213, -3, 10, 68, 8289 }, // U+0648
    { 24, 21, 407, 1, 14, 126, 8357 }, // U+0649
    { 24, 30, 407, 1, 14, 180, 8483 }, // U+064A
    { 10, 11, 0, -12, 30, 28, 8663 }, // U+064B
    { 8, 14, 0, -10, 30, 28, 8691 }, // U+064C
    { 10, 11, 0, -12, -2, 28, 8719 }, // U+064D
    { 9, 8, 0, -11, 30, 18, 8747 }, // U+064E
    { 9, 12, 0, -11, 30, 27, 8765 }, // U+064F
    { 9, 8, 0, -11, -2, 18, 8792 }, // U+0650
    { 9, 7, 0, -11, 30, 16, 8810 }, // U+0651
    { 7, 9, 0, -9, 30, 16, 8826 }, // U+0652
    { 16, 6, 0, -18, 30, 24, 8842 }, // U+0653
    { 8, 9, 0, -10, 30, 18, 8866 }, // U+0654
    { 8, 9, 0, -10, -2, 18, 8884 }, // U+0655
    { 5, 11, 0, -7, -2, 14, 8902 }, // U+0656
    { 9, 12, 0, -11, 30, 27, 8916 }, // U+0657
    { 7, 6, 0, -9, 30, 11, 8943 }, // U+0658
    { 12, 2, 0, -14, 30, 6, 8954 }, // U+0659
    { 8, 8, 0, -10, 30, 16, 8960 }, // U+065A
    { 7, 7, 0, -9, 30, 13, 8976 }, // U+065B
    { 8, 9, 0, -10, -2, 18, 8989 }, // U+065C
    { 9, 12, 0, -11, 30, 27, 9007 }, // U+065D
    { 9, 8, 0, -11, 30, 18, 9034 }, // U+065E
    { 13, 10, 0, -15, 30, 33, 9052 }, // U+065F
    { 7, 8, 312, 6, 11, 14, 9085 }, // U+0660
    { 7, 23, 312, 6, 19, 41, 9099 }, // U+0661
    { 13, 23, 312, 3, 19, 75, 9140 }, // U+0662
    { 16, 23, 312, 2, 19, 92, 9215 }, // U+0663
    { 11, 23, 312, 4, 19, 64, 9307 }, // U+0664
    { 13, 15, 312, 4, 15, 49, 9371 }, // U+0665
    { 14, 23, 312, 3, 19, 81, 9420 }, // U+0666
    { 15, 23, 312, 2, 19, 87, 9501 }, // U+0667
    { 15, 23, 312, 2, 19, 87, 9588 }, // U+0668
    { 12, 24, 312, 4, 20, 72, 9675 }, // U+0669
    { 20, 31, 352, 1, 24, 155, 9747 }, // U+066A
    { 9, 15, 159, 0, 7, 34, 9902 }, // U+066B
    { 9, 15, 159, 1, 20, 34, 9936 }, // U+066C
    { 16, 15, 290, 1, 18, 60, 9970 }, // U+066D
    { 28, 14, 494, 1, 13, 98, 10030 }, // U+066E
    { 20, 20, 366, 1, 14, 100, 10128 }, // U+066F
    { 5, 11, 0, -7, 30, 14, 10228 }, // U+0670
    { 10, 34, 116, -2, 33, 85, 10242 }, // U+0671
    { 13, 35, 116, -6, 34, 114, 10327 }, // U+0672
    { 14, 35, 116, -4, 24, 123, 10441 }, // U+0673
    { 10, 11, 203, 1, 19, 28, 10564 }, // U+0674
    { 18, 25, 319, 1, 24, 113, 10592 }, // U+0675
    { 28, 27, 416, -3, 19, 189, 10705 }, // U+0676
    { 28, 30, 416, -3, 22, 210, 10894 }, // U+0677
    { 36, 39, 611, 1, 23, 351, 11104 }, // U+0678
    { 28, 23, 494, 1, 22, 161, 11455 }, // U+0679
    { 28, 21, 494, 1, 20, 147, 11616 }, // U+067A
    { 28, 26, 494, 1, 13, 182, 11763 }, // U+067B
    { 28, 23, 494, 1, 18, 161, 11945 }, // U+067C
    { 28, 22, 494, 1, 21, 154, 12106 }, // U+067D
    { 28, 25, 494, 1, 13, 175, 12260 }, // U+067E
    { 28, 22, 494, 1, 21, 154, 12435 }, // U+067F
    { 28, 25, 494, 1, 13, 175, 12589 }, // U+0680
    { 26, 40, 352, 0, 22, 260, 12764 }, // U+0681
    { 26, 38, 352, 0, 20, 247, 13024 }, // U+0682
    { 26, 27, 352, 0, 9, 176, 13271 }, // U+0683
    { 26, 27, 352, 0, 9, 176, 13447 }, // U+0684
    { 26, 39, 352, 0, 21, 254, 13623 }, // U+0685
    { 26, 27, 352, 0, 9, 176, 13877 }, // U+0686
    { 26, 27, 352, 0, 9, 176, 14053 }, // U+0687
    { 11, 30, 240, 2, 29, 83, 14229 }, // U+0688
    { 11, 18, 240, 2, 14, 50, 14312 }, // U+0689
    { 11, 22, 240, 2, 14, 61, 14362 }, // U+068A
    { 11, 37, 240, 2, 29, 102, 14423 }, // U+068B
    { 11, 24, 240, 2, 23, 66, 14525 }, // U+068C
    { 11, 23, 240, 2, 14, 64, 14591 }, // U+068D
    { 11, 27, 240, 2, 26, 75, 14655 }, // U+068E
    { 11, 27, 240, 2, 26, 75, 14730 }, // U+068F
    { 11, 27, 240, 2, 26, 75, 14805 }, // U+0690
    { 15, 33, 213, -3, 25, 124, 14880 }, // U+0691
    { 15, 30, 213, -3, 22, 113, 15004 }, // U+0692
    { 15, 22, 213, -3, 10, 83, 15117 }, // U+0693
    { 15, 22, 213, -3, 10, 83, 15200 }, // U+0694
    { 15, 26, 213, -3, 10, 98, 15283 }, // U+0695
    { 15, 22, 213, -3, 10, 83, 15381 }, // U+0696
    { 15, 27, 213, -3, 19, 102, 15464 }, // U+0697
    { 15, 30, 213, -3, 22, 113, 15566 }, // U+0698
    { 15, 30, 213, -3, 22, 113, 15679 }, // U+0699
    { 30, 28, 529, 1, 20, 210, 15792 }, // U+069A
    { 30, 24, 529, 1, 13, 180, 16002 }, // U+069B
    { 30, 35, 529, 1, 24, 263, 16182 }, // U+069C
    { 37, 23, 646, 2, 14, 213, 16445 }, // U+069D
    { 37, 34, 646, 2, 25, 315, 16658 }, // U+069E
    { 24, 26, 422, 1, 25, 156, 16973 }, // U+069F
    { 24, 43, 288, 1, 27, 258, 17129 }, // U+06A0
    { 29, 19, 524, 2, 18, 138, 17387 }, // U+06A1
    { 29, 23, 524, 2, 18, 167, 17525 }, // U+06A2
    { 29, 30, 524, 2, 25, 218, 17692 }, // U+06A3
    { 29, 30, 524, 2, 29, 218, 17910 }, // U+06A4
    { 30, 27, 524, 2, 18, 203, 18128 }, // U+06A5
    { 29, 30, 524, 2, 29, 218, 18331 }, // U+06A6
    { 20, 27, 366, 1, 21, 135, 18549 }, // U+06A7
    { 20, 31, 366, 1, 25, 155, 18684 }, // U+06A8
    { 37, 29, 641, 2, 26, 269, 18839 }, // U+06A9
    { 61, 24, 1013, 1, 22, 366, 19108 }, // U+06AA
    { 37, 29, 641, 2, 26, 269, 19474 }, // U+06AB
    { 18, 28, 350, 2, 27, 126, 19743 }, // U+06AC
    { 18, 31, 350, 2, 30, 140, 19869 }, // U+06AD
    { 18, 38, 350, 2, 27, 171, 20009 }, // U+06AE
    { 37, 32, 641, 2, 29, 296, 20180 }, // U+06AF
    { 37, 32, 641, 2, 29, 296, 20476 }, // U+06B0
    { 37, 32, 641, 2, 29, 296, 20772 }, // U+06B1
    { 37, 38, 641, 2, 29, 352, 21068 }, // U+06B2
    { 37, 40, 641, 2, 29, 370, 21420 }, // U+06B3
    { 37, 33, 641, 2, 30, 306, 21790 }, // U+06B4
    { 17, 33, 322, 2, 30, 141, 22096 }, // U+06B5
    { 17, 29, 322, 2, 26, 124, 22237 }, // U+06B6
    { 17, 29, 322, 2, 26, 124, 22361 }, // U+06B7
    { 17, 39, 322, 2, 26, 166, 22485 }, // U+06B8
    { 16, 31, 305, 2, 21, 124, 22651 }, // U+06B9
    { 16, 19, 305, 2, 16, 76, 22775 }, // U+06BA
    { 16, 30, 305, 2, 27, 120, 22851 }, // U+06BB
    { 16, 28, 305, 2, 21, 112, 22971 }, // U+06BC
    { 16, 28, 305, 2, 25, 112, 23083 }, // U+06BD
    { 19, 13, 324, 0, 11, 62, 23195 }, // U+06BE
    { 26, 35, 352, 0, 17, 228, 23257 }, // U+06BF
    { 10, 26, 197, 1, 25, 65, 23485 }, // U+06C0
    { 10, 13, 197, 1, 12, 33, 23550 }, // U+06C1
    { 10, 26, 197, 1, 25, 65, 23583 }, // U+06C2
    { 10, 22, 197, 1, 21, 55, 23648 }, // U+06C3
    { 15, 18, 213, -3, 10, 68, 23703 }, // U+06C4
    { 17, 18, 213, -3, 10, 77, 23771 }, // U+06C5
    { 15, 28, 213, -3, 20, 105, 23848 }, // U+06C6
    { 15, 30, 213, -3, 22, 113, 23953 }, // U+06C7
    { 15, 30, 213, -3, 22, 113, 24066 }, // U+06C8
    { 15, 28, 213, -3, 20, 105, 24179 }, // U+06C9
    { 15, 26, 213, -3, 18, 98, 24284 }, // U+06CA
    { 15, 29, 213, -3, 21, 109, 24382 }, // U+06CB
    { 24, 21, 407, 1, 14, 126, 24491 }, // U+06CC
    { 26, 21, 407, -1, 14, 137, 24617 }, // U+06CD
    { 24, 27, 407, 1, 20, 162, 24754 }, // U+06CE
    { 15, 25, 213, -3, 17, 94, 24916 }, // U+06CF
    { 24, 32, 407, 1, 14, 192, 25010 }, // U+06D0
    { 24, 33, 407, 1, 14, 198, 25202 }, // U+06D1
    { 35, 17, 618, 2, 16, 149, 25400 }, // U+06D2
    { 35, 33, 618, 2, 32, 289, 25549 }, // U+06D3
    { 13, 3, 262, 2, 3, 10, 25838 }, // U+06D4
    { 10, 13, 197, 1, 12, 33, 25848 }, // U+06D5
    { 18, 16, 0, -20, 30, 72, 25881 }, // U+06D6
    { 18, 18, 0, -20, 30, 81, 25953 }, // U+06D7
    { 11, 10, 0, -13, 30, 28, 26034 }, // U+06D8
    { 12, 16, 0, -14, 30, 48, 26062 }, // U+06D9
    { 15, 16, 0, -17, 30, 60, 26110 }, // U+06DA
    { 10, 8, 0, -12, 30, 20, 26170 }, // U+06DB
    { 17, 13, 0, -19, 30, 56, 26190 }, // U+06DC
    { 41, 37, 682, 1, 24, 380, 26246 }, // U+06DD
    { 20, 19, 348, 1, 15, 95, 26626 }, // U+06DE
    { 6, 8, 0, -8, 30, 12, 26721 }, // U+06DF
    { 6, 9, 0, -8, 30, 14, 26733 }, // U+06E0
    { 8, 6, 0, -10, 30, 12, 26747 }, // U+06E1
    { 6, 13, 0, -8, 30, 20, 26759 }, // U+06E2
    { 17, 13, 0, -19, 30, 56, 26779 }, // U+06E3
    { 13, 5, 0, -15, 30, 17, 26835 }, // U+06E4
    { 10, 11, 178, 1, 9, 28, 26852 }, // U+06E5
    { 12, 10, 217, 1, 9, 30, 26880 }, // U+06E6
    { 12, 10, 0, -14, 30, 30, 26910 }, // U+06E7
    { 10, 14, 0, -12, 30, 35, 26940 }, // U+06E8
    { 21, 39, 358, 1, 25, 205, 26975 }, // U+06E9
    { 9, 15, 0, -11, 30, 34, 27180 }, // U+06EA
    { 9, 15, 0, -11, 30, 34, 27214 }, // U+06EB
    { 9, 9, 0, -11, 30, 21, 27248 }, // U+06EC
    { 6, 13, 0, -8, 30, 20, 27269 }, // U+06ED
    { 11, 25, 240, 2, 24, 69, 27289 }, // U+06EE
    { 15, 30, 213, -3, 22, 113, 27358 }, // U+06EF
    { 7, 8, 312, 6, 11, 14, 27471 }, // U+06F0
    { 7, 23, 312, 6, 19, 41, 27485 }, // U+06F1
    { 13, 23, 312, 3, 19, 75, 27526 }, // U+06F2
    { 16, 23, 312, 2, 19, 92, 27601 }, // U+06F3
    { 16, 23, 312, 3, 19, 92, 27693 }, // U+06F4
    { 15, 22, 312, 2, 19, 83, 27785 }, // U+06F5
    { 16, 23, 312, 2, 19, 92, 27868 }, // U+06F6
    { 15, 23, 312, 2, 19, 87, 27960 }, // U+06F7
    { 15, 23, 312, 2, 19, 87, 28047 }, // U+06F8
    { 12, 24, 312, 4, 20, 72, 28134 }, // U+06F9
    { 30, 32, 529, 1, 24, 240, 28206 }, // U+06FA
    { 37, 30, 646, 2, 21, 278, 28446 }, // U+06FB
    { 24, 39, 288, 1, 23, 234, 28724 }, // U+06FC
    { 10, 20, 203, 1, 10, 50, 28958 }, // U+06FD
    { 12, 30, 241, 1, 12, 90, 29008 }, // U+06FE
    { 19, 23, 324, 0, 21, 110, 29098 }, // U+06FF
    { 28, 22, 494, 1, 13, 154, 29208 }, // U+0750
    { 28, 31, 494, 1, 21, 217, 29362 }, // U+0751
    { 28, 25, 494, 1, 13, 175, 29579 }, // U+0752
    { 28, 30, 494, 1, 18, 210, 29754 }, // U+0753
    { 28, 26, 494, 1, 17, 182, 29964 }, // U+0754
    { 28, 26, 494, 1, 13, 182, 30146 }, // U+0755
    { 28, 22, 494, 1, 21, 154, 30328 }, // U+0756
    { 26, 36, 352, 0, 18, 234, 30482 }, // U+0757
    { 26, 27, 352, 0, 9, 176, 30716 }, // U+0758
    { 11, 40, 240, 2, 29, 110, 30892 }, // U+0759
    { 11, 25, 240, 2, 14, 69, 31002 }, // U+075A
    { 18, 18, 213, -3, 10, 81, 31071 }, // U+075B
    { 30, 32, 529, 1, 24, 240, 31152 }, // U+075C
    { 24, 40, 288, 1, 24, 240, 31392 }, // U+075D
    { 24, 43, 288, 1, 27, 258, 31632 }, // U+075E
    { 24, 42, 288, 1, 26, 252, 31890 }, // U+075F
    { 30, 24, 524, 2, 18, 180, 32142 }, // U+0760
    { 30, 27, 524, 2, 18, 203, 32322 }, // U+0761
    { 37, 29, 641, 2, 26, 269, 32525 }, // U+0762
    { 37, 33, 641, 2, 30, 306, 32794 }, // U+0763
    { 37, 38, 641, 2, 26, 352, 33100 }, // U+0764
    { 12, 36, 241, 1, 18, 108, 33452 }, // U+0765
    { 12, 30, 241, 1, 12, 90, 33560 }, // U+0766
    { 16, 32, 305, 2, 21, 128, 33650 }, // U+0767
    { 16, 37, 305, 2, 34, 148, 33778 }, // U+0768
    { 16, 32, 305, 2, 29, 128, 33926 }, // U+0769
    { 19, 29, 322, 2, 26, 138, 34054 }, // U+076A
    { 15, 31, 213, -3, 23, 117, 34192 }, // U+076B
    { 15, 31, 213, -3, 23, 117, 34309 }, // U+076C
    { 30, 31, 529, 1, 23, 233, 34426 }, // U+076D
    { 26, 27, 352, 0, 9, 176, 34659 }, // U+076E
    { 26, 27, 352, 0, 9, 176, 34835 }, // U+076F
    { 30, 41, 529, 1, 33, 308, 35011 }, // U+0770
    { 15, 39, 213, -3, 31, 147, 35319 }, // U+0771
    { 26, 44, 352, 0, 26, 286, 35466 }, // U+0772
    { 9, 30, 139, -1, 29, 68, 35752 }, // U+0773
    { 10, 30, 140, -2, 29, 75, 35820 }, // U+0774
    { 24, 28, 407, 1, 21, 168, 35895 }, // U+0775
    { 24, 29, 407, 1, 22, 174, 36063 }, // U+0776
    { 24, 35, 407, 1, 14, 210, 36237 }, // U+0777
    { 15, 31, 213, -3, 23, 117, 36447 }, // U+0778
    { 15, 31, 213, -3, 23, 117, 36564 }, // U+0779
    { 35, 27, 618, 2, 26, 237, 36681 }, // U+077A
    { 35, 27, 618, 2, 26, 237, 36918 }, // U+077B
    { 26, 27, 352, 0, 9, 176, 37155 }, // U+077C
    { 30, 33, 529, 1, 25, 248, 37331 }, // U+077D
    { 30, 32, 529, 1, 24, 240, 37579 }, // U+077E
    { 18, 28, 350, 2, 27, 126, 37819 }, // U+077F
    { 10, 3, 197, 1, 9, 8, 0 }, // U+2010
    { 10, 3, 197, 1, 9, 8, 8 }, // U+2011
    { 15, 3, 275, 1, 9, 12, 16 }, // U+2012
    { 16, 3, 293, 1, 9, 12, 28 }, // U+2013
    { 25, 3, 445, 1, 9, 19, 40 }, // U+2014
    { 35, 3, 596, 1, 9, 27, 59 }, // U+2015
    { 6, 10, 109, 1, 24, 15, 86 }, // U+2018
    { 6, 10, 109, 1, 25, 15, 101 }, // U+2019
    { 6, 10, 109, 0, 6, 15, 116 }, // U+201A
    { 6, 9, 109, 0, 24, 14, 131 }, // U+201B
    { 11, 10, 197, 1, 24, 28, 145 }, // U+201C
    { 11, 10, 197, 1, 25, 28, 173 }, // U+201D
    { 12, 10, 197, 0, 6, 30, 201 }, // U+201E
    { 12, 10, 197, 0, 24, 30, 231 }, // U+201F
    { 11, 23, 207, 1, 22, 64, 261 }, // U+2020
    { 12, 23, 220, 1, 22, 69, 325 }, // U+2021
    { 8, 8, 195, 2, 13, 16, 394 }, // U+2022
    { 5, 5, 109, 1, 4, 7, 410 }, // U+2024
    { 25, 5, 436, 1, 4, 32, 417 }, // U+2026
    { 28, 25, 494, 1, 13, 175, 0 }, // U+FB56
    { 30, 22, 471, 1, 9, 165, 175 }, // U+FB57
    { 9, 23, 101, -1, 10, 52, 340 }, // U+FB58
    { 10, 17, 130, -1, 6, 43, 392 }, // U+FB59
    { 26, 27, 352, 0, 9, 176, 435 }, // U+FB7A
    { 25, 28, 341, 1, 9, 175, 611 }, // U+FB7B
    { 21, 22, 349, -1, 11, 116, 786 }, // U+FB7C
    { 23, 21, 325, -1, 11, 121, 902 }, // U+FB7D
    { 15, 30, 213, -3, 22, 113, 1023 }, // U+FB8A
    { 16, 30, 183, -3, 20, 120, 1136 }, // U+FB8B
    { 15, 33, 213, -3, 25, 124, 1256 }, // U+FB8C
    { 16, 31, 183, -3, 21, 124, 1380 }, // U+FB8D
    { 37, 29, 641, 2, 26, 269, 1504 }, // U+FB8E
    { 37, 31, 604, 2, 28, 287, 1773 }, // U+FB8F
    { 21, 27, 351, -1, 26, 142, 2060 }, // U+FB90
    { 22, 29, 314, -1, 28, 160, 2202 }, // U+FB91
    { 37, 32, 641, 2, 29, 296, 2362 }, // U+FB92
    { 37, 36, 604, 2, 33, 333, 2658 }, // U+FB93
    { 21, 30, 351, -1, 29, 158, 2991 }, // U+FB94
    { 22, 34, 314, -1, 33, 187, 3149 }, // U+FB95
    { 10, 26, 197, 1, 25, 65, 3336 }, // U+FBA4
    { 12, 26, 202, 2, 25, 78, 3401 }, // U+FBA5
    { 18, 31, 350, 2, 30, 140, 3479 }, // U+FBD3
    { 27, 32, 438, 2, 30, 216, 3619 }, // U+FBD4
    { 21, 31, 351, -1, 30, 163, 3835 }, // U+FBD5
    { 22, 31, 314, -1, 30, 171, 3998 }, // U+FBD6
    { 24, 21, 407, 1, 14, 126, 4169 }, // U+FBFC
    { 22, 16, 312, 1, 4, 88, 4295 }, // U+FBFD
    { 9, 20, 101, -1, 10, 45, 4383 }, // U+FBFE
    { 10, 14, 130, -1, 6, 35, 4428 }, // U+FBFF
    { 19, 39, 381, 4, 25, 186, 4463 }, // U+FD3E
    { 18, 39, 381, 1, 25, 176, 4649 }, // U+FD3F
    { 30, 38, 510, 1, 37, 285, 4825 }, // U+FDF2
    { 10, 11, 156, 3, 38, 28, 5110 }, // U+FE70
    { 10, 39, 99, -2, 38, 98, 5138 }, // U+FE71
    { 8, 14, 156, 4, 42, 28, 5236 }, // U+FE72
    { 10, 11, 156, 3, -11, 28, 5264 }, // U+FE74
    { 9, 8, 156, 4, 35, 18, 5292 }, // U+FE76
    { 10, 36, 99, -2, 35, 90, 5310 }, // U+FE77
    { 9, 12, 156, 4, 39, 27, 5400 }, // U+FE78
    { 11, 40, 99, -3, 39, 110, 5427 }, // U+FE79
    { 9, 8, 156, 4, -10, 18, 5537 }, // U+FE7A
    { 11, 22, 99, -2, 4, 61, 5555 }, // U+FE7B
    { 9, 7, 156, 2, 34, 16, 5616 }, // U+FE7C
    { 10, 35, 99, -2, 34, 88, 5632 }, // U+FE7D
    { 7, 9, 156, 2, 36, 16, 5720 }, // U+FE7E
    { 10, 37, 99, -2, 36, 93, 5736 }, // U+FE7F
    { 10, 11, 203, 1, 10, 28, 5829 }, // U+FE80
    { 16, 32, 116, -5, 31, 128, 5857 }, // U+FE81
    { 16, 31, 174, -3, 31, 124, 5985 }, // U+FE82
    { 8, 35, 125, 0, 34, 70, 6109 }, // U+FE83
    { 10, 34, 154, 1, 34, 85, 6179 }, // U+FE84
    { 15, 30, 213, -3, 22, 113, 6264 }, // U+FE85
    { 16, 30, 184, -3, 20, 120, 6377 }, // U+FE86
    { 9, 34, 116, 1, 24, 77, 6497 }, // U+FE87
    { 9, 35, 122, 0, 25, 79, 6574 }, // U+FE88
    { 24, 28, 407, 1, 21, 168, 6653 }, // U+FE89
    { 22, 28, 312, 1, 16, 154, 6821 }, // U+FE8A
    { 9, 21, 101, -2, 21, 48, 6975 }, // U+FE8B
    { 10, 20, 130, -1, 20, 50, 7023 }, // U+FE8C
    { 5, 25, 116, 1, 24, 32, 7073 }, // U+FE8D
    { 8, 25, 122, 1, 25, 50, 7105 }, // U+FE8E
    { 28, 23, 494, 1, 13, 161, 7155 }, // U+FE8F
    { 30, 20, 471, 1, 9, 150, 7316 }, // U+FE90
    { 6, 19, 101, -1, 10, 29, 7466 }, // U+FE91
    { 10, 15, 130, -1, 6, 38, 7495 }, // U+FE92
    { 10, 22, 197, 1, 21, 55, 7533 }, // U+FE93
    { 14, 23, 202, 0, 22, 81, 7588 }, // U+FE94
    { 28, 19, 494, 1, 18, 133, 7669 }, // U+FE95
    { 30, 21, 471, 1, 18, 158, 7802 }, // U+FE96
    { 9, 17, 101, -2, 17, 39, 7960 }, // U+FE97
    { 10, 16, 130, -1, 16, 40, 7999 }, // U+FE98
    { 28, 22, 494, 1, 21, 154, 8039 }, // U+FE99
    { 30, 24, 471, 1, 21, 180, 8193 }, // U+FE9A
    { 9, 20, 101, -2, 20, 45, 8373 }, // U+FE9B
    { 10, 19, 130, -1, 19, 48, 8418 }, // U+FE9C
    { 26, 27, 352, 0, 9, 176, 8466 }, // U+FE9D
    { 25, 28, 341, 1, 9, 175, 8642 }, // U+FE9E
    { 21, 18, 349, -1, 11, 95, 8817 }, // U+FE9F
    { 23, 17, 325, -1, 11, 98, 8912 }, // U+FEA0
    { 26, 27, 352, 0, 9, 176, 9010 }, // U+FEA1
    { 25, 28, 341, 1, 9, 175, 9186 }, // U+FEA2
    { 21, 11, 349, -1, 11, 58, 9361 }, // U+FEA3
    { 23, 12, 325, -1, 11, 69, 9419 }, // U+FEA4
    { 26, 35, 352, 0, 17, 228, 9488 }, // U+FEA5
    { 25, 36, 341, 1, 17, 225, 9716 }, // U+FEA6
    { 21, 18, 349, -1, 18, 95, 9941 }, // U+FEA7
    { 23, 19, 325, -1, 18, 110, 10036 }, // U+FEA8
    { 11, 15, 240, 2, 14, 42, 10146 }, // U+FEA9
    { 16, 17, 251, 1, 17, 68, 10188 }, // U+FEAA
    { 11, 23, 240, 2, 22, 64, 10256 }, // U+FEAB
    { 16, 24, 251, 1, 24, 96, 10320 }, // U+FEAC
    { 15, 18, 213, -3, 10, 68, 10416 }, // U+FEAD
    { 16, 16, 183, -3, 6, 64, 10484 }, // U+FEAE
    { 15, 28, 213, -3, 20, 105, 10548 }, // U+FEAF
    { 16, 26, 183, -3, 16, 104, 10653 }, // U+FEB0
    { 30, 21, 529, 1, 13, 158, 10757 }, // U+FEB1
    { 36, 19, 575, 1, 7, 171, 10915 }, // U+FEB2
    { 18, 10, 303, -1, 10, 45, 11086 }, // U+FEB3
    { 21, 8, 303, -1, 7, 42, 11131 }, // U+FEB4
    { 30, 32, 529, 1, 24, 240, 11173 }, // U+FEB5
    { 36, 31, 575, 1, 19, 279, 11413 }, // U+FEB6
    { 18, 21, 303, -1, 21, 95, 11692 }, // U+FEB7
    { 21, 20, 303, -1, 19, 105, 11787 }, // U+FEB8
    { 37, 23, 646, 2, 14, 213, 11892 }, // U+FEB9
    { 39, 22, 630, 1, 12, 215, 12105 }, // U+FEBA
    { 23, 14, 372, -1, 10, 81, 12320 }, // U+FEBB
    { 26, 15, 385, -1, 12, 98, 12401 }, // U+FEBC
    { 37, 30, 646, 2, 21, 278, 12499 }, // U+FEBD
    { 39, 29, 630, 1, 19, 283, 12777 }, // U+FEBE
    { 23, 21, 372, -1, 17, 121, 13060 }, // U+FEBF
    { 26, 22, 385, -1, 19, 143, 13181 }, // U+FEC0
    { 24, 26, 422, 1, 25, 156, 13324 }, // U+FEC1
    { 25, 27, 400, 1, 26, 169, 13480 }, // U+FEC2
    { 18, 24, 302, -1, 24, 108, 13649 }, // U+FEC3
    { 22, 26, 294, -2, 25, 143, 13757 }, // U+FEC4
    { 24, 26, 422, 1, 25, 156, 13900 }, // U+FEC5
    { 25, 27, 400, 1, 26, 169, 14056 }, // U+FEC6
    { 18, 24, 302, -1, 24, 108, 14225 }, // U+FEC7
    { 22, 26, 294, -2, 25, 143, 14333 }, // U+FEC8
    { 24, 32, 288, 1, 16, 192, 14476 }, // U+FEC9
    { 25, 30, 263, 0, 11, 188, 14668 }, // U+FECA
    { 16, 14, 254, -2, 14, 56, 14856 }, // U+FECB
    { 16, 12, 195, -2, 11, 48, 14912 }, // U+FECC
    { 24, 39, 288, 1, 23, 234, 14960 }, // U+FECD
    { 25, 37, 263, 0, 18, 232, 15194 }, // U+FECE
    { 16, 21, 254, -2, 21, 84, 15426 }, // U+FECF
    { 16, 20, 195, -2, 19, 80, 15510 }, // U+FED0
    { 29, 26, 524, 2, 25, 189, 15590 }, // U+FED1
    { 33, 23, 536, 2, 19, 190, 15779 }, // U+FED2
    { 9, 21, 157, -1, 21, 48, 15969 }, // U+FED3
    { 15, 23, 202, -1, 22, 87, 16017 }, // U+FED4
    { 20, 28, 366, 1, 22, 140, 16104 }, // U+FED5
    { 20, 25, 324, 1, 16, 125, 16244 }, // U+FED6
    { 9, 22, 157, -1, 22, 50, 16369 }, // U+FED7
    { 15, 24, 202, -1, 23, 90, 16419 }, // U+FED8
    { 18, 28, 350, 2, 27, 126, 16509 }, // U+FED9
    { 27, 27, 438, 2, 25, 183, 16635 }, // U+FEDA
    { 21, 27, 351, -1, 26, 142, 16818 }, // U+FEDB
    { 22, 29, 314, -1, 28, 160, 16960 }, // U+FEDC
    { 17, 29, 322, 2, 26, 124, 17120 }, // U+FEDD
    { 22, 35, 343, 1, 22, 193, 17244 }, // U+FEDE
    { 5, 24, 93, -1, 24, 30, 17437 }, // U+FEDF
    { 9, 25, 105, -2, 24, 57, 17467 }, // U+FEE0
    { 12, 30, 241, 1, 12, 90, 17524 }, // U+FEE1
    { 18, 28, 278, 1, 8, 126, 17614 }, // U+FEE2
    { 13, 11, 207, -2, 11, 36, 17740 }, // U+FEE3
    { 18, 10, 247, -1, 9, 45, 17776 }, // U+FEE4
    { 16, 24, 305, 2, 21, 96, 17821 }, // U+FEE5
    { 20, 25, 328, 2, 13, 125, 17917 }, // U+FEE6
    { 7, 17, 101, -1, 17, 30, 18042 }, // U+FEE7
    { 10, 17, 130, -1, 17, 43, 18072 }, // U+FEE8
    { 10, 13, 197, 1, 12, 33, 18115 }, // U+FEE9
    { 12, 17, 202, 2, 16, 51, 18148 }, // U+FEEA
    { 16, 14, 241, -2, 14, 56, 18199 }, // U+FEEB
    { 16, 20, 208, -2, 12, 80, 18255 }, // U+FEEC
    { 15, 18, 213, -3, 10, 68, 18335 }, // U+FEED
    { 16, 18, 184, -3, 8, 72, 18403 }, // U+FEEE
    { 24, 21, 407, 1, 14, 126, 18475 }, // U+FEEF
    { 22, 16, 312, 1, 4, 88, 18601 }, // U+FEF0
    { 24, 30, 407, 1, 14, 180, 18689 }, // U+FEF1
    { 22, 24, 312, 1, 4, 132, 18869 }, // U+FEF2
    { 9, 20, 101, -1, 10, 45, 19001 }, // U+FEF3
    { 10, 14, 130, -1, 6, 35, 19046 }, // U+FEF4
    { 25, 33, 343, -4, 31, 207, 19081 }, // U+FEF5
    { 29, 31, 368, -4, 29, 225, 19288 }, // U+FEF6
    { 22, 36, 343, -1, 34, 198, 19513 }, // U+FEF7
    { 26, 34, 368, -1, 32, 221, 19711 }, // U+FEF8
    { 19, 38, 343, 2, 25, 181, 19932 }, // U+FEF9
    { 26, 36, 368, -1, 24, 234, 20113 }, // U+FEFA
    { 19, 27, 343, 2, 25, 129, 20347 }, // U+FEFB
    { 23, 26, 368, 2, 24, 150, 20476 }, // U+FEFC
    { 0, 0, 0, 0, 0, 0, 20626 }, // U+FEFF
};

static const EpdUnicodeInterval amiri_16_regularIntervals[] = {
    { 0x20, 0x7E, 0x0 },
    { 0x600, 0x604, 0x5F },
    { 0x606, 0x6FF, 0x64 },
    { 0x750, 0x77F, 0x15E },
    { 0x2010, 0x2015, 0x18E },
    { 0x2018, 0x2022, 0x194 },
    { 0x2024, 0x2024, 0x19F },
    { 0x2026, 0x2026, 0x1A0 },
    { 0xFB56, 0xFB59, 0x1A1 },
    { 0xFB7A, 0xFB7D, 0x1A5 },
    { 0xFB8A, 0xFB95, 0x1A9 },
    { 0xFBA4, 0xFBA5, 0x1B5 },
    { 0xFBD3, 0xFBD6, 0x1B7 },
    { 0xFBFC, 0xFBFF, 0x1BB },
    { 0xFD3E, 0xFD3F, 0x1BF },
    { 0xFDF2, 0xFDF2, 0x1C1 },
    { 0xFE70, 0xFE72, 0x1C2 },
    { 0xFE74, 0xFE74, 0x1C5 },
    { 0xFE76, 0xFEFC, 0x1C6 },
    { 0xFEFF, 0xFEFF, 0x24D },
};

static const EpdFontGroup amiri_16_regularGroups[] = {
    { 0, 3731, 8053, 95, 0 },
    { 3731, 8404, 40279, 303, 95 },
    { 12135, 336, 487, 19, 398 },
    { 12471, 6009, 22299, 173, 417 },
};

static const EpdKernClassEntry amiri_16_regularKernLeftClasses[] = {
    { 0x0022, 1 }, // "
    { 0x0026, 2 }, // &
    { 0x0027, 1 }, // '
    { 0x002E, 3 }, // .
    { 0x0041, 4 }, // A
    { 0x0042, 5 }, // B
    { 0x0043, 6 }, // C
    { 0x0044, 7 }, // D
    { 0x0045, 8 }, // E
    { 0x0046, 9 }, // F
    { 0x0047, 10 }, // G
    { 0x0048, 11 }, // H
    { 0x0049, 11 }, // I
    { 0x004A, 12 }, // J
    { 0x004B, 13 }, // K
    { 0x004C, 14 }, // L
    { 0x004D, 15 }, // M
    { 0x004E, 16 }, // N
    { 0x004F, 7 }, // O
    { 0x0050, 17 }, // P
    { 0x0051, 7 }, // Q
    { 0x0052, 18 }, // R
    { 0x0053, 19 }, // S
    { 0x0054, 20 }, // T
    { 0x0055, 21 }, // U
    { 0x0056, 22 }, // V
    { 0x0057, 23 }, // W
    { 0x0058, 24 }, // X
    { 0x0059, 25 }, // Y
    { 0x005A, 26 }, // Z
    { 0x0076, 27 }, // v
    { 0x0077, 27 }, // w
    { 0x0079, 27 }, // y
    { 0x0677, 28 }, // U+0677
    { 0x0688, 29 }, // U+0688
    { 0x0689, 29 }, // U+0689
    { 0x068A, 29 }, // U+068A
    { 0x068B, 29 }, // U+068B
    { 0x068C, 29 }, // U+068C
    { 0x068D, 29 }, // U+068D
    { 0x068E, 29 }, // U+068E
    { 0x068F, 29 }, // U+068F
    { 0x0690, 29 }, // U+0690
    { 0x0692, 28 }, // U+0692
    { 0x0693, 28 }, // U+0693
    { 0x0694, 28 }, // U+0694
    { 0x0695, 28 }, // U+0695
    { 0x0696, 28 }, // U+0696
    { 0x0697, 28 }, // U+0697
    { 0x0699, 28 }, // U+0699
    { 0x06C4, 28 }, // U+06C4
    { 0x06C5, 28 }, // U+06C5
    { 0x06C6, 28 }, // U+06C6
    { 0x06C7, 28 }, // U+06C7
    { 0x06C8, 28 }, // U+06C8
    { 0x06C9, 28 }, // U+06C9
    { 0x06CA, 28 }, // U+06CA
    { 0x06CB, 28 }, // U+06CB
    { 0x06CF, 28 }, // U+06CF
    { 0x06EE, 29 }, // U+06EE
    { 0x06EF, 28 }, // U+06EF
    { 0x0759, 29 }, // U+0759
    { 0x075A, 29 }, // U+075A
    { 0x075B, 28 }, // U+075B
    { 0x076B, 28 }, // U+076B
    { 0x076C, 28 }, // U+076C
    { 0x0771, 28 }, // U+0771
    { 0x0778, 28 }, // U+0778
    { 0x0779, 28 }, // U+0779
    { 0xFB8A, 28 }, // U+FB8A
    { 0xFB8C, 28 }, // U+FB8C
    { 0xFE85, 28 }, // U+FE85
    { 0xFEA9, 29 }, // U+FEA9
    { 0xFEAB, 29 }, // U+FEAB
    { 0xFEAD, 28 }, // U+FEAD
    { 0xFEAF, 28 }, // U+FEAF
    { 0xFEED, 28 }, // U+FEED
};

static const EpdKernClassEntry amiri_16_regularKernRightClasses[] = {
    { 0x0022, 1 }, // "
    { 0x0026, 2 }, // &
    { 0x0027, 1 }, // '
    { 0x002A, 3 }, // *
    { 0x002D, 4 }, // -
    { 0x003A, 5 }, // :
    { 0x003B, 5 }, // ;
    { 0x003F, 6 }, // ?
    { 0x0040, 7 }, // @
    { 0x0043, 8 }, // C
    { 0x0047, 8 }, // G
    { 0x004F, 8 }, // O
    { 0x0051, 8 }, // Q
    { 0x0053, 9 }, // S
    { 0x0054, 10 }, // T
    { 0x0056, 11 }, // V
    { 0x0057, 12 }, // W
    { 0x0059, 13 }, // Y
    { 0x005A, 14 }, // Z
    { 0x0061, 15 }, // a
    { 0x0062, 16 }, // b
    { 0x0063, 17 }, // c
    { 0x0064, 18 }, // d
    { 0x0066, 19 }, // f
    { 0x0067, 20 }, // g
    { 0x0068, 21 }, // h
    { 0x0069, 22 }, // i
    { 0x006A, 23 }, // j
    { 0x006B, 21 }, // k
    { 0x006C, 21 }, // l
    { 0x006D, 24 }, // m
    { 0x006E, 24 }, // n
    { 0x0070, 25 }, // p
    { 0x0071, 26 }, // q
    { 0x0072, 24 }, // r
    { 0x0073, 27 }, // s
    { 0x0074, 28 }, // t
    { 0x0075, 29 }, // u
    { 0x0076, 30 }, // v
    { 0x0077, 31 }, // w
    { 0x0078, 32 }, // x
    { 0x0079, 33 }, // y
    { 0x007A, 34 }, // z
    { 0x061B, 35 }, // U+061B
    { 0x063B, 36 }, // U+063B
    { 0x063C, 36 }, // U+063C
    { 0x06AB, 36 }, // U+06AB
    { 0x06B0, 36 }, // U+06B0
    { 0x06B1, 36 }, // U+06B1
    { 0x06B2, 36 }, // U+06B2
    { 0x06B3, 36 }, // U+06B3
    { 0x06B4, 36 }, // U+06B4
    { 0x0762, 36 }, // U+0762
    { 0x0763, 36 }, // U+0763
    { 0x0764, 36 }, // U+0764
    { 0x2013, 4 }, // U+2013
    { 0x2014, 4 }, // U+2014
    { 0x2015, 4 }, // U+2015
    { 0x2018, 37 }, // U+2018
    { 0x2019, 38 }, // U+2019
    { 0x201C, 37 }, // U+201C
    { 0x201D, 38 }, // U+201D
    { 0xFB8E, 36 }, // U+FB8E
    { 0xFB92, 36 }, // U+FB92
};

static const int8_t amiri_16_regularKernMatrix[] = {
       0,    0,    0,    0,    0,    0,  -11,    0,    0,    0,    0,    0,    0,    0,    0,    0,    0,    0,    0,    0,    0,    0,    0,    0,    0,    0,    0,    0,    0,    0,    0,    0,    0,    0,    0,    0,    0,    0,
     -19,    0,    0,    0,    0,    0,    0,    0,    0,  -15,  -14,  -11,  -18,    0,    0,    0,    0,    0,    0,    0,    0,    0,    0,    0,    0,    0,    0,    0,    0,    0,    0,    0,    0,    0,    0,    0,    0,    0,
       0,    0,    0,    0,    0,    0,    0,    0,    0,    0,    0,    0,    0,    0,    0,    0,    0,    0,    0,    0,    0,    0,    0,    0,    0,    0,    0,    0,    0,    0,    0,    0,    0,    0,    0,    0,  -78,    0,
       0,    0,  -21,   -9,    0,    0,    0,  -11,    0,    0,    0,    0,    0,    0,    0,    0,   -5,   -5,    0,    0,    0,    0,    0,    0,    0,   -5,    0,   -4,   -6,  -23,  -23,    0,  -22,    0,    0,    0,  -25,  -23,
       0,    0,    0,    0,    0,    0,    0,    0,    0,    0,    0,    0,    0,    0,    0,    0,    0,    0,   -4,    0,   -4,   -5,   -3,   -4,    0,    0,    0,   -3,    0,  -10,  -10,  -13,  -10,   -5,    0,    0,    0,    0,
       0,    0,    0,    0,    0,    0,    0,    0,    0,    0,    0,    0,    0,    0,    0,    0,    0,    0,    0,    0,    0,   -3,    0,    0,    0,    0,    0,    0,    0,   -8,   -7,    0,   -7,    0,    0,    0,    0,    0,
       0,    0,    0,    0,    0,    0,    0,    0,    0,    0,    0,    0,    0,   -3,    0,    0,    0,    0,    0,    0,   -6,    0,    0,    0,    0,    0,    0,    0,    0,    0,    0,  -11,    0,    0,    0,    0,    0,    0,
       0,    0,    0,    0,    0,    0,    0,    0,    0,    0,    0,    0,    0,    0,    0,    0,    0,    0,    0,    0,    0,    0,   -3,    0,    0,    0,    0,   -3,   -3,  -13,  -13,    0,  -13,   -3,    0,    0,    0,    0,
       0,   -6,    0,   -5,   -4,    0,    0,    0,    0,    0,    0,    0,    0,    0,  -16,    0,  -14,  -14,   -6,  -14,    0,   -3,    0,   -9,   -3,  -14,  -13,   -3,   -4,   -4,   -4,   -7,   -4,  -11,    0,    0,    0,    0,
       0,    0,    0,    0,    0,    0,    0,    0,    0,    0,    0,    0,    0,    0,    0,    0,    0,    0,    0,    0,    0,    0,    0,    0,    0,    0,    0,    0,    0,   -6,   -5,   -6,   -6,    0,    0,    0,    0,    0,
       0,    0,    0,   -6,    0,    0,    0,   -5,    0,    0,    0,    0,    0,    0,   -5,    0,  -11,  -11,    0,   -6,    0,    0,   -3,    0,   -4,  -11,   -4,   -8,   -7,   -9,   -9,    0,   -9,    0,    0,    0,    0,    0,
       0,   -6,    0,   -4,    0,    0,    0,   -5,    0,    0,    0,    0,    0,    0,  -11,    0,  -13,  -12,  -10,  -12,    0,   -6,   -4,  -10,   -7,  -12,  -11,  -11,   -9,   -9,   -9,   -3,   -9,  -11,    0,    0,    0,    0,
       0,    0,    0,  -19,    0,    0,    0,  -28,    0,    0,    0,    0,    0,    0,    0,    0,  -18,  -16,    0,   -3,    0,    0,    0,    0,    0,  -15,    0,   -5,   -7,  -38,  -38,    0,  -37,    0,    0,    0,    0,    0,
       0,    0,  -41,    0,    0,    0,    0,    0,    0,    0,    0,    0,    0,    0,    0,    0,    0,    0,    0,    0,    0,    0,    0,    0,    0,    0,    0,    0,    0,  -24,  -24,    0,  -23,    0,    0,    0,  -37,  -38,
       0,    0,    0,   -6,    0,    0,    0,   -5,    0,    0,    0,    0,    0,    0,   -4,    0,  -10,  -10,    0,   -5,    0,    0,   -3,    0,   -3,  -10,   -3,   -7,   -7,  -10,  -11,    0,  -11,    0,    0,    0,    0,    0,
       0,   -6,    0,   -6,    0,    0,    0,   -5,    0,    0,    0,    0,    0,    0,  -13,    0,  -13,  -12,  -11,  -11,    0,   -5,   -3,  -10,   -7,  -12,  -13,  -11,  -10,  -10,  -10,   -4,  -10,  -12,    0,    0,    0,    0,
       0,  -11,    3,  -23,    0,    0,    0,    0,    0,    0,    0,    0,    0,    0,  -10,    0,  -19,  -19,    0,  -11,    0,    0,    0,    0,    0,  -19,   -8,    0,    0,    0,    0,    0,    0,    0,    0,    0,    0,    0,
       0,    0,   -9,   -5,    0,    0,    0,   -8,    0,    0,    0,    0,    0,    0,    0,    0,   -5,   -5,    0,   -3,    0,    0,    0,    0,    0,   -4,    0,    0,   -4,  -19,  -18,    0,  -19,    0,    0,    0,    0,    0,
       0,    0,    0,    0,    0,    0,    0,    0,    0,    0,    0,    0,    0,    0,    0,    0,    0,    0,   -3,    0,    0,   -4,   -3,   -4,    0,    0,    0,   -3,   -3,  -11,  -11,   -7,  -11,   -5,    0,    0,    0,    0,
       0,  -11,    0,  -33,  -18,    0,    0,   -3,    0,    0,    0,    0,    0,    0,  -45,    0,  -53,  -53,  -12,  -45,    0,  -10,   -4,  -38,  -35,  -53,  -43,  -10,  -35,  -30,  -29,  -31,  -29,  -41,    0,    0,    0,    0,
       0,   -6,    0,   -5,   -5,    0,    0,   -3,    0,    0,    0,    0,    0,    0,  -15,    4,  -14,  -14,  -11,  -14,    0,   -4,    0,  -12,   -6,  -14,  -15,  -10,   -7,   -6,   -6,   -7,   -6,  -14,    0,    0,    0,    0,
       0,  -15,    0,  -25,  -16,    0,    0,  -12,   -4,    0,    0,    0,    0,    0,  -42,   20,  -41,  -40,  -18,  -36,   11,   -4,    0,  -33,  -25,  -41,  -39,  -19,  -21,  -20,  -20,  -20,  -20,  -34,    0,    0,    0,    0,
       0,  -14,    0,  -18,  -13,    0,    0,  -10,   -4,    0,    0,    0,    0,    0,  -34,   17,  -30,  -30,  -17,  -28,    8,   -5,    0,  -23,  -16,  -30,  -31,  -19,  -18,  -14,  -15,  -14,  -14,  -26,    0,    0,    0,    0,
       0,    0,    0,  -12,    0,    0,    0,  -16,    0,    0,    0,    0,    0,    0,    0,    0,  -15,  -13,    0,    0,    0,    0,    0,    0,    0,  -12,    0,   -6,   -7,  -32,  -31,    0,  -31,    0,    0,    0,    0,    0,
       0,  -14,    0,  -29,  -17,    0,    0,  -19,   -4,    0,    0,    0,    0,    0,  -42,   14,  -48,  -47,  -19,  -40,    6,   -6,    0,  -37,  -33,  -47,  -40,  -32,  -36,  -32,  -33,  -30,  -33,  -41,    0,    0,    0,    0,
       0,    0,   -6,    0,    0,    0,    0,    0,    0,    0,    0,    0,    0,    0,    0,    0,    0,    0,    0,   -3,    0,   -3,   -4,   -3,   -4,    0,    0,   -5,   -5,  -22,  -22,    0,  -21,   -4,    0,    0,    0,    0,
       0,    0,    0,    0,    0,   -6,    0,    0,    0,    0,    0,    0,    0,    0,    0,    0,    0,    0,    0,    0,    0,    0,    0,    0,    0,    0,    0,    0,    0,    0,    0,    0,    0,    0,    0,    0,    0,    0,
       0,    0,    0,    0,    0,    0,    0,    0,    0,    0,    0,    0,    0,    0,    0,    0,    0,    0,    0,    0,    0,    0,    0,    0,    0,    0,    0,    0,    0,    0,    0,    0,    0,    0,   31,  -78,    0,    0,
       0,    0,    0,    0,    0,    0,    0,    0,    0,    0,    0,    0,    0,    0,    0,    0,    0,    0,    0,    0,    0,    0,    0,    0,    0,    0,    0,    0,    0,    0,    0,    0,    0,    0,    0, -104,    0,    0,
};

static const EpdFontData amiri_16_regular = {
    amiri_16_regularBitmaps,
    amiri_16_regularGlyphs,
    amiri_16_regularIntervals,
    20,
    59,
    38,
    -22,
    true,
    amiri_16_regularGroups,
    4,
    nullptr,
    amiri_16_regularKernLeftClasses,
    amiri_16_regularKernRightClasses,
    amiri_16_regularKernMatrix,
    77,
    64,
    29,
    38,
    nullptr,
    0,
};
