/**
 * generated by fontconvert.py
 * name: amiri_14_regular
 * size: 14
 * mode: 2-bit  compressed: true
 * Command used: fontconvert.py amiri_14_regular 14 ../builtinFonts/source/Amiri/Amiri-Regular.ttf --2bit --compress --script arabic
 */
#pragma once
#include "EpdFontData.h"

static const uint8_t amiri_14_regularBitmaps[14871] = {
    0xA5, 0x58, 0x4F, 0x6C, 0xDC, 0x58, 0x19, 0xFF, 0x6C, 0xA7, 0x71, 0x5B, 0xCF, 0xC4, 0x3D, 0x74,
    0x45, 0x21, 0x7F, 0xDC, 0x43, 0x0F, 0x01, 0x92, 0x78, 0x84, 0x22, 0x91, 0x15, 0x33, 0xE3, 0xB7,
    0xE2, 0x80, 0x04, 0x07, 0x22, 0xD1, 0xC2, 0x05, 0x69, 0x23, 0x71, 0xE4, 0x90, 0x1C, 0x82, 0x14,
    0xA4, 0x69, 0xE6, 0xED, 0xEE, 0x91, 0x45, 0x9B, 0x0B, 0xE7, 0x8D, 0xC4, 0x1E, 0x50, 0xAB, 0xD5,
    0x0E, 0x52, 0x0E, 0x23, 0x94, 0x64, 0xDE, 0xB2, 0x12, 0x97, 0x4A, 0xE0, 0xB2, 0xC0, 0x4A, 0x08,
    0x69, 0x0D, 0x2A, 0x68, 0xD5, 0x4A, 0xD4, 0xB0, 0x46, 0xEB, 0x96, 0x49, 0xCC, 0xEF, 0xFB, 0xEC,
    0x49, 0xD2, 0x7F, 0x59, 0x28, 0x63, 0xBF, 0xCF, 0x33, 0xE3, 0xE7, 0xF7, 0xBE, 0x3F, 0xBF, 0xEF,
    0x9F, 0xC7, 0x16, 0xA2, 0xA8, 0xDD, 0x5E, 0x58, 0x98, 0x9F, 0x9E, 0x9E, 0xAA, 0xD5, 0x6A, 0x63,
    0x34, 0x1D, 0xB5, 0xC7, 0x1A, 0xDB, 0xFF, 0x4A, 0xFE, 0x91, 0xFC, 0x3C, 0x59, 0x8B, 0x1B, 0x5B,
    0x17, 0x88, 0x3F, 0x66, 0x85, 0xCC, 0x96, 0xA5, 0x75, 0x58, 0x0C, 0x27, 0x6F, 0xDC, 0x71, 0xC8,
    0x38, 0x96, 0x76, 0x6C, 0x35, 0xF9, 0x9D, 0xAD, 0x6E, 0x91, 0x9E, 0x73, 0xA8, 0x86, 0x73, 0x5C,
    0x66, 0x5A, 0x44, 0x0E, 0x59, 0x45, 0xE2, 0x39, 0xF9, 0xF4, 0xF8, 0x52, 0x73, 0x7C, 0xAA, 0x75,
    0x6E, 0xAC, 0x5D, 0xA3, 0xF0, 0x75, 0xF2, 0x87, 0x64, 0x1F, 0x12, 0x75, 0x63, 0xFA, 0x62, 0x4E,
    0x8D, 0x03, 0x6A, 0xB4, 0x57, 0x1A, 0x0B, 0x6B, 0x2B, 0x0B, 0xEB, 0x2B, 0xCD, 0xD6, 0xD6, 0x4E,
    0xF8, 0x6F, 0x43, 0x31, 0x91, 0x92, 0x93, 0x26, 0x3A, 0xE4, 0xD1, 0x92, 0x4F, 0x53, 0xD4, 0xF3,
    0xD4, 0x22, 0xA5, 0xAE, 0x4E, 0x40, 0x5E, 0xD5, 0xD4, 0x73, 0xBF, 0x41, 0xB4, 0xE4, 0x4D, 0x11,
    0x4D, 0x4F, 0x2F, 0x12, 0xD9, 0xDB, 0x09, 0x66, 0xDB, 0xBF, 0xDA, 0x21, 0x72, 0xA7, 0x26, 0x88,
    0xEA, 0x8B, 0x9E, 0xA2, 0xA5, 0x1D, 0x47, 0xD3, 0x76, 0xCF, 0x31, 0x96, 0xC1, 0x37, 0x87, 0x36,
    0x5C, 0x55, 0xA7, 0x79, 0xAC, 0x47, 0xDE, 0xCF, 0xA8, 0x94, 0x67, 0x7C, 0x0B, 0xE4, 0x7A, 0x07,
    0x24, 0x9D, 0x01, 0xCF, 0x89, 0x0F, 0x92, 0x0A, 0x99, 0xC6, 0x7F, 0xD9, 0x12, 0xC8, 0x2E, 0xAF,
    0x1C, 0x31, 0x33, 0x03, 0x0C, 0xE7, 0x43, 0x3D, 0x48, 0x02, 0x27, 0x9E, 0xA7, 0x96, 0x95, 0x36,
    0xA9, 0x43, 0xBB, 0x6B, 0x20, 0x51, 0x0C, 0xE2, 0x1B, 0x6A, 0x93, 0x9F, 0x50, 0x10, 0xFF, 0xE0,
    0x41, 0x6C, 0x17, 0x5A, 0x9E, 0x21, 0x6A, 0x64, 0x69, 0x6F, 0xAD, 0x71, 0x81, 0x6C, 0x70, 0x45,
    0x04, 0x5E, 0xB7, 0xC9, 0x32, 0x04, 0xCE, 0x3C, 0x22, 0xEC, 0x84, 0x6D, 0x9B, 0x72, 0x82, 0x89,
    0x0D, 0xA2, 0x3E, 0xD1, 0xCE, 0x89, 0xB3, 0x2F, 0x7F, 0x76, 0x46, 0x73, 0xC0, 0x14, 0x84, 0xC3,
    0x83, 0x8E, 0x22, 0xDB, 0x10, 0x2B, 0xAA, 0x41, 0x50, 0x0E, 0x2F, 0x2E, 0x0A, 0xC3, 0xF2, 0x35,
    0xA8, 0x80, 0x46, 0x77, 0x53, 0xA2, 0xF5, 0xD1, 0xC3, 0xF3, 0xB2, 0x59, 0x20, 0xBB, 0x3E, 0x76,
    0x06, 0x72, 0x6B, 0x7E, 0x34, 0x13, 0x8F, 0xF4, 0x88, 0x12, 0x5E, 0x04, 0x1B, 0x9D, 0x23, 0x9A,
    0x25, 0x5A, 0xA1, 0xEA, 0x03, 0xE6, 0xAD, 0x64, 0x9D, 0xD2, 0x94, 0xBE, 0x64, 0xC0, 0x50, 0xF4,
    0x77, 0xF5, 0xF9, 0xB3, 0x39, 0xCD, 0xCE, 0x41, 0xAD, 0x7C, 0x42, 0xAF, 0xB6, 0x12, 0x06, 0x1F,
    0x1F, 0x61, 0x51, 0x64, 0x51, 0x51, 0xA4, 0x4F, 0xBB, 0xC7, 0xE3, 0x0C, 0x85, 0x60, 0xC4, 0x87,
    0x84, 0x35, 0xBA, 0x82, 0xFD, 0x3E, 0x77, 0x93, 0xBA, 0x05, 0x5D, 0xE4, 0x3D, 0x3D, 0xE5, 0x27,
    0x61, 0x1A, 0x26, 0x9E, 0xB1, 0x74, 0x29, 0x69, 0xA9, 0x42, 0x3C, 0xE5, 0x8A, 0x3E, 0x26, 0x44,
    0xB9, 0x53, 0xC2, 0x01, 0x74, 0xB0, 0x56, 0x09, 0x00, 0x15, 0x3C, 0x75, 0xE2, 0xDC, 0x89, 0x89,
    0xA3, 0xCF, 0x20, 0x26, 0x27, 0xEE, 0x93, 0xAF, 0x5A, 0xE0, 0x22, 0x60, 0x53, 0xE2, 0x9B, 0xAF,
    0x01, 0x40, 0xF3, 0xF8, 0x68, 0x91, 0xA7, 0x71, 0x4F, 0x2D, 0x80, 0x5B, 0x1F, 0x9A, 0xF3, 0x74,
    0x13, 0xCF, 0x66, 0xB2, 0x46, 0xF9, 0xB1, 0xE3, 0x30, 0xFE, 0x56, 0xEC, 0x9C, 0x72, 0x44, 0x43,
    0x4C, 0x1B, 0xC3, 0x28, 0x62, 0x72, 0xEF, 0x65, 0xE0, 0x6A, 0x08, 0xA9, 0xAF, 0xE3, 0x8F, 0x56,
    0x35, 0x60, 0x08, 0x36, 0x3E, 0xDB, 0xD0, 0x8A, 0x4B, 0x2D, 0x81, 0x7B, 0xB6, 0x05, 0x0B, 0x67,
    0x19, 0x5B, 0xB9, 0x90, 0xC8, 0x2F, 0x0E, 0x29, 0x2A, 0x86, 0xB2, 0x69, 0xA1, 0x26, 0x5E, 0x36,
    0x57, 0x9C, 0x04, 0x06, 0xE2, 0xD3, 0x31, 0x2C, 0xF1, 0xA6, 0xB2, 0xDF, 0x81, 0x29, 0xC1, 0x1D,
    0x26, 0xED, 0x0A, 0x98, 0x70, 0xEE, 0xAC, 0x53, 0xB2, 0xEF, 0xEA, 0x30, 0x3F, 0x56, 0xC0, 0x54,
    0xB5, 0x27, 0xA6, 0xD9, 0x98, 0x37, 0x8E, 0x59, 0x35, 0x8C, 0x06, 0xC6, 0x56, 0x87, 0x6C, 0x68,
    0xC2, 0xC5, 0x93, 0x35, 0x8C, 0xF6, 0x8D, 0x7D, 0xDD, 0x2D, 0x0A, 0x23, 0x2B, 0x3D, 0x32, 0x9A,
    0xD5, 0x5A, 0x17, 0x9C, 0x22, 0x75, 0x8A, 0x04, 0xA1, 0xE0, 0x9C, 0x28, 0xBC, 0x26, 0x67, 0x50,
    0xE8, 0xCF, 0xAE, 0x7E, 0x2A, 0x2F, 0x63, 0x64, 0xED, 0xC0, 0xE2, 0x90, 0x1D, 0x62, 0xBB, 0x9A,
    0xF1, 0x09, 0x64, 0xB6, 0x0A, 0xB3, 0xF9, 0xB5, 0xB4, 0x4F, 0xC3, 0x9C, 0x3A, 0x39, 0xB5, 0x70,
    0xEE, 0x52, 0xAB, 0x43, 0xCD, 0x36, 0xED, 0xF8, 0x2F, 0x25, 0x10, 0xBD, 0xDA, 0xD9, 0x2F, 0x0A,
    0x1D, 0x14, 0x05, 0xD4, 0x34, 0x0E, 0xDF, 0x38, 0x0B, 0x3C, 0x62, 0x63, 0x68, 0x56, 0x3C, 0x85,
    0xD8, 0xDD, 0x4D, 0x85, 0x50, 0x12, 0xE6, 0xE4, 0x36, 0xEB, 0x94, 0xA1, 0x90, 0x08, 0xBC, 0x19,
    0x30, 0xE5, 0xE7, 0x22, 0xD9, 0xF7, 0xB5, 0x67, 0x21, 0x36, 0x64, 0xF3, 0xD4, 0x6F, 0x51, 0x3F,
    0xA4, 0x9E, 0xAF, 0x63, 0xF7, 0x13, 0x65, 0x1D, 0x42, 0xDD, 0x66, 0xC2, 0x4B, 0x9B, 0x56, 0x8E,
    0x20, 0xD0, 0xA7, 0x0E, 0x78, 0x69, 0xD2, 0x4E, 0x68, 0x25, 0x6E, 0xC9, 0xCB, 0x45, 0x98, 0x55,
    0xCF, 0xD8, 0x08, 0x12, 0x79, 0x9F, 0x76, 0x4B, 0x96, 0x4B, 0xAE, 0xDB, 0xD4, 0x09, 0xFE, 0x30,
    0xB4, 0x0F, 0xFA, 0x6C, 0x5B, 0x3B, 0x61, 0x19, 0x27, 0xD8, 0xD4, 0xAE, 0xA1, 0x17, 0xCB, 0x7D,
    0xDB, 0x9B, 0x73, 0xE5, 0x97, 0xB9, 0xCD, 0xF6, 0x18, 0xB5, 0xA3, 0xF9, 0x52, 0x31, 0xED, 0x68,
    0xA6, 0x3E, 0xD5, 0xA8, 0x98, 0x73, 0xB1, 0x4B, 0x17, 0x17, 0x28, 0xB3, 0xAB, 0xE4, 0xC2, 0x01,
    0x87, 0x87, 0x07, 0xC4, 0xD0, 0x3E, 0xBB, 0x4D, 0x32, 0xFA, 0x32, 0x12, 0x08, 0x50, 0x29, 0xCC,
    0x0B, 0xD7, 0xAE, 0xA9, 0x93, 0xBF, 0xBF, 0x70, 0xE3, 0x86, 0xFC, 0x5E, 0xAF, 0x02, 0x1D, 0xAF,
    0xC5, 0x6B, 0x56, 0x5F, 0xCA, 0x61, 0xC3, 0x3A, 0xA1, 0x1E, 0x5D, 0x38, 0x30, 0x55, 0xC6, 0xEA,
    0xEA, 0x28, 0x85, 0x12, 0xCF, 0x33, 0x16, 0x69, 0xD3, 0x1E, 0xFA, 0x69, 0xA0, 0xA7, 0xE9, 0x12,
    0x0E, 0xFE, 0x20, 0x40, 0xC0, 0x95, 0x18, 0xE7, 0x2F, 0xF0, 0x82, 0x0F, 0x73, 0xC6, 0x36, 0x8C,
    0x0B, 0x80, 0xC6, 0x50, 0xF3, 0xF2, 0xDA, 0x79, 0x0A, 0xF2, 0xC5, 0x1A, 0xA5, 0xEB, 0x53, 0xB3,
    0x8E, 0xDE, 0xA9, 0x35, 0x3C, 0x4A, 0x6B, 0x6B, 0xD3, 0x94, 0xD6, 0x57, 0x9A, 0x56, 0x52, 0xDB,
    0x6E, 0xDA, 0x71, 0x6D, 0x7B, 0xC3, 0x89, 0x2F, 0xAD, 0x6C, 0x78, 0x66, 0x71, 0xAD, 0x33, 0x69,
    0xD6, 0x1A, 0xD1, 0x4F, 0x6F, 0x9B, 0xD9, 0xE0, 0x95, 0x43, 0x06, 0x56, 0xA9, 0x07, 0xB1, 0x1C,
    0x95, 0xB1, 0xA2, 0xDC, 0x58, 0x80, 0xC8, 0xDE, 0x44, 0x87, 0x4C, 0x3E, 0x64, 0xF7, 0x78, 0x83,
    0xAD, 0xEE, 0xC1, 0xBE, 0x2E, 0x34, 0x4D, 0x75, 0xF8, 0x09, 0xD5, 0x6C, 0xE8, 0x6A, 0xFE, 0xDB,
    0xAC, 0x3C, 0xF6, 0x21, 0x8E, 0xE5, 0x88, 0xCF, 0x6D, 0x06, 0x49, 0xC8, 0x50, 0x08, 0x14, 0x98,
    0xF4, 0x35, 0xF4, 0xE7, 0xC7, 0xDD, 0x8C, 0xBA, 0xE2, 0x67, 0xB4, 0x3F, 0x78, 0x0B, 0xD1, 0x7E,
    0x80, 0x48, 0xE0, 0x1B, 0xCF, 0xB8, 0xB1, 0x67, 0x9C, 0x6A, 0xB8, 0xF8, 0xED, 0x93, 0x77, 0x77,
    0x17, 0x63, 0xA0, 0x3C, 0xE3, 0x21, 0x64, 0xD9, 0x19, 0xC2, 0x56, 0x8E, 0x7D, 0xAB, 0x61, 0xE1,
    0xB7, 0x9D, 0xE2, 0x9E, 0x1E, 0x14, 0x0F, 0x4A, 0x2D, 0x8E, 0xF3, 0x97, 0x4D, 0xA8, 0xD9, 0x4A,
    0xA1, 0x1C, 0x97, 0xC3, 0xAE, 0x8F, 0x18, 0xA7, 0x43, 0x01, 0xC3, 0x91, 0x28, 0x7B, 0x4C, 0x76,
    0x8F, 0xBE, 0x5D, 0x3F, 0xBA, 0x1B, 0x71, 0x4C, 0x0C, 0x20, 0x1E, 0xB6, 0x87, 0xA7, 0x3A, 0x29,
    0x6B, 0x65, 0x0F, 0x22, 0x90, 0x57, 0x54, 0x5E, 0xB5, 0x7F, 0xE3, 0x2D, 0x38, 0x47, 0xBC, 0x1A,
    0x13, 0x73, 0x03, 0x82, 0xFD, 0x3C, 0x16, 0x10, 0x84, 0xA5, 0x20, 0x0F, 0xEC, 0x93, 0x0B, 0x7E,
    0xC9, 0x11, 0x92, 0x1E, 0x7D, 0x63, 0xC2, 0x42, 0x62, 0x3E, 0x4F, 0xD6, 0x1E, 0x2B, 0x07, 0x04,
    0x42, 0x1A, 0x37, 0xA1, 0x41, 0x71, 0x58, 0x81, 0x61, 0x7F, 0x50, 0x18, 0xFF, 0x77, 0x9F, 0xE1,
    0x59, 0x3C, 0x7D, 0x85, 0x75, 0x7D, 0x3C, 0xC6, 0x31, 0x26, 0xC0, 0xD0, 0x61, 0x79, 0x95, 0xDF,
    0x47, 0xF7, 0xCF, 0x62, 0xCC, 0x62, 0x34, 0x58, 0x37, 0x83, 0xA2, 0x48, 0xFE, 0xCF, 0xF5, 0x1E,
    0x19, 0x83, 0x03, 0x7A, 0x7E, 0x3D, 0x5F, 0xBD, 0x8A, 0xFF, 0x56, 0xEF, 0xE0, 0xAE, 0xAF, 0x23,
    0x26, 0xD0, 0xB3, 0xE8, 0xC0, 0x67, 0x3D, 0x23, 0xE9, 0xEF, 0x51, 0xA0, 0x4F, 0xE8, 0x79, 0xD7,
    0x7A, 0x98, 0xF9, 0x31, 0x9C, 0x84, 0xA7, 0xA8, 0x67, 0x93, 0xDF, 0x5B, 0x2F, 0x2B, 0xAF, 0x28,
    0x0A, 0xF5, 0x29, 0xF3, 0x2A, 0x12, 0xA8, 0xC1, 0xD0, 0x2A, 0xB2, 0x6A, 0x0F, 0xB6, 0xD8, 0xE9,
    0xC7, 0x80, 0xA1, 0xBA, 0x9F, 0x33, 0x83, 0xBE, 0xFE, 0xDF, 0x4F, 0x55, 0x55, 0x06, 0xD3, 0x94,
    0x2F, 0x71, 0x8A, 0x7A, 0x81, 0x77, 0x75, 0x6F, 0x6A, 0x48, 0xC6, 0xE0, 0x41, 0x76, 0x01, 0xE0,
    0xB5, 0x68, 0x1E, 0x64, 0x89, 0x09, 0x4C, 0xE6, 0xBD, 0x87, 0xD0, 0xE0, 0xFD, 0x9A, 0x23, 0x4E,
    0xC1, 0xE4, 0x3E, 0x1B, 0xE0, 0x16, 0xDF, 0xF8, 0x65, 0xCE, 0x53, 0x0E, 0x98, 0x20, 0xC4, 0xC0,
    0x49, 0x18, 0x87, 0x4E, 0xC6, 0x4B, 0x1D, 0x10, 0x78, 0x0D, 0x93, 0x4A, 0x32, 0x62, 0x8E, 0x9F,
    0x69, 0xC9, 0x53, 0xC6, 0x09, 0x04, 0x59, 0x47, 0x08, 0x9A, 0xC1, 0x7A, 0x88, 0xC7, 0x36, 0x6F,
    0x0C, 0x0E, 0xC0, 0x94, 0x0F, 0x87, 0xBF, 0xAF, 0x68, 0x1A, 0x97, 0xDF, 0x68, 0x5A, 0x4A, 0xC9,
    0xBA, 0x85, 0x67, 0x32, 0xB2, 0xDE, 0x4B, 0xA8, 0xC7, 0x97, 0x94, 0x90, 0xC9, 0xAD, 0x77, 0x33,
    0xCB, 0xE0, 0x62, 0x86, 0xB6, 0xE6, 0xCB, 0xAE, 0x43, 0x7C, 0x69, 0x7B, 0x72, 0x09, 0xEB, 0xB8,
    0xD8, 0x26, 0xF8, 0x2E, 0x5F, 0xB4, 0xFF, 0x91, 0x5C, 0xDC, 0x14, 0x9A, 0x11, 0xDF, 0xCB, 0x91,
    0x79, 0xED, 0x18, 0x29, 0x0E, 0x39, 0xDE, 0x78, 0x85, 0x3E, 0x2E, 0x30, 0xFC, 0x42, 0x82, 0x73,
    0x46, 0xEE, 0x90, 0x93, 0xB8, 0xDB, 0xE5, 0x68, 0xE3, 0x22, 0x9E, 0x82, 0x42, 0x23, 0xA0, 0x50,
    0x09, 0xA8, 0x35, 0x64, 0x0A, 0x9C, 0x32, 0x0D, 0x35, 0x53, 0x3F, 0x61, 0xEA, 0x64, 0x4C, 0xAD,
    0x21, 0x53, 0x1A, 0x08, 0x85, 0xE6, 0x40, 0x7D, 0xA1, 0x08, 0x69, 0x88, 0xAD, 0x30, 0xCE, 0x20,
    0x93, 0x22, 0x61, 0x84, 0x7A, 0x44, 0x86, 0x1F, 0xC2, 0xE9, 0x71, 0x23, 0x92, 0x8C, 0x8A, 0x18,
    0x05, 0x57, 0x07, 0xEA, 0x9D, 0x14, 0xB8, 0xB6, 0x33, 0x46, 0x7D, 0xCE, 0x64, 0xB8, 0x77, 0x44,
    0x36, 0xF9, 0x3F, 0x0E, 0x2C, 0x59, 0xC4, 0xF5, 0x30, 0x30, 0x6E, 0x4B, 0x34, 0x30, 0x8C, 0x7A,
    0xF6, 0x0C, 0x84, 0xD8, 0xC9, 0x7B, 0x5C, 0xF0, 0x5C, 0x60, 0x4F, 0xDD, 0xC6, 0xAA, 0x9B, 0x27,
    0x23, 0x62, 0x72, 0x62, 0xC4, 0x25, 0x26, 0x11, 0x35, 0x6E, 0x65, 0xA7, 0xDA, 0x71, 0x30, 0x3C,
    0xC9, 0xB3, 0x30, 0x5D, 0x72, 0x5D, 0xB2, 0x4D, 0xC2, 0x37, 0x09, 0xE3, 0x24, 0x9C, 0x8B, 0xC3,
    0xE6, 0x42, 0x87, 0xE2, 0xB7, 0x23, 0x2A, 0xEC, 0x4B, 0x60, 0xCC, 0x48, 0x04, 0x20, 0x91, 0x80,
    0x17, 0x71, 0x38, 0xBA, 0xF1, 0x52, 0xA5, 0x10, 0x95, 0x14, 0xDC, 0x90, 0x70, 0x3A, 0x29, 0x63,
    0xC5, 0xE0, 0x21, 0x9B, 0x0D, 0x98, 0xD9, 0x1F, 0x6C, 0x91, 0x88, 0xC6, 0xB2, 0xE9, 0x32, 0x04,
    0xB2, 0x84, 0x0C, 0x5F, 0x26, 0xAE, 0x19, 0xDD, 0x58, 0xC0, 0x94, 0x3F, 0x42, 0xEF, 0xDE, 0x07,
    0x30, 0xB1, 0xF7, 0xAE, 0x00, 0x7E, 0x4F, 0x00, 0xCF, 0x24, 0x90, 0x67, 0xE5, 0xB1, 0x94, 0x45,
    0x2D, 0x51, 0x5F, 0xD5, 0x8B, 0xD8, 0xC3, 0x7D, 0x69, 0x88, 0x4A, 0xB2, 0x89, 0x63, 0x0A, 0xA3,
    0x26, 0x15, 0x20, 0x73, 0x1F, 0x60, 0x0A, 0xA3, 0xC5, 0x62, 0x1C, 0x85, 0x58, 0xD9, 0x66, 0x15,
    0xB1, 0x74, 0x21, 0xD0, 0x11, 0x20, 0x65, 0x05, 0x28, 0x1D, 0x5A, 0xD0, 0x46, 0x9F, 0x42, 0x16,
    0xE4, 0x22, 0x95, 0xBD, 0x0D, 0x32, 0x7B, 0x61, 0x5A, 0x56, 0xE6, 0x9A, 0x35, 0x2B, 0xB5, 0xCC,
    0x0A, 0x34, 0x10, 0x2F, 0x83, 0x2C, 0xB3, 0x2E, 0xE8, 0xB9, 0x09, 0x47, 0xA0, 0xA0, 0xA8, 0xAC,
    0xD4, 0xDE, 0x63, 0x48, 0xC3, 0x22, 0xB8, 0x07, 0x6D, 0x20, 0x0B, 0x3F, 0x27, 0x95, 0x52, 0x1D,
    0x8A, 0x01, 0x45, 0x46, 0xE6, 0x1A, 0x2C, 0x97, 0x2A, 0x6C, 0x5F, 0xCC, 0x14, 0xDE, 0x1D, 0x4A,
    0x79, 0x3B, 0xAA, 0xAE, 0xA9, 0x8D, 0xFF, 0xDF, 0x86, 0x27, 0xD9, 0xA9, 0xC3, 0xB3, 0x2D, 0xF6,
    0x3F, 0x7E, 0x42, 0x21, 0x6A, 0xBB, 0x5C, 0x61, 0xD4, 0x39, 0x9C, 0x73, 0xC5, 0xC9, 0xA5, 0x9D,
    0x8F, 0xCE, 0x11, 0x2A, 0x47, 0x81, 0xE7, 0x1A, 0x2E, 0xA4, 0x13, 0xAE, 0x00, 0xFF, 0xC9, 0xF6,
    0xFD, 0x84, 0x17, 0x2B, 0x8E, 0xE2, 0xBE, 0x14, 0x0D, 0x57, 0x8E, 0x65, 0x3B, 0x4B, 0xED, 0x3E,
    0x76, 0x99, 0x46, 0xF6, 0xC3, 0x3E, 0x0B, 0x58, 0x1F, 0xCC, 0x45, 0xEC, 0x80, 0x28, 0x05, 0xD4,
    0x79, 0x66, 0xF2, 0x4D, 0x5D, 0xE7, 0x54, 0x71, 0xCB, 0x60, 0xB3, 0x8E, 0xF5, 0x5E, 0x8C, 0x22,
    0xBA, 0x6D, 0xBF, 0x96, 0x60, 0xD7, 0xD0, 0xB1, 0x53, 0x94, 0x9C, 0x81, 0x6B, 0xF1, 0xC5, 0xFF,
    0x3A, 0xE5, 0x68, 0xA1, 0xFC, 0xD7, 0x69, 0x97, 0x0D, 0xFA, 0x27, 0xBA, 0xCE, 0x75, 0x26, 0x00,
    0xCA, 0x97, 0x4C, 0x4A, 0x2A, 0xAC, 0xCD, 0x29, 0x1C, 0xEA, 0xF0, 0xA5, 0xD5, 0x96, 0xEA, 0xB4,
    0x2A, 0x6A, 0x6F, 0x9A, 0x85, 0xB7, 0x09, 0x35, 0x27, 0x2B, 0xAA, 0x2D, 0x9A, 0x09, 0x78, 0x7F,
    0x00, 0x93, 0xAB, 0x76, 0x27, 0xE1, 0xDA, 0xD6, 0x4E, 0x45, 0x3F, 0x87, 0x7A, 0x54, 0x11, 0x30,
    0x44, 0x04, 0xD8, 0x86, 0xE9, 0xFB, 0x7C, 0xD7, 0x7E, 0x95, 0x8D, 0xE8, 0x72, 0xF9, 0x0D, 0xF5,
    0xB0, 0xD0, 0x8B, 0x32, 0xA9, 0xC7, 0x7E, 0x81, 0x98, 0x85, 0x8A, 0x31, 0x3A, 0x00, 0x74, 0xAA,
    0x7D, 0x37, 0x07, 0xF4, 0x8B, 0x9E, 0x97, 0x41, 0x83, 0x16, 0x77, 0x28, 0x78, 0x8C, 0xE5, 0xE3,
    0xC6, 0x29, 0xE4, 0x86, 0xD0, 0xD7, 0xEC, 0xB6, 0xB7, 0xB1, 0xA1, 0xF3, 0x31, 0x63, 0x43, 0xEA,
    0x80, 0xE1, 0x51, 0xF2, 0x3C, 0x95, 0x78, 0x85, 0x39, 0x6E, 0x3D, 0xB8, 0x6A, 0x2F, 0x94, 0xBF,
    0x85, 0x88, 0x57, 0xED, 0x02, 0xCF, 0xBE, 0x22, 0x80, 0x90, 0x74, 0x40, 0xA1, 0xAA, 0x40, 0x2F,
    0xCB, 0x73, 0x03, 0xC1, 0xA8, 0xAB, 0x6E, 0x46, 0x27, 0x6F, 0x1A, 0x41, 0x04, 0xE4, 0x70, 0x54,
    0x80, 0xAC, 0x29, 0x6E, 0x40, 0xAB, 0x66, 0x07, 0xCE, 0xF2, 0xBC, 0xC7, 0x40, 0x8B, 0x4B, 0x2D,
    0x49, 0xDF, 0x38, 0x25, 0xFD, 0xCC, 0x84, 0x34, 0xD9, 0xC0, 0x1B, 0x4C, 0x81, 0x2E, 0xD9, 0x2A,
    0xBB, 0xED, 0x44, 0x82, 0xEE, 0xE2, 0x13, 0x53, 0xBD, 0x27, 0xA7, 0xA2, 0x6C, 0x3E, 0x13, 0xD3,
    0x73, 0x1F, 0xAB, 0xA6, 0x6C, 0xC5, 0x9D, 0xC4, 0xED, 0xD5, 0x67, 0xAF, 0xD4, 0x2F, 0xDB, 0x28,
    0xEA, 0x97, 0x47, 0x59, 0x6F, 0x05, 0x1A, 0x5E, 0xE0, 0x12, 0x50, 0x23, 0x1A, 0x8C, 0xEF, 0xD3,
    0x1C, 0xDA, 0x58, 0x17, 0x8D, 0xA1, 0xE1, 0x16, 0x63, 0xD5, 0x4C, 0x7E, 0xD5, 0x74, 0x1C, 0x93,
    0x39, 0x26, 0x77, 0xCD, 0xFE, 0xF7, 0xEF, 0x84, 0xB7, 0x59, 0x9D, 0xDC, 0x12, 0x0D, 0x14, 0x09,
    0x04, 0x19, 0x7F, 0x8F, 0x0C, 0x0B, 0xE5, 0xC0, 0x2A, 0x6A, 0x89, 0xDB, 0x87, 0x80, 0x42, 0xA8,
    0xD0, 0xF5, 0x6A, 0x9F, 0xC3, 0x1E, 0xD6, 0xAB, 0x06, 0x7E, 0xFB, 0xA8, 0xA5, 0x66, 0x60, 0x91,
    0x0D, 0x3A, 0x5F, 0x6C, 0x95, 0x66, 0x3D, 0xA3, 0xF8, 0x0D, 0x90, 0x9D, 0x4E, 0x91, 0x5A, 0x92,
    0xF7, 0x19, 0x99, 0x9C, 0xB9, 0xB4, 0x7D, 0x91, 0xBA, 0x1C, 0x3C, 0x8C, 0x47, 0x9D, 0x1B, 0xC0,
    0xCE, 0x59, 0xFA, 0xA8, 0x8B, 0x3C, 0x31, 0xCE, 0x74, 0x10, 0xFD, 0x86, 0xD0, 0x62, 0x07, 0xAE,
    0xD8, 0x94, 0xA3, 0x8F, 0x91, 0x57, 0x63, 0x17, 0xE3, 0x3A, 0x46, 0x04, 0xBF, 0x0F, 0xEE, 0x16,
    0xCA, 0x3D, 0x68, 0xAB, 0x51, 0xF7, 0xF6, 0x8E, 0xAE, 0x3B, 0xF1, 0x9C, 0x9D, 0xAE, 0x73, 0x51,
    0x99, 0x48, 0xEA, 0xE5, 0xD6, 0x85, 0x77, 0xA7, 0x13, 0xBB, 0x23, 0xB9, 0x20, 0x14, 0x6F, 0x29,
    0x38, 0x9D, 0x5D, 0xE6, 0x07, 0x51, 0x55, 0x58, 0x70, 0x8D, 0x78, 0xCA, 0x19, 0x95, 0xE9, 0x0A,
    0xC5, 0x91, 0xFD, 0xC1, 0x7D, 0xED, 0xAB, 0x07, 0x12, 0x8C, 0x17, 0xB0, 0xFE, 0x0C, 0xBF, 0x10,
    0xC2, 0x56, 0xAE, 0x4E, 0xB9, 0x2F, 0x67, 0x08, 0x88, 0xA3, 0x05, 0xA8, 0x13, 0x5D, 0x60, 0xDD,
    0x55, 0x21, 0x5C, 0xD7, 0x35, 0x4D, 0xC0, 0xE2, 0x3A, 0xB0, 0x14, 0x01, 0x30, 0xDE, 0x43, 0x00,
    0xE3, 0x2A, 0xCC, 0x0A, 0xBC, 0x71, 0x5C, 0x40, 0x56, 0x61, 0xCE, 0x1E, 0x1B, 0xCB, 0xE4, 0xFE,
    0xE8, 0x00, 0xAD, 0x59, 0x77, 0xA4, 0x78, 0xF5, 0xAC, 0xC1, 0x79, 0xA9, 0x9B, 0x0F, 0xCA, 0x9A,
    0x11, 0x22, 0xA1, 0xB4, 0x2E, 0x6B, 0x11, 0x35, 0x19, 0x4F, 0x1A, 0xE7, 0xF1, 0xA3, 0x7C, 0x25,
    0x81, 0x28, 0xE0, 0x24, 0x56, 0xE9, 0x9B, 0x17, 0xCE, 0xA7, 0x6E, 0x6A, 0x3D, 0x79, 0x24, 0x56,
    0x82, 0x59, 0xC6, 0x55, 0x13, 0x40, 0xFA, 0x85, 0x4F, 0xE1, 0x97, 0xC7, 0x20, 0x76, 0xF5, 0x3C,
    0xAE, 0x28, 0x79, 0x5E, 0xD3, 0xE4, 0xFE, 0xB8, 0x4C, 0xB3, 0xDC, 0x28, 0xBB, 0x6F, 0x40, 0x91,
    0xAF, 0xA1, 0x5F, 0xD1, 0x43, 0xC9, 0x94, 0xDD, 0xDC, 0x13, 0x7E, 0x2D, 0x1D, 0x81, 0x7B, 0xF7,
    0xD4, 0xC3, 0x33, 0x5D, 0x2E, 0xBA, 0xD5, 0xB2, 0xB5, 0x4C, 0x93, 0x1F, 0x1C, 0xFA, 0x43, 0x9A,
    0xCC, 0x57, 0xD7, 0x37, 0x91, 0x53, 0x7C, 0x13, 0xB0, 0xBC, 0x00, 0xE5, 0x7F, 0x45, 0x51, 0x9E,
    0xF8, 0x2A, 0x1A, 0x42, 0x57, 0x69, 0x15, 0x8F, 0xD4, 0x55, 0xAC, 0x58, 0xD0, 0xE4, 0x47, 0xA1,
    0xC2, 0x6A, 0x1A, 0xB2, 0x9A, 0x67, 0x8E, 0xD8, 0x35, 0xD1, 0x30, 0xCA, 0x47, 0x48, 0x70, 0xEE,
    0x25, 0xF0, 0xF9, 0x21, 0x00, 0x89, 0x3E, 0x1F, 0x36, 0xEF, 0x03, 0x13, 0x70, 0x1D, 0x85, 0x01,
    0xA8, 0xFA, 0x82, 0x8D, 0x36, 0xEE, 0xFA, 0x7A, 0x07, 0xC8, 0xA8, 0x8A, 0xC3, 0x97, 0x96, 0x29,
    0x7C, 0x13, 0xF5, 0xC0, 0x5F, 0xD1, 0x54, 0xEA, 0x00, 0xFD, 0x26, 0xB7, 0x87, 0xE0, 0xEB, 0x78,
    0xE0, 0x37, 0x24, 0x66, 0xB7, 0x8B, 0x81, 0x14, 0xA4, 0x42, 0xEE, 0xE9, 0x1F, 0x1F, 0xE1, 0x1D,
    0xB0, 0x70, 0x95, 0x1D, 0x0F, 0x1A, 0xBC, 0x77, 0x00, 0xD4, 0xED, 0x3D, 0xD5, 0x65, 0x98, 0xBB,
    0x8E, 0xB8, 0x4C, 0x13, 0x2E, 0x33, 0x84, 0x35, 0x9A, 0x4F, 0xBA, 0x1D, 0x0F, 0x6B, 0x1F, 0xE5,
    0xE4, 0x35, 0x45, 0x4A, 0x4D, 0xBE, 0x9F, 0x4D, 0x7E, 0x98, 0x39, 0xE9, 0x65, 0x64, 0x6C, 0xC7,
    0x3C, 0x71, 0xC6, 0x14, 0x49, 0xF4, 0x87, 0x29, 0x66, 0x36, 0xA9, 0x39, 0x41, 0x7D, 0x87, 0xC3,
    0x3C, 0x42, 0x33, 0x0A, 0x6E, 0x76, 0x6C, 0x6E, 0x9D, 0x54, 0xEC, 0x53, 0x6F, 0x86, 0x36, 0xFB,
    0x64, 0xA9, 0xD2, 0xC8, 0x8C, 0x0F, 0x30, 0x1E, 0xFC, 0x84, 0x73, 0x8E, 0xA7, 0x9F, 0x71, 0x02,
    0x22, 0x7F, 0x2B, 0xA3, 0x03, 0x1E, 0xB4, 0x10, 0x3A, 0x07, 0x0A, 0x6D, 0x18, 0x89, 0x36, 0x9E,
    0x36, 0x24, 0x28, 0xA1, 0x75, 0x7F, 0xF0, 0xCE, 0x16, 0x15, 0xDF, 0xDC, 0x1A, 0x25, 0x99, 0x30,
    0x0B, 0x52, 0x27, 0x76, 0x34, 0xAA, 0x06, 0x14, 0x2C, 0xE3, 0x88, 0x43, 0x08, 0xCF, 0x1D, 0x44,
    0xE9, 0x16, 0x72, 0x7E, 0xC8, 0x49, 0x7A, 0xBB, 0xCC, 0x28, 0xFC, 0x7A, 0xC0, 0x51, 0x74, 0xF2,
    0xDD, 0x60, 0xF1, 0x4A, 0x81, 0x06, 0x3B, 0x02, 0xDE, 0x79, 0xE7, 0x06, 0xA6, 0x84, 0x6A, 0x05,
    0x89, 0xF7, 0x2B, 0x86, 0x2B, 0x96, 0xEF, 0xDD, 0xC6, 0x13, 0xD9, 0xFB, 0x7F, 0x81, 0x09, 0x76,
    0xDF, 0xFD, 0x58, 0xDE, 0x9E, 0x1C, 0x4A, 0x12, 0xE6, 0x5A, 0x74, 0x46, 0x94, 0x59, 0xE7, 0xBC,
    0x70, 0xFC, 0x09, 0xD3, 0x81, 0x72, 0xE3, 0x45, 0x3C, 0x8B, 0x3D, 0x73, 0x53, 0xBE, 0x66, 0x91,
    0x00, 0x81, 0x35, 0xBE, 0x8C, 0x38, 0xF0, 0x5B, 0xA4, 0x31, 0x8D, 0x58, 0x81, 0xD0, 0x36, 0xF8,
    0xF3, 0x71, 0xE5, 0x33, 0x88, 0xBB, 0xF0, 0xEC, 0x09, 0xB0, 0x59, 0x03, 0x0F, 0xB3, 0x92, 0xFA,
    0xED, 0x14, 0xA5, 0x4D, 0x86, 0x29, 0xBB, 0x58, 0x67, 0x53, 0x97, 0xC9, 0x7F, 0x46, 0xF6, 0xA4,
    0x47, 0xDE, 0x7E, 0x21, 0x39, 0x4C, 0x9A, 0x32, 0x5F, 0xF2, 0x1B, 0x99, 0x33, 0xD7, 0xAE, 0x06,
    0x37, 0x86, 0x73, 0x56, 0x7E, 0xB9, 0x2C, 0x49, 0x11, 0xFA, 0xDB, 0x9C, 0x9C, 0x91, 0xEB, 0x9D,
    0xC4, 0xF6, 0xCD, 0xF9, 0x90, 0xE6, 0xF8, 0xB5, 0x48, 0x7D, 0xB6, 0xB1, 0xB2, 0xBD, 0xDD, 0xDB,
    0x68, 0xB6, 0xA6, 0x27, 0xEA, 0xB5, 0xB9, 0x5E, 0xB2, 0x54, 0xAB, 0x4F, 0xCC, 0xCC, 0x37, 0x37,
    0x7A, 0xBD, 0xED, 0x95, 0xC6, 0x62, 0xED, 0xCC, 0x76, 0x72, 0xFA, 0x47, 0xDE, 0xB0, 0xD5, 0x68,
    0x9C, 0x1C, 0x39, 0x5C, 0x79, 0x69, 0xDA, 0x82, 0x5A, 0x96, 0x70, 0xF0, 0x1D, 0x34, 0x36, 0xAA,
    0x4E, 0x97, 0xA0, 0xA2, 0x25, 0xFC, 0xDB, 0x22, 0x7E, 0xB1, 0xEA, 0x1D, 0xCD, 0xAE, 0x23, 0x36,
    0x96, 0xAF, 0xEB, 0xBD, 0x07, 0x74, 0xF9, 0xC5, 0x55, 0x84, 0x49, 0x6B, 0x9F, 0xFE, 0x03, 0xED,
    0x3D, 0x6D, 0x6C, 0x1C, 0xC7, 0x75, 0x6F, 0x77, 0xEF, 0x6E, 0x8F, 0xBC, 0x23, 0x8F, 0x01, 0x68,
    0x87, 0xB6, 0x28, 0x1D, 0x5B, 0x30, 0x15, 0xAD, 0x90, 0xBC, 0x2B, 0xCA, 0x38, 0x4C, 0x41, 0x69,
    0x27, 0xB1, 0x8B, 0x04, 0x08, 0xD2, 0x12, 0x8D, 0x95, 0x14, 0x16, 0x62, 0xB3, 0x48, 0xDA, 0x26,
    0x72, 0x13, 0x09, 0xAD, 0xD0, 0x2A, 0x29, 0xA5, 0x5B, 0xC7, 0x45, 0xDD, 0xA2, 0x68, 0x73, 0x69,
    0x9C, 0xC2, 0x45, 0xDA, 0x94, 0x40, 0x65, 0xC0, 0xA6, 0x9D, 0x98, 0x45, 0x05, 0x44, 0x76, 0x24,
    0x71, 0x13, 0x17, 0x30, 0x90, 0xFE, 0xC8, 0x39, 0x5F, 0x28, 0x9A, 0x36, 0xB9, 0xA4, 0x32, 0x0A,
    0xDB, 0x49, 0xBD, 0x45, 0xCF, 0x30, 0x25, 0x1F, 0x6F, 0xFB, 0x3E, 0x66, 0xEE, 0xF6, 0xF8, 0x21,
    0x51, 0xD2, 0x91, 0x14, 0xD5, 0xEC, 0x71, 0x67, 0xEF, 0x63, 0x77, 0xE6, 0xCD, 0xCC, 0xFB, 0x7E,
    0x6F, 0x86, 0x00, 0x7C, 0xDC, 0x06, 0xFA, 0x58, 0x34, 0x6F, 0xBE, 0xAE, 0xAF, 0x36, 0xAC, 0x7C,
    0xE3, 0x28, 0xF3, 0x4D, 0x05, 0xF6, 0x1D, 0xC4, 0xAB, 0x75, 0xA8, 0x0E, 0xB9, 0x88, 0x8E, 0xC6,
    0xEF, 0x02, 0xDC, 0x3B, 0x1F, 0x35, 0x9E, 0x30, 0xB7, 0xC8, 0x61, 0x9D, 0x8D, 0x7D, 0x38, 0x52,
    0x87, 0x8C, 0xCA, 0xC9, 0x7B, 0x77, 0x79, 0xA0, 0x2F, 0x5F, 0x29, 0x04, 0x5C, 0x5B, 0x54, 0x1E,
    0xEA, 0x9B, 0xB8, 0xF4, 0xFA, 0x32, 0x3D, 0xB0, 0x58, 0x03, 0xBF, 0x6F, 0xDA, 0x0B, 0x16, 0x1B,
    0xF3, 0x4F, 0x46, 0x17, 0xB1, 0xED, 0xA1, 0x20, 0x09, 0x2E, 0xB6, 0x70, 0x49, 0x41, 0x02, 0xEE,
    0xF4, 0xF1, 0x9E, 0xE4, 0xFC, 0x3D, 0x58, 0x26, 0x20, 0x1F, 0x6F, 0x29, 0x11, 0xFF, 0x90, 0xE4,
    0xD2, 0xE3, 0xF2, 0xFD, 0x0C, 0xD1, 0x67, 0xB9, 0x7C, 0x16, 0x1F, 0xBF, 0xD7, 0xF7, 0x08, 0x5E,
    0xB0, 0xE6, 0xE7, 0x57, 0x00, 0x8B, 0xAD, 0xD7, 0xE5, 0x9A, 0x39, 0x27, 0xD7, 0xE1, 0x9E, 0xC2,
    0x63, 0x00, 0xA9, 0xC6, 0xDC, 0x20, 0x41, 0x10, 0x7D, 0x3F, 0x0A, 0x21, 0x35, 0x3F, 0xFF, 0x88,
    0xFD, 0xB1, 0x15, 0x03, 0xB3, 0xDE, 0x61, 0xA5, 0xDB, 0x3E, 0x9E, 0x71, 0x07, 0xE3, 0x1F, 0xED,
    0xE5, 0x7C, 0xBD, 0xED, 0x73, 0x3E, 0xAA, 0xC5, 0x3F, 0xA7, 0xDC, 0xEA, 0x74, 0xFC, 0xB3, 0xBB,
    0xA2, 0x76, 0xC7, 0x6F, 0xFF, 0xEC, 0x2E, 0x01, 0xEC, 0x7B, 0xE2, 0xE0, 0x3D, 0xFC, 0xE1, 0xE0,
    0x41, 0x9C, 0x0D, 0xD0, 0xB3, 0x23, 0xC7, 0xC5, 0x71, 0x84, 0xE8, 0xF0, 0x93, 0xFA, 0x53, 0xE3,
    0x31, 0xBA, 0xAD, 0x0F, 0xFF, 0x8A, 0x3D, 0x89, 0xA1, 0x62, 0xEE, 0xBE, 0xF2, 0x70, 0x2E, 0x0A,
    0x46, 0xDC, 0x1F, 0xAB, 0x01, 0xAC, 0x38, 0x6B, 0x05, 0x90, 0x05, 0x39, 0xBB, 0xC0, 0x87, 0x14,
    0x9F, 0x0A, 0x1C, 0x6A, 0x97, 0x51, 0x21, 0x01, 0xB6, 0xDA, 0x03, 0x96, 0x5F, 0xA8, 0x40, 0xB0,
    0x7F, 0x04, 0x02, 0x9C, 0xE9, 0x00, 0xC1, 0xFF, 0xAB, 0x10, 0xE0, 0x73, 0x55, 0x80, 0xDF, 0xC1,
    0xA9, 0xF5, 0x7C, 0x99, 0x84, 0x03, 0x78, 0x8E, 0xE1, 0x39, 0xC0, 0xED, 0x41, 0x91, 0x5F, 0x65,
    0x18, 0xC6, 0x36, 0x46, 0xEC, 0x25, 0xFC, 0xBA, 0x8E, 0xED, 0x4C, 0xE0, 0xE9, 0x4B, 0x7B, 0xD6,
    0x45, 0x6C, 0x2B, 0xC2, 0xF3, 0xB6, 0xEB, 0x6E, 0x2F, 0x76, 0x14, 0x69, 0x42, 0xD4, 0x31, 0xAA,
    0xAC, 0x72, 0x9C, 0x26, 0x39, 0x9C, 0xC4, 0x72, 0xB0, 0x36, 0x01, 0x47, 0xA1, 0x10, 0x85, 0x6E,
    0x05, 0xCB, 0xEA, 0x62, 0x00, 0x99, 0x48, 0x9D, 0xC6, 0xCA, 0x86, 0x01, 0xC1, 0xC3, 0x87, 0xA8,
    0x9C, 0x03, 0x2B, 0x04, 0x1B, 0xDF, 0x2C, 0xAB, 0x23, 0x88, 0x33, 0xA5, 0x88, 0x50, 0x35, 0x1F,
    0x55, 0xA9, 0x46, 0x19, 0x6E, 0x50, 0x2D, 0x02, 0x71, 0x04, 0x87, 0xB8, 0xEC, 0xC5, 0x73, 0x3F,
    0xF4, 0x60, 0x59, 0x52, 0x34, 0xF9, 0x25, 0x18, 0xC5, 0xB2, 0x1B, 0x26, 0x9B, 0x20, 0x01, 0x2C,
    0x70, 0x59, 0xE5, 0xB2, 0xC2, 0x68, 0x23, 0x64, 0x11, 0xB4, 0x26, 0x59, 0x2A, 0x6E, 0x55, 0x09,
    0x58, 0xE5, 0x1E, 0xAB, 0x0A, 0x83, 0xE0, 0x3D, 0x57, 0xC7, 0x2A, 0xBD, 0xBB, 0x6A, 0x58, 0x65,
    0x06, 0xAB, 0x9A, 0x58, 0x55, 0xA5, 0x41, 0x72, 0xD5, 0x4E, 0xC4, 0x8E, 0xFE, 0x3A, 0xA3, 0xAF,
    0x52, 0xAD, 0xC0, 0x6A, 0xA0, 0x35, 0xF0, 0xB6, 0x20, 0x36, 0x30, 0x9B, 0x26, 0x4C, 0x23, 0x1A,
    0x72, 0x03, 0xBB, 0x81, 0xBE, 0x85, 0xA4, 0xA6, 0xD9, 0xF6, 0xE6, 0x74, 0x3F, 0xF6, 0x80, 0xF4,
    0xC4, 0x0B, 0xA4, 0x2F, 0x9E, 0x92, 0xDE, 0xE0, 0xCD, 0x13, 0xEB, 0x34, 0xA7, 0x56, 0x10, 0x42,
    0x06, 0x7F, 0xC8, 0x04, 0x2B, 0x7E, 0xC0, 0xEF, 0x9C, 0x25, 0x62, 0x36, 0xD8, 0x5E, 0x49, 0xCE,
    0x5C, 0xA4, 0x20, 0xF7, 0xBF, 0x0A, 0xEC, 0x87, 0xF1, 0xF7, 0x02, 0x1C, 0x7E, 0xBA, 0x0E, 0x8B,
    0x48, 0x76, 0xA5, 0x46, 0xEC, 0xB9, 0x41, 0x8D, 0x3F, 0xC4, 0x60, 0x88, 0x5F, 0xB9, 0x4A, 0xE0,
    0xB7, 0x15, 0x61, 0x90, 0xDC, 0xE3, 0x3B, 0xAA, 0x17, 0x6F, 0x1C, 0x66, 0x5C, 0xFE, 0x45, 0xDF,
    0x0B, 0x0B, 0xB5, 0x7C, 0x98, 0x2A, 0x03, 0xD7, 0x8A, 0xCC, 0xD4, 0x5A, 0x26, 0xB0, 0xBA, 0xB9,
    0xB2, 0x21, 0x7E, 0x62, 0x0F, 0x15, 0x7F, 0x44, 0x8F, 0x7F, 0x9A, 0x8A, 0x1F, 0x61, 0xA1, 0x16,
    0x5F, 0x3A, 0xBC, 0xA8, 0xF2, 0x51, 0x74, 0xC1, 0x34, 0xCD, 0x04, 0xEF, 0x10, 0x7A, 0x41, 0xEE,
    0x65, 0xD0, 0x70, 0xD0, 0xA0, 0x13, 0xAF, 0x99, 0xE1, 0x4F, 0x67, 0x98, 0x4B, 0x79, 0x11, 0x0D,
    0x78, 0xAE, 0xC1, 0x63, 0x1D, 0x32, 0xF9, 0xFB, 0xAD, 0x71, 0x1D, 0x85, 0x24, 0x56, 0x5F, 0xB4,
    0x08, 0x51, 0x67, 0xB0, 0x7E, 0x05, 0x41, 0x03, 0x72, 0x01, 0x3C, 0x5F, 0x01, 0x27, 0x80, 0x1F,
    0x60, 0x37, 0x2A, 0x40, 0xBC, 0x26, 0xB0, 0xA9, 0x96, 0x80, 0x06, 0xCE, 0xF2, 0x07, 0x2B, 0xC4,
    0xD2, 0x8A, 0x58, 0x59, 0x0A, 0xA6, 0x67, 0x19, 0x72, 0x9C, 0x08, 0x1C, 0xF8, 0x7C, 0x63, 0x11,
    0x7F, 0x42, 0x16, 0xC8, 0x5C, 0x5C, 0xC3, 0xEA, 0x56, 0xE1, 0x8E, 0xA3, 0x13, 0x9F, 0xAD, 0x16,
    0x22, 0x35, 0xA0, 0xA0, 0x5F, 0x48, 0x9B, 0x31, 0x05, 0x3E, 0xE5, 0x23, 0x25, 0x23, 0x42, 0x4C,
    0x3E, 0x1B, 0x14, 0x1A, 0x30, 0x30, 0x1D, 0xFB, 0x95, 0x88, 0x27, 0xE1, 0x5C, 0x18, 0x4C, 0x43,
    0x76, 0x88, 0x60, 0x4C, 0xFB, 0x30, 0xA2, 0x92, 0xC8, 0x56, 0x15, 0x36, 0xCA, 0x0F, 0xEB, 0xCA,
    0x7D, 0xAC, 0x3D, 0xC0, 0xEA, 0xCB, 0x58, 0x7F, 0x1F, 0x36, 0xE0, 0xF7, 0xE3, 0x78, 0xF6, 0xC1,
    0x97, 0x63, 0xB3, 0xDB, 0x57, 0x06, 0xEB, 0x99, 0xF2, 0xE1, 0xE8, 0xFE, 0xC0, 0x4C, 0x8A, 0x66,
    0x2F, 0x82, 0x35, 0x74, 0x0E, 0xE3, 0x39, 0xA2, 0xCF, 0x01, 0x14, 0x75, 0x03, 0x8B, 0x0A, 0x76,
    0x7D, 0xC1, 0x87, 0x41, 0xE4, 0xA5, 0x77, 0x36, 0x88, 0xE0, 0x21, 0x75, 0x4A, 0x44, 0x46, 0x1A,
    0x92, 0x59, 0x48, 0x65, 0xC1, 0xE6, 0x3F, 0xFC, 0x88, 0x30, 0x0E, 0x25, 0x88, 0xD6, 0x6F, 0x39,
    0x88, 0xCD, 0x23, 0xB1, 0x49, 0x23, 0xF8, 0x03, 0x0E, 0x72, 0x0A, 0x47, 0xAA, 0x0B, 0x06, 0xAD,
    0x85, 0x3C, 0x8D, 0x7A, 0xBF, 0x55, 0x1B, 0x57, 0x7D, 0x88, 0x1F, 0x19, 0xBF, 0x57, 0xB9, 0x41,
    0x17, 0xB7, 0x8B, 0xDF, 0x86, 0xF4, 0xED, 0xFA, 0xA8, 0x62, 0xF9, 0x4E, 0xD5, 0x16, 0xBA, 0x29,
    0x05, 0x28, 0x06, 0x43, 0xE4, 0x3D, 0x21, 0x14, 0x82, 0x05, 0xE4, 0x60, 0x45, 0x38, 0x83, 0x67,
    0x88, 0xB8, 0x43, 0x0D, 0x9F, 0xC6, 0x5B, 0x4E, 0x10, 0x6A, 0x69, 0x4C, 0x47, 0xAE, 0xA9, 0xBF,
    0x20, 0x92, 0x52, 0x42, 0x02, 0x76, 0x80, 0x6C, 0xED, 0x05, 0x9C, 0xF1, 0x7F, 0x44, 0xAC, 0x38,
    0x80, 0xD7, 0x42, 0x9D, 0xB8, 0x9C, 0x48, 0xC7, 0xBC, 0xF2, 0x54, 0x4E, 0xDD, 0x52, 0xF3, 0x6A,
    0xE7, 0x43, 0xE6, 0x8B, 0x07, 0xC1, 0xF9, 0x5E, 0x90, 0x83, 0x99, 0x71, 0x28, 0x1E, 0xB0, 0x4E,
    0x79, 0x6E, 0xCD, 0x7B, 0x38, 0xF4, 0xBE, 0x5E, 0xC9, 0x57, 0xC0, 0x0D, 0x19, 0xA3, 0x8E, 0xF1,
    0xF0, 0xF5, 0xF3, 0x9F, 0x1C, 0x38, 0x8A, 0x28, 0x18, 0x67, 0xCD, 0xC7, 0x8F, 0xB4, 0x70, 0x35,
    0xCF, 0xE5, 0xC9, 0xDF, 0xD0, 0x44, 0x67, 0x83, 0xED, 0x93, 0x14, 0x26, 0x1E, 0x93, 0xE5, 0x89,
    0x1D, 0x60, 0x28, 0x87, 0xC1, 0xBD, 0x34, 0x4D, 0xC8, 0x1C, 0x2D, 0xD1, 0xF4, 0x24, 0xCF, 0x32,
    0x57, 0x39, 0x8E, 0x5C, 0x87, 0x5A, 0xF4, 0xCA, 0x16, 0x0E, 0x43, 0x9E, 0x84, 0x33, 0x21, 0x1B,
    0x51, 0xFA, 0x91, 0x97, 0xE2, 0xE2, 0x93, 0xCB, 0xBF, 0x65, 0x2E, 0xC3, 0x12, 0xDE, 0xFA, 0x1B,
    0xFE, 0x66, 0xA9, 0x25, 0x6F, 0x7D, 0x42, 0xCB, 0xDE, 0x2A, 0x55, 0x7B, 0xE0, 0x83, 0x48, 0x23,
    0x90, 0xA9, 0x51, 0xC3, 0x46, 0x10, 0x58, 0xD3, 0x58, 0x7B, 0xC5, 0x43, 0xBD, 0x62, 0xF7, 0xF4,
    0x4A, 0x51, 0xAD, 0x69, 0x9C, 0x06, 0x92, 0xCF, 0xA0, 0x75, 0xDA, 0xFA, 0x44, 0xA2, 0x69, 0x9E,
    0xCC, 0xEF, 0xAA, 0xB1, 0xB3, 0xAC, 0x4F, 0x5F, 0x9F, 0x48, 0x45, 0x2A, 0xEF, 0xBF, 0x5D, 0xCD,
    0xC1, 0xF9, 0x53, 0x5E, 0x78, 0x42, 0x28, 0x1B, 0x47, 0x26, 0x83, 0x2C, 0x25, 0x87, 0x25, 0xBE,
    0x94, 0xAB, 0x5C, 0xDF, 0xA1, 0x57, 0xE0, 0x04, 0x36, 0xBF, 0xAC, 0xC0, 0xF2, 0xF1, 0xC5, 0xF7,
    0xCE, 0x61, 0xEB, 0x38, 0x0F, 0xBD, 0x73, 0x34, 0x88, 0x38, 0xC6, 0xC8, 0x0F, 0x32, 0x24, 0xD2,
    0xCB, 0x2B, 0xB4, 0x9D, 0x84, 0x16, 0x79, 0x88, 0xDB, 0x10, 0xF9, 0x60, 0x7D, 0x9F, 0x70, 0x29,
    0x00, 0x0B, 0xDF, 0xC3, 0x33, 0xBE, 0xB0, 0x2D, 0x47, 0xB3, 0x86, 0x29, 0x84, 0x1E, 0x09, 0x3F,
    0x43, 0xC2, 0x0E, 0xBF, 0x66, 0xE1, 0xD5, 0x8F, 0x73, 0x31, 0x89, 0xAF, 0x29, 0x7E, 0x8D, 0xE2,
    0x6B, 0x37, 0xBF, 0x7A, 0xF0, 0x09, 0x7A, 0x75, 0xE1, 0x2B, 0x0D, 0xA4, 0xCA, 0xD8, 0x2A, 0x17,
    0xBC, 0xDD, 0x3F, 0x0A, 0x27, 0x1F, 0xF7, 0x6A, 0x07, 0x10, 0xB5, 0xAD, 0xB2, 0xE6, 0x04, 0xC4,
    0xC8, 0x2B, 0xC2, 0x78, 0x98, 0x03, 0x3E, 0xC1, 0x0C, 0x8C, 0xB5, 0x9B, 0x9C, 0x22, 0x4C, 0xE9,
    0xDF, 0x52, 0x4C, 0xD9, 0x78, 0x8F, 0xE2, 0x47, 0xDA, 0x48, 0x26, 0x7E, 0x93, 0x17, 0xAC, 0xC9,
    0x89, 0x04, 0x72, 0x44, 0xFE, 0xB9, 0x04, 0x00, 0x49, 0x45, 0x0F, 0x7B, 0xBB, 0x6B, 0x19, 0x41,
    0x98, 0x8F, 0x50, 0x7A, 0xB8, 0xAC, 0x51, 0x12, 0x6F, 0x6B, 0x4C, 0x5F, 0x49, 0x27, 0x44, 0x2E,
    0xCE, 0x87, 0xA8, 0x7E, 0x96, 0x46, 0xDE, 0xA3, 0x71, 0xBE, 0x06, 0x5D, 0xB3, 0x50, 0x58, 0x06,
    0xEF, 0x38, 0x82, 0xD9, 0x8E, 0xA4, 0x3E, 0x61, 0x84, 0x8B, 0x4A, 0xF7, 0x32, 0x8C, 0x95, 0x60,
    0x02, 0x81, 0xCB, 0xC0, 0x81, 0xF3, 0xE0, 0xD5, 0xA1, 0x50, 0x03, 0x91, 0x3E, 0x72, 0x74, 0x31,
    0x9C, 0x7A, 0xB4, 0xC1, 0x9B, 0x35, 0xAC, 0xB9, 0xE3, 0x7D, 0xB4, 0x34, 0xC3, 0x16, 0x36, 0x96,
    0x93, 0x8B, 0x23, 0x90, 0x24, 0x4F, 0xC8, 0x97, 0x02, 0x44, 0x41, 0xE8, 0x37, 0xD5, 0x79, 0x20,
    0x6E, 0x23, 0xCE, 0x6C, 0x45, 0xD1, 0x93, 0x35, 0x70, 0xF0, 0x06, 0x64, 0x5F, 0xAA, 0x74, 0x89,
    0xE4, 0xF5, 0x45, 0xAE, 0x98, 0xA9, 0x71, 0xCA, 0x90, 0x94, 0x51, 0x51, 0x1C, 0x03, 0x0D, 0x8D,
    0x16, 0x8B, 0xD7, 0x2C, 0x49, 0x48, 0x2C, 0xF3, 0x01, 0xA9, 0x25, 0x4E, 0x53, 0x98, 0xE6, 0x54,
    0xAB, 0x6B, 0xEE, 0x92, 0xB6, 0x58, 0xD8, 0x64, 0xE2, 0xC6, 0x04, 0x0D, 0xE1, 0x48, 0x54, 0xED,
    0x20, 0x3C, 0x00, 0x42, 0xF4, 0xA6, 0xEC, 0x89, 0x29, 0x4D, 0x57, 0x0D, 0x8F, 0x88, 0x23, 0x38,
    0xC9, 0xA5, 0x98, 0x36, 0x03, 0x6B, 0xE3, 0xE6, 0x0D, 0x07, 0x39, 0x73, 0x7D, 0xD4, 0x3B, 0x4A,
    0x3E, 0xA3, 0x58, 0x95, 0x29, 0x05, 0x95, 0xF2, 0x85, 0xF1, 0xC5, 0xB0, 0x10, 0x55, 0xF2, 0x0C,
    0x17, 0xF2, 0x5D, 0xA4, 0x23, 0xBB, 0xD6, 0xA4, 0xAD, 0xAB, 0x79, 0xB6, 0x09, 0x6A, 0xCE, 0x68,
    0x7C, 0x4A, 0x74, 0x29, 0xE2, 0xFC, 0x16, 0x2B, 0x46, 0x22, 0x19, 0x72, 0xC2, 0x66, 0x51, 0xFB,
    0xEA, 0xCB, 0x87, 0xB0, 0x8B, 0xB8, 0xEB, 0x47, 0xB5, 0x11, 0x88, 0xEC, 0x94, 0x71, 0xC7, 0x56,
    0x97, 0xA1, 0xFB, 0xEB, 0x68, 0x83, 0x0F, 0xD1, 0x22, 0xFB, 0x45, 0xFF, 0x1E, 0x3E, 0xCA, 0x32,
    0xEB, 0x00, 0xA9, 0xC5, 0xCE, 0xD7, 0x22, 0x12, 0xF2, 0x38, 0x61, 0x95, 0x34, 0x8D, 0xE8, 0x9F,
    0xF8, 0x78, 0xB1, 0x1A, 0x22, 0xB8, 0x2B, 0xF2, 0x60, 0x45, 0xF4, 0xA2, 0x80, 0xD5, 0x22, 0x92,
    0x65, 0x38, 0x8B, 0x19, 0x31, 0x97, 0xC8, 0x62, 0x2A, 0xBC, 0x74, 0x88, 0xF8, 0x51, 0x2E, 0x32,
    0x35, 0x71, 0x47, 0x6E, 0x7F, 0x64, 0xA5, 0xC5, 0x29, 0x13, 0x93, 0xA9, 0x1A, 0x2F, 0x00, 0x5F,
    0x04, 0xAF, 0x44, 0x15, 0x85, 0xFC, 0x4F, 0xDA, 0xAC, 0x8B, 0x15, 0xC7, 0x36, 0xF7, 0xC1, 0xF0,
    0x0C, 0x77, 0x59, 0xBF, 0xF1, 0x22, 0xFD, 0xA6, 0x41, 0xC2, 0x13, 0xE7, 0xD2, 0xAD, 0x90, 0xF4,
    0x41, 0x0D, 0x60, 0x37, 0xCE, 0x13, 0x4E, 0xAD, 0xFB, 0xE2, 0xE9, 0x5B, 0xEB, 0x84, 0xD5, 0xC4,
    0x79, 0x6A, 0x34, 0x87, 0x44, 0x17, 0xAC, 0x51, 0x58, 0xDF, 0x9B, 0x9F, 0x16, 0xCD, 0x92, 0xA9,
    0x60, 0xD2, 0xBC, 0x99, 0x92, 0xE9, 0xE4, 0x37, 0xAE, 0xD2, 0x8E, 0x88, 0x82, 0xB0, 0xC0, 0x17,
    0x0F, 0x09, 0xDB, 0xD7, 0x40, 0xB6, 0xC0, 0x04, 0x38, 0x5C, 0x5E, 0x6B, 0xC0, 0x9A, 0x02, 0x20,
    0x6F, 0x8C, 0xFD, 0x82, 0xC1, 0xB1, 0xD4, 0xE5, 0x84, 0xCC, 0xCE, 0xEB, 0xA9, 0xA9, 0x54, 0xB0,
    0xCA, 0xE2, 0x87, 0xAC, 0x4A, 0xEB, 0x7B, 0x6D, 0x60, 0xC6, 0xCB, 0x6A, 0x8B, 0x13, 0xE9, 0x52,
    0xE8, 0x7F, 0xC6, 0xA5, 0xB6, 0x67, 0xB8, 0xCB, 0xBF, 0xD9, 0xA0, 0xF2, 0x01, 0x9F, 0xA8, 0x6E,
    0x96, 0x59, 0x60, 0x75, 0x17, 0x52, 0x97, 0xFB, 0x2A, 0x82, 0xE5, 0x71, 0x07, 0x33, 0x11, 0xF1,
    0x20, 0xEB, 0xD9, 0xE9, 0x8D, 0x43, 0xC2, 0x8E, 0x9F, 0x0A, 0x51, 0xBC, 0x2E, 0xAB, 0x4C, 0xF9,
    0x1D, 0x85, 0x44, 0xB4, 0x6E, 0x1E, 0x33, 0xE7, 0x92, 0x0F, 0x66, 0x84, 0xB3, 0xAC, 0x5D, 0x0E,
    0x30, 0xE2, 0xE7, 0x55, 0x89, 0x47, 0xB8, 0xC6, 0x8C, 0xD4, 0x6F, 0x71, 0xF7, 0x6A, 0xCB, 0xF2,
    0x76, 0x63, 0xAC, 0x78, 0x20, 0x46, 0x83, 0xC5, 0xD8, 0xFB, 0xF8, 0x37, 0x52, 0x4E, 0x68, 0x67,
    0x00, 0x63, 0x9E, 0xF8, 0x1E, 0x90, 0x5B, 0xDE, 0x8E, 0xAD, 0x44, 0xA8, 0x90, 0xA1, 0xF8, 0xA5,
    0xD6, 0xAC, 0xF9, 0x53, 0x06, 0x01, 0x9C, 0xB0, 0xA5, 0x08, 0x1A, 0x0F, 0x40, 0x9B, 0x3E, 0xB6,
    0x23, 0xFA, 0x12, 0x3F, 0x3E, 0x5C, 0xD5, 0xBE, 0x0A, 0x9C, 0x1D, 0x8B, 0x26, 0xCE, 0xBA, 0x14,
    0xC0, 0x91, 0x86, 0xE8, 0x6A, 0xAE, 0x31, 0xD8, 0x4B, 0x5A, 0x86, 0x38, 0x91, 0x26, 0xCF, 0xBC,
    0xF1, 0xE0, 0x9D, 0x37, 0x64, 0x5A, 0x6B, 0xC3, 0xA9, 0xB6, 0x6F, 0x1A, 0xE6, 0x8D, 0xE7, 0x37,
    0xED, 0x5E, 0xA3, 0x87, 0xD6, 0xCC, 0xB0, 0x4D, 0x9A, 0x4E, 0x65, 0x4D, 0x8F, 0x9A, 0x6F, 0x66,
    0xB5, 0x34, 0x76, 0xE9, 0x66, 0xAF, 0x0C, 0xB7, 0x32, 0xA9, 0xE5, 0xA3, 0x48, 0x48, 0x8D, 0x08,
    0x59, 0x48, 0xE4, 0x48, 0xA3, 0x8D, 0x93, 0x1B, 0x1F, 0x8C, 0x65, 0x78, 0xC2, 0x11, 0x0D, 0xC9,
    0x0E, 0xEF, 0x17, 0x1B, 0x43, 0xC7, 0xF5, 0x9B, 0x5C, 0x93, 0xF3, 0x19, 0xFB, 0xB0, 0x7B, 0x7A,
    0x25, 0xA4, 0x4E, 0x13, 0xE4, 0x85, 0x15, 0xD5, 0x88, 0xBB, 0x42, 0x54, 0x9D, 0x2F, 0x71, 0xF9,
    0x4D, 0x1E, 0xB1, 0x77, 0x53, 0x8F, 0x2C, 0x6B, 0xEB, 0x8D, 0x5F, 0x1E, 0xF6, 0x61, 0x86, 0x77,
    0x91, 0xCB, 0xE5, 0x2A, 0xC1, 0x30, 0xBC, 0x85, 0x30, 0x88, 0xD1, 0x29, 0x5E, 0x77, 0x8F, 0xE1,
    0xD9, 0xC3, 0xE5, 0x5B, 0x98, 0xF8, 0x4B, 0x0C, 0xD5, 0x79, 0x86, 0x6A, 0x60, 0xEB, 0xA0, 0x3A,
    0xFC, 0xF8, 0x62, 0xBD, 0x54, 0x6F, 0x51, 0x3E, 0x9C, 0x8D, 0x9B, 0x57, 0x5A, 0xF3, 0x5D, 0xA5,
    0xE6, 0x42, 0xAC, 0x13, 0xB0, 0x28, 0x18, 0xFC, 0x2A, 0xB3, 0x78, 0xFB, 0xFB, 0xD5, 0x04, 0xB3,
    0xA0, 0x2A, 0xA1, 0xAB, 0xD5, 0x28, 0x72, 0xB5, 0x1F, 0x29, 0x32, 0x62, 0x5A, 0x55, 0xBE, 0xE4,
    0x83, 0x49, 0xBE, 0x45, 0x61, 0x05, 0xD6, 0x22, 0xDA, 0x5E, 0x8D, 0x79, 0xE2, 0xDC, 0x19, 0x61,
    0x28, 0xD6, 0x62, 0xF4, 0xD2, 0xAA, 0x16, 0x53, 0x07, 0x98, 0xBB, 0xD1, 0xC3, 0x4F, 0xAD, 0xE1,
    0xCA, 0xEF, 0x33, 0x20, 0xDB, 0x11, 0x53, 0x9D, 0x42, 0xF9, 0x7C, 0xBF, 0x6F, 0x63, 0x95, 0x41,
    0x5A, 0x0A, 0xA7, 0x1E, 0x60, 0x5F, 0x94, 0xCF, 0x1A, 0x10, 0xEB, 0x3F, 0xA4, 0xFD, 0xA8, 0x03,
    0xE4, 0x6B, 0x64, 0x61, 0xCB, 0x82, 0x56, 0x84, 0xEC, 0x03, 0xA7, 0x56, 0x58, 0x9B, 0x0B, 0xCD,
    0x81, 0x39, 0xD6, 0xE4, 0x88, 0x93, 0x34, 0x13, 0xA3, 0xE4, 0xE5, 0x1B, 0xA5, 0x6F, 0x06, 0xE9,
    0xB7, 0x1E, 0x62, 0xD2, 0xBD, 0x64, 0x76, 0xF5, 0x12, 0x87, 0xCC, 0x40, 0xA6, 0x2E, 0xA0, 0xBA,
    0x4D, 0x17, 0x6E, 0xAC, 0x10, 0x56, 0xE2, 0x5D, 0x8A, 0x22, 0x92, 0x5F, 0xCB, 0x50, 0x88, 0xA2,
    0x56, 0xC3, 0xBE, 0x66, 0xDD, 0xA1, 0x3E, 0x8D, 0x9B, 0x64, 0x41, 0x9F, 0x47, 0xF5, 0x79, 0x4C,
    0xC3, 0x33, 0x99, 0xC4, 0x13, 0x39, 0xC0, 0x24, 0x32, 0xF6, 0x91, 0xA2, 0x9C, 0x03, 0xF8, 0xC3,
    0x30, 0x76, 0x33, 0xF4, 0xCA, 0xF7, 0xA3, 0xC6, 0x1E, 0x05, 0x19, 0x8A, 0xDB, 0x2C, 0x96, 0x99,
    0x83, 0x34, 0xB0, 0xB3, 0x81, 0x13, 0x85, 0x99, 0x7C, 0x2D, 0x17, 0x85, 0xF8, 0x57, 0x28, 0x4F,
    0x4F, 0x31, 0x03, 0x29, 0x72, 0x8D, 0x93, 0x20, 0xBD, 0x23, 0xB6, 0xD2, 0xC3, 0xB6, 0xAF, 0xCB,
    0x30, 0x3B, 0x0C, 0x3E, 0xCA, 0x6B, 0xC4, 0x45, 0xED, 0x37, 0xEC, 0xD2, 0xFA, 0x95, 0x67, 0x3C,
    0x90, 0x96, 0xEE, 0x9E, 0x51, 0xD1, 0x49, 0x13, 0xB0, 0x08, 0x21, 0xAA, 0xD8, 0xF0, 0x02, 0x62,
    0xC4, 0x51, 0x6A, 0x06, 0xCF, 0x99, 0x49, 0xD4, 0x0C, 0x3C, 0x75, 0x24, 0x40, 0xE8, 0x54, 0x2E,
    0xAA, 0x0B, 0x74, 0x1B, 0xB3, 0xD4, 0xAF, 0xD7, 0x6D, 0xB3, 0xF5, 0x3C, 0x68, 0x3B, 0x5A, 0x6C,
    0x45, 0xC7, 0x7E, 0x4D, 0x78, 0x3F, 0x95, 0xB9, 0x1F, 0xF2, 0x37, 0x7E, 0x9C, 0x37, 0x8D, 0x5A,
    0xB5, 0xDC, 0xAF, 0x4C, 0x62, 0x99, 0xF1, 0xA7, 0x88, 0x9E, 0x12, 0x70, 0xC2, 0x7A, 0x34, 0x09,
    0xE9, 0xD3, 0xFD, 0xA7, 0x76, 0xD7, 0xB2, 0xB3, 0xF0, 0xA8, 0xAD, 0xC6, 0xD6, 0xBE, 0x53, 0x74,
    0xE9, 0x31, 0x1A, 0x61, 0xB4, 0x70, 0x27, 0x85, 0x1A, 0x13, 0x28, 0x85, 0xFE, 0x1D, 0x7E, 0x02,
    0x27, 0xE0, 0x1D, 0x50, 0x71, 0xD5, 0xE8, 0xBA, 0x37, 0xA2, 0x5C, 0xFB, 0x39, 0x3F, 0xFB, 0x7B,
    0x6A, 0x77, 0x04, 0xF9, 0x46, 0x53, 0xB4, 0xE6, 0x54, 0xA1, 0x52, 0x9C, 0x79, 0xDB, 0x9C, 0x57,
    0x49, 0x32, 0x36, 0x20, 0x81, 0x04, 0x25, 0x1C, 0x82, 0x31, 0x2D, 0x83, 0x6C, 0x3F, 0x17, 0xEC,
    0x43, 0x3A, 0xF6, 0x1E, 0x2F, 0x2C, 0xB1, 0xEB, 0x78, 0xC5, 0x67, 0x62, 0x67, 0x53, 0x38, 0x48,
    0x79, 0x34, 0x09, 0x5D, 0x1C, 0x54, 0x5B, 0xD0, 0x72, 0x37, 0xCC, 0xD9, 0xFE, 0x3E, 0x44, 0xD4,
    0x5D, 0xC1, 0x18, 0x2A, 0x92, 0x09, 0x84, 0xA0, 0x08, 0x0B, 0x6A, 0xD1, 0x2F, 0x09, 0x77, 0x46,
    0x32, 0x48, 0x1E, 0x54, 0xA0, 0xCA, 0xD5, 0x9F, 0x0F, 0xF6, 0xFA, 0x39, 0x9E, 0x87, 0x24, 0x56,
    0xB1, 0x4B, 0xFD, 0x52, 0x30, 0x53, 0x55, 0xD3, 0xB7, 0xAB, 0x52, 0x35, 0xAA, 0x45, 0xB5, 0xC5,
    0xD0, 0xAB, 0xA6, 0x54, 0x02, 0x95, 0xF5, 0x31, 0x7F, 0x57, 0xE0, 0xC1, 0x3E, 0x1A, 0xCC, 0x39,
    0xEA, 0x1A, 0x31, 0xA3, 0x14, 0x4C, 0x48, 0x27, 0xFF, 0x18, 0x26, 0x7B, 0xB9, 0x93, 0x68, 0x6D,
    0xA1, 0x9E, 0xFB, 0x16, 0xEE, 0xB4, 0xF7, 0x13, 0x2B, 0xBF, 0x94, 0x6F, 0xA8, 0xA1, 0x69, 0xD3,
    0xD5, 0x7C, 0xB5, 0x80, 0xF5, 0x65, 0x02, 0x12, 0x52, 0x69, 0x24, 0xB6, 0x3C, 0x02, 0xE8, 0xA9,
    0x3C, 0x76, 0xC9, 0x0D, 0x9C, 0x8A, 0x5D, 0xB5, 0xAA, 0xC8, 0x02, 0xE8, 0xB5, 0xC0, 0xAF, 0x39,
    0x50, 0x43, 0x90, 0x46, 0x96, 0x33, 0x0B, 0x93, 0x8B, 0x9F, 0xAF, 0x2D, 0x46, 0xA1, 0x17, 0x55,
    0x10, 0xAF, 0x71, 0x4C, 0xB1, 0x0E, 0xA4, 0x37, 0xA7, 0x42, 0x14, 0x87, 0x4F, 0x11, 0x62, 0x85,
    0xCC, 0x2F, 0xE6, 0x98, 0x93, 0xF5, 0xE9, 0xB9, 0x1E, 0x1A, 0x1A, 0x44, 0xF2, 0x2B, 0x20, 0x19,
    0x7A, 0x0F, 0x5E, 0x5C, 0xC0, 0xB1, 0xAD, 0x22, 0x0A, 0x05, 0xB9, 0xA8, 0xA0, 0x9C, 0x0B, 0x62,
    0xA5, 0x5A, 0x86, 0xEF, 0x2C, 0xC4, 0x79, 0x4C, 0xEC, 0x1C, 0xD6, 0x5C, 0xB7, 0x4C, 0x4D, 0xB9,
    0x01, 0xF4, 0x2A, 0x32, 0x70, 0x10, 0x2B, 0x4B, 0x65, 0x40, 0x79, 0x92, 0x5F, 0x22, 0xF4, 0x44,
    0x40, 0x32, 0xCC, 0x43, 0x46, 0x59, 0x97, 0xF1, 0x1A, 0xC8, 0xE8, 0xFC, 0x0C, 0xB2, 0xE8, 0xC3,
    0xFC, 0x30, 0xB3, 0xA0, 0x4C, 0x14, 0xF6, 0x1E, 0x09, 0x47, 0xEC, 0xDA, 0x24, 0x9C, 0x9E, 0x84,
    0x63, 0xB3, 0x56, 0xAD, 0x44, 0x1D, 0xAA, 0xD2, 0x9D, 0x17, 0x9B, 0x2A, 0x29, 0x69, 0x12, 0xDE,
    0x2B, 0x15, 0x0E, 0xDB, 0xE4, 0xF1, 0xB4, 0x9F, 0x88, 0xFB, 0x8F, 0x43, 0xAD, 0x93, 0x9C, 0xD1,
    0xCA, 0xCF, 0x7E, 0x1D, 0xBD, 0x26, 0x5B, 0xAF, 0x19, 0x84, 0x6A, 0x39, 0xDB, 0x34, 0xE8, 0xC8,
    0x3E, 0xFD, 0xD3, 0x38, 0x71, 0x67, 0x71, 0xCC, 0x4E, 0xA0, 0x12, 0xED, 0xE1, 0x7D, 0x79, 0x35,
    0x8E, 0x33, 0x35, 0x85, 0x3D, 0x3A, 0x8E, 0xE3, 0xB0, 0x80, 0xE3, 0x80, 0xF5, 0xBF, 0x86, 0x2C,
    0xEC, 0x53, 0x81, 0xC8, 0xBB, 0x82, 0x16, 0xE1, 0xBD, 0xDA, 0x35, 0x93, 0xD0, 0x8A, 0x59, 0x56,
    0x3B, 0x6F, 0x4D, 0xD3, 0xA4, 0x8D, 0xBF, 0x82, 0x04, 0xF6, 0x6D, 0xE4, 0x4A, 0xCF, 0x55, 0xC1,
    0x79, 0x10, 0xB9, 0x99, 0x42, 0x94, 0x40, 0x31, 0x32, 0x8E, 0x6C, 0x6B, 0x0A, 0x6F, 0x3A, 0x83,
    0x4C, 0xF3, 0x34, 0xB6, 0xB6, 0x80, 0x7C, 0xB2, 0xDC, 0x4A, 0x0E, 0x30, 0x07, 0x82, 0x86, 0xD2,
    0xA3, 0x41, 0x52, 0x6F, 0x34, 0xAF, 0x26, 0x72, 0xFE, 0x6C, 0xC6, 0x2F, 0x45, 0x48, 0x09, 0x7E,
    0x1E, 0xD9, 0xDC, 0x07, 0x03, 0x1A, 0x78, 0xBB, 0xCA, 0x33, 0x55, 0xE3, 0x3F, 0xF6, 0xCE, 0x70,
    0xCF, 0x56, 0xCA, 0x18, 0x81, 0x97, 0x63, 0x93, 0x1C, 0x98, 0xE4, 0xA8, 0xA4, 0x0E, 0x49, 0x16,
    0x9B, 0x02, 0xAE, 0x6A, 0x2C, 0x43, 0xB6, 0x40, 0x38, 0x00, 0xC9, 0x76, 0x03, 0xD7, 0x94, 0x69,
    0x7A, 0xA1, 0x7A, 0x40, 0xC2, 0x8D, 0x1C, 0x6B, 0x94, 0x40, 0xA3, 0x48, 0xC4, 0x56, 0x25, 0xBA,
    0x2B, 0x73, 0x28, 0x92, 0xEB, 0x48, 0x73, 0x59, 0xBC, 0x1D, 0x67, 0xD7, 0x42, 0x14, 0x2F, 0x10,
    0x7C, 0xC7, 0xED, 0x30, 0xE3, 0xEF, 0xC1, 0x31, 0xA0, 0xD0, 0xF1, 0x1C, 0xDA, 0x29, 0x25, 0x1C,
    0x93, 0x44, 0x2B, 0xF5, 0xA0, 0xD7, 0x78, 0x7A, 0x14, 0x09, 0x46, 0x3F, 0x87, 0xDC, 0x8D, 0xD8,
    0x1F, 0x10, 0x7F, 0x23, 0x73, 0xE2, 0xB5, 0x1A, 0x42, 0x37, 0x89, 0x34, 0x9D, 0x5E, 0xC5, 0xE5,
    0x3A, 0xEF, 0x83, 0xDE, 0x0C, 0xD5, 0x62, 0x0D, 0xDE, 0xD4, 0x0F, 0xE7, 0xAD, 0xF7, 0x79, 0x67,
    0x9F, 0x0E, 0xAD, 0x66, 0x40, 0xC5, 0x51, 0x26, 0xB6, 0x21, 0xD1, 0x0D, 0xAB, 0x42, 0x2F, 0x9C,
    0xA1, 0x2A, 0xBF, 0xCA, 0xF8, 0xE2, 0x40, 0x21, 0x21, 0x02, 0x4A, 0xB6, 0xDB, 0x02, 0x26, 0xB3,
    0x9F, 0x5A, 0xB9, 0x7A, 0xAE, 0xC5, 0x5D, 0xC4, 0x97, 0x21, 0xEE, 0x3B, 0xE1, 0x06, 0xA1, 0xE1,
    0x09, 0x0B, 0x4C, 0xD9, 0xF2, 0x27, 0x02, 0x5F, 0xFE, 0x86, 0xF9, 0x6F, 0xA8, 0xA9, 0x11, 0x92,
    0xB6, 0xD0, 0xFC, 0x7D, 0xCA, 0xFC, 0x8D, 0xF2, 0xDF, 0x6E, 0xF3, 0xD7, 0xC3, 0xD3, 0x26, 0x7F,
    0x5D, 0xFC, 0x97, 0x36, 0xB3, 0x81, 0x5A, 0x40, 0x3E, 0x80, 0x3B, 0x15, 0xB5, 0x53, 0x3A, 0x93,
    0x2C, 0xD4, 0x0A, 0xCB, 0x30, 0xAD, 0x36, 0x12, 0x6F, 0xA2, 0xA6, 0xBB, 0xB0, 0x6D, 0x0F, 0x6F,
    0x78, 0x15, 0x26, 0x11, 0x2F, 0xA7, 0x9C, 0xD7, 0x8E, 0x4F, 0xD9, 0x51, 0x38, 0x05, 0x25, 0x7F,
    0x14, 0xC5, 0xE0, 0x28, 0x76, 0x0D, 0x5B, 0x6F, 0x9E, 0x3D, 0x1A, 0x7D, 0xCC, 0xD9, 0xA5, 0xCF,
    0x74, 0x0B, 0x37, 0x20, 0x26, 0xFB, 0x32, 0xE2, 0x96, 0xD8, 0x17, 0xC4, 0x2C, 0x5D, 0x38, 0x79,
    0x48, 0x6C, 0x38, 0xED, 0x90, 0x13, 0x93, 0x2E, 0x27, 0x9C, 0x93, 0xF5, 0xE1, 0x03, 0x3A, 0xE3,
    0x47, 0xD0, 0x5C, 0x4C, 0x3C, 0x52, 0x3F, 0x18, 0x49, 0x02, 0xB1, 0x0C, 0xA5, 0xFE, 0x67, 0xE4,
    0xA2, 0xFD, 0x9A, 0x4E, 0x5B, 0xE8, 0x5E, 0x8C, 0x23, 0xAB, 0x16, 0x03, 0xA4, 0xA0, 0x5D, 0x3C,
    0xF7, 0xB4, 0x59, 0x51, 0x26, 0xD4, 0xA1, 0x2F, 0x1F, 0x12, 0xE0, 0xB3, 0xF2, 0x4C, 0x56, 0x80,
    0x1F, 0x16, 0xE0, 0x8B, 0x02, 0xFC, 0xB4, 0x00, 0xAF, 0xB6, 0x15, 0xF8, 0xB8, 0xFB, 0xCD, 0xD3,
    0xD7, 0x57, 0x57, 0x24, 0x37, 0xBC, 0x76, 0x4C, 0x3E, 0x6B, 0x1F, 0x17, 0xB9, 0x9A, 0xF9, 0x38,
    0xDE, 0x66, 0x1B, 0x7F, 0x44, 0xDF, 0xAD, 0x2D, 0x52, 0x1D, 0x94, 0xD1, 0xBA, 0x93, 0x66, 0x39,
    0xB6, 0x9E, 0xD2, 0xA4, 0x06, 0x34, 0xAB, 0xFD, 0x7B, 0xA2, 0x45, 0x19, 0x3D, 0x0A, 0xB4, 0x26,
    0x05, 0x5A, 0x97, 0x02, 0xAD, 0x4D, 0x81, 0xD6, 0xA7, 0x40, 0x6B, 0x54, 0x60, 0x7C, 0xE9, 0x46,
    0xAB, 0x5A, 0x5F, 0xAF, 0x6A, 0xD7, 0xAF, 0x8C, 0x86, 0x65, 0x74, 0xAC, 0x76, 0x2D, 0x2B, 0x1E,
    0xF1, 0x71, 0xDA, 0x72, 0xA0, 0xCC, 0x45, 0x32, 0xAF, 0xAC, 0x07, 0x84, 0x3C, 0x1E, 0xE6, 0xCB,
    0x9B, 0xCF, 0x8B, 0x4B, 0xB0, 0xBC, 0x69, 0xD1, 0x27, 0xA7, 0x3D, 0xFA, 0x24, 0xA3, 0xEE, 0x84,
    0xF1, 0x0B, 0x4E, 0xC5, 0x26, 0xC6, 0xF7, 0x36, 0x3B, 0x74, 0xA8, 0x09, 0x69, 0xA9, 0x2D, 0x4B,
    0x4D, 0xE2, 0x69, 0x70, 0xA2, 0xCD, 0xE0, 0x1D, 0x59, 0xCB, 0x89, 0xBC, 0xE9, 0xC1, 0x40, 0x47,
    0xA2, 0x14, 0xB6, 0xF8, 0xE6, 0x1C, 0x41, 0x6C, 0x3B, 0x5C, 0x03, 0x96, 0xC4, 0x64, 0x5B, 0x4C,
    0x50, 0xA0, 0xCE, 0x4C, 0xC7, 0xFB, 0x67, 0x2F, 0x19, 0x9F, 0xCC, 0xCE, 0x9D, 0x31, 0xAB, 0x37,
    0xEE, 0x3F, 0xCB, 0x88, 0xA3, 0xCD, 0xFE, 0x8E, 0xFC, 0xA8, 0x59, 0x98, 0x90, 0x85, 0x0E, 0x99,
    0xB7, 0x47, 0x48, 0xF6, 0xC8, 0xB8, 0x78, 0x72, 0x39, 0x20, 0x8C, 0xBD, 0x67, 0xAB, 0x62, 0xBA,
    0x5B, 0x30, 0x4A, 0xC2, 0x58, 0x9D, 0xA7, 0xE3, 0xC3, 0x93, 0xF9, 0x86, 0x0C, 0xDD, 0x67, 0xC4,
    0xA5, 0x2C, 0xCC, 0xDC, 0x7D, 0x05, 0x56, 0x3B, 0x95, 0x47, 0x5A, 0x18, 0x6F, 0x3F, 0x15, 0x4B,
    0xBC, 0x63, 0xDF, 0xB2, 0x78, 0x8F, 0xED, 0x0B, 0xD0, 0xA6, 0x30, 0xDF, 0xE0, 0x71, 0xCE, 0xBE,
    0x96, 0xEF, 0x4A, 0x93, 0xF7, 0xF1, 0x9D, 0x1A, 0xB3, 0xBD, 0x56, 0x78, 0xFA, 0x08, 0x9E, 0xF4,
    0x2C, 0xC1, 0x43, 0x6C, 0x21, 0x4B, 0xF9, 0x0F, 0x58, 0x76, 0x6D, 0x13, 0x3C, 0x16, 0x8F, 0x0F,
    0x65, 0xC6, 0x75, 0x71, 0x46, 0x40, 0x96, 0xBD, 0x41, 0x59, 0x76, 0x65, 0xF7, 0xB0, 0xCA, 0xD0,
    0xCB, 0xC1, 0x8F, 0x6B, 0x89, 0x69, 0x37, 0xB9, 0xB7, 0x9E, 0xEB, 0xD3, 0x5C, 0x7E, 0xC1, 0x6F,
    0xEA, 0x30, 0xCE, 0x1B, 0x0A, 0x74, 0x3E, 0xD1, 0xCD, 0x3B, 0xE3, 0x7D, 0x55, 0x82, 0x87, 0xDC,
    0xF3, 0x5D, 0xB0, 0x18, 0x12, 0x24, 0x63, 0x8A, 0x4A, 0x47, 0x46, 0xB8, 0x4A, 0xF0, 0x90, 0xA6,
    0xB5, 0x05, 0xF0, 0x94, 0x09, 0x9E, 0x5F, 0x5E, 0x22, 0x78, 0x08, 0x92, 0x2E, 0x38, 0xCB, 0x49,
    0x57, 0x03, 0x4B, 0x8C, 0x87, 0x75, 0x82, 0xE7, 0xE4, 0x02, 0xC1, 0x33, 0x78, 0x6D, 0x59, 0x0C,
    0xE4, 0x68, 0xF4, 0xF9, 0xEF, 0xD3, 0x00, 0x7F, 0x1F, 0xC0, 0xB7, 0x82, 0x5B, 0x23, 0xA3, 0xDC,
    0x5E, 0x43, 0xC2, 0xC2, 0xE5, 0x6F, 0xC3, 0x9F, 0x1E, 0x02, 0xF8, 0xAF, 0xA6, 0x66, 0xB0, 0xE1,
    0x6A, 0xFB, 0x59, 0xD1, 0x3D, 0x27, 0x09, 0xB0, 0x9B, 0x00, 0xF6, 0x8A, 0xFA, 0x13, 0x60, 0x8F,
    0x93, 0x77, 0x20, 0xFF, 0x1F, 0xAB, 0xD2, 0x05, 0x3A, 0x32, 0x0E, 0x17, 0x63, 0x5A, 0xE2, 0xC3,
    0x01, 0x12, 0x96, 0xF3, 0xBA, 0xDF, 0x24, 0x29, 0xBB, 0xCA, 0x79, 0x8E, 0x15, 0xB0, 0x3F, 0x41,
    0xF2, 0x27, 0xF7, 0xD3, 0x55, 0xC9, 0x1B, 0x1B, 0xAB, 0xDC, 0x1A, 0xE3, 0xC7, 0x97, 0xC1, 0xBD,
    0x87, 0xF9, 0x77, 0x5D, 0xFB, 0xD8, 0xAF, 0xAE, 0x9E, 0x11, 0xC8, 0x95, 0x28, 0xE5, 0x2B, 0x3F,
    0x08, 0x6E, 0xE1, 0x3A, 0xC6, 0x24, 0x11, 0x33, 0x15, 0x49, 0x15, 0x4F, 0x52, 0xF4, 0xFE, 0xCB,
    0x88, 0xDC, 0x48, 0xF1, 0xF7, 0x21, 0x68, 0x8B, 0xFE, 0x26, 0x24, 0xA7, 0x60, 0xA3, 0x69, 0x24,
    0xA7, 0x34, 0xB2, 0x6B, 0x7B, 0x81, 0x47, 0x36, 0x16, 0x14, 0xEC, 0x70, 0x12, 0xCC, 0x35, 0x3E,
    0x4F, 0x0A, 0x06, 0xA2, 0x30, 0xFC, 0x5B, 0x2B, 0x40, 0x74, 0x7D, 0xF0, 0x98, 0x90, 0x01, 0x79,
    0xE8, 0x52, 0x9D, 0xEA, 0x1F, 0xFE, 0xF6, 0x10, 0xDE, 0xF7, 0x30, 0x7E, 0xF1, 0x56, 0xFC, 0x38,
    0xDE, 0xE4, 0xCE, 0x57, 0xAC, 0x7B, 0xDA, 0xF2, 0xAD, 0x25, 0x47, 0xD9, 0x35, 0xFC, 0x7D, 0x66,
    0x23, 0xB0, 0xF6, 0x89, 0x55, 0x40, 0xBA, 0x24, 0x29, 0x92, 0xDD, 0x1D, 0x9C, 0x27, 0x12, 0x9C,
    0x6E, 0x20, 0x0C, 0xD2, 0x45, 0x72, 0x4B, 0xCE, 0x4A, 0x3B, 0x94, 0xFF, 0x97, 0xEA, 0x24, 0x3E,
    0xA0, 0xAA, 0x3C, 0x56, 0x17, 0x25, 0x79, 0x7F, 0x51, 0xD4, 0xE3, 0xCD, 0xE8, 0x4F, 0x4B, 0x10,
    0xEB, 0x64, 0x4D, 0x63, 0x51, 0xCE, 0x6D, 0x55, 0x8A, 0xD3, 0xB0, 0xA4, 0x38, 0x9D, 0x90, 0x14,
    0x27, 0xED, 0x8F, 0x1B, 0x59, 0x33, 0xC5, 0x69, 0x13, 0x5A, 0x7F, 0xAF, 0xA2, 0xD6, 0x91, 0x7D,
    0x52, 0xEB, 0x0E, 0x85, 0xB9, 0xA2, 0xD0, 0xFA, 0xAE, 0xB4, 0x5E, 0x90, 0xD6, 0xB5, 0x7B, 0x64,
    0xF7, 0x1A, 0xC3, 0x71, 0x23, 0xA6, 0x8C, 0x5D, 0x7B, 0x8F, 0xB6, 0x33, 0xAD, 0x2A, 0x35, 0x0E,
    0xC6, 0x1D, 0xAB, 0xD3, 0xAA, 0xF2, 0x5F, 0xD2, 0x69, 0x55, 0xEE, 0x65, 0xD3, 0xAA, 0xDA, 0x8C,
    0x4E, 0xF1, 0xEC, 0x43, 0x6B, 0x69, 0x09, 0x1E, 0x7B, 0x8D, 0xA6, 0xB2, 0x68, 0x2C, 0xF6, 0x46,
    0x00, 0x97, 0x8B, 0x9F, 0xDF, 0x04, 0x49, 0x66, 0x09, 0x4E, 0xED, 0x22, 0x56, 0x40, 0x01, 0x5C,
    0xFA, 0x9E, 0xD5, 0xBA, 0xCA, 0x2D, 0xE4, 0x12, 0xAC, 0x78, 0x5C, 0x9E, 0xE7, 0xC0, 0xF5, 0x60,
    0xA7, 0x93, 0xCC, 0xC4, 0x28, 0x75, 0x19, 0x90, 0x9C, 0x18, 0xB9, 0x0C, 0x6C, 0x17, 0x5B, 0xF4,
    0xB2, 0x26, 0xD0, 0x3B, 0x03, 0xB0, 0x06, 0x1B, 0xDB, 0x91, 0xA9, 0x54, 0x5B, 0x9F, 0x6D, 0xB1,
    0x45, 0xCD, 0x6A, 0x69, 0x26, 0x73, 0x68, 0x32, 0x34, 0xDD, 0xD5, 0xCC, 0xEB, 0x06, 0xC9, 0x49,
    0xB9, 0x32, 0xB8, 0x2A, 0x9E, 0x1E, 0x65, 0x92, 0xA3, 0xE4, 0x62, 0xDD, 0x2F, 0x2E, 0x16, 0xA1,
    0xAF, 0xCC, 0xAB, 0xB0, 0x4E, 0xAA, 0xDF, 0x4D, 0x3D, 0xE1, 0x46, 0x79, 0x12, 0x7E, 0xE9, 0xD5,
    0xE2, 0x4C, 0x73, 0x4C, 0xAD, 0x25, 0xEF, 0x82, 0x55, 0x3E, 0x2F, 0x57, 0x22, 0x17, 0x39, 0xED,
    0xF3, 0xFA, 0x0B, 0x79, 0x4A, 0x9C, 0xEF, 0xAE, 0x76, 0x17, 0xFE, 0xD0, 0xE4, 0x90, 0x6C, 0xFF,
    0xE8, 0x96, 0x8D, 0xDE, 0x23, 0x5A, 0xCF, 0xDC, 0x16, 0xE5, 0x2D, 0xF1, 0x30, 0xF2, 0x20, 0xB2,
    0xCA, 0xC0, 0x0A, 0x03, 0xAB, 0x0B, 0xAC, 0x2C, 0x38, 0x5B, 0x95, 0x3E, 0x75, 0x33, 0x67, 0x4A,
    0x9A, 0x63, 0x57, 0x1C, 0xCD, 0xEC, 0x28, 0x6E, 0x05, 0x17, 0x1A, 0x71, 0x97, 0x76, 0xDB, 0x4F,
    0xB9, 0x36, 0x2F, 0xC0, 0xC9, 0x36, 0xDF, 0x77, 0x9B, 0xDF, 0xDF, 0x6D, 0xC3, 0xE2, 0x1E, 0x1D,
    0x25, 0x3F, 0xCC, 0x70, 0x15, 0x1E, 0x53, 0x70, 0xCB, 0x61, 0x72, 0x9B, 0x2C, 0x73, 0x00, 0x4E,
    0x8E, 0x97, 0xFF, 0x3A, 0xD2, 0xB0, 0x47, 0x2F, 0xDF, 0xD3, 0x94, 0x34, 0xCD, 0x29, 0x89, 0x7F,
    0xBA, 0x77, 0xB1, 0xC9, 0x4D, 0x93, 0x4F, 0x52, 0x2D, 0xDE, 0xA5, 0xCF, 0x1F, 0x3C, 0xF8, 0x81,
    0x79, 0xAE, 0xA7, 0xD6, 0x5A, 0xFD, 0x7E, 0xE9, 0xF3, 0xC0, 0xB8, 0xCD, 0xEB, 0xDE, 0x4D, 0x05,
    0x94, 0x29, 0xB3, 0xE2, 0xB8, 0x9A, 0xF9, 0xD6, 0x4A, 0x53, 0xBE, 0xAE, 0x99, 0xFC, 0xF9, 0xF7,
    0x69, 0xE2, 0xA8, 0x65, 0x82, 0x1B, 0x6C, 0xBE, 0xD3, 0xA4, 0xB3, 0x78, 0x14, 0x30, 0x2F, 0x91,
    0x2C, 0xCA, 0x6E, 0x55, 0x1A, 0x60, 0x5F, 0x33, 0x3E, 0xC5, 0x1A, 0xE2, 0x27, 0xA9, 0xF8, 0x60,
    0x30, 0x83, 0xC3, 0x5B, 0x59, 0x00, 0xFB, 0x0D, 0xFF, 0x2C, 0x29, 0x53, 0x5B, 0x96, 0x92, 0xB8,
    0x8D, 0xF9, 0x90, 0xFD, 0xA1, 0x49, 0x44, 0x2E, 0x85, 0x46, 0x56, 0x30, 0x8B, 0xE3, 0xE9, 0xB7,
    0x57, 0x88, 0x51, 0xB3, 0xAF, 0x84, 0x75, 0xCE, 0xD0, 0xA1, 0x56, 0x66, 0xDD, 0x0B, 0x1A, 0x41,
    0xCF, 0x69, 0x04, 0x75, 0x7D, 0x8D, 0xA0, 0x89, 0x1D, 0xCE, 0x90, 0x3A, 0xD4, 0xE5, 0x1D, 0x44,
    0x93, 0xEB, 0x75, 0xF9, 0xC3, 0x55, 0xDD, 0xE5, 0x28, 0x3C, 0xA7, 0x17, 0x1E, 0x3C, 0xAF, 0xBB,
    0x7C, 0xF4, 0x67, 0xB3, 0xBC, 0x23, 0x25, 0xAD, 0x8E, 0xBF, 0xD3, 0x46, 0x0A, 0x06, 0x08, 0xB3,
    0x88, 0x7E, 0x9D, 0x45, 0x5C, 0xFF, 0xCF, 0x06, 0x4A, 0xB5, 0x3B, 0x8B, 0x80, 0x5C, 0xF3, 0x4D,
    0x37, 0x3D, 0xC4, 0x7D, 0x6F, 0x2D, 0xEF, 0xDB, 0x7A, 0xFE, 0xB7, 0xA6, 0xB3, 0xC3, 0xD6, 0xCE,
    0x0E, 0x19, 0xC3, 0x31, 0x33, 0x86, 0x7B, 0x57, 0xD2, 0x17, 0x34, 0x0C, 0x7D, 0x15, 0x77, 0xF0,
    0x18, 0xAE, 0x72, 0xC2, 0x63, 0xCB, 0x81, 0xC9, 0x2D, 0xED, 0x7C, 0x02, 0xBE, 0xE5, 0x53, 0x82,
    0x7B, 0x15, 0xFB, 0x15, 0xA2, 0x15, 0xD8, 0xF9, 0xFA, 0x81, 0xFD, 0xDF, 0x3E, 0xCE, 0x5F, 0x15,
    0xA7, 0x2E, 0x84, 0x5F, 0xC0, 0x76, 0x16, 0xB1, 0xBD, 0x46, 0xA5, 0x8A, 0x1A, 0x5F, 0xA7, 0xDA,
    0xF0, 0x61, 0x33, 0x17, 0x29, 0xE8, 0xF0, 0x10, 0xA7, 0x37, 0x50, 0xBE, 0x0B, 0x45, 0x88, 0x58,
    0xEB, 0xA8, 0x43, 0x33, 0x48, 0xB4, 0x09, 0x4B, 0x0F, 0x9A, 0x7C, 0x85, 0x0C, 0x7D, 0xDA, 0x30,
    0xC4, 0x8D, 0x67, 0x4B, 0x5D, 0x67, 0xDD, 0x7D, 0x1A, 0x7B, 0xFB, 0x4D, 0xB0, 0x09, 0xF5, 0xA9,
    0x6E, 0x24, 0xCD, 0x9E, 0x11, 0xB0, 0x1E, 0x40, 0x54, 0xE0, 0x6D, 0x74, 0x3A, 0xD0, 0x4E, 0x47,
    0xC7, 0x05, 0x6F, 0xBD, 0x0D, 0x1F, 0x19, 0xC2, 0x47, 0xEF, 0x08, 0xDA, 0xED, 0x09, 0x5E, 0x80,
    0xA1, 0x7D, 0xA1, 0xE4, 0x06, 0xA5, 0xF4, 0x5C, 0x72, 0x7E, 0x16, 0x3B, 0x38, 0x17, 0x3A, 0xC5,
    0xA7, 0xC1, 0x09, 0x2F, 0x58, 0x45, 0x92, 0x36, 0xC6, 0x48, 0x67, 0xB1, 0xD9, 0xEC, 0x40, 0x0E,
    0xA7, 0xE9, 0xB5, 0x0C, 0x45, 0x8B, 0x1B, 0xB4, 0xCD, 0x4E, 0x5D, 0x18, 0x45, 0x9B, 0xF3, 0x75,
    0xF3, 0x52, 0x40, 0x36, 0x2B, 0x00, 0x6F, 0xF9, 0x3A, 0x9F, 0x97, 0x56, 0x0B, 0x3C, 0x41, 0x1E,
    0x4D, 0x1C, 0xF2, 0xBE, 0x15, 0x09, 0x52, 0x57, 0x5A, 0x20, 0xB3, 0x91, 0x1B, 0xAE, 0xBF, 0x95,
    0xEB, 0xDB, 0x6C, 0x63, 0x03, 0x4B, 0x78, 0xC6, 0x11, 0x81, 0xF6, 0xFE, 0x2A, 0xC0, 0x3B, 0x91,
    0xF0, 0xFF, 0x10, 0xD9, 0xB9, 0x17, 0x5F, 0xC2, 0x73, 0xA5, 0xE7, 0xC9, 0x57, 0x4B, 0x6E, 0xDC,
    0xF5, 0x96, 0x00, 0x21, 0x82, 0xDA, 0x77, 0xE1, 0x3D, 0xFF, 0x82, 0xEF, 0xBF, 0xA8, 0xE7, 0x38,
    0x1E, 0x31, 0xBC, 0xDE, 0x25, 0x46, 0x7D, 0xC2, 0xAC, 0x28, 0x4B, 0xC5, 0xFA, 0x90, 0xAE, 0x3B,
    0xAB, 0x11, 0xB3, 0xA8, 0x03, 0x00, 0xAA, 0x43, 0x6D, 0x69, 0x87, 0x17, 0xD1, 0x98, 0x6D, 0xF8,
    0xB1, 0xE1, 0xBB, 0xC3, 0x10, 0xDB, 0x85, 0x08, 0x3A, 0xB1, 0xE3, 0x8D, 0x8C, 0xD5, 0x27, 0x40,
    0xD6, 0x75, 0x3E, 0x84, 0x75, 0x58, 0xAA, 0x73, 0xF5, 0x83, 0x2C, 0xF8, 0x23, 0x1F, 0x1F, 0x2D,
    0xF7, 0x6B, 0xF3, 0xB1, 0x76, 0xA0, 0x6E, 0xA2, 0x4F, 0xDE, 0x05, 0xAA, 0x22, 0x9E, 0x31, 0x72,
    0x8C, 0x91, 0x5F, 0xCC, 0xE9, 0x6C, 0x3B, 0x5B, 0xBF, 0xD8, 0x2B, 0x25, 0xF1, 0x1D, 0x5E, 0xC3,
    0xC1, 0xFB, 0x9B, 0xB9, 0x2F, 0xFA, 0x1A, 0xC4, 0x09, 0x0A, 0x0D, 0x59, 0x21, 0xA1, 0xDD, 0x91,
    0x80, 0xAC, 0xF8, 0xF3, 0x3E, 0xA5, 0x4D, 0xFD, 0xBA, 0x82, 0xD2, 0x63, 0x04, 0x47, 0x21, 0xF2,
    0xC9, 0x0A, 0x3F, 0x14, 0x10, 0xCD, 0xB8, 0x3E, 0x65, 0x04, 0x17, 0xC0, 0xB9, 0x08, 0x6F, 0xAE,
    0x13, 0x63, 0xA4, 0xC6, 0x4A, 0xCC, 0xA5, 0x52, 0x8D, 0x72, 0x7B, 0xF6, 0xB0, 0x2D, 0x01, 0x94,
    0xCF, 0xF0, 0x37, 0x5F, 0x84, 0x16, 0xAB, 0x1C, 0xD8, 0xFA, 0x11, 0x28, 0x8B, 0x9E, 0xCB, 0x2A,
    0xEE, 0xDC, 0x0E, 0x9F, 0xCB, 0x6B, 0xCB, 0x6A, 0xDC, 0xC6, 0x05, 0x86, 0x92, 0xB2, 0x2B, 0x01,
    0x0E, 0xC9, 0x48, 0xD5, 0xF9, 0xBA, 0x07, 0x62, 0xD9, 0xBA, 0xA3, 0x6B, 0x19, 0x6B, 0xD5, 0x98,
    0x8E, 0x4F, 0xB3, 0xA0, 0xAF, 0x23, 0x7A, 0x0A, 0x8F, 0x4A, 0x9C, 0x54, 0x6F, 0x91, 0x64, 0x56,
    0x2E, 0x98, 0xD5, 0x00, 0x19, 0x6D, 0x22, 0x98, 0x9C, 0xAB, 0xFD, 0xEC, 0x99, 0xFC, 0xC0, 0x29,
    0x4F, 0x3C, 0x97, 0x4B, 0xFA, 0x1A, 0xA6, 0xE6, 0xE7, 0x0F, 0x4E, 0x37, 0x87, 0xA8, 0x65, 0x10,
    0x39, 0xC7, 0xDA, 0x5D, 0x97, 0x99, 0x97, 0x7D, 0x88, 0x45, 0x6A, 0x4C, 0x6E, 0xBC, 0xDE, 0x13,
    0x75, 0x03, 0x47, 0x8F, 0xF1, 0xF0, 0x6A, 0x86, 0x68, 0x3C, 0x27, 0x4D, 0x53, 0xCC, 0xAC, 0x95,
    0x2F, 0xAE, 0xB8, 0xEA, 0x3D, 0xAC, 0x9A, 0xFD, 0xF4, 0xAF, 0xAB, 0x9F, 0xD6, 0xFC, 0xE3, 0x99,
    0xA8, 0x56, 0x88, 0x2A, 0x1B, 0xDB, 0xF4, 0x4A, 0x69, 0x43, 0xAC, 0x75, 0x7E, 0x14, 0x02, 0xFB,
    0x2C, 0xBC, 0xF0, 0x68, 0x16, 0xBE, 0x1A, 0xD5, 0x9C, 0xB1, 0xDB, 0xFD, 0x1E, 0x91, 0x24, 0xFD,
    0xD8, 0x52, 0xFD, 0xD6, 0xF9, 0xC7, 0x14, 0x58, 0x33, 0x62, 0x69, 0xBE, 0x53, 0x3F, 0xF3, 0x35,
    0x04, 0xF1, 0x39, 0xFC, 0xFC, 0x3C, 0xD2, 0xCF, 0x73, 0x68, 0x08, 0xBE, 0x80, 0x43, 0xFD, 0x6C,
    0x08, 0x0E, 0x2A, 0xD1, 0xAB, 0x9E, 0x4D, 0xB1, 0x5E, 0x55, 0x08, 0x68, 0x1D, 0xD9, 0xA7, 0x14,
    0x6A, 0x54, 0x19, 0x68, 0x6E, 0x91, 0x49, 0xBB, 0x9B, 0x4E, 0xC1, 0x5C, 0x01, 0xFC, 0x14, 0x9A,
    0x49, 0x65, 0x1F, 0x8A, 0x3E, 0x0C, 0xF8, 0xD0, 0xE5, 0xEB, 0xF5, 0xC7, 0xA8, 0xAE, 0x21, 0x12,
    0x1C, 0xE4, 0xF4, 0x3A, 0x0E, 0xD3, 0x9E, 0x9C, 0xD6, 0xC8, 0x2D, 0x36, 0x62, 0x1F, 0xD2, 0xFB,
    0xD0, 0x6E, 0xAC, 0x26, 0x2D, 0x83, 0x4B, 0x48, 0x47, 0xBB, 0xBE, 0x39, 0x11, 0xAA, 0xD7, 0xB7,
    0xCF, 0x71, 0x50, 0xC4, 0xA9, 0x24, 0xEE, 0x3E, 0x30, 0xBE, 0x7F, 0x2C, 0x91, 0xD0, 0xFC, 0xE1,
    0x3D, 0x00, 0xEF, 0xAA, 0xB1, 0x02, 0x0B, 0x67, 0x70, 0x34, 0x66, 0xD0, 0xB8, 0x99, 0xC6, 0x5E,
    0x05, 0xF0, 0xCC, 0x21, 0x05, 0x1E, 0x4E, 0x42, 0x72, 0x3A, 0x4E, 0x94, 0x78, 0x3C, 0x65, 0xC4,
    0xC9, 0x5D, 0x32, 0xD3, 0xB9, 0x5E, 0xF8, 0x16, 0xCF, 0x75, 0x72, 0x10, 0xAA, 0x3C, 0x5B, 0xC9,
    0x8F, 0xC3, 0x6B, 0xF4, 0x54, 0xEA, 0xB5, 0x43, 0xF6, 0x8B, 0x25, 0xBC, 0xEB, 0x6D, 0x21, 0xFC,
    0x19, 0x8C, 0x1F, 0x43, 0x49, 0x3D, 0x83, 0x46, 0xEA, 0x40, 0xB7, 0xF1, 0x5F, 0x58, 0xBE, 0x51,
    0x3B, 0xCA, 0x43, 0x66, 0x0C, 0xCC, 0x9B, 0x7E, 0x93, 0x26, 0x90, 0x36, 0xC6, 0x70, 0xF6, 0x32,
    0x6F, 0xCC, 0xCD, 0xD9, 0xE6, 0xE3, 0x06, 0xBD, 0x86, 0x0C, 0xA7, 0x98, 0x31, 0x8A, 0x5A, 0x40,
    0x7C, 0xEF, 0xA3, 0x90, 0xC0, 0x21, 0x9D, 0x0B, 0xE1, 0x51, 0x18, 0x1F, 0xA1, 0xFD, 0x0E, 0x53,
    0xEF, 0x52, 0x6C, 0xE9, 0x1F, 0x3E, 0x07, 0x97, 0x4E, 0x69, 0x94, 0x13, 0x9F, 0x41, 0xAE, 0x07,
    0x7E, 0x2C, 0x1D, 0x74, 0x6D, 0x5F, 0x5A, 0xB4, 0xBE, 0x01, 0xAB, 0x33, 0x1D, 0x78, 0xB3, 0x17,
    0x42, 0x77, 0xF7, 0x9D, 0x95, 0x63, 0xE0, 0x7E, 0xAD, 0x52, 0x43, 0x56, 0xF2, 0x1C, 0x7E, 0x9E,
    0xFD, 0x26, 0x36, 0xD8, 0x8B, 0x92, 0xF6, 0xE4, 0x93, 0x97, 0x9E, 0x56, 0x8B, 0x6F, 0xBC, 0x81,
    0x0C, 0x38, 0x43, 0x74, 0x38, 0x45, 0x5A, 0x44, 0xED, 0xF9, 0x0A, 0xB8, 0x2F, 0xBC, 0x50, 0x83,
    0xCC, 0x83, 0x95, 0x33, 0xA8, 0x50, 0x54, 0x4C, 0x55, 0x46, 0x47, 0xCA, 0xF9, 0x6F, 0xA9, 0x14,
    0xA7, 0xBD, 0x80, 0x0C, 0x90, 0x6E, 0x35, 0x14, 0x14, 0xCB, 0xF4, 0x1A, 0x0A, 0xBA, 0xF0, 0x73,
    0x52, 0x15, 0xC2, 0x5B, 0xAB, 0xAE, 0xFF, 0x31, 0x36, 0x78, 0x0A, 0xFE, 0xAE, 0xA0, 0xA4, 0x64,
    0x7D, 0xDC, 0x34, 0x0C, 0x99, 0x38, 0xF2, 0xD5, 0xCC, 0xF3, 0x9E, 0xF9, 0xBA, 0x17, 0x95, 0x07,
    0xCC, 0x9C, 0xCF, 0xC2, 0xDF, 0xC1, 0x32, 0xB2, 0xDC, 0x2C, 0x4C, 0xA6, 0x42, 0x5E, 0x21, 0x94,
    0xE4, 0x6C, 0xA8, 0x3B, 0x15, 0xBC, 0xA0, 0x1C, 0x46, 0xF0, 0x3B, 0x0E, 0x9E, 0xCA, 0xB1, 0xD4,
    0xD5, 0x3F, 0xBD, 0x1D, 0x29, 0x82, 0xD2, 0x0B, 0xF8, 0xA7, 0x85, 0x7C, 0xA4, 0xE9, 0x1A, 0x2D,
    0x02, 0x52, 0xD4, 0x12, 0xCC, 0x29, 0x52, 0x6C, 0x47, 0xD8, 0xA0, 0x2C, 0x98, 0xB1, 0xE1, 0xC0,
    0x39, 0x22, 0xC9, 0x96, 0x4B, 0xC7, 0xD7, 0x85, 0x35, 0x57, 0x99, 0x43, 0x46, 0xF0, 0x95, 0x25,
    0xB0, 0xBF, 0x3D, 0x80, 0x37, 0x58, 0x33, 0x4D, 0x5B, 0x84, 0x98, 0xCA, 0x1D, 0xBF, 0x8D, 0x77,
    0xBF, 0x1F, 0x29, 0x24, 0xF9, 0x0F, 0xC3, 0xFF, 0x0A, 0x89, 0x3B, 0xFF, 0xE0, 0x4F, 0xE1, 0xAD,
    0x1F, 0xFA, 0xCA, 0xB8, 0x7A, 0xD3, 0x2B, 0xCB, 0x55, 0xFF, 0x8E, 0x23, 0xD1, 0xBD, 0xEA, 0x03,
    0x51, 0x74, 0xD1, 0x7F, 0xF0, 0x48, 0xF4, 0x88, 0x2A, 0x3C, 0x1D, 0x1D, 0x51, 0x43, 0x5F, 0x6D,
    0x54, 0xFC, 0xBD, 0x7F, 0xF9, 0xEC, 0x27, 0xFD, 0xE4, 0xBE, 0xDF, 0x7F, 0x0F, 0xA4, 0xFF, 0xE9,
    0xB7, 0xFE, 0x19, 0xEC, 0xF7, 0x8F, 0x3C, 0x02, 0xB0, 0xEF, 0x0E, 0x63, 0xD3, 0x73, 0x41, 0x0D,
    0x59, 0x0F, 0xF5, 0xCF, 0x80, 0xF3, 0xF2, 0x27, 0x69, 0x87, 0xB0, 0x6F, 0xD5, 0x62, 0x50, 0x09,
    0x90, 0x48, 0xBB, 0xCE, 0x42, 0xF7, 0x44, 0x36, 0x3B, 0xD1, 0x5D, 0x74, 0x07, 0xB2, 0x3D, 0x23,
    0x6E, 0x11, 0xF5, 0xAA, 0x80, 0x7F, 0x45, 0xB2, 0x76, 0x16, 0xA0, 0x7B, 0x18, 0xB2, 0x59, 0x18,
    0xEE, 0x86, 0xA2, 0x0B, 0x83, 0x3D, 0xD0, 0x33, 0x00, 0x4E, 0x91, 0xD1, 0x83, 0x71, 0x29, 0x55,
    0xCE, 0x2F, 0x79, 0x75, 0x6F, 0xD9, 0xAB, 0xE7, 0x6A, 0x34, 0x2E, 0xDD, 0x90, 0x0F, 0x76, 0x05,
    0x9E, 0x3F, 0xA7, 0xA7, 0xAE, 0x28, 0x93, 0x37, 0x4D, 0x1A, 0xAD, 0x75, 0x1A, 0x9C, 0x29, 0x48,
    0xF5, 0x42, 0x22, 0x79, 0x0D, 0xB9, 0xA6, 0x31, 0xED, 0xB8, 0x8B, 0x52, 0xE3, 0x51, 0xD2, 0x27,
    0xD2, 0x9B, 0x90, 0x67, 0xB9, 0xB3, 0x17, 0x74, 0x13, 0xA7, 0x70, 0xEA, 0x28, 0x26, 0x22, 0x98,
    0x7D, 0x87, 0xEB, 0x9F, 0x47, 0xE0, 0x28, 0x46, 0xEE, 0x55, 0x29, 0x9C, 0x79, 0x08, 0xAD, 0xF3,
    0x65, 0x94, 0xEE, 0x17, 0x58, 0x2C, 0x72, 0xBD, 0xF1, 0xBA, 0xC3, 0x98, 0xEF, 0x67, 0x06, 0x5A,
    0x6B, 0x91, 0x09, 0x95, 0x96, 0xC4, 0x84, 0x67, 0x9D, 0x8B, 0x3C, 0x0A, 0x3F, 0x44, 0x2B, 0xFB,
    0x2E, 0xC4, 0x29, 0xDE, 0xBC, 0x7A, 0x3F, 0x9E, 0x7B, 0x10, 0x04, 0x5A, 0x1A, 0xE3, 0xC2, 0x84,
    0xDD, 0x0B, 0xFB, 0x51, 0x7D, 0xF1, 0xA2, 0x3A, 0x9E, 0x4B, 0x90, 0xFB, 0x51, 0xB9, 0xE5, 0xE8,
    0xCC, 0x90, 0x11, 0x88, 0x64, 0x5A, 0x73, 0xD9, 0xBC, 0x73, 0xC5, 0x40, 0x1F, 0xCA, 0x55, 0xED,
    0xAA, 0xDB, 0xB8, 0xBF, 0x82, 0xCA, 0x6A, 0x80, 0x9A, 0x9B, 0xDC, 0x47, 0xDE, 0x9B, 0x73, 0xA2,
    0xCF, 0x11, 0xBC, 0xA4, 0xEE, 0xF4, 0x80, 0x24, 0x49, 0x0D, 0xC5, 0x54, 0xAC, 0x9B, 0x77, 0x21,
    0xF8, 0x8D, 0x9C, 0x45, 0xB8, 0xF1, 0xAC, 0xCC, 0x9D, 0xB4, 0x89, 0x9B, 0xAF, 0xF3, 0xEB, 0x68,
    0x37, 0x45, 0x4E, 0x8C, 0x20, 0x63, 0x44, 0xF2, 0xEB, 0xCA, 0x97, 0xCD, 0xAF, 0xDB, 0xAA, 0x8D,
    0xC0, 0x66, 0x38, 0xFC, 0x4A, 0xD6, 0x44, 0x96, 0x55, 0xE0, 0x01, 0xD6, 0x3B, 0x3B, 0x9B, 0xBD,
    0x76, 0xF9, 0x75, 0xDD, 0x96, 0x0D, 0x0E, 0x12, 0x6F, 0x86, 0x4B, 0xFC, 0x4B, 0x9A, 0xAE, 0xAD,
    0xBB, 0x25, 0xCD, 0x50, 0x71, 0xA2, 0x38, 0x31, 0x71, 0x74, 0x72, 0xA2, 0x38, 0x3A, 0x51, 0x1C,
    0x2C, 0x0E, 0x5D, 0x79, 0x4B, 0x1A, 0x19, 0x29, 0x36, 0x44, 0x3F, 0x0E, 0xDA, 0x4B, 0x41, 0x6E,
    0x8A, 0x76, 0x3F, 0xC5, 0x75, 0xFA, 0x17, 0xE3, 0x09, 0x02, 0x62, 0xB9, 0x6C, 0xD6, 0xFA, 0x55,
    0xD9, 0x1C, 0xE1, 0x8D, 0x57, 0xC5, 0x77, 0x28, 0x38, 0xF4, 0x95, 0x1F, 0xB4, 0xA1, 0x4F, 0x9B,
    0xF1, 0xB0, 0x3D, 0xFB, 0xC8, 0xAE, 0x73, 0xCC, 0xC4, 0xB3, 0xF7, 0xD6, 0xDA, 0xB0, 0x77, 0x2B,
    0x06, 0x52, 0x66, 0xDD, 0x6A, 0x4F, 0xCD, 0xBB, 0xB0, 0x56, 0x6A, 0xDE, 0x7F, 0xAF, 0x9F, 0x3C,
    0xD6, 0xB5, 0xD5, 0x2B, 0x48, 0xAF, 0x13, 0x6A, 0x3F, 0x1E, 0xF1, 0xDB, 0x92, 0x85, 0xDC, 0x8C,
    0xA0, 0x6D, 0xC9, 0x78, 0x7A, 0x1D, 0xBC, 0xED, 0x6F, 0xF1, 0x84, 0xAF, 0x79, 0x68, 0xA3, 0x45,
    0x68, 0xD8, 0x11, 0x43, 0xDC, 0x16, 0x77, 0x55, 0x5A, 0xD2, 0xB9, 0x8D, 0x46, 0x28, 0x14, 0x97,
    0x16, 0x7F, 0x45, 0x5A, 0xDC, 0x2E, 0xF6, 0x42, 0x9B, 0x21, 0x1F, 0x6C, 0x76, 0x57, 0x84, 0xA6,
    0xFF, 0xDC, 0x07, 0xB3, 0x9A, 0xD7, 0x7D, 0x5D, 0xAD, 0xD5, 0xF0, 0xF5, 0x45, 0x31, 0x5A, 0x62,
    0x74, 0xBB, 0x97, 0x35, 0x26, 0x18, 0x1E, 0x12, 0x2D, 0x29, 0x56, 0xB1, 0xBA, 0x68, 0x57, 0x21,
    0x84, 0x84, 0x72, 0xCA, 0xB3, 0x9C, 0x2E, 0xDA, 0x43, 0x1B, 0xE4, 0x21, 0x3C, 0x03, 0x70, 0x23,
    0x2C, 0x23, 0x14, 0xFD, 0xFF, 0xBC, 0x04, 0xC7, 0x15, 0xC9, 0xFD, 0xAE, 0xAB, 0xAF, 0x41, 0x44,
    0xED, 0x31, 0xE2, 0x8F, 0xD6, 0x7D, 0x60, 0x67, 0x48, 0x3C, 0x5E, 0xDE, 0x06, 0x21, 0x0D, 0x8A,
    0x34, 0xE0, 0x2B, 0xAC, 0xB9, 0x11, 0x83, 0x3C, 0xA7, 0x37, 0x8F, 0x10, 0xEE, 0x5B, 0x18, 0x69,
    0x3A, 0xD7, 0x5B, 0x39, 0xB4, 0xF9, 0xA7, 0x56, 0x67, 0x32, 0x6F, 0xAA, 0xE6, 0xB7, 0xB1, 0x2D,
    0x87, 0x59, 0x7F, 0x95, 0x9C, 0xFE, 0x02, 0x33, 0x5C, 0xEF, 0x78, 0x9B, 0x32, 0xD8, 0x51, 0xAD,
    0xA8, 0x35, 0x00, 0x9B, 0x9D, 0xD3, 0x2F, 0x1B, 0x6C, 0x8A, 0x08, 0x91, 0xAD, 0x35, 0x65, 0x5F,
    0x4D, 0x61, 0xF2, 0x9A, 0xC7, 0x57, 0x77, 0x6A, 0x1F, 0xDB, 0xD6, 0x66, 0x54, 0x5A, 0xEF, 0x6F,
    0xBE, 0x0D, 0x6E, 0xB7, 0x2C, 0x8D, 0x5C, 0x36, 0x2D, 0xD5, 0xFB, 0x83, 0xC2, 0xB2, 0x48, 0xF1,
    0x91, 0xED, 0xC9, 0x6C, 0xD7, 0x9B, 0x74, 0xE9, 0x0C, 0x00, 0xDD, 0x90, 0xEC, 0x62, 0x0A, 0xB7,
    0x84, 0x71, 0x38, 0xCF, 0x57, 0x57, 0x47, 0x27, 0xBA, 0x8C, 0x97, 0x3D, 0xEF, 0xEB, 0xEC, 0x2B,
    0xCF, 0x24, 0x08, 0x77, 0xDF, 0x14, 0x09, 0xE1, 0x97, 0x5F, 0x23, 0x26, 0x7D, 0x8F, 0x42, 0xDD,
    0xF7, 0x46, 0xA0, 0xFB, 0x5E, 0xFC, 0xD9, 0x76, 0xC8, 0x37, 0x6C, 0x46, 0x9D, 0xBD, 0x2A, 0xA3,
    0x4E, 0xEF, 0x64, 0x0E, 0xB4, 0xF0, 0x5D, 0xF7, 0xDF, 0xF4, 0x3B, 0xF7, 0x53, 0xF3, 0x93, 0x5A,
    0x2D, 0x44, 0xCF, 0xB1, 0x05, 0x34, 0x7C, 0x45, 0x5B, 0xF7, 0xEA, 0xB7, 0x5F, 0xBD, 0x7C, 0x6D,
    0x29, 0x98, 0xC8, 0x05, 0x93, 0x79, 0x7F, 0xD4, 0xDD, 0xB6, 0xCD, 0x5C, 0x9B, 0x43, 0x4A, 0x3B,
    0x1D, 0xD3, 0xEE, 0xCB, 0xCB, 0xD5, 0x56, 0xBC, 0xA0, 0x4F, 0x4F, 0x5C, 0xF3, 0xC4, 0x66, 0xF6,
    0x86, 0xAC, 0x6A, 0x24, 0xBF, 0x5A, 0xA1, 0x10, 0x74, 0x1B, 0x03, 0xE9, 0x38, 0x6C, 0x58, 0x85,
    0xC5, 0x39, 0x20, 0x08, 0xDF, 0x7D, 0x5A, 0x0E, 0x64, 0x37, 0xB1, 0x3D, 0x6D, 0x84, 0x30, 0x5E,
    0x85, 0xCD, 0xA2, 0xF9, 0x31, 0x1F, 0x35, 0x43, 0x84, 0x47, 0x9B, 0x45, 0x3C, 0xCB, 0x9E, 0x52,
    0xE8, 0x08, 0xC0, 0x49, 0xE2, 0xAD, 0x23, 0x34, 0xC5, 0x5C, 0x0C, 0xD0, 0xEF, 0xC3, 0x84, 0xE7,
    0x14, 0xB4, 0xBD, 0x3F, 0xA4, 0xEC, 0x79, 0xFA, 0x5F, 0x7C, 0xE4, 0x72, 0x6D, 0x36, 0x4D, 0x3A,
    0x37, 0xFF, 0x0B, 0x2C, 0xB5, 0xF9, 0xFF, 0x73, 0x83, 0x7E, 0x26, 0x3A, 0xED, 0x09, 0x44, 0x5A,
    0x79, 0x4F, 0xC8, 0xDA, 0x4C, 0x92, 0x1D, 0x7D, 0x9D, 0x76, 0xB9, 0x37, 0x29, 0x56, 0x3B, 0x3A,
    0x35, 0xB5, 0x6A, 0xEA, 0xDD, 0xAE, 0x75, 0xE7, 0x1B, 0xD3, 0x73, 0xAF, 0xDA, 0x4C, 0x4A, 0x32,
    0x12, 0xDA, 0x6C, 0xB6, 0xD9, 0x8C, 0xA5, 0x76, 0x9A, 0x86, 0xCF, 0x2E, 0x71, 0xF2, 0xD9, 0x7B,
    0x89, 0xC4, 0xA9, 0xBD, 0x5E, 0xDA, 0x8B, 0x75, 0x93, 0xCC, 0x36, 0xF6, 0xD9, 0xCD, 0xD9, 0x0C,
    0x8F, 0x2D, 0xF0, 0xA4, 0x19, 0x9E, 0x12, 0xC1, 0x43, 0x30, 0x64, 0x19, 0x86, 0x2C, 0xC3, 0x60,
    0xCC, 0x48, 0xF2, 0x9F, 0xE4, 0x14, 0xE9, 0xBE, 0xB9, 0x0A, 0x79, 0x4F, 0xDC, 0xA5, 0xEE, 0x8D,
    0x98, 0x6D, 0x97, 0xDD, 0x32, 0xCF, 0x6A, 0xDF, 0x32, 0xEF, 0x21, 0xBE, 0xB4, 0xB6, 0xCC, 0x5B,
    0xF7, 0xD8, 0x11, 0x36, 0x90, 0xA5, 0xFB, 0xD9, 0x3C, 0xA9, 0x15, 0x1C, 0x62, 0xFB, 0xDD, 0x00,
    0x87, 0xCE, 0xF1, 0x66, 0xBB, 0x6D, 0xD9, 0x22, 0x5D, 0x9B, 0xB8, 0x87, 0x43, 0xD3, 0xA1, 0x1E,
    0xD7, 0xA3, 0x87, 0x18, 0x1D, 0xF6, 0x32, 0x65, 0x4D, 0xD0, 0x88, 0x24, 0x59, 0xED, 0x74, 0x2F,
    0x5E, 0xD9, 0x17, 0x73, 0x83, 0xB9, 0x2B, 0x86, 0xFA, 0x26, 0x8E, 0x7A, 0x95, 0x71, 0x95, 0x1D,
    0xEA, 0x39, 0xDA, 0x15, 0x26, 0x43, 0x6B, 0x01, 0x4E, 0x23, 0xE3, 0x3D, 0xD6, 0xFC, 0x47, 0x68,
    0xA3, 0xFC, 0x1A, 0xE4, 0x57, 0x5A, 0x34, 0x61, 0x75, 0xF7, 0x8F, 0xBE, 0xB3, 0x18, 0xBE, 0x63,
    0x7A, 0x18, 0x06, 0x86, 0xB2, 0x47, 0xB3, 0x61, 0x9A, 0x22, 0x7A, 0x57, 0x7A, 0xAA, 0x8F, 0x1F,
    0x1D, 0x65, 0xF9, 0x57, 0xE0, 0x81, 0xEB, 0xF5, 0xC1, 0x08, 0x18, 0xDD, 0x41, 0x87, 0xD3, 0x54,
    0x1C, 0x4E, 0xFE, 0xB0, 0xB7, 0x30, 0x93, 0xA7, 0xEF, 0x6E, 0x16, 0x37, 0x8F, 0xB2, 0xB6, 0xC5,
    0x2E, 0x83, 0xF1, 0xBE, 0x95, 0x83, 0xDC, 0xC5, 0xB0, 0x25, 0x19, 0xB6, 0xE4, 0x4D, 0xBE, 0x71,
    0x3A, 0xE3, 0xD0, 0xFF, 0x70, 0xAC, 0x88, 0x39, 0x8A, 0xC3, 0x18, 0x26, 0x11, 0x3A, 0xED, 0xD1,
    0x0C, 0x62, 0xA5, 0x1F, 0x2B, 0x85, 0x47, 0x21, 0x01, 0x3B, 0x0F, 0x0B, 0xE4, 0xBC, 0xA3, 0x5E,
    0x20, 0x59, 0x6A, 0x4C, 0x49, 0xD3, 0xB1, 0x64, 0x92, 0x0E, 0x64, 0x35, 0x26, 0x12, 0x0A, 0x7A,
    0x77, 0xFB, 0xF4, 0xFF, 0x77, 0xC1, 0xF9, 0xAE, 0xFE, 0x6F, 0xAB, 0x7E, 0x2C, 0xA5, 0xC7, 0xEF,
    0x4C, 0x5B, 0x09, 0x6D, 0x04, 0xEE, 0xD6, 0xB6, 0x5D, 0x3E, 0x6C, 0x29, 0x17, 0x71, 0x1E, 0xEA,
    0xAC, 0xB8, 0xDA, 0xED, 0xCC, 0x7C, 0xCB, 0xF3, 0xBE, 0x9A, 0xCC, 0xFC, 0x4D, 0x72, 0x9D, 0xD0,
    0x06, 0xBD, 0xDE, 0x24, 0x12, 0xF6, 0xF4, 0x41, 0x0C, 0xCB, 0x5B, 0x8E, 0xA6, 0xD4, 0x0A, 0xF8,
    0xED, 0x6D, 0x82, 0xFF, 0x6A, 0xF8, 0x65, 0x82, 0xF8, 0x65, 0xEE, 0x1E, 0x1A, 0xFC, 0xB7, 0x72,
    0x92, 0x7A, 0xB1, 0x42, 0x1D, 0x1A, 0xE6, 0xEE, 0x0D, 0x72, 0x99, 0x65, 0x7E, 0x99, 0x6D, 0x3A,
    0xAC, 0x73, 0x2A, 0x01, 0xD7, 0xB2, 0x0F, 0x1F, 0xDD, 0xF8, 0x9F, 0xD2, 0xB3, 0x67, 0x24, 0xDA,
    0x34, 0x10, 0x47, 0x03, 0x3D, 0xFB, 0x3A, 0xA8, 0x6D, 0xE2, 0x13, 0xED, 0x97, 0x1B, 0x45, 0xDA,
    0xC6, 0x0C, 0x3F, 0x1D, 0x28, 0x3F, 0x1D, 0x8F, 0x10, 0x24, 0x77, 0x6B, 0x3A, 0xDB, 0x40, 0xA0,
    0x61, 0x5B, 0xFB, 0x00, 0x9F, 0xAB, 0xE8, 0x35, 0xC2, 0xCE, 0xEB, 0xF4, 0x7F, 0xBE, 0xE7, 0xB6,
    0x68, 0x99, 0xEE, 0xFF, 0x01, 0x45, 0x4F, 0xB1, 0x4E, 0xC3, 0x30, 0x14, 0xBC, 0xC8, 0xA2, 0x91,
    0xB0, 0x8A, 0x3B, 0x04, 0x09, 0x55, 0x40, 0x32, 0x76, 0x88, 0x48, 0x07, 0x86, 0x0C, 0x45, 0x7E,
    0x12, 0x23, 0x03, 0x2C, 0xDD, 0xFB, 0x11, 0x45, 0xEA, 0xD0, 0x36, 0x86, 0x2F, 0xC8, 0x27, 0x74,
    0x61, 0x62, 0xED, 0x82, 0x44, 0x13, 0x23, 0x46, 0x96, 0x7C, 0x82, 0x3F, 0x21, 0x43, 0xD5, 0x85,
    0x21, 0x38, 0x56, 0x23, 0x9E, 0xCE, 0xEF, 0xCE, 0xEF, 0x4E, 0x7A, 0xF6, 0xF0, 0x1D, 0x59, 0x83,
    0x00, 0x18, 0x76, 0xE2, 0x7C, 0x3A, 0xB5, 0xAA, 0xA1, 0x96, 0xED, 0x21, 0xD9, 0x34, 0xD5, 0x91,
    0xAD, 0x72, 0xDD, 0xC0, 0x95, 0xD3, 0xF6, 0xD6, 0x31, 0x8E, 0xE5, 0x91, 0x40, 0x8C, 0x39, 0xB6,
    0xD8, 0xA1, 0xC0, 0x02, 0x21, 0x24, 0x25, 0x24, 0x88, 0xA3, 0x8F, 0x14, 0x39, 0xB8, 0x0A, 0xB5,
    0xD0, 0xBE, 0x66, 0x8A, 0xDB, 0x5C, 0x84, 0x11, 0x32, 0xAC, 0xB1, 0xB4, 0xDE, 0x25, 0x38, 0x3C,
    0xE5, 0x91, 0x12, 0x4C, 0xC5, 0x67, 0x98, 0xC7, 0xD8, 0xDE, 0x61, 0x27, 0x51, 0x48, 0x5A, 0x5C,
    0x23, 0xF4, 0xB5, 0x7C, 0xD4, 0xC9, 0x83, 0x16, 0xF7, 0x9A, 0x33, 0xDD, 0xF7, 0x91, 0x5E, 0x21,
    0x8F, 0xC0, 0x5F, 0xAB, 0xF0, 0xC7, 0x88, 0xEF, 0x9A, 0x7D, 0x19, 0xF6, 0x52, 0x59, 0x2B, 0xE6,
    0x88, 0x2E, 0x30, 0x3A, 0x45, 0x96, 0xA8, 0x75, 0x42, 0xCB, 0x9B, 0x36, 0x69, 0x87, 0x9C, 0x29,
    0x4F, 0xE5, 0xB8, 0x85, 0x7D, 0x55, 0xDB, 0xC7, 0x08, 0xC6, 0x33, 0x59, 0xEE, 0x83, 0xF1, 0xC0,
    0x6E, 0xC7, 0xA7, 0x83, 0xB5, 0x52, 0xE7, 0xBA, 0x40, 0x8B, 0xC8, 0x61, 0xE0, 0x3E, 0xB7, 0x01,
    0x6A, 0xD7, 0x9F, 0x10, 0xCD, 0xF2, 0xE2, 0xD7, 0x0C, 0x36, 0xD4, 0x4E, 0xEA, 0xCE, 0x72, 0xE2,
    0xE3, 0x60, 0x9E, 0xDF, 0x8C, 0xCD, 0xFC, 0x0F, 0x81, 0x1E, 0x49, 0x53, 0xD6, 0xE5, 0x3E, 0xAB,
    0xA5, 0xE9, 0xD1, 0xA4, 0x58, 0x05, 0x13, 0x08, 0x30, 0x55, 0x20, 0x51, 0xBC, 0x5A, 0x21, 0x24,
    0xAE, 0x03, 0x9C, 0xC0, 0xC3, 0x1F, 0xD5, 0x5B, 0x4F, 0x6C, 0x1C, 0x59, 0x5A, 0xFF, 0x5E, 0xD5,
    0xD8, 0x65, 0xA7, 0x6C, 0x57, 0x84, 0xBC, 0x28, 0x9B, 0xC4, 0xA9, 0x20, 0x8C, 0x36, 0xC3, 0xDA,
    0xA9, 0x86, 0x35, 0x1A, 0x2F, 0xD8, 0xAE, 0x62, 0x10, 0xE2, 0x82, 0xC0, 0x42, 0x3B, 0x2C, 0xDA,
    0x39, 0x8C, 0x41, 0x8B, 0x84, 0x32, 0xD2, 0xDA, 0xAC, 0x22, 0xE4, 0x11, 0x4E, 0xBA, 0x66, 0x47,
    0xE2, 0x08, 0x7D, 0x18, 0xA4, 0x95, 0xF6, 0x80, 0xA5, 0xCD, 0x21, 0x98, 0x61, 0xD3, 0x12, 0x73,
    0xC8, 0x42, 0x92, 0xAE, 0x19, 0x0E, 0x1C, 0xB8, 0x14, 0x2C, 0xBB, 0x87, 0x1D, 0xB4, 0x53, 0x12,
    0x09, 0x22, 0xCC, 0x8A, 0x14, 0x52, 0xB3, 0x6B, 0x3B, 0xDD, 0xFD, 0xF8, 0xFE, 0xBC, 0xAA, 0xAE,
    0xB6, 0xDB, 0x99, 0x99, 0xC4, 0x3B, 0x93, 0xA9, 0xEA, 0x7A, 0xAF, 0x5D, 0xDD, 0xFD, 0xDE, 0xF7,
    0xBE, 0xEF, 0xF7, 0xFD, 0xAD, 0x67, 0x00, 0x73, 0x9C, 0x97, 0xEE, 0x4D, 0xE9, 0x6E, 0x49, 0xB7,
    0x24, 0xDD, 0x8C, 0x74, 0x53, 0xD2, 0x8D, 0x4B, 0x37, 0x02, 0xD5, 0xE3, 0xF9, 0x09, 0xEE, 0xFE,
    0xF1, 0xF7, 0xB8, 0x7B, 0xA7, 0xCD, 0x9D, 0xCE, 0xC1, 0xC6, 0xEE, 0x32, 0x80, 0x23, 0xDF, 0x72,
    0x07, 0xBB, 0x88, 0x3B, 0x07, 0x3B, 0x2B, 0x4A, 0x9C, 0x18, 0xC0, 0x7E, 0x35, 0xB1, 0xA9, 0x7B,
    0x2B, 0xC5, 0x6E, 0xC4, 0x4E, 0x32, 0x3B, 0x81, 0x49, 0x2B, 0xC9, 0xA9, 0x53, 0x69, 0xD3, 0x4A,
    0x90, 0x94, 0x6C, 0xC3, 0x4A, 0x54, 0x0F, 0xB2, 0x05, 0x95, 0xB8, 0x7F, 0x0E, 0xF9, 0xA2, 0x4A,
    0x66, 0x3C, 0xD8, 0xC5, 0x2E, 0xD4, 0xCF, 0xEB, 0x9B, 0x90, 0x84, 0x0F, 0xF5, 0x8D, 0x5D, 0x48,
    0x4E, 0xBF, 0xA6, 0xBD, 0x1C, 0x12, 0x50, 0x5D, 0x3B, 0x83, 0xA8, 0x20, 0xF3, 0x19, 0x98, 0x53,
    0x6D, 0xEF, 0xD7, 0x17, 0xB1, 0x75, 0xE3, 0x25, 0x38, 0x09, 0xA0, 0x00, 0xE6, 0x41, 0xB5, 0xC1,
    0x7D, 0x15, 0x16, 0xE7, 0xE1, 0x24, 0xBE, 0x89, 0xF1, 0x06, 0x7D, 0xF2, 0x84, 0xC7, 0xE9, 0x1D,
    0x08, 0x34, 0xF8, 0xDA, 0xCC, 0x7B, 0x45, 0x7D, 0x7D, 0x04, 0xC6, 0xDE, 0x9C, 0xBE, 0x36, 0xD3,
    0x9E, 0xD8, 0x82, 0xAF, 0x5B, 0xD1, 0xFC, 0x70, 0x7A, 0xF0, 0x18, 0x35, 0x24, 0x79, 0x31, 0x2C,
    0x96, 0x94, 0x94, 0x37, 0x23, 0xBA, 0x09, 0xC7, 0x4D, 0xDE, 0x16, 0xFC, 0x3B, 0xFC, 0x10, 0xAE,
    0xC0, 0xE7, 0x21, 0x75, 0xA2, 0x39, 0x9A, 0x14, 0x5F, 0xBB, 0xA0, 0xDE, 0x00, 0xEB, 0xBF, 0x18,
    0x0E, 0x5B, 0xA0, 0x12, 0x12, 0x1C, 0x4E, 0x1E, 0x1D, 0xEF, 0xE4, 0xC3, 0x56, 0x7C, 0xE9, 0x3A,
    0xB4, 0x3A, 0x50, 0xEF, 0x3C, 0x72, 0x14, 0x0B, 0xC0, 0x27, 0x22, 0x51, 0x62, 0xCB, 0x05, 0x9F,
    0xC6, 0x7E, 0x26, 0x9E, 0xF8, 0x6A, 0x34, 0x83, 0x83, 0xF7, 0x0A, 0x98, 0xE1, 0xF2, 0x7E, 0x07,
    0x66, 0xBF, 0x09, 0xCF, 0xF6, 0x20, 0xE8, 0x14, 0x20, 0x3E, 0x36, 0xE2, 0xBD, 0x28, 0x48, 0x6B,
    0x6B, 0xBF, 0xB4, 0x1D, 0xA6, 0xA4, 0x10, 0x4E, 0xEC, 0x65, 0xB3, 0xB5, 0x67, 0x37, 0xFC, 0x6C,
    0xF4, 0x43, 0x70, 0xE9, 0xD2, 0xF5, 0x56, 0x87, 0xD6, 0xAA, 0x62, 0x70, 0x32, 0x98, 0xCA, 0x88,
    0x09, 0x2B, 0x5F, 0x84, 0x50, 0x83, 0xDB, 0x26, 0x2D, 0x39, 0x65, 0xBE, 0xA7, 0x56, 0x7D, 0xAD,
    0xD3, 0x50, 0xEF, 0xC1, 0xCC, 0xEA, 0x81, 0x21, 0x14, 0x4E, 0x67, 0xD3, 0x15, 0x9B, 0x2B, 0xE9,
    0x5F, 0x96, 0xB9, 0x54, 0xDA, 0xBF, 0x80, 0xAE, 0xAC, 0x72, 0x35, 0xCC, 0x15, 0x9B, 0x8B, 0x8F,
    0x35, 0x4F, 0xEB, 0x2C, 0xC0, 0xF9, 0xA6, 0xBE, 0x50, 0x9D, 0xAC, 0x32, 0x47, 0x39, 0x36, 0x5E,
    0x50, 0x5C, 0xE9, 0x90, 0x8B, 0xE6, 0xD8, 0x36, 0x57, 0xD3, 0x18, 0x9A, 0x3A, 0x0E, 0x12, 0xE2,
    0x0F, 0xDC, 0x64, 0x34, 0xF2, 0xE3, 0xE7, 0xA2, 0x6D, 0xB8, 0x73, 0x2D, 0xCC, 0xAF, 0xC0, 0xAA,
    0x11, 0xAF, 0x0B, 0x1E, 0x9E, 0x2E, 0x9D, 0x91, 0x13, 0x39, 0xB1, 0x4D, 0x67, 0x62, 0x27, 0x16,
    0x9F, 0x2A, 0x51, 0x31, 0x9E, 0x04, 0x9F, 0x08, 0xFC, 0x18, 0x9E, 0x8B, 0x68, 0xF0, 0x3B, 0xD7,
    0x20, 0xCC, 0x11, 0xC8, 0x66, 0x90, 0x11, 0x36, 0x5B, 0xF8, 0xF2, 0xD8, 0xEC, 0x38, 0xFC, 0xB2,
    0xAB, 0xAF, 0xA8, 0xF2, 0x8A, 0xC1, 0xC2, 0x57, 0x0A, 0x68, 0x5F, 0x00, 0xE5, 0x1B, 0x08, 0xBD,
    0x76, 0x8E, 0x23, 0x60, 0x4F, 0x26, 0xCE, 0xFF, 0x6F, 0x1C, 0x07, 0x3F, 0xF5, 0x1A, 0xA4, 0x35,
    0x95, 0x83, 0xFE, 0x58, 0xC1, 0xAB, 0x85, 0x42, 0xD0, 0x31, 0xA8, 0x77, 0x12, 0xB0, 0x34, 0x9A,
    0x1F, 0x7C, 0x0F, 0xDF, 0x8E, 0xC9, 0xC2, 0xF1, 0x74, 0x8C, 0x3F, 0x34, 0xAB, 0x08, 0x76, 0x70,
    0x53, 0x04, 0x12, 0xDE, 0x66, 0xDE, 0x36, 0x64, 0x9E, 0x49, 0x9C, 0xE7, 0x2C, 0xCD, 0xB3, 0x83,
    0x73, 0x74, 0x8F, 0x98, 0x27, 0x24, 0xDB, 0x8A, 0x3F, 0xFC, 0x27, 0x9C, 0xE7, 0x21, 0x52, 0xAB,
    0x91, 0xB9, 0xF5, 0xB4, 0x3F, 0x07, 0x01, 0x7F, 0x5E, 0xAC, 0xB8, 0x9B, 0xC3, 0xCF, 0x23, 0x09,
    0x4E, 0xB7, 0xF8, 0xFD, 0x34, 0x2C, 0x20, 0xBC, 0x16, 0x91, 0x06, 0x3A, 0xE7, 0xF0, 0x9C, 0xE1,
    0x73, 0x12, 0x29, 0xA3, 0x73, 0x1C, 0xCF, 0x31, 0x3C, 0x69, 0x34, 0x2F, 0x79, 0x2E, 0xDE, 0x80,
    0xAB, 0xD7, 0xC3, 0xF6, 0x4A, 0x44, 0xEA, 0x35, 0xC6, 0xDF, 0x9F, 0x43, 0x02, 0x27, 0xF0, 0xFB,
    0xC5, 0x79, 0xC2, 0x9C, 0x2E, 0xB2, 0x16, 0x65, 0xB4, 0x6B, 0x75, 0x69, 0x62, 0x8B, 0x25, 0xBA,
    0x01, 0x77, 0xE8, 0xD7, 0x28, 0x0C, 0xD5, 0x60, 0x5B, 0x4F, 0x30, 0x80, 0x49, 0x02, 0x04, 0x8E,
    0x43, 0x47, 0xF0, 0xD7, 0xAC, 0x45, 0x1D, 0xD1, 0x25, 0x80, 0x2F, 0x23, 0x85, 0x60, 0x33, 0xB9,
    0x3E, 0xB7, 0x57, 0xD9, 0xA5, 0x64, 0x84, 0x07, 0x14, 0x0E, 0x0A, 0x94, 0x56, 0x38, 0x41, 0x26,
    0x03, 0xF5, 0x82, 0x5C, 0xC8, 0x2C, 0x38, 0xFB, 0xAB, 0x50, 0x43, 0x76, 0xEF, 0xE2, 0xDA, 0x60,
    0xE4, 0x16, 0x1B, 0xC8, 0x4D, 0xB2, 0x09, 0x56, 0x0E, 0x61, 0x43, 0xD5, 0x13, 0xD4, 0x56, 0x8D,
    0x42, 0x73, 0x34, 0x71, 0x0A, 0xD6, 0xEF, 0xF7, 0x4D, 0x08, 0x69, 0xA9, 0x47, 0x98, 0x7D, 0x8E,
    0x40, 0xBF, 0xC1, 0x13, 0x5E, 0x27, 0x16, 0x93, 0x07, 0x5B, 0xA1, 0x4F, 0x87, 0x79, 0x02, 0x45,
    0x0A, 0x87, 0x3C, 0x0A, 0x92, 0x31, 0x92, 0xF6, 0x34, 0x58, 0x77, 0x91, 0x00, 0x5B, 0xA7, 0x35,
    0x50, 0xAD, 0x76, 0x8D, 0x7C, 0x1E, 0x52, 0x02, 0x39, 0x0A, 0xDA, 0xCD, 0x82, 0x48, 0xB5, 0x62,
    0x54, 0xA4, 0xAE, 0x99, 0xBF, 0x9C, 0x5E, 0x40, 0xDF, 0x64, 0xD0, 0x2F, 0x17, 0xA0, 0x8F, 0x08,
    0xE2, 0x08, 0xEF, 0x78, 0x3D, 0x6A, 0xE1, 0x22, 0x10, 0x17, 0xC8, 0x33, 0x64, 0x18, 0x82, 0x22,
    0xD8, 0x21, 0x48, 0xA0, 0x8D, 0x9C, 0x3E, 0x40, 0x0E, 0xFA, 0xEE, 0x9B, 0x04, 0xA5, 0xD6, 0x8D,
    0xF8, 0x15, 0xF2, 0xA6, 0x1F, 0x5C, 0xC6, 0xF4, 0xDB, 0x26, 0x9F, 0x1B, 0xB8, 0x80, 0x85, 0xF2,
    0xBC, 0x60, 0x4E, 0x92, 0xF5, 0x39, 0xF0, 0x32, 0xB7, 0x8D, 0xAC, 0xAC, 0x1C, 0x63, 0x45, 0x44,
    0xC0, 0x6F, 0x7C, 0xB1, 0x50, 0x1E, 0xB1, 0x9F, 0x10, 0xC8, 0x0E, 0xCA, 0x21, 0x01, 0x20, 0x2E,
    0x21, 0x44, 0x69, 0x9F, 0xE9, 0xA2, 0x08, 0x76, 0xB4, 0x6E, 0x13, 0x0F, 0x48, 0x14, 0x50, 0xD7,
    0xBD, 0xD5, 0xF7, 0x35, 0x8C, 0x6B, 0xD2, 0x89, 0x1B, 0x50, 0xBB, 0xF2, 0xD7, 0xC6, 0xA0, 0x32,
    0xF4, 0xA9, 0x31, 0x21, 0x4C, 0x4D, 0x6E, 0x31, 0x11, 0x67, 0x85, 0x88, 0x56, 0x1C, 0x22, 0xFC,
    0xD6, 0x75, 0xCA, 0x44, 0x7C, 0x2D, 0x71, 0x91, 0x08, 0x1A, 0xAD, 0xA5, 0x7B, 0x6C, 0xA6, 0x07,
    0x29, 0xB1, 0x4C, 0x5C, 0x92, 0x8A, 0x81, 0x4F, 0xE4, 0x66, 0x3C, 0xF8, 0x95, 0x03, 0x62, 0x32,
    0x16, 0xCB, 0x4B, 0xFC, 0xC4, 0x1E, 0x26, 0x92, 0xE2, 0x68, 0x80, 0xD5, 0x66, 0x45, 0x67, 0x75,
    0x40, 0x70, 0x8D, 0x6F, 0x41, 0xD0, 0x85, 0x70, 0xB3, 0x08, 0xAB, 0x4A, 0x88, 0xC5, 0xF4, 0x35,
    0xA7, 0x43, 0x22, 0x9F, 0xAF, 0xC3, 0x02, 0x32, 0xD7, 0x85, 0x95, 0x3B, 0x10, 0x76, 0x20, 0x68,
    0xC3, 0x68, 0x83, 0x7E, 0x3B, 0xB6, 0x45, 0x1E, 0xAD, 0xFF, 0x5B, 0xAB, 0x30, 0x6A, 0x38, 0x63,
    0x10, 0xC1, 0x8F, 0x63, 0xFB, 0xB5, 0xD8, 0xFD, 0xB5, 0xC4, 0xD3, 0x89, 0xD7, 0x4D, 0xD5, 0xF6,
    0x1E, 0x00, 0x72, 0x7E, 0xB9, 0x3A, 0xCB, 0xB8, 0xFC, 0x25, 0x9A, 0x06, 0xE1, 0x16, 0x77, 0x27,
    0x7E, 0x72, 0xF2, 0x3D, 0x6A, 0xBE, 0x83, 0xC7, 0x31, 0x0B, 0x76, 0x7C, 0xD9, 0xEF, 0x86, 0x5B,
    0x27, 0x44, 0x00, 0x19, 0xE4, 0x88, 0xF7, 0xED, 0x33, 0x69, 0x90, 0x9C, 0x7B, 0x94, 0x04, 0x0E,
    0xC9, 0x50, 0xC1, 0x00, 0x2E, 0xA4, 0xB3, 0x45, 0x90, 0x23, 0x57, 0xE4, 0xA6, 0x2C, 0x2C, 0xB8,
    0x59, 0x84, 0x35, 0xC7, 0xCE, 0xC8, 0xC7, 0x21, 0xE2, 0x27, 0xCA, 0xDD, 0x67, 0xC0, 0x8F, 0xC2,
    0xE8, 0x5C, 0xF4, 0xA9, 0x76, 0xD8, 0xBE, 0x93, 0x9D, 0x1A, 0xA2, 0x1C, 0x48, 0xB2, 0x93, 0x90,
    0x1E, 0x39, 0x0D, 0x62, 0xB6, 0x8F, 0x90, 0xBD, 0x79, 0x48, 0xE8, 0x07, 0x98, 0xFD, 0x69, 0x9A,
    0x40, 0x69, 0xFD, 0x37, 0xA8, 0x2D, 0x38, 0x6B, 0x8E, 0x83, 0xD6, 0xF7, 0x29, 0x51, 0xD8, 0xE3,
    0x15, 0xC6, 0xFD, 0xEC, 0x64, 0x9B, 0xB9, 0x92, 0x08, 0x43, 0xFB, 0x0B, 0x1E, 0x27, 0x6D, 0x40,
    0x3F, 0x41, 0xEA, 0x3B, 0x01, 0x3E, 0xB6, 0x93, 0xA5, 0xFF, 0x15, 0x4F, 0x53, 0x70, 0xCF, 0x61,
    0xBB, 0x62, 0x69, 0xE6, 0x61, 0x8B, 0x27, 0x13, 0x77, 0x81, 0x2B, 0xCF, 0x0A, 0xAE, 0xFF, 0x21,
    0x27, 0x2C, 0xF8, 0x21, 0xFB, 0x12, 0x6C, 0x3F, 0x6D, 0xE9, 0x7B, 0x74, 0xEB, 0x1E, 0x8D, 0xB1,
    0xAC, 0x7A, 0x48, 0x46, 0x0E, 0x28, 0x36, 0x8C, 0x21, 0x82, 0xDC, 0xE4, 0x3B, 0x93, 0x20, 0xCC,
    0xA4, 0xE3, 0x02, 0xB3, 0x7B, 0x81, 0x7D, 0xF7, 0x02, 0x0A, 0x9B, 0x5A, 0x0A, 0x28, 0x16, 0x2B,
    0x89, 0xD6, 0x8A, 0xC8, 0x8D, 0x17, 0xE7, 0x71, 0x0A, 0x65, 0xEB, 0xFD, 0x1B, 0xE8, 0xE9, 0x35,
    0x01, 0x02, 0x4E, 0x68, 0x3D, 0x60, 0x84, 0x1C, 0xE2, 0x85, 0xA7, 0x91, 0x80, 0x40, 0xEB, 0xD7,
    0x71, 0xE1, 0x44, 0x3A, 0x90, 0x8F, 0xF1, 0xF7, 0xA2, 0x88, 0x43, 0x8B, 0x3A, 0x2D, 0xE0, 0x4A,
    0xE5, 0x37, 0xB3, 0xD4, 0xDC, 0x2E, 0x8D, 0xEA, 0xEC, 0x80, 0x51, 0x93, 0xF1, 0xEE, 0x02, 0x5C,
    0x6C, 0xE9, 0xFB, 0x5F, 0x40, 0x96, 0x08, 0x0C, 0x73, 0x68, 0xED, 0xFD, 0x26, 0xAC, 0xA3, 0xEB,
    0xB9, 0xDE, 0x4A, 0xC1, 0xEB, 0x7D, 0x1B, 0xC8, 0x2E, 0x55, 0xC0, 0x73, 0xEB, 0xF0, 0x78, 0xC7,
    0x20, 0x3F, 0x00, 0x09, 0xB9, 0x8A, 0x76, 0xB2, 0x92, 0x84, 0x7E, 0x1C, 0xF2, 0x03, 0x96, 0xD9,
    0xC1, 0xF6, 0x23, 0x95, 0xDF, 0xE3, 0x48, 0x48, 0x44, 0x72, 0x15, 0x4A, 0xC1, 0x97, 0xE9, 0xC4,
    0x81, 0xE3, 0x29, 0x13, 0x99, 0x71, 0x91, 0xE2, 0xF5, 0xAD, 0x76, 0x35, 0x1E, 0x38, 0x18, 0x8D,
    0x3D, 0x75, 0xC2, 0x7D, 0x94, 0x96, 0x3D, 0x8E, 0xE8, 0x59, 0x62, 0x61, 0x29, 0xC7, 0xB3, 0x87,
    0x53, 0xE1, 0xC7, 0x00, 0x06, 0x19, 0x5C, 0xCA, 0x72, 0x30, 0x0B, 0x23, 0x6F, 0x92, 0x71, 0x64,
    0x85, 0x01, 0x6C, 0xF3, 0x62, 0x2B, 0x0F, 0xD0, 0xE6, 0xEF, 0xF5, 0x35, 0xBC, 0x66, 0xC2, 0xAE,
    0xCB, 0x86, 0x33, 0x8B, 0xE6, 0x5A, 0x32, 0x61, 0xFC, 0x3C, 0x7E, 0x6B, 0x05, 0x96, 0x7F, 0xF7,
    0x5D, 0xCC, 0x59, 0xFF, 0x39, 0x09, 0xB5, 0x9D, 0x8E, 0xAC, 0x22, 0x3E, 0x1A, 0x24, 0x3D, 0x12,
    0xDD, 0x01, 0xB9, 0x7D, 0xA0, 0x79, 0x1B, 0x22, 0x75, 0x8A, 0x95, 0x4C, 0xB0, 0xF4, 0xC4, 0xF4,
    0x94, 0xC8, 0xF4, 0xD8, 0x17, 0x0B, 0x26, 0x1D, 0x93, 0xC9, 0xD2, 0xE7, 0x2A, 0x96, 0x2C, 0xDA,
    0x13, 0x79, 0xAB, 0x0E, 0x9C, 0xF4, 0x73, 0x38, 0x43, 0x92, 0xFD, 0xA3, 0x62, 0xFE, 0x13, 0x06,
    0xC5, 0x5E, 0x46, 0xC1, 0xBD, 0x68, 0xC0, 0xA8, 0xC1, 0xD3, 0x9C, 0x2C, 0xCE, 0xC9, 0xE1, 0xE7,
    0x5A, 0x09, 0xE7, 0x89, 0x45, 0x5C, 0x46, 0xC9, 0x1E, 0xFB, 0x22, 0xEB, 0x51, 0x75, 0x81, 0x27,
    0xA0, 0x8D, 0x0B, 0x00, 0xB9, 0xCC, 0x53, 0x2C, 0x75, 0xE8, 0xF1, 0x18, 0xF4, 0x57, 0xC2, 0x84,
    0xE9, 0x9A, 0x00, 0x7C, 0x83, 0xA7, 0x5C, 0xA1, 0x4C, 0xDE, 0x7E, 0x8B, 0xB0, 0x4B, 0x36, 0x23,
    0x1D, 0x23, 0xA5, 0xFE, 0xB3, 0x18, 0x3B, 0xCA, 0xA0, 0xA7, 0x25, 0xF5, 0x3F, 0x2F, 0x5D, 0x4D,
    0x8A, 0x03, 0x0B, 0x52, 0x2F, 0xA0, 0xCC, 0x28, 0x66, 0x4C, 0x13, 0xAC, 0x83, 0xFB, 0x2F, 0x76,
    0x18, 0xC0, 0xC5, 0x48, 0xCC, 0xA4, 0xD3, 0xAF, 0xF7, 0x67, 0x1F, 0x91, 0xD8, 0x67, 0xC2, 0x63,
    0xC5, 0x8B, 0xCE, 0x72, 0x54, 0x6E, 0xFF, 0x4B, 0xEB, 0x47, 0xBB, 0x8A, 0x7F, 0x90, 0x77, 0x78,
    0xEE, 0x77, 0xB3, 0x25, 0x72, 0xB3, 0xF7, 0x91, 0x1B, 0xE7, 0x4D, 0x31, 0xA2, 0x76, 0xA0, 0x5F,
    0x94, 0xE2, 0x05, 0x45, 0x38, 0x3E, 0x4D, 0x13, 0xA6, 0x8A, 0xD7, 0xE9, 0x4B, 0x6C, 0x43, 0x5A,
    0x23, 0x41, 0x55, 0xAB, 0x3B, 0x8C, 0x7D, 0xC8, 0x2A, 0xEB, 0x04, 0x9C, 0x74, 0x47, 0x61, 0xCD,
    0xEB, 0x59, 0x7B, 0xFF, 0xD0, 0x59, 0xD7, 0xFF, 0x7B, 0xF3, 0x36, 0xA6, 0x98, 0x97, 0x99, 0xC4,
    0x31, 0x9C, 0x7E, 0xED, 0xD4, 0x24, 0xA8, 0x74, 0x33, 0x40, 0x63, 0xA6, 0x1F, 0x66, 0x68, 0xDE,
    0xBE, 0x93, 0x6F, 0xDE, 0xF1, 0x93, 0xFC, 0xE0, 0x50, 0xB6, 0x98, 0x3A, 0x57, 0x3A, 0x4B, 0x66,
    0xB5, 0xC4, 0x52, 0x7B, 0xC2, 0x7B, 0xFF, 0x87, 0xD0, 0xB7, 0xB2, 0x87, 0x8E, 0x8F, 0x57, 0x24,
    0xE6, 0x30, 0x59, 0x99, 0x65, 0xFA, 0xA2, 0x82, 0xAC, 0xFE, 0x4A, 0x80, 0x6E, 0x1B, 0xB3, 0xE8,
    0xBC, 0x67, 0x3E, 0x4F, 0xDE, 0x2F, 0xE9, 0x7B, 0x1A, 0x44, 0x4D, 0x49, 0xFF, 0x96, 0x31, 0xDF,
    0xAF, 0xE0, 0xF5, 0x0D, 0xAA, 0xE4, 0x24, 0x60, 0x3F, 0x8C, 0x8D, 0xF7, 0xFB, 0x10, 0x90, 0x60,
    0xB7, 0x4A, 0x0E, 0xC3, 0x66, 0xAF, 0x41, 0x8D, 0x7A, 0x89, 0xB4, 0x95, 0x58, 0xEA, 0x3E, 0x90,
    0x5C, 0xEF, 0xF0, 0xF1, 0x41, 0x91, 0x54, 0x24, 0x07, 0x65, 0x89, 0x27, 0x2C, 0xCA, 0xAA, 0x3D,
    0xAA, 0x45, 0xA1, 0xF1, 0x71, 0x52, 0xAE, 0xB4, 0xDB, 0xF1, 0x0C, 0x1A, 0x16, 0xB4, 0x45, 0xCE,
    0xBD, 0x37, 0x7F, 0xBA, 0x43, 0xDE, 0xDA, 0x61, 0xD7, 0x35, 0xC1, 0x5C, 0xD5, 0x5C, 0x66, 0x54,
    0xDF, 0xDB, 0x59, 0x15, 0x77, 0x98, 0x14, 0xFE, 0x2F, 0x31, 0x2E, 0x50, 0x15, 0x01, 0x80, 0xA4,
    0xB3, 0xA1, 0x94, 0xC7, 0xB0, 0xBD, 0xF7, 0xA2, 0x78, 0x14, 0x03, 0x95, 0x3E, 0x58, 0x00, 0x2E,
    0x35, 0x1E, 0x2D, 0xEA, 0xD2, 0x17, 0x05, 0x05, 0xCD, 0x5A, 0x8B, 0xF4, 0xED, 0x7F, 0xAB, 0x8B,
    0xF8, 0x67, 0x64, 0x1A, 0x27, 0xBD, 0x3C, 0xDA, 0x25, 0xE2, 0x5D, 0xFD, 0x10, 0x85, 0x37, 0x26,
    0x34, 0xEB, 0x74, 0x9A, 0xA0, 0xA0, 0xF7, 0x74, 0x7E, 0x5E, 0xCC, 0xDE, 0x99, 0xAC, 0x10, 0x3E,
    0xA3, 0x20, 0x36, 0xBE, 0xDC, 0x8E, 0x0C, 0xF1, 0xBE, 0x4C, 0x17, 0x09, 0x10, 0x88, 0x66, 0x89,
    0x2C, 0x9C, 0xD2, 0x7D, 0xB7, 0x76, 0x8F, 0x20, 0xD6, 0xA7, 0x6F, 0xEA, 0x0E, 0x7D, 0xB7, 0x6B,
    0x25, 0x7E, 0xB4, 0xE5, 0xB6, 0x37, 0x61, 0x6E, 0x45, 0xDF, 0x7B, 0x31, 0xBF, 0x89, 0xA2, 0x49,
    0x37, 0x3C, 0x8A, 0x60, 0x26, 0x5E, 0x88, 0x8C, 0xBF, 0x36, 0x55, 0x1A, 0x75, 0x4D, 0xA2, 0x13,
    0xCE, 0xF1, 0x68, 0x12, 0xB5, 0xB7, 0x4E, 0x82, 0x8F, 0x5D, 0x24, 0x6F, 0x06, 0x2E, 0xA2, 0xD5,
    0x5E, 0xC0, 0xA5, 0xAD, 0xEB, 0x7D, 0x74, 0xFF, 0xB7, 0x43, 0xAD, 0x5B, 0xED, 0xCB, 0x8E, 0xBE,
    0x3B, 0xDA, 0x36, 0x29, 0xD2, 0xC1, 0xAC, 0xB4, 0xFC, 0xDB, 0x2F, 0x50, 0x13, 0x44, 0x7D, 0x20,
    0x1E, 0x7D, 0x7C, 0xF2, 0x70, 0xF2, 0xB8, 0x2B, 0xFD, 0x84, 0xA1, 0x6B, 0xBA, 0x8C, 0x2E, 0x6F,
    0x1F, 0x19, 0x9D, 0x3F, 0x1E, 0xF6, 0x46, 0x2A, 0x05, 0x2C, 0x09, 0x5C, 0x9D, 0x21, 0xD1, 0xF3,
    0x31, 0xE3, 0xB3, 0x60, 0x90, 0xF8, 0x33, 0xC5, 0xA2, 0x56, 0x69, 0xC5, 0xF4, 0xA7, 0x87, 0xDA,
    0xAC, 0x9F, 0x55, 0x98, 0x56, 0x02, 0xC6, 0x35, 0x96, 0xE0, 0x1A, 0x03, 0xF5, 0xF7, 0x7B, 0xD4,
    0xBE, 0x1C, 0xFB, 0x6C, 0x99, 0xC9, 0x49, 0x66, 0x67, 0x30, 0x04, 0x72, 0x1E, 0x20, 0x98, 0x42,
    0x86, 0x25, 0x26, 0x00, 0x08, 0x23, 0xF5, 0xF7, 0x02, 0xF4, 0xA8, 0x3F, 0xA3, 0xD0, 0x00, 0x79,
    0x65, 0xAE, 0xA3, 0xE6, 0x6D, 0x56, 0x2A, 0x8C, 0xD5, 0xB6, 0xA6, 0xE8, 0xF3, 0x9A, 0x4F, 0xF4,
    0xD4, 0xD8, 0x5B, 0x7C, 0xE6, 0x5E, 0x8F, 0xC5, 0xB6, 0xCC, 0x2E, 0x0F, 0x7D, 0x85, 0xF5, 0xD6,
    0x7A, 0x0E, 0x2B, 0x37, 0xB4, 0xDE, 0x8F, 0x29, 0x09, 0xD1, 0x19, 0x0A, 0xFD, 0x3F, 0x5B, 0xA9,
    0x61, 0x49, 0x64, 0xA6, 0xCB, 0xCD, 0x75, 0xF0, 0x71, 0x48, 0xD3, 0x4C, 0x25, 0xD7, 0x2A, 0x6C,
    0xB8, 0xBB, 0xB0, 0x51, 0xEF, 0xC2, 0x57, 0x7F, 0xD4, 0x83, 0x7A, 0xB4, 0x0C, 0x28, 0x6D, 0x95,
    0xBE, 0xDC, 0x46, 0x3F, 0x90, 0xB6, 0xF4, 0x1E, 0x5C, 0xBD, 0x36, 0xC0, 0xEB, 0xBC, 0x6C, 0xB2,
    0xC1, 0xA6, 0x39, 0xD8, 0x6C, 0x54, 0x1A, 0x9C, 0xB9, 0x46, 0x65, 0xF7, 0x5A, 0x1D, 0x19, 0xFB,
    0x8B, 0xFB, 0xD8, 0x84, 0xD1, 0x45, 0x52, 0xE5, 0x2D, 0x62, 0x6D, 0x1B, 0xCE, 0x3C, 0xD0, 0xBD,
    0x6B, 0x01, 0x55, 0x7C, 0x7C, 0xBD, 0xB7, 0xBE, 0xFB, 0x61, 0x04, 0x6C, 0x71, 0xCB, 0xB8, 0x93,
    0x36, 0xE3, 0xA8, 0xF7, 0x63, 0x13, 0xB0, 0xCC, 0xCE, 0x25, 0xB3, 0x26, 0xD3, 0xB3, 0x61, 0xC5,
    0x1F, 0x89, 0x80, 0x71, 0xE2, 0x6D, 0x27, 0xC3, 0x49, 0x53, 0x68, 0xA2, 0x5D, 0x3C, 0x66, 0x01,
    0xD3, 0xB2, 0x9A, 0xF4, 0x44, 0xA5, 0x49, 0x41, 0x3F, 0x4D, 0xF0, 0xE4, 0x02, 0x16, 0xC3, 0xC1,
    0x76, 0xD9, 0xDE, 0x8F, 0xA1, 0xB0, 0xE2, 0x13, 0x6C, 0xEC, 0x4E, 0x71, 0x80, 0xE8, 0x47, 0x75,
    0xB6, 0x6D, 0x6D, 0x4E, 0xE1, 0xE3, 0x7E, 0x5D, 0x81, 0xA9, 0xB2, 0x2B, 0x76, 0x66, 0xA2, 0x52,
    0x6E, 0x38, 0xDF, 0x2F, 0x32, 0x9A, 0xF7, 0xD5, 0x3B, 0xB5, 0x4A, 0xD2, 0x6D, 0x4A, 0xC4, 0x3C,
    0xAF, 0x8B, 0xC9, 0xE0, 0x69, 0xB2, 0xC1, 0x14, 0xB0, 0xD5, 0xD9, 0x8A, 0xAA, 0x9D, 0x6B, 0x83,
    0x71, 0x1A, 0xDA, 0xC4, 0x88, 0x83, 0xBA, 0x94, 0x9D, 0x5A, 0xCA, 0x77, 0x62, 0xF6, 0x2F, 0x6C,
    0xFE, 0x6E, 0xD0, 0xD2, 0x96, 0xD8, 0xED, 0x35, 0xA9, 0x54, 0x65, 0x0A, 0x17, 0x51, 0x91, 0x99,
    0x15, 0x26, 0x6C, 0xEC, 0x50, 0xF9, 0xA2, 0x5A, 0xC4, 0xF0, 0xA0, 0x5F, 0x05, 0x91, 0xA7, 0x58,
    0xB6, 0x18, 0x79, 0xBD, 0xFF, 0x97, 0x5F, 0x8A, 0x29, 0x8D, 0xC7, 0x3F, 0x55, 0x4B, 0xA7, 0x95,
    0x02, 0x3E, 0xF8, 0x44, 0xF5, 0xB7, 0xE4, 0xE9, 0x55, 0x02, 0xE7, 0xED, 0x44, 0xE5, 0xF6, 0xFF,
    0xAD, 0x67, 0xE8, 0x5C, 0x62, 0x85, 0xFC, 0xF3, 0x7B, 0xC0, 0x45, 0xDF, 0xF9, 0x6A, 0xE8, 0xDB,
    0xCA, 0x70, 0xBD, 0x1D, 0x5C, 0x02, 0x8A, 0xAE, 0xD5, 0xE6, 0x3A, 0xC0, 0x99, 0xBD, 0x5E, 0x1C,
    0xA6, 0xF5, 0xEC, 0x22, 0xB8, 0x09, 0x94, 0xF1, 0x22, 0x67, 0xC6, 0x86, 0x96, 0x21, 0x19, 0xDF,
    0x27, 0x46, 0x92, 0x3C, 0x8D, 0x3C, 0x5E, 0x92, 0x25, 0xC1, 0x51, 0x51, 0xE3, 0x53, 0x2C, 0xED,
    0x53, 0xA6, 0x40, 0x73, 0xF5, 0x40, 0x79, 0xE6, 0xC3, 0xA2, 0x60, 0xD6, 0xC8, 0xA0, 0x33, 0xA4,
    0x6C, 0xF4, 0x01, 0xD1, 0x51, 0xA9, 0xE9, 0xDF, 0xAA, 0x3E, 0x3F, 0x1B, 0x52, 0x86, 0xE2, 0xB2,
    0x9F, 0x89, 0x06, 0xC5, 0x9E, 0xB6, 0x64, 0x88, 0x07, 0xBC, 0x30, 0xEB, 0x9D, 0xEC, 0x19, 0x86,
    0x46, 0x46, 0xDC, 0x52, 0xBD, 0x1A, 0x0F, 0xFB, 0xE5, 0x1A, 0xCB, 0x58, 0x71, 0x2C, 0x04, 0x7E,
    0xB2, 0xC8, 0x5F, 0x89, 0x70, 0x00, 0xD5, 0xEA, 0x40, 0xD0, 0xDB, 0x21, 0x33, 0x6D, 0x1E, 0x15,
    0x20, 0x8B, 0xEE, 0x0F, 0x0F, 0xEA, 0x8A, 0x98, 0xAE, 0x08, 0xE9, 0x8E, 0x8C, 0xE8, 0x6C, 0xC3,
    0x63, 0xCF, 0x64, 0x3D, 0x41, 0x2E, 0xCF, 0x2F, 0x6A, 0x4D, 0x91, 0xE1, 0x5A, 0x4D, 0x16, 0xD6,
    0xDC, 0x10, 0xD4, 0xF5, 0x52, 0x29, 0xD8, 0xD5, 0xF7, 0x63, 0x5A, 0xD3, 0xA8, 0xD6, 0x49, 0xB8,
    0xF7, 0xC2, 0xCB, 0x7A, 0xAF, 0x95, 0x78, 0x64, 0xB6, 0x63, 0x8E, 0xE9, 0xA8, 0x54, 0x86, 0x1F,
    0xEE, 0xBC, 0x3E, 0x98, 0xC8, 0x79, 0x89, 0x1F, 0x3B, 0x26, 0x1D, 0x77, 0x72, 0xAF, 0x33, 0xD3,
    0x9D, 0xBF, 0x13, 0xF4, 0x82, 0xEF, 0x8F, 0xFE, 0x16, 0x6C, 0x05, 0xBB, 0xAD, 0xEC, 0xAA, 0x14,
    0x70, 0x08, 0x12, 0x54, 0x43, 0x19, 0x9A, 0xB8, 0x21, 0x9D, 0x0E, 0x4A, 0xC6, 0xC3, 0xE5, 0x2F,
    0x5C, 0x46, 0xFA, 0x90, 0xAA, 0x6D, 0x64, 0xD5, 0x1E, 0xFE, 0x06, 0x53, 0xC8, 0x00, 0x91, 0xD3,
    0x7A, 0x4F, 0x47, 0xAF, 0xC0, 0x7A, 0xB5, 0x12, 0x34, 0xBA, 0xC2, 0x9A, 0x48, 0x8C, 0x79, 0x63,
    0x48, 0x9C, 0x76, 0xB2, 0x10, 0xA3, 0xA5, 0x19, 0xEA, 0x11, 0x46, 0xEB, 0x2F, 0xC5, 0x16, 0xB2,
    0x39, 0x19, 0x93, 0xC6, 0xEE, 0x24, 0xC8, 0x86, 0x28, 0xE6, 0x00, 0x95, 0x33, 0x7A, 0xCA, 0xE7,
    0x23, 0x1C, 0xB6, 0x25, 0xA1, 0x37, 0x87, 0xDD, 0x12, 0x72, 0xBF, 0xDC, 0xB7, 0xA0, 0x23, 0x2B,
    0x45, 0xB1, 0x21, 0x78, 0xE3, 0x28, 0x29, 0xD0, 0x73, 0x24, 0xD5, 0xA1, 0xB0, 0xF9, 0x0A, 0xB2,
    0x1E, 0x13, 0xFA, 0x31, 0xC4, 0x1F, 0xC6, 0xC6, 0x98, 0x11, 0xD7, 0x08, 0x95, 0x35, 0xD2, 0xA6,
    0x05, 0xC2, 0xFD, 0x12, 0xB9, 0xCA, 0xB0, 0x71, 0x26, 0xA3, 0x14, 0x3B, 0xC2, 0x6F, 0x91, 0x32,
    0xBE, 0xC0, 0x0B, 0x18, 0xDF, 0x0A, 0xBA, 0xE1, 0xE6, 0xF8, 0xA3, 0x79, 0x4B, 0xC7, 0x1F, 0x64,
    0xBC, 0x71, 0x4C, 0xED, 0xA7, 0x03, 0x8F, 0x7A, 0x9F, 0x90, 0xBF, 0x12, 0x70, 0x34, 0x4B, 0xA5,
    0xB8, 0x5C, 0x5A, 0xA9, 0x45, 0x5A, 0xC2, 0x1C, 0x51, 0x3F, 0x47, 0x77, 0xCE, 0xD2, 0x67, 0x93,
    0x64, 0x38, 0xA7, 0xE8, 0x99, 0xDC, 0x14, 0x59, 0x2D, 0x17, 0xDC, 0x8E, 0x88, 0xC4, 0x29, 0x8D,
    0x49, 0xA5, 0x91, 0x2D, 0x6D, 0x21, 0xC6, 0xC7, 0x14, 0xA8, 0x74, 0xC9, 0x3A, 0x5C, 0x1B, 0xB2,
    0x63, 0xA0, 0x7C, 0xD2, 0x39, 0x55, 0xB6, 0x16, 0x1B, 0x9A, 0x29, 0x6E, 0x2F, 0x70, 0xFB, 0x79,
    0x6E, 0xEB, 0x89, 0xCB, 0x21, 0xBB, 0xCB, 0x53, 0x62, 0x56, 0xE6, 0x76, 0x8D, 0xF9, 0x76, 0xA8,
    0x92, 0x83, 0x2D, 0x59, 0x77, 0x87, 0xD8, 0x6F, 0xDA, 0x73, 0x29, 0x81, 0xFE, 0x66, 0x1E, 0xC6,
    0xB0, 0x9E, 0x77, 0xC9, 0xAB, 0xC7, 0x57, 0x51, 0x07, 0xF7, 0x60, 0x06, 0xD6, 0xF7, 0x07, 0x18,
    0x41, 0x2B, 0xF7, 0x73, 0x52, 0x0C, 0x6C, 0xEA, 0x3D, 0x92, 0x12, 0x95, 0xA1, 0x49, 0x59, 0x09,
    0x1B, 0xC4, 0x5A, 0xA9, 0xD5, 0x4F, 0x94, 0x55, 0x7B, 0x2A, 0x15, 0x9A, 0x02, 0xCF, 0xD5, 0x72,
    0xE3, 0x9E, 0x95, 0x94, 0xD1, 0x09, 0x7B, 0x17, 0x7C, 0x77, 0xA9, 0x15, 0x9B, 0x1C, 0x6B, 0x30,
    0xCD, 0x59, 0x35, 0xF5, 0x4F, 0xB6, 0x2E, 0x9C, 0x69, 0x90, 0xE9, 0x62, 0x43, 0x1E, 0xB4, 0xF9,
    0x39, 0x23, 0x0E, 0xD7, 0x29, 0x4A, 0x61, 0x3C, 0xE5, 0x64, 0x69, 0x7F, 0xBD, 0x76, 0x01, 0x7B,
    0x08, 0xD2, 0xE2, 0xD9, 0x81, 0xE2, 0xBF, 0xBF, 0x41, 0x7F, 0xBF, 0x4A, 0x43, 0x25, 0x75, 0x9A,
    0xDC, 0x6F, 0xE3, 0xE4, 0x76, 0x87, 0x06, 0xDF, 0xAC, 0xEC, 0x55, 0x3A, 0x14, 0x97, 0x65, 0x43,
    0x82, 0xEE, 0xB2, 0x94, 0x8C, 0x56, 0x76, 0x11, 0x97, 0xBE, 0x88, 0x16, 0xFD, 0x42, 0x4D, 0xAE,
    0x53, 0xF8, 0xC1, 0x2C, 0xF2, 0x37, 0x0F, 0x1B, 0x2F, 0xE5, 0xC8, 0xDB, 0xC4, 0x45, 0x90, 0xA9,
    0x56, 0x63, 0x10, 0x5C, 0xDB, 0x65, 0x33, 0x3C, 0xE0, 0x3E, 0x88, 0x3A, 0xF3, 0x60, 0x61, 0xA9,
    0x4C, 0xFF, 0x42, 0xA2, 0x35, 0x24, 0x22, 0x3F, 0xDB, 0x46, 0x57, 0x75, 0xA1, 0x39, 0x46, 0xA8,
    0x98, 0x20, 0xE7, 0x32, 0x4B, 0xCD, 0x82, 0x69, 0xA6, 0xE9, 0x37, 0x1B, 0xF8, 0x1B, 0x27, 0x87,
    0x60, 0x9F, 0xEA, 0xFA, 0xC4, 0x73, 0x9B, 0xDD, 0xF8, 0xA7, 0xD8, 0xB5, 0x9D, 0xC5, 0xB4, 0xF6,
    0x9C, 0xD9, 0xA4, 0x33, 0x55, 0x6C, 0xCD, 0x41, 0xA0, 0xE2, 0x19, 0x71, 0x8B, 0xAE, 0x79, 0xCB,
    0x68, 0x57, 0x4C, 0x92, 0xC4, 0x97, 0x3A, 0xF4, 0x02, 0x79, 0xA5, 0xC5, 0x2B, 0x23, 0x0E, 0x22,
    0x0C, 0xBC, 0xAF, 0x40, 0xE0, 0xC1, 0x8C, 0x53, 0x84, 0x19, 0x3D, 0x9C, 0x3B, 0xB1, 0x75, 0xEE,
    0xFA, 0x6D, 0x4F, 0xE7, 0xF8, 0x0A, 0x1A, 0xAB, 0x4B, 0x1C, 0x09, 0xD4, 0x78, 0xB5, 0x8B, 0x20,
    0xFA, 0x45, 0x4B, 0x99, 0x64, 0x25, 0x70, 0x2A, 0xBB, 0xAF, 0xD0, 0x9E, 0x62, 0x34, 0xAE, 0xA2,
    0x81, 0x22, 0x78, 0x1D, 0x6F, 0xE2, 0x7A, 0x70, 0x61, 0x77, 0xFD, 0x96, 0xEE, 0x5C, 0xF0, 0xBF,
    0xB7, 0x5B, 0x43, 0x83, 0x5B, 0x43, 0x0F, 0x57, 0xC3, 0xB8, 0x64, 0xA1, 0x52, 0xF7, 0xBF, 0x60,
    0xEA, 0xD6, 0x67, 0xCD, 0x35, 0x61, 0xD0, 0x33, 0x69, 0xF4, 0xAD, 0xB8, 0x8A, 0xFD, 0xAA, 0x38,
    0x44, 0x90, 0xC1, 0x2F, 0xE4, 0x70, 0xBB, 0x8D, 0xDE, 0xD7, 0xAE, 0xE7, 0x5F, 0x71, 0xD3, 0x5B,
    0x46, 0x34, 0x06, 0xDB, 0x84, 0xB3, 0x3F, 0x46, 0x6E, 0x76, 0xEE, 0x90, 0x2E, 0xEF, 0x62, 0xD2,
    0xDB, 0xB9, 0xEC, 0xB6, 0x6F, 0xB1, 0x9C, 0xC7, 0x8D, 0xEF, 0x0A, 0x0B, 0x75, 0x56, 0xC6, 0x04,
    0x14, 0xB5, 0x7A, 0x4A, 0x8B, 0x14, 0x39, 0xCC, 0x0C, 0x59, 0xD3, 0x44, 0x8F, 0xB9, 0x41, 0x8C,
    0xC0, 0x6B, 0x6D, 0x11, 0xD3, 0xA4, 0x30, 0x5A, 0x4F, 0x70, 0xCC, 0xC8, 0x43, 0x07, 0xDE, 0x47,
    0x50, 0xA3, 0x78, 0xC4, 0x25, 0x01, 0x50, 0x63, 0xD8, 0xF3, 0x7A, 0xB6, 0x1A, 0x7E, 0x43, 0x91,
    0x3A, 0x8E, 0x90, 0xFB, 0x19, 0x23, 0xAB, 0x33, 0x4D, 0xCD, 0x2C, 0x91, 0xB2, 0x40, 0xB4, 0x2D,
    0x9A, 0x67, 0xF7, 0x68, 0x85, 0xBF, 0xBB, 0xCE, 0x0F, 0xD5, 0x12, 0xD4, 0x33, 0x32, 0xEF, 0xDF,
    0x6A, 0xC8, 0xFE, 0x14, 0x2F, 0xB1, 0x8E, 0xDA, 0xC3, 0x12, 0x0F, 0xEE, 0x4D, 0x39, 0xFA, 0xE9,
    0xFC, 0xFB, 0xEF, 0x4D, 0x91, 0x00, 0x6B, 0x82, 0x5F, 0x33, 0x14, 0xD1, 0xD8, 0x3F, 0x80, 0xA9,
    0x29, 0x98, 0xF7, 0xA8, 0xEA, 0x14, 0xFE, 0x38, 0x1A, 0x7D, 0xED, 0x2E, 0xD8, 0xBB, 0x52, 0x0C,
    0xE5, 0xE3, 0x1C, 0xC8, 0x56, 0xC0, 0x3A, 0xDE, 0x09, 0x30, 0x78, 0xFB, 0x15, 0x44, 0xF4, 0xD7,
    0x6E, 0x24, 0xEA, 0xED, 0xDF, 0x48, 0x94, 0x56, 0xA9, 0xD2, 0xFB, 0x89, 0xFF, 0x10, 0x3D, 0x79,
    0x7C, 0xA9, 0xD8, 0x8D, 0x2C, 0xFA, 0x4C, 0x71, 0xA3, 0x43, 0xFB, 0xE6, 0x10, 0xCC, 0xE7, 0x51,
    0xF9, 0x7E, 0x2A, 0x61, 0x73, 0xB2, 0xDE, 0x53, 0x51, 0x0B, 0x17, 0xFF, 0xA7, 0x68, 0x07, 0x2D,
    0x32, 0x74, 0xFF, 0x8A, 0xE3, 0x36, 0x91, 0x45, 0x9B, 0xB3, 0xA2, 0x62, 0x3E, 0x82, 0x79, 0x34,
    0x3E, 0x86, 0x7D, 0x7B, 0x4F, 0xBA, 0x1F, 0x8F, 0x76, 0xBC, 0xC1, 0x47, 0xB8, 0xE3, 0xED, 0x78,
    0xB6, 0xAE, 0x7D, 0xF4, 0x74, 0x0F, 0x3E, 0xEE, 0xFC, 0xED, 0xA8, 0xCC, 0x04, 0xBC, 0x77, 0x0F,
    0x6C, 0xCF, 0x3A, 0xBE, 0x15, 0x16, 0x03, 0xFE, 0x05, 0xA9, 0xB6, 0x26, 0xDF, 0xF5, 0xDE, 0x60,
    0xAE, 0x35, 0x7C, 0x1B, 0x18, 0x06, 0x3B, 0xFD, 0xFD, 0x46, 0xC3, 0x36, 0x82, 0x8D, 0x5E, 0xA4,
    0x50, 0xCF, 0xFF, 0xDB, 0xF2, 0xB9, 0x0E, 0xC5, 0x91, 0x21, 0x87, 0xA6, 0x75, 0x0E, 0x99, 0x96,
    0x57, 0x87, 0xE5, 0x3E, 0xE3, 0x8C, 0x40, 0x8F, 0xF1, 0x86, 0x4E, 0x12, 0xD5, 0x05, 0x41, 0x89,
    0xB6, 0x0C, 0x2D, 0x9D, 0xDB, 0xA6, 0xD6, 0x5A, 0x62, 0xAB, 0xE7, 0xB3, 0x0D, 0x74, 0xE2, 0x09,
    0x0E, 0xB5, 0xD8, 0x8D, 0xE7, 0xDC, 0x6E, 0x72, 0x02, 0x37, 0xC7, 0xE1, 0xF2, 0x14, 0x47, 0xEF,
    0xCE, 0x5A, 0x3F, 0xC4, 0x16, 0x87, 0x2E, 0xEF, 0x67, 0xB6, 0x39, 0xE5, 0xC9, 0xB8, 0x32, 0x98,
    0x31, 0xAF, 0xD3, 0x81, 0x9C, 0x86, 0xC8, 0x4D, 0xA0, 0xA0, 0x17, 0xE6, 0x57, 0x87, 0x3E, 0xC5,
    0x11, 0x2B, 0x7C, 0x52, 0xB4, 0x67, 0x59, 0x3A, 0xF4, 0x72, 0x53, 0xB2, 0xC1, 0x92, 0x22, 0x9D,
    0xB0, 0xC7, 0x45, 0x53, 0x5F, 0x73, 0xDD, 0xC7, 0x7A, 0x90, 0xF9, 0xF2, 0xB8, 0xFF, 0xB3, 0xFC,
    0xEB, 0xAD, 0xCF, 0x30, 0xC7, 0x66, 0x3E, 0x27, 0x29, 0xE4, 0xE7, 0x24, 0xEF, 0xFD, 0xA6, 0x94,
    0x9F, 0xDE, 0x96, 0xEE, 0x2D, 0x26, 0xCC, 0xFE, 0xD5, 0x5C, 0x36, 0x58, 0x75, 0x25, 0xC4, 0xA3,
    0xC4, 0x16, 0x43, 0x99, 0x73, 0x66, 0x97, 0x31, 0x7E, 0xAF, 0x51, 0x92, 0xCE, 0xA1, 0xC8, 0xE9,
    0xA4, 0xF0, 0xC2, 0x21, 0xED, 0xF7, 0xE4, 0xC2, 0xCF, 0xB9, 0x72, 0xBF, 0x27, 0x19, 0xF5, 0x06,
    0x59, 0xF3, 0x9C, 0xEC, 0x61, 0xDB, 0xEE, 0x50, 0xB9, 0xA5, 0x47, 0x5E, 0x10, 0xED, 0x44, 0x0A,
    0x3F, 0x9B, 0x60, 0xA3, 0xE8, 0xDF, 0x0B, 0x50, 0xE8, 0x09, 0x29, 0x77, 0x42, 0x82, 0xC1, 0xC6,
    0x79, 0x95, 0x6C, 0xC6, 0xDB, 0x34, 0xD0, 0x7F, 0xD0, 0x40, 0x7F, 0x52, 0xE6, 0xC1, 0x73, 0xC5,
    0x3B, 0xF5, 0x7D, 0x9A, 0xF4, 0x7F, 0xC8, 0xE6, 0xF0, 0xFE, 0xAE, 0x6E, 0x85, 0xAB, 0x42, 0x9B,
    0x10, 0x67, 0x76, 0x1F, 0x30, 0x79, 0x42, 0x9F, 0x10, 0x58, 0xD9, 0x91, 0xBA, 0x6A, 0x6A, 0x5D,
    0x8A, 0xF5, 0xCE, 0x66, 0x1F, 0x4D, 0x66, 0x35, 0xE3, 0x87, 0x4B, 0x14, 0xEE, 0x67, 0x48, 0xA5,
    0xD2, 0xBB, 0x54, 0x21, 0xBB, 0xD8, 0xE3, 0x3A, 0x59, 0xF0, 0x3C, 0x45, 0x26, 0xCE, 0xDB, 0xE4,
    0xF0, 0xD4, 0x77, 0x38, 0x18, 0xF9, 0x3B, 0x9E, 0xE9, 0x97, 0x39, 0x12, 0x99, 0x63, 0x3A, 0xE7,
    0xD8, 0xC8, 0x2E, 0xF8, 0x5C, 0x5C, 0xA3, 0x4C, 0xC7, 0x4D, 0xC8, 0xCA, 0xD6, 0x23, 0x95, 0x99,
    0xCD, 0x1B, 0xCF, 0x0E, 0x22, 0x93, 0x81, 0xC9, 0xB8, 0x64, 0x58, 0x32, 0x2A, 0x19, 0x94, 0x82,
    0x49, 0x86, 0x24, 0x23, 0x52, 0x00, 0xC9, 0x78, 0x64, 0x38, 0x32, 0x1A, 0x19, 0x8C, 0x8C, 0x45,
    0x86, 0x1F, 0x23, 0x91, 0xDF, 0x11, 0x0E, 0x19, 0x86, 0x8C, 0xC2, 0x2A, 0x08, 0xAB, 0x8F, 0xB3,
    0x65, 0x6B, 0xC4, 0x4E, 0x51, 0xF7, 0xE3, 0xFD, 0x1E, 0x94, 0x29, 0xA3, 0x05, 0xEF, 0x57, 0x0A,
    0x9F, 0x2A, 0x9E, 0x3D, 0x96, 0xB4, 0x3F, 0x56, 0x4E, 0x8F, 0x14, 0xEA, 0x2C, 0xDA, 0x2C, 0xCA,
    0x2C, 0xBA, 0x2C, 0xAA, 0x2C, 0x9A, 0x2C, 0x8A, 0x6C, 0xF4, 0xD8, 0xA8, 0xB1, 0x68, 0xB1, 0x28,
    0xB1, 0xE8, 0xB0, 0xA8, 0xB0, 0x68, 0xB0, 0x28, 0xB0, 0xE8, 0xAF, 0xA8, 0x2F, 0x6B, 0xAF, 0x28,
    0x2F, 0xEB, 0xAE, 0xA8, 0xEE, 0xFF, 0x03,
};

static const EpdGlyph amiri_14_regularGlyphs[] = {
    { 0, 0, 136, 0, 0, 0, 0 }, // U+0020
    { 4, 21, 110, 1, 20, 21, 0 }, // !
    { 6, 7, 127, 1, 20, 11, 21 }, // "
    { 12, 15, 218, 1, 16, 45, 32 }, // #
    { 12, 22, 227, 1, 20, 66, 77 }, // $
    { 17, 20, 304, 1, 19, 85, 143 }, // %
    { 18, 20, 311, 1, 19, 90, 228 }, // &
    { 3, 7, 73, 1, 20, 6, 318 }, // '
    { 9, 33, 214, 4, 21, 75, 324 }, // (
    { 9, 33, 214, 1, 21, 75, 399 }, // )
    { 12, 12, 202, 0, 20, 36, 474 }, // *
    { 15, 14, 247, 0, 14, 53, 510 }, // +
    { 5, 8, 91, 0, 4, 10, 563 }, // ,
    { 9, 3, 172, 1, 8, 7, 573 }, // -
    { 7, 8, 148, 1, 7, 14, 580 }, // .
    { 10, 27, 161, 0, 21, 68, 594 }, // /
    { 13, 20, 248, 1, 19, 65, 662 }, // 0
    { 8, 20, 248, 4, 19, 40, 727 }, // 1
    { 13, 19, 248, 1, 19, 62, 767 }, // 2
    { 12, 20, 248, 2, 19, 60, 829 }, // 3
    { 14, 20, 248, 1, 19, 70, 889 }, // 4
    { 12, 20, 248, 2, 19, 60, 959 }, // 5
    { 12, 20, 248, 2, 19, 60, 1019 }, // 6
    { 13, 20, 248, 1, 19, 65, 1079 }, // 7
    { 12, 20, 248, 2, 19, 60, 1144 }, // 8
    { 12, 20, 248, 2, 19, 60, 1204 }, // 9
    { 4, 14, 103, 1, 13, 14, 1264 }, // :
    { 4, 17, 105, 1, 13, 17, 1278 }, // ;
    { 13, 14, 224, 0, 13, 46, 1295 }, // <
    { 14, 7, 257, 1, 10, 25, 1341 }, // =
    { 13, 14, 225, 1, 13, 46, 1366 }, // >
    { 8, 20, 162, 1, 19, 40, 1412 }, // ?
    { 20, 21, 341, 1, 17, 105, 1452 }, // @
    { 20, 20, 286, -1, 19, 100, 1557 }, // A
    { 15, 20, 272, 1, 19, 75, 1657 }, // B
    { 17, 20, 307, 1, 19, 85, 1732 }, // C
    { 18, 20, 323, 1, 19, 90, 1817 }, // D
    { 15, 20, 267, 1, 19, 75, 1907 }, // E
    { 14, 20, 244, 1, 19, 70, 1982 }, // F
    { 19, 20, 328, 1, 19, 95, 2052 }, // G
    { 19, 20, 330, 1, 19, 95, 2147 }, // H
    { 8, 20, 147, 1, 19, 40, 2242 }, // I
    { 11, 26, 142, -3, 19, 72, 2282 }, // J
    { 18, 20, 299, 1, 19, 90, 2354 }, // K
    { 15, 20, 257, 1, 19, 75, 2444 }, // L
    { 25, 20, 413, 0, 19, 125, 2519 }, // M
    { 21, 20, 353, 1, 19, 105, 2644 }, // N
    { 19, 20, 341, 1, 19, 95, 2749 }, // O
    { 14, 20, 250, 1, 19, 70, 2844 }, // P
    { 22, 23, 340, 1, 19, 127, 2914 }, // Q
    { 18, 20, 283, 1, 19, 90, 3041 }, // R
    { 13, 20, 229, 1, 19, 65, 3131 }, // S
    { 18, 21, 285, 0, 20, 95, 3196 }, // T
    { 21, 20, 330, 0, 19, 105, 3291 }, // U
    { 20, 20, 291, -1, 19, 100, 3396 }, // V
    { 27, 20, 410, -1, 19, 135, 3496 }, // W
    { 21, 20, 304, -1, 19, 105, 3631 }, // X
    { 19, 20, 272, -1, 19, 95, 3736 }, // Y
    { 18, 20, 288, 0, 20, 90, 3831 }, // Z
    { 6, 33, 168, 4, 21, 50, 3921 }, // [
    { 10, 27, 161, 0, 21, 68, 3971 }, // <backslash>
    { 6, 33, 168, 1, 21, 50, 4039 }, // ]
    { 8, 7, 177, 1, 19, 14, 4089 }, // ^
    { 14, 3, 230, 0, 1, 11, 4103 }, // _
    { 5, 5, 155, 3, 20, 7, 4114 }, // `
    { 11, 14, 196, 1, 13, 39, 4121 }, // a
    { 14, 21, 227, 0, 20, 74, 4160 }, // b
    { 11, 14, 193, 1, 13, 39, 4234 }, // c
    { 14, 21, 234, 1, 20, 74, 4273 }, // d
    { 11, 14, 196, 1, 13, 39, 4347 }, // e
    { 10, 21, 140, 0, 20, 53, 4386 }, // f
    { 13, 20, 212, 0, 13, 65, 4439 }, // g
    { 15, 21, 235, 0, 20, 79, 4504 }, // h
    { 8, 20, 123, 0, 19, 40, 4583 }, // i
    { 7, 26, 109, -1, 19, 46, 4623 }, // j
    { 15, 21, 236, 0, 20, 79, 4669 }, // k
    { 7, 21, 116, 0, 20, 37, 4748 }, // l
    { 23, 14, 360, 0, 13, 81, 4785 }, // m
    { 15, 14, 242, 0, 13, 53, 4866 }, // n
    { 13, 14, 232, 1, 13, 46, 4919 }, // o
    { 14, 20, 232, 0, 13, 70, 4965 }, // p
    { 14, 20, 226, 1, 13, 70, 5035 }, // q
    { 11, 14, 175, 0, 13, 39, 5105 }, // r
    { 9, 14, 168, 1, 13, 32, 5144 }, // s
    { 9, 18, 141, 0, 17, 41, 5176 }, // t
    { 15, 14, 234, 0, 13, 53, 5217 }, // u
    { 15, 14, 215, -1, 13, 53, 5270 }, // v
    { 21, 14, 329, 0, 13, 74, 5323 }, // w
    { 14, 14, 217, 0, 13, 49, 5397 }, // x
    { 14, 20, 214, 0, 13, 70, 5446 }, // y
    { 12, 13, 204, 0, 13, 39, 5516 }, // z
    { 4, 34, 185, 4, 22, 34, 5555 }, // {
    { 2, 33, 93, 2, 21, 17, 5589 }, // |
    { 5, 34, 185, 3, 22, 43, 5606 }, // }
    { 14, 4, 260, 1, 11, 14, 5649 }, // ~
    { 33, 10, 529, 0, 5, 83, 0 }, // U+0600
    { 52, 10, 832, 0, -1, 130, 83 }, // U+0601
    { 22, 7, 379, 1, 2, 39, 213 }, // U+0602
    { 32, 8, 518, 0, 2, 64, 252 }, // U+0603
    { 64, 12, 1019, 0, 7, 192, 316 }, // U+0604
    { 16, 28, 235, 0, 23, 112, 508 }, // U+0606
    { 16, 28, 235, 0, 23, 112, 620 }, // U+0607
    { 24, 17, 401, 1, 9, 102, 732 }, // U+0608
    { 24, 27, 404, 1, 21, 162, 834 }, // U+0609
    { 30, 27, 500, 1, 21, 203, 996 }, // U+060A
    { 13, 30, 233, 1, 19, 98, 1199 }, // U+060B
    { 7, 12, 172, 2, 12, 21, 1297 }, // U+060C
    { 9, 9, 147, 0, 16, 21, 1318 }, // U+060D
    { 18, 7, 313, 1, 8, 32, 1339 }, // U+060E
    { 23, 28, 378, 1, 14, 161, 1371 }, // U+060F
    { 11, 9, 0, -1, 32, 25, 1532 }, // U+0610
    { 10, 10, 0, -1, 33, 25, 1557 }, // U+0611
    { 12, 9, 0, 0, 32, 27, 1582 }, // U+0612
    { 14, 11, 0, -1, 34, 39, 1609 }, // U+0613
    { 14, 5, 0, -1, 29, 18, 1648 }, // U+0614
    { 13, 15, 0, -1, 53, 49, 1666 }, // U+0615
    { 12, 11, 0, 1, 35, 33, 1715 }, // U+0616
    { 8, 15, 0, 2, 52, 30, 1748 }, // U+0617
    { 7, 4, 0, 3, 28, 7, 1778 }, // U+0618
    { 5, 7, 0, 4, 31, 9, 1785 }, // U+0619
    { 7, 4, 0, 4, -9, 7, 1794 }, // U+061A
    { 7, 16, 172, 2, 12, 28, 1801 }, // U+061B
    { 0, 0, 0, 0, 0, 0, 1829 }, // U+061C
    { 16, 25, 315, 2, 23, 100, 1829 }, // U+061D
    { 7, 9, 174, 2, 7, 16, 1929 }, // U+061E
    { 11, 21, 193, 0, 20, 58, 1945 }, // U+061F
    { 21, 25, 357, 1, 12, 132, 2003 }, // U+0620
    { 9, 10, 178, 1, 9, 23, 2135 }, // U+0621
    { 14, 28, 101, -5, 27, 98, 2158 }, // U+0622
    { 7, 31, 109, 0, 30, 55, 2256 }, // U+0623
    { 14, 26, 187, -3, 19, 91, 2311 }, // U+0624
    { 7, 30, 101, 1, 21, 53, 2402 }, // U+0625
    { 21, 25, 357, 1, 18, 132, 2455 }, // U+0626
    { 5, 22, 101, 1, 21, 28, 2587 }, // U+0627
    { 25, 21, 432, 1, 12, 132, 2615 }, // U+0628
    { 9, 20, 172, 1, 19, 45, 2747 }, // U+0629
    { 25, 16, 432, 1, 15, 100, 2792 }, // U+062A
    { 25, 19, 432, 1, 18, 119, 2892 }, // U+062B
    { 23, 24, 309, 0, 8, 138, 3011 }, // U+062C
    { 23, 24, 309, 0, 8, 138, 3149 }, // U+062D
    { 23, 31, 309, 0, 15, 179, 3287 }, // U+062E
    { 11, 13, 210, 1, 12, 36, 3466 }, // U+062F
    { 11, 20, 210, 1, 19, 55, 3502 }, // U+0630
    { 13, 16, 186, -3, 9, 52, 3557 }, // U+0631
    { 13, 25, 186, -3, 18, 82, 3609 }, // U+0632
    { 27, 18, 463, 1, 11, 122, 3691 }, // U+0633
    { 27, 28, 463, 1, 21, 189, 3813 }, // U+0634
    { 33, 20, 566, 1, 12, 165, 4002 }, // U+0635
    { 33, 26, 566, 1, 18, 215, 4167 }, // U+0636
    { 21, 23, 370, 1, 22, 121, 4382 }, // U+0637
    { 21, 23, 370, 1, 22, 121, 4503 }, // U+0638
    { 21, 28, 252, 1, 14, 147, 4624 }, // U+0639
    { 21, 34, 252, 1, 20, 179, 4771 }, // U+063A
    { 33, 25, 561, 1, 23, 207, 4950 }, // U+063B
    { 33, 33, 561, 1, 22, 273, 5157 }, // U+063C
    { 21, 24, 357, 1, 17, 126, 5430 }, // U+063D
    { 21, 22, 357, 1, 15, 116, 5556 }, // U+063E
    { 21, 25, 357, 1, 18, 132, 5672 }, // U+063F
    { 8, 3, 86, -1, 3, 6, 5804 }, // U+0640
    { 26, 22, 459, 1, 21, 143, 5810 }, // U+0641
    { 18, 24, 321, 1, 19, 108, 5953 }, // U+0642
    { 17, 25, 307, 1, 24, 107, 6061 }, // U+0643
    { 15, 24, 281, 1, 22, 90, 6168 }, // U+0644
    { 11, 26, 211, 1, 10, 72, 6258 }, // U+0645
    { 14, 21, 267, 1, 18, 74, 6330 }, // U+0646
    { 9, 11, 172, 1, 10, 25, 6404 }, // U+0647
    { 14, 16, 187, -3, 9, 56, 6429 }, // U+0648
    { 21, 19, 357, 1, 12, 100, 6485 }, // U+0649
    { 21, 26, 357, 1, 12, 137, 6585 }, // U+064A
    { 8, 9, 0, 3, 33, 18, 6722 }, // U+064B
    { 8, 12, 0, 3, 36, 24, 6740 }, // U+064C
    { 8, 9, 0, 3, -10, 18, 6764 }, // U+064D
    { 9, 7, 0, 3, 31, 16, 6782 }, // U+064E
    { 8, 10, 0, 3, 34, 20, 6798 }, // U+064F
    { 9, 7, 0, 3, -8, 16, 6818 }, // U+0650
    { 9, 7, 0, 1, 30, 16, 6834 }, // U+0651
    { 6, 7, 0, 2, 31, 11, 6850 }, // U+0652
    { 14, 5, 0, -7, 27, 18, 6861 }, // U+0653
    { 8, 8, 0, -4, 20, 16, 6879 }, // U+0654
    { 8, 8, 0, -4, -7, 16, 6895 }, // U+0655
    { 5, 10, 0, 2, -10, 13, 6911 }, // U+0656
    { 8, 10, 0, 3, 34, 20, 6924 }, // U+0657
    { 5, 6, 0, 3, 30, 8, 6944 }, // U+0658
    { 11, 3, 0, 2, 27, 9, 6952 }, // U+0659
    { 6, 7, 0, -3, 19, 11, 6961 }, // U+065A
    { 6, 6, 0, -3, 19, 9, 6972 }, // U+065B
    { 7, 7, 0, 0, -9, 13, 6981 }, // U+065C
    { 8, 10, 0, 3, 34, 20, 6994 }, // U+065D
    { 9, 7, 0, 3, 31, 16, 7014 }, // U+065E
    { 12, 9, 0, -8, -7, 27, 7030 }, // U+065F
    { 7, 7, 273, 5, 10, 13, 7057 }, // U+0660
    { 7, 20, 273, 5, 17, 35, 7070 }, // U+0661
    { 11, 19, 273, 3, 16, 53, 7105 }, // U+0662
    { 15, 20, 273, 1, 17, 75, 7158 }, // U+0663
    { 9, 19, 273, 4, 16, 43, 7233 }, // U+0664
    { 12, 13, 273, 3, 13, 39, 7276 }, // U+0665
    { 13, 21, 273, 2, 17, 69, 7315 }, // U+0666
    { 13, 20, 273, 2, 17, 65, 7384 }, // U+0667
    { 13, 20, 273, 2, 16, 65, 7449 }, // U+0668
    { 11, 21, 273, 3, 18, 58, 7514 }, // U+0669
    { 18, 27, 309, 1, 21, 122, 7572 }, // U+066A
    { 8, 13, 140, 0, 6, 26, 7694 }, // U+066B
    { 8, 12, 140, 1, 17, 24, 7720 }, // U+066C
    { 14, 14, 254, 1, 16, 49, 7744 }, // U+066D
    { 25, 13, 432, 1, 12, 82, 7793 }, // U+066E
    { 18, 17, 321, 1, 12, 77, 7875 }, // U+066F
    { 5, 10, 0, 2, 35, 13, 7952 }, // U+0670
    { 8, 30, 101, -1, 29, 60, 7965 }, // U+0671
    { 12, 31, 101, -6, 30, 93, 8025 }, // U+0672
    { 11, 31, 101, -3, 21, 86, 8118 }, // U+0673
    { 9, 10, 178, 1, 17, 23, 8204 }, // U+0674
    { 15, 22, 279, 1, 21, 83, 8227 }, // U+0675
    { 25, 24, 365, -3, 17, 150, 8310 }, // U+0676
    { 25, 27, 365, -3, 20, 169, 8460 }, // U+0677
    { 31, 35, 534, 1, 21, 272, 8629 }, // U+0678
    { 25, 20, 432, 1, 19, 125, 8901 }, // U+0679
    { 25, 18, 432, 1, 17, 113, 9026 }, // U+067A
    { 25, 23, 432, 1, 12, 144, 9139 }, // U+067B
    { 25, 20, 432, 1, 15, 125, 9283 }, // U+067C
    { 25, 19, 432, 1, 18, 119, 9408 }, // U+067D
    { 25, 23, 432, 1, 12, 144, 9527 }, // U+067E
    { 25, 19, 432, 1, 18, 119, 9671 }, // U+067F
    { 25, 23, 432, 1, 12, 144, 9790 }, // U+0680
    { 23, 35, 309, 0, 19, 202, 9934 }, // U+0681
    { 23, 34, 309, 0, 18, 196, 10136 }, // U+0682
    { 23, 24, 309, 0, 8, 138, 10332 }, // U+0683
    { 23, 24, 309, 0, 8, 138, 10470 }, // U+0684
    { 23, 35, 309, 0, 19, 202, 10608 }, // U+0685
    { 23, 24, 309, 0, 8, 138, 10810 }, // U+0686
    { 23, 24, 309, 0, 8, 138, 10948 }, // U+0687
    { 11, 26, 210, 1, 25, 72, 11086 }, // U+0688
    { 11, 16, 210, 1, 12, 44, 11158 }, // U+0689
    { 11, 19, 210, 1, 12, 53, 11202 }, // U+068A
    { 11, 32, 210, 1, 25, 88, 11255 }, // U+068B
    { 11, 21, 210, 1, 20, 58, 11343 }, // U+068C
    { 11, 20, 210, 1, 12, 55, 11401 }, // U+068D
    { 11, 24, 210, 1, 23, 66, 11456 }, // U+068E
    { 11, 24, 210, 1, 23, 66, 11522 }, // U+068F
    { 11, 24, 210, 1, 23, 66, 11588 }, // U+0690
    { 13, 29, 186, -3, 22, 95, 11654 }, // U+0691
    { 13, 26, 186, -3, 19, 85, 11749 }, // U+0692
    { 13, 20, 186, -3, 9, 65, 11834 }, // U+0693
    { 13, 20, 186, -3, 9, 65, 11899 }, // U+0694
    { 14, 23, 186, -3, 9, 81, 11964 }, // U+0695
    { 13, 20, 186, -3, 9, 65, 12045 }, // U+0696
    { 13, 23, 186, -3, 16, 75, 12110 }, // U+0697
    { 13, 26, 186, -3, 19, 85, 12185 }, // U+0698
    { 13, 26, 186, -3, 19, 85, 12270 }, // U+0699
    { 27, 24, 463, 1, 17, 162, 12355 }, // U+069A
    { 27, 20, 463, 1, 11, 135, 12517 }, // U+069B
    { 27, 30, 463, 1, 21, 203, 12652 }, // U+069C
    { 33, 20, 566, 1, 12, 165, 12855 }, // U+069D
    { 33, 30, 566, 1, 22, 248, 13020 }, // U+069E
    { 21, 23, 370, 1, 22, 121, 13268 }, // U+069F
    { 21, 38, 252, 1, 24, 200, 13389 }, // U+06A0
    { 26, 17, 459, 1, 16, 111, 13589 }, // U+06A1
    { 26, 20, 459, 1, 16, 130, 13700 }, // U+06A2
    { 26, 25, 459, 1, 21, 163, 13830 }, // U+06A3
    { 26, 26, 459, 1, 25, 169, 13993 }, // U+06A4
    { 27, 24, 459, 1, 16, 162, 14162 }, // U+06A5
    { 26, 26, 459, 1, 25, 169, 14324 }, // U+06A6
    { 18, 23, 321, 1, 18, 104, 14493 }, // U+06A7
    { 18, 27, 321, 1, 22, 122, 14597 }, // U+06A8
    { 33, 24, 561, 1, 22, 198, 14719 }, // U+06A9
    { 53, 20, 886, 1, 19, 265, 14917 }, // U+06AA
    { 33, 24, 561, 1, 22, 198, 15182 }, // U+06AB
    { 17, 25, 307, 1, 24, 107, 15380 }, // U+06AC
    { 17, 28, 307, 1, 27, 119, 15487 }, // U+06AD
    { 17, 33, 307, 1, 24, 141, 15606 }, // U+06AE
    { 33, 27, 561, 1, 25, 223, 15747 }, // U+06AF
    { 33, 27, 561, 1, 25, 223, 15970 }, // U+06B0
    { 33, 27, 561, 1, 25, 223, 16193 }, // U+06B1
    { 33, 33, 561, 1, 25, 273, 16416 }, // U+06B2
    { 33, 35, 561, 1, 25, 289, 16689 }, // U+06B3
    { 33, 28, 561, 1, 26, 231, 16978 }, // U+06B4
    { 15, 28, 281, 1, 26, 105, 17209 }, // U+06B5
    { 15, 24, 281, 1, 22, 90, 17314 }, // U+06B6
    { 15, 25, 281, 1, 23, 94, 17404 }, // U+06B7
    { 15, 33, 281, 1, 22, 124, 17498 }, // U+06B8
    { 14, 27, 267, 1, 18, 95, 17622 }, // U+06B9
    { 14, 17, 267, 1, 14, 60, 17717 }, // U+06BA
    { 14, 26, 267, 1, 23, 91, 17777 }, // U+06BB
    { 14, 25, 267, 1, 18, 88, 17868 }, // U+06BC
    { 14, 25, 267, 1, 22, 88, 17956 }, // U+06BD
    { 17, 12, 284, 0, 10, 51, 18044 }, // U+06BE
    { 23, 31, 309, 0, 15, 179, 18095 }, // U+06BF
    { 9, 23, 172, 1, 22, 52, 18274 }, // U+06C0
    { 9, 11, 172, 1, 10, 25, 18326 }, // U+06C1
    { 9, 23, 172, 1, 22, 52, 18351 }, // U+06C2
    { 9, 20, 172, 1, 19, 45, 18403 }, // U+06C3
    { 14, 16, 187, -3, 9, 56, 18448 }, // U+06C4
    { 15, 16, 187, -3, 9, 60, 18504 }, // U+06C5
    { 14, 24, 187, -3, 17, 84, 18564 }, // U+06C6
    { 14, 27, 187, -3, 20, 95, 18648 }, // U+06C7
    { 14, 27, 187, -3, 20, 95, 18743 }, // U+06C8
    { 14, 24, 187, -3, 17, 84, 18838 }, // U+06C9
    { 14, 23, 187, -3, 16, 81, 18922 }, // U+06CA
    { 14, 26, 187, -3, 19, 91, 19003 }, // U+06CB
    { 21, 19, 357, 1, 12, 100, 19094 }, // U+06CC
    { 23, 19, 357, -1, 12, 110, 19194 }, // U+06CD
    { 21, 24, 357, 1, 17, 126, 19304 }, // U+06CE
    { 14, 22, 187, -3, 15, 77, 19430 }, // U+06CF
    { 21, 28, 357, 1, 12, 147, 19507 }, // U+06D0
    { 21, 29, 357, 1, 12, 153, 19654 }, // U+06D1
    { 32, 15, 541, 1, 14, 120, 19807 }, // U+06D2
    { 32, 29, 541, 1, 28, 232, 19927 }, // U+06D3
    { 12, 3, 229, 1, 3, 9, 20159 }, // U+06D4
    { 9, 11, 172, 1, 10, 25, 20168 }, // U+06D5
    { 16, 14, 0, -1, 52, 56, 20193 }, // U+06D6
    { 16, 15, 0, -1, 53, 60, 20249 }, // U+06D7
    { 10, 9, 0, 0, 46, 23, 20309 }, // U+06D8
    { 10, 14, 0, -1, 52, 35, 20332 }, // U+06D9
    { 13, 14, 0, -1, 52, 46, 20367 }, // U+06DA
    { 8, 7, 0, 1, 45, 14, 20413 }, // U+06DB
    { 15, 11, 0, 0, 49, 42, 20427 }, // U+06DC
    { 36, 32, 597, 1, 21, 288, 20469 }, // U+06DD
    { 17, 18, 304, 1, 14, 77, 20757 }, // U+06DE
    { 6, 7, 0, 2, 31, 11, 20834 }, // U+06DF
    { 6, 9, 0, 2, 33, 14, 20845 }, // U+06E0
    { 7, 5, 0, 2, 30, 9, 20859 }, // U+06E1
    { 5, 12, 0, 1, 34, 15, 20868 }, // U+06E2
    { 15, 11, 0, 0, -3, 42, 20883 }, // U+06E3
    { 12, 5, 0, -6, 27, 15, 20925 }, // U+06E4
    { 8, 10, 155, 1, 8, 20, 20940 }, // U+06E5
    { 11, 9, 190, 0, 8, 25, 20960 }, // U+06E6
    { 11, 9, 0, -1, 32, 25, 20985 }, // U+06E7
    { 9, 13, 0, 0, 36, 30, 21010 }, // U+06E8
    { 18, 34, 313, 1, 22, 153, 21040 }, // U+06E9
    { 8, 13, 0, 3, -12, 26, 21193 }, // U+06EA
    { 9, 13, 0, -2, 17, 30, 21219 }, // U+06EB
    { 8, 7, 0, -1, 30, 14, 21249 }, // U+06EC
    { 6, 12, 0, 5, -9, 18, 21263 }, // U+06ED
    { 11, 22, 210, 1, 21, 61, 21281 }, // U+06EE
    { 13, 26, 186, -3, 19, 85, 21342 }, // U+06EF
    { 7, 7, 273, 5, 10, 13, 21427 }, // U+06F0
    { 7, 20, 273, 5, 17, 35, 21440 }, // U+06F1
    { 11, 19, 273, 3, 16, 53, 21475 }, // U+06F2
    { 15, 20, 273, 1, 17, 75, 21528 }, // U+06F3
    { 13, 20, 273, 3, 17, 65, 21603 }, // U+06F4
    { 13, 19, 273, 2, 16, 62, 21668 }, // U+06F5
    { 15, 20, 273, 1, 17, 75, 21730 }, // U+06F6
    { 13, 20, 273, 2, 17, 65, 21805 }, // U+06F7
    { 13, 20, 273, 2, 16, 65, 21870 }, // U+06F8
    { 11, 21, 273, 3, 18, 58, 21935 }, // U+06F9
    { 27, 28, 463, 1, 21, 189, 21993 }, // U+06FA
    { 33, 26, 566, 1, 18, 215, 22182 }, // U+06FB
    { 21, 34, 252, 1, 20, 179, 22397 }, // U+06FC
    { 9, 17, 178, 1, 9, 39, 22576 }, // U+06FD
    { 11, 26, 211, 1, 10, 72, 22615 }, // U+06FE
    { 17, 20, 284, 0, 18, 85, 22687 }, // U+06FF
    { 25, 20, 432, 1, 12, 125, 22772 }, // U+0750
    { 25, 27, 432, 1, 18, 169, 22897 }, // U+0751
    { 25, 23, 432, 1, 12, 144, 23066 }, // U+0752
    { 25, 26, 432, 1, 15, 163, 23210 }, // U+0753
    { 25, 22, 432, 1, 14, 138, 23373 }, // U+0754
    { 25, 23, 432, 1, 12, 144, 23511 }, // U+0755
    { 25, 19, 432, 1, 18, 119, 23655 }, // U+0756
    { 23, 32, 309, 0, 16, 184, 23774 }, // U+0757
    { 23, 24, 309, 0, 8, 138, 23958 }, // U+0758
    { 11, 35, 210, 1, 25, 97, 24096 }, // U+0759
    { 11, 22, 210, 1, 12, 61, 24193 }, // U+075A
    { 16, 16, 186, -3, 9, 64, 24254 }, // U+075B
    { 27, 28, 463, 1, 21, 189, 24318 }, // U+075C
    { 21, 35, 252, 1, 21, 184, 24507 }, // U+075D
    { 21, 38, 252, 1, 24, 200, 24691 }, // U+075E
    { 21, 37, 252, 1, 23, 195, 24891 }, // U+075F
    { 27, 21, 459, 1, 16, 142, 25086 }, // U+0760
    { 27, 24, 459, 1, 16, 162, 25228 }, // U+0761
    { 33, 24, 561, 1, 22, 198, 25390 }, // U+0762
    { 33, 28, 561, 1, 26, 231, 25588 }, // U+0763
    { 33, 33, 561, 1, 22, 273, 25819 }, // U+0764
    { 11, 31, 211, 1, 15, 86, 26092 }, // U+0765
    { 11, 26, 211, 1, 10, 72, 26178 }, // U+0766
    { 14, 28, 267, 1, 18, 98, 26250 }, // U+0767
    { 14, 32, 267, 1, 29, 112, 26348 }, // U+0768
    { 14, 28, 267, 1, 25, 98, 26460 }, // U+0769
    { 17, 24, 281, 1, 22, 102, 26558 }, // U+076A
    { 13, 28, 186, -3, 21, 91, 26660 }, // U+076B
    { 13, 27, 186, -3, 20, 88, 26751 }, // U+076C
    { 27, 27, 463, 1, 20, 183, 26839 }, // U+076D
    { 23, 24, 309, 0, 8, 138, 27022 }, // U+076E
    { 23, 24, 309, 0, 8, 138, 27160 }, // U+076F
    { 27, 36, 463, 1, 29, 243, 27298 }, // U+0770
    { 13, 34, 186, -3, 27, 111, 27541 }, // U+0771
    { 23, 38, 309, 0, 22, 219, 27652 }, // U+0772
    { 8, 25, 122, -1, 24, 50, 27871 }, // U+0773
    { 8, 27, 122, -1, 26, 54, 27921 }, // U+0774
    { 21, 25, 357, 1, 18, 132, 27975 }, // U+0775
    { 21, 26, 357, 1, 19, 137, 28107 }, // U+0776
    { 21, 31, 357, 1, 12, 163, 28244 }, // U+0777
    { 14, 26, 187, -3, 19, 91, 28407 }, // U+0778
    { 14, 27, 187, -3, 20, 95, 28498 }, // U+0779
    { 32, 23, 541, 1, 22, 184, 28593 }, // U+077A
    { 32, 24, 541, 1, 23, 192, 28777 }, // U+077B
    { 23, 24, 309, 0, 8, 138, 28969 }, // U+077C
    { 27, 30, 463, 1, 23, 203, 29107 }, // U+077D
    { 27, 28, 463, 1, 21, 189, 29310 }, // U+077E
    { 17, 25, 307, 1, 24, 107, 29499 }, // U+077F
    { 9, 3, 172, 1, 8, 7, 0 }, // U+2010
    { 9, 3, 172, 1, 8, 7, 7 }, // U+2011
    { 13, 3, 241, 1, 8, 10, 14 }, // U+2012
    { 14, 3, 257, 1, 8, 11, 24 }, // U+2013
    { 22, 3, 390, 1, 8, 17, 35 }, // U+2014
    { 30, 3, 522, 1, 8, 23, 52 }, // U+2015
    { 5, 8, 96, 1, 21, 10, 75 }, // U+2018
    { 5, 8, 96, 1, 21, 10, 85 }, // U+2019
    { 5, 8, 96, 0, 4, 10, 95 }, // U+201A
    { 5, 8, 96, 0, 21, 10, 105 }, // U+201B
    { 10, 8, 173, 1, 21, 20, 115 }, // U+201C
    { 10, 8, 173, 1, 21, 20, 135 }, // U+201D
    { 10, 8, 173, 0, 4, 20, 155 }, // U+201E
    { 10, 8, 173, 0, 21, 20, 175 }, // U+201F
    { 11, 20, 182, 0, 19, 55, 195 }, // U+2020
    { 10, 20, 193, 1, 19, 50, 250 }, // U+2021
    { 7, 7, 171, 2, 11, 13, 300 }, // U+2022
    { 4, 4, 96, 1, 3, 4, 313 }, // U+2024
    { 22, 4, 382, 1, 3, 22, 317 }, // U+2026
    { 26, 34, 446, 1, 33, 221, 0 }, // U+FDF2
    { 8, 9, 136, 3, 33, 18, 221 }, // U+FE70
    { 9, 34, 86, -2, 33, 77, 239 }, // U+FE71
    { 8, 12, 136, 3, 36, 24, 316 }, // U+FE72
    { 8, 9, 136, 3, -10, 18, 340 }, // U+FE74
    { 9, 7, 136, 3, 31, 16, 358 }, // U+FE76
    { 9, 32, 86, -2, 31, 72, 374 }, // U+FE77
    { 8, 10, 136, 3, 34, 20, 446 }, // U+FE78
    { 9, 35, 86, -2, 34, 79, 466 }, // U+FE79
    { 9, 7, 136, 3, -8, 16, 545 }, // U+FE7A
    { 9, 18, 86, -1, 3, 41, 561 }, // U+FE7B
    { 9, 7, 136, 1, 30, 16, 602 }, // U+FE7C
    { 9, 31, 86, -2, 30, 70, 618 }, // U+FE7D
    { 6, 7, 136, 2, 31, 11, 688 }, // U+FE7E
    { 8, 32, 86, -1, 31, 64, 699 }, // U+FE7F
    { 9, 10, 178, 1, 9, 23, 763 }, // U+FE80
    { 14, 28, 101, -5, 27, 98, 786 }, // U+FE81
    { 15, 27, 153, -3, 27, 102, 884 }, // U+FE82
    { 7, 31, 109, 0, 30, 55, 986 }, // U+FE83
    { 9, 30, 135, 1, 30, 68, 1041 }, // U+FE84
    { 14, 26, 187, -3, 19, 91, 1109 }, // U+FE85
    { 14, 26, 161, -3, 17, 91, 1200 }, // U+FE86
    { 7, 30, 101, 1, 21, 53, 1291 }, // U+FE87
    { 8, 31, 107, 0, 22, 62, 1344 }, // U+FE88
    { 21, 25, 357, 1, 18, 132, 1406 }, // U+FE89
    { 19, 25, 273, 1, 14, 119, 1538 }, // U+FE8A
    { 7, 18, 89, -1, 18, 32, 1657 }, // U+FE8B
    { 9, 17, 114, -1, 17, 39, 1689 }, // U+FE8C
    { 5, 22, 101, 1, 21, 28, 1728 }, // U+FE8D
    { 7, 22, 107, 1, 22, 39, 1756 }, // U+FE8E
    { 25, 21, 432, 1, 12, 132, 1795 }, // U+FE8F
    { 26, 17, 412, 1, 8, 111, 1927 }, // U+FE90
    { 6, 17, 89, -1, 9, 26, 2038 }, // U+FE91
    { 9, 13, 114, -1, 5, 30, 2064 }, // U+FE92
    { 9, 20, 172, 1, 19, 45, 2094 }, // U+FE93
    { 12, 20, 177, 0, 19, 60, 2139 }, // U+FE94
    { 25, 16, 432, 1, 15, 100, 2199 }, // U+FE95
    { 26, 18, 412, 1, 15, 117, 2299 }, // U+FE96
    { 8, 14, 89, -2, 14, 28, 2416 }, // U+FE97
    { 9, 14, 114, -1, 14, 32, 2444 }, // U+FE98
    { 25, 19, 432, 1, 18, 119, 2476 }, // U+FE99
    { 26, 21, 412, 1, 18, 137, 2595 }, // U+FE9A
    { 7, 17, 89, -1, 17, 30, 2732 }, // U+FE9B
    { 9, 17, 114, -1, 17, 39, 2762 }, // U+FE9C
    { 23, 24, 309, 0, 8, 138, 2801 }, // U+FE9D
    { 21, 24, 298, 1, 8, 126, 2939 }, // U+FE9E
    { 19, 16, 306, -1, 10, 76, 3065 }, // U+FE9F
    { 20, 16, 285, -1, 10, 80, 3141 }, // U+FEA0
    { 23, 24, 309, 0, 8, 138, 3221 }, // U+FEA1
    { 21, 24, 298, 1, 8, 126, 3359 }, // U+FEA2
    { 19, 10, 306, -1, 10, 48, 3485 }, // U+FEA3
    { 20, 11, 285, -1, 10, 55, 3533 }, // U+FEA4
    { 23, 31, 309, 0, 15, 179, 3588 }, // U+FEA5
    { 21, 31, 298, 1, 15, 163, 3767 }, // U+FEA6
    { 19, 16, 306, -1, 16, 76, 3930 }, // U+FEA7
    { 20, 17, 285, -1, 16, 85, 4006 }, // U+FEA8
    { 11, 13, 210, 1, 12, 36, 4091 }, // U+FEA9
    { 14, 15, 220, 1, 15, 53, 4127 }, // U+FEAA
    { 11, 20, 210, 1, 19, 55, 4180 }, // U+FEAB
    { 14, 21, 220, 1, 21, 74, 4235 }, // U+FEAC
    { 13, 16, 186, -3, 9, 52, 4309 }, // U+FEAD
    { 14, 14, 160, -3, 5, 49, 4361 }, // U+FEAE
    { 13, 25, 186, -3, 18, 82, 4410 }, // U+FEAF
    { 14, 23, 160, -3, 14, 81, 4492 }, // U+FEB0
    { 27, 18, 463, 1, 11, 122, 4573 }, // U+FEB1
    { 32, 17, 504, 1, 6, 136, 4695 }, // U+FEB2
    { 16, 9, 265, -1, 9, 36, 4831 }, // U+FEB3
    { 19, 7, 265, -1, 6, 34, 4867 }, // U+FEB4
    { 27, 28, 463, 1, 21, 189, 4901 }, // U+FEB5
    { 32, 28, 504, 1, 17, 224, 5090 }, // U+FEB6
    { 16, 19, 265, -1, 19, 76, 5314 }, // U+FEB7
    { 19, 18, 265, -1, 17, 86, 5390 }, // U+FEB8
    { 33, 20, 566, 1, 12, 165, 5476 }, // U+FEB9
    { 34, 20, 551, 1, 11, 170, 5641 }, // U+FEBA
    { 20, 12, 326, -1, 9, 60, 5811 }, // U+FEBB
    { 23, 13, 337, -1, 10, 75, 5871 }, // U+FEBC
    { 33, 26, 566, 1, 18, 215, 5946 }, // U+FEBD
    { 34, 26, 551, 1, 17, 221, 6161 }, // U+FEBE
    { 20, 18, 326, -1, 15, 90, 6382 }, // U+FEBF
    { 23, 19, 337, -1, 16, 110, 6472 }, // U+FEC0
    { 21, 23, 370, 1, 22, 121, 6582 }, // U+FEC1
    { 22, 24, 351, 1, 23, 132, 6703 }, // U+FEC2
    { 16, 21, 265, -1, 21, 84, 6835 }, // U+FEC3
    { 19, 23, 257, -2, 22, 110, 6919 }, // U+FEC4
    { 21, 23, 370, 1, 22, 121, 7029 }, // U+FEC5
    { 22, 24, 351, 1, 23, 132, 7150 }, // U+FEC6
    { 16, 21, 265, -1, 21, 84, 7282 }, // U+FEC7
    { 19, 23, 257, -2, 22, 110, 7366 }, // U+FEC8
    { 21, 28, 252, 1, 14, 147, 7476 }, // U+FEC9
    { 22, 27, 230, 0, 10, 149, 7623 }, // U+FECA
    { 15, 12, 223, -2, 12, 45, 7772 }, // U+FECB
    { 14, 11, 171, -2, 10, 39, 7817 }, // U+FECC
    { 21, 34, 252, 1, 20, 179, 7856 }, // U+FECD
    { 22, 33, 230, 0, 16, 182, 8035 }, // U+FECE
    { 15, 18, 223, -2, 18, 68, 8217 }, // U+FECF
    { 14, 17, 171, -2, 16, 60, 8285 }, // U+FED0
    { 26, 22, 459, 1, 21, 143, 8345 }, // U+FED1
    { 30, 20, 469, 1, 16, 150, 8488 }, // U+FED2
    { 8, 18, 138, -1, 18, 36, 8638 }, // U+FED3
    { 13, 20, 176, -1, 19, 65, 8674 }, // U+FED4
    { 18, 24, 321, 1, 19, 108, 8739 }, // U+FED5
    { 18, 22, 283, 1, 14, 99, 8847 }, // U+FED6
    { 8, 19, 138, -1, 19, 38, 8946 }, // U+FED7
    { 13, 21, 176, -1, 20, 69, 8984 }, // U+FED8
    { 17, 25, 307, 1, 24, 107, 9053 }, // U+FED9
    { 24, 24, 384, 1, 22, 144, 9160 }, // U+FEDA
    { 19, 23, 308, -1, 22, 110, 9304 }, // U+FEDB
    { 19, 25, 274, -1, 24, 119, 9414 }, // U+FEDC
    { 15, 24, 281, 1, 22, 90, 9533 }, // U+FEDD
    { 19, 30, 301, 1, 19, 143, 9623 }, // U+FEDE
    { 5, 21, 82, -1, 21, 27, 9766 }, // U+FEDF
    { 9, 22, 92, -2, 21, 50, 9793 }, // U+FEE0
    { 11, 26, 211, 1, 10, 72, 9843 }, // U+FEE1
    { 16, 24, 244, 1, 7, 96, 9915 }, // U+FEE2
    { 11, 10, 182, -1, 10, 28, 10011 }, // U+FEE3
    { 16, 9, 216, -1, 8, 36, 10039 }, // U+FEE4
    { 14, 21, 267, 1, 18, 74, 10075 }, // U+FEE5
    { 18, 21, 287, 1, 11, 95, 10149 }, // U+FEE6
    { 6, 15, 89, -1, 15, 23, 10244 }, // U+FEE7
    { 9, 14, 114, -1, 14, 32, 10267 }, // U+FEE8
    { 9, 11, 172, 1, 10, 25, 10299 }, // U+FEE9
    { 11, 15, 177, 1, 14, 42, 10324 }, // U+FEEA
    { 14, 13, 211, -2, 13, 46, 10366 }, // U+FEEB
    { 14, 18, 182, -1, 11, 63, 10412 }, // U+FEEC
    { 14, 16, 187, -3, 9, 56, 10475 }, // U+FEED
    { 14, 16, 161, -3, 7, 56, 10531 }, // U+FEEE
    { 21, 19, 357, 1, 12, 100, 10587 }, // U+FEEF
    { 19, 14, 273, 1, 3, 67, 10687 }, // U+FEF0
    { 21, 26, 357, 1, 12, 137, 10754 }, // U+FEF1
    { 19, 21, 273, 1, 3, 100, 10891 }, // U+FEF2
    { 8, 18, 89, -1, 9, 36, 10991 }, // U+FEF3
    { 9, 12, 114, -1, 5, 27, 11027 }, // U+FEF4
    { 21, 29, 300, -3, 27, 153, 11054 }, // U+FEF5
    { 25, 27, 323, -3, 25, 169, 11207 }, // U+FEF6
    { 19, 31, 300, -1, 29, 148, 11376 }, // U+FEF7
    { 23, 30, 323, -1, 28, 173, 11524 }, // U+FEF8
    { 17, 34, 300, 1, 22, 145, 11697 }, // U+FEF9
    { 23, 32, 323, -1, 21, 184, 11842 }, // U+FEFA
    { 17, 24, 300, 1, 22, 102, 12026 }, // U+FEFB
    { 21, 23, 323, 1, 21, 121, 12128 }, // U+FEFC
    { 0, 0, 0, 0, 0, 0, 12249 }, // U+FEFF
};

static const EpdUnicodeInterval amiri_14_regularIntervals[] = {
    { 0x20, 0x7E, 0x0 },
    { 0x600, 0x604, 0x5F },
    { 0x606, 0x6FF, 0x64 },
    { 0x750, 0x77F, 0x15E },
    { 0x2010, 0x2015, 0x18E },
    { 0x2018, 0x2022, 0x194 },
    { 0x2024, 0x2024, 0x19F },
    { 0x2026, 0x2026, 0x1A0 },
    { 0xFDF2, 0xFDF2, 0x1A1 },
    { 0xFE70, 0xFE72, 0x1A2 },
    { 0xFE74, 0xFE74, 0x1A5 },
    { 0xFE76, 0xFEFC, 0x1A6 },
    { 0xFEFF, 0xFEFF, 0x22D },
};

static const EpdFontGroup amiri_14_regularGroups[] = {
    { 0, 3103, 6322, 95, 0 },
    { 3103, 7206, 32531, 303, 95 },
    { 10309, 289, 406, 19, 398 },
    { 10598, 4273, 13482, 141, 417 },
};

static const EpdKernClassEntry amiri_14_regularKernLeftClasses[] = {
    { 0x0022, 1 }, // "
    { 0x0026, 2 }, // &
    { 0x0027, 1 }, // '
    { 0x002E, 3 }, // .
    { 0x0041, 4 }, // A
    { 0x0042, 5 }, // B
    { 0x0043, 6 }, // C
    { 0x0044, 7 }, // D
    { 0x0045, 8 }, // E
    { 0x0046, 9 }, // F
    { 0x0047, 10 }, // G
    { 0x0048, 11 }, // H
    { 0x0049, 11 }, // I
    { 0x004A, 12 }, // J
    { 0x004B, 13 }, // K
    { 0x004C, 14 }, // L
    { 0x004D, 15 }, // M
    { 0x004E, 16 }, // N
    { 0x004F, 7 }, // O
    { 0x0050, 17 }, // P
    { 0x0051, 7 }, // Q
    { 0x0052, 18 }, // R
    { 0x0053, 19 }, // S
    { 0x0054, 20 }, // T
    { 0x0055, 21 }, // U
    { 0x0056, 22 }, // V
    { 0x0057, 23 }, // W
    { 0x0058, 24 }, // X
    { 0x0059, 25 }, // Y
    { 0x005A, 26 }, // Z
    { 0x0076, 27 }, // v
    { 0x0077, 28 }, // w
    { 0x0079, 27 }, // y
    { 0x0677, 29 }, // U+0677
    { 0x0688, 30 }, // U+0688
    { 0x0689, 30 }, // U+0689
    { 0x068A, 30 }, // U+068A
    { 0x068B, 30 }, // U+068B
    { 0x068C, 30 }, // U+068C
    { 0x068D, 30 }, // U+068D
    { 0x068E, 30 }, // U+068E
    { 0x068F, 30 }, // U+068F
    { 0x0690, 30 }, // U+0690
    { 0x0691, 29 }, // U+0691
    { 0x0692, 29 }, // U+0692
    { 0x0693, 29 }, // U+0693
    { 0x0694, 29 }, // U+0694
    { 0x0695, 29 }, // U+0695
    { 0x0696, 29 }, // U+0696
    { 0x0697, 29 }, // U+0697
    { 0x0698, 29 }, // U+0698
    { 0x0699, 29 }, // U+0699
    { 0x06C4, 29 }, // U+06C4
    { 0x06C5, 29 }, // U+06C5
    { 0x06C6, 29 }, // U+06C6
    { 0x06C7, 29 }, // U+06C7
    { 0x06C8, 29 }, // U+06C8
    { 0x06C9, 29 }, // U+06C9
    { 0x06CA, 29 }, // U+06CA
    { 0x06CB, 29 }, // U+06CB
    { 0x06CF, 29 }, // U+06CF
    { 0x06EE, 30 }, // U+06EE
    { 0x06EF, 29 }, // U+06EF
    { 0x0759, 30 }, // U+0759
    { 0x075A, 30 }, // U+075A
    { 0x075B, 29 }, // U+075B
    { 0x076B, 29 }, // U+076B
    { 0x076C, 29 }, // U+076C
    { 0x0771, 29 }, // U+0771
    { 0x0778, 29 }, // U+0778
    { 0x0779, 29 }, // U+0779
    { 0xFE85, 29 }, // U+FE85
    { 0xFEA9, 30 }, // U+FEA9
    { 0xFEAB, 30 }, // U+FEAB
    { 0xFEAD, 29 }, // U+FEAD
    { 0xFEAF, 29 }, // U+FEAF
    { 0xFEED, 29 }, // U+FEED
};

static const EpdKernClassEntry amiri_14_regularKernRightClasses[] = {
    { 0x0022, 1 }, // "
    { 0x0026, 2 }, // &
    { 0x0027, 1 }, // '
    { 0x002A, 3 }, // *
    { 0x002D, 4 }, // -
    { 0x003A, 5 }, // :
    { 0x003B, 5 }, // ;
    { 0x003F, 6 }, // ?
    { 0x0040, 7 }, // @
    { 0x0043, 8 }, // C
    { 0x0047, 8 }, // G
    { 0x004F, 8 }, // O
    { 0x0051, 8 }, // Q
    { 0x0053, 9 }, // S
    { 0x0054, 10 }, // T
    { 0x0056, 11 }, // V
    { 0x0057, 12 }, // W
    { 0x0059, 13 }, // Y
    { 0x005A, 14 }, // Z
    { 0x0061, 15 }, // a
    { 0x0062, 16 }, // b
    { 0x0063, 17 }, // c
    { 0x0064, 18 }, // d
    { 0x0066, 19 }, // f
    { 0x0067, 20 }, // g
    { 0x0068, 21 }, // h
    { 0x0069, 22 }, // i
    { 0x006A, 23 }, // j
    { 0x006B, 21 }, // k
    { 0x006C, 21 }, // l
    { 0x006D, 24 }, // m
    { 0x006E, 24 }, // n
    { 0x0070, 25 }, // p
    { 0x0071, 26 }, // q
    { 0x0072, 24 }, // r
    { 0x0073, 27 }, // s
    { 0x0074, 28 }, // t
    { 0x0075, 29 }, // u
    { 0x0076, 30 }, // v
    { 0x0077, 31 }, // w
    { 0x0078, 32 }, // x
    { 0x0079, 33 }, // y
    { 0x007A, 34 }, // z
    { 0x061B, 35 }, // U+061B
    { 0x063B, 36 }, // U+063B
    { 0x063C, 36 }, // U+063C
    { 0x06A9, 36 }, // U+06A9
    { 0x06AB, 36 }, // U+06AB
    { 0x06AF, 36 }, // U+06AF
    { 0x06B0, 36 }, // U+06B0
    { 0x06B1, 36 }, // U+06B1
    { 0x06B2, 36 }, // U+06B2
    { 0x06B3, 36 }, // U+06B3
    { 0x06B4, 36 }, // U+06B4
    { 0x0762, 36 }, // U+0762
    { 0x0763, 36 }, // U+0763
    { 0x0764, 36 }, // U+0764
    { 0x2013, 4 }, // U+2013
    { 0x2014, 4 }, // U+2014
    { 0x2015, 4 }, // U+2015
    { 0x2018, 37 }, // U+2018
    { 0x2019, 38 }, // U+2019
    { 0x201C, 37 }, // U+201C
    { 0x201D, 38 }, // U+201D
};

static const int8_t amiri_14_regularKernMatrix[] = {
       0,    0,    0,    0,    0,    0,  -10,    0,    0,    0,    0,    0,    0,    0,    0,    0,    0,    0,    0,    0,    0,    0,    0,    0,    0,    0,    0,    0,    0,    0,    0,    0,    0,    0,    0,    0,    0,    0,
     -17,    0,    0,    0,    0,    0,    0,    0,    0,  -14,  -13,  -10,  -15,    0,    0,    0,    0,    0,    0,    0,    0,    0,    0,    0,    0,    0,    0,    0,    0,    0,    0,    0,    0,    0,    0,    0,    0,    0,
       0,    0,    0,    0,    0,    0,    0,    0,    0,    0,    0,    0,    0,    0,    0,    0,    0,    0,    0,    0,    0,    0,    0,    0,    0,    0,    0,    0,    0,    0,    0,    0,    0,    0,    0,    0,  -68,    0,
       0,    0,  -19,   -7,    0,    0,    0,  -10,    0,    0,    0,    0,    0,    0,    0,    0,   -5,   -4,    0,    0,    0,    0,    0,    0,    0,   -4,    0,   -4,   -6,  -20,  -20,    0,  -20,    0,    0,    0,  -22,  -21,
       0,    0,    0,    0,    0,    0,    0,    0,    0,    0,    0,    0,    0,    0,    0,    0,    0,    0,   -4,    0,   -3,   -4,   -3,   -4,    0,    0,    0,   -2,    0,   -9,   -8,  -11,   -8,   -5,    0,    0,    0,    0,
       0,    0,    0,    0,    0,    0,    0,    0,    0,    0,    0,    0,    0,    0,    0,    0,    0,    0,    0,    0,    0,   -2,    0,    0,    0,    0,    0,    0,    0,   -7,   -7,    0,   -7,    0,    0,    0,    0,    0,
       0,    0,    0,    0,    0,    0,    0,    0,    0,    0,    0,    0,    0,   -2,    0,    0,    0,    0,    0,    0,   -5,    0,    0,    0,    0,    0,    0,    0,    0,    0,    0,  -10,    0,    0,    0,    0,    0,    0,
       0,    0,    0,    0,    0,    0,    0,    0,    0,    0,    0,    0,    0,    0,    0,    0,    0,    0,    0,    0,    0,    0,   -2,    0,    0,    0,    0,   -3,   -2,  -12,  -11,    0,  -11,   -3,    0,    0,    0,    0,
       0,   -5,    0,   -4,   -4,    0,    0,    0,    0,    0,    0,    0,    0,    0,  -14,    0,  -13,  -12,   -5,  -12,    0,   -2,    0,   -8,   -3,  -12,  -12,   -3,   -4,   -4,   -4,   -7,   -4,  -10,    0,    0,    0,    0,
       0,    0,    0,    0,    0,    0,    0,    0,    0,    0,    0,    0,    0,    0,    0,    0,    0,    0,    0,    0,    0,    0,    0,    0,    0,    0,    0,    0,    0,   -5,   -5,   -5,   -5,    0,    0,    0,    0,    0,
       0,    0,    0,   -5,    0,    0,    0,   -4,    0,    0,    0,    0,    0,    0,   -4,    0,  -10,   -9,    0,   -6,    0,    0,   -2,    0,   -3,   -9,   -3,   -7,   -6,   -8,   -8,    0,   -8,    0,    0,    0,    0,    0,
       0,   -5,    0,   -4,    0,    0,    0,   -4,    0,    0,    0,    0,    0,    0,  -10,    0,  -11,  -11,   -9,  -10,    0,   -5,   -3,   -8,   -7,  -11,  -10,   -9,   -7,   -7,   -7,   -3,   -7,  -10,    0,    0,    0,    0,
       0,    0,    0,  -16,    0,    0,    0,  -24,    0,    0,    0,    0,    0,    0,    0,    0,  -15,  -14,    0,   -2,    0,    0,    0,    0,    0,  -13,    0,   -4,   -6,  -34,  -34,    0,  -33,    0,    0,    0,    0,    0,
       0,    0,  -36,    0,    0,    0,    0,    0,    0,    0,    0,    0,    0,    0,    0,    0,    0,    0,    0,    0,    0,    0,    0,    0,    0,    0,    0,    0,    0,  -21,  -21,    0,  -21,    0,    0,    0,  -32,  -33,
       0,    0,    0,   -5,    0,    0,    0,   -5,    0,    0,    0,    0,    0,    0,   -3,    0,   -9,   -8,    0,   -4,    0,    0,   -2,    0,   -2,   -8,   -2,   -7,   -6,   -9,   -9,    0,   -9,    0,    0,    0,    0,    0,
       0,   -6,    0,   -5,    0,    0,    0,   -5,    0,    0,    0,    0,    0,    0,  -11,    0,  -11,  -11,   -9,  -10,    0,   -5,   -3,   -9,   -7,  -11,  -11,   -9,   -9,   -9,   -9,   -3,   -8,  -11,    0,    0,    0,    0,
       0,  -10,    3,  -20,    0,    0,    0,    0,    0,    0,    0,    0,    0,    0,   -9,    0,  -17,  -17,    0,  -10,    0,    0,    0,    0,    0,  -17,   -7,    0,    0,    0,    0,    0,    0,    0,    0,    0,    0,    0,
       0,    0,   -7,   -4,    0,    0,    0,   -7,    0,    0,    0,    0,    0,    0,    0,    0,   -4,   -4,    0,   -2,    0,    0,    0,    0,    0,   -4,    0,    0,   -3,  -16,  -16,    0,  -16,    0,    0,    0,    0,    0,
       0,    0,    0,    0,    0,    0,    0,    0,    0,    0,    0,    0,    0,    0,    0,    0,    0,    0,   -3,    0,    0,   -4,   -3,   -4,    0,    0,    0,   -3,   -2,  -10,  -10,   -6,   -9,   -5,    0,    0,    0,    0,
       0,  -10,    0,  -29,  -16,    0,    0,   -3,    0,    0,    0,    0,    0,    0,  -39,    0,  -47,  -46,  -10,  -39,    0,   -9,   -3,  -33,  -30,  -46,  -37,   -8,  -31,  -26,  -26,  -28,  -25,  -36,    0,    0,    0,    0,
       0,   -6,    0,   -4,   -4,    0,    0,   -3,    0,    0,    0,    0,    0,    0,  -14,    4,  -13,  -13,  -10,  -12,    0,   -4,    0,  -10,   -6,  -13,  -13,   -9,   -7,   -6,   -6,   -7,   -6,  -13,    0,    0,    0,    0,
       0,  -13,    0,  -21,  -14,    0,    0,  -10,   -4,    0,    0,    0,    0,    0,  -37,   17,  -35,  -35,  -16,  -32,   10,   -4,    0,  -29,  -22,  -35,  -34,  -17,  -19,  -17,  -18,  -18,  -17,  -30,    0,    0,    0,    0,
       0,  -12,    0,  -16,  -11,    0,    0,   -9,   -3,    0,    0,    0,    0,    0,  -29,   14,  -26,  -26,  -14,  -25,    7,   -4,    0,  -20,  -14,  -26,  -27,  -16,  -15,  -13,  -13,  -12,  -13,  -22,    0,    0,    0,    0,
       0,    0,    0,  -11,    0,    0,    0,  -14,    0,    0,    0,    0,    0,    0,    0,    0,  -13,  -12,    0,    0,    0,    0,    0,    0,    0,  -11,    0,   -6,   -6,  -28,  -28,    0,  -28,    0,    0,    0,    0,    0,
       0,  -13,    0,  -26,  -14,    0,    0,  -16,   -4,    0,    0,    0,    0,    0,  -37,   13,  -42,  -42,  -17,  -35,    5,   -5,    0,  -32,  -29,  -42,  -35,  -28,  -32,  -28,  -28,  -27,  -28,  -36,    0,    0,    0,    0,
       0,    0,   -6,    0,    0,    0,    0,    0,    0,    0,    0,    0,    0,    0,    0,    0,    0,    0,    0,   -2,    0,   -2,   -4,   -2,   -3,    0,    0,   -5,   -5,  -19,  -19,    0,  -18,   -4,    0,    0,    0,    0,
       0,    0,    0,    0,    0,   -5,    0,    0,    0,    0,    0,    0,    0,    0,    0,    0,    0,    0,    0,    0,    0,    0,    0,    0,    0,    0,    0,    0,    0,    0,    0,    0,    0,    0,    0,    0,    0,    0,
       0,    0,    0,    0,    0,   -6,    0,    0,    0,    0,    0,    0,    0,    0,    0,    0,    0,    0,    0,    0,    0,    0,    0,    0,    0,    0,    0,    0,    0,    0,    0,    0,    0,    0,    0,    0,    0,    0,
       0,    0,    0,    0,    0,    0,    0,    0,    0,    0,    0,    0,    0,    0,    0,    0,    0,    0,    0,    0,    0,    0,    0,    0,    0,    0,    0,    0,    0,    0,    0,    0,    0,    0,   28,  -68,    0,    0,
       0,    0,    0,    0,    0,    0,    0,    0,    0,    0,    0,    0,    0,    0,    0,    0,    0,    0,    0,    0,    0,    0,    0,    0,    0,    0,    0,    0,    0,    0,    0,    0,    0,    0,    0,  -91,    0,    0,
};

static const EpdFontData amiri_14_regular = {
    amiri_14_regularBitmaps,
    amiri_14_regularGlyphs,
    amiri_14_regularIntervals,
    13,
    51,
    33,
    -19,
    true,
    amiri_14_regularGroups,
    4,
    nullptr,
    amiri_14_regularKernLeftClasses,
    amiri_14_regularKernRightClasses,
    amiri_14_regularKernMatrix,
    77,
    64,
    30,
    38,
    nullptr,
    0,
};
