/**
 * generated by fontconvert.py
 * name: amiri_12_regular
 * size: 12
 * mode: 2-bit  compressed: true
 * Command used: fontconvert.py amiri_12_regular 12 ../builtinFonts/source/Amiri/Amiri-Regular.ttf --2bit --compress --script arabic
 */
#pragma once
#include "EpdFontData.h"

static const uint8_t amiri_12_regularBitmaps[11781] = {
    0xB5, 0x57, 0x4F, 0x6C, 0x1C, 0x57, 0x19, 0xFF, 0xCD, 0x9B, 0xC4, 0x13, 0x7B, 0x76, 0xF3, 0x72,
    0x48, 0xCA, 0x92, 0xD8, 0x1E, 0x4B, 0x58, 0x60, 0xCA, 0xDA, 0x33, 0x07, 0x83, 0x56, 0xD5, 0xD8,
    0x3B, 0x55, 0xA4, 0xF6, 0x50, 0x10, 0x39, 0xC4, 0x14, 0x4E, 0x58, 0xA8, 0x87, 0x56, 0x82, 0xC6,
    0x07, 0x23, 0x99, 0x6A, 0xD3, 0x9D, 0x50, 0x44, 0x2F, 0x1C, 0xF6, 0x80, 0xB8, 0xF4, 0xC0, 0x1E,
    0x22, 0x14, 0x52, 0xB5, 0xF6, 0x61, 0x0F, 0x2E, 0x72, 0xBA, 0xD3, 0xF6, 0x84, 0x38, 0x30, 0x8A,
    0xD4, 0x72, 0xE0, 0xC0, 0xA0, 0x46, 0x1C, 0x8A, 0xD4, 0x0E, 0x62, 0x41, 0x5B, 0x6A, 0x67, 0xF8,
    0x7D, 0x6F, 0xD6, 0x7F, 0x92, 0x38, 0xA5, 0x3D, 0xF0, 0xE6, 0x7D, 0xDF, 0xCE, 0xCE, 0xFB, 0xF7,
    0xBD, 0xEF, 0xFB, 0xBD, 0xEF, 0xFB, 0xDE, 0xD9, 0xB0, 0x2C, 0x8D, 0xB9, 0xB9, 0xD9, 0xB3, 0x38,
    0xD3, 0x0A, 0x01, 0xD4, 0xBB, 0x61, 0xD6, 0xC8, 0xE6, 0xB2, 0x5A, 0x07, 0x50, 0x0A, 0xB6, 0x0D,
    0xDB, 0x41, 0xB3, 0x48, 0x4F, 0x9E, 0xC4, 0xC9, 0x71, 0x9C, 0x3A, 0x85, 0xE7, 0x5F, 0x8F, 0x58,
    0xF9, 0x52, 0x3B, 0x0B, 0x29, 0xA7, 0x80, 0xD7, 0x30, 0xF1, 0xFD, 0xA4, 0xFE, 0x48, 0xD2, 0x98,
    0x4D, 0x36, 0x66, 0xA2, 0xA5, 0x00, 0xFE, 0x16, 0xDC, 0x1C, 0xD6, 0x5D, 0xA0, 0x1F, 0xE3, 0xE5,
    0x0C, 0x6F, 0xE5, 0x9D, 0x24, 0xEF, 0x5E, 0xCB, 0x7E, 0xF2, 0x52, 0xE2, 0x7F, 0x08, 0x15, 0xC9,
    0x38, 0xD5, 0xC5, 0x99, 0xEA, 0x14, 0x82, 0xBA, 0x8B, 0xB4, 0xE1, 0xDA, 0x51, 0xC3, 0x99, 0x40,
    0xE8, 0x4E, 0x62, 0xAA, 0x1A, 0xC0, 0xB9, 0x91, 0xB2, 0xC3, 0xCF, 0x63, 0x38, 0x8B, 0x6B, 0xA8,
    0x6C, 0xD5, 0xB1, 0x98, 0x4D, 0xA2, 0x9B, 0x4D, 0xAA, 0x38, 0x9F, 0x74, 0xB0, 0xDE, 0xA8, 0x60,
    0xBA, 0x8B, 0xFD, 0xD2, 0x8E, 0x61, 0xA5, 0x19, 0xEC, 0x64, 0x6B, 0x44, 0x19, 0xD4, 0xED, 0x04,
    0xF8, 0x0F, 0xDB, 0x86, 0x80, 0xB3, 0x33, 0x76, 0x63, 0xDE, 0x53, 0xE9, 0x86, 0xFB, 0x52, 0xDC,
    0xB3, 0xFF, 0x8C, 0x1E, 0x76, 0xD1, 0xC2, 0x55, 0x2C, 0x5B, 0x7F, 0xF9, 0xAE, 0xBB, 0xE7, 0x64,
    0x66, 0x8E, 0x3A, 0x75, 0x50, 0x03, 0x4E, 0x60, 0x16, 0xAB, 0x48, 0xEC, 0xC8, 0xC1, 0x69, 0x4C,
    0xA1, 0x8E, 0x90, 0x4F, 0x83, 0xCF, 0x06, 0x1F, 0xF9, 0x0D, 0xF9, 0x6D, 0x12, 0x55, 0xB8, 0x70,
    0xA0, 0x62, 0x24, 0x08, 0xC0, 0x61, 0x31, 0x7F, 0x2A, 0x98, 0x80, 0x1D, 0xA9, 0x04, 0x29, 0x72,
    0x6C, 0x61, 0xFD, 0x60, 0x40, 0xC3, 0x3C, 0xEB, 0xFC, 0x96, 0x23, 0xB3, 0x12, 0x15, 0xDB, 0x18,
    0xE7, 0xA0, 0x19, 0x18, 0x2D, 0xD8, 0x71, 0xA4, 0xDE, 0x49, 0xF0, 0x07, 0xB0, 0x7F, 0xF3, 0x0D,
    0x9C, 0xFD, 0x52, 0x8A, 0x6E, 0x07, 0x14, 0xAA, 0x63, 0x34, 0xCB, 0xA5, 0xEE, 0xA1, 0x47, 0x37,
    0x6F, 0x46, 0xA4, 0x07, 0xBE, 0x73, 0x79, 0x4C, 0x2D, 0x4F, 0x57, 0x6A, 0x33, 0x78, 0xE4, 0x7A,
    0x7F, 0x28, 0x3B, 0x99, 0x86, 0x9F, 0x34, 0x13, 0x8F, 0x5B, 0x61, 0xB1, 0x28, 0x5D, 0x95, 0x9D,
    0x26, 0xB1, 0x48, 0x59, 0xD7, 0xD0, 0xA5, 0x98, 0x89, 0xC5, 0x8D, 0xDA, 0xDC, 0xC8, 0x7E, 0x53,
    0xC3, 0x34, 0x5D, 0x02, 0x9E, 0x83, 0xF3, 0xA7, 0x58, 0x5B, 0xE9, 0x3C, 0xF2, 0x10, 0x3D, 0xEE,
    0x7D, 0x1B, 0xAD, 0x6D, 0x84, 0x3D, 0x84, 0xE4, 0xFC, 0xCB, 0x8F, 0x21, 0xF2, 0x69, 0x64, 0xEE,
    0xC5, 0x44, 0x8C, 0xCC, 0x12, 0xBB, 0xC9, 0x57, 0x12, 0xFB, 0x21, 0x8F, 0x37, 0x60, 0x8F, 0x1B,
    0x70, 0x8A, 0x68, 0xCA, 0x49, 0x66, 0x54, 0x06, 0xCB, 0x54, 0x95, 0x72, 0xFB, 0x54, 0xA5, 0x08,
    0xBF, 0x08, 0x4A, 0xA4, 0xE2, 0x13, 0x63, 0x08, 0xBC, 0x22, 0x6F, 0x16, 0x99, 0xD5, 0xC5, 0xE9,
    0x5B, 0x98, 0xF1, 0x00, 0x6D, 0x2A, 0xFB, 0xAC, 0xC3, 0xE1, 0x62, 0x1E, 0x51, 0x91, 0xD0, 0xCA,
    0x65, 0xBD, 0xE4, 0x44, 0x83, 0x2A, 0xDA, 0xA5, 0x15, 0xA9, 0x52, 0x8B, 0x73, 0xA6, 0x70, 0x53,
    0x7C, 0x39, 0xC5, 0x0F, 0x52, 0xFC, 0x34, 0xB5, 0x55, 0x3A, 0xAE, 0xD2, 0x9A, 0x4A, 0x1F, 0x7B,
    0x75, 0xD8, 0x2F, 0x86, 0xB2, 0xE8, 0x41, 0x05, 0xC6, 0x6E, 0x46, 0xBA, 0x40, 0x75, 0x45, 0x74,
    0x4D, 0x43, 0xCE, 0x02, 0xDF, 0xB8, 0x8E, 0xE6, 0xFF, 0x58, 0x65, 0x15, 0x4E, 0x44, 0x65, 0xC1,
    0x88, 0x4F, 0xD1, 0xA6, 0x9E, 0x83, 0xBF, 0x99, 0x84, 0x8A, 0xCA, 0xCA, 0x8D, 0x6A, 0xA4, 0x4E,
    0x23, 0xD7, 0x2A, 0x51, 0x1F, 0xCA, 0x80, 0x93, 0x2B, 0x97, 0xFD, 0x62, 0xF0, 0xF5, 0x95, 0xB5,
    0x55, 0x8E, 0x25, 0x5A, 0xAC, 0x18, 0x0A, 0x52, 0x4F, 0x99, 0xCA, 0xBD, 0xAF, 0xC9, 0x6C, 0x16,
    0x97, 0x8A, 0x60, 0xEC, 0x05, 0xEB, 0x3A, 0x4E, 0x7B, 0x08, 0x9D, 0xA8, 0x61, 0xC7, 0xAC, 0x7C,
    0xF1, 0x88, 0xBA, 0x01, 0x9C, 0x5D, 0xD4, 0x9B, 0x58, 0x77, 0x93, 0xDC, 0x96, 0xBA, 0x65, 0x27,
    0x6C, 0xD2, 0x3B, 0x66, 0xCC, 0x1B, 0x70, 0x9E, 0x8C, 0xA7, 0xAC, 0xCC, 0x88, 0x31, 0x08, 0xB1,
    0x4D, 0x31, 0x16, 0xD0, 0xD3, 0xBF, 0xCA, 0xD5, 0x5E, 0x6E, 0x34, 0x63, 0xC4, 0x6D, 0xC8, 0xEB,
    0x94, 0x19, 0x71, 0xB6, 0xD5, 0x32, 0xBF, 0x67, 0xF8, 0x7B, 0x12, 0x1E, 0x9F, 0xC3, 0xA2, 0xF9,
    0x4F, 0x13, 0x1B, 0x15, 0xD1, 0x4A, 0x59, 0xB6, 0x45, 0xB1, 0xB7, 0x84, 0x2D, 0x01, 0xCB, 0x3C,
    0x5A, 0x54, 0xC8, 0x8B, 0xE5, 0x8F, 0xCC, 0xD3, 0x2C, 0x76, 0x1F, 0xBD, 0x79, 0x9D, 0x2F, 0xE7,
    0x56, 0x2E, 0xB7, 0x8B, 0xDD, 0xFD, 0x31, 0xA2, 0x4B, 0x6B, 0x58, 0xFE, 0xE4, 0x50, 0x39, 0xFC,
    0x48, 0x0D, 0xC8, 0x30, 0x30, 0x1D, 0x9E, 0xA5, 0x8F, 0x98, 0x5D, 0xA5, 0x12, 0xE6, 0xB0, 0xAE,
    0x72, 0x9D, 0xFA, 0x51, 0x48, 0x1C, 0xCE, 0x88, 0x54, 0x9C, 0xB5, 0x75, 0x20, 0xCF, 0x85, 0xBB,
    0x3C, 0x30, 0x3D, 0xC2, 0x86, 0xBB, 0x98, 0xA3, 0x5C, 0xE7, 0xC7, 0x31, 0x69, 0x7D, 0x74, 0x11,
    0xC1, 0x84, 0x63, 0x8B, 0x17, 0x51, 0x51, 0x77, 0x5D, 0xAB, 0xA8, 0x93, 0x9F, 0x56, 0x51, 0x92,
    0xCD, 0xDB, 0xE8, 0x64, 0xA1, 0xB0, 0x9D, 0x71, 0xAC, 0xFE, 0xFB, 0x87, 0x73, 0x08, 0xAE, 0xEA,
    0x94, 0x20, 0x67, 0x71, 0x8D, 0x82, 0x33, 0xDC, 0x5B, 0xD2, 0xFD, 0x8F, 0x76, 0x2E, 0xAC, 0x47,
    0x36, 0x2E, 0xAB, 0x57, 0xC4, 0x2B, 0xD6, 0x16, 0xC8, 0x66, 0xA9, 0x3C, 0x04, 0x9A, 0x62, 0xB4,
    0x0B, 0xFA, 0x17, 0x02, 0x9B, 0x26, 0x23, 0x9A, 0x55, 0xC4, 0x7D, 0xD9, 0xE0, 0x7E, 0x5C, 0xD9,
    0x6F, 0x33, 0x55, 0x45, 0x74, 0x30, 0x6D, 0xFF, 0xA3, 0x14, 0x9A, 0xDB, 0xD7, 0x74, 0x05, 0x9A,
    0x7A, 0x2B, 0x7F, 0x1B, 0xFC, 0x96, 0x41, 0x17, 0x24, 0x2A, 0x54, 0xC3, 0x27, 0xE9, 0xE8, 0x90,
    0x3C, 0xD3, 0xAF, 0xFF, 0x41, 0x8A, 0x7D, 0x60, 0xE3, 0xF9, 0xCD, 0x4C, 0x65, 0x56, 0xEE, 0x46,
    0x58, 0xA3, 0x99, 0x02, 0x5A, 0xC0, 0x28, 0x67, 0xBB, 0xF4, 0x72, 0x86, 0x76, 0x46, 0xDF, 0xD8,
    0x76, 0xC6, 0xA7, 0xBC, 0x6E, 0x8C, 0x35, 0x95, 0x53, 0x38, 0x7F, 0x33, 0x3E, 0x94, 0xE7, 0x0E,
    0xE7, 0x5E, 0x20, 0x39, 0x89, 0xA6, 0x35, 0xB8, 0xA7, 0x01, 0x69, 0x87, 0xD4, 0xBA, 0x8F, 0xB6,
    0xCB, 0x36, 0x2B, 0x2F, 0xFB, 0xFA, 0xE8, 0xFF, 0xFD, 0xCE, 0xE1, 0xBE, 0x68, 0x60, 0x4D, 0x70,
    0x68, 0x02, 0x47, 0x1B, 0xB8, 0x08, 0x9D, 0x21, 0x05, 0xD0, 0x37, 0x73, 0xE8, 0x95, 0xAD, 0xF2,
    0xFD, 0xA0, 0xCD, 0xE2, 0xBE, 0x6C, 0xD9, 0x27, 0xC7, 0xEE, 0x1D, 0x99, 0x86, 0xB3, 0x70, 0x12,
    0x3D, 0x3A, 0xE8, 0x67, 0x38, 0x88, 0xE3, 0x39, 0x5C, 0x5E, 0xF6, 0x4F, 0x7F, 0x59, 0xFB, 0xD9,
    0xE7, 0xD3, 0xC6, 0xD8, 0x5D, 0x7E, 0xCB, 0xD9, 0x96, 0x53, 0x1B, 0x39, 0xB5, 0x91, 0x3F, 0xA0,
    0x8D, 0xCC, 0xDD, 0x2B, 0x77, 0x78, 0x0C, 0x15, 0x45, 0xFE, 0xD0, 0x36, 0x52, 0x3F, 0xD3, 0x7B,
    0xFB, 0xB3, 0x68, 0x3C, 0xFC, 0xD9, 0x97, 0xBA, 0xDF, 0x81, 0x77, 0xEF, 0x7E, 0x3E, 0xA5, 0x4E,
    0x9B, 0xCA, 0x53, 0xCA, 0xD8, 0xB7, 0x88, 0x17, 0x53, 0x7C, 0x71, 0x7F, 0x29, 0x7F, 0xB4, 0x58,
    0x9D, 0x44, 0x15, 0xD3, 0x69, 0x68, 0xC2, 0x4E, 0xD7, 0x49, 0xC4, 0xAC, 0xBE, 0x45, 0xE2, 0x6E,
    0xB5, 0xE6, 0x77, 0x22, 0x59, 0x43, 0xA0, 0xB7, 0x2C, 0xA7, 0x39, 0xEE, 0x67, 0x6A, 0x78, 0xB8,
    0x71, 0x1C, 0x31, 0xCD, 0x67, 0xA1, 0x63, 0xCD, 0x27, 0xE7, 0x92, 0xC7, 0xA5, 0x88, 0xED, 0x21,
    0xAC, 0x5D, 0xD8, 0x3B, 0xB0, 0x5B, 0xB0, 0xAF, 0xC2, 0x0E, 0x61, 0x5F, 0xC1, 0x04, 0xB9, 0x96,
    0x03, 0x64, 0xBB, 0x71, 0x8D, 0xDC, 0x49, 0x16, 0xC9, 0xED, 0x34, 0x20, 0xB7, 0xF2, 0x2E, 0x39,
    0x06, 0x89, 0xF0, 0x37, 0x62, 0xE1, 0xCD, 0x68, 0x49, 0x38, 0xE6, 0xC9, 0xA7, 0xC9, 0xFD, 0xAC,
    0x62, 0x15, 0xF1, 0x91, 0xA5, 0x7C, 0xDA, 0x2E, 0xE3, 0x4A, 0xCC, 0x49, 0x6E, 0x09, 0xBB, 0x22,
    0xEC, 0xDB, 0x09, 0xD9, 0xC5, 0x9C, 0xEC, 0xF1, 0x21, 0x59, 0x74, 0x55, 0x98, 0x7F, 0x91, 0x4C,
    0xBF, 0x43, 0x66, 0xFF, 0x93, 0xCC, 0xFA, 0x44, 0x3C, 0x6B, 0x5B, 0x98, 0x2F, 0x8C, 0x60, 0x1E,
    0xC8, 0x89, 0x3D, 0x2C, 0x2F, 0x50, 0x6F, 0x2A, 0xA1, 0xCB, 0x77, 0xC5, 0x49, 0x4D, 0x09, 0x7A,
    0x42, 0x39, 0x48, 0x2D, 0x71, 0x74, 0x44, 0x95, 0x2F, 0x90, 0xF2, 0x4A, 0xB6, 0x23, 0x8C, 0x0D,
    0x0B, 0x72, 0xD0, 0x96, 0xD8, 0x24, 0xC7, 0x99, 0xE0, 0x82, 0xCA, 0x18, 0xFF, 0xF1, 0xE2, 0x6B,
    0x38, 0x72, 0xFA, 0x3B, 0x5A, 0xCE, 0x50, 0x48, 0x1B, 0xF0, 0xD4, 0x69, 0xCC, 0x9B, 0xF7, 0x9E,
    0xFE, 0x5A, 0xFA, 0xA0, 0xCD, 0xFB, 0xD9, 0xFF, 0x4F, 0x1E, 0xCB, 0x98, 0xCC, 0x17, 0x7F, 0xA2,
    0x8A, 0x8E, 0xB8, 0xFE, 0x91, 0x7C, 0x12, 0x12, 0x06, 0xA4, 0xD6, 0xC8, 0x3B, 0xED, 0x7B, 0xA8,
    0x1E, 0xB4, 0x43, 0xCF, 0xB5, 0x49, 0x65, 0xB9, 0x02, 0xA5, 0x6C, 0xD4, 0x6F, 0x67, 0x04, 0x27,
    0x7D, 0x14, 0x4E, 0xCE, 0x66, 0x3C, 0xA9, 0x92, 0x06, 0xD2, 0x0D, 0x74, 0x8C, 0x84, 0xF0, 0x12,
    0x38, 0x6C, 0xED, 0x9B, 0x37, 0x95, 0x47, 0xC8, 0x3B, 0xC8, 0x99, 0x02, 0x6D, 0xA8, 0xC4, 0x7F,
    0xDD, 0x84, 0x1C, 0xD6, 0xE5, 0xCD, 0x0F, 0x06, 0x6B, 0x4E, 0xDC, 0xE8, 0x38, 0x71, 0x25, 0x76,
    0xE2, 0x53, 0x70, 0x68, 0xED, 0xCF, 0x44, 0xDC, 0x96, 0x3F, 0x38, 0x02, 0x8C, 0x3B, 0x0C, 0x22,
    0x3C, 0xDF, 0x15, 0x69, 0xFD, 0x6C, 0x2C, 0x29, 0xD9, 0xA4, 0xA4, 0x0B, 0x8B, 0xA2, 0xE3, 0x2D,
    0xE0, 0xCD, 0xA7, 0x53, 0x89, 0x33, 0x47, 0x71, 0xC1, 0x55, 0xFA, 0xF1, 0x7E, 0xBF, 0x39, 0xE9,
    0x17, 0xD0, 0x95, 0x48, 0x18, 0xDF, 0x96, 0x88, 0xD1, 0x62, 0x0A, 0x88, 0x25, 0x66, 0x82, 0x58,
    0x10, 0x38, 0xE9, 0x31, 0x61, 0xDF, 0x12, 0x8D, 0xFC, 0x42, 0x82, 0x88, 0xB8, 0x4B, 0x95, 0x1F,
    0x44, 0x9B, 0x04, 0xF7, 0x4D, 0x9D, 0xB8, 0x43, 0x27, 0xB1, 0x52, 0x2B, 0xB5, 0x53, 0x7A, 0x26,
    0xC6, 0x12, 0x3B, 0x97, 0x60, 0x32, 0x36, 0xE0, 0x64, 0xF9, 0xF8, 0x06, 0x79, 0xAF, 0x12, 0x72,
    0xCE, 0x8D, 0xDA, 0xD2, 0x38, 0x10, 0xCE, 0x4E, 0x33, 0x0B, 0x5A, 0x0A, 0x34, 0x73, 0x86, 0x85,
    0x40, 0x3F, 0xC3, 0xA5, 0x3A, 0x0E, 0xC5, 0xD6, 0x89, 0x84, 0x2C, 0x37, 0xA1, 0x8D, 0xB8, 0x39,
    0x06, 0x77, 0x81, 0xF6, 0x3D, 0x6B, 0xB9, 0x77, 0x25, 0x11, 0x1F, 0x4A, 0xD2, 0xD2, 0x92, 0x5C,
    0x63, 0x41, 0x9A, 0xF5, 0x45, 0x91, 0xF3, 0xF7, 0x22, 0xA2, 0xB1, 0xA3, 0xD1, 0xA7, 0x44, 0x6D,
    0x5B, 0x82, 0xDD, 0xB8, 0xC4, 0xB9, 0x9A, 0x28, 0x3A, 0x60, 0x88, 0xE3, 0x5E, 0x07, 0xC4, 0x23,
    0x47, 0xFB, 0x77, 0x54, 0x71, 0x38, 0xB7, 0x3F, 0x54, 0x7B, 0x5C, 0xB6, 0x4B, 0xBD, 0x24, 0x18,
    0x32, 0xB1, 0x67, 0xC8, 0xC5, 0x02, 0x65, 0xD5, 0xDF, 0xE4, 0xAA, 0x1C, 0x27, 0x32, 0xA9, 0x87,
    0xD0, 0x85, 0x12, 0x3E, 0x27, 0x80, 0x4B, 0xDE, 0x07, 0xAF, 0xE6, 0x53, 0x70, 0xD2, 0x39, 0xE2,
    0x2A, 0x10, 0x04, 0x1B, 0x6F, 0x3E, 0x2C, 0x83, 0xB1, 0x08, 0x21, 0xD2, 0x2C, 0x97, 0x21, 0xCE,
    0x1A, 0x98, 0x69, 0x6B, 0x84, 0x65, 0xE0, 0x11, 0x58, 0xCD, 0xA2, 0xC8, 0x9A, 0xF1, 0x1A, 0x3E,
    0xEF, 0xF3, 0x63, 0x9C, 0x8F, 0x89, 0x42, 0xDA, 0x73, 0x0E, 0x92, 0x18, 0x54, 0x4C, 0x26, 0x3D,
    0x01, 0xC9, 0xC0, 0xE8, 0x23, 0x68, 0x54, 0x2B, 0x31, 0x7A, 0xA4, 0x42, 0xBB, 0x26, 0x45, 0x5B,
    0x3C, 0xAE, 0xAB, 0x22, 0xC8, 0xE9, 0x66, 0x3E, 0xE7, 0xF3, 0x85, 0xE8, 0xB7, 0x1C, 0xC9, 0xD4,
    0x2D, 0xA9, 0x75, 0x83, 0x20, 0x3A, 0xC1, 0x94, 0xA9, 0x5F, 0x94, 0xC8, 0x6B, 0xD0, 0xF5, 0x39,
    0x12, 0xE4, 0x9E, 0x85, 0x73, 0x05, 0xF3, 0x6E, 0x34, 0x49, 0xC4, 0xB2, 0x5E, 0x89, 0xDD, 0x27,
    0x99, 0x08, 0x4A, 0x5D, 0xBE, 0x90, 0xE8, 0xDB, 0x02, 0x29, 0x8A, 0xF0, 0xE6, 0x7E, 0xB0, 0x18,
    0xD5, 0xF3, 0x91, 0x57, 0x64, 0x9E, 0x35, 0x98, 0xC6, 0xCE, 0x34, 0xC2, 0xFD, 0xDA, 0x98, 0x66,
    0xA0, 0xB4, 0xD2, 0x0B, 0x26, 0x1F, 0xC5, 0xF9, 0xC8, 0x7A, 0x25, 0x9D, 0xB0, 0xE2, 0x49, 0x89,
    0x2F, 0xE2, 0x58, 0xCA, 0xEA, 0x31, 0xFA, 0xFE, 0x2D, 0x51, 0x05, 0x46, 0x89, 0x59, 0x09, 0x8C,
    0xF5, 0x7B, 0xE9, 0x7C, 0x0F, 0xD6, 0x7B, 0x92, 0xEA, 0xAC, 0xD3, 0x2D, 0xAD, 0x73, 0xD8, 0x21,
    0x2D, 0x91, 0x3C, 0x92, 0x7E, 0x6F, 0x17, 0x6A, 0xEF, 0x85, 0x72, 0x9A, 0xE7, 0x60, 0x3F, 0x15,
    0x57, 0xED, 0x64, 0x52, 0xA5, 0xCD, 0x82, 0x3E, 0xE2, 0xD8, 0xB5, 0x68, 0xF2, 0xD7, 0x95, 0xB9,
    0x8C, 0xB8, 0x70, 0x23, 0x7F, 0xD7, 0xC5, 0x3D, 0x4F, 0xE4, 0x73, 0xB3, 0xD6, 0x8D, 0x13, 0xAE,
    0x3B, 0x9C, 0xB2, 0x93, 0xBA, 0x4A, 0x59, 0xA7, 0xED, 0xC4, 0x7D, 0x0A, 0x63, 0xD7, 0x65, 0x07,
    0xFE, 0xCD, 0xC8, 0x2D, 0x06, 0x13, 0xD6, 0x4E, 0x03, 0xF5, 0x0D, 0xCC, 0x85, 0x58, 0xF5, 0x5E,
    0x89, 0xAC, 0x5F, 0x42, 0x8E, 0x63, 0xFB, 0xB8, 0x68, 0x36, 0x46, 0xB7, 0xD7, 0x66, 0x74, 0x8C,
    0xC5, 0xA5, 0x6D, 0x8C, 0xA8, 0x71, 0x1F, 0x6D, 0xA0, 0x7D, 0xBB, 0x34, 0x89, 0x22, 0xFE, 0x46,
    0x79, 0x79, 0xD4, 0x8C, 0xDC, 0xC8, 0x39, 0xF2, 0x8C, 0x84, 0x8B, 0x9C, 0x44, 0x95, 0xB1, 0x2A,
    0xF6, 0x8E, 0xBF, 0x06, 0xC5, 0x72, 0xA9, 0x9C, 0xA3, 0xE3, 0x7B, 0xA8, 0x54, 0xD6, 0x65, 0xD2,
    0xC7, 0x65, 0x4C, 0xA7, 0x65, 0x35, 0x13, 0x6F, 0x4D, 0xB0, 0xEB, 0xAB, 0x24, 0x49, 0x1D, 0xC4,
    0x11, 0xD3, 0x9D, 0xB4, 0xD3, 0xB6, 0xC9, 0x2F, 0xC7, 0x38, 0xCB, 0xA7, 0x25, 0x1E, 0x6D, 0x02,
    0xD7, 0x7A, 0x22, 0xFE, 0x2A, 0x9A, 0x9B, 0xFF, 0x28, 0x78, 0x41, 0xBB, 0x65, 0x27, 0x4E, 0x14,
    0x1A, 0xA6, 0xD2, 0xE3, 0x98, 0x2B, 0xCC, 0xFF, 0x6B, 0xF1, 0x54, 0x79, 0x30, 0xAD, 0x27, 0x3A,
    0x1C, 0x4A, 0x53, 0x27, 0x1B, 0x44, 0x6A, 0x78, 0x2C, 0x71, 0x08, 0x38, 0xC2, 0xC8, 0x63, 0xDD,
    0xC0, 0x69, 0x37, 0x6E, 0xA8, 0xAC, 0x87, 0x3C, 0xC7, 0x20, 0x47, 0x8F, 0x95, 0xEF, 0x2D, 0x64,
    0x0B, 0x8C, 0x65, 0x06, 0x7A, 0x6A, 0x22, 0x6A, 0xF7, 0x99, 0x3E, 0x0D, 0x4D, 0x1C, 0x5C, 0x32,
    0x01, 0x91, 0xB5, 0xAE, 0xB1, 0xA8, 0xA3, 0x4C, 0x7F, 0x12, 0x1D, 0x0D, 0x88, 0x3C, 0xDD, 0x2B,
    0x97, 0x04, 0xAD, 0xB0, 0x6E, 0x0F, 0x89, 0x83, 0x9E, 0x41, 0x5C, 0xFD, 0x38, 0xC4, 0xBD, 0x4B,
    0xF7, 0xB4, 0xB7, 0xFE, 0x20, 0x5A, 0x25, 0x56, 0xAA, 0xEF, 0x70, 0x2B, 0x51, 0xF3, 0xD7, 0x89,
    0xFB, 0x1B, 0x71, 0xE5, 0xBC, 0xBC, 0x1D, 0xAD, 0x4C, 0x21, 0x7D, 0x93, 0xD6, 0x8E, 0x75, 0x1A,
    0xEB, 0x5B, 0xB3, 0x3D, 0xDE, 0x68, 0xBC, 0x94, 0x17, 0x94, 0x9D, 0x38, 0x4C, 0x1B, 0xBF, 0x13,
    0x57, 0xC5, 0x95, 0x99, 0x30, 0xDC, 0xF0, 0x2E, 0xDF, 0xA7, 0xE0, 0x9F, 0x39, 0x34, 0xCE, 0x23,
    0xD6, 0x33, 0xB8, 0x62, 0x0D, 0xCA, 0x88, 0x29, 0x92, 0xDC, 0x4F, 0x51, 0x0F, 0xCE, 0x7B, 0xC3,
    0x83, 0xF3, 0x70, 0xEE, 0xD2, 0x0A, 0x0F, 0xFD, 0x02, 0x2F, 0x95, 0x35, 0x86, 0x14, 0x89, 0x3C,
    0x12, 0x50, 0x18, 0x91, 0xB7, 0x25, 0x92, 0xC4, 0x30, 0xCE, 0xCF, 0x1B, 0xDD, 0xEA, 0x59, 0x56,
    0x1E, 0xBF, 0x7C, 0xEE, 0x52, 0x5B, 0x0D, 0xDC, 0xD8, 0xC3, 0x60, 0x8C, 0xD3, 0x0D, 0xAB, 0x70,
    0xAE, 0xED, 0x54, 0x60, 0xBF, 0xFD, 0xA3, 0x59, 0xA8, 0xF7, 0x3D, 0x0E, 0xFF, 0x58, 0xD3, 0x3F,
    0xED, 0xF2, 0x5A, 0x86, 0x0D, 0xDE, 0x49, 0xB0, 0x68, 0x8F, 0xAE, 0x1F, 0xE7, 0x1E, 0xBF, 0xEC,
    0x5D, 0xCB, 0x9C, 0xB7, 0x62, 0xF5, 0xBE, 0xF1, 0xEC, 0x2D, 0x73, 0x5D, 0xFB, 0x23, 0xD4, 0x93,
    0xC9, 0x98, 0x9D, 0xB5, 0x5F, 0xDE, 0x2B, 0xE7, 0x6F, 0x5A, 0x03, 0x0F, 0x5D, 0x1D, 0x25, 0xCE,
    0xB5, 0xD8, 0x7E, 0x3B, 0x92, 0xCE, 0xFF, 0x32, 0xFD, 0x37, 0x8C, 0xCB, 0xE3, 0x02, 0x97, 0xC4,
    0x0F, 0xD2, 0x05, 0x35, 0x4D, 0xDE, 0x70, 0xFE, 0x66, 0x77, 0xFE, 0xE9, 0x34, 0x60, 0xBC, 0xF5,
    0xCC, 0x5D, 0x63, 0x28, 0x61, 0x91, 0x0B, 0xEB, 0x28, 0xF0, 0xD1, 0x6D, 0x16, 0x29, 0x2A, 0x73,
    0x41, 0xB0, 0x16, 0x34, 0xEA, 0x53, 0xD5, 0x6A, 0xA5, 0xB6, 0xB6, 0x58, 0xA9, 0x56, 0xAB, 0xF3,
    0x61, 0x23, 0x60, 0xA9, 0x8D, 0x23, 0x78, 0x78, 0x99, 0xC1, 0xDA, 0x6C, 0x85, 0xA5, 0x4E, 0x4B,
    0xAC, 0x05, 0x8B, 0xD5, 0xC9, 0x60, 0x75, 0x6D, 0x6B, 0x3D, 0xAC, 0xCB, 0xB7, 0xC5, 0x55, 0x5A,
    0x08, 0x8F, 0xDD, 0xFD, 0x5E, 0xE4, 0x0E, 0xFE, 0x0B, 0xED, 0x3C, 0x6D, 0x6C, 0x5B, 0xD7, 0x75,
    0xE7, 0xBD, 0x47, 0xF1, 0x91, 0x22, 0x25, 0xB2, 0xAD, 0x9C, 0xCA, 0x31, 0xED, 0xC7, 0x26, 0x6C,
    0xE3, 0xBA, 0xB2, 0xC8, 0x0C, 0x4A, 0xA6, 0x24, 0x92, 0xDF, 0x4D, 0x83, 0xA5, 0x01, 0x36, 0xAC,
    0xCA, 0x16, 0xA7, 0xDE, 0x3C, 0x0C, 0x44, 0xD0, 0x0E, 0x89, 0x33, 0xCC, 0xDC, 0xA6, 0x0E, 0xCE,
    0x62, 0x9B, 0x37, 0xCD, 0x1A, 0x24, 0xEB, 0x8F, 0x32, 0x45, 0x82, 0x0D, 0xE8, 0x06, 0x68, 0x6D,
    0x8A, 0x24, 0x4E, 0x32, 0x6B, 0x80, 0x87, 0x79, 0xAB, 0x1D, 0x3E, 0xAC, 0x18, 0x82, 0x62, 0x1D,
    0xF0, 0xB0, 0x15, 0x29, 0xF6, 0x85, 0xB0, 0x98, 0x37, 0x2C, 0xCE, 0x16, 0x13, 0x03, 0xD3, 0xC9,
    0xB1, 0xA4, 0xB7, 0x73, 0xCE, 0xBD, 0x8F, 0x7C, 0x94, 0x64, 0x87, 0xB2, 0x28, 0x5B, 0x01, 0xF6,
    0xBE, 0xF8, 0xF5, 0xDE, 0xBD, 0xE7, 0x9E, 0x7B, 0xBE, 0xCF, 0xB9, 0x04, 0x88, 0x6C, 0xD3, 0xEA,
    0xE5, 0x6D, 0xBE, 0x1A, 0xEA, 0x83, 0xA9, 0x5F, 0x84, 0x7A, 0x69, 0x14, 0xCF, 0x9F, 0x38, 0x71,
    0xA2, 0xBE, 0x10, 0x0F, 0x70, 0x3B, 0x37, 0x02, 0x57, 0xD8, 0xEA, 0x10, 0x03, 0xF5, 0x94, 0x73,
    0x1E, 0xF6, 0x19, 0x4D, 0x7A, 0x17, 0x5F, 0x4A, 0x88, 0x17, 0x7F, 0xF4, 0x3A, 0x7E, 0x1D, 0xAF,
    0xCB, 0x3C, 0x3C, 0xB1, 0xE4, 0x2C, 0x7F, 0xE7, 0x50, 0x70, 0x0E, 0xC4, 0x47, 0x21, 0x6B, 0xD4,
    0xB1, 0x45, 0x00, 0x71, 0x17, 0xDD, 0xB8, 0x9F, 0x9F, 0xDC, 0xB9, 0xA2, 0x49, 0x06, 0xF0, 0x29,
    0xBA, 0xFC, 0x35, 0xF7, 0xF0, 0xFC, 0x2F, 0x9F, 0xF4, 0x77, 0x04, 0xC1, 0xDB, 0xAB, 0x3B, 0x37,
    0x5A, 0xFC, 0x32, 0x78, 0x86, 0x40, 0x1C, 0x18, 0xC9, 0x39, 0xEF, 0xEF, 0x3F, 0x14, 0xFC, 0x64,
    0xDE, 0x38, 0x19, 0x2C, 0x3F, 0x1B, 0x48, 0xFE, 0x4D, 0xC0, 0x07, 0x6E, 0x46, 0x29, 0xF2, 0xE1,
    0xE8, 0x70, 0x25, 0xF2, 0xE9, 0x42, 0xBD, 0xD1, 0xF9, 0x60, 0xDA, 0x3F, 0x96, 0x91, 0x4F, 0x5D,
    0x2D, 0x1B, 0x7E, 0xF4, 0x53, 0x7C, 0x09, 0xA0, 0x18, 0x9C, 0xE0, 0xED, 0x95, 0x20, 0x58, 0x06,
    0x48, 0x05, 0xE1, 0x76, 0x6E, 0x40, 0xDF, 0x34, 0x10, 0x6D, 0x20, 0x9F, 0xFF, 0x04, 0x94, 0xA6,
    0x7E, 0x07, 0x4A, 0xC5, 0x25, 0xC8, 0x0F, 0xC7, 0x60, 0x24, 0x09, 0x30, 0x1A, 0x07, 0x48, 0x5B,
    0xFA, 0xC4, 0x19, 0x4A, 0xD2, 0x43, 0xD4, 0x3A, 0x9E, 0x16, 0xCC, 0xE3, 0xB9, 0x0C, 0xA6, 0xF9,
    0x63, 0x69, 0xDE, 0xE3, 0x81, 0xF1, 0x39, 0x0F, 0xE0, 0xEB, 0xD8, 0xE2, 0x5B, 0xF8, 0x23, 0xF6,
    0x0E, 0x67, 0xF0, 0x3C, 0x85, 0x67, 0x64, 0x34, 0x79, 0xF0, 0xA0, 0x64, 0x09, 0x28, 0x61, 0x03,
    0xF9, 0x94, 0x0F, 0x23, 0xA6, 0x0F, 0xA3, 0x38, 0x8C, 0x34, 0xF5, 0x93, 0xAA, 0x61, 0x3F, 0x2D,
    0xEC, 0x23, 0xBB, 0xA1, 0x3E, 0x78, 0x4B, 0xE0, 0x99, 0x1D, 0xA3, 0x1B, 0x72, 0x78, 0x79, 0x2D,
    0x0D, 0xD2, 0x7C, 0xF7, 0xD7, 0x6D, 0x69, 0x06, 0xAD, 0x3A, 0x4E, 0xA7, 0xFF, 0x6D, 0x1A, 0x86,
    0x45, 0xB7, 0x21, 0x30, 0x39, 0xB0, 0x7C, 0xA4, 0x1A, 0x23, 0x08, 0x10, 0x83, 0xD5, 0xE5, 0x36,
    0x5E, 0x62, 0x74, 0xD9, 0x4D, 0x17, 0x9E, 0x1D, 0xEC, 0x62, 0x02, 0xE6, 0x00, 0x8E, 0x03, 0xDE,
    0x76, 0x16, 0x07, 0x02, 0x09, 0xC3, 0xA3, 0x59, 0xA0, 0x19, 0xB1, 0xE8, 0x09, 0x9B, 0x29, 0x81,
    0x2E, 0x43, 0x74, 0x49, 0xD3, 0x25, 0xD7, 0x6E, 0x64, 0xC2, 0x90, 0x05, 0xA8, 0x58, 0xAD, 0xB3,
    0x30, 0x67, 0x35, 0x17, 0xB1, 0x91, 0x99, 0x11, 0x6A, 0x04, 0xB8, 0x11, 0x43, 0xCD, 0x44, 0x4C,
    0x41, 0xBF, 0x5B, 0xBD, 0x68, 0xA2, 0xE0, 0xB1, 0x71, 0xD7, 0xBA, 0x73, 0xDD, 0x7D, 0x08, 0x80,
    0x06, 0x41, 0x03, 0xA1, 0xC1, 0xD0, 0x80, 0x68, 0x50, 0x34, 0x30, 0x1A, 0x9C, 0x76, 0x07, 0x04,
    0x12, 0xFE, 0x4E, 0x40, 0x15, 0x05, 0x83, 0x55, 0x04, 0x06, 0x0C, 0xF1, 0xAF, 0x5A, 0xD6, 0x1D,
    0x68, 0xF0, 0x88, 0x57, 0x6D, 0x0F, 0x52, 0x32, 0x64, 0x5A, 0x62, 0x54, 0xB0, 0x5B, 0x30, 0xBC,
    0x08, 0x43, 0x67, 0x21, 0xB3, 0x04, 0x99, 0x7F, 0xC5, 0x3E, 0xB6, 0xDD, 0xB0, 0xE0, 0x06, 0x0D,
    0x67, 0x39, 0xA4, 0x2E, 0xEC, 0x74, 0x2F, 0x40, 0x86, 0x21, 0xB3, 0x98, 0xD3, 0x0D, 0x9E, 0xDF,
    0x34, 0x14, 0x70, 0x8C, 0x65, 0xA8, 0xC1, 0xA3, 0xB2, 0xEA, 0xB9, 0x5E, 0x8A, 0x1E, 0x38, 0x6A,
    0x2C, 0x58, 0xF3, 0xC3, 0x30, 0x8A, 0xB4, 0xA2, 0xC6, 0xB0, 0x03, 0x07, 0x57, 0xC2, 0xF3, 0x0E,
    0x09, 0xBF, 0xE4, 0x10, 0xE7, 0xEE, 0x7F, 0x40, 0x93, 0xBE, 0x43, 0x9C, 0x71, 0x07, 0xF5, 0x50,
    0xA3, 0x8B, 0x44, 0x60, 0x8D, 0x46, 0x06, 0x6F, 0x0D, 0x88, 0x34, 0x8A, 0x84, 0xA9, 0x4C, 0x7B,
    0xB4, 0x8C, 0x45, 0x2F, 0x15, 0x08, 0x43, 0x06, 0x27, 0x7D, 0x33, 0x85, 0x53, 0x6E, 0x22, 0x54,
    0xF3, 0x38, 0x00, 0x24, 0x49, 0xEA, 0x83, 0xEE, 0xCD, 0xDF, 0x8E, 0xEF, 0xE4, 0x9F, 0x60, 0x43,
    0x52, 0xB4, 0x08, 0xDE, 0xFA, 0xF3, 0x67, 0x88, 0x91, 0xF0, 0xA6, 0x38, 0x8D, 0x07, 0x89, 0xF2,
    0x4E, 0x79, 0xDB, 0x53, 0x02, 0x79, 0x04, 0x19, 0x3E, 0xCB, 0x07, 0x6D, 0xC7, 0xF0, 0x29, 0x7C,
    0x06, 0x6E, 0x7B, 0x07, 0x8A, 0x0B, 0x9D, 0x9F, 0xF6, 0x1C, 0x80, 0x83, 0xE7, 0x6A, 0xA3, 0x50,
    0xCE, 0x42, 0x5E, 0xC0, 0x8C, 0x30, 0x3C, 0xB1, 0x2B, 0x9C, 0xE8, 0x51, 0xC5, 0xA7, 0xD8, 0xE0,
    0x33, 0xB7, 0x3D, 0x75, 0x6F, 0x71, 0xC9, 0x18, 0x81, 0x81, 0x2C, 0x8C, 0x65, 0x0D, 0xC5, 0xEF,
    0x9F, 0x85, 0x1D, 0xEF, 0x1F, 0x3E, 0x37, 0xA6, 0x51, 0x38, 0xC3, 0x63, 0x2C, 0xF3, 0x51, 0xE2,
    0xE3, 0xD6, 0x05, 0xB8, 0xF3, 0x28, 0x94, 0x76, 0x6F, 0x7B, 0x07, 0x31, 0x1D, 0x52, 0x7D, 0x1E,
    0x12, 0xA5, 0xF0, 0xC8, 0x43, 0x21, 0x0F, 0xE5, 0x6D, 0x33, 0xD5, 0x80, 0xB0, 0xE3, 0x6B, 0x31,
    0x34, 0x8A, 0xB3, 0x91, 0xC0, 0xEE, 0x11, 0xF7, 0x37, 0x34, 0x70, 0x1A, 0x64, 0x4A, 0x7E, 0x51,
    0x51, 0x8D, 0x18, 0x44, 0x02, 0x4A, 0x30, 0xDA, 0x41, 0xEE, 0x10, 0x73, 0x1A, 0xBC, 0xB5, 0x26,
    0xC9, 0x40, 0x12, 0xB0, 0x05, 0x20, 0xCD, 0x18, 0x81, 0x07, 0xF6, 0x25, 0x1F, 0x32, 0xA2, 0x86,
    0x42, 0xB3, 0x06, 0x93, 0x88, 0x86, 0x12, 0x9E, 0x93, 0x34, 0x01, 0x84, 0x7F, 0xA4, 0x1F, 0xB3,
    0xA9, 0x19, 0x75, 0xAF, 0x9E, 0x10, 0x8B, 0xE8, 0xE6, 0x49, 0x1C, 0xE6, 0x1B, 0xF8, 0xCB, 0x8B,
    0x78, 0xBA, 0xF8, 0xDE, 0xD1, 0x82, 0x2D, 0x23, 0x1C, 0x11, 0xAF, 0xED, 0x6A, 0xB9, 0x4D, 0x22,
    0x59, 0xE3, 0x05, 0xC8, 0xD8, 0x30, 0x66, 0xC8, 0x29, 0xC3, 0x9B, 0x76, 0x3C, 0xD7, 0x91, 0xEE,
    0xBD, 0xE0, 0x78, 0x44, 0x85, 0x24, 0xEF, 0x6A, 0x8C, 0x99, 0x6C, 0x88, 0xA2, 0x26, 0x1F, 0x9D,
    0xCD, 0xA1, 0x0B, 0x49, 0x61, 0xEB, 0x3C, 0x42, 0x3D, 0x4C, 0x4C, 0x3F, 0x4A, 0x4C, 0x5F, 0xA2,
    0x67, 0x18, 0x8D, 0xD3, 0x02, 0x07, 0x5C, 0x5C, 0x46, 0xEA, 0x30, 0x0E, 0xC3, 0x2C, 0x0A, 0x49,
    0x38, 0x4A, 0xDC, 0xE5, 0x3E, 0x7F, 0xB8, 0x09, 0x48, 0x6C, 0x02, 0x4C, 0x52, 0x15, 0x6A, 0xB3,
    0x88, 0x17, 0x62, 0x65, 0x85, 0x67, 0xBC, 0x35, 0x94, 0xB7, 0x06, 0x64, 0xE4, 0x67, 0xE4, 0x04,
    0x54, 0xCF, 0x14, 0x1B, 0x19, 0xC4, 0x16, 0xC0, 0x36, 0x78, 0xC4, 0x0D, 0x5A, 0xFB, 0x5E, 0x0E,
    0xA9, 0x43, 0xF1, 0x5F, 0x2E, 0x3C, 0x76, 0x32, 0x57, 0x0E, 0x31, 0x44, 0xC3, 0xD4, 0x27, 0x1D,
    0x76, 0x78, 0x74, 0x38, 0x04, 0xC9, 0xDF, 0x85, 0x67, 0xE1, 0xE2, 0x4C, 0xD5, 0x7F, 0x4C, 0x4B,
    0xB5, 0x21, 0xDC, 0x87, 0x79, 0x4F, 0xE1, 0x6E, 0xF3, 0x6E, 0xB5, 0x77, 0x43, 0x0B, 0x03, 0xC4,
    0xFA, 0x88, 0x80, 0xF1, 0x07, 0xC0, 0x69, 0xC1, 0xAE, 0xA8, 0x8C, 0x6F, 0x81, 0xB9, 0x08, 0xD6,
    0x59, 0x3E, 0x96, 0xC0, 0xFC, 0x2F, 0x16, 0x94, 0xA3, 0xC4, 0x1C, 0x48, 0x75, 0x29, 0x6F, 0x4F,
    0x00, 0xC6, 0x17, 0x59, 0xF0, 0x54, 0x78, 0x9F, 0x45, 0xB1, 0x33, 0x81, 0x73, 0x39, 0x09, 0x63,
    0xB8, 0xE7, 0x78, 0x4F, 0x33, 0xF9, 0x10, 0xC8, 0x2E, 0xDC, 0x0F, 0x7F, 0xA9, 0x61, 0xB3, 0xA9,
    0x17, 0x62, 0x3D, 0x25, 0xB4, 0xA6, 0x67, 0x68, 0xFE, 0x9B, 0x7A, 0xCE, 0xFB, 0x3F, 0x15, 0xA5,
    0x4A, 0xA5, 0x32, 0x3B, 0x31, 0x31, 0x39, 0x39, 0x36, 0x96, 0xCB, 0xE5, 0xD2, 0x89, 0x58, 0x64,
    0x8C, 0x36, 0x0B, 0xFF, 0x94, 0xA0, 0x39, 0xB2, 0x64, 0x89, 0x31, 0x32, 0xCB, 0xDA, 0x12, 0x99,
    0x14, 0x0E, 0x83, 0xFB, 0xEF, 0xFB, 0x4F, 0xA2, 0xA0, 0x0A, 0x48, 0xDC, 0x1B, 0x41, 0xA7, 0xCD,
    0xB5, 0x36, 0x96, 0x48, 0x6A, 0x5C, 0xA1, 0x58, 0x65, 0x71, 0x33, 0xDE, 0x3C, 0xDE, 0x18, 0xED,
    0xF4, 0x28, 0x33, 0x0D, 0xA7, 0x35, 0x71, 0xBA, 0x34, 0x39, 0x7B, 0xA4, 0xDA, 0x74, 0xFD, 0xC1,
    0xB6, 0x6E, 0xFE, 0x2E, 0xCB, 0xF6, 0x4B, 0xFC, 0x7C, 0xB9, 0x4F, 0xF0, 0x29, 0xE3, 0xE9, 0x28,
    0x5F, 0x6F, 0xE0, 0x5E, 0xEA, 0x5E, 0x88, 0xDC, 0x8E, 0x22, 0xBC, 0xEA, 0x5E, 0x1E, 0xA0, 0x07,
    0x82, 0xE5, 0x65, 0xB0, 0x03, 0x12, 0xA3, 0x26, 0x49, 0x3D, 0x87, 0xBA, 0x99, 0x0D, 0xD5, 0x81,
    0x05, 0xDA, 0x0A, 0xE0, 0x2E, 0x90, 0x20, 0xA6, 0x88, 0xAA, 0xCF, 0xD0, 0xA5, 0xA0, 0x35, 0x0C,
    0xCF, 0x36, 0xF1, 0x3E, 0xD8, 0x0B, 0xD4, 0x69, 0xF0, 0xFE, 0x89, 0x97, 0xA0, 0xCA, 0x7D, 0xD5,
    0x2F, 0x5E, 0x7D, 0x47, 0xA1, 0x02, 0xEB, 0x5C, 0x7A, 0xE9, 0x48, 0x31, 0x29, 0x49, 0x55, 0x8B,
    0xA5, 0x83, 0xEC, 0x42, 0xE7, 0x35, 0x03, 0x43, 0x92, 0x20, 0x34, 0x16, 0xF9, 0x66, 0x9B, 0x09,
    0xC4, 0x90, 0x9F, 0x3C, 0x2C, 0xDC, 0x00, 0x8A, 0xAD, 0x50, 0x99, 0xFA, 0x60, 0xFB, 0xA4, 0x46,
    0x3A, 0x5B, 0x0F, 0x4F, 0x31, 0xCF, 0x4D, 0x32, 0x49, 0x4C, 0xB1, 0x58, 0x49, 0xF2, 0x91, 0xA6,
    0x2F, 0xD1, 0xAE, 0x49, 0xA1, 0xE5, 0x2A, 0xE0, 0x05, 0x25, 0x5C, 0x79, 0x6C, 0xF1, 0xD5, 0x84,
    0xDE, 0x73, 0x0B, 0x6A, 0x8B, 0x31, 0x97, 0xA7, 0xE9, 0x9A, 0x65, 0x6B, 0x75, 0xB2, 0xDA, 0x44,
    0x1E, 0xAC, 0x06, 0x3E, 0x5E, 0x5D, 0x9F, 0xA8, 0x6E, 0x2F, 0x59, 0x7B, 0xC4, 0xE3, 0x79, 0x2D,
    0x61, 0x50, 0x92, 0x10, 0x4E, 0x71, 0x0A, 0xF6, 0xC1, 0x0E, 0x9F, 0x94, 0x2A, 0x36, 0x8A, 0x56,
    0x29, 0x21, 0xCC, 0x38, 0xD1, 0x6D, 0x24, 0xB7, 0x22, 0xA6, 0xF5, 0x23, 0xFC, 0xFE, 0x82, 0xE0,
    0x79, 0xE2, 0x6F, 0xBC, 0x55, 0xE0, 0x6F, 0x22, 0x3C, 0x86, 0xC6, 0xDC, 0x22, 0xBF, 0xB0, 0x79,
    0x98, 0x35, 0x7D, 0xD2, 0xE2, 0x95, 0x41, 0x18, 0x43, 0x8A, 0x78, 0xFD, 0xEC, 0xA3, 0xAD, 0x04,
    0xF0, 0x6C, 0x63, 0xD3, 0x2E, 0x3A, 0x09, 0x25, 0x65, 0x72, 0xE0, 0xCB, 0x88, 0xA2, 0x23, 0x82,
    0xEB, 0x08, 0xDA, 0x1A, 0x10, 0xF6, 0xA5, 0x3B, 0x43, 0xFE, 0x5B, 0x80, 0x35, 0x86, 0x1F, 0x91,
    0x2C, 0xD0, 0xA6, 0x2C, 0x4D, 0x88, 0xAB, 0x7D, 0x87, 0xEB, 0x04, 0xE0, 0x00, 0x84, 0xF6, 0x55,
    0xAA, 0x7D, 0xB1, 0xDB, 0x17, 0x6B, 0xCD, 0xCB, 0x6F, 0xE0, 0xC5, 0x44, 0x93, 0xC1, 0x72, 0x4E,
    0xE2, 0xE5, 0x14, 0x6A, 0x54, 0x4B, 0xA2, 0x15, 0x31, 0x7C, 0x70, 0x19, 0xE1, 0x0A, 0x5A, 0x28,
    0xE7, 0x91, 0x5B, 0x8C, 0xEF, 0x7C, 0x40, 0x1F, 0x68, 0xF0, 0xDB, 0x44, 0x1C, 0x16, 0xC9, 0xD4,
    0x8D, 0xF4, 0x41, 0x5A, 0xCA, 0x5A, 0x0C, 0xE5, 0x7C, 0x8E, 0xF4, 0x5A, 0x9E, 0x30, 0x33, 0x4D,
    0x26, 0x8B, 0x43, 0x02, 0xD5, 0x5E, 0x0C, 0x3D, 0x2B, 0xD6, 0x70, 0x43, 0xCA, 0x84, 0x62, 0x4F,
    0xA6, 0xEB, 0x32, 0xD3, 0xBE, 0x94, 0xDB, 0x52, 0x78, 0x8A, 0x2E, 0x45, 0x7A, 0x2C, 0xB5, 0x7C,
    0xE2, 0xA4, 0x40, 0x29, 0x8B, 0xB8, 0xBC, 0x31, 0xC4, 0x24, 0x4F, 0x6D, 0xC6, 0xEB, 0x9E, 0xD6,
    0xEB, 0x07, 0x50, 0x41, 0xE9, 0xBB, 0xB3, 0x00, 0xDB, 0x11, 0xAC, 0xD3, 0x64, 0x27, 0xD0, 0x44,
    0x56, 0x79, 0xFA, 0x6D, 0xA6, 0x05, 0xA8, 0xB2, 0x65, 0x6A, 0x2E, 0x29, 0x7A, 0x53, 0xE6, 0xCF,
    0xCE, 0x2E, 0x87, 0xA2, 0x08, 0x51, 0x7A, 0x35, 0xB4, 0x31, 0x36, 0xA5, 0x60, 0x1A, 0x52, 0x2F,
    0xA6, 0x82, 0x2B, 0xA9, 0x80, 0x3A, 0x46, 0x14, 0x07, 0x07, 0x17, 0x98, 0xE2, 0xC8, 0x01, 0x43,
    0x37, 0x95, 0x25, 0xE6, 0xA1, 0x88, 0xBC, 0xD9, 0xAE, 0xA4, 0xA3, 0xA6, 0xF0, 0x2D, 0x01, 0x12,
    0x6E, 0x5F, 0x50, 0xCC, 0x19, 0xA8, 0x96, 0x7F, 0xA2, 0xBE, 0xDC, 0xA5, 0xCD, 0x1D, 0x11, 0xF5,
    0xC1, 0x22, 0x1B, 0x7B, 0x2A, 0x04, 0x84, 0x49, 0x26, 0xB2, 0x99, 0x8B, 0x78, 0x7D, 0xFD, 0x35,
    0x91, 0xCC, 0x10, 0x36, 0xF3, 0x92, 0x70, 0xA8, 0xDF, 0xBE, 0xB5, 0xDC, 0xB1, 0x3F, 0x78, 0x42,
    0x3E, 0x15, 0x76, 0x64, 0x04, 0xD4, 0xD1, 0x5C, 0xDF, 0x3A, 0xDA, 0x26, 0xEA, 0xAD, 0x6A, 0xC7,
    0x9E, 0xCF, 0x44, 0xA6, 0x73, 0x35, 0x5E, 0xB5, 0x52, 0x73, 0x78, 0x32, 0x5C, 0x26, 0x84, 0xDF,
    0x66, 0xDA, 0xA8, 0x37, 0xC9, 0x08, 0xAF, 0x56, 0x68, 0x9E, 0xB7, 0x97, 0xD8, 0x20, 0x6F, 0x12,
    0x4B, 0xEC, 0xF0, 0x8F, 0x90, 0xA2, 0x16, 0xEE, 0x73, 0x0F, 0xD6, 0x17, 0xA8, 0x6B, 0xEE, 0x9B,
    0x7D, 0xA5, 0x50, 0xB0, 0xE2, 0x10, 0x1E, 0x6F, 0xA8, 0xB1, 0x45, 0xE3, 0x33, 0x71, 0xA1, 0xC8,
    0xA9, 0x88, 0xFE, 0xD3, 0xED, 0xCD, 0x04, 0xB8, 0xAD, 0x11, 0x70, 0x17, 0xF2, 0xE0, 0x1C, 0xC0,
    0xBB, 0x12, 0x48, 0x41, 0x05, 0x52, 0x2B, 0x47, 0x51, 0x6D, 0xBA, 0xE7, 0x03, 0x99, 0x41, 0xAB,
    0xC2, 0x0C, 0x3A, 0xBE, 0x82, 0x92, 0x62, 0xC4, 0xFD, 0x96, 0xE2, 0xFD, 0x11, 0x74, 0xDB, 0x2B,
    0x68, 0xB4, 0x7B, 0x86, 0x67, 0xB4, 0xF0, 0x5C, 0x44, 0xFD, 0x76, 0x04, 0x7C, 0xA7, 0x09, 0x04,
    0xFF, 0x9C, 0x66, 0xDE, 0x8A, 0x36, 0xAD, 0xF3, 0x5F, 0xDA, 0x7F, 0xB0, 0x81, 0xA2, 0xDC, 0x73,
    0x83, 0xD0, 0xBF, 0x26, 0xF2, 0x19, 0xD6, 0x08, 0x1A, 0xD6, 0xC8, 0x19, 0x0C, 0xFB, 0xD1, 0xA7,
    0xEA, 0x8B, 0xC2, 0x1D, 0x23, 0x78, 0x96, 0xD0, 0x8E, 0xC8, 0xE3, 0x59, 0xC1, 0x73, 0x16, 0x7F,
    0x3F, 0x4E, 0x06, 0x61, 0xB0, 0x88, 0xD2, 0xBE, 0x11, 0x4A, 0x5F, 0x13, 0xBD, 0x5F, 0xB2, 0x0F,
    0xC5, 0x50, 0x5D, 0x3A, 0x88, 0xA5, 0x57, 0xC8, 0x3E, 0x88, 0xFA, 0x9F, 0x13, 0xCC, 0x61, 0x39,
    0xB6, 0x12, 0xD2, 0xCC, 0x3B, 0x71, 0x3E, 0xCC, 0x76, 0x28, 0x6F, 0x92, 0xBD, 0x3E, 0x12, 0x2C,
    0x59, 0xBE, 0x1D, 0x79, 0x0E, 0xDD, 0xD9, 0xA1, 0x11, 0x18, 0xCE, 0x43, 0x1C, 0xBB, 0x2F, 0x83,
    0x59, 0x81, 0xE4, 0x31, 0x38, 0x8A, 0xBE, 0x52, 0x26, 0xF0, 0xB9, 0xE3, 0xB5, 0x4C, 0xE9, 0xDE,
    0xFD, 0x96, 0xCD, 0xE0, 0xA3, 0x4D, 0x6C, 0x94, 0xC8, 0x70, 0x17, 0x49, 0x33, 0xB7, 0x19, 0x1A,
    0x97, 0x7A, 0x1B, 0x85, 0x53, 0xF6, 0xEF, 0x8D, 0x8D, 0x7D, 0xA4, 0x91, 0x12, 0xCA, 0xCD, 0x30,
    0x9B, 0xC9, 0x6C, 0x56, 0xDE, 0xEC, 0xFD, 0xB4, 0xF7, 0x53, 0xBE, 0x39, 0x93, 0x54, 0x42, 0x7D,
    0xE5, 0x5D, 0x59, 0x98, 0xB7, 0xE5, 0xB4, 0x0E, 0x86, 0x98, 0x0D, 0xAB, 0x8C, 0x5A, 0xA3, 0x69,
    0xE1, 0x1C, 0xCD, 0xAD, 0xFC, 0x15, 0xE0, 0xE9, 0xC2, 0xBF, 0x7C, 0x66, 0xA1, 0x58, 0x8E, 0x71,
    0x33, 0xE8, 0xC9, 0xC9, 0xC7, 0x85, 0x4B, 0x3C, 0x67, 0x74, 0x3C, 0xD7, 0xC1, 0x2E, 0x0F, 0xAF,
    0xFB, 0x13, 0x94, 0x66, 0xA7, 0xC6, 0x94, 0xDF, 0x85, 0xB4, 0x3B, 0x08, 0x0F, 0xA3, 0xD4, 0xBC,
    0x1D, 0x5D, 0x93, 0x02, 0xEB, 0x9F, 0x09, 0xE1, 0x8A, 0x71, 0x18, 0xD8, 0x4F, 0x66, 0x2A, 0xD9,
    0x6B, 0x37, 0x79, 0x1F, 0x17, 0x19, 0x26, 0x8B, 0x24, 0x52, 0xE9, 0xCD, 0xF2, 0x13, 0x7E, 0x56,
    0x0C, 0x40, 0xD5, 0x0B, 0xFC, 0xC0, 0xAF, 0x7B, 0x45, 0x51, 0x40, 0xDA, 0xB8, 0x1D, 0x5B, 0x78,
    0x18, 0x7B, 0x41, 0x4E, 0x20, 0x5A, 0xCF, 0xCE, 0x11, 0xB4, 0xF9, 0x9A, 0x8E, 0x02, 0x21, 0x6C,
    0xF7, 0x03, 0xF6, 0x0E, 0x55, 0xDF, 0xB9, 0x08, 0x59, 0x11, 0x52, 0x98, 0x0B, 0x75, 0xDC, 0x87,
    0x41, 0x0D, 0xB0, 0x84, 0x8C, 0x73, 0x06, 0xF7, 0x69, 0x18, 0xC7, 0x7E, 0x32, 0xE4, 0x21, 0x0B,
    0x4B, 0xED, 0x5A, 0xCB, 0x66, 0x77, 0x43, 0x69, 0x1A, 0xE6, 0xDC, 0x6F, 0xFA, 0x6E, 0xE0, 0x39,
    0x01, 0x64, 0x9E, 0xA3, 0x50, 0x02, 0xDA, 0x08, 0xA6, 0x0A, 0x28, 0xE0, 0xD1, 0x60, 0xA6, 0xAB,
    0x41, 0x88, 0x29, 0x63, 0xD2, 0xB8, 0x67, 0xCA, 0xBA, 0xA7, 0x7A, 0xF0, 0x5D, 0x37, 0x58, 0x72,
    0x96, 0x17, 0x33, 0x0D, 0xE2, 0x5E, 0xFD, 0x88, 0xC7, 0x8F, 0xA8, 0xA3, 0xFD, 0x88, 0xA4, 0x9F,
    0xB0, 0xD9, 0x21, 0x66, 0x11, 0x57, 0xD0, 0xFC, 0x22, 0x3B, 0x9B, 0x0D, 0xB4, 0x44, 0xE8, 0x4B,
    0x64, 0x9A, 0x71, 0xFC, 0xFE, 0x22, 0x51, 0x0B, 0xC5, 0x69, 0x47, 0xC8, 0xE4, 0x47, 0xC7, 0x21,
    0xB3, 0x0C, 0xFB, 0x02, 0xA8, 0x38, 0x62, 0xCE, 0x96, 0x4D, 0x4B, 0x2C, 0x1C, 0x16, 0x41, 0x00,
    0xD5, 0x25, 0x14, 0x34, 0x9A, 0x2C, 0x90, 0xAA, 0xEA, 0x75, 0x34, 0xE4, 0x90, 0x9E, 0xA2, 0x01,
    0x03, 0x86, 0xC6, 0xF2, 0xD9, 0x53, 0x50, 0x21, 0x90, 0xF9, 0xB6, 0xC4, 0xCA, 0x12, 0x07, 0x9A,
    0x53, 0x30, 0x38, 0x0D, 0xC3, 0x45, 0xD8, 0x9B, 0x11, 0x53, 0x29, 0x39, 0x6B, 0x79, 0x4D, 0xB3,
    0xE1, 0xC3, 0xFF, 0x78, 0xF0, 0x17, 0x02, 0xEE, 0x62, 0x75, 0xB7, 0x33, 0x64, 0xE4, 0x76, 0x70,
    0x6A, 0x8C, 0x39, 0x16, 0x7F, 0x3A, 0x09, 0xF0, 0xCF, 0xC2, 0xF8, 0x9E, 0x67, 0x7D, 0xCF, 0xB7,
    0xEE, 0x6E, 0x66, 0xA0, 0xB5, 0x0B, 0xCE, 0x4C, 0xC1, 0xF4, 0x24, 0x8C, 0x97, 0x88, 0x95, 0x93,
    0x6D, 0x69, 0x69, 0x37, 0x20, 0xD3, 0x84, 0x3B, 0x17, 0xA0, 0x72, 0x14, 0x9A, 0x53, 0xB0, 0x7C,
    0x06, 0xEA, 0x8B, 0x50, 0x5C, 0xE4, 0xC6, 0x87, 0x59, 0x3E, 0xA1, 0x59, 0x83, 0x66, 0x0B, 0x0A,
    0x3C, 0xB3, 0x23, 0xBA, 0xB4, 0x25, 0x8A, 0xB3, 0x4E, 0x31, 0x4E, 0x0A, 0x70, 0x52, 0x74, 0x93,
    0x43, 0x9B, 0x14, 0xD7, 0xA4, 0xA0, 0xA6, 0xAD, 0x25, 0xDA, 0x90, 0x76, 0xBF, 0x72, 0xFA, 0xB1,
    0x09, 0xC4, 0x5B, 0xC5, 0x6A, 0x51, 0xE4, 0x92, 0xC2, 0x96, 0xE4, 0x18, 0xD0, 0x63, 0x2A, 0x5A,
    0x69, 0xF8, 0x88, 0x8F, 0x53, 0xD8, 0x74, 0x09, 0x1A, 0xA6, 0x67, 0xCB, 0x71, 0xC2, 0xC5, 0x08,
    0x32, 0x84, 0x97, 0xC2, 0x46, 0x28, 0xBE, 0x78, 0x07, 0x6A, 0x93, 0x0C, 0xB4, 0xF1, 0xC4, 0x22,
    0x6A, 0xDB, 0xD9, 0x07, 0x90, 0x01, 0x52, 0x81, 0x67, 0x06, 0xE8, 0x6E, 0x08, 0xEB, 0x0D, 0x19,
    0x5F, 0xE1, 0x6F, 0x5C, 0xBD, 0xFF, 0xBE, 0x01, 0xC5, 0xD1, 0x61, 0xB7, 0x53, 0xE6, 0xC3, 0xEE,
    0xFC, 0x61, 0x0D, 0x92, 0xA5, 0x43, 0x40, 0x9A, 0xCC, 0xA5, 0x25, 0x4D, 0xCF, 0x24, 0x45, 0x82,
    0x3B, 0x82, 0x2D, 0x39, 0xE8, 0x97, 0xBA, 0x0C, 0xFB, 0x58, 0x11, 0x1A, 0x52, 0xB3, 0x42, 0x87,
    0xA4, 0xC3, 0x0C, 0xA9, 0x5B, 0x1D, 0x84, 0x01, 0xD9, 0x49, 0x64, 0x94, 0x58, 0x1D, 0xA9, 0x63,
    0x96, 0xF1, 0x36, 0xC1, 0xD2, 0x7E, 0x92, 0x89, 0x66, 0x2C, 0x12, 0xE9, 0x4A, 0xB3, 0x58, 0x53,
    0xF6, 0xCD, 0x65, 0xC0, 0x58, 0x1D, 0x3D, 0x63, 0x4E, 0x46, 0x42, 0xAE, 0x58, 0xF3, 0x50, 0x41,
    0xBA, 0xA9, 0x64, 0xDE, 0x81, 0x59, 0x54, 0x46, 0x13, 0xE8, 0x1E, 0x4F, 0x98, 0xDC, 0x0D, 0x9F,
    0x63, 0xFA, 0xCC, 0x45, 0xCE, 0xB4, 0x16, 0xA4, 0xD1, 0x80, 0x90, 0x0A, 0xC2, 0xB1, 0xD5, 0x68,
    0x9E, 0xEE, 0xC4, 0xC9, 0xED, 0x4B, 0x1C, 0xBD, 0x57, 0xB1, 0xD3, 0x66, 0x3B, 0x9F, 0xD2, 0xEA,
    0x98, 0x9A, 0xA8, 0x6D, 0x3A, 0x57, 0x36, 0x31, 0x49, 0xF3, 0xB4, 0x45, 0xF5, 0x68, 0x27, 0x3A,
    0xAF, 0x62, 0xB6, 0x29, 0x6A, 0x70, 0x0F, 0x8B, 0x3C, 0xAD, 0x8E, 0xD4, 0xF7, 0x48, 0x9D, 0x08,
    0x83, 0x39, 0xCF, 0x30, 0x94, 0x18, 0x86, 0x32, 0xC3, 0x50, 0x63, 0x18, 0xE4, 0xE6, 0xC2, 0x10,
    0xB1, 0x30, 0xB5, 0x2D, 0x7C, 0x42, 0xBD, 0x28, 0xD2, 0x32, 0x96, 0x95, 0x89, 0x55, 0xF7, 0xA3,
    0xA9, 0xB9, 0x99, 0xB6, 0xCE, 0x0B, 0x03, 0x4B, 0xAC, 0xF7, 0x94, 0x81, 0xA1, 0x74, 0x9F, 0xD6,
    0x7E, 0x5A, 0xFF, 0x69, 0x0D, 0x08, 0x4A, 0x07, 0x82, 0xD2, 0x82, 0xA0, 0xF4, 0x20, 0x28, 0x4D,
    0x08, 0x4A, 0x17, 0x82, 0xD2, 0x86, 0xB0, 0x86, 0x92, 0x85, 0x4E, 0x9C, 0x8C, 0xF5, 0xA2, 0xD6,
    0x8C, 0xDD, 0xBA, 0x31, 0x92, 0x4C, 0xEA, 0xCC, 0xAE, 0xBA, 0x6E, 0x63, 0x14, 0x24, 0x19, 0x1D,
    0x7B, 0x7C, 0x1E, 0xDC, 0x06, 0xD8, 0x35, 0xBB, 0x2A, 0xDC, 0xA6, 0x8C, 0x7B, 0x37, 0x9A, 0x50,
    0xE9, 0x43, 0xB8, 0xB1, 0x3F, 0x01, 0x4B, 0x95, 0x91, 0x51, 0xA1, 0xCA, 0x8C, 0xE8, 0x04, 0x0F,
    0x98, 0x20, 0xBA, 0x52, 0x85, 0xFD, 0x0D, 0x4D, 0x7E, 0x8A, 0x5B, 0xCB, 0xCB, 0xB6, 0x6F, 0xD9,
    0xB5, 0x7D, 0x4C, 0x76, 0x5C, 0xA4, 0xF7, 0xF9, 0xD7, 0x1B, 0x23, 0xFE, 0x51, 0x6A, 0xCB, 0xE0,
    0x50, 0x51, 0x8E, 0xA2, 0xB6, 0x69, 0xD9, 0xC1, 0x9E, 0xED, 0x47, 0xF2, 0x6B, 0x91, 0x3C, 0xF5,
    0x05, 0x96, 0x1D, 0x97, 0x78, 0x14, 0xDF, 0xDE, 0xB4, 0x50, 0xEF, 0x86, 0x5A, 0x60, 0x48, 0xF6,
    0xF1, 0x88, 0x8E, 0xF3, 0xE8, 0x76, 0xB3, 0x75, 0x32, 0xDE, 0xEA, 0x8C, 0x34, 0xB7, 0x22, 0x7B,
    0xCC, 0xA3, 0x4D, 0x73, 0xDC, 0x87, 0xC2, 0xA2, 0xA9, 0x76, 0x24, 0x62, 0xC5, 0x76, 0xCD, 0x62,
    0xA6, 0xAC, 0xC9, 0x2D, 0x06, 0xCD, 0xDB, 0x12, 0x41, 0xDC, 0x9E, 0x3B, 0x42, 0x26, 0x4B, 0x00,
    0x4A, 0xF7, 0x34, 0x91, 0x44, 0x8E, 0x28, 0x62, 0x93, 0x3A, 0xCA, 0xD2, 0x88, 0x8E, 0xD2, 0x88,
    0x38, 0x02, 0xBF, 0x97, 0x2E, 0xFB, 0x80, 0x53, 0x35, 0xBD, 0x47, 0xC7, 0x23, 0x28, 0xA6, 0x18,
    0x07, 0x07, 0x99, 0x32, 0x0B, 0xDD, 0x49, 0x8F, 0xAD, 0x89, 0xE7, 0xAF, 0x63, 0x47, 0xE8, 0xC5,
    0x43, 0xDA, 0x3C, 0x4F, 0xCD, 0xFF, 0x0A, 0x5D, 0x5C, 0xBA, 0x8C, 0xF5, 0xAF, 0x23, 0x1C, 0xCE,
    0x00, 0x05, 0xA0, 0x13, 0x14, 0x7F, 0x4E, 0x1B, 0x6F, 0x50, 0xF3, 0x28, 0xD2, 0x72, 0xC4, 0xFF,
    0x39, 0xB2, 0xF9, 0x7B, 0xC3, 0xB3, 0xD9, 0x3E, 0xC6, 0xC0, 0x7C, 0x06, 0xAC, 0x33, 0x50, 0xAC,
    0xAD, 0x27, 0xD2, 0x7F, 0x85, 0x1B, 0x16, 0xC0, 0x38, 0x00, 0x66, 0x22, 0x0C, 0x99, 0xF7, 0x92,
    0x34, 0x68, 0xF1, 0xCD, 0xE5, 0x3E, 0xC1, 0xB6, 0xA2, 0xC1, 0x3C, 0x85, 0xA3, 0x8B, 0xA7, 0x42,
    0xDF, 0x60, 0xE3, 0x03, 0x6C, 0x75, 0x0A, 0x3B, 0x70, 0x12, 0x52, 0xFF, 0xDD, 0x51, 0x68, 0x48,
    0xB5, 0x88, 0x79, 0xB3, 0x4C, 0xF4, 0x5A, 0x6C, 0x76, 0x47, 0x86, 0x7A, 0x68, 0x30, 0x76, 0x8A,
    0x1E, 0x74, 0xCA, 0x24, 0x00, 0xE9, 0x66, 0x7F, 0x3D, 0x8F, 0xCF, 0xC0, 0xAE, 0x16, 0x89, 0xD2,
    0x5C, 0xE5, 0xAA, 0xC6, 0xAB, 0x98, 0x44, 0x1F, 0xF3, 0x30, 0x58, 0x80, 0x5D, 0x4D, 0x78, 0x5D,
    0x5C, 0x65, 0x66, 0x26, 0x5B, 0x86, 0x91, 0x06, 0x24, 0x3D, 0xD2, 0x5C, 0xE6, 0x55, 0xA7, 0x77,
    0x7A, 0xB8, 0x13, 0x47, 0x74, 0x9F, 0x8E, 0xFD, 0xF5, 0xDC, 0xF8, 0x54, 0x3B, 0x16, 0xB4, 0x3E,
    0x78, 0x8C, 0x24, 0x98, 0xE8, 0x3D, 0xBE, 0xCA, 0x55, 0x3E, 0xF9, 0xCB, 0x3E, 0xDB, 0x48, 0x9B,
    0xCD, 0x49, 0x78, 0x76, 0xCD, 0xEE, 0x6A, 0xA4, 0xF2, 0x50, 0x0F, 0xE6, 0xAE, 0x0A, 0x21, 0x68,
    0x4A, 0xE1, 0xF4, 0xC5, 0x6B, 0xE4, 0xC0, 0xBB, 0x8D, 0xB6, 0xD5, 0xB7, 0x9E, 0x46, 0x24, 0xF5,
    0xFE, 0xBA, 0x0F, 0xBB, 0xFD, 0x0D, 0x41, 0xD2, 0x0E, 0xAA, 0xE9, 0x6A, 0x8A, 0x08, 0x3A, 0xFB,
    0x92, 0x07, 0xDB, 0xC5, 0xA9, 0x1F, 0x97, 0x33, 0x3F, 0xE9, 0xCB, 0xE4, 0xE5, 0x36, 0xD2, 0xFE,
    0xCD, 0x92, 0xDA, 0xAF, 0x7B, 0xD4, 0xFE, 0xFB, 0x82, 0xDA, 0xDF, 0xC1, 0xED, 0x2B, 0x93, 0x35,
    0xB5, 0x6A, 0x2C, 0xD7, 0x32, 0x07, 0xB8, 0x0E, 0xD8, 0xFA, 0x9A, 0x6E, 0x4B, 0x30, 0xCE, 0x71,
    0x48, 0xD4, 0x31, 0x4A, 0x35, 0x4A, 0xB7, 0x91, 0x9C, 0xB8, 0x5C, 0x3E, 0x30, 0x23, 0x20, 0xE2,
    0x98, 0x0D, 0x28, 0x11, 0x5D, 0x54, 0x3E, 0x92, 0xDB, 0x80, 0x15, 0x36, 0xDD, 0x96, 0x49, 0x12,
    0x52, 0x54, 0x2A, 0x45, 0x76, 0x5B, 0x0A, 0xFE, 0x10, 0x65, 0x21, 0x4D, 0xA1, 0x8D, 0x0E, 0x3D,
    0x58, 0xA6, 0xDC, 0x78, 0x92, 0x90, 0x71, 0xE2, 0xB4, 0xF1, 0xC1, 0xD8, 0x60, 0x5C, 0xE4, 0xB6,
    0x42, 0x5E, 0x6D, 0x13, 0xF2, 0x12, 0xFD, 0x6E, 0xD3, 0xBA, 0x8C, 0x9F, 0x78, 0xED, 0xB3, 0x2E,
    0x57, 0x84, 0x64, 0x9C, 0xAF, 0xFB, 0xF8, 0x9A, 0xE4, 0x1F, 0xEF, 0xF2, 0x3B, 0xCE, 0x65, 0xE1,
    0x5A, 0x64, 0x84, 0xFA, 0xDD, 0x66, 0x82, 0x39, 0xD7, 0x61, 0x19, 0x57, 0x9C, 0xEB, 0x14, 0xF1,
    0x2A, 0x17, 0xC7, 0xF0, 0xD6, 0x76, 0xD9, 0xF9, 0xEB, 0xDF, 0x62, 0x54, 0x3D, 0xDE, 0xE8, 0x60,
    0xA0, 0x74, 0x6D, 0x30, 0xA0, 0x48, 0xA2, 0xB8, 0x82, 0x1C, 0x36, 0x92, 0x13, 0x0B, 0x27, 0x97,
    0x22, 0x2D, 0x83, 0x42, 0x4D, 0x2B, 0x0D, 0xA9, 0xD0, 0xC7, 0xF6, 0xB7, 0x5C, 0x06, 0x39, 0x5A,
    0xE4, 0x53, 0x8C, 0x4C, 0x74, 0xD0, 0x21, 0xFB, 0x62, 0xA7, 0xF0, 0xDB, 0x58, 0x8A, 0xD4, 0xA4,
    0x45, 0xC6, 0xB5, 0x37, 0x32, 0x44, 0x5D, 0xF9, 0xB5, 0x9F, 0xE0, 0x78, 0x8F, 0x42, 0x1A, 0xAA,
    0xEC, 0x1B, 0x54, 0xCD, 0xF7, 0xF2, 0x89, 0xBA, 0x60, 0x70, 0x96, 0x5F, 0x9E, 0x09, 0x59, 0x2C,
    0x52, 0xD6, 0xA8, 0x82, 0x20, 0x27, 0x03, 0x71, 0x27, 0x3D, 0x3E, 0x70, 0x28, 0x20, 0x6F, 0xA8,
    0xA8, 0xEB, 0xC5, 0x97, 0x51, 0xD6, 0xC6, 0xD5, 0x1B, 0x11, 0x11, 0xEB, 0xBD, 0xA1, 0x57, 0x45,
    0x35, 0x03, 0x86, 0x2E, 0xF3, 0x43, 0x96, 0xA1, 0x3B, 0xED, 0xC6, 0xE6, 0xA2, 0xD7, 0x40, 0x73,
    0x11, 0x95, 0xF6, 0x82, 0x4D, 0xE9, 0x81, 0x3E, 0x65, 0x59, 0x55, 0x80, 0x96, 0x6B, 0x59, 0x0F,
    0x18, 0x38, 0xA0, 0x14, 0xD8, 0x4B, 0xB6, 0x34, 0x64, 0xBF, 0xDA, 0xDF, 0x84, 0xCC, 0x30, 0x15,
    0x28, 0x10, 0x23, 0xFD, 0xAF, 0x0E, 0x5D, 0x3A, 0x42, 0xC7, 0x6F, 0xBB, 0xA7, 0x2D, 0xAE, 0x6C,
    0xAC, 0xB3, 0x3A, 0x30, 0xC7, 0x5F, 0x9E, 0xE3, 0xB9, 0x34, 0xB6, 0x54, 0xFD, 0x47, 0xEF, 0x70,
    0x5E, 0x0F, 0x9A, 0x5B, 0x01, 0x67, 0x81, 0xE1, 0x4C, 0x9D, 0x65, 0x38, 0x33, 0xA7, 0x19, 0x4E,
    0xFB, 0xC3, 0x8A, 0xCF, 0xEB, 0x01, 0xA7, 0xD6, 0xFF, 0xDF, 0x55, 0xDD, 0x29, 0xA5, 0xB7, 0x6A,
    0x99, 0xC7, 0x16, 0x1F, 0xCA, 0xAB, 0x51, 0xCB, 0x25, 0x4C, 0xAD, 0x64, 0xBA, 0xFA, 0x19, 0x5C,
    0xCB, 0x5A, 0xA7, 0x70, 0xDC, 0x76, 0x0E, 0x6D, 0xD0, 0xC0, 0xD0, 0x76, 0x3F, 0xCB, 0x41, 0x39,
    0x45, 0x4B, 0x0B, 0x3C, 0x30, 0x6B, 0x8B, 0xD0, 0x52, 0x16, 0x9B, 0xBB, 0x09, 0xCF, 0x8F, 0xA3,
    0xAC, 0xC9, 0xA0, 0x59, 0x6D, 0xF6, 0xBB, 0x12, 0x05, 0xDB, 0xCC, 0x60, 0x5B, 0x45, 0x6C, 0x73,
    0xB0, 0x6F, 0xD5, 0x2D, 0x00, 0xA7, 0xB1, 0xDD, 0x16, 0xB6, 0xF7, 0x69, 0x6C, 0xF7, 0xC2, 0xCF,
    0xA3, 0x57, 0x89, 0x6D, 0xD6, 0xFA, 0x00, 0x6B, 0xFF, 0x2B, 0x71, 0xB0, 0xD9, 0x86, 0x0A, 0xD8,
    0xEF, 0x43, 0x43, 0x2C, 0x2E, 0x55, 0x98, 0xDE, 0xF4, 0xA2, 0x21, 0x81, 0x75, 0xD7, 0xD9, 0x84,
    0x73, 0x7F, 0x2C, 0x4C, 0x21, 0xAE, 0xEB, 0x59, 0x11, 0x2E, 0xBB, 0xF8, 0x98, 0x84, 0x82, 0x07,
    0x8F, 0x4A, 0xEB, 0xE2, 0x3A, 0x5B, 0x58, 0x2F, 0xCC, 0xE8, 0x31, 0x7E, 0x85, 0xA1, 0x8D, 0xC6,
    0x1A, 0x1F, 0xA1, 0x90, 0x00, 0x39, 0x93, 0xDE, 0xBA, 0xC7, 0x5E, 0x53, 0x46, 0xF6, 0x10, 0x1A,
    0x48, 0xD9, 0xAA, 0x07, 0xF9, 0x5F, 0x68, 0xC0, 0x9D, 0xDE, 0x1C, 0x05, 0x0B, 0x9C, 0x4B, 0x81,
    0x97, 0x92, 0xFD, 0x2B, 0x1B, 0xDF, 0x60, 0x80, 0xDA, 0x16, 0x8E, 0xB8, 0x15, 0xA6, 0x67, 0x8A,
    0xCD, 0xE9, 0xAE, 0xBA, 0xE0, 0xD5, 0x65, 0x52, 0xAB, 0xBF, 0xEB, 0xF9, 0xD9, 0x1E, 0xD6, 0x33,
    0x5C, 0xA6, 0x08, 0x6B, 0x6A, 0x14, 0x1E, 0xAC, 0xC0, 0x93, 0x0D, 0xA8, 0x76, 0x15, 0x61, 0xB5,
    0x94, 0x31, 0x48, 0x69, 0x6B, 0x3E, 0x97, 0x74, 0xDA, 0x3A, 0x4D, 0x83, 0x94, 0x2C, 0x5D, 0x08,
    0xB3, 0x68, 0x86, 0x52, 0xAA, 0xBA, 0xFD, 0x58, 0x9A, 0xC2, 0xCF, 0xC6, 0x11, 0xB6, 0xB4, 0xF2,
    0xEB, 0x5E, 0xB6, 0x82, 0xEF, 0x71, 0xA6, 0x4C, 0x55, 0xFB, 0x52, 0xE6, 0x39, 0x96, 0xEB, 0x5C,
    0xF8, 0xA2, 0x8A, 0x22, 0xB8, 0x9E, 0x46, 0x97, 0xF6, 0xD4, 0x22, 0xEB, 0x37, 0x7B, 0xAF, 0x42,
    0x2B, 0xD3, 0x10, 0x8C, 0x49, 0x8A, 0x5D, 0x1A, 0xB1, 0xF5, 0xAF, 0xBF, 0x29, 0xC3, 0xF0, 0x02,
    0xB8, 0xF3, 0x91, 0x70, 0x72, 0xCF, 0x5D, 0x23, 0xE9, 0x66, 0x64, 0x27, 0x1C, 0x7E, 0x15, 0x2D,
    0x6C, 0x5A, 0x09, 0x1D, 0xAB, 0x1C, 0xCE, 0x2A, 0xED, 0x7B, 0x01, 0x9B, 0x41, 0x01, 0xE7, 0xA3,
    0x17, 0x54, 0xF4, 0x10, 0xE5, 0x7F, 0x45, 0x78, 0xB7, 0xC0, 0xFA, 0x21, 0x6A, 0x20, 0x33, 0x68,
    0xA0, 0x9C, 0xBC, 0xA1, 0x49, 0x71, 0x98, 0x79, 0x5A, 0x6D, 0xE8, 0x5B, 0x17, 0x1F, 0x0C, 0x28,
    0xBB, 0x89, 0x54, 0x55, 0x5C, 0xEE, 0x0A, 0x0B, 0x50, 0x38, 0xD6, 0xA4, 0x1A, 0x10, 0x73, 0xB6,
    0x5D, 0x41, 0x31, 0xB3, 0x49, 0x43, 0x40, 0x9A, 0xE8, 0x5A, 0x9C, 0x71, 0xBD, 0x11, 0x6A, 0x74,
    0x27, 0xEE, 0x4C, 0x7A, 0x67, 0x35, 0xD6, 0x8A, 0x8D, 0x6E, 0x42, 0xE7, 0x1C, 0xB9, 0xE0, 0xC0,
    0x05, 0xC7, 0x2D, 0x38, 0x6C, 0xC1, 0x62, 0x32, 0x12, 0xB4, 0x88, 0x75, 0xF9, 0xA8, 0x2A, 0x70,
    0x03, 0xDF, 0x57, 0xC6, 0xDD, 0x57, 0x23, 0x71, 0x4C, 0x63, 0x31, 0xEA, 0xD7, 0x6A, 0xA3, 0x65,
    0x42, 0xBD, 0x54, 0x69, 0xF1, 0x72, 0xD0, 0x74, 0xD9, 0x0F, 0x6D, 0xC4, 0x4F, 0xD0, 0xDA, 0xCF,
    0x30, 0x49, 0xA3, 0x72, 0xF3, 0x2A, 0x5F, 0xAD, 0x33, 0xD6, 0x3A, 0x67, 0xBD, 0x76, 0xD6, 0x7A,
    0x8D, 0x35, 0x2F, 0xED, 0xE8, 0x5D, 0xDB, 0x48, 0xD3, 0x0F, 0xAA, 0x48, 0x54, 0x38, 0xDB, 0x3A,
    0xFF, 0xEF, 0x44, 0x7D, 0xF1, 0xDE, 0xC1, 0x85, 0xFD, 0x22, 0x43, 0x5E, 0xD9, 0x65, 0x25, 0x2B,
    0x99, 0xBA, 0xE1, 0x69, 0x88, 0x94, 0x67, 0x3C, 0x51, 0xF0, 0x8C, 0xB7, 0xCE, 0xCB, 0xF8, 0xEC,
    0xCB, 0x1C, 0xC4, 0xBC, 0x0D, 0x1E, 0x94, 0x6E, 0x10, 0x89, 0x0C, 0x90, 0xCA, 0x48, 0xE8, 0x67,
    0xEE, 0xC5, 0xF3, 0xF3, 0x12, 0x8C, 0xCF, 0xA3, 0xC8, 0xFA, 0x7D, 0x7C, 0x7D, 0x53, 0x42, 0xFC,
    0x38, 0xAC, 0xF5, 0xDC, 0x5E, 0x9C, 0x83, 0xE3, 0xF0, 0x8F, 0x16, 0x6A, 0x1E, 0x0E, 0xF9, 0x64,
    0x0D, 0x98, 0x34, 0xC5, 0xB8, 0x09, 0xF6, 0x67, 0x79, 0x9D, 0xFB, 0x4D, 0x00, 0x9F, 0x0C, 0xAB,
    0x00, 0x1F, 0xEB, 0x24, 0x78, 0x32, 0xE7, 0xBD, 0x81, 0x8B, 0x82, 0xF3, 0xD9, 0xBC, 0xAA, 0xB5,
    0x00, 0xF9, 0x3C, 0xE1, 0x0E, 0xD9, 0x2E, 0xF3, 0xFC, 0x03, 0x66, 0xA0, 0xA2, 0x14, 0x96, 0x48,
    0xC9, 0x8F, 0x64, 0x8F, 0xB6, 0x26, 0x2A, 0xA1, 0x85, 0x90, 0x14, 0x60, 0x1D, 0xC6, 0xF3, 0x3D,
    0xA0, 0x87, 0x05, 0x9A, 0x96, 0x5E, 0x1C, 0x39, 0xFD, 0x4C, 0x57, 0x60, 0x23, 0x0C, 0x24, 0xEC,
    0x51, 0x18, 0xCE, 0xCF, 0xCD, 0xF1, 0x9B, 0xDF, 0xF4, 0x26, 0x54, 0xE1, 0x85, 0xC7, 0xF9, 0x8E,
    0x1D, 0x6F, 0xFA, 0x8F, 0x1D, 0xC7, 0x26, 0xBF, 0x29, 0xB6, 0x89, 0x9D, 0x65, 0x88, 0x1B, 0x68,
    0x55, 0xC5, 0x92, 0xBA, 0x2A, 0xC8, 0x0C, 0x55, 0x85, 0xD4, 0x9C, 0x3F, 0xA3, 0x59, 0x34, 0xDF,
    0xE3, 0x6B, 0x36, 0x7C, 0x3E, 0x7C, 0x0D, 0xDB, 0x35, 0x4D, 0x91, 0x81, 0x51, 0xFC, 0xF4, 0xA8,
    0xC8, 0x8B, 0x5D, 0x64, 0x7C, 0xBD, 0xE2, 0x1F, 0x7F, 0x59, 0xC1, 0xA5, 0x26, 0x3C, 0x84, 0x33,
    0x5B, 0xAE, 0x5D, 0xAE, 0xE0, 0x1F, 0x6D, 0xBF, 0x58, 0xCA, 0x80, 0x4C, 0x2A, 0x25, 0xEC, 0xBF,
    0x1D, 0x07, 0xE3, 0x3F, 0x8E, 0x70, 0x2C, 0x2E, 0x38, 0x79, 0xA1, 0x79, 0xE8, 0xF0, 0x3F, 0xCD,
    0xC1, 0xEF, 0x36, 0xC0, 0x7C, 0x73, 0x0A, 0x52, 0x5F, 0x73, 0x60, 0x38, 0x85, 0x32, 0x2F, 0xB4,
    0x15, 0x91, 0x20, 0x6F, 0x11, 0xBF, 0x26, 0x5C, 0x64, 0xA3, 0x18, 0x4E, 0xCD, 0x43, 0xF0, 0x90,
    0x78, 0x48, 0xDC, 0x04, 0xDB, 0xA8, 0x60, 0xAE, 0xB1, 0xCD, 0xDF, 0x21, 0x78, 0x11, 0x26, 0x52,
    0x8B, 0x23, 0x27, 0x80, 0x26, 0x24, 0xCF, 0x77, 0xF6, 0x8E, 0x7B, 0xE1, 0x06, 0xF2, 0xCE, 0x19,
    0x3D, 0x5B, 0x4D, 0x73, 0xDE, 0x6C, 0x22, 0xFB, 0xCF, 0xD9, 0x5E, 0x55, 0x5B, 0x83, 0xC8, 0x17,
    0x4F, 0x53, 0xA9, 0x1C, 0xBA, 0x06, 0x85, 0x01, 0xE9, 0x04, 0x11, 0xAB, 0xF1, 0x69, 0x22, 0xBD,
    0xEE, 0xEF, 0x79, 0xF1, 0x29, 0xC5, 0xD4, 0xD3, 0x90, 0x10, 0xB1, 0xF2, 0xA8, 0xDB, 0x1C, 0x14,
    0xED, 0x7A, 0x19, 0x3C, 0xED, 0x7F, 0x70, 0x20, 0xF5, 0xEA, 0x5B, 0xC2, 0x48, 0x3C, 0xA1, 0xE2,
    0x92, 0x34, 0xC6, 0x97, 0x5E, 0x80, 0x81, 0x9F, 0xFB, 0xBE, 0x88, 0xFD, 0xE0, 0x8F, 0xC4, 0xCE,
    0x43, 0x7F, 0x56, 0xBB, 0xE7, 0xE4, 0xF9, 0xEC, 0xA7, 0xEB, 0xEF, 0xCD, 0x3D, 0x55, 0xBF, 0x78,
    0xDF, 0xC1, 0x20, 0x78, 0xAE, 0x50, 0x5F, 0x28, 0x7F, 0xE1, 0xF1, 0x17, 0x67, 0x46, 0x5F, 0x7B,
    0x41, 0x26, 0x7F, 0xF0, 0x77, 0x12, 0x0E, 0xFC, 0x0D, 0xF0, 0xEA, 0x6F, 0x4B, 0x45, 0x04, 0xCD,
    0xC4, 0x53, 0x90, 0x7A, 0xFB, 0xA4, 0x30, 0x9F, 0x1C, 0x6C, 0xF7, 0x13, 0x96, 0xCD, 0x0C, 0xCB,
    0x11, 0xAF, 0x54, 0xAA, 0x15, 0x4A, 0xA5, 0x42, 0x6D, 0x48, 0xDA, 0x2C, 0x2D, 0x07, 0x61, 0x58,
    0x94, 0xBC, 0x72, 0xCD, 0x2B, 0x95, 0xCB, 0x25, 0xEF, 0x46, 0x91, 0xC2, 0x6F, 0x0D, 0xE1, 0x34,
    0xDD, 0x96, 0xDB, 0x2A, 0x36, 0x29, 0x26, 0x96, 0x81, 0x1D, 0xB2, 0x28, 0xCA, 0x20, 0x34, 0x46,
    0x43, 0x21, 0x80, 0xB2, 0x7F, 0xA0, 0x09, 0x89, 0x59, 0x88, 0x65, 0xD7, 0x99, 0xE0, 0x55, 0xF6,
    0x44, 0xD2, 0x87, 0x91, 0x79, 0xC8, 0x66, 0xAF, 0x2A, 0x2B, 0xBB, 0x45, 0xAB, 0x9C, 0x69, 0x0E,
    0x1A, 0xBB, 0x9D, 0xC5, 0xA9, 0x89, 0xA1, 0x7D, 0x12, 0x5C, 0x0F, 0xD5, 0x41, 0x22, 0x13, 0x2C,
    0xD8, 0x81, 0x4F, 0x4F, 0xF9, 0xDC, 0x51, 0x63, 0x75, 0x47, 0x24, 0x4C, 0x51, 0x4D, 0x59, 0x2D,
    0xD6, 0x9A, 0x75, 0x88, 0x3B, 0x32, 0x6D, 0x7B, 0x23, 0xA6, 0x5F, 0x82, 0x66, 0x09, 0x2A, 0x15,
    0xA8, 0xCC, 0x1E, 0x6F, 0xA0, 0x1D, 0x8E, 0xD4, 0xE9, 0xFC, 0x8C, 0x72, 0x5C, 0x25, 0x04, 0x0D,
    0xCB, 0xAF, 0x0C, 0x32, 0x96, 0x1C, 0x31, 0x98, 0x69, 0x1D, 0xB3, 0xD0, 0x47, 0xAA, 0x36, 0xA9,
    0xB6, 0x7A, 0x81, 0xFF, 0x82, 0x40, 0x12, 0x76, 0xC6, 0x22, 0x41, 0xF0, 0xAD, 0x5D, 0xF7, 0x7C,
    0x3D, 0x72, 0x9C, 0xBD, 0xE4, 0x77, 0xAF, 0xFD, 0x82, 0xC3, 0x26, 0x43, 0x85, 0x28, 0xE0, 0x5C,
    0x62, 0xF9, 0x0A, 0xB9, 0xC4, 0x8D, 0x2F, 0x98, 0xBB, 0x07, 0x1F, 0x1E, 0x22, 0x36, 0xA7, 0xBF,
    0x1C, 0xD9, 0x50, 0x62, 0x6F, 0x75, 0xD1, 0xF2, 0x40, 0x2C, 0xB9, 0x9B, 0xF6, 0x44, 0xFE, 0xCA,
    0xCB, 0x67, 0xEE, 0x17, 0xA5, 0xBF, 0x97, 0x78, 0x4C, 0x7C, 0x43, 0xEE, 0xFE, 0xCA, 0x15, 0x97,
    0xCF, 0xF0, 0xFC, 0x93, 0x97, 0x44, 0xB6, 0xED, 0x00, 0x82, 0x12, 0x8B, 0x75, 0xAF, 0x23, 0xEB,
    0xC9, 0x81, 0xED, 0x5B, 0x81, 0xA9, 0x79, 0x80, 0xDA, 0x4C, 0x05, 0x64, 0xE4, 0xD9, 0xAF, 0xFB,
    0x2B, 0x7F, 0xDE, 0xE4, 0x55, 0xE9, 0x6B, 0x6C, 0x97, 0x59, 0x9B, 0xDF, 0xE7, 0xB2, 0xDA, 0x68,
    0xFE, 0x73, 0x40, 0x76, 0xD2, 0xED, 0x55, 0x7F, 0x65, 0xB2, 0xBD, 0xBF, 0x65, 0xB5, 0x1B, 0x81,
    0x04, 0x36, 0xAF, 0x58, 0xB9, 0xB6, 0xB2, 0xA8, 0x74, 0x74, 0xD3, 0x30, 0xBF, 0xD2, 0xCF, 0x0B,
    0x47, 0x74, 0x0B, 0xE3, 0xF9, 0xA3, 0x5E, 0x68, 0x67, 0x86, 0xDB, 0xDD, 0x8C, 0x93, 0x5F, 0xE4,
    0xEB, 0x2D, 0x91, 0xFB, 0x13, 0x7D, 0x82, 0xAD, 0x00, 0x6A, 0x7D, 0x2C, 0xAD, 0x8E, 0xFD, 0x10,
    0x14, 0x46, 0x9E, 0xA6, 0x8E, 0x5A, 0xD4, 0x11, 0x2A, 0x96, 0x1C, 0xE9, 0x95, 0x1C, 0xA9, 0x95,
    0x6B, 0x58, 0xAF, 0xA8, 0xB4, 0x70, 0x8B, 0xFD, 0xFE, 0x23, 0xEC, 0x4F, 0x14, 0x7A, 0x7E, 0x30,
    0x14, 0x80, 0x28, 0xFF, 0x50, 0xFC, 0x0D, 0x8C, 0x75, 0x84, 0x5F, 0x49, 0x17, 0x41, 0x1D, 0xD5,
    0xF2, 0x79, 0x48, 0xC5, 0xAB, 0x81, 0xFC, 0x90, 0xB4, 0xFA, 0x8D, 0xCB, 0x4D, 0x7C, 0x20, 0xFB,
    0x29, 0xAC, 0x9D, 0x62, 0x9C, 0x5B, 0x17, 0x98, 0x02, 0xDE, 0xE5, 0xC1, 0x3D, 0xC3, 0xD7, 0x88,
    0xBA, 0x35, 0xFA, 0xAB, 0x6E, 0xAF, 0xF0, 0xB7, 0x02, 0x84, 0xC5, 0xF1, 0x66, 0xC8, 0x42, 0xA3,
    0x5B, 0xA2, 0x4C, 0x85, 0x83, 0xCC, 0xAA, 0x2C, 0x9C, 0xC2, 0xCC, 0x1C, 0x67, 0x56, 0x1E, 0x76,
    0x24, 0xD2, 0x7C, 0x9D, 0xE0, 0x8B, 0x75, 0x97, 0xF9, 0x6C, 0xB1, 0x95, 0xF3, 0xFD, 0xAB, 0xB2,
    0x28, 0x77, 0x16, 0xBE, 0xA8, 0xFA, 0xFC, 0xC4, 0xA6, 0xD5, 0x72, 0x28, 0x03, 0x41, 0x29, 0x4F,
    0x93, 0x07, 0xCB, 0x81, 0x39, 0xAD, 0x52, 0x92, 0xAB, 0x33, 0x52, 0x1E, 0x67, 0xDA, 0x6C, 0x5F,
    0x25, 0xD5, 0xE4, 0x96, 0x59, 0x84, 0xDF, 0xB6, 0x58, 0x75, 0xA4, 0x46, 0xE9, 0x5C, 0x1C, 0xCC,
    0x76, 0x1E, 0x0D, 0x83, 0x3B, 0xF8, 0xFF, 0x7F, 0x63, 0xD0, 0x05, 0xD2, 0x4B, 0x5D, 0x11, 0x2F,
    0x1D, 0x98, 0x4B, 0xCA, 0x68, 0x15, 0xA1, 0x32, 0xDE, 0x56, 0x55, 0x55, 0x71, 0x84, 0xBD, 0xE3,
    0xC9, 0x6D, 0x78, 0x8D, 0xF8, 0x65, 0x5B, 0x98, 0x82, 0xD2, 0x31, 0x28, 0x8D, 0x6E, 0xD2, 0x2A,
    0xF3, 0x90, 0xA1, 0x2E, 0x78, 0x54, 0xC2, 0x5F, 0x8B, 0xAC, 0x98, 0x51, 0xC7, 0xD7, 0x00, 0xBE,
    0x25, 0xE0, 0x02, 0xA4, 0xCE, 0x6D, 0x28, 0xC7, 0x66, 0xB4, 0xF3, 0x19, 0xF3, 0x61, 0x3E, 0xE3,
    0x6A, 0xDA, 0x59, 0x99, 0x55, 0xA4, 0x93, 0xFE, 0x14, 0x72, 0x03, 0x59, 0xC5, 0x18, 0x13, 0xD4,
    0xBE, 0x0D, 0xFF, 0x21, 0x10, 0x4A, 0x52, 0x47, 0xC2, 0xAD, 0xFC, 0x87, 0x5F, 0x28, 0x3A, 0xF6,
    0x5E, 0x6D, 0xD9, 0x79, 0x64, 0x89, 0xA6, 0xF2, 0x89, 0xC9, 0x60, 0xD8, 0xA4, 0x3A, 0xE7, 0x2B,
    0x28, 0xE6, 0x5E, 0x8C, 0xAB, 0x3C, 0x19, 0x57, 0x79, 0x92, 0xCD, 0x79, 0x1A, 0xCB, 0x4D, 0x3E,
    0x52, 0xE7, 0xF6, 0x39, 0xBC, 0xEC, 0xA1, 0x15, 0x21, 0x17, 0x37, 0x60, 0xC5, 0x11, 0xEF, 0xCE,
    0xE6, 0xA9, 0xA3, 0x7C, 0xBB, 0x23, 0x6C, 0x3E, 0x41, 0xCD, 0xA7, 0xDB, 0xCD, 0xE7, 0xC8, 0x60,
    0xCA, 0x51, 0x5D, 0x84, 0x43, 0xC5, 0x3D, 0x19, 0xAF, 0xF2, 0x81, 0xAB, 0x7B, 0x3A, 0xD9, 0x4B,
    0x19, 0x31, 0x9A, 0x3F, 0xC7, 0x2F, 0x5F, 0x62, 0x46, 0x7F, 0x85, 0xDE, 0xDB, 0xFF, 0xB9, 0x0A,
    0xCF, 0xC9, 0x95, 0x31, 0x89, 0x6B, 0x67, 0x24, 0x45, 0x17, 0x47, 0xC4, 0x4E, 0x41, 0xFC, 0x00,
    0x0C, 0x9E, 0x0A, 0x17, 0x47, 0xD4, 0x36, 0x58, 0x48, 0x6F, 0xB6, 0xF3, 0x27, 0xBC, 0xC0, 0xCC,
    0xF8, 0x55, 0x7A, 0xFB, 0x07, 0xF4, 0xC3, 0x6B, 0xA0, 0xFF, 0x56, 0x72, 0xAD, 0xED, 0x5A, 0x19,
    0xF9, 0x59, 0xB8, 0x4D, 0xBA, 0x72, 0x14, 0xD2, 0x32, 0xED, 0x25, 0xFD, 0x98, 0x8F, 0x62, 0x97,
    0xF6, 0x79, 0xDC, 0xE9, 0x5F, 0xF9, 0x4A, 0xED, 0x1D, 0xD9, 0x46, 0x64, 0xBF, 0x55, 0xAE, 0xFB,
    0x13, 0x50, 0x90, 0x23, 0x78, 0x6F, 0xE2, 0x8A, 0xF7, 0x82, 0x20, 0x60, 0xFF, 0x9C, 0x88, 0xA0,
    0xDA, 0x4E, 0x5A, 0x8C, 0xB4, 0xA1, 0x4D, 0x10, 0x6C, 0x89, 0xFE, 0x25, 0x8A, 0xEE, 0xA6, 0x2E,
    0x7F, 0x34, 0x13, 0x16, 0xA8, 0x56, 0xDA, 0x39, 0x97, 0xBC, 0x1A, 0xA4, 0x43, 0x97, 0x0F, 0xC1,
    0xFF, 0x74, 0xD8, 0xF7, 0x11, 0x27, 0x10, 0x51, 0xA4, 0x67, 0xC2, 0x49, 0x4D, 0xB6, 0x4D, 0x32,
    0x13, 0xA2, 0x81, 0x67, 0xF2, 0x53, 0x06, 0x0F, 0x40, 0xAA, 0xC9, 0xC1, 0x3E, 0xC1, 0xF4, 0x25,
    0x43, 0x8E, 0xEB, 0x2D, 0x63, 0x18, 0xCB, 0xC2, 0xCE, 0x23, 0x14, 0x5D, 0x1B, 0x04, 0x95, 0x15,
    0x6D, 0xFF, 0x1D, 0xE4, 0x3A, 0x1A, 0xD1, 0x4B, 0xFC, 0xBF, 0xAC, 0x95, 0xBA, 0x88, 0x9A, 0x12,
    0xA3, 0x51, 0x9F, 0x3A, 0xB4, 0x31, 0x13, 0x9B, 0x96, 0xAD, 0x53, 0x74, 0x00, 0xF0, 0x6F, 0x33,
    0x51, 0xCB, 0xA2, 0xD4, 0x95, 0x83, 0xD3, 0x12, 0x7E, 0xA4, 0x8D, 0xC3, 0xCD, 0x82, 0xA5, 0x17,
    0x16, 0xFE, 0xB2, 0x40, 0xA2, 0x79, 0x97, 0x30, 0xF3, 0x55, 0xC2, 0x92, 0xA7, 0x9D, 0x66, 0xBD,
    0x88, 0x33, 0x4F, 0x9D, 0x67, 0x7B, 0x5B, 0x56, 0xC9, 0x53, 0xC0, 0xB8, 0xFF, 0x53, 0x7E, 0xFF,
    0x74, 0x24, 0xAC, 0xEB, 0x43, 0x27, 0x59, 0x9D, 0x8F, 0x28, 0xC1, 0x6B, 0x23, 0x5A, 0xA3, 0xD8,
    0x57, 0xAA, 0xF6, 0x8F, 0xF9, 0xFA, 0xB3, 0x9D, 0xD4, 0xF2, 0x1A, 0xDB, 0x26, 0xC1, 0x93, 0x30,
    0xD0, 0x35, 0x4F, 0xA1, 0x63, 0xDE, 0xBF, 0x7A, 0xDA, 0xFF, 0x03, 0x3D, 0x8D, 0xB1, 0x6A, 0xC3,
    0x30, 0x10, 0x86, 0x7F, 0x3B, 0x60, 0x43, 0x5C, 0x47, 0x5E, 0x9A, 0xC9, 0x10, 0x8F, 0x1E, 0x02,
    0x5D, 0x32, 0x64, 0x6A, 0x05, 0x85, 0xAE, 0x4D, 0xA1, 0xDD, 0x3B, 0x78, 0xCA, 0x94, 0xA1, 0x63,
    0x4D, 0x44, 0xD7, 0x0E, 0x75, 0xDF, 0xA1, 0x43, 0xD1, 0xE4, 0xBD, 0x82, 0xF8, 0x11, 0xF2, 0x08,
    0x79, 0x83, 0x7A, 0xD0, 0x60, 0xA8, 0x41, 0xBD, 0x13, 0xB4, 0xBF, 0x7E, 0xA4, 0xEF, 0xFE, 0xE3,
    0x4E, 0xF3, 0xCF, 0xC3, 0x00, 0xCC, 0xFD, 0x7D, 0xFE, 0xB0, 0x39, 0x38, 0x0B, 0x86, 0xFB, 0xBD,
    0x1B, 0x09, 0xB6, 0x5A, 0xEB, 0x8F, 0xBD, 0x73, 0xCE, 0x32, 0x69, 0xDD, 0x30, 0x3B, 0x77, 0x8C,
    0xF2, 0x5D, 0x6B, 0xC7, 0x2A, 0x82, 0x50, 0x89, 0x9A, 0xC8, 0x18, 0x67, 0x28, 0x30, 0xC5, 0x05,
    0x04, 0x12, 0xCC, 0xB0, 0xC4, 0x23, 0xD6, 0xA8, 0xF1, 0x8C, 0x27, 0x7A, 0x53, 0x84, 0x88, 0xC2,
    0x3C, 0xDF, 0xAD, 0xDA, 0xD6, 0x0E, 0xA3, 0xA9, 0xAA, 0xE8, 0x46, 0x8A, 0x37, 0x95, 0xBC, 0x76,
    0x93, 0x6B, 0x15, 0xD3, 0x70, 0x8A, 0x82, 0xC6, 0x69, 0x7E, 0x21, 0xC5, 0xAD, 0x4C, 0x62, 0xCC,
    0xA6, 0x58, 0xE6, 0x1C, 0x96, 0x25, 0xEA, 0x1A, 0x86, 0x16, 0xAD, 0xB0, 0x2E, 0x91, 0xD2, 0xAE,
    0x10, 0xAC, 0x13, 0x70, 0x04, 0x1A, 0x14, 0xEF, 0xF2, 0xF2, 0xA7, 0x23, 0xE0, 0xA4, 0xF7, 0x3E,
    0x79, 0x37, 0xDE, 0xF2, 0xCF, 0x5E, 0x61, 0x87, 0x80, 0xAC, 0x70, 0xF7, 0x82, 0xAF, 0x6F, 0x06,
    0x4A, 0xFE, 0x4D, 0x25, 0x85, 0xD4, 0x22, 0x08, 0x7C, 0xE2, 0x25, 0xBA, 0xAB, 0x9E, 0x8F, 0xA0,
    0xFF, 0x32, 0x63, 0xB2, 0x0C, 0x19, 0x36, 0x06, 0x43, 0xD0, 0x1B, 0xD8, 0xA0, 0xE7, 0x12, 0xBF,
    0xCD, 0x5A, 0x5D, 0x6C, 0x1C, 0x57, 0x15, 0x3E, 0x33, 0x93, 0x78, 0x6C, 0xCF, 0xDA, 0xE3, 0x4A,
    0xDB, 0xD4, 0xD4, 0x6B, 0xCF, 0x4A, 0x35, 0xC5, 0xA4, 0x1B, 0x8F, 0x41, 0x16, 0x6C, 0xDB, 0xD8,
    0x33, 0x80, 0x04, 0x12, 0xBC, 0x18, 0x29, 0x46, 0xA8, 0x11, 0xED, 0x82, 0x40, 0xA2, 0x54, 0x8A,
    0x57, 0x60, 0x24, 0x47, 0x75, 0xBC, 0x03, 0x2A, 0x82, 0x47, 0x23, 0x82, 0x0A, 0xAA, 0xAA, 0xE6,
    0xA1, 0x95, 0x68, 0x2A, 0x91, 0x48, 0xF5, 0x43, 0x80, 0xD8, 0x3B, 0xA5, 0x0F, 0x3C, 0xF4, 0x65,
    0x54, 0x04, 0x4F, 0x7D, 0x18, 0x50, 0x2A, 0xD4, 0x06, 0x94, 0x79, 0x98, 0xD2, 0x4D, 0xB2, 0xBB,
    0x97, 0x73, 0xCE, 0x9D, 0x99, 0xDD, 0x75, 0xB6, 0x8D, 0xDD, 0xFC, 0x94, 0xF9, 0x39, 0xEB, 0xDD,
    0x9D, 0xBD, 0xE7, 0xDE, 0xEF, 0x7C, 0xE7, 0xE7, 0xDE, 0x6B, 0x00, 0x3E, 0x54, 0x97, 0xA4, 0xE6,
    0xF3, 0xDF, 0x01, 0x7F, 0x14, 0xB2, 0xAC, 0xB0, 0x2C, 0xB2, 0x1C, 0x23, 0xA1, 0x8C, 0x79, 0xF4,
    0xCC, 0x61, 0xFA, 0x81, 0x5E, 0xE7, 0x5F, 0xBD, 0x03, 0x8A, 0xFC, 0xB9, 0x94, 0x5E, 0x97, 0xC4,
    0x06, 0xC7, 0xF3, 0x2A, 0xCA, 0x99, 0x19, 0x94, 0x63, 0xA5, 0x92, 0xE2, 0xC3, 0x5C, 0xA1, 0xC0,
    0x72, 0x04, 0x7C, 0xA8, 0x8E, 0x8C, 0x40, 0xA0, 0xC5, 0xA3, 0xC3, 0x10, 0x4C, 0xCE, 0x1B, 0x06,
    0x04, 0x8B, 0x17, 0xCC, 0x9F, 0x43, 0x50, 0x13, 0x42, 0xC0, 0xA6, 0xFD, 0xC4, 0x7B, 0x6D, 0xF0,
    0xC0, 0x08, 0xD7, 0xC1, 0x85, 0xF4, 0x18, 0x87, 0x2D, 0xFD, 0x99, 0x52, 0xE9, 0x9E, 0xD0, 0x70,
    0xC7, 0xD3, 0x4F, 0xCE, 0xEB, 0xCF, 0xCC, 0x94, 0xEF, 0x09, 0x4D, 0x77, 0x1A, 0xF6, 0x76, 0xD8,
    0x2D, 0xAB, 0xC9, 0x43, 0x8D, 0x86, 0xC6, 0xC6, 0xBC, 0x07, 0xFC, 0xCF, 0xFB, 0x9F, 0x0D, 0xD4,
    0xA5, 0x21, 0x39, 0xDA, 0xDD, 0x1A, 0xC6, 0xB0, 0x7D, 0x6F, 0x01, 0x36, 0xE9, 0xEF, 0x03, 0xB0,
    0xA6, 0x06, 0x53, 0x30, 0xB7, 0x3F, 0x3D, 0x9E, 0x1A, 0x6A, 0x15, 0x35, 0x82, 0x48, 0x83, 0x02,
    0x9C, 0xA1, 0x2F, 0x96, 0x94, 0x48, 0xAB, 0x2A, 0x11, 0xBC, 0xA8, 0xBA, 0x23, 0xFB, 0x6D, 0xAD,
    0xBB, 0x3F, 0x50, 0x8F, 0x6B, 0xD1, 0xAE, 0xC7, 0x0E, 0xC0, 0x51, 0x35, 0xB4, 0x60, 0x5E, 0xBE,
    0xFB, 0xC5, 0xF4, 0x5B, 0x0F, 0x35, 0xEC, 0xCA, 0x01, 0xFA, 0xE2, 0x67, 0xF9, 0xB7, 0x1E, 0x6A,
    0x5A, 0x95, 0xFD, 0x61, 0x34, 0x0E, 0x0E, 0x7C, 0xDD, 0x7B, 0xDA, 0x75, 0xF8, 0xD3, 0x01, 0xB0,
    0xFC, 0xE2, 0xE6, 0x6C, 0x60, 0x7A, 0x7B, 0x6B, 0x45, 0xF6, 0x4F, 0x01, 0xD3, 0x7B, 0xC8, 0x9B,
    0x87, 0xDA, 0x45, 0x3B, 0x34, 0x81, 0xAC, 0x74, 0x2F, 0x3C, 0xE9, 0x88, 0x78, 0xF1, 0x65, 0x49,
    0x2A, 0x3E, 0x72, 0x80, 0xE8, 0x24, 0xD7, 0x24, 0xC0, 0x08, 0x5F, 0xA3, 0x7C, 0x19, 0x7C, 0xE9,
    0xE9, 0xA5, 0xA1, 0xE5, 0xA8, 0x51, 0x6A, 0x47, 0x79, 0xB2, 0x26, 0xE2, 0x8D, 0xAC, 0x9D, 0xC1,
    0xB4, 0x85, 0x1C, 0x5F, 0xB2, 0x91, 0xA1, 0xF4, 0x1A, 0xE6, 0x6B, 0x80, 0x2F, 0x6A, 0x27, 0x00,
    0xAD, 0x01, 0xB0, 0x35, 0x8C, 0x43, 0xFC, 0x25, 0x5C, 0x5D, 0xAA, 0x05, 0x27, 0x93, 0x46, 0x46,
    0xF0, 0x1C, 0xE5, 0xD3, 0xC0, 0x53, 0xE7, 0x53, 0xCB, 0x4E, 0x85, 0x09, 0x6E, 0x7A, 0xD3, 0xB0,
    0xB8, 0x64, 0x45, 0xB3, 0x44, 0xA4, 0xCE, 0x13, 0xAE, 0xE6, 0xAA, 0x74, 0x7A, 0xAA, 0xA7, 0xD0,
    0xE9, 0x23, 0xD9, 0x63, 0x68, 0xC3, 0x2C, 0xA8, 0x1E, 0x98, 0x3E, 0xE4, 0x5D, 0x98, 0x3D, 0x06,
    0x56, 0x0C, 0x53, 0x6E, 0x17, 0x4E, 0x31, 0xA8, 0x4D, 0xD0, 0xB6, 0xF9, 0x6A, 0x81, 0xFA, 0x6F,
    0x1E, 0x09, 0xD2, 0xAF, 0x0A, 0x4A, 0x08, 0x86, 0x7F, 0x58, 0x80, 0xF2, 0x5D, 0xEE, 0x3C, 0x9A,
    0x01, 0x2D, 0x7F, 0x75, 0x09, 0x6A, 0x01, 0x9C, 0xEC, 0x46, 0xDA, 0x05, 0x2D, 0x84, 0xE1, 0x08,
    0x46, 0x57, 0xC1, 0x6C, 0x82, 0x8E, 0xB6, 0x9B, 0xA3, 0x9F, 0x43, 0x40, 0x5E, 0x68, 0xC3, 0x0F,
    0x9A, 0x60, 0x4A, 0xC7, 0xC6, 0xCF, 0xAB, 0x7C, 0xAE, 0x22, 0x47, 0xE6, 0xA1, 0x8C, 0x67, 0x09,
    0xCF, 0x02, 0x9F, 0x39, 0xD4, 0x4B, 0x5C, 0x31, 0xC8, 0xEA, 0xF0, 0x87, 0x0C, 0x92, 0x3C, 0x3F,
    0x39, 0x83, 0xA7, 0x7C, 0xAA, 0x73, 0x12, 0x50, 0xC6, 0xA6, 0x1E, 0x21, 0x9B, 0xF9, 0x57, 0xDF,
    0xCE, 0x7E, 0xA5, 0xD3, 0x00, 0x99, 0x28, 0xCC, 0xF0, 0x85, 0x25, 0x62, 0x15, 0xB1, 0xF5, 0x48,
    0xD2, 0x65, 0x8B, 0x84, 0xC0, 0x07, 0xB4, 0x77, 0x5D, 0xB6, 0xF3, 0x41, 0x1A, 0xF2, 0x20, 0x3D,
    0x3E, 0x46, 0x62, 0x0E, 0x16, 0x5C, 0x8C, 0x3D, 0x76, 0x9B, 0x60, 0x58, 0xC1, 0xFE, 0xA2, 0x82,
    0x75, 0x80, 0x6D, 0x70, 0x7E, 0xBD, 0x12, 0x81, 0x25, 0x84, 0x0B, 0xAA, 0xB8, 0x94, 0x34, 0x86,
    0x04, 0x21, 0x70, 0xB0, 0xD7, 0x80, 0x3D, 0x00, 0xC2, 0xA7, 0x17, 0x20, 0x48, 0x19, 0xA2, 0xC4,
    0x63, 0x60, 0x44, 0x45, 0x34, 0x00, 0xB6, 0xDD, 0xAC, 0xC0, 0xC1, 0xDF, 0x23, 0x4C, 0x08, 0x1B,
    0xAC, 0x2F, 0xC2, 0x44, 0x64, 0x0B, 0xE1, 0xE9, 0xE2, 0x2A, 0xC0, 0xB2, 0x8B, 0x6D, 0xDA, 0x3C,
    0x1E, 0x27, 0x41, 0x21, 0x35, 0xF3, 0x04, 0xEC, 0xC0, 0x1A, 0xA8, 0xBE, 0xE9, 0x8F, 0xBB, 0xB3,
    0xC7, 0xAC, 0xB8, 0xCB, 0x94, 0x9B, 0x13, 0x8D, 0xDA, 0xCE, 0xDA, 0x24, 0xCC, 0x55, 0xAB, 0xD5,
    0xD5, 0xF9, 0xF9, 0x72, 0xB9, 0x54, 0x2A, 0x14, 0x0A, 0xB9, 0xC1, 0x03, 0x7B, 0x06, 0x31, 0x3D,
    0x74, 0xA2, 0x00, 0x18, 0x6E, 0x91, 0xD9, 0x46, 0x10, 0xAA, 0xDE, 0x2A, 0xC7, 0xEA, 0x53, 0x28,
    0x57, 0xC0, 0x79, 0x7B, 0xF9, 0x5C, 0x0B, 0x4C, 0x0C, 0x95, 0x01, 0x28, 0x22, 0xC3, 0xA1, 0xEF,
    0x61, 0x70, 0x07, 0xA5, 0xD3, 0xEA, 0xBB, 0xBE, 0x1B, 0xEB, 0x0A, 0xF1, 0x08, 0x04, 0x1A, 0x81,
    0xB4, 0x58, 0xEE, 0x06, 0xBA, 0x89, 0x08, 0x9D, 0x6B, 0x67, 0xC5, 0x3F, 0x02, 0xD4, 0xD2, 0x46,
    0x8F, 0xAB, 0xB7, 0x37, 0x77, 0xB7, 0x7C, 0x94, 0xE5, 0xA9, 0x24, 0x12, 0x77, 0x8E, 0x5E, 0xA8,
    0xE4, 0x61, 0xBA, 0x96, 0x3B, 0xD0, 0x0B, 0x93, 0x7C, 0x36, 0xD0, 0x03, 0x85, 0x72, 0xCF, 0xE6,
    0x6C, 0xB4, 0x11, 0x76, 0x5A, 0xD1, 0x3D, 0x33, 0xB4, 0xE2, 0xF9, 0x0B, 0x73, 0xE5, 0xD5, 0xB5,
    0x5A, 0xE4, 0x04, 0xC3, 0xC4, 0xFD, 0xD9, 0x18, 0x16, 0x43, 0xF2, 0xF0, 0xC4, 0xDD, 0xA5, 0xA3,
    0xAF, 0x83, 0xFA, 0x1F, 0x30, 0x10, 0xC6, 0xC7, 0x91, 0x17, 0x60, 0xFC, 0x0B, 0xBD, 0x21, 0x82,
    0x04, 0x4D, 0x99, 0xDC, 0xFE, 0x44, 0x0A, 0x94, 0xEB, 0x5E, 0x27, 0xAB, 0xDD, 0x0A, 0xC4, 0x1F,
    0xDC, 0xE6, 0x2D, 0x82, 0xEB, 0x3D, 0x1A, 0xED, 0x04, 0xD3, 0x37, 0x02, 0xB8, 0x34, 0xD5, 0x70,
    0xA2, 0xDC, 0x6E, 0x96, 0x25, 0xC7, 0x02, 0xCB, 0x75, 0x96, 0x87, 0xB8, 0x67, 0x75, 0x3F, 0xF5,
    0x2D, 0xA9, 0xF7, 0x76, 0x10, 0x6A, 0x6F, 0x5A, 0x6E, 0x95, 0x5C, 0x53, 0xB0, 0x08, 0x43, 0x9E,
    0x13, 0xD6, 0xFD, 0x99, 0x3E, 0x34, 0x32, 0x3C, 0xD3, 0x55, 0x37, 0x47, 0x63, 0x27, 0x1A, 0xDA,
    0x8D, 0xC5, 0x31, 0x1A, 0x96, 0x68, 0xB7, 0x41, 0x17, 0xA2, 0x85, 0xBF, 0x6C, 0xBB, 0xA4, 0x08,
    0x3F, 0x24, 0x8D, 0x4C, 0x2F, 0x0D, 0xB8, 0x07, 0x92, 0x37, 0x44, 0x9B, 0xA3, 0x94, 0x2A, 0x2E,
    0x92, 0x98, 0x06, 0x49, 0x29, 0x0E, 0x49, 0x26, 0x3D, 0xAC, 0x37, 0x48, 0xBD, 0xB8, 0x76, 0xF6,
    0x77, 0x50, 0x63, 0x44, 0xEA, 0x57, 0xA5, 0x3E, 0x85, 0x14, 0x61, 0xF0, 0x69, 0x80, 0x23, 0x44,
    0x04, 0x63, 0x26, 0x06, 0x6B, 0x38, 0x69, 0x62, 0x2C, 0x0A, 0x4C, 0x54, 0x0E, 0x6A, 0x0B, 0x72,
    0x99, 0x37, 0xCC, 0x49, 0x81, 0x44, 0xAC, 0xAA, 0x24, 0x28, 0x78, 0x33, 0x52, 0x6B, 0x19, 0xA2,
    0x36, 0xC1, 0x67, 0x5E, 0x5B, 0x7E, 0x25, 0x50, 0x19, 0x88, 0x09, 0x21, 0x4B, 0x2F, 0x18, 0xC0,
    0x67, 0x2D, 0x1C, 0xC5, 0x61, 0xD1, 0x3E, 0x86, 0x83, 0x6A, 0x83, 0x21, 0x2E, 0x1E, 0xC2, 0xF7,
    0xB5, 0xB0, 0x2B, 0xB2, 0x61, 0x7A, 0x20, 0xAA, 0x03, 0xF8, 0x92, 0x97, 0xF4, 0x5B, 0x13, 0x03,
    0x23, 0x1C, 0xAE, 0xB7, 0xCF, 0x02, 0x61, 0x81, 0x1A, 0xDA, 0xEF, 0xC0, 0x44, 0x0B, 0x2E, 0x41,
    0x3D, 0x00, 0xE1, 0xA3, 0xE6, 0x9A, 0x97, 0x3A, 0x1E, 0xA1, 0x12, 0xA6, 0xF8, 0xF0, 0xF1, 0x11,
    0x60, 0x84, 0x04, 0xBC, 0x8E, 0xB8, 0x43, 0x30, 0xA6, 0x34, 0xEB, 0x88, 0xDB, 0x00, 0xE3, 0xFE,
    0x20, 0xCB, 0x40, 0x97, 0xA8, 0x43, 0x6F, 0x1D, 0x74, 0xB7, 0xC0, 0x4B, 0xE3, 0x63, 0xFA, 0xA0,
    0xDA, 0xD3, 0x8B, 0xBB, 0x06, 0x6D, 0x3F, 0x06, 0xEE, 0x99, 0xB9, 0x40, 0x5E, 0x01, 0x2A, 0xA3,
    0x78, 0xA6, 0xBB, 0xFB, 0xFB, 0x33, 0x88, 0x47, 0x4D, 0x28, 0x4D, 0x86, 0x4D, 0xE7, 0xC0, 0xAC,
    0x78, 0x9F, 0x5C, 0x71, 0x1D, 0x01, 0x76, 0xDC, 0x69, 0x73, 0x33, 0x99, 0xD1, 0x90, 0xA2, 0xF3,
    0xC9, 0x08, 0xE9, 0xA6, 0x2A, 0xB9, 0x8C, 0x68, 0x34, 0x11, 0xAF, 0xE7, 0xF1, 0x36, 0xDD, 0x81,
    0xD3, 0x7A, 0xE2, 0x1A, 0x3A, 0x02, 0xDE, 0x6D, 0xDE, 0x3D, 0x69, 0x22, 0x97, 0x22, 0x8F, 0xEA,
    0x38, 0xD4, 0x47, 0xD1, 0xCE, 0x16, 0x29, 0x73, 0xB0, 0x3D, 0xDA, 0x55, 0xC2, 0xE6, 0xE8, 0x43,
    0xCC, 0x6A, 0x46, 0x30, 0x81, 0xF0, 0xBC, 0x98, 0xC4, 0xD7, 0x72, 0x52, 0xF9, 0xD8, 0x09, 0xA9,
    0xF2, 0x89, 0x41, 0x51, 0xA3, 0xEE, 0xC3, 0xBD, 0x75, 0xAC, 0x63, 0x9A, 0x9D, 0xBE, 0x98, 0xCC,
    0xC8, 0x81, 0x1B, 0x43, 0xF5, 0x1E, 0x35, 0x26, 0x85, 0x1D, 0xD5, 0x12, 0xDA, 0x07, 0x45, 0xFC,
    0xFD, 0xF5, 0x28, 0x99, 0xB6, 0x30, 0x07, 0x73, 0x24, 0xC7, 0x46, 0x09, 0x9C, 0x72, 0x2D, 0xC2,
    0xA2, 0xA9, 0x26, 0x02, 0x94, 0x4E, 0x40, 0x59, 0xEB, 0x08, 0x67, 0x92, 0xF1, 0x54, 0x56, 0x19,
    0xC0, 0x55, 0xE6, 0x11, 0x56, 0x6E, 0x08, 0xBC, 0x4D, 0x25, 0x21, 0x92, 0x8D, 0xDC, 0x46, 0x39,
    0xEB, 0xF6, 0x2A, 0x50, 0xD8, 0xEB, 0x8A, 0x03, 0x26, 0x0F, 0xD6, 0x3A, 0x1E, 0x70, 0xEB, 0xEF,
    0x35, 0xA8, 0xF9, 0xEB, 0xD1, 0x2A, 0xB6, 0x39, 0xEB, 0xBA, 0x49, 0xD3, 0xF4, 0x92, 0x97, 0x46,
    0x9A, 0x93, 0xAE, 0x40, 0x34, 0x75, 0x5C, 0x52, 0x92, 0x68, 0x49, 0xD4, 0x00, 0xF4, 0xE8, 0xC1,
    0x2A, 0xA0, 0x78, 0x06, 0xDC, 0x72, 0x45, 0xF1, 0x05, 0x42, 0xF6, 0x82, 0x7F, 0x0A, 0xB9, 0xBB,
    0x9A, 0x4F, 0xBF, 0x5E, 0xF2, 0xC0, 0xF3, 0x83, 0x89, 0xCB, 0xEF, 0x37, 0xEA, 0x42, 0x6C, 0xFC,
    0xB8, 0xB1, 0x3D, 0xD5, 0xDB, 0x47, 0xE6, 0x91, 0x22, 0xD9, 0xF4, 0x24, 0xFF, 0x7D, 0xC5, 0xE5,
    0x90, 0xC2, 0x9F, 0xF8, 0x70, 0xD7, 0x41, 0x93, 0xE5, 0x1D, 0xE5, 0x48, 0xCE, 0xFA, 0xC9, 0xA4,
    0x4E, 0x76, 0x44, 0xE6, 0xFD, 0xFE, 0x89, 0xFF, 0x2E, 0x80, 0x4D, 0x61, 0x82, 0x73, 0xD7, 0x69,
    0x7C, 0xC5, 0xA8, 0x44, 0x94, 0x52, 0x7B, 0xBA, 0xFF, 0xE1, 0xC6, 0x40, 0x26, 0xE2, 0xCC, 0x0A,
    0xBB, 0x8A, 0x8F, 0x99, 0xE4, 0xD5, 0x31, 0xDC, 0xE8, 0x16, 0x1F, 0x62, 0x30, 0x45, 0x7A, 0x83,
    0x29, 0x99, 0x5C, 0x6B, 0x93, 0x0D, 0x68, 0x71, 0x00, 0x07, 0x32, 0x0C, 0x25, 0xA4, 0xFD, 0xCE,
    0xF6, 0x53, 0xF1, 0x20, 0x70, 0xE4, 0xC6, 0x11, 0x3A, 0xE2, 0x1D, 0x1A, 0xDE, 0x8C, 0x74, 0x85,
    0xBC, 0xCC, 0x09, 0xC9, 0x78, 0x29, 0x26, 0x48, 0x63, 0xA4, 0xE3, 0x35, 0xE5, 0x78, 0x6F, 0xB0,
    0x07, 0x7E, 0x94, 0xC4, 0x4A, 0x2B, 0xF1, 0xA0, 0x5A, 0x0B, 0xA4, 0xE6, 0x6D, 0x90, 0xAA, 0xB9,
    0x40, 0xDB, 0xFE, 0xFE, 0xF1, 0x18, 0xA4, 0xF2, 0xAB, 0xC0, 0xDA, 0xDB, 0xC2, 0xC7, 0xD7, 0xE9,
    0x65, 0xB0, 0xE9, 0x75, 0x2C, 0xC5, 0x27, 0xB1, 0xE0, 0x19, 0x69, 0x6C, 0x9D, 0xA7, 0x88, 0xF6,
    0xBB, 0xD2, 0xB4, 0xA6, 0x68, 0x49, 0xA4, 0x45, 0xFF, 0xD9, 0xFE, 0x0E, 0x1B, 0xC6, 0x53, 0x60,
    0xF1, 0x9C, 0xAF, 0xFB, 0xA1, 0xE6, 0x5A, 0xEF, 0x7B, 0x13, 0x70, 0x92, 0x52, 0x5F, 0xD5, 0xA1,
    0x1C, 0xF1, 0x99, 0x63, 0x69, 0x6E, 0xC9, 0xD6, 0x26, 0xA8, 0xC7, 0x3E, 0x31, 0x1A, 0xBF, 0x36,
    0x9F, 0x45, 0x51, 0x56, 0x02, 0xD5, 0x0B, 0x0D, 0xDF, 0xFA, 0xEF, 0xDF, 0xC5, 0xA5, 0x75, 0x44,
    0xB9, 0xB5, 0x6A, 0xB5, 0xBF, 0xB0, 0x2D, 0x93, 0x53, 0xBE, 0x8F, 0x56, 0x5D, 0x76, 0xC6, 0x94,
    0x24, 0xEC, 0x1B, 0x83, 0x3E, 0x2E, 0xDB, 0xF4, 0xF6, 0x30, 0xED, 0xE2, 0xAE, 0xEC, 0xFC, 0x7F,
    0x69, 0xCB, 0x30, 0x4B, 0xC5, 0x9B, 0xB7, 0x6C, 0x64, 0x48, 0x32, 0x80, 0x8C, 0x1A, 0xD3, 0xB7,
    0xCD, 0xFA, 0x07, 0x93, 0xF4, 0x25, 0xE7, 0xFA, 0x52, 0xE8, 0x99, 0xD0, 0xFA, 0x8A, 0x13, 0x28,
    0x54, 0xE1, 0x83, 0x66, 0x9D, 0x43, 0xB1, 0xA5, 0xA1, 0xF0, 0x6C, 0x17, 0x46, 0x8F, 0xB7, 0xA9,
    0x36, 0x8A, 0x31, 0xE7, 0x62, 0x45, 0xA5, 0xBC, 0xD4, 0xA9, 0x5C, 0xB2, 0xD9, 0x32, 0xAF, 0x5E,
    0xF4, 0x6D, 0xD9, 0x4D, 0x85, 0xDA, 0x25, 0xEA, 0x28, 0xBE, 0x86, 0xD8, 0xAA, 0x1B, 0x2B, 0x28,
    0x42, 0xFC, 0xB5, 0xEE, 0x9E, 0x80, 0x7B, 0x1F, 0xAF, 0xB7, 0x48, 0x91, 0x88, 0x4D, 0xD1, 0x5E,
    0x89, 0xD2, 0x95, 0x1A, 0xAE, 0x0E, 0x94, 0xB4, 0x4A, 0xE8, 0x77, 0x93, 0xED, 0x7C, 0xAC, 0xBB,
    0x5E, 0xC3, 0xAA, 0xEF, 0x8D, 0xE7, 0x42, 0x68, 0x28, 0xBE, 0x12, 0x4C, 0x78, 0xF7, 0x5D, 0x16,
    0x50, 0xC7, 0x99, 0xD9, 0x46, 0x9A, 0x89, 0x93, 0x8E, 0xF2, 0x9D, 0x74, 0x90, 0xBA, 0x96, 0xDD,
    0x1E, 0x4D, 0xF2, 0xE8, 0xAE, 0x83, 0xFA, 0x15, 0xE1, 0xAB, 0x27, 0x56, 0x7C, 0x35, 0xD2, 0x5C,
    0x04, 0x01, 0x26, 0x9E, 0x6A, 0xBB, 0x04, 0x78, 0x4D, 0x3C, 0xD7, 0xBC, 0x19, 0xC8, 0x5B, 0x28,
    0x28, 0x2D, 0x69, 0xC4, 0xB3, 0x3B, 0x09, 0xF2, 0x1A, 0x89, 0x06, 0x75, 0x7E, 0xEE, 0x36, 0x83,
    0x8C, 0x79, 0xD0, 0x5F, 0xC4, 0xBB, 0x70, 0x1B, 0x40, 0x5E, 0xC3, 0xAE, 0x35, 0xF1, 0x2E, 0xEE,
    0x1F, 0x64, 0x5A, 0x04, 0xD3, 0x9A, 0xE9, 0xF8, 0x0B, 0xE4, 0x13, 0x45, 0x0A, 0x3C, 0x0B, 0xE4,
    0x7D, 0x16, 0x39, 0x27, 0x2D, 0xDD, 0x81, 0x12, 0xA4, 0xE8, 0x8C, 0x64, 0x95, 0x7A, 0xB1, 0x57,
    0x2C, 0x65, 0xA2, 0x92, 0xA5, 0x61, 0x4E, 0xD7, 0x36, 0x27, 0xCC, 0xF6, 0xD9, 0x73, 0xAE, 0x42,
    0x73, 0x00, 0xB8, 0x3F, 0x0B, 0x54, 0x66, 0x9C, 0x06, 0x99, 0x7A, 0x2B, 0x7D, 0x6B, 0xD3, 0x94,
    0x62, 0xD5, 0x41, 0x3C, 0xD0, 0xBD, 0xA5, 0x19, 0x06, 0xB2, 0xE9, 0x49, 0x47, 0x8C, 0x67, 0x82,
    0xE7, 0x28, 0xA3, 0x72, 0x3D, 0x87, 0x3A, 0x19, 0x73, 0x54, 0x79, 0x69, 0xB9, 0x42, 0x01, 0xCA,
    0x83, 0x83, 0x75, 0xB9, 0x70, 0x30, 0x0B, 0x8A, 0xF0, 0x35, 0xCF, 0x1D, 0x81, 0x03, 0xA3, 0x70,
    0xD4, 0xBC, 0xDC, 0x34, 0x44, 0x60, 0x35, 0x00, 0x6B, 0xBF, 0xAD, 0x2C, 0x83, 0xB7, 0x31, 0x2C,
    0x79, 0x38, 0x68, 0xFC, 0x63, 0xE2, 0xCA, 0x92, 0xD0, 0x9B, 0x17, 0xE0, 0xC2, 0x8D, 0x93, 0x9B,
    0xAE, 0x10, 0xFF, 0xB1, 0xA2, 0x67, 0x64, 0xEB, 0x99, 0x7A, 0x9F, 0x08, 0x7A, 0x37, 0xB1, 0x0D,
    0x79, 0xC2, 0x95, 0x45, 0xEA, 0x9B, 0x41, 0x9D, 0xCC, 0x65, 0x7A, 0xCB, 0xC7, 0x0F, 0x05, 0x3F,
    0x0B, 0x02, 0x5C, 0xC2, 0xF3, 0xC2, 0xF3, 0xEE, 0x43, 0x96, 0x4A, 0x16, 0x37, 0xEA, 0x70, 0xAA,
    0xF9, 0x11, 0xCF, 0x0A, 0xEB, 0x11, 0xE5, 0xA3, 0x5A, 0x95, 0x50, 0xFE, 0xC4, 0x1C, 0xE7, 0xA6,
    0x88, 0x20, 0x9E, 0x08, 0xD6, 0x68, 0x2C, 0xAE, 0x73, 0xFA, 0x1B, 0xF5, 0x06, 0xCD, 0x4E, 0x79,
    0xF5, 0x56, 0x6C, 0xDE, 0xD8, 0xB2, 0x26, 0xD7, 0xA9, 0x65, 0xFE, 0xEA, 0x9D, 0x82, 0x75, 0x4F,
    0xC6, 0x20, 0x9B, 0x83, 0x83, 0x11, 0x71, 0x6E, 0xC9, 0xCD, 0xB3, 0x6D, 0xA7, 0xE7, 0x38, 0x1D,
    0x1D, 0xAD, 0xF2, 0xAC, 0xDB, 0x7E, 0x9B, 0x57, 0x27, 0x6B, 0xC2, 0xA3, 0xF5, 0xAD, 0x76, 0xDD,
    0x23, 0xD5, 0x21, 0x75, 0x45, 0xAE, 0x70, 0x29, 0x6E, 0x3A, 0x5C, 0xCB, 0x1D, 0x4E, 0x0A, 0x43,
    0x33, 0x9A, 0x8A, 0x3F, 0xDD, 0x70, 0x9A, 0xD6, 0x6F, 0xA0, 0x7C, 0x28, 0xAA, 0xF9, 0x1B, 0x29,
    0x20, 0x76, 0x2F, 0x14, 0x0A, 0x57, 0x90, 0xB6, 0x0F, 0xDF, 0xF1, 0xB1, 0x4C, 0x84, 0xD7, 0x3C,
    0x45, 0xE0, 0xE4, 0x78, 0xB3, 0x76, 0xA5, 0x71, 0x52, 0x95, 0xF5, 0x2A, 0xB5, 0xFE, 0x34, 0x6A,
    0xC3, 0xE8, 0xD8, 0x93, 0x23, 0x07, 0x5C, 0x49, 0x6E, 0x3B, 0x54, 0xE0, 0x73, 0xD1, 0x20, 0x38,
    0x71, 0x1E, 0x9C, 0x46, 0x11, 0xAC, 0x6F, 0xE2, 0x53, 0x83, 0xC8, 0xC6, 0x69, 0x2A, 0xD1, 0xD7,
    0x71, 0xDE, 0xE5, 0x60, 0x02, 0xA7, 0xE4, 0xAD, 0x8A, 0x20, 0xD5, 0x4A, 0x6D, 0x06, 0xB2, 0xCD,
    0x6A, 0xA7, 0x27, 0xCC, 0x4F, 0xCB, 0x1F, 0x84, 0x47, 0x83, 0xA4, 0x2D, 0xBC, 0xC1, 0x43, 0xEC,
    0xBD, 0x2A, 0xC6, 0xA9, 0x05, 0xEC, 0xBC, 0x83, 0x84, 0x36, 0xA8, 0x1D, 0x4A, 0xD9, 0x5D, 0x2B,
    0x8A, 0x7D, 0x47, 0x8C, 0x06, 0xBE, 0xE2, 0x69, 0xD7, 0x7B, 0x2B, 0x82, 0x3D, 0x8C, 0x38, 0xC9,
    0x1A, 0x7A, 0x32, 0x41, 0xC4, 0x3B, 0x8F, 0x51, 0xB2, 0x8A, 0x11, 0xD2, 0xC7, 0xF8, 0x1A, 0xE3,
    0xDD, 0xC4, 0xE8, 0xBB, 0x06, 0x81, 0x15, 0x65, 0x93, 0xE2, 0x74, 0x42, 0x4C, 0x10, 0x15, 0xBF,
    0xB7, 0x7C, 0x3C, 0x44, 0xBA, 0xFB, 0x58, 0xE7, 0xEC, 0xAA, 0xB0, 0xF8, 0xAD, 0xDA, 0xD9, 0x60,
    0x2C, 0xF2, 0x8E, 0xE5, 0x79, 0xDA, 0x60, 0x54, 0x3C, 0x92, 0xEA, 0x25, 0x96, 0x4D, 0xE6, 0xFA,
    0xAA, 0x22, 0x01, 0x96, 0xB8, 0x05, 0x5C, 0x4E, 0x84, 0xCC, 0x10, 0x96, 0x38, 0xAB, 0x45, 0x95,
    0xFA, 0x2A, 0x16, 0x59, 0xCA, 0xCE, 0x02, 0x38, 0xD7, 0xEA, 0x0D, 0x9B, 0x56, 0x3F, 0x3D, 0x03,
    0x4B, 0xBB, 0xD3, 0x19, 0xC9, 0x95, 0x36, 0xED, 0x85, 0x81, 0x8E, 0x4C, 0xC5, 0x69, 0x3E, 0xBD,
    0x33, 0x42, 0xE9, 0xA3, 0xB9, 0xC4, 0x4D, 0xE9, 0x3D, 0xE5, 0x2C, 0xDE, 0xD7, 0x18, 0x4E, 0xEA,
    0x3D, 0x0A, 0x11, 0x98, 0x17, 0xEB, 0x18, 0x8E, 0xEA, 0x61, 0xEF, 0x28, 0xA8, 0xA8, 0xE3, 0x30,
    0x45, 0xCB, 0x21, 0x34, 0x73, 0x01, 0x8B, 0x9E, 0xA8, 0x53, 0x2A, 0xA1, 0x66, 0x68, 0x52, 0x22,
    0x83, 0x40, 0x21, 0x5B, 0xB5, 0x37, 0x78, 0x4E, 0xC8, 0xFB, 0xAD, 0x56, 0x90, 0xAD, 0x0C, 0xD1,
    0xD6, 0x93, 0x4E, 0x8F, 0x9F, 0x50, 0xAF, 0x92, 0xAA, 0x1A, 0xE9, 0x32, 0xBA, 0xCB, 0xAD, 0xD1,
    0xC4, 0x91, 0x47, 0x93, 0xAE, 0x0D, 0xA7, 0xD6, 0x81, 0xAE, 0x82, 0x01, 0xA3, 0x90, 0xE6, 0xE6,
    0x39, 0xE7, 0xAA, 0x98, 0xD3, 0x54, 0xB7, 0x8A, 0xF7, 0x2A, 0x7E, 0xBF, 0x41, 0xAB, 0xC2, 0xA2,
    0x89, 0xA8, 0x84, 0x5D, 0xF9, 0x5B, 0x49, 0xCA, 0x84, 0xB4, 0x3D, 0x7D, 0xD7, 0x9D, 0x15, 0x21,
    0x9E, 0xDC, 0x01, 0xA6, 0x49, 0x1A, 0x0D, 0x4C, 0xDB, 0x19, 0x04, 0xF5, 0x5B, 0x83, 0x89, 0x8E,
    0x39, 0xE4, 0x71, 0x95, 0x6F, 0x0D, 0x11, 0x41, 0x6E, 0x5E, 0xA6, 0x55, 0x90, 0x90, 0xE2, 0x92,
    0xEC, 0x7D, 0xE9, 0x48, 0x21, 0x97, 0xCB, 0x8D, 0x0C, 0x0D, 0x0F, 0xE8, 0xBA, 0xA6, 0x16, 0xD6,
    0xAB, 0xA4, 0x75, 0x08, 0x35, 0x76, 0x4E, 0x3D, 0x3B, 0x0D, 0xEF, 0x48, 0xB0, 0x1E, 0x55, 0xA5,
    0x8B, 0xA9, 0x31, 0xE8, 0xB4, 0x90, 0xED, 0x8E, 0x90, 0xB7, 0xBB, 0xCE, 0x2B, 0x54, 0x8E, 0x56,
    0xF8, 0xE2, 0x5D, 0x25, 0x9A, 0x01, 0xCF, 0x74, 0xED, 0x12, 0x0E, 0xA5, 0x7B, 0x82, 0x6A, 0xA7,
    0x56, 0xAF, 0x72, 0x84, 0xC4, 0x46, 0xDE, 0xA6, 0xB2, 0xDF, 0x9B, 0xAF, 0xD9, 0x6E, 0xC5, 0xC1,
    0x26, 0x10, 0xF2, 0xCA, 0x60, 0x87, 0xAC, 0x73, 0xC9, 0x2A, 0x0E, 0xDD, 0x33, 0x49, 0x14, 0x2F,
    0x24, 0xDC, 0x48, 0x6F, 0x90, 0xCB, 0xDA, 0x38, 0xA3, 0x85, 0x67, 0x7D, 0xE5, 0xBA, 0xAF, 0x09,
    0x7F, 0xD2, 0x71, 0x2F, 0x2A, 0x99, 0xF3, 0x12, 0x6F, 0x6A, 0x08, 0xD8, 0x5F, 0x03, 0xB8, 0x0F,
    0x3D, 0xFD, 0x14, 0x72, 0xBF, 0x6A, 0xBF, 0xE1, 0xA7, 0xA1, 0xA9, 0xCC, 0x95, 0xF4, 0xB4, 0x5C,
    0x5B, 0x99, 0xE7, 0x34, 0x55, 0xC2, 0xCC, 0x96, 0x87, 0xD1, 0x22, 0x0C, 0x20, 0x94, 0x15, 0x50,
    0xAB, 0x30, 0x74, 0x0A, 0xD6, 0x1D, 0xAA, 0x80, 0x82, 0xD4, 0x50, 0x46, 0xB2, 0x4A, 0xA3, 0xEF,
    0x8E, 0x9B, 0x5C, 0x13, 0x35, 0x71, 0x10, 0x0D, 0x6C, 0x2F, 0x44, 0x4F, 0x08, 0x70, 0x14, 0x3E,
    0x76, 0xC6, 0x5F, 0xC3, 0xA4, 0xE9, 0x2C, 0xEF, 0xE0, 0x88, 0x9B, 0x9D, 0x38, 0x81, 0x0D, 0xA5,
    0xDB, 0x36, 0xBB, 0x57, 0xE3, 0x35, 0xDA, 0xB8, 0xE9, 0x8E, 0xCF, 0xD9, 0xBE, 0x44, 0x9F, 0xAD,
    0x1B, 0x99, 0x79, 0xD9, 0x00, 0xB4, 0xA0, 0xB4, 0x05, 0xA5, 0x79, 0x78, 0x78, 0x0D, 0x6A, 0x4D,
    0xB0, 0x9F, 0xE7, 0x60, 0xA8, 0xA7, 0x09, 0x0A, 0xE3, 0x75, 0xDD, 0x23, 0xEF, 0xA8, 0x35, 0xE0,
    0xCB, 0xDB, 0xEA, 0x6F, 0xA7, 0xD4, 0xF6, 0x57, 0x75, 0xD1, 0xB2, 0x7F, 0xDA, 0x98, 0x94, 0xE1,
    0x0F, 0x63, 0x0B, 0x8E, 0xEC, 0x41, 0x0F, 0xBE, 0x04, 0xF0, 0x02, 0x1C, 0x6A, 0x42, 0xBD, 0xDD,
    0x7C, 0x5A, 0x34, 0x35, 0x9C, 0xA6, 0xFC, 0xC5, 0x87, 0xC0, 0x87, 0x3F, 0xFA, 0xE0, 0x78, 0x70,
    0xFF, 0x7E, 0xF6, 0x56, 0xF7, 0xB1, 0x81, 0x7A, 0x07, 0x76, 0x2F, 0xF7, 0xBB, 0x33, 0x79, 0xC7,
    0x3A, 0x91, 0x14, 0x44, 0x53, 0x14, 0x5F, 0x9C, 0x28, 0xAD, 0x50, 0x3E, 0x7A, 0x17, 0x8B, 0x72,
    0x16, 0x6E, 0x6F, 0x75, 0x65, 0xCE, 0x7E, 0x7B, 0x83, 0x50, 0xE9, 0xDA, 0xE0, 0xEA, 0x6C, 0x6F,
    0x15, 0xCD, 0x8B, 0xD6, 0x85, 0x01, 0x0E, 0x38, 0x8F, 0x01, 0xE7, 0x2F, 0x58, 0x7C, 0xD9, 0x4D,
    0xA6, 0x92, 0x99, 0x06, 0x9F, 0x7C, 0x24, 0xC4, 0x70, 0x85, 0x02, 0xBD, 0xCC, 0xA7, 0xB2, 0xC4,
    0x87, 0x83, 0x11, 0x55, 0xF9, 0x65, 0x12, 0x93, 0xC4, 0x7B, 0x83, 0xA8, 0xAA, 0xFD, 0x84, 0x7A,
    0xF6, 0x26, 0xFD, 0xF0, 0x55, 0x12, 0x8F, 0x64, 0x71, 0xB6, 0x44, 0x82, 0x56, 0xA7, 0x8D, 0x77,
    0xA9, 0x6C, 0xE0, 0xB8, 0xDC, 0x48, 0x27, 0x45, 0x8F, 0x41, 0xA2, 0x5D, 0xAA, 0xEF, 0xD2, 0xEF,
    0xA5, 0x4B, 0x73, 0x15, 0xAE, 0xB0, 0x36, 0xB8, 0xF8, 0xAC, 0x05, 0x2C, 0x63, 0x92, 0x56, 0x8B,
    0x1C, 0x4E, 0x5D, 0xF9, 0x22, 0x25, 0x3A, 0xFD, 0xCF, 0xEC, 0xF4, 0xFF, 0x64, 0xF9, 0x43, 0x0E,
    0x57, 0x0F, 0xB3, 0x2C, 0xF0, 0x8C, 0xB9, 0xC0, 0x25, 0x68, 0x95, 0xFF, 0xA5, 0x20, 0xA4, 0xFA,
    0xC0, 0xF2, 0x90, 0xEB, 0x4A, 0x2B, 0x0D, 0xBB, 0x32, 0xED, 0x71, 0x46, 0x28, 0xF6, 0xEE, 0xA9,
    0xCF, 0x76, 0xED, 0xBC, 0x62, 0xD4, 0xC1, 0xE7, 0x46, 0x41, 0x0F, 0x51, 0x68, 0x31, 0xBE, 0xC5,
    0x94, 0x8B, 0xD0, 0x3E, 0x41, 0x42, 0xF3, 0x72, 0x54, 0x20, 0x93, 0x59, 0xCF, 0x53, 0xB4, 0x2A,
    0x53, 0x5A, 0x1C, 0xA1, 0xD6, 0x0C, 0xEA, 0x88, 0x76, 0x26, 0xDD, 0xA9, 0x50, 0x79, 0x07, 0x82,
    0x92, 0xFF, 0xCE, 0x19, 0x2A, 0x97, 0x28, 0x6A, 0xA4, 0x8B, 0x07, 0xBA, 0x77, 0x93, 0xAD, 0x7D,
    0xE8, 0xDA, 0xE1, 0x18, 0x20, 0x80, 0xB1, 0x2F, 0x93, 0x14, 0x95, 0x51, 0x08, 0x77, 0x12, 0x5B,
    0xA2, 0xD5, 0x98, 0x07, 0xE3, 0xC3, 0x94, 0x0F, 0x3F, 0x45, 0x09, 0x8A, 0x84, 0xFE, 0x00, 0xF5,
    0xE0, 0x57, 0xD4, 0x83, 0xD7, 0x29, 0x50, 0xBD, 0x8E, 0x5D, 0xD0, 0x69, 0x9D, 0x6F, 0x16, 0x9A,
    0xA0, 0x34, 0x90, 0x2C, 0x9C, 0xFC, 0xC6, 0xBA, 0x2C, 0x4F, 0x86, 0x27, 0xBB, 0x93, 0xD9, 0xC9,
    0xEA, 0x6C, 0x74, 0xB2, 0x39, 0x99, 0x9C, 0x2C, 0xCE, 0x06, 0x7F, 0x33, 0x31, 0xF7, 0x23, 0x89,
    0xB1, 0x4B, 0xD2, 0xD4, 0x64, 0x69, 0x32, 0x74, 0x6A, 0xE7, 0x74, 0xE5, 0xA2, 0x21, 0xF3, 0x80,
    0xF6, 0x37, 0x1A, 0x77, 0xB2, 0x21, 0x71, 0x17, 0xC7, 0x75, 0xF3, 0xFF, 0x9C, 0xB8, 0x83, 0xE3,
    0x4F, 0x29, 0xED, 0x4B, 0x42, 0x33, 0x9F, 0x99, 0xCE, 0xCC, 0x66, 0x26, 0xB3, 0xE4, 0xB2, 0xA4,
    0x32, 0x33, 0x99, 0x89, 0xCC, 0x3C, 0x66, 0x1A, 0x33, 0x8B, 0x89, 0xC4, 0xCC, 0x61, 0xA2, 0x30,
    0x33, 0x98, 0x09, 0xFC, 0x3F,
};

static const EpdGlyph amiri_12_regularGlyphs[] = {
    { 0, 0, 117, 0, 0, 0, 0 }, // U+0020
    { 4, 18, 94, 1, 17, 18, 0 }, // !
    { 6, 7, 109, 0, 18, 11, 18 }, // "
    { 10, 12, 187, 1, 13, 30, 29 }, // #
    { 10, 19, 194, 1, 17, 48, 59 }, // $
    { 16, 17, 260, 0, 16, 68, 107 }, // %
    { 16, 18, 266, 1, 17, 72, 175 }, // &
    { 3, 7, 62, 0, 18, 6, 247 }, // '
    { 8, 28, 183, 3, 18, 56, 253 }, // (
    { 7, 28, 183, 1, 18, 49, 309 }, // )
    { 10, 10, 173, 0, 17, 25, 358 }, // *
    { 13, 12, 212, 0, 12, 39, 383 }, // +
    { 4, 7, 78, 0, 3, 7, 422 }, // ,
    { 7, 3, 147, 1, 7, 6, 429 }, // -
    { 6, 7, 127, 1, 6, 11, 435 }, // .
    { 8, 23, 138, 0, 18, 46, 446 }, // /
    { 11, 17, 213, 1, 16, 47, 492 }, // 0
    { 7, 17, 213, 3, 16, 30, 539 }, // 1
    { 11, 16, 213, 1, 16, 44, 569 }, // 2
    { 10, 17, 213, 2, 16, 43, 613 }, // 3
    { 12, 17, 213, 1, 16, 51, 656 }, // 4
    { 10, 17, 213, 2, 16, 43, 707 }, // 5
    { 11, 17, 213, 1, 16, 47, 750 }, // 6
    { 11, 17, 213, 1, 16, 47, 797 }, // 7
    { 10, 17, 213, 2, 16, 43, 844 }, // 8
    { 11, 17, 213, 1, 16, 47, 887 }, // 9
    { 4, 12, 88, 1, 11, 12, 934 }, // :
    { 5, 15, 90, 0, 11, 19, 946 }, // ;
    { 11, 12, 192, 0, 11, 33, 965 }, // <
    { 12, 6, 220, 1, 8, 18, 998 }, // =
    { 11, 12, 192, 1, 11, 33, 1016 }, // >
    { 7, 17, 139, 1, 16, 30, 1049 }, // ?
    { 17, 19, 292, 1, 15, 81, 1079 }, // @
    { 17, 18, 245, -1, 17, 77, 1160 }, // A
    { 13, 18, 233, 1, 17, 59, 1237 }, // B
    { 15, 18, 263, 1, 17, 68, 1296 }, // C
    { 16, 18, 277, 1, 17, 72, 1364 }, // D
    { 13, 18, 229, 1, 17, 59, 1436 }, // E
    { 12, 18, 209, 1, 17, 54, 1495 }, // F
    { 16, 18, 281, 1, 17, 72, 1549 }, // G
    { 16, 18, 283, 1, 17, 72, 1621 }, // H
    { 6, 18, 126, 1, 17, 27, 1693 }, // I
    { 10, 23, 122, -3, 17, 58, 1720 }, // J
    { 16, 18, 256, 1, 17, 72, 1778 }, // K
    { 13, 18, 220, 1, 17, 59, 1850 }, // L
    { 22, 18, 354, 0, 17, 99, 1909 }, // M
    { 19, 18, 303, 0, 17, 86, 2008 }, // N
    { 17, 18, 292, 1, 17, 77, 2094 }, // O
    { 12, 18, 214, 1, 17, 54, 2171 }, // P
    { 18, 21, 292, 1, 17, 95, 2225 }, // Q
    { 15, 18, 242, 1, 17, 68, 2320 }, // R
    { 11, 18, 196, 1, 17, 50, 2388 }, // S
    { 15, 18, 244, 0, 17, 68, 2438 }, // T
    { 18, 18, 282, 0, 17, 81, 2506 }, // U
    { 17, 18, 249, -1, 17, 77, 2587 }, // V
    { 24, 18, 351, -1, 17, 108, 2664 }, // W
    { 18, 18, 261, -1, 17, 81, 2772 }, // X
    { 16, 18, 233, -1, 17, 72, 2853 }, // Y
    { 15, 17, 247, 0, 17, 64, 2925 }, // Z
    { 5, 28, 144, 3, 18, 35, 2989 }, // [
    { 9, 23, 138, 0, 18, 52, 3024 }, // <backslash>
    { 5, 28, 144, 1, 18, 35, 3076 }, // ]
    { 7, 6, 152, 1, 16, 11, 3111 }, // ^
    { 12, 3, 197, 0, 1, 9, 3122 }, // _
    { 5, 5, 133, 2, 18, 7, 3131 }, // `
    { 11, 12, 168, 0, 11, 33, 3138 }, // a
    { 12, 18, 194, 0, 17, 54, 3171 }, // b
    { 10, 12, 165, 0, 11, 30, 3225 }, // c
    { 13, 18, 201, 0, 17, 59, 3255 }, // d
    { 10, 12, 168, 0, 11, 30, 3314 }, // e
    { 8, 19, 120, 0, 18, 38, 3344 }, // f
    { 12, 17, 182, 0, 11, 51, 3382 }, // g
    { 13, 18, 201, 0, 17, 59, 3433 }, // h
    { 7, 17, 105, 0, 16, 30, 3492 }, // i
    { 6, 22, 93, -1, 16, 33, 3522 }, // j
    { 13, 18, 202, 0, 17, 59, 3555 }, // k
    { 6, 18, 100, 0, 17, 27, 3614 }, // l
    { 20, 12, 308, 0, 11, 60, 3641 }, // m
    { 13, 12, 208, 0, 11, 39, 3701 }, // n
    { 11, 12, 199, 1, 11, 33, 3740 }, // o
    { 12, 17, 199, 0, 11, 51, 3773 }, // p
    { 13, 17, 194, 0, 11, 56, 3824 }, // q
    { 9, 12, 150, 0, 11, 27, 3880 }, // r
    { 8, 12, 144, 1, 11, 24, 3907 }, // s
    { 8, 15, 121, 0, 14, 30, 3931 }, // t
    { 13, 12, 201, 0, 11, 39, 3961 }, // u
    { 13, 12, 184, -1, 11, 39, 4000 }, // v
    { 18, 12, 282, 0, 11, 54, 4039 }, // w
    { 12, 12, 186, 0, 11, 36, 4093 }, // x
    { 12, 17, 183, 0, 11, 51, 4129 }, // y
    { 11, 11, 174, 0, 11, 31, 4180 }, // z
    { 4, 30, 159, 3, 19, 30, 4211 }, // {
    { 3, 28, 80, 1, 18, 21, 4241 }, // |
    { 4, 30, 159, 3, 19, 30, 4262 }, // }
    { 12, 3, 222, 1, 9, 9, 4292 }, // ~
    { 28, 10, 454, 0, 5, 70, 0 }, // U+0600
    { 44, 9, 713, 0, 0, 99, 70 }, // U+0601
    { 19, 7, 325, 1, 2, 34, 169 }, // U+0602
    { 27, 8, 444, 0, 2, 54, 203 }, // U+0603
    { 55, 11, 873, 0, 6, 152, 257 }, // U+0604
    { 13, 25, 201, 0, 20, 82, 409 }, // U+0606
    { 13, 25, 201, 0, 20, 82, 491 }, // U+0607
    { 20, 15, 344, 1, 8, 75, 573 }, // U+0608
    { 20, 23, 346, 1, 18, 115, 648 }, // U+0609
    { 25, 23, 428, 1, 18, 144, 763 }, // U+060A
    { 12, 25, 200, 0, 16, 75, 907 }, // U+060B
    { 6, 11, 148, 2, 11, 17, 982 }, // U+060C
    { 8, 8, 126, 0, 14, 16, 999 }, // U+060D
    { 16, 6, 268, 0, 7, 24, 1015 }, // U+060E
    { 19, 24, 324, 1, 12, 114, 1039 }, // U+060F
    { 9, 7, 0, -1, 27, 16, 1153 }, // U+0610
    { 9, 9, 0, -1, 29, 21, 1169 }, // U+0611
    { 10, 8, 0, 0, 27, 20, 1190 }, // U+0612
    { 12, 10, 0, -1, 30, 30, 1210 }, // U+0613
    { 12, 5, 0, -1, 25, 15, 1240 }, // U+0614
    { 12, 13, 0, -1, 45, 39, 1255 }, // U+0615
    { 11, 9, 0, 1, 30, 25, 1294 }, // U+0616
    { 8, 13, 0, 1, 45, 26, 1319 }, // U+0617
    { 6, 4, 0, 3, 24, 6, 1345 }, // U+0618
    { 5, 7, 0, 3, 27, 9, 1351 }, // U+0619
    { 6, 4, 0, 4, -8, 6, 1360 }, // U+061A
    { 6, 15, 148, 2, 11, 23, 1366 }, // U+061B
    { 0, 0, 0, 0, 0, 0, 1389 }, // U+061C
    { 15, 21, 270, 1, 19, 79, 1389 }, // U+061D
    { 7, 8, 149, 1, 6, 14, 1468 }, // U+061E
    { 9, 18, 165, 0, 17, 41, 1482 }, // U+061F
    { 18, 22, 306, 1, 11, 99, 1523 }, // U+0620
    { 8, 9, 152, 1, 8, 18, 1622 }, // U+0621
    { 12, 24, 87, -4, 23, 72, 1640 }, // U+0622
    { 6, 26, 94, 0, 25, 39, 1712 }, // U+0623
    { 12, 22, 160, -3, 16, 66, 1751 }, // U+0624
    { 6, 26, 87, 1, 18, 39, 1817 }, // U+0625
    { 18, 22, 306, 1, 16, 99, 1856 }, // U+0626
    { 4, 19, 87, 1, 18, 19, 1955 }, // U+0627
    { 21, 18, 370, 1, 10, 95, 1974 }, // U+0628
    { 7, 17, 148, 1, 16, 30, 2069 }, // U+0629
    { 21, 14, 370, 1, 13, 74, 2099 }, // U+062A
    { 21, 17, 370, 1, 16, 90, 2173 }, // U+062B
    { 19, 21, 264, 0, 7, 100, 2263 }, // U+062C
    { 19, 21, 264, 0, 7, 100, 2363 }, // U+062D
    { 19, 27, 264, 0, 13, 129, 2463 }, // U+062E
    { 9, 11, 180, 1, 10, 25, 2592 }, // U+062F
    { 9, 18, 180, 1, 17, 41, 2617 }, // U+0630
    { 12, 14, 160, -3, 8, 42, 2658 }, // U+0631
    { 12, 22, 160, -3, 16, 66, 2700 }, // U+0632
    { 23, 16, 397, 1, 10, 92, 2766 }, // U+0633
    { 23, 24, 397, 1, 18, 138, 2858 }, // U+0634
    { 28, 17, 485, 1, 10, 119, 2996 }, // U+0635
    { 28, 23, 485, 1, 16, 161, 3115 }, // U+0636
    { 18, 20, 317, 1, 19, 90, 3276 }, // U+0637
    { 18, 20, 317, 1, 19, 90, 3366 }, // U+0638
    { 18, 24, 216, 1, 12, 108, 3456 }, // U+0639
    { 18, 29, 216, 1, 17, 131, 3564 }, // U+063A
    { 28, 22, 481, 1, 20, 154, 3695 }, // U+063B
    { 28, 29, 481, 1, 19, 203, 3849 }, // U+063C
    { 18, 22, 306, 1, 16, 99, 4052 }, // U+063D
    { 18, 18, 306, 1, 12, 81, 4151 }, // U+063E
    { 18, 21, 306, 1, 15, 95, 4232 }, // U+063F
    { 7, 3, 74, -1, 3, 6, 4327 }, // U+0640
    { 23, 20, 393, 1, 19, 115, 4333 }, // U+0641
    { 15, 21, 275, 1, 16, 79, 4448 }, // U+0642
    { 14, 21, 263, 1, 20, 74, 4527 }, // U+0643
    { 13, 21, 241, 1, 19, 69, 4601 }, // U+0644
    { 9, 22, 181, 1, 9, 50, 4670 }, // U+0645
    { 12, 18, 229, 1, 16, 54, 4720 }, // U+0646
    { 7, 10, 148, 1, 9, 18, 4774 }, // U+0647
    { 12, 14, 160, -3, 8, 42, 4792 }, // U+0648
    { 18, 17, 306, 1, 11, 77, 4834 }, // U+0649
    { 18, 23, 306, 1, 11, 104, 4911 }, // U+064A
    { 8, 9, 0, 2, 29, 18, 5015 }, // U+064B
    { 6, 10, 0, 3, 31, 15, 5033 }, // U+064C
    { 8, 9, 0, 2, -8, 18, 5048 }, // U+064D
    { 7, 6, 0, 3, 26, 11, 5066 }, // U+064E
    { 7, 9, 0, 3, 29, 16, 5077 }, // U+064F
    { 7, 6, 0, 3, -7, 11, 5093 }, // U+0650
    { 8, 6, 0, 1, 26, 12, 5104 }, // U+0651
    { 5, 7, 0, 2, 27, 9, 5116 }, // U+0652
    { 12, 4, 0, -6, 23, 12, 5125 }, // U+0653
    { 6, 7, 0, -3, 17, 11, 5137 }, // U+0654
    { 6, 7, 0, -3, -6, 11, 5148 }, // U+0655
    { 4, 8, 0, 2, -8, 8, 5159 }, // U+0656
    { 7, 9, 0, 3, 30, 16, 5167 }, // U+0657
    { 5, 5, 0, 2, 26, 7, 5183 }, // U+0658
    { 10, 2, 0, 2, 23, 5, 5190 }, // U+0659
    { 6, 6, 0, -3, 17, 9, 5195 }, // U+065A
    { 6, 6, 0, -3, 17, 9, 5204 }, // U+065B
    { 6, 6, 0, 0, -8, 9, 5213 }, // U+065C
    { 7, 9, 0, 3, 29, 16, 5222 }, // U+065D
    { 7, 6, 0, 3, 26, 11, 5238 }, // U+065E
    { 10, 8, 0, -7, -6, 20, 5249 }, // U+065F
    { 5, 7, 234, 5, 9, 9, 5269 }, // U+0660
    { 5, 18, 234, 5, 15, 23, 5278 }, // U+0661
    { 10, 17, 234, 2, 14, 43, 5301 }, // U+0662
    { 12, 17, 234, 1, 14, 51, 5344 }, // U+0663
    { 9, 17, 234, 3, 14, 39, 5395 }, // U+0664
    { 10, 11, 234, 3, 11, 28, 5434 }, // U+0665
    { 11, 18, 234, 2, 15, 50, 5462 }, // U+0666
    { 12, 18, 234, 1, 15, 54, 5512 }, // U+0667
    { 12, 17, 234, 1, 14, 51, 5566 }, // U+0668
    { 9, 18, 234, 3, 15, 41, 5617 }, // U+0669
    { 15, 23, 264, 1, 18, 87, 5658 }, // U+066A
    { 7, 11, 120, 0, 5, 20, 5745 }, // U+066B
    { 8, 11, 120, 0, 15, 22, 5765 }, // U+066C
    { 12, 12, 218, 1, 14, 36, 5787 }, // U+066D
    { 21, 11, 370, 1, 10, 58, 5823 }, // U+066E
    { 15, 15, 275, 1, 10, 57, 5881 }, // U+066F
    { 4, 8, 0, 2, 30, 8, 5938 }, // U+0670
    { 7, 26, 87, -1, 25, 46, 5946 }, // U+0671
    { 10, 26, 87, -5, 25, 65, 5992 }, // U+0672
    { 10, 27, 87, -3, 18, 68, 6057 }, // U+0673
    { 8, 9, 152, 1, 15, 18, 6125 }, // U+0674
    { 13, 19, 239, 1, 18, 62, 6143 }, // U+0675
    { 22, 21, 312, -3, 15, 116, 6205 }, // U+0676
    { 22, 22, 312, -3, 16, 121, 6321 }, // U+0677
    { 27, 30, 458, 1, 18, 203, 6442 }, // U+0678
    { 21, 17, 370, 1, 16, 90, 6645 }, // U+0679
    { 21, 16, 370, 1, 15, 84, 6735 }, // U+067A
    { 21, 20, 370, 1, 10, 105, 6819 }, // U+067B
    { 21, 17, 370, 1, 13, 90, 6924 }, // U+067C
    { 21, 17, 370, 1, 16, 90, 7014 }, // U+067D
    { 21, 19, 370, 1, 10, 100, 7104 }, // U+067E
    { 21, 17, 370, 1, 16, 90, 7204 }, // U+067F
    { 21, 19, 370, 1, 10, 100, 7294 }, // U+0680
    { 19, 30, 264, 0, 16, 143, 7394 }, // U+0681
    { 19, 29, 264, 0, 15, 138, 7537 }, // U+0682
    { 19, 21, 264, 0, 7, 100, 7675 }, // U+0683
    { 19, 21, 264, 0, 7, 100, 7775 }, // U+0684
    { 19, 30, 264, 0, 16, 143, 7875 }, // U+0685
    { 19, 21, 264, 0, 7, 100, 8018 }, // U+0686
    { 19, 21, 264, 0, 7, 100, 8118 }, // U+0687
    { 9, 22, 180, 1, 21, 50, 8218 }, // U+0688
    { 9, 14, 180, 1, 10, 32, 8268 }, // U+0689
    { 9, 16, 180, 1, 10, 36, 8300 }, // U+068A
    { 9, 27, 180, 1, 21, 61, 8336 }, // U+068B
    { 9, 18, 180, 1, 17, 41, 8397 }, // U+068C
    { 9, 17, 180, 1, 10, 39, 8438 }, // U+068D
    { 9, 21, 180, 1, 20, 48, 8477 }, // U+068E
    { 9, 21, 180, 1, 20, 48, 8525 }, // U+068F
    { 9, 21, 180, 1, 20, 48, 8573 }, // U+0690
    { 12, 25, 160, -3, 19, 75, 8621 }, // U+0691
    { 12, 23, 160, -3, 17, 69, 8696 }, // U+0692
    { 12, 17, 160, -3, 8, 51, 8765 }, // U+0693
    { 12, 17, 160, -3, 8, 51, 8816 }, // U+0694
    { 12, 20, 160, -3, 8, 60, 8867 }, // U+0695
    { 12, 17, 160, -3, 8, 51, 8927 }, // U+0696
    { 12, 20, 160, -3, 14, 60, 8978 }, // U+0697
    { 12, 23, 160, -3, 17, 69, 9038 }, // U+0698
    { 12, 23, 160, -3, 17, 69, 9107 }, // U+0699
    { 23, 21, 397, 1, 15, 121, 9176 }, // U+069A
    { 23, 18, 397, 1, 10, 104, 9297 }, // U+069B
    { 23, 26, 397, 1, 18, 150, 9401 }, // U+069C
    { 28, 17, 485, 1, 10, 119, 9551 }, // U+069D
    { 28, 26, 485, 1, 19, 182, 9670 }, // U+069E
    { 18, 20, 317, 1, 19, 90, 9852 }, // U+069F
    { 18, 32, 216, 1, 20, 144, 9942 }, // U+06A0
    { 23, 14, 393, 1, 13, 81, 10086 }, // U+06A1
    { 23, 17, 393, 1, 13, 98, 10167 }, // U+06A2
    { 23, 23, 393, 1, 19, 133, 10265 }, // U+06A3
    { 23, 23, 393, 1, 22, 133, 10398 }, // U+06A4
    { 23, 20, 393, 1, 13, 115, 10531 }, // U+06A5
    { 23, 23, 393, 1, 22, 133, 10646 }, // U+06A6
    { 15, 21, 275, 1, 16, 79, 10779 }, // U+06A7
    { 15, 24, 275, 1, 19, 90, 10858 }, // U+06A8
    { 28, 21, 481, 1, 19, 147, 10948 }, // U+06A9
    { 45, 17, 760, 1, 16, 192, 11095 }, // U+06AA
    { 28, 21, 481, 1, 19, 147, 11287 }, // U+06AB
    { 14, 21, 263, 1, 20, 74, 11434 }, // U+06AC
    { 14, 24, 263, 1, 23, 84, 11508 }, // U+06AD
    { 14, 28, 263, 1, 20, 98, 11592 }, // U+06AE
    { 28, 24, 481, 1, 22, 168, 11690 }, // U+06AF
    { 28, 24, 481, 1, 22, 168, 11858 }, // U+06B0
    { 28, 24, 481, 1, 22, 168, 12026 }, // U+06B1
    { 28, 29, 481, 1, 22, 203, 12194 }, // U+06B2
    { 28, 30, 481, 1, 22, 210, 12397 }, // U+06B3
    { 28, 25, 481, 1, 23, 175, 12607 }, // U+06B4
    { 13, 25, 241, 1, 23, 82, 12782 }, // U+06B5
    { 13, 21, 241, 1, 19, 69, 12864 }, // U+06B6
    { 13, 22, 241, 1, 20, 72, 12933 }, // U+06B7
    { 13, 29, 241, 1, 19, 95, 13005 }, // U+06B8
    { 12, 24, 229, 1, 16, 72, 13100 }, // U+06B9
    { 12, 14, 229, 1, 12, 42, 13172 }, // U+06BA
    { 12, 22, 229, 1, 20, 66, 13214 }, // U+06BB
    { 12, 21, 229, 1, 16, 63, 13280 }, // U+06BC
    { 12, 21, 229, 1, 19, 63, 13343 }, // U+06BD
    { 14, 10, 243, 0, 9, 35, 13406 }, // U+06BE
    { 19, 27, 264, 0, 13, 129, 13441 }, // U+06BF
    { 7, 20, 148, 1, 19, 35, 13570 }, // U+06C0
    { 7, 10, 148, 1, 9, 18, 13605 }, // U+06C1
    { 7, 20, 148, 1, 19, 35, 13623 }, // U+06C2
    { 7, 17, 148, 1, 16, 30, 13658 }, // U+06C3
    { 12, 14, 160, -3, 8, 42, 13688 }, // U+06C4
    { 14, 14, 160, -3, 8, 49, 13730 }, // U+06C5
    { 12, 22, 160, -3, 16, 66, 13779 }, // U+06C6
    { 12, 22, 160, -3, 16, 66, 13845 }, // U+06C7
    { 12, 23, 160, -3, 17, 69, 13911 }, // U+06C8
    { 12, 22, 160, -3, 16, 66, 13980 }, // U+06C9
    { 12, 19, 160, -3, 13, 57, 14046 }, // U+06CA
    { 12, 22, 160, -3, 16, 66, 14103 }, // U+06CB
    { 18, 17, 306, 1, 11, 77, 14169 }, // U+06CC
    { 20, 17, 306, -1, 11, 85, 14246 }, // U+06CD
    { 18, 22, 306, 1, 16, 99, 14331 }, // U+06CE
    { 12, 19, 160, -3, 13, 57, 14430 }, // U+06CF
    { 18, 25, 306, 1, 11, 113, 14487 }, // U+06D0
    { 18, 25, 306, 1, 11, 113, 14600 }, // U+06D1
    { 27, 13, 464, 1, 12, 88, 14713 }, // U+06D2
    { 27, 25, 464, 1, 24, 169, 14801 }, // U+06D3
    { 10, 3, 196, 1, 3, 8, 14970 }, // U+06D4
    { 7, 10, 148, 1, 9, 18, 14978 }, // U+06D5
    { 14, 12, 0, -1, 44, 42, 14996 }, // U+06D6
    { 14, 14, 0, -1, 46, 49, 15038 }, // U+06D7
    { 8, 8, 0, 0, 40, 16, 15087 }, // U+06D8
    { 9, 13, 0, -1, 45, 30, 15103 }, // U+06D9
    { 12, 13, 0, -1, 45, 39, 15133 }, // U+06DA
    { 7, 7, 0, 1, 39, 13, 15172 }, // U+06DB
    { 13, 10, 0, 0, 42, 33, 15185 }, // U+06DC
    { 30, 28, 512, 1, 18, 210, 15218 }, // U+06DD
    { 15, 15, 261, 1, 12, 57, 15428 }, // U+06DE
    { 5, 6, 0, 2, 26, 8, 15485 }, // U+06DF
    { 5, 7, 0, 2, 28, 9, 15493 }, // U+06E0
    { 7, 5, 0, 1, 26, 9, 15502 }, // U+06E1
    { 6, 10, 0, 0, 29, 15, 15511 }, // U+06E2
    { 13, 10, 0, 0, -2, 33, 15526 }, // U+06E3
    { 10, 4, 0, -5, 23, 10, 15559 }, // U+06E4
    { 7, 9, 133, 1, 7, 16, 15569 }, // U+06E5
    { 10, 8, 163, 0, 7, 20, 15585 }, // U+06E6
    { 10, 8, 0, -1, 28, 20, 15605 }, // U+06E7
    { 8, 11, 0, 0, 31, 22, 15625 }, // U+06E8
    { 15, 30, 268, 1, 19, 113, 15647 }, // U+06E9
    { 7, 11, 0, 3, -10, 20, 15760 }, // U+06EA
    { 7, 11, 0, -1, 15, 20, 15780 }, // U+06EB
    { 7, 6, 0, -1, 26, 11, 15800 }, // U+06EC
    { 5, 10, 0, 4, -8, 13, 15811 }, // U+06ED
    { 9, 20, 180, 1, 19, 45, 15824 }, // U+06EE
    { 12, 23, 160, -3, 17, 69, 15869 }, // U+06EF
    { 5, 7, 234, 5, 9, 9, 15938 }, // U+06F0
    { 5, 18, 234, 5, 15, 23, 15947 }, // U+06F1
    { 10, 17, 234, 2, 14, 43, 15970 }, // U+06F2
    { 12, 17, 234, 1, 14, 51, 16013 }, // U+06F3
    { 12, 18, 234, 2, 15, 54, 16064 }, // U+06F4
    { 11, 16, 234, 2, 14, 44, 16118 }, // U+06F5
    { 12, 18, 234, 1, 15, 54, 16162 }, // U+06F6
    { 12, 18, 234, 1, 15, 54, 16216 }, // U+06F7
    { 12, 17, 234, 1, 14, 51, 16270 }, // U+06F8
    { 9, 18, 234, 3, 15, 41, 16321 }, // U+06F9
    { 23, 24, 397, 1, 18, 138, 16362 }, // U+06FA
    { 28, 23, 485, 1, 16, 161, 16500 }, // U+06FB
    { 18, 29, 216, 1, 17, 131, 16661 }, // U+06FC
    { 8, 15, 152, 1, 8, 30, 16792 }, // U+06FD
    { 9, 22, 181, 1, 9, 50, 16822 }, // U+06FE
    { 14, 17, 243, 0, 16, 60, 16872 }, // U+06FF
    { 21, 17, 370, 1, 10, 90, 16932 }, // U+0750
    { 21, 24, 370, 1, 16, 126, 17022 }, // U+0751
    { 21, 20, 370, 1, 10, 105, 17148 }, // U+0752
    { 21, 23, 370, 1, 13, 121, 17253 }, // U+0753
    { 21, 20, 370, 1, 13, 105, 17374 }, // U+0754
    { 21, 20, 370, 1, 10, 105, 17479 }, // U+0755
    { 21, 17, 370, 1, 16, 90, 17584 }, // U+0756
    { 19, 27, 264, 0, 13, 129, 17674 }, // U+0757
    { 19, 21, 264, 0, 7, 100, 17803 }, // U+0758
    { 9, 30, 180, 1, 21, 68, 17903 }, // U+0759
    { 9, 19, 180, 1, 10, 43, 17971 }, // U+075A
    { 14, 14, 160, -3, 8, 49, 18014 }, // U+075B
    { 23, 24, 397, 1, 18, 138, 18063 }, // U+075C
    { 18, 29, 216, 1, 17, 131, 18201 }, // U+075D
    { 18, 32, 216, 1, 20, 144, 18332 }, // U+075E
    { 18, 31, 216, 1, 19, 140, 18476 }, // U+075F
    { 23, 17, 393, 1, 13, 98, 18616 }, // U+0760
    { 23, 20, 393, 1, 13, 115, 18714 }, // U+0761
    { 28, 22, 481, 1, 20, 154, 18829 }, // U+0762
    { 28, 25, 481, 1, 23, 175, 18983 }, // U+0763
    { 28, 28, 481, 1, 19, 196, 19158 }, // U+0764
    { 9, 27, 181, 1, 14, 61, 19354 }, // U+0765
    { 9, 22, 181, 1, 9, 50, 19415 }, // U+0766
    { 12, 25, 229, 1, 16, 75, 19465 }, // U+0767
    { 12, 27, 229, 1, 25, 81, 19540 }, // U+0768
    { 12, 24, 229, 1, 22, 72, 19621 }, // U+0769
    { 15, 21, 241, 1, 19, 79, 19693 }, // U+076A
    { 12, 24, 160, -3, 18, 72, 19772 }, // U+076B
    { 12, 23, 160, -3, 17, 69, 19844 }, // U+076C
    { 23, 23, 397, 1, 17, 133, 19913 }, // U+076D
    { 19, 21, 264, 0, 7, 100, 20046 }, // U+076E
    { 19, 21, 264, 0, 7, 100, 20146 }, // U+076F
    { 23, 31, 397, 1, 25, 179, 20246 }, // U+0770
    { 12, 29, 160, -3, 23, 87, 20425 }, // U+0771
    { 19, 33, 264, 0, 19, 157, 20512 }, // U+0772
    { 7, 22, 104, -1, 21, 39, 20669 }, // U+0773
    { 7, 22, 105, -1, 21, 39, 20708 }, // U+0774
    { 18, 22, 306, 1, 16, 99, 20747 }, // U+0775
    { 18, 22, 306, 1, 16, 99, 20846 }, // U+0776
    { 18, 27, 306, 1, 11, 122, 20945 }, // U+0777
    { 12, 22, 160, -3, 16, 66, 21067 }, // U+0778
    { 12, 23, 160, -3, 17, 69, 21133 }, // U+0779
    { 27, 20, 464, 1, 19, 135, 21202 }, // U+077A
    { 27, 20, 464, 1, 19, 135, 21337 }, // U+077B
    { 19, 21, 264, 0, 7, 100, 21472 }, // U+077C
    { 23, 26, 397, 1, 20, 150, 21572 }, // U+077D
    { 23, 24, 397, 1, 18, 138, 21722 }, // U+077E
    { 14, 21, 263, 1, 20, 74, 21860 }, // U+077F
    { 7, 3, 148, 1, 7, 6, 0 }, // U+2010
    { 7, 3, 148, 1, 7, 6, 6 }, // U+2011
    { 11, 3, 206, 1, 7, 9, 12 }, // U+2012
    { 12, 3, 220, 1, 7, 9, 21 }, // U+2013
    { 19, 2, 334, 1, 7, 10, 30 }, // U+2014
    { 26, 2, 447, 1, 7, 13, 40 }, // U+2015
    { 4, 7, 82, 1, 18, 7, 53 }, // U+2018
    { 5, 7, 82, 0, 18, 9, 60 }, // U+2019
    { 5, 7, 82, 0, 4, 9, 69 }, // U+201A
    { 5, 7, 82, 0, 18, 9, 78 }, // U+201B
    { 8, 7, 148, 1, 18, 14, 87 }, // U+201C
    { 9, 7, 148, 0, 18, 16, 101 }, // U+201D
    { 9, 7, 148, 0, 4, 16, 117 }, // U+201E
    { 9, 7, 148, 0, 18, 16, 133 }, // U+201F
    { 9, 18, 156, 0, 17, 41, 149 }, // U+2020
    { 9, 18, 165, 1, 17, 41, 190 }, // U+2021
    { 7, 7, 146, 1, 10, 13, 231 }, // U+2022
    { 3, 4, 82, 1, 3, 3, 244 }, // U+2024
    { 19, 4, 327, 1, 3, 19, 247 }, // U+2026
    { 22, 29, 382, 1, 28, 160, 0 }, // U+FDF2
    { 8, 9, 117, 2, 29, 18, 160 }, // U+FE70
    { 8, 30, 74, -2, 29, 60, 178 }, // U+FE71
    { 6, 10, 117, 3, 31, 15, 238 }, // U+FE72
    { 8, 9, 117, 2, -8, 18, 253 }, // U+FE74
    { 7, 6, 117, 3, 26, 11, 271 }, // U+FE76
    { 8, 27, 74, -2, 26, 54, 282 }, // U+FE77
    { 7, 9, 117, 3, 29, 16, 336 }, // U+FE78
    { 8, 30, 74, -2, 29, 60, 352 }, // U+FE79
    { 7, 6, 117, 3, -7, 11, 412 }, // U+FE7A
    { 8, 16, 74, -1, 3, 32, 423 }, // U+FE7B
    { 8, 6, 117, 1, 26, 12, 455 }, // U+FE7C
    { 8, 27, 74, -2, 26, 54, 467 }, // U+FE7D
    { 5, 7, 117, 2, 27, 9, 521 }, // U+FE7E
    { 7, 28, 74, -1, 27, 49, 530 }, // U+FE7F
    { 8, 9, 152, 1, 8, 18, 579 }, // U+FE80
    { 12, 24, 87, -4, 23, 72, 597 }, // U+FE81
    { 12, 23, 131, -2, 23, 69, 669 }, // U+FE82
    { 6, 26, 94, 0, 25, 39, 738 }, // U+FE83
    { 8, 25, 116, 0, 25, 50, 777 }, // U+FE84
    { 12, 22, 160, -3, 16, 66, 827 }, // U+FE85
    { 12, 23, 138, -2, 15, 69, 893 }, // U+FE86
    { 6, 26, 87, 1, 18, 39, 962 }, // U+FE87
    { 7, 27, 92, 0, 19, 48, 1001 }, // U+FE88
    { 18, 22, 306, 1, 16, 99, 1049 }, // U+FE89
    { 16, 21, 234, 1, 12, 84, 1148 }, // U+FE8A
    { 6, 15, 76, -1, 15, 23, 1232 }, // U+FE8B
    { 8, 14, 98, -1, 14, 28, 1255 }, // U+FE8C
    { 4, 19, 87, 1, 18, 19, 1283 }, // U+FE8D
    { 7, 19, 92, 0, 19, 34, 1302 }, // U+FE8E
    { 21, 18, 370, 1, 10, 95, 1336 }, // U+FE8F
    { 22, 15, 353, 1, 7, 83, 1431 }, // U+FE90
    { 5, 15, 76, -1, 8, 19, 1514 }, // U+FE91
    { 8, 12, 98, -1, 5, 24, 1533 }, // U+FE92
    { 7, 17, 148, 1, 16, 30, 1557 }, // U+FE93
    { 11, 17, 152, 0, 16, 47, 1587 }, // U+FE94
    { 21, 14, 370, 1, 13, 74, 1634 }, // U+FE95
    { 22, 15, 353, 1, 13, 83, 1708 }, // U+FE96
    { 6, 12, 76, -1, 12, 18, 1791 }, // U+FE97
    { 8, 11, 98, -1, 11, 22, 1809 }, // U+FE98
    { 21, 17, 370, 1, 16, 90, 1831 }, // U+FE99
    { 22, 18, 353, 1, 16, 99, 1921 }, // U+FE9A
    { 6, 15, 76, -1, 15, 23, 2020 }, // U+FE9B
    { 8, 14, 98, -1, 14, 28, 2043 }, // U+FE9C
    { 19, 21, 264, 0, 7, 100, 2071 }, // U+FE9D
    { 18, 21, 256, 1, 7, 95, 2171 }, // U+FE9E
    { 16, 13, 262, -1, 8, 52, 2266 }, // U+FE9F
    { 18, 13, 244, -1, 8, 59, 2318 }, // U+FEA0
    { 19, 21, 264, 0, 7, 100, 2377 }, // U+FEA1
    { 18, 21, 256, 1, 7, 95, 2477 }, // U+FEA2
    { 16, 8, 262, -1, 8, 32, 2572 }, // U+FEA3
    { 18, 9, 244, -1, 8, 41, 2604 }, // U+FEA4
    { 19, 27, 264, 0, 13, 129, 2645 }, // U+FEA5
    { 18, 27, 256, 1, 13, 122, 2774 }, // U+FEA6
    { 16, 14, 262, -1, 14, 56, 2896 }, // U+FEA7
    { 18, 15, 244, -1, 14, 68, 2952 }, // U+FEA8
    { 9, 11, 180, 1, 10, 25, 3020 }, // U+FEA9
    { 13, 13, 188, 0, 13, 43, 3045 }, // U+FEAA
    { 9, 18, 180, 1, 17, 41, 3088 }, // U+FEAB
    { 13, 18, 188, 0, 18, 59, 3129 }, // U+FEAC
    { 12, 14, 160, -3, 8, 42, 3188 }, // U+FEAD
    { 13, 12, 137, -3, 4, 39, 3230 }, // U+FEAE
    { 12, 22, 160, -3, 16, 66, 3269 }, // U+FEAF
    { 13, 20, 137, -3, 12, 65, 3335 }, // U+FEB0
    { 23, 16, 397, 1, 10, 92, 3400 }, // U+FEB1
    { 27, 15, 432, 1, 6, 102, 3492 }, // U+FEB2
    { 14, 8, 227, -1, 8, 28, 3594 }, // U+FEB3
    { 16, 7, 227, -1, 6, 28, 3622 }, // U+FEB4
    { 23, 24, 397, 1, 18, 138, 3650 }, // U+FEB5
    { 27, 23, 432, 1, 14, 156, 3788 }, // U+FEB6
    { 14, 16, 227, -1, 16, 56, 3944 }, // U+FEB7
    { 16, 16, 227, -1, 15, 64, 4000 }, // U+FEB8
    { 28, 17, 485, 1, 10, 119, 4064 }, // U+FEB9
    { 29, 17, 472, 1, 9, 124, 4183 }, // U+FEBA
    { 18, 11, 279, -1, 8, 50, 4307 }, // U+FEBB
    { 20, 12, 289, -1, 9, 60, 4357 }, // U+FEBC
    { 28, 23, 485, 1, 16, 161, 4417 }, // U+FEBD
    { 29, 23, 472, 1, 15, 167, 4578 }, // U+FEBE
    { 18, 16, 279, -1, 13, 72, 4745 }, // U+FEBF
    { 20, 17, 289, -1, 14, 85, 4817 }, // U+FEC0
    { 18, 20, 317, 1, 19, 90, 4902 }, // U+FEC1
    { 19, 21, 300, 1, 20, 100, 4992 }, // U+FEC2
    { 14, 18, 227, -1, 18, 63, 5092 }, // U+FEC3
    { 16, 20, 220, -1, 19, 80, 5155 }, // U+FEC4
    { 18, 20, 317, 1, 19, 90, 5235 }, // U+FEC5
    { 19, 21, 300, 1, 20, 100, 5325 }, // U+FEC6
    { 14, 18, 227, -1, 18, 63, 5425 }, // U+FEC7
    { 16, 20, 220, -1, 19, 80, 5488 }, // U+FEC8
    { 18, 24, 216, 1, 12, 108, 5568 }, // U+FEC9
    { 19, 22, 197, 0, 8, 105, 5676 }, // U+FECA
    { 12, 11, 191, -1, 11, 33, 5781 }, // U+FECB
    { 11, 10, 146, -1, 9, 28, 5814 }, // U+FECC
    { 18, 29, 216, 1, 17, 131, 5842 }, // U+FECD
    { 19, 28, 197, 0, 14, 133, 5973 }, // U+FECE
    { 12, 16, 191, -1, 16, 48, 6106 }, // U+FECF
    { 11, 16, 146, -1, 15, 44, 6154 }, // U+FED0
    { 23, 20, 393, 1, 19, 115, 6198 }, // U+FED1
    { 25, 18, 402, 1, 15, 113, 6313 }, // U+FED2
    { 7, 16, 118, -1, 16, 28, 6426 }, // U+FED3
    { 11, 18, 151, -1, 17, 50, 6454 }, // U+FED4
    { 15, 21, 275, 1, 16, 79, 6504 }, // U+FED5
    { 15, 18, 243, 1, 11, 68, 6583 }, // U+FED6
    { 7, 16, 118, -1, 16, 28, 6651 }, // U+FED7
    { 11, 18, 151, -1, 17, 50, 6679 }, // U+FED8
    { 14, 21, 263, 1, 20, 74, 6729 }, // U+FED9
    { 21, 20, 329, 1, 19, 105, 6803 }, // U+FEDA
    { 16, 20, 264, -1, 19, 80, 6908 }, // U+FEDB
    { 17, 22, 235, -1, 21, 94, 6988 }, // U+FEDC
    { 13, 21, 241, 1, 19, 69, 7082 }, // U+FEDD
    { 16, 27, 258, 1, 17, 108, 7151 }, // U+FEDE
    { 4, 18, 70, -1, 18, 18, 7259 }, // U+FEDF
    { 7, 19, 79, -1, 18, 34, 7277 }, // U+FEE0
    { 9, 22, 181, 1, 9, 50, 7311 }, // U+FEE1
    { 13, 21, 209, 1, 6, 69, 7361 }, // U+FEE2
    { 10, 8, 156, -1, 8, 20, 7430 }, // U+FEE3
    { 14, 8, 185, -1, 7, 28, 7450 }, // U+FEE4
    { 12, 18, 229, 1, 16, 54, 7478 }, // U+FEE5
    { 16, 19, 246, 1, 10, 76, 7532 }, // U+FEE6
    { 5, 13, 76, -1, 13, 17, 7608 }, // U+FEE7
    { 8, 13, 98, -1, 13, 26, 7625 }, // U+FEE8
    { 7, 10, 148, 1, 9, 18, 7651 }, // U+FEE9
    { 10, 13, 152, 1, 12, 33, 7669 }, // U+FEEA
    { 12, 11, 181, -2, 11, 33, 7702 }, // U+FEEB
    { 12, 15, 156, -1, 9, 45, 7735 }, // U+FEEC
    { 12, 14, 160, -3, 8, 42, 7780 }, // U+FEED
    { 12, 14, 138, -2, 6, 42, 7822 }, // U+FEEE
    { 18, 17, 306, 1, 11, 77, 7864 }, // U+FEEF
    { 16, 12, 234, 1, 3, 48, 7941 }, // U+FEF0
    { 18, 23, 306, 1, 11, 104, 7989 }, // U+FEF1
    { 16, 18, 234, 1, 3, 72, 8093 }, // U+FEF2
    { 7, 16, 76, -1, 8, 28, 8165 }, // U+FEF3
    { 8, 11, 98, -1, 5, 22, 8193 }, // U+FEF4
    { 19, 25, 257, -3, 23, 119, 8215 }, // U+FEF5
    { 22, 23, 276, -3, 21, 127, 8334 }, // U+FEF6
    { 17, 27, 257, -1, 25, 115, 8461 }, // U+FEF7
    { 20, 26, 276, -1, 24, 130, 8576 }, // U+FEF8
    { 15, 29, 257, 1, 19, 109, 8706 }, // U+FEF9
    { 20, 28, 276, -1, 18, 140, 8815 }, // U+FEFA
    { 15, 21, 257, 1, 19, 79, 8955 }, // U+FEFB
    { 18, 20, 276, 1, 18, 90, 9034 }, // U+FEFC
    { 0, 0, 0, 0, 0, 0, 9124 }, // U+FEFF
};

static const EpdUnicodeInterval amiri_12_regularIntervals[] = {
    { 0x20, 0x7E, 0x0 },
    { 0x600, 0x604, 0x5F },
    { 0x606, 0x6FF, 0x64 },
    { 0x750, 0x77F, 0x15E },
    { 0x2010, 0x2015, 0x18E },
    { 0x2018, 0x2022, 0x194 },
    { 0x2024, 0x2024, 0x19F },
    { 0x2026, 0x2026, 0x1A0 },
    { 0xFDF2, 0xFDF2, 0x1A1 },
    { 0xFE70, 0xFE72, 0x1A2 },
    { 0xFE74, 0xFE74, 0x1A5 },
    { 0xFE76, 0xFEFC, 0x1A6 },
    { 0xFEFF, 0xFEFF, 0x22D },
};

static const EpdFontGroup amiri_12_regularGroups[] = {
    { 0, 2457, 4793, 95, 0 },
    { 2457, 5714, 23663, 303, 95 },
    { 8171, 245, 326, 19, 398 },
    { 8416, 3365, 9841, 141, 417 },
};

static const EpdKernClassEntry amiri_12_regularKernLeftClasses[] = {
    { 0x0022, 1 }, // "
    { 0x0026, 2 }, // &
    { 0x0027, 1 }, // '
    { 0x002E, 3 }, // .
    { 0x0041, 4 }, // A
    { 0x0042, 5 }, // B
    { 0x0043, 6 }, // C
    { 0x0044, 7 }, // D
    { 0x0045, 8 }, // E
    { 0x0046, 9 }, // F
    { 0x0047, 10 }, // G
    { 0x0048, 11 }, // H
    { 0x0049, 11 }, // I
    { 0x004A, 12 }, // J
    { 0x004B, 13 }, // K
    { 0x004C, 14 }, // L
    { 0x004D, 15 }, // M
    { 0x004E, 16 }, // N
    { 0x004F, 7 }, // O
    { 0x0050, 17 }, // P
    { 0x0051, 7 }, // Q
    { 0x0052, 18 }, // R
    { 0x0053, 19 }, // S
    { 0x0054, 20 }, // T
    { 0x0055, 21 }, // U
    { 0x0056, 22 }, // V
    { 0x0057, 23 }, // W
    { 0x0058, 24 }, // X
    { 0x0059, 25 }, // Y
    { 0x005A, 26 }, // Z
    { 0x0076, 27 }, // v
    { 0x0077, 28 }, // w
    { 0x0079, 27 }, // y
    { 0x0677, 29 }, // U+0677
    { 0x0688, 30 }, // U+0688
    { 0x0689, 30 }, // U+0689
    { 0x068A, 30 }, // U+068A
    { 0x068B, 30 }, // U+068B
    { 0x068C, 30 }, // U+068C
    { 0x068D, 30 }, // U+068D
    { 0x068E, 30 }, // U+068E
    { 0x068F, 30 }, // U+068F
    { 0x0690, 30 }, // U+0690
    { 0x0691, 29 }, // U+0691
    { 0x0692, 29 }, // U+0692
    { 0x0693, 29 }, // U+0693
    { 0x0694, 29 }, // U+0694
    { 0x0695, 29 }, // U+0695
    { 0x0696, 29 }, // U+0696
    { 0x0697, 29 }, // U+0697
    { 0x0698, 29 }, // U+0698
    { 0x0699, 29 }, // U+0699
    { 0x06C4, 29 }, // U+06C4
    { 0x06C5, 29 }, // U+06C5
    { 0x06C6, 29 }, // U+06C6
    { 0x06C7, 29 }, // U+06C7
    { 0x06C8, 29 }, // U+06C8
    { 0x06C9, 29 }, // U+06C9
    { 0x06CA, 29 }, // U+06CA
    { 0x06CB, 29 }, // U+06CB
    { 0x06CF, 29 }, // U+06CF
    { 0x06EE, 30 }, // U+06EE
    { 0x06EF, 29 }, // U+06EF
    { 0x0759, 30 }, // U+0759
    { 0x075A, 30 }, // U+075A
    { 0x075B, 29 }, // U+075B
    { 0x076B, 29 }, // U+076B
    { 0x076C, 29 }, // U+076C
    { 0x0771, 29 }, // U+0771
    { 0x0778, 29 }, // U+0778
    { 0x0779, 29 }, // U+0779
    { 0xFE85, 29 }, // U+FE85
    { 0xFEA9, 30 }, // U+FEA9
    { 0xFEAB, 30 }, // U+FEAB
    { 0xFEAD, 29 }, // U+FEAD
    { 0xFEAF, 29 }, // U+FEAF
    { 0xFEED, 29 }, // U+FEED
};

static const EpdKernClassEntry amiri_12_regularKernRightClasses[] = {
    { 0x0022, 1 }, // "
    { 0x0026, 2 }, // &
    { 0x0027, 1 }, // '
    { 0x002A, 3 }, // *
    { 0x002D, 4 }, // -
    { 0x003A, 5 }, // :
    { 0x003B, 5 }, // ;
    { 0x003F, 6 }, // ?
    { 0x0040, 7 }, // @
    { 0x0043, 8 }, // C
    { 0x0047, 8 }, // G
    { 0x004F, 8 }, // O
    { 0x0051, 8 }, // Q
    { 0x0053, 9 }, // S
    { 0x0054, 10 }, // T
    { 0x0056, 11 }, // V
    { 0x0057, 12 }, // W
    { 0x0059, 13 }, // Y
    { 0x005A, 14 }, // Z
    { 0x0061, 15 }, // a
    { 0x0062, 16 }, // b
    { 0x0063, 17 }, // c
    { 0x0064, 18 }, // d
    { 0x0066, 19 }, // f
    { 0x0067, 20 }, // g
    { 0x0068, 21 }, // h
    { 0x0069, 22 }, // i
    { 0x006A, 23 }, // j
    { 0x006B, 21 }, // k
    { 0x006C, 21 }, // l
    { 0x006D, 24 }, // m
    { 0x006E, 24 }, // n
    { 0x0070, 25 }, // p
    { 0x0071, 26 }, // q
    { 0x0072, 24 }, // r
    { 0x0073, 27 }, // s
    { 0x0074, 28 }, // t
    { 0x0075, 29 }, // u
    { 0x0076, 30 }, // v
    { 0x0077, 31 }, // w
    { 0x0078, 32 }, // x
    { 0x0079, 33 }, // y
    { 0x007A, 34 }, // z
    { 0x061B, 35 }, // U+061B
    { 0x063B, 36 }, // U+063B
    { 0x063C, 36 }, // U+063C
    { 0x06A9, 36 }, // U+06A9
    { 0x06AB, 36 }, // U+06AB
    { 0x06AF, 36 }, // U+06AF
    { 0x06B0, 36 }, // U+06B0
    { 0x06B1, 36 }, // U+06B1
    { 0x06B2, 36 }, // U+06B2
    { 0x06B3, 36 }, // U+06B3
    { 0x06B4, 36 }, // U+06B4
    { 0x0762, 36 }, // U+0762
    { 0x0763, 36 }, // U+0763
    { 0x0764, 36 }, // U+0764
    { 0x2013, 4 }, // U+2013
    { 0x2014, 4 }, // U+2014
    { 0x2015, 4 }, // U+2015
    { 0x2018, 37 }, // U+2018
    { 0x2019, 38 }, // U+2019
    { 0x201C, 37 }, // U+201C
    { 0x201D, 38 }, // U+201D
};

static const int8_t amiri_12_regularKernMatrix[] = {
       0,    0,    0,    0,    0,    0,   -8,    0,    0,    0,    0,    0,    0,    0,    0,    0,    0,    0,    0,    0,    0,    0,    0,    0,    0,    0,    0,    0,    0,    0,    0,    0,    0,    0,    0,    0,    0,    0,
     -14,    0,    0,    0,    0,    0,    0,    0,    0,  -12,  -11,   -8,  -13,    0,    0,    0,    0,    0,    0,    0,    0,    0,    0,    0,    0,    0,    0,    0,    0,    0,    0,    0,    0,    0,    0,    0,    0,    0,
       0,    0,    0,    0,    0,    0,    0,    0,    0,    0,    0,    0,    0,    0,    0,    0,    0,    0,    0,    0,    0,    0,    0,    0,    0,    0,    0,    0,    0,    0,    0,    0,    0,    0,    0,    0,  -58,    0,
       0,    0,  -16,   -6,    0,    0,    0,   -8,    0,    0,    0,    0,    0,    0,    0,    0,   -4,   -4,    0,    0,    0,    0,    0,    0,    0,   -4,    0,   -3,   -5,  -17,  -17,    0,  -17,    0,    0,    0,  -19,  -18,
       0,    0,    0,    0,    0,    0,    0,    0,    0,    0,    0,    0,    0,    0,    0,    0,    0,    0,   -3,    0,   -3,   -4,   -2,   -3,    0,    0,    0,   -2,    0,   -8,   -7,  -10,   -7,   -4,    0,    0,    0,    0,
       0,    0,    0,    0,    0,    0,    0,    0,    0,    0,    0,    0,    0,    0,    0,    0,    0,    0,    0,    0,    0,   -2,    0,    0,    0,    0,    0,    0,    0,   -6,   -6,    0,   -6,    0,    0,    0,    0,    0,
       0,    0,    0,    0,    0,    0,    0,    0,    0,    0,    0,    0,    0,   -2,    0,    0,    0,    0,    0,    0,   -4,    0,    0,    0,    0,    0,    0,    0,    0,    0,    0,   -8,    0,    0,    0,    0,    0,    0,
       0,    0,    0,    0,    0,    0,    0,    0,    0,    0,    0,    0,    0,    0,    0,    0,    0,    0,    0,    0,    0,    0,   -2,    0,    0,    0,    0,   -2,   -2,  -10,  -10,    0,  -10,   -2,    0,    0,    0,    0,
       0,   -4,    0,   -4,   -3,    0,    0,    0,    0,    0,    0,    0,    0,    0,  -12,    0,  -11,  -10,   -4,  -10,    0,   -2,    0,   -7,   -2,  -10,  -10,   -2,   -3,   -3,   -3,   -6,   -3,   -8,    0,    0,    0,    0,
       0,    0,    0,    0,    0,    0,    0,    0,    0,    0,    0,    0,    0,    0,    0,    0,    0,    0,    0,    0,    0,    0,    0,    0,    0,    0,    0,    0,    0,   -4,   -4,   -4,   -4,    0,    0,    0,    0,    0,
       0,    0,    0,   -4,    0,    0,    0,   -4,    0,    0,    0,    0,    0,    0,   -4,    0,   -8,   -8,    0,   -5,    0,    0,   -2,    0,   -3,   -8,   -3,   -6,   -5,   -7,   -7,    0,   -7,    0,    0,    0,    0,    0,
       0,   -4,    0,   -3,    0,    0,    0,   -4,    0,    0,    0,    0,    0,    0,   -8,    0,  -10,   -9,   -8,   -9,    0,   -4,   -3,   -7,   -6,   -9,   -8,   -8,   -6,   -6,   -6,   -2,   -6,   -8,    0,    0,    0,    0,
       0,    0,    0,  -14,    0,    0,    0,  -21,    0,    0,    0,    0,    0,    0,    0,    0,  -13,  -12,    0,   -2,    0,    0,    0,    0,    0,  -11,    0,   -4,   -5,  -29,  -29,    0,  -28,    0,    0,    0,    0,    0,
       0,    0,  -31,    0,    0,    0,    0,    0,    0,    0,    0,    0,    0,    0,    0,    0,    0,    0,    0,    0,    0,    0,    0,    0,    0,    0,    0,    0,    0,  -18,  -18,    0,  -18,    0,    0,    0,  -28,  -28,
       0,    0,    0,   -4,    0,    0,    0,   -4,    0,    0,    0,    0,    0,    0,   -3,    0,   -8,   -7,    0,   -4,    0,    0,   -2,    0,   -2,   -7,   -2,   -6,   -5,   -8,   -8,    0,   -8,    0,    0,    0,    0,    0,
       0,   -5,    0,   -4,    0,    0,    0,   -4,    0,    0,    0,    0,    0,    0,  -10,    0,  -10,   -9,   -8,   -8,    0,   -4,   -2,   -8,   -6,   -9,  -10,   -8,   -8,   -8,   -8,   -3,   -7,   -9,    0,    0,    0,    0,
       0,   -8,    2,  -17,    0,    0,    0,    0,    0,    0,    0,    0,    0,    0,   -8,    0,  -14,  -14,    0,   -8,    0,    0,    0,    0,    0,  -14,   -6,    0,    0,    0,    0,    0,    0,    0,    0,    0,    0,    0,
       0,    0,   -6,   -4,    0,    0,    0,   -6,    0,    0,    0,    0,    0,    0,    0,    0,   -4,   -4,    0,   -2,    0,    0,    0,    0,    0,   -3,    0,    0,   -3,  -14,  -14,    0,  -14,    0,    0,    0,    0,    0,
       0,    0,    0,    0,    0,    0,    0,    0,    0,    0,    0,    0,    0,    0,    0,    0,    0,    0,   -2,    0,    0,   -3,   -2,   -3,    0,    0,    0,   -2,   -2,   -8,   -8,   -5,   -8,   -4,    0,    0,    0,    0,
       0,   -8,    0,  -25,  -14,    0,    0,   -2,    0,    0,    0,    0,    0,    0,  -34,    0,  -40,  -40,   -9,  -34,    0,   -8,   -3,  -28,  -26,  -40,  -32,   -7,  -26,  -22,  -22,  -24,  -22,  -31,    0,    0,    0,    0,
       0,   -5,    0,   -4,   -4,    0,    0,   -2,    0,    0,    0,    0,    0,    0,  -12,    3,  -11,  -11,   -8,  -10,    0,   -3,    0,   -9,   -5,  -11,  -11,   -8,   -6,   -5,   -5,   -6,   -5,  -11,    0,    0,    0,    0,
       0,  -11,    0,  -18,  -12,    0,    0,   -9,   -3,    0,    0,    0,    0,    0,  -32,   15,  -30,  -30,  -14,  -27,    8,   -3,    0,  -25,  -19,  -30,  -29,  -14,  -16,  -15,  -15,  -15,  -15,  -26,    0,    0,    0,    0,
       0,  -10,    0,  -14,  -10,    0,    0,   -8,   -3,    0,    0,    0,    0,    0,  -25,   12,  -22,  -22,  -12,  -21,    6,   -4,    0,  -17,  -12,  -22,  -23,  -14,  -13,  -11,  -11,  -10,  -11,  -19,    0,    0,    0,    0,
       0,    0,    0,   -9,    0,    0,    0,  -12,    0,    0,    0,    0,    0,    0,    0,    0,  -11,  -10,    0,    0,    0,    0,    0,    0,    0,   -9,    0,   -5,   -5,  -24,  -24,    0,  -24,    0,    0,    0,    0,    0,
       0,  -11,    0,  -22,  -12,    0,    0,  -14,   -3,    0,    0,    0,    0,    0,  -32,   11,  -36,  -36,  -14,  -30,    4,   -4,    0,  -28,  -25,  -36,  -30,  -24,  -27,  -24,  -24,  -23,  -24,  -31,    0,    0,    0,    0,
       0,    0,   -5,    0,    0,    0,    0,    0,    0,    0,    0,    0,    0,    0,    0,    0,    0,    0,    0,   -2,    0,   -2,   -3,   -2,   -3,    0,    0,   -4,   -4,  -16,  -16,    0,  -16,   -3,    0,    0,    0,    0,
       0,    0,    0,    0,    0,   -4,    0,    0,    0,    0,    0,    0,    0,    0,    0,    0,    0,    0,    0,    0,    0,    0,    0,    0,    0,    0,    0,    0,    0,    0,    0,    0,    0,    0,    0,    0,    0,    0,
       0,    0,    0,    0,    0,   -5,    0,    0,    0,    0,    0,    0,    0,    0,    0,    0,    0,    0,    0,    0,    0,    0,    0,    0,    0,    0,    0,    0,    0,    0,    0,    0,    0,    0,    0,    0,    0,    0,
       0,    0,    0,    0,    0,    0,    0,    0,    0,    0,    0,    0,    0,    0,    0,    0,    0,    0,    0,    0,    0,    0,    0,    0,    0,    0,    0,    0,    0,    0,    0,    0,    0,    0,   24,  -58,    0,    0,
       0,    0,    0,    0,    0,    0,    0,    0,    0,    0,    0,    0,    0,    0,    0,    0,    0,    0,    0,    0,    0,    0,    0,    0,    0,    0,    0,    0,    0,    0,    0,    0,    0,    0,    0,  -78,    0,    0,
};

static const EpdFontData amiri_12_regular = {
    amiri_12_regularBitmaps,
    amiri_12_regularGlyphs,
    amiri_12_regularIntervals,
    13,
    44,
    29,
    -16,
    true,
    amiri_12_regularGroups,
    4,
    nullptr,
    amiri_12_regularKernLeftClasses,
    amiri_12_regularKernRightClasses,
    amiri_12_regularKernMatrix,
    77,
    64,
    30,
    38,
    nullptr,
    0,
};
