/**
 * generated by fontconvert.py
 * name: amiri_18_regular
 * size: 18
 * mode: 2-bit  compressed: true
 * Command used: fontconvert.py amiri_18_regular 18 ../builtinFonts/source/Amiri/Amiri-Regular.ttf --2bit --compress --script arabic
 */
#pragma once
#include "EpdFontData.h"

static const uint8_t amiri_18_regularBitmaps[20778] = {
    0xBD, 0x5A, 0x4D, 0x6C, 0xE4, 0xC8, 0x75, 0x7E, 0x24, 0x25, 0xD1, 0x19, 0xCE, 0x88, 0x73, 0xF0,
    0x26, 0x9B, 0xCC, 0x8C, 0x38, 0x87, 0x1C, 0x26, 0x9B, 0x9E, 0xE5, 0x04, 0x90, 0x83, 0x06, 0x2C,
    0x89, 0x44, 0x8C, 0xC4, 0x40, 0x16, 0x41, 0xE6, 0x30, 0x4A, 0x0E, 0x7B, 0x98, 0xBD, 0xC6, 0x58,
    0x63, 0xFA, 0xA0, 0x00, 0xE3, 0x44, 0x23, 0x72, 0x4F, 0xB9, 0x05, 0x83, 0x00, 0x46, 0x0E, 0x39,
    0x44, 0x07, 0x1F, 0xBC, 0xBD, 0x87, 0xD1, 0x41, 0x87, 0x49, 0x20, 0xA9, 0x19, 0xE7, 0x6C, 0x84,
    0x0E, 0xB2, 0xF0, 0xC1, 0x09, 0x96, 0x36, 0x66, 0x93, 0xC0, 0x5E, 0xC0, 0xDC, 0x5D, 0x02, 0xA1,
    0xD6, 0xEC, 0x66, 0xBE, 0xEF, 0x15, 0xBB, 0xD5, 0xD2, 0xFC, 0xEE, 0x60, 0xED, 0x56, 0xF3, 0x15,
    0x9B, 0x55, 0xAC, 0x7A, 0xF5, 0xEA, 0xBD, 0xEF, 0xBD, 0x57, 0xA5, 0x15, 0x89, 0x24, 0xC1, 0x35,
    0xFF, 0xB7, 0x81, 0xBF, 0xD7, 0xE5, 0x3A, 0xFE, 0x2E, 0xEB, 0xDF, 0x79, 0xE1, 0xE7, 0x37, 0xD1,
    0x6E, 0x14, 0x47, 0xB2, 0x20, 0xAF, 0x7E, 0x69, 0xFD, 0xF5, 0xED, 0x8D, 0x83, 0x8D, 0xED, 0xF5,
    0xB5, 0xF5, 0xB5, 0x2B, 0xBD, 0xF3, 0x0B, 0x0B, 0x78, 0x18, 0xCB, 0x35, 0x3B, 0x95, 0x55, 0x27,
    0xC6, 0x25, 0xD6, 0x5F, 0xFE, 0xF9, 0x4D, 0xBF, 0x6D, 0xEB, 0xA5, 0x7F, 0x7E, 0xB0, 0x2B, 0xBB,
    0xE7, 0x44, 0x76, 0x2F, 0x88, 0xE4, 0xB8, 0xB2, 0xF3, 0xB2, 0xF8, 0xFE, 0x37, 0xE3, 0xA8, 0x6D,
    0x8B, 0xDF, 0x78, 0xFF, 0x5E, 0x6C, 0xA7, 0xAB, 0xE2, 0xC4, 0xB8, 0xE4, 0x86, 0xD8, 0x72, 0x55,
    0xCC, 0xE7, 0xB2, 0x88, 0xF5, 0xB6, 0x48, 0xD2, 0xDE, 0xB7, 0x8B, 0xA8, 0x74, 0xB3, 0xAF, 0x94,
    0x7E, 0x7A, 0xA3, 0x0C, 0xE2, 0xC1, 0x20, 0x88, 0xF7, 0xAE, 0x06, 0xD9, 0xAE, 0xF8, 0x45, 0x2E,
    0x5E, 0x9D, 0x8B, 0xD3, 0x66, 0x22, 0x6D, 0x21, 0x12, 0x8C, 0x05, 0x3F, 0x52, 0x71, 0x46, 0xA5,
    0x38, 0x6F, 0xD4, 0xE2, 0x58, 0xCD, 0x45, 0x57, 0xC6, 0xAB, 0x9E, 0x1C, 0xF6, 0xCF, 0xC9, 0xC1,
    0xFA, 0x05, 0x69, 0xC2, 0x0B, 0x76, 0x19, 0x7C, 0xE4, 0xE5, 0xE7, 0xDA, 0x89, 0xC8, 0xF5, 0x58,
    0xE4, 0x1A, 0x86, 0xFA, 0x0B, 0x8E, 0xE7, 0xFE, 0x7D, 0x26, 0x6E, 0xBA, 0x22, 0xA5, 0xF8, 0xB2,
    0x26, 0x0F, 0x71, 0x6D, 0xE3, 0x6F, 0x1F, 0xD7, 0xBA, 0x55, 0x90, 0x3A, 0x29, 0xE8, 0x9A, 0x2F,
    0xB2, 0x2E, 0xDB, 0x3D, 0x91, 0x50, 0xF6, 0xB7, 0x44, 0xBC, 0x77, 0x0A, 0x0C, 0x6C, 0xB5, 0x5F,
    0xCB, 0xD8, 0x87, 0x6F, 0xDD, 0x04, 0xBD, 0xBE, 0x72, 0x0F, 0xF4, 0xEE, 0xBE, 0x9F, 0x8A, 0x7C,
    0x5C, 0x3A, 0x99, 0x38, 0xDF, 0x2B, 0x9C, 0x42, 0xBC, 0xAF, 0xE5, 0x76, 0x29, 0x57, 0x1C, 0xD2,
    0xBE, 0x53, 0x80, 0x96, 0x76, 0x69, 0xE7, 0x76, 0x26, 0x95, 0x93, 0xB9, 0xB1, 0x6C, 0x7B, 0xF1,
    0x0A, 0xE6, 0x70, 0x08, 0x31, 0xCE, 0x7D, 0xAC, 0xD1, 0x7D, 0x50, 0xEF, 0xBF, 0x6B, 0xD0, 0x40,
    0x0E, 0x41, 0xB9, 0x30, 0x27, 0x74, 0x1D, 0x34, 0x02, 0xB3, 0x60, 0x28, 0xDE, 0x67, 0x9B, 0xEF,
    0x15, 0x64, 0xE4, 0x83, 0x98, 0x53, 0x6A, 0xD8, 0x83, 0x57, 0x91, 0x26, 0x8D, 0x6C, 0x7E, 0xD7,
    0xAE, 0x76, 0x24, 0x79, 0xE4, 0xE5, 0x51, 0x1C, 0x48, 0x90, 0xFA, 0xD9, 0xBA, 0x44, 0xB1, 0x5B,
    0x6E, 0xA3, 0x03, 0xBB, 0x29, 0x41, 0xA5, 0xCD, 0xF1, 0x44, 0xA2, 0x4C, 0xC2, 0x4C, 0x82, 0x42,
    0xFC, 0x52, 0xFE, 0xBA, 0xEE, 0x39, 0x93, 0xF7, 0x7E, 0xD0, 0x96, 0x92, 0x1C, 0x4B, 0x98, 0x1A,
    0xA6, 0x5E, 0x5D, 0xDF, 0x3E, 0xD8, 0x5E, 0x5B, 0xEB, 0x81, 0xD3, 0x2F, 0x8B, 0xEC, 0x09, 0xE6,
    0xE0, 0x8A, 0x5C, 0x11, 0xF2, 0xB1, 0x2F, 0x16, 0xA4, 0x9F, 0x8B, 0x9B, 0x89, 0x97, 0x89, 0x1F,
    0x83, 0x6B, 0xC8, 0x8A, 0x9D, 0x6F, 0xE8, 0xF7, 0xDE, 0xF4, 0x7B, 0xA8, 0xDF, 0xD9, 0x4F, 0x53,
    0x1B, 0x72, 0x96, 0x7C, 0x0B, 0xC2, 0x43, 0x0F, 0xE8, 0xC7, 0xC6, 0x7C, 0x4A, 0x88, 0x53, 0x04,
    0x42, 0x5F, 0xC6, 0x02, 0x63, 0x66, 0xB9, 0x40, 0x55, 0x84, 0xAA, 0x82, 0xE5, 0x83, 0x62, 0x61,
    0x69, 0xAC, 0x9C, 0x8C, 0x90, 0x81, 0xEB, 0xD3, 0x2E, 0x30, 0xBC, 0x0B, 0xED, 0x28, 0xC4, 0x29,
    0x05, 0xD2, 0xB6, 0x2A, 0x7E, 0xA5, 0x7E, 0xC2, 0xD7, 0x54, 0xD9, 0xDA, 0x8C, 0xED, 0x95, 0x7B,
    0x70, 0x80, 0xC5, 0x5E, 0xD1, 0x3E, 0xEF, 0x92, 0x07, 0xCC, 0x12, 0x83, 0x43, 0x7F, 0x57, 0x8D,
    0x14, 0xC0, 0x88, 0xC5, 0xC5, 0x2F, 0x31, 0x56, 0x15, 0xC6, 0xD2, 0xC7, 0x5A, 0x9C, 0x2F, 0x64,
    0xC1, 0x8B, 0xA9, 0xB5, 0x72, 0xF4, 0x87, 0x49, 0x2C, 0xBF, 0xE6, 0xE7, 0x72, 0xC1, 0xCE, 0x61,
    0x49, 0x3A, 0x3D, 0xCE, 0xC1, 0x7C, 0x76, 0x49, 0xCA, 0xE7, 0x91, 0x51, 0x0B, 0x1B, 0xC1, 0x85,
    0x75, 0x79, 0x7E, 0x63, 0x11, 0x72, 0x13, 0xFB, 0x99, 0x9F, 0xFB, 0xB9, 0x9B, 0x53, 0xA9, 0xCE,
    0xC1, 0x8C, 0x6E, 0x98, 0x01, 0xBF, 0xD1, 0x16, 0xA3, 0x36, 0x1F, 0x7E, 0x1B, 0x5C, 0x7B, 0xB1,
    0x5F, 0x04, 0x4D, 0xD4, 0x44, 0x75, 0x58, 0xB9, 0xA5, 0xDC, 0xEF, 0x58, 0x5A, 0x56, 0xD9, 0xAD,
    0x4D, 0x27, 0xBC, 0xA7, 0x9D, 0x16, 0x02, 0xEE, 0xA9, 0xC3, 0xB4, 0x0E, 0xF1, 0x84, 0x32, 0x79,
    0x91, 0x86, 0xF1, 0xD9, 0x86, 0x5B, 0x54, 0xE6, 0x5B, 0xD4, 0xD0, 0x16, 0x2C, 0x1C, 0xBA, 0x68,
    0x5F, 0x59, 0x35, 0xD7, 0xE6, 0x40, 0xBC, 0x5C, 0x76, 0xC4, 0xCF, 0xA0, 0x24, 0x41, 0x0A, 0x3D,
    0x86, 0x9A, 0x85, 0x29, 0xF4, 0x30, 0xC8, 0xE6, 0x88, 0x9C, 0xFA, 0x09, 0x71, 0x87, 0xA9, 0x36,
    0xD6, 0xD7, 0x94, 0x60, 0xB1, 0xEF, 0xB1, 0x3F, 0x68, 0x7D, 0x8D, 0x85, 0x94, 0x9D, 0x37, 0x21,
    0x35, 0x6F, 0x32, 0x95, 0x38, 0x94, 0x75, 0x5B, 0xBC, 0x46, 0xFE, 0x0A, 0xF5, 0x2F, 0xF5, 0xB5,
    0xC6, 0x12, 0x12, 0x66, 0x44, 0x16, 0x31, 0x83, 0x51, 0x03, 0xAC, 0x69, 0x63, 0x3F, 0x8D, 0xB2,
    0x1E, 0xA0, 0xE8, 0x86, 0x40, 0x92, 0x1C, 0x7D, 0x76, 0x61, 0x86, 0x54, 0x41, 0x6A, 0xA2, 0x2E,
    0xFF, 0xB6, 0x59, 0x25, 0xC8, 0x87, 0xD2, 0xA1, 0xB5, 0x40, 0x78, 0x8B, 0x90, 0xDB, 0x79, 0xA8,
    0x6F, 0xDF, 0x1F, 0x0E, 0xAB, 0xB0, 0x6D, 0xCB, 0x04, 0x0B, 0xCE, 0xFE, 0x2D, 0x58, 0x9C, 0xFB,
    0x0F, 0x0D, 0xD6, 0xEF, 0x48, 0x2E, 0xD2, 0x7A, 0x68, 0x1A, 0x7A, 0xAD, 0xEB, 0x8B, 0xAA, 0x7A,
    0x30, 0x51, 0x8B, 0x40, 0x26, 0x00, 0x3D, 0x9A, 0x2C, 0xF8, 0x40, 0xE7, 0x1C, 0xBB, 0x1B, 0xDF,
    0xA5, 0x04, 0xB2, 0x2D, 0xF0, 0x30, 0xC6, 0x7B, 0xED, 0xB7, 0x2B, 0x09, 0x27, 0xF1, 0x54, 0x20,
    0x17, 0x49, 0xB8, 0x2C, 0x42, 0x84, 0x70, 0xAA, 0x29, 0x56, 0xAC, 0x90, 0xFC, 0x1E, 0xC9, 0x0F,
    0x40, 0xEC, 0x77, 0x40, 0x5C, 0x5A, 0xCE, 0x79, 0x92, 0x55, 0x92, 0x5D, 0x5A, 0x4B, 0x06, 0xE2,
    0xD2, 0x6E, 0x96, 0x37, 0xFF, 0xEC, 0x98, 0x60, 0xDE, 0x66, 0xAF, 0x0D, 0xDF, 0x9B, 0x80, 0x13,
    0x36, 0x79, 0x3A, 0xE1, 0x67, 0x73, 0x33, 0xB6, 0xDB, 0x36, 0xC5, 0x15, 0x3B, 0x3F, 0x7D, 0x17,
    0xC8, 0x2F, 0x04, 0x10, 0xAA, 0x17, 0xCD, 0x99, 0x36, 0x26, 0xE7, 0x5F, 0xC1, 0x3A, 0xB7, 0xB5,
    0xAC, 0x3C, 0x68, 0xF1, 0x6B, 0xF4, 0x32, 0x13, 0xBC, 0x6A, 0xDA, 0xC0, 0xEE, 0x08, 0x22, 0x5C,
    0x07, 0xCA, 0xAE, 0xEE, 0x96, 0x07, 0x6F, 0xFA, 0xFF, 0x72, 0x53, 0x82, 0x07, 0x6D, 0x1C, 0x7E,
    0x98, 0xE4, 0x44, 0x42, 0xE0, 0x60, 0x1D, 0x89, 0xD5, 0x24, 0x58, 0x6E, 0x5C, 0x63, 0x88, 0xBD,
    0xE1, 0x05, 0x85, 0xAC, 0xFD, 0xCC, 0x2A, 0xDD, 0xC2, 0xC9, 0xAD, 0x3A, 0x80, 0xEE, 0xD5, 0x33,
    0x80, 0x0E, 0xDA, 0x76, 0x82, 0x85, 0x6B, 0x36, 0x36, 0x37, 0xEF, 0xC2, 0xD4, 0x6E, 0xBC, 0x05,
    0xF1, 0x60, 0x24, 0xF0, 0x0A, 0x4F, 0xA8, 0x68, 0xE5, 0x76, 0x33, 0x82, 0x47, 0x53, 0xE8, 0x18,
    0x88, 0x22, 0x18, 0xE0, 0x84, 0xC0, 0xA5, 0x93, 0x5E, 0xEE, 0xA0, 0xA1, 0x6F, 0x74, 0x84, 0x6B,
    0xEB, 0x64, 0xDD, 0x00, 0xBF, 0x8E, 0x2E, 0x20, 0x07, 0x17, 0x26, 0xE0, 0x43, 0xDD, 0x42, 0x28,
    0x7B, 0x84, 0x39, 0x4F, 0xAF, 0x20, 0xC3, 0xD3, 0xE2, 0x75, 0x71, 0xC6, 0xFB, 0x8A, 0xDF, 0x92,
    0x54, 0xE2, 0xFC, 0x70, 0x82, 0xB6, 0x6D, 0xBC, 0x01, 0x28, 0x3F, 0x80, 0xCC, 0x1A, 0xC8, 0x0B,
    0xEA, 0xCA, 0xAB, 0x38, 0x34, 0x3D, 0xA5, 0x7E, 0xBE, 0x21, 0x76, 0x8B, 0x05, 0x59, 0xA4, 0xD0,
    0x01, 0x47, 0x47, 0x47, 0xA8, 0x05, 0x78, 0x64, 0x6E, 0x11, 0xC4, 0x4E, 0x05, 0x39, 0xD4, 0xD3,
    0xF9, 0xCF, 0x64, 0x11, 0x4B, 0x13, 0x64, 0xD2, 0xF8, 0xA5, 0xD3, 0x40, 0xF9, 0x6B, 0x49, 0x7E,
    0x42, 0x8D, 0x9E, 0x53, 0xF4, 0x8D, 0x4E, 0xC0, 0xB9, 0xEA, 0xBC, 0x8D, 0xEE, 0x57, 0xBA, 0xE5,
    0xB8, 0x26, 0x23, 0x69, 0x61, 0xE6, 0x67, 0x3F, 0xAF, 0x76, 0xCF, 0x17, 0xE4, 0x5C, 0x1C, 0x66,
    0x61, 0x16, 0xA4, 0xA7, 0xEB, 0x2D, 0xCC, 0x37, 0x20, 0x57, 0x99, 0x9B, 0xBA, 0x10, 0xD4, 0x35,
    0x79, 0xCB, 0x54, 0xC0, 0xF3, 0x58, 0xB0, 0xCB, 0xA0, 0x56, 0xED, 0xF0, 0x4E, 0x15, 0x42, 0xA3,
    0x48, 0xC0, 0x84, 0x3B, 0x7E, 0xEC, 0xA6, 0xE9, 0x6C, 0x71, 0xE1, 0xB5, 0xE1, 0x70, 0x08, 0xA4,
    0x6E, 0x5B, 0x79, 0x65, 0x73, 0xF3, 0xD6, 0xDC, 0x90, 0xF8, 0xB9, 0x69, 0x2A, 0xBE, 0x31, 0x1C,
    0xBE, 0xCB, 0x81, 0xE8, 0x15, 0x25, 0xA4, 0x35, 0x10, 0xBC, 0x42, 0x4C, 0xD8, 0xE6, 0x08, 0xB3,
    0x9B, 0x91, 0x19, 0x00, 0xFD, 0xCF, 0x15, 0x51, 0x6E, 0x14, 0x8E, 0x76, 0xF6, 0x8A, 0xAE, 0x4D,
    0xDB, 0xC8, 0xB7, 0x02, 0x5D, 0x75, 0x2C, 0x3E, 0xE1, 0x32, 0xA7, 0xE0, 0xA2, 0x0C, 0xBD, 0x02,
    0xA7, 0x82, 0x8A, 0x0E, 0x76, 0x5D, 0x9D, 0x9A, 0xF9, 0x4E, 0x25, 0x84, 0xA0, 0x0B, 0x51, 0x17,
    0xE9, 0x7C, 0x6C, 0x70, 0xA9, 0x7D, 0xC4, 0x62, 0xB2, 0x39, 0x8A, 0x55, 0x9D, 0x3B, 0xA1, 0xC3,
    0x03, 0x23, 0x7C, 0xA1, 0x3E, 0x41, 0x8D, 0xBC, 0x7A, 0x99, 0x9A, 0x34, 0x6A, 0x5C, 0xA8, 0xA1,
    0x9B, 0x1D, 0x38, 0xE9, 0x32, 0xBC, 0xE3, 0x43, 0x27, 0xBB, 0x02, 0x4C, 0xAE, 0x6C, 0x40, 0x57,
    0x25, 0x95, 0x95, 0xF5, 0xED, 0xD2, 0x2A, 0xAD, 0x6C, 0x95, 0xC1, 0x89, 0x9D, 0xAD, 0xBA, 0x19,
    0xE2, 0x93, 0x6C, 0xD5, 0x83, 0x2A, 0x38, 0xE9, 0x2A, 0x1D, 0x0A, 0xE2, 0x33, 0x2E, 0x83, 0x07,
    0xA0, 0xCA, 0xBE, 0x8A, 0x97, 0x7B, 0xDE, 0x8F, 0x7F, 0x98, 0xF5, 0x11, 0xCD, 0xB4, 0x5F, 0xFF,
    0x10, 0x71, 0x82, 0x35, 0xA6, 0x60, 0x5C, 0xB3, 0x74, 0x98, 0x98, 0x7E, 0x1E, 0x76, 0x06, 0x62,
    0x14, 0xC0, 0x3A, 0xB3, 0xAE, 0xA6, 0x91, 0x53, 0xCE, 0x17, 0x9E, 0x31, 0xAB, 0xE5, 0xC6, 0x44,
    0x80, 0x63, 0x2D, 0x7A, 0x46, 0x67, 0x56, 0x23, 0x2D, 0x06, 0x91, 0x76, 0x57, 0x04, 0x34, 0x0F,
    0x2B, 0xF7, 0x59, 0xD8, 0x99, 0x47, 0x58, 0x76, 0x52, 0xA2, 0x82, 0xB8, 0x3F, 0x7D, 0x40, 0x98,
    0xF1, 0x3F, 0x7B, 0xAF, 0x36, 0x86, 0xD7, 0x18, 0xE3, 0x9A, 0x18, 0xFB, 0x4A, 0x0C, 0xE8, 0xB1,
    0x1B, 0xB4, 0x66, 0x44, 0x43, 0x20, 0xD5, 0xE5, 0x10, 0x38, 0x6B, 0x02, 0x06, 0x16, 0x22, 0x01,
    0xE8, 0xB4, 0xED, 0x29, 0x86, 0xA1, 0x10, 0x8F, 0xC4, 0x69, 0x96, 0x26, 0x00, 0x09, 0x49, 0x52,
    0x90, 0x20, 0x03, 0xF1, 0x73, 0x92, 0x62, 0x76, 0xC7, 0x67, 0x41, 0x0C, 0xB2, 0x03, 0xD5, 0x78,
    0x0F, 0x38, 0x09, 0x7C, 0xD0, 0x37, 0xB4, 0xB6, 0x04, 0x71, 0x6A, 0x10, 0xBB, 0x01, 0xB1, 0x4E,
    0x13, 0x9B, 0x15, 0x4E, 0xA9, 0x5D, 0x39, 0x63, 0x49, 0x62, 0x1D, 0x72, 0xFA, 0xD9, 0xE4, 0xC4,
    0x11, 0x10, 0x20, 0x30, 0xAA, 0xE4, 0x4E, 0x46, 0xD6, 0x11, 0xA5, 0x8C, 0x29, 0x6F, 0x9B, 0x33,
    0x2D, 0x74, 0xF6, 0xBB, 0xBE, 0x0A, 0x56, 0xC5, 0xA3, 0x88, 0x89, 0xA9, 0xAA, 0xE4, 0x8D, 0xDC,
    0x4E, 0xD1, 0xF4, 0x84, 0x9A, 0x96, 0x81, 0xBE, 0x4B, 0x8C, 0x95, 0x1B, 0xDA, 0xDB, 0xC0, 0x6E,
    0x14, 0x91, 0x26, 0x0A, 0xA1, 0x68, 0x04, 0x4F, 0xED, 0x1E, 0x63, 0xF6, 0x22, 0x77, 0xDA, 0xFA,
    0xAC, 0x78, 0x8E, 0xB1, 0x06, 0x8D, 0x35, 0xCA, 0x39, 0x5D, 0x97, 0xD3, 0x81, 0x0C, 0x95, 0x46,
    0x14, 0x8A, 0x91, 0x0F, 0xD0, 0x9B, 0xD4, 0xAD, 0x48, 0x55, 0x12, 0x46, 0x14, 0xCF, 0xA1, 0xA6,
    0xA5, 0xA3, 0x6F, 0xB9, 0xDA, 0x83, 0x8A, 0x1C, 0x2C, 0x91, 0x8E, 0x44, 0x25, 0x0A, 0x0C, 0x94,
    0x3B, 0x79, 0xC7, 0xC9, 0xEC, 0xB3, 0xA8, 0xA6, 0x9C, 0xA1, 0xEE, 0x12, 0x1B, 0x5B, 0xCA, 0xC5,
    0x2E, 0xC9, 0x5B, 0x2A, 0xB7, 0x53, 0xE4, 0x4B, 0x24, 0x17, 0x48, 0xAE, 0x73, 0xE5, 0xC6, 0x58,
    0xC3, 0xE1, 0x21, 0x7F, 0x5E, 0x99, 0x55, 0x2C, 0x9C, 0x7E, 0x03, 0xE1, 0x1D, 0x48, 0x8F, 0xA4,
    0x4F, 0x52, 0x39, 0x63, 0xEB, 0x4D, 0xBA, 0x71, 0x13, 0x2A, 0xFC, 0x2A, 0x38, 0x38, 0x4B, 0x9C,
    0x46, 0xD7, 0xA3, 0x90, 0xD3, 0xBA, 0x63, 0x94, 0xA7, 0xD3, 0x9E, 0x4E, 0x7D, 0x8C, 0xFE, 0x98,
    0xD7, 0x0A, 0x31, 0x1A, 0x24, 0x46, 0x85, 0x3A, 0x1D, 0xEA, 0x54, 0xA3, 0xD3, 0x93, 0x4E, 0x75,
    0xCE, 0x16, 0xA8, 0x1B, 0x0E, 0x63, 0x16, 0xB7, 0x8F, 0xF5, 0x05, 0xF8, 0x68, 0x2A, 0x13, 0xAC,
    0x89, 0xDA, 0xE4, 0x16, 0x53, 0x87, 0x4D, 0x7D, 0xA2, 0x89, 0x4D, 0x8C, 0x0B, 0xA7, 0x46, 0xB1,
    0xC2, 0xA8, 0xD4, 0x63, 0x3A, 0xA5, 0xD3, 0xC8, 0x21, 0x05, 0x9D, 0x12, 0xA2, 0x1D, 0xA3, 0x46,
    0xA6, 0xC8, 0x3E, 0x4F, 0x71, 0x6C, 0x6C, 0x9C, 0xA1, 0xB4, 0x79, 0x18, 0x64, 0x2F, 0xD1, 0xCB,
    0x5C, 0x61, 0x20, 0x1E, 0x2C, 0x81, 0x41, 0xE7, 0x14, 0x52, 0xF0, 0x41, 0xA3, 0x0A, 0xF9, 0xB2,
    0x5F, 0xBC, 0x9E, 0xB4, 0xF9, 0xB4, 0xBF, 0x10, 0x91, 0xA0, 0x82, 0xD7, 0xF8, 0x0B, 0xBE, 0x9A,
    0xB9, 0xAB, 0x36, 0x51, 0x20, 0x52, 0x37, 0xAA, 0xC3, 0x3D, 0xB8, 0x8C, 0xF6, 0x1F, 0xA1, 0x30,
    0x5D, 0x78, 0x30, 0x9B, 0x98, 0xDF, 0xC2, 0xF3, 0x33, 0x10, 0xA6, 0x1A, 0x97, 0xCA, 0xAB, 0xCA,
    0xC3, 0x57, 0xCD, 0x5B, 0x53, 0xCA, 0x2E, 0x6A, 0x46, 0x2F, 0x76, 0xED, 0xAB, 0x46, 0xAE, 0x29,
    0xA5, 0x6A, 0x69, 0xBC, 0x01, 0xDA, 0xE8, 0x93, 0x56, 0x69, 0xA2, 0x2D, 0x03, 0x7A, 0xD2, 0x9A,
    0xF8, 0x0F, 0x10, 0x1C, 0x6B, 0x3F, 0x70, 0x28, 0xA0, 0x91, 0xAE, 0xB6, 0x5F, 0xE9, 0x58, 0x63,
    0x15, 0x7A, 0x7B, 0x9F, 0xD2, 0x09, 0x9B, 0xD3, 0x32, 0xEF, 0xD4, 0xFE, 0xD9, 0x96, 0xF1, 0x72,
    0xE4, 0x71, 0x0B, 0x97, 0x33, 0x16, 0x6E, 0x3E, 0x1E, 0x37, 0x22, 0xE8, 0xE4, 0x25, 0xD1, 0x4D,
    0x01, 0xFC, 0x8A, 0x4A, 0xB3, 0x25, 0x21, 0x5F, 0xC5, 0xCC, 0x9D, 0x07, 0xB8, 0xF9, 0x7D, 0x54,
    0x7B, 0x74, 0x3B, 0x5F, 0xC1, 0x8D, 0xCF, 0x9B, 0x55, 0x2C, 0xEE, 0x15, 0x86, 0x3D, 0xAB, 0xF0,
    0x4D, 0x3D, 0xDE, 0x6C, 0xC1, 0xAE, 0xFA, 0x7A, 0x03, 0x03, 0x19, 0xE8, 0x0D, 0x14, 0xAE, 0x34,
    0x37, 0x85, 0x95, 0xF3, 0x66, 0x00, 0x18, 0xCC, 0x68, 0xA2, 0x03, 0xA7, 0x76, 0x52, 0xBD, 0xB1,
    0xE1, 0xE5, 0xF5, 0x46, 0xC6, 0x3E, 0x15, 0x15, 0x37, 0xA3, 0x0B, 0x7A, 0xB3, 0x27, 0x49, 0xAF,
    0xBB, 0x89, 0x1E, 0x76, 0x37, 0x41, 0xD9, 0xDD, 0xF8, 0xD3, 0x1B, 0x80, 0x3B, 0x6E, 0x10, 0xA4,
    0x3B, 0x9A, 0xFD, 0x47, 0x80, 0xAC, 0xF8, 0x94, 0x6E, 0x5F, 0xEC, 0xA4, 0x3D, 0xE1, 0x5C, 0x2B,
    0x8D, 0x85, 0x36, 0xCC, 0x3C, 0x11, 0x6C, 0xFC, 0xBC, 0xD4, 0xE2, 0x47, 0xB5, 0x16, 0xFF, 0x3E,
    0xD6, 0x22, 0x47, 0x1B, 0x16, 0x51, 0xA6, 0x05, 0xC6, 0x64, 0x81, 0x75, 0x66, 0xE1, 0x4C, 0xB4,
    0xC0, 0x4A, 0x6B, 0xC1, 0x44, 0x0A, 0x45, 0x50, 0x6A, 0xE1, 0x35, 0x5A, 0x38, 0x13, 0x2D, 0xA4,
    0x7D, 0x5B, 0x8B, 0xE8, 0x23, 0x2D, 0x82, 0x46, 0x0B, 0xCF, 0x14, 0x54, 0xC9, 0x42, 0x15, 0xD9,
    0xAD, 0x34, 0xB8, 0x1B, 0x51, 0xE2, 0x97, 0xE7, 0x62, 0xC8, 0x9B, 0x62, 0xF0, 0x4F, 0xF7, 0x52,
    0x72, 0x75, 0x6A, 0x88, 0x54, 0x91, 0x9F, 0x53, 0xF1, 0x01, 0x54, 0xB6, 0x49, 0x29, 0x88, 0x4C,
    0xE8, 0x8C, 0xD2, 0x80, 0x8E, 0x2B, 0xFE, 0xB5, 0x66, 0xD3, 0x63, 0x64, 0xF0, 0x2F, 0x89, 0x15,
    0xF1, 0xA2, 0xAE, 0x48, 0xF5, 0xE1, 0xB4, 0x88, 0xA3, 0x4C, 0x0B, 0x05, 0xCC, 0xC4, 0x38, 0xD3,
    0x11, 0xA5, 0x4B, 0x73, 0x53, 0xCE, 0x1A, 0xD5, 0x51, 0xDB, 0xD8, 0x33, 0x13, 0x10, 0xBC, 0xC8,
    0xF0, 0x08, 0x69, 0xD7, 0xC3, 0x13, 0x06, 0xA7, 0xEC, 0x1A, 0xA7, 0x5A, 0x30, 0xE6, 0x50, 0x83,
    0x8B, 0xE2, 0x59, 0xCC, 0x41, 0xDF, 0xA7, 0x8E, 0xD4, 0x9D, 0x11, 0x6F, 0x16, 0x82, 0x68, 0x13,
    0xA6, 0x32, 0x7F, 0x44, 0x34, 0x39, 0x8A, 0x5F, 0x58, 0xD7, 0x3B, 0xBF, 0x91, 0xFF, 0x8A, 0xE5,
    0x96, 0x76, 0x72, 0x8B, 0x9E, 0x2A, 0xB7, 0xFA, 0x94, 0xDC, 0xB2, 0x27, 0xC8, 0x4D, 0x9D, 0x93,
    0xDD, 0xB1, 0xDE, 0x41, 0x83, 0x6D, 0xA4, 0x89, 0x19, 0xA9, 0x57, 0x59, 0x9A, 0x26, 0x86, 0x49,
    0x6B, 0xD0, 0x62, 0xA9, 0xD1, 0x79, 0x27, 0x2A, 0xA0, 0xD0, 0xE0, 0x98, 0x41, 0x9B, 0x62, 0x8E,
    0x9A, 0x27, 0x99, 0x59, 0x00, 0xD2, 0x43, 0xBE, 0x75, 0x49, 0x73, 0x81, 0xD6, 0x60, 0x57, 0xAE,
    0xD8, 0x65, 0x70, 0x4F, 0x11, 0xCC, 0x32, 0x08, 0x36, 0x52, 0x1A, 0xE9, 0xBB, 0xC6, 0x79, 0x79,
    0x55, 0x87, 0xEF, 0x9C, 0x4F, 0x1B, 0x2B, 0x8E, 0xD5, 0x73, 0xC2, 0x0E, 0xDB, 0xC2, 0x2E, 0xBD,
    0xD2, 0x45, 0x6E, 0xED, 0xA7, 0xB2, 0x8F, 0x39, 0xF6, 0xC3, 0x58, 0xAE, 0x51, 0x94, 0x1C, 0xC5,
    0x67, 0x2A, 0x3E, 0x21, 0xB4, 0x30, 0xCF, 0x63, 0x30, 0x45, 0x13, 0xD4, 0xAD, 0x4F, 0x46, 0x47,
    0x04, 0xF5, 0x09, 0x92, 0xDE, 0x11, 0xB2, 0xCC, 0x1D, 0xA0, 0xEE, 0x0E, 0x72, 0x89, 0x83, 0x28,
    0xB6, 0xAA, 0xB0, 0x70, 0xF3, 0x25, 0x6E, 0x14, 0x2C, 0xC6, 0xF2, 0x3B, 0x1C, 0xEA, 0x3E, 0xD3,
    0xF5, 0xB6, 0xD8, 0xC0, 0xC4, 0x9C, 0x72, 0x8D, 0xD3, 0x2B, 0x57, 0x49, 0x07, 0x03, 0xD2, 0xD5,
    0x9B, 0xA4, 0xBF, 0xAD, 0xCE, 0x4E, 0x7E, 0x99, 0x54, 0x97, 0xDA, 0x39, 0x13, 0x67, 0x63, 0x75,
    0x31, 0x23, 0xBF, 0x2D, 0x98, 0xDD, 0xC9, 0x81, 0xF1, 0x4F, 0xFD, 0x5F, 0x5E, 0xB1, 0x6A, 0xBC,
    0xE1, 0x96, 0x71, 0xB2, 0x7B, 0x9A, 0xCC, 0xD1, 0x89, 0x41, 0xC7, 0x98, 0x13, 0x84, 0x9A, 0xA3,
    0x89, 0x77, 0xAC, 0x99, 0x03, 0xD6, 0xBC, 0x31, 0x4E, 0xF9, 0xBE, 0x3C, 0xC6, 0x35, 0x16, 0x13,
    0x90, 0x39, 0xD1, 0x55, 0xA7, 0x0A, 0x88, 0x51, 0x58, 0x42, 0x54, 0x62, 0xF2, 0x7D, 0x68, 0x10,
    0x53, 0x7E, 0xC6, 0x5E, 0x26, 0xC0, 0xA2, 0x87, 0xE4, 0x16, 0xA1, 0x68, 0xC8, 0xD4, 0x33, 0xA9,
    0x10, 0x77, 0x01, 0xA0, 0x48, 0xDC, 0x27, 0x80, 0x0C, 0x34, 0x35, 0x6A, 0x2C, 0x55, 0xED, 0x23,
    0x5B, 0xE5, 0x96, 0x38, 0x26, 0x74, 0xFF, 0xBA, 0x51, 0xF7, 0xBF, 0xD5, 0xC2, 0xFF, 0x2F, 0xE3,
    0x84, 0x8C, 0xF2, 0xBB, 0xD5, 0x7C, 0x62, 0x65, 0x77, 0x9E, 0x2A, 0x93, 0xC7, 0x3F, 0x80, 0x79,
    0x60, 0xA5, 0xDB, 0x96, 0xF4, 0xAD, 0xEB, 0xB4, 0x55, 0x0A, 0x3E, 0xD2, 0x4D, 0xBB, 0xB1, 0x72,
    0x0E, 0x7E, 0x8E, 0xA8, 0xAE, 0x14, 0x55, 0xA2, 0x9B, 0x4D, 0x03, 0x36, 0xB0, 0x3E, 0xC8, 0x28,
    0x2E, 0xC0, 0xD2, 0xBF, 0xE5, 0x26, 0x89, 0x72, 0xDE, 0x28, 0x98, 0xD7, 0x21, 0x59, 0x47, 0x16,
    0xC3, 0x1D, 0x81, 0xDC, 0x73, 0x2A, 0xDD, 0xE3, 0x28, 0xE0, 0x43, 0x75, 0x2F, 0xA4, 0xBC, 0x2C,
    0x8D, 0xAB, 0xDB, 0x4D, 0x3D, 0x19, 0x7B, 0x8A, 0x3C, 0x7D, 0x39, 0x5A, 0xD6, 0xA9, 0x0E, 0x24,
    0xB9, 0xA0, 0x93, 0x85, 0x97, 0x7A, 0x9B, 0x37, 0x87, 0xC8, 0x39, 0xD4, 0xC0, 0x91, 0x51, 0x07,
    0x3A, 0x21, 0x18, 0x93, 0x02, 0x03, 0x57, 0xC7, 0x2B, 0xBB, 0xF4, 0xD2, 0xD5, 0xD9, 0xF9, 0x66,
    0xDB, 0x41, 0x53, 0x3E, 0x3B, 0x7D, 0x7C, 0x9E, 0x3E, 0x62, 0xE9, 0x08, 0xBC, 0x8F, 0x0A, 0xDD,
    0xEB, 0x0A, 0x4C, 0xC2, 0x8C, 0x4E, 0xDC, 0x58, 0xC5, 0x4D, 0x1E, 0x30, 0xE1, 0xBE, 0x02, 0x0A,
    0x27, 0x86, 0x41, 0xDE, 0x31, 0x6A, 0xFA, 0xAF, 0x8A, 0x1C, 0xDD, 0x56, 0xA2, 0x63, 0x04, 0x6C,
    0x4D, 0x41, 0xC6, 0x88, 0x3B, 0xD1, 0x26, 0xCB, 0x26, 0x66, 0x5E, 0x33, 0xAC, 0xED, 0xE9, 0x9E,
    0x9A, 0x95, 0x6B, 0x53, 0x88, 0x61, 0x64, 0xB8, 0x24, 0x06, 0x5E, 0x37, 0xE1, 0xF5, 0x5D, 0xE1,
    0x74, 0x96, 0x18, 0x50, 0x8E, 0x15, 0x79, 0xDB, 0x39, 0xF4, 0x35, 0x58, 0x55, 0x22, 0x5C, 0x72,
    0x31, 0x08, 0x7C, 0x7E, 0xAB, 0x1B, 0x45, 0x11, 0x3D, 0x2A, 0xF1, 0xAA, 0xAF, 0xAA, 0xB3, 0xA7,
    0x08, 0x9C, 0x6B, 0x8A, 0x44, 0xFC, 0x6D, 0x28, 0x66, 0x69, 0x3D, 0xE5, 0xFF, 0x4F, 0x54, 0x3F,
    0xFE, 0x57, 0xA7, 0xAF, 0x2C, 0x19, 0xC6, 0xDC, 0xCF, 0x49, 0xCD, 0x5B, 0x6D, 0x1B, 0xCF, 0x12,
    0x1A, 0x59, 0xDC, 0xE4, 0xCE, 0x17, 0x4C, 0x97, 0x5E, 0x60, 0xCC, 0x7D, 0x07, 0x47, 0x03, 0x40,
    0x0C, 0xB3, 0xAA, 0x46, 0x33, 0x98, 0xA6, 0x0C, 0x2A, 0x20, 0x5B, 0x73, 0x79, 0xB7, 0x3E, 0xE1,
    0xC4, 0xA4, 0x15, 0xC9, 0x49, 0x13, 0x23, 0x57, 0xA3, 0xB7, 0x9A, 0x82, 0x8A, 0x3A, 0x04, 0x6E,
    0x7C, 0x60, 0x5A, 0xB4, 0xAA, 0x8C, 0x4D, 0x9C, 0x94, 0x9B, 0x94, 0x5E, 0xCC, 0x88, 0x31, 0x90,
    0xE8, 0xFD, 0xCD, 0xCD, 0x89, 0x6E, 0x93, 0x8F, 0xE5, 0xB5, 0xFA, 0xE8, 0xFE, 0x9E, 0x7C, 0x51,
    0x7F, 0xFB, 0x92, 0x3C, 0x5A, 0xBC, 0x65, 0x10, 0x61, 0x4B, 0x6D, 0xC0, 0x9C, 0x2D, 0xAC, 0xE8,
    0x1A, 0x42, 0xBC, 0xAE, 0xDA, 0xB2, 0xA3, 0x3B, 0x07, 0x96, 0x39, 0xA4, 0x28, 0x9F, 0xD4, 0xD4,
    0x7F, 0x6E, 0xD3, 0xCB, 0x1B, 0xDF, 0x85, 0x2F, 0xEA, 0x7D, 0x61, 0x7F, 0x6B, 0x61, 0xF3, 0xCA,
    0x4D, 0x1E, 0x4F, 0x70, 0x8F, 0x9D, 0x72, 0xF5, 0xBE, 0x29, 0x57, 0x7C, 0xE9, 0x3B, 0xE9, 0xAE,
    0x64, 0xB1, 0xD9, 0xDF, 0xBA, 0xA9, 0xF1, 0x2B, 0xB7, 0xC0, 0x52, 0x82, 0xEC, 0x91, 0x84, 0xB1,
    0x97, 0x81, 0xB7, 0xAB, 0x5C, 0x3B, 0xFB, 0x47, 0xDC, 0xC3, 0x68, 0x60, 0xE3, 0x3B, 0xF0, 0xF7,
    0x3C, 0xED, 0x8B, 0xF4, 0x98, 0x49, 0x96, 0x5A, 0xB1, 0xFE, 0x89, 0xBB, 0xF4, 0x91, 0x3E, 0x3F,
    0xC4, 0x75, 0xA4, 0x67, 0x87, 0xF0, 0xF3, 0xED, 0x9D, 0xD2, 0xAB, 0xA1, 0x90, 0x53, 0x25, 0x59,
    0xE2, 0x32, 0x6B, 0x88, 0xEC, 0x51, 0xA7, 0xDD, 0xE7, 0x90, 0x11, 0x30, 0xF1, 0x67, 0xDC, 0xF4,
    0x3E, 0xBE, 0xD4, 0xD0, 0xA2, 0x27, 0xAC, 0x48, 0x48, 0xA2, 0x14, 0x24, 0x24, 0x09, 0x32, 0x92,
    0x74, 0x4A, 0x42, 0xAD, 0x25, 0xD9, 0xA6, 0x8A, 0x56, 0xE2, 0xD5, 0x08, 0x0E, 0x16, 0x47, 0xE3,
    0x79, 0x0B, 0xA2, 0xBF, 0xDC, 0x69, 0x33, 0x3B, 0x0F, 0x32, 0x2F, 0xB6, 0x79, 0x34, 0xA4, 0x9B,
    0x94, 0xDC, 0x98, 0xE3, 0x31, 0xDD, 0x61, 0x77, 0x25, 0xD3, 0x4D, 0xBE, 0x5C, 0x6E, 0xFA, 0xC7,
    0x4B, 0x99, 0x7A, 0xA5, 0x51, 0xCD, 0xFD, 0xC7, 0xEE, 0xF0, 0x40, 0xAC, 0x83, 0x69, 0x6C, 0xA1,
    0xD1, 0x92, 0x3C, 0x8B, 0xB8, 0x8C, 0x39, 0x76, 0x1E, 0x20, 0x00, 0xD3, 0x50, 0x2D, 0xC5, 0xB3,
    0x80, 0x15, 0x11, 0xC9, 0xCE, 0x8C, 0x1C, 0xCD, 0xEE, 0x12, 0xAD, 0x65, 0x3B, 0x70, 0x80, 0x50,
    0xAA, 0x76, 0x79, 0xBE, 0x30, 0x06, 0x36, 0x8F, 0x8A, 0xE3, 0xF8, 0x64, 0xDF, 0x8F, 0x30, 0xF8,
    0xE1, 0x11, 0xD4, 0x29, 0x8C, 0x19, 0xE3, 0xAF, 0xE0, 0xDA, 0xD8, 0xBC, 0x93, 0x45, 0xED, 0x67,
    0xE9, 0xB6, 0x71, 0x97, 0x3A, 0xAD, 0x9D, 0x67, 0x4E, 0xE7, 0xCB, 0x88, 0x20, 0xC4, 0x1B, 0xC9,
    0xE5, 0x05, 0x6A, 0xE0, 0x96, 0xA6, 0x7E, 0x55, 0x77, 0x0A, 0xB6, 0x74, 0x7C, 0x2B, 0x6C, 0x6B,
    0x7B, 0xFA, 0xF3, 0x69, 0x5F, 0x2A, 0x56, 0xAD, 0xBE, 0x63, 0x96, 0xA7, 0xD6, 0x8B, 0xA8, 0x08,
    0x91, 0xAB, 0xE7, 0xDE, 0x7F, 0xC0, 0x67, 0x3A, 0x70, 0xE2, 0x29, 0xFC, 0x8F, 0x9F, 0xDA, 0xA5,
    0xC6, 0x19, 0xE6, 0x99, 0x53, 0xD0, 0x9D, 0xD6, 0x3C, 0xC9, 0x60, 0x7A, 0xA9, 0xDB, 0xDC, 0x3C,
    0x29, 0x15, 0xFF, 0xC3, 0x4D, 0x40, 0x39, 0x77, 0x95, 0x2D, 0xE2, 0x8A, 0xF5, 0xC8, 0x6A, 0x63,
    0x8F, 0xC7, 0x3C, 0x21, 0xB7, 0x96, 0x23, 0x1A, 0x52, 0xC4, 0x63, 0x13, 0x00, 0xC7, 0x16, 0x22,
    0x21, 0x97, 0xE9, 0xFC, 0x58, 0xE6, 0x12, 0xD4, 0x45, 0x42, 0x07, 0x13, 0x2E, 0xE3, 0xF5, 0x94,
    0xD8, 0x4F, 0x27, 0x21, 0xAC, 0xE3, 0x63, 0x78, 0x73, 0xFB, 0x17, 0x7F, 0xA0, 0xE1, 0xF5, 0x11,
    0x2B, 0xA2, 0x17, 0x21, 0xCE, 0x09, 0xA9, 0x20, 0xE5, 0xA4, 0xFD, 0x9B, 0x6E, 0xDF, 0x02, 0x93,
    0xF1, 0x75, 0xC7, 0xE3, 0x8C, 0xFF, 0xB1, 0xF6, 0x64, 0x54, 0xCA, 0xED, 0x82, 0x7A, 0xED, 0x3C,
    0xF3, 0x0B, 0x35, 0x1E, 0x19, 0x8F, 0xB2, 0x6F, 0x35, 0xF0, 0x1B, 0xBB, 0xB3, 0x3E, 0xAE, 0x78,
    0x63, 0x80, 0xC4, 0xC1, 0x33, 0xFE, 0x6A, 0xA9, 0xAC, 0xD2, 0xC9, 0xDD, 0x34, 0xA0, 0x5F, 0x79,
    0x29, 0x99, 0xD8, 0x9B, 0x37, 0x41, 0xDA, 0xFB, 0xF8, 0x09, 0xD5, 0xE5, 0xD9, 0xB5, 0x5D, 0x2E,
    0xB3, 0x02, 0x1D, 0xDA, 0x9F, 0xE4, 0x5D, 0x88, 0xAD, 0x69, 0xBC, 0xFD, 0xA9, 0x86, 0xE4, 0x2D,
    0x09, 0x80, 0xDA, 0x29, 0x01, 0xEB, 0x0E, 0x77, 0x07, 0x20, 0x13, 0x46, 0xB6, 0xE9, 0xC9, 0x19,
    0x09, 0x98, 0x88, 0x58, 0xD9, 0x1D, 0xC4, 0x7E, 0xDE, 0xAF, 0x79, 0xD1, 0xE1, 0xA6, 0x6C, 0x3A,
    0x2F, 0xD3, 0x24, 0x45, 0x1E, 0x39, 0xFA, 0x94, 0x67, 0x66, 0x72, 0x7B, 0xEC, 0x7E, 0x96, 0x8F,
    0x62, 0x97, 0x5B, 0x95, 0x61, 0x0A, 0x41, 0x32, 0x1B, 0x41, 0x71, 0x60, 0x8A, 0xC3, 0x97, 0x29,
    0x3C, 0x76, 0xE6, 0xE7, 0xA3, 0xD6, 0x6F, 0x3F, 0x6E, 0x27, 0xA7, 0xD7, 0x13, 0x01, 0xC9, 0xE8,
    0x13, 0x88, 0xE1, 0xF6, 0xC4, 0xD5, 0xAC, 0x93, 0x27, 0x2B, 0x78, 0x09, 0xE4, 0xDE, 0x8C, 0xEC,
    0x3C, 0x87, 0x70, 0xAD, 0x85, 0xBD, 0x97, 0x73, 0x5D, 0x87, 0x63, 0x1E, 0x93, 0x41, 0xC7, 0x5D,
    0x5A, 0x8C, 0xCF, 0x58, 0x2C, 0x64, 0x58, 0x12, 0x31, 0x28, 0xD9, 0x21, 0x4E, 0xED, 0x88, 0xE2,
    0xB2, 0xC2, 0xAE, 0xFE, 0xA7, 0x06, 0x49, 0x8C, 0x21, 0x11, 0x50, 0x1C, 0x20, 0xD2, 0xD2, 0x7D,
    0x19, 0x26, 0x49, 0xC9, 0xA4, 0x3B, 0xA5, 0x36, 0x1F, 0xF2, 0x9C, 0xFC, 0x1F, 0x34, 0xF5, 0xD2,
    0x18, 0x98, 0xE8, 0x70, 0x70, 0xEA, 0x30, 0x4D, 0x34, 0xD0, 0xB1, 0x9E, 0x44, 0xB4, 0x96, 0xED,
    0xD6, 0xB9, 0x00, 0x77, 0x91, 0x63, 0x20, 0x94, 0x74, 0x28, 0x0D, 0xA7, 0x8C, 0xE7, 0x95, 0xEA,
    0x49, 0x24, 0x99, 0x05, 0x0C, 0x9D, 0x47, 0x60, 0x06, 0xF6, 0xAD, 0xDB, 0x30, 0x39, 0xEE, 0x90,
    0x79, 0xA9, 0x35, 0x0F, 0x8A, 0x1B, 0xA7, 0x41, 0xF1, 0xE8, 0x04, 0x14, 0x63, 0x05, 0x45, 0x34,
    0x06, 0x28, 0xD6, 0x04, 0x45, 0xEE, 0xF8, 0xE6, 0xCF, 0x85, 0x60, 0x13, 0xA1, 0x85, 0x44, 0xA8,
    0x05, 0x23, 0x05, 0x6B, 0x6F, 0x87, 0xAB, 0x16, 0xDF, 0xFE, 0x9F, 0x36, 0x76, 0x3F, 0xF2, 0x34,
    0x0C, 0x74, 0xBA, 0x03, 0xAC, 0x67, 0x5D, 0x9E, 0x9E, 0xC4, 0xCF, 0x90, 0xCE, 0x6A, 0x77, 0xFD,
    0xBF, 0x2B, 0x43, 0xD9, 0xDB, 0xE0, 0xA1, 0xC4, 0x45, 0x80, 0x76, 0x58, 0x31, 0x38, 0x64, 0x56,
    0x16, 0xA8, 0xBF, 0x15, 0x84, 0xB2, 0xCD, 0x96, 0x54, 0xEB, 0x76, 0x11, 0x42, 0x67, 0x6F, 0xE9,
    0xCE, 0xC9, 0xDE, 0x89, 0x2E, 0x03, 0x60, 0x7F, 0xF7, 0xB3, 0xEF, 0x38, 0x33, 0xD5, 0x7E, 0xDA,
    0xB7, 0x5E, 0xB0, 0xA0, 0x63, 0xA3, 0xD9, 0xC8, 0xBF, 0x55, 0x5A, 0x0F, 0xE4, 0x4E, 0xB9, 0x34,
    0x61, 0x5C, 0xB6, 0xC3, 0x26, 0x1B, 0x2F, 0x4C, 0x00, 0xD8, 0x3B, 0xC8, 0x4A, 0x2C, 0x3D, 0xD8,
    0x48, 0xC0, 0x43, 0xB5, 0x61, 0xB2, 0xFB, 0xD7, 0x86, 0xF1, 0x70, 0xF7, 0x12, 0x77, 0xCE, 0xCD,
    0x46, 0x5E, 0xC3, 0x00, 0x7A, 0xCC, 0x18, 0x33, 0xA1, 0x77, 0x88, 0xE2, 0x01, 0x83, 0xCF, 0x3D,
    0x86, 0xF5, 0x8C, 0x97, 0x7F, 0x02, 0x6E, 0xDC, 0x4F, 0x79, 0xB4, 0xF9, 0x8B, 0x2E, 0x2E, 0x33,
    0xF9, 0x93, 0xBA, 0x1E, 0x73, 0x9C, 0x8C, 0xC9, 0x0E, 0xDF, 0x3D, 0x37, 0x4C, 0x87, 0xDF, 0xB9,
    0x53, 0xB9, 0xC0, 0x82, 0xDC, 0x57, 0x7B, 0x24, 0xD3, 0x63, 0x74, 0x4E, 0x80, 0xE0, 0xC6, 0x4F,
    0x83, 0x82, 0x39, 0x98, 0xF5, 0x41, 0x8A, 0x21, 0x8E, 0x9C, 0x3F, 0xCD, 0x98, 0x4D, 0xB8, 0x5E,
    0xCE, 0x8D, 0x91, 0x3F, 0x76, 0x3F, 0xC1, 0x40, 0xC1, 0xF7, 0x1D, 0x0E, 0xE5, 0x37, 0x1A, 0x66,
    0x7B, 0x95, 0x46, 0x8A, 0x4E, 0xA9, 0x03, 0xDA, 0x85, 0x1E, 0xE3, 0x21, 0x31, 0xEA, 0x1B, 0x3D,
    0xBF, 0xC8, 0xB9, 0x9C, 0x1B, 0xC6, 0x97, 0xC6, 0x4B, 0xC7, 0xE8, 0x9D, 0x19, 0xD3, 0x84, 0xC9,
    0x47, 0xC4, 0x58, 0x38, 0xF8, 0x4F, 0x31, 0xF9, 0x73, 0x87, 0x81, 0x1A, 0x92, 0xB3, 0x9B, 0x65,
    0x86, 0x36, 0x3D, 0x46, 0xA3, 0x03, 0xEE, 0x7B, 0x17, 0xBA, 0x9D, 0x81, 0x9A, 0xD1, 0x38, 0xE8,
    0x96, 0x7C, 0xF8, 0xEE, 0xD2, 0x30, 0xBD, 0x53, 0xD1, 0x1D, 0x15, 0x18, 0x0B, 0x0D, 0xB6, 0x38,
    0x87, 0x3D, 0xCE, 0x00, 0x6F, 0x34, 0x0C, 0xBB, 0x8F, 0x74, 0x20, 0x26, 0x36, 0xD1, 0x1B, 0x1C,
    0xED, 0xFB, 0x1C, 0xED, 0xA3, 0xE9, 0x91, 0x96, 0x31, 0x89, 0xC2, 0x70, 0x0B, 0x92, 0x99, 0x7C,
    0xC0, 0x1C, 0x0D, 0x9B, 0xC4, 0xE3, 0x3A, 0x71, 0x52, 0xFF, 0xC9, 0xA7, 0x9C, 0x6E, 0xBD, 0x5B,
    0x27, 0x19, 0x1A, 0x52, 0x75, 0x38, 0xF9, 0x3E, 0xAC, 0x75, 0xC0, 0x2C, 0x82, 0x9A, 0x4D, 0xE5,
    0xF5, 0xCD, 0xD1, 0x95, 0x7A, 0xFA, 0x89, 0x99, 0x14, 0xB8, 0xBB, 0x8A, 0xC7, 0x03, 0x4C, 0xA8,
    0x48, 0x36, 0xDF, 0xCC, 0x46, 0xBA, 0x49, 0xE1, 0xA4, 0x3E, 0x72, 0xBC, 0x3E, 0x42, 0xF3, 0x01,
    0xFE, 0xB6, 0xF8, 0xEF, 0x4C, 0xB0, 0xBA, 0x90, 0xC7, 0xC0, 0xA9, 0x97, 0xBA, 0xA9, 0x13, 0xBB,
    0x58, 0x9F, 0x1E, 0xE6, 0x74, 0x17, 0x1E, 0x16, 0x96, 0x11, 0x3B, 0x78, 0xEA, 0xA1, 0x36, 0x88,
    0x43, 0x28, 0xCF, 0x1A, 0x9E, 0x6F, 0xE1, 0xCD, 0x1B, 0xE8, 0xA1, 0x87, 0x25, 0xF4, 0xD4, 0xC3,
    0x5D, 0xEB, 0xBF, 0xE0, 0x47, 0xB5, 0x7F, 0x0D, 0x3D, 0x9F, 0x13, 0x3D, 0x87, 0x84, 0x5F, 0xF7,
    0x19, 0xBC, 0x03, 0xB4, 0xE8, 0xB8, 0x2A, 0x0D, 0xB8, 0x07, 0xE0, 0x6F, 0x59, 0x30, 0x6A, 0xDC,
    0x53, 0x3E, 0x19, 0x82, 0xD7, 0xA8, 0x3D, 0xC4, 0xF8, 0xE0, 0x14, 0x58, 0xE8, 0xC6, 0xE4, 0xD3,
    0x43, 0xAB, 0x1E, 0xB8, 0xD9, 0xED, 0x82, 0xBB, 0x38, 0x42, 0xB8, 0x92, 0x15, 0x4B, 0x88, 0x19,
    0x62, 0xB9, 0xF4, 0x48, 0xFE, 0x1F, 0xED, 0x7D, 0x7F, 0x6C, 0x24, 0xD7, 0x79, 0xD8, 0x9B, 0x99,
    0x23, 0x87, 0xE4, 0x90, 0x3B, 0x04, 0x7A, 0xBA, 0x9E, 0x7D, 0xE4, 0x2D, 0x51, 0x5C, 0x1A, 0xCA,
    0x22, 0x6F, 0xB6, 0x0D, 0xDB, 0x50, 0x16, 0x79, 0x33, 0x92, 0xD1, 0x1A, 0x88, 0x1A, 0x88, 0x7F,
    0x88, 0x81, 0x21, 0x07, 0x10, 0x83, 0xE8, 0x0F, 0xD7, 0x2A, 0xC0, 0x05, 0x4A, 0x17, 0x32, 0x72,
    0x77, 0x3B, 0x96, 0xFF, 0x10, 0x50, 0x05, 0x08, 0xED, 0xC8, 0x0E, 0xD0, 0xA0, 0x31, 0x03, 0x58,
    0x80, 0x45, 0xB5, 0x3D, 0xBA, 0x50, 0xDB, 0x0B, 0x70, 0xC7, 0x9D, 0x4A, 0x28, 0x12, 0xC0, 0x05,
    0x3C, 0x70, 0x0C, 0x38, 0x80, 0x53, 0x7B, 0x94, 0x48, 0xB6, 0x4F, 0x72, 0x71, 0x9B, 0x62, 0x1D,
    0xEF, 0xDD, 0x2D, 0x77, 0xFA, 0xFD, 0x78, 0xEF, 0xCD, 0xEC, 0x0F, 0x52, 0xBC, 0x1F, 0x22, 0xF7,
    0x4E, 0x1C, 0xEE, 0xCE, 0xCC, 0x2E, 0x67, 0xDF, 0xBC, 0xEF, 0x7B, 0xDF, 0xEF, 0xEF, 0x7B, 0x6F,
    0x84, 0xE8, 0xDE, 0x2A, 0xFA, 0xCC, 0x48, 0x03, 0x75, 0x6A, 0xFD, 0x91, 0xFE, 0x76, 0x38, 0xBB,
    0x74, 0xF4, 0x83, 0x4E, 0xDD, 0xDC, 0x69, 0x5D, 0x54, 0xDE, 0xFB, 0xDA, 0x32, 0x6C, 0xCF, 0xA4,
    0x4D, 0x51, 0x4C, 0x79, 0xBB, 0x71, 0x45, 0x18, 0x97, 0xF8, 0x4C, 0x1C, 0x13, 0xBB, 0x6F, 0x1F,
    0x0F, 0xDA, 0x3F, 0xDB, 0x69, 0x88, 0x87, 0xEC, 0x27, 0x55, 0xE8, 0xAB, 0x59, 0x13, 0x8B, 0xEA,
    0x73, 0xB1, 0x65, 0x89, 0xD0, 0x69, 0x8A, 0xAA, 0xFC, 0xE1, 0x60, 0x1A, 0x8F, 0x8A, 0xF0, 0x74,
    0xD5, 0x4C, 0xEB, 0xF2, 0x73, 0x43, 0xCC, 0x89, 0x70, 0xBE, 0x98, 0x7E, 0x3A, 0x7D, 0x05, 0x3E,
    0x9F, 0x48, 0x5B, 0x81, 0x58, 0x17, 0x61, 0xC9, 0x6E, 0x41, 0x5B, 0xAD, 0x4D, 0xE8, 0xD1, 0xBA,
    0x30, 0x02, 0x11, 0xAE, 0x8B, 0x6F, 0x0A, 0x87, 0x7A, 0xB8, 0x2E, 0x84, 0x29, 0xC4, 0x9F, 0x46,
    0xD4, 0x9F, 0x34, 0xBD, 0xB9, 0x04, 0xC7, 0x21, 0xC0, 0x57, 0xD8, 0xD1, 0x57, 0xAF, 0xB3, 0xF3,
    0x5D, 0x80, 0xD9, 0x11, 0xF7, 0xB1, 0x46, 0x87, 0xD2, 0x16, 0x1D, 0xCA, 0x25, 0x3A, 0xAC, 0xD1,
    0xC1, 0xA8, 0xFC, 0x22, 0x10, 0x0F, 0x3D, 0xDF, 0x64, 0x3C, 0xC5, 0x46, 0x35, 0x4D, 0x5B, 0xAF,
    0x74, 0x36, 0x63, 0xAC, 0x6B, 0xE4, 0x36, 0xD5, 0x99, 0xBF, 0xA3, 0xCE, 0xE2, 0xC5, 0x57, 0xE9,
    0xE8, 0x7C, 0x2A, 0x18, 0xF5, 0x5B, 0x5F, 0x13, 0xC6, 0x67, 0xD3, 0x5B, 0x03, 0x97, 0x19, 0x94,
    0xBF, 0x4F, 0xD3, 0x04, 0x61, 0x48, 0xAF, 0x89, 0xC7, 0x6E, 0xAA, 0x1F, 0x4C, 0x89, 0xBD, 0x37,
    0xB3, 0xFB, 0xAB, 0xC0, 0x72, 0xBA, 0xBE, 0x73, 0x63, 0xC7, 0xEE, 0xFA, 0xD2, 0xAF, 0xF9, 0xAD,
    0xAE, 0x2F, 0xBF, 0x90, 0xA6, 0x3B, 0x5D, 0x5F, 0x46, 0x95, 0xB7, 0x9B, 0x5D, 0x5F, 0xC6, 0xC5,
    0xA0, 0xFB, 0xE6, 0xB5, 0x5E, 0x9D, 0xBC, 0xDC, 0xEB, 0xCB, 0x4A, 0x8F, 0x5F, 0x0F, 0x12, 0x21,
    0x54, 0xD2, 0xCD, 0xCD, 0x65, 0xDE, 0x7E, 0x6B, 0xF3, 0x75, 0x40, 0x08, 0x7E, 0xA9, 0x88, 0x53,
    0x6D, 0x8F, 0xE3, 0x97, 0x66, 0x35, 0xFF, 0x55, 0x6B, 0x5D, 0x8C, 0xCB, 0x86, 0x06, 0xE4, 0xEF,
    0xF5, 0x3D, 0x62, 0xDC, 0x6D, 0x58, 0x62, 0x2A, 0xDC, 0xB2, 0xC2, 0xAF, 0x04, 0x65, 0xFB, 0xDD,
    0x5B, 0x41, 0xC9, 0x4A, 0x53, 0x31, 0x67, 0xA6, 0x17, 0x80, 0xE8, 0xA0, 0xB5, 0x69, 0x01, 0x63,
    0x3E, 0x23, 0xD6, 0x84, 0x98, 0x10, 0xF3, 0xC8, 0x31, 0xD3, 0x42, 0x8C, 0xC1, 0xB9, 0x28, 0xE0,
    0x6E, 0x04, 0x59, 0xC8, 0x46, 0xDA, 0x22, 0x44, 0x5A, 0xB4, 0xC3, 0xE6, 0xAD, 0x50, 0x84, 0xC2,
    0x0C, 0xCD, 0xBA, 0x30, 0x22, 0x0B, 0xF0, 0x19, 0xD9, 0xFF, 0x2F, 0x11, 0xB1, 0x1B, 0xAF, 0x00,
    0x82, 0x80, 0xA4, 0x36, 0x7C, 0xB8, 0x68, 0x0B, 0xF9, 0xB7, 0xBC, 0x8D, 0x74, 0x85, 0x78, 0xFC,
    0xE7, 0x0D, 0xD8, 0x3D, 0x86, 0xA8, 0xF2, 0x12, 0x04, 0x0D, 0x3B, 0x87, 0xD7, 0x0A, 0x37, 0xC8,
    0xF3, 0x27, 0xF7, 0x19, 0xEF, 0xB2, 0x85, 0x5F, 0x96, 0xB1, 0x43, 0x25, 0xF8, 0x83, 0xEE, 0x5E,
    0xC4, 0x5D, 0x25, 0x86, 0x6F, 0xE0, 0x77, 0x33, 0xC2, 0x0E, 0xA0, 0x8B, 0xA3, 0xD8, 0xE7, 0x12,
    0xF6, 0x79, 0x1E, 0xFB, 0x5C, 0x49, 0xA0, 0xCF, 0x7E, 0x03, 0xBA, 0x6B, 0xD7, 0x0E, 0xAE, 0xCF,
    0x1D, 0xD4, 0x29, 0xD9, 0xD0, 0x22, 0xDE, 0x32, 0xEA, 0xCC, 0x63, 0x56, 0x93, 0x3F, 0x8F, 0xB4,
    0x0C, 0x38, 0x06, 0x62, 0xCC, 0x37, 0x23, 0xEC, 0x61, 0x31, 0x5D, 0x8D, 0xC4, 0x59, 0xB8, 0x41,
    0x9A, 0x06, 0x27, 0x9A, 0xF8, 0xB9, 0x25, 0x2A, 0x3F, 0x83, 0x56, 0x80, 0x00, 0x2E, 0x4E, 0x0B,
    0xC6, 0xFC, 0x3C, 0x92, 0x89, 0x3C, 0xA2, 0x50, 0x5B, 0x90, 0xEF, 0x73, 0xD8, 0x3E, 0xF6, 0x2E,
    0x16, 0x45, 0xEA, 0x60, 0x7A, 0x9D, 0xC4, 0x91, 0x23, 0xE9, 0xD9, 0x00, 0x8E, 0x65, 0xA9, 0xF5,
    0xCD, 0x4E, 0xC6, 0x97, 0x44, 0xE2, 0x74, 0xC8, 0xC7, 0x82, 0x3C, 0xCE, 0x4A, 0x01, 0xBB, 0x20,
    0x18, 0xEE, 0x05, 0xE6, 0x1D, 0x24, 0x14, 0x38, 0x26, 0x82, 0x24, 0x05, 0xA0, 0x82, 0x48, 0x1F,
    0xA4, 0x53, 0x22, 0x61, 0x8F, 0xF3, 0xB0, 0x67, 0x47, 0x3B, 0xDC, 0xC7, 0xED, 0x24, 0x50, 0xF9,
    0xE3, 0x0B, 0xF2, 0xB8, 0xA5, 0x39, 0x6D, 0x98, 0xC4, 0x7E, 0x02, 0x7D, 0xF2, 0x22, 0xBC, 0x1D,
    0xF0, 0x73, 0x82, 0xB7, 0xA9, 0x24, 0xD5, 0x08, 0x8F, 0xC5, 0xA8, 0x18, 0xE2, 0xED, 0x8C, 0xC0,
    0x80, 0xDB, 0x05, 0xBD, 0x6F, 0x37, 0xD1, 0x63, 0xD8, 0x6C, 0xCD, 0x36, 0x4E, 0x0F, 0xAD, 0x51,
    0xD0, 0x67, 0xB3, 0x5A, 0xF9, 0xC8, 0x4E, 0x2A, 0xEC, 0x64, 0xF8, 0xC9, 0x30, 0x94, 0xE1, 0x28,
    0x8F, 0xA5, 0x0C, 0x4F, 0x19, 0x86, 0xF2, 0x67, 0x76, 0x78, 0x5B, 0x5D, 0xC9, 0xE1, 0x2B, 0x7F,
    0xF6, 0x82, 0x3E, 0xDB, 0xCA, 0x49, 0x2A, 0xC4, 0xDF, 0x49, 0x8D, 0x41, 0x3F, 0x54, 0x38, 0xAC,
    0xC6, 0x0A, 0x8B, 0xA9, 0xC6, 0xA3, 0x17, 0x28, 0x4C, 0xE6, 0x70, 0xD9, 0xBB, 0x2B, 0x9D, 0x18,
    0x3D, 0x4B, 0xD2, 0x0E, 0xE1, 0x48, 0xF5, 0xC7, 0x0E, 0xED, 0x63, 0x10, 0x80, 0x91, 0x52, 0x3F,
    0x3E, 0x32, 0x5C, 0x15, 0xC9, 0xF6, 0x6D, 0x14, 0xD0, 0x7F, 0x8F, 0xBF, 0x4B, 0x69, 0xF7, 0x63,
    0xFC, 0xC7, 0xCB, 0xB0, 0x3B, 0x5E, 0xC4, 0x9F, 0x5D, 0x15, 0x0F, 0x2F, 0x5F, 0x6A, 0x82, 0xC0,
    0x4C, 0x6B, 0xC2, 0x4F, 0x81, 0xDE, 0xBD, 0xF4, 0x9D, 0x0E, 0x65, 0xA0, 0x30, 0x6C, 0x61, 0xC3,
    0x16, 0xE9, 0x59, 0xE4, 0x64, 0x71, 0x5E, 0x63, 0x68, 0x46, 0xDB, 0x07, 0xB4, 0x1B, 0x62, 0x3C,
    0x99, 0xB1, 0x1D, 0x14, 0xE0, 0x7F, 0xF3, 0x20, 0x68, 0x4A, 0x20, 0x7B, 0xBE, 0x50, 0xF7, 0x77,
    0xFC, 0xD4, 0x4B, 0xDD, 0x1D, 0x63, 0x03, 0xC7, 0x0F, 0x86, 0xBA, 0x12, 0x89, 0x34, 0xB4, 0xDE,
    0x47, 0x74, 0x14, 0xA8, 0x19, 0x10, 0x3E, 0x4B, 0x6D, 0x4A, 0x87, 0x34, 0x2F, 0x8D, 0x79, 0xA9,
    0x9C, 0xA9, 0xD3, 0x2F, 0xE2, 0xFE, 0x69, 0xFF, 0xE6, 0xD7, 0x36, 0xD3, 0x18, 0xC5, 0x3A, 0xC0,
    0xF8, 0xF9, 0xCD, 0x57, 0x25, 0x5D, 0xF0, 0x2F, 0x25, 0x9D, 0x54, 0xA4, 0x2A, 0xDA, 0xF9, 0x17,
    0xED, 0x2C, 0x15, 0x30, 0x60, 0xC3, 0x72, 0x28, 0x5C, 0x69, 0x20, 0xB9, 0xB1, 0x45, 0x3F, 0x70,
    0x50, 0x93, 0xE2, 0xF5, 0xA9, 0xD4, 0x6F, 0x5E, 0x5D, 0x52, 0xA0, 0xA4, 0x26, 0x65, 0x91, 0xC8,
    0xAF, 0x0D, 0xD5, 0x6E, 0x28, 0x4E, 0xDD, 0x20, 0x39, 0x33, 0x48, 0xD2, 0x62, 0x0C, 0x31, 0x0B,
    0xD7, 0x8C, 0x9A, 0x69, 0x60, 0xC3, 0x98, 0x4C, 0xB8, 0xD0, 0x2C, 0xDC, 0x61, 0xFA, 0x22, 0x0B,
    0x9C, 0x7F, 0x8C, 0xBF, 0x3F, 0x0D, 0xE3, 0x15, 0x31, 0x01, 0x9C, 0x93, 0x84, 0x70, 0x99, 0x91,
    0x69, 0x36, 0x98, 0x1C, 0x9C, 0x7F, 0x83, 0xC7, 0x39, 0x31, 0x79, 0x9A, 0x70, 0x20, 0xE6, 0x49,
    0x64, 0x46, 0x62, 0x0A, 0x11, 0x04, 0xF7, 0x14, 0xF6, 0x0E, 0x93, 0x85, 0x99, 0x5E, 0x7B, 0x9E,
    0x7E, 0x93, 0x4A, 0x00, 0x50, 0x12, 0x52, 0x07, 0xAB, 0xEF, 0xE4, 0x4D, 0x41, 0x33, 0x0D, 0xC7,
    0x0B, 0x56, 0xB0, 0xB8, 0xB6, 0x0A, 0x57, 0x34, 0xC4, 0xE9, 0xD7, 0x02, 0x1A, 0xBA, 0x51, 0x3D,
    0x7A, 0x12, 0x9C, 0x9A, 0x38, 0xFD, 0x9F, 0x70, 0x50, 0x4A, 0x62, 0x7C, 0x61, 0x70, 0x71, 0xF5,
    0xAA, 0x97, 0xD6, 0x4F, 0x6F, 0x06, 0xA4, 0x27, 0x72, 0x17, 0xFA, 0x37, 0x2F, 0x8B, 0xCF, 0xA7,
    0x49, 0xD9, 0x7C, 0x47, 0xAC, 0x41, 0xE7, 0xE7, 0xCE, 0x08, 0x71, 0x12, 0xCC, 0x8E, 0xE3, 0xD0,
    0xB1, 0x12, 0x90, 0x7C, 0x12, 0x1A, 0xA7, 0xC2, 0x40, 0x5C, 0xCD, 0x53, 0x15, 0x75, 0x6E, 0xBD,
    0xDB, 0x44, 0x35, 0xD3, 0x2F, 0x0B, 0xE8, 0xD9, 0xA7, 0x42, 0xE8, 0x9A, 0x19, 0x61, 0xDF, 0x22,
    0xEC, 0x5C, 0x08, 0xF7, 0x33, 0x42, 0xA5, 0x3F, 0x91, 0x55, 0x4F, 0xD5, 0x15, 0x71, 0x4A, 0x32,
    0x05, 0x0C, 0xDA, 0xFF, 0x33, 0x02, 0x40, 0x5B, 0x51, 0x35, 0x4D, 0xDA, 0x6C, 0x83, 0x11, 0xCD,
    0x5E, 0xAE, 0x96, 0x03, 0xB4, 0xB3, 0xDB, 0x77, 0x56, 0x00, 0xDA, 0xDF, 0x7A, 0x02, 0x70, 0x69,
    0x3D, 0x0B, 0xCC, 0x62, 0xAD, 0x79, 0x28, 0x48, 0x26, 0xA1, 0x81, 0xC1, 0xA6, 0x78, 0xF8, 0x12,
    0x60, 0x14, 0x15, 0x8A, 0x30, 0xAF, 0xA9, 0xC6, 0x83, 0x00, 0x7A, 0x05, 0xF7, 0x8C, 0xE0, 0xE6,
    0x51, 0x9C, 0x7B, 0x83, 0x91, 0x09, 0x26, 0xA6, 0x0D, 0x3A, 0x72, 0x02, 0xDE, 0x8F, 0x2E, 0x2F,
    0x7F, 0x0B, 0x98, 0xAB, 0x61, 0x2C, 0x3F, 0x4D, 0x8C, 0x7B, 0x96, 0x40, 0x68, 0xE3, 0xE0, 0x98,
    0x0C, 0x9F, 0x1A, 0x0E, 0xB2, 0x38, 0x43, 0xAF, 0x12, 0x22, 0xC9, 0x8A, 0x8E, 0xAF, 0x06, 0x76,
    0x43, 0xB1, 0xB8, 0x87, 0x14, 0x71, 0x36, 0x20, 0x23, 0x65, 0xDC, 0xA8, 0x59, 0x65, 0x6B, 0xC3,
    0xA8, 0x1B, 0x1B, 0x36, 0x08, 0x21, 0xF8, 0x6A, 0x40, 0x5C, 0x70, 0xDE, 0xB9, 0xC0, 0x38, 0xD9,
    0x9B, 0xFB, 0x70, 0x5B, 0x32, 0x9A, 0x46, 0x13, 0xE9, 0xF7, 0x38, 0x5B, 0xDE, 0xF8, 0x33, 0x3F,
    0x8D, 0x88, 0x76, 0x60, 0x74, 0xAC, 0xF4, 0x8F, 0x61, 0xEF, 0xD4, 0x8D, 0x84, 0xC4, 0x2E, 0xEC,
    0x41, 0xA5, 0xC7, 0x44, 0xF8, 0x11, 0xF1, 0x7E, 0x84, 0x1A, 0x14, 0xD9, 0x8D, 0x59, 0xC1, 0xA3,
    0xDB, 0x92, 0xE2, 0x14, 0x4E, 0x83, 0x79, 0x87, 0x47, 0x35, 0xCA, 0xFE, 0x61, 0xB1, 0x86, 0x63,
    0x4B, 0xF0, 0x0A, 0xED, 0xCF, 0xE5, 0xA4, 0xA0, 0x13, 0xA0, 0xB1, 0x60, 0x7D, 0x09, 0xFB, 0x62,
    0xBE, 0x49, 0xCA, 0xF7, 0x6D, 0xDA, 0xA7, 0xB2, 0x77, 0xD4, 0x12, 0xFD, 0xDA, 0x24, 0x33, 0x1E,
    0xDA, 0x03, 0x07, 0x04, 0x78, 0xDD, 0xF8, 0x2B, 0x31, 0xE8, 0x85, 0x6E, 0x1A, 0xF9, 0x69, 0xE0,
    0xFD, 0x7B, 0xB6, 0x53, 0x78, 0x5B, 0xAD, 0x0B, 0xB3, 0x5E, 0x04, 0xD1, 0x68, 0x85, 0x6E, 0x28,
    0x22, 0x0F, 0xDE, 0x7E, 0xE4, 0xC7, 0x7E, 0x54, 0x89, 0x3C, 0x90, 0xCF, 0x5E, 0xDD, 0x0F, 0xDC,
    0xE6, 0x80, 0x00, 0x9F, 0x42, 0x98, 0x2D, 0x29, 0x61, 0x3D, 0x49, 0x1F, 0x56, 0xC7, 0x5B, 0x1B,
    0x99, 0x01, 0x8B, 0x26, 0x34, 0x61, 0xDC, 0x48, 0x0A, 0xDF, 0x6C, 0xDB, 0x66, 0x60, 0x98, 0xF1,
    0x3C, 0x3E, 0x90, 0xF0, 0x85, 0x9E, 0x68, 0x95, 0x64, 0x84, 0x44, 0x91, 0x16, 0x4B, 0xCF, 0x61,
    0x1A, 0x78, 0xE4, 0x2A, 0x3C, 0xC0, 0xE8, 0x5F, 0x10, 0x44, 0x01, 0xFE, 0xBB, 0x7C, 0x00, 0x3E,
    0x28, 0x63, 0x93, 0x3B, 0xA4, 0x7E, 0x8C, 0x0B, 0x2C, 0x20, 0x16, 0x89, 0xA7, 0x00, 0x9D, 0x48,
    0xED, 0x20, 0xF7, 0xFD, 0xBA, 0x38, 0x05, 0x23, 0x08, 0x3C, 0x8F, 0x16, 0x8B, 0xC3, 0x32, 0xC0,
    0x40, 0x27, 0x0C, 0x0D, 0xDA, 0x57, 0xDB, 0x3A, 0xE9, 0x48, 0x67, 0x85, 0xB5, 0xE8, 0x54, 0x99,
    0x7D, 0x16, 0x76, 0x56, 0x1E, 0x65, 0x1D, 0xE7, 0xB1, 0x50, 0x1B, 0x50, 0x2A, 0xA6, 0x2E, 0x80,
    0x12, 0x4F, 0xD7, 0xC5, 0xFC, 0x14, 0x8C, 0xFF, 0x78, 0xF5, 0x3F, 0xD4, 0x2A, 0x20, 0x7D, 0x5B,
    0x81, 0x95, 0xA0, 0x05, 0x37, 0x9D, 0x63, 0xB7, 0xE5, 0x81, 0xD5, 0x08, 0x3B, 0x11, 0x00, 0xD1,
    0xBF, 0x23, 0xBC, 0xD7, 0x96, 0xDA, 0xDC, 0xCB, 0xDC, 0x76, 0x9C, 0xC5, 0x9A, 0xD2, 0xAF, 0x97,
    0xF5, 0xEE, 0x8A, 0x56, 0x30, 0x99, 0x96, 0x59, 0xD0, 0x72, 0x37, 0xDB, 0x9D, 0xD5, 0x3B, 0x92,
    0x8C, 0x45, 0x4D, 0x4B, 0xBD, 0x76, 0x05, 0x2D, 0x0B, 0x86, 0x45, 0x5E, 0xD0, 0x05, 0x68, 0xDF,
    0x02, 0xFA, 0x1E, 0x8D, 0x11, 0xC9, 0x57, 0xC9, 0xEB, 0xF4, 0x52, 0xE1, 0xAD, 0x8B, 0x37, 0x74,
    0x4F, 0x41, 0x8C, 0x91, 0x26, 0x87, 0x97, 0xCD, 0x27, 0x31, 0xBD, 0x12, 0x61, 0xD2, 0xCB, 0xA8,
    0xE1, 0x4B, 0xE4, 0x5F, 0x30, 0xD6, 0x6F, 0xD0, 0x6B, 0x0D, 0x45, 0x76, 0xF6, 0x1A, 0xCF, 0x69,
    0x6C, 0xB2, 0x7F, 0x49, 0xF8, 0xFF, 0x14, 0x69, 0x22, 0x52, 0x34, 0x62, 0x92, 0xC9, 0x59, 0x45,
    0x52, 0xDF, 0x0E, 0x32, 0xF5, 0xD2, 0x63, 0xC3, 0x2E, 0x9A, 0x78, 0xB1, 0x95, 0x2A, 0xA2, 0x73,
    0x91, 0x1C, 0xDC, 0x2A, 0x34, 0xE8, 0xA6, 0x6A, 0xE7, 0xFC, 0x12, 0x9B, 0xF9, 0xB2, 0x36, 0xE2,
    0x0B, 0x5A, 0x6F, 0x23, 0xBE, 0xCD, 0x9A, 0x52, 0xB6, 0x60, 0x65, 0xFC, 0xCA, 0xF3, 0x2D, 0x6C,
    0xA8, 0x2E, 0x34, 0x61, 0x0F, 0xA0, 0x22, 0x43, 0x0C, 0x9F, 0xA5, 0x97, 0x47, 0x88, 0x2E, 0x12,
    0x56, 0x5D, 0x32, 0xDF, 0xF9, 0xE5, 0x84, 0xF8, 0x02, 0xE2, 0xB6, 0x15, 0xAA, 0xB2, 0x17, 0x3A,
    0x0B, 0xC2, 0x0C, 0x94, 0xB7, 0x39, 0x8E, 0x82, 0xCC, 0xA9, 0x8B, 0xC9, 0x2D, 0x34, 0xC3, 0xCF,
    0x05, 0x40, 0x29, 0x51, 0x31, 0x0D, 0x8A, 0xDF, 0x27, 0xAB, 0x5C, 0x28, 0x24, 0xB1, 0xFE, 0xC3,
    0x0B, 0x71, 0x9B, 0x64, 0xB2, 0x94, 0x57, 0xC0, 0x8F, 0x84, 0x16, 0x59, 0x20, 0x98, 0x59, 0xFE,
    0x7C, 0x3F, 0xBB, 0xA4, 0xBF, 0xD9, 0xF0, 0x38, 0xDC, 0xE2, 0x05, 0xF8, 0xFD, 0x65, 0xA0, 0xF5,
    0xF3, 0xF0, 0xB7, 0x00, 0x7F, 0x8B, 0xF4, 0x77, 0x16, 0xFE, 0x4E, 0x03, 0x7A, 0x5D, 0xFD, 0x57,
    0x00, 0xAA, 0x1D, 0x6E, 0x53, 0xCC, 0x72, 0x2B, 0x29, 0xF7, 0xD8, 0x60, 0xB3, 0xA4, 0x29, 0xA5,
    0xD4, 0x95, 0x11, 0x69, 0xA5, 0x8C, 0xF1, 0x91, 0xED, 0x06, 0x18, 0x45, 0x19, 0xC4, 0x38, 0x4F,
    0x74, 0x07, 0x42, 0xCF, 0x6D, 0xB0, 0xCF, 0xEC, 0xA4, 0xD7, 0x96, 0xC1, 0x4F, 0x8E, 0x2D, 0x72,
    0x83, 0x77, 0x90, 0x05, 0x52, 0x12, 0xBA, 0x83, 0xE4, 0x14, 0x23, 0x78, 0x4F, 0x8B, 0x7D, 0x6E,
    0x2B, 0xF2, 0x28, 0x2D, 0x2F, 0x4B, 0x1E, 0xCD, 0x66, 0x47, 0xA7, 0x65, 0xF4, 0xC1, 0x7C, 0x32,
    0x76, 0xD2, 0x5A, 0x11, 0xC6, 0xFF, 0xCD, 0xD0, 0xEC, 0x08, 0xBA, 0x8C, 0xD3, 0x08, 0xA4, 0x81,
    0x89, 0x3D, 0xAB, 0x39, 0xD7, 0x6B, 0x05, 0xAB, 0x3E, 0x29, 0x1A, 0x93, 0x62, 0xCD, 0xFB, 0xAD,
    0x9A, 0x87, 0xBF, 0x8A, 0x5D, 0xF8, 0xEF, 0x8D, 0x4C, 0x98, 0x80, 0xE5, 0xE1, 0x4B, 0xA3, 0x44,
    0x86, 0xB9, 0x94, 0x05, 0xB7, 0x3D, 0x91, 0xC5, 0xB1, 0x0E, 0x03, 0x6F, 0x4A, 0x49, 0xB8, 0xD2,
    0x33, 0xF1, 0xA4, 0xFF, 0xE2, 0x29, 0xAF, 0x4E, 0x5E, 0x78, 0xF2, 0xA2, 0xEA, 0xBF, 0x0C, 0x81,
    0xC9, 0xFE, 0x57, 0x26, 0xB2, 0x40, 0xDD, 0xC1, 0xF7, 0xFF, 0x13, 0xAF, 0x48, 0x17, 0xF8, 0xE6,
    0xEB, 0x0D, 0x41, 0x57, 0xD7, 0x85, 0x75, 0x33, 0x45, 0xB7, 0xC1, 0x00, 0x12, 0x27, 0x8F, 0xB8,
    0xB2, 0x9E, 0xE3, 0x59, 0x37, 0xCC, 0xDB, 0xC9, 0x6F, 0xE4, 0xAD, 0x64, 0x8B, 0xFF, 0x65, 0x6B,
    0xE3, 0xEC, 0x8C, 0x20, 0x01, 0xD3, 0xA2, 0xD1, 0x31, 0x52, 0x32, 0x79, 0xC9, 0x48, 0x98, 0x11,
    0xA4, 0x57, 0x66, 0x73, 0x6E, 0x90, 0x0E, 0xC4, 0x31, 0x28, 0xCA, 0xD0, 0x77, 0x18, 0x4B, 0x96,
    0xF4, 0x5E, 0x52, 0x80, 0x6B, 0xF9, 0x33, 0xE8, 0xD1, 0x80, 0xD9, 0x05, 0xC6, 0x0D, 0x03, 0xF5,
    0x08, 0x07, 0x82, 0x84, 0x91, 0xF3, 0x31, 0x3E, 0x54, 0xC0, 0x04, 0x03, 0x96, 0x0B, 0x9F, 0xCA,
    0x41, 0x9C, 0x69, 0xF3, 0x39, 0x3F, 0x14, 0xC0, 0x50, 0xDA, 0x52, 0x03, 0xB5, 0x7C, 0x54, 0x92,
    0x3D, 0x2A, 0x61, 0x84, 0x1F, 0xC4, 0xC5, 0x0F, 0x2C, 0x5E, 0x50, 0x4C, 0xF8, 0xD2, 0x2E, 0xAD,
    0x40, 0x5B, 0xE8, 0x96, 0x91, 0x00, 0xF7, 0xA4, 0x9D, 0x60, 0x4B, 0xFF, 0xF0, 0x54, 0xF0, 0xE8,
    0xF3, 0x29, 0xB6, 0x48, 0x72, 0x1F, 0x0C, 0x1D, 0xFE, 0x3D, 0x12, 0x6B, 0x4B, 0x10, 0x99, 0x12,
    0x8D, 0x4E, 0xEF, 0x62, 0xD7, 0xDC, 0xCD, 0x3D, 0xA4, 0xFE, 0x9B, 0xD7, 0x06, 0x10, 0xC9, 0x84,
    0xAA, 0x90, 0xCD, 0x72, 0xC4, 0xCC, 0x09, 0x15, 0x6A, 0x49, 0x6C, 0x52, 0x58, 0xCE, 0xD1, 0x56,
    0xD0, 0x05, 0x25, 0x72, 0x09, 0x5F, 0xD5, 0x58, 0x78, 0x97, 0x00, 0x23, 0x46, 0xB5, 0x21, 0xED,
    0x57, 0x06, 0x84, 0xBD, 0x5E, 0x92, 0x34, 0x57, 0x77, 0x8B, 0xE5, 0x74, 0x6E, 0x07, 0xD0, 0xB5,
    0x3C, 0xFD, 0x0A, 0xD3, 0x52, 0x31, 0x40, 0x1D, 0x00, 0xE3, 0x13, 0x33, 0x70, 0x6F, 0x85, 0x1C,
    0xEC, 0x91, 0xC2, 0xDE, 0xB9, 0x05, 0x98, 0x34, 0xC9, 0x9D, 0xB9, 0xD5, 0x22, 0x85, 0x69, 0xA5,
    0xC9, 0xD3, 0x74, 0x62, 0xE2, 0x15, 0x08, 0x32, 0x3A, 0x34, 0x2C, 0x40, 0xF5, 0x49, 0x4C, 0x4E,
    0x35, 0x79, 0xD4, 0x1C, 0xDF, 0x31, 0x23, 0x69, 0x18, 0x11, 0x20, 0x57, 0x95, 0x7B, 0x03, 0xC6,
    0x11, 0xF9, 0x08, 0xC2, 0xBF, 0xB1, 0x4C, 0xB6, 0x19, 0xC5, 0x94, 0x13, 0x19, 0x30, 0x90, 0x8E,
    0xB6, 0x24, 0x39, 0x00, 0xE5, 0xB5, 0x3C, 0xD6, 0x34, 0x05, 0x2A, 0x35, 0xA8, 0xF4, 0xA2, 0xB0,
    0x74, 0x60, 0xFC, 0xDF, 0x29, 0x55, 0xF1, 0xB2, 0xD4, 0x0D, 0xA0, 0xF4, 0xA4, 0xD2, 0x90, 0xA1,
    0x47, 0xE1, 0xFC, 0x8D, 0xE2, 0xDC, 0x68, 0x3F, 0xBA, 0xF8, 0xC1, 0xC2, 0x21, 0xFC, 0x27, 0x0B,
    0xBD, 0x16, 0xB3, 0xCC, 0x43, 0xAA, 0x33, 0x5A, 0xC0, 0xF8, 0x0A, 0x2F, 0xDE, 0xBB, 0xEC, 0x79,
    0x5A, 0x78, 0x73, 0xF6, 0x76, 0x1C, 0xF4, 0x55, 0x8A, 0x81, 0x49, 0xEE, 0x9B, 0x2B, 0x06, 0x5B,
    0x64, 0x0B, 0xBB, 0x69, 0xEB, 0xF5, 0xB4, 0x49, 0x7A, 0x95, 0xD2, 0x28, 0x09, 0xC9, 0x24, 0x8B,
    0xC3, 0x4A, 0xC8, 0xDD, 0xD6, 0x2D, 0xD2, 0x85, 0xF3, 0x99, 0x40, 0x43, 0xEB, 0xD0, 0x88, 0xB2,
    0xC0, 0x60, 0xA4, 0x93, 0x14, 0x66, 0xA4, 0x7D, 0x5B, 0x19, 0x03, 0xDD, 0xCE, 0x24, 0x98, 0x86,
    0x9D, 0xA1, 0x6F, 0x48, 0x40, 0x14, 0xFC, 0x39, 0x0C, 0x10, 0x0E, 0x74, 0xC4, 0xE6, 0xC4, 0xAB,
    0xBB, 0x8F, 0x70, 0x16, 0x43, 0x91, 0x72, 0x98, 0xD0, 0x90, 0xE5, 0x5A, 0xAC, 0x7A, 0xB7, 0x65,
    0xB6, 0xAF, 0xED, 0x08, 0xD5, 0xDD, 0xDB, 0x74, 0x5B, 0x58, 0xF8, 0x9C, 0x6C, 0xBF, 0x2D, 0x22,
    0x38, 0xD3, 0x4B, 0x91, 0x4D, 0xB6, 0x1D, 0x0A, 0x7B, 0x1C, 0x5C, 0x15, 0xAA, 0x36, 0x88, 0x75,
    0xD8, 0xAF, 0x19, 0x31, 0x08, 0xD7, 0x23, 0x0E, 0xC5, 0x14, 0x47, 0xFC, 0x00, 0x6D, 0xC6, 0x91,
    0x3A, 0xA9, 0x5C, 0x40, 0x77, 0x95, 0x54, 0xE5, 0x2A, 0x82, 0xFB, 0x67, 0x97, 0x00, 0xBD, 0x64,
    0xC3, 0xC5, 0xA4, 0x0B, 0x6F, 0x10, 0xA0, 0xA4, 0x56, 0xAA, 0xD7, 0x82, 0xBB, 0x84, 0x68, 0x84,
    0x21, 0x22, 0x13, 0x62, 0x52, 0xF8, 0x7C, 0xF0, 0x42, 0xEA, 0xBC, 0x75, 0xE8, 0x10, 0xC9, 0x30,
    0x85, 0xCF, 0x64, 0x93, 0xD2, 0x88, 0x5B, 0x37, 0x8E, 0xE7, 0x52, 0x00, 0x05, 0x4E, 0x76, 0x9E,
    0xE4, 0x60, 0xC1, 0x2C, 0x8B, 0x62, 0x3F, 0xA4, 0x68, 0x55, 0x31, 0xA5, 0x40, 0x93, 0x9D, 0x32,
    0xE7, 0x54, 0x93, 0x3C, 0x22, 0x98, 0x7A, 0xCC, 0x24, 0x6F, 0xCC, 0x38, 0x6D, 0xE6, 0x8B, 0x44,
    0xE3, 0x5C, 0x9B, 0x87, 0x53, 0x6A, 0xE3, 0x3A, 0x79, 0xD8, 0x68, 0x3B, 0xC8, 0x64, 0xC2, 0x5A,
    0xDB, 0x28, 0xC8, 0xBB, 0xCA, 0xD0, 0x8C, 0x9B, 0x82, 0xEA, 0x38, 0x11, 0x92, 0x09, 0xD6, 0x62,
    0x03, 0xBD, 0x9E, 0xE1, 0xE0, 0x21, 0x0C, 0xAE, 0x48, 0x21, 0x20, 0x05, 0x80, 0x64, 0x7E, 0xC5,
    0xF8, 0x3D, 0x99, 0xFE, 0xA3, 0x8C, 0xAC, 0x5C, 0x96, 0x00, 0x43, 0x22, 0x3A, 0xDF, 0x6C, 0x91,
    0xD2, 0x39, 0x15, 0x52, 0x33, 0x35, 0x74, 0x81, 0xC8, 0x6C, 0xF9, 0xBB, 0x08, 0xDB, 0x51, 0x2A,
    0xF7, 0x94, 0xCE, 0x6D, 0x1B, 0x54, 0x3A, 0x20, 0xC5, 0x8A, 0x16, 0xB2, 0xD5, 0x56, 0x56, 0xCB,
    0xA0, 0x83, 0x36, 0x5E, 0x26, 0x99, 0xAB, 0x99, 0xE1, 0x9D, 0x7D, 0x99, 0x0B, 0xEF, 0xE4, 0x4F,
    0x73, 0x09, 0xF3, 0xAC, 0x64, 0x03, 0xB3, 0xB2, 0x3A, 0x86, 0x97, 0x35, 0xC1, 0xDE, 0xF6, 0x68,
    0x66, 0x2F, 0x9F, 0x91, 0x11, 0x55, 0x8D, 0x5A, 0x1A, 0x8A, 0x95, 0xCC, 0x76, 0xE0, 0x53, 0x33,
    0xD2, 0x88, 0x25, 0x03, 0xFE, 0x32, 0x27, 0x0B, 0x02, 0x95, 0x5E, 0x5F, 0x4D, 0x59, 0x84, 0x06,
    0x0F, 0x5D, 0x4A, 0xB5, 0xB6, 0x96, 0x89, 0x50, 0x9B, 0x8D, 0x6D, 0x59, 0xA8, 0x91, 0x5E, 0x53,
    0xFD, 0x5E, 0x5E, 0xDA, 0x43, 0x84, 0x9E, 0x0A, 0xB3, 0x54, 0x7D, 0x90, 0x95, 0x79, 0xE8, 0x7F,
    0x1F, 0xE1, 0xF7, 0xF6, 0xF0, 0x9B, 0x75, 0xDC, 0xC8, 0x2A, 0x27, 0x6E, 0x69, 0xD0, 0xCC, 0x54,
    0xC3, 0x60, 0xB5, 0xB2, 0x0B, 0xFE, 0x7B, 0x2E, 0x55, 0x9B, 0x61, 0xC4, 0xCD, 0x2E, 0x28, 0x66,
    0x58, 0x30, 0x77, 0xB7, 0x34, 0xA5, 0x0F, 0x57, 0x94, 0xAC, 0xC8, 0xB8, 0xFF, 0x5D, 0xBE, 0xFE,
    0xAB, 0xDC, 0x58, 0xC4, 0x43, 0x17, 0x96, 0xEE, 0x93, 0xF0, 0x38, 0x47, 0xD9, 0x86, 0xBD, 0x7C,
    0x70, 0xB1, 0x22, 0x33, 0x19, 0x23, 0xD4, 0xF9, 0x91, 0xBE, 0xED, 0xBC, 0x0C, 0x31, 0xD9, 0x49,
    0x7E, 0x34, 0xE5, 0x48, 0x9A, 0x1C, 0x19, 0x1D, 0xF6, 0x65, 0xCF, 0xC3, 0x5C, 0x8C, 0xC9, 0xFF,
    0x4D, 0x02, 0x6C, 0xB0, 0x5F, 0x01, 0x7B, 0x68, 0x79, 0xC9, 0x4F, 0x6B, 0x5E, 0x9A, 0x14, 0x25,
    0xCF, 0x9F, 0x69, 0xA7, 0x25, 0xF6, 0xC6, 0xDB, 0xA2, 0x8E, 0xA4, 0xB9, 0xF6, 0xE1, 0x1F, 0xC5,
    0x59, 0x1D, 0x9B, 0xA4, 0x65, 0xC5, 0x3A, 0xBA, 0xB2, 0xE9, 0x8B, 0xAA, 0xED, 0x37, 0xD2, 0xCC,
    0x08, 0x66, 0x49, 0x50, 0xFD, 0x65, 0xC0, 0x5D, 0xF1, 0xBF, 0x17, 0x30, 0x81, 0x0F, 0x58, 0x81,
    0x94, 0x01, 0x6E, 0x20, 0xD5, 0x56, 0x55, 0xF2, 0xFF, 0xA9, 0x26, 0xA7, 0x35, 0xB0, 0x18, 0x05,
    0x93, 0xF9, 0x46, 0x15, 0x06, 0xC1, 0x6F, 0x2D, 0x3F, 0x43, 0xB0, 0x32, 0xDF, 0x87, 0x92, 0xEB,
    0xC9, 0x1E, 0x5D, 0x4D, 0x53, 0x69, 0x83, 0x3F, 0x94, 0xF5, 0x98, 0xCA, 0xB9, 0xCE, 0x5C, 0xD5,
    0x52, 0xD3, 0x20, 0xB1, 0x61, 0xEC, 0x4C, 0x8B, 0x5D, 0x62, 0x11, 0x99, 0x06, 0xB5, 0x48, 0x14,
    0xB8, 0x3B, 0x2C, 0x66, 0x28, 0xC0, 0x92, 0x06, 0x30, 0xA4, 0x8B, 0x7E, 0x68, 0x21, 0x91, 0x47,
    0xC3, 0xB4, 0x1F, 0xC5, 0xA1, 0x8B, 0x01, 0x7D, 0xC5, 0x7A, 0x4C, 0x40, 0xAD, 0xB3, 0x83, 0x57,
    0x26, 0x4B, 0xFC, 0x32, 0x15, 0xBA, 0x5D, 0x21, 0x77, 0xAE, 0x42, 0x88, 0xAF, 0xC4, 0x62, 0xB5,
    0x49, 0xB6, 0x59, 0x0D, 0x14, 0x27, 0xC2, 0x60, 0x71, 0xC5, 0xCC, 0x6A, 0xBA, 0xDE, 0x59, 0x48,
    0x20, 0x85, 0x89, 0x95, 0x64, 0x16, 0x8A, 0xC9, 0x39, 0xC1, 0x24, 0x57, 0xFC, 0x55, 0x53, 0xEA,
    0x1E, 0x0C, 0xFF, 0x37, 0xC8, 0x81, 0x7C, 0x81, 0xEC, 0xC8, 0x05, 0x82, 0x70, 0x01, 0x63, 0xFF,
    0xB8, 0xAF, 0xD4, 0xD0, 0x2E, 0xF1, 0x6B, 0x68, 0xA1, 0x0C, 0x26, 0x40, 0x99, 0x27, 0x5E, 0x8F,
    0xE0, 0xB2, 0x53, 0xA9, 0xCE, 0x27, 0xE6, 0xF6, 0xEC, 0x22, 0xF0, 0xDE, 0x0A, 0x74, 0x1E, 0x04,
    0x64, 0xD7, 0xF6, 0xE6, 0xE6, 0xA5, 0x94, 0x4C, 0x85, 0x1D, 0xDA, 0x37, 0xC5, 0xF3, 0xD2, 0x5E,
    0xC8, 0x6F, 0xAA, 0xEA, 0x49, 0x0A, 0x4C, 0xE2, 0x31, 0x72, 0xA1, 0x77, 0xDD, 0x11, 0x6D, 0xD1,
    0x8E, 0x80, 0x63, 0x08, 0x09, 0xB4, 0x1A, 0x5A, 0x56, 0x35, 0xF4, 0x82, 0x6A, 0x48, 0x47, 0x5B,
    0x38, 0x6C, 0x5B, 0x88, 0xE4, 0x35, 0xC4, 0x71, 0x19, 0xC9, 0xA5, 0x8C, 0x01, 0xB4, 0xAD, 0x2B,
    0x68, 0x48, 0x55, 0xB1, 0x54, 0xC2, 0xBF, 0x79, 0x09, 0x93, 0x9B, 0xC0, 0x91, 0x2E, 0x9A, 0x34,
    0x26, 0x75, 0x70, 0x40, 0x75, 0x12, 0xC9, 0x09, 0xB0, 0x6F, 0x42, 0xDF, 0xB1, 0x22, 0xCD, 0x7E,
    0x39, 0x0D, 0x9D, 0xD5, 0x34, 0x80, 0x4B, 0x83, 0x22, 0xC6, 0x96, 0xDE, 0x7D, 0x86, 0x4C, 0xFB,
    0x35, 0xA9, 0x8B, 0xB6, 0xA4, 0xAF, 0xBE, 0x26, 0x03, 0x39, 0xAA, 0x02, 0x6A, 0x56, 0xE6, 0xD1,
    0x5C, 0xF9, 0x76, 0x24, 0xC6, 0x10, 0x6C, 0x7C, 0xE3, 0xE0, 0x19, 0xF2, 0x2D, 0xA2, 0x5C, 0x0C,
    0x82, 0xA2, 0x3C, 0x76, 0x4D, 0x09, 0x1D, 0x27, 0xC9, 0x9C, 0xB6, 0x2C, 0xBA, 0xB7, 0xA0, 0x3D,
    0x0C, 0xB2, 0xD9, 0xA8, 0xF6, 0xCF, 0x0D, 0x07, 0x90, 0x9C, 0x46, 0x11, 0x65, 0x67, 0xF0, 0x06,
    0x25, 0xFC, 0x21, 0xF6, 0x8D, 0x77, 0x5B, 0x92, 0xE4, 0xEC, 0xF0, 0x22, 0x2A, 0x4C, 0xFF, 0xDA,
    0xF3, 0x2D, 0xA4, 0xB4, 0x26, 0x62, 0x21, 0x91, 0x58, 0x78, 0x28, 0xB8, 0xCD, 0x4C, 0xC1, 0x41,
    0xA4, 0xCC, 0xEE, 0xAF, 0x64, 0xF0, 0x7D, 0xD4, 0xCF, 0x5C, 0x30, 0x6D, 0x85, 0x45, 0x35, 0x5B,
    0x8C, 0x16, 0x9B, 0x4F, 0x66, 0xB3, 0xDC, 0x9D, 0x64, 0xE2, 0x38, 0x89, 0x1D, 0x09, 0x3F, 0x00,
    0x1F, 0xC9, 0x0D, 0xE3, 0x45, 0x27, 0x1A, 0xE7, 0xF3, 0x08, 0x89, 0x7E, 0x5C, 0x7B, 0x05, 0xF0,
    0xF9, 0xF7, 0x22, 0x20, 0x6B, 0x6B, 0x40, 0x0C, 0x15, 0xC5, 0xE8, 0x63, 0x62, 0xF4, 0xD7, 0x85,
    0xEB, 0x8B, 0x11, 0xF8, 0xFE, 0xE3, 0x11, 0x40, 0x63, 0x46, 0x2A, 0x28, 0xBD, 0xAF, 0x36, 0xC7,
    0x91, 0xE1, 0x9D, 0x18, 0x40, 0x05, 0x24, 0x16, 0x43, 0x64, 0x81, 0x71, 0x5D, 0x95, 0x56, 0x8C,
    0xC4, 0x3F, 0x8D, 0xC4, 0x17, 0x23, 0xCC, 0xFF, 0x3A, 0x35, 0x51, 0x58, 0x47, 0xA4, 0xD6, 0xF0,
    0x3F, 0x1F, 0xF4, 0xF3, 0xF1, 0xD1, 0xD1, 0xD2, 0xE8, 0x4C, 0x69, 0xC6, 0x47, 0x9D, 0xE8, 0x5D,
    0x8F, 0x9C, 0x50, 0x45, 0xFB, 0xDC, 0xE4, 0x5C, 0xBD, 0x34, 0x53, 0x9A, 0xF0, 0x1B, 0x7E, 0x4D,
    0x86, 0x52, 0x7B, 0x65, 0xE3, 0x87, 0xF2, 0xD1, 0x5C, 0x68, 0x3B, 0xCB, 0xC4, 0x0A, 0x95, 0x89,
    0x8D, 0xB3, 0x4C, 0xEC, 0x07, 0x5C, 0x00, 0x57, 0x2C, 0xC0, 0xF7, 0x3E, 0x28, 0x04, 0x37, 0xB4,
    0x43, 0x2B, 0x32, 0x23, 0xA0, 0x93, 0x80, 0x7E, 0x99, 0xA0, 0x1C, 0x99, 0xC7, 0x30, 0xE1, 0x23,
    0x21, 0x16, 0x90, 0xB8, 0x89, 0x18, 0x03, 0x79, 0x5D, 0x46, 0xE0, 0x55, 0x0D, 0xDC, 0x14, 0x0C,
    0xD6, 0x1B, 0xE3, 0xDB, 0xE5, 0x6A, 0xEC, 0x83, 0x34, 0x30, 0x37, 0x37, 0x43, 0x90, 0x59, 0xC1,
    0xC0, 0x32, 0x25, 0x9E, 0x26, 0xCA, 0x8B, 0xA5, 0x2B, 0x13, 0xF5, 0x42, 0xCD, 0x8A, 0x59, 0xA0,
    0x98, 0x70, 0x03, 0x37, 0x19, 0xAD, 0x9F, 0xB9, 0x52, 0x5A, 0x9C, 0x1A, 0xA5, 0x41, 0x2B, 0x36,
    0x44, 0xA5, 0x85, 0xC4, 0xCA, 0x2F, 0x50, 0x8B, 0x7E, 0x93, 0x65, 0x10, 0x46, 0xA3, 0xE1, 0x4E,
    0x93, 0x65, 0x31, 0x59, 0xC3, 0x7B, 0x43, 0x0F, 0xA0, 0x1F, 0x18, 0xAB, 0x9C, 0x27, 0x09, 0x87,
    0xD2, 0x19, 0x30, 0x3A, 0x3E, 0x23, 0x6A, 0x33, 0x19, 0x9E, 0x93, 0x05, 0x11, 0x8F, 0x4B, 0x66,
    0x37, 0x76, 0x38, 0x52, 0x3B, 0x32, 0x24, 0xC5, 0xE2, 0xB5, 0x2D, 0xA0, 0xD1, 0xC4, 0xFE, 0xC3,
    0x34, 0x44, 0x63, 0x64, 0xEA, 0x39, 0x65, 0x81, 0x3B, 0x80, 0xFB, 0x62, 0xD3, 0x6B, 0xFA, 0x0D,
    0xAF, 0x6E, 0xD5, 0x98, 0x42, 0xC7, 0xE0, 0x27, 0x1E, 0x98, 0xC5, 0x7E, 0xE4, 0x47, 0xC5, 0xC4,
    0xAD, 0xD9, 0x35, 0xAB, 0x6E, 0xD6, 0x8D, 0x06, 0xF8, 0xD2, 0x4D, 0x4A, 0xFB, 0x2E, 0xE8, 0x3F,
    0x2C, 0xD3, 0x19, 0x97, 0x5E, 0xF1, 0x16, 0x8C, 0x73, 0x52, 0x01, 0x85, 0x51, 0x8D, 0xEC, 0x38,
    0x6D, 0xA5, 0x11, 0x68, 0xA5, 0x10, 0x73, 0x04, 0x1E, 0x0A, 0xBE, 0x9B, 0x4B, 0x24, 0x69, 0xB1,
    0x94, 0x06, 0x39, 0xD3, 0x68, 0xC8, 0x98, 0xF2, 0x15, 0x19, 0x90, 0xCF, 0x0B, 0xF3, 0x59, 0x19,
    0x74, 0x9A, 0x90, 0xBE, 0x8B, 0x2C, 0x39, 0x0A, 0xA6, 0x81, 0x85, 0xE3, 0x45, 0xDC, 0xF9, 0x20,
    0xE4, 0xA3, 0x4A, 0xE4, 0xBE, 0x18, 0x55, 0x6E, 0x56, 0x59, 0xC3, 0x84, 0x44, 0x2C, 0x6E, 0xFA,
    0xD3, 0x16, 0x56, 0x05, 0x2D, 0xB1, 0x9A, 0xE6, 0xD8, 0x42, 0x53, 0xEF, 0xCE, 0xF7, 0xA8, 0xC3,
    0x38, 0xAD, 0x77, 0x59, 0xB9, 0x45, 0x21, 0xE7, 0x26, 0x70, 0x07, 0x16, 0xB0, 0xAB, 0xC0, 0xFE,
    0xD0, 0x2C, 0x50, 0xC0, 0x18, 0x85, 0x85, 0xFD, 0x04, 0x0C, 0x0F, 0x00, 0x31, 0x72, 0x40, 0xF0,
    0x56, 0x51, 0x90, 0x80, 0x33, 0x63, 0xA1, 0x32, 0xC7, 0x06, 0x80, 0xF2, 0xBD, 0x1B, 0x20, 0x4E,
    0x7E, 0x06, 0xF0, 0x63, 0xCC, 0xA1, 0x52, 0x17, 0xB2, 0x86, 0x09, 0x83, 0x4F, 0x55, 0xF8, 0x04,
    0x22, 0x00, 0xF5, 0x1E, 0x08, 0x8F, 0xD0, 0x35, 0xD2, 0x68, 0x56, 0x78, 0xD1, 0x02, 0x30, 0xCE,
    0x82, 0xB0, 0xE2, 0x0B, 0xC0, 0xA3, 0x15, 0xB1, 0x1A, 0x55, 0x52, 0x82, 0x0E, 0xA8, 0xB7, 0x05,
    0xC6, 0x4F, 0x03, 0x2B, 0xE0, 0x74, 0xAF, 0xE6, 0xA5, 0x62, 0xF2, 0xDF, 0xDB, 0x86, 0x7E, 0xA0,
    0x86, 0x69, 0x61, 0xA8, 0x52, 0x18, 0xDB, 0x7F, 0x92, 0xD3, 0x86, 0xAE, 0xCC, 0x6E, 0xA0, 0x1F,
    0x87, 0x49, 0x5C, 0x20, 0x18, 0x1E, 0x89, 0x3A, 0xC7, 0xF0, 0x31, 0xA5, 0x81, 0xE4, 0x42, 0x26,
    0xA8, 0x1A, 0x89, 0x1E, 0x16, 0x19, 0x1A, 0xA6, 0x01, 0x92, 0x56, 0x74, 0x8E, 0xC2, 0xEE, 0xA8,
    0x00, 0xC1, 0x75, 0x72, 0x23, 0x2F, 0x02, 0x50, 0x81, 0x4A, 0x3D, 0x6C, 0xF6, 0x1C, 0xB6, 0x4B,
    0x88, 0x82, 0xE6, 0x77, 0xD0, 0xB7, 0xBB, 0x88, 0x31, 0x15, 0x1F, 0x4D, 0x8B, 0xE2, 0xA7, 0xB1,
    0x0B, 0xDF, 0x81, 0xBE, 0x38, 0xDF, 0x25, 0xC7, 0x4E, 0x65, 0x11, 0xD8, 0xA5, 0x6D, 0xE8, 0xC2,
    0xC4, 0x2D, 0xA1, 0xA2, 0xF2, 0x6D, 0x95, 0x66, 0x1C, 0xB6, 0x27, 0x7F, 0xD1, 0xD4, 0x45, 0x9D,
    0x64, 0x1D, 0x3A, 0x94, 0x96, 0xC1, 0x94, 0xCE, 0x69, 0x54, 0xD2, 0xB3, 0xE8, 0x06, 0x2D, 0x20,
    0xB0, 0x97, 0x51, 0xD5, 0xD5, 0x6D, 0xAC, 0x72, 0x81, 0xAB, 0xAD, 0x04, 0x80, 0x75, 0x22, 0x80,
    0xD4, 0xC5, 0x60, 0x1D, 0x8E, 0x60, 0xE0, 0x63, 0x21, 0xCB, 0x22, 0xA6, 0xE9, 0x16, 0x10, 0x3F,
    0x73, 0x68, 0x32, 0x4C, 0x65, 0x19, 0x88, 0x3C, 0x09, 0x20, 0x1F, 0x0A, 0x90, 0xF9, 0x26, 0x88,
    0x7A, 0x1B, 0xAD, 0xC6, 0x67, 0xEB, 0x62, 0x16, 0x28, 0x6C, 0x01, 0x68, 0x0B, 0xDF, 0x95, 0x57,
    0xB1, 0x22, 0x15, 0x6D, 0x4A, 0x54, 0xF4, 0x4D, 0xB0, 0x94, 0x77, 0xD4, 0x08, 0xC9, 0x34, 0x02,
    0xE6, 0x02, 0xB1, 0x5B, 0xD8, 0x2B, 0x0C, 0x38, 0x5B, 0xF2, 0xDD, 0x91, 0xD7, 0x64, 0x73, 0xCF,
    0xC9, 0xC5, 0x21, 0x0B, 0x2A, 0x2C, 0xCB, 0x25, 0xC7, 0x5C, 0x6E, 0xCC, 0xA5, 0xC6, 0x5C, 0x66,
    0xCC, 0x25, 0xC6, 0xAA, 0xBC, 0x98, 0xFD, 0x03, 0x4E, 0x95, 0xF0, 0x9E, 0xC3, 0x63, 0x3D, 0x9B,
    0xD4, 0x41, 0xA9, 0x85, 0x5C, 0xC9, 0xF0, 0x96, 0x2E, 0x15, 0xE6, 0x32, 0x61, 0x2E, 0x11, 0xE6,
    0xF2, 0x60, 0x2E, 0x0D, 0xE6, 0xB2, 0x60, 0x29, 0x0E, 0xF3, 0x4D, 0xEA, 0x64, 0x9C, 0x47, 0x35,
    0x42, 0xF0, 0xC2, 0x8A, 0xAC, 0x18, 0x63, 0x18, 0x26, 0x55, 0xD5, 0x00, 0x35, 0x7A, 0xC4, 0x2C,
    0x0D, 0x14, 0x77, 0xEC, 0xB2, 0x8A, 0x41, 0x12, 0xB4, 0x3B, 0x28, 0x20, 0xC0, 0x52, 0x85, 0x4B,
    0x4E, 0x93, 0x20, 0x9B, 0x27, 0xD1, 0xF2, 0xA8, 0x6A, 0x09, 0x90, 0xD7, 0x36, 0x32, 0xE3, 0x3A,
    0xEA, 0xB6, 0xA5, 0xA8, 0x87, 0x24, 0x0B, 0x12, 0x35, 0xCA, 0x83, 0x18, 0xDD, 0x12, 0xB4, 0x08,
    0x1A, 0xF8, 0x19, 0x6B, 0xDF, 0x90, 0x7F, 0x3C, 0xF4, 0x8F, 0xFD, 0xEB, 0xF0, 0xF1, 0x1C, 0x1A,
    0xC4, 0x6F, 0xE0, 0x8F, 0x43, 0x55, 0x88, 0xD1, 0x0F, 0xB5, 0x2A, 0x87, 0xEF, 0xF7, 0xEC, 0xA6,
    0x1C, 0x41, 0x8A, 0xD7, 0xC5, 0xD8, 0x65, 0xA3, 0x54, 0x76, 0xD3, 0xC4, 0x4F, 0x43, 0xE3, 0x5B,
    0x5D, 0x29, 0xE4, 0x39, 0xA2, 0xA1, 0xCB, 0xF4, 0xBA, 0x42, 0x22, 0xE5, 0x3C, 0xD1, 0xD6, 0x02,
    0x09, 0x5D, 0x7E, 0x71, 0x45, 0xD6, 0xE9, 0x7C, 0x39, 0x96, 0x7A, 0x15, 0x28, 0x54, 0x31, 0xAC,
    0xB5, 0xFD, 0x2C, 0x27, 0xAE, 0xBB, 0xB5, 0x59, 0x4D, 0x6B, 0xB3, 0xCF, 0xE5, 0xE3, 0x49, 0x03,
    0x52, 0x72, 0x9F, 0x96, 0xF2, 0xFD, 0xAC, 0x0C, 0x7D, 0x15, 0xE5, 0xBB, 0x4D, 0x26, 0xCA, 0x37,
    0x5A, 0x22, 0xF8, 0x46, 0x2E, 0xB1, 0x73, 0x7C, 0xD9, 0xF6, 0x0E, 0xD9, 0x61, 0x40, 0xFA, 0xCB,
    0x4D, 0x3E, 0xC2, 0x98, 0x2C, 0x3A, 0x59, 0x76, 0x98, 0x35, 0x83, 0xAC, 0x6D, 0x47, 0x1D, 0x4D,
    0xC5, 0xD9, 0x1B, 0x25, 0x22, 0xBE, 0xD1, 0xB7, 0x22, 0x71, 0xD6, 0xEB, 0x9D, 0x48, 0x3A, 0x58,
    0xA7, 0x32, 0xBE, 0x3B, 0xC0, 0xC5, 0xBE, 0x0B, 0x1F, 0x8F, 0xE3, 0xA5, 0x73, 0x78, 0xF1, 0x0B,
    0xA2, 0xD0, 0x80, 0x61, 0x5B, 0x98, 0x82, 0xDD, 0x05, 0x31, 0x7E, 0x45, 0x54, 0xDE, 0xAB, 0x9D,
    0x07, 0x5A, 0x49, 0xCE, 0x63, 0xFE, 0x63, 0x01, 0x25, 0xEE, 0x02, 0xFE, 0x78, 0x11, 0xB5, 0xC1,
    0x3D, 0x2E, 0x67, 0xEC, 0xD8, 0x2E, 0x48, 0x20, 0x64, 0x38, 0xC3, 0x96, 0x65, 0xD8, 0x85, 0x21,
    0x15, 0xBB, 0x63, 0xA3, 0xC0, 0xFB, 0xC9, 0x95, 0xB6, 0x58, 0xAB, 0xAD, 0x88, 0x58, 0xC6, 0x0F,
    0xAD, 0x98, 0x5D, 0x27, 0xBA, 0xA1, 0xA9, 0x6A, 0xBB, 0x52, 0x91, 0x77, 0x1B, 0xD8, 0x8D, 0x12,
    0xD2, 0x93, 0x12, 0xD2, 0x8F, 0xCA, 0x1D, 0xC9, 0xA5, 0x12, 0xCA, 0xAB, 0xCA, 0x55, 0xD5, 0xAA,
    0xB9, 0x0F, 0x33, 0x4A, 0x48, 0x48, 0x83, 0x56, 0xA5, 0xBF, 0xE3, 0xCC, 0xCF, 0x15, 0xEC, 0x6D,
    0x09, 0xE5, 0x70, 0xB5, 0xF9, 0x5C, 0x72, 0xC4, 0x6C, 0xF5, 0xBB, 0x46, 0xFB, 0x71, 0xE8, 0x05,
    0x89, 0x8F, 0x79, 0x89, 0x8F, 0x39, 0x89, 0x8F, 0xB2, 0xC4, 0xC7, 0x86, 0xC4, 0x47, 0xC4, 0xF8,
    0x00, 0x32, 0x25, 0x7C, 0x58, 0xF7, 0x2B, 0x3E, 0x3A, 0xB6, 0x2B, 0xA2, 0xB3, 0xF8, 0x40, 0x38,
    0xFA, 0xBB, 0x49, 0x1D, 0x31, 0x3B, 0xA7, 0x45, 0xB8, 0xFF, 0x13, 0x15, 0x17, 0xF3, 0x54, 0x29,
    0x82, 0x70, 0xB4, 0xE5, 0x94, 0x65, 0x9C, 0xB3, 0x49, 0x36, 0x63, 0x1D, 0x91, 0x39, 0x8D, 0x0B,
    0xED, 0x55, 0x6A, 0xC7, 0x32, 0xF3, 0x2D, 0xB3, 0x16, 0xA4, 0x87, 0x99, 0x39, 0x99, 0x99, 0x9F,
    0x99, 0xB9, 0x9A, 0x99, 0xB7, 0x99, 0x39, 0x9C, 0x42, 0xFB, 0x9C, 0x6C, 0xF2, 0x38, 0xEC, 0x16,
    0x4A, 0xCF, 0x53, 0xA1, 0x70, 0x51, 0x55, 0xBA, 0xB0, 0xA5, 0x24, 0x5D, 0x50, 0x04, 0x94, 0xBD,
    0x50, 0x21, 0x94, 0x23, 0x2A, 0xB4, 0x2F, 0x2A, 0x32, 0x77, 0x74, 0x77, 0x8F, 0xB4, 0xBB, 0xCE,
    0x63, 0x45, 0xC7, 0xE0, 0x75, 0x4A, 0x43, 0xFA, 0xA8, 0x39, 0x37, 0xB5, 0x97, 0xA7, 0xDA, 0x23,
    0x4F, 0x47, 0xF3, 0xD5, 0xF2, 0x47, 0xAB, 0xF3, 0x28, 0x5D, 0x40, 0xCB, 0x57, 0x15, 0x57, 0xF2,
    0xF8, 0x2C, 0x3B, 0x4D, 0x97, 0x5A, 0x7C, 0xA3, 0xEA, 0xFA, 0xE1, 0x14, 0x8B, 0x2A, 0x0F, 0x55,
    0x65, 0x18, 0x3C, 0x55, 0xCE, 0x12, 0xB5, 0x57, 0x29, 0xA8, 0x30, 0xAC, 0x53, 0xCB, 0xAA, 0x5C,
    0x0E, 0xBB, 0xC8, 0xB5, 0x2F, 0x8B, 0x6C, 0x1B, 0xED, 0x52, 0x5D, 0xD7, 0x10, 0x29, 0x6E, 0x56,
    0xD3, 0xBD, 0xD3, 0x0E, 0x76, 0x9C, 0xE8, 0x51, 0xA9, 0xD6, 0x4F, 0x45, 0xB3, 0x2C, 0x65, 0x8D,
    0x67, 0x64, 0x5B, 0xC3, 0x92, 0x01, 0x9C, 0xDF, 0x96, 0x52, 0xA2, 0xD1, 0xC1, 0x66, 0x32, 0x9C,
    0x72, 0x4C, 0xD6, 0x2A, 0x9C, 0x95, 0xFD, 0x97, 0x19, 0x1B, 0x91, 0x4A, 0x7C, 0x9C, 0x55, 0xAA,
    0xBC, 0xD1, 0x2E, 0xFF, 0x2C, 0xD5, 0xDE, 0xD6, 0x11, 0x9D, 0xB5, 0x15, 0xFF, 0xB8, 0x8C, 0x30,
    0xFB, 0xBA, 0xCA, 0xAB, 0x33, 0xA3, 0x16, 0xAF, 0xCB, 0xEF, 0xBF, 0x2F, 0xDA, 0x2A, 0x46, 0x74,
    0xDE, 0x35, 0x15, 0x6D, 0x85, 0x2F, 0x5D, 0x9B, 0x9C, 0x47, 0xF9, 0x82, 0x1A, 0x1F, 0xA6, 0x33,
    0xB3, 0x25, 0xC7, 0xE9, 0x8A, 0xB4, 0xA6, 0xA6, 0xFB, 0xB4, 0x88, 0xBB, 0x6F, 0xC6, 0x4B, 0x06,
    0xCF, 0x9C, 0x6F, 0x24, 0xD2, 0x6A, 0x63, 0x81, 0xEA, 0x5F, 0x97, 0x86, 0xC5, 0x97, 0xF9, 0xFF,
    0xD6, 0x4B, 0x89, 0xB4, 0xE6, 0x64, 0xF9, 0xAF, 0x54, 0x68, 0xCE, 0xDF, 0xF0, 0x78, 0x1A, 0x3D,
    0x73, 0xBB, 0xD2, 0xBC, 0xF0, 0xF9, 0x9F, 0xFF, 0x23, 0xCA, 0xE2, 0x06, 0x9A, 0x81, 0xA4, 0x06,
    0xAF, 0xB0, 0xDC, 0xB9, 0xC8, 0x77, 0x4B, 0xF6, 0x2B, 0xBD, 0x1E, 0xDC, 0xA2, 0x6B, 0x85, 0xC1,
    0x20, 0xAF, 0xE6, 0x24, 0x22, 0x25, 0x10, 0x47, 0x05, 0xD9, 0x07, 0x52, 0x81, 0x1F, 0x12, 0x60,
    0x7F, 0x58, 0x47, 0xC0, 0x2C, 0x34, 0x0B, 0x47, 0xD1, 0xBD, 0x43, 0xC0, 0xEC, 0x5A, 0x4C, 0x80,
    0xAD, 0xDF, 0x97, 0x80, 0x9D, 0xE7, 0x11, 0x4B, 0x69, 0xC4, 0x4C, 0x9E, 0x33, 0x41, 0x5F, 0x4E,
    0x70, 0x5C, 0x6D, 0x86, 0x85, 0xF1, 0x2C, 0xDB, 0x00, 0x67, 0xD9, 0x3B, 0xBC, 0xC7, 0x54, 0x2E,
    0xE3, 0xC8, 0x72, 0x32, 0xB4, 0xB4, 0x39, 0x65, 0xF9, 0x87, 0x33, 0xC5, 0x06, 0xFA, 0x4E, 0x5E,
    0x11, 0x4B, 0xC3, 0x77, 0x7B, 0xBE, 0xA7, 0x11, 0x72, 0x44, 0xEC, 0x77, 0x08, 0x98, 0x41, 0xB1,
    0x16, 0xD0, 0xD2, 0x35, 0x04, 0xCC, 0xE5, 0x19, 0xE7, 0xC5, 0xF7, 0x43, 0x04, 0x8C, 0x54, 0xF4,
    0x04, 0x87, 0x4C, 0x67, 0x78, 0x2A, 0xC2, 0xAC, 0x90, 0x95, 0x95, 0x94, 0x14, 0xE8, 0x6B, 0x62,
    0xC7, 0xC8, 0x2D, 0x00, 0xF6, 0x07, 0x09, 0x03, 0x96, 0x20, 0x60, 0xDE, 0xF5, 0x88, 0xB8, 0xF8,
    0xAD, 0x10, 0x01, 0x33, 0x5F, 0xAA, 0x21, 0x60, 0x36, 0x76, 0x65, 0x96, 0x2F, 0x39, 0x2B, 0x9C,
    0xB7, 0x23, 0x04, 0x8C, 0xD4, 0xDA, 0x3D, 0x14, 0xE9, 0xF9, 0x7C, 0x77, 0x28, 0x43, 0x49, 0x5F,
    0x81, 0x76, 0x3F, 0x0B, 0xA0, 0x7C, 0x0E, 0x4C, 0x96, 0xAF, 0xD7, 0xE0, 0xA7, 0xB1, 0x28, 0xBE,
    0xB3, 0x0B, 0x39, 0xDF, 0xED, 0x7C, 0x90, 0x3B, 0xFD, 0x3D, 0x12, 0xC4, 0x0A, 0xBC, 0x97, 0x56,
    0x84, 0xF8, 0xC2, 0x3A, 0x2B, 0xA2, 0x01, 0x71, 0x2F, 0xE6, 0xA7, 0x64, 0xCC, 0x84, 0x68, 0x46,
    0x09, 0xE0, 0x85, 0x9A, 0xC7, 0xFA, 0x02, 0x67, 0x1F, 0xD4, 0x47, 0x13, 0x5E, 0x4F, 0xC5, 0x54,
    0xEA, 0x59, 0x04, 0xEB, 0xB6, 0xF8, 0x56, 0x28, 0xCC, 0xB0, 0x8F, 0xC6, 0xAE, 0xAB, 0x02, 0x05,
    0x68, 0xF2, 0x4F, 0x9B, 0x32, 0xD7, 0xD5, 0x00, 0x2E, 0x2A, 0x67, 0xA9, 0x9D, 0x80, 0x0D, 0x33,
    0xF4, 0x02, 0xC9, 0x43, 0xFA, 0x6F, 0x0C, 0x9B, 0x03, 0x4C, 0x81, 0x96, 0xBB, 0xFB, 0x83, 0xA0,
    0xB7, 0x81, 0x71, 0x0F, 0xFA, 0x86, 0x22, 0x08, 0xBD, 0x04, 0xBC, 0x0F, 0x4A, 0x1E, 0x12, 0x3B,
    0xAA, 0xCD, 0xAA, 0xD0, 0x45, 0xEF, 0xF7, 0x7C, 0x6C, 0x0B, 0x70, 0xE5, 0x6A, 0x4C, 0x29, 0x08,
    0xFF, 0xC7, 0x81, 0x28, 0x7E, 0x1A, 0x7E, 0x71, 0x10, 0xE3, 0xC9, 0x5B, 0x28, 0x24, 0x49, 0xF3,
    0x6E, 0x45, 0xEF, 0xA6, 0x50, 0x92, 0xFD, 0x2A, 0xB6, 0x39, 0x8F, 0x5A, 0xE5, 0x77, 0x1A, 0x28,
    0x55, 0x40, 0x36, 0x39, 0xD7, 0xF6, 0xD6, 0x78, 0x07, 0x35, 0xAB, 0x0A, 0x69, 0xC6, 0x08, 0x51,
    0xCA, 0xBD, 0x89, 0xD7, 0xFD, 0x2E, 0x4A, 0xDC, 0xC7, 0x22, 0x7D, 0x8B, 0x7D, 0x18, 0xEF, 0x07,
    0xD1, 0xD3, 0x7B, 0x7B, 0x0F, 0xA3, 0xFD, 0x1E, 0x9F, 0xC0, 0xA0, 0xE0, 0x14, 0x9A, 0x29, 0x8F,
    0x96, 0x55, 0x81, 0xA4, 0xF1, 0x61, 0xC3, 0x76, 0x12, 0x61, 0xA3, 0xE2, 0x4B, 0x72, 0x69, 0xB7,
    0x73, 0xD6, 0xC7, 0x01, 0x8E, 0xFE, 0x31, 0xFC, 0xD9, 0x18, 0xA6, 0x53, 0x06, 0xB1, 0x51, 0xEB,
    0x59, 0x21, 0x73, 0xD6, 0x1C, 0x38, 0x9A, 0xBF, 0xE3, 0x0E, 0x0D, 0x63, 0x87, 0xFC, 0xD0, 0x41,
    0xE3, 0xB3, 0x88, 0xA6, 0x27, 0x74, 0x68, 0xF8, 0x0E, 0x10, 0x81, 0xCD, 0x7D, 0xB5, 0x21, 0xA8,
    0x94, 0x8D, 0x75, 0xBB, 0x55, 0xDF, 0x10, 0x7B, 0x4D, 0x5D, 0x3A, 0x00, 0xD4, 0x8D, 0xEB, 0x48,
    0x07, 0x75, 0x99, 0x2C, 0x89, 0x19, 0xEA, 0x69, 0x5D, 0x16, 0x60, 0xD2, 0x44, 0x3D, 0xB3, 0xB1,
    0xD1, 0x9D, 0x6E, 0x3F, 0x04, 0x16, 0xC7, 0xA4, 0xB5, 0xF9, 0xD3, 0xBA, 0xF4, 0xFA, 0xDD, 0x5F,
    0x26, 0x58, 0x70, 0x89, 0x7C, 0xFE, 0xBD, 0x7E, 0x43, 0x6C, 0x5B, 0x2D, 0xAF, 0x5E, 0xA1, 0x32,
    0xED, 0xAC, 0xEE, 0xDD, 0xD7, 0xB4, 0x54, 0x9D, 0xCF, 0x3E, 0xDC, 0xB9, 0x8E, 0x83, 0x6A, 0xAE,
    0x23, 0x38, 0xF6, 0x3C, 0x09, 0x0D, 0x0C, 0x0F, 0x9E, 0xEB, 0x88, 0xF5, 0x1D, 0x94, 0x52, 0xB0,
    0xF6, 0x33, 0xD7, 0xB1, 0x3F, 0xC0, 0x51, 0xBA, 0x31, 0x18, 0xAF, 0x4B, 0x70, 0x2E, 0xB6, 0x24,
    0x38, 0x72, 0xBD, 0xCF, 0xC4, 0x68, 0xD5, 0x25, 0x38, 0x17, 0x02, 0x09, 0x0E, 0xD6, 0xF7, 0x12,
    0x38, 0x7A, 0x06, 0x85, 0x9E, 0x5A, 0x60, 0xC6, 0xBB, 0x66, 0x4C, 0x3E, 0xCA, 0x33, 0x63, 0x3F,
    0x3C, 0xF4, 0xDE, 0x7F, 0x33, 0x39, 0x97, 0xF4, 0x4C, 0x4E, 0xB0, 0x77, 0x25, 0x5A, 0xD0, 0xEC,
    0x95, 0x33, 0x39, 0x29, 0x98, 0xC3, 0x8C, 0x44, 0x46, 0xB0, 0x64, 0xA5, 0xB2, 0xD8, 0xF7, 0x4C,
    0xCE, 0x5C, 0x7E, 0xD4, 0xCE, 0x62, 0x96, 0xBB, 0xCC, 0x7E, 0xF9, 0x0B, 0x7D, 0x2A, 0xE7, 0x4E,
    0x70, 0xBC, 0x55, 0x9B, 0x96, 0xBE, 0x16, 0x57, 0x34, 0x8F, 0x42, 0xB5, 0x2B, 0x6E, 0x67, 0x3B,
    0x9A, 0x6B, 0xDB, 0xBD, 0xE9, 0x99, 0xA9, 0xC7, 0x58, 0xFB, 0xFA, 0xAC, 0x7A, 0x28, 0xD1, 0xB0,
    0xC8, 0x8A, 0x68, 0x46, 0x4C, 0x2E, 0xD1, 0x01, 0xAD, 0x6C, 0x31, 0xCB, 0x51, 0xA6, 0x49, 0x9E,
    0xF2, 0x34, 0x69, 0x34, 0xB7, 0xC8, 0x4B, 0x38, 0x93, 0xCB, 0xA7, 0x1F, 0xCA, 0xCC, 0xD4, 0x3D,
    0x67, 0xE5, 0xFC, 0x45, 0x9E, 0xB2, 0x8A, 0x5D, 0xB3, 0x72, 0x76, 0xA5, 0xA4, 0x8F, 0xF8, 0x04,
    0xCE, 0xBC, 0x20, 0xBF, 0xEF, 0xA6, 0xF0, 0xDC, 0x5F, 0x9D, 0xDF, 0x90, 0x9D, 0xD7, 0xD3, 0x25,
    0xB5, 0x56, 0xCE, 0xCA, 0x3F, 0x3A, 0x6D, 0xDE, 0x8F, 0xD2, 0xFC, 0xAC, 0x3B, 0xC1, 0x8F, 0x92,
    0x0E, 0x2A, 0x9B, 0x96, 0xFD, 0x46, 0x27, 0xA4, 0xC5, 0x7F, 0x55, 0xAD, 0x3C, 0x15, 0x2B, 0x25,
    0x90, 0x88, 0xB6, 0x64, 0xAC, 0x70, 0xFE, 0x52, 0x49, 0xD5, 0xE8, 0x01, 0x41, 0xE6, 0x7D, 0xCD,
    0x29, 0xAA, 0xF3, 0x2A, 0x79, 0x2E, 0x9C, 0xEB, 0xB1, 0xD2, 0x85, 0x72, 0x80, 0x3C, 0x99, 0x3F,
    0x17, 0xF6, 0xBA, 0xE8, 0xC8, 0xA0, 0xEB, 0x35, 0xED, 0x33, 0xFF, 0x67, 0x66, 0xB7, 0x91, 0x54,
    0x37, 0x70, 0x9F, 0xED, 0xBC, 0x81, 0xFF, 0x63, 0x55, 0x69, 0xF3, 0x29, 0x45, 0x51, 0x4F, 0x6A,
    0x2D, 0x5C, 0x13, 0x6D, 0xC9, 0x62, 0xE1, 0x7E, 0x4F, 0x5E, 0x6C, 0x86, 0x0F, 0x24, 0xFD, 0xB0,
    0x8D, 0xCF, 0x33, 0x41, 0x38, 0xDD, 0xCA, 0xD9, 0xD6, 0x5D, 0x93, 0xAD, 0x1B, 0x19, 0x0B, 0x1E,
    0xD6, 0x34, 0xC9, 0x63, 0xB9, 0xCC, 0x1A, 0xE7, 0x8D, 0xB9, 0xC8, 0x8F, 0xD3, 0x6A, 0x9C, 0x55,
    0xAB, 0xB4, 0xB2, 0x9C, 0xDA, 0xCE, 0xDC, 0x9E, 0x0E, 0x72, 0x1F, 0x40, 0xD4, 0xB5, 0x1D, 0x2D,
    0x01, 0x70, 0xCF, 0x97, 0x58, 0xE8, 0x7C, 0x16, 0x85, 0xD9, 0xF9, 0xB0, 0x85, 0x4A, 0xC7, 0x17,
    0x76, 0x5A, 0xEF, 0xB8, 0xA0, 0x23, 0xDF, 0x90, 0xC3, 0x6D, 0x17, 0x86, 0x25, 0xC2, 0x3A, 0xB8,
    0xC8, 0xEE, 0xBC, 0xA0, 0xD8, 0xC9, 0x66, 0x8B, 0x9D, 0x94, 0x90, 0x79, 0x5C, 0xCB, 0x9B, 0xC8,
    0xBD, 0x86, 0xEC, 0xD4, 0x43, 0xAF, 0x4B, 0xFE, 0xB6, 0xD2, 0xD6, 0x26, 0x4E, 0xCF, 0xE5, 0x2D,
    0x61, 0xFF, 0x45, 0x3E, 0xAB, 0xE1, 0xD5, 0xE5, 0x55, 0x7E, 0xD6, 0x03, 0x7D, 0x7A, 0x2D, 0xD0,
    0x84, 0xBE, 0xBC, 0xB9, 0xA9, 0x1F, 0xDB, 0xD0, 0x89, 0x07, 0xA3, 0xBD, 0x93, 0x80, 0xF2, 0xDA,
    0x73, 0xD9, 0x3F, 0x9F, 0x21, 0xC4, 0x57, 0xAE, 0x11, 0x76, 0x07, 0x9E, 0x91, 0xF7, 0x0D, 0xBC,
    0xB6, 0xE7, 0x46, 0xC0, 0x9D, 0x9C, 0xEC, 0x13, 0x5F, 0x2B, 0xE4, 0xA5, 0xEF, 0x65, 0x85, 0x3A,
    0xC6, 0xF2, 0xF2, 0xBE, 0xAB, 0xF9, 0xEE, 0x15, 0x67, 0xA4, 0xD9, 0xE8, 0xFD, 0xA5, 0x1E, 0xB7,
    0x5B, 0x2A, 0xD4, 0x21, 0xAA, 0x2F, 0xFE, 0x40, 0x73, 0x86, 0xAA, 0x1C, 0x44, 0x76, 0x18, 0x7F,
    0x50, 0x39, 0x23, 0xA0, 0x05, 0x46, 0xE1, 0x2E, 0x6E, 0x82, 0x31, 0x13, 0x2F, 0xC1, 0x3A, 0xD3,
    0x62, 0x84, 0x65, 0xD4, 0x66, 0xD0, 0xBF, 0x53, 0xCE, 0x65, 0x45, 0x3E, 0x7D, 0x66, 0x6F, 0x9F,
    0xEB, 0xC8, 0x0B, 0x4B, 0x08, 0xD1, 0x99, 0x26, 0x42, 0x54, 0xDD, 0x01, 0x88, 0x8C, 0xB4, 0x09,
    0x10, 0x19, 0xCD, 0x32, 0x42, 0x34, 0xDD, 0xDF, 0x93, 0xE8, 0x03, 0x3D, 0xE2, 0xF7, 0xD7, 0xF4,
    0x7F, 0x1A, 0x8C, 0x63, 0x3C, 0x15, 0xA3, 0x8A, 0xDD, 0xE7, 0xB5, 0x33, 0xFC, 0xEB, 0xD4, 0x38,
    0x13, 0xF2, 0x85, 0xCC, 0x6E, 0x93, 0x7C, 0xB5, 0xB0, 0x37, 0x9F, 0xEB, 0xE6, 0x6D, 0xED, 0x0F,
    0x19, 0x99, 0xD2, 0x5C, 0x4D, 0x72, 0x32, 0x55, 0xC9, 0x84, 0x6A, 0xA0, 0x64, 0x02, 0xA0, 0x4F,
    0x71, 0xFA, 0xF0, 0x91, 0xB6, 0xBC, 0xEB, 0x05, 0x89, 0x0E, 0x70, 0x2C, 0x8E, 0xE4, 0xF3, 0x6D,
    0x8E, 0x85, 0x11, 0xA8, 0xB1, 0xC0, 0x85, 0xBA, 0xE4, 0x58, 0x58, 0x69, 0x5D, 0x8D, 0x85, 0x9B,
    0xD6, 0xD4, 0x58, 0x38, 0x7F, 0xF7, 0x96, 0x1E, 0x8B, 0xE8, 0x88, 0x2F, 0xEE, 0x2B, 0xBE, 0x38,
    0x1A, 0x8B, 0xF6, 0xB1, 0xC8, 0xCE, 0xB3, 0x59, 0x44, 0xD9, 0x34, 0xA2, 0xDC, 0x3C, 0xA2, 0xFC,
    0x44, 0xA2, 0xBD, 0x67, 0x12, 0x1D, 0x0D, 0xEC, 0x61, 0x0D, 0xEC, 0xD3, 0xDD, 0x71, 0x1B, 0x91,
    0xCD, 0x80, 0xD2, 0x6E, 0x7E, 0x76, 0x57, 0x09, 0x4E, 0x2E, 0x1D, 0x95, 0x9D, 0xBA, 0x39, 0x8C,
    0x84, 0xBB, 0xA7, 0xED, 0x79, 0xCB, 0x9E, 0xB8, 0xC3, 0xF1, 0x57, 0x1A, 0x79, 0x72, 0x0D, 0xE5,
    0xC8, 0x3F, 0xAA, 0xC5, 0xAB, 0xF8, 0xA3, 0x5E, 0xE2, 0xD5, 0x49, 0x13, 0x35, 0xF2, 0x76, 0x4E,
    0xBC, 0xAE, 0x1F, 0x8D, 0xFC, 0x1D, 0x89, 0xD7, 0x08, 0xB3, 0xCC, 0x38, 0x75, 0xF9, 0xD3, 0x70,
    0x66, 0x7C, 0x17, 0xDB, 0xBD, 0x44, 0x21, 0x40, 0xB4, 0x48, 0x27, 0xFA, 0x75, 0x71, 0x29, 0xC0,
    0x21, 0xF6, 0xAF, 0x8A, 0xFD, 0x4B, 0xB1, 0x7F, 0x3B, 0xD8, 0xBF, 0x93, 0x7D, 0xD1, 0x3F, 0xCA,
    0xAD, 0xB9, 0x11, 0xF4, 0x0F, 0x7C, 0xBB, 0x50, 0x78, 0x11, 0xF4, 0xCF, 0x7E, 0x1A, 0xFA, 0x77,
    0xF2, 0x22, 0x74, 0xC3, 0x4F, 0x61, 0x57, 0x6D, 0xE1, 0x5A, 0x0B, 0x13, 0xB0, 0x1B, 0x3E, 0x2C,
    0xFC, 0xF5, 0xF7, 0xE2, 0x61, 0x42, 0x3C, 0x81, 0xAD, 0xDF, 0x6A, 0xCA, 0x25, 0x50, 0xAD, 0x16,
    0x7E, 0xFC, 0x05, 0xB1, 0x4D, 0xA4, 0xA4, 0x0F, 0x89, 0x2B, 0x3D, 0xCB, 0xF7, 0xF0, 0xD7, 0xFB,
    0xEA, 0x0C, 0xEB, 0x84, 0x2A, 0xFA, 0x43, 0xB2, 0x80, 0xE7, 0x7F, 0x77, 0x06, 0x21, 0x0F, 0xA8,
    0x57, 0xC3, 0x7A, 0x37, 0xA8, 0x77, 0xB4, 0xCE, 0x81, 0x89, 0x52, 0xC8, 0x44, 0x69, 0x6F, 0x7D,
    0x09, 0x76, 0x83, 0xC5, 0x90, 0x27, 0xE6, 0xD2, 0xAC, 0xDC, 0x83, 0xEB, 0xE4, 0xA1, 0x0E, 0xDE,
    0x29, 0x14, 0x9E, 0x43, 0xB4, 0x1E, 0x11, 0x52, 0x6F, 0x01, 0x1F, 0x6C, 0x47, 0x8F, 0xF7, 0xA1,
    0x25, 0x79, 0x07, 0x98, 0x9D, 0x85, 0x7C, 0x3A, 0x0A, 0x29, 0x46, 0x1B, 0x05, 0xF4, 0xC9, 0x6D,
    0x95, 0x17, 0xE7, 0x07, 0x23, 0xCD, 0x88, 0xB6, 0x07, 0x12, 0x1F, 0x20, 0xC1, 0x95, 0xB3, 0xCC,
    0x9E, 0xB3, 0xC3, 0xA1, 0x74, 0xC4, 0x67, 0xD9, 0xC7, 0xAF, 0xA2, 0xC7, 0xF0, 0xA9, 0x10, 0x61,
    0xA9, 0x8A, 0xF5, 0xD6, 0x1B, 0xA0, 0x48, 0xCC, 0x5B, 0x11, 0xAE, 0xEE, 0x42, 0xF5, 0x0F, 0xAB,
    0xCC, 0x80, 0xEF, 0x43, 0xE3, 0x66, 0xDB, 0x53, 0x73, 0xA5, 0xFF, 0xD7, 0x17, 0xF3, 0xC2, 0xFA,
    0x68, 0x46, 0x09, 0x45, 0x6F, 0xAD, 0xA6, 0x70, 0xCE, 0xE3, 0x6C, 0x9D, 0x22, 0x2E, 0xC5, 0x90,
    0xD8, 0x69, 0xE4, 0xBC, 0x93, 0x7B, 0x52, 0x66, 0x87, 0xE1, 0xB3, 0xCF, 0x25, 0x00, 0x6F, 0xEB,
    0xB1, 0x42, 0x1F, 0x52, 0x1F, 0xEE, 0xDD, 0x83, 0x8F, 0xEE, 0x68, 0x39, 0x43, 0xB3, 0x56, 0x40,
    0x03, 0x7F, 0x06, 0x99, 0x11, 0xC8, 0x7F, 0xB4, 0x00, 0x83, 0x55, 0x58, 0x8D, 0x79, 0x75, 0x87,
    0xEE, 0xE5, 0x0C, 0xEF, 0x6C, 0xC9, 0x44, 0xF3, 0xD2, 0xB7, 0x54, 0x3B, 0xFB, 0x5D, 0x32, 0x11,
    0x7F, 0x36, 0x8A, 0x66, 0xF2, 0x18, 0x46, 0xDC, 0x6C, 0x24, 0x52, 0x8B, 0x12, 0x81, 0xF5, 0x5E,
    0x79, 0x74, 0xBD, 0x1D, 0xC4, 0x92, 0x8E, 0x81, 0x16, 0x9B, 0x0D, 0xB5, 0x1B, 0xA2, 0x32, 0xA9,
    0x79, 0x5D, 0x0C, 0x53, 0xD6, 0x29, 0xB7, 0x48, 0x09, 0x5A, 0xEB, 0x10, 0x7A, 0x8A, 0xDB, 0x90,
    0xFE, 0x15, 0xC9, 0x41, 0xE2, 0x49, 0x52, 0xE7, 0x96, 0xB6, 0x2C, 0x78, 0xBE, 0x6E, 0xA2, 0x55,
    0x65, 0x70, 0x38, 0x3D, 0x65, 0x84, 0xD5, 0x94, 0x80, 0xB2, 0x70, 0xCC, 0x87, 0x3D, 0xA2, 0x03,
    0x68, 0x7E, 0xC8, 0x3A, 0xCC, 0x31, 0x47, 0x71, 0xB4, 0x82, 0xF7, 0xA0, 0xE7, 0x7E, 0xA2, 0xE5,
    0x6F, 0x34, 0xD7, 0xF2, 0x05, 0x2E, 0x07, 0xDC, 0xA1, 0x63, 0x3A, 0x31, 0x40, 0x79, 0x01, 0x72,
    0x4D, 0x0A, 0xD8, 0xC9, 0x33, 0xEA, 0x81, 0xBF, 0x06, 0x77, 0xB2, 0x2C, 0x76, 0x59, 0x0D, 0xF8,
    0x68, 0xF1, 0xD3, 0x5E, 0x4B, 0xB8, 0xA8, 0x52, 0x1D, 0x4F, 0x7A, 0xB5, 0xD5, 0x9D, 0xB6, 0x40,
    0x8B, 0x23, 0xBD, 0xD1, 0xD3, 0x32, 0xA1, 0x40, 0x1C, 0x3F, 0x29, 0x57, 0x97, 0x69, 0x72, 0x89,
    0xEF, 0x6A, 0x8D, 0x8F, 0xA0, 0x32, 0x29, 0x8D, 0xF9, 0x0E, 0x0C, 0x50, 0xFA, 0x0A, 0x8B, 0x02,
    0xBC, 0x3D, 0x9A, 0x58, 0x1E, 0x5A, 0xDF, 0x38, 0x70, 0x03, 0x75, 0x59, 0x60, 0x57, 0x67, 0x4C,
    0xE0, 0xC2, 0x7A, 0x3B, 0x72, 0x54, 0xA1, 0x01, 0xF2, 0x36, 0x65, 0xED, 0x1B, 0x01, 0x11, 0xB2,
    0x9B, 0xC9, 0x2A, 0xF4, 0xC4, 0x2B, 0x6D, 0x7D, 0x2F, 0xB3, 0x9D, 0xC0, 0xDA, 0xF6, 0x4D, 0x3E,
    0xC8, 0x35, 0xD8, 0x1F, 0x63, 0xB5, 0x52, 0x0C, 0x72, 0x99, 0x90, 0xFB, 0x60, 0x60, 0xC8, 0x64,
    0xC6, 0x27, 0x25, 0xCB, 0x27, 0xC5, 0x47, 0xA2, 0xC7, 0x3A, 0x82, 0x47, 0xC4, 0xBC, 0xD7, 0x0A,
    0xB9, 0x6D, 0xE1, 0x24, 0x59, 0x5B, 0x29, 0xE3, 0x4C, 0x72, 0xCD, 0x1D, 0xB9, 0x46, 0x96, 0xB2,
    0xD2, 0x92, 0x3D, 0x0B, 0xC9, 0xEE, 0x43, 0xD8, 0xC7, 0xB9, 0x63, 0xDB, 0x3B, 0x6C, 0x1E, 0xF3,
    0xEA, 0xC0, 0x2D, 0xFE, 0xF2, 0x8B, 0x42, 0x64, 0x79, 0x48, 0xF5, 0x78, 0x51, 0x89, 0x89, 0x5D,
    0x1F, 0x77, 0x90, 0x3D, 0xB3, 0xDD, 0x8B, 0xBA, 0x43, 0x77, 0xBF, 0x54, 0x67, 0xC6, 0x9B, 0xCA,
    0x96, 0xB3, 0x9E, 0x50, 0x67, 0x45, 0x45, 0xBD, 0x59, 0x2C, 0x4B, 0x3D, 0x50, 0x1C, 0xBA, 0xA6,
    0x42, 0x5D, 0xD9, 0xA2, 0x5C, 0xAE, 0x76, 0x08, 0x7B, 0x3C, 0x95, 0x7E, 0xA9, 0xF2, 0xDA, 0xF2,
    0x26, 0x15, 0x48, 0x34, 0xAB, 0xAA, 0x0A, 0xA1, 0xEE, 0xAB, 0xB3, 0x64, 0xB0, 0x9A, 0x6E, 0xBE,
    0xCA, 0xF5, 0x0F, 0x59, 0x55, 0x48, 0xA5, 0x3D, 0x10, 0x48, 0x77, 0xFB, 0x8F, 0x3A, 0x42, 0x97,
    0x81, 0xA8, 0xA3, 0x6E, 0x7A, 0x2D, 0x31, 0xD0, 0x7A, 0x2A, 0xFA, 0x68, 0xDD, 0xE8, 0x46, 0xC5,
    0x5D, 0x6D, 0x99, 0x6A, 0xB7, 0x34, 0x1E, 0xAD, 0x5A, 0x8F, 0x1A, 0x96, 0xED, 0x2C, 0x6C, 0xDA,
    0x23, 0x96, 0x6A, 0x07, 0x6D, 0x71, 0x96, 0x8E, 0xA6, 0x8B, 0x1A, 0xF4, 0x9D, 0xAE, 0x38, 0xE4,
    0x87, 0x88, 0xFB, 0xE5, 0xE5, 0x00, 0xAB, 0xF6, 0x5D, 0x5A, 0x72, 0x76, 0xE7, 0x36, 0x7D, 0x0E,
    0x19, 0xAB, 0x2C, 0xF7, 0xD8, 0x95, 0x90, 0x86, 0xE6, 0x44, 0xE1, 0xAA, 0x98, 0x1B, 0x9A, 0x9A,
    0x10, 0x0B, 0x95, 0x77, 0x3F, 0x27, 0xBE, 0x71, 0x2B, 0x4D, 0xCC, 0x97, 0xA2, 0xCF, 0x07, 0x8E,
    0xD4, 0x4B, 0x42, 0x7C, 0x72, 0x79, 0xF9, 0xF3, 0x4D, 0xEC, 0x58, 0x63, 0x70, 0x73, 0xF3, 0x6B,
    0xAA, 0xFB, 0xFF, 0x00, 0xBB, 0x46, 0x49, 0xEC, 0x6F, 0xB7, 0xDF, 0x63, 0x98, 0x5C, 0x58, 0xDC,
    0xA1, 0x06, 0x2A, 0xE1, 0x25, 0x73, 0xDB, 0xB8, 0x9B, 0x86, 0xDD, 0x02, 0x32, 0xF7, 0x37, 0x80,
    0x70, 0xCC, 0x97, 0x1A, 0x52, 0x8B, 0xF4, 0xBE, 0xC7, 0x0A, 0xAD, 0xEB, 0xBB, 0x83, 0x0B, 0xD2,
    0xDA, 0x2D, 0x51, 0xC0, 0xC5, 0x5C, 0x71, 0x01, 0xEB, 0x28, 0x57, 0xF8, 0x33, 0x0E, 0x8E, 0xCF,
    0x02, 0x50, 0xDC, 0x39, 0x78, 0x7B, 0xE1, 0x20, 0x50, 0x1C, 0x08, 0xFB, 0x32, 0xBC, 0x67, 0xC0,
    0x4F, 0x2F, 0x40, 0x37, 0x2C, 0x30, 0x5C, 0x8D, 0xDF, 0x87, 0x2B, 0xFF, 0x4A, 0x76, 0x0E, 0xE7,
    0xAB, 0x82, 0xDE, 0x3B, 0x05, 0xAE, 0x04, 0xFA, 0xD8, 0x03, 0xD2, 0x43, 0x74, 0x5A, 0x5F, 0x0F,
    0xD1, 0x49, 0x87, 0xFE, 0x15, 0xBF, 0xA9, 0x54, 0x41, 0xA8, 0x94, 0x07, 0x59, 0xBF, 0x54, 0x0D,
    0x3F, 0x85, 0xF6, 0x6E, 0x09, 0xE9, 0xAB, 0xA4, 0x6D, 0xF5, 0x59, 0x2D, 0x1B, 0xED, 0xD6, 0xAB,
    0xCB, 0x72, 0x52, 0xCD, 0xE0, 0x66, 0x90, 0x37, 0x49, 0xC1, 0x22, 0x40, 0xD1, 0xB6, 0x2E, 0x66,
    0x9D, 0xB0, 0x5A, 0x8C, 0x17, 0x9D, 0xF0, 0x58, 0xA6, 0x10, 0x0C, 0x9A, 0xFC, 0xF3, 0x19, 0x5C,
    0x77, 0xAD, 0x41, 0x85, 0x95, 0xE3, 0xC2, 0xAA, 0x2F, 0x05, 0x48, 0x7F, 0xF4, 0x88, 0xE3, 0x10,
    0xE9, 0x2F, 0xC6, 0xA9, 0xE7, 0x75, 0x9C, 0x3C, 0x57, 0xC1, 0xF6, 0xA9, 0x6C, 0xA0, 0xF7, 0xC2,
    0x4B, 0xC5, 0xDC, 0x9D, 0xB7, 0x74, 0x58, 0xFB, 0x98, 0x15, 0x2D, 0xA8, 0x5B, 0x9E, 0x73, 0xC5,
    0x69, 0xB5, 0x56, 0xDA, 0xA4, 0x2B, 0x5C, 0x4D, 0xF2, 0x45, 0x35, 0x8B, 0x41, 0x18, 0x97, 0xAE,
    0x83, 0xDE, 0xE3, 0x1A, 0xC8, 0x4A, 0xFC, 0x0F, 0xA3, 0xC5, 0xA0, 0x82, 0xC4, 0x6D, 0xFD, 0x41,
    0x24, 0x56, 0x42, 0xE1, 0x63, 0xA0, 0x65, 0xD6, 0x8E, 0xF1, 0x5E, 0x17, 0x70, 0x3C, 0x37, 0x54,
    0xB8, 0x65, 0x23, 0x57, 0xFD, 0x39, 0x9D, 0x93, 0x05, 0x63, 0xB9, 0x00, 0x8B, 0x95, 0xAB, 0xD6,
    0x36, 0x83, 0x33, 0xB9, 0xB0, 0x5B, 0x2E, 0xE7, 0x14, 0xE5, 0xCF, 0x57, 0x7A, 0x9F, 0xAF, 0xE7,
    0xCF, 0x77, 0xFB, 0x6D, 0xFE, 0x3C, 0xBB, 0x97, 0x19, 0xE6, 0xFB, 0x93, 0x3D, 0x4F, 0x7C, 0x24,
    0xC7, 0xEB, 0xA3, 0x39, 0x05, 0x06, 0x5A, 0x67, 0x0D, 0xC4, 0x2E, 0xC0, 0x7B, 0x1C, 0xA3, 0x1B,
    0x05, 0x90, 0x6D, 0x9F, 0x08, 0xC5, 0x45, 0x24, 0x5F, 0xE3, 0x7A, 0x64, 0xAC, 0x3F, 0x27, 0x7C,
    0x8A, 0x7D, 0x9C, 0xBA, 0x59, 0x0D, 0xBD, 0xF7, 0x64, 0xC1, 0xC7, 0xC0, 0xB3, 0xC2, 0x5D, 0x56,
    0xF8, 0x07, 0xDC, 0x3E, 0x9E, 0xE1, 0xDF, 0x55, 0x6B, 0xD8, 0xCD, 0xDA, 0xE1, 0xAC, 0x8E, 0x84,
    0x1A, 0xF1, 0x5A, 0xD6, 0xDB, 0x4F, 0xE6, 0x54, 0xC7, 0x48, 0xFB, 0x09, 0x6B, 0x62, 0xDC, 0x1B,
    0x89, 0x1B, 0x9C, 0x07, 0xF2, 0x72, 0x1F, 0x07, 0xF9, 0xD6, 0x72, 0xB1, 0x0A, 0xC6, 0x7B, 0x12,
    0xCD, 0x0F, 0xFB, 0x3B, 0x28, 0xDC, 0x8C, 0x5B, 0xA0, 0x07, 0x3F, 0xB6, 0xE4, 0x27, 0x27, 0x42,
    0xAA, 0x6C, 0x4B, 0xFC, 0x9B, 0xD5, 0xF7, 0x50, 0xE9, 0x55, 0xC9, 0x43, 0x7A, 0x1F, 0x59, 0xC9,
    0xFD, 0x0E, 0x96, 0xD6, 0x55, 0x1C, 0x50, 0xDA, 0x46, 0xD3, 0x7D, 0xA2, 0x09, 0x94, 0xEA, 0x06,
    0xD0, 0xDA, 0xBA, 0x4B, 0x63, 0x23, 0xEF, 0x45, 0x10, 0x31, 0x01, 0x0D, 0x06, 0xC5, 0xDA, 0xC3,
    0x8D, 0xD2, 0xF4, 0x27, 0x2F, 0xFB, 0xB5, 0x22, 0x89, 0xBC, 0x91, 0xF0, 0x64, 0x69, 0x0E, 0xB7,
    0x79, 0xDC, 0x4D, 0x97, 0x46, 0xB8, 0xEB, 0x20, 0x7F, 0x40, 0x0A, 0x7D, 0xAC, 0x82, 0x2A, 0xFC,
    0x54, 0x4D, 0x9C, 0x20, 0x9F, 0x37, 0x76, 0x6B, 0x27, 0x1A, 0xC5, 0xFA, 0xB9, 0xA5, 0x15, 0x60,
    0x87, 0x15, 0xE0, 0xA3, 0x39, 0x20, 0x94, 0xA1, 0xB6, 0x05, 0x47, 0xEF, 0x96, 0x21, 0x06, 0xD6,
    0x41, 0x8E, 0x44, 0x15, 0x50, 0xEB, 0x8B, 0x4B, 0x59, 0x54, 0x0C, 0x28, 0x1E, 0xAC, 0xC0, 0xC9,
    0x9A, 0xF0, 0x68, 0xF5, 0x76, 0x41, 0x46, 0xB4, 0x13, 0x0E, 0x54, 0x85, 0xD7, 0xA4, 0x80, 0x21,
    0x52, 0x2E, 0xEA, 0xAC, 0x02, 0xFC, 0x73, 0x0E, 0x48, 0x2B, 0x99, 0xA2, 0xA5, 0x62, 0x4F, 0xB3,
    0x9C, 0xA4, 0xB9, 0xFB, 0x45, 0x95, 0x99, 0xC1, 0x48, 0x1A, 0x2A, 0x17, 0x07, 0xCC, 0x8D, 0x89,
    0x29, 0x20, 0x8E, 0x71, 0xF2, 0x82, 0x11, 0x4D, 0x40, 0xDC, 0x81, 0x77, 0x2B, 0x0D, 0x1D, 0xBD,
    0xCA, 0x23, 0xC9, 0x93, 0x1A, 0x27, 0xD3, 0x42, 0xF2, 0x91, 0xE1, 0x43, 0x79, 0x5C, 0xCC, 0x4D,
    0x89, 0x33, 0x53, 0xE2, 0x78, 0x49, 0x4C, 0xCD, 0x1B, 0x5B, 0x3E, 0x89, 0x6C, 0x0A, 0x59, 0x99,
    0x39, 0xA5, 0x93, 0xDB, 0x5F, 0xB4, 0x9E, 0x80, 0xBB, 0xA7, 0x3F, 0xFA, 0x31, 0x0C, 0xCE, 0xD5,
    0xF9, 0x6F, 0xC3, 0xFE, 0xF8, 0xC9, 0x75, 0xBC, 0x7E, 0x94, 0xD0, 0x3D, 0x18, 0x6A, 0xF5, 0x65,
    0xFC, 0xC6, 0xFF, 0x42, 0x34, 0x7C, 0xEE, 0x5F, 0xC3, 0x57, 0x9F, 0x99, 0xDF, 0x7A, 0x45, 0x18,
    0x7F, 0x32, 0xF3, 0xED, 0x9F, 0x08, 0xD3, 0x9E, 0xF8, 0xDB, 0x17, 0xC5, 0xC0, 0x9B, 0xFF, 0xFB,
    0x87, 0x23, 0xC1, 0xC7, 0xEA, 0x3F, 0xFA, 0xEB, 0x0B, 0x2B, 0x53, 0x67, 0x2B, 0x37, 0x93, 0xA9,
    0x91, 0x4F, 0xA5, 0xE9, 0xBF, 0x0C, 0x1F, 0x69, 0xA5, 0xAD, 0x74, 0x63, 0x69, 0x30, 0x6D, 0x2D,
    0x1D, 0xFF, 0x95, 0x4B, 0x69, 0x7A, 0xED, 0x39, 0xE7, 0xDD, 0xB4, 0xB5, 0x1A, 0x9F, 0x74, 0xAA,
    0xB7, 0xC2, 0x95, 0xA9, 0x0B, 0xD5, 0x9F, 0xD7, 0xA7, 0x46, 0xDE, 0xFE, 0x3F, 0x3F, 0x3A, 0xBB,
    0x6E, 0x7C, 0xF9, 0xF7, 0x7F, 0x30, 0x28, 0x4C, 0x77, 0xE2, 0x6F, 0xDF, 0x14, 0xE2, 0xC6, 0xCC,
    0xD6, 0x7F, 0x06, 0x11, 0x39, 0x5F, 0x46, 0x8C, 0xFC, 0xF5, 0x1F, 0x07, 0x3A, 0xB2, 0xCF, 0xFB,
    0x61, 0xEA, 0x1B, 0xF5, 0xF0, 0xFC, 0x34, 0xA6, 0x12, 0x5A, 0xE7, 0x6F, 0x40, 0xCF, 0xAB, 0x2F,
    0xBD, 0x0C, 0xFB, 0x87, 0x2D, 0xAA, 0xD4, 0xEE, 0x82, 0x34, 0x9F, 0x84, 0x06, 0x02, 0xFE, 0xBF,
    0xC2, 0x7A, 0x59, 0xD8, 0x56, 0x50, 0x30, 0xA2, 0x19, 0x91, 0xCC, 0x8B, 0xAD, 0x09, 0x91, 0x14,
    0xCC, 0x08, 0xBE, 0x31, 0xBF, 0x23, 0xC4, 0xCF, 0xE9, 0x1A, 0xCD, 0xE6, 0x2B, 0xE4, 0x06, 0xFD,
    0x5C, 0x58, 0xBF, 0x29, 0x0A, 0x36, 0xE6, 0xC1, 0xE6, 0x31, 0x42, 0x9B, 0xC0, 0x1E, 0xCE, 0x1D,
    0x07, 0xBF, 0x87, 0xFF, 0xE2, 0x08, 0xAC, 0x48, 0xA7, 0xDC, 0xC6, 0x35, 0xDC, 0x71, 0xBD, 0x78,
    0x7E, 0x79, 0xA8, 0x67, 0x65, 0xF4, 0x20, 0x71, 0x1A, 0x03, 0x4D, 0xA7, 0xE9, 0xAD, 0xCF, 0xD1,
    0x83, 0x05, 0xE6, 0x60, 0x70, 0x47, 0xE1, 0x6F, 0x20, 0x27, 0x16, 0xA8, 0xB2, 0x1C, 0x54, 0xB2,
    0xF9, 0x0D, 0xB8, 0x1E, 0x98, 0x05, 0x27, 0x7C, 0x0E, 0xEC, 0x16, 0x68, 0xBD, 0x37, 0xCB, 0x45,
    0x8C, 0x68, 0x4B, 0x84, 0x56, 0x49, 0xFA, 0xB7, 0xC8, 0x83, 0xF4, 0x80, 0x2C, 0x7A, 0x3C, 0x56,
    0xB8, 0x8F, 0xCC, 0xFD, 0x01, 0xCC, 0xC6, 0x3E, 0x7A, 0x84, 0xC1, 0x7E, 0x1E, 0x61, 0x20, 0x8B,
    0x28, 0x62, 0x00, 0x13, 0xC6, 0x79, 0xC1, 0x02, 0xE3, 0xEE, 0xA2, 0x13, 0x17, 0x45, 0x75, 0x0C,
    0x44, 0x56, 0x8A, 0xAB, 0x78, 0x93, 0xA4, 0xF6, 0x41, 0x42, 0x01, 0x91, 0xAE, 0x17, 0xD1, 0x48,
    0x69, 0xA2, 0xF3, 0x5E, 0xC7, 0xE8, 0x7C, 0xD8, 0xD5, 0x8D, 0x2B, 0xBA, 0x80, 0x30, 0xEB, 0xCB,
    0xAC, 0xDE, 0x4D, 0xEA, 0xEC, 0xC6, 0x44, 0x9B, 0x45, 0x5F, 0x92, 0x28, 0xAA, 0x48, 0xD2, 0xC4,
    0x7B, 0xE2, 0x50, 0xE2, 0x44, 0x8C, 0x5F, 0x07, 0x53, 0x2D, 0x4E, 0x23, 0x23, 0xF2, 0x63, 0x2B,
    0x70, 0x6B, 0xA0, 0x20, 0x6B, 0x63, 0xC2, 0xA8, 0x43, 0x03, 0x97, 0xB1, 0x7E, 0x72, 0x9E, 0xDE,
    0x53, 0xF3, 0x0B, 0xC6, 0x2F, 0xEA, 0xFE, 0xA5, 0xB4, 0x06, 0x08, 0xC3, 0x77, 0x5C, 0xDC, 0xA9,
    0x04, 0x83, 0x59, 0x52, 0xBD, 0x4A, 0x21, 0x87, 0x48, 0xAE, 0xFC, 0x7B, 0x31, 0xB8, 0x8C, 0x49,
    0xC8, 0x21, 0x99, 0xC5, 0x94, 0x79, 0x1A, 0x23, 0x74, 0xEB, 0x20, 0xA5, 0x41, 0x0A, 0x56, 0x42,
    0x2B, 0xBD, 0x05, 0xF4, 0x54, 0x45, 0xAF, 0xB0, 0x48, 0x31, 0x28, 0xB4, 0xAD, 0xC9, 0xAC, 0x26,
    0x82, 0x23, 0xBA, 0xC7, 0x54, 0x80, 0xD1, 0x50, 0x9E, 0x17, 0xD1, 0xAB, 0xAB, 0x7D, 0xF1, 0xB9,
    0x8E, 0xEA, 0x05, 0xDC, 0x8E, 0x9E, 0x95, 0x70, 0x30, 0xCF, 0x4A, 0xF8, 0x28, 0xCF, 0xC1, 0xBF,
    0x67, 0x2B, 0x36, 0x1C, 0x3D, 0x8A, 0x99, 0xAD, 0x99, 0x61, 0xA1, 0xA7, 0x87, 0x23, 0xED, 0xC9,
    0xE9, 0xE1, 0x18, 0x2A, 0x91, 0xD3, 0xC3, 0x89, 0x2A, 0x39, 0x94, 0x33, 0x28, 0x6E, 0x73, 0x7A,
    0x78, 0x3F, 0x3E, 0xEA, 0x76, 0x84, 0x73, 0xA7, 0x64, 0x59, 0x3B, 0x7C, 0xA7, 0x51, 0x7E, 0x30,
    0xF2, 0x34, 0x5B, 0x47, 0x87, 0x37, 0x53, 0x7A, 0x3F, 0xCF, 0x2E, 0x30, 0xC2, 0xD0, 0x0A, 0x63,
    0xEB, 0x4B, 0xB9, 0xD7, 0xE3, 0x91, 0x99, 0xA5, 0x83, 0x6E, 0xE7, 0xE9, 0x72, 0x03, 0x96, 0xD8,
    0x02, 0x23, 0xAE, 0x5C, 0x70, 0x82, 0xB5, 0x82, 0x1D, 0xCC, 0xC3, 0x7B, 0x01, 0xDF, 0xA3, 0xB6,
    0x98, 0x1D, 0x3A, 0x76, 0x67, 0x4F, 0x97, 0x6B, 0x93, 0xC6, 0xFC, 0x94, 0x53, 0x9E, 0xE8, 0x33,
    0x48, 0x88, 0xA1, 0x5C, 0x11, 0x27, 0x0D, 0xF7, 0xC8, 0x16, 0x7D, 0x58, 0xC9, 0xFB, 0x4E, 0xE3,
    0x97, 0x79, 0xA2, 0x0F, 0x96, 0x70, 0x7E, 0x82, 0x09, 0xDF, 0x7E, 0x9F, 0x97, 0x04, 0x76, 0x65,
    0xB1, 0x9A, 0x23, 0x65, 0x85, 0xF9, 0xD6, 0x93, 0x1D, 0x42, 0x46, 0xC5, 0xBF, 0x24, 0xDA, 0xBD,
    0xA4, 0x3D, 0xD8, 0x69, 0xCB, 0x1B, 0x9E, 0xBC, 0x28, 0xA9, 0x31, 0x6D, 0xAF, 0xF4, 0xAB, 0x4C,
    0x64, 0xE5, 0x2F, 0x7D, 0xB9, 0x64, 0xFA, 0x4A, 0xBE, 0x42, 0x30, 0xD3, 0x70, 0x3A, 0xCC, 0xB8,
    0x87, 0x11, 0xDE, 0x17, 0xF0, 0x28, 0x65, 0x59, 0x6F, 0x57, 0x2C, 0xB6, 0xD2, 0x2A, 0xBF, 0x90,
    0xFF, 0x7F, 0x4A, 0x86, 0xF9, 0xA5, 0x52, 0x56, 0x53, 0x83, 0x8B, 0x3F, 0xC8, 0xD5, 0x6E, 0x75,
    0x7A, 0x38, 0xA2, 0x8F, 0x96, 0x80, 0x3F, 0x24, 0x3C, 0x28, 0x73, 0xA8, 0x9F, 0x1F, 0x45, 0x90,
    0x67, 0x54, 0xB5, 0x2E, 0x80, 0x5A, 0xD2, 0xDB, 0x53, 0xF0, 0xBD, 0x15, 0xB4, 0x19, 0x57, 0xFD,
    0x2E, 0xA7, 0x76, 0xDD, 0xA4, 0xDC, 0x31, 0x93, 0xF6, 0x71, 0x19, 0x96, 0x4B, 0xC5, 0x8F, 0xCA,
    0x89, 0xF3, 0x27, 0x65, 0x80, 0xFF, 0xF8, 0xE0, 0x2E, 0xED, 0xC8, 0xB0, 0x61, 0x49, 0xAE, 0xE7,
    0x7B, 0x46, 0x6A, 0xD3, 0x51, 0xF9, 0x4C, 0x95, 0x91, 0x5A, 0x5B, 0x32, 0x48, 0x2D, 0x74, 0xDE,
    0x37, 0x78, 0x9B, 0xE2, 0x5E, 0x6F, 0xCB, 0xF2, 0x62, 0xB6, 0x92, 0x58, 0x76, 0xF1, 0x43, 0x7F,
    0xF7, 0xB1, 0x92, 0xC6, 0xD1, 0x72, 0xCA, 0xFB, 0x03, 0x8C, 0x42, 0x61, 0xEC, 0xA1, 0x8E, 0xB0,
    0xE7, 0x33, 0xC6, 0xD3, 0x9A, 0x47, 0x69, 0x4D, 0x55, 0x5C, 0x75, 0xF8, 0x29, 0x5A, 0x3B, 0x1C,
    0x57, 0x56, 0xA5, 0x55, 0x87, 0x23, 0x04, 0xCC, 0xC5, 0x75, 0x38, 0x3C, 0x96, 0x20, 0x0F, 0xD0,
    0xAA, 0xC3, 0x6D, 0x99, 0xE4, 0x80, 0x6B, 0x80, 0xD1, 0x8A, 0xA7, 0xA5, 0x90, 0x6A, 0x0C, 0x23,
    0x3A, 0x95, 0x4A, 0x72, 0xDE, 0xCB, 0xFB, 0xE5, 0x99, 0xF7, 0x9C, 0x8C, 0x73, 0xFC, 0x10, 0xEE,
    0xF3, 0x56, 0x2C, 0xCC, 0x2F, 0x81, 0x2D, 0x9A, 0x39, 0x5B, 0x1C, 0x31, 0xE0, 0x95, 0x2B, 0x29,
    0xA4, 0xC3, 0xB1, 0x31, 0x0E, 0x8E, 0x49, 0x9B, 0x99, 0x63, 0xE1, 0x1C, 0xC0, 0x67, 0xFA, 0x7D,
    0xFE, 0x3D, 0xA6, 0x9B, 0xAC, 0x2E, 0x82, 0xC5, 0xC8, 0x85, 0xCC, 0x24, 0xE0, 0x21, 0xAC, 0xE2,
    0xB2, 0xC1, 0x18, 0x29, 0x93, 0xA1, 0xB2, 0xB6, 0xB5, 0x54, 0x3B, 0xF3, 0xA1, 0xEA, 0x71, 0x0C,
    0xD9, 0x12, 0x1B, 0xEA, 0x81, 0x0C, 0xFA, 0x89, 0x0C, 0xFA, 0x91, 0x0C, 0xFA, 0x99, 0x0C, 0x5A,
    0x82, 0xEB, 0xA7, 0x32, 0xEC, 0x77, 0x3D, 0x97, 0xBE, 0x70, 0x9F, 0xD5, 0x18, 0x07, 0x22, 0xB7,
    0x12, 0x18, 0xBB, 0xCF, 0x22, 0xB7, 0x0A, 0xD8, 0x5E, 0xEE, 0x33, 0x67, 0x12, 0x86, 0xBD, 0x20,
    0xA7, 0xC7, 0xE4, 0xC2, 0xF1, 0x95, 0xDF, 0x68, 0xCF, 0xA6, 0x1C, 0xB4, 0x6B, 0x97, 0x17, 0x79,
    0x7D, 0xB8, 0x08, 0xD6, 0x31, 0x96, 0xAA, 0x3C, 0x31, 0x59, 0x99, 0x6E, 0x95, 0xFF, 0xC2, 0x5F,
    0xCA, 0xCB, 0xAE, 0xE4, 0x13, 0xFF, 0xCA, 0xDA, 0x7D, 0xE1, 0x08, 0x9F, 0xBD, 0xF0, 0xC9, 0x4F,
    0x75, 0xEB, 0xA8, 0x08, 0x91, 0x96, 0x81, 0x44, 0x5D, 0x9F, 0xC4, 0x1C, 0xFA, 0x1C, 0x91, 0x5A,
    0x46, 0xF5, 0xFF, 0x9A, 0x41, 0x38, 0x58, 0xB8, 0x66, 0xD0, 0xA0, 0xF2, 0x7C, 0x75, 0x38, 0xD3,
    0xD7, 0xCB, 0x36, 0xFD, 0x79, 0x57, 0x59, 0xC9, 0xFD, 0x08, 0x69, 0x20, 0x21, 0xD5, 0x81, 0x48,
    0x1D, 0x9C, 0xD4, 0x4E, 0x8E, 0xF1, 0xAE, 0x02, 0xE7, 0xD9, 0x4E, 0x6C, 0x78, 0x6A, 0xC1, 0x97,
    0xE2, 0x9F, 0x77, 0x28, 0xA0, 0x0C, 0x07, 0x39, 0x83, 0x21, 0xD1, 0xCB, 0x99, 0x78, 0x89, 0x5E,
    0xCE, 0x04, 0xAC, 0x23, 0x35, 0x7B, 0xD4, 0x0C, 0x8E, 0xE6, 0x10, 0xDE, 0xEE, 0x1C, 0xC2, 0xDC,
    0x32, 0x3F, 0x5E, 0x06, 0x45, 0x6E, 0xFE, 0x68, 0x25, 0xFB, 0xD6, 0xCD, 0x7E, 0x79, 0x26, 0x83,
    0x1E, 0x71, 0xCA, 0xC3, 0x82, 0x25, 0x71, 0x6A, 0x58, 0x76, 0xD6, 0xF4, 0xB0, 0x4C, 0x1F, 0x4D,
    0xED, 0xBC, 0xEB, 0x99, 0xF3, 0x1A, 0x01, 0x47, 0xEB, 0x5B, 0xDD, 0x03, 0xFC, 0x0E, 0xE4, 0x84,
    0x4A, 0x46, 0xE9, 0x7E, 0xCF, 0xF9, 0xD3, 0x76, 0xA6, 0x8E, 0x4F, 0x66, 0x45, 0x83, 0xB9, 0x25,
    0x7A, 0xB3, 0x49, 0xF4, 0x62, 0x7B, 0xBA, 0x33, 0x44, 0xD0, 0x95, 0x7A, 0xC4, 0xA4, 0x25, 0xA2,
    0xBB, 0x22, 0xE3, 0x9A, 0x77, 0x12, 0x11, 0x97, 0xEF, 0xB2, 0xFC, 0x3C, 0xDF, 0x91, 0xDF, 0xBE,
    0xE3, 0x88, 0xF8, 0x6D, 0xF7, 0x21, 0x14, 0x65, 0xAB, 0x21, 0xD6, 0x60, 0xC4, 0xE7, 0xED, 0x1A,
    0xDC, 0x7F, 0xFD, 0xEE, 0xFA, 0xD0, 0x57, 0x73, 0x40, 0x51, 0x30, 0xD2, 0x22, 0xBA, 0x3E, 0x2A,
    0x29, 0xE2, 0xB5, 0xCA, 0x58, 0xC7, 0xA0, 0xA9, 0x50, 0xE7, 0x19, 0x1D, 0x33, 0x39, 0xA9, 0x9D,
    0x8F, 0x51, 0x44, 0xC3, 0x28, 0xFE, 0xAC, 0x60, 0xCB, 0x18, 0xF7, 0x08, 0xBA, 0x7B, 0x66, 0x87,
    0x6F, 0xDA, 0x2F, 0x40, 0x97, 0x54, 0xE9, 0x08, 0xC6, 0x03, 0xC4, 0xAF, 0x21, 0x2F, 0x3C, 0x12,
    0x29, 0x06, 0xEC, 0x58, 0x31, 0xB8, 0x7F, 0x06, 0x4A, 0x2E, 0xBC, 0xC4, 0xB5, 0x46, 0xCC, 0xFF,
    0x09, 0xBB, 0xA7, 0xD9, 0x3E, 0xEF, 0x98, 0xE7, 0xBF, 0x67, 0xF3, 0x8A, 0xF7, 0x3C, 0x1B, 0xBA,
    0x63, 0xCD, 0x28, 0x9A, 0x16, 0x4D, 0x03, 0x5E, 0x23, 0x7E, 0xDE, 0x22, 0x43, 0x78, 0x8B, 0x50,
    0xB5, 0x26, 0x2B, 0x49, 0x99, 0x11, 0x69, 0x76, 0xB4, 0xA0, 0xE9, 0xD1, 0x82, 0xE6, 0x47, 0x0B,
    0x9A, 0x20, 0x4D, 0x61, 0x19, 0xC1, 0x53, 0xA4, 0x65, 0xEF, 0xDB, 0x26, 0x71, 0xA3, 0x98, 0x32,
    0x75, 0xF9, 0x00, 0x1B, 0x60, 0x54, 0x57, 0x4D, 0x7D, 0xBD, 0x9A, 0x0B, 0x7C, 0x1D, 0x76, 0x21,
    0x8F, 0xA1, 0x0D, 0x04, 0x94, 0xC2, 0xC6, 0x0F, 0x55, 0x6B, 0x56, 0x72, 0x4C, 0xCE, 0x69, 0x31,
    0x10, 0x46, 0x2A, 0x88, 0xB6, 0xC2, 0x43, 0xEF, 0x6E, 0xDB, 0xA6, 0x4B, 0xB3, 0x5B, 0x5D, 0x05,
    0x08, 0xFA, 0x49, 0xD5, 0x0F, 0xC6, 0x93, 0x22, 0xEE, 0x41, 0xE0, 0xE4, 0xAE, 0xC3, 0x9F, 0x2B,
    0x6C, 0x2F, 0xAC, 0xF0, 0x00, 0x96, 0x58, 0x78, 0x94, 0x38, 0xE0, 0x52, 0xE2, 0xB8, 0x6E, 0xE9,
    0x32, 0xE9, 0xC7, 0x5F, 0xDB, 0x21, 0xE4, 0x3E, 0x3C, 0x46, 0x71, 0xDD, 0x7F, 0x76, 0x05, 0x35,
    0xC7, 0xC7, 0xE5, 0x43, 0xD7, 0x6E, 0xF4, 0x43, 0x5C, 0x77, 0x85, 0x01, 0x5B, 0x61, 0xC0, 0x4A,
    0x0C, 0x58, 0xA9, 0x1D, 0xB0, 0xCB, 0x04, 0x18, 0x82, 0x32, 0xC6, 0xA0, 0x8C, 0x32, 0x28, 0x13,
    0x0C, 0xCA, 0x0C, 0x83, 0x32, 0xCB, 0xB1, 0xD6, 0xB3, 0x20, 0x5D, 0x1B, 0x14, 0xD7, 0x45, 0x8E,
    0x29, 0x46, 0xB4, 0x38, 0x82, 0x5B, 0x33, 0xEB, 0x5B, 0x04, 0xD8, 0x8A, 0xB8, 0x9B, 0x07, 0x84,
    0x76, 0x54, 0xC9, 0x74, 0x9F, 0x84, 0x5D, 0x55, 0x25, 0x5F, 0x51, 0x3E, 0xDA, 0x67, 0x15, 0x8F,
    0x3C, 0xA7, 0x9E, 0xD7, 0xF3, 0x75, 0xF9, 0xAF, 0x47, 0x94, 0xC1, 0xB8, 0x6B, 0x4C, 0x38, 0x4F,
    0xFD, 0x47, 0x81, 0xC8, 0xDE, 0x75, 0x3C, 0x53, 0x3A, 0x60, 0xD2, 0xB1, 0x9B, 0xC2, 0xA8, 0xD9,
    0x3F, 0xC2, 0x76, 0x1F, 0xC6, 0xA2, 0x40, 0xA4, 0x9C, 0x8F, 0x63, 0x1B, 0xF6, 0x8D, 0x0E, 0x84,
    0x60, 0x5F, 0xBE, 0xDA, 0x8F, 0x0F, 0xDB, 0xC9, 0x6C, 0xDD, 0xD1, 0x2C, 0x5B, 0x9F, 0x1D, 0xA4,
    0xA9, 0x3D, 0xC0, 0xB1, 0xF0, 0x01, 0x2E, 0x25, 0xB2, 0x5F, 0xA4, 0xC3, 0xF0, 0x2A, 0xB6, 0x62,
    0xF2, 0xCC, 0x48, 0x63, 0xAF, 0x98, 0xFD, 0x47, 0x2A, 0x03, 0x05, 0xA4, 0x31, 0x20, 0xE6, 0xC7,
    0x70, 0x81, 0x5D, 0xBF, 0x2E, 0x4E, 0x07, 0xA2, 0x30, 0x24, 0x9C, 0x31, 0x61, 0xCD, 0xE2, 0x44,
    0x66, 0xEB, 0x9C, 0x30, 0xCF, 0x09, 0xE3, 0x2C, 0xD7, 0x42, 0xD1, 0xCB, 0xE5, 0x57, 0x80, 0x2F,
    0x70, 0xAD, 0xF0, 0xE9, 0x79, 0xEA, 0x65, 0xE5, 0x5F, 0x01, 0xCD, 0xD2, 0x57, 0x14, 0x39, 0x14,
    0x2C, 0x9C, 0x0C, 0xA9, 0xD2, 0x39, 0xC0, 0xDF, 0x99, 0x58, 0x5B, 0x6D, 0x39, 0x81, 0xF9, 0x14,
    0xBC, 0x42, 0xE3, 0xA9, 0x10, 0xDB, 0x71, 0x22, 0x2C, 0x7E, 0x87, 0x97, 0xC5, 0xAF, 0x18, 0x5F,
    0x60, 0x30, 0x81, 0x95, 0x63, 0xA8, 0x97, 0xC8, 0xBF, 0x62, 0x62, 0xA3, 0xBC, 0xFE, 0x1F, 0xE6,
    0x4F, 0xAE, 0x29, 0x4B, 0x46, 0x68, 0x90, 0xED, 0x56, 0x3E, 0x34, 0xAA, 0x24, 0x42, 0xDC, 0x76,
    0xD8, 0x60, 0x15, 0xBC, 0xC2, 0x53, 0x04, 0x57, 0x78, 0x8A, 0xE0, 0x78, 0xDF, 0x4D, 0x11, 0x3C,
    0x3E, 0x44, 0xBC, 0x3D, 0x33, 0xBA, 0xC4, 0x01, 0xAD, 0x98, 0xC1, 0x8C, 0x72, 0x39, 0x1C, 0x2B,
    0x6F, 0xAA, 0xAA, 0x22, 0x01, 0xCC, 0x70, 0x6D, 0x93, 0xD4, 0x21, 0xF8, 0x22, 0x86, 0x2F, 0xE8,
    0xCB, 0x29, 0x90, 0xF7, 0xE1, 0x54, 0x4D, 0x39, 0xB3, 0xCA, 0xFF, 0x57, 0x74, 0xF8, 0xBD, 0x9F,
    0xB1, 0xDE, 0x93, 0xCB, 0xC0, 0x32, 0xAF, 0x95, 0xDB, 0x82, 0xDA, 0xF3, 0x6D, 0x5C, 0x3E, 0xDA,
    0xEB, 0x90, 0x5F, 0x11, 0x7B, 0x0A, 0xF9, 0x68, 0x01, 0x65, 0x9C, 0x8F, 0x12, 0x92, 0xA6, 0x5E,
    0x16, 0xB4, 0xF8, 0xB4, 0xF5, 0xB0, 0xD3, 0xA0, 0x9B, 0x7A, 0x97, 0x9B, 0x00, 0x7C, 0x50, 0x13,
    0x8D, 0xD7, 0xA7, 0xA0, 0x81, 0xDA, 0x3F, 0x09, 0xE4, 0x90, 0xD1, 0x42, 0xEF, 0x8B, 0x1A, 0xD4,
    0x51, 0x2D, 0xE8, 0x48, 0xE8, 0x65, 0xCB, 0x0B, 0x1D, 0x42, 0x4F, 0xF9, 0xDE, 0x4A, 0x78, 0x38,
    0x8F, 0x2B, 0x43, 0xC1, 0xD1, 0xCB, 0x82, 0x5B, 0x69, 0x57, 0x68, 0x3C, 0x5F, 0x5C, 0x91, 0xC5,
    0xA0, 0x36, 0xF4, 0x59, 0xAF, 0xB5, 0x0C, 0xB3, 0xB3, 0xF1, 0xFB, 0x6F, 0x06, 0x6E, 0xB6, 0x0D,
    0x0D, 0x4C, 0xC9, 0xB3, 0xC9, 0xE1, 0x29, 0x1D, 0xF4, 0x53, 0x48, 0xD0, 0x8F, 0xF4, 0xC8, 0xD6,
    0xD8, 0xCA, 0x4D, 0x66, 0xCD, 0x4A, 0x95, 0x72, 0xF6, 0xD8, 0xDE, 0x67, 0xC1, 0xFD, 0x87, 0xAB,
    0xBB, 0x36, 0x11, 0xC6, 0xA7, 0xD0, 0x44, 0x30, 0x9A, 0x1B, 0x68, 0x22, 0x58, 0x38, 0x7D, 0xD5,
    0x16, 0x16, 0xE2, 0x61, 0x04, 0x0C, 0x52, 0xE2, 0x1C, 0x42, 0xE9, 0x28, 0x1B, 0x8D, 0x13, 0x8C,
    0xCC, 0x19, 0xA6, 0xC9, 0x59, 0x3E, 0x9C, 0x65, 0x7B, 0xDB, 0xE3, 0x8A, 0xF8, 0x7B, 0x58, 0xCB,
    0x91, 0xB3, 0xF4, 0xD4, 0x14, 0x87, 0xA6, 0xA4, 0x6C, 0xF3, 0xBA, 0xC4, 0x9F, 0xA5, 0xC6, 0xDE,
    0x7A, 0x51, 0x0D, 0x7C, 0xD4, 0x35, 0xEE, 0x71, 0x17, 0xD7, 0x94, 0xBB, 0x38, 0x65, 0xAA, 0xBD,
    0x36, 0xE2, 0x41, 0xB6, 0xD5, 0xD5, 0x36, 0xDD, 0x45, 0x78, 0x3A, 0x24, 0xF0, 0x5D, 0x05, 0xF1,
    0x93, 0x91, 0x82, 0x38, 0x51, 0xE9, 0xAA, 0x7D, 0xB9, 0x37, 0x0F, 0x30, 0x0E, 0xC7, 0x31, 0x27,
    0xB8, 0xB2, 0x83, 0xAD, 0xA6, 0x2D, 0x0B, 0x83, 0x76, 0xBC, 0xA0, 0xFC, 0x1C, 0x6A, 0x80, 0x33,
    0xFD, 0xBB, 0x2C, 0xFB, 0xFF, 0x07, 0x4D, 0x91, 0x3F, 0x4E, 0xC3, 0x30, 0x14, 0xC6, 0x3F, 0xD7,
    0x54, 0x41, 0x18, 0x9A, 0x05, 0x06, 0xA4, 0xAA, 0xE9, 0x58, 0x24, 0xDA, 0xAE, 0x0C, 0x6D, 0x6D,
    0x89, 0x0B, 0x74, 0xE1, 0x12, 0x9D, 0x3B, 0x30, 0x20, 0xC5, 0x12, 0x17, 0x60, 0x61, 0x67, 0x44,
    0x99, 0x3A, 0xB0, 0x37, 0x12, 0x17, 0xE8, 0x11, 0x7C, 0x04, 0x0F, 0x19, 0x18, 0xA0, 0xE6, 0x73,
    0x92, 0x42, 0x5F, 0xF2, 0x8B, 0x3F, 0x3F, 0xBF, 0x3F, 0x8E, 0x0D, 0x60, 0x15, 0x5C, 0x08, 0xAE,
    0x78, 0x35, 0x38, 0xD2, 0xAB, 0xA2, 0x78, 0x0F, 0x21, 0x7C, 0x17, 0x1C, 0xA9, 0x0B, 0xB3, 0xE5,
    0xCC, 0x50, 0x14, 0x88, 0x8A, 0x2B, 0xED, 0x70, 0xF5, 0x10, 0x6D, 0xD9, 0xCC, 0x68, 0xEE, 0x5F,
    0x35, 0x4B, 0x34, 0x83, 0xA1, 0x70, 0x89, 0xCD, 0x30, 0xE7, 0x93, 0x23, 0x2F, 0x75, 0xA9, 0x63,
    0x37, 0x28, 0x97, 0xF9, 0xD4, 0x27, 0x5E, 0x7A, 0xB9, 0x93, 0x65, 0x8A, 0x27, 0x2C, 0xE9, 0x4D,
    0xE8, 0x53, 0x95, 0xAC, 0x84, 0x17, 0xF4, 0x2B, 0x3B, 0xC6, 0x10, 0xD7, 0x60, 0x4E, 0x99, 0x9B,
    0x05, 0x2B, 0x0C, 0xA0, 0x8C, 0xDC, 0x61, 0xC3, 0xD0, 0x61, 0x07, 0xC2, 0x65, 0x48, 0xEC, 0x23,
    0x32, 0x78, 0xCC, 0x3B, 0x0E, 0x73, 0xE9, 0x90, 0x4B, 0x8F, 0xFC, 0xF3, 0x1B, 0x3A, 0x72, 0x5F,
    0xE1, 0x60, 0xCA, 0xE5, 0xC8, 0x7C, 0x40, 0x4A, 0x12, 0xAF, 0xD1, 0xF1, 0x53, 0xC8, 0xDD, 0x04,
    0xB2, 0x9C, 0x21, 0xC5, 0x07, 0x66, 0x2C, 0xCB, 0x92, 0xB5, 0x49, 0xAE, 0xA7, 0xD5, 0xD6, 0xA8,
    0x6A, 0x6B, 0x65, 0x35, 0xB5, 0xC2, 0xA7, 0x86, 0xD4, 0xF1, 0x8A, 0xFD, 0xC6, 0xEC, 0x35, 0x14,
    0x06, 0xD7, 0xE2, 0x05, 0xFA, 0xB9, 0xE9, 0x95, 0xDF, 0x7F, 0x61, 0xC1, 0xDE, 0x71, 0x0F, 0x13,
    0xE1, 0xEB, 0x9A, 0xB2, 0x1C, 0x03, 0x1B, 0x65, 0xFE, 0x36, 0xB1, 0x68, 0xB9, 0x25, 0xFD, 0x86,
    0x75, 0x5F, 0xC5, 0x63, 0x35, 0xEB, 0x5B, 0xD5, 0xF8, 0xE6, 0x24, 0x6F, 0x39, 0xC4, 0x47, 0xDF,
    0xB8, 0xCD, 0x3B, 0xCA, 0xC5, 0x39, 0x39, 0x6D, 0x39, 0xC1, 0xBF, 0x4D, 0x5B, 0x7A, 0xE4, 0xA2,
    0x61, 0x74, 0x91, 0x18, 0x1D, 0x82, 0xBD, 0xEB, 0x25, 0xA6, 0xF6, 0x67, 0x24, 0x5E, 0xC5, 0x00,
    0x0D, 0x51, 0xB7, 0x39, 0xA3, 0x5E, 0x13, 0x3B, 0x63, 0xCE, 0x21, 0xBF, 0xCE, 0x39, 0xD4, 0xA5,
    0x89, 0x37, 0xA8, 0x3D, 0xA6, 0x81, 0x81, 0x56, 0x87, 0x92, 0xDF, 0x8C, 0x07, 0xFB, 0x03, 0x5E,
    0xE3, 0x19, 0xB4, 0xE5, 0x95, 0xD9, 0x2E, 0x15, 0x6E, 0x58, 0x4E, 0x97, 0xD8, 0x02, 0xFB, 0x38,
    0x18, 0x11, 0xB4, 0x8D, 0xFF, 0xB6, 0xEF, 0x02, 0x97, 0x7C, 0x7F, 0x01, 0xED, 0x5C, 0x5F, 0x6C,
    0x1D, 0x57, 0x5A, 0x3F, 0x33, 0x13, 0xDF, 0x89, 0x3D, 0xB6, 0x27, 0x0F, 0x6D, 0x95, 0x8D, 0xAF,
    0x33, 0xFB, 0x10, 0xA4, 0x2C, 0xDC, 0x78, 0x2C, 0x14, 0x81, 0x0B, 0xB6, 0x67, 0xD8, 0x95, 0x78,
    0xA9, 0x10, 0x41, 0x8A, 0x17, 0xD4, 0x17, 0x8A, 0xB4, 0xBC, 0x34, 0x20, 0xE7, 0x21, 0x42, 0xA9,
    0x48, 0x72, 0xA7, 0xEC, 0x43, 0x25, 0x96, 0x07, 0xAF, 0x28, 0x3C, 0xB0, 0x42, 0xF4, 0xA1, 0x7D,
    0x68, 0x22, 0x64, 0x23, 0x05, 0x61, 0x50, 0xE2, 0x19, 0xB5, 0x0F, 0x45, 0xAA, 0x04, 0xA3, 0x2D,
    0x08, 0x50, 0x91, 0x18, 0x15, 0x47, 0xA5, 0xF0, 0x90, 0xD1, 0x72, 0xA5, 0x5E, 0x27, 0xF7, 0xDE,
    0xC3, 0xF7, 0xE7, 0x9C, 0x33, 0x33, 0xFE, 0x17, 0x97, 0x36, 0xE9, 0x9F, 0xDD, 0xF1, 0xF8, 0x9C,
    0xF1, 0xF5, 0xBD, 0x33, 0xDF, 0xF7, 0x9D, 0xEF, 0xCF, 0xEF, 0xFB, 0xCE, 0x39, 0x57, 0x08, 0x73,
    0x58, 0xFA, 0xC2, 0xD3, 0x17, 0x7E, 0xA6, 0x2F, 0x72, 0x75, 0xE1, 0x14, 0xEA, 0xC2, 0x2E, 0xF5,
    0x9B, 0xCC, 0xC5, 0x86, 0xBE, 0xB8, 0xAC, 0x2F, 0xE6, 0xF5, 0xC5, 0xD7, 0xCD, 0x43, 0x4E, 0x70,
    0x77, 0x7C, 0xF2, 0x0C, 0x5F, 0x4C, 0xB6, 0xCF, 0xF3, 0x45, 0x3B, 0x52, 0x37, 0x0A, 0x64, 0xC1,
    0x1F, 0x08, 0x64, 0xC6, 0xB7, 0xF0, 0x92, 0xFA, 0xDD, 0x7B, 0x7B, 0x2E, 0xFA, 0x7B, 0x2E, 0x36,
    0xB1, 0x99, 0x12, 0x99, 0xB8, 0x83, 0x17, 0xB3, 0x76, 0x2E, 0xAE, 0xE1, 0xC5, 0x9C, 0xBA, 0x88,
    0x03, 0xAB, 0x10, 0x8B, 0xC0, 0x71, 0x12, 0x58, 0x25, 0x5E, 0x38, 0x99, 0x0F, 0x7C, 0x2C, 0xD1,
    0x45, 0xDC, 0xE3, 0x0B, 0x2F, 0xDE, 0x14, 0xE7, 0xE0, 0xE1, 0x99, 0x97, 0x5C, 0xC3, 0x8B, 0x34,
    0x73, 0xB3, 0x45, 0x71, 0x5A, 0x38, 0x1F, 0x66, 0x0E, 0x5D, 0xF8, 0x4E, 0xE6, 0x14, 0xE7, 0xE0,
    0x62, 0xF9, 0xD7, 0x73, 0xA7, 0x3C, 0x27, 0xA6, 0x45, 0x57, 0x96, 0x81, 0xFC, 0x4B, 0x78, 0x70,
    0x3A, 0x92, 0x52, 0x0E, 0xE0, 0xA2, 0xDB, 0x97, 0xC3, 0x08, 0x2F, 0xAC, 0x38, 0xED, 0x07, 0x7D,
    0x31, 0x09, 0x4F, 0x0F, 0x0B, 0xB7, 0x14, 0xC7, 0x45, 0xF3, 0x58, 0x13, 0x6E, 0x26, 0xA2, 0xD8,
    0xEE, 0x0B, 0x3F, 0xC9, 0x97, 0xBC, 0xEC, 0x04, 0x5F, 0x67, 0xF8, 0x64, 0x25, 0x33, 0x60, 0xC7,
    0xCB, 0x44, 0x57, 0xD8, 0x3D, 0x11, 0xBC, 0x9C, 0x2D, 0x78, 0xD9, 0x05, 0xBE, 0x4E, 0x90, 0xDE,
    0x13, 0xE2, 0xB3, 0x3F, 0x9E, 0x5E, 0xB9, 0x10, 0xC9, 0x32, 0x94, 0x45, 0x20, 0xF5, 0xF8, 0x5B,
    0x31, 0xD2, 0xF4, 0xFB, 0x19, 0xD0, 0xE2, 0x8C, 0x89, 0xE3, 0x81, 0x98, 0xFC, 0x45, 0x31, 0xF9,
    0xF3, 0xC2, 0x8F, 0xC4, 0x04, 0xBC, 0x7E, 0x2A, 0x83, 0xB1, 0xB7, 0x33, 0x31, 0xF7, 0x09, 0xF8,
    0x3A, 0x81, 0x1A, 0xE4, 0xE5, 0xA2, 0x1B, 0x33, 0x2F, 0x8B, 0x86, 0x17, 0x18, 0xAC, 0x20, 0x13,
    0x5B, 0xC2, 0x2D, 0xE0, 0x06, 0xE2, 0x36, 0x0C, 0xDB, 0x93, 0xE1, 0xD1, 0x4D, 0xF0, 0xB9, 0x3F,
    0x9B, 0x89, 0x97, 0x80, 0x72, 0x90, 0x79, 0x29, 0xA6, 0xD7, 0x44, 0x07, 0xC9, 0x84, 0xFF, 0x54,
    0xC3, 0x61, 0xDE, 0xF6, 0xAC, 0x7E, 0xDB, 0x84, 0x7E, 0x1B, 0x49, 0xE0, 0x71, 0x8C, 0xC8, 0xD8,
    0xCA, 0x45, 0x5F, 0x0E, 0x3C, 0xD9, 0x77, 0x65, 0x4F, 0x1C, 0x2C, 0xBD, 0x7D, 0x98, 0x3A, 0xEC,
    0x38, 0x26, 0x80, 0x6E, 0xAB, 0x8F, 0x56, 0x0E, 0xD2, 0x2E, 0x85, 0x1F, 0xE3, 0x4B, 0x70, 0xA7,
    0xC9, 0xC9, 0xF9, 0xC9, 0xCE, 0x7C, 0x27, 0xC2, 0x5B, 0x85, 0xF7, 0x33, 0xB2, 0x43, 0x7C, 0xFD,
    0xF8, 0x99, 0xF9, 0xB3, 0x0B, 0x1B, 0x0B, 0xDD, 0x22, 0x92, 0x59, 0x74, 0x3F, 0x0E, 0xE2, 0x27,
    0x30, 0x2E, 0x76, 0xEC, 0x17, 0xCB, 0xBD, 0xF9, 0xCE, 0x7C, 0x3B, 0xEA, 0x47, 0x65, 0x8B, 0x1E,
    0xF9, 0x82, 0xB0, 0x86, 0xC2, 0xB9, 0x2F, 0x5A, 0x4E, 0xE2, 0xD9, 0x89, 0x2B, 0x63, 0x47, 0x0A,
    0xF1, 0x9D, 0x27, 0xA1, 0x24, 0x56, 0x4F, 0xB8, 0x7D, 0x71, 0xBA, 0x27, 0x16, 0xBE, 0x0E, 0x1E,
    0xE5, 0x44, 0xFA, 0x67, 0x65, 0x57, 0xE6, 0xC1, 0x28, 0x06, 0xFF, 0x08, 0xD2, 0x3B, 0x5B, 0x7D,
    0x74, 0x62, 0x65, 0x6C, 0x35, 0x0B, 0xC1, 0x1B, 0xC4, 0x91, 0x94, 0xDB, 0x22, 0x7C, 0xF3, 0x82,
    0x10, 0xE3, 0xFB, 0x3E, 0xE4, 0x29, 0x6C, 0xC8, 0x19, 0x5E, 0x35, 0x2E, 0x8C, 0x1A, 0xF2, 0x61,
    0xD7, 0x4C, 0xB3, 0x68, 0x9A, 0xA5, 0x66, 0x33, 0x67, 0x9A, 0xD3, 0xE4, 0x47, 0xC9, 0x71, 0x1F,
    0xD4, 0x4C, 0x13, 0x71, 0xD8, 0x10, 0x35, 0x0D, 0x77, 0xB4, 0x1F, 0xCD, 0xBB, 0xFD, 0x15, 0xBB,
    0x74, 0xF2, 0xF4, 0xB7, 0x4D, 0x73, 0xD5, 0x34, 0x0B, 0x4D, 0x4A, 0x3B, 0xCD, 0xA6, 0xDD, 0x6C,
    0x66, 0x9B, 0xCD, 0x94, 0x69, 0xA6, 0x2B, 0x9A, 0x51, 0xF5, 0xFC, 0x1D, 0x34, 0x3B, 0x89, 0x61,
    0x08, 0x1B, 0x71, 0x03, 0x5D, 0x02, 0xE8, 0x6B, 0x50, 0x8A, 0x67, 0x73, 0xA4, 0xE5, 0x2E, 0x78,
    0x69, 0x19, 0x87, 0x52, 0x84, 0x6B, 0x4C, 0x10, 0x1D, 0x89, 0xB0, 0xC0, 0x5B, 0xD1, 0xE9, 0xF2,
    0x45, 0x4E, 0x67, 0x21, 0x6C, 0x3A, 0x21, 0x04, 0xC0, 0x29, 0xEA, 0x67, 0x8F, 0x18, 0x82, 0xF3,
    0x0A, 0xF1, 0x68, 0x4E, 0x6D, 0xD3, 0x0E, 0x18, 0x49, 0x29, 0xCE, 0x95, 0x38, 0x5E, 0x40, 0x45,
    0x57, 0x26, 0xFC, 0xD0, 0xF3, 0xFA, 0x89, 0x4E, 0x56, 0x9D, 0xE0, 0x10, 0xC1, 0x95, 0x59, 0x74,
    0x8A, 0xA2, 0x79, 0x9A, 0x27, 0x6E, 0xD4, 0xCE, 0x2B, 0x34, 0xD2, 0xD1, 0x9A, 0x88, 0xFA, 0x02,
    0x62, 0x06, 0x86, 0x5A, 0x8A, 0xCD, 0x01, 0x86, 0xE3, 0x08, 0x9B, 0x0F, 0x41, 0x1C, 0x16, 0x5E,
    0xD8, 0xE8, 0x06, 0x6C, 0x39, 0x84, 0x36, 0x1D, 0x40, 0xB3, 0x05, 0x76, 0x61, 0x1D, 0x6C, 0xF3,
    0x28, 0x14, 0x7B, 0xA8, 0x05, 0xE8, 0x49, 0x78, 0xB7, 0xDF, 0xC5, 0x26, 0x85, 0x1B, 0xFA, 0x52,
    0x37, 0xDE, 0xC7, 0x78, 0x9B, 0xEF, 0x12, 0xA7, 0x66, 0x1C, 0x3A, 0x5A, 0x21, 0x29, 0xF4, 0x13,
    0x22, 0xE8, 0x26, 0xE2, 0xA7, 0x2E, 0x8D, 0xF0, 0x46, 0x3D, 0x83, 0x1F, 0xC8, 0x73, 0x74, 0xF1,
    0x4F, 0x1A, 0xA8, 0x3F, 0xC7, 0x21, 0x23, 0x50, 0x91, 0x0B, 0xF5, 0x46, 0x1B, 0x03, 0xBC, 0x83,
    0x63, 0xE9, 0x1D, 0xEC, 0x38, 0x62, 0x96, 0x32, 0x3C, 0x08, 0x83, 0xFA, 0x69, 0xE4, 0x6D, 0x01,
    0xB5, 0x7C, 0x79, 0x0B, 0x65, 0x80, 0x44, 0x52, 0xD3, 0x42, 0x16, 0x28, 0xAA, 0x32, 0x7D, 0x0B,
    0x1A, 0x18, 0x30, 0x91, 0x28, 0x22, 0xE0, 0x2F, 0x76, 0x47, 0xF8, 0xFE, 0x1E, 0x12, 0x80, 0x8A,
    0x74, 0x51, 0x79, 0x53, 0x52, 0xB3, 0xD3, 0x64, 0x34, 0x70, 0x86, 0x64, 0x33, 0x01, 0x69, 0x1C,
    0x9E, 0xB1, 0x3A, 0xC1, 0xED, 0xC1, 0x09, 0xEE, 0xDE, 0xCD, 0x1A, 0xE3, 0x8A, 0x67, 0x22, 0x6C,
    0x38, 0x63, 0x61, 0x6B, 0x74, 0x03, 0xC1, 0xCD, 0xEB, 0x89, 0xD9, 0x0D, 0xA4, 0x64, 0x39, 0x06,
    0x03, 0xCA, 0x02, 0x19, 0x07, 0xFF, 0xC4, 0x84, 0xA9, 0x87, 0x4E, 0xD3, 0x43, 0xAB, 0x07, 0x11,
    0xE2, 0x82, 0xD3, 0x8D, 0xF1, 0x74, 0xCC, 0x99, 0xD4, 0xCE, 0xBA, 0x32, 0x81, 0xBE, 0x8E, 0x62,
    0x01, 0xAE, 0xA8, 0x9B, 0x8B, 0x99, 0x8C, 0xA5, 0xC5, 0x1A, 0xF9, 0x6C, 0xA1, 0xCC, 0xC0, 0x68,
    0xE4, 0x95, 0x3A, 0xEC, 0xB2, 0x19, 0x20, 0x79, 0x1C, 0x3B, 0x66, 0x19, 0x52, 0x29, 0xCA, 0x80,
    0x58, 0x41, 0xA2, 0xCD, 0x18, 0x84, 0xD1, 0x5F, 0x40, 0xB8, 0x79, 0xCB, 0x16, 0x7F, 0x96, 0xFF,
    0x11, 0x72, 0x27, 0xC9, 0x0E, 0xED, 0x9E, 0x0E, 0x88, 0x80, 0xA8, 0x48, 0x59, 0x1C, 0x1E, 0x8E,
    0x71, 0x76, 0x68, 0x93, 0xDC, 0x01, 0xE2, 0xBB, 0xCE, 0xA0, 0x30, 0xBA, 0xC7, 0x9D, 0xEC, 0x23,
    0xB9, 0x1E, 0xA8, 0x2F, 0x92, 0x62, 0x5D, 0x67, 0x7F, 0xB7, 0x84, 0x0C, 0x08, 0x6B, 0x80, 0x23,
    0x87, 0xB6, 0x1D, 0xF5, 0xC4, 0x0C, 0x50, 0x85, 0x0E, 0x69, 0x88, 0xEF, 0x96, 0xA8, 0x3F, 0x96,
    0x94, 0x3B, 0x24, 0xCE, 0x37, 0x3E, 0x2B, 0xFE, 0x8E, 0x70, 0x9C, 0x40, 0xFE, 0xD0, 0xE3, 0xA0,
    0x55, 0x00, 0x5E, 0x6D, 0x21, 0x1D, 0x39, 0xB2, 0x89, 0xB8, 0x78, 0x12, 0x9D, 0xD3, 0x6B, 0xE8,
    0xD2, 0x5C, 0x39, 0x12, 0x27, 0xE1, 0x2D, 0x97, 0x24, 0x6B, 0xA5, 0xCF, 0xDD, 0x1C, 0xAA, 0x18,
    0x86, 0x2C, 0x08, 0xD4, 0x68, 0xD8, 0x7E, 0x0F, 0xF4, 0xB7, 0x20, 0x8E, 0x80, 0x1C, 0x1B, 0x5A,
    0xA4, 0xBF, 0x2B, 0x49, 0x47, 0x5B, 0x37, 0xD7, 0xD4, 0x23, 0xFB, 0x18, 0x6A, 0xA6, 0x6E, 0xE3,
    0x3D, 0x22, 0xD2, 0x28, 0xB0, 0x51, 0x7F, 0x5B, 0x7C, 0xA3, 0x8E, 0xA9, 0xCF, 0x93, 0xDF, 0x1D,
    0x90, 0xE3, 0x58, 0x44, 0x86, 0x5A, 0x3D, 0x24, 0x30, 0x04, 0x08, 0x15, 0xD3, 0x1B, 0x06, 0xC2,
    0x19, 0x88, 0xE9, 0xAB, 0x48, 0x5D, 0x18, 0x23, 0xC6, 0xF6, 0x64, 0xE6, 0x6D, 0xB3, 0xC3, 0xDD,
    0x73, 0x8C, 0xE3, 0x93, 0x66, 0x64, 0x91, 0xCA, 0x41, 0xFA, 0xDE, 0x80, 0x86, 0xE5, 0x29, 0x78,
    0xC4, 0x55, 0xB8, 0xD8, 0x84, 0x70, 0x74, 0x0D, 0x7E, 0x16, 0xE1, 0x67, 0x89, 0x7E, 0xE6, 0xE0,
    0xE7, 0x34, 0x68, 0xB3, 0x6F, 0x7E, 0xA6, 0x21, 0xB0, 0x8C, 0xEB, 0x88, 0xF1, 0x14, 0x89, 0xF7,
    0xAA, 0xA6, 0x8C, 0xCF, 0x0E, 0x9D, 0xB3, 0x74, 0x4E, 0xE9, 0x73, 0xBA, 0x76, 0x36, 0x2C, 0x03,
    0xFC, 0xF6, 0x0E, 0x78, 0xAC, 0xD8, 0x02, 0x29, 0xAD, 0xEE, 0xA6, 0x55, 0xE7, 0x18, 0x9B, 0x16,
    0xA3, 0x93, 0x81, 0xC3, 0x7F, 0xDF, 0x99, 0xE0, 0x7E, 0x69, 0x8A, 0xFB, 0xD9, 0xD3, 0xDC, 0x4F,
    0x85, 0xDC, 0x5F, 0x23, 0x6F, 0x2A, 0xBC, 0x01, 0x39, 0x98, 0x96, 0xEC, 0x79, 0xF2, 0xA3, 0x95,
    0x5B, 0x52, 0xE6, 0x0E, 0x0E, 0x07, 0x6A, 0x5A, 0xCA, 0xE3, 0x02, 0xFF, 0x93, 0x23, 0x1A, 0x0B,
    0xEB, 0xE2, 0x51, 0x01, 0xC3, 0x0B, 0xAA, 0x1F, 0xAA, 0x70, 0xA1, 0x7A, 0x7B, 0xB0, 0x3B, 0x31,
    0xAA, 0xA7, 0x5D, 0x4E, 0x4D, 0xFC, 0x2A, 0x39, 0xD2, 0x17, 0x6D, 0xEE, 0x5E, 0xD3, 0xC8, 0xBA,
    0xC4, 0x41, 0xE4, 0x1B, 0x07, 0xE4, 0xED, 0x53, 0xD0, 0x0A, 0xF0, 0x09, 0xD6, 0xBA, 0x5C, 0xCF,
    0x48, 0x9F, 0x64, 0xDF, 0x4B, 0x6C, 0xBA, 0x48, 0x58, 0xA7, 0x18, 0x30, 0x5A, 0xA9, 0xBC, 0xF7,
    0x68, 0xF2, 0x5B, 0x62, 0x77, 0xDE, 0x17, 0xEA, 0xBC, 0x2F, 0xD0, 0x29, 0xA1, 0x1D, 0xEF, 0x76,
    0xD8, 0xB9, 0x55, 0x38, 0x25, 0x44, 0xD2, 0x52, 0x14, 0x33, 0xB9, 0xCC, 0xD2, 0xF8, 0xBA, 0xF9,
    0x27, 0x80, 0xB3, 0xD2, 0x2F, 0xBD, 0xC2, 0xCA, 0x0E, 0x54, 0xB0, 0xDA, 0x71, 0x06, 0x9D, 0x0D,
    0x86, 0x0F, 0x10, 0xDB, 0x49, 0xFE, 0xBC, 0xB0, 0x9F, 0xCB, 0x3D, 0xCC, 0xAE, 0xB2, 0xE0, 0xAD,
    0xC4, 0x4E, 0x76, 0x9B, 0x25, 0x3A, 0x16, 0x19, 0xDB, 0x38, 0x78, 0xA5, 0x77, 0xBF, 0x9C, 0x76,
    0x7A, 0xB3, 0xA2, 0x3F, 0x2B, 0xAE, 0x84, 0xDF, 0x06, 0xD4, 0x06, 0x9F, 0xCA, 0x7D, 0xF8, 0xEF,
    0x0E, 0x39, 0xDF, 0x16, 0x04, 0x05, 0x1F, 0x8C, 0x16, 0x1D, 0x41, 0xF8, 0x4E, 0x4D, 0xEA, 0xE4,
    0x43, 0xD0, 0x4F, 0x5D, 0x51, 0x20, 0x66, 0x81, 0x9C, 0x10, 0x68, 0x08, 0x38, 0x0F, 0x50, 0xDE,
    0xB2, 0x03, 0xCE, 0xF7, 0x9C, 0x70, 0x1E, 0xDC, 0x05, 0x8B, 0x1D, 0x81, 0x8D, 0xFF, 0x07, 0xD0,
    0x88, 0x02, 0xC2, 0x37, 0x80, 0x71, 0xA1, 0xA1, 0xD6, 0xA1, 0x1C, 0xD0, 0x1E, 0x71, 0x1F, 0xB1,
    0xB3, 0x11, 0xF0, 0x29, 0x3A, 0xB6, 0xDA, 0xD5, 0xF0, 0x7E, 0x2E, 0xEA, 0xAB, 0xE8, 0x33, 0x04,
    0x1A, 0x0A, 0x0D, 0x89, 0x86, 0xC6, 0x4A, 0x07, 0x0F, 0x3A, 0x3E, 0x1F, 0xFD, 0x1D, 0x13, 0x13,
    0x41, 0x02, 0xEA, 0x00, 0x28, 0x20, 0x7C, 0x85, 0x11, 0xC6, 0x11, 0x1C, 0xE1, 0x18, 0xA6, 0xA9,
    0xA0, 0x0E, 0xFC, 0x29, 0xE7, 0x48, 0x9E, 0xCF, 0x30, 0xA8, 0xAB, 0x21, 0xDA, 0x16, 0x42, 0xF5,
    0xB7, 0xAB, 0xE4, 0x7A, 0xF2, 0x86, 0x16, 0x26, 0xF7, 0xA9, 0x92, 0x65, 0xB7, 0x5D, 0x89, 0xE5,
    0xF3, 0x18, 0x6E, 0x6B, 0x4F, 0x39, 0xC7, 0x58, 0xB3, 0x66, 0xC1, 0xF0, 0x60, 0x98, 0x30, 0x5C,
    0x18, 0x36, 0x0C, 0x1F, 0x07, 0xE4, 0x2F, 0x9F, 0xB7, 0x4A, 0x58, 0x04, 0x82, 0xBC, 0x3E, 0xE2,
    0x20, 0xEB, 0x5F, 0x45, 0x2B, 0x4C, 0x7C, 0x54, 0x8F, 0x38, 0x7C, 0x57, 0x93, 0xF1, 0x48, 0xF5,
    0xD0, 0x77, 0x80, 0x5C, 0xDE, 0xFA, 0x37, 0xD1, 0x0A, 0xF0, 0x0E, 0xA1, 0x4C, 0x82, 0x77, 0xF7,
    0x78, 0xBB, 0x7D, 0x55, 0xE5, 0xA7, 0x5F, 0x25, 0x3A, 0xA4, 0x7C, 0x70, 0xAB, 0x2F, 0x68, 0x60,
    0x7A, 0xE0, 0x2E, 0xA0, 0x83, 0xDB, 0x81, 0xCF, 0x78, 0x9D, 0x84, 0xB8, 0x56, 0x03, 0x2A, 0x3E,
    0x2B, 0xC1, 0x52, 0x05, 0xCE, 0x0D, 0x7A, 0x77, 0xF8, 0x5F, 0x4A, 0xB1, 0x27, 0xC8, 0x29, 0x62,
    0x90, 0x1C, 0x91, 0x0C, 0x09, 0x5B, 0xB7, 0xC9, 0x3D, 0x61, 0x20, 0xC5, 0x7C, 0xF3, 0x1C, 0xBF,
    0x53, 0x49, 0x33, 0x6C, 0x78, 0x6B, 0x9F, 0x4B, 0x6B, 0x1E, 0x8F, 0xA4, 0x03, 0x39, 0x1D, 0x83,
    0xB7, 0x8F, 0x56, 0x56, 0x7E, 0x03, 0x06, 0x9A, 0x80, 0x87, 0xAB, 0xF4, 0xE7, 0x67, 0xB4, 0x58,
    0x2F, 0x54, 0xAC, 0xBE, 0xF8, 0x3A, 0x7F, 0xAE, 0x7A, 0x23, 0xA0, 0xCD, 0x07, 0x29, 0x02, 0xB1,
    0x31, 0x72, 0xA6, 0x38, 0x5C, 0x7F, 0x8C, 0x9D, 0xD3, 0x73, 0x86, 0x17, 0x91, 0x31, 0x1B, 0xA1,
    0xE1, 0x12, 0x23, 0x44, 0x60, 0x2C, 0x18, 0x19, 0xC6, 0x98, 0x24, 0x37, 0xD6, 0xA5, 0xC6, 0x33,
    0x9C, 0x60, 0x8C, 0x88, 0xBF, 0x3A, 0x63, 0xB3, 0x87, 0x31, 0x96, 0xD4, 0xE3, 0x93, 0xAF, 0x00,
    0x28, 0xF3, 0x67, 0xCB, 0x9D, 0x78, 0xEC, 0xF9, 0x3B, 0x6C, 0x11, 0x05, 0x60, 0x1D, 0xB2, 0x0F,
    0x8B, 0xC8, 0x85, 0x63, 0xA5, 0xC6, 0xD8, 0x9B, 0xF4, 0x31, 0x7A, 0xDD, 0x27, 0xEE, 0x01, 0x64,
    0x8E, 0x62, 0x7E, 0xF3, 0x80, 0xB0, 0x66, 0x1F, 0xB1, 0xA2, 0x44, 0xA0, 0x76, 0x4F, 0x5C, 0x38,
    0x45, 0x98, 0x33, 0x25, 0x67, 0x99, 0xF6, 0x54, 0x0A, 0x5A, 0x3B, 0x38, 0x30, 0xB9, 0xBD, 0x8A,
    0x26, 0xAF, 0x50, 0x95, 0x3B, 0x7D, 0x9C, 0x52, 0xA1, 0x60, 0x47, 0x49, 0x74, 0x9B, 0x08, 0x90,
    0xF2, 0xDE, 0x4A, 0x3C, 0x26, 0x56, 0x59, 0xB7, 0x5D, 0x1E, 0x09, 0xD4, 0x70, 0xA4, 0x61, 0xC7,
    0x45, 0xAB, 0xDE, 0x11, 0xDE, 0xBD, 0x18, 0x73, 0x1E, 0x08, 0x83, 0x80, 0x88, 0x91, 0xEA, 0xB9,
    0x98, 0xF1, 0x67, 0xAD, 0xD8, 0x26, 0x18, 0x39, 0xD3, 0xCD, 0xB9, 0x53, 0xE0, 0xBC, 0x2A, 0xCA,
    0xC2, 0xF1, 0x58, 0x15, 0xD5, 0x64, 0xEF, 0xC6, 0xD8, 0x95, 0xA9, 0x77, 0xB8, 0xFB, 0xD2, 0x2A,
    0xAA, 0xC9, 0x84, 0x0D, 0x7F, 0x8A, 0xB1, 0xD9, 0xC3, 0x18, 0xFB, 0x62, 0x29, 0xEA, 0xE3, 0x54,
    0x3F, 0xE5, 0x23, 0x3D, 0x1E, 0xC3, 0xA0, 0xAC, 0x33, 0x6E, 0x25, 0x8F, 0x8A, 0x19, 0x5F, 0x59,
    0x9D, 0xFC, 0x94, 0x72, 0xF9, 0xCA, 0xAA, 0xF4, 0x51, 0xBC, 0x65, 0xFD, 0xF8, 0xEC, 0x7C, 0xB5,
    0x9A, 0x7A, 0x4A, 0x15, 0xE4, 0x6D, 0xA4, 0x6A, 0x27, 0x0F, 0x1C, 0x88, 0xC7, 0x68, 0x3A, 0x88,
    0xC7, 0x11, 0x8A, 0x77, 0x81, 0xF3, 0x2E, 0xE8, 0x87, 0x8B, 0xAE, 0xFB, 0xAE, 0x92, 0xB8, 0xAF,
    0x34, 0xD9, 0x81, 0xCF, 0xCC, 0xC4, 0xCF, 0x5E, 0x92, 0xA8, 0x74, 0x54, 0x3B, 0x09, 0x46, 0x4D,
    0x54, 0x82, 0x72, 0xE3, 0xAA, 0x60, 0x6E, 0x1A, 0x14, 0x97, 0x45, 0x4D, 0x69, 0x26, 0xEB, 0x4A,
    0x33, 0x7B, 0x76, 0xDB, 0x14, 0x99, 0x07, 0x60, 0x18, 0x90, 0x9E, 0x06, 0xBF, 0xB6, 0x7A, 0x03,
    0x05, 0x1B, 0xC4, 0xA1, 0x1C, 0xF8, 0x90, 0x36, 0x15, 0x5E, 0x2E, 0x2E, 0x62, 0xD5, 0x09, 0x85,
    0x36, 0xE2, 0xAA, 0x1E, 0x05, 0x98, 0xB3, 0x07, 0x94, 0xB0, 0x3F, 0x15, 0x1F, 0x54, 0x46, 0xF3,
    0x0B, 0x0D, 0x51, 0xC9, 0x02, 0x77, 0x43, 0xAF, 0xC7, 0xCA, 0xA5, 0xAA, 0x24, 0x2D, 0x98, 0x6A,
    0xFB, 0x0D, 0xA3, 0x29, 0x94, 0x2B, 0xF9, 0xB1, 0x9E, 0x8F, 0x24, 0x1F, 0x43, 0x2A, 0xEC, 0xC4,
    0xDA, 0x98, 0xA8, 0xE4, 0x7E, 0x5D, 0x27, 0xFA, 0xE4, 0x38, 0xD2, 0x5C, 0x84, 0xEB, 0xA0, 0x13,
    0x56, 0x4A, 0xC0, 0x3D, 0xAE, 0x6A, 0xA4, 0xE4, 0x7A, 0x22, 0x7C, 0xA1, 0x5B, 0x70, 0x39, 0x09,
    0x6E, 0x50, 0x34, 0xEA, 0xDF, 0x6D, 0x53, 0x40, 0xEF, 0xE9, 0x72, 0x28, 0x61, 0xE3, 0x34, 0x11,
    0xDF, 0x58, 0x1D, 0xA1, 0x26, 0xE1, 0xEB, 0x4F, 0xC7, 0x46, 0xA9, 0xBB, 0x46, 0xA1, 0xEF, 0xD6,
    0x8C, 0xF9, 0x11, 0x35, 0xAD, 0xC7, 0xCE, 0x2F, 0x81, 0xFF, 0x28, 0x61, 0xC2, 0x15, 0x91, 0xE3,
    0x47, 0x20, 0xED, 0x71, 0x88, 0xA9, 0x51, 0xBB, 0xB0, 0x55, 0xA0, 0x10, 0x8E, 0xA3, 0x73, 0x39,
    0xBE, 0xB0, 0x63, 0xFF, 0x61, 0xC2, 0x1E, 0x53, 0xA5, 0xC6, 0xDE, 0x43, 0x50, 0x56, 0x9B, 0x4C,
    0xFE, 0xE1, 0x88, 0x6A, 0x5B, 0x8E, 0x2C, 0x2E, 0xD2, 0x85, 0x8D, 0xEF, 0x38, 0xA3, 0x35, 0x90,
    0x32, 0x3C, 0x73, 0x91, 0x6B, 0xE4, 0x95, 0xA9, 0x29, 0x6C, 0xD2, 0xB1, 0x4D, 0x2D, 0x54, 0xB2,
    0x8D, 0x98, 0x2B, 0xE9, 0x36, 0x79, 0xD0, 0x68, 0x67, 0x85, 0x0A, 0xF9, 0xE4, 0x3A, 0x0B, 0xAE,
    0xB8, 0x4A, 0x26, 0xC1, 0x52, 0xC1, 0x05, 0xC4, 0xFA, 0xE6, 0x01, 0x12, 0x4B, 0x16, 0x95, 0x19,
    0x59, 0x19, 0xC7, 0x45, 0x27, 0x76, 0xB2, 0x2E, 0x7D, 0xDA, 0xCD, 0x82, 0x07, 0xEF, 0x6F, 0x5B,
    0xEA, 0x86, 0x6F, 0x0F, 0x5B, 0xCA, 0x7D, 0xBD, 0x3C, 0x9C, 0x24, 0x66, 0x7E, 0x24, 0xE3, 0x6B,
    0xE8, 0xFC, 0xAC, 0x51, 0xFC, 0x35, 0x35, 0xBB, 0x93, 0x8B, 0x3A, 0x1B, 0x15, 0x1F, 0x74, 0xC5,
    0xA5, 0x9C, 0xDB, 0x26, 0xAA, 0xE0, 0x2C, 0x15, 0x4F, 0x04, 0xE2, 0xF3, 0xD8, 0xB7, 0x46, 0xDB,
    0x22, 0x60, 0xBF, 0x1A, 0xEA, 0x6C, 0x0D, 0x7D, 0xB7, 0x72, 0x7C, 0x0E, 0xC5, 0x06, 0x3A, 0x56,
    0xE5, 0xDA, 0x81, 0x79, 0xE4, 0x31, 0x52, 0xB5, 0xE3, 0x34, 0x0D, 0x74, 0xD6, 0xC3, 0x00, 0x1E,
    0x3D, 0x87, 0x6A, 0x81, 0xA5, 0x8A, 0xF4, 0x07, 0x70, 0x8B, 0x19, 0x29, 0x9F, 0x1B, 0x88, 0x34,
    0x95, 0xE2, 0x82, 0xD8, 0xF2, 0xFA, 0xAA, 0x82, 0x63, 0x8E, 0xE3, 0xE2, 0xB5, 0x36, 0xBA, 0xAB,
    0x1C, 0xA2, 0xD8, 0xA6, 0x9B, 0x63, 0xCE, 0x26, 0x1F, 0xDC, 0x2F, 0x30, 0x40, 0xBD, 0x3B, 0x90,
    0xF2, 0xA1, 0x7C, 0x7B, 0x70, 0x35, 0xCC, 0xD3, 0xF8, 0x4E, 0xFD, 0x43, 0x26, 0x4E, 0xE9, 0x8A,
    0x9D, 0x2E, 0xE1, 0x69, 0x58, 0x0D, 0xC7, 0xEF, 0x69, 0x2A, 0xBF, 0xA7, 0xD2, 0x69, 0x47, 0xAA,
    0x25, 0x0C, 0xBE, 0x76, 0xED, 0xDE, 0x07, 0x49, 0xCD, 0x6B, 0x3D, 0xF2, 0xF8, 0x6A, 0xE9, 0xE5,
    0x31, 0x73, 0x15, 0x99, 0xAB, 0xD4, 0xE0, 0x9D, 0xD4, 0xBC, 0x36, 0x6B, 0xC6, 0xFE, 0xB7, 0x4C,
    0x05, 0x4D, 0x6A, 0x29, 0xDB, 0x52, 0xBF, 0x66, 0x0D, 0x36, 0x76, 0x05, 0xF0, 0x4F, 0x72, 0x7C,
    0xA5, 0x2C, 0x83, 0xEB, 0x2B, 0x6E, 0x51, 0x21, 0x27, 0x8A, 0x99, 0xC2, 0xFE, 0x7B, 0x72, 0xAD,
    0x34, 0x72, 0xB4, 0x7A, 0x46, 0x55, 0x71, 0xC2, 0x3F, 0xAC, 0xC1, 0xE1, 0xC7, 0x60, 0x67, 0xC7,
    0x6A, 0x80, 0x3C, 0xCA, 0x8D, 0xB7, 0x17, 0x1E, 0x09, 0xEB, 0x0C, 0xC5, 0xA2, 0xAE, 0xAC, 0xC6,
    0x75, 0xEB, 0xEC, 0x11, 0xA3, 0xD3, 0xFF, 0xCB, 0x76, 0x81, 0x9F, 0xD7, 0xCD, 0x65, 0x30, 0x32,
    0x97, 0x52, 0x17, 0x39, 0x71, 0x74, 0x4D, 0x29, 0xEC, 0x5E, 0x37, 0x53, 0x95, 0xAA, 0xBB, 0x38,
    0xD3, 0x40, 0xB3, 0x92, 0x0E, 0x20, 0xD7, 0x18, 0x8D, 0x11, 0xB0, 0x81, 0x68, 0x8D, 0xA8, 0x7E,
    0xE4, 0xCB, 0xD1, 0x2D, 0xA0, 0x7E, 0x5C, 0xA9, 0x09, 0xD8, 0xC0, 0xA4, 0xC2, 0xE5, 0x23, 0x06,
    0x43, 0xCE, 0x43, 0x2A, 0xBC, 0x2D, 0x54, 0x69, 0xC8, 0x79, 0xA3, 0x0C, 0x3C, 0x29, 0x9E, 0x99,
    0xB5, 0x49, 0x36, 0x5F, 0xDE, 0xA9, 0xC0, 0xF8, 0x56, 0x85, 0xAF, 0x8D, 0xCD, 0xB1, 0xD5, 0xF5,
    0xF5, 0xB2, 0x28, 0x65, 0x77, 0x35, 0xCB, 0x23, 0xDB, 0xDB, 0xD6, 0xFC, 0x3D, 0xF3, 0xC6, 0xD1,
    0x4C, 0xC1, 0xAE, 0x44, 0x12, 0xC8, 0xCA, 0x1E, 0x0D, 0x1C, 0x75, 0xA4, 0xF6, 0x63, 0x22, 0xD8,
    0xA6, 0xA0, 0x8B, 0x5C, 0x5C, 0x57, 0x80, 0xDF, 0x2E, 0xC0, 0x9D, 0x70, 0xDD, 0xD0, 0xD9, 0x71,
    0x93, 0x19, 0xA0, 0x24, 0x53, 0xF9, 0xC9, 0x88, 0x1C, 0x18, 0x97, 0xE8, 0xB6, 0x1D, 0x16, 0x39,
    0xBE, 0x4C, 0xB1, 0xFE, 0xEF, 0xA4, 0x5C, 0xEB, 0x8E, 0x26, 0xB5, 0x91, 0xD8, 0xA3, 0x76, 0x55,
    0x95, 0x68, 0x57, 0x6B, 0xC4, 0x3A, 0x55, 0x1D, 0x63, 0xAE, 0x12, 0x14, 0x9A, 0x8F, 0x97, 0xE9,
    0xB4, 0xC3, 0x4A, 0x55, 0x02, 0x33, 0x5A, 0x59, 0x1F, 0x19, 0x9A, 0xB5, 0x13, 0xB2, 0x54, 0x81,
    0x90, 0x8D, 0xCB, 0x2C, 0x12, 0xDB, 0x35, 0x79, 0xF3, 0x1D, 0x65, 0x72, 0x71, 0xC5, 0x3B, 0xF1,
    0x7D, 0x52, 0xF8, 0xF7, 0x80, 0xE7, 0x65, 0xF8, 0x71, 0x73, 0x21, 0x93, 0x1E, 0xAE, 0x04, 0x93,
    0x0F, 0x33, 0x78, 0x66, 0xF8, 0xAB, 0xC4, 0x63, 0xE8, 0x50, 0x2A, 0xD6, 0xC6, 0x1C, 0x07, 0x9F,
    0xF3, 0x57, 0x2F, 0x5E, 0xD0, 0xAE, 0xB5, 0xF2, 0xF3, 0x15, 0xD6, 0x18, 0xD3, 0x54, 0x15, 0x6A,
    0xEC, 0xFA, 0xAA, 0xBC, 0x3A, 0xE0, 0x97, 0x6F, 0x0D, 0x94, 0x2D, 0x0F, 0x14, 0xA3, 0x3D, 0xCC,
    0xBE, 0xAE, 0x51, 0xBA, 0xD8, 0x8D, 0x4B, 0x0B, 0x00, 0x55, 0x4B, 0x3E, 0xFC, 0xE7, 0x14, 0x72,
    0x9D, 0xF0, 0x5F, 0x48, 0x9E, 0x79, 0xF4, 0x32, 0xB4, 0xAF, 0xC8, 0xE2, 0x9C, 0x98, 0xC3, 0xE5,
    0x19, 0xB9, 0xD0, 0xEB, 0x0E, 0x4C, 0x79, 0x79, 0x7E, 0xBF, 0x71, 0xAF, 0x1C, 0x89, 0x6D, 0xFC,
    0x2C, 0x43, 0x74, 0x25, 0xC3, 0xDE, 0xDE, 0x09, 0xAC, 0x23, 0x1D, 0x3F, 0x31, 0xB7, 0xDD, 0x47,
    0x2D, 0x40, 0x55, 0x71, 0xCE, 0x92, 0xD5, 0xAB, 0xC3, 0xEA, 0xF2, 0xE4, 0x27, 0x11, 0xF5, 0x4F,
    0x6C, 0x57, 0xCB, 0x96, 0x3F, 0x6C, 0x8D, 0xEA, 0x25, 0xCF, 0x47, 0x00, 0x83, 0x27, 0x64, 0xF3,
    0xE3, 0xBB, 0xA6, 0x4A, 0x23, 0x3D, 0x6F, 0xA4, 0x38, 0x73, 0x1F, 0xBD, 0xCC, 0xEF, 0x0B, 0xE3,
    0x33, 0x4C, 0x9E, 0xBF, 0xA8, 0x56, 0x51, 0x34, 0x00, 0xDD, 0x52, 0xA3, 0x88, 0xD6, 0xAC, 0xA5,
    0xCD, 0x36, 0xBA, 0xE9, 0x43, 0x3A, 0x5F, 0x99, 0x99, 0xB0, 0x08, 0x7F, 0xF2, 0xDA, 0x8C, 0x09,
    0x8B, 0x9C, 0xC6, 0x84, 0x47, 0x98, 0x68, 0x22, 0x8A, 0x51, 0x6D, 0x27, 0x7A, 0x04, 0x32, 0x40,
    0x9B, 0x52, 0xD2, 0x31, 0x4C, 0xEE, 0xC4, 0xDF, 0xAE, 0x83, 0x58, 0xA8, 0xDE, 0x94, 0x53, 0x39,
    0x6E, 0x87, 0x2C, 0x96, 0x4A, 0x0A, 0xE9, 0x47, 0x71, 0x13, 0x4D, 0xD4, 0xE9, 0x54, 0xAC, 0xF0,
    0xAC, 0x93, 0x76, 0x06, 0x47, 0xA0, 0xDA, 0xDF, 0xAF, 0xF3, 0xF6, 0xEB, 0x5C, 0xCE, 0x23, 0x5C,
    0x9A, 0x21, 0x86, 0x2E, 0x45, 0x07, 0xE0, 0xBA, 0x3C, 0x4D, 0x17, 0xFE, 0x37, 0x75, 0x43, 0x92,
    0x25, 0xA8, 0x5D, 0x40, 0x37, 0xB3, 0xD0, 0x31, 0x2C, 0x8E, 0x81, 0x17, 0xFA, 0xED, 0x6F, 0x23,
    0x2F, 0x17, 0xA8, 0xC0, 0x28, 0x07, 0x3E, 0x77, 0xA0, 0x86, 0xA3, 0xEF, 0xA7, 0xFD, 0x46, 0xEE,
    0xAE, 0x56, 0xAF, 0x2C, 0xD6, 0x06, 0x66, 0xB9, 0xF6, 0x4A, 0xBD, 0xED, 0xEC, 0x69, 0x67, 0x0F,
    0x6C, 0x51, 0x97, 0xA6, 0x68, 0x51, 0xD9, 0x14, 0x2E, 0x67, 0x11, 0x93, 0xE1, 0xFF, 0x00, 0xF9,
    0xB3, 0x7D, 0x74, 0x9D, 0x90, 0x5D, 0x2F, 0xA2, 0xFC, 0x71, 0xC0, 0x36, 0xC7, 0xD2, 0x52, 0x3C,
    0x43, 0xD2, 0x4F, 0xC9, 0x39, 0xB3, 0xEC, 0xBB, 0xF5, 0x75, 0x39, 0x97, 0x8D, 0x27, 0x56, 0xAB,
    0x19, 0x55, 0x7B, 0x75, 0x4F, 0xBB, 0x78, 0x68, 0x7B, 0xAE, 0xD1, 0x5A, 0x31, 0xD2, 0x19, 0xA2,
    0xEE, 0x5B, 0x88, 0x97, 0xDB, 0x1E, 0x56, 0xDD, 0xDA, 0xD1, 0x2D, 0xA6, 0x73, 0x44, 0x16, 0x48,
    0x74, 0x62, 0xBC, 0xBB, 0x6A, 0x01, 0x9D, 0x63, 0x0F, 0x52, 0xB9, 0x73, 0x91, 0x64, 0x3A, 0x0C,
    0xA9, 0x05, 0x3F, 0xFF, 0xFD, 0xF5, 0xC1, 0xA7, 0xD0, 0xF9, 0x09, 0x26, 0x86, 0x1C, 0xEC, 0x2C,
    0xA3, 0xDF, 0x59, 0x36, 0xF5, 0xE9, 0xDA, 0xE2, 0xB9, 0x2F, 0xA1, 0xCE, 0x53, 0x32, 0x3A, 0xCD,
    0x99, 0x85, 0xCF, 0xF5, 0x38, 0x9F, 0x7D, 0x9A, 0xCF, 0xFF, 0xFB, 0x22, 0xEB, 0xFC, 0x38, 0xB5,
    0x48, 0x6D, 0x87, 0xFC, 0x6F, 0x87, 0x86, 0xA4, 0x43, 0xBE, 0xF7, 0x8B, 0xA4, 0xF3, 0x4C, 0x27,
    0x8E, 0xF3, 0x22, 0x55, 0x4D, 0x17, 0xA9, 0xD4, 0xB5, 0x48, 0x2B, 0x70, 0x9E, 0x8C, 0xCE, 0xAB,
    0x58, 0xC3, 0x69, 0x9B, 0xE0, 0x48, 0xE3, 0xEC, 0x3C, 0xA5, 0x17, 0xF4, 0xB1, 0x46, 0xD8, 0x8C,
    0x53, 0x4E, 0x33, 0x25, 0x03, 0x4A, 0xF0, 0x28, 0x03, 0x0C, 0x38, 0x1E, 0xBA, 0x2A, 0x5F, 0x4F,
    0x8B, 0xBA, 0xA9, 0xF0, 0x98, 0xD9, 0x45, 0x7D, 0x4E, 0xC6, 0x6B, 0xCC, 0xC2, 0x28, 0x43, 0x3B,
    0xDF, 0x88, 0x40, 0xF3, 0x0D, 0x08, 0xFA, 0x82, 0x5E, 0x27, 0x50, 0xEF, 0x54, 0x25, 0xE0, 0x4A,
    0xC3, 0x4E, 0xD5, 0x53, 0x83, 0x42, 0x85, 0x79, 0xD0, 0xC3, 0x67, 0x12, 0x05, 0x6E, 0xC8, 0x58,
    0x7A, 0x95, 0x95, 0x3C, 0xFD, 0x66, 0x7D, 0x26, 0xE2, 0x54, 0x52, 0x2B, 0x35, 0x78, 0xBC, 0xA8,
    0x31, 0xE0, 0x2E, 0xE4, 0x4E, 0x17, 0x24, 0x18, 0x5D, 0x39, 0x0F, 0x47, 0x17, 0x28, 0xE1, 0xA5,
    0x4F, 0x2C, 0x8B, 0xB0, 0x4F, 0x09, 0x3F, 0x4D, 0xB5, 0xE6, 0xB5, 0xB9, 0x0D, 0xBD, 0xF0, 0xE0,
    0xB0, 0x19, 0xA8, 0xF6, 0x7E, 0x31, 0xB4, 0xD3, 0x98, 0x77, 0x09, 0x1A, 0xCB, 0x37, 0xD4, 0x7C,
    0x94, 0x99, 0x70, 0xD9, 0x56, 0x10, 0xF0, 0xC1, 0xCD, 0x9B, 0x3D, 0x82, 0xAD, 0x30, 0x22, 0x96,
    0x5A, 0x4B, 0x38, 0x76, 0xB3, 0xAA, 0xC8, 0x6C, 0xD1, 0x38, 0x65, 0xC8, 0x59, 0x89, 0xCB, 0x21,
    0x4F, 0xA8, 0x12, 0x39, 0x10, 0xBC, 0x66, 0x97, 0x60, 0x8E, 0x36, 0xB8, 0x94, 0x0C, 0x11, 0x60,
    0xC2, 0x8B, 0x2B, 0x71, 0xEE, 0xC4, 0xC3, 0xDB, 0x47, 0x23, 0xAD, 0x20, 0xE7, 0x76, 0x39, 0x4A,
    0x77, 0x5B, 0x2F, 0x1E, 0x42, 0x5B, 0x20, 0x30, 0x65, 0x93, 0xF3, 0x22, 0x7F, 0x86, 0xC9, 0x40,
    0x4B, 0x76, 0xEF, 0x89, 0x68, 0x80, 0x4B, 0x31, 0x0A, 0x5B, 0x26, 0xC0, 0xD1, 0x6A, 0x5C, 0x4F,
    0x47, 0x54, 0x2A, 0xA2, 0xD2, 0x10, 0x9D, 0x82, 0xBC, 0x70, 0x08, 0x2A, 0xFA, 0xF1, 0xD4, 0x54,
    0x85, 0x6C, 0xBB, 0x8D, 0x39, 0xAB, 0xBB, 0x0D, 0x15, 0x3A, 0xEC, 0xF8, 0x8A, 0x6B, 0x78, 0xCB,
    0x4C, 0x48, 0x1E, 0x3C, 0x6F, 0xF4, 0x19, 0x1B, 0xC1, 0xB8, 0x81, 0xF4, 0x94, 0xD1, 0xD2, 0x0C,
    0x45, 0xEB, 0xD0, 0x31, 0xF8, 0x34, 0xC6, 0xD2, 0x48, 0x6E, 0xB6, 0xF6, 0x24, 0x94, 0xC3, 0x4F,
    0x94, 0x4C, 0xDA, 0x3A, 0x5B, 0xF4, 0x75, 0x86, 0x15, 0xE8, 0x68, 0x10, 0xE9, 0xFC, 0xF2, 0x25,
    0x7D, 0xEF, 0xDB, 0xB2, 0xCA, 0xE7, 0x79, 0x5C, 0xD3, 0x8F, 0x63, 0x26, 0x25, 0xFA, 0x61, 0xCC,
    0x16, 0x30, 0xE6, 0xC4, 0x4A, 0xF9, 0xFD, 0xF8, 0x35, 0x9D, 0xF6, 0xB2, 0xE6, 0xCF, 0x0C, 0x38,
    0xEE, 0xD9, 0xA0, 0xD3, 0x90, 0x69, 0xE3, 0x6C, 0x6D, 0x02, 0x4F, 0x59, 0x79, 0x9E, 0xA4, 0x1B,
    0xE8, 0xE5, 0x5C, 0x34, 0xB1, 0xBD, 0xCD, 0x05, 0x4F, 0xA9, 0xCA, 0x09, 0x4F, 0xEF, 0x53, 0x19,
    0xD7, 0x95, 0xCE, 0xDA, 0x4C, 0x7A, 0x2D, 0xD3, 0x32, 0x5A, 0x79, 0x84, 0xA3, 0xDA, 0xA3, 0x66,
    0xEA, 0x14, 0xB6, 0xC9, 0x3D, 0x9D, 0xFB, 0x99, 0x2E, 0x6A, 0xBA, 0x99, 0x52, 0xE7, 0x29, 0x27,
    0x53, 0x5E, 0xA0, 0x03, 0x1E, 0x82, 0x1D, 0xC1, 0x9C, 0x13, 0x2B, 0xD3, 0x0E, 0xEF, 0xEB, 0x00,
    0x1F, 0xC8, 0x3F, 0x51, 0x49, 0x3F, 0xBA, 0x1C, 0xCA, 0xC1, 0x67, 0x90, 0xC9, 0x48, 0xBE, 0xF1,
    0x22, 0xD8, 0xF6, 0x73, 0x32, 0x66, 0xAE, 0xFB, 0x7A, 0x5A, 0x9F, 0x67, 0x3F, 0x57, 0xF5, 0x05,
    0x6E, 0x37, 0xDA, 0x67, 0x62, 0xC0, 0xA3, 0x05, 0xFE, 0x98, 0x41, 0x27, 0x35, 0x28, 0xD4, 0x17,
    0xCE, 0x08, 0xD7, 0xE4, 0x83, 0xCA, 0xB4, 0xC3, 0x7C, 0xAE, 0x5B, 0xE0, 0x4E, 0xAD, 0x61, 0xE1,
    0xF7, 0x0A, 0xEB, 0x9B, 0xB8, 0x7D, 0x0E, 0x52, 0xFC, 0x74, 0x24, 0x40, 0xF6, 0xB8, 0x31, 0x84,
    0x34, 0x28, 0x55, 0xEE, 0x63, 0x78, 0x88, 0xB6, 0x20, 0xE0, 0x04, 0xAD, 0xB6, 0xC0, 0x50, 0x1C,
    0xF8, 0x9D, 0x06, 0xCE, 0xDB, 0x90, 0xCD, 0x9F, 0x85, 0xDF, 0x25, 0xE0, 0x38, 0x5A, 0x87, 0xB1,
    0xA7, 0x7A, 0xF0, 0x36, 0xC2, 0x9F, 0x74, 0xBB, 0x3B, 0x7A, 0xA9, 0x56, 0x99, 0xA8, 0x15, 0x7D,
    0x09, 0xFD, 0x59, 0xE4, 0x59, 0xAC, 0xE1, 0x59, 0x71, 0xC0, 0xB4, 0x71, 0xE5, 0x2F, 0x1D, 0xF2,
    0x4F, 0xFE, 0x90, 0xA5, 0x47, 0x12, 0x96, 0x31, 0x30, 0xBC, 0x14, 0x25, 0x0E, 0x96, 0x90, 0xB3,
    0x71, 0x6A, 0x27, 0xD1, 0x8E, 0x72, 0xA0, 0x3E, 0xE8, 0xE5, 0xA4, 0x81, 0x6B, 0x5C, 0x8B, 0xE7,
    0xEA, 0xFB, 0x26, 0xD5, 0xF4, 0xEF, 0x10, 0xCE, 0xED, 0x92, 0x95, 0x74, 0x73, 0xB1, 0x3A, 0x20,
    0xA0, 0x5C, 0x52, 0x95, 0x3D, 0xD1, 0x15, 0xF6, 0x5D, 0xD5, 0x75, 0x1A, 0xF2, 0x71, 0x32, 0x65,
    0xDA, 0x5D, 0xC2, 0xF4, 0x8B, 0xEE, 0xD4, 0xA1, 0x33, 0x96, 0x84, 0xF1, 0x08, 0xC4, 0xD2, 0xB6,
    0x9A, 0x58, 0xB8, 0x5D, 0x1C, 0x24, 0xFF, 0xFE, 0x9A, 0x83, 0xCE, 0xBD, 0x37, 0x86, 0x6D, 0x7F,
    0x12, 0x29, 0xE9, 0x51, 0x11, 0x8B, 0x3C, 0xA2, 0x43, 0x2E, 0x70, 0x82, 0xBC, 0xC9, 0x2C, 0x39,
    0xC0, 0x4D, 0x0C, 0x08, 0x33, 0x48, 0xE1, 0x7D, 0x12, 0x3C, 0xAD, 0xC5, 0x4D, 0xA9, 0x06, 0xD0,
    0x7A, 0x9D, 0x03, 0xE0, 0xFE, 0xAB, 0x57, 0x3F, 0xB1, 0x1E, 0x1C, 0xC3, 0xA5, 0xBF, 0x31, 0xF1,
    0x88, 0x1C, 0x22, 0x7F, 0x07, 0x72, 0xF7, 0xE9, 0x74, 0x81, 0x34, 0x9A, 0x0B, 0x41, 0xBC, 0x75,
    0x98, 0x23, 0x3C, 0xEF, 0x1E, 0xB6, 0xD8, 0x94, 0xCB, 0x5A, 0xBB, 0x41, 0xF5, 0xAA, 0xDB, 0x34,
    0x0D, 0x75, 0x95, 0xD2, 0xA4, 0x45, 0xD2, 0x99, 0x45, 0x74, 0xD6, 0xD8, 0x76, 0x4B, 0x94, 0x58,
    0x54, 0x62, 0x84, 0x6F, 0x15, 0x10, 0xF1, 0x9F, 0xB9, 0x95, 0xC1, 0xDB, 0x66, 0xA4, 0xCE, 0xA9,
    0xBC, 0x5A, 0xCB, 0xC5, 0x3E, 0x6E, 0x9D, 0xB8, 0x0A, 0x57, 0x81, 0xD8, 0xBA, 0x79, 0x73, 0x5D,
    0x52, 0xA8, 0x1D, 0x52, 0x3B, 0x10, 0x97, 0x2A, 0xFB, 0xDB, 0x75, 0xA8, 0x57, 0x1D, 0xD5, 0x2B,
    0xAC, 0x21, 0xBC, 0x7D, 0xFB, 0xB3, 0xAA, 0xD6, 0xD5, 0xC3, 0xDD, 0x42, 0x04, 0x29, 0xA8, 0x87,
    0x0F, 0x53, 0x0F, 0x31, 0x80, 0x26, 0x85, 0xBC, 0x11, 0xF7, 0x10, 0xE3, 0x9C, 0x9C, 0x27, 0xDF,
    0xB1, 0xB7, 0x5E, 0xDC, 0x24, 0x39, 0x59, 0x00, 0x4F, 0x9C, 0x82, 0x11, 0x8F, 0xCD, 0xA5, 0x4F,
    0x94, 0xD9, 0x19, 0xD5, 0x93, 0xB6, 0x3B, 0x25, 0xE7, 0x18, 0x20, 0x51, 0x5A, 0xE0, 0x10, 0x5C,
    0x23, 0x07, 0x64, 0xDD, 0x5D, 0x12, 0x58, 0x63, 0x5B, 0xED, 0x47, 0x49, 0x34, 0xFA, 0xD3, 0x75,
    0xD0, 0x83, 0x82, 0x60, 0x7F, 0xEC, 0x17, 0x2E, 0x41, 0x0B, 0x70, 0xFF, 0xAB, 0xBC, 0x8A, 0x65,
    0xBF, 0x83, 0x67, 0xAA, 0x68, 0x97, 0x1D, 0x3A, 0x6B, 0xB6, 0xC4, 0x01, 0x79, 0x47, 0x72, 0x94,
    0x21, 0x29, 0xA4, 0xC5, 0x13, 0x54, 0xBC, 0x9D, 0x0A, 0x77, 0xE8, 0x54, 0x8E, 0x54, 0x2D, 0x38,
    0x54, 0xD5, 0x3F, 0x35, 0x81, 0xE9, 0x28, 0x84, 0xA5, 0x97, 0x46, 0x37, 0x02, 0xBD, 0xAE, 0xDE,
    0x2D, 0x37, 0x72, 0x63, 0x25, 0x6F, 0x2B, 0xAE, 0xFF, 0x45, 0xD4, 0x3D, 0xF5, 0x8C, 0xE4, 0x72,
    0xD8, 0x90, 0xBB, 0x3E, 0xC3, 0x98, 0xB5, 0x7D, 0xD7, 0x0F, 0x68, 0xB7, 0xEC, 0x71, 0xED, 0x2C,
    0x55, 0x08, 0x88, 0x54, 0x8F, 0x97, 0x36, 0xF3, 0x9A, 0x22, 0x11, 0x8E, 0x38, 0xA6, 0x96, 0xFC,
    0x1A, 0x3D, 0x2F, 0x64, 0xB2, 0xB9, 0x66, 0xAD, 0x6A, 0x8D, 0x0A, 0xA3, 0x6A, 0xC6, 0xF2, 0xFA,
    0xF4, 0xB0, 0xA5, 0x0A, 0xDD, 0x5D, 0xB5, 0x11, 0x49, 0xB1, 0xAB, 0xCA, 0xB3, 0xE1, 0xA0, 0xFE,
    0xAA, 0xF3, 0x17, 0xF4, 0xAA, 0xF5, 0x4A, 0x8F, 0x41, 0xE7, 0x88, 0xF9, 0x03, 0x88, 0x81, 0xFC,
    0xF9, 0x23, 0xE2, 0xCF, 0xC6, 0x25, 0xCC, 0x3D, 0xA4, 0x80, 0x76, 0x5C, 0x79, 0xBB, 0xC3, 0x1B,
    0x89, 0x85, 0x00, 0xAB, 0x9B, 0xEB, 0x29, 0x41, 0xA2, 0xEC, 0xC0, 0xA6, 0x5A, 0x35, 0x63, 0x99,
    0x55, 0x33, 0x6A, 0xC1, 0x0C, 0x62, 0xE7, 0x12, 0x1D, 0x41, 0x89, 0x0A, 0xB7, 0x81, 0xAE, 0x7A,
    0x03, 0x55, 0xED, 0x0A, 0xEA, 0xD9, 0x65, 0x8C, 0xE7, 0x97, 0x51, 0xD3, 0x36, 0xEE, 0xA0, 0x52,
    0x82, 0x8E, 0x05, 0x79, 0xF4, 0x60, 0x1D, 0x09, 0x04, 0x04, 0xE9, 0x93, 0x66, 0x91, 0x09, 0x8D,
    0xC5, 0x7B, 0x17, 0x98, 0x18, 0x3C, 0x5C, 0x1E, 0xD2, 0x6D, 0xD4, 0x97, 0xF2, 0xED, 0xEA, 0xAE,
    0x36, 0xBA, 0x6B, 0x0D, 0x38, 0xBD, 0xD8, 0xA8, 0xCC, 0x34, 0xCB, 0x35, 0x3C, 0x11, 0xA9, 0x93,
    0x86, 0x70, 0x47, 0x95, 0x96, 0xA9, 0x4A, 0xD1, 0x91, 0x54, 0xBB, 0xED, 0xCC, 0x11, 0xBC, 0x68,
    0xB3, 0x77, 0x68, 0x33, 0x98, 0x6D, 0x33, 0x98, 0x9D, 0x64, 0xF8, 0x5A, 0x75, 0x73, 0x1C, 0xC3,
    0x42, 0xDA, 0x02, 0x8C, 0x45, 0x01, 0x70, 0xD8, 0x30, 0x58, 0x37, 0x71, 0x88, 0xD5, 0x44, 0x81,
    0xC3, 0xB1, 0x1D, 0x02, 0x55, 0x6D, 0x1D, 0xFE, 0x71, 0xB8, 0x5D, 0x20, 0x82, 0xC4, 0x8F, 0x79,
    0x8F, 0x94, 0x07, 0x6E, 0xC9, 0x8D, 0x9D, 0x04, 0x7E, 0x32, 0x27, 0xB3, 0xE9, 0xC7, 0x82, 0x1F,
    0x20, 0x28, 0xB3, 0x93, 0x20, 0x4E, 0x01, 0xDC, 0x5F, 0xD1, 0xF2, 0x2B, 0xF6, 0x6C, 0x17, 0xDD,
    0x75, 0x9A, 0xAD, 0xA3, 0xB7, 0xF5, 0xB9, 0x49, 0x7A, 0x7F, 0x57, 0x58, 0xF7, 0x85, 0xF7, 0x8F,
    0x79, 0xF8, 0x4E, 0x19, 0x7E, 0xB3, 0x9C, 0xD5, 0x83, 0x40, 0x93, 0x1E, 0x82, 0xF0, 0xE7, 0x00,
    0xC9, 0x15, 0xEE, 0xF7, 0x64, 0xE2, 0xAD, 0x62, 0xF8, 0x20, 0x74, 0x22, 0xA2, 0x7B, 0xCF, 0x93,
    0x1C, 0xAF, 0xA8, 0x51, 0xD9, 0x50, 0x05, 0x8D, 0x2B, 0xAA, 0xF4, 0xB2, 0xA8, 0x7E, 0x31, 0x78,
    0x9D, 0x56, 0x26, 0xEB, 0x2B, 0xB7, 0x8B, 0xEE, 0x16, 0x35, 0x12, 0x7F, 0xD1, 0x09, 0x58, 0xEA,
    0x57, 0x64, 0x7B, 0x96, 0x41, 0x24, 0x3A, 0x14, 0xD0, 0x5C, 0x38, 0x56, 0xE4, 0x11, 0x79, 0xBF,
    0x8A, 0x6E, 0x6A, 0xE8, 0xBF, 0x27, 0xD3, 0xE1, 0xB4, 0x2D, 0x7F, 0x79, 0xD0, 0x46, 0x9C, 0xDB,
    0x46, 0xD0, 0xD2, 0xC1, 0xFC, 0xA7, 0xA3, 0x76, 0x8F, 0xA9, 0xB2, 0xCD, 0x69, 0x53, 0xB4, 0xAA,
    0x36, 0x37, 0x7B, 0xA6, 0x21, 0xDF, 0xEF, 0x1A, 0x23, 0xE1, 0xA6, 0xB2, 0x85, 0x66, 0xA3, 0x3C,
    0xFD, 0x1C, 0xAF, 0x53, 0xC0, 0xF5, 0x79, 0xCE, 0x2B, 0xE0, 0xBF, 0xDF, 0xC2, 0x90, 0x5C, 0x82,
    0xD2, 0x94, 0xE2, 0x6F, 0x64, 0xE1, 0x16, 0x69, 0x16, 0x65, 0x13, 0x54, 0x43, 0x9B, 0xAD, 0xB9,
    0x99, 0xA5, 0x2A, 0x31, 0x43, 0xF4, 0x08, 0xCF, 0xFF, 0x16, 0x1A, 0x76, 0xF0, 0x01, 0xE1, 0xFA,
    0x11, 0x38, 0xDC, 0xF0, 0x7D, 0x34, 0x94, 0xF0, 0x0F, 0xE4, 0xC7, 0x12, 0x3E, 0xD9, 0x2D, 0x71,
    0x2B, 0x5B, 0x6B, 0x4D, 0x83, 0x56, 0xB7, 0xD4, 0x0E, 0x91, 0x56, 0x41, 0x5A, 0x35, 0x49, 0x55,
    0xEB, 0x9B, 0x96, 0x8D, 0x66, 0x93, 0x23, 0xF4, 0x93, 0x31, 0x84, 0x3A, 0x93, 0xC8, 0xCE, 0x19,
    0x64, 0x62, 0x1E, 0x3F, 0x88, 0x03, 0xC5, 0xCD, 0x86, 0x82, 0x43, 0x6E, 0x82, 0x9B, 0x94, 0xE3,
    0xE8, 0xA3, 0x4B, 0xE8, 0x55, 0x60, 0xCC, 0x7D, 0x9C, 0xDC, 0x62, 0x6B, 0xE5, 0x65, 0x51, 0x8C,
    0x04, 0xA3, 0xB8, 0x5A, 0xA3, 0xD1, 0x15, 0x87, 0x2F, 0xD3, 0x3A, 0x56, 0xAB, 0x4B, 0xF1, 0xE7,
    0x22, 0x72, 0x20, 0x51, 0x89, 0x51, 0x2B, 0xCC, 0x27, 0x29, 0xCE, 0x9E, 0xA4, 0x11, 0x3A, 0x4F,
    0x43, 0x34, 0x4F, 0x43, 0x76, 0x85, 0x18, 0xDA, 0x24, 0x45, 0xBA, 0x43, 0xB6, 0xDF, 0x8D, 0xC5,
    0x4C, 0x21, 0xA2, 0x9D, 0x4B, 0x6A, 0x93, 0x27, 0xAD, 0x84, 0x18, 0x50, 0xC0, 0x41, 0xE9, 0x9C,
    0x7A, 0x95, 0x44, 0xE4, 0xF6, 0xFC, 0x1E, 0x48, 0x26, 0x33, 0x41, 0x79, 0xBF, 0xED, 0x66, 0x67,
    0x70, 0x5E, 0x08, 0xD0, 0x07, 0x46, 0x94, 0x83, 0xE6, 0x82, 0xF6, 0xEE, 0xDB, 0x38, 0xFA, 0xFE,
    0x31, 0xBD, 0x58, 0x02, 0xDD, 0x2E, 0x6A, 0x95, 0xAB, 0xF4, 0x1C, 0x13, 0x10, 0x88, 0x69, 0xCE,
    0x87, 0x80, 0x45, 0x40, 0x95, 0x3A, 0xE0, 0x5F, 0xA3, 0x5B, 0x39, 0x81, 0xB7, 0xEE, 0x10, 0x37,
    0xA8, 0x0F, 0x55, 0xD0, 0xC3, 0x5A, 0xA4, 0x5A, 0x3F, 0x4B, 0x8B, 0x2E, 0x68, 0xAC, 0x29, 0xFB,
    0x22, 0xFF, 0x1E, 0xB0, 0x1B, 0x01, 0xC5, 0x39, 0x8D, 0x12, 0xF8, 0xFA, 0x2F, 0x80, 0x30, 0xD6,
    0xCE, 0x83, 0x80, 0x76, 0x2E, 0xC3, 0xA7, 0x64, 0xCF, 0x43, 0xC0, 0x76, 0x3F, 0x46, 0x47, 0x03,
    0x82, 0x5E, 0x1D, 0xE2, 0xFD, 0x2E, 0x34, 0x36, 0x71, 0x92, 0xDE, 0x50, 0x2C, 0xA0, 0x44, 0x89,
    0xFC, 0xDE, 0x5F, 0x63, 0x93, 0x65, 0xB8, 0xAE, 0x08, 0x1B, 0xD4, 0x5C, 0x8F, 0xB4, 0x72, 0x20,
    0xE2, 0x48, 0x3E, 0x58, 0xCF, 0xD1, 0x83, 0x03, 0x68, 0xC4, 0xEA, 0x73, 0x84, 0x59, 0xD8, 0xF4,
    0x2A, 0x3A, 0x35, 0xB4, 0x4C, 0x2F, 0xBE, 0x8C, 0xB7, 0x9B, 0x57, 0x8B, 0x9B, 0x68, 0xEB, 0x36,
    0x47, 0xEF, 0xAF, 0x19, 0xEF, 0xFC, 0x98, 0x37, 0x94, 0x3F, 0x91, 0xAD, 0xE0, 0xA2, 0x99, 0x5B,
    0x7F, 0x41, 0x77, 0x39, 0x93, 0x34, 0x5A, 0x94, 0xF0, 0x22, 0x9F, 0x32, 0x3B, 0x49, 0x48, 0xE5,
    0x0C, 0xA1, 0xF4, 0x79, 0xAC, 0x21, 0x24, 0x97, 0x51, 0x89, 0xFA, 0x90, 0x8D, 0x5B, 0xEB, 0xBC,
    0x5E, 0x6A, 0x91, 0xDA, 0x4D, 0x9A, 0xFB, 0xEE, 0xDD, 0xA0, 0x65, 0x94, 0xA0, 0x14, 0x33, 0xB8,
    0x3F, 0x1C, 0x9F, 0xC4, 0x0F, 0xB2, 0x38, 0xD9, 0x38, 0x75, 0x33, 0xFE, 0x92, 0x49, 0x63, 0xEF,
    0x9A, 0xBD, 0x17, 0x54, 0x19, 0x4B, 0xE5, 0x63, 0xF4, 0x97, 0x3D, 0xB8, 0xBC, 0xFF, 0x14, 0xE7,
    0x13, 0x15, 0xA6, 0x68, 0x26, 0xC8, 0x5B, 0xB5, 0x04, 0x79, 0xB8, 0x6F, 0x82, 0x1C, 0x63, 0x5D,
    0x0A, 0x00, 0x9A, 0x63, 0xBE, 0xA0, 0x02, 0xF2, 0xC3, 0x1C, 0x28, 0x45, 0x80, 0x7F, 0x7D, 0x4F,
    0x75, 0xB4, 0xE5, 0x67, 0x3E, 0x26, 0x87, 0x59, 0xF8, 0x4E, 0x2D, 0x39, 0x3C, 0x68, 0xAB, 0xAD,
    0x1D, 0xDB, 0xAF, 0x40, 0x42, 0x50, 0xC2, 0x47, 0xBC, 0x0F, 0xB2, 0x7A, 0xB8, 0xE1, 0xEF, 0xFF,
    0xE0, 0x95, 0x69, 0x31, 0x8E, 0x18, 0x15, 0x66, 0x42, 0xAE, 0x43, 0x8E, 0xEF, 0xB3, 0x72, 0x2C,
    0xE3, 0x58, 0x9F, 0x13, 0xFC, 0xE4, 0x1D, 0x74, 0xD4, 0x0D, 0x09, 0x1E, 0x3B, 0xB8, 0xB7, 0x9D,
    0x13, 0x48, 0x8C, 0xB2, 0x90, 0xC0, 0x61, 0xF7, 0x74, 0x9F, 0x63, 0xEE, 0x75, 0x8E, 0xC4, 0x21,
    0x87, 0x66, 0x3F, 0xE1, 0x08, 0x9D, 0x13, 0xAE, 0xB5, 0x4A, 0x46, 0xFD, 0x9B, 0xCC, 0xCD, 0x12,
    0x4F, 0x9C, 0x07, 0x5C, 0x6B, 0xF4, 0x7E, 0x85, 0x01, 0xF0, 0xBF, 0x37, 0x56, 0xB4, 0x34, 0x00,
    0xA5, 0x42, 0xEA, 0x3E, 0x4F, 0x16, 0x5D, 0xEF, 0x54, 0xB9, 0x0C, 0xF0, 0xA6, 0x16, 0x33, 0xF2,
    0x5B, 0x56, 0x9A, 0xCC, 0xE7, 0xC2, 0x70, 0xAF, 0xD9, 0xD7, 0xFC, 0xEF, 0x12, 0x40, 0xDC, 0x5C,
    0xDE, 0xA9, 0x97, 0x6B, 0x62, 0x56, 0x80, 0x58, 0x9D, 0xFA, 0xBE, 0xEA, 0xE1, 0x76, 0x98, 0xDB,
    0x61, 0xEE, 0xC1, 0x7D, 0x9F, 0x7A, 0xC4, 0x5F, 0xE4, 0xDE, 0x52, 0x99, 0xB1, 0x9B, 0x0B, 0xCB,
    0x16, 0x27, 0x21, 0x7D, 0xEE, 0xC5, 0x60, 0x9C, 0xA1, 0x71, 0x34, 0xC5, 0x68, 0xD8, 0x9F, 0x64,
    0x68, 0xE8, 0xFE, 0x11, 0xE3, 0x61, 0xE7, 0xBF, 0x18, 0x02, 0x5B, 0x3D, 0x05, 0x85, 0x4B, 0x85,
    0x85, 0xCB, 0x50, 0x15, 0xFC, 0x78, 0xC6, 0x0F, 0x14, 0xA4, 0xE0, 0xD8, 0x4E, 0xAE, 0x14, 0x1C,
    0x37, 0xAD, 0x66, 0x0D, 0x7A, 0xE4, 0x87, 0x2D, 0x55, 0xFE, 0x0A, 0xB6, 0xF7, 0xE2, 0x77, 0x96,
    0x2F, 0x15, 0xD2, 0xC5, 0xD4, 0x46, 0xA5, 0xA7, 0xFC, 0xAD, 0x0A, 0xFC, 0xA5, 0x0A, 0xBC, 0xB0,
    0xC2, 0xDF, 0xAE, 0xE6, 0xE7, 0x6A, 0x42, 0x9A, 0xA7, 0xC5, 0x12, 0xB7, 0x69, 0x8F, 0xF4, 0x80,
    0xEA, 0x03, 0x03, 0x5A, 0x9F, 0xDA, 0xA3, 0xE4, 0x68, 0x83, 0xB6, 0x0B, 0x6C, 0x50, 0x24, 0xDC,
    0x10, 0x63, 0x37, 0x08, 0x71, 0x02, 0xC4, 0x29, 0x69, 0xE2, 0xB3, 0xA0, 0xE2, 0x41, 0x41, 0xEE,
    0x3C, 0x27, 0xF4, 0x9F, 0x13, 0x4C, 0xA3, 0x87, 0xFE, 0x12, 0x05, 0xBC, 0xB7, 0x08, 0x4A, 0xBE,
    0x47, 0x5C, 0x7E, 0x5C, 0x73, 0x5D, 0xF5, 0xD9, 0x63, 0xF6, 0x08, 0xFF, 0x40, 0x2C, 0x3E, 0xC7,
    0xCB, 0x92, 0x4C, 0x31, 0xDC, 0x65, 0x7F, 0x81, 0x60, 0xE8, 0x44, 0x73, 0x8D, 0x94, 0xA7, 0x7A,
    0xF5, 0x6D, 0x12, 0xC6, 0x3E, 0xD5, 0xF7, 0x49, 0xE8, 0x2F, 0x94, 0xD0, 0xCB, 0x4A, 0x84, 0xCF,
    0x5F, 0x29, 0xD1, 0x94, 0xC0, 0x89, 0x5D, 0x6B, 0x2C, 0x74, 0xE5, 0xB2, 0xA7, 0x26, 0x1D, 0x7A,
    0x6A, 0x65, 0x0F, 0x7D, 0x3B, 0x4A, 0x4E, 0xF3, 0x11, 0x54, 0xAB, 0xA7, 0x7E, 0xC4, 0xF3, 0x13,
    0x18, 0x9D, 0x19, 0x28, 0x94, 0xD4, 0x3B, 0xEF, 0x0E, 0xAC, 0x3B, 0x9C, 0x97, 0x72, 0x2F, 0x22,
    0xFB, 0x77, 0x98, 0x84, 0xB7, 0x7F, 0x97, 0xD5, 0xE2, 0x6D, 0x46, 0x06, 0xD6, 0x7F, 0xAA, 0xDD,
    0xC4, 0x0F, 0x54, 0x6A, 0x7D, 0x5D, 0xF5, 0x8B, 0x3E, 0xD3, 0xBC, 0xA8, 0xD6, 0xE7, 0xDC, 0xA6,
    0x2F, 0x69, 0x01, 0x6D, 0xE4, 0x74, 0x3D, 0xC8, 0x1C, 0x4A, 0x4A, 0xC1, 0xDB, 0x90, 0x8C, 0x86,
    0x8C, 0x8D, 0x79, 0x59, 0x11, 0x7E, 0x27, 0xC3, 0xDE, 0xE3, 0x04, 0xB9, 0xFE, 0x05, 0x42, 0x86,
    0x37, 0x08, 0xAB, 0x22, 0x10, 0x88, 0x70, 0x5B, 0x00, 0xF8, 0x78, 0xAC, 0x13, 0x74, 0x68, 0x90,
    0x3B, 0x54, 0x61, 0xE8, 0x08, 0xEB, 0x37, 0x13, 0x8C, 0x1A, 0x2E, 0x4D, 0xAE, 0x42, 0xA0, 0x5E,
    0xA0, 0xC9, 0x98, 0x05, 0x8A, 0x08, 0xE7, 0x09, 0x41, 0x9E, 0xA7, 0xD2, 0xCA, 0x3C, 0x19, 0x15,
    0xD5, 0xF7, 0x4A, 0x4A, 0x62, 0x6E, 0x13, 0xA5, 0x4B, 0x59, 0xB5, 0xB0, 0xC6, 0xAF, 0x15, 0x0F,
    0x18, 0x90, 0xFE, 0x2F, 0xE1, 0xEA, 0x1F, 0x66, 0x14, 0x39, 0x32, 0x02, 0x94, 0x7C, 0x8D, 0xFF,
    0x1D, 0xBB, 0xB0, 0x6F, 0x9D, 0x87, 0xB7, 0x20, 0xF1, 0x06, 0xE9, 0x9F, 0xCB, 0xAA, 0xC4, 0x75,
    0xC7, 0xAA, 0x62, 0x5F, 0xC4, 0x75, 0x87, 0xB5, 0xDA, 0x12, 0xA0, 0x7D, 0x05, 0xF1, 0x63, 0x31,
    0xE2, 0x62, 0xAF, 0xC5, 0xF4, 0x9A, 0x16, 0xB3, 0x70, 0x80, 0xC5, 0xA8, 0xEF, 0x60, 0xD1, 0x5F,
    0xC2, 0x72, 0xC0, 0xB7, 0xB0, 0x7C, 0x69, 0x35, 0xEA, 0x58, 0x63, 0x2E, 0xAC, 0xAA, 0x51, 0x6C,
    0x72, 0x87, 0x5C, 0x2C, 0xF1, 0xD6, 0xB4, 0x65, 0xAE, 0x44, 0x61, 0x07, 0x2E, 0x78, 0x19, 0x25,
    0x54, 0x62, 0x96, 0xE7, 0x41, 0x90, 0xC2, 0x64, 0xEF, 0x47, 0x92, 0xBF, 0xF6, 0xA4, 0x9B, 0xAC,
    0xB2, 0x17, 0xFF, 0x01, 0x8F, 0xD9, 0xFB, 0x44, 0x53, 0xF9, 0x0E, 0x75, 0x57, 0xDF, 0x21, 0x9A,
    0x97, 0xBF, 0x4B, 0x0C, 0x04, 0xDF, 0xA2, 0xCE, 0xE7, 0xF2, 0x94, 0xCF, 0xF5, 0xD6, 0x73, 0x0C,
    0xDA, 0x06, 0xB4, 0x76, 0x0E, 0xF2, 0x4D, 0xF4, 0xF7, 0x61, 0x8E, 0x39, 0x04, 0x7E, 0xB3, 0x0A,
    0xC4, 0xAB, 0xA0, 0xCF, 0xDA, 0x55, 0x07, 0x2E, 0xFF, 0x07,
};

static const EpdGlyph amiri_18_regularGlyphs[] = {
    { 0, 0, 175, 0, 0, 0, 0 }, // U+0020
    { 5, 26, 141, 2, 25, 33, 0 }, // !
    { 8, 9, 164, 1, 26, 18, 33 }, // "
    { 15, 18, 281, 1, 20, 68, 51 }, // #
    { 16, 28, 292, 1, 26, 112, 119 }, // $
    { 22, 25, 391, 1, 24, 138, 231 }, // %
    { 24, 26, 400, 1, 25, 156, 369 }, // &
    { 4, 9, 94, 1, 26, 9, 525 }, // '
    { 11, 42, 275, 5, 27, 116, 534 }, // (
    { 11, 42, 275, 1, 27, 116, 650 }, // )
    { 14, 15, 259, 1, 25, 53, 766 }, // *
    { 18, 18, 317, 1, 18, 81, 819 }, // +
    { 6, 11, 118, 0, 5, 17, 900 }, // ,
    { 10, 4, 221, 2, 11, 10, 917 }, // -
    { 8, 10, 190, 2, 9, 20, 927 }, // .
    { 12, 34, 206, 0, 27, 102, 947 }, // /
    { 17, 25, 319, 1, 24, 107, 1049 }, // 0
    { 10, 25, 319, 5, 24, 63, 1156 }, // 1
    { 16, 24, 319, 2, 24, 96, 1219 }, // 2
    { 14, 25, 319, 3, 24, 88, 1315 }, // 3
    { 18, 25, 319, 1, 24, 113, 1403 }, // 4
    { 14, 25, 319, 3, 24, 88, 1516 }, // 5
    { 16, 25, 319, 2, 24, 100, 1604 }, // 6
    { 16, 25, 319, 2, 24, 100, 1704 }, // 7
    { 14, 25, 319, 3, 24, 88, 1804 }, // 8
    { 16, 25, 319, 2, 24, 100, 1892 }, // 9
    { 5, 17, 132, 2, 16, 22, 1992 }, // :
    { 6, 22, 136, 1, 16, 33, 2014 }, // ;
    { 16, 17, 288, 1, 16, 68, 2047 }, // <
    { 17, 8, 331, 2, 12, 34, 2115 }, // =
    { 16, 17, 289, 1, 16, 68, 2149 }, // >
    { 10, 25, 208, 2, 24, 63, 2217 }, // ?
    { 26, 27, 438, 1, 22, 176, 2280 }, // @
    { 25, 26, 367, -1, 25, 163, 2456 }, // A
    { 20, 26, 349, 1, 25, 130, 2619 }, // B
    { 23, 26, 395, 1, 25, 150, 2749 }, // C
    { 24, 26, 416, 1, 25, 156, 2899 }, // D
    { 20, 26, 344, 1, 25, 130, 3055 }, // E
    { 18, 26, 313, 1, 25, 117, 3185 }, // F
    { 25, 26, 422, 1, 25, 163, 3302 }, // G
    { 25, 26, 425, 1, 25, 163, 3465 }, // H
    { 10, 26, 190, 1, 25, 65, 3628 }, // I
    { 15, 34, 183, -4, 25, 128, 3693 }, // J
    { 24, 26, 385, 1, 25, 156, 3821 }, // K
    { 20, 26, 330, 1, 25, 130, 3977 }, // L
    { 33, 26, 531, 0, 25, 215, 4107 }, // M
    { 27, 26, 454, 1, 25, 176, 4322 }, // N
    { 25, 26, 438, 1, 25, 163, 4498 }, // O
    { 18, 26, 321, 1, 25, 117, 4661 }, // P
    { 28, 30, 437, 1, 25, 210, 4778 }, // Q
    { 23, 26, 364, 1, 25, 150, 4988 }, // R
    { 16, 26, 294, 1, 25, 104, 5138 }, // S
    { 23, 26, 367, 0, 25, 150, 5242 }, // T
    { 26, 26, 424, 0, 25, 169, 5392 }, // U
    { 25, 26, 374, -1, 25, 163, 5561 }, // V
    { 35, 26, 527, -1, 25, 228, 5724 }, // W
    { 26, 26, 391, -1, 25, 169, 5952 }, // X
    { 24, 26, 350, -1, 25, 156, 6121 }, // Y
    { 22, 25, 371, 1, 25, 138, 6277 }, // Z
    { 7, 42, 217, 5, 27, 74, 6415 }, // [
    { 12, 34, 206, 1, 27, 102, 6489 }, // <backslash>
    { 8, 42, 217, 1, 27, 84, 6591 }, // ]
    { 10, 9, 228, 2, 24, 23, 6675 }, // ^
    { 18, 3, 296, 0, 1, 14, 6698 }, // _
    { 7, 7, 200, 4, 26, 13, 6712 }, // `
    { 15, 17, 252, 1, 16, 64, 6725 }, // a
    { 17, 27, 292, 0, 26, 115, 6789 }, // b
    { 14, 18, 248, 1, 17, 63, 6904 }, // c
    { 18, 27, 301, 1, 26, 122, 6967 }, // d
    { 14, 18, 251, 1, 17, 63, 7089 }, // e
    { 12, 27, 180, 0, 26, 81, 7152 }, // f
    { 17, 26, 273, 0, 17, 111, 7233 }, // g
    { 19, 27, 302, 0, 26, 129, 7344 }, // h
    { 9, 25, 158, 1, 24, 57, 7473 }, // i
    { 8, 33, 140, -1, 24, 66, 7530 }, // j
    { 19, 27, 303, 0, 26, 129, 7596 }, // k
    { 9, 27, 149, 0, 26, 61, 7725 }, // l
    { 28, 18, 463, 1, 17, 126, 7786 }, // m
    { 19, 18, 311, 1, 17, 86, 7912 }, // n
    { 17, 18, 298, 1, 17, 77, 7998 }, // o
    { 18, 26, 299, 0, 17, 117, 8075 }, // p
    { 18, 26, 291, 1, 17, 117, 8192 }, // q
    { 13, 18, 224, 1, 17, 59, 8309 }, // r
    { 12, 18, 216, 1, 17, 54, 8368 }, // s
    { 11, 22, 182, 0, 21, 61, 8422 }, // t
    { 19, 18, 301, 0, 17, 86, 8483 }, // u
    { 19, 17, 277, -1, 16, 81, 8569 }, // v
    { 27, 17, 422, 0, 16, 115, 8650 }, // w
    { 18, 17, 278, 0, 16, 77, 8765 }, // x
    { 18, 25, 275, 0, 16, 113, 8842 }, // y
    { 15, 17, 262, 1, 17, 64, 8955 }, // z
    { 6, 44, 238, 5, 28, 66, 9019 }, // {
    { 3, 42, 120, 2, 27, 32, 9085 }, // |
    { 5, 44, 238, 5, 28, 55, 9117 }, // }
    { 18, 4, 334, 2, 13, 18, 9172 }, // ~
    { 41, 14, 680, 1, 7, 144, 0 }, // U+0600
    { 65, 13, 1069, 1, -1, 212, 144 }, // U+0601
    { 28, 9, 487, 1, 2, 63, 356 }, // U+0602
    { 40, 10, 665, 1, 2, 100, 419 }, // U+0603
    { 81, 15, 1310, 1, 8, 304, 519 }, // U+0604
    { 19, 36, 302, 1, 29, 171, 823 }, // U+0606
    { 19, 36, 302, 1, 29, 171, 994 }, // U+0607
    { 30, 21, 516, 1, 11, 158, 1165 }, // U+0608
    { 30, 34, 520, 1, 27, 255, 1323 }, // U+0609
    { 38, 34, 643, 1, 27, 323, 1578 }, // U+060A
    { 17, 37, 300, 1, 24, 158, 1901 }, // U+060B
    { 8, 16, 221, 3, 16, 32, 2059 }, // U+060C
    { 10, 11, 190, 1, 20, 28, 2091 }, // U+060D
    { 23, 9, 403, 1, 11, 52, 2119 }, // U+060E
    { 29, 36, 485, 1, 18, 261, 2171 }, // U+060F
    { 13, 11, 0, -1, 41, 36, 2432 }, // U+0610
    { 12, 13, 0, -1, 43, 39, 2468 }, // U+0611
    { 15, 12, 0, 0, 41, 45, 2507 }, // U+0612
    { 18, 16, 0, -1, 45, 72, 2552 }, // U+0613
    { 17, 6, 0, -1, 37, 26, 2624 }, // U+0614
    { 17, 18, 0, -1, 67, 77, 2650 }, // U+0615
    { 16, 14, 0, 1, 45, 56, 2727 }, // U+0616
    { 11, 19, 0, 2, 67, 53, 2783 }, // U+0617
    { 9, 5, 0, 4, 36, 12, 2836 }, // U+0618
    { 7, 9, 0, 5, 40, 16, 2848 }, // U+0619
    { 8, 5, 0, 6, -12, 10, 2864 }, // U+061A
    { 8, 22, 221, 3, 16, 44, 2874 }, // U+061B
    { 0, 0, 0, 0, 0, 0, 2918 }, // U+061C
    { 21, 31, 404, 2, 29, 163, 2918 }, // U+061D
    { 10, 11, 223, 2, 9, 28, 3081 }, // U+061E
    { 14, 27, 248, 0, 26, 95, 3109 }, // U+061F
    { 26, 32, 458, 2, 16, 208, 3204 }, // U+0620
    { 11, 13, 229, 2, 12, 36, 3412 }, // U+0621
    { 18, 36, 130, -6, 35, 162, 3448 }, // U+0622
    { 9, 39, 140, 0, 38, 88, 3610 }, // U+0623
    { 17, 34, 240, -4, 25, 145, 3698 }, // U+0624
    { 10, 39, 130, 1, 27, 98, 3843 }, // U+0625
    { 26, 32, 458, 2, 24, 208, 3941 }, // U+0626
    { 5, 28, 130, 2, 27, 35, 4149 }, // U+0627
    { 32, 26, 556, 1, 15, 208, 4184 }, // U+0628
    { 11, 24, 221, 1, 23, 66, 4392 }, // U+0629
    { 32, 20, 556, 1, 19, 160, 4458 }, // U+062A
    { 32, 24, 556, 1, 23, 192, 4618 }, // U+062B
    { 28, 31, 397, 1, 10, 217, 4810 }, // U+062C
    { 28, 31, 397, 1, 10, 217, 5027 }, // U+062D
    { 28, 40, 397, 1, 19, 280, 5244 }, // U+062E
    { 13, 16, 270, 2, 15, 52, 5524 }, // U+062F
    { 13, 25, 270, 2, 24, 82, 5576 }, // U+0630
    { 17, 20, 239, -4, 11, 85, 5658 }, // U+0631
    { 17, 31, 239, -4, 22, 132, 5743 }, // U+0632
    { 33, 23, 595, 2, 14, 190, 5875 }, // U+0633
    { 33, 36, 595, 2, 27, 297, 6065 }, // U+0634
    { 42, 25, 727, 2, 15, 263, 6362 }, // U+0635
    { 42, 33, 727, 2, 23, 347, 6625 }, // U+0636
    { 26, 30, 475, 2, 28, 195, 6972 }, // U+0637
    { 26, 30, 475, 2, 28, 195, 7167 }, // U+0638
    { 26, 36, 324, 2, 18, 234, 7362 }, // U+0639
    { 26, 43, 324, 2, 25, 280, 7596 }, // U+063A
    { 41, 33, 721, 2, 30, 339, 7876 }, // U+063B
    { 41, 43, 721, 2, 29, 441, 8215 }, // U+063C
    { 26, 31, 458, 2, 23, 202, 8656 }, // U+063D
    { 26, 27, 458, 2, 19, 176, 8858 }, // U+063E
    { 26, 31, 458, 2, 23, 202, 9034 }, // U+063F
    { 11, 4, 111, -2, 4, 11, 9236 }, // U+0640
    { 33, 28, 590, 2, 27, 231, 9247 }, // U+0641
    { 22, 31, 412, 2, 24, 171, 9478 }, // U+0642
    { 21, 31, 394, 2, 30, 163, 9649 }, // U+0643
    { 19, 32, 362, 2, 29, 152, 9812 }, // U+0644
    { 13, 33, 271, 2, 13, 108, 9964 }, // U+0645
    { 18, 26, 343, 2, 23, 117, 10072 }, // U+0646
    { 11, 14, 221, 1, 13, 39, 10189 }, // U+0647
    { 17, 20, 240, -4, 11, 85, 10228 }, // U+0648
    { 26, 24, 458, 2, 16, 156, 10313 }, // U+0649
    { 26, 33, 458, 2, 16, 215, 10469 }, // U+064A
    { 10, 12, 0, 4, 43, 30, 10684 }, // U+064B
    { 10, 16, 0, 4, 47, 40, 10714 }, // U+064C
    { 10, 12, 0, 4, -12, 30, 10754 }, // U+064D
    { 11, 8, 0, 4, 39, 22, 10784 }, // U+064E
    { 11, 13, 0, 4, 44, 36, 10806 }, // U+064F
    { 11, 8, 0, 4, -11, 22, 10842 }, // U+0650
    { 11, 8, 0, 2, 38, 22, 10864 }, // U+0651
    { 8, 9, 0, 3, 40, 18, 10886 }, // U+0652
    { 18, 7, 0, -9, 35, 32, 10904 }, // U+0653
    { 10, 11, 0, -5, 26, 28, 10936 }, // U+0654
    { 10, 11, 0, -5, -8, 28, 10964 }, // U+0655
    { 6, 12, 0, 3, -12, 18, 10992 }, // U+0656
    { 11, 13, 0, 4, 43, 36, 11010 }, // U+0657
    { 7, 8, 0, 4, 39, 14, 11046 }, // U+0658
    { 14, 3, 0, 3, 34, 11, 11060 }, // U+0659
    { 8, 9, 0, -4, 25, 18, 11071 }, // U+065A
    { 8, 9, 0, -4, 25, 18, 11089 }, // U+065B
    { 9, 9, 0, 0, -12, 21, 11107 }, // U+065C
    { 11, 13, 0, 4, 44, 36, 11128 }, // U+065D
    { 11, 8, 0, 4, 39, 22, 11164 }, // U+065E
    { 15, 11, 0, -10, -9, 42, 11186 }, // U+065F
    { 8, 9, 351, 7, 13, 18, 11228 }, // U+0660
    { 8, 26, 351, 7, 22, 52, 11246 }, // U+0661
    { 14, 25, 351, 4, 21, 88, 11298 }, // U+0662
    { 18, 25, 351, 2, 21, 113, 11386 }, // U+0663
    { 12, 25, 351, 5, 21, 75, 11499 }, // U+0664
    { 15, 17, 351, 4, 17, 64, 11574 }, // U+0665
    { 16, 27, 351, 3, 22, 108, 11638 }, // U+0666
    { 18, 26, 351, 2, 22, 117, 11746 }, // U+0667
    { 18, 26, 351, 2, 21, 117, 11863 }, // U+0668
    { 14, 26, 351, 4, 22, 91, 11980 }, // U+0669
    { 23, 34, 397, 1, 27, 196, 12071 }, // U+066A
    { 10, 16, 179, 0, 7, 40, 12267 }, // U+066B
    { 11, 16, 179, 1, 22, 44, 12307 }, // U+066C
    { 18, 18, 326, 1, 21, 81, 12351 }, // U+066D
    { 32, 16, 556, 1, 15, 128, 12432 }, // U+066E
    { 22, 22, 412, 2, 15, 121, 12560 }, // U+066F
    { 6, 12, 0, 3, 45, 18, 12681 }, // U+0670
    { 11, 38, 130, -2, 37, 105, 12699 }, // U+0671
    { 15, 39, 130, -7, 38, 147, 12804 }, // U+0672
    { 15, 39, 130, -4, 27, 147, 12951 }, // U+0673
    { 11, 13, 229, 2, 22, 36, 13098 }, // U+0674
    { 19, 28, 359, 2, 27, 133, 13134 }, // U+0675
    { 32, 31, 469, -4, 22, 248, 13267 }, // U+0676
    { 32, 34, 469, -4, 25, 272, 13515 }, // U+0677
    { 39, 44, 687, 2, 27, 429, 13787 }, // U+0678
    { 32, 25, 556, 1, 24, 200, 14216 }, // U+0679
    { 32, 23, 556, 1, 22, 184, 14416 }, // U+067A
    { 32, 29, 556, 1, 15, 232, 14600 }, // U+067B
    { 32, 24, 556, 1, 19, 192, 14832 }, // U+067C
    { 32, 24, 556, 1, 23, 192, 15024 }, // U+067D
    { 32, 29, 556, 1, 15, 232, 15216 }, // U+067E
    { 32, 25, 556, 1, 24, 200, 15448 }, // U+067F
    { 32, 28, 556, 1, 15, 224, 15648 }, // U+0680
    { 28, 46, 397, 1, 25, 322, 15872 }, // U+0681
    { 28, 44, 397, 1, 23, 308, 16194 }, // U+0682
    { 28, 31, 397, 1, 10, 217, 16502 }, // U+0683
    { 28, 31, 397, 1, 10, 217, 16719 }, // U+0684
    { 28, 45, 397, 1, 24, 315, 16936 }, // U+0685
    { 28, 31, 397, 1, 10, 217, 17251 }, // U+0686
    { 28, 31, 397, 1, 10, 217, 17468 }, // U+0687
    { 13, 33, 270, 2, 32, 108, 17685 }, // U+0688
    { 13, 20, 270, 2, 15, 65, 17793 }, // U+0689
    { 13, 24, 270, 2, 15, 78, 17858 }, // U+068A
    { 13, 41, 270, 2, 32, 134, 17936 }, // U+068B
    { 13, 26, 270, 2, 25, 85, 18070 }, // U+068C
    { 13, 25, 270, 2, 15, 82, 18155 }, // U+068D
    { 13, 30, 270, 2, 29, 98, 18237 }, // U+068E
    { 13, 30, 270, 2, 29, 98, 18335 }, // U+068F
    { 13, 31, 270, 2, 30, 101, 18433 }, // U+0690
    { 17, 37, 239, -4, 28, 158, 18534 }, // U+0691
    { 17, 34, 239, -4, 25, 145, 18692 }, // U+0692
    { 17, 24, 239, -4, 11, 102, 18837 }, // U+0693
    { 17, 24, 239, -4, 11, 102, 18939 }, // U+0694
    { 17, 29, 239, -4, 11, 124, 19041 }, // U+0695
    { 17, 24, 239, -4, 11, 102, 19165 }, // U+0696
    { 17, 30, 239, -4, 21, 128, 19267 }, // U+0697
    { 17, 34, 239, -4, 25, 145, 19395 }, // U+0698
    { 17, 35, 239, -4, 26, 149, 19540 }, // U+0699
    { 33, 31, 595, 2, 22, 256, 19689 }, // U+069A
    { 33, 26, 595, 2, 14, 215, 19945 }, // U+069B
    { 33, 39, 595, 2, 27, 322, 20160 }, // U+069C
    { 42, 25, 727, 2, 15, 263, 20482 }, // U+069D
    { 42, 38, 727, 2, 28, 399, 20745 }, // U+069E
    { 26, 30, 475, 2, 28, 195, 21144 }, // U+069F
    { 26, 48, 324, 2, 30, 312, 21339 }, // U+06A0
    { 33, 21, 590, 2, 20, 174, 21651 }, // U+06A1
    { 33, 25, 590, 2, 20, 207, 21825 }, // U+06A2
    { 33, 32, 590, 2, 27, 264, 22032 }, // U+06A3
    { 33, 33, 590, 2, 32, 273, 22296 }, // U+06A4
    { 34, 30, 590, 2, 20, 255, 22569 }, // U+06A5
    { 33, 34, 590, 2, 33, 281, 22824 }, // U+06A6
    { 22, 30, 412, 2, 23, 165, 23105 }, // U+06A7
    { 22, 35, 412, 2, 28, 193, 23270 }, // U+06A8
    { 41, 32, 721, 2, 29, 328, 23463 }, // U+06A9
    { 67, 26, 1139, 2, 24, 436, 23791 }, // U+06AA
    { 41, 32, 721, 2, 29, 328, 24227 }, // U+06AB
    { 21, 31, 394, 2, 30, 163, 24555 }, // U+06AC
    { 21, 35, 394, 2, 34, 184, 24718 }, // U+06AD
    { 21, 42, 394, 2, 30, 221, 24902 }, // U+06AE
    { 41, 36, 721, 2, 33, 369, 25123 }, // U+06AF
    { 41, 36, 721, 2, 33, 369, 25492 }, // U+06B0
    { 41, 36, 721, 2, 33, 369, 25861 }, // U+06B1
    { 41, 43, 721, 2, 33, 441, 26230 }, // U+06B2
    { 41, 45, 721, 2, 33, 462, 26671 }, // U+06B3
    { 41, 37, 721, 2, 34, 380, 27133 }, // U+06B4
    { 19, 37, 362, 2, 34, 176, 27513 }, // U+06B5
    { 19, 32, 362, 2, 29, 152, 27689 }, // U+06B6
    { 19, 32, 362, 2, 29, 152, 27841 }, // U+06B7
    { 19, 43, 362, 2, 29, 205, 27993 }, // U+06B8
    { 18, 35, 343, 2, 23, 158, 28198 }, // U+06B9
    { 18, 21, 343, 2, 18, 95, 28356 }, // U+06BA
    { 18, 33, 343, 2, 30, 149, 28451 }, // U+06BB
    { 18, 31, 343, 2, 23, 140, 28600 }, // U+06BC
    { 18, 31, 343, 2, 28, 140, 28740 }, // U+06BD
    { 21, 15, 365, 0, 13, 79, 28880 }, // U+06BE
    { 28, 40, 397, 1, 19, 280, 28959 }, // U+06BF
    { 11, 30, 221, 1, 29, 83, 29239 }, // U+06C0
    { 11, 14, 221, 1, 13, 39, 29322 }, // U+06C1
    { 11, 30, 221, 1, 29, 83, 29361 }, // U+06C2
    { 11, 24, 221, 1, 23, 66, 29444 }, // U+06C3
    { 17, 20, 240, -4, 11, 85, 29510 }, // U+06C4
    { 20, 20, 240, -4, 11, 100, 29595 }, // U+06C5
    { 17, 32, 240, -4, 23, 136, 29695 }, // U+06C6
    { 17, 34, 240, -4, 25, 145, 29831 }, // U+06C7
    { 17, 34, 240, -4, 25, 145, 29976 }, // U+06C8
    { 17, 32, 240, -4, 23, 136, 30121 }, // U+06C9
    { 17, 29, 240, -4, 20, 124, 30257 }, // U+06CA
    { 17, 33, 240, -4, 24, 141, 30381 }, // U+06CB
    { 26, 24, 458, 2, 16, 156, 30522 }, // U+06CC
    { 29, 24, 458, -1, 16, 174, 30678 }, // U+06CD
    { 26, 31, 458, 2, 23, 202, 30852 }, // U+06CE
    { 17, 28, 240, -4, 19, 119, 31054 }, // U+06CF
    { 26, 36, 458, 2, 16, 234, 31173 }, // U+06D0
    { 26, 37, 458, 2, 16, 241, 31407 }, // U+06D1
    { 40, 19, 695, 2, 18, 190, 31648 }, // U+06D2
    { 40, 38, 695, 2, 37, 380, 31838 }, // U+06D3
    { 15, 4, 295, 2, 4, 15, 32218 }, // U+06D4
    { 11, 14, 221, 1, 13, 39, 32233 }, // U+06D5
    { 20, 17, 0, -1, 66, 85, 32272 }, // U+06D6
    { 20, 20, 0, -1, 69, 100, 32357 }, // U+06D7
    { 12, 11, 0, 0, 59, 33, 32457 }, // U+06D8
    { 13, 18, 0, -1, 67, 59, 32490 }, // U+06D9
    { 17, 19, 0, -1, 67, 81, 32549 }, // U+06DA
    { 10, 9, 0, 2, 58, 23, 32630 }, // U+06DB
    { 19, 14, 0, 0, 63, 67, 32653 }, // U+06DC
    { 46, 41, 767, 1, 27, 472, 32720 }, // U+06DD
    { 22, 22, 391, 1, 17, 121, 33192 }, // U+06DE
    { 7, 9, 0, 3, 39, 16, 33313 }, // U+06DF
    { 7, 11, 0, 3, 42, 20, 33329 }, // U+06E0
    { 9, 7, 0, 2, 39, 16, 33349 }, // U+06E1
    { 7, 15, 0, 1, 43, 27, 33365 }, // U+06E2
    { 19, 14, 0, 0, -4, 67, 33392 }, // U+06E3
    { 14, 5, 0, -7, 34, 18, 33459 }, // U+06E4
    { 11, 12, 200, 1, 10, 33, 33477 }, // U+06E5
    { 13, 11, 244, 1, 10, 36, 33510 }, // U+06E6
    { 14, 11, 0, -1, 41, 39, 33546 }, // U+06E7
    { 11, 16, 0, 0, 46, 44, 33585 }, // U+06E8
    { 23, 44, 403, 1, 28, 253, 33629 }, // U+06E9
    { 11, 17, 0, 4, -15, 47, 33882 }, // U+06EA
    { 10, 17, 0, -2, 23, 43, 33929 }, // U+06EB
    { 10, 9, 0, -1, 39, 23, 33972 }, // U+06EC
    { 8, 15, 0, 6, -12, 30, 33995 }, // U+06ED
    { 13, 29, 270, 2, 28, 95, 34025 }, // U+06EE
    { 17, 34, 239, -4, 25, 145, 34120 }, // U+06EF
    { 8, 9, 351, 7, 13, 18, 34265 }, // U+06F0
    { 8, 26, 351, 7, 22, 52, 34283 }, // U+06F1
    { 14, 25, 351, 4, 21, 88, 34335 }, // U+06F2
    { 18, 25, 351, 2, 21, 113, 34423 }, // U+06F3
    { 17, 26, 351, 4, 22, 111, 34536 }, // U+06F4
    { 16, 24, 351, 3, 21, 96, 34647 }, // U+06F5
    { 18, 26, 351, 2, 22, 117, 34743 }, // U+06F6
    { 18, 26, 351, 2, 22, 117, 34860 }, // U+06F7
    { 18, 26, 351, 2, 21, 117, 34977 }, // U+06F8
    { 14, 26, 351, 4, 22, 91, 35094 }, // U+06F9
    { 33, 36, 595, 2, 27, 297, 35185 }, // U+06FA
    { 42, 33, 727, 2, 23, 347, 35482 }, // U+06FB
    { 26, 43, 324, 2, 25, 280, 35829 }, // U+06FC
    { 11, 22, 229, 2, 12, 61, 36109 }, // U+06FD
    { 13, 33, 271, 2, 13, 108, 36170 }, // U+06FE
    { 21, 26, 365, 0, 24, 137, 36278 }, // U+06FF
    { 32, 25, 556, 1, 15, 200, 36415 }, // U+0750
    { 32, 34, 556, 1, 23, 272, 36615 }, // U+0751
    { 32, 29, 556, 1, 15, 232, 36887 }, // U+0752
    { 32, 33, 556, 1, 19, 264, 37119 }, // U+0753
    { 32, 28, 556, 1, 18, 224, 37383 }, // U+0754
    { 32, 30, 556, 1, 15, 240, 37607 }, // U+0755
    { 32, 25, 556, 1, 24, 200, 37847 }, // U+0756
    { 28, 41, 397, 1, 20, 287, 38047 }, // U+0757
    { 28, 31, 397, 1, 10, 217, 38334 }, // U+0758
    { 13, 45, 270, 2, 32, 147, 38551 }, // U+0759
    { 13, 29, 270, 2, 15, 95, 38698 }, // U+075A
    { 21, 20, 239, -4, 11, 105, 38793 }, // U+075B
    { 33, 37, 595, 2, 28, 306, 38898 }, // U+075C
    { 26, 44, 324, 2, 26, 286, 39204 }, // U+075D
    { 26, 48, 324, 2, 30, 312, 39490 }, // U+075E
    { 26, 47, 324, 2, 29, 306, 39802 }, // U+075F
    { 34, 26, 590, 2, 20, 221, 40108 }, // U+0760
    { 34, 30, 590, 2, 20, 255, 40329 }, // U+0761
    { 41, 32, 721, 2, 29, 328, 40584 }, // U+0762
    { 41, 37, 721, 2, 34, 380, 40912 }, // U+0763
    { 41, 43, 721, 2, 29, 441, 41292 }, // U+0764
    { 13, 39, 271, 2, 19, 127, 41733 }, // U+0765
    { 13, 33, 271, 2, 13, 108, 41860 }, // U+0766
    { 18, 35, 343, 2, 23, 158, 41968 }, // U+0767
    { 18, 40, 343, 2, 37, 180, 42126 }, // U+0768
    { 18, 36, 343, 2, 33, 162, 42306 }, // U+0769
    { 21, 32, 362, 2, 29, 168, 42468 }, // U+076A
    { 17, 35, 239, -4, 26, 149, 42636 }, // U+076B
    { 17, 35, 239, -4, 26, 149, 42785 }, // U+076C
    { 33, 35, 595, 2, 26, 289, 42934 }, // U+076D
    { 28, 31, 397, 1, 10, 217, 43223 }, // U+076E
    { 28, 31, 397, 1, 10, 217, 43440 }, // U+076F
    { 33, 46, 595, 2, 37, 380, 43657 }, // U+0770
    { 17, 44, 239, -4, 35, 187, 44037 }, // U+0771
    { 28, 49, 397, 1, 28, 343, 44224 }, // U+0772
    { 10, 33, 157, -1, 32, 83, 44567 }, // U+0773
    { 11, 33, 157, -2, 32, 91, 44650 }, // U+0774
    { 26, 32, 458, 2, 24, 208, 44741 }, // U+0775
    { 26, 32, 458, 2, 24, 208, 44949 }, // U+0776
    { 26, 40, 458, 2, 16, 260, 45157 }, // U+0777
    { 17, 34, 240, -4, 25, 145, 45417 }, // U+0778
    { 17, 34, 240, -4, 25, 145, 45562 }, // U+0779
    { 40, 30, 695, 2, 29, 300, 45707 }, // U+077A
    { 40, 30, 695, 2, 29, 300, 46007 }, // U+077B
    { 28, 31, 397, 1, 10, 217, 46307 }, // U+077C
    { 33, 38, 595, 2, 29, 314, 46524 }, // U+077D
    { 33, 36, 595, 2, 27, 297, 46838 }, // U+077E
    { 21, 31, 394, 2, 30, 163, 47135 }, // U+077F
    { 10, 4, 221, 2, 11, 10, 0 }, // U+2010
    { 10, 4, 221, 2, 11, 10, 10 }, // U+2011
    { 16, 3, 310, 2, 10, 12, 20 }, // U+2012
    { 17, 3, 330, 2, 10, 13, 32 }, // U+2013
    { 28, 3, 501, 2, 10, 21, 45 }, // U+2014
    { 38, 3, 671, 2, 10, 29, 66 }, // U+2015
    { 7, 11, 123, 1, 27, 20, 95 }, // U+2018
    { 6, 11, 123, 1, 28, 17, 115 }, // U+2019
    { 7, 11, 123, 0, 6, 20, 132 }, // U+201A
    { 7, 11, 123, 0, 27, 20, 152 }, // U+201B
    { 13, 11, 222, 1, 27, 36, 172 }, // U+201C
    { 13, 11, 222, 1, 28, 36, 208 }, // U+201D
    { 13, 11, 222, 0, 6, 36, 244 }, // U+201E
    { 13, 11, 222, 0, 27, 36, 280 }, // U+201F
    { 13, 26, 233, 1, 25, 85, 316 }, // U+2020
    { 13, 26, 248, 1, 25, 85, 401 }, // U+2021
    { 9, 9, 220, 2, 14, 21, 486 }, // U+2022
    { 5, 5, 123, 1, 4, 7, 507 }, // U+2024
    { 28, 5, 491, 1, 4, 35, 514 }, // U+2026
    { 33, 43, 574, 2, 42, 355, 0 }, // U+FDF2
    { 10, 12, 175, 4, 43, 30, 355 }, // U+FE70
    { 11, 44, 111, -2, 43, 121, 385 }, // U+FE71
    { 10, 16, 175, 4, 47, 40, 506 }, // U+FE72
    { 10, 12, 175, 4, -12, 30, 546 }, // U+FE74
    { 11, 8, 175, 4, 39, 22, 576 }, // U+FE76
    { 11, 40, 111, -2, 39, 110, 598 }, // U+FE77
    { 11, 13, 175, 4, 44, 36, 708 }, // U+FE78
    { 12, 45, 111, -3, 44, 135, 744 }, // U+FE79
    { 11, 8, 175, 4, -11, 22, 879 }, // U+FE7A
    { 12, 23, 111, -2, 4, 69, 901 }, // U+FE7B
    { 11, 8, 175, 2, 38, 22, 970 }, // U+FE7C
    { 11, 39, 111, -2, 38, 108, 992 }, // U+FE7D
    { 8, 9, 175, 3, 40, 18, 1100 }, // U+FE7E
    { 11, 41, 111, -2, 40, 113, 1118 }, // U+FE7F
    { 11, 13, 229, 2, 12, 36, 1231 }, // U+FE80
    { 18, 36, 130, -6, 35, 162, 1267 }, // U+FE81
    { 18, 35, 196, -3, 35, 158, 1429 }, // U+FE82
    { 9, 39, 140, 0, 38, 88, 1587 }, // U+FE83
    { 11, 38, 173, 1, 38, 105, 1675 }, // U+FE84
    { 17, 34, 240, -4, 25, 145, 1780 }, // U+FE85
    { 17, 34, 207, -3, 23, 145, 1925 }, // U+FE86
    { 10, 39, 130, 1, 27, 98, 2070 }, // U+FE87
    { 10, 40, 137, 0, 28, 100, 2168 }, // U+FE88
    { 26, 32, 458, 2, 24, 208, 2268 }, // U+FE89
    { 25, 31, 351, 1, 18, 194, 2476 }, // U+FE8A
    { 10, 23, 114, -2, 23, 58, 2670 }, // U+FE8B
    { 11, 22, 146, -1, 22, 61, 2728 }, // U+FE8C
    { 5, 28, 130, 2, 27, 35, 2789 }, // U+FE8D
    { 9, 28, 137, 1, 28, 63, 2824 }, // U+FE8E
    { 32, 26, 556, 1, 15, 208, 2887 }, // U+FE8F
    { 34, 22, 530, 1, 10, 187, 3095 }, // U+FE90
    { 7, 21, 114, -1, 11, 37, 3282 }, // U+FE91
    { 11, 17, 146, -1, 7, 47, 3319 }, // U+FE92
    { 11, 24, 221, 1, 23, 66, 3366 }, // U+FE93
    { 16, 25, 227, 0, 24, 100, 3432 }, // U+FE94
    { 32, 20, 556, 1, 19, 160, 3532 }, // U+FE95
    { 34, 22, 530, 1, 19, 187, 3692 }, // U+FE96
    { 10, 18, 114, -2, 18, 45, 3879 }, // U+FE97
    { 11, 17, 146, -1, 17, 47, 3924 }, // U+FE98
    { 32, 24, 556, 1, 23, 192, 3971 }, // U+FE99
    { 34, 26, 530, 1, 23, 221, 4163 }, // U+FE9A
    { 10, 22, 114, -2, 22, 55, 4384 }, // U+FE9B
    { 11, 21, 146, -1, 21, 58, 4439 }, // U+FE9C
    { 28, 31, 397, 1, 10, 217, 4497 }, // U+FE9D
    { 28, 31, 383, 1, 10, 217, 4714 }, // U+FE9E
    { 24, 19, 393, -1, 12, 114, 4931 }, // U+FE9F
    { 27, 19, 366, -2, 12, 129, 5045 }, // U+FEA0
    { 28, 31, 397, 1, 10, 217, 5174 }, // U+FEA1
    { 28, 31, 383, 1, 10, 217, 5391 }, // U+FEA2
    { 24, 12, 393, -1, 12, 72, 5608 }, // U+FEA3
    { 27, 13, 366, -2, 12, 88, 5680 }, // U+FEA4
    { 28, 40, 397, 1, 19, 280, 5768 }, // U+FEA5
    { 28, 40, 383, 1, 19, 280, 6048 }, // U+FEA6
    { 24, 20, 393, -1, 20, 120, 6328 }, // U+FEA7
    { 27, 21, 366, -2, 20, 142, 6448 }, // U+FEA8
    { 13, 16, 270, 2, 15, 52, 6590 }, // U+FEA9
    { 18, 20, 283, 1, 20, 90, 6642 }, // U+FEAA
    { 13, 25, 270, 2, 24, 82, 6732 }, // U+FEAB
    { 18, 26, 283, 1, 26, 117, 6814 }, // U+FEAC
    { 17, 20, 239, -4, 11, 85, 6931 }, // U+FEAD
    { 18, 17, 206, -4, 6, 77, 7016 }, // U+FEAE
    { 17, 31, 239, -4, 22, 132, 7093 }, // U+FEAF
    { 18, 28, 206, -4, 17, 126, 7225 }, // U+FEB0
    { 33, 23, 595, 2, 14, 190, 7351 }, // U+FEB1
    { 40, 22, 647, 2, 8, 220, 7541 }, // U+FEB2
    { 21, 11, 341, -1, 11, 58, 7761 }, // U+FEB3
    { 24, 9, 341, -1, 8, 54, 7819 }, // U+FEB4
    { 33, 36, 595, 2, 27, 297, 7873 }, // U+FEB5
    { 40, 35, 647, 2, 21, 350, 8170 }, // U+FEB6
    { 21, 24, 341, -1, 24, 126, 8520 }, // U+FEB7
    { 24, 23, 341, -1, 22, 138, 8646 }, // U+FEB8
    { 42, 25, 727, 2, 15, 263, 8784 }, // U+FEB9
    { 44, 25, 709, 1, 14, 275, 9047 }, // U+FEBA
    { 27, 15, 419, -2, 11, 102, 9322 }, // U+FEBB
    { 30, 17, 433, -2, 13, 128, 9424 }, // U+FEBC
    { 42, 33, 727, 2, 23, 347, 9552 }, // U+FEBD
    { 44, 32, 709, 1, 21, 352, 9899 }, // U+FEBE
    { 27, 23, 419, -2, 19, 156, 10251 }, // U+FEBF
    { 30, 25, 433, -2, 21, 188, 10407 }, // U+FEC0
    { 26, 30, 475, 2, 28, 195, 10595 }, // U+FEC1
    { 28, 30, 451, 2, 29, 210, 10790 }, // U+FEC2
    { 21, 27, 340, -1, 27, 142, 11000 }, // U+FEC3
    { 24, 29, 331, -2, 28, 174, 11142 }, // U+FEC4
    { 26, 30, 475, 2, 28, 195, 11316 }, // U+FEC5
    { 28, 30, 451, 2, 29, 210, 11511 }, // U+FEC6
    { 21, 27, 340, -1, 27, 142, 11721 }, // U+FEC7
    { 24, 29, 331, -2, 28, 174, 11863 }, // U+FEC8
    { 26, 36, 324, 2, 18, 234, 12037 }, // U+FEC9
    { 27, 33, 296, 1, 12, 223, 12271 }, // U+FECA
    { 18, 16, 286, -2, 16, 72, 12494 }, // U+FECB
    { 17, 14, 220, -2, 13, 60, 12566 }, // U+FECC
    { 26, 43, 324, 2, 25, 280, 12626 }, // U+FECD
    { 27, 41, 296, 1, 20, 277, 12906 }, // U+FECE
    { 18, 23, 286, -2, 23, 104, 13183 }, // U+FECF
    { 17, 22, 220, -2, 21, 94, 13287 }, // U+FED0
    { 33, 28, 590, 2, 27, 231, 13381 }, // U+FED1
    { 37, 26, 603, 2, 21, 241, 13612 }, // U+FED2
    { 10, 23, 177, -1, 23, 58, 13853 }, // U+FED3
    { 16, 25, 227, -1, 24, 100, 13911 }, // U+FED4
    { 22, 31, 412, 2, 24, 171, 14011 }, // U+FED5
    { 23, 27, 364, 1, 17, 156, 14182 }, // U+FED6
    { 10, 24, 177, -1, 24, 60, 14338 }, // U+FED7
    { 16, 26, 227, -1, 25, 104, 14398 }, // U+FED8
    { 21, 31, 394, 2, 30, 163, 14502 }, // U+FED9
    { 30, 30, 493, 2, 28, 225, 14665 }, // U+FEDA
    { 25, 30, 395, -2, 29, 188, 14890 }, // U+FEDB
    { 25, 32, 353, -2, 31, 200, 15078 }, // U+FEDC
    { 19, 32, 362, 2, 29, 152, 15278 }, // U+FEDD
    { 25, 39, 386, 1, 25, 244, 15430 }, // U+FEDE
    { 6, 27, 105, -1, 27, 41, 15674 }, // U+FEDF
    { 10, 28, 118, -2, 27, 70, 15715 }, // U+FEE0
    { 13, 33, 271, 2, 13, 108, 15785 }, // U+FEE1
    { 20, 31, 313, 1, 9, 155, 15893 }, // U+FEE2
    { 15, 12, 233, -2, 12, 45, 16048 }, // U+FEE3
    { 21, 11, 278, -2, 10, 58, 16093 }, // U+FEE4
    { 18, 26, 343, 2, 23, 117, 16151 }, // U+FEE5
    { 23, 27, 369, 2, 14, 156, 16268 }, // U+FEE6
    { 7, 19, 114, -1, 19, 34, 16424 }, // U+FEE7
    { 11, 18, 146, -1, 18, 50, 16458 }, // U+FEE8
    { 11, 14, 221, 1, 13, 39, 16508 }, // U+FEE9
    { 14, 19, 227, 2, 18, 67, 16547 }, // U+FEEA
    { 17, 16, 271, -2, 16, 68, 16614 }, // U+FEEB
    { 18, 23, 234, -2, 14, 104, 16682 }, // U+FEEC
    { 17, 20, 240, -4, 11, 85, 16786 }, // U+FEED
    { 17, 20, 207, -3, 9, 85, 16871 }, // U+FEEE
    { 26, 24, 458, 2, 16, 156, 16956 }, // U+FEEF
    { 24, 17, 351, 2, 4, 102, 17112 }, // U+FEF0
    { 26, 33, 458, 2, 16, 215, 17214 }, // U+FEF1
    { 24, 27, 351, 2, 4, 162, 17429 }, // U+FEF2
    { 10, 22, 114, -1, 11, 55, 17591 }, // U+FEF3
    { 11, 16, 146, -1, 7, 44, 17646 }, // U+FEF4
    { 27, 36, 386, -4, 34, 243, 17690 }, // U+FEF5
    { 32, 35, 415, -4, 32, 280, 17933 }, // U+FEF6
    { 24, 40, 386, -1, 38, 240, 18213 }, // U+FEF7
    { 29, 39, 415, -1, 36, 283, 18453 }, // U+FEF8
    { 21, 43, 386, 2, 28, 226, 18736 }, // U+FEF9
    { 29, 42, 415, -1, 27, 305, 18962 }, // U+FEFA
    { 21, 30, 386, 2, 28, 158, 19267 }, // U+FEFB
    { 26, 30, 415, 2, 27, 195, 19425 }, // U+FEFC
    { 0, 0, 0, 0, 0, 0, 19620 }, // U+FEFF
};

static const EpdUnicodeInterval amiri_18_regularIntervals[] = {
    { 0x20, 0x7E, 0x0 },
    { 0x600, 0x604, 0x5F },
    { 0x606, 0x6FF, 0x64 },
    { 0x750, 0x77F, 0x15E },
    { 0x2010, 0x2015, 0x18E },
    { 0x2018, 0x2022, 0x194 },
    { 0x2024, 0x2024, 0x19F },
    { 0x2026, 0x2026, 0x1A0 },
    { 0xFDF2, 0xFDF2, 0x1A1 },
    { 0xFE70, 0xFE72, 0x1A2 },
    { 0xFE74, 0xFE74, 0x1A5 },
    { 0xFE76, 0xFEFC, 0x1A6 },
    { 0xFEFF, 0xFEFF, 0x22D },
};

static const EpdFontGroup amiri_18_regularGroups[] = {
    { 0, 4294, 9933, 95, 0 },
    { 4294, 10080, 50914, 303, 95 },
    { 14374, 374, 646, 19, 398 },
    { 14748, 6030, 21025, 141, 417 },
};

static const EpdKernClassEntry amiri_18_regularKernLeftClasses[] = {
    { 0x0022, 1 }, // "
    { 0x0026, 2 }, // &
    { 0x0027, 1 }, // '
    { 0x002E, 3 }, // .
    { 0x0041, 4 }, // A
    { 0x0042, 5 }, // B
    { 0x0043, 6 }, // C
    { 0x0044, 7 }, // D
    { 0x0045, 8 }, // E
    { 0x0046, 9 }, // F
    { 0x0047, 10 }, // G
    { 0x0048, 11 }, // H
    { 0x0049, 11 }, // I
    { 0x004A, 12 }, // J
    { 0x004B, 13 }, // K
    { 0x004C, 14 }, // L
    { 0x004D, 15 }, // M
    { 0x004E, 16 }, // N
    { 0x004F, 7 }, // O
    { 0x0050, 17 }, // P
    { 0x0051, 7 }, // Q
    { 0x0052, 18 }, // R
    { 0x0053, 19 }, // S
    { 0x0054, 20 }, // T
    { 0x0055, 21 }, // U
    { 0x0056, 22 }, // V
    { 0x0057, 23 }, // W
    { 0x0058, 24 }, // X
    { 0x0059, 25 }, // Y
    { 0x005A, 26 }, // Z
    { 0x0076, 27 }, // v
    { 0x0077, 27 }, // w
    { 0x0079, 27 }, // y
    { 0x0677, 28 }, // U+0677
    { 0x0688, 29 }, // U+0688
    { 0x0689, 29 }, // U+0689
    { 0x068A, 29 }, // U+068A
    { 0x068B, 29 }, // U+068B
    { 0x068C, 29 }, // U+068C
    { 0x068D, 29 }, // U+068D
    { 0x068E, 29 }, // U+068E
    { 0x068F, 29 }, // U+068F
    { 0x0690, 29 }, // U+0690
    { 0x0691, 28 }, // U+0691
    { 0x0692, 28 }, // U+0692
    { 0x0693, 28 }, // U+0693
    { 0x0694, 28 }, // U+0694
    { 0x0695, 28 }, // U+0695
    { 0x0696, 28 }, // U+0696
    { 0x0697, 28 }, // U+0697
    { 0x0698, 28 }, // U+0698
    { 0x0699, 28 }, // U+0699
    { 0x06C4, 28 }, // U+06C4
    { 0x06C5, 28 }, // U+06C5
    { 0x06C6, 28 }, // U+06C6
    { 0x06C7, 28 }, // U+06C7
    { 0x06C8, 28 }, // U+06C8
    { 0x06C9, 28 }, // U+06C9
    { 0x06CA, 28 }, // U+06CA
    { 0x06CB, 28 }, // U+06CB
    { 0x06CF, 28 }, // U+06CF
    { 0x06EE, 29 }, // U+06EE
    { 0x06EF, 28 }, // U+06EF
    { 0x0759, 29 }, // U+0759
    { 0x075A, 29 }, // U+075A
    { 0x075B, 28 }, // U+075B
    { 0x076B, 28 }, // U+076B
    { 0x076C, 28 }, // U+076C
    { 0x0771, 28 }, // U+0771
    { 0x0778, 28 }, // U+0778
    { 0x0779, 28 }, // U+0779
    { 0xFE85, 28 }, // U+FE85
    { 0xFEA9, 29 }, // U+FEA9
    { 0xFEAB, 29 }, // U+FEAB
    { 0xFEAD, 28 }, // U+FEAD
    { 0xFEAF, 28 }, // U+FEAF
    { 0xFEED, 28 }, // U+FEED
};

static const EpdKernClassEntry amiri_18_regularKernRightClasses[] = {
    { 0x0022, 1 }, // "
    { 0x0026, 2 }, // &
    { 0x0027, 1 }, // '
    { 0x002A, 3 }, // *
    { 0x002D, 4 }, // -
    { 0x003A, 5 }, // :
    { 0x003B, 5 }, // ;
    { 0x003F, 6 }, // ?
    { 0x0040, 7 }, // @
    { 0x0043, 8 }, // C
    { 0x0047, 8 }, // G
    { 0x004F, 8 }, // O
    { 0x0051, 8 }, // Q
    { 0x0053, 9 }, // S
    { 0x0054, 10 }, // T
    { 0x0056, 11 }, // V
    { 0x0057, 12 }, // W
    { 0x0059, 13 }, // Y
    { 0x005A, 14 }, // Z
    { 0x0061, 15 }, // a
    { 0x0062, 16 }, // b
    { 0x0063, 17 }, // c
    { 0x0064, 18 }, // d
    { 0x0066, 19 }, // f
    { 0x0067, 20 }, // g
    { 0x0068, 21 }, // h
    { 0x0069, 22 }, // i
    { 0x006A, 23 }, // j
    { 0x006B, 21 }, // k
    { 0x006C, 21 }, // l
    { 0x006D, 24 }, // m
    { 0x006E, 24 }, // n
    { 0x0070, 25 }, // p
    { 0x0071, 26 }, // q
    { 0x0072, 24 }, // r
    { 0x0073, 27 }, // s
    { 0x0074, 28 }, // t
    { 0x0075, 29 }, // u
    { 0x0076, 30 }, // v
    { 0x0077, 31 }, // w
    { 0x0078, 32 }, // x
    { 0x0079, 33 }, // y
    { 0x007A, 34 }, // z
    { 0x061B, 35 }, // U+061B
    { 0x063B, 36 }, // U+063B
    { 0x063C, 36 }, // U+063C
    { 0x06A9, 36 }, // U+06A9
    { 0x06AB, 36 }, // U+06AB
    { 0x06AF, 36 }, // U+06AF
    { 0x06B0, 36 }, // U+06B0
    { 0x06B1, 36 }, // U+06B1
    { 0x06B2, 36 }, // U+06B2
    { 0x06B3, 36 }, // U+06B3
    { 0x06B4, 36 }, // U+06B4
    { 0x0762, 36 }, // U+0762
    { 0x0763, 36 }, // U+0763
    { 0x0764, 36 }, // U+0764
    { 0x2013, 4 }, // U+2013
    { 0x2014, 4 }, // U+2014
    { 0x2015, 4 }, // U+2015
    { 0x2018, 37 }, // U+2018
    { 0x2019, 38 }, // U+2019
    { 0x201C, 37 }, // U+201C
    { 0x201D, 38 }, // U+201D
};

static const int8_t amiri_18_regularKernMatrix[] = {
       0,    0,    0,    0,    0,    0,  -13,    0,    0,    0,    0,    0,    0,    0,    0,    0,    0,    0,    0,    0,    0,    0,    0,    0,    0,    0,    0,    0,    0,    0,    0,    0,    0,    0,    0,    0,    0,    0,
     -22,    0,    0,    0,    0,    0,    0,    0,    0,  -17,  -16,  -13,  -20,    0,    0,    0,    0,    0,    0,    0,    0,    0,    0,    0,    0,    0,    0,    0,    0,    0,    0,    0,    0,    0,    0,    0,    0,    0,
       0,    0,    0,    0,    0,    0,    0,    0,    0,    0,    0,    0,    0,    0,    0,    0,    0,    0,    0,    0,    0,    0,    0,    0,    0,    0,    0,    0,    0,    0,    0,    0,    0,    0,    0,    0,  -88,    0,
       0,    0,  -24,  -10,    0,    0,    0,  -13,    0,    0,    0,    0,    0,    0,    0,    0,   -6,   -5,    0,    0,    0,    0,    0,    0,    0,   -5,    0,   -5,   -7,  -26,  -26,    0,  -25,    0,    0,    0,  -28,  -26,
       0,    0,    0,    0,    0,    0,    0,    0,    0,    0,    0,    0,    0,    0,    0,    0,    0,    0,   -5,    0,   -4,   -5,   -4,   -5,    0,    0,    0,   -3,    0,  -11,  -11,  -14,  -11,   -6,    0,    0,    0,    0,
       0,    0,    0,    0,    0,    0,    0,    0,    0,    0,    0,    0,    0,    0,    0,    0,    0,    0,    0,    0,    0,   -3,    0,    0,    0,    0,    0,    0,    0,   -9,   -8,    0,   -8,    0,    0,    0,    0,    0,
       0,    0,    0,    0,    0,    0,    0,    0,    0,    0,    0,    0,    0,   -3,    0,    0,    0,    0,    0,    0,   -7,    0,    0,    0,    0,    0,    0,    0,    0,    0,    0,  -13,    0,    0,    0,    0,    0,    0,
       0,    0,    0,    0,    0,    0,    0,    0,    0,    0,    0,    0,    0,    0,    0,    0,    0,    0,    0,    0,    0,    0,   -3,    0,    0,    0,    0,   -4,   -3,  -15,  -14,    0,  -14,   -4,    0,    0,    0,    0,
       0,   -7,    0,   -5,   -5,    0,    0,    0,    0,    0,    0,    0,    0,    0,  -18,    0,  -16,  -16,   -7,  -16,    0,   -3,    0,  -10,   -4,  -16,  -15,   -4,   -5,   -5,   -5,   -8,   -5,  -13,    0,    0,    0,    0,
       0,    0,    0,    0,    0,    0,    0,    0,    0,    0,    0,    0,    0,    0,    0,    0,    0,    0,    0,    0,    0,    0,    0,    0,    0,    0,    0,    0,    0,   -7,   -6,   -7,   -7,    0,    0,    0,    0,    0,
       0,    0,    0,   -7,    0,    0,    0,   -5,    0,    0,    0,    0,    0,    0,   -5,    0,  -13,  -12,    0,   -7,    0,    0,   -3,    0,   -4,  -12,   -4,   -9,   -8,  -10,  -10,    0,  -10,    0,    0,    0,    0,    0,
       0,   -7,    0,   -5,    0,    0,    0,   -5,    0,    0,    0,    0,    0,    0,  -13,    0,  -14,  -14,  -11,  -13,    0,   -7,   -4,  -11,   -8,  -14,  -13,  -12,  -10,  -10,  -10,   -4,  -10,  -13,    0,    0,    0,    0,
       0,    0,    0,  -21,    0,    0,    0,  -31,    0,    0,    0,    0,    0,    0,    0,    0,  -20,  -18,    0,   -3,    0,    0,    0,    0,    0,  -17,    0,   -5,   -8,  -43,  -43,    0,  -42,    0,    0,    0,    0,    0,
       0,    0,  -46,    0,    0,    0,    0,    0,    0,    0,    0,    0,    0,    0,    0,    0,    0,    0,    0,    0,    0,    0,    0,    0,    0,    0,    0,    0,    0,  -27,  -27,    0,  -26,    0,    0,    0,  -41,  -43,
       0,    0,    0,   -7,    0,    0,    0,   -6,    0,    0,    0,    0,    0,    0,   -4,    0,  -11,  -11,    0,   -5,    0,    0,   -3,    0,   -3,  -11,   -3,   -8,   -8,  -11,  -12,    0,  -12,    0,    0,    0,    0,    0,
       0,   -7,    0,   -7,    0,    0,    0,   -6,    0,    0,    0,    0,    0,    0,  -14,    0,  -14,  -14,  -12,  -13,    0,   -6,   -4,  -11,   -8,  -14,  -14,  -12,  -11,  -11,  -11,   -4,  -11,  -14,    0,    0,    0,    0,
       0,  -13,    4,  -26,    0,    0,    0,    0,    0,    0,    0,    0,    0,    0,  -11,    0,  -22,  -22,    0,  -13,    0,    0,    0,    0,    0,  -22,   -9,    0,    0,    0,    0,    0,    0,    0,    0,    0,    0,    0,
       0,    0,  -10,   -5,    0,    0,    0,   -9,    0,    0,    0,    0,    0,    0,    0,    0,   -5,   -5,    0,   -3,    0,    0,    0,    0,    0,   -5,    0,    0,   -4,  -21,  -20,    0,  -21,    0,    0,    0,    0,    0,
       0,    0,    0,    0,    0,    0,    0,    0,    0,    0,    0,    0,    0,    0,    0,    0,    0,    0,   -4,    0,    0,   -5,   -4,   -5,    0,    0,    0,   -4,   -3,  -13,  -13,   -8,  -12,   -6,    0,    0,    0,    0,
       0,  -13,    0,  -37,  -20,    0,    0,   -4,    0,    0,    0,    0,    0,    0,  -50,    0,  -60,  -59,  -13,  -50,    0,  -11,   -4,  -43,  -39,  -59,  -48,  -11,  -40,  -34,  -33,  -35,  -32,  -46,    0,    0,    0,    0,
       0,   -7,    0,   -5,   -5,    0,    0,   -4,    0,    0,    0,    0,    0,    0,  -17,    5,  -16,  -16,  -13,  -16,    0,   -5,    0,  -13,   -7,  -16,  -17,  -11,   -8,   -7,   -7,   -8,   -7,  -16,    0,    0,    0,    0,
       0,  -17,    0,  -28,  -18,    0,    0,  -13,   -5,    0,    0,    0,    0,    0,  -47,   22,  -46,  -45,  -20,  -41,   13,   -5,    0,  -37,  -28,  -46,  -44,  -22,  -24,  -22,  -23,  -23,  -22,  -38,    0,    0,    0,    0,
       0,  -16,    0,  -20,  -14,    0,    0,  -11,   -4,    0,    0,    0,    0,    0,  -38,   19,  -34,  -34,  -19,  -32,    9,   -5,    0,  -26,  -18,  -34,  -35,  -21,  -20,  -16,  -17,  -16,  -16,  -29,    0,    0,    0,    0,
       0,    0,    0,  -14,    0,    0,    0,  -18,    0,    0,    0,    0,    0,    0,    0,    0,  -17,  -15,    0,    0,    0,    0,    0,    0,    0,  -14,    0,   -7,   -8,  -36,  -35,    0,  -35,    0,    0,    0,    0,    0,
       0,  -16,    0,  -33,  -19,    0,    0,  -21,   -5,    0,    0,    0,    0,    0,  -47,   16,  -54,  -53,  -22,  -45,    7,   -7,    0,  -41,  -37,  -53,  -45,  -36,  -41,  -36,  -37,  -34,  -37,  -46,    0,    0,    0,    0,
       0,    0,   -7,    0,    0,    0,    0,    0,    0,    0,    0,    0,    0,    0,    0,    0,    0,    0,    0,   -3,    0,   -3,   -5,   -3,   -4,    0,    0,   -6,   -6,  -25,  -25,    0,  -23,   -5,    0,    0,    0,    0,
       0,    0,    0,    0,    0,   -7,    0,    0,    0,    0,    0,    0,    0,    0,    0,    0,    0,    0,    0,    0,    0,    0,    0,    0,    0,    0,    0,    0,    0,    0,    0,    0,    0,    0,    0,    0,    0,    0,
       0,    0,    0,    0,    0,    0,    0,    0,    0,    0,    0,    0,    0,    0,    0,    0,    0,    0,    0,    0,    0,    0,    0,    0,    0,    0,    0,    0,    0,    0,    0,    0,    0,    0,   35,  -88,    0,    0,
       0,    0,    0,    0,    0,    0,    0,    0,    0,    0,    0,    0,    0,    0,    0,    0,    0,    0,    0,    0,    0,    0,    0,    0,    0,    0,    0,    0,    0,    0,    0,    0,    0,    0,    0, -117,    0,    0,
};

static const EpdFontData amiri_18_regular = {
    amiri_18_regularBitmaps,
    amiri_18_regularGlyphs,
    amiri_18_regularIntervals,
    13,
    66,
    43,
    -24,
    true,
    amiri_18_regularGroups,
    4,
    nullptr,
    amiri_18_regularKernLeftClasses,
    amiri_18_regularKernRightClasses,
    amiri_18_regularKernMatrix,
    77,
    64,
    29,
    38,
    nullptr,
    0,
};
