/**
 * generated by fontconvert.py
 * name: bitter_18_italic
 * size: 18
 * mode: 2-bit  compressed: true
 * Command used: fontconvert.py bitter_18_italic 18 /tmp/fonttest/Bitter-Italic.ttf --2bit --compress --pnum
 */
#pragma once
#include "EpdFontData.h"

static const uint8_t bitter_18_italicBitmaps[46073] = {
    0xAD, 0x5A, 0xBF, 0x93, 0xDC, 0x46, 0x76, 0x6E, 0x0C, 0x8E, 0x84, 0x4B, 0x13, 0x40, 0x81, 0x58,
    0x76, 0x71, 0x03, 0x24, 0x4A, 0x7C, 0x57, 0x75, 0x48, 0x9C, 0x92, 0x80, 0x2E, 0x51, 0xE0, 0xE0,
    0x18, 0x70, 0xCF, 0x81, 0x02, 0x25, 0x0E, 0x5C, 0x4A, 0xF6, 0x1F, 0x20, 0x17, 0x90, 0x5D, 0xCE,
    0x19, 0x58, 0x8A, 0x1D, 0x28, 0x38, 0x2D, 0x03, 0x26, 0x0E, 0x25, 0x02, 0xE7, 0x0B, 0x1C, 0x38,
    0x30, 0x5C, 0x2E, 0x45, 0x0A, 0x04, 0xD7, 0x51, 0x76, 0x15, 0x1D, 0x08, 0xE7, 0x83, 0x4A, 0xE0,
    0x0A, 0x83, 0xF6, 0xF7, 0x7D, 0xAF, 0x31, 0x33, 0xBB, 0xA4, 0xA4, 0xBB, 0x2B, 0xEF, 0xCE, 0x3C,
    0xCC, 0x2F, 0x74, 0xBF, 0x7E, 0x3F, 0xBF, 0xF7, 0xBA, 0xDD, 0x2D, 0xE7, 0x9A, 0xD2, 0x35, 0xCE,
    0x79, 0xE7, 0x16, 0x3D, 0x76, 0x2E, 0x9A, 0xF9, 0xD8, 0xE0, 0x31, 0xB9, 0x78, 0x74, 0xF1, 0x10,
    0x1E, 0x49, 0xEF, 0x92, 0xCE, 0x6D, 0x5B, 0x17, 0xB9, 0xC3, 0xDF, 0x0D, 0xE7, 0x8A, 0xDA, 0x55,
    0xAD, 0x6B, 0x5A, 0x57, 0x94, 0xFC, 0x24, 0x7B, 0x7F, 0xCE, 0xF1, 0xF8, 0xD9, 0x54, 0x6C, 0xC6,
    0x22, 0x1E, 0xEE, 0xF2, 0xD1, 0xDF, 0x89, 0xBB, 0x07, 0x71, 0xFB, 0xE6, 0xA6, 0xE6, 0x1D, 0x11,
    0x7E, 0x97, 0xD5, 0xDB, 0x0E, 0xB7, 0xBA, 0xB4, 0x5D, 0xE9, 0xB9, 0xCB, 0xF1, 0xED, 0xA7, 0x78,
    0xE7, 0xDC, 0x4C, 0x7A, 0xB1, 0x5C, 0x34, 0xBF, 0x8C, 0x3C, 0xFE, 0x66, 0xA3, 0x60, 0x02, 0x8C,
    0x81, 0x8F, 0xCD, 0xE8, 0xDC, 0xB6, 0x03, 0x4B, 0xB8, 0x91, 0x34, 0xAB, 0xC1, 0x9B, 0xCB, 0xCB,
    0xFD, 0x90, 0xB7, 0x9A, 0xD3, 0xB3, 0xCF, 0x5C, 0xC5, 0xBB, 0x02, 0xB5, 0x21, 0xA3, 0x09, 0xD3,
    0x38, 0xDC, 0x8E, 0x61, 0x70, 0xA3, 0x28, 0x3E, 0xC3, 0x60, 0x1C, 0xD2, 0x06, 0xDB, 0xFF, 0x7D,
    0x22, 0x3A, 0x1D, 0xD1, 0x91, 0x24, 0x12, 0x3D, 0xF3, 0xCF, 0xC0, 0x09, 0x46, 0x2E, 0x5D, 0xE6,
    0x1F, 0x83, 0x56, 0x1D, 0x27, 0xF0, 0x64, 0x80, 0x62, 0xBC, 0xEB, 0xA2, 0x9D, 0x73, 0x77, 0x44,
    0xDF, 0x70, 0xD1, 0xA2, 0xFB, 0x7D, 0x2D, 0xFA, 0x82, 0xB4, 0xE0, 0x00, 0x2E, 0x25, 0x6B, 0x2E,
    0x6A, 0x3C, 0x38, 0x77, 0x37, 0xBD, 0xA6, 0xCF, 0x35, 0xC1, 0x56, 0x53, 0x26, 0x93, 0xCB, 0xC0,
    0xE4, 0xE4, 0x72, 0xBC, 0x1E, 0x49, 0xD3, 0x81, 0x33, 0xE4, 0xBD, 0x2B, 0x1E, 0x45, 0xBE, 0xD5,
    0xEA, 0x38, 0x98, 0x1F, 0x39, 0xCC, 0x42, 0x0D, 0x6C, 0x34, 0x8A, 0x2D, 0x25, 0xEE, 0x0F, 0x34,
    0xE9, 0x0E, 0x6B, 0xBB, 0xFD, 0xC8, 0xB9, 0xD7, 0xEA, 0xC8, 0xEF, 0xC8, 0x6F, 0x72, 0xD9, 0x50,
    0xF0, 0x69, 0x9B, 0xD5, 0x1B, 0xCE, 0x94, 0xB6, 0xC9, 0x80, 0x05, 0xA4, 0x2D, 0x24, 0xF9, 0x10,
    0x17, 0xE8, 0xF5, 0x81, 0x4B, 0xEB, 0x4F, 0x29, 0x92, 0xEC, 0x2D, 0xF0, 0xF5, 0xC0, 0x15, 0x1C,
    0xFE, 0xDC, 0x9D, 0x4B, 0x7D, 0x1F, 0xCE, 0xD4, 0x7C, 0xE6, 0xFB, 0xA7, 0x9C, 0x7D, 0x79, 0xCB,
    0x84, 0x15, 0x0F, 0xF9, 0x8E, 0x2B, 0xFC, 0x15, 0x65, 0xE4, 0xF2, 0xB7, 0xC7, 0x0C, 0xBF, 0x7D,
    0x9A, 0xB6, 0x34, 0xA0, 0x39, 0x2B, 0xC1, 0x0D, 0x7E, 0x41, 0xA6, 0xD2, 0xAE, 0xE0, 0x25, 0x2F,
    0xEF, 0xD2, 0xB8, 0xCE, 0x35, 0xB3, 0xD4, 0x95, 0x97, 0x98, 0x25, 0x2F, 0xCF, 0xF1, 0x0B, 0x08,
    0x6A, 0xA6, 0x7D, 0xC4, 0xBE, 0x77, 0xB0, 0x59, 0x88, 0x94, 0xF2, 0xFA, 0x18, 0x03, 0xC3, 0x34,
    0x16, 0xC9, 0x91, 0x62, 0x78, 0xF1, 0x0B, 0x2F, 0x29, 0x9F, 0x4B, 0xE2, 0x0F, 0x69, 0xC4, 0xA0,
    0xF1, 0xCC, 0x1B, 0xF8, 0x1A, 0xEC, 0xED, 0x4C, 0x13, 0xA2, 0xD5, 0x97, 0xA7, 0xA7, 0xF7, 0xDC,
    0x16, 0xF7, 0x42, 0xCC, 0xA0, 0x63, 0xE4, 0x9F, 0x5F, 0x2C, 0x2E, 0xD9, 0x51, 0x6D, 0x10, 0x34,
    0xAC, 0xAD, 0x68, 0x79, 0x23, 0x28, 0x06, 0xA9, 0x6A, 0x6A, 0x82, 0x74, 0x24, 0xDD, 0x0E, 0xB4,
    0xFB, 0x0C, 0x9A, 0x18, 0x69, 0xFD, 0x99, 0x7F, 0x82, 0x51, 0xB7, 0x1C, 0x8B, 0x0A, 0x7D, 0x44,
    0xBD, 0xDE, 0xA3, 0x3F, 0xD4, 0x79, 0x9D, 0x97, 0x05, 0xD6, 0x73, 0x17, 0xFF, 0x77, 0x20, 0xBC,
    0x37, 0xF1, 0xE9, 0x9F, 0x38, 0x59, 0x0A, 0x19, 0x21, 0x63, 0x09, 0xCD, 0x8F, 0x36, 0x0C, 0x19,
    0x55, 0xA5, 0x3E, 0xA6, 0xE5, 0xC4, 0xE1, 0xAB, 0xED, 0x60, 0x5F, 0x53, 0x84, 0xFC, 0x09, 0x5C,
    0x4E, 0xDE, 0x56, 0x39, 0x7B, 0x36, 0x47, 0xCF, 0xA7, 0xE1, 0xB9, 0xBE, 0xAF, 0xC2, 0x4C, 0xFC,
    0x3D, 0xEF, 0xE3, 0xFD, 0x54, 0x1B, 0xC7, 0x83, 0x9E, 0xB9, 0x18, 0xB3, 0x69, 0xDA, 0x0E, 0x5D,
    0x53, 0x5F, 0x76, 0x87, 0x2F, 0x37, 0x5C, 0x10, 0x85, 0x47, 0xD1, 0x2D, 0x47, 0xA3, 0x56, 0xC7,
    0xA3, 0x87, 0xE7, 0x75, 0x8E, 0x16, 0xBB, 0x8F, 0xF7, 0x73, 0x9D, 0x90, 0x9F, 0xC6, 0x4D, 0xE9,
    0xB5, 0xF4, 0xD6, 0xA3, 0xF5, 0x86, 0xAF, 0xB9, 0xD6, 0x2C, 0x7C, 0x0C, 0x67, 0x75, 0x7F, 0x26,
    0x55, 0xE3, 0xCD, 0x96, 0xBC, 0x39, 0x3D, 0x7F, 0xFA, 0xF3, 0xAC, 0x2C, 0xBE, 0xF5, 0xE5, 0xCD,
    0xFF, 0x7D, 0xA6, 0xE9, 0xA2, 0x6F, 0x5B, 0x97, 0xFC, 0x07, 0xAC, 0xE4, 0xFD, 0x01, 0x5F, 0x1F,
    0xD9, 0x39, 0xD5, 0xBF, 0x12, 0xF9, 0xF3, 0xBC, 0x27, 0xB4, 0x52, 0xFA, 0xFE, 0xE9, 0x2F, 0x5E,
    0x9C, 0x96, 0x0D, 0xB4, 0xDF, 0x31, 0x50, 0xB4, 0xB7, 0xFE, 0xEA, 0xEB, 0xD3, 0xD2, 0x3C, 0x46,
    0x44, 0x5E, 0x03, 0xBB, 0x0C, 0x24, 0x15, 0xA1, 0x1F, 0xBF, 0xBE, 0x99, 0xE3, 0x39, 0xC1, 0x33,
    0x1E, 0xE3, 0x61, 0xDB, 0x66, 0xE5, 0x1D, 0x28, 0xF6, 0xD6, 0xE9, 0xFD, 0xCA, 0xCF, 0x8D, 0x9F,
    0x4F, 0x4F, 0xEF, 0x47, 0x10, 0x75, 0xD1, 0x15, 0x6D, 0x51, 0x1F, 0xB8, 0x89, 0xF7, 0xA3, 0x69,
    0x8C, 0xCC, 0x05, 0xB1, 0x19, 0x87, 0xF3, 0x1A, 0x64, 0xE4, 0xC2, 0x36, 0xFD, 0x7E, 0xD2, 0xAC,
    0x5C, 0x7F, 0x7B, 0x67, 0xBF, 0x1A, 0xAD, 0x61, 0xB8, 0xC2, 0xAA, 0x31, 0xC8, 0xDF, 0xE6, 0xFC,
    0xC5, 0xDD, 0xAB, 0xBF, 0x1D, 0xD7, 0xC8, 0x70, 0x8D, 0x91, 0xC3, 0x6F, 0x8F, 0xFE, 0xA2, 0xE6,
    0x05, 0xDD, 0x1A, 0x51, 0x06, 0xE2, 0x19, 0x36, 0xBE, 0xCB, 0x66, 0xB8, 0x46, 0xBC, 0x4B, 0x47,
    0xB8, 0x17, 0x22, 0x90, 0xF3, 0x54, 0x9F, 0x87, 0x2B, 0x38, 0xDF, 0x50, 0x89, 0x54, 0xB8, 0x02,
    0xDA, 0x22, 0xFB, 0x95, 0x6D, 0x7B, 0x5A, 0x71, 0x43, 0x33, 0x86, 0x42, 0xD3, 0x01, 0x77, 0x14,
    0x5D, 0xDE, 0x47, 0xBE, 0x4E, 0x97, 0x27, 0x0B, 0x23, 0x28, 0x58, 0x6A, 0x18, 0x18, 0xE5, 0x2C,
    0xB4, 0xD0, 0x0D, 0xDE, 0x65, 0x88, 0x19, 0x18, 0x69, 0x8B, 0x81, 0xD2, 0x1E, 0x57, 0xD9, 0xD1,
    0x62, 0x4E, 0xB1, 0xB7, 0xA5, 0xF5, 0x39, 0x99, 0x93, 0xEC, 0x1D, 0x65, 0x70, 0x37, 0x9A, 0x17,
    0x25, 0x62, 0x62, 0x8F, 0x67, 0x30, 0x86, 0x9B, 0x8C, 0xBA, 0x54, 0x72, 0x24, 0x3F, 0xDF, 0xB9,
    0x6C, 0x46, 0xC8, 0x4F, 0x66, 0x48, 0x3A, 0x9E, 0x37, 0x3D, 0x48, 0xF4, 0x48, 0xA3, 0x31, 0xE4,
    0x9A, 0x7D, 0x82, 0xD1, 0x10, 0xB3, 0x93, 0x25, 0x84, 0x65, 0x46, 0x5C, 0x30, 0x45, 0x1B, 0xC7,
    0xBB, 0x98, 0xDF, 0x29, 0xC8, 0x61, 0x1E, 0x3F, 0xEC, 0x49, 0xBF, 0xCA, 0xEF, 0x09, 0x7F, 0x50,
    0x28, 0x22, 0x80, 0x32, 0xD6, 0x96, 0xB1, 0x97, 0xAE, 0x3D, 0x83, 0x28, 0x1D, 0xC4, 0xE8, 0x1B,
    0x6B, 0x44, 0x52, 0x9E, 0x10, 0x1B, 0x2E, 0xE5, 0x7C, 0x17, 0x9C, 0x30, 0xE6, 0xAD, 0xA0, 0x8C,
    0xA3, 0xD1, 0x69, 0xA3, 0xE1, 0xC5, 0xA0, 0xF1, 0x2A, 0x01, 0x5C, 0xA5, 0x5B, 0xA5, 0x90, 0x6C,
    0x60, 0x98, 0x41, 0x62, 0xCA, 0x9F, 0xFD, 0x29, 0x38, 0x29, 0x14, 0x29, 0xB7, 0x92, 0xB8, 0x3B,
    0xBB, 0x3C, 0xD6, 0x74, 0xAC, 0xA8, 0x98, 0x8A, 0x16, 0x9A, 0xBD, 0x21, 0x8D, 0xBC, 0x04, 0xF2,
    0x3B, 0x49, 0xE4, 0xD7, 0xA4, 0xC5, 0xDB, 0xBC, 0x79, 0xA1, 0x98, 0x37, 0x13, 0x69, 0x32, 0xC8,
    0x95, 0x5B, 0xD2, 0xA2, 0x64, 0x4C, 0xD9, 0xD1, 0xB1, 0x11, 0x33, 0x40, 0xF1, 0x03, 0x44, 0x1B,
    0x38, 0x33, 0xB5, 0x2E, 0xEF, 0x12, 0xAD, 0x8D, 0x3A, 0x61, 0x8F, 0x10, 0x27, 0x56, 0x7A, 0x24,
    0x86, 0x40, 0xEF, 0xD3, 0x1F, 0x2E, 0x2E, 0x2E, 0x2C, 0xDD, 0x6A, 0x01, 0xA0, 0xE9, 0xD7, 0xA7,
    0xF7, 0x2D, 0x86, 0xAD, 0x34, 0x93, 0xA6, 0x19, 0xDD, 0x2C, 0xAC, 0x58, 0xB4, 0x03, 0x7D, 0xA4,
    0x50, 0xAF, 0xAC, 0xDB, 0x68, 0xDA, 0xF7, 0x1E, 0x9B, 0x8A, 0x8A, 0x61, 0x95, 0xF3, 0x51, 0xBA,
    0xDD, 0x53, 0x93, 0xA1, 0xC9, 0xB9, 0xE8, 0x29, 0x49, 0xE8, 0x22, 0xFB, 0x87, 0x13, 0x68, 0xC1,
    0x94, 0x09, 0xCF, 0xE0, 0x97, 0x67, 0xC6, 0xA6, 0x7B, 0xEF, 0x23, 0xF2, 0x36, 0x73, 0x12, 0x20,
    0x15, 0xFF, 0xE5, 0xDF, 0xB8, 0x6C, 0x67, 0xB7, 0x9A, 0x11, 0x6D, 0x96, 0x55, 0xB5, 0x1A, 0x59,
    0x03, 0x67, 0xDD, 0xD9, 0x33, 0x57, 0x7C, 0x0E, 0xCD, 0x52, 0x24, 0x5D, 0xB1, 0x03, 0x4F, 0xD0,
    0x57, 0x3A, 0xC0, 0x57, 0xB6, 0x23, 0xA4, 0x93, 0x18, 0xD1, 0x5B, 0xF8, 0x99, 0xFC, 0x27, 0xEB,
    0x29, 0xCE, 0x36, 0x1B, 0xE8, 0x44, 0x1E, 0x4E, 0x14, 0xCB, 0xC2, 0xAA, 0xD5, 0x89, 0x5E, 0x83,
    0xB0, 0x7E, 0xC9, 0x84, 0x38, 0x33, 0xA7, 0xCD, 0xF9, 0x07, 0xA7, 0xEF, 0x8E, 0x02, 0x0E, 0xC4,
    0x0D, 0x1D, 0x82, 0x47, 0xD5, 0x06, 0x7B, 0x8B, 0x0E, 0x2C, 0xED, 0x8D, 0x3E, 0xA7, 0x18, 0x2B,
    0xCA, 0x4F, 0xE6, 0xF6, 0x47, 0xFD, 0xE2, 0xF6, 0x23, 0xF3, 0xB9, 0x8F, 0x65, 0x43, 0x14, 0xF6,
    0x96, 0xF0, 0x0D, 0xF9, 0xF9, 0x04, 0xBF, 0x6E, 0xEA, 0x80, 0x36, 0x1B, 0xB9, 0x72, 0x55, 0xD2,
    0x99, 0x2B, 0xB9, 0xB4, 0xE7, 0x70, 0xF4, 0x71, 0x5F, 0x72, 0xB4, 0x66, 0x84, 0x30, 0x5C, 0x4E,
    0xB3, 0x35, 0xD1, 0xBA, 0xEA, 0x2B, 0xAC, 0x72, 0xB3, 0x44, 0x18, 0x13, 0x52, 0x84, 0x81, 0x43,
    0xEB, 0x50, 0x17, 0xF3, 0xF3, 0x44, 0x7D, 0x93, 0x96, 0x21, 0x4B, 0xC3, 0xFA, 0x28, 0xAD, 0x81,
    0x2A, 0x60, 0xA2, 0x5E, 0xDE, 0xF1, 0xB2, 0xA1, 0x49, 0x86, 0xB0, 0xCF, 0xCF, 0xC1, 0x57, 0x09,
    0xC7, 0x72, 0x5A, 0x16, 0xCD, 0x34, 0x86, 0x42, 0xFA, 0xED, 0x8C, 0xD5, 0x60, 0x3D, 0xC9, 0x94,
    0x33, 0x3E, 0x08, 0x03, 0x5C, 0x27, 0x98, 0x7D, 0x46, 0x60, 0xA8, 0x26, 0x28, 0xC2, 0x4F, 0x50,
    0xC4, 0x57, 0x78, 0xF3, 0xC2, 0x74, 0xDB, 0xAF, 0x86, 0xC8, 0x00, 0x29, 0x79, 0xC7, 0x5C, 0x48,
    0xAA, 0x75, 0x0C, 0xEE, 0x8D, 0x77, 0x04, 0xDF, 0x28, 0x07, 0x4A, 0xE8, 0x4C, 0xA8, 0x90, 0x49,
    0x65, 0x17, 0xEF, 0x36, 0x93, 0xBB, 0x1E, 0x8B, 0x8F, 0x93, 0x49, 0x24, 0x3B, 0xC7, 0xE4, 0x78,
    0xE4, 0xB5, 0xFB, 0xAE, 0xBF, 0xD7, 0x29, 0xD3, 0x78, 0xFF, 0x10, 0x94, 0x47, 0xC8, 0x47, 0x22,
    0x81, 0x11, 0xBC, 0x79, 0xF8, 0xDD, 0x96, 0x86, 0x03, 0x04, 0x03, 0x8B, 0x06, 0xDA, 0xA1, 0x7C,
    0xCE, 0xA0, 0xD9, 0x84, 0x12, 0xA9, 0x68, 0xC2, 0x0D, 0x65, 0xD5, 0x48, 0xEB, 0x8B, 0x42, 0x29,
    0x91, 0x6B, 0x4E, 0xE5, 0xEB, 0xC7, 0x66, 0xE7, 0x91, 0x92, 0xCC, 0x8F, 0xDC, 0x8D, 0x53, 0x60,
    0x2A, 0x1A, 0xDE, 0x90, 0x33, 0x14, 0xF2, 0x6D, 0x79, 0x8D, 0xAF, 0x5B, 0xFC, 0x8C, 0x19, 0xB7,
    0x16, 0xE1, 0xDB, 0xE3, 0xEC, 0xB8, 0x93, 0xB6, 0xFB, 0x57, 0x4C, 0x17, 0x29, 0x9A, 0x53, 0xA6,
    0x09, 0xE3, 0x62, 0xB3, 0x90, 0xE5, 0xCE, 0xB8, 0xC8, 0x69, 0xFE, 0x8C, 0xCA, 0x96, 0xC6, 0x5E,
    0x37, 0x98, 0xFB, 0x11, 0x2D, 0xAF, 0x84, 0x33, 0x74, 0xE9, 0x07, 0x0C, 0x9C, 0xE9, 0x70, 0x78,
    0x32, 0x60, 0xC0, 0x2E, 0x22, 0xC6, 0x94, 0xD9, 0x1C, 0x15, 0x93, 0x08, 0x72, 0x0D, 0x2C, 0x09,
    0x02, 0x12, 0xC2, 0xF3, 0xC6, 0xB5, 0x15, 0xDC, 0x08, 0xC1, 0x85, 0x4E, 0xC0, 0x67, 0x71, 0xF8,
    0xFE, 0xC6, 0x7D, 0x5D, 0x36, 0x5E, 0x5C, 0x2B, 0xEA, 0xE9, 0xED, 0xA3, 0x88, 0x02, 0x4C, 0x03,
    0xBE, 0xE1, 0x12, 0x68, 0xEF, 0x8A, 0x79, 0xAA, 0xB8, 0xF2, 0x2F, 0xEB, 0x0A, 0xFA, 0xD9, 0x30,
    0x46, 0xBA, 0x6D, 0xBF, 0x1D, 0xCF, 0x6A, 0x84, 0xD3, 0x36, 0xAF, 0x53, 0x80, 0xC7, 0xAC, 0x2E,
    0xA0, 0x35, 0x80, 0xC8, 0xF2, 0x53, 0xE0, 0x61, 0x82, 0x49, 0xDC, 0x80, 0x57, 0x05, 0xF0, 0x0B,
    0x60, 0xB2, 0x3B, 0x47, 0x5E, 0x27, 0xC0, 0x3C, 0x47, 0x4A, 0x7B, 0x8A, 0xF5, 0x3F, 0xC4, 0x75,
    0x07, 0x44, 0xFF, 0x30, 0x9A, 0x10, 0xD9, 0x67, 0xC0, 0xA8, 0x5D, 0x7A, 0x0E, 0xFD, 0x9F, 0x3B,
    0xBF, 0xCB, 0xBF, 0xEA, 0xF9, 0xDB, 0x31, 0x65, 0x1C, 0x2B, 0x23, 0x17, 0x7D, 0x64, 0x70, 0xEB,
    0x10, 0x48, 0xB1, 0xFE, 0x39, 0xA0, 0x41, 0xFF, 0xE5, 0x59, 0x67, 0xD1, 0xD3, 0xF2, 0xE8, 0x4D,
    0xAB, 0x5D, 0x8E, 0xFF, 0xDE, 0x30, 0xCD, 0x59, 0x10, 0x4C, 0x2C, 0x7C, 0xA7, 0x76, 0xC9, 0xEC,
    0x52, 0x54, 0x12, 0xCF, 0xB9, 0x49, 0x69, 0x36, 0x0B, 0x9E, 0x14, 0xA8, 0xE3, 0x41, 0x53, 0x27,
    0x7D, 0x66, 0x30, 0x87, 0xB0, 0x13, 0x80, 0x59, 0x7C, 0x58, 0x36, 0x81, 0x88, 0x28, 0x30, 0x2C,
    0x47, 0x39, 0x67, 0x56, 0x96, 0x8F, 0xBD, 0x92, 0x98, 0x01, 0x77, 0x97, 0x5E, 0x5E, 0x3C, 0x9E,
    0xE5, 0x11, 0xD4, 0x1D, 0x66, 0x09, 0x92, 0x25, 0xD4, 0xDF, 0x29, 0x40, 0x25, 0xA8, 0x8B, 0x6E,
    0x32, 0xC6, 0x02, 0xB1, 0xFB, 0xA1, 0x82, 0x6D, 0xC9, 0xE5, 0xA2, 0xFB, 0x96, 0x12, 0x76, 0x72,
    0x7A, 0xD8, 0xCF, 0xC9, 0x72, 0x81, 0xCF, 0x59, 0x67, 0x0D, 0xA4, 0x30, 0x92, 0xAD, 0x1E, 0xE9,
    0x4A, 0xF9, 0xE8, 0x69, 0x38, 0x78, 0x30, 0xB6, 0x74, 0x1B, 0xAF, 0xA8, 0x21, 0xFB, 0xA3, 0x88,
    0x0A, 0x8B, 0x73, 0x35, 0x3F, 0xB7, 0xBA, 0x18, 0x8B, 0xC7, 0x2F, 0x11, 0xC5, 0xC1, 0x5F, 0x23,
    0xCD, 0xFB, 0x95, 0xE2, 0x5B, 0x44, 0x3B, 0x5F, 0x22, 0xE0, 0x6D, 0x05, 0x85, 0x30, 0x8E, 0x80,
    0x28, 0xA9, 0x04, 0x1D, 0x5D, 0x94, 0x92, 0xFE, 0x62, 0x6B, 0xC6, 0xBC, 0xCB, 0x87, 0x8C, 0x1A,
    0x3D, 0xCD, 0x12, 0x0C, 0xA7, 0x2D, 0xB3, 0x4A, 0x5A, 0x53, 0x61, 0x69, 0xC9, 0x4C, 0x76, 0x83,
    0x01, 0x6F, 0x0D, 0xD2, 0x6B, 0x1E, 0x14, 0x55, 0x14, 0x72, 0xA6, 0x8B, 0xE6, 0x25, 0x1A, 0xBE,
    0xAD, 0x8F, 0xEE, 0xEA, 0xE9, 0x45, 0xD9, 0x48, 0x80, 0x99, 0x2E, 0x7C, 0x11, 0x1B, 0xB6, 0x31,
    0x93, 0xCE, 0xCC, 0xC0, 0xCD, 0xDC, 0xED, 0xD2, 0x08, 0x60, 0x48, 0x96, 0xF8, 0x19, 0x85, 0x69,
    0xE5, 0x0B, 0x01, 0x13, 0x2E, 0x72, 0xB4, 0x41, 0xF1, 0x3F, 0x35, 0x1F, 0x58, 0x2F, 0xBD, 0x5D,
    0xAC, 0x1E, 0x08, 0x65, 0x81, 0xCA, 0x9C, 0xFD, 0xA5, 0x08, 0x97, 0x5A, 0x3C, 0xF2, 0xC2, 0x92,
    0xDB, 0x0A, 0x87, 0xC6, 0x72, 0x6B, 0x63, 0x69, 0xC8, 0x9B, 0x97, 0xE1, 0x03, 0x28, 0x51, 0x59,
    0xA6, 0x65, 0x46, 0x49, 0x2C, 0xF6, 0x53, 0x53, 0x26, 0xE2, 0xBD, 0x8C, 0x01, 0xA9, 0x50, 0x04,
    0xF2, 0xC3, 0x41, 0xAC, 0x0F, 0xE4, 0xFC, 0xB1, 0x0C, 0x20, 0x36, 0xDA, 0x93, 0xED, 0xB8, 0x0B,
    0x58, 0x20, 0xD0, 0x23, 0xCC, 0x11, 0x90, 0x87, 0x56, 0x6D, 0xD4, 0x70, 0x67, 0xC0, 0x1F, 0xC7,
    0x72, 0xBF, 0x8A, 0x74, 0x6E, 0x89, 0xDE, 0x11, 0x9B, 0xD6, 0x2A, 0xF8, 0x44, 0x4C, 0xCE, 0x62,
    0xC7, 0xE8, 0xF4, 0x5D, 0x1C, 0xF6, 0x81, 0x37, 0x52, 0x41, 0xAD, 0xB8, 0xFD, 0x21, 0x0E, 0x9F,
    0x5F, 0xD4, 0x47, 0x86, 0x4A, 0x91, 0x7E, 0x76, 0x5A, 0x7E, 0x2F, 0x87, 0x57, 0x11, 0x59, 0xB4,
    0x33, 0x27, 0xBF, 0xE7, 0x0C, 0xE5, 0x90, 0x5A, 0xA6, 0x8A, 0xDE, 0xBB, 0x67, 0x22, 0x20, 0x7C,
    0x27, 0xD3, 0xA9, 0xFF, 0xE0, 0xC9, 0xC8, 0xCA, 0x18, 0x61, 0x87, 0x59, 0x65, 0xA0, 0x47, 0x6C,
    0x06, 0x1A, 0xEA, 0xA6, 0x17, 0xB4, 0xBD, 0xF7, 0x83, 0x86, 0x7A, 0xF3, 0x31, 0xCB, 0x0A, 0x78,
    0x39, 0xE8, 0xCD, 0xE6, 0x59, 0x23, 0x56, 0x45, 0xCB, 0x4A, 0x05, 0xB0, 0xAA, 0x47, 0xC1, 0xF4,
    0x46, 0xDA, 0x6E, 0x08, 0x61, 0x6F, 0xD2, 0x95, 0x2E, 0x3D, 0x3D, 0x2B, 0x38, 0xA6, 0xBA, 0x22,
    0xA7, 0xC7, 0x41, 0xAB, 0x91, 0x24, 0x3B, 0x3C, 0x51, 0x89, 0xE0, 0xCA, 0x9C, 0x93, 0x4D, 0x87,
    0x12, 0x42, 0xE5, 0xF8, 0x70, 0xA8, 0xBB, 0xD3, 0xA3, 0x2B, 0x65, 0xB9, 0x96, 0xEA, 0xEB, 0x75,
    0x2D, 0x65, 0xF3, 0x00, 0x6C, 0xD7, 0xAB, 0x80, 0x6E, 0x90, 0x70, 0x15, 0xAE, 0x8D, 0xDB, 0x97,
    0xBC, 0x7A, 0xED, 0x8F, 0x2A, 0xE5, 0x50, 0xF6, 0xEF, 0xAF, 0x8B, 0xA5, 0x89, 0x7D, 0x2B, 0x00,
    0x63, 0x9D, 0x60, 0x35, 0xC6, 0x7E, 0xBF, 0x5F, 0xC6, 0xD1, 0x9A, 0x7A, 0xAD, 0xE5, 0x5A, 0x39,
    0x74, 0xE0, 0xBF, 0x37, 0x5E, 0xF3, 0xB5, 0x8F, 0xB0, 0xF6, 0x12, 0x02, 0x7F, 0xCD, 0x11, 0x4F,
    0xFE, 0x50, 0x71, 0x71, 0x5E, 0x0E, 0xDF, 0xF8, 0x7D, 0x7F, 0x8C, 0x33, 0x49, 0x74, 0xEE, 0x84,
    0x5E, 0xA4, 0x18, 0x2D, 0x92, 0x1E, 0x48, 0xBF, 0x5A, 0x9E, 0x88, 0x02, 0x7E, 0x71, 0x20, 0xF5,
    0x6A, 0x73, 0x22, 0xCD, 0xDE, 0xEC, 0xFC, 0xDE, 0xDC, 0x96, 0xD5, 0xE4, 0xD4, 0xBA, 0x11, 0x11,
    0xD0, 0x54, 0x8D, 0x93, 0xEC, 0x41, 0xB4, 0x61, 0x44, 0xAE, 0x82, 0x37, 0xFC, 0xF8, 0xD1, 0x55,
    0x3D, 0xE7, 0xB0, 0x01, 0x30, 0x9B, 0x23, 0x61, 0x9C, 0xEC, 0x14, 0x28, 0xE8, 0x30, 0xA6, 0xEB,
    0xA0, 0x62, 0x69, 0x72, 0x50, 0x20, 0x4C, 0x07, 0x4D, 0x98, 0xF6, 0x9A, 0x23, 0xED, 0x03, 0x4A,
    0x17, 0xEF, 0xB9, 0x54, 0x69, 0x20, 0x51, 0xAA, 0x35, 0x93, 0x95, 0xB9, 0x16, 0xB5, 0x21, 0xBD,
    0x52, 0xA8, 0xAF, 0x29, 0x75, 0x5F, 0x63, 0x95, 0x84, 0xB7, 0xF2, 0xCA, 0x2B, 0x00, 0x72, 0x51,
    0x18, 0x86, 0xB3, 0x20, 0xFC, 0x53, 0xB0, 0xC5, 0x33, 0xC9, 0x15, 0xC9, 0x92, 0x97, 0x90, 0x3A,
    0x4D, 0x9D, 0x4E, 0x15, 0x86, 0x00, 0x91, 0x96, 0x2B, 0x72, 0x5D, 0xD4, 0xFD, 0x15, 0x51, 0x1B,
    0xA7, 0x57, 0xA5, 0x7C, 0x10, 0xF5, 0x15, 0x29, 0x4F, 0x24, 0x23, 0x53, 0x10, 0xEB, 0x61, 0xF8,
    0x26, 0x43, 0x4B, 0xB3, 0x92, 0xFE, 0x58, 0x8A, 0xCE, 0xB0, 0xA1, 0x96, 0x5C, 0x40, 0xD4, 0x5B,
    0x8A, 0x9B, 0x29, 0x98, 0x38, 0x4C, 0xA8, 0x8C, 0x2F, 0x62, 0xBE, 0xD8, 0xD2, 0x9D, 0x18, 0x5B,
    0xD2, 0x2F, 0xB0, 0xA8, 0x2F, 0xF8, 0xE2, 0xDF, 0x00, 0xC1, 0xCF, 0xF8, 0xE2, 0x5F, 0x00, 0x4F,
    0xC8, 0x0C, 0x6A, 0xC9, 0x48, 0x38, 0x20, 0xFB, 0xBB, 0x39, 0x1E, 0x89, 0x0B, 0xF2, 0xF7, 0x77,
    0xDB, 0x9E, 0xCD, 0x8D, 0xBC, 0x5C, 0xD2, 0xD6, 0x9A, 0x4A, 0xBE, 0x28, 0x1B, 0xBD, 0xA8, 0x9E,
    0x3A, 0x7B, 0x81, 0xD2, 0x94, 0x2A, 0x3E, 0x67, 0x5C, 0xD9, 0xA9, 0xCD, 0x05, 0x71, 0xF3, 0x05,
    0x9B, 0x97, 0xA1, 0x45, 0xF5, 0x23, 0x33, 0x94, 0xBD, 0xC5, 0xAC, 0x06, 0xA3, 0xAF, 0xD9, 0xCE,
    0x22, 0x18, 0xA0, 0x29, 0x38, 0x35, 0x5D, 0xAD, 0xBB, 0xD1, 0xD1, 0x96, 0xDB, 0xAB, 0x2B, 0xAE,
    0x14, 0x1F, 0x4A, 0x7D, 0x7B, 0x82, 0x2F, 0xA9, 0x4B, 0xAD, 0x92, 0xF1, 0x01, 0xE2, 0xE1, 0x75,
    0xFB, 0xD5, 0x60, 0xED, 0xAC, 0xCF, 0x47, 0xB6, 0xC7, 0xB1, 0xB0, 0xD9, 0x80, 0x23, 0xAE, 0x4C,
    0x67, 0xE9, 0xAF, 0x16, 0x01, 0xC8, 0xAC, 0xF6, 0xBA, 0xE6, 0x08, 0x5F, 0xEA, 0xE1, 0x21, 0x74,
    0x65, 0xB4, 0x58, 0x84, 0xBF, 0x5C, 0xD7, 0xB4, 0xCF, 0x4B, 0x5D, 0x07, 0xEB, 0xA2, 0x25, 0x53,
    0xA1, 0x05, 0xA2, 0xC6, 0xD0, 0xFA, 0x36, 0xBB, 0x73, 0xEB, 0xA4, 0xF9, 0xA7, 0xB6, 0xA8, 0x66,
    0x67, 0xD7, 0x2A, 0x74, 0x44, 0x58, 0xB6, 0xB3, 0x4F, 0x91, 0xCD, 0xB6, 0xB2, 0x34, 0x5C, 0xAD,
    0xB0, 0x5D, 0x81, 0xC4, 0xCE, 0x80, 0x04, 0x1B, 0x2C, 0x1F, 0x7A, 0x75, 0x2E, 0x51, 0xBD, 0x50,
    0xA1, 0xF3, 0x46, 0x8D, 0x1A, 0xC5, 0xE7, 0x9D, 0xE2, 0xF3, 0x22, 0xF3, 0x52, 0x9F, 0xC7, 0x1A,
    0x3D, 0x81, 0x2E, 0x34, 0xF8, 0x48, 0x74, 0xB3, 0xA3, 0xCF, 0xC4, 0xF3, 0x81, 0x26, 0x93, 0xBC,
    0x88, 0xB5, 0x2A, 0x80, 0x88, 0xB0, 0x71, 0xC7, 0xF8, 0xEC, 0x6B, 0xC4, 0xE7, 0xD8, 0x33, 0x3E,
    0x83, 0xC1, 0xC4, 0xFF, 0x0F, 0x0C, 0x3B, 0x5A, 0x63, 0xA5, 0x38, 0xB4, 0xF8, 0xBC, 0x42, 0xB2,
    0xC9, 0x60, 0x04, 0xA2, 0xFF, 0xF2, 0x98, 0xB2, 0x1F, 0x09, 0x47, 0xF6, 0x90, 0x2C, 0xBD, 0xF6,
    0xE8, 0x57, 0x60, 0xD6, 0x07, 0x60, 0x46, 0xAC, 0x55, 0x83, 0x32, 0xEB, 0x17, 0xCF, 0xD9, 0xCB,
    0x28, 0x42, 0x5E, 0x5E, 0xF6, 0x09, 0xE6, 0xB8, 0xF7, 0xF0, 0x87, 0x64, 0xBA, 0x0B, 0xC3, 0x4B,
    0xEA, 0xC9, 0x6C, 0x6C, 0x09, 0xA9, 0x84, 0xC9, 0x7E, 0x02, 0x9B, 0x44, 0x12, 0xA7, 0x22, 0x0D,
    0xA2, 0x95, 0x09, 0xD4, 0x9A, 0x39, 0x8B, 0x79, 0xEC, 0x62, 0x39, 0xCF, 0x9B, 0x87, 0x86, 0xCB,
    0xE2, 0x4C, 0xAC, 0xF2, 0x53, 0xDC, 0x60, 0x22, 0x3D, 0xBE, 0xC0, 0xFE, 0x4C, 0xB6, 0xCE, 0x84,
    0x6B, 0xC1, 0x5B, 0xCB, 0xE5, 0x94, 0x26, 0x5F, 0xAA, 0x3D, 0x53, 0xA6, 0x78, 0xCE, 0xD0, 0x11,
    0x44, 0xBC, 0xCA, 0xD8, 0x19, 0x9A, 0x17, 0x53, 0x5A, 0x70, 0xB9, 0x51, 0x0C, 0x7B, 0x71, 0x56,
    0xAB, 0xE6, 0x92, 0x0B, 0x44, 0xDE, 0xB0, 0xFC, 0xC9, 0x23, 0xF7, 0x7B, 0x40, 0xE4, 0x51, 0x10,
    0xD9, 0x14, 0xB3, 0x57, 0xCF, 0xAA, 0x8F, 0x5C, 0xFA, 0x68, 0xDA, 0xA0, 0x89, 0x7C, 0xED, 0x84,
    0xD5, 0x6B, 0xF8, 0x2C, 0x6A, 0x6B, 0x78, 0x33, 0x7E, 0x35, 0xA5, 0xC0, 0xA1, 0x82, 0x9C, 0x97,
    0xCB, 0x7A, 0x79, 0xB0, 0x1A, 0x02, 0xD4, 0xC7, 0x22, 0x7D, 0xB0, 0x68, 0x84, 0x24, 0x10, 0xA3,
    0x46, 0x35, 0x70, 0xD6, 0x26, 0xC3, 0x8B, 0x6B, 0x9B, 0x00, 0x65, 0xD8, 0x82, 0xB1, 0x4D, 0x80,
    0x07, 0xCA, 0x1C, 0x0F, 0x42, 0x6B, 0x4D, 0xAD, 0x18, 0xF5, 0x19, 0xF7, 0xDB, 0x31, 0x95, 0xD2,
    0x68, 0x2A, 0xAD, 0x46, 0x26, 0xB4, 0xAD, 0x65, 0xD6, 0x6A, 0x08, 0xBD, 0x34, 0x0B, 0xBB, 0x7F,
    0x2E, 0x7A, 0x77, 0xA5, 0xA9, 0x28, 0x14, 0x7A, 0xAE, 0xFE, 0x50, 0x73, 0xC9, 0x4D, 0x00, 0x33,
    0xE0, 0x13, 0x1B, 0xE6, 0x06, 0x6D, 0x88, 0x65, 0xF0, 0x69, 0x29, 0x58, 0xD0, 0x1A, 0x2D, 0x2E,
    0x9A, 0xE7, 0x4F, 0x50, 0xEB, 0x15, 0xA8, 0xF0, 0xEE, 0x88, 0x3E, 0xA0, 0x20, 0xCA, 0xBF, 0x86,
    0x08, 0x5E, 0xFB, 0x21, 0xC3, 0x34, 0x6A, 0x3B, 0x1A, 0xF1, 0x31, 0x3D, 0xEA, 0x01, 0x26, 0xA3,
    0x5B, 0x13, 0x45, 0xA0, 0xC7, 0xB8, 0x50, 0xED, 0x06, 0xD3, 0x78, 0x6A, 0x7C, 0xDA, 0x5F, 0x65,
    0x28, 0x22, 0x20, 0x8B, 0x64, 0xA7, 0xFC, 0xCE, 0xC1, 0x09, 0x30, 0xAD, 0x7A, 0x0D, 0xE0, 0x28,
    0x6C, 0x59, 0x04, 0x88, 0x14, 0x90, 0x11, 0x2F, 0x79, 0xBB, 0xE2, 0xA2, 0xEC, 0x65, 0x44, 0x5F,
    0xAF, 0x2D, 0xFF, 0xF5, 0x62, 0x88, 0x48, 0x88, 0xDE, 0x92, 0xD4, 0xA2, 0x0B, 0x8B, 0x37, 0xF6,
    0x73, 0x66, 0xDD, 0xCA, 0x20, 0xC6, 0x2D, 0x2F, 0xCE, 0xE5, 0x19, 0x10, 0x42, 0x2F, 0x90, 0xA2,
    0x7E, 0xB6, 0x8F, 0x1B, 0x87, 0x35, 0xCC, 0x56, 0xE7, 0xB1, 0x9C, 0xEA, 0x19, 0x14, 0x13, 0xCB,
    0xFC, 0xF1, 0xA8, 0x76, 0xD5, 0x76, 0x50, 0x2A, 0x66, 0x80, 0xF6, 0x96, 0x2C, 0xBD, 0xD5, 0xF0,
    0x3E, 0xEC, 0x5D, 0x94, 0x4A, 0x2A, 0x4D, 0xA9, 0x9C, 0x51, 0xD5, 0xCC, 0x1A, 0x60, 0x26, 0x51,
    0x4F, 0xD8, 0x6A, 0x54, 0x84, 0x6F, 0x4B, 0xB4, 0x2A, 0x6A, 0xF3, 0xAE, 0x32, 0x94, 0x6D, 0x6D,
    0xD4, 0xFF, 0xB4, 0xFE, 0xED, 0x6F, 0xAC, 0x81, 0xF8, 0x8D, 0x69, 0xC0, 0x8C, 0x69, 0x6B, 0x59,
    0x26, 0x11, 0x92, 0x90, 0xC3, 0xEE, 0xBB, 0xAF, 0x2F, 0xFD, 0x51, 0x15, 0x39, 0x93, 0x6E, 0xC7,
    0x57, 0x2C, 0x19, 0x7D, 0x4B, 0x85, 0x34, 0x1D, 0x65, 0xAF, 0x76, 0x59, 0xC7, 0xEC, 0x83, 0x57,
    0xEC, 0x87, 0x81, 0x2F, 0xB6, 0x7B, 0xF0, 0x2A, 0x0B, 0x15, 0xCF, 0xC0, 0xE6, 0x10, 0x8B, 0xCB,
    0xCF, 0xB5, 0x67, 0x88, 0x45, 0xA5, 0xFF, 0x3A, 0x68, 0x6F, 0x68, 0xE7, 0xF2, 0xB7, 0x87, 0xB0,
    0x9F, 0x53, 0x24, 0xDA, 0x55, 0xC5, 0xAB, 0xF3, 0x78, 0xDC, 0xA8, 0xBD, 0xEB, 0xB4, 0xA7, 0x41,
    0x11, 0x44, 0x53, 0x3C, 0x6D, 0x05, 0x69, 0xE2, 0x21, 0x9E, 0xB4, 0xB7, 0xD0, 0xC4, 0xFD, 0x66,
    0xCE, 0x04, 0x29, 0xB6, 0xDD, 0x46, 0x5B, 0x7F, 0xAE, 0x62, 0xFA, 0xD5, 0xDE, 0x44, 0x91, 0x43,
    0x6A, 0x9F, 0x5A, 0xD9, 0x8F, 0x79, 0x24, 0x89, 0x02, 0x53, 0x5A, 0x00, 0x62, 0x92, 0x32, 0x0C,
    0x59, 0xD0, 0xBF, 0x65, 0x89, 0x02, 0xEE, 0x56, 0x9F, 0xF4, 0xAA, 0xD6, 0x42, 0x51, 0x50, 0x95,
    0xAF, 0x94, 0x4A, 0xE1, 0xC7, 0x18, 0x11, 0x0A, 0x22, 0x61, 0x5B, 0x9C, 0xCA, 0xAD, 0x3A, 0xA9,
    0xB3, 0xB2, 0x86, 0xA4, 0x54, 0xD6, 0x9A, 0xCA, 0x3A, 0xC3, 0x45, 0x83, 0x7A, 0x64, 0xE9, 0xD8,
    0x98, 0xB0, 0x2D, 0x04, 0x04, 0x28, 0x1B, 0xD0, 0xB3, 0x79, 0x40, 0xB4, 0x6A, 0xC7, 0xDA, 0xCA,
    0x5F, 0x18, 0xA7, 0x7F, 0x29, 0xD6, 0x17, 0x79, 0xD8, 0x66, 0x52, 0xEC, 0x80, 0x05, 0x09, 0x13,
    0xB5, 0xCE, 0x0A, 0x11, 0x59, 0xF3, 0x4E, 0x3D, 0x3F, 0x6A, 0x08, 0xCE, 0x85, 0x78, 0xC2, 0x86,
    0x7D, 0x03, 0x95, 0x19, 0x6C, 0x34, 0x85, 0xE2, 0x33, 0xD1, 0x25, 0x11, 0x00, 0xDC, 0xA8, 0x61,
    0x41, 0x6F, 0x7E, 0x2A, 0x80, 0xA8, 0xC6, 0x05, 0x79, 0x2F, 0xCA, 0xAD, 0x8A, 0x62, 0x81, 0x06,
    0x19, 0x59, 0xDA, 0x3D, 0x95, 0xF3, 0x5A, 0x47, 0x5E, 0xFB, 0x38, 0x62, 0x73, 0x13, 0x82, 0x76,
    0x79, 0x3D, 0x44, 0xCC, 0xDF, 0x17, 0x22, 0x4E, 0x42, 0x9C, 0xEB, 0x94, 0xC3, 0xDA, 0xD0, 0x94,
    0xBB, 0xA7, 0xED, 0xE4, 0x49, 0x14, 0x50, 0xED, 0xE2, 0xE2, 0x89, 0xF6, 0xC8, 0x91, 0x64, 0x26,
    0x95, 0xED, 0xB0, 0x3A, 0x2C, 0xFB, 0x5E, 0xC8, 0x1F, 0xA1, 0x35, 0xDE, 0xB9, 0xD0, 0x09, 0x0E,
    0x61, 0xD5, 0x00, 0x87, 0xC5, 0x4B, 0x75, 0x89, 0xED, 0xCB, 0xB0, 0xC5, 0x30, 0xAD, 0x8A, 0x0E,
    0x5F, 0x52, 0x73, 0xB7, 0xF5, 0x65, 0xAE, 0x24, 0x79, 0x57, 0x7D, 0x87, 0x87, 0x47, 0x05, 0xF0,
    0xEC, 0x6C, 0xF3, 0x1F, 0xBE, 0x83, 0x04, 0xC3, 0xE7, 0xE5, 0x3F, 0x1A, 0xA8, 0x12, 0xB0, 0x22,
    0x98, 0x0A, 0x9B, 0x9B, 0x47, 0x5B, 0x90, 0xE7, 0x61, 0x13, 0x34, 0x80, 0xA4, 0xF5, 0xA9, 0xAD,
    0xA3, 0x49, 0x27, 0x00, 0x24, 0x66, 0x1A, 0xB9, 0xF0, 0x1C, 0xB1, 0x5C, 0x1F, 0x9A, 0x7E, 0x47,
    0x8D, 0xBF, 0xFD, 0x14, 0x61, 0xBF, 0xB5, 0xB8, 0xE4, 0x36, 0x4A, 0xAB, 0x27, 0x07, 0x9C, 0x51,
    0xB0, 0x7F, 0x02, 0x6E, 0x1F, 0xA2, 0x7C, 0xE7, 0xEE, 0x2E, 0x9B, 0x71, 0xB9, 0xCB, 0x5C, 0x86,
    0x40, 0x9E, 0x22, 0xA4, 0x73, 0xB7, 0x7B, 0xDB, 0x26, 0x6D, 0xD2, 0xC5, 0x5D, 0xDC, 0xE3, 0x7F,
    0x88, 0x07, 0x94, 0xC2, 0x43, 0x34, 0x44, 0x23, 0xA4, 0xA9, 0x3A, 0x06, 0x4B, 0xDB, 0x42, 0xE6,
    0x37, 0x1F, 0x4F, 0x2F, 0xF3, 0xF4, 0x7D, 0x7C, 0xE5, 0xBF, 0xFF, 0xD2, 0xB9, 0x6C, 0x6E, 0x75,
    0x6E, 0xD6, 0x29, 0xAE, 0x4E, 0x73, 0x9B, 0x48, 0x10, 0xA6, 0x90, 0xCB, 0x19, 0x6E, 0xEF, 0x6B,
    0x70, 0x2E, 0x72, 0x23, 0x70, 0xFF, 0xDF, 0xC2, 0xB6, 0x8C, 0xED, 0x3F, 0xC3, 0xAD, 0xE7, 0x1C,
    0x8F, 0x8B, 0x8F, 0xD9, 0x6E, 0x04, 0x7F, 0x15, 0x99, 0x42, 0x39, 0x5E, 0xAE, 0xDD, 0x68, 0x1A,
    0xD3, 0x7D, 0x16, 0xBF, 0x53, 0x15, 0x5A, 0x18, 0x6C, 0x0D, 0xBB, 0x9F, 0x6A, 0x60, 0x24, 0x54,
    0x94, 0x34, 0xB4, 0x58, 0x44, 0xB7, 0x8D, 0xB5, 0xB3, 0xF1, 0x76, 0xF7, 0x80, 0x3B, 0x2A, 0x30,
    0xBE, 0xCB, 0x66, 0xC2, 0x97, 0xDB, 0x91, 0xE8, 0x69, 0xDC, 0x12, 0x60, 0x28, 0xCD, 0x30, 0xAD,
    0x0C, 0x48, 0x09, 0x69, 0x8F, 0xC8, 0x90, 0x75, 0x20, 0x79, 0xA7, 0x86, 0x5A, 0x43, 0x53, 0xE2,
    0x11, 0x96, 0x16, 0x11, 0xDB, 0xD7, 0x55, 0x9D, 0xF8, 0xBA, 0xE8, 0xB2, 0xAA, 0x2C, 0x2E, 0x77,
    0x45, 0x0F, 0x8B, 0x29, 0xE6, 0x18, 0x1F, 0xCF, 0xA1, 0x55, 0xA9, 0x28, 0x2C, 0xD0, 0x56, 0xB3,
    0xA1, 0x59, 0x06, 0xB1, 0x7D, 0x47, 0xF1, 0xF9, 0x3A, 0x84, 0x87, 0x68, 0xBD, 0x99, 0x73, 0x8F,
    0xB0, 0xE7, 0x9B, 0x21, 0xBE, 0x1C, 0xD2, 0x29, 0xF6, 0x6D, 0x8C, 0x41, 0x09, 0x98, 0x91, 0x59,
    0x66, 0xC2, 0xBD, 0x79, 0xCB, 0x98, 0x9C, 0x72, 0x3B, 0x31, 0xED, 0x03, 0x99, 0xB8, 0x07, 0xC6,
    0x73, 0x0F, 0x29, 0xB9, 0xCF, 0x3B, 0x36, 0x02, 0x6B, 0x35, 0x07, 0x05, 0x4A, 0x2B, 0x62, 0x52,
    0xDB, 0xDD, 0x38, 0x74, 0x27, 0x36, 0x7E, 0xBF, 0xE9, 0xFA, 0xDC, 0xD7, 0x70, 0xA9, 0xAC, 0xE6,
    0x21, 0x10, 0x56, 0x94, 0x99, 0x95, 0x78, 0xD7, 0xCA, 0xE7, 0x43, 0x4D, 0x77, 0x20, 0xFA, 0xC2,
    0x7E, 0xD7, 0x3B, 0x78, 0xCB, 0x72, 0x36, 0x30, 0x63, 0xF6, 0x01, 0xDC, 0x5D, 0xE9, 0x67, 0x67,
    0x12, 0x81, 0xF5, 0x6A, 0x13, 0xFF, 0xEA, 0x4D, 0xB8, 0xA3, 0x90, 0x12, 0xA9, 0x21, 0x21, 0x87,
    0xCC, 0x6C, 0xDF, 0x09, 0xFA, 0x72, 0x52, 0x98, 0xF0, 0xAE, 0x70, 0xA0, 0x81, 0x40, 0x2B, 0xAD,
    0x79, 0x60, 0x85, 0x5A, 0x73, 0x52, 0x9B, 0x93, 0xDE, 0x42, 0x27, 0x54, 0x9A, 0xD3, 0xE9, 0x23,
    0x76, 0x48, 0xA1, 0x3B, 0x27, 0xE5, 0x39, 0x69, 0xCF, 0x49, 0x7D, 0x4E, 0xFA, 0x73, 0xA6, 0xC0,
    0x83, 0x06, 0xC3, 0xD6, 0x43, 0x46, 0x10, 0xD0, 0xFC, 0x97, 0x67, 0x1B, 0x34, 0xEF, 0x20, 0xA7,
    0xB4, 0xA3, 0x9C, 0x3A, 0xCC, 0x83, 0xA8, 0x89, 0x8C, 0x59, 0x16, 0x35, 0x42, 0x5D, 0xE5, 0xD5,
    0xF9, 0x65, 0x33, 0xF0, 0xE3, 0xF2, 0x65, 0x39, 0xD5, 0x16, 0xC6, 0xDE, 0x74, 0xD9, 0x8B, 0x77,
    0xE6, 0xB0, 0x25, 0xAD, 0xA0, 0x7D, 0x45, 0x4E, 0x96, 0x31, 0x72, 0xD1, 0xE6, 0xF9, 0xA3, 0x55,
    0x4C, 0x9B, 0x63, 0xE0, 0x35, 0x5E, 0x07, 0x5E, 0x67, 0x97, 0xBF, 0x54, 0xC5, 0x35, 0xBB, 0xB0,
    0x4B, 0x27, 0x37, 0xBE, 0xBA, 0x59, 0xF9, 0x8A, 0x2D, 0xCB, 0xA3, 0x86, 0x5C, 0xF5, 0xBD, 0x9B,
    0xA3, 0x2F, 0xA1, 0xC1, 0xCD, 0xCB, 0x68, 0xF0, 0x88, 0x1D, 0xC3, 0x7E, 0x85, 0x75, 0x33, 0xB4,
    0xEC, 0x65, 0x6D, 0xF5, 0x1E, 0xC1, 0x8E, 0x77, 0xC9, 0x2B, 0x0C, 0x8F, 0x1B, 0xF4, 0x55, 0x07,
    0x24, 0x86, 0xCC, 0xB4, 0xDB, 0xD0, 0xD0, 0x31, 0x22, 0x0C, 0x7D, 0x38, 0x32, 0xEF, 0x64, 0x94,
    0x8D, 0xE7, 0xC1, 0xC6, 0x33, 0x92, 0x62, 0x80, 0x86, 0xAB, 0x3E, 0xEB, 0x01, 0x4B, 0xD2, 0x31,
    0xF9, 0xA2, 0x4B, 0x97, 0xE6, 0xE7, 0x2D, 0xD2, 0x35, 0x3C, 0xC1, 0xB3, 0xD5, 0x7F, 0xC3, 0xE2,
    0x84, 0x09, 0x7E, 0xB5, 0x61, 0xAC, 0xE2, 0x2F, 0x58, 0x38, 0x05, 0x65, 0x81, 0xBD, 0x9B, 0x7E,
    0xFA, 0x41, 0x87, 0x6D, 0xF6, 0xB2, 0xD8, 0xAD, 0x84, 0x0E, 0x5B, 0x1F, 0x39, 0xEC, 0xB7, 0x43,
    0x0A, 0xC8, 0xD0, 0x26, 0x13, 0x1D, 0x76, 0xE2, 0x09, 0x86, 0x31, 0x39, 0x84, 0x96, 0xC1, 0x48,
    0xCA, 0x20, 0x93, 0xF6, 0x84, 0xB0, 0x5D, 0xD6, 0x5A, 0xCB, 0x47, 0x26, 0x24, 0xA2, 0x7D, 0xB7,
    0xE2, 0x19, 0x13, 0xFD, 0x0E, 0x6A, 0xA9, 0xE6, 0xFD, 0xDE, 0x87, 0x4A, 0x8D, 0xC8, 0xF6, 0x33,
    0x5F, 0x3F, 0x6A, 0x20, 0xCC, 0x44, 0x3C, 0x67, 0x13, 0x8D, 0x21, 0xD9, 0xD7, 0xAC, 0xBD, 0x1E,
    0xDA, 0x3D, 0xD0, 0xF0, 0xA1, 0xA5, 0x5D, 0xA8, 0x95, 0x0D, 0x0C, 0x64, 0x77, 0xD9, 0xDF, 0xBD,
    0xD0, 0xF2, 0x0B, 0xCF, 0x78, 0x3D, 0xA1, 0x73, 0xD5, 0x20, 0x89, 0x01, 0xA2, 0x26, 0x74, 0xF5,
    0xB2, 0xEF, 0xE8, 0xEA, 0x5D, 0xEF, 0xEC, 0xAD, 0x67, 0x72, 0x76, 0x66, 0x2E, 0x9B, 0xA3, 0x73,
    0x14, 0xF1, 0x74, 0xF5, 0xC0, 0x11, 0x86, 0xFA, 0x09, 0x1D, 0x72, 0x39, 0x32, 0x92, 0x3F, 0x20,
    0x7A, 0x92, 0x20, 0x56, 0x6C, 0xE6, 0x8D, 0x5F, 0x30, 0x4D, 0xD5, 0x61, 0x9E, 0xA2, 0xC4, 0x24,
    0x0B, 0x16, 0xA4, 0xCD, 0x1C, 0x0A, 0xE7, 0xEB, 0x77, 0xD9, 0x32, 0xE2, 0x76, 0x86, 0xC8, 0xD7,
    0x67, 0xAD, 0x69, 0x22, 0x23, 0x7E, 0xCB, 0x5A, 0x85, 0x11, 0xAC, 0xBF, 0x68, 0x79, 0x77, 0xCD,
    0xE3, 0x58, 0x35, 0x84, 0x8E, 0x55, 0x79, 0xEE, 0x93, 0xAB, 0x3E, 0xDB, 0x72, 0x2B, 0xBC, 0x26,
    0x3F, 0x95, 0x0B, 0xC7, 0x19, 0xFD, 0x7A, 0x9C, 0x71, 0xA7, 0xB3, 0x8C, 0xB6, 0x07, 0xAA, 0x13,
    0x8D, 0xC9, 0x78, 0xD8, 0xD7, 0x31, 0x9D, 0x70, 0xB2, 0xBD, 0x42, 0x5A, 0xB6, 0xE4, 0x8A, 0xDD,
    0x5E, 0xCB, 0x41, 0xA3, 0xD3, 0x76, 0x21, 0x6C, 0xF2, 0x63, 0xC5, 0x12, 0xB4, 0x3C, 0xFB, 0xED,
    0xE2, 0xFF, 0x99, 0x88, 0xFC, 0x9B, 0x2E, 0xFF, 0x1C, 0x36, 0x82, 0x24, 0x81, 0x18, 0x9A, 0xB7,
    0x48, 0x6D, 0xA8, 0xC1, 0xF3, 0x16, 0x04, 0x78, 0x06, 0x57, 0x6D, 0x53, 0xE7, 0xAD, 0xE2, 0x12,
    0x11, 0x5D, 0xAF, 0x79, 0x6A, 0x6B, 0x54, 0x14, 0xA5, 0xDE, 0x40, 0x45, 0xE1, 0xCA, 0x0F, 0x69,
    0x0C, 0xF6, 0x86, 0xDD, 0x01, 0x1D, 0xCF, 0x54, 0x5F, 0x40, 0x2B, 0xD2, 0x9B, 0xC8, 0x3F, 0x0A,
    0xD7, 0xC1, 0x73, 0x8D, 0x1B, 0x3F, 0xB8, 0x6B, 0xCC, 0xFA, 0x92, 0x9C, 0xB6, 0x67, 0xBF, 0x45,
    0xD8, 0x4F, 0xBE, 0xE9, 0xB3, 0x01, 0x0C, 0xA6, 0xC3, 0x96, 0xFB, 0x68, 0x60, 0x0D, 0x64, 0xB4,
    0xDD, 0xED, 0xB4, 0x5F, 0x0D, 0x5F, 0x36, 0x9F, 0xB5, 0xF9, 0x15, 0x9B, 0xAF, 0x69, 0xF3, 0x35,
    0xC5, 0xCC, 0x66, 0x5C, 0xD5, 0x37, 0xB4, 0x6D, 0x4A, 0x77, 0x76, 0xD7, 0x62, 0xB1, 0xDA, 0xA3,
    0xFE, 0x39, 0x32, 0x23, 0x62, 0x71, 0xCF, 0x58, 0x2C, 0xE7, 0x1A, 0x15, 0x24, 0x8A, 0x76, 0x25,
    0x00, 0x00, 0xEB, 0x79, 0x86, 0xD2, 0x0E, 0x3A, 0x88, 0x20, 0xA1, 0xB3, 0x34, 0xD4, 0x56, 0x59,
    0xDE, 0x23, 0x43, 0xA6, 0x2F, 0xCE, 0x66, 0xCB, 0x59, 0x40, 0x81, 0x65, 0x28, 0xA3, 0xED, 0x2F,
    0x5F, 0x08, 0x7A, 0x8B, 0x5D, 0xC6, 0x9D, 0x90, 0x1D, 0xAB, 0xBD, 0x68, 0x37, 0x25, 0xAC, 0x82,
    0x18, 0xAC, 0x58, 0xD6, 0x2F, 0x2A, 0xAD, 0x16, 0xE1, 0xCA, 0x45, 0xC6, 0xBD, 0xC8, 0xB4, 0x17,
    0xED, 0x43, 0x69, 0x2F, 0x71, 0x33, 0xAB, 0xA4, 0x9D, 0x43, 0x29, 0x1B, 0x7A, 0x16, 0xDA, 0x52,
    0xCF, 0x3A, 0xA6, 0xA2, 0xEC, 0x92, 0x27, 0x3B, 0x72, 0x65, 0x83, 0x42, 0x7B, 0x08, 0xC5, 0xDF,
    0x97, 0x3F, 0x14, 0x9C, 0x4F, 0x54, 0x8E, 0x16, 0x92, 0xCE, 0x8F, 0x2F, 0x3E, 0x3A, 0x3A, 0x5E,
    0x00, 0x78, 0x93, 0xFE, 0x7F, 0xC2, 0x9B, 0x86, 0xF0, 0xA6, 0x62, 0x7A, 0x6C, 0x98, 0x1D, 0x3D,
    0xA3, 0xD1, 0x75, 0xD7, 0xBB, 0xD2, 0x35, 0xE7, 0x91, 0x07, 0x21, 0xFE, 0xE8, 0xE2, 0xA2, 0x0E,
    0x46, 0x32, 0xC3, 0x46, 0x26, 0x98, 0xC8, 0x98, 0x7C, 0xF3, 0xEF, 0x63, 0xE2, 0xDF, 0x82, 0x7D,
    0x44, 0x34, 0x0F, 0x41, 0xF1, 0x75, 0xD3, 0xE0, 0x95, 0x1B, 0x06, 0xAF, 0x08, 0x2B, 0x61, 0xEF,
    0x98, 0xA2, 0xD2, 0xEE, 0x92, 0xFF, 0x0C, 0xA5, 0xF3, 0x0E, 0xD0, 0x25, 0x26, 0x7E, 0x81, 0xDF,
    0xBD, 0x16, 0xDA, 0xF7, 0x3A, 0x7A, 0xA2, 0x53, 0x48, 0x15, 0x35, 0xBB, 0x95, 0xF1, 0xCA, 0xDB,
    0x92, 0x9D, 0x9D, 0x4A, 0xB9, 0x4B, 0xA3, 0x56, 0xFF, 0xE6, 0x2E, 0xA3, 0x5F, 0xF5, 0xC1, 0xD9,
    0x68, 0x7B, 0xD0, 0xD6, 0x76, 0x13, 0x5A, 0xBA, 0x7D, 0xC4, 0x46, 0x38, 0x71, 0x78, 0x62, 0x27,
    0x8C, 0xDA, 0x9F, 0xF8, 0x8B, 0xFA, 0xA5, 0x93, 0x62, 0xD3, 0xCB, 0x27, 0xC5, 0xB6, 0xD7, 0xB6,
    0x46, 0xF4, 0xBC, 0xFC, 0x27, 0x9D, 0x35, 0xD9, 0x50, 0x93, 0x2B, 0xDE, 0x60, 0xFC, 0x5B, 0x0A,
    0xEE, 0x27, 0x9F, 0xD0, 0xD8, 0x14, 0x4F, 0xE2, 0xD9, 0x12, 0x62, 0x2C, 0x32, 0x69, 0x57, 0x81,
    0xD1, 0x7E, 0x54, 0x6C, 0x51, 0x74, 0x59, 0xF3, 0x4A, 0xD6, 0xD3, 0xB0, 0xE8, 0x63, 0x4D, 0xC7,
    0xAC, 0x08, 0x90, 0xB2, 0xFD, 0xA2, 0x45, 0x56, 0x7C, 0xF7, 0x19, 0xE0, 0x7F, 0x06, 0x73, 0xEE,
    0xF3, 0xE5, 0x08, 0xDC, 0x34, 0x5C, 0x28, 0xCB, 0x63, 0x50, 0x20, 0xB7, 0x6C, 0x0C, 0x91, 0x0A,
    0x83, 0x22, 0x4C, 0x25, 0x02, 0x54, 0x0C, 0x88, 0x5A, 0xD1, 0x53, 0x51, 0xAD, 0xD4, 0x4E, 0x6A,
    0xAA, 0x72, 0x9F, 0x55, 0xB5, 0xEF, 0x54, 0xB1, 0x2F, 0xCA, 0xB6, 0x4F, 0x55, 0x9F, 0x57, 0x4F,
    0x0F, 0x67, 0xBC, 0x8A, 0x69, 0xAD, 0xBF, 0xD7, 0x92, 0xEC, 0x6A, 0xFF, 0x81, 0x8C, 0x23, 0xB2,
    0x20, 0xBD, 0x14, 0x7D, 0xEC, 0x87, 0x33, 0xF0, 0x33, 0x44, 0xDA, 0xDB, 0x68, 0x90, 0xA1, 0x55,
    0x04, 0x0F, 0xEE, 0x53, 0x5C, 0x37, 0xDF, 0xB2, 0x4E, 0x4C, 0x86, 0xF8, 0x77, 0x03, 0x0F, 0xD5,
    0x0D, 0xC9, 0x6F, 0x06, 0x1D, 0x19, 0x4F, 0x7F, 0x3D, 0x26, 0x6C, 0x94, 0xA7, 0x7F, 0x3B, 0x82,
    0x91, 0x78, 0x44, 0xF5, 0x90, 0x92, 0xF3, 0x62, 0x33, 0xE5, 0x2C, 0xC2, 0x1E, 0x46, 0xEC, 0x72,
    0x6F, 0xA6, 0x39, 0x9A, 0x1E, 0xE2, 0xFA, 0x02, 0xCB, 0x20, 0xB8, 0xBC, 0x1C, 0xDC, 0x4E, 0x87,
    0xED, 0x7A, 0xB7, 0x0C, 0x56, 0x87, 0xA8, 0xD4, 0xE5, 0x35, 0x1C, 0x3B, 0x6A, 0x5E, 0x3E, 0xF5,
    0x52, 0xA9, 0x4D, 0x04, 0x66, 0xF3, 0x89, 0x42, 0x6B, 0x78, 0x0C, 0xC8, 0x52, 0x9C, 0x72, 0xE7,
    0x62, 0xA7, 0x09, 0x6C, 0x6B, 0x44, 0xE6, 0x9A, 0xCF, 0x87, 0xE3, 0x5F, 0x76, 0xE6, 0xDA, 0x0E,
    0xBD, 0x2D, 0x3A, 0x6D, 0x37, 0x7A, 0xE1, 0x25, 0xB6, 0x5C, 0x15, 0x0E, 0xB1, 0x60, 0xE8, 0x2F,
    0x52, 0x2B, 0x17, 0x82, 0xA3, 0x13, 0x32, 0xFD, 0x96, 0xFF, 0x07, 0x65, 0x52, 0xB1, 0x6D, 0xC3,
    0x30, 0x10, 0x3C, 0x89, 0x08, 0x54, 0xB0, 0x50, 0x8A, 0x74, 0x2E, 0x38, 0x82, 0x36, 0x30, 0x39,
    0x82, 0x37, 0xC9, 0x02, 0x49, 0xE8, 0x11, 0xDC, 0x67, 0x83, 0xCC, 0x10, 0x58, 0x1A, 0x41, 0x23,
    0xA8, 0xC8, 0x00, 0x2C, 0x54, 0x08, 0x86, 0x2C, 0xE6, 0x9E, 0x64, 0x0C, 0x27, 0x11, 0xFE, 0xF5,
    0x12, 0xC1, 0xBF, 0xFB, 0x3B, 0x12, 0xC8, 0x4F, 0x3F, 0xC2, 0x46, 0x20, 0x4E, 0xF0, 0x2C, 0xCF,
    0x01, 0x66, 0x06, 0xDA, 0x80, 0x76, 0x02, 0x34, 0xFF, 0x06, 0xA0, 0x99, 0xD1, 0x1D, 0x01, 0xB5,
    0xC0, 0xB2, 0x41, 0xAD, 0x38, 0xB3, 0xD4, 0x2B, 0x56, 0x96, 0x6A, 0xAD, 0x17, 0x81, 0xB9, 0xAA,
    0x20, 0x65, 0xD3, 0x93, 0x94, 0x73, 0x3B, 0x48, 0xF1, 0xD2, 0x06, 0x58, 0x9B, 0x98, 0xEC, 0x96,
    0xCB, 0x9A, 0x4A, 0x97, 0xDA, 0x60, 0x52, 0x5B, 0x62, 0x93, 0xBF, 0x21, 0x6F, 0x49, 0x6D, 0xF0,
    0x79, 0xC2, 0xDC, 0xA6, 0xD6, 0xBB, 0xFD, 0x5D, 0x1C, 0xD3, 0xBE, 0x98, 0xB7, 0x7F, 0x15, 0x29,
    0x31, 0xCE, 0x88, 0xE5, 0x15, 0xC0, 0xA9, 0xC7, 0x2A, 0xC0, 0x3B, 0x9C, 0x2A, 0xC1, 0x50, 0xC2,
    0xD8, 0x4A, 0xBF, 0x15, 0x9A, 0xDE, 0x51, 0xC4, 0x95, 0x1F, 0x8D, 0xAC, 0x9B, 0xE9, 0x67, 0x3D,
    0x42, 0x3B, 0x92, 0xB5, 0x4E, 0xCF, 0x30, 0xAE, 0xBB, 0x7C, 0xF4, 0xE4, 0x89, 0x31, 0xBF, 0x48,
    0x4D, 0x00, 0x82, 0xAB, 0xED, 0x80, 0x86, 0x9F, 0xA2, 0xB7, 0xE5, 0x30, 0x22, 0xD8, 0x94, 0x14,
    0xD5, 0x92, 0x96, 0x0C, 0xB6, 0xE8, 0xE8, 0xC5, 0x23, 0x60, 0x47, 0x2E, 0xCB, 0x16, 0xCF, 0x96,
    0x5D, 0xC8, 0x33, 0xD5, 0x25, 0xD5, 0x5C, 0x92, 0xEB, 0x4D, 0x49, 0x81, 0xD7, 0x63, 0xA1, 0x18,
    0xB3, 0x4F, 0xFA, 0xE2, 0xA0, 0x22, 0x79, 0xFA, 0x6C, 0x93, 0x71, 0xE8, 0x18, 0x89, 0x8B, 0xB1,
    0x07, 0xDE, 0x80, 0x57, 0xE0, 0x13, 0x72, 0x42, 0x29, 0xAA, 0x05, 0xD5, 0x8C, 0x9A, 0x11, 0x04,
    0x5E, 0x62, 0x42, 0x33, 0x0A, 0xB4, 0x1E, 0x64, 0x76, 0x89, 0x23, 0xCC, 0x31, 0x81, 0xFD, 0x43,
    0x7A, 0x11, 0xE3, 0x38, 0x61, 0x4B, 0x03, 0x1E, 0xA2, 0xCB, 0x07, 0xF4, 0x4B, 0xE5, 0x9D, 0x52,
    0xC9, 0x73, 0x56, 0x7B, 0x4B, 0xB1, 0xDF, 0x9F, 0xF2, 0xE9, 0x25, 0x03, 0x9D, 0xDC, 0x9F, 0xA4,
    0xF6, 0xA6, 0x72, 0xBA, 0x53, 0xF9, 0xC7, 0x4C, 0x81, 0xA7, 0x81, 0x3B, 0xC2, 0xF8, 0x25, 0x23,
    0xA5, 0xA7, 0x22, 0xCE, 0xA3, 0xE6, 0x79, 0xCF, 0x5D, 0x8C, 0xEF, 0x61, 0xCF, 0x1B, 0x30, 0x3C,
    0x41, 0xA7, 0x5B, 0x71, 0xC0, 0x37, 0xDD, 0x5A, 0xBF, 0xAF, 0xDD, 0x58, 0xB5, 0xDE, 0xB6, 0x73,
    0xAF, 0x61, 0x0E, 0x4F, 0x9E, 0x62, 0x22, 0xA1, 0x09, 0x8C, 0x29, 0xA6, 0x79, 0x08, 0xE1, 0x7F,
    0x20, 0x89, 0x3D, 0x42, 0x54, 0x34, 0x29, 0x26, 0x20, 0x31, 0x05, 0x53, 0x22, 0x9A, 0xB4, 0x29,
    0x92, 0x6B, 0xF3, 0xF8, 0x07, 0x52, 0xA0, 0x69, 0x68, 0xA6, 0x41, 0x62, 0x4E, 0x8A, 0x69, 0x28,
    0x06, 0xE9, 0xE6, 0xDA, 0x40, 0x41, 0x31, 0x8D, 0xA9, 0x29, 0xB0, 0xC4, 0x80, 0x50, 0x28, 0x62,
    0xC0, 0x79, 0xCF, 0x09, 0x3E, 0xDE, 0xEF, 0xFB, 0xBE, 0xE5, 0xF3, 0xE3, 0x26, 0xA1, 0x79, 0x0F,
    0x25, 0x24, 0x89, 0xCF, 0xDA, 0xBE, 0xE7, 0xD8, 0x7B, 0xAF, 0xB5, 0xF6, 0xDA, 0xDF, 0xFA, 0xB1,
    0xB7, 0xBB, 0xED, 0x9C, 0x77, 0x81, 0x2E, 0xF7, 0x7D, 0x77, 0xF8, 0x2F, 0xE8, 0x5D, 0xB4, 0xBD,
    0xE2, 0xCE, 0xAD, 0x70, 0xB5, 0x2E, 0xC1, 0xD5, 0xB8, 0x54, 0x57, 0xD6, 0xB8, 0xBC, 0xE2, 0x55,
    0x16, 0xBC, 0x6A, 0xE7, 0xD6, 0x7C, 0xEF, 0xB8, 0x02, 0x59, 0x35, 0x20, 0x09, 0xEF, 0x92, 0x62,
    0x4B, 0xEA, 0xCF, 0xF0, 0xBD, 0xF7, 0x78, 0xFE, 0x71, 0xDD, 0x04, 0xBE, 0x48, 0x9A, 0x68, 0x72,
    0xAB, 0x6A, 0xD5, 0xE3, 0xE7, 0xA4, 0xC3, 0x03, 0x29, 0x5F, 0xCA, 0x48, 0x72, 0xBE, 0x99, 0x17,
    0xE7, 0x49, 0x65, 0xBF, 0x5E, 0x70, 0x69, 0xEF, 0x4E, 0xDD, 0x6A, 0xFE, 0x78, 0xE3, 0x42, 0xEF,
    0xF1, 0x62, 0xF9, 0x08, 0xBF, 0xC4, 0xCD, 0x76, 0xD8, 0xFD, 0xD8, 0xAB, 0x42, 0x92, 0xBC, 0xF9,
    0x53, 0xFE, 0xEE, 0xFD, 0x88, 0x21, 0xBC, 0x9F, 0xF0, 0xC2, 0xC3, 0x6F, 0xE3, 0xDE, 0x17, 0xC1,
    0xE8, 0x82, 0xD9, 0x05, 0x83, 0x0B, 0x27, 0x89, 0x8B, 0x9F, 0xAE, 0x89, 0x3A, 0x17, 0x8D, 0x4F,
    0x50, 0x0C, 0xE5, 0x1B, 0x17, 0x79, 0x0A, 0x10, 0xBC, 0xF7, 0xE8, 0x3A, 0xBA, 0x8E, 0x07, 0xFE,
    0x7A, 0x48, 0x21, 0xCB, 0x8E, 0x42, 0x24, 0x88, 0x4D, 0x85, 0x15, 0xD2, 0x16, 0x24, 0xE0, 0x75,
    0x8C, 0x1E, 0xBC, 0xCB, 0x41, 0x66, 0xD1, 0x8D, 0x73, 0x60, 0xF5, 0x73, 0xD4, 0x32, 0x7E, 0x8D,
    0xC6, 0xFA, 0x21, 0xBE, 0xC1, 0xF7, 0xF8, 0xB3, 0xFC, 0x63, 0xD9, 0xF0, 0x4B, 0x68, 0xDC, 0x6D,
    0x44, 0x27, 0xCE, 0x01, 0xB8, 0xC6, 0x7D, 0x38, 0x2C, 0x34, 0xAD, 0xF8, 0x0D, 0x55, 0xB4, 0xC1,
    0x54, 0x82, 0xC3, 0xBB, 0x1E, 0x03, 0x3E, 0xF0, 0xBE, 0x75, 0x65, 0xF8, 0x0B, 0xF0, 0xF2, 0x35,
    0x30, 0xDF, 0x9C, 0x9B, 0xDA, 0xDC, 0x8F, 0x10, 0x24, 0xF7, 0x43, 0xE4, 0xE7, 0x18, 0xC3, 0x95,
    0x4D, 0xB0, 0x91, 0x96, 0xF1, 0xFE, 0x19, 0x26, 0xCA, 0x05, 0x54, 0x52, 0x11, 0x0D, 0xD4, 0x3A,
    0x26, 0x1E, 0x6A, 0xE7, 0xE8, 0x69, 0xCB, 0x51, 0x92, 0xEE, 0x44, 0x32, 0x52, 0x4D, 0xF1, 0x7F,
    0xE3, 0x91, 0xA3, 0xEF, 0xF8, 0x87, 0xD7, 0x38, 0xB3, 0xE0, 0xF9, 0xE8, 0xFA, 0xF5, 0xEB, 0xD7,
    0xCE, 0x8D, 0x05, 0x8D, 0x83, 0x93, 0x37, 0xEF, 0xFA, 0x35, 0xC4, 0x0C, 0x4D, 0xB7, 0x07, 0xF4,
    0xD2, 0xCC, 0x39, 0xD2, 0x34, 0x06, 0x7C, 0xD0, 0xDE, 0x29, 0x5C, 0x56, 0xEC, 0x34, 0xE6, 0xAE,
    0x3A, 0x87, 0x21, 0x61, 0xA9, 0xA7, 0xD4, 0x00, 0xAF, 0x91, 0x22, 0xBB, 0x0F, 0xDD, 0xD3, 0xFF,
    0xA0, 0x1F, 0xCC, 0x7F, 0x62, 0x57, 0x45, 0xE5, 0xA4, 0xCF, 0xEA, 0xE9, 0x96, 0x2C, 0xF5, 0xA7,
    0x1A, 0xB4, 0x23, 0xEF, 0xBD, 0xCB, 0xBA, 0xA8, 0x83, 0xB8, 0x24, 0x2E, 0xBC, 0xE3, 0x4A, 0x29,
    0x4A, 0x84, 0xCA, 0x4B, 0x39, 0xA7, 0xAB, 0x8D, 0x04, 0x82, 0x20, 0x67, 0x25, 0x8C, 0x66, 0xC4,
    0xDF, 0x71, 0x8F, 0x95, 0x83, 0x41, 0xCB, 0x02, 0x33, 0x9D, 0x57, 0x09, 0xBB, 0x58, 0x0D, 0xD0,
    0x65, 0xB4, 0x41, 0x17, 0x81, 0xFF, 0x21, 0x15, 0xFB, 0x8F, 0x81, 0x96, 0x5F, 0x71, 0x34, 0x19,
    0x36, 0xC5, 0x4C, 0xD8, 0x61, 0xBC, 0x90, 0x2B, 0xB4, 0x99, 0x5B, 0x34, 0x99, 0x53, 0x4C, 0x86,
    0xAB, 0x1F, 0x78, 0xEA, 0x04, 0x22, 0x1E, 0xAF, 0xA1, 0x9E, 0x0B, 0xEE, 0xF5, 0xD2, 0x4D, 0x3E,
    0x98, 0x7D, 0xB0, 0xB9, 0xED, 0x26, 0x5B, 0x9D, 0x6B, 0xD9, 0x76, 0x0D, 0x2B, 0x62, 0xDF, 0x6B,
    0x2A, 0x10, 0xFD, 0xC6, 0x13, 0xCD, 0x40, 0x93, 0xD7, 0x6B, 0x45, 0x41, 0x19, 0x17, 0x31, 0x42,
    0x52, 0xC5, 0x7E, 0x0C, 0x87, 0xCC, 0x65, 0x8F, 0x27, 0x37, 0x5D, 0x05, 0x6B, 0x97, 0xDD, 0xE9,
    0x2D, 0xF4, 0x75, 0xD9, 0xDD, 0x3E, 0xC5, 0x6C, 0xBF, 0xE1, 0xAE, 0x4E, 0x54, 0x29, 0x9A, 0x90,
    0x96, 0x9C, 0x4F, 0xA1, 0xFD, 0x65, 0x5F, 0xF2, 0x11, 0xE7, 0xAE, 0xDC, 0x46, 0xDF, 0x17, 0xDC,
    0x2D, 0xBC, 0x5E, 0x81, 0x8F, 0xDC, 0x65, 0x7E, 0x0A, 0x86, 0x14, 0x5D, 0xDF, 0x89, 0xFA, 0xA4,
    0x95, 0xF6, 0x69, 0x33, 0x2E, 0xAB, 0x02, 0xB2, 0x85, 0x4F, 0xDE, 0xB9, 0x4B, 0x12, 0xDE, 0x4B,
    0xF2, 0xDA, 0x6B, 0x41, 0xB9, 0xEB, 0xA2, 0x3F, 0xF8, 0x26, 0xD4, 0x80, 0xC5, 0xE0, 0xCA, 0xFB,
    0x9E, 0x0B, 0xB1, 0xE4, 0x4A, 0x3B, 0xA3, 0x3E, 0xCE, 0xB8, 0x6E, 0x64, 0xF2, 0x13, 0x64, 0x08,
    0x48, 0x22, 0x92, 0x78, 0x04, 0x49, 0x61, 0xFF, 0xFD, 0xD9, 0x88, 0x4E, 0xFF, 0xE6, 0x8B, 0xD0,
    0x7F, 0xC3, 0x3F, 0x69, 0x03, 0xF9, 0xB2, 0xB6, 0x36, 0xEE, 0xAB, 0xEB, 0xF5, 0xCF, 0x96, 0x2F,
    0xA3, 0xE2, 0x35, 0x8C, 0xD6, 0xD0, 0x14, 0x8A, 0x7B, 0x50, 0x12, 0xE4, 0x8B, 0x46, 0x68, 0x7D,
    0xD5, 0x67, 0x84, 0xB2, 0x9A, 0x93, 0xCD, 0xA5, 0x40, 0x92, 0x57, 0x35, 0x75, 0x07, 0x6B, 0x5F,
    0x75, 0x58, 0xBA, 0x12, 0x2E, 0x18, 0xA9, 0xD1, 0x53, 0xC0, 0x84, 0xFB, 0x0A, 0x56, 0xEC, 0x45,
    0x1A, 0x3A, 0xD7, 0x6F, 0x5F, 0x92, 0xE0, 0xCF, 0xEF, 0x68, 0x2E, 0x3B, 0xB3, 0xC1, 0x85, 0x24,
    0xCD, 0x39, 0x92, 0x56, 0x5B, 0x16, 0x6B, 0x4E, 0x52, 0x22, 0xB3, 0x3F, 0x29, 0xB0, 0xF8, 0x80,
    0x41, 0x30, 0xF9, 0xB8, 0xB9, 0x88, 0x4F, 0xF2, 0x2D, 0xBF, 0x09, 0xBB, 0xB7, 0x82, 0x87, 0x37,
    0x5C, 0x7F, 0xD9, 0xF5, 0x49, 0xF1, 0x73, 0xD1, 0x9B, 0x37, 0x5D, 0x9F, 0xBA, 0xCB, 0x37, 0x1D,
    0x10, 0x0C, 0xF4, 0xF1, 0x40, 0x8A, 0x07, 0x2E, 0xE3, 0xD7, 0xB7, 0xDC, 0x4D, 0x3E, 0xE3, 0x86,
    0xAF, 0xC3, 0x28, 0x7F, 0xDB, 0x27, 0xAB, 0x39, 0xFA, 0x43, 0x4B, 0x1C, 0x4C, 0xAA, 0xB0, 0x97,
    0xD9, 0x9F, 0x15, 0xC7, 0x06, 0x7F, 0x64, 0xEB, 0xE3, 0x3F, 0xF3, 0x76, 0x93, 0xFB, 0x09, 0x97,
    0x7B, 0x13, 0x4A, 0x1C, 0x92, 0xFB, 0x53, 0x56, 0xDC, 0xBE, 0xE2, 0xAE, 0xDE, 0xC2, 0x6C, 0xF3,
    0xBA, 0xCD, 0x19, 0xFE, 0x49, 0x9F, 0xFA, 0x36, 0xFC, 0xC5, 0x0E, 0x54, 0xF7, 0xA4, 0xDA, 0x8A,
    0x93, 0xD2, 0x0E, 0x33, 0xE1, 0xAB, 0x1F, 0x39, 0xCF, 0x23, 0xC4, 0xF2, 0x83, 0x06, 0xD5, 0x52,
    0x73, 0xEE, 0x1E, 0xC9, 0x29, 0xC9, 0xB4, 0x23, 0xE3, 0x53, 0x2B, 0xB7, 0x26, 0xC0, 0x92, 0x54,
    0x3F, 0x58, 0xAF, 0xCD, 0xBA, 0x03, 0xA8, 0x09, 0x40, 0x55, 0x44, 0x5D, 0xD9, 0x44, 0x0D, 0x6C,
    0xA0, 0xA2, 0x8B, 0xC8, 0x2A, 0xA7, 0xD5, 0x09, 0x15, 0xD2, 0xDA, 0x68, 0x78, 0x70, 0x3F, 0x44,
    0x30, 0x02, 0x6F, 0x7E, 0xFF, 0x23, 0xCC, 0x3D, 0x16, 0x1F, 0x91, 0x55, 0x7D, 0xCC, 0xEC, 0xA3,
    0x8A, 0xDA, 0x0C, 0x7D, 0x24, 0x4D, 0x50, 0x24, 0xD6, 0x47, 0x40, 0xA4, 0xC3, 0xFB, 0x35, 0xF9,
    0x29, 0x97, 0xC5, 0x9E, 0xEB, 0xFE, 0x3F, 0xC3, 0x0D, 0x31, 0x12, 0xF6, 0xDD, 0xD2, 0x23, 0xE8,
    0x5F, 0x5C, 0xB9, 0xAC, 0x75, 0xBE, 0x8D, 0x67, 0x97, 0x71, 0x7D, 0x03, 0xB2, 0x97, 0x7F, 0x09,
    0x2D, 0xB8, 0x48, 0x3D, 0x81, 0xF3, 0x58, 0x94, 0x38, 0xEA, 0x65, 0xFF, 0xB3, 0xD8, 0x9C, 0xC9,
    0x1D, 0x2E, 0xBA, 0x99, 0x89, 0x14, 0x57, 0x64, 0xD7, 0x28, 0x3A, 0x38, 0x58, 0x36, 0x5C, 0x48,
    0x32, 0x50, 0x86, 0x54, 0x34, 0xEF, 0xF9, 0x67, 0x0D, 0x3A, 0x46, 0xFF, 0x00, 0xF5, 0xF5, 0xA7,
    0x8F, 0x38, 0x81, 0x89, 0x2F, 0xD2, 0x12, 0x4A, 0x76, 0xD9, 0xD1, 0xCE, 0x37, 0x6E, 0xA9, 0xF8,
    0x29, 0x0F, 0x68, 0x7D, 0x40, 0xD7, 0x0B, 0xBF, 0xB0, 0x55, 0x83, 0xE5, 0x86, 0x7E, 0x06, 0x9A,
    0xF1, 0xF3, 0xC7, 0x18, 0xD1, 0x4F, 0xF4, 0xEF, 0x7E, 0x82, 0x7A, 0x32, 0x51, 0x68, 0x40, 0x74,
    0x48, 0x8D, 0xC2, 0xD7, 0xFB, 0x1E, 0xB8, 0x9C, 0xFA, 0x1E, 0xC3, 0x25, 0xA0, 0xF4, 0x36, 0x1D,
    0x07, 0xAD, 0x3B, 0x0E, 0x97, 0xB4, 0x27, 0xB2, 0x8F, 0x7B, 0xA2, 0xB2, 0xF0, 0x66, 0x92, 0x9D,
    0x4C, 0x02, 0x05, 0xD1, 0x77, 0x38, 0xF3, 0x79, 0x68, 0x54, 0x50, 0x23, 0xA4, 0x2A, 0x45, 0x4F,
    0x44, 0xEF, 0x69, 0x15, 0x6D, 0x44, 0xC9, 0x14, 0x94, 0xC6, 0x39, 0xCB, 0x45, 0x4B, 0x32, 0xE5,
    0x2E, 0x5E, 0x3B, 0x12, 0x30, 0x62, 0xA5, 0x36, 0x75, 0x53, 0x52, 0xFA, 0x9E, 0x2E, 0x1C, 0x28,
    0x12, 0x7A, 0x81, 0x7F, 0xDC, 0xBC, 0x81, 0x15, 0xEC, 0x8B, 0xCC, 0x2C, 0x0D, 0xF6, 0x0B, 0x1B,
    0xF2, 0x4D, 0xF2, 0xA0, 0x7A, 0x6D, 0x71, 0x0A, 0xC5, 0xE2, 0x14, 0xCC, 0x2F, 0xDC, 0x96, 0x9D,
    0xDE, 0x83, 0x8C, 0x6D, 0x89, 0x69, 0x0F, 0x3E, 0xA2, 0x8E, 0x7A, 0x57, 0xDF, 0x9D, 0x30, 0x59,
    0x1B, 0x62, 0x12, 0x1C, 0x61, 0x09, 0x63, 0x2B, 0xA1, 0x0E, 0x7E, 0xCE, 0xF0, 0xD9, 0x10, 0x9C,
    0x12, 0x80, 0x5E, 0x32, 0xA4, 0x1D, 0xAD, 0xCC, 0x16, 0xF6, 0xFE, 0x1F, 0xC0, 0xA1, 0x85, 0x4D,
    0xB7, 0xB0, 0xE8, 0x65, 0xED, 0x37, 0x61, 0x41, 0x40, 0xA1, 0xEB, 0xA6, 0x80, 0x13, 0x4D, 0xF8,
    0x8C, 0xF0, 0x9A, 0x17, 0x33, 0x1D, 0x2D, 0x64, 0x49, 0x88, 0x3C, 0x82, 0x1F, 0x7D, 0xB7, 0xA1,
    0x91, 0x0C, 0x8C, 0xBF, 0x3A, 0x98, 0x6D, 0x56, 0x9D, 0x90, 0xDF, 0x89, 0x31, 0xC3, 0x57, 0x96,
    0x51, 0x5E, 0xAB, 0x14, 0x3B, 0x41, 0xA2, 0xBA, 0xA2, 0x87, 0x8B, 0x09, 0xB6, 0xC0, 0xCB, 0x07,
    0x1C, 0xCA, 0xFD, 0x47, 0x66, 0x68, 0x94, 0xDB, 0x8A, 0x35, 0x89, 0x29, 0x32, 0xE7, 0xE9, 0x44,
    0x9E, 0x14, 0xD2, 0x9B, 0xE6, 0x31, 0x36, 0x1C, 0xD3, 0x84, 0xAE, 0x72, 0x36, 0x27, 0xB4, 0x3F,
    0x38, 0x8C, 0xF0, 0x7F, 0xBA, 0xD2, 0xFF, 0xBA, 0x8F, 0x3F, 0x85, 0x30, 0x9F, 0xB6, 0xC9, 0xB7,
    0x5A, 0x76, 0x75, 0x55, 0x93, 0xE2, 0x4E, 0x15, 0x98, 0x84, 0x8B, 0x48, 0x0D, 0x86, 0x88, 0xBB,
    0x84, 0xCE, 0x0B, 0x5D, 0xB1, 0xC9, 0x8A, 0xA3, 0xEB, 0xE5, 0x35, 0xFA, 0x5D, 0x8E, 0x3B, 0xA9,
    0xB1, 0xC9, 0x76, 0x41, 0xB1, 0xD7, 0xD4, 0xFF, 0x45, 0x86, 0xFC, 0x9F, 0xC8, 0xF0, 0xA9, 0x67,
    0x84, 0x98, 0x7D, 0x0F, 0xE0, 0x06, 0x19, 0xD2, 0x77, 0x66, 0xCA, 0xF0, 0x16, 0x9C, 0x36, 0x64,
    0xF8, 0xB2, 0x3B, 0xA3, 0x0C, 0xE2, 0x04, 0x5D, 0xD1, 0x10, 0x73, 0x73, 0xC4, 0x93, 0x22, 0x50,
    0xDA, 0x64, 0x29, 0x20, 0x67, 0xB0, 0x02, 0xA1, 0x08, 0x2A, 0xB4, 0x15, 0x71, 0xE5, 0xFC, 0xFA,
    0x43, 0x3C, 0x88, 0xA8, 0xA1, 0xC7, 0x60, 0x88, 0x09, 0xFB, 0x43, 0x19, 0xDC, 0x57, 0x05, 0x37,
    0xE4, 0x41, 0xC6, 0x00, 0xB6, 0x08, 0x3B, 0x0A, 0xA2, 0x1B, 0x8B, 0x49, 0x04, 0x3F, 0x99, 0x30,
    0xB3, 0x92, 0x4E, 0x08, 0x43, 0x42, 0xA0, 0x41, 0x43, 0xD3, 0x80, 0x64, 0xF8, 0x60, 0x42, 0x48,
    0x0B, 0xEE, 0x72, 0x85, 0x20, 0x39, 0x7A, 0xF5, 0x5C, 0x00, 0xF0, 0x44, 0xBE, 0x02, 0x44, 0x45,
    0xFD, 0xEA, 0xF7, 0x95, 0x16, 0x69, 0x9A, 0x01, 0x7E, 0xDA, 0xAC, 0xB8, 0x02, 0x49, 0x5E, 0x47,
    0xAF, 0x83, 0x80, 0x60, 0x8A, 0xB4, 0x36, 0xF1, 0x58, 0x73, 0x55, 0x0E, 0x29, 0xD5, 0x80, 0x29,
    0xDE, 0x51, 0xB4, 0xE0, 0xAC, 0xBD, 0x07, 0x40, 0xD8, 0x14, 0xA6, 0xC2, 0xC9, 0x99, 0x0E, 0x4D,
    0x72, 0x7D, 0x77, 0x74, 0x68, 0xCE, 0x54, 0x13, 0x40, 0x89, 0x08, 0xA5, 0x00, 0xE6, 0x9C, 0xF0,
    0x5B, 0x38, 0x6C, 0xCC, 0x3D, 0x64, 0x36, 0x4F, 0x84, 0x40, 0x46, 0x25, 0x19, 0x1E, 0x87, 0x4A,
    0x10, 0x16, 0xE9, 0xCD, 0xAC, 0xB5, 0xC0, 0x6A, 0xF7, 0x19, 0x2E, 0x55, 0x19, 0x20, 0x49, 0x09,
    0xC2, 0xFA, 0xC7, 0xEC, 0xE8, 0xC2, 0xD2, 0x9F, 0x2D, 0x9C, 0x6C, 0x58, 0xC2, 0xC9, 0x05, 0xD5,
    0x3B, 0xB7, 0x0F, 0xB5, 0x9D, 0x7B, 0xFF, 0x90, 0x83, 0x37, 0xCC, 0xE1, 0xCF, 0xC6, 0xB2, 0xDF,
    0x81, 0xF4, 0xFE, 0xF5, 0x5C, 0x88, 0xE1, 0x4E, 0x0C, 0x36, 0x27, 0xA5, 0x16, 0xC1, 0xA8, 0xD4,
    0x23, 0xEA, 0x95, 0x86, 0xC4, 0x5D, 0x6A, 0xCE, 0x4E, 0x71, 0x4D, 0x5A, 0x29, 0x41, 0xC9, 0x2D,
    0x4F, 0xA9, 0x6D, 0xD8, 0x8D, 0x1A, 0x58, 0x09, 0x63, 0xFF, 0xC8, 0x9C, 0x9E, 0x1C, 0x20, 0x5E,
    0x7B, 0xBC, 0xBE, 0x3B, 0x29, 0x5B, 0x89, 0xB4, 0xB2, 0x65, 0x4B, 0x40, 0x61, 0xF8, 0x15, 0xFA,
    0x03, 0xA0, 0x54, 0x8C, 0xB8, 0xF7, 0xD8, 0x17, 0x40, 0x54, 0x60, 0x04, 0x62, 0x88, 0x0E, 0xFE,
    0xCF, 0x44, 0xB2, 0x45, 0x1D, 0x2C, 0xE2, 0x5A, 0xB4, 0x57, 0x5B, 0x76, 0xA1, 0x58, 0xD9, 0xA5,
    0xF6, 0xDC, 0xE7, 0xCF, 0xAB, 0xFD, 0xA5, 0x16, 0x3A, 0x58, 0xD0, 0x52, 0x53, 0x1D, 0xDA, 0x77,
    0x2B, 0x2F, 0xA1, 0xF3, 0x5F, 0x09, 0x51, 0x37, 0xE6, 0xD0, 0xDE, 0x3F, 0x2F, 0xF6, 0xCB, 0x2C,
    0x74, 0x50, 0x48, 0xEA, 0x74, 0x5C, 0x55, 0x16, 0xB3, 0x2A, 0x54, 0xBA, 0x21, 0x69, 0xDF, 0x0F,
    0xBB, 0x67, 0xE4, 0x36, 0x2F, 0xB3, 0xB4, 0x17, 0x6C, 0x39, 0xE7, 0xC5, 0x89, 0x4D, 0xB4, 0x3F,
    0x68, 0x72, 0x8B, 0x10, 0x5F, 0x21, 0x69, 0xDD, 0x8D, 0xC5, 0x92, 0x05, 0x4F, 0x71, 0x6B, 0xCB,
    0xB7, 0xFA, 0x44, 0x32, 0x14, 0xF6, 0xD7, 0x7F, 0xD9, 0x6F, 0x96, 0xF3, 0x06, 0xF3, 0xAB, 0x00,
    0x5D, 0xCC, 0xFE, 0x6D, 0xE9, 0xAA, 0xC8, 0x61, 0x29, 0xCE, 0x72, 0x17, 0xD4, 0xF5, 0xFD, 0xF5,
    0x99, 0x1E, 0x3B, 0x83, 0x08, 0xCA, 0x0E, 0x82, 0x09, 0x77, 0x57, 0x24, 0xF1, 0x80, 0x21, 0x2E,
    0xEB, 0xDD, 0x6E, 0x9B, 0xCF, 0xA5, 0xCD, 0xF6, 0x4E, 0x61, 0x90, 0x01, 0x61, 0xB0, 0x8D, 0xAF,
    0xA6, 0xED, 0x5D, 0x34, 0x86, 0xDE, 0x62, 0xFD, 0xB8, 0xDF, 0xDE, 0x21, 0x24, 0x5B, 0xEE, 0x90,
    0xD0, 0x2F, 0xA9, 0x46, 0xB9, 0xBE, 0xBB, 0xDC, 0x99, 0xBC, 0x4B, 0x4D, 0xC7, 0x1C, 0x08, 0x63,
    0x6F, 0xBB, 0x63, 0xD9, 0xA6, 0x97, 0x63, 0x83, 0x0A, 0xF0, 0x47, 0xD4, 0x4A, 0x0B, 0xB8, 0x63,
    0x85, 0x69, 0x66, 0x15, 0x84, 0xC1, 0xE4, 0x31, 0x94, 0x50, 0x2A, 0x86, 0x86, 0x1E, 0x62, 0xC5,
    0xD1, 0xD4, 0x86, 0x24, 0x2F, 0x76, 0xF9, 0x79, 0xC9, 0xF4, 0x3C, 0x52, 0x05, 0x24, 0x9D, 0x3F,
    0xC0, 0xC3, 0x65, 0x47, 0xFF, 0x88, 0x67, 0x93, 0x26, 0x9C, 0xE9, 0xDB, 0xE8, 0x1A, 0x93, 0x82,
    0x3E, 0xF5, 0xC8, 0x6A, 0x0C, 0xF2, 0x8C, 0x4B, 0xD1, 0x61, 0xA1, 0x06, 0x8B, 0x36, 0xEF, 0xF5,
    0x53, 0x74, 0xF9, 0xB5, 0x3A, 0x78, 0xAB, 0x63, 0x18, 0x00, 0x1F, 0x8D, 0x80, 0x38, 0x99, 0x79,
    0x43, 0x16, 0x3A, 0x09, 0x2E, 0x43, 0xFA, 0x6C, 0x9F, 0x81, 0xF5, 0x7B, 0xEB, 0x0B, 0x7C, 0xE3,
    0xB6, 0x89, 0x2B, 0x6C, 0x96, 0xD6, 0x28, 0x43, 0xCA, 0x25, 0x50, 0x6A, 0xCF, 0x07, 0x6E, 0xFF,
    0x4C, 0x32, 0xDA, 0x64, 0x1B, 0x03, 0x56, 0x06, 0x9B, 0x0E, 0x7C, 0x98, 0x9E, 0x67, 0x3D, 0xA8,
    0x96, 0x9E, 0xBD, 0xE8, 0xA5, 0x79, 0x7D, 0xB7, 0xA7, 0xBE, 0x23, 0xA3, 0x1D, 0x4D, 0x11, 0x4A,
    0x36, 0xF5, 0x27, 0xDB, 0xD2, 0x99, 0x93, 0xA2, 0x77, 0x34, 0x13, 0xFF, 0x46, 0x73, 0x25, 0xB1,
    0xB9, 0x09, 0x7C, 0xA8, 0x9A, 0x83, 0x5C, 0x07, 0x72, 0x5E, 0x14, 0xBD, 0xA2, 0x39, 0xBB, 0xA2,
    0xF4, 0xF0, 0x54, 0x49, 0xEA, 0x24, 0x76, 0x8C, 0x8E, 0x07, 0x8B, 0x4E, 0x09, 0xAA, 0x2A, 0x3C,
    0xC8, 0x31, 0x68, 0x57, 0x92, 0x6B, 0x25, 0xB1, 0xC2, 0xC3, 0xBA, 0xE8, 0xBF, 0xBF, 0x44, 0x36,
    0x49, 0xC2, 0x04, 0x27, 0x03, 0x8F, 0xBC, 0xF2, 0x30, 0x2D, 0xAD, 0x52, 0x91, 0xD9, 0xDB, 0x2E,
    0x7E, 0x89, 0x24, 0x0A, 0xE4, 0x3D, 0x94, 0x17, 0x61, 0x7D, 0xD0, 0xD6, 0x91, 0x28, 0x55, 0x8A,
    0x65, 0x9F, 0xF0, 0x1A, 0xFF, 0xF6, 0xB2, 0x50, 0x10, 0xC6, 0xFF, 0x5C, 0xA4, 0xD9, 0xCC, 0x55,
    0xD7, 0x2E, 0xD5, 0xC5, 0xEA, 0xA0, 0x14, 0xD2, 0xAB, 0x24, 0x4A, 0x6B, 0x24, 0x42, 0xF3, 0x43,
    0xC0, 0x4E, 0xB6, 0x9F, 0xCE, 0x3E, 0xE4, 0x95, 0xB3, 0x9C, 0x6D, 0x83, 0xE8, 0xCA, 0x3E, 0xE4,
    0xAF, 0x5E, 0x78, 0xF3, 0xCB, 0x87, 0x43, 0xB1, 0x3B, 0x2C, 0x66, 0x76, 0x5F, 0x1B, 0xF0, 0x5D,
    0x83, 0x6D, 0xF7, 0x0A, 0xAE, 0x03, 0x8C, 0x97, 0xCC, 0x06, 0x3F, 0x9F, 0x3B, 0x57, 0x96, 0x79,
    0x4E, 0xBC, 0x5C, 0xB0, 0x87, 0x22, 0xA6, 0xEF, 0x74, 0x2D, 0x3F, 0x9A, 0x90, 0x15, 0x9F, 0xB9,
    0x3B, 0xEE, 0x4B, 0xCF, 0x9D, 0x97, 0x0B, 0x80, 0x4F, 0x56, 0x03, 0x6B, 0x64, 0x8E, 0x35, 0xC0,
    0xF1, 0x64, 0x29, 0xBA, 0x3E, 0xFF, 0xF9, 0x79, 0x77, 0xA9, 0x8C, 0xCD, 0xE6, 0xB6, 0x68, 0x8E,
    0x30, 0x68, 0xAE, 0x66, 0x8C, 0xB9, 0x9A, 0xD5, 0x70, 0xEB, 0x86, 0xA3, 0x23, 0x6F, 0xE6, 0xE0,
    0x18, 0x68, 0xDB, 0x74, 0xD6, 0x58, 0xAA, 0x95, 0xAA, 0x39, 0xAE, 0x1F, 0x7F, 0x88, 0x46, 0x15,
    0xEF, 0x5D, 0x63, 0x4C, 0x69, 0x2F, 0xC7, 0x79, 0x6D, 0xE6, 0x38, 0xAB, 0x63, 0xD1, 0x47, 0xD5,
    0x56, 0xAA, 0xF7, 0x86, 0xF7, 0xB3, 0x65, 0x72, 0xFC, 0xBE, 0x21, 0xC3, 0x8C, 0x51, 0x62, 0xB3,
    0xEC, 0x5A, 0x7E, 0x8E, 0xCD, 0xA3, 0x65, 0x2D, 0x2E, 0xD9, 0x61, 0x36, 0x24, 0x6E, 0x5F, 0xAC,
    0x76, 0xEE, 0x61, 0x69, 0xEA, 0xBC, 0x13, 0xB7, 0xEE, 0x9F, 0xFF, 0xAB, 0x59, 0x56, 0x43, 0x87,
    0x5E, 0x1A, 0x69, 0xDD, 0x25, 0x18, 0x46, 0x3C, 0x72, 0x34, 0x25, 0xD4, 0x68, 0x3B, 0xB5, 0xAB,
    0x07, 0xBD, 0xE5, 0xA5, 0xBF, 0x1B, 0x94, 0x39, 0x27, 0xBF, 0xD6, 0x2E, 0x89, 0x5A, 0x8A, 0x9E,
    0xFC, 0x72, 0x56, 0x4E, 0x9A, 0x22, 0xD8, 0xB4, 0xD2, 0x5F, 0x5D, 0x58, 0xA5, 0x21, 0x6F, 0xAC,
    0x96, 0x90, 0xB5, 0x96, 0xAB, 0x26, 0x9D, 0x16, 0x26, 0xD4, 0x67, 0x65, 0xC0, 0x78, 0x64, 0x7B,
    0x06, 0xF1, 0x73, 0xE5, 0xF4, 0xE1, 0xE6, 0xC4, 0xCA, 0x8E, 0xFE, 0xCC, 0x72, 0x64, 0x15, 0x7B,
    0xB8, 0x55, 0xC2, 0xC0, 0x88, 0xD1, 0x12, 0xE7, 0x65, 0xB6, 0xAC, 0x8D, 0x2C, 0x27, 0x4B, 0xBB,
    0x1A, 0xF7, 0xEA, 0x88, 0x84, 0x35, 0xB1, 0x34, 0x71, 0x6C, 0xC1, 0x5F, 0x26, 0x75, 0x2C, 0xF1,
    0xCC, 0x17, 0xF7, 0x50, 0xB6, 0x84, 0x10, 0x1B, 0xB7, 0x6C, 0x3B, 0xA5, 0xFE, 0x03, 0xC8, 0x9C,
    0x0F, 0x5C, 0xAE, 0xF8, 0x73, 0x35, 0x85, 0xDC, 0xEF, 0x99, 0xE8, 0x73, 0xC3, 0x0D, 0x43, 0x88,
    0x60, 0x16, 0x9E, 0xCD, 0x19, 0xC7, 0xF0, 0x0A, 0x06, 0x8C, 0xCE, 0x04, 0xCB, 0x40, 0x34, 0xDC,
    0x30, 0x6C, 0x88, 0xA6, 0x3D, 0x8D, 0x47, 0xD2, 0x64, 0x10, 0xA0, 0xF6, 0xDA, 0x72, 0x6A, 0xB9,
    0x45, 0xE1, 0x2B, 0xCC, 0x74, 0x04, 0xA5, 0x6D, 0x28, 0x50, 0xEC, 0xFF, 0x02, 0x5B, 0x09, 0xAC,
    0x90, 0x9F, 0x99, 0x9F, 0xB9, 0xBE, 0x70, 0x6A, 0x99, 0xFA, 0x89, 0x85, 0x54, 0x92, 0x68, 0x76,
    0x0B, 0xB2, 0x2D, 0x5B, 0x68, 0x87, 0x85, 0x82, 0x97, 0x47, 0xAE, 0x62, 0xEF, 0x22, 0x14, 0x12,
    0x04, 0xB6, 0xDB, 0xA2, 0x1E, 0xB3, 0x8A, 0xC6, 0xF5, 0x05, 0x17, 0x56, 0x2F, 0x9D, 0x5C, 0xD7,
    0x28, 0x58, 0xE4, 0xDF, 0xE9, 0x15, 0x9F, 0xD3, 0xFD, 0xBC, 0xC7, 0x87, 0xBE, 0xF0, 0x54, 0x1A,
    0xF6, 0xD2, 0x48, 0xA4, 0x54, 0x7A, 0xD5, 0xA9, 0xF4, 0xD4, 0xD3, 0x83, 0x25, 0xDC, 0xD5, 0x61,
    0xC9, 0xAB, 0x7A, 0x29, 0x25, 0x2A, 0xB0, 0xA4, 0xA2, 0xC6, 0x7D, 0x9D, 0xC6, 0x57, 0xA3, 0x33,
    0x6E, 0x1C, 0x88, 0x8F, 0x5A, 0x5D, 0xCD, 0xDB, 0xE0, 0x5B, 0x41, 0x39, 0x2B, 0x8E, 0xE2, 0x60,
    0x35, 0x10, 0xCA, 0x1B, 0xBD, 0x13, 0x0D, 0x48, 0xA7, 0x82, 0x67, 0xE0, 0x6B, 0x60, 0x5B, 0xC1,
    0x82, 0xA1, 0xEF, 0xFE, 0x98, 0x1A, 0x83, 0x13, 0xB8, 0x61, 0x5E, 0x46, 0x5A, 0xF9, 0x23, 0x37,
    0x44, 0xC0, 0x1F, 0x21, 0x2A, 0xEF, 0xF1, 0xAB, 0xA0, 0x3E, 0x05, 0x0A, 0xE3, 0xBA, 0x52, 0x56,
    0xF4, 0x09, 0x63, 0xCE, 0xFD, 0xB8, 0xB0, 0xCF, 0x1B, 0x28, 0x2A, 0x6E, 0xE0, 0x48, 0x90, 0x3F,
    0x15, 0x1A, 0xFA, 0xAA, 0x71, 0x70, 0x8A, 0x26, 0xED, 0x90, 0x80, 0x94, 0x55, 0xDA, 0x21, 0xDC,
    0x02, 0xE6, 0x76, 0x49, 0x05, 0x2F, 0x92, 0x76, 0x19, 0x3D, 0x56, 0xDA, 0x9D, 0xB2, 0x16, 0x98,
    0xFC, 0x75, 0x60, 0xCE, 0x90, 0xFC, 0xBD, 0x63, 0x5D, 0x31, 0x01, 0xB4, 0x43, 0x3F, 0xB1, 0x0D,
    0x19, 0xF9, 0x82, 0xDE, 0x30, 0xF0, 0x8F, 0xEB, 0x65, 0xBA, 0xC0, 0xF3, 0xEA, 0x37, 0x9E, 0x55,
    0xB0, 0xAC, 0xB8, 0x58, 0xB8, 0x65, 0x8F, 0xE9, 0x20, 0x5E, 0x59, 0x4A, 0x86, 0x99, 0xA1, 0x4D,
    0x6E, 0x59, 0x69, 0x66, 0x5E, 0x27, 0x58, 0x76, 0x97, 0x97, 0xF2, 0x99, 0xAB, 0x9E, 0xD4, 0x4C,
    0x69, 0x5E, 0xDD, 0x9C, 0x7B, 0xCB, 0x7D, 0xF1, 0x4B, 0x8F, 0xE4, 0xFA, 0x18, 0x30, 0x8E, 0x6A,
    0x62, 0xAB, 0x7B, 0xAA, 0xE9, 0xCC, 0xE5, 0x2B, 0x5D, 0xA4, 0x73, 0x55, 0x55, 0xD3, 0x9C, 0x6E,
    0xB6, 0xF5, 0xB6, 0xDB, 0x26, 0x33, 0xE7, 0x4F, 0xBB, 0x81, 0x73, 0xDD, 0x36, 0x95, 0x9C, 0xAB,
    0x9C, 0xAE, 0xC5, 0x04, 0xB3, 0x9A, 0x50, 0x3B, 0x90, 0x96, 0x7E, 0x37, 0xF2, 0x1D, 0xB0, 0xBD,
    0x5C, 0x8B, 0xF5, 0x2E, 0x53, 0xB4, 0x78, 0xC9, 0xA8, 0x6B, 0xCB, 0xE3, 0x82, 0x77, 0xB7, 0x02,
    0xD8, 0x4E, 0x55, 0xD8, 0x1F, 0xD4, 0x4B, 0x03, 0xCB, 0xCC, 0x13, 0x53, 0x81, 0xA5, 0x96, 0xE7,
    0xC2, 0xBB, 0x57, 0x44, 0xF6, 0x65, 0xE2, 0x2D, 0x18, 0x8F, 0x2C, 0x91, 0x4D, 0x2D, 0x84, 0x42,
    0x20, 0xA9, 0x12, 0x89, 0x53, 0xF1, 0xA1, 0x3D, 0x08, 0x27, 0x5F, 0x0D, 0xD9, 0x19, 0xAC, 0xBA,
    0x65, 0xE3, 0xDA, 0x29, 0x5C, 0xDD, 0xD7, 0x49, 0x9E, 0x0C, 0x5C, 0x5F, 0x21, 0x63, 0xAF, 0x76,
    0x55, 0x0A, 0x57, 0xF6, 0x0A, 0x3C, 0x78, 0x9F, 0x3D, 0xDA, 0x67, 0x69, 0x6F, 0x3F, 0x2D, 0x32,
    0x40, 0x44, 0x74, 0x39, 0xF5, 0x12, 0xAA, 0xC2, 0x45, 0x55, 0x9D, 0xE9, 0x18, 0x94, 0x2A, 0x5D,
    0x3A, 0xF5, 0x52, 0xAC, 0x14, 0x3B, 0x2B, 0x5E, 0x54, 0xD6, 0x99, 0xB4, 0x67, 0x4A, 0x14, 0x75,
    0xEA, 0xE5, 0xEF, 0x83, 0xAC, 0xAC, 0xD3, 0xB0, 0x8D, 0x96, 0x99, 0x10, 0x67, 0xDE, 0xC7, 0x71,
    0x3A, 0x30, 0xF1, 0x8C, 0xF3, 0x2E, 0x16, 0x0E, 0x5D, 0xDA, 0xB8, 0xED, 0x79, 0x97, 0xD0, 0xFB,
    0xE6, 0x5C, 0x62, 0xB1, 0x9C, 0x86, 0x59, 0x4A, 0x11, 0xE7, 0x4E, 0x17, 0x79, 0x7F, 0x47, 0x2E,
    0x7B, 0xB2, 0xC2, 0x1A, 0xF9, 0xE1, 0x89, 0x12, 0xCC, 0x42, 0x29, 0xED, 0x9B, 0xF2, 0x77, 0x34,
    0xDF, 0x1E, 0xD0, 0xAA, 0xA9, 0xFF, 0x40, 0x7A, 0x5F, 0x51, 0xC6, 0x0F, 0xB4, 0xEF, 0xAD, 0x81,
    0x2D, 0x58, 0xF7, 0xEF, 0x3E, 0xC1, 0x7E, 0x2C, 0x81, 0x6A, 0xD5, 0xC9, 0x96, 0x54, 0xE4, 0x30,
    0x32, 0x2F, 0x8C, 0x1B, 0x7E, 0x9F, 0x3F, 0xFA, 0xDE, 0xA4, 0x5A, 0x14, 0x65, 0xB5, 0x6D, 0x6E,
    0x89, 0xBD, 0x91, 0xAC, 0x81, 0x6D, 0xD2, 0x53, 0x76, 0xC4, 0xE8, 0x4C, 0x73, 0x6F, 0xF4, 0x86,
    0xED, 0x7D, 0x24, 0x50, 0xEF, 0xE4, 0x5D, 0x13, 0x2B, 0x59, 0xA6, 0x6D, 0x66, 0x4D, 0x6E, 0x27,
    0xC1, 0xE4, 0x73, 0xB3, 0x46, 0x9B, 0x20, 0x4C, 0x56, 0x94, 0x3E, 0xA9, 0xA8, 0x8A, 0x29, 0x29,
    0x75, 0x46, 0x49, 0x6A, 0xDA, 0x67, 0x2A, 0x94, 0xC1, 0x07, 0x77, 0xB4, 0xF5, 0x1E, 0x75, 0x1C,
    0x1D, 0x0D, 0x46, 0x0F, 0x36, 0xD1, 0xC0, 0x82, 0xD8, 0x14, 0x53, 0xE9, 0x21, 0x9A, 0x59, 0x33,
    0xC2, 0x5D, 0xE4, 0xA5, 0x40, 0xB8, 0x34, 0xA6, 0xEA, 0x6D, 0x35, 0xD0, 0x10, 0x33, 0xB5, 0x12,
    0x57, 0x6E, 0x28, 0x9A, 0x7F, 0x76, 0x5E, 0x1D, 0x5A, 0x7E, 0xAA, 0x5D, 0x9A, 0xD2, 0xBA, 0xAD,
    0x63, 0xB6, 0x58, 0x58, 0x85, 0xDA, 0xE3, 0xF3, 0x3E, 0x58, 0xB3, 0xBF, 0xB9, 0xC5, 0x5D, 0xF8,
    0x91, 0xC7, 0xE1, 0x46, 0x18, 0xD0, 0x6A, 0x88, 0x58, 0x8F, 0x5D, 0x71, 0xF3, 0x5F, 0xEB, 0x8D,
    0xEB, 0xAB, 0xCF, 0x39, 0xBD, 0x10, 0x33, 0x6D, 0x41, 0xB2, 0x96, 0x4B, 0x88, 0x67, 0x55, 0x4A,
    0x12, 0xDF, 0xD4, 0x05, 0xE6, 0xBF, 0xAC, 0x62, 0x5F, 0xE5, 0x6D, 0x5A, 0x16, 0xF9, 0xE3, 0x4D,
    0xDE, 0x25, 0x7E, 0xC8, 0xA7, 0x08, 0x5F, 0x4F, 0x4B, 0x61, 0xCB, 0xCA, 0x41, 0xB6, 0xCB, 0xD0,
    0x2C, 0x7E, 0x50, 0xF9, 0x47, 0xD6, 0x6F, 0xD9, 0xFB, 0xA2, 0x7B, 0x91, 0xFC, 0x69, 0xA5, 0x50,
    0xED, 0xC9, 0x46, 0xE5, 0x46, 0x4E, 0x23, 0x38, 0xC5, 0x58, 0x08, 0x3F, 0x2A, 0xEE, 0xEA, 0x2F,
    0xA1, 0xF8, 0x8B, 0xE1, 0xEF, 0x04, 0x48, 0x02, 0x74, 0x19, 0x89, 0x45, 0xBD, 0x4B, 0xDE, 0xC1,
    0xB2, 0x39, 0x42, 0x68, 0xF6, 0x74, 0x64, 0xF5, 0x5C, 0xB9, 0x2A, 0xF0, 0x5F, 0xA7, 0x02, 0xE2,
    0x91, 0x20, 0x4D, 0x12, 0xF5, 0xAB, 0xF6, 0x05, 0x73, 0xC5, 0x43, 0x46, 0x88, 0x64, 0x79, 0x58,
    0x8C, 0xFB, 0xB6, 0x9F, 0xD0, 0xEA, 0x3E, 0xE1, 0xDD, 0x69, 0xCA, 0xA9, 0xD5, 0xF9, 0xB9, 0xCF,
    0x5E, 0xB4, 0xAD, 0x01, 0x7F, 0x3D, 0x46, 0xE1, 0x11, 0x50, 0x3F, 0x03, 0x48, 0xF1, 0xE2, 0xDA,
    0x97, 0x7F, 0xF2, 0x4D, 0x30, 0xD0, 0xFA, 0xB2, 0x16, 0x26, 0x87, 0x9C, 0x3C, 0x55, 0xDB, 0xAB,
    0x88, 0x40, 0xAF, 0x64, 0x27, 0x53, 0x1B, 0x2B, 0xB5, 0xE7, 0x15, 0xA3, 0xD4, 0xE0, 0x7A, 0xFD,
    0x17, 0x6F, 0x58, 0xCA, 0xB0, 0x34, 0xF6, 0x8F, 0xFD, 0x47, 0x85, 0xB6, 0xC7, 0xEB, 0xA5, 0x1C,
    0x5F, 0x2F, 0xFE, 0xC8, 0xDB, 0x11, 0x56, 0x0B, 0x4D, 0xE0, 0x58, 0x80, 0x12, 0x37, 0x5D, 0xF6,
    0xB0, 0x4E, 0xE6, 0xF7, 0x10, 0xFE, 0xFA, 0x51, 0xC7, 0x53, 0xB9, 0x19, 0x24, 0x70, 0x05, 0xB3,
    0x47, 0x3B, 0x8B, 0x0F, 0x09, 0xD1, 0x29, 0xD1, 0xBA, 0xBE, 0xEF, 0x19, 0x7E, 0xA7, 0x15, 0xCF,
    0xC1, 0x15, 0x98, 0xF1, 0xD4, 0xCA, 0x95, 0xF9, 0xEE, 0xCC, 0xAC, 0x2A, 0x93, 0xB5, 0x7B, 0x9A,
    0xE8, 0x07, 0x7B, 0xAE, 0x73, 0x1F, 0x22, 0x20, 0xBC, 0xC1, 0x38, 0x1B, 0x8E, 0xC6, 0x72, 0xDA,
    0x83, 0xA3, 0xBA, 0xDD, 0x6E, 0xDB, 0x59, 0x01, 0x13, 0x43, 0xEC, 0x1F, 0x32, 0x1B, 0xA2, 0xBE,
    0x82, 0xFA, 0xCE, 0x0E, 0xF1, 0x6E, 0x2E, 0x75, 0x4F, 0xA7, 0x53, 0x09, 0x16, 0x6F, 0xDA, 0xC6,
    0x55, 0xF9, 0xEC, 0x20, 0x33, 0x5C, 0x0E, 0xE0, 0x82, 0x23, 0xE8, 0x1A, 0x72, 0x64, 0x2D, 0xE4,
    0x48, 0x5A, 0xCA, 0xD1, 0x42, 0x0E, 0x38, 0xDA, 0x06, 0x7A, 0xCA, 0xAB, 0x4B, 0x3C, 0xBD, 0xA5,
    0xDD, 0x25, 0x82, 0xFA, 0x47, 0xC5, 0xD3, 0x72, 0x2C, 0xA7, 0x28, 0xDF, 0x76, 0xE9, 0xA3, 0xF7,
    0x98, 0x46, 0x71, 0x0E, 0xB4, 0xEF, 0xB2, 0x68, 0x4D, 0x88, 0xA7, 0xA2, 0x13, 0xF3, 0xA5, 0x90,
    0xF0, 0x2D, 0x6C, 0x29, 0xBB, 0xAD, 0x58, 0x6F, 0xBB, 0x17, 0xC9, 0x9F, 0xFC, 0x4D, 0xBF, 0x55,
    0x74, 0xA9, 0x04, 0x0E, 0x66, 0x85, 0x0C, 0x96, 0xC7, 0x85, 0xA3, 0x76, 0x57, 0x7C, 0x78, 0x31,
    0xFC, 0x31, 0x9D, 0x8E, 0x79, 0xE8, 0x71, 0xD5, 0xA7, 0x0C, 0xF9, 0xD0, 0x79, 0xDC, 0x25, 0xCD,
    0x33, 0x03, 0xC9, 0xE7, 0xC5, 0x55, 0xA0, 0x23, 0xDE, 0xE8, 0x15, 0x13, 0xC9, 0x70, 0x0B, 0x0B,
    0x92, 0x55, 0xBF, 0x3B, 0xFB, 0xA8, 0x64, 0x72, 0x60, 0xE5, 0x86, 0xCE, 0xD1, 0xC5, 0x3C, 0xD7,
    0xA9, 0x87, 0x3B, 0x5D, 0xAD, 0x13, 0x27, 0xDB, 0xB8, 0xA8, 0x52, 0xFC, 0x50, 0xB8, 0xBA, 0x5D,
    0xDE, 0xDA, 0xFA, 0x71, 0x25, 0xA3, 0x98, 0x93, 0xBA, 0x85, 0x25, 0xA3, 0x93, 0xF0, 0x60, 0x12,
    0xFE, 0xDF, 0xFD, 0xF3, 0x84, 0x12, 0x82, 0x30, 0x00, 0x54, 0xFA, 0xFB, 0xB6, 0x8C, 0xFA, 0x4F,
    0xDC, 0xF0, 0xBA, 0xFB, 0x97, 0xF5, 0xFF, 0xBF, 0xDD, 0x56, 0xB1, 0x8E, 0xDD, 0x44, 0x14, 0xBD,
    0xB6, 0x77, 0x33, 0x11, 0x2E, 0xBC, 0x05, 0x48, 0x91, 0x28, 0x86, 0x1F, 0x48, 0xDC, 0x52, 0x10,
    0xC6, 0x82, 0x1F, 0xA0, 0xC8, 0xD6, 0xA1, 0x4D, 0x9A, 0xD7, 0x52, 0x44, 0xD8, 0xDF, 0x40, 0x41,
    0x9D, 0x9A, 0x86, 0x36, 0x0D, 0x6B, 0x7F, 0x82, 0xF3, 0x05, 0xB1, 0x94, 0x34, 0xD0, 0x60, 0xC4,
    0x48, 0x71, 0x60, 0xEC, 0xE1, 0x9C, 0x3B, 0xBB, 0x4F, 0x2F, 0xD9, 0x0D, 0x65, 0x9E, 0x14, 0xAF,
    0x75, 0x9C, 0xF8, 0xCD, 0xCC, 0x3D, 0xF7, 0xCC, 0xBD, 0xC7, 0x73, 0x22, 0x67, 0x2E, 0x0B, 0xFD,
    0xB7, 0xBC, 0xBF, 0xCE, 0xBC, 0x1C, 0x5C, 0x7D, 0x90, 0xB8, 0xC8, 0x6E, 0x11, 0xE3, 0xC5, 0xCC,
    0x52, 0xCE, 0x52, 0xE1, 0x9E, 0xF4, 0x1E, 0xC5, 0x8E, 0x52, 0x0F, 0xBC, 0x1D, 0xEE, 0x4E, 0x5C,
    0x23, 0x6D, 0x23, 0xFD, 0x78, 0x39, 0x6B, 0x7F, 0x15, 0x9B, 0xFC, 0x20, 0x26, 0xBE, 0x5C, 0xE4,
    0x56, 0x1F, 0x47, 0xC1, 0x3F, 0xF1, 0xB2, 0x8C, 0x8D, 0x48, 0xBB, 0x1B, 0x44, 0x16, 0x2C, 0x26,
    0x5C, 0x1A, 0x23, 0x15, 0xBC, 0xE4, 0xF1, 0xA7, 0x45, 0xEA, 0xF8, 0xCF, 0x22, 0xF1, 0x8F, 0x18,
    0x30, 0xBF, 0x0E, 0xE5, 0x22, 0x55, 0xB0, 0xA0, 0xB0, 0x20, 0x9E, 0x59, 0x1C, 0x01, 0xD1, 0x8C,
    0xEF, 0x1B, 0xCC, 0xED, 0x05, 0xC4, 0x08, 0x13, 0xA0, 0x1E, 0x00, 0xAE, 0x23, 0x17, 0x30, 0xCB,
    0x57, 0xA9, 0xDF, 0xEC, 0x3C, 0x02, 0x22, 0x76, 0x16, 0x37, 0x44, 0x38, 0x6D, 0x48, 0xEB, 0x37,
    0xF9, 0x5E, 0x8A, 0xF8, 0x1C, 0xF9, 0xC4, 0x38, 0x89, 0xCD, 0x63, 0x27, 0xB7, 0xE5, 0x91, 0xDC,
    0x74, 0xF5, 0x0B, 0xE8, 0x46, 0xDF, 0xC6, 0x61, 0xF7, 0x17, 0x06, 0x9B, 0xD7, 0x93, 0x9D, 0x4D,
    0x6C, 0xAA, 0xB9, 0x5C, 0x11, 0xBC, 0x0A, 0x04, 0x0F, 0x06, 0x2A, 0x8E, 0xCA, 0x63, 0xA9, 0x0E,
    0x98, 0xDA, 0x41, 0x15, 0xA2, 0x40, 0x03, 0x25, 0xEA, 0x20, 0x92, 0x52, 0x6B, 0x1B, 0x90, 0x6C,
    0x49, 0xB7, 0x0F, 0xD0, 0x23, 0x86, 0xCB, 0x50, 0x67, 0x84, 0xAF, 0x08, 0x14, 0x88, 0x6A, 0x8A,
    0x58, 0x8A, 0x99, 0x53, 0x35, 0x6A, 0x2C, 0xF2, 0xC9, 0x35, 0x82, 0x39, 0xF5, 0xAE, 0x23, 0xA6,
    0x40, 0xB0, 0x81, 0x82, 0x4D, 0x66, 0x49, 0x84, 0x4A, 0x0F, 0x2E, 0xC6, 0x53, 0xB0, 0x04, 0x6D,
    0x47, 0x80, 0x6A, 0x84, 0x6A, 0xBE, 0x02, 0x3B, 0xE2, 0x07, 0x47, 0xA6, 0x7D, 0x53, 0x4F, 0x88,
    0x56, 0xBD, 0xD9, 0x05, 0xEC, 0x15, 0xB4, 0x91, 0x9E, 0x5C, 0x4E, 0xBF, 0xD3, 0x50, 0x19, 0xA1,
    0x24, 0x0D, 0x0C, 0x85, 0xA0, 0x80, 0x92, 0xA2, 0x3A, 0xEE, 0x62, 0xCB, 0xF7, 0x77, 0xE4, 0x98,
    0xFC, 0x34, 0x1C, 0x8B, 0xB8, 0xA2, 0xA4, 0x0E, 0xAA, 0x65, 0x1B, 0xD7, 0x9D, 0xCB, 0x49, 0xCA,
    0x2E, 0x9F, 0x99, 0x40, 0x73, 0x3C, 0x7E, 0x3F, 0xCA, 0x17, 0x88, 0xF6, 0x7C, 0xE1, 0x2F, 0xA8,
    0x96, 0x6F, 0xA0, 0xDF, 0xA9, 0xDC, 0xBB, 0xB1, 0xEA, 0x3E, 0x20, 0xAB, 0x06, 0x7F, 0x85, 0x87,
    0x42, 0x66, 0xC1, 0xE2, 0xC6, 0x03, 0x8A, 0xB9, 0x1C, 0x8F, 0xCC, 0xEA, 0x84, 0xD0, 0xEE, 0x7B,
    0x41, 0xE1, 0xE2, 0x1A, 0x9F, 0xCF, 0xCE, 0xCF, 0xCF, 0x1B, 0x17, 0xD1, 0xDE, 0x84, 0x41, 0xFF,
    0x7B, 0xF8, 0x7B, 0x73, 0xE5, 0x2E, 0x95, 0xDF, 0xC3, 0x74, 0x6D, 0x95, 0xA2, 0xD3, 0xBA, 0x56,
    0xB4, 0x0C, 0x1B, 0x9F, 0xD0, 0xA9, 0x22, 0x86, 0xDB, 0xED, 0x57, 0x64, 0xDC, 0x8E, 0x06, 0x05,
    0x05, 0xAA, 0xAB, 0xC0, 0x52, 0xEE, 0x6F, 0x52, 0x04, 0x79, 0x16, 0x21, 0x58, 0x36, 0x47, 0xAC,
    0x5F, 0x0C, 0x91, 0x1A, 0x34, 0xC4, 0x7B, 0xB2, 0x21, 0xC4, 0x93, 0x6C, 0x05, 0xCE, 0x79, 0x90,
    0xEA, 0xEF, 0x11, 0x83, 0xAB, 0x7F, 0xBB, 0xD2, 0xB3, 0x57, 0xE0, 0x62, 0x58, 0xAA, 0x1D, 0xE0,
    0x3E, 0x3F, 0x23, 0xA7, 0x3C, 0xB2, 0xF9, 0xCD, 0x9F, 0xB4, 0xC6, 0x4A, 0x1E, 0x20, 0xF6, 0x7D,
    0x65, 0xF4, 0xE5, 0x5B, 0xFC, 0x54, 0x8B, 0xBB, 0x2A, 0x08, 0x39, 0xB6, 0x4C, 0xA8, 0x64, 0x85,
    0x67, 0x2A, 0x4B, 0xCD, 0x97, 0xF9, 0xBB, 0x49, 0x39, 0x34, 0xE6, 0xE6, 0x56, 0x91, 0xF5, 0xF3,
    0x20, 0xD9, 0x0A, 0x2A, 0x79, 0x28, 0x14, 0x16, 0xD0, 0x27, 0x2C, 0x30, 0x76, 0x05, 0xE3, 0x4B,
    0xFA, 0xBB, 0x3A, 0x7C, 0xA5, 0x00, 0x4F, 0x9C, 0x60, 0xF2, 0x8E, 0x5E, 0xD6, 0x8F, 0x76, 0xCA,
    0xE2, 0x08, 0xC3, 0x7B, 0x31, 0x54, 0x5B, 0xFF, 0xF0, 0x95, 0x89, 0xC1, 0x6E, 0x79, 0x9C, 0xEA,
    0x4D, 0x3E, 0x3D, 0x08, 0x68, 0x06, 0x72, 0xA1, 0xBA, 0xDC, 0x4A, 0x35, 0x7A, 0x4B, 0xC1, 0x1D,
    0xE9, 0xDD, 0x96, 0x63, 0xF3, 0xCB, 0x68, 0xA4, 0xEA, 0x56, 0x35, 0x55, 0xEB, 0x31, 0xB3, 0xF0,
    0xF8, 0xAE, 0x81, 0xB6, 0x4F, 0xC6, 0x76, 0x34, 0x7E, 0x67, 0xA8, 0xD3, 0x7C, 0xC1, 0x07, 0xB0,
    0x08, 0xA8, 0x12, 0xC0, 0x0C, 0x17, 0x2B, 0xA6, 0x9B, 0x1A, 0xF0, 0x83, 0xAA, 0x76, 0x96, 0x1E,
    0xCF, 0x52, 0x93, 0xA4, 0xAF, 0x94, 0x5D, 0xF5, 0xD1, 0x4E, 0xB2, 0xFF, 0x2E, 0xF1, 0xAB, 0xAD,
    0x0A, 0x77, 0xF2, 0xBE, 0x0B, 0x9F, 0x32, 0xBA, 0x31, 0x0A, 0xA3, 0xC5, 0x63, 0x37, 0x6B, 0x65,
    0xA4, 0xE3, 0x04, 0xFB, 0xD3, 0xA2, 0x74, 0xC0, 0x98, 0x85, 0x8C, 0x14, 0x5C, 0x8A, 0xC6, 0x6E,
    0x47, 0x7E, 0x5A, 0xE7, 0x21, 0xD7, 0x33, 0xC5, 0xAA, 0x87, 0x04, 0xD9, 0x4A, 0x8D, 0x7E, 0x51,
    0x0D, 0x4A, 0x45, 0xEB, 0x5F, 0x9C, 0xDB, 0x0B, 0xC4, 0x47, 0x62, 0x5B, 0xA7, 0xA3, 0x88, 0xD5,
    0x69, 0x57, 0xAD, 0x6F, 0x87, 0x34, 0x24, 0xD1, 0x6D, 0x13, 0xC3, 0xED, 0xAD, 0x24, 0x75, 0x7C,
    0x1D, 0xD5, 0x04, 0x5D, 0x4A, 0xD2, 0xBD, 0x3A, 0x4C, 0xA8, 0x8C, 0x9C, 0x5D, 0x29, 0xDE, 0xD2,
    0x2E, 0xBC, 0x5C, 0xA8, 0x3F, 0xC0, 0x78, 0xB0, 0xF2, 0x4A, 0x35, 0xB3, 0xD5, 0xB0, 0xE9, 0x43,
    0x0D, 0x21, 0xF2, 0x10, 0x7B, 0xEC, 0xF8, 0xE6, 0x2B, 0x6C, 0x1A, 0xBC, 0x34, 0x00, 0x19, 0xDF,
    0xAC, 0xCC, 0xDA, 0x70, 0x4F, 0x61, 0x9D, 0x44, 0xE8, 0x94, 0x90, 0x46, 0x32, 0x51, 0x21, 0x75,
    0x5A, 0xE6, 0x81, 0x97, 0x3C, 0x63, 0xE8, 0x59, 0xAC, 0xE5, 0x39, 0x83, 0x3B, 0xE2, 0x7E, 0xC7,
    0x21, 0x0C, 0xB4, 0xD9, 0x86, 0xAD, 0x1E, 0x7A, 0xFA, 0xD3, 0xF7, 0x91, 0xA2, 0xB8, 0x6B, 0x4A,
    0x96, 0xE2, 0xF4, 0x91, 0x99, 0x3F, 0xFE, 0xE5, 0xE9, 0xA5, 0xEF, 0x9C, 0xA4, 0x73, 0xC7, 0x45,
    0xF2, 0x9E, 0x78, 0xF0, 0x70, 0x38, 0x43, 0xFD, 0xFF, 0xF5, 0xF1, 0xEC, 0xF9, 0x7F, 0xD5, 0x5A,
    0xBF, 0x93, 0xDD, 0x56, 0x15, 0xBE, 0x92, 0xBC, 0x4F, 0x01, 0xCD, 0x20, 0xCF, 0xE0, 0x0C, 0x30,
    0x1E, 0x50, 0x8A, 0x14, 0xFC, 0xB4, 0x1A, 0x5A, 0x5B, 0x62, 0x28, 0x5C, 0xB2, 0x05, 0x5B, 0xB9,
    0x48, 0x0A, 0x2A, 0x9A, 0xFD, 0x07, 0x12, 0x4B, 0x4C, 0xFE, 0x00, 0xB6, 0x81, 0x3A, 0x05, 0x0D,
    0x4E, 0x91, 0xD6, 0x05, 0xF1, 0x15, 0xC3, 0x3F, 0x20, 0x0A, 0x68, 0x28, 0x50, 0x61, 0x28, 0xD2,
    0x44, 0xCC, 0xC8, 0x83, 0x76, 0x91, 0x74, 0x39, 0xDF, 0x77, 0xA4, 0xF7, 0xF4, 0x76, 0xD7, 0xCE,
    0x4C, 0xEC, 0x78, 0xB3, 0xCF, 0xFB, 0xCE, 0xD9, 0x7D, 0x7E, 0x92, 0xCE, 0xF9, 0xCE, 0xB9, 0xE7,
    0xD7, 0xBD, 0xC6, 0x98, 0xC4, 0x8D, 0x46, 0x5E, 0x99, 0x1B, 0x56, 0xEC, 0xDC, 0xEB, 0x16, 0x69,
    0x30, 0x91, 0x85, 0x8E, 0x2C, 0x56, 0x96, 0x28, 0xCB, 0x8A, 0x1C, 0xEC, 0x61, 0x46, 0x36, 0x64,
    0xA5, 0x50, 0xAF, 0x4F, 0x2B, 0x5C, 0xD6, 0x26, 0x60, 0x61, 0x43, 0x16, 0x57, 0x71, 0x8D, 0xCB,
    0xCA, 0xB8, 0xC1, 0x65, 0x39, 0x99, 0x35, 0x51, 0x2B, 0x6C, 0x24, 0xF3, 0x07, 0x13, 0x76, 0x72,
    0x99, 0x73, 0x4E, 0x58, 0x24, 0xAC, 0x97, 0xCB, 0xCE, 0x1E, 0x7D, 0x24, 0x92, 0xC9, 0x0D, 0x83,
    0x01, 0x97, 0xE1, 0x5B, 0x72, 0x99, 0xF1, 0x47, 0x5C, 0x66, 0xBC, 0xC9, 0x84, 0x53, 0x6E, 0x36,
    0x2E, 0xCF, 0x5C, 0x6B, 0x0A, 0xD7, 0x16, 0xAE, 0x31, 0x56, 0xDE, 0x9E, 0x73, 0xB5, 0xF1, 0x41,
    0xE4, 0x7E, 0x95, 0xB9, 0xF4, 0xE5, 0xE1, 0xED, 0xC6, 0xF7, 0x44, 0x17, 0x79, 0x54, 0x71, 0x66,
    0x7B, 0xCF, 0xE5, 0x51, 0x17, 0x40, 0x8E, 0xA8, 0x13, 0x99, 0x44, 0xC6, 0xA8, 0x95, 0x47, 0xC7,
    0xAD, 0xE8, 0x15, 0x37, 0xA2, 0x6A, 0x52, 0x0B, 0x49, 0x6B, 0x11, 0x20, 0xAB, 0x84, 0x14, 0x20,
    0xAE, 0xB2, 0xB9, 0xE7, 0xCA, 0xA2, 0x0C, 0x5D, 0x99, 0xD5, 0x49, 0x91, 0x67, 0x67, 0x63, 0xD6,
    0xC4, 0xAE, 0xCB, 0x86, 0x40, 0x3E, 0x1E, 0x66, 0x14, 0xCD, 0xF7, 0xCC, 0x37, 0xC0, 0x52, 0x73,
    0x87, 0xF8, 0xFD, 0x66, 0x54, 0x34, 0x7B, 0x30, 0xDF, 0xD5, 0x2B, 0xC0, 0xAF, 0x3F, 0xFC, 0x8A,
    0x6F, 0xEB, 0xB5, 0x42, 0x02, 0xF9, 0x73, 0x3C, 0x16, 0x21, 0xAC, 0x13, 0x29, 0x53, 0xA8, 0xED,
    0xE5, 0x57, 0x69, 0x88, 0x97, 0xC5, 0x35, 0x5D, 0xE3, 0x5A, 0x2B, 0xAE, 0xD5, 0x1A, 0xD7, 0x42,
    0x04, 0x7D, 0x15, 0xB8, 0x7A, 0x8A, 0xAB, 0x51, 0x5C, 0x43, 0xC5, 0x95, 0xB2, 0x88, 0x30, 0xAA,
    0x83, 0xBA, 0x4D, 0xA4, 0x1E, 0x1E, 0xCF, 0xEC, 0x69, 0xAE, 0x1A, 0xF1, 0xCF, 0x60, 0x76, 0xFF,
    0x9B, 0xAF, 0x15, 0x69, 0xBF, 0x83, 0x04, 0x10, 0xF5, 0x1E, 0x9E, 0xFB, 0x1E, 0xC8, 0x9F, 0x40,
    0xE0, 0x03, 0xC6, 0x22, 0xD8, 0xA4, 0xC3, 0xCE, 0x13, 0xDE, 0x20, 0x7D, 0x7F, 0x67, 0x0F, 0xBA,
    0x89, 0xEF, 0x4E, 0xF0, 0x81, 0xAE, 0x90, 0x95, 0xCB, 0x78, 0x8F, 0xF0, 0x47, 0xE1, 0x26, 0x85,
    0xB5, 0x36, 0xC9, 0xF4, 0x7B, 0xD1, 0xB2, 0x68, 0x80, 0x80, 0x13, 0xB9, 0x2B, 0x7F, 0xC2, 0xD3,
    0x43, 0x79, 0x42, 0x9C, 0xC7, 0x22, 0xCA, 0x81, 0x49, 0x5A, 0xDE, 0x96, 0x78, 0x65, 0xD5, 0x8E,
    0x16, 0x84, 0x53, 0xCD, 0x6D, 0x2F, 0xD0, 0xF9, 0x7F, 0xCB, 0xD5, 0x55, 0x0D, 0xA0, 0x4C, 0x3A,
    0x71, 0x6C, 0x13, 0x4F, 0xF8, 0x05, 0x22, 0xC8, 0x87, 0x42, 0xE9, 0x3F, 0x4F, 0xF1, 0xAD, 0x5F,
    0xAE, 0xBC, 0x3B, 0x59, 0x6E, 0x27, 0xD0, 0xC8, 0x5F, 0xD0, 0xC6, 0x42, 0x0C, 0xBA, 0xDF, 0x5B,
    0x17, 0xC3, 0x92, 0xEF, 0x4E, 0x71, 0x1F, 0x51, 0xC8, 0x7E, 0xEA, 0x4A, 0xD1, 0x24, 0x29, 0x05,
    0x82, 0x24, 0x17, 0x9F, 0x4A, 0xC4, 0x1A, 0x8B, 0x24, 0xF4, 0x03, 0xCA, 0x6D, 0xCD, 0x45, 0xC2,
    0xFF, 0xD0, 0xEF, 0x35, 0xE6, 0x43, 0x91, 0xF4, 0xB8, 0x15, 0x64, 0x19, 0x18, 0xF1, 0xDC, 0x83,
    0x19, 0x4D, 0xB2, 0x84, 0x7E, 0x55, 0xF4, 0x7C, 0x36, 0x70, 0x8F, 0x5B, 0x88, 0x9B, 0xE5, 0xF0,
    0xF0, 0x6F, 0xAF, 0x90, 0xBF, 0x56, 0xB8, 0x87, 0xD0, 0x2A, 0x25, 0xDA, 0xA2, 0x53, 0x30, 0xC8,
    0x8D, 0xE3, 0x5A, 0x34, 0x4A, 0x4C, 0x50, 0x99, 0x1B, 0xE6, 0x4A, 0x71, 0xDF, 0x28, 0xEE, 0xF5,
    0xA2, 0xD8, 0x42, 0x19, 0x59, 0x04, 0xB4, 0x6B, 0xE7, 0xE9, 0x5C, 0xC6, 0xF4, 0xA3, 0xB4, 0x5D,
    0x08, 0xE3, 0xA3, 0x77, 0x95, 0x38, 0xDF, 0xA0, 0x83, 0x27, 0x39, 0x32, 0x50, 0xCC, 0xB0, 0x1D,
    0x4C, 0x8C, 0x2E, 0x9A, 0x74, 0x33, 0x42, 0xF4, 0xF5, 0xEB, 0x19, 0x57, 0x42, 0x63, 0x6A, 0x71,
    0xE8, 0xB0, 0x35, 0x41, 0x97, 0x96, 0x92, 0x31, 0xA0, 0x76, 0xD1, 0x2D, 0xB2, 0x1C, 0x5C, 0x3D,
    0xEE, 0x52, 0xE9, 0x30, 0x2F, 0x49, 0x02, 0xC1, 0x2D, 0xC3, 0xB3, 0x51, 0xA5, 0x20, 0x60, 0xC6,
    0x6A, 0x56, 0xFA, 0xC1, 0x9E, 0x88, 0x54, 0xCF, 0x3A, 0xDE, 0xCA, 0xA9, 0xFA, 0xB7, 0xA7, 0x47,
    0x28, 0x4D, 0x25, 0x85, 0x46, 0x13, 0x99, 0x27, 0x70, 0x20, 0xAF, 0xDA, 0x92, 0x59, 0x36, 0xAB,
    0xB6, 0xAC, 0x51, 0x56, 0x93, 0x25, 0xCA, 0x60, 0xF4, 0x1D, 0xCB, 0x66, 0x56, 0x12, 0x7B, 0x30,
    0x49, 0x47, 0x50, 0xC9, 0x69, 0xF6, 0x9D, 0xC8, 0x90, 0x92, 0xE5, 0x83, 0xB8, 0x67, 0x8C, 0x86,
    0x2F, 0x4F, 0x94, 0xD7, 0x1B, 0x99, 0x9C, 0x42, 0x4D, 0xE1, 0x96, 0x1E, 0x02, 0x76, 0xBA, 0xAE,
    0x63, 0x04, 0xE1, 0xFB, 0xF4, 0x7E, 0xC7, 0x00, 0x14, 0xBA, 0x88, 0xAE, 0xE1, 0x34, 0x37, 0x4F,
    0x31, 0x01, 0x9A, 0x52, 0x7E, 0x7D, 0x64, 0x6E, 0xF4, 0x06, 0x44, 0x23, 0xCF, 0x67, 0x3A, 0x74,
    0xAC, 0xC3, 0x99, 0x9D, 0x0D, 0xF3, 0x33, 0x3E, 0x93, 0x0C, 0x4D, 0xA9, 0xC4, 0xD8, 0x86, 0x59,
    0xDA, 0x18, 0xE6, 0x69, 0x06, 0x0C, 0x6A, 0x5F, 0x52, 0x7B, 0x66, 0x6B, 0x32, 0xF8, 0x80, 0x55,
    0x43, 0x31, 0x67, 0x93, 0xA1, 0x10, 0x60, 0xDE, 0x86, 0xF6, 0x21, 0x18, 0x73, 0xB7, 0x30, 0x64,
    0x6F, 0x14, 0x0C, 0x92, 0xBF, 0x99, 0xA6, 0x8A, 0x61, 0x5D, 0x8B, 0xBE, 0x72, 0xAB, 0x6C, 0xEC,
    0xD9, 0x87, 0xC2, 0xA4, 0x16, 0x6A, 0x77, 0xEC, 0x4B, 0xB3, 0x0A, 0x0B, 0x24, 0x96, 0x1D, 0x5A,
    0xDC, 0x6D, 0xB4, 0xC4, 0x03, 0x7D, 0xF3, 0xC8, 0x1D, 0xA2, 0xF7, 0x81, 0x4F, 0x2A, 0x15, 0x6B,
    0x2C, 0xC6, 0x50, 0x5B, 0xA8, 0x29, 0x68, 0x09, 0x35, 0x84, 0xDA, 0x41, 0xCD, 0xA0, 0x56, 0x50,
    0x23, 0xA8, 0x0D, 0xD4, 0x04, 0x6A, 0x01, 0x35, 0x80, 0xE2, 0xAF, 0xF0, 0x2B, 0xFA, 0x0A, 0xBE,
    0x62, 0xAF, 0xD0, 0x2B, 0xF2, 0x33, 0xF0, 0xB7, 0x16, 0x91, 0x27, 0x16, 0x71, 0xBA, 0xFA, 0xA7,
    0xF3, 0xBD, 0xCB, 0xD1, 0xD1, 0x21, 0x95, 0x6D, 0x69, 0x92, 0x16, 0x16, 0xF9, 0xA8, 0x85, 0x25,
    0x02, 0xA5, 0x94, 0x4C, 0xCA, 0x43, 0x56, 0xA2, 0x0B, 0x6D, 0x76, 0x69, 0x47, 0x69, 0x4A, 0x6B,
    0x2A, 0xCD, 0x88, 0x9C, 0x96, 0x97, 0xD9, 0x3A, 0x7A, 0x99, 0x1D, 0x15, 0x61, 0xDE, 0x24, 0xBD,
    0x4B, 0xF8, 0xEF, 0x02, 0x7D, 0xA9, 0xEB, 0x00, 0xFE, 0x40, 0x71, 0x94, 0xF6, 0x58, 0xE7, 0xA2,
    0x6F, 0x30, 0x93, 0xD2, 0x3C, 0xF7, 0xE5, 0xE3, 0xCB, 0x09, 0xB4, 0xB4, 0xFF, 0x76, 0x88, 0xAF,
    0x69, 0x2D, 0x51, 0x49, 0xCA, 0x6A, 0x89, 0x4A, 0xB5, 0x08, 0x99, 0x56, 0x82, 0xA1, 0xD4, 0xC1,
    0xE5, 0xED, 0x51, 0x22, 0x33, 0xBB, 0x0C, 0xD8, 0xFD, 0x8F, 0xF9, 0xC5, 0xA8, 0x54, 0x6A, 0x4C,
    0x7F, 0xDB, 0x24, 0xA7, 0x0F, 0x06, 0xC8, 0xD4, 0xC1, 0x5F, 0xF3, 0x25, 0x2A, 0x45, 0x26, 0xCA,
    0x19, 0xB7, 0x85, 0x46, 0x75, 0xC1, 0xD2, 0x58, 0xD7, 0x5C, 0x73, 0x3E, 0xEB, 0x7E, 0xD5, 0xC1,
    0x9D, 0x6B, 0x7F, 0x91, 0x20, 0x68, 0xC2, 0xCA, 0xF8, 0xA7, 0xC7, 0x58, 0x34, 0x6E, 0xA9, 0xE2,
    0x0E, 0xF2, 0x2B, 0x84, 0x79, 0x06, 0x72, 0xCE, 0x82, 0x04, 0xA2, 0xA8, 0x76, 0x6A, 0xDF, 0xB8,
    0x4E, 0x30, 0xB3, 0xAC, 0xE1, 0x73, 0x93, 0x2D, 0xA1, 0x00, 0xDE, 0x55, 0x3A, 0xF2, 0x35, 0x70,
    0xCF, 0xF4, 0x84, 0x7D, 0x33, 0x71, 0xE1, 0xE3, 0xC3, 0x6A, 0xD7, 0xA7, 0x46, 0x5D, 0xCE, 0xCC,
    0x58, 0xEF, 0x06, 0x1F, 0x37, 0x5E, 0x27, 0x8A, 0xEC, 0xD8, 0xEF, 0x2D, 0x1D, 0xA9, 0xD7, 0x2D,
    0x42, 0xFA, 0x1C, 0x4D, 0x30, 0x0B, 0xD8, 0x76, 0xEB, 0xC8, 0x5A, 0xCC, 0xA4, 0x26, 0xAC, 0x97,
    0x52, 0x46, 0x2B, 0x19, 0x0F, 0xF7, 0x5B, 0xEA, 0x98, 0xEF, 0x5C, 0xBB, 0xE0, 0x91, 0x4B, 0xF5,
    0x16, 0x35, 0x22, 0x52, 0xC0, 0xB1, 0x06, 0x83, 0x47, 0xD6, 0x2F, 0x55, 0xFC, 0xD5, 0x46, 0x10,
    0x6D, 0x4B, 0xE3, 0x75, 0x5B, 0x3A, 0xD1, 0x6F, 0x80, 0x7E, 0x96, 0xC3, 0x7E, 0xD2, 0x96, 0x6E,
    0x93, 0x8A, 0xF7, 0xEB, 0x43, 0x05, 0xAC, 0x44, 0xD6, 0x11, 0x31, 0x63, 0xF7, 0xBB, 0x8F, 0x3B,
    0x93, 0x09, 0xD6, 0x1D, 0xB2, 0xAE, 0xDF, 0xFA, 0x0E, 0x26, 0x46, 0xD9, 0xEE, 0x37, 0x28, 0xDB,
    0xBD, 0xC3, 0xCF, 0x2D, 0xDB, 0x37, 0x1F, 0x39, 0x29, 0xD5, 0xA5, 0x36, 0x11, 0xBA, 0xB1, 0x4F,
    0xD9, 0x10, 0x97, 0xDA, 0x16, 0xAB, 0x14, 0xF8, 0x7E, 0xC1, 0x1E, 0xC2, 0xB2, 0x1A, 0xB1, 0x26,
    0x1E, 0xCD, 0x66, 0x12, 0x75, 0xCE, 0x44, 0x5A, 0x4F, 0xB1, 0x4E, 0xDD, 0x04, 0x5D, 0x8E, 0x56,
    0x38, 0x7E, 0xC2, 0xC4, 0xB3, 0xCC, 0x67, 0x8A, 0xDF, 0xB6, 0x52, 0x72, 0xF8, 0xBD, 0x08, 0x06,
    0x6F, 0xCC, 0x75, 0x4C, 0xB3, 0xF7, 0x2A, 0xDC, 0x3B, 0xC8, 0xA1, 0x52, 0xAF, 0x4F, 0x1F, 0x4F,
    0x12, 0x51, 0xC5, 0x4D, 0x9D, 0x58, 0x57, 0x98, 0x3F, 0x04, 0x72, 0xE1, 0x00, 0x77, 0x1A, 0x04,
    0xAD, 0xA0, 0x17, 0x33, 0x84, 0x9D, 0x90, 0xA8, 0x63, 0x4D, 0x22, 0x24, 0x01, 0xC9, 0x5A, 0x51,
    0xB4, 0x68, 0x92, 0x46, 0x52, 0x5D, 0xDC, 0x85, 0xFF, 0xAC, 0xE3, 0xC9, 0xFE, 0xA2, 0x0A, 0xDC,
    0x28, 0x2D, 0x9A, 0xC3, 0x1C, 0xEB, 0xC0, 0xA4, 0xE5, 0xD6, 0x30, 0x4B, 0xE9, 0x2F, 0x0E, 0xF4,
    0x53, 0x13, 0x0D, 0x8B, 0x31, 0x05, 0xDD, 0x8D, 0xBA, 0x4F, 0x58, 0x4A, 0x07, 0x2D, 0x2B, 0x1A,
    0xAB, 0x39, 0xE8, 0x8E, 0xF3, 0xC5, 0x3E, 0xC6, 0x76, 0xE7, 0x13, 0xE9, 0x75, 0xB2, 0xCC, 0x7B,
    0xE6, 0x31, 0x08, 0xAA, 0xBD, 0x07, 0xAC, 0x07, 0xEB, 0xA5, 0x6E, 0x3C, 0x34, 0x5F, 0x7D, 0xA3,
    0xCC, 0x63, 0x1A, 0x9D, 0xE5, 0x64, 0xED, 0x6E, 0xA6, 0xC0, 0x36, 0x7C, 0x9D, 0xB0, 0xAE, 0x8D,
    0x51, 0x7E, 0xB5, 0xC4, 0x64, 0x4E, 0x6A, 0x03, 0x4E, 0x04, 0x99, 0x52, 0xAE, 0x83, 0x3D, 0xAE,
    0x57, 0x50, 0x7A, 0x9B, 0x94, 0x0D, 0xBA, 0x37, 0x69, 0x6F, 0x6A, 0xB6, 0x19, 0xDC, 0x70, 0x59,
    0x07, 0xCD, 0x2E, 0x8F, 0xFB, 0x6B, 0xE8, 0xC3, 0xED, 0x90, 0xF3, 0xEE, 0x72, 0x09, 0xA7, 0xD3,
    0x68, 0xD8, 0x94, 0xF8, 0xFD, 0x75, 0xB1, 0xDA, 0xAE, 0x12, 0xB1, 0x73, 0x9E, 0x9C, 0xA7, 0xE7,
    0xC9, 0x3C, 0xB6, 0x28, 0x7E, 0x3E, 0xCC, 0xE3, 0xF7, 0x27, 0xFC, 0xBB, 0x96, 0x4C, 0x74, 0xF1,
    0x65, 0x99, 0xFC, 0x6B, 0x79, 0x37, 0xDC, 0x88, 0x8A, 0x46, 0x1D, 0xFC, 0x62, 0x23, 0x00, 0x5D,
    0x32, 0x38, 0x12, 0xFF, 0xDC, 0xC9, 0xF3, 0xF7, 0x85, 0x23, 0xFD, 0xE3, 0x77, 0x64, 0xE5, 0x85,
    0xCF, 0xC3, 0x0C, 0xB8, 0x13, 0x9B, 0xA9, 0x85, 0x67, 0xE0, 0xB9, 0x6A, 0x57, 0xCC, 0xDC, 0xCE,
    0x69, 0xD6, 0xCD, 0x4A, 0x2C, 0x7C, 0xD2, 0xDF, 0x69, 0xD8, 0x85, 0x4F, 0xBA, 0xA2, 0xBC, 0x51,
    0x0D, 0x15, 0xCA, 0xBD, 0x6E, 0x8B, 0x6F, 0xA8, 0xF8, 0xCD, 0x56, 0x0D, 0x8D, 0x1E, 0x1C, 0x4E,
    0x02, 0x06, 0xB6, 0x4D, 0x49, 0x23, 0x37, 0x79, 0x08, 0x70, 0xDF, 0x56, 0x0F, 0x60, 0xCB, 0x5A,
    0x22, 0xAD, 0x95, 0xE8, 0xB1, 0x39, 0x49, 0xDB, 0x9F, 0x1D, 0x4D, 0x5B, 0x1F, 0x63, 0xFD, 0x34,
    0x48, 0x17, 0xEC, 0x0F, 0xA9, 0x6B, 0xFC, 0xC1, 0xD9, 0x36, 0xF8, 0x5F, 0x1B, 0x77, 0x82, 0x76,
    0xD8, 0x4B, 0x72, 0x0C, 0xFA, 0x70, 0x94, 0x75, 0x12, 0xEE, 0xB6, 0x25, 0x5A, 0x25, 0x31, 0x36,
    0x28, 0xE2, 0x26, 0xA9, 0xE7, 0x59, 0x6E, 0x9D, 0x56, 0x5A, 0x78, 0x90, 0x64, 0x95, 0x00, 0x90,
    0x3D, 0x15, 0x33, 0x67, 0xA3, 0x40, 0x50, 0x0C, 0x5F, 0xCC, 0x2A, 0x0F, 0x9E, 0x1D, 0x1D, 0xBD,
    0xF3, 0x8C, 0xCB, 0x16, 0x30, 0xCF, 0x3C, 0x7F, 0xBE, 0x55, 0xFE, 0x75, 0x74, 0x54, 0x5C, 0x66,
    0x95, 0xBF, 0x1D, 0x1D, 0xD9, 0x2F, 0xD1, 0x2A, 0xCF, 0x83, 0xFC, 0xC0, 0x4A, 0x05, 0x9A, 0xA2,
    0xAA, 0x22, 0xB9, 0x0A, 0xC8, 0xD9, 0x38, 0xA5, 0x5D, 0x3C, 0x4F, 0x53, 0x4F, 0xF1, 0xF9, 0x49,
    0xD8, 0x5C, 0xBA, 0x50, 0xA8, 0x14, 0x8D, 0x41, 0x0B, 0x28, 0xE1, 0xC6, 0x64, 0xBC, 0x23, 0xCD,
    0x42, 0x58, 0x1D, 0xD3, 0x15, 0x49, 0x76, 0x23, 0xCB, 0xCB, 0xE6, 0x96, 0x6E, 0x4B, 0xA6, 0x25,
    0xA6, 0x01, 0x4D, 0x7D, 0x2C, 0x49, 0x58, 0x7F, 0x2D, 0xED, 0xEF, 0x64, 0x6E, 0x78, 0x9C, 0x76,
    0x37, 0x37, 0x27, 0x7B, 0xB2, 0x0D, 0x98, 0x13, 0x1F, 0xF7, 0x10, 0x08, 0x13, 0x1F, 0x40, 0x61,
    0x88, 0x05, 0x3A, 0x08, 0x56, 0xBC, 0xF8, 0xD1, 0xC9, 0x55, 0xC6, 0x89, 0x95, 0xAD, 0xE7, 0xAB,
    0xB4, 0x82, 0xEF, 0xB9, 0xAD, 0x5E, 0x6C, 0x8B, 0xEE, 0xB5, 0x1B, 0x36, 0xD4, 0x18, 0xBA, 0x2E,
    0xEE, 0x17, 0xB7, 0xAB, 0x40, 0xD0, 0xA8, 0xA6, 0xD0, 0x71, 0x9E, 0x5D, 0x52, 0xC1, 0x65, 0xA1,
    0xDB, 0x95, 0x1B, 0x39, 0x55, 0x0F, 0xDA, 0x41, 0x39, 0xDC, 0x1E, 0xEF, 0xC4, 0x75, 0x29, 0x7F,
    0xCE, 0x43, 0xFE, 0x92, 0x6A, 0xFD, 0xD8, 0xFC, 0x44, 0x02, 0xFD, 0x5D, 0x93, 0xFE, 0x6C, 0x10,
    0xC7, 0xC3, 0xF4, 0xB7, 0xDC, 0xDB, 0xB7, 0x7E, 0x4D, 0xEA, 0xC9, 0xEB, 0x8E, 0xB9, 0x93, 0x9A,
    0xF7, 0x93, 0xBF, 0x0F, 0x22, 0x06, 0xE2, 0xF4, 0xAD, 0x57, 0xA7, 0xE4, 0xEB, 0x54, 0x64, 0xD4,
    0xDC, 0x8A, 0xCD, 0x52, 0x8C, 0x85, 0x33, 0xBC, 0xC5, 0x11, 0x53, 0x6C, 0x35, 0x4C, 0x4B, 0xDE,
    0x3C, 0xE4, 0xDC, 0x71, 0x34, 0xB2, 0x3E, 0x25, 0x31, 0x9A, 0x7C, 0xD5, 0x96, 0x89, 0xEE, 0x8D,
    0x67, 0x1B, 0xC8, 0x91, 0xAC, 0xB5, 0xDA, 0x2A, 0xA6, 0xC3, 0x5F, 0x3E, 0x7C, 0xC4, 0xE3, 0x7D,
    0x97, 0xEB, 0x55, 0x52, 0x89, 0xC8, 0x53, 0x53, 0x36, 0xC3, 0x0F, 0x29, 0x70, 0x36, 0x98, 0x64,
    0xD0, 0xD5, 0x7B, 0x6B, 0x8E, 0x48, 0xF3, 0x9B, 0x2B, 0xE8, 0xE6, 0x15, 0x98, 0xD9, 0x0E, 0xAE,
    0x3F, 0xEE, 0xC3, 0x2E, 0x6C, 0x11, 0x8E, 0xE2, 0x46, 0xFE, 0xD5, 0x08, 0x42, 0x08, 0x3F, 0x59,
    0x29, 0x85, 0x4F, 0x6E, 0x6B, 0x7C, 0x67, 0x4F, 0x34, 0xAC, 0x3B, 0x91, 0x2E, 0x93, 0x8F, 0x45,
    0x40, 0x84, 0x46, 0xCC, 0xA8, 0x55, 0x54, 0x30, 0x91, 0x14, 0x21, 0x36, 0x6E, 0x19, 0x61, 0x17,
    0xD6, 0x10, 0x5B, 0x61, 0x50, 0x86, 0x05, 0x07, 0xE5, 0x9E, 0x07, 0xED, 0xD1, 0x6A, 0xAE, 0xAD,
    0xF3, 0xF6, 0xFD, 0xB1, 0xBB, 0x55, 0x25, 0x67, 0xE6, 0x54, 0x5D, 0xA7, 0xDA, 0x4E, 0x64, 0x78,
    0xB2, 0x7C, 0x19, 0xFA, 0x15, 0x8A, 0xA0, 0x9D, 0x81, 0x54, 0xC1, 0x75, 0xC8, 0xAB, 0x35, 0xAE,
    0x6E, 0x14, 0xCB, 0x77, 0xDB, 0x6D, 0x98, 0x97, 0x18, 0xFF, 0x87, 0xF9, 0xF8, 0xC2, 0xA1, 0x5C,
    0x22, 0x22, 0xBB, 0x3C, 0x1C, 0xC5, 0x38, 0xE2, 0x14, 0x13, 0x44, 0xBF, 0xB9, 0x76, 0x8C, 0x65,
    0x21, 0x78, 0xAE, 0x75, 0xBD, 0xD8, 0x5B, 0x16, 0x83, 0x6D, 0x44, 0xA3, 0xB8, 0x09, 0xD1, 0xB1,
    0x73, 0x6E, 0x1D, 0x93, 0x34, 0x22, 0x29, 0x48, 0x29, 0x4B, 0x23, 0x2B, 0x39, 0xBE, 0x16, 0x0D,
    0x0A, 0xA8, 0x61, 0xA1, 0x84, 0x83, 0xEC, 0x0E, 0xDE, 0x34, 0x41, 0xFC, 0x51, 0x96, 0x8A, 0x68,
    0x62, 0x07, 0x1F, 0xCB, 0xC5, 0xDF, 0x56, 0x79, 0x01, 0x8B, 0x3E, 0x46, 0xF0, 0x6D, 0xDC, 0x46,
    0x2D, 0x9B, 0x32, 0x27, 0x4E, 0xDB, 0x86, 0x44, 0x4B, 0x2C, 0xB7, 0x14, 0x57, 0xAC, 0xAC, 0xEC,
    0xFD, 0x01, 0x55, 0xA2, 0xF4, 0xC6, 0xD5, 0x7E, 0x41, 0xE5, 0x96, 0xB3, 0x3C, 0xE6, 0xF6, 0xE9,
    0x92, 0x16, 0x2E, 0xCB, 0x0D, 0x4C, 0x0B, 0xBB, 0xDC, 0x90, 0x55, 0x17, 0xB7, 0xB3, 0x2E, 0xCB,
    0x0D, 0xD3, 0x5E, 0x6E, 0xA0, 0x2E, 0xE7, 0x14, 0x62, 0x36, 0xE2, 0x73, 0x8A, 0x3D, 0x5D, 0x7E,
    0xB8, 0xCA, 0x15, 0x3C, 0xEC, 0x10, 0xF1, 0x4C, 0x03, 0x77, 0xE1, 0x0A, 0x14, 0x88, 0x71, 0x25,
    0xCB, 0x1A, 0x8D, 0x72, 0xEE, 0x5D, 0x32, 0x4B, 0x61, 0x19, 0x25, 0x82, 0x63, 0xE1, 0x2E, 0xD2,
    0xBF, 0x30, 0xA9, 0x3D, 0x57, 0xFA, 0xF1, 0x45, 0xD2, 0xEF, 0x54, 0x88, 0xB6, 0x50, 0xE1, 0xEE,
    0x3F, 0x3A, 0x6F, 0x93, 0xED, 0xCA, 0x41, 0xD6, 0x12, 0xD0, 0x91, 0x37, 0x6E, 0x8F, 0xDC, 0x7B,
    0xC1, 0xCC, 0x4A, 0xAB, 0xA4, 0xB9, 0x64, 0x65, 0x0D, 0xD4, 0x72, 0x27, 0x33, 0x6E, 0xF9, 0xE8,
    0xB8, 0xE1, 0x83, 0x64, 0x69, 0x72, 0x4C, 0x5A, 0x6B, 0x7E, 0x66, 0x11, 0x04, 0xA6, 0x07, 0xCC,
    0x94, 0x55, 0x85, 0xEA, 0x45, 0x1D, 0x8B, 0x9C, 0xFD, 0xAA, 0xCD, 0x79, 0x9D, 0xD5, 0xA3, 0x1E,
    0x4E, 0x5B, 0x3D, 0xB7, 0x0D, 0x3B, 0x72, 0x1B, 0xAE, 0x9C, 0x8A, 0x2B, 0x27, 0x7B, 0x3A, 0xA7,
    0x37, 0xB2, 0xF9, 0xD8, 0xCE, 0x1E, 0xB8, 0xBA, 0x06, 0x74, 0x8C, 0x36, 0x77, 0x53, 0xCB, 0x5F,
    0xF3, 0x09, 0x99, 0x44, 0xBF, 0x72, 0x4F, 0x2F, 0x78, 0xAC, 0xEC, 0xAD, 0xD5, 0x6E, 0xD1, 0xF3,
    0xEA, 0xD8, 0x4B, 0x9C, 0xC6, 0x93, 0x15, 0xE8, 0xFC, 0xC1, 0x77, 0x93, 0x60, 0x5F, 0xD4, 0x82,
    0x7D, 0x96, 0x0B, 0x1A, 0xB2, 0x20, 0x3B, 0x1E, 0xFD, 0x41, 0xFA, 0x79, 0xF6, 0x4E, 0x8D, 0xAE,
    0xAD, 0xC4, 0x76, 0x8E, 0x90, 0x67, 0xC7, 0x95, 0x56, 0x54, 0x49, 0x2D, 0x16, 0x49, 0x2A, 0x62,
    0x2A, 0x2B, 0x27, 0xAB, 0x70, 0xB5, 0x54, 0x68, 0x5C, 0x70, 0x12, 0xD9, 0x70, 0xF2, 0x47, 0x62,
    0x45, 0xBB, 0xD2, 0x6E, 0x63, 0x2E, 0xFA, 0x78, 0xAA, 0xBB, 0xAD, 0xCB, 0x39, 0x1B, 0x66, 0xFC,
    0x93, 0x5D, 0x04, 0xF0, 0xDD, 0xE8, 0xA4, 0xC4, 0x1B, 0x8F, 0x7B, 0xCF, 0x9E, 0x88, 0x19, 0x05,
    0xE7, 0xD6, 0x1B, 0xC4, 0x92, 0x88, 0xFF, 0x5A, 0xDD, 0xA1, 0xA7, 0x82, 0x81, 0x38, 0xDF, 0x4B,
    0x3E, 0xB5, 0xE5, 0x52, 0xE2, 0x89, 0x90, 0x73, 0x70, 0x10, 0x21, 0xB3, 0x5C, 0xAE, 0x2E, 0x72,
    0x11, 0xD2, 0x8A, 0x67, 0xE4, 0x16, 0x5B, 0x27, 0xF2, 0x7D, 0xD6, 0xA2, 0x37, 0x97, 0x29, 0x6A,
    0x8A, 0x56, 0x16, 0xBB, 0xD5, 0x4C, 0x5E, 0x84, 0xFF, 0x8D, 0x4B, 0x8B, 0xBE, 0xF6, 0xF2, 0xA2,
    0x2F, 0x7A, 0x05, 0x45, 0x5F, 0x0F, 0xD2, 0x89, 0x0D, 0xBC, 0x0E, 0xF9, 0xAE, 0xC5, 0x14, 0xB4,
    0xB5, 0x0B, 0x69, 0x28, 0xD1, 0x27, 0x26, 0x9C, 0xA4, 0x68, 0xF5, 0x1D, 0x76, 0xC1, 0xD5, 0x67,
    0xC4, 0xEE, 0x62, 0xF5, 0xCD, 0x1C, 0x9E, 0x79, 0xA7, 0x75, 0xDA, 0x1C, 0xF0, 0x13, 0x30, 0x01,
    0x0B, 0x72, 0x21, 0x77, 0x00, 0xD7, 0x95, 0xC5, 0x5E, 0x02, 0xAE, 0xE0, 0xA8, 0xD9, 0xB8, 0xD7,
    0x84, 0x7C, 0x05, 0x14, 0xDF, 0xBD, 0xDE, 0xDD, 0x8B, 0x16, 0xFE, 0xB6, 0x6D, 0xA7, 0x11, 0x79,
    0xAE, 0x8C, 0xC7, 0xB7, 0x36, 0x8B, 0xEC, 0x3D, 0x2B, 0xAA, 0x75, 0x39, 0xD5, 0xBE, 0xB0, 0x9C,
    0x5A, 0x55, 0x1D, 0x13, 0xE0, 0xF3, 0xB6, 0xF0, 0xC9, 0xCF, 0x94, 0x07, 0xAE, 0x0E, 0x97, 0x83,
    0x99, 0x52, 0x6F, 0xC4, 0xCB, 0x2D, 0xA3, 0x1A, 0x8B, 0x34, 0xE1, 0x30, 0x41, 0xA7, 0x12, 0x70,
    0x2D, 0x41, 0xAE, 0x20, 0x74, 0x0F, 0x89, 0xDD, 0x27, 0xC4, 0x4D, 0x37, 0xA0, 0x7B, 0x20, 0xE7,
    0x33, 0x32, 0xE9, 0x39, 0x0F, 0xE4, 0x40, 0x9D, 0x1D, 0xAF, 0xA7, 0xEA, 0x7A, 0xB4, 0x26, 0x5D,
    0x4D, 0x55, 0x3E, 0x77, 0x9E, 0xDE, 0x1B, 0x45, 0x93, 0x70, 0xD2, 0x03, 0x78, 0xD6, 0x81, 0x95,
    0xC9, 0x42, 0x9B, 0x39, 0x60, 0x7C, 0xD0, 0xC5, 0xEE, 0x83, 0x76, 0xE3, 0xEE, 0x37, 0xA6, 0x10,
    0x15, 0x2C, 0x0E, 0x8C, 0xC4, 0xB2, 0x7E, 0x45, 0x91, 0xE9, 0x40, 0xCF, 0xF4, 0x8D, 0x8A, 0x32,
    0xDE, 0x80, 0x1C, 0x11, 0x33, 0x58, 0x15, 0x4E, 0xD1, 0x25, 0x85, 0x53, 0xB2, 0x2E, 0x9C, 0xF0,
    0x96, 0x65, 0x95, 0x21, 0x14, 0x0E, 0x2F, 0xB3, 0x9E, 0xDE, 0x95, 0x7B, 0x8B, 0x04, 0x12, 0x72,
    0x46, 0x21, 0x52, 0x3C, 0x48, 0xDC, 0xE9, 0x01, 0x44, 0xFE, 0x12, 0x6E, 0x15, 0x31, 0xBA, 0x95,
    0x1A, 0x31, 0x8B, 0x8B, 0x85, 0xDD, 0x45, 0x08, 0x7C, 0x09, 0x93, 0x89, 0xD4, 0xA0, 0x59, 0x1B,
    0x76, 0x59, 0x13, 0xB5, 0x88, 0x83, 0xDE, 0x17, 0x84, 0xC0, 0x6D, 0xFB, 0x48, 0x96, 0x09, 0x2F,
    0x68, 0x21, 0xBF, 0x2B, 0xB7, 0xFC, 0x2B, 0x0E, 0x10, 0x7C, 0x86, 0xE2, 0x8E, 0x6D, 0x7A, 0x3F,
    0x6F, 0xE3, 0x44, 0xDA, 0xBC, 0xCB, 0x47, 0xDF, 0xBF, 0xD8, 0x42, 0x42, 0x7B, 0x03, 0xED, 0x3D,
    0xA4, 0xBC, 0xA0, 0xFD, 0x16, 0xB4, 0xE7, 0x69, 0x08, 0xA7, 0x47, 0x0E, 0x24, 0xA9, 0x37, 0xE2,
    0xD4, 0x9E, 0x3D, 0xB7, 0x1A, 0x4A, 0xE0, 0x39, 0xC7, 0x93, 0xC7, 0xC6, 0x49, 0x3D, 0xD6, 0x44,
    0x13, 0x5A, 0x0D, 0xF9, 0xF9, 0xE6, 0x0B, 0xE2, 0xC9, 0x29, 0x52, 0x5C, 0xB2, 0x4B, 0x6F, 0xF3,
    0xF8, 0xCC, 0x9F, 0x93, 0x41, 0xAA, 0x7D, 0xDD, 0xBC, 0x79, 0x6D, 0x92, 0xF9, 0x80, 0xC0, 0x9C,
    0xEE, 0xCE, 0x87, 0xDC, 0xAD, 0xA7, 0xA0, 0x21, 0xAF, 0xB9, 0xD9, 0x62, 0x85, 0xDF, 0x96, 0x15,
    0x88, 0x9C, 0x8B, 0x95, 0x18, 0xA0, 0x1B, 0x96, 0xBB, 0x81, 0x47, 0x9F, 0xB5, 0x2C, 0xE2, 0xE2,
    0x7F, 0x74, 0x3C, 0x47, 0x17, 0xFF, 0x65, 0xC0, 0xC2, 0x24, 0xC7, 0xEE, 0x4B, 0xFC, 0xE7, 0x89,
    0xA9, 0x34, 0x29, 0x1D, 0x79, 0x5A, 0x5A, 0x1E, 0x16, 0x4C, 0xF3, 0xAC, 0x4A, 0x00, 0xA2, 0xC8,
    0x91, 0x92, 0x4B, 0x6A, 0xC9, 0xC9, 0xDB, 0x8C, 0x89, 0x34, 0xEC, 0xC1, 0x9F, 0x88, 0xDA, 0x19,
    0xF7, 0x42, 0xFC, 0xF1, 0xA1, 0xFA, 0x86, 0x7B, 0xA2, 0xB3, 0x43, 0x1C, 0xD6, 0x03, 0x2F, 0x46,
    0x3D, 0x8B, 0x81, 0x13, 0x29, 0x12, 0xA8, 0xD1, 0x96, 0x50, 0xE4, 0x78, 0xE6, 0x51, 0xBF, 0x3B,
    0x72, 0x13, 0x2F, 0x9B, 0xCC, 0x3E, 0x13, 0x37, 0xEE, 0x50, 0x34, 0x7C, 0xCC, 0x76, 0xB4, 0xB9,
    0x87, 0x42, 0x1F, 0xB9, 0xDC, 0x75, 0x85, 0xAB, 0x8E, 0xFF, 0x23, 0xF6, 0x0B, 0xFF, 0xDB, 0x24,
    0xE2, 0xD1, 0x52, 0x83, 0x44, 0x38, 0xB1, 0x1B, 0x23, 0x33, 0xC6, 0xCC, 0x8C, 0x30, 0xC4, 0x32,
    0xFC, 0x60, 0x51, 0x93, 0x54, 0xE9, 0xDE, 0xDC, 0xA3, 0xC4, 0xDC, 0xA3, 0x84, 0x7D, 0x73, 0x1C,
    0xF3, 0x68, 0x2C, 0xDB, 0x15, 0x51, 0x46, 0x9D, 0xF3, 0xFF, 0xDD, 0x5A, 0x3D, 0x90, 0xDD, 0x56,
    0x15, 0xBE, 0x92, 0xEC, 0x15, 0xF1, 0x2B, 0xE4, 0x22, 0xCC, 0x04, 0x2F, 0x33, 0xA2, 0x70, 0x91,
    0x4C, 0x00, 0x35, 0x74, 0x4C, 0xF6, 0xCA, 0x71, 0x91, 0xD6, 0x45, 0x1C, 0xCA, 0x34, 0xF4, 0x4B,
    0x49, 0x61, 0x5B, 0x0A, 0x94, 0x34, 0x69, 0xA0, 0x76, 0x41, 0x01, 0xCB, 0x30, 0x69, 0x28, 0x52,
    0x24, 0x2B, 0x85, 0x94, 0x34, 0xA2, 0xA0, 0x4A, 0x81, 0x06, 0x4C, 0xE3, 0x14, 0x11, 0x13, 0xCD,
    0x44, 0xEB, 0x48, 0xBA, 0x7C, 0xDF, 0x39, 0x57, 0xDA, 0xB7, 0xEB, 0xDD, 0x0C, 0xC3, 0x04, 0x6F,
    0xD6, 0x2F, 0x79, 0xE7, 0xC8, 0xAB, 0xA7, 0x7B, 0xCF, 0xFD, 0xCE, 0xB9, 0xE7, 0xEF, 0xCA, 0x18,
    0xFF, 0xA9, 0x9C, 0x31, 0x85, 0x6B, 0x8C, 0x73, 0x39, 0xAE, 0x1B, 0xB3, 0xEB, 0x6A, 0x13, 0x0F,
    0xC6, 0xC4, 0xE0, 0x51, 0x47, 0xDE, 0x0A, 0xDF, 0x7C, 0xD6, 0x99, 0x18, 0x3C, 0xF9, 0xA4, 0x37,
    0x71, 0x0B, 0xFE, 0xF1, 0x68, 0x36, 0x8D, 0xF2, 0x84, 0xFC, 0xA3, 0xD9, 0x24, 0xB5, 0x31, 0x69,
    0xE9, 0x84, 0x67, 0x65, 0x95, 0xA7, 0xE4, 0xB9, 0xAD, 0xD3, 0xD2, 0x18, 0x6B, 0xB2, 0x26, 0x13,
    0x9E, 0xB4, 0x59, 0x2E, 0xBC, 0xB3, 0x98, 0xBF, 0xC0, 0x6C, 0xE4, 0x87, 0x26, 0x1A, 0xC9, 0x3F,
    0x34, 0xE1, 0xF4, 0x00, 0x7C, 0x32, 0xC6, 0x1D, 0x82, 0x8F, 0x10, 0x71, 0x52, 0x5E, 0x80, 0x07,
    0xE0, 0x16, 0xDF, 0x78, 0xC6, 0x54, 0xBC, 0x07, 0x91, 0x13, 0xCF, 0x37, 0x83, 0x39, 0xE3, 0x13,
    0x94, 0xCA, 0x37, 0x9D, 0xF2, 0xA4, 0x3B, 0xF9, 0x6F, 0x2E, 0x46, 0xFE, 0x5D, 0xFB, 0xFB, 0xB9,
    0xF2, 0x3D, 0xFF, 0xFC, 0x4B, 0xC7, 0x43, 0x55, 0xC3, 0xC6, 0xE5, 0xAE, 0x2F, 0x5C, 0xBD, 0xFF,
    0x6F, 0xE7, 0xDA, 0xF8, 0x8B, 0x36, 0xED, 0x62, 0x97, 0x27, 0xDD, 0x66, 0xC2, 0x70, 0x10, 0x03,
    0xA4, 0xC7, 0x04, 0x98, 0x22, 0x69, 0x93, 0x16, 0x24, 0x6D, 0x4C, 0xDA, 0x64, 0xB5, 0x49, 0x6B,
    0x90, 0xAC, 0xB6, 0xB5, 0xB1, 0xB5, 0x2D, 0x8D, 0x2D, 0x6D, 0x0E, 0x52, 0xE4, 0xA6, 0xC8, 0x2B,
    0x2C, 0xAC, 0x05, 0xA9, 0x46, 0x68, 0xC2, 0x8D, 0x5B, 0x92, 0xEF, 0x90, 0x64, 0x14, 0xCB, 0xAE,
    0x84, 0x50, 0x9A, 0x8C, 0x37, 0xEE, 0x91, 0xF4, 0x24, 0x77, 0xF4, 0xE7, 0xD7, 0x4D, 0x20, 0xFC,
    0x03, 0xBD, 0x6F, 0x8A, 0x5B, 0xB3, 0xF0, 0xEC, 0xD3, 0x5E, 0x17, 0xE8, 0x74, 0x85, 0xA1, 0xF3,
    0xE3, 0xFF, 0xF6, 0x2C, 0xB8, 0x9E, 0x4B, 0x7B, 0x88, 0x72, 0xF3, 0xD0, 0x6C, 0x5A, 0xC8, 0x1D,
    0x0D, 0x04, 0xD4, 0x11, 0x02, 0xCB, 0xDB, 0x29, 0xB5, 0x7F, 0x35, 0x7F, 0x0A, 0x85, 0x67, 0xAB,
    0x69, 0x41, 0x8E, 0xB6, 0xD7, 0x6E, 0x33, 0x6F, 0x91, 0x89, 0x67, 0xFA, 0xCB, 0xD7, 0x94, 0xFD,
    0x5C, 0xD9, 0xF7, 0xFC, 0xF3, 0xE9, 0x1C, 0x60, 0xC1, 0x26, 0x9B, 0x13, 0x07, 0x65, 0xEF, 0x4E,
    0x85, 0x0C, 0x3F, 0x0D, 0x31, 0x18, 0xEE, 0x44, 0x23, 0xD5, 0x5E, 0x86, 0xC2, 0x0C, 0x59, 0x34,
    0x29, 0x1B, 0xF9, 0x3F, 0x50, 0xE1, 0xFF, 0x26, 0xEE, 0x4D, 0x84, 0xC7, 0xA1, 0x56, 0x5C, 0x71,
    0x83, 0x70, 0x8F, 0x24, 0x9E, 0xB5, 0xB2, 0x73, 0x64, 0xAD, 0x98, 0xAF, 0x11, 0x25, 0x43, 0xA1,
    0xE9, 0x91, 0xD8, 0x68, 0xE6, 0xC4, 0x40, 0x33, 0xF7, 0xF5, 0x1B, 0xD4, 0x9F, 0xA7, 0x73, 0x0C,
    0xAA, 0x28, 0xCF, 0x31, 0xA8, 0x4E, 0x0D, 0x6A, 0xD3, 0x9F, 0x6D, 0x50, 0xC1, 0x7C, 0x8E, 0x41,
    0x59, 0x6F, 0x50, 0xD9, 0x39, 0x06, 0x15, 0x7B, 0x83, 0x8A, 0xFA, 0x93, 0x3C, 0x3E, 0xE5, 0x52,
    0x12, 0xD5, 0xA6, 0xEE, 0x58, 0x63, 0x7E, 0xEC, 0xD4, 0xBE, 0x68, 0xAF, 0xC2, 0xDB, 0xFF, 0xD9,
    0xCC, 0x9A, 0xFF, 0xD2, 0xCC, 0x0C, 0xCD, 0xCC, 0xD0, 0xCC, 0x38, 0xCD, 0xBC, 0x90, 0x80, 0x12,
    0x50, 0xEF, 0xA2, 0x6E, 0x91, 0x77, 0xE3, 0x88, 0xB5, 0x03, 0x70, 0x89, 0xAC, 0x2E, 0xA6, 0x9E,
    0x48, 0x4B, 0xDE, 0x73, 0xA7, 0x76, 0x46, 0x70, 0xC0, 0x3F, 0x14, 0x0E, 0xE3, 0x44, 0x8E, 0xBF,
    0x49, 0xDD, 0x6F, 0x30, 0x80, 0xED, 0x4D, 0xD6, 0x1B, 0xFC, 0x73, 0x33, 0xD2, 0xBB, 0x44, 0x23,
    0xED, 0x2E, 0x9C, 0x20, 0x3B, 0xC0, 0x16, 0x87, 0x3B, 0x67, 0x5C, 0xB4, 0x13, 0x44, 0x94, 0xCE,
    0x45, 0xC9, 0xBB, 0xA4, 0xE1, 0x54, 0xE5, 0x7C, 0xEA, 0x98, 0xC6, 0x03, 0x69, 0xD2, 0xF3, 0x6E,
    0xDA, 0x15, 0xF8, 0xBD, 0x6D, 0x2C, 0x50, 0x75, 0x65, 0x86, 0x3D, 0x0C, 0x03, 0x98, 0xA8, 0x9C,
    0xD8, 0x7D, 0xEA, 0x3A, 0xD8, 0xB7, 0x08, 0x9B, 0x39, 0x91, 0xFF, 0xAE, 0x88, 0xE9, 0xA0, 0xAD,
    0x90, 0x04, 0x52, 0xD6, 0xE6, 0xDC, 0x4F, 0xC8, 0x67, 0x32, 0xAE, 0xD2, 0x3D, 0x76, 0x75, 0x34,
    0x9B, 0xAC, 0x85, 0x8E, 0x05, 0xEF, 0x4D, 0x0F, 0xA8, 0xE3, 0x1E, 0xA2, 0x7A, 0x02, 0x51, 0x40,
    0x72, 0xDC, 0x00, 0x49, 0xBA, 0x85, 0xA4, 0x0D, 0x6E, 0x58, 0x2A, 0xA2, 0xCA, 0xB3, 0x16, 0xAB,
    0x4F, 0x8E, 0xF6, 0x29, 0x19, 0x61, 0xAD, 0x08, 0xDF, 0x55, 0x71, 0xCF, 0x51, 0x19, 0x41, 0x8E,
    0xB8, 0xE6, 0x9E, 0x8E, 0x7A, 0xDA, 0x69, 0xE8, 0x66, 0x35, 0x01, 0x73, 0xD2, 0x03, 0x5D, 0x12,
    0x88, 0x55, 0xD6, 0x2E, 0x6C, 0x41, 0x22, 0x90, 0x69, 0x5F, 0xFC, 0x2A, 0x86, 0xCC, 0x68, 0x64,
    0x41, 0x7E, 0x81, 0x60, 0x9B, 0xEB, 0x12, 0x09, 0xF7, 0x62, 0xEE, 0xC3, 0x07, 0xB2, 0x1B, 0x47,
    0xBA, 0x88, 0x60, 0x60, 0x64, 0x0C, 0x3B, 0x86, 0xF6, 0xA8, 0xF9, 0x40, 0x92, 0x83, 0x9B, 0x97,
    0x0E, 0xF8, 0x2B, 0x86, 0x8F, 0xBF, 0x83, 0xF9, 0xB3, 0x5F, 0x62, 0x7A, 0x4B, 0x67, 0x79, 0x9F,
    0x1E, 0x71, 0x4C, 0x73, 0x13, 0x88, 0xCF, 0x7B, 0xF8, 0xD2, 0x45, 0xA2, 0xFF, 0xED, 0xBB, 0xF8,
    0x30, 0x28, 0x39, 0x7E, 0x64, 0x37, 0xEA, 0x45, 0x82, 0xA9, 0x1F, 0x1F, 0xC0, 0x35, 0x01, 0x53,
    0x8C, 0x07, 0x35, 0x60, 0x73, 0x56, 0x8C, 0x69, 0xA1, 0xBA, 0xAA, 0xD7, 0x0C, 0xC1, 0x15, 0x9F,
    0x45, 0x7C, 0x65, 0x83, 0xA4, 0x9D, 0xF8, 0x6A, 0x08, 0xDF, 0xA8, 0xFF, 0xA2, 0x5B, 0x15, 0x1F,
    0x26, 0x17, 0x8E, 0xDB, 0x08, 0x72, 0x41, 0x65, 0x93, 0x5E, 0xCC, 0x07, 0xBF, 0x83, 0x3C, 0xB9,
    0xBA, 0x38, 0x5E, 0xC4, 0xBD, 0xBF, 0x50, 0xFF, 0x5C, 0xAC, 0x17, 0xA5, 0x4F, 0x06, 0x31, 0x0E,
    0x9C, 0x2B, 0x4C, 0x16, 0x6A, 0xC0, 0x45, 0x04, 0x1F, 0xDB, 0x33, 0xC4, 0xC5, 0xF8, 0xFB, 0xCC,
    0x0B, 0xEC, 0xDA, 0x48, 0x17, 0x21, 0x46, 0xEE, 0x54, 0x2B, 0xBB, 0xCB, 0xC5, 0x53, 0x9F, 0x1D,
    0x44, 0xE1, 0x0C, 0x77, 0x32, 0x87, 0xB8, 0x0C, 0x35, 0x62, 0xDD, 0xBF, 0x9A, 0xF7, 0x47, 0xA2,
    0xFE, 0x59, 0x1B, 0x8D, 0x48, 0x4C, 0xE0, 0x71, 0x83, 0x89, 0xD8, 0x3B, 0x2C, 0x0A, 0x2B, 0x8B,
    0x27, 0x86, 0xA7, 0x9A, 0xEB, 0x47, 0xD8, 0x2A, 0x19, 0x6A, 0x8A, 0x06, 0x92, 0xC6, 0x47, 0xFB,
    0x2E, 0xA7, 0xC4, 0x0E, 0x43, 0x56, 0x84, 0xF0, 0xC8, 0x08, 0xEF, 0x74, 0x25, 0x99, 0xE7, 0xB6,
    0xD7, 0x75, 0x88, 0x3B, 0xB1, 0x4D, 0x08, 0x30, 0xE2, 0x3C, 0x3D, 0xDA, 0x1F, 0xDC, 0xBF, 0xAA,
    0x1A, 0x2A, 0x6A, 0x0A, 0xA8, 0x3E, 0x00, 0x56, 0x1B, 0xF7, 0x48, 0xDD, 0xCD, 0x9B, 0x2A, 0xEA,
    0x8B, 0x3E, 0x67, 0x64, 0x38, 0x10, 0x74, 0x8B, 0x41, 0xA2, 0x00, 0xF7, 0x42, 0xF2, 0x68, 0x4D,
    0x43, 0x97, 0x3D, 0xF2, 0xA6, 0x44, 0x74, 0x42, 0xAD, 0x6B, 0xDF, 0x9D, 0x0F, 0xA0, 0x7E, 0x20,
    0x9C, 0x49, 0xD2, 0x00, 0xAD, 0x31, 0x6D, 0xE8, 0x25, 0x6B, 0xE8, 0x7D, 0xEE, 0xA0, 0xA9, 0x03,
    0x28, 0xF6, 0x09, 0xC0, 0xAC, 0x18, 0xB8, 0x62, 0x27, 0xD6, 0x88, 0xB9, 0xAC, 0x40, 0x68, 0x35,
    0x25, 0x2B, 0x99, 0x9D, 0x15, 0x39, 0x53, 0x8C, 0x2A, 0xA7, 0x96, 0x2A, 0xD1, 0x9E, 0x13, 0x65,
    0x6A, 0xE6, 0x32, 0xD3, 0x0A, 0x68, 0x08, 0x33, 0xA4, 0xBC, 0x83, 0x5D, 0x53, 0x61, 0x94, 0xAA,
    0xAB, 0x80, 0x8F, 0x25, 0x18, 0xDC, 0x67, 0xB5, 0x9A, 0x4D, 0x05, 0x5D, 0x62, 0x21, 0x29, 0x2D,
    0x1F, 0x73, 0xBC, 0xF0, 0x54, 0x8E, 0x37, 0x22, 0xF6, 0x0E, 0x08, 0xBD, 0x7D, 0xFC, 0xC5, 0x5F,
    0xFB, 0xD8, 0xDD, 0x42, 0xDC, 0x0D, 0x18, 0x76, 0xC5, 0xFA, 0x7C, 0xBA, 0x43, 0x91, 0x25, 0x0B,
    0xE7, 0x97, 0xBB, 0xDB, 0x52, 0xDC, 0x5C, 0x50, 0xA7, 0x26, 0xE4, 0xEB, 0x2E, 0x0B, 0x3A, 0x5B,
    0x1F, 0x85, 0xC3, 0xE6, 0x7E, 0x2B, 0xA8, 0x1D, 0xF1, 0x2F, 0x5B, 0x79, 0xE6, 0xFB, 0xEA, 0xE5,
    0xE5, 0x7A, 0x35, 0xF4, 0x0D, 0x46, 0xAD, 0x13, 0xF7, 0x86, 0x2B, 0x77, 0x5C, 0x0A, 0x7C, 0x8B,
    0xFB, 0x70, 0x3C, 0x45, 0x9F, 0x42, 0x9E, 0x26, 0x95, 0x3D, 0x0D, 0x92, 0x9B, 0xAD, 0xE4, 0xE3,
    0x38, 0xEF, 0xD0, 0xE4, 0x63, 0xCD, 0x40, 0x24, 0x83, 0x92, 0xFD, 0x29, 0x5B, 0x52, 0x48, 0x72,
    0x52, 0xCE, 0x90, 0x23, 0x51, 0x07, 0x74, 0x00, 0xFE, 0x4A, 0x52, 0xE2, 0x34, 0x5F, 0xAA, 0xB4,
    0xF7, 0xB7, 0x52, 0xE1, 0x2B, 0x62, 0x01, 0x56, 0x92, 0xE7, 0x8C, 0x0E, 0xCB, 0x6C, 0x9E, 0xC8,
    0xEC, 0x4E, 0x86, 0xAD, 0x24, 0x1B, 0x78, 0xE5, 0x52, 0x59, 0xB4, 0x31, 0x8D, 0x79, 0x39, 0x1C,
    0x90, 0xA1, 0xCE, 0x18, 0xC0, 0x3A, 0xF1, 0x4A, 0x92, 0x8C, 0x06, 0x77, 0xFE, 0xCF, 0x16, 0xED,
    0x8B, 0xCB, 0x48, 0xC4, 0x10, 0x5F, 0x13, 0xD2, 0xDB, 0x9B, 0x54, 0x1D, 0xF1, 0xBB, 0xA7, 0x0A,
    0x64, 0xB3, 0xF3, 0x7B, 0xCD, 0xBE, 0x8E, 0xE8, 0xA9, 0x08, 0x80, 0x3D, 0x7A, 0xCB, 0x89, 0x35,
    0xEC, 0xC9, 0x0A, 0xEF, 0xCB, 0x82, 0xEF, 0x89, 0x05, 0x28, 0xC5, 0x88, 0xB3, 0xC6, 0x27, 0xB1,
    0x2F, 0x3E, 0xA9, 0xF5, 0x02, 0x47, 0x98, 0x74, 0xB4, 0x52, 0x8C, 0x4E, 0x92, 0xEA, 0xA2, 0x5B,
    0x62, 0x82, 0x58, 0xCB, 0x2B, 0x42, 0xF7, 0x16, 0x9A, 0x08, 0x85, 0x9D, 0x3C, 0xD0, 0xD0, 0xF2,
    0xE4, 0x3D, 0x27, 0xCA, 0x1D, 0xC4, 0x59, 0x73, 0x98, 0xAB, 0xDB, 0x88, 0xA5, 0x8B, 0xE9, 0xCB,
    0xE4, 0x44, 0x09, 0x4E, 0x57, 0x4A, 0x85, 0xAD, 0xD2, 0x6A, 0xEB, 0x13, 0xBB, 0x39, 0xA7, 0x5E,
    0x6B, 0xE3, 0xFE, 0x56, 0x94, 0x28, 0xA1, 0xD2, 0x1C, 0x5A, 0x04, 0xE9, 0xCD, 0x35, 0x6F, 0xD4,
    0x4E, 0x24, 0xEE, 0x65, 0x0D, 0x39, 0xA5, 0x16, 0xFF, 0xCC, 0x5B, 0xB1, 0x2C, 0x66, 0xA6, 0x80,
    0x93, 0xA2, 0xB1, 0x47, 0x6F, 0x5F, 0xFC, 0x7A, 0x1F, 0xC1, 0x90, 0xA9, 0xAA, 0x64, 0x1E, 0x4B,
    0x72, 0x75, 0x45, 0xA8, 0x28, 0x21, 0x92, 0x0D, 0x95, 0xCA, 0x48, 0xD5, 0x6D, 0x26, 0x1F, 0x03,
    0x8A, 0x18, 0x63, 0xEA, 0x2D, 0xE4, 0x2F, 0x15, 0xEE, 0x52, 0x2E, 0xD1, 0x29, 0x9B, 0x6A, 0xA6,
    0x47, 0x60, 0x7E, 0xD1, 0xA2, 0x94, 0x4B, 0x18, 0x79, 0x75, 0xFF, 0x5E, 0x14, 0xEE, 0xDF, 0x78,
    0x1C, 0x77, 0xE4, 0xC9, 0x50, 0x2A, 0xC8, 0x68, 0x52, 0xF3, 0x10, 0xBC, 0xD2, 0x7A, 0xED, 0x15,
    0xDC, 0x64, 0xB0, 0x83, 0x0C, 0xB2, 0x67, 0xFB, 0x67, 0x8A, 0xE2, 0xDB, 0xF9, 0xB2, 0xAD, 0xA4,
    0xB1, 0x92, 0x09, 0x40, 0x34, 0x56, 0x20, 0x67, 0x82, 0x5B, 0x6C, 0x35, 0x70, 0x78, 0x0F, 0xD6,
    0x75, 0x73, 0x15, 0x74, 0x90, 0x7E, 0x55, 0x75, 0x8B, 0xCF, 0x67, 0x9F, 0xF5, 0x6B, 0xA7, 0x4A,
    0x71, 0xDD, 0xEE, 0x52, 0x5D, 0x26, 0x2B, 0x8F, 0x91, 0x85, 0xA3, 0x5E, 0x8F, 0x97, 0x96, 0xD3,
    0x3C, 0x2F, 0xB9, 0x95, 0x84, 0xB1, 0xA7, 0x5B, 0x4E, 0xCF, 0xCC, 0xCA, 0xAF, 0x32, 0x3D, 0xCF,
    0x33, 0xC9, 0x66, 0x95, 0xDA, 0x83, 0xEA, 0xF1, 0x7B, 0xB5, 0x45, 0x1C, 0x48, 0xCA, 0xD7, 0x84,
    0xDE, 0x63, 0xC8, 0xCA, 0x7F, 0x8A, 0x48, 0x70, 0xCD, 0xC7, 0x83, 0x25, 0x22, 0x28, 0x15, 0x50,
    0x35, 0x1B, 0x57, 0xAA, 0x09, 0x79, 0xB4, 0x4D, 0x87, 0x63, 0xAA, 0x19, 0xF8, 0xA6, 0x3B, 0xA6,
    0x1A, 0xE4, 0xB5, 0xD1, 0xB5, 0x7F, 0x24, 0x1A, 0xA0, 0xD2, 0x13, 0xC5, 0x31, 0xD9, 0xEA, 0x78,
    0x89, 0x21, 0x49, 0x2B, 0x66, 0x31, 0x25, 0xDA, 0x92, 0x1A, 0x93, 0x5A, 0x13, 0x20, 0x11, 0xED,
    0xDE, 0xD8, 0x0A, 0x63, 0x85, 0x8A, 0xBD, 0xCB, 0xD5, 0xE1, 0xFB, 0xAA, 0x3B, 0x28, 0x03, 0xDF,
    0xDD, 0xF1, 0x7D, 0x2F, 0x11, 0xCD, 0x77, 0xBD, 0x96, 0x7E, 0xD7, 0xD2, 0xF0, 0x12, 0xC1, 0xD6,
    0xEF, 0x93, 0x3F, 0x41, 0xBA, 0x11, 0x36, 0xF4, 0x48, 0x1A, 0xAE, 0x4C, 0x87, 0x68, 0x55, 0xA1,
    0x08, 0x2C, 0x55, 0xBD, 0x79, 0x11, 0xDB, 0xCF, 0x42, 0x25, 0x19, 0x97, 0x1B, 0xD0, 0xB2, 0x4D,
    0xDC, 0x04, 0x32, 0x81, 0xAC, 0xD7, 0x55, 0xE5, 0xDA, 0x00, 0x4A, 0x05, 0x8C, 0x9D, 0x35, 0x9D,
    0xBA, 0x04, 0xFA, 0xF0, 0x1F, 0x82, 0xAA, 0xC1, 0x71, 0xF4, 0xE4, 0x06, 0xCB, 0x50, 0xFB, 0x3A,
    0x1E, 0x2E, 0x6E, 0xC3, 0xAC, 0x8B, 0xC0, 0x67, 0x10, 0xC4, 0x5D, 0x6D, 0x99, 0xC8, 0xAB, 0x4C,
    0xC1, 0x59, 0xF9, 0xDF, 0xB0, 0x48, 0x73, 0x56, 0x12, 0x28, 0xE2, 0x6C, 0x11, 0x28, 0x42, 0x34,
    0xA1, 0xAA, 0x90, 0xD2, 0xE5, 0xEB, 0x02, 0x2F, 0x78, 0x6B, 0xBE, 0x2B, 0x6D, 0x2F, 0xB7, 0xD0,
    0xE0, 0x27, 0xD3, 0xDD, 0xAF, 0x05, 0xBC, 0x9D, 0x87, 0xDA, 0x11, 0x4C, 0xB5, 0x61, 0xCA, 0xAC,
    0x6B, 0x07, 0x45, 0x21, 0xEE, 0x76, 0xD7, 0xDC, 0xE3, 0x87, 0xDB, 0xE6, 0x2A, 0x02, 0x49, 0xBF,
    0xD4, 0x95, 0xFC, 0x86, 0x93, 0x22, 0x76, 0xDA, 0x64, 0xE5, 0x3B, 0xFF, 0x91, 0xD5, 0x2F, 0x9E,
    0xC3, 0x8C, 0x57, 0xCD, 0x71, 0xCF, 0x25, 0xEB, 0x13, 0xED, 0xBB, 0x8A, 0x51, 0x1C, 0x89, 0x7B,
    0x30, 0xEF, 0xC6, 0xED, 0x39, 0x3D, 0xB0, 0x82, 0xF5, 0xA9, 0x6B, 0x2B, 0x61, 0x0D, 0xFD, 0xC8,
    0xEE, 0x91, 0x4C, 0xB6, 0xE9, 0x64, 0x9E, 0x8D, 0x76, 0x83, 0x13, 0xCF, 0xDA, 0xED, 0x6E, 0x30,
    0xDB, 0xC0, 0x9D, 0xAC, 0x88, 0x8B, 0x67, 0x5B, 0xB2, 0x91, 0x8C, 0xD2, 0xB3, 0x4C, 0x73, 0x4B,
    0x5B, 0x6B, 0x89, 0xEA, 0x59, 0x29, 0x4B, 0x25, 0x73, 0xBA, 0x57, 0x67, 0x61, 0x5C, 0x2B, 0xFE,
    0xC8, 0x99, 0xF1, 0x4B, 0xF6, 0xEE, 0x91, 0x5C, 0x33, 0xFF, 0x4D, 0xDC, 0x1F, 0x88, 0xA6, 0x6A,
    0x85, 0xEB, 0x7A, 0xB4, 0xE6, 0xED, 0xF8, 0xFC, 0x30, 0xBF, 0x89, 0xFD, 0xDF, 0x7E, 0xC0, 0x02,
    0x1D, 0xA9, 0xFA, 0x3B, 0x48, 0x4F, 0x43, 0x73, 0x23, 0x3F, 0x6B, 0xA5, 0x16, 0x13, 0xCD, 0xEC,
    0xF1, 0x4E, 0xBB, 0x23, 0x4C, 0x12, 0xA0, 0x86, 0x63, 0x24, 0x64, 0xC0, 0xB4, 0xD2, 0x03, 0x67,
    0x07, 0x9C, 0x24, 0xEE, 0xA5, 0xFB, 0xCD, 0x54, 0x5F, 0x9A, 0xAF, 0x1D, 0xD6, 0x97, 0xB6, 0xD0,
    0xA2, 0x65, 0xA3, 0x1F, 0x65, 0x4E, 0x1B, 0xB8, 0x26, 0xE9, 0x36, 0x7F, 0xAF, 0x93, 0xB9, 0x7A,
    0xFB, 0x51, 0xEC, 0xC6, 0x74, 0x46, 0x66, 0x9C, 0xCD, 0xBE, 0x9E, 0xF6, 0x0D, 0x1B, 0xAB, 0x5D,
    0xFE, 0xC2, 0x0D, 0xCF, 0x27, 0xF8, 0x6C, 0xFD, 0x04, 0x9E, 0x34, 0xE7, 0x76, 0x59, 0x9F, 0x21,
    0xEE, 0xDF, 0x37, 0x3F, 0xD0, 0xE2, 0x55, 0xCA, 0x57, 0x2B, 0x31, 0x02, 0x6B, 0xE8, 0x34, 0xBE,
    0xAA, 0x2B, 0x7B, 0xF3, 0x79, 0xD3, 0x82, 0x7C, 0x3A, 0xFC, 0x67, 0xFA, 0x10, 0x64, 0x7E, 0x9B,
    0x9E, 0x98, 0x8B, 0x4D, 0xC5, 0xB3, 0xDD, 0xB9, 0x40, 0x7D, 0xB0, 0xEB, 0x26, 0x61, 0x5A, 0xBC,
    0xCF, 0xE6, 0x23, 0x75, 0x94, 0x46, 0x99, 0xF6, 0x15, 0x92, 0xDB, 0xED, 0xD6, 0xE9, 0xA4, 0x4F,
    0xFA, 0x9E, 0x07, 0xB5, 0xF0, 0x31, 0xFC, 0x04, 0xC3, 0xEC, 0xB1, 0x19, 0x71, 0x2F, 0x5E, 0x09,
    0x8F, 0x98, 0xA9, 0x04, 0x36, 0x14, 0x2E, 0x50, 0x37, 0xF9, 0x75, 0xB3, 0xB6, 0xC3, 0x51, 0xE2,
    0x1F, 0xEA, 0x41, 0xA4, 0x6E, 0x99, 0x8F, 0x44, 0xB2, 0xF4, 0x76, 0xA7, 0x8D, 0x74, 0xD1, 0xCD,
    0x77, 0xC3, 0xF2, 0x39, 0xDB, 0x39, 0x81, 0xB4, 0xD2, 0xEB, 0x81, 0xA7, 0x8C, 0x7C, 0xE6, 0xB6,
    0xF4, 0xD3, 0x1B, 0xAA, 0x08, 0x0F, 0x0D, 0x2C, 0x64, 0x7E, 0x76, 0xED, 0x22, 0x55, 0x74, 0x99,
    0x31, 0xD6, 0xD3, 0xCE, 0xC8, 0x1F, 0x69, 0x97, 0xC7, 0x1D, 0x17, 0xFF, 0x02, 0x03, 0xFB, 0xD4,
    0x3E, 0x58, 0xFA, 0xB6, 0xE2, 0x56, 0xC7, 0xE9, 0x59, 0x22, 0x3D, 0x2D, 0x62, 0x26, 0xEB, 0xCB,
    0x15, 0x76, 0x6D, 0x6F, 0x65, 0xDC, 0xA7, 0xC9, 0xBC, 0x25, 0xD8, 0x9A, 0x5B, 0xC4, 0xEB, 0xEE,
    0xCD, 0xA6, 0xE5, 0x6A, 0x3D, 0x31, 0x8D, 0x87, 0xAC, 0x59, 0x4E, 0x83, 0x97, 0xF3, 0xE1, 0x17,
    0xD8, 0xB4, 0x39, 0x3F, 0x11, 0x80, 0x36, 0xA4, 0x51, 0xDF, 0x11, 0x5F, 0x64, 0x90, 0x54, 0x75,
    0xC5, 0x93, 0x19, 0xC9, 0xFF, 0x78, 0xFE, 0xDC, 0xF1, 0x0A, 0xD9, 0x0E, 0xF3, 0x49, 0x5C, 0xD1,
    0xAD, 0x22, 0xA3, 0x04, 0xD2, 0x31, 0x1F, 0x97, 0x3C, 0x7B, 0xF3, 0x49, 0x27, 0xD2, 0x4F, 0x26,
    0xF9, 0x4B, 0x27, 0xC9, 0xFA, 0x64, 0xB2, 0x37, 0x3A, 0x59, 0xE4, 0x0C, 0xE3, 0xEE, 0x24, 0x0D,
    0x9F, 0xCD, 0x83, 0xA8, 0x0F, 0x7B, 0xB9, 0x1A, 0xA3, 0x5E, 0xFA, 0x7B, 0x55, 0x30, 0xA0, 0x5A,
    0x21, 0x0E, 0x55, 0xD4, 0x45, 0x83, 0xB4, 0x12, 0xAA, 0xA8, 0x0D, 0xE5, 0xE8, 0xCC, 0x14, 0x9B,
    0x26, 0x1C, 0xA5, 0x59, 0x5C, 0x24, 0x75, 0x30, 0x2A, 0x40, 0x59, 0x1E, 0x8C, 0x52, 0x92, 0x59,
    0x24, 0xB0, 0x93, 0x9E, 0xC9, 0x60, 0x4A, 0x9F, 0xFC, 0x50, 0x68, 0x3D, 0x5F, 0x61, 0xAB, 0xB3,
    0x5D, 0x5A, 0x88, 0x95, 0xE0, 0xC2, 0x33, 0x33, 0x6D, 0xC6, 0x12, 0xA7, 0x22, 0x3F, 0x2F, 0x79,
    0x08, 0x7C, 0xEA, 0xB4, 0xF1, 0x81, 0x21, 0xF3, 0x00, 0x57, 0x0A, 0x6F, 0xD4, 0x2B, 0xB8, 0xF0,
    0x50, 0xBD, 0xEE, 0xE8, 0xAF, 0xFA, 0x14, 0x34, 0x8A, 0xD0, 0x75, 0x15, 0x0C, 0xB7, 0x8D, 0x5C,
    0xB7, 0xDF, 0xA2, 0xE4, 0x0F, 0xAA, 0x1C, 0x16, 0x53, 0x75, 0x48, 0xC2, 0x61, 0x3E, 0x90, 0xF8,
    0x43, 0xF0, 0xF0, 0xCB, 0x0E, 0xF5, 0x4D, 0xDC, 0x45, 0x9F, 0x77, 0x80, 0x29, 0xEE, 0xE2, 0x7F,
    0x76, 0x7C, 0x7B, 0xA4, 0x4B, 0x3E, 0xEE, 0x63, 0xBE, 0xAF, 0x90, 0xFC, 0xA2, 0x07, 0x40, 0x51,
    0x9F, 0xBD, 0xDE, 0xC3, 0x6A, 0xA2, 0xDE, 0x86, 0x3C, 0x5B, 0x0C, 0xFB, 0xFB, 0x01, 0x5F, 0x36,
    0x08, 0x87, 0x31, 0x18, 0x50, 0xA5, 0x86, 0x47, 0x83, 0x19, 0xF9, 0x0A, 0xC6, 0x13, 0x28, 0x80,
    0xA5, 0x23, 0x50, 0x98, 0xA5, 0x1E, 0xAC, 0x15, 0x10, 0x72, 0xDF, 0x2E, 0xAF, 0x4E, 0x3A, 0x57,
    0x69, 0x00, 0x06, 0xF3, 0x71, 0xE2, 0x92, 0xE9, 0x03, 0x34, 0xBA, 0xA8, 0x67, 0xED, 0x15, 0x94,
    0xE6, 0xE6, 0x69, 0x1B, 0x42, 0x12, 0x2C, 0x74, 0xA6, 0xED, 0x14, 0x35, 0xED, 0xC6, 0xE6, 0xDC,
    0x89, 0xD4, 0x8A, 0x54, 0x60, 0x95, 0xF4, 0xDC, 0x6D, 0x4E, 0x45, 0xDB, 0x5A, 0x5E, 0xA4, 0xA8,
    0xA9, 0xD6, 0xA4, 0x39, 0x94, 0x1A, 0x46, 0x9A, 0x09, 0x9F, 0xF7, 0x6B, 0xD0, 0x96, 0x2A, 0x17,
    0x82, 0xE7, 0xA7, 0xCB, 0xCC, 0xF1, 0xAB, 0xCA, 0xCC, 0xDD, 0x69, 0x39, 0x85, 0x67, 0x8D, 0x72,
    0xC2, 0xE8, 0x33, 0xD5, 0x9F, 0xE6, 0x8B, 0x91, 0x1A, 0x48, 0xF2, 0x0F, 0xCD, 0x93, 0xF3, 0x4A,
    0xDB, 0xF9, 0xA9, 0x76, 0x87, 0xAE, 0x9C, 0xA7, 0x47, 0x98, 0x90, 0x75, 0x62, 0x53, 0xEC, 0x72,
    0xED, 0x77, 0x52, 0x53, 0x6B, 0x47, 0x9E, 0x3A, 0x64, 0x95, 0xC5, 0x06, 0x7E, 0x29, 0xE2, 0x58,
    0x95, 0xED, 0x50, 0xC5, 0x1D, 0x45, 0xF6, 0x50, 0xA4, 0x9C, 0xB4, 0xAF, 0x3D, 0x8B, 0xD1, 0x9B,
    0x43, 0x7D, 0xD1, 0xA6, 0x90, 0xEE, 0x99, 0xB1, 0x76, 0x75, 0x41, 0xDE, 0x96, 0x29, 0xBB, 0x1A,
    0xA3, 0x36, 0x88, 0x96, 0xD7, 0x74, 0xB4, 0xF3, 0x26, 0xFE, 0x72, 0xA9, 0x91, 0x3D, 0x52, 0x1E,
    0x12, 0xFF, 0xFB, 0x4C, 0x97, 0x6C, 0xD5, 0xCD, 0xD9, 0x47, 0x66, 0x79, 0x6D, 0x8B, 0x61, 0x78,
    0xD2, 0x6D, 0x19, 0x1D, 0xD3, 0x31, 0xE8, 0xCF, 0xF6, 0x13, 0xDF, 0x68, 0x1D, 0x4B, 0xD7, 0x5C,
    0x25, 0xD7, 0x96, 0x4D, 0x25, 0x75, 0xFD, 0x9C, 0xAF, 0x78, 0x6D, 0x9D, 0xC2, 0xF1, 0xA0, 0xF8,
    0x0E, 0x8B, 0x5D, 0x38, 0x0C, 0xD2, 0xDE, 0x1C, 0x1E, 0x1C, 0xBC, 0xD7, 0xC9, 0xAB, 0x38, 0x8D,
    0xC1, 0x24, 0xD8, 0x13, 0xBD, 0x9C, 0x0D, 0xDF, 0x91, 0x83, 0xE1, 0xA5, 0xD2, 0xD6, 0xB8, 0x21,
    0xE2, 0x6A, 0xBE, 0xA8, 0x6F, 0x7A, 0x29, 0xCC, 0x45, 0xBD, 0xDE, 0xD4, 0x06, 0xA9, 0xBE, 0xD7,
    0x22, 0x67, 0xF4, 0x7A, 0x33, 0xC0, 0x80, 0x37, 0xE4, 0x66, 0x26, 0xC7, 0x22, 0x7B, 0x70, 0x06,
    0x6C, 0x2A, 0x55, 0x10, 0x61, 0xF4, 0xD4, 0x09, 0x5D, 0x3D, 0x7D, 0xB9, 0xF4, 0xED, 0xB8, 0x5A,
    0xBE, 0x1A, 0xA4, 0x8D, 0x55, 0xD1, 0xF9, 0xB7, 0xCE, 0x7A, 0x89, 0x0E, 0x6B, 0x71, 0x9E, 0x74,
    0x58, 0x43, 0xD6, 0x20, 0xD9, 0x85, 0x93, 0x7B, 0x57, 0x76, 0xB4, 0xE0, 0x27, 0x4B, 0x91, 0xB7,
    0x05, 0x98, 0x23, 0x4B, 0xB2, 0x18, 0xAF, 0x6F, 0xA4, 0xE9, 0xBB, 0x04, 0x66, 0x93, 0x03, 0xF0,
    0x24, 0x47, 0x9A, 0x98, 0xE6, 0xD9, 0x93, 0x83, 0x8A, 0x2D, 0x15, 0xA7, 0x04, 0x9F, 0xEF, 0x98,
    0xE3, 0x43, 0x3B, 0xDF, 0xDF, 0x14, 0x5A, 0x6D, 0x9D, 0x20, 0x5C, 0x16, 0x98, 0xEF, 0x2C, 0xCB,
    0xDF, 0x8C, 0xCB, 0x58, 0xEA, 0xD8, 0xF3, 0x8B, 0x01, 0xF7, 0x45, 0x89, 0x24, 0x7B, 0x92, 0x12,
    0xD8, 0x9A, 0x88, 0x26, 0x5F, 0x8E, 0xC7, 0x95, 0x8C, 0x6E, 0x95, 0x97, 0x2F, 0x9B, 0x25, 0x07,
    0xB5, 0xF9, 0x11, 0x82, 0x17, 0x62, 0x6A, 0x30, 0x71, 0x37, 0x16, 0x0C, 0x3A, 0x92, 0xBC, 0x48,
    0x25, 0x12, 0x5C, 0x10, 0xD8, 0x6B, 0x03, 0x5C, 0xDA, 0xE3, 0xD2, 0xA8, 0xAE, 0x1E, 0x4F, 0xB2,
    0xBC, 0x7B, 0xE2, 0x7F, 0xEE, 0x9D, 0xEC, 0xBD, 0xC5, 0xDD, 0x57, 0x75, 0xE0, 0xF4, 0xED, 0xBB,
    0xB4, 0x59, 0xDF, 0x9E, 0xF5, 0x54, 0xDF, 0xC6, 0x53, 0x37, 0xED, 0x4F, 0xBD, 0xF3, 0x63, 0x8F,
    0x5D, 0x9D, 0xEE, 0xA6, 0x9E, 0xE7, 0x08, 0xC3, 0xA7, 0x1A, 0x82, 0xD1, 0x56, 0x43, 0x50, 0x45,
    0x90, 0x09, 0x5F, 0x95, 0xDD, 0xA8, 0x01, 0xC4, 0x6E, 0x75, 0xDF, 0xFE, 0x03, 0xED, 0x5A, 0xBF,
    0x8F, 0xE5, 0x56, 0x15, 0xBE, 0x7E, 0xDE, 0x1D, 0x03, 0x96, 0xF0, 0x22, 0x25, 0x52, 0x60, 0x91,
    0x4C, 0x91, 0x22, 0x42, 0x02, 0x37, 0x29, 0x90, 0xC8, 0x8C, 0x1D, 0x10, 0x35, 0x2B, 0x94, 0x34,
    0xA4, 0x48, 0x8A, 0xA5, 0xA1, 0x59, 0x4A, 0x8A, 0xCD, 0xDA, 0xE1, 0x2F, 0x58, 0x09, 0x48, 0x9D,
    0x82, 0x86, 0x99, 0x22, 0x0D, 0x45, 0x8A, 0xD9, 0xB1, 0x57, 0x29, 0xD2, 0xBA, 0xA3, 0xA0, 0x88,
    0x8B, 0x85, 0x22, 0x29, 0xE2, 0x08, 0xA3, 0xBC, 0x9D, 0xD8, 0xBE, 0x9C, 0xEF, 0x3B, 0xF7, 0xDA,
    0xEF, 0xED, 0x0C, 0x3F, 0x1A, 0x76, 0xC3, 0x82, 0xF7, 0xED, 0xBD, 0xD7, 0x1E, 0x3F, 0xBF, 0x7B,
    0xBF, 0xF3, 0xEB, 0x3B, 0xE7, 0xDA, 0x18, 0x1C, 0xD7, 0xD8, 0x86, 0x3D, 0xBB, 0xCD, 0xA0, 0x67,
    0xC3, 0x72, 0x31, 0x38, 0x2E, 0xD2, 0xCE, 0x98, 0xD2, 0x5A, 0x5B, 0x99, 0x50, 0xDA, 0x87, 0xC6,
    0xA4, 0xF6, 0x6D, 0x2B, 0xD7, 0xF2, 0xC1, 0x64, 0x72, 0xA3, 0x5C, 0x8F, 0x47, 0xB3, 0xB1, 0x72,
    0xFF, 0x68, 0xA2, 0x51, 0x1E, 0x32, 0x99, 0x44, 0xAE, 0x07, 0xB3, 0x49, 0xF0, 0x54, 0x6B, 0xB2,
    0x8E, 0x5D, 0xDE, 0xAC, 0xDD, 0x6C, 0xCA, 0x8A, 0xB7, 0xA0, 0x93, 0x2F, 0xD4, 0x05, 0xBF, 0xBE,
    0xD3, 0x45, 0x5B, 0x76, 0xF2, 0x24, 0xDC, 0x92, 0xF6, 0xA6, 0x94, 0xEF, 0xE5, 0x2D, 0x3E, 0xF8,
    0xC9, 0xAC, 0x97, 0xD9, 0xC8, 0x9F, 0x27, 0x93, 0xCA, 0x4F, 0x46, 0xF6, 0x63, 0x8B, 0xC9, 0x72,
    0x96, 0xC6, 0x64, 0x76, 0xCB, 0x05, 0xBC, 0x6A, 0xF6, 0x8E, 0xA4, 0x79, 0xB4, 0x4D, 0xD9, 0xE6,
    0x85, 0x4C, 0xDF, 0xCE, 0xF8, 0x9E, 0xC5, 0x82, 0x3E, 0xB2, 0x8D, 0x09, 0x67, 0x4C, 0x5B, 0x26,
    0x21, 0x6B, 0x90, 0x4F, 0xDC, 0x9B, 0xB4, 0x35, 0xD1, 0x80, 0xD9, 0xA3, 0xAD, 0xD0, 0x96, 0xDA,
    0x16, 0xF8, 0xAB, 0xB4, 0x89, 0xB6, 0x1D, 0x5A, 0xB9, 0x59, 0xFE, 0x2A, 0x37, 0xCB, 0x47, 0x96,
    0x91, 0xB5, 0x1B, 0x79, 0x7C, 0xF2, 0xF0, 0x16, 0xE7, 0x0A, 0xF0, 0x4C, 0x6D, 0x65, 0x75, 0xE6,
    0xEA, 0x8D, 0x65, 0x76, 0xCF, 0x68, 0xA7, 0x33, 0x37, 0xE3, 0x6E, 0x17, 0xE8, 0xC5, 0xEB, 0x43,
    0x29, 0xAB, 0xB4, 0xB6, 0xAD, 0xD1, 0xCD, 0x26, 0x9A, 0x70, 0x0D, 0x80, 0x61, 0x06, 0xE1, 0x96,
    0x9D, 0xCC, 0x08, 0x33, 0x61, 0xD7, 0xE1, 0x02, 0x3A, 0x08, 0x42, 0xA6, 0x84, 0x2E, 0x6B, 0x70,
    0x01, 0x9D, 0x5C, 0xC0, 0xF4, 0x5C, 0x97, 0x01, 0x5E, 0x4E, 0x19, 0xF3, 0xF7, 0x9D, 0xA0, 0x59,
    0xF3, 0xBA, 0x08, 0x0E, 0x17, 0x44, 0x70, 0xE8, 0x44, 0x62, 0xB8, 0x88, 0x5F, 0x96, 0x3B, 0x63,
    0xF9, 0x65, 0x01, 0xAB, 0xC4, 0x6F, 0xD9, 0x13, 0x01, 0x0F, 0x6B, 0xB4, 0x86, 0x8B, 0x7C, 0xC0,
    0xF9, 0xBF, 0xB2, 0x2F, 0x08, 0xF3, 0x26, 0xDB, 0x3B, 0x3B, 0xED, 0x3D, 0xDE, 0x37, 0xE6, 0xF2,
    0x7C, 0x3B, 0xE4, 0x13, 0x64, 0x7C, 0x7D, 0x34, 0xC1, 0x64, 0x36, 0x23, 0x3E, 0xA1, 0xB6, 0x5B,
    0x0C, 0xD0, 0x6E, 0xB1, 0x40, 0x6D, 0xE5, 0x13, 0xF7, 0xEE, 0x93, 0x2C, 0x9F, 0xCE, 0x88, 0xDA,
    0x26, 0xA2, 0x2E, 0x1D, 0x16, 0x58, 0xB7, 0x72, 0x1A, 0x58, 0x20, 0x10, 0x7F, 0x28, 0x00, 0xCC,
    0xF5, 0xEB, 0x0F, 0x64, 0x92, 0x63, 0x3A, 0x8B, 0xE4, 0xBB, 0x6C, 0x5E, 0xD0, 0xD7, 0x23, 0xF0,
    0x66, 0x81, 0x23, 0x6E, 0x36, 0xFD, 0x72, 0x12, 0x0D, 0xB0, 0x06, 0x7F, 0xDB, 0x0C, 0x0D, 0xF5,
    0x47, 0x3D, 0xEE, 0x3C, 0x21, 0xEB, 0x77, 0x4E, 0x0E, 0x0A, 0x73, 0xE1, 0x00, 0x22, 0xC1, 0xAB,
    0x72, 0x00, 0x24, 0xE8, 0x5E, 0x62, 0x89, 0x19, 0xDA, 0xCE, 0x9F, 0x5C, 0x9F, 0x8F, 0xED, 0x68,
    0x92, 0x8F, 0x8E, 0x4F, 0x66, 0xC3, 0x75, 0xCE, 0x26, 0x2D, 0x68, 0x63, 0x72, 0x12, 0x58, 0x93,
    0x52, 0xD4, 0x14, 0x72, 0x5D, 0x65, 0x34, 0x0F, 0x5E, 0xC8, 0x9B, 0x2B, 0xF2, 0xA4, 0xC2, 0x9F,
    0x88, 0x85, 0xCD, 0x86, 0x7A, 0xC0, 0x13, 0x88, 0x0B, 0xD0, 0xF0, 0x24, 0xC5, 0x44, 0x9D, 0x0A,
    0xD0, 0xC4, 0x54, 0x11, 0x1A, 0x0A, 0x7C, 0x39, 0x09, 0x27, 0xDA, 0x89, 0x9E, 0x24, 0xD4, 0x46,
    0xE8, 0x84, 0xA8, 0x38, 0x6D, 0x5B, 0x15, 0xA4, 0xD0, 0xEF, 0x53, 0x4D, 0x2C, 0xA6, 0x47, 0x54,
    0xF8, 0xE3, 0xE1, 0xE8, 0x4F, 0x64, 0x94, 0xA8, 0x77, 0x81, 0xF5, 0x6E, 0x21, 0x9F, 0x4D, 0x45,
    0xB5, 0x12, 0xC8, 0x6A, 0x31, 0xA8, 0x86, 0x27, 0x75, 0x03, 0x87, 0x12, 0x37, 0xD0, 0x80, 0xC8,
    0x72, 0xC9, 0x62, 0xB1, 0x50, 0xAB, 0xAD, 0x82, 0x53, 0x01, 0x36, 0x11, 0x68, 0xBA, 0x9C, 0xD0,
    0x31, 0xC9, 0x71, 0x09, 0xD8, 0x72, 0x7C, 0xCF, 0x44, 0xCB, 0xF8, 0x0E, 0x2C, 0xDE, 0x0B, 0xEA,
    0xFE, 0xE4, 0xC5, 0x61, 0x92, 0xCF, 0x7B, 0x2F, 0x0D, 0x71, 0x2E, 0x8D, 0x17, 0x86, 0x42, 0xA1,
    0xB2, 0xD0, 0x3B, 0x55, 0x14, 0x5E, 0x23, 0xFC, 0x52, 0xBD, 0x20, 0x9C, 0xB3, 0x21, 0xF4, 0x09,
    0xE5, 0xA8, 0xE3, 0x54, 0xC7, 0x9D, 0x1B, 0xCF, 0x5E, 0x08, 0x19, 0xE1, 0x51, 0x19, 0x1C, 0x79,
    0x1B, 0x95, 0xF1, 0x73, 0xEC, 0xBD, 0x38, 0xA0, 0x6A, 0x4E, 0x00, 0xC1, 0xB4, 0xE2, 0x1F, 0x6D,
    0x57, 0xF8, 0xE9, 0x6E, 0x15, 0x7D, 0xF5, 0xB2, 0x0A, 0xBE, 0x4A, 0x52, 0xB1, 0xDF, 0x4C, 0x2B,
    0xF4, 0x31, 0xE5, 0xA0, 0xC8, 0x8B, 0x56, 0xF7, 0x0E, 0x78, 0x79, 0xAA, 0x28, 0xBC, 0xE2, 0x2E,
    0x77, 0x4A, 0x10, 0x50, 0xD8, 0x43, 0x7B, 0x7C, 0xD2, 0x39, 0xD4, 0x23, 0x02, 0xA3, 0xA0, 0x47,
    0xBC, 0xF2, 0xE8, 0x11, 0x34, 0xE6, 0x45, 0x68, 0x96, 0x2D, 0xC2, 0x21, 0x18, 0x39, 0x32, 0x66,
    0x8A, 0x81, 0x26, 0x9E, 0x5B, 0x2A, 0x4C, 0x32, 0x4A, 0x39, 0x23, 0xFC, 0xB4, 0xCE, 0x07, 0xA3,
    0x80, 0xE2, 0x09, 0xA6, 0xE5, 0x61, 0xDE, 0xB4, 0x82, 0x8D, 0x1B, 0x89, 0xA7, 0x1F, 0xF1, 0xFB,
    0x03, 0x64, 0xBE, 0x85, 0xA0, 0xC4, 0x11, 0x9F, 0xD7, 0x1C, 0xF5, 0x81, 0x2D, 0xE4, 0x59, 0x12,
    0x9D, 0x5A, 0x44, 0xA4, 0x3E, 0x10, 0xBF, 0x5C, 0xC5, 0xF4, 0x12, 0x77, 0x11, 0x94, 0xD4, 0x2B,
    0xCA, 0x9F, 0xE0, 0x0A, 0x7B, 0x4A, 0x47, 0x00, 0x74, 0xD6, 0xA1, 0xBE, 0x1B, 0x68, 0x97, 0x70,
    0xDB, 0x04, 0xAC, 0xE6, 0x5F, 0x80, 0x74, 0x4D, 0x1B, 0xC1, 0xAD, 0x32, 0xB2, 0x8D, 0x13, 0x4C,
    0x20, 0x0A, 0x68, 0x4D, 0x5C, 0x95, 0x55, 0x64, 0x2B, 0x28, 0x78, 0x91, 0xB7, 0x69, 0x89, 0x39,
    0xA4, 0x45, 0x7E, 0x3E, 0xE5, 0x5D, 0x7A, 0x7E, 0x5C, 0x8B, 0xDA, 0x0E, 0xF9, 0x98, 0x43, 0x07,
    0x42, 0x5B, 0x95, 0x3A, 0xDA, 0x77, 0x3B, 0xCE, 0x8F, 0x88, 0x73, 0x0F, 0x00, 0xA9, 0xAC, 0x04,
    0x71, 0x49, 0xFC, 0x2B, 0x80, 0x48, 0x07, 0xEA, 0x9A, 0x2A, 0xD3, 0x32, 0xC0, 0x4A, 0x38, 0x9F,
    0xD8, 0xDB, 0x71, 0xB2, 0x0C, 0x3A, 0x67, 0xBF, 0x1C, 0xD0, 0xD6, 0x5B, 0x37, 0xC0, 0x55, 0x2A,
    0xCD, 0x32, 0xA0, 0xBA, 0x40, 0x75, 0x70, 0x82, 0xC5, 0xAD, 0x03, 0x5C, 0xA5, 0x0A, 0xD5, 0x4E,
    0x3A, 0xEB, 0x40, 0xAE, 0x6E, 0x29, 0x25, 0x19, 0xA8, 0x94, 0x67, 0x13, 0x0C, 0x90, 0x11, 0x1C,
    0x77, 0x1F, 0x6A, 0xB4, 0xB3, 0x1C, 0xD4, 0x1C, 0x6C, 0x75, 0xD0, 0x45, 0xC3, 0x8E, 0xC9, 0xA8,
    0xBD, 0x38, 0xBF, 0x1A, 0xD4, 0x8D, 0x0E, 0x72, 0x6F, 0xC9, 0xB9, 0xD7, 0x83, 0x6F, 0xDF, 0x5D,
    0xD5, 0xAB, 0x58, 0xAD, 0xCC, 0x28, 0x3A, 0xC0, 0x0D, 0xEE, 0x0C, 0xB0, 0x51, 0xC8, 0x93, 0x7A,
    0x72, 0xFF, 0x53, 0xBE, 0xF7, 0xBF, 0x88, 0x3E, 0xB2, 0xAA, 0x02, 0xB1, 0x55, 0xA9, 0x6E, 0x6C,
    0xE5, 0xE0, 0xAA, 0x14, 0x2D, 0x28, 0x81, 0xB3, 0x24, 0xDF, 0x3B, 0x1A, 0xA3, 0x00, 0xCD, 0x6B,
    0x0F, 0x9C, 0x02, 0xD5, 0x16, 0x2A, 0x2C, 0x7A, 0x40, 0x01, 0x90, 0x42, 0xED, 0x07, 0xF4, 0x80,
    0x48, 0x70, 0x50, 0x84, 0x06, 0x05, 0x28, 0x1A, 0x14, 0x1F, 0x99, 0x13, 0xE1, 0xF1, 0x73, 0xF4,
    0xCB, 0xF3, 0xE0, 0x24, 0xCE, 0xD0, 0x52, 0x8F, 0x91, 0xEB, 0x5D, 0x1C, 0xAA, 0x9D, 0x53, 0x72,
    0xF4, 0xC7, 0xD8, 0xCA, 0xA3, 0x2C, 0xA3, 0x9B, 0x89, 0xAD, 0x82, 0xE9, 0x40, 0x0C, 0x52, 0x58,
    0x17, 0xF8, 0x4D, 0x8D, 0xE9, 0x59, 0x84, 0x3A, 0xEB, 0x05, 0x6A, 0x26, 0xB5, 0x3B, 0x0B, 0x21,
    0xB2, 0xB9, 0x05, 0xE1, 0x25, 0x10, 0x5C, 0x82, 0xD9, 0x26, 0x90, 0x5C, 0xD2, 0x92, 0x0E, 0x49,
    0x93, 0x35, 0x09, 0x9B, 0x0E, 0xAE, 0x4E, 0x9A, 0x4A, 0x40, 0x93, 0x06, 0x66, 0x24, 0x70, 0x95,
    0x64, 0x3F, 0x68, 0x84, 0xF5, 0x3D, 0x90, 0x1F, 0x10, 0x49, 0xCA, 0x6F, 0x8F, 0xC1, 0xE4, 0xAD,
    0x9B, 0xE6, 0xCC, 0xE0, 0x00, 0xCD, 0x50, 0x11, 0xA5, 0xA4, 0x11, 0x8D, 0x7A, 0x0C, 0x32, 0xCC,
    0x7D, 0xEB, 0x00, 0x19, 0x55, 0x06, 0x24, 0x0A, 0x52, 0xDB, 0x16, 0xF2, 0xBE, 0x6E, 0x69, 0x9F,
    0x20, 0x44, 0x10, 0x69, 0xA8, 0x6C, 0x28, 0x12, 0x1F, 0x15, 0x2A, 0x15, 0x8A, 0x3F, 0x91, 0xDE,
    0xB1, 0xA2, 0x3F, 0x09, 0xE8, 0x8E, 0x19, 0xBD, 0x3F, 0x9A, 0xB8, 0x5D, 0x86, 0x89, 0x32, 0xA4,
    0xE4, 0xFE, 0x8C, 0x60, 0x03, 0xCC, 0xD3, 0xCA, 0xFA, 0x61, 0x56, 0xD5, 0x45, 0xAA, 0x6C, 0x29,
    0x2B, 0xC4, 0x81, 0x57, 0xEA, 0x99, 0xC5, 0x47, 0x64, 0x7E, 0x98, 0x74, 0x99, 0x32, 0x27, 0x19,
    0xF6, 0xB9, 0x73, 0xD1, 0x32, 0x2F, 0x37, 0x3C, 0x93, 0x95, 0xE6, 0xAA, 0x27, 0xF7, 0xC4, 0xAF,
    0xDC, 0xD1, 0x21, 0xA8, 0xCE, 0x99, 0x6A, 0x0B, 0x94, 0x66, 0x52, 0x5B, 0x93, 0x61, 0xA9, 0x43,
    0xA8, 0x52, 0x4E, 0xB5, 0x31, 0x91, 0xFC, 0x4F, 0x47, 0x55, 0x32, 0x70, 0x99, 0x75, 0x28, 0x21,
    0x7D, 0xB3, 0xD2, 0x8F, 0x70, 0x1D, 0xC6, 0x2B, 0x7C, 0xB7, 0x16, 0x4A, 0x42, 0x74, 0x9D, 0x22,
    0xD9, 0xE5, 0xEF, 0xDF, 0x78, 0x67, 0xD7, 0x7D, 0xDF, 0xBD, 0xF8, 0x04, 0x09, 0x19, 0x0E, 0x7D,
    0x89, 0xE0, 0x0E, 0xFC, 0x78, 0xC1, 0x5E, 0x2C, 0xD2, 0x41, 0x6F, 0x16, 0xE4, 0xCD, 0x02, 0xBC,
    0xF1, 0xB8, 0x87, 0x98, 0x38, 0x61, 0xA7, 0xED, 0x11, 0x75, 0x98, 0xBC, 0x03, 0x1D, 0x7C, 0x54,
    0x31, 0x17, 0xC4, 0x1C, 0xE4, 0x12, 0xAC, 0x1D, 0xE2, 0x60, 0xA4, 0x0A, 0x78, 0xBD, 0xE0, 0x5D,
    0x2F, 0x70, 0xDB, 0x05, 0xED, 0x79, 0x01, 0x7B, 0xF6, 0x58, 0x03, 0x29, 0x85, 0x1A, 0x80, 0x2A,
    0xD2, 0x9B, 0xD1, 0x03, 0x2D, 0x88, 0x39, 0x9C, 0xC1, 0x29, 0x15, 0xE6, 0x70, 0xEB, 0x51, 0xA6,
    0x75, 0x12, 0xE4, 0xC5, 0x6D, 0xAD, 0x7E, 0x6B, 0x67, 0x94, 0x2C, 0xD4, 0x30, 0x59, 0x02, 0x62,
    0xB6, 0x40, 0x5D, 0x7A, 0x63, 0x2C, 0xED, 0x45, 0xCA, 0x58, 0xAF, 0xAE, 0xCD, 0x65, 0x04, 0xA1,
    0xB3, 0xE1, 0x78, 0xDC, 0xEF, 0x97, 0x29, 0x5C, 0xCE, 0x73, 0xF0, 0xAC, 0x6D, 0x6C, 0x0B, 0xA1,
    0xB5, 0x56, 0xD2, 0x85, 0x26, 0xB4, 0xDD, 0xAD, 0x4F, 0xC5, 0xA3, 0x04, 0x75, 0x1B, 0x7D, 0xD6,
    0x89, 0x6D, 0xA5, 0x4D, 0x64, 0x0B, 0x5A, 0xAD, 0x38, 0x48, 0x99, 0xBB, 0x18, 0xEE, 0xC8, 0xBE,
    0x12, 0xA9, 0x32, 0x14, 0x2A, 0x7D, 0x2E, 0x0B, 0xE4, 0x0D, 0xE8, 0x45, 0xE5, 0x41, 0xA1, 0x99,
    0x32, 0x34, 0xDA, 0x67, 0x8D, 0x26, 0x72, 0xF2, 0x99, 0x99, 0x35, 0x54, 0x02, 0x6E, 0x8E, 0x7C,
    0x41, 0x70, 0x2E, 0x11, 0x3B, 0x05, 0x5B, 0x04, 0xCB, 0x4E, 0xFB, 0x7A, 0x0C, 0xE9, 0x6A, 0xEC,
    0xE8, 0x97, 0xE5, 0xFB, 0xC5, 0x3B, 0xFF, 0x03, 0x8F, 0xE7, 0x3C, 0xDC, 0xF7, 0x5D, 0x30, 0xF0,
    0xB1, 0xA0, 0xEC, 0x5C, 0xF2, 0x1A, 0x68, 0x3A, 0x91, 0x54, 0x74, 0xDA, 0xB5, 0xD2, 0x38, 0x42,
    0x15, 0x5A, 0xBD, 0xC7, 0x7D, 0xF3, 0x85, 0x3D, 0x8C, 0x34, 0xEE, 0x86, 0xEA, 0x2F, 0x23, 0xEB,
    0xCC, 0x62, 0xD7, 0x24, 0x72, 0xC6, 0x3D, 0x73, 0x47, 0xA9, 0xE2, 0x48, 0x2F, 0x1F, 0x6C, 0x29,
    0xCE, 0xB0, 0xA7, 0xFF, 0x8D, 0x3A, 0x76, 0x49, 0x43, 0x69, 0xA7, 0x95, 0x06, 0x8E, 0x82, 0x5D,
    0xAD, 0x6A, 0x41, 0x84, 0xA1, 0x67, 0x58, 0x66, 0x48, 0x96, 0x22, 0xBE, 0x18, 0x8C, 0xC5, 0x24,
    0xE7, 0xC7, 0x27, 0x23, 0xF5, 0x83, 0x59, 0x54, 0x41, 0x6D, 0xAC, 0x99, 0x0C, 0x43, 0x51, 0x85,
    0xA8, 0x44, 0x73, 0x61, 0xC4, 0x5D, 0xE7, 0xE2, 0xDF, 0x24, 0xEF, 0x2B, 0x49, 0xB8, 0x1C, 0x2A,
    0x42, 0x99, 0x7F, 0x21, 0xD3, 0x90, 0x74, 0x3D, 0x18, 0x49, 0x57, 0x10, 0x00, 0xB2, 0xC9, 0xE3,
    0x17, 0xEC, 0xEB, 0x46, 0x40, 0xC2, 0x34, 0xDD, 0x56, 0xAE, 0x04, 0x9A, 0x44, 0x86, 0x04, 0x72,
    0x34, 0x90, 0x17, 0x91, 0x12, 0x91, 0x0D, 0x91, 0x08, 0x91, 0x03, 0x91, 0xFE, 0x30, 0xDC, 0x91,
    0xF4, 0x90, 0xEF, 0x90, 0xEA, 0x90, 0xE5, 0x90, 0xE0, 0x90, 0xDB, 0x90, 0xD6, 0x90, 0xD1, 0x28,
    0xA8, 0x14, 0xC9, 0x29, 0x52, 0x93, 0xF2, 0x65, 0x18, 0xD2, 0xC7, 0xE0, 0x2D, 0x20, 0x88, 0x1B,
    0xE2, 0x7A, 0xF3, 0x02, 0xD7, 0x31, 0xE4, 0xD8, 0x8C, 0xD6, 0x54, 0x06, 0x36, 0xCA, 0x6B, 0xD6,
    0xA6, 0xF3, 0x0D, 0xA3, 0x72, 0xE6, 0xF3, 0x14, 0x55, 0x8F, 0xBC, 0xF2, 0x0D, 0x65, 0x56, 0x1B,
    0xDF, 0xD8, 0xA5, 0x99, 0x7D, 0xC4, 0x89, 0xA0, 0x0E, 0xFC, 0x59, 0x36, 0x72, 0x7C, 0xD3, 0xBC,
    0x90, 0x9B, 0x31, 0xF9, 0x60, 0x88, 0x6D, 0x1B, 0xDA, 0x02, 0x77, 0xDD, 0xD8, 0xCB, 0xEA, 0x04,
    0xB3, 0x5B, 0x9A, 0x69, 0x2E, 0x39, 0x26, 0x2D, 0x23, 0xA1, 0x5D, 0xA8, 0x35, 0xE4, 0x74, 0x58,
    0x39, 0x59, 0xA3, 0x24, 0x9B, 0xFA, 0x2D, 0x0F, 0x3E, 0x12, 0x31, 0x70, 0x6A, 0xF9, 0x36, 0xA6,
    0x1F, 0xCE, 0x3A, 0x2F, 0x6A, 0x69, 0x4E, 0x89, 0x7E, 0x65, 0x15, 0x58, 0x70, 0x5C, 0xD0, 0x47,
    0x4C, 0xAA, 0x30, 0x95, 0xAB, 0xB6, 0x68, 0xB1, 0x85, 0xB5, 0x16, 0x2D, 0xB5, 0x68, 0xA5, 0x45,
    0x0B, 0x2D, 0xC4, 0x68, 0xD6, 0x32, 0x8B, 0xD2, 0x13, 0x2D, 0xB2, 0x68, 0x8D, 0x45, 0x4B, 0x2C,
    0x5A, 0x5A, 0x59, 0xDB, 0x68, 0xAB, 0xE5, 0x15, 0xAD, 0xAE, 0x68, 0x71, 0x45, 0x6B, 0x2B, 0x5A,
    0x5A, 0xD1, 0xCA, 0x8A, 0x16, 0x56, 0x5C, 0x5D, 0xC5, 0x95, 0x55, 0xD6, 0xAA, 0x0A, 0xD5, 0x30,
    0x82, 0x1A, 0x6E, 0x56, 0x35, 0x44, 0xB0, 0xBA, 0x54, 0x0D, 0xF9, 0x0D, 0x3C, 0x22, 0x43, 0xF0,
    0x40, 0x95, 0x85, 0x45, 0x16, 0xD6, 0x58, 0x50, 0x62, 0x19, 0x58, 0x61, 0x61, 0x81, 0x85, 0x0D,
    0xCB, 0x2B, 0xA8, 0xAE, 0x0C, 0x2C, 0xAE, 0xF8, 0x46, 0x54, 0x13, 0x65, 0x0A, 0x16, 0x56, 0xB2,
    0x4E, 0xC0, 0x60, 0x59, 0x45, 0xAB, 0x2A, 0x2C, 0xAA, 0x68, 0x4D, 0xC5, 0xB9, 0x86, 0x53, 0x93,
    0xD1, 0x5F, 0xBC, 0x4C, 0x53, 0xA7, 0x36, 0xC2, 0x04, 0x5B, 0x9D, 0x8C, 0x4E, 0xEA, 0xE6, 0x85,
    0x69, 0x6A, 0x9D, 0xA5, 0x53, 0x96, 0xD1, 0xB2, 0xCE, 0xF2, 0xF0, 0x0B, 0x53, 0x67, 0xC9, 0xFF,
    0xAD, 0x3A, 0x0B, 0x13, 0x30, 0xCD, 0xBD, 0x98, 0x76, 0x31, 0xE3, 0x4A, 0x67, 0x1F, 0xD1, 0x2F,
    0xCA, 0x06, 0xA5, 0x97, 0x19, 0xFE, 0x75, 0x62, 0xE1, 0x85, 0x75, 0x17, 0x96, 0x5D, 0x58, 0x75,
    0x61, 0xD1, 0x85, 0x35, 0x17, 0x96, 0x5C, 0x58, 0x6E, 0xA1, 0x31, 0xB0, 0xDE, 0xC2, 0x72, 0x0B,
    0xAB, 0x2D, 0x2C, 0xB6, 0xB0, 0xD6, 0xC2, 0x52, 0x0B, 0x2B, 0x2D, 0x2C, 0xB4, 0x68, 0x9D, 0xE5,
    0x19, 0xE7, 0x69, 0x55, 0x1A, 0xDA, 0x65, 0x76, 0xDA, 0x99, 0xC6, 0x15, 0x2D, 0xBD, 0x94, 0x5A,
    0xFA, 0xB2, 0x2E, 0x61, 0xD5, 0xEE, 0x4D, 0x5F, 0x1D, 0x7B, 0x6A, 0x24, 0x55, 0x22, 0x22, 0xD4,
    0xAC, 0x3A, 0xDA, 0x7E, 0x09, 0xEC, 0x85, 0x08, 0x2E, 0x42, 0xF5, 0x11, 0xD3, 0x46, 0x13, 0xF6,
    0x71, 0xFB, 0xE4, 0xC4, 0xB5, 0x54, 0xC3, 0x86, 0x5D, 0x7A, 0xE9, 0x22, 0xB4, 0xC6, 0xC7, 0x6B,
    0x13, 0x6F, 0x1D, 0xBF, 0x75, 0x66, 0x18, 0xC2, 0xAC, 0x92, 0x7B, 0xAB, 0x15, 0xCD, 0xD3, 0xA7,
    0xCE, 0xBE, 0xB0, 0xE8, 0x4D, 0xEB, 0x03, 0x95, 0x2B, 0x69, 0x6B, 0xFD, 0x7C, 0xD3, 0xBF, 0x8F,
    0x45, 0x88, 0x95, 0x45, 0x68, 0xC2, 0x1E, 0xD4, 0xA6, 0xD8, 0xB5, 0xB7, 0xC7, 0x28, 0xBA, 0x6B,
    0x66, 0xA3, 0x86, 0x93, 0xEE, 0x12, 0xA4, 0xCF, 0xB6, 0x4A, 0x90, 0xA8, 0x53, 0xD7, 0xEC, 0x15,
    0x66, 0xAC, 0xCF, 0xE7, 0xE6, 0xD1, 0x1A, 0x7C, 0x30, 0x98, 0xA3, 0xA7, 0x4C, 0x74, 0x95, 0x00,
    0x23, 0x99, 0x09, 0x2A, 0x61, 0xF0, 0x83, 0x35, 0xAA, 0x0D, 0x19, 0xBD, 0x22, 0xE6, 0x7E, 0xFF,
    0x27, 0xBD, 0xA6, 0xB8, 0x69, 0x27, 0x7F, 0x4D, 0x1A, 0x11, 0x5D, 0xB0, 0xC7, 0xB4, 0x1F, 0xA3,
    0xE8, 0x02, 0x47, 0x8C, 0x9B, 0x5D, 0x6B, 0x73, 0x74, 0xD9, 0x15, 0xC4, 0xAE, 0xDD, 0x51, 0xAB,
    0x7B, 0x6E, 0xD7, 0xEA, 0xA6, 0xA7, 0xD5, 0xEA, 0xA0, 0xA6, 0xE6, 0x3B, 0x1A, 0x1C, 0x3C, 0xFF,
    0x63, 0x41, 0x11, 0x56, 0x17, 0xF6, 0xBF, 0xEE, 0x1D, 0x9D, 0x05, 0xEE, 0x11, 0xAC, 0x2E, 0x78,
    0x52, 0x56, 0x77, 0xD5, 0x71, 0xBE, 0x90, 0xD5, 0xC5, 0x6C, 0x87, 0xF3, 0x69, 0xE9, 0xBC, 0x7D,
    0x94, 0xF3, 0xFD, 0xFC, 0x06, 0xE3, 0xA0, 0x90, 0xAC, 0x8D, 0x2B, 0x71, 0xFF, 0xF6, 0xDD, 0x01,
    0x9C, 0x2F, 0x1C, 0x50, 0x66, 0xDC, 0xF4, 0xA0, 0x2A, 0x9B, 0x9E, 0x9C, 0xAF, 0x23, 0xE7, 0xBB,
    0xC1, 0xC2, 0x3D, 0x2A, 0x94, 0x4B, 0x92, 0xA4, 0xAD, 0xA6, 0x99, 0x82, 0xF2, 0xC1, 0x89, 0x15,
    0x1B, 0x96, 0x6C, 0x43, 0xDA, 0x83, 0xFA, 0x01, 0xA9, 0x59, 0xC5, 0xB6, 0xC0, 0x3D, 0x79, 0x41,
    0x29, 0x71, 0x32, 0x35, 0xF7, 0x2B, 0x6A, 0x70, 0xBE, 0x03, 0xC9, 0x3B, 0xEC, 0xB9, 0x04, 0xE6,
    0x40, 0xD3, 0x94, 0xCC, 0xCE, 0xC5, 0xFE, 0x4E, 0xDA, 0x3B, 0xC2, 0x98, 0x45, 0xFF, 0xEE, 0xC9,
    0x17, 0xA0, 0x26, 0xD9, 0x27, 0xAD, 0x4B, 0x9D, 0x34, 0x2E, 0xDC, 0x30, 0x97, 0xB0, 0xA9, 0xD7,
    0xC1, 0x65, 0x67, 0xA1, 0x1F, 0xEF, 0xCE, 0xA6, 0x6C, 0xA9, 0xA2, 0x22, 0x81, 0x49, 0xC1, 0xDF,
    0x8C, 0xD0, 0xBF, 0x51, 0x30, 0x0E, 0xB7, 0xA4, 0x80, 0xD2, 0xC4, 0x03, 0xD3, 0x11, 0xE8, 0x19,
    0x9A, 0x1C, 0x20, 0x96, 0x1D, 0x70, 0x97, 0xE5, 0x47, 0x1F, 0xB6, 0x82, 0xFB, 0x8F, 0x25, 0xB7,
    0x9D, 0x24, 0x03, 0xB3, 0x48, 0xC3, 0xAE, 0x9A, 0x6C, 0x49, 0x02, 0x72, 0x9F, 0x04, 0x08, 0x95,
    0x7F, 0x11, 0x79, 0x73, 0x69, 0x99, 0x42, 0x09, 0xBA, 0x07, 0x2A, 0x80, 0x2F, 0x3E, 0xC7, 0x3E,
    0xC3, 0x04, 0x03, 0x1A, 0x7B, 0x44, 0x11, 0x33, 0xC1, 0x75, 0xAD, 0x6E, 0x41, 0x25, 0x4C, 0x6C,
    0x23, 0x4D, 0x6F, 0x9F, 0x79, 0xAC, 0x0C, 0x9B, 0x56, 0x97, 0x29, 0xBD, 0x76, 0xB4, 0x80, 0x73,
    0x25, 0x4B, 0x0B, 0x48, 0x64, 0xB0, 0x19, 0x08, 0x3B, 0xF8, 0xFF, 0x5E, 0xD7, 0x7F, 0x7C, 0xAF,
    0xEB, 0x95, 0x9D, 0x74, 0xDA, 0xFA, 0x6D, 0xA9, 0x65, 0xEF, 0xCA, 0xEC, 0xEC, 0x5D, 0x99, 0xFF,
    0xEF, 0x5D, 0xFD, 0xCB, 0xBD, 0xAB, 0x74, 0xD9, 0x40, 0x5C, 0x6B, 0xA3, 0xD1, 0x5A, 0x25, 0x5D,
    0x47, 0xF3, 0xC5, 0xD1, 0xFF, 0xDE, 0x8E, 0xD5, 0x15, 0xED, 0x0E, 0xCD, 0x4E, 0x3E, 0x4D, 0x3A,
    0x85, 0x7D, 0x75, 0x42, 0xF7, 0x50, 0xFF, 0xF4, 0x23, 0x07, 0x1F, 0xD1, 0x0E, 0xCF, 0xD5, 0xB3,
    0x35, 0x5B, 0x75, 0x6A, 0xEF, 0x69, 0xA7, 0xB9, 0xF9, 0x1F, 0x7B, 0xE3, 0xF7, 0x5F, 0xE5, 0xF8,
    0xD9, 0x53, 0x50, 0xAF, 0xC3, 0x54, 0x98, 0xBF, 0xD5, 0xBD, 0xAB, 0x85, 0x95, 0x58, 0xF8, 0x11,
    0x66, 0xFA, 0xB5, 0xDF, 0x19, 0x97, 0x96, 0xDF, 0x11, 0x0F, 0x67, 0xDE, 0x4B, 0xE4, 0xE2, 0xC0,
    0x06, 0xA7, 0x67, 0x67, 0x7E, 0x0B, 0x24, 0x78, 0xEC, 0x85, 0xBC, 0xBD, 0xCC, 0x0F, 0xEC, 0x63,
    0x29, 0x69, 0xFB, 0x0A, 0x74, 0xA0, 0xFC, 0x0C, 0x98, 0x2E, 0x26, 0x90, 0x2D, 0xE6, 0xF4, 0xA5,
    0x4B, 0x4A, 0xD3, 0x57, 0x19, 0x04, 0x14, 0x53, 0xE5, 0x78, 0xC9, 0x32, 0x0A, 0xEA, 0xFA, 0xA3,
    0xE3, 0x33, 0xDE, 0x76, 0x26, 0x73, 0x3E, 0x52, 0x33, 0x92, 0xD1, 0xA1, 0xBE, 0x92, 0x24, 0x13,
    0x7F, 0x89, 0xDF, 0xED, 0xBC, 0x0D, 0xA6, 0x8D, 0x1F, 0xE5, 0x85, 0x9F, 0x40, 0xBD, 0xD8, 0xE0,
    0xE8, 0x47, 0xE1, 0x56, 0x48, 0xD5, 0xA4, 0x45, 0x66, 0x3F, 0x4A, 0xDA, 0xD0, 0x8D, 0xF2, 0xCA,
    0x97, 0xA2, 0xCB, 0xE3, 0x93, 0xED, 0xE2, 0x3B, 0x07, 0xA7, 0xD1, 0x3E, 0x2D, 0x8F, 0x06, 0x5F,
    0x9A, 0x56, 0x42, 0x0C, 0x66, 0xA9, 0x64, 0x38, 0x6C, 0xA9, 0x0E, 0x32, 0x72, 0xFE, 0x1C, 0xF4,
    0xA5, 0x11, 0x22, 0x55, 0xF0, 0xAD, 0x29, 0x31, 0x39, 0xDB, 0x47, 0xEA, 0xB9, 0x45, 0x2D, 0xE2,
    0x9D, 0x57, 0x14, 0x5C, 0xB7, 0x69, 0xF7, 0x4B, 0xDF, 0xA5, 0xFF, 0xED, 0xCA, 0x6F, 0xBB, 0xEC,
    0xED, 0x29, 0x1C, 0x98, 0x7F, 0x76, 0x5C, 0xB7, 0xA2, 0x13, 0x5B, 0x2C, 0x61, 0x16, 0x68, 0x45,
    0xCC, 0xC7, 0xB6, 0xFC, 0x8B, 0x6D, 0x24, 0x3C, 0xE7, 0x56, 0x84, 0x23, 0x9E, 0x25, 0x1B, 0x65,
    0x86, 0xE8, 0x7B, 0x7D, 0xA4, 0x44, 0x35, 0x5F, 0x4A, 0x2D, 0x95, 0x43, 0xC1, 0xBE, 0x82, 0x57,
    0xEB, 0x8F, 0xB5, 0x36, 0x61, 0xC1, 0x00, 0xC1, 0x09, 0x7F, 0x5F, 0xE8, 0x3E, 0xAB, 0x0B, 0x8F,
    0xB5, 0x0B, 0x86, 0x5C, 0x8D, 0xA0, 0x68, 0xF5, 0x21, 0x49, 0xDD, 0x99, 0x5F, 0x9A, 0xEC, 0x6F,
    0x75, 0x32, 0xBF, 0x26, 0x8E, 0xC5, 0x6E, 0x23, 0xE8, 0x2A, 0xB4, 0x9E, 0xD4, 0x41, 0x54, 0xEB,
    0x6A, 0xB1, 0xB7, 0x87, 0xAB, 0x6F, 0x62, 0xA1, 0x6A, 0x4A, 0xD3, 0xAE, 0x76, 0x20, 0x98, 0xF5,
    0x8E, 0x37, 0x50, 0xCC, 0xA2, 0x24, 0x61, 0x4E, 0x3F, 0xFD, 0x0D, 0xBE, 0x21, 0x38, 0xDE, 0xD2,
    0x88, 0x47, 0x12, 0xF7, 0x67, 0x6C, 0xA5, 0x08, 0x9D, 0xC2, 0xDE, 0x8D, 0x64, 0x12, 0xB1, 0x65,
    0x34, 0x80, 0x2F, 0x97, 0xCF, 0xA1, 0x44, 0x05, 0xB9, 0xBE, 0xCD, 0x1B, 0x44, 0x91, 0x3E, 0x6F,
    0x24, 0xC4, 0x46, 0x42, 0x6F, 0x90, 0xE2, 0x09, 0x0B, 0x16, 0xDC, 0x8F, 0x0C, 0xBB, 0x53, 0x44,
    0xB7, 0x8E, 0xDE, 0x37, 0xED, 0x44, 0xAE, 0x75, 0x21, 0xAC, 0x1F, 0x9E, 0x32, 0xED, 0x32, 0x72,
    0x90, 0xEE, 0x14, 0xF4, 0x20, 0xF9, 0x74, 0x40, 0x94, 0x4E, 0xFE, 0xDA, 0x21, 0xBE, 0x63, 0x37,
    0x2D, 0xEB, 0xE9, 0x94, 0xE4, 0x27, 0x43, 0x5B, 0x80, 0x92, 0x05, 0xF6, 0xBC, 0x76, 0xEC, 0x12,
    0xC5, 0xED, 0x0F, 0xC8, 0xA2, 0xB3, 0xE2, 0x59, 0x2C, 0xE8, 0xE8, 0x72, 0xFB, 0x08, 0xBA, 0x75,
    0xBB, 0x2D, 0xA7, 0xC9, 0x13, 0x8B, 0x78, 0x5A, 0x85, 0xEF, 0x45, 0x1F, 0x12, 0xA4, 0x58, 0xC9,
    0x20, 0x99, 0xEC, 0x6D, 0xC6, 0xB2, 0x01, 0xAE, 0xE4, 0x5D, 0x91, 0x7E, 0xD9, 0x46, 0xDC, 0x71,
    0x16, 0x44, 0xC4, 0x3F, 0x1D, 0x92, 0x94, 0xBC, 0x27, 0xD4, 0x62, 0x1B, 0xF4, 0xE2, 0xF6, 0xFB,
    0x50, 0x0C, 0x47, 0x18, 0x61, 0x81, 0xF6, 0xBB, 0x06, 0x01, 0xE6, 0xB6, 0x18, 0x4B, 0xD2, 0xF5,
    0x1B, 0xAC, 0x0A, 0x31, 0x28, 0xF9, 0x9C, 0xF1, 0x67, 0x06, 0x67, 0x92, 0x47, 0x95, 0x58, 0xD8,
    0xDB, 0x96, 0xEF, 0xC9, 0x81, 0x91, 0x7D, 0x02, 0x27, 0x96, 0x90, 0x79, 0x1C, 0xBA, 0xD7, 0x6B,
    0x2E, 0x3B, 0xFE, 0x90, 0xAA, 0x11, 0x67, 0x94, 0xE3, 0xA4, 0x92, 0x3E, 0xD2, 0x52, 0x56, 0xA6,
    0xFB, 0x83, 0xC9, 0x5B, 0xBA, 0x61, 0x58, 0x74, 0x4F, 0xC7, 0xF6, 0x4C, 0x00, 0x8F, 0x99, 0xBC,
    0x85, 0xFC, 0xF9, 0x3E, 0x90, 0xEA, 0xEE, 0x61, 0x42, 0x10, 0xF9, 0x16, 0x84, 0xF9, 0x14, 0x0C,
    0xFE, 0xC5, 0x83, 0x27, 0xB7, 0x3D, 0x83, 0x8D, 0xE0, 0x4A, 0x03, 0xAC, 0xE2, 0xAF, 0xF9, 0x46,
    0x56, 0x9C, 0x6A, 0x1C, 0x7F, 0x49, 0xF7, 0xCA, 0x5E, 0x78, 0x4A, 0x36, 0xCB, 0x0E, 0x48, 0x31,
    0x2D, 0x7D, 0xBA, 0xE4, 0xD1, 0x5B, 0x71, 0xCC, 0x61, 0x17, 0xCA, 0xA8, 0xDA, 0x54, 0x4F, 0x52,
    0x06, 0x38, 0x6E, 0xD3, 0x80, 0xEF, 0xD1, 0x2A, 0x72, 0x1A, 0x45, 0xF6, 0x43, 0x6E, 0x76, 0xDD,
    0xE7, 0x36, 0x58, 0x3B, 0x72, 0x87, 0x65, 0xB5, 0x2C, 0x49, 0xA1, 0x6E, 0xE8, 0x6B, 0x22, 0x24,
    0xF7, 0x3D, 0x68, 0xFD, 0x09, 0x6B, 0x35, 0xFA, 0x92, 0x43, 0x48, 0x9A, 0x18, 0xB6, 0x2E, 0x90,
    0xB8, 0x96, 0x76, 0xC5, 0x5D, 0x33, 0xD7, 0x66, 0x74, 0x49, 0xDA, 0xE6, 0xA4, 0xBF, 0x14, 0x97,
    0x6B, 0x55, 0x90, 0xB5, 0x59, 0x5B, 0x01, 0xEF, 0x59, 0xB6, 0x87, 0x8C, 0x6E, 0x87, 0x64, 0xB9,
    0xA7, 0xA4, 0xCE, 0x24, 0xB4, 0xAE, 0xDD, 0x1A, 0xD5, 0xFD, 0xF4, 0x07, 0xA8, 0x16, 0xFD, 0x0A,
    0x06, 0xD0, 0x8C, 0x70, 0xD9, 0xA7, 0xE0, 0x0E, 0x34, 0x00, 0x78, 0x83, 0x37, 0xBE, 0x7C, 0xF9,
    0x9E, 0x50, 0x0A, 0x12, 0x50, 0x4B, 0xA4, 0x12, 0x4F, 0x9D, 0xB5, 0xC8, 0x58, 0xDB, 0x04, 0x2F,
    0x99, 0x70, 0x87, 0x0D, 0x6F, 0x90, 0x14, 0x79, 0x75, 0x7D, 0xF2, 0xA9, 0x3C, 0xC8, 0x3E, 0xC2,
    0xD1, 0xBA, 0xD5, 0x57, 0x16, 0x4B, 0xFA, 0xDF, 0x9A, 0xE7, 0x4D, 0xFA, 0xF0, 0xB5, 0xD1, 0x79,
    0x44, 0x86, 0x5B, 0x17, 0x73, 0xB2, 0xBB, 0x94, 0x33, 0xDF, 0x35, 0x61, 0xF8, 0x4F, 0xDA, 0x3B,
    0xF4, 0xA1, 0xB0, 0xCD, 0xAF, 0xCB, 0xBF, 0xFF, 0x1A, 0xAC, 0x4D, 0x0C, 0xEE, 0x55, 0xCE, 0x4C,
    0x2C, 0x0A, 0x58, 0x19, 0xF2, 0x49, 0xF0, 0x8E, 0xE2, 0xE2, 0xEB, 0xA6, 0x8F, 0x11, 0x61, 0x13,
    0x48, 0x44, 0x09, 0x87, 0x5C, 0xBC, 0x80, 0x78, 0x7D, 0x28, 0x77, 0x1E, 0x49, 0xE6, 0x2A, 0x8A,
    0xFD, 0xD5, 0xA0, 0xDB, 0xDB, 0xF7, 0x05, 0x28, 0x08, 0x6E, 0x91, 0x7B, 0xB1, 0x2D, 0xD6, 0xC4,
    0x46, 0xFF, 0x77, 0xFA, 0x9F, 0x6F, 0xDB, 0xEC, 0x24, 0x92, 0x7C, 0x55, 0xAD, 0xD2, 0xB9, 0xD4,
    0x6E, 0x62, 0xD6, 0xFD, 0x9F, 0x35, 0xFF, 0x8A, 0xF8, 0x62, 0x4A, 0xCF, 0xFF, 0x57, 0x4C, 0xF1,
    0x66, 0xDC, 0x94, 0x71, 0x27, 0x86, 0x25, 0x56, 0x15, 0x37, 0x63, 0x28, 0x91, 0xAE, 0x7A, 0x7E,
    0x7D, 0x4D, 0xD7, 0xA2, 0x2C, 0x78, 0x7D, 0xC6, 0x37, 0x03, 0xFF, 0xA2, 0xB1, 0xBE, 0x5F, 0x1C,
    0xEE, 0xBC, 0x59, 0xEC, 0xB6, 0x7C, 0x75, 0xBF, 0x77, 0x70, 0xDF, 0x32, 0xAE, 0x4E, 0x83, 0x77,
    0x5D, 0x52, 0x81, 0x21, 0x7F, 0x79, 0x6B, 0x6E, 0x8B, 0xB0, 0x6E, 0xEE, 0xEC, 0x27, 0x3E, 0xA6,
    0x75, 0xFE, 0x1D, 0xDD, 0x56, 0x3D, 0x73, 0xDC, 0x54, 0x14, 0xBD, 0x92, 0xC0, 0x8F, 0x58, 0x33,
    0x88, 0x82, 0x22, 0xB0, 0x85, 0x5A, 0x33, 0x0C, 0x51, 0x43, 0x49, 0xFC, 0xC4, 0x3F, 0x48, 0x41,
    0x68, 0x69, 0xD2, 0xBB, 0xA1, 0xB4, 0x2D, 0x01, 0x7F, 0xC0, 0x0D, 0xFC, 0x07, 0x4C, 0x91, 0x86,
    0x82, 0xC2, 0x41, 0xCB, 0x3F, 0x10, 0x05, 0x35, 0x2A, 0x52, 0x25, 0x8D, 0x98, 0xD1, 0x0C, 0xDA,
    0x8C, 0xA4, 0xCB, 0x39, 0xF7, 0xED, 0xAE, 0x17, 0xF7, 0xC0, 0x04, 0xAD, 0x74, 0xDE, 0xEE, 0xBE,
    0xAF, 0x73, 0xCF, 0xFD, 0x78, 0x92, 0xCB, 0xD2, 0x69, 0x9F, 0xEB, 0xE0, 0xCB, 0xE9, 0x13, 0x39,
    0x3F, 0x91, 0x13, 0xD9, 0x5D, 0xCD, 0x24, 0x3A, 0xCA, 0xD9, 0x28, 0x6E, 0x10, 0xD7, 0x4B, 0xDA,
    0x4B, 0x86, 0xBB, 0xB3, 0xBB, 0x95, 0xBC, 0x95, 0x62, 0xCD, 0xDB, 0xE3, 0xAE, 0xC5, 0x97, 0x52,
    0x95, 0xD2, 0xB4, 0xDB, 0x59, 0x07, 0xD7, 0x03, 0xD7, 0x02, 0xBD, 0xEB, 0x80, 0xC5, 0x37, 0x3D,
    0x30, 0xFB, 0x85, 0x03, 0x5C, 0x7B, 0x03, 0x8C, 0xFB, 0x87, 0x1C, 0xD4, 0x7D, 0xB4, 0x1F, 0x1F,
    0x5D, 0x97, 0xC0, 0x4A, 0x67, 0x91, 0x44, 0x55, 0x6B, 0xC9, 0xF5, 0x3B, 0xED, 0xC4, 0x0F, 0x52,
    0x0C, 0x82, 0x9F, 0xE9, 0x14, 0x2B, 0xBA, 0x26, 0x37, 0x61, 0xF6, 0x9C, 0x0D, 0x98, 0xB1, 0x64,
    0x5C, 0x76, 0x29, 0xB8, 0x85, 0x82, 0xCF, 0x0E, 0x97, 0xAA, 0x66, 0x2F, 0x31, 0x9E, 0x9B, 0x92,
    0xB3, 0x6E, 0xD1, 0x8D, 0xC4, 0x6C, 0x60, 0x6F, 0xDE, 0x57, 0x18, 0xEF, 0x5B, 0x0F, 0xAA, 0x5A,
    0x17, 0x3D, 0x76, 0x96, 0x6C, 0x96, 0x7C, 0x12, 0xA7, 0x2F, 0xB5, 0x97, 0xC8, 0x88, 0x48, 0x11,
    0x2C, 0x7B, 0x6C, 0x34, 0xE5, 0x1D, 0xCC, 0xFE, 0x6A, 0xD8, 0x9A, 0x93, 0x76, 0xA0, 0x93, 0xF4,
    0x97, 0xE8, 0x18, 0x0A, 0x74, 0xDF, 0x64, 0x58, 0xFC, 0xE3, 0x63, 0xB9, 0x7B, 0xC5, 0x5C, 0xA2,
    0x50, 0x2D, 0x45, 0x5F, 0xE8, 0x3A, 0x59, 0xA4, 0xE8, 0xDC, 0x08, 0x61, 0x61, 0x41, 0x3A, 0x40,
    0x53, 0x37, 0x80, 0xF9, 0x16, 0xC0, 0x0C, 0x50, 0xA2, 0x03, 0x90, 0xF5, 0x3B, 0xC8, 0x5B, 0x74,
    0xF8, 0x35, 0x86, 0x34, 0x65, 0xD1, 0x41, 0x8C, 0x6C, 0x73, 0x46, 0xA2, 0x10, 0x49, 0x1A, 0x2C,
    0x2C, 0x6F, 0x3E, 0xB2, 0xAD, 0x56, 0x9D, 0x79, 0x71, 0xB6, 0x5D, 0x95, 0x8A, 0x77, 0x05, 0x7A,
    0xD3, 0x9A, 0xD4, 0x8E, 0xF0, 0x79, 0xCD, 0x14, 0x97, 0xA3, 0x81, 0x81, 0x44, 0x4B, 0xD8, 0x17,
    0x0F, 0xD9, 0x5A, 0x92, 0xD6, 0xAD, 0x25, 0xAE, 0xE3, 0xFA, 0x3F, 0xD4, 0xD9, 0xAE, 0x9B, 0x94,
    0x1A, 0xCE, 0x19, 0x45, 0xB8, 0x4C, 0x19, 0xF1, 0x45, 0x62, 0xB1, 0xFE, 0x35, 0xD1, 0xAD, 0x69,
    0x46, 0x52, 0x7F, 0x79, 0xAB, 0xF9, 0x67, 0xF4, 0x8D, 0x52, 0x73, 0x35, 0x53, 0x57, 0xCB, 0x35,
    0x16, 0x46, 0xAA, 0x41, 0x0B, 0x20, 0x54, 0x4E, 0x49, 0x55, 0xB2, 0x3D, 0x86, 0xE4, 0x33, 0x84,
    0xEE, 0xB0, 0xA1, 0x61, 0xFE, 0x39, 0x35, 0x3B, 0x47, 0x2A, 0x43, 0xC5, 0xBC, 0xB9, 0xDA, 0xD7,
    0xC8, 0x4C, 0x64, 0x64, 0x46, 0xAE, 0x25, 0xA6, 0x4A, 0xC3, 0x55, 0x45, 0x25, 0x19, 0x89, 0x31,
    0x5C, 0xB9, 0x48, 0x34, 0xF3, 0xC6, 0x17, 0xA7, 0x8F, 0xE0, 0x85, 0x06, 0xAB, 0x34, 0x7D, 0xA3,
    0x83, 0xF8, 0x5E, 0xCA, 0x37, 0x2C, 0x43, 0x5D, 0xF7, 0x0C, 0x61, 0xED, 0x45, 0xC6, 0x82, 0x41,
    0x5D, 0xCB, 0x29, 0x04, 0xBF, 0x1F, 0x97, 0x87, 0x5A, 0x37, 0x63, 0x3A, 0xE9, 0x50, 0x8D, 0x67,
    0x7F, 0xE8, 0xE0, 0xFE, 0xFC, 0x75, 0x70, 0xFA, 0x69, 0x9F, 0xCE, 0x51, 0x9F, 0x4D, 0xF4, 0xB6,
    0x90, 0x33, 0x49, 0x93, 0x32, 0x0B, 0x86, 0x3D, 0x8C, 0x16, 0x4F, 0xBA, 0x25, 0x69, 0x92, 0x5E,
    0x78, 0x34, 0x2C, 0x59, 0x5C, 0x99, 0x0F, 0xE9, 0xF0, 0x54, 0x27, 0xEA, 0xB8, 0xBE, 0xE4, 0xDF,
    0xF2, 0x00, 0xF8, 0x1E, 0x3E, 0xAF, 0x8D, 0x8E, 0xF1, 0x06, 0x86, 0x63, 0xC1, 0x4A, 0x5B, 0x99,
    0x5D, 0x17, 0xF5, 0x71, 0x1F, 0x5D, 0x45, 0x57, 0xFF, 0xB0, 0x7E, 0x41, 0x9B, 0x9E, 0x6A, 0x49,
    0x32, 0x78, 0xFB, 0x39, 0x15, 0xE6, 0xB5, 0x67, 0x16, 0xA3, 0x28, 0xC8, 0x0C, 0x52, 0xC9, 0x13,
    0xAB, 0x12, 0x6F, 0x47, 0xDD, 0xDD, 0x0C, 0xAA, 0x90, 0x85, 0x88, 0xF5, 0xC6, 0x9A, 0xD6, 0xC1,
    0xBE, 0xD5, 0x06, 0x89, 0x2C, 0x14, 0x90, 0xC6, 0xA7, 0xA6, 0x2F, 0xC9, 0x59, 0xD3, 0xF1, 0x8F,
    0xAD, 0xB2, 0x64, 0xCA, 0x06, 0x44, 0xC9, 0x1B, 0x0D, 0xA9, 0xFB, 0x7D, 0x53, 0x04, 0xF2, 0xDE,
    0xA4, 0xDD, 0x37, 0xB5, 0x59, 0xC0, 0x46, 0x83, 0x4D, 0x8B, 0x35, 0xF1, 0x6C, 0x7F, 0x72, 0x67,
    0x8C, 0x4C, 0x99, 0xD6, 0x1D, 0x85, 0x95, 0x4C, 0x7F, 0x50, 0x4C, 0x45, 0x42, 0x9A, 0xD1, 0x8D,
    0x3E, 0xDF, 0x07, 0x04, 0xAE, 0x12, 0xE5, 0x39, 0x65, 0xDA, 0xA5, 0xED, 0x6D, 0x65, 0xA6, 0x10,
    0x53, 0x8E, 0xA5, 0x2F, 0x52, 0xCC, 0x3C, 0x49, 0xCA, 0x3B, 0x36, 0x7B, 0x6C, 0xB9, 0x78, 0x6C,
    0x38, 0xAF, 0x26, 0xB8, 0x14, 0xDE, 0x8D, 0xA7, 0xC4, 0x60, 0x04, 0x01, 0xC2, 0x08, 0x63, 0x0D,
    0xDC, 0xC0, 0xB8, 0xEA, 0xED, 0x54, 0xCC, 0x0C, 0x10, 0x4B, 0x1D, 0x0E, 0x46, 0xDF, 0x31, 0xA4,
    0xDA, 0xBC, 0x8B, 0xB4, 0xCD, 0xFA, 0xF4, 0xF7, 0x75, 0xB6, 0x34, 0x5F, 0x3C, 0x77, 0x3A, 0xE5,
    0x4B, 0xAC, 0x5D, 0xB1, 0xC8, 0xBB, 0x61, 0xAF, 0x9F, 0x6D, 0x73, 0xA7, 0x26, 0x7C, 0x6E, 0xA1,
    0x2E, 0x3E, 0xB2, 0x72, 0x77, 0x2E, 0x3F, 0xB1, 0x79, 0x82, 0xCF, 0xFF, 0xCB, 0x29, 0x47, 0x34,
    0xAF, 0x60, 0xED, 0x6C, 0x30, 0x2A, 0x1A, 0x11, 0x83, 0x71, 0x8F, 0x08, 0xBC, 0x9B, 0x11, 0xFF,
    0xAE, 0x2B, 0x8E, 0xBE, 0x27, 0x45, 0xD5, 0x0D, 0xE9, 0x93, 0xB7, 0xDF, 0x7C, 0x0E, 0x04, 0xCD,
    0x53, 0xCB, 0xEB, 0x0B, 0x4B, 0xF3, 0x73, 0xB3, 0x36, 0x20, 0x6A, 0xD3, 0x12, 0x4E, 0x19, 0x3B,
    0x78, 0x38, 0x53, 0x2C, 0xC3, 0xB9, 0xC2, 0x1C, 0x56, 0xAB, 0xAD, 0x76, 0x59, 0x92, 0x55, 0xBD,
    0xF9, 0xD8, 0x10, 0x2C, 0x3F, 0x30, 0x3C, 0xDD, 0x61, 0x66, 0x58, 0xB4, 0x82, 0x10, 0x85, 0x2A,
    0xCD, 0xAB, 0xA7, 0x6A, 0x25, 0x0D, 0x5A, 0xAD, 0xC2, 0x32, 0x87, 0x07, 0x4D, 0x54, 0x6F, 0x57,
    0x91, 0x50, 0x18, 0x76, 0x68, 0xEF, 0x57, 0x92, 0x5A, 0x6E, 0xE7, 0x36, 0xD2, 0x5E, 0xAC, 0x76,
    0xD1, 0x16, 0x62, 0x6D, 0x29, 0x59, 0xD7, 0xD6, 0xA2, 0xBF, 0x55, 0x75, 0x82, 0xD3, 0xB6, 0x84,
    0x8E, 0x80, 0x41, 0x8E, 0x83, 0x59, 0x89, 0x1A, 0xF7, 0xC1, 0xAC, 0xE1, 0xBB, 0x82, 0x72, 0xED,
    0x8A, 0x5D, 0xCE, 0xCC, 0x5A, 0x48, 0x75, 0x0E, 0xBA, 0x9C, 0x0A, 0x5E, 0x08, 0xAA, 0x6F, 0xCF,
    0x06, 0x8C, 0x85, 0x9D, 0xF6, 0xFE, 0xB0, 0x3D, 0xA9, 0x79, 0xDD, 0x33, 0x2F, 0x32, 0xC8, 0x1B,
    0x52, 0x66, 0xEC, 0x88, 0x15, 0xA2, 0x0B, 0xC2, 0x68, 0xEF, 0x7E, 0xFC, 0x66, 0x06, 0x3E, 0xC6,
    0x55, 0x16, 0xAC, 0xE0, 0xEB, 0x80, 0xFE, 0xBA, 0x79, 0xF1, 0x74, 0xED, 0x11, 0x64, 0x59, 0xFD,
    0xD0, 0xF0, 0x9C, 0x65, 0xB8, 0x7C, 0x82, 0x70, 0x3C, 0xDE, 0xD6, 0xBA, 0x5D, 0xB5, 0x0B, 0x68,
    0x0E, 0xA1, 0xBB, 0x76, 0x18, 0x9B, 0xA3, 0x92, 0x43, 0x1C, 0x6F, 0xD1, 0x0D, 0xB7, 0x3A, 0xFE,
    0x4D, 0x4D, 0xD3, 0xF1, 0x6C, 0x63, 0xDE, 0x63, 0x28, 0x67, 0xC1, 0x07, 0x87, 0xD7, 0x3D, 0xD9,
    0xDB, 0x26, 0x95, 0x75, 0x9A, 0x75, 0xC1, 0xBC, 0xAD, 0xEE, 0x63, 0xA8, 0xC0, 0xB2, 0x33, 0x51,
    0xE4, 0xFD, 0x83, 0x72, 0x5D, 0x05, 0x13, 0x56, 0xB4, 0x14, 0xCF, 0x87, 0x7A, 0x5D, 0x93, 0x74,
    0x34, 0x05, 0xDA, 0xA4, 0x4B, 0x9A, 0x7C, 0x48, 0x94, 0x0F, 0x49, 0x5A, 0x36, 0x6F, 0x4F, 0x83,
    0xFD, 0xF3, 0xEA, 0x47, 0x3B, 0x23, 0x63, 0xA6, 0xDA, 0xCE, 0xDB, 0x57, 0xDB, 0x39, 0xDB, 0xB9,
    0x7C, 0x15, 0x61, 0xBD, 0xC7, 0xF9, 0x6D, 0x27, 0xE8, 0x5B, 0x78, 0xFE, 0x02, 0x6D, 0x50, 0x3B,
    0x8E, 0x14, 0x31, 0x14, 0x2C, 0xCF, 0x67, 0x8D, 0xD4, 0x81, 0x27, 0x18, 0x24, 0x32, 0x6F, 0xB8,
    0x22, 0xC0, 0x27, 0xA0, 0x6D, 0x89, 0x0B, 0x90, 0x6C, 0x44, 0x42, 0xB0, 0xC7, 0xE8, 0x91, 0x0D,
    0x5C, 0x60, 0x8E, 0x33, 0x41, 0x6B, 0xFA, 0x89, 0x13, 0xF8, 0x08, 0x2D, 0xC1, 0x01, 0x1C, 0x74,
    0x60, 0x89, 0xEE, 0x7E, 0xBC, 0x5E, 0x52, 0x9E, 0xEA, 0x45, 0x55, 0xEF, 0x53, 0x75, 0x00, 0x3E,
    0x00, 0x31, 0x21, 0x16, 0x34, 0x0B, 0x14, 0x07, 0x38, 0xC2, 0x0E, 0x5B, 0xE9, 0x04, 0x97, 0xC1,
    0x59, 0xAF, 0x70, 0x13, 0x7C, 0xC0, 0x1B, 0xFC, 0x2B, 0x17, 0x00, 0x26, 0xEC, 0xB9, 0xC0, 0xFC,
    0x9A, 0x11, 0x71, 0xC7, 0x0D, 0x0E, 0x27, 0x1C, 0xA0, 0x2A, 0xAE, 0x9A, 0xBF, 0x8F, 0x96, 0x99,
    0x5A, 0xCD, 0xE1, 0x20, 0x8C, 0xE5, 0xC5, 0xF3, 0x2C, 0x90, 0xD1, 0x0E, 0x5D, 0x87, 0xEA, 0xBF,
    0x14, 0xC7, 0xB9, 0x91, 0x63, 0x9F, 0x71, 0x84, 0xA7, 0x98, 0x23, 0xF9, 0x74, 0x90, 0xF9, 0x53,
    0xC4, 0xCC, 0x6A, 0x11, 0x5C, 0x50, 0x45, 0xFF, 0x70, 0xF5, 0xF3, 0xFB, 0x05, 0x17, 0xF4, 0x4D,
    0xB5, 0x57, 0x27, 0xEA, 0x87, 0x0A, 0xC7, 0xB8, 0x98, 0x70, 0x6B, 0xD2, 0x64, 0x42, 0x6F, 0xE1,
    0x17, 0xD8, 0xDF, 0x50, 0x38, 0xE9, 0xB1, 0x6F, 0xF2, 0x6C, 0x7E, 0x4E, 0xEE, 0x53, 0x69, 0x75,
    0xEE, 0x4C, 0x7A, 0xD2, 0xAF, 0x0F, 0x3F, 0x41, 0xC3, 0xC3, 0x25, 0x4B, 0x2B, 0x9A, 0x3F, 0x13,
    0x76, 0x9C, 0xC5, 0x81, 0x10, 0x67, 0xC8, 0xCD, 0x20, 0x5A, 0xAF, 0x8B, 0xFD, 0x51, 0x0C, 0xD5,
    0xFD, 0xD8, 0xEF, 0xCA, 0x47, 0xE4, 0x77, 0xB8, 0x07, 0xCD, 0xE2, 0x63, 0xF2, 0xAA, 0x76, 0xB8,
    0xBD, 0xE0, 0x45, 0xF4, 0x5F, 0x55, 0xD9, 0x67, 0x93, 0x5C, 0xF2, 0xE4, 0xC9, 0xA5, 0xE3, 0xB6,
    0xBC, 0x62, 0xC6, 0xAC, 0xEA, 0x7E, 0xF2, 0x63, 0x2B, 0xC1, 0x1C, 0x25, 0xCD, 0x81, 0x06, 0x8A,
    0xD8, 0xFC, 0x9C, 0x3D, 0xEE, 0x43, 0xE0, 0x21, 0xAC, 0x2D, 0x7A, 0x11, 0xEF, 0x82, 0x19, 0xED,
    0x68, 0x46, 0x43, 0xB2, 0x45, 0xD2, 0x78, 0x04, 0x0A, 0x94, 0x60, 0x95, 0xA7, 0x08, 0x86, 0xA0,
    0xE9, 0x6C, 0xC9, 0x73, 0x70, 0x9B, 0xFD, 0x00, 0x4B, 0x6A, 0x81, 0xCE, 0xB0, 0x40, 0xFB, 0x8A,
    0xF8, 0x0D, 0x9E, 0x61, 0xD7, 0x8D, 0xFC, 0x6F, 0xA0, 0x91, 0xA7, 0x81, 0x27, 0xE6, 0xF2, 0xF6,
    0xF9, 0x39, 0x0C, 0xCC, 0x59, 0x9A, 0xFE, 0x02, 0xDD, 0x5A, 0xBF, 0x93, 0xE4, 0x48, 0x56, 0x4E,
    0x95, 0x76, 0xA6, 0x88, 0x95, 0xA1, 0x35, 0x58, 0x22, 0x88, 0x8E, 0x40, 0x0E, 0x0E, 0x17, 0xC1,
    0xEA, 0x1F, 0x60, 0x57, 0x82, 0x33, 0x30, 0x30, 0x18, 0xE3, 0xE6, 0x9C, 0x31, 0x06, 0xE3, 0x8C,
    0x0B, 0x9C, 0x76, 0x31, 0x76, 0x47, 0x02, 0x02, 0x7F, 0x9C, 0x3B, 0x5C, 0x8C, 0x5B, 0x63, 0x7A,
    0x8D, 0xF9, 0x07, 0xE6, 0x5A, 0x0A, 0x30, 0x30, 0x91, 0x81, 0xBF, 0x22, 0x62, 0x0E, 0x88, 0x59,
    0xE3, 0x8A, 0x08, 0x19, 0xEA, 0x46, 0x52, 0xF2, 0x7D, 0xDF, 0x4B, 0xA9, 0xD4, 0x3D, 0x73, 0x7B,
    0x6B, 0xDD, 0xB1, 0x5B, 0x51, 0xF5, 0x32, 0xBB, 0x5A, 0x25, 0xBD, 0x7C, 0x3F, 0xBF, 0xF7, 0x32,
    0x9D, 0x8B, 0x1C, 0x5F, 0x49, 0x4B, 0x9A, 0x8D, 0x9A, 0xFB, 0x92, 0x43, 0x33, 0x90, 0x1E, 0xF5,
    0x95, 0xFB, 0x2B, 0xB7, 0xBE, 0xA2, 0xC7, 0x8F, 0x1F, 0xB9, 0xC6, 0x7B, 0x7F, 0x72, 0x5E, 0xF4,
    0x62, 0xB9, 0xFA, 0xE2, 0xE4, 0x8E, 0x83, 0x8B, 0x8D, 0xF6, 0x2E, 0x39, 0xB9, 0xB8, 0x73, 0xE9,
    0x89, 0x97, 0x07, 0xDA, 0xEB, 0xF6, 0xDD, 0x99, 0xE6, 0xDE, 0xF7, 0x2B, 0x2D, 0xBC, 0xC7, 0x77,
    0x45, 0xCD, 0xEF, 0x8D, 0x56, 0xC6, 0x81, 0x3B, 0x53, 0xEF, 0xDC, 0x87, 0xA2, 0x1F, 0x3B, 0xB7,
    0x90, 0x46, 0xB3, 0x73, 0xAF, 0xDC, 0x11, 0x2C, 0x4C, 0x62, 0xC7, 0x28, 0xB9, 0x8D, 0xDC, 0x7B,
    0x7C, 0x64, 0x5B, 0xE0, 0x26, 0x79, 0x57, 0xE1, 0x86, 0x79, 0x4B, 0x9A, 0xD5, 0x85, 0xBB, 0xFB,
    0xFA, 0xFF, 0xBE, 0x96, 0x07, 0x8F, 0xF1, 0x2A, 0x73, 0xF2, 0xD6, 0x8B, 0x76, 0xC5, 0x55, 0xF3,
    0xE6, 0x65, 0x5B, 0xE0, 0xD6, 0x69, 0xFB, 0xB1, 0x2B, 0xCA, 0xB4, 0xFD, 0x14, 0x0F, 0x48, 0xEA,
    0x1F, 0xE3, 0xD6, 0xEF, 0x97, 0xBB, 0x07, 0x38, 0xDD, 0x9A, 0xF4, 0xC1, 0x0B, 0x2C, 0x94, 0x77,
    0x10, 0x1D, 0xDD, 0xC1, 0xFF, 0xE2, 0xE9, 0xE4, 0x62, 0xBC, 0x67, 0xD2, 0x68, 0x71, 0xF1, 0xC8,
    0x8B, 0xB1, 0xDE, 0x8D, 0x62, 0xD5, 0xE0, 0x09, 0xF4, 0x30, 0x71, 0xD5, 0xB8, 0x0C, 0xAB, 0xC6,
    0xE4, 0xB2, 0x7F, 0xD0, 0xF4, 0x89, 0xEF, 0x52, 0x5F, 0x27, 0xBE, 0xCD, 0x66, 0x3E, 0xE0, 0x81,
    0xD6, 0xE7, 0x7E, 0x47, 0xF4, 0x95, 0x6C, 0x46, 0x4F, 0xAE, 0xF8, 0xDF, 0x83, 0xA7, 0x0C, 0x12,
    0x99, 0xD2, 0xA1, 0xFC, 0x1A, 0xC9, 0x27, 0x90, 0x7C, 0xCF, 0xA7, 0x1F, 0xBB, 0x40, 0xF1, 0xF4,
    0x63, 0xCB, 0x87, 0x1E, 0xEA, 0x3B, 0x92, 0xDF, 0xCB, 0x3F, 0x6F, 0xCF, 0xB4, 0x68, 0xCF, 0x32,
    0xFF, 0x1A, 0xC9, 0xDF, 0x15, 0x4F, 0xA4, 0x25, 0x1C, 0xFD, 0x23, 0x5E, 0x22, 0xEB, 0x31, 0x8A,
    0xFF, 0x5C, 0x3D, 0x92, 0x6A, 0x97, 0x12, 0x8B, 0x20, 0x87, 0xA9, 0xFF, 0x49, 0x73, 0x72, 0x05,
    0x78, 0xEB, 0x9D, 0x6F, 0xC1, 0xE1, 0x01, 0xF7, 0x39, 0xB6, 0x90, 0x0D, 0x28, 0x57, 0x18, 0x95,
    0xC6, 0x66, 0xD6, 0xEF, 0xD8, 0xC1, 0x4F, 0x57, 0x5A, 0x79, 0x8F, 0x67, 0x56, 0x3B, 0xD6, 0xC2,
    0xDC, 0xE8, 0x7E, 0x11, 0xB8, 0xC3, 0x07, 0x2E, 0xC3, 0x3D, 0x47, 0x97, 0x2E, 0xEE, 0x02, 0xBA,
    0x12, 0x0B, 0x94, 0x15, 0x8D, 0xDA, 0xBF, 0xE6, 0x55, 0x3F, 0x10, 0x9F, 0x0F, 0x5F, 0x38, 0xE9,
    0xF7, 0x06, 0x92, 0xB1, 0x87, 0xDD, 0xFC, 0x10, 0x14, 0xD7, 0x7D, 0xA2, 0xD5, 0x7D, 0x46, 0x1D,
    0xBA, 0x4F, 0xA9, 0xC3, 0x40, 0xA1, 0x09, 0xAD, 0xDD, 0x74, 0xE3, 0xF8, 0x4B, 0x32, 0x47, 0x81,
    0xA6, 0x7E, 0xB6, 0xBB, 0x49, 0x6B, 0xFA, 0xCA, 0x55, 0xB6, 0x28, 0x51, 0xE8, 0xE4, 0x8F, 0x44,
    0x3F, 0x59, 0x69, 0x2A, 0x9A, 0x77, 0xEE, 0x99, 0xA3, 0x54, 0x9A, 0xDB, 0x97, 0x9E, 0x32, 0xA4,
    0x10, 0x2F, 0xEC, 0x36, 0x0F, 0x1E, 0xAD, 0x4A, 0x6F, 0xA4, 0x6D, 0xF8, 0x14, 0x1E, 0x42, 0x3B,
    0xE3, 0x07, 0x77, 0x91, 0x76, 0xF5, 0xE9, 0xED, 0x43, 0xDD, 0x52, 0xA7, 0xFC, 0x50, 0x20, 0xD4,
    0x26, 0x3F, 0x55, 0x30, 0xF0, 0x26, 0xE8, 0xD0, 0x9B, 0x16, 0xB9, 0xCA, 0x23, 0xD6, 0xCB, 0xDB,
    0xF3, 0x03, 0xF7, 0xFF, 0xC0, 0x15, 0x6E, 0x76, 0xCD, 0x9F, 0x2E, 0xAE, 0x81, 0x7D, 0x3F, 0x73,
    0xD3, 0x1D, 0xB7, 0xFF, 0x4D, 0xF1, 0x61, 0xAF, 0xE0, 0x79, 0xB8, 0xD7, 0xC5, 0x8D, 0x89, 0x30,
    0x90, 0xF4, 0x4C, 0xFA, 0xD5, 0xA2, 0x45, 0x64, 0xCF, 0xC5, 0x99, 0xD4, 0xAB, 0xC1, 0x88, 0x34,
    0x9B, 0x39, 0xFB, 0xCD, 0x8C, 0x97, 0xD5, 0x94, 0xA9, 0x6B, 0x23, 0xD2, 0x34, 0x3D, 0x5B, 0xCB,
    0xB3, 0xE7, 0x54, 0x5C, 0x10, 0x95, 0x52, 0xF0, 0x07, 0xDF, 0x7B, 0xBE, 0xF9, 0xE2, 0xE3, 0x10,
    0xC6, 0xBC, 0x6F, 0x83, 0xD1, 0x4A, 0x75, 0x0F, 0x97, 0xAB, 0x97, 0x32, 0xB5, 0x68, 0x0C, 0x0E,
    0x77, 0x18, 0x82, 0xB7, 0x6D, 0x13, 0x44, 0xCA, 0x62, 0x9B, 0xC8, 0xA0, 0xE0, 0x1F, 0x61, 0xD2,
    0x05, 0x3B, 0x4F, 0x30, 0x79, 0xF3, 0xB9, 0x82, 0x32, 0x6D, 0xA3, 0xD3, 0x04, 0xCF, 0x18, 0x18,
    0x94, 0xB1, 0x8C, 0x0C, 0xBC, 0xE6, 0x25, 0x56, 0x81, 0x90, 0x04, 0xCD, 0x61, 0x25, 0x11, 0x3D,
    0x45, 0x4B, 0xC2, 0xE4, 0x5A, 0x2B, 0xC2, 0x64, 0x0A, 0x01, 0xEB, 0xA0, 0xC9, 0x61, 0x56, 0x8C,
    0x1E, 0x15, 0x9E, 0x10, 0xA4, 0x06, 0x97, 0x8E, 0x0F, 0x1A, 0x85, 0x8F, 0xEA, 0x94, 0x61, 0x01,
    0x19, 0xD7, 0x93, 0x7B, 0xF9, 0xEF, 0xE2, 0x8A, 0x51, 0x5E, 0xF4, 0x7C, 0x0D, 0x58, 0xFB, 0x17,
    0x9C, 0x2B, 0xD6, 0x92, 0xA1, 0xAC, 0x58, 0x3E, 0x76, 0x81, 0x47, 0x5F, 0xBE, 0x0E, 0xD2, 0xD3,
    0xDA, 0x39, 0xD1, 0x92, 0xA9, 0x3C, 0x2D, 0x39, 0xBD, 0x33, 0xA9, 0x83, 0x22, 0xB5, 0x64, 0xFE,
    0x62, 0x9B, 0x34, 0xE5, 0x2A, 0x5D, 0x46, 0x13, 0x9B, 0xC0, 0x3E, 0x8A, 0x37, 0x57, 0x57, 0xFE,
    0xAA, 0x99, 0xF4, 0x53, 0x44, 0xDE, 0x19, 0xF1, 0x9C, 0x4B, 0x86, 0x77, 0xE2, 0xA7, 0x07, 0xAD,
    0xB4, 0x71, 0x61, 0xED, 0x8D, 0x0B, 0x6B, 0xF7, 0xD2, 0x2A, 0xD6, 0xBE, 0xB8, 0xB0, 0xF6, 0x45,
    0xBC, 0xA5, 0x23, 0xA5, 0x05, 0xDE, 0xAA, 0x13, 0x8D, 0xF0, 0x29, 0xD7, 0x0E, 0x2B, 0xB4, 0xB5,
    0x37, 0x5A, 0x1F, 0xD7, 0xAE, 0x8C, 0xB2, 0xAA, 0x3A, 0x0C, 0x96, 0x54, 0x20, 0xF8, 0xA2, 0x85,
    0x5E, 0x3E, 0x66, 0x72, 0xA9, 0x1D, 0xF3, 0x4A, 0x5A, 0xBA, 0x1F, 0x61, 0x78, 0xFF, 0x1C, 0x40,
    0x43, 0xEC, 0x5C, 0x87, 0x25, 0x0A, 0xD1, 0x87, 0xA9, 0x2F, 0x52, 0xE6, 0x62, 0x7E, 0x79, 0x32,
    0x8B, 0x6D, 0x86, 0x19, 0x9A, 0xA1, 0xB1, 0xBC, 0x0E, 0xC6, 0x2E, 0x07, 0xCB, 0x32, 0x1A, 0x26,
    0x09, 0xF1, 0x60, 0x03, 0x7F, 0x73, 0x79, 0x83, 0x64, 0x5C, 0x26, 0x50, 0x8A, 0x67, 0xBA, 0xF1,
    0xA5, 0xB7, 0x68, 0x74, 0xB0, 0x07, 0x67, 0xD2, 0x61, 0x24, 0x73, 0xDD, 0x00, 0xCB, 0xEB, 0x5D,
    0xDA, 0x73, 0xCF, 0xDF, 0x52, 0x32, 0xA5, 0x90, 0x23, 0x30, 0x29, 0x99, 0x0E, 0xD4, 0xF0, 0xC1,
    0x78, 0x21, 0x57, 0x94, 0xE0, 0x49, 0xBC, 0x50, 0xC7, 0x98, 0x52, 0x69, 0xE9, 0x49, 0x4E, 0x95,
    0xF6, 0xF2, 0xA3, 0xB4, 0x97, 0x13, 0x65, 0x9D, 0xAC, 0x20, 0x97, 0x99, 0x70, 0x08, 0x71, 0xDE,
    0xC2, 0xB7, 0x82, 0x79, 0x51, 0xCB, 0x2C, 0xAA, 0x52, 0xA9, 0xA0, 0xB1, 0xBC, 0xD0, 0x18, 0x96,
    0xF2, 0x32, 0x72, 0x0C, 0x51, 0x08, 0x1B, 0x5E, 0x4A, 0x67, 0xFC, 0xA7, 0xDE, 0x8A, 0xD7, 0x8A,
    0x1D, 0x99, 0xD7, 0x90, 0xEA, 0xAE, 0xEF, 0xB9, 0xFD, 0xA2, 0x71, 0xFB, 0x10, 0x5B, 0xF2, 0xB0,
    0xD4, 0xC8, 0x44, 0x03, 0xA3, 0x5D, 0x83, 0xCE, 0x3B, 0x16, 0xAF, 0xFB, 0xC5, 0xD0, 0x13, 0x75,
    0x95, 0xE2, 0x17, 0xB4, 0xF0, 0xFC, 0xC6, 0x94, 0xC1, 0x18, 0xCF, 0xD1, 0x9B, 0x08, 0xE2, 0x30,
    0x26, 0xBF, 0xEC, 0x25, 0x8B, 0xEC, 0x4B, 0x8B, 0x88, 0x15, 0xAD, 0x19, 0xE3, 0x4C, 0x09, 0x64,
    0x5D, 0x3C, 0x58, 0x74, 0x4C, 0xFA, 0x42, 0x63, 0xD6, 0x2A, 0x42, 0x0A, 0x9E, 0x70, 0x9C, 0xE5,
    0x02, 0xC5, 0xDF, 0x8D, 0x12, 0x66, 0xF5, 0xE7, 0x27, 0x19, 0x51, 0xF5, 0x97, 0xAD, 0xCC, 0xA7,
    0x81, 0xB5, 0x2B, 0x7A, 0x5E, 0x9B, 0xCE, 0x60, 0x3B, 0x92, 0xB6, 0x37, 0xAB, 0xE0, 0xA2, 0x68,
    0x0F, 0x47, 0xB8, 0x25, 0x2C, 0x01, 0xEC, 0xCB, 0x4D, 0x5D, 0x33, 0x59, 0x48, 0x75, 0x08, 0xF0,
    0x12, 0x08, 0x3C, 0xDB, 0xEC, 0xF3, 0x5A, 0xB2, 0xF9, 0x6A, 0x32, 0x93, 0x50, 0x12, 0x0E, 0x39,
    0x72, 0xFF, 0x2A, 0x64, 0x01, 0x6D, 0x05, 0x0B, 0xC0, 0x40, 0xA8, 0x72, 0x31, 0x28, 0xDC, 0xD0,
    0x77, 0xF1, 0x8C, 0xAC, 0xD5, 0x40, 0xF0, 0x08, 0xAE, 0x1B, 0xCB, 0xCF, 0xB3, 0x74, 0x7B, 0x18,
    0x15, 0x9C, 0x63, 0xB3, 0x82, 0xA4, 0x97, 0x4D, 0x64, 0x16, 0x00, 0x78, 0x3D, 0x44, 0x56, 0x29,
    0x12, 0x0E, 0x42, 0x15, 0xF1, 0x8D, 0x25, 0x5B, 0x4B, 0x05, 0x51, 0xE0, 0xC8, 0x4C, 0xD6, 0x35,
    0xF5, 0x0E, 0x96, 0xE8, 0xFE, 0x21, 0x5A, 0xBB, 0x8F, 0x5E, 0x9E, 0x8C, 0x4F, 0x83, 0x02, 0xA6,
    0xE3, 0x87, 0xCF, 0xDF, 0x15, 0xB0, 0xDA, 0x10, 0xAF, 0x6A, 0x0B, 0x57, 0xC3, 0x39, 0x5A, 0xAD,
    0xC1, 0x8A, 0xB1, 0x2A, 0x18, 0xB4, 0x42, 0xD5, 0x36, 0xF6, 0x16, 0xB1, 0xD2, 0x10, 0xA7, 0xD6,
    0x78, 0xC5, 0x6B, 0x1B, 0x77, 0x1E, 0x0B, 0x93, 0x46, 0x08, 0x51, 0xE7, 0xB1, 0x32, 0xA3, 0x45,
    0x8C, 0xB6, 0x6C, 0x13, 0xE2, 0x94, 0x7C, 0x7C, 0x1D, 0x47, 0xB3, 0x6F, 0x8D, 0x6B, 0xA6, 0x65,
    0xC0, 0x99, 0x05, 0x10, 0x14, 0x79, 0xD6, 0x51, 0xD9, 0x43, 0xAF, 0xE3, 0x3A, 0xF6, 0x61, 0x0C,
    0xA6, 0x7D, 0x34, 0xB1, 0x85, 0x42, 0x05, 0x63, 0xBD, 0x8A, 0xE2, 0x77, 0x4D, 0x76, 0x26, 0xA7,
    0xA3, 0x05, 0x26, 0xF3, 0x1B, 0x7A, 0x91, 0x64, 0x68, 0x59, 0xE8, 0x99, 0x74, 0xE4, 0x26, 0x45,
    0xEA, 0x68, 0xCC, 0xED, 0xB1, 0xD2, 0xDF, 0x31, 0xA8, 0xB1, 0x4D, 0x95, 0x84, 0x6B, 0x25, 0x64,
    0xA0, 0x6B, 0xB9, 0xAF, 0x65, 0x6B, 0xC1, 0x61, 0x2E, 0x92, 0xEB, 0x88, 0x2D, 0x79, 0x25, 0x56,
    0x71, 0xA4, 0xB7, 0x57, 0x5F, 0x4C, 0x92, 0x19, 0xD7, 0x5E, 0x28, 0x76, 0x4B, 0x22, 0xB3, 0x16,
    0x0E, 0xE3, 0x3A, 0xC2, 0x80, 0x1F, 0xFA, 0xB2, 0x80, 0x29, 0x54, 0xFE, 0x54, 0xC1, 0x14, 0x1A,
    0x45, 0x4C, 0xC6, 0xE2, 0x46, 0xD1, 0x53, 0xE8, 0x9E, 0xF5, 0x07, 0x02, 0x31, 0x9E, 0x90, 0xAC,
    0x94, 0x5E, 0x28, 0x14, 0xFC, 0xB0, 0x7C, 0x57, 0xFD, 0xF1, 0xE6, 0x85, 0xC5, 0xA0, 0x93, 0x28,
    0xB3, 0x67, 0x4B, 0x11, 0x60, 0x89, 0x8C, 0x25, 0x35, 0x6D, 0x17, 0x8B, 0x87, 0x16, 0x1B, 0xB7,
    0x52, 0x26, 0x5C, 0x9A, 0xF6, 0x22, 0x2D, 0x2D, 0x0C, 0x82, 0x50, 0x25, 0x52, 0xF0, 0x51, 0x59,
    0xA9, 0x51, 0xEE, 0x07, 0xB5, 0xC4, 0xFF, 0x03, 0x45, 0x0E, 0xDE, 0xD9, 0x40, 0x01, 0x38, 0xF4,
    0xC2, 0xE9, 0xF9, 0x29, 0xC4, 0xCC, 0x44, 0xEF, 0x74, 0xA5, 0x7C, 0xF7, 0x64, 0x0F, 0x6F, 0x3C,
    0x31, 0x13, 0x4C, 0xCE, 0x25, 0xA7, 0xDC, 0x6A, 0x23, 0x65, 0x89, 0xA2, 0x3E, 0x18, 0x9F, 0x88,
    0x7B, 0x81, 0xC3, 0x92, 0x12, 0x34, 0x3E, 0xFD, 0x4A, 0xF1, 0x5F, 0xB0, 0xE7, 0x4B, 0x56, 0x23,
    0x8B, 0x38, 0x1C, 0xC5, 0x61, 0x47, 0x7A, 0xF3, 0xED, 0xA8, 0x24, 0x56, 0x80, 0xB5, 0xC2, 0x2A,
    0x8D, 0xA5, 0xD0, 0x95, 0x52, 0x16, 0xC0, 0x95, 0x9E, 0xBB, 0x42, 0xAA, 0x43, 0x40, 0x54, 0x2B,
    0xA0, 0x5A, 0x47, 0xB8, 0x84, 0xF8, 0x20, 0xAC, 0x0A, 0xAE, 0x20, 0x5E, 0x52, 0x8B, 0xA7, 0xDB,
    0x08, 0x48, 0x25, 0x8E, 0xF2, 0x10, 0x57, 0x8A, 0xC0, 0xDB, 0x33, 0x73, 0x51, 0xF7, 0xF3, 0x30,
    0x4E, 0xE6, 0xAA, 0x07, 0x4B, 0x80, 0x7C, 0x8C, 0xA5, 0xB9, 0xCE, 0x10, 0x23, 0x00, 0x19, 0x9D,
    0xF1, 0x7D, 0xB9, 0xE8, 0x3F, 0xA9, 0xB8, 0xB0, 0x32, 0x48, 0xE5, 0xA8, 0x33, 0x87, 0xE9, 0xB6,
    0x31, 0x2F, 0x8D, 0x85, 0x22, 0xB0, 0xF2, 0x49, 0x18, 0x3F, 0xD6, 0x58, 0xBB, 0x3F, 0x11, 0xCB,
    0xE5, 0xB7, 0xA2, 0x83, 0xC0, 0xD7, 0x07, 0x2A, 0xC1, 0xFC, 0x98, 0xF3, 0x3D, 0x60, 0x36, 0xE4,
    0x7C, 0x9F, 0x98, 0xB7, 0x09, 0x41, 0x43, 0xF4, 0x9B, 0x89, 0x3B, 0xE9, 0xF4, 0x80, 0x30, 0xCA,
    0x08, 0x79, 0x8B, 0x59, 0x88, 0x26, 0x90, 0xB3, 0xC4, 0x91, 0x10, 0x40, 0x98, 0x7D, 0x9C, 0xE2,
    0x51, 0x69, 0x04, 0x3F, 0x8B, 0x07, 0x0B, 0x76, 0xD1, 0x14, 0x0F, 0x69, 0x1B, 0xC2, 0xBA, 0xA1,
    0x0A, 0x9B, 0x39, 0x4B, 0x1F, 0xEB, 0x77, 0xC7, 0x21, 0xED, 0xCD, 0x34, 0xB3, 0x3E, 0xED, 0x4C,
    0x08, 0x80, 0x6A, 0x9D, 0x09, 0x08, 0x28, 0xBA, 0x15, 0xC0, 0xC0, 0x43, 0x73, 0x55, 0xA5, 0x2C,
    0xBB, 0xC1, 0xCD, 0x62, 0x25, 0xA9, 0xF9, 0x3D, 0x2D, 0x0B, 0x33, 0x66, 0x1F, 0x4B, 0x72, 0xF8,
    0x1B, 0xB9, 0x23, 0x02, 0x6C, 0xCE, 0x07, 0xD7, 0xA0, 0xDC, 0xF4, 0xFC, 0x38, 0x41, 0x90, 0x11,
    0x01, 0x0E, 0x3F, 0xF9, 0xBD, 0x17, 0xAA, 0xE5, 0x7A, 0x16, 0xB0, 0x93, 0xAB, 0x3E, 0x7F, 0x3A,
    0x43, 0x6C, 0xF0, 0xDE, 0x57, 0xBC, 0x87, 0x70, 0xDD, 0xB0, 0xAB, 0x45, 0x64, 0x5B, 0x09, 0x19,
    0xA9, 0x7A, 0x5C, 0xC5, 0x04, 0xC0, 0xE8, 0x71, 0xF8, 0x42, 0x61, 0x3E, 0x3F, 0xAD, 0xED, 0x00,
    0xB3, 0xB9, 0x8D, 0x24, 0x5B, 0x91, 0x52, 0xF4, 0x7F, 0x4C, 0x60, 0x57, 0x2C, 0xC8, 0xF8, 0x15,
    0xF5, 0x71, 0x24, 0x70, 0xDD, 0x95, 0x91, 0xDF, 0x45, 0x2C, 0x03, 0xA7, 0x34, 0x74, 0x77, 0x4D,
    0xB7, 0x95, 0x69, 0x55, 0x96, 0xBB, 0xFE, 0xD7, 0x6A, 0xD7, 0x15, 0xD0, 0xBC, 0x03, 0xD1, 0x7C,
    0x27, 0xE5, 0xF1, 0xAD, 0x06, 0xEC, 0x21, 0xE0, 0xAF, 0x05, 0xF5, 0x1A, 0xF8, 0xD7, 0x72, 0x7A,
    0xAD, 0xA6, 0xB7, 0x80, 0x1F, 0xC6, 0xF8, 0x5E, 0xE0, 0x5F, 0x0B, 0xE9, 0xB5, 0x8E, 0x4E, 0xC2,
    0x98, 0xDE, 0x0B, 0xFC, 0x99, 0xB9, 0xB6, 0x95, 0xD0, 0xBB, 0x80, 0x5F, 0x85, 0xF1, 0xFA, 0x5E,
    0xC0, 0x0F, 0x63, 0x10, 0xA4, 0x2A, 0x2E, 0x8C, 0xA1, 0x74, 0x76, 0xAC, 0x9C, 0x9F, 0xDE, 0x90,
    0x7B, 0x27, 0x88, 0x69, 0x75, 0x73, 0xFB, 0x8E, 0xB2, 0x99, 0x6A, 0xC3, 0xE5, 0x44, 0xA1, 0x92,
    0x68, 0x0D, 0x2B, 0x65, 0x60, 0x11, 0xD0, 0x6B, 0xAD, 0x2C, 0xE1, 0x24, 0xE6, 0x84, 0xDD, 0xA4,
    0x84, 0xD2, 0x48, 0xBF, 0xA4, 0xD1, 0x71, 0xF2, 0x6F, 0x58, 0xE7, 0x25, 0x27, 0xFF, 0x3A, 0xB8,
    0x6B, 0xA1, 0xD1, 0x7F, 0x19, 0x23, 0xC1, 0xB3, 0xEC, 0xEF, 0x11, 0x13, 0xD5, 0xBF, 0xFD, 0xDB,
    0x19, 0x16, 0xA8, 0xB5, 0x2D, 0x69, 0x5B, 0x69, 0x71, 0xBE, 0x28, 0x05, 0x4D, 0x5D, 0x75, 0x6D,
    0x18, 0xD5, 0x15, 0x2A, 0x82, 0x91, 0xE0, 0x8A, 0x41, 0x61, 0xF6, 0x9A, 0x01, 0x6F, 0x96, 0x57,
    0xA5, 0x0C, 0xC7, 0x0C, 0xD3, 0xEF, 0x99, 0x10, 0xB6, 0xFE, 0xC8, 0xDA, 0x1E, 0xD1, 0xBF, 0x19,
    0xC3, 0x89, 0xD1, 0xE4, 0x38, 0x0D, 0xD9, 0x35, 0x74, 0xDA, 0xB1, 0xA8, 0x6D, 0xEF, 0x77, 0x8E,
    0x3A, 0x5A, 0xA4, 0x5A, 0x3A, 0xEC, 0x20, 0x65, 0xE3, 0xB9, 0x83, 0xC4, 0x31, 0x58, 0xA5, 0x75,
    0x91, 0x76, 0x63, 0xF0, 0x2F, 0x33, 0xD7, 0x30, 0xF2, 0x3B, 0xF9, 0x57, 0xB0, 0x90, 0xFC, 0x1E,
    0x44, 0x58, 0xBB, 0x4D, 0x1C, 0x9B, 0x90, 0xD5, 0xFC, 0xAE, 0xF3, 0xD4, 0x84, 0xA0, 0xEB, 0x03,
    0xFE, 0x58, 0xC7, 0xC5, 0x16, 0xC9, 0xB9, 0xFA, 0x93, 0xB8, 0x97, 0xF9, 0x99, 0x35, 0xBE, 0xD6,
    0x65, 0xB0, 0xCB, 0xA9, 0xBE, 0x12, 0x23, 0x74, 0xAC, 0x47, 0x67, 0xFE, 0xA7, 0xB8, 0x00, 0x72,
    0x44, 0x3A, 0xA0, 0x42, 0xA7, 0x83, 0x20, 0xFD, 0x91, 0x85, 0xFD, 0x9C, 0xB2, 0xCB, 0xB9, 0xC8,
    0x39, 0x96, 0x9C, 0x9E, 0xE2, 0x65, 0xAF, 0x46, 0x17, 0x7A, 0x52, 0x24, 0x7A, 0x98, 0xE9, 0x8C,
    0xF1, 0x74, 0xA6, 0xC7, 0x51, 0xEE, 0x39, 0xA8, 0x0F, 0x7F, 0x62, 0xAF, 0xB3, 0xE8, 0x0A, 0x8A,
    0xB9, 0xCE, 0x19, 0x92, 0x5C, 0x1A, 0x10, 0xE8, 0x57, 0x4A, 0xB0, 0x41, 0x16, 0xCA, 0x93, 0x8F,
    0x37, 0x08, 0x15, 0xB0, 0xB2, 0x95, 0x3D, 0x36, 0x02, 0x39, 0x5C, 0xBD, 0x0C, 0x65, 0x0F, 0x65,
    0xBA, 0x96, 0x3F, 0x94, 0x7F, 0x16, 0xCA, 0x9D, 0xFC, 0x7E, 0xD9, 0xD3, 0x5A, 0xD9, 0x23, 0x3B,
    0xDB, 0x95, 0x3D, 0xFB, 0xF2, 0xA7, 0x58, 0xC7, 0xFA, 0x6E, 0xF9, 0xC3, 0x6B, 0x16, 0x93, 0xBB,
    0xE4, 0xBC, 0x2B, 0x7B, 0xEE, 0x94, 0x3F, 0xA1, 0xEC, 0x91, 0xFC, 0xC7, 0x20, 0x7F, 0x59, 0xD6,
    0x29, 0x32, 0xC3, 0x62, 0x5F, 0xA6, 0xDD, 0xE1, 0xEB, 0x71, 0xCD, 0xFD, 0xC9, 0xC2, 0x44, 0x89,
    0x75, 0x14, 0xFD, 0x19, 0x5F, 0xA7, 0xF7, 0xDE, 0xFD, 0x8A, 0xB2, 0xFB, 0x80, 0xB2, 0x09, 0x9C,
    0x6B, 0x50, 0x61, 0xFF, 0x37, 0x0C, 0xA3, 0x45, 0xC0, 0x45, 0xCB, 0xD6, 0x60, 0x6E, 0xCA, 0x6F,
    0x8C, 0x5E, 0xA7, 0x3B, 0x7D, 0x70, 0xB3, 0x90, 0xC5, 0x2C, 0x04, 0x80, 0x6F, 0xF9, 0x29, 0x38,
    0x44, 0x72, 0x67, 0xF8, 0xA9, 0x89, 0x72, 0x58, 0x3C, 0xD7, 0xB4, 0x90, 0xB4, 0xA4, 0x85, 0x3C,
    0x08, 0xCD, 0xE2, 0xBC, 0xDB, 0x81, 0xE9, 0x76, 0xD7, 0xE9, 0x2E, 0x77, 0xEC, 0xEC, 0xE8, 0xBE,
    0x1B, 0x7E, 0xAF, 0x0F, 0x1E, 0x9D, 0xD8, 0x07, 0xC7, 0x24, 0xB6, 0x56, 0x93, 0x81, 0xA3, 0xEC,
    0xDC, 0x07, 0xDF, 0xED, 0x94, 0xB4, 0x46, 0x77, 0x3B, 0x25, 0xB5, 0xB5, 0xB4, 0xAC, 0xA3, 0xF5,
    0x23, 0xEE, 0x94, 0xFC, 0x3A, 0x41, 0x18, 0xB5, 0xA8, 0x19, 0xEF, 0xE9, 0x78, 0xA6, 0x02, 0xC9,
    0x56, 0x1B, 0x06, 0xBA, 0x47, 0xAA, 0x97, 0xEA, 0xF5, 0x4A, 0xC9, 0xA9, 0x35, 0x53, 0xBF, 0x1B,
    0xED, 0x87, 0xC7, 0x32, 0x87, 0xB0, 0x43, 0x10, 0x35, 0xF6, 0xEF, 0xD4, 0x8A, 0x74, 0x03, 0xB1,
    0x0F, 0x9B, 0xDB, 0xD2, 0x9A, 0x81, 0x0C, 0x8E, 0xBE, 0xF9, 0x8A, 0xE5, 0x64, 0x9F, 0xD7, 0x45,
    0x8F, 0x1A, 0x1D, 0x35, 0xF5, 0x09, 0xE0, 0xB0, 0x40, 0x40, 0x80, 0xB4, 0x0A, 0x88, 0x35, 0x67,
    0x35, 0x13, 0x4F, 0x50, 0xF8, 0x33, 0x1B, 0xAE, 0x6D, 0xF8, 0x39, 0xF8, 0xC1, 0xC0, 0x1E, 0x2F,
    0x06, 0x76, 0x78, 0x73, 0x0E, 0x79, 0x9F, 0xF5, 0x08, 0xD9, 0x4D, 0x9D, 0x02, 0x47, 0x43, 0x7C,
    0xB1, 0xFF, 0xC7, 0x5B, 0xEE, 0x54, 0x36, 0x21, 0xC5, 0x0A, 0x2B, 0x6E, 0xED, 0x84, 0xD0, 0x4D,
    0x90, 0x32, 0x88, 0xA4, 0x4B, 0x1B, 0xEE, 0xB4, 0x83, 0x86, 0x18, 0xB6, 0x5D, 0xB1, 0x9F, 0x32,
    0x6B, 0xE7, 0xAA, 0xEA, 0x94, 0xE9, 0x29, 0x4A, 0x5C, 0x3F, 0x69, 0x6B, 0xC6, 0x30, 0x7E, 0x67,
    0x7D, 0xFA, 0x53, 0xAE, 0x56, 0xEF, 0x20, 0xE1, 0xC5, 0xF3, 0x5E, 0xCA, 0x2E, 0x74, 0xE2, 0x4C,
    0xE1, 0xA1, 0x3D, 0x79, 0x34, 0xD1, 0x33, 0xEF, 0xF1, 0x2E, 0x7F, 0x21, 0x31, 0x2F, 0x96, 0x8A,
    0x47, 0x6D, 0xC5, 0xC0, 0x7C, 0x64, 0xCF, 0xAD, 0xAC, 0xDF, 0x50, 0x39, 0x95, 0x02, 0xFF, 0x3E,
    0xCE, 0x62, 0xBF, 0xF2, 0x1D, 0xFB, 0xD2, 0x0D, 0x4C, 0x66, 0xAD, 0x10, 0x42, 0x3E, 0xFA, 0xB5,
    0x6D, 0xA0, 0x35, 0x1E, 0x7E, 0x6D, 0x1B, 0xA8, 0xFF, 0xD5, 0x6D, 0x20, 0xFF, 0x0D, 0xDA, 0x40,
    0xCD, 0x37, 0x6B, 0x03, 0x45, 0xFB, 0x36, 0x10, 0x6A, 0xCA, 0x26, 0xD4, 0x94, 0x4D, 0xA8, 0x29,
    0xDD, 0xD9, 0x7F, 0x36, 0xA3, 0x0A, 0x56, 0xF5, 0xF6, 0xF8, 0x76, 0x27, 0x08, 0xBE, 0x45, 0xE9,
    0x40, 0xA5, 0x70, 0x3C, 0xA0, 0xAD, 0x52, 0xBA, 0x54, 0x53, 0x44, 0x6C, 0x81, 0xEB, 0x30, 0x90,
    0x39, 0xF0, 0x4E, 0x9E, 0x2A, 0x63, 0xAD, 0xB1, 0xAD, 0x6E, 0xBF, 0x0D, 0xB1, 0x6D, 0x39, 0x20,
    0x37, 0x5D, 0xCC, 0x9B, 0x39, 0x93, 0x53, 0xAE, 0xEB, 0x62, 0xF9, 0xBE, 0xC1, 0xF2, 0x78, 0xDA,
    0xB9, 0xCE, 0x3A, 0x58, 0x64, 0x08, 0x41, 0x61, 0x1D, 0x2C, 0x38, 0x44, 0x66, 0x8A, 0x21, 0x24,
    0xA4, 0x7B, 0x5D, 0x9A, 0x3A, 0x61, 0x88, 0x16, 0x22, 0x7A, 0xFD, 0x21, 0xD4, 0x7B, 0x34, 0xC3,
    0x34, 0xBC, 0x26, 0xDC, 0xBC, 0x6E, 0x7B, 0xA8, 0xB5, 0x61, 0x30, 0x2E, 0xDD, 0xCF, 0xEC, 0xEB,
    0x90, 0x28, 0x02, 0x18, 0x09, 0x33, 0xA8, 0xD8, 0xFE, 0xA0, 0x72, 0xED, 0x8F, 0xDD, 0xCC, 0x72,
    0x49, 0x66, 0xE9, 0xF1, 0x3C, 0xB3, 0xAF, 0xD5, 0xA8, 0xA9, 0xD7, 0xE4, 0x78, 0x9E, 0xD9, 0xD7,
    0x6A, 0x2B, 0x6D, 0x10, 0xA5, 0xD9, 0x92, 0xA5, 0xDF, 0xD2, 0xE5, 0x62, 0x62, 0xB6, 0xE4, 0x0D,
    0x3F, 0x6D, 0xC2, 0x6C, 0xDC, 0xCD, 0x7E, 0xDB, 0xD2, 0x38, 0xFD, 0x96, 0xA4, 0x71, 0xB3, 0xC9,
    0x60, 0xDE, 0xCD, 0xD6, 0xDD, 0xF2, 0xE9, 0xED, 0xD9, 0x6E, 0x4F, 0x73, 0x7C, 0xC7, 0x6C, 0xD8,
    0x66, 0x27, 0x25, 0x47, 0xC3, 0x96, 0x2B, 0x45, 0x72, 0xEC, 0x04, 0x9C, 0x6B, 0xA7, 0xFD, 0x1E,
    0xA7, 0xED, 0x1E, 0xE7, 0x7E, 0x7C, 0xA7, 0x6F, 0xB2, 0x4F, 0x8E, 0xDE, 0xFF, 0xB7, 0x79, 0x41,
    0x2B, 0xAA, 0xBD, 0x9A, 0x4C, 0xF2, 0x3F, 0xDA, 0x61, 0x82, 0x29, 0x28, 0xC1, 0x28, 0x85, 0x3F,
    0xA9, 0xDC, 0x14, 0x4D, 0x84, 0x64, 0x32, 0x81, 0x16, 0x3C, 0xF9, 0x92, 0x50, 0x27, 0x51, 0xCB,
    0x05, 0x2E, 0xB0, 0xD4, 0xF7, 0x2A, 0xD9, 0x0D, 0xA7, 0x6A, 0x42, 0xF7, 0x53, 0x18, 0x3C, 0xAE,
    0x6D, 0x03, 0x4D, 0x56, 0xC8, 0xBD, 0x61, 0xEE, 0x6D, 0x0B, 0x77, 0x43, 0xDD, 0x1B, 0xEC, 0xB6,
    0xDD, 0x5C, 0x6E, 0xBE, 0xA5, 0xD6, 0x32, 0x1A, 0x6C, 0x6F, 0x97, 0x22, 0xB6, 0xCD, 0x5D, 0xA0,
    0xDC, 0xBC, 0x0D, 0x7D, 0xD3, 0xB0, 0xD5, 0xDB, 0x94, 0x01, 0x7D, 0x57, 0x75, 0x80, 0xDF, 0x55,
    0x1D, 0x76, 0x7E, 0xAB, 0x32, 0x00, 0x70, 0x1F, 0x10, 0x38, 0x12, 0x86, 0x15, 0x87, 0x28, 0x15,
    0x0D, 0x83, 0x43, 0x36, 0x8B, 0x69, 0xB7, 0x7F, 0xE8, 0x0D, 0xB8, 0x96, 0x34, 0x60, 0x35, 0x56,
    0x77, 0xBB, 0xC3, 0x36, 0xB5, 0xE0, 0x77, 0x31, 0x9F, 0xA3, 0xC7, 0x1E, 0x5D, 0xFC, 0xCA, 0x3E,
    0x18, 0x57, 0x74, 0xEE, 0xAD, 0x2E, 0x61, 0x21, 0xA1, 0xC1, 0x63, 0x16, 0xF9, 0xCE, 0xEE, 0x6F,
    0xF5, 0x0D, 0xBB, 0xBF, 0x3A, 0x5B, 0xF0, 0x50, 0xAD, 0x6E, 0x3B, 0xBC, 0xD0, 0xDC, 0x3C, 0xC1,
    0xBF, 0x51, 0xD4, 0x43, 0x89, 0x93, 0xBA, 0x39, 0xE6, 0x61, 0x83, 0x1A, 0x38, 0x8F, 0x36, 0xE6,
    0xC7, 0x3B, 0x74, 0x3D, 0x77, 0xC2, 0x1B, 0xD9, 0x59, 0x8A, 0x7B, 0x8B, 0xDA, 0x23, 0x45, 0x21,
    0x13, 0xC8, 0xF3, 0x3D, 0x29, 0xFD, 0x0F, 0x54, 0x5F, 0x15, 0x1D, 0xE1, 0x4B, 0x2E, 0xDE, 0x8E,
    0xE6, 0x17, 0x76, 0x5E, 0x21, 0x3A, 0x77, 0x43, 0xFE, 0xFA, 0x79, 0x90, 0x66, 0xA6, 0xFC, 0x6E,
    0x15, 0x9A, 0x76, 0xDD, 0x11, 0x2F, 0xFC, 0xE7, 0x8D, 0x65, 0x45, 0xDC, 0x2C, 0xB5, 0x90, 0x81,
    0xD4, 0x10, 0xDB, 0x1E, 0xA4, 0x37, 0x6F, 0x4D, 0x4F, 0x87, 0xB0, 0x99, 0x9F, 0x9E, 0x14, 0xD6,
    0x1B, 0x9A, 0x8B, 0x16, 0x01, 0x79, 0xA5, 0x1D, 0xA1, 0x2D, 0xF3, 0x73, 0x66, 0x0D, 0x37, 0xCC,
    0xAC, 0xF7, 0xA8, 0xC6, 0xB5, 0x55, 0x53, 0x98, 0x59, 0x27, 0x52, 0x10, 0xCE, 0x7A, 0x0A, 0xDB,
    0x4C, 0x5B, 0xDA, 0x32, 0x2E, 0xF6, 0x0E, 0x1B, 0x2D, 0x37, 0xD6, 0x46, 0x01, 0x97, 0x9F, 0x28,
    0xEB, 0xB0, 0xFD, 0x40, 0xF0, 0xEC, 0x2D, 0x43, 0x77, 0xD4, 0x50, 0x3A, 0x0A, 0x4F, 0x44, 0x0A,
    0x7B, 0x6C, 0xC8, 0xA1, 0x9A, 0x38, 0xF8, 0x5B, 0x2A, 0xBD, 0xD1, 0x7E, 0x02, 0x1F, 0xC8, 0x59,
    0x72, 0x0E, 0x18, 0x1F, 0x6E, 0x70, 0xED, 0x71, 0x29, 0x0D, 0x86, 0xC6, 0x3B, 0x01, 0x89, 0xBF,
    0x65, 0xC5, 0x84, 0xB5, 0xAB, 0x50, 0x1D, 0xD7, 0xFA, 0x34, 0x1C, 0x7A, 0xA0, 0x65, 0x59, 0xF3,
    0x9E, 0x9F, 0x50, 0xA3, 0x06, 0xA8, 0xA0, 0x61, 0x50, 0xB8, 0x88, 0xFD, 0x4F, 0x9A, 0x80, 0xF2,
    0x76, 0x4D, 0x15, 0xFF, 0xC8, 0x9B, 0x8B, 0x7A, 0xB3, 0xDD, 0xC5, 0x4C, 0x55, 0x88, 0xA1, 0xB5,
    0xFD, 0xA2, 0x32, 0xE0, 0x83, 0x50, 0x9E, 0x52, 0x00, 0x17, 0xA3, 0x8A, 0xD3, 0x8A, 0x35, 0x11,
    0xC2, 0x43, 0x7F, 0x08, 0xA5, 0xA9, 0xEC, 0x60, 0xFE, 0x94, 0x0A, 0x1D, 0x5D, 0x75, 0xDB, 0x8C,
    0x11, 0x82, 0xC6, 0xA0, 0xE0, 0x02, 0x63, 0x4B, 0x4E, 0x29, 0xFB, 0xC4, 0x39, 0x1B, 0xFB, 0xE0,
    0x28, 0xED, 0xA1, 0xA4, 0xAC, 0x03, 0xC9, 0x3B, 0x59, 0x3B, 0xDD, 0x94, 0xC4, 0xB7, 0x4D, 0x19,
    0xF9, 0xBA, 0xAA, 0x8F, 0xBE, 0x2E, 0xBA, 0x0C, 0x1A, 0xB8, 0x9D, 0x8B, 0x3E, 0xF5, 0x43, 0x31,
    0xC5, 0xF8, 0x7A, 0x0A, 0xFB, 0x47, 0xF6, 0x3C, 0x20, 0x5A, 0x1D, 0xB1, 0xA0, 0x49, 0x64, 0xE1,
    0x40, 0x00, 0xDB, 0x68, 0x72, 0x87, 0xCC, 0x0E, 0xCA, 0x74, 0x5B, 0x50, 0x3C, 0xCC, 0xE7, 0xA4,
    0x9F, 0x9C, 0x2E, 0x09, 0xE2, 0xFF, 0x8B, 0x22, 0xCE, 0xFC, 0x1B, 0xD6, 0xD0, 0x33, 0xFD, 0x03,
    0x25, 0x0C, 0x98, 0x85, 0xB1, 0xC0, 0x90, 0x0C, 0x71, 0x34, 0x2E, 0xD0, 0xA3, 0xD1, 0x81, 0x34,
    0x51, 0xFF, 0x2C, 0x15, 0xCD, 0xFA, 0xE0, 0xB5, 0xDC, 0x02, 0xC1, 0xA4, 0x67, 0xBA, 0xCB, 0x04,
    0x3C, 0x8E, 0x61, 0xA3, 0x7D, 0xD9, 0x1D, 0xBC, 0x32, 0xB6, 0x67, 0x55, 0x1B, 0xB8, 0xFA, 0x17,
    0x0D, 0xBB, 0x42, 0x59, 0xC7, 0x43, 0x11, 0x1D, 0x6B, 0x47, 0xA2, 0xD6, 0xAC, 0xCD, 0x5B, 0xC5,
    0xB1, 0x04, 0x10, 0xFC, 0x97, 0x70, 0xC3, 0x8A, 0x5E, 0x54, 0xDD, 0x96, 0x9E, 0xF8, 0xA7, 0x60,
    0x5C, 0xCB, 0x79, 0x5E, 0x0E, 0x84, 0xFD, 0x61, 0x18, 0x64, 0x53, 0xA6, 0x37, 0x4F, 0xB4, 0xE3,
    0x32, 0x06, 0x79, 0x44, 0x8F, 0xAC, 0x2D, 0x3D, 0x1B, 0x16, 0xBA, 0x54, 0xF4, 0xEE, 0xDD, 0x4A,
    0x3A, 0xA7, 0xAE, 0x56, 0x68, 0x65, 0xE5, 0x77, 0x4F, 0xAF, 0x14, 0xDB, 0xE9, 0x95, 0xEA, 0xED,
    0xD3, 0x2B, 0x0F, 0x09, 0xD9, 0x0B, 0x6D, 0x0A, 0x9D, 0x01, 0x80, 0x6A, 0x3B, 0xB9, 0x72, 0xF6,
    0x52, 0x30, 0x5A, 0xC7, 0x90, 0xE4, 0x83, 0xC7, 0xED, 0x78, 0x8B, 0x4C, 0x2A, 0x0A, 0x27, 0x60,
    0x12, 0xDF, 0xB3, 0x61, 0x3C, 0xFB, 0x08, 0xE2, 0xF7, 0x90, 0x59, 0xEA, 0x71, 0xF9, 0x61, 0xA1,
    0x4F, 0x2D, 0x60, 0x25, 0x9A, 0x0B, 0x7A, 0x91, 0x8E, 0x56, 0x50, 0x13, 0x93, 0x14, 0x21, 0xD9,
    0xD3, 0xD3, 0x4F, 0x55, 0x58, 0x3E, 0xC4, 0x84, 0xD0, 0x81, 0x7A, 0xF3, 0x52, 0x41, 0x51, 0xE9,
    0xA8, 0xDC, 0xF7, 0x9F, 0x0F, 0xE4, 0x52, 0xAC, 0x35, 0xFF, 0xE9, 0x59, 0xFD, 0xE6, 0x1D, 0x54,
    0xA9, 0x3E, 0x7C, 0xD6, 0xC9, 0x69, 0xA4, 0xB8, 0xA2, 0x46, 0xE4, 0xA9, 0xBC, 0x5C, 0x94, 0xA1,
    0xF3, 0x45, 0xB9, 0x3F, 0xBB, 0x23, 0x61, 0x98, 0x6C, 0x3A, 0xF7, 0x87, 0xB0, 0xAD, 0x27, 0x7A,
    0x1A, 0xFB, 0xB4, 0x7A, 0xDA, 0x1D, 0x5C, 0x98, 0xCD, 0x94, 0x6F, 0x43, 0x9C, 0x54, 0xA6, 0x2D,
    0x0B, 0x95, 0xA5, 0x69, 0xD3, 0x36, 0xBD, 0x9D, 0xDC, 0x73, 0x3C, 0x12, 0xCA, 0xFD, 0x94, 0x0E,
    0x9A, 0xD7, 0x15, 0xF2, 0xB8, 0x4B, 0x30, 0x99, 0xDD, 0xDF, 0x70, 0x52, 0x94, 0xB6, 0x1B, 0xDE,
    0x17, 0x7F, 0x66, 0x56, 0x7A, 0xDB, 0x7C, 0x61, 0x89, 0x65, 0x0B, 0xC3, 0xDB, 0xA4, 0xBB, 0xB6,
    0x6A, 0x29, 0x6B, 0x67, 0x9B, 0xE0, 0x2E, 0x9C, 0xFC, 0x3E, 0x70, 0xC2, 0xC4, 0xC9, 0x47, 0xEE,
    0x3A, 0x9A, 0x58, 0x58, 0x7D, 0x14, 0x4D, 0x98, 0x8C, 0x07, 0x57, 0x3C, 0x19, 0x58, 0xC1, 0x5C,
    0x02, 0x72, 0x77, 0x07, 0xC2, 0xB4, 0x92, 0x4D, 0xC3, 0x81, 0x2D, 0x43, 0xF7, 0xE8, 0x8E, 0x89,
    0x5E, 0x7A, 0xD5, 0xEE, 0x48, 0x90, 0x37, 0x3F, 0xF4, 0x65, 0x0C, 0x0B, 0xAF, 0xE3, 0x8E, 0x9B,
    0x80, 0x75, 0x38, 0xDE, 0x14, 0xB4, 0xF9, 0x21, 0xAB, 0x97, 0xDC, 0xDA, 0x3F, 0xA7, 0x55, 0xD7,
    0x56, 0x8D, 0x2F, 0xAB, 0xAE, 0xE1, 0x76, 0x1F, 0xB8, 0x64, 0x72, 0xCF, 0x1E, 0x37, 0xDA, 0x41,
    0xA2, 0xC3, 0xCD, 0xFB, 0xA0, 0xC7, 0xA2, 0x75, 0x29, 0xB8, 0xF9, 0x7A, 0xC1, 0xBE, 0x33, 0x4F,
    0xA2, 0x4C, 0xB1, 0x08, 0xB1, 0x09, 0xC9, 0x28, 0x70, 0xC8, 0xDD, 0xC1, 0x41, 0xDB, 0x97, 0xEA,
    0xB1, 0xA8, 0xB9, 0xA2, 0xAE, 0x0A, 0x84, 0x5D, 0xF4, 0xD0, 0x64, 0xD3, 0xA1, 0xD8, 0xF4, 0x50,
    0x6C, 0xF2, 0x65, 0x9B, 0x2E, 0xCD, 0xD3, 0xD7, 0x47, 0x3F, 0x65, 0xCB, 0xC1, 0xF7, 0xF9, 0xB2,
    0x85, 0x0D, 0x55, 0x3C, 0xAF, 0x48, 0x90, 0xE8, 0x96, 0xA3, 0xCC, 0xA5, 0x95, 0xCA, 0xDE, 0xF5,
    0xFA, 0xCD, 0xB2, 0xD6, 0x4C, 0x07, 0xF8, 0xC3, 0x08, 0x83, 0xB9, 0x1C, 0xA3, 0xA6, 0x53, 0xA8,
    0x01, 0x87, 0xDC, 0xCA, 0xC6, 0xA3, 0x52, 0xDD, 0x9B, 0x1D, 0x04, 0xD5, 0x21, 0xE6, 0x6C, 0x9C,
    0xC9, 0x80, 0xD9, 0xF2, 0xE7, 0x81, 0x20, 0xF6, 0xA0, 0x59, 0xAA, 0x97, 0xCC, 0x99, 0x25, 0x78,
    0x6D, 0xE0, 0x53, 0xC0, 0x3F, 0x11, 0xDD, 0x8D, 0xF5, 0x6E, 0x2A, 0x15, 0x18, 0x7D, 0x68, 0x55,
    0xF8, 0x33, 0x29, 0xF5, 0x33, 0x19, 0xF9, 0x2B, 0xE9, 0x76, 0x92, 0xD5, 0x8B, 0x46, 0x4A, 0x0F,
    0x87, 0x41, 0xD5, 0x15, 0x99, 0x01, 0x55, 0x61, 0xD8, 0xEB, 0x14, 0x50, 0xC7, 0xCC, 0x90, 0x69,
    0x03, 0xAB, 0xA8, 0x63, 0x82, 0x07, 0x86, 0xCB, 0x42, 0xB8, 0xBF, 0xE0, 0x66, 0x50, 0x5B, 0xF5,
    0x6C, 0x24, 0x3F, 0xB8, 0x2B, 0xD8, 0xD4, 0x5B, 0x89, 0x9A, 0x81, 0x23, 0xD4, 0x6C, 0xE0, 0xA4,
    0xB7, 0xC3, 0x00, 0x8D, 0x5A, 0x47, 0x1A, 0x73, 0xB5, 0x46, 0x07, 0xF7, 0x19, 0xC7, 0x9B, 0xD1,
    0x4D, 0xCC, 0x41, 0xE3, 0x74, 0xF8, 0x1F, 0x36, 0x37, 0x87, 0x29, 0xFE, 0x0F, 0x8E, 0xA7, 0xEB,
    0xF4, 0x9F, 0x47, 0xF2, 0x54, 0x65, 0xDF, 0xE7, 0xD8, 0x17, 0x9F, 0xB0, 0xFA, 0x4F, 0xBA, 0x42,
    0xB6, 0x9F, 0xB6, 0xF9, 0x10, 0xAB, 0xBB, 0x98, 0x9E, 0xA8, 0x6C, 0x1E, 0xC1, 0x4D, 0xD4, 0xBA,
    0x49, 0xEA, 0x44, 0x41, 0xDF, 0x72, 0xE4, 0x64, 0xA7, 0x10, 0xAA, 0xDE, 0xC6, 0x3B, 0xDC, 0x36,
    0x50, 0xFD, 0x44, 0x44, 0x34, 0xC1, 0xDA, 0x0F, 0x93, 0xB0, 0xF2, 0x91, 0x4D, 0x78, 0xE2, 0xE5,
    0x41, 0xA5, 0x8B, 0x72, 0x5B, 0x7A, 0x7B, 0xF5, 0xF2, 0xC4, 0x43, 0x6C, 0x22, 0x3D, 0x53, 0x5D,
    0xAF, 0x2A, 0x04, 0xD2, 0xD5, 0x7E, 0x8C, 0x62, 0x76, 0xD1, 0xAA, 0xE2, 0x60, 0xD2, 0xFB, 0x77,
    0x26, 0xBD, 0x99, 0x00, 0x6F, 0x7F, 0xE0, 0xF1, 0x10, 0xF0, 0x61, 0xE9, 0x10, 0x18, 0x5B, 0x24,
    0xFE, 0x9C, 0xA8, 0x46, 0x46, 0x95, 0x0C, 0x59, 0x67, 0x0D, 0x96, 0x40, 0x98, 0xA8, 0x06, 0xDC,
    0x2F, 0x21, 0x51, 0x4C, 0x14, 0xC9, 0x78, 0x8C, 0xBA, 0x68, 0xB5, 0x4B, 0x9F, 0x23, 0x41, 0xBB,
    0xF4, 0xC6, 0xA2, 0x63, 0xBF, 0x8F, 0x8E, 0xD6, 0x94, 0x8D, 0x42, 0x6F, 0xB6, 0xB2, 0x0A, 0xC6,
    0x5A, 0x96, 0xAA, 0xB2, 0x7A, 0x15, 0xF5, 0xE1, 0x64, 0x65, 0x38, 0x5C, 0x19, 0x86, 0x70, 0xC4,
    0x32, 0x60, 0xF0, 0x80, 0xC0, 0x03, 0xFE, 0x66, 0xF2, 0xA8, 0xB6, 0x53, 0x97, 0x01, 0x79, 0x87,
    0xCE, 0xB7, 0x34, 0x8D, 0x85, 0x3D, 0x77, 0x3C, 0x5B, 0x81, 0x20, 0x53, 0x10, 0xF7, 0x9D, 0xEE,
    0x79, 0x5D, 0x0E, 0xC7, 0x80, 0x31, 0xCF, 0x99, 0xCA, 0x89, 0x4A, 0xBB, 0x51, 0x23, 0x42, 0x0B,
    0x1C, 0x08, 0xC1, 0x84, 0xE7, 0x60, 0x17, 0x19, 0x8D, 0x1D, 0x40, 0x5C, 0x42, 0xED, 0xBF, 0x1D,
    0x8B, 0xDE, 0x8E, 0x42, 0x5B, 0x3D, 0x63, 0xB5, 0x65, 0x68, 0xC2, 0x76, 0x8C, 0xDF, 0x19, 0xF0,
    0x29, 0x54, 0x72, 0x4B, 0x08, 0xA0, 0xEA, 0x82, 0x8D, 0x57, 0xB6, 0xED, 0xFF, 0xA1, 0xBC, 0xB7,
    0x21, 0x5D, 0xDD, 0x3F, 0x42, 0x70, 0x21, 0x68, 0xA1, 0xEC, 0xE7, 0xBE, 0x77, 0xF5, 0x33, 0xD0,
    0xFF, 0x03, 0xDD, 0x5A, 0xBF, 0xAF, 0xE4, 0xD6, 0x75, 0xBE, 0x33, 0xD4, 0xEE, 0x04, 0x22, 0x02,
    0x6E, 0x21, 0xA5, 0xD8, 0x57, 0xB0, 0x49, 0x11, 0xC8, 0xB0, 0xF9, 0x0F, 0x58, 0x4B, 0x22, 0x2A,
    0x54, 0xA4, 0xF0, 0x16, 0x7E, 0x12, 0x10, 0x15, 0xAA, 0x63, 0x17, 0x93, 0xC2, 0x45, 0x0A, 0x49,
    0x9C, 0x08, 0x48, 0x52, 0xA4, 0xD9, 0xC6, 0x6E, 0xAD, 0xC2, 0x29, 0xF4, 0x16, 0xC1, 0xB6, 0x41,
    0x20, 0x2F, 0xE9, 0xA8, 0x48, 0xCB, 0x24, 0x50, 0xE5, 0x22, 0x54, 0xB2, 0x0E, 0x12, 0xB9, 0x08,
    0x1D, 0x50, 0x11, 0xDF, 0x8A, 0xE4, 0xCD, 0xF7, 0x7D, 0xE7, 0x92, 0x33, 0xEF, 0xBD, 0x95, 0x64,
    0x20, 0x81, 0xE3, 0xE4, 0x61, 0xDE, 0xBD, 0x7C, 0xF3, 0x66, 0x78, 0xCF, 0x3D, 0x3F, 0xBE, 0xF3,
    0x9D, 0x73, 0xE9, 0x1C, 0x7F, 0xB6, 0xFE, 0xD2, 0xB9, 0xD4, 0xFB, 0xDA, 0x55, 0x9F, 0xF8, 0xC3,
    0x76, 0x76, 0xE9, 0x61, 0x37, 0xB8, 0xB4, 0x48, 0x3A, 0x97, 0xBA, 0xB4, 0xC1, 0x27, 0xF2, 0x9A,
    0xC3, 0x01, 0x43, 0x59, 0x60, 0xA8, 0xDC, 0xCD, 0x41, 0xFF, 0xB0, 0xCF, 0xB5, 0xEE, 0x3D, 0x97,
    0xCC, 0xFB, 0xCE, 0xED, 0xBC, 0x6F, 0xDD, 0xC6, 0xCF, 0x78, 0xF3, 0x56, 0xE1, 0xD6, 0x9F, 0x6A,
    0x88, 0x67, 0x77, 0x36, 0x39, 0xDF, 0x97, 0xFE, 0x50, 0xF9, 0x62, 0xFF, 0x8B, 0xD9, 0xFF, 0x0D,
    0x96, 0xDF, 0x7D, 0xD6, 0x64, 0x3F, 0xAD, 0xF3, 0x7A, 0xE7, 0x8B, 0xD4, 0xBB, 0xAC, 0x8E, 0x27,
    0x97, 0x8C, 0x98, 0x31, 0x24, 0x3D, 0xE7, 0xDE, 0xA5, 0x1D, 0xE7, 0x8E, 0x52, 0xE5, 0x75, 0xD2,
    0xE2, 0x0F, 0x88, 0xA5, 0x3F, 0x5C, 0x5E, 0xE8, 0x0F, 0x08, 0x12, 0x66, 0xBE, 0x09, 0xA9, 0x2A,
    0xFB, 0xC3, 0x79, 0x7C, 0x82, 0xA2, 0xCE, 0x7C, 0xD3, 0x73, 0xD6, 0x1F, 0x1B, 0xFF, 0x20, 0xCC,
    0x1D, 0xDE, 0x9C, 0xA0, 0x8C, 0xCE, 0x5D, 0xFB, 0xA9, 0x70, 0x7F, 0xFC, 0x0F, 0x7B, 0x29, 0x31,
    0x61, 0x5F, 0x69, 0xEF, 0x1C, 0x84, 0xC0, 0xFA, 0x2E, 0xC6, 0x5F, 0xD8, 0xF4, 0x0E, 0xF2, 0x41,
    0x3D, 0xD1, 0xE0, 0x72, 0x7C, 0x21, 0x1A, 0xDD, 0x63, 0xEA, 0x75, 0x74, 0x23, 0xA6, 0xCD, 0xB8,
    0x1D, 0x78, 0x9B, 0x29, 0xD2, 0x9D, 0xE7, 0xB8, 0xE5, 0xF4, 0x38, 0xA9, 0xA5, 0x36, 0x7E, 0x0D,
    0x3A, 0xCB, 0xB5, 0x52, 0x3E, 0xDB, 0x34, 0x6A, 0xCA, 0xF4, 0x35, 0xEE, 0x99, 0x3F, 0x49, 0x6B,
    0x7F, 0xD5, 0xF6, 0x11, 0x7D, 0x8D, 0xFB, 0xD2, 0x3D, 0x35, 0x46, 0xE3, 0xC9, 0xE7, 0x33, 0xDF,
    0xE8, 0x73, 0xDE, 0x3E, 0xFE, 0xE4, 0xCA, 0x8E, 0x76, 0x9E, 0x5F, 0x8F, 0x3D, 0x8D, 0x72, 0x5B,
    0xA3, 0xCB, 0x4F, 0xEE, 0x67, 0xE3, 0x63, 0x8D, 0x3F, 0xD6, 0x38, 0x71, 0xD8, 0xFB, 0x27, 0xFC,
    0xAA, 0xC7, 0x97, 0x73, 0x3F, 0xFB, 0x76, 0xE3, 0xDF, 0x1D, 0xD2, 0x21, 0xC2, 0xF6, 0xA2, 0x31,
    0xE9, 0xA2, 0x7E, 0x33, 0xA5, 0x35, 0xF6, 0x38, 0xE7, 0x36, 0x16, 0x3B, 0x8C, 0xA5, 0xE3, 0x58,
    0x39, 0x6C, 0x1A, 0x63, 0xD2, 0xB8, 0x89, 0xE3, 0x76, 0x2C, 0x5D, 0x52, 0x47, 0x43, 0x59, 0xA4,
    0x75, 0xDC, 0xE5, 0x75, 0x5A, 0x67, 0x4D, 0xD6, 0x65, 0x7F, 0xEC, 0x0F, 0x89, 0xAF, 0x3C, 0x8D,
    0x40, 0xCF, 0xC1, 0x1E, 0x2E, 0x9F, 0x2D, 0xD4, 0xE3, 0xA3, 0x50, 0x61, 0xE4, 0xC7, 0x69, 0x43,
    0x8E, 0x17, 0x0F, 0xD6, 0x8D, 0x96, 0xB5, 0x8B, 0x07, 0x57, 0xB5, 0xD4, 0x25, 0x0C, 0x57, 0x15,
    0x30, 0xD1, 0x66, 0xA2, 0x69, 0xA2, 0x9E, 0x7A, 0x93, 0x52, 0xAB, 0xAC, 0x5E, 0x35, 0x95, 0x49,
    0x87, 0x49, 0xAF, 0x6B, 0x8D, 0x95, 0x6C, 0x38, 0x73, 0x99, 0xA8, 0xF7, 0x32, 0x04, 0x6E, 0x03,
    0xCF, 0xA3, 0xB3, 0x97, 0xF4, 0x44, 0xDC, 0x10, 0x5F, 0xC8, 0x07, 0xAA, 0x35, 0xEF, 0x5C, 0xE4,
    0x83, 0xAF, 0xD3, 0x9A, 0xB3, 0xCB, 0x27, 0xCA, 0x78, 0x36, 0xF2, 0x63, 0xF0, 0x08, 0xBC, 0x22,
    0x1B, 0x07, 0x5E, 0x70, 0x1C, 0xE8, 0x3E, 0x36, 0xE2, 0x05, 0x8F, 0xB2, 0x57, 0xB2, 0xBE, 0x5A,
    0x97, 0xB6, 0xD4, 0x1D, 0x22, 0x0B, 0xCB, 0xC1, 0x1D, 0x53, 0xE8, 0xBE, 0xC1, 0xBF, 0xE2, 0x7F,
    0xAC, 0x11, 0x69, 0xD5, 0x9B, 0xFF, 0x86, 0xA5, 0xC7, 0x14, 0xB1, 0xEB, 0xDB, 0x0C, 0xD6, 0x79,
    0x01, 0xE2, 0x49, 0x86, 0xCC, 0x1D, 0xC7, 0xFC, 0x64, 0xBC, 0x77, 0xEA, 0x0C, 0xE5, 0x88, 0x65,
    0x39, 0x74, 0x50, 0x52, 0xDC, 0x41, 0x90, 0xA4, 0x83, 0x1C, 0x49, 0xBB, 0xE3, 0xD2, 0x74, 0xF0,
    0x06, 0x43, 0xDE, 0x40, 0x92, 0xAA, 0x8E, 0x87, 0x9D, 0xAF, 0x63, 0x98, 0xA7, 0x8E, 0xFC, 0x0C,
    0x27, 0xAC, 0xDA, 0x5C, 0x81, 0x5F, 0x2C, 0x16, 0x12, 0x18, 0x48, 0x95, 0x9E, 0x66, 0xF0, 0x3D,
    0xCD, 0xD2, 0x5F, 0xF1, 0x3E, 0xE8, 0x65, 0xC3, 0x9D, 0xE7, 0x93, 0xE9, 0xE1, 0x4C, 0x2A, 0x89,
    0x7A, 0x53, 0xCA, 0xAE, 0x37, 0xB5, 0x48, 0x12, 0xE9, 0x83, 0x73, 0x67, 0x42, 0x51, 0x2D, 0x2D,
    0x85, 0xC3, 0xDC, 0xC4, 0xA6, 0x9A, 0x30, 0x0B, 0x17, 0xB2, 0x80, 0x0B, 0x79, 0x03, 0xD3, 0x27,
    0x1C, 0x9C, 0x27, 0x3E, 0xF8, 0x7A, 0x83, 0xB9, 0xDD, 0x52, 0x6C, 0xE0, 0x5A, 0xFC, 0xA8, 0x4D,
    0x4B, 0x6A, 0x2E, 0x9D, 0xA7, 0xFC, 0x01, 0x74, 0x97, 0x00, 0x8B, 0xC6, 0xAD, 0x6F, 0x22, 0x00,
    0xD2, 0x40, 0xFD, 0xBD, 0xF0, 0xEB, 0x2B, 0xEF, 0x93, 0x20, 0xAF, 0x0F, 0xF2, 0xCE, 0x41, 0xDE,
    0xC7, 0x41, 0xDC, 0x1F, 0x87, 0xF9, 0x83, 0xAF, 0x98, 0x11, 0x5E, 0x23, 0xDD, 0x7E, 0x19, 0xDE,
    0x86, 0xDC, 0xEE, 0x2D, 0x0E, 0x1F, 0x30, 0x38, 0xEE, 0xEC, 0x3A, 0x61, 0xC4, 0xD3, 0x02, 0x03,
    0x2C, 0x98, 0x78, 0x7C, 0x28, 0x69, 0x91, 0x1E, 0x20, 0xAF, 0xA7, 0x23, 0x7A, 0x82, 0x11, 0x81,
    0x9A, 0x5E, 0x5E, 0x6F, 0x27, 0x80, 0x52, 0x3C, 0xBA, 0xFC, 0x13, 0x44, 0x61, 0x49, 0x90, 0x28,
    0xFD, 0x8A, 0x3A, 0x0A, 0xA2, 0xBC, 0xF0, 0x83, 0x32, 0xC5, 0x7E, 0x90, 0xA3, 0xEC, 0x7A, 0x9B,
    0x3A, 0x79, 0x4C, 0xDC, 0x09, 0xC8, 0x92, 0x4E, 0x31, 0x9D, 0x60, 0x5D, 0xC6, 0x95, 0xF7, 0x1D,
    0xD4, 0xCC, 0xB5, 0x31, 0xA5, 0x4D, 0x34, 0x45, 0xCC, 0x08, 0x9B, 0x19, 0x62, 0x72, 0x5D, 0x02,
    0x2E, 0x26, 0xDC, 0x29, 0x3F, 0x6C, 0x26, 0xDC, 0x29, 0x3F, 0x44, 0x23, 0xEE, 0x54, 0x16, 0xC9,
    0x80, 0x3B, 0x95, 0x17, 0xBE, 0x4D, 0x2E, 0x5D, 0xE5, 0xA1, 0x44, 0x5F, 0x78, 0xC8, 0x93, 0xF8,
    0xE2, 0x14, 0xD9, 0x21, 0x16, 0x65, 0xA2, 0x40, 0x94, 0x86, 0xA2, 0x50, 0x0E, 0x0A, 0x41, 0x09,
    0xB8, 0x3C, 0xD7, 0xE6, 0xC2, 0x5C, 0x95, 0x4B, 0x72, 0x3D, 0x2E, 0xC6, 0x95, 0xB8, 0x0C, 0xD7,
    0xE0, 0x02, 0x7E, 0xDD, 0xED, 0x1E, 0x60, 0x14, 0x51, 0x5B, 0xD1, 0xFC, 0xD0, 0x3B, 0x60, 0xA1,
    0x3F, 0xEC, 0x68, 0xE7, 0x5D, 0xED, 0x84, 0x34, 0x4A, 0xA9, 0x18, 0x6E, 0x9D, 0xEF, 0x1B, 0xE6,
    0xDD, 0xC6, 0x92, 0xEF, 0x8D, 0x34, 0xCB, 0x28, 0x82, 0x56, 0x5F, 0x16, 0x84, 0xFD, 0x8C, 0x20,
    0x86, 0x65, 0x80, 0xD7, 0xD4, 0xDE, 0x8B, 0x57, 0x36, 0xB1, 0x01, 0x66, 0xE2, 0x6D, 0x88, 0x7A,
    0xC0, 0x56, 0xCA, 0xA7, 0x15, 0x7D, 0x8E, 0x8E, 0xB3, 0xEB, 0xA0, 0xAF, 0xDD, 0x10, 0x77, 0x3B,
    0xA2, 0x4D, 0xD2, 0x61, 0x63, 0x98, 0x5A, 0x58, 0x10, 0xD3, 0x53, 0x20, 0x49, 0x34, 0x6A, 0xED,
    0x65, 0x1A, 0x04, 0x6B, 0x3B, 0x4E, 0x07, 0x17, 0xF7, 0x39, 0xFF, 0x4A, 0xBA, 0xFC, 0x80, 0x29,
    0x6B, 0x90, 0x61, 0xB9, 0x0D, 0x6C, 0xBA, 0xDB, 0xF8, 0x02, 0x98, 0x3E, 0xBF, 0x31, 0xC1, 0x7E,
    0x11, 0xBD, 0x03, 0xB2, 0x56, 0x4A, 0x2A, 0x6E, 0x73, 0xFF, 0x88, 0x2C, 0x50, 0x09, 0xF2, 0x05,
    0xB8, 0xC4, 0xFC, 0x08, 0x86, 0x6A, 0x20, 0x94, 0xCC, 0x3D, 0x53, 0xC9, 0x32, 0x75, 0x70, 0x26,
    0x0C, 0x65, 0xC3, 0x34, 0x4E, 0x65, 0xC4, 0x94, 0x24, 0x7E, 0x5A, 0x61, 0x65, 0x2E, 0x8F, 0xC5,
    0x95, 0xCC, 0xE9, 0x0E, 0x65, 0x81, 0xD8, 0xAB, 0x9A, 0x0A, 0x48, 0x34, 0x42, 0xC9, 0x7E, 0x08,
    0x0B, 0xDD, 0xE1, 0xF0, 0x57, 0xC2, 0x69, 0xA5, 0x81, 0x7A, 0x41, 0xEF, 0x68, 0x5A, 0x31, 0xE9,
    0x37, 0xAE, 0xA7, 0x75, 0x64, 0x99, 0x41, 0xBC, 0x07, 0x1F, 0xF8, 0x17, 0x5F, 0xC3, 0xB1, 0xB3,
    0x06, 0x6A, 0x4A, 0x1A, 0xF1, 0x0B, 0x48, 0x23, 0x5D, 0xF8, 0x22, 0x3F, 0x80, 0xAB, 0xC0, 0xA1,
    0xE9, 0xD5, 0xB8, 0x7D, 0xF5, 0x7E, 0x71, 0x93, 0xF7, 0x70, 0xE7, 0x88, 0xE1, 0xDF, 0x76, 0xE9,
    0xE5, 0x1B, 0x23, 0xF7, 0x8C, 0xC5, 0x69, 0xAC, 0xC0, 0x7B, 0x8A, 0x0D, 0x7D, 0x0B, 0xF1, 0x1D,
    0x77, 0x44, 0xF2, 0x0E, 0x37, 0xDF, 0xB5, 0x46, 0x00, 0xFE, 0x17, 0xA5, 0x52, 0x78, 0xD7, 0xF4,
    0xF4, 0xC3, 0x42, 0x03, 0xCA, 0x2B, 0x38, 0x9E, 0xD1, 0x12, 0x19, 0x43, 0x59, 0x59, 0x76, 0x33,
    0x2E, 0xC3, 0x76, 0xDC, 0xBC, 0xEF, 0xB6, 0x43, 0x0A, 0x78, 0x1A, 0x2A, 0xDF, 0x46, 0xFF, 0x79,
    0xB9, 0xEF, 0xA2, 0xCF, 0x01, 0x68, 0x3B, 0xC6, 0x31, 0x78, 0x1B, 0x06, 0x22, 0x62, 0x42, 0xE4,
    0x53, 0x06, 0x83, 0x85, 0x93, 0x16, 0xD2, 0x63, 0x0B, 0x35, 0x60, 0x23, 0xAB, 0x6D, 0x1F, 0x39,
    0xFD, 0xCC, 0x86, 0x03, 0xD6, 0xCE, 0x8B, 0x9B, 0x14, 0x53, 0x16, 0xE5, 0xF2, 0x3B, 0xAE, 0xAC,
    0x0C, 0x4F, 0xA1, 0x37, 0xD3, 0x51, 0x65, 0x1B, 0x66, 0xF1, 0x98, 0xF6, 0xCE, 0x95, 0x6E, 0x20,
    0x6F, 0xCC, 0x7F, 0x27, 0x0C, 0xB4, 0xDB, 0x37, 0x55, 0x8C, 0xF4, 0x35, 0x6D, 0x38, 0x20, 0x54,
    0x05, 0x6A, 0x6E, 0x19, 0x1A, 0x37, 0x30, 0x32, 0x7B, 0x0B, 0xD4, 0xEC, 0x6A, 0x50, 0xE6, 0x37,
    0x35, 0x64, 0x99, 0x6E, 0x16, 0x8D, 0x7A, 0xB0, 0x82, 0xE9, 0xB0, 0x0A, 0x46, 0xD3, 0x28, 0xB2,
    0x10, 0x93, 0x80, 0x74, 0x92, 0x1E, 0xAC, 0x72, 0xA0, 0x4A, 0x8A, 0xB4, 0x5D, 0x97, 0xF8, 0xE8,
    0xBC, 0xA0, 0xEF, 0x17, 0x34, 0x68, 0x11, 0x96, 0x38, 0x0E, 0x87, 0x45, 0x8A, 0xAC, 0x73, 0x7F,
    0x88, 0x2C, 0xF0, 0xDD, 0x3E, 0xD8, 0xB2, 0xBA, 0x62, 0x4B, 0xBC, 0x39, 0xEB, 0x36, 0x70, 0x8F,
    0x8F, 0xCA, 0x03, 0x5C, 0x3F, 0x2D, 0x22, 0xF2, 0x78, 0xA0, 0xF9, 0xF3, 0x46, 0x0E, 0x23, 0xEF,
    0x96, 0x74, 0x5C, 0xF2, 0xBB, 0xB1, 0xD4, 0x59, 0xF2, 0x5F, 0xBB, 0xC9, 0xC2, 0xE7, 0x1E, 0x6D,
    0x7D, 0x8F, 0xEA, 0xBD, 0x47, 0x8D, 0x97, 0xDF, 0xDF, 0xF7, 0x94, 0x0A, 0xA9, 0xC9, 0xF3, 0x13,
    0xE7, 0x5C, 0xE8, 0x05, 0xED, 0xDB, 0x17, 0x1B, 0xD1, 0x68, 0x8B, 0xBE, 0x15, 0x8B, 0xB0, 0xFB,
    0xBD, 0x71, 0x99, 0x95, 0xC5, 0xB4, 0x7A, 0xD1, 0xF8, 0x4E, 0x86, 0x17, 0x5D, 0x3F, 0x50, 0x9F,
    0xE4, 0xE7, 0x4D, 0xF8, 0x16, 0x7E, 0x9E, 0x73, 0x77, 0xF2, 0xCD, 0x58, 0xBD, 0xC2, 0xD7, 0xBD,
    0xCD, 0x15, 0xD6, 0xF0, 0xDF, 0xBC, 0x33, 0x7E, 0xEE, 0x1B, 0x43, 0xDE, 0x85, 0x5F, 0x11, 0xC0,
    0xE2, 0x5A, 0xE8, 0x91, 0xBD, 0xA1, 0x64, 0x01, 0xD6, 0x0A, 0xA5, 0x49, 0xB6, 0x69, 0x21, 0x6A,
    0x9F, 0x2E, 0xC0, 0x5F, 0xDA, 0xA4, 0x0C, 0xC1, 0x56, 0x05, 0x0F, 0x98, 0x8D, 0x87, 0x1A, 0xB3,
    0xB4, 0x5F, 0x2E, 0xC5, 0x5C, 0x1A, 0x85, 0xD4, 0xA2, 0xB4, 0xD2, 0xEA, 0x56, 0x5F, 0x23, 0x81,
    0x9E, 0x55, 0x28, 0x31, 0xF8, 0x14, 0x91, 0xEB, 0x7C, 0xDB, 0x7B, 0x1F, 0xD2, 0x78, 0x15, 0xD2,
    0xB5, 0xCD, 0x63, 0x60, 0xF9, 0x61, 0xDE, 0x0C, 0x6E, 0x3A, 0x7B, 0x0F, 0x73, 0x0F, 0x4F, 0xC6,
    0x3B, 0x5B, 0x60, 0xF2, 0xE7, 0xB8, 0x43, 0xD4, 0x6D, 0x99, 0x8D, 0x5D, 0xD4, 0xD2, 0xF6, 0x00,
    0xD2, 0x86, 0x84, 0xAE, 0xA1, 0xE7, 0x21, 0x18, 0x19, 0x7B, 0xF6, 0x7E, 0x4E, 0xDF, 0x40, 0x1E,
    0xF3, 0x94, 0xB6, 0x2A, 0xC8, 0x52, 0xFD, 0xEB, 0x33, 0x59, 0x2C, 0x2C, 0x8D, 0x1C, 0x42, 0x0D,
    0xC0, 0xEA, 0xB7, 0xB8, 0xD6, 0xB7, 0x4F, 0xAD, 0x40, 0xBD, 0x79, 0x99, 0xC1, 0xED, 0x45, 0x70,
    0x02, 0x69, 0x35, 0xCE, 0xE3, 0x8C, 0xF2, 0xAC, 0xF5, 0x11, 0x09, 0xCF, 0xDF, 0xFD, 0xB5, 0x4B,
    0x9E, 0x5E, 0x20, 0x47, 0xB6, 0x08, 0x05, 0xEF, 0xAB, 0x81, 0x53, 0x1B, 0x8D, 0x32, 0xD7, 0x66,
    0x34, 0x93, 0x4D, 0xC2, 0x80, 0x30, 0xE1, 0xCD, 0xC2, 0x59, 0x82, 0xC5, 0x47, 0xE2, 0x1E, 0x1A,
    0x48, 0x3F, 0x2D, 0xDB, 0x8A, 0x1E, 0xEB, 0x0F, 0xDE, 0x29, 0xE1, 0xB9, 0x93, 0xB2, 0xF2, 0x14,
    0xC7, 0x0E, 0x5F, 0x85, 0x63, 0x47, 0x30, 0x33, 0x1C, 0x1B, 0x9F, 0x8D, 0x63, 0xFD, 0x4E, 0x38,
    0x36, 0x3E, 0x13, 0xC7, 0x12, 0xE1, 0x58, 0xB3, 0xE0, 0x98, 0x81, 0xD9, 0x13, 0x0A, 0x3F, 0x53,
    0xF4, 0x15, 0x9C, 0xD6, 0xCC, 0xA4, 0xF8, 0x4B, 0xF9, 0x3E, 0x55, 0xBB, 0xF5, 0x2E, 0x78, 0xE0,
    0xE6, 0x70, 0x03, 0x9E, 0x2A, 0x30, 0xD1, 0xC9, 0x0F, 0x91, 0x9F, 0xF6, 0xC3, 0xA6, 0x5A, 0xB3,
    0xE6, 0xB4, 0x90, 0x73, 0x69, 0x18, 0xCB, 0x27, 0xF4, 0x18, 0x65, 0x8A, 0x94, 0x57, 0x41, 0x10,
    0xDA, 0x56, 0x94, 0x92, 0x28, 0x83, 0x22, 0x0C, 0xE1, 0x5B, 0x60, 0xF1, 0xCA, 0x6D, 0x67, 0xE4,
    0xEC, 0x8D, 0x6F, 0x19, 0xBA, 0x0D, 0x63, 0x0D, 0x3F, 0xDF, 0x70, 0x0B, 0xC0, 0x94, 0x62, 0x7B,
    0x92, 0x5B, 0x7E, 0x28, 0x60, 0xDA, 0x5E, 0x17, 0x4D, 0x25, 0x8D, 0x2A, 0x1A, 0x15, 0x34, 0xAA,
    0x67, 0x54, 0xCE, 0xA8, 0x9A, 0x51, 0x31, 0xA3, 0x5A, 0x46, 0xA5, 0x8C, 0xCA, 0x18, 0x05, 0xAA,
    0xEA, 0x18, 0x95, 0x31, 0xAA, 0x62, 0x54, 0xC4, 0xA8, 0x86, 0x51, 0x09, 0xC3, 0x0A, 0x86, 0xA4,
    0x36, 0x9D, 0x59, 0xBF, 0xCC, 0x57, 0xB8, 0x37, 0x76, 0x90, 0x58, 0x2E, 0x53, 0x15, 0x93, 0x37,
    0x62, 0xB9, 0x89, 0x05, 0xF5, 0xD6, 0x3F, 0x70, 0x5F, 0xFE, 0xF3, 0xFF, 0xAC, 0x74, 0xFF, 0x15,
    0xAB, 0x7F, 0x4B, 0x71, 0x22, 0x0A, 0xBF, 0xA3, 0x44, 0xDA, 0x76, 0xBA, 0xA6, 0xC3, 0x97, 0x68,
    0x97, 0x5B, 0xBF, 0x7F, 0x61, 0xE0, 0xA5, 0x20, 0xBC, 0x3C, 0xEE, 0x8F, 0x11, 0x78, 0xF7, 0xA2,
    0xBA, 0xB8, 0x38, 0xE4, 0x0C, 0xFA, 0x5A, 0xE3, 0xE1, 0x6D, 0x92, 0xBD, 0xC3, 0x5B, 0xE4, 0x7D,
    0xC5, 0x07, 0x1A, 0xEF, 0x00, 0x34, 0x6F, 0x19, 0x64, 0xD2, 0xA0, 0xBC, 0x45, 0xA4, 0x16, 0x43,
    0x34, 0xBD, 0x46, 0x1E, 0x4D, 0x87, 0x3F, 0x56, 0xC6, 0xAA, 0xB3, 0x9C, 0x15, 0x54, 0x71, 0x7F,
    0xAC, 0x8F, 0x55, 0x19, 0x93, 0xF7, 0x95, 0x84, 0x4F, 0xD6, 0xA7, 0x3D, 0xC7, 0xB9, 0x38, 0xF6,
    0x9C, 0xD2, 0x41, 0xE5, 0x68, 0x45, 0x17, 0xDF, 0xFF, 0x87, 0x04, 0xDE, 0x7D, 0x7E, 0xD0, 0xA4,
    0x56, 0x90, 0x8B, 0x47, 0x4D, 0xC9, 0x60, 0x13, 0xC8, 0xE9, 0xD9, 0x13, 0x4E, 0xBC, 0x23, 0x6F,
    0x8E, 0x4D, 0xA4, 0xCD, 0x16, 0xCC, 0x0B, 0xEC, 0x85, 0x35, 0x09, 0x82, 0x5F, 0xD0, 0x9A, 0x87,
    0xE9, 0x60, 0x53, 0xA1, 0x0A, 0xA5, 0x2C, 0xB6, 0xA4, 0xAB, 0xB8, 0x93, 0xFF, 0x81, 0x6E, 0x4F,
    0x50, 0xF5, 0xD4, 0x91, 0x6C, 0x1B, 0x20, 0xF5, 0x9C, 0x3F, 0xF7, 0x6D, 0xE3, 0xDE, 0x2B, 0x19,
    0x1F, 0xAF, 0x9C, 0xC7, 0x3F, 0xAB, 0x7A, 0x51, 0x66, 0xF0, 0x86, 0x3A, 0xA8, 0x8A, 0x2D, 0x81,
    0xD8, 0xDC, 0x2B, 0xEE, 0x2C, 0x5A, 0xE5, 0xC4, 0x95, 0x6D, 0x79, 0x33, 0xAD, 0x04, 0xC9, 0xEF,
    0x96, 0x44, 0x9A, 0xFF, 0xD0, 0x16, 0x77, 0xCF, 0x57, 0x66, 0x2A, 0x27, 0x7D, 0x1D, 0x16, 0x52,
    0x24, 0xDE, 0x0C, 0xC5, 0x47, 0x9D, 0x79, 0x2C, 0x20, 0xB0, 0xB3, 0x35, 0xB2, 0x46, 0xD8, 0x23,
    0xB0, 0x88, 0x3B, 0x93, 0x40, 0xB4, 0x7D, 0x36, 0xE7, 0x85, 0x5F, 0x55, 0xC6, 0xC1, 0xE8, 0x61,
    0x07, 0x7E, 0x81, 0x9E, 0x42, 0xB1, 0x80, 0x2E, 0x84, 0xCA, 0x4E, 0x0C, 0xA9, 0x7C, 0xE2, 0xF6,
    0x97, 0xF0, 0xEC, 0x3E, 0xF6, 0x13, 0x76, 0x0A, 0xDF, 0xE8, 0x62, 0x3F, 0x46, 0x92, 0x01, 0x09,
    0x42, 0xAD, 0x42, 0x1F, 0x66, 0xF8, 0xCE, 0xC3, 0xD1, 0xB6, 0xAC, 0xB8, 0x63, 0xCD, 0x7C, 0x30,
    0xD8, 0xB4, 0x0C, 0x68, 0x3D, 0x1C, 0x7C, 0x50, 0x3C, 0xCF, 0x6D, 0xCA, 0xEA, 0x81, 0x85, 0x8F,
    0xBE, 0xAE, 0xFB, 0x15, 0xE4, 0x34, 0xBB, 0x8E, 0xF9, 0x3B, 0x1A, 0x62, 0xBA, 0x3F, 0xF1, 0xB3,
    0x65, 0x9E, 0xCA, 0x9A, 0x84, 0xD0, 0x0A, 0xF9, 0x92, 0x86, 0xE1, 0x47, 0x72, 0x06, 0x9B, 0x81,
    0x1A, 0xEC, 0x9F, 0x00, 0x02, 0xAB, 0x3E, 0xC2, 0x6D, 0xAA, 0xCE, 0xB7, 0xA0, 0x55, 0x2E, 0xC7,
    0x17, 0x36, 0xDF, 0x29, 0x54, 0xDC, 0x4D, 0x66, 0x24, 0xE2, 0xEF, 0x0F, 0x60, 0x28, 0x50, 0x4E,
    0x80, 0x0A, 0xFE, 0xDC, 0x8D, 0x44, 0x75, 0x55, 0xA8, 0x58, 0x34, 0x96, 0xBB, 0xA9, 0x9A, 0xF5,
    0x62, 0x7A, 0x3E, 0x6F, 0x34, 0x7E, 0x74, 0x7E, 0xFE, 0x9A, 0x57, 0x34, 0xCC, 0xA5, 0x8D, 0x07,
    0x96, 0x79, 0x34, 0xB1, 0xF2, 0x1D, 0xEE, 0xC3, 0x77, 0x92, 0x9E, 0x63, 0x2A, 0xD1, 0xF3, 0x86,
    0xDF, 0xAD, 0x6A, 0x28, 0x11, 0x4B, 0x24, 0x13, 0xF3, 0x48, 0xE4, 0x7F, 0x4E, 0x2F, 0x31, 0xF3,
    0xA5, 0x86, 0x87, 0xE7, 0x57, 0x8B, 0x08, 0x95, 0x8B, 0xFE, 0x13, 0x2B, 0x22, 0x5A, 0x16, 0x11,
    0x44, 0x82, 0x58, 0xD5, 0x47, 0xCF, 0x32, 0xAF, 0x87, 0x30, 0x6F, 0xF4, 0x94, 0x42, 0x43, 0x07,
    0xDF, 0x49, 0xBA, 0x8A, 0x9A, 0x86, 0x1C, 0x59, 0xA3, 0xE4, 0x8B, 0xCF, 0x81, 0x1D, 0x34, 0xEC,
    0x0A, 0x5F, 0xEE, 0xC7, 0x67, 0xB6, 0x74, 0x6F, 0xFF, 0xA8, 0xD4, 0x72, 0xA3, 0xA6, 0x6A, 0x40,
    0x3C, 0x91, 0x64, 0xE2, 0x2B, 0xAC, 0xBF, 0x38, 0xC1, 0x89, 0xC8, 0x15, 0xA9, 0x7E, 0x6F, 0xA9,
    0xC5, 0x1B, 0x9D, 0xF6, 0x81, 0x47, 0x15, 0xCA, 0xC9, 0x55, 0x21, 0xCF, 0x02, 0x77, 0x15, 0x97,
    0x3F, 0xA8, 0x33, 0x90, 0xD7, 0x89, 0xB5, 0xA0, 0x53, 0xA3, 0xE4, 0x62, 0xE1, 0x10, 0x4E, 0x31,
    0xD0, 0xC8, 0xC9, 0x93, 0x8F, 0xAD, 0x6B, 0xF7, 0xCF, 0xF2, 0x87, 0xE4, 0xB3, 0xCE, 0x28, 0x41,
    0xB3, 0x32, 0x03, 0x72, 0x63, 0x49, 0x1B, 0x59, 0x14, 0x45, 0xD3, 0xCD, 0x4C, 0x41, 0x6E, 0xD6,
    0x49, 0xA5, 0xED, 0x9E, 0x34, 0x90, 0x6D, 0x9A, 0xF8, 0x52, 0x58, 0x23, 0x18, 0x4A, 0x6B, 0xE5,
    0x88, 0x82, 0xEE, 0x5E, 0x0A, 0xB0, 0xC8, 0xF8, 0x46, 0xF1, 0x88, 0x49, 0x02, 0x4F, 0x92, 0x77,
    0x96, 0xB8, 0x95, 0xA4, 0x2D, 0xD5, 0x86, 0x2B, 0x25, 0xAB, 0x71, 0x02, 0xCB, 0x0F, 0xD6, 0x59,
    0x4C, 0xBB, 0x9B, 0x09, 0xEB, 0x83, 0x58, 0x72, 0x8E, 0x96, 0x2B, 0xDE, 0x89, 0xB5, 0x87, 0x4C,
    0x18, 0xEC, 0x92, 0x77, 0x6D, 0x63, 0xB5, 0x8C, 0x1D, 0x1D, 0xBE, 0x77, 0xF5, 0xAB, 0xFF, 0xD7,
    0xCD, 0xB0, 0x11, 0x1B, 0xB7, 0xBD, 0x66, 0xAF, 0xF0, 0xCB, 0xC9, 0x4F, 0x06, 0xE5, 0x1E, 0x95,
    0x2E, 0xDD, 0xDB, 0xFC, 0x4C, 0x2F, 0x1A, 0xF0, 0xDE, 0x6F, 0x3E, 0x33, 0xD9, 0xFF, 0x7A, 0x98,
    0xD0, 0x87, 0x2A, 0x82, 0x91, 0x92, 0x60, 0xF7, 0xA8, 0xD3, 0xC5, 0x07, 0x04, 0x36, 0x46, 0x97,
    0x55, 0xC6, 0x32, 0x9D, 0x79, 0x6B, 0x36, 0xC5, 0xFF, 0x6E, 0x8C, 0x39, 0xFB, 0xA1, 0x51, 0xE6,
    0x92, 0xC5, 0x07, 0x2B, 0x52, 0xDA, 0x28, 0x6D, 0xA2, 0x3E, 0x53, 0x21, 0x12, 0xB7, 0xB9, 0xE6,
    0xB4, 0x56, 0x31, 0x52, 0xE7, 0xA1, 0x28, 0x99, 0x94, 0x20, 0xF2, 0x77, 0x0D, 0xFD, 0xCB, 0x57,
    0x3B, 0xB3, 0x66, 0x52, 0x2B, 0x69, 0x54, 0xB9, 0xCE, 0x3B, 0x9C, 0x7F, 0x6C, 0x6C, 0xC3, 0x8F,
    0x56, 0x3C, 0x63, 0x6D, 0xCE, 0xEC, 0x24, 0xD3, 0xDE, 0x3C, 0x13, 0x38, 0x03, 0x44, 0x57, 0xE4,
    0x4B, 0xF8, 0x0C, 0x4B, 0x59, 0xBF, 0x14, 0x4F, 0xBB, 0xB0, 0x4F, 0x23, 0x40, 0x81, 0x0A, 0x70,
    0x0E, 0xEC, 0x35, 0x0D, 0x7B, 0xFF, 0x46, 0x98, 0x7F, 0xE7, 0x88, 0x44, 0x23, 0x1B, 0x8E, 0x18,
    0x07, 0x83, 0x62, 0x01, 0x73, 0xBD, 0x70, 0xE1, 0x2F, 0xF8, 0xF9, 0xD5, 0x75, 0xCE, 0x2F, 0xAD,
    0x73, 0x5E, 0xA8, 0x73, 0xAE, 0xCA, 0xF6, 0x9D, 0x93, 0x26, 0xA9, 0x2C, 0x6D, 0x75, 0xA8, 0xB8,
    0x90, 0x8B, 0x9A, 0xAB, 0x82, 0x96, 0x56, 0x40, 0x6B, 0x54, 0x05, 0x1D, 0x98, 0x9C, 0xE5, 0x4A,
    0x2B, 0xE5, 0x6C, 0xB4, 0x3C, 0x6A, 0x63, 0x62, 0xA3, 0x9F, 0x1F, 0x38, 0x6B, 0xAB, 0x92, 0xC0,
    0x93, 0xC6, 0xB3, 0xEB, 0xBB, 0x54, 0xB1, 0xCB, 0xCB, 0x4E, 0xB3, 0x32, 0x9D, 0x65, 0xE5, 0xCB,
    0x08, 0xFB, 0x56, 0x07, 0x58, 0x95, 0xE1, 0xEC, 0x49, 0xDB, 0x6F, 0x8B, 0xF2, 0xE4, 0xCA, 0x4B,
    0xC0, 0xF2, 0x7F, 0x0D, 0xE6, 0x51, 0x81, 0xC0, 0xE8, 0xFB, 0xE2, 0x42, 0x15, 0x69, 0x52, 0x22,
    0xBE, 0x7E, 0x79, 0xFE, 0x3F, 0xD4, 0x03, 0xDD, 0x7C, 0xDB, 0xB2, 0xEF, 0x60, 0xB9, 0xBC, 0x70,
    0xF1, 0x7C, 0xC1, 0xFC, 0x08, 0xA2, 0xDD, 0x2E, 0xDC, 0xAD, 0x0B, 0xE5, 0xE2, 0x71, 0x6C, 0xC3,
    0xA8, 0x16, 0xF9, 0x37, 0x45, 0x1E, 0x5E, 0xD6, 0xC6, 0xB9, 0x81, 0xFC, 0xA3, 0xBD, 0x3A, 0x2B,
    0x3C, 0xE6, 0xC9, 0xFD, 0xDC, 0x89, 0x56, 0xF4, 0x42, 0xAC, 0xEF, 0x85, 0x4E, 0x4C, 0x20, 0x48,
    0xFE, 0xC8, 0xAA, 0x8D, 0x01, 0xED, 0xFC, 0x7D, 0x89, 0x33, 0x6A, 0x5C, 0x9A, 0x01, 0xA8, 0x7E,
    0x32, 0xF0, 0x5D, 0xE8, 0x76, 0x4A, 0x61, 0xBD, 0xB3, 0xB1, 0x7C, 0x84, 0x7F, 0x8D, 0x43, 0xC4,
    0x66, 0x6A, 0x43, 0x87, 0x83, 0x25, 0x66, 0xD5, 0x69, 0xB3, 0x70, 0x6A, 0x96, 0x65, 0x67, 0x59,
    0x76, 0x92, 0xA2, 0x26, 0x0A, 0xBC, 0x19, 0x15, 0xC7, 0xEC, 0x1F, 0x3D, 0x27, 0x9C, 0xF9, 0xA6,
    0x5A, 0xFD, 0x25, 0xF9, 0x4F, 0xC3, 0xB3, 0x18, 0x64, 0xCD, 0x59, 0xA9, 0xB8, 0x97, 0xFC, 0xDC,
    0xC5, 0x9F, 0x14, 0x8F, 0x05, 0xBB, 0xF7, 0x34, 0x3E, 0xB7, 0x94, 0x02, 0xD5, 0x71, 0x3C, 0x93,
    0x1E, 0xAD, 0x91, 0xF4, 0xD2, 0xC5, 0x8F, 0x16, 0x6F, 0x33, 0x66, 0x6E, 0x5B, 0x38, 0x75, 0xCA,
    0x6E, 0x09, 0xD1, 0xCD, 0xF9, 0x1B, 0x9D, 0x78, 0x4F, 0x2B, 0xCD, 0x37, 0xD4, 0xFC, 0xC5, 0xC1,
    0x1A, 0xED, 0x61, 0xBC, 0xE2, 0x81, 0xDD, 0xB1, 0x3A, 0xB1, 0x31, 0xB5, 0x7C, 0x53, 0x1F, 0xC7,
    0xBC, 0x3E, 0x72, 0xFA, 0x23, 0xB3, 0xBF, 0x22, 0xED, 0x57, 0x69, 0x7E, 0xB8, 0xA2, 0x79, 0xF7,
    0xF2, 0xC9, 0xF8, 0x56, 0x08, 0x36, 0x12, 0xAA, 0x51, 0xC4, 0x7F, 0x70, 0x1B, 0x73, 0x1D, 0x13,
    0x25, 0xFD, 0x25, 0x44, 0xF9, 0x22, 0x81, 0xE6, 0xE3, 0xF9, 0xA0, 0x09, 0x14, 0x8A, 0x8C, 0xF1,
    0x7A, 0x9C, 0xDA, 0x78, 0x45, 0x3F, 0xED, 0xBA, 0xE0, 0xD7, 0x94, 0xB2, 0xAC, 0xBC, 0xCB, 0x03,
    0xFC, 0x6D, 0xC8, 0xDA, 0x2B, 0xF1, 0x74, 0x63, 0xEB, 0xD0, 0xF3, 0x43, 0xF9, 0xF6, 0xAE, 0x09,
    0x23, 0x3D, 0xBC, 0xE6, 0xB8, 0x3D, 0x7C, 0x91, 0x9E, 0x37, 0xFB, 0x9F, 0x9D, 0xAB, 0xA3, 0x81,
    0x15, 0x12, 0x01, 0xC0, 0xAD, 0xF2, 0xA3, 0xF3, 0x2F, 0xD9, 0xDC, 0x97, 0xEA, 0xB9, 0x3C, 0xD1,
    0x33, 0xEF, 0xD6, 0x69, 0xB8, 0x2D, 0x67, 0xA8, 0x58, 0xC5, 0x79, 0xA2, 0xD7, 0x4C, 0xA9, 0xE0,
    0xD7, 0xC5, 0x66, 0x6D, 0x82, 0xA8, 0xE7, 0xC8, 0xE8, 0x75, 0xDF, 0x9D, 0x2F, 0x82, 0x32, 0x94,
    0x0C, 0xA5, 0x10, 0xE9, 0x43, 0x83, 0x76, 0x21, 0xF1, 0x8D, 0x6F, 0x53, 0x0B, 0xC5, 0x89, 0x16,
    0x5A, 0x69, 0xA1, 0x11, 0x1E, 0x9B, 0x16, 0x6A, 0x3A, 0xE5, 0x75, 0x2D, 0x9C, 0xE8, 0x22, 0xFD,
    0xFB, 0xEA, 0x89, 0xB0, 0xCF, 0x22, 0x84, 0xD8, 0xD7, 0xB3, 0x88, 0x23, 0xF0, 0xA9, 0x8C, 0xE0,
    0x79, 0x43, 0x41, 0x65, 0x95, 0x1A, 0x2B, 0xB7, 0x8C, 0x75, 0x20, 0x30, 0xB3, 0x94, 0x35, 0x53,
    0x4D, 0xB7, 0xD9, 0xC1, 0x72, 0x28, 0xEF, 0x40, 0xE2, 0xAB, 0xD1, 0xA9, 0xDC, 0xDB, 0xE9, 0x58,
    0x38, 0xB6, 0xD3, 0xEE, 0x21, 0x94, 0x04, 0x94, 0x95, 0x8D, 0x5F, 0x4F, 0x19, 0x73, 0x8A, 0x78,
    0x8F, 0x12, 0x7E, 0xFD, 0x74, 0x83, 0xED, 0x77, 0xB0, 0xC8, 0x4F, 0xF1, 0xED, 0x94, 0xBE, 0x98,
    0x5D, 0x9E, 0xB1, 0xA6, 0x63, 0x63, 0x8D, 0xA0, 0x6B, 0x03, 0x93, 0xAA, 0x1E, 0x2F, 0xA8, 0xB4,
    0x2E, 0x07, 0x1F, 0xCC, 0xB2, 0xAA, 0x56, 0x4E, 0x26, 0x35, 0xEA, 0xDE, 0x65, 0x1D, 0x7A, 0xB6,
    0x02, 0xA3, 0x63, 0xF3, 0xE2, 0x0E, 0x5F, 0xE0, 0xF0, 0x19, 0x5F, 0x28, 0x27, 0x7C, 0x9F, 0xF1,
    0x25, 0xB6, 0xB6, 0x99, 0xB9, 0x21, 0x61, 0xC4, 0x64, 0x66, 0xC9, 0x0B, 0x82, 0x8E, 0x35, 0x8F,
    0x71, 0xA5, 0x08, 0x49, 0x58, 0x91, 0xE6, 0x96, 0xA1, 0xA1, 0x7F, 0x73, 0x0B, 0x54, 0x6C, 0xD6,
    0xBE, 0x88, 0xFA, 0xA8, 0xB7, 0x0C, 0xCE, 0x9A, 0x29, 0xE4, 0x6E, 0x1F, 0x1A, 0x8E, 0x76, 0x15,
    0xAA, 0x86, 0xE5, 0xBD, 0x5D, 0x9F, 0xB4, 0x16, 0x6E, 0xEC, 0x19, 0x58, 0x28, 0xE6, 0x07, 0x1D,
    0x42, 0xC8, 0x03, 0xD3, 0x7A, 0x37, 0x58, 0x28, 0x65, 0xB5, 0x36, 0x19, 0xF7, 0x3A, 0x96, 0xB3,
    0xBA, 0x54, 0x0A, 0x72, 0xA1, 0x17, 0x8B, 0x3C, 0x15, 0x68, 0x26, 0xFE, 0x06, 0x17, 0xDA, 0x20,
    0x0B, 0x67, 0x97, 0xE0, 0xA7, 0xEA, 0xE2, 0x80, 0x20, 0x61, 0x9F, 0xAC, 0x5F, 0x02, 0x43, 0x3C,
    0x69, 0x94, 0x5C, 0xBD, 0x5A, 0xFB, 0x64, 0x69, 0xF1, 0x8C, 0xAB, 0x35, 0x23, 0x3F, 0x7F, 0x92,
    0x9D, 0x41, 0x31, 0x40, 0xA0, 0xB1, 0x12, 0x94, 0x8E, 0x22, 0x0F, 0x95, 0xDB, 0x5C, 0xD5, 0x49,
    0x9D, 0x3C, 0x9D, 0xDC, 0x03, 0x1E, 0x44, 0x64, 0xF5, 0x5B, 0x4E, 0xAD, 0xB4, 0x92, 0x40, 0x14,
    0xB7, 0x19, 0x98, 0xD4, 0x1F, 0xF1, 0x22, 0x2F, 0x46, 0xD3, 0x65, 0xFE, 0xBB, 0x52, 0x60, 0xFC,
    0xB4, 0x7A, 0x68, 0xE8, 0xB0, 0xD4, 0xE6, 0xC9, 0x7A, 0xD1, 0x3C, 0x36, 0xD5, 0xA6, 0xB5, 0xB1,
    0x1B, 0x14, 0xA9, 0x62, 0x91, 0x77, 0x61, 0x8F, 0x91, 0x17, 0x99, 0x7B, 0xEC, 0x46, 0x62, 0x74,
    0x46, 0xAA, 0x09, 0x9B, 0xB8, 0xFC, 0x8D, 0x7E, 0x3B, 0x6C, 0xE7, 0x7D, 0x9D, 0xFB, 0x06, 0x16,
    0x42, 0xCE, 0x06, 0xF7, 0x88, 0x98, 0xBE, 0x6B, 0xA7, 0xD3, 0xB3, 0x5B, 0xFB, 0x65, 0xB7, 0xD9,
    0xB2, 0xC5, 0xCC, 0x5D, 0xBF, 0xC8, 0x97, 0x8B, 0x2B, 0xA7, 0xF9, 0xBF, 0xF5, 0x3E, 0xD3, 0x87,
    0x1A, 0x5E, 0xF0, 0xB2, 0xF2, 0x2F, 0xDE, 0x9C, 0x04, 0xAF, 0x24, 0x34, 0x9E, 0xA9, 0xC3, 0x33,
    0x73, 0xAC, 0xA7, 0x16, 0xC2, 0x42, 0x95, 0xAA, 0x65, 0x8B, 0x4F, 0xB1, 0x54, 0x50, 0x7D, 0xFB,
    0xD0, 0x87, 0xF3, 0x86, 0x70, 0xAE, 0x62, 0xA0, 0xB0, 0x0E, 0xF1, 0xEA, 0xD2, 0x79, 0xFB, 0x75,
    0x9E, 0xB7, 0xE5, 0x33, 0x68, 0x63, 0xC9, 0x58, 0x41, 0x81, 0xF8, 0x20, 0xF8, 0xBC, 0xF2, 0x52,
    0x74, 0xB5, 0x87, 0xB4, 0xE3, 0x7D, 0x77, 0xAB, 0x2D, 0xF7, 0x70, 0xF7, 0x88, 0xF1, 0x1F, 0x5D,
    0xBE, 0xE6, 0x0B, 0x7C, 0x0C, 0x45, 0x07, 0x23, 0x7F, 0x7B, 0x08, 0xE7, 0xA0, 0x01, 0xE4, 0x5E,
    0xDC, 0xF7, 0x84, 0x08, 0x36, 0x16, 0x8C, 0x6B, 0x8D, 0x2B, 0xFA, 0xCD, 0xCB, 0xB1, 0x1F, 0xC2,
    0xE4, 0x0E, 0x9B, 0x38, 0xEF, 0x9C, 0x57, 0x02, 0xA4, 0x1A, 0x6E, 0x35, 0xC9, 0x1E, 0x8B, 0x1E,
    0xB3, 0x55, 0x7F, 0xF9, 0x0D, 0xBD, 0x59, 0xC7, 0xA0, 0x63, 0xFC, 0x41, 0x7B, 0x39, 0xA6, 0x33,
    0x2B, 0x9A, 0x8C, 0x61, 0x06, 0xDE, 0xB2, 0xF4, 0x5A, 0x92, 0x2E, 0x34, 0x89, 0x24, 0x43, 0xD2,
    0x4A, 0x2B, 0xA9, 0x85, 0x87, 0xBA, 0xC2, 0xA1, 0xFA, 0xD6, 0x64, 0xCD, 0x3C, 0x9B, 0x0E, 0x76,
    0x9A, 0x73, 0x50, 0x70, 0x95, 0x76, 0x06, 0x54, 0x99, 0x2A, 0x2B, 0xA7, 0x98, 0xF2, 0x86, 0x1A,
    0xC6, 0xED, 0xB8, 0x3B, 0xDC, 0x86, 0xAB, 0x00, 0x3C, 0x58, 0x3D, 0xE5, 0x3C, 0xCE, 0x66, 0xC4,
    0xD4, 0x9C, 0x92, 0x10, 0x34, 0xD6, 0x8A, 0x5C, 0xA7, 0xE2, 0xD4, 0x53, 0xAE, 0x4E, 0x77, 0xDD,
    0x4B, 0x7F, 0xE9, 0x2E, 0x1E, 0x92, 0x5C, 0x43, 0xA4, 0x0C, 0x58, 0xF9, 0xA9, 0x85, 0x31, 0xC7,
    0x52, 0x90, 0x35, 0xD1, 0xCA, 0x3A, 0xBB, 0x10, 0x6A, 0xEC, 0x9E, 0x3E, 0xAA, 0xF5, 0xDC, 0xCF,
    0xC1, 0xD9, 0xD9, 0xAC, 0x1D, 0x60, 0xB2, 0x19, 0xAE, 0x33, 0x0D, 0x7E, 0x26, 0xE5, 0x29, 0x03,
    0x42, 0x80, 0xFE, 0x04, 0x1C, 0x98, 0x04, 0xCE, 0x94, 0xF6, 0x40, 0x44, 0x66, 0x5B, 0x5C, 0xB6,
    0xBA, 0x35, 0x1E, 0x69, 0x75, 0x18, 0x87, 0xEB, 0x9C, 0xC6, 0xDD, 0x3F, 0xAD, 0xA4, 0x62, 0xF8,
    0x06, 0xEC, 0x11, 0xC3, 0x92, 0xAC, 0xA3, 0x2A, 0x23, 0x33, 0x66, 0x16, 0x2E, 0x66, 0x44, 0x12,
    0x12, 0x59, 0x6F, 0xE7, 0x17, 0x2D, 0xDD, 0x26, 0xF9, 0xB8, 0x91, 0x75, 0xFE, 0xE9, 0x27, 0x6A,
    0xBA, 0xFF, 0xC3, 0x87, 0xBD, 0x19, 0xA2, 0x5D, 0xCE, 0x02, 0x16, 0x2A, 0xE9, 0xF2, 0x3F, 0xFB,
    0x96, 0xBC, 0xF8, 0xF7, 0x5E, 0x55, 0x0C, 0x7C, 0x4B, 0xAA, 0x2F, 0x13, 0xF9, 0x53, 0x95, 0xB8,
    0x40, 0x9B, 0xCB, 0x00, 0x61, 0xB5, 0x56, 0x06, 0x89, 0xA5, 0x8A, 0x48, 0x5B, 0xC9, 0x6D, 0x27,
    0xD9, 0x23, 0x32, 0x7B, 0x6C, 0x17, 0x10, 0x43, 0x06, 0x2A, 0x7D, 0xED, 0x09, 0x3D, 0x3C, 0x92,
    0x4F, 0x55, 0xA0, 0x40, 0xC4, 0x5D, 0x77, 0x9F, 0x27, 0xEB, 0x1D, 0xCF, 0x32, 0x92, 0x8E, 0x95,
    0x6D, 0xF2, 0x31, 0xC5, 0x4B, 0x24, 0x4F, 0x42, 0xCE, 0xC6, 0x9C, 0xC3, 0x87, 0x9F, 0x3E, 0xFC,
    0x73, 0x62, 0xC6, 0x87, 0xAF, 0x92, 0x38, 0xFE, 0xED, 0x2B, 0x24, 0x8E, 0x7F, 0xCA, 0x4C, 0x00,
    0x20, 0x55, 0xBE, 0x53, 0x0D, 0x80, 0x0B, 0x25, 0x44, 0xD4, 0xA4, 0x7E, 0x79, 0x78, 0xC9, 0xC0,
    0xC1, 0xF7, 0x09, 0xE3, 0x9F, 0x34, 0x60, 0x60, 0x69, 0xB2, 0xF1, 0x45, 0x28, 0x9F, 0xDC, 0xEB,
    0xD3, 0x7D, 0x08, 0xB3, 0x01, 0x25, 0x85, 0x40, 0x9B, 0x47, 0xF3, 0x7B, 0xD4, 0x99, 0x4E, 0x19,
    0xA8, 0x4F, 0x83, 0x84, 0x2E, 0x64, 0xAD, 0x24, 0x9C, 0x51, 0xD5, 0x6B, 0x97, 0x97, 0xE2, 0x1D,
    0xDC, 0xF2, 0x00, 0x14, 0xF9, 0x79, 0x6B, 0xED, 0x81, 0xCE, 0x9A, 0x05, 0x83, 0x26, 0x53, 0x64,
    0x61, 0x8A, 0xB4, 0xFA, 0xB3, 0xB2, 0x04, 0xE8, 0x75, 0x26, 0xCD, 0x66, 0x60, 0xDA, 0x8B, 0xE2,
    0xA2, 0x48, 0x61, 0xB8, 0xED, 0xFC, 0xE9, 0x99, 0xB4, 0x1D, 0xE6, 0x84, 0xD3, 0x9C, 0x53, 0x12,
    0x74, 0xD7, 0x7F, 0x22, 0x14, 0xE0, 0x3F, 0x5E, 0xF4, 0xE7, 0xA7, 0x54, 0xE8, 0xC2, 0xB3, 0x98,
    0xF7, 0x76, 0xA2, 0xF5, 0x84, 0xBB, 0xC5, 0xC6, 0x74, 0xF4, 0xC1, 0xA7, 0xBE, 0xC6, 0xD5, 0x9F,
    0x3F, 0x7D, 0xB3, 0xB1, 0x83, 0xA4, 0x65, 0x4C, 0x3E, 0xDD, 0xD7, 0xF2, 0x67, 0xBA, 0x90, 0x82,
    0x38, 0x6D, 0xE4, 0xD5, 0xEC, 0xEC, 0x86, 0x0C, 0x97, 0xCB, 0xAB, 0x99, 0xD9, 0xCC, 0xAB, 0xF9,
    0x8C, 0x89, 0x1D, 0x9A, 0x9C, 0x60, 0x07, 0xB1, 0xBC, 0xCD, 0x7E, 0x09, 0xEC, 0x28, 0xAE, 0x63,
    0x87, 0x05, 0xD3, 0x97, 0x63, 0x47, 0xFD, 0x2C, 0xEC, 0x28, 0xAE, 0x61, 0xC7, 0xF4, 0x65, 0xD8,
    0xF1, 0x24, 0x60, 0x87, 0x33, 0xEC, 0x38, 0x3E, 0x08, 0x24, 0x30, 0xC8, 0x75, 0x2A, 0xAE, 0x43,
    0x6C, 0x78, 0xD5, 0xBD, 0xAD, 0xF4, 0xF7, 0xB6, 0x29, 0xF0, 0x2D, 0xD3, 0xE0, 0x1D, 0x52, 0x89,
    0xC0, 0x0F, 0xDC, 0x02, 0x07, 0x41, 0x8B, 0xAB, 0x9B, 0xB4, 0xE2, 0x0B, 0xEB, 0x8E, 0x44, 0x1E,
    0x4D, 0x95, 0x0B, 0x5B, 0x30, 0x65, 0x06, 0x6D, 0x4A, 0x9D, 0xBD, 0xBB, 0xA6, 0x4F, 0x89, 0xC8,
    0x70, 0xF0, 0x7C, 0xD0, 0x90, 0xA5, 0x0C, 0xBE, 0x91, 0x9E, 0x1C, 0xA6, 0xEE, 0xEC, 0x24, 0x67,
    0x3D, 0x58, 0x4D, 0x4E, 0xE6, 0xD0, 0x3E, 0x31, 0x75, 0x87, 0x99, 0xEF, 0xA9, 0x7D, 0xE2, 0xAD,
    0x67, 0xBA, 0xCC, 0x79, 0x20, 0x3D, 0xCB, 0xD9, 0x2E, 0xE7, 0xEA, 0xA4, 0xE7, 0xBE, 0x9C, 0xF1,
    0x56, 0xC1, 0xD3, 0x7C, 0x48, 0x3C, 0xCB, 0x3C, 0x5B, 0x16, 0xE5, 0xB5, 0x8E, 0x97, 0x71, 0xAF,
    0xB3, 0xF9, 0x7E, 0x10, 0x7F, 0x0C, 0x73, 0x28, 0x7E, 0x42, 0xC3, 0xFA, 0x38, 0x77, 0x5F, 0x30,
    0x2F, 0x75, 0xC6, 0x83, 0x93, 0x67, 0x7C, 0x74, 0x94, 0x8D, 0xA5, 0xF6, 0x42, 0x3E, 0xBA, 0x16,
    0x9F, 0xD9, 0x0B, 0x47, 0x22, 0x51, 0x1F, 0xCE, 0x49, 0x12, 0x1D, 0x0B, 0x24, 0x4F, 0x2F, 0x1E,
    0x75, 0xEA, 0x2A, 0xD8, 0xA8, 0x27, 0x65, 0xED, 0x79, 0xD9, 0x54, 0xCC, 0x3A, 0x5D, 0xBA, 0x0A,
    0xF9, 0xDA, 0x55, 0x38, 0x08, 0x48, 0x9E, 0xD8, 0x61, 0x45, 0x41, 0xD8, 0xF3, 0x37, 0x1E, 0x1C,
    0x3C, 0x7D, 0x7C, 0xF0, 0xB4, 0x8E, 0x5B, 0x7B, 0x78, 0xE7, 0xE7, 0x8B, 0xE5, 0xA8, 0x5C, 0xB3,
    0x1D, 0xAF, 0x64, 0xBD, 0xA7, 0x17, 0x7C, 0x00, 0xD3, 0xEC, 0x97, 0xAD, 0x16, 0xCC, 0x56, 0x1B,
    0x1E, 0xAF, 0xEE, 0x1E, 0xED, 0x68, 0x16, 0x3C, 0x5E, 0x59, 0x2D, 0xB8, 0x58, 0xD3, 0x5A, 0x27,
    0x86, 0xBA, 0x8B, 0x45, 0x8F, 0x36, 0xB5, 0xCF, 0x18, 0x7A, 0x2C, 0x76, 0x3D, 0x9E, 0xDE, 0x9F,
    0x9E, 0xAB, 0x54, 0x6B, 0xBD, 0x78, 0xBC, 0xF2, 0xEB, 0x53, 0x26, 0xF3, 0x52, 0x35, 0x1E, 0xAF,
    0xCC, 0xCE, 0xC5, 0xEA, 0xA8, 0xDD, 0xD5, 0xAB, 0xC1, 0x0A, 0x1A, 0x58, 0x8C, 0xB2, 0x1C, 0x60,
    0xB3, 0x33, 0x8A, 0x64, 0x56, 0x4B, 0x0B, 0xB3, 0x5B, 0x16, 0x8E, 0xB4, 0xB2, 0x60, 0xBB, 0x2C,
    0x74, 0x41, 0x5C, 0xB0, 0x9F, 0x0B, 0x16, 0x3C, 0xCE, 0x66, 0x45, 0x9B, 0xC3, 0x83, 0xD9, 0xF6,
    0x80, 0xF6, 0x21, 0x3C, 0x49, 0x52, 0xD8, 0x6C, 0x5D, 0x22, 0xF1, 0x27, 0x9D, 0x1F, 0x56, 0xA1,
    0x79, 0x49, 0xAB, 0x4E, 0xD7, 0x2D, 0x46, 0x9B, 0xC9, 0x60, 0x4B, 0xBB, 0xCA, 0x0E, 0x50, 0xCE,
    0xE6, 0x8B, 0x8B, 0xAA, 0x09, 0x05, 0x8C, 0x74, 0xB8, 0x5E, 0xD0, 0x4A, 0xD5, 0x52, 0xCD, 0xF9,
    0xAB, 0x17, 0x6D, 0x50, 0x1F, 0xE5, 0x9B, 0x83, 0xA9, 0x36, 0xD3, 0x7E, 0x96, 0x64, 0xDB, 0xC5,
    0x17, 0xB7, 0xD6, 0xAF, 0xAA, 0x5D, 0x34, 0x17, 0xA9, 0x01, 0xF5, 0xB0, 0x20, 0xB6, 0xBC, 0x1C,
    0xEB, 0x30, 0x49, 0x4D, 0xDC, 0xC2, 0x4E, 0x9D, 0xCA, 0xCA, 0x1A, 0xD8, 0xCA, 0x74, 0x58, 0x6E,
    0x7B, 0x72, 0x31, 0xBB, 0xD0, 0xE1, 0x9D, 0xB4, 0xEE, 0xAE, 0xA7, 0x75, 0x4A, 0x16, 0xE1, 0x15,
    0x29, 0x04, 0x94, 0xD4, 0x86, 0x8B, 0xBC, 0x5E, 0x9E, 0xCC, 0x09, 0xC4, 0xFA, 0xD1, 0xBC, 0x90,
    0x8D, 0x7E, 0xF9, 0xCF, 0x33, 0x4E, 0xE4, 0x07, 0xEB, 0xA0, 0xF5, 0x25, 0x3D, 0x8D, 0xA7, 0x87,
    0xD8, 0xE5, 0xEE, 0xB3, 0x96, 0xED, 0xDF, 0x9D, 0x17, 0x04, 0xF3, 0x61, 0x75, 0xFA, 0xEE, 0x68,
    0x53, 0x7F, 0x7C, 0x08, 0xE2, 0x0F, 0x58, 0x12, 0xA5, 0x3F, 0xF7, 0x7A, 0xFC, 0x09, 0x50, 0xC0,
    0x67, 0x06, 0x50, 0x50, 0xAA, 0xCD, 0xB7, 0x9D, 0xAC, 0x48, 0x9A, 0xED, 0xE9, 0x07, 0x9F, 0xEB,
    0x19, 0x28, 0x5F, 0xEA, 0xF9, 0x15, 0x6F, 0x19, 0x3E, 0x4C, 0xB3, 0x5A, 0x7D, 0xC1, 0x35, 0x83,
    0x5F, 0x06, 0xA7, 0xB4, 0xFE, 0xC5, 0xD2, 0xA4, 0x0D, 0xA7, 0xCD, 0x65, 0x6D, 0x28, 0x6A, 0x9B,
    0xB3, 0x0F, 0x22, 0xE9, 0xFE, 0x17, 0xED, 0x5A, 0x3D, 0x93, 0xDE, 0xC8, 0x71, 0x1E, 0x00, 0x24,
    0x51, 0x75, 0x08, 0x86, 0x01, 0xCF, 0x55, 0x16, 0x03, 0x24, 0x0A, 0x14, 0x58, 0x42, 0xE2, 0xC0,
    0x81, 0x48, 0xE0, 0xA4, 0x40, 0x81, 0x82, 0x63, 0xE0, 0x53, 0xE0, 0x0B, 0x98, 0x28, 0x50, 0x39,
    0x59, 0x07, 0x2A, 0x97, 0x02, 0x1E, 0x01, 0xD9, 0x7F, 0x80, 0x81, 0xA5, 0x44, 0x89, 0x03, 0x29,
    0xB8, 0x65, 0xC0, 0x54, 0x01, 0x6F, 0x07, 0x25, 0x07, 0x0E, 0x85, 0xF2, 0x1F, 0x20, 0xEC, 0xE2,
    0xD9, 0xE5, 0x53, 0x20, 0xB8, 0x0C, 0x96, 0xB1, 0x2B, 0x00, 0xE3, 0xE7, 0xE9, 0x1E, 0xBC, 0x2F,
    0xF6, 0x83, 0x57, 0xA7, 0x44, 0x2A, 0x4B, 0x5E, 0x72, 0xBB, 0xB1, 0xD8, 0x77, 0x31, 0x3D, 0x4F,
    0x7F, 0xF7, 0xC0, 0x18, 0xF3, 0x5D, 0xC3, 0xAF, 0x62, 0x22, 0x8D, 0xFC, 0x48, 0x96, 0xF9, 0x8A,
    0xAC, 0x1C, 0xCD, 0xED, 0x47, 0xC6, 0xB8, 0xD6, 0xB8, 0x15, 0xBF, 0xC2, 0x6D, 0xDF, 0x26, 0xB3,
    0x29, 0xDE, 0xD4, 0x43, 0x36, 0x19, 0xD7, 0x64, 0xA3, 0x1D, 0xCC, 0x6A, 0x92, 0xA9, 0xE8, 0x71,
    0x3B, 0x99, 0xCB, 0x36, 0x99, 0x84, 0xA5, 0x23, 0x58, 0xDD, 0x64, 0x83, 0x30, 0x4B, 0xE6, 0x2A,
    0xB2, 0x49, 0x58, 0x3A, 0x0A, 0xB3, 0x83, 0xFC, 0x2E, 0xEF, 0x4A, 0x3C, 0xC9, 0x94, 0x2D, 0xFE,
    0x0E, 0x4F, 0x35, 0x45, 0x97, 0xCC, 0xF1, 0x82, 0xDF, 0x46, 0x1E, 0xAB, 0x64, 0x8B, 0x71, 0xBE,
    0xFB, 0x9B, 0xD8, 0x7F, 0x5A, 0xFB, 0x9F, 0x4C, 0xA6, 0xF6, 0xF8, 0x1A, 0x20, 0xC9, 0xEA, 0x28,
    0xE3, 0xBB, 0x15, 0x05, 0xD4, 0xAF, 0x68, 0x25, 0xCD, 0x3D, 0xA9, 0x7B, 0x6D, 0x2A, 0x13, 0xAF,
    0xE6, 0x64, 0x35, 0xE9, 0x14, 0x43, 0x6C, 0x3B, 0x64, 0xE7, 0x27, 0x43, 0xD1, 0xE6, 0x7D, 0x32,
    0x96, 0x4D, 0xD9, 0xC4, 0x53, 0x59, 0xD5, 0x26, 0x9E, 0x6B, 0x2C, 0x18, 0xCF, 0x0E, 0xBB, 0x88,
    0x27, 0x27, 0x7B, 0x71, 0xE6, 0xCC, 0xA4, 0x03, 0xEF, 0xDB, 0x9E, 0x9F, 0x29, 0x20, 0x57, 0xD9,
    0xB8, 0x2A, 0xEF, 0xF3, 0x7F, 0x5B, 0x4C, 0xB6, 0x7E, 0xDB, 0xBF, 0x19, 0x62, 0x4A, 0x31, 0x99,
    0x02, 0xF4, 0x99, 0x31, 0x7F, 0x89, 0x7F, 0x58, 0xFE, 0x94, 0x98, 0xD5, 0x1E, 0x52, 0xF0, 0xD7,
    0x9D, 0xB1, 0xFE, 0xC7, 0xAE, 0x33, 0x25, 0xF6, 0xD9, 0x1A, 0xDF, 0x80, 0x42, 0x1E, 0x50, 0x20,
    0x65, 0x2C, 0x37, 0x6C, 0x6E, 0x63, 0x8F, 0x22, 0x72, 0x2F, 0x60, 0xB7, 0x57, 0x69, 0xDD, 0x7C,
    0x2E, 0xDD, 0x7F, 0x1E, 0x4F, 0xB8, 0x6B, 0xF2, 0xD1, 0x44, 0x58, 0x6D, 0x31, 0x39, 0xB4, 0x00,
    0x11, 0x7A, 0xE8, 0xCC, 0x13, 0x8E, 0xC2, 0x73, 0x85, 0x78, 0xE6, 0x47, 0x63, 0xD1, 0x73, 0x2C,
    0x6A, 0x4E, 0x86, 0x1D, 0x15, 0x21, 0x92, 0xCE, 0x1C, 0xE0, 0xF4, 0x0B, 0xD1, 0xF4, 0x50, 0xFE,
    0x67, 0xAE, 0x8D, 0xBD, 0xC9, 0x1B, 0xA8, 0x27, 0xA7, 0xE2, 0xF2, 0x2A, 0xEF, 0xB6, 0xB5, 0x4B,
    0x0A, 0x53, 0x57, 0x1B, 0x71, 0x66, 0x23, 0x7A, 0xAF, 0xD9, 0x3E, 0x57, 0xF4, 0xE6, 0x1F, 0x8D,
    0x5D, 0x4F, 0xA0, 0x7D, 0x2A, 0x10, 0x16, 0x85, 0xDF, 0xE7, 0xF2, 0x1B, 0x7E, 0xB0, 0x30, 0x1B,
    0x29, 0x49, 0x1E, 0x6E, 0x52, 0xDC, 0xFE, 0x00, 0x5F, 0x15, 0x81, 0xF6, 0xAD, 0xD2, 0xF2, 0xD4,
    0x7D, 0xF6, 0xA2, 0x2D, 0xB1, 0xB0, 0x6D, 0x1E, 0x08, 0x7D, 0x82, 0xB5, 0x6C, 0xF5, 0x5D, 0x2C,
    0xFB, 0xCE, 0xB6, 0xB8, 0xF1, 0x3B, 0x2A, 0x76, 0x11, 0x2D, 0x47, 0xAA, 0x48, 0x24, 0x7B, 0x3A,
    0x1D, 0x69, 0xAA, 0x2E, 0x30, 0x1C, 0xA9, 0xAA, 0xC9, 0x0A, 0x42, 0x27, 0xE7, 0x15, 0xFD, 0x83,
    0x88, 0x5A, 0xA1, 0xE0, 0x02, 0x9A, 0x6D, 0xAF, 0xD1, 0xE6, 0x48, 0xDF, 0xA9, 0x0E, 0xC0, 0x9A,
    0x7A, 0xCA, 0x56, 0xB1, 0xEB, 0xA9, 0xF6, 0x2D, 0xCC, 0xF8, 0xE4, 0x8D, 0xF7, 0xFF, 0xB2, 0xC2,
    0xB5, 0xFE, 0xA7, 0x2F, 0xFE, 0xA3, 0x83, 0x17, 0xF8, 0xCA, 0x7A, 0xB8, 0x01, 0x3E, 0x65, 0x67,
    0xB8, 0x47, 0x36, 0x1B, 0x0B, 0xE4, 0x5B, 0x3B, 0x52, 0x92, 0xA2, 0xA5, 0x06, 0x7A, 0xA0, 0x0A,
    0x81, 0x8A, 0x16, 0x08, 0x40, 0x19, 0xCA, 0x5B, 0x42, 0x5D, 0x57, 0xF2, 0x83, 0xA9, 0xF9, 0x43,
    0x59, 0x01, 0x0F, 0xFE, 0x50, 0x01, 0x0B, 0x70, 0x47, 0x4C, 0x6A, 0xDE, 0x04, 0x2A, 0xB5, 0x00,
    0xE4, 0x9F, 0xC9, 0x0F, 0x91, 0x9F, 0x3D, 0x79, 0xEC, 0xE7, 0xA0, 0xFF, 0x8D, 0x4F, 0x57, 0xF8,
    0x18, 0xF8, 0x70, 0x99, 0x1F, 0x76, 0xE7, 0x07, 0x18, 0x9F, 0xD0, 0x35, 0x5D, 0x68, 0xA7, 0x84,
    0xBB, 0xAC, 0x08, 0xFD, 0x19, 0x57, 0xE4, 0x83, 0x9D, 0x49, 0x46, 0xDE, 0xCC, 0x7A, 0x9A, 0x07,
    0xE1, 0x82, 0x9B, 0x55, 0x84, 0xF2, 0x4C, 0x90, 0xE6, 0xDA, 0xE9, 0x7F, 0x73, 0xA5, 0x44, 0x6D,
    0xD7, 0xB7, 0x62, 0x92, 0xD5, 0x55, 0x7D, 0xCE, 0x9F, 0xA7, 0xCF, 0xFB, 0x8B, 0xFC, 0x11, 0x7C,
    0x91, 0x2E, 0xD9, 0x1E, 0x24, 0xEC, 0x21, 0x64, 0x03, 0x23, 0x24, 0xF6, 0x83, 0x79, 0x3C, 0x51,
    0xCD, 0x00, 0x13, 0x8A, 0x07, 0x84, 0x10, 0x0C, 0x40, 0xE1, 0x01, 0xB5, 0x3C, 0x6C, 0x95, 0xC7,
    0xCF, 0x5C, 0x8A, 0x4E, 0x13, 0xCD, 0xE2, 0x2E, 0x4B, 0x46, 0x9D, 0xAF, 0xA2, 0xE7, 0x33, 0x31,
    0x60, 0x27, 0x76, 0x5B, 0x7F, 0x22, 0x26, 0x3C, 0x87, 0xE8, 0x49, 0x2A, 0xF0, 0x14, 0x62, 0x22,
    0xC5, 0xDE, 0x65, 0x9B, 0x23, 0x15, 0x57, 0x51, 0x9A, 0xF9, 0xD7, 0xE2, 0xB0, 0x94, 0xFF, 0x4B,
    0xA7, 0x3F, 0x3D, 0xA0, 0x5A, 0xFA, 0x31, 0xF5, 0x2B, 0x50, 0x4D, 0xFD, 0xB2, 0x43, 0x55, 0xC0,
    0x58, 0x36, 0x54, 0x6B, 0xF1, 0x65, 0xA0, 0xDA, 0x71, 0x15, 0x3A, 0x57, 0xDE, 0x96, 0xE6, 0x80,
    0xEA, 0xBF, 0x2A, 0xAA, 0xC3, 0x01, 0xD5, 0x84, 0x98, 0x44, 0xDF, 0xF1, 0x3F, 0xAA, 0xE8, 0x94,
    0x88, 0x51, 0x4A, 0xB7, 0x48, 0xF1, 0x5B, 0xA2, 0x3A, 0x10, 0x55, 0x47, 0x54, 0x1B, 0xA0, 0x8A,
    0x18, 0x84, 0x18, 0x97, 0x09, 0xAA, 0x80, 0x09, 0x7F, 0x5A, 0x08, 0xAA, 0xA5, 0x3C, 0xEC, 0x6C,
    0x87, 0x2A, 0x1F, 0xBA, 0x04, 0x54, 0xFB, 0x03, 0xAA, 0x4E, 0x50, 0xAD, 0x6F, 0x46, 0xB5, 0x94,
    0x10, 0xA2, 0x34, 0xA0, 0x7A, 0x03, 0xB6, 0x57, 0x51, 0xCD, 0xAF, 0xA1, 0x2A, 0xB8, 0xC2, 0x5A,
    0xD5, 0x68, 0x91, 0x2B, 0x80, 0x66, 0xDD, 0x31, 0xD5, 0x51, 0xFB, 0x06, 0xE6, 0xB6, 0x48, 0xA4,
    0x4D, 0x64, 0xD1, 0x4E, 0xC4, 0xB3, 0x43, 0xC1, 0xC7, 0x67, 0x63, 0x2D, 0x90, 0x2C, 0x8A, 0x95,
    0x57, 0x2F, 0xF0, 0x1A, 0x3F, 0x7D, 0xA3, 0x11, 0x54, 0xA4, 0x49, 0x43, 0x94, 0x78, 0x25, 0x1F,
    0x29, 0xBF, 0x25, 0x20, 0x9E, 0x09, 0xA2, 0xF1, 0x2C, 0x49, 0x2B, 0x1D, 0x24, 0x52, 0x41, 0x61,
    0x8C, 0x97, 0x90, 0xBB, 0xEC, 0x44, 0xB1, 0x39, 0x82, 0x25, 0xC2, 0xE4, 0xC9, 0x39, 0xE4, 0xEB,
    0x20, 0x66, 0x8F, 0x4C, 0x98, 0xFA, 0xB0, 0x86, 0xC6, 0x98, 0xB7, 0xB0, 0x46, 0x99, 0x06, 0x9D,
    0x77, 0x0E, 0x2A, 0x6A, 0x0D, 0xF3, 0x76, 0xCF, 0x64, 0x0F, 0x15, 0xB9, 0x0A, 0x0A, 0xA1, 0x1F,
    0xC5, 0xB3, 0x6C, 0x70, 0x95, 0x08, 0xE7, 0x04, 0xC9, 0x52, 0x42, 0x67, 0x21, 0x9B, 0xB3, 0x62,
    0xC8, 0x85, 0x50, 0x37, 0x4B, 0xA6, 0x25, 0x2C, 0xC9, 0xE8, 0xC5, 0x57, 0xF1, 0x18, 0x49, 0x92,
    0xC4, 0x0C, 0xA1, 0x08, 0x0F, 0xB4, 0xE7, 0x55, 0x39, 0x61, 0xDF, 0x1D, 0x8C, 0x3F, 0xF1, 0x9F,
    0x1F, 0x1D, 0xAB, 0x9D, 0xA0, 0x1A, 0xED, 0xC5, 0xFE, 0xF1, 0x65, 0xFD, 0x1A, 0xF8, 0xC2, 0x98,
    0xEF, 0x22, 0xDF, 0x30, 0xEA, 0x3F, 0x44, 0xF0, 0x60, 0xDC, 0x7F, 0x00, 0xCC, 0x18, 0xF9, 0xC9,
    0xBF, 0x87, 0x7B, 0x5F, 0x91, 0xB8, 0xC0, 0xE8, 0xBF, 0x68, 0xE4, 0x97, 0x08, 0xB1, 0x06, 0x3B,
    0x0E, 0x9C, 0xF7, 0x92, 0x8D, 0x4F, 0x7A, 0x8F, 0x9C, 0xF7, 0x18, 0xF7, 0xC9, 0x19, 0xF3, 0x79,
    0x8F, 0x9C, 0xF7, 0xEC, 0x8E, 0xF3, 0x1E, 0x51, 0xE2, 0x35, 0x73, 0xE0, 0x81, 0xF7, 0x6A, 0x81,
    0x27, 0x14, 0x78, 0xAD, 0xE8, 0x47, 0x74, 0xA5, 0x4C, 0x79, 0xD8, 0x5D, 0xB9, 0x71, 0x73, 0x33,
    0xDF, 0x92, 0xDE, 0x83, 0x03, 0x2F, 0xF9, 0x90, 0x33, 0x65, 0xAB, 0xB0, 0x6A, 0x31, 0x1F, 0x25,
    0xA3, 0x85, 0xFC, 0x2F, 0xD3, 0xC1, 0xC2, 0xE9, 0x7F, 0x9E, 0x0D, 0x36, 0x56, 0xA9, 0xC9, 0x20,
    0x08, 0x65, 0xDF, 0x58, 0x27, 0x71, 0x16, 0x12, 0x52, 0x70, 0xD8, 0x17, 0xE5, 0x85, 0x9C, 0xF9,
    0x20, 0xAE, 0x52, 0x4A, 0xF4, 0x65, 0x3C, 0x04, 0x8B, 0xA8, 0x28, 0xD8, 0xF8, 0x2F, 0xC1, 0x8A,
    0x0B, 0xF7, 0xFE, 0xA7, 0x4C, 0x70, 0x8B, 0x85, 0x0D, 0x23, 0x58, 0xE4, 0xB4, 0xE8, 0x7B, 0xC6,
    0x14, 0x6A, 0x58, 0xB9, 0xEE, 0xA4, 0x30, 0x6F, 0x67, 0x3B, 0x0F, 0x9B, 0x01, 0x47, 0x55, 0xFA,
    0x89, 0xEC, 0x0E, 0xC0, 0xC0, 0x7A, 0xC4, 0x1F, 0x2B, 0x4B, 0x0C, 0x0B, 0xAC, 0x11, 0xF0, 0xEB,
    0x4A, 0x04, 0x0F, 0xCC, 0x99, 0x8D, 0xA1, 0xF4, 0xA0, 0x4E, 0xF9, 0x91, 0x95, 0x81, 0xAB, 0xBA,
    0xBF, 0x4A, 0x10, 0x62, 0x91, 0x82, 0x88, 0x23, 0x49, 0x2B, 0x5B, 0xBF, 0xA1, 0x39, 0x2B, 0x09,
    0x6C, 0xDA, 0x33, 0x4D, 0xEB, 0x0C, 0x4A, 0xC7, 0xC4, 0x1E, 0x32, 0xBB, 0x39, 0xB9, 0xE0, 0x86,
    0xAC, 0xC6, 0x93, 0xC0, 0xB6, 0x84, 0x6F, 0xB2, 0xEE, 0x12, 0x6B, 0x6F, 0x60, 0x77, 0x82, 0x66,
    0xEB, 0x19, 0xCB, 0x90, 0x0C, 0x05, 0x93, 0x0A, 0x56, 0xB6, 0x03, 0xE3, 0x5F, 0x9F, 0x32, 0xC1,
    0x64, 0xAC, 0x75, 0x41, 0xCA, 0x0E, 0xCB, 0xBA, 0x36, 0x03, 0x20, 0x2D, 0x2D, 0xA4, 0x45, 0xE8,
    0x61, 0x6E, 0xEE, 0xC5, 0x40, 0x84, 0xD4, 0x87, 0x32, 0x4A, 0xFC, 0xD0, 0xFF, 0x03, 0xC9, 0x12,
    0x8A, 0x32, 0x63, 0xE6, 0xCB, 0x64, 0x3A, 0x90, 0xF1, 0x0A, 0xF2, 0x08, 0x1A, 0x0D, 0x90, 0x4F,
    0x36, 0xE4, 0x5F, 0x0B, 0xF2, 0xB0, 0x80, 0xC0, 0x82, 0x02, 0x92, 0x4D, 0x01, 0x51, 0x55, 0x12,
    0xF9, 0xB4, 0x11, 0x05, 0x64, 0x95, 0x28, 0x20, 0x13, 0x3D, 0xCC, 0x56, 0x14, 0xE0, 0xDF, 0xDF,
    0x90, 0x17, 0x77, 0xF3, 0x12, 0x0A, 0x32, 0xFF, 0x9E, 0x08, 0xF2, 0x55, 0xCD, 0x19, 0x5F, 0x4F,
    0x2E, 0x33, 0x11, 0xED, 0xCB, 0x41, 0x01, 0xE9, 0x25, 0x05, 0x20, 0xB6, 0xC9, 0xDF, 0x4B, 0xA8,
    0xB4, 0x64, 0x27, 0xE8, 0x24, 0x88, 0x61, 0x32, 0x02, 0xC3, 0x74, 0xC4, 0x1F, 0xA7, 0xC4, 0x30,
    0x1B, 0xD2, 0xE1, 0x1E, 0xAA, 0xF8, 0xE1, 0x2F, 0x08, 0xE4, 0x9F, 0xE7, 0xBD, 0x1D, 0xBE, 0x5F,
    0x77, 0x76, 0xFA, 0xDB, 0x03, 0x86, 0x1E, 0xFB, 0xF1, 0x23, 0xE3, 0x10, 0x1A, 0x0A, 0x13, 0x75,
    0xD8, 0x49, 0xD4, 0xD6, 0x47, 0x34, 0x9F, 0x11, 0xC3, 0x69, 0x23, 0x87, 0x2F, 0xA7, 0xF7, 0xA4,
    0xF1, 0xC9, 0x96, 0xA3, 0x84, 0xFB, 0x32, 0xD0, 0x5E, 0x2B, 0x03, 0x6D, 0x7F, 0x82, 0x94, 0x92,
    0xFF, 0x9A, 0xF5, 0x35, 0xA3, 0x54, 0x6B, 0x8A, 0xE5, 0x3D, 0x96, 0xFB, 0x2D, 0x2B, 0x5D, 0xAC,
    0x6F, 0x37, 0x0A, 0x09, 0x40, 0x9D, 0x78, 0xA1, 0x52, 0x2F, 0xD0, 0x2B, 0x5D, 0xC5, 0xF5, 0xE8,
    0x0D, 0x0D, 0xCA, 0xBE, 0xC8, 0x75, 0xCE, 0x0F, 0xB9, 0x5F, 0x84, 0xAA, 0x15, 0x67, 0x74, 0x3D,
    0x4B, 0x72, 0xC7, 0x5F, 0x36, 0x0D, 0x77, 0x28, 0x86, 0x96, 0x8D, 0x44, 0xF0, 0xB5, 0x26, 0x9E,
    0x51, 0xF0, 0xC7, 0xB3, 0x77, 0x43, 0xF2, 0x9B, 0xC1, 0x22, 0xBF, 0xA1, 0xAF, 0x4A, 0x3C, 0xD5,
    0xBA, 0x00, 0xD5, 0x94, 0x36, 0xCA, 0xD4, 0x3C, 0x60, 0x3F, 0x42, 0xEC, 0x00, 0x01, 0x6D, 0x0F,
    0xC9, 0x6C, 0x87, 0x18, 0x91, 0x77, 0x90, 0x4B, 0x02, 0xBA, 0x10, 0x76, 0x3F, 0xA6, 0x7C, 0xCD,
    0xAC, 0xB4, 0x60, 0x2F, 0xF5, 0x7C, 0x40, 0xEE, 0xAF, 0x9F, 0x05, 0x01, 0xD7, 0x50, 0xF8, 0x49,
    0xA8, 0x47, 0xA7, 0xE6, 0x06, 0xC5, 0x32, 0xE3, 0x67, 0x11, 0x6B, 0xE2, 0x25, 0xA4, 0xE6, 0x15,
    0x75, 0x30, 0x37, 0xE1, 0x8D, 0xFD, 0xA1, 0x97, 0x1D, 0x94, 0xF2, 0x3B, 0x70, 0xB1, 0x15, 0x67,
    0x6A, 0x3A, 0x3A, 0xF9, 0xAB, 0x73, 0xA4, 0x02, 0x2F, 0x31, 0x8F, 0x4D, 0x8C, 0x0D, 0xDC, 0x3C,
    0x7E, 0xA3, 0x39, 0x22, 0x78, 0xEE, 0x5B, 0x79, 0xF0, 0x73, 0x93, 0x32, 0xDA, 0x63, 0xC9, 0x64,
    0x55, 0x6F, 0x45, 0x16, 0x01, 0xCA, 0x5C, 0x03, 0x1D, 0xA4, 0xD1, 0x5C, 0x33, 0x6A, 0x0A, 0x5F,
    0xD5, 0x8B, 0x6F, 0xEF, 0x4A, 0xF5, 0xE0, 0x70, 0x56, 0xCA, 0xA2, 0xFA, 0x3F, 0x5D, 0x77, 0x0B,
    0xB5, 0x41, 0xDE, 0x53, 0x5A, 0x74, 0xAF, 0x19, 0x5D, 0xFB, 0x13, 0xD6, 0xE4, 0xDD, 0x42, 0xED,
    0x36, 0x6B, 0xD1, 0xC2, 0x3B, 0xD8, 0xA3, 0x8E, 0x6C, 0x9D, 0xF0, 0xC0, 0xC8, 0xFD, 0xE8, 0x18,
    0xFA, 0x43, 0x5D, 0xB2, 0xAB, 0x54, 0x00, 0xCE, 0x9F, 0xE1, 0xF1, 0xEB, 0x87, 0xCC, 0x47, 0x5E,
    0x2C, 0xD1, 0x49, 0xF1, 0x10, 0x85, 0xB6, 0xF6, 0xAF, 0x36, 0x8C, 0xFD, 0x1E, 0xE3, 0x08, 0x18,
    0x53, 0x68, 0xD4, 0x2B, 0x82, 0x31, 0x32, 0xB4, 0x62, 0xDC, 0x11, 0x5B, 0x78, 0x6F, 0x2B, 0x18,
    0xB7, 0x8A, 0x71, 0xF1, 0x9E, 0xB8, 0x6A, 0x55, 0x26, 0x4B, 0xE0, 0xB3, 0xF2, 0x5F, 0x2D, 0x82,
    0x71, 0x11, 0xB0, 0xCD, 0x0E, 0x18, 0x9F, 0x5F, 0xC6, 0x38, 0xBB, 0x82, 0x69, 0x36, 0x1D, 0xB1,
    0xD5, 0x22, 0x08, 0x22, 0xB1, 0x6E, 0xF4, 0x21, 0x4C, 0xFA, 0x4E, 0x31, 0xAE, 0x43, 0xF2, 0xCB,
    0x75, 0x6B, 0xAC, 0x17, 0x43, 0xE6, 0x08, 0x65, 0x63, 0xC8, 0x27, 0xDA, 0x03, 0xEE, 0x92, 0xC7,
    0xDB, 0x52, 0xE2, 0xEF, 0x55, 0x27, 0x37, 0xF4, 0x79, 0xBB, 0x1A, 0x26, 0xBF, 0x9C, 0xF6, 0xE0,
    0xC1, 0x86, 0xFD, 0x21, 0x43, 0x0A, 0x43, 0x09, 0xBF, 0xA5, 0x7A, 0xD8, 0xBE, 0x7B, 0xFD, 0x66,
    0xF5, 0x50, 0xB4, 0xFA, 0xCD, 0xF5, 0x29, 0x0F, 0xBF, 0x19, 0xB8, 0x5C, 0x70, 0x72, 0x1F, 0xBE,
    0x57, 0x2D, 0x5C, 0x10, 0x28, 0xE4, 0xF1, 0x2E, 0xE4, 0xA9, 0xA2, 0x4A, 0xBB, 0x0D, 0xCE, 0x90,
    0x90, 0x90, 0xEB, 0xF3, 0x00, 0xAD, 0x5D, 0x7D, 0x10, 0x29, 0x3E, 0x06, 0xBE, 0x77, 0xCD, 0x0D,
    0x5F, 0x77, 0x65, 0x88, 0xE0, 0xA7, 0x82, 0xFF, 0x09, 0xD6, 0x58, 0xF0, 0xFF, 0xC0, 0x7A, 0x18,
    0x75, 0xAA, 0x58, 0x58, 0xCD, 0x38, 0xA3, 0xE5, 0x70, 0x85, 0xEA, 0x43, 0x2A, 0xE2, 0xA2, 0xC5,
    0x95, 0xB4, 0xF2, 0x96, 0x5D, 0x89, 0xE8, 0x2E, 0xEB, 0x11, 0xB8, 0x35, 0x9A, 0x22, 0x0D, 0xEA,
    0xD0, 0x21, 0x19, 0x11, 0x7D, 0x06, 0x6D, 0xDB, 0x50, 0xC3, 0xA8, 0xA4, 0xC7, 0xFA, 0x48, 0x6D,
    0x4F, 0xAD, 0x24, 0xDC, 0x4B, 0x47, 0xDB, 0x07, 0xA5, 0xF4, 0x88, 0x4D, 0x9D, 0x2A, 0xCC, 0x76,
    0x6A, 0x98, 0xD0, 0x7A, 0x2B, 0xE1, 0x02, 0x8B, 0x16, 0x32, 0x57, 0xA1, 0x85, 0x42, 0x9A, 0x55,
    0x87, 0x2A, 0x80, 0xD1, 0xAB, 0x56, 0x99, 0x5D, 0x1B, 0xC1, 0x90, 0x61, 0xAC, 0x65, 0x0B, 0x43,
    0x03, 0x45, 0x49, 0xEB, 0x90, 0xA2, 0x3D, 0xBF, 0x0D, 0xF6, 0xC9, 0x06, 0x21, 0xF3, 0x97, 0x30,
    0xC1, 0xA3, 0x5F, 0x6E, 0x17, 0x53, 0x18, 0x33, 0xA5, 0xC3, 0xA6, 0xE2, 0x0D, 0xEC, 0xC5, 0x7C,
    0xC1, 0x2F, 0x7C, 0x12, 0x56, 0x84, 0x45, 0xD1, 0x7A, 0x5A, 0xE4, 0xAC, 0xC5, 0xAC, 0x0E, 0xED,
    0xAF, 0xBD, 0x98, 0xCD, 0xB3, 0x1C, 0xC1, 0xB7, 0x68, 0x9F, 0xD0, 0x2C, 0x8A, 0xA6, 0x46, 0x6D,
    0x0B, 0x10, 0x8B, 0x66, 0x31, 0x3F, 0xE0, 0x45, 0x59, 0xCD, 0x0A, 0x6B, 0xF9, 0x0D, 0x11, 0x23,
    0xBB, 0x70, 0xCF, 0xC3, 0xA8, 0x2E, 0x94, 0x2B, 0xF6, 0x70, 0xD1, 0x9D, 0xA9, 0x84, 0x79, 0xBB,
    0xE8, 0x05, 0x9E, 0xC2, 0x8B, 0x3F, 0x85, 0x6A, 0x66, 0x5E, 0x7C, 0xCD, 0x9C, 0x69, 0x1F, 0xFB,
    0xB5, 0x68, 0xC6, 0xC5, 0x14, 0x9B, 0xF2, 0xC3, 0x31, 0x9E, 0xE2, 0xF5, 0x04, 0x65, 0x5A, 0x07,
    0x65, 0x01, 0xFE, 0xC2, 0x4B, 0x27, 0x8C, 0xC5, 0x1E, 0x1D, 0x83, 0x62, 0x45, 0x0B, 0xC1, 0x32,
    0xE8, 0x9A, 0x68, 0xDC, 0x25, 0x27, 0x71, 0x8B, 0xB8, 0x3F, 0xCC, 0x3B, 0x58, 0x39, 0x8D, 0x9A,
    0x45, 0x4E, 0x2B, 0x76, 0xEE, 0x24, 0x24, 0x4B, 0x29, 0x6E, 0x7B, 0x29, 0x04, 0x6C, 0x2F, 0xDA,
    0x93, 0x2C, 0x23, 0xD1, 0xB7, 0x52, 0xA6, 0x15, 0x8B, 0x38, 0x5A, 0xD9, 0x94, 0x32, 0x5F, 0xAA,
    0xA4, 0xF3, 0xA8, 0x2B, 0x51, 0x6D, 0xAD, 0x03, 0x3E, 0x27, 0x6D, 0x99, 0xA8, 0x52, 0x82, 0x9C,
    0x38, 0xCE, 0xAA, 0xBE, 0xB4, 0xC8, 0x92, 0x74, 0x8F, 0x4C, 0xBD, 0x23, 0x0D, 0x2C, 0x54, 0x1E,
    0xC3, 0x0D, 0xA5, 0x9F, 0x1A, 0x55, 0x70, 0xFD, 0x30, 0x30, 0x0A, 0x71, 0x2D, 0x7C, 0x3E, 0x69,
    0xAE, 0x78, 0xF6, 0x1C, 0xFB, 0x85, 0x35, 0xD5, 0x72, 0x32, 0x45, 0xEE, 0x19, 0x1E, 0xEE, 0xF0,
    0x51, 0x3A, 0xC3, 0x90, 0x70, 0x42, 0x93, 0x49, 0x32, 0x6D, 0xA9, 0x90, 0x8A, 0x11, 0x27, 0x4C,
    0xD1, 0x8A, 0x36, 0xE7, 0xF0, 0x46, 0x26, 0x9D, 0xD8, 0x10, 0x4C, 0x72, 0xD5, 0xF1, 0x0C, 0x93,
    0x2A, 0x0B, 0xAD, 0xB2, 0x11, 0xE2, 0x43, 0x4C, 0x52, 0x52, 0xED, 0xF3, 0x7C, 0x32, 0x6F, 0xDD,
    0x98, 0x66, 0x30, 0xDE, 0xFF, 0xBE, 0x1A, 0xE5, 0xAE, 0x6F, 0x6A, 0x8D, 0x66, 0x4D, 0x56, 0x0C,
    0xEB, 0xE9, 0x8B, 0xD7, 0x3A, 0xBB, 0x91, 0x7D, 0xC6, 0xA3, 0x46, 0xDE, 0x8D, 0x27, 0xAA, 0x27,
    0xE1, 0x5C, 0x2E, 0xED, 0x03, 0xEF, 0x42, 0xDF, 0x1C, 0x38, 0x7C, 0xD5, 0x85, 0xA8, 0x27, 0x08,
    0xE5, 0xEA, 0x59, 0x0C, 0xDB, 0xAB, 0x86, 0x6B, 0x1D, 0xC7, 0xD4, 0x81, 0x9F, 0x85, 0xE1, 0xC1,
    0x6C, 0x42, 0x9B, 0xAB, 0x9C, 0x63, 0xE1, 0x49, 0xA1, 0x27, 0xBF, 0x8D, 0x5D, 0x50, 0x35, 0x6C,
    0x2E, 0x1E, 0x23, 0x2E, 0xD3, 0xE4, 0x68, 0xC3, 0xE5, 0xA4, 0x5C, 0x6C, 0xCE, 0x76, 0x5B, 0x40,
    0xBB, 0x9C, 0x29, 0xB6, 0x0C, 0xF1, 0x51, 0xE0, 0x2F, 0x03, 0xFF, 0x69, 0x70, 0x85, 0x36, 0xD0,
    0x3B, 0x8A, 0xC4, 0x53, 0xD9, 0xD8, 0x47, 0xB2, 0x9D, 0x97, 0x52, 0x43, 0xCD, 0xB2, 0x25, 0xA1,
    0x80, 0xC7, 0x0B, 0x28, 0xAB, 0x40, 0xC1, 0xB8, 0x2F, 0x26, 0x9B, 0xF6, 0x9C, 0xAA, 0xD8, 0x8E,
    0x9B, 0xC9, 0x5B, 0x2D, 0x92, 0x21, 0x78, 0xE4, 0x65, 0x90, 0xB1, 0xB0, 0x39, 0x97, 0x3E, 0x77,
    0x40, 0x47, 0x93, 0xF9, 0xFE, 0xF6, 0x95, 0xBC, 0x50, 0xEC, 0x04, 0xD5, 0x04, 0xF6, 0xE4, 0x6A,
    0x3C, 0xD0, 0x2C, 0xD1, 0xD1, 0x99, 0x64, 0xA2, 0xC2, 0x6C, 0x91, 0x4F, 0xC7, 0x6C, 0x71, 0x53,
    0xDF, 0x79, 0xA9, 0xFF, 0x0C, 0x7D, 0xE7, 0xC6, 0xF3, 0x4E, 0x4D, 0xB9, 0x08, 0x06, 0xB0, 0xF1,
    0x32, 0x84, 0xD4, 0x2D, 0xB3, 0x90, 0xBB, 0x30, 0x1D, 0xF1, 0xBB, 0x2C, 0xE3, 0x82, 0xA5, 0x6D,
    0xED, 0xF3, 0x95, 0x36, 0x7A, 0x6B, 0x9F, 0xE9, 0x62, 0xE4, 0x14, 0x5F, 0x1A, 0xB4, 0xC0, 0x77,
    0xF5, 0xFD, 0xB1, 0x68, 0xD8, 0x0A, 0xB3, 0xDE, 0xEC, 0x1D, 0x2E, 0xCC, 0xAF, 0xC3, 0xA0, 0x01,
    0x3F, 0x86, 0x18, 0xEA, 0xFA, 0xA3, 0x9F, 0x21, 0x4F, 0x20, 0x22, 0xC7, 0xF3, 0x09, 0xCA, 0x9B,
    0x59, 0xCE, 0x14, 0x52, 0xAE, 0xC3, 0x63, 0x85, 0x51, 0x8E, 0x11, 0xF0, 0x4C, 0x54, 0xB0, 0x17,
    0xA7, 0x2F, 0x50, 0x2D, 0x7B, 0x2F, 0xA4, 0x07, 0x0C, 0x96, 0x24, 0xEF, 0x00, 0x44, 0xCE, 0xE2,
    0x55, 0x46, 0x8B, 0x25, 0x5B, 0x81, 0xE0, 0x62, 0x8E, 0x1B, 0xF7, 0x6F, 0x2F, 0xA5, 0xC5, 0x78,
    0x99, 0x59, 0x52, 0x46, 0xD4, 0x8C, 0x1E, 0x95, 0x9D, 0xFF, 0x61, 0x68, 0xED, 0xFE, 0xFA, 0x28,
    0x88, 0x3F, 0x05, 0x7E, 0x45, 0x5D, 0x9B, 0xBF, 0xD9, 0x2D, 0xB7, 0x5D, 0xA9, 0xCC, 0xB6, 0x4A,
    0xEC, 0x2B, 0x97, 0xD4, 0x64, 0x44, 0x4F, 0x46, 0x14, 0x25, 0x6E, 0xCE, 0x1E, 0x98, 0x26, 0x21,
    0xBA, 0x92, 0xA8, 0x2C, 0x99, 0x81, 0x83, 0x56, 0xAA, 0xCB, 0x88, 0xBE, 0x84, 0xCA, 0x10, 0x5B,
    0x47, 0xD9, 0xC0, 0x01, 0x5B, 0xCC, 0x25, 0x5F, 0x17, 0x6D, 0xC8, 0xD5, 0xA2, 0x36, 0x6E, 0xB1,
    0xFC, 0x94, 0xB4, 0xF6, 0xDC, 0x5E, 0xAD, 0x56, 0x23, 0x73, 0x41, 0xED, 0x81, 0xB5, 0xF5, 0x8D,
    0xF7, 0x67, 0x19, 0xED, 0xB5, 0x41, 0x04, 0xCB, 0x68, 0xB4, 0xC3, 0x88, 0x0C, 0xD2, 0x4C, 0xD5,
    0x9D, 0x0E, 0x22, 0x1A, 0x65, 0x95, 0xA0, 0x55, 0x07, 0xD3, 0x36, 0x07, 0x16, 0x46, 0x0F, 0x93,
    0x8E, 0x1E, 0x02, 0x9B, 0x15, 0x56, 0x5F, 0xE5, 0xB3, 0xB6, 0xC3, 0x52, 0x53, 0xFB, 0xDF, 0xE8,
    0x20, 0xE2, 0x9B, 0xF3, 0x0D, 0xA3, 0x87, 0xF4, 0xA6, 0xD1, 0x83, 0xDD, 0xCF, 0x1A, 0x6E, 0xBB,
    0xD1, 0x1C, 0x93, 0x62, 0x19, 0x58, 0xB5, 0x0F, 0x78, 0x0F, 0x2F, 0x85, 0xBD, 0x27, 0x97, 0x82,
    0xDF, 0xCF, 0x8F, 0x43, 0x78, 0x6A, 0xC1, 0x7D, 0xC1, 0x41, 0x84, 0xFD, 0xC2, 0x83, 0x88, 0x2F,
    0x41, 0xA0, 0x88, 0x26, 0x13, 0x0B, 0x19, 0xB7, 0xD3, 0x23, 0x25, 0xFD, 0x76, 0x80, 0x94, 0xB6,
    0xE6, 0x7A, 0xA0, 0x93, 0x7D, 0x21, 0x7F, 0x48, 0x49, 0x06, 0xEB, 0xBE, 0x2F, 0x69, 0x9C, 0x35,
    0x03, 0xEE, 0xCA, 0xF0, 0x29, 0x95, 0x59, 0x53, 0x47, 0x8F, 0xEB, 0xD4, 0xEB, 0xEC, 0xAB, 0xDE,
    0xE4, 0xAF, 0x78, 0xF1, 0x4B, 0x48, 0x7B, 0xC2, 0x8B, 0x7F, 0x1E, 0xCD, 0x19, 0xFD, 0x20, 0xFF,
    0xA7, 0x29, 0x9A, 0xE5, 0xE2, 0xEF, 0x51, 0x4C, 0x52, 0xD6, 0xE2, 0x87, 0x4B, 0xD6, 0xD7, 0x92,
    0x22, 0x56, 0xDB, 0xD6, 0x02, 0x99, 0x2F, 0x99, 0x59, 0x71, 0x51, 0x9F, 0x71, 0xE6, 0x8C, 0x8B,
    0x52, 0x46, 0xFA, 0xCC, 0x07, 0xA3, 0xF8, 0xFA, 0x19, 0xFB, 0xF5, 0x59, 0x6C, 0xC9, 0xB6, 0x72,
    0x9C, 0x30, 0x9B, 0x5B, 0x1A, 0x01, 0xE6, 0x2D, 0x14, 0xCC, 0x41, 0x95, 0xF2, 0x6B, 0x16, 0xBF,
    0x9C, 0xCA, 0xC2, 0x95, 0x58, 0x86, 0xB3, 0xE3, 0x92, 0x5A, 0x9C, 0x63, 0x63, 0xBF, 0x9D, 0x85,
    0x6C, 0x5E, 0x74, 0x48, 0x5B, 0x87, 0xBC, 0x75, 0x48, 0x5C, 0xC7, 0x9E, 0x66, 0x4B, 0x5D, 0x66,
    0x3F, 0x98, 0xE6, 0xE0, 0xCD, 0x48, 0xED, 0xD0, 0x01, 0x14, 0x36, 0xFF, 0x3D, 0x00, 0x22, 0x92,
    0xD0, 0xE0, 0xAA, 0xBC, 0x10, 0x27, 0x1F, 0xCD, 0x47, 0xE4, 0xE7, 0x93, 0x99, 0x69, 0x8A, 0xD3,
    0x1C, 0xFF, 0xD7, 0xCC, 0x6C, 0x36, 0x27, 0x1C, 0xF8, 0xC7, 0xC3, 0x99, 0xFD, 0x05, 0x27, 0x9C,
    0x43, 0x9D, 0x7F, 0x93, 0xBC, 0x2F, 0x1F, 0x72, 0x0B, 0x59, 0x57, 0x4A, 0x09, 0x68, 0xDB, 0x62,
    0x4C, 0x64, 0x38, 0x08, 0x0B, 0x91, 0xD3, 0x03, 0xDB, 0xB2, 0xAA, 0x47, 0x3B, 0xD8, 0x80, 0x97,
    0x52, 0xB9, 0x9D, 0x57, 0x32, 0x7C, 0x87, 0x4C, 0xB5, 0x8C, 0xC0, 0x7D, 0x73, 0xFB, 0xC6, 0x36,
    0x6D, 0x4B, 0xC6, 0xDB, 0x8C, 0x60, 0xBC, 0xE9, 0x88, 0x28, 0xF3, 0x0D, 0x1E, 0x20, 0xFE, 0xA7,
    0xE5, 0x9C, 0xFC, 0x97, 0x73, 0x0C, 0xB8, 0x14, 0x00, 0xD7, 0x72, 0x81, 0x47, 0xC9, 0x52, 0x54,
    0x66, 0x83, 0x84, 0x0D, 0x39, 0xA2, 0xC1, 0x7F, 0x04, 0x89, 0xBC, 0x95, 0xF0, 0xA0, 0xFF, 0x5F,
    0x53, 0xC6, 0xC3, 0x54, 0xE2, 0xA9, 0xE6, 0xDE, 0x5A, 0xE3, 0x16, 0xCF, 0x6F, 0x89, 0xBD, 0x78,
    0xE5, 0x36, 0x88, 0xBF, 0xD2, 0xFC, 0xDC, 0x53, 0x4F, 0xD5, 0x19, 0x46, 0xEA, 0x03, 0xF8, 0xE6,
    0x78, 0x96, 0x6C, 0x4A, 0x3D, 0x9F, 0x79, 0xAA, 0x8E, 0x28, 0x46, 0x07, 0x98, 0x43, 0x01, 0x25,
    0x0A, 0x4E, 0xFB, 0xD0, 0xFE, 0x88, 0xDE, 0xF3, 0x46, 0xBC, 0x19, 0x48, 0xCA, 0x3C, 0x5D, 0x1D,
    0x7E, 0x11, 0xA6, 0xD1, 0x51, 0x4E, 0x67, 0x47, 0xAD, 0xDD, 0x39, 0xA5, 0xBD, 0x38, 0x7D, 0x3E,
    0x4B, 0x26, 0x90, 0x12, 0x43, 0xC3, 0x10, 0x80, 0x61, 0xC3, 0xB5, 0xC8, 0xB9, 0x36, 0xED, 0xED,
    0x0E, 0x67, 0xA8, 0x3C, 0x63, 0x19, 0x6A, 0xEC, 0xC3, 0x85, 0xBD, 0xB0, 0xF2, 0x44, 0xB8, 0x1D,
    0x11, 0xF8, 0x12, 0x1E, 0x4A, 0x45, 0x9A, 0x40, 0xA6, 0xEB, 0xAD, 0x47, 0xA4, 0x9D, 0xF3, 0x13,
    0x6D, 0xC6, 0xEB, 0x0B, 0x37, 0x45, 0xBE, 0xCA, 0xC6, 0xE4, 0x38, 0x0E, 0x62, 0x78, 0x66, 0x2C,
    0x1E, 0x64, 0x70, 0x85, 0x4D, 0xE7, 0x1D, 0x48, 0xD1, 0x31, 0xF6, 0xB6, 0x0C, 0xBD, 0x24, 0xBE,
    0x75, 0x55, 0xE4, 0x9B, 0xBA, 0x49, 0x3D, 0xAA, 0xF4, 0xBC, 0xAE, 0xCA, 0x8B, 0xA5, 0xEC, 0xAD,
    0x1F, 0x61, 0x4E, 0xB8, 0x3D, 0x07, 0x3C, 0xE1, 0x43, 0xB7, 0xB4, 0xC9, 0x7E, 0xAA, 0x47, 0xD6,
    0x7E, 0xC7, 0xCA, 0x10, 0xB8, 0xCD, 0x1F, 0x8A, 0x22, 0xAA, 0x08, 0x49, 0x83, 0x85, 0x7F, 0x3A,
    0x69, 0x5D, 0x02, 0x6D, 0xF4, 0x59, 0xFB, 0xFB, 0xD6, 0x81, 0x1E, 0xA8, 0x6C, 0x5D, 0xA2, 0xB6,
    0x58, 0xF6, 0x70, 0x15, 0x39, 0xF7, 0xD9, 0xE9, 0x99, 0x7C, 0xEC, 0x0C, 0x6B, 0x3C, 0xD4, 0xC6,
    0x1C, 0x57, 0x0F, 0xB4, 0x59, 0xC7, 0x42, 0x5F, 0xD7, 0x9E, 0xD3, 0x1F, 0x82, 0xD9, 0x76, 0x55,
    0x56, 0xEB, 0x16, 0xD8, 0xA3, 0xAD, 0xF9, 0x9D, 0xB7, 0xAB, 0x84, 0x6F, 0x5C, 0x84, 0xDE, 0x7F,
    0xBB, 0xB2, 0x3C, 0xBF, 0x5A, 0xB4, 0x7F, 0xDF, 0x2A, 0xC5, 0xFA, 0xF4, 0x79, 0xB8, 0xF2, 0x5B,
    0x19, 0x12, 0x6F, 0x4D, 0xAC, 0xD4, 0x0B, 0x87, 0xD4, 0x88, 0xAB, 0x48, 0x4E, 0x99, 0xE4, 0x60,
    0xA3, 0x13, 0xDD, 0xF0, 0xC0, 0x56, 0x5B, 0x3F, 0x1E, 0x6F, 0xA0, 0xD0, 0x87, 0x6A, 0x6A, 0x29,
    0xF9, 0x4B, 0x9E, 0x92, 0x4A, 0x05, 0x05, 0x1D, 0x65, 0xBB, 0x03, 0x18, 0x39, 0xBD, 0xF4, 0xC0,
    0x9C, 0x19, 0xDD, 0xAF, 0x6C, 0xD0, 0x22, 0x7F, 0xEA, 0xEB, 0x7F, 0xF7, 0x2D, 0x9C, 0xA8, 0xE4,
    0x99, 0x3B, 0x42, 0x55, 0xC1, 0x33, 0x77, 0xF2, 0x41, 0xC3, 0x78, 0xD1, 0x6B, 0xB3, 0x54, 0xB6,
    0xE1, 0x75, 0x86, 0x86, 0xC6, 0x19, 0x7D, 0xE0, 0x7E, 0x45, 0xA1, 0x9D, 0x1C, 0xF8, 0xC0, 0x5E,
    0x2F, 0xFC, 0xC7, 0x7C, 0xA3, 0x61, 0xD4, 0x6C, 0x59, 0x86, 0x8E, 0x89, 0x33, 0x88, 0x4A, 0x77,
    0xED, 0xF5, 0x21, 0x16, 0x15, 0xEE, 0x0F, 0x4C, 0xF1, 0xC6, 0xD9, 0xF5, 0xC3, 0x99, 0xC3, 0x87,
    0x94, 0xB6, 0x90, 0x22, 0xCC, 0xCB, 0x1B, 0x2D, 0xF7, 0xB6, 0x5E, 0xBB, 0xAC, 0xB8, 0x3D, 0x86,
    0x63, 0x6E, 0x9C, 0x83, 0x32, 0x7B, 0xB1, 0x0A, 0x44, 0xE3, 0x95, 0x20, 0x86, 0xE6, 0xEF, 0x91,
    0xC8, 0x31, 0x18, 0x7D, 0x3B, 0xE6, 0xFE, 0x7A, 0xFA, 0x5C, 0x2A, 0xAE, 0x44, 0xA9, 0xD4, 0x5D,
    0x80, 0xED, 0xFA, 0x18, 0x5B, 0x8B, 0x71, 0xA5, 0x85, 0xBC, 0xCE, 0xA0, 0xB4, 0x94, 0x39, 0xE3,
    0xF5, 0x33, 0x6A, 0x7D, 0xB9, 0xE2, 0xF0, 0x8A, 0xC5, 0xBB, 0x42, 0x1F, 0x88, 0x16, 0x1E, 0x48,
    0x41, 0xF4, 0x52, 0xCE, 0x90, 0x67, 0x11, 0x47, 0xE9, 0x16, 0x8A, 0xB2, 0x21, 0x66, 0x20, 0x4F,
    0xE8, 0x24, 0x70, 0xD2, 0x58, 0x8C, 0xB0, 0x1E, 0x6F, 0x9E, 0x93, 0xC8, 0xA8, 0x4A, 0x7A, 0x67,
    0x07, 0xE5, 0xC4, 0x2B, 0x34, 0x83, 0x7A, 0x5C, 0x06, 0x3F, 0x79, 0x27, 0xEF, 0x3B, 0x00, 0x60,
    0xF8, 0x61, 0x73, 0x7F, 0xA1, 0xD2, 0x07, 0x7D, 0xEF, 0xC6, 0x7D, 0x5C, 0x5D, 0x7B, 0x03, 0x45,
    0xDB, 0xE8, 0xCE, 0x7C, 0xD9, 0xE4, 0xE7, 0xC0, 0x3B, 0x15, 0x4B, 0x13, 0x8B, 0x50, 0x98, 0xEF,
    0xFC, 0x4C, 0xCD, 0xAE, 0x93, 0x69, 0x25, 0xAA, 0x58, 0x7F, 0xF1, 0x02, 0x7E, 0x8E, 0x44, 0xE4,
    0x2B, 0x5A, 0x9A, 0xDB, 0x4D, 0x06, 0xF5, 0x14, 0x3F, 0xEF, 0xF7, 0xC7, 0x00, 0x7B, 0x8A, 0x07,
    0x9C, 0xBA, 0x9E, 0x9B, 0xF6, 0x9D, 0xD0, 0x56, 0xE7, 0x4F, 0xFE, 0x10, 0xFA, 0x5C, 0x98, 0xE3,
    0x79, 0x89, 0x40, 0xAE, 0x62, 0x97, 0x51, 0xCA, 0x79, 0x5C, 0xC1, 0x4A, 0x0C, 0xE6, 0xF0, 0xC2,
    0xBF, 0x65, 0x12, 0x2C, 0xB6, 0x2B, 0xAF, 0xF4, 0x2C, 0x08, 0x92, 0x3F, 0xF1, 0x26, 0xEE, 0x64,
    0xA8, 0xA5, 0xC6, 0x29, 0x2A, 0x14, 0x73, 0xA5, 0x30, 0xB7, 0x4F, 0x3A, 0x23, 0x07, 0xC5, 0x90,
    0xA2, 0x4B, 0xFD, 0xB3, 0xA2, 0xCD, 0xF9, 0x56, 0x83, 0x54, 0xD3, 0xF2, 0x2A, 0x48, 0xCD, 0x98,
    0x56, 0x37, 0x19, 0x56, 0xFF, 0x14, 0xF6, 0x98, 0xEB, 0xE1, 0xFF, 0x74, 0xB0, 0xAB, 0x5B, 0x1C,
    0x06, 0x22, 0x4E, 0xEB, 0xC0, 0x78, 0x3D, 0xD0, 0x87, 0x66, 0xBE, 0xA2, 0xA9, 0xFF, 0x23, 0xF8,
    0x45, 0x8C, 0xBD, 0xB6, 0x83, 0x1B, 0xE5, 0x9C, 0x28, 0x4A, 0x73, 0x88, 0xD2, 0xA7, 0xBA, 0xD1,
    0xFA, 0x7E, 0x77, 0x38, 0x53, 0xB0, 0x5B, 0x87, 0xE8, 0xBA, 0x1D, 0x10, 0x17, 0x5D, 0xBD, 0xCD,
    0xC5, 0xF5, 0x00, 0x4B, 0x72, 0x59, 0xF9, 0xB9, 0x93, 0xC5, 0xFF, 0x1F, 0xDE, 0x1E, 0x87, 0xB7,
    0x77, 0x4D, 0x15, 0x5E, 0x61, 0x4A, 0xC2, 0x08, 0x6F, 0x0E, 0xBD, 0xD7, 0xE1, 0x22, 0x1A, 0x93,
    0xFE, 0x8F, 0x62, 0x66, 0x7B, 0x8F, 0x96, 0x71, 0xC6, 0xCE, 0xC5, 0xCB, 0xE1, 0x39, 0xC9, 0xCB,
    0xE8, 0x52, 0xD8, 0xFD, 0x93, 0x8F, 0x69, 0xF2, 0x9E, 0x6F, 0x45, 0x21, 0x66, 0xD7, 0x3F, 0x7B,
    0xBC, 0x20, 0x8C, 0xC7, 0x9E, 0x7D, 0x89, 0x37, 0xD2, 0xFC, 0x8E, 0x61, 0x32, 0xBA, 0x6E, 0x1D,
    0x91, 0x9C, 0x00, 0xA1, 0x17, 0x88, 0xBD, 0x9C, 0xC6, 0xF3, 0x1D, 0x92, 0xE7, 0x92, 0xDF, 0x8A,
    0x61, 0x3B, 0x27, 0x92, 0x2C, 0x7F, 0x24, 0x72, 0x4F, 0x54, 0x5F, 0xF6, 0x5F, 0xE5, 0xAB, 0x31,
    0x25, 0xCF, 0xDF, 0x6A, 0xCD, 0x7D, 0x7C, 0x8B, 0x52, 0x5E, 0xE4, 0xFC, 0xAD, 0xDC, 0xF4, 0x04,
    0x76, 0x9E, 0xF0, 0x1C, 0x3A, 0x39, 0xFF, 0x0E, 0x82, 0x0D, 0xE4, 0x6F, 0x12, 0x4E, 0x10, 0xE2,
    0x26, 0xBC, 0x95, 0x18, 0x5E, 0x13, 0x7B, 0xF7, 0x64, 0x64, 0x5E, 0x93, 0xC1, 0xCA, 0xB0, 0x8D,
    0x77, 0xB5, 0x58, 0x59, 0xB7, 0xF7, 0x46, 0xE1, 0x1F, 0x77, 0x79, 0x96, 0xF6, 0xF4, 0x03, 0x27,
    0x59, 0x14, 0x6B, 0x4B, 0xB9, 0xF2, 0xEE, 0xB1, 0x8A, 0x92, 0xD7, 0x2F, 0x02, 0xAD, 0xC5, 0xDC,
    0x3F, 0x09, 0x29, 0x8F, 0x2E, 0x35, 0x49, 0x40, 0x78, 0x14, 0x4E, 0xB6, 0xDC, 0xF1, 0xE5, 0x34,
    0xF1, 0x37, 0x0D, 0x19, 0x89, 0x3F, 0x97, 0xD2, 0x56, 0x46, 0xB3, 0xCF, 0xB5, 0x82, 0x2F, 0x86,
    0xE3, 0xC9, 0x5A, 0x3A, 0xED, 0xE8, 0xB5, 0xE3, 0x67, 0x24, 0xB1, 0x07, 0x00, 0x1C, 0x55, 0x8D,
    0x9C, 0x5C, 0x3A, 0x09, 0x72, 0xFA, 0x30, 0x05, 0x4F, 0xE6, 0x46, 0x2A, 0xA1, 0x09, 0xF4, 0xA1,
    0x38, 0xFE, 0x13, 0x11, 0xE2, 0x7B, 0x21, 0xCE, 0x96, 0x3B, 0x09, 0x97, 0x9D, 0x84, 0xFD, 0xE1,
    0x60, 0x2E, 0x76, 0xAF, 0x55, 0xCE, 0xE3, 0xD1, 0x7C, 0x98, 0xCB, 0xE5, 0xBB, 0xB7, 0x22, 0xF7,
    0xC7, 0xE4, 0xE9, 0xFE, 0x6D, 0xC9, 0x3E, 0xC4, 0xFA, 0x7B, 0x12, 0xFD, 0xCB, 0x67, 0xA9, 0x0C,
    0x6C, 0x38, 0x20, 0xC9, 0xA5, 0xB8, 0x88, 0x5C, 0x18, 0xA6, 0x15, 0xE1, 0x88, 0xBB, 0xBC, 0xC2,
    0x6F, 0xFE, 0x92, 0x21, 0x23, 0xFE, 0x9E, 0xCF, 0xB0, 0x88, 0xB9, 0x7C, 0x0F, 0xAD, 0x38, 0x57,
    0x09, 0xEA, 0x30, 0x75, 0xF3, 0x3A, 0x75, 0x4B, 0x02, 0xCF, 0x7E, 0xAD, 0x53, 0xB7, 0xFC, 0x95,
    0x9E, 0xB6, 0xD5, 0x61, 0xFA, 0xB6, 0xE8, 0xD4, 0x2D, 0x19, 0xF5, 0xE4, 0x2D, 0x93, 0x38, 0x85,
    0xE0, 0xDD, 0xCA, 0xE9, 0x9B, 0xBC, 0x5C, 0x4A, 0xBE, 0xE8, 0xD4, 0xED, 0xEF, 0x26, 0x66, 0x1A,
    0x53, 0x7F, 0x4B, 0x8F, 0x33, 0xEA, 0xF7, 0x75, 0x0A, 0xEE, 0xCA, 0x4A, 0x4F, 0xE6, 0xCE, 0xC2,
    0xF4, 0x6D, 0x0E, 0xD3, 0xB7, 0x41, 0x38, 0x47, 0x1A, 0xB1, 0x4C, 0xDD, 0x9A, 0x30, 0x2A, 0x08,
    0x93, 0x02, 0xBA, 0xA2, 0xE8, 0x5E, 0x5A, 0x07, 0x2F, 0x21, 0xDA, 0xBF, 0x3D, 0x18, 0x95, 0x78,
    0xF6, 0xCA, 0x36, 0x7C, 0xB9, 0xCF, 0x05, 0xA4, 0x3F, 0x4E, 0x84, 0xF0, 0x5D, 0x6B, 0x92, 0x49,
    0xE6, 0xEA, 0x72, 0x02, 0x23, 0xBD, 0xB2, 0x74, 0xCB, 0xDB, 0xB9, 0x3E, 0x63, 0x2F, 0x5C, 0x8E,
    0x47, 0xA1, 0x5D, 0xDE, 0x43, 0x28, 0x3B, 0x64, 0xAF, 0x5A, 0xBB, 0xBA, 0xC7, 0xAF, 0x53, 0x3F,
    0xE7, 0x6B, 0xEC, 0xFB, 0x62, 0x3D, 0x36, 0x6D, 0x77, 0x43, 0x5F, 0xAF, 0xA5, 0xBC, 0x7B, 0x6F,
    0x0D, 0x45, 0xFE, 0x1A, 0xBA, 0xEB, 0x3F, 0x2A, 0x05, 0x31, 0x8F, 0x48, 0xD0, 0x4D, 0xC2, 0xF4,
    0x79, 0x7C, 0x6B, 0xDE, 0xF8, 0x9D, 0x69, 0xE9, 0x7F, 0x01, 0xE5, 0x58, 0x3D, 0x92, 0xDC, 0x64,
    0x10, 0x6D, 0x8D, 0xEC, 0x55, 0xA0, 0x40, 0x24, 0x24, 0x98, 0x42, 0x37, 0x40, 0x09, 0x21, 0xB6,
    0x54, 0x10, 0x92, 0x38, 0x60, 0x48, 0x1C, 0x98, 0x98, 0x64, 0x4F, 0x60, 0x4B, 0x47, 0x70, 0x40,
    0x71, 0x02, 0x12, 0xEC, 0x80, 0x0B, 0x50, 0x96, 0xB8, 0x81, 0x12, 0xC7, 0x28, 0x30, 0x09, 0x24,
    0x0A, 0xE4, 0xAA, 0xD9, 0x2D, 0x49, 0xCD, 0x7B, 0xDD, 0xD2, 0xAC, 0x66, 0xBD, 0x60, 0x13, 0x10,
    0x60, 0x4F, 0xF0, 0x3E, 0x69, 0xE6, 0xFB, 0xE9, 0x7E, 0xFD, 0xFB, 0x8D, 0x88, 0x14, 0x81, 0x88,
    0xC4, 0x5D, 0xD2, 0x88, 0x24, 0x7D, 0xD6, 0x1A, 0xE2, 0x39, 0x6E, 0xD3, 0x4A, 0x4E, 0x3E, 0xC1,
    0xD3, 0x02, 0x58, 0xEA, 0x24, 0x12, 0xAA, 0x6A, 0x25, 0xA9, 0xFE, 0xA0, 0x9D, 0xE4, 0x83, 0x64,
    0x83, 0xE0, 0x35, 0x1E, 0x77, 0x8A, 0x9F, 0xC6, 0x68, 0x14, 0xD9, 0x4D, 0xC9, 0x80, 0x15, 0x73,
    0xD2, 0x63, 0xC9, 0x9C, 0x75, 0x40, 0xCD, 0x9B, 0x23, 0xCE, 0x65, 0xC5, 0x5F, 0x89, 0xBB, 0xA9,
    0x2E, 0xB8, 0xEA, 0x0A, 0xA3, 0x03, 0x31, 0x19, 0xF8, 0x6B, 0xDA, 0x97, 0x98, 0x9F, 0xB7, 0x39,
    0xE4, 0xD2, 0x2A, 0xEB, 0x71, 0xB2, 0x24, 0x93, 0xA4, 0xA3, 0x44, 0xFA, 0xA7, 0xF6, 0x12, 0x98,
    0x20, 0x92, 0xE9, 0x81, 0x12, 0xEE, 0x4D, 0xCE, 0x22, 0x28, 0x24, 0xEC, 0xE3, 0x0E, 0x1B, 0xE1,
    0xF8, 0x68, 0x00, 0x84, 0x5D, 0xDC, 0xC8, 0x4D, 0x9F, 0x1D, 0x17, 0x66, 0xAA, 0x85, 0xE8, 0x1F,
    0xDA, 0x84, 0xB3, 0x64, 0x5D, 0x74, 0x00, 0x03, 0x58, 0x13, 0x0F, 0x69, 0x8B, 0xD5, 0x90, 0x77,
    0x01, 0xC8, 0x03, 0x28, 0xF0, 0x03, 0x20, 0xE9, 0x57, 0x48, 0x5B, 0xFC, 0x90, 0x37, 0x98, 0x52,
    0x17, 0x59, 0x07, 0x0A, 0x92, 0x8B, 0x73, 0x8A, 0x07, 0x6A, 0xA4, 0xC6, 0xC6, 0x72, 0xFB, 0xBE,
    0xB1, 0xF7, 0x1D, 0xD9, 0x3B, 0x27, 0x7B, 0x3B, 0x08, 0xDD, 0x48, 0x02, 0xF6, 0x7A, 0xB2, 0x97,
    0x82, 0x3D, 0xEC, 0xEF, 0xEC, 0x4D, 0xE1, 0x48, 0x66, 0x62, 0xEA, 0xA3, 0xC6, 0x9E, 0xA6, 0xCE,
    0x5E, 0x6B, 0xF8, 0x62, 0xBF, 0xFF, 0x46, 0x73, 0x6C, 0xA0, 0x73, 0xE9, 0x68, 0x1C, 0x96, 0xC6,
    0x1E, 0x31, 0x1A, 0xF9, 0xCD, 0xCA, 0x5E, 0x7E, 0x64, 0xAF, 0x6E, 0xD2, 0x5E, 0x76, 0xCE, 0xDE,
    0x04, 0x1A, 0xC9, 0x9E, 0x38, 0x7B, 0xE9, 0x96, 0xBD, 0xD7, 0x59, 0xD9, 0x9D, 0xB0, 0xD2, 0x6F,
    0x58, 0x79, 0xB1, 0x7F, 0x30, 0x50, 0x0A, 0x83, 0xBE, 0x26, 0x21, 0x35, 0xCE, 0xEE, 0x20, 0x47,
    0xD6, 0x02, 0x16, 0x56, 0xF2, 0x16, 0x5B, 0xA4, 0x47, 0x56, 0x02, 0x9D, 0x71, 0xC6, 0xED, 0x62,
    0x31, 0x16, 0x20, 0xEA, 0x4F, 0xBC, 0x0F, 0x18, 0xB5, 0xC9, 0x75, 0xEF, 0xFB, 0x9F, 0xF0, 0x47,
    0x85, 0xE0, 0x7D, 0x2D, 0xDC, 0xC4, 0x9C, 0x28, 0xE9, 0xE0, 0x7D, 0xC9, 0xDB, 0x78, 0xDF, 0x7F,
    0xC9, 0x73, 0x20, 0xB7, 0x80, 0x49, 0x93, 0xE3, 0x2D, 0x6B, 0xF3, 0x6A, 0xC5, 0xA4, 0xCA, 0xAF,
    0xC9, 0x74, 0xF6, 0x13, 0x01, 0x67, 0x31, 0xD4, 0xB9, 0x43, 0x7D, 0xF1, 0x00, 0x4A, 0x3E, 0xC7,
    0x43, 0x2B, 0xE0, 0x16, 0x31, 0x78, 0xA0, 0x95, 0x04, 0x13, 0xE2, 0x41, 0xE0, 0xDB, 0xD1, 0xC0,
    0x75, 0xD1, 0xE1, 0x04, 0x19, 0x98, 0x07, 0xB3, 0xD4, 0x60, 0x48, 0x4B, 0x48, 0xB2, 0x41, 0x5A,
    0x19, 0xDC, 0x1A, 0x31, 0x35, 0x6D, 0x1D, 0x28, 0x65, 0x8C, 0x26, 0xF9, 0x04, 0x8C, 0x1E, 0xC0,
    0x7A, 0x00, 0x1D, 0x32, 0x63, 0x18, 0xEA, 0x4C, 0x96, 0x7A, 0xB8, 0x26, 0xF8, 0xDA, 0x15, 0x02,
    0xCF, 0x49, 0x9B, 0x21, 0x0B, 0x75, 0xD8, 0xC4, 0x20, 0x69, 0xB2, 0xE2, 0x46, 0x9E, 0xCF, 0xB1,
    0x13, 0x52, 0xD6, 0x28, 0xE1, 0xFC, 0x4C, 0x61, 0x1D, 0xA4, 0x92, 0xA8, 0xC5, 0xD9, 0x51, 0x23,
    0x4C, 0x75, 0x08, 0x61, 0x87, 0xDB, 0xFB, 0xF3, 0x16, 0xD6, 0x54, 0x83, 0x66, 0x15, 0x8F, 0x3C,
    0x09, 0x5D, 0x43, 0x94, 0x36, 0x9B, 0xE4, 0xAE, 0xC0, 0xBD, 0xEA, 0xDF, 0xEB, 0xCE, 0x6D, 0x77,
    0x66, 0xE6, 0xFF, 0xD0, 0x4E, 0xCA, 0xDD, 0x15, 0x72, 0x9C, 0x65, 0x02, 0x1F, 0xE4, 0xE6, 0x0F,
    0xE7, 0xE1, 0x88, 0x12, 0xEC, 0x60, 0x88, 0x40, 0xF3, 0x9D, 0x01, 0x6E, 0x4B, 0xA3, 0xDA, 0x31,
    0x69, 0x63, 0x03, 0xCD, 0x05, 0x73, 0xD7, 0xDC, 0xAB, 0x92, 0xC9, 0x24, 0xDA, 0x71, 0xCF, 0xAC,
    0x09, 0x7B, 0x93, 0x39, 0xA6, 0x73, 0x27, 0x1D, 0xE7, 0x83, 0x58, 0xCE, 0x87, 0xEB, 0x94, 0x3C,
    0x22, 0x1C, 0x26, 0x1B, 0x2E, 0x46, 0x77, 0x35, 0x63, 0x9D, 0x9C, 0xF2, 0xA3, 0xEE, 0x90, 0xB5,
    0x07, 0x59, 0xED, 0x42, 0xD9, 0x7C, 0x09, 0x4D, 0xE6, 0x4F, 0x7F, 0xEE, 0x5D, 0x4E, 0x9B, 0x98,
    0xCF, 0xEE, 0x1B, 0x4F, 0x16, 0xF1, 0x53, 0xB3, 0x07, 0xD4, 0x9F, 0x36, 0xDA, 0xBE, 0xF9, 0x03,
    0x0F, 0xCA, 0xA1, 0x15, 0x64, 0x28, 0x31, 0x9C, 0xF7, 0x0C, 0x5D, 0xBA, 0x03, 0x95, 0x8E, 0x7B,
    0x53, 0x1A, 0xCE, 0x04, 0x9B, 0x52, 0x08, 0x3A, 0x26, 0x82, 0xF9, 0x39, 0x85, 0x1F, 0xE9, 0x79,
    0x12, 0x8C, 0xA6, 0xBB, 0x4C, 0xA6, 0xBB, 0xCC, 0xA6, 0xBB, 0x3C, 0xF7, 0xE0, 0x2A, 0x33, 0xD3,
    0x25, 0x77, 0x7F, 0x5E, 0x04, 0xCE, 0x5D, 0xB0, 0xCC, 0xCD, 0x90, 0xDA, 0x32, 0x3B, 0x4D, 0x9C,
    0xE2, 0xD5, 0xBA, 0x58, 0xEE, 0x12, 0xFA, 0xB2, 0x70, 0xDC, 0xCC, 0xCF, 0xD4, 0x3D, 0x55, 0x7D,
    0xFA, 0xCB, 0x45, 0x97, 0x5B, 0xF2, 0x81, 0xAF, 0x33, 0x0A, 0xEA, 0xC0, 0x56, 0x6A, 0x60, 0x6F,
    0x8F, 0x65, 0x7C, 0x37, 0xED, 0x7E, 0xCB, 0xD2, 0x08, 0xC4, 0xB3, 0x93, 0xCA, 0x4A, 0x37, 0x43,
    0x2E, 0x8F, 0xDE, 0x23, 0xF3, 0x4B, 0x61, 0xE6, 0x0F, 0xFB, 0x7B, 0x3E, 0x50, 0x4E, 0xF4, 0x4C,
    0xB6, 0x32, 0xF9, 0xD5, 0x32, 0x62, 0xEA, 0x72, 0xDE, 0x8B, 0xEC, 0xA4, 0x8F, 0x77, 0xD5, 0x3B,
    0xE6, 0x0C, 0x52, 0x98, 0x33, 0xC8, 0x21, 0xE5, 0x81, 0xC1, 0xC1, 0xCE, 0x0D, 0xFB, 0xC7, 0x56,
    0x01, 0xBA, 0x5F, 0x8C, 0x90, 0xC6, 0xF6, 0x49, 0xBE, 0xB0, 0x7D, 0xCE, 0xE4, 0xC9, 0x7B, 0x95,
    0x19, 0x6C, 0xAE, 0xEE, 0xA6, 0xCD, 0xF0, 0x48, 0xFE, 0xA1, 0x22, 0xA0, 0xCC, 0x15, 0xB9, 0x0E,
    0xB1, 0xAA, 0x9C, 0xCD, 0x85, 0x94, 0xAD, 0x30, 0x9D, 0xA0, 0x06, 0x41, 0x4B, 0x4A, 0xB3, 0x0C,
    0x94, 0x01, 0xE5, 0x88, 0x26, 0x2A, 0xDD, 0x52, 0xB5, 0x17, 0x5E, 0x3D, 0x0E, 0x9C, 0x32, 0xB3,
    0x4D, 0x97, 0x3B, 0x93, 0x58, 0x2D, 0xE6, 0xE9, 0xB5, 0x5A, 0xA2, 0xBE, 0x33, 0x7F, 0x39, 0x6E,
    0x95, 0x71, 0x5B, 0xAF, 0x83, 0x57, 0x73, 0x92, 0xBE, 0x19, 0xBC, 0x64, 0x07, 0xE7, 0x17, 0xF6,
    0x62, 0x4D, 0x0F, 0x87, 0x62, 0xE9, 0x77, 0xD0, 0xBF, 0xB5, 0x98, 0x83, 0x46, 0x2B, 0xB1, 0xB6,
    0xA5, 0xBD, 0xB9, 0xDF, 0x29, 0x47, 0x36, 0xD0, 0x80, 0x1E, 0xB4, 0xC7, 0x7D, 0xC8, 0x56, 0x07,
    0xC7, 0x25, 0x5D, 0x44, 0x43, 0xD3, 0xCC, 0x2D, 0x20, 0x6F, 0x71, 0x5A, 0xDD, 0xC4, 0xA0, 0xA3,
    0x89, 0xD9, 0xE9, 0x85, 0x3A, 0x43, 0xEB, 0xBA, 0x33, 0xFF, 0x32, 0x28, 0x8F, 0xFE, 0x6A, 0xD4,
    0x2B, 0xDD, 0x8A, 0x0D, 0x4B, 0xA0, 0xC3, 0xDA, 0x2D, 0xEE, 0xF7, 0xF7, 0xA9, 0x2F, 0x1C, 0x5E,
    0x0D, 0xE3, 0xF9, 0xE9, 0xB3, 0x8E, 0xCA, 0x45, 0xED, 0x82, 0x38, 0x0A, 0x91, 0x89, 0xB3, 0x10,
    0x98, 0x4B, 0x63, 0xD2, 0x5D, 0xA1, 0xB5, 0x04, 0xDE, 0x1D, 0x2C, 0xE8, 0xAD, 0x8A, 0x3B, 0x85,
    0xA3, 0xF5, 0x04, 0x4B, 0xDC, 0x38, 0xEA, 0x06, 0xCD, 0x61, 0xBC, 0x1E, 0x44, 0xFA, 0xBD, 0xD1,
    0x3F, 0x1F, 0x71, 0x8D, 0xB3, 0xF1, 0x35, 0x3C, 0x6C, 0xF0, 0x47, 0x43, 0xB4, 0x58, 0x41, 0x8D,
    0xC8, 0x88, 0x68, 0xBE, 0xE8, 0x12, 0x1D, 0x0C, 0xBA, 0x4B, 0x00, 0x5A, 0x3E, 0x76, 0x77, 0xD6,
    0x94, 0x10, 0xD2, 0x71, 0x89, 0xF0, 0x12, 0x86, 0x89, 0x14, 0xEE, 0x98, 0x5A, 0xB2, 0xA0, 0x26,
    0x75, 0x71, 0x24, 0x4B, 0xE0, 0x9E, 0x5A, 0x05, 0xBD, 0x94, 0x97, 0xF5, 0x81, 0x1D, 0x0C, 0xD8,
    0xD0, 0x99, 0x7D, 0x21, 0x95, 0xCA, 0x3C, 0x95, 0x33, 0x6F, 0x11, 0xEE, 0x12, 0x3E, 0xDF, 0x1A,
    0x91, 0xB7, 0x2B, 0x4F, 0x79, 0x1E, 0x64, 0x7E, 0xC1, 0x32, 0x5F, 0x19, 0x96, 0xF8, 0xF9, 0xDB,
    0xDB, 0xD6, 0x55, 0xB8, 0x53, 0xCC, 0xDA, 0x8C, 0xD3, 0xF9, 0x03, 0xFD, 0x94, 0xCD, 0x9F, 0xFB,
    0x1F, 0x7D, 0xD1, 0x1E, 0x08, 0xE6, 0x83, 0xD1, 0xB0, 0x78, 0x21, 0xDF, 0xEC, 0x81, 0x60, 0x07,
    0xF2, 0xC1, 0xCC, 0xC5, 0xB7, 0x94, 0xAA, 0xF0, 0xC1, 0x14, 0xE3, 0xD7, 0x19, 0x9D, 0x9F, 0x26,
    0x44, 0xD6, 0x54, 0x7F, 0xA8, 0x04, 0x81, 0xE6, 0x0F, 0xE8, 0x9A, 0x2B, 0xB3, 0x64, 0x59, 0xF1,
    0xA1, 0x66, 0x8E, 0xA5, 0x5D, 0xF9, 0x50, 0xD4, 0xCE, 0x97, 0x9A, 0x75, 0x67, 0x76, 0xA8, 0x6A,
    0x0F, 0xE1, 0xC4, 0x07, 0xD8, 0x16, 0x7D, 0xEA, 0x4C, 0xF3, 0x42, 0x8D, 0x33, 0x90, 0x4E, 0x87,
    0x2B, 0x98, 0xCE, 0xF1, 0xF0, 0xD2, 0x95, 0xBC, 0x56, 0x32, 0xF3, 0x7F, 0x57, 0x32, 0xEB, 0xD1,
    0x96, 0x5A, 0x1B, 0x59, 0x16, 0xE7, 0x07, 0x73, 0x34, 0x23, 0x06, 0x83, 0x5D, 0x6E, 0x9C, 0x9D,
    0xD9, 0x29, 0x99, 0x10, 0x94, 0x97, 0x45, 0xC0, 0x41, 0x7B, 0x64, 0x0B, 0x0C, 0x23, 0x86, 0xB4,
    0xB5, 0x6B, 0x51, 0xD6, 0x04, 0x33, 0x88, 0x05, 0x03, 0x1C, 0xA0, 0xFF, 0x8C, 0x9D, 0xF2, 0x2A,
    0x98, 0xB0, 0x53, 0x5E, 0x85, 0x23, 0x76, 0x2A, 0x8B, 0x84, 0x77, 0xE6, 0xF2, 0xA9, 0x76, 0xC9,
    0x05, 0xB5, 0x28, 0x12, 0x2D, 0xA8, 0x4B, 0xA2, 0x9B, 0xCE, 0x9A, 0xB1, 0x65, 0xD7, 0x11, 0x43,
    0x84, 0x11, 0x62, 0xAB, 0x67, 0x36, 0x41, 0xF6, 0xC5, 0xCE, 0x61, 0xB7, 0x20, 0xB6, 0xDF, 0x3D,
    0x59, 0x12, 0x4A, 0x7C, 0xFD, 0x02, 0x10, 0x3C, 0x7C, 0xB5, 0x2F, 0xEC, 0x8F, 0x84, 0x66, 0xF9,
    0x3B, 0x21, 0x28, 0x5F, 0xEC, 0xAF, 0xE2, 0xEC, 0x6D, 0xA3, 0xED, 0xCC, 0xA2, 0xDF, 0x5B, 0xD0,
    0xA5, 0x11, 0x0D, 0xB7, 0x78, 0xB8, 0x4A, 0x6A, 0x9B, 0x8B, 0x47, 0xE6, 0xED, 0xBD, 0x5E, 0x25,
    0x6E, 0xCA, 0x30, 0x1A, 0x20, 0xD8, 0xD4, 0x68, 0x32, 0x92, 0x8C, 0x22, 0x12, 0x84, 0xE2, 0x55,
    0xAE, 0xC9, 0xC7, 0xAE, 0x07, 0x19, 0xE1, 0x23, 0xE5, 0xBF, 0x22, 0xF3, 0x1A, 0xD1, 0x16, 0xEF,
    0xCC, 0xD3, 0x0E, 0x21, 0xE3, 0x2A, 0x64, 0x56, 0x32, 0x70, 0x9B, 0xC5, 0xAB, 0xF7, 0xE2, 0xFE,
    0xB2, 0x66, 0x97, 0xD2, 0xFE, 0xC4, 0x58, 0xEB, 0x52, 0xB9, 0xAD, 0x93, 0xF0, 0x27, 0x88, 0x85,
    0xA1, 0x47, 0x22, 0x14, 0x76, 0x09, 0x2C, 0x0C, 0xEA, 0x82, 0xC0, 0x2C, 0xB6, 0xA0, 0x09, 0x07,
    0x0B, 0x75, 0xDB, 0x31, 0xED, 0x2D, 0x94, 0x71, 0x87, 0x35, 0xDD, 0x27, 0x27, 0x62, 0xAD, 0xFD,
    0xAD, 0x73, 0x57, 0xF9, 0x5B, 0xE3, 0xF9, 0xC9, 0xBE, 0x4C, 0x7E, 0xF3, 0x72, 0xFF, 0xD5, 0xE0,
    0xB5, 0xD4, 0xD4, 0x38, 0x58, 0xE1, 0x82, 0xCC, 0xEA, 0x95, 0x91, 0x1C, 0xE4, 0x6E, 0x9F, 0xC9,
    0xE2, 0x2E, 0x62, 0xC0, 0xF5, 0x76, 0x39, 0x8B, 0xE8, 0xF9, 0xED, 0xB1, 0xA0, 0x78, 0x42, 0xDB,
    0x9D, 0x0C, 0xA7, 0x55, 0x66, 0x49, 0x18, 0x65, 0xB3, 0xED, 0x40, 0x3E, 0x7B, 0xAD, 0x6E, 0x34,
    0x76, 0xE1, 0xEA, 0x58, 0xAD, 0xB3, 0xDE, 0x6B, 0x1F, 0x89, 0xDE, 0x8D, 0xA6, 0xF5, 0x6C, 0xBB,
    0xD4, 0xD9, 0x95, 0x45, 0x33, 0x6F, 0xC3, 0xEC, 0x8C, 0x6C, 0x58, 0x4A, 0x0F, 0x67, 0x4E, 0xD6,
    0x12, 0xA9, 0x9D, 0xCC, 0x94, 0x98, 0xF1, 0xE2, 0x0C, 0x22, 0x53, 0x2B, 0xB5, 0xD8, 0x27, 0x67,
    0x61, 0x92, 0x1C, 0x7E, 0x3C, 0x5C, 0x49, 0x7B, 0x82, 0x1B, 0x6F, 0xB6, 0xBF, 0xB5, 0x16, 0x26,
    0x3D, 0x9D, 0x7F, 0xBB, 0xAD, 0xE7, 0x03, 0xED, 0x65, 0x66, 0x9B, 0xDE, 0x68, 0xB6, 0x6E, 0x6B,
    0x36, 0xE3, 0x21, 0x9C, 0xB6, 0x2D, 0xDB, 0x53, 0xBD, 0xE4, 0x6F, 0xEA, 0xD7, 0xD2, 0x67, 0xFE,
    0x16, 0x79, 0x1F, 0x77, 0x34, 0x9B, 0x09, 0x38, 0xAF, 0x66, 0x9B, 0x4F, 0xCD, 0x56, 0x59, 0xED,
    0x5C, 0xCD, 0xD6, 0x59, 0xAE, 0x45, 0x3D, 0x87, 0xD9, 0xE0, 0x5D, 0x45, 0x8D, 0xFE, 0x53, 0x8F,
    0x31, 0x0E, 0x49, 0xE3, 0x51, 0xCA, 0x9E, 0x44, 0xA2, 0x11, 0x23, 0xE1, 0x23, 0x97, 0xED, 0x26,
    0x23, 0x41, 0x4D, 0xFD, 0xFA, 0xE1, 0x91, 0xF0, 0xDB, 0xE7, 0xF3, 0x7D, 0x6B, 0x08, 0x86, 0x15,
    0x4F, 0x08, 0x3F, 0xA8, 0x37, 0xA4, 0xFC, 0xAB, 0xC4, 0x08, 0xCF, 0x0B, 0x08, 0x80, 0x46, 0x37,
    0x79, 0x45, 0x7F, 0x8F, 0xB4, 0x22, 0xE1, 0x5A, 0xFC, 0x05, 0xED, 0x9A, 0xBF, 0x8F, 0x1C, 0x49,
    0x15, 0xC7, 0x5F, 0x77, 0xEF, 0xCE, 0x1C, 0x6E, 0x74, 0xED, 0xE0, 0x56, 0x02, 0x16, 0x6F, 0x27,
    0x0E, 0xC0, 0xD2, 0xB9, 0x09, 0x08, 0x2C, 0x64, 0xDC, 0x2D, 0x27, 0xA4, 0x0E, 0xEC, 0x00, 0x11,
    0x70, 0x01, 0x01, 0x44, 0x4E, 0x2E, 0x40, 0xC2, 0xDC, 0xB4, 0xCD, 0x3F, 0x60, 0x27, 0xA4, 0x10,
    0x90, 0xE0, 0x0B, 0x2E, 0x25, 0xF0, 0xB9, 0x5B, 0x97, 0x92, 0xF4, 0x91, 0x90, 0xF6, 0x09, 0x0B,
    0x24, 0x2E, 0xA0, 0x2D, 0x0D, 0x68, 0x6E, 0xE9, 0xEE, 0xE2, 0xBD, 0xEF, 0x7B, 0x35, 0xD3, 0xB3,
    0x77, 0x42, 0x82, 0x60, 0x67, 0x77, 0x74, 0xA3, 0x9D, 0xAA, 0xDD, 0xED, 0x1F, 0xF5, 0xAA, 0x3E,
    0xEF, 0x57, 0xFD, 0x20, 0x22, 0x7A, 0x8B, 0xE4, 0x13, 0x8D, 0xA8, 0xE6, 0x0E, 0x55, 0xA2, 0x55,
    0xAA, 0x55, 0xBE, 0x28, 0xA4, 0x7A, 0x2F, 0x47, 0xD5, 0xE7, 0x25, 0x97, 0xC1, 0x2A, 0xAB, 0xE5,
    0xB1, 0x2E, 0x95, 0x6A, 0xDE, 0xA2, 0x4A, 0xEA, 0xA4, 0x91, 0xC7, 0xCA, 0xA4, 0x95, 0xC7, 0x0A,
    0x54, 0x15, 0xC5, 0x1D, 0x57, 0x03, 0xAA, 0xB0, 0xA7, 0xF9, 0x92, 0x1F, 0x73, 0xCE, 0x71, 0x15,
    0x73, 0xB5, 0xE2, 0xC7, 0x4E, 0x9F, 0xBF, 0xDF, 0x13, 0xF1, 0x0B, 0xA3, 0x5E, 0x1E, 0x93, 0xBB,
    0xF8, 0x31, 0x0A, 0x07, 0x79, 0x8C, 0x82, 0x91, 0xE6, 0x63, 0x41, 0x33, 0x57, 0xE4, 0xAE, 0xA3,
    0x85, 0xEB, 0x16, 0xAE, 0xA5, 0xCA, 0xB5, 0x74, 0xE6, 0x13, 0x94, 0xA8, 0xD0, 0x1A, 0xBF, 0x74,
    0xB9, 0x55, 0xE9, 0xDD, 0x41, 0xA1, 0x95, 0x7C, 0xDD, 0xF0, 0x88, 0x3B, 0xC8, 0xED, 0x2F, 0x4E,
    0xAB, 0x55, 0xE0, 0x8A, 0x78, 0x19, 0x89, 0x70, 0xF1, 0x92, 0xDF, 0xC0, 0xB7, 0xC7, 0x1D, 0xCB,
    0x93, 0x74, 0xDC, 0xD9, 0xA4, 0xE5, 0xFE, 0xA7, 0x0D, 0x17, 0x59, 0xC3, 0x52, 0xE5, 0x35, 0x17,
    0x0B, 0x29, 0x5C, 0x5D, 0x15, 0x81, 0x2B, 0x17, 0xE5, 0xDC, 0x95, 0x79, 0x93, 0x2E, 0x8A, 0xFC,
    0x74, 0xC8, 0xDB, 0xC4, 0x2D, 0xF3, 0x3E, 0xE2, 0x7F, 0xF7, 0x36, 0xB4, 0xEB, 0x86, 0x13, 0x91,
    0x2C, 0x5D, 0x17, 0x18, 0xAB, 0xC0, 0x6E, 0x38, 0xD2, 0xCA, 0x7A, 0xF5, 0xA9, 0x4A, 0x1D, 0xAC,
    0xB4, 0xD2, 0xBF, 0x8E, 0xB5, 0x63, 0x0B, 0xED, 0xE6, 0xA3, 0xAD, 0xBE, 0x5F, 0x62, 0x88, 0xC1,
    0xEF, 0xBC, 0xAC, 0x57, 0xAA, 0x02, 0x0D, 0x73, 0x91, 0xF1, 0x6F, 0xA1, 0xF4, 0x66, 0xFE, 0x4A,
    0x90, 0xD6, 0x1B, 0x76, 0x3B, 0xC1, 0x17, 0x5A, 0x9D, 0xD4, 0x5A, 0x2F, 0xB4, 0x0E, 0x74, 0xBC,
    0x6F, 0xC4, 0x0A, 0xC8, 0xFD, 0x11, 0x68, 0x22, 0xF7, 0x5A, 0x07, 0xFE, 0x6F, 0x3D, 0xEA, 0xAA,
    0x50, 0x02, 0x2B, 0xCA, 0xEC, 0x35, 0x07, 0x53, 0x68, 0x9E, 0x9A, 0xC7, 0xE6, 0xB9, 0x79, 0x70,
    0x9E, 0x9C, 0x47, 0x67, 0xEC, 0x3C, 0x3C, 0x4F, 0xCF, 0xE3, 0xF3, 0xFC, 0x3C, 0x40, 0x4F, 0xD0,
    0x23, 0x34, 0x86, 0x1E, 0xA2, 0xA7, 0xE8, 0x31, 0x7A, 0x8E, 0x1E, 0xA4, 0x27, 0xE9, 0x51, 0x1A,
    0x4B, 0x0F, 0x93, 0x8C, 0x26, 0x6D, 0xD9, 0x24, 0xE4, 0x8C, 0xDA, 0x8D, 0x35, 0xAA, 0xA4, 0xEF,
    0xD9, 0x30, 0xF0, 0xD3, 0x4B, 0xB9, 0x98, 0x62, 0x7C, 0x2A, 0x07, 0x69, 0x72, 0xBE, 0x25, 0x6E,
    0x63, 0xFE, 0x7F, 0x4C, 0x41, 0x43, 0x53, 0xD6, 0x0A, 0x5B, 0x69, 0x03, 0x37, 0x81, 0x37, 0x01,
    0x38, 0x81, 0x38, 0x01, 0x39, 0x81, 0x39, 0x01, 0x3A, 0x81, 0x3A, 0x01, 0x3B, 0x81, 0x3B, 0x01,
    0x3C, 0x81, 0x3C, 0x01, 0x3D, 0x81, 0x3D, 0x01, 0x3E, 0x81, 0x3E, 0x01, 0x3F, 0x29, 0xFF, 0x89,
    0x02, 0xD8, 0xE7, 0x9B, 0x86, 0xDF, 0xC0, 0x28, 0x0F, 0x1D, 0xF6, 0x1B, 0x73, 0xF4, 0xD4, 0x7D,
    0xD4, 0x62, 0x50, 0xBB, 0x62, 0xA3, 0x01, 0xA6, 0x00, 0x6B, 0xFE, 0x07, 0x97, 0xDD, 0x64, 0x4D,
    0x5F, 0x6B, 0xEF, 0xC4, 0xD0, 0xF5, 0x10, 0xCE, 0xEA, 0x43, 0x81, 0x7B, 0xCB, 0xD8, 0x0A, 0x5A,
    0x90, 0x4D, 0x1A, 0x06, 0x9B, 0x50, 0xD8, 0xEC, 0xCA, 0x82, 0x83, 0x7B, 0x66, 0x53, 0x83, 0xD6,
    0x27, 0x66, 0x5B, 0x6B, 0x93, 0xCC, 0xED, 0x3E, 0xBB, 0x1E, 0xBF, 0xD2, 0x3F, 0x13, 0x75, 0xB6,
    0x66, 0x81, 0xA1, 0xD3, 0x0E, 0xC4, 0x4E, 0x0D, 0x3E, 0x7F, 0xA2, 0xB7, 0x0F, 0xA6, 0x11, 0xBF,
    0xA5, 0xAF, 0xEC, 0xB7, 0x65, 0x1F, 0x4D, 0x82, 0x94, 0xC6, 0x28, 0x8D, 0x4D, 0x21, 0xDA, 0x3F,
    0x6E, 0xFD, 0x58, 0x45, 0xDD, 0x0B, 0x69, 0x10, 0xDA, 0xBF, 0x70, 0x18, 0x57, 0xE9, 0x1A, 0xB8,
    0x52, 0x52, 0x84, 0xED, 0xDA, 0x4D, 0x5C, 0x0C, 0xFB, 0xFE, 0x09, 0x64, 0x89, 0xDC, 0xDD, 0x16,
    0x94, 0x9C, 0x0C, 0x77, 0xFA, 0x03, 0x27, 0xFF, 0x7C, 0x83, 0x7E, 0xAA, 0x4E, 0xDE, 0x02, 0xB4,
    0x92, 0x71, 0x1D, 0x4D, 0xED, 0x1B, 0x9C, 0x97, 0xFB, 0x65, 0xDF, 0x79, 0x73, 0x9B, 0xBB, 0x3B,
    0xAE, 0x28, 0x3C, 0xE5, 0xCB, 0x61, 0x9D, 0xD5, 0xDE, 0xEE, 0x3B, 0xDA, 0xB6, 0x6F, 0xC1, 0x91,
    0xEC, 0xD4, 0xBE, 0x2D, 0x8B, 0xD2, 0xD4, 0x28, 0xD4, 0x2E, 0x98, 0x91, 0xE6, 0x1F, 0x0D, 0x13,
    0x13, 0x7D, 0xC7, 0x5B, 0x28, 0xED, 0x87, 0x0F, 0xFE, 0xDF, 0x73, 0x5F, 0x75, 0x64, 0x72, 0x25,
    0x91, 0x81, 0xC9, 0xA5, 0x9B, 0x23, 0x1B, 0x0F, 0x83, 0xE9, 0x28, 0x2E, 0x83, 0x4E, 0x06, 0xB3,
    0xD8, 0x7A, 0xF7, 0xC5, 0xCB, 0x96, 0xFD, 0xE7, 0xBB, 0x64, 0xFE, 0x17, 0x18, 0x35, 0x5B, 0x56,
    0x1F, 0xE9, 0x83, 0xF3, 0x6D, 0x94, 0xD7, 0xE8, 0x44, 0xAA, 0x9B, 0x74, 0x07, 0x68, 0x1F, 0xF7,
    0x0A, 0x7A, 0xA9, 0xB6, 0xDC, 0x4C, 0x7D, 0xF6, 0xE5, 0x0F, 0xCB, 0xEB, 0x9C, 0x44, 0xE4, 0x44,
    0x40, 0x13, 0x8B, 0x0D, 0xFF, 0xFC, 0xB8, 0xA1, 0xE8, 0x93, 0xA8, 0x61, 0xF8, 0x72, 0xD5, 0x49,
    0x67, 0xF2, 0xD5, 0x8E, 0x13, 0x6B, 0xF9, 0x98, 0x45, 0xA6, 0xAA, 0xC2, 0x69, 0x3B, 0x85, 0x49,
    0x2F, 0xA7, 0x61, 0xFA, 0xED, 0x03, 0xC3, 0xF8, 0x7D, 0xFC, 0xEF, 0x99, 0x61, 0xEC, 0x14, 0x63,
    0xB9, 0x27, 0x18, 0xAF, 0x8A, 0x3C, 0x3F, 0x47, 0xB0, 0x81, 0x9C, 0xB5, 0x37, 0x6C, 0x4C, 0x07,
    0x8B, 0xEF, 0xF0, 0x9B, 0x5A, 0x8E, 0xA0, 0x61, 0x37, 0x6F, 0xF8, 0x2D, 0x15, 0xCB, 0x5D, 0x49,
    0x37, 0x8F, 0x5F, 0xED, 0x0A, 0xE3, 0xA1, 0x2A, 0xD0, 0x42, 0x91, 0x7D, 0x4F, 0x67, 0x3D, 0xF4,
    0x62, 0x5A, 0xCD, 0xF5, 0x5A, 0x06, 0x53, 0xBB, 0x76, 0xE7, 0x44, 0x99, 0xEE, 0xB7, 0x35, 0xDE,
    0x87, 0xC8, 0x2C, 0x4F, 0xF4, 0x01, 0x10, 0x36, 0x7E, 0x26, 0x2B, 0x61, 0x4A, 0x1E, 0x0F, 0xFF,
    0xF4, 0x09, 0x9B, 0x64, 0x3B, 0x31, 0x49, 0xEE, 0x43, 0xDE, 0x5F, 0x00, 0x93, 0x0C, 0x57, 0x61,
    0x89, 0x10, 0xFA, 0x1B, 0x64, 0x42, 0x98, 0xA2, 0xD1, 0xB5, 0x68, 0x98, 0xDC, 0xF2, 0xF6, 0xB6,
    0x4B, 0x7D, 0x36, 0x85, 0x18, 0x6A, 0x96, 0xB4, 0x2F, 0x2E, 0x35, 0x2B, 0x38, 0xCE, 0xB8, 0x7F,
    0x2E, 0xB9, 0x5F, 0x7C, 0x39, 0xAA, 0x31, 0xFB, 0x3F, 0x44, 0x02, 0x5B, 0x50, 0xD4, 0xC0, 0x16,
    0x19, 0xEC, 0xD4, 0x16, 0xDB, 0x1D, 0xF1, 0x3B, 0xA1, 0x37, 0xD5, 0xB4, 0x6E, 0xAA, 0x69, 0x0D,
    0x3A, 0xD6, 0xAB, 0xE9, 0xEC, 0xE5, 0x2D, 0xFA, 0x32, 0x05, 0xA2, 0xA0, 0x93, 0x4C, 0xA7, 0x93,
    0x45, 0x8A, 0xE1, 0x61, 0x2D, 0xA9, 0x2C, 0x5F, 0xCB, 0x86, 0x33, 0x79, 0xD2, 0x45, 0xCC, 0x7E,
    0x82, 0x07, 0x0F, 0xEE, 0xB1, 0xB8, 0xA2, 0x8A, 0x0E, 0xE5, 0xF1, 0xF8, 0xFC, 0xFD, 0x4E, 0xC6,
    0x35, 0xD2, 0x12, 0x33, 0x25, 0x76, 0x2A, 0x78, 0x85, 0x2F, 0x31, 0x00, 0x69, 0xB3, 0x29, 0x33,
    0x27, 0x43, 0xA8, 0x65, 0xEE, 0x44, 0x35, 0x74, 0xF2, 0xA9, 0xA5, 0x22, 0xAF, 0x68, 0x53, 0x3A,
    0xCC, 0xFE, 0xB8, 0xE4, 0xD8, 0x3B, 0x4A, 0x29, 0x99, 0xC5, 0x0B, 0xD6, 0x18, 0xE7, 0x7A, 0x88,
    0xA3, 0xE5, 0xEA, 0x0C, 0x95, 0x77, 0x48, 0x67, 0xA4, 0xA2, 0x2C, 0xC3, 0xA4, 0x5C, 0x6D, 0x16,
    0x8A, 0x6C, 0x6A, 0xBD, 0xC2, 0x0C, 0x90, 0x9B, 0xFB, 0xAB, 0xAB, 0xC3, 0x91, 0xC7, 0x8F, 0x63,
    0x46, 0xD2, 0xB0, 0xF8, 0x69, 0xC3, 0x12, 0x67, 0x35, 0xC7, 0x41, 0x56, 0x81, 0xF2, 0x98, 0x33,
    0x79, 0x07, 0x45, 0x60, 0x29, 0xAA, 0xDF, 0x17, 0x26, 0x5F, 0xB5, 0x96, 0x1A, 0x1D, 0xC8, 0x1B,
    0xBA, 0x4E, 0xE9, 0x67, 0x3F, 0xEA, 0x45, 0xC0, 0xA5, 0xB9, 0xD6, 0xC3, 0x75, 0x73, 0x87, 0xEB,
    0xC0, 0xBA, 0x68, 0xFC, 0x72, 0x1E, 0x9E, 0x3B, 0x98, 0x46, 0xB4, 0x05, 0x94, 0xE7, 0x17, 0xFD,
    0x24, 0x8E, 0xE1, 0x77, 0xCC, 0xAE, 0x29, 0x7B, 0x2A, 0xE5, 0x9D, 0x89, 0xA6, 0x5C, 0x78, 0x30,
    0x87, 0x22, 0x72, 0x3A, 0x62, 0xA9, 0x75, 0x9D, 0x55, 0xC9, 0xCA, 0xC7, 0x6C, 0xF0, 0xA2, 0x60,
    0xC1, 0xE3, 0x70, 0x3B, 0x18, 0x9C, 0x1F, 0x1A, 0xAC, 0xD2, 0xC4, 0x43, 0x54, 0x63, 0x00, 0xF8,
    0xEE, 0x3B, 0x3F, 0x16, 0x1F, 0x74, 0x3D, 0x38, 0xAB, 0x56, 0x17, 0x7F, 0xAC, 0x3F, 0x64, 0xD5,
    0x8F, 0xDC, 0xC7, 0x9D, 0x2C, 0x27, 0xB4, 0x94, 0x86, 0xDC, 0x9B, 0x37, 0xE8, 0x67, 0xF4, 0x85,
    0x9F, 0xF3, 0x55, 0x7E, 0xF5, 0x93, 0x73, 0x0D, 0x06, 0x59, 0x6B, 0x6B, 0xD4, 0xA2, 0x14, 0xBF,
    0xC2, 0x30, 0x2F, 0xFE, 0x02, 0x67, 0xA3, 0xA1, 0x3C, 0xFE, 0xD7, 0xA0, 0x03, 0x82, 0xD7, 0xFF,
    0x92, 0x12, 0xA9, 0xAE, 0xDA, 0xB2, 0x8D, 0x40, 0x30, 0x0A, 0x86, 0xC1, 0x38, 0x18, 0x08, 0x23,
    0x61, 0x28, 0x8C, 0xC2, 0xBA, 0xD2, 0x96, 0x15, 0x84, 0xAF, 0x14, 0x85, 0xAF, 0x14, 0x89, 0xD1,
    0xF0, 0x95, 0xAD, 0x99, 0x29, 0x10, 0x5F, 0x29, 0x18, 0x23, 0xA3, 0x68, 0x8C, 0x8D, 0xC1, 0x31,
    0x3A, 0x53, 0x1F, 0x15, 0x6C, 0x56, 0x31, 0x6D, 0xD2, 0xA8, 0x11, 0x0E, 0x1D, 0xBE, 0x8B, 0x95,
    0xB3, 0xD7, 0x8D, 0x9F, 0x24, 0x91, 0x8C, 0x38, 0xBB, 0x2D, 0x69, 0x3D, 0x45, 0x9C, 0x7B, 0x93,
    0xA2, 0xFA, 0x0B, 0x30, 0x2A, 0x47, 0x80, 0x24, 0x90, 0x24, 0xA0, 0x24, 0xB0, 0x24, 0xC0, 0x24,
    0xD0, 0x24, 0xE0, 0x54, 0x9E, 0x0A, 0x54, 0x89, 0x6E, 0x29, 0x9C, 0x76, 0xD6, 0x94, 0x52, 0xB0,
    0x2A, 0x57, 0x03, 0xAB, 0x64, 0x27, 0x68, 0x35, 0x02, 0x5A, 0xD2, 0xB2, 0x59, 0x78, 0x47, 0x4C,
    0xBC, 0xF2, 0x44, 0x9E, 0x58, 0xB4, 0x4B, 0xB0, 0xBD, 0xEA, 0xD1, 0x2A, 0x59, 0x05, 0xAB, 0x5C,
    0x2F, 0x41, 0x80, 0x01, 0xBA, 0xB8, 0xF0, 0x1D, 0x44, 0xE3, 0x91, 0x74, 0xAF, 0xE8, 0xA5, 0xB7,
    0xEF, 0x1A, 0x34, 0x19, 0x54, 0x20, 0x03, 0xB1, 0x33, 0xC0, 0xCE, 0xD5, 0xE8, 0xEE, 0x4F, 0xF3,
    0xAA, 0x2B, 0x95, 0x6A, 0xB2, 0x2D, 0x2E, 0xEB, 0xC4, 0x37, 0xA8, 0x26, 0xF3, 0xDE, 0x40, 0xB5,
    0xD2, 0x96, 0xDC, 0x74, 0x82, 0x3B, 0x77, 0xBD, 0x0E, 0xAE, 0xD3, 0xBD, 0x94, 0xAC, 0xC4, 0x02,
    0xC8, 0x6C, 0x0F, 0x2C, 0xF1, 0x68, 0x93, 0x9E, 0x06, 0xFF, 0xD0, 0xD9, 0xFC, 0xA4, 0x7C, 0x08,
    0x81, 0xB0, 0x19, 0x28, 0xCA, 0x4B, 0x19, 0x9E, 0xAA, 0x44, 0x79, 0xA3, 0x5E, 0x1C, 0x57, 0xD2,
    0x48, 0xFA, 0x99, 0x02, 0xEF, 0xC1, 0x05, 0xB2, 0xC7, 0x6F, 0xC9, 0x54, 0x3E, 0x70, 0x8F, 0x3B,
    0x5C, 0x97, 0x95, 0xEF, 0x27, 0x32, 0x31, 0x0A, 0xE9, 0xDB, 0xD0, 0x02, 0xCD, 0x31, 0x1A, 0x08,
    0xBA, 0xA4, 0x4B, 0x6D, 0x8F, 0xBA, 0xF8, 0xFA, 0x2E, 0x77, 0xF6, 0x94, 0x25, 0xF9, 0x37, 0x37,
    0x11, 0x95, 0xB6, 0x4F, 0x2D, 0xBB, 0x7A, 0xDE, 0x89, 0xBA, 0x41, 0x14, 0xBC, 0x12, 0x0F, 0xCA,
    0xC4, 0x4E, 0x76, 0x66, 0x8F, 0xEA, 0xF9, 0xD5, 0xBA, 0x60, 0x5C, 0x11, 0x6C, 0x2B, 0x6D, 0x1D,
    0x36, 0xF7, 0xC4, 0xB2, 0xAE, 0xEB, 0x3A, 0xDA, 0x1E, 0x67, 0xDC, 0x6A, 0x5D, 0x58, 0xC7, 0x5F,
    0x8C, 0x32, 0xDB, 0x62, 0x60, 0x71, 0x2B, 0x96, 0x51, 0x44, 0xCD, 0x99, 0x5B, 0x2F, 0x60, 0x8E,
    0x7E, 0x24, 0xA6, 0xD5, 0xA8, 0xBF, 0x90, 0xED, 0x27, 0xE9, 0x8D, 0x8C, 0xF3, 0xCB, 0x42, 0xB7,
    0x98, 0xED, 0x53, 0x01, 0x1A, 0x03, 0x1A, 0x34, 0x6F, 0x97, 0xAF, 0x84, 0xC3, 0xC4, 0x7F, 0x5B,
    0xFD, 0xCA, 0xA3, 0xA2, 0x10, 0xF2, 0x95, 0x46, 0xA5, 0x25, 0xF9, 0x2E, 0x4C, 0xF8, 0xCA, 0x96,
    0xE3, 0x9C, 0xBA, 0x22, 0x41, 0x31, 0x67, 0x79, 0xE5, 0xF5, 0xF2, 0xA5, 0x1F, 0xF2, 0xEC, 0xAE,
    0x25, 0xD6, 0x0A, 0x96, 0x85, 0x45, 0x61, 0x9F, 0xF5, 0x12, 0x72, 0xDC, 0xF3, 0x72, 0xF4, 0xC4,
    0xA3, 0xF7, 0x70, 0x25, 0x02, 0xCC, 0x3B, 0xEC, 0x68, 0x61, 0x53, 0x4B, 0x7E, 0xBC, 0x1B, 0x52,
    0x4F, 0xC4, 0xAD, 0x72, 0x1E, 0xC2, 0xED, 0x56, 0x8D, 0x3D, 0x75, 0xDE, 0x7D, 0xF1, 0x6A, 0xCF,
    0xB3, 0x05, 0x39, 0xD9, 0x90, 0xAC, 0x74, 0x1E, 0x2D, 0x4D, 0x61, 0x6E, 0xCA, 0x85, 0x08, 0xBF,
    0x94, 0xA9, 0x29, 0xB7, 0x37, 0x59, 0x94, 0x8F, 0x5D, 0x9D, 0xB8, 0x72, 0x26, 0x3B, 0x6F, 0x85,
    0x6C, 0xB8, 0x54, 0x68, 0x64, 0xC4, 0xCF, 0x20, 0x0D, 0xB1, 0x5E, 0xF2, 0x0F, 0x4F, 0x9E, 0x59,
    0x1D, 0x39, 0x60, 0xCB, 0xF6, 0xDE, 0x60, 0x4F, 0xE9, 0x1B, 0x66, 0x10, 0x9B, 0x55, 0x43, 0x7E,
    0x4A, 0x55, 0x82, 0xE0, 0x79, 0x81, 0x7D, 0xC4, 0x41, 0x57, 0x0E, 0x4A, 0xD6, 0xC1, 0x5F, 0xF3,
    0x30, 0xE4, 0x4B, 0xCA, 0x96, 0xC4, 0x7F, 0xC6, 0x7D, 0xE8, 0x24, 0x16, 0xCC, 0x7B, 0x51, 0x63,
    0x11, 0x35, 0x18, 0x61, 0x84, 0x23, 0xB2, 0x5B, 0x07, 0x25, 0xD2, 0x72, 0x14, 0xAF, 0x14, 0x8C,
    0xBA, 0x02, 0x27, 0xB1, 0x43, 0x23, 0x88, 0x96, 0xF3, 0x15, 0xA2, 0xC9, 0x52, 0xAE, 0xA6, 0x9D,
    0x28, 0x5C, 0xDE, 0xB0, 0x18, 0xDC, 0x44, 0xC6, 0x50, 0x9D, 0x6C, 0x98, 0xA4, 0xA2, 0xAC, 0x9F,
    0xF2, 0x20, 0x05, 0x10, 0x84, 0xAD, 0x19, 0x78, 0x1E, 0xFC, 0xBF, 0x33, 0xDE, 0x4C, 0x94, 0xDE,
    0xFD, 0xDD, 0xD5, 0x11, 0x5B, 0x53, 0x2B, 0xD6, 0xD4, 0xB1, 0xE4, 0xF1, 0x92, 0x11, 0xCE, 0x97,
    0xD8, 0x95, 0x41, 0xC1, 0x12, 0x71, 0x51, 0xF0, 0x85, 0x85, 0x8C, 0xBD, 0x2F, 0xD2, 0x86, 0x2F,
    0xE4, 0x62, 0x75, 0x55, 0x91, 0xB5, 0x3C, 0x08, 0xC9, 0x67, 0x0F, 0x7B, 0x8B, 0x35, 0x58, 0xD0,
    0x38, 0xF4, 0xEA, 0x47, 0xB3, 0xC2, 0x2F, 0xBF, 0xE6, 0xAD, 0xDA, 0x9E, 0x39, 0xC0, 0xC3, 0xE9,
    0x06, 0x39, 0x16, 0x1F, 0xE9, 0xC6, 0x38, 0xD9, 0x12, 0xC7, 0x04, 0x77, 0xD6, 0x6F, 0x5C, 0x5A,
    0x32, 0x99, 0x85, 0x5D, 0x12, 0x30, 0x9F, 0x3B, 0x62, 0x54, 0xD8, 0xE4, 0xF7, 0xEC, 0x11, 0xA3,
    0xCF, 0xBB, 0xBB, 0x73, 0x03, 0xF4, 0x94, 0x36, 0x1B, 0xE9, 0x7E, 0xD9, 0x0A, 0x23, 0x33, 0x7B,
    0x06, 0xFD, 0xC9, 0x5E, 0xEB, 0xF9, 0x92, 0x1E, 0x3B, 0xD5, 0x83, 0xD3, 0xB8, 0x02, 0x84, 0x37,
    0x75, 0x12, 0x73, 0x30, 0x85, 0xA2, 0x54, 0x0C, 0x8B, 0x71, 0x31, 0x30, 0x4A, 0x86, 0x14, 0x0D,
    0x29, 0x1B, 0x52, 0x38, 0x1A, 0xBB, 0x46, 0x9D, 0x15, 0x3A, 0x6D, 0xDF, 0xAA, 0x91, 0x94, 0x90,
    0x5F, 0xBD, 0x56, 0x3A, 0xD3, 0x8A, 0x07, 0x47, 0x31, 0x91, 0x72, 0x22, 0x05, 0x45, 0x4A, 0x8A,
    0x14, 0x95, 0xB1, 0x32, 0x58, 0x9E, 0x96, 0xC7, 0x35, 0x31, 0x24, 0x3D, 0x43, 0xD4, 0x6C, 0xF4,
    0x0E, 0xF9, 0xAE, 0x9E, 0x21, 0xC2, 0x72, 0xC0, 0xBC, 0x43, 0x7E, 0xBA, 0x75, 0x86, 0xA8, 0x24,
    0x3D, 0x6A, 0x32, 0xDD, 0x8B, 0xDE, 0x4A, 0x06, 0x81, 0x13, 0x3C, 0x09, 0x40, 0x91, 0x0C, 0xC2,
    0x17, 0xB3, 0xA7, 0x03, 0x53, 0x02, 0x4F, 0x2B, 0x81, 0x95, 0xC0, 0x95, 0xC0, 0x74, 0x53, 0xCA,
    0xD9, 0x83, 0x12, 0xFE, 0x5A, 0xE0, 0x12, 0xE8, 0x2A, 0x5E, 0xE3, 0xAB, 0x80, 0x27, 0x84, 0x35,
    0xE8, 0x16, 0x9B, 0x73, 0x64, 0x9A, 0x28, 0x60, 0xDE, 0x32, 0x7B, 0x8A, 0x93, 0x19, 0xDD, 0x6D,
    0x20, 0xBE, 0xEA, 0x09, 0x2B, 0x60, 0xE5, 0x7B, 0x70, 0xA9, 0x4C, 0x4E, 0x6D, 0x69, 0x5E, 0xFA,
    0xB9, 0x75, 0xBC, 0x39, 0x22, 0x24, 0x23, 0xD4, 0xDD, 0x32, 0x74, 0x9B, 0x23, 0x04, 0x67, 0x8E,
    0x08, 0x9D, 0xBB, 0x05, 0xDE, 0xB7, 0x15, 0x70, 0x3D, 0xC3, 0xF7, 0x41, 0x3D, 0x5D, 0x25, 0x89,
    0xEB, 0xE9, 0xF9, 0x02, 0xDD, 0x06, 0xB9, 0x3B, 0x49, 0xF3, 0x6C, 0xEF, 0x2B, 0xC4, 0xAC, 0x41,
    0x44, 0x28, 0x75, 0x01, 0x5C, 0x9E, 0xFE, 0x1A, 0x61, 0x2F, 0x65, 0x3F, 0xCC, 0xF2, 0x48, 0x8F,
    0xEB, 0xE8, 0x01, 0xA0, 0x6E, 0x7D, 0x94, 0xC0, 0xFC, 0x96, 0xEE, 0xDD, 0xA2, 0xED, 0xEE, 0x0F,
    0xEB, 0x03, 0x7E, 0x92, 0x5D, 0x72, 0xEC, 0x97, 0xD6, 0x91, 0x5F, 0x4A, 0x82, 0xD9, 0x6E, 0x07,
    0xC3, 0x5D, 0x1B, 0xE7, 0xD7, 0xB1, 0xE9, 0xEA, 0xDA, 0x47, 0x22, 0x8A, 0xE4, 0xA2, 0xD1, 0xC7,
    0x38, 0x9A, 0x5A, 0x7C, 0x43, 0xEE, 0x9A, 0x01, 0x7B, 0x66, 0xFE, 0x97, 0xF6, 0xC0, 0x38, 0x35,
    0xB8, 0xDC, 0xFA, 0x2F, 0xE7, 0x7B, 0xD4, 0x38, 0xC7, 0xB5, 0x71, 0xCA, 0xBC, 0x60, 0x77, 0xC6,
    0x59, 0x6C, 0xDC, 0x25, 0x2C, 0x2D, 0x80, 0xA1, 0xA9, 0x9D, 0x65, 0xA5, 0xE8, 0xD4, 0x57, 0xD5,
    0xCA, 0x68, 0x1F, 0xF3, 0xC5, 0xFF, 0x00, 0xDD, 0x99, 0xB1, 0x6E, 0xE5, 0x44, 0x14, 0x86, 0x8F,
    0x7D, 0xC9, 0x35, 0xC8, 0x85, 0x53, 0x2C, 0x52, 0x44, 0x0A, 0x53, 0x50, 0xAD, 0xC4, 0xFA, 0x09,
    0xC0, 0x96, 0xF6, 0x05, 0x52, 0x2C, 0x15, 0x05, 0xFB, 0x06, 0x79, 0x01, 0x12, 0x5F, 0xDE, 0x20,
    0x15, 0x35, 0x05, 0x15, 0x5B, 0x6C, 0xBB, 0x48, 0x10, 0xFB, 0x11, 0xFC, 0x06, 0xB8, 0xD8, 0x8A,
    0x2D, 0xB0, 0x84, 0x91, 0x1C, 0xC9, 0xF6, 0x70, 0xFE, 0xFF, 0xD8, 0xD7, 0x4E, 0x58, 0x21, 0x2A,
    0x74, 0x73, 0x47, 0xD1, 0x39, 0x89, 0x3D, 0x9E, 0x39, 0x67, 0xBE, 0x99, 0x33, 0x67, 0x26, 0x22,
    0x2C, 0x7E, 0xAB, 0x22, 0xEA, 0x55, 0xA4, 0x4E, 0xC4, 0x1B, 0xD3, 0x52, 0x82, 0x26, 0xAC, 0x25,
    0xDC, 0xF9, 0x8D, 0x78, 0x22, 0x99, 0x3C, 0x28, 0xBE, 0xEB, 0x44, 0x12, 0xE7, 0x32, 0x71, 0xBF,
    0xBB, 0x72, 0x33, 0x4A, 0x52, 0x07, 0x9D, 0x44, 0x4D, 0xD4, 0x48, 0xD8, 0xC6, 0x95, 0x04, 0x2D,
    0x9A, 0x30, 0x91, 0xEF, 0x20, 0x32, 0x7D, 0xA1, 0x22, 0x6A, 0x66, 0x11, 0x57, 0xFA, 0x22, 0x2D,
    0xB5, 0x4A, 0x91, 0x25, 0xB5, 0xEF, 0x24, 0xBA, 0xBB, 0xEC, 0x25, 0x70, 0xAE, 0x16, 0x29, 0xB4,
    0x61, 0x39, 0xB9, 0x98, 0x7B, 0xDB, 0xA2, 0xFF, 0xA4, 0x82, 0x79, 0x35, 0x04, 0x7E, 0x4B, 0x4A,
    0x15, 0x27, 0x53, 0x85, 0x0F, 0x4D, 0x5D, 0x51, 0x6E, 0x1C, 0x55, 0x32, 0xCA, 0x29, 0x0C, 0xAD,
    0x36, 0x8D, 0x3E, 0xEB, 0xE8, 0xA3, 0x9F, 0xC9, 0xA6, 0xB5, 0x4A, 0xFA, 0xD0, 0xFB, 0x29, 0x8B,
    0xB5, 0xBD, 0xDC, 0x39, 0xB7, 0xD3, 0xAF, 0x9C, 0xBB, 0x13, 0x89, 0xDD, 0xF7, 0x30, 0x20, 0x6D,
    0x25, 0xD1, 0x8A, 0xFA, 0x3C, 0xEC, 0xB5, 0x0D, 0xAD, 0xAF, 0xA6, 0xE9, 0xF8, 0xF8, 0x83, 0x44,
    0x2D, 0x46, 0x48, 0x7D, 0xD0, 0x56, 0x9C, 0xFA, 0x4D, 0x95, 0x96, 0x8B, 0x1A, 0x45, 0x1D, 0x43,
    0x15, 0x28, 0xFD, 0xA0, 0xC8, 0xF8, 0xF9, 0x4A, 0xE9, 0x50, 0x41, 0x69, 0x4B, 0xA8, 0x12, 0x37,
    0x92, 0x97, 0xF4, 0x0A, 0x8E, 0x69, 0x97, 0x49, 0x43, 0x1F, 0xA2, 0x41, 0x62, 0xED, 0x32, 0x70,
    0xEF, 0x1C, 0x8C, 0xA5, 0x95, 0x18, 0xF4, 0x8E, 0x0E, 0x7C, 0x35, 0xB9, 0xFE, 0x01, 0xE5, 0x33,
    0x4A, 0x67, 0xEE, 0x63, 0xB4, 0x62, 0xD6, 0x2A, 0x60, 0x8F, 0xA8, 0xCD, 0xAA, 0x5F, 0x52, 0xCA,
    0x24, 0x63, 0xCA, 0x34, 0x53, 0xE7, 0xDC, 0x48, 0x94, 0x70, 0x57, 0x59, 0x0A, 0x61, 0x0A, 0x69,
    0xE2, 0x27, 0x6C, 0x84, 0x3C, 0x85, 0x2C, 0x25, 0x05, 0x4C, 0xC9, 0x4D, 0x66, 0x78, 0x4B, 0x9E,
    0x94, 0xB5, 0x10, 0xAB, 0x90, 0xAB, 0x10, 0xAC, 0x52, 0xF3, 0xB5, 0x79, 0xA2, 0x9D, 0xD8, 0x1A,
    0xDC, 0x99, 0xAE, 0x67, 0x5E, 0x6C, 0x6A, 0xAA, 0x70, 0xA0, 0x0A, 0x5C, 0x05, 0x76, 0x72, 0xD9,
    0x01, 0x93, 0xF8, 0x3D, 0xE7, 0xA7, 0x9C, 0x1D, 0x19, 0x3B, 0x5B, 0x55, 0x0D, 0xD7, 0xD3, 0x60,
    0xAB, 0x6A, 0x27, 0xF3, 0x24, 0x87, 0xF1, 0x84, 0x47, 0x5E, 0x67, 0x87, 0xC8, 0x6E, 0xD6, 0xA9,
    0x59, 0xFA, 0x74, 0xB4, 0xA7, 0x5F, 0xCE, 0x8B, 0x11, 0x08, 0xB7, 0x3D, 0x11, 0x46, 0x35, 0x11,
    0xC6, 0xC7, 0xB6, 0xFC, 0xB6, 0x37, 0xCB, 0x00, 0x3C, 0x1D, 0x56, 0xEE, 0xFF, 0x4A, 0x84, 0xAC,
    0x1B, 0xDF, 0x00, 0x5B, 0x4C, 0x78, 0x27, 0x87, 0x86, 0xF0, 0x82, 0xB3, 0x70, 0x33, 0xFA, 0x78,
    0x15, 0x39, 0x57, 0x2A, 0xB4, 0xE4, 0x6B, 0xF7, 0x5C, 0x5D, 0x3E, 0x93, 0x9F, 0xFD, 0x89, 0xD6,
    0x51, 0x41, 0xF3, 0x3A, 0x51, 0x6A, 0xA1, 0x7B, 0x5E, 0xC3, 0x74, 0x1D, 0x72, 0xF9, 0x22, 0xC0,
    0x98, 0x3C, 0x91, 0x37, 0xEB, 0x55, 0x76, 0x60, 0xA0, 0xB4, 0x9C, 0xEE, 0x29, 0xCC, 0x5B, 0xB6,
    0x1C, 0xDD, 0x76, 0x66, 0xE5, 0xA5, 0x39, 0x65, 0x71, 0x65, 0x33, 0x6D, 0x0A, 0xD3, 0x5F, 0xDD,
    0x3A, 0x78, 0xEE, 0xCB, 0x61, 0x93, 0xB3, 0x0C, 0xC6, 0x52, 0x98, 0x29, 0xBC, 0x33, 0x89, 0xB1,
    0x2C, 0x66, 0x9F, 0xC6, 0xA0, 0xE4, 0x3A, 0x3A, 0xDA, 0x4A, 0x41, 0x55, 0x05, 0xEA, 0xFB, 0xF9,
    0x1D, 0x47, 0x42, 0x0D, 0x81, 0xEF, 0xAA, 0xD4, 0x30, 0x18, 0x44, 0x55, 0xE3, 0x01, 0x14, 0x00,
    0xAA, 0x65, 0x50, 0xDA, 0xA8, 0x3E, 0x80, 0xD2, 0x07, 0xB0, 0x72, 0x52, 0xE8, 0x2C, 0xA5, 0xE5,
    0x70, 0x63, 0x56, 0x4A, 0xA1, 0xE0, 0x73, 0xA4, 0x0F, 0xFA, 0x40, 0x81, 0x43, 0x61, 0x47, 0xD2,
    0x87, 0xE8, 0x59, 0x6B, 0x22, 0x92, 0xE9, 0x98, 0xA5, 0xE8, 0xCB, 0xBD, 0xC2, 0x9A, 0x51, 0x57,
    0x99, 0x6E, 0x14, 0xEE, 0x2D, 0x17, 0xD5, 0x8B, 0x35, 0x0D, 0xEF, 0xC6, 0xB6, 0x73, 0x9B, 0x9C,
    0x91, 0x21, 0x8B, 0xEC, 0xAF, 0xD0, 0xE6, 0xAF, 0xB7, 0x00, 0x4C, 0xB5, 0xC7, 0x31, 0xD5, 0xFE,
    0x86, 0xF3, 0x5E, 0xBC, 0xC1, 0xD7, 0x29, 0xDA, 0x6F, 0x28, 0x3A, 0xED, 0x1F, 0xA2, 0x53, 0x5F,
    0x29, 0x82, 0x36, 0x04, 0xB0, 0xB0, 0xB1, 0x5C, 0x53, 0x45, 0x2D, 0x71, 0x1D, 0xE9, 0x5C, 0xAB,
    0xD5, 0xC9, 0xA2, 0x8A, 0x6B, 0xCF, 0x55, 0x51, 0x13, 0xFE, 0x56, 0x46, 0x63, 0xF1, 0xCD, 0xDB,
    0xC0, 0xF5, 0xF1, 0xE8, 0xBB, 0x5A, 0x73, 0xC1, 0x27, 0x8B, 0x71, 0xE8, 0x99, 0xF3, 0x3D, 0xDE,
    0x0B, 0x8C, 0xD7, 0x9C, 0x8B, 0x7C, 0x6C, 0xB5, 0x1C, 0x01, 0x79, 0x7F, 0x4C, 0xCB, 0xAD, 0x59,
    0x2F, 0xBE, 0x98, 0xEF, 0xE4, 0xD6, 0x7C, 0xE8, 0x1E, 0x66, 0xC7, 0x8F, 0x1D, 0xA2, 0xF7, 0x23,
    0x38, 0x61, 0x12, 0x6F, 0x5F, 0x97, 0xF3, 0x82, 0x8A, 0x11, 0x05, 0x8A, 0x39, 0xE4, 0x6C, 0xAA,
    0xFB, 0x0C, 0xFF, 0x67, 0x8A, 0x9F, 0xAE, 0xA1, 0x58, 0xAE, 0xEB, 0xE9, 0xFA, 0xD6, 0xD7, 0xE1,
    0x48, 0x20, 0x18, 0x2D, 0xF5, 0xFA, 0x23, 0xA1, 0xB2, 0xA8, 0x8F, 0x72, 0xDE, 0x1A, 0x9B, 0x8A,
    0x6C, 0x46, 0x21, 0x9B, 0xF6, 0x60, 0xD8, 0xE4, 0xFF, 0x71, 0x81, 0x49, 0xC0, 0xC0, 0xC1, 0x70,
    0x2D, 0x8C, 0x39, 0x01, 0x2B, 0xC7, 0x5C, 0x63, 0xDA, 0xEC, 0x15, 0x0F, 0x45, 0xD7, 0xAC, 0x7B,
    0xBD, 0x64, 0x24, 0x5E, 0x0F, 0x4C, 0xAE, 0x05, 0x27, 0xB7, 0x23, 0x28, 0x21, 0x29, 0xD9, 0x98,
    0x04, 0x2B, 0xCA, 0x4E, 0x48, 0x4B, 0x88, 0x4B, 0xC8, 0x4B, 0x08, 0x6C, 0xFE, 0x01, 0x32, 0x21,
    0x33, 0x21, 0x34, 0x21, 0x35, 0x21, 0x36, 0x21, 0x37, 0x21, 0x38, 0x31, 0x72, 0x33, 0x3A, 0x3B,
    0xAF, 0x48, 0x6C, 0x53, 0x27, 0x6D, 0xE7, 0xB3, 0x1A, 0xDE, 0x7B, 0xEA, 0x49, 0x67, 0x21, 0x82,
    0xD0, 0x6E, 0x8E, 0x8C, 0x9D, 0xF9, 0xFE, 0xB9, 0x85, 0x08, 0xA6, 0xFA, 0x79, 0xB3, 0xA4, 0xFA,
    0x9E, 0xB3, 0x4D, 0x62, 0x87, 0x63, 0xAC, 0x7F, 0x88, 0xEC, 0xF6, 0xA1, 0xD1, 0x4E, 0x6B, 0xEF,
    0xEE, 0x65, 0x22, 0xBA, 0x18, 0x51, 0x2D, 0x36, 0x84, 0xBA, 0x31, 0xC2, 0xA9, 0x37, 0xC7, 0xB6,
    0xFC, 0x18, 0x1A, 0x2D, 0x36, 0x4E, 0xC1, 0x71, 0x4E, 0x37, 0xC0, 0x93, 0xF1, 0x11, 0x01, 0xF2,
    0x8A, 0x11, 0xF2, 0x9A, 0x21, 0xF2, 0xA0, 0x10, 0x7A, 0x99, 0x67, 0x21, 0x33, 0xCA, 0xB8, 0x4F,
    0x39, 0xBC, 0xB8, 0xCB, 0x7B, 0x40, 0xFB, 0x61, 0x5B, 0x4F, 0xB4, 0x8E, 0x0C, 0xDA, 0xB3, 0xEC,
    0x33, 0xCE, 0xDA, 0x5F, 0x70, 0x3B, 0x82, 0x34, 0x30, 0xFC, 0x0E, 0x53, 0xD8, 0x97, 0x4F, 0xB2,
    0xAB, 0xD5, 0x2A, 0x3B, 0xAC, 0xB5, 0x26, 0xFB, 0x5F, 0xBB, 0x35, 0x93, 0xA3, 0xDC, 0xCE, 0xA6,
    0x7C, 0x31, 0xB8, 0x9F, 0x2F, 0x76, 0xEB, 0x7C, 0xF1, 0x1F, 0x77, 0x90, 0x07, 0x4D, 0x6E, 0x4A,
    0x8D, 0x98, 0x65, 0x5A, 0x86, 0x39, 0x49, 0x26, 0x9A, 0x73, 0xA6, 0x79, 0xBA, 0xBA, 0x30, 0x28,
    0x98, 0x52, 0xE6, 0x3C, 0xEB, 0x6C, 0xED, 0x1E, 0xC8, 0x0E, 0x07, 0xDE, 0xEE, 0x61, 0x6A, 0xA9,
    0x73, 0x98, 0x72, 0x04, 0xED, 0xBC, 0xF4, 0x31, 0xE4, 0x99, 0xBA, 0x29, 0xB7, 0x60, 0xE2, 0xF5,
    0x00, 0x84, 0x24, 0x2D, 0xCD, 0x42, 0x9C, 0xFD, 0x4A, 0x04, 0xA8, 0xA4, 0x4C, 0x71, 0x44, 0xAB,
    0x6E, 0x69, 0x03, 0xE6, 0x50, 0xF0, 0x27, 0xF3, 0x38, 0xC6, 0x72, 0x1F, 0x84, 0xE6, 0x0D, 0x88,
    0xD7, 0x38, 0xDE, 0x60, 0x83, 0xC9, 0xC8, 0xDE, 0x2F, 0xA7, 0xB1, 0x49, 0x12, 0xCD, 0xF9, 0xC0,
    0x8F, 0x90, 0x28, 0xFB, 0x3C, 0x47, 0x2F, 0xD7, 0x79, 0xE5, 0x3A, 0xFF, 0x0F, 0xC7, 0x69, 0xDB,
    0x30, 0x4F, 0x92, 0x66, 0x7D, 0x72, 0x9D, 0xCE, 0x7A, 0xEF, 0x29, 0x3A, 0x22, 0xB8, 0x8D, 0x56,
    0x03, 0x73, 0x55, 0x97, 0x0D, 0x93, 0x1B, 0xE3, 0xC2, 0x33, 0x5B, 0xC9, 0x09, 0x93, 0xEC, 0x68,
    0x4E, 0x6A, 0xB6, 0xDD, 0x9A, 0xB9, 0x3D, 0x6D, 0xF7, 0x69, 0xE5, 0x60, 0x39, 0xFB, 0x18, 0x72,
    0xE4, 0x6F, 0x2D, 0x5A, 0xE7, 0x89, 0xDD, 0xB4, 0xA5, 0xFB, 0xD4, 0x75, 0xB9, 0xC7, 0x4A, 0x6C,
    0xDE, 0x19, 0xAF, 0x09, 0xD8, 0x74, 0x9A, 0xE4, 0xB4, 0xC7, 0xE7, 0x66, 0xE1, 0xB8, 0x3E, 0xA6,
    0x5A, 0xFD, 0xC4, 0x8E, 0x0D, 0xA9, 0xDD, 0x41, 0xA7, 0x6F, 0x1F, 0x0D, 0xB9, 0xF5, 0xE5, 0x3E,
    0x1B, 0x8B, 0xED, 0x98, 0xDA, 0x2C, 0x47, 0xD6, 0x78, 0x8D, 0xF8, 0x11, 0x30, 0xE2, 0xCC, 0x1A,
    0x39, 0x06, 0x7A, 0x00, 0x19, 0x58, 0x1F, 0x4A, 0x19, 0x61, 0x18, 0x60, 0xF8, 0xC5, 0x9A, 0xD1,
    0x0B, 0xBB, 0x3E, 0x47, 0x2B, 0xFE, 0xEB, 0x7A, 0xB9, 0x96, 0x0E, 0x88, 0xF4, 0xB2, 0x5C, 0x86,
    0xB8, 0x91, 0x47, 0xB4, 0x26, 0x75, 0x97, 0xB3, 0xFF, 0x0E, 0x98, 0xD5, 0xAF, 0xDA, 0xF5, 0xAE,
    0x32, 0x25, 0x6F, 0x76, 0x90, 0x90, 0x6B, 0xAB, 0xF9, 0xED, 0xBD, 0xED, 0xE7, 0x58, 0xD7, 0xE4,
    0x09, 0xF3, 0xF1, 0xB4, 0xC6, 0xFF, 0x4E, 0x9C, 0xC3, 0x6D, 0xD8, 0x5F, 0x05, 0x2E, 0xC3, 0x76,
    0xE1, 0xCD, 0x7B, 0xA2, 0xD1, 0x61, 0x33, 0x0E, 0x6A, 0x2E, 0xDA, 0x64, 0x88, 0x76, 0x53, 0x5A,
    0xA7, 0xA5, 0x8D, 0xD9, 0xD8, 0x85, 0x5F, 0xCB, 0xBF, 0x97, 0xE3, 0xA1, 0xFA, 0x37, 0xA5, 0x54,
    0x3D, 0x6E, 0xD4, 0x40, 0x14, 0xFE, 0xEC, 0x49, 0x62, 0x84, 0x0B, 0xA7, 0x48, 0x24, 0x94, 0xC6,
    0x5C, 0x00, 0xCD, 0x09, 0xB2, 0x33, 0x88, 0x82, 0x82, 0x86, 0x22, 0xDB, 0x50, 0x53, 0x71, 0x02,
    0x8A, 0x24, 0x36, 0x9C, 0x20, 0x05, 0xA2, 0xA6, 0x48, 0xC5, 0x09, 0x52, 0x84, 0x78, 0x10, 0x17,
    0x30, 0x70, 0x81, 0x39, 0x82, 0x0B, 0x17, 0x56, 0xE4, 0xDD, 0xE1, 0x7B, 0xE3, 0x78, 0x03, 0x91,
    0x00, 0x09, 0xC6, 0xDE, 0xCF, 0xB3, 0x6F, 0xDE, 0xCF, 0xF7, 0xDE, 0xBC, 0x99, 0xFD, 0xE5, 0x51,
    0x13, 0x46, 0xBE, 0xCB, 0xE5, 0x91, 0x09, 0x1C, 0x02, 0xEB, 0x4A, 0x60, 0x7F, 0xB9, 0x5C, 0x3E,
    0x97, 0x99, 0x8F, 0xC0, 0x7F, 0x4B, 0x2B, 0xB2, 0x1B, 0x69, 0x08, 0x43, 0x13, 0x3F, 0xFD, 0xAB,
    0x8F, 0x32, 0x3E, 0xFC, 0x69, 0x6D, 0x5B, 0x96, 0x0A, 0xF1, 0x5A, 0x0A, 0x60, 0x33, 0xC4, 0x28,
    0x06, 0x1E, 0x05, 0x86, 0x59, 0xEC, 0x55, 0x5B, 0xD4, 0x25, 0x0C, 0x2A, 0x04, 0x3E, 0x57, 0xD8,
    0x43, 0xE2, 0xD5, 0x90, 0x0D, 0x6A, 0x50, 0x9D, 0xF2, 0xB9, 0x2B, 0xEC, 0x21, 0x1E, 0x20, 0xE9,
    0x28, 0x1B, 0x7F, 0x95, 0x6D, 0x41, 0xD7, 0xC6, 0x19, 0xA7, 0xEB, 0xA2, 0xCE, 0x9D, 0xF2, 0xE8,
    0xF0, 0x1A, 0xBB, 0x38, 0xDB, 0x41, 0xDA, 0x95, 0xC8, 0xDC, 0x21, 0x8A, 0x7A, 0x80, 0x4E, 0x3A,
    0x18, 0xD5, 0xA1, 0xC9, 0x7A, 0x84, 0x67, 0x7D, 0xFC, 0x3E, 0x4A, 0x5B, 0x7A, 0x2C, 0xAC, 0x1A,
    0x8C, 0x53, 0x23, 0x7F, 0xF2, 0xED, 0xB4, 0x55, 0xDE, 0xD0, 0xEE, 0x04, 0x85, 0x1D, 0xB0, 0x48,
    0x3D, 0x63, 0xD4, 0x1B, 0xBD, 0xEC, 0x8E, 0x5E, 0x7E, 0xA3, 0x77, 0x78, 0xA3, 0x07, 0x8C, 0xFC,
    0x25, 0x92, 0x58, 0x1A, 0xA1, 0x27, 0x30, 0xEE, 0x04, 0x52, 0xAB, 0x09, 0x0E, 0x42, 0x38, 0xC7,
    0x4F, 0x63, 0xCB, 0x12, 0xCA, 0x96, 0xA0, 0x1D, 0xC1, 0xDC, 0x82, 0xF8, 0x34, 0xB2, 0x5A, 0x61,
    0x86, 0x46, 0xE0, 0x4A, 0x60, 0xB5, 0x81, 0x71, 0x86, 0x24, 0xCE, 0xBA, 0x5B, 0xD7, 0xC3, 0x4C,
    0x28, 0xE9, 0x67, 0x42, 0xE9, 0x5F, 0x09, 0xE9, 0x77, 0x2F, 0x3C, 0x74, 0x08, 0x2D, 0x76, 0xC2,
    0x35, 0xA3, 0x6F, 0x6F, 0x56, 0x76, 0xF1, 0x9F, 0x84, 0x5E, 0x22, 0x0F, 0x75, 0x19, 0x5A, 0x13,
    0x3A, 0xBE, 0x55, 0x44, 0x13, 0x7C, 0x19, 0x5C, 0x16, 0x62, 0x29, 0x18, 0x83, 0x59, 0xAF, 0x1A,
    0x97, 0x86, 0xC6, 0xA9, 0x75, 0x65, 0x27, 0x0F, 0x09, 0x60, 0xB1, 0xAB, 0x5D, 0xDE, 0x25, 0xA3,
    0x69, 0x8B, 0x5E, 0xAD, 0x8C, 0x8B, 0x58, 0x17, 0x3E, 0x9D, 0x3B, 0xE9, 0xE0, 0x0C, 0xB8, 0x2F,
    0x25, 0x4B, 0x02, 0x59, 0x18, 0x11, 0x65, 0xD7, 0xA4, 0xF7, 0x49, 0x66, 0x85, 0x2B, 0xEB, 0x49,
    0x53, 0x73, 0x9E, 0x45, 0x4A, 0x0B, 0xCE, 0x0A, 0x29, 0x34, 0xB8, 0x91, 0x2E, 0xE6, 0x25, 0xB3,
    0x3A, 0x1A, 0xE0, 0x12, 0xE5, 0x9B, 0xC9, 0xF5, 0x09, 0xB4, 0x9A, 0x72, 0x38, 0xC5, 0xE9, 0x64,
    0x00, 0xF3, 0x7E, 0x9C, 0x0C, 0x50, 0x84, 0xEE, 0x6A, 0x22, 0x90, 0xAE, 0x1F, 0x8F, 0x73, 0xA6,
    0x6C, 0x92, 0x15, 0x52, 0xD6, 0x10, 0xC5, 0xE7, 0x10, 0x6C, 0x19, 0x58, 0x7B, 0xFD, 0xB4, 0x2F,
    0x5D, 0x25, 0x3A, 0x57, 0x85, 0xCB, 0xDD, 0xC8, 0x10, 0xC9, 0x58, 0xDA, 0xEC, 0x6B, 0xCF, 0x10,
    0x34, 0x40, 0xF6, 0xAD, 0x13, 0x02, 0x2D, 0x7B, 0xF0, 0xBB, 0xCC, 0x74, 0xBD, 0x40, 0xFE, 0xC5,
    0x53, 0xEF, 0x54, 0xC8, 0x72, 0x36, 0xF2, 0x31, 0xD0, 0x4F, 0xBA, 0xA4, 0x27, 0x25, 0x6D, 0xAB,
    0xB4, 0xCF, 0xBA, 0xA2, 0x25, 0x89, 0x11, 0x21, 0xF0, 0x20, 0x40, 0x05, 0x0F, 0xB3, 0xC6, 0x3E,
    0x39, 0xEC, 0xB1, 0x14, 0x96, 0x21, 0x14, 0x75, 0xF3, 0x56, 0x2A, 0xA0, 0xE9, 0xE6, 0x18, 0x17,
    0x94, 0xE9, 0x5A, 0xF5, 0x86, 0x41, 0x4F, 0x91, 0xB7, 0x23, 0xB3, 0x1F, 0x50, 0xBE, 0xED, 0x63,
    0x9E, 0x8B, 0xAC, 0xC5, 0x71, 0xEE, 0x70, 0x91, 0x4F, 0xF9, 0x29, 0xCB, 0x65, 0xD9, 0xF5, 0x15,
    0xD4, 0x80, 0xBC, 0x93, 0x2E, 0x35, 0x71, 0xF3, 0xB9, 0x53, 0xA5, 0x43, 0xEE, 0xA5, 0x9D, 0xA4,
    0xCB, 0x2E, 0x81, 0x87, 0xD1, 0xC4, 0x89, 0x44, 0xBA, 0x6D, 0x8C, 0xAD, 0x41, 0x5B, 0xDA, 0xD0,
    0x49, 0x39, 0xFB, 0xE9, 0xC5, 0x8A, 0x64, 0x17, 0xC0, 0x3D, 0xB9, 0x19, 0x84, 0x6E, 0x63, 0x1B,
    0xE9, 0x26, 0xF6, 0x81, 0x5C, 0x03, 0x58, 0xF3, 0xE1, 0xBB, 0x92, 0x96, 0x5A, 0x91, 0x30, 0x1B,
    0x21, 0x42, 0x3A, 0x72, 0x1B, 0xD3, 0x81, 0xDE, 0x99, 0x16, 0xA1, 0x63, 0xA8, 0x19, 0x3C, 0x32,
    0x9F, 0x11, 0x5A, 0xA6, 0x90, 0xB3, 0xC2, 0xEC, 0x9B, 0x04, 0x77, 0xC7, 0xB6, 0x74, 0x99, 0xA9,
    0x49, 0xBE, 0x72, 0x8D, 0x43, 0x23, 0x60, 0x6C, 0x35, 0x25, 0x2B, 0x07, 0xC2, 0xF3, 0x3E, 0x6B,
    0x79, 0x59, 0x4D, 0x92, 0x73, 0xCC, 0xA7, 0x98, 0x95, 0x12, 0x2C, 0xEB, 0xB8, 0xFF, 0x71, 0x31,
    0x76, 0x4A, 0x3C, 0x60, 0x37, 0x2A, 0x53, 0x77, 0x68, 0x3B, 0x35, 0xCB, 0xE6, 0x2C, 0xFC, 0xCE,
    0x3E, 0x2E, 0xC6, 0x63, 0x49, 0xE6, 0xFF, 0x60, 0xBF, 0x17, 0xF1, 0x07, 0x65, 0x54, 0x31, 0x72,
    0xD5, 0x30, 0x14, 0x5C, 0xDB, 0x13, 0x54, 0x98, 0x19, 0x51, 0x90, 0x06, 0x0A, 0xD5, 0x0C, 0x85,
    0x5A, 0x52, 0x24, 0x12, 0x70, 0x01, 0x0A, 0x42, 0x0A, 0x0E, 0x41, 0x43, 0x41, 0x91, 0x1F, 0x8B,
    0x1B, 0xE4, 0x18, 0x4C, 0xCE, 0x90, 0x1F, 0x8B, 0x1B, 0xF8, 0x08, 0xA6, 0x0D, 0x45, 0x5C, 0x7C,
    0x66, 0x9C, 0x60, 0x5B, 0xAC, 0x64, 0xF3, 0xF3, 0x03, 0xB6, 0xD7, 0xF3, 0xC7, 0x7A, 0x7E, 0xDA,
    0xB7, 0xBB, 0xFE, 0x00, 0x8F, 0x6A, 0x44, 0x1E, 0x82, 0x15, 0xBD, 0xF6, 0xB2, 0x91, 0x5E, 0xB9,
    0xB2, 0x31, 0x96, 0x80, 0x8C, 0xF0, 0x67, 0x09, 0xCA, 0xAF, 0xA0, 0xDD, 0x0A, 0xC6, 0x9E, 0xA1,
    0x86, 0x79, 0x33, 0x40, 0x85, 0x0D, 0x44, 0xF0, 0xC0, 0x53, 0x2C, 0x47, 0x00, 0x0A, 0xA2, 0x24,
    0xD4, 0x19, 0x70, 0x48, 0x6C, 0xD6, 0x28, 0xDA, 0x35, 0x4A, 0xCF, 0x7A, 0x0C, 0x38, 0x24, 0xEA,
    0x10, 0x7C, 0xC4, 0xFE, 0xC9, 0x2D, 0xEB, 0xBB, 0x2D, 0x32, 0x72, 0x88, 0x3C, 0x8A, 0xBB, 0x8B,
    0xF9, 0x51, 0x0B, 0x88, 0x86, 0xED, 0xAE, 0x2D, 0x64, 0xE8, 0xB1, 0x77, 0x32, 0x72, 0x8F, 0x2B,
    0x82, 0x7D, 0xB1, 0x26, 0x06, 0x1C, 0x88, 0x9E, 0xFD, 0x3A, 0x7C, 0x0A, 0x16, 0x78, 0xB7, 0xD0,
    0x78, 0xCE, 0xFD, 0xEB, 0x80, 0x9C, 0xE5, 0x25, 0x7B, 0x28, 0x52, 0x34, 0x5C, 0x36, 0x2F, 0xCF,
    0x51, 0x05, 0xEE, 0x6F, 0x47, 0xBE, 0x79, 0xB6, 0xC5, 0x9A, 0xF7, 0x2A, 0xEF, 0x61, 0xD8, 0xA7,
    0x0C, 0x2E, 0xF5, 0x51, 0xE4, 0xA1, 0x23, 0x8E, 0x6B, 0x72, 0x5E, 0xE3, 0x15, 0x6B, 0x90, 0x6F,
    0x48, 0x88, 0xC4, 0x24, 0x1B, 0x2A, 0xD6, 0x99, 0x2D, 0x8D, 0xFF, 0x96, 0xD2, 0xA1, 0x27, 0x4A,
    0x12, 0x7C, 0xB1, 0x29, 0x1B, 0xF1, 0xF7, 0xEC, 0xA4, 0x2F, 0x46, 0xF2, 0xA7, 0x76, 0x59, 0x18,
    0xA9, 0x4B, 0x0D, 0x0D, 0x6D, 0x8F, 0xA0, 0x08, 0xCD, 0x96, 0x15, 0xD4, 0xEF, 0x81, 0xBA, 0x36,
    0xF7, 0xBA, 0x56, 0x7D, 0xF4, 0x07, 0xE5, 0xA6, 0xB2, 0xD1, 0x1D, 0xE5, 0xA4, 0xD7, 0x76, 0x86,
    0xF2, 0xDA, 0xC9, 0x10, 0x5C, 0x1E, 0x6A, 0xBB, 0x25, 0x94, 0x93, 0x50, 0xD9, 0x71, 0x1E, 0x0F,
    0x43, 0x0D, 0x32, 0xAE, 0xEC, 0xBF, 0x7B, 0x66, 0xAB, 0x1F, 0xA1, 0xD3, 0x3F, 0x43, 0x5F, 0xDE,
    0xBC, 0x1D, 0xE4, 0x90, 0x0F, 0xB2, 0xCB, 0x7B, 0xD9, 0x12, 0x64, 0xA8, 0x7C, 0xD1, 0x69, 0x17,
    0x21, 0x3A, 0x63, 0x45, 0x6B, 0xA8, 0x1C, 0xBD, 0x9F, 0x2A, 0xC8, 0x71, 0x67, 0x16, 0x57, 0xDC,
    0xAA, 0xA6, 0x6C, 0x45, 0x2B, 0xBD, 0x68, 0x95, 0x13, 0xAD, 0x4E, 0xB5, 0xA9, 0x7E, 0x9B, 0x17,
    0xC3, 0x9C, 0x18, 0x72, 0xD1, 0xDF, 0xA7, 0xE4, 0x5B, 0xB1, 0x33, 0x0B, 0xB5, 0x09, 0xAE, 0x0C,
    0x56, 0xD5, 0x78, 0x6C, 0x12, 0xE1, 0xA3, 0x64, 0xE7, 0x2A, 0x11, 0x1F, 0x96, 0x2B, 0xEB, 0x69,
    0x94, 0x0B, 0x31, 0x5B, 0x9C, 0x86, 0x32, 0x15, 0x1C, 0x5F, 0x34, 0x95, 0x13, 0x8E, 0x04, 0xAD,
    0x76, 0xB3, 0xA1, 0x7C, 0x2F, 0x1B, 0x66, 0xDD, 0x15, 0xB7, 0xA8, 0xE6, 0xC9, 0x25, 0x2D, 0x37,
    0xD7, 0xDF, 0x66, 0xAB, 0x89, 0x78, 0x64, 0x75, 0xEA, 0x61, 0x0B, 0x6F, 0xBC, 0x70, 0xCA, 0x67,
    0xB3, 0x7F, 0x16, 0x19, 0xA7, 0x0B, 0x7C, 0x21, 0xD5, 0xC5, 0x68, 0x45, 0x09, 0xAB, 0xF4, 0xFB,
    0xE0, 0x11, 0x63, 0x41, 0x9B, 0xF4, 0x12, 0x89, 0x07, 0x11, 0x97, 0x94, 0x43, 0x73, 0xFF, 0x53,
    0xB2, 0xDE, 0x5C, 0x32, 0xAA, 0x03, 0xA4, 0x1B, 0x68, 0xE0, 0x80, 0x53, 0xB2, 0x0F, 0x21, 0xD2,
    0x0F, 0xEE, 0xF8, 0xE4, 0xD7, 0x7D, 0xC4, 0x45, 0x9B, 0xE2, 0x10, 0x65, 0xCC, 0xEE, 0x2E, 0x6C,
    0xDE, 0xED, 0xA4, 0xFF, 0xEE, 0x9C, 0x96, 0x73, 0xF0, 0x0F, 0xD3, 0xB2, 0xBF, 0x59, 0x70, 0x85,
    0x17, 0x62, 0xA0, 0x95, 0x0B, 0x8F, 0xF7, 0x0B, 0x0D, 0x4A, 0x48, 0x72, 0x36, 0x9B, 0xE6, 0xF7,
    0x65, 0xB3, 0x24, 0xF2, 0x63, 0xCB, 0xDA, 0x11, 0xC6, 0xD5, 0x54, 0xC7, 0x6C, 0x91, 0xEE, 0xAF,
    0x1F, 0x7E, 0xB2, 0x26, 0x4C, 0xBC, 0x56, 0xC7, 0xE3, 0x17, 0x0C, 0x9F, 0x99, 0x5F, 0xCA, 0xC8,
    0xF4, 0xB2, 0x8B, 0x59, 0xBC, 0xF8, 0xE7, 0x19, 0x76, 0xFF, 0x2A, 0xDA, 0x18, 0xC2, 0x74, 0x3A,
    0xD9, 0x28, 0x88, 0xDB, 0x35, 0xE3, 0xDC, 0x51, 0x9A, 0x1E, 0xEA, 0xEB, 0x44, 0x53, 0x0D, 0x2E,
    0x13, 0x8E, 0x38, 0x01, 0xF9, 0xDF, 0x6C, 0xE6, 0x4F, 0xEB, 0xC9, 0xD2, 0xA7, 0xEE, 0xD2, 0xBC,
    0xB2, 0x65, 0xFC, 0x6D, 0x0A, 0x4B, 0x84, 0x4D, 0xB0, 0x15, 0x67, 0xA5, 0xDF, 0xD3, 0xD5, 0x1C,
    0xE7, 0xE8, 0x71, 0x31, 0x7B, 0xCC, 0x91, 0x51, 0xF7, 0xC0, 0x1E, 0x57, 0xFE, 0x00, 0x9D, 0x57,
    0xB1, 0x6E, 0xDC, 0x46, 0x10, 0x1D, 0x1E, 0x2D, 0x11, 0x08, 0x0B, 0xA6, 0x71, 0x80, 0x58, 0x81,
    0xD9, 0xA4, 0x32, 0x0C, 0xF0, 0x07, 0x6C, 0x91, 0x40, 0x7E, 0x40, 0x85, 0x2F, 0x06, 0xE2, 0xC2,
    0x7D, 0x12, 0x40, 0x4D, 0x8A, 0x14, 0x56, 0xC8, 0x2E, 0xAD, 0x1B, 0xF7, 0x2E, 0xEC, 0xC2, 0x52,
    0x21, 0x7F, 0x80, 0x13, 0xD2, 0xC8, 0x0F, 0x1C, 0x10, 0x18, 0x29, 0x43, 0x03, 0x16, 0x10, 0xA8,
    0xF1, 0x05, 0xA1, 0x6D, 0x4A, 0x38, 0x72, 0xF3, 0xDE, 0x0C, 0xEF, 0x8E, 0x27, 0xC5, 0x4D, 0x16,
    0xC2, 0xCC, 0xE9, 0xEE, 0xB8, 0xFB, 0x66, 0xE6, 0xCD, 0x9B, 0x3D, 0x91, 0x61, 0x85, 0x21, 0x6D,
    0x14, 0xD1, 0x5E, 0xBF, 0x4E, 0x7B, 0xF3, 0x26, 0xED, 0xAD, 0x5B, 0xFC, 0xB0, 0x3D, 0x80, 0x2D,
    0x9B, 0xB2, 0x96, 0xC0, 0xCD, 0x5D, 0x23, 0x49, 0x27, 0x61, 0x23, 0xF9, 0x4C, 0xFC, 0xB9, 0xE7,
    0x32, 0x58, 0xBF, 0x13, 0xF1, 0xEB, 0x60, 0x21, 0x32, 0x99, 0x45, 0x73, 0x3E, 0x18, 0xAB, 0x4D,
    0x66, 0xB4, 0x69, 0x75, 0xC9, 0x16, 0xB4, 0x79, 0x71, 0xE9, 0x7D, 0xFD, 0x7E, 0x52, 0xEB, 0x0E,
    0x8D, 0xC8, 0x17, 0x12, 0x75, 0xE2, 0xF5, 0xE2, 0xBB, 0xAD, 0xFD, 0x5E, 0x3C, 0x17, 0x39, 0x6C,
    0xBB, 0x1B, 0xF7, 0x19, 0xF0, 0xA5, 0x0F, 0x97, 0xF8, 0xE4, 0xC7, 0x1F, 0x68, 0x9F, 0x3F, 0xA7,
    0x9D, 0xF3, 0x60, 0xEF, 0xF5, 0x4C, 0x46, 0x6B, 0x3A, 0xDD, 0x93, 0xD4, 0x39, 0xD7, 0x4A, 0x0E,
    0xDB, 0x48, 0xD0, 0x1F, 0x1E, 0xCD, 0x65, 0xB2, 0x90, 0xC9, 0x5C, 0x7C, 0xB3, 0xED, 0x60, 0xB1,
    0x82, 0x66, 0x6D, 0x43, 0x0D, 0xC3, 0x42, 0x8A, 0x1C, 0x4F, 0x37, 0x1B, 0x9F, 0x4C, 0x81, 0x21,
    0x36, 0xB8, 0xD5, 0xCA, 0xE2, 0xC3, 0x99, 0xDA, 0x6A, 0x15, 0x5E, 0x9E, 0xD1, 0x96, 0xB2, 0xB2,
    0xDB, 0x8E, 0xC0, 0x53, 0xD7, 0xAD, 0x2C, 0xD6, 0x37, 0x4F, 0x78, 0x18, 0xB1, 0x11, 0x28, 0xAC,
    0x3B, 0xB9, 0x37, 0x47, 0xC0, 0xC8, 0xAD, 0x20, 0xB9, 0xBE, 0xE2, 0xF4, 0xEB, 0xCB, 0xD8, 0x26,
    0xC7, 0xE7, 0x87, 0xA8, 0x00, 0xC2, 0xCA, 0xC4, 0x9B, 0x4E, 0xA7, 0xCB, 0x90, 0xED, 0x35, 0x76,
    0x74, 0x38, 0xF1, 0xF8, 0xFC, 0xD9, 0x3A, 0x0A, 0x4D, 0x6E, 0xA4, 0xC8, 0xE3, 0x4A, 0xAE, 0x29,
    0xF2, 0x04, 0xC7, 0x66, 0xB2, 0x2B, 0xF2, 0xAB, 0xC8, 0x01, 0x10, 0x3A, 0xE0, 0x62, 0xAA, 0x16,
    0x83, 0x5D, 0xAD, 0x14, 0xC7, 0x24, 0x48, 0x40, 0x8E, 0x08, 0x53, 0xF8, 0x00, 0xF1, 0x6E, 0xB3,
    0xF8, 0x0E, 0xDB, 0x2E, 0xE8, 0x81, 0x1A, 0x59, 0xF4, 0x3F, 0x34, 0x32, 0xA1, 0xFF, 0x07, 0xE9,
    0x05, 0xDA, 0xE0, 0x35, 0x82, 0x80, 0x0F, 0xEB, 0x9E, 0xC1, 0x78, 0xF7, 0x4F, 0xDC, 0xF4, 0xDE,
    0xBB, 0x8C, 0xB8, 0xB1, 0x0A, 0xA2, 0xC5, 0xCA, 0xE4, 0xC2, 0x0A, 0xEC, 0x73, 0xD9, 0x2E, 0x4F,
    0x8F, 0xFA, 0xF2, 0x94, 0x28, 0x27, 0x0B, 0xA0, 0x96, 0x54, 0xA4, 0x8F, 0x0B, 0xF5, 0x2E, 0x81,
    0xCF, 0xF1, 0xB7, 0x8F, 0xC7, 0x7F, 0x22, 0x44, 0x3C, 0xF8, 0x0B, 0xC2, 0xA2, 0xEF, 0x58, 0x0D,
    0x64, 0x00, 0x8C, 0x09, 0x7B, 0x31, 0xC8, 0x83, 0xF7, 0x2D, 0xF5, 0x77, 0x2C, 0x2C, 0xD7, 0xB3,
    0x56, 0x4E, 0x2B, 0x07, 0x7A, 0xB0, 0xC6, 0xE0, 0x07, 0x59, 0x8C, 0xC4, 0x87, 0x8C, 0xA4, 0x95,
    0x00, 0xEE, 0xEE, 0xD9, 0xF4, 0x6E, 0x97, 0x89, 0xC2, 0x9A, 0x79, 0xE6, 0x58, 0x89, 0xA8, 0xD1,
    0x04, 0xF3, 0x01, 0x38, 0xF2, 0x38, 0xAA, 0x3D, 0x07, 0x64, 0xF1, 0x79, 0xC9, 0xAD, 0x63, 0xAD,
    0x2A, 0x40, 0x91, 0xBB, 0x03, 0xDB, 0x57, 0xAE, 0x18, 0x3B, 0x23, 0xCC, 0xC0, 0x98, 0xC1, 0x19,
    0x67, 0x96, 0x74, 0x59, 0xB1, 0x66, 0xB9, 0x22, 0xBC, 0x01, 0x0C, 0x89, 0x6B, 0x62, 0x14, 0x0B,
    0x50, 0x10, 0x1F, 0x1B, 0x13, 0x2D, 0x84, 0xE6, 0xE1, 0x1E, 0x69, 0x2B, 0x1E, 0xCA, 0x53, 0x66,
    0x92, 0xB7, 0x4A, 0x73, 0x9C, 0x52, 0xB6, 0x2C, 0x05, 0x5F, 0xF5, 0x08, 0xB1, 0xD6, 0xE4, 0xBE,
    0xC7, 0xE3, 0x4C, 0x6F, 0xE1, 0xFF, 0xBD, 0x20, 0x3D, 0xB6, 0xF2, 0x57, 0xF7, 0xDE, 0xF7, 0xD3,
    0xFC, 0x11, 0x36, 0xB7, 0xD5, 0xC9, 0x55, 0x2B, 0xD6, 0xF4, 0x8E, 0xFC, 0xD7, 0x4A, 0x87, 0xEF,
    0x19, 0x75, 0x9C, 0x76, 0x9D, 0xC4, 0x2F, 0x21, 0x17, 0x21, 0x39, 0x17, 0xFD, 0x06, 0xF2, 0x44,
    0xDA, 0x2B, 0x7F, 0xD4, 0x92, 0xB2, 0x86, 0x12, 0xFD, 0x09, 0x32, 0xE5, 0x1A, 0xC8, 0xDB, 0x42,
    0xD2, 0xDE, 0x42, 0xC2, 0x56, 0x4A, 0x3C, 0xD6, 0x2D, 0xB1, 0x57, 0x08, 0x3B, 0x31, 0xEA, 0x2F,
    0x96, 0x0A, 0xC3, 0x56, 0x88, 0x6B, 0xF9, 0xC8, 0xB2, 0x46, 0x19, 0xBA, 0xD8, 0x9C, 0x37, 0xBD,
    0xFF, 0x2E, 0x13, 0xED, 0x98, 0x42, 0x86, 0xC6, 0x91, 0x65, 0x2B, 0x33, 0x64, 0xAC, 0x4F, 0xB5,
    0x99, 0x63, 0x25, 0x83, 0x67, 0x5F, 0x0C, 0xDC, 0x91, 0x56, 0xB3, 0x61, 0x0E, 0x59, 0x38, 0xE2,
    0xC5, 0x4B, 0xD6, 0xC7, 0x52, 0x0C, 0xBA, 0x88, 0x53, 0x9E, 0xF0, 0x0D, 0x9C, 0xEC, 0x75, 0xEA,
    0x26, 0x9D, 0x9E, 0x0C, 0x1A, 0xD1, 0x05, 0xE6, 0x22, 0xBA, 0x46, 0x62, 0x7C, 0x19, 0xAC, 0xCA,
    0xC9, 0xAF, 0xCE, 0x43, 0xCF, 0x00, 0xD0, 0xF1, 0xEF, 0x4C, 0x80, 0x73, 0x5F, 0xF1, 0xF4, 0xB4,
    0x0D, 0x78, 0xAC, 0x37, 0xEE, 0x0C, 0xCD, 0xFF, 0x90, 0x68, 0x91, 0x1B, 0x87, 0x58, 0xFA, 0xFE,
    0x67, 0x4F, 0xA9, 0x07, 0xCE, 0xBD, 0x51, 0xE8, 0xF8, 0xA8, 0x3C, 0xFB, 0xAE, 0xC7, 0x1B, 0x19,
    0xBA, 0x9A, 0x09, 0x3B, 0x50, 0x05, 0x78, 0xA0, 0xE4, 0x7C, 0x20, 0xB9, 0x46, 0xCA, 0x60, 0x64,
    0xCB, 0xB1, 0xF5, 0x52, 0x25, 0x3F, 0xB7, 0x2B, 0x36, 0x72, 0x98, 0x6B, 0x8A, 0x4A, 0xDD, 0xD1,
    0xD7, 0x3A, 0x8C, 0xED, 0x44, 0xA9, 0x08, 0xA1, 0x12, 0x0F, 0xA0, 0x0B, 0x89, 0x0A, 0x29, 0x6B,
    0xAF, 0xAC, 0x74, 0x3B, 0x95, 0xC2, 0x86, 0x1F, 0x2B, 0xEB, 0xB7, 0xB2, 0x31, 0x4D, 0x9A, 0x08,
    0x1C, 0x19, 0x5C, 0x40, 0x71, 0xCF, 0x54, 0x91, 0x17, 0xBA, 0x33, 0x0B, 0x07, 0x47, 0xB1, 0x42,
    0x42, 0xD9, 0x27, 0x70, 0xA5, 0x56, 0x94, 0x69, 0x45, 0x0A, 0x55, 0xAB, 0xC3, 0x39, 0x43, 0x9A,
    0x28, 0xCD, 0x06, 0x31, 0x19, 0x1C, 0x2B, 0xAA, 0xD3, 0x27, 0xA9, 0x54, 0xF7, 0x92, 0x2A, 0x6C,
    0xB4, 0xE3, 0x14, 0x76, 0x5A, 0x29, 0x6E, 0x74, 0x9C, 0xB3, 0x8E, 0x2B, 0x0B, 0x75, 0x3C, 0xA8,
    0xD4, 0x01, 0xC4, 0x8E, 0x8B, 0xCE, 0x80, 0xAF, 0x85, 0x88, 0x16, 0x74, 0xBE, 0xCB, 0xB6, 0x34,
    0xF3, 0x9A, 0xF8, 0x42, 0x6D, 0x96, 0x1F, 0xBA, 0xC3, 0x32, 0x7B, 0x81, 0x87, 0x12, 0x31, 0xDB,
    0x62, 0xCB, 0x44, 0xF6, 0xC0, 0x81, 0xAB, 0x46, 0x0D, 0x84, 0xDF, 0x79, 0x9A, 0xA9, 0x52, 0xEB,
    0x73, 0x06, 0xBB, 0xC3, 0x7C, 0x4C, 0xB4, 0xA9, 0xC3, 0x37, 0xF2, 0xBD, 0xC8, 0x15, 0xD9, 0x59,
    0x68, 0x9F, 0xB3, 0xD8, 0x25, 0x91, 0xC6, 0x6F, 0x09, 0xFB, 0xF3, 0xB1, 0x68, 0x1B, 0x47, 0x47,
    0x43, 0xC7, 0x2B, 0xDF, 0x18, 0x4F, 0x33, 0xB5, 0x26, 0xFC, 0xDA, 0x96, 0xD6, 0x76, 0x2A, 0x53,
    0xF8, 0x6C, 0xE7, 0xEC, 0x6B, 0xD5, 0x35, 0x08, 0x43, 0x6D, 0xF4, 0x83, 0x04, 0x63, 0x70, 0x1C,
    0x9F, 0x17, 0x96, 0xBB, 0x42, 0xA6, 0xD3, 0x0B, 0xC3, 0x03, 0xFF, 0x99, 0xFA, 0x8A, 0x97, 0x9F,
    0x4C, 0xDD, 0x2B, 0x26, 0x8D, 0x65, 0x86, 0xDB, 0xB1, 0xD1, 0xA5, 0x82, 0x96, 0x6A, 0x77, 0x48,
    0x7E, 0xFA, 0xE4, 0x92, 0x68, 0x89, 0x01, 0xB2, 0x1C, 0x2C, 0x9D, 0x67, 0xD2, 0x15, 0xF4, 0x7B,
    0xFA, 0x45, 0x9B, 0x2D, 0x06, 0x76, 0x2C, 0x68, 0x46, 0xC1, 0xC8, 0x08, 0x13, 0x0F, 0xCE, 0x36,
    0xC8, 0x55, 0x0A, 0x21, 0x47, 0x0F, 0xAD, 0x39, 0xD9, 0x49, 0xEE, 0xE9, 0xFE, 0xC2, 0x44, 0x0E,
    0x1B, 0x95, 0x33, 0xF1, 0x1A, 0xA3, 0x64, 0xA3, 0x2A, 0xEF, 0xCD, 0x55, 0xBA, 0x51, 0x14, 0xCB,
    0xE6, 0x20, 0x1D, 0xC3, 0xED, 0xE4, 0xA2, 0x18, 0x57, 0x32, 0x39, 0x72, 0x19, 0x1C, 0x88, 0xA4,
    0xFF, 0x95, 0x67, 0xFA, 0x19, 0x32, 0x3E, 0x72, 0xA0, 0x0E, 0xFB, 0x08, 0x2E, 0x51, 0xE5, 0xD4,
    0x01, 0x90, 0xAB, 0x5A, 0xF1, 0x64, 0xDF, 0x9D, 0x6B, 0x3D, 0xD0, 0x36, 0x5A, 0x6F, 0x6B, 0x00,
    0x8E, 0x2B, 0xAE, 0x5D, 0x73, 0xB7, 0xCD, 0x1D, 0x98, 0x7B, 0xB0, 0x91, 0x01, 0x5E, 0x08, 0x12,
    0xE6, 0xD6, 0xF1, 0xBE, 0xE1, 0x1E, 0xED, 0xB7, 0x18, 0xAF, 0xE0, 0x6E, 0xCB, 0x0E, 0x69, 0x68,
    0x1E, 0xDB, 0x75, 0x25, 0x98, 0x2B, 0x27, 0x40, 0xCD, 0xF2, 0x15, 0xDB, 0xDE, 0x5D, 0x43, 0x07,
    0x3F, 0xDB, 0xD4, 0xE3, 0x85, 0x1A, 0xCD, 0x81, 0x32, 0x49, 0xC9, 0x03, 0xE8, 0x41, 0x05, 0x13,
    0x56, 0x88, 0x27, 0xAA, 0xC0, 0x8C, 0xB8, 0x88, 0x31, 0xF9, 0x0A, 0x5E, 0x1A, 0x32, 0xAF, 0xA4,
    0x8E, 0x78, 0x63, 0x8D, 0xB7, 0x6A, 0x58, 0x15, 0x92, 0x91, 0xD5, 0xA0, 0x42, 0x8D, 0x13, 0xE1,
    0xD6, 0x4A, 0x9B, 0x8D, 0x3B, 0xA2, 0x8C, 0xEF, 0x88, 0xED, 0xE8, 0x8E, 0x58, 0xFF, 0xAF, 0x3B,
    0x62, 0xF5, 0xB1, 0x3B, 0xE2, 0x23, 0xBD, 0x23, 0xEA, 0xFD, 0x2C, 0xD5, 0x84, 0x0F, 0x63, 0xF3,
    0xF6, 0x28, 0xCD, 0x96, 0xE5, 0x17, 0x6A, 0xD7, 0xF7, 0x1A, 0x25, 0xFC, 0x1E, 0x03, 0x77, 0xF3,
    0x6D, 0x0A, 0xEA, 0xE3, 0xCD, 0xF1, 0x8A, 0x55, 0x6B, 0x72, 0x67, 0xF1, 0x69, 0x79, 0x7E, 0x3C,
    0x4B, 0xA8, 0x27, 0x55, 0x0A, 0x2C, 0x61, 0xB5, 0xAB, 0xF6, 0x16, 0xF0, 0x86, 0xC5, 0x72, 0x7A,
    0x5F, 0xBA, 0xF4, 0x0D, 0xBD, 0xD0, 0xAF, 0xAD, 0x35, 0xC2, 0x64, 0xB1, 0xB6, 0x63, 0x59, 0x1D,
    0x04, 0x82, 0xA1, 0xF8, 0xCC, 0xA9, 0x21, 0xD4, 0xFB, 0x1C, 0x6E, 0x43, 0x2B, 0xC9, 0x1F, 0x23,
    0xEC, 0x55, 0xF5, 0xBB, 0x8B, 0xC7, 0xEB, 0xC1, 0x9E, 0x1E, 0x19, 0xE8, 0xD6, 0x09, 0xF6, 0xFC,
    0x56, 0x87, 0x59, 0xA9, 0x6D, 0x57, 0xBA, 0xF9, 0xFA, 0x5C, 0xE9, 0x46, 0x98, 0xF3, 0xD1, 0xB5,
    0x64, 0xC8, 0xFA, 0x6C, 0x74, 0x85, 0xB4, 0x49, 0xEC, 0xAC, 0x9D, 0x45, 0xFB, 0x6B, 0x1D, 0xC5,
    0xC6, 0x4D, 0xDA, 0x7B, 0x4E, 0xD5, 0x61, 0xC9, 0xA2, 0x0F, 0xBD, 0xC2, 0x65, 0x5D, 0x30, 0xCA,
    0x33, 0x3E, 0x89, 0x99, 0x1B, 0x15, 0xBC, 0xA1, 0x5D, 0x61, 0xEB, 0x8A, 0x0E, 0x45, 0x90, 0xA8,
    0xD2, 0x2E, 0x2F, 0xE4, 0x46, 0xF6, 0x25, 0x9B, 0xAD, 0x60, 0x54, 0xB9, 0x0E, 0x5C, 0xA7, 0x00,
    0x7B, 0xBE, 0x60, 0xE6, 0x7A, 0xED, 0xEE, 0x9E, 0x5D, 0x8D, 0xA4, 0x62, 0xF4, 0x78, 0xDD, 0x8E,
    0xD3, 0xBB, 0xE3, 0x42, 0x19, 0x39, 0xA3, 0xC0, 0xFC, 0xB5, 0xAC, 0xF4, 0x9E, 0x79, 0x7F, 0x3E,
    0xF8, 0x7A, 0xD3, 0x07, 0xC3, 0x0F, 0x87, 0xD0, 0xFE, 0x9F, 0x2C, 0xAF, 0x07, 0xCE, 0xB2, 0x54,
    0xDA, 0x6D, 0xD8, 0x77, 0xD1, 0xCF, 0x1A, 0x48, 0x1B, 0x65, 0x4E, 0xD9, 0x18, 0x67, 0x64, 0x6A,
    0x5E, 0x24, 0x9A, 0x29, 0x8E, 0x00, 0xE8, 0x34, 0x86, 0x4C, 0xCA, 0x6C, 0x21, 0x27, 0xBB, 0xD4,
    0x1E, 0x34, 0xC4, 0xED, 0x41, 0x7E, 0x0F, 0xE8, 0xF1, 0x95, 0x17, 0x6C, 0x60, 0x3C, 0x62, 0xBE,
    0x10, 0x1D, 0x7D, 0x98, 0xCA, 0x2D, 0x3D, 0xB6, 0x56, 0xDF, 0x53, 0xC9, 0x74, 0xF2, 0x41, 0xCA,
    0xC2, 0xB9, 0xFD, 0x70, 0xC1, 0x08, 0x5C, 0x88, 0x87, 0x29, 0x65, 0xA3, 0x10, 0x7E, 0xA7, 0xB1,
    0xBA, 0x94, 0xCD, 0xFA, 0xE7, 0x0A, 0xA0, 0xF7, 0x43, 0x1F, 0xDB, 0x4C, 0xB0, 0x91, 0xB0, 0xD3,
    0x1F, 0x21, 0xC1, 0x36, 0x10, 0x80, 0x8A, 0xD8, 0x14, 0xD6, 0xC6, 0x5F, 0xAD, 0x37, 0xDA, 0xD9,
    0xF0, 0x07, 0x90, 0xD0, 0x0D, 0xC7, 0x21, 0x19, 0x74, 0xF2, 0x49, 0x79, 0x8A, 0x63, 0x22, 0xDD,
    0x6C, 0x6B, 0x74, 0x73, 0xDF, 0xE2, 0x6F, 0x2D, 0x2A, 0x17, 0xCE, 0xBE, 0xE6, 0xB4, 0x8F, 0x2E,
    0x91, 0x3E, 0x70, 0x7B, 0x2B, 0xED, 0x37, 0x0E, 0xFE, 0x0B, 0x8D, 0x54, 0xB1, 0x6E, 0xD4, 0x40,
    0x10, 0x9D, 0xB5, 0x83, 0x5C, 0x5C, 0xE1, 0x14, 0xB4, 0xB0, 0x3D, 0x0A, 0xF2, 0x0F, 0x00, 0xB6,
    0xE0, 0x07, 0xD2, 0xA4, 0xE6, 0x27, 0x28, 0x91, 0x7C, 0x7F, 0xC0, 0x4F, 0x50, 0xD1, 0xE4, 0x07,
    0x42, 0x6C, 0x68, 0x53, 0xB0, 0xCA, 0x0F, 0x60, 0x21, 0xD1, 0xBB, 0x30, 0x92, 0x41, 0xF6, 0x2D,
    0x33, 0xF3, 0xD6, 0xF1, 0xFA, 0x12, 0x24, 0xF6, 0x24, 0xBF, 0xBB, 0x5B, 0xCF, 0xEC, 0xCC, 0x7B,
    0x6F, 0x87, 0x88, 0xF6, 0x24, 0x2B, 0xED, 0x15, 0x72, 0x40, 0x89, 0x3F, 0x0F, 0xD8, 0x1A, 0x15,
    0x6C, 0xA7, 0x50, 0xEB, 0x96, 0x99, 0xF5, 0x47, 0x36, 0x60, 0xEB, 0xE7, 0x05, 0xAF, 0xF3, 0xDA,
    0xCB, 0xEA, 0x1B, 0x00, 0x7E, 0xB9, 0xA2, 0x8D, 0x13, 0x87, 0x5C, 0x21, 0x9C, 0x1A, 0x40, 0x19,
    0xDE, 0xE9, 0xE2, 0xA4, 0xC9, 0x84, 0x4D, 0x04, 0x1E, 0xAF, 0xCF, 0x78, 0xC7, 0x57, 0x1A, 0xE8,
    0x35, 0x41, 0xE9, 0xE5, 0x5D, 0xE3, 0xBD, 0x44, 0x66, 0xBF, 0x27, 0x29, 0xBF, 0xB8, 0x1D, 0xA5,
    0x99, 0xE6, 0xF5, 0x68, 0x1D, 0xA5, 0x53, 0x3A, 0x70, 0xF6, 0xBC, 0x4F, 0x7B, 0xCE, 0x5E, 0xEE,
    0xB9, 0xE9, 0x86, 0x9E, 0x50, 0xD6, 0xD3, 0x99, 0x44, 0xE0, 0xF8, 0x1D, 0x20, 0x77, 0x1B, 0x40,
    0x85, 0x76, 0x03, 0x05, 0x58, 0x2A, 0xAB, 0x0D, 0x50, 0x0C, 0x35, 0xE0, 0x7A, 0x29, 0xFB, 0x14,
    0x70, 0x45, 0x11, 0xBF, 0x54, 0x23, 0xF2, 0xFF, 0x98, 0x7A, 0x24, 0x54, 0xBF, 0xED, 0x4A, 0x65,
    0x77, 0xD8, 0x40, 0x17, 0x69, 0x67, 0x90, 0x3B, 0xDB, 0x6A, 0x57, 0xDD, 0xD7, 0xAE, 0x70, 0x71,
    0xA1, 0x67, 0x1B, 0x92, 0x1F, 0x47, 0x5B, 0x68, 0x61, 0x8E, 0x9E, 0xAA, 0x8F, 0x89, 0x9E, 0xC9,
    0xB8, 0x3E, 0xD3, 0x61, 0x75, 0x15, 0x9E, 0xCC, 0x32, 0x9D, 0x08, 0xBB, 0xA7, 0x2F, 0xE5, 0x79,
    0x55, 0x33, 0xB7, 0xC9, 0x54, 0xB4, 0xB9, 0xCB, 0x7B, 0xFE, 0xB4, 0x2C, 0xC7, 0x68, 0xBF, 0x70,
    0xD9, 0x07, 0x7B, 0xC3, 0xC1, 0xF5, 0xE5, 0x25, 0x57, 0x66, 0xBD, 0x17, 0x49, 0x54, 0xD1, 0x44,
    0xE5, 0x25, 0xAF, 0xFD, 0xBD, 0x42, 0x85, 0xE7, 0x7C, 0x36, 0x78, 0xE2, 0xBD, 0xAC, 0x5D, 0xFA,
    0x82, 0x93, 0xA4, 0x35, 0xD4, 0xD1, 0x54, 0xA1, 0xC6, 0x64, 0x5E, 0xC8, 0xDC, 0xF5, 0x0B, 0x59,
    0xE0, 0x5D, 0x42, 0x3C, 0x0C, 0x30, 0xB0, 0x51, 0xA0, 0xC1, 0x44, 0xF9, 0xAF, 0x0B, 0x5D, 0x9E,
    0xC0, 0x31, 0xAF, 0xEA, 0x81, 0x6F, 0x8B, 0x77, 0x39, 0x22, 0xF0, 0xCA, 0x7F, 0x04, 0x07, 0xCB,
    0x19, 0xFE, 0x4E, 0x13, 0x95, 0x47, 0x65, 0xB1, 0x6E, 0x51, 0x46, 0x6B, 0x51, 0x71, 0xE4, 0x60,
    0x73, 0x47, 0x2F, 0x8A, 0xA7, 0x77, 0x5C, 0xB7, 0x3B, 0xBE, 0x00, 0x06, 0xA6, 0x41, 0x1B, 0x54,
    0xE0, 0x28, 0xAF, 0xAA, 0xA7, 0x5E, 0xAF, 0x05, 0x73, 0x27, 0x51, 0xF5, 0x87, 0x9B, 0x5E, 0x1A,
    0xB7, 0x5F, 0x27, 0xE9, 0xCD, 0xB6, 0x5E, 0x6C, 0x54, 0xEC, 0xB9, 0x10, 0xCF, 0x16, 0xCE, 0x1D,
    0x3B, 0xAD, 0xAC, 0x58, 0x1D, 0xC7, 0xA6, 0x35, 0xED, 0xBF, 0xBC, 0x1B, 0x20, 0xD8, 0x71, 0x8A,
    0xC1, 0x6C, 0x00, 0xFA, 0xA3, 0xF6, 0x13, 0xC0, 0x53, 0xB1, 0xC0, 0x73, 0x6E, 0x9D, 0x4F, 0x39,
    0x70, 0xDF, 0x59, 0xCF, 0x04, 0x64, 0xC3, 0xAE, 0xB3, 0x42, 0x52, 0xEE, 0x44, 0x9E, 0x26, 0xBF,
    0x95, 0xDC, 0xE5, 0xB7, 0xEF, 0xBD, 0xDE, 0x68, 0xBD, 0xD2, 0x29, 0x1A, 0x32, 0x1E, 0x39, 0x6B,
    0xB0, 0x50, 0x54, 0x5B, 0x2A, 0xDE, 0x87, 0x59, 0x00, 0x42, 0x96, 0x59, 0xA0, 0x82, 0xF0, 0xDD,
    0x10, 0xBA, 0xFF, 0xCC, 0x92, 0xDB, 0xFE, 0x18, 0x45, 0xF9, 0xE6, 0xCD, 0xC0, 0x92, 0x27, 0x73,
    0x3A, 0xF0, 0x55, 0x93, 0x59, 0x20, 0x04, 0xB4, 0x5C, 0xE1, 0xCC, 0xAE, 0xE2, 0x0A, 0x5F, 0x04,
    0x9B, 0xDE, 0x9F, 0x05, 0xED, 0x03, 0xB3, 0x20, 0x0C, 0x81, 0xA3, 0x59, 0xB0, 0x0E, 0x01, 0xE3,
    0x98, 0xC8, 0x44, 0xD2, 0xB3, 0xE1, 0x3B, 0xB6, 0xC4, 0x35, 0x29, 0xF3, 0xB3, 0xB8, 0xA1, 0x6C,
    0xE7, 0x9D, 0xDA, 0x75, 0x12, 0xAF, 0xF2, 0xC8, 0xF2, 0xEB, 0x00, 0xA3, 0x06, 0x2D, 0x14, 0x30,
    0x7C, 0x3E, 0xAF, 0xB4, 0xF2, 0x8A, 0x28, 0x50, 0x13, 0x4E, 0x0B, 0x3C, 0xFB, 0xC4, 0xEB, 0x23,
    0xFD, 0x05, 0x9D, 0x56, 0x31, 0xAE, 0xE4, 0x44, 0x10, 0x2D, 0xDB, 0xFB, 0xD7, 0x81, 0x03, 0x13,
    0xB0, 0x12, 0x62, 0x03, 0x27, 0x44, 0x8B, 0x84, 0x4F, 0xC0, 0xDA, 0x12, 0x07, 0xE0, 0x07, 0xFB,
    0x45, 0x40, 0x42, 0x4C, 0xC2, 0x0D, 0xB6, 0x07, 0xB8, 0xC0, 0x0F, 0x20, 0x22, 0x21, 0xD8, 0x00,
    0xCD, 0x5E, 0x80, 0x60, 0x07, 0x5B, 0xE2, 0x02, 0x16, 0x27, 0x70, 0xC0, 0x8A, 0x90, 0x09, 0x2C,
    0xB0, 0x58, 0x8F, 0x9B, 0xF7, 0x5E, 0xF7, 0xFC, 0x99, 0x59, 0x16, 0x02, 0x2C, 0xB9, 0x4A, 0x6E,
    0x77, 0x57, 0xBD, 0xAA, 0x7E, 0x55, 0xDD, 0x66, 0x9F, 0x19, 0x9E, 0x03, 0xDE, 0xC4, 0xF7, 0x90,
    0xDD, 0x04, 0x51, 0xF2, 0x3B, 0xF5, 0xFC, 0xD3, 0x6D, 0x20, 0xEA, 0x81, 0x83, 0x23, 0x44, 0xB1,
    0x87, 0xC8, 0x38, 0x27, 0x9B, 0x2D, 0xD9, 0x7E, 0x34, 0x5B, 0xE5, 0xFF, 0x5C, 0xCC, 0x7B, 0xBF,
    0x64, 0xBE, 0xAD, 0x97, 0x62, 0xB1, 0x7C, 0x2E, 0xF7, 0xF8, 0x8B, 0x35, 0xF9, 0xD4, 0xF4, 0x58,
    0xD1, 0x6C, 0xAC, 0xDC, 0xBB, 0x16, 0x06, 0x20, 0xEA, 0xDE, 0x6D, 0xAC, 0xD9, 0xE0, 0x87, 0xB7,
    0x7A, 0xCC, 0x0E, 0x56, 0xAE, 0x5F, 0xCC, 0x96, 0x7B, 0x0F, 0x17, 0x7E, 0x85, 0xDD, 0xAB, 0x96,
    0x6E, 0xED, 0xDD, 0x6F, 0xEC, 0x09, 0xDC, 0x79, 0xFF, 0xD5, 0x0C, 0x10, 0xB0, 0x0F, 0x9B, 0xFE,
    0xF6, 0x21, 0x30, 0x56, 0x93, 0x50, 0xC1, 0x8C, 0xF9, 0x21, 0xC1, 0x92, 0xEC, 0xD5, 0x1E, 0x60,
    0xAC, 0xFC, 0x65, 0x22, 0xBA, 0xFA, 0xCB, 0xA5, 0x44, 0x20, 0x3F, 0xD9, 0x52, 0x6F, 0x2C, 0x5D,
    0x6C, 0xD7, 0x98, 0xE5, 0x7B, 0xDB, 0x3D, 0x35, 0xAB, 0x7A, 0xDB, 0xED, 0xCC, 0x30, 0xB0, 0x5B,
    0x14, 0xF3, 0x8B, 0x45, 0xB1, 0x2C, 0x8B, 0x15, 0xA3, 0x14, 0x97, 0x4C, 0x8B, 0x39, 0x18, 0xDD,
    0xEF, 0x12, 0x4C, 0x2A, 0x46, 0x97, 0xED, 0xB9, 0xB2, 0xF9, 0x18, 0x00, 0x5D, 0x5B, 0xF9, 0xD6,
    0xE0, 0xB3, 0x84, 0xDB, 0x62, 0x36, 0xC0, 0x37, 0x37, 0x02, 0xE5, 0xCB, 0x4F, 0x31, 0x5E, 0xFD,
    0xEE, 0x3D, 0x70, 0xB8, 0xD4, 0x7B, 0x26, 0xCD, 0xAE, 0xAE, 0x15, 0x49, 0x8C, 0xA8, 0x61, 0x76,
    0xCD, 0x31, 0x93, 0xE6, 0x47, 0xE5, 0x5B, 0xB9, 0x7C, 0x45, 0x59, 0xFC, 0x46, 0x59, 0xFE, 0xCC,
    0xC4, 0xD6, 0x5F, 0xCF, 0x9C, 0x0E, 0xE8, 0xC0, 0x49, 0x0C, 0x78, 0x0F, 0x4A, 0xFA, 0xAA, 0x48,
    0xB0, 0x2D, 0xE5, 0x60, 0x1D, 0x40, 0x6D, 0x08, 0x14, 0xD1, 0x34, 0x2D, 0xC2, 0x45, 0x52, 0x0D,
    0x93, 0xEB, 0x3E, 0x9D, 0x89, 0x57, 0xA8, 0x07, 0x86, 0x55, 0x8E, 0x88, 0x1B, 0x3B, 0x80, 0x59,
    0xD8, 0x0C, 0xE7, 0x99, 0xCB, 0x20, 0x3B, 0x49, 0xB8, 0x79, 0x70, 0x73, 0x73, 0x73, 0x6D, 0xA5,
    0x0F, 0xDF, 0x47, 0x9D, 0x74, 0xDB, 0xED, 0x73, 0x32, 0xA1, 0xD3, 0x6E, 0x4B, 0xE7, 0x44, 0xE8,
    0xA3, 0x5E, 0x23, 0x1F, 0x56, 0x9A, 0x07, 0xCE, 0x43, 0xD0, 0x44, 0x4E, 0xB2, 0x1C, 0x75, 0xB6,
    0x10, 0x4A, 0xB0, 0x51, 0xF7, 0x27, 0x4D, 0x1B, 0xCD, 0x51, 0x6F, 0x82, 0x2D, 0x6A, 0xDA, 0x00,
    0x53, 0x4E, 0x7A, 0x94, 0x6B, 0x46, 0x4D, 0xD7, 0xB2, 0x45, 0x4D, 0x1B, 0x6B, 0xD4, 0x87, 0x90,
    0xE1, 0x44, 0x5A, 0xFB, 0x7E, 0xD2, 0xB0, 0x91, 0x49, 0x9F, 0xC2, 0x90, 0xF6, 0xA7, 0x70, 0x0A,
    0xE8, 0xF7, 0xFD, 0x98, 0x74, 0x6B, 0x6B, 0xCE, 0x4F, 0xD8, 0xC1, 0xDE, 0x1E, 0x6D, 0xBF, 0x4F,
    0xB7, 0x5B, 0xF8, 0xBF, 0x42, 0x76, 0x6E, 0x2C, 0xA4, 0x05, 0xDE, 0x83, 0x2A, 0xFF, 0xDA, 0x6E,
    0xBB, 0xB0, 0xF0, 0x71, 0x08, 0x91, 0x0A, 0xEE, 0x3F, 0x34, 0x12, 0x44, 0x8F, 0x0F, 0xCA, 0x89,
    0x0D, 0x91, 0x00, 0x56, 0x8D, 0x52, 0x0C, 0xCE, 0xC2, 0x7A, 0x0B, 0xEB, 0x59, 0x72, 0x87, 0x8B,
    0x85, 0x51, 0xAD, 0xE7, 0x53, 0x8A, 0xB0, 0xAE, 0x1A, 0x82, 0xCD, 0xCD, 0xD9, 0xC4, 0x34, 0xCC,
    0xC8, 0x83, 0xC9, 0x72, 0x3C, 0xF7, 0xDA, 0x49, 0x6A, 0x87, 0x42, 0xF4, 0x55, 0x80, 0x50, 0x87,
    0xE2, 0x46, 0x71, 0x90, 0x12, 0x6B, 0x28, 0x35, 0xCC, 0xFA, 0x7C, 0xBB, 0xDD, 0xFE, 0x10, 0x88,
    0xD1, 0x36, 0x18, 0x1A, 0x28, 0x7A, 0x7D, 0xCA, 0xD2, 0x33, 0x41, 0x12, 0x96, 0x42, 0x50, 0x2A,
    0x21, 0x69, 0xF4, 0x73, 0x27, 0x5F, 0xF3, 0x69, 0x4A, 0x29, 0x10, 0xB5, 0x96, 0x3E, 0xD5, 0x94,
    0xE5, 0xBF, 0xD6, 0xEB, 0x67, 0xAA, 0x30, 0xF2, 0xF1, 0x7F, 0xAC, 0x7F, 0x5B, 0xF2, 0x1E, 0xB2,
    0xD3, 0xF5, 0x5D, 0xEF, 0x02, 0x62, 0x06, 0x13, 0x0A, 0xD2, 0xF9, 0x90, 0xC3, 0x2E, 0xEA, 0x35,
    0x8C, 0xC7, 0xF4, 0x05, 0x6E, 0x98, 0x4A, 0xED, 0x3C, 0x91, 0xEC, 0x1E, 0x7A, 0xEA, 0xA8, 0x9B,
    0x68, 0xB7, 0x8B, 0xE6, 0x45, 0xBD, 0x89, 0xD5, 0x0A, 0x17, 0x53, 0x30, 0xF3, 0x70, 0x0E, 0x66,
    0xF0, 0xC1, 0x52, 0xE4, 0x26, 0x2A, 0x96, 0x4C, 0xAD, 0x46, 0x3E, 0x65, 0x26, 0x55, 0xCF, 0xD1,
    0x06, 0x05, 0x0A, 0x1C, 0x92, 0x80, 0x66, 0x0D, 0x69, 0xB0, 0x35, 0x8B, 0x98, 0x8B, 0x80, 0xC6,
    0x85, 0x94, 0x98, 0xAB, 0x22, 0xB9, 0x5C, 0x04, 0x15, 0xD1, 0x34, 0x91, 0x49, 0x75, 0x0C, 0xAA,
    0x9A, 0xEC, 0x8D, 0x4F, 0x85, 0x2D, 0xAF, 0x30, 0x17, 0x3B, 0x9C, 0x60, 0x83, 0x33, 0xDF, 0x4D,
    0xE8, 0xB9, 0x63, 0x39, 0xA5, 0x4B, 0x3D, 0x94, 0x7B, 0xD0, 0xAC, 0xEB, 0xD0, 0x7A, 0xC0, 0xB3,
    0x9A, 0xBD, 0x12, 0x60, 0xD5, 0xDC, 0x9D, 0xD2, 0x91, 0x4D, 0xEC, 0x3F, 0x03, 0xF6, 0x01, 0x1A,
    0xC9, 0x44, 0xAB, 0x6F, 0xF3, 0x3F, 0x16, 0x90, 0xB3, 0x19, 0xEA, 0xC1, 0xB7, 0xAE, 0x47, 0xB1,
    0x90, 0x3E, 0xE8, 0xEF, 0x68, 0xB1, 0x78, 0xAD, 0xBB, 0xD5, 0xCB, 0x1E, 0x15, 0x32, 0x24, 0x21,
    0xCA, 0x2A, 0x51, 0xC5, 0x9D, 0x50, 0x81, 0x28, 0xF7, 0xAC, 0xFB, 0x40, 0x78, 0xA5, 0x5E, 0x42,
    0xB4, 0x16, 0xFB, 0x25, 0xDC, 0xB7, 0x60, 0xA6, 0x18, 0x2C, 0xFE, 0xFA, 0x40, 0xE2, 0x2B, 0x56,
    0x2F, 0xB6, 0x19, 0xD6, 0x33, 0x91, 0xBB, 0x5C, 0x3F, 0x41, 0x9F, 0x6E, 0x46, 0x96, 0x24, 0x8F,
    0x21, 0x1E, 0x42, 0xB4, 0xB7, 0x52, 0xB2, 0x38, 0xD0, 0x3D, 0xD5, 0x43, 0x59, 0x6C, 0x4D, 0x4F,
    0x6C, 0xCD, 0x46, 0xB2, 0xE5, 0x39, 0xE1, 0x5A, 0x62, 0x74, 0xC2, 0xD7, 0x49, 0x7A, 0xC1, 0x5C,
    0x85, 0x73, 0x25, 0x50, 0x18, 0x01, 0x52, 0x6C, 0x1E, 0xAC, 0xA6, 0x92, 0x30, 0x05, 0x3F, 0x30,
    0x02, 0xA0, 0x94, 0x2D, 0x3B, 0x39, 0x38, 0x19, 0xCB, 0xF4, 0xFE, 0xB3, 0xC8, 0x49, 0xD1, 0x01,
    0xE9, 0x62, 0xFC, 0xEB, 0xF3, 0xB3, 0x16, 0x51, 0x0F, 0xE7, 0x85, 0x1C, 0x2B, 0x3E, 0x92, 0x2F,
    0x72, 0xDB, 0x5D, 0x30, 0xB1, 0x7B, 0x43, 0xF7, 0x88, 0x2A, 0x09, 0xB4, 0x88, 0xE4, 0x4A, 0x2F,
    0x54, 0x6C, 0x30, 0x91, 0xFE, 0x47, 0x35, 0x9D, 0xF7, 0x94, 0x58, 0x12, 0xC5, 0x85, 0x8A, 0x30,
    0x63, 0x99, 0x1C, 0xD5, 0x70, 0xDE, 0xA6, 0x62, 0xE9, 0xC4, 0xCA, 0xB9, 0x8C, 0xA4, 0x63, 0x08,
    0xF7, 0xC2, 0x65, 0xA3, 0xF4, 0xC2, 0x50, 0x87, 0xC2, 0xAC, 0xC3, 0x31, 0x7A, 0xF9, 0xD4, 0xBF,
    0xA2, 0xB0, 0x79, 0x53, 0xA8, 0x2C, 0x5B, 0xFD, 0xCB, 0x15, 0xE5, 0x5F, 0xE1, 0xD4, 0x4D, 0x71,
    0x9C, 0xCA, 0xF3, 0x83, 0xD7, 0xE6, 0xE3, 0xA6, 0xF0, 0x16, 0xE8, 0x37, 0xDB, 0x8F, 0xEC, 0xDC,
    0xDF, 0x4D, 0x68, 0xD3, 0x0E, 0x77, 0x8D, 0x77, 0x40, 0x47, 0xE5, 0xEE, 0x49, 0x48, 0x88, 0xA2,
    0x23, 0xAE, 0x92, 0xA3, 0x8F, 0xF9, 0xF9, 0x82, 0xE3, 0x93, 0xFA, 0xFD, 0xFE, 0x4E, 0x8C, 0x6A,
    0xF0, 0x66, 0xCC, 0x4E, 0x4A, 0x94, 0xF9, 0x10, 0x5A, 0xE7, 0xA6, 0xBB, 0x13, 0xA6, 0xEB, 0x91,
    0x6E, 0x4B, 0xB4, 0x58, 0xD1, 0xE2, 0x07, 0xA1, 0x23, 0xD1, 0x24, 0x98, 0xFA, 0x24, 0xE3, 0x85,
    0x29, 0xA7, 0x48, 0x74, 0xF4, 0xDE, 0x3D, 0x3C, 0x6B, 0xAE, 0x79, 0xD2, 0x4C, 0x14, 0xFB, 0xAB,
    0xCB, 0xBF, 0xFF, 0xD6, 0x8E, 0xDF, 0x23, 0x91, 0xD4, 0x77, 0x78, 0x65, 0x01, 0xC8, 0xA4, 0x3B,
    0xF0, 0xA4, 0x42, 0xA1, 0xF1, 0x46, 0x92, 0x33, 0xD4, 0x82, 0x90, 0x0B, 0xA5, 0x94, 0x3F, 0x35,
    0x0D, 0x0B, 0xC8, 0x8B, 0xDC, 0xDF, 0x15, 0x57, 0xFA, 0x7A, 0xCA, 0x19, 0x5B, 0xAF, 0xB0, 0x78,
    0x24, 0xB4, 0x48, 0xE6, 0xB1, 0xC1, 0x9F, 0xD6, 0xDF, 0xF7, 0xBA, 0xB7, 0xD0, 0x4B, 0xE2, 0xD5,
    0xF6, 0x88, 0xA5, 0x58, 0xE2, 0x27, 0xF7, 0x51, 0x53, 0x1C, 0x4E, 0x57, 0xB9, 0x2D, 0x08, 0x20,
    0xBF, 0xFD, 0xE7, 0xEE, 0x2A, 0x2C, 0xB9, 0x7C, 0x44, 0x6F, 0x7F, 0x03, 0x6D, 0x91, 0xBD, 0x8D,
    0xC2, 0x40, 0x10, 0x85, 0x1F, 0xB6, 0x04, 0x01, 0x81, 0x4B, 0xA0, 0x80, 0x0B, 0x5C, 0x82, 0x5D,
    0x02, 0x9D, 0x50, 0x02, 0xCE, 0xAF, 0x8D, 0x0B, 0x4F, 0xBA, 0x12, 0x4C, 0x09, 0x96, 0xAE, 0x01,
    0x07, 0x24, 0x10, 0x39, 0x20, 0xB0, 0xC0, 0xEC, 0xDC, 0x7B, 0xB3, 0xCB, 0x8F, 0xA5, 0x5B, 0x69,
    0xF5, 0xCD, 0x8E, 0xAC, 0x7D, 0xE3, 0x6F, 0x81, 0xC7, 0xCA, 0xAC, 0xDF, 0x12, 0xA5, 0xFD, 0x8E,
    0x44, 0x7B, 0xFE, 0x9C, 0x08, 0xC3, 0x9A, 0xA7, 0x6C, 0xC2, 0x6A, 0x00, 0x72, 0x96, 0x35, 0x71,
    0xF1, 0xEF, 0x57, 0x11, 0xEB, 0xC1, 0xB1, 0xBB, 0x99, 0xF5, 0xC8, 0x8D, 0xAB, 0x8B, 0x38, 0x00,
    0x45, 0x87, 0x92, 0xD8, 0x74, 0xA8, 0x08, 0x96, 0x55, 0xF3, 0x04, 0x3B, 0x7B, 0x5E, 0xC6, 0x72,
    0x0F, 0x47, 0x4B, 0xB0, 0xE3, 0x50, 0x30, 0x54, 0x06, 0x9F, 0x01, 0x77, 0xA8, 0x5C, 0x44, 0x64,
    0x1A, 0xEC, 0xEE, 0x60, 0x27, 0x0F, 0xB5, 0xCA, 0x9C, 0xE9, 0x0E, 0xA6, 0x4F, 0x3E, 0x91, 0xA6,
    0xC5, 0x73, 0xDA, 0x34, 0x66, 0xD1, 0x3B, 0x34, 0x8E, 0x7E, 0xB5, 0xF1, 0x43, 0x88, 0xBD, 0x1E,
    0xF3, 0xB5, 0xB4, 0xF0, 0xED, 0x5F, 0x99, 0x2E, 0x6C, 0x4F, 0x3F, 0x0A, 0x34, 0xBF, 0x57, 0x49,
    0xA3, 0x47, 0xC8, 0x02, 0xB7, 0xF4, 0x70, 0x2B, 0x85, 0xBB, 0x20, 0x76, 0xD7, 0xAF, 0xC2, 0x85,
    0x5C, 0x22, 0x06, 0x5A, 0x90, 0x90, 0x4D, 0x14, 0x52, 0x26, 0x21, 0x2F, 0x54, 0xC9, 0x4B, 0x83,
    0x4A, 0x5E, 0x6A, 0xD7, 0xF3, 0x12, 0xD2, 0x46, 0x21, 0x16, 0x85, 0x04, 0x37, 0xF1, 0xE6, 0x65,
    0x91, 0x84, 0x4C, 0x7C, 0xC7, 0x24, 0x64, 0x90, 0x09, 0x79, 0x79, 0x98, 0x18, 0xFF, 0x79, 0xB7,
    0x99, 0x90, 0x8F, 0xB9, 0x90, 0xE3, 0xBB, 0x8D, 0x3F,
};

static const EpdGlyph bitter_18_italicGlyphs[] = {
    { 0, 0, 0, 0, 0, 0, 0 }, // U+0000
    { 0, 0, 112, 0, 0, 0, 0 }, // U+000D
    { 0, 0, 112, 0, 0, 0, 0 }, // U+0020
    { 9, 28, 191, 2, 27, 63, 0 }, // !
    { 12, 10, 233, 4, 29, 30, 63 }, // "
    { 24, 27, 381, 0, 27, 162, 93 }, // #
    { 21, 38, 362, 1, 32, 200, 255 }, // $
    { 26, 28, 493, 3, 27, 182, 455 }, // %
    { 23, 28, 410, 2, 27, 161, 637 }, // &
    { 5, 10, 135, 4, 29, 13, 798 }, // '
    { 13, 38, 180, 1, 33, 124, 811 }, // (
    { 13, 38, 180, -1, 33, 124, 935 }, // )
    { 13, 13, 263, 3, 29, 43, 1059 }, // *
    { 18, 19, 328, 2, 23, 86, 1102 }, // +
    { 8, 11, 134, -2, 5, 22, 1188 }, // ,
    { 12, 4, 245, 2, 13, 12, 1210 }, // -
    { 6, 6, 137, 0, 5, 9, 1222 }, // .
    { 18, 35, 183, -3, 31, 158, 1231 }, // /
    { 20, 24, 380, 2, 23, 120, 1389 }, // 0
    { 14, 21, 250, 0, 21, 74, 1509 }, // 1
    { 20, 23, 335, 0, 23, 115, 1583 }, // 2
    { 21, 28, 324, -2, 23, 147, 1698 }, // 3
    { 21, 28, 346, -1, 23, 147, 1845 }, // 4
    { 21, 27, 309, -2, 22, 142, 1992 }, // 5
    { 20, 28, 355, 2, 27, 140, 2134 }, // 6
    { 20, 27, 309, 1, 22, 135, 2274 }, // 7
    { 21, 28, 359, 1, 27, 147, 2409 }, // 8
    { 19, 28, 355, 1, 23, 133, 2556 }, // 9
    { 8, 19, 137, 0, 18, 38, 2689 }, // :
    { 10, 24, 137, -2, 18, 60, 2727 }, // ;
    { 18, 17, 312, 2, 22, 77, 2787 }, // <
    { 19, 11, 403, 4, 18, 53, 2864 }, // =
    { 18, 17, 312, 1, 22, 77, 2917 }, // >
    { 14, 28, 247, 2, 27, 98, 2994 }, // ?
    { 29, 30, 521, 2, 25, 218, 3092 }, // @
    { 26, 27, 407, -2, 27, 176, 3310 }, // A
    { 23, 27, 380, 0, 27, 156, 3486 }, // B
    { 22, 28, 372, 2, 27, 154, 3642 }, // C
    { 26, 27, 425, 0, 27, 176, 3796 }, // D
    { 23, 27, 362, 0, 27, 156, 3972 }, // E
    { 23, 27, 331, 0, 27, 156, 4128 }, // F
    { 24, 28, 427, 2, 27, 168, 4284 }, // G
    { 30, 27, 461, 0, 27, 203, 4452 }, // H
    { 15, 27, 211, 0, 27, 102, 4655 }, // I
    { 18, 33, 201, -4, 27, 149, 4757 }, // J
    { 27, 27, 415, 0, 27, 183, 4906 }, // K
    { 19, 27, 322, 0, 27, 129, 5089 }, // L
    { 34, 27, 516, 0, 27, 230, 5218 }, // M
    { 30, 27, 455, 0, 27, 203, 5448 }, // N
    { 24, 28, 434, 2, 27, 168, 5651 }, // O
    { 23, 27, 352, 0, 27, 156, 5819 }, // P
    { 26, 34, 435, 2, 27, 221, 5975 }, // Q
    { 23, 27, 385, 0, 27, 156, 6196 }, // R
    { 21, 28, 350, 1, 27, 147, 6352 }, // S
    { 22, 27, 347, 2, 27, 149, 6499 }, // T
    { 26, 28, 436, 3, 27, 182, 6648 }, // U
    { 27, 28, 411, 2, 27, 189, 6830 }, // V
    { 38, 28, 595, 2, 27, 266, 7019 }, // W
    { 28, 27, 409, -1, 27, 189, 7285 }, // X
    { 24, 27, 377, 2, 27, 162, 7474 }, // Y
    { 23, 27, 357, 0, 27, 156, 7636 }, // Z
    { 15, 36, 197, 0, 32, 135, 7792 }, // [
    { 7, 35, 185, 3, 31, 62, 7927 }, // <backslash>
    { 15, 36, 197, -2, 32, 135, 7989 }, // ]
    { 17, 14, 301, 1, 33, 60, 8124 }, // ^
    { 19, 4, 284, -3, -2, 19, 8184 }, // _
    { 10, 8, 230, 5, 31, 20, 8203 }, // `
    { 20, 22, 352, 1, 21, 110, 8223 }, // a
    { 20, 31, 344, 1, 30, 155, 8333 }, // b
    { 17, 22, 289, 1, 21, 94, 8488 }, // c
    { 21, 31, 353, 1, 30, 163, 8582 }, // d
    { 18, 22, 305, 1, 21, 99, 8745 }, // e
    { 23, 39, 202, -5, 30, 225, 8844 }, // f
    { 20, 30, 344, 0, 21, 150, 9069 }, // g
    { 20, 31, 356, 1, 30, 155, 9219 }, // h
    { 9, 30, 176, 2, 29, 68, 9374 }, // i
    { 16, 38, 167, -5, 29, 152, 9442 }, // j
    { 20, 30, 331, 1, 30, 150, 9594 }, // k
    { 9, 31, 167, 1, 30, 70, 9744 }, // l
    { 31, 22, 544, 2, 21, 171, 9814 }, // m
    { 20, 22, 365, 2, 21, 110, 9985 }, // n
    { 19, 22, 335, 1, 21, 105, 10095 }, // o
    { 24, 30, 353, -3, 21, 180, 10200 }, // p
    { 19, 30, 344, 1, 21, 143, 10380 }, // q
    { 15, 21, 250, 2, 21, 79, 10523 }, // r
    { 17, 22, 286, 0, 21, 94, 10602 }, // s
    { 14, 26, 221, 1, 25, 91, 10696 }, // t
    { 20, 22, 365, 1, 21, 110, 10787 }, // u
    { 21, 22, 312, 1, 21, 116, 10897 }, // v
    { 31, 22, 475, 1, 21, 171, 11013 }, // w
    { 23, 21, 324, -2, 21, 121, 11184 }, // x
    { 25, 30, 312, -3, 21, 188, 0 }, // y
    { 19, 20, 286, -1, 20, 95, 188 }, // z
    { 15, 36, 199, 0, 32, 135, 283 }, // {
    { 9, 35, 190, 2, 31, 79, 418 }, // |
    { 15, 36, 199, -1, 32, 135, 497 }, // }
    { 19, 7, 387, 3, 17, 34, 632 }, // ~
    { 0, 0, 112, 0, 0, 0, 0 }, // U+00A0
    { 9, 27, 191, 1, 18, 61, 0 }, // U+00A1
    { 18, 29, 329, 2, 28, 131, 61 }, // U+00A2
    { 24, 27, 389, 0, 27, 162, 192 }, // U+00A3
    { 21, 18, 388, 2, 20, 95, 354 }, // U+00A4
    { 24, 27, 413, 3, 27, 162, 449 }, // U+00A5
    { 9, 35, 190, 2, 31, 79, 611 }, // U+00A6
    { 19, 34, 328, 1, 27, 162, 690 }, // U+00A7
    { 12, 6, 265, 5, 29, 18, 852 }, // U+00A8
    { 28, 28, 526, 3, 27, 196, 870 }, // U+00A9
    { 17, 21, 290, 1, 27, 90, 1066 }, // U+00AA
    { 17, 17, 289, 1, 19, 73, 1156 }, // U+00AB
    { 19, 11, 386, 2, 15, 53, 1229 }, // U+00AC
    { 23, 23, 436, 3, 29, 133, 1282 }, // U+00AE
    { 12, 3, 242, 4, 28, 9, 1415 }, // U+00AF
    { 12, 12, 250, 3, 28, 36, 1424 }, // U+00B0
    { 19, 23, 341, 1, 24, 110, 1460 }, // U+00B1
    { 13, 17, 211, 1, 30, 56, 1570 }, // U+00B2
    { 14, 18, 217, 1, 30, 63, 1626 }, // U+00B3
    { 10, 8, 223, 3, 31, 20, 1689 }, // U+00B4
    { 21, 30, 411, 2, 21, 158, 1709 }, // U+00B5
    { 21, 34, 356, 2, 27, 179, 1867 }, // U+00B6
    { 5, 6, 137, 2, 15, 8, 2046 }, // U+00B7
    { 10, 9, 212, -1, 0, 23, 2054 }, // U+00B8
    { 10, 17, 166, 1, 30, 43, 2077 }, // U+00B9
    { 16, 21, 265, 1, 27, 84, 2120 }, // U+00BA
    { 17, 17, 290, 0, 19, 73, 2204 }, // U+00BB
    { 27, 28, 495, 2, 27, 189, 2277 }, // U+00BC
    { 28, 28, 502, 2, 27, 196, 2466 }, // U+00BD
    { 30, 28, 526, 1, 27, 210, 2662 }, // U+00BE
    { 15, 28, 243, -1, 21, 105, 2872 }, // U+00BF
    { 26, 35, 407, -2, 35, 228, 2977 }, // U+00C0
    { 26, 35, 407, -2, 35, 228, 3205 }, // U+00C1
    { 26, 35, 407, -2, 35, 228, 3433 }, // U+00C2
    { 26, 34, 407, -2, 34, 221, 3661 }, // U+00C3
    { 26, 34, 407, -2, 34, 221, 3882 }, // U+00C4
    { 26, 35, 407, -2, 35, 228, 4103 }, // U+00C5
    { 37, 27, 550, -2, 27, 250, 4331 }, // U+00C6
    { 22, 36, 372, 2, 27, 198, 4581 }, // U+00C7
    { 23, 35, 362, 0, 35, 202, 4779 }, // U+00C8
    { 23, 35, 362, 0, 35, 202, 4981 }, // U+00C9
    { 23, 35, 362, 0, 35, 202, 5183 }, // U+00CA
    { 23, 34, 362, 0, 34, 196, 5385 }, // U+00CB
    { 15, 35, 211, 0, 35, 132, 5581 }, // U+00CC
    { 15, 35, 211, 0, 35, 132, 5713 }, // U+00CD
    { 16, 35, 211, 0, 35, 140, 5845 }, // U+00CE
    { 16, 34, 211, 0, 34, 136, 5985 }, // U+00CF
    { 26, 27, 425, 0, 27, 176, 6121 }, // U+00D0
    { 30, 34, 455, 0, 34, 255, 6297 }, // U+00D1
    { 24, 36, 434, 2, 35, 216, 6552 }, // U+00D2
    { 24, 36, 434, 2, 35, 216, 6768 }, // U+00D3
    { 24, 36, 434, 2, 35, 216, 6984 }, // U+00D4
    { 24, 35, 434, 2, 34, 210, 7200 }, // U+00D5
    { 24, 35, 434, 2, 34, 210, 7410 }, // U+00D6
    { 17, 16, 312, 2, 21, 68, 7620 }, // U+00D7
    { 26, 33, 440, 1, 30, 215, 7688 }, // U+00D8
    { 26, 36, 436, 3, 35, 234, 7903 }, // U+00D9
    { 26, 36, 436, 3, 35, 234, 8137 }, // U+00DA
    { 26, 36, 436, 3, 35, 234, 8371 }, // U+00DB
    { 26, 35, 436, 3, 34, 228, 8605 }, // U+00DC
    { 24, 35, 377, 2, 35, 210, 8833 }, // U+00DD
    { 21, 27, 346, 0, 27, 142, 9043 }, // U+00DE
    { 28, 40, 382, -5, 30, 280, 9185 }, // U+00DF
    { 20, 32, 352, 1, 31, 160, 9465 }, // U+00E0
    { 20, 32, 352, 1, 31, 160, 9625 }, // U+00E1
    { 20, 32, 352, 1, 31, 160, 9785 }, // U+00E2
    { 20, 30, 352, 1, 29, 150, 9945 }, // U+00E3
    { 20, 30, 352, 1, 29, 150, 10095 }, // U+00E4
    { 20, 32, 352, 1, 31, 160, 10245 }, // U+00E5
    { 30, 22, 481, 0, 21, 165, 10405 }, // U+00E6
    { 17, 30, 289, 1, 21, 128, 10570 }, // U+00E7
    { 18, 32, 303, 1, 31, 144, 10698 }, // U+00E8
    { 18, 32, 303, 1, 31, 144, 10842 }, // U+00E9
    { 18, 32, 303, 1, 31, 144, 10986 }, // U+00EA
    { 18, 30, 303, 1, 29, 135, 11130 }, // U+00EB
    { 11, 32, 176, 2, 31, 88, 11265 }, // U+00EC
    { 12, 32, 176, 2, 31, 96, 11353 }, // U+00ED
    { 11, 32, 176, 2, 31, 88, 11449 }, // U+00EE
    { 12, 30, 176, 2, 29, 90, 0 }, // U+00EF
    { 19, 31, 341, 1, 30, 148, 90 }, // U+00F0
    { 20, 30, 365, 2, 29, 150, 238 }, // U+00F1
    { 19, 32, 335, 1, 31, 152, 388 }, // U+00F2
    { 19, 32, 335, 1, 31, 152, 540 }, // U+00F3
    { 19, 32, 335, 1, 31, 152, 692 }, // U+00F4
    { 19, 30, 335, 1, 29, 143, 844 }, // U+00F5
    { 19, 30, 335, 1, 29, 143, 987 }, // U+00F6
    { 18, 20, 403, 4, 23, 90, 1130 }, // U+00F7
    { 22, 28, 349, 0, 24, 154, 1220 }, // U+00F8
    { 20, 32, 365, 1, 31, 160, 1374 }, // U+00F9
    { 20, 32, 365, 1, 31, 160, 1534 }, // U+00FA
    { 20, 32, 365, 1, 31, 160, 1694 }, // U+00FB
    { 20, 30, 365, 1, 29, 150, 1854 }, // U+00FC
    { 25, 40, 312, -3, 31, 250, 2004 }, // U+00FD
    { 24, 39, 344, -3, 30, 234, 2254 }, // U+00FE
    { 25, 38, 312, -3, 29, 238, 2488 }, // U+00FF
    { 26, 32, 407, -2, 32, 208, 0 }, // U+0100
    { 20, 29, 352, 1, 28, 145, 208 }, // U+0101
    { 26, 34, 407, -2, 34, 221, 353 }, // U+0102
    { 20, 31, 352, 1, 30, 155, 574 }, // U+0103
    { 26, 36, 407, -2, 27, 234, 729 }, // U+0104
    { 20, 30, 352, 1, 21, 150, 963 }, // U+0105
    { 22, 36, 372, 2, 35, 198, 1113 }, // U+0106
    { 17, 32, 289, 1, 31, 136, 1311 }, // U+0107
    { 22, 36, 372, 2, 35, 198, 1447 }, // U+0108
    { 18, 32, 289, 1, 31, 144, 1645 }, // U+0109
    { 22, 35, 372, 2, 34, 193, 1789 }, // U+010A
    { 17, 30, 289, 1, 29, 128, 1982 }, // U+010B
    { 22, 36, 372, 2, 35, 198, 2110 }, // U+010C
    { 19, 32, 289, 1, 31, 152, 2308 }, // U+010D
    { 26, 35, 425, 0, 35, 228, 2460 }, // U+010E
    { 27, 31, 353, 1, 30, 210, 2688 }, // U+010F
    { 26, 27, 425, 0, 27, 176, 2898 }, // U+0110
    { 23, 31, 354, 1, 30, 179, 3074 }, // U+0111
    { 23, 32, 362, 0, 32, 184, 3253 }, // U+0112
    { 18, 29, 303, 1, 28, 131, 3437 }, // U+0113
    { 23, 34, 362, 0, 34, 196, 3568 }, // U+0114
    { 18, 31, 303, 1, 30, 140, 3764 }, // U+0115
    { 23, 34, 362, 0, 34, 196, 3904 }, // U+0116
    { 18, 30, 303, 1, 29, 135, 4100 }, // U+0117
    { 23, 36, 362, 0, 27, 207, 4235 }, // U+0118
    { 18, 30, 303, 1, 21, 135, 4442 }, // U+0119
    { 23, 35, 362, 0, 35, 202, 4577 }, // U+011A
    { 19, 32, 303, 1, 31, 152, 4779 }, // U+011B
    { 24, 36, 427, 2, 35, 216, 4931 }, // U+011C
    { 20, 40, 344, 0, 31, 200, 5147 }, // U+011D
    { 24, 35, 427, 2, 34, 210, 5347 }, // U+011E
    { 20, 39, 344, 0, 30, 195, 5557 }, // U+011F
    { 24, 35, 427, 2, 34, 210, 5752 }, // U+0120
    { 20, 38, 344, 0, 29, 190, 5962 }, // U+0121
    { 24, 38, 427, 2, 27, 228, 6152 }, // U+0122
    { 20, 42, 344, 0, 33, 210, 6380 }, // U+0123
    { 30, 35, 461, 0, 35, 263, 6590 }, // U+0124
    { 20, 38, 356, 1, 37, 190, 6853 }, // U+0125
    { 30, 27, 461, 0, 27, 203, 7043 }, // U+0126
    { 20, 31, 356, 1, 30, 155, 7246 }, // U+0127
    { 17, 34, 211, 0, 34, 145, 7401 }, // U+0128
    { 12, 30, 176, 2, 29, 90, 7546 }, // U+0129
    { 16, 32, 211, 0, 32, 128, 7636 }, // U+012A
    { 11, 29, 176, 2, 28, 80, 7764 }, // U+012B
    { 16, 34, 211, 0, 34, 136, 7844 }, // U+012C
    { 12, 31, 176, 2, 30, 93, 7980 }, // U+012D
    { 15, 36, 211, 0, 27, 135, 8073 }, // U+012E
    { 12, 38, 176, -1, 29, 114, 8208 }, // U+012F
    { 15, 34, 211, 0, 34, 128, 8322 }, // U+0130
    { 7, 22, 176, 2, 21, 39, 8450 }, // U+0131
    { 27, 33, 412, 0, 27, 223, 8489 }, // U+0132
    { 20, 38, 346, 2, 29, 190, 8712 }, // U+0133
    { 20, 41, 201, -4, 35, 205, 8902 }, // U+0134
    { 18, 40, 167, -5, 31, 180, 9107 }, // U+0135
    { 27, 38, 415, 0, 27, 257, 9287 }, // U+0136
    { 20, 41, 331, 1, 30, 205, 9544 }, // U+0137
    { 20, 21, 340, 2, 21, 105, 9749 }, // U+0138
    { 19, 35, 322, 0, 35, 167, 9854 }, // U+0139
    { 12, 38, 167, 1, 37, 114, 10021 }, // U+013A
    { 19, 38, 322, 0, 27, 181, 10135 }, // U+013B
    { 11, 41, 167, -1, 30, 113, 10316 }, // U+013C
    { 21, 27, 322, 0, 27, 142, 10429 }, // U+013D
    { 15, 31, 167, 1, 30, 117, 10571 }, // U+013E
    { 20, 27, 322, 0, 27, 135, 10688 }, // U+013F
    { 14, 31, 218, 1, 30, 109, 10823 }, // U+0140
    { 19, 27, 337, 1, 27, 129, 10932 }, // U+0141
    { 12, 31, 194, 1, 30, 93, 11061 }, // U+0142
    { 30, 35, 455, 0, 35, 263, 11154 }, // U+0143
    { 20, 32, 365, 2, 31, 160, 11417 }, // U+0144
    { 30, 38, 455, 0, 27, 285, 0 }, // U+0145
    { 20, 32, 365, 2, 21, 160, 285 }, // U+0146
    { 30, 35, 455, 0, 35, 263, 445 }, // U+0147
    { 20, 32, 365, 2, 31, 160, 708 }, // U+0148
    { 25, 31, 446, 2, 30, 194, 868 }, // U+0149
    { 30, 36, 454, 0, 27, 270, 1062 }, // U+014A
    { 19, 30, 360, 2, 21, 143, 1332 }, // U+014B
    { 24, 33, 434, 2, 32, 198, 1475 }, // U+014C
    { 19, 29, 335, 1, 28, 138, 1673 }, // U+014D
    { 24, 35, 434, 2, 34, 210, 1811 }, // U+014E
    { 19, 31, 335, 1, 30, 148, 2021 }, // U+014F
    { 24, 37, 434, 2, 36, 222, 2169 }, // U+0150
    { 19, 32, 335, 1, 31, 152, 2391 }, // U+0151
    { 33, 28, 551, 2, 27, 231, 2543 }, // U+0152
    { 32, 22, 526, 1, 21, 176, 2774 }, // U+0153
    { 23, 35, 385, 0, 35, 202, 2950 }, // U+0154
    { 15, 31, 250, 2, 31, 117, 3152 }, // U+0155
    { 23, 38, 385, 0, 27, 219, 3269 }, // U+0156
    { 17, 32, 250, 0, 21, 136, 3488 }, // U+0157
    { 23, 35, 385, 0, 35, 202, 3624 }, // U+0158
    { 16, 31, 250, 2, 31, 124, 3826 }, // U+0159
    { 21, 36, 350, 1, 35, 189, 3950 }, // U+015A
    { 18, 32, 298, 0, 31, 144, 4139 }, // U+015B
    { 21, 36, 350, 1, 35, 189, 4283 }, // U+015C
    { 18, 32, 298, 0, 31, 144, 4472 }, // U+015D
    { 21, 36, 350, 1, 27, 189, 4616 }, // U+015E
    { 17, 30, 298, 0, 21, 128, 4805 }, // U+015F
    { 21, 36, 350, 1, 35, 189, 4933 }, // U+0160
    { 19, 32, 298, 0, 31, 152, 5122 }, // U+0161
    { 22, 36, 347, 2, 27, 198, 5274 }, // U+0162
    { 14, 34, 221, 1, 25, 119, 5472 }, // U+0163
    { 22, 35, 347, 2, 35, 193, 5591 }, // U+0164
    { 17, 31, 221, 1, 30, 132, 5784 }, // U+0165
    { 22, 27, 347, 2, 27, 149, 5916 }, // U+0166
    { 15, 26, 221, 0, 25, 98, 6065 }, // U+0167
    { 26, 35, 436, 3, 34, 228, 6163 }, // U+0168
    { 20, 30, 365, 1, 29, 150, 6391 }, // U+0169
    { 26, 33, 436, 3, 32, 215, 6541 }, // U+016A
    { 20, 29, 365, 1, 28, 145, 6756 }, // U+016B
    { 26, 35, 436, 3, 34, 228, 6901 }, // U+016C
    { 20, 31, 365, 1, 30, 155, 7129 }, // U+016D
    { 26, 36, 436, 3, 35, 234, 7284 }, // U+016E
    { 20, 32, 365, 1, 31, 160, 7518 }, // U+016F
    { 26, 37, 436, 3, 36, 241, 7678 }, // U+0170
    { 20, 32, 365, 1, 31, 160, 7919 }, // U+0171
    { 26, 36, 436, 3, 27, 234, 8079 }, // U+0172
    { 20, 30, 365, 1, 21, 150, 8313 }, // U+0173
    { 38, 36, 595, 2, 35, 342, 8463 }, // U+0174
    { 31, 32, 475, 1, 31, 248, 8805 }, // U+0175
    { 24, 35, 377, 2, 35, 210, 9053 }, // U+0176
    { 25, 40, 312, -3, 31, 250, 9263 }, // U+0177
    { 24, 34, 377, 2, 34, 204, 9513 }, // U+0178
    { 23, 35, 357, 0, 35, 202, 9717 }, // U+0179
    { 19, 31, 286, -1, 31, 148, 9919 }, // U+017A
    { 23, 34, 357, 0, 34, 196, 10067 }, // U+017B
    { 19, 29, 286, -1, 29, 138, 10263 }, // U+017C
    { 23, 35, 357, 0, 35, 202, 10401 }, // U+017D
    { 19, 31, 286, -1, 31, 148, 10603 }, // U+017E
    { 24, 40, 226, -5, 30, 240, 10751 }, // U+017F
    { 27, 33, 439, 2, 32, 223, 0 }, // U+01A0
    { 21, 27, 343, 1, 26, 142, 223 }, // U+01A1
    { 27, 33, 441, 3, 32, 223, 365 }, // U+01AF
    { 24, 27, 365, 1, 26, 162, 588 }, // U+01B0
    { 49, 35, 765, 0, 35, 429, 750 }, // U+01C4
    { 45, 31, 711, 0, 31, 349, 1179 }, // U+01C5
    { 40, 32, 639, 1, 31, 320, 1528 }, // U+01C6
    { 34, 33, 517, 0, 27, 281, 1848 }, // U+01C7
    { 31, 38, 490, 0, 29, 295, 2129 }, // U+01C8
    { 20, 39, 337, 1, 30, 195, 2424 }, // U+01C9
    { 43, 33, 656, 0, 27, 355, 2619 }, // U+01CA
    { 39, 38, 622, 0, 29, 371, 2974 }, // U+01CB
    { 31, 38, 532, 2, 29, 295, 3345 }, // U+01CC
    { 26, 35, 407, -2, 35, 228, 3640 }, // U+01CD
    { 20, 32, 352, 1, 31, 160, 3868 }, // U+01CE
    { 17, 35, 211, 0, 35, 149, 4028 }, // U+01CF
    { 12, 32, 176, 2, 31, 96, 4177 }, // U+01D0
    { 24, 36, 434, 2, 35, 216, 4273 }, // U+01D1
    { 19, 32, 335, 1, 31, 152, 4489 }, // U+01D2
    { 26, 36, 436, 3, 35, 234, 4641 }, // U+01D3
    { 20, 32, 365, 1, 31, 160, 4875 }, // U+01D4
    { 26, 38, 436, 3, 37, 247, 5035 }, // U+01D5
    { 20, 33, 365, 1, 32, 165, 5282 }, // U+01D6
    { 26, 39, 436, 3, 38, 254, 5447 }, // U+01D7
    { 20, 34, 365, 1, 33, 170, 5701 }, // U+01D8
    { 26, 39, 436, 3, 38, 254, 5871 }, // U+01D9
    { 20, 34, 365, 1, 33, 170, 6125 }, // U+01DA
    { 26, 39, 436, 3, 38, 254, 6295 }, // U+01DB
    { 20, 34, 365, 1, 33, 170, 6549 }, // U+01DC
    { 24, 36, 427, 2, 35, 216, 6719 }, // U+01E6
    { 20, 40, 344, 0, 31, 200, 6935 }, // U+01E7
    { 24, 36, 434, 2, 27, 216, 7135 }, // U+01EA
    { 19, 30, 335, 1, 21, 143, 7351 }, // U+01EB
    { 49, 27, 765, 0, 27, 331, 7494 }, // U+01F1
    { 45, 27, 711, 0, 27, 304, 7825 }, // U+01F2
    { 39, 31, 639, 1, 30, 303, 8129 }, // U+01F3
    { 26, 42, 407, -2, 42, 273, 8432 }, // U+01FA
    { 20, 37, 352, 1, 36, 185, 8705 }, // U+01FB
    { 37, 35, 550, -2, 35, 324, 8890 }, // U+01FC
    { 30, 32, 481, 0, 31, 240, 9214 }, // U+01FD
    { 26, 38, 440, 1, 35, 247, 9454 }, // U+01FE
    { 22, 35, 349, 0, 31, 193, 9701 }, // U+01FF
    { 26, 36, 407, -2, 36, 234, 9894 }, // U+0200
    { 20, 32, 352, 1, 31, 160, 10128 }, // U+0201
    { 26, 34, 407, -2, 34, 221, 10288 }, // U+0202
    { 20, 30, 352, 1, 29, 150, 10509 }, // U+0203
    { 23, 36, 362, 0, 36, 207, 10659 }, // U+0204
    { 18, 32, 303, 1, 31, 144, 10866 }, // U+0205
    { 23, 34, 362, 0, 34, 196, 11010 }, // U+0206
    { 18, 30, 303, 1, 29, 135, 11206 }, // U+0207
    { 15, 36, 211, 0, 36, 135, 11341 }, // U+0208
    { 12, 32, 176, 1, 31, 96, 11476 }, // U+0209
    { 15, 34, 211, 0, 34, 128, 11572 }, // U+020A
    { 12, 30, 176, 2, 29, 90, 0 }, // U+020B
    { 24, 37, 434, 2, 36, 222, 90 }, // U+020C
    { 19, 32, 335, 1, 31, 152, 312 }, // U+020D
    { 24, 35, 434, 2, 34, 210, 464 }, // U+020E
    { 19, 30, 335, 1, 29, 143, 674 }, // U+020F
    { 23, 36, 385, 0, 36, 207, 817 }, // U+0210
    { 15, 31, 250, 2, 31, 117, 1024 }, // U+0211
    { 23, 34, 385, 0, 34, 196, 1141 }, // U+0212
    { 15, 29, 250, 2, 29, 109, 1337 }, // U+0213
    { 26, 37, 436, 3, 36, 241, 1446 }, // U+0214
    { 20, 32, 365, 1, 31, 160, 1687 }, // U+0215
    { 26, 35, 436, 3, 34, 228, 1847 }, // U+0216
    { 20, 30, 365, 1, 29, 150, 2075 }, // U+0217
    { 21, 38, 350, 1, 27, 200, 2225 }, // U+0218
    { 17, 32, 298, 0, 21, 136, 2425 }, // U+0219
    { 22, 38, 347, 2, 27, 209, 2561 }, // U+021A
    { 14, 36, 221, 1, 25, 126, 2770 }, // U+021B
    { 10, 8, 0, 5, 31, 20, 0 }, // U+0300
    { 10, 8, 0, 3, 31, 20, 20 }, // U+0301
    { 13, 8, 0, 5, 31, 26, 40 }, // U+0302
    { 15, 5, 0, 4, 29, 19, 66 }, // U+0303
    { 12, 3, 0, 4, 28, 9, 85 }, // U+0304
    { 11, 7, 0, 5, 30, 20, 94 }, // U+0306
    { 6, 6, 0, 3, 29, 9, 114 }, // U+0307
    { 12, 6, 0, 5, 29, 18, 123 }, // U+0308
    { 8, 9, 0, 5, 31, 18, 141 }, // U+0309
    { 9, 8, 0, 5, 31, 18, 159 }, // U+030A
    { 12, 8, 0, 4, 31, 24, 177 }, // U+030B
    { 13, 8, 0, 5, 31, 26, 201 }, // U+030C
    { 12, 8, 0, 5, 31, 24, 227 }, // U+030F
    { 11, 6, 0, 4, 29, 17, 251 }, // U+0311
    { 7, 10, 0, 4, 33, 18, 268 }, // U+0312
    { 7, 9, 0, 1, 26, 16, 286 }, // U+031B
    { 5, 6, 0, 0, -2, 8, 302 }, // U+0323
    { 12, 6, 0, 0, -2, 18, 310 }, // U+0324
    { 6, 9, 0, -1, -2, 14, 328 }, // U+0326
    { 10, 9, 0, -1, 0, 23, 342 }, // U+0327
    { 10, 11, 0, -1, 2, 28, 365 }, // U+0328
    { 11, 7, 0, 0, -2, 20, 393 }, // U+032E
    { 11, 3, 0, 0, -3, 9, 413 }, // U+0331
    { 14, 3, 0, 2, 13, 11, 422 }, // U+0335
    { 23, 35, 362, 0, 35, 202, 0 }, // U+0400
    { 23, 34, 362, 0, 34, 196, 202 }, // U+0401
    { 24, 28, 443, 2, 27, 168, 398 }, // U+0402
    { 23, 35, 329, 0, 35, 202, 566 }, // U+0403
    { 23, 28, 384, 2, 27, 161, 768 }, // U+0404
    { 21, 28, 350, 1, 27, 147, 929 }, // U+0405
    { 15, 27, 211, 0, 27, 102, 1076 }, // U+0406
    { 16, 34, 211, 0, 34, 136, 1178 }, // U+0407
    { 18, 33, 201, -4, 27, 149, 1314 }, // U+0408
    { 36, 28, 566, -2, 27, 252, 1463 }, // U+0409
    { 36, 27, 596, 0, 27, 243, 1715 }, // U+040A
    { 26, 27, 473, 2, 27, 176, 1958 }, // U+040B
    { 27, 35, 415, 0, 35, 237, 2134 }, // U+040C
    { 30, 35, 463, 0, 35, 263, 2371 }, // U+040D
    { 26, 35, 398, 2, 34, 228, 2634 }, // U+040E
    { 29, 34, 451, 0, 27, 247, 2862 }, // U+040F
    { 26, 27, 407, -2, 27, 176, 3109 }, // U+0410
    { 22, 27, 370, 0, 27, 149, 3285 }, // U+0411
    { 23, 27, 380, 0, 27, 156, 3434 }, // U+0412
    { 23, 27, 329, 0, 27, 156, 3590 }, // U+0413
    { 29, 34, 410, -3, 27, 247, 3746 }, // U+0414
    { 23, 27, 362, 0, 27, 156, 3993 }, // U+0415
    { 39, 27, 593, -1, 27, 264, 4149 }, // U+0416
    { 20, 28, 343, 0, 27, 140, 4413 }, // U+0417
    { 30, 27, 463, 0, 27, 203, 4553 }, // U+0418
    { 30, 34, 463, 0, 34, 255, 4756 }, // U+0419
    { 27, 27, 415, 0, 27, 183, 5011 }, // U+041A
    { 29, 28, 419, -2, 27, 203, 5194 }, // U+041B
    { 34, 27, 516, 0, 27, 230, 5397 }, // U+041C
    { 30, 27, 461, 0, 27, 203, 5627 }, // U+041D
    { 24, 28, 434, 2, 27, 168, 5830 }, // U+041E
    { 30, 27, 454, 0, 27, 203, 5998 }, // U+041F
    { 23, 27, 352, 0, 27, 156, 6201 }, // U+0420
    { 22, 28, 372, 2, 27, 154, 6357 }, // U+0421
    { 22, 27, 347, 2, 27, 149, 6511 }, // U+0422
    { 26, 28, 398, 2, 27, 182, 6660 }, // U+0423
    { 27, 29, 461, 1, 28, 196, 6842 }, // U+0424
    { 28, 27, 409, -1, 27, 189, 7038 }, // U+0425
    { 30, 34, 458, 0, 27, 255, 7227 }, // U+0426
    { 25, 27, 411, 2, 27, 169, 7482 }, // U+0427
    { 39, 27, 605, 0, 27, 264, 7651 }, // U+0428
    { 39, 34, 611, 0, 27, 332, 7915 }, // U+0429
    { 24, 27, 429, 2, 27, 162, 8247 }, // U+042A
    { 35, 27, 534, 0, 27, 237, 8409 }, // U+042B
    { 21, 27, 360, 0, 27, 142, 8646 }, // U+042C
    { 23, 28, 385, 0, 27, 161, 8788 }, // U+042D
    { 37, 28, 608, 0, 27, 259, 8949 }, // U+042E
    { 26, 27, 378, -1, 27, 176, 9208 }, // U+042F
    { 20, 22, 352, 1, 21, 110, 9384 }, // U+0430
    { 21, 31, 355, 2, 30, 163, 9494 }, // U+0431
    { 18, 22, 327, 1, 21, 99, 9657 }, // U+0432
    { 20, 20, 283, -1, 20, 100, 9756 }, // U+0433
    { 20, 31, 355, 1, 30, 155, 9856 }, // U+0434
    { 18, 22, 303, 1, 21, 99, 10011 }, // U+0435
    { 36, 22, 548, -1, 21, 198, 10110 }, // U+0436
    { 17, 22, 290, 0, 21, 94, 10308 }, // U+0437
    { 20, 22, 365, 1, 21, 110, 10402 }, // U+0438
    { 20, 31, 365, 1, 30, 155, 10512 }, // U+0439
    { 20, 21, 340, 2, 21, 105, 10667 }, // U+043A
    { 22, 21, 338, -2, 20, 116, 10772 }, // U+043B
    { 29, 22, 451, -2, 21, 160, 10888 }, // U+043C
    { 20, 22, 374, 2, 21, 110, 11048 }, // U+043D
    { 19, 22, 335, 1, 21, 105, 11158 }, // U+043E
    { 26, 21, 383, -1, 20, 137, 11263 }, // U+043F
    { 24, 30, 353, -3, 21, 180, 11400 }, // U+0440
    { 17, 22, 289, 1, 21, 94, 0 }, // U+0441
    { 31, 22, 544, 2, 21, 171, 94 }, // U+0442
    { 25, 30, 312, -3, 21, 188, 265 }, // U+0443
    { 24, 39, 418, 1, 30, 234, 453 }, // U+0444
    { 23, 21, 324, -2, 21, 121, 687 }, // U+0445
    { 21, 28, 377, 1, 21, 147, 808 }, // U+0446
    { 19, 22, 344, 1, 21, 105, 955 }, // U+0447
    { 31, 22, 560, 1, 21, 171, 1060 }, // U+0448
    { 32, 28, 559, 1, 21, 224, 1231 }, // U+0449
    { 20, 20, 357, 1, 20, 100, 1455 }, // U+044A
    { 25, 22, 460, 2, 21, 138, 1555 }, // U+044B
    { 16, 21, 304, 2, 21, 84, 1693 }, // U+044C
    { 18, 22, 304, 0, 21, 99, 1777 }, // U+044D
    { 27, 22, 489, 2, 21, 149, 1876 }, // U+044E
    { 19, 22, 319, -1, 21, 105, 2025 }, // U+044F
    { 18, 32, 303, 1, 31, 144, 2130 }, // U+0450
    { 18, 30, 303, 1, 29, 135, 2274 }, // U+0451
    { 19, 39, 340, 1, 30, 186, 2409 }, // U+0452
    { 20, 31, 283, -1, 31, 155, 2595 }, // U+0453
    { 18, 22, 296, 1, 21, 99, 2750 }, // U+0454
    { 17, 22, 298, 0, 21, 94, 2849 }, // U+0455
    { 9, 30, 176, 2, 29, 68, 2943 }, // U+0456
    { 12, 30, 176, 2, 29, 90, 3011 }, // U+0457
    { 16, 38, 167, -5, 29, 152, 3101 }, // U+0458
    { 30, 21, 458, -2, 20, 158, 3253 }, // U+0459
    { 28, 22, 491, 2, 21, 154, 3411 }, // U+045A
    { 20, 31, 356, 1, 30, 155, 3565 }, // U+045B
    { 20, 31, 340, 2, 31, 155, 3720 }, // U+045C
    { 20, 32, 365, 1, 31, 160, 3875 }, // U+045D
    { 25, 39, 312, -3, 30, 244, 4035 }, // U+045E
    { 20, 30, 365, 1, 21, 150, 4279 }, // U+045F
    { 23, 27, 422, 2, 27, 156, 4429 }, // U+0462
    { 26, 22, 461, 2, 21, 143, 4585 }, // U+0463
    { 37, 27, 582, -2, 27, 250, 4728 }, // U+046A
    { 31, 20, 468, -2, 20, 155, 4978 }, // U+046B
    { 24, 28, 438, 2, 27, 168, 5133 }, // U+0472
    { 19, 22, 334, 1, 21, 105, 5301 }, // U+0473
    { 28, 28, 430, 2, 27, 196, 5406 }, // U+0474
    { 23, 22, 343, 1, 21, 127, 5602 }, // U+0475
    { 28, 37, 430, 2, 36, 259, 5729 }, // U+0476
    { 23, 32, 343, 1, 31, 184, 5988 }, // U+0477
    { 30, 34, 467, 0, 27, 255, 6172 }, // U+048A
    { 21, 37, 370, 1, 30, 195, 6427 }, // U+048B
    { 22, 27, 367, 0, 27, 149, 6622 }, // U+048C
    { 16, 30, 304, 2, 30, 120, 6771 }, // U+048D
    { 23, 27, 352, 0, 27, 156, 6891 }, // U+048E
    { 24, 30, 355, -3, 21, 180, 7047 }, // U+048F
    { 23, 33, 312, 0, 33, 190, 7227 }, // U+0490
    { 24, 33, 263, -5, 24, 198, 7417 }, // U+0491
    { 23, 27, 329, 0, 27, 156, 7615 }, // U+0492
    { 19, 20, 291, 1, 20, 95, 7771 }, // U+0493
    { 22, 30, 383, 0, 27, 165, 7866 }, // U+0494
    { 17, 29, 329, 2, 20, 124, 8031 }, // U+0495
    { 39, 34, 603, -1, 27, 332, 8155 }, // U+0496
    { 36, 28, 552, -1, 21, 252, 8487 }, // U+0497
    { 20, 34, 343, 0, 27, 170, 8739 }, // U+0498
    { 17, 28, 290, 0, 21, 119, 8909 }, // U+0499
    { 27, 34, 427, 0, 27, 230, 9028 }, // U+049A
    { 21, 27, 351, 1, 20, 142, 9258 }, // U+049B
    { 28, 27, 436, 0, 27, 189, 9400 }, // U+049C
    { 21, 21, 362, 2, 21, 111, 9589 }, // U+049D
    { 28, 27, 422, 0, 27, 189, 9700 }, // U+049E
    { 21, 30, 334, 1, 30, 158, 9889 }, // U+049F
    { 27, 27, 415, 0, 27, 183, 10047 }, // U+04A0
    { 25, 21, 398, 1, 21, 132, 10230 }, // U+04A1
    { 30, 34, 466, 0, 27, 255, 10362 }, // U+04A2
    { 21, 28, 385, 2, 21, 147, 10617 }, // U+04A3
    { 37, 27, 565, 0, 27, 250, 10764 }, // U+04A4
    { 29, 21, 480, 2, 20, 153, 11014 }, // U+04A5
    { 36, 32, 599, 0, 27, 288, 11167 }, // U+04A6
    { 28, 30, 509, 2, 21, 210, 11455 }, // U+04A7
    { 28, 28, 506, 2, 27, 196, 0 }, // U+04A8
    { 23, 22, 419, 1, 21, 127, 196 }, // U+04A9
    { 22, 34, 376, 2, 27, 187, 323 }, // U+04AA
    { 17, 28, 290, 1, 21, 119, 510 }, // U+04AB
    { 22, 34, 347, 2, 27, 187, 629 }, // U+04AC
    { 32, 28, 566, 2, 21, 224, 816 }, // U+04AD
    { 24, 27, 377, 2, 27, 162, 1040 }, // U+04AE
    { 21, 30, 318, 1, 21, 158, 1202 }, // U+04AF
    { 24, 27, 375, 2, 27, 162, 1360 }, // U+04B0
    { 21, 30, 320, 1, 21, 158, 1522 }, // U+04B1
    { 28, 34, 422, -1, 27, 238, 1680 }, // U+04B2
    { 23, 28, 332, -2, 21, 161, 1918 }, // U+04B3
    { 32, 34, 533, 2, 27, 272, 2079 }, // U+04B4
    { 25, 27, 442, 1, 20, 169, 2351 }, // U+04B5
    { 25, 34, 409, 2, 27, 213, 2520 }, // U+04B6
    { 20, 28, 356, 1, 21, 140, 2733 }, // U+04B7
    { 25, 27, 415, 2, 27, 169, 2873 }, // U+04B8
    { 19, 21, 349, 1, 20, 100, 3042 }, // U+04B9
    { 24, 27, 406, 0, 27, 162, 3142 }, // U+04BA
    { 20, 31, 356, 1, 30, 155, 3304 }, // U+04BB
    { 29, 28, 484, 1, 27, 203, 3459 }, // U+04BC
    { 22, 22, 373, 1, 21, 121, 3662 }, // U+04BD
    { 29, 34, 489, 1, 27, 247, 3783 }, // U+04BE
    { 22, 28, 373, 1, 21, 154, 4030 }, // U+04BF
    { 15, 27, 211, 0, 27, 102, 4184 }, // U+04C0
    { 39, 34, 593, -1, 34, 332, 4286 }, // U+04C1
    { 36, 31, 548, -1, 30, 279, 4618 }, // U+04C2
    { 27, 37, 404, 0, 27, 250, 4897 }, // U+04C3
    { 20, 30, 338, 2, 21, 150, 5147 }, // U+04C4
    { 29, 34, 421, -2, 27, 247, 5297 }, // U+04C5
    { 22, 27, 338, -2, 20, 149, 5544 }, // U+04C6
    { 30, 36, 454, 0, 27, 270, 5693 }, // U+04C7
    { 20, 30, 366, 2, 21, 150, 5963 }, // U+04C8
    { 30, 34, 465, 0, 27, 255, 6113 }, // U+04C9
    { 21, 28, 374, 2, 21, 147, 6368 }, // U+04CA
    { 25, 34, 407, 2, 27, 213, 6515 }, // U+04CB
    { 19, 28, 344, 1, 21, 133, 6728 }, // U+04CC
    { 34, 34, 521, 0, 27, 289, 6861 }, // U+04CD
    { 29, 28, 451, -2, 21, 203, 7150 }, // U+04CE
    { 9, 31, 167, 1, 30, 70, 7353 }, // U+04CF
    { 26, 34, 407, -2, 34, 221, 7423 }, // U+04D0
    { 20, 31, 352, 1, 30, 155, 7644 }, // U+04D1
    { 26, 34, 407, -2, 34, 221, 7799 }, // U+04D2
    { 20, 30, 352, 1, 29, 150, 8020 }, // U+04D3
    { 37, 27, 550, -2, 27, 250, 8170 }, // U+04D4
    { 30, 22, 481, 0, 21, 165, 8420 }, // U+04D5
    { 23, 34, 362, 0, 34, 196, 8585 }, // U+04D6
    { 19, 31, 303, 1, 30, 148, 8781 }, // U+04D7
    { 22, 28, 401, 2, 27, 154, 8929 }, // U+04D8
    { 18, 22, 304, 0, 21, 99, 9083 }, // U+04D9
    { 22, 35, 407, 2, 34, 193, 9182 }, // U+04DA
    { 18, 30, 303, 0, 29, 135, 9375 }, // U+04DB
    { 39, 34, 593, -1, 34, 332, 9510 }, // U+04DC
    { 36, 30, 548, -1, 29, 270, 9842 }, // U+04DD
    { 20, 35, 343, 0, 34, 175, 10112 }, // U+04DE
    { 17, 30, 290, 0, 29, 128, 10287 }, // U+04DF
    { 21, 28, 334, 0, 27, 147, 10415 }, // U+04E0
    { 21, 29, 284, -3, 20, 153, 10562 }, // U+04E1
    { 30, 32, 463, 0, 32, 240, 10715 }, // U+04E2
    { 20, 29, 365, 1, 28, 145, 10955 }, // U+04E3
    { 30, 34, 463, 0, 34, 255, 11100 }, // U+04E4
    { 20, 30, 365, 1, 29, 150, 11355 }, // U+04E5
    { 24, 35, 434, 2, 34, 210, 0 }, // U+04E6
    { 19, 30, 335, 1, 29, 143, 210 }, // U+04E7
    { 24, 28, 438, 2, 27, 168, 353 }, // U+04E8
    { 19, 22, 334, 1, 21, 105, 521 }, // U+04E9
    { 24, 35, 438, 2, 34, 210, 626 }, // U+04EA
    { 19, 30, 334, 1, 29, 143, 836 }, // U+04EB
    { 23, 35, 385, 0, 34, 202, 979 }, // U+04EC
    { 18, 30, 304, 0, 29, 135, 1181 }, // U+04ED
    { 26, 33, 398, 2, 32, 215, 1316 }, // U+04EE
    { 25, 37, 312, -3, 28, 232, 1531 }, // U+04EF
    { 26, 35, 398, 2, 34, 228, 1763 }, // U+04F0
    { 25, 38, 312, -3, 29, 238, 1991 }, // U+04F1
    { 26, 37, 398, 2, 36, 241, 2229 }, // U+04F2
    { 25, 40, 312, -3, 31, 250, 2470 }, // U+04F3
    { 25, 34, 411, 2, 34, 213, 2720 }, // U+04F4
    { 19, 30, 344, 1, 29, 143, 2933 }, // U+04F5
    { 23, 34, 329, 0, 27, 196, 3076 }, // U+04F6
    { 17, 28, 287, 1, 21, 119, 3272 }, // U+04F7
    { 35, 34, 534, 0, 34, 298, 3391 }, // U+04F8
    { 25, 30, 460, 2, 29, 188, 3689 }, // U+04F9
    { 23, 36, 336, 0, 27, 207, 3877 }, // U+04FA
    { 20, 29, 291, 0, 20, 145, 4084 }, // U+04FB
    { 28, 37, 401, -1, 27, 259, 4229 }, // U+04FC
    { 23, 30, 312, -2, 21, 173, 4488 }, // U+04FD
    { 28, 27, 409, -1, 27, 189, 4661 }, // U+04FE
    { 24, 21, 328, -2, 21, 126, 4850 }, // U+04FF
    { 26, 35, 407, -2, 27, 228, 0 }, // U+1EA0
    { 20, 29, 352, 1, 21, 145, 228 }, // U+1EA1
    { 26, 36, 407, -2, 36, 234, 373 }, // U+1EA2
    { 20, 32, 352, 1, 31, 160, 607 }, // U+1EA3
    { 30, 38, 407, -2, 38, 285, 767 }, // U+1EA4
    { 23, 35, 352, 1, 34, 202, 1052 }, // U+1EA5
    { 27, 39, 407, -2, 39, 264, 1254 }, // U+1EA6
    { 20, 35, 352, 1, 34, 175, 1518 }, // U+1EA7
    { 29, 41, 407, -2, 41, 298, 1693 }, // U+1EA8
    { 23, 36, 352, 1, 35, 207, 1991 }, // U+1EA9
    { 26, 39, 407, -2, 39, 254, 2198 }, // U+1EAA
    { 20, 35, 352, 1, 34, 175, 2452 }, // U+1EAB
    { 26, 43, 407, -2, 35, 280, 2627 }, // U+1EAC
    { 20, 39, 352, 1, 31, 195, 2907 }, // U+1EAD
    { 26, 40, 407, -2, 40, 260, 3102 }, // U+1EAE
    { 20, 35, 352, 1, 34, 175, 3362 }, // U+1EAF
    { 26, 40, 407, -2, 40, 260, 3537 }, // U+1EB0
    { 20, 35, 352, 1, 34, 175, 3797 }, // U+1EB1
    { 26, 40, 407, -2, 40, 260, 3972 }, // U+1EB2
    { 20, 36, 352, 1, 35, 180, 4232 }, // U+1EB3
    { 26, 39, 407, -2, 39, 254, 4412 }, // U+1EB4
    { 20, 35, 352, 1, 34, 175, 4666 }, // U+1EB5
    { 26, 42, 407, -2, 34, 273, 4841 }, // U+1EB6
    { 20, 38, 352, 1, 30, 190, 5114 }, // U+1EB7
    { 23, 35, 362, 0, 27, 202, 5304 }, // U+1EB8
    { 18, 29, 303, 1, 21, 131, 5506 }, // U+1EB9
    { 23, 36, 362, 0, 36, 207, 5637 }, // U+1EBA
    { 18, 32, 303, 1, 31, 144, 5844 }, // U+1EBB
    { 23, 34, 362, 0, 34, 196, 5988 }, // U+1EBC
    { 19, 30, 303, 1, 29, 143, 6184 }, // U+1EBD
    { 26, 38, 362, 0, 38, 247, 6327 }, // U+1EBE
    { 22, 35, 303, 1, 34, 193, 6574 }, // U+1EBF
    { 23, 39, 362, 0, 39, 225, 6767 }, // U+1EC0
    { 20, 35, 303, 1, 34, 175, 6992 }, // U+1EC1
    { 25, 41, 362, 0, 41, 257, 7167 }, // U+1EC2
    { 22, 36, 303, 1, 35, 198, 7424 }, // U+1EC3
    { 23, 39, 362, 0, 39, 225, 7622 }, // U+1EC4
    { 19, 35, 303, 1, 34, 167, 7847 }, // U+1EC5
    { 23, 43, 362, 0, 35, 248, 8014 }, // U+1EC6
    { 18, 39, 303, 1, 31, 176, 8262 }, // U+1EC7
    { 15, 36, 211, 0, 36, 135, 8438 }, // U+1EC8
    { 11, 32, 176, 2, 31, 88, 8573 }, // U+1EC9
    { 15, 35, 211, 0, 27, 132, 8661 }, // U+1ECA
    { 11, 37, 176, 0, 29, 102, 8793 }, // U+1ECB
    { 24, 35, 434, 2, 27, 210, 8895 }, // U+1ECC
    { 19, 29, 335, 1, 21, 138, 9105 }, // U+1ECD
    { 24, 37, 434, 2, 36, 222, 9243 }, // U+1ECE
    { 19, 32, 335, 1, 31, 152, 9465 }, // U+1ECF
    { 27, 39, 434, 2, 38, 264, 9617 }, // U+1ED0
    { 23, 35, 335, 1, 34, 202, 9881 }, // U+1ED1
    { 24, 40, 434, 2, 39, 240, 10083 }, // U+1ED2
    { 20, 35, 335, 1, 34, 175, 10323 }, // U+1ED3
    { 26, 42, 434, 2, 41, 273, 10498 }, // U+1ED4
    { 23, 36, 335, 1, 35, 207, 10771 }, // U+1ED5
    { 24, 40, 434, 2, 39, 240, 10978 }, // U+1ED6
    { 20, 35, 335, 1, 34, 175, 11218 }, // U+1ED7
    { 24, 43, 434, 2, 35, 258, 11393 }, // U+1ED8
    { 19, 39, 335, 1, 31, 186, 0 }, // U+1ED9
    { 27, 36, 439, 2, 35, 243, 186 }, // U+1EDA
    { 21, 32, 343, 1, 31, 168, 429 }, // U+1EDB
    { 27, 36, 439, 2, 35, 243, 597 }, // U+1EDC
    { 21, 32, 343, 1, 31, 168, 840 }, // U+1EDD
    { 27, 37, 439, 2, 36, 250, 1008 }, // U+1EDE
    { 21, 32, 343, 1, 31, 168, 1258 }, // U+1EDF
    { 27, 35, 439, 2, 34, 237, 1426 }, // U+1EE0
    { 21, 30, 343, 1, 29, 158, 1663 }, // U+1EE1
    { 27, 40, 439, 2, 32, 270, 1821 }, // U+1EE2
    { 21, 34, 343, 1, 26, 179, 2091 }, // U+1EE3
    { 26, 35, 436, 3, 27, 228, 2270 }, // U+1EE4
    { 20, 29, 365, 1, 21, 145, 2498 }, // U+1EE5
    { 26, 37, 436, 3, 36, 241, 2643 }, // U+1EE6
    { 20, 32, 365, 1, 31, 160, 2884 }, // U+1EE7
    { 27, 36, 441, 3, 35, 243, 3044 }, // U+1EE8
    { 24, 32, 365, 1, 31, 192, 3287 }, // U+1EE9
    { 27, 36, 441, 3, 35, 243, 3479 }, // U+1EEA
    { 24, 32, 365, 1, 31, 192, 3722 }, // U+1EEB
    { 27, 37, 441, 3, 36, 250, 3914 }, // U+1EEC
    { 24, 32, 365, 1, 31, 192, 4164 }, // U+1EED
    { 27, 35, 441, 3, 34, 237, 4356 }, // U+1EEE
    { 24, 30, 365, 1, 29, 180, 4593 }, // U+1EEF
    { 27, 40, 441, 3, 32, 270, 4773 }, // U+1EF0
    { 24, 34, 365, 1, 26, 204, 5043 }, // U+1EF1
    { 24, 35, 377, 2, 35, 210, 5247 }, // U+1EF2
    { 25, 40, 312, -3, 31, 250, 5457 }, // U+1EF3
    { 24, 35, 377, 2, 27, 210, 5707 }, // U+1EF4
    { 25, 30, 312, -3, 21, 188, 5917 }, // U+1EF5
    { 24, 36, 377, 2, 36, 216, 6105 }, // U+1EF6
    { 25, 40, 312, -3, 31, 250, 6321 }, // U+1EF7
    { 24, 34, 377, 2, 34, 204, 6571 }, // U+1EF8
    { 25, 38, 312, -3, 29, 238, 6775 }, // U+1EF9
    { 0, 0, 300, 0, 0, 0, 0 }, // U+2007
    { 0, 0, 137, 0, 0, 0, 0 }, // U+2008
    { 0, 0, 56, 0, 0, 0, 0 }, // U+2009
    { 0, 0, 60, 0, 0, 0, 0 }, // U+200A
    { 0, 0, 0, 0, 0, 0, 0 }, // U+200B
    { 12, 4, 242, 2, 13, 12, 0 }, // U+2010
    { 20, 3, 376, 2, 15, 15, 12 }, // U+2012
    { 18, 4, 349, 2, 13, 18, 27 }, // U+2013
    { 27, 4, 491, 2, 13, 27, 45 }, // U+2014
    { 27, 4, 491, 2, 13, 27, 72 }, // U+2015
    { 20, 9, 284, -4, -2, 45, 99 }, // U+2017
    { 6, 11, 117, 3, 30, 17, 144 }, // U+2018
    { 7, 10, 117, 2, 30, 18, 161 }, // U+2019
    { 7, 10, 117, -2, 4, 18, 179 }, // U+201A
    { 7, 11, 151, 3, 30, 20, 197 }, // U+201B
    { 13, 10, 217, 3, 30, 33, 217 }, // U+201C
    { 14, 10, 217, 2, 30, 35, 250 }, // U+201D
    { 14, 10, 217, -2, 4, 35, 285 }, // U+201E
    { 17, 29, 272, 1, 26, 124, 320 }, // U+2020
    { 17, 29, 272, 1, 26, 124, 444 }, // U+2021
    { 11, 11, 230, 2, 17, 31, 568 }, // U+2022
    { 16, 6, 361, 2, 5, 24, 599 }, // U+2025
    { 24, 6, 428, 0, 5, 36, 623 }, // U+2026
    { 40, 28, 718, 3, 27, 280, 659 }, // U+2030
    { 8, 10, 173, 4, 29, 20, 939 }, // U+2032
    { 13, 10, 265, 4, 29, 33, 959 }, // U+2033
    { 10, 17, 174, 1, 19, 43, 992 }, // U+2039
    { 10, 17, 175, 0, 19, 43, 1035 }, // U+203A
    { 17, 28, 317, 2, 27, 119, 1078 }, // U+203C
    { 14, 3, 247, 2, 25, 11, 1197 }, // U+203E
    { 23, 28, 136, -7, 27, 161, 1208 }, // U+2044
    { 14, 18, 262, 3, 30, 63, 0 }, // U+2070
    { 13, 17, 213, 1, 30, 56, 63 }, // U+2074
    { 13, 17, 218, 2, 29, 56, 119 }, // U+2075
    { 13, 18, 234, 3, 30, 59, 175 }, // U+2076
    { 13, 16, 192, 2, 29, 52, 234 }, // U+2077
    { 14, 18, 242, 2, 30, 63, 286 }, // U+2078
    { 13, 18, 234, 2, 30, 59, 349 }, // U+2079
    { 16, 15, 286, 2, 27, 60, 408 }, // U+207F
    { 14, 18, 262, 0, 14, 63, 468 }, // U+2080
    { 9, 17, 164, -1, 14, 39, 531 }, // U+2081
    { 13, 17, 217, -1, 14, 56, 570 }, // U+2082
    { 13, 18, 228, -1, 14, 59, 626 }, // U+2083
    { 13, 17, 218, -1, 14, 56, 685 }, // U+2084
    { 13, 17, 218, -1, 13, 56, 741 }, // U+2085
    { 13, 18, 234, 0, 14, 59, 797 }, // U+2086
    { 12, 16, 192, 0, 13, 48, 856 }, // U+2087
    { 13, 18, 242, 0, 14, 59, 904 }, // U+2088
    { 13, 18, 234, 0, 14, 59, 963 }, // U+2089
    { 23, 38, 403, 2, 32, 219, 0 }, // U+20A1
    { 23, 27, 373, 1, 27, 156, 219 }, // U+20A3
    { 23, 27, 398, 1, 27, 156, 375 }, // U+20A4
    { 31, 27, 539, 2, 27, 210, 531 }, // U+20A6
    { 26, 27, 427, 1, 27, 176, 741 }, // U+20A7
    { 39, 28, 661, 3, 27, 273, 917 }, // U+20A9
    { 25, 35, 353, -1, 30, 219, 1190 }, // U+20AB
    { 24, 28, 430, 2, 27, 168, 1409 }, // U+20AC
    { 28, 27, 464, 1, 27, 189, 1577 }, // U+20AD
    { 21, 27, 392, 4, 27, 142, 1766 }, // U+20AE
    { 25, 27, 438, 2, 27, 169, 1908 }, // U+20B1
    { 25, 38, 443, 2, 32, 238, 2077 }, // U+20B2
    { 20, 28, 407, 3, 27, 140, 2315 }, // U+20B4
    { 23, 38, 402, 2, 32, 219, 2455 }, // U+20B5
    { 23, 27, 348, 1, 27, 156, 2674 }, // U+20B8
    { 21, 27, 374, 3, 27, 142, 2830 }, // U+20B9
    { 21, 27, 396, 2, 27, 142, 2972 }, // U+20BA
    { 32, 31, 558, 0, 31, 248, 3114 }, // U+20BC
    { 23, 27, 382, 2, 27, 156, 3362 }, // U+20BD
    { 27, 25, 438, 2, 25, 169, 0 }, // U+2190
    { 25, 27, 401, 1, 27, 169, 169 }, // U+2191
    { 27, 25, 452, 1, 25, 169, 338 }, // U+2192
    { 24, 27, 387, 1, 27, 162, 507 }, // U+2193
    { 37, 25, 615, 1, 25, 232, 669 }, // U+2194
    { 27, 38, 417, 0, 32, 257, 901 }, // U+2195
    { 28, 40, 431, -1, 32, 280, 1158 }, // U+21A8
    { 19, 30, 353, 1, 29, 143, 0 }, // U+2202
    { 28, 29, 517, 3, 28, 203, 143 }, // U+2205
    { 23, 27, 391, -1, 27, 156, 346 }, // U+2206
    { 31, 36, 450, -2, 27, 279, 502 }, // U+220F
    { 25, 36, 336, -3, 27, 225, 781 }, // U+2211
    { 18, 4, 403, 4, 15, 18, 1006 }, // U+2212
    { 23, 28, 113, -7, 27, 161, 1024 }, // U+2215
    { 5, 6, 148, 2, 15, 8, 1185 }, // U+2219
    { 31, 34, 392, 0, 33, 264, 1193 }, // U+221A
    { 31, 16, 581, 3, 21, 124, 1457 }, // U+221E
    { 20, 20, 403, 3, 20, 100, 1581 }, // U+221F
    { 22, 27, 415, 2, 27, 149, 1681 }, // U+2229
    { 25, 43, 269, -5, 33, 269, 1830 }, // U+222B
    { 21, 15, 387, 2, 21, 79, 2099 }, // U+2248
    { 19, 22, 403, 4, 24, 105, 2178 }, // U+2260
    { 20, 16, 403, 3, 21, 80, 2283 }, // U+2261
    { 20, 22, 350, 1, 23, 110, 2363 }, // U+2264
    { 20, 22, 350, 1, 23, 110, 2473 }, // U+2265
    { 27, 39, 362, -5, 30, 264, 0 }, // U+FB01
    { 28, 40, 365, -5, 30, 280, 264 }, // U+FB02
};

static const EpdUnicodeInterval bitter_18_italicIntervals[] = {
    { 0x0, 0x0, 0x0 },
    { 0xD, 0xD, 0x1 },
    { 0x20, 0x7E, 0x2 },
    { 0xA0, 0xAC, 0x61 },
    { 0xAE, 0x17F, 0x6E },
    { 0x1A0, 0x1A1, 0x140 },
    { 0x1AF, 0x1B0, 0x142 },
    { 0x1C4, 0x1DC, 0x144 },
    { 0x1E6, 0x1E7, 0x15D },
    { 0x1EA, 0x1EB, 0x15F },
    { 0x1F1, 0x1F3, 0x161 },
    { 0x1FA, 0x21B, 0x164 },
    { 0x300, 0x304, 0x186 },
    { 0x306, 0x30C, 0x18B },
    { 0x30F, 0x30F, 0x192 },
    { 0x311, 0x312, 0x193 },
    { 0x31B, 0x31B, 0x195 },
    { 0x323, 0x324, 0x196 },
    { 0x326, 0x328, 0x198 },
    { 0x32E, 0x32E, 0x19B },
    { 0x331, 0x331, 0x19C },
    { 0x335, 0x335, 0x19D },
    { 0x400, 0x45F, 0x19E },
    { 0x462, 0x463, 0x1FE },
    { 0x46A, 0x46B, 0x200 },
    { 0x472, 0x477, 0x202 },
    { 0x48A, 0x4FF, 0x208 },
    { 0x1EA0, 0x1EF9, 0x27E },
    { 0x2007, 0x200B, 0x2D8 },
    { 0x2010, 0x2010, 0x2DD },
    { 0x2012, 0x2015, 0x2DE },
    { 0x2017, 0x201E, 0x2E2 },
    { 0x2020, 0x2022, 0x2EA },
    { 0x2025, 0x2026, 0x2ED },
    { 0x2030, 0x2030, 0x2EF },
    { 0x2032, 0x2033, 0x2F0 },
    { 0x2039, 0x203A, 0x2F2 },
    { 0x203C, 0x203C, 0x2F4 },
    { 0x203E, 0x203E, 0x2F5 },
    { 0x2044, 0x2044, 0x2F6 },
    { 0x2070, 0x2070, 0x2F7 },
    { 0x2074, 0x2079, 0x2F8 },
    { 0x207F, 0x2089, 0x2FE },
    { 0x20A1, 0x20A1, 0x309 },
    { 0x20A3, 0x20A4, 0x30A },
    { 0x20A6, 0x20A7, 0x30C },
    { 0x20A9, 0x20A9, 0x30E },
    { 0x20AB, 0x20AE, 0x30F },
    { 0x20B1, 0x20B2, 0x313 },
    { 0x20B4, 0x20B5, 0x315 },
    { 0x20B8, 0x20BA, 0x317 },
    { 0x20BC, 0x20BD, 0x31A },
    { 0x2190, 0x2195, 0x31C },
    { 0x21A8, 0x21A8, 0x322 },
    { 0x2202, 0x2202, 0x323 },
    { 0x2205, 0x2206, 0x324 },
    { 0x220F, 0x220F, 0x326 },
    { 0x2211, 0x2212, 0x327 },
    { 0x2215, 0x2215, 0x329 },
    { 0x2219, 0x221A, 0x32A },
    { 0x221E, 0x221F, 0x32C },
    { 0x2229, 0x2229, 0x32E },
    { 0x222B, 0x222B, 0x32F },
    { 0x2248, 0x2248, 0x330 },
    { 0x2260, 0x2261, 0x331 },
    { 0x2264, 0x2265, 0x333 },
    { 0xFB01, 0xFB02, 0x335 },
};

static const EpdFontGroup bitter_18_italicGroups[] = {
    { 0, 5211, 12099, 91, 0 },
    { 5211, 363, 738, 6, 91 },
    { 5574, 3906, 12234, 78, 97 },
    { 9480, 918, 2853, 17, 175 },
    { 10398, 3164, 12134, 69, 192 },
    { 13562, 3075, 11643, 59, 261 },
    { 16637, 3654, 12234, 53, 320 },
    { 20291, 1114, 3066, 17, 373 },
    { 21405, 347, 488, 24, 390 },
    { 21752, 4394, 12179, 65, 414 },
    { 26146, 4852, 12275, 71, 479 },
    { 30998, 4468, 12209, 62, 550 },
    { 35466, 1760, 5261, 26, 612 },
    { 37226, 2381, 12198, 57, 638 },
    { 39607, 1383, 7376, 33, 695 },
    { 40990, 718, 1497, 31, 728 },
    { 41708, 658, 1211, 18, 759 },
    { 42366, 1660, 3720, 19, 777 },
    { 44026, 600, 1497, 7, 796 },
    { 44626, 1194, 2718, 18, 803 },
    { 45820, 253, 553, 2, 821 },
};

static const EpdKernClassEntry bitter_18_italicKernLeftClasses[] = {
    { 0x0021, 1 }, // !
    { 0x0022, 2 }, // "
    { 0x0024, 3 }, // $
    { 0x0026, 4 }, // &
    { 0x0027, 2 }, // '
    { 0x0028, 5 }, // (
    { 0x002C, 6 }, // ,
    { 0x002D, 7 }, // -
    { 0x002E, 6 }, // .
    { 0x002F, 8 }, // /
    { 0x0030, 9 }, // 0
    { 0x0031, 10 }, // 1
    { 0x0032, 11 }, // 2
    { 0x0033, 12 }, // 3
    { 0x0034, 13 }, // 4
    { 0x0035, 14 }, // 5
    { 0x0036, 15 }, // 6
    { 0x0037, 16 }, // 7
    { 0x0038, 17 }, // 8
    { 0x0039, 18 }, // 9
    { 0x003A, 19 }, // :
    { 0x003B, 19 }, // ;
    { 0x003F, 20 }, // ?
    { 0x0040, 21 }, // @
    { 0x0041, 22 }, // A
    { 0x0042, 23 }, // B
    { 0x0043, 24 }, // C
    { 0x0044, 21 }, // D
    { 0x0045, 25 }, // E
    { 0x0046, 26 }, // F
    { 0x0047, 27 }, // G
    { 0x0048, 28 }, // H
    { 0x0049, 28 }, // I
    { 0x004A, 29 }, // J
    { 0x004B, 30 }, // K
    { 0x004C, 31 }, // L
    { 0x004D, 28 }, // M
    { 0x004E, 28 }, // N
    { 0x004F, 21 }, // O
    { 0x0050, 32 }, // P
    { 0x0051, 33 }, // Q
    { 0x0052, 34 }, // R
    { 0x0053, 3 }, // S
    { 0x0054, 35 }, // T
    { 0x0055, 29 }, // U
    { 0x0056, 36 }, // V
    { 0x0057, 36 }, // W
    { 0x0058, 30 }, // X
    { 0x0059, 37 }, // Y
    { 0x005A, 38 }, // Z
    { 0x005B, 39 }, // [
    { 0x005C, 40 }, // <backslash>
    { 0x005F, 41 }, // _
    { 0x0061, 42 }, // a
    { 0x0062, 43 }, // b
    { 0x0063, 44 }, // c
    { 0x0064, 45 }, // d
    { 0x0065, 46 }, // e
    { 0x0066, 47 }, // f
    { 0x0067, 48 }, // g
    { 0x0068, 42 }, // h
    { 0x0069, 45 }, // i
    { 0x006A, 48 }, // j
    { 0x006B, 49 }, // k
    { 0x006C, 45 }, // l
    { 0x006D, 42 }, // m
    { 0x006E, 42 }, // n
    { 0x006F, 43 }, // o
    { 0x0070, 43 }, // p
    { 0x0071, 50 }, // q
    { 0x0072, 51 }, // r
    { 0x0073, 52 }, // s
    { 0x0074, 53 }, // t
    { 0x0075, 54 }, // u
    { 0x0076, 55 }, // v
    { 0x0077, 55 }, // w
    { 0x0078, 49 }, // x
    { 0x0079, 55 }, // y
    { 0x007A, 56 }, // z
    { 0x007B, 57 }, // {
    { 0x00A1, 58 }, // U+00A1
    { 0x00A2, 44 }, // U+00A2
    { 0x00A3, 59 }, // U+00A3
    { 0x00A5, 37 }, // U+00A5
    { 0x00A7, 3 }, // U+00A7
    { 0x00A9, 21 }, // U+00A9
    { 0x00AB, 60 }, // U+00AB
    { 0x00AE, 43 }, // U+00AE
    { 0x00B3, 61 }, // U+00B3
    { 0x00B5, 54 }, // U+00B5
    { 0x00B7, 7 }, // U+00B7
    { 0x00BB, 62 }, // U+00BB
    { 0x00C0, 22 }, // U+00C0
    { 0x00C1, 22 }, // U+00C1
    { 0x00C2, 22 }, // U+00C2
    { 0x00C3, 22 }, // U+00C3
    { 0x00C4, 22 }, // U+00C4
    { 0x00C5, 22 }, // U+00C5
    { 0x00C6, 25 }, // U+00C6
    { 0x00C7, 24 }, // U+00C7
    { 0x00C8, 25 }, // U+00C8
    { 0x00C9, 25 }, // U+00C9
    { 0x00CA, 25 }, // U+00CA
    { 0x00CB, 25 }, // U+00CB
    { 0x00CC, 28 }, // U+00CC
    { 0x00CD, 28 }, // U+00CD
    { 0x00CE, 28 }, // U+00CE
    { 0x00CF, 63 }, // U+00CF
    { 0x00D0, 21 }, // U+00D0
    { 0x00D1, 28 }, // U+00D1
    { 0x00D2, 21 }, // U+00D2
    { 0x00D3, 21 }, // U+00D3
    { 0x00D4, 21 }, // U+00D4
    { 0x00D5, 21 }, // U+00D5
    { 0x00D6, 21 }, // U+00D6
    { 0x00D8, 21 }, // U+00D8
    { 0x00D9, 29 }, // U+00D9
    { 0x00DA, 29 }, // U+00DA
    { 0x00DB, 29 }, // U+00DB
    { 0x00DC, 29 }, // U+00DC
    { 0x00DD, 37 }, // U+00DD
    { 0x00DE, 32 }, // U+00DE
    { 0x00DF, 64 }, // U+00DF
    { 0x00E0, 42 }, // U+00E0
    { 0x00E1, 42 }, // U+00E1
    { 0x00E2, 42 }, // U+00E2
    { 0x00E3, 42 }, // U+00E3
    { 0x00E4, 42 }, // U+00E4
    { 0x00E5, 42 }, // U+00E5
    { 0x00E6, 46 }, // U+00E6
    { 0x00E7, 65 }, // U+00E7
    { 0x00E8, 46 }, // U+00E8
    { 0x00E9, 46 }, // U+00E9
    { 0x00EA, 46 }, // U+00EA
    { 0x00EB, 46 }, // U+00EB
    { 0x00EC, 66 }, // U+00EC
    { 0x00ED, 67 }, // U+00ED
    { 0x00EE, 68 }, // U+00EE
    { 0x00EF, 69 }, // U+00EF
    { 0x00F0, 43 }, // U+00F0
    { 0x00F1, 42 }, // U+00F1
    { 0x00F2, 43 }, // U+00F2
    { 0x00F3, 43 }, // U+00F3
    { 0x00F4, 43 }, // U+00F4
    { 0x00F5, 43 }, // U+00F5
    { 0x00F6, 43 }, // U+00F6
    { 0x00F8, 43 }, // U+00F8
    { 0x00F9, 54 }, // U+00F9
    { 0x00FA, 54 }, // U+00FA
    { 0x00FB, 54 }, // U+00FB
    { 0x00FC, 54 }, // U+00FC
    { 0x00FD, 55 }, // U+00FD
    { 0x00FE, 43 }, // U+00FE
    { 0x00FF, 55 }, // U+00FF
    { 0x0100, 22 }, // U+0100
    { 0x0101, 42 }, // U+0101
    { 0x0102, 22 }, // U+0102
    { 0x0103, 42 }, // U+0103
    { 0x0104, 70 }, // U+0104
    { 0x0105, 42 }, // U+0105
    { 0x0106, 24 }, // U+0106
    { 0x0107, 44 }, // U+0107
    { 0x0108, 24 }, // U+0108
    { 0x0109, 71 }, // U+0109
    { 0x010A, 24 }, // U+010A
    { 0x010B, 44 }, // U+010B
    { 0x010C, 24 }, // U+010C
    { 0x010D, 71 }, // U+010D
    { 0x010E, 21 }, // U+010E
    { 0x010F, 72 }, // U+010F
    { 0x0110, 21 }, // U+0110
    { 0x0111, 73 }, // U+0111
    { 0x0112, 25 }, // U+0112
    { 0x0113, 46 }, // U+0113
    { 0x0114, 25 }, // U+0114
    { 0x0115, 46 }, // U+0115
    { 0x0116, 25 }, // U+0116
    { 0x0117, 46 }, // U+0117
    { 0x0118, 74 }, // U+0118
    { 0x0119, 46 }, // U+0119
    { 0x011A, 25 }, // U+011A
    { 0x011B, 46 }, // U+011B
    { 0x011C, 27 }, // U+011C
    { 0x011D, 48 }, // U+011D
    { 0x011E, 27 }, // U+011E
    { 0x011F, 48 }, // U+011F
    { 0x0120, 27 }, // U+0120
    { 0x0121, 48 }, // U+0121
    { 0x0122, 27 }, // U+0122
    { 0x0123, 48 }, // U+0123
    { 0x0124, 28 }, // U+0124
    { 0x0125, 42 }, // U+0125
    { 0x0126, 28 }, // U+0126
    { 0x0127, 42 }, // U+0127
    { 0x0128, 28 }, // U+0128
    { 0x0129, 75 }, // U+0129
    { 0x012A, 28 }, // U+012A
    { 0x012B, 76 }, // U+012B
    { 0x012C, 28 }, // U+012C
    { 0x012D, 77 }, // U+012D
    { 0x012E, 28 }, // U+012E
    { 0x012F, 78 }, // U+012F
    { 0x0130, 28 }, // U+0130
    { 0x0131, 45 }, // U+0131
    { 0x0132, 29 }, // U+0132
    { 0x0133, 45 }, // U+0133
    { 0x0134, 29 }, // U+0134
    { 0x0135, 79 }, // U+0135
    { 0x0136, 30 }, // U+0136
    { 0x0137, 49 }, // U+0137
    { 0x0138, 49 }, // U+0138
    { 0x0139, 31 }, // U+0139
    { 0x013A, 45 }, // U+013A
    { 0x013B, 31 }, // U+013B
    { 0x013C, 45 }, // U+013C
    { 0x013D, 80 }, // U+013D
    { 0x013E, 72 }, // U+013E
    { 0x013F, 31 }, // U+013F
    { 0x0140, 81 }, // U+0140
    { 0x0141, 31 }, // U+0141
    { 0x0142, 82 }, // U+0142
    { 0x0143, 28 }, // U+0143
    { 0x0144, 42 }, // U+0144
    { 0x0145, 28 }, // U+0145
    { 0x0146, 42 }, // U+0146
    { 0x0147, 28 }, // U+0147
    { 0x0148, 42 }, // U+0148
    { 0x0149, 42 }, // U+0149
    { 0x014A, 29 }, // U+014A
    { 0x014B, 48 }, // U+014B
    { 0x014C, 21 }, // U+014C
    { 0x014D, 43 }, // U+014D
    { 0x014E, 21 }, // U+014E
    { 0x014F, 43 }, // U+014F
    { 0x0150, 21 }, // U+0150
    { 0x0151, 43 }, // U+0151
    { 0x0152, 25 }, // U+0152
    { 0x0153, 46 }, // U+0153
    { 0x0154, 34 }, // U+0154
    { 0x0155, 51 }, // U+0155
    { 0x0156, 34 }, // U+0156
    { 0x0157, 51 }, // U+0157
    { 0x0158, 34 }, // U+0158
    { 0x0159, 51 }, // U+0159
    { 0x015A, 3 }, // U+015A
    { 0x015B, 83 }, // U+015B
    { 0x015C, 3 }, // U+015C
    { 0x015D, 83 }, // U+015D
    { 0x015E, 3 }, // U+015E
    { 0x015F, 83 }, // U+015F
    { 0x0160, 3 }, // U+0160
    { 0x0161, 83 }, // U+0161
    { 0x0162, 35 }, // U+0162
    { 0x0163, 53 }, // U+0163
    { 0x0164, 35 }, // U+0164
    { 0x0165, 84 }, // U+0165
    { 0x0166, 35 }, // U+0166
    { 0x0167, 53 }, // U+0167
    { 0x0168, 29 }, // U+0168
    { 0x0169, 54 }, // U+0169
    { 0x016A, 29 }, // U+016A
    { 0x016B, 54 }, // U+016B
    { 0x016C, 29 }, // U+016C
    { 0x016D, 54 }, // U+016D
    { 0x016E, 29 }, // U+016E
    { 0x016F, 54 }, // U+016F
    { 0x0170, 29 }, // U+0170
    { 0x0171, 54 }, // U+0171
    { 0x0172, 29 }, // U+0172
    { 0x0173, 54 }, // U+0173
    { 0x0174, 85 }, // U+0174
    { 0x0175, 55 }, // U+0175
    { 0x0176, 37 }, // U+0176
    { 0x0177, 55 }, // U+0177
    { 0x0178, 37 }, // U+0178
    { 0x0179, 38 }, // U+0179
    { 0x017A, 56 }, // U+017A
    { 0x017B, 38 }, // U+017B
    { 0x017C, 56 }, // U+017C
    { 0x017D, 38 }, // U+017D
    { 0x017E, 56 }, // U+017E
    { 0x017F, 47 }, // U+017F
    { 0x01A0, 86 }, // U+01A0
    { 0x01A1, 87 }, // U+01A1
    { 0x01AF, 88 }, // U+01AF
    { 0x01B0, 89 }, // U+01B0
    { 0x01C4, 38 }, // U+01C4
    { 0x01C5, 56 }, // U+01C5
    { 0x01C6, 56 }, // U+01C6
    { 0x01C7, 29 }, // U+01C7
    { 0x01C8, 48 }, // U+01C8
    { 0x01C9, 48 }, // U+01C9
    { 0x01CA, 29 }, // U+01CA
    { 0x01CB, 48 }, // U+01CB
    { 0x01CC, 48 }, // U+01CC
    { 0x01CD, 22 }, // U+01CD
    { 0x01CE, 42 }, // U+01CE
    { 0x01CF, 28 }, // U+01CF
    { 0x01D0, 90 }, // U+01D0
    { 0x01D1, 21 }, // U+01D1
    { 0x01D2, 43 }, // U+01D2
    { 0x01D3, 29 }, // U+01D3
    { 0x01D4, 54 }, // U+01D4
    { 0x01D5, 29 }, // U+01D5
    { 0x01D6, 54 }, // U+01D6
    { 0x01D7, 29 }, // U+01D7
    { 0x01D8, 54 }, // U+01D8
    { 0x01D9, 29 }, // U+01D9
    { 0x01DA, 54 }, // U+01DA
    { 0x01DB, 29 }, // U+01DB
    { 0x01DC, 54 }, // U+01DC
    { 0x01E6, 27 }, // U+01E6
    { 0x01E7, 48 }, // U+01E7
    { 0x01EA, 21 }, // U+01EA
    { 0x01EB, 43 }, // U+01EB
    { 0x01F1, 38 }, // U+01F1
    { 0x01F2, 56 }, // U+01F2
    { 0x01F3, 56 }, // U+01F3
    { 0x01FA, 22 }, // U+01FA
    { 0x01FB, 42 }, // U+01FB
    { 0x01FC, 25 }, // U+01FC
    { 0x01FD, 46 }, // U+01FD
    { 0x01FE, 21 }, // U+01FE
    { 0x01FF, 43 }, // U+01FF
    { 0x0200, 22 }, // U+0200
    { 0x0201, 42 }, // U+0201
    { 0x0202, 22 }, // U+0202
    { 0x0203, 42 }, // U+0203
    { 0x0204, 25 }, // U+0204
    { 0x0205, 46 }, // U+0205
    { 0x0206, 25 }, // U+0206
    { 0x0207, 46 }, // U+0207
    { 0x0208, 28 }, // U+0208
    { 0x0209, 91 }, // U+0209
    { 0x020A, 28 }, // U+020A
    { 0x020B, 92 }, // U+020B
    { 0x020C, 21 }, // U+020C
    { 0x020D, 43 }, // U+020D
    { 0x020E, 21 }, // U+020E
    { 0x020F, 43 }, // U+020F
    { 0x0210, 34 }, // U+0210
    { 0x0211, 51 }, // U+0211
    { 0x0212, 34 }, // U+0212
    { 0x0213, 51 }, // U+0213
    { 0x0214, 29 }, // U+0214
    { 0x0215, 54 }, // U+0215
    { 0x0216, 29 }, // U+0216
    { 0x0217, 54 }, // U+0217
    { 0x0218, 3 }, // U+0218
    { 0x0219, 83 }, // U+0219
    { 0x021A, 35 }, // U+021A
    { 0x021B, 53 }, // U+021B
    { 0x0400, 25 }, // U+0400
    { 0x0401, 25 }, // U+0401
    { 0x0402, 93 }, // U+0402
    { 0x0403, 94 }, // U+0403
    { 0x0404, 24 }, // U+0404
    { 0x0405, 3 }, // U+0405
    { 0x0406, 28 }, // U+0406
    { 0x0407, 95 }, // U+0407
    { 0x0408, 96 }, // U+0408
    { 0x0409, 97 }, // U+0409
    { 0x040A, 97 }, // U+040A
    { 0x040B, 98 }, // U+040B
    { 0x040C, 30 }, // U+040C
    { 0x040D, 28 }, // U+040D
    { 0x040E, 99 }, // U+040E
    { 0x040F, 28 }, // U+040F
    { 0x0410, 22 }, // U+0410
    { 0x0411, 100 }, // U+0411
    { 0x0412, 23 }, // U+0412
    { 0x0413, 101 }, // U+0413
    { 0x0414, 102 }, // U+0414
    { 0x0415, 25 }, // U+0415
    { 0x0416, 30 }, // U+0416
    { 0x0417, 23 }, // U+0417
    { 0x0418, 28 }, // U+0418
    { 0x0419, 28 }, // U+0419
    { 0x041A, 30 }, // U+041A
    { 0x041B, 28 }, // U+041B
    { 0x041C, 28 }, // U+041C
    { 0x041D, 28 }, // U+041D
    { 0x041E, 21 }, // U+041E
    { 0x041F, 28 }, // U+041F
    { 0x0420, 32 }, // U+0420
    { 0x0421, 24 }, // U+0421
    { 0x0422, 35 }, // U+0422
    { 0x0423, 99 }, // U+0423
    { 0x0424, 103 }, // U+0424
    { 0x0425, 30 }, // U+0425
    { 0x0426, 102 }, // U+0426
    { 0x0427, 28 }, // U+0427
    { 0x0428, 28 }, // U+0428
    { 0x0429, 102 }, // U+0429
    { 0x042A, 97 }, // U+042A
    { 0x042B, 28 }, // U+042B
    { 0x042C, 97 }, // U+042C
    { 0x042D, 21 }, // U+042D
    { 0x042E, 21 }, // U+042E
    { 0x042F, 28 }, // U+042F
    { 0x0430, 42 }, // U+0430
    { 0x0431, 43 }, // U+0431
    { 0x0432, 46 }, // U+0432
    { 0x0433, 51 }, // U+0433
    { 0x0434, 104 }, // U+0434
    { 0x0435, 46 }, // U+0435
    { 0x0436, 44 }, // U+0436
    { 0x0437, 105 }, // U+0437
    { 0x0438, 54 }, // U+0438
    { 0x0439, 54 }, // U+0439
    { 0x043A, 49 }, // U+043A
    { 0x043B, 54 }, // U+043B
    { 0x043C, 54 }, // U+043C
    { 0x043D, 54 }, // U+043D
    { 0x043E, 43 }, // U+043E
    { 0x043F, 54 }, // U+043F
    { 0x0440, 43 }, // U+0440
    { 0x0441, 44 }, // U+0441
    { 0x0442, 42 }, // U+0442
    { 0x0443, 55 }, // U+0443
    { 0x0444, 43 }, // U+0444
    { 0x0445, 49 }, // U+0445
    { 0x0446, 106 }, // U+0446
    { 0x0447, 54 }, // U+0447
    { 0x0448, 54 }, // U+0448
    { 0x0449, 107 }, // U+0449
    { 0x044A, 108 }, // U+044A
    { 0x044B, 54 }, // U+044B
    { 0x044C, 108 }, // U+044C
    { 0x044D, 43 }, // U+044D
    { 0x044E, 43 }, // U+044E
    { 0x044F, 54 }, // U+044F
    { 0x0450, 46 }, // U+0450
    { 0x0451, 46 }, // U+0451
    { 0x0452, 48 }, // U+0452
    { 0x0453, 51 }, // U+0453
    { 0x0454, 44 }, // U+0454
    { 0x0455, 83 }, // U+0455
    { 0x0456, 45 }, // U+0456
    { 0x0457, 109 }, // U+0457
    { 0x0458, 48 }, // U+0458
    { 0x0459, 108 }, // U+0459
    { 0x045A, 108 }, // U+045A
    { 0x045B, 42 }, // U+045B
    { 0x045C, 49 }, // U+045C
    { 0x045D, 54 }, // U+045D
    { 0x045E, 55 }, // U+045E
    { 0x045F, 54 }, // U+045F
    { 0x0462, 97 }, // U+0462
    { 0x0463, 108 }, // U+0463
    { 0x046A, 110 }, // U+046A
    { 0x046B, 49 }, // U+046B
    { 0x0472, 21 }, // U+0472
    { 0x0473, 43 }, // U+0473
    { 0x0474, 99 }, // U+0474
    { 0x0475, 55 }, // U+0475
    { 0x0476, 99 }, // U+0476
    { 0x0477, 55 }, // U+0477
    { 0x048A, 102 }, // U+048A
    { 0x048B, 107 }, // U+048B
    { 0x048C, 97 }, // U+048C
    { 0x048D, 111 }, // U+048D
    { 0x048E, 32 }, // U+048E
    { 0x048F, 43 }, // U+048F
    { 0x0490, 112 }, // U+0490
    { 0x0491, 113 }, // U+0491
    { 0x0492, 35 }, // U+0492
    { 0x0493, 51 }, // U+0493
    { 0x0494, 114 }, // U+0494
    { 0x0495, 42 }, // U+0495
    { 0x0496, 115 }, // U+0496
    { 0x0497, 107 }, // U+0497
    { 0x0498, 23 }, // U+0498
    { 0x0499, 105 }, // U+0499
    { 0x049A, 116 }, // U+049A
    { 0x049B, 117 }, // U+049B
    { 0x049C, 30 }, // U+049C
    { 0x049D, 49 }, // U+049D
    { 0x049E, 30 }, // U+049E
    { 0x049F, 49 }, // U+049F
    { 0x04A0, 30 }, // U+04A0
    { 0x04A1, 49 }, // U+04A1
    { 0x04A2, 102 }, // U+04A2
    { 0x04A3, 118 }, // U+04A3
    { 0x04A4, 35 }, // U+04A4
    { 0x04A5, 51 }, // U+04A5
    { 0x04A6, 98 }, // U+04A6
    { 0x04A7, 48 }, // U+04A7
    { 0x04A8, 119 }, // U+04A8
    { 0x04A9, 43 }, // U+04A9
    { 0x04AA, 24 }, // U+04AA
    { 0x04AB, 44 }, // U+04AB
    { 0x04AC, 35 }, // U+04AC
    { 0x04AE, 37 }, // U+04AE
    { 0x04AF, 55 }, // U+04AF
    { 0x04B0, 37 }, // U+04B0
    { 0x04B1, 55 }, // U+04B1
    { 0x04B2, 120 }, // U+04B2
    { 0x04B3, 121 }, // U+04B3
    { 0x04B4, 102 }, // U+04B4
    { 0x04B5, 107 }, // U+04B5
    { 0x04B6, 102 }, // U+04B6
    { 0x04B7, 107 }, // U+04B7
    { 0x04B8, 28 }, // U+04B8
    { 0x04B9, 54 }, // U+04B9
    { 0x04BA, 98 }, // U+04BA
    { 0x04BB, 42 }, // U+04BB
    { 0x04BC, 21 }, // U+04BC
    { 0x04BD, 46 }, // U+04BD
    { 0x04BE, 122 }, // U+04BE
    { 0x04BF, 46 }, // U+04BF
    { 0x04C0, 28 }, // U+04C0
    { 0x04C1, 30 }, // U+04C1
    { 0x04C2, 44 }, // U+04C2
    { 0x04C3, 123 }, // U+04C3
    { 0x04C4, 124 }, // U+04C4
    { 0x04C5, 102 }, // U+04C5
    { 0x04C6, 54 }, // U+04C6
    { 0x04C7, 29 }, // U+04C7
    { 0x04C8, 54 }, // U+04C8
    { 0x04C9, 102 }, // U+04C9
    { 0x04CA, 107 }, // U+04CA
    { 0x04CB, 28 }, // U+04CB
    { 0x04CC, 54 }, // U+04CC
    { 0x04CD, 102 }, // U+04CD
    { 0x04CE, 107 }, // U+04CE
    { 0x04CF, 45 }, // U+04CF
    { 0x04D0, 22 }, // U+04D0
    { 0x04D1, 42 }, // U+04D1
    { 0x04D2, 22 }, // U+04D2
    { 0x04D3, 42 }, // U+04D3
    { 0x04D4, 25 }, // U+04D4
    { 0x04D5, 46 }, // U+04D5
    { 0x04D6, 25 }, // U+04D6
    { 0x04D7, 46 }, // U+04D7
    { 0x04D8, 21 }, // U+04D8
    { 0x04D9, 43 }, // U+04D9
    { 0x04DA, 21 }, // U+04DA
    { 0x04DB, 43 }, // U+04DB
    { 0x04DC, 30 }, // U+04DC
    { 0x04DD, 44 }, // U+04DD
    { 0x04DE, 23 }, // U+04DE
    { 0x04DF, 105 }, // U+04DF
    { 0x04E0, 23 }, // U+04E0
    { 0x04E1, 105 }, // U+04E1
    { 0x04E2, 28 }, // U+04E2
    { 0x04E3, 54 }, // U+04E3
    { 0x04E4, 28 }, // U+04E4
    { 0x04E5, 54 }, // U+04E5
    { 0x04E6, 21 }, // U+04E6
    { 0x04E7, 43 }, // U+04E7
    { 0x04E8, 21 }, // U+04E8
    { 0x04E9, 43 }, // U+04E9
    { 0x04EA, 21 }, // U+04EA
    { 0x04EB, 43 }, // U+04EB
    { 0x04EC, 21 }, // U+04EC
    { 0x04ED, 43 }, // U+04ED
    { 0x04EE, 99 }, // U+04EE
    { 0x04EF, 55 }, // U+04EF
    { 0x04F0, 99 }, // U+04F0
    { 0x04F1, 55 }, // U+04F1
    { 0x04F2, 99 }, // U+04F2
    { 0x04F3, 55 }, // U+04F3
    { 0x04F4, 28 }, // U+04F4
    { 0x04F5, 54 }, // U+04F5
    { 0x04F6, 35 }, // U+04F6
    { 0x04F8, 28 }, // U+04F8
    { 0x04F9, 54 }, // U+04F9
    { 0x04FA, 35 }, // U+04FA
    { 0x04FB, 51 }, // U+04FB
    { 0x04FC, 125 }, // U+04FC
    { 0x04FD, 126 }, // U+04FD
    { 0x04FE, 30 }, // U+04FE
    { 0x04FF, 49 }, // U+04FF
    { 0x1EA0, 22 }, // U+1EA0
    { 0x1EA1, 42 }, // U+1EA1
    { 0x1EA2, 22 }, // U+1EA2
    { 0x1EA3, 42 }, // U+1EA3
    { 0x1EA4, 127 }, // U+1EA4
    { 0x1EA5, 42 }, // U+1EA5
    { 0x1EA6, 22 }, // U+1EA6
    { 0x1EA7, 42 }, // U+1EA7
    { 0x1EA8, 22 }, // U+1EA8
    { 0x1EA9, 42 }, // U+1EA9
    { 0x1EAA, 22 }, // U+1EAA
    { 0x1EAB, 42 }, // U+1EAB
    { 0x1EAC, 22 }, // U+1EAC
    { 0x1EAD, 42 }, // U+1EAD
    { 0x1EAE, 22 }, // U+1EAE
    { 0x1EAF, 42 }, // U+1EAF
    { 0x1EB0, 22 }, // U+1EB0
    { 0x1EB1, 42 }, // U+1EB1
    { 0x1EB2, 22 }, // U+1EB2
    { 0x1EB3, 42 }, // U+1EB3
    { 0x1EB4, 22 }, // U+1EB4
    { 0x1EB5, 42 }, // U+1EB5
    { 0x1EB6, 22 }, // U+1EB6
    { 0x1EB7, 42 }, // U+1EB7
    { 0x1EB8, 25 }, // U+1EB8
    { 0x1EB9, 46 }, // U+1EB9
    { 0x1EBA, 25 }, // U+1EBA
    { 0x1EBB, 46 }, // U+1EBB
    { 0x1EBC, 25 }, // U+1EBC
    { 0x1EBD, 46 }, // U+1EBD
    { 0x1EBE, 25 }, // U+1EBE
    { 0x1EBF, 46 }, // U+1EBF
    { 0x1EC0, 25 }, // U+1EC0
    { 0x1EC1, 46 }, // U+1EC1
    { 0x1EC2, 25 }, // U+1EC2
    { 0x1EC3, 46 }, // U+1EC3
    { 0x1EC4, 25 }, // U+1EC4
    { 0x1EC5, 46 }, // U+1EC5
    { 0x1EC6, 25 }, // U+1EC6
    { 0x1EC7, 46 }, // U+1EC7
    { 0x1EC8, 28 }, // U+1EC8
    { 0x1EC9, 128 }, // U+1EC9
    { 0x1ECA, 28 }, // U+1ECA
    { 0x1ECB, 45 }, // U+1ECB
    { 0x1ECC, 21 }, // U+1ECC
    { 0x1ECD, 43 }, // U+1ECD
    { 0x1ECE, 21 }, // U+1ECE
    { 0x1ECF, 43 }, // U+1ECF
    { 0x1ED0, 21 }, // U+1ED0
    { 0x1ED1, 43 }, // U+1ED1
    { 0x1ED2, 21 }, // U+1ED2
    { 0x1ED3, 43 }, // U+1ED3
    { 0x1ED4, 21 }, // U+1ED4
    { 0x1ED5, 43 }, // U+1ED5
    { 0x1ED6, 21 }, // U+1ED6
    { 0x1ED7, 43 }, // U+1ED7
    { 0x1ED8, 21 }, // U+1ED8
    { 0x1ED9, 43 }, // U+1ED9
    { 0x1EDA, 129 }, // U+1EDA
    { 0x1EDB, 87 }, // U+1EDB
    { 0x1EDC, 129 }, // U+1EDC
    { 0x1EDD, 87 }, // U+1EDD
    { 0x1EDE, 129 }, // U+1EDE
    { 0x1EDF, 87 }, // U+1EDF
    { 0x1EE0, 129 }, // U+1EE0
    { 0x1EE1, 87 }, // U+1EE1
    { 0x1EE2, 129 }, // U+1EE2
    { 0x1EE3, 87 }, // U+1EE3
    { 0x1EE4, 29 }, // U+1EE4
    { 0x1EE5, 54 }, // U+1EE5
    { 0x1EE6, 29 }, // U+1EE6
    { 0x1EE7, 54 }, // U+1EE7
    { 0x1EE8, 88 }, // U+1EE8
    { 0x1EE9, 89 }, // U+1EE9
    { 0x1EEA, 88 }, // U+1EEA
    { 0x1EEB, 89 }, // U+1EEB
    { 0x1EEC, 88 }, // U+1EEC
    { 0x1EED, 89 }, // U+1EED
    { 0x1EEE, 130 }, // U+1EEE
    { 0x1EEF, 89 }, // U+1EEF
    { 0x1EF0, 88 }, // U+1EF0
    { 0x1EF1, 89 }, // U+1EF1
    { 0x1EF2, 37 }, // U+1EF2
    { 0x1EF3, 55 }, // U+1EF3
    { 0x1EF4, 37 }, // U+1EF4
    { 0x1EF5, 131 }, // U+1EF5
    { 0x1EF6, 37 }, // U+1EF6
    { 0x1EF7, 55 }, // U+1EF7
    { 0x1EF8, 37 }, // U+1EF8
    { 0x1EF9, 55 }, // U+1EF9
    { 0x2010, 7 }, // U+2010
    { 0x2013, 7 }, // U+2013
    { 0x2014, 7 }, // U+2014
    { 0x2015, 7 }, // U+2015
    { 0x2017, 41 }, // U+2017
    { 0x2018, 2 }, // U+2018
    { 0x2019, 2 }, // U+2019
    { 0x201A, 6 }, // U+201A
    { 0x201B, 2 }, // U+201B
    { 0x201C, 2 }, // U+201C
    { 0x201D, 2 }, // U+201D
    { 0x201E, 6 }, // U+201E
    { 0x2025, 6 }, // U+2025
    { 0x2026, 6 }, // U+2026
    { 0x2039, 60 }, // U+2039
    { 0x203A, 62 }, // U+203A
    { 0x203C, 1 }, // U+203C
    { 0x2070, 132 }, // U+2070
    { 0x2075, 133 }, // U+2075
    { 0x2077, 134 }, // U+2077
    { 0x2079, 133 }, // U+2079
    { 0x20A1, 24 }, // U+20A1
    { 0x20A3, 26 }, // U+20A3
    { 0x20A6, 28 }, // U+20A6
    { 0x20A7, 32 }, // U+20A7
    { 0x20A9, 99 }, // U+20A9
    { 0x20AB, 73 }, // U+20AB
    { 0x20AC, 24 }, // U+20AC
    { 0x20AD, 30 }, // U+20AD
    { 0x20AE, 35 }, // U+20AE
    { 0x20B1, 32 }, // U+20B1
    { 0x20B2, 27 }, // U+20B2
    { 0x20B4, 3 }, // U+20B4
    { 0x20B5, 24 }, // U+20B5
    { 0x20B8, 35 }, // U+20B8
    { 0x20B9, 34 }, // U+20B9
    { 0x20BD, 32 }, // U+20BD
    { 0x2206, 22 }, // U+2206
    { 0x220F, 28 }, // U+220F
    { 0xFB01, 45 }, // U+FB01
    { 0xFB02, 45 }, // U+FB02
};

static const EpdKernClassEntry bitter_18_italicKernRightClasses[] = {
    { 0x0021, 1 }, // !
    { 0x0022, 2 }, // "
    { 0x0024, 3 }, // $
    { 0x0026, 4 }, // &
    { 0x0027, 2 }, // '
    { 0x0029, 5 }, // )
    { 0x002A, 6 }, // *
    { 0x002C, 7 }, // ,
    { 0x002D, 8 }, // -
    { 0x002E, 7 }, // .
    { 0x002F, 9 }, // /
    { 0x0030, 10 }, // 0
    { 0x0031, 11 }, // 1
    { 0x0032, 12 }, // 2
    { 0x0033, 13 }, // 3
    { 0x0034, 14 }, // 4
    { 0x0035, 15 }, // 5
    { 0x0036, 16 }, // 6
    { 0x0037, 17 }, // 7
    { 0x0038, 4 }, // 8
    { 0x0039, 18 }, // 9
    { 0x003A, 19 }, // :
    { 0x003B, 19 }, // ;
    { 0x003F, 20 }, // ?
    { 0x0040, 21 }, // @
    { 0x0041, 22 }, // A
    { 0x0042, 23 }, // B
    { 0x0043, 21 }, // C
    { 0x0044, 23 }, // D
    { 0x0045, 23 }, // E
    { 0x0046, 23 }, // F
    { 0x0047, 21 }, // G
    { 0x0048, 23 }, // H
    { 0x0049, 23 }, // I
    { 0x004A, 24 }, // J
    { 0x004B, 23 }, // K
    { 0x004C, 23 }, // L
    { 0x004D, 23 }, // M
    { 0x004E, 23 }, // N
    { 0x004F, 21 }, // O
    { 0x0050, 23 }, // P
    { 0x0051, 21 }, // Q
    { 0x0052, 23 }, // R
    { 0x0053, 3 }, // S
    { 0x0054, 25 }, // T
    { 0x0055, 26 }, // U
    { 0x0056, 27 }, // V
    { 0x0057, 27 }, // W
    { 0x0058, 28 }, // X
    { 0x0059, 29 }, // Y
    { 0x005A, 30 }, // Z
    { 0x005C, 31 }, // <backslash>
    { 0x005D, 32 }, // ]
    { 0x005F, 33 }, // _
    { 0x0061, 34 }, // a
    { 0x0062, 35 }, // b
    { 0x0063, 34 }, // c
    { 0x0064, 34 }, // d
    { 0x0065, 34 }, // e
    { 0x0066, 36 }, // f
    { 0x0067, 34 }, // g
    { 0x0068, 37 }, // h
    { 0x0069, 38 }, // i
    { 0x006A, 39 }, // j
    { 0x006B, 37 }, // k
    { 0x006C, 37 }, // l
    { 0x006D, 38 }, // m
    { 0x006E, 38 }, // n
    { 0x006F, 34 }, // o
    { 0x0070, 40 }, // p
    { 0x0071, 34 }, // q
    { 0x0072, 38 }, // r
    { 0x0073, 41 }, // s
    { 0x0074, 42 }, // t
    { 0x0075, 43 }, // u
    { 0x0076, 44 }, // v
    { 0x0077, 44 }, // w
    { 0x0078, 45 }, // x
    { 0x0079, 46 }, // y
    { 0x007A, 47 }, // z
    { 0x007C, 48 }, // |
    { 0x007D, 49 }, // }
    { 0x00A1, 50 }, // U+00A1
    { 0x00A2, 34 }, // U+00A2
    { 0x00A5, 29 }, // U+00A5
    { 0x00A6, 48 }, // U+00A6
    { 0x00A7, 3 }, // U+00A7
    { 0x00A9, 21 }, // U+00A9
    { 0x00AB, 51 }, // U+00AB
    { 0x00AE, 34 }, // U+00AE
    { 0x00B0, 52 }, // U+00B0
    { 0x00B5, 38 }, // U+00B5
    { 0x00B7, 8 }, // U+00B7
    { 0x00BB, 53 }, // U+00BB
    { 0x00BF, 54 }, // U+00BF
    { 0x00C0, 22 }, // U+00C0
    { 0x00C1, 22 }, // U+00C1
    { 0x00C2, 22 }, // U+00C2
    { 0x00C3, 22 }, // U+00C3
    { 0x00C4, 22 }, // U+00C4
    { 0x00C5, 22 }, // U+00C5
    { 0x00C6, 22 }, // U+00C6
    { 0x00C7, 21 }, // U+00C7
    { 0x00C8, 23 }, // U+00C8
    { 0x00C9, 23 }, // U+00C9
    { 0x00CA, 23 }, // U+00CA
    { 0x00CB, 23 }, // U+00CB
    { 0x00CC, 23 }, // U+00CC
    { 0x00CD, 23 }, // U+00CD
    { 0x00CE, 55 }, // U+00CE
    { 0x00CF, 56 }, // U+00CF
    { 0x00D0, 23 }, // U+00D0
    { 0x00D1, 23 }, // U+00D1
    { 0x00D2, 21 }, // U+00D2
    { 0x00D3, 21 }, // U+00D3
    { 0x00D4, 21 }, // U+00D4
    { 0x00D5, 21 }, // U+00D5
    { 0x00D6, 21 }, // U+00D6
    { 0x00D8, 21 }, // U+00D8
    { 0x00D9, 26 }, // U+00D9
    { 0x00DA, 26 }, // U+00DA
    { 0x00DB, 26 }, // U+00DB
    { 0x00DC, 26 }, // U+00DC
    { 0x00DD, 29 }, // U+00DD
    { 0x00DE, 23 }, // U+00DE
    { 0x00DF, 36 }, // U+00DF
    { 0x00E0, 34 }, // U+00E0
    { 0x00E1, 34 }, // U+00E1
    { 0x00E2, 34 }, // U+00E2
    { 0x00E3, 34 }, // U+00E3
    { 0x00E4, 34 }, // U+00E4
    { 0x00E5, 34 }, // U+00E5
    { 0x00E7, 34 }, // U+00E7
    { 0x00E8, 34 }, // U+00E8
    { 0x00E9, 34 }, // U+00E9
    { 0x00EA, 34 }, // U+00EA
    { 0x00EB, 34 }, // U+00EB
    { 0x00EC, 57 }, // U+00EC
    { 0x00ED, 58 }, // U+00ED
    { 0x00EE, 59 }, // U+00EE
    { 0x00EF, 60 }, // U+00EF
    { 0x00F0, 34 }, // U+00F0
    { 0x00F1, 38 }, // U+00F1
    { 0x00F2, 34 }, // U+00F2
    { 0x00F3, 34 }, // U+00F3
    { 0x00F4, 34 }, // U+00F4
    { 0x00F5, 34 }, // U+00F5
    { 0x00F6, 34 }, // U+00F6
    { 0x00F8, 61 }, // U+00F8
    { 0x00F9, 43 }, // U+00F9
    { 0x00FA, 43 }, // U+00FA
    { 0x00FB, 43 }, // U+00FB
    { 0x00FC, 43 }, // U+00FC
    { 0x00FD, 46 }, // U+00FD
    { 0x00FE, 62 }, // U+00FE
    { 0x00FF, 46 }, // U+00FF
    { 0x0100, 22 }, // U+0100
    { 0x0101, 34 }, // U+0101
    { 0x0102, 22 }, // U+0102
    { 0x0103, 34 }, // U+0103
    { 0x0104, 22 }, // U+0104
    { 0x0105, 34 }, // U+0105
    { 0x0106, 21 }, // U+0106
    { 0x0107, 34 }, // U+0107
    { 0x0108, 21 }, // U+0108
    { 0x0109, 34 }, // U+0109
    { 0x010A, 21 }, // U+010A
    { 0x010B, 34 }, // U+010B
    { 0x010C, 21 }, // U+010C
    { 0x010D, 63 }, // U+010D
    { 0x010E, 23 }, // U+010E
    { 0x010F, 34 }, // U+010F
    { 0x0110, 23 }, // U+0110
    { 0x0111, 34 }, // U+0111
    { 0x0112, 23 }, // U+0112
    { 0x0113, 34 }, // U+0113
    { 0x0114, 23 }, // U+0114
    { 0x0115, 34 }, // U+0115
    { 0x0116, 23 }, // U+0116
    { 0x0117, 34 }, // U+0117
    { 0x0118, 23 }, // U+0118
    { 0x0119, 34 }, // U+0119
    { 0x011A, 23 }, // U+011A
    { 0x011B, 34 }, // U+011B
    { 0x011C, 21 }, // U+011C
    { 0x011D, 34 }, // U+011D
    { 0x011E, 21 }, // U+011E
    { 0x011F, 34 }, // U+011F
    { 0x0120, 21 }, // U+0120
    { 0x0121, 34 }, // U+0121
    { 0x0122, 21 }, // U+0122
    { 0x0123, 34 }, // U+0123
    { 0x0124, 23 }, // U+0124
    { 0x0125, 37 }, // U+0125
    { 0x0126, 23 }, // U+0126
    { 0x0127, 37 }, // U+0127
    { 0x0128, 55 }, // U+0128
    { 0x0129, 64 }, // U+0129
    { 0x012A, 23 }, // U+012A
    { 0x012B, 65 }, // U+012B
    { 0x012C, 66 }, // U+012C
    { 0x012D, 67 }, // U+012D
    { 0x012E, 23 }, // U+012E
    { 0x012F, 38 }, // U+012F
    { 0x0130, 23 }, // U+0130
    { 0x0131, 38 }, // U+0131
    { 0x0132, 23 }, // U+0132
    { 0x0133, 38 }, // U+0133
    { 0x0134, 24 }, // U+0134
    { 0x0135, 68 }, // U+0135
    { 0x0136, 23 }, // U+0136
    { 0x0137, 37 }, // U+0137
    { 0x0138, 38 }, // U+0138
    { 0x0139, 23 }, // U+0139
    { 0x013A, 37 }, // U+013A
    { 0x013B, 23 }, // U+013B
    { 0x013C, 37 }, // U+013C
    { 0x013D, 23 }, // U+013D
    { 0x013E, 37 }, // U+013E
    { 0x013F, 23 }, // U+013F
    { 0x0140, 37 }, // U+0140
    { 0x0141, 23 }, // U+0141
    { 0x0142, 69 }, // U+0142
    { 0x0143, 23 }, // U+0143
    { 0x0144, 38 }, // U+0144
    { 0x0145, 23 }, // U+0145
    { 0x0146, 38 }, // U+0146
    { 0x0147, 23 }, // U+0147
    { 0x0148, 38 }, // U+0148
    { 0x0149, 70 }, // U+0149
    { 0x014A, 23 }, // U+014A
    { 0x014B, 38 }, // U+014B
    { 0x014C, 21 }, // U+014C
    { 0x014D, 34 }, // U+014D
    { 0x014E, 21 }, // U+014E
    { 0x014F, 34 }, // U+014F
    { 0x0150, 21 }, // U+0150
    { 0x0151, 34 }, // U+0151
    { 0x0152, 21 }, // U+0152
    { 0x0153, 34 }, // U+0153
    { 0x0154, 23 }, // U+0154
    { 0x0155, 38 }, // U+0155
    { 0x0156, 23 }, // U+0156
    { 0x0157, 38 }, // U+0157
    { 0x0158, 23 }, // U+0158
    { 0x0159, 38 }, // U+0159
    { 0x015A, 3 }, // U+015A
    { 0x015B, 41 }, // U+015B
    { 0x015C, 3 }, // U+015C
    { 0x015D, 41 }, // U+015D
    { 0x015E, 3 }, // U+015E
    { 0x015F, 41 }, // U+015F
    { 0x0160, 3 }, // U+0160
    { 0x0161, 71 }, // U+0161
    { 0x0162, 25 }, // U+0162
    { 0x0163, 42 }, // U+0163
    { 0x0164, 25 }, // U+0164
    { 0x0165, 42 }, // U+0165
    { 0x0166, 25 }, // U+0166
    { 0x0167, 42 }, // U+0167
    { 0x0168, 26 }, // U+0168
    { 0x0169, 43 }, // U+0169
    { 0x016A, 26 }, // U+016A
    { 0x016B, 43 }, // U+016B
    { 0x016C, 26 }, // U+016C
    { 0x016D, 43 }, // U+016D
    { 0x016E, 26 }, // U+016E
    { 0x016F, 43 }, // U+016F
    { 0x0170, 26 }, // U+0170
    { 0x0171, 43 }, // U+0171
    { 0x0172, 26 }, // U+0172
    { 0x0173, 43 }, // U+0173
    { 0x0174, 27 }, // U+0174
    { 0x0175, 44 }, // U+0175
    { 0x0176, 29 }, // U+0176
    { 0x0177, 46 }, // U+0177
    { 0x0178, 29 }, // U+0178
    { 0x0179, 30 }, // U+0179
    { 0x017A, 47 }, // U+017A
    { 0x017B, 30 }, // U+017B
    { 0x017C, 47 }, // U+017C
    { 0x017D, 30 }, // U+017D
    { 0x017E, 72 }, // U+017E
    { 0x017F, 36 }, // U+017F
    { 0x01A0, 21 }, // U+01A0
    { 0x01A1, 34 }, // U+01A1
    { 0x01AF, 26 }, // U+01AF
    { 0x01B0, 43 }, // U+01B0
    { 0x01C4, 23 }, // U+01C4
    { 0x01C5, 23 }, // U+01C5
    { 0x01C6, 34 }, // U+01C6
    { 0x01C7, 23 }, // U+01C7
    { 0x01C8, 23 }, // U+01C8
    { 0x01C9, 37 }, // U+01C9
    { 0x01CB, 23 }, // U+01CB
    { 0x01CC, 38 }, // U+01CC
    { 0x01CD, 22 }, // U+01CD
    { 0x01CE, 34 }, // U+01CE
    { 0x01CF, 66 }, // U+01CF
    { 0x01D0, 73 }, // U+01D0
    { 0x01D1, 21 }, // U+01D1
    { 0x01D2, 34 }, // U+01D2
    { 0x01D3, 26 }, // U+01D3
    { 0x01D4, 43 }, // U+01D4
    { 0x01D5, 26 }, // U+01D5
    { 0x01D6, 43 }, // U+01D6
    { 0x01D7, 26 }, // U+01D7
    { 0x01D8, 43 }, // U+01D8
    { 0x01D9, 26 }, // U+01D9
    { 0x01DA, 43 }, // U+01DA
    { 0x01DB, 26 }, // U+01DB
    { 0x01DC, 43 }, // U+01DC
    { 0x01E6, 21 }, // U+01E6
    { 0x01E7, 34 }, // U+01E7
    { 0x01EA, 21 }, // U+01EA
    { 0x01EB, 34 }, // U+01EB
    { 0x01F1, 23 }, // U+01F1
    { 0x01F2, 23 }, // U+01F2
    { 0x01F3, 34 }, // U+01F3
    { 0x01FA, 22 }, // U+01FA
    { 0x01FB, 34 }, // U+01FB
    { 0x01FC, 22 }, // U+01FC
    { 0x01FE, 21 }, // U+01FE
    { 0x01FF, 34 }, // U+01FF
    { 0x0200, 22 }, // U+0200
    { 0x0201, 74 }, // U+0201
    { 0x0202, 22 }, // U+0202
    { 0x0203, 34 }, // U+0203
    { 0x0204, 23 }, // U+0204
    { 0x0205, 74 }, // U+0205
    { 0x0206, 23 }, // U+0206
    { 0x0207, 34 }, // U+0207
    { 0x0208, 55 }, // U+0208
    { 0x0209, 75 }, // U+0209
    { 0x020A, 76 }, // U+020A
    { 0x020B, 77 }, // U+020B
    { 0x020C, 21 }, // U+020C
    { 0x020D, 78 }, // U+020D
    { 0x020E, 21 }, // U+020E
    { 0x020F, 34 }, // U+020F
    { 0x0210, 23 }, // U+0210
    { 0x0211, 38 }, // U+0211
    { 0x0212, 23 }, // U+0212
    { 0x0213, 38 }, // U+0213
    { 0x0214, 26 }, // U+0214
    { 0x0215, 43 }, // U+0215
    { 0x0216, 26 }, // U+0216
    { 0x0217, 43 }, // U+0217
    { 0x0218, 3 }, // U+0218
    { 0x0219, 41 }, // U+0219
    { 0x021A, 25 }, // U+021A
    { 0x021B, 42 }, // U+021B
    { 0x0400, 23 }, // U+0400
    { 0x0401, 23 }, // U+0401
    { 0x0402, 25 }, // U+0402
    { 0x0403, 23 }, // U+0403
    { 0x0404, 21 }, // U+0404
    { 0x0405, 3 }, // U+0405
    { 0x0406, 23 }, // U+0406
    { 0x0407, 79 }, // U+0407
    { 0x0408, 80 }, // U+0408
    { 0x0409, 81 }, // U+0409
    { 0x040A, 23 }, // U+040A
    { 0x040B, 25 }, // U+040B
    { 0x040C, 23 }, // U+040C
    { 0x040D, 23 }, // U+040D
    { 0x040E, 29 }, // U+040E
    { 0x040F, 23 }, // U+040F
    { 0x0410, 22 }, // U+0410
    { 0x0411, 23 }, // U+0411
    { 0x0412, 23 }, // U+0412
    { 0x0413, 23 }, // U+0413
    { 0x0414, 82 }, // U+0414
    { 0x0415, 23 }, // U+0415
    { 0x0416, 83 }, // U+0416
    { 0x0417, 13 }, // U+0417
    { 0x0418, 23 }, // U+0418
    { 0x0419, 23 }, // U+0419
    { 0x041A, 23 }, // U+041A
    { 0x041B, 81 }, // U+041B
    { 0x041C, 23 }, // U+041C
    { 0x041D, 23 }, // U+041D
    { 0x041E, 21 }, // U+041E
    { 0x041F, 23 }, // U+041F
    { 0x0420, 23 }, // U+0420
    { 0x0421, 21 }, // U+0421
    { 0x0422, 25 }, // U+0422
    { 0x0423, 84 }, // U+0423
    { 0x0424, 21 }, // U+0424
    { 0x0425, 28 }, // U+0425
    { 0x0426, 23 }, // U+0426
    { 0x0427, 85 }, // U+0427
    { 0x0428, 23 }, // U+0428
    { 0x0429, 23 }, // U+0429
    { 0x042A, 25 }, // U+042A
    { 0x042B, 23 }, // U+042B
    { 0x042C, 23 }, // U+042C
    { 0x042D, 86 }, // U+042D
    { 0x042E, 23 }, // U+042E
    { 0x042F, 87 }, // U+042F
    { 0x0430, 34 }, // U+0430
    { 0x0431, 21 }, // U+0431
    { 0x0432, 34 }, // U+0432
    { 0x0433, 38 }, // U+0433
    { 0x0434, 88 }, // U+0434
    { 0x0435, 34 }, // U+0435
    { 0x0436, 89 }, // U+0436
    { 0x0437, 90 }, // U+0437
    { 0x0438, 43 }, // U+0438
    { 0x0439, 43 }, // U+0439
    { 0x043A, 38 }, // U+043A
    { 0x043B, 91 }, // U+043B
    { 0x043C, 91 }, // U+043C
    { 0x043D, 38 }, // U+043D
    { 0x043E, 34 }, // U+043E
    { 0x043F, 38 }, // U+043F
    { 0x0440, 38 }, // U+0440
    { 0x0441, 34 }, // U+0441
    { 0x0442, 38 }, // U+0442
    { 0x0443, 46 }, // U+0443
    { 0x0444, 34 }, // U+0444
    { 0x0445, 45 }, // U+0445
    { 0x0446, 43 }, // U+0446
    { 0x0447, 92 }, // U+0447
    { 0x0448, 43 }, // U+0448
    { 0x0449, 43 }, // U+0449
    { 0x044A, 93 }, // U+044A
    { 0x044B, 38 }, // U+044B
    { 0x044C, 38 }, // U+044C
    { 0x044D, 94 }, // U+044D
    { 0x044E, 38 }, // U+044E
    { 0x044F, 95 }, // U+044F
    { 0x0450, 34 }, // U+0450
    { 0x0451, 34 }, // U+0451
    { 0x0452, 37 }, // U+0452
    { 0x0453, 38 }, // U+0453
    { 0x0454, 34 }, // U+0454
    { 0x0455, 41 }, // U+0455
    { 0x0456, 38 }, // U+0456
    { 0x0457, 96 }, // U+0457
    { 0x0458, 36 }, // U+0458
    { 0x0459, 91 }, // U+0459
    { 0x045A, 38 }, // U+045A
    { 0x045B, 37 }, // U+045B
    { 0x045C, 38 }, // U+045C
    { 0x045D, 43 }, // U+045D
    { 0x045E, 46 }, // U+045E
    { 0x045F, 43 }, // U+045F
    { 0x0463, 38 }, // U+0463
    { 0x046A, 97 }, // U+046A
    { 0x046B, 98 }, // U+046B
    { 0x0472, 21 }, // U+0472
    { 0x0473, 34 }, // U+0473
    { 0x0474, 27 }, // U+0474
    { 0x0475, 44 }, // U+0475
    { 0x0476, 27 }, // U+0476
    { 0x0477, 44 }, // U+0477
    { 0x048A, 23 }, // U+048A
    { 0x048B, 43 }, // U+048B
    { 0x048C, 23 }, // U+048C
    { 0x048D, 99 }, // U+048D
    { 0x048E, 23 }, // U+048E
    { 0x048F, 38 }, // U+048F
    { 0x0490, 23 }, // U+0490
    { 0x0491, 36 }, // U+0491
    { 0x0492, 23 }, // U+0492
    { 0x0493, 38 }, // U+0493
    { 0x0494, 23 }, // U+0494
    { 0x0495, 38 }, // U+0495
    { 0x0496, 28 }, // U+0496
    { 0x0497, 100 }, // U+0497
    { 0x0498, 13 }, // U+0498
    { 0x0499, 90 }, // U+0499
    { 0x049A, 23 }, // U+049A
    { 0x049B, 38 }, // U+049B
    { 0x049C, 23 }, // U+049C
    { 0x049D, 38 }, // U+049D
    { 0x049E, 23 }, // U+049E
    { 0x049F, 37 }, // U+049F
    { 0x04A0, 23 }, // U+04A0
    { 0x04A1, 101 }, // U+04A1
    { 0x04A2, 23 }, // U+04A2
    { 0x04A3, 38 }, // U+04A3
    { 0x04A4, 23 }, // U+04A4
    { 0x04A5, 38 }, // U+04A5
    { 0x04A6, 23 }, // U+04A6
    { 0x04A7, 38 }, // U+04A7
    { 0x04A8, 21 }, // U+04A8
    { 0x04A9, 34 }, // U+04A9
    { 0x04AA, 21 }, // U+04AA
    { 0x04AB, 34 }, // U+04AB
    { 0x04AC, 25 }, // U+04AC
    { 0x04AD, 38 }, // U+04AD
    { 0x04AE, 29 }, // U+04AE
    { 0x04AF, 44 }, // U+04AF
    { 0x04B0, 29 }, // U+04B0
    { 0x04B1, 44 }, // U+04B1
    { 0x04B2, 28 }, // U+04B2
    { 0x04B3, 45 }, // U+04B3
    { 0x04B4, 25 }, // U+04B4
    { 0x04B5, 93 }, // U+04B5
    { 0x04B6, 85 }, // U+04B6
    { 0x04B7, 92 }, // U+04B7
    { 0x04B8, 85 }, // U+04B8
    { 0x04B9, 92 }, // U+04B9
    { 0x04BA, 23 }, // U+04BA
    { 0x04BB, 37 }, // U+04BB
    { 0x04BC, 102 }, // U+04BC
    { 0x04BD, 103 }, // U+04BD
    { 0x04BE, 102 }, // U+04BE
    { 0x04BF, 103 }, // U+04BF
    { 0x04C0, 23 }, // U+04C0
    { 0x04C1, 28 }, // U+04C1
    { 0x04C2, 104 }, // U+04C2
    { 0x04C3, 23 }, // U+04C3
    { 0x04C4, 38 }, // U+04C4
    { 0x04C5, 81 }, // U+04C5
    { 0x04C6, 91 }, // U+04C6
    { 0x04C7, 23 }, // U+04C7
    { 0x04C8, 38 }, // U+04C8
    { 0x04C9, 23 }, // U+04C9
    { 0x04CA, 38 }, // U+04CA
    { 0x04CB, 85 }, // U+04CB
    { 0x04CC, 92 }, // U+04CC
    { 0x04CD, 23 }, // U+04CD
    { 0x04CE, 38 }, // U+04CE
    { 0x04CF, 105 }, // U+04CF
    { 0x04D0, 22 }, // U+04D0
    { 0x04D1, 34 }, // U+04D1
    { 0x04D2, 22 }, // U+04D2
    { 0x04D3, 34 }, // U+04D3
    { 0x04D4, 22 }, // U+04D4
    { 0x04D6, 23 }, // U+04D6
    { 0x04D7, 34 }, // U+04D7
    { 0x04D8, 106 }, // U+04D8
    { 0x04D9, 34 }, // U+04D9
    { 0x04DA, 106 }, // U+04DA
    { 0x04DB, 34 }, // U+04DB
    { 0x04DC, 28 }, // U+04DC
    { 0x04DD, 104 }, // U+04DD
    { 0x04DE, 13 }, // U+04DE
    { 0x04DF, 90 }, // U+04DF
    { 0x04E0, 13 }, // U+04E0
    { 0x04E1, 107 }, // U+04E1
    { 0x04E2, 23 }, // U+04E2
    { 0x04E3, 38 }, // U+04E3
    { 0x04E4, 23 }, // U+04E4
    { 0x04E5, 38 }, // U+04E5
    { 0x04E6, 21 }, // U+04E6
    { 0x04E7, 34 }, // U+04E7
    { 0x04E8, 21 }, // U+04E8
    { 0x04E9, 34 }, // U+04E9
    { 0x04EA, 21 }, // U+04EA
    { 0x04EB, 34 }, // U+04EB
    { 0x04EC, 86 }, // U+04EC
    { 0x04ED, 94 }, // U+04ED
    { 0x04EE, 29 }, // U+04EE
    { 0x04EF, 46 }, // U+04EF
    { 0x04F0, 29 }, // U+04F0
    { 0x04F1, 46 }, // U+04F1
    { 0x04F2, 29 }, // U+04F2
    { 0x04F3, 46 }, // U+04F3
    { 0x04F4, 85 }, // U+04F4
    { 0x04F5, 92 }, // U+04F5
    { 0x04F6, 23 }, // U+04F6
    { 0x04F8, 23 }, // U+04F8
    { 0x04F9, 38 }, // U+04F9
    { 0x04FA, 23 }, // U+04FA
    { 0x04FB, 38 }, // U+04FB
    { 0x04FC, 28 }, // U+04FC
    { 0x04FD, 45 }, // U+04FD
    { 0x04FE, 28 }, // U+04FE
    { 0x04FF, 45 }, // U+04FF
    { 0x1EA0, 22 }, // U+1EA0
    { 0x1EA1, 34 }, // U+1EA1
    { 0x1EA2, 22 }, // U+1EA2
    { 0x1EA3, 34 }, // U+1EA3
    { 0x1EA4, 22 }, // U+1EA4
    { 0x1EA5, 34 }, // U+1EA5
    { 0x1EA6, 22 }, // U+1EA6
    { 0x1EA7, 34 }, // U+1EA7
    { 0x1EA8, 22 }, // U+1EA8
    { 0x1EA9, 34 }, // U+1EA9
    { 0x1EAA, 22 }, // U+1EAA
    { 0x1EAB, 34 }, // U+1EAB
    { 0x1EAC, 22 }, // U+1EAC
    { 0x1EAD, 34 }, // U+1EAD
    { 0x1EAE, 22 }, // U+1EAE
    { 0x1EAF, 34 }, // U+1EAF
    { 0x1EB0, 22 }, // U+1EB0
    { 0x1EB1, 34 }, // U+1EB1
    { 0x1EB2, 22 }, // U+1EB2
    { 0x1EB3, 34 }, // U+1EB3
    { 0x1EB4, 22 }, // U+1EB4
    { 0x1EB5, 34 }, // U+1EB5
    { 0x1EB6, 22 }, // U+1EB6
    { 0x1EB7, 34 }, // U+1EB7
    { 0x1EB8, 23 }, // U+1EB8
    { 0x1EB9, 34 }, // U+1EB9
    { 0x1EBA, 23 }, // U+1EBA
    { 0x1EBB, 34 }, // U+1EBB
    { 0x1EBC, 23 }, // U+1EBC
    { 0x1EBD, 34 }, // U+1EBD
    { 0x1EBE, 23 }, // U+1EBE
    { 0x1EBF, 34 }, // U+1EBF
    { 0x1EC0, 23 }, // U+1EC0
    { 0x1EC1, 34 }, // U+1EC1
    { 0x1EC2, 23 }, // U+1EC2
    { 0x1EC3, 34 }, // U+1EC3
    { 0x1EC4, 23 }, // U+1EC4
    { 0x1EC5, 34 }, // U+1EC5
    { 0x1EC6, 23 }, // U+1EC6
    { 0x1EC7, 34 }, // U+1EC7
    { 0x1EC8, 23 }, // U+1EC8
    { 0x1EC9, 38 }, // U+1EC9
    { 0x1ECA, 23 }, // U+1ECA
    { 0x1ECB, 38 }, // U+1ECB
    { 0x1ECC, 21 }, // U+1ECC
    { 0x1ECD, 34 }, // U+1ECD
    { 0x1ECE, 21 }, // U+1ECE
    { 0x1ECF, 34 }, // U+1ECF
    { 0x1ED0, 21 }, // U+1ED0
    { 0x1ED1, 34 }, // U+1ED1
    { 0x1ED2, 21 }, // U+1ED2
    { 0x1ED3, 34 }, // U+1ED3
    { 0x1ED4, 21 }, // U+1ED4
    { 0x1ED5, 34 }, // U+1ED5
    { 0x1ED6, 21 }, // U+1ED6
    { 0x1ED7, 34 }, // U+1ED7
    { 0x1ED8, 21 }, // U+1ED8
    { 0x1ED9, 34 }, // U+1ED9
    { 0x1EDA, 21 }, // U+1EDA
    { 0x1EDB, 34 }, // U+1EDB
    { 0x1EDC, 21 }, // U+1EDC
    { 0x1EDD, 34 }, // U+1EDD
    { 0x1EDE, 21 }, // U+1EDE
    { 0x1EDF, 34 }, // U+1EDF
    { 0x1EE0, 21 }, // U+1EE0
    { 0x1EE1, 108 }, // U+1EE1
    { 0x1EE2, 21 }, // U+1EE2
    { 0x1EE3, 34 }, // U+1EE3
    { 0x1EE4, 26 }, // U+1EE4
    { 0x1EE5, 43 }, // U+1EE5
    { 0x1EE6, 26 }, // U+1EE6
    { 0x1EE7, 43 }, // U+1EE7
    { 0x1EE8, 26 }, // U+1EE8
    { 0x1EE9, 43 }, // U+1EE9
    { 0x1EEA, 26 }, // U+1EEA
    { 0x1EEB, 43 }, // U+1EEB
    { 0x1EEC, 26 }, // U+1EEC
    { 0x1EED, 43 }, // U+1EED
    { 0x1EEE, 26 }, // U+1EEE
    { 0x1EEF, 43 }, // U+1EEF
    { 0x1EF0, 26 }, // U+1EF0
    { 0x1EF1, 43 }, // U+1EF1
    { 0x1EF2, 29 }, // U+1EF2
    { 0x1EF3, 46 }, // U+1EF3
    { 0x1EF4, 29 }, // U+1EF4
    { 0x1EF5, 46 }, // U+1EF5
    { 0x1EF6, 29 }, // U+1EF6
    { 0x1EF7, 46 }, // U+1EF7
    { 0x1EF8, 29 }, // U+1EF8
    { 0x1EF9, 46 }, // U+1EF9
    { 0x2010, 8 }, // U+2010
    { 0x2013, 8 }, // U+2013
    { 0x2014, 8 }, // U+2014
    { 0x2015, 8 }, // U+2015
    { 0x2017, 33 }, // U+2017
    { 0x2018, 2 }, // U+2018
    { 0x2019, 2 }, // U+2019
    { 0x201A, 7 }, // U+201A
    { 0x201B, 2 }, // U+201B
    { 0x201C, 2 }, // U+201C
    { 0x201D, 2 }, // U+201D
    { 0x201E, 7 }, // U+201E
    { 0x2025, 7 }, // U+2025
    { 0x2026, 7 }, // U+2026
    { 0x2039, 51 }, // U+2039
    { 0x203A, 53 }, // U+203A
    { 0x203C, 1 }, // U+203C
    { 0x2044, 109 }, // U+2044
    { 0x20A1, 21 }, // U+20A1
    { 0x20A3, 23 }, // U+20A3
    { 0x20A6, 23 }, // U+20A6
    { 0x20A7, 23 }, // U+20A7
    { 0x20A9, 27 }, // U+20A9
    { 0x20AB, 34 }, // U+20AB
    { 0x20AC, 21 }, // U+20AC
    { 0x20AD, 23 }, // U+20AD
    { 0x20AE, 25 }, // U+20AE
    { 0x20B1, 23 }, // U+20B1
    { 0x20B2, 21 }, // U+20B2
    { 0x20B4, 3 }, // U+20B4
    { 0x20B5, 21 }, // U+20B5
    { 0x20B8, 25 }, // U+20B8
    { 0x20BD, 23 }, // U+20BD
    { 0x2206, 22 }, // U+2206
    { 0x220F, 23 }, // U+220F
    { 0x221A, 44 }, // U+221A
    { 0xFB01, 36 }, // U+FB01
    { 0xFB02, 36 }, // U+FB02
};

static const int8_t bitter_18_italicKernMatrix[] = {
       0,    0,    0,    0,    0,    0,    0,    0,    0,    0,    0,    0,    0,    0,    0,    0,    0,    0,    0,    0,    0,   -7,    0,    0,    0,    0,    0,    0,    0,    0,    0,    0,    0,    0,    0,    0,    0,    0,    0,    0,    0,    0,    0,    0,    0,    0,    0,    0,    0,    0,    0,    0,    0,    0,    0,    0,    0,    0,    0,    0,    0,    0,    0,    0,    0,    0,    0,    0,    0,    0,    0,    0,    0,    0,    0,    0,    0,    0,    0,    0,    0,    0,    0,    0,    0,    0,    0,    0,    0,    0,    0,    0,    0,    0,    0,    0,    0,    0,    0,    0,    0,    0,    0,    0,    0,    0,    0,    0,    0,
       0,    0,    0,    0,    0,    0,  -27,    0,    0,    0,    0,    0,    0,    0,    0,    0,    0,    0,    0,    0,  -18,  -49,    3,    0,    9,    0,    0,   -9,    0,    0,    0,    0,    0,  -11,    8,    0,    8,    0,    0,    0,  -22,    0,    0,    0,  -15,    0,    0,    0,    0,    0,    0,    0,    0,    0,    3,    3,    0,    0,    0,    0,  -11,    8,  -11,    0,    0,    3,    0,    0,    0,    0,  -22,    0,    0,  -11,    0,    3,    0,  -11,    3,    0,  -41,  -34,   -9,    0,    0,    5,  -16,  -11,    0,    0,  -12,    0,    0,    0,  -13,   10,   -9,  -15,    0,    0,    0,    0,    0,    0,    5,  -18,    0,  -11,    0,
       0,    0,    0,    0,    0,    0,  -19,    0,    0,    0,   -5,    0,   -5,    0,    0,    0,   -9,    0,    0,    0,    0,  -20,   -8,    0,  -20,    0,  -29,  -37,  -32,  -12,    0,    0,    0,   -7,    0,    0,    0,  -17,    0,  -17,    0,   -7,   -9,  -22,  -22,  -19,    0,    0,    0,    0,    0,    0,    0,    0,   -8,   -8,  -17,  -17,  -17,  -32,   -7,    0,   -7,  -17,  -17,   -8,  -17,    0,    0,    0,    0,    0,  -17,   -7,  -17,   -8,  -17,   -7,   -8,    0,    0,    0,  -37,  -32,    0,    0,    0,   -7,    0,    0,    0,    0,  -14,    0,    0,    0,  -37,  -22,    0,    0,    0,    0,    0,    0,    0,    0,    0,   -7,    0,
       0,    0,  -16,    0,    0,    0,    0,    0,    0,    0,    0,    0,    0,    0,    0,    0,    0,    0,    0,    0,    3,  -30,    0,    0,    0,    0,  -27,  -23,  -29,    0,    0,    0,    0,   -1,   -7,    0,   -7,    0,    0,    0,   -7,    0,   -7,  -16,  -14,  -11,   -8,    0,    0,    0,    0,    0,    0,    0,    0,    0,    0,    0,    0,    0,   -1,   -7,   -1,    0,    0,    0,    0,    0,    5,    0,   -7,   -8,    0,   -1,    0,    0,    0,   -1,    0,    0,    0,    0,  -23,  -29,    0,    0,    0,   -1,    0,    0,    0,    0,    0,    0,    0,    0,  -23,  -14,    0,    0,    0,    0,    0,    0,    0,    3,    0,   -1,    0,
       0,    0,    0,    0,    0,    0,    0,    0,   14,    0,    0,    0,    0,    0,    0,    0,    0,    0,    0,    0,    0,    0,    0,   29,  -15,    0,    0,    0,    0,    0,   11,    0,   12,   -5,    0,   26,    0,    0,   26,    0,    0,    0,    0,    0,    0,    0,    0,    0,    0,    0,    0,    0,    0,    0,    0,    0,    0,    0,    0,    0,   -5,    0,   -5,    0,    0,    0,    0,   26,    0,    0,    0,    0,    0,   -5,    0,    0,    0,   -5,    0,   29,   -7,   12,    0,    0,  -11,   -7,   -5,   -5,    0,    0,    0,  -10,    0,    0,    0,    0,    0,    0,    0,    0,    0,  -21,    0,    0,    0,    0,    0,   -5,    0,
       0,  -51,    0,    0,    0,    0,    0,    0,    0,  -32,  -16,    3,    0,  -22,    0,  -17,  -33,  -15,    0,    0,  -24,   12,    0,    2,  -43,    0,  -41,   -5,  -56,    0,    0,    0,    0,  -15,    0,    0,    0,  -12,    0,  -12,    0,    0,    0,  -41,   -9,  -37,    0,    0,    0,    0,  -15,    0,    0,    0,    0,    0,  -12,  -12,  -12,  -12,  -15,    0,  -15,  -12,  -12,    0,  -12,    0,    0,    0,    0,    0,  -12,  -15,  -12,    0,  -12,  -15,    0,    2,    0,    7,   -5,  -56,  -87,    0,    0,  -15,    0,    0,    0,  -73,    0,    0,    0,    0,   -5,   -9,    0,    0,  -51,    0,    0,    0,    0,  -24,    0,  -15,    0,
       0,    0,    0,    0,    0,    0,    0,    0,    0,    0,  -27,  -11,  -17,    3,  -20,    0,  -33,   -7,    0,    0,    0,   -7,    0,    0,  -34,    0,  -34,  -57,    0,    0,    0,    0,    0,    0,    0,    0,    0,    0,    0,    0,    0,    0,    0,    0,  -34,  -13,    0,    0,    0,    0,    0,    0,  -20,    0,    0,    0,    0,    0,    0,    0,    0,    0,    0,    0,    0,    0,    0,    0,    0,    0,    0,    0,    0,    0,    0,    0,    0,    0,    0,    0,  -21,  -15,  -57,    0,  -24,  -14,  -12,    0,    0,  -10,  -22,   -5,    0,    0,   -4,    0,  -57,  -34,    0,    0,    0,    0,    0,    0,    0,    0,  -10,    0,    0,
       0,    0,    0,    0,   11,    0,    0,    0,  -23,    0,    0,    0,    0,    0,    0,    0,    0,    0,    0,    0,   -7,  -21,   -5,    7,   -3,    5,    5,  -10,    5,    0,   16,   11,    0,  -21,   11,    0,   11,  -16,    0,  -16,    0,    0,    0,    0,  -23,  -12,    0,    0,   11,    0,    0,    0,    0,    0,   -5,   -5,  -16,  -16,  -16,  -16,  -21,   11,  -21,  -16,  -16,   -5,  -16,    0,    0,    0,    0,    0,  -16,  -21,  -16,   -5,  -16,  -21,   -5,    7,  -26,  -17,  -10,    5,   -3,  -11,  -13,  -21,    0,  -24,  -38,  -20,    0,  -20,  -26,    0,  -10,  -23,    0,    0,  -21,    0,    0,    0,    0,   -7,  -24,  -21,    0,
       0,    0,    0,    0,    0,    0,  -32,    0,    0,    0,   -3,    0,    0,    0,    0,    0,    0,    0,    0,    0,    0,    0,    0,    0,    0,    0,    0,    0,    0,    0,    0,    0,    0,    0,    0,    0,    0,    0,    0,    0,    0,    0,    0,    0,    0,    0,    0,    0,    0,    0,    0,  -10,    0,    0,    0,    0,    0,    0,    0,    0,    0,    0,    0,    0,    0,    0,    0,    0,    0,    0,    0,    0,    0,    0,    0,    0,    0,    0,    0,    0,    0,    0,    0,    0,    0,    0,    0,    0,    0,    0,    0,    0,    0,    0,    0,    0,    0,    0,    0,    0,    0,    0,    0,    0,    0,    0,    0,    0,    0,
       0,    0,    0,    0,    0,    0,    3,    0,    4,    0,    0,    0,    0,    0,    0,    0,   -6,    0,    0,    0,    0,    5,    0,    0,    0,    0,    0,    0,    0,    0,    0,    0,    0,    0,    0,    0,    0,    0,    0,    0,    0,    0,    0,    0,    0,    0,    0,    0,    0,    0,    0,  -28,    0,    0,    0,    0,    0,    0,    0,    0,    0,    0,    0,    0,    0,    0,    0,    0,    0,    0,    0,    0,    0,    0,    0,    0,    0,    0,    0,    0,    0,    8,    0,    0,    0,    0,    0,    0,    0,    0,    0,    0,    0,    0,    0,    0,    0,    0,    0,    0,    0,    0,    0,    0,    0,    0,    0,    0,    0,
       0,    0,    0,    0,    0,    0,    0,    0,    0,    0,    0,    0,    0,    0,    0,    0,   -5,    0,    0,    0,    0,    0,    0,    0,    0,    0,    0,    0,    0,    0,    0,    0,    0,    0,    0,    0,    0,    0,    0,    0,    0,    0,    0,    0,    0,    0,    0,    0,    0,    0,    0,    0,    0,    0,    0,    0,    0,    0,    0,    0,    0,    0,    0,    0,    0,    0,    0,    0,    0,    0,    0,    0,    0,    0,    0,    0,    0,    0,    0,    0,    0,    0,    0,    0,    0,    0,    0,    0,    0,    0,    0,    0,    0,    0,    0,    0,    0,    0,    0,    0,    0,    0,    0,    0,    0,    0,    0,    0,    0,
       0,    0,    0,    0,    0,    0,  -15,    0,    0,    0,    0,    0,    0,    0,  -13,    0,   -7,    0,    0,    0,    0,    0,  -13,    0,    0,    0,    0,    0,    0,    0,    0,    0,    0,    0,    0,    0,    0,    0,    0,    0,    0,    0,    0,    0,    0,    0,    0,    0,    0,    0,    0,  -10,    0,    0,  -13,  -13,    0,    0,    0,    0,    0,    0,    0,    0,    0,  -13,    0,    0,    0,    0,    0,    0,    0,    0,    0,  -13,    0,    0,  -13,    0,    0,    0,    0,    0,    0,    0,    0,    0,    0,    0,    0,    0,    0,    0,    0,    0,    0,    0,    0,    0,    0,    0,    0,    0,    0,    0,    0,    0,    0,
       0,    0,    0,    0,    0,    0,    0,    5,    0,    0,    0,    0,    0,    4,    0,    0,   -8,    0,    0,    0,    0,    0,    0,    0,    0,    0,    0,    0,    0,    0,    0,    0,    0,    0,    0,    0,    0,    0,    0,    0,    0,    0,    0,    0,    0,    0,    0,    0,    0,    0,    0,  -26,    0,    0,    0,    0,    0,    0,    0,    0,    0,    0,    0,    0,    0,    0,    0,    0,    0,    0,    0,    0,    0,    0,    0,    0,    0,    0,    0,    0,    0,    0,    0,    0,    0,    0,    0,    0,    0,    0,    0,    0,    0,    0,    0,    0,    0,    0,    0,    0,    0,    0,    0,    0,    0,    0,    0,    0,    0,
       0,    0,    0,    0,    0,    0,   -8,    0,    0,    0,   -7,   -5,  -18,    0,    0,    0,  -12,  -11,    0,    0,    0,    0,    0,    0,    0,    0,    0,    0,    0,    0,    0,    0,    0,    0,    0,    0,    0,    0,    0,    0,    0,    0,    0,    0,    0,    0,    0,    0,    0,    0,    0,  -10,    0,    0,    0,    0,    0,    0,    0,    0,    0,    0,    0,    0,    0,    0,    0,    0,    0,    0,    0,    0,    0,    0,    0,    0,    0,    0,    0,    0,    0,    0,    0,    0,    0,    0,    0,    0,    0,    0,    0,    0,    0,    0,    0,    0,    0,    0,    0,    0,    0,    0,    0,    0,    0,    0,    0,    0,    0,
       0,    0,    0,    0,    0,    0,    0,    0,    0,    0,   -7,   -6,   -8,    3,  -11,    0,  -11,    0,    0,    0,    0,    0,    0,    0,    0,    0,    0,    0,    0,    0,    0,    0,    0,    0,    0,    0,    0,    0,    0,    0,    0,    0,    0,    0,    0,    0,    0,    0,    0,    0,    0,  -20,    0,    0,    0,    0,    0,    0,    0,    0,    0,    0,    0,    0,    0,    0,    0,    0,    0,    0,    0,    0,    0,    0,    0,    0,    0,    0,    0,    0,    0,    0,    0,    0,    0,    0,    0,    0,    0,    0,    0,    0,    0,    0,    0,    0,    0,    0,    0,    0,    0,    0,    0,    0,    0,    0,    0,    0,    0,
       0,    0,    0,   -6,    0,    0,  -53,  -25,    0,  -11,    5,   -3,  -11,   -7,   -9,   -8,    3,   -8,    0,    0,    0,    0,    0,    0,    0,    0,    0,    0,    0,    0,    0,    0,    0,    0,    0,    0,    0,    0,    0,    0,    0,    0,    0,    0,    0,    0,    0,    0,    0,    0,    0,   18,    0,    0,    0,    0,    0,    0,    0,    0,    0,    0,    0,    0,    0,    0,    0,    0,    0,    0,    0,    0,    0,    0,    0,    0,    0,    0,    0,    0,    0,    0,    0,    0,    0,    0,    0,    0,    0,    0,    0,    0,    0,    0,    0,    0,    0,    0,    0,    0,    0,    0,    0,    0,    0,    0,    0,    0,    0,
       0,    0,    0,    0,    0,    0,    0,    0,    0,    0,    0,    0,    0,    0,  -13,    0,  -14,    0,    0,    0,    0,    0,  -13,    0,    0,    0,    0,    0,    0,    0,    0,    0,    0,    0,    0,    0,    0,    0,    0,    0,    0,    0,    0,    0,    0,    0,    0,    0,    0,    0,    0,  -10,    0,    0,  -13,  -13,    0,    0,    0,    0,    0,    0,    0,    0,    0,  -13,    0,    0,    0,    0,    0,    0,    0,    0,    0,  -13,    0,    0,  -13,    0,    0,    0,    0,    0,    0,    0,    0,    0,    0,    0,    0,    0,    0,    0,    0,    0,    0,    0,    0,    0,    0,    0,    0,    0,    0,    0,    0,    0,    0,
       0,    0,    0,    0,    0,    0,  -31,    0,    0,    0,    0,    0,   -7,    0,    0,    0,   -9,    0,    0,    0,    0,    0,    0,    0,    0,    0,    0,    0,    0,    0,    0,    0,    0,    0,    0,    0,    0,    0,    0,    0,    0,    0,    0,    0,    0,    0,    0,    0,    0,    0,    0,   -8,    0,    0,    0,    0,    0,    0,    0,    0,    0,    0,    0,    0,    0,    0,    0,    0,    0,    0,    0,    0,    0,    0,    0,    0,    0,    0,    0,    0,    0,    0,    0,    0,    0,    0,    0,    0,    0,    0,    0,    0,    0,    0,    0,    0,    0,    0,    0,    0,    0,    0,    0,    0,    0,    0,    0,    0,    0,
       0,    0,    0,    0,    0,    0,    0,    0,    0,    0,    0,    0,    0,    0,    0,    0,    0,    0,    0,    0,    0,    0,    0,    0,  -11,    0,  -21,   -7,  -30,    0,    0,    0,    0,    0,    0,    0,    0,    0,    0,    0,    0,    0,    0,   -8,   -5,  -10,    0,    0,    0,    0,    0,    0,    0,    0,    0,    0,    0,    0,    0,    0,    0,    0,    0,    0,    0,    0,    0,    0,    0,    0,    0,    0,    0,    0,    0,    0,    0,    0,    0,    0,    0,    0,   -7,  -30,    0,    0,    0,    0,    0,    0,    0,    0,    0,    0,    0,    0,   -7,   -5,    0,    0,    0,    0,    0,    0,    0,    0,    0,    0,    0,
       0,    0,    0,    0,    0,    0,    0,    0,    0,    0,    0,    0,    0,    0,    0,    0,    0,    0,    0,    0,    0,    0,    3,    0,    5,    0,    0,    0,    0,    0,    0,    0,    0,    0,    0,    0,    0,    0,    0,    0,    0,    0,    0,    0,    0,    0,    0,    0,    0,    0,    0,    0,    0,  -14,    3,    3,    0,    0,    0,    0,    0,    0,    0,    0,    0,    3,    0,    0,    0,    0,    0,    0,    0,    0,    0,    3,    0,    0,    3,    0,   -5,    0,    0,    0,    0,    0,    0,    0,    0,    0,    0,    5,    0,    0,    0,    0,    0,    0,    0,    0,    0,    0,    0,    0,    0,    0,    0,    0,    0,
       0,  -20,   -5,    0,    0,    0,  -24,    0,    3,    0,    0,    0,  -27,    0,    0,    0,    0,    0,    0,   -3,    0,  -14,    0,    0,  -12,    0,  -29,  -37,  -24,  -17,    0,    0,    0,   -3,   -3,    4,   -3,   -3,    4,   -3,   -5,   -3,   -5,  -11,  -13,   -6,    0,    0,    0,    0,    0,    0,    0,    0,    0,    0,   -3,   -3,   -3,   -3,   -3,    3,   -3,   -3,   -3,    0,   -3,    4,    0,    0,   -5,    0,   -3,   -3,   -3,    0,   -3,   -3,    0,    0,  -18,   -9,  -37,  -24,  -26,  -17,   -8,   -3,    0,    0,  -15,    0,   -3,    0,    0,    0,  -89,  -13,    0,    0,    0,    0,    0,    0,    0,    0,    0,   -3,    0,
     -16,  -67,  -22,    0,    0,    0,    2,  -25,    4,    0,    0,    0,    0,    0,    0,    0,    0,    0,    0,  -25,  -16,    3,  -20,  -10,  -53,  -35,  -43,  -13,  -49,  -14,    0,    4,    0,  -11,  -14,  -11,  -14,  -13,  -11,  -13,   -8,  -19,  -19,  -28,   -3,  -28,  -13,    0,    3,   -8,    0,    0,    0,    0,  -20,  -20,  -13,  -13,  -13,  -13,  -11,  -14,  -11,  -13,  -13,  -20,  -13,  -11,    0,    0,   -8,  -13,  -13,  -11,  -13,  -20,  -13,  -11,  -20,  -10,    3,    4,  -13,  -49,  -73,  -20,   -9,  -11,  -11,  -19,    7,  -51,  -42,  -17,    0,    0,  -13,   -3,    0,    0,  -41,  -46,  -30,  -11,    0,  -16,  -19,  -11,    0,
       0,  -22,    0,    0,    0,    0,  -21,    0,    0,    0,    0,    0,  -13,    0,    0,    0,    0,    0,    0,   -9,   -3,  -23,  -16,   -3,  -26,    0,  -42,  -37,  -40,  -19,    0,    0,    0,   -6,   -7,   -7,   -7,  -11,   -7,  -11,   -7,   -7,  -10,  -16,  -23,  -18,  -11,    0,    0,    0,    0,    0,    0,    0,  -16,  -16,  -11,  -11,  -11,  -11,   -6,   -7,   -6,  -11,  -11,  -16,  -11,   -7,    0,    0,   -7,  -11,  -11,   -6,  -11,  -16,  -11,   -6,  -16,   -3,  -25,  -20,  -37,  -40,  -48,  -25,  -20,   -6,    0,    0,    0,    0,  -14,    0,    0,    0,  -37,  -23,    0,    0,    0,    0,  -17,    0,    0,   -3,    0,   -6,    0,
       0,   -5,    0,   -8,    0,    0,  -12,  -19,    0,    0,   -5,   -8,  -11,    0,   -7,    0,  -10,  -13,    0,    0,  -18,  -21,    0,   -7,  -14,    0,  -22,  -30,  -22,    0,    0,    0,    0,  -22,  -16,    0,  -16,  -16,    0,  -16,  -19,  -11,  -16,   -9,  -17,  -16,  -20,    0,    0,    0,    0,    0,    0,    0,    0,    0,  -16,  -16,  -16,  -28,  -22,  -16,  -22,  -28,  -16,    0,  -16,    0,    0,    0,  -19,  -20,  -16,  -22,  -16,    0,  -16,  -22,    0,   -7,  -19,  -11,  -30,  -22,  -25,    0,  -28,  -22,    0,    0,    0,    0,  -22,    0,    0,    0,  -30,  -17,    0,    0,    0,    0,  -20,    0,    0,  -18,    0,  -22,    0,
       0,    0,    0,    0,    0,    0,    0,   -5,   -3,    0,    0,    0,    0,    0,    0,    0,    0,    0,    0,    0,  -14,  -22,    0,    0,  -21,    0,  -25,  -28,  -22,    0,    0,    0,    0,  -11,    0,    0,    0,   -8,    0,   -8,  -12,  -11,  -12,  -18,  -15,  -15,  -11,    0,    0,    0,    0,    0,    0,    0,    0,    0,   -8,   -8,   -8,  -11,  -11,    0,  -11,   -8,   -8,    0,   -8,    0,    0,    0,  -12,  -11,   -8,  -11,   -8,    0,   -8,  -11,    0,    0,  -22,    0,  -28,  -22,  -30,  -11,  -15,  -11,    0,    0,    0,    0,  -20,    0,    0,    0,  -28,  -15,    0,    0,    0,    0,  -24,    0,    0,  -14,    0,  -11,    0,
       0,    0,   -8,    0,    0,    0,  -65,    0,  -11,    0,    0,    0,    0,    0,    0,    0,    0,    0,  -27,    0,  -14,  -45,  -16,   -7,    0,    0,  -10,  -17,  -10,  -14,    0,    0,    0,  -28,   -4,   -5,   -4,   -5,   -5,   -5,  -20,   -7,   -7,   -7,  -14,   -5,  -14,    0,    0,    0,    0,    0,    0,    0,  -16,  -16,   -5,   -5,   -2,   -3,  -28,   -4,  -28,   -2,   -5,  -16,   -5,   -5,    0,    0,  -20,  -14,   -4,  -28,   -5,  -16,   -3,  -28,  -16,   -7,  -44,    0,  -17,  -10,  -10,    0,    0,  -28,    0,    0,  -41,    0,    0,    0,    0,    0,  -17,  -14,    0,    0,    0,  -12,  -20,    0,    0,  -14,    0,  -28,    0,
       0,    0,   -3,    0,    0,    0,    0,    0,    0,    0,    0,    0,    0,    0,    0,    0,    0,    0,    0,    0,    0,   -7,    0,    0,    0,    0,  -27,  -23,  -29,    0,    0,    0,    0,   -1,   -7,    0,   -7,    0,    0,    0,   -7,    0,   -7,  -16,  -14,  -11,   -8,    0,    0,    0,    0,    0,    0,    0,    0,    0,    0,    0,    0,    0,   -1,   -7,   -1,    0,    0,    0,    0,    0,    5,    0,   -7,   -8,    0,   -1,    0,    0,    0,   -1,    0,    0,    0,    0,  -23,  -29,    0,    0,    0,   -1,    0,    0,    0,    0,    0,    0,    0,    0,  -23,  -14,    0,    0,    0,    0,    0,    0,    0,    0,    0,   -1,    0,
       0,    0,  -11,    0,    0,    0,    0,    0,   -9,    0,    0,    0,    0,    0,    0,    0,    0,    0,   -3,    0,    0,  -19,    0,    0,  -12,   -3,  -19,  -25,  -16,   -9,    0,    0,    0,   -8,    3,    0,    3,    0,    0,    0,   -7,    0,    0,  -12,  -17,  -12,    0,    0,    0,    0,    0,    0,    0,    0,    0,    0,    0,    0,    3,    5,   -8,    3,   -8,    3,    0,    0,    0,    0,    0,    0,   -7,    0,    0,   -8,    4,    0,    0,   -8,    0,    0,    0,   -7,  -25,  -16,  -16,  -13,  -11,   -8,    0,    0,    0,    0,    0,    0,    0,    0,  -25,  -17,    0,    0,    0,  -22,    0,    0,    0,    0,    0,   -8,    0,
       0,    0,    0,    0,    0,    0,  -13,    0,    0,    0,    0,    0,    0,    0,    0,    0,    0,    0,  -10,    0,    0,  -28,   -3,    0,    0,    0,  -10,  -25,  -10,  -14,    0,    0,    0,   -8,    4,   -3,    4,   -3,   -3,   -3,  -12,   -6,   -8,  -14,  -22,  -12,  -11,    0,    0,    0,    0,    0,    0,    0,   -3,   -3,   -3,   -3,    1,    5,   -8,    4,   -8,    1,   -3,   -3,   -3,   -3,    0,    0,  -12,  -11,   -3,   -8,   -1,   -3,   -4,   -8,   -3,    0,  -19,    0,  -25,  -10,    0,    0,    0,   -8,    0,    0,  -15,    0,    0,    0,    0,    0,  -25,  -22,    0,    0,    0,  -11,    0,    0,    0,    0,    0,   -8,    0,
     -13,   -5,  -15,    0,    0,    0,  -14,  -57,   -4,    0,    0,    0,    0,    0,    0,    0,    0,    0,  -12,  -13,  -37,  -13,  -20,   -7,  -23,  -27,  -16,  -18,  -17,  -17,    0,    0,    0,  -14,    0,   -5,    0,  -13,   -5,  -13,  -22,  -19,  -18,  -23,    0,  -16,   -7,    0,    0,    0,    0,    0,    0,    0,  -20,  -20,  -13,  -13,  -20,  -16,  -14,    0,  -14,  -20,  -13,  -20,  -13,   -5,    0,    0,  -22,   -7,  -13,  -14,  -21,  -20,  -13,  -14,  -20,   -7,   -3,    4,  -18,  -17,  -19,  -15,  -11,  -14,    1,  -16,   -3,  -35,  -33,    0,    0,    0,  -36,    0,    0,    0,  -28,  -40,  -41,    0,    0,  -37,  -16,  -14,    0,
       0,    0,  -23,    0,    0,    0,    0,    0,    0,    0,    0,    0,    0,    0,    0,    0,    0,    0,   -5,    0,  -20,   -7,    0,   -7,  -39,  -24,  -53,  -10,  -54,   -7,    0,    0,    0,   -7,    0,    0,    0,   -8,    0,   -8,   -8,  -15,  -10,  -26,   -7,  -29,    0,    0,    0,    0,    0,    0,    0,    0,    0,    0,   -8,   -8,   -8,   -8,   -7,    0,   -7,   -8,   -8,    0,   -8,    0,    0,    0,   -8,    0,   -8,   -7,   -8,    0,   -8,   -7,    0,   -7,    0,    0,  -10,  -54,    0,    0,    0,   -7,    0,    0,    0,    0,    0,    0,    0,    0,  -10,   -7,    0,    0,    0,    0,    0,    0,    0,  -20,    0,   -7,    0,
       0,    3,   -7,    0,    0,    0,  -83,  -19,  -16,    0,    0,    0,    0,    0,    0,    0,    0,    0,   -6,   -9,   -5,  -29,  -11,   -8,   -5,   -9,  -20,  -28,  -26,  -14,    0,   -3,    0,   -8,   -7,   -3,   -7,   -5,   -3,   -5,   -7,   -7,   -7,   -2,  -10,   -4,  -11,    0,   -4,    0,    0,    0,    0,    0,  -11,  -11,   -5,   -5,   -5,   -5,   -8,   -7,   -8,   -5,   -5,  -11,   -5,   -3,    0,    0,   -7,  -11,   -5,   -8,   -5,  -11,   -5,   -8,  -11,   -8,  -34,  -24,  -28,  -26,  -20,  -20,  -17,   -8,    0,    0,  -30,   -5,    0,    0,    0,    0,  -28,  -10,    0,    0,    0,    0,    0,    0,    0,   -5,    0,   -8,    0,
       0,  -20,   -5,    0,   27,    0,  -24,    0,   37,    0,    0,    0,  -27,    0,    0,    0,    0,    0,    0,   -3,    0,  -14,    0,   37,  -12,    0,  -29,  -37,  -24,  -17,    0,   26,   44,   -3,   -6,    4,   -6,   -4,    4,   -4,   -5,   -3,   -5,  -11,  -13,   -4,    0,   11,   25,    0,    0,    0,    0,    0,    0,    0,   -4,   -4,   -4,   -4,    2,   21,   -3,   -4,   -4,    0,   -4,    4,    0,    0,   -5,    0,   -4,   -3,   -4,    0,   -4,   -3,    0,   37,  -18,   -9,  -37,  -24,  -26,  -17,   -8,   -3,    0,    0,  -15,    0,   -3,    0,    0,    0,  -89,  -13,    0,    0,    0,    0,    0,    0,    0,    0,    0,   -3,    0,
       0,    0,    0,    0,    0,    0,    0,    0,    0,    0,    0,    0,    0,    0,    0,    0,    0,    0,    0,    0,   -9,   -7,   -6,    0,  -20,  -10,  -33,  -16,  -37,   -7,    0,    0,    0,  -12,    0,   -3,    0,   -7,   -3,   -7,    0,   -9,   -9,  -16,   -8,  -14,    0,    0,    0,    0,    0,    0,    0,    0,   -6,   -6,   -7,   -7,   -7,   -7,  -12,    0,  -12,   -7,   -7,   -6,   -7,   -3,    0,    0,    0,    0,   -7,  -12,   -7,   -6,   -7,  -12,   -6,    0,    0,    0,  -16,  -37,    0,    0,  -14,  -12,    0,    0,    0,    0,    0,    0,    0,    0,  -16,   -8,    0,    0,    0,    0,    0,    0,    0,   -9,    0,  -12,    0,
       0,    3,  -15,    0,    0,    0,  -46,  -43,  -16,    0,    0,    0,    0,    0,    0,    0,    0,    0,  -14,   -7,  -16,  -47,  -12,   -8,   -8,   -5,   -8,  -22,  -10,  -19,    0,    0,    0,  -28,   -2,   -8,   -2,  -11,   -8,  -11,  -26,   -7,  -10,   -7,  -19,   -1,  -20,    0,    0,    0,    0,    0,    0,    0,  -12,  -12,  -11,  -11,   -4,  -13,  -28,   -2,  -28,   -5,  -11,  -12,  -11,   -8,    0,    0,  -26,  -20,  -11,  -28,  -19,  -12,  -20,  -28,  -12,   -8,  -50,  -36,  -22,  -10,   -7,  -20,  -26,  -28,    0,    0,  -32,    0,    0,    0,    0,    0,  -82,  -19,    0,    0,    0,  -13,  -31,    0,    0,  -16,    0,  -28,    0,
     -13,   -1,  -29,    0,    0,    0,  -67,  -34,  -29,    0,    0,    0,  -22,    0,    0,    0,    0,    0,  -31,   -4,  -58,  -43,  -20,   -8,   -7,   -7,    3,  -14,    3,  -18,    0,   -4,    0,  -35,   -2,  -16,   -2,  -28,  -16,  -28,  -40,  -22,  -29,  -20,  -44,  -27,  -43,    0,   -5,    0,    0,    0,    0,    0,  -20,  -20,  -28,  -47,  -21,  -17,  -35,   -2,  -35,  -18,  -29,  -20,  -28,  -16,    0,    0,  -40,  -43,  -47,  -35,  -22,  -20,  -25,  -35,  -20,   -8,  -51,  -36,  -41,    3,   -5,  -23,  -32,  -35,  -27,  -33,  -43,  -26,  -31,  -40,  -46,   20,  -14,  -44,    0,    0,  -28,  -31,  -41,  -27,    0,  -58,  -33,  -35,    0,
       0,    0,  -25,    0,    0,    0,  -62,    0,    0,    0,    0,    0,  -20,    0,  -13,    0,   -7,    0,  -37,    0,  -24,  -44,  -14,  -10,   -8,   -7,    3,  -13,    3,  -14,    0,    0,    0,  -40,    2,   -7,    1,  -17,   -7,  -17,  -39,  -19,  -26,  -29,  -38,  -25,  -29,    0,    0,    0,    0,    0,    0,    0,  -14,  -14,  -17,  -31,   -8,   -8,  -40,    1,  -40,   -7,  -20,  -14,  -22,   -5,    0,    0,  -39,  -29,  -22,  -40,  -11,  -14,  -13,  -40,  -14,  -10,  -49,    0,  -13,    3,    0,    0,    0,  -40,    0,    0,  -42,    0,  -31,    0,    0,    8,  -76,  -38,    0,    0,    0,  -40,  -44,    0,    0,  -24,    0,  -40,    0,
       0,    0,  -15,    0,    0,    0,    0,    0,    0,    0,    0,    0,    0,    0,    0,    0,    0,    0,    0,    0,  -16,  -16,  -13,    0,  -17,  -13,  -16,  -20,  -16,    0,    0,    0,    0,   -5,    0,    0,    0,   -8,    0,   -8,  -11,  -12,  -12,  -15,  -13,  -18,    0,    0,    0,    0,    0,    0,    0,    0,  -13,  -13,   -8,   -8,   -8,   -8,   -5,    0,   -5,   -8,   -8,  -13,   -8,    0,    0,    0,  -11,    0,   -8,   -5,   -8,  -13,   -8,   -5,  -13,    0,    0,    0,  -20,  -16,    0,    0,    0,   -5,    0,    0,    0,    0,    0,    0,    0,    0,  -20,  -13,    0,    0,    0,    0,    0,    0,    0,  -16,    0,   -5,    0,
       0,    0,    0,    0,    0,    0,    0,    0,   27,    0,    0,    0,    0,    0,    0,    0,    0,    0,    0,    0,    0,   11,    0,   73,  -32,    0,    3,    0,    3,    0,   20,    0,    8,    0,   14,   37,   14,    0,   37,    0,    0,    0,    0,    0,    0,    0,    0,    0,    0,    0,    0,    0,    0,    0,    0,    0,    0,    0,    0,    0,    0,   14,    0,    0,    0,    0,    0,   37,    0,    0,    0,    0,    0,    0,    0,    0,    0,    0,    0,   73,    8,   16,    0,    3,   -7,    0,   -8,    0,    0,    0,    0,  -15,    0,   -7,   -7,    0,    0,    0,    0,    0,  -20,  -39,    0,    0,    0,    0,    0,    0,    0,
       0,    0,    0,    0,   11,    0,    0,    0,   16,    0,    0,    0,    0,    0,    0,    0,    0,    0,    0,    0,    0,    0,    0,   35,    0,    0,    0,    0,    0,    0,    0,   11,   11,    0,    0,    0,    0,    0,    0,    0,    0,    0,    0,    0,    0,    0,    0,    0,    5,    0,    0,    0,    0,    0,    0,    0,    0,    0,    0,    0,    0,    0,    0,    0,    0,    0,    0,    0,    0,    0,    0,    0,    0,    0,    0,    0,    0,    0,    0,   35,    0,   11,    0,    0,    0,    0,    0,    0,    0,    0,    0,    0,    0,    0,    0,    0,    0,    0,    0,    0,    0,    0,    0,    0,    0,    0,    0,    0,    0,
       0,    0,    0,    0,   11,    0,    0,    0,   21,    0,    0,    0,    0,    0,    0,    0,    0,    0,    0,    0,    0,    0,    0,   22,    0,    0,    0,    0,    0,    0,    0,   10,    0,    0,    0,   22,    0,    0,   22,    0,    0,    0,    0,    0,    0,    0,    0,    0,    8,    0,    0,    0,    0,    0,    0,    0,    0,    0,    0,    0,    0,    0,    0,    0,    0,    0,    0,   22,    0,    0,    0,    0,    0,    0,    0,    0,    0,    0,    0,   22,    0,   21,    0,    0,    0,    0,    0,    0,    0,    0,    0,    0,    0,    0,    0,    0,    0,    0,    0,    0,    0,    0,    0,    0,    0,    0,    0,    0,    0,
      -5,  -38,    0,    0,    0,    0,    3,    0,    1,    0,    0,    0,    0,    0,    0,    0,    0,    0,    0,   -9,    0,    0,    0,    0,    0,    0,    0,    0,    0,    0,    0,    0,    0,    0,    0,    0,    0,    0,    0,    0,    0,    0,    0,  -16,   -7,  -17,    0,    0,    0,    0,    0,    0,    0,    0,    0,    0,    0,    0,    0,    0,    0,    0,    0,    0,    0,    0,    0,    0,    0,    0,    0,    0,    0,    0,    0,    0,    0,    0,    0,    0,    0,    0,    0,    0,    0,    0,    0,    0,    0,   -8,    1,  -34,    0,  -11,    0,    0,    0,   -7,    0,    0,  -29,    0,    0,    0,    0,    0,   -8,    0,    0,
       0,  -31,    0,    0,    0,    0,  -17,    0,   -1,    0,    0,    0,    0,    0,    0,    0,    0,    0,    0,   -3,   -3,    0,    0,    0,    0,    0,    0,    0,    0,    0,    0,    0,    0,    6,    0,    0,    0,    0,    0,    0,    0,    0,    0,  -15,  -17,  -15,    0,    0,    0,    0,    0,    0,    0,    0,    0,    0,    0,    0,    0,    0,    6,    0,    6,    0,    0,    0,    0,    0,    0,    0,    0,    0,    0,    6,    0,    0,    0,    6,    0,    0,    0,    0,    0,    0,    0,    0,    0,    6,    0,   -8,  -12,  -22,  -11,  -14,   -6,    0,    0,  -17,    0,    0,  -15,    0,    3,    0,    0,   -3,   -8,    6,    0,
       0,   -5,    0,    0,    0,    0,    0,  -12,    0,    0,    0,    0,    0,    0,    0,    0,    0,    0,    0,   -5,    0,    0,    0,    0,    0,    0,    0,    0,    0,    0,    0,    0,    0,  -11,  -13,   -3,  -13,   -8,   -3,   -8,    0,    0,   -9,  -13,  -17,   -8,    0,    0,    0,    0,    0,    0,    0,    0,    0,    0,   -8,   -8,   -8,   -8,  -11,  -13,  -11,   -8,   -8,    0,   -8,   -3,    0,   -7,    0,    0,   -8,  -11,   -8,    0,   -8,  -11,    0,    0,    0,    0,    0,    0,    0,    0,    0,  -11,    3,    0,    0,  -14,    0,    0,  -11,    0,    0,  -17,    0,    0,    0,    0,    0,    3,    0,    0,    0,  -11,    0,
       0,  -23,    0,    0,    0,    0,    0,   -3,   11,    0,    0,    0,    0,    0,    0,    0,    0,    0,    0,    0,   -7,    0,    0,    0,    0,    0,    0,    0,    0,    0,    0,   11,    0,    0,    3,    3,    3,    0,    3,    0,    0,    0,    0,  -11,  -11,   -9,    0,    0,    0,    0,    0,    0,    0,    0,    0,    0,    0,    0,    5,    0,    0,    3,    0,    0,    0,    0,    0,    3,    0,    0,    0,    0,    0,    0,    5,    0,    0,    0,    0,    0,    0,    0,    0,    0,    0,    0,    0,    0,    0,    0,    0,  -17,    0,    0,    0,    0,    0,  -11,    0,    0,    0,    0,    0,    0,    0,   -7,    0,    0,    0,
       0,    0,    0,    0,    0,    0,    0,    0,    0,    0,    0,    0,    0,    0,    0,    0,    0,    0,    0,    0,    0,    0,    0,    0,    0,    0,    0,    0,    0,    0,    0,    0,    0,    0,    0,    0,    0,    0,    0,    0,    0,    0,    0,  -11,  -22,  -16,    0,    0,    0,    0,    0,    0,    0,    0,    0,    0,    0,    0,    0,    0,    0,    0,    0,    0,    0,    0,    0,    0,    0,    0,    0,    0,    0,    0,    0,    0,    0,    0,    0,    0,    0,    0,    0,    0,    0,    0,    0,    0,    0,  -14,  -13,  -17,    0,  -13,  -13,    0,    0,  -22,    0,    0,   -7,    0,    0,    0,    0,    0,  -14,    0,    0,
      17,   23,    0,    0,   60,   11,   -8,  -15,    0,    0,    0,    0,    0,    0,    0,    0,    0,    0,   -3,   17,    0,    0,    0,    0,    0,    0,    0,    0,    0,    0,   23,   80,    0,   -3,   23,    5,   23,    3,    5,    3,    0,    6,    3,    8,   -9,    9,    0,    0,    0,    0,    0,    0,    0,    0,    0,    0,   14,    6,   14,   29,   -3,   23,   -3,   20,   11,    0,   14,    5,   16,   12,    0,    0,   25,    1,   45,    0,   14,    0,    0,    0,    0,    0,    0,    0,    0,    0,    0,   -3,    0,    0,    0,    0,    0,    0,    0,    0,    0,   -9,    0,    0,    0,    0,    0,    0,    0,    0,    0,    2,    0,
       0,    0,    0,    0,    0,    0,    0,    0,    5,    0,    0,    0,    0,    0,    0,    0,    0,    0,    0,    0,    0,    0,    0,    0,    0,    0,    0,    0,    0,    0,    0,    0,    0,    0,    0,   11,    0,    0,   11,    0,    0,    0,    0,  -13,  -17,   -9,   -5,    0,    0,    0,    0,    0,    0,    0,    0,    0,    0,    0,    0,    0,    0,    0,    0,    0,    0,    0,    0,   11,    0,    0,    0,   -5,    0,    0,    0,    0,    0,    0,    0,    0,    0,    0,    0,    0,    0,    0,    0,    0,    0,    0,    0,    3,    0,    0,    0,    0,    0,  -17,    0,    0,    0,    0,    0,    0,    0,    0,    0,    0,    0,
      -7,   -8,    0,    0,    0,    0,   -9,  -31,    4,    0,    0,    0,    0,    0,    0,    0,    0,    0,   -8,  -12,  -13,    0,    0,    0,    0,    0,    0,    0,    0,    0,    0,    0,    0,  -17,   -8,   -5,   -8,  -14,   -5,  -14,  -14,   -8,   -9,   -3,   -3,   -3,  -11,    0,    0,    0,    0,    0,    0,    0,    0,    0,  -14,  -14,  -14,  -14,  -17,   -8,  -17,  -14,  -14,    0,  -14,   -5,    0,    0,  -14,  -11,  -14,  -17,  -14,    0,  -14,  -17,    0,    0,    0,    0,    0,    0,    0,    0,    0,  -17,    0,   -3,    3,   -7,   -8,  -10,   -3,    0,    0,   -3,    0,    0,  -11,    0,    0,    0,    0,  -13,   -3,  -17,    0,
       0,    0,    0,    0,    0,    0,    0,    0,    0,    0,    0,    0,    0,    0,    0,    0,    0,    0,    0,    0,    0,    0,    0,    0,    0,    0,    0,    0,    0,    0,    0,    0,   16,    0,    0,   26,    0,    3,   26,   11,    0,    0,    0,  -20,  -19,   -4,    0,    0,    0,    0,    0,    0,    0,    0,    0,    0,    3,    3,    3,    3,    0,   11,    0,    3,    3,    0,    3,   26,    0,    0,    0,    0,    3,    0,    3,    0,    3,    0,    0,    0,    0,    0,    0,    0,    0,    0,    0,    0,    0,    0,    0,    0,    0,    0,    0,    0,    0,  -19,    0,    0,    0,    0,    0,    0,    0,    0,    0,    0,    0,
      -3,    0,    0,    0,   -3,    0,  -41,    0,  -11,    0,    0,    0,    0,    0,    0,    0,    0,    0,    0,   -3,    0,    0,    0,    0,    0,    0,    0,    0,    0,    0,    0,   -5,    0,   -8,   -6,    3,   -6,    3,    3,    3,   -6,    0,    0,    8,   -5,   10,    0,    0,  -12,    0,    0,    0,    0,    0,    0,    0,    3,    3,    3,    3,   -8,   -6,   -8,    3,    3,    0,    3,    3,    3,    0,   -6,    0,    3,   -8,    3,    0,    3,   -8,    0,    0,    0,    0,    0,    0,    0,    0,    0,   -8,    0,   -2,  -20,    5,    0,  -11,  -14,    0,    0,   -5,    0,    0,    0,    0,   -3,    0,    0,    0,   -2,   -8,    0,
       0,    0,    0,    0,    0,    0,  -10,    0,    0,    0,    0,    0,    0,    0,    0,    0,    0,    0,    0,    0,    0,    0,    0,    0,    0,    0,    0,    0,    0,    0,    0,    0,    0,    0,    0,    0,    0,    0,    0,    0,    0,    0,    0,  -28,  -19,  -11,    0,    0,    0,    0,    0,    0,    0,    0,    0,    0,    0,    0,    0,    0,    0,    0,    0,    0,    0,    0,    0,    0,    0,    0,    0,    0,    0,    0,    0,    0,    0,    0,    0,    0,    0,    0,    0,    0,    0,    0,    0,    0,    0,    0,    0,    0,    0,    0,    0,    0,    0,  -19,    0,    0,    0,    0,    0,    0,    0,    0,    0,    0,    0,
       0,   -3,    0,    0,    0,    0,    0,    0,    0,    0,    0,    0,    0,    0,    0,    0,    0,    0,    0,    0,    0,    0,    0,    0,    0,    0,    0,    0,    0,    0,    0,    0,    0,  -12,   -5,   -3,   -5,    0,   -3,    0,   -6,    0,    0,   -6,   -7,   -3,    0,    0,    0,    0,    0,    0,    0,    0,    0,    0,    0,    0,    0,    0,  -12,   -5,  -12,    0,    0,    0,    0,   -3,    0,    0,   -6,    0,    0,  -12,    0,    0,    0,  -12,    0,    0,    0,    0,    0,    0,    0,    0,    0,  -12,    0,    0,    0,    0,    0,    0,    0,    0,    0,   -7,    0,    0,    0,    0,    0,    0,    0,    0,    0,  -12,    0,
       0,    0,    0,    0,    0,    0,    0,    0,   12,    0,    0,    0,    0,    0,    0,    0,    0,    0,    0,    0,    0,    0,    0,    0,    0,    0,    0,    0,    0,    0,    0,    0,    0,   -2,    0,    0,    0,    0,    0,    0,    0,    0,    0,  -10,   -3,  -13,   -8,    0,    0,    0,    0,    0,    0,    0,    0,    0,    0,    0,    0,    0,   -2,    0,   -2,    0,    0,    0,    0,    0,    0,    0,    0,   -8,    0,   -2,    0,    0,    0,   -2,    0,    0,    0,    0,    0,    0,    0,    0,    0,   -2,    0,  -10,    5,  -30,   -7,  -13,   -8,    0,    0,   -3,    0,    0,    0,    0,    0,    0,    0,    0,  -10,   -2,    0,
       0,    0,    0,    0,    0,    0,  -42,   -9,    0,    0,    0,    0,    0,    0,    0,    0,    0,    0,   -8,    0,   -8,    0,    0,    0,    0,    0,    0,    0,    0,    0,    0,    0,    0,  -11,   -4,    2,   -4,   -1,    2,   -1,  -12,    5,    4,   12,   -3,   11,   -6,    0,    0,    0,    0,    0,    0,    0,    0,    0,   -1,   -1,   -1,   -1,  -11,   -4,  -11,   -1,   -1,    0,   -1,    2,    0,    0,  -12,   -6,   -1,  -11,   -1,    0,   -1,  -11,    0,    0,    0,    0,    0,    0,    0,    0,    0,  -11,    0,    0,    0,    7,    0,    0,    0,    0,    0,   -3,    5,    5,    5,    0,    0,    0,    0,   -8,    0,  -11,    0,
       0,    0,    0,    0,    0,    0,    0,    0,    0,    0,    0,    0,    0,    0,    0,    0,    0,    0,    0,    0,    0,    0,    0,    0,    0,    0,    0,    0,    0,    0,    0,    0,    0,    0,   -3,    0,   -3,    0,    0,    0,   -6,    0,    0,  -11,  -11,   -9,    0,    0,    0,    0,    0,    0,    0,    0,    0,    0,    0,    0,    0,    0,    0,   -3,    0,    0,    0,    0,    0,    0,    0,    0,   -6,    0,    0,    0,    0,    0,    0,    0,    0,    0,    0,    0,    0,    0,    0,    0,    0,    0,    0,    0,    0,    0,    0,    0,    0,    0,    0,  -11,    0,    0,    0,    0,    0,    0,    0,    0,    0,    0,    0,
       0,    0,    0,    0,    0,    0,    0,    0,   11,    0,    0,    0,    0,    0,    0,    0,    0,    0,    0,    0,    0,    3,    0,   19,   -5,    0,    0,    0,    0,    0,    5,    0,   11,    0,    8,   16,    8,    0,   16,    0,    0,    0,    0,    0,    0,    0,    0,    0,    0,    0,    0,    0,    0,    0,    0,    0,    0,    0,    0,    0,    0,    8,    0,    0,    0,    0,    0,   16,    0,    0,    0,    0,    0,    0,    0,    0,    0,    0,    0,   19,    3,    3,    0,    0,  -17,    0,    0,    0,    0,    0,    0,  -12,    0,    0,    0,    0,    0,    0,    0,    0,   -5,    0,    0,    0,    0,    0,    0,    0,    0,
       0,    0,    0,    0,    0,    0,    0,    0,    0,    0,    0,    0,    0,    0,    0,    0,    0,    0,    0,    0,    0,  -15,    0,    0,    0,    0,    0,    0,    0,    0,    0,    0,    0,    0,    0,    0,    0,    0,    0,    0,    0,    0,    0,    0,    0,    0,    0,    0,    0,    0,    0,    0,    0,    0,    0,    0,    0,    0,    0,    0,    0,    0,    0,    0,    0,    0,    0,    0,    0,    0,    0,    0,    0,    0,    0,    0,    0,    0,    0,    0,    0,    0,    0,    0,    0,    0,    0,    0,    0,    0,    0,    0,    0,    0,    0,    0,    0,    0,    0,    0,    0,    0,    0,    0,    0,    0,    0,    0,    0,
       0,    0,    0,    0,    0,    0,    0,    0,    0,    0,    0,   -5,    0,    0,    0,    0,   -7,    0,    0,    0,    0,    0,    0,    0,    0,    0,    0,    0,    0,    0,    0,    0,    0,    0,    0,    0,    0,    0,    0,    0,    0,    0,    0,    0,    0,    0,    0,    0,    0,    0,    0,    0,    0,    0,    0,    0,    0,    0,    0,    0,    0,    0,    0,    0,    0,    0,    0,    0,    0,    0,    0,    0,    0,    0,    0,    0,    0,    0,    0,    0,    0,    0,    0,    0,    0,    0,    0,    0,    0,    0,    0,    0,    0,    0,    0,    0,    0,    0,    0,    0,    0,    0,    0,    0,    0,    0,    0,    0,    0,
       0,    0,    0,    0,    0,    0,    0,  -20,    0,    0,    0,    0,    0,    0,    0,    0,    0,    0,    0,    0,    0,    0,    0,    0,    0,    0,    0,    0,    0,    0,    0,    0,    0,    0,    0,    0,    0,    0,    0,    0,    0,    0,    0,    0,    0,    0,    0,    0,    0,    0,    0,    0,    0,    0,    0,    0,    0,    0,    0,    0,    0,    0,    0,    0,    0,    0,    0,    0,    0,    0,    0,    0,    0,    0,    0,    0,    0,    0,    0,    0,    0,    0,    0,    0,    0,    0,    0,    0,    0,    0,    0,    0,    0,    0,    0,    0,    0,    0,    0,    0,    0,    0,    0,    0,    0,    0,    0,    0,    0,
       0,    0,    0,    0,    0,    0,    0,    0,    0,    0,    0,    0,    0,    0,    0,    0,    0,    0,    0,    0,    0,    0,    0,    0,    0,    0,    0,    0,    0,    0,    0,    0,    0,    0,    0,    0,    0,    0,    0,    0,    0,    0,    0,    0,    0,    0,    0,    0,    0,    0,    0,    0,    0,    0,    0,    0,    0,    0,    0,    0,    0,    0,    0,    0,    0,    0,    0,    0,    0,    0,    0,    0,    0,    0,    0,    0,    0,    0,    0,    0,    0,    0,    0,    0,    0,    0,    0,    0,    0,    0,    0,    0,    0,    0,    0,    0,    0,    0,    0,    0,    0,    0,    0,    0,    0,    0,    0,    0,   -5,
       0,    0,    0,    0,    0,    0,  -15,    0,    0,    0,    0,    0,    0,    0,    0,    0,    0,    0,    0,    0,    0,    0,    0,    0,    0,    0,    0,    0,    0,    0,    0,    0,    0,    0,    0,    0,    0,    0,    0,    0,    0,    0,    0,    0,    0,    0,    0,    0,    0,    0,    0,    0,    0,    0,    0,    0,    0,    0,    0,    0,    0,    0,    0,    0,    0,    0,    0,    0,    0,    0,    0,    0,    0,    0,    0,    0,    0,    0,    0,    0,    0,    0,    0,    0,    0,    0,    0,    0,    0,    0,    0,    0,    0,    0,    0,    0,    0,    0,    0,    0,    0,    0,    0,    0,    0,    0,    0,    0,    0,
       0,    0,  -11,    0,    0,    0,    0,    0,   -9,    0,    0,    0,    0,    0,    0,    0,    0,    0,   -3,    0,    0,  -19,    0,    5,  -12,   -3,  -19,  -25,  -16,   -9,   11,    0,    0,   -8,    3,    0,    3,    0,    0,    0,   -7,    0,    0,  -12,  -17,  -12,    0,    0,    0,    0,    0,    0,    0,    0,    0,   12,    0,    0,    3,    5,   -8,    3,   -8,    3,    0,    0,    0,    0,    0,    0,   -7,    0,    0,   -8,    4,    0,    0,   -8,    0,    5,    0,   -7,  -25,  -16,  -16,  -13,  -11,   -8,    0,    0,    0,    0,    0,    0,    0,    0,  -25,  -17,    0,    0,    0,  -22,    0,    0,    0,    0,    0,   -8,    0,
       0,    0,    0,    0,    0,    0,    0,    0,    0,    0,    0,    0,    0,    0,    0,    0,    0,    0,    0,    0,    0,    0,    0,    0,    0,    0,    0,    0,    0,    0,    0,    0,    0,   -3,   -3,   -6,   -3,   -6,   -6,   -6,   -3,   -6,    0,  -16,  -16,  -13,   -8,    0,    0,    0,    0,    0,    0,    0,    0,    0,   -6,   -6,   -6,   -6,   -3,   -3,   -3,   -6,   -6,    0,   -6,   -6,    0,    0,   -3,   -8,   -6,   -3,   -6,    0,   -6,   -3,    0,    0,    0,    0,    0,    0,    0,    0,    0,   -3,    0,    0,    0,    0,    0,    0,    0,    0,    0,  -16,    0,    0,    0,    0,    0,    0,    0,    0,    0,   -3,    0,
       0,   -5,    0,    0,    0,    0,    0,  -12,    0,    0,    0,    0,    0,    0,    0,    0,    0,    0,    0,   -5,    0,    0,    0,    0,    0,    0,    0,    0,    0,    0,    0,    0,    0,  -11,  -13,    1,  -13,   -8,    1,   -8,    0,    0,   -9,  -13,  -17,   -8,    0,    0,    0,    0,    0,    0,    0,    0,    0,    0,   -8,   -8,   -8,   -8,  -11,  -13,  -11,   -8,   -8,    0,   -8,    1,    0,   -7,    0,    0,   -8,  -11,   -8,    0,   -8,  -11,    0,    0,    0,    0,    0,    0,    0,    0,    0,  -11,    3,    0,    0,  -14,    0,    0,  -11,    0,    0,  -17,    0,    0,    0,    0,    0,    3,    0,    0,    0,  -11,    0,
       0,  -23,    0,    0,    0,    0,    0,   -3,   11,    0,    0,    0,    0,    0,    0,    0,    0,    0,    0,    0,   -7,    0,    0,    0,    0,    0,    0,    0,    0,    0,    0,   11,    0,    0,    3,    3,    3,    0,    3,    0,    0,    0,    0,  -11,  -11,   -9,    0,    0,    0,    0,    0,    0,    0,    0,    0,    0,    0,    0,    7,   10,    0,    3,    0,    5,    0,    0,    0,    3,    0,    0,    0,    0,    0,    0,   10,    0,    3,    0,    0,    0,    0,    0,    0,    0,    0,    0,    0,    0,    0,    0,    0,  -17,    0,    0,    0,    0,    0,  -11,    0,    0,    0,    0,    0,    0,    0,   -7,    0,    0,    0,
       0,  -23,    0,    0,    0,    0,    0,   -3,   11,    0,    0,    0,    0,    0,    0,    0,    0,    0,    0,    0,   -7,    0,    0,    0,    0,    0,    0,    0,    0,    0,    0,   11,    0,    0,   15,    3,   15,    0,    3,    0,    0,    0,    0,  -11,  -11,   -9,    0,    0,    0,    0,    0,    0,    0,    0,    0,    0,    5,    0,    5,   17,    0,   15,    0,   11,    4,    0,   10,    3,    0,    0,    0,    0,   10,    0,   19,    0,    4,    0,    0,    0,    0,    0,    0,    0,    0,    0,    0,    0,    0,    0,    0,  -17,    0,    0,    0,    0,    0,  -11,    0,    0,    0,    0,    0,    0,    0,   -7,    0,    0,    0,
       0,  -23,    0,    0,    0,    0,    0,   -3,   11,    0,    0,    0,    0,    0,    0,    0,    0,    0,    0,    0,   -7,    0,    0,    0,    0,    0,    0,    0,    0,    0,    0,   11,    0,    0,   10,    3,   10,    0,    3,    0,    0,    0,    0,  -11,  -11,   -9,    0,    0,    0,    0,    0,    0,    0,    0,    0,    0,    0,    0,    7,   11,    0,   10,    0,   10,    3,    0,    0,    3,    0,    0,    0,    0,    0,    0,   11,    0,    7,    0,    0,    0,    0,    0,    0,    0,    0,    0,    0,    0,    0,    0,    0,  -17,    0,    0,    0,    0,    0,  -11,    0,    0,    0,    0,    0,    0,    0,   -7,    0,    0,    0,
       0,  -23,    0,    0,    0,    0,    0,   -3,   11,    0,    0,    0,    0,    0,    0,    0,    0,    0,    0,    0,   -7,    0,    0,    0,    0,    0,    0,    0,    0,    0,    0,   11,    0,    0,   14,    3,   14,    0,    3,    0,    0,    0,    0,  -11,  -11,   -9,    0,    0,    0,    0,    0,    0,    0,    0,    0,    0,    5,    1,   14,   17,    0,   14,    0,   14,    3,    0,    8,    3,    0,    0,    0,    0,    7,    0,   17,    0,   10,    0,    0,    0,    0,    0,    0,    0,    0,    0,    0,    0,    0,    0,    0,  -17,    0,    0,    0,    0,    0,  -11,    0,    0,    0,    0,    0,    0,    0,   -7,    0,    0,    0,
     -16,  -67,  -22,    0,    0,    0,    2,  -25,    4,    0,    0,    0,    0,    0,    0,    0,    0,    0,    0,  -25,  -16,    3,  -20,  -13,  -53,  -35,  -43,  -13,  -49,  -14,    0,    4,    0,  -11,  -14,  -11,  -14,  -13,  -11,  -13,   -8,  -19,  -19,  -28,   -3,  -28,  -13,    0,    3,   -8,    0,    0,    0,    0,  -20,  -20,  -13,  -13,  -13,  -13,  -11,  -14,  -11,  -13,  -13,  -20,  -13,  -11,    0,    0,   -8,  -13,  -13,  -11,  -13,  -20,  -13,  -11,  -20,  -13,    3,    4,  -13,  -49,  -73,  -20,   -9,  -11,  -11,  -19,    7,  -51,  -42,  -17,    0,    0,  -13,   -3,    0,    0,  -41,  -46,  -30,  -11,    0,  -16,  -19,  -11,    0,
       0,   -5,    0,    0,    0,    0,    0,  -12,    0,    0,    0,    0,    0,    0,    0,    0,    0,    0,    0,   -5,    0,    0,    0,    0,    0,    0,    0,    0,    0,    0,    0,    0,    0,  -11,  -21,   -3,  -21,   -8,   -3,   -8,    0,    0,   -9,  -13,  -17,   -8,    0,    0,    0,    0,    0,    0,    0,    0,    0,    0,   -8,   -8,   -8,   -8,  -11,  -21,  -11,   -8,   -8,    0,   -8,   -3,    0,   -7,    0,    0,   -8,  -11,   -8,    0,   -8,  -11,    0,    0,    0,    0,    0,    0,    0,    0,    0,  -11,    3,    0,    0,  -14,    0,    0,  -11,    0,    0,  -17,    0,    0,    0,    0,    0,    3,    0,    0,    0,  -11,    0,
      32,   34,    0,    0,   38,   27,    0,    0,    0,    0,    0,    0,    0,    0,    0,    0,    0,    0,    0,   38,    0,    0,    0,    0,    0,    0,    0,    0,    0,    0,   47,   38,    0,    8,   47,   33,   47,   25,   33,   25,    0,   27,   25,   22,   22,   25,   22,    0,   38,    0,    0,    0,    0,    0,    0,    0,   25,   25,   25,   25,    8,   47,   26,   25,   25,    0,   25,   33,   36,    0,   25,   43,   25,    8,   25,    0,   25,    8,    0,    0,    0,    0,    0,    0,    0,    0,    0,    8,    0,    0,    0,    0,    0,    0,    0,    0,    0,   22,    0,    0,    0,    0,    0,    0,    0,    0,    0,    8,    0,
       0,    0,    0,    0,    0,    0,    0,    0,    0,    0,    0,    0,    0,    0,    0,    0,    0,    0,    0,    0,    0,    0,    0,    0,    0,    0,    0,    0,    0,    0,    0,    0,    0,    0,    0,   -3,    0,    0,   -3,    0,    0,    0,    0,  -19,  -11,  -11,    0,    0,    0,    0,    0,    0,    0,    0,    0,    0,    0,    0,    0,    0,    0,    0,    0,    0,    0,    0,    0,   -3,    0,    8,    0,    0,    0,    0,    5,    0,    0,    0,    0,    0,    0,    0,    0,    0,    0,    0,    0,    0,    0,    0,    0,    0,    0,    0,    0,    0,    0,  -11,    0,    0,    0,    0,    0,    0,    0,    0,    0,    0,    0,
       0,    0,    0,    0,    0,    0,    0,   -5,   -3,    0,    0,    0,    0,    0,    0,    0,    0,    0,    0,    0,  -14,  -22,    0,    7,  -21,    0,  -25,  -28,  -22,    0,    0,    0,    0,  -11,    0,    0,    0,   -8,    0,   -8,  -12,  -11,  -12,  -18,  -15,  -15,  -11,    0,    0,    0,    0,    0,    0,    0,    0,    0,   -8,   -8,   -8,  -11,  -11,    0,  -11,   -8,   -8,    0,   -8,    0,    0,    0,  -12,  -11,   -8,  -11,   -8,    0,   -8,  -11,    0,    7,  -22,    0,  -28,  -22,  -30,  -11,  -15,  -11,    0,    0,    0,    0,  -20,    0,    0,    0,  -28,  -15,    0,    0,    0,    0,  -24,    0,    0,  -14,    0,  -11,    0,
       0,  -23,    0,    0,    0,    0,    0,   -3,   11,    0,    0,    0,    0,    0,    0,    0,    0,    0,    0,    0,   -7,    0,    0,    0,    0,    0,    0,    0,    0,    0,    0,   11,    0,    0,   14,    3,   14,    0,    3,    0,    0,    0,    0,  -11,  -11,   -9,    0,    0,    0,    0,    0,    0,    0,    0,    0,    0,   10,    0,    7,   16,    0,   14,    0,   11,    7,    0,   11,   14,    0,    0,    0,    0,   11,    0,   32,    0,    5,    0,    0,    0,    0,    0,    0,    0,    0,    0,    0,    0,    0,    0,    0,  -17,    0,    0,    0,    0,    0,  -11,    0,    0,    0,    0,    0,    0,    0,   -7,    0,    0,    0,
       0,  -23,    0,    0,    0,    0,    0,   -3,   11,    0,    0,    0,    0,    0,    0,    0,    0,    0,    0,    0,   -7,    0,    0,    0,    0,    0,    0,    0,    0,    0,    0,   11,    0,    0,    3,    3,    3,    0,    3,    0,    0,    0,    0,  -11,  -11,   -9,    0,    0,    0,    0,    0,    0,    0,    0,    0,    0,    0,    0,    5,   10,    0,    3,    0,    7,    0,    0,    3,    3,    0,    0,    0,    0,    0,    0,   17,    0,    3,    0,    0,    0,    0,    0,    0,    0,    0,    0,    0,    0,    0,    0,    0,  -17,    0,    0,    0,    0,    0,  -11,    0,    0,    0,    0,    0,    0,    0,   -7,    0,    0,    0,
       0,  -23,    0,    0,    0,    0,    0,   -3,   11,    0,    0,    0,    0,    0,    0,    0,    0,    0,    0,    0,   -7,    0,    0,    0,    0,    0,    0,    0,    0,    0,    0,   11,    0,    0,    3,    3,    3,    0,    3,    0,    0,    0,    0,  -11,  -11,   -9,    0,    0,    0,    0,    0,    0,    0,    0,    0,    0,    7,    0,   10,   15,    0,    3,    0,   11,    4,    0,   14,    3,    0,    0,    0,    0,   12,    0,   31,    0,    3,    0,    0,    0,    0,    0,    0,    0,    0,    0,    0,    0,    0,    0,    0,  -17,    0,    0,    0,    0,    0,  -11,    0,    0,    0,    0,    0,    0,    0,   -7,    0,    0,    0,
       0,  -23,    0,    0,    0,    0,    0,   -3,   11,    0,    0,    0,    0,    0,    0,    0,    0,    0,    0,    0,   -7,    0,    0,    0,    0,    0,    0,    0,    0,    0,    0,   11,    0,    0,    3,   14,    3,    0,   14,    0,    0,    0,    0,  -11,  -11,   -9,    0,    0,    0,    0,    0,    0,    0,    0,    0,    0,    0,    0,    5,    0,    0,    3,    0,    0,    0,    0,    0,   14,    0,    0,    0,    0,    0,    0,    5,    0,    0,    0,    0,    0,    0,    0,    0,    0,    0,    0,    0,    0,    0,    0,    0,  -17,    0,    0,    0,    0,    0,  -11,    0,    0,    0,    0,    0,    0,    0,   -7,    0,    0,    0,
       0,    0,    0,    0,    0,    0,    0,    0,    5,    0,    0,    0,    0,    0,    0,    0,    0,    0,    0,    0,    0,    0,    0,    0,    0,    0,    0,    0,    0,    0,    0,    0,    0,    0,   10,   11,   10,    0,   11,    0,    0,    0,    0,  -13,  -17,   -9,   -5,    0,    0,    0,    0,    0,    0,    0,    0,    0,    0,    0,    0,    0,    0,   10,    0,    0,    0,    0,    0,   11,    0,    0,    0,   -5,    0,    0,    0,    0,    0,    0,    0,    0,    0,    0,    0,    0,    0,    0,    0,    0,    0,    0,    0,    3,    0,    0,    0,    0,    0,  -17,    0,    0,    0,    0,    0,    0,    0,    0,    0,    0,    0,
       0,    0,    0,    0,    0,    0,    0,    0,    0,    0,    0,    0,    0,    0,    0,    0,    0,    0,    0,    3,    0,    3,    0,    0,    0,    0,    4,    0,    3,    0,    0,    0,    0,    0,    8,    0,    8,    0,    0,    0,    0,    0,    0,    0,    0,    0,    0,    0,    0,    0,    0,    0,    0,    0,    0,    0,    0,    0,    0,    0,    0,    8,    0,    0,    0,    0,    0,    0,    0,    0,    0,    0,    0,    0,    0,    0,    0,    0,    0,    0,    0,    0,    0,    3,    0,    0,    0,    0,    0,    0,    0,    0,    0,    0,    0,    0,    0,    0,    0,    0,    0,    0,    0,    0,    0,    0,    0,    0,    0,
       0,    0,    0,    0,    0,    0,    0,    0,    0,    0,    0,    0,    0,    0,    0,    0,    0,    0,    0,    0,    0,    0,    0,    0,    0,    0,    0,    0,    0,    0,    0,    0,    0,    8,    0,    0,    0,    0,    0,    0,    0,    0,    0,    0,    0,    0,    0,    0,    0,    0,    0,    0,    0,    0,    0,    0,    0,    0,    0,    0,    8,    0,    8,    0,    0,    0,    0,    0,    0,    0,    0,    0,    0,    8,    0,    0,    0,    8,    0,    0,    0,    0,    0,    0,    0,    0,    0,    8,    0,    0,    0,    0,    0,    0,    0,    0,    0,    0,    0,    0,    0,    0,    0,    0,    0,    0,    0,    8,    0,
       0,    0,    0,    0,    0,    0,    0,    0,    0,    0,    0,    0,    0,    0,    0,    0,    0,    0,    0,    0,    0,    0,    0,    0,    0,    0,    0,    0,    0,    0,    0,    0,    0,    0,    0,    0,    0,    0,    0,    0,    0,    5,    0,    5,    0,    5,    0,    0,    0,    0,    0,    0,    0,    0,    0,    0,    0,    0,    0,    0,    0,    0,    0,    0,    0,    0,    0,    0,    0,    0,    0,    0,    0,    0,    0,    0,    0,    0,    0,    0,    0,    0,    0,    0,    0,    0,    0,    0,    0,    0,    0,    0,    0,    0,    0,    0,    0,    0,    0,    0,    0,    0,    0,    0,    0,    0,    0,    0,    0,
       0,    0,    0,    0,    0,    0,  -10,    0,    0,    0,    0,    0,    0,    0,    0,    0,    0,    0,    0,    0,    0,    0,    0,    0,    0,    0,    0,    0,    0,    0,    0,    0,    0,    0,    0,    0,    0,    0,    0,    0,    0,    0,    0,  -13,  -19,  -11,    0,    0,    0,    0,    0,    0,    0,    0,    0,    0,    0,    0,    0,    0,    0,    0,    0,    0,    0,    0,    0,    0,    0,    0,    0,    0,    0,    0,    0,    0,    0,    0,    0,    0,    0,    0,    0,    0,    0,    0,    0,    0,    0,    0,    0,    0,    0,    0,    0,    0,    0,  -19,    0,    0,    0,    0,    0,    0,    0,    0,    0,    0,    0,
       0,    8,    0,    0,   16,    0,    0,    0,    0,    0,    0,    0,    0,    0,    0,    0,    0,    0,    0,   11,    0,    0,    0,    0,    0,    0,    0,    0,    0,    0,   16,   16,    0,  -12,    7,   -1,    7,    0,   -1,    0,   -6,    0,    0,   -6,   -7,   -3,    0,    0,   16,    0,    0,    0,    0,    0,    0,    0,    0,    0,    0,    0,  -12,    7,  -12,    0,    0,    0,    0,   -1,    0,    0,   -6,    3,    0,  -12,    0,    0,    0,  -12,    0,    0,    0,    0,    0,    0,    0,    0,    0,  -12,    0,    0,    0,    0,    0,    0,    0,    0,    0,   -7,    0,    0,    0,    0,    0,    0,    0,    0,    0,  -12,    0,
     -13,   -1,  -29,    0,    0,    0,  -67,  -34,  -29,    0,    0,    0,  -22,    0,    0,    0,    0,    0,  -31,   -4,  -52,  -43,  -20,   -8,   -7,   -7,    3,  -14,    3,  -18,    0,   -4,    0,  -35,   -2,  -16,   -2,  -28,  -16,  -28,  -40,  -22,  -29,  -20,  -44,  -27,  -43,    0,   -5,    0,    0,    0,    0,    0,  -20,  -20,  -28,  -47,  -21,  -17,  -35,   -2,  -35,  -18,  -29,  -20,  -28,  -16,    0,    0,  -40,  -43,  -47,  -35,  -22,  -20,  -25,  -35,  -20,   -8,  -51,  -36,  -41,    3,   -5,  -23,  -32,  -35,  -27,  -33,  -43,  -26,  -31,  -40,  -46,   20,  -14,  -44,    0,    0,  -28,  -31,  -41,  -27,    0,  -52,  -33,  -35,    0,
       0,    0,    0,    0,    0,    0,    0,    0,    0,    0,    0,    0,    0,    0,    0,    0,    0,    0,    0,    0,    0,   -3,    0,    0,  -12,    0,  -23,  -32,  -34,  -17,    0,    0,    0,    0,    4,    0,    4,   -1,    0,   -1,    0,    0,    0,    0,  -13,   -6,    0,    0,    0,    0,    0,    0,    0,    0,    0,    0,   -1,   -1,   -1,   -1,    0,    4,    0,   -1,   -1,    0,   -1,    0,    0,    0,    0,    0,   -1,    0,   -1,    0,   -1,    0,    0,    0,    0,    0,  -32,  -34,    0,    0,    0,    0,    0,    0,    0,    0,    0,    0,    0,    0,  -32,  -13,    0,    0,    0,    0,    0,    0,    0,    0,    0,    0,    0,
       0,    0,    0,    0,    0,    0,    0,    0,    0,    0,    0,    0,    0,    0,    0,    0,    0,    0,    0,    0,    0,    0,    0,    0,    0,    0,    0,    0,    0,    0,    0,    0,    0,    0,    5,    3,    5,    3,    3,    3,    0,    0,    3,    3,    0,    3,    0,    0,    0,    0,    0,    0,    0,    0,    0,    0,    3,    3,    3,    3,    0,    5,    0,    3,    3,    0,    3,    3,    0,    0,    0,    0,    3,    0,    3,    0,    3,    0,    0,    0,    0,    0,    0,    0,    0,    0,    0,    0,    0,    0,    0,    0,    0,    0,    0,    0,    0,    0,    0,    0,    0,    0,    0,    0,    0,    0,    0,    0,    0,
       0,    0,    0,    0,    0,    0,    0,    0,    0,    0,    0,    0,    0,    0,    0,    0,    0,    0,    0,    0,    0,    0,    0,    0,    3,    4,    3,    0,    4,    0,    0,    0,    0,    0,   11,    0,   11,    0,    0,    0,    0,    0,    0,    0,    0,    0,    0,    0,    0,    0,    0,    0,    0,    0,    5,    5,    0,    0,    0,    0,    0,   11,    0,    0,    0,    0,    0,    0,    0,    0,    0,    0,    0,    0,    0,    4,    0,    0,    0,    0,    0,    0,    0,    4,    0,    0,    0,    0,    0,    0,    0,    0,    0,    0,    0,    0,    0,    0,    0,    0,    0,    0,    0,    0,    0,    0,    0,    0,    0,
       0,    0,    0,    0,    0,    0,    0,    0,    0,    0,    0,    0,    0,    0,    0,    0,    0,    0,    0,    0,    0,    0,    0,    0,    0,    0,    0,    0,    0,    0,    0,    0,    0,    0,   11,   11,   11,   11,   11,   11,    0,   10,   11,   11,    5,    4,    3,    0,    0,    0,    0,    0,    0,    0,    0,    0,   11,   11,   11,   11,    0,   11,    0,   11,   11,    0,   11,   11,    0,    0,    0,    3,   11,    0,   11,    0,   11,    0,    0,    0,    0,    0,    0,    0,    0,    0,    0,    0,    0,    0,    5,    0,    0,    0,    0,    0,    0,    5,    0,    0,    0,    0,    0,    0,    0,    0,    0,    0,    0,
       0,  -23,    0,    0,    0,    0,    0,   -3,   11,    0,    0,    0,    0,    0,    0,    0,    0,    0,    0,    0,   -7,    0,    0,    0,    0,    0,    0,    0,    0,    0,    0,   11,    0,    0,   11,    3,   11,    0,    3,    0,    0,    0,    0,  -11,  -11,   -9,    0,    0,    0,    0,    0,    0,    0,    0,    0,    0,    4,    0,    4,   12,    0,   11,    0,    7,    3,    0,    7,    3,    0,    0,    0,    0,   10,    0,   25,    0,    3,    0,    0,    0,    0,    0,    0,    0,    0,    0,    0,    0,    0,    0,    0,  -17,    0,    0,    0,    0,    0,  -11,    0,    0,    0,    0,    0,    0,    0,   -7,    0,    0,    0,
       0,  -23,    0,    0,    0,    0,    0,   -3,   11,    0,    0,    0,    0,    0,    0,    0,    0,    0,    0,    0,   -7,    0,    0,    0,    0,    0,    0,    0,    0,    0,    0,   11,    0,    0,    3,    3,    3,    0,    3,    0,    0,    0,    0,  -11,  -11,   -9,    0,    0,    0,    0,    0,    0,    0,    0,    0,    0,    0,    0,    7,   12,    0,    3,    0,    8,    0,    0,    0,    3,    0,    0,    0,    0,    3,    0,   10,    0,   10,    0,    0,    0,    0,    0,    0,    0,    0,    0,    0,    0,    0,    0,    0,  -17,    0,    0,    0,    0,    0,  -11,    0,    0,    0,    0,    0,    0,    0,   -7,    0,    0,    0,
       0,  -23,    0,    0,    0,    0,    0,   -3,   11,    0,    0,    0,    0,    0,    0,    0,    0,    0,    0,    0,   -7,    0,    0,    0,    0,    0,    0,    0,    0,    0,    0,   11,    0,    0,   13,    3,   13,    0,    3,    0,    0,    0,    0,  -11,  -11,   -9,    0,    0,    0,    0,    0,    0,    0,    0,    0,    0,    0,    1,   12,   16,    0,   13,    0,   12,    5,    0,    4,    3,    0,    0,    0,    0,    4,    0,   15,    0,   14,    0,    0,    0,    0,    0,    0,    0,    0,    0,    0,    0,    0,    0,    0,  -17,    0,    0,    0,    0,    0,  -11,    0,    0,    0,    0,    0,    0,    0,   -7,    0,    0,    0,
       0,  -22,    0,    0,    0,    0,  -21,    0,    0,    0,    0,    0,  -13,    0,    0,    0,    0,    0,    0,   -9,   -3,  -23,  -16,   -3,  -55,    0,  -42,  -37,  -40,  -19,    0,    0,    0,   -6,   -7,   -7,   -7,  -11,   -7,  -11,   -7,   -7,  -10,  -16,  -23,  -18,  -11,    0,    0,    0,    0,    0,    0,    0,  -16,  -16,  -11,  -11,  -11,  -11,   -6,   -7,   -6,  -11,  -11,  -16,  -11,   -7,    0,    0,   -7,  -11,  -11,   -6,  -11,  -16,  -11,   -6,  -16,   -3,  -25,  -20,  -37,  -40,  -48,  -25,  -20,   -6,    0,    0,    0,    0,  -14,    0,    0,    0,  -37,  -23,    0,    0,    0,    0,  -17,    0,    0,   -3,    0,   -6,    0,
      -5,    4,    0,    0,   -8,    0,  -74,  -55,  -42,    0,    0,    0,  -18,    0,    0,    0,    0,    0,  -18,   -3,  -28,  -71,  -19,    0,   -7,    0,    3,  -21,   -4,    0,    0,   -5,    0,  -44,    4,   -7,    4,  -13,   -7,  -13,  -34,   -7,  -13,   -7,  -16,  -10,    0,    0,   -9,    0,    0,    0,    0,    0,  -19,  -19,  -13,  -13,  -13,  -13,  -44,    4,  -44,  -13,  -13,  -19,  -13,   -7,    0,    0,  -34,    0,  -13,  -44,  -13,  -19,  -13,  -44,  -19,    0,  -61,  -47,  -55,   -4,  -13,  -22,  -38,  -44,  -23,  -24,  -38,  -13,  -10,  -24,  -47,    6,  -21,  -31,   -7,    0,  -15,    0,  -46,  -23,    0,  -28,  -24,  -44,    0,
       0,    0,  -11,    0,    0,    0,    0,    0,   -9,    0,    0,    0,    0,    0,    0,    0,    0,    0,   -3,    0,    0,  -19,    0,    0,  -12,   -3,  -19,  -25,  -16,   -9,    0,    0,    0,   -8,    3,    0,    3,    0,    0,    0,   -7,    0,    0,  -12,  -17,  -12,    0,    0,    0,    0,    0,    0,    0,    0,    0,    0,    0,    0,    3,    5,   -8,    3,   -8,    3,    0,    0,    0,    0,    0,    0,   -7,    0,    0,   -8,    4,    0,    0,   -8,   12,    0,    0,   -7,  -25,  -16,  -16,  -13,  -11,   -8,    0,    0,    0,    0,    0,    0,    0,    0,  -25,  -17,    0,    0,    0,  -22,    0,    0,    0,    0,    0,   -8,    0,
       0,    0,    0,    0,    0,    0,    0,    0,    0,    0,    0,    0,    0,    0,    0,    0,    0,    0,    0,    0,   -3,  -20,    0,    7,  -11,   -3,  -11,  -14,  -10,    0,    0,    0,    0,   -9,    0,    0,    0,   -1,    0,   -1,  -11,   -3,   -7,  -21,  -25,  -17,   -5,    0,    0,    0,    0,    0,    0,    0,    0,    0,   -1,   -1,   -1,   -1,   -9,    0,   -9,   -1,   -1,    0,   -1,    0,    0,    0,  -11,   -5,   -1,   -9,   -1,    0,   -1,   -9,    0,    7,    0,    0,  -14,  -10,    0,    0,    0,   -9,  -19,  -22,  -16,  -26,  -25,  -20,    0,   10,  -14,  -25,    0,    0,    0,    0,    0,  -19,    0,   -3,  -22,   -9,    0,
      -4,  -29,  -13,    0,    0,    0,    0,    0,    0,    0,    0,    0,    0,    0,    0,    0,    0,    0,    0,   -8,   -3,  -26,  -12,   -1,  -38,    0,    0,  -32,  -52,    0,    0,    0,    0,    0,    0,    0,    0,    0,    0,    0,    0,    0,    0,    0,    0,   -9,    0,    0,    0,    0,    0,    0,    0,    0,  -12,  -12,    0,    0,    0,    0,    0,    0,    0,    0,    0,  -12,    0,    0,    0,    0,    0,    0,    0,    0,    0,  -12,    0,    0,  -12,   -1,  -14,  -15,  -32,  -52,  -53,    0,  -19,    0,    0,    0,    0,    0,    0,    0,    0,    0,  -32,    0,    0,    0,    0,    0,    0,    0,    0,   -3,    0,    0,    0,
       0,  -38,    0,    0,    0,    0,    0,    0,    0,    0,    0,    0,  -22,    0,    0,    0,    0,    0,    0,    0,  -23,   -3,  -22,    0,  -42,  -30,  -59,  -29,  -56,    0,    0,    0,    0,   -9,    0,    0,    0,   -6,    0,   -6,  -16,    0,    0,  -30,    0,  -30,    0,    0,    0,    0,    0,    0,    0,    0,  -22,  -22,   -6,   -6,   -6,   -6,   -9,    0,   -9,   -6,   -6,  -22,   -6,    0,    0,    0,  -16,    0,   -6,   -9,   -6,  -22,   -6,   -9,  -22,    0,   -3,    3,  -29,  -56,  -59,  -28,    0,   -9,    0,   -4,    3,  -49,  -39,  -22,    0,    0,  -29,    0,    0,    0,    0,  -40,  -25,    0,    0,  -23,   -4,   -9,    0,
     -13,   -1,  -29,    0,    0,    0,  -67,  -34,  -29,    0,    0,    0,  -22,    0,    0,    0,    0,    0,  -31,   -4,  -28,  -43,  -20,   -8,   -7,   -7,    3,  -14,    3,  -18,    0,   -4,    0,  -35,   -2,  -16,   -2,  -28,  -16,  -28,  -40,  -22,  -29,  -20,  -44,  -27,  -43,    0,   -5,    0,    0,    0,    0,    0,  -20,  -20,  -28,  -47,  -21,  -17,  -35,   -2,  -35,  -18,  -29,  -20,  -28,  -16,    0,    0,  -40,  -43,  -47,  -35,  -22,  -20,  -25,  -35,  -20,   -8,  -51,  -36,  -41,    3,   -5,  -23,  -32,  -35,  -27,  -33,  -43,  -26,  -31,  -40,  -46,   20,  -14,  -44,    0,    0,  -28,  -31,  -41,  -27,    0,  -52,  -33,  -35,    0,
       0,  -22,    0,    0,    0,    0,  -21,    0,    0,    0,    0,    0,  -13,    0,    0,    0,    0,    0,    0,   -9,   -3,  -23,  -16,   -3,  -57,    0,  -42,  -37,  -40,  -19,    0,    0,    0,   -6,   -7,   -7,   -7,  -11,   -7,  -11,   -7,   -7,  -10,  -16,  -23,  -18,  -11,    0,    0,    0,    0,    0,    0,    0,  -16,  -16,  -11,  -11,  -11,  -11,   -6,   -7,   -6,  -11,  -11,  -16,  -11,   -7,    0,    0,   -7,  -11,  -11,   -6,  -11,  -16,  -11,   -6,  -16,   -3,  -25,  -20,  -37,  -40,  -48,  -25,  -20,   -6,    0,    0,    0,    0,  -14,    0,    0,    0,  -37,  -23,    0,    0,    0,    0,  -17,    0,    0,   -3,    0,   -6,    0,
      -5,    4,    0,    0,   -8,    0,  -74,  -55,  -42,    0,    0,    0,  -18,    0,    0,    0,    0,    0,  -18,   -3,  -28,  -71,  -19,    0,   -7,    0,    3,  -21,   -4,    0,    0,   -5,    0,  -44,    4,   -7,    4,  -13,   -7,  -13,  -34,   -7,  -13,   -7,  -34,  -10,    0,    0,   -9,    0,    0,    0,    0,    0,  -19,  -19,  -13,  -13,  -13,  -13,  -44,    4,  -44,  -13,  -13,  -19,  -13,   -7,    0,    0,  -34,    0,  -13,  -44,  -13,  -19,  -13,  -44,  -19,    0,  -61,  -47,  -55,   -4,  -13,  -22,  -38,  -44,  -23,  -24,  -38,  -13,  -10,  -24,  -47,    6,  -21,  -85,   -7,    0,  -15,    0,  -46,  -23,    0,  -28,  -24,  -44,    0,
       0,    0,    0,  -13,   12,    0,    3,    0,   12,    0,    0,    0,   -9,    0,    0,    0,    0,    0,    0,   -3,  -12,   -7,   -5,   15,  -27,    0,  -31,  -16,  -21,    0,    0,   10,    0,  -21,    0,   22,    0,    0,   22,    0,    0,    0,    0,  -33,    0,    0,    0,    0,    5,    0,    0,    0,    0,    0,   -5,   -5,    0,    0,    0,    0,  -21,    0,  -21,    0,    0,   -5,    0,   22,    0,    0,    0,    0,    0,  -21,    0,   -5,    0,  -21,   -5,   15,   -5,    5,  -16,  -44,  -32,  -10,   -7,  -21,    0,    5,   -1,    0,    0,    0,    0,    0,  -16,    0,    0,    0,    0,  -30,  -18,    0,    0,  -12,    5,  -21,    0,
       0,  -20,   -5,    0,    0,    0,  -24,    0,    3,    0,    0,    0,  -27,    0,    0,    0,    0,    0,    0,   -3,    0,  -14,    0,    0,  -12,    0,  -29,  -37,  -48,  -17,    0,    0,    0,   -3,   -3,    4,   -3,   -3,    4,   -3,   -5,   -3,   -5,  -11,  -13,   -6,    0,    0,    0,    0,    0,    0,    0,    0,    0,    0,   -3,   -3,   -3,   -3,   -3,    3,   -3,   -3,   -3,    0,   -3,    4,    0,    0,   -5,    0,   -3,   -3,   -3,    0,   -3,   -3,    0,    0,  -18,   -9,  -37,  -48,  -26,  -17,   -8,   -3,    0,    0,  -15,    0,   -3,    0,    0,    0,  -89,  -13,    0,    0,    0,    0,    0,    0,    0,    0,    0,   -3,    0,
       0,  -20,   -5,    0,    0,    0,  -24,    0,    3,    0,    0,    0,  -27,    0,    0,    0,    0,    0,    0,   -3,    0,  -14,    0,    0,  -12,    0,  -29,  -37,  -24,  -17,    0,    0,    0,   -3,   -3,    4,   -3,   -3,    4,   -3,   -5,   -3,   -5,  -11,  -13,   -6,    0,    0,    0,    0,    0,    0,    0,    0,    0,    0,   -3,   -3,   -3,   -3,   -3,    3,   -3,   -3,   -3,    0,   -3,    4,    0,    0,   -5,    0,   -3,   -3,   -3,    0,   -3,   -3,    0,    0,  -18,   -9,  -37,  -24,  -26,  -17,   -8,   -3,    0,    0,  -15,   -9,   -3,    0,    0,    0,  -89,  -13,    0,    0,    0,    0,    0,    0,    0,    0,    0,   -3,    0,
       0,  -17,    0,    0,    0,    0,  -10,    0,    0,    0,    0,    0,    0,    0,    0,    0,    0,    0,    0,   -3,    0,    0,    0,    0,    0,    0,    0,    0,    0,    0,    0,    0,    0,    0,    0,    0,    0,   -3,    0,   -3,    0,    0,    0,    0,  -16,  -13,    0,    0,    0,    0,    0,    0,    0,    0,    0,    0,   -3,   -3,   -3,   -3,    0,    0,    0,   -3,   -3,    0,   -3,    0,    0,    0,    0,    0,   -3,    0,   -3,    0,   -3,    0,    0,    0,    0,    0,    0,    0,    0,    0,    0,    0,    0,   -8,  -13,  -21,    0,  -13,  -11,    0,    0,  -16,    0,    0,  -20,    0,    0,    0,    0,    0,   -8,    0,    0,
       0,    0,    0,    0,   13,    0,    4,    0,   27,    0,    0,    0,    0,    0,    0,    0,    0,    0,    0,    0,    0,    0,    0,    0,    0,    0,    0,    0,    0,    0,    0,   10,   21,   -7,    3,   42,    3,   -7,   42,   -7,    0,    0,    0,    0,    1,    4,    0,    0,    5,    0,    0,    0,    0,    0,    0,    0,   -7,   -7,   -7,   -7,   -7,    3,   -7,   -7,   -7,    0,   -7,   42,    0,    0,    0,    0,   -7,   -7,   -7,    0,   -7,   -7,    0,    0,    0,    0,    0,    0,    0,    0,    0,   -7,    4,   -9,   10,  -22,  -17,   -7,    3,    0,    0,    1,    0,    0,  -25,    0,  -25,    4,    0,    0,  -14,   -7,    0,
       0,    0,    0,    0,   13,    0,    4,    0,   27,    0,    0,    0,    0,    0,    0,    0,    0,    0,    0,    0,    0,    0,    0,    0,    0,    0,    0,    0,    0,    0,    0,   10,   21,   -7,    3,   16,    3,   -7,   16,   -7,    0,    0,    0,    0,    1,    5,    0,    0,    5,    0,    0,    0,    0,    0,    0,    0,   -7,   -7,   -7,   -7,   -7,    3,   -7,   -7,   -7,    0,   -7,   16,    0,    0,    0,    0,   -7,   -7,   -7,    0,   -7,   -7,    0,    0,    0,    0,    0,    0,    0,    0,    0,   -7,    4,   -9,   10,  -22,  -17,   -7,    3,    0,    0,    1,    0,    0,  -25,    0,  -25,    4,    0,    0,   -9,   -7,    0,
      -5,  -22,    0,    0,    0,    0,    0,    0,   10,    0,    0,    0,    0,    0,    0,    0,    0,    0,    0,   -4,    0,    0,    0,    0,    0,    0,    0,    0,    0,    0,    0,    0,    0,   -5,    0,    0,    0,   -7,    0,   -7,   -5,    0,    0,    0,  -15,  -22,    0,    0,    0,    0,    0,    0,    0,    0,    0,    0,   -7,   -7,   -7,   -7,   -5,    0,   -5,   -7,   -7,    0,   -7,    0,    0,    0,   -5,    0,   -7,   -5,   -7,    0,   -7,   -5,    0,    0,    0,    0,    0,    0,    0,    0,    0,   -5,    0,  -14,   -7,  -26,  -20,    0,   -5,    0,    0,  -15,    0,    0,  -23,    0,    0,    0,    0,    0,  -14,   -5,    0,
       0,  -23,    0,    0,    0,    0,    0,   -3,   11,    0,    0,    0,    0,    0,    0,    0,    0,    0,    0,    0,   -7,    0,    0,    0,    0,    0,    0,    0,    0,    0,    0,   11,    0,    0,   15,    3,   15,    0,    3,    0,    0,    0,    0,  -11,  -11,   -9,    0,    0,    0,    0,    0,    0,    0,    0,    0,    0,    0,    0,    0,    0,    0,   15,    0,    0,    0,    0,    0,    3,    0,    0,    0,    0,    0,    0,    0,    0,    0,    0,    0,    0,    0,    0,    0,    0,    0,    0,    0,    0,    0,    0,    0,  -17,    0,    0,    0,   19,    0,  -11,    0,    0,    0,    0,    0,    0,    0,   -7,    0,    0,    0,
     -13,   -5,  -15,    0,    0,    0,  -14,  -57,   -4,    0,    0,    0,    0,    0,    0,    0,    0,    0,  -12,  -13,  -89,  -13,  -20,   -7,  -84,  -27,  -16,  -18,  -97,  -17,    0,    0,    0,  -14,    0,   -5,    0,  -13,   -5,  -13,  -22,  -19,  -18,  -23,    0,  -16,   -7,    0,    0,    0,    0,    0,    0,    0,  -20,  -20,  -13,  -13,  -20,  -16,  -14,    0,  -14,  -20,  -13,  -20,  -13,   -5,    0,    0,  -22,   -7,  -13,  -14,  -21,  -20,  -13,  -14,  -20,   -7,   -3,    4,  -18,  -97,  -99,  -15,  -11,  -14,    1,  -16,   -3,  -35,  -33,    0,    0,    0,  -36,    0,    0,    0,  -28,  -40,  -41,    0,    0,  -89,  -16,  -14,    0,
       0,  -42,    0,    0,    0,    0,    0,    0,    0,    0,    0,    0,    0,    0,    0,    0,    0,    0,    0,    0,    0,    0,    0,    0,    0,    0,    0,    0,    0,    0,    0,    0,    0,    3,    0,    0,    0,    0,    0,    0,    0,    0,    0,    0,    0,    0,    0,    0,    0,    0,    0,    0,    0,    0,    0,    0,    0,    0,    0,    0,    3,    0,    3,    0,    0,    0,    0,    0,    0,    0,    0,    0,    0,    3,    0,    0,    0,    3,    0,    0,    0,    0,    0,    0,    0,    0,    0,    3,    0,    0,    0,    0,    0,    0,    0,    0,    0,    0,    0,    0,    0,    0,    0,    0,    0,    0,    0,    3,    0,
       0,    0,  -22,    0,    0,    0,  -47,  -52,    0,    0,    0,    0,    0,    0,    0,    0,    0,    0,  -20,    0,  -36,  -79,  -10,    0,    0,    0,    0,    0,    3,    0,    0,    0,    0,  -24,   10,    0,   10,  -17,    0,  -17,  -31,    0,  -13,  -19,  -37,  -28,    0,    0,    0,    0,    0,    0,    0,    0,  -10,  -10,  -17,  -17,  -17,  -17,  -24,   10,  -24,  -17,  -17,  -10,  -17,    0,    0,    0,  -31,    0,  -17,  -24,  -17,  -10,  -17,  -24,  -11,    0,  -45,  -33,  -21,    3,    0,  -12,  -37,  -55,  -37,  -31,  -43,  -34,  -28,  -22,  -31,   16,    0,  -37,    0,    0,    0,    0,    0,  -37,    0,  -36,  -31,  -24,    0,
      -3,    0,    0,    0,   -3,    0,  -41,    0,  -11,    0,    0,    0,    0,    0,    0,    0,    0,    0,    0,   -3,    0,    0,    0,    0,    0,    0,    0,    0,    0,    0,    0,   -5,    0,   -8,   -6,    3,   -6,    2,    3,    2,   -6,    0,    0,    8,   -5,   10,    0,    0,  -12,    0,    0,    0,    0,    0,    0,    0,    2,    2,    2,    2,   -8,   -6,   -8,    2,    2,    0,    2,    3,    3,    0,   -6,    0,    2,   -8,    2,    0,    2,   -8,    0,    0,    0,    0,    0,    0,    0,    0,    0,   -8,    0,   -2,  -39,    5,    0,  -11,  -14,    0,    0,   -5,    0,    0,    0,    0,   -3,    0,    0,    0,   -2,   -8,    0,
       0,  -38,    0,    0,    0,    0,    0,    0,    0,    0,    0,    0,  -22,    0,    0,    0,    0,    0,    0,    0,  -23,   -3,  -22,    0,  -42,  -30, -110,  -29,  -56,    0,    0,    0,    0,   -9,    0,    0,    0,   -6,    0,   -6,  -16,    0,    0,  -30,    0,  -30,    0,    0,    0,    0,    0,    0,    0,    0,  -22,  -22,   -6,   -6,   -6,   -6,   -9,    0,   -9,   -6,   -6,  -22,   -6,    0,    0,    0,  -16,    0,   -6,   -9,   -6,  -22,   -6,   -9,  -22,    0,   -3,    3,  -29,  -56, -112,  -28,    0,   -9,    0,   -4,    3,  -49,  -39,  -22,    0,    0,  -29,    0,    0,    0,    0,  -40,  -25,    0,    0,  -23,   -4,   -9,    0,
       0,    0,    0,  -13,   12,    0,    3,    0,   12,    0,    0,    0,   -9,    0,    0,    0,    0,    0,    0,   -3,  -50,   -7,  -18,   32,  -27,    0,  -31,  -16,  -21,    0,    0,   10,    0,  -21,    0,   41,    0,    0,   41,    0,    0,    0,    0,  -33,    0,    0,    0,    0,    5,    0,    0,    0,    0,    0,  -18,  -18,    0,    0,    0,    0,  -21,    0,  -21,    0,    0,  -18,    0,   41,    0,    0,    0,    0,    0,  -21,    0,  -18,    0,  -21,  -18,   31,   -5,    5,  -16,  -44,  -74,  -10,   -7,  -21,    0,    5,   -1,    0,    0,    0,    0,    0,  -16,    0,    0,    0,    0,  -30,  -18,    0,    0,  -50,    5,  -21,    0,
       0,    0,    0,  -13,   12,    0,    3,    0,   12,    0,    0,    0,   -9,    0,    0,    0,    0,    0,    0,   -3,  -53,   -7,  -23,   15,  -27,    0,  -31,  -16,  -21,    0,    0,   10,    0,  -21,    0,   38,    0,    0,   39,    0,    0,    0,    0,  -33,   -2,   -1,    0,    0,    5,    0,    0,    0,    0,    0,  -23,  -23,    0,    0,    0,    0,  -21,    0,  -21,    0,    0,  -23,    0,   38,    0,    0,    0,    0,    0,  -21,    0,  -23,    0,  -21,  -23,   15,   -5,    5,  -16,  -44,  -32,  -10,   -7,  -27,   -8,    2,   -1,    0,  -38,    0,    0,    0,  -16,    6,    0,    0,    0,  -30,  -18,    0,    0,  -53,    2,  -21,    0,
      -7,   -8,    0,    0,    0,    0,   -9,  -31,    4,    0,    0,    0,    0,    0,    0,    0,    0,    0,   -8,  -12,  -13,    0,    0,    0,    0,    0,    0,    0,    0,    0,    0,    0,    0,  -17,   -8,   13,   -8,  -14,   13,  -14,  -14,   -8,   -9,  -24,   -3,   -3,  -11,    0,    0,    0,    0,    0,    0,    0,    0,    0,  -14,  -14,  -14,  -14,  -17,   -8,  -17,  -14,  -14,    0,  -14,   13,    0,    0,  -14,  -11,  -14,  -17,  -14,    0,  -14,  -17,    0,    0,    0,    0,    0,    0,    0,    0,    0,  -17,    0,   -3,   11,   -7,   -8,  -10,   -3,    0,    0,   -3,    0,    0,  -11,    0,    0,    0,    0,  -13,    2,  -17,    0,
       0,    0,    0,    0,    0,    0,    0,    0,   12,    0,    0,    0,    0,    0,    0,    0,    0,    0,    0,    0,    0,    0,    0,    0,    0,    0,    0,    0,    0,    0,    0,    0,    0,   -2,    0,   19,    0,   -5,   19,   -5,    0,    0,   -5,  -10,   -3,  -21,   -8,    0,    0,    0,    0,    0,    0,    0,    0,    0,   -5,   -5,   -5,   -5,   -2,    0,   -2,   -5,   -5,    0,   -5,   19,    0,    0,    0,   -8,   -5,   -2,   -5,    0,   -5,   -2,    0,    0,    0,    0,    0,    0,    0,    0,    0,   -2,    0,  -19,    5,  -30,   -7,  -13,   -8,    0,    0,   -3,    0,    0,    0,    0,    0,    0,    0,    0,  -14,   -2,    0,
       0,  -20,   -5,    0,    0,    0,  -24,    0,    3,    0,    0,    0,  -27,    0,    0,    0,    0,    0,    0,   -3,    0,  -14,    0,    0,  -12,    0,  -29,  -37,  -24,  -17,    0,    0,    0,   -3,   -3,    4,   -3,   -3,    4,   -3,   -5,   -3,   -5,  -11,  -13,   -6,    0,    0,    0,    0,    0,    0,    0,    0,    0,    0,   -3,   -3,   -3,   -3,   -3,    3,   -3,   -3,   -3,    0,   -3,    4,    0,    0,   -5,    0,   -3,   -3,   -3,    0,   -3,   -3,    0,    0,  -18,   -9,  -37,  -24,  -77,  -17,   -8,   -3,    0,    0,  -15,    0,   -3,    0,    0,    0,  -89,  -13,    0,    0,    0,    0,    0,    0,    0,    0,    0,   -3,    0,
       0,    0,    0,  -13,   12,    0,    3,    0,   12,    0,    0,    0,   -9,    0,    0,    0,    0,    0,    0,   -3,  -53,   -7,   -5,   15,  -27,    0,  -31,  -16,  -21,    0,    0,   10,    0,  -21,    0,   22,    0,    0,   22,    0,    0,    0,    0,  -33,    0,    0,    0,    0,    5,    0,    0,    0,    0,    0,   -5,   -5,    0,    0,    0,    0,  -21,    0,  -21,    0,    0,   -5,    0,   22,    0,    0,    0,    0,    0,  -21,    0,   -5,    0,  -21,   -5,   15,   -5,    5,  -16,  -44,  -32,  -10,   -7,  -21,    0,    5,   -1,    0,    0,    0,    0,    0,  -16,    0,    0,    0,    0,  -30,  -18,    0,    0,  -53,    5,  -21,    0,
      -7,   -8,    0,    0,    0,    0,   -9,  -31,    4,    0,    0,    0,    0,    0,    0,    0,    0,    0,   -8,  -12,  -13,    0,    0,    0,    0,    0,    0,    0,    0,    0,    0,    0,    0,  -17,   -8,   20,   -8,  -14,   20,  -14,  -14,   -8,   -9,   -3,   -3,   -3,  -11,    0,    0,    0,    0,    0,    0,    0,    0,    0,  -14,  -14,  -14,  -14,  -17,   -8,  -17,  -14,  -14,    0,  -14,   20,    0,    0,  -14,  -11,  -14,  -17,  -14,    0,  -14,  -17,    0,    0,    0,    0,    0,    0,    0,    0,    0,  -17,    0,   -3,    9,   -7,   -8,  -10,   -3,    0,    0,   -3,    0,    0,  -11,    0,    0,    0,    0,  -13,    2,  -17,    0,
       0,    0,    0,    0,    0,    0,    0,    0,    0,    0,    0,    0,    0,    0,    0,    0,    0,    0,    0,    0,    0,    0,    0,    0,    0,    0,    0,    0,    0,    0,    0,    0,    0,    0,    0,    0,    0,    0,    0,    0,    0,    0,    0,    0,    0,    0,    0,    0,    0,    0,    0,    0,    0,    0,    0,    0,    0,    0,    0,    0,    0,    0,    0,    0,    0,    0,    0,    0,    0,    0,    0,    0,    0,    0,    0,    0,    0,    0,    0,    0,    0,    0,    0,    0,  -31,    0,    0,    0,    0,    0,    0,    0,    0,    0,    0,    0,    0,    0,    0,    0,    0,    0,    0,    0,    0,    0,    0,    0,    0,
     -13,   -5,  -15,    0,    0,    0,  -14,  -57,   -4,    0,    0,    0,    0,    0,    0,    0,    0,    0,  -12,  -13,  -37,  -13,  -20,   -2,  -23,  -27,  -16,  -18,  -17,  -17,    0,    0,    0,  -14,    0,   -4,    0,  -13,   -4,  -13,  -22,  -19,  -18,  -23,    0,  -16,   -7,    0,    0,    0,    0,    0,    0,    0,  -20,  -20,  -13,  -13,  -20,  -16,  -14,    0,  -14,  -20,  -13,  -20,  -13,   -4,    0,    0,  -22,   -7,  -13,  -14,  -21,  -20,  -13,  -14,  -20,   -2,   -3,    4,  -18,  -17,  -19,  -15,  -11,  -14,    1,  -16,   -3,  -35,  -33,    0,    0,    0,  -36,    0,    0,    0,  -28,  -40,  -41,    0,    0,  -37,  -16,  -14,    0,
       0,    0,    0,    0,    0,    0,    0,    0,   11,    0,    0,    0,    0,    0,    0,    0,    0,    0,    0,    0,    0,    0,    0,    0,    0,    0,    0,    0,    0,    0,    0,    0,    0,    0,    0,   13,    0,    0,   13,    0,    0,    0,    0,    0,    0,    0,    0,    0,    0,    0,    0,    0,    0,    0,    0,    0,    0,    0,    0,    0,    0,    0,    0,    0,    0,    0,    0,   13,    0,    0,    0,    0,    0,    0,    0,    0,    0,    0,    0,    0,    0,    0,    0,    0,    0,    0,    0,    0,    0,    0,    0,    0,    0,    0,    0,    0,    0,    0,    0,    0,    0,    0,    0,    0,    0,    0,    0,    0,    0,
     -13,   -5,  -15,    0,    0,    0,  -14,  -57,   -4,    0,    0,    0,    0,    0,    0,    0,    0,    0,  -12,  -13,  -74,  -13,  -20,    1,  -23,  -27,  -28,  -18,  -32,  -17,    0,    0,    0,  -14,    0,    1,    0,  -13,    1,  -13,  -22,  -19,  -18,  -23,    0,  -16,   -7,    0,    0,    0,    0,    0,    0,    0,  -20,  -20,  -13,  -13,  -20,  -16,  -14,    0,  -14,  -20,  -13,  -20,  -13,    1,    0,    0,  -22,   -7,  -13,  -14,  -21,  -20,  -13,  -14,  -20,    1,   -3,    4,  -18,  -32,  -33,  -15,  -11,  -14,    1,  -16,   -3,  -35,  -33,    0,    0,    0,  -36,    0,    0,    0,  -28,  -40,  -41,    0,    0,  -74,  -16,  -14,    0,
      -7,   -8,    0,    0,    0,    0,   -9,  -31,    4,    0,    0,    0,    0,    0,    0,    0,    0,    0,   -8,  -12,  -13,    0,    0,    0,    0,    0,    0,    0,    0,    0,    0,    0,    0,  -17,   -8,    1,   -8,  -14,    1,  -14,  -14,   -8,   -9,   -3,   -3,   -3,  -11,    0,    0,    0,    0,    0,    0,    0,    0,    0,  -14,  -14,  -14,  -14,  -17,   -8,  -17,  -14,  -14,    0,  -14,    1,    0,    0,  -14,  -11,  -14,  -17,  -14,    0,  -14,  -17,    0,    0,    0,    0,    0,    0,    0,    0,    0,  -17,    0,   -3,    3,   -7,   -8,  -10,   -3,    0,    0,   -3,    0,    0,  -11,    0,    0,    0,    0,  -13,   -3,  -17,    0,
     -16,  -67,  -22,    0,    0,    0,    2,  -25,    4,    0,    0,    0,    0,    0,    0,    0,    0,    0,    0,  -25,  -16,    3,  -20,  -10,  -53,  -35,  -43,  -13,  -49,  -14,    0,    4,    0,  -11,  -14,  -11,  -14,  -13,  -11,  -13,   -8,  -19,  -19,  -28,   -3,  -28,  -13,    0,    3,   -8,    0,    0,    0,    0,  -20,  -20,  -13,  -13,  -13,  -13,  -11,  -14,  -11,  -13,  -13,  -34,  -13,  -11,    0,    0,   -8,  -13,  -13,  -11,  -13,  -20,  -13,  -11,  -20,  -10,    3,    4,  -13,  -49,  -73,  -20,   -9,  -11,  -11,  -19,    7,  -51,  -42,  -17,    0,    0,  -13,   -3,    0,    0,  -41,  -46,  -30,  -11,    0,  -16,  -19,  -11,    0,
       0,  -23,    0,    0,    0,    0,    0,   -3,   11,    0,    0,    0,    0,    0,    0,    0,    0,    0,    0,    0,   -7,    0,    0,    0,    0,    0,    0,    0,    0,    0,    0,   11,    0,    0,    3,    3,    3,    0,    3,    0,    0,    0,    0,  -11,  -11,   -9,    0,    0,    0,    0,    0,    0,    0,    0,    0,    0,    0,    0,    5,    7,    0,    3,    0,    0,    0,    0,    0,    3,    0,    0,    0,    0,    0,    0,   16,    0,    0,    0,    0,    0,    0,    0,    0,    0,    0,    0,    0,    0,    0,    0,    0,  -17,    0,    0,    0,    0,    0,  -11,    0,    0,    0,    0,    0,    0,    0,   -7,    0,    0,    0,
       0,    0,    0,    0,    0,    0,    0,    0,    0,    0,    0,    0,    0,    0,    0,    0,    0,    0,    0,    0,    0,   -3,    0,    0,  -12,    0,  -47,  -32,  -34,  -17,    0,    0,    0,    0,    0,    0,    0,   -1,    0,   -1,    0,    0,    0,    0,  -13,   -6,    0,    0,    0,    0,    0,    0,    0,    0,    0,    0,   -1,   -1,   -1,   -1,    0,    0,    0,   -1,   -1,    0,   -1,    0,    0,    0,    0,    0,   -1,    0,   -1,    0,   -1,    0,    0,    0,    0,    0,  -32,  -34,    0,    0,    0,    0,    0,    0,    0,    0,    0,    0,    0,    0,  -32,  -13,    0,    0,    0,    0,    0,    0,    0,    0,    0,    0,    0,
       0,    0,    0,    0,    0,    0,    0,    0,    0,    0,    0,    0,    0,    0,    0,    0,    0,    0,    0,    0,    0,    0,    0,    3,    3,    4,    3,    0,    4,    0,    0,    0,    0,    0,   11,    0,   11,    0,    0,    0,    0,    0,    0,    0,    0,    0,    0,    0,    0,    0,    0,    0,    0,    0,    5,    5,    0,    0,    0,    0,    0,   11,    0,    0,    0,    0,    0,    0,    0,    0,    0,    0,    0,    0,    0,    4,    0,    0,    0,    3,    0,    0,    0,    4,    0,    0,    0,    0,    0,    0,    0,    0,    0,    0,    0,    0,    0,    0,    0,    0,    0,    0,    0,    0,    0,    0,    0,    0,    0,
       0,    0,    0,    0,    0,    0,  -42,   -9,    0,    0,    0,    0,    0,    0,    0,    0,    0,    0,   -8,    0,   -8,    0,    0,    0,    0,    0,    0,    0,    0,    0,    0,    0,    0,  -11,  -13,   25,  -13,    3,   25,    3,  -12,    5,    4,   12,   -3,   11,   -6,    0,    0,    0,    0,    0,    0,    0,    0,    0,    3,    3,    3,    3,  -11,    1,  -11,    3,    3,    0,    3,   25,    0,    0,  -12,   -6,    3,  -11,    3,    0,    3,  -11,    0,    0,    0,    0,    0,    0,    0,    0,    0,  -11,    0,    0,    0,    7,    0,    0,    0,    0,    0,   -3,    5,    5,    5,    0,    0,    0,    0,   -8,    0,  -11,    0,
       0,    0,    0,    0,    0,    0,    0,    0,    0,    0,    0,    0,    0,    0,    0,    0,    0,    0,    0,    0,    0,    0,    0,    0,    0,    0,    0,    0,    0,    0,    0,    0,    0,    0,    0,    0,    0,    0,    0,    0,    0,    0,    0,    0,    0,    0,    0,    0,    0,    0,    0,    0,    0,    0,    0,    0,    0,    0,    0,    0,    0,    0,    0,    0,    0,    0,    0,    0,    0,    0,    0,    0,    0,    0,    0,    0,    0,    0,    0,    0,    0,    0,    0,    0,    0,    0,    0,    0,    0,    0,    0,    0,    0,    0,    0,    0,    0,    0,    0,    0,    0,    0,    0,    0,    0,    0,    0,    0,   -9,
       0,    0,    0,    0,    0,    0,    0,    0,    0,    0,    0,    0,    0,    0,    0,    0,    0,    0,    0,    0,    0,    0,    0,    0,    0,    0,    0,    0,    0,    0,    0,    0,    0,    0,    0,    0,    0,    0,    0,    0,    0,    0,    0,    0,    0,    0,    0,    0,    0,    0,    0,    0,    0,    0,    0,    0,    0,    0,    0,    0,    0,    0,    0,    0,    0,    0,    0,    0,    0,    0,    0,    0,    0,    0,    0,    0,    0,    0,    0,    0,    0,    0,    0,    0,    0,    0,    0,    0,    0,    0,    0,    0,    0,    0,    0,    0,    0,    0,    0,    0,    0,    0,    0,    0,    0,    0,    0,    0,   -3,
       0,    0,    0,    0,    0,    0,    0,    0,    0,    0,    0,    0,    0,    0,    0,    0,    0,    0,    0,    0,    0,    0,    0,    0,    0,    0,    0,    0,    0,    0,    0,    0,    0,    0,    0,    0,    0,    0,    0,    0,    0,    0,    0,    0,    0,    0,    0,    0,    0,    0,    0,    0,    0,    0,    0,    0,    0,    0,    0,    0,    0,    0,    0,    0,    0,    0,    0,    0,    0,    0,    0,    0,    0,    0,    0,    0,    0,    0,    0,    0,    0,    0,    0,    0,    0,    0,    0,    0,    0,    0,    0,    0,    0,    0,    0,    0,    0,    0,    0,    0,    0,    0,    0,    0,    0,    0,    0,    0,   -8,
};

static const EpdLigaturePair bitter_18_italicLigaturePairs[] = {
    { 0x00660069, 0xFB01 }, // f i -> U+FB01
    { 0x0066006C, 0xFB02 }, // f l -> U+FB02
};

static const EpdFontData bitter_18_italic = {
    bitter_18_italicBitmaps,
    bitter_18_italicGlyphs,
    bitter_18_italicIntervals,
    67,
    45,
    36,
    -10,
    true,
    bitter_18_italicGroups,
    21,
    nullptr,
    bitter_18_italicKernLeftClasses,
    bitter_18_italicKernRightClasses,
    bitter_18_italicKernMatrix,
    705,
    701,
    134,
    109,
    bitter_18_italicLigaturePairs,
    2,
};
