/**
 * generated by fontconvert.py
 * name: bitter_16_bold
 * size: 16
 * mode: 2-bit  compressed: true
 * Command used: fontconvert.py bitter_16_bold 16 /tmp/fonttest/Bitter-Bold.ttf --2bit --compress --pnum
 */
#pragma once
#include "EpdFontData.h"

static const uint8_t bitter_16_boldBitmaps[35640] = {
    0xB5, 0x5A, 0x3B, 0x93, 0xE5, 0xC6, 0x75, 0x6E, 0x00, 0x3B, 0x0B, 0xD7, 0x22, 0x80, 0x83, 0x1D,
    0xCB, 0xC5, 0x75, 0x15, 0x9C, 0x8A, 0xAA, 0x32, 0x7E, 0x81, 0xD5, 0xA0, 0x14, 0x28, 0x70, 0x32,
    0xC1, 0x5E, 0x2A, 0x60, 0xC0, 0xC4, 0x81, 0x6B, 0x19, 0x4C, 0xE2, 0xC0, 0x89, 0xB7, 0xE1, 0xD2,
    0x0F, 0xD0, 0x06, 0xA6, 0x53, 0xB3, 0x54, 0x9B, 0x70, 0x58, 0xE5, 0xF9, 0x03, 0xF2, 0x36, 0xA4,
    0xC4, 0x81, 0x02, 0xC3, 0x72, 0xC9, 0xA9, 0x50, 0xD2, 0x6C, 0x95, 0x2C, 0x07, 0x82, 0x8A, 0xA0,
    0x88, 0xD9, 0x05, 0xD0, 0xFE, 0xBE, 0x73, 0x70, 0x1F, 0xF3, 0xD8, 0xE5, 0x92, 0xA6, 0xEF, 0x5C,
    0x7C, 0x98, 0x7B, 0xD1, 0x8F, 0xD3, 0xA7, 0xCF, 0xBB, 0xEF, 0xF1, 0x89, 0xED, 0x6D, 0xB7, 0xFB,
    0x6B, 0xCB, 0xDD, 0x5F, 0xD1, 0xF0, 0xCF, 0xC8, 0x2B, 0xAB, 0x6D, 0xE7, 0x7A, 0xDB, 0x97, 0x6D,
    0x64, 0x7C, 0x36, 0x84, 0x6C, 0xF0, 0x59, 0xCF, 0x77, 0xDA, 0x3B, 0x79, 0x3F, 0x4E, 0xF0, 0xEE,
    0xD8, 0xF4, 0xA8, 0x3A, 0x3A, 0x31, 0xA6, 0x68, 0xF3, 0xDE, 0x98, 0xB2, 0xCD, 0xF1, 0x5D, 0xD9,
    0x10, 0x6D, 0x53, 0xB4, 0xC4, 0xB2, 0x31, 0x45, 0xC0, 0xCB, 0x94, 0xC4, 0x4A, 0xD1, 0xF8, 0xCA,
    0xD6, 0xC6, 0x78, 0x43, 0x0C, 0xC6, 0x55, 0x44, 0x8F, 0xD1, 0x96, 0x15, 0x03, 0x1E, 0xA2, 0xE1,
    0x64, 0xC2, 0x01, 0x26, 0x53, 0x34, 0x1B, 0x60, 0x4C, 0x1C, 0xE3, 0x89, 0x98, 0x00, 0xD3, 0x61,
    0xC5, 0x11, 0x7D, 0xE3, 0x8F, 0x00, 0x69, 0x7F, 0x15, 0x06, 0x63, 0x22, 0x1F, 0x2E, 0x4C, 0x16,
    0xC2, 0x42, 0x42, 0x16, 0xE3, 0x86, 0xBB, 0x98, 0xAB, 0xE1, 0x54, 0xB5, 0x79, 0x66, 0x42, 0x63,
    0xFE, 0xDE, 0x04, 0x10, 0x6C, 0x3C, 0x06, 0x37, 0x16, 0x6D, 0x49, 0xF6, 0x13, 0x13, 0x87, 0x80,
    0x51, 0x1F, 0xA0, 0x87, 0x31, 0xA7, 0xA0, 0xCA, 0x24, 0xA1, 0xFA, 0xB1, 0x89, 0x42, 0x8D, 0x19,
    0x43, 0x35, 0xE3, 0xBF, 0x6A, 0x31, 0x69, 0x30, 0xE1, 0x05, 0x3A, 0x06, 0x36, 0x06, 0xDD, 0xAD,
    0xB9, 0xEB, 0x2F, 0x6F, 0x21, 0x83, 0x10, 0x9D, 0x90, 0x96, 0xDA, 0x80, 0xFC, 0x2C, 0x0C, 0x24,
    0xAD, 0x7C, 0x39, 0x19, 0x70, 0xCC, 0x62, 0x20, 0x30, 0xCB, 0x81, 0x03, 0xE0, 0x07, 0x40, 0x98,
    0x60, 0x1C, 0xD7, 0x89, 0x1B, 0xD7, 0xE0, 0xCC, 0x33, 0xB2, 0xD9, 0xFE, 0x74, 0x46, 0x43, 0xD0,
    0x37, 0x3A, 0xB0, 0x2F, 0x0D, 0x1D, 0xE9, 0x32, 0xC7, 0xF1, 0x74, 0x4F, 0x26, 0x1D, 0x1D, 0x56,
    0x63, 0xF2, 0x3E, 0x78, 0x6E, 0xC6, 0xCF, 0xA7, 0x8C, 0x5D, 0x7E, 0x30, 0x24, 0x18, 0x20, 0x24,
    0x64, 0x52, 0x3C, 0xCB, 0x0D, 0xCC, 0xE3, 0x97, 0x79, 0x8F, 0x7F, 0x7A, 0xEC, 0x60, 0x34, 0x17,
    0x3D, 0x37, 0x24, 0xA0, 0x3B, 0x46, 0x2C, 0x71, 0x6D, 0x94, 0xDE, 0xBB, 0xE1, 0xA9, 0x91, 0x0D,
    0xA9, 0xB1, 0x7C, 0x3E, 0xCE, 0xC3, 0x6F, 0x89, 0x33, 0xF6, 0xD7, 0x14, 0xA3, 0x29, 0x6B, 0x53,
    0x0C, 0xE6, 0xAD, 0x8A, 0x88, 0x57, 0x3E, 0x11, 0x53, 0x6C, 0x33, 0xBA, 0x73, 0xEB, 0x6A, 0x30,
    0x14, 0x28, 0xFF, 0x57, 0x69, 0xF8, 0xF0, 0x74, 0x60, 0x1B, 0xCC, 0x56, 0xF6, 0x44, 0x7B, 0x15,
    0xF1, 0xA5, 0x1D, 0x8D, 0xEB, 0x40, 0xC1, 0xBB, 0x60, 0x65, 0x1E, 0xD6, 0x79, 0xB9, 0x05, 0x2E,
    0x50, 0xE8, 0xA2, 0x87, 0x24, 0x47, 0x44, 0xC6, 0x0B, 0xA7, 0x9C, 0x79, 0x8C, 0x3F, 0xBC, 0xEE,
    0x80, 0x2D, 0x15, 0xA9, 0xE2, 0x6C, 0x26, 0x99, 0x4D, 0x06, 0xDE, 0x0E, 0xEB, 0x54, 0xB6, 0xE5,
    0x13, 0xD7, 0x70, 0xDF, 0x31, 0xE4, 0xCD, 0xB7, 0x97, 0xA7, 0x78, 0xA3, 0xA5, 0x92, 0x86, 0xBE,
    0x18, 0x01, 0xE3, 0xC4, 0x81, 0xFB, 0xCD, 0x67, 0x65, 0xC5, 0x59, 0xC0, 0x1F, 0x90, 0x50, 0xB3,
    0x25, 0x9B, 0x8D, 0x26, 0xDD, 0x37, 0x93, 0x96, 0x78, 0xB6, 0x1B, 0xEB, 0xE6, 0xDB, 0xED, 0xE8,
    0xA8, 0xD0, 0x3E, 0x16, 0x52, 0x31, 0x02, 0xC6, 0x29, 0x84, 0x4E, 0x3C, 0xC1, 0xF8, 0x47, 0xDC,
    0x56, 0x8A, 0xA3, 0x4E, 0x77, 0xFF, 0x2F, 0x8E, 0x8C, 0xFD, 0x17, 0x28, 0xCD, 0x1F, 0x82, 0x39,
    0xFA, 0x11, 0x24, 0x14, 0xAD, 0xE2, 0xCF, 0x3B, 0x93, 0xFE, 0x0A, 0xD3, 0x37, 0x60, 0x7D, 0x05,
    0x8E, 0x67, 0x64, 0x10, 0xB7, 0xFC, 0x36, 0xD8, 0xBC, 0xFF, 0xD9, 0x46, 0x94, 0xE9, 0x00, 0x5E,
    0xD9, 0x58, 0x81, 0xDA, 0xAD, 0xE6, 0x00, 0x06, 0xA1, 0x2B, 0x60, 0x26, 0xCA, 0xEA, 0xDB, 0x66,
    0x32, 0x7F, 0x6E, 0x1E, 0x9D, 0x3D, 0x85, 0xBC, 0xEB, 0xBB, 0xA8, 0x5C, 0xE3, 0x3B, 0xDF, 0xDA,
    0x86, 0xBC, 0xB1, 0x95, 0xD2, 0xEC, 0x70, 0x3D, 0xC3, 0x05, 0x95, 0x8A, 0x20, 0x13, 0x31, 0x34,
    0x89, 0x52, 0x08, 0x69, 0x13, 0x5D, 0x20, 0xA9, 0x39, 0x74, 0x8E, 0x56, 0x07, 0x22, 0xF4, 0xA6,
    0xDD, 0x68, 0x5D, 0xF2, 0xE6, 0x66, 0x37, 0x28, 0xDD, 0x13, 0x4A, 0xC8, 0x42, 0xA5, 0x0D, 0x35,
    0x74, 0x3D, 0x74, 0xC5, 0x6C, 0x7C, 0x6F, 0xA1, 0x63, 0x23, 0x04, 0x2B, 0x9F, 0x20, 0x54, 0xF9,
    0xE4, 0x5B, 0x93, 0xCD, 0x37, 0x61, 0x7D, 0x4A, 0x31, 0x1C, 0xCB, 0x11, 0x82, 0x98, 0x43, 0xFC,
    0xBA, 0x94, 0xF2, 0x1E, 0x09, 0x9F, 0xCA, 0x40, 0xE9, 0xDE, 0xA8, 0x85, 0x14, 0x21, 0x77, 0xD8,
    0x73, 0xD8, 0xA5, 0x02, 0x97, 0xC3, 0x65, 0x7F, 0x38, 0x99, 0x3F, 0xE3, 0xF7, 0x6F, 0x70, 0xDD,
    0x03, 0x71, 0x90, 0xEC, 0x81, 0x57, 0xF4, 0xC1, 0x0B, 0x9A, 0x9C, 0xD0, 0x63, 0x94, 0x00, 0x9D,
    0x5A, 0x30, 0x9B, 0x85, 0x9E, 0x54, 0x16, 0x2B, 0x51, 0x38, 0x26, 0xD0, 0xF8, 0x70, 0x5B, 0x68,
    0xA1, 0x4A, 0xEA, 0x58, 0x20, 0x47, 0xA8, 0xEC, 0x0E, 0xBA, 0x11, 0x93, 0xBC, 0x12, 0x52, 0x8C,
    0x51, 0xCE, 0xCE, 0x6A, 0x47, 0xC2, 0xF7, 0x60, 0x3E, 0xB8, 0xE4, 0x53, 0xF4, 0xB0, 0x34, 0xA5,
    0xF6, 0x85, 0x5F, 0x30, 0x47, 0xC6, 0x89, 0x30, 0xA8, 0x15, 0xC1, 0x55, 0x48, 0xA8, 0x67, 0x19,
    0x8D, 0x0E, 0x87, 0xF7, 0x9C, 0xD6, 0x73, 0xE8, 0x47, 0x62, 0x19, 0xD3, 0x20, 0x4A, 0x4D, 0xD5,
    0xE6, 0x54, 0x02, 0xB0, 0x86, 0xF7, 0x69, 0x17, 0xED, 0x87, 0xB0, 0x90, 0x2E, 0x08, 0x37, 0xD0,
    0x37, 0xA3, 0xA1, 0x17, 0xF9, 0x41, 0xB7, 0x17, 0xF8, 0x37, 0xE7, 0x67, 0x4B, 0x70, 0x04, 0x3E,
    0x8E, 0x09, 0xE9, 0x0C, 0xC8, 0x07, 0x40, 0xD9, 0x8B, 0x8E, 0x51, 0x29, 0xAA, 0x50, 0x81, 0x1C,
    0x98, 0x0B, 0x58, 0xFF, 0x0A, 0x7A, 0x01, 0xD7, 0xD1, 0x03, 0xDC, 0xF3, 0x4D, 0xF8, 0x47, 0xBA,
    0x86, 0xC0, 0x65, 0x05, 0xDA, 0x95, 0x70, 0xBC, 0x79, 0x37, 0x7C, 0xB8, 0x52, 0x75, 0x05, 0x8E,
    0x36, 0x9B, 0x87, 0x24, 0x63, 0x56, 0xC8, 0x05, 0xA6, 0xAD, 0x85, 0xBA, 0x0E, 0xF3, 0x09, 0x49,
    0xC4, 0x82, 0xB8, 0x27, 0xDA, 0x78, 0xB5, 0xF9, 0xE9, 0x6A, 0xF8, 0x8D, 0xEE, 0xC2, 0x76, 0x2B,
    0xEE, 0x63, 0x58, 0x53, 0x3E, 0x27, 0x27, 0xD7, 0x45, 0x77, 0x30, 0x95, 0xFB, 0x45, 0x93, 0xE5,
    0x29, 0x3F, 0x5B, 0x8A, 0x0F, 0x65, 0x28, 0xA6, 0x8B, 0x91, 0xD1, 0x64, 0xCA, 0x82, 0x0E, 0xAB,
    0xA4, 0x96, 0xD9, 0xFE, 0x18, 0xCD, 0x3E, 0x87, 0xFB, 0xE0, 0x8A, 0x2A, 0xDD, 0xB7, 0x31, 0x0A,
    0x1D, 0x64, 0x12, 0x9A, 0x07, 0xEF, 0x00, 0xE5, 0x23, 0xD0, 0x42, 0x96, 0x03, 0xA0, 0x98, 0x8C,
    0x87, 0x04, 0x7D, 0x3F, 0x34, 0x89, 0x78, 0x54, 0x21, 0xB7, 0x14, 0xF3, 0x08, 0xEB, 0x78, 0xBC,
    0xD9, 0x6C, 0x2A, 0x0E, 0xD5, 0x1E, 0xC0, 0x87, 0x9B, 0xD0, 0x58, 0xEE, 0x96, 0xE5, 0x62, 0xBE,
    0x79, 0x20, 0x4D, 0x7B, 0x6A, 0x2C, 0xA9, 0x71, 0x04, 0xF1, 0x86, 0x14, 0xAE, 0x98, 0x7B, 0x2C,
    0x6D, 0xD3, 0x45, 0xF8, 0xC4, 0xB6, 0xEC, 0x50, 0x0E, 0xDB, 0x0E, 0xF4, 0x34, 0xDA, 0x41, 0x5E,
    0xF7, 0x16, 0xD9, 0xDE, 0x81, 0xAB, 0x5F, 0xC0, 0xC9, 0x73, 0x6C, 0x1E, 0x16, 0xD3, 0xA0, 0xAD,
    0x3F, 0x80, 0x92, 0xBB, 0x9A, 0x87, 0xEF, 0x05, 0xB6, 0x1B, 0xD9, 0xA3, 0xA5, 0xAC, 0x4D, 0x98,
    0xC7, 0x05, 0xF8, 0x12, 0x88, 0x36, 0x16, 0x1D, 0x5A, 0x1A, 0xCB, 0x16, 0xB6, 0xCE, 0x76, 0x34,
    0xD0, 0x2D, 0xB8, 0x81, 0x07, 0x63, 0x1A, 0x6A, 0x06, 0x16, 0x6B, 0x5F, 0x0F, 0x5F, 0x2D, 0xBE,
    0xCA, 0xDC, 0x5D, 0x56, 0x89, 0x15, 0x97, 0x41, 0x2B, 0x50, 0x15, 0x33, 0x27, 0x1F, 0x40, 0xA6,
    0xF0, 0x6F, 0x0B, 0xE5, 0xA0, 0x00, 0x07, 0x36, 0x14, 0x50, 0xF6, 0x81, 0x8D, 0x07, 0x1A, 0x8F,
    0xDE, 0x9C, 0xCE, 0xB6, 0xDF, 0xB1, 0xA3, 0x5B, 0x39, 0x11, 0x05, 0xF1, 0xB7, 0x26, 0x7A, 0x07,
    0xBA, 0x90, 0x70, 0xDE, 0x84, 0x34, 0xA7, 0x22, 0x29, 0xD8, 0x40, 0x73, 0xD5, 0x0C, 0x6E, 0x5F,
    0x87, 0xDF, 0xA6, 0x6D, 0x31, 0x94, 0x63, 0x31, 0xE6, 0x7D, 0x54, 0xED, 0x5B, 0xE0, 0x5B, 0xEC,
    0x6A, 0x39, 0xE4, 0x43, 0xD6, 0x67, 0x6D, 0x2E, 0x26, 0xF6, 0x4F, 0xB7, 0x0F, 0xFF, 0xD6, 0xD0,
    0x35, 0xD0, 0xD8, 0xA4, 0x12, 0x5E, 0x54, 0x8C, 0x1B, 0xA8, 0x97, 0xD4, 0x4A, 0x6E, 0x38, 0x3D,
    0x63, 0x81, 0x0F, 0x11, 0xE5, 0xA0, 0x10, 0x6E, 0xCC, 0xAA, 0xC2, 0xE6, 0xEF, 0x38, 0x00, 0x64,
    0xE1, 0x21, 0x16, 0xB5, 0x6C, 0xAF, 0xED, 0xC0, 0xB7, 0x7D, 0x0F, 0xEF, 0x09, 0x63, 0x49, 0x35,
    0x7D, 0x82, 0xA1, 0x66, 0x72, 0xF2, 0x02, 0x42, 0x2D, 0x33, 0x18, 0xCA, 0x7B, 0x24, 0x11, 0xD4,
    0x05, 0xBF, 0xB2, 0x58, 0x3B, 0x98, 0x27, 0x7D, 0xB8, 0xDE, 0xC8, 0xFF, 0x86, 0xE2, 0x4B, 0xB9,
    0x6B, 0xCB, 0xFF, 0x09, 0xFD, 0x1D, 0x11, 0x24, 0xBB, 0x5E, 0xAE, 0x45, 0xDF, 0x86, 0x43, 0x48,
    0x27, 0x58, 0x5C, 0x3A, 0xBF, 0x08, 0x23, 0xF3, 0xA2, 0xB1, 0xBF, 0xF2, 0x7A, 0xAC, 0xC6, 0x85,
    0x5D, 0x84, 0xED, 0x94, 0xBF, 0xFB, 0x7C, 0xF0, 0x80, 0xB1, 0x99, 0x98, 0xF8, 0x4A, 0x62, 0x34,
    0xB1, 0x52, 0x17, 0xA6, 0x54, 0xE7, 0x8B, 0x8B, 0xCC, 0x82, 0x11, 0xC9, 0xFB, 0x22, 0x34, 0x08,
    0x6B, 0x5B, 0x07, 0x2B, 0xDB, 0x97, 0xCD, 0xB7, 0x4F, 0x11, 0x09, 0x59, 0x06, 0x5E, 0xE9, 0x00,
    0x97, 0x11, 0x4D, 0xC9, 0x88, 0x38, 0xEB, 0x5D, 0xB9, 0x95, 0x41, 0x6E, 0xE1, 0x13, 0xDE, 0xDE,
    0x59, 0xF0, 0x6C, 0x70, 0xEF, 0xCC, 0xD1, 0x94, 0xF6, 0xF6, 0x1F, 0x96, 0x74, 0xCA, 0x7B, 0xDB,
    0x60, 0x22, 0x48, 0x6C, 0xEB, 0x27, 0xD8, 0x2E, 0x0C, 0xDD, 0x3E, 0x18, 0x4D, 0x36, 0x0A, 0xA5,
    0xA2, 0x1A, 0xA4, 0xF6, 0xE2, 0xE8, 0x23, 0xB3, 0x1A, 0x72, 0x51, 0x7C, 0xDE, 0xCC, 0x5B, 0x1F,
    0xCB, 0xC3, 0xA3, 0xBF, 0x36, 0x5B, 0xAB, 0x6D, 0xAC, 0xAC, 0xD5, 0x09, 0xBF, 0x83, 0x74, 0x5E,
    0xC4, 0xAC, 0x4C, 0xA2, 0x68, 0x13, 0x84, 0x1C, 0x41, 0x1C, 0x82, 0x00, 0x38, 0x60, 0x4B, 0x5F,
    0xD7, 0xD3, 0x44, 0x14, 0x1D, 0x83, 0x2B, 0xDB, 0x50, 0x55, 0x15, 0xFD, 0x6F, 0xCF, 0x67, 0xA3,
    0x3E, 0x5C, 0x22, 0x2B, 0xAC, 0xFD, 0xEC, 0x93, 0x50, 0x23, 0x16, 0x06, 0xD3, 0xC8, 0x84, 0xD0,
    0xE4, 0xD4, 0xAA, 0xCE, 0x31, 0xE8, 0x9A, 0x61, 0x51, 0x72, 0xEE, 0x33, 0x11, 0xE6, 0x81, 0x16,
    0x03, 0x7B, 0xC8, 0x8E, 0x0D, 0xB9, 0xD8, 0xA5, 0x74, 0x95, 0x00, 0x4B, 0x28, 0x07, 0xC2, 0xEE,
    0xA3, 0x6F, 0xD3, 0x80, 0xA1, 0x45, 0xD5, 0x44, 0xA7, 0xF9, 0xB1, 0xDB, 0xB6, 0xCB, 0xA7, 0x2D,
    0x64, 0xBB, 0xFF, 0xCA, 0x29, 0x5D, 0xA0, 0x51, 0x34, 0x64, 0x9D, 0x84, 0x80, 0xB8, 0x2E, 0x28,
    0x22, 0x1A, 0x58, 0x77, 0x8C, 0x26, 0x47, 0x5A, 0xAE, 0x31, 0xC3, 0xB8, 0x23, 0x8C, 0x4A, 0x02,
    0xBD, 0x00, 0x40, 0x54, 0xA2, 0x61, 0xAF, 0x76, 0xFE, 0x55, 0xE0, 0x76, 0xEA, 0x69, 0xC5, 0x8A,
    0x82, 0x15, 0x7F, 0x0C, 0x07, 0x13, 0xF7, 0x69, 0xB8, 0xF4, 0x23, 0xC5, 0x63, 0xA0, 0x45, 0xAE,
    0x21, 0x70, 0xA3, 0x86, 0x51, 0xB2, 0x68, 0x5D, 0xB5, 0x2C, 0xBB, 0x15, 0xE9, 0xC1, 0x82, 0x66,
    0x68, 0x3B, 0x11, 0xA2, 0x99, 0x52, 0xAF, 0xAB, 0x74, 0x16, 0x16, 0x92, 0xBB, 0x87, 0xD8, 0x12,
    0xFD, 0x01, 0xEA, 0x37, 0x07, 0x6D, 0xB4, 0x57, 0x2C, 0x23, 0x24, 0x32, 0x1A, 0x02, 0x10, 0x32,
    0x62, 0x34, 0xC2, 0x09, 0x13, 0x56, 0x5B, 0x4D, 0x5E, 0x88, 0x8D, 0x16, 0xFE, 0xEF, 0x36, 0x81,
    0xBD, 0xF3, 0x1D, 0xDC, 0xAD, 0x53, 0x71, 0xB9, 0x7B, 0x08, 0x67, 0x4F, 0xCD, 0x76, 0x13, 0xC6,
    0xF5, 0xE3, 0xB5, 0x26, 0x20, 0x82, 0xB3, 0xA7, 0xDC, 0x9D, 0xAC, 0x4B, 0x97, 0xCD, 0xFB, 0xDD,
    0x6E, 0x13, 0x14, 0xBE, 0x70, 0xDE, 0x7B, 0x37, 0xE6, 0x5D, 0x36, 0x27, 0x9C, 0x72, 0x38, 0x84,
    0x1B, 0xF3, 0xDE, 0x00, 0x09, 0xD6, 0x83, 0x58, 0x29, 0x09, 0x9D, 0xCC, 0xF9, 0xA5, 0xAA, 0xEC,
    0xA5, 0x66, 0x77, 0xA2, 0xC4, 0x01, 0x6C, 0x6F, 0x11, 0xAB, 0xE7, 0x0B, 0x43, 0x7A, 0x2A, 0xC8,
    0x63, 0x03, 0x53, 0x4D, 0x14, 0xFD, 0x91, 0x7D, 0xD6, 0x2D, 0xDF, 0xE3, 0xDB, 0xA1, 0x07, 0xDA,
    0x20, 0x9E, 0x11, 0xD8, 0x53, 0xEF, 0xAD, 0xE2, 0x48, 0x84, 0x7F, 0x02, 0xE6, 0x12, 0x5A, 0xA7,
    0xE1, 0xF9, 0x7B, 0x5B, 0x15, 0xE1, 0x36, 0x2C, 0xA2, 0x9C, 0x4F, 0x28, 0x14, 0x27, 0xDC, 0x85,
    0x93, 0x68, 0xC3, 0xA0, 0xB8, 0xCF, 0x24, 0x22, 0x96, 0x5B, 0x11, 0xAA, 0xC8, 0xEB, 0x1A, 0xA1,
    0x81, 0x6F, 0x72, 0x43, 0xC8, 0xE5, 0x79, 0x93, 0x5D, 0xBE, 0x76, 0x7B, 0xF3, 0x51, 0xF4, 0xE6,
    0x42, 0x7B, 0x57, 0x54, 0xF3, 0x90, 0x24, 0xD0, 0x89, 0xFF, 0xF0, 0x2E, 0x44, 0xBA, 0xBE, 0xEC,
    0x1B, 0x63, 0x6A, 0x77, 0x2C, 0x16, 0xD6, 0x40, 0x74, 0xB9, 0x8E, 0x98, 0xA5, 0xD2, 0xB8, 0x7C,
    0x5D, 0x97, 0xD8, 0xFA, 0x0E, 0xBC, 0x86, 0x63, 0x80, 0xE1, 0x66, 0x98, 0xE7, 0x66, 0x75, 0x8D,
    0xA0, 0xFF, 0x98, 0x62, 0xD7, 0x7B, 0x52, 0xD2, 0x01, 0xB1, 0x90, 0x62, 0x21, 0x6D, 0xB9, 0xE8,
    0x20, 0xFA, 0xD3, 0xDC, 0xB4, 0x44, 0xF4, 0x4D, 0xE1, 0xB3, 0x29, 0x47, 0x89, 0x6C, 0xD7, 0xF9,
    0x64, 0x54, 0xEC, 0x56, 0x77, 0x8F, 0x6F, 0x66, 0x79, 0x2A, 0x6D, 0xE8, 0x20, 0xD8, 0x4B, 0xFA,
    0x5A, 0x19, 0xA7, 0x94, 0x31, 0xF3, 0x59, 0x35, 0x9A, 0xCB, 0x2F, 0x29, 0xFE, 0xBD, 0x65, 0xBA,
    0x42, 0x04, 0x3D, 0x94, 0xCB, 0x7E, 0x85, 0x82, 0x16, 0xF8, 0x0D, 0x64, 0xFA, 0x0B, 0x61, 0xAF,
    0x46, 0x45, 0x03, 0xBD, 0x39, 0xD5, 0xF0, 0x7B, 0xAF, 0x6E, 0x60, 0x82, 0x89, 0xE8, 0x77, 0x1B,
    0xE6, 0x0E, 0xB4, 0x42, 0x59, 0x98, 0x0A, 0x90, 0x90, 0xC3, 0x9A, 0xE0, 0x56, 0xD2, 0x58, 0x33,
    0x0C, 0xC4, 0x8D, 0x31, 0x25, 0x6E, 0x14, 0x85, 0x2A, 0x7D, 0x19, 0x22, 0xC4, 0xC9, 0xE9, 0x65,
    0xF8, 0xEE, 0x84, 0xDB, 0x18, 0xFE, 0x6D, 0xE0, 0xCD, 0xFD, 0xAC, 0xE7, 0x0D, 0xAE, 0x98, 0x37,
    0x78, 0x3C, 0xDE, 0x72, 0x46, 0xCF, 0x29, 0x2C, 0x2B, 0xE3, 0xE7, 0x11, 0xA9, 0x25, 0x6F, 0xF1,
    0x24, 0x37, 0xFA, 0x9C, 0x6B, 0x37, 0x27, 0x56, 0x72, 0x20, 0x49, 0x05, 0x49, 0x92, 0xDB, 0xF1,
    0x06, 0x64, 0x6E, 0x82, 0x86, 0x97, 0xA1, 0x05, 0x92, 0x48, 0x37, 0x90, 0xB8, 0xA2, 0x23, 0x6D,
    0xC4, 0x85, 0xF8, 0x32, 0x10, 0x2F, 0x11, 0x8F, 0x75, 0xA0, 0xAB, 0x21, 0xBA, 0x9E, 0x68, 0x07,
    0x62, 0x31, 0x11, 0xB3, 0x99, 0x98, 0x04, 0x62, 0x1C, 0xFE, 0x19, 0x68, 0xC2, 0xEF, 0x88, 0x3E,
    0x10, 0xAD, 0x60, 0x21, 0x98, 0xD3, 0x65, 0xD5, 0xAC, 0x6B, 0x70, 0xF6, 0x4E, 0x12, 0x30, 0x08,
    0xD5, 0x39, 0xFD, 0x7E, 0x41, 0xF2, 0x68, 0x3D, 0x06, 0xB1, 0x1E, 0x34, 0xDA, 0x08, 0x21, 0xB9,
    0xD1, 0x49, 0xA8, 0x19, 0xB8, 0x48, 0x94, 0xA9, 0x91, 0x1E, 0x3C, 0x08, 0x7D, 0x88, 0xED, 0x15,
    0xFD, 0x2B, 0xD0, 0x49, 0x4B, 0xE9, 0xD5, 0xD2, 0xF2, 0x20, 0x6A, 0xA0, 0xF5, 0xA8, 0x73, 0x29,
    0xEC, 0xA4, 0xE1, 0x17, 0x6E, 0x36, 0xEA, 0x4F, 0xB4, 0xB6, 0x83, 0x29, 0xC5, 0x81, 0xAB, 0x54,
    0xAB, 0x23, 0x9D, 0xD5, 0xB2, 0xD3, 0x96, 0xD2, 0x27, 0x04, 0xF1, 0x9C, 0xF4, 0x8D, 0x85, 0xC0,
    0xB8, 0x05, 0xF1, 0x97, 0xE2, 0x52, 0x99, 0x5A, 0x7A, 0x18, 0xDE, 0x5D, 0x08, 0x0B, 0x13, 0x52,
    0xBD, 0xCE, 0x96, 0x5E, 0x50, 0x52, 0xC7, 0x15, 0x60, 0x4B, 0x7F, 0x63, 0x94, 0x1D, 0xAD, 0x96,
    0x66, 0x46, 0x8D, 0x89, 0x44, 0x5B, 0x90, 0xFB, 0x56, 0x64, 0x49, 0x0C, 0x5E, 0x09, 0x4F, 0x5A,
    0xA3, 0x4C, 0xD9, 0x06, 0x63, 0xCA, 0x90, 0xED, 0xCD, 0xBF, 0xE6, 0xB6, 0x46, 0x70, 0xCA, 0x4D,
    0x31, 0xCC, 0x18, 0xAC, 0x94, 0x10, 0xC3, 0x08, 0x83, 0x2A, 0xDA, 0xD7, 0xD3, 0x45, 0x67, 0x1F,
    0xCD, 0x96, 0x47, 0x5B, 0x26, 0x99, 0x07, 0x1A, 0x6E, 0x72, 0x07, 0x19, 0xF0, 0xDA, 0xE5, 0xBD,
    0xF6, 0x20, 0x3A, 0xF2, 0x7A, 0x13, 0xED, 0xC3, 0xEB, 0xE4, 0x15, 0x4E, 0x5A, 0x54, 0xDA, 0x89,
    0x4A, 0xC3, 0xB2, 0x4B, 0x8C, 0x71, 0x1D, 0x55, 0xE1, 0x7D, 0x2F, 0x56, 0xB7, 0x15, 0xAC, 0xB6,
    0x26, 0x63, 0x39, 0x9D, 0xF6, 0xC6, 0xC2, 0x48, 0xC6, 0xC9, 0xDA, 0x09, 0xC7, 0xEC, 0xF6, 0x26,
    0xA3, 0xA0, 0x93, 0xEE, 0xA8, 0x3B, 0xD8, 0x3E, 0x6A, 0x6B, 0x9F, 0x60, 0x91, 0xF7, 0x96, 0x27,
    0x42, 0x09, 0x8D, 0x26, 0x64, 0x82, 0x61, 0x10, 0xF3, 0xAF, 0x9A, 0xE9, 0x18, 0xA1, 0xAC, 0xD0,
    0xFB, 0x68, 0x0D, 0x42, 0xE8, 0x55, 0xF2, 0xD5, 0xC1, 0x88, 0x65, 0x59, 0xCC, 0x9A, 0x06, 0x9F,
    0x6A, 0x26, 0xD5, 0xDE, 0x17, 0xD9, 0xA4, 0x95, 0x24, 0xB4, 0x08, 0x44, 0x91, 0x0C, 0x5D, 0x30,
    0xD3, 0xA1, 0x20, 0x48, 0x1E, 0xF9, 0x40, 0x18, 0x78, 0x74, 0xA2, 0x11, 0xC2, 0x86, 0xF6, 0x63,
    0x39, 0x00, 0x44, 0xC5, 0xCF, 0x08, 0x8F, 0x1F, 0x13, 0xEE, 0x1B, 0x26, 0xDF, 0xFB, 0x5C, 0xFC,
    0x2B, 0x42, 0x19, 0x24, 0xE6, 0x9F, 0x15, 0x56, 0x9F, 0xE8, 0x24, 0x23, 0xDA, 0xDE, 0x1E, 0xD0,
    0x5F, 0x0C, 0x12, 0xED, 0x62, 0xD9, 0xFF, 0x5F, 0x37, 0x64, 0x09, 0x4C, 0xAF, 0x7D, 0x23, 0x12,
    0x46, 0xA6, 0x85, 0xCF, 0xDE, 0xD3, 0x92, 0x81, 0x24, 0x28, 0x85, 0x0A, 0x59, 0xAC, 0x0E, 0x5C,
    0x13, 0xED, 0x0D, 0xC9, 0x7D, 0x28, 0xBB, 0xB6, 0x28, 0x8A, 0xFF, 0xBE, 0x60, 0xA2, 0x6D, 0x1B,
    0x8E, 0xEA, 0xEB, 0x44, 0x6A, 0x0A, 0x74, 0x14, 0x4C, 0xC5, 0x9B, 0x98, 0xE2, 0xD5, 0xC2, 0x32,
    0x42, 0x02, 0x58, 0x3C, 0xB6, 0x3D, 0x83, 0x79, 0xDB, 0xE7, 0x03, 0xF3, 0x60, 0x16, 0x59, 0x73,
    0x58, 0x2D, 0xA2, 0x65, 0x34, 0x3E, 0x13, 0x93, 0x85, 0xE5, 0xD6, 0x38, 0x68, 0x05, 0x44, 0xE2,
    0x76, 0x95, 0x71, 0x2F, 0x51, 0xBD, 0x13, 0xB5, 0xB4, 0xC3, 0x3E, 0xBB, 0xAA, 0xA2, 0x87, 0xEA,
    0xB6, 0xDB, 0x84, 0xC9, 0x52, 0x4F, 0xDB, 0xC0, 0x3D, 0xEE, 0x8B, 0x45, 0x62, 0x4D, 0x71, 0xE4,
    0x8C, 0x59, 0x67, 0x16, 0x5D, 0x60, 0xBB, 0x13, 0xD6, 0x93, 0xB0, 0x17, 0xFC, 0x87, 0xA1, 0x0C,
    0xDA, 0x8F, 0x98, 0xCA, 0x58, 0xDF, 0x65, 0x83, 0x58, 0xEA, 0xD3, 0x9E, 0xB4, 0x85, 0xDA, 0x17,
    0xF2, 0x8F, 0x6F, 0x42, 0x3E, 0xB0, 0xCE, 0xEE, 0x9A, 0x25, 0x1F, 0x59, 0x14, 0xB6, 0xFF, 0x31,
    0x65, 0x42, 0xB3, 0xFD, 0xF5, 0x94, 0x4C, 0x2C, 0xAF, 0x97, 0x9F, 0xC2, 0x03, 0xB0, 0xC2, 0x5E,
    0x7C, 0x3E, 0xC4, 0x0B, 0xCB, 0xEB, 0x39, 0xA2, 0x00, 0xA1, 0x3F, 0x67, 0x44, 0x2A, 0xE5, 0x1E,
    0x48, 0x5C, 0x98, 0x8C, 0x56, 0x93, 0x64, 0x39, 0x14, 0x7D, 0xAB, 0x9C, 0xAE, 0x75, 0x51, 0x91,
    0xD4, 0x67, 0x0E, 0x32, 0xB4, 0xE3, 0xCD, 0x43, 0xB0, 0xDD, 0x32, 0x82, 0x1F, 0x15, 0x25, 0x92,
    0x6B, 0x23, 0xAD, 0x1F, 0xFB, 0x9E, 0xEC, 0xB5, 0x23, 0x19, 0x0B, 0x17, 0xC0, 0x7A, 0x5F, 0x10,
    0x36, 0x06, 0xAD, 0x1E, 0x89, 0x5D, 0x70, 0x9A, 0x10, 0x4D, 0xBB, 0x54, 0x28, 0x0E, 0x92, 0x63,
    0x4F, 0x54, 0x81, 0x5C, 0x4C, 0xB3, 0x6D, 0x69, 0xC2, 0x7C, 0x9D, 0x33, 0xBC, 0xA6, 0x45, 0x96,
    0x32, 0x6B, 0x53, 0x32, 0xFD, 0x67, 0xA9, 0x1B, 0xB9, 0x9B, 0x22, 0x18, 0x2E, 0x11, 0x46, 0x6B,
    0xE9, 0x33, 0x80, 0x6D, 0xB9, 0xD0, 0xFC, 0xA4, 0x8B, 0x51, 0xC6, 0x66, 0x4C, 0x91, 0x2B, 0x61,
    0x20, 0x32, 0x39, 0xCA, 0x9A, 0x30, 0xAA, 0xF7, 0x64, 0xCE, 0x20, 0x0C, 0x59, 0x34, 0xCC, 0x56,
    0x0E, 0x0C, 0xAB, 0xDD, 0xDA, 0xD5, 0x36, 0x7C, 0xF3, 0x1A, 0xCC, 0x18, 0xD6, 0xAA, 0xF6, 0x2B,
    0x52, 0x7B, 0x4F, 0xA8, 0xD6, 0xFD, 0x01, 0x40, 0x0A, 0x3B, 0xD6, 0x60, 0x1A, 0xAB, 0x15, 0x24,
    0xA9, 0xA6, 0x70, 0x81, 0xFB, 0xA2, 0x4B, 0x42, 0x0E, 0x30, 0x4D, 0xD6, 0x2A, 0x8B, 0x30, 0x9F,
    0x54, 0xD0, 0x9A, 0x4B, 0xF5, 0xE1, 0x29, 0x4D, 0x3B, 0xCB, 0x16, 0xC9, 0xE0, 0x5F, 0x9C, 0x7D,
    0x32, 0xD0, 0x4E, 0x1E, 0xC0, 0xDB, 0x67, 0xB5, 0x95, 0xE5, 0xDB, 0xE7, 0x15, 0x16, 0xF8, 0xB5,
    0xBD, 0x31, 0x9A, 0x0C, 0xCB, 0xF1, 0x2B, 0x2D, 0xBD, 0xB2, 0x04, 0xCB, 0x52, 0x2C, 0x4B, 0xB2,
    0xD9, 0x5A, 0x9E, 0x65, 0xA9, 0x96, 0x25, 0x5B, 0x96, 0x6E, 0xCD, 0x24, 0xA7, 0x39, 0x46, 0x4E,
    0x75, 0xEC, 0x5A, 0x19, 0xDE, 0x75, 0x6C, 0xB5, 0xA3, 0x74, 0xBA, 0xDE, 0x71, 0x5E, 0x6B, 0xC0,
    0xEE, 0xA0, 0x63, 0x51, 0x3F, 0x3A, 0xAB, 0xE1, 0x33, 0xF1, 0xFE, 0x13, 0xFF, 0x35, 0x2E, 0x8C,
    0xA3, 0xE9, 0xB0, 0x18, 0x5F, 0x0F, 0x17, 0x68, 0x13, 0x74, 0x0F, 0xD6, 0xA2, 0x25, 0x8B, 0xAC,
    0xE7, 0x2C, 0x59, 0x40, 0x7C, 0xA2, 0x05, 0x32, 0x9D, 0x40, 0xBD, 0x4C, 0x36, 0xC2, 0x90, 0xE0,
    0x1B, 0x28, 0x6D, 0xBB, 0xCA, 0x82, 0xB9, 0x56, 0x75, 0xFB, 0x23, 0xC3, 0x13, 0x03, 0xF8, 0x19,
    0xA8, 0x55, 0x4E, 0x0B, 0xD4, 0x90, 0x01, 0xB1, 0xAA, 0xD0, 0x5D, 0xAF, 0xD5, 0x41, 0xA9, 0xCA,
    0xC2, 0xAB, 0xFC, 0x02, 0xFA, 0x50, 0xD6, 0x70, 0x68, 0x65, 0x25, 0xE5, 0x9B, 0x2D, 0xC4, 0xF4,
    0x0B, 0xA5, 0x14, 0x19, 0x2F, 0xDF, 0x9F, 0x30, 0x13, 0xBE, 0x0B, 0x0A, 0x68, 0x8C, 0x70, 0x49,
    0xAA, 0x8F, 0x01, 0xFB, 0xFE, 0x69, 0x68, 0xF3, 0xF0, 0x1D, 0x88, 0x11, 0x0D, 0xE3, 0xB9, 0x14,
    0x89, 0x77, 0x90, 0x1F, 0x0E, 0x79, 0x15, 0x20, 0x81, 0x19, 0x6C, 0x67, 0xC5, 0x0A, 0x58, 0x93,
    0x85, 0x7F, 0x0A, 0x1D, 0x1E, 0xB8, 0x1E, 0x60, 0x07, 0x40, 0x49, 0x28, 0xC6, 0xAB, 0xB0, 0x7B,
    0x60, 0xFB, 0xB5, 0x71, 0xCC, 0xBE, 0x5A, 0x7A, 0x97, 0x92, 0x2B, 0x36, 0xF7, 0xE8, 0xE1, 0xD6,
    0x5C, 0x64, 0x8C, 0x60, 0x10, 0x1C, 0xC8, 0x11, 0x12, 0x3E, 0xBD, 0x13, 0x48, 0x90, 0x67, 0x15,
    0xD1, 0x99, 0x7D, 0xB1, 0xED, 0x36, 0x90, 0x42, 0x23, 0x94, 0xE1, 0x0E, 0x39, 0xE8, 0xCD, 0x95,
    0x82, 0x67, 0xBB, 0x1E, 0x07, 0x99, 0xB7, 0xB8, 0x51, 0xE5, 0x0E, 0xE2, 0x1B, 0xD5, 0xE0, 0xD5,
    0x84, 0x05, 0x16, 0x96, 0xD7, 0xA5, 0x22, 0x01, 0x61, 0x85, 0x1D, 0xE6, 0xB0, 0x72, 0x1D, 0xC0,
    0x23, 0xD2, 0xAC, 0xC2, 0xAB, 0xC0, 0xB7, 0x6C, 0xC7, 0xC6, 0x76, 0xCA, 0x34, 0xD8, 0x83, 0x67,
    0x5C, 0x58, 0x6D, 0xE8, 0x61, 0xFD, 0x8F, 0x77, 0x96, 0xB1, 0xD4, 0xCA, 0xB6, 0x94, 0xC0, 0xC1,
    0xA8, 0xB9, 0x60, 0x88, 0x01, 0x13, 0xEF, 0x10, 0x46, 0x63, 0xF3, 0xE2, 0x70, 0xFD, 0x0C, 0x86,
    0xE2, 0xA5, 0xB0, 0xAD, 0x6D, 0xDC, 0x31, 0x76, 0x8E, 0x26, 0x39, 0xFC, 0xDA, 0x55, 0x38, 0xEB,
    0x6D, 0x61, 0x59, 0x6C, 0x14, 0x53, 0x85, 0x5E, 0x02, 0xA8, 0xD0, 0x9E, 0x44, 0x32, 0xA3, 0xD9,
    0x5D, 0x08, 0x26, 0xA5, 0xEA, 0xCC, 0xEB, 0x1B, 0x61, 0x73, 0xE5, 0xD9, 0x17, 0x5D, 0x25, 0x36,
    0xCA, 0x4A, 0x0A, 0x32, 0xAE, 0x93, 0x9D, 0x86, 0xB3, 0x8F, 0xA4, 0x2C, 0x4A, 0x9E, 0xF5, 0xC5,
    0x94, 0x68, 0x31, 0xBE, 0xC6, 0xE6, 0x48, 0xB8, 0xAD, 0x80, 0xB8, 0x88, 0xE6, 0x75, 0x79, 0x4F,
    0x28, 0x66, 0x88, 0x08, 0xDA, 0xA2, 0x17, 0xFF, 0xAD, 0xDA, 0xAD, 0xA7, 0x49, 0x39, 0x93, 0x7F,
    0x2E, 0x4A, 0xD2, 0x8A, 0x3E, 0x7F, 0x71, 0xE6, 0x07, 0x39, 0x43, 0x84, 0x6B, 0xCD, 0x47, 0x0F,
    0x18, 0xDC, 0x67, 0x47, 0x5E, 0x8C, 0x65, 0x4B, 0x06, 0x57, 0x72, 0x6E, 0x2B, 0xAF, 0x6F, 0x1D,
    0x94, 0xCD, 0x14, 0xA5, 0x1E, 0xAD, 0x07, 0x16, 0xB7, 0x22, 0x15, 0x38, 0x59, 0x90, 0x6A, 0x8A,
    0xC8, 0xF4, 0xC0, 0xCF, 0x24, 0x82, 0xA9, 0x20, 0x50, 0x68, 0x83, 0xBC, 0xF3, 0xAB, 0x21, 0xE2,
    0x3C, 0xCF, 0xB4, 0xA9, 0x93, 0xD3, 0x15, 0x49, 0x50, 0xC4, 0xC1, 0xA4, 0xEA, 0x9F, 0x16, 0x29,
    0xC1, 0xAF, 0x92, 0x00, 0x36, 0xF2, 0x9D, 0xBC, 0xC1, 0x1B, 0x19, 0xAA, 0xA5, 0x9F, 0xE8, 0x69,
    0x31, 0x7C, 0x4B, 0xA3, 0x1F, 0xE4, 0xA8, 0xF0, 0x68, 0x1D, 0xED, 0x2E, 0x03, 0x08, 0xBE, 0x19,
    0x26, 0xD9, 0x2F, 0xF9, 0x96, 0xF3, 0xC6, 0xEF, 0x23, 0x74, 0x08, 0xB4, 0x06, 0xEA, 0xD0, 0x3E,
    0x90, 0xD4, 0x62, 0x07, 0xAF, 0xC9, 0x6B, 0x63, 0x3F, 0x31, 0x80, 0x16, 0x60, 0x0E, 0x83, 0xFC,
    0x8C, 0x09, 0x3A, 0x3E, 0xB2, 0xC0, 0xF5, 0xFE, 0xA8, 0x11, 0xEF, 0x16, 0x18, 0x8B, 0x67, 0x93,
    0x66, 0xEF, 0xE8, 0x2B, 0x95, 0x30, 0xF6, 0x60, 0xD1, 0x3F, 0x3C, 0xB1, 0x70, 0xDB, 0x5D, 0xB9,
    0x30, 0xD8, 0x5E, 0xB0, 0xA9, 0xD8, 0x4B, 0xA7, 0x5E, 0xFA, 0xAB, 0xBE, 0x61, 0x05, 0x1C, 0x73,
    0xC6, 0x6E, 0xA7, 0x80, 0xD4, 0x4F, 0x1E, 0xE2, 0x21, 0x34, 0xF8, 0xB9, 0xAA, 0x81, 0x14, 0x21,
    0x93, 0x70, 0xE9, 0xC3, 0x7F, 0x51, 0xF8, 0xEA, 0x92, 0x55, 0x06, 0x30, 0x1D, 0xDB, 0xE9, 0xD7,
    0xBB, 0xFB, 0x3F, 0xDF, 0x41, 0x88, 0x87, 0x45, 0x19, 0x25, 0xD8, 0xFB, 0x5E, 0x98, 0xB7, 0xF7,
    0x03, 0xAA, 0x84, 0xA6, 0x4E, 0x28, 0xA2, 0x28, 0x5E, 0x3A, 0x1E, 0x22, 0xD0, 0xE4, 0x27, 0x62,
    0x0F, 0xBF, 0x1A, 0x0A, 0x03, 0x6A, 0x99, 0xAD, 0x51, 0xDC, 0x8A, 0x5F, 0x4D, 0x43, 0x34, 0xE8,
    0xF9, 0x57, 0x31, 0xF3, 0xBC, 0xAF, 0x87, 0xC5, 0x83, 0xF8, 0xC0, 0xDF, 0x31, 0xBE, 0x66, 0xBC,
    0x77, 0x0B, 0xE0, 0x29, 0x9A, 0xD4, 0xAE, 0xA3, 0x79, 0x64, 0x21, 0xA1, 0xA0, 0x46, 0x6B, 0x56,
    0x73, 0xD5, 0x10, 0x95, 0x23, 0xA2, 0x59, 0x37, 0x05, 0xCD, 0x60, 0x90, 0xD4, 0x3E, 0x67, 0xDE,
    0x84, 0xB8, 0x8F, 0x21, 0xED, 0x44, 0x7D, 0xD9, 0x41, 0x76, 0x15, 0xF4, 0x01, 0xDB, 0x95, 0x03,
    0x00, 0xF1, 0xE2, 0xD6, 0x2E, 0x54, 0x7A, 0xB6, 0xB2, 0x1C, 0xAF, 0xAA, 0xBC, 0x87, 0x54, 0x7F,
    0x04, 0xD0, 0xAF, 0xF0, 0xF6, 0xD9, 0x47, 0x7B, 0x9B, 0xAB, 0xE7, 0xBE, 0x5F, 0x8F, 0x5D, 0xC7,
    0x28, 0x0B, 0xFD, 0xC4, 0xEF, 0xB1, 0x61, 0xC7, 0xB7, 0x78, 0x11, 0xA8, 0x22, 0x4F, 0x9E, 0x35,
    0x6B, 0x1A, 0x49, 0xC8, 0xD3, 0x75, 0x87, 0x27, 0xEC, 0xEF, 0xC4, 0x3C, 0x2E, 0x09, 0x2F, 0x70,
    0xD5, 0xB8, 0x0C, 0x2F, 0xF3, 0x45, 0xD7, 0x75, 0xB3, 0x1B, 0x49, 0xBA, 0x09, 0x45, 0xC1, 0x65,
    0xBB, 0xBC, 0x73, 0x4D, 0xD6, 0x3A, 0x46, 0xAD, 0x97, 0xFA, 0xFB, 0x94, 0x42, 0x73, 0xD2, 0x56,
    0xDC, 0x00, 0xB8, 0xF7, 0x4D, 0xB0, 0xF1, 0xB1, 0x29, 0x7A, 0xCF, 0x88, 0xF6, 0x25, 0x04, 0x51,
    0xCE, 0x11, 0x47, 0x3D, 0xB1, 0xBE, 0xA3, 0xFC, 0x3B, 0xBC, 0x4A, 0x75, 0x3E, 0x72, 0x7D, 0x63,
    0xD9, 0xDC, 0x78, 0xFE, 0xCA, 0x2B, 0x7C, 0x47, 0x62, 0x78, 0xD2, 0x27, 0x76, 0xF8, 0xA8, 0x32,
    0xA7, 0x13, 0x53, 0x43, 0x3F, 0xF1, 0x0C, 0x5A, 0x51, 0x62, 0x03, 0x1E, 0xC5, 0x14, 0x5F, 0x0A,
    0x67, 0xC1, 0x85, 0x41, 0x2F, 0xE6, 0xD1, 0x43, 0x3C, 0x6C, 0x2C, 0xE6, 0xFA, 0x99, 0xD4, 0x12,
    0xA9, 0x40, 0x47, 0x4C, 0x1F, 0xBE, 0x15, 0x9A, 0x73, 0xA8, 0xD7, 0x4F, 0xA8, 0x63, 0x75, 0x98,
    0x38, 0x5D, 0x97, 0xB0, 0x7C, 0xC8, 0x54, 0x8B, 0x1E, 0xD6, 0xD5, 0xDC, 0x59, 0xE6, 0x4A, 0xCC,
    0x45, 0x7E, 0x02, 0x3A, 0xDD, 0x4F, 0x99, 0xE8, 0xFD, 0x27, 0xA0, 0xFC, 0x35, 0xD3, 0xBC, 0x97,
    0xBD, 0xA4, 0x42, 0x84, 0x76, 0x3D, 0x47, 0x97, 0xD0, 0x5B, 0x7C, 0x0D, 0x0C, 0x44, 0x77, 0x8F,
    0x32, 0x5D, 0xFB, 0x3E, 0xE7, 0xBD, 0x82, 0xB7, 0xD2, 0xD3, 0xE8, 0x21, 0x96, 0x9F, 0x22, 0x05,
    0xFE, 0xF6, 0x28, 0x81, 0x71, 0x9B, 0xF8, 0x93, 0x9A, 0x25, 0x79, 0x39, 0xA5, 0xCC, 0x2F, 0x92,
    0x3F, 0xCC, 0xF4, 0x74, 0x21, 0xFD, 0xFD, 0x22, 0x99, 0xC6, 0x5F, 0xF5, 0x81, 0x41, 0xAE, 0xFF,
    0x61, 0x17, 0x18, 0xF4, 0xBA, 0x7F, 0x6F, 0xFC, 0x29, 0xB3, 0x8E, 0x5F, 0x36, 0xCE, 0x8B, 0x08,
    0xD5, 0x76, 0x8D, 0x59, 0xAC, 0x84, 0xFC, 0x41, 0x7E, 0x78, 0xC3, 0xD2, 0x75, 0x21, 0x99, 0xC4,
    0xA2, 0x29, 0x82, 0xD9, 0xD2, 0xD5, 0x3C, 0xE8, 0x1D, 0xFD, 0x2D, 0x97, 0x0D, 0x6D, 0x8B, 0x59,
    0xD9, 0xFE, 0x01, 0x4F, 0x83, 0x7E, 0xC9, 0xE3, 0x21, 0x9A, 0xC0, 0x82, 0x2B, 0x91, 0xD8, 0x55,
    0x93, 0x08, 0x7E, 0x94, 0x07, 0xFE, 0x9C, 0x04, 0xD2, 0x68, 0x4C, 0x70, 0x53, 0xA7, 0x50, 0xEB,
    0x0B, 0xDF, 0x23, 0x89, 0xF2, 0xF0, 0xB4, 0x23, 0x19, 0xBA, 0x20, 0xCE, 0x0D, 0x0B, 0x47, 0x9E,
    0xB9, 0x13, 0x0C, 0x59, 0xCA, 0x8E, 0x89, 0x28, 0x7F, 0xA7, 0xE2, 0xF8, 0xA3, 0x19, 0x2F, 0xC7,
    0xF3, 0x4C, 0xCA, 0x28, 0xB1, 0xBF, 0x02, 0x65, 0xF9, 0xA7, 0xFC, 0x41, 0xC3, 0x4B, 0xA9, 0xC9,
    0xF2, 0x47, 0x1A, 0x64, 0x68, 0x1C, 0xB6, 0x27, 0xA6, 0x6B, 0x50, 0x23, 0x09, 0x1F, 0xB3, 0x3B,
    0xD1, 0x61, 0x74, 0x38, 0x3A, 0x65, 0x56, 0xC8, 0x66, 0xF2, 0x8B, 0x85, 0xF2, 0x72, 0xBB, 0x40,
    0x2F, 0x15, 0xE2, 0x30, 0xF0, 0x7A, 0xB6, 0x71, 0xFD, 0xBF, 0xC2, 0x1E, 0xFD, 0x0D, 0x35, 0x8E,
    0xA2, 0xC7, 0x00, 0xB6, 0x94, 0x3A, 0x9D, 0x9C, 0x09, 0x52, 0x6B, 0xF0, 0xD5, 0x53, 0xC4, 0x1D,
    0xA3, 0xEB, 0xE3, 0x31, 0xC8, 0x6F, 0x51, 0xF4, 0x32, 0xF1, 0xC7, 0x3C, 0x13, 0xE2, 0x8F, 0xB2,
    0x78, 0xBA, 0xC0, 0xF7, 0x72, 0xFD, 0x1D, 0x8B, 0xF3, 0x60, 0xEC, 0x3A, 0xC8, 0x0F, 0x72, 0xF4,
    0xB7, 0x3E, 0xF2, 0xFD, 0xCD, 0xC6, 0x3A, 0x08, 0xFD, 0x26, 0xC6, 0xE4, 0x61, 0xE3, 0xC7, 0xC6,
    0xBF, 0xF6, 0xF5, 0xE8, 0x51, 0xCD, 0x9A, 0x80, 0x93, 0x2A, 0xA2, 0xFC, 0x22, 0xE8, 0xD6, 0xB7,
    0xFC, 0x4C, 0xC8, 0x76, 0xDC, 0x6D, 0x5A, 0xCC, 0x45, 0x0E, 0x00, 0x1A, 0x7E, 0x7F, 0x6B, 0x7B,
    0xEA, 0xBC, 0x78, 0xCC, 0xD1, 0xBC, 0x0D, 0xC6, 0x7D, 0xAC, 0xC9, 0x7B, 0x5A, 0xC1, 0xFC, 0x9D,
    0x36, 0xF6, 0x77, 0xD0, 0xCB, 0xBF, 0x8C, 0xC4, 0xDF, 0x64, 0x17, 0xE6, 0x7F, 0x01, 0xD5, 0x5A,
    0xBF, 0xB3, 0xDD, 0xC4, 0x15, 0x3E, 0x92, 0xFC, 0x9E, 0x0C, 0x1A, 0x46, 0x14, 0xF6, 0xC0, 0xE0,
    0x04, 0x51, 0x50, 0x04, 0x87, 0x44, 0xFF, 0x40, 0xF0, 0x0A, 0x32, 0x99, 0x14, 0x29, 0xF2, 0x0A,
    0xDF, 0xA4, 0x70, 0x41, 0x0A, 0x0A, 0x06, 0x8A, 0xD7, 0xA4, 0xA0, 0xC8, 0x58, 0xC2, 0xF9, 0x07,
    0x5E, 0x8A, 0xA4, 0xC5, 0x85, 0x8B, 0x60, 0x17, 0x6E, 0x52, 0x30, 0x19, 0x98, 0x15, 0x30, 0x99,
    0x14, 0x34, 0x22, 0x13, 0xAA, 0x14, 0x51, 0x06, 0x67, 0x12, 0xA0, 0x40, 0x80, 0x3C, 0xB9, 0xC6,
    0x92, 0x36, 0xDF, 0x77, 0x56, 0xF7, 0xBE, 0xE7, 0xE7, 0x67, 0x12, 0x7E, 0xD8, 0x7E, 0xBE, 0xEF,
    0xEA, 0xEC, 0xBB, 0xD2, 0x6A, 0xF7, 0x9C, 0xB3, 0x67, 0xBF, 0x3D, 0xE7, 0xEC, 0x6E, 0x48, 0xDE,
    0x98, 0xAE, 0xEC, 0x4C, 0x7B, 0x7F, 0x21, 0xFA, 0xC9, 0x6A, 0xFE, 0xE5, 0x75, 0xDE, 0xF8, 0x3F,
    0xD3, 0x98, 0x76, 0xFD, 0xD7, 0x1D, 0xDF, 0x92, 0xF0, 0xBC, 0x48, 0xD4, 0xED, 0xB9, 0xAE, 0x8A,
    0x94, 0xEE, 0x4A, 0xE4, 0xDC, 0x32, 0x75, 0x97, 0x96, 0xD9, 0x32, 0x58, 0x9A, 0x0E, 0x57, 0x83,
    0xDB, 0xF5, 0x8D, 0x17, 0xEF, 0x19, 0xBC, 0x92, 0x2F, 0xE5, 0x97, 0xA8, 0x3B, 0xF0, 0x1D, 0xB1,
    0xAE, 0x92, 0xB8, 0xBF, 0xB1, 0x4D, 0xF6, 0x11, 0xD8, 0x0F, 0xC0, 0x8D, 0x73, 0x1D, 0x5A, 0x07,
    0x71, 0x9F, 0xDB, 0x2E, 0x70, 0x75, 0xD2, 0x85, 0xAE, 0x88, 0x41, 0x24, 0x6A, 0x41, 0x50, 0xD5,
    0x13, 0x70, 0x7F, 0xC2, 0x7D, 0x78, 0x5E, 0x0C, 0xEB, 0x2A, 0x11, 0x87, 0x1E, 0xF7, 0x13, 0x5B,
    0x07, 0xE7, 0xC5, 0x55, 0x61, 0x2F, 0x68, 0xA0, 0x0F, 0xDC, 0xE2, 0xE7, 0x7D, 0xEE, 0x9C, 0xEB,
    0xCD, 0x9A, 0xA8, 0x12, 0x92, 0x42, 0x02, 0xC8, 0xBE, 0x88, 0xFB, 0xEC, 0x3A, 0xDA, 0x8A, 0xF1,
    0xA0, 0x0E, 0xDC, 0xEF, 0x9C, 0x04, 0x93, 0xD8, 0x22, 0x1C, 0xC4, 0x54, 0x11, 0x48, 0xBD, 0x26,
    0x55, 0x38, 0xE2, 0x41, 0xE0, 0x9E, 0x46, 0xB3, 0xAC, 0x9C, 0xB2, 0xA9, 0xFC, 0xCD, 0x3F, 0xFE,
    0xA4, 0x4F, 0x20, 0x49, 0xA3, 0x8D, 0x2E, 0x16, 0xC5, 0xF1, 0x45, 0x81, 0x87, 0xA5, 0xAB, 0x3D,
    0xDD, 0x1E, 0xE5, 0xC4, 0x24, 0xC9, 0x28, 0xF1, 0x20, 0xD1, 0x24, 0x69, 0x4F, 0x69, 0x32, 0xB2,
    0x5E, 0x99, 0x9A, 0xCC, 0x96, 0x15, 0x14, 0xD6, 0x52, 0xC2, 0xEC, 0x93, 0x09, 0x34, 0xBD, 0x3E,
    0x88, 0x76, 0xD0, 0xCF, 0x34, 0x58, 0x2C, 0x16, 0x5B, 0x7E, 0xE0, 0xF6, 0xDD, 0x77, 0xEF, 0x6D,
    0xAD, 0x84, 0xF6, 0x34, 0x81, 0xAE, 0xA9, 0xD0, 0x71, 0x4D, 0xED, 0x9E, 0xCF, 0x42, 0x9B, 0xD8,
    0x7B, 0xE7, 0x05, 0xD9, 0xFE, 0x40, 0x20, 0x79, 0x83, 0x31, 0x68, 0x4C, 0x9F, 0xC2, 0x12, 0x92,
    0xC6, 0xD4, 0x41, 0x61, 0x5A, 0x8C, 0x20, 0xF4, 0x94, 0x4E, 0xEC, 0xB3, 0x45, 0x9D, 0x51, 0xCC,
    0xC7, 0xAE, 0xB2, 0xE7, 0x1C, 0x58, 0x35, 0x9D, 0x83, 0x20, 0xAE, 0x4A, 0x7A, 0xDB, 0xA6, 0xBD,
    0x19, 0xD2, 0x2E, 0x75, 0xB6, 0x0E, 0x1D, 0x2A, 0x97, 0xB8, 0x62, 0x8C, 0xB6, 0xF2, 0x63, 0x9A,
    0x27, 0x20, 0xDA, 0x59, 0x5C, 0x25, 0x05, 0x75, 0xAE, 0x2A, 0x51, 0xE7, 0x04, 0xDA, 0xE3, 0xE7,
    0xFE, 0xE2, 0x24, 0x34, 0x6B, 0x0B, 0xD3, 0x40, 0x15, 0xB8, 0xF2, 0xAA, 0x9C, 0xA5, 0x7C, 0x64,
    0xDA, 0xD1, 0x01, 0x9F, 0xE5, 0xB8, 0xCC, 0xB6, 0xCA, 0x86, 0x0C, 0x05, 0xE4, 0x07, 0x8A, 0xEC,
    0xE5, 0x34, 0x46, 0x37, 0x69, 0x13, 0xD7, 0x9A, 0x22, 0xAD, 0x8D, 0xEB, 0x60, 0xD1, 0x95, 0x7B,
    0xA6, 0xC3, 0xFF, 0x4F, 0x8F, 0x41, 0x07, 0x29, 0x30, 0x82, 0xA8, 0x60, 0x50, 0x5B, 0xE2, 0xFD,
    0x85, 0x3E, 0x6B, 0x0C, 0x46, 0xF2, 0x17, 0x29, 0x66, 0x82, 0xFD, 0xA8, 0xCF, 0x6A, 0x08, 0xCF,
    0xC6, 0x92, 0x2E, 0xC6, 0xF8, 0xB3, 0x13, 0x09, 0x06, 0x09, 0x60, 0x74, 0x09, 0xF4, 0x50, 0x5E,
    0x0D, 0x6C, 0x43, 0xFD, 0x52, 0x46, 0x98, 0xAD, 0x17, 0x21, 0x38, 0x0D, 0xB2, 0x69, 0x77, 0x60,
    0xBD, 0x3D, 0xD4, 0x33, 0xC8, 0x53, 0x30, 0x91, 0xEF, 0x08, 0xB9, 0x1E, 0x51, 0x77, 0x94, 0xF2,
    0xA3, 0x11, 0x6C, 0x8E, 0x32, 0xE1, 0x72, 0x34, 0x1F, 0xA8, 0xC0, 0x0C, 0xB6, 0xDE, 0xDC, 0x39,
    0x3E, 0x4F, 0x45, 0x28, 0xCA, 0xD1, 0x54, 0xFC, 0xA5, 0x37, 0x9E, 0x92, 0xD7, 0xC4, 0x06, 0x63,
    0x38, 0xC6, 0xCB, 0x78, 0x99, 0x76, 0x59, 0x87, 0xE9, 0x09, 0xF5, 0x94, 0x95, 0x13, 0x5E, 0xFC,
    0x9F, 0xF7, 0xF8, 0x8C, 0x75, 0x58, 0x17, 0xEF, 0xFC, 0x81, 0xAF, 0x1E, 0x87, 0xA9, 0xB0, 0x13,
    0x0C, 0xD4, 0x9A, 0xE0, 0xB6, 0xF9, 0x42, 0xB2, 0xFE, 0x84, 0x6A, 0x3D, 0xB9, 0xBE, 0x33, 0x15,
    0x27, 0x3A, 0x4E, 0x53, 0xE8, 0x20, 0xF9, 0xD3, 0x0B, 0xC5, 0x29, 0x49, 0x7F, 0xEA, 0xFA, 0x4C,
    0xF2, 0xE8, 0x1F, 0x43, 0x5A, 0x3D, 0x15, 0xB5, 0xBF, 0x4A, 0xEA, 0x1F, 0x44, 0xED, 0x10, 0x83,
    0x62, 0xEE, 0x80, 0x5E, 0x6F, 0x49, 0xDB, 0x3E, 0xA9, 0xF1, 0xF4, 0xF5, 0xB4, 0xCA, 0xE3, 0xFE,
    0x6C, 0x8A, 0xB7, 0x06, 0x73, 0x4A, 0x12, 0x08, 0xF6, 0x3A, 0x07, 0x0D, 0x5F, 0x71, 0xBF, 0xDD,
    0x6E, 0x38, 0xAA, 0xAA, 0xC8, 0x8B, 0x3B, 0x64, 0x7A, 0x0B, 0xF3, 0xCF, 0x7F, 0x83, 0x57, 0x25,
    0x85, 0x25, 0xBA, 0xBE, 0x0C, 0x87, 0x37, 0x64, 0x18, 0x65, 0x04, 0xB5, 0xC1, 0x60, 0x3E, 0x5A,
    0x66, 0xAE, 0x0D, 0xA7, 0x42, 0x61, 0x43, 0xDB, 0x39, 0x88, 0x70, 0x76, 0x17, 0xBB, 0xE4, 0xE4,
    0xA5, 0xE9, 0xE2, 0xAD, 0x2B, 0x4B, 0xB0, 0x9A, 0x55, 0x27, 0x2F, 0x5E, 0xBC, 0xB8, 0xFF, 0x5D,
    0x70, 0x02, 0xAB, 0x32, 0x6E, 0x30, 0x67, 0x86, 0x53, 0xD1, 0x70, 0x0C, 0x06, 0x01, 0x5D, 0xA7,
    0x1D, 0xC0, 0x14, 0x28, 0x10, 0x8D, 0xFC, 0xD7, 0xB8, 0xD1, 0x7F, 0x83, 0x57, 0x0B, 0x5F, 0xF9,
    0x54, 0x3C, 0xD0, 0x06, 0xA2, 0x21, 0xD8, 0xEE, 0x23, 0xD7, 0x84, 0x9C, 0xAC, 0xB0, 0xA2, 0x51,
    0xC2, 0xF1, 0xFB, 0x97, 0x07, 0xE3, 0x96, 0xB9, 0x6B, 0x04, 0xDD, 0x86, 0x98, 0x5A, 0xB5, 0x94,
    0x6D, 0xE0, 0xBA, 0x04, 0x1D, 0x2E, 0x25, 0xAB, 0xE4, 0x3E, 0x91, 0xED, 0x31, 0xB0, 0xBD, 0x94,
    0x63, 0xE0, 0x56, 0x34, 0x1E, 0x25, 0x43, 0x1B, 0x23, 0x81, 0xE3, 0x4B, 0xD3, 0x89, 0x53, 0x26,
    0x72, 0x2F, 0xCF, 0x90, 0xE1, 0x0A, 0xD0, 0xBF, 0xB9, 0x2A, 0x72, 0x13, 0xA6, 0x68, 0xD4, 0x53,
    0xFC, 0x68, 0xA9, 0xB0, 0x32, 0xEC, 0xA1, 0xE3, 0x7E, 0x1A, 0xBE, 0xAA, 0x5A, 0xDA, 0xA0, 0x71,
    0xA9, 0x75, 0xF9, 0xD6, 0x44, 0x01, 0x10, 0xF6, 0x32, 0xA4, 0x2D, 0x54, 0x71, 0x30, 0xF5, 0x4F,
    0x33, 0xA5, 0x89, 0xD2, 0x50, 0xA9, 0xE4, 0x4A, 0xA3, 0x6F, 0x88, 0xC6, 0x4A, 0xCB, 0x3D, 0xF4,
    0xE4, 0xEF, 0xEF, 0xDF, 0x91, 0xAC, 0x28, 0x6B, 0xDB, 0x5A, 0x40, 0xDA, 0x11, 0xEA, 0x3B, 0x6D,
    0x24, 0x1D, 0xE5, 0x7E, 0xCC, 0x69, 0x53, 0x3D, 0x68, 0x00, 0x46, 0x62, 0x47, 0xD9, 0x80, 0x1A,
    0x8E, 0x61, 0x7C, 0x24, 0x1B, 0xF9, 0xF3, 0xEC, 0x28, 0x8F, 0x8D, 0x9C, 0xBF, 0xFB, 0xBE, 0xB0,
    0x3D, 0xE2, 0x03, 0x26, 0xFE, 0xF6, 0x79, 0x85, 0xC3, 0x8C, 0x96, 0x52, 0x97, 0xC0, 0xEF, 0xBC,
    0xB1, 0x92, 0xE9, 0xE5, 0x58, 0x16, 0x79, 0x53, 0x02, 0xDB, 0x4D, 0x63, 0x2B, 0xD4, 0x41, 0x5D,
    0xA8, 0xF8, 0x85, 0xF5, 0x74, 0xA7, 0x9D, 0xD5, 0xAB, 0x8B, 0xBF, 0xBF, 0x27, 0x2F, 0x49, 0x59,
    0x4C, 0x0A, 0x85, 0x29, 0xE7, 0x35, 0xE0, 0x34, 0x9A, 0x92, 0x41, 0x1C, 0xB4, 0x8F, 0x2B, 0x9A,
    0xE2, 0x81, 0xF7, 0xF8, 0x0C, 0xFD, 0x15, 0xAC, 0xCB, 0x77, 0xF4, 0x73, 0x1C, 0xA3, 0x43, 0xA4,
    0x72, 0x7E, 0x24, 0x53, 0x94, 0xB0, 0x4B, 0xE0, 0x11, 0x66, 0x18, 0x66, 0xD9, 0x29, 0x94, 0x5C,
    0x65, 0x1E, 0x47, 0xA9, 0xE0, 0x8A, 0x72, 0xF2, 0x65, 0x38, 0xF8, 0x52, 0x67, 0x02, 0xCA, 0xB4,
    0xDB, 0x38, 0xCD, 0x32, 0x6B, 0xB2, 0x81, 0x25, 0x04, 0x50, 0xF8, 0xB3, 0x62, 0x07, 0xC8, 0xDA,
    0x4D, 0xF2, 0xF9, 0x80, 0xD1, 0xFC, 0x74, 0x88, 0x3E, 0xE5, 0x9B, 0x71, 0x9F, 0xFC, 0x85, 0x25,
    0xF8, 0x7A, 0x8B, 0x65, 0xE6, 0x01, 0x17, 0x8A, 0x2D, 0x2F, 0x4D, 0xC0, 0x0F, 0x2B, 0x5E, 0xBE,
    0xC9, 0x97, 0x7C, 0xC6, 0x8B, 0x4E, 0x00, 0x4B, 0x32, 0xC9, 0x72, 0xA3, 0x58, 0xCB, 0x11, 0x8C,
    0x9E, 0x3F, 0x5A, 0x61, 0x82, 0x32, 0xEE, 0xA8, 0x2B, 0x54, 0x6D, 0x7D, 0x99, 0xA3, 0xB5, 0x63,
    0x76, 0xC6, 0x2C, 0xAB, 0x55, 0x59, 0xEA, 0x6B, 0x33, 0x60, 0xB3, 0x4C, 0xBA, 0x47, 0x76, 0x58,
    0xA6, 0xEF, 0x43, 0xF7, 0x28, 0xF3, 0xB7, 0xB9, 0xAE, 0xDB, 0xCA, 0xFC, 0xF0, 0xAA, 0xC5, 0x92,
    0xDD, 0xBB, 0xA8, 0x35, 0x4D, 0xEA, 0xAE, 0x8E, 0x58, 0xE4, 0x6A, 0xAF, 0x35, 0xB6, 0x98, 0x74,
    0xBE, 0x45, 0x1A, 0x28, 0x5B, 0x44, 0x6F, 0xC4, 0x7D, 0x8C, 0x0C, 0x27, 0xBC, 0x3E, 0xE3, 0x63,
    0xF4, 0x06, 0xDB, 0x6F, 0xF8, 0x9A, 0x96, 0x78, 0x4D, 0xCB, 0x59, 0x0E, 0xE0, 0x80, 0x2A, 0xDA,
    0xD0, 0x37, 0x99, 0x58, 0x0E, 0x2A, 0xE6, 0x29, 0x2E, 0xFE, 0xE8, 0x89, 0xD8, 0xC0, 0x9E, 0xC8,
    0x2D, 0xC7, 0x07, 0x28, 0xA1, 0xE3, 0x03, 0xA8, 0x60, 0x4F, 0x42, 0xBC, 0x98, 0xFC, 0x54, 0x0C,
    0x87, 0x60, 0xC1, 0xFE, 0xA2, 0x65, 0x04, 0x7B, 0x0D, 0xC7, 0x04, 0x6B, 0x6C, 0x01, 0x0C, 0xC1,
    0xF8, 0x10, 0xA1, 0x96, 0x18, 0x9F, 0xB2, 0x00, 0x9A, 0x94, 0xF2, 0x06, 0xDE, 0xDC, 0x92, 0x29,
    0x58, 0x6A, 0x0B, 0x43, 0xD4, 0xB1, 0x8C, 0xFA, 0xA4, 0x61, 0x89, 0xF1, 0xF9, 0xD0, 0x9D, 0xE7,
    0xF8, 0xA4, 0xEA, 0x30, 0x99, 0xDA, 0x97, 0xD6, 0xCB, 0xA6, 0xBD, 0xA1, 0xD4, 0xB1, 0x43, 0xB9,
    0x86, 0x44, 0xF1, 0x03, 0x90, 0x82, 0x69, 0xDA, 0x03, 0xCB, 0xB8, 0x95, 0x1B, 0x3E, 0xE1, 0x05,
    0xAF, 0xBE, 0x78, 0xE9, 0x9F, 0xE7, 0x54, 0x61, 0x03, 0x7B, 0x2F, 0xF4, 0x15, 0x3A, 0x81, 0x58,
    0xB4, 0xB1, 0xF0, 0xE3, 0xE2, 0xB4, 0xBC, 0xF6, 0xA2, 0xDA, 0x3C, 0x5D, 0x8D, 0xD0, 0x5D, 0x9B,
    0x1B, 0x79, 0x4C, 0xE9, 0x59, 0xBF, 0x12, 0xB2, 0x83, 0x40, 0x17, 0x7D, 0x58, 0x5C, 0xA5, 0x0B,
    0xAD, 0xEA, 0x75, 0x73, 0xB7, 0xD3, 0x8D, 0xE7, 0x48, 0x73, 0x1D, 0x6C, 0xA3, 0x35, 0x4B, 0x6F,
    0xD0, 0x6A, 0x0E, 0x93, 0x53, 0x15, 0xF0, 0xDD, 0x68, 0x60, 0xC7, 0xB1, 0xFA, 0xA8, 0x49, 0x47,
    0x7F, 0x26, 0xED, 0xC8, 0x61, 0xD6, 0x66, 0xBD, 0xAA, 0x61, 0x58, 0x51, 0xFB, 0xE1, 0xE5, 0x51,
    0x97, 0x61, 0xB8, 0x7E, 0x4A, 0x43, 0x77, 0xF1, 0x92, 0xA3, 0xF3, 0x07, 0x5F, 0x34, 0xE6, 0x64,
    0xA8, 0x29, 0x9E, 0x6B, 0x4B, 0x78, 0xA5, 0x6E, 0x54, 0xCF, 0x6F, 0xF2, 0x94, 0x0C, 0x29, 0x5B,
    0x3A, 0xB9, 0x28, 0x39, 0xD7, 0x4F, 0xF5, 0x44, 0x55, 0x40, 0xBD, 0x21, 0xCF, 0xC9, 0x21, 0xE6,
    0x5F, 0x39, 0x4C, 0x15, 0x04, 0xCA, 0x51, 0xF5, 0x4F, 0x1E, 0xE2, 0xB1, 0x64, 0x8F, 0x2D, 0x8D,
    0x35, 0x2A, 0xA4, 0x39, 0xB4, 0xFC, 0x3F, 0x27, 0x3A, 0x6D, 0xCE, 0x75, 0x54, 0x3F, 0x0D, 0x3B,
    0xFD, 0xD8, 0xB1, 0xC7, 0xC2, 0x16, 0x37, 0x5A, 0xEB, 0x61, 0xE3, 0x3C, 0x3C, 0xBF, 0x49, 0xD8,
    0xE9, 0x33, 0x9D, 0x65, 0xB9, 0x52, 0xFE, 0x1F, 0x77, 0x69, 0x73, 0xB8, 0x39, 0x97, 0xA0, 0xD8,
    0xE5, 0xC7, 0x2A, 0x0F, 0x43, 0x8E, 0x5B, 0x41, 0x0F, 0x27, 0x86, 0x94, 0x8F, 0xC7, 0x72, 0x6D,
    0x51, 0x92, 0x5C, 0x39, 0x8C, 0x52, 0x2C, 0xF8, 0x29, 0xFC, 0x8B, 0x30, 0x99, 0x55, 0x29, 0xDB,
    0x73, 0x99, 0x7E, 0x36, 0xD1, 0x61, 0x90, 0xFC, 0x7D, 0x84, 0x6F, 0x0C, 0x6A, 0xDF, 0x9E, 0x84,
    0x43, 0x66, 0x7F, 0x3D, 0x79, 0xB4, 0x8A, 0xB4, 0x0C, 0x27, 0x5F, 0x62, 0xA1, 0x66, 0xA4, 0x2B,
    0x89, 0x8F, 0x78, 0x31, 0xA5, 0x7C, 0x99, 0x75, 0x91, 0xBB, 0x78, 0x41, 0x97, 0x7D, 0xAD, 0x57,
    0xCE, 0xA5, 0x9B, 0x43, 0x09, 0x84, 0xA7, 0x13, 0x34, 0x8A, 0x46, 0xF0, 0x8D, 0x5B, 0x1F, 0x25,
    0xC6, 0x6D, 0xCA, 0x05, 0x66, 0xF1, 0x6C, 0x6B, 0x5D, 0xC1, 0xE0, 0xB5, 0xD5, 0x60, 0x72, 0x4F,
    0x09, 0x68, 0xBC, 0xA2, 0xA1, 0x73, 0x4B, 0x8F, 0x6C, 0x49, 0x87, 0x6C, 0x99, 0xB8, 0x0A, 0x41,
    0x01, 0x56, 0xA8, 0x1E, 0xC1, 0x77, 0xD4, 0x03, 0x80, 0x03, 0x12, 0xF4, 0x49, 0x60, 0xB5, 0xB7,
    0x22, 0x25, 0xAB, 0x68, 0x3D, 0xA3, 0xFE, 0x3F, 0x54, 0xFA, 0x20, 0xD6, 0x9A, 0x10, 0x21, 0xF1,
    0x35, 0xBB, 0x0C, 0xD5, 0xC9, 0x63, 0xEC, 0x36, 0x47, 0x97, 0x46, 0x07, 0x90, 0x63, 0x6C, 0x88,
    0x1A, 0xDF, 0xD5, 0xA1, 0x54, 0x24, 0xA1, 0x69, 0xB8, 0xC1, 0xAF, 0x62, 0xBA, 0xA4, 0xD3, 0xA5,
    0x15, 0x55, 0x22, 0xD3, 0x01, 0xD4, 0x01, 0xF4, 0xB7, 0xC9, 0x59, 0x2A, 0xB9, 0x62, 0xFD, 0x1C,
    0x7E, 0x30, 0x6C, 0x29, 0xDC, 0x1C, 0x04, 0xE9, 0x0A, 0x81, 0xE1, 0x83, 0x0B, 0xBB, 0x26, 0x9B,
    0x55, 0xCC, 0x6E, 0xF6, 0x10, 0xEA, 0x34, 0xA6, 0x82, 0x67, 0xC2, 0x9F, 0xFB, 0xAA, 0x8C, 0x50,
    0x2B, 0x08, 0x74, 0x8A, 0x45, 0xB7, 0x8D, 0x27, 0x68, 0x73, 0x56, 0xE1, 0x8A, 0xCC, 0x1C, 0xA4,
    0x9A, 0x35, 0xE8, 0xE8, 0x76, 0xA8, 0xCF, 0x51, 0xCC, 0xEC, 0xDD, 0xB7, 0x9A, 0x80, 0x77, 0x8F,
    0xBF, 0x63, 0x6A, 0x61, 0xE4, 0x91, 0xAA, 0xA3, 0xF7, 0x29, 0xEE, 0x15, 0xFA, 0x14, 0x74, 0x7B,
    0x1A, 0xC4, 0x9A, 0x77, 0x97, 0xBF, 0xE7, 0xE5, 0x02, 0x86, 0x1C, 0xF3, 0x2D, 0xA4, 0xB3, 0x1A,
    0x90, 0xC8, 0x18, 0x2E, 0xF7, 0x60, 0xD7, 0xDD, 0x62, 0xED, 0xA8, 0x30, 0xA4, 0x82, 0x41, 0xEB,
    0xD4, 0x87, 0xD3, 0xDE, 0xF8, 0xB1, 0x5E, 0x07, 0x9B, 0xF0, 0xA2, 0xD8, 0xC2, 0x97, 0xFC, 0x96,
    0xAE, 0xF1, 0xAF, 0x4B, 0x08, 0x2F, 0xA7, 0x0E, 0x5C, 0x93, 0x00, 0x5D, 0x26, 0x66, 0xBD, 0x1E,
    0x9E, 0xE5, 0xFD, 0x86, 0xDA, 0x0F, 0x44, 0x5D, 0x77, 0x8D, 0x01, 0xE1, 0x12, 0xE5, 0x57, 0x5D,
    0x65, 0xAA, 0xBC, 0x7E, 0x80, 0xCB, 0x31, 0xA7, 0x0E, 0x62, 0xB1, 0xD4, 0xC7, 0x60, 0x5A, 0x47,
    0x5D, 0xAD, 0xAF, 0x79, 0xB1, 0x9F, 0x55, 0x9B, 0x4F, 0x60, 0x6C, 0xED, 0xD3, 0x4E, 0xDC, 0x39,
    0x7F, 0x95, 0x9A, 0xD5, 0x98, 0xD7, 0xA3, 0xC5, 0x69, 0xF5, 0x6C, 0x79, 0xC5, 0x0A, 0x9D, 0xC5,
    0xD7, 0xBE, 0x32, 0x66, 0x50, 0xE6, 0x36, 0x8F, 0x13, 0x97, 0x67, 0x80, 0xF4, 0x60, 0x4C, 0xB3,
    0x59, 0x52, 0x3F, 0xDB, 0xAA, 0x25, 0x84, 0x07, 0x31, 0x1D, 0x71, 0x6A, 0x38, 0x50, 0x7B, 0x92,
    0x15, 0x7D, 0x71, 0x7A, 0x15, 0x4E, 0x28, 0x20, 0x51, 0xEC, 0x4C, 0xB7, 0xDD, 0x45, 0xDC, 0xD9,
    0x5B, 0x67, 0xFD, 0x56, 0xA8, 0x2D, 0x44, 0xDA, 0x1A, 0xA2, 0xBF, 0x78, 0xFA, 0x99, 0xA3, 0xC1,
    0xD0, 0xB2, 0x35, 0x5C, 0x26, 0xBD, 0xE2, 0x3D, 0x38, 0xF5, 0x32, 0x7E, 0xD3, 0xAF, 0xBC, 0x8C,
    0xE4, 0x23, 0x2E, 0x11, 0xF1, 0x7E, 0x2F, 0xE3, 0xF8, 0x82, 0x03, 0x03, 0x13, 0xD7, 0x00, 0xB9,
    0x01, 0xCD, 0x98, 0xDB, 0xEC, 0x19, 0x03, 0x66, 0x6D, 0x0C, 0xD9, 0x48, 0x27, 0xD2, 0xEB, 0x8E,
    0xF4, 0x9A, 0xAB, 0x40, 0x97, 0x98, 0x18, 0xA0, 0x65, 0x47, 0x6A, 0x7A, 0xD2, 0x6C, 0x20, 0x4D,
    0x46, 0xD2, 0xC8, 0x91, 0x86, 0xEE, 0x15, 0x50, 0x71, 0x1F, 0x93, 0x5A, 0x47, 0x6A, 0x94, 0x66,
    0x4A, 0x53, 0xAE, 0x72, 0x55, 0xAC, 0x2B, 0x44, 0xA4, 0x34, 0x20, 0x5A, 0xEC, 0x28, 0x5F, 0x83,
    0x4F, 0xEF, 0x54, 0x9A, 0x41, 0x5C, 0xFA, 0x65, 0x48, 0x56, 0xD0, 0x22, 0xB3, 0xE9, 0xAA, 0x59,
    0x5D, 0xBE, 0xA2, 0xCE, 0x37, 0x7D, 0x58, 0x4B, 0xE0, 0x27, 0xFC, 0x53, 0xE1, 0x05, 0x42, 0x4B,
    0x2E, 0x2D, 0xAE, 0x22, 0x92, 0x23, 0x7A, 0x65, 0x0C, 0xD1, 0xAA, 0x8F, 0xDF, 0x72, 0x79, 0x31,
    0x9D, 0xA7, 0xF6, 0x16, 0xB4, 0xD4, 0x9A, 0xFA, 0x56, 0xC3, 0x75, 0xC3, 0xD5, 0x39, 0x51, 0xA3,
    0x4A, 0xB1, 0xD8, 0x31, 0x46, 0x7E, 0xAF, 0x1C, 0xC5, 0x2F, 0x35, 0xEC, 0x57, 0x53, 0x6D, 0x6A,
    0x70, 0x73, 0x9E, 0xEC, 0xE1, 0x5D, 0x31, 0x92, 0x69, 0xED, 0x77, 0x44, 0xBA, 0xD0, 0xCC, 0x42,
    0xEC, 0xC8, 0x61, 0x97, 0x22, 0xF0, 0xF1, 0xBF, 0xBA, 0x77, 0x3A, 0x0A, 0x91, 0xBA, 0x00, 0xD9,
    0x35, 0xF2, 0x99, 0xD7, 0x0C, 0x08, 0x1F, 0x90, 0xB0, 0x3A, 0xDC, 0x52, 0x04, 0x3B, 0x81, 0x0E,
    0xC2, 0x8F, 0xE9, 0x22, 0x29, 0x6F, 0xF9, 0x65, 0xAE, 0x98, 0xDF, 0x0E, 0xA6, 0x7D, 0x6E, 0xEB,
    0xE1, 0xE4, 0x7F, 0xB3, 0xE2, 0x2E, 0x48, 0xD6, 0x32, 0xEC, 0xCE, 0x3B, 0x22, 0x5F, 0xDE, 0xF1,
    0xFF, 0xB4, 0xC9, 0xAB, 0x7B, 0x80, 0xFF, 0xA3, 0xB0, 0xA2, 0x5C, 0xE2, 0xDA, 0xD6, 0x59, 0xC7,
    0x7E, 0xD2, 0x51, 0xF3, 0x79, 0xDE, 0xA0, 0xD0, 0x70, 0xA0, 0x98, 0x0C, 0x6C, 0x01, 0xA6, 0xB0,
    0x8F, 0xB2, 0x4A, 0xBB, 0x47, 0x25, 0xAA, 0x6F, 0x14, 0xED, 0x01, 0xBF, 0x0D, 0x04, 0x81, 0x2F,
    0xFF, 0xDB, 0x10, 0x7C, 0xD9, 0x02, 0xFA, 0x1A, 0xB4, 0x5F, 0xB2, 0x51, 0xC1, 0x03, 0x4C, 0xB9,
    0x1C, 0xD4, 0xD9, 0x92, 0x21, 0x2D, 0xB8, 0x3D, 0xAB, 0x32, 0x0E, 0x25, 0xF8, 0x0F, 0x7B, 0xF6,
    0x1D, 0x77, 0x94, 0x28, 0xAD, 0x49, 0xF3, 0x8A, 0xD4, 0xA8, 0xEC, 0x23, 0xE9, 0x27, 0x40, 0xD2,
    0xCE, 0x7C, 0xD6, 0x51, 0x33, 0x90, 0x01, 0x32, 0x12, 0x91, 0xD0, 0xAC, 0x97, 0xF1, 0x9F, 0xB3,
    0x8C, 0x9A, 0x47, 0x61, 0x22, 0xE5, 0x3A, 0x59, 0x48, 0x6B, 0xCA, 0x98, 0x56, 0xBB, 0xB3, 0x45,
    0xE4, 0xF1, 0x39, 0x6D, 0xE6, 0x81, 0xC0, 0xFA, 0x24, 0x84, 0xF7, 0xA1, 0xE5, 0xC4, 0x9C, 0x32,
    0xB7, 0x7E, 0xE8, 0x36, 0xF7, 0x22, 0xF1, 0x16, 0x97, 0xC8, 0xD2, 0xF5, 0x09, 0xB4, 0x31, 0x17,
    0x27, 0x5C, 0xC5, 0xFC, 0x6A, 0xC4, 0xAC, 0x58, 0x7B, 0xDB, 0x0A, 0xD8, 0x14, 0xF7, 0xAA, 0x2C,
    0x17, 0xEF, 0x5A, 0xF7, 0x41, 0xDC, 0xD5, 0x33, 0x9C, 0x22, 0xB3, 0xEB, 0x9F, 0x69, 0x5C, 0x40,
    0xE9, 0x15, 0xB2, 0x36, 0xE6, 0x94, 0xCB, 0xCC, 0x7C, 0x5E, 0x78, 0xAC, 0x56, 0xC1, 0xF2, 0x79,
    0x6F, 0x67, 0xDC, 0x2B, 0xE5, 0xE3, 0x72, 0x2F, 0x8B, 0xE9, 0x8B, 0xC4, 0xFB, 0x88, 0x66, 0x0E,
    0xA5, 0x54, 0xCC, 0x68, 0xD2, 0x48, 0x24, 0xE9, 0x62, 0xCD, 0xD0, 0x17, 0x72, 0xFE, 0x9E, 0x15,
    0x33, 0x38, 0x1F, 0xF2, 0x17, 0xD3, 0xB6, 0x94, 0x68, 0xD0, 0xFC, 0x4A, 0xEC, 0x8B, 0xA8, 0x4F,
    0xF6, 0x25, 0xD2, 0xEE, 0xC5, 0x61, 0x54, 0x23, 0x0C, 0x74, 0x41, 0xCE, 0xC6, 0xF5, 0x8C, 0x8C,
    0x35, 0x85, 0xE7, 0x77, 0x0D, 0x82, 0x5D, 0x38, 0x5D, 0xED, 0x8A, 0x72, 0x87, 0x4D, 0x69, 0x93,
    0x4F, 0xDC, 0x15, 0x8D, 0x27, 0xDD, 0xCC, 0x73, 0x4C, 0xB5, 0xC2, 0x09, 0x4C, 0x75, 0x43, 0x37,
    0x57, 0x67, 0x94, 0x90, 0x0C, 0x44, 0x21, 0x54, 0xF7, 0x9A, 0x97, 0x9D, 0x7C, 0x6C, 0x30, 0xAC,
    0x97, 0xFD, 0xC0, 0xEF, 0xC1, 0x39, 0x5D, 0x4E, 0x6D, 0xFD, 0x05, 0x34, 0xD1, 0x64, 0x9C, 0x4F,
    0x77, 0x29, 0x3D, 0xCE, 0xFD, 0x54, 0xBF, 0x7F, 0x4C, 0x92, 0xF9, 0x8C, 0x97, 0x8F, 0x3D, 0x76,
    0x08, 0x9F, 0x44, 0x40, 0x06, 0x2A, 0xEE, 0xB2, 0x63, 0x88, 0x61, 0xBB, 0x98, 0x98, 0x06, 0x92,
    0xAF, 0x89, 0xFE, 0xB4, 0x88, 0x3D, 0xCE, 0xB0, 0x9E, 0x63, 0x94, 0x81, 0x69, 0x1A, 0x53, 0x4D,
    0xBB, 0x81, 0x4A, 0xA9, 0x01, 0x1B, 0x15, 0xE8, 0xB5, 0x38, 0x2F, 0x2C, 0x6E, 0x2A, 0xE6, 0xD8,
    0x9D, 0x5A, 0xE6, 0xD3, 0x2B, 0x19, 0x7D, 0xD2, 0x0A, 0x0A, 0xE1, 0xAE, 0xF7, 0x1E, 0x1A, 0x13,
    0xCE, 0xB9, 0x05, 0x64, 0xE8, 0xCB, 0x82, 0x72, 0x2F, 0xFC, 0x21, 0x86, 0x5C, 0x78, 0x1A, 0x2B,
    0x65, 0xFE, 0x01, 0xD4, 0x71, 0x20, 0x99, 0x3D, 0x0D, 0x69, 0x41, 0x35, 0x28, 0xC2, 0x59, 0xD6,
    0x66, 0x0C, 0xCF, 0x2C, 0x2E, 0x9E, 0x16, 0x09, 0x68, 0xDC, 0x2A, 0xED, 0xD2, 0x65, 0xEE, 0xE2,
    0xC9, 0x76, 0xC6, 0xC5, 0x3A, 0x28, 0xB1, 0x07, 0x55, 0x8E, 0xF0, 0x51, 0x59, 0x05, 0xFA, 0xB6,
    0x59, 0x39, 0x2B, 0x99, 0x5B, 0xE3, 0x92, 0x3E, 0xD9, 0xD8, 0x6B, 0xC0, 0x9B, 0x96, 0x9B, 0x2A,
    0xF3, 0xBE, 0x3C, 0x98, 0x7D, 0xAF, 0x1C, 0x24, 0xAF, 0x52, 0x10, 0x74, 0xA9, 0x53, 0xC0, 0x93,
    0x90, 0x6B, 0x4C, 0x4E, 0x52, 0x5E, 0x7B, 0x76, 0xC0, 0xF0, 0x70, 0x9F, 0xC3, 0x13, 0x54, 0x86,
    0x0B, 0x3B, 0xA8, 0xFF, 0x5D, 0x19, 0xF7, 0x99, 0x6B, 0x52, 0xF7, 0x8C, 0xDF, 0x2D, 0x5B, 0xF5,
    0xA6, 0x99, 0x25, 0x3B, 0xE7, 0xCB, 0x25, 0x9B, 0x56, 0xA9, 0x0D, 0x5D, 0x1B, 0x8E, 0xC9, 0x1D,
    0x65, 0xA8, 0x58, 0xA5, 0x4D, 0x35, 0x97, 0xC5, 0x60, 0x01, 0xF8, 0x85, 0x75, 0xAC, 0x87, 0x2D,
    0xC7, 0x55, 0x70, 0xD3, 0x14, 0xBF, 0xDD, 0x0C, 0x1D, 0x53, 0xC3, 0x2A, 0x74, 0xA7, 0xAF, 0xE3,
    0x46, 0x75, 0x2B, 0xE9, 0xCB, 0x18, 0xAD, 0x40, 0x1E, 0x91, 0x3B, 0xCC, 0x4B, 0xC0, 0xD4, 0x26,
    0xB7, 0xA7, 0xD1, 0x46, 0x36, 0x93, 0xA8, 0x4F, 0xEF, 0xB8, 0x4A, 0x74, 0x8C, 0x34, 0xE1, 0xA8,
    0xD1, 0xC2, 0x40, 0x7F, 0x67, 0x99, 0xAE, 0xC8, 0xC4, 0xED, 0x0F, 0x5D, 0x80, 0x7C, 0x7E, 0xF2,
    0x8E, 0x71, 0xE5, 0x7B, 0x71, 0x53, 0x60, 0x19, 0xC1, 0xB9, 0x77, 0x00, 0xF5, 0x46, 0x93, 0x8F,
    0xB5, 0xF9, 0xEB, 0xB6, 0x7B, 0xD7, 0xB5, 0x39, 0x1D, 0x4C, 0xD3, 0xE5, 0x0C, 0x75, 0x98, 0xF8,
    0x4C, 0x74, 0x0F, 0x78, 0xE3, 0xCC, 0xB8, 0xD8, 0xEE, 0x63, 0xAD, 0xA9, 0x07, 0x5A, 0x50, 0x94,
    0x57, 0xCF, 0x4C, 0x8B, 0xC5, 0x96, 0xD5, 0xC0, 0x96, 0x91, 0xED, 0xE4, 0x0B, 0x48, 0x50, 0xC1,
    0x27, 0x73, 0xED, 0x89, 0x06, 0x3C, 0xC0, 0xB1, 0xEB, 0x72, 0x37, 0xE0, 0x9D, 0x3A, 0x41, 0x24,
    0x4C, 0x34, 0x3C, 0xED, 0xF3, 0x73, 0x7E, 0x2D, 0x66, 0x8C, 0x6B, 0xE7, 0x5D, 0x5D, 0xFC, 0x42,
    0xD4, 0x0F, 0x01, 0x2C, 0xF7, 0x8E, 0xCB, 0x39, 0x2F, 0x78, 0x2B, 0xC2, 0x23, 0x22, 0xDC, 0xEC,
    0x39, 0x02, 0x5C, 0x2D, 0xAC, 0x36, 0xC0, 0xA0, 0x79, 0xA4, 0xE7, 0xC2, 0xED, 0x2D, 0xE2, 0x86,
    0x27, 0xC4, 0x8D, 0x80, 0x39, 0x36, 0xDD, 0x56, 0xDA, 0xD0, 0xBD, 0x25, 0x4D, 0xD7, 0x6B, 0x50,
    0xCA, 0x73, 0x14, 0x47, 0xD7, 0x5E, 0x9E, 0x62, 0x8E, 0x5D, 0x63, 0x8E, 0xBE, 0xEB, 0xFD, 0xA2,
    0xF0, 0x06, 0xFB, 0xC9, 0xB9, 0x31, 0x36, 0x5B, 0x3B, 0x22, 0xEB, 0x31, 0x23, 0x2A, 0x03, 0x0D,
    0x4B, 0x04, 0xDE, 0xC2, 0xF3, 0x28, 0x3E, 0x35, 0xBC, 0x87, 0xEC, 0x9E, 0x11, 0x9A, 0x13, 0x9F,
    0x47, 0x30, 0x7D, 0xB1, 0x8A, 0x71, 0x27, 0xDB, 0xA7, 0x9B, 0xF4, 0xA8, 0xD2, 0xBC, 0xCA, 0x85,
    0x37, 0x63, 0x0E, 0xCF, 0xC3, 0xF8, 0xBC, 0xA7, 0x72, 0x7A, 0x54, 0xEE, 0x28, 0x43, 0x5B, 0x2B,
    0xCF, 0x29, 0x9F, 0xC4, 0x3F, 0x08, 0x27, 0x00, 0xA0, 0x62, 0x0E, 0x5C, 0xFC, 0xEE, 0xA6, 0x89,
    0x7E, 0x7B, 0x19, 0x52, 0x2F, 0x47, 0x7D, 0x1C, 0xF5, 0x70, 0xD4, 0xBF, 0x39, 0xC8, 0xBB, 0xB9,
    0xCD, 0x6C, 0x6C, 0x6A, 0x06, 0x17, 0x83, 0x62, 0x46, 0x3D, 0x7A, 0x84, 0x57, 0xF0, 0x3B, 0x28,
    0x56, 0x7D, 0x73, 0xE9, 0x34, 0xB4, 0xEE, 0xFF, 0xFD, 0xCD, 0xB9, 0xC3, 0xDF, 0xE9, 0xEE, 0x2D,
    0x10, 0xAC, 0xE1, 0xEC, 0x73, 0x98, 0x72, 0x15, 0x18, 0x4E, 0x9B, 0x5D, 0xEB, 0xFB, 0x8A, 0x6D,
    0x1E, 0x11, 0x3D, 0x3F, 0x86, 0xE9, 0xD9, 0xA5, 0xFF, 0x19, 0x4C, 0x35, 0x3D, 0x2A, 0x4F, 0xCA,
    0xEE, 0x2C, 0xAC, 0x53, 0xFD, 0xCA, 0xFF, 0xF1, 0x4D, 0x78, 0x0E, 0x6F, 0xC0, 0xF7, 0x11, 0xB9,
    0x60, 0xCE, 0x8D, 0xE5, 0x5B, 0x13, 0xBE, 0xA6, 0x18, 0xBE, 0x66, 0x6B, 0xF3, 0x81, 0xA4, 0x9D,
    0x27, 0x19, 0x72, 0x4C, 0xB3, 0xD3, 0xF2, 0x10, 0xB5, 0xA1, 0x47, 0x83, 0xD2, 0xEB, 0x98, 0xD8,
    0xE9, 0x39, 0xC7, 0xD8, 0x4C, 0x77, 0x36, 0xCB, 0x5A, 0x36, 0x2F, 0xC0, 0x53, 0x2B, 0xDD, 0x76,
    0xC3, 0x60, 0xAE, 0x4D, 0xDC, 0x25, 0xC8, 0x06, 0xF4, 0xEB, 0x08, 0x1E, 0x08, 0x0F, 0x31, 0xCE,
    0x07, 0x10, 0xC6, 0x91, 0xA6, 0x41, 0xF0, 0x6C, 0xEB, 0x74, 0x0C, 0xD5, 0x75, 0xA2, 0xB3, 0xA3,
    0x21, 0xAC, 0xE2, 0xC6, 0xE9, 0x15, 0x7A, 0xC3, 0x8D, 0x8A, 0xEB, 0x55, 0x10, 0x6E, 0xF4, 0x64,
    0xD2, 0x29, 0x1E, 0x0E, 0x80, 0x2E, 0x2F, 0xC8, 0x01, 0x9F, 0x7C, 0x48, 0x88, 0xDE, 0x03, 0x1D,
    0x2F, 0x33, 0x9F, 0x95, 0xBB, 0x56, 0x32, 0xC8, 0x24, 0x82, 0x47, 0x8A, 0x6C, 0x5F, 0x8D, 0x72,
    0xAB, 0x9D, 0x60, 0xDE, 0xE9, 0xD1, 0x0D, 0x52, 0x3F, 0xFB, 0x15, 0x97, 0xFC, 0x06, 0x8B, 0x9E,
    0x87, 0xA0, 0x62, 0x66, 0xC4, 0xAA, 0x0E, 0x40, 0xAC, 0x8A, 0x72, 0xF6, 0x9C, 0x08, 0x4C, 0x39,
    0x26, 0xC4, 0x79, 0x28, 0xA0, 0x64, 0x80, 0x6C, 0x39, 0x16, 0x78, 0xD3, 0x1E, 0x40, 0xF0, 0x14,
    0x55, 0xAA, 0xB2, 0x0D, 0x79, 0x5A, 0x08, 0xAF, 0x65, 0xCE, 0x07, 0xFA, 0xDD, 0xCD, 0x88, 0xA5,
    0xE1, 0x33, 0x13, 0x1B, 0x21, 0x1D, 0x4C, 0x1E, 0x09, 0xF1, 0x88, 0xA5, 0xFC, 0xDC, 0x84, 0x58,
    0xB7, 0x97, 0xA1, 0x07, 0x6F, 0x46, 0x2C, 0xB7, 0xDD, 0x0A, 0x4F, 0xB6, 0xDD, 0x0A, 0xB1, 0x6E,
    0x2B, 0x43, 0xEA, 0x24, 0xBA, 0xEA, 0x35, 0x6F, 0x6D, 0xFA, 0x34, 0x79, 0x97, 0x29, 0xEC, 0x03,
    0xBC, 0xA4, 0xDB, 0xCC, 0x8B, 0xA2, 0x67, 0x34, 0x03, 0xE7, 0xD2, 0xA3, 0x67, 0xB8, 0x8C, 0xEF,
    0xB8, 0x4A, 0x62, 0xBA, 0xD2, 0xFE, 0xC0, 0xAE, 0x3F, 0xF2, 0xD9, 0xAD, 0x73, 0x2F, 0x8B, 0xC5,
    0xE2, 0x34, 0xF3, 0x41, 0xAB, 0x6B, 0xF7, 0x68, 0xC8, 0xAD, 0xDF, 0xD1, 0x93, 0x9D, 0xB2, 0xDA,
    0x55, 0xC3, 0x2A, 0x99, 0xFB, 0xB9, 0x3D, 0xDC, 0xC0, 0x7E, 0x42, 0xB6, 0x32, 0xB2, 0x7F, 0xCA,
    0x82, 0xBC, 0x6E, 0x1B, 0x57, 0xF7, 0x20, 0x6F, 0xB7, 0x20, 0x7F, 0xC6, 0x1D, 0xFB, 0xF7, 0x02,
    0x4F, 0xB9, 0x12, 0x98, 0x01, 0x6E, 0xAD, 0x19, 0x62, 0xDD, 0x97, 0xD0, 0x56, 0x7A, 0xFE, 0x57,
    0x89, 0xF9, 0xD1, 0xD6, 0x7C, 0xF0, 0xE2, 0x5B, 0x7B, 0x92, 0x76, 0x1A, 0x75, 0x46, 0xAA, 0xC5,
    0x54, 0xE3, 0x50, 0x9D, 0x91, 0xAB, 0x68, 0x31, 0x5F, 0xEE, 0x3E, 0xDE, 0xEB, 0x8E, 0xF1, 0xB3,
    0x3D, 0x30, 0xDC, 0xB6, 0x03, 0xB7, 0x2F, 0x3D, 0x85, 0x33, 0x97, 0x73, 0x78, 0xE8, 0x7E, 0x7D,
    0x09, 0xAA, 0xEE, 0x1A, 0x5C, 0x31, 0x43, 0xF4, 0x79, 0x66, 0x3E, 0x7C, 0x37, 0x71, 0x87, 0xF9,
    0x1D, 0xF0, 0x52, 0x8E, 0x84, 0xA8, 0xD5, 0xC1, 0x27, 0x3F, 0x6D, 0x3D, 0xBB, 0x7E, 0x6B, 0x7C,
    0x58, 0x73, 0x1B, 0xFB, 0x8D, 0x65, 0x3D, 0x9B, 0x11, 0xEC, 0x3F, 0xCE, 0x70, 0x37, 0xB8, 0x3D,
    0x22, 0xEB, 0x43, 0x2D, 0xEA, 0x0D, 0x41, 0xB7, 0xEA, 0x0A, 0xFD, 0xCB, 0x1F, 0xDD, 0xE2, 0x99,
    0xA2, 0x97, 0xE4, 0xD1, 0x83, 0x70, 0xF9, 0x2E, 0x70, 0x7B, 0x52, 0x9E, 0xD7, 0x9C, 0x19, 0xF1,
    0xCF, 0xBD, 0x49, 0x6A, 0x95, 0x1A, 0x99, 0x0E, 0x07, 0x87, 0xFF, 0x05, 0xCD, 0x90, 0xBD, 0x4D,
    0xC4, 0x40, 0x10, 0x85, 0x9F, 0x6D, 0x21, 0x07, 0x1B, 0x6C, 0x7E, 0x89, 0x0B, 0x20, 0x70, 0x09,
    0xDE, 0x12, 0x48, 0xE8, 0x81, 0xEC, 0x4A, 0xF0, 0x96, 0x40, 0x44, 0x11, 0x97, 0x5C, 0x07, 0x78,
    0xE9, 0xE0, 0x4A, 0xB0, 0xA8, 0xC0, 0xD2, 0x39, 0x30, 0xE2, 0xBC, 0x8F, 0x37, 0x20, 0x9F, 0x10,
    0xD7, 0x00, 0x13, 0x7C, 0xD2, 0xFC, 0xBD, 0xF9, 0x01, 0xF0, 0x00, 0xA0, 0x98, 0x05, 0x77, 0x11,
    0xBA, 0x55, 0x1E, 0x47, 0xA0, 0xCE, 0xF2, 0x2A, 0x8B, 0x17, 0x01, 0xBF, 0xEC, 0x9E, 0xE9, 0x98,
    0x3B, 0x26, 0x0A, 0x91, 0x6B, 0xBD, 0xA2, 0x99, 0xAA, 0x8C, 0x76, 0x2C, 0x89, 0x2E, 0x81, 0xA1,
    0x17, 0xE2, 0x10, 0xD0, 0x27, 0x4A, 0xEE, 0x24, 0xB4, 0xEF, 0x12, 0xF5, 0x67, 0xC9, 0xFB, 0xCF,
    0x45, 0xCA, 0x94, 0x6A, 0xC5, 0x09, 0x28, 0x6D, 0x10, 0x98, 0x36, 0x0C, 0x36, 0x49, 0x0D, 0x28,
    0x6D, 0x78, 0xAD, 0x86, 0xBB, 0xBD, 0x1A, 0x1A, 0x2B, 0x6B, 0x19, 0x85, 0x8F, 0x6D, 0x8D, 0xA3,
    0x2D, 0xCB, 0x2B, 0xFC, 0x65, 0x3B, 0xE0, 0x06, 0xED, 0x02, 0x97, 0xC9, 0xE0, 0x48, 0x26, 0xC7,
    0x17, 0x8E, 0x6E, 0x45, 0x3F, 0x29, 0xDB, 0xCD, 0x42, 0xB3, 0x6C, 0xF0, 0x57, 0xFC, 0xC4, 0x2C,
    0xDB, 0x5A, 0x9D, 0x15, 0x17, 0x3C, 0x99, 0x40, 0x14, 0x32, 0x84, 0x59, 0xCA, 0x8F, 0x37, 0xD3,
    0xFC, 0x6A, 0x0B, 0xD9, 0xBA, 0xDF, 0x38, 0x1C, 0x9E, 0xE5, 0xEF, 0xF0, 0x04, 0xF4, 0x51, 0x77,
    0x0D, 0x6F, 0x0C, 0x06, 0xFD, 0x25, 0xBC, 0xE2, 0x8F, 0xFD, 0x93, 0xC7, 0x7E, 0x01, 0xCD, 0x5A,
    0x31, 0x8F, 0xDD, 0xC6, 0x11, 0x5E, 0x92, 0xBA, 0x23, 0x10, 0x22, 0xA0, 0x0A, 0x29, 0x48, 0x64,
    0x40, 0x4C, 0x91, 0xC2, 0xB0, 0x12, 0xF3, 0x0F, 0x38, 0x26, 0x13, 0x17, 0x29, 0x54, 0xF8, 0x15,
    0xF7, 0xE2, 0x42, 0x01, 0xD4, 0xA4, 0x73, 0x71, 0x4D, 0x8A, 0x14, 0x96, 0xC9, 0x9F, 0xA0, 0x3E,
    0x85, 0x5D, 0xB8, 0x70, 0xA4, 0x42, 0xAD, 0x0B, 0xC9, 0x24, 0xF2, 0x0B, 0xD8, 0xB8, 0x36, 0x0B,
    0x39, 0x48, 0xE2, 0xC2, 0x04, 0xF2, 0x02, 0xF0, 0xC9, 0x7C, 0x9C, 0x7C, 0xDF, 0x2C, 0xC9, 0xE3,
    0x3B, 0x49, 0xF6, 0xE9, 0x4E, 0x77, 0xF7, 0xEE, 0xC8, 0x6F, 0xEF, 0xC8, 0xE5, 0x72, 0xF6, 0xDB,
    0xD9, 0xD9, 0x99, 0x59, 0x1A, 0xB3, 0x5C, 0xA6, 0xC6, 0x78, 0x22, 0xE5, 0x36, 0x6E, 0xFD, 0xEC,
    0xFD, 0x99, 0x18, 0x77, 0xC4, 0x64, 0x43, 0xCC, 0x7A, 0xA2, 0x08, 0xB1, 0x17, 0xB4, 0xE0, 0x76,
    0x92, 0xE3, 0xD9, 0xAE, 0xC0, 0xB3, 0x7E, 0x9B, 0x54, 0xC6, 0x04, 0x4D, 0x52, 0x1B, 0x13, 0x36,
    0x71, 0x63, 0x4C, 0x54, 0x47, 0x2B, 0x3C, 0x5A, 0x86, 0xDD, 0x88, 0xC5, 0x7F, 0x1E, 0x6D, 0xD8,
    0x00, 0x9A, 0x70, 0x14, 0x5D, 0x79, 0xF0, 0x50, 0x72, 0xAF, 0xC3, 0xBF, 0xA5, 0x8F, 0x0A, 0x52,
    0x86, 0x2D, 0xB0, 0xCE, 0x24, 0xF5, 0x65, 0x03, 0x99, 0x42, 0xE9, 0x2D, 0xAA, 0xC8, 0xAE, 0x48,
    0x35, 0x83, 0x17, 0xFD, 0xEC, 0x17, 0x10, 0x2C, 0x11, 0x69, 0x08, 0x2B, 0x93, 0x7C, 0x95, 0x75,
    0x26, 0xCE, 0xF1, 0xF2, 0x38, 0x0D, 0xD8, 0x95, 0x11, 0xD0, 0x00, 0xAE, 0x11, 0xB2, 0xF5, 0xDD,
    0xCE, 0x14, 0x25, 0xAE, 0x89, 0x05, 0x54, 0x86, 0x04, 0xB8, 0x01, 0x09, 0xF3, 0x44, 0xFE, 0x2B,
    0x55, 0x28, 0xBF, 0xC7, 0xEB, 0x16, 0x6C, 0xDF, 0xAB, 0x3D, 0xBC, 0xD8, 0x6B, 0x02, 0x62, 0xCF,
    0x8E, 0xA3, 0x3F, 0xE9, 0x44, 0x91, 0xB3, 0xD8, 0x59, 0x02, 0x17, 0x4E, 0x0A, 0xB9, 0xFD, 0xDA,
    0x78, 0x6D, 0x58, 0xF1, 0x71, 0xBC, 0x93, 0x64, 0x0D, 0x12, 0x5E, 0x28, 0x8B, 0x97, 0xCD, 0x8D,
    0xC9, 0xC8, 0x0D, 0xDE, 0x09, 0x74, 0x85, 0x6F, 0x0E, 0x9F, 0xAA, 0x28, 0x2A, 0xDC, 0x13, 0x45,
    0x95, 0xC7, 0xC8, 0xE7, 0xC4, 0x42, 0x45, 0x8C, 0xB7, 0x86, 0xF8, 0x9C, 0x38, 0x7A, 0x8F, 0x1C,
    0x45, 0xD5, 0x28, 0xCC, 0x66, 0x02, 0xF9, 0x8C, 0xD0, 0xF2, 0x06, 0x5B, 0xDE, 0x53, 0x31, 0x7E,
    0x89, 0xD3, 0x5D, 0x0D, 0x54, 0x3A, 0x82, 0x8A, 0x01, 0x27, 0x86, 0xBF, 0xE6, 0xF5, 0x74, 0x1C,
    0x4E, 0xA7, 0x40, 0xEF, 0x22, 0x91, 0x1A, 0x03, 0x2E, 0x2D, 0xE6, 0xBA, 0xB4, 0x81, 0xE4, 0x7E,
    0x1B, 0x6E, 0x8C, 0xB7, 0x8A, 0x5B, 0x40, 0xD2, 0x18, 0x87, 0x80, 0x71, 0xA8, 0xD9, 0xDF, 0x97,
    0x41, 0xC6, 0x2A, 0x5A, 0x2F, 0x69, 0x07, 0x46, 0xAE, 0x86, 0x92, 0xBA, 0x8D, 0x2F, 0xEB, 0xA2,
    0x45, 0x57, 0xC1, 0x04, 0x7A, 0x93, 0x43, 0x0C, 0xDE, 0xBF, 0xAE, 0xAF, 0xC7, 0x30, 0x1A, 0x9F,
    0x3D, 0xE2, 0xC0, 0x19, 0xD4, 0x30, 0x3E, 0x87, 0x36, 0x62, 0xB7, 0x42, 0x5E, 0x77, 0xB7, 0xB5,
    0x2F, 0x90, 0xA7, 0x54, 0x4D, 0xA1, 0x55, 0x12, 0xFC, 0xF7, 0x3B, 0x31, 0x60, 0xAA, 0x30, 0x31,
    0xDA, 0x1E, 0x5E, 0xFE, 0x32, 0x88, 0xC9, 0x45, 0xD4, 0x99, 0x2B, 0x06, 0x52, 0x15, 0xDA, 0x40,
    0x0A, 0x9D, 0xC0, 0x9B, 0x62, 0xF2, 0xE2, 0x1C, 0xA8, 0xF2, 0xE9, 0x90, 0x42, 0x02, 0x17, 0x83,
    0x87, 0x8A, 0x54, 0xA1, 0x7F, 0x42, 0xF1, 0xB2, 0x34, 0xCB, 0xCD, 0x9B, 0x26, 0xD8, 0x09, 0xD6,
    0xAE, 0x91, 0x97, 0x8D, 0xB2, 0x91, 0x53, 0x7A, 0xB4, 0x53, 0x7C, 0xD2, 0xE2, 0x12, 0x2F, 0x36,
    0xE6, 0x9D, 0xE7, 0xE6, 0xEC, 0x79, 0xB3, 0x96, 0x50, 0x9D, 0x74, 0x95, 0x50, 0xD3, 0xAB, 0x7F,
    0xA9, 0xFD, 0xBB, 0xBE, 0x13, 0x6A, 0xE6, 0x70, 0x52, 0x78, 0x34, 0x1F, 0xFE, 0x04, 0x9E, 0xCE,
    0xE1, 0x83, 0x8B, 0xA4, 0xE9, 0x9A, 0x71, 0x8C, 0x79, 0xD7, 0x44, 0x30, 0x31, 0x15, 0xE4, 0x8B,
    0x78, 0xD7, 0xA3, 0xCA, 0x5B, 0xD6, 0xDE, 0xDA, 0x91, 0x29, 0x69, 0xA8, 0x43, 0x1F, 0x0D, 0xDA,
    0x54, 0x7C, 0xDD, 0x0E, 0x1A, 0xA6, 0xBA, 0xE6, 0x2A, 0x6B, 0x8B, 0x8B, 0x64, 0x6D, 0x81, 0xBB,
    0xC6, 0xB4, 0xE6, 0x1E, 0x8D, 0xD8, 0x7B, 0x7C, 0x7F, 0xA6, 0x9C, 0x85, 0x4A, 0x9A, 0xA7, 0x0B,
    0xAC, 0xF9, 0x7C, 0x92, 0xE6, 0xBA, 0xFA, 0x2F, 0x68, 0xA8, 0xB7, 0x06, 0xBF, 0x22, 0x93, 0xE8,
    0x9D, 0xBF, 0x31, 0x87, 0x1B, 0x62, 0x20, 0x44, 0x3C, 0x07, 0xA4, 0xF5, 0xE7, 0xC2, 0x30, 0xC7,
    0x8A, 0x58, 0xCC, 0xD0, 0x5E, 0x99, 0xD5, 0xB1, 0x4F, 0xB9, 0xDA, 0x82, 0xA7, 0xAD, 0xC1, 0x5C,
    0xF9, 0xFD, 0x1F, 0xF1, 0x16, 0x5A, 0xEB, 0x5A, 0xDF, 0xCB, 0x7E, 0xC8, 0xD3, 0x23, 0x96, 0x6E,
    0xC8, 0xED, 0x15, 0xBB, 0x75, 0xBB, 0x19, 0xD1, 0x95, 0xDB, 0x35, 0xFB, 0xF4, 0x7E, 0xA5, 0x58,
    0x12, 0x6F, 0x2B, 0x72, 0xE1, 0x65, 0x0B, 0xAE, 0xB6, 0x13, 0x28, 0x46, 0xBD, 0xCB, 0x35, 0xA5,
    0xE1, 0xDD, 0xAC, 0x26, 0x16, 0x25, 0x51, 0x7E, 0x10, 0x8B, 0x4A, 0xEB, 0xEB, 0x53, 0x49, 0x17,
    0xB0, 0x1D, 0x1D, 0xF4, 0x40, 0xFA, 0xA2, 0xA5, 0x8D, 0xCB, 0xDA, 0x61, 0xD8, 0xCF, 0xC2, 0xDB,
    0x87, 0xFD, 0xDF, 0xC1, 0x12, 0x55, 0xA0, 0x18, 0xF0, 0x50, 0x1E, 0x9C, 0x99, 0xB7, 0x1B, 0x85,
    0xF2, 0x90, 0x72, 0x2E, 0xA4, 0x96, 0x96, 0x88, 0xB2, 0x47, 0x14, 0xEB, 0xC6, 0x43, 0x56, 0xE2,
    0xB5, 0x1B, 0x78, 0x86, 0x8B, 0x7A, 0xAA, 0x3C, 0x45, 0xF2, 0x37, 0x49, 0x93, 0x15, 0x6E, 0x28,
    0x49, 0xDA, 0x7F, 0xA5, 0xE2, 0x45, 0xA0, 0x77, 0x95, 0x1C, 0xE5, 0x86, 0x1D, 0x7E, 0xAA, 0xCC,
    0x58, 0x62, 0x06, 0x5E, 0x16, 0xD4, 0xEE, 0xD5, 0x1C, 0xE6, 0xCA, 0xB6, 0x4C, 0x29, 0x75, 0xA9,
    0xC0, 0x06, 0xD8, 0xC5, 0x70, 0x82, 0xFD, 0x9C, 0xBD, 0x37, 0x33, 0x90, 0x07, 0x9F, 0x01, 0x48,
    0xAC, 0x05, 0xFE, 0x7B, 0xAC, 0x0A, 0x98, 0x22, 0x45, 0x7E, 0x4D, 0xD6, 0x6B, 0xBF, 0x5F, 0xDE,
    0xAD, 0x95, 0x1F, 0x99, 0xE0, 0xA4, 0x1E, 0xAF, 0xD2, 0xE7, 0xD2, 0x0F, 0x09, 0xE8, 0x64, 0x44,
    0x1B, 0x10, 0x9E, 0x34, 0x30, 0x7D, 0x59, 0x85, 0x01, 0x28, 0xE0, 0xDF, 0x58, 0xA7, 0x68, 0x06,
    0xE5, 0x64, 0xBF, 0x07, 0x03, 0x72, 0x05, 0x4E, 0x18, 0x0C, 0x68, 0xC8, 0xBB, 0x2A, 0x33, 0x38,
    0xC8, 0x07, 0x1F, 0xE3, 0xB1, 0xF9, 0x02, 0x1E, 0x88, 0xC3, 0x6B, 0x0F, 0xE9, 0x72, 0x4D, 0x76,
    0x62, 0x32, 0xAC, 0x97, 0xC6, 0xD0, 0x02, 0xBE, 0x98, 0xD7, 0x78, 0x35, 0x7C, 0xC5, 0xB0, 0x9E,
    0xBB, 0xB4, 0xEA, 0x5A, 0x5C, 0x2C, 0x4D, 0x3F, 0xBE, 0xFE, 0x5C, 0x1A, 0x4D, 0x3E, 0xCD, 0x30,
    0x5D, 0x64, 0x9A, 0xE1, 0xE1, 0xAF, 0xA0, 0x3D, 0x16, 0xAD, 0x9C, 0x3B, 0x43, 0x97, 0xD6, 0x7D,
    0xE3, 0xF4, 0x8C, 0x76, 0x49, 0x02, 0xA3, 0x36, 0xEB, 0x72, 0x86, 0xCF, 0x72, 0xAA, 0xB1, 0x86,
    0xBE, 0xD5, 0x6C, 0x59, 0x3C, 0x3F, 0x0E, 0x42, 0x75, 0xD3, 0xF3, 0xD1, 0xB1, 0xCF, 0x14, 0xFE,
    0x35, 0xC6, 0x3F, 0xAA, 0xB1, 0xBA, 0x16, 0xA6, 0x68, 0x00, 0xB3, 0xED, 0x31, 0xC4, 0xF8, 0xC3,
    0x66, 0x58, 0x08, 0x23, 0x2B, 0xE8, 0x7C, 0x15, 0xBC, 0x3C, 0x3A, 0xA9, 0xD8, 0x25, 0xDC, 0x87,
    0x60, 0x15, 0xAC, 0x20, 0x24, 0xBD, 0x13, 0xED, 0x60, 0xDC, 0x4F, 0x7A, 0x95, 0x5E, 0xE4, 0xCC,
    0xA3, 0xC7, 0x45, 0x1A, 0xD5, 0x3C, 0xAA, 0x8F, 0xE3, 0x69, 0x48, 0x17, 0xAD, 0x59, 0x25, 0x29,
    0x19, 0x4C, 0xFD, 0x74, 0x16, 0x0D, 0x99, 0x47, 0x6B, 0x5D, 0x6F, 0x64, 0xAD, 0x2E, 0x8D, 0xE8,
    0x12, 0x4C, 0xA7, 0x06, 0x2B, 0x85, 0x09, 0xF1, 0x64, 0xA1, 0xD1, 0xD4, 0xC7, 0x26, 0x59, 0x29,
    0x36, 0x66, 0xF4, 0xB2, 0xAC, 0x38, 0x47, 0xF8, 0x96, 0x34, 0xC0, 0x04, 0x0B, 0x89, 0xC5, 0x06,
    0x4D, 0xB1, 0x3E, 0x91, 0x2B, 0x2F, 0xE7, 0x1B, 0x30, 0xE4, 0x2B, 0x20, 0xF6, 0x37, 0x77, 0xC6,
    0xD0, 0x94, 0x6B, 0x61, 0xCF, 0x11, 0x91, 0xFB, 0x1C, 0x4A, 0xED, 0xC5, 0x55, 0x0A, 0xAE, 0xF3,
    0x93, 0xE3, 0x9C, 0xB0, 0xFB, 0x72, 0xB7, 0xC1, 0x25, 0x46, 0xB0, 0xB5, 0xF9, 0xEB, 0x73, 0x06,
    0x0D, 0xEB, 0xEF, 0xA7, 0x14, 0xBD, 0xE1, 0xA2, 0xD8, 0x44, 0x1D, 0x96, 0x6D, 0x04, 0x58, 0x08,
    0x24, 0x01, 0xE5, 0x04, 0x79, 0xCC, 0x85, 0x32, 0xEC, 0xEF, 0x28, 0x71, 0x0C, 0x86, 0x31, 0x10,
    0xCE, 0xB3, 0x7F, 0x8F, 0x33, 0x42, 0x6D, 0x03, 0xB9, 0x20, 0xB7, 0x25, 0xBD, 0xB3, 0x26, 0x7C,
    0xF6, 0xA0, 0x58, 0x25, 0xA5, 0x89, 0x5A, 0xC4, 0x43, 0x61, 0x8B, 0x48, 0x29, 0x5C, 0x65, 0xFF,
    0xDB, 0x2B, 0x9A, 0x84, 0x3E, 0x03, 0x35, 0x2D, 0x75, 0x8A, 0xC9, 0xEF, 0x09, 0xF3, 0x90, 0xDA,
    0x5D, 0x45, 0x9C, 0x50, 0xCF, 0x8A, 0x89, 0x7E, 0x63, 0x57, 0xD1, 0xBD, 0x99, 0x2E, 0xEC, 0x24,
    0xF1, 0x0B, 0xFC, 0x3A, 0xAD, 0x83, 0x57, 0xF6, 0x34, 0x94, 0x05, 0x55, 0x5C, 0xD9, 0x0F, 0x7A,
    0xB3, 0xAB, 0x9C, 0x1B, 0x92, 0x3D, 0x04, 0x06, 0x03, 0x43, 0x16, 0xED, 0x24, 0xD8, 0x33, 0x3B,
    0xCE, 0xB9, 0xDB, 0x8E, 0x16, 0x47, 0x49, 0x56, 0x50, 0xDD, 0x3F, 0x16, 0x76, 0xEC, 0x0A, 0xDD,
    0xBB, 0x69, 0x31, 0xE6, 0xAA, 0x90, 0xD4, 0x33, 0x54, 0x25, 0x88, 0xCA, 0xD9, 0x5D, 0xAD, 0xF9,
    0x91, 0x19, 0x13, 0x0B, 0xC3, 0xCF, 0x6F, 0x08, 0xF7, 0x08, 0xDD, 0x38, 0x28, 0x3A, 0x0A, 0x47,
    0x0B, 0xC2, 0x2E, 0x0F, 0x8A, 0xB1, 0x96, 0x25, 0xB4, 0xCE, 0x7A, 0x66, 0x93, 0x73, 0x36, 0x19,
    0xEB, 0x6F, 0x74, 0x6A, 0x84, 0xB5, 0xBE, 0xC6, 0x4B, 0x4D, 0x35, 0x73, 0xE7, 0x17, 0xCE, 0x72,
    0x69, 0xAC, 0xF8, 0x63, 0x11, 0xB1, 0xE5, 0x95, 0x76, 0x19, 0x14, 0x9E, 0xA4, 0x90, 0x07, 0x0F,
    0x0A, 0x16, 0xD6, 0xC1, 0xDA, 0x2E, 0x4E, 0xDE, 0x8A, 0x2D, 0x32, 0xA9, 0xF6, 0x31, 0xB8, 0xDB,
    0x22, 0x0D, 0xAB, 0x1A, 0xD3, 0x54, 0x36, 0x4F, 0x05, 0x75, 0xE3, 0x60, 0x68, 0xA6, 0xCA, 0xA6,
    0xAA, 0xCC, 0x9B, 0xC6, 0xE7, 0xDD, 0xA2, 0xD2, 0xD5, 0xBD, 0x9E, 0x70, 0x30, 0x0C, 0xC9, 0x4B,
    0xB1, 0x40, 0x7B, 0xC9, 0xB7, 0x8C, 0xC1, 0x13, 0x55, 0xAE, 0x44, 0xEE, 0x30, 0x78, 0x5C, 0x69,
    0xF8, 0x89, 0x18, 0x2D, 0x3F, 0x1D, 0xBA, 0xB2, 0x0E, 0x64, 0xE5, 0x4B, 0x1F, 0x4A, 0x67, 0x71,
    0x60, 0xBB, 0x90, 0xC6, 0x67, 0xCC, 0x68, 0x8B, 0x37, 0xC8, 0x76, 0xAB, 0xDE, 0x31, 0x34, 0xC5,
    0xB7, 0x05, 0xE7, 0x95, 0x56, 0xD1, 0x62, 0xB8, 0xE8, 0x6D, 0x17, 0xBC, 0xF5, 0x5C, 0xF1, 0xC2,
    0x9A, 0x3F, 0x50, 0x1C, 0x4A, 0xCD, 0x94, 0xEF, 0xB6, 0x48, 0xB7, 0x66, 0x39, 0x68, 0xF5, 0x63,
    0x06, 0xDF, 0x3D, 0x1B, 0x62, 0x0A, 0x22, 0xF4, 0x3E, 0x1F, 0xAF, 0x7B, 0xFD, 0x3E, 0x13, 0x3B,
    0x3D, 0x17, 0x0A, 0x6F, 0x10, 0xA7, 0x57, 0x84, 0xDE, 0xB3, 0x4E, 0xD8, 0x9E, 0x12, 0x63, 0xB9,
    0x8F, 0x10, 0x26, 0xA3, 0xB7, 0x95, 0x5B, 0x74, 0xEE, 0x3B, 0x30, 0x32, 0x41, 0x19, 0x43, 0x8A,
    0xA4, 0x10, 0xF3, 0x6B, 0xF7, 0x28, 0xBA, 0x21, 0xB9, 0x98, 0x40, 0x7A, 0x3A, 0x5C, 0x70, 0xB3,
    0xEA, 0xCC, 0xA7, 0x0F, 0xBD, 0x98, 0xDA, 0x4C, 0x31, 0xBF, 0xDE, 0x4E, 0xA4, 0xCF, 0xA4, 0x7B,
    0x1C, 0xAD, 0xAE, 0xBA, 0xF7, 0x67, 0x29, 0xA1, 0x32, 0xD4, 0xC3, 0x9C, 0xE0, 0x08, 0xA4, 0x85,
    0x36, 0xE0, 0x58, 0x2E, 0x17, 0x60, 0xCB, 0x1E, 0xD3, 0x84, 0xB4, 0xFF, 0x46, 0x9A, 0x34, 0x78,
    0xD5, 0x03, 0x93, 0xC7, 0x3E, 0x7E, 0x7D, 0x99, 0xC2, 0xA2, 0xDA, 0x63, 0xDB, 0xFB, 0x84, 0x7A,
    0xF3, 0xF0, 0x4E, 0x70, 0xC4, 0x52, 0xDB, 0x16, 0xEE, 0x99, 0xDF, 0x26, 0xE6, 0x49, 0xF2, 0x6D,
    0x17, 0x51, 0xA1, 0x2B, 0xB3, 0xD4, 0x75, 0x75, 0x79, 0x90, 0x48, 0x97, 0x50, 0xB9, 0x99, 0x55,
    0x78, 0xD5, 0x03, 0x4D, 0xD9, 0xC7, 0xAF, 0x99, 0x83, 0xCE, 0xB4, 0x85, 0xD7, 0x66, 0xD2, 0xC4,
    0x52, 0xF9, 0x92, 0x9E, 0x51, 0xDA, 0xD7, 0xC5, 0xA1, 0x4B, 0xD7, 0x1F, 0xE1, 0x03, 0x17, 0x8F,
    0xE8, 0x19, 0x13, 0x76, 0xCC, 0xD4, 0x2F, 0x19, 0xDC, 0x32, 0x99, 0xA3, 0x07, 0x27, 0xC0, 0xC1,
    0x99, 0xA4, 0x35, 0x3D, 0xD7, 0x80, 0x00, 0x2F, 0xC2, 0xF1, 0x2C, 0x0D, 0x68, 0xFE, 0x4B, 0x44,
    0x60, 0xAE, 0x66, 0xA2, 0xE0, 0x0C, 0xE0, 0xE0, 0xC2, 0xB3, 0x78, 0x9D, 0xEA, 0x71, 0x6A, 0x62,
    0xAD, 0x00, 0x85, 0x36, 0x52, 0xA8, 0x18, 0x6F, 0xD8, 0xEC, 0x56, 0x6F, 0xCE, 0x1B, 0x21, 0xBC,
    0xA7, 0xEB, 0x82, 0x45, 0x5F, 0x4D, 0x4F, 0xA0, 0xB3, 0x5F, 0x23, 0x79, 0x9B, 0xD1, 0x0D, 0xC4,
    0xAE, 0xA5, 0x5C, 0x29, 0xF6, 0x0E, 0x34, 0x13, 0x11, 0x32, 0xB2, 0x4A, 0x60, 0xD9, 0x60, 0xD3,
    0x15, 0xD0, 0x00, 0xD6, 0xE8, 0x83, 0x2D, 0x6F, 0x3C, 0x16, 0xAC, 0x79, 0x89, 0xB8, 0x62, 0x81,
    0xDD, 0x26, 0x44, 0xA7, 0x00, 0xF0, 0x15, 0xA1, 0x95, 0x66, 0x00, 0xCA, 0xA7, 0xD0, 0x8C, 0x9B,
    0x3E, 0x74, 0x89, 0xAE, 0x33, 0xD0, 0x56, 0xCF, 0x3A, 0xD1, 0x08, 0x67, 0x4C, 0xB2, 0x31, 0x5A,
    0x8C, 0x19, 0x44, 0x52, 0xC9, 0x60, 0x76, 0xD6, 0x05, 0x42, 0xB6, 0xA8, 0xFE, 0x89, 0x71, 0xF3,
    0xC1, 0xC4, 0x41, 0x0B, 0x25, 0xE7, 0xE9, 0x14, 0x6B, 0xDB, 0xE0, 0xEB, 0x3A, 0x29, 0x57, 0xC2,
    0xD4, 0x51, 0xA5, 0x92, 0xD9, 0xAD, 0x41, 0x88, 0x9A, 0x0E, 0x61, 0x65, 0xC2, 0x28, 0xAC, 0x86,
    0x5C, 0xAD, 0x09, 0xBE, 0xDF, 0x98, 0xA8, 0x2A, 0x4C, 0x68, 0x6E, 0x6E, 0xEF, 0x95, 0x0A, 0x4D,
    0xA6, 0x3D, 0xD5, 0x84, 0x26, 0x67, 0x3C, 0xB3, 0x52, 0x37, 0x56, 0x3E, 0xC0, 0x80, 0xC2, 0xDA,
    0x1B, 0xAE, 0xFA, 0x63, 0xEA, 0x4F, 0xD5, 0x31, 0x55, 0x45, 0x84, 0x5A, 0xD7, 0x05, 0xBD, 0xA2,
    0x34, 0x52, 0x75, 0x09, 0x75, 0xF2, 0xA0, 0x4F, 0x40, 0xB4, 0x02, 0x44, 0x7F, 0xFC, 0x0D, 0x1C,
    0x54, 0xA0, 0xA7, 0xAE, 0xE3, 0xA3, 0x4E, 0x1D, 0x48, 0xDD, 0x7F, 0xA3, 0xE6, 0xE0, 0xCA, 0x46,
    0xEF, 0x6A, 0x1D, 0x07, 0xEF, 0xE3, 0x53, 0xFA, 0x6C, 0xA2, 0xED, 0xC4, 0xDA, 0x66, 0xB8, 0xB1,
    0x49, 0x61, 0xAA, 0x63, 0xCC, 0x15, 0x09, 0x13, 0xA3, 0xB5, 0xB8, 0x1D, 0x1C, 0xE9, 0x0E, 0x91,
    0xDD, 0x13, 0x1A, 0x30, 0x53, 0x4C, 0x66, 0x3E, 0xA8, 0x7A, 0x9B, 0xC6, 0x3E, 0xC8, 0x88, 0xF7,
    0xC3, 0xCD, 0xE8, 0xBB, 0x65, 0xCF, 0xA5, 0x22, 0xB6, 0xC1, 0x2D, 0x3A, 0x8A, 0xAA, 0xB0, 0xA2,
    0xA0, 0xB9, 0xF6, 0x0E, 0xFF, 0x32, 0xC1, 0x7C, 0x57, 0xB3, 0x1A, 0xCD, 0x04, 0x94, 0x3C, 0xE8,
    0x6C, 0xD7, 0xF1, 0xAC, 0x66, 0xA2, 0xF9, 0x04, 0x04, 0xC3, 0x0A, 0x9B, 0xC0, 0xF2, 0xD6, 0x31,
    0x16, 0xB5, 0x3A, 0xDC, 0x0A, 0xF2, 0x3E, 0xD6, 0xB8, 0x55, 0x37, 0xBA, 0xF2, 0xF1, 0xAF, 0x6C,
    0xBA, 0xC1, 0x29, 0xE7, 0x34, 0x83, 0x43, 0x7C, 0x4B, 0x5C, 0xB0, 0x97, 0x88, 0x27, 0x44, 0x17,
    0x2F, 0x24, 0x43, 0xF4, 0x06, 0xF8, 0x98, 0x27, 0xDC, 0x45, 0xF1, 0x84, 0xFB, 0xCE, 0x9E, 0x52,
    0x3E, 0xA1, 0x5E, 0xF1, 0xF4, 0x2E, 0xC4, 0xD2, 0xFA, 0xB9, 0xD1, 0x44, 0x08, 0x11, 0xCA, 0x18,
    0x53, 0x34, 0x46, 0x07, 0x21, 0xED, 0x15, 0x9C, 0xC1, 0x61, 0x2B, 0x37, 0xD2, 0x7D, 0x03, 0xEE,
    0x83, 0xD3, 0xC9, 0x53, 0x5F, 0x45, 0x3D, 0xFD, 0x5F, 0xCC, 0x7D, 0x5B, 0x26, 0xF6, 0x9B, 0x01,
    0x34, 0xA5, 0xEE, 0xFF, 0x08, 0xAD, 0x27, 0x81, 0xA3, 0xA4, 0x52, 0x54, 0xFA, 0xFD, 0xF2, 0xB0,
    0xCC, 0xA6, 0xBC, 0x93, 0x02, 0xE5, 0x8B, 0x4A, 0xC8, 0x06, 0xC9, 0x20, 0x17, 0xA4, 0xFA, 0xB9,
    0xA1, 0x4B, 0x85, 0xBF, 0x71, 0xC0, 0x6C, 0x79, 0xA7, 0x3D, 0xB0, 0x3A, 0x66, 0xDC, 0xB1, 0xAF,
    0x2F, 0xAD, 0x6B, 0x47, 0x3F, 0x47, 0x41, 0xEB, 0x51, 0x68, 0xE4, 0x76, 0xE3, 0x06, 0xBC, 0x47,
    0xD7, 0x3A, 0x28, 0x07, 0xBB, 0xF1, 0x7A, 0x3B, 0x3F, 0xBD, 0xDF, 0xB3, 0x53, 0xB1, 0xE3, 0x7B,
    0xF1, 0x56, 0xBC, 0xD3, 0x2F, 0x87, 0x40, 0x41, 0x47, 0x3F, 0xA3, 0x6D, 0xB0, 0x40, 0x8A, 0x32,
    0xD6, 0xFE, 0x92, 0xF0, 0x84, 0xF0, 0xF8, 0xFC, 0x28, 0xBA, 0xB5, 0x89, 0xAA, 0xAC, 0x8F, 0x4A,
    0x9E, 0x7E, 0x1F, 0x97, 0x5E, 0x1F, 0xE7, 0xF0, 0x8E, 0x53, 0x94, 0xEA, 0x30, 0x9C, 0xE5, 0xE4,
    0x36, 0x21, 0x49, 0xE0, 0xF9, 0x0A, 0x6A, 0xF0, 0xA5, 0xB5, 0x69, 0x9C, 0xFC, 0x25, 0x81, 0x93,
    0x5F, 0x17, 0xEE, 0x6B, 0xA7, 0xE8, 0x23, 0xE3, 0x03, 0xCE, 0x38, 0x9E, 0xFE, 0x8F, 0xCA, 0xEC,
    0x62, 0xBD, 0x0D, 0x3B, 0x9C, 0x1B, 0x7B, 0xFA, 0xF8, 0xDB, 0x2C, 0x4E, 0xD2, 0xBF, 0x3D, 0xF8,
    0xF3, 0xEA, 0x78, 0x5B, 0xD8, 0xD7, 0x68, 0xB7, 0x28, 0x8F, 0x01, 0x0C, 0x67, 0xF1, 0x0F, 0xE6,
    0xAA, 0xBE, 0xD3, 0xDD, 0xAA, 0xCA, 0x7E, 0xA0, 0xE2, 0x50, 0x51, 0x22, 0xBB, 0xBE, 0x02, 0x6E,
    0xCE, 0x9F, 0x70, 0xDA, 0x11, 0xA0, 0x45, 0xC5, 0x37, 0x1F, 0xB4, 0x8C, 0xDD, 0xDB, 0x70, 0x82,
    0x1B, 0xF4, 0x4E, 0x79, 0xE8, 0xB6, 0xE2, 0xB1, 0xE3, 0x4F, 0x06, 0x36, 0x4E, 0x40, 0x61, 0x1D,
    0xF3, 0x33, 0x95, 0xF4, 0xED, 0x17, 0xD4, 0xE1, 0x81, 0xD8, 0x2F, 0x92, 0x36, 0xD2, 0x65, 0x61,
    0xDF, 0x4C, 0x49, 0x6E, 0x57, 0x6D, 0x69, 0x6C, 0x93, 0xBA, 0xEB, 0x29, 0xA8, 0x35, 0xBF, 0x9A,
    0xD9, 0x2D, 0xAE, 0xF2, 0x43, 0x1A, 0x00, 0x3E, 0x8F, 0x48, 0x84, 0xD1, 0xCD, 0xE0, 0xBA, 0xB4,
    0x26, 0xAA, 0x7D, 0x26, 0x8D, 0x81, 0x3D, 0xF1, 0x7B, 0x21, 0xAE, 0x25, 0x07, 0xB6, 0x52, 0x12,
    0xB3, 0x86, 0x98, 0xAC, 0x88, 0x51, 0x47, 0x0C, 0x36, 0x44, 0x4F, 0x88, 0xAE, 0x7C, 0x02, 0x34,
    0xF2, 0x1D, 0xB1, 0x10, 0x62, 0xA2, 0x18, 0x29, 0x86, 0x9C, 0x60, 0xF0, 0x2D, 0x6A, 0x7D, 0x3B,
    0x51, 0x69, 0x1C, 0xB2, 0x24, 0x8F, 0xCD, 0xB8, 0xA9, 0x83, 0xEA, 0x2A, 0xF9, 0x6A, 0xEA, 0x90,
    0xB1, 0x9F, 0x4D, 0x2D, 0x8E, 0x6F, 0x33, 0xE9, 0x0E, 0x6C, 0xD2, 0x71, 0x34, 0x13, 0xDD, 0x87,
    0xF5, 0x64, 0x9D, 0x71, 0x75, 0xE0, 0xB7, 0x41, 0x9E, 0xEE, 0x9B, 0x9F, 0x0E, 0xD5, 0x1C, 0x80,
    0xFF, 0x86, 0x71, 0xA0, 0xE2, 0x0E, 0xF2, 0x36, 0xFF, 0x66, 0xC0, 0xA6, 0xA1, 0x74, 0xC1, 0x54,
    0x77, 0xD0, 0x84, 0xFA, 0x77, 0xD0, 0x1C, 0xDD, 0x0D, 0x95, 0xC9, 0x58, 0xEB, 0x5F, 0xB9, 0x14,
    0x0E, 0x8F, 0x8D, 0x5E, 0x7A, 0xE4, 0xB6, 0x0C, 0xCE, 0x8B, 0x62, 0x3C, 0x73, 0x61, 0xDE, 0x55,
    0xFC, 0x62, 0x72, 0x61, 0x68, 0x80, 0x17, 0xEC, 0x90, 0xDB, 0xF0, 0x83, 0xAF, 0x48, 0xB7, 0xFD,
    0xB5, 0xE1, 0x4C, 0x26, 0x57, 0xDD, 0xB8, 0x9F, 0xEE, 0xB0, 0xB6, 0xF3, 0xE7, 0xA6, 0xF1, 0x53,
    0x76, 0x97, 0x1D, 0x0E, 0xD7, 0xBA, 0x7D, 0xA9, 0x09, 0x27, 0x63, 0xC3, 0x69, 0xCB, 0xC3, 0x95,
    0x4B, 0xD4, 0xF6, 0xAD, 0x7C, 0xE7, 0x90, 0xE4, 0x1C, 0x8B, 0xD8, 0xDE, 0x0D, 0x6D, 0x11, 0xD9,
    0x28, 0xC7, 0x0E, 0xD7, 0x90, 0xF6, 0x34, 0x7F, 0x89, 0x3B, 0xFD, 0xEC, 0x8C, 0xC2, 0xEA, 0xF7,
    0x19, 0x83, 0x43, 0xB6, 0xCE, 0x3A, 0x9D, 0xD2, 0xA1, 0x16, 0xFA, 0xD9, 0xDE, 0x19, 0x0B, 0x70,
    0x7D, 0xC8, 0x94, 0x98, 0xBA, 0xE9, 0x43, 0x61, 0x07, 0xDD, 0xD8, 0x51, 0x4F, 0xED, 0xB0, 0x23,
    0x90, 0x6C, 0xCC, 0x61, 0xAB, 0xD1, 0x45, 0x58, 0x2B, 0xDD, 0x5A, 0xC8, 0x50, 0xA4, 0x2C, 0x36,
    0x52, 0xB2, 0xE8, 0xE0, 0xAA, 0xB2, 0x48, 0x1A, 0x2D, 0xE2, 0x56, 0x8B, 0x70, 0xA3, 0x85, 0x2F,
    0x5A, 0x78, 0xF2, 0x3E, 0x0B, 0x23, 0x5F, 0x6B, 0xC1, 0x9D, 0x0C, 0x14, 0x89, 0x2D, 0x22, 0x5B,
    0x84, 0xB6, 0xF0, 0x74, 0xBD, 0xB9, 0xEF, 0xEA, 0x07, 0x19, 0xB5, 0x19, 0x0A, 0x9B, 0x36, 0x1C,
    0xB2, 0x84, 0xC7, 0x8A, 0x4C, 0x89, 0xFE, 0x99, 0x1D, 0x86, 0xC2, 0x66, 0x2C, 0xEC, 0x67, 0x91,
    0x43, 0x76, 0xFB, 0x98, 0x52, 0xA8, 0x4E, 0xA8, 0x4A, 0xA8, 0x46, 0xA8, 0x42, 0xE8, 0xC8, 0xBE,
    0x12, 0x40, 0x0B, 0xC2, 0x8E, 0xAE, 0xB0, 0x85, 0x71, 0xF7, 0xDA, 0x42, 0x3B, 0x64, 0x7F, 0xF7,
    0x0A, 0x75, 0x05, 0x2A, 0x02, 0xBF, 0x2B, 0x5C, 0xCF, 0x92, 0x63, 0xF4, 0x96, 0x29, 0xEC, 0x1C,
    0xE7, 0x3F, 0xCE, 0xA3, 0xA7, 0x6A, 0xDC, 0x87, 0x34, 0xDF, 0x4A, 0x53, 0xFB, 0xFC, 0x10, 0x26,
    0x85, 0xF7, 0xCD, 0x8F, 0xB1, 0x24, 0x8F, 0xF9, 0xD5, 0x28, 0x73, 0xDA, 0xE8, 0x28, 0x31, 0xAB,
    0xC9, 0x53, 0xD2, 0x58, 0x2C, 0x5E, 0x82, 0x99, 0xD6, 0xD4, 0xA7, 0x2A, 0x86, 0xBA, 0x52, 0xC6,
    0x9D, 0xAA, 0x59, 0x6F, 0xF3, 0x28, 0x5F, 0x65, 0x1B, 0x63, 0x3F, 0xCE, 0xE2, 0x7B, 0xD5, 0xAB,
    0x57, 0x36, 0x35, 0xF4, 0xE4, 0xA7, 0x1F, 0x0E, 0x47, 0xE4, 0x08, 0x5E, 0xF2, 0xE9, 0x47, 0xCE,
    0x46, 0xF8, 0xAD, 0x8F, 0xF0, 0x4B, 0x9B, 0x80, 0x51, 0xBF, 0x0B, 0xC7, 0xAF, 0xC2, 0xFB, 0x0A,
    0x26, 0xDE, 0xD0, 0xAF, 0xE2, 0x05, 0x80, 0xBB, 0xA8, 0x92, 0x67, 0x35, 0x2A, 0x27, 0x70, 0x06,
    0xC8, 0x40, 0x67, 0x83, 0xA7, 0xD9, 0xCE, 0xEA, 0xC9, 0xB7, 0xF6, 0x76, 0x93, 0x46, 0x6E, 0xED,
    0xC1, 0x17, 0x6B, 0x8C, 0xBB, 0x09, 0x6A, 0xBA, 0x8C, 0x8C, 0xAE, 0xA7, 0x4F, 0x4F, 0x2F, 0x94,
    0xCB, 0xFF, 0x03, 0xD5, 0x59, 0x3D, 0x8F, 0xDD, 0x44, 0x14, 0xBD, 0xB6, 0xB3, 0x31, 0xC4, 0x42,
    0x4E, 0xB1, 0x2B, 0x10, 0x41, 0x38, 0x45, 0x0A, 0x10, 0x85, 0x5B, 0x2A, 0xC6, 0xA1, 0xA1, 0xA0,
    0xD9, 0x22, 0xAF, 0x81, 0x82, 0x16, 0xAA, 0xFD, 0x05, 0xC4, 0xE6, 0x17, 0xB0, 0x0D, 0x35, 0x4D,
    0x8A, 0x28, 0x29, 0xF2, 0x07, 0x48, 0xEC, 0x90, 0x92, 0x02, 0x07, 0x09, 0x51, 0x62, 0xC1, 0x4A,
    0x88, 0xCE, 0x28, 0x4E, 0x70, 0x12, 0xDB, 0xC3, 0x39, 0x77, 0xFC, 0xF6, 0x23, 0xBB, 0x21, 0x09,
    0x2C, 0xEC, 0xAE, 0xB5, 0x73, 0xE7, 0xED, 0xB3, 0x3D, 0x73, 0xE7, 0xDC, 0xEF, 0xFB, 0x44, 0x2E,
    0x04, 0x99, 0x88, 0x98, 0x0F, 0x5A, 0xD0, 0x32, 0x26, 0x9D, 0x92, 0x5A, 0xC4, 0x1B, 0x4C, 0x21,
    0xE2, 0xF7, 0x06, 0x5F, 0x04, 0xED, 0x65, 0x50, 0x59, 0x7F, 0x49, 0x96, 0x97, 0x77, 0x63, 0x0B,
    0x34, 0xB1, 0xB6, 0xC2, 0x4B, 0xD6, 0x76, 0xE2, 0x5B, 0x6B, 0x47, 0x89, 0x6C, 0x16, 0x5B, 0x89,
    0x47, 0x09, 0x6C, 0x91, 0xF6, 0x22, 0xB6, 0x32, 0x58, 0xB0, 0x6C, 0x48, 0xF3, 0x26, 0x6F, 0xB0,
    0x4F, 0xEB, 0x68, 0xF9, 0x14, 0x9A, 0xEB, 0x93, 0xFA, 0x56, 0x6D, 0x3A, 0xAE, 0x90, 0x0E, 0x58,
    0xBC, 0x88, 0x27, 0x09, 0x2D, 0xFE, 0x7E, 0xCC, 0x47, 0xDD, 0xAB, 0xD3, 0x7D, 0xC1, 0x67, 0x84,
    0x6D, 0x71, 0xAD, 0xF1, 0x10, 0xA7, 0x65, 0x53, 0x24, 0x6E, 0xF0, 0x45, 0xFC, 0x0B, 0x48, 0x7A,
    0xA7, 0x9F, 0x0F, 0x96, 0xC7, 0x78, 0xF2, 0x66, 0x0C, 0x66, 0x5F, 0xF3, 0x33, 0xD9, 0x75, 0xA5,
    0xB6, 0xE0, 0x72, 0x1D, 0x96, 0xC1, 0x3A, 0xC9, 0x18, 0x59, 0xF0, 0xE0, 0xDB, 0x2C, 0xAF, 0xB1,
    0x73, 0x59, 0x81, 0xE0, 0x84, 0xE5, 0x01, 0x04, 0x77, 0xF1, 0x48, 0x91, 0x37, 0x78, 0xD8, 0xF4,
    0x78, 0x0D, 0x58, 0x0C, 0xE0, 0xCF, 0x92, 0x73, 0x2C, 0x2A, 0x2B, 0xEB, 0x5C, 0xFF, 0xA3, 0x6B,
    0x5F, 0x2D, 0x16, 0x64, 0x92, 0x97, 0xB2, 0xCC, 0xD9, 0xB7, 0x6E, 0x0E, 0xED, 0x66, 0xD2, 0x8B,
    0x21, 0x60, 0x31, 0x67, 0x40, 0x86, 0xF9, 0x75, 0xB0, 0xC0, 0x59, 0xB6, 0x67, 0x40, 0xB6, 0x3D,
    0xF3, 0xD0, 0xA5, 0xCE, 0xCD, 0x9E, 0x79, 0xBA, 0xB6, 0xA9, 0xB3, 0x3E, 0xF7, 0xC4, 0xFB, 0x00,
    0x12, 0xF3, 0x8A, 0x00, 0x4A, 0xCC, 0x09, 0xC1, 0xC4, 0x9C, 0x16, 0xA1, 0xFD, 0xFD, 0xC6, 0xB8,
    0xC8, 0x8B, 0x99, 0x9F, 0x42, 0xF2, 0x79, 0x0E, 0xE7, 0xF9, 0xC9, 0x0B, 0x70, 0x9D, 0x9B, 0x11,
    0x2B, 0x1D, 0x68, 0x13, 0x71, 0x4B, 0x81, 0xDB, 0xA4, 0xD0, 0x79, 0xB6, 0x9B, 0xD1, 0xC3, 0xC7,
    0x02, 0x00, 0x82, 0x25, 0x5B, 0x00, 0x2F, 0xAE, 0x7C, 0xE0, 0x0C, 0xA9, 0x0B, 0x41, 0x55, 0xF5,
    0xE3, 0x7B, 0x7A, 0x4E, 0xCF, 0xF6, 0x72, 0x4A, 0x4C, 0x0F, 0x46, 0x2E, 0xDE, 0x22, 0xB6, 0xBC,
    0x32, 0xFC, 0xF7, 0x07, 0xF7, 0x23, 0xC2, 0x29, 0x85, 0x0F, 0x90, 0xBD, 0x4B, 0xCA, 0x99, 0xF2,
    0x1A, 0xD5, 0xA4, 0xBA, 0x54, 0x48, 0x0D, 0x01, 0xBF, 0x94, 0x76, 0x42, 0x5D, 0x95, 0x97, 0x77,
    0x8E, 0xB1, 0xB6, 0x58, 0xE0, 0x7B, 0xAC, 0x38, 0x29, 0xC5, 0x4A, 0xDC, 0xA1, 0x95, 0x70, 0x94,
    0xBC, 0x27, 0x4D, 0x06, 0xD2, 0x78, 0x1F, 0x4D, 0xF5, 0x2E, 0x36, 0x08, 0xF5, 0x2D, 0xD2, 0x8C,
    0x14, 0x7B, 0x85, 0xD3, 0xC6, 0x00, 0x3A, 0x06, 0x96, 0x54, 0xF8, 0x3D, 0x9E, 0xAC, 0x74, 0xCD,
    0x86, 0xD4, 0xE8, 0xFA, 0x90, 0x77, 0x6E, 0x9B, 0xD8, 0x66, 0xD8, 0x2F, 0x84, 0x76, 0xD9, 0x36,
    0xA0, 0x0D, 0xD1, 0xB2, 0x60, 0x69, 0x9E, 0x62, 0x5F, 0x01, 0x50, 0x30, 0x06, 0x64, 0x68, 0x76,
    0x17, 0x76, 0xC1, 0x3F, 0x44, 0x83, 0x19, 0xF2, 0xC1, 0x40, 0xD7, 0x02, 0xFB, 0x08, 0xA3, 0xC0,
    0x10, 0x0E, 0x79, 0xD6, 0x48, 0xED, 0x96, 0x18, 0xA0, 0xCA, 0x71, 0xFC, 0xCE, 0xBF, 0xFB, 0x32,
    0x4A, 0x9D, 0xF6, 0xB9, 0x7B, 0xA5, 0x7E, 0x36, 0xD9, 0xCE, 0xDD, 0x6F, 0x94, 0x76, 0x4A, 0xCF,
    0x1E, 0x32, 0x3A, 0xDB, 0x3E, 0x0E, 0xE7, 0x09, 0x26, 0x37, 0x7C, 0x0C, 0xC1, 0xFF, 0x1E, 0x6E,
    0xFB, 0xD0, 0xAF, 0x80, 0x9A, 0x46, 0x7E, 0xD6, 0xA1, 0xA6, 0x22, 0xBD, 0xDC, 0xA4, 0xF0, 0x3E,
    0xA0, 0x2B, 0xCA, 0x55, 0xF3, 0x62, 0xAA, 0xA7, 0x2E, 0x8D, 0xEB, 0xEA, 0x31, 0xD6, 0x3C, 0x58,
    0x4D, 0xE6, 0xD7, 0x71, 0x1B, 0xB7, 0xE1, 0x58, 0x56, 0x1E, 0xBD, 0x54, 0x8E, 0xE5, 0x18, 0x08,
    0xBC, 0xC3, 0xD7, 0x3C, 0x2C, 0x4A, 0x59, 0xD2, 0x13, 0xAB, 0x9D, 0x46, 0xB4, 0x77, 0x43, 0x2B,
    0x4D, 0x9B, 0x3D, 0x36, 0x7A, 0x66, 0xDA, 0x54, 0x84, 0x68, 0xF3, 0xF0, 0xFE, 0xF6, 0x3A, 0x2C,
    0xBE, 0x13, 0x53, 0x98, 0xC6, 0x91, 0x34, 0xC3, 0xA9, 0x56, 0xE0, 0x21, 0xD4, 0xCA, 0xE9, 0xF6,
    0x09, 0xA9, 0xF3, 0xBF, 0x8A, 0x6E, 0x44, 0x80, 0x64, 0x83, 0x47, 0xF4, 0x6D, 0xBD, 0xAA, 0x51,
    0x08, 0x5B, 0x29, 0xA9, 0xA1, 0x4A, 0x65, 0x65, 0xB6, 0x00, 0x83, 0xA1, 0x1F, 0xE6, 0xA9, 0xE4,
    0x9C, 0x9D, 0x3D, 0x8A, 0x38, 0x73, 0xFC, 0x9C, 0x2F, 0x72, 0xDD, 0x8C, 0xA2, 0xF1, 0x78, 0x93,
    0xE2, 0x3D, 0xBF, 0x03, 0x8A, 0xA7, 0x9C, 0xD9, 0x26, 0xC5, 0x30, 0x4D, 0xDC, 0xE4, 0x55, 0x54,
    0xC3, 0xF5, 0x49, 0xFE, 0x90, 0x67, 0xDA, 0xA2, 0x68, 0xC9, 0x7E, 0x0D, 0x06, 0x19, 0x15, 0xDA,
    0xB7, 0x25, 0xED, 0x2E, 0x4B, 0xD2, 0x96, 0x8C, 0x76, 0x8F, 0x6D, 0x8D, 0x68, 0x90, 0xE5, 0x04,
    0x65, 0xC1, 0xD5, 0x56, 0xC5, 0xA9, 0x1A, 0x76, 0x2C, 0xF8, 0x7E, 0x83, 0xF5, 0xBF, 0x46, 0xEC,
    0x1B, 0x3C, 0x6C, 0x5B, 0xCB, 0x5B, 0xC7, 0x01, 0x18, 0x6F, 0x16, 0x54, 0xD9, 0xE3, 0xDD, 0x49,
    0xA2, 0x87, 0xD8, 0xBC, 0x4E, 0xEB, 0x58, 0x82, 0x3D, 0x36, 0x7C, 0xA8, 0xC0, 0x1C, 0xD5, 0x81,
    0x4F, 0xAB, 0xB6, 0x2A, 0x51, 0x5B, 0xD6, 0xB0, 0x12, 0xC0, 0xDE, 0xBC, 0xB0, 0x9B, 0x15, 0x57,
    0x25, 0x25, 0x97, 0x0E, 0xF9, 0xD0, 0x9F, 0x54, 0xCE, 0x40, 0x90, 0x15, 0x60, 0x1B, 0xE7, 0xF8,
    0xCE, 0x92, 0x4F, 0x7C, 0x06, 0x77, 0xB2, 0x92, 0xD1, 0xF5, 0xAC, 0x92, 0xB7, 0x6F, 0x70, 0x22,
    0x3A, 0x9D, 0x9C, 0x4B, 0x26, 0x3C, 0xA1, 0xF3, 0x38, 0x57, 0x8F, 0x87, 0x19, 0x61, 0x39, 0x68,
    0x06, 0x35, 0x24, 0x1A, 0x6D, 0x41, 0x8D, 0xA1, 0xE6, 0xA8, 0x06, 0xAD, 0xFC, 0x37, 0xDA, 0x02,
    0xFF, 0xBA, 0x58, 0x30, 0xB7, 0x98, 0x76, 0x11, 0xC4, 0x92, 0x5B, 0x24, 0x97, 0x2F, 0x93, 0xAC,
    0x82, 0xAC, 0xCE, 0xF1, 0xE5, 0x5F, 0x90, 0x94, 0x3B, 0x1A, 0x26, 0x23, 0x4A, 0xE4, 0x3D, 0x1E,
    0x45, 0xD3, 0xE4, 0x5C, 0x33, 0x8F, 0x81, 0x1F, 0x79, 0xE3, 0xE2, 0x48, 0xE8, 0x18, 0x4B, 0x18,
    0xD1, 0x65, 0x0D, 0xE3, 0xD4, 0x4E, 0x60, 0x59, 0x0E, 0x1C, 0x9E, 0x72, 0xD2, 0xF1, 0xEA, 0xB4,
    0xD8, 0x77, 0xFF, 0xA9, 0xC3, 0xBE, 0x8F, 0x61, 0x33, 0x4F, 0xD3, 0x37, 0x2E, 0x94, 0xB9, 0x48,
    0x49, 0x91, 0xBE, 0x43, 0x77, 0x52, 0x42, 0x5B, 0x30, 0xC0, 0xA4, 0xC7, 0x68, 0xC1, 0x44, 0xF9,
    0x2C, 0x39, 0xB8, 0x29, 0x29, 0x6E, 0xDE, 0x56, 0x07, 0xCD, 0xF8, 0x41, 0x70, 0x3D, 0x8D, 0x08,
    0x9F, 0xED, 0x04, 0xAB, 0x23, 0x02, 0x93, 0x17, 0x8B, 0x10, 0x1D, 0x95, 0x9C, 0x4A, 0xAA, 0x60,
    0x4A, 0x0B, 0x8C, 0x0C, 0xE3, 0x70, 0xF1, 0x82, 0x35, 0xFD, 0xC3, 0x73, 0x32, 0x6B, 0xAE, 0x76,
    0x88, 0x26, 0x6F, 0x2F, 0x76, 0xCE, 0x17, 0xD4, 0x83, 0x72, 0xFE, 0x9E, 0xF3, 0xF3, 0x9C, 0x8B,
    0xB9, 0xA3, 0x7A, 0x6D, 0x7B, 0xB7, 0xD3, 0x64, 0x44, 0x93, 0xEB, 0xE8, 0xB1, 0xEA, 0x61, 0x58,
    0xE4, 0xFB, 0xF2, 0xFB, 0xB5, 0xC5, 0xBA, 0x87, 0x72, 0x05, 0x19, 0x0C, 0xCC, 0x7E, 0x39, 0x21,
    0xE1, 0xF7, 0xCA, 0x4E, 0x1D, 0x0B, 0x1C, 0xC6, 0x7F, 0x35, 0xC1, 0xE0, 0x51, 0x38, 0x30, 0x6D,
    0xF1, 0xB4, 0xBA, 0x02, 0x5E, 0xF7, 0x3F, 0xA6, 0xEB, 0xC9, 0xD5, 0x0D, 0xD1, 0x09, 0xD0, 0x47,
    0x01, 0xE9, 0x4D, 0x72, 0xEA, 0xFC, 0x8B, 0xA7, 0x19, 0x61, 0xD2, 0xC5, 0xD4, 0x77, 0x66, 0x2E,
    0x80, 0x86, 0x0F, 0xF7, 0x09, 0xAD, 0xEF, 0xAC, 0xB7, 0x29, 0x07, 0x5C, 0x1B, 0x03, 0x8F, 0x53,
    0x0E, 0xBE, 0x5D, 0xD2, 0x68, 0x80, 0x47, 0x91, 0x70, 0xC0, 0x4A, 0x2F, 0x42, 0x47, 0xA5, 0x13,
    0xAB, 0x2B, 0xA0, 0x6F, 0x49, 0xC9, 0x2B, 0x24, 0xF0, 0x1D, 0x73, 0x06, 0xD4, 0x44, 0x99, 0x93,
    0x02, 0x3C, 0x13, 0xB3, 0x3E, 0x32, 0x5F, 0xEF, 0x9B, 0x4E, 0xB4, 0x00, 0x56, 0x16, 0x0C, 0x7E,
    0x86, 0xFE, 0x63, 0x0F, 0x7D, 0xCA, 0x75, 0x04, 0xD0, 0xFB, 0xAD, 0xDF, 0x68, 0xDC, 0x0E, 0x39,
    0x79, 0xD3, 0x0D, 0xC5, 0x7C, 0xAE, 0x6D, 0xD3, 0xC9, 0x05, 0xA0, 0xF5, 0x13, 0x2C, 0x01, 0xCD,
    0x1B, 0x0D, 0xB3, 0x55, 0x44, 0xF4, 0x51, 0x66, 0x6F, 0x8E, 0x38, 0xDE, 0xEA, 0xB3, 0xC5, 0x71,
    0x31, 0x01, 0x71, 0x53, 0xE2, 0xDC, 0x7B, 0xEE, 0x0A, 0xA3, 0x21, 0x51, 0xFE, 0x7A, 0xAD, 0x07,
    0x64, 0x70, 0xD3, 0xAD, 0x0D, 0x57, 0xE8, 0x39, 0xE1, 0x44, 0x5B, 0x27, 0x50, 0x2A, 0x5A, 0x14,
    0xE2, 0x3B, 0x9E, 0x47, 0x33, 0x45, 0x89, 0xBF, 0xA5, 0x0B, 0x4E, 0x0A, 0x3E, 0x1B, 0x7F, 0xA1,
    0xF4, 0xA7, 0x4E, 0xFB, 0x14, 0x8D, 0x9E, 0x39, 0x3B, 0x7A, 0x09, 0x9D, 0x11, 0x3D, 0x41, 0x7C,
    0x57, 0x2D, 0x38, 0xF9, 0x41, 0x27, 0x73, 0x47, 0x8B, 0x6C, 0x13, 0xB5, 0xCA, 0xE6, 0x2C, 0x28,
    0x27, 0xB6, 0x55, 0xFF, 0xE4, 0xDA, 0x8D, 0x6C, 0xBE, 0xA2, 0x09, 0x1A, 0x4F, 0xE2, 0x0F, 0x86,
    0x99, 0x73, 0x9F, 0xE3, 0x9D, 0xB0, 0xD5, 0x12, 0xAC, 0x56, 0x1B, 0xBA, 0xDD, 0x69, 0x90, 0x39,
    0x7F, 0xD4, 0xB2, 0x39, 0x39, 0xE0, 0x46, 0xAE, 0x7D, 0xE2, 0xD4, 0x44, 0x52, 0xE7, 0x7D, 0xCC,
    0x3C, 0xFD, 0x3E, 0xF7, 0x10, 0xDD, 0x23, 0x6E, 0xD2, 0xEA, 0xE9, 0x7F, 0x43, 0x34, 0x56, 0x44,
    0x73, 0xD5, 0x77, 0x55, 0x6F, 0x5F, 0xB5, 0x3B, 0x70, 0x94, 0xB5, 0x12, 0xDE, 0x50, 0x4D, 0x77,
    0x74, 0xB6, 0x8C, 0x65, 0x87, 0x29, 0x58, 0xE6, 0xA6, 0xF1, 0xD2, 0xAF, 0x1A, 0x67, 0xBE, 0xAE,
    0x54, 0xD7, 0x05, 0xB5, 0x5C, 0xE7, 0xB5, 0x53, 0xB2, 0x2F, 0x53, 0x00, 0xEF, 0x12, 0x25, 0x89,
    0xB0, 0x8F, 0x84, 0xCD, 0xD8, 0x16, 0x1F, 0x42, 0x16, 0x4D, 0x6D, 0x32, 0xB1, 0xCE, 0x0B, 0x51,
    0xE5, 0x8C, 0x6C, 0x37, 0xF8, 0x23, 0x33, 0x3A, 0x54, 0x73, 0xC1, 0x40, 0x11, 0xA4, 0xFA, 0xC1,
    0xE7, 0x93, 0x75, 0xC8, 0x46, 0x84, 0x98, 0xB2, 0x89, 0xD8, 0x1A, 0xCF, 0xF2, 0x8D, 0x96, 0x7D,
    0x1A, 0x5B, 0x94, 0x89, 0x7E, 0x28, 0x2B, 0x1B, 0x77, 0xCC, 0x99, 0xF3, 0x6A, 0x8A, 0xFB, 0x14,
    0x42, 0x30, 0x77, 0xD9, 0xB8, 0xE1, 0x87, 0x5F, 0x87, 0x40, 0x3B, 0xFA, 0xE9, 0xBD, 0x3E, 0x18,
    0x89, 0x40, 0xF2, 0x67, 0xE7, 0x4F, 0xA5, 0x0B, 0x15, 0xDA, 0xF6, 0xC1, 0x87, 0x46, 0x54, 0xA8,
    0x11, 0x32, 0x13, 0x8D, 0x22, 0xEC, 0x45, 0x96, 0x83, 0xA2, 0x52, 0xB9, 0x22, 0x91, 0x11, 0xC5,
    0xA8, 0x59, 0x00, 0xCA, 0xB4, 0xDD, 0x6B, 0x19, 0xCB, 0x86, 0x91, 0x99, 0xBB, 0x01, 0x0E, 0x44,
    0xBC, 0xEC, 0xB0, 0x89, 0xEF, 0x5B, 0xE7, 0xD9, 0x2B, 0xF7, 0xC0, 0x9B, 0x48, 0x42, 0x9F, 0x9E,
    0x2C, 0xBC, 0x83, 0x52, 0xB5, 0x39, 0xC3, 0xD2, 0xB2, 0x28, 0xDB, 0x98, 0x73, 0x66, 0x31, 0x67,
    0x10, 0xB5, 0xED, 0x7C, 0x40, 0x33, 0x78, 0xB6, 0x27, 0x44, 0x23, 0xAA, 0xAB, 0xA0, 0x17, 0x7F,
    0x0A, 0x1E, 0x0F, 0x28, 0xCD, 0x3D, 0x1B, 0x3C, 0x18, 0xE9, 0xAE, 0x6C, 0xF8, 0xC7, 0xA4, 0xF0,
    0x7C, 0xD8, 0xDA, 0x98, 0x4D, 0x8B, 0x2F, 0x1B, 0x8B, 0x62, 0x42, 0xF2, 0xEF, 0xAB, 0x72, 0x83,
    0x90, 0xFC, 0x5C, 0xE5, 0xA5, 0xB6, 0x5A, 0x0A, 0xD7, 0x81, 0xB2, 0x99, 0xB1, 0xAA, 0xD2, 0x4E,
    0x47, 0xA1, 0xA1, 0x89, 0x3A, 0x83, 0x49, 0x4B, 0xF1, 0x27, 0x8F, 0x99, 0x57, 0x8A, 0x82, 0xA6,
    0xD4, 0x5A, 0xB4, 0xA4, 0x0F, 0xB8, 0x8A, 0x29, 0x88, 0xFB, 0x1B, 0x12, 0xEE, 0x12, 0xFC, 0xDA,
    0x22, 0x83, 0xB0, 0xA1, 0x2B, 0x4A, 0x6B, 0xA4, 0x1D, 0xE7, 0x26, 0xAA, 0xA9, 0x13, 0x70, 0x44,
    0x9E, 0x33, 0xE5, 0x14, 0xB5, 0x32, 0x4D, 0x4E, 0x05, 0xD6, 0x96, 0x14, 0x52, 0xA7, 0x9C, 0x4C,
    0xA3, 0x0A, 0xC3, 0x49, 0xC2, 0xA1, 0xAF, 0x7A, 0xE7, 0x32, 0xC8, 0xB2, 0xFA, 0x1B, 0x1A, 0xD9,
    0x87, 0x32, 0x97, 0xF5, 0x33, 0x75, 0xC1, 0x89, 0xBC, 0x06, 0x7C, 0x3F, 0xE6, 0x82, 0xE6, 0x37,
    0x76, 0xD5, 0x33, 0x6C, 0xF9, 0xAE, 0x24, 0xFB, 0x25, 0x51, 0xDD, 0x98, 0x8C, 0xAD, 0x2C, 0x48,
    0x61, 0x47, 0x5A, 0x59, 0x0B, 0x0D, 0x4D, 0x1B, 0x2A, 0x65, 0x45, 0x3D, 0xAC, 0xA8, 0x83, 0x30,
    0xB0, 0x8A, 0x8E, 0xA3, 0x66, 0x49, 0xC9, 0xDF, 0x5F, 0xE2, 0x7B, 0x6C, 0x24, 0x3E, 0xEE, 0xE7,
    0x6E, 0xBC, 0x5A, 0x96, 0x6F, 0x9B, 0x65, 0x5B, 0x57, 0x09, 0x0F, 0x29, 0x3C, 0xA3, 0x76, 0x58,
    0x43, 0xB6, 0x37, 0x36, 0x7A, 0xCA, 0xA0, 0x71, 0x3F, 0xCE, 0x48, 0xFA, 0x70, 0xA7, 0x27, 0x98,
    0xBD, 0x4E, 0xED, 0xA9, 0x59, 0xB8, 0x98, 0x86, 0xA7, 0x33, 0x35, 0x69, 0x52, 0x99, 0xBD, 0xE1,
    0xF3, 0xF8, 0x41, 0xAE, 0x5D, 0xCF, 0xA8, 0x7E, 0x46, 0xD7, 0x93, 0x85, 0xE8, 0x3A, 0x5B, 0x29,
    0xED, 0x2E, 0x92, 0x89, 0x6D, 0x0C, 0xBD, 0xAF, 0x21, 0xE7, 0xAB, 0x4E, 0x17, 0xD3, 0xF9, 0x67,
    0x1E, 0xC7, 0x4F, 0x40, 0xA0, 0xB4, 0x55, 0xA4, 0x85, 0x8F, 0xDA, 0x27, 0xB9, 0xD5, 0x04, 0x04,
    0x3E, 0xC6, 0xBB, 0x82, 0x97, 0xFC, 0x0E, 0x06, 0x1C, 0x74, 0xE5, 0xA3, 0x6B, 0xD7, 0x3B, 0xB6,
    0x9E, 0x77, 0x91, 0x83, 0x1B, 0x9E, 0xD5, 0xBE, 0x86, 0x27, 0x0A, 0xCF, 0xB6, 0xD4, 0xDF, 0x7E,
    0x6C, 0x77, 0x6B, 0x91, 0xB7, 0x37, 0x71, 0xDE, 0x4F, 0xE9, 0x08, 0x58, 0x81, 0xC6, 0xD8, 0x3A,
    0xD5, 0xDF, 0xED, 0xB4, 0x12, 0x66, 0xF0, 0xC0, 0x57, 0x57, 0xD2, 0xCE, 0xEB, 0xF3, 0xD6, 0xEF,
    0xB1, 0xCF, 0xF6, 0xD0, 0xD6, 0xBA, 0x6B, 0x55, 0x85, 0xDB, 0x44, 0x7B, 0x9F, 0xCB, 0x66, 0xDA,
    0xD1, 0x41, 0x91, 0xA8, 0x22, 0xB8, 0x15, 0x39, 0xCC, 0xDE, 0x66, 0xD5, 0xA1, 0x41, 0x90, 0xC1,
    0x0C, 0xB5, 0x83, 0xE7, 0xCD, 0x1D, 0xBC, 0xEE, 0xC0, 0x0E, 0xDE, 0xD1, 0xA9, 0x04, 0x9B, 0x77,
    0xE1, 0x33, 0x9B, 0x77, 0x87, 0x86, 0x87, 0xCC, 0xC9, 0x30, 0xE2, 0x21, 0x16, 0x45, 0x44, 0xAA,
    0xD7, 0xFD, 0xE7, 0xF8, 0x71, 0xE1, 0x79, 0x47, 0xAA, 0x4B, 0xBB, 0x1F, 0x21, 0xFE, 0x02, 0xED,
    0x5A, 0xBD, 0xD3, 0xE5, 0x54, 0x19, 0x3F, 0x49, 0xF6, 0xDD, 0xAC, 0x64, 0x34, 0x5B, 0xB0, 0x33,
    0x0E, 0x38, 0x86, 0x82, 0x42, 0xD0, 0x31, 0x8D, 0xA5, 0x90, 0xE0, 0x8C, 0x63, 0x41, 0xF3, 0x16,
    0x5C, 0x29, 0xB6, 0xC0, 0xC2, 0x82, 0xEE, 0x6D, 0x2C, 0x28, 0x90, 0x93, 0x99, 0x2D, 0x6C, 0xD7,
    0xBF, 0x80, 0x2D, 0x28, 0x98, 0xB5, 0x58, 0x0B, 0x0B, 0x0B, 0x76, 0x13, 0xDC, 0xC2, 0xC2, 0xE6,
    0xE2, 0x48, 0x6D, 0x84, 0x65, 0x44, 0x1A, 0x83, 0x84, 0x31, 0x0B, 0x49, 0x8E, 0xBF, 0xDF, 0xF3,
    0x9C, 0xDC, 0x8F, 0x77, 0x11, 0x59, 0x65, 0x5F, 0xDE, 0x65, 0xBC, 0x73, 0xEF, 0xF3, 0x3C, 0xF7,
    0xDE, 0x24, 0xE7, 0x3C, 0xDF, 0x1F, 0x89, 0x31, 0xCB, 0x2B, 0xEE, 0x04, 0xF6, 0x84, 0xD1, 0x20,
    0xF4, 0x60, 0x82, 0x6B, 0xEF, 0xE4, 0x9D, 0xC9, 0x9C, 0x73, 0xAD, 0xA9, 0x9D, 0x9B, 0xCB, 0x10,
    0xE4, 0x64, 0x12, 0x57, 0xA6, 0xCE, 0xA4, 0x93, 0x89, 0x5C, 0x95, 0xE3, 0x58, 0xD7, 0x14, 0x38,
    0xBB, 0x6E, 0x09, 0x6D, 0x6B, 0x5B, 0x63, 0x8A, 0x4E, 0x61, 0xFD, 0x6F, 0xA0, 0x95, 0x23, 0xE5,
    0xAC, 0x75, 0xD1, 0xF3, 0x0A, 0xF9, 0x68, 0x42, 0x57, 0xA5, 0xB3, 0x89, 0x1D, 0xDE, 0x6F, 0xDA,
    0xC9, 0x70, 0x2D, 0xFC, 0x85, 0x75, 0xD7, 0x06, 0x4B, 0x4E, 0xDC, 0xD3, 0x85, 0x52, 0x36, 0x7B,
    0x70, 0x19, 0x20, 0x6D, 0x09, 0xB8, 0xED, 0xA4, 0x53, 0x2A, 0xC7, 0xA1, 0x3C, 0xAB, 0x4C, 0xB8,
    0xCB, 0x6C, 0x4A, 0x1C, 0x96, 0x0A, 0x5D, 0x69, 0xD7, 0x58, 0xA0, 0x6E, 0x00, 0x5C, 0x63, 0xEA,
    0x4F, 0x00, 0xF8, 0x17, 0x87, 0x54, 0xB6, 0xC5, 0xC1, 0xC5, 0x80, 0xD3, 0xC0, 0xF2, 0x88, 0x6D,
    0x38, 0x6E, 0xD0, 0x55, 0x58, 0xF0, 0xD0, 0xEC, 0xBD, 0xF2, 0x66, 0x17, 0x65, 0x6B, 0xFD, 0xB6,
    0xBE, 0xB0, 0x3A, 0x0C, 0x56, 0x75, 0x63, 0x5D, 0x8F, 0x1D, 0x94, 0x82, 0x06, 0xF3, 0xB0, 0xAB,
    0x02, 0x70, 0x1D, 0x39, 0x30, 0x7E, 0xEF, 0x10, 0x78, 0xC4, 0xE6, 0x21, 0x4E, 0x13, 0xB8, 0x06,
    0x6F, 0xC8, 0xF4, 0xC3, 0x8B, 0xF8, 0xC1, 0x58, 0x08, 0x84, 0x7B, 0x74, 0x8E, 0x5A, 0x0D, 0x45,
    0x9A, 0x3B, 0x0C, 0x9D, 0xAD, 0xB6, 0x8C, 0x28, 0x1F, 0x22, 0x57, 0x30, 0x73, 0x34, 0x06, 0x35,
    0x04, 0x33, 0xE2, 0x14, 0x43, 0xD8, 0x9B, 0x64, 0x34, 0x79, 0x6F, 0xE2, 0xD1, 0x64, 0x77, 0x05,
    0x27, 0x81, 0xB3, 0x81, 0xA2, 0x23, 0xF7, 0x03, 0x47, 0x08, 0x5B, 0xC2, 0x3E, 0xDD, 0x1F, 0xB0,
    0x41, 0x0B, 0x35, 0x95, 0xE6, 0xA0, 0xDC, 0xC8, 0x36, 0x30, 0x66, 0xD9, 0x5C, 0xDC, 0x86, 0x9D,
    0x27, 0x93, 0x29, 0xEB, 0x97, 0x03, 0x9C, 0x6B, 0x96, 0x83, 0xAD, 0xDB, 0x9C, 0x97, 0x8D, 0x1B,
    0x32, 0xBC, 0xB2, 0xA7, 0xAD, 0x0B, 0xAB, 0x15, 0x2E, 0xBF, 0xC2, 0xAB, 0x94, 0x95, 0x0D, 0x20,
    0x6C, 0xC1, 0x51, 0x16, 0x42, 0xD2, 0xC2, 0x07, 0x25, 0xB1, 0xDB, 0xA3, 0xC9, 0x8C, 0x34, 0xED,
    0x98, 0x96, 0x0E, 0x12, 0x20, 0xA6, 0xAD, 0x97, 0x23, 0xD7, 0x00, 0x09, 0xF1, 0x1E, 0x92, 0x1B,
    0x90, 0x46, 0x24, 0xDD, 0x2E, 0x64, 0x88, 0x8F, 0x90, 0x6B, 0xDA, 0xB1, 0x90, 0xD0, 0x08, 0x3C,
    0x65, 0x21, 0x8B, 0xC1, 0x2C, 0x07, 0xD4, 0x9D, 0x27, 0x55, 0x5D, 0x4A, 0x46, 0x54, 0x99, 0x2E,
    0x91, 0xCC, 0x46, 0x48, 0xA8, 0x15, 0xCB, 0x9E, 0xAD, 0x64, 0x0F, 0xC6, 0xF6, 0x26, 0xE5, 0x26,
    0xB3, 0x89, 0xCB, 0x82, 0x9C, 0x7F, 0xEC, 0x86, 0xD0, 0xBD, 0x77, 0xF5, 0x5A, 0x43, 0x4D, 0xB7,
    0xD1, 0x86, 0xB7, 0x72, 0x43, 0xDE, 0x32, 0x4A, 0x9A, 0x63, 0xAF, 0x6F, 0x9A, 0xB8, 0x52, 0xAA,
    0x58, 0x7B, 0x53, 0x36, 0xE9, 0x6D, 0x57, 0xAA, 0xBC, 0x22, 0xF8, 0x90, 0x8A, 0xCB, 0x40, 0x67,
    0x2A, 0x2D, 0x1C, 0x68, 0x54, 0x58, 0xE6, 0x8C, 0x6C, 0xEE, 0x68, 0x52, 0x45, 0x89, 0xA8, 0x3C,
    0x05, 0x1E, 0x70, 0x48, 0xA7, 0x5C, 0x78, 0xCA, 0xEC, 0x52, 0xD3, 0xAA, 0x6E, 0x55, 0x08, 0xA3,
    0x11, 0x89, 0x43, 0x32, 0xAF, 0x86, 0x6E, 0x91, 0x51, 0x32, 0x2D, 0x22, 0xCA, 0x86, 0x45, 0xB0,
    0x08, 0x15, 0x9E, 0x52, 0x09, 0xE3, 0xCA, 0x34, 0x77, 0x15, 0x0F, 0x6C, 0x4B, 0xD7, 0x35, 0xE9,
    0x18, 0xBC, 0xA2, 0xC2, 0x81, 0xE3, 0xF7, 0x22, 0x1B, 0xC4, 0xA5, 0xA8, 0x17, 0xD1, 0x90, 0x87,
    0x5E, 0x24, 0xB3, 0x50, 0xB7, 0xC4, 0x14, 0xFA, 0x7D, 0xA9, 0xA4, 0x65, 0x04, 0x59, 0x3C, 0x04,
    0xA9, 0xB7, 0x19, 0x5C, 0x21, 0x47, 0x38, 0x99, 0xEA, 0x4A, 0x88, 0x50, 0xA4, 0x21, 0x7E, 0x36,
    0x88, 0x21, 0x96, 0x26, 0x6F, 0x3D, 0x71, 0x60, 0x3C, 0x61, 0x76, 0x89, 0x5C, 0xE2, 0x80, 0xEB,
    0x25, 0x2C, 0x21, 0x94, 0x31, 0x30, 0x28, 0x91, 0xCD, 0xB8, 0xCE, 0x8D, 0x95, 0xED, 0x8A, 0x0E,
    0x07, 0x5F, 0x07, 0xE3, 0xB6, 0x05, 0xF1, 0x7C, 0xE0, 0xAA, 0xBA, 0xE1, 0xE9, 0x60, 0xC7, 0x09,
    0x91, 0x8E, 0x9E, 0x80, 0xF3, 0x29, 0x81, 0xE0, 0xAA, 0x84, 0xC8, 0x23, 0xA0, 0xAA, 0x29, 0xB9,
    0x80, 0x5B, 0x35, 0xAF, 0x5A, 0x5E, 0x30, 0x1B, 0x82, 0xB1, 0x18, 0xE1, 0x5A, 0x10, 0xC4, 0x48,
    0x95, 0xF5, 0x58, 0x14, 0xDF, 0xE7, 0x7A, 0x20, 0x11, 0xBA, 0xCE, 0x0A, 0x61, 0x2E, 0x6C, 0x9C,
    0xE4, 0xD0, 0x1C, 0xAC, 0x56, 0x86, 0x41, 0x2F, 0x85, 0xCB, 0x2F, 0x38, 0xC3, 0x32, 0x41, 0xAD,
    0xC6, 0xCE, 0x60, 0x73, 0x02, 0x38, 0x6D, 0xF6, 0x71, 0x26, 0x78, 0x5E, 0x1D, 0x11, 0x53, 0x95,
    0xC4, 0x6E, 0x17, 0x5B, 0x8D, 0xC0, 0x88, 0xE6, 0xEA, 0xFF, 0xDE, 0xD6, 0x6B, 0xAF, 0x05, 0xE7,
    0xA3, 0x84, 0x84, 0x40, 0xBC, 0x56, 0x4B, 0xB4, 0xB1, 0xFE, 0xF7, 0x86, 0xDC, 0x8B, 0xB5, 0x76,
    0x6A, 0xAA, 0x0C, 0xFC, 0x15, 0x59, 0x87, 0x7C, 0xE2, 0x8D, 0x8D, 0x2F, 0x28, 0x51, 0xAB, 0x4D,
    0x15, 0xF9, 0x6F, 0xDE, 0x94, 0xB1, 0x87, 0xBB, 0x42, 0x69, 0xB3, 0x8B, 0x32, 0x22, 0x72, 0x5A,
    0x8B, 0x3B, 0x03, 0xB9, 0x3D, 0xB4, 0xCB, 0xE5, 0x3E, 0x72, 0xE2, 0xCA, 0x17, 0x95, 0x53, 0xB1,
    0xD3, 0x85, 0xDF, 0xC0, 0x5D, 0x5E, 0x6C, 0xFB, 0xDB, 0x93, 0xC9, 0x4B, 0x3B, 0x63, 0xAB, 0x04,
    0xEB, 0x98, 0x20, 0x9A, 0x8D, 0x6D, 0x00, 0x0E, 0x4C, 0xC4, 0xB3, 0x3C, 0x38, 0xCB, 0x3F, 0x12,
    0x82, 0x58, 0x0F, 0xF9, 0x6F, 0x41, 0xEE, 0xD6, 0x76, 0x6D, 0x5D, 0xEB, 0x81, 0x91, 0x54, 0xB5,
    0x80, 0xC6, 0xEF, 0xFF, 0x59, 0xEE, 0x5E, 0xB4, 0xE4, 0x18, 0xC5, 0xDD, 0x7A, 0xB1, 0x49, 0x13,
    0xAC, 0x56, 0x07, 0xAB, 0x67, 0x1C, 0x23, 0xA3, 0xCB, 0xDD, 0x84, 0x20, 0x24, 0x04, 0x4C, 0xBA,
    0x43, 0x2C, 0x3C, 0xEB, 0xDA, 0x18, 0x4C, 0x66, 0xF4, 0x87, 0x18, 0xA7, 0x7A, 0x62, 0xF6, 0xC4,
    0xC7, 0xCE, 0x13, 0xB7, 0x5D, 0xA5, 0xC4, 0x80, 0x60, 0xAF, 0x84, 0xED, 0x3C, 0x51, 0xF4, 0x9E,
    0xC8, 0x46, 0x4F, 0x20, 0xD7, 0x28, 0x11, 0x39, 0x4F, 0x84, 0xEE, 0x65, 0x25, 0x8C, 0xFB, 0xBB,
    0x27, 0x6A, 0xE7, 0x89, 0x62, 0x21, 0xB2, 0x85, 0x48, 0x85, 0xB0, 0xC8, 0x20, 0x42, 0xC8, 0xE6,
    0x41, 0x54, 0x8E, 0xBE, 0xDA, 0x7A, 0x4D, 0xED, 0x04, 0x8B, 0xD8, 0x2D, 0x3F, 0xCC, 0x3E, 0x7F,
    0xB9, 0x71, 0x21, 0x5A, 0xFF, 0xD7, 0x6A, 0x93, 0xDB, 0xBC, 0x0D, 0xC7, 0xB3, 0x4A, 0x87, 0x01,
    0x85, 0xC2, 0x21, 0xA6, 0x6C, 0xA2, 0x49, 0x45, 0x63, 0x0E, 0xBD, 0x64, 0x8C, 0x17, 0x8C, 0x51,
    0xB9, 0xE4, 0xB3, 0x8A, 0xA5, 0x70, 0x2A, 0x15, 0x60, 0x11, 0x4A, 0xE4, 0x54, 0x26, 0xC4, 0x14,
    0x09, 0x31, 0x25, 0x42, 0x4C, 0x81, 0x10, 0x53, 0x1E, 0xC4, 0x14, 0x07, 0x31, 0xA5, 0x21, 0xB8,
    0x76, 0x8A, 0x0B, 0x8F, 0x33, 0x8F, 0x53, 0x62, 0x15, 0x44, 0xA4, 0xFB, 0x54, 0x1C, 0x10, 0x2B,
    0x1F, 0x1B, 0x3C, 0xEF, 0x63, 0xEF, 0x6E, 0xC1, 0xD1, 0xE8, 0x65, 0xA4, 0x61, 0x3A, 0xF1, 0xB6,
    0x91, 0xCC, 0xC7, 0x92, 0xD9, 0x4B, 0x66, 0xF1, 0x65, 0x2F, 0xCB, 0x7D, 0x6C, 0x16, 0x61, 0x3F,
    0x78, 0x3C, 0x0B, 0x9A, 0x9C, 0x61, 0x12, 0x4E, 0x5C, 0x8C, 0xB0, 0x50, 0xF8, 0x74, 0xC1, 0x68,
    0x99, 0x72, 0xB3, 0xB7, 0xED, 0x20, 0x39, 0xB9, 0x92, 0x10, 0x2C, 0xF9, 0xE5, 0x73, 0xC4, 0xF4,
    0x0C, 0x18, 0x05, 0xD6, 0xEB, 0x98, 0xA7, 0x37, 0x78, 0x8F, 0x8F, 0x2D, 0xAE, 0xF6, 0xF8, 0xF0,
    0x8E, 0x1E, 0x38, 0x2F, 0x26, 0x1F, 0xDA, 0x76, 0x7C, 0x5D, 0x2A, 0x29, 0x1C, 0x9C, 0xAC, 0x23,
    0x44, 0xB3, 0x74, 0x40, 0x25, 0xCF, 0xF2, 0x4F, 0x5C, 0x4E, 0x4E, 0xCE, 0xE4, 0x94, 0xB3, 0x3B,
    0x27, 0x1C, 0xFC, 0x54, 0xE5, 0x21, 0x25, 0x81, 0x5C, 0xD8, 0xCE, 0xDB, 0xF8, 0x39, 0x73, 0xE9,
    0x70, 0xE4, 0x46, 0xA2, 0x91, 0x5E, 0x0B, 0x43, 0x61, 0x69, 0xDE, 0x21, 0x0A, 0xA3, 0xFC, 0xE6,
    0xF5, 0x91, 0x32, 0xA1, 0xA6, 0xA2, 0x01, 0x7F, 0x1E, 0xD6, 0xEF, 0x5D, 0x9B, 0xB4, 0xE0, 0x62,
    0xDD, 0x06, 0x18, 0xBA, 0xAB, 0xBF, 0x72, 0x55, 0x34, 0x52, 0x33, 0x28, 0x10, 0xC1, 0x5F, 0xCA,
    0x16, 0xA2, 0xB5, 0xC8, 0xE3, 0xF4, 0xEF, 0x26, 0x75, 0xB3, 0x42, 0x35, 0x87, 0x2A, 0x68, 0x4D,
    0xD2, 0xA3, 0xC4, 0x8F, 0x66, 0xC6, 0x0C, 0x66, 0x6F, 0xDD, 0x5B, 0x4A, 0x83, 0x08, 0xCA, 0x5D,
    0x4D, 0x9E, 0x65, 0xC0, 0x2F, 0x18, 0xBD, 0x0B, 0xA6, 0xF5, 0xE2, 0x4D, 0x8B, 0x8A, 0x95, 0xCA,
    0xCB, 0xCB, 0x84, 0x4C, 0x2D, 0x20, 0x64, 0xE2, 0xCB, 0x09, 0xEC, 0xED, 0xE7, 0x46, 0x44, 0xA0,
    0x84, 0xFA, 0x10, 0x40, 0xCD, 0xB4, 0x38, 0x8D, 0xD1, 0xB7, 0x2A, 0xDC, 0x07, 0x6E, 0x9D, 0xA2,
    0x66, 0x5D, 0x4B, 0x49, 0x7A, 0x06, 0x12, 0xCD, 0x4B, 0x66, 0x25, 0x9C, 0x21, 0xAC, 0x0C, 0x6C,
    0x63, 0x50, 0x2C, 0x94, 0xDE, 0x49, 0x57, 0x92, 0x32, 0x53, 0x61, 0xB6, 0xD7, 0x20, 0xF7, 0x3F,
    0x7E, 0x20, 0x93, 0xCD, 0x35, 0xA5, 0x64, 0xFB, 0x4E, 0xD1, 0xB8, 0xF4, 0x9F, 0x63, 0xEC, 0x90,
    0xE5, 0x51, 0x44, 0x96, 0x1B, 0x83, 0x4E, 0x28, 0x34, 0xBE, 0xCD, 0x67, 0x78, 0xA3, 0x31, 0x49,
    0xDD, 0x88, 0x37, 0x99, 0xC2, 0xEE, 0xB3, 0x32, 0x81, 0x42, 0xF3, 0x9E, 0xAB, 0xC6, 0xB2, 0x54,
    0xA0, 0x31, 0xC8, 0x4A, 0x01, 0xFE, 0x40, 0xB5, 0x35, 0xAA, 0x6B, 0xB7, 0xB4, 0x9D, 0x68, 0xA4,
    0x37, 0xEB, 0xCD, 0x29, 0xE9, 0x09, 0x61, 0x2A, 0x6B, 0x83, 0x2A, 0x71, 0x40, 0xD8, 0x09, 0xDD,
    0x51, 0xCB, 0xDE, 0x00, 0xBB, 0xCE, 0x66, 0x6D, 0x65, 0x8F, 0x9B, 0x0A, 0xD4, 0x5F, 0xF1, 0x72,
    0xE8, 0x6A, 0xEE, 0x49, 0xB3, 0x08, 0xDF, 0x3B, 0xBF, 0xED, 0x60, 0x62, 0xED, 0x5E, 0x02, 0xDF,
    0x7D, 0xF9, 0xAE, 0x25, 0x1D, 0xEF, 0xE8, 0x56, 0xA4, 0x83, 0x5C, 0x19, 0xED, 0x20, 0x17, 0x24,
    0x1D, 0x64, 0x7F, 0x52, 0x1D, 0x64, 0x23, 0x31, 0x73, 0xBF, 0x83, 0x9C, 0xF7, 0x3A, 0xC8, 0xCB,
    0x7B, 0x1D, 0x24, 0x5E, 0x2F, 0xC0, 0x2E, 0x19, 0x99, 0x6A, 0xC6, 0x8D, 0xBF, 0x8A, 0x73, 0x4A,
    0xB8, 0x8E, 0x94, 0x5D, 0x0D, 0x59, 0xE7, 0x8F, 0x85, 0x5D, 0xF6, 0x97, 0xBD, 0xEF, 0x2C, 0x4F,
    0xAA, 0xBF, 0x94, 0xC6, 0x66, 0x69, 0x82, 0xF7, 0xD1, 0x62, 0xDE, 0x57, 0x42, 0xB2, 0x17, 0x8F,
    0x3A, 0x59, 0x18, 0x25, 0xCA, 0xC4, 0x8A, 0xA2, 0x3E, 0x69, 0xEF, 0x5B, 0x4D, 0xA1, 0x8A, 0xA2,
    0x76, 0xC4, 0xAB, 0x77, 0xA1, 0xBE, 0x1E, 0x37, 0xCF, 0x33, 0x2F, 0x54, 0x52, 0x82, 0xBD, 0x4E,
    0x58, 0x0B, 0x2C, 0xCC, 0xFC, 0xC5, 0x6B, 0x6D, 0x79, 0x3D, 0xE0, 0x3D, 0x57, 0x83, 0x91, 0x14,
    0x8F, 0x38, 0x5E, 0xCB, 0x03, 0x61, 0x25, 0x7C, 0xFB, 0x2D, 0x2A, 0x28, 0xE9, 0x9F, 0x26, 0xFF,
    0xE9, 0x20, 0x0E, 0x06, 0x34, 0xC8, 0x80, 0x2B, 0xEE, 0xEE, 0x73, 0x37, 0x33, 0xA6, 0xDD, 0x56,
    0x80, 0x92, 0xCB, 0x4C, 0x2E, 0x3C, 0xB1, 0x3D, 0x35, 0x8F, 0x3D, 0xF1, 0x18, 0x95, 0x77, 0x46,
    0x54, 0x58, 0x49, 0x41, 0x5D, 0xF2, 0xBA, 0xB5, 0xA9, 0x4F, 0x8B, 0x0A, 0xA3, 0xCA, 0xFC, 0x5A,
    0xA6, 0x8C, 0x12, 0x90, 0xC3, 0x59, 0x77, 0x6F, 0xB5, 0xB4, 0xC9, 0x24, 0x9A, 0xC7, 0x97, 0xFA,
    0x57, 0xF8, 0xA5, 0x8B, 0x46, 0x45, 0xD3, 0x16, 0xA5, 0xEB, 0xA5, 0xF8, 0xBD, 0x6F, 0x55, 0xF8,
    0xA2, 0xC9, 0x54, 0x3D, 0xAC, 0x62, 0x3E, 0x9E, 0x24, 0x6D, 0xF7, 0x9B, 0x8E, 0xF5, 0x79, 0x2B,
    0x2A, 0xA4, 0x3E, 0x03, 0x76, 0xFF, 0x02, 0x21, 0x9C, 0x79, 0x69, 0x54, 0x4F, 0x81, 0x17, 0x7E,
    0x4F, 0xD1, 0xB4, 0xD7, 0xC2, 0xF8, 0xFE, 0x5B, 0x62, 0xA6, 0x09, 0xDF, 0xFA, 0xC7, 0x97, 0xD9,
    0x0B, 0x63, 0x9D, 0x36, 0x36, 0x5B, 0xF7, 0xD3, 0xE0, 0xA3, 0x91, 0xE8, 0xB1, 0x27, 0x4F, 0xAF,
    0x17, 0x6A, 0xA9, 0x97, 0x6B, 0xA9, 0xD7, 0x31, 0x7E, 0x26, 0x9F, 0x5A, 0xEA, 0x99, 0x6B, 0xB7,
    0x4B, 0x11, 0xC5, 0x6D, 0x29, 0xB9, 0x9C, 0x94, 0x5F, 0x8E, 0x2D, 0x18, 0x78, 0x45, 0x59, 0x06,
    0x96, 0xD8, 0x2B, 0xBC, 0xC4, 0xA5, 0x09, 0xBB, 0xED, 0x55, 0xEA, 0x76, 0x0F, 0x3E, 0xEE, 0x58,
    0xE4, 0xA1, 0xC1, 0xB1, 0x0A, 0x3B, 0x5C, 0x8A, 0xC7, 0x13, 0xB2, 0x5C, 0xE3, 0x60, 0x35, 0x64,
    0x91, 0x4B, 0x18, 0xBB, 0x77, 0x2E, 0x2E, 0xDD, 0x82, 0xD7, 0x47, 0xAC, 0x7A, 0xB8, 0xB0, 0xA8,
    0x01, 0x3D, 0xC1, 0xCF, 0xD0, 0x84, 0x30, 0x46, 0xB8, 0x97, 0x3B, 0xA6, 0xB2, 0x86, 0x35, 0x07,
    0x43, 0x8C, 0xB0, 0xB2, 0x9F, 0x37, 0x8E, 0xDC, 0xD5, 0x2B, 0xDC, 0x7A, 0xC7, 0x1E, 0xB9, 0xCB,
    0xC6, 0xC8, 0x95, 0x50, 0x1C, 0xCA, 0xFB, 0x4E, 0xCB, 0x54, 0x05, 0x55, 0xDE, 0xC3, 0x9C, 0xD3,
    0xF9, 0x22, 0x77, 0xE0, 0xD8, 0x9F, 0xA0, 0xA2, 0x0B, 0x3E, 0xFA, 0x1B, 0xAE, 0xB9, 0xBD, 0xC9,
    0x40, 0x59, 0xA4, 0xBE, 0xE3, 0x76, 0x5D, 0xFA, 0xD1, 0xD5, 0xBA, 0x2F, 0x1A, 0x74, 0x52, 0xB6,
    0x82, 0x85, 0xC3, 0x6D, 0xD3, 0xDE, 0x7E, 0x78, 0x50, 0x77, 0x6C, 0x21, 0xD7, 0x9C, 0xBA, 0x95,
    0x41, 0xCD, 0x29, 0xE3, 0xE9, 0xAC, 0x9C, 0xAD, 0xA8, 0xFA, 0xBA, 0xEC, 0x4D, 0xF3, 0xA7, 0x42,
    0x77, 0x45, 0x8C, 0x42, 0x15, 0x29, 0x6D, 0xF7, 0x36, 0x04, 0xDC, 0xBB, 0xB2, 0x59, 0x4A, 0xAC,
    0xAC, 0x92, 0xA2, 0x63, 0x19, 0xCD, 0xD9, 0x77, 0x97, 0x4E, 0x54, 0xEA, 0xF8, 0xE0, 0x99, 0xFF,
    0x0F, 0xF3, 0x97, 0x61, 0xBE, 0xCA, 0x41, 0xBB, 0xF3, 0x65, 0x6E, 0xE4, 0x87, 0xF4, 0x6A, 0x65,
    0x7E, 0x22, 0xF0, 0xE5, 0x19, 0xD2, 0x3F, 0xB4, 0x8C, 0x70, 0xF2, 0x3B, 0x88, 0xF0, 0xF8, 0xDC,
    0xFD, 0x53, 0x88, 0xFB, 0x67, 0x24, 0x8F, 0xD7, 0x39, 0xB3, 0x71, 0x51, 0x9D, 0x12, 0x5A, 0x27,
    0xB7, 0x66, 0xA4, 0xA1, 0x9D, 0x85, 0xA1, 0x5F, 0x96, 0xDB, 0xA1, 0x8D, 0x0E, 0x76, 0xC6, 0x1C,
    0x3F, 0x05, 0x3D, 0x7D, 0x29, 0x18, 0xC4, 0xA3, 0x26, 0xF5, 0x26, 0xB1, 0x83, 0x07, 0xAE, 0x9C,
    0xC6, 0x51, 0xCF, 0x99, 0x65, 0x86, 0x27, 0x6C, 0x92, 0xCB, 0x90, 0x69, 0x47, 0x95, 0x76, 0xA5,
    0x5C, 0xEE, 0xEF, 0x09, 0x83, 0x23, 0x79, 0x1A, 0xD2, 0x05, 0x4C, 0xB6, 0xF4, 0xBB, 0x4F, 0x6E,
    0x9D, 0xCC, 0x20, 0x48, 0x5E, 0x3F, 0xF1, 0x35, 0x6D, 0xB7, 0x4C, 0x11, 0xF7, 0x46, 0xB7, 0xE9,
    0x32, 0xA7, 0xF4, 0x15, 0x6B, 0xB8, 0x9F, 0x92, 0x56, 0x12, 0xC0, 0x54, 0x4E, 0x6E, 0xBD, 0xC1,
    0x48, 0x55, 0x8A, 0xD3, 0x0F, 0x66, 0x94, 0xBB, 0xB8, 0xEA, 0xDB, 0xB3, 0x49, 0x78, 0xDF, 0xED,
    0xE6, 0x2C, 0xB7, 0x6A, 0xEB, 0x4B, 0x7E, 0xB2, 0xAF, 0x63, 0xD2, 0x70, 0x56, 0x1C, 0x4D, 0x91,
    0xF8, 0x7B, 0x32, 0x2A, 0x4E, 0x7B, 0xC5, 0x28, 0x9C, 0xDD, 0xD5, 0x57, 0x98, 0x1F, 0x35, 0x44,
    0xF8, 0xEA, 0x66, 0x09, 0x19, 0x81, 0x5B, 0x3D, 0x8B, 0x4A, 0xA1, 0xC4, 0x45, 0xF0, 0x8E, 0x5B,
    0x28, 0x49, 0x30, 0xD4, 0x14, 0xB9, 0xD5, 0x73, 0x2D, 0xA4, 0x98, 0xD3, 0x29, 0x79, 0x87, 0x65,
    0x17, 0x6F, 0xA7, 0x29, 0xB1, 0xBF, 0xF5, 0xAD, 0x42, 0xD0, 0x19, 0x6D, 0xEC, 0xEB, 0x79, 0x2F,
    0x08, 0x3D, 0x22, 0xBC, 0x63, 0xEC, 0x6A, 0xCE, 0xBA, 0x39, 0xA8, 0x39, 0x33, 0x46, 0xA1, 0xE2,
    0x88, 0xE4, 0x8E, 0xCE, 0x9F, 0x8E, 0xDC, 0x1B, 0xAE, 0xCD, 0x99, 0x13, 0x8B, 0x2E, 0xE7, 0x9C,
    0x97, 0x17, 0x4F, 0xA4, 0xCA, 0x39, 0xB8, 0x38, 0xAD, 0x8E, 0xFA, 0x58, 0x8E, 0xEC, 0x73, 0x45,
    0xF6, 0xC3, 0x8B, 0xF3, 0x6A, 0x75, 0x58, 0x6F, 0xEE, 0xC1, 0xCC, 0x8A, 0x60, 0x00, 0x55, 0xDD,
    0xE6, 0xAE, 0x7D, 0x78, 0x8D, 0x3D, 0xC3, 0xAF, 0xBA, 0xDC, 0x8D, 0x38, 0xA7, 0x41, 0xF9, 0x12,
    0xD3, 0xB4, 0x98, 0x4B, 0x64, 0x1F, 0x5F, 0x17, 0x38, 0xEA, 0x0C, 0x6D, 0xE3, 0x45, 0x91, 0xD6,
    0xE5, 0x2A, 0xEE, 0xCB, 0xE6, 0xAB, 0x1A, 0x56, 0xC1, 0xD9, 0xB5, 0x77, 0x8B, 0x92, 0xF1, 0x75,
    0x96, 0x6C, 0x2A, 0x36, 0xE4, 0x98, 0x68, 0xAB, 0x14, 0x89, 0x9C, 0xC3, 0xBA, 0x06, 0x11, 0x31,
    0x97, 0x2C, 0xFE, 0x92, 0x64, 0xF1, 0xD1, 0x22, 0x43, 0x87, 0x3D, 0xB3, 0x78, 0xDC, 0x31, 0x67,
    0xA7, 0x0D, 0x61, 0x5E, 0x11, 0x16, 0x92, 0xDD, 0x19, 0x0A, 0xED, 0xFB, 0x03, 0x8A, 0xA7, 0xE2,
    0x83, 0x8E, 0xB9, 0x9F, 0xC9, 0xAC, 0xC9, 0x19, 0x48, 0x70, 0x59, 0xCD, 0xE2, 0xEF, 0xF8, 0x2C,
    0x3E, 0x48, 0x02, 0x40, 0x04, 0xFE, 0x98, 0x5B, 0x48, 0x1B, 0xCE, 0xBF, 0xD2, 0xCA, 0xCF, 0x7B,
    0xB7, 0xB2, 0x96, 0x9F, 0x58, 0x97, 0xCB, 0x3D, 0x84, 0x54, 0x1A, 0x8E, 0x7E, 0xE9, 0x9E, 0xCF,
    0x69, 0x2F, 0x9D, 0xB2, 0x88, 0x05, 0x37, 0x39, 0xAE, 0x24, 0xAE, 0xB0, 0x9B, 0xD4, 0x13, 0x26,
    0xEB, 0x8C, 0x49, 0xFD, 0xC9, 0x1A, 0xE0, 0xB5, 0x7A, 0xED, 0x9A, 0x1E, 0xE0, 0x66, 0x0B, 0xF0,
    0x7B, 0xFC, 0x52, 0xFF, 0xB9, 0xC4, 0xBF, 0x0C, 0x89, 0xC5, 0x08, 0x3F, 0x2D, 0xC6, 0x58, 0xC6,
    0x94, 0x72, 0x95, 0x9E, 0x54, 0x65, 0x8A, 0x1F, 0x1E, 0xFA, 0x4C, 0xFE, 0x8D, 0x1D, 0xC5, 0x8B,
    0xE9, 0xC4, 0xCD, 0x6B, 0x14, 0xE8, 0x5B, 0xE2, 0x89, 0x9D, 0xDC, 0x74, 0xEA, 0xAD, 0xD4, 0x20,
    0x05, 0xFF, 0x9F, 0xA4, 0xC0, 0x7E, 0x21, 0x2D, 0x4F, 0xE9, 0x70, 0x3A, 0x2C, 0x1F, 0xC5, 0x15,
    0x7F, 0x47, 0x1F, 0xFB, 0xE3, 0xC8, 0x15, 0x26, 0x32, 0x50, 0xB3, 0x3B, 0xE7, 0xFE, 0x25, 0x44,
    0x1D, 0x9E, 0x3B, 0xC1, 0xE1, 0xF4, 0xE2, 0x92, 0xC5, 0xB0, 0x11, 0x4A, 0xE8, 0x44, 0x1C, 0x1D,
    0x45, 0x19, 0xB7, 0x0C, 0x23, 0xC1, 0xC6, 0x46, 0x4E, 0x5F, 0x0A, 0x90, 0xED, 0xE7, 0xE2, 0xC4,
    0xAE, 0xD4, 0x87, 0x3C, 0xA2, 0x1E, 0xD1, 0x23, 0xEA, 0xE2, 0x76, 0x7F, 0xE3, 0xF7, 0x5E, 0x96,
    0xE7, 0xB9, 0xDA, 0x6F, 0x32, 0xB2, 0x5E, 0xA0, 0x17, 0x9F, 0xF8, 0x74, 0xC4, 0xCC, 0x48, 0x56,
    0x70, 0x02, 0x98, 0x5F, 0x02, 0xF3, 0x5F, 0x0B, 0xDA, 0xCD, 0xD3, 0x25, 0x52, 0x8A, 0x6A, 0xA1,
    0x26, 0xE5, 0xA7, 0xDE, 0xD0, 0x5D, 0x80, 0x54, 0x7B, 0xFE, 0x86, 0x96, 0x02, 0xC6, 0xE4, 0x98,
    0x9E, 0xEC, 0x01, 0xBF, 0x1E, 0x3B, 0x04, 0xD5, 0x53, 0x09, 0x10, 0xB3, 0x06, 0x4B, 0xDA, 0x78,
    0x46, 0x34, 0xF6, 0x21, 0x78, 0x01, 0x41, 0x25, 0x16, 0x48, 0xE3, 0xFB, 0xCB, 0xE4, 0x7D, 0x48,
    0x5C, 0x28, 0x10, 0x0F, 0x1A, 0x19, 0x00, 0x1E, 0xF9, 0xCA, 0xB1, 0x99, 0x37, 0xD3, 0x2A, 0xA4,
    0x96, 0x50, 0x24, 0xD9, 0x24, 0x25, 0x98, 0xDE, 0xAA, 0x75, 0x10, 0x4E, 0xE8, 0x54, 0x75, 0x3B,
    0xA0, 0x59, 0xEE, 0x40, 0x49, 0x2B, 0x87, 0x46, 0xE3, 0x0C, 0x4C, 0x05, 0xCD, 0x02, 0x7B, 0x20,
    0xDD, 0xFD, 0xEE, 0x03, 0x52, 0x87, 0x12, 0x42, 0x19, 0x69, 0x98, 0xC3, 0x2C, 0x4B, 0xFB, 0x29,
    0x82, 0x89, 0x8C, 0xC1, 0x40, 0xAF, 0x2F, 0xBF, 0x58, 0x81, 0x69, 0xE0, 0x91, 0x31, 0x13, 0xF7,
    0x2C, 0x16, 0x16, 0x0E, 0x69, 0x0B, 0x0B, 0x93, 0x24, 0x1E, 0x9C, 0xA0, 0xAC, 0xB8, 0x56, 0x16,
    0x76, 0xC6, 0x3E, 0x0D, 0x13, 0xBE, 0x39, 0x98, 0x14, 0x41, 0x24, 0x41, 0x0C, 0x89, 0x3A, 0x8B,
    0xE6, 0xF6, 0x89, 0x13, 0xB9, 0x9D, 0x74, 0x16, 0x69, 0xCD, 0xA2, 0xAD, 0x2D, 0x7E, 0xD1, 0x9B,
    0x9C, 0x7B, 0x78, 0x03, 0x0D, 0x91, 0xEC, 0xE1, 0x49, 0x63, 0x68, 0x5C, 0x4B, 0x3A, 0x81, 0x10,
    0x22, 0xFF, 0x91, 0x26, 0xFF, 0x2E, 0x3E, 0x7C, 0x62, 0x06, 0xE9, 0x4A, 0x3E, 0xE6, 0x41, 0x36,
    0x62, 0xA9, 0x43, 0x77, 0x3C, 0x14, 0xC1, 0xF8, 0x73, 0x73, 0xFD, 0xBC, 0xDC, 0x14, 0x38, 0x58,
    0x3D, 0x53, 0xB8, 0x11, 0xEF, 0x98, 0x83, 0x85, 0xF2, 0x6E, 0xDF, 0x99, 0xEB, 0xF5, 0x74, 0x5C,
    0x2C, 0x61, 0xC1, 0x82, 0x7C, 0xDF, 0xDD, 0x88, 0x86, 0xD1, 0x8C, 0x1B, 0x93, 0xCB, 0x59, 0x5F,
    0xF0, 0x1D, 0x7D, 0x86, 0x37, 0x6A, 0x86, 0x82, 0x9B, 0x44, 0xF7, 0x2F, 0xFB, 0xCB, 0x9E, 0xA2,
    0x75, 0x50, 0x4A, 0xB8, 0xD0, 0x4D, 0x19, 0x66, 0xB5, 0xA3, 0xCC, 0xB2, 0x6E, 0x50, 0x3A, 0xBD,
    0xB4, 0xAB, 0xED, 0x77, 0x4F, 0xF7, 0x1D, 0xB2, 0xA0, 0xFA, 0x96, 0x11, 0x0D, 0x9B, 0xF4, 0x7D,
    0x76, 0xB0, 0x5D, 0xCD, 0xE7, 0x3C, 0x0B, 0xE9, 0x16, 0x60, 0x93, 0xD7, 0x59, 0x0A, 0x3C, 0x72,
    0x70, 0x92, 0x77, 0xC8, 0xF4, 0x89, 0x29, 0x1D, 0x30, 0x44, 0x4E, 0x47, 0xA1, 0x4E, 0x0A, 0xC6,
    0x42, 0x2A, 0x1A, 0x66, 0xD0, 0x33, 0xDA, 0x17, 0x9C, 0xE6, 0x1B, 0x8F, 0x87, 0xCB, 0x70, 0xC2,
    0xEA, 0x33, 0x2C, 0x6B, 0xC4, 0x14, 0x24, 0x89, 0xF0, 0x93, 0x63, 0xCA, 0xBD, 0x95, 0xA8, 0xAC,
    0xF6, 0xDB, 0xAC, 0xF4, 0x79, 0x0B, 0xD1, 0x57, 0x1E, 0xEB, 0xAB, 0xE5, 0x91, 0xCE, 0xE2, 0x47,
    0xDC, 0x50, 0x76, 0x89, 0xF2, 0x4E, 0x9F, 0x6A, 0xF7, 0x1F, 0x8E, 0xDC, 0x8E, 0x52, 0xF4, 0x01,
    0x3F, 0xE9, 0xE4, 0xAD, 0x74, 0xF6, 0x3A, 0x26, 0x49, 0xEF, 0x80, 0xB9, 0xFC, 0x5B, 0x77, 0xDC,
    0x86, 0x8C, 0x48, 0x98, 0xB6, 0x63, 0x11, 0x53, 0x3C, 0xF3, 0xA9, 0x8D, 0x78, 0x8A, 0x74, 0x6C,
    0xA2, 0x33, 0x80, 0x5A, 0x66, 0x02, 0x56, 0xC6, 0x2B, 0x3A, 0x29, 0x40, 0x9D, 0x2C, 0x4F, 0x5C,
    0x94, 0x1C, 0x3A, 0xC8, 0x53, 0x57, 0x91, 0x6B, 0x42, 0x34, 0x56, 0x39, 0x36, 0x59, 0xF8, 0x88,
    0xC4, 0xBC, 0xC6, 0xB4, 0x16, 0xD0, 0x58, 0x2F, 0x9F, 0xDB, 0x7D, 0x6A, 0x03, 0xDD, 0xB4, 0x85,
    0xE3, 0x3B, 0x34, 0x3D, 0x1F, 0xE1, 0x53, 0xE1, 0x63, 0xF8, 0x31, 0xFF, 0xE9, 0x93, 0xBB, 0x5B,
    0x08, 0x06, 0x83, 0x7C, 0xFC, 0x8D, 0xC9, 0x58, 0x1A, 0xCD, 0x5C, 0x7A, 0x9B, 0x42, 0x46, 0x5F,
    0x37, 0xE4, 0x31, 0xE8, 0x51, 0x1B, 0x83, 0xED, 0x44, 0xF1, 0xB4, 0xC9, 0x4B, 0xEA, 0x26, 0x16,
    0x7D, 0x1A, 0x65, 0xAB, 0x18, 0xE5, 0x5E, 0xBC, 0x4E, 0x9A, 0xDD, 0x8A, 0xE9, 0xF3, 0x93, 0x95,
    0xFA, 0x63, 0xB8, 0x7E, 0x51, 0xC7, 0xFD, 0xB3, 0x3E, 0x34, 0x5E, 0xEB, 0x53, 0xE3, 0x52, 0xB8,
    0x23, 0x9E, 0xC8, 0x68, 0xFC, 0x86, 0x34, 0x17, 0xE6, 0xFB, 0x71, 0x75, 0xDF, 0xCE, 0xFB, 0x1F,
    0x0D, 0x65, 0x32, 0x4A, 0x4F, 0xD2, 0x12, 0xD0, 0x38, 0xE9, 0x66, 0xAD, 0xCC, 0x82, 0xA5, 0x0A,
    0x34, 0xE9, 0xEB, 0xBD, 0x84, 0xB2, 0xEA, 0x8B, 0x9E, 0xEE, 0xFF, 0x0B, 0xB5, 0x53, 0x31, 0x4E,
    0xC3, 0x40, 0x10, 0x5C, 0xDB, 0x44, 0x96, 0x48, 0x11, 0x8A, 0x20, 0x0A, 0x0A, 0xD7, 0x54, 0xFE,
    0x01, 0x67, 0xF2, 0x82, 0x34, 0xAE, 0x78, 0x44, 0x3E, 0x80, 0x72, 0x7E, 0x42, 0xFE, 0xC1, 0x17,
    0x20, 0xE7, 0x9E, 0xC6, 0x4F, 0x70, 0x91, 0x07, 0xB8, 0x30, 0x52, 0x10, 0x8E, 0x97, 0x99, 0x73,
    0x12, 0x25, 0x42, 0x14, 0x08, 0xB1, 0xD6, 0xCE, 0xDA, 0x77, 0xF6, 0x79, 0x66, 0xF6, 0x4E, 0x24,
    0xC8, 0x84, 0x91, 0xEE, 0x7C, 0x71, 0xCA, 0xC7, 0x40, 0xB5, 0x44, 0x89, 0xB6, 0x93, 0x8A, 0xA5,
    0x89, 0x6B, 0x0E, 0xE2, 0x3A, 0xC6, 0x75, 0x3E, 0x0F, 0xF2, 0x5C, 0xAC, 0xB6, 0x63, 0xD5, 0x43,
    0xB9, 0xD5, 0x22, 0x70, 0xAD, 0x44, 0x2A, 0x62, 0xEA, 0x7F, 0x2B, 0xB6, 0x92, 0x10, 0x2C, 0x5D,
    0x09, 0x9A, 0xA5, 0x90, 0xA8, 0xBE, 0x3F, 0x92, 0xB6, 0x55, 0xED, 0x41, 0x2D, 0x51, 0xDD, 0xA2,
    0x84, 0xAA, 0x2B, 0x32, 0x1D, 0xCD, 0x3D, 0xE1, 0xA9, 0xF8, 0x31, 0xCA, 0x9A, 0x68, 0x4B, 0xC1,
    0xDA, 0x01, 0xCD, 0x03, 0x75, 0xDF, 0xCB, 0x12, 0x78, 0x85, 0xEB, 0x2C, 0x16, 0x1D, 0xE5, 0xB8,
    0x2E, 0xD4, 0x03, 0x8E, 0x3B, 0x49, 0x5B, 0x89, 0x3B, 0x49, 0x7E, 0x85, 0x3B, 0x8F, 0xBD, 0x18,
    0x9A, 0x33, 0x53, 0x22, 0xB9, 0xC2, 0xE6, 0x37, 0x10, 0xB7, 0xBB, 0x31, 0x70, 0xE4, 0xFB, 0x70,
    0xD9, 0x83, 0x34, 0x26, 0xB3, 0x18, 0x50, 0x4C, 0xF4, 0x59, 0x0B, 0xFC, 0xD0, 0x14, 0xD0, 0xEE,
    0x21, 0xCD, 0x4C, 0x23, 0x23, 0x31, 0x5B, 0xAF, 0x60, 0x45, 0x31, 0xD0, 0x8C, 0x97, 0x1B, 0x7E,
    0x86, 0x5B, 0xF4, 0x01, 0x0B, 0x2D, 0x28, 0x34, 0xD4, 0x0A, 0xAA, 0x5D, 0x6D, 0x68, 0x1D, 0xA1,
    0x32, 0xB4, 0xCD, 0x6C, 0x62, 0x2D, 0x0D, 0x96, 0x17, 0x40, 0x87, 0xA6, 0x69, 0x75, 0x74, 0x89,
    0x1E, 0x71, 0xE9, 0x88, 0xAE, 0xC4, 0x84, 0x88, 0x2E, 0x85, 0x1E, 0xE8, 0x5A, 0xC4, 0x9D, 0x10,
    0x97, 0x7E, 0x3B, 0x0C, 0x11, 0x78, 0x9E, 0x5A, 0xA7, 0x48, 0x53, 0x4F, 0x6A, 0x5B, 0x8E, 0x2B,
    0xB4, 0x48, 0xEC, 0x07, 0xFE, 0xA8, 0x1B, 0xB6, 0x83, 0x62, 0x2A, 0xD0, 0x05, 0x47, 0xD7, 0xDC,
    0xC1, 0xC1, 0xA5, 0x24, 0x8D, 0x13, 0xD3, 0xB8, 0x4F, 0xAD, 0x1C, 0xE6, 0x2D, 0x3B, 0x96, 0xEF,
    0x17, 0x4C, 0x0A, 0x52, 0xF5, 0xED, 0xF6, 0x35, 0x29, 0xF7, 0x63, 0x98, 0x7B, 0xF2, 0x6D, 0xC2,
    0xEE, 0x43, 0x58, 0x7A, 0x78, 0x02, 0xA2, 0xC5, 0x9A, 0xB0, 0x5C, 0x12, 0xA6, 0x00, 0xA8, 0x57,
    0x7C, 0xF8, 0x17, 0x48, 0xC9, 0xCC, 0xE8, 0x6E, 0x0F, 0x27, 0xB1, 0x26, 0xD0, 0xEB, 0xC0, 0x1F,
    0x19, 0xF5, 0xA7, 0x87, 0xF0, 0x4A, 0xA0, 0x89, 0x41, 0xC3, 0x3B, 0x4E, 0x5E, 0xC0, 0xB8, 0xFE,
    0x3C, 0x61, 0x17, 0xFB, 0xEC, 0xF3, 0xA6, 0xCF, 0xBF, 0xCD, 0xFF, 0x98, 0x3A, 0xE3, 0xEE, 0xC9,
    0x68, 0xBB, 0x58, 0x0C, 0x0C, 0xFB, 0x66, 0xB0, 0xC7, 0xF1, 0x30, 0x20, 0x2D, 0xED, 0xCA, 0x86,
    0xB1, 0x17, 0x64, 0x3B, 0xD8, 0xF6, 0x05, 0x6D, 0x51, 0x3B, 0x4E, 0x03, 0x31, 0x10, 0x7D, 0x1B,
    0x08, 0x0E, 0xD9, 0xC2, 0x14, 0xA1, 0x81, 0x62, 0x1B, 0x2A, 0x0A, 0x7C, 0x01, 0xC8, 0x58, 0x9C,
    0x20, 0x05, 0xA9, 0xE1, 0x22, 0x60, 0x77, 0x69, 0x39, 0x44, 0x8E, 0x91, 0xC8, 0x96, 0x72, 0x81,
    0x3D, 0x82, 0xD3, 0x52, 0x6D, 0x11, 0x41, 0x22, 0xED, 0x66, 0x18, 0x2F, 0x4D, 0x0A, 0xEC, 0x19,
    0xC9, 0xF2, 0xFC, 0xDE, 0x9B, 0x37, 0x02, 0x8C, 0x85, 0x4B, 0x08, 0x2D, 0x34, 0xDB, 0x82, 0x23,
    0x8C, 0xC7, 0x00, 0xD9, 0x74, 0x94, 0x40, 0xC1, 0x4D, 0xC9, 0x96, 0xF6, 0xA8, 0x3C, 0x2E, 0x01,
    0x0C, 0xC5, 0x83, 0x64, 0x70, 0x42, 0xC9, 0x7B, 0x98, 0x9F, 0x23, 0x9C, 0x77, 0xFE, 0x11, 0x1A,
    0xFD, 0xB1, 0x80, 0xEA, 0x54, 0xAC, 0x98, 0x23, 0x31, 0xFB, 0x69, 0xC9, 0x38, 0xC7, 0x12, 0xD7,
    0xF3, 0x19, 0x73, 0xF3, 0x67, 0x13, 0x4C, 0xD6, 0x68, 0xDD, 0xF3, 0x9E, 0x78, 0x57, 0x71, 0x52,
    0x2C, 0x35, 0x82, 0x22, 0xD4, 0x9C, 0xB8, 0x76, 0x71, 0x88, 0xB1, 0xBD, 0x07, 0xC5, 0x60, 0xA9,
    0x66, 0x9F, 0xDD, 0x78, 0xD7, 0xF7, 0xBE, 0x59, 0x82, 0x18, 0x0F, 0x92, 0x4F, 0x1E, 0xCE, 0xAA,
    0x23, 0xD4, 0x0E, 0x2A, 0xF5, 0xB1, 0x99, 0xC0, 0x81, 0x91, 0xA1, 0x65, 0xFD, 0xAE, 0xD2, 0x87,
    0xAA, 0xE9, 0x55, 0x40, 0xD8, 0xC1, 0x01, 0x17, 0x78, 0x2B, 0x53, 0xA7, 0xB7, 0x5D, 0xB5, 0x69,
    0x69, 0xD1, 0xB8, 0x32, 0xAD, 0x75, 0x1C, 0x15, 0x79, 0x28, 0x9E, 0x04, 0x76, 0x86, 0x6F, 0xBE,
    0xA5, 0x97, 0xD0, 0x29, 0x84, 0x96, 0x7C, 0x00, 0x13, 0x48, 0xDD, 0xA7, 0x2B, 0x1B, 0x5A, 0xEC,
    0xCC, 0x66, 0xAF, 0xB7, 0xAD, 0x6A, 0xBA, 0x41, 0x43, 0xF0, 0x77, 0x12, 0x53, 0xEC, 0x05, 0xB8,
    0xC0, 0x77, 0x83, 0x76, 0x85, 0xB6, 0x67, 0x7D, 0x16, 0xCB, 0x58, 0x79, 0x92, 0xEA, 0x10, 0x43,
    0x24, 0x3F, 0x44, 0xE1, 0x75, 0xD2, 0x4D, 0xBE, 0xA1, 0x0E, 0xF6, 0xE5, 0x3F, 0x8A, 0x99, 0x5E,
    0x3C, 0xA5, 0x98, 0x17, 0xE1, 0xA2, 0xAB, 0x29, 0x9A, 0x68, 0xEC, 0x14, 0x2B, 0x5C, 0x65, 0x1D,
    0x74, 0x0D, 0xDD, 0x61, 0xDC, 0x33, 0xBF, 0x22, 0xEF, 0x18, 0xA1, 0xC3, 0x70, 0x06, 0xDC, 0x02,
    0x6C, 0xD5, 0x21, 0xE7, 0x88, 0x8E, 0x24, 0xF6, 0x25, 0x5B, 0xC8, 0x52, 0xE2, 0x05, 0xFF, 0x2E,
    0xFA, 0x54, 0x89, 0xEB, 0xF9, 0xDC, 0x8A, 0x4A, 0x0D, 0xFD, 0xBD, 0x67, 0xBF, 0xD5, 0x5A, 0x3D,
    0x93, 0xE4, 0xD6, 0x75, 0x7D, 0xDD, 0x60, 0x4F, 0xDB, 0x44, 0x00, 0x95, 0x6B, 0x57, 0x72, 0x69,
    0x02, 0x38, 0xD5, 0x6E, 0x80, 0x7F, 0x60, 0x80, 0x56, 0x95, 0x53, 0x6D, 0xB0, 0xC3, 0x0D, 0x36,
    0x50, 0xE2, 0xC0, 0x1F, 0xC1, 0xFC, 0x03, 0x02, 0xA4, 0x42, 0x27, 0xE3, 0xC0, 0x4E, 0x14, 0x98,
    0x01, 0x03, 0xD7, 0x6C, 0x30, 0xBF, 0x40, 0x7C, 0xA8, 0x72, 0xA0, 0x2A, 0x29, 0x70, 0x5B, 0x55,
    0xB4, 0x43, 0xC3, 0xF2, 0xB0, 0xCA, 0x96, 0x02, 0xA3, 0x44, 0xC8, 0x85, 0x59, 0x02, 0x78, 0x3E,
    0xE7, 0x5C, 0xA0, 0xA7, 0x67, 0x66, 0x77, 0x49, 0x16, 0xB5, 0x22, 0x39, 0xD5, 0x73, 0xEE, 0xEB,
    0x6E, 0xE0, 0xBD, 0x87, 0xF7, 0xEE, 0xC7, 0xB9, 0xF7, 0xB5, 0xFB, 0x43, 0x87, 0xBF, 0xB4, 0x06,
    0xE4, 0x3D, 0x21, 0x54, 0xCE, 0x6D, 0x43, 0x8B, 0x66, 0xD6, 0x00, 0x56, 0x95, 0xD3, 0xDF, 0xFD,
    0x93, 0x93, 0x93, 0x22, 0xE0, 0xAF, 0x16, 0xA4, 0x84, 0xED, 0xE8, 0x92, 0x3D, 0x1C, 0x55, 0x00,
    0xDC, 0x7A, 0x0D, 0xE1, 0xFC, 0x03, 0x40, 0xE8, 0x17, 0xE0, 0xDB, 0x5B, 0x97, 0x8C, 0x6E, 0x55,
    0x00, 0xB6, 0x0D, 0x20, 0x6E, 0xB6, 0xD3, 0xC9, 0x0F, 0x9B, 0x12, 0x3D, 0x37, 0x61, 0x0F, 0xEE,
    0x2F, 0xDD, 0x07, 0x6E, 0x15, 0xA2, 0xC1, 0xAD, 0x43, 0x34, 0xB2, 0x85, 0x1B, 0xC7, 0x75, 0xEF,
    0xAE, 0xFF, 0xBE, 0xAA, 0xA9, 0x71, 0xDC, 0x13, 0xE7, 0xF8, 0x69, 0xB8, 0x23, 0x5C, 0xA8, 0xF2,
    0xBD, 0x78, 0xC7, 0xC4, 0x3D, 0x88, 0x0D, 0x67, 0x1C, 0x6C, 0x51, 0x17, 0xF1, 0xE3, 0x70, 0x46,
    0xC1, 0xA9, 0x48, 0x4C, 0x14, 0x57, 0xA7, 0x41, 0x97, 0x44, 0xA1, 0xA0, 0x58, 0xF1, 0xE2, 0xBD,
    0x70, 0xCB, 0x3B, 0x7D, 0xB7, 0x36, 0x11, 0xE3, 0x86, 0x34, 0xBC, 0x1B, 0x46, 0xEE, 0xE2, 0xBB,
    0xEC, 0x8C, 0x62, 0xA7, 0x31, 0xBE, 0x25, 0xE4, 0x78, 0x5B, 0xEE, 0x6A, 0xD9, 0x71, 0x11, 0x7A,
    0x5E, 0x8F, 0xCF, 0x12, 0xBC, 0x73, 0x47, 0x9F, 0xB1, 0x9C, 0xE9, 0xCD, 0x35, 0xDD, 0x14, 0x77,
    0x17, 0xEC, 0x0B, 0x42, 0x89, 0xDD, 0xC5, 0xE3, 0x76, 0x33, 0xB8, 0xD5, 0xC5, 0xFF, 0x70, 0x42,
    0xE1, 0xD2, 0xF9, 0x10, 0x86, 0x35, 0xC6, 0x1D, 0xE2, 0x50, 0x6D, 0x87, 0x64, 0x74, 0xEB, 0x21,
    0xEB, 0xDD, 0xAA, 0xCF, 0xA1, 0x96, 0x1F, 0x10, 0x5C, 0xC9, 0xA7, 0xF0, 0xCF, 0xB1, 0x6F, 0x9E,
    0x37, 0x1B, 0xF0, 0xAD, 0xBE, 0x28, 0x79, 0x89, 0xAE, 0x93, 0x4E, 0xA7, 0x18, 0xED, 0x5B, 0x49,
    0x28, 0x56, 0xED, 0x16, 0xCB, 0x3A, 0xAC, 0xB4, 0xD2, 0xD8, 0xA8, 0x9D, 0x8B, 0xC3, 0x15, 0x9F,
    0x18, 0xFF, 0x6F, 0x4E, 0x67, 0x5A, 0xFB, 0x02, 0x1A, 0x11, 0xAA, 0x24, 0x3C, 0x0B, 0x55, 0xD6,
    0xB9, 0xBC, 0xCA, 0x1B, 0x83, 0xAC, 0x40, 0x7F, 0x1B, 0xEB, 0x2F, 0xE3, 0x7E, 0x25, 0xDC, 0x26,
    0x5C, 0xDC, 0xF2, 0x36, 0x34, 0xE3, 0xC0, 0x5D, 0x38, 0x0D, 0xB0, 0xA4, 0x75, 0xD8, 0xDD, 0xC3,
    0xEC, 0x1A, 0x6C, 0x79, 0x2E, 0xD8, 0xE5, 0x85, 0xF3, 0x75, 0x7E, 0xB9, 0x0D, 0x75, 0x4E, 0xF5,
    0x00, 0x0C, 0xEE, 0x98, 0x13, 0x70, 0x9B, 0x47, 0x5C, 0xF1, 0x47, 0xE8, 0x07, 0xAF, 0x34, 0x48,
    0xE5, 0xBE, 0xE0, 0xAB, 0x0C, 0x3B, 0xBB, 0xFD, 0x7B, 0x30, 0x16, 0xFF, 0x56, 0x70, 0xE1, 0x3D,
    0xFB, 0x2F, 0xDD, 0xB8, 0x37, 0x92, 0xCD, 0xC9, 0x63, 0x0C, 0x3B, 0xE8, 0x7F, 0x8B, 0x81, 0xA9,
    0x3A, 0x5F, 0xF6, 0x3F, 0xC5, 0xA2, 0x2F, 0x7D, 0xAE, 0xA0, 0x34, 0x58, 0x8D, 0x8A, 0xFF, 0x2B,
    0x8F, 0x55, 0xCD, 0xDA, 0xDF, 0xDD, 0x3F, 0xB7, 0x12, 0x7B, 0xB0, 0xC2, 0xBC, 0x73, 0x2C, 0x70,
    0x89, 0xB1, 0x4B, 0x3C, 0xDA, 0xFD, 0x62, 0x56, 0xD7, 0xC7, 0xCE, 0x99, 0xE5, 0x0D, 0x37, 0x1A,
    0xC7, 0x72, 0x20, 0xF8, 0x8B, 0x7A, 0xC7, 0x7D, 0x39, 0x6C, 0x74, 0xB7, 0x1B, 0xDB, 0xBB, 0x8D,
    0x56, 0x0A, 0xB1, 0x34, 0x30, 0x87, 0x58, 0x8D, 0xC1, 0x1A, 0x75, 0x8A, 0x5D, 0x4F, 0xD8, 0xD8,
    0xC2, 0xF0, 0x92, 0x06, 0x8D, 0x88, 0x16, 0xB8, 0x34, 0xF2, 0xDD, 0xDC, 0x28, 0x6B, 0x6B, 0xFC,
    0x51, 0x60, 0x23, 0x99, 0xF0, 0x0C, 0x85, 0x0B, 0x1F, 0xF9, 0x01, 0x33, 0xD5, 0x1C, 0xA1, 0xBA,
    0x23, 0x94, 0x2A, 0xF0, 0xFB, 0x8E, 0x8D, 0x7E, 0x7E, 0x36, 0x33, 0xC7, 0x47, 0x1B, 0xBA, 0x19,
    0x8C, 0xDC, 0x26, 0xE6, 0x1A, 0x96, 0x06, 0xD4, 0xE5, 0x08, 0xD6, 0x62, 0xE6, 0xE4, 0xEB, 0x2F,
    0xDC, 0xA0, 0x7D, 0x87, 0xA9, 0x98, 0x1B, 0x78, 0xC0, 0xB9, 0x01, 0x0D, 0x99, 0x4E, 0x4E, 0xC2,
    0x47, 0xF0, 0x40, 0x76, 0x71, 0xB4, 0x34, 0xD6, 0x52, 0x50, 0x34, 0x56, 0x77, 0x1A, 0xFB, 0xAF,
    0xB6, 0xF3, 0xC5, 0x1F, 0x7B, 0xA9, 0x66, 0x2C, 0x6B, 0xD3, 0x9C, 0xA9, 0xF0, 0xD6, 0xB8, 0xB2,
    0x7D, 0x7B, 0x95, 0xF7, 0x2C, 0xBF, 0xB0, 0xF7, 0x1C, 0x0E, 0xBC, 0xE7, 0xF3, 0xBD, 0xF7, 0x7C,
    0x81, 0xDB, 0x7C, 0x89, 0xA8, 0xB1, 0xA0, 0x7D, 0x8C, 0xC9, 0x42, 0x9F, 0x53, 0x53, 0xEB, 0x54,
    0x9D, 0xFE, 0x09, 0xC7, 0x59, 0x29, 0xE4, 0xD0, 0x95, 0x40, 0x0F, 0x27, 0x2D, 0x1F, 0x75, 0x2B,
    0x92, 0x89, 0x2D, 0x51, 0xD2, 0xF6, 0xEB, 0x3E, 0xFD, 0x67, 0xEB, 0x69, 0x96, 0x0D, 0x10, 0xDB,
    0x04, 0x55, 0xA1, 0xE3, 0xEC, 0x89, 0x50, 0x68, 0x20, 0xB4, 0x03, 0x88, 0x31, 0xB7, 0xE3, 0x2A,
    0x70, 0x53, 0x22, 0xB9, 0x93, 0x8B, 0x41, 0xFB, 0x22, 0xF7, 0x4C, 0x35, 0xC0, 0x27, 0xA3, 0xBE,
    0xD5, 0x35, 0x7C, 0x0C, 0xDE, 0xA5, 0x7B, 0x73, 0xF5, 0x93, 0xA9, 0xCF, 0x44, 0x8E, 0x00, 0x17,
    0x61, 0xC1, 0x33, 0x86, 0xA7, 0x36, 0x0F, 0xBD, 0x21, 0x17, 0x4E, 0x7F, 0xB9, 0x69, 0x94, 0x6F,
    0x6C, 0xD9, 0x26, 0x67, 0x26, 0x22, 0x55, 0x77, 0xA5, 0x3D, 0xC0, 0xD1, 0x61, 0x54, 0x7D, 0xB4,
    0x52, 0x20, 0x68, 0x23, 0x98, 0xF4, 0x2C, 0xF0, 0x28, 0x34, 0x6E, 0xEE, 0xAF, 0x0D, 0xEF, 0xBC,
    0xC4, 0x3A, 0x48, 0x6C, 0x4D, 0xA4, 0x26, 0x4A, 0x13, 0x41, 0x0F, 0x1C, 0x8D, 0x12, 0x49, 0x27,
    0x91, 0xEF, 0x24, 0xE0, 0x63, 0xA9, 0x74, 0x93, 0xD6, 0x04, 0x53, 0x95, 0x68, 0x4D, 0xD4, 0x26,
    0xDC, 0xBC, 0x5E, 0x14, 0x78, 0xB8, 0x35, 0xF4, 0xF5, 0xE6, 0x94, 0xE6, 0xE9, 0x66, 0x3B, 0x58,
    0x32, 0x2E, 0x82, 0xAD, 0x62, 0x9D, 0x61, 0x96, 0x5C, 0xC0, 0x9A, 0x7B, 0x15, 0xE4, 0xFE, 0x1E,
    0x2D, 0xCF, 0x75, 0x42, 0x7B, 0x7A, 0x2C, 0x35, 0x1C, 0x0C, 0xB3, 0x50, 0xC0, 0x63, 0x73, 0xA8,
    0x50, 0x20, 0xDA, 0x62, 0x3B, 0x56, 0xB0, 0x57, 0xAC, 0x0F, 0x70, 0x60, 0xA8, 0x89, 0x19, 0x4A,
    0x5B, 0xF6, 0x99, 0x76, 0x29, 0xFB, 0x1F, 0xB0, 0x7B, 0x7C, 0x0A, 0xF4, 0x1F, 0x05, 0x5F, 0xED,
    0x47, 0xB1, 0x45, 0xF5, 0x72, 0x3E, 0xB9, 0x30, 0xEB, 0x84, 0x0C, 0x45, 0x7F, 0xE7, 0x77, 0xBA,
    0xB0, 0x62, 0x80, 0xE0, 0xE5, 0x91, 0xE2, 0xBD, 0xFB, 0xEB, 0x6A, 0xB1, 0x72, 0x9B, 0xD5, 0x68,
    0x68, 0xC6, 0xCD, 0x27, 0x57, 0xF8, 0x7D, 0x5D, 0x48, 0x43, 0xAF, 0x65, 0x76, 0xBD, 0x6C, 0x7F,
    0x34, 0x94, 0x67, 0x73, 0x7B, 0x6C, 0x0E, 0x50, 0x84, 0x22, 0x16, 0xAE, 0xA4, 0x52, 0x9B, 0xBF,
    0xD0, 0x33, 0xDA, 0x53, 0xCB, 0x1C, 0x4A, 0xAD, 0x83, 0xAD, 0xC9, 0x44, 0x0F, 0xBA, 0x1E, 0xF8,
    0xD8, 0xD1, 0x40, 0xBF, 0xB3, 0xED, 0xB9, 0x7A, 0x71, 0x0B, 0x87, 0x8E, 0xEE, 0xB9, 0x34, 0x69,
    0x93, 0x62, 0x99, 0xF2, 0x3A, 0x19, 0x16, 0xF4, 0xBF, 0xA2, 0xDA, 0xCB, 0x19, 0xAC, 0x84, 0xEB,
    0x70, 0x8E, 0x88, 0x8C, 0xED, 0xC0, 0xD6, 0x6C, 0x07, 0xCE, 0x1C, 0xC6, 0xE4, 0x02, 0x28, 0x19,
    0xA2, 0x0E, 0xE6, 0x5C, 0xC3, 0x23, 0x1A, 0x7E, 0x26, 0x1B, 0x14, 0x2C, 0x3C, 0xC4, 0x0C, 0x19,
    0xFE, 0x48, 0x61, 0x9F, 0x40, 0xBE, 0xE7, 0x5B, 0x59, 0x16, 0x55, 0x99, 0x90, 0x0C, 0x32, 0xDE,
    0xE5, 0xB3, 0xB2, 0xDD, 0x4E, 0x4F, 0x83, 0xD8, 0x60, 0x2D, 0x7F, 0x03, 0x38, 0xA3, 0x3F, 0x2B,
    0xDC, 0xF2, 0xD6, 0xC6, 0xDD, 0x77, 0x95, 0xAB, 0xBF, 0x4E, 0xC6, 0xBF, 0xBC, 0xF5, 0xD0, 0xB8,
    0x67, 0x1A, 0x52, 0x2C, 0x14, 0x0E, 0x02, 0x6F, 0x9B, 0xE5, 0x3A, 0x1B, 0x92, 0x10, 0xEF, 0x5B,
    0xD9, 0xB0, 0x9D, 0xDE, 0x0E, 0xDD, 0x9E, 0x85, 0xC2, 0x02, 0xE0, 0xFD, 0xBF, 0x32, 0xBA, 0x46,
    0xFF, 0xFD, 0x68, 0xAD, 0xC0, 0x61, 0x08, 0xF2, 0x43, 0xED, 0x4E, 0x76, 0x74, 0x56, 0x2F, 0xC3,
    0xF4, 0x10, 0x15, 0x1E, 0xB3, 0x03, 0xCC, 0x0D, 0x2B, 0x85, 0xCD, 0x82, 0xE8, 0xE9, 0xD5, 0x5C,
    0x20, 0xAE, 0xE5, 0xE1, 0xBE, 0x33, 0x9E, 0x3C, 0x09, 0x8F, 0x2C, 0x4E, 0xDD, 0xC0, 0x82, 0x0A,
    0x46, 0x95, 0x5B, 0x0B, 0x57, 0xC3, 0x24, 0x94, 0x42, 0x0E, 0x52, 0xCE, 0x41, 0x3C, 0xE1, 0xDE,
    0x57, 0x95, 0x2F, 0x6C, 0x18, 0x19, 0x18, 0x1C, 0x92, 0xD0, 0xE7, 0xF4, 0xCD, 0xCD, 0xD2, 0x80,
    0x5B, 0x43, 0xD8, 0x2C, 0x8E, 0xA7, 0x42, 0x81, 0xD4, 0xC9, 0xE1, 0x34, 0x68, 0xC8, 0xE7, 0x60,
    0x79, 0x9D, 0x4C, 0x06, 0x9C, 0x98, 0x64, 0x02, 0x31, 0x07, 0x0D, 0x3D, 0x63, 0x58, 0x87, 0xB5,
    0xD9, 0xDA, 0xAF, 0xC3, 0x33, 0x33, 0xC0, 0x60, 0xBB, 0xA3, 0x50, 0xDA, 0x2F, 0x5F, 0x71, 0x86,
    0xB8, 0x34, 0x70, 0x2D, 0xA1, 0xF4, 0xBC, 0xBD, 0xA6, 0x1F, 0x43, 0x83, 0x5E, 0x29, 0xD3, 0x10,
    0x2D, 0x7D, 0x1D, 0x07, 0x95, 0x7D, 0x71, 0x1A, 0x93, 0x96, 0x9D, 0x8B, 0x5F, 0x20, 0xAA, 0xA4,
    0x7C, 0x41, 0xFD, 0x30, 0xE1, 0x36, 0x0B, 0xFD, 0xBE, 0xE1, 0xBE, 0x0B, 0xEE, 0x1C, 0xD3, 0x69,
    0x30, 0xC4, 0x17, 0xC9, 0x74, 0x01, 0x43, 0x04, 0x31, 0xD8, 0x25, 0x35, 0x7A, 0x07, 0x94, 0xBB,
    0x0D, 0x08, 0x1B, 0x3D, 0x86, 0xB1, 0xE3, 0x02, 0x17, 0xD2, 0xC3, 0x50, 0xA1, 0xC4, 0x64, 0xDE,
    0x7C, 0xA6, 0x30, 0xA4, 0x5C, 0x25, 0x6F, 0x6F, 0xC1, 0x1B, 0xB4, 0xF3, 0xE4, 0xE3, 0xA7, 0xA1,
    0x26, 0x45, 0x2A, 0x72, 0x0E, 0x74, 0x24, 0x62, 0xB7, 0x79, 0xFC, 0x8D, 0x0B, 0x53, 0xD8, 0xD1,
    0x35, 0xF7, 0x29, 0xE9, 0x22, 0x6E, 0x4E, 0x3C, 0x6E, 0x3B, 0x45, 0x02, 0xE3, 0xA9, 0xDE, 0xAE,
    0xDB, 0x3C, 0xFE, 0xE6, 0x85, 0xE1, 0xAF, 0x1D, 0xED, 0xB1, 0xBC, 0xC0, 0x72, 0x01, 0x43, 0x4B,
    0x07, 0x2C, 0x05, 0xB8, 0x81, 0x22, 0xFC, 0xDB, 0xBB, 0x48, 0x6E, 0x6F, 0x54, 0x7F, 0xC6, 0xC4,
    0xB0, 0x11, 0x57, 0x14, 0x8A, 0xE4, 0x1B, 0xC3, 0xFF, 0xB6, 0xE8, 0xBD, 0xB8, 0x3D, 0x02, 0x2A,
    0xB9, 0x24, 0x08, 0x30, 0x38, 0xA4, 0x25, 0x49, 0xC6, 0xE7, 0xB1, 0x44, 0xC8, 0x94, 0x1E, 0x93,
    0x99, 0x44, 0x74, 0x5C, 0xCC, 0x40, 0x07, 0xEE, 0x53, 0x42, 0x02, 0x82, 0x25, 0x67, 0x38, 0x23,
    0x01, 0x85, 0xE0, 0xB4, 0x8B, 0xAD, 0xE2, 0x49, 0xB1, 0xFD, 0x34, 0xAC, 0x46, 0x88, 0xAB, 0xF0,
    0x7D, 0x38, 0xBA, 0x6D, 0x1F, 0x7E, 0xDA, 0x51, 0x94, 0x3F, 0x6F, 0x29, 0xE0, 0x40, 0x28, 0x52,
    0x38, 0x34, 0x08, 0x24, 0xBA, 0x14, 0x31, 0x6C, 0x1C, 0x02, 0xFC, 0x94, 0x02, 0x4A, 0x47, 0x41,
    0x23, 0xBB, 0x25, 0x4A, 0x2C, 0x6E, 0x1C, 0xBA, 0x20, 0xFA, 0x3B, 0xCC, 0xC2, 0xB4, 0x8E, 0x64,
    0x1D, 0x76, 0xBD, 0x08, 0x69, 0x5D, 0x67, 0x5A, 0xD7, 0x7C, 0x2E, 0x11, 0xCE, 0xCF, 0x7D, 0x63,
    0x59, 0xC5, 0x1D, 0xF1, 0xF9, 0x7B, 0x31, 0x81, 0x2D, 0x3E, 0xD2, 0x62, 0x1C, 0x4E, 0xC9, 0xAD,
    0x2E, 0x2E, 0x95, 0x08, 0xD1, 0x7F, 0xA8, 0x08, 0xB0, 0x16, 0x7B, 0x89, 0xE1, 0x86, 0x02, 0xD5,
    0x03, 0xFC, 0x3F, 0x23, 0x51, 0xA8, 0xE9, 0x4C, 0x90, 0x91, 0xCB, 0xC7, 0xB1, 0x46, 0x90, 0xB7,
    0x86, 0xFE, 0x25, 0x58, 0xEA, 0x4A, 0xDD, 0xB5, 0xCB, 0x19, 0xF3, 0xEA, 0x8C, 0x25, 0xA8, 0x2A,
    0x61, 0xA0, 0xC6, 0xEB, 0xA3, 0x72, 0xD4, 0x58, 0x9D, 0xC6, 0xA5, 0x77, 0x0E, 0x8A, 0x34, 0xDC,
    0x67, 0xA5, 0x36, 0x27, 0x96, 0x5D, 0x19, 0x32, 0xC6, 0x18, 0x99, 0xF3, 0xF5, 0xEB, 0x46, 0xE5,
    0x5C, 0x57, 0x96, 0x24, 0x1A, 0x2E, 0xD4, 0x64, 0x14, 0x35, 0x29, 0x38, 0x99, 0x1D, 0xED, 0x49,
    0x5C, 0x84, 0x6C, 0x23, 0xED, 0x16, 0xAA, 0x23, 0x10, 0x03, 0x11, 0x49, 0x01, 0x21, 0x09, 0x9E,
    0xB1, 0x29, 0x84, 0x7D, 0xE8, 0x2B, 0x5E, 0x45, 0x11, 0x2E, 0xC9, 0x0E, 0xFA, 0x19, 0xDC, 0xCA,
    0x5F, 0x6A, 0x73, 0x1A, 0xAE, 0x51, 0x1F, 0x31, 0x22, 0xB1, 0xA2, 0xD3, 0x73, 0x63, 0x3A, 0xEC,
    0x4B, 0xD4, 0x61, 0x81, 0x57, 0xDD, 0x41, 0x45, 0xE7, 0x65, 0x70, 0xAB, 0xA2, 0x93, 0xCD, 0x15,
    0x9D, 0x35, 0x2B, 0x3A, 0xBE, 0xB7, 0x8D, 0x28, 0x83, 0x54, 0xB9, 0xB7, 0x8A, 0x8E, 0x36, 0x81,
    0x86, 0x3F, 0x1D, 0x00, 0xF2, 0xBC, 0x0F, 0x09, 0xEF, 0x30, 0xA7, 0x7C, 0x87, 0x19, 0xE5, 0xBD,
    0x39, 0x91, 0xFC, 0x12, 0x90, 0x59, 0xA9, 0x6D, 0x34, 0xF8, 0x7A, 0xE6, 0x17, 0xDC, 0x91, 0xFA,
    0x40, 0xF8, 0x20, 0x7F, 0x14, 0xEB, 0x76, 0xF7, 0xC3, 0xAB, 0x42, 0x65, 0x2D, 0xF6, 0xBF, 0x36,
    0xFB, 0x4C, 0xC2, 0x8F, 0xAF, 0x30, 0x50, 0xD6, 0xC7, 0x1D, 0x68, 0x40, 0xDE, 0xC6, 0x1D, 0xDD,
    0xEC, 0x2E, 0xEE, 0x10, 0xBE, 0x7D, 0x1D, 0x77, 0xF0, 0xC9, 0x01, 0xC2, 0xED, 0xC5, 0xFC, 0xA1,
    0xD7, 0x25, 0xCB, 0x0D, 0xD9, 0x10, 0x77, 0xE9, 0xC0, 0xCE, 0x9E, 0xCF, 0xB6, 0xC9, 0xE1, 0xB3,
    0x99, 0x99, 0x1C, 0x5B, 0x15, 0x37, 0x36, 0x31, 0x07, 0xBF, 0x79, 0x82, 0xE7, 0xE7, 0x15, 0xF7,
    0xF0, 0x31, 0xBC, 0x65, 0xAE, 0xAC, 0xDC, 0x30, 0x0E, 0xBB, 0x15, 0x5F, 0x35, 0xF9, 0x8F, 0x6F,
    0x99, 0x7D, 0xE7, 0x3D, 0x3B, 0x48, 0x07, 0xAE, 0x5C, 0x1C, 0x6C, 0xCD, 0xF4, 0x74, 0xB6, 0x5A,
    0xE5, 0xC1, 0x6A, 0x69, 0x59, 0xD6, 0x5A, 0xA2, 0xED, 0x40, 0xA3, 0x4D, 0x64, 0xE7, 0x08, 0x83,
    0xE8, 0xC1, 0x57, 0x09, 0xEB, 0xCB, 0x34, 0xEF, 0x88, 0xB6, 0x0D, 0xBA, 0x81, 0x40, 0x0B, 0x9A,
    0x83, 0xC6, 0x60, 0x68, 0x59, 0x9A, 0xD5, 0x30, 0xC6, 0x45, 0xCC, 0x55, 0x18, 0xCB, 0xA7, 0x7E,
    0x8F, 0x42, 0x25, 0x1A, 0xAB, 0x98, 0x84, 0x22, 0xDC, 0x10, 0xB6, 0xE1, 0x73, 0xBE, 0x6F, 0xA2,
    0x2C, 0x0E, 0x8B, 0x00, 0xB3, 0xC8, 0x4C, 0x6C, 0xAC, 0x68, 0xF1, 0xC8, 0x87, 0xB6, 0x0C, 0x9D,
    0x21, 0x9E, 0xEA, 0x38, 0x54, 0x16, 0x5D, 0x5F, 0x80, 0x62, 0x86, 0x91, 0xE1, 0xFC, 0xDA, 0x9D,
    0x2E, 0xC9, 0x1A, 0xAD, 0x5D, 0xB5, 0xE8, 0x4F, 0xB9, 0xDE, 0x8F, 0x45, 0x3A, 0xDD, 0xAB, 0xD1,
    0x8B, 0x00, 0x19, 0x75, 0x05, 0x62, 0x32, 0xF0, 0x59, 0xC6, 0x7B, 0x44, 0x9F, 0xAD, 0xC2, 0x09,
    0x24, 0xAD, 0xC8, 0xA6, 0xE2, 0x54, 0xCC, 0x22, 0x1E, 0x48, 0x56, 0xBF, 0x2E, 0x0D, 0x50, 0x7E,
    0xBC, 0x86, 0x79, 0x4B, 0x2C, 0x3F, 0xD3, 0xDF, 0x6E, 0xDF, 0xF8, 0x06, 0x3F, 0xD7, 0x58, 0x2C,
    0xCF, 0xD5, 0x85, 0x3B, 0x8D, 0x85, 0xDC, 0x2E, 0x8D, 0x78, 0x69, 0x6C, 0x97, 0x46, 0x74, 0xA7,
    0xB1, 0x5E, 0x1A, 0x0E, 0xBA, 0xC7, 0x12, 0x6E, 0xA9, 0x12, 0xDE, 0x1E, 0x77, 0x56, 0x00, 0x5C,
    0xF0, 0x1D, 0xE1, 0xBD, 0xB9, 0xEC, 0x37, 0xE3, 0xDF, 0x3F, 0xB2, 0x9A, 0x5F, 0xE5, 0xE6, 0x0A,
    0xAD, 0x95, 0x01, 0x61, 0xB8, 0x34, 0x92, 0x8A, 0xE9, 0x7D, 0x50, 0x32, 0x79, 0x13, 0xED, 0xF3,
    0x84, 0xD7, 0xFC, 0x1B, 0x9D, 0x9C, 0xEE, 0xCD, 0xD5, 0x0F, 0xF0, 0xBF, 0x69, 0x0E, 0xCC, 0x6F,
    0xB9, 0x4B, 0x74, 0x17, 0xF5, 0x22, 0x53, 0x95, 0xF8, 0x47, 0x0B, 0x76, 0x46, 0x6B, 0x5F, 0x2D,
    0x27, 0x04, 0xDE, 0x44, 0x59, 0xE3, 0x38, 0x4B, 0x0C, 0x6B, 0xB2, 0xB1, 0xEB, 0x7C, 0x3B, 0xD3,
    0xE3, 0xCE, 0x64, 0xDA, 0xDF, 0x92, 0xDD, 0xCD, 0xEF, 0x4B, 0x5D, 0x3F, 0x3D, 0x45, 0x76, 0xA5,
    0x33, 0x8C, 0xF0, 0xAE, 0x97, 0xA2, 0x8D, 0x36, 0xCF, 0x70, 0x46, 0xA9, 0xF9, 0xCF, 0xEB, 0xD1,
    0xAA, 0x4E, 0xFC, 0xAA, 0xE4, 0x9E, 0x93, 0xD4, 0x0C, 0xB7, 0xCA, 0x84, 0xB9, 0x18, 0x1C, 0x68,
    0xCF, 0x09, 0x92, 0x9B, 0x35, 0x90, 0xF4, 0xE5, 0x35, 0x10, 0xF7, 0x37, 0xC8, 0x60, 0x8F, 0xE7,
    0x58, 0x3C, 0x69, 0x7A, 0x55, 0x89, 0x35, 0xDF, 0x95, 0x74, 0xD6, 0x3C, 0x09, 0xE9, 0x1E, 0x38,
    0x72, 0x77, 0xA7, 0x24, 0x93, 0xF0, 0xE0, 0xFC, 0x62, 0xB0, 0xF3, 0x10, 0x81, 0xDE, 0x5E, 0x7F,
    0x8B, 0xB9, 0xEB, 0x50, 0x92, 0xAA, 0xE2, 0xDB, 0x3F, 0xE5, 0xC9, 0x4A, 0x79, 0x75, 0x8A, 0x4E,
    0xD9, 0x7D, 0xCA, 0x30, 0xB2, 0x52, 0xD8, 0x58, 0xD9, 0x29, 0x0A, 0xF2, 0xC2, 0x33, 0x7B, 0x66,
    0x1F, 0x54, 0x3F, 0x62, 0x6A, 0x22, 0x46, 0x5B, 0x24, 0x56, 0xE0, 0x1E, 0x59, 0xA1, 0xF2, 0xF3,
    0x4A, 0x22, 0x68, 0xCC, 0x79, 0x45, 0x32, 0x2D, 0x69, 0x49, 0x98, 0xF3, 0x0D, 0xB9, 0x3A, 0xA6,
    0xAA, 0x6C, 0x84, 0x67, 0x6A, 0xE8, 0x6C, 0xA8, 0x60, 0x02, 0x7B, 0xD0, 0x58, 0xBE, 0x1A, 0xA3,
    0xF9, 0xE2, 0xFD, 0x5D, 0x96, 0xB7, 0x84, 0xB9, 0xE7, 0x58, 0x6A, 0xC3, 0xC8, 0xAA, 0x41, 0xCB,
    0x8E, 0x4F, 0xC5, 0xF9, 0x4C, 0x6F, 0x07, 0xE5, 0x54, 0x89, 0x1D, 0x00, 0x68, 0xCE, 0x93, 0x3D,
    0x45, 0x69, 0x69, 0x21, 0x9E, 0xEF, 0xF1, 0x5C, 0xBB, 0xC4, 0x56, 0xC5, 0xBA, 0x4E, 0x2B, 0x4F,
    0x77, 0x7B, 0x45, 0x8E, 0x9B, 0x76, 0x1C, 0x11, 0x08, 0xCD, 0x4E, 0x3B, 0xD3, 0x9B, 0xB9, 0x1D,
    0x19, 0x82, 0xF6, 0x75, 0x70, 0xCF, 0x97, 0x69, 0x37, 0x13, 0x65, 0x2E, 0x5F, 0xA7, 0x63, 0x2B,
    0xD6, 0xDE, 0x5A, 0x7E, 0x5E, 0xD6, 0x44, 0xF5, 0xB6, 0x0A, 0xEE, 0xBA, 0x4F, 0xF5, 0x56, 0xF2,
    0x44, 0xAE, 0xF0, 0x88, 0xEA, 0xA1, 0xF6, 0x9C, 0xA3, 0x15, 0x8E, 0x8F, 0xC8, 0x24, 0xF2, 0xD9,
    0x7E, 0xF0, 0x4C, 0x1F, 0x21, 0xDE, 0x66, 0x15, 0x9E, 0x31, 0x2B, 0x62, 0xEE, 0xDF, 0x02, 0x6B,
    0xEE, 0x6E, 0xA6, 0x64, 0xEC, 0x0A, 0x3E, 0x12, 0x6C, 0x01, 0x19, 0x89, 0x01, 0x2E, 0x86, 0x26,
    0x99, 0xDF, 0xAC, 0xF2, 0xF0, 0x09, 0x97, 0xE2, 0xCF, 0xB0, 0x29, 0x73, 0xC9, 0x36, 0x15, 0x37,
    0xA9, 0x78, 0xB6, 0x46, 0x7A, 0x67, 0x36, 0x5A, 0xF1, 0xD1, 0xA1, 0x59, 0x67, 0xF3, 0x08, 0xF2,
    0x3C, 0xA2, 0x41, 0x79, 0xB3, 0x01, 0xFC, 0x22, 0x30, 0x63, 0x08, 0xA3, 0x3A, 0x2D, 0x3C, 0x74,
    0xB5, 0x06, 0x8F, 0x0C, 0x3B, 0x70, 0x24, 0xDF, 0x00, 0x40, 0xF0, 0xF7, 0xC0, 0x23, 0xBE, 0x16,
    0xDC, 0x32, 0x6F, 0x98, 0xDC, 0xEE, 0xD2, 0x5E, 0xA7, 0x34, 0x4F, 0xD8, 0xBD, 0xD5, 0x1F, 0x7B,
    0x52, 0x16, 0xD6, 0x26, 0xB0, 0x0B, 0x0F, 0x42, 0xF8, 0xC0, 0x2D, 0x87, 0x78, 0x3C, 0xD6, 0xD9,
    0x04, 0xD6, 0xB2, 0xCA, 0x26, 0x62, 0x91, 0x06, 0xC0, 0xD3, 0x92, 0xA7, 0x24, 0x7A, 0xB8, 0x8D,
    0x1D, 0xB0, 0x8A, 0xE5, 0xF9, 0x45, 0xDE, 0x92, 0x10, 0xB5, 0x73, 0x6B, 0xE5, 0x5B, 0xBA, 0x9D,
    0x26, 0xB7, 0x87, 0x86, 0xD3, 0x79, 0x30, 0x57, 0x37, 0x66, 0x88, 0xC2, 0xB9, 0xE7, 0xBD, 0xF9,
    0x1E, 0x32, 0x15, 0xC4, 0xDC, 0xE7, 0x80, 0x8C, 0x3C, 0x3C, 0x37, 0x5A, 0xDA, 0x8B, 0x14, 0x42,
    0xA3, 0xD6, 0xFB, 0x72, 0x2A, 0xB4, 0x2B, 0xFD, 0x95, 0x27, 0xD1, 0xAC, 0x55, 0x84, 0x15, 0xA6,
    0x07, 0x98, 0x19, 0xF2, 0xDC, 0xD3, 0x4E, 0x3F, 0xE1, 0x83, 0x89, 0x5E, 0xA7, 0x70, 0x23, 0x31,
    0x1A, 0x4F, 0x4A, 0x2D, 0x71, 0x98, 0x2A, 0x2F, 0x5E, 0x37, 0x23, 0xB7, 0x40, 0x98, 0x09, 0xD3,
    0xFA, 0xC3, 0x3D, 0x26, 0xF5, 0x5F, 0xF1, 0xA4, 0x75, 0xAE, 0x85, 0x64, 0xB2, 0x20, 0x28, 0x4E,
    0x4C, 0xAD, 0x48, 0xC7, 0x94, 0x39, 0x07, 0xB4, 0xB5, 0xB4, 0x55, 0x64, 0x8D, 0x2A, 0x84, 0x1B,
    0x50, 0xCF, 0x15, 0xA4, 0x7D, 0x4A, 0xF0, 0x06, 0xAC, 0x79, 0x35, 0xA8, 0xEC, 0x34, 0x17, 0x0E,
    0xE4, 0x0D, 0x58, 0xEC, 0xCF, 0xC2, 0xCF, 0x42, 0x77, 0xC1, 0x5D, 0xFA, 0x39, 0x4B, 0x02, 0x90,
    0x7F, 0x8B, 0x78, 0x05, 0x5E, 0x07, 0x57, 0x55, 0x65, 0x3B, 0x96, 0x14, 0x7D, 0x45, 0xB2, 0xE8,
    0x2B, 0x5F, 0xD1, 0x3F, 0x62, 0xD2, 0xEF, 0xEA, 0x50, 0xED, 0x79, 0xF8, 0xB5, 0x34, 0x6A, 0xAE,
    0x9F, 0x25, 0xF3, 0xC9, 0x52, 0x86, 0xCF, 0xF9, 0x7D, 0xB9, 0xF3, 0xEF, 0xE9, 0xBC, 0xBD, 0xC6,
    0x7D, 0x35, 0x7D, 0x80, 0xAF, 0xB0, 0x12, 0x91, 0xFA, 0x6B, 0xDD, 0xE9, 0xB0, 0x0D, 0x5D, 0x32,
    0x15, 0x1E, 0x79, 0x38, 0x8F, 0xAF, 0x3D, 0x33, 0x80, 0xC8, 0xC2, 0x15, 0xF2, 0xD7, 0x02, 0x9B,
    0xDE, 0xE0, 0xBF, 0xCB, 0xAA, 0x74, 0xC8, 0x8A, 0x64, 0xD8, 0x30, 0x2E, 0xD0, 0xBE, 0x1E, 0x40,
    0xC3, 0x58, 0x37, 0x2F, 0x79, 0x38, 0xCB, 0xF3, 0x79, 0xBA, 0x3F, 0xEA, 0x76, 0x32, 0xFC, 0x31,
    0x78, 0x74, 0xF6, 0x69, 0xE8, 0xA0, 0x17, 0xCD, 0x31, 0x77, 0x0F, 0x49, 0xE6, 0x43, 0x76, 0xB3,
    0xCB, 0xA9, 0x40, 0x78, 0xA1, 0xB1, 0x8B, 0xE4, 0xC3, 0x80, 0xB1, 0x30, 0x17, 0x06, 0x62, 0x24,
    0x4C, 0x3F, 0x21, 0x96, 0x3F, 0x22, 0x81, 0x9B, 0x22, 0x62, 0x2F, 0x6C, 0x84, 0x55, 0xA4, 0xEB,
    0x23, 0x1E, 0x44, 0x9E, 0xE1, 0xB5, 0xF4, 0xCC, 0x97, 0xFB, 0x76, 0x75, 0x74, 0x46, 0x9A, 0x9C,
    0xA8, 0x56, 0xC8, 0x1F, 0x8B, 0x24, 0x93, 0xD7, 0xEF, 0x44, 0x44, 0xB1, 0x4F, 0x1B, 0xF7, 0x82,
    0xBF, 0xDF, 0xE7, 0x0C, 0x1F, 0x86, 0xFF, 0xBC, 0x60, 0xB1, 0xE5, 0x37, 0x81, 0xA7, 0xAB, 0xFF,
    0x2A, 0xA7, 0xC8, 0xDA, 0x8C, 0x76, 0x05, 0xC8, 0x5A, 0x53, 0xA4, 0x9F, 0x8E, 0xC8, 0x2E, 0x89,
    0x9D, 0x70, 0x20, 0x6E, 0xF5, 0xF9, 0x5A, 0xD7, 0x38, 0xF3, 0xFD, 0xBE, 0x56, 0x0F, 0x0D, 0xC6,
    0x6A, 0x32, 0xF6, 0x89, 0x6D, 0x24, 0xC6, 0xD7, 0x07, 0x12, 0xD7, 0x87, 0x13, 0x2E, 0x79, 0x2E,
    0x6B, 0xDA, 0xE5, 0xB7, 0x30, 0x35, 0xAC, 0xAF, 0x31, 0x13, 0xE6, 0xC2, 0x92, 0xFA, 0x02, 0x9A,
    0x0E, 0x7C, 0xA8, 0xF2, 0x6B, 0x39, 0xAD, 0x31, 0x7F, 0x0F, 0x75, 0xC1, 0x04, 0x1A, 0xE2, 0x66,
    0x6F, 0x29, 0x59, 0xD0, 0xD1, 0xB7, 0xA7, 0xD8, 0x31, 0xB5, 0x89, 0x58, 0x76, 0x6F, 0x21, 0xE0,
    0x91, 0x29, 0x90, 0x1A, 0x51, 0x0C, 0xC9, 0xFF, 0x42, 0x8C, 0x53, 0xFA, 0x2F, 0x2D, 0xCB, 0xE1,
    0xF9, 0x0F, 0x28, 0xCA, 0x90, 0x50, 0xE4, 0xA3, 0x44, 0x36, 0x48, 0x24, 0x9D, 0x44, 0xDC, 0x4A,
    0x44, 0x4D, 0xA2, 0xF2, 0x93, 0xF3, 0x93, 0x06, 0x0A, 0x61, 0x11, 0x0F, 0x43, 0x7B, 0xCA, 0xED,
    0x63, 0x65, 0x2F, 0x67, 0xC8, 0x67, 0x8D, 0x3E, 0xB6, 0x34, 0x60, 0xB8, 0x85, 0x5C, 0xD0, 0x9B,
    0x78, 0xF2, 0x74, 0x78, 0xE1, 0x95, 0x44, 0xAE, 0x2D, 0x9D, 0x9F, 0xF5, 0x4C, 0x5C, 0x3C, 0x43,
    0xC5, 0xF5, 0xED, 0xAC, 0xA8, 0x9C, 0x8E, 0x31, 0x57, 0x07, 0x86, 0x56, 0xB2, 0xD8, 0xE6, 0x59,
    0x65, 0xE3, 0x4A, 0xBC, 0x00, 0xF0, 0xED, 0x8E, 0x47, 0xC7, 0x0D, 0x2E, 0xCE, 0x59, 0x01, 0x4B,
    0x75, 0x98, 0x2D, 0x12, 0xB4, 0xF7, 0x0C, 0x0F, 0xC4, 0xC4, 0xF3, 0x6B, 0xC4, 0xF3, 0x9C, 0x5F,
    0xE8, 0x79, 0xE2, 0xE1, 0x4B, 0x61, 0xC6, 0x1C, 0xE8, 0xEE, 0xF3, 0x64, 0x7D, 0x0A, 0xAF, 0xC6,
    0xD2, 0x5A, 0xAE, 0x43, 0xA1, 0xF0, 0x71, 0x50, 0x14, 0xE8, 0x19, 0x9A, 0x07, 0x40, 0xB2, 0x87,
    0xF8, 0x26, 0xD8, 0x17, 0xBC, 0x2E, 0xEB, 0x00, 0xDE, 0xE8, 0xCC, 0x1C, 0x55, 0x18, 0x5F, 0xA6,
    0xFB, 0x8E, 0x36, 0x71, 0x08, 0x3A, 0xD2, 0x62, 0xCD, 0xD7, 0xE0, 0xC1, 0xF9, 0xFB, 0x8B, 0x41,
    0xC6, 0x8C, 0x0A, 0xF0, 0xD2, 0xDA, 0x1B, 0xBC, 0x7B, 0x4B, 0xA5, 0x7E, 0xCF, 0x1A, 0x42, 0x79,
    0xB7, 0xEC, 0x7E, 0x03, 0x54, 0x66, 0x00, 0x5B, 0x7A, 0x03, 0xEE, 0xB0, 0xF0, 0x16, 0xD7, 0x9C,
    0x8E, 0x09, 0x15, 0x18, 0x57, 0xC6, 0xDE, 0x59, 0xF6, 0x55, 0x05, 0x98, 0xF0, 0x2C, 0x5C, 0xB4,
    0x1F, 0x46, 0xE3, 0xB6, 0xFD, 0x49, 0x34, 0x46, 0xED, 0xBD, 0x68, 0x04, 0x47, 0xD3, 0x61, 0xF9,
    0xE7, 0x80, 0x53, 0x3B, 0x6A, 0x9A, 0xF9, 0xEB, 0xC3, 0x50, 0x5F, 0x4C, 0x50, 0xC6, 0x00, 0xA8,
    0xC2, 0x48, 0x3A, 0xC2, 0x38, 0x91, 0xF1, 0xAC, 0x02, 0x1E, 0x1C, 0x7A, 0x51, 0xB3, 0xFE, 0x50,
    0x80, 0xBF, 0xE8, 0x67, 0x17, 0x2C, 0x56, 0xFF, 0x92, 0xE7, 0x0B, 0x9F, 0xD0, 0x7B, 0x7E, 0xAA,
    0x72, 0xB2, 0xAC, 0xBD, 0x65, 0xF2, 0xDF, 0x2C, 0x41, 0xC4, 0x22, 0x89, 0x0A, 0x05, 0xCC, 0x46,
    0xB4, 0x76, 0xB8, 0x61, 0x73, 0xAA, 0x9F, 0x45, 0x35, 0xA6, 0x86, 0x2E, 0xBB, 0xBA, 0xF6, 0x68,
    0x17, 0xAD, 0xCE, 0x5C, 0x74, 0x24, 0x6A, 0x98, 0x1E, 0x1E, 0x92, 0xDE, 0xC6, 0x95, 0x9F, 0x54,
    0x1D, 0x0A, 0xA3, 0xF9, 0x89, 0x6A, 0x1B, 0xFE, 0xF1, 0xFF, 0xC0, 0xFB, 0x61, 0x7E, 0xE0, 0x5B,
    0x30, 0xBB, 0xA4, 0x67, 0xD5, 0x27, 0x19, 0x72, 0xD8, 0x5E, 0x3C, 0xC0, 0xBD, 0x5E, 0x63, 0xB3,
    0x60, 0xD2, 0x67, 0xB8, 0x26, 0xED, 0x90, 0x0F, 0xE0, 0xAE, 0x24, 0xFC, 0xE0, 0x37, 0xE4, 0x1B,
    0x5A, 0x7F, 0x6F, 0x3F, 0x45, 0xB1, 0xC3, 0x85, 0x97, 0xCC, 0x61, 0x9E, 0x61, 0xB0, 0xD3, 0xA2,
    0x60, 0x95, 0x15, 0xFA, 0xE6, 0xFA, 0x18, 0x59, 0x3E, 0xDC, 0x10, 0x97, 0x14, 0x2A, 0xB9, 0xA6,
    0x2F, 0xFB, 0x11, 0x4F, 0x5E, 0xFF, 0x83, 0x74, 0x90, 0x8F, 0x9F, 0x72, 0x81, 0xF8, 0x9B, 0x32,
    0x03, 0xBD, 0xD5, 0x17, 0xFE, 0x82, 0xFC, 0x10, 0xAA, 0x13, 0x21, 0xD6, 0xB9, 0x53, 0xD8, 0xD9,
    0xA5, 0x6F, 0x59, 0xEE, 0x46, 0x0E, 0xDB, 0xC3, 0x5B, 0x5C, 0x50, 0xD1, 0x5B, 0xA9, 0x3B, 0x14,
    0x82, 0x29, 0x57, 0x22, 0x0B, 0xF9, 0x12, 0xC8, 0xB4, 0x3A, 0x0B, 0x0B, 0x5F, 0x62, 0x81, 0xDF,
    0xD2, 0x3D, 0xFD, 0x12, 0xC7, 0x7E, 0xAA, 0xB3, 0xC7, 0xE8, 0x00, 0xD7, 0xEF, 0x5F, 0x84, 0xF7,
    0x58, 0x06, 0xFD, 0x67, 0xC2, 0xF7, 0xC3, 0x88, 0xDE, 0xCA, 0xDD, 0x2D, 0x88, 0x05, 0xE1, 0x2D,
    0xAF, 0x85, 0xDD, 0xAD, 0xF4, 0x3B, 0x95, 0xD3, 0x89, 0xE5, 0x34, 0x3B, 0xB5, 0xDA, 0x83, 0x7E,
    0x2E, 0xA6, 0x13, 0x2B, 0xC0, 0xC3, 0xF0, 0x4B, 0x0F, 0xC0, 0x5C, 0xFE, 0x8B, 0x9A, 0x09, 0xF9,
    0x8B, 0x30, 0xC2, 0xA5, 0x19, 0xC1, 0x53, 0x69, 0xE4, 0x77, 0x2C, 0x4F, 0xCA, 0xDF, 0x3E, 0x99,
    0x6C, 0x1D, 0x16, 0xDF, 0xB5, 0xAC, 0x05, 0xE4, 0x57, 0x3C, 0x9F, 0x7E, 0x9E, 0xC7, 0xB0, 0xC8,
    0x39, 0xDD, 0x9F, 0xE5, 0x7A, 0x96, 0xAB, 0x5B, 0xD2, 0x2D, 0xF2, 0x9F, 0x4A, 0x1D, 0x82, 0xF9,
    0xD9, 0x59, 0x9B, 0xA2, 0xD1, 0x19, 0x7C, 0x48, 0xAB, 0x74, 0x3F, 0x11, 0xDE, 0xDB, 0x2A, 0xCD,
    0xDC, 0xAA, 0x7B, 0x55, 0xA5, 0xC1, 0x28, 0xBE, 0x03, 0x5B, 0xD8, 0x0E, 0x4A, 0xB6, 0x06, 0xE5,
    0x70, 0x83, 0x53, 0xDB, 0x8E, 0x8D, 0x62, 0x7C, 0x7B, 0x3A, 0x67, 0x54, 0x56, 0x99, 0xC6, 0xC7,
    0x0F, 0xE1, 0x10, 0x8E, 0xC2, 0x48, 0x76, 0x1C, 0x53, 0x5C, 0xB2, 0x6E, 0x2C, 0xEA, 0xAC, 0x1F,
    0x3B, 0x31, 0x15, 0xDA, 0x0B, 0x0C, 0x28, 0x31, 0x99, 0x40, 0x78, 0x81, 0x78, 0x3B, 0xD4, 0xBA,
    0xC4, 0xEF, 0x24, 0xCA, 0xE6, 0x50, 0xD8, 0x87, 0x6B, 0x5E, 0xC2, 0xC5, 0xF9, 0x73, 0xAD, 0xCD,
    0xA8, 0x81, 0xC2, 0x19, 0xC4, 0x43, 0xA5, 0x5C, 0x46, 0xCF, 0x2F, 0x5F, 0xC0, 0xE0, 0x31, 0xA2,
    0xC6, 0x8B, 0x2C, 0xC7, 0x79, 0x3B, 0xD4, 0xFB, 0x1C, 0x62, 0x0F, 0x7C, 0xBB, 0x3E, 0x3C, 0x12,
    0xCD, 0xB5, 0x32, 0x46, 0x33, 0xE5, 0x97, 0x79, 0x74, 0xC7, 0xC5, 0xCC, 0x6A, 0xA6, 0x64, 0x45,
    0x32, 0xBA, 0xEF, 0x5E, 0x8F, 0x72, 0xFF, 0x49, 0xD0, 0x59, 0x71, 0x61, 0xA0, 0xB7, 0xFB, 0x6F,
    0xFF, 0x80, 0x27, 0x27, 0xD9, 0x59, 0x39, 0x58, 0x62, 0xA7, 0xAE, 0xD6, 0x3A, 0xDE, 0xD8, 0x14,
    0x07, 0xF4, 0xAE, 0x5D, 0xE9, 0x80, 0x8B, 0xBF, 0xE7, 0xAA, 0x45, 0xC3, 0x14, 0xD6, 0xFC, 0x65,
    0xD9, 0x8B, 0x46, 0x21, 0x78, 0xD1, 0xAD, 0xC4, 0x48, 0x8C, 0x95, 0x0D, 0x2B, 0xEA, 0x90, 0xEA,
    0x2D, 0x62, 0x92, 0x78, 0x62, 0xEF, 0xE6, 0x4B, 0x14, 0x48, 0xC9, 0xD7, 0x74, 0x3B, 0x12, 0xB6,
    0xBC, 0xCB, 0x54, 0x66, 0x68, 0x74, 0xD6, 0xAC, 0xE8, 0xBA, 0xB5, 0x93, 0x16, 0x1D, 0xB5, 0xBC,
    0xB9, 0xFC, 0xFA, 0x33, 0x52, 0xD9, 0x02, 0x79, 0xA3, 0x1D, 0x93, 0x27, 0x7B, 0xD0, 0xDB, 0x28,
    0xFC, 0x83, 0x91, 0x35, 0x2D, 0x0C, 0x76, 0xF9, 0xDF, 0x83, 0x0E, 0xCF, 0x31, 0xF4, 0x9A, 0x54,
    0x04, 0x70, 0x3A, 0x1C, 0xC3, 0x5D, 0x61, 0xB4, 0x8E, 0x99, 0x59, 0x87, 0x45, 0x60, 0xF0, 0x53,
    0x6D, 0x92, 0xE6, 0xEF, 0xF5, 0x43, 0x52, 0xAB, 0x1F, 0xD7, 0x4B, 0xE9, 0x74, 0x73, 0x83, 0xF0,
    0xBE, 0xDE, 0x84, 0x66, 0xF5, 0xFE, 0xFA, 0x0C, 0x33, 0x85, 0x57, 0x8F, 0x41, 0xDD, 0xD8, 0x42,
    0x7E, 0xDE, 0xC5, 0x77, 0xA9, 0xF7, 0xEB, 0x9D, 0xC6, 0xC3, 0x71, 0xF9, 0x7D, 0x4F, 0xB9, 0x67,
    0x1B, 0x91, 0x51, 0x0E, 0xFE, 0x2A, 0x93, 0xC6, 0xA5, 0xD6, 0x21, 0x2B, 0x39, 0xE2, 0x4E, 0x97,
    0x46, 0x5C, 0xA0, 0x22, 0xCF, 0xB9, 0x5B, 0x95, 0x18, 0x8D, 0xB8, 0xCD, 0x67, 0x01, 0xB8, 0x7E,
    0xD2, 0x97, 0x2C, 0x98, 0x09, 0xAC, 0xB4, 0x36, 0xA7, 0xFC, 0x0A, 0x6F, 0xCC, 0xFB, 0x57, 0x9C,
    0x7B, 0x64, 0xBF, 0x2F, 0xB8, 0x51, 0x5C, 0x5C, 0x2B, 0x4A, 0xE8, 0xF7, 0xED, 0xCD, 0x1C, 0xBD,
    0xE9, 0x12, 0xAC, 0x0A, 0x95, 0x56, 0x77, 0x76, 0xF1, 0xF5, 0xA5, 0xE1, 0x0B, 0x0B, 0xB3, 0x0A,
    0x8C, 0x32, 0x08, 0xB2, 0x30, 0xCF, 0x10, 0x57, 0x32, 0x05, 0xFC, 0xDE, 0xCC, 0xB8, 0x7E, 0x7B,
    0x22, 0xDB, 0x5C, 0x40, 0x6F, 0x0F, 0x59, 0xD8, 0x86, 0x2C, 0xAC, 0x7C, 0x21, 0x0B, 0xFB, 0x7F,
    0xDD, 0x5A, 0xBF, 0x8F, 0xE5, 0xD6, 0x75, 0xBE, 0xEF, 0x51, 0xB3, 0x14, 0x96, 0x05, 0x55, 0xEC,
    0x58, 0x81, 0x36, 0x00, 0xDD, 0xA4, 0xF0, 0xAE, 0x02, 0xB6, 0x29, 0x04, 0x90, 0xB6, 0x02, 0xB8,
    0xF4, 0x14, 0xF3, 0x6C, 0xC0, 0x2A, 0x36, 0xA5, 0x11, 0x23, 0x98, 0x7F, 0x20, 0x5E, 0x72, 0xA5,
    0x22, 0x85, 0x8B, 0x6C, 0xE3, 0x34, 0x69, 0x54, 0xB8, 0x10, 0x46, 0xC5, 0x34, 0x29, 0xBD, 0x73,
    0x99, 0xB8, 0x4B, 0x1A, 0x3A, 0x80, 0x92, 0xC2, 0x85, 0x99, 0x60, 0xDD, 0x44, 0x85, 0x69, 0x9B,
    0x42, 0xB8, 0xB3, 0x7C, 0x3C, 0x39, 0xDF, 0x77, 0xEE, 0xFB, 0x31, 0xB3, 0xB3, 0xAB, 0x5D, 0x28,
    0xB1, 0xEC, 0x0C, 0x38, 0xDF, 0xE1, 0xE3, 0x8F, 0xCB, 0x7B, 0xCF, 0x3D, 0xBF, 0xEF, 0x75, 0xCE,
    0xB9, 0x85, 0x48, 0x9D, 0x8A, 0x74, 0xB9, 0xFE, 0x17, 0x5D, 0xDA, 0x55, 0x4D, 0xD2, 0x56, 0xAD,
    0x73, 0xD5, 0x13, 0xE7, 0x0A, 0x79, 0xEC, 0x32, 0x91, 0x32, 0x16, 0x69, 0x5D, 0x2E, 0xBD, 0x73,
    0xBE, 0xFF, 0x9A, 0xCB, 0x87, 0xFB, 0x2E, 0xEB, 0xBD, 0x2B, 0x7A, 0xFF, 0x54, 0x5A, 0xAF, 0xF7,
    0x2B, 0x19, 0x9D, 0x5B, 0x69, 0x5B, 0x93, 0x8B, 0xC4, 0xC5, 0x3C, 0xA2, 0xD9, 0xB9, 0x63, 0x67,
    0x7F, 0xB9, 0x68, 0x53, 0x38, 0xA2, 0x97, 0x38, 0x72, 0xED, 0x87, 0xF4, 0x7A, 0xBC, 0xE5, 0x7E,
    0x5C, 0xBC, 0xBF, 0xAE, 0xFE, 0x69, 0xD6, 0xA3, 0x28, 0x27, 0xB7, 0xF9, 0x4B, 0xA4, 0x49, 0x79,
    0xB8, 0x97, 0x38, 0x12, 0x19, 0x53, 0x99, 0xF4, 0x70, 0x59, 0xED, 0xAA, 0x4E, 0x07, 0xE0, 0xAA,
    0xDE, 0x15, 0xAD, 0x3B, 0x08, 0xAD, 0x2D, 0xA5, 0x8B, 0xA4, 0xD7, 0x43, 0xC7, 0xF3, 0x8A, 0x47,
    0x87, 0xA3, 0x6A, 0xBF, 0x22, 0x4D, 0x21, 0x65, 0xB1, 0xC6, 0x2F, 0x63, 0xA8, 0xB2, 0x44, 0xDB,
    0xD5, 0xBF, 0x7A, 0xF3, 0xCB, 0xA5, 0x17, 0xFA, 0x65, 0x25, 0x6D, 0x71, 0x99, 0x88, 0xB2, 0x39,
    0x53, 0xA2, 0x0C, 0xCE, 0xB4, 0x19, 0x19, 0x40, 0x3E, 0xAB, 0x26, 0x97, 0x37, 0x45, 0x9F, 0x4E,
    0xAE, 0x50, 0x92, 0x4C, 0xAE, 0xAA, 0x49, 0xF4, 0x33, 0x7A, 0xF1, 0xAE, 0xF2, 0xB2, 0xAF, 0xC6,
    0x6A, 0xC6, 0x37, 0x7A, 0x3F, 0x45, 0x4A, 0x5A, 0xAF, 0x63, 0xD0, 0xC6, 0xC2, 0xB0, 0xEE, 0x4A,
    0x7F, 0x26, 0x1D, 0x66, 0xB0, 0x17, 0xA3, 0x9D, 0x97, 0x87, 0x0E, 0xFC, 0x4D, 0xC1, 0xC9, 0xE7,
    0x53, 0xFC, 0xB5, 0x81, 0x4E, 0x81, 0xCE, 0x76, 0x3F, 0x16, 0xA3, 0xCB, 0x2D, 0x2D, 0x49, 0xA3,
    0xF0, 0xFB, 0x36, 0x26, 0xAF, 0xAD, 0x44, 0xD6, 0xF6, 0x5D, 0x1D, 0x0C, 0xE9, 0x5C, 0xBA, 0xBB,
    0x6B, 0xF4, 0xAA, 0x9A, 0x77, 0x18, 0x13, 0x23, 0xBB, 0x42, 0x16, 0x55, 0xE0, 0x57, 0x38, 0x8F,
    0xF6, 0xEE, 0x46, 0xF3, 0x8D, 0x19, 0x58, 0xE9, 0x84, 0xA2, 0x3F, 0xBD, 0xE2, 0x85, 0xB6, 0x1D,
    0x49, 0x9D, 0x0F, 0x78, 0x26, 0x1D, 0x5F, 0x01, 0x73, 0x79, 0xE8, 0x21, 0xB1, 0x9D, 0x7E, 0xCD,
    0x50, 0x3F, 0xF1, 0x3A, 0x99, 0xF6, 0x03, 0x93, 0x07, 0x60, 0x8A, 0x4E, 0xB8, 0x6A, 0xE4, 0x7C,
    0x36, 0xB8, 0xC2, 0x01, 0xB8, 0xAF, 0xBA, 0xCB, 0x7F, 0x77, 0xE5, 0x3F, 0xCE, 0x30, 0xDA, 0xDF,
    0x28, 0x8F, 0x0A, 0xF9, 0x99, 0x4E, 0x80, 0x72, 0xA2, 0x00, 0xFF, 0x9C, 0xAF, 0x15, 0x17, 0x02,
    0x9E, 0x46, 0x6B, 0x72, 0x76, 0x24, 0x0E, 0xC4, 0x09, 0x18, 0xF3, 0xFA, 0x92, 0xCF, 0x38, 0xA9,
    0xF9, 0x56, 0xC3, 0x16, 0x3A, 0xA8, 0x41, 0x8E, 0x36, 0xFB, 0x14, 0x9A, 0xD3, 0x27, 0xE8, 0xD6,
    0x5F, 0xF0, 0x9B, 0xD4, 0x84, 0x88, 0x1D, 0x8C, 0x84, 0x22, 0xC7, 0x7E, 0x3A, 0x3E, 0x12, 0x6E,
    0xBB, 0x5B, 0x57, 0xFB, 0xA9, 0x0A, 0xAE, 0x62, 0xD6, 0xF1, 0xD0, 0x93, 0x56, 0xB9, 0xA1, 0x9F,
    0x57, 0x4C, 0x88, 0x05, 0x51, 0x80, 0x11, 0x31, 0xFB, 0x2D, 0xB0, 0xFA, 0x40, 0x51, 0xE6, 0x08,
    0x38, 0x12, 0x3B, 0x62, 0x1D, 0xF1, 0x79, 0x45, 0xE5, 0xA7, 0x1E, 0x9B, 0x96, 0x71, 0xB8, 0xEF,
    0x96, 0x37, 0x4B, 0x1D, 0x48, 0xAE, 0x0A, 0xD7, 0x16, 0xA5, 0x2B, 0x2E, 0x04, 0x0C, 0xD5, 0x7E,
    0x2D, 0xFC, 0x43, 0xF7, 0x0C, 0x03, 0x9B, 0xB3, 0xB9, 0x90, 0x46, 0x14, 0x6A, 0x59, 0x6B, 0x97,
    0xB2, 0x5E, 0x1B, 0xCE, 0x3B, 0xE5, 0x4A, 0xA1, 0x0A, 0x5C, 0x56, 0x0A, 0xB5, 0x2F, 0x5D, 0xD5,
    0x68, 0x2B, 0x45, 0xAB, 0x90, 0xFF, 0xA7, 0xB2, 0x2D, 0xFD, 0xAD, 0xB6, 0x97, 0x3E, 0xD5, 0x81,
    0xC7, 0xC6, 0xD1, 0x9E, 0xAA, 0xAC, 0x2D, 0x72, 0xBA, 0x08, 0x1E, 0x2C, 0x02, 0x53, 0x96, 0x90,
    0xA3, 0x58, 0x5F, 0x38, 0x38, 0xD1, 0x17, 0x32, 0x3C, 0x96, 0x63, 0xDE, 0xF3, 0x27, 0xBB, 0x6E,
    0xA8, 0xBE, 0x34, 0x94, 0xD6, 0x86, 0xBA, 0x52, 0x9B, 0x46, 0x7C, 0x31, 0x5C, 0xDD, 0x53, 0x3D,
    0xA6, 0x1D, 0x28, 0x80, 0x8D, 0xA1, 0xC3, 0xC0, 0xDC, 0x06, 0xF3, 0xFA, 0x2A, 0xBE, 0x85, 0x6E,
    0x1F, 0xAE, 0x60, 0x3C, 0x0B, 0x70, 0x2D, 0x60, 0x0C, 0xFD, 0xD5, 0x31, 0x9A, 0xA6, 0x88, 0x6C,
    0xF0, 0x53, 0xF9, 0x2F, 0x45, 0xB0, 0x2B, 0xE0, 0x2D, 0xC5, 0x43, 0x3C, 0xF9, 0xA3, 0x63, 0x47,
    0x33, 0x54, 0x13, 0x7B, 0xC5, 0x53, 0x3F, 0x42, 0xC0, 0xB5, 0x73, 0x8A, 0x3A, 0xF1, 0x8A, 0xF1,
    0x7A, 0x77, 0xCE, 0xEB, 0x2B, 0x3F, 0xB2, 0xD3, 0x6A, 0xE0, 0xF8, 0x6E, 0x41, 0xC1, 0x3D, 0xA3,
    0x88, 0xC9, 0x1E, 0xA6, 0x2F, 0x42, 0xF5, 0x0A, 0xCA, 0x65, 0xCF, 0x66, 0x0C, 0xCF, 0xD3, 0x31,
    0xEE, 0xDD, 0xA3, 0x74, 0x8C, 0x7A, 0xF7, 0x93, 0x74, 0x5C, 0x1C, 0x6D, 0x9F, 0xA7, 0x0A, 0xA6,
    0x54, 0x8C, 0x14, 0xB6, 0x43, 0xAF, 0x43, 0x94, 0xF5, 0x49, 0xE2, 0x72, 0xEF, 0xFC, 0xF6, 0xCC,
    0xA6, 0x95, 0x1D, 0x6C, 0xD3, 0xD1, 0xB6, 0xB8, 0x83, 0x15, 0xFE, 0x4A, 0xBE, 0x6E, 0x0C, 0xB6,
    0x93, 0x1A, 0x4C, 0x23, 0x93, 0xA0, 0xC5, 0xA5, 0x4B, 0xA8, 0x1A, 0x5E, 0x2D, 0xED, 0x40, 0xFE,
    0xAB, 0x2B, 0x68, 0xD9, 0x83, 0xC9, 0xD1, 0x0A, 0x50, 0xF6, 0x9D, 0xD9, 0xF0, 0xBF, 0x9D, 0xC2,
    0x89, 0x3C, 0x09, 0x2E, 0x4C, 0x4C, 0xD7, 0x3C, 0xED, 0x1A, 0xB8, 0xF0, 0xEF, 0x72, 0x62, 0x26,
    0x33, 0x9A, 0x63, 0xBC, 0x96, 0x4C, 0xD1, 0xCC, 0xE9, 0xC9, 0x46, 0xA8, 0x12, 0xE6, 0x19, 0xA2,
    0x5C, 0xC1, 0x6D, 0x36, 0x90, 0xE9, 0x51, 0x9B, 0xAB, 0x61, 0x85, 0x28, 0x21, 0x50, 0x40, 0x4C,
    0x62, 0x9B, 0xE3, 0x50, 0x91, 0x33, 0xB7, 0x37, 0x6C, 0x4F, 0xC8, 0xFF, 0x99, 0xF3, 0x7F, 0x99,
    0x2A, 0xDF, 0x92, 0xD1, 0xCC, 0x63, 0xCE, 0x3E, 0xA9, 0x82, 0xB0, 0xFF, 0xC5, 0xBF, 0xD2, 0x60,
    0xBA, 0x93, 0xA7, 0xEB, 0xD2, 0xD9, 0xE0, 0x7B, 0xE3, 0x30, 0x25, 0x28, 0x7F, 0x22, 0x7F, 0x0F,
    0x33, 0x56, 0xB5, 0xF2, 0x0D, 0xA1, 0x92, 0x48, 0x49, 0xE1, 0x80, 0x9A, 0xB5, 0xD4, 0x7F, 0xF5,
    0x2F, 0xEE, 0x44, 0x0D, 0xFD, 0x90, 0xCE, 0xA5, 0x57, 0xCF, 0xA9, 0x33, 0x51, 0x7B, 0x35, 0x41,
    0xCA, 0x7F, 0xF5, 0x65, 0x67, 0x8F, 0x1D, 0xD4, 0x07, 0x43, 0xF3, 0xE0, 0x02, 0xC4, 0x6A, 0xAD,
    0x76, 0xA7, 0x54, 0x1B, 0x95, 0xD2, 0x2C, 0xE8, 0x18, 0xB5, 0x59, 0x38, 0x37, 0xDF, 0x01, 0xAB,
    0xAE, 0x82, 0xF7, 0xE9, 0x81, 0x55, 0x0F, 0xDE, 0xC9, 0x06, 0x2F, 0x4E, 0x4F, 0x7D, 0xEF, 0xED,
    0x2E, 0x9F, 0xE4, 0x5B, 0x6D, 0x31, 0xA0, 0x85, 0x1C, 0x92, 0x58, 0xA7, 0xB3, 0x05, 0x13, 0x9F,
    0x54, 0x6B, 0x7E, 0x6B, 0xE0, 0x77, 0x5B, 0x98, 0x3A, 0x9A, 0xE3, 0xC3, 0xD2, 0x6D, 0x23, 0x0C,
    0x0A, 0xF9, 0xA0, 0x77, 0xF4, 0x56, 0xB6, 0x4E, 0xE0, 0x22, 0x97, 0x1C, 0x96, 0x34, 0x1E, 0x81,
    0x80, 0x7C, 0xB2, 0x52, 0x80, 0x78, 0x18, 0xF0, 0x27, 0x6E, 0xA8, 0x3C, 0xA8, 0x27, 0x50, 0x7B,
    0x53, 0x16, 0x90, 0xBB, 0x0C, 0xBC, 0x8A, 0xC9, 0x38, 0x0F, 0xA9, 0x38, 0x50, 0x41, 0x5D, 0xAD,
    0x14, 0xCE, 0x6B, 0x5C, 0x8C, 0xF1, 0x7E, 0xAF, 0x2C, 0x6D, 0x32, 0x9D, 0x6A, 0x35, 0x5C, 0xC9,
    0x8C, 0x58, 0x09, 0x8E, 0xD0, 0x6C, 0x77, 0xE9, 0xE8, 0xFC, 0xEB, 0x85, 0x71, 0x98, 0xA6, 0x47,
    0x9A, 0x08, 0xFC, 0xF7, 0x5D, 0x4C, 0x75, 0xEE, 0x93, 0x81, 0x24, 0xC5, 0xE4, 0x64, 0x03, 0x49,
    0x3A, 0xE6, 0x2D, 0x45, 0x91, 0x56, 0x21, 0x5E, 0x93, 0x44, 0xB3, 0x37, 0x2B, 0x2F, 0x41, 0x16,
    0x39, 0x56, 0x1B, 0xBB, 0xF3, 0x26, 0xA1, 0x66, 0xFB, 0x5D, 0x31, 0x5C, 0xB5, 0xAC, 0x77, 0x94,
    0x51, 0x95, 0xCA, 0x51, 0xBB, 0x84, 0x40, 0xD5, 0xB1, 0x5A, 0x6E, 0x15, 0x3D, 0x35, 0xFC, 0x02,
    0xF9, 0xD7, 0x49, 0x87, 0xEC, 0xE8, 0xA0, 0x1B, 0xC8, 0x4F, 0x55, 0xA3, 0xFB, 0xF8, 0x1A, 0x4D,
    0xAC, 0x3A, 0x20, 0xF4, 0x3B, 0xFF, 0x35, 0x3E, 0x45, 0x53, 0xEB, 0xD2, 0xFF, 0x1E, 0xE9, 0x63,
    0x06, 0x17, 0xAC, 0x6D, 0x70, 0x3E, 0x4B, 0x69, 0x77, 0xDF, 0x2C, 0x5F, 0xA3, 0x0B, 0x6D, 0xFF,
    0x9A, 0x6A, 0xF5, 0x6B, 0x73, 0xF4, 0x1A, 0x2A, 0xE2, 0xE9, 0xB1, 0xC0, 0x58, 0x16, 0x93, 0x19,
    0xB9, 0xF3, 0x94, 0xD6, 0xEF, 0xCF, 0x92, 0x7A, 0xFB, 0xF2, 0x1F, 0x1A, 0x97, 0x5F, 0x5F, 0x34,
    0x1C, 0x08, 0x5A, 0xF4, 0x6C, 0xBE, 0xF8, 0x1B, 0x7E, 0xEB, 0xA7, 0x78, 0x38, 0xFD, 0x19, 0x8D,
    0x76, 0xF7, 0x08, 0x0C, 0x29, 0xBF, 0xFA, 0x65, 0xCF, 0xCD, 0xE1, 0xEA, 0x68, 0xA1, 0x36, 0x52,
    0x10, 0xEA, 0x4A, 0x1D, 0x88, 0x32, 0x77, 0xE1, 0x9F, 0xC0, 0x05, 0xC0, 0x18, 0x82, 0xF8, 0xDE,
    0x1C, 0x02, 0x49, 0x6C, 0x24, 0x33, 0x52, 0x19, 0x91, 0x1C, 0x24, 0x5A, 0x93, 0xA4, 0x03, 0x49,
    0xD1, 0x92, 0xA8, 0xFA, 0x63, 0xEA, 0xD4, 0x2A, 0x81, 0x8C, 0x46, 0x7A, 0x23, 0x8D, 0x11, 0x47,
    0xA2, 0x1F, 0xD2, 0xC8, 0xAD, 0xC2, 0xF0, 0xE5, 0xA1, 0xF5, 0xA5, 0x33, 0x62, 0xFD, 0x35, 0xCF,
    0xE8, 0x0A, 0x93, 0x8D, 0xCA, 0xB4, 0xBC, 0xB2, 0x81, 0x9C, 0x1B, 0xF9, 0xC9, 0xEF, 0x28, 0xB2,
    0xB1, 0x66, 0x07, 0x62, 0x4F, 0xA9, 0x36, 0x34, 0xC7, 0xC1, 0x7E, 0x66, 0x86, 0xE6, 0xBB, 0xC1,
    0x68, 0x38, 0xE8, 0x21, 0xC0, 0x6D, 0xD8, 0x10, 0x7A, 0x15, 0x86, 0xB7, 0x15, 0x8C, 0xE7, 0x9B,
    0xA2, 0xCE, 0x8A, 0xD7, 0x22, 0x3B, 0x63, 0x80, 0x2D, 0x98, 0x7E, 0x72, 0xC1, 0x15, 0xE3, 0x26,
    0xAE, 0x26, 0x24, 0xD3, 0xA5, 0x9F, 0xB8, 0xFB, 0x6D, 0xE9, 0xE1, 0x91, 0x10, 0x6C, 0x33, 0x10,
    0x78, 0xAC, 0x22, 0x45, 0x0F, 0x61, 0xD9, 0x56, 0x08, 0x63, 0xAF, 0x83, 0x22, 0xF8, 0xF4, 0xC6,
    0xCE, 0x9E, 0x79, 0x44, 0x3E, 0x04, 0xCC, 0x16, 0x38, 0x2C, 0xF5, 0x43, 0x8D, 0xDE, 0xF0, 0x3A,
    0x53, 0x0E, 0x36, 0xD2, 0x00, 0x3F, 0x97, 0xD0, 0x4D, 0x8D, 0xD5, 0x0B, 0x0B, 0xF7, 0x35, 0x38,
    0x39, 0x84, 0x0F, 0x16, 0x44, 0x0B, 0xCC, 0x79, 0x70, 0xB7, 0xD5, 0x89, 0xF0, 0xBD, 0x42, 0x0E,
    0x48, 0x07, 0xC0, 0x18, 0xE0, 0x26, 0x7E, 0x66, 0xF7, 0xF4, 0x46, 0x22, 0x5D, 0x3C, 0x7F, 0x47,
    0x1A, 0xF8, 0x2B, 0x98, 0x5E, 0x58, 0xFD, 0xD3, 0x7B, 0xA5, 0x3E, 0x97, 0x00, 0x9C, 0xBB, 0x02,
    0x95, 0x0E, 0xD7, 0x31, 0x2A, 0x11, 0x0B, 0x45, 0x30, 0xE8, 0x31, 0x53, 0x57, 0x3B, 0x85, 0x20,
    0xAB, 0x8B, 0xE5, 0x97, 0x48, 0x88, 0xF4, 0x32, 0xFD, 0xED, 0x06, 0x92, 0x67, 0x61, 0x81, 0x1B,
    0xE9, 0xB7, 0xF4, 0xB9, 0xF4, 0x57, 0x03, 0x3C, 0x39, 0xC4, 0x50, 0x4D, 0x09, 0x86, 0x10, 0x09,
    0x05, 0x66, 0x55, 0x41, 0x22, 0x32, 0xC0, 0xEB, 0x96, 0x93, 0xC4, 0xC6, 0x49, 0xB8, 0x2D, 0xC0,
    0x9D, 0xD3, 0x0F, 0xD9, 0x89, 0x83, 0xAD, 0x20, 0xD0, 0xC8, 0x15, 0x5B, 0xA8, 0x6A, 0x65, 0x8E,
    0xAF, 0x19, 0x94, 0x10, 0xC0, 0x9C, 0xFA, 0xBA, 0xB1, 0x7D, 0x61, 0xA8, 0xA0, 0xF9, 0x74, 0x95,
    0x21, 0x4E, 0x41, 0x2C, 0xA8, 0xDD, 0xD8, 0x83, 0x3B, 0xE0, 0x73, 0xB1, 0x85, 0x48, 0x4E, 0x4F,
    0x37, 0xE2, 0xF8, 0xAA, 0x90, 0x63, 0x2A, 0x0A, 0xCC, 0x02, 0xE1, 0x70, 0x45, 0x1B, 0xB3, 0x71,
    0xB2, 0x18, 0x65, 0x03, 0x0B, 0x02, 0x48, 0xB7, 0x70, 0xB0, 0x3F, 0xAB, 0xB4, 0xDC, 0x50, 0xFC,
    0x1D, 0xBC, 0xFA, 0x28, 0xEF, 0x04, 0x49, 0x0C, 0xA0, 0x23, 0xF2, 0xF0, 0x15, 0xC5, 0x16, 0x72,
    0xBA, 0x0E, 0x68, 0x1E, 0x35, 0x20, 0x00, 0x7F, 0xBE, 0xC4, 0x88, 0x3C, 0x13, 0x6C, 0x80, 0x09,
    0xB5, 0x4A, 0xD3, 0x16, 0x12, 0xC0, 0xA2, 0xE4, 0x38, 0xE2, 0xF9, 0xE0, 0x98, 0x51, 0x57, 0xCD,
    0xD0, 0x0B, 0x30, 0xC6, 0x52, 0xE6, 0x13, 0x1E, 0x06, 0x24, 0xEB, 0x18, 0xC6, 0xE9, 0x12, 0xF0,
    0x5A, 0x32, 0x55, 0x78, 0x04, 0xB6, 0x73, 0x94, 0xF9, 0x06, 0x84, 0x2A, 0x85, 0x31, 0x64, 0x1E,
    0xAA, 0xF1, 0xDE, 0x76, 0x80, 0xCC, 0x24, 0x6A, 0x0C, 0x10, 0x19, 0x4A, 0x0E, 0x78, 0xAB, 0x0C,
    0xBD, 0x5F, 0x1C, 0x2B, 0xE4, 0x14, 0x5B, 0x13, 0x60, 0x15, 0xE5, 0xBA, 0xA2, 0x1A, 0xF4, 0xF4,
    0x2C, 0x04, 0xB5, 0x69, 0x99, 0xDA, 0xB3, 0x3E, 0x00, 0x24, 0xB6, 0xDF, 0x40, 0x4E, 0x2F, 0xA6,
    0xAC, 0xFD, 0x0A, 0xC3, 0x57, 0xD8, 0xAE, 0x62, 0xDE, 0xF3, 0x7B, 0x07, 0xAB, 0xA3, 0x43, 0x1C,
    0x1A, 0xF0, 0x8D, 0x0C, 0x52, 0xBB, 0xCD, 0x89, 0x5A, 0x04, 0xD5, 0xDF, 0xF2, 0xF6, 0x8C, 0xCC,
    0x0F, 0x09, 0x05, 0x18, 0x08, 0x5B, 0x01, 0x7B, 0x99, 0xF5, 0x4B, 0x66, 0xC5, 0x3A, 0x4C, 0x98,
    0x10, 0x6D, 0x3A, 0x5A, 0x23, 0xEA, 0xA4, 0xBB, 0x55, 0x53, 0xC2, 0x38, 0x41, 0x3E, 0x95, 0x8F,
    0xE9, 0x6C, 0x8B, 0x4D, 0x84, 0x5D, 0x49, 0xD0, 0x6F, 0xDC, 0x5A, 0xD3, 0x3A, 0x2D, 0x85, 0x63,
    0x8D, 0x67, 0xBC, 0x8E, 0x40, 0x7F, 0xA2, 0x39, 0x42, 0xCF, 0xF1, 0x09, 0xC6, 0x91, 0x96, 0xC8,
    0x38, 0x1A, 0xAE, 0x84, 0xA5, 0x0B, 0x16, 0x2C, 0x4A, 0x0C, 0x1C, 0xC7, 0x93, 0x8A, 0xE5, 0xA5,
    0x5C, 0xE6, 0xED, 0x49, 0x30, 0x22, 0x0B, 0xD9, 0x78, 0x95, 0x67, 0x4F, 0xFC, 0xE6, 0xA4, 0xDA,
    0x9C, 0x14, 0x6E, 0x17, 0x7D, 0xFE, 0xB3, 0x0C, 0x67, 0x50, 0xA7, 0x7F, 0x91, 0x91, 0x6A, 0xF5,
    0x43, 0x19, 0xD4, 0x74, 0xE8, 0xC0, 0xD4, 0x27, 0xB6, 0x68, 0xC5, 0xD7, 0x70, 0x6A, 0x5E, 0x03,
    0x75, 0xCC, 0x68, 0xD1, 0xF8, 0x07, 0xF8, 0x68, 0x76, 0x21, 0x9F, 0x4E, 0x21, 0x42, 0x1F, 0xF7,
    0x23, 0x75, 0xBD, 0x3E, 0x33, 0x52, 0xF7, 0xEF, 0xE3, 0x79, 0x8D, 0x52, 0x6B, 0x1D, 0xAE, 0xC6,
    0xA8, 0x5E, 0x43, 0x55, 0xAB, 0x2E, 0x6C, 0x23, 0x75, 0x79, 0x88, 0x48, 0x7D, 0x4A, 0x34, 0xA6,
    0xD6, 0x48, 0x7D, 0xB2, 0x00, 0x60, 0xEB, 0xA9, 0x76, 0x34, 0xB9, 0x42, 0xE3, 0x40, 0x97, 0x1F,
    0xBA, 0xEF, 0x5F, 0x94, 0xC8, 0x70, 0x98, 0x72, 0xA8, 0x35, 0xBF, 0xF0, 0x50, 0x1B, 0x9D, 0xCE,
    0x02, 0x19, 0x0B, 0xE1, 0x90, 0x19, 0x94, 0x39, 0x89, 0x04, 0xF1, 0x02, 0xA6, 0xA8, 0x30, 0x29,
    0xD1, 0x9E, 0xDF, 0x39, 0x33, 0xEF, 0x51, 0x5F, 0x4A, 0xC0, 0x03, 0xBC, 0xA1, 0x37, 0x9A, 0xE2,
    0x47, 0x27, 0x28, 0xBB, 0x28, 0xAF, 0x39, 0xBD, 0xB7, 0x99, 0x9E, 0x51, 0xFC, 0x18, 0xA7, 0xB1,
    0x53, 0xF1, 0x16, 0x22, 0x00, 0x72, 0x44, 0xFC, 0xDD, 0xD0, 0x2C, 0x2F, 0xB7, 0x12, 0xE5, 0x90,
    0xD7, 0xD9, 0x94, 0x97, 0xE9, 0x74, 0xC0, 0xEC, 0x51, 0xDF, 0x67, 0x28, 0x85, 0xE8, 0x50, 0xE9,
    0xA2, 0x1A, 0x98, 0xCD, 0x31, 0xD3, 0x4B, 0xA7, 0x3F, 0x72, 0xF9, 0x94, 0x3F, 0x85, 0xF3, 0x96,
    0xEE, 0x36, 0x26, 0x19, 0x32, 0x9E, 0xAA, 0x74, 0x27, 0x9B, 0x7F, 0x9D, 0x9A, 0x1B, 0x70, 0x5C,
    0x10, 0x69, 0x66, 0x26, 0xAD, 0x20, 0x13, 0x53, 0x35, 0x2F, 0x33, 0x46, 0x11, 0xFA, 0x11, 0x7A,
    0x2F, 0x60, 0x41, 0xCB, 0xA4, 0x63, 0x8A, 0xD7, 0x10, 0x14, 0x0D, 0x82, 0x66, 0x78, 0x82, 0xB3,
    0x89, 0x99, 0xD6, 0x40, 0x64, 0x3D, 0xE2, 0x6C, 0xCD, 0xBB, 0x7C, 0x46, 0x59, 0xC7, 0xB7, 0xF8,
    0xAE, 0x05, 0x59, 0x39, 0xDB, 0xD4, 0x7C, 0x09, 0x51, 0x4A, 0xC8, 0x00, 0x55, 0x6A, 0x54, 0x14,
    0x67, 0x43, 0xB7, 0x29, 0x59, 0xB8, 0x85, 0x49, 0xE6, 0x3E, 0x5A, 0xFC, 0x73, 0xFF, 0x77, 0x51,
    0x7E, 0x82, 0xB1, 0x51, 0x89, 0x6A, 0x58, 0x7E, 0xB2, 0x62, 0xC5, 0x5E, 0xC0, 0x63, 0xC1, 0x4F,
    0x08, 0x84, 0x88, 0x37, 0xD5, 0xCB, 0x1D, 0x1D, 0xAC, 0x8E, 0x75, 0x86, 0x21, 0x88, 0x4A, 0x3A,
    0x16, 0x5E, 0x35, 0xCA, 0xB4, 0xF1, 0x43, 0x84, 0x2C, 0x34, 0x53, 0xF2, 0x0E, 0xC2, 0x74, 0x25,
    0xE9, 0x40, 0x02, 0xD3, 0xA3, 0x04, 0xC6, 0x21, 0x96, 0xF3, 0x4D, 0xEE, 0x1E, 0xB2, 0xD8, 0x12,
    0x2A, 0x7F, 0x8E, 0x3E, 0xE0, 0x91, 0xCE, 0x5E, 0xB0, 0xF7, 0x52, 0x6B, 0x25, 0x66, 0x9B, 0xCC,
    0x0C, 0x30, 0x2C, 0xCE, 0x12, 0xC3, 0x59, 0x46, 0x99, 0x10, 0x3A, 0xF8, 0xF5, 0x10, 0xFF, 0x96,
    0x77, 0xA5, 0xBF, 0xCB, 0x71, 0x15, 0x2C, 0xF7, 0x14, 0x2C, 0xF7, 0xA8, 0xC9, 0x8A, 0xE4, 0x8F,
    0x33, 0x94, 0x17, 0xDF, 0x26, 0x0F, 0xDF, 0x26, 0x0F, 0x45, 0xDC, 0x1E, 0x22, 0x5C, 0xFB, 0x53,
    0x72, 0xE9, 0xED, 0x02, 0x8A, 0xF8, 0x76, 0x8E, 0xE7, 0x5F, 0x43, 0x79, 0x11, 0x81, 0x1A, 0xF8,
    0x16, 0xA1, 0x1C, 0xD6, 0x2F, 0x2D, 0x62, 0x94, 0x8E, 0xD2, 0x75, 0x64, 0xA6, 0xC6, 0xF0, 0x4D,
    0xB5, 0x93, 0x2C, 0x9D, 0xEA, 0xF3, 0x5E, 0x26, 0x65, 0x80, 0xA2, 0xCA, 0xC6, 0x9B, 0x72, 0x5C,
    0x35, 0xDB, 0xB9, 0xB0, 0x79, 0xF9, 0x78, 0x7F, 0xEE, 0x38, 0x6B, 0x67, 0xB3, 0xCD, 0x1A, 0x43,
    0x48, 0x96, 0x44, 0x51, 0x62, 0xC0, 0xAC, 0x0D, 0xBB, 0xF2, 0x53, 0x1C, 0xAA, 0xE9, 0x35, 0x8D,
    0xDE, 0x50, 0xC1, 0xCA, 0x4D, 0x86, 0xDF, 0xA7, 0xFF, 0xDC, 0x02, 0xDD, 0xE9, 0x9B, 0xF3, 0x2A,
    0x54, 0x5E, 0x09, 0xE6, 0xCC, 0xD6, 0x8B, 0xD3, 0x8F, 0x20, 0xC6, 0x13, 0x00, 0x51, 0x1B, 0x22,
    0x96, 0x85, 0x30, 0xFA, 0xD7, 0x47, 0xDE, 0x1B, 0x2D, 0x4D, 0xDE, 0x00, 0xA4, 0x5A, 0x07, 0x44,
    0xB5, 0x88, 0xD7, 0x56, 0x59, 0x62, 0x8C, 0xE3, 0x1B, 0x14, 0x08, 0xC7, 0x0A, 0x05, 0x4D, 0x85,
    0x74, 0xFE, 0x3D, 0xD0, 0xB7, 0x8E, 0x9A, 0x66, 0x5A, 0xA7, 0x3D, 0x1B, 0x6F, 0xFA, 0x01, 0x33,
    0x81, 0xEA, 0x8B, 0x1A, 0xD2, 0xCE, 0x9F, 0x4D, 0xFA, 0xC9, 0x73, 0x0D, 0x0D, 0xD7, 0xEE, 0x51,
    0x3A, 0xE9, 0xB0, 0x6E, 0xA5, 0x53, 0x4A, 0xA7, 0x6C, 0x5E, 0x39, 0x20, 0xAE, 0x4C, 0x19, 0x8D,
    0x8E, 0x99, 0x1C, 0x74, 0x91, 0x3E, 0x29, 0x14, 0x95, 0xBC, 0xD4, 0x1E, 0xF1, 0x70, 0x53, 0x40,
    0x1D, 0x9A, 0x7C, 0xB2, 0x3C, 0x0C, 0xE2, 0x98, 0xA8, 0x48, 0x05, 0xC2, 0x3C, 0x6C, 0xB0, 0x3C,
    0xAC, 0x7B, 0x29, 0xA2, 0x21, 0x9B, 0xEF, 0xAC, 0xBA, 0xF5, 0x0C, 0x79, 0xF9, 0x56, 0x8C, 0x28,
    0x43, 0xD4, 0xC2, 0xD6, 0xD6, 0x97, 0x26, 0x90, 0x4B, 0x79, 0x98, 0x11, 0x53, 0xFE, 0xA0, 0xFD,
    0x41, 0xFD, 0x37, 0x84, 0x15, 0xD4, 0x13, 0xA4, 0x5F, 0x98, 0x54, 0x55, 0xA9, 0x8A, 0xC9, 0x6C,
    0x42, 0x8E, 0xC7, 0xD3, 0x15, 0xDC, 0xAC, 0x2C, 0xEC, 0x70, 0xF5, 0xDE, 0x74, 0xED, 0x93, 0x9C,
    0x3F, 0x98, 0xA2, 0xC7, 0x6C, 0x79, 0x34, 0xB4, 0x7A, 0xC2, 0x55, 0x5C, 0xEE, 0xE1, 0xE2, 0xC7,
    0xC6, 0xE8, 0xD5, 0xB1, 0x8D, 0x87, 0x53, 0x4D, 0x4A, 0x5E, 0x0B, 0xE5, 0x59, 0x07, 0x1F, 0x05,
    0xBA, 0x0C, 0x74, 0x11, 0xA8, 0x3B, 0x0A, 0xD4, 0x6D, 0xA9, 0xB1, 0x7C, 0xC3, 0xE5, 0x67, 0xE9,
    0xD5, 0xE7, 0x5F, 0x92, 0x1A, 0xF7, 0xCB, 0x20, 0x0A, 0xF5, 0x96, 0x2A, 0x3F, 0xFF, 0x52, 0x50,
    0x15, 0x67, 0xBD, 0x8C, 0x1C, 0x15, 0x04, 0x3F, 0xC9, 0x7C, 0x2A, 0xC6, 0x9D, 0xEA, 0x12, 0x29,
    0x8C, 0x95, 0xEE, 0x2A, 0x01, 0x67, 0x03, 0x3B, 0xAF, 0x27, 0xCA, 0xDE, 0x13, 0xA6, 0x84, 0x98,
    0xB9, 0x0D, 0x41, 0xD8, 0xCB, 0x0A, 0x34, 0xEB, 0xA7, 0xE3, 0xFE, 0x09, 0x42, 0x60, 0x96, 0xA2,
    0xAD, 0x72, 0xFC, 0x2A, 0x27, 0x1A, 0xA0, 0xDA, 0x89, 0x98, 0x7D, 0xB6, 0xB2, 0x74, 0x38, 0x99,
    0xEC, 0xE4, 0x61, 0xB6, 0x0E, 0x6F, 0x31, 0x40, 0xB6, 0xD8, 0xED, 0xD5, 0x4E, 0xA8, 0xE1, 0x4C,
    0xFA, 0xA1, 0xDE, 0x34, 0x07, 0x3C, 0x49, 0xC3, 0x1A, 0xE2, 0x22, 0x54, 0x73, 0x5C, 0xB2, 0x09,
    0x95, 0x82, 0x7B, 0x73, 0xB0, 0x12, 0xFB, 0x55, 0x1A, 0x2B, 0x22, 0x17, 0xFB, 0x14, 0x8B, 0x53,
    0x72, 0xCA, 0x72, 0x38, 0xAC, 0xED, 0x33, 0x34, 0xB7, 0xF2, 0xFF, 0x85, 0xD8, 0xE2, 0x98, 0x85,
    0xE2, 0x4A, 0xFF, 0x8D, 0x0A, 0xA1, 0xED, 0xFB, 0xD6, 0x9E, 0x57, 0xE1, 0x7B, 0x0E, 0xCD, 0x91,
    0x6C, 0x94, 0x05, 0x4A, 0x0F, 0x08, 0xF8, 0xB7, 0x34, 0x84, 0x9D, 0xED, 0x65, 0x5A, 0x85, 0xAE,
    0x87, 0x21, 0xC4, 0x56, 0xCA, 0xD6, 0x2F, 0x86, 0x11, 0x85, 0x41, 0x27, 0x7B, 0x65, 0x3A, 0xF7,
    0x57, 0xA6, 0xC9, 0x16, 0x51, 0x78, 0x0B, 0x38, 0xAC, 0xD0, 0xAD, 0x41, 0xDF, 0x0D, 0x9D, 0xDD,
    0x14, 0xF5, 0x9E, 0x51, 0x4D, 0xE7, 0x82, 0x69, 0xA2, 0x3A, 0xCD, 0x6F, 0xA2, 0x07, 0x09, 0xEC,
    0x71, 0xD5, 0x69, 0x9B, 0xBE, 0xF5, 0x6D, 0x36, 0x6A, 0xB4, 0xAD, 0x44, 0xC3, 0xC6, 0x40, 0xFA,
    0xF0, 0xAB, 0xB2, 0x7B, 0xE1, 0x49, 0x2E, 0x64, 0xAA, 0xF1, 0xEB, 0xE3, 0x59, 0x23, 0x80, 0x4C,
    0x23, 0xD4, 0x77, 0x75, 0xA4, 0x3A, 0x3D, 0xBF, 0x00, 0xAF, 0x5A, 0x75, 0x4B, 0xFF, 0xE0, 0xC2,
    0x7A, 0x63, 0x6E, 0xE4, 0x86, 0xC8, 0x19, 0x4C, 0xEC, 0xC1, 0xD1, 0xE2, 0x78, 0xBB, 0xEC, 0xCB,
    0xB9, 0xF2, 0xA1, 0xBA, 0x75, 0x70, 0xA4, 0x9A, 0xB0, 0x50, 0xC7, 0x9E, 0x0E, 0x30, 0x57, 0x79,
    0x9F, 0xCF, 0x58, 0xBF, 0x56, 0xE6, 0xF5, 0x45, 0x5B, 0x35, 0xE9, 0x50, 0xB4, 0x7E, 0x0F, 0x79,
    0xA5, 0x2B, 0x9A, 0xB4, 0xD7, 0xFB, 0x5D, 0xDE, 0xA5, 0x63, 0x36, 0x54, 0x4D, 0x32, 0x27, 0xB3,
    0xFC, 0x79, 0x24, 0x4F, 0xF1, 0x4D, 0xCF, 0xEA, 0xFA, 0x6D, 0x4B, 0x3E, 0x0E, 0xCB, 0x43, 0x2C,
    0x57, 0x3D, 0xA6, 0xB8, 0x73, 0x21, 0x63, 0x84, 0x46, 0xA1, 0x1C, 0x1E, 0x8F, 0x28, 0x75, 0x0F,
    0xEA, 0x55, 0xA2, 0x41, 0x1D, 0xCC, 0x62, 0xE0, 0x52, 0x2E, 0x82, 0x12, 0xE7, 0x9F, 0x07, 0x55,
    0x6F, 0xEB, 0x0D, 0x0A, 0x10, 0x94, 0x5C, 0xA5, 0xEC, 0x0D, 0x4D, 0xED, 0x96, 0x9A, 0x22, 0x3E,
    0xF1, 0xA3, 0x95, 0xB6, 0x59, 0x1F, 0x4A, 0xA8, 0x62, 0xAC, 0xE6, 0xB3, 0xEC, 0x45, 0x28, 0x2E,
    0x27, 0xF0, 0x87, 0xDB, 0xAC, 0xE3, 0xA1, 0xBE, 0xA9, 0xEE, 0x4A, 0xA6, 0x6C, 0x1D, 0x6B, 0x00,
    0xB1, 0x98, 0xAA, 0x76, 0x31, 0xF9, 0xC6, 0x64, 0xE1, 0xEA, 0xBF, 0x95, 0xDA, 0xDD, 0x1B, 0xF9,
    0x7A, 0x31, 0x61, 0x9D, 0x85, 0xB1, 0xA0, 0xC7, 0xB2, 0xC8, 0x60, 0x41, 0x37, 0xFE, 0xA3, 0xF0,
    0xAF, 0x39, 0x01, 0x4D, 0x00, 0x8C, 0xCE, 0xBC, 0x07, 0xEA, 0xD3, 0xCE, 0x01, 0xF7, 0xEF, 0x03,
    0x6E, 0x29, 0xDC, 0x72, 0xB6, 0x78, 0xF2, 0x05, 0x80, 0x09, 0x58, 0x21, 0xAC, 0xF4, 0x72, 0x59,
    0xD3, 0x97, 0x97, 0xC7, 0xBF, 0x85, 0x3C, 0x94, 0x02, 0x85, 0x61, 0x43, 0x58, 0x4B, 0xE8, 0xFD,
    0xC7, 0x72, 0xD6, 0x9F, 0x47, 0xEB, 0xB8, 0x7F, 0x14, 0xAD, 0xA3, 0xFE, 0x56, 0xB4, 0xD6, 0xCC,
    0x01, 0x41, 0xEF, 0xE7, 0x01, 0x04, 0xFF, 0xC4, 0xEA, 0x48, 0x53, 0x00, 0xB7, 0xC4, 0x9D, 0xC5,
    0x7A, 0xBB, 0xE4, 0xBB, 0x83, 0x8F, 0xDC, 0x6A, 0x55, 0x32, 0x70, 0x69, 0xA9, 0x91, 0xA8, 0x35,
    0xE6, 0x2A, 0x31, 0x33, 0x2C, 0x55, 0x44, 0xB5, 0x57, 0x56, 0xAA, 0x84, 0x23, 0x50, 0x50, 0x91,
    0xC4, 0x26, 0x8A, 0xB6, 0xE0, 0x32, 0x10, 0x06, 0x94, 0x0D, 0xD0, 0xC8, 0x74, 0x66, 0xD0, 0x25,
    0xB6, 0x72, 0x34, 0x30, 0xE9, 0xB4, 0x35, 0x1C, 0xEA, 0xA7, 0x6F, 0x5E, 0x80, 0x09, 0x55, 0x34,
    0xB5, 0x35, 0x20, 0xA0, 0xE6, 0x3E, 0x1F, 0x23, 0xDB, 0x6C, 0x99, 0x73, 0xD6, 0x28, 0x23, 0xCE,
    0x48, 0xF7, 0x90, 0xE7, 0xF7, 0xC8, 0x66, 0x99, 0x7B, 0x5A, 0xE6, 0xD9, 0xA0, 0x8C, 0x5C, 0xED,
    0x95, 0x91, 0x73, 0x96, 0x91, 0xB3, 0xDF, 0x4C, 0xDB, 0x32, 0x72, 0xF2, 0xF4, 0xD9, 0x02, 0x72,
    0xB3, 0x33, 0x2D, 0x66, 0x58, 0xAE, 0xC1, 0xC6, 0x85, 0xF5, 0x5D, 0x55, 0x16, 0xE0, 0xCD, 0xD3,
    0x8F, 0xDC, 0x75, 0xBC, 0x5A, 0x93, 0x57, 0xEB, 0x97, 0xE7, 0xD5, 0xC5, 0x55, 0x5E, 0x7D, 0x5B,
    0x3E, 0x3B, 0xE2, 0x96, 0x8A, 0x3E, 0xA0, 0x5B, 0xC9, 0x27, 0x47, 0x5F, 0x36, 0xAF, 0xBE, 0x23,
    0x9F, 0x95, 0xEC, 0x4F, 0x1B, 0xF0, 0x55, 0x79, 0x75, 0xB8, 0x3A, 0x5E, 0xA8, 0xB7, 0x2D, 0x60,
    0x5F, 0xC6, 0x0D, 0x49, 0xA4, 0x5D, 0xB0, 0xC5, 0x86, 0x45, 0x08, 0xDF, 0x53, 0x66, 0x8B, 0x91,
    0x4B, 0x7F, 0xD9, 0xC4, 0x7A, 0x4D, 0x22, 0xB6, 0x82, 0x61, 0x6A, 0xE3, 0x42, 0x21, 0xA3, 0x32,
    0x93, 0x5F, 0x18, 0xB1, 0xF5, 0x8C, 0xA5, 0x6D, 0x74, 0x88, 0x27, 0x76, 0x2F, 0xED, 0xCD, 0x22,
    0xB5, 0xB9, 0x99, 0x1B, 0xB8, 0xBD, 0x05, 0xB3, 0x06, 0x68, 0x06, 0x66, 0x3D, 0x47, 0x8D, 0x72,
    0x56, 0x4D, 0xD3, 0xE0, 0x5D, 0x36, 0xC4, 0xDA, 0x33, 0x1D, 0xF4, 0xE5, 0x7E, 0x71, 0xBE, 0xB8,
    0x44, 0xF2, 0x72, 0xB7, 0xBA, 0x7F, 0x5B, 0x93, 0x9E, 0xA6, 0xE8, 0xC1, 0xF2, 0x2E, 0x46, 0x52,
    0xB3, 0x90, 0x0F, 0xB4, 0x63, 0xFE, 0x17, 0xAC, 0x1F, 0x74, 0xE0, 0x43, 0x13, 0xF6, 0x2E, 0x10,
    0x32, 0xAB, 0x29, 0xE8, 0x0D, 0x7F, 0x06, 0x09, 0x41, 0x3E, 0x83, 0x9D, 0x27, 0x27, 0xCA, 0x94,
    0x27, 0xBE, 0xD7, 0x4E, 0xA9, 0x8F, 0xB1, 0x81, 0xEE, 0xE0, 0x7C, 0x0B, 0x4C, 0x8C, 0xEF, 0xC0,
    0x76, 0x1D, 0xAB, 0x04, 0x56, 0x16, 0xF9, 0x35, 0x97, 0xE8, 0x89, 0x0E, 0xCB, 0xC9, 0xFB, 0xA3,
    0xB6, 0xBC, 0xA1, 0x6A, 0xCD, 0x1E, 0x80, 0xC2, 0xA0, 0x1D, 0xD3, 0x63, 0x2A, 0xB7, 0xFE, 0x6F,
    0xE9, 0x27, 0xAB, 0x7B, 0xEB, 0x92, 0xEE, 0x06, 0x72, 0x9C, 0x5F, 0xA1, 0xD7, 0x16, 0x6E, 0x36,
    0x05, 0x9B, 0xE8, 0x39, 0xD4, 0x1D, 0xA1, 0xBE, 0xA2, 0xA1, 0x8F, 0x67, 0xE0, 0x68, 0x64, 0x56,
    0x3E, 0xCE, 0x73, 0xC1, 0x05, 0xF8, 0xF3, 0x82, 0x2B, 0xF0, 0xF7, 0x95, 0x7C, 0x2F, 0x1D, 0xBF,
    0x06, 0x87, 0x84, 0x80, 0xE3, 0xD5, 0xC8, 0x7A, 0xC5, 0x15, 0x6D, 0xC6, 0x44, 0x0B, 0x5B, 0x70,
    0x5F, 0x6C, 0xD6, 0xDD, 0x77, 0x59, 0xC2, 0x8B, 0x92, 0x05, 0xD6, 0x09, 0xF4, 0xF0, 0x48, 0x88,
    0x07, 0xC3, 0x0C, 0x39, 0x71, 0x6D, 0x19, 0xDA, 0x35, 0x38, 0x87, 0x15, 0xF3, 0xBD, 0x8D, 0x62,
    0xED, 0x89, 0xD8, 0xEE, 0x2A, 0xEB, 0x0C, 0x24, 0xE7, 0x29, 0x04, 0xE8, 0xD8, 0xD6, 0xF0, 0x5F,
    0x8C, 0x3E, 0xC4, 0xB4, 0xEB, 0x2D, 0x9A, 0x4B, 0x30, 0xF3, 0x1F, 0xEC, 0xBF, 0xDB, 0xC7, 0x47,
    0xC6, 0xE2, 0x33, 0x79, 0x9F, 0xD5, 0x84, 0x9F, 0x12, 0xDF, 0xD5, 0x57, 0x21, 0x46, 0xED, 0x35,
    0x98, 0x18, 0xCA, 0xD7, 0xBD, 0x6D, 0xA7, 0xDA, 0x1A, 0x87, 0x93, 0xD9, 0xD3, 0xD6, 0x57, 0x57,
    0x31, 0xE1, 0x6E, 0x86, 0xED, 0x7E, 0x88, 0x7A, 0xB7, 0x06, 0xB6, 0x8F, 0xB6, 0x7E, 0x6A, 0xCB,
    0x4D, 0x9B, 0x8A, 0x8B, 0x47, 0x7C, 0x3B, 0x19, 0x66, 0xD8, 0xAF, 0xC7, 0xA2, 0xB4, 0x94, 0x97,
    0x31, 0x7E, 0x00, 0x4C, 0x1E, 0x20, 0x32, 0xDD, 0xE1, 0x52, 0x7E, 0xFE, 0x73, 0x29, 0x6D, 0xCD,
    0x86, 0x9E, 0xB5, 0x54, 0x4E, 0x5E, 0x40, 0xCB, 0xDF, 0x7B, 0x00, 0x4C, 0x9E, 0x41, 0x2B, 0x05,
    0x06, 0xCC, 0x69, 0x98, 0x2B, 0x1A, 0x33, 0x45, 0xE5, 0x8F, 0x17, 0xF2, 0x07, 0xF8, 0x0D, 0xE1,
    0x6E, 0x07, 0x95, 0x9B, 0x0D, 0xBE, 0xB3, 0xC5, 0xC4, 0x50, 0x7E, 0xE0, 0xFB, 0xB0, 0xAD, 0x2B,
    0x98, 0xF4, 0x7C, 0xA6, 0x71, 0x7A, 0xA7, 0xD8, 0xA1, 0xC5, 0x4E, 0x37, 0xA8, 0xF6, 0x89, 0x48,
    0xC0, 0xC3, 0x90, 0xA1, 0x8C, 0x5B, 0xCC, 0xD8, 0x25, 0x96, 0x34, 0x9E, 0x8F, 0xF3, 0xC9, 0x6C,
    0x69, 0x5B, 0x4B, 0xD4, 0xBC, 0x5B, 0x7E, 0xE9, 0x99, 0x7D, 0xA4, 0xC4, 0x64, 0xBD, 0xC3, 0x17,
    0x1C, 0x15, 0x22, 0x57, 0xF5, 0x26, 0xFD, 0xF6, 0xB8, 0x4B, 0x5B, 0x54, 0xEC, 0x61, 0xF4, 0x39,
    0x98, 0xA0, 0x8A, 0x33, 0xFB, 0xB0, 0xE1, 0x0E, 0x7C, 0xF8, 0xCC, 0xA3, 0x8A, 0x53, 0x66, 0xE3,
    0x2B, 0x6F, 0x6C, 0xBB, 0xBC, 0xC9, 0x8D, 0x19, 0x04, 0x3C, 0x6F, 0x63, 0x88, 0xB5, 0xC9, 0xD9,
    0x66, 0x8D, 0x13, 0x96, 0xD8, 0x56, 0x92, 0xDC, 0x32, 0x9B, 0x4A, 0x63, 0xD0, 0xF6, 0x35, 0xC7,
    0x55, 0xE9, 0xFC, 0x1F, 0xB1, 0x36, 0x38, 0x14, 0x28, 0x3C, 0x67, 0x63, 0xF5, 0x2E, 0x6B, 0x19,
    0xFE, 0x03, 0x92, 0xEA, 0x53, 0x59, 0xAD, 0xEE, 0x4D, 0x85, 0x45, 0xEB, 0x66, 0xAC, 0xA6, 0x1B,
    0x21, 0x76, 0x8F, 0xCD, 0x41, 0x44, 0x1B, 0x52, 0xBA, 0x5D, 0x04, 0xE1, 0x60, 0xD0, 0xE1, 0x5A,
    0x47, 0x5A, 0xB3, 0x42, 0xFE, 0x2E, 0x6C, 0xF7, 0xC1, 0x75, 0xAB, 0xAB, 0x85, 0x75, 0x3D, 0xED,
    0xE1, 0xF1, 0x2E, 0x51, 0x89, 0x19, 0x86, 0x14, 0xAA, 0x66, 0x7F, 0x02, 0x09, 0x2D, 0xAB, 0x0F,
    0x54, 0xFF, 0x1A, 0xFF, 0x4D, 0xA4, 0x51, 0x70, 0x0D, 0x45, 0x27, 0xDF, 0x42, 0xCA, 0x64, 0x7B,
    0x4A, 0xD8, 0xAF, 0x2E, 0x64, 0xE4, 0x19, 0x93, 0x3C, 0x43, 0x4B, 0x82, 0x34, 0xE5, 0x58, 0x70,
    0x1F, 0xD5, 0x49, 0xC3, 0x8C, 0xB3, 0xA5, 0xE5, 0x40, 0xB8, 0x61, 0xEB, 0x0D, 0x2B, 0x7E, 0xF2,
    0x8B, 0xB0, 0xA9, 0xBA, 0x8E, 0x4D, 0x99, 0x91, 0xE5, 0x76, 0x4B, 0xE5, 0xFF, 0x0E, 0x9B, 0x62,
    0x73, 0xEF, 0x56, 0xFB, 0xB8, 0x4A, 0x6C, 0xBD, 0x66, 0x19, 0x96, 0x6D, 0x8E, 0xDC, 0xDE, 0xE6,
    0x59, 0xE6, 0x23, 0xCA, 0xD0, 0x5B, 0x96, 0xDA, 0x45, 0xAA, 0xA4, 0xB5, 0x67, 0x62, 0x27, 0x2A,
    0x39, 0x55, 0x2B, 0x9A, 0xC1, 0x69, 0x5A, 0xF7, 0xAB, 0x8B, 0x53, 0xDF, 0xED, 0x31, 0xB4, 0xC5,
    0x92, 0xFD, 0x55, 0x86, 0xAE, 0x8D, 0xA1, 0xF5, 0x89, 0x15, 0x4A, 0x1B, 0x96, 0x09, 0xC8, 0xD0,
    0xC7, 0x57, 0xEB, 0xD6, 0xF3, 0x33, 0xB6, 0xF4, 0x7B, 0xDC, 0x95, 0x60, 0xAA, 0x03, 0xA3, 0xF5,
    0x79, 0x0A, 0x77, 0xAD, 0x0A, 0xDA, 0xEB, 0x7B, 0xA9, 0xAD, 0x1A, 0x70, 0x5B, 0xA1, 0x59, 0xCE,
    0xE1, 0x64, 0x21, 0x5F, 0x0F, 0x0B, 0x3C, 0x5E, 0x42, 0x32, 0x9C, 0x49, 0xB7, 0xD9, 0x74, 0x72,
    0x69, 0x5F, 0xC6, 0xFF, 0x8B, 0xF5, 0xAD, 0x61, 0xB3, 0xAC, 0x35, 0x6E, 0x4F, 0x9C, 0xFB, 0x6E,
    0xC9, 0x6D, 0x85, 0x1A, 0xEB, 0x99, 0xFF, 0xA8, 0x1A, 0x8B, 0xD5, 0xB8, 0x39, 0x73, 0x1B, 0x93,
    0x5E, 0xBB, 0x45, 0x73, 0xEF, 0xEF, 0xCB, 0x5D, 0xE8, 0xB2, 0x2D, 0x69, 0x53, 0xD8, 0x92, 0x36,
    0x45, 0x52, 0xBF, 0x64, 0x25, 0xB9, 0xB2, 0x4A, 0x72, 0x6D, 0x75, 0x69, 0x2B, 0x60, 0xA3, 0x6E,
    0xCC, 0xEA, 0x31, 0xA4, 0x27, 0x54, 0x92, 0xE7, 0x33, 0xBB, 0x6B, 0xD5, 0x29, 0xAB, 0xA5, 0x16,
    0x7B, 0xD5, 0xE3, 0x38, 0x14, 0x99, 0x4A, 0x5B, 0x62, 0xC0, 0x92, 0x93, 0xE7, 0x46, 0xA5, 0xAA,
    0xE5, 0x7E, 0x49, 0x0A, 0x95, 0x61, 0xB5, 0x97, 0xCE, 0x49, 0xB3, 0xD5, 0x77, 0xAB, 0x2F, 0x71,
    0xC5, 0xCB, 0x2D, 0x37, 0xA5, 0xD3, 0xFF, 0x01, 0xD5, 0x5A, 0x3D, 0x8F, 0xDC, 0xD6, 0x15, 0x7D,
    0x24, 0x33, 0x3B, 0xC6, 0x12, 0x08, 0x9B, 0x28, 0x30, 0xB4, 0x05, 0x53, 0x46, 0x52, 0xC1, 0xD6,
    0x55, 0xC8, 0xC4, 0x40, 0xDA, 0xB8, 0xD8, 0xB1, 0x0B, 0x15, 0x49, 0x91, 0xC2, 0x89, 0x8B, 0xFD,
    0x07, 0x21, 0x6D, 0x15, 0x29, 0xD2, 0x6C, 0x9A, 0xD4, 0x2E, 0xB6, 0x30, 0x56, 0xC5, 0xFE, 0x02,
    0x8B, 0x04, 0x5C, 0x04, 0x88, 0x8B, 0x30, 0x80, 0x55, 0xA5, 0x08, 0x83, 0xC8, 0x45, 0xEC, 0x22,
    0xB4, 0xCD, 0x00, 0x5C, 0x89, 0xE4, 0xCD, 0x39, 0xF7, 0x72, 0x66, 0x67, 0xC7, 0xBB, 0xB6, 0x0C,
    0xCB, 0xB1, 0x3C, 0x98, 0x3D, 0x87, 0x33, 0xE4, 0x92, 0xF7, 0xDD, 0x77, 0xDF, 0xFD, 0x7A, 0x73,
    0x47, 0x3E, 0x39, 0x9B, 0x52, 0xF9, 0x54, 0x00, 0xFF, 0x94, 0xF3, 0x40, 0x5C, 0x5A, 0x03, 0xCA,
    0x22, 0x10, 0x4F, 0x5C, 0x20, 0xC1, 0x08, 0x90, 0x9E, 0xD0, 0x11, 0x26, 0x7E, 0x27, 0x38, 0xEB,
    0x84, 0xD7, 0xA5, 0x2D, 0x20, 0xEE, 0x01, 0xE1, 0x90, 0x48, 0x13, 0xE0, 0x2E, 0xF8, 0x06, 0xE0,
    0x8B, 0x73, 0x4E, 0x21, 0x50, 0x98, 0x00, 0xD1, 0x00, 0x48, 0x3B, 0x80, 0x34, 0x80, 0x32, 0x03,
    0xBC, 0xE4, 0xEC, 0x75, 0x63, 0xB5, 0x5A, 0x1D, 0x3A, 0x97, 0x8B, 0xC8, 0xB0, 0xA1, 0x03, 0x10,
    0xAE, 0x0C, 0x7A, 0x27, 0xD5, 0xE7, 0xA8, 0x53, 0x5A, 0x5E, 0x49, 0xAD, 0x52, 0x78, 0x89, 0xA2,
    0x99, 0x1A, 0xA5, 0xD8, 0x28, 0xAD, 0x95, 0xF2, 0x8A, 0xF4, 0x43, 0x51, 0x4A, 0x25, 0x23, 0xE5,
    0x18, 0x18, 0x86, 0x5B, 0x8E, 0xF8, 0x42, 0x32, 0x8C, 0x1E, 0xE4, 0x6E, 0x40, 0x66, 0x6F, 0x52,
    0x89, 0xFD, 0xD1, 0x68, 0x50, 0x82, 0x54, 0x4A, 0xED, 0x36, 0xE1, 0xE5, 0x61, 0x08, 0x02, 0x45,
    0x10, 0xED, 0xD8, 0x45, 0x8F, 0x4B, 0x9C, 0x8E, 0xEA, 0x74, 0x07, 0x63, 0xC3, 0xEA, 0x02, 0x13,
    0xC5, 0x54, 0x31, 0x2F, 0x88, 0x92, 0x01, 0xEF, 0x50, 0xEF, 0x2E, 0x9F, 0x70, 0xD7, 0xA2, 0x1C,
    0x30, 0x29, 0x55, 0xD9, 0x00, 0x8B, 0x05, 0xD5, 0x4B, 0xA5, 0xBA, 0x5C, 0x9F, 0xFD, 0x40, 0xF1,
    0x5D, 0x45, 0x93, 0xF2, 0x1D, 0xE8, 0xF9, 0x15, 0x6F, 0xB5, 0x72, 0x22, 0x6D, 0x08, 0x59, 0x66,
    0x8A, 0x25, 0xF3, 0xCA, 0xCE, 0x2D, 0x31, 0xA2, 0xB4, 0x79, 0x2A, 0x92, 0xD3, 0xD3, 0x92, 0xA4,
    0x13, 0xB4, 0x43, 0x4F, 0x7F, 0x17, 0xA3, 0x5C, 0x6A, 0x12, 0x64, 0xD9, 0x22, 0xBE, 0xD6, 0x54,
    0x2B, 0xE5, 0x46, 0x65, 0x45, 0x7C, 0x55, 0x0A, 0xFD, 0x20, 0xFA, 0x9D, 0xD8, 0x54, 0x48, 0xB3,
    0xD6, 0x3A, 0x54, 0xD4, 0x1E, 0x49, 0x0D, 0x3B, 0x2C, 0x89, 0x4D, 0x2E, 0x15, 0x4D, 0x94, 0xB6,
    0xEC, 0x96, 0xC3, 0x0E, 0xD2, 0xD4, 0x2E, 0xE3, 0xEA, 0xEE, 0x70, 0xE5, 0x95, 0x44, 0x58, 0x39,
    0x10, 0x77, 0xDE, 0x20, 0x5E, 0xDB, 0x18, 0x2A, 0xAA, 0xAD, 0x2F, 0x72, 0x1A, 0x7B, 0x28, 0xB4,
    0x86, 0x88, 0x76, 0xE6, 0xA2, 0xD1, 0x6D, 0x0C, 0xFE, 0x79, 0x9C, 0x88, 0x3D, 0x98, 0x91, 0xC9,
    0x52, 0xCD, 0x64, 0x4A, 0x2F, 0x8C, 0x4C, 0x74, 0x53, 0xBA, 0x9B, 0x87, 0x62, 0x96, 0xE5, 0xFA,
    0x6F, 0x5A, 0xF5, 0x23, 0x55, 0x8F, 0xB7, 0xDE, 0xB9, 0x53, 0xD4, 0x55, 0x16, 0xE9, 0xAC, 0x47,
    0x6A, 0x1D, 0x91, 0x8A, 0x1B, 0x1B, 0xEA, 0x4A, 0xB8, 0x49, 0x45, 0xE3, 0x8D, 0x8B, 0x73, 0xE9,
    0x0C, 0xA1, 0xE5, 0x03, 0x29, 0x96, 0xE3, 0x7C, 0xDB, 0x5D, 0xA4, 0x8B, 0xA3, 0xC3, 0x22, 0xCE,
    0xEF, 0xFA, 0x68, 0xB3, 0x7A, 0x4B, 0xC5, 0x58, 0x9E, 0x50, 0x0B, 0x87, 0xEA, 0xDC, 0xDC, 0x17,
    0xA2, 0x5F, 0xAA, 0x0F, 0xA3, 0xFF, 0x5C, 0xA3, 0xAA, 0x6C, 0x46, 0xD5, 0x5B, 0xD0, 0x5D, 0x78,
    0x8D, 0x0B, 0xDF, 0x71, 0x26, 0x6F, 0xC9, 0x24, 0xF2, 0x1E, 0xE1, 0x65, 0x19, 0x61, 0x52, 0x79,
    0xBD, 0x03, 0xA1, 0x82, 0xFC, 0xB4, 0xAC, 0xA9, 0xC0, 0x9A, 0x32, 0xD6, 0xEE, 0x68, 0x2A, 0xEB,
    0xF5, 0x82, 0xD9, 0x40, 0x22, 0xE7, 0xF4, 0xAB, 0xD3, 0x1A, 0xB2, 0xB5, 0x9B, 0xB8, 0x80, 0xDF,
    0x11, 0x7E, 0x43, 0xD3, 0xCC, 0x9C, 0xB7, 0x3A, 0xE4, 0xE4, 0x07, 0x32, 0xF0, 0x8E, 0xA1, 0x0C,
    0x31, 0xB4, 0x1D, 0x49, 0xBD, 0x04, 0x25, 0x92, 0x2D, 0x11, 0x12, 0x52, 0x12, 0x9E, 0x4F, 0x9A,
    0x60, 0xC1, 0xD9, 0xF2, 0x89, 0x78, 0x23, 0xE8, 0x5C, 0x5E, 0x1E, 0x40, 0xBD, 0xFC, 0xB9, 0x23,
    0xE5, 0xEF, 0xB7, 0xA4, 0x54, 0x6A, 0x52, 0x0C, 0xCB, 0x02, 0x45, 0x70, 0xA9, 0xA0, 0x10, 0xA6,
    0x0F, 0x42, 0x94, 0x21, 0xC1, 0x97, 0x92, 0x68, 0x62, 0x97, 0xA9, 0xC8, 0xB1, 0xDE, 0x43, 0xEA,
    0xA1, 0x82, 0xEA, 0xC5, 0xC8, 0xDC, 0x70, 0x60, 0x66, 0x18, 0x5C, 0x76, 0xC3, 0xDD, 0xB6, 0x1B,
    0x5E, 0xAE, 0xFD, 0x02, 0x04, 0xC7, 0x1F, 0x04, 0xAF, 0xE8, 0x39, 0x20, 0x90, 0xD3, 0x78, 0x86,
    0x60, 0xD5, 0x82, 0xBA, 0x40, 0xA9, 0x0F, 0x95, 0x86, 0xE8, 0x3F, 0xA0, 0x71, 0x8A, 0xFF, 0x0A,
    0x1A, 0x24, 0xFD, 0x05, 0x29, 0x97, 0x88, 0x94, 0x8E, 0x4A, 0xC9, 0xA0, 0x14, 0x75, 0x4A, 0x61,
    0xAB, 0x14, 0x34, 0x91, 0x6A, 0x08, 0x4F, 0x28, 0xF8, 0x20, 0xC8, 0x6A, 0x64, 0x4B, 0xC8, 0xFC,
    0xF3, 0xEC, 0xA0, 0x67, 0x0F, 0x3D, 0xBB, 0xE8, 0xF5, 0x4A, 0x7A, 0xC7, 0xDD, 0x99, 0x5C, 0xAA,
    0xEF, 0xE0, 0x6B, 0xBC, 0x13, 0x5D, 0x84, 0xA9, 0xAC, 0xCD, 0x29, 0xA9, 0xA9, 0x95, 0xA4, 0x59,
    0x32, 0xE0, 0xF4, 0x10, 0x92, 0x7E, 0xA2, 0xD2, 0x08, 0xC5, 0xD3, 0x8B, 0x57, 0x36, 0xCE, 0xD3,
    0x2D, 0x7E, 0xAD, 0xFF, 0xA0, 0xF2, 0xA4, 0xAA, 0xDF, 0x5C, 0x95, 0x6D, 0x57, 0x4E, 0x18, 0x1C,
    0xC2, 0x1E, 0x07, 0x14, 0x0C, 0x74, 0xC7, 0x98, 0xDB, 0x9A, 0x61, 0x96, 0xFE, 0x3A, 0x6A, 0x13,
    0x86, 0xAF, 0x26, 0xEE, 0x18, 0xB8, 0xE8, 0x05, 0x0D, 0xCB, 0x8F, 0xCE, 0x46, 0xDE, 0x60, 0x13,
    0x06, 0x7D, 0x39, 0xBD, 0x8F, 0x3C, 0x62, 0xC0, 0xC7, 0x8A, 0x8E, 0x53, 0xAA, 0xA8, 0xA7, 0x0B,
    0x57, 0x73, 0x1A, 0x21, 0x59, 0xA4, 0xD3, 0x0D, 0x5C, 0x9C, 0x78, 0x27, 0x90, 0xD8, 0xEF, 0xE1,
    0x09, 0x02, 0x26, 0x21, 0x67, 0x0C, 0x84, 0x14, 0xFD, 0xE0, 0xDC, 0xED, 0xBE, 0x3C, 0xA8, 0x1D,
    0x43, 0x57, 0x2B, 0x85, 0x8D, 0x26, 0x1F, 0x1C, 0xC1, 0x65, 0x17, 0x90, 0x20, 0xC9, 0xD4, 0x31,
    0x2F, 0x67, 0xF0, 0xE9, 0x6E, 0x62, 0x42, 0x7A, 0x0E, 0x97, 0x53, 0x52, 0x06, 0x05, 0xA9, 0x70,
    0x5D, 0xD9, 0xE4, 0x83, 0x26, 0x21, 0x05, 0x53, 0x23, 0x2C, 0xB0, 0xB7, 0x60, 0x2B, 0x87, 0x1A,
    0xEE, 0xDF, 0xDE, 0xC3, 0xB8, 0xC3, 0x2E, 0x56, 0x2D, 0x26, 0x8A, 0x3C, 0x5E, 0xB6, 0xE6, 0x81,
    0xDC, 0xF3, 0xAA, 0x45, 0xEF, 0x6D, 0xFF, 0x18, 0x03, 0xC7, 0xBC, 0x87, 0xB0, 0x58, 0x1E, 0x41,
    0x95, 0x5D, 0xD8, 0xFC, 0xBF, 0x15, 0xE8, 0x56, 0x7C, 0x65, 0x26, 0x3F, 0xBE, 0x5C, 0xB3, 0x3B,
    0x9A, 0x39, 0xFA, 0x6C, 0x52, 0x6F, 0x9E, 0xFC, 0x6B, 0x72, 0x21, 0x38, 0x7D, 0x6F, 0x72, 0xD4,
    0x79, 0x79, 0xCF, 0x16, 0xBC, 0x68, 0x2E, 0xE9, 0xFC, 0xC9, 0x38, 0x18, 0x35, 0x3F, 0xC5, 0xA8,
    0x8C, 0xA3, 0xCE, 0x38, 0x46, 0x1E, 0x7A, 0x7A, 0xE2, 0x98, 0xB5, 0xE9, 0x75, 0xF9, 0xCC, 0x62,
    0xEC, 0xC9, 0xEA, 0xB5, 0xC9, 0x79, 0x99, 0xAD, 0x95, 0x25, 0x63, 0xBA, 0x72, 0xC4, 0x54, 0x77,
    0xF5, 0xCB, 0xA6, 0x94, 0x2C, 0x61, 0x14, 0x85, 0xF2, 0xF2, 0x6D, 0x9E, 0xB5, 0xB4, 0x07, 0x85,
    0x96, 0x74, 0x81, 0xF2, 0xBE, 0xD0, 0x93, 0xA8, 0x4F, 0x4A, 0x3F, 0x38, 0x92, 0xBF, 0x21, 0x46,
    0x65, 0x11, 0x13, 0xB4, 0xC4, 0x85, 0x58, 0x84, 0x98, 0x46, 0xC4, 0x3E, 0xCC, 0xE3, 0xE2, 0xEE,
    0xB8, 0x3A, 0xEA, 0x34, 0x34, 0x4B, 0x97, 0x18, 0xE5, 0xFF, 0xBD, 0x3B, 0xAD, 0x10, 0x9B, 0x2A,
    0x06, 0x60, 0x28, 0x6E, 0x39, 0x19, 0xC1, 0x34, 0x8A, 0x92, 0xB1, 0xEE, 0xA0, 0xC6, 0x43, 0x11,
    0x71, 0xDA, 0x44, 0x90, 0x5E, 0x43, 0xB3, 0x74, 0xC0, 0x30, 0x7A, 0x68, 0xF2, 0xC6, 0x2C, 0x09,
    0x04, 0x7F, 0x40, 0xEF, 0x47, 0x47, 0xC6, 0x5C, 0x54, 0x07, 0x9F, 0x50, 0x91, 0xDE, 0x6A, 0x2B,
    0xB7, 0xCE, 0x54, 0x42, 0x05, 0x3A, 0x50, 0x3E, 0x31, 0xDA, 0xC0, 0x5E, 0xA1, 0x02, 0x6C, 0x01,
    0x55, 0xB7, 0xE4, 0xAD, 0x66, 0xE0, 0xC7, 0x9D, 0x4B, 0x46, 0x68, 0x0F, 0x00, 0xD5, 0x8D, 0x2E,
    0x6C, 0x96, 0x13, 0x94, 0x36, 0x6B, 0x6A, 0x0D, 0x8B, 0x13, 0x77, 0xE2, 0xC2, 0xA7, 0x5C, 0xB8,
    0x90, 0xB9, 0xA0, 0x31, 0xC0, 0x3E, 0xD5, 0xB2, 0xC6, 0x78, 0xB4, 0xEA, 0x22, 0xAD, 0x51, 0x46,
    0x94, 0x95, 0x2F, 0x19, 0x43, 0xAF, 0x8E, 0x43, 0x41, 0x13, 0x77, 0x67, 0x91, 0xAE, 0xB1, 0xC2,
    0xE2, 0x05, 0x97, 0x8C, 0xDE, 0xBB, 0x08, 0x53, 0xC2, 0xA0, 0xCD, 0x0A, 0xA2, 0x94, 0x63, 0x28,
    0xE2, 0x15, 0x9D, 0xB1, 0x63, 0x4D, 0x18, 0x47, 0x26, 0x64, 0xF4, 0xC6, 0xA9, 0x4E, 0x67, 0xF2,
    0xC8, 0x47, 0x48, 0xFE, 0x3E, 0xFE, 0x5D, 0xD7, 0x69, 0xAC, 0xEB, 0x34, 0x54, 0x4B, 0x59, 0x5E,
    0x8E, 0xE4, 0xB9, 0x3E, 0xB4, 0xDC, 0xC6, 0xC7, 0x58, 0x7C, 0x30, 0x75, 0x3D, 0xDB, 0x30, 0x71,
    0xC8, 0x5B, 0xCE, 0x36, 0x24, 0xE1, 0x7A, 0x19, 0xF4, 0x40, 0xFE, 0x34, 0x67, 0x64, 0x3A, 0xBA,
    0x49, 0x07, 0xAA, 0x56, 0x74, 0xB8, 0x19, 0x79, 0x39, 0xA9, 0x4C, 0x4C, 0xC0, 0x18, 0x56, 0x1F,
    0x62, 0xE9, 0xBC, 0xE0, 0xA2, 0x69, 0x53, 0x3B, 0xA9, 0xA7, 0x90, 0x8C, 0x02, 0x98, 0x0E, 0xCA,
    0x8F, 0xEE, 0x03, 0x2A, 0xD5, 0x8B, 0x3E, 0x1B, 0xA6, 0x9B, 0x76, 0xB1, 0xAE, 0xC7, 0x8E, 0xB7,
    0xE2, 0xB2, 0x9A, 0xD6, 0x4E, 0xFD, 0xB6, 0x7B, 0x9D, 0x0F, 0xF9, 0x29, 0xEF, 0x85, 0x75, 0x48,
    0x7C, 0x53, 0x34, 0x06, 0x8D, 0x3B, 0x53, 0xF0, 0x5C, 0xEA, 0xE8, 0x69, 0x1D, 0x17, 0xD4, 0x98,
    0x99, 0x1A, 0x53, 0x75, 0x5C, 0x0F, 0xF3, 0x11, 0x6A, 0x0C, 0x37, 0x25, 0xA8, 0x4F, 0x35, 0x7A,
    0x4C, 0x25, 0x58, 0x36, 0x29, 0x3C, 0x56, 0x35, 0x7A, 0x50, 0x2D, 0x6D, 0x2C, 0x35, 0x35, 0x46,
    0xB3, 0x1A, 0x97, 0x3B, 0x6A, 0x74, 0xEE, 0x16, 0x42, 0xB3, 0xB9, 0x20, 0x7F, 0x9A, 0x0F, 0x5E,
    0x96, 0xF5, 0xC1, 0xFC, 0xCD, 0x03, 0x6F, 0x70, 0x57, 0xBD, 0x16, 0x9A, 0x85, 0x22, 0xB3, 0x8A,
    0xA4, 0xD7, 0xB0, 0xDC, 0xAC, 0x0F, 0xF0, 0x68, 0xAE, 0xF8, 0x03, 0x48, 0xAF, 0x53, 0x1A, 0xF6,
    0x4C, 0xC6, 0x71, 0xC0, 0x10, 0x1D, 0xB3, 0x90, 0xD6, 0xB8, 0x30, 0xE0, 0x20, 0x67, 0xDD, 0x3B,
    0xE2, 0x40, 0xD4, 0x83, 0xF9, 0xB3, 0x1C, 0xF2, 0xB1, 0xDC, 0xB7, 0x28, 0x23, 0x9A, 0x5F, 0x5A,
    0xFD, 0xDC, 0xAF, 0x4F, 0x8D, 0x3A, 0x78, 0x5F, 0x54, 0x0B, 0xCB, 0xC9, 0xB7, 0x95, 0x13, 0xF1,
    0x86, 0x5C, 0x3D, 0x89, 0x3E, 0x82, 0x15, 0xA6, 0x3E, 0x54, 0x83, 0x08, 0xC5, 0xD0, 0x04, 0xD8,
    0xE7, 0x42, 0x82, 0x27, 0x6C, 0x62, 0xBE, 0xBB, 0x5C, 0x13, 0x8A, 0x44, 0xFA, 0xCD, 0x01, 0x33,
    0xEC, 0x5B, 0x96, 0xD2, 0x54, 0x32, 0x17, 0x68, 0x92, 0xCD, 0x9F, 0x33, 0xCB, 0x78, 0x1E, 0xB8,
    0xEB, 0x5F, 0x89, 0xFC, 0x45, 0xBA, 0x33, 0xBA, 0xD0, 0xF7, 0xA5, 0x57, 0x57, 0xFA, 0x07, 0xE9,
    0x60, 0x80, 0x18, 0x99, 0x14, 0x49, 0xCD, 0x62, 0xA3, 0x2C, 0xD2, 0x8A, 0x25, 0x48, 0x59, 0xF0,
    0x86, 0x69, 0x55, 0xBE, 0xC9, 0x51, 0xC7, 0x8F, 0xE5, 0xE3, 0x41, 0xEB, 0x2A, 0x1B, 0x6A, 0x64,
    0x2D, 0x03, 0x97, 0xE0, 0xFB, 0x49, 0x73, 0xDE, 0xF2, 0x2D, 0x5E, 0x8F, 0xE2, 0xB8, 0xC0, 0x78,
    0xE9, 0x3E, 0x8A, 0x5C, 0xCD, 0xB0, 0x64, 0x25, 0x7D, 0x34, 0x2C, 0xA5, 0x8B, 0xA6, 0xAC, 0x44,
    0x26, 0x3A, 0x84, 0xB0, 0x85, 0x16, 0x1C, 0xC0, 0x00, 0x5F, 0x87, 0xCF, 0xF2, 0x24, 0x60, 0x80,
    0x43, 0x6A, 0xE9, 0x11, 0xDC, 0xE8, 0xF7, 0xDB, 0x32, 0xDF, 0x9C, 0x8E, 0x69, 0x68, 0xA3, 0x3E,
    0x33, 0x8B, 0xA6, 0x33, 0x04, 0x58, 0x58, 0x51, 0x8D, 0xEA, 0xA3, 0x24, 0xE4, 0xF5, 0x22, 0xB3,
    0xC4, 0x9B, 0x8A, 0xA6, 0xDD, 0x45, 0x5C, 0x52, 0x11, 0x6D, 0x3A, 0xA2, 0x41, 0xED, 0xDF, 0x57,
    0xDF, 0x45, 0x27, 0xAD, 0x9A, 0xBF, 0x04, 0xDF, 0x63, 0xFC, 0x8E, 0x3E, 0xBC, 0x2B, 0x15, 0xA3,
    0x44, 0x96, 0xF2, 0x41, 0x7B, 0x1A, 0x79, 0x16, 0x58, 0x0E, 0xFE, 0xF1, 0x5E, 0x11, 0x75, 0x71,
    0xC3, 0xDC, 0x23, 0xEA, 0x92, 0x76, 0x37, 0xEF, 0x40, 0x60, 0x62, 0xE0, 0x42, 0xF0, 0x40, 0x94,
    0x29, 0xE2, 0x01, 0xC1, 0x68, 0x58, 0x38, 0x26, 0x05, 0x88, 0x41, 0xB7, 0xF1, 0xC4, 0x5C, 0x2B,
    0x00, 0x58, 0x36, 0x6B, 0x53, 0xCE, 0x36, 0xA3, 0x7A, 0x34, 0xBC, 0x88, 0xB5, 0x98, 0x3C, 0x61,
    0x5D, 0x85, 0xA8, 0x43, 0x19, 0x6F, 0x64, 0xB0, 0xD9, 0x15, 0xED, 0x55, 0xF3, 0x87, 0x0D, 0x7C,
    0xB8, 0x92, 0x22, 0xA2, 0x81, 0x44, 0x95, 0xE6, 0xDC, 0xBC, 0xB5, 0x8B, 0x55, 0x74, 0x8C, 0x69,
    0x5F, 0xB4, 0xD4, 0x18, 0x09, 0x18, 0xF7, 0x8D, 0x37, 0x6C, 0xA0, 0xCD, 0x15, 0x03, 0x6D, 0x38,
    0xD0, 0x3A, 0x5E, 0x0F, 0x94, 0xC6, 0x3B, 0x70, 0xA0, 0xB5, 0x39, 0x6C, 0x7E, 0xDC, 0xFC, 0x9D,
    0x9E, 0x0D, 0x29, 0x1E, 0x92, 0x6A, 0x4B, 0x80, 0xAB, 0x40, 0x98, 0x00, 0x58, 0xD6, 0x0F, 0x77,
    0xA0, 0x4B, 0x9F, 0x2A, 0xA2, 0x29, 0xAC, 0xF2, 0xD1, 0xBC, 0x13, 0xED, 0x7D, 0xFB, 0x6F, 0x39,
    0xBD, 0x04, 0xDF, 0x95, 0x7E, 0x24, 0x3D, 0x23, 0x2A, 0x96, 0x48, 0xE1, 0x95, 0xEB, 0x38, 0xC4,
    0x8C, 0x84, 0x53, 0xA5, 0x53, 0x32, 0x93, 0x67, 0x74, 0xE9, 0x65, 0x55, 0x3B, 0xE2, 0x4F, 0x1B,
    0x58, 0xA5, 0x4C, 0xD2, 0xAA, 0xFD, 0xDC, 0xAA, 0xE8, 0x56, 0xA9, 0x54, 0x62, 0x59, 0xC1, 0x08,
    0x69, 0x14, 0x1B, 0xE5, 0x46, 0x92, 0x90, 0x82, 0x51, 0x89, 0x13, 0x09, 0x4A, 0x6B, 0x25, 0xD8,
    0x3D, 0x48, 0x34, 0x79, 0x60, 0x9D, 0xA5, 0xD4, 0x1A, 0x55, 0x46, 0x4E, 0x69, 0x54, 0xCA, 0xE9,
    0x41, 0xA6, 0x1D, 0x91, 0x1C, 0x7B, 0x0B, 0xBA, 0x28, 0x36, 0x18, 0x8A, 0x5C, 0xBF, 0x0C, 0xEF,
    0xD0, 0x62, 0x58, 0xAE, 0xEB, 0x1B, 0x07, 0x35, 0xB3, 0xA1, 0x91, 0x39, 0x51, 0xA8, 0x98, 0x2A,
    0x0A, 0x31, 0x50, 0x8C, 0x3F, 0x23, 0xE6, 0xF7, 0x58, 0x33, 0x4F, 0xDA, 0x25, 0xEC, 0x15, 0x1B,
    0xC5, 0x22, 0xD0, 0xEB, 0x03, 0x16, 0xED, 0xC7, 0x78, 0xAF, 0xEF, 0xCC, 0xB7, 0x79, 0x74, 0x4E,
    0x1E, 0x3D, 0x9C, 0x39, 0xF4, 0x0D, 0xC1, 0xB3, 0xB7, 0xDF, 0x59, 0xA5, 0xEF, 0x15, 0x37, 0xB9,
    0x18, 0x1A, 0xAE, 0x84, 0xA4, 0xCD, 0x37, 0x18, 0xD5, 0x69, 0xF1, 0x6D, 0x2B, 0x7D, 0xAF, 0xD8,
    0xCF, 0xB6, 0x64, 0x53, 0xC7, 0x9F, 0xAA, 0x6C, 0xC9, 0x8E, 0x6C, 0xDE, 0xD9, 0x23, 0x8E, 0x42,
    0x13, 0xB5, 0x92, 0x01, 0x85, 0xDD, 0x4B, 0xE4, 0x78, 0xC2, 0xBC, 0x36, 0xD2, 0x07, 0x25, 0x2C,
    0x32, 0xB4, 0x2D, 0x59, 0x36, 0x16, 0x3A, 0x98, 0x82, 0xA5, 0xAD, 0x61, 0x79, 0x0D, 0xE6, 0x7A,
    0xA5, 0xFE, 0x57, 0xCD, 0x36, 0x30, 0x16, 0x3E, 0xDD, 0x6C, 0x81, 0x54, 0x07, 0xDA, 0x5D, 0x0A,
    0x23, 0xB6, 0x6F, 0x21, 0xAC, 0xD4, 0xB5, 0x17, 0x5A, 0x63, 0x8F, 0x4D, 0x57, 0x77, 0xE2, 0xBD,
    0x8D, 0x91, 0x2D, 0x91, 0x9E, 0x4F, 0xE1, 0x60, 0xE0, 0x0D, 0x73, 0x9D, 0x7F, 0x45, 0x1A, 0xD9,
    0x99, 0x87, 0x8E, 0xC7, 0x90, 0xC1, 0x8D, 0x61, 0x9F, 0x0D, 0x5F, 0xD4, 0x59, 0xA5, 0x42, 0x2D,
    0x97, 0xC0, 0x4E, 0xE4, 0xB5, 0x0E, 0x0A, 0xF9, 0x40, 0xDA, 0x43, 0xA0, 0x88, 0x0E, 0x69, 0x39,
    0x8B, 0x53, 0xCC, 0x69, 0xE4, 0xD7, 0x54, 0x4E, 0xDE, 0x6A, 0x5A, 0xB4, 0xC6, 0xC7, 0xA7, 0xA7,
    0xE5, 0xB3, 0x50, 0xCE, 0xD3, 0x8E, 0xFC, 0xE1, 0x4A, 0x6A, 0x2D, 0xB3, 0x0C, 0x1E, 0xAE, 0xBE,
    0xC2, 0xC8, 0xF7, 0xD5, 0xB8, 0x13, 0x35, 0xA0, 0x74, 0xDB, 0xB8, 0xAB, 0xF4, 0xD9, 0x1A, 0xD0,
    0x37, 0xA4, 0xA3, 0x13, 0x9F, 0x06, 0x14, 0xD2, 0x80, 0x10, 0xF6, 0xF4, 0x08, 0x06, 0xD4, 0x5E,
    0x67, 0x40, 0x5A, 0xFA, 0xA0, 0x12, 0x85, 0x1A, 0xB3, 0x84, 0x6A, 0x64, 0x6F, 0x9A, 0x8A, 0x2A,
    0xEB, 0xF2, 0xC3, 0x15, 0x80, 0x1A, 0x34, 0x78, 0xC8, 0x8F, 0x35, 0xD5, 0xD8, 0xCC, 0x6A, 0x2C,
    0x92, 0xC1, 0xD4, 0x38, 0xCE, 0x2D, 0xBF, 0x0B, 0x35, 0xDE, 0x42, 0x7E, 0x81, 0x04, 0x72, 0x9C,
    0x73, 0x46, 0x85, 0x9D, 0xA4, 0xF1, 0x0D, 0x44, 0xB3, 0x03, 0xFE, 0x9B, 0xD6, 0xAC, 0x9A, 0xAF,
    0xE6, 0x45, 0x20, 0x75, 0x4E, 0x1F, 0x97, 0xB2, 0xD2, 0xB9, 0x0D, 0x31, 0xFB, 0x75, 0x97, 0x19,
    0x70, 0x1B, 0x01, 0xD2, 0x02, 0xA8, 0x82, 0x7E, 0xBC, 0x38, 0x8B, 0xB9, 0xE8, 0xD7, 0x3B, 0x2F,
    0x65, 0xFB, 0x13, 0xA8, 0xA8, 0xCE, 0xCF, 0x8F, 0x34, 0x13, 0x9E, 0x38, 0x4D, 0xBD, 0x15, 0xFD,
    0x26, 0xDF, 0x09, 0x7C, 0x73, 0x30, 0x84, 0xC8, 0xB1, 0x47, 0xD6, 0xC2, 0x04, 0xBF, 0x5F, 0x7E,
    0x4E, 0x4D, 0x7B, 0x73, 0x8C, 0xAF, 0xE6, 0x5E, 0x41, 0x95, 0xB3, 0x43, 0x80, 0xC9, 0xBD, 0xB9,
    0x2E, 0x5A, 0xA0, 0xF6, 0xD7, 0x44, 0xE3, 0x78, 0x66, 0xA0, 0x1F, 0x37, 0x67, 0x5F, 0xA0, 0x25,
    0x24, 0xC7, 0xB9, 0x8A, 0xDC, 0xDA, 0xAD, 0x7C, 0x9D, 0xAE, 0x05, 0x67, 0xCB, 0xE2, 0x57, 0xA0,
    0x36, 0xB4, 0x8D, 0x5B, 0x2F, 0x54, 0xCE, 0x0B, 0x76, 0x29, 0x99, 0xB9, 0x19, 0x26, 0x92, 0xF9,
    0xAC, 0x90, 0xD9, 0x38, 0x44, 0xDA, 0xEA, 0xB1, 0x4B, 0x52, 0xB1, 0x4D, 0x20, 0x9A, 0xAB, 0xE4,
    0x8D, 0xE6, 0xD6, 0xAD, 0x26, 0xD6, 0xD6, 0xC1, 0x19, 0x98, 0x5B, 0x23, 0x08, 0xE8, 0xFD, 0xD9,
    0xE5, 0x9E, 0xBB, 0x61, 0xD6, 0x2B, 0x28, 0x2D, 0xAB, 0x56, 0x4C, 0xD4, 0xD5, 0xB0, 0x9E, 0x77,
    0x7F, 0x64, 0xDA, 0xEC, 0x69, 0x47, 0xCF, 0x17, 0x1B, 0x8E, 0xE6, 0x87, 0xBF, 0x2D, 0x2C, 0xD3,
    0x3F, 0x74, 0xD6, 0x9D, 0xBC, 0x80, 0x2B, 0x5E, 0xB7, 0xA5, 0xE2, 0xC6, 0x1B, 0x4A, 0xF2, 0x14,
    0x01, 0x64, 0x64, 0xAC, 0x62, 0xB5, 0x9B, 0x34, 0x9E, 0x26, 0xFC, 0x58, 0x89, 0xBA, 0x30, 0x0B,
    0xCB, 0xA3, 0xD3, 0x9A, 0x4D, 0xE7, 0x4F, 0x70, 0xAB, 0xE8, 0x53, 0xE6, 0x6C, 0x4F, 0x06, 0xD6,
    0x5E, 0xDA, 0x51, 0x6E, 0x29, 0x4B, 0xB3, 0x4E, 0x27, 0x75, 0x7B, 0x44, 0xDB, 0xF5, 0x56, 0x23,
    0xCC, 0xE5, 0xFA, 0xE2, 0x88, 0x19, 0x20, 0xAF, 0x8D, 0x75, 0xF7, 0xEB, 0xA2, 0xFE, 0xF6, 0x8F,
    0xF7, 0x0B, 0x6D, 0x38, 0x31, 0x39, 0xED, 0x74, 0x37, 0xAA, 0x63, 0x96, 0x15, 0x36, 0xF1, 0x77,
    0x42, 0xDD, 0xFB, 0xD9, 0x2D, 0x2D, 0x0A, 0x98, 0x71, 0xB3, 0x62, 0xAD, 0xD8, 0xBE, 0x2A, 0xF2,
    0xE7, 0x55, 0xDD, 0xEE, 0x45, 0x8F, 0x57, 0x27, 0xF7, 0x38, 0xBE, 0xF4, 0xF7, 0xC4, 0x5C, 0xD3,
    0xA0, 0x89, 0xEA, 0xF6, 0x06, 0x06, 0x63, 0xBF, 0x4B, 0x79, 0xE5, 0x8F, 0x16, 0xCF, 0xB9, 0xEA,
    0xDD, 0xAF, 0xF6, 0x59, 0xF1, 0xB2, 0x00, 0x99, 0x62, 0x54, 0x14, 0x03, 0x02, 0x41, 0xD0, 0xE5,
    0x6C, 0x86, 0xB2, 0xA3, 0x51, 0xE3, 0x6E, 0x5E, 0xF1, 0x83, 0xE7, 0x70, 0x12, 0xE6, 0x5C, 0xA8,
    0xFD, 0xD2, 0x5C, 0xE8, 0xDB, 0xDE, 0x3B, 0x72, 0xA5, 0x8D, 0x52, 0xAB, 0x7A, 0xA2, 0xB6, 0x20,
    0xB4, 0xEC, 0xD7, 0xD6, 0x83, 0xFC, 0x6C, 0xBA, 0xB2, 0xE5, 0xF0, 0x4C, 0x77, 0x8E, 0x42, 0x76,
    0x1C, 0xB5, 0x6E, 0x05, 0x5C, 0xD3, 0x4B, 0x8C, 0x2F, 0x37, 0x14, 0x17, 0xD9, 0xE7, 0xBB, 0x85,
    0x5F, 0x01, 0xB4, 0x7E, 0xA7, 0xA5, 0x31, 0x80, 0x1A, 0xD8, 0x3E, 0x8F, 0xEE, 0xB9, 0x7B, 0xE3,
    0x66, 0xF7, 0x71, 0xDC, 0xDA, 0x3D, 0x81, 0x75, 0x59, 0xB9, 0x3C, 0x43, 0x20, 0xA7, 0x65, 0xC6,
    0xFE, 0xE1, 0x06, 0x92, 0x2C, 0xD8, 0x8E, 0x40, 0x5F, 0x00, 0xBA, 0x59, 0x96, 0x72, 0xC8, 0xA9,
    0xAD, 0x8F, 0x1D, 0x78, 0xB0, 0xD9, 0x2E, 0xBB, 0xBD, 0xF1, 0x41, 0x6E, 0x76, 0x43, 0xAA, 0x35,
    0xDB, 0xED, 0x49, 0x67, 0xBE, 0xC2, 0x1F, 0x99, 0x71, 0x69, 0xE1, 0xC9, 0xF0, 0xE7, 0xDB, 0x86,
    0xAB, 0x72, 0xCC, 0xB6, 0xC5, 0xD1, 0x68, 0xBA, 0x40, 0xF8, 0xFD, 0x52, 0x9E, 0x50, 0xBC, 0x46,
    0x9A, 0xAF, 0x8C, 0x33, 0x23, 0x25, 0x32, 0x6E, 0xEC, 0xBA, 0xB2, 0x35, 0x4E, 0x3A, 0xE3, 0xB8,
    0xDF, 0xE1, 0xEE, 0xF2, 0xF9, 0x5C, 0xAF, 0x9F, 0xEE, 0x4A, 0x0D, 0x66, 0x02, 0xF2, 0x66, 0xC9,
    0x2A, 0x47, 0x46, 0x93, 0x53, 0x8E, 0x7D, 0x0D, 0xC6, 0x73, 0xEB, 0x27, 0xB5, 0xCE, 0xCF, 0xDC,
    0xF0, 0x99, 0x29, 0xCD, 0xCA, 0x6B, 0x6B, 0xCD, 0x8E, 0xE9, 0x43, 0x8A, 0x09, 0x0E, 0x49, 0x8F,
    0x40, 0xBD, 0xAA, 0x5D, 0xBB, 0x99, 0xBC, 0xC3, 0x86, 0xE4, 0xD8, 0x68, 0x32, 0x42, 0xCE, 0x02,
    0x7A, 0x15, 0x79, 0x18, 0x2F, 0x29, 0xEB, 0xDC, 0xDA, 0x9F, 0xDB, 0x64, 0x5F, 0xFA, 0xBC, 0x84,
    0x6D, 0x85, 0x9F, 0xB3, 0xCB, 0x26, 0xA3, 0x3E, 0x48, 0x8E, 0x41, 0x6A, 0xC0, 0x1C, 0x52, 0xAD,
    0xC0, 0x9F, 0x98, 0xF0, 0x87, 0x2C, 0x11, 0x21, 0x54, 0x68, 0x00, 0xDE, 0xAE, 0xA9, 0x68, 0x92,
    0x72, 0x01, 0x4F, 0x65, 0x43, 0x1D, 0xAD, 0x78, 0x98, 0xC1, 0x7E, 0x17, 0x10, 0x5E, 0xE4, 0x65,
    0x30, 0xEF, 0x85, 0xFE, 0x10, 0x84, 0x4B, 0x3C, 0xA6, 0xA1, 0x5C, 0x78, 0xA8, 0x37, 0x30, 0x62,
    0x3A, 0x0B, 0x8A, 0x18, 0xCA, 0xA9, 0x70, 0x4A, 0xE6, 0xBF, 0x94, 0xD3, 0x9E, 0xEB, 0xBE, 0xEB,
    0xA8, 0xCC, 0xCF, 0xDB, 0x7F, 0x47, 0xB8, 0x1F, 0xB7, 0xC6, 0x75, 0x7B, 0x3C, 0xDA, 0xFA, 0x83,
    0x47, 0x5F, 0x60, 0x8D, 0x27, 0x9A, 0xB3, 0xAD, 0xDD, 0x3C, 0xCD, 0xF0, 0xD0, 0x5B, 0x1D, 0xA6,
    0xDC, 0xF7, 0x1C, 0x0C, 0x43, 0xBA, 0x03, 0xBC, 0x2B, 0xFA, 0xD3, 0xB2, 0xE5, 0xCA, 0x4B, 0x7B,
    0x06, 0x94, 0x78, 0x64, 0x28, 0x09, 0xC5, 0x82, 0x88, 0x4E, 0xF3, 0xBC, 0xB9, 0xB2, 0x15, 0x3E,
    0xC4, 0x9A, 0xAD, 0x1C, 0xD0, 0x72, 0xD0, 0x0D, 0x1D, 0xCD, 0xDB, 0x51, 0x67, 0xF7, 0xF4, 0xD2,
    0x11, 0x9B, 0x6A, 0xEA, 0x19, 0x79, 0x50, 0x31, 0xDB, 0xC6, 0x94, 0xF1, 0x67, 0x37, 0x2D, 0xD1,
    0xA4, 0xD2, 0xA6, 0xD2, 0x25, 0xD4, 0x0E, 0x93, 0x35, 0xFA, 0xAD, 0xF1, 0x3F, 0x6F, 0xA1, 0xFE,
    0x78, 0x63, 0x54, 0xD5, 0x01, 0x6F, 0x90, 0xB6, 0x0C, 0x2D, 0xCD, 0x52, 0x34, 0x24, 0xDE, 0xE3,
    0x16, 0xC0, 0x3F, 0xB8, 0x89, 0x66, 0x4A, 0xE6, 0xAF, 0x81, 0xAC, 0x17, 0x92, 0xCD, 0x1F, 0xF5,
    0x84, 0x9C, 0x75, 0xB8, 0x98, 0x55, 0x01, 0xD3, 0xF6, 0xA3, 0xDE, 0x67, 0x3F, 0x90, 0x45, 0x53,
    0x3D, 0x6F, 0x2D, 0xB4, 0xEB, 0x80, 0x98, 0xB4, 0xEB, 0xDF, 0xA5, 0x58, 0x4A, 0xBA, 0xD9, 0x79,
    0xAE, 0x9F, 0x81, 0x32, 0x6F, 0x88, 0xCC, 0x8D, 0xAF, 0x35, 0xE2, 0x9B, 0xC3, 0x6B, 0x94, 0x39,
    0xA8, 0x32, 0x27, 0x2A, 0x73, 0xA9, 0xCA, 0xF4, 0x55, 0x99, 0x07, 0xEC, 0xCD, 0xE2, 0x60, 0x30,
    0xA4, 0x5A, 0x3A, 0xAA, 0xA5, 0x83, 0x5A, 0xCA, 0x8D, 0x5A, 0xD8, 0x2D, 0xF9, 0x3B, 0x33, 0x04,
    0xD8, 0x88, 0x77, 0x26, 0xFF, 0x5E, 0xFF, 0xB2, 0xCB, 0x12, 0xD6, 0xDA, 0x4E, 0xB8, 0xF2, 0xAC,
    0xA7, 0x5A, 0x46, 0xDD, 0x63, 0x43, 0xC1, 0x11, 0xCA, 0x23, 0xB6, 0x49, 0xFB, 0xB2, 0x06, 0xFC,
    0x0F, 0xDD, 0x5A, 0x3D, 0x8F, 0xE5, 0xE4, 0x15, 0x3E, 0xF6, 0xCB, 0x8C, 0x07, 0xAC, 0xC8, 0x53,
    0xCC, 0x4A, 0x68, 0x10, 0xF1, 0x16, 0x14, 0xD0, 0xC4, 0x4D, 0xAA, 0x34, 0x36, 0x20, 0x44, 0x7B,
    0x8B, 0x9D, 0x8A, 0x82, 0x86, 0x2A, 0x05, 0xCB, 0x1F, 0x60, 0xED, 0x6C, 0x94, 0x7E, 0xF2, 0x0B,
    0xD8, 0x62, 0x0B, 0x02, 0xC5, 0xD4, 0x91, 0x18, 0xD9, 0xF9, 0x07, 0x46, 0xE2, 0xA3, 0x35, 0x88,
    0x28, 0x12, 0x34, 0x46, 0x18, 0xC9, 0x2B, 0xAE, 0x7D, 0x38, 0xCF, 0x79, 0x6D, 0xDF, 0x7B, 0x67,
    0x97, 0xFD, 0x50, 0x32, 0x1E, 0x4F, 0xAE, 0xAC, 0x33, 0x73, 0xED, 0xD7, 0xF6, 0x39, 0xCF, 0xF9,
    0x3E, 0xEF, 0x25, 0xDA, 0x7B, 0x8F, 0xE4, 0x13, 0xAD, 0x41, 0xE3, 0x0E, 0x34, 0xED, 0x41, 0x99,
    0x41, 0x7B, 0x4E, 0x88, 0xDC, 0x35, 0x67, 0x44, 0x66, 0x9D, 0x17, 0x44, 0x5E, 0x1B, 0x97, 0x44,
    0x7E, 0x1D, 0x57, 0x44, 0x41, 0x1D, 0xD5, 0x44, 0x61, 0x15, 0x36, 0x72, 0x6B, 0x11, 0xAC, 0x47,
    0x9A, 0x7F, 0x7F, 0xD6, 0xE1, 0x01, 0xF2, 0x08, 0x47, 0xA9, 0xCB, 0x9F, 0x7C, 0xCA, 0x99, 0x59,
    0xCB, 0xD7, 0xC2, 0x93, 0x05, 0x5C, 0x04, 0xAD, 0xD0, 0x2A, 0xE5, 0xC4, 0xE3, 0x8E, 0xE5, 0x2B,
    0xF7, 0x96, 0xD2, 0xCE, 0x27, 0x2C, 0x95, 0xAB, 0xFA, 0x22, 0x8D, 0x2A, 0xD0, 0xBD, 0x64, 0x58,
    0xB6, 0x9F, 0x0B, 0x97, 0x31, 0x73, 0x0D, 0xD2, 0x50, 0xFC, 0x65, 0xBA, 0xA6, 0x28, 0x13, 0x4E,
    0xA2, 0xC4, 0x87, 0x5C, 0x23, 0x71, 0x99, 0xE5, 0x1C, 0x48, 0xFA, 0xE0, 0xDD, 0x35, 0xE5, 0x85,
    0x9C, 0x63, 0x4B, 0x64, 0xB1, 0xB0, 0x23, 0x17, 0x84, 0xDD, 0x2C, 0xE6, 0x9F, 0xB8, 0x0C, 0xF8,
    0x0D, 0x2E, 0x69, 0x35, 0xF1, 0xE2, 0xE1, 0xCD, 0x90, 0x8E, 0xC2, 0x89, 0x04, 0x22, 0x38, 0x39,
    0xCA, 0x86, 0xA5, 0x16, 0xC0, 0x58, 0xA1, 0xA3, 0xD4, 0x9E, 0x52, 0x0E, 0xF5, 0x8C, 0xDF, 0x2A,
    0x2D, 0x37, 0x02, 0x2E, 0x0C, 0xFC, 0xE3, 0xFB, 0xE0, 0x03, 0x1C, 0xFC, 0x01, 0xAF, 0xA6, 0x38,
    0x19, 0xC4, 0xF0, 0x70, 0xCE, 0xFB, 0x0E, 0xA4, 0xDC, 0x56, 0xD0, 0x1C, 0xC8, 0x9F, 0x82, 0xB8,
    0xAA, 0x77, 0x7F, 0x3D, 0xDA, 0xC0, 0xFE, 0x3D, 0xA0, 0x12, 0xAD, 0xCF, 0xE5, 0x7B, 0xCE, 0x87,
    0x84, 0x37, 0x08, 0x40, 0x41, 0x0B, 0x50, 0xFC, 0x12, 0xCB, 0x1D, 0xA2, 0x64, 0x79, 0x10, 0x0F,
    0x1F, 0x93, 0xC1, 0x7C, 0xAA, 0xD1, 0x96, 0x53, 0x7C, 0x95, 0x8B, 0xDE, 0x8F, 0x2D, 0x4C, 0xEB,
    0xA6, 0x9C, 0x11, 0xF6, 0x1C, 0xC8, 0xE4, 0xB5, 0x61, 0x2D, 0x12, 0x99, 0x9A, 0x5C, 0x1A, 0x41,
    0x99, 0xC5, 0xE0, 0x81, 0x7A, 0x41, 0x23, 0x9B, 0xD6, 0xD6, 0x05, 0x24, 0xBC, 0xBE, 0x02, 0x76,
    0x51, 0x1B, 0x2B, 0xF8, 0x07, 0x72, 0x76, 0x1B, 0xFC, 0xC2, 0x2C, 0x1C, 0x7C, 0x03, 0xCE, 0x02,
    0x88, 0x16, 0xC2, 0xAA, 0x70, 0x0F, 0x39, 0x00, 0xBF, 0xBE, 0x03, 0xF0, 0x0F, 0x46, 0xF0, 0x85,
    0x23, 0x6F, 0xAD, 0xE0, 0xBB, 0x33, 0x83, 0x7F, 0x4B, 0x01, 0x57, 0x17, 0xF4, 0xB9, 0xDC, 0xD2,
    0x81, 0x52, 0x20, 0xA5, 0x0C, 0x13, 0xBD, 0xDE, 0x4E, 0x9A, 0x51, 0x78, 0x05, 0x11, 0x01, 0xD3,
    0xEB, 0x52, 0x00, 0x58, 0xF9, 0xB5, 0x0A, 0x5B, 0x2E, 0x51, 0x11, 0x47, 0x40, 0x1E, 0x56, 0x63,
    0x18, 0x4A, 0xF0, 0xEB, 0x21, 0xC4, 0x26, 0xB7, 0x2B, 0x11, 0x28, 0xCF, 0x84, 0xCB, 0xCF, 0xF0,
    0xF4, 0x8C, 0x4C, 0x9F, 0x96, 0xE4, 0x37, 0x7E, 0x23, 0x4E, 0xE3, 0xD4, 0x73, 0x06, 0x9F, 0x7F,
    0x02, 0x3A, 0xC3, 0xFF, 0x81, 0x55, 0x33, 0x03, 0x8A, 0xAF, 0xC1, 0xB1, 0x4B, 0x7F, 0xD6, 0xD7,
    0xAB, 0x32, 0x22, 0x8D, 0xE9, 0x39, 0x60, 0xBC, 0x2E, 0x21, 0xE8, 0x3D, 0x61, 0xCA, 0xE5, 0xBF,
    0x37, 0x82, 0xBF, 0x60, 0x17, 0xFC, 0x20, 0xF2, 0xFA, 0x49, 0x0E, 0x46, 0x93, 0xD1, 0x9A, 0x94,
    0x4B, 0x16, 0xC6, 0x14, 0xFC, 0x00, 0xE0, 0x7B, 0x99, 0x53, 0xCD, 0xE5, 0x00, 0xC9, 0x26, 0xE0,
    0xA4, 0x83, 0x59, 0x27, 0x8F, 0x34, 0xEB, 0x45, 0x66, 0xD1, 0x67, 0x2E, 0x61, 0x7E, 0x03, 0x76,
    0x7F, 0x17, 0xF6, 0x79, 0xB3, 0xEE, 0x93, 0xEA, 0x1D, 0x3A, 0x50, 0x1A, 0xD1, 0x14, 0x91, 0xDC,
    0x8B, 0x35, 0x8E, 0xF9, 0xF6, 0x4D, 0xF8, 0x4F, 0x8D, 0x2F, 0xA6, 0xD7, 0x35, 0x6C, 0xCB, 0x0A,
    0xD5, 0x91, 0xB3, 0x5A, 0xA2, 0xEE, 0xF6, 0x54, 0x69, 0x5A, 0xF7, 0x14, 0x30, 0xBC, 0x64, 0x48,
    0x10, 0x9E, 0xBC, 0xD0, 0x7C, 0xF3, 0xD7, 0x8A, 0x4C, 0x23, 0xFF, 0xBA, 0xFD, 0x59, 0x61, 0xA3,
    0xD3, 0x10, 0x77, 0x57, 0x34, 0x6B, 0x66, 0xFE, 0xA3, 0x52, 0x0B, 0xE3, 0x50, 0x6C, 0xDA, 0x54,
    0xAD, 0xB6, 0x65, 0x2A, 0x25, 0x8F, 0x47, 0x3F, 0x59, 0xAA, 0xE7, 0xBC, 0x02, 0x72, 0x4E, 0x03,
    0xF8, 0x56, 0x30, 0x95, 0x0B, 0x75, 0x85, 0xA9, 0x55, 0x05, 0xBE, 0xA8, 0x00, 0xF9, 0xD9, 0xAA,
    0x20, 0xEA, 0x36, 0x66, 0x39, 0x83, 0x0A, 0x1E, 0x51, 0xEA, 0xC7, 0xC9, 0x44, 0xAD, 0x1B, 0x78,
    0xEA, 0x06, 0x9E, 0x55, 0x84, 0xB9, 0x76, 0x6E, 0xA0, 0x4C, 0x45, 0xE0, 0x20, 0xB2, 0xAC, 0x66,
    0x03, 0x51, 0xE9, 0xCC, 0x83, 0x51, 0x1B, 0x95, 0xB9, 0x72, 0x87, 0x38, 0xB4, 0x4E, 0xF0, 0x46,
    0xA5, 0x65, 0x68, 0x85, 0xAA, 0x02, 0x69, 0xD8, 0xFF, 0x8B, 0x32, 0x4E, 0xCF, 0xD1, 0xC0, 0xE6,
    0x35, 0x73, 0x85, 0xD7, 0xA4, 0xEF, 0x71, 0xF8, 0xAB, 0xDA, 0x0A, 0xE5, 0xFD, 0x20, 0x32, 0xB9,
    0xD9, 0xFB, 0x63, 0x05, 0x5B, 0x0B, 0xFA, 0x8A, 0xBB, 0x54, 0xA9, 0xE5, 0x8E, 0x17, 0xCC, 0x85,
    0xFB, 0x53, 0x59, 0xF5, 0xFF, 0x45, 0x7A, 0x5E, 0x89, 0x7D, 0x98, 0x5A, 0xB0, 0x36, 0x6D, 0x50,
    0xDA, 0x9E, 0x8C, 0x00, 0xEE, 0x20, 0xD1, 0xC2, 0x32, 0xF3, 0x8D, 0x93, 0x93, 0x93, 0x04, 0x90,
    0x14, 0x4A, 0x42, 0x10, 0xAF, 0x93, 0x76, 0x67, 0x24, 0xFB, 0x99, 0x07, 0x1D, 0x6C, 0x11, 0xFE,
    0xE4, 0x3E, 0x9C, 0xA6, 0x1D, 0x09, 0xBE, 0x5E, 0x58, 0xD2, 0xC9, 0xB3, 0x85, 0x78, 0x95, 0x10,
    0xBF, 0xF2, 0xFA, 0x93, 0x77, 0x2B, 0xF0, 0x57, 0xF1, 0x44, 0xB6, 0x40, 0x70, 0xC0, 0x90, 0x61,
    0x7D, 0xF4, 0x48, 0x4C, 0x3F, 0xF5, 0x35, 0x34, 0x44, 0x15, 0x17, 0x30, 0xF9, 0xC0, 0x20, 0xEC,
    0xC2, 0x4E, 0x70, 0x97, 0x35, 0x69, 0x29, 0xF7, 0xE5, 0x85, 0x44, 0x19, 0xD5, 0xEA, 0x16, 0x51,
    0x03, 0x03, 0xC9, 0xB5, 0x5F, 0xAE, 0xC5, 0xB1, 0xE3, 0x4E, 0xDE, 0x14, 0xE0, 0xAA, 0x32, 0x2E,
    0x4A, 0x11, 0x1B, 0xDA, 0x9B, 0x70, 0xF2, 0xB1, 0x30, 0x6C, 0x47, 0xD3, 0x8B, 0xDA, 0xDD, 0x02,
    0xE6, 0xD6, 0xD8, 0x62, 0xD9, 0x0E, 0x4B, 0x5B, 0x2B, 0x25, 0xB0, 0x41, 0xED, 0xAE, 0x9C, 0x76,
    0x78, 0xD2, 0x95, 0x61, 0xFA, 0xC2, 0xFD, 0x31, 0xC5, 0xFC, 0x9E, 0xB3, 0x29, 0x0C, 0x27, 0x23,
    0xBA, 0xCD, 0x98, 0x62, 0x36, 0x9F, 0x4B, 0x06, 0xF6, 0x79, 0xF4, 0x6D, 0x69, 0xF3, 0x21, 0x7C,
    0x4F, 0xAC, 0xB8, 0x97, 0xAB, 0x4E, 0x15, 0x6E, 0xB3, 0x70, 0x65, 0x58, 0x1D, 0x69, 0x48, 0xC9,
    0x5A, 0x04, 0xCC, 0xA1, 0xB5, 0xF1, 0xFF, 0x25, 0xAA, 0x75, 0xE8, 0xF8, 0x21, 0x37, 0x9D, 0xC1,
    0xFE, 0x5E, 0x54, 0xFA, 0x21, 0x6D, 0x0A, 0x63, 0x08, 0xF2, 0x31, 0xC2, 0x99, 0xC7, 0xA1, 0x2C,
    0x0C, 0xF9, 0x0B, 0x3C, 0x48, 0x78, 0x95, 0x05, 0x90, 0xD2, 0x69, 0xE8, 0x33, 0x6D, 0x06, 0x9E,
    0x1B, 0x50, 0xD4, 0x37, 0x17, 0x03, 0x55, 0x20, 0x49, 0x41, 0xDC, 0xD0, 0xFD, 0xCC, 0xE2, 0xB3,
    0x4B, 0x01, 0xE0, 0xC0, 0xD2, 0x48, 0xF5, 0xCC, 0xC3, 0x2B, 0x01, 0x2B, 0x29, 0xAE, 0xA4, 0xC0,
    0x92, 0x22, 0xAB, 0xA1, 0xA7, 0x22, 0xDE, 0xA2, 0x3B, 0x63, 0x2B, 0xED, 0xD5, 0x75, 0x74, 0x12,
    0x2B, 0x2A, 0x88, 0x48, 0xEB, 0x9D, 0xB1, 0x95, 0xE4, 0x24, 0x6F, 0x2D, 0x31, 0xDB, 0xAB, 0xDC,
    0x06, 0x4D, 0xF0, 0x6A, 0x46, 0xB7, 0x27, 0xFA, 0x00, 0x98, 0xC3, 0xE5, 0x5D, 0x0D, 0x3A, 0x79,
    0x06, 0xDC, 0x85, 0x23, 0x96, 0x5C, 0x15, 0xF2, 0xE7, 0x89, 0x82, 0xAE, 0x98, 0x5B, 0xC8, 0x81,
    0xF8, 0x15, 0x87, 0x4D, 0x3B, 0x0E, 0x2C, 0xC7, 0x08, 0xA5, 0x53, 0x36, 0x00, 0xEB, 0x36, 0xB1,
    0x9C, 0xEA, 0x0E, 0x10, 0x05, 0xC4, 0xED, 0x01, 0xAC, 0x59, 0x07, 0x23, 0xB0, 0xC9, 0x7C, 0xC0,
    0xDE, 0xD0, 0x22, 0xAB, 0x02, 0x69, 0x27, 0x78, 0x41, 0x5E, 0xD2, 0xBE, 0x55, 0x38, 0x3F, 0x8A,
    0x07, 0xC0, 0x03, 0x2D, 0x02, 0x31, 0xD5, 0xE1, 0x8F, 0x24, 0x46, 0x74, 0x88, 0xA5, 0xF7, 0xE8,
    0xD5, 0xAB, 0x84, 0xF8, 0x48, 0x13, 0x52, 0x39, 0x0E, 0x9B, 0x34, 0x70, 0x1A, 0x21, 0x2B, 0x71,
    0x47, 0xBF, 0x15, 0x03, 0x89, 0xFA, 0x73, 0x2B, 0xAF, 0xCB, 0xA9, 0x78, 0x41, 0x23, 0xE5, 0xBB,
    0x29, 0xA8, 0x9E, 0x31, 0x64, 0x44, 0xD9, 0xAB, 0xF2, 0xF5, 0xC1, 0xF9, 0x10, 0x59, 0x7F, 0xCE,
    0x85, 0xBD, 0xD3, 0x17, 0x60, 0x16, 0x1F, 0x8F, 0x39, 0x34, 0x84, 0x04, 0x4B, 0xB2, 0xDD, 0x57,
    0xC4, 0xFE, 0x1C, 0xFE, 0xBC, 0x41, 0xC8, 0x15, 0x5C, 0x7E, 0x41, 0xA1, 0x9A, 0xE9, 0x28, 0x1B,
    0x12, 0xF9, 0xCD, 0xD8, 0x43, 0x28, 0xB0, 0xBD, 0x00, 0x6B, 0xA7, 0x78, 0x1B, 0x60, 0x2F, 0xDB,
    0x6C, 0x8F, 0x68, 0xD7, 0x26, 0xAB, 0xC1, 0x26, 0xD7, 0x8E, 0x88, 0x58, 0x8A, 0x4D, 0x5E, 0x6D,
    0xCA, 0x7A, 0xEA, 0x92, 0x69, 0x35, 0x0E, 0x56, 0x1E, 0x0F, 0xE7, 0x9C, 0xF9, 0xED, 0x49, 0xF5,
    0xD5, 0x4A, 0xEE, 0x94, 0x43, 0x12, 0x17, 0x0E, 0x27, 0xCF, 0x44, 0x0F, 0x6E, 0x63, 0xE1, 0x5E,
    0x09, 0x67, 0x72, 0x84, 0xAC, 0x00, 0x3D, 0xE3, 0x91, 0x72, 0x69, 0x6F, 0x77, 0xFF, 0x81, 0xE7,
    0x7B, 0xC2, 0xAF, 0x94, 0x6D, 0x12, 0x3B, 0xB9, 0x10, 0xAD, 0x4E, 0x35, 0x5B, 0xC4, 0x28, 0x9C,
    0xE4, 0x30, 0x4F, 0x71, 0x44, 0x5C, 0x49, 0xC0, 0x92, 0xE3, 0x7F, 0xC5, 0xDB, 0xB0, 0x7D, 0xD2,
    0x62, 0xE3, 0xCC, 0x67, 0xF2, 0x7B, 0x32, 0x1D, 0x30, 0x11, 0x40, 0x0D, 0xE0, 0xC4, 0x01, 0xFD,
    0xDE, 0xFA, 0xAF, 0xB8, 0x1D, 0x6C, 0xA7, 0xDB, 0x5C, 0x72, 0xED, 0x33, 0x9D, 0xB3, 0xEF, 0x34,
    0x5E, 0xD8, 0x56, 0x45, 0x23, 0x06, 0xB3, 0x98, 0x21, 0x27, 0x50, 0x0A, 0xD6, 0x67, 0x50, 0x17,
    0x17, 0x68, 0x76, 0xF2, 0x0A, 0x34, 0xAD, 0x30, 0x5C, 0x8D, 0x6B, 0x4B, 0xF3, 0xDF, 0xA0, 0xA9,
    0xAE, 0xD4, 0xBB, 0xCA, 0xB8, 0xC1, 0x13, 0x22, 0x34, 0x33, 0x59, 0xD0, 0x5B, 0xA1, 0xBE, 0x4C,
    0x3B, 0x7D, 0x57, 0xA3, 0xEF, 0x45, 0x1B, 0xC7, 0x5A, 0x69, 0xDC, 0x48, 0xB6, 0x5A, 0xAE, 0x4C,
    0x5B, 0x40, 0xBB, 0x95, 0xA1, 0x32, 0xA4, 0xB6, 0xF1, 0xD2, 0x56, 0x6C, 0x6F, 0xCB, 0x86, 0x11,
    0x8E, 0xE5, 0x51, 0x3E, 0x78, 0x0F, 0x3B, 0xC1, 0x31, 0xAE, 0x5D, 0x4E, 0x52, 0xA8, 0x5A, 0x8A,
    0x74, 0x71, 0xD7, 0x42, 0x6C, 0xF9, 0x61, 0x22, 0x57, 0x65, 0x49, 0x96, 0x56, 0xB2, 0x38, 0x6E,
    0xE5, 0xB6, 0x10, 0x4E, 0xA0, 0x15, 0xE1, 0x45, 0x1B, 0x46, 0x12, 0xB0, 0xAD, 0x54, 0xD0, 0x8D,
    0xFF, 0x69, 0x8F, 0x36, 0x4C, 0x65, 0x94, 0x6D, 0x56, 0xB3, 0xCD, 0x6D, 0xB7, 0xD7, 0x6F, 0x26,
    0x6F, 0x76, 0x37, 0xD2, 0x56, 0xBF, 0x56, 0x28, 0xAB, 0x8F, 0x45, 0x82, 0xBF, 0x7F, 0xDF, 0x9A,
    0xD9, 0xD8, 0x4A, 0x44, 0xC5, 0xD0, 0x4F, 0x68, 0xD4, 0x51, 0x1C, 0x4C, 0x7D, 0x21, 0x86, 0x5C,
    0x36, 0xFE, 0xB6, 0x11, 0xB3, 0xFB, 0xE1, 0x91, 0xBE, 0x1C, 0xC3, 0x8C, 0xE3, 0xBB, 0xC0, 0x38,
    0xFD, 0xB1, 0x41, 0xB1, 0xB1, 0xD6, 0x06, 0x4D, 0xBB, 0xED, 0x5A, 0x5E, 0x4C, 0x61, 0xE2, 0x17,
    0x76, 0xA8, 0xB3, 0x70, 0x2B, 0xD7, 0xAD, 0x53, 0xDB, 0xA9, 0x4F, 0x95, 0x72, 0x8E, 0x82, 0x6E,
    0x0D, 0x5B, 0xBB, 0xB9, 0x5D, 0xD0, 0x75, 0x5B, 0x05, 0xDD, 0xE1, 0x8C, 0xC6, 0x0F, 0x06, 0xED,
    0xCB, 0x8A, 0xCD, 0xC8, 0x43, 0xB3, 0xF6, 0xF1, 0xDD, 0x4E, 0xDD, 0xF2, 0x5C, 0x55, 0x70, 0x73,
    0x52, 0x41, 0xB5, 0xAD, 0x02, 0x67, 0xE1, 0x2A, 0x70, 0xB3, 0x31, 0x49, 0x3D, 0xB9, 0xA6, 0x86,
    0x0A, 0x4C, 0x25, 0xC9, 0x43, 0x54, 0x70, 0x73, 0x2E, 0x15, 0xD8, 0x18, 0xA3, 0x29, 0x5D, 0x96,
    0x68, 0x00, 0x89, 0x8B, 0x49, 0x1F, 0x8E, 0xEE, 0xC8, 0x19, 0x1D, 0xEA, 0xBD, 0xA9, 0x26, 0xA4,
    0xFA, 0xD1, 0xF2, 0xDB, 0xE8, 0x18, 0x2B, 0x7C, 0x00, 0xD8, 0xA3, 0x02, 0x33, 0xAC, 0xDF, 0xA9,
    0xB8, 0x4B, 0x55, 0xC7, 0x54, 0x7F, 0xBB, 0x9A, 0xB4, 0xCC, 0x58, 0x7F, 0x1F, 0x8A, 0xD7, 0x7B,
    0xAD, 0x54, 0x8C, 0x61, 0x7F, 0x07, 0xA5, 0x6D, 0x21, 0xE6, 0x76, 0x5B, 0x8A, 0xC8, 0x16, 0xF5,
    0x77, 0x79, 0xB1, 0xFE, 0xBE, 0x54, 0x75, 0xB8, 0x0D, 0x00, 0x0C, 0xF8, 0xA3, 0x62, 0x04, 0x30,
    0x7E, 0x87, 0x75, 0xE2, 0x81, 0xFA, 0x9B, 0x8E, 0xB3, 0x29, 0x51, 0x89, 0x47, 0xD0, 0x75, 0xF3,
    0x88, 0x23, 0x09, 0x2C, 0x52, 0xA9, 0x8F, 0xC3, 0x91, 0x8B, 0x95, 0xFA, 0x6E, 0x69, 0xA9, 0x2D,
    0x50, 0xBB, 0xDB, 0x02, 0x5D, 0xB6, 0x33, 0x38, 0xB4, 0x29, 0x01, 0x1E, 0x6B, 0xE2, 0xB4, 0xFC,
    0xD0, 0xFF, 0x34, 0x05, 0xCE, 0xE1, 0x23, 0x60, 0xBF, 0xFD, 0x30, 0xEC, 0xB4, 0xA4, 0x6A, 0x68,
    0x98, 0x69, 0x69, 0x1C, 0xF5, 0xFB, 0xE9, 0x67, 0x0F, 0x86, 0x1B, 0xC9, 0x73, 0x52, 0x79, 0xA2,
    0xAD, 0x3E, 0x25, 0xD3, 0x0E, 0xFB, 0x5F, 0xCE, 0xD9, 0xBF, 0xC5, 0xBD, 0x43, 0xED, 0x74, 0x04,
    0xAB, 0x3E, 0x59, 0x86, 0x8E, 0x0E, 0xA6, 0x6D, 0x6B, 0xFD, 0xA9, 0x8C, 0xDA, 0x57, 0xA7, 0x7D,
    0xCF, 0xDE, 0x29, 0xDD, 0x41, 0x2F, 0x71, 0x64, 0x53, 0xB6, 0x3F, 0x24, 0xEF, 0x48, 0x9E, 0x81,
    0xC7, 0x25, 0x97, 0x84, 0xFC, 0xE9, 0x06, 0x55, 0x57, 0xB3, 0x80, 0x51, 0x07, 0x90, 0x70, 0x88,
    0xF2, 0xC1, 0xED, 0x75, 0x5A, 0xF1, 0xE2, 0xC2, 0x61, 0xD5, 0x4D, 0xDB, 0x3B, 0x34, 0x34, 0x91,
    0x0E, 0x4F, 0xBD, 0xBF, 0xE1, 0xB7, 0x44, 0xC0, 0x14, 0x93, 0xF5, 0x83, 0x59, 0x61, 0x7D, 0x52,
    0xED, 0xEE, 0xE9, 0xC6, 0x12, 0xC0, 0x0D, 0xB3, 0x85, 0x83, 0x7B, 0x7C, 0x6F, 0xFC, 0x21, 0xCC,
    0x9F, 0x74, 0x94, 0x9C, 0x92, 0x2D, 0x26, 0xC9, 0xEF, 0xC4, 0x66, 0x83, 0x0A, 0xFD, 0x6F, 0x31,
    0x27, 0xB8, 0xCE, 0xA9, 0xA3, 0x31, 0xE0, 0xED, 0x12, 0x29, 0x53, 0x5D, 0xE8, 0x8C, 0xDF, 0xAE,
    0xE9, 0x65, 0xC7, 0x5A, 0xEB, 0xD2, 0x83, 0xC0, 0xA1, 0xFA, 0xDA, 0xEB, 0xF5, 0xF0, 0x0B, 0x28,
    0x5C, 0x0F, 0xEE, 0xF2, 0xDF, 0x44, 0xAA, 0xD7, 0xEC, 0x3E, 0xD0, 0x9C, 0x86, 0xBA, 0xB3, 0xAD,
    0x47, 0xD7, 0x02, 0xBF, 0x67, 0xE9, 0xE4, 0xF7, 0x4E, 0xA7, 0xDD, 0xB5, 0xB9, 0x51, 0x7D, 0x6C,
    0x3E, 0xBB, 0x71, 0xB2, 0x72, 0x4E, 0x4E, 0x30, 0x4F, 0x15, 0x0E, 0xC6, 0x3F, 0x2F, 0x71, 0xE6,
    0xE4, 0x8D, 0xF6, 0xC4, 0x52, 0x6E, 0x5F, 0xD6, 0x1F, 0x91, 0x51, 0x98, 0xC7, 0x46, 0xA3, 0xA3,
    0x02, 0x09, 0xFA, 0x3F, 0xBF, 0x83, 0x72, 0x32, 0x65, 0x5B, 0xF5, 0xB0, 0x1D, 0xB2, 0x33, 0x6B,
    0x6E, 0xB8, 0x60, 0x26, 0x76, 0x6E, 0x18, 0xD8, 0x90, 0x16, 0xEE, 0xFC, 0xB1, 0x3F, 0x99, 0xB3,
    0x7D, 0xF5, 0xAF, 0xD5, 0x57, 0x31, 0x92, 0x9B, 0x40, 0x10, 0x9C, 0x85, 0x92, 0x14, 0x10, 0x70,
    0x89, 0x22, 0x05, 0x4A, 0x2E, 0x70, 0x95, 0x5D, 0xC5, 0x13, 0x96, 0xF2, 0x0B, 0x94, 0x28, 0xF2,
    0x23, 0xF4, 0x03, 0xC3, 0x13, 0xF4, 0x04, 0xC7, 0x4E, 0xFC, 0x82, 0x3B, 0xC8, 0x9D, 0xE0, 0x1F,
    0x50, 0xFE, 0xC0, 0xA9, 0xCA, 0xEB, 0x2A, 0xAE, 0x0E, 0x18, 0xCF, 0xF4, 0x0A, 0x21, 0x39, 0xB0,
    0xCF, 0x81, 0xEF, 0xD0, 0x06, 0x33, 0x20, 0x96, 0xDD, 0xE9, 0xEE, 0xD9, 0x19, 0xB4, 0x6B, 0x4D,
    0xE1, 0xA8, 0x68, 0x03, 0x1E, 0x6C, 0xD4, 0x52, 0xE2, 0x68, 0xD1, 0xD2, 0xFA, 0x9F, 0x6C, 0x07,
    0xDB, 0x93, 0x75, 0x14, 0xF2, 0x7B, 0x56, 0xCB, 0xDC, 0x93, 0x61, 0xFE, 0xCA, 0x29, 0x65, 0x5D,
    0x24, 0x76, 0x96, 0xD2, 0x38, 0x2C, 0x6E, 0xB8, 0x84, 0xAD, 0xC6, 0xEB, 0x02, 0x76, 0x89, 0x39,
    0x66, 0xE3, 0xA7, 0x76, 0x70, 0x09, 0xFB, 0xF7, 0x6D, 0x7E, 0xE6, 0x02, 0xC6, 0xCD, 0xA2, 0xF1,
    0xAE, 0x1E, 0x37, 0x58, 0x6E, 0x37, 0x66, 0xBB, 0xA5, 0x8C, 0x5D, 0xC4, 0x3C, 0xB8, 0x15, 0xE7,
    0x0A, 0x38, 0x94, 0xB7, 0x6C, 0xFD, 0xDF, 0x5C, 0x56, 0x49, 0x5C, 0xA9, 0x42, 0x31, 0x02, 0x4A,
    0x71, 0xF1, 0xCF, 0x0F, 0x1A, 0x7D, 0xA6, 0x9C, 0x10, 0xAD, 0x99, 0x1B, 0xC4, 0xCE, 0x7B, 0x8D,
    0x74, 0x06, 0x98, 0xE6, 0xB3, 0xC2, 0x0B, 0x59, 0x21, 0x04, 0x0F, 0x07, 0xFD, 0x29, 0x74, 0x00,
    0x85, 0xEB, 0x0C, 0xD0, 0xEE, 0x01, 0xED, 0x8E, 0x2E, 0xC7, 0xEE, 0x35, 0x54, 0x9C, 0x7B, 0x97,
    0xA4, 0x5E, 0x86, 0xD2, 0x4B, 0xE4, 0xF5, 0xEC, 0x28, 0x91, 0x8B, 0x22, 0x87, 0xBB, 0x15, 0xC0,
    0x95, 0x9F, 0x5B, 0x41, 0x94, 0xA2, 0xF4, 0x6A, 0xA4, 0x70, 0x8D, 0x17, 0xA5, 0x7E, 0x29, 0x51,
    0x2A, 0x15, 0xC5, 0x5C, 0x8A, 0xC2, 0x17, 0xA2, 0x54, 0xA3, 0x28, 0x44, 0x70, 0x01, 0x24, 0x88,
    0x5B, 0xE4, 0x9D, 0x5A, 0x03, 0x99, 0x84, 0xA9, 0x79, 0xAE, 0x2A, 0x09, 0x4C, 0x93, 0x1E, 0x51,
    0xC6, 0xB5, 0x87, 0xAA, 0xA2, 0x70, 0xA9, 0x72, 0xF0, 0x8B, 0x89, 0x72, 0x7B, 0x7E, 0xB6, 0xA8,
    0xF0, 0xA7, 0x01, 0x29, 0x47, 0xC2, 0x72, 0xA9, 0x6A, 0x88, 0x2A, 0x70, 0xF3, 0xEB, 0x15, 0xC5,
    0xE0, 0xE4, 0x87, 0x5E, 0x13, 0xD4, 0x86, 0x18, 0xA5, 0xC1, 0x8B, 0x42, 0x49, 0x23, 0xA2, 0xC8,
    0x63, 0xC0, 0xDC, 0xBC, 0xBE, 0x28, 0xCF, 0xAB, 0x62, 0x1A, 0xAD, 0x54, 0x31, 0xB8, 0xFA, 0x8A,
    0xB5, 0xF9, 0x5B, 0x15, 0x53, 0x6D, 0xEE, 0x01, 0xF3, 0x6E, 0x12, 0x07, 0x66, 0x83, 0xC4, 0xF9,
    0xE6, 0x10, 0x35, 0x6B, 0x90, 0xD1, 0x13, 0xD7, 0x12, 0xDF, 0x22, 0xCF, 0xFC, 0x49, 0xB9, 0xE2,
    0xF2, 0x65, 0x80, 0x72, 0xED, 0x62, 0xF1, 0x16, 0xD3, 0x0A, 0x54, 0x83, 0x66, 0xDD, 0x8A, 0x0E,
    0x37, 0x66, 0xEF, 0x01, 0xBE, 0xBE, 0x0E, 0xE3, 0x38, 0x52, 0x7E, 0xED, 0xCC, 0x0F, 0xE3, 0xF8,
    0x45, 0xE2, 0x5B, 0x07, 0xAD, 0x2F, 0x5C, 0xEC, 0x68, 0x14, 0x49, 0x4B, 0x72, 0x3E, 0x22, 0x9F,
    0x8A, 0x24, 0xCF, 0xF9, 0x4C, 0xF3, 0x25, 0x0C, 0x5F, 0x60, 0x21, 0xAA, 0xDB, 0x82, 0x81, 0xAC,
    0x40, 0xC5, 0x9B, 0x7B, 0xB0, 0x6F, 0x86, 0x15, 0xB7, 0xDB, 0x74, 0xB9, 0x4D, 0x85, 0x2C, 0xCB,
    0x35, 0x6C, 0x95, 0xF4, 0xB4, 0xEA, 0x35, 0xAA, 0xB0, 0x55, 0xC2, 0x23, 0x27, 0xF1, 0xA4, 0xF1,
    0x41, 0xB7, 0x4A, 0x2A, 0xE5, 0xDF, 0xCA, 0x66, 0xF6, 0x50, 0xA4, 0x9A, 0xCA, 0xCA, 0x78, 0xDC,
    0x77, 0xD8, 0xA5, 0xC5, 0x8E, 0x6E, 0x2C, 0xFD, 0x3E, 0xC2, 0xA2, 0xFC, 0x83, 0x8D, 0xF8, 0x11,
    0x0D, 0xA3, 0x3F, 0x59, 0xC4, 0x8F, 0x6E, 0x12, 0x75, 0xF8, 0x31, 0xD7, 0xF5, 0xF4, 0x3E, 0xD1,
    0x0D, 0x02, 0x77, 0xFA, 0x0C, 0x38, 0x8E, 0xB7, 0x5C, 0x7E, 0xE9, 0x2D, 0x97, 0x2C, 0x26, 0xE7,
    0x4E, 0x49, 0x3D, 0x84, 0x3D, 0x25, 0xB5, 0x94, 0x71, 0x09, 0x55, 0xD2, 0x53, 0x4C, 0x2E, 0xE1,
    0x66, 0xA5, 0x66, 0x51, 0x25, 0x26, 0xF9, 0x2E, 0x4B, 0xC7, 0x3F, 0x64, 0xBD, 0xF8, 0xA9, 0x39,
    0x12, 0x14, 0xEA, 0x1E, 0x01, 0x02, 0x07, 0xA7, 0x30, 0x0A, 0x92, 0x14, 0x63, 0xA0, 0xA1, 0x89,
    0x6A, 0x34, 0xDB, 0x35, 0x9A, 0x63, 0xB5, 0xB6, 0x0E, 0x89, 0x2C, 0x79, 0x9C, 0x2E, 0x91, 0x17,
    0xE7, 0x18, 0x89, 0x53, 0x54, 0x67, 0x89, 0x03, 0x9B, 0x61, 0x85, 0xD9, 0xCB, 0xD1, 0x18, 0xD5,
    0x42, 0x63, 0xE2, 0x84, 0x46, 0xDB, 0x08, 0x8D, 0xD6, 0x09, 0x8D, 0xEB, 0x83, 0xD0, 0x78, 0x3A,
    0x77, 0x33, 0x9C, 0x42, 0x28, 0x4E, 0xA0, 0x82, 0x02, 0x58, 0x03, 0xBB, 0x42, 0x62, 0x5B, 0xD0,
    0x62, 0x69, 0xB2, 0xE4, 0xA3, 0xF1, 0x7A, 0x2E, 0x1E, 0xDC, 0xD0, 0x75, 0x17, 0x6E, 0xF8, 0xE7,
    0x90, 0x29, 0xD8, 0x8F, 0x34, 0xBD, 0x2C, 0x26, 0xB3, 0x37, 0x20, 0x23, 0x2A, 0xF5, 0x99, 0x3E,
    0xB4, 0x85, 0xBE, 0xFA, 0xCE, 0x8B, 0x40, 0x13, 0xA6, 0x3C, 0x1D, 0x9A, 0xAB, 0xF4, 0x56, 0x69,
    0x10, 0xDA, 0x0D, 0x5A, 0xAD, 0xED, 0x37, 0xE6, 0xD3, 0xEF, 0xC7, 0x61, 0x22, 0x6C, 0xFF, 0x02,
    0x8D, 0x53, 0x3D, 0x72, 0xD5, 0x30, 0x10, 0xFE, 0xFC, 0x94, 0xC4, 0xCC, 0xB8, 0x50, 0x0A, 0x5E,
    0x45, 0xA1, 0xD4, 0xCC, 0x04, 0x9D, 0x20, 0x91, 0x8F, 0xF0, 0x8A, 0xBC, 0x82, 0x33, 0x70, 0x07,
    0x6C, 0xE0, 0x02, 0x14, 0x1C, 0x80, 0x92, 0x49, 0x45, 0x49, 0x91, 0x79, 0x4F, 0x99, 0x5C, 0x40,
    0xE4, 0x04, 0x26, 0x0C, 0x05, 0x9D, 0x0A, 0x17, 0x66, 0xB0, 0xBD, 0xD9, 0x95, 0x5F, 0x1E, 0xF9,
    0x19, 0x20, 0x2B, 0xAD, 0xBC, 0x5E, 0xED, 0x8F, 0x56, 0xDF, 0xEA, 0xF9, 0xE9, 0x27, 0x47, 0xC3,
    0x34, 0x4F, 0x99, 0x3E, 0x12, 0x53, 0xDC, 0x2E, 0x8D, 0xE8, 0x20, 0xD2, 0xAD, 0x65, 0x99, 0x28,
    0xC9, 0x44, 0xF5, 0xDD, 0x0F, 0x26, 0x7A, 0x84, 0x89, 0x63, 0x39, 0xFC, 0x59, 0xB0, 0xA5, 0x87,
    0x1B, 0x71, 0x16, 0xF3, 0xA0, 0xBD, 0xF1, 0xCE, 0xBB, 0x46, 0x46, 0x51, 0x67, 0xA5, 0x6E, 0x4C,
    0x6B, 0x5A, 0x1D, 0x8B, 0x58, 0xC8, 0x5E, 0x79, 0x8C, 0x27, 0xC8, 0x60, 0x27, 0x8B, 0x60, 0xD8,
    0xDA, 0xE2, 0x18, 0x67, 0x38, 0xE0, 0x00, 0x66, 0xA3, 0xB5, 0xAC, 0xD5, 0x5E, 0x35, 0x59, 0xC4,
    0x7B, 0x2C, 0x32, 0x8E, 0xAC, 0x4B, 0x15, 0x2D, 0x8A, 0xF0, 0x1A, 0xDA, 0xF7, 0xB0, 0xE7, 0x3D,
    0xDC, 0xE5, 0x08, 0xF7, 0x9D, 0xE0, 0xAE, 0x08, 0xF6, 0xEB, 0x88, 0x5D, 0x3C, 0xE5, 0xB8, 0xFB,
    0xF6, 0x7C, 0x60, 0xAD, 0xCC, 0x4B, 0x32, 0x7E, 0x30, 0xBE, 0xB7, 0x59, 0x77, 0xAC, 0xE2, 0x59,
    0xEE, 0x0F, 0xB2, 0xF2, 0xBF, 0x06, 0x28, 0x22, 0xEE, 0x33, 0x97, 0x37, 0xDE, 0x30, 0x5E, 0xFD,
    0x2C, 0xB7, 0x37, 0xA0, 0xBB, 0x7B, 0xDC, 0xFE, 0x85, 0xE3, 0xC4, 0x12, 0x4F, 0x6D, 0x6E, 0xF0,
    0x91, 0x79, 0x8A, 0x0F, 0x7B, 0x9F, 0x0B, 0x06, 0x59, 0x18, 0xCF, 0x7E, 0x4C, 0xBE, 0x3B, 0xFB,
    0x8F, 0xCF, 0xF3, 0x12, 0x8A, 0x82, 0xA6, 0xD6, 0x51, 0xCF, 0xAD, 0x53, 0x6D, 0x7A, 0xA8, 0xB7,
    0xD4, 0x69, 0x8A, 0xB3, 0x84, 0xF2, 0x8B, 0x12, 0x5F, 0xD6, 0x5E, 0x8D, 0x14, 0x72, 0x22, 0xAF,
    0xA8, 0xAA, 0x67, 0xC3, 0x0E, 0xB0, 0x6F, 0xCA, 0xA2, 0xCE, 0x43, 0xC5, 0x98, 0x98, 0xB8, 0x6E,
    0x5C, 0xB4, 0xDD, 0x3A, 0xF0, 0xDA, 0x3A, 0x6F, 0x83, 0x8E, 0x3B, 0x7C, 0xDB, 0x8C, 0xCC, 0x69,
    0x89, 0x59, 0x9F, 0x4E, 0x4A, 0x2D, 0xF2, 0x56, 0x24, 0x4B, 0x3D, 0x74, 0x93, 0x5A, 0xA4, 0x1E,
    0x19, 0x69, 0x91, 0x2A, 0xAC, 0x51, 0xA5, 0x8A, 0xF8, 0x0B, 0xC2, 0x46, 0x9A, 0x5C, 0x45, 0x9A,
    0x5C, 0xC5, 0x4E, 0x2A, 0x10, 0xDF, 0x37, 0xC3, 0xE4, 0x0A, 0x43, 0x5D, 0x35, 0x75, 0x63, 0x4E,
    0x0D, 0xDD, 0x74, 0xEE, 0xAC, 0xDF, 0xFB, 0x85, 0x6C, 0xC5, 0x1B, 0x79, 0x57, 0x91, 0x97, 0xF4,
    0x5C, 0x3C, 0xAD, 0x1B, 0xFB, 0x9B, 0x83, 0xDA, 0xCB, 0xBE, 0x88, 0xAE, 0x1C, 0x39, 0xCE, 0xBB,
    0x56, 0xB5, 0x6B, 0x4E, 0x01, 0x52, 0xAD, 0xEA, 0x56, 0x2C, 0xCD, 0x06, 0x91, 0x46, 0x4E, 0xA6,
    0x3A, 0x96, 0x5A, 0xD1, 0xE9, 0xC8, 0x72, 0xAC, 0x30, 0xC2, 0x84, 0x6C, 0x30, 0xD1, 0xBD, 0xE5,
    0x16, 0xAB, 0xF9, 0x65, 0x78, 0x4E, 0x2F, 0x07, 0xB6, 0xC4, 0xE9, 0x03, 0x96, 0x40, 0xB6, 0xE0,
    0xF4, 0x5C, 0xA1, 0x69, 0xAC, 0x74, 0x7A, 0xED, 0x38, 0xD0, 0x0A, 0x3D, 0x4E, 0xA0, 0xBF, 0x8D,
    0xE6, 0x6A, 0xB0, 0x17, 0xBD, 0xBB, 0xE8, 0x38, 0xAF, 0xCB, 0x63, 0x55, 0x34, 0x2B, 0x1D, 0x7A,
    0xED, 0x4F, 0x76, 0xD3, 0xB1, 0x8F, 0x90, 0xF2, 0xF3, 0x99, 0x61, 0x18, 0xF1, 0x00, 0xAE, 0x8C,
    0x27, 0x0B, 0xFC, 0xCB, 0x4A, 0xDE, 0x92, 0xA3, 0x1E, 0x6D, 0xAA, 0x3C, 0x84, 0xDC, 0x9A, 0xF3,
    0x02, 0x6B, 0xDE, 0x43, 0x71, 0x3D, 0x24, 0x93, 0x05, 0xFE, 0x65, 0x25, 0x6F, 0xB1, 0xC1, 0x61,
    0x32, 0x9E, 0x2F, 0xE6, 0x0B, 0x17, 0xA7, 0x97, 0x77, 0x6F, 0x04, 0x19, 0x36, 0xF1, 0x76, 0x78,
    0x9B, 0xDE, 0xD9, 0x0D, 0x1B, 0x8F, 0x5B, 0x54, 0xD4, 0x45, 0x2D, 0x9E, 0x55, 0xAC, 0x22, 0xC7,
    0x8C, 0xE2, 0x91, 0xF0, 0x9E, 0x1E, 0xBE, 0x3C, 0xF9, 0x30, 0x5F, 0x2E, 0x05, 0xD1, 0x42, 0xA0,
    0x36, 0x21, 0xC1, 0x9D, 0xB0, 0x64, 0xE2, 0x73, 0x4E, 0x6D, 0x91, 0x60, 0x4D, 0x88, 0xA6, 0xF8,
    0x77, 0x2D, 0xD4, 0x3F, 0x2D, 0x86, 0x87, 0x16, 0x76, 0x6B, 0x31, 0x17, 0x8B, 0x6B, 0xED, 0x52,
    0x3D, 0x4E, 0x1C, 0x31, 0x18, 0x7D, 0x33, 0xA3, 0x65, 0x24, 0xB6, 0x70, 0xB3, 0x34, 0x34, 0x43,
    0x9D, 0x22, 0x3E, 0x41, 0xB0, 0xC5, 0x09, 0xB6, 0x80, 0x8A, 0x96, 0x26, 0x34, 0xDC, 0x00, 0x4F,
    0x6E, 0x40, 0x91, 0x23, 0xA4, 0x59, 0x6D, 0xC1, 0x0D, 0xB2, 0x23, 0x4E, 0x30, 0x41, 0x4A, 0x95,
    0x66, 0x84, 0x10, 0x2D, 0x23, 0x34, 0xC5, 0x64, 0x65, 0xFB, 0xCB, 0xF3, 0xB2, 0xDA, 0x06, 0x51,
    0x45, 0xE9, 0x62, 0xBF, 0xA7, 0xB1, 0xBE, 0xF9, 0xFC, 0xBD, 0xEF, 0xC7, 0x38, 0xBC, 0x41, 0x2E,
    0x1E, 0x4A, 0x04, 0xD5, 0xE3, 0xAA, 0x36, 0x4D, 0xDA, 0xBA, 0x31, 0xF5, 0x86, 0xED, 0xF6, 0xBB,
    0xB3, 0x56, 0x6B, 0xB1, 0x53, 0x89, 0xC8, 0x64, 0x00, 0x26, 0x20, 0x4F, 0x01, 0x15, 0x00, 0x43,
    0x3A, 0x32, 0x06, 0x14, 0x2F, 0x01, 0xE5, 0x43, 0x80, 0xBA, 0x0B, 0xD0, 0x27, 0x01, 0x66, 0x19,
    0x6B, 0x23, 0xD2, 0x24, 0x22, 0xA7, 0xCF, 0x96, 0x93, 0xB3, 0xB9, 0x12, 0x9F, 0xB0, 0xFE, 0xA6,
    0x5A, 0x10, 0x55, 0xAC, 0x2B, 0x19, 0xF6, 0x6F, 0x3D, 0xB2, 0x80, 0x2C, 0x22, 0x8F, 0xD5, 0xAD,
    0x37, 0x32, 0x6A, 0x69, 0x41, 0x9D, 0xBD, 0xAF, 0x00, 0x73, 0x2D, 0x53, 0xBE, 0x23, 0xA0, 0x5B,
    0xCA, 0x36, 0xE4, 0x73, 0x07, 0x27, 0x01, 0xEE, 0x8B, 0xC0, 0xD9, 0x15, 0x4C, 0x4D, 0x36, 0x02,
    0xFD, 0x14, 0x59, 0x97, 0x67, 0x7D, 0x1D, 0x70, 0x40, 0x9C, 0x9D, 0x8A, 0x78, 0x22, 0x2E, 0xBD,
    0x2F, 0x86, 0x8B, 0x69, 0x0F, 0xD5, 0x41, 0x37, 0xBC, 0xC0, 0x7B, 0x90, 0x24, 0x5A, 0x78, 0x14,
    0x23, 0xF8, 0x07, 0x97, 0x96, 0x42, 0x23, 0x2A, 0x06, 0xD6, 0x0C, 0x66, 0x6A, 0x47, 0x41, 0x06,
    0x8C, 0x23, 0xED, 0xFD, 0x26, 0x09, 0x7D, 0x47, 0x7B, 0x12, 0x84, 0x83, 0xF9, 0x41, 0x41, 0xFA,
    0x96, 0x49, 0x6C, 0xC6, 0xC6, 0x7C, 0x06, 0xA6, 0x3C, 0x6B, 0xC6, 0x30, 0xF7, 0x4C, 0xCE, 0xCA,
    0x96, 0xF4, 0xFF, 0xC9, 0x66, 0xB3, 0xE1, 0xF9, 0x6F, 0x41, 0x2A, 0x33, 0xA9, 0x4E, 0xAE, 0x46,
    0x26, 0xDB, 0xD1, 0x6E, 0x91, 0xCD, 0x81, 0x0F, 0xF5, 0x77, 0xEB, 0x7E, 0x49, 0xAB, 0x45, 0x7A,
    0x35, 0xAA, 0x41, 0xF5, 0xE5, 0xBB, 0x74, 0x41, 0x8B, 0x0B, 0x86, 0xC1, 0xB8, 0xFE, 0x76, 0xA0,
    0xB3, 0x34, 0x9A, 0x2A, 0x60, 0x15, 0x70, 0x1D, 0x70, 0xC4, 0x51, 0xBD, 0x41, 0x1E, 0xAD, 0x91,
    0x8E, 0xC8, 0x16, 0x30, 0xD2, 0x1B, 0xF1, 0xE6, 0xDC, 0x1F, 0x17, 0x7E, 0xC6, 0x3A, 0x4A, 0x96,
    0xD1, 0xA7, 0xD1, 0xAC, 0x6C, 0x11, 0xD2, 0xD1, 0x48, 0x78, 0x45, 0xB6, 0xB0, 0xAF, 0xCE, 0xC7,
    0xA5, 0xFF, 0x94, 0xA7, 0x56, 0x67, 0x57, 0x43, 0x21, 0x6D, 0x4E, 0xE5, 0x62, 0x33, 0xF1, 0x3C,
    0x7C, 0xDC, 0x8D, 0x7B, 0xFE, 0xFF, 0x69, 0xFD, 0xAB, 0xA7, 0xF5, 0x07, 0xAD, 0x56, 0xBF, 0x8F,
    0xDC, 0x54, 0x10, 0x1E, 0xEF, 0x26, 0xBB, 0x12, 0x2E, 0x5C, 0x9D, 0x22, 0xDD, 0x16, 0xEE, 0x0F,
    0x09, 0x37, 0xF4, 0x76, 0x84, 0x44, 0xCB, 0x15, 0xB7, 0x69, 0xAE, 0x08, 0x35, 0x29, 0x8E, 0x82,
    0x96, 0xD8, 0x3D, 0x05, 0xF7, 0x1F, 0x50, 0x67, 0x53, 0x5C, 0x8B, 0x84, 0x12, 0x1B, 0x51, 0xD0,
    0xBA, 0x41, 0x94, 0xD9, 0x62, 0x53, 0x70, 0x0D, 0x2E, 0x16, 0xC9, 0xB7, 0xB2, 0xDF, 0xF0, 0x7D,
    0xF3, 0xBC, 0xBF, 0x2E, 0x07, 0x05, 0x62, 0x75, 0xFA, 0x9E, 0xEF, 0xF9, 0xFD, 0x98, 0xF9, 0xE6,
    0x9B, 0x19, 0x8B, 0x4C, 0x3E, 0xCF, 0x44, 0xA2, 0x2F, 0x08, 0x91, 0x00, 0x62, 0x40, 0x02, 0x98,
    0xBA, 0xE4, 0x5A, 0xD2, 0x3E, 0xED, 0x03, 0xED, 0xD2, 0x7E, 0xAC, 0xAB, 0x59, 0x1F, 0xA9, 0x04,
    0x5D, 0xDC, 0x89, 0x74, 0xE9, 0x9A, 0xD0, 0x60, 0x69, 0x6E, 0xB0, 0x04, 0x94, 0x3B, 0xB0, 0x7F,
    0xED, 0x85, 0x2D, 0x49, 0x5B, 0x1E, 0xD9, 0xF1, 0x70, 0x15, 0xF9, 0x34, 0xD4, 0x6A, 0xD2, 0x8D,
    0xF5, 0x17, 0x75, 0xA2, 0xBF, 0x6A, 0x2B, 0xC9, 0x77, 0x5A, 0x48, 0xF8, 0xFD, 0xEA, 0xD0, 0x8A,
    0x98, 0x56, 0xC4, 0x9F, 0x00, 0x1E, 0x3D, 0x12, 0x39, 0x99, 0xCF, 0xE7, 0x59, 0xAE, 0xAA, 0xB5,
    0xC1, 0x8C, 0x30, 0x56, 0x89, 0x08, 0x21, 0x61, 0x52, 0x00, 0x44, 0x0E, 0x01, 0x07, 0x03, 0xBA,
    0x2D, 0x6C, 0x5F, 0x3C, 0xD1, 0x0B, 0x18, 0xA9, 0x3A, 0xC0, 0xBD, 0x6D, 0x89, 0xC2, 0x8A, 0x1C,
    0x1B, 0x3C, 0x48, 0x50, 0xBE, 0xE7, 0xA4, 0xD6, 0xC2, 0x2B, 0x47, 0xBA, 0x29, 0x71, 0x5B, 0x86,
    0x7B, 0x9D, 0x44, 0x15, 0x00, 0xF7, 0x3A, 0x21, 0x55, 0x00, 0xAC, 0xA8, 0x3C, 0xEC, 0x7F, 0xFB,
    0xB9, 0x40, 0xE1, 0xDA, 0x00, 0x12, 0x9C, 0x03, 0xA6, 0xCD, 0xC8, 0x01, 0xC6, 0x6E, 0xFE, 0xBC,
    0xA1, 0x5B, 0x8D, 0xEE, 0xE0, 0x64, 0x9E, 0x09, 0x3C, 0x4E, 0x75, 0x89, 0xCD, 0x45, 0xAA, 0x0D,
    0x87, 0x19, 0x3C, 0xBA, 0xBA, 0x93, 0x11, 0x0C, 0x8B, 0x1A, 0x0C, 0xCE, 0x0F, 0x6A, 0x83, 0xD3,
    0x82, 0x43, 0x5F, 0x56, 0x18, 0x4A, 0x1E, 0xA2, 0xD5, 0x30, 0xC8, 0xD1, 0xEF, 0xF8, 0xDD, 0xA8,
    0x17, 0x7D, 0xB7, 0xC6, 0x3E, 0xC9, 0xFF, 0xE4, 0x76, 0xF8, 0x6A, 0x43, 0xE4, 0x87, 0xD0, 0x0F,
    0x63, 0x0C, 0x09, 0xDD, 0x6F, 0xC4, 0x4C, 0xF2, 0x43, 0xD9, 0x30, 0x2E, 0x99, 0x39, 0xD9, 0x1B,
    0x22, 0x8C, 0x16, 0x1A, 0x01, 0x29, 0x78, 0x0B, 0x84, 0x4C, 0x2E, 0xDD, 0xFC, 0xEA, 0x2E, 0xF3,
    0xD7, 0x79, 0x7C, 0xA1, 0x8B, 0x72, 0x43, 0xE2, 0x52, 0x5B, 0x83, 0xE3, 0xC6, 0x5A, 0xC2, 0x4E,
    0x44, 0x0A, 0xFC, 0x58, 0xE4, 0x80, 0x0B, 0x9C, 0x6C, 0xE4, 0x3E, 0x80, 0xC6, 0x37, 0x42, 0xB4,
    0x32, 0x8A, 0xDB, 0x1D, 0x9E, 0xCC, 0xCF, 0x65, 0x2E, 0x8F, 0xE7, 0xE7, 0xB9, 0x36, 0x60, 0x38,
    0xD2, 0x35, 0x1E, 0x18, 0x30, 0x5D, 0xCF, 0x34, 0x1B, 0x6B, 0x31, 0x51, 0x0A, 0x65, 0xCA, 0xA0,
    0x30, 0xE0, 0x50, 0x62, 0xE0, 0xC0, 0x21, 0x56, 0xD6, 0xF0, 0x33, 0xE0, 0xCA, 0x66, 0x8C, 0xC0,
    0x6B, 0x11, 0xDB, 0xC3, 0xA9, 0xDE, 0x96, 0xEA, 0x6E, 0x5C, 0x91, 0xA8, 0xFF, 0xD5, 0x94, 0x22,
    0x7F, 0xD9, 0x8E, 0xD1, 0xD3, 0x85, 0xFF, 0x1D, 0xAC, 0x79, 0xBE, 0x71, 0xCF, 0xB4, 0xFC, 0x2D,
    0x93, 0x68, 0xD3, 0x05, 0x9A, 0x17, 0xB0, 0x18, 0xF6, 0xA9, 0x97, 0xD9, 0x1A, 0x31, 0xB0, 0x87,
    0x46, 0x72, 0xFA, 0x61, 0xB4, 0xF6, 0x14, 0x1B, 0x48, 0x4D, 0x3B, 0x93, 0x4D, 0xE5, 0xD3, 0x85,
    0x0F, 0x71, 0x7B, 0x1C, 0xC0, 0xBC, 0x3A, 0x80, 0x90, 0xD4, 0x1B, 0x4C, 0x16, 0xFA, 0xC7, 0xF1,
    0x8B, 0x8A, 0xB1, 0xAE, 0x48, 0x6A, 0x15, 0x6A, 0x06, 0x61, 0x74, 0x78, 0x91, 0xAC, 0x01, 0xE0,
    0xFD, 0xDF, 0x80, 0x4B, 0x70, 0x3D, 0x76, 0xB8, 0x89, 0xD6, 0x38, 0x49, 0x5B, 0x9C, 0x92, 0xF7,
    0x52, 0xB6, 0x49, 0x2F, 0x8F, 0xB7, 0x9E, 0xC7, 0x8C, 0xBB, 0x01, 0x19, 0x78, 0x25, 0x32, 0xDB,
    0x64, 0xF4, 0x46, 0xEF, 0x98, 0xE7, 0x74, 0x36, 0x35, 0x2C, 0xD7, 0x20, 0x9B, 0x9E, 0xE4, 0x78,
    0x59, 0x00, 0x2D, 0xD3, 0x06, 0xCC, 0x4D, 0x3B, 0xA5, 0x21, 0xA8, 0xBD, 0xD8, 0x79, 0x79, 0x30,
    0xFF, 0x44, 0x39, 0xEF, 0xD7, 0xF3, 0x04, 0x32, 0x55, 0x09, 0xCA, 0x02, 0x88, 0xFB, 0x16, 0x4B,
    0xDD, 0xA5, 0x5A, 0x92, 0x82, 0x4C, 0x18, 0xBB, 0xA6, 0xC8, 0x1D, 0x8D, 0x0C, 0x32, 0x53, 0x04,
    0xFE, 0x4A, 0x45, 0x86, 0x2D, 0x3D, 0x42, 0x08, 0x33, 0x97, 0x31, 0x81, 0x3B, 0xAA, 0x29, 0xF6,
    0x3A, 0x5D, 0x9A, 0x66, 0x2B, 0xD3, 0x23, 0x34, 0xE8, 0xA8, 0xB3, 0x17, 0xFA, 0xDA, 0x2D, 0x8A,
    0x72, 0x9F, 0x2F, 0x50, 0xEE, 0x6B, 0x5D, 0x40, 0xB9, 0xB4, 0x65, 0xEC, 0x68, 0x05, 0x77, 0xD9,
    0x5E, 0xAF, 0xE5, 0xD8, 0xCE, 0x0C, 0x1D, 0xAD, 0x85, 0xEE, 0x12, 0x5D, 0xC6, 0xBA, 0xC6, 0xBD,
    0xA9, 0xB6, 0x1E, 0x4D, 0x3E, 0x3C, 0xCC, 0x1D, 0x00, 0x74, 0xE7, 0xDE, 0x02, 0xDE, 0xBE, 0x01,
    0xBC, 0xDC, 0x56, 0x89, 0xA7, 0x84, 0x92, 0x80, 0xDB, 0x66, 0x7A, 0x0D, 0x7F, 0x57, 0x81, 0xC8,
    0x9D, 0x5C, 0x09, 0xFF, 0xA7, 0xA6, 0x56, 0x14, 0x3E, 0x16, 0x6F, 0x08, 0x4F, 0x0F, 0x2A, 0x4C,
    0x46, 0x42, 0x5A, 0x46, 0xA0, 0xF3, 0xB0, 0xCB, 0xD4, 0xCE, 0x67, 0x6A, 0x86, 0xF0, 0xDD, 0x20,
    0x53, 0xA7, 0x3D, 0x33, 0xD5, 0x32, 0x32, 0x33, 0x1F, 0x8B, 0xAF, 0xA8, 0xE5, 0x21, 0xC6, 0xFE,
    0xD9, 0xCF, 0x5F, 0xE9, 0x42, 0x37, 0xD9, 0x14, 0xDD, 0x00, 0xBB, 0x2C, 0xD7, 0xA7, 0x46, 0x39,
    0x70, 0xC5, 0x8C, 0x64, 0xE8, 0xA6, 0xBD, 0x3C, 0x88, 0x1F, 0x66, 0xAA, 0xC8, 0x47, 0x0C, 0x24,
    0xAA, 0xE8, 0x7D, 0xCC, 0xEF, 0xAC, 0x4F, 0x70, 0x55, 0xCE, 0x0B, 0x46, 0xA4, 0x08, 0xB7, 0xD4,
    0xC8, 0xD4, 0x08, 0xF7, 0x19, 0xC9, 0xF2, 0x86, 0xA5, 0x05, 0xD1, 0xB7, 0xFE, 0x32, 0x60, 0xEE,
    0x71, 0x39, 0xE0, 0x19, 0xB2, 0x9F, 0x95, 0xCA, 0x63, 0x93, 0xB2, 0x58, 0x72, 0x17, 0x0A, 0x43,
    0xD2, 0x12, 0x63, 0x66, 0x3C, 0xAE, 0xCA, 0x02, 0x06, 0xEB, 0x2F, 0xA8, 0x28, 0x50, 0x53, 0xAC,
    0x17, 0x1F, 0x1C, 0xBB, 0xA6, 0xCC, 0xAB, 0x87, 0xED, 0xB4, 0x3C, 0x38, 0x75, 0xD7, 0xD4, 0x5C,
    0xE7, 0x05, 0x1F, 0xB9, 0x1B, 0x94, 0xE1, 0x25, 0x74, 0x11, 0xD5, 0x10, 0x53, 0x58, 0xF9, 0x74,
    0x2C, 0x0B, 0x2B, 0xFA, 0xCC, 0x86, 0xD6, 0x60, 0x9F, 0xCC, 0xFB, 0x39, 0x2B, 0x69, 0xA1, 0xF5,
    0x48, 0x98, 0x98, 0x01, 0xC2, 0x1A, 0x0A, 0x8D, 0x6A, 0xD8, 0x17, 0xD7, 0x53, 0xDF, 0x7E, 0x58,
    0x5B, 0x13, 0xA5, 0xB8, 0xAD, 0xFE, 0x9C, 0x16, 0x5B, 0xFB, 0xF6, 0x90, 0xD4, 0x83, 0xE5, 0x38,
    0xB5, 0xA7, 0x3F, 0xE8, 0xDC, 0xEF, 0x2F, 0xFF, 0x9F, 0xCE, 0xFD, 0x4D, 0xA8, 0x35, 0x3B, 0x37,
    0x03, 0x62, 0x7E, 0x24, 0x94, 0x41, 0x50, 0xAE, 0x3E, 0x34, 0xC3, 0x00, 0x14, 0x99, 0xDE, 0x49,
    0x28, 0xE8, 0x39, 0xA3, 0x9A, 0x06, 0xC7, 0x0F, 0xE7, 0x07, 0xBC, 0xD5, 0x5B, 0x20, 0x4A, 0x6F,
    0x6E, 0x98, 0xCA, 0x4B, 0x43, 0x16, 0x63, 0xF9, 0x2F, 0x68, 0x66, 0xB0, 0x18, 0x81, 0x0A, 0xB7,
    0x45, 0x2B, 0xDD, 0x96, 0xCB, 0x56, 0xB2, 0xCD, 0x96, 0xC3, 0xB9, 0xD2, 0x61, 0x2E, 0xA2, 0xD7,
    0x31, 0x0B, 0x49, 0x32, 0x50, 0x34, 0x7F, 0x66, 0x7D, 0xDC, 0x51, 0xBE, 0x98, 0x9A, 0x5F, 0xB5,
    0x5B, 0x6D, 0x5B, 0x59, 0x0A, 0xEC, 0x4A, 0xBB, 0x31, 0x25, 0x81, 0x09, 0xF7, 0x46, 0x16, 0x51,
    0xA6, 0x22, 0x2A, 0x41, 0x30, 0xBF, 0xF7, 0x79, 0x22, 0x5F, 0x03, 0x66, 0x6C, 0x7D, 0xEC, 0x97,
    0xD4, 0x04, 0xAA, 0xD2, 0x97, 0x52, 0xD6, 0x61, 0x23, 0x3F, 0xB2, 0x13, 0xB0, 0xD7, 0xFB, 0xED,
    0x68, 0x17, 0xC1, 0xC5, 0x4F, 0xE8, 0x56, 0xDD, 0x67, 0x04, 0x7E, 0xF8, 0x18, 0xA0, 0x2A, 0xC3,
    0x40, 0x40, 0x0E, 0x18, 0xB1, 0xD4, 0x97, 0x2C, 0x39, 0xD0, 0x6E, 0x4E, 0x2B, 0x73, 0xDD, 0xC8,
    0x4E, 0xA8, 0x3B, 0xD9, 0xFE, 0xF3, 0xC8, 0xFB, 0xCC, 0x62, 0x18, 0xE4, 0xA5, 0xD9, 0x0E, 0x9F,
    0x30, 0xCE, 0x2C, 0xFE, 0xE1, 0x77, 0x1A, 0x13, 0xBA, 0xE8, 0x67, 0x3A, 0x1A, 0xB5, 0x51, 0x95,
    0xD7, 0x64, 0x28, 0x62, 0xDB, 0x80, 0xDF, 0x11, 0x9B, 0x8B, 0xE4, 0x75, 0x54, 0x91, 0x3F, 0x74,
    0x0F, 0x76, 0x1C, 0x04, 0x23, 0xAA, 0x28, 0x6B, 0xB4, 0xD6, 0x6A, 0xEA, 0x5B, 0x6C, 0x35, 0xF5,
    0x3D, 0x97, 0x1F, 0x50, 0x63, 0x1B, 0x75, 0x3F, 0xBA, 0x83, 0x71, 0xA4, 0xBE, 0xDF, 0x8F, 0xE0,
    0x56, 0x6F, 0xE3, 0x72, 0x68, 0x94, 0xCD, 0x76, 0x84, 0x8E, 0xCE, 0x69, 0xAA, 0xB3, 0x54, 0xAA,
    0xF8, 0xF9, 0x61, 0x8C, 0x90, 0x9B, 0x78, 0x4F, 0xD5, 0x31, 0xC4, 0x6B, 0x40, 0xD9, 0xD8, 0x0E,
    0xDB, 0x7B, 0xB6, 0x78, 0x35, 0x90, 0x74, 0x46, 0x51, 0xA4, 0x6C, 0x9E, 0x1F, 0xA3, 0xD2, 0x1F,
    0x7D, 0x19, 0x1E, 0x96, 0x53, 0xF9, 0x1B, 0xA5, 0x93, 0x31, 0x4E, 0xEC, 0x30, 0x10, 0x86, 0xB3,
    0x31, 0xBC, 0x80, 0x22, 0xE1, 0x0B, 0xA0, 0x67, 0x6E, 0x90, 0x96, 0x0A, 0xE7, 0x08, 0xDC, 0x80,
    0x9E, 0x4B, 0x24, 0x37, 0xA1, 0xA7, 0xE1, 0x02, 0x4F, 0x8A, 0x8F, 0x90, 0x1B, 0x60, 0xA0, 0xA0,
    0xA0, 0xC0, 0x45, 0x8A, 0x15, 0x4A, 0x76, 0x98, 0xF9, 0xC7, 0x61, 0x57, 0x74, 0x3C, 0x5C, 0xFC,
    0x8E, 0xE2, 0x64, 0x3C, 0xF3, 0xCD, 0x3F, 0x45, 0xA1, 0xEB, 0x12, 0xBA, 0x13, 0x31, 0x50, 0xBB,
    0x15, 0xF5, 0x51, 0x74, 0x08, 0x2C, 0x25, 0xC9, 0x63, 0x3D, 0x8B, 0x36, 0x09, 0xAF, 0xE9, 0xFB,
    0xF2, 0x1F, 0xF7, 0xBC, 0x1C, 0x7E, 0xAD, 0x10, 0x66, 0x43, 0xAD, 0x6C, 0xDD, 0x28, 0xEA, 0x26,
    0x1C, 0x2C, 0x7A, 0x80, 0x1B, 0xFF, 0x41, 0x2F, 0xA0, 0xC7, 0xF8, 0xD4, 0xE1, 0xCA, 0x6E, 0x8B,
    0x6F, 0x24, 0x46, 0x45, 0xD4, 0xF3, 0x95, 0x44, 0x7C, 0x30, 0xBC, 0xD3, 0xCC, 0x99, 0xB8, 0x17,
    0xE2, 0x4C, 0x5C, 0xA4, 0xD0, 0x24, 0x17, 0x7D, 0xF2, 0xBD, 0x8B, 0x76, 0xFA, 0xCB, 0xFF, 0x96,
    0x23, 0x22, 0xB4, 0x6B, 0x9C, 0xDF, 0xE8, 0xBA, 0xCE, 0x75, 0xEB, 0x74, 0x03, 0x8C, 0x15, 0x41,
    0x61, 0xC1, 0xA3, 0x30, 0x5A, 0x4D, 0x41, 0x7A, 0xA8, 0xD8, 0x84, 0x21, 0x18, 0xED, 0x32, 0xAA,
    0x75, 0xBB, 0x65, 0x48, 0x0F, 0xA0, 0x90, 0x91, 0x64, 0x3E, 0x85, 0xC2, 0x32, 0x4B, 0xB1, 0xEF,
    0xC0, 0x1A, 0x6B, 0xE8, 0xB1, 0x5D, 0xE9, 0x3D, 0x27, 0x0A, 0xEC, 0xFA, 0xB7, 0x25, 0x8A, 0x9E,
    0x8A, 0xF6, 0x4D, 0xEB, 0xA2, 0x49, 0x3E, 0x0A, 0x48, 0xB7, 0x65, 0xA8, 0xD1, 0xEC, 0xDC, 0x13,
    0x27, 0x44, 0x8F, 0xAF, 0x9C, 0x8F, 0x27, 0xE2, 0x4C, 0x2D, 0xD1, 0x28, 0xC5, 0x22, 0x4F, 0x42,
    0xE9, 0x1E, 0x1C, 0x6C, 0x38, 0x04, 0x26, 0x6E, 0x32, 0x7D, 0x36, 0x94, 0x8D, 0xD9, 0x53, 0xA8,
    0x47, 0x04, 0x06, 0x93, 0xB2, 0x60, 0x0E, 0xF0, 0xE4, 0xFA, 0xD5, 0x5F, 0xCC, 0x43, 0x2D, 0x56,
    0x2F, 0x19, 0x71, 0x49, 0xED, 0x6A, 0xB4, 0xB0, 0xFA, 0x2C, 0x7E, 0x3D, 0xA8, 0xE3, 0xEE, 0x29,
    0xA8, 0xE9, 0xB8, 0x0F, 0xEA, 0x3B, 0x0E, 0xA2, 0xD6, 0x93, 0x20, 0xA0, 0x2B, 0xF7, 0x08, 0x6D,
    0x18, 0x4F, 0x3C, 0x58, 0xCD, 0xD9, 0x86, 0x36, 0x65, 0x27, 0xD6, 0x21, 0x9B, 0x71, 0xD3, 0xEE,
    0x6B, 0xB1, 0x68, 0x8D, 0x47, 0x9F, 0x68, 0x51, 0x3F, 0x8A, 0xBD, 0xE0, 0xC7, 0x8E, 0x68, 0xCB,
    0x31, 0x6E, 0x5E, 0x77, 0x1C, 0x92, 0x71, 0xF5, 0x4E, 0xFC, 0x18, 0x7D, 0x00, 0x46, 0x06, 0x6B,
    0xE2, 0x11, 0xF0, 0xFE, 0x5F, 0x6B, 0xCE, 0x44, 0x47, 0x71, 0x77, 0x95, 0x3C, 0x47, 0x76, 0x93,
    0x65, 0xD7, 0x77, 0xA3, 0x21, 0xF7, 0xCC, 0x89, 0xD3, 0xFB, 0xDB, 0x8C, 0xC9, 0xE0, 0x02, 0x6A,
    0x12, 0xEF, 0x95, 0x04, 0x8A, 0xC3, 0xC1, 0x94, 0xFE, 0x41, 0x23, 0xB4, 0x34, 0x7D, 0x83, 0xC6,
    0x19, 0x7C, 0x69, 0xF1, 0x97, 0x36, 0x97, 0xEE, 0xDE, 0x16, 0xEE, 0x0D, 0x47, 0x6E, 0x2D, 0x1B,
    0x60, 0x18, 0xFD, 0x28, 0x37, 0x8A, 0x31, 0xAA, 0x24, 0x26, 0xD9, 0x84, 0x1F, 0xE6, 0xDF, 0x5A,
    0x99, 0x48, 0xD0, 0xA8, 0xA7, 0x66, 0x72, 0xB1, 0x49, 0xF5, 0xC2, 0x91, 0x43, 0x49, 0x37, 0x3C,
    0xC1, 0x32, 0x0E, 0xF3, 0x4A, 0x52, 0xA7, 0x5C, 0x27, 0x5E, 0xA7, 0x3F, 0xC7, 0xD9, 0xF7, 0xC2,
    0x4B, 0xC7, 0xD3, 0xA1, 0xEA, 0xFB, 0x4F, 0xCD, 0x55, 0xB1, 0x8E, 0xDC, 0x36, 0x10, 0x1D, 0x69,
    0x93, 0x5B, 0x20, 0x2A, 0xD8, 0xD8, 0x8D, 0x0F, 0x88, 0xD2, 0xC6, 0x2E, 0xF4, 0x09, 0x14, 0xFC,
    0x05, 0x2E, 0x7C, 0x75, 0x7A, 0xBB, 0xB8, 0x26, 0x65, 0x00, 0xEA, 0x13, 0xEE, 0x13, 0x5C, 0xA4,
    0xB8, 0xDD, 0x26, 0x8D, 0x7B, 0x32, 0x7F, 0xA0, 0xC6, 0x95, 0x1B, 0x15, 0xEE, 0x2D, 0x03, 0x72,
    0x2C, 0x9C, 0x57, 0x9A, 0xBC, 0x37, 0xD2, 0x9E, 0x37, 0x38, 0xC3, 0x31, 0xE0, 0x14, 0x21, 0x76,
    0x67, 0x24, 0x72, 0x86, 0x33, 0x7C, 0x7C, 0x33, 0x92, 0x5F, 0x05, 0x23, 0xD6, 0x10, 0xDA, 0xF3,
    0x69, 0x82, 0x28, 0x14, 0xEF, 0x99, 0xB6, 0x78, 0xF4, 0x03, 0x84, 0x3B, 0x40, 0x6C, 0xB9, 0xB2,
    0x51, 0xE1, 0x4A, 0x0D, 0x3B, 0x6D, 0xB6, 0xAA, 0x9A, 0x1C, 0x85, 0x1F, 0x73, 0x4D, 0xA1, 0x17,
    0x4D, 0xB1, 0x85, 0xD0, 0x74, 0x2A, 0x9A, 0xD8, 0xC2, 0x23, 0xF4, 0xF0, 0xF5, 0x63, 0x31, 0x49,
    0xA9, 0x3A, 0x0A, 0x7C, 0x3B, 0x44, 0x63, 0xA0, 0xEF, 0x9F, 0x30, 0x85, 0x6C, 0x27, 0xF7, 0x19,
    0x5F, 0x07, 0x65, 0x02, 0xAA, 0x88, 0xE9, 0xF5, 0x0F, 0x45, 0x7C, 0x58, 0x86, 0x51, 0x72, 0xCC,
    0xFB, 0x49, 0xB6, 0x98, 0x57, 0x15, 0xD7, 0x4B, 0x3E, 0xC5, 0xA6, 0xEC, 0x64, 0x3B, 0xFA, 0xE4,
    0x13, 0x26, 0xCA, 0x16, 0xCA, 0x27, 0xD7, 0xF9, 0x06, 0x07, 0x72, 0xBD, 0xAF, 0xB3, 0x59, 0xA8,
    0x36, 0x07, 0xAA, 0x06, 0x2E, 0x50, 0xA9, 0x6A, 0x05, 0x26, 0x29, 0x34, 0x52, 0xB6, 0x65, 0xC7,
    0x4D, 0x93, 0xFB, 0x80, 0x4D, 0x23, 0xCE, 0x33, 0xE0, 0x6C, 0x08, 0xD4, 0x09, 0xD2, 0x14, 0xBC,
    0x05, 0x46, 0xC7, 0x68, 0x31, 0x89, 0x01, 0x10, 0xC6, 0xA0, 0x6F, 0x2C, 0xDD, 0xA7, 0x94, 0xF2,
    0xE0, 0x8A, 0xD2, 0xF7, 0x06, 0x22, 0xA1, 0x12, 0x9C, 0x8D, 0x08, 0x1D, 0x0C, 0x2C, 0x83, 0xEC,
    0x23, 0x31, 0x2B, 0xDE, 0xF3, 0xA8, 0xAE, 0xD7, 0x46, 0xA4, 0xEC, 0x62, 0x62, 0x58, 0x0F, 0x80,
    0x7D, 0x43, 0xE7, 0x58, 0x97, 0x8C, 0x24, 0x6E, 0x14, 0xE4, 0x5C, 0x1C, 0x04, 0x29, 0x03, 0xEF,
    0xCD, 0x48, 0xC0, 0x8B, 0x01, 0xD1, 0x71, 0x1E, 0x18, 0xF0, 0xBC, 0x12, 0x93, 0x7F, 0x75, 0x71,
    0x11, 0x5B, 0xCF, 0x94, 0xBA, 0x53, 0x79, 0xFF, 0x02, 0xE3, 0x69, 0xE0, 0xF3, 0xB4, 0xC8, 0x73,
    0x9B, 0xE7, 0xAD, 0x69, 0xFA, 0xFF, 0xC8, 0x2D, 0xB0, 0x50, 0xE4, 0xDF, 0x3B, 0xE6, 0x39, 0x40,
    0x3E, 0xDC, 0xBF, 0xF8, 0x61, 0xBF, 0x63, 0xFE, 0x4F, 0x98, 0xF8, 0x60, 0x82, 0x87, 0x1A, 0x4A,
    0x80, 0x31, 0x38, 0x60, 0x31, 0xC0, 0x37, 0x7B, 0x91, 0x13, 0x40, 0x31, 0x6A, 0x06, 0xA2, 0x5E,
    0x8D, 0xB7, 0xFC, 0x54, 0x83, 0xDC, 0x98, 0x9C, 0x78, 0x1D, 0x1D, 0x6D, 0x68, 0x48, 0x17, 0xB2,
    0x67, 0xA1, 0xB0, 0xA3, 0x47, 0x45, 0x5F, 0xDF, 0xAD, 0xB6, 0x24, 0xB4, 0x6C, 0x66, 0x91, 0x6B,
    0x40, 0x9F, 0x8D, 0xB8, 0x8B, 0x7C, 0x64, 0xF0, 0x31, 0xDC, 0x8A, 0x67, 0xFB, 0xFD, 0xFE, 0x77,
    0xA2, 0x8B, 0x97, 0xF9, 0xF8, 0xE7, 0xBD, 0x72, 0x8F, 0xD2, 0x2A, 0x85, 0x89, 0x45, 0x52, 0x80,
    0xF3, 0xB9, 0xA5, 0x64, 0xC5, 0xC3, 0x50, 0x65, 0xBA, 0x63, 0xB1, 0xF9, 0xA2, 0xC5, 0x74, 0xD7,
    0xA2, 0xBA, 0xB5, 0x60, 0xA1, 0x48, 0x59, 0x87, 0x14, 0x3B, 0xD0, 0x20, 0x7D, 0x27, 0x27, 0xA3,
    0x32, 0xEA, 0xA1, 0x74, 0x4E, 0x55, 0x48, 0xB6, 0x66, 0xD8, 0x41, 0xD5, 0xC6, 0x60, 0xB5, 0x97,
    0x7C, 0x51, 0x3C, 0x3D, 0xD5, 0x64, 0x8A, 0x45, 0xF6, 0xE8, 0x20, 0xC5, 0x68, 0x25, 0xE7, 0x90,
    0x82, 0x9F, 0x2D, 0x09, 0xDC, 0x41, 0xB9, 0xA8, 0xAA, 0x33, 0xDC, 0x7C, 0xB2, 0x7D, 0x17, 0xC5,
    0xA2, 0x62, 0x30, 0x6B, 0x27, 0xBE, 0xB5, 0x9D, 0x7D, 0x67, 0xAA, 0x7C, 0x67, 0x3B, 0xBB, 0xBF,
    0x2C, 0x1F, 0xF7, 0xD1, 0xD4, 0xD6, 0x8A, 0x05, 0xBB, 0x0D, 0x8B, 0xEA, 0x97, 0xBC, 0x3A, 0xB9,
    0x3B, 0xE2, 0x1B, 0x21, 0x6B, 0xB6, 0x00, 0x1D, 0xBC, 0x61, 0x0F, 0xF9, 0x93, 0x2D, 0xC2, 0xBF,
    0x0F, 0x1F, 0xE6, 0x5F, 0x26, 0xC4, 0x2C, 0xB4, 0xC7, 0x19, 0x62, 0x83, 0x46, 0x84, 0x93, 0x91,
    0x60, 0x35, 0x75, 0x03, 0x81, 0x5F, 0x04, 0xF3, 0x38, 0x1F, 0x5A, 0x67, 0x76, 0xFE, 0x26, 0xBE,
    0x9E, 0x2F, 0x0F, 0xDC, 0xE7, 0xF1, 0xD2, 0x8E, 0x0E, 0x12, 0xC8, 0xAA, 0x78, 0x25, 0x67, 0xF3,
    0x0A, 0xD8, 0x37, 0x09, 0x63, 0xE8, 0x2D, 0x95, 0x3F, 0x09, 0x39, 0x9F, 0x6B, 0x76, 0x93, 0x41,
    0xD0, 0x39, 0x27, 0x5C, 0x17, 0xDA, 0x8A, 0x07, 0xB7, 0xEB, 0xC0, 0xCE, 0x19, 0xD7, 0xA6, 0x19,
    0x13, 0xEE, 0x2A, 0xFC, 0x97, 0x62, 0xC5, 0x31, 0x67, 0xFB, 0xAA, 0x88, 0x7B, 0x20, 0xDC, 0x7A,
    0x83, 0x3E, 0x4A, 0x5A, 0x6C, 0xF4, 0xD8, 0xDD, 0x8D, 0x09, 0x8B, 0xD0, 0x2F, 0x89, 0xFC, 0xDF,
    0x45, 0x76, 0x22, 0xEA, 0xCF, 0x0B, 0xF9, 0xE7, 0x2B, 0x77, 0xFE, 0xF1, 0x72, 0x5E, 0x69, 0xEC,
    0x49, 0x8C, 0xCA, 0x58, 0xCB, 0x6F, 0x44, 0x76, 0x6D, 0xDF, 0xA6, 0x76, 0x5B, 0x57, 0x3A, 0x87,
    0x14, 0xDE, 0x02, 0xBA, 0xDF, 0x32, 0x6B, 0xB2, 0xE7, 0x2B, 0x67, 0xBE, 0xC2, 0x44, 0x32, 0x3C,
    0x6C, 0x70, 0xF6, 0x02, 0x57, 0xE4, 0xD2, 0xB3, 0x7D, 0xDC, 0x1D, 0xEB, 0x39, 0xF2, 0x46, 0x3E,
    0x2D, 0x09, 0xDF, 0x8F, 0x6B, 0xCF, 0x6F, 0xF6, 0xBB, 0xE3, 0x12, 0x6B, 0xB5, 0x58, 0x77, 0xFB,
    0x4C, 0x4F, 0xF8, 0xEA, 0x39, 0x8C, 0x97, 0x48, 0x6C, 0xB4, 0xEF, 0xC5, 0xA5, 0x0E, 0x64, 0x77,
    0x04, 0x0B, 0x79, 0x3D, 0xAC, 0x02, 0x05, 0x55, 0x78, 0x57, 0x99, 0xEA, 0x95, 0x9C, 0x13, 0x91,
    0x80, 0xFF, 0x19, 0xAB, 0xE5, 0x27, 0x3A, 0xA3, 0x29, 0x5D, 0xEB, 0x92, 0xA3, 0xFD, 0x39, 0xF7,
    0xF3, 0xDA, 0xD8, 0x02, 0x7C, 0x03, 0x7C, 0xCF, 0xE8, 0x5B, 0x72, 0x2D, 0x22, 0xA6, 0x9B, 0x4D,
    0x97, 0x3A, 0xE4, 0xD8, 0xBC, 0xE2, 0x97, 0x75, 0x5A, 0x9A, 0xCA, 0xBD, 0x35, 0x21, 0xEC, 0xB9,
    0x8B, 0x0B, 0x16, 0xF6, 0xFF, 0x1B, 0x63, 0x60, 0x00, 0x03, 0xF6, 0xFF, 0x97, 0x7E, 0x30, 0x30,
    0xE8, 0xFF, 0x3F, 0xFE, 0x8F, 0x81, 0x61, 0xFF, 0xFF, 0xD3, 0x40, 0xF2, 0xFF, 0x05, 0xEF, 0x7F,
    0x0C, 0x8C, 0xFF, 0x1D, 0x98, 0xFF, 0x30, 0x30, 0xFD, 0x67, 0x60, 0x08, 0x00, 0x93, 0x0C, 0x50,
    0x92, 0xFD, 0xFF, 0xFF, 0xFF, 0x7F, 0x19, 0xEC, 0x91, 0x48, 0xF1, 0xFF, 0xA1, 0xD1, 0x7F, 0x41,
    0xB2, 0xCC, 0x94, 0x91, 0xFA, 0xFF, 0x9F, 0xE8, 0xFF, 0x9F, 0x60, 0xFF, 0xFF, 0x47, 0xFD, 0xFF,
    0x07, 0x10, 0x12, 0xE2, 0x40, 0xA0, 0xF4, 0xFF, 0xF5, 0x0C, 0x0C, 0xF2, 0x40, 0xCB, 0x18, 0x18,
    0xEA, 0xC1, 0xE4, 0xFF, 0x07, 0xEC, 0xFF, 0x81, 0x2E, 0x6C, 0x00, 0x6A, 0xC4, 0x44, 0xEC, 0xFF,
    0x57, 0x01, 0x49, 0xA0, 0xDB, 0xE0, 0x24, 0xD0, 0x85, 0x58, 0x55, 0x92, 0x8A, 0xC0, 0x2E, 0x04,
    0xB9, 0xCD, 0xFE, 0xFF, 0x07, 0x08, 0x09, 0x00,
};

static const EpdGlyph bitter_16_boldGlyphs[] = {
    { 0, 0, 0, 0, 0, 0, 0 }, // U+0000
    { 0, 0, 96, 0, 0, 0, 0 }, // U+000D
    { 0, 0, 96, 0, 0, 0, 0 }, // U+0020
    { 6, 25, 171, 2, 24, 38, 0 }, // !
    { 11, 10, 231, 2, 26, 28, 38 }, // "
    { 21, 24, 358, 1, 24, 126, 66 }, // #
    { 17, 33, 324, 2, 28, 141, 192 }, // $
    { 27, 25, 463, 1, 24, 169, 333 }, // %
    { 21, 25, 358, 1, 24, 132, 502 }, // &
    { 5, 10, 134, 2, 26, 13, 634 }, // '
    { 10, 35, 169, 1, 30, 88, 647 }, // (
    { 10, 35, 169, 0, 30, 88, 735 }, // )
    { 13, 12, 243, 1, 26, 39, 823 }, // *
    { 17, 17, 291, 1, 20, 73, 862 }, // +
    { 6, 11, 130, 1, 5, 17, 935 }, // ,
    { 11, 4, 238, 2, 12, 11, 952 }, // -
    { 6, 6, 124, 1, 5, 9, 963 }, // .
    { 13, 30, 181, -1, 27, 98, 972 }, // /
    { 20, 21, 347, 1, 20, 105, 1070 }, // 0
    { 15, 20, 235, 0, 20, 75, 1175 }, // 1
    { 17, 20, 309, 1, 20, 85, 1250 }, // 2
    { 17, 25, 292, 0, 20, 107, 1335 }, // 3
    { 20, 24, 320, 0, 20, 120, 1442 }, // 4
    { 17, 25, 283, 0, 20, 107, 1562 }, // 5
    { 19, 25, 320, 1, 24, 119, 1669 }, // 6
    { 18, 25, 288, 0, 20, 113, 1788 }, // 7
    { 18, 25, 320, 1, 24, 113, 1901 }, // 8
    { 19, 25, 320, 0, 20, 119, 2014 }, // 9
    { 6, 17, 124, 1, 16, 26, 2133 }, // :
    { 7, 22, 127, 0, 16, 39, 2159 }, // ;
    { 16, 18, 291, 1, 21, 72, 2198 }, // <
    { 16, 10, 284, 1, 17, 40, 2270 }, // =
    { 16, 16, 288, 1, 20, 64, 2310 }, // >
    { 14, 25, 239, 0, 24, 88, 2374 }, // ?
    { 27, 26, 463, 1, 22, 176, 2462 }, // @
    { 24, 24, 380, 0, 24, 144, 2638 }, // A
    { 20, 24, 345, 1, 24, 120, 2782 }, // B
    { 19, 25, 337, 1, 24, 119, 2902 }, // C
    { 22, 24, 380, 1, 24, 132, 3021 }, // D
    { 18, 24, 325, 1, 24, 108, 3153 }, // E
    { 18, 24, 300, 1, 24, 108, 3261 }, // F
    { 23, 25, 382, 1, 24, 144, 3369 }, // G
    { 25, 24, 420, 1, 24, 150, 3513 }, // H
    { 10, 24, 193, 1, 24, 60, 3663 }, // I
    { 13, 30, 182, -2, 24, 98, 3723 }, // J
    { 23, 24, 383, 1, 24, 138, 3821 }, // K
    { 17, 24, 298, 1, 24, 102, 3959 }, // L
    { 27, 24, 466, 1, 24, 162, 4061 }, // M
    { 24, 24, 412, 1, 24, 144, 4223 }, // N
    { 23, 25, 390, 1, 24, 144, 4367 }, // O
    { 19, 24, 325, 1, 24, 114, 4511 }, // P
    { 27, 31, 394, 1, 24, 210, 4625 }, // Q
    { 21, 24, 356, 1, 24, 126, 4835 }, // R
    { 18, 25, 320, 1, 24, 113, 4961 }, // S
    { 20, 24, 326, 0, 24, 120, 5074 }, // T
    { 25, 25, 396, 0, 24, 157, 5194 }, // U
    { 24, 25, 378, 0, 24, 150, 5351 }, // V
    { 34, 25, 544, 0, 24, 213, 5501 }, // W
    { 24, 24, 379, 0, 24, 144, 5714 }, // X
    { 22, 24, 346, 0, 24, 132, 5858 }, // Y
    { 19, 24, 332, 1, 24, 114, 5990 }, // Z
    { 10, 33, 186, 2, 29, 83, 6104 }, // [
    { 13, 30, 187, -1, 27, 98, 6187 }, // <backslash>
    { 9, 33, 186, 0, 29, 75, 6285 }, // ]
    { 18, 13, 290, 0, 30, 59, 6360 }, // ^
    { 18, 3, 262, -1, -2, 14, 6419 }, // _
    { 10, 8, 185, 1, 28, 20, 6433 }, // `
    { 18, 20, 299, 1, 19, 90, 6453 }, // a
    { 19, 27, 314, 0, 26, 129, 6543 }, // b
    { 17, 20, 275, 0, 19, 85, 6672 }, // c
    { 19, 27, 322, 1, 26, 129, 6757 }, // d
    { 17, 20, 293, 1, 19, 85, 6886 }, // e
    { 15, 27, 199, 0, 27, 102, 6971 }, // f
    { 19, 28, 306, 0, 19, 133, 7073 }, // g
    { 21, 26, 338, 0, 26, 137, 7206 }, // h
    { 11, 26, 170, 0, 26, 72, 7343 }, // i
    { 10, 35, 155, -2, 26, 88, 7415 }, // j
    { 20, 26, 317, 0, 26, 130, 7503 }, // k
    { 10, 26, 165, 0, 26, 65, 7633 }, // l
    { 32, 19, 509, 0, 19, 152, 7698 }, // m
    { 22, 19, 343, 0, 19, 105, 7850 }, // n
    { 18, 20, 308, 1, 19, 90, 7955 }, // o
    { 20, 27, 324, 0, 19, 135, 8045 }, // p
    { 19, 27, 315, 1, 19, 129, 8180 }, // q
    { 16, 19, 251, 0, 19, 76, 8309 }, // r
    { 15, 20, 263, 1, 19, 75, 8385 }, // s
    { 13, 24, 211, 0, 23, 78, 8460 }, // t
    { 21, 19, 337, 0, 18, 100, 8538 }, // u
    { 20, 19, 290, -1, 18, 95, 8638 }, // v
    { 29, 19, 444, -1, 18, 138, 8733 }, // w
    { 19, 18, 303, 0, 18, 86, 8871 }, // x
    { 20, 27, 296, -1, 18, 135, 8957 }, // y
    { 15, 18, 269, 1, 18, 68, 9092 }, // z
    { 12, 33, 193, 0, 29, 99, 9160 }, // {
    { 4, 32, 166, 3, 28, 32, 9259 }, // |
    { 12, 33, 193, 0, 29, 99, 9291 }, // }
    { 18, 6, 314, 1, 15, 27, 9390 }, // ~
    { 0, 0, 96, 0, 0, 0, 0 }, // U+00A0
    { 6, 25, 171, 2, 18, 38, 0 }, // U+00A1
    { 16, 26, 285, 1, 25, 104, 38 }, // U+00A2
    { 19, 24, 348, 1, 24, 114, 142 }, // U+00A3
    { 19, 18, 349, 1, 19, 86, 256 }, // U+00A4
    { 22, 24, 371, 1, 24, 132, 342 }, // U+00A5
    { 4, 32, 166, 3, 28, 32, 474 }, // U+00A6
    { 15, 31, 293, 2, 24, 117, 506 }, // U+00A7
    { 13, 6, 248, 1, 26, 20, 623 }, // U+00A8
    { 26, 25, 458, 1, 24, 163, 643 }, // U+00A9
    { 13, 19, 234, 1, 24, 62, 806 }, // U+00AA
    { 16, 16, 286, 1, 17, 64, 868 }, // U+00AB
    { 17, 11, 316, 1, 14, 47, 932 }, // U+00AC
    { 21, 21, 380, 1, 26, 111, 979 }, // U+00AE
    { 11, 4, 228, 2, 26, 11, 1090 }, // U+00AF
    { 12, 11, 235, 1, 25, 33, 1101 }, // U+00B0
    { 17, 21, 309, 1, 22, 90, 1134 }, // U+00B1
    { 12, 15, 196, 0, 27, 45, 1224 }, // U+00B2
    { 12, 16, 199, 0, 27, 48, 1269 }, // U+00B3
    { 11, 8, 186, 1, 28, 22, 1317 }, // U+00B4
    { 21, 26, 351, 0, 18, 137, 1339 }, // U+00B5
    { 21, 30, 343, 0, 24, 158, 1476 }, // U+00B6
    { 6, 6, 124, 1, 14, 9, 1634 }, // U+00B7
    { 9, 9, 172, 1, 0, 21, 1643 }, // U+00B8
    { 10, 15, 157, 0, 27, 38, 1664 }, // U+00B9
    { 14, 19, 252, 1, 24, 67, 1702 }, // U+00BA
    { 16, 16, 286, 1, 17, 64, 1769 }, // U+00BB
    { 30, 25, 478, 0, 24, 188, 1833 }, // U+00BC
    { 30, 25, 491, 0, 24, 188, 2021 }, // U+00BD
    { 31, 25, 497, 0, 24, 194, 2209 }, // U+00BE
    { 14, 26, 234, 0, 19, 91, 2403 }, // U+00BF
    { 24, 32, 380, 0, 32, 192, 2494 }, // U+00C0
    { 24, 32, 380, 0, 32, 192, 2686 }, // U+00C1
    { 24, 32, 380, 0, 32, 192, 2878 }, // U+00C2
    { 24, 31, 380, 0, 31, 186, 3070 }, // U+00C3
    { 24, 31, 380, 0, 31, 186, 3256 }, // U+00C4
    { 24, 33, 380, 0, 33, 198, 3442 }, // U+00C5
    { 30, 24, 502, 0, 24, 180, 3640 }, // U+00C6
    { 19, 33, 337, 1, 24, 157, 3820 }, // U+00C7
    { 18, 32, 325, 1, 32, 144, 3977 }, // U+00C8
    { 18, 32, 325, 1, 32, 144, 4121 }, // U+00C9
    { 18, 32, 325, 1, 32, 144, 4265 }, // U+00CA
    { 18, 31, 325, 1, 31, 140, 4409 }, // U+00CB
    { 10, 32, 193, 1, 32, 80, 4549 }, // U+00CC
    { 10, 32, 193, 1, 32, 80, 4629 }, // U+00CD
    { 14, 32, 193, -1, 32, 112, 4709 }, // U+00CE
    { 13, 31, 193, 0, 31, 101, 4821 }, // U+00CF
    { 22, 24, 380, 1, 24, 132, 4922 }, // U+00D0
    { 24, 31, 412, 1, 31, 186, 5054 }, // U+00D1
    { 23, 33, 390, 1, 32, 190, 5240 }, // U+00D2
    { 23, 33, 390, 1, 32, 190, 5430 }, // U+00D3
    { 23, 33, 390, 1, 32, 190, 5620 }, // U+00D4
    { 23, 32, 390, 1, 31, 184, 5810 }, // U+00D5
    { 23, 32, 390, 1, 31, 184, 5994 }, // U+00D6
    { 15, 15, 266, 1, 19, 57, 6178 }, // U+00D7
    { 23, 30, 392, 1, 27, 173, 6235 }, // U+00D8
    { 25, 33, 396, 0, 32, 207, 6408 }, // U+00D9
    { 25, 33, 396, 0, 32, 207, 6615 }, // U+00DA
    { 25, 33, 396, 0, 32, 207, 6822 }, // U+00DB
    { 25, 32, 396, 0, 31, 200, 7029 }, // U+00DC
    { 22, 32, 346, 0, 32, 176, 7229 }, // U+00DD
    { 19, 24, 319, 1, 24, 114, 7405 }, // U+00DE
    { 23, 28, 372, 0, 27, 161, 7519 }, // U+00DF
    { 18, 29, 299, 1, 28, 131, 7680 }, // U+00E0
    { 18, 29, 299, 1, 28, 131, 7811 }, // U+00E1
    { 18, 29, 299, 1, 28, 131, 7942 }, // U+00E2
    { 18, 28, 299, 1, 27, 126, 8073 }, // U+00E3
    { 18, 27, 299, 1, 26, 122, 8199 }, // U+00E4
    { 18, 30, 299, 1, 29, 135, 8321 }, // U+00E5
    { 27, 20, 456, 1, 19, 135, 8456 }, // U+00E6
    { 17, 28, 275, 0, 19, 119, 8591 }, // U+00E7
    { 17, 29, 293, 1, 28, 124, 8710 }, // U+00E8
    { 17, 29, 293, 1, 28, 124, 8834 }, // U+00E9
    { 17, 29, 293, 1, 28, 124, 8958 }, // U+00EA
    { 17, 27, 293, 1, 26, 115, 9082 }, // U+00EB
    { 11, 28, 170, 0, 28, 77, 9197 }, // U+00EC
    { 11, 28, 170, 0, 28, 77, 9274 }, // U+00ED
    { 12, 28, 170, -1, 28, 84, 9351 }, // U+00EE
    { 12, 26, 170, -1, 26, 78, 9435 }, // U+00EF
    { 19, 28, 310, 0, 27, 133, 9513 }, // U+00F0
    { 22, 27, 343, 0, 27, 149, 9646 }, // U+00F1
    { 18, 29, 308, 1, 28, 131, 9795 }, // U+00F2
    { 18, 29, 308, 1, 28, 131, 9926 }, // U+00F3
    { 18, 29, 308, 1, 28, 131, 10057 }, // U+00F4
    { 18, 28, 308, 1, 27, 126, 10188 }, // U+00F5
    { 18, 27, 308, 1, 26, 122, 10314 }, // U+00F6
    { 16, 19, 284, 1, 21, 76, 10436 }, // U+00F7
    { 18, 26, 310, 1, 22, 117, 10512 }, // U+00F8
    { 21, 29, 337, 0, 28, 153, 10629 }, // U+00F9
    { 21, 29, 337, 0, 28, 153, 10782 }, // U+00FA
    { 21, 29, 337, 0, 28, 153, 10935 }, // U+00FB
    { 21, 27, 337, 0, 26, 142, 11088 }, // U+00FC
    { 20, 37, 296, -1, 28, 185, 0 }, // U+00FD
    { 19, 34, 316, 0, 26, 162, 185 }, // U+00FE
    { 20, 35, 296, -1, 26, 175, 347 }, // U+00FF
    { 24, 30, 380, 0, 30, 180, 0 }, // U+0100
    { 18, 27, 299, 1, 26, 122, 180 }, // U+0101
    { 24, 31, 380, 0, 31, 186, 302 }, // U+0102
    { 18, 28, 299, 1, 27, 126, 488 }, // U+0103
    { 24, 32, 380, 0, 24, 192, 614 }, // U+0104
    { 18, 27, 299, 1, 19, 122, 806 }, // U+0105
    { 19, 33, 337, 1, 32, 157, 928 }, // U+0106
    { 17, 29, 275, 0, 28, 124, 1085 }, // U+0107
    { 19, 33, 337, 1, 32, 157, 1209 }, // U+0108
    { 17, 29, 275, 0, 28, 124, 1366 }, // U+0109
    { 19, 32, 337, 1, 31, 152, 1490 }, // U+010A
    { 17, 27, 275, 0, 26, 115, 1642 }, // U+010B
    { 19, 33, 337, 1, 32, 157, 1757 }, // U+010C
    { 17, 29, 275, 0, 28, 124, 1914 }, // U+010D
    { 22, 32, 380, 1, 32, 176, 2038 }, // U+010E
    { 23, 28, 322, 1, 27, 161, 2214 }, // U+010F
    { 22, 24, 380, 1, 24, 132, 2375 }, // U+0110
    { 19, 27, 322, 1, 26, 129, 2507 }, // U+0111
    { 18, 30, 325, 1, 30, 135, 2636 }, // U+0112
    { 17, 27, 293, 1, 26, 115, 2771 }, // U+0113
    { 18, 31, 325, 1, 31, 140, 2886 }, // U+0114
    { 17, 28, 293, 1, 27, 119, 3026 }, // U+0115
    { 18, 31, 325, 1, 31, 140, 3145 }, // U+0116
    { 17, 27, 293, 1, 26, 115, 3285 }, // U+0117
    { 18, 32, 325, 1, 24, 144, 3400 }, // U+0118
    { 17, 27, 293, 1, 19, 115, 3544 }, // U+0119
    { 18, 32, 325, 1, 32, 144, 3659 }, // U+011A
    { 17, 29, 293, 1, 28, 124, 3803 }, // U+011B
    { 23, 33, 382, 1, 32, 190, 3927 }, // U+011C
    { 19, 37, 306, 0, 28, 176, 4117 }, // U+011D
    { 23, 32, 382, 1, 31, 184, 4293 }, // U+011E
    { 19, 36, 306, 0, 27, 171, 4477 }, // U+011F
    { 23, 32, 382, 1, 31, 184, 4648 }, // U+0120
    { 19, 35, 306, 0, 26, 167, 4832 }, // U+0121
    { 23, 35, 382, 1, 24, 202, 4999 }, // U+0122
    { 19, 39, 306, 0, 30, 186, 5201 }, // U+0123
    { 25, 32, 420, 1, 32, 200, 5387 }, // U+0124
    { 23, 33, 338, -2, 33, 190, 5587 }, // U+0125
    { 25, 24, 425, 1, 24, 150, 5777 }, // U+0126
    { 21, 26, 337, 0, 26, 137, 5927 }, // U+0127
    { 14, 31, 193, -1, 31, 109, 6064 }, // U+0128
    { 12, 27, 170, -1, 27, 81, 6173 }, // U+0129
    { 11, 30, 193, 1, 30, 83, 6254 }, // U+012A
    { 11, 26, 170, 0, 26, 72, 6337 }, // U+012B
    { 12, 31, 193, 0, 31, 93, 6409 }, // U+012C
    { 11, 27, 170, 0, 27, 75, 6502 }, // U+012D
    { 10, 32, 193, 1, 24, 80, 6577 }, // U+012E
    { 11, 34, 170, 0, 26, 94, 6657 }, // U+012F
    { 10, 31, 193, 1, 31, 78, 6751 }, // U+0130
    { 11, 18, 170, 0, 18, 50, 6829 }, // U+0131
    { 23, 30, 384, 1, 24, 173, 6879 }, // U+0132
    { 19, 35, 328, 0, 26, 167, 7052 }, // U+0133
    { 14, 38, 182, -2, 32, 133, 7219 }, // U+0134
    { 13, 37, 155, -2, 28, 121, 7352 }, // U+0135
    { 23, 35, 383, 1, 24, 202, 7473 }, // U+0136
    { 20, 37, 317, 0, 26, 185, 7675 }, // U+0137
    { 21, 18, 325, 0, 18, 95, 7860 }, // U+0138
    { 17, 32, 298, 1, 32, 136, 7955 }, // U+0139
    { 10, 33, 165, 0, 33, 83, 8091 }, // U+013A
    { 17, 35, 298, 1, 24, 149, 8174 }, // U+013B
    { 10, 37, 165, 0, 26, 93, 8323 }, // U+013C
    { 17, 25, 298, 1, 25, 107, 8416 }, // U+013D
    { 14, 27, 165, 0, 27, 95, 8523 }, // U+013E
    { 17, 24, 298, 1, 24, 102, 8618 }, // U+013F
    { 16, 26, 240, 0, 26, 104, 8720 }, // U+0140
    { 19, 24, 310, 0, 24, 114, 8824 }, // U+0141
    { 12, 26, 197, 0, 26, 78, 8938 }, // U+0142
    { 24, 32, 412, 1, 32, 192, 9016 }, // U+0143
    { 22, 28, 343, 0, 28, 154, 9208 }, // U+0144
    { 24, 35, 412, 1, 24, 210, 9362 }, // U+0145
    { 22, 30, 343, 0, 19, 165, 9572 }, // U+0146
    { 24, 32, 412, 1, 32, 192, 9737 }, // U+0147
    { 22, 28, 343, 0, 28, 154, 9929 }, // U+0148
    { 26, 27, 410, 0, 27, 176, 10083 }, // U+0149
    { 25, 33, 420, 1, 24, 207, 10259 }, // U+014A
    { 19, 28, 337, 0, 19, 133, 10466 }, // U+014B
    { 23, 31, 390, 1, 30, 179, 10599 }, // U+014C
    { 18, 27, 308, 1, 26, 122, 10778 }, // U+014D
    { 23, 32, 390, 1, 31, 184, 10900 }, // U+014E
    { 18, 28, 308, 1, 27, 126, 11084 }, // U+014F
    { 23, 34, 390, 1, 33, 196, 0 }, // U+0150
    { 18, 29, 308, 1, 28, 131, 196 }, // U+0151
    { 29, 25, 500, 1, 24, 182, 327 }, // U+0152
    { 29, 20, 493, 1, 19, 145, 509 }, // U+0153
    { 21, 32, 356, 1, 32, 168, 654 }, // U+0154
    { 16, 28, 251, 0, 28, 112, 822 }, // U+0155
    { 21, 35, 356, 1, 24, 184, 934 }, // U+0156
    { 16, 30, 251, 0, 19, 120, 1118 }, // U+0157
    { 21, 32, 356, 1, 32, 168, 1238 }, // U+0158
    { 16, 28, 251, 0, 28, 112, 1406 }, // U+0159
    { 18, 33, 320, 1, 32, 149, 1518 }, // U+015A
    { 15, 29, 269, 1, 28, 109, 1667 }, // U+015B
    { 18, 33, 320, 1, 32, 149, 1776 }, // U+015C
    { 15, 29, 269, 1, 28, 109, 1925 }, // U+015D
    { 18, 33, 320, 1, 24, 149, 2034 }, // U+015E
    { 15, 28, 269, 1, 19, 105, 2183 }, // U+015F
    { 18, 33, 320, 1, 32, 149, 2288 }, // U+0160
    { 15, 29, 269, 1, 28, 109, 2437 }, // U+0161
    { 20, 33, 326, 0, 24, 165, 2546 }, // U+0162
    { 13, 32, 211, 0, 23, 104, 2711 }, // U+0163
    { 20, 32, 326, 0, 32, 160, 2815 }, // U+0164
    { 14, 28, 211, 0, 27, 98, 2975 }, // U+0165
    { 20, 24, 326, 0, 24, 120, 3073 }, // U+0166
    { 13, 24, 213, 0, 23, 78, 3193 }, // U+0167
    { 25, 32, 396, 0, 31, 200, 3271 }, // U+0168
    { 21, 28, 337, 0, 27, 147, 3471 }, // U+0169
    { 25, 31, 396, 0, 30, 194, 3618 }, // U+016A
    { 21, 27, 337, 0, 26, 142, 3812 }, // U+016B
    { 25, 32, 396, 0, 31, 200, 3954 }, // U+016C
    { 21, 28, 337, 0, 27, 147, 4154 }, // U+016D
    { 25, 34, 396, 0, 33, 213, 4301 }, // U+016E
    { 21, 30, 337, 0, 29, 158, 4514 }, // U+016F
    { 25, 34, 396, 0, 33, 213, 4672 }, // U+0170
    { 21, 29, 337, 0, 28, 153, 4885 }, // U+0171
    { 25, 32, 396, 0, 24, 200, 5038 }, // U+0172
    { 21, 26, 337, 0, 18, 137, 5238 }, // U+0173
    { 34, 33, 544, 0, 32, 281, 5375 }, // U+0174
    { 29, 29, 444, -1, 28, 211, 5656 }, // U+0175
    { 22, 32, 346, 0, 32, 176, 5867 }, // U+0176
    { 20, 37, 296, -1, 28, 185, 6043 }, // U+0177
    { 22, 31, 346, 0, 31, 171, 6228 }, // U+0178
    { 19, 32, 332, 1, 32, 152, 6399 }, // U+0179
    { 15, 28, 269, 1, 28, 105, 6551 }, // U+017A
    { 19, 31, 332, 1, 31, 148, 6656 }, // U+017B
    { 15, 26, 269, 1, 26, 98, 6804 }, // U+017C
    { 19, 32, 332, 1, 32, 152, 6902 }, // U+017D
    { 15, 28, 269, 1, 28, 105, 7054 }, // U+017E
    { 15, 27, 198, 0, 27, 102, 7159 }, // U+017F
    { 23, 30, 397, 1, 29, 173, 0 }, // U+01A0
    { 19, 24, 310, 1, 23, 114, 173 }, // U+01A1
    { 26, 30, 401, 0, 29, 195, 287 }, // U+01AF
    { 22, 24, 350, 0, 23, 132, 482 }, // U+01B0
    { 42, 32, 699, 1, 32, 336, 614 }, // U+01C4
    { 39, 28, 648, 1, 28, 273, 950 }, // U+01C5
    { 35, 29, 591, 1, 28, 254, 1223 }, // U+01C6
    { 29, 30, 478, 1, 24, 218, 1477 }, // U+01C7
    { 26, 35, 453, 1, 26, 228, 1695 }, // U+01C8
    { 18, 35, 314, 0, 26, 158, 1923 }, // U+01C9
    { 36, 30, 594, 1, 24, 270, 2081 }, // U+01CA
    { 32, 35, 560, 1, 26, 280, 2351 }, // U+01CB
    { 29, 35, 499, 0, 26, 254, 2631 }, // U+01CC
    { 24, 32, 380, 0, 32, 192, 2885 }, // U+01CD
    { 18, 29, 299, 1, 28, 131, 3077 }, // U+01CE
    { 14, 32, 193, -1, 32, 112, 3208 }, // U+01CF
    { 12, 28, 170, -1, 28, 84, 3320 }, // U+01D0
    { 23, 33, 390, 1, 32, 190, 3404 }, // U+01D1
    { 18, 29, 308, 1, 28, 131, 3594 }, // U+01D2
    { 25, 33, 396, 0, 32, 207, 3725 }, // U+01D3
    { 21, 29, 337, 0, 28, 153, 3932 }, // U+01D4
    { 25, 36, 396, 0, 35, 225, 4085 }, // U+01D5
    { 21, 31, 337, 0, 30, 163, 4310 }, // U+01D6
    { 25, 37, 396, 0, 36, 232, 4473 }, // U+01D7
    { 21, 32, 337, 0, 31, 168, 4705 }, // U+01D8
    { 25, 37, 396, 0, 36, 232, 4873 }, // U+01D9
    { 21, 32, 337, 0, 31, 168, 5105 }, // U+01DA
    { 25, 37, 396, 0, 36, 232, 5273 }, // U+01DB
    { 21, 32, 337, 0, 31, 168, 5505 }, // U+01DC
    { 23, 33, 382, 1, 32, 190, 5673 }, // U+01E6
    { 19, 37, 306, 0, 28, 176, 5863 }, // U+01E7
    { 23, 32, 390, 1, 24, 184, 6039 }, // U+01EA
    { 18, 27, 308, 1, 19, 122, 6223 }, // U+01EB
    { 42, 24, 699, 1, 24, 252, 6345 }, // U+01F1
    { 39, 24, 648, 1, 24, 234, 6597 }, // U+01F2
    { 35, 27, 591, 1, 26, 237, 6831 }, // U+01F3
    { 24, 39, 380, 0, 39, 234, 7068 }, // U+01FA
    { 18, 35, 299, 1, 34, 158, 7302 }, // U+01FB
    { 30, 32, 502, 0, 32, 240, 7460 }, // U+01FC
    { 27, 29, 457, 1, 28, 196, 7700 }, // U+01FD
    { 23, 35, 392, 1, 32, 202, 7896 }, // U+01FE
    { 18, 32, 310, 1, 28, 144, 8098 }, // U+01FF
    { 24, 33, 380, 0, 33, 198, 8242 }, // U+0200
    { 18, 29, 299, 1, 28, 131, 8440 }, // U+0201
    { 24, 32, 380, 0, 32, 192, 8571 }, // U+0202
    { 18, 28, 299, 1, 27, 126, 8763 }, // U+0203
    { 18, 33, 325, 1, 33, 149, 8889 }, // U+0204
    { 17, 29, 293, 1, 28, 124, 9038 }, // U+0205
    { 18, 32, 325, 1, 32, 144, 9162 }, // U+0206
    { 17, 28, 293, 1, 27, 119, 9306 }, // U+0207
    { 13, 33, 193, -1, 33, 108, 9425 }, // U+0208
    { 13, 28, 170, -2, 28, 91, 9533 }, // U+0209
    { 12, 32, 193, 0, 32, 96, 9624 }, // U+020A
    { 11, 27, 170, 0, 27, 75, 9720 }, // U+020B
    { 23, 34, 390, 1, 33, 196, 9795 }, // U+020C
    { 18, 29, 308, 1, 28, 131, 9991 }, // U+020D
    { 23, 33, 390, 1, 32, 190, 10122 }, // U+020E
    { 18, 28, 308, 1, 27, 126, 10312 }, // U+020F
    { 21, 33, 356, 1, 33, 174, 10438 }, // U+0210
    { 16, 28, 251, 0, 28, 112, 10612 }, // U+0211
    { 21, 32, 356, 1, 32, 168, 10724 }, // U+0212
    { 16, 27, 251, 0, 27, 108, 10892 }, // U+0213
    { 25, 34, 396, 0, 33, 213, 11000 }, // U+0214
    { 21, 29, 337, 0, 28, 153, 11213 }, // U+0215
    { 25, 33, 396, 0, 32, 207, 0 }, // U+0216
    { 21, 28, 337, 0, 27, 147, 207 }, // U+0217
    { 18, 35, 320, 1, 24, 158, 354 }, // U+0218
    { 15, 30, 269, 1, 19, 113, 512 }, // U+0219
    { 20, 35, 326, 0, 24, 175, 625 }, // U+021A
    { 13, 34, 211, 0, 23, 111, 800 }, // U+021B
    { 10, 8, 0, 1, 28, 20, 0 }, // U+0300
    { 11, 8, 0, 1, 28, 22, 20 }, // U+0301
    { 13, 8, 0, 2, 28, 26, 42 }, // U+0302
    { 14, 6, 0, 1, 27, 21, 68 }, // U+0303
    { 11, 4, 0, 2, 26, 11, 89 }, // U+0304
    { 12, 7, 0, 1, 27, 21, 100 }, // U+0306
    { 6, 6, 0, 1, 26, 9, 121 }, // U+0307
    { 13, 6, 0, 1, 26, 20, 130 }, // U+0308
    { 9, 9, 0, 0, 28, 21, 150 }, // U+0309
    { 10, 9, 0, 1, 29, 23, 171 }, // U+030A
    { 12, 8, 0, 1, 28, 24, 194 }, // U+030B
    { 13, 8, 0, 0, 28, 26, 218 }, // U+030C
    { 12, 8, 0, 1, 28, 24, 244 }, // U+030F
    { 12, 7, 0, 1, 27, 21, 268 }, // U+0311
    { 6, 10, 0, 1, 30, 15, 289 }, // U+0312
    { 6, 8, 0, 1, 23, 12, 304 }, // U+031B
    { 6, 6, 0, 1, -2, 9, 316 }, // U+0323
    { 13, 6, 0, 1, -2, 20, 325 }, // U+0324
    { 6, 10, 0, 1, -1, 15, 345 }, // U+0326
    { 9, 9, 0, 1, 0, 21, 360 }, // U+0327
    { 9, 10, 0, 0, 2, 23, 381 }, // U+0328
    { 12, 7, 0, 1, -2, 21, 404 }, // U+032E
    { 11, 4, 0, 2, -2, 11, 425 }, // U+0331
    { 14, 4, 0, 1, 12, 14, 436 }, // U+0335
    { 18, 32, 325, 1, 32, 144, 0 }, // U+0400
    { 18, 31, 325, 1, 31, 140, 144 }, // U+0401
    { 25, 25, 410, 0, 24, 157, 284 }, // U+0402
    { 17, 32, 300, 1, 32, 136, 441 }, // U+0403
    { 20, 25, 342, 1, 24, 125, 577 }, // U+0404
    { 18, 25, 320, 1, 24, 113, 702 }, // U+0405
    { 10, 24, 193, 1, 24, 60, 815 }, // U+0406
    { 13, 31, 193, 0, 31, 101, 875 }, // U+0407
    { 13, 30, 182, -2, 24, 98, 976 }, // U+0408
    { 33, 25, 526, 0, 24, 207, 1074 }, // U+0409
    { 33, 24, 547, 1, 24, 198, 1281 }, // U+040A
    { 28, 24, 439, 0, 24, 168, 1479 }, // U+040B
    { 23, 32, 383, 1, 32, 184, 1647 }, // U+040C
    { 25, 32, 428, 1, 32, 200, 1831 }, // U+040D
    { 23, 33, 366, 0, 32, 190, 2031 }, // U+040E
    { 24, 31, 411, 1, 24, 186, 2221 }, // U+040F
    { 24, 24, 380, 0, 24, 144, 2407 }, // U+0410
    { 19, 24, 336, 1, 24, 114, 2551 }, // U+0411
    { 20, 24, 345, 1, 24, 120, 2665 }, // U+0412
    { 17, 24, 300, 1, 24, 102, 2785 }, // U+0413
    { 24, 31, 384, 0, 24, 186, 2887 }, // U+0414
    { 18, 24, 325, 1, 24, 108, 3073 }, // U+0415
    { 35, 24, 564, 0, 24, 210, 3181 }, // U+0416
    { 18, 25, 312, 0, 24, 113, 3391 }, // U+0417
    { 25, 24, 428, 1, 24, 150, 3504 }, // U+0418
    { 25, 32, 428, 1, 32, 200, 3654 }, // U+0419
    { 23, 24, 383, 1, 24, 138, 3854 }, // U+041A
    { 24, 25, 390, 0, 24, 150, 3992 }, // U+041B
    { 27, 24, 466, 1, 24, 162, 4142 }, // U+041C
    { 25, 24, 420, 1, 24, 150, 4304 }, // U+041D
    { 23, 25, 390, 1, 24, 144, 4454 }, // U+041E
    { 24, 24, 413, 1, 24, 144, 4598 }, // U+041F
    { 19, 24, 325, 1, 24, 114, 4742 }, // U+0420
    { 19, 25, 337, 1, 24, 119, 4856 }, // U+0421
    { 20, 24, 326, 0, 24, 120, 4975 }, // U+0422
    { 23, 25, 366, 0, 24, 144, 5095 }, // U+0423
    { 25, 26, 430, 1, 25, 163, 5239 }, // U+0424
    { 24, 24, 379, 0, 24, 144, 5402 }, // U+0425
    { 25, 31, 419, 1, 24, 194, 5546 }, // U+0426
    { 23, 24, 375, 0, 24, 138, 5740 }, // U+0427
    { 34, 24, 568, 1, 24, 204, 5878 }, // U+0428
    { 35, 31, 578, 1, 24, 272, 6082 }, // U+0429
    { 24, 24, 395, 0, 24, 144, 6354 }, // U+042A
    { 30, 24, 501, 1, 24, 180, 6498 }, // U+042B
    { 19, 24, 329, 1, 24, 114, 6678 }, // U+042C
    { 20, 25, 346, 1, 24, 125, 6792 }, // U+042D
    { 33, 25, 556, 1, 24, 207, 6917 }, // U+042E
    { 21, 24, 352, 0, 24, 126, 7124 }, // U+042F
    { 18, 20, 299, 1, 19, 90, 7250 }, // U+0430
    { 18, 29, 317, 1, 28, 131, 7340 }, // U+0431
    { 19, 18, 308, 0, 18, 86, 7471 }, // U+0432
    { 17, 18, 271, 0, 18, 77, 7557 }, // U+0433
    { 22, 24, 343, 0, 18, 132, 7634 }, // U+0434
    { 17, 20, 293, 1, 19, 85, 7766 }, // U+0435
    { 29, 18, 465, 0, 18, 131, 7851 }, // U+0436
    { 16, 20, 262, 0, 19, 80, 7982 }, // U+0437
    { 22, 18, 359, 0, 18, 99, 8062 }, // U+0438
    { 22, 27, 359, 0, 27, 149, 8161 }, // U+0439
    { 21, 18, 326, 0, 18, 95, 8310 }, // U+043A
    { 21, 19, 336, 0, 18, 100, 8405 }, // U+043B
    { 25, 18, 400, 0, 18, 113, 8505 }, // U+043C
    { 22, 18, 358, 0, 18, 99, 8618 }, // U+043D
    { 18, 20, 308, 1, 19, 90, 8717 }, // U+043E
    { 22, 18, 357, 0, 18, 99, 8807 }, // U+043F
    { 20, 27, 324, 0, 19, 135, 8906 }, // U+0440
    { 17, 20, 275, 0, 19, 85, 9041 }, // U+0441
    { 18, 18, 292, 0, 18, 81, 9126 }, // U+0442
    { 20, 27, 296, -1, 18, 135, 9207 }, // U+0443
    { 24, 34, 382, 0, 26, 204, 9342 }, // U+0444
    { 19, 18, 303, 0, 18, 86, 9546 }, // U+0445
    { 23, 24, 362, 0, 18, 138, 9632 }, // U+0446
    { 20, 18, 328, 0, 18, 90, 9770 }, // U+0447
    { 30, 18, 493, 0, 18, 135, 9860 }, // U+0448
    { 31, 24, 503, 0, 18, 186, 9995 }, // U+0449
    { 21, 18, 339, 0, 18, 95, 10181 }, // U+044A
    { 28, 18, 454, 0, 18, 126, 10276 }, // U+044B
    { 18, 18, 286, 0, 18, 81, 10402 }, // U+044C
    { 17, 20, 276, 0, 19, 85, 10483 }, // U+044D
    { 28, 20, 459, 0, 19, 140, 10568 }, // U+044E
    { 19, 18, 309, 0, 18, 86, 10708 }, // U+044F
    { 17, 29, 293, 1, 28, 124, 10794 }, // U+0450
    { 17, 27, 293, 1, 26, 115, 10918 }, // U+0451
    { 19, 35, 323, 0, 26, 167, 11033 }, // U+0452
    { 17, 28, 271, 0, 28, 119, 11200 }, // U+0453
    { 17, 20, 276, 0, 19, 85, 11319 }, // U+0454
    { 15, 20, 269, 1, 19, 75, 0 }, // U+0455
    { 11, 26, 170, 0, 26, 72, 75 }, // U+0456
    { 12, 26, 170, -1, 26, 78, 147 }, // U+0457
    { 10, 35, 163, -2, 26, 88, 225 }, // U+0458
    { 28, 19, 442, 0, 18, 133, 313 }, // U+0459
    { 29, 18, 458, 0, 18, 131, 446 }, // U+045A
    { 21, 26, 334, 0, 26, 137, 577 }, // U+045B
    { 21, 28, 326, 0, 28, 147, 714 }, // U+045C
    { 22, 28, 359, 0, 28, 154, 861 }, // U+045D
    { 20, 36, 296, -1, 27, 180, 1015 }, // U+045E
    { 22, 24, 352, 0, 18, 132, 1195 }, // U+045F
    { 24, 24, 387, 0, 24, 144, 1327 }, // U+0462
    { 21, 26, 332, 0, 26, 137, 1471 }, // U+0463
    { 35, 24, 554, 0, 24, 210, 1608 }, // U+046A
    { 29, 18, 464, 0, 18, 131, 1818 }, // U+046B
    { 23, 25, 390, 1, 24, 144, 1949 }, // U+0472
    { 18, 20, 308, 1, 19, 90, 2093 }, // U+0473
    { 26, 25, 405, 0, 24, 163, 2183 }, // U+0474
    { 22, 20, 331, -1, 19, 110, 2346 }, // U+0475
    { 26, 34, 405, 0, 33, 221, 2456 }, // U+0476
    { 22, 29, 331, -1, 28, 160, 2677 }, // U+0477
    { 26, 31, 435, 1, 24, 202, 2837 }, // U+048A
    { 23, 24, 363, 0, 18, 138, 3039 }, // U+048B
    { 20, 24, 335, 1, 24, 120, 3177 }, // U+048C
    { 18, 26, 287, 0, 26, 117, 3297 }, // U+048D
    { 19, 24, 325, 1, 24, 114, 3414 }, // U+048E
    { 20, 27, 320, 0, 19, 135, 3528 }, // U+048F
    { 17, 30, 286, 1, 30, 128, 3663 }, // U+0490
    { 17, 22, 268, 0, 22, 94, 3791 }, // U+0491
    { 17, 24, 300, 1, 24, 102, 3885 }, // U+0492
    { 17, 18, 271, 0, 18, 77, 3987 }, // U+0493
    { 20, 27, 351, 1, 24, 135, 4064 }, // U+0494
    { 19, 27, 312, 0, 18, 129, 4199 }, // U+0495
    { 36, 31, 577, 0, 24, 279, 4328 }, // U+0496
    { 30, 24, 478, 0, 18, 180, 4607 }, // U+0497
    { 18, 31, 313, 1, 24, 140, 4787 }, // U+0498
    { 16, 25, 262, 0, 19, 100, 4927 }, // U+0499
    { 24, 31, 398, 1, 24, 186, 5027 }, // U+049A
    { 22, 24, 342, 0, 18, 132, 5213 }, // U+049B
    { 25, 24, 411, 1, 24, 150, 5345 }, // U+049C
    { 22, 18, 350, 0, 18, 99, 5495 }, // U+049D
    { 23, 24, 388, 1, 24, 138, 5594 }, // U+049E
    { 20, 26, 317, 0, 26, 130, 5732 }, // U+049F
    { 23, 24, 383, 1, 24, 138, 5862 }, // U+04A0
    { 24, 18, 374, 0, 18, 108, 6000 }, // U+04A1
    { 26, 31, 428, 1, 24, 202, 6108 }, // U+04A2
    { 23, 24, 368, 0, 18, 138, 6310 }, // U+04A3
    { 31, 24, 517, 1, 24, 186, 6448 }, // U+04A4
    { 28, 18, 455, 0, 18, 126, 6634 }, // U+04A5
    { 33, 29, 546, 1, 24, 240, 6760 }, // U+04A6
    { 30, 27, 487, 0, 18, 203, 7000 }, // U+04A7
    { 28, 25, 473, 1, 24, 175, 7203 }, // U+04A8
    { 24, 20, 396, 0, 19, 120, 7378 }, // U+04A9
    { 19, 31, 337, 1, 24, 148, 7498 }, // U+04AA
    { 16, 25, 276, 1, 19, 100, 7646 }, // U+04AB
    { 20, 31, 326, 0, 24, 155, 7746 }, // U+04AC
    { 18, 24, 292, 0, 18, 108, 7901 }, // U+04AD
    { 22, 24, 346, 0, 24, 132, 8009 }, // U+04AE
    { 21, 26, 303, -1, 18, 137, 8141 }, // U+04AF
    { 22, 24, 346, 0, 24, 132, 8278 }, // U+04B0
    { 21, 26, 303, -1, 18, 137, 8410 }, // U+04B1
    { 25, 31, 393, 0, 24, 194, 8547 }, // U+04B2
    { 20, 24, 319, 0, 18, 120, 8741 }, // U+04B3
    { 31, 31, 498, 0, 24, 241, 8861 }, // U+04B4
    { 26, 24, 410, 0, 18, 156, 9102 }, // U+04B5
    { 24, 31, 383, 0, 24, 186, 9258 }, // U+04B6
    { 21, 24, 339, 0, 18, 126, 9444 }, // U+04B7
    { 23, 24, 384, 0, 24, 138, 9570 }, // U+04B8
    { 21, 18, 335, 0, 18, 95, 9708 }, // U+04B9
    { 22, 24, 370, 1, 24, 132, 9803 }, // U+04BA
    { 21, 26, 342, 0, 26, 137, 9935 }, // U+04BB
    { 28, 25, 456, 0, 24, 175, 10072 }, // U+04BC
    { 22, 20, 366, 0, 19, 110, 10247 }, // U+04BD
    { 28, 31, 456, 0, 24, 217, 10357 }, // U+04BE
    { 22, 25, 364, 0, 19, 138, 10574 }, // U+04BF
    { 10, 24, 193, 1, 24, 60, 10712 }, // U+04C0
    { 35, 32, 564, 0, 32, 280, 10772 }, // U+04C1
    { 29, 27, 465, 0, 27, 196, 11052 }, // U+04C2
    { 22, 33, 375, 1, 24, 182, 11248 }, // U+04C3
    { 20, 27, 328, 0, 18, 135, 0 }, // U+04C4
    { 25, 31, 398, 0, 24, 194, 135 }, // U+04C5
    { 21, 24, 344, 0, 18, 126, 329 }, // U+04C6
    { 25, 33, 413, 1, 24, 207, 455 }, // U+04C7
    { 22, 27, 351, 0, 18, 149, 662 }, // U+04C8
    { 26, 31, 429, 1, 24, 202, 811 }, // U+04C9
    { 23, 24, 362, 0, 18, 138, 1013 }, // U+04CA
    { 23, 31, 374, 0, 24, 179, 1151 }, // U+04CB
    { 20, 24, 327, 0, 18, 120, 1330 }, // U+04CC
    { 28, 31, 474, 1, 24, 217, 1450 }, // U+04CD
    { 25, 24, 403, 0, 18, 150, 1667 }, // U+04CE
    { 10, 26, 170, 0, 26, 65, 1817 }, // U+04CF
    { 24, 32, 380, 0, 32, 192, 1882 }, // U+04D0
    { 18, 28, 303, 1, 27, 126, 2074 }, // U+04D1
    { 24, 31, 380, 0, 31, 186, 2200 }, // U+04D2
    { 18, 27, 303, 1, 26, 122, 2386 }, // U+04D3
    { 30, 24, 502, 0, 24, 180, 2508 }, // U+04D4
    { 27, 20, 457, 1, 19, 135, 2688 }, // U+04D5
    { 18, 32, 325, 1, 32, 144, 2823 }, // U+04D6
    { 17, 28, 298, 1, 27, 119, 2967 }, // U+04D7
    { 21, 25, 361, 1, 24, 132, 3086 }, // U+04D8
    { 17, 20, 298, 1, 19, 85, 3218 }, // U+04D9
    { 21, 32, 361, 1, 31, 168, 3303 }, // U+04DA
    { 17, 27, 301, 1, 26, 115, 3471 }, // U+04DB
    { 35, 31, 564, 0, 31, 272, 3586 }, // U+04DC
    { 29, 26, 465, 0, 26, 189, 3858 }, // U+04DD
    { 18, 32, 312, 0, 31, 144, 4047 }, // U+04DE
    { 16, 27, 262, 0, 26, 108, 4191 }, // U+04DF
    { 18, 25, 307, 0, 24, 113, 4299 }, // U+04E0
    { 16, 27, 265, 0, 18, 108, 4412 }, // U+04E1
    { 25, 30, 428, 1, 30, 188, 4520 }, // U+04E2
    { 22, 26, 359, 0, 26, 143, 4708 }, // U+04E3
    { 25, 31, 428, 1, 31, 194, 4851 }, // U+04E4
    { 22, 26, 359, 0, 26, 143, 5045 }, // U+04E5
    { 23, 32, 390, 1, 31, 184, 5188 }, // U+04E6
    { 18, 27, 311, 1, 26, 122, 5372 }, // U+04E7
    { 23, 25, 390, 1, 24, 144, 5494 }, // U+04E8
    { 18, 20, 311, 1, 19, 90, 5638 }, // U+04E9
    { 23, 32, 390, 1, 31, 184, 5728 }, // U+04EA
    { 18, 27, 316, 1, 26, 122, 5912 }, // U+04EB
    { 20, 32, 346, 1, 31, 160, 6034 }, // U+04EC
    { 17, 27, 276, 0, 26, 115, 6194 }, // U+04ED
    { 23, 31, 366, 0, 30, 179, 6309 }, // U+04EE
    { 20, 35, 300, -1, 26, 175, 6488 }, // U+04EF
    { 23, 32, 366, 0, 31, 184, 6663 }, // U+04F0
    { 20, 35, 300, -1, 26, 175, 6847 }, // U+04F1
    { 23, 34, 366, 0, 33, 196, 7022 }, // U+04F2
    { 20, 37, 300, -1, 28, 185, 7218 }, // U+04F3
    { 23, 31, 375, 0, 31, 179, 7403 }, // U+04F4
    { 20, 26, 328, 0, 26, 130, 7582 }, // U+04F5
    { 17, 31, 300, 1, 24, 132, 7712 }, // U+04F6
    { 17, 24, 271, 0, 18, 102, 7844 }, // U+04F7
    { 30, 31, 501, 1, 31, 233, 7946 }, // U+04F8
    { 28, 26, 454, 0, 26, 182, 8179 }, // U+04F9
    { 18, 33, 308, 1, 24, 149, 8361 }, // U+04FA
    { 16, 27, 279, 1, 18, 108, 8510 }, // U+04FB
    { 23, 33, 374, 0, 24, 190, 8618 }, // U+04FC
    { 19, 27, 298, 0, 18, 129, 8808 }, // U+04FD
    { 24, 24, 380, 0, 24, 144, 8937 }, // U+04FE
    { 19, 18, 306, 0, 18, 86, 9081 }, // U+04FF
    { 24, 32, 380, 0, 24, 192, 0 }, // U+1EA0
    { 18, 27, 299, 1, 19, 122, 192 }, // U+1EA1
    { 24, 33, 380, 0, 33, 198, 314 }, // U+1EA2
    { 18, 29, 299, 1, 28, 131, 512 }, // U+1EA3
    { 24, 35, 380, 0, 35, 210, 643 }, // U+1EA4
    { 19, 33, 299, 1, 32, 157, 853 }, // U+1EA5
    { 24, 36, 380, 0, 36, 216, 1010 }, // U+1EA6
    { 18, 33, 299, 1, 32, 149, 1226 }, // U+1EA7
    { 24, 38, 380, 0, 38, 228, 1375 }, // U+1EA8
    { 19, 33, 299, 1, 32, 157, 1603 }, // U+1EA9
    { 24, 36, 380, 0, 36, 216, 1760 }, // U+1EAA
    { 18, 32, 299, 1, 31, 144, 1976 }, // U+1EAB
    { 24, 40, 380, 0, 32, 240, 2120 }, // U+1EAC
    { 18, 36, 299, 1, 28, 162, 2360 }, // U+1EAD
    { 24, 36, 380, 0, 36, 216, 2522 }, // U+1EAE
    { 18, 32, 299, 1, 31, 144, 2738 }, // U+1EAF
    { 24, 37, 380, 0, 37, 222, 2882 }, // U+1EB0
    { 18, 33, 299, 1, 32, 149, 3104 }, // U+1EB1
    { 24, 38, 380, 0, 38, 228, 3253 }, // U+1EB2
    { 18, 34, 299, 1, 33, 153, 3481 }, // U+1EB3
    { 24, 36, 380, 0, 36, 216, 3634 }, // U+1EB4
    { 18, 32, 299, 1, 31, 144, 3850 }, // U+1EB5
    { 24, 39, 380, 0, 31, 234, 3994 }, // U+1EB6
    { 18, 35, 299, 1, 27, 158, 4228 }, // U+1EB7
    { 18, 32, 325, 1, 24, 144, 4386 }, // U+1EB8
    { 17, 27, 293, 1, 19, 115, 4530 }, // U+1EB9
    { 18, 33, 325, 1, 33, 149, 4645 }, // U+1EBA
    { 17, 29, 293, 1, 28, 124, 4794 }, // U+1EBB
    { 18, 31, 325, 1, 31, 140, 4918 }, // U+1EBC
    { 17, 28, 293, 1, 27, 119, 5058 }, // U+1EBD
    { 21, 35, 325, 1, 35, 184, 5177 }, // U+1EBE
    { 19, 33, 293, 1, 32, 157, 5361 }, // U+1EBF
    { 18, 36, 325, 1, 36, 162, 5518 }, // U+1EC0
    { 17, 33, 293, 1, 32, 141, 5680 }, // U+1EC1
    { 19, 38, 325, 1, 38, 181, 5821 }, // U+1EC2
    { 19, 33, 293, 1, 32, 157, 6002 }, // U+1EC3
    { 18, 36, 325, 1, 36, 162, 6159 }, // U+1EC4
    { 17, 32, 293, 1, 31, 136, 6321 }, // U+1EC5
    { 18, 40, 325, 1, 32, 180, 6457 }, // U+1EC6
    { 17, 36, 293, 1, 28, 153, 6637 }, // U+1EC7
    { 10, 33, 193, 1, 33, 83, 6790 }, // U+1EC8
    { 11, 28, 170, 0, 28, 77, 6873 }, // U+1EC9
    { 10, 32, 193, 1, 24, 80, 6950 }, // U+1ECA
    { 11, 34, 170, 0, 26, 94, 7030 }, // U+1ECB
    { 23, 32, 390, 1, 24, 184, 7124 }, // U+1ECC
    { 18, 27, 308, 1, 19, 122, 7308 }, // U+1ECD
    { 23, 34, 390, 1, 33, 196, 7430 }, // U+1ECE
    { 18, 29, 308, 1, 28, 131, 7626 }, // U+1ECF
    { 23, 36, 390, 1, 35, 207, 7757 }, // U+1ED0
    { 19, 33, 308, 1, 32, 157, 7964 }, // U+1ED1
    { 23, 37, 390, 1, 36, 213, 8121 }, // U+1ED2
    { 18, 33, 308, 1, 32, 149, 8334 }, // U+1ED3
    { 23, 39, 390, 1, 38, 225, 8483 }, // U+1ED4
    { 19, 33, 308, 1, 32, 157, 8708 }, // U+1ED5
    { 23, 37, 390, 1, 36, 213, 8865 }, // U+1ED6
    { 18, 32, 308, 1, 31, 144, 9078 }, // U+1ED7
    { 23, 40, 390, 1, 32, 230, 9222 }, // U+1ED8
    { 18, 36, 308, 1, 28, 162, 9452 }, // U+1ED9
    { 23, 33, 397, 1, 32, 190, 9614 }, // U+1EDA
    { 19, 29, 310, 1, 28, 138, 9804 }, // U+1EDB
    { 23, 33, 397, 1, 32, 190, 9942 }, // U+1EDC
    { 19, 29, 310, 1, 28, 138, 10132 }, // U+1EDD
    { 23, 34, 397, 1, 33, 196, 10270 }, // U+1EDE
    { 19, 29, 310, 1, 28, 138, 10466 }, // U+1EDF
    { 23, 32, 397, 1, 31, 184, 10604 }, // U+1EE0
    { 19, 28, 310, 1, 27, 133, 10788 }, // U+1EE1
    { 23, 37, 397, 1, 29, 213, 10921 }, // U+1EE2
    { 19, 31, 310, 1, 23, 148, 11134 }, // U+1EE3
    { 25, 32, 396, 0, 24, 200, 11282 }, // U+1EE4
    { 21, 26, 337, 0, 18, 137, 0 }, // U+1EE5
    { 25, 34, 396, 0, 33, 213, 137 }, // U+1EE6
    { 21, 29, 337, 0, 28, 153, 350 }, // U+1EE7
    { 26, 33, 401, 0, 32, 215, 503 }, // U+1EE8
    { 22, 29, 350, 0, 28, 160, 718 }, // U+1EE9
    { 26, 33, 401, 0, 32, 215, 878 }, // U+1EEA
    { 22, 29, 350, 0, 28, 160, 1093 }, // U+1EEB
    { 26, 34, 401, 0, 33, 221, 1253 }, // U+1EEC
    { 22, 29, 350, 0, 28, 160, 1474 }, // U+1EED
    { 26, 32, 401, 0, 31, 208, 1634 }, // U+1EEE
    { 22, 28, 350, 0, 27, 154, 1842 }, // U+1EEF
    { 26, 37, 401, 0, 29, 241, 1996 }, // U+1EF0
    { 22, 31, 350, 0, 23, 171, 2237 }, // U+1EF1
    { 22, 32, 346, 0, 32, 176, 2408 }, // U+1EF2
    { 20, 37, 296, -1, 28, 185, 2584 }, // U+1EF3
    { 22, 32, 346, 0, 24, 176, 2769 }, // U+1EF4
    { 20, 27, 302, -1, 18, 135, 2945 }, // U+1EF5
    { 22, 33, 346, 0, 33, 182, 3080 }, // U+1EF6
    { 20, 37, 296, -1, 28, 185, 3262 }, // U+1EF7
    { 22, 31, 346, 0, 31, 171, 3447 }, // U+1EF8
    { 20, 36, 296, -1, 27, 180, 3618 }, // U+1EF9
    { 0, 0, 293, 0, 0, 0, 0 }, // U+2007
    { 0, 0, 124, 0, 0, 0, 0 }, // U+2008
    { 0, 0, 48, 0, 0, 0, 0 }, // U+2009
    { 0, 0, 53, 0, 0, 0, 0 }, // U+200A
    { 0, 0, 0, 0, 0, 0, 0 }, // U+200B
    { 12, 4, 231, 1, 12, 12, 0 }, // U+2010
    { 18, 4, 350, 2, 14, 18, 12 }, // U+2012
    { 17, 4, 323, 2, 12, 17, 30 }, // U+2013
    { 25, 5, 456, 2, 12, 32, 47 }, // U+2014
    { 25, 5, 456, 2, 12, 32, 79 }, // U+2015
    { 18, 8, 262, -1, -2, 36, 111 }, // U+2017
    { 7, 11, 120, 0, 27, 20, 147 }, // U+2018
    { 7, 11, 120, 0, 27, 20, 167 }, // U+2019
    { 6, 11, 120, 1, 5, 17, 187 }, // U+201A
    { 7, 11, 120, 0, 27, 20, 204 }, // U+201B
    { 13, 11, 221, 0, 27, 36, 224 }, // U+201C
    { 12, 11, 221, 1, 27, 33, 260 }, // U+201D
    { 12, 11, 221, 1, 5, 33, 293 }, // U+201E
    { 16, 26, 262, 0, 23, 104, 326 }, // U+2020
    { 16, 26, 262, 0, 23, 104, 430 }, // U+2021
    { 12, 12, 226, 1, 16, 36, 534 }, // U+2022
    { 16, 6, 341, 2, 5, 24, 570 }, // U+2025
    { 23, 6, 396, 1, 5, 35, 594 }, // U+2026
    { 40, 25, 677, 1, 24, 250, 629 }, // U+2030
    { 6, 10, 161, 2, 26, 15, 879 }, // U+2032
    { 12, 10, 254, 2, 26, 30, 894 }, // U+2033
    { 9, 16, 169, 1, 17, 36, 924 }, // U+2039
    { 9, 16, 169, 1, 17, 36, 960 }, // U+203A
    { 14, 25, 299, 2, 24, 88, 996 }, // U+203C
    { 14, 4, 228, 0, 23, 14, 1084 }, // U+203E
    { 19, 25, 103, -6, 24, 119, 1098 }, // U+2044
    { 14, 16, 226, 0, 27, 56, 0 }, // U+2070
    { 14, 15, 202, -1, 27, 53, 56 }, // U+2074
    { 12, 16, 197, 0, 27, 48, 109 }, // U+2075
    { 13, 16, 203, 0, 27, 52, 157 }, // U+2076
    { 12, 15, 175, 0, 27, 45, 209 }, // U+2077
    { 13, 16, 209, 0, 27, 52, 254 }, // U+2078
    { 13, 16, 203, 0, 27, 52, 306 }, // U+2079
    { 16, 14, 297, 1, 24, 56, 358 }, // U+207F
    { 14, 16, 226, 0, 12, 56, 414 }, // U+2080
    { 10, 15, 157, 0, 12, 38, 470 }, // U+2081
    { 12, 15, 196, 0, 12, 45, 508 }, // U+2082
    { 12, 16, 199, 0, 12, 48, 553 }, // U+2083
    { 14, 15, 202, -1, 12, 53, 601 }, // U+2084
    { 12, 16, 197, 0, 12, 48, 654 }, // U+2085
    { 13, 16, 203, 0, 12, 52, 702 }, // U+2086
    { 12, 15, 175, 0, 12, 45, 754 }, // U+2087
    { 13, 16, 209, 0, 12, 52, 799 }, // U+2088
    { 13, 16, 203, 0, 12, 52, 851 }, // U+2089
    { 20, 33, 355, 1, 28, 165, 0 }, // U+20A1
    { 18, 24, 332, 2, 24, 108, 165 }, // U+20A3
    { 18, 24, 355, 2, 24, 108, 273 }, // U+20A4
    { 26, 24, 467, 2, 24, 156, 381 }, // U+20A6
    { 22, 24, 370, 1, 24, 132, 537 }, // U+20A7
    { 35, 25, 559, 0, 24, 219, 669 }, // U+20A9
    { 20, 31, 366, 1, 26, 155, 888 }, // U+20AB
    { 21, 25, 371, 1, 24, 132, 1043 }, // U+20AC
    { 23, 24, 421, 2, 24, 138, 1175 }, // U+20AD
    { 20, 24, 351, 1, 24, 120, 1313 }, // U+20AE
    { 21, 24, 372, 1, 24, 126, 1433 }, // U+20B1
    { 23, 33, 390, 1, 28, 190, 1559 }, // U+20B2
    { 19, 25, 372, 2, 24, 119, 1749 }, // U+20B4
    { 20, 33, 355, 1, 28, 165, 1868 }, // U+20B5
    { 21, 24, 331, 0, 24, 126, 2033 }, // U+20B8
    { 18, 24, 334, 2, 24, 108, 2159 }, // U+20B9
    { 20, 24, 358, 2, 24, 120, 2267 }, // U+20BA
    { 31, 28, 497, 0, 28, 217, 2387 }, // U+20BC
    { 20, 24, 350, 2, 24, 120, 2604 }, // U+20BD
    { 24, 23, 418, 1, 23, 138, 0 }, // U+2190
    { 23, 24, 372, 0, 24, 138, 138 }, // U+2191
    { 25, 23, 418, 1, 23, 144, 276 }, // U+2192
    { 23, 24, 372, 0, 24, 138, 420 }, // U+2193
    { 34, 23, 571, 1, 23, 196, 558 }, // U+2194
    { 23, 34, 372, 0, 29, 196, 754 }, // U+2195
    { 23, 37, 372, 0, 29, 213, 950 }, // U+21A8
    { 18, 27, 316, 1, 26, 122, 0 }, // U+2202
    { 26, 26, 459, 1, 25, 169, 122 }, // U+2205
    { 22, 24, 362, 0, 24, 132, 291 }, // U+2206
    { 24, 32, 418, 1, 24, 192, 423 }, // U+220F
    { 19, 32, 316, 0, 24, 152, 615 }, // U+2211
    { 16, 4, 284, 1, 14, 16, 767 }, // U+2212
    { 19, 25, 103, -6, 24, 119, 783 }, // U+2215
    { 6, 6, 148, 1, 14, 9, 902 }, // U+2219
    { 27, 31, 331, -1, 30, 210, 911 }, // U+221A
    { 29, 15, 516, 2, 19, 109, 1121 }, // U+221E
    { 19, 18, 335, 2, 18, 86, 1230 }, // U+221F
    { 18, 24, 372, 3, 24, 108, 1316 }, // U+2229
    { 19, 39, 183, -4, 30, 186, 1424 }, // U+222B
    { 18, 13, 314, 1, 18, 59, 1610 }, // U+2248
    { 16, 21, 284, 1, 22, 84, 1669 }, // U+2260
    { 16, 14, 284, 1, 19, 56, 1753 }, // U+2261
    { 16, 21, 315, 2, 22, 84, 1809 }, // U+2264
    { 16, 21, 315, 2, 22, 84, 1893 }, // U+2265
    { 22, 27, 355, 0, 27, 149, 0 }, // U+FB01
    { 23, 27, 364, 0, 27, 156, 149 }, // U+FB02
};

static const EpdUnicodeInterval bitter_16_boldIntervals[] = {
    { 0x0, 0x0, 0x0 },
    { 0xD, 0xD, 0x1 },
    { 0x20, 0x7E, 0x2 },
    { 0xA0, 0xAC, 0x61 },
    { 0xAE, 0x17F, 0x6E },
    { 0x1A0, 0x1A1, 0x140 },
    { 0x1AF, 0x1B0, 0x142 },
    { 0x1C4, 0x1DC, 0x144 },
    { 0x1E6, 0x1E7, 0x15D },
    { 0x1EA, 0x1EB, 0x15F },
    { 0x1F1, 0x1F3, 0x161 },
    { 0x1FA, 0x21B, 0x164 },
    { 0x300, 0x304, 0x186 },
    { 0x306, 0x30C, 0x18B },
    { 0x30F, 0x30F, 0x192 },
    { 0x311, 0x312, 0x193 },
    { 0x31B, 0x31B, 0x195 },
    { 0x323, 0x324, 0x196 },
    { 0x326, 0x328, 0x198 },
    { 0x32E, 0x32E, 0x19B },
    { 0x331, 0x331, 0x19C },
    { 0x335, 0x335, 0x19D },
    { 0x400, 0x45F, 0x19E },
    { 0x462, 0x463, 0x1FE },
    { 0x46A, 0x46B, 0x200 },
    { 0x472, 0x477, 0x202 },
    { 0x48A, 0x4FF, 0x208 },
    { 0x1EA0, 0x1EF9, 0x27E },
    { 0x2007, 0x200B, 0x2D8 },
    { 0x2010, 0x2010, 0x2DD },
    { 0x2012, 0x2015, 0x2DE },
    { 0x2017, 0x201E, 0x2E2 },
    { 0x2020, 0x2022, 0x2EA },
    { 0x2025, 0x2026, 0x2ED },
    { 0x2030, 0x2030, 0x2EF },
    { 0x2032, 0x2033, 0x2F0 },
    { 0x2039, 0x203A, 0x2F2 },
    { 0x203C, 0x203C, 0x2F4 },
    { 0x203E, 0x203E, 0x2F5 },
    { 0x2044, 0x2044, 0x2F6 },
    { 0x2070, 0x2070, 0x2F7 },
    { 0x2074, 0x2079, 0x2F8 },
    { 0x207F, 0x2089, 0x2FE },
    { 0x20A1, 0x20A1, 0x309 },
    { 0x20A3, 0x20A4, 0x30A },
    { 0x20A6, 0x20A7, 0x30C },
    { 0x20A9, 0x20A9, 0x30E },
    { 0x20AB, 0x20AE, 0x30F },
    { 0x20B1, 0x20B2, 0x313 },
    { 0x20B4, 0x20B5, 0x315 },
    { 0x20B8, 0x20BA, 0x317 },
    { 0x20BC, 0x20BD, 0x31A },
    { 0x2190, 0x2195, 0x31C },
    { 0x21A8, 0x21A8, 0x322 },
    { 0x2202, 0x2202, 0x323 },
    { 0x2205, 0x2206, 0x324 },
    { 0x220F, 0x220F, 0x326 },
    { 0x2211, 0x2212, 0x327 },
    { 0x2215, 0x2215, 0x329 },
    { 0x2219, 0x221A, 0x32A },
    { 0x221E, 0x221F, 0x32C },
    { 0x2229, 0x2229, 0x32E },
    { 0x222B, 0x222B, 0x32F },
    { 0x2248, 0x2248, 0x330 },
    { 0x2260, 0x2261, 0x331 },
    { 0x2264, 0x2265, 0x333 },
    { 0xFB01, 0xFB02, 0x335 },
};

static const EpdFontGroup bitter_16_boldGroups[] = {
    { 0, 4270, 10220, 97, 0 },
    { 4270, 3774, 12184, 92, 97 },
    { 8044, 226, 530, 3, 189 },
    { 8270, 2981, 12148, 80, 192 },
    { 11251, 2044, 7924, 48, 272 },
    { 13295, 3245, 12235, 64, 320 },
    { 16540, 427, 1005, 6, 384 },
    { 16967, 342, 526, 24, 390 },
    { 17309, 4147, 12239, 85, 414 },
    { 21456, 4360, 12167, 79, 499 },
    { 25816, 3257, 9785, 60, 578 },
    { 29073, 2130, 12250, 69, 638 },
    { 31203, 717, 4080, 21, 707 },
    { 31920, 606, 1301, 31, 728 },
    { 32526, 398, 1012, 18, 759 },
    { 32924, 1259, 2871, 19, 777 },
    { 34183, 480, 1220, 7, 796 },
    { 34663, 847, 2081, 18, 803 },
    { 35510, 130, 324, 2, 821 },
};

static const EpdKernClassEntry bitter_16_boldKernLeftClasses[] = {
    { 0x0021, 1 }, // !
    { 0x0022, 2 }, // "
    { 0x0024, 3 }, // $
    { 0x0026, 4 }, // &
    { 0x0027, 2 }, // '
    { 0x0028, 5 }, // (
    { 0x002C, 6 }, // ,
    { 0x002D, 7 }, // -
    { 0x002E, 6 }, // .
    { 0x002F, 8 }, // /
    { 0x0030, 9 }, // 0
    { 0x0031, 10 }, // 1
    { 0x0032, 11 }, // 2
    { 0x0033, 12 }, // 3
    { 0x0034, 13 }, // 4
    { 0x0035, 14 }, // 5
    { 0x0036, 15 }, // 6
    { 0x0037, 16 }, // 7
    { 0x0038, 12 }, // 8
    { 0x0039, 17 }, // 9
    { 0x003A, 18 }, // :
    { 0x003B, 18 }, // ;
    { 0x003F, 19 }, // ?
    { 0x0040, 20 }, // @
    { 0x0041, 21 }, // A
    { 0x0042, 12 }, // B
    { 0x0043, 22 }, // C
    { 0x0044, 20 }, // D
    { 0x0045, 23 }, // E
    { 0x0046, 24 }, // F
    { 0x0047, 25 }, // G
    { 0x0048, 26 }, // H
    { 0x0049, 26 }, // I
    { 0x004A, 27 }, // J
    { 0x004B, 28 }, // K
    { 0x004C, 29 }, // L
    { 0x004D, 26 }, // M
    { 0x004E, 26 }, // N
    { 0x004F, 20 }, // O
    { 0x0050, 30 }, // P
    { 0x0051, 31 }, // Q
    { 0x0052, 32 }, // R
    { 0x0053, 3 }, // S
    { 0x0054, 33 }, // T
    { 0x0055, 27 }, // U
    { 0x0056, 34 }, // V
    { 0x0057, 35 }, // W
    { 0x0058, 28 }, // X
    { 0x0059, 36 }, // Y
    { 0x005A, 37 }, // Z
    { 0x005B, 38 }, // [
    { 0x005C, 39 }, // <backslash>
    { 0x005F, 40 }, // _
    { 0x0061, 41 }, // a
    { 0x0062, 42 }, // b
    { 0x0063, 43 }, // c
    { 0x0064, 44 }, // d
    { 0x0065, 45 }, // e
    { 0x0066, 46 }, // f
    { 0x0067, 47 }, // g
    { 0x0068, 41 }, // h
    { 0x0069, 44 }, // i
    { 0x006A, 48 }, // j
    { 0x006B, 49 }, // k
    { 0x006C, 44 }, // l
    { 0x006D, 41 }, // m
    { 0x006E, 41 }, // n
    { 0x006F, 42 }, // o
    { 0x0070, 42 }, // p
    { 0x0071, 50 }, // q
    { 0x0072, 51 }, // r
    { 0x0073, 52 }, // s
    { 0x0074, 53 }, // t
    { 0x0075, 54 }, // u
    { 0x0076, 55 }, // v
    { 0x0077, 55 }, // w
    { 0x0078, 49 }, // x
    { 0x0079, 56 }, // y
    { 0x007A, 57 }, // z
    { 0x007B, 58 }, // {
    { 0x00A1, 1 }, // U+00A1
    { 0x00A2, 43 }, // U+00A2
    { 0x00A3, 59 }, // U+00A3
    { 0x00A5, 36 }, // U+00A5
    { 0x00A7, 3 }, // U+00A7
    { 0x00A9, 20 }, // U+00A9
    { 0x00AB, 60 }, // U+00AB
    { 0x00AE, 42 }, // U+00AE
    { 0x00B2, 61 }, // U+00B2
    { 0x00B5, 54 }, // U+00B5
    { 0x00B7, 7 }, // U+00B7
    { 0x00B9, 62 }, // U+00B9
    { 0x00BB, 63 }, // U+00BB
    { 0x00C0, 21 }, // U+00C0
    { 0x00C1, 21 }, // U+00C1
    { 0x00C2, 21 }, // U+00C2
    { 0x00C3, 21 }, // U+00C3
    { 0x00C4, 21 }, // U+00C4
    { 0x00C5, 21 }, // U+00C5
    { 0x00C6, 23 }, // U+00C6
    { 0x00C7, 22 }, // U+00C7
    { 0x00C8, 23 }, // U+00C8
    { 0x00C9, 23 }, // U+00C9
    { 0x00CA, 23 }, // U+00CA
    { 0x00CB, 23 }, // U+00CB
    { 0x00CC, 26 }, // U+00CC
    { 0x00CD, 26 }, // U+00CD
    { 0x00CE, 26 }, // U+00CE
    { 0x00CF, 64 }, // U+00CF
    { 0x00D0, 20 }, // U+00D0
    { 0x00D1, 26 }, // U+00D1
    { 0x00D2, 20 }, // U+00D2
    { 0x00D3, 20 }, // U+00D3
    { 0x00D4, 20 }, // U+00D4
    { 0x00D5, 20 }, // U+00D5
    { 0x00D6, 20 }, // U+00D6
    { 0x00D8, 20 }, // U+00D8
    { 0x00D9, 27 }, // U+00D9
    { 0x00DA, 27 }, // U+00DA
    { 0x00DB, 27 }, // U+00DB
    { 0x00DC, 27 }, // U+00DC
    { 0x00DD, 36 }, // U+00DD
    { 0x00DE, 30 }, // U+00DE
    { 0x00DF, 65 }, // U+00DF
    { 0x00E0, 41 }, // U+00E0
    { 0x00E1, 41 }, // U+00E1
    { 0x00E2, 41 }, // U+00E2
    { 0x00E3, 41 }, // U+00E3
    { 0x00E4, 41 }, // U+00E4
    { 0x00E5, 41 }, // U+00E5
    { 0x00E6, 45 }, // U+00E6
    { 0x00E7, 66 }, // U+00E7
    { 0x00E8, 45 }, // U+00E8
    { 0x00E9, 45 }, // U+00E9
    { 0x00EA, 45 }, // U+00EA
    { 0x00EB, 67 }, // U+00EB
    { 0x00EC, 68 }, // U+00EC
    { 0x00ED, 69 }, // U+00ED
    { 0x00EE, 70 }, // U+00EE
    { 0x00EF, 71 }, // U+00EF
    { 0x00F0, 42 }, // U+00F0
    { 0x00F1, 41 }, // U+00F1
    { 0x00F2, 42 }, // U+00F2
    { 0x00F3, 42 }, // U+00F3
    { 0x00F4, 42 }, // U+00F4
    { 0x00F5, 42 }, // U+00F5
    { 0x00F6, 42 }, // U+00F6
    { 0x00F8, 42 }, // U+00F8
    { 0x00F9, 54 }, // U+00F9
    { 0x00FA, 54 }, // U+00FA
    { 0x00FB, 54 }, // U+00FB
    { 0x00FC, 54 }, // U+00FC
    { 0x00FD, 55 }, // U+00FD
    { 0x00FE, 42 }, // U+00FE
    { 0x00FF, 55 }, // U+00FF
    { 0x0100, 21 }, // U+0100
    { 0x0101, 41 }, // U+0101
    { 0x0102, 21 }, // U+0102
    { 0x0103, 41 }, // U+0103
    { 0x0104, 72 }, // U+0104
    { 0x0105, 41 }, // U+0105
    { 0x0106, 22 }, // U+0106
    { 0x0107, 43 }, // U+0107
    { 0x0108, 22 }, // U+0108
    { 0x0109, 43 }, // U+0109
    { 0x010A, 22 }, // U+010A
    { 0x010B, 43 }, // U+010B
    { 0x010C, 22 }, // U+010C
    { 0x010D, 43 }, // U+010D
    { 0x010E, 20 }, // U+010E
    { 0x010F, 73 }, // U+010F
    { 0x0110, 20 }, // U+0110
    { 0x0111, 44 }, // U+0111
    { 0x0112, 23 }, // U+0112
    { 0x0113, 45 }, // U+0113
    { 0x0114, 23 }, // U+0114
    { 0x0115, 45 }, // U+0115
    { 0x0116, 23 }, // U+0116
    { 0x0117, 45 }, // U+0117
    { 0x0118, 74 }, // U+0118
    { 0x0119, 45 }, // U+0119
    { 0x011A, 23 }, // U+011A
    { 0x011B, 75 }, // U+011B
    { 0x011C, 25 }, // U+011C
    { 0x011D, 47 }, // U+011D
    { 0x011E, 25 }, // U+011E
    { 0x011F, 47 }, // U+011F
    { 0x0120, 25 }, // U+0120
    { 0x0121, 47 }, // U+0121
    { 0x0122, 25 }, // U+0122
    { 0x0123, 47 }, // U+0123
    { 0x0124, 26 }, // U+0124
    { 0x0125, 41 }, // U+0125
    { 0x0126, 76 }, // U+0126
    { 0x0127, 41 }, // U+0127
    { 0x0128, 26 }, // U+0128
    { 0x0129, 77 }, // U+0129
    { 0x012A, 26 }, // U+012A
    { 0x012B, 78 }, // U+012B
    { 0x012C, 26 }, // U+012C
    { 0x012D, 79 }, // U+012D
    { 0x012E, 26 }, // U+012E
    { 0x012F, 80 }, // U+012F
    { 0x0130, 26 }, // U+0130
    { 0x0131, 54 }, // U+0131
    { 0x0132, 27 }, // U+0132
    { 0x0133, 48 }, // U+0133
    { 0x0134, 27 }, // U+0134
    { 0x0135, 81 }, // U+0135
    { 0x0136, 28 }, // U+0136
    { 0x0137, 49 }, // U+0137
    { 0x0138, 49 }, // U+0138
    { 0x0139, 29 }, // U+0139
    { 0x013A, 44 }, // U+013A
    { 0x013B, 29 }, // U+013B
    { 0x013C, 44 }, // U+013C
    { 0x013D, 82 }, // U+013D
    { 0x013E, 73 }, // U+013E
    { 0x013F, 29 }, // U+013F
    { 0x0140, 83 }, // U+0140
    { 0x0141, 29 }, // U+0141
    { 0x0142, 84 }, // U+0142
    { 0x0143, 26 }, // U+0143
    { 0x0144, 41 }, // U+0144
    { 0x0145, 26 }, // U+0145
    { 0x0146, 41 }, // U+0146
    { 0x0147, 26 }, // U+0147
    { 0x0148, 41 }, // U+0148
    { 0x0149, 41 }, // U+0149
    { 0x014A, 27 }, // U+014A
    { 0x014B, 48 }, // U+014B
    { 0x014C, 20 }, // U+014C
    { 0x014D, 42 }, // U+014D
    { 0x014E, 20 }, // U+014E
    { 0x014F, 42 }, // U+014F
    { 0x0150, 20 }, // U+0150
    { 0x0151, 42 }, // U+0151
    { 0x0152, 23 }, // U+0152
    { 0x0153, 45 }, // U+0153
    { 0x0154, 32 }, // U+0154
    { 0x0155, 51 }, // U+0155
    { 0x0156, 32 }, // U+0156
    { 0x0157, 51 }, // U+0157
    { 0x0158, 32 }, // U+0158
    { 0x0159, 51 }, // U+0159
    { 0x015A, 3 }, // U+015A
    { 0x015B, 52 }, // U+015B
    { 0x015C, 3 }, // U+015C
    { 0x015D, 52 }, // U+015D
    { 0x015E, 3 }, // U+015E
    { 0x015F, 52 }, // U+015F
    { 0x0160, 3 }, // U+0160
    { 0x0161, 52 }, // U+0161
    { 0x0162, 33 }, // U+0162
    { 0x0163, 85 }, // U+0163
    { 0x0164, 33 }, // U+0164
    { 0x0165, 86 }, // U+0165
    { 0x0166, 33 }, // U+0166
    { 0x0167, 53 }, // U+0167
    { 0x0168, 27 }, // U+0168
    { 0x0169, 54 }, // U+0169
    { 0x016A, 27 }, // U+016A
    { 0x016B, 54 }, // U+016B
    { 0x016C, 27 }, // U+016C
    { 0x016D, 54 }, // U+016D
    { 0x016E, 27 }, // U+016E
    { 0x016F, 54 }, // U+016F
    { 0x0170, 27 }, // U+0170
    { 0x0171, 54 }, // U+0171
    { 0x0172, 27 }, // U+0172
    { 0x0173, 54 }, // U+0173
    { 0x0174, 34 }, // U+0174
    { 0x0175, 55 }, // U+0175
    { 0x0176, 36 }, // U+0176
    { 0x0177, 55 }, // U+0177
    { 0x0178, 36 }, // U+0178
    { 0x0179, 37 }, // U+0179
    { 0x017A, 57 }, // U+017A
    { 0x017B, 37 }, // U+017B
    { 0x017C, 57 }, // U+017C
    { 0x017D, 37 }, // U+017D
    { 0x017E, 57 }, // U+017E
    { 0x017F, 46 }, // U+017F
    { 0x01A0, 87 }, // U+01A0
    { 0x01A1, 88 }, // U+01A1
    { 0x01AF, 89 }, // U+01AF
    { 0x01B0, 90 }, // U+01B0
    { 0x01C4, 37 }, // U+01C4
    { 0x01C5, 57 }, // U+01C5
    { 0x01C6, 57 }, // U+01C6
    { 0x01C7, 27 }, // U+01C7
    { 0x01C8, 48 }, // U+01C8
    { 0x01C9, 48 }, // U+01C9
    { 0x01CA, 27 }, // U+01CA
    { 0x01CB, 48 }, // U+01CB
    { 0x01CC, 48 }, // U+01CC
    { 0x01CD, 21 }, // U+01CD
    { 0x01CE, 41 }, // U+01CE
    { 0x01D0, 91 }, // U+01D0
    { 0x01D1, 20 }, // U+01D1
    { 0x01D2, 42 }, // U+01D2
    { 0x01D3, 27 }, // U+01D3
    { 0x01D4, 54 }, // U+01D4
    { 0x01D5, 27 }, // U+01D5
    { 0x01D6, 54 }, // U+01D6
    { 0x01D7, 27 }, // U+01D7
    { 0x01D8, 54 }, // U+01D8
    { 0x01D9, 27 }, // U+01D9
    { 0x01DA, 54 }, // U+01DA
    { 0x01DB, 27 }, // U+01DB
    { 0x01DC, 54 }, // U+01DC
    { 0x01E6, 25 }, // U+01E6
    { 0x01E7, 47 }, // U+01E7
    { 0x01EA, 20 }, // U+01EA
    { 0x01EB, 42 }, // U+01EB
    { 0x01F1, 37 }, // U+01F1
    { 0x01F2, 57 }, // U+01F2
    { 0x01F3, 57 }, // U+01F3
    { 0x01FA, 21 }, // U+01FA
    { 0x01FB, 41 }, // U+01FB
    { 0x01FC, 23 }, // U+01FC
    { 0x01FD, 45 }, // U+01FD
    { 0x01FE, 20 }, // U+01FE
    { 0x01FF, 42 }, // U+01FF
    { 0x0200, 21 }, // U+0200
    { 0x0201, 41 }, // U+0201
    { 0x0202, 21 }, // U+0202
    { 0x0203, 41 }, // U+0203
    { 0x0204, 23 }, // U+0204
    { 0x0205, 45 }, // U+0205
    { 0x0206, 23 }, // U+0206
    { 0x0207, 45 }, // U+0207
    { 0x0208, 26 }, // U+0208
    { 0x0209, 92 }, // U+0209
    { 0x020A, 26 }, // U+020A
    { 0x020B, 93 }, // U+020B
    { 0x020C, 20 }, // U+020C
    { 0x020D, 42 }, // U+020D
    { 0x020E, 20 }, // U+020E
    { 0x020F, 42 }, // U+020F
    { 0x0210, 32 }, // U+0210
    { 0x0211, 51 }, // U+0211
    { 0x0212, 32 }, // U+0212
    { 0x0213, 51 }, // U+0213
    { 0x0214, 27 }, // U+0214
    { 0x0215, 54 }, // U+0215
    { 0x0216, 27 }, // U+0216
    { 0x0217, 54 }, // U+0217
    { 0x0218, 3 }, // U+0218
    { 0x0219, 52 }, // U+0219
    { 0x021A, 33 }, // U+021A
    { 0x021B, 53 }, // U+021B
    { 0x0400, 23 }, // U+0400
    { 0x0401, 23 }, // U+0401
    { 0x0402, 12 }, // U+0402
    { 0x0403, 94 }, // U+0403
    { 0x0404, 22 }, // U+0404
    { 0x0405, 3 }, // U+0405
    { 0x0406, 26 }, // U+0406
    { 0x0407, 95 }, // U+0407
    { 0x0408, 96 }, // U+0408
    { 0x0409, 97 }, // U+0409
    { 0x040A, 97 }, // U+040A
    { 0x040B, 98 }, // U+040B
    { 0x040C, 99 }, // U+040C
    { 0x040D, 26 }, // U+040D
    { 0x040E, 100 }, // U+040E
    { 0x040F, 26 }, // U+040F
    { 0x0410, 21 }, // U+0410
    { 0x0411, 101 }, // U+0411
    { 0x0412, 12 }, // U+0412
    { 0x0413, 102 }, // U+0413
    { 0x0414, 103 }, // U+0414
    { 0x0415, 23 }, // U+0415
    { 0x0416, 99 }, // U+0416
    { 0x0417, 12 }, // U+0417
    { 0x0418, 26 }, // U+0418
    { 0x0419, 26 }, // U+0419
    { 0x041A, 99 }, // U+041A
    { 0x041B, 26 }, // U+041B
    { 0x041C, 26 }, // U+041C
    { 0x041D, 26 }, // U+041D
    { 0x041E, 20 }, // U+041E
    { 0x041F, 26 }, // U+041F
    { 0x0420, 30 }, // U+0420
    { 0x0421, 22 }, // U+0421
    { 0x0422, 33 }, // U+0422
    { 0x0423, 104 }, // U+0423
    { 0x0424, 105 }, // U+0424
    { 0x0425, 28 }, // U+0425
    { 0x0426, 103 }, // U+0426
    { 0x0427, 26 }, // U+0427
    { 0x0428, 26 }, // U+0428
    { 0x0429, 103 }, // U+0429
    { 0x042A, 97 }, // U+042A
    { 0x042B, 26 }, // U+042B
    { 0x042C, 97 }, // U+042C
    { 0x042D, 20 }, // U+042D
    { 0x042E, 20 }, // U+042E
    { 0x042F, 26 }, // U+042F
    { 0x0430, 41 }, // U+0430
    { 0x0431, 42 }, // U+0431
    { 0x0432, 106 }, // U+0432
    { 0x0433, 51 }, // U+0433
    { 0x0434, 107 }, // U+0434
    { 0x0435, 45 }, // U+0435
    { 0x0436, 108 }, // U+0436
    { 0x0437, 106 }, // U+0437
    { 0x0438, 109 }, // U+0438
    { 0x0439, 109 }, // U+0439
    { 0x043A, 49 }, // U+043A
    { 0x043B, 109 }, // U+043B
    { 0x043C, 109 }, // U+043C
    { 0x043D, 109 }, // U+043D
    { 0x043E, 42 }, // U+043E
    { 0x043F, 109 }, // U+043F
    { 0x0440, 42 }, // U+0440
    { 0x0441, 43 }, // U+0441
    { 0x0442, 51 }, // U+0442
    { 0x0443, 55 }, // U+0443
    { 0x0444, 42 }, // U+0444
    { 0x0445, 49 }, // U+0445
    { 0x0446, 107 }, // U+0446
    { 0x0447, 109 }, // U+0447
    { 0x0448, 109 }, // U+0448
    { 0x0449, 107 }, // U+0449
    { 0x044A, 110 }, // U+044A
    { 0x044B, 109 }, // U+044B
    { 0x044C, 110 }, // U+044C
    { 0x044D, 42 }, // U+044D
    { 0x044E, 42 }, // U+044E
    { 0x044F, 109 }, // U+044F
    { 0x0450, 45 }, // U+0450
    { 0x0451, 45 }, // U+0451
    { 0x0452, 48 }, // U+0452
    { 0x0453, 51 }, // U+0453
    { 0x0454, 43 }, // U+0454
    { 0x0455, 52 }, // U+0455
    { 0x0456, 44 }, // U+0456
    { 0x0457, 111 }, // U+0457
    { 0x0458, 48 }, // U+0458
    { 0x0459, 110 }, // U+0459
    { 0x045A, 110 }, // U+045A
    { 0x045B, 41 }, // U+045B
    { 0x045C, 49 }, // U+045C
    { 0x045D, 109 }, // U+045D
    { 0x045E, 55 }, // U+045E
    { 0x045F, 109 }, // U+045F
    { 0x0462, 97 }, // U+0462
    { 0x0463, 110 }, // U+0463
    { 0x046A, 112 }, // U+046A
    { 0x046B, 49 }, // U+046B
    { 0x0472, 20 }, // U+0472
    { 0x0473, 42 }, // U+0473
    { 0x0474, 35 }, // U+0474
    { 0x0475, 55 }, // U+0475
    { 0x0476, 35 }, // U+0476
    { 0x0477, 55 }, // U+0477
    { 0x048A, 103 }, // U+048A
    { 0x048B, 107 }, // U+048B
    { 0x048C, 97 }, // U+048C
    { 0x048D, 113 }, // U+048D
    { 0x048E, 30 }, // U+048E
    { 0x048F, 42 }, // U+048F
    { 0x0490, 114 }, // U+0490
    { 0x0491, 115 }, // U+0491
    { 0x0492, 33 }, // U+0492
    { 0x0493, 51 }, // U+0493
    { 0x0494, 116 }, // U+0494
    { 0x0495, 41 }, // U+0495
    { 0x0496, 117 }, // U+0496
    { 0x0497, 107 }, // U+0497
    { 0x0498, 12 }, // U+0498
    { 0x0499, 106 }, // U+0499
    { 0x049A, 118 }, // U+049A
    { 0x049B, 107 }, // U+049B
    { 0x049C, 28 }, // U+049C
    { 0x049D, 49 }, // U+049D
    { 0x049E, 28 }, // U+049E
    { 0x049F, 49 }, // U+049F
    { 0x04A0, 28 }, // U+04A0
    { 0x04A1, 49 }, // U+04A1
    { 0x04A2, 103 }, // U+04A2
    { 0x04A3, 107 }, // U+04A3
    { 0x04A4, 33 }, // U+04A4
    { 0x04A5, 51 }, // U+04A5
    { 0x04A6, 98 }, // U+04A6
    { 0x04A7, 48 }, // U+04A7
    { 0x04A8, 119 }, // U+04A8
    { 0x04A9, 42 }, // U+04A9
    { 0x04AA, 22 }, // U+04AA
    { 0x04AB, 43 }, // U+04AB
    { 0x04AC, 33 }, // U+04AC
    { 0x04AD, 51 }, // U+04AD
    { 0x04AE, 36 }, // U+04AE
    { 0x04AF, 55 }, // U+04AF
    { 0x04B0, 36 }, // U+04B0
    { 0x04B1, 55 }, // U+04B1
    { 0x04B2, 120 }, // U+04B2
    { 0x04B3, 107 }, // U+04B3
    { 0x04B4, 103 }, // U+04B4
    { 0x04B5, 107 }, // U+04B5
    { 0x04B6, 103 }, // U+04B6
    { 0x04B7, 107 }, // U+04B7
    { 0x04B8, 26 }, // U+04B8
    { 0x04B9, 121 }, // U+04B9
    { 0x04BA, 98 }, // U+04BA
    { 0x04BB, 41 }, // U+04BB
    { 0x04BC, 20 }, // U+04BC
    { 0x04BD, 45 }, // U+04BD
    { 0x04BE, 122 }, // U+04BE
    { 0x04BF, 45 }, // U+04BF
    { 0x04C0, 26 }, // U+04C0
    { 0x04C1, 28 }, // U+04C1
    { 0x04C2, 49 }, // U+04C2
    { 0x04C3, 123 }, // U+04C3
    { 0x04C4, 124 }, // U+04C4
    { 0x04C5, 103 }, // U+04C5
    { 0x04C6, 109 }, // U+04C6
    { 0x04C7, 27 }, // U+04C7
    { 0x04C8, 109 }, // U+04C8
    { 0x04C9, 103 }, // U+04C9
    { 0x04CA, 107 }, // U+04CA
    { 0x04CB, 26 }, // U+04CB
    { 0x04CC, 121 }, // U+04CC
    { 0x04CD, 103 }, // U+04CD
    { 0x04CE, 107 }, // U+04CE
    { 0x04CF, 44 }, // U+04CF
    { 0x04D0, 21 }, // U+04D0
    { 0x04D1, 41 }, // U+04D1
    { 0x04D2, 21 }, // U+04D2
    { 0x04D3, 41 }, // U+04D3
    { 0x04D4, 23 }, // U+04D4
    { 0x04D5, 45 }, // U+04D5
    { 0x04D6, 23 }, // U+04D6
    { 0x04D7, 45 }, // U+04D7
    { 0x04D8, 20 }, // U+04D8
    { 0x04D9, 42 }, // U+04D9
    { 0x04DA, 20 }, // U+04DA
    { 0x04DB, 42 }, // U+04DB
    { 0x04DC, 28 }, // U+04DC
    { 0x04DD, 49 }, // U+04DD
    { 0x04DE, 12 }, // U+04DE
    { 0x04DF, 106 }, // U+04DF
    { 0x04E0, 12 }, // U+04E0
    { 0x04E1, 106 }, // U+04E1
    { 0x04E2, 26 }, // U+04E2
    { 0x04E3, 109 }, // U+04E3
    { 0x04E4, 26 }, // U+04E4
    { 0x04E5, 109 }, // U+04E5
    { 0x04E6, 20 }, // U+04E6
    { 0x04E7, 42 }, // U+04E7
    { 0x04E8, 20 }, // U+04E8
    { 0x04E9, 42 }, // U+04E9
    { 0x04EA, 20 }, // U+04EA
    { 0x04EB, 42 }, // U+04EB
    { 0x04EC, 20 }, // U+04EC
    { 0x04ED, 42 }, // U+04ED
    { 0x04EE, 35 }, // U+04EE
    { 0x04EF, 55 }, // U+04EF
    { 0x04F0, 35 }, // U+04F0
    { 0x04F1, 55 }, // U+04F1
    { 0x04F2, 35 }, // U+04F2
    { 0x04F3, 55 }, // U+04F3
    { 0x04F4, 26 }, // U+04F4
    { 0x04F5, 121 }, // U+04F5
    { 0x04F6, 33 }, // U+04F6
    { 0x04F7, 51 }, // U+04F7
    { 0x04F8, 26 }, // U+04F8
    { 0x04F9, 109 }, // U+04F9
    { 0x04FA, 33 }, // U+04FA
    { 0x04FB, 51 }, // U+04FB
    { 0x04FC, 125 }, // U+04FC
    { 0x04FD, 126 }, // U+04FD
    { 0x04FE, 28 }, // U+04FE
    { 0x04FF, 49 }, // U+04FF
    { 0x1EA0, 21 }, // U+1EA0
    { 0x1EA1, 41 }, // U+1EA1
    { 0x1EA2, 21 }, // U+1EA2
    { 0x1EA3, 41 }, // U+1EA3
    { 0x1EA4, 127 }, // U+1EA4
    { 0x1EA5, 41 }, // U+1EA5
    { 0x1EA6, 21 }, // U+1EA6
    { 0x1EA7, 41 }, // U+1EA7
    { 0x1EA8, 21 }, // U+1EA8
    { 0x1EA9, 41 }, // U+1EA9
    { 0x1EAA, 21 }, // U+1EAA
    { 0x1EAB, 41 }, // U+1EAB
    { 0x1EAC, 21 }, // U+1EAC
    { 0x1EAD, 41 }, // U+1EAD
    { 0x1EAE, 21 }, // U+1EAE
    { 0x1EAF, 41 }, // U+1EAF
    { 0x1EB0, 21 }, // U+1EB0
    { 0x1EB1, 41 }, // U+1EB1
    { 0x1EB2, 21 }, // U+1EB2
    { 0x1EB3, 41 }, // U+1EB3
    { 0x1EB4, 21 }, // U+1EB4
    { 0x1EB5, 41 }, // U+1EB5
    { 0x1EB6, 21 }, // U+1EB6
    { 0x1EB7, 41 }, // U+1EB7
    { 0x1EB8, 23 }, // U+1EB8
    { 0x1EB9, 45 }, // U+1EB9
    { 0x1EBA, 23 }, // U+1EBA
    { 0x1EBB, 45 }, // U+1EBB
    { 0x1EBC, 23 }, // U+1EBC
    { 0x1EBD, 45 }, // U+1EBD
    { 0x1EBE, 23 }, // U+1EBE
    { 0x1EBF, 45 }, // U+1EBF
    { 0x1EC0, 23 }, // U+1EC0
    { 0x1EC1, 45 }, // U+1EC1
    { 0x1EC2, 23 }, // U+1EC2
    { 0x1EC3, 45 }, // U+1EC3
    { 0x1EC4, 23 }, // U+1EC4
    { 0x1EC5, 45 }, // U+1EC5
    { 0x1EC6, 23 }, // U+1EC6
    { 0x1EC7, 45 }, // U+1EC7
    { 0x1EC8, 26 }, // U+1EC8
    { 0x1EC9, 128 }, // U+1EC9
    { 0x1ECA, 26 }, // U+1ECA
    { 0x1ECB, 129 }, // U+1ECB
    { 0x1ECC, 20 }, // U+1ECC
    { 0x1ECD, 42 }, // U+1ECD
    { 0x1ECE, 20 }, // U+1ECE
    { 0x1ECF, 42 }, // U+1ECF
    { 0x1ED0, 20 }, // U+1ED0
    { 0x1ED1, 42 }, // U+1ED1
    { 0x1ED2, 20 }, // U+1ED2
    { 0x1ED3, 42 }, // U+1ED3
    { 0x1ED4, 20 }, // U+1ED4
    { 0x1ED5, 42 }, // U+1ED5
    { 0x1ED6, 20 }, // U+1ED6
    { 0x1ED7, 42 }, // U+1ED7
    { 0x1ED8, 20 }, // U+1ED8
    { 0x1ED9, 42 }, // U+1ED9
    { 0x1EDA, 130 }, // U+1EDA
    { 0x1EDB, 88 }, // U+1EDB
    { 0x1EDC, 131 }, // U+1EDC
    { 0x1EDD, 88 }, // U+1EDD
    { 0x1EDE, 130 }, // U+1EDE
    { 0x1EDF, 88 }, // U+1EDF
    { 0x1EE0, 130 }, // U+1EE0
    { 0x1EE1, 88 }, // U+1EE1
    { 0x1EE2, 130 }, // U+1EE2
    { 0x1EE3, 88 }, // U+1EE3
    { 0x1EE4, 27 }, // U+1EE4
    { 0x1EE5, 54 }, // U+1EE5
    { 0x1EE6, 27 }, // U+1EE6
    { 0x1EE7, 54 }, // U+1EE7
    { 0x1EE8, 132 }, // U+1EE8
    { 0x1EE9, 90 }, // U+1EE9
    { 0x1EEA, 132 }, // U+1EEA
    { 0x1EEB, 90 }, // U+1EEB
    { 0x1EEC, 133 }, // U+1EEC
    { 0x1EED, 90 }, // U+1EED
    { 0x1EEE, 134 }, // U+1EEE
    { 0x1EEF, 90 }, // U+1EEF
    { 0x1EF0, 135 }, // U+1EF0
    { 0x1EF1, 90 }, // U+1EF1
    { 0x1EF2, 36 }, // U+1EF2
    { 0x1EF3, 55 }, // U+1EF3
    { 0x1EF4, 36 }, // U+1EF4
    { 0x1EF5, 136 }, // U+1EF5
    { 0x1EF6, 36 }, // U+1EF6
    { 0x1EF7, 55 }, // U+1EF7
    { 0x1EF8, 36 }, // U+1EF8
    { 0x1EF9, 55 }, // U+1EF9
    { 0x2010, 7 }, // U+2010
    { 0x2013, 7 }, // U+2013
    { 0x2014, 7 }, // U+2014
    { 0x2015, 7 }, // U+2015
    { 0x2017, 40 }, // U+2017
    { 0x2018, 2 }, // U+2018
    { 0x2019, 2 }, // U+2019
    { 0x201A, 6 }, // U+201A
    { 0x201B, 2 }, // U+201B
    { 0x201C, 2 }, // U+201C
    { 0x201D, 2 }, // U+201D
    { 0x201E, 6 }, // U+201E
    { 0x2025, 6 }, // U+2025
    { 0x2026, 6 }, // U+2026
    { 0x2039, 60 }, // U+2039
    { 0x203A, 63 }, // U+203A
    { 0x203C, 1 }, // U+203C
    { 0x2070, 137 }, // U+2070
    { 0x2074, 138 }, // U+2074
    { 0x2077, 139 }, // U+2077
    { 0x2078, 138 }, // U+2078
    { 0x2079, 137 }, // U+2079
    { 0x20A1, 22 }, // U+20A1
    { 0x20A3, 24 }, // U+20A3
    { 0x20A6, 26 }, // U+20A6
    { 0x20A7, 30 }, // U+20A7
    { 0x20A9, 35 }, // U+20A9
    { 0x20AB, 140 }, // U+20AB
    { 0x20AC, 22 }, // U+20AC
    { 0x20AD, 28 }, // U+20AD
    { 0x20AE, 33 }, // U+20AE
    { 0x20B1, 30 }, // U+20B1
    { 0x20B2, 25 }, // U+20B2
    { 0x20B4, 3 }, // U+20B4
    { 0x20B5, 22 }, // U+20B5
    { 0x20B8, 33 }, // U+20B8
    { 0x20B9, 32 }, // U+20B9
    { 0x20BD, 30 }, // U+20BD
    { 0x2206, 21 }, // U+2206
    { 0xFB01, 44 }, // U+FB01
    { 0xFB02, 44 }, // U+FB02
};

static const EpdKernClassEntry bitter_16_boldKernRightClasses[] = {
    { 0x0021, 1 }, // !
    { 0x0022, 2 }, // "
    { 0x0024, 3 }, // $
    { 0x0026, 4 }, // &
    { 0x0027, 2 }, // '
    { 0x0029, 5 }, // )
    { 0x002A, 6 }, // *
    { 0x002C, 7 }, // ,
    { 0x002D, 8 }, // -
    { 0x002E, 7 }, // .
    { 0x002F, 9 }, // /
    { 0x0030, 10 }, // 0
    { 0x0031, 11 }, // 1
    { 0x0032, 12 }, // 2
    { 0x0033, 13 }, // 3
    { 0x0034, 14 }, // 4
    { 0x0035, 15 }, // 5
    { 0x0036, 16 }, // 6
    { 0x0037, 17 }, // 7
    { 0x0038, 4 }, // 8
    { 0x0039, 18 }, // 9
    { 0x003A, 19 }, // :
    { 0x003B, 19 }, // ;
    { 0x003F, 20 }, // ?
    { 0x0040, 21 }, // @
    { 0x0041, 22 }, // A
    { 0x0042, 23 }, // B
    { 0x0043, 21 }, // C
    { 0x0044, 23 }, // D
    { 0x0045, 23 }, // E
    { 0x0046, 23 }, // F
    { 0x0047, 21 }, // G
    { 0x0048, 23 }, // H
    { 0x0049, 23 }, // I
    { 0x004A, 24 }, // J
    { 0x004B, 23 }, // K
    { 0x004C, 23 }, // L
    { 0x004D, 23 }, // M
    { 0x004E, 23 }, // N
    { 0x004F, 21 }, // O
    { 0x0050, 23 }, // P
    { 0x0051, 21 }, // Q
    { 0x0052, 23 }, // R
    { 0x0053, 3 }, // S
    { 0x0054, 25 }, // T
    { 0x0055, 26 }, // U
    { 0x0056, 27 }, // V
    { 0x0057, 27 }, // W
    { 0x0058, 28 }, // X
    { 0x0059, 29 }, // Y
    { 0x005A, 30 }, // Z
    { 0x005C, 31 }, // <backslash>
    { 0x005D, 32 }, // ]
    { 0x005F, 33 }, // _
    { 0x0061, 34 }, // a
    { 0x0062, 35 }, // b
    { 0x0063, 36 }, // c
    { 0x0064, 36 }, // d
    { 0x0065, 36 }, // e
    { 0x0066, 37 }, // f
    { 0x0067, 38 }, // g
    { 0x0068, 39 }, // h
    { 0x0069, 37 }, // i
    { 0x006A, 40 }, // j
    { 0x006B, 39 }, // k
    { 0x006C, 39 }, // l
    { 0x006D, 37 }, // m
    { 0x006E, 37 }, // n
    { 0x006F, 36 }, // o
    { 0x0070, 41 }, // p
    { 0x0071, 36 }, // q
    { 0x0072, 37 }, // r
    { 0x0073, 42 }, // s
    { 0x0074, 43 }, // t
    { 0x0075, 44 }, // u
    { 0x0076, 45 }, // v
    { 0x0077, 45 }, // w
    { 0x0078, 46 }, // x
    { 0x0079, 47 }, // y
    { 0x007A, 48 }, // z
    { 0x007C, 49 }, // |
    { 0x007D, 50 }, // }
    { 0x00A1, 51 }, // U+00A1
    { 0x00A2, 36 }, // U+00A2
    { 0x00A5, 29 }, // U+00A5
    { 0x00A6, 49 }, // U+00A6
    { 0x00A7, 3 }, // U+00A7
    { 0x00A9, 21 }, // U+00A9
    { 0x00AB, 52 }, // U+00AB
    { 0x00AE, 36 }, // U+00AE
    { 0x00B0, 53 }, // U+00B0
    { 0x00B7, 8 }, // U+00B7
    { 0x00BB, 54 }, // U+00BB
    { 0x00BF, 55 }, // U+00BF
    { 0x00C0, 22 }, // U+00C0
    { 0x00C1, 22 }, // U+00C1
    { 0x00C2, 22 }, // U+00C2
    { 0x00C3, 22 }, // U+00C3
    { 0x00C4, 22 }, // U+00C4
    { 0x00C5, 22 }, // U+00C5
    { 0x00C6, 22 }, // U+00C6
    { 0x00C7, 21 }, // U+00C7
    { 0x00C8, 23 }, // U+00C8
    { 0x00C9, 23 }, // U+00C9
    { 0x00CA, 23 }, // U+00CA
    { 0x00CB, 23 }, // U+00CB
    { 0x00CC, 23 }, // U+00CC
    { 0x00CD, 23 }, // U+00CD
    { 0x00CE, 23 }, // U+00CE
    { 0x00CF, 56 }, // U+00CF
    { 0x00D0, 23 }, // U+00D0
    { 0x00D1, 23 }, // U+00D1
    { 0x00D2, 21 }, // U+00D2
    { 0x00D3, 21 }, // U+00D3
    { 0x00D4, 21 }, // U+00D4
    { 0x00D5, 21 }, // U+00D5
    { 0x00D6, 21 }, // U+00D6
    { 0x00D8, 21 }, // U+00D8
    { 0x00D9, 26 }, // U+00D9
    { 0x00DA, 26 }, // U+00DA
    { 0x00DB, 26 }, // U+00DB
    { 0x00DC, 26 }, // U+00DC
    { 0x00DD, 29 }, // U+00DD
    { 0x00DE, 23 }, // U+00DE
    { 0x00DF, 37 }, // U+00DF
    { 0x00E0, 34 }, // U+00E0
    { 0x00E1, 34 }, // U+00E1
    { 0x00E2, 34 }, // U+00E2
    { 0x00E3, 34 }, // U+00E3
    { 0x00E4, 34 }, // U+00E4
    { 0x00E5, 34 }, // U+00E5
    { 0x00E6, 34 }, // U+00E6
    { 0x00E7, 36 }, // U+00E7
    { 0x00E8, 36 }, // U+00E8
    { 0x00E9, 36 }, // U+00E9
    { 0x00EA, 36 }, // U+00EA
    { 0x00EB, 36 }, // U+00EB
    { 0x00EC, 57 }, // U+00EC
    { 0x00ED, 58 }, // U+00ED
    { 0x00EE, 59 }, // U+00EE
    { 0x00EF, 60 }, // U+00EF
    { 0x00F0, 36 }, // U+00F0
    { 0x00F1, 37 }, // U+00F1
    { 0x00F2, 36 }, // U+00F2
    { 0x00F3, 36 }, // U+00F3
    { 0x00F4, 36 }, // U+00F4
    { 0x00F5, 36 }, // U+00F5
    { 0x00F6, 36 }, // U+00F6
    { 0x00F8, 61 }, // U+00F8
    { 0x00F9, 44 }, // U+00F9
    { 0x00FA, 44 }, // U+00FA
    { 0x00FB, 44 }, // U+00FB
    { 0x00FC, 44 }, // U+00FC
    { 0x00FD, 47 }, // U+00FD
    { 0x00FE, 62 }, // U+00FE
    { 0x00FF, 47 }, // U+00FF
    { 0x0100, 22 }, // U+0100
    { 0x0101, 34 }, // U+0101
    { 0x0102, 22 }, // U+0102
    { 0x0103, 34 }, // U+0103
    { 0x0104, 22 }, // U+0104
    { 0x0105, 34 }, // U+0105
    { 0x0106, 21 }, // U+0106
    { 0x0107, 36 }, // U+0107
    { 0x0108, 21 }, // U+0108
    { 0x0109, 36 }, // U+0109
    { 0x010A, 21 }, // U+010A
    { 0x010B, 36 }, // U+010B
    { 0x010C, 21 }, // U+010C
    { 0x010D, 63 }, // U+010D
    { 0x010E, 23 }, // U+010E
    { 0x010F, 36 }, // U+010F
    { 0x0110, 23 }, // U+0110
    { 0x0111, 36 }, // U+0111
    { 0x0112, 23 }, // U+0112
    { 0x0113, 36 }, // U+0113
    { 0x0114, 23 }, // U+0114
    { 0x0115, 36 }, // U+0115
    { 0x0116, 23 }, // U+0116
    { 0x0117, 36 }, // U+0117
    { 0x0118, 23 }, // U+0118
    { 0x0119, 36 }, // U+0119
    { 0x011A, 23 }, // U+011A
    { 0x011B, 36 }, // U+011B
    { 0x011C, 21 }, // U+011C
    { 0x011D, 38 }, // U+011D
    { 0x011E, 21 }, // U+011E
    { 0x011F, 38 }, // U+011F
    { 0x0120, 21 }, // U+0120
    { 0x0121, 38 }, // U+0121
    { 0x0122, 21 }, // U+0122
    { 0x0123, 38 }, // U+0123
    { 0x0124, 23 }, // U+0124
    { 0x0125, 64 }, // U+0125
    { 0x0126, 23 }, // U+0126
    { 0x0127, 39 }, // U+0127
    { 0x0128, 23 }, // U+0128
    { 0x0129, 65 }, // U+0129
    { 0x012A, 23 }, // U+012A
    { 0x012B, 66 }, // U+012B
    { 0x012C, 67 }, // U+012C
    { 0x012D, 68 }, // U+012D
    { 0x012E, 23 }, // U+012E
    { 0x012F, 37 }, // U+012F
    { 0x0130, 23 }, // U+0130
    { 0x0131, 37 }, // U+0131
    { 0x0132, 23 }, // U+0132
    { 0x0133, 37 }, // U+0133
    { 0x0134, 24 }, // U+0134
    { 0x0135, 69 }, // U+0135
    { 0x0136, 23 }, // U+0136
    { 0x0137, 39 }, // U+0137
    { 0x0138, 37 }, // U+0138
    { 0x0139, 23 }, // U+0139
    { 0x013A, 39 }, // U+013A
    { 0x013B, 23 }, // U+013B
    { 0x013C, 39 }, // U+013C
    { 0x013D, 23 }, // U+013D
    { 0x013E, 39 }, // U+013E
    { 0x013F, 23 }, // U+013F
    { 0x0140, 39 }, // U+0140
    { 0x0141, 23 }, // U+0141
    { 0x0142, 70 }, // U+0142
    { 0x0143, 23 }, // U+0143
    { 0x0144, 37 }, // U+0144
    { 0x0145, 23 }, // U+0145
    { 0x0146, 37 }, // U+0146
    { 0x0147, 23 }, // U+0147
    { 0x0148, 37 }, // U+0148
    { 0x0149, 71 }, // U+0149
    { 0x014A, 23 }, // U+014A
    { 0x014B, 37 }, // U+014B
    { 0x014C, 21 }, // U+014C
    { 0x014D, 36 }, // U+014D
    { 0x014E, 21 }, // U+014E
    { 0x014F, 36 }, // U+014F
    { 0x0150, 21 }, // U+0150
    { 0x0151, 36 }, // U+0151
    { 0x0152, 21 }, // U+0152
    { 0x0153, 36 }, // U+0153
    { 0x0154, 23 }, // U+0154
    { 0x0155, 37 }, // U+0155
    { 0x0156, 23 }, // U+0156
    { 0x0157, 37 }, // U+0157
    { 0x0158, 23 }, // U+0158
    { 0x0159, 72 }, // U+0159
    { 0x015A, 3 }, // U+015A
    { 0x015B, 42 }, // U+015B
    { 0x015C, 3 }, // U+015C
    { 0x015D, 42 }, // U+015D
    { 0x015E, 3 }, // U+015E
    { 0x015F, 42 }, // U+015F
    { 0x0160, 3 }, // U+0160
    { 0x0161, 73 }, // U+0161
    { 0x0162, 25 }, // U+0162
    { 0x0163, 43 }, // U+0163
    { 0x0164, 25 }, // U+0164
    { 0x0165, 43 }, // U+0165
    { 0x0166, 25 }, // U+0166
    { 0x0167, 43 }, // U+0167
    { 0x0168, 26 }, // U+0168
    { 0x0169, 44 }, // U+0169
    { 0x016A, 26 }, // U+016A
    { 0x016B, 44 }, // U+016B
    { 0x016C, 26 }, // U+016C
    { 0x016D, 44 }, // U+016D
    { 0x016E, 26 }, // U+016E
    { 0x016F, 44 }, // U+016F
    { 0x0170, 26 }, // U+0170
    { 0x0171, 44 }, // U+0171
    { 0x0172, 26 }, // U+0172
    { 0x0173, 44 }, // U+0173
    { 0x0174, 27 }, // U+0174
    { 0x0175, 45 }, // U+0175
    { 0x0176, 29 }, // U+0176
    { 0x0177, 47 }, // U+0177
    { 0x0178, 29 }, // U+0178
    { 0x0179, 30 }, // U+0179
    { 0x017A, 48 }, // U+017A
    { 0x017B, 30 }, // U+017B
    { 0x017C, 48 }, // U+017C
    { 0x017D, 30 }, // U+017D
    { 0x017E, 74 }, // U+017E
    { 0x017F, 37 }, // U+017F
    { 0x01A0, 21 }, // U+01A0
    { 0x01A1, 36 }, // U+01A1
    { 0x01AF, 26 }, // U+01AF
    { 0x01B0, 44 }, // U+01B0
    { 0x01C4, 23 }, // U+01C4
    { 0x01C5, 23 }, // U+01C5
    { 0x01C6, 36 }, // U+01C6
    { 0x01C7, 23 }, // U+01C7
    { 0x01C8, 23 }, // U+01C8
    { 0x01C9, 39 }, // U+01C9
    { 0x01CA, 23 }, // U+01CA
    { 0x01CB, 23 }, // U+01CB
    { 0x01CC, 37 }, // U+01CC
    { 0x01CD, 22 }, // U+01CD
    { 0x01CE, 34 }, // U+01CE
    { 0x01D0, 75 }, // U+01D0
    { 0x01D1, 21 }, // U+01D1
    { 0x01D2, 36 }, // U+01D2
    { 0x01D3, 26 }, // U+01D3
    { 0x01D4, 44 }, // U+01D4
    { 0x01D5, 26 }, // U+01D5
    { 0x01D6, 44 }, // U+01D6
    { 0x01D7, 26 }, // U+01D7
    { 0x01D8, 44 }, // U+01D8
    { 0x01D9, 26 }, // U+01D9
    { 0x01DA, 44 }, // U+01DA
    { 0x01DB, 26 }, // U+01DB
    { 0x01DC, 44 }, // U+01DC
    { 0x01E6, 21 }, // U+01E6
    { 0x01E7, 38 }, // U+01E7
    { 0x01EA, 21 }, // U+01EA
    { 0x01EB, 36 }, // U+01EB
    { 0x01F1, 23 }, // U+01F1
    { 0x01F2, 23 }, // U+01F2
    { 0x01F3, 36 }, // U+01F3
    { 0x01FA, 22 }, // U+01FA
    { 0x01FB, 34 }, // U+01FB
    { 0x01FC, 22 }, // U+01FC
    { 0x01FD, 34 }, // U+01FD
    { 0x01FE, 21 }, // U+01FE
    { 0x01FF, 36 }, // U+01FF
    { 0x0200, 22 }, // U+0200
    { 0x0201, 76 }, // U+0201
    { 0x0202, 22 }, // U+0202
    { 0x0203, 34 }, // U+0203
    { 0x0204, 23 }, // U+0204
    { 0x0205, 77 }, // U+0205
    { 0x0206, 23 }, // U+0206
    { 0x0207, 36 }, // U+0207
    { 0x0208, 23 }, // U+0208
    { 0x0209, 78 }, // U+0209
    { 0x020A, 23 }, // U+020A
    { 0x020B, 79 }, // U+020B
    { 0x020C, 21 }, // U+020C
    { 0x020D, 36 }, // U+020D
    { 0x020E, 21 }, // U+020E
    { 0x020F, 36 }, // U+020F
    { 0x0210, 23 }, // U+0210
    { 0x0211, 80 }, // U+0211
    { 0x0212, 23 }, // U+0212
    { 0x0213, 37 }, // U+0213
    { 0x0214, 26 }, // U+0214
    { 0x0215, 44 }, // U+0215
    { 0x0216, 26 }, // U+0216
    { 0x0217, 44 }, // U+0217
    { 0x0218, 3 }, // U+0218
    { 0x0219, 42 }, // U+0219
    { 0x021A, 25 }, // U+021A
    { 0x021B, 43 }, // U+021B
    { 0x0400, 23 }, // U+0400
    { 0x0401, 23 }, // U+0401
    { 0x0402, 25 }, // U+0402
    { 0x0403, 23 }, // U+0403
    { 0x0404, 21 }, // U+0404
    { 0x0405, 3 }, // U+0405
    { 0x0406, 23 }, // U+0406
    { 0x0407, 81 }, // U+0407
    { 0x0408, 24 }, // U+0408
    { 0x0409, 82 }, // U+0409
    { 0x040A, 23 }, // U+040A
    { 0x040B, 25 }, // U+040B
    { 0x040C, 23 }, // U+040C
    { 0x040D, 23 }, // U+040D
    { 0x040E, 83 }, // U+040E
    { 0x040F, 23 }, // U+040F
    { 0x0410, 22 }, // U+0410
    { 0x0411, 23 }, // U+0411
    { 0x0412, 23 }, // U+0412
    { 0x0413, 23 }, // U+0413
    { 0x0414, 84 }, // U+0414
    { 0x0415, 23 }, // U+0415
    { 0x0416, 85 }, // U+0416
    { 0x0417, 13 }, // U+0417
    { 0x0418, 23 }, // U+0418
    { 0x0419, 23 }, // U+0419
    { 0x041A, 23 }, // U+041A
    { 0x041B, 82 }, // U+041B
    { 0x041C, 23 }, // U+041C
    { 0x041D, 23 }, // U+041D
    { 0x041E, 21 }, // U+041E
    { 0x041F, 23 }, // U+041F
    { 0x0420, 23 }, // U+0420
    { 0x0421, 21 }, // U+0421
    { 0x0422, 25 }, // U+0422
    { 0x0423, 86 }, // U+0423
    { 0x0424, 87 }, // U+0424
    { 0x0425, 28 }, // U+0425
    { 0x0426, 23 }, // U+0426
    { 0x0427, 88 }, // U+0427
    { 0x0428, 23 }, // U+0428
    { 0x0429, 23 }, // U+0429
    { 0x042A, 25 }, // U+042A
    { 0x042B, 23 }, // U+042B
    { 0x042C, 23 }, // U+042C
    { 0x042D, 89 }, // U+042D
    { 0x042E, 23 }, // U+042E
    { 0x042F, 90 }, // U+042F
    { 0x0430, 34 }, // U+0430
    { 0x0431, 91 }, // U+0431
    { 0x0432, 37 }, // U+0432
    { 0x0433, 37 }, // U+0433
    { 0x0434, 92 }, // U+0434
    { 0x0435, 36 }, // U+0435
    { 0x0436, 93 }, // U+0436
    { 0x0437, 94 }, // U+0437
    { 0x0438, 37 }, // U+0438
    { 0x0439, 37 }, // U+0439
    { 0x043A, 37 }, // U+043A
    { 0x043B, 95 }, // U+043B
    { 0x043C, 37 }, // U+043C
    { 0x043D, 37 }, // U+043D
    { 0x043E, 36 }, // U+043E
    { 0x043F, 37 }, // U+043F
    { 0x0440, 41 }, // U+0440
    { 0x0441, 36 }, // U+0441
    { 0x0442, 96 }, // U+0442
    { 0x0443, 47 }, // U+0443
    { 0x0444, 36 }, // U+0444
    { 0x0445, 46 }, // U+0445
    { 0x0446, 37 }, // U+0446
    { 0x0447, 97 }, // U+0447
    { 0x0448, 37 }, // U+0448
    { 0x0449, 37 }, // U+0449
    { 0x044A, 96 }, // U+044A
    { 0x044B, 37 }, // U+044B
    { 0x044C, 37 }, // U+044C
    { 0x044D, 98 }, // U+044D
    { 0x044E, 37 }, // U+044E
    { 0x044F, 99 }, // U+044F
    { 0x0450, 36 }, // U+0450
    { 0x0451, 100 }, // U+0451
    { 0x0452, 39 }, // U+0452
    { 0x0453, 37 }, // U+0453
    { 0x0454, 36 }, // U+0454
    { 0x0455, 42 }, // U+0455
    { 0x0456, 37 }, // U+0456
    { 0x0457, 101 }, // U+0457
    { 0x0458, 102 }, // U+0458
    { 0x0459, 95 }, // U+0459
    { 0x045A, 37 }, // U+045A
    { 0x045B, 39 }, // U+045B
    { 0x045C, 37 }, // U+045C
    { 0x045D, 37 }, // U+045D
    { 0x045E, 47 }, // U+045E
    { 0x045F, 37 }, // U+045F
    { 0x0462, 25 }, // U+0462
    { 0x0463, 43 }, // U+0463
    { 0x046A, 103 }, // U+046A
    { 0x046B, 104 }, // U+046B
    { 0x0472, 21 }, // U+0472
    { 0x0473, 36 }, // U+0473
    { 0x0474, 27 }, // U+0474
    { 0x0475, 45 }, // U+0475
    { 0x0476, 27 }, // U+0476
    { 0x0477, 45 }, // U+0477
    { 0x048A, 23 }, // U+048A
    { 0x048B, 37 }, // U+048B
    { 0x048C, 23 }, // U+048C
    { 0x048D, 105 }, // U+048D
    { 0x048E, 23 }, // U+048E
    { 0x048F, 106 }, // U+048F
    { 0x0490, 23 }, // U+0490
    { 0x0491, 37 }, // U+0491
    { 0x0492, 23 }, // U+0492
    { 0x0493, 37 }, // U+0493
    { 0x0494, 23 }, // U+0494
    { 0x0495, 37 }, // U+0495
    { 0x0496, 28 }, // U+0496
    { 0x0497, 46 }, // U+0497
    { 0x0498, 13 }, // U+0498
    { 0x0499, 94 }, // U+0499
    { 0x049A, 23 }, // U+049A
    { 0x049B, 37 }, // U+049B
    { 0x049C, 23 }, // U+049C
    { 0x049D, 37 }, // U+049D
    { 0x049E, 23 }, // U+049E
    { 0x049F, 39 }, // U+049F
    { 0x04A0, 23 }, // U+04A0
    { 0x04A1, 96 }, // U+04A1
    { 0x04A2, 23 }, // U+04A2
    { 0x04A3, 37 }, // U+04A3
    { 0x04A4, 23 }, // U+04A4
    { 0x04A5, 37 }, // U+04A5
    { 0x04A6, 23 }, // U+04A6
    { 0x04A7, 37 }, // U+04A7
    { 0x04A8, 21 }, // U+04A8
    { 0x04A9, 36 }, // U+04A9
    { 0x04AA, 21 }, // U+04AA
    { 0x04AB, 36 }, // U+04AB
    { 0x04AC, 25 }, // U+04AC
    { 0x04AD, 96 }, // U+04AD
    { 0x04AE, 29 }, // U+04AE
    { 0x04AF, 45 }, // U+04AF
    { 0x04B0, 29 }, // U+04B0
    { 0x04B1, 45 }, // U+04B1
    { 0x04B2, 28 }, // U+04B2
    { 0x04B3, 46 }, // U+04B3
    { 0x04B4, 25 }, // U+04B4
    { 0x04B5, 96 }, // U+04B5
    { 0x04B6, 88 }, // U+04B6
    { 0x04B7, 107 }, // U+04B7
    { 0x04B8, 88 }, // U+04B8
    { 0x04B9, 107 }, // U+04B9
    { 0x04BA, 23 }, // U+04BA
    { 0x04BB, 39 }, // U+04BB
    { 0x04BC, 108 }, // U+04BC
    { 0x04BD, 109 }, // U+04BD
    { 0x04BE, 108 }, // U+04BE
    { 0x04BF, 109 }, // U+04BF
    { 0x04C0, 23 }, // U+04C0
    { 0x04C1, 28 }, // U+04C1
    { 0x04C2, 46 }, // U+04C2
    { 0x04C3, 23 }, // U+04C3
    { 0x04C4, 37 }, // U+04C4
    { 0x04C5, 82 }, // U+04C5
    { 0x04C6, 95 }, // U+04C6
    { 0x04C7, 23 }, // U+04C7
    { 0x04C8, 37 }, // U+04C8
    { 0x04C9, 23 }, // U+04C9
    { 0x04CA, 37 }, // U+04CA
    { 0x04CB, 88 }, // U+04CB
    { 0x04CC, 107 }, // U+04CC
    { 0x04CD, 23 }, // U+04CD
    { 0x04CE, 37 }, // U+04CE
    { 0x04CF, 39 }, // U+04CF
    { 0x04D0, 22 }, // U+04D0
    { 0x04D1, 34 }, // U+04D1
    { 0x04D2, 22 }, // U+04D2
    { 0x04D3, 34 }, // U+04D3
    { 0x04D4, 22 }, // U+04D4
    { 0x04D5, 34 }, // U+04D5
    { 0x04D6, 23 }, // U+04D6
    { 0x04D7, 36 }, // U+04D7
    { 0x04D8, 110 }, // U+04D8
    { 0x04D9, 36 }, // U+04D9
    { 0x04DA, 110 }, // U+04DA
    { 0x04DB, 36 }, // U+04DB
    { 0x04DC, 28 }, // U+04DC
    { 0x04DD, 46 }, // U+04DD
    { 0x04DE, 13 }, // U+04DE
    { 0x04DF, 94 }, // U+04DF
    { 0x04E0, 13 }, // U+04E0
    { 0x04E1, 94 }, // U+04E1
    { 0x04E2, 23 }, // U+04E2
    { 0x04E3, 37 }, // U+04E3
    { 0x04E4, 23 }, // U+04E4
    { 0x04E5, 37 }, // U+04E5
    { 0x04E6, 21 }, // U+04E6
    { 0x04E7, 36 }, // U+04E7
    { 0x04E8, 21 }, // U+04E8
    { 0x04E9, 36 }, // U+04E9
    { 0x04EA, 21 }, // U+04EA
    { 0x04EB, 36 }, // U+04EB
    { 0x04EC, 89 }, // U+04EC
    { 0x04ED, 98 }, // U+04ED
    { 0x04EE, 29 }, // U+04EE
    { 0x04EF, 47 }, // U+04EF
    { 0x04F0, 29 }, // U+04F0
    { 0x04F1, 47 }, // U+04F1
    { 0x04F2, 29 }, // U+04F2
    { 0x04F3, 47 }, // U+04F3
    { 0x04F4, 88 }, // U+04F4
    { 0x04F5, 107 }, // U+04F5
    { 0x04F6, 23 }, // U+04F6
    { 0x04F7, 37 }, // U+04F7
    { 0x04F8, 23 }, // U+04F8
    { 0x04F9, 37 }, // U+04F9
    { 0x04FA, 23 }, // U+04FA
    { 0x04FB, 37 }, // U+04FB
    { 0x04FC, 28 }, // U+04FC
    { 0x04FD, 46 }, // U+04FD
    { 0x04FE, 28 }, // U+04FE
    { 0x04FF, 46 }, // U+04FF
    { 0x1EA0, 22 }, // U+1EA0
    { 0x1EA1, 34 }, // U+1EA1
    { 0x1EA2, 22 }, // U+1EA2
    { 0x1EA3, 34 }, // U+1EA3
    { 0x1EA4, 22 }, // U+1EA4
    { 0x1EA5, 34 }, // U+1EA5
    { 0x1EA6, 22 }, // U+1EA6
    { 0x1EA7, 34 }, // U+1EA7
    { 0x1EA8, 22 }, // U+1EA8
    { 0x1EA9, 34 }, // U+1EA9
    { 0x1EAA, 22 }, // U+1EAA
    { 0x1EAB, 34 }, // U+1EAB
    { 0x1EAC, 22 }, // U+1EAC
    { 0x1EAD, 34 }, // U+1EAD
    { 0x1EAE, 22 }, // U+1EAE
    { 0x1EAF, 34 }, // U+1EAF
    { 0x1EB0, 22 }, // U+1EB0
    { 0x1EB1, 34 }, // U+1EB1
    { 0x1EB2, 22 }, // U+1EB2
    { 0x1EB3, 34 }, // U+1EB3
    { 0x1EB4, 22 }, // U+1EB4
    { 0x1EB5, 34 }, // U+1EB5
    { 0x1EB6, 22 }, // U+1EB6
    { 0x1EB7, 34 }, // U+1EB7
    { 0x1EB8, 23 }, // U+1EB8
    { 0x1EB9, 36 }, // U+1EB9
    { 0x1EBA, 23 }, // U+1EBA
    { 0x1EBB, 36 }, // U+1EBB
    { 0x1EBC, 23 }, // U+1EBC
    { 0x1EBD, 36 }, // U+1EBD
    { 0x1EBE, 23 }, // U+1EBE
    { 0x1EBF, 36 }, // U+1EBF
    { 0x1EC0, 23 }, // U+1EC0
    { 0x1EC1, 36 }, // U+1EC1
    { 0x1EC2, 23 }, // U+1EC2
    { 0x1EC3, 36 }, // U+1EC3
    { 0x1EC4, 23 }, // U+1EC4
    { 0x1EC5, 36 }, // U+1EC5
    { 0x1EC6, 23 }, // U+1EC6
    { 0x1EC7, 36 }, // U+1EC7
    { 0x1EC8, 23 }, // U+1EC8
    { 0x1EC9, 111 }, // U+1EC9
    { 0x1ECA, 23 }, // U+1ECA
    { 0x1ECB, 37 }, // U+1ECB
    { 0x1ECC, 21 }, // U+1ECC
    { 0x1ECD, 36 }, // U+1ECD
    { 0x1ECE, 21 }, // U+1ECE
    { 0x1ECF, 36 }, // U+1ECF
    { 0x1ED0, 21 }, // U+1ED0
    { 0x1ED1, 36 }, // U+1ED1
    { 0x1ED2, 21 }, // U+1ED2
    { 0x1ED3, 36 }, // U+1ED3
    { 0x1ED4, 21 }, // U+1ED4
    { 0x1ED5, 36 }, // U+1ED5
    { 0x1ED6, 21 }, // U+1ED6
    { 0x1ED7, 36 }, // U+1ED7
    { 0x1ED8, 21 }, // U+1ED8
    { 0x1ED9, 36 }, // U+1ED9
    { 0x1EDA, 21 }, // U+1EDA
    { 0x1EDB, 36 }, // U+1EDB
    { 0x1EDC, 21 }, // U+1EDC
    { 0x1EDD, 36 }, // U+1EDD
    { 0x1EDE, 21 }, // U+1EDE
    { 0x1EDF, 36 }, // U+1EDF
    { 0x1EE0, 21 }, // U+1EE0
    { 0x1EE1, 112 }, // U+1EE1
    { 0x1EE2, 21 }, // U+1EE2
    { 0x1EE3, 36 }, // U+1EE3
    { 0x1EE4, 26 }, // U+1EE4
    { 0x1EE5, 44 }, // U+1EE5
    { 0x1EE6, 26 }, // U+1EE6
    { 0x1EE7, 44 }, // U+1EE7
    { 0x1EE8, 26 }, // U+1EE8
    { 0x1EE9, 44 }, // U+1EE9
    { 0x1EEA, 26 }, // U+1EEA
    { 0x1EEB, 44 }, // U+1EEB
    { 0x1EEC, 26 }, // U+1EEC
    { 0x1EED, 44 }, // U+1EED
    { 0x1EEE, 26 }, // U+1EEE
    { 0x1EEF, 44 }, // U+1EEF
    { 0x1EF0, 26 }, // U+1EF0
    { 0x1EF1, 44 }, // U+1EF1
    { 0x1EF2, 29 }, // U+1EF2
    { 0x1EF3, 47 }, // U+1EF3
    { 0x1EF4, 29 }, // U+1EF4
    { 0x1EF5, 47 }, // U+1EF5
    { 0x1EF6, 29 }, // U+1EF6
    { 0x1EF7, 47 }, // U+1EF7
    { 0x1EF8, 29 }, // U+1EF8
    { 0x1EF9, 47 }, // U+1EF9
    { 0x2010, 8 }, // U+2010
    { 0x2013, 8 }, // U+2013
    { 0x2014, 8 }, // U+2014
    { 0x2015, 8 }, // U+2015
    { 0x2017, 33 }, // U+2017
    { 0x2018, 2 }, // U+2018
    { 0x2019, 2 }, // U+2019
    { 0x201A, 7 }, // U+201A
    { 0x201B, 2 }, // U+201B
    { 0x201C, 2 }, // U+201C
    { 0x201D, 2 }, // U+201D
    { 0x201E, 7 }, // U+201E
    { 0x2025, 7 }, // U+2025
    { 0x2026, 7 }, // U+2026
    { 0x2039, 52 }, // U+2039
    { 0x203A, 54 }, // U+203A
    { 0x203C, 1 }, // U+203C
    { 0x2044, 113 }, // U+2044
    { 0x20A1, 21 }, // U+20A1
    { 0x20A3, 23 }, // U+20A3
    { 0x20A6, 23 }, // U+20A6
    { 0x20A7, 23 }, // U+20A7
    { 0x20A9, 27 }, // U+20A9
    { 0x20AB, 36 }, // U+20AB
    { 0x20AD, 23 }, // U+20AD
    { 0x20AE, 25 }, // U+20AE
    { 0x20B1, 23 }, // U+20B1
    { 0x20B2, 21 }, // U+20B2
    { 0x20B4, 3 }, // U+20B4
    { 0x20B5, 21 }, // U+20B5
    { 0x20B8, 25 }, // U+20B8
    { 0x20BD, 23 }, // U+20BD
    { 0x2206, 22 }, // U+2206
    { 0x221A, 45 }, // U+221A
    { 0xFB01, 37 }, // U+FB01
    { 0xFB02, 37 }, // U+FB02
};

static const int8_t bitter_16_boldKernMatrix[] = {
       0,    0,    0,    0,    0,    0,    0,    0,    0,    0,    0,    0,    0,    0,    0,    0,    0,    0,    0,    0,    0,   -4,    0,    0,    0,    0,    0,    0,    0,    0,    0,    0,    0,    0,    0,    0,    0,    0,    0,    0,    0,    0,    0,    0,    0,    0,    0,    0,    0,    0,    0,    0,    0,    0,    0,    0,    0,    0,    0,    0,    0,    0,    0,    0,    0,    0,    0,    0,    0,    0,    0,    0,    0,    0,    0,    0,    0,    0,    0,    0,    0,    0,    0,    0,    0,    0,    0,    0,    0,    0,    0,    0,    0,    0,    0,    0,    0,    0,    0,    0,    0,    0,    0,    0,    0,    0,    0,    0,    0,    0,    0,    0,    0,
       0,    0,    0,    0,    0,    0,  -23,    0,    0,    0,    0,    0,    0,    0,    0,    0,    0,    0,    0,    0,   -9,  -52,    4,    0,    8,    0,    4,   -6,    0,    0,    0,    0,    0,  -10,   12,  -12,    0,    0,   12,    0,    0,  -28,    0,    0,    0,    0,    0,    0,    0,    0,    0,    0,    0,    0,    0,    4,    0,    0,    0,    0,  -12,   12,  -12,   12,    0,    0,    4,    0,    0,    0,    0,    0,  -28,    0,    0,  -10,  -12,    0,    0,    0,    4,  -31,    0,  -19,   -6,    0,   -9,    0,    3,   -5,    0,  -15,    0,    0,  -26,    0,    0,    0,  -12,  -12,    0,    0,   -6,    0,    0,    0,    0,    0,    0,   -9,    0,  -12,    0,
       0,    0,    0,    0,    0,    0,  -12,    0,    0,    0,   -3,    0,   -2,    0,    0,    0,   -7,    0,    0,    0,    0,  -15,   -6,    0,  -15,    0,  -22,  -28,  -27,   -8,    0,    0,    0,   -9,    0,   -4,  -12,   -4,    0,   -5,  -12,    0,   -4,   -7,  -14,  -16,  -13,    0,    0,    0,    0,    0,    0,    0,    0,   -6,  -12,  -12,  -14,  -18,   -4,    0,   -4,    0,  -12,  -12,   -6,  -12,   -5,    0,    0,  -12,    0,    0,  -12,   -9,   -4,  -12,  -12,  -12,   -6,    0,  -27,    0,  -28,  -27,    0,    0,    0,    0,    0,    0,  -16,    0,    0,    0,    0,    0,    0,   -4,  -12,   -5,  -28,  -16,    0,  -12,    0,    0,    0,    0,  -12,   -4,    0,
       0,    0,    5,    0,    0,    0,    0,    0,    0,    0,    0,    0,    0,    0,    0,    0,    0,    0,    0,    0,    7,  -17,    0,    0,    0,    0,  -20,  -18,  -22,    0,    0,    0,    0,   -4,   -4,    2,    0,    0,   -4,    0,    0,   -4,    0,   -4,  -11,   -8,   -7,   -4,    0,    0,    0,    0,    0,    0,    0,    0,    0,    0,    0,    0,    2,   -4,    2,   -4,    0,    0,    0,    0,    0,    7,    0,    0,   -4,   -4,    0,   -4,    2,    0,    0,    0,    0,    0,  -22,    0,  -18,  -22,    7,    0,    0,    0,    0,    0,   -8,    0,    0,    0,    0,    0,    0,    2,    0,    0,  -18,   -8,    0,    0,    0,    0,    0,    7,    0,    2,    0,
       0,    0,    0,    0,    0,    0,    0,    0,   21,    0,    0,    0,    0,    0,    0,    0,    0,    0,    0,    0,    0,    0,    0,   39,  -12,    0,    0,    0,    0,    0,   14,    0,   20,    0,    0,   -3,    0,   11,    0,   36,    0,    0,    0,    0,    0,    0,    0,    0,    0,    0,    0,    0,    0,    0,    0,    0,    0,    0,    0,    0,   -3,    0,   -3,    0,    0,    0,    0,    0,   36,    0,    0,    0,    0,    0,    0,    0,   -3,    0,    0,    0,    0,   -4,    0,   12,    0,    0,    0,   -9,   -4,   -3,    0,   12,    0,    0,    0,    0,   -5,    0,    0,   -3,    0,   36,    0,    0,    0,    0,   -5,  -18,    0,    0,    0,   -3,    0,
       0,  -44,    0,    0,    0,    0,    0,    0,    0,  -23,  -11,    2,    0,  -11,    0,  -12,  -30,  -11,    0,    0,  -20,    6,    0,   27,  -39,    0,  -41,   -7,  -41,    0,    0,    0,    0,    0,    0,   -9,    0,    0,    0,    0,    0,    0,    0,    0,  -34,    0,  -38,    0,    0,    0,    0,  -12,    0,    0,    0,    0,    0,    0,    0,    0,   -9,    0,   -9,    0,    0,    0,    0,    0,    0,    0,    0,    0,    0,    0,    0,    0,   -9,    0,    0,    0,    0,    0,  -41,   12,   -7,  -41,  -20,  -60,    0,    0,    0,   11,    0,    0,    0,  -39,  -34,    0,    0,   -9,    0,    0,   -7,    0,    0,    0,  -34,    0,    0,  -20,    0,   -9,    0,
       0,    0,    0,    0,    0,    0,    0,    0,    0,    0,  -25,   -4,  -12,    4,  -17,    0,  -29,   -9,    0,    0,    0,  -12,    0,    0,  -36,    0,  -27,  -44,    0,    0,    0,    0,    0,    0,    0,    0,    0,    0,    0,    0,    0,    0,    0,    0,   -2,  -29,  -14,    0,    0,    0,    0,    0,    0,  -16,    0,    0,    0,    0,    0,    0,    0,    0,    0,    0,    0,    0,    0,    0,    0,    0,    0,    0,    0,    0,    0,    0,    0,    0,    0,    0,    0,  -11,    0,  -14,  -44,    0,    0,  -20,  -18,  -10,    0,  -21,  -29,  -12,  -21,    0,   -7,    0,   -5,    0,    0,    0,  -44,  -29,    0,    0,   -7,    0,    0,    0,    0,    0,    0,
       0,    0,    0,    0,   14,    0,    0,    0,  -23,    0,    0,    0,    0,    0,    0,    0,    0,    0,    0,    0,   -8,  -20,   -8,    9,   -3,    7,    7,  -14,    7,    0,   21,   14,    0,  -20,   14,  -20,  -20,    0,   14,    0,  -20,    0,    0,    0,    0,  -20,  -17,    0,    0,   14,    0,    0,    0,    0,    0,   -8,  -20,  -20,  -20,  -20,  -20,   14,  -20,   14,  -20,  -20,   -8,  -20,    0,    0,    0,  -20,    0,    0,  -20,  -20,  -20,  -20,  -20,  -20,   -8,  -28,    7,  -20,  -14,    7,   -8,    3,   -9,  -13,    0,  -30,  -20,  -20,  -38,  -16,  -20,  -17,  -28,  -20,  -20,    0,  -14,  -20,    0,  -20,  -20,    0,    0,   -8,  -20,  -20,    0,
       0,    0,    0,    0,    0,    0,  -25,    0,    0,    0,   -4,    0,    0,    0,    0,    0,    0,    0,    0,    0,    0,    0,    0,    0,    0,    0,    0,    0,    0,    0,    0,    0,    0,    0,    0,    0,    0,    0,    0,    0,    0,    0,    0,    0,    0,    0,    0,    0,    0,    0,    0,    0,   -5,    0,    0,    0,    0,    0,    0,    0,    0,    0,    0,    0,    0,    0,    0,    0,    0,    0,    0,    0,    0,    0,    0,    0,    0,    0,    0,    0,    0,    0,    0,    0,    0,    0,    0,    0,    0,    0,    0,    0,    0,    0,    0,    0,    0,    0,    0,    0,    0,    0,    0,    0,    0,    0,    0,    0,    0,    0,    0,    0,    0,
       0,    0,    0,    0,    0,    0,    4,    0,    5,    0,    0,    0,    0,    0,    0,    0,   -5,    0,    0,    0,    0,    0,    0,    0,    0,    0,    0,    0,    0,    0,    0,    0,    0,    0,    0,    0,    0,    0,    0,    0,    0,    0,    0,    0,    0,    0,    0,    0,    0,    0,    0,    0,  -22,    0,    0,    0,    0,    0,    0,    0,    0,    0,    0,    0,    0,    0,    0,    0,    0,    0,    0,    0,    0,    0,    0,    0,    0,    0,    0,    0,    0,    0,    0,    0,    0,    0,    0,    0,    0,    0,    0,    0,    0,    0,    0,    0,    0,    0,    0,    0,    0,    0,    0,    0,    0,    0,    0,    0,    0,    0,    0,    0,    0,
       0,    0,    0,    0,    0,    0,    0,    0,    0,    0,    0,    0,    0,    0,    0,    0,   -3,    0,    0,    0,    0,    0,    0,    0,    0,    0,    0,    0,    0,    0,    0,    0,    0,    0,    0,    0,    0,    0,    0,    0,    0,    0,    0,    0,    0,    0,    0,    0,    0,    0,    0,    0,    0,    0,    0,    0,    0,    0,    0,    0,    0,    0,    0,    0,    0,    0,    0,    0,    0,    0,    0,    0,    0,    0,    0,    0,    0,    0,    0,    0,    0,    0,    0,    0,    0,    0,    0,    0,    0,    0,    0,    0,    0,    0,    0,    0,    0,    0,    0,    0,    0,    0,    0,    0,    0,    0,    0,    0,    0,    0,    0,    0,    0,
       0,   -9,    0,    0,    0,    0,  -20,    0,    0,    0,    0,    0,   -9,    0,    0,    0,    0,    0,    0,   -8,   -5,  -18,  -12,    0,  -20,    0,  -28,  -26,  -24,  -14,    0,    0,    0,   -6,   -4,   -3,   -8,   -4,   -4,   -4,   -8,   -4,   -3,   -4,   -9,  -18,  -12,   -8,    0,    0,    0,    0,    0,    0,    0,  -12,   -8,   -8,   -8,   -8,   -3,   -4,   -3,   -4,   -8,   -8,  -12,   -8,   -4,    0,    0,   -8,   -4,   -8,   -8,   -6,   -3,   -8,   -8,   -8,  -12,  -19,  -24,  -14,  -26,  -24,   -5,  -23,  -18,  -19,    0,  -14,  -18,  -12,  -17,   -5,  -14,   -4,  -13,   -3,   -8,   -4,  -26,  -18,    0,   -8,  -14,   -8,   -4,   -5,   -8,   -3,    0,
       0,    0,    0,    0,    0,    0,    0,    5,    0,    0,    0,    0,    0,    5,    0,    0,   -6,    0,   14,    0,    0,    0,    0,    0,    0,    0,    0,    0,    0,    0,    0,    0,    0,    0,    0,    0,    0,    0,    0,    0,    0,    0,    0,    0,    0,    0,    0,    0,    0,    0,    0,    0,  -21,    0,    0,    0,    0,    0,    0,    0,    0,    0,    0,    0,    0,    0,    0,    0,    0,    0,    0,    0,    0,    0,    0,    0,    0,    0,    0,    0,    0,    0,    0,    0,    0,    0,    0,    0,    0,    0,    0,    0,    0,    0,    0,    0,    0,    0,    0,    0,    0,    0,    0,    0,    0,    0,    0,    0,    0,    0,    0,    0,    0,
       0,    0,    0,    0,    0,    0,   -8,    0,    0,    0,   -7,   -7,  -14,    0,    0,    0,  -11,   -5,    0,    0,    0,    0,    0,    0,    0,    0,    0,    0,    0,    0,    0,    0,    0,    0,    0,    0,    0,    0,    0,    0,    0,    0,    0,    0,    0,    0,    0,    0,    0,    0,    0,    0,   -5,    0,    0,    0,    0,    0,    0,    0,    0,    0,    0,    0,    0,    0,    0,    0,    0,    0,    0,    0,    0,    0,    0,    0,    0,    0,    0,    0,    0,    0,    0,    0,    0,    0,    0,    0,    0,    0,    0,    0,    0,    0,    0,    0,    0,    0,    0,    0,    0,    0,    0,    0,    0,    0,    0,    0,    0,    0,    0,    0,    0,
       0,    0,    0,    0,    0,    0,    0,    0,    0,    0,   -7,   -5,   -4,    4,   -9,    0,   -8,    0,    0,    0,    0,    0,    0,    0,    0,    0,    0,    0,    0,    0,    0,    0,    0,    0,    0,    0,    0,    0,    0,    0,    0,    0,    0,    0,    0,    0,    0,    0,    0,    0,    0,    0,  -17,    0,    0,    0,    0,    0,    0,    0,    0,    0,    0,    0,    0,    0,    0,    0,    0,    0,    0,    0,    0,    0,    0,    0,    0,    0,    0,    0,    0,    0,    0,    0,    0,    0,    0,    0,    0,    0,    0,    0,    0,    0,    0,    0,    0,    0,    0,    0,    0,    0,    0,    0,    0,    0,    0,    0,    0,    0,    0,    0,    0,
       0,    0,    0,   -7,    0,    0,  -52,  -24,    0,   -9,    7,   -2,   -8,   -7,   -7,   -6,    4,   -4,    0,    0,    0,    0,    0,    0,    0,    0,    0,    0,    0,    0,    0,    0,    0,    0,    0,    0,    0,    0,    0,    0,    0,    0,    0,    0,    0,    0,    0,    0,    0,    0,    0,    0,   17,    0,    0,    0,    0,    0,    0,    0,    0,    0,    0,    0,    0,    0,    0,    0,    0,    0,    0,    0,    0,    0,    0,    0,    0,    0,    0,    0,    0,    0,    0,    0,    0,    0,    0,    0,    0,    0,    0,    0,    0,    0,    0,    0,    0,    0,    0,    0,    0,    0,    0,    0,    0,    0,    0,    0,    0,    0,    0,    0,    0,
       0,    0,    0,    0,    0,    0,  -28,    0,    0,    0,    0,    0,  -11,    0,    0,    0,   -8,    0,    0,    0,    0,    0,    0,    0,    0,    0,    0,    0,    0,    0,    0,    0,    0,    0,    0,    0,    0,    0,    0,    0,    0,    0,    0,    0,    0,    0,    0,    0,    0,    0,    0,    0,   -4,    0,    0,    0,    0,    0,    0,    0,    0,    0,    0,    0,    0,    0,    0,    0,    0,    0,    0,    0,    0,    0,    0,    0,    0,    0,    0,    0,    0,    0,    0,    0,    0,    0,    0,    0,    0,    0,    0,    0,    0,    0,    0,    0,    0,    0,    0,    0,    0,    0,    0,    0,    0,    0,    0,    0,    0,    0,    0,    0,    0,
       0,    0,    0,    0,    0,    0,    0,    0,    0,    0,    0,    0,    0,    0,    0,    0,    0,    0,    0,    0,    0,    0,    0,    7,   -7,    0,  -16,    0,  -16,    0,    0,    0,    0,    0,    0,    0,    0,    0,    0,    0,    0,    0,    0,    0,   -4,    0,    0,    0,    0,    0,    0,    0,    0,    0,    0,    0,    0,    0,    0,    0,    0,    0,    0,    0,    0,    0,    0,    0,    0,    0,    0,    0,    0,    0,    0,    0,    0,    0,    0,    0,    0,    0,  -16,    0,    0,  -16,    0,    0,    0,    0,    0,    0,    0,    0,    0,    0,    0,    0,    0,    0,    0,    0,    0,    0,    0,    0,    0,    0,    0,    0,    0,    0,    0,
       0,    0,    0,    0,    0,    0,    0,    0,    0,    0,    0,    0,    0,    0,    0,    0,    0,    0,    0,    0,    0,    0,    4,    0,    7,    0,    0,    0,    0,    0,    0,    0,    0,    0,    0,    0,    0,    0,    0,    0,    0,    0,    0,    0,    0,    0,    0,    0,    0,    0,    0,    0,    0,    0,  -18,    4,    0,    0,    0,    0,    0,    0,    0,    0,    0,    0,    4,    0,    0,    0,    0,    0,    0,    0,    0,    0,    0,    0,    0,    0,    4,   -7,    0,    0,    0,    0,    0,    0,    0,    0,    0,    0,    0,    0,    0,    0,    7,    0,    0,    0,    0,    0,    0,    0,    0,    0,    7,    0,    0,    0,    0,    0,    0,
       0,   -9,   -3,    0,    0,    0,  -20,    0,    2,    0,    0,    0,  -22,    0,    0,    0,    0,    0,    0,   -5,    0,  -12,    0,    0,  -12,    0,  -22,  -23,  -16,  -13,    0,    0,    0,  -10,   -2,   -2,   -7,   -4,   -2,    3,   -7,   -2,   -2,   -3,   -4,   -9,   -4,    0,    0,    0,    0,    0,    0,    0,    0,    0,   -7,   -7,   -7,   -7,   -2,   -2,   -2,   -2,   -7,   -7,    0,   -7,    3,    0,    0,   -7,   -2,    0,   -7,  -10,   -2,   -7,   -7,   -7,    0,  -16,  -16,  -11,  -23,  -16,    0,  -20,    0,  -10,    0,   -9,   -9,    0,  -13,    0,    0,    0,    0,   -2,   -7,    3,  -23,   -9,    0,   -7,    0,    0,    0,    0,   -7,   -2,    0,
      -4,  -52,  -11,    0,    0,    0,    6,  -12,    5,    0,    0,    0,    0,    0,    0,    0,    0,    0,    0,  -24,  -12,    4,  -11,   -7,  -42,  -26,  -45,   -4,  -37,   -4,    0,   11,    0,   -6,   -1,   -8,   -5,  -10,   -1,   -5,   -5,   -4,  -12,  -13,  -20,    5,  -22,   -9,    0,    5,   -4,    0,    0,    0,    0,  -11,   -5,   -5,   -5,   -5,   -8,   -1,   -8,   -1,   -5,   -5,  -21,   -5,   -5,    0,    0,   -5,   -4,   -9,   -5,   -6,   -8,   -5,   -5,   -5,  -11,    4,  -37,    5,   -4,  -76,  -12,  -57,   -6,   -1,  -12,    0,    5,   -4,    5,  -18,  -36,   -5,    0,   -8,   -5,   -5,   -4,    5,    0,   -5,  -36,  -34,  -27,  -12,   -5,   -8,    0,
       0,    4,    0,   -3,    0,    0,   -5,  -19,    0,    0,   -3,   -3,   -4,    0,   -4,    0,   -4,   -9,    0,    0,  -12,  -10,    0,   -6,  -10,    0,   -9,  -14,  -10,    0,    0,    0,    0,  -10,  -11,  -12,  -11,  -13,  -11,   -9,  -11,   -7,   -6,  -11,   -7,  -10,   -9,  -10,    0,    0,    0,    0,    0,    0,    0,    0,  -11,  -11,   -9,  -11,  -12,  -11,  -12,  -11,   -5,  -11,    0,  -11,   -9,    0,    0,  -11,   -7,  -10,  -11,  -10,  -12,  -11,  -16,  -11,    0,  -11,  -10,   -6,  -14,  -10,  -12,   -7,    0,  -18,    0,    0,  -10,    0,    0,  -14,    0,    0,    0,  -12,  -11,   -9,  -14,  -10,    0,  -11,    0,    0,  -17,  -12,  -11,  -12,    0,
       0,    0,    0,    0,    0,    0,    0,   -7,   -2,    0,    0,    0,    0,    0,    0,    0,    0,    0,    0,    0,  -12,   -4,    0,    0,  -20,    0,  -14,  -19,   -8,    0,    0,    0,    0,   -9,    0,   -9,   -5,   -9,    0,   -9,   -5,   -9,   -8,   -8,  -15,  -12,  -12,   -7,    0,    0,    0,    0,    0,    0,    0,    0,   -5,   -5,    0,   -5,   -9,    0,   -9,    0,    0,   -5,    0,   -5,   -9,    0,    0,   -5,   -9,   -7,   -5,   -9,   -9,   -5,   -5,   -5,    0,  -16,   -8,    0,  -19,   -8,  -12,  -20,  -12,   -5,    0,    0,  -12,    0,    0,   -4,    0,    0,    0,   -9,   -5,   -9,  -19,  -12,    0,   -5,    0,    0,  -20,  -12,   -5,   -9,    0,
       0,    0,   -3,    0,    0,    0,  -60,    0,  -18,    0,    0,    0,    0,    0,    0,    0,    0,    0,  -20,    0,  -11,  -36,  -11,   -2,    0,    0,   -5,  -12,   -5,  -12,    0,    0,    0,  -15,    0,  -22,   -6,  -17,    0,   -3,   -6,  -17,   -4,   -4,    0,  -10,   -1,  -10,    0,    0,    0,    0,    0,    0,    0,  -11,   -6,   -6,   -7,    2,  -22,    0,  -22,    0,    8,   -6,  -11,   -6,   -3,    0,    0,   -6,  -17,  -10,   -6,  -15,  -22,   -4,   -2,   -6,  -11,  -44,   -5,    0,  -12,   -5,  -11,    0,    0,    0,    0,    0,  -10,    0,  -40,    0,    0,    0,    0,  -22,   -6,   -3,  -12,  -10,    0,   -6,    0,  -11,  -17,  -11,   -6,  -22,    0,
       0,    0,    0,    0,    0,    0,    0,    0,    0,    0,    0,    0,    0,    0,    0,    0,    0,    0,    0,    0,    0,   -3,    0,    0,    0,    0,  -20,  -18,  -22,    0,    0,    0,    0,   -4,   -4,    2,    0,    0,   -4,    0,    0,   -4,    0,   -4,  -11,   -8,   -7,   -4,    0,    0,    0,    0,    0,    0,    0,    0,    0,    0,    0,    0,    2,   -4,    2,   -4,    0,    0,    0,    0,    0,    7,    0,    0,   -4,   -4,    0,   -4,    2,    0,    0,    0,    0,    0,  -22,    0,  -18,  -22,    0,    0,    0,    0,    0,    0,   -8,    0,    0,    0,    0,    0,    0,    2,    0,    0,  -18,   -8,    0,    0,    0,    0,    0,    0,    0,    2,    0,
       0,    4,   -9,    0,    0,    0,    0,    0,    5,    0,    0,    0,    0,    0,    0,    0,    0,    0,    0,    0,    0,  -11,    0,    0,  -10,   -4,   -8,  -13,   -6,   -7,    0,    0,    0,   -7,    0,   -4,    0,   -7,    0,   -4,    0,   -7,    0,    0,  -10,  -13,  -12,    0,    0,    0,    0,    0,    0,    0,    0,    0,    0,    0,   11,   12,   -4,    0,   -4,    0,   11,    0,    0,    0,   -4,    0,    0,    0,   -7,    0,    0,   -7,   -4,    2,    5,    0,    0,    0,   -6,   -4,  -13,  -14,    0,  -10,   -9,   -8,    0,    0,  -13,    0,    0,   -3,    0,    0,    0,   -4,    0,   -4,  -13,  -13,    0,    0,    0,  -17,    0,    0,    0,   -4,    0,
       0,    0,    0,    0,    0,    0,    0,    0,    0,    0,    0,    0,    0,    0,    0,    0,    0,    0,    0,    0,    0,  -26,   -4,    0,   -2,    0,   -2,  -15,    0,  -11,    0,    0,    0,  -10,    4,   -6,    0,  -10,    4,   -2,    0,  -10,   -5,   -6,  -12,  -17,  -12,  -10,    0,    0,    0,    0,    0,    0,    0,   -4,    0,    0,   14,   12,   -6,    4,   -6,    4,   14,    0,   -4,    0,    7,    0,    0,    0,  -10,  -10,    0,  -10,   -6,    5,    4,    0,   -4,  -20,    0,    0,  -15,    0,    0,    0,    0,    0,    0,    0,  -17,    0,  -17,    0,    0,    0,    0,   -6,    0,   -2,  -15,  -17,    0,    0,    0,   -6,    0,    0,    0,   -6,    0,
      -5,   -6,   -8,    0,    0,    0,   -8,  -44,    1,    0,    0,    0,    0,    0,    0,    0,    0,    0,    0,   -7,  -23,   -4,  -13,   -5,  -15,  -18,  -10,   -5,  -11,  -12,    0,    0,    0,  -14,    0,  -17,   -4,  -15,    0,   -9,   -4,  -15,  -14,  -15,  -18,    0,  -24,   -2,    0,    0,    0,    0,    0,    0,    0,  -13,   -4,   -4,   -2,   -2,  -17,    0,  -17,    0,   -2,   -4,  -13,   -4,   -9,    0,    0,   -4,  -15,   -2,   -4,  -14,  -17,   -7,   -4,   -4,  -13,    2,  -26,    4,   -5,  -28,  -23,  -12,  -13,   -6,    0,    1,    2,   -7,    0,  -26,  -28,    0,    0,  -17,   -4,   -9,   -5,    0,    0,   -4,  -28,  -31,  -41,  -23,   -4,  -17,    0,
       0,    0,  -18,    0,    0,    0,    0,    0,    0,    0,    0,    0,    0,    0,    0,    0,    0,    0,    0,    0,  -14,   -3,    0,   -4,  -36,  -20,  -42,   -5,  -47,   -4,    0,    0,    0,   -4,    0,   -4,   -4,   -4,    0,    0,   -4,   -4,  -12,   -8,  -21,   -4,  -25,    0,    0,    0,    0,    0,    0,    0,    0,    0,   -4,   -4,   -4,   -4,   -4,    0,   -4,    0,   -4,   -4,    0,   -4,    0,    0,    0,   -4,   -4,    0,   -4,   -4,   -4,   -4,   -4,   -4,    0,    0,  -47,    0,   -5,  -47,  -14,    0,    0,    0,    0,    0,   -4,    0,    0,    0,    0,    0,    0,   -4,   -4,    0,   -5,   -4,    0,   -4,    0,    0,    0,  -14,   -4,   -4,    0,
       0,    4,   -4,    0,    0,    0,  -78,  -14,  -16,    0,    0,    0,    0,    0,    0,    0,    0,    0,    0,   -7,   -3,  -29,  -11,   -4,   -4,   -7,  -14,  -19,  -12,  -10,    0,   -5,    0,  -11,   -4,   -4,   -3,   -6,   -4,   -4,   -3,   -4,   -4,   -4,    1,   -5,    0,   -8,    0,   -5,    0,    0,    0,    0,    0,  -11,   -3,   -3,   -3,   -3,   -4,   -4,   -4,   -4,   -3,   -3,  -11,   -3,   -4,    0,    0,   -3,   -4,   -8,   -3,  -11,   -4,   -3,   -3,   -3,  -11,  -34,  -12,  -22,  -19,  -12,   -3,  -16,  -14,  -11,    0,    0,   -5,    0,  -28,    0,    5,    0,    0,   -4,   -3,   -4,  -19,   -5,    0,   -3,    5,    0,    0,   -3,   -3,   -4,    0,
       0,   -9,   -3,    0,   39,    0,  -37,    0,   44,    0,    0,    0,  -22,    0,    0,    0,    0,    0,   39,   -5,    0,  -12,    0,   78,  -12,    0,  -22,  -23,  -16,  -13,    0,   37,   50,  -10,   -3,   -3,    0,   25,   -3,   66,    0,   -2,   -2,   -3,   -4,   -9,   34,    0,   18,   37,    0,    0,    0,    0,    0,    0,    0,    0,    0,    0,   14,   39,   -3,   -3,    0,    0,    0,    0,   66,    0,    0,    0,   -2,    0,    0,  -10,   -3,    0,    0,    0,    0,  -16,  -16,  -11,  -23,  -16,    0,  -20,    0,  -10,    0,   -9,   -9,    0,  -13,    0,    0,    0,    0,   -3,    0,   66,  -23,   -9,    0,    0,    0,    0,    0,    0,    0,   -3,    0,
       0,    0,    0,    0,    0,    0,    0,    0,    0,    0,    0,    0,    0,    0,    0,    0,    0,    0,    0,    0,  -10,   -4,    0,    0,  -12,   -8,  -25,   -9,  -27,   -4,    0,    0,    0,   -4,    0,  -10,   -4,   -4,    0,   -2,   -4,    0,   -7,   -7,  -12,   -4,  -11,    0,    0,    0,    0,    0,    0,    0,    0,    0,   -4,   -4,   -4,   -4,  -10,    0,  -10,    0,   -4,   -4,    0,   -4,   -2,    0,    0,   -4,    0,    0,   -4,   -4,  -10,   -4,   -4,   -4,    0,    0,  -27,    0,   -9,  -27,  -10,    0,    0,    0,    0,    0,   -4,    0,    0,    0,    0,    0,    0,  -10,   -4,   -2,   -9,   -4,    0,   -4,    0,    0,    0,  -10,   -4,  -10,    0,
       0,    8,  -12,    0,    0,    0,  -43,  -36,  -16,    0,    0,    0,    0,    0,    0,    0,    0,    0,  -16,   -4,  -12,  -42,  -10,   -4,   -4,   -3,   -4,  -14,   -5,  -14,    0,    0,    0,  -20,   -4,  -21,   -6,  -25,   -4,   -4,   -6,  -22,   -4,   -5,   -2,  -12,    1,  -15,    0,    0,    0,    0,    0,    0,    0,  -10,   -6,   -6,   -1,    0,  -21,   -4,  -21,   -4,    6,   -6,  -10,   -6,    2,    0,    0,   -6,  -22,  -15,   -6,  -20,  -21,   -7,   -9,   -6,  -10,  -40,   -5,  -27,  -14,   -5,  -12,   -4,  -15,  -23,    0,    0,  -12,    0,  -33,    0,    0,    0,    0,  -21,   -6,   -4,  -66,  -12,    0,   -6,    0,   -7,  -25,  -12,   -6,  -21,    0,
      -9,    4,  -23,  -14,    0,    0,  -57,  -27,  -24,    0,    0,    0,  -13,    0,    0,    0,    0,    0,  -18,    0,  -37,  -45,   -8,   -4,   -4,   -2,    4,   -8,    4,  -17,    0,   -4,    0,  -37,    1,  -36,  -19,  -34,    1,  -17,  -19,  -34,  -15,  -22,  -15,  -33,  -28,  -38,    0,   -4,    0,    0,    0,    0,    0,   -8,  -19,  -30,  -15,    2,  -36,    1,  -36,    1,    3,  -21,   -8,  -19,   -9,    0,    0,  -19,  -34,  -38,  -28,  -37,  -36,   -4,  -12,  -19,   -8,  -48,    4,  -36,  -25,    4,  -37,    1,  -17,  -31,  -17,  -46,  -33,  -18,  -53,  -22,  -46,  -30,  -45,  -36,   -1,  -17,   -8,  -33,    0,  -19,  -21,  -22,  -35,  -37,  -19,  -36,    0,
      -9,    4,  -23,  -14,    0,    0,  -57,  -27,  -24,    0,    0,    0,  -13,    0,    0,    0,    0,    0,  -18,    0,  -19,  -45,   -8,   -4,   -4,   -2,    4,   -8,    4,  -17,    0,   -4,    0,  -37,    1,  -36,  -19,  -34,    1,  -17,  -19,  -34,  -15,  -22,  -15,  -33,  -28,  -38,    0,   -4,    0,    0,    0,    0,    0,   -8,  -19,  -30,  -15,    2,  -36,    1,  -36,    1,    3,  -21,   -8,  -19,   -9,    0,    0,  -19,  -34,  -38,  -28,  -37,  -36,   -4,  -12,  -19,   -8,  -48,    4,  -36,  -25,    4,  -19,    1,  -17,  -31,  -17,  -46,  -33,  -18,  -53,  -22,  -46,  -30,  -45,  -36,   -1,  -17,   -8,  -33,    0,  -19,  -21,  -22,  -35,  -37,  -19,  -36,    0,
       0,    0,  -18,    0,    0,    0,  -59,    0,    0,    0,    0,    0,  -13,    0,   -7,    0,   -4,    0,  -21,    0,  -18,  -37,   -6,   -3,   -1,   -2,    4,   -9,    4,   -8,    0,   -4,    0,  -37,    9,  -32,  -21,  -29,    4,  -11,  -21,  -28,  -12,  -20,  -24,  -30,  -20,  -23,    0,   -4,    0,    0,    0,    0,    0,   -6,  -21,  -30,  -16,    4,  -32,    4,  -32,    4,   -2,  -23,   -6,  -20,  -11,    0,    0,  -21,  -28,  -23,  -28,  -37,  -32,  -11,  -14,  -21,   -6,  -46,    4,    0,   -9,    4,  -18,    4,    0,    0,    0,    0,  -30,    0,  -42,  -18,    0,    0,    0,  -32,    0,  -11,  -73,  -30,    0,  -21,    0,  -24,  -24,  -18,  -21,  -32,    0,
       0,    0,  -11,    0,    0,    0,    0,    0,    0,    0,    0,    0,    0,    0,    0,    0,    0,    0,    0,    0,  -12,   -9,   -6,    0,  -10,   -8,  -12,  -13,  -12,    0,    0,    0,    0,    0,    0,   -3,   -3,   -4,    0,    0,   -3,   -4,  -10,  -10,  -12,   -5,  -15,    0,    0,    0,    0,    0,    0,    0,    0,   -6,   -3,   -3,    0,    0,   -3,    0,   -3,    0,    2,   -3,   -6,   -3,    0,    0,    0,   -3,   -4,    0,   -3,    0,   -3,   -3,   -3,   -3,   -6,    0,  -12,    0,  -13,  -12,  -12,    0,    0,    0,    0,    0,   -5,    0,    0,    0,    0,    0,    0,   -3,   -3,    0,  -13,   -5,    0,   -3,    0,    0,    0,  -12,   -3,   -3,    0,
       0,    0,    0,    0,    0,    0,    0,    0,   36,    0,    0,    0,    0,    0,    0,    0,    0,    0,    0,    0,    0,   14,    0,   32,  -26,    0,   -4,    0,   -4,    0,   27,    0,   34,    0,   16,    0,    0,   14,   16,   52,    0,    0,    0,    0,    0,    0,    0,    0,    0,    0,    0,    0,    0,    0,    0,    0,    0,    0,    0,    0,    0,   16,    0,   16,    0,    0,    0,    0,   52,    0,    0,    0,    0,    0,    0,    0,    0,    0,    0,    0,    0,   11,   -4,   25,    0,   -4,    0,    4,    0,    1,    0,   21,    0,    0,    0,  -16,  -11,   -4,   -4,    0,    0,   52,    0,    0,    0,    0,  -11,  -30,    0,    0,    0,    0,    0,
       0,    0,    0,    0,   14,    0,    0,    0,   21,    0,    0,    0,    0,    0,    0,    0,    0,    0,    0,    0,    0,    0,    0,   36,    0,    0,    0,    0,    0,    0,    0,   14,   14,    0,    0,    0,    0,    0,    0,    0,    0,    0,    0,    0,    0,    0,    0,    0,    0,    0,    0,    0,    0,    0,    0,    0,    0,    0,    0,    0,    0,    0,    0,    0,    0,    0,    0,    0,    0,    0,    0,    0,    0,    0,    0,    0,    0,    0,    0,    0,    0,    0,    0,   14,    0,    0,    0,    0,    0,    0,    0,    0,    0,    0,    0,    0,    0,    0,    0,    0,    0,    0,    0,    0,    0,    0,    0,    0,    0,    0,    0,    0,    0,
       0,    0,    0,    0,   14,    0,    0,    0,   21,    0,    0,    0,    0,    0,    0,    0,    0,    0,    0,    0,    0,    0,    0,   34,    0,    0,    0,    0,    0,    0,    0,   12,    0,    0,    0,    0,    7,   14,    0,   30,    7,    0,    0,    0,    0,    0,    0,    0,    0,   12,    0,    0,    0,    0,    0,    0,    7,    7,    7,    7,    0,    0,    0,    0,    7,    7,    0,    7,   30,    0,    0,    7,    0,    0,    7,    0,    0,    7,    7,    7,    0,    0,    0,   14,    0,    0,    0,    0,    0,    0,    0,    0,    0,    0,    0,    0,    0,    0,    0,    0,    7,   30,    0,    0,    0,    7,    0,    0,    0,    0,    7,    0,    0,
      -3,  -28,    0,    0,    0,    0,    7,    0,   11,    0,    0,    0,    0,    0,    0,    0,    0,    0,    0,   -8,    0,    0,    0,    0,    0,    0,    0,    0,    0,    0,    0,    0,    0,    0,    0,    0,    0,    0,    0,    0,    0,    0,    0,    0,  -13,    0,  -16,    0,    0,    0,    0,    0,    0,    0,    0,    0,    0,    0,    0,    0,    0,    0,    0,    0,    0,    0,    0,    0,    0,    0,  -20,    0,    0,    0,    0,    0,    0,    0,    0,    0,    0,    0,    0,    0,    0,    0,    0,    0,    0,    0,    0,    5,    0,   -4,   10,  -19,  -19,    3,    0,    0,    0,    0,    0,    0,    0,    0,  -19,    0,    0,    0,    0,    0,    0,
       0,  -24,    0,    0,    0,    0,  -10,    0,    6,    0,    0,    0,    0,    0,    0,    0,    0,    0,    0,   -4,   -2,    0,    0,    0,    0,    0,    0,    0,    0,    0,    0,    0,    0,    0,    0,    0,    0,    0,    0,   -1,    0,    0,    0,    0,   -7,  -16,   -8,    0,    0,    0,    0,    0,    0,    0,    0,    0,    0,    0,    0,    0,    0,    0,    0,    0,    0,    0,    0,    0,   -1,    0,    0,    0,    0,    0,    0,    0,    0,    0,    0,    0,    0,    0,    0,    0,    0,    0,   -2,    0,    0,    0,    0,   -7,  -16,    0,  -11,   -5,  -15,  -11,   -7,    0,    0,   -1,    0,  -16,    0,    0,  -15,    0,    4,   -2,    0,    0,    0,
       0,    3,    0,    0,    0,    0,    0,  -12,    0,    0,    0,    0,    0,    0,    0,    0,    0,    0,    0,   -7,    0,    0,    0,    0,    0,    0,    0,    0,    0,    0,    0,    0,    0,   -9,   -4,   -9,   -6,   -9,   -4,   -4,   -6,    0,   -6,   -7,   -9,   -4,   -4,    0,    0,    0,    0,    0,    0,    0,    0,    0,   -6,   -6,   -6,   -6,   -9,   -4,   -9,   -4,   -6,   -6,    0,   -6,   -4,    0,    0,   -6,    0,    0,   -6,   -9,   -9,   -6,   -6,   -6,    0,    0,    0,    0,    0,    0,    0,    0,    0,    0,    0,    0,   -4,    0,    0,   -3,   -9,    0,   -5,   -9,   -6,   -4,    0,   -4,    0,   -6,   -9,    0,    0,    0,   -6,   -9,    0,
       0,  -12,    0,    0,    0,    0,    0,   -4,   14,    0,    0,    0,    0,    0,    0,    0,    0,    0,    0,    0,   -4,    0,    0,    0,    0,    0,    0,    0,    0,    0,    0,   14,    0,   -4,    0,    0,    0,    0,    0,    4,    0,    0,    0,    0,   -9,   -5,   -8,    0,    0,    7,    0,    0,    0,    0,    0,    0,    0,    0,    0,    9,    0,    0,    0,    0,    0,    0,    0,    0,    4,    0,    0,    0,    0,    0,    0,   -4,    0,    4,    0,    0,    0,    0,    0,    0,    0,    0,   -4,    0,    0,    0,    0,    0,   -5,    0,    0,    0,  -14,    0,    0,    0,    0,    4,    0,   -5,    0,    0,  -14,    0,    0,   -4,    0,    0,    0,
       0,    0,    0,    0,    0,    0,    0,    0,    0,    0,    0,    0,    0,    0,    0,    0,    0,    0,    0,    0,    0,    0,    0,    0,    0,    0,    0,    0,    0,    0,    0,    0,    0,    0,    0,    0,    0,    0,    0,   -4,    0,    0,    0,    0,   -7,  -14,  -10,    0,    0,    0,    0,    0,    0,    0,    0,    0,    0,    0,    0,    0,    0,    0,    0,    0,    0,    0,    0,    0,   -4,    0,    0,    0,    0,    0,    0,    0,    0,    0,    0,    0,    0,    0,    0,    0,    0,    0,    0,    0,    0,    0,    0,   -8,  -14,   -9,  -10,   -2,  -12,   -9,   -7,    0,    0,   -4,    0,  -14,    0,    0,  -12,    0,    0,    0,    0,    0,    0,
      30,   23,    0,    0,   62,   37,  -16,  -12,    0,    0,    0,    0,    0,    0,    0,    0,    0,    0,    0,   20,    0,    0,    0,    0,    0,    0,    0,    0,    0,    0,   39,   87,    0,   -4,   29,   -5,    4,   -2,   29,   10,    4,    0,    5,    4,    5,   -7,    4,    0,    0,   50,    0,    0,    0,    0,    0,    0,   14,   14,   20,   29,   -5,   29,   -5,   29,   23,   14,    0,   22,   28,   17,   37,   13,    4,    0,   20,   -2,   -4,   43,   18,   14,    0,    0,    0,    0,    0,    0,    0,    0,    0,    0,    0,    0,   -7,    0,    0,    0,    0,    0,    0,   -5,    4,   10,    0,   -7,    0,    4,    0,    0,    0,    0,    4,    0,    0,
       0,    0,    0,    0,    0,    0,    0,    0,   14,    0,    0,    0,    0,    0,    0,    0,    0,    0,    0,    0,    0,    0,    0,    0,    0,    0,    0,    0,    0,    0,    0,   14,   14,   -7,   -4,   -9,   -4,    7,   -4,   28,   -4,   -5,   -2,    0,   -2,   -9,   -3,    0,    0,    5,    0,    0,    0,    0,    0,    0,   -4,   -4,   -4,   -4,   -9,   -4,   -9,   -4,   -4,   -4,    0,   -4,   28,    0,    0,   -4,   -5,    0,   -4,   -7,   -9,   -4,   -4,   -4,    0,    0,    0,    0,    0,    0,    0,    0,    0,    0,    0,    0,   -9,    0,    0,    0,    0,    0,    0,   -9,   -4,   28,    0,   -9,    0,   -4,    0,    0,    0,    0,   -4,   -9,    0,
       0,    0,    0,    0,    0,    0,    0,    0,    7,    0,    0,    0,    0,    0,    0,    0,    0,    0,    0,    0,    0,    0,    0,    0,    0,    0,    0,    0,    0,    0,    0,    0,    0,    0,    0,    0,    0,    0,    0,   14,    0,    0,    0,    0,  -10,  -12,   -7,   -7,    0,    0,    0,    0,    0,    0,    0,    0,    0,    0,    0,    4,    0,    0,    0,    0,    0,    0,    0,    0,   14,    0,    0,    0,    0,   -7,    0,    0,    0,    0,    0,    0,    0,    0,    0,    0,    0,    0,    0,    0,    0,    0,    0,  -10,  -12,  -12,  -16,  -14,  -10,   -6,    0,    0,    0,   14,    0,  -12,    0,    0,  -10,    0,    0,    0,    0,    0,    0,
      -4,    0,    0,    0,    0,    0,    0,  -29,    9,    0,    0,    0,    0,    0,    0,    0,    0,    0,    0,  -10,   -9,    0,    0,    0,    0,    0,    0,    0,    0,    0,    0,    0,    0,  -12,   -4,  -16,   -7,  -13,   -4,   -8,   -7,  -11,   -4,   -6,   -4,   -2,   -2,   -8,    0,    0,    0,    0,    0,    0,    0,    0,   -7,   -7,   -7,   -7,  -16,   -4,  -16,   -4,   -7,   -7,    0,   -7,   -8,    0,    5,   -7,  -11,   -8,   -7,  -12,  -16,   -7,   -7,   -7,    0,    0,    0,    0,    0,    0,   -9,    0,    0,    0,    0,    4,   -2,  -12,    4,   -6,   -4,   -5,   -2,  -16,   -7,   -8,    0,   -2,    0,   -7,   -4,    0,    0,   -9,   -7,  -16,    0,
       0,    0,    0,    0,    0,    0,    0,    0,    0,    0,    0,    0,    0,    0,    0,    0,    0,    0,    5,    0,    0,    0,    0,    0,    0,    0,    0,    0,    0,    0,    0,    0,   21,    0,    0,    0,    4,   11,    0,   52,   12,    0,    0,    0,  -11,  -12,    2,    0,    0,    0,    0,    0,    0,    0,    0,    0,    4,    4,    4,    4,    0,   14,    0,    0,    4,    4,    0,    4,   52,    0,    0,    4,    0,    0,    4,    0,    0,    4,    4,    4,    0,    0,    0,    0,    0,    0,    0,    0,    0,    0,    0,    7,  -12,   14,    0,    0,    0,    0,    0,    0,    4,   52,    0,  -12,    0,    4,    0,    0,    0,    0,    4,    0,    0,
      -2,    0,    0,    0,   -2,    0,  -39,    0,  -12,    0,    0,    0,    0,    0,    0,    0,    0,    0,    0,   -2,    0,    0,    0,    0,    0,    0,    0,    0,    0,    0,    0,   -9,    0,  -15,   -9,   -9,   -4,   -8,   -9,    2,   -4,   -6,    0,    0,    7,   -4,    9,    0,    0,   -9,    0,    0,    0,    0,    0,    0,   -4,   -4,   -4,   -4,   -9,   -9,   -9,   -9,   -4,   -4,    0,   -4,    2,    0,    0,   -4,   -6,    0,   -4,  -15,   -9,   -4,   -4,   -4,    0,    0,    0,    0,    0,    0,    0,    0,    0,    0,   -4,  -39,   -4,   -7,  -33,    0,    4,   -8,  -18,   -9,   -4,    2,    0,   -4,    0,   -4,    4,    0,   -2,    0,   -4,   -9,    0,
       0,  -22,    0,    0,    0,    0,   -5,    0,    0,    0,    0,    0,    0,    0,    0,    0,    0,    0,    0,    0,    0,    0,    0,    0,    0,    0,    0,    0,    0,    0,    0,    0,    0,    0,    0,    0,    0,    0,    0,    0,    0,    0,    0,    0,   -7,  -13,   -8,    0,    0,    0,    0,    0,    0,    0,    0,    0,    0,    0,    0,    0,    0,    0,    0,    0,    0,    0,    0,    0,    0,    0,    0,    0,    0,    0,    0,    0,    0,    0,    0,    0,    0,    0,    0,    0,    0,    0,    0,    0,    0,    0,    0,    0,  -13,    0,    0,   -4,    0,    0,    0,    0,    0,    0,    0,  -13,    0,    0,    0,    0,    0,    0,    0,    0,    0,
       0,    0,    0,    0,    0,    0,    0,    0,    0,    0,    0,    0,    0,    0,    0,    0,    0,    0,    0,    0,    0,    0,    0,    0,    0,    0,    0,    0,    0,    0,    0,    0,    0,   -5,   -3,   -9,    0,   -6,   -3,   -2,    0,   -5,    0,    0,   -5,   -4,   -3,    0,    0,    0,    0,    0,    0,    0,    0,    0,    0,    0,    0,    0,   -9,   -3,   -9,   -3,    0,    0,    0,    0,   -2,    0,    0,    0,   -5,    0,    0,   -5,   -9,    0,    0,    0,    0,    0,    0,    0,    0,    0,    0,    0,    0,    0,    0,    0,   -4,    0,    0,    0,    0,    0,    0,   -9,    0,   -2,    0,   -4,    0,    0,    0,    0,    0,    0,    0,   -9,    0,
       0,    0,    0,    0,    0,    0,    0,    0,   12,    0,    0,    0,    0,    0,    0,    0,    0,    0,    0,    0,    0,    0,    0,    0,    0,    0,    0,    0,    0,    0,    0,    0,    0,    0,    0,    0,    0,    0,    0,    0,    0,    0,    0,    0,   -9,   -2,   -9,   -5,    0,    0,    0,    0,    0,    0,    0,    0,    0,    0,    0,    0,    0,    0,    0,    0,    0,    0,    0,    0,    0,    0,    0,    0,    0,   -5,    0,    0,    0,    0,    0,    0,    0,    0,    0,    0,    0,    0,    0,    0,    0,    0,    0,    0,   -2,   -4,    0,    0,  -16,   -5,   -2,    0,    0,    0,    0,   -2,    0,    0,  -16,    0,    0,    0,    0,    0,    0,
       0,    0,    0,    0,    0,    0,  -37,   -9,    0,    0,    0,    0,    0,    0,    0,    0,    0,    0,   -5,    0,   -4,    0,    0,    0,    0,    0,    0,    0,    0,    0,    0,    0,    0,  -11,    0,   -7,   -2,   -8,    0,    0,   -2,  -12,   11,    6,   11,   -2,   11,   -6,    0,    0,    0,    0,    0,    0,    0,    0,   -2,   -2,   -2,   -2,   -7,    0,   -7,    0,   -2,   -2,    0,   -2,    0,    0,    7,   -2,  -12,   -6,   -2,  -11,   -7,   -2,   -2,   -2,    0,    0,    0,    0,    0,    0,   -4,    0,    0,    0,   -4,    0,   -2,    5,  -30,    7,   14,   -5,   -6,   -7,   -2,    0,    0,   -2,   14,   -2,   14,    0,    0,   -4,   -2,   -7,    0,
       0,    0,    0,    0,    0,    0,  -37,   -9,    0,    0,    0,    0,    0,    0,    0,    0,    0,    0,   -5,    0,   -4,    0,    0,    0,    0,    0,    0,    0,    0,    0,    0,    0,    0,  -11,    0,  -17,   -2,   -8,    0,    0,   -2,  -12,   11,    6,   11,   -2,   11,   -6,    0,    0,    0,    0,    0,    0,    0,    0,   -2,   -2,   -2,   -2,  -17,    0,  -17,    0,   -2,   -2,    0,   -2,    0,    0,    7,   -2,  -12,   -6,   -2,  -11,  -17,   -2,   -2,   -2,    0,    0,    0,    0,    0,    0,   -4,    0,    0,    0,   -4,    0,   -2,    5,  -30,    7,   14,   -5,   -6,  -17,   -2,    0,    0,   -2,   14,   -2,   14,    0,    0,   -4,   -2,  -17,    0,
       0,    0,    0,    0,    0,    0,    0,    0,    0,    0,    0,    0,    0,    0,    0,    0,    0,    0,    0,    0,    0,    0,    0,    0,    0,    0,    0,    0,    0,    0,    0,    0,    0,    0,   -4,    0,    0,    0,   -4,    0,    0,   -5,    0,    0,   -9,   -9,   -8,    0,    0,    0,    0,    0,    0,    0,    0,    0,    0,    0,    0,    0,    0,   -4,    0,   -4,    0,    0,    0,    0,    0,    0,    0,    0,   -5,    0,    0,    0,    0,    0,    0,    0,    0,    0,    0,    0,    0,    0,    0,    0,    0,    0,    0,    0,   -9,    0,    0,    0,    0,    0,    0,    0,    0,    0,    0,   -9,    0,    0,    0,    0,    0,    0,    0,    0,    0,
       0,    0,    0,    0,    0,    0,    0,    0,   21,    0,    0,    0,    0,    0,    0,    0,    0,    0,    0,    0,    0,    5,    0,   32,   -4,    0,   -4,    0,   -4,    0,   14,    0,   16,    0,    7,    0,    0,    7,    7,   25,    0,    0,    0,    0,    0,    0,    0,    0,    0,    0,    0,    0,    0,    0,    0,    0,    0,    0,    0,    0,    0,    7,    0,    7,    0,    0,    0,    0,   25,    0,    0,    0,    0,    0,    0,    0,    0,    0,    0,    0,    0,    4,   -4,    9,    0,   -4,    0,    4,    0,    1,    0,    7,    0,    0,    0,   -7,  -11,   -4,   -4,    0,    0,   25,    0,    0,    0,    0,  -11,    0,    0,    0,    0,    0,    0,
       0,    0,    0,    0,    0,    0,    0,    0,    0,    0,    0,   -3,    0,    0,    0,    0,   -4,    0,    0,    0,    0,    0,    0,    0,    0,    0,    0,    0,    0,    0,    0,    0,    0,    0,    0,    0,    0,    0,    0,    0,    0,    0,    0,    0,    0,    0,    0,    0,    0,    0,    0,    0,    0,    0,    0,    0,    0,    0,    0,    0,    0,    0,    0,    0,    0,    0,    0,    0,    0,    0,    0,    0,    0,    0,    0,    0,    0,    0,    0,    0,    0,    0,    0,    0,    0,    0,    0,    0,    0,    0,    0,    0,    0,    0,    0,    0,    0,    0,    0,    0,    0,    0,    0,    0,    0,    0,    0,    0,    0,    0,    0,    0,    0,
       0,    0,    0,    0,    0,    0,    0,  -16,    0,    0,    0,    0,    0,    0,    0,    0,    0,    0,    0,    0,    0,    0,    0,    0,    0,    0,    0,    0,    0,    0,    0,    0,    0,    0,    0,    0,    0,    0,    0,    0,    0,    0,    0,    0,    0,    0,    0,    0,    0,    0,    0,    0,    0,    0,    0,    0,    0,    0,    0,    0,    0,    0,    0,    0,    0,    0,    0,    0,    0,    0,    0,    0,    0,    0,    0,    0,    0,    0,    0,    0,    0,    0,    0,    0,    0,    0,    0,    0,    0,    0,    0,    0,    0,    0,    0,    0,    0,    0,    0,    0,    0,    0,    0,    0,    0,    0,    0,    0,    0,    0,    0,    0,    0,
       0,    0,    0,    0,    0,    0,    0,    0,    0,    0,    0,    0,    0,    0,    0,    0,    0,    0,    0,    0,    0,    0,    0,    0,    0,    0,    0,    0,    0,    0,    0,    0,    0,    0,    0,    0,    0,    0,    0,    0,    0,    0,    0,    0,    0,    0,    0,    0,    0,    0,    0,    0,    0,    0,    0,    0,    0,    0,    0,    0,    0,    0,    0,    0,    0,    0,    0,    0,    0,    0,    0,    0,    0,    0,    0,    0,    0,    0,    0,    0,    0,    0,    0,    0,    0,    0,    0,    0,    0,    0,    0,    0,    0,    0,    0,    0,    0,    0,    0,    0,    0,    0,    0,    0,    0,    0,    0,    0,    0,    0,    0,    0,    2,
       0,    0,    0,    0,    0,    0,    0,    0,    0,    0,    0,    0,    0,    0,    0,    0,    0,    0,    0,    0,    0,    0,    0,    0,    0,    0,    0,    0,    0,    0,    0,    0,    0,    0,    0,    0,    0,    0,    0,    0,    0,    0,    0,    0,    0,    0,    0,    0,    0,    0,    0,    0,    0,    0,    0,    0,    0,    0,    0,    0,    0,    0,    0,    0,    0,    0,    0,    0,    0,    0,    0,    0,    0,    0,    0,    0,    0,    0,    0,    0,    0,    0,    0,    0,    0,    0,    0,    0,    0,    0,    0,    0,    0,    0,    0,    0,    0,    0,    0,    0,    0,    0,    0,    0,    0,    0,    0,    0,    0,    0,    0,    0,   14,
       0,    0,    0,    0,    0,    0,  -12,    0,    0,    0,    0,    0,    0,    0,    0,    0,    0,    0,    0,    0,    0,    0,    0,    0,    0,    0,    0,    0,    0,    0,    0,    0,    0,    0,    0,    0,    0,    0,    0,    0,    0,    0,    0,    0,    0,    0,    0,    0,    0,    0,    0,    0,    0,    0,    0,    0,    0,    0,    0,    0,    0,    0,    0,    0,    0,    0,    0,    0,    0,    0,    0,    0,    0,    0,    0,    0,    0,    0,    0,    0,    0,    0,    0,    0,    0,    0,    0,    0,    0,    0,    0,    0,    0,    0,    0,    0,    0,    0,    0,    0,    0,    0,    0,    0,    0,    0,    0,    0,    0,    0,    0,    0,    0,
       0,    4,   -9,    0,    0,    0,    0,    0,    5,    0,    0,    0,    0,    0,    0,    0,    0,    0,    0,    0,    0,  -11,    0,    7,  -10,   -4,   -8,  -13,   -6,   -7,   20,    0,    0,   -7,    0,   -4,    0,   -7,    0,   -4,    0,   -7,    0,    0,  -10,  -13,  -12,    0,    0,    0,    0,    0,    0,    0,    0,   14,    0,    0,   11,   12,   -4,    0,   -4,    0,   11,    0,    0,    0,   -4,    0,    0,    0,   -7,    0,    0,   -7,   -4,    2,    5,    0,    0,    0,   -6,   -4,  -13,  -14,    0,  -10,   -9,   -8,    0,    0,  -13,    0,    0,   -3,    0,    0,    0,   -4,    0,   -4,  -13,  -13,    0,    0,    0,  -17,    0,    0,    0,   -4,    0,
       0,    0,    0,    0,    0,    0,    0,    0,    0,    0,    0,    0,    0,    0,    0,    0,    0,    0,    0,    0,    0,    0,    0,    0,    0,    0,    0,    0,    0,    0,    0,    0,    0,    0,   -6,   -3,   -9,   -7,   -6,   -5,   -9,   -6,  -10,   -3,  -14,   -9,  -19,   -7,    0,    0,    0,    0,    0,    0,    0,    0,   -9,   -9,   -9,   -9,   -3,   -6,   -3,   -6,   -9,   -9,    0,   -9,   -5,    0,    0,   -9,   -6,   -7,   -9,    0,   -3,   -9,   -9,   -9,    0,    0,    0,    0,    0,    0,    0,    0,    0,    0,    0,    0,   -9,    0,    0,    0,    0,    0,    0,   -3,   -9,   -5,    0,   -9,    0,   -9,    0,    0,    0,    0,   -9,   -3,    0,
       0,    3,    0,    0,    0,    0,    0,  -12,    0,    0,    0,    0,    0,    0,    0,    0,    0,    0,    0,   -7,    0,    0,    0,    0,    0,    0,    0,    0,    0,    0,    0,    0,    0,   -9,   -4,   -9,   -6,   -9,   -4,   -2,   -6,    0,   -6,   -7,   -9,   -4,   -4,    0,    0,    0,    0,    0,    0,    0,    0,    0,   -6,   -6,   -6,   -6,   -9,   -4,   -9,   -4,   -6,   -6,    0,   -6,   -2,    0,    0,   -6,    0,    0,   -6,   -9,   -9,   -6,   -6,   -6,    0,    0,    0,    0,    0,    0,    0,    0,    0,    0,    0,    0,   -4,    0,    0,   -3,   -9,    0,   -5,   -9,   -6,   -2,    0,   -4,    0,   -6,   -9,    0,    0,    0,   -6,   -9,    0,
       0,    0,    0,    0,    0,    0,    0,    0,    0,    0,    0,    0,    0,    0,    0,    0,    0,    0,    0,    0,    0,    0,    0,    0,    0,    0,    0,    0,    0,    0,    0,    0,    0,    0,    0,    0,    0,    0,    0,   -9,    0,    0,    0,    0,   -7,  -14,  -10,    0,    0,    0,    0,    0,    0,    0,    0,    0,    0,    0,    0,    0,    0,    0,    0,    0,    0,    0,    0,    0,   -5,    0,    0,    0,    0,    0,    0,    0,    0,    0,    0,    0,    0,    0,    0,    0,    0,    0,    0,    0,    0,    0,    0,   -8,  -14,   -9,  -10,   -2,  -12,   -9,   -7,    0,    0,   -9,    0,  -14,    0,    0,  -12,    0,    0,    0,    0,    0,    0,
       0,  -12,    0,    0,    0,    0,    0,   -4,   14,    0,    0,    0,    0,    0,    0,    0,    0,    0,    0,    0,   -4,    0,    0,    0,    0,    0,    0,    0,    0,    0,    0,   14,    0,   -4,    7,    0,    0,    0,    7,    4,    0,    0,    0,    0,   -9,   -5,   -8,    0,    0,    7,    0,    0,    0,    0,    0,    0,    0,    0,   20,   21,    0,    7,    0,    7,   21,    2,    0,    2,    4,    0,    0,    0,    0,    0,    0,   -4,    0,   12,   11,    0,    0,    0,    0,    0,    0,    0,   -4,    0,    0,    0,    0,    0,   -5,    0,    0,    0,  -14,    0,    0,    0,    0,    4,    0,   -5,    0,    0,  -14,    0,    0,   -4,    0,    0,    0,
       0,  -12,    0,    0,    0,    0,    0,   -4,   14,    0,    0,    0,    0,    0,    0,    0,    0,    0,    0,    0,   -4,    0,    0,    0,    0,    0,    0,    0,    0,    0,    0,   14,    0,   -4,   12,    0,    0,    0,   12,    4,    0,    0,    0,    0,   -9,   -5,   -8,    0,    0,    7,    0,    0,    0,    0,    0,    0,    7,    0,    7,   23,    0,   12,    0,   12,   16,    5,    0,   12,    4,    0,    0,    0,    0,    0,   16,   -4,    0,   25,    5,    0,    0,    0,    0,    0,    0,    0,   -4,    0,    0,    0,    0,    0,   -5,    0,    0,    0,  -14,    0,    0,    0,    0,    4,    0,   -5,    0,    0,  -14,    0,    0,   -4,    0,    0,    0,
       0,  -12,    0,    0,    0,    0,    0,   -4,   14,    0,    0,    0,    0,    0,    0,    0,    0,    0,    0,    0,   -4,    0,    0,    0,    0,    0,    0,    0,    0,    0,    0,   14,    0,   -4,   11,    0,    0,    0,   11,    4,    0,    0,    0,    0,   -9,   -5,   -8,    0,    0,    7,    0,    0,    0,    0,    0,    0,    0,   12,   20,   21,    0,   11,    0,   11,   22,    9,    0,   12,    4,    0,    0,    0,    0,    0,    5,   -4,    0,   21,   25,    0,    0,    0,    0,    0,    0,    0,   -4,    0,    0,    0,    0,    0,   -5,    0,    0,    0,  -14,    0,    0,    0,    0,    4,    0,   -5,    0,    0,  -14,    0,    0,   -4,    0,    0,    0,
       0,  -12,    0,    0,    0,    0,    0,   -4,   14,    0,    0,    0,    0,    0,    0,    0,    0,    0,    0,    0,   -4,    0,    0,    0,    0,    0,    0,    0,    0,    0,    0,   14,    0,   -4,   14,    0,   25,    0,   14,    4,   25,    0,    0,    0,   -9,   -5,   -8,    0,    0,    7,    0,    0,    0,    0,    0,    0,    5,    2,   25,   32,    0,   14,    0,   14,   25,    4,    0,   11,    4,    0,    0,   25,    0,    0,   16,   -4,    0,   23,   12,   25,    0,    0,    0,    0,    0,    0,   -4,    0,    0,    0,    0,    0,   -5,    0,    0,    0,  -14,    0,    0,    0,   25,    4,    0,   -5,    0,   25,  -14,    0,    0,   -4,   25,    0,    0,
      -4,  -52,  -11,    0,    0,    0,    6,  -12,    5,    0,    0,    0,    0,    0,    0,    0,    0,    0,    0,  -24,  -12,    4,  -11,    9,  -42,  -26,  -45,   -4,  -37,   -4,    0,   11,    0,   -6,   -1,   -8,   -5,  -10,   -1,   -5,   -5,   -4,  -12,  -13,  -20,    5,  -22,   -9,    0,    5,   -4,    0,    0,    0,    0,  -11,   -5,   -5,   -5,   -5,   -8,   -1,   -8,   -1,   -5,   -5,  -21,   -5,   -5,    0,    0,   -5,   -4,   -9,   -5,   -6,   -8,   -5,   -5,   -5,  -11,    4,  -37,    5,   -4,  -76,  -12,  -57,   -6,   -1,  -12,    0,    5,   -4,    5,  -18,  -36,   -5,    0,   -8,   -5,   -5,   -4,    5,    0,   -5,  -36,  -34,  -27,  -12,   -5,   -8,    0,
      43,   53,    0,    0,   57,   37,    0,    0,    0,    0,    0,    0,    0,    0,    0,    0,    0,    0,    0,   50,   36,    0,    0,    0,    0,    0,    0,    0,    0,    0,   68,   60,    0,   11,   64,    9,   36,   12,   64,   43,   36,    0,   36,   34,   29,   30,   30,   29,    0,   60,    0,    0,    0,    0,    0,    0,   36,   36,   36,   36,    9,   64,   41,   64,   36,   36,    0,   36,   43,    0,    0,   36,   43,   69,   36,   11,    9,   36,   36,   36,    0,    0,    0,    0,    0,    0,   36,    0,    0,    0,    0,    0,   30,    0,    0,    0,    0,    0,    0,    9,   36,   43,    0,   30,    0,   36,    0,    0,    0,   36,   36,    9,    0,
       0,    0,    0,    0,    0,    0,    0,   -7,   -2,    0,    0,    0,    0,    0,    0,    0,    0,    0,    0,    0,  -12,   -4,    0,   16,  -20,    0,  -14,  -19,   -8,    0,    0,    0,    0,   -9,    0,   -9,   -5,   -9,    0,   -9,   -5,   -9,   -8,   -8,  -15,  -12,  -12,   -7,    0,    0,    0,    0,    0,    0,    0,    0,   -5,   -5,    0,   -5,   -9,    0,   -9,    0,    0,   -5,    0,   -5,   -9,    0,    0,   -5,   -9,   -7,   -5,   -9,   -9,   -5,   -5,   -5,    0,  -16,   -8,    0,  -19,   -8,  -12,  -20,  -12,   -5,    0,    0,  -12,    0,    0,   -4,    0,    0,    0,   -9,   -5,   -9,  -19,  -12,    0,   -5,    0,    0,  -20,  -12,   -5,   -9,    0,
       0,    0,    0,    0,    0,    0,    0,    0,    0,    0,    0,    0,    0,    0,    0,    0,    0,    0,    0,    0,    0,    0,    0,    0,    0,    0,    0,    0,    0,    0,    0,    0,    0,    0,    0,    0,    0,    0,    0,   -4,    0,    0,    0,    0,   -7,  -14,  -10,    0,    0,    0,    0,    0,    0,    0,    0,    0,    0,    0,    0,    0,    0,    0,    0,    0,    0,    0,    0,    0,   -4,    0,    0,    0,    0,    0,    0,    0,    0,    2,    0,    0,    0,    0,    0,    0,    0,    0,    0,    0,    0,    0,    0,   -8,  -14,   -9,  -10,   -2,  -12,   -9,   -7,    0,    0,   -4,    0,  -14,    0,    0,  -12,    0,    0,    0,    0,    0,    0,
       0,    4,   -9,    0,    0,    0,    0,    0,    5,    0,    0,    0,    0,    0,    0,    0,    0,    0,    0,    0,    0,  -11,    0,    0,  -10,   -4,   -8,  -13,   -6,   -7,    0,    0,    0,   -7,    0,   -4,    0,   -7,    0,   -4,    0,   -7,    0,    0,  -14,  -13,  -12,    0,    0,    0,    0,    0,    0,    0,    0,    0,    0,    0,   11,   12,   -4,    0,   -4,    0,   11,    0,    0,    0,   -4,    0,    0,    0,   -7,    0,    0,   -7,   -4,    2,    5,    0,    0,    0,   -6,   -4,  -13,  -14,    0,  -10,   -9,   -8,    0,    0,  -13,    0,    0,   -3,    0,    0,    0,   -4,    0,   -4,  -13,  -13,    0,    0,    0,  -17,    0,    0,    0,   -4,    0,
       0,  -12,    0,    0,    0,    0,    0,   -4,   14,    0,    0,    0,    0,    0,    0,    0,    0,    0,    0,    0,   -4,    0,    0,    0,    0,    0,    0,    0,    0,    0,    0,   14,    0,   -4,    7,    0,    0,    0,    7,    4,    0,    0,    0,    0,   -9,   -5,   -8,    0,    0,    7,    0,    0,    0,    0,    0,    0,   12,    0,   20,   28,    0,    7,    0,    7,   21,   16,    0,   28,   18,    0,    0,    0,    0,    0,   36,   -4,    0,   46,   11,    0,    0,    0,    0,    0,    0,    0,   -4,    0,    0,    0,    0,    0,   -5,    0,    0,    0,  -14,    0,    0,    0,    0,    4,    0,   -5,    0,    0,  -14,    0,    0,   -4,    2,    0,    0,
       0,  -12,    0,    0,    0,    0,    0,   -4,   14,    0,    0,    0,    0,    0,    0,    0,    0,    0,    0,    0,   -4,    0,    0,    0,    0,    0,    0,    0,    0,    0,    0,   14,    0,   -4,    0,    0,    0,    0,    0,    4,    0,    0,    0,    0,   -9,   -5,   -8,    0,    0,    7,    0,    0,    0,    0,    0,    0,    0,    0,   14,   12,    0,    0,    0,    0,   14,    0,    0,    4,    4,    0,    0,    0,    0,    0,   14,   -4,    0,   23,    4,    0,    0,    0,    0,    0,    0,    0,   -4,    0,    0,    0,    0,    0,   -5,    0,    0,    0,  -14,    0,    0,    0,    0,    4,    0,   -5,    0,    0,  -14,    0,    0,   -4,    0,    0,    0,
       0,  -12,    0,    0,    0,    0,    0,   -4,   14,    0,    0,    0,    0,    0,    0,    0,    0,    0,    0,    0,   -4,    0,    0,    0,    0,    0,    0,    0,    0,    0,    0,   14,    0,   -4,   11,    0,    0,    0,   11,    4,    0,    0,    0,    0,   -9,   -5,   -8,    0,    0,    7,    0,    0,    0,    0,    0,    0,    5,    0,   12,   20,    0,   11,    0,   11,   14,    5,    0,   18,    4,    0,    0,    0,    0,    0,   27,   -4,    0,   36,    4,    0,    0,    0,    0,    0,    0,    0,   -4,    0,    0,    0,    0,    0,   -5,    0,    0,    0,  -14,    0,    0,    0,    0,    4,    0,   -5,    0,    0,  -14,    0,    0,   -4,    0,    0,    0,
       0,  -12,    0,    0,    0,    0,    0,   -4,   14,    0,    0,    0,    0,    0,    0,    0,    0,    0,    0,    0,   -4,    0,    0,    0,    0,    0,    0,    0,    0,    0,    0,   14,    0,   -4,    0,    0,    0,    0,    0,   29,    0,    0,    0,    0,   -9,   -5,   -8,    0,    0,    7,    0,    0,    0,    0,    0,    0,    0,    0,    0,    9,    0,    0,    0,    0,    0,    0,    0,    0,   29,    0,    0,    0,    0,    0,    0,   -4,    0,    4,    0,    0,    0,    0,    0,    0,    0,    0,   -4,    0,    0,    0,    0,    0,   -5,    0,    0,    0,  -14,    0,    0,    0,    0,   29,    0,   -5,    0,    0,  -14,    0,    0,   -4,    0,    0,    0,
       0,    0,    0,    0,    0,    0,    0,    0,    7,    0,    0,    0,    0,    0,    0,    0,    0,    0,    0,    0,    0,    0,    0,    0,    0,    0,    0,    0,    0,    0,    0,    0,    0,    0,   14,    0,    0,    0,   14,   14,    0,    0,    0,    0,  -10,  -12,   -7,   -7,    0,    0,    0,    0,    0,    0,    0,    0,    0,    0,    0,    4,    0,   14,    0,   14,    0,    0,    0,    0,   14,    0,    0,    0,    0,   -7,    0,    0,    0,    0,    0,    0,    0,    0,    0,    0,    0,    0,    0,    0,    0,    0,    0,  -10,  -12,  -12,  -16,  -14,  -10,   -6,    0,    0,    0,   14,    0,  -12,    0,    0,  -10,    0,    0,    0,    0,    0,    0,
       0,    0,    0,    0,    0,    0,    0,    0,    0,    0,    0,    0,    0,    0,    0,    0,    0,    0,    0,    4,    0,    4,    0,    0,    0,    0,    0,    0,   -2,    0,    0,    0,    0,    0,   14,    0,    0,    0,   14,    0,    0,    0,    0,    0,    0,    0,    0,    0,    0,    0,    0,    0,    0,    0,    0,    0,    0,    0,    0,    0,    0,   14,    0,   14,    0,    0,    0,    0,    0,    0,    0,    0,    0,    0,    0,    0,    0,    0,    0,    0,    0,    0,   -2,    0,    0,   -2,    0,    0,    0,    0,    0,    0,    0,    0,    0,    0,    0,    0,    0,    0,    0,    0,    0,    0,    0,    0,    0,    0,    0,    0,    0,    0,    0,
       0,    0,    0,    0,    0,    0,    0,    0,    0,    0,    0,    0,    0,    0,    0,    0,    0,    0,    0,    0,    0,    0,    0,    0,    0,    0,    0,    0,    0,    0,    0,    0,    0,    0,    0,   16,    0,    0,    0,    0,    0,    0,    0,    0,    0,    0,    0,    0,    0,    0,    0,    0,    0,    0,    0,    0,    0,    0,    0,    0,   16,    0,   16,    0,    0,    0,    0,    0,    0,    0,    0,    0,    0,    0,    0,    0,   16,    0,    0,    0,    0,    0,    0,    0,    0,    0,    0,    0,    0,    0,    0,    0,    0,    0,    0,    0,    0,    0,    0,   16,    0,    0,    0,    0,    0,    0,    0,    0,    0,    0,    0,   16,    0,
       0,    0,    0,    0,    0,    0,    0,    0,    0,    0,    0,    0,    0,    0,    0,    0,    0,    0,    0,    0,    0,    0,    0,    0,    0,    0,    0,    0,    0,    0,    0,    0,    0,    0,    0,    0,    0,    0,    0,    0,    0,    0,    5,    0,    5,    0,    5,    0,    0,    0,    0,    0,    0,    0,    0,    0,    0,    0,    0,    0,    0,    0,    0,    0,    0,    0,    0,    0,    0,    0,    0,    0,    0,    0,    0,    0,    0,    0,    0,    0,    0,    0,    0,    0,    0,    0,    0,    0,    0,    0,    0,    0,    0,    0,    0,    0,    0,    0,    0,    0,    0,    0,    0,    0,    0,    0,    0,    0,    0,    0,    0,    0,    0,
       0,    0,    0,    0,    0,    0,    0,    0,    0,    0,    0,    0,    0,    0,    0,    0,    0,    0,    0,    0,    0,    0,    0,    0,    0,    0,    0,    0,    0,    0,    0,    0,    0,   -5,   -3,   -9,    0,   -6,   -3,    9,    0,   -5,    0,    0,   -5,   -4,   -3,    0,    0,    0,    0,    0,    0,    0,    0,    0,    0,    0,    0,    0,   -9,   -3,   -9,   -3,    0,    0,    0,    0,    9,    0,    0,    0,   -5,    0,    0,   -5,   -9,    0,    0,    0,    0,    0,    0,    0,    0,    0,    0,    0,    0,    0,    0,    0,   -4,    0,    0,    0,    0,    0,    0,   -9,    0,    9,    0,   -4,    0,    0,    0,    0,    0,    0,    0,   -9,    0,
       0,   14,    0,    0,   21,    0,    0,    0,    0,    0,    0,    0,    0,    0,    0,    0,    0,    0,    0,   14,    0,    0,    0,    0,    0,    0,    0,    0,    0,    0,   21,   21,    0,   -5,   16,   -9,    0,   -6,   16,    4,    0,   -5,    0,    0,   -5,   -4,   -3,    0,    0,    0,    0,    0,    0,    0,    0,    0,    0,    0,    0,    0,   -9,   16,   -9,   16,    0,    0,    0,    0,    4,    0,    0,    0,   -5,    4,    0,   -5,   -9,    0,    0,    0,    0,    0,    0,    0,    0,    0,    0,    0,    0,    0,    0,    0,   -4,    0,    0,    0,    0,    0,    0,   -9,    0,    4,    0,   -4,    0,    0,    0,    0,    0,    0,    0,   -9,    0,
       0,   -9,   -3,    0,    0,    0,  -20,    0,    2,    0,    0,    0,  -22,    0,    0,    0,    0,    0,    0,   -5,    0,  -12,    7,    7,  -12,    0,  -30,  -23,  -30,  -13,    0,    0,    0,  -10,    7,   -2,   -2,   -4,    7,    3,   -2,   -2,   -2,   -3,   -4,   -9,   -4,    0,    0,    0,    0,    0,    0,    0,    0,    7,   -2,   -2,   -2,   -2,   -2,    7,   -2,    7,   -2,   -2,    7,   -2,    3,    0,    0,   -2,   -2,    0,   -2,  -10,   -2,   -2,   -2,   -2,    7,  -16,  -30,  -11,  -23,  -30,    0,  -20,    0,  -10,    0,   -9,   -9,    0,  -13,    0,    0,    0,    0,   -2,   -2,    3,  -23,   -9,    0,   -2,    0,    0,    0,    0,   -2,   -2,    0,
       0,    0,    0,    0,    0,    0,    0,    0,    0,    0,    0,    0,    0,    0,    0,    0,    0,    0,    0,    0,    0,    0,    0,    0,    0,    0,    0,    0,    0,    0,    0,    0,    0,    0,    7,    0,    0,    0,    7,    7,    0,    0,    4,    7,    5,    0,    5,    0,    0,    0,    0,    0,    0,    0,    0,    0,    0,    0,    0,   11,    0,    7,    0,    7,    0,    0,    0,    0,    7,    0,    0,    0,    0,    0,    0,    0,    0,    0,    0,    0,    0,    0,    0,    0,    0,    0,    0,    0,    0,    0,    0,    0,    0,    0,    0,    0,    0,    0,    0,    0,    0,    7,    0,    0,    0,    0,    0,    0,    0,    0,    0,    0,    0,
       0,    0,    0,    0,    0,    0,    0,    0,    0,    0,    0,    0,    0,    0,    0,    0,    0,    0,    0,    0,    0,    0,    5,   12,    7,    9,   14,    0,    9,    0,    0,    0,    0,    0,   21,    0,    0,    0,   21,    0,    0,    0,    0,    0,    0,    0,    0,    0,    0,    0,    0,    0,    0,    0,    0,    5,    7,    0,   11,   21,    0,   21,    0,   46,   18,    5,    5,   14,   16,    0,    9,    0,    0,    0,   14,    0,    0,   28,    7,   12,    5,    0,    9,    0,    0,    9,    0,    0,    0,    0,    0,    0,    0,    0,    0,    0,    0,    0,    0,    0,    0,    0,    0,    0,    0,    0,    0,    0,    0,    0,    0,    0,    0,
       0,    0,    0,    0,    0,    0,    0,    0,    0,    0,    0,    0,    0,    0,    0,    0,    0,    0,    0,    0,    0,    0,    0,    0,    0,    0,    0,    0,    0,    0,    0,    0,    0,    0,    5,    0,    0,    0,    5,    0,    0,    0,    0,    5,    5,    0,    2,    0,    0,    0,    0,    0,    0,    0,    0,    0,    0,    0,    0,    0,    0,    5,    0,    5,    0,    0,    0,    0,    0,    0,    0,    0,    0,    0,    0,    0,    0,    0,    0,    0,    0,    0,    0,    0,    0,    0,    0,    0,    0,    0,    0,    0,    0,    0,    0,    0,    0,    0,    0,    0,    0,    0,    0,    0,    0,    0,    0,    0,    0,    0,    0,    0,    0,
       0,  -12,    0,    0,    0,    0,    0,   -4,   14,    0,    0,    0,    0,    0,    0,    0,    0,    0,    0,    0,   -4,    0,    0,    0,    0,    0,    0,    0,    0,    0,    0,   14,    0,   -4,   11,    0,    0,    0,   11,    4,    0,    0,    0,    0,   -9,   -5,   -8,    0,    0,    7,    0,    0,    0,    0,    0,    0,    7,    0,    5,   18,    0,   11,    0,   11,   20,    9,    0,   20,    4,    0,    0,    0,    0,    0,   19,   -4,    0,   31,    5,    0,    0,    0,    0,    0,    0,    0,   -4,    0,    0,    0,    0,    0,   -5,    0,    0,    0,  -14,    0,    0,    0,    0,    4,    0,   -5,    0,    0,  -14,    0,    0,   -4,    0,    0,    0,
       0,  -12,    0,    0,    0,    0,    0,   -4,   14,    0,    0,    0,    0,    0,    0,    0,    0,    0,    0,    0,   -4,    0,    0,    0,    0,    0,    0,    0,    0,    0,    0,   14,    0,   -4,    7,    0,    0,    0,    7,    4,    0,    0,    0,    0,   -9,   -5,   -8,    0,    0,    7,    0,    0,    0,    0,    0,    0,    0,    0,   16,   16,    0,    7,    0,    7,   18,    0,    0,    0,    4,    0,    0,    0,    0,    0,    4,   -4,    0,   12,   12,    0,    0,    0,    0,    0,    0,    0,   -4,    0,    0,    0,    0,    0,   -5,    0,    0,    0,  -14,    0,    0,    0,    0,    4,    0,   -5,    0,    0,  -14,    0,    0,   -4,    0,    0,    0,
       0,  -12,    0,    0,    0,    0,    0,   -4,   14,    0,    0,    0,    0,    0,    0,    0,    0,    0,    0,    0,   -4,    0,    0,    0,    0,    0,    0,    0,    0,    0,    0,   14,    0,   -4,    0,    0,    0,    0,    0,    4,    0,    0,    0,    0,   -9,   -5,   -8,    0,    0,    7,    0,    0,    0,    0,    0,    0,    0,    2,   25,   25,    0,    0,    0,    0,   27,    7,    0,    5,    4,    0,    0,    0,    0,    0,    5,   -4,    0,   16,   18,    0,    0,    0,    0,    0,    0,    0,   -4,    0,    0,    0,    0,    0,   -5,    0,    0,    0,  -14,    0,    0,    0,    0,    4,    0,   -5,    0,    0,  -14,    0,    0,   -4,    0,    0,    0,
      -3,    5,  -13,    0,   -4,    0,  -69,  -50,  -37,    0,    0,    0,  -20,    0,    0,    0,    0,    0,    0,   -2,  -22,  -68,  -12,   -5,   -4,    0,    4,  -14,    1,    0,    0,   -7,    0,  -26,    6,  -36,   -7,    0,    6,   -9,   -7,  -22,   -4,   -7,   -4,  -12,   -5,    0,    0,   -7,    0,    0,    0,    0,    0,  -12,   -7,   -7,   -7,   -7,  -36,    6,  -36,    6,   -7,   -7,  -12,   -7,   -9,    0,    0,   -7,  -22,    0,   -7,  -26,  -36,   -7,   -7,   -7,  -12,  -54,    1,  -39,  -43,    1,  -50,   -4,  -16,  -28,   -9,  -38,  -12,   -4,  -40,   -4,   -7,  -12,  -38,  -36,    5,   -9,  -14,  -23,   -4,   -7,   -7,    0,  -36,  -22,   -7,  -36,    0,
       0,    4,   -9,    0,    0,    0,    0,    0,    5,    0,    0,    0,    0,    0,    0,    0,    0,    0,    0,    0,    0,  -11,    0,    0,  -10,   -4,   -8,  -13,   -6,   -7,    0,    0,    0,   -7,    0,   -4,    0,   -7,    0,   -4,    0,   -7,    0,    0,  -10,  -13,  -12,    0,    0,    0,    0,    0,    0,    0,    0,    0,    0,    0,   11,   12,   -4,    0,   -4,    0,   11,    0,    0,    0,   -4,    0,    0,    0,   -7,    0,    0,   -7,   -4,    2,    5,    0,   11,    0,   -6,   -4,  -13,  -14,    0,  -10,   -9,   -8,    0,    0,  -13,    0,    0,   -3,    0,    0,    0,   -4,    0,   -4,  -13,  -13,    0,    0,    0,  -17,    0,    0,    0,   -4,    0,
       0,    0,  -12,    0,    0,    0,    0,    0,    0,    0,    0,    0,  -16,    0,    0,    0,    0,    0,    0,    0,    0,   -7,    0,    0,   -4,   -2,   -6,  -10,   -5,    0,    0,    0,    0,   -7,    0,   -6,   -2,    0,    0,    0,   -2,   -5,   -2,   -4,  -13,  -14,  -11,   -3,    0,    0,    0,    0,    0,    0,    0,    0,   -2,   -2,   -2,   -2,   -6,    0,   -6,    0,   -2,   -2,    0,   -2,    0,    0,    0,   -2,   -5,   -3,   -2,   -7,   -6,   -2,   -2,   -2,    0,   -9,   -5,    0,  -10,   -5,    0,    0,  -13,  -16,    0,  -17,  -14,   -9,  -18,  -11,  -12,   -9,   -9,   -6,    7,    0,  -10,  -14,    0,   -2,  -12,    0,    0,    0,   -2,   -6,    0,
      -7,  -21,   -9,    0,    0,    0,    0,    0,    0,    0,    0,    0,    0,    0,    0,    0,    0,    0,    0,  -12,   -2,  -16,  -11,    0,  -35,    0,    0,  -16,  -29,    0,    0,    0,    0,    0,    0,    0,    0,    0,    0,    0,    0,    0,    0,    0,    0,    0,  -11,    0,    0,    0,    0,    0,    0,    0,    0,  -11,    0,    0,    0,    0,    0,    0,    0,    0,    0,    0,  -11,    0,    0,    0,    0,    0,    0,    0,    0,    0,    0,    0,    0,    0,  -11,    0,  -29,   -1,  -16,  -29,   -2,  -34,    0,  -14,    0,    0,    0,    0,    0,    0,    0,    0,    0,    0,    0,    0,  -16,    0,    0,    0,    0,    0,    0,   -2,    0,    0,    0,
       0,  -36,  -11,    0,    0,    0,    0,    0,    0,    0,    0,    0,   -9,    0,    0,    0,    0,    0,    0,    0,  -15,    4,   -8,    0,  -39,  -26,  -49,  -14,  -42,    0,    0,    0,    0,    0,    0,    0,    0,    0,    0,  -10,    0,    0,    0,    0,  -24,    0,  -17,    0,    0,    0,    0,    0,    0,    0,    0,   -8,    0,    0,    0,    0,    0,    0,    0,    0,    0,    0,   -8,    0,  -10,    0,    0,    0,    0,    0,    0,    0,    0,    0,    0,    0,   -8,    4,  -42,    4,  -14,  -42,  -15,  -57,   -5,    0,  -20,    7,    0,   -5,    4,  -23,  -30,    2,    0,    0,    0,  -10,  -14,    0,    0,    0,  -30,  -28,  -10,  -15,    0,    0,    0,
      -5,   -6,   -8,    0,    0,    0,   -8,  -44,    1,    0,    0,    0,    0,    0,    0,    0,    0,    0,    0,   -7,  -23,   -4,  -13,   -5,  -34,  -18,  -10,   -5,  -11,  -12,    0,    0,    0,  -14,    0,  -17,   -4,  -15,    0,   -9,   -4,  -15,  -14,  -15,  -18,    0,  -24,   -2,    0,    0,    0,    0,    0,    0,    0,  -13,   -4,   -4,   -2,   -2,  -17,    0,  -17,    0,   -2,   -4,  -13,   -4,   -9,    0,    0,   -4,  -15,   -2,   -4,  -14,  -17,   -7,   -4,   -4,  -13,    2,  -26,    4,   -5,  -28,  -23,  -12,  -13,   -6,    0,    1,    2,   -7,    0,  -26,  -28,    0,    0,  -17,   -4,   -9,   -5,    0,    0,   -4,  -28,  -31,  -41,  -23,   -4,  -17,    0,
      -9,    4,  -23,  -14,    0,    0,  -57,  -27,  -24,    0,    0,    0,  -13,    0,    0,    0,    0,    0,  -18,    0,  -19,  -45,   -8,   -4,   -4,   -2,    4,   -8,    4,  -17,    0,   -4,    0,  -37,    1,  -36,  -19,  -34,    1,  -17,  -19,  -34,  -15,  -22,  -15,  -33,  -28,  -38,    0,   -4,    0,    0,    0,    0,    0,   -8,  -19,  -30,  -15,    2,  -36,    1,  -36,    1,    3,  -21,   -8,  -19,   -9,    0,    0,  -19,  -34,  -38,  -28,  -37,  -36,   -4,  -12,  -19,   -8,  -48,    4,  -36,  -25,    4,  -19,    1,  -17,  -31,  -17,  -46,  -33,  -18, -114,  -22,  -46,  -30,  -45,  -36,   -1,  -17,   -8,  -33,    0,  -19,  -21,  -22,  -35,  -37,  -19,  -36,    0,
       0,   -9,    0,    0,    0,    0,  -20,    0,    0,    0,    0,    0,   -9,    0,    0,    0,    0,    0,    0,   -8,   -5,  -18,  -12,    0,  -45,    0,  -28,  -26,  -24,  -14,    0,    0,    0,   -6,   -4,   -3,   -8,   -4,   -4,   -4,   -8,   -4,   -3,   -4,   -9,  -18,  -12,   -8,    0,    0,    0,    0,    0,    0,    0,  -12,   -8,   -8,   -8,   -8,   -3,   -4,   -3,   -4,   -8,   -8,  -12,   -8,   -4,    0,    0,   -8,   -4,   -8,   -8,   -6,   -3,   -8,   -8,   -8,  -12,  -19,  -24,  -14,  -26,  -24,   -5,  -23,  -18,  -19,    0,  -14,  -18,  -12,  -17,   -5,  -14,   -4,  -13,   -3,   -8,   -4,  -26,  -18,    0,   -8,  -14,   -8,   -4,   -5,   -8,   -3,    0,
      -3,    5,  -13,    0,   -4,    0,  -69,  -50,  -37,    0,    0,    0,  -20,    0,    0,    0,    0,    0,    0,   -2,  -22,  -68,  -12,   -5,   -4,    0,    4,  -14,    1,    0,    0,   -7,    0,  -26,    6,  -36,   -7,    0,    6,   -9,   -7,  -22,   -4,   -7,   -4,  -12,   -5,    0,    0,   -7,    0,    0,    0,    0,    0,  -12,   -7,   -7,   -7,   -7,  -36,    6,  -36,    6,   -7,   -7,  -12,   -7,   -9,    0,    0,   -7,  -22,    0,   -7,  -26,  -36,   -7,   -7,   -7,  -12,  -54,    1,  -39,  -43,    1,  -50,   -4,  -16,  -28,   -9,  -38,  -12,   -4,  -40,   -4,   -7,  -12,  -38,  -36,    5,   -9,  -14,  -75,   -4,   -7,   -7,    0,  -36,  -22,   -7,  -36,    0,
       0,    0,    0,  -19,   16,    0,    4,    0,   16,    0,    0,    0,   -4,    0,    0,    0,    0,    0,    0,   -4,  -10,   -3,   -8,   28,  -23,    0,  -20,   -6,  -18,    0,    0,   12,    0,    0,    0,   -8,    0,    0,    0,   27,    0,    0,    0,   -7,  -18,    0,   -3,    0,    0,    5,    0,    0,    0,    0,    0,   -8,    0,    0,    0,    0,   -8,    4,   -8,    0,    0,    0,   -8,    0,   27,    0,    0,    0,    0,    0,    0,    0,   -8,    0,    0,    0,   -8,    0,  -18,    5,   -6,  -18,  -10,  -26,   -2,   -2,    0,    0,    0,    0,    7,  -13,    0,    0,    0,   -8,    0,   27,   -6,    0,    0,    0,    0,  -17,  -16,  -10,    0,   -8,    0,
      -9,    4,  -23,  -14,    0,    0, -128,  -27,  -24,    0,    0,    0,  -13,    0,    0,    0,    0,    0,  -18,    0,  -19,  -94,   -8,   -4,   -4,   -2,    4,  -18,    4,  -17,    0,   -4,    0,  -37,    1,  -36,  -19,  -34,    1,  -17,  -19,  -34,  -15,  -22,  -15,  -33,  -28,  -38,    0,   -4,    0,    0,    0,    0,    0,   -8,  -19,  -30,  -15,    2,  -36,    1,  -36,    1,    3,  -21,   -8,  -19,   -9,    0,    0,  -19,  -34,  -38,  -28,  -37,  -36,   -4,  -12,  -19,   -8,  -48,    4,  -36,  -25,    4,  -19,    1,  -17,  -31,  -17,  -46,  -33,  -18,  -53,  -22,  -46,  -30,  -45,  -36,   -1,  -17,  -18,  -33,    0,  -19,  -21,  -22,  -35,  -37,  -19,  -36,    0,
       0,   -9,   -3,    0,    0,    0,  -20,    0,    2,    0,    0,    0,  -22,    0,    0,    0,    0,    0,    0,   -5,    0,  -12,   -9,    0,  -12,    0,  -22,  -23,  -16,  -13,    0,    0,    0,  -10,   -2,   -2,   -7,   -4,   -2,    3,   -7,   -2,   -2,   -3,   -4,   -9,   -4,    0,    0,    0,    0,    0,    0,    0,    0,   -9,   -7,   -7,   -7,   -7,   -2,   -2,   -2,   -2,   -7,   -7,   -9,   -7,    3,    0,    0,   -7,   -2,    0,   -7,  -10,   -2,   -7,   -7,   -7,   -9,  -16,  -16,  -11,  -23,  -16,    0,  -20,    0,  -10,    0,   -9,   -9,    0,  -13,    0,    0,    0,    0,   -2,   -7,    3,  -23,   -9,    0,   -7,    0,    0,    0,    0,   -7,   -2,    0,
       0,   -9,    0,    0,    0,    0,   -5,    0,   12,    0,    0,    0,    0,    0,    0,    0,    0,    0,    0,   -4,    0,    0,    0,    0,    0,    0,    0,    0,    0,    0,    0,    0,    0,    0,    0,    0,   -3,    0,    0,   -5,   -3,    0,    0,    0,    0,   -6,   -2,    0,    0,    0,    0,    0,    0,    0,    0,    0,   -3,   -3,   -3,   -3,    0,    0,    0,    0,   -3,   -3,    0,   -3,   -5,    0,    0,   -3,    0,    0,   -3,    0,    0,   -3,   -3,   -3,    0,    0,    0,    0,    0,    0,    0,    0,    0,    0,    0,   -4,   -6,   -3,    2,  -13,  -13,    0,    1,    0,   -3,   -5,    0,   -6,    0,   -3,  -13,    0,    0,    0,   -3,    0,    0,
       0,    0,    0,    0,   18,    0,    5,    0,   25,    0,    0,    0,    0,    0,    0,    0,    0,    0,    0,    0,    0,    0,    0,    0,    0,    0,    0,    0,    0,    0,    0,   12,   21,    0,    4,   -8,    0,    0,    4,   22,    0,    0,    0,    0,    0,    3,    4,    0,    0,    5,    0,    0,    0,    0,    0,    0,    0,    0,    0,    0,   -8,    4,   -8,    4,    0,    0,    0,    0,   22,    0,    0,    0,    0,    0,    0,    0,   -8,    0,    0,    0,    0,    0,    0,    0,    0,    0,    0,    0,    0,    0,    0,   11,    3,   12,    4,  -11,  -10,    0,    4,   -8,    0,   22,    0,    3,    0,    9,  -10,    0,  -20,    0,    0,   -8,    0,
      -4,    0,    0,    0,    0,    0,    0,  -29,    9,    0,    0,    0,    0,    0,    0,    0,    0,    0,    0,  -10,   -9,    0,    0,    0,    0,    0,    0,    0,    0,    0,    0,    0,    0,  -12,   -4,  -16,   -7,  -13,   -4,   -8,   -7,  -11,   -4,   -6,   -4,   -2,   -7,   -8,    0,    0,    0,    0,    0,    0,    0,    0,   -7,   -7,   -7,   -7,  -16,   -4,  -16,   -4,   -7,   -7,    0,   -7,   -8,    0,    5,   -7,  -11,   -8,   -7,  -12,  -16,   -7,   -7,   -7,    0,    0,    0,    0,    0,    0,   -9,    0,    0,    0,    0,    4,   -2,  -12,    4,   -6,   -4,   -5,   -2,  -16,   -7,   -8,    0,   -2,    0,   -7,   -4,    0,    0,   -9,   -7,  -16,    0,
       0,    0,    0,    0,    0,    0,    0,    0,    0,    0,    0,    0,    0,    0,    0,    0,    0,    0,    0,    0,    0,    0,    0,    0,    0,    0,    0,    0,    0,    0,    0,    0,    0,    0,    0,    0,    0,    0,    0,   -3,    0,    0,    0,    0,    4,    0,   -2,    0,    0,    0,    0,    0,    0,    0,    0,    0,    0,    0,    0,    0,    0,    0,    0,    0,    0,    0,    0,    0,   -3,    0,    0,    0,    0,    0,    0,    0,    0,    0,    0,    0,    0,    0,    0,    0,    0,    0,    0,    0,    0,    0,    0,    0,    0,    0,    0,   -2,    5,    0,    0,    0,    0,   -3,    0,    0,    0,    0,    5,    0,    0,    0,    0,    0,    0,
      -3,  -21,    0,    0,    0,    0,    0,    0,   10,    0,    0,    0,    0,    0,    0,    0,    0,    0,    0,   -5,    0,    0,    0,    0,    0,    0,    0,    0,    0,    0,    0,    0,    0,    0,    0,   -3,   -5,    0,    0,   -4,   -5,   -3,    0,    0,  -11,   -9,  -12,    0,    0,    0,    0,    0,    0,    0,    0,    0,   -5,   -5,   -5,   -5,   -3,    0,   -3,    0,   -5,   -5,    0,   -5,   -4,    0,    0,   -5,   -3,    0,   -5,    0,   -3,   -5,   -5,   -5,    0,    0,    0,    0,    0,    0,    0,    0,    0,    0,   -4,   -4,   -9,  -11,   -8,  -17,  -13,  -13,   -4,   -3,   -5,   -4,    0,   -9,    0,   -5,  -13,    0,    0,    0,   -5,   -3,    0,
       0,  -12,    0,    0,    0,    0,    0,   -4,   14,    0,    0,    0,    0,    0,    0,    0,    0,    0,    0,    0,   -4,    0,    0,    0,    0,    0,    0,    0,    0,    0,    0,   14,    0,   -4,   12,    0,    0,    0,   12,    4,    0,    0,    0,    0,   -9,   -5,   -8,    0,    0,    7,    0,    0,    0,    0,    0,    0,    0,    0,    0,    0,    0,   12,    0,   12,    0,    0,    0,    0,    4,    0,    0,    0,    0,    0,    0,   -4,    0,    0,    0,    0,    0,    0,    0,    0,    0,    0,   -4,    0,    0,    0,    0,    0,   -5,    0,    0,    0,  -14,    0,    0,    0,   28,    4,    0,   -5,    0,    0,  -14,    0,    0,   -4,    0,    0,    0,
      -5,   -6,   -8,    0,    0,    0,   -8,  -44,    1,    0,    0,    0,    0,    0,    0,    0,    0,    0,    0,   -7,  -23,   -4,  -13,   -5,  -70,  -18,  -10,   -5,  -70,  -12,    0,    0,    0,  -14,    0,  -17,   -4,  -15,    0,   -9,   -4,  -15,  -14,  -15,  -18,    0,  -24,   -2,    0,    0,    0,    0,    0,    0,    0,  -13,   -4,   -4,   -2,   -2,  -17,    0,  -17,    0,   -2,   -4,  -13,   -4,   -9,    0,    0,   -4,  -15,   -2,   -4,  -14,  -17,   -7,   -4,   -4,  -13,    2,  -70,    4,   -5,  -70,  -23,  -78,  -13,   -6,    0,    1,    2,   -7,    0,  -26,  -28,    0,    0,  -17,   -4,   -9,   -5,    0,    0,   -4,  -28,  -31,  -41,  -23,   -4,  -17,    0,
       0,  -37,    0,    0,    0,    0,    0,    0,    0,    0,    0,    0,    0,    0,    0,    0,    0,    0,    0,    0,    0,    0,    0,    0,    0,    0,    0,    0,    0,    0,    0,    0,    0,    0,    0,    4,    0,    0,    0,    0,    0,    0,    0,    0,    0,    0,    0,    0,    0,    0,    0,    0,    0,    0,    0,    0,    0,    0,    0,    0,    4,    0,    4,    0,    0,    0,    0,    0,    0,    0,    0,    0,    0,    0,    0,    0,    4,    0,    0,    0,    0,    0,    0,    0,    0,    0,    0,    0,    0,    0,    0,    0,    0,    0,    0,    0,    0,    0,    0,    4,    0,    0,    0,    0,    0,    0,    0,    0,    0,    0,    0,    4,    0,
       0,    0,  -17,    0,    0,    0,  -62,  -43,    0,    0,    0,    0,   -9,    0,    0,    0,    0,    0,    0,    0,  -31,  -69,   -4,    0,    0,    0,    0,  -11,    5,    0,    0,    0,    0,  -28,    5,  -33,  -19,    0,    5,  -10,  -19,  -39,    0,    0,  -17,  -32,  -21,    0,    0,    0,    0,    0,    0,    0,    0,   -4,  -19,  -19,  -19,  -19,  -33,    5,  -33,    5,  -19,  -19,   -4,  -19,  -10,    0,    0,  -19,  -39,    0,  -19,  -28,  -33,  -19,  -19,  -19,   -4,  -49,    5,  -33,  -31,    5,  -31,    0,   -4,  -35,  -15,  -49,  -32,  -23,  -52,  -25,  -28,  -30,  -55,  -62,   -6,  -10,  -11,  -32,    0,  -19,  -28,    0,    0,  -31,  -19,  -33,    0,
      -2,    0,    0,    0,   -2,    0,  -39,    0,  -12,    0,    0,    0,    0,    0,    0,    0,    0,    0,    0,   -2,    0,    0,    0,    0,    0,    0,    0,    0,    0,    0,    0,   -9,    0,  -34,   -9,  -21,  -11,   -8,   -9,    2,  -11,  -20,    0,    0,    7,   -4,    9,    0,    0,   -9,    0,    0,    0,    0,    0,    0,  -11,  -11,  -11,  -11,  -21,   -9,  -21,   -9,  -11,  -11,    0,  -11,    2,    0,    0,  -11,  -20,    0,  -11,  -34,  -21,  -11,  -11,  -11,    0,    0,    0,    0,    0,    0,    0,    0,    0,    0,   -4,  -83,   -4,  -16,  -33,    0,    4,  -20,  -41,  -21,  -11,    2,    0,   -4,    0,  -11,    4,    0,   -2,    0,  -11,  -21,    0,
       0,  -36,  -11,    0,    0,    0,    0,    0,    0,    0,    0,    0,   -9,    0,    0,    0,    0,    0,    0,    0,  -15,    4,   -8,    0,  -39,  -26,  -91,  -14,  -42,    0,    0,    0,    0,    0,    0,    0,    0,    0,    0,  -10,    0,    0,    0,    0,  -24,    0,  -17,    0,    0,    0,    0,    0,    0,    0,    0,   -8,    0,    0,    0,    0,    0,    0,    0,    0,    0,    0,   -8,    0,  -10,    0,    0,    0,    0,    0,    0,    0,    0,    0,    0,    0,   -8,    4,  -42,    4,  -14,  -42,  -15, -103,   -5,    0,  -20,    7,    0,   -5,    4,  -23,  -30,    2,    0,    0,    0,  -10,  -14,    0,    0,    0,  -30,  -28,  -10,  -15,    0,    0,    0,
       0,    0,    0,  -19,   16,    0,    4,    0,   16,    0,    0,    0,   -4,    0,    0,    0,    0,    0,    0,   -4,  -46,    0,   -8,   35,  -23,    0,  -20,   -6,  -18,    0,    0,   12,    0,    0,    0,   -8,    0,    0,    0,   50,    0,    0,    0,   -7,  -18,    0,   -7,    0,    0,    5,    0,    0,    0,    0,    0,   -8,    0,    0,    0,    0,   -8,    4,   -8,    0,    0,    0,   -8,    0,   46,    0,    0,    0,    0,    0,    0,    0,   -8,    0,    0,    0,   -8,    0,  -18,    5,   -6,  -18,  -46,  -59,   -2,   -2,    0,    0,    0,   -4,    7,  -13,    0,    0,    0,   -8,    0,   46,   -6,    0,    0,    0,    0,  -17,  -16,  -46,    0,   -8,    0,
       0,    0,    0,  -19,   16,    0,    4,    0,   16,    0,    0,    0,   -4,    0,    0,    0,    0,    0,    0,   -4,  -44,    0,   -8,   59,  -48,    0,  -20,   -6,  -18,    0,    0,   12,    0,    0,    0,   -8,    0,    0,    0,   51,    0,    0,    0,   -7,  -18,    0,  -11,    0,    0,    5,    0,    0,    0,    0,    0,   -8,    0,    0,    0,    0,   -8,    4,   -8,    0,    0,    0,   -8,    0,   52,    0,    0,    0,    0,    0,    0,    0,   -8,    0,    0,    0,   -8,    0,  -18,    5,   -6,  -18,  -44,  -57,   -2,   -2,    0,    7,    0,   -4,    7,  -13,    0,    0,    0,   -8,    0,   52,   -6,    5,    0,    0,    0,  -17,  -16,  -44,    0,   -8,    0,
       0,   -9,   -3,    0,    0,    0,  -20,    0,    2,    0,    0,    0,  -22,    0,    0,    0,    0,    0,    0,   -5,    0,  -12,    0,    0,  -12,    0,  -22,  -23,  -16,  -13,    0,    0,    0,  -10,   -2,   -2,   -7,   -4,   -2,    3,   -7,   -2,   -2,   -3,   -4,   -9,   -4,    0,    0,    0,    0,    0,    0,    0,    0,    0,   -7,   -7,   -7,   -7,   -2,   -2,   -2,   -2,   -7,   -7,    0,   -7,    3,    0,    0,   -7,   -2,    0,   -7,  -10,   -2,   -7,   -7,   -7,    0,  -16,  -16,  -11,  -23,  -16,    0,  -59,    0,  -10,    0,   -9,   -9,    0,  -13,    0,    0,    0,    0,   -2,   -7,    3,  -23,   -9,    0,   -7,    0,    0,    0,    0,   -7,   -2,    0,
       0,    0,    0,  -19,   16,    0,    4,    0,   16,    0,    0,    0,   -4,    0,    0,    0,    0,    0,    0,   -4,  -44,    0,   -8,   28,  -23,    0,  -20,   -6,  -18,    0,    0,   12,    0,    0,    0,   -8,    0,    0,    0,   27,    0,    0,    0,   -7,  -18,    0,   -3,    0,    0,    5,    0,    0,    0,    0,    0,   -8,    0,    0,    0,    0,   -8,    4,   -8,    0,    0,    0,   -8,    0,   27,    0,    0,    0,    0,    0,    0,    0,   -8,    0,    0,    0,   -8,    0,  -18,    5,   -6,  -18,  -44,  -26,   -2,   -2,    0,    0,    0,    0,    7,  -13,    0,    0,    0,   -8,    0,   27,   -6,    0,    0,    0,    0,  -17,  -16,  -44,    0,   -8,    0,
       0,    0,    0,    0,    0,    0,    0,    0,    0,    0,    0,    0,    0,    0,    0,    0,    0,    0,    0,    0,    0,    0,    0,    0,    0,    0,    0,    0,    0,    0,    0,    0,    0,    0,    0,    0,    0,    0,    0,    0,    0,    0,    0,    0,    0,    0,    0,    0,    0,    0,    0,    0,    0,    0,    0,    0,    0,    0,    0,    0,    0,    0,    0,    0,    0,    0,    0,    0,    0,    0,    0,    0,    0,    0,    0,    0,    0,    0,    0,    0,    0,    0,    0,    0,    0,    0,    0,    0,    0,    0,    0,    0,    0,    0,    0,   -4,   -5,    0,    0,    0,    0,    0,    0,    0,    0,    0,   -5,    0,    0,    0,    0,    0,    0,
       0,    0,    0,    0,    0,    0,    0,    0,    0,    0,    0,    0,    0,    0,    0,    0,    0,    0,    0,    0,    0,    0,    0,    0,    0,    0,    0,    0,    0,    0,    0,    0,    0,    0,    0,    0,    0,    0,    0,    0,    0,    0,    0,    0,    0,    0,    0,    0,    0,    0,    0,    0,    0,    0,    0,    0,    0,    0,    0,    0,    0,    0,    0,    0,    0,    0,    0,    0,    0,    0,    0,    0,    0,    0,    0,    0,    0,    0,    0,    0,    0,    0,    0,    0,    0,    0,    0,  -20,    0,    0,    0,    0,    0,    0,    0,    0,    0,    0,    0,    0,    0,    0,    0,    0,    0,    0,    0,    0,    0,    0,    0,    0,    0,
      -5,   -6,   -8,    0,    0,    0,   -8,  -44,    1,    0,    0,    0,    0,    0,    0,    0,    0,    0,    0,   -7,  -23,   -4,  -13,    4,  -15,  -18,  -10,   -5,  -11,  -12,    0,    0,    0,  -14,    0,  -17,   -4,  -15,    0,   -4,   -4,  -15,  -14,  -15,  -18,    0,  -24,   -2,    0,    0,    0,    0,    0,    0,    0,  -13,   -4,   -4,   -2,   -2,  -17,    0,  -17,    0,   -2,   -4,  -13,   -4,   -4,    0,    0,   -4,  -15,   -2,   -4,  -14,  -17,   -7,   -4,   -4,  -13,    2,  -26,    4,   -5,  -28,  -23,  -12,  -13,   -6,    0,    1,    2,   -7,    0,  -26,  -28,    0,    0,  -17,   -4,   -4,   -5,    0,    0,   -4,  -28,  -31,  -41,  -23,   -4,  -17,    0,
       0,    0,    0,    0,    0,    0,    0,    0,   14,    0,    0,    0,    0,    0,    0,    0,    0,    0,    0,    0,    0,    0,    0,    0,    0,    0,    0,    0,    0,    0,    0,    0,    0,    0,    0,    0,    0,    0,    0,   14,    0,    0,    0,    0,    0,    0,    0,    0,    0,    0,    0,    0,    0,    0,    0,    0,    0,    0,    0,    0,    0,    0,    0,    0,    0,    0,    0,    0,   14,    0,    0,    0,    0,    0,    0,    0,    0,    0,    0,    0,    0,    0,    0,    0,    0,    0,    0,    0,    0,    0,    0,    0,    0,    0,    0,    0,    0,    0,    0,    0,    0,   14,    0,    0,    0,    0,    0,    0,    0,    0,    0,    0,    0,
      -5,   -6,   -8,    0,    0,    0,   -8,  -44,    1,    0,    0,    0,    0,    0,    0,    0,    0,    0,    0,   -7,  -50,   -4,  -13,   11,  -15,  -18,  -18,   -5,  -18,  -12,    0,    0,    0,  -14,    0,  -17,   -4,  -15,    0,   17,   -4,  -15,  -14,  -15,  -18,    0,  -24,   -2,    0,    0,    0,    0,    0,    0,    0,  -13,   -4,   -4,   -2,   -2,  -17,    0,  -17,    0,   -2,   -4,  -13,   -4,   17,    0,    0,   -4,  -15,   -2,   -4,  -14,  -17,   -7,   -4,   -4,  -13,    2,  -18,    4,   -5,  -18,  -50,  -21,  -13,   -6,    0,    1,    2,   -7,    0,  -26,  -28,    0,    0,  -17,   -4,   17,   -5,    0,    0,   -4,  -28,  -31,  -41,  -50,   -4,  -17,    0,
      -4,    0,    0,    0,    0,    0,    0,  -29,    9,    0,    0,    0,    0,    0,    0,    0,    0,    0,    0,  -10,   -9,    0,    0,    0,    0,    0,    0,    0,    0,    0,    0,    0,    0,  -12,   -4,  -16,   -7,  -13,   -4,    7,   -7,  -11,   -4,   -6,   -4,   -2,   -2,   -8,    0,    0,    0,    0,    0,    0,    0,    0,   -7,   -7,   -7,   -7,  -16,   -4,  -16,   -4,   -7,   -7,    0,   -7,    7,    0,    5,   -7,  -11,   -8,   -7,  -12,  -16,   -7,   -7,   -7,    0,    0,    0,    0,    0,    0,   -9,    0,    0,    0,    0,    4,   -2,  -12,    4,   -6,   -4,   -5,   -2,  -16,   -7,    7,    0,   -2,    0,   -7,   -4,    0,    0,   -9,   -7,  -16,    0,
      -4,  -52,  -11,    0,    0,    0,    6,  -12,    5,    0,    0,    0,    0,    0,    0,    0,    0,    0,    0,  -24,  -12,    4,  -11,   -7,  -42,  -26,  -45,   -4,  -37,   -4,    0,   11,    0,   -6,   -1,   -8,   -5,  -10,   -1,   -5,   -5,   -4,  -12,  -13,  -20,    5,  -22,   -9,    0,    5,   -4,    0,    0,    0,    0,  -11,   -5,   -5,   -5,   -5,   -8,   -1,   -8,   -1,   -5,   -5,  -14,   -5,   -5,    0,    0,   -5,   -4,   -9,   -5,   -6,   -8,   -5,   -5,   -5,  -11,    4,  -37,    5,   -4,  -76,  -12,  -57,   -6,   -1,  -12,    0,    5,   -4,    5,  -18,  -36,   -5,    0,   -8,   -5,   -5,   -4,    5,    0,   -5,  -36,  -34,  -27,  -12,   -5,   -8,    0,
       0,  -12,    0,    0,    0,    0,    0,   -4,   14,    0,    0,    0,    0,    0,    0,    0,    0,    0,    0,    0,   -4,    0,    0,    0,    0,    0,    0,    0,    0,    0,    0,   14,    0,   -4,    0,    0,    0,    0,    0,    4,    0,    0,    0,    0,   -9,   -5,   -8,    0,    0,    7,    0,    0,    0,    0,    0,    0,    0,    0,    5,   12,    0,    0,    0,    0,    7,    0,    0,    2,    4,    0,    0,    0,    0,    0,    5,   -4,    0,   18,    0,    0,    0,    0,    0,    0,    0,    0,   -4,    0,    0,    0,    0,    0,   -5,    0,    0,    0,  -14,    0,    0,    0,    0,    4,    0,   -5,    0,    0,  -14,    0,    0,   -4,    0,    0,    0,
       0,  -12,    0,    0,    0,    0,    0,   -4,   14,    0,    0,    0,    0,    0,    0,    0,    0,    0,    0,    0,   -4,    0,    0,    0,    0,    0,    0,    0,    0,    0,    0,   14,    0,   -4,    0,    0,    0,    0,    0,   13,    0,    0,    0,    0,   -9,   -5,   -8,    0,    0,    7,    0,    0,    0,    0,    0,    0,    0,    0,    0,    9,    0,    0,    0,    0,    0,    0,    0,    0,   13,    0,    0,    0,    0,    0,    0,   -4,    0,    4,    0,    0,    0,    0,    0,    0,    0,    0,   -4,    0,    0,    0,    0,    0,   -5,    0,    0,    0,  -14,    0,    0,    0,    0,   13,    0,   -5,    0,    0,  -14,    0,    0,   -4,    0,    0,    0,
       0,   -9,   -3,    0,    0,    0,  -20,    0,    2,    0,    0,    0,  -22,    0,    0,    0,    0,    0,    0,   -5,    0,  -12,    0,    0,  -12,    0,  -39,  -23,  -28,  -13,    0,    0,    0,  -10,   -2,   -2,   -7,   -4,   -2,    3,   -7,   -2,   -2,   -3,   -4,   -9,   -4,    0,    0,    0,    0,    0,    0,    0,    0,    0,   -7,   -7,   -7,   -7,   -2,   -2,   -2,   -2,   -7,   -7,    0,   -7,    3,    0,    0,   -7,   -2,    0,   -7,  -10,   -2,   -7,   -7,   -7,    0,  -16,  -28,  -11,  -23,  -28,    0,  -20,    0,  -10,    0,   -9,   -9,    0,  -13,    0,    0,    0,    0,   -2,   -7,    3,  -23,   -9,    0,   -7,    0,    0,    0,    0,   -7,   -2,    0,
       0,   -9,   -3,    0,    0,    0,  -20,    0,    2,    0,    0,    0,  -22,    0,    0,    0,    0,    0,    0,   -5,    0,  -12,    0,    0,  -12,    0,  -39,  -23,  -30,  -13,    0,    0,    0,  -10,   -2,   -2,   -7,   -4,   -2,    3,   -7,   -2,   -2,   -3,   -4,   -9,   -4,    0,    0,    0,    0,    0,    0,    0,    0,    0,   -7,   -7,   -7,   -7,   -2,   -2,   -2,   -2,   -7,   -7,    0,   -7,    3,    0,    0,   -7,   -2,    0,   -7,  -10,   -2,   -7,   -7,   -7,    0,  -16,  -30,  -11,  -23,  -30,    0,  -20,    0,  -10,    0,   -9,   -9,    0,  -13,    0,    0,    0,    0,   -2,   -7,    3,  -23,   -9,    0,   -7,    0,    0,    0,    0,   -7,   -2,    0,
       0,    0,    0,    0,    0,    0,    0,    0,    0,    0,    0,    0,    0,    0,    0,    0,    0,    0,    0,    0,    0,    0,    5,   12,   12,    5,    7,    0,    7,    0,    0,    0,    0,    0,   21,    0,    0,    0,   21,    0,    0,    0,    0,    0,    0,    0,    0,    0,    0,    0,    0,    0,    0,    0,    0,    5,    7,    0,   11,   21,    0,   21,    0,   46,   18,    5,    5,   14,   16,    0,    9,    0,    0,    0,   14,    0,    0,   28,    7,   12,    5,    0,    7,    0,    0,    7,    0,    0,    0,    0,    0,    0,    0,    0,    0,    0,    0,    0,    0,    0,    0,    0,    0,    0,    0,    0,    0,    0,    0,    0,    0,    0,    0,
       0,    0,    0,    0,    0,    0,    0,    0,    0,    0,    0,    0,    0,    0,    0,    0,    0,    0,    0,    0,    0,    0,    5,   12,   12,    5,    7,    0,   14,    0,    0,    0,    0,    0,   21,    0,    0,    0,   21,    0,    0,    0,    0,    0,    0,    0,    0,    0,    0,    0,    0,    0,    0,    0,    0,    5,    7,    0,   11,   21,    0,   21,    0,   46,   18,    5,    5,   14,   16,    0,    9,    0,    0,    0,   14,    0,    0,   28,    7,   12,    5,    0,   14,    0,    0,   14,    0,    0,    0,    0,    0,    0,    0,    0,    0,    0,    0,    0,    0,    0,    0,    0,    0,    0,    0,    0,    0,    0,    0,    0,    0,    0,    0,
       0,    0,    0,    0,    0,    0,    0,    0,    0,    0,    0,    0,    0,    0,    0,    0,    0,    0,    0,    0,    0,    0,    5,   19,   12,    5,    7,    0,    7,    0,    0,    0,    0,    0,   21,    0,    0,    0,   21,    0,    0,    0,    0,    0,    0,    0,    0,    0,    0,    0,    0,    0,    0,    0,    0,    5,    7,    0,   11,   21,    0,   21,    0,   46,   18,    5,    5,   14,   16,    0,    9,    0,    0,    0,   14,    0,    0,   28,    7,   12,    5,    0,    7,    0,    0,    7,    0,    0,    0,    0,    0,    0,    0,    0,    0,    0,    0,    0,    0,    0,    0,    0,    0,    0,    0,    0,    0,    0,    0,    0,    0,    0,    0,
       0,    0,    0,    0,    0,    0,    0,    0,    0,    0,    0,    0,    0,    0,    0,    0,    0,    0,    0,    0,    0,    0,    5,   12,    7,    5,    7,    0,    7,    0,    0,    0,    0,    0,   21,    0,    0,    0,   21,    0,    0,    0,    0,    0,    0,    0,    0,    0,    0,    0,    0,    0,    0,    0,    0,    5,    7,    0,   11,   21,    0,   21,    0,   46,   18,    5,    5,   14,   16,    0,    9,    0,    0,    0,   14,    0,    0,   28,    7,   12,    5,    0,    7,    0,    0,    7,    0,    0,    0,    0,    0,    0,    0,    0,    0,    0,    0,    0,    0,    0,    0,    0,    0,    0,    0,    0,    0,    0,    0,    0,    0,    0,    0,
       0,    0,    0,    0,    0,    0,  -37,   -9,    0,    0,    0,    0,    0,    0,    0,    0,    0,    0,   -5,    0,   -4,    0,    0,    0,    0,    0,    0,    0,    0,    0,    0,    0,    0,  -11,   -7,   -7,   -2,   -4,   -7,   28,   -2,  -12,   11,    6,   11,   -2,   11,   -6,    0,    0,    0,    0,    0,    0,    0,    0,   -2,   -2,   -2,   -2,   -7,    7,   -7,   -7,   -2,   -2,    0,   -2,   28,    0,    7,   -2,  -12,   -6,   -2,  -11,   -7,   -2,   -2,   -2,    0,    0,    0,    0,    0,    0,   -4,    0,    0,    0,   -4,    0,   -2,    5,  -30,    7,   14,   -5,   -6,   -7,   -2,   28,    0,   -2,   14,   -2,   14,    0,    0,   -4,   -2,   -7,    0,
       0,    0,    0,    0,    0,    0,    0,    0,    0,    0,    0,    0,    0,    0,    0,    0,    0,    0,    0,    0,    0,    0,    0,    0,    0,    0,    0,    0,    0,    0,    0,    0,    0,    0,    0,    0,    0,    0,    0,    0,    0,    0,    0,    0,    0,    0,    0,    0,    0,    0,    0,    0,    0,    0,    0,    0,    0,    0,    0,    0,    0,    0,    0,    0,    0,    0,    0,    0,    0,    0,    0,    0,    0,    0,    0,    0,    0,    0,    0,    0,    0,    0,    0,    0,    0,    0,    0,    0,    0,    0,    0,    0,    0,    0,    0,    0,    0,    0,    0,    0,    0,    0,    0,    0,    0,    0,    0,    0,    0,    0,    0,    0,   -5,
       0,    0,    0,    0,    0,    0,    0,    0,    0,    0,    0,    0,    0,    0,    0,    0,    0,    0,    0,    0,    0,    0,    0,    0,    0,    0,    0,    0,    0,    0,    0,    0,    0,    0,    0,    0,    0,    0,    0,    0,    0,    0,    0,    0,    0,    0,    0,    0,    0,    0,    0,    0,    0,    0,    0,    0,    0,    0,    0,    0,    0,    0,    0,    0,    0,    0,    0,    0,    0,    0,    0,    0,    0,    0,    0,    0,    0,    0,    0,    0,    0,    0,    0,    0,    0,    0,    0,    0,    0,    0,    0,    0,    0,    0,    0,    0,    0,    0,    0,    0,    0,    0,    0,    0,    0,    0,    0,    0,    0,    0,    0,    0,   -2,
       0,    0,    0,    0,    0,    0,    0,    0,    0,    0,    0,    0,    0,    0,    0,    0,    0,    0,    0,    0,    0,    0,    0,    0,    0,    0,    0,    0,    0,    0,    0,    0,    0,    0,    0,    0,    0,    0,    0,    0,    0,    0,    0,    0,    0,    0,    0,    0,    0,    0,    0,    0,    0,    0,    0,    0,    0,    0,    0,    0,    0,    0,    0,    0,    0,    0,    0,    0,    0,    0,    0,    0,    0,    0,    0,    0,    0,    0,    0,    0,    0,    0,    0,    0,    0,    0,    0,    0,    0,    0,    0,    0,    0,    0,    0,    0,    0,    0,    0,    0,    0,    0,    0,    0,    0,    0,    0,    0,    0,    0,    0,    0,  -11,
       0,    0,    0,    0,    0,    0,    0,    0,    0,    0,    0,    0,    0,    0,    0,    0,    0,    0,    0,    0,    0,    0,    0,    0,    0,    0,    0,    0,    0,    0,    0,    0,    0,    0,    0,    0,    0,    0,    0,   -2,    0,    0,    0,    0,  -12,   -4,   -9,    0,    0,    0,    0,    0,    0,    0,    0,    0,    0,    0,    0,    0,    0,    0,    0,    0,    0,    0,    0,    0,    0,    0,    0,    0,    0,    0,    0,    0,    0,    4,    0,    0,    0,    0,    0,    0,    0,    0,    0,    0,    0,    0,    0,    0,   -4,    0,    0,    0,    0,    0,    0,    0,    0,   -2,    0,   -4,    0,    0,    0,    0,    0,    0,    0,    0,    0,
};

static const EpdLigaturePair bitter_16_boldLigaturePairs[] = {
    { 0x00660069, 0xFB01 }, // f i -> U+FB01
    { 0x0066006C, 0xFB02 }, // f l -> U+FB02
};

static const EpdFontData bitter_16_bold = {
    bitter_16_boldBitmaps,
    bitter_16_boldGlyphs,
    bitter_16_boldIntervals,
    67,
    40,
    32,
    -9,
    true,
    bitter_16_boldGroups,
    19,
    nullptr,
    bitter_16_boldKernLeftClasses,
    bitter_16_boldKernRightClasses,
    bitter_16_boldKernMatrix,
    707,
    703,
    140,
    113,
    bitter_16_boldLigaturePairs,
    2,
};
