/**
 * generated by fontconvert.py
 * name: cairo_16_regular
 * size: 16
 * mode: 2-bit  compressed: true
 * Command used: fontconvert.py cairo_16_regular 16 ../builtinFonts/source/Cairo/Cairo-Regular.ttf --2bit --compress --script arabic
 */
#pragma once
#include "EpdFontData.h"

static const uint8_t cairo_16_regularBitmaps[8384] = {
    0xBD, 0x59, 0x3D, 0x8C, 0xDC, 0xD6, 0x11, 0x1E, 0x92, 0xD2, 0x11, 0x30, 0x01, 0x51, 0xC5, 0x5D,
    0x80, 0xD8, 0x70, 0x98, 0x26, 0x80, 0xE3, 0x04, 0x61, 0x9B, 0x42, 0x5C, 0x32, 0x71, 0xE9, 0x22,
    0x57, 0xDC, 0xCA, 0x85, 0x0B, 0x37, 0x31, 0xA0, 0xA8, 0xC8, 0x35, 0x2E, 0x52, 0xEC, 0x1E, 0x69,
    0xBB, 0x4C, 0x61, 0x15, 0x49, 0x9F, 0x00, 0x0E, 0x60, 0xAD, 0x8A, 0x4B, 0x91, 0xE2, 0x8A, 0x3D,
    0x2D, 0x63, 0x17, 0x2E, 0xD2, 0x10, 0x08, 0x8C, 0x14, 0x6E, 0x68, 0x58, 0xCA, 0x8F, 0x81, 0xC0,
    0x04, 0x42, 0x01, 0xAB, 0x33, 0x77, 0x99, 0xEF, 0x9B, 0xF7, 0x76, 0x6F, 0x75, 0xBE, 0x93, 0xA5,
    0x24, 0xCE, 0x2E, 0x67, 0xB8, 0xBB, 0x7C, 0x6F, 0xDE, 0x9B, 0x79, 0x33, 0xDF, 0xCC, 0x7B, 0x2B,
    0x83, 0xC1, 0x20, 0xD9, 0x78, 0x6D, 0x8B, 0x48, 0x72, 0x70, 0x70, 0x80, 0x5B, 0x17, 0x65, 0xB8,
    0xE6, 0x61, 0x76, 0xC4, 0x4B, 0xCC, 0xB5, 0x77, 0x59, 0xCC, 0x6B, 0x2A, 0xCD, 0xB9, 0x6C, 0xE7,
    0x78, 0xF8, 0x20, 0x4B, 0xFB, 0xBE, 0x6F, 0x94, 0x5D, 0xD8, 0x4E, 0xD9, 0x69, 0x3B, 0xED, 0x76,
    0x71, 0x63, 0xF9, 0x36, 0xE8, 0x0D, 0xD0, 0xEF, 0x0D, 0x5D, 0x6E, 0xC4, 0xED, 0xFB, 0x3A, 0x62,
    0xF7, 0xA2, 0xDA, 0x1D, 0x3B, 0x95, 0x4C, 0x9D, 0x52, 0xA6, 0x2E, 0xC8, 0x2B, 0xE5, 0x18, 0x94,
    0xBE, 0x5D, 0x48, 0xD4, 0x17, 0xE2, 0xF7, 0x0B, 0xC1, 0x87, 0x52, 0x82, 0xFD, 0x46, 0x02, 0xAF,
    0x91, 0xD0, 0x69, 0x25, 0x94, 0x56, 0xAE, 0x90, 0xF0, 0xF9, 0x79, 0xAF, 0xD9, 0x7E, 0x3E, 0xAA,
    0xF3, 0xBE, 0x2F, 0xF6, 0xD9, 0x36, 0xC1, 0x10, 0xD7, 0x40, 0x3F, 0xB4, 0xC4, 0x57, 0x26, 0x85,
    0x04, 0x1D, 0x46, 0x89, 0x7F, 0x8E, 0x21, 0xAE, 0x85, 0x1E, 0x99, 0x5F, 0x80, 0xBD, 0x9C, 0x81,
    0x85, 0xE8, 0x15, 0x5E, 0xC1, 0x30, 0x8B, 0xE7, 0x45, 0xFC, 0x96, 0xBD, 0x4D, 0x57, 0x4E, 0x59,
    0xE7, 0xAC, 0x4A, 0x38, 0xF5, 0x4C, 0xC4, 0xFD, 0x00, 0x73, 0xF1, 0x3E, 0x7C, 0xBF, 0x12, 0xEF,
    0x97, 0x6F, 0xD6, 0x12, 0xBC, 0xFC, 0x23, 0x4C, 0x29, 0xC0, 0xA7, 0x2B, 0xFE, 0x5B, 0x35, 0x26,
    0xF3, 0xB7, 0x52, 0xBE, 0xEF, 0xF4, 0x99, 0x5C, 0x12, 0xAE, 0xC5, 0x1E, 0xFB, 0x46, 0x7D, 0x05,
    0x9E, 0xF7, 0x2D, 0xF8, 0xC2, 0xE9, 0x20, 0x68, 0x0E, 0xB3, 0x08, 0xE6, 0x3E, 0x5E, 0x71, 0xE8,
    0x32, 0xE5, 0x9A, 0xE1, 0x89, 0xC8, 0x81, 0xCF, 0xD1, 0x52, 0x8C, 0x03, 0x2B, 0x2D, 0x64, 0x57,
    0xC2, 0xBF, 0xCE, 0x65, 0x2E, 0x69, 0x76, 0x17, 0xCD, 0x06, 0x12, 0xBF, 0xD9, 0xC8, 0x48, 0x82,
    0x4F, 0xB8, 0x38, 0xEE, 0x49, 0xCD, 0x8E, 0xB3, 0x8A, 0x3C, 0x2E, 0x29, 0x2A, 0xC2, 0xBA, 0xA0,
    0x77, 0x27, 0x71, 0xB5, 0xD5, 0xE5, 0x59, 0x00, 0x1B, 0x87, 0xA5, 0x03, 0xEB, 0x78, 0x85, 0x38,
    0xBB, 0x9C, 0x4F, 0xD7, 0x75, 0xF3, 0xA3, 0xA3, 0xA3, 0x3D, 0x69, 0x9D, 0xC6, 0x6B, 0xBC, 0x3A,
    0x28, 0xC3, 0x32, 0x2C, 0xA2, 0x2C, 0xCE, 0x52, 0xE1, 0x7B, 0x20, 0x07, 0xF6, 0x3D, 0xD0, 0xEF,
    0xB1, 0xC4, 0x59, 0x54, 0x84, 0x65, 0x50, 0xFA, 0x95, 0x57, 0xBB, 0x0D, 0x66, 0x81, 0xE1, 0xC6,
    0x9C, 0x8A, 0x44, 0x59, 0xB8, 0x7E, 0xE2, 0x51, 0x5A, 0xE3, 0xDA, 0xB7, 0xF9, 0xE6, 0xD7, 0x7E,
    0x65, 0xE4, 0xC7, 0x90, 0x94, 0xA8, 0x96, 0xE2, 0x88, 0x04, 0xD9, 0x76, 0x28, 0x83, 0x2B, 0x12,
    0xFC, 0x53, 0x9C, 0xFE, 0xB6, 0xD3, 0x2F, 0x82, 0x85, 0xA4, 0xDF, 0x92, 0x17, 0xB0, 0x14, 0x81,
    0x36, 0xF0, 0xEA, 0x73, 0xE9, 0xC5, 0x3B, 0x27, 0xB7, 0xE9, 0x71, 0xA0, 0xE5, 0x45, 0x6D, 0xC4,
    0xC9, 0xE4, 0xD9, 0x2C, 0x56, 0x4D, 0x12, 0x98, 0xEA, 0x48, 0xFE, 0x80, 0x41, 0x87, 0xC3, 0xDD,
    0xBE, 0x6F, 0x7B, 0x5D, 0x85, 0x29, 0x4C, 0x20, 0x72, 0x55, 0xD0, 0x80, 0x26, 0xEB, 0x68, 0x7F,
    0xE8, 0x85, 0xBE, 0x7E, 0x25, 0x61, 0x29, 0x61, 0x06, 0xD5, 0xCE, 0x79, 0x58, 0xF2, 0x61, 0xB4,
    0x7A, 0x38, 0x12, 0xA3, 0x8E, 0x18, 0xBB, 0xCE, 0xB0, 0xEA, 0x1E, 0xBC, 0x5A, 0xC2, 0x7B, 0xFE,
    0x5C, 0xA2, 0x02, 0x3D, 0x53, 0x51, 0x33, 0xE1, 0x3E, 0x26, 0x3B, 0xC6, 0x1A, 0xE9, 0x42, 0x65,
    0x60, 0xD1, 0x45, 0x2C, 0x66, 0xE3, 0xD8, 0x74, 0x83, 0x80, 0x03, 0x89, 0x29, 0x2A, 0x6C, 0x21,
    0x54, 0xC5, 0xEB, 0x40, 0x66, 0x48, 0x38, 0x4A, 0xDC, 0x38, 0x7D, 0x13, 0x9C, 0x34, 0xE9, 0xFB,
    0xCD, 0xC0, 0x6D, 0xAE, 0x62, 0xA2, 0x4F, 0x75, 0xED, 0x88, 0x30, 0x6A, 0x18, 0x3D, 0xAF, 0xCB,
    0x3E, 0x3C, 0x2E, 0xA0, 0x0D, 0x9B, 0x0D, 0xC2, 0xF7, 0x00, 0xFE, 0x0B, 0xC5, 0x39, 0x1B, 0x41,
    0x84, 0x79, 0x73, 0xD3, 0x0C, 0xF3, 0x92, 0xBB, 0xF0, 0xD1, 0x8D, 0xAF, 0x39, 0xAC, 0x3C, 0x83,
    0x8D, 0x49, 0xB2, 0x93, 0x41, 0xF6, 0x92, 0xB2, 0xCB, 0x9F, 0x4A, 0x04, 0x19, 0xFE, 0x19, 0xD9,
    0xFC, 0x1E, 0x95, 0xEE, 0xA4, 0x87, 0x62, 0x0B, 0x71, 0xEF, 0x20, 0xDC, 0x25, 0xB4, 0x6D, 0x10,
    0x17, 0x6B, 0x72, 0x5B, 0xFE, 0xF6, 0x3B, 0x89, 0x6A, 0xAC, 0x7C, 0x79, 0x08, 0x99, 0x94, 0xAD,
    0xD3, 0xD2, 0x79, 0x71, 0x49, 0xCC, 0xEC, 0x68, 0x35, 0xBB, 0x2A, 0x9D, 0x98, 0xCE, 0xE8, 0x09,
    0x5B, 0xC1, 0x3B, 0x11, 0xAC, 0x25, 0x58, 0x58, 0x80, 0x45, 0x19, 0x58, 0x4A, 0xE5, 0x12, 0xB2,
    0xBB, 0x93, 0x3B, 0x27, 0x30, 0x6B, 0xDF, 0x67, 0x37, 0x27, 0x87, 0x27, 0x99, 0xD1, 0xFA, 0x51,
    0x96, 0x1A, 0xA8, 0x6B, 0x06, 0xD0, 0xF0, 0x9A, 0x85, 0x18, 0xD2, 0x68, 0x45, 0xFB, 0x7F, 0x57,
    0x2B, 0xE6, 0x9F, 0xCD, 0xEA, 0x9F, 0x71, 0x61, 0x44, 0x63, 0x79, 0x6E, 0x67, 0xD2, 0x99, 0xCF,
    0x46, 0x93, 0xD7, 0x25, 0xA6, 0x26, 0x06, 0xAF, 0x14, 0x91, 0x89, 0x13, 0x71, 0xDF, 0x21, 0x16,
    0xC0, 0xBC, 0x87, 0xC0, 0x8E, 0x90, 0xCA, 0xC1, 0x89, 0xE8, 0x0A, 0x8F, 0x28, 0x97, 0x6C, 0xDD,
    0x26, 0x98, 0xC0, 0x11, 0xF2, 0xE5, 0x61, 0x27, 0x79, 0x26, 0x4B, 0xE3, 0x5D, 0x89, 0xF5, 0x1A,
    0x3A, 0x3E, 0x63, 0x96, 0x0C, 0x02, 0x52, 0x9A, 0xE8, 0x2E, 0x60, 0xCD, 0x57, 0xF1, 0x0D, 0x3B,
    0x17, 0xC6, 0x7F, 0x20, 0xA5, 0x25, 0xED, 0x0C, 0xAF, 0xD3, 0xCA, 0xAB, 0x55, 0xB1, 0xAB, 0x4D,
    0xA3, 0x72, 0xD8, 0x03, 0x6B, 0xD1, 0xF9, 0x69, 0x93, 0xE0, 0x9C, 0x26, 0x56, 0x43, 0xA7, 0xB1,
    0x98, 0x7B, 0x19, 0x03, 0x10, 0x76, 0x24, 0xEC, 0x7B, 0x80, 0x57, 0xB5, 0x05, 0x2F, 0xC3, 0x90,
    0x0C, 0x02, 0x13, 0x09, 0xD9, 0xA9, 0x9B, 0xC3, 0x75, 0x16, 0x12, 0x9C, 0x1C, 0xB6, 0x4C, 0x0B,
    0x80, 0x7A, 0x7A, 0x4F, 0x5A, 0x38, 0x0B, 0x0A, 0x4E, 0x29, 0x19, 0xB9, 0x8C, 0xD6, 0x58, 0xB1,
    0x38, 0x9B, 0x51, 0x14, 0x84, 0x2E, 0x81, 0xAE, 0x10, 0x8F, 0x6E, 0xB7, 0x6C, 0x4C, 0x20, 0xF8,
    0x65, 0xB6, 0x44, 0xDE, 0xE8, 0xCB, 0xA8, 0x0E, 0x9A, 0x34, 0x73, 0xE7, 0x90, 0xD2, 0x61, 0xC4,
    0x31, 0xB4, 0x18, 0x90, 0x38, 0x05, 0x4A, 0xC6, 0x10, 0xB3, 0x68, 0x39, 0xEB, 0xD1, 0x76, 0x26,
    0x37, 0x7F, 0x95, 0x5A, 0x3B, 0xD3, 0xCC, 0x63, 0xA3, 0x91, 0x3B, 0xBF, 0x04, 0x40, 0x8D, 0x21,
    0x2B, 0xB6, 0x5E, 0x77, 0x03, 0xD0, 0xB1, 0x67, 0x73, 0x28, 0x3E, 0x3E, 0x43, 0xFC, 0xC3, 0x7B,
    0x95, 0x57, 0xCD, 0xEB, 0x99, 0x42, 0xF1, 0x14, 0xEA, 0x25, 0x70, 0x92, 0xD1, 0xE9, 0x03, 0xE4,
    0x92, 0x00, 0x06, 0x9A, 0xC1, 0x17, 0x97, 0x0A, 0xDB, 0x80, 0x3D, 0xDE, 0x18, 0x56, 0xC2, 0x65,
    0x89, 0x68, 0x42, 0xFD, 0xB0, 0xE0, 0x87, 0x4A, 0xF1, 0xDC, 0x18, 0xF5, 0xEA, 0x64, 0x32, 0x79,
    0x17, 0x6E, 0x33, 0xE7, 0x7D, 0x73, 0xB4, 0xE1, 0x70, 0xB8, 0xC7, 0xDF, 0x49, 0xAB, 0xAC, 0x95,
    0x73, 0x65, 0xB0, 0xA8, 0x5B, 0xC4, 0x8A, 0x98, 0xAB, 0xAB, 0x42, 0x5B, 0x13, 0xAE, 0x18, 0x85,
    0xB2, 0x31, 0x06, 0x6F, 0x31, 0x7E, 0xC9, 0xF1, 0xF4, 0x17, 0x6B, 0x81, 0x04, 0x85, 0x16, 0x01,
    0xB1, 0x80, 0x63, 0xCE, 0xE8, 0x82, 0x10, 0x12, 0x16, 0x86, 0x56, 0x6B, 0xCE, 0x5C, 0x08, 0x0B,
    0x85, 0x98, 0x5A, 0x5A, 0xEA, 0xD7, 0x95, 0x0B, 0x28, 0x5D, 0xDD, 0x98, 0xE0, 0x99, 0x20, 0xD8,
    0xB0, 0x93, 0x2E, 0x1B, 0xDD, 0xA4, 0xE7, 0x3C, 0xC3, 0xE5, 0xEE, 0x37, 0x60, 0x1A, 0xC9, 0xF1,
    0x23, 0xBD, 0x95, 0x46, 0x81, 0xEB, 0x7A, 0xAD, 0x46, 0x40, 0xA6, 0xF1, 0x0E, 0xBF, 0x83, 0xE7,
    0xED, 0xFF, 0xF6, 0x56, 0x50, 0x22, 0x88, 0xE1, 0xCF, 0x5E, 0x15, 0x4B, 0xF8, 0xF0, 0x10, 0x79,
    0x8C, 0x7E, 0xC4, 0x9C, 0xC3, 0xAC, 0xC5, 0x3C, 0x94, 0x60, 0x25, 0xCD, 0x3D, 0xD1, 0xFB, 0x18,
    0xAB, 0x7A, 0xDE, 0x3D, 0xC1, 0xDD, 0xB5, 0xED, 0x5C, 0xED, 0x3F, 0xE0, 0x9D, 0xF2, 0xF0, 0xDC,
    0x87, 0xFC, 0xA8, 0xCA, 0xE7, 0x21, 0xC6, 0x0B, 0x7A, 0x78, 0x4B, 0xC6, 0x74, 0x5A, 0xC7, 0x0B,
    0x83, 0x3F, 0x44, 0x87, 0xD6, 0x66, 0x81, 0x85, 0x55, 0x2B, 0xB7, 0x0F, 0xA2, 0x7E, 0x32, 0xC9,
    0xAC, 0x7E, 0x85, 0xC6, 0xC4, 0x9D, 0xCF, 0xB2, 0x95, 0xEE, 0x1E, 0xF3, 0xBB, 0x4F, 0x16, 0x7C,
    0x08, 0x9D, 0xC3, 0xB7, 0x61, 0xC8, 0xF0, 0xC7, 0x60, 0x11, 0x51, 0x2B, 0xA6, 0xA1, 0x06, 0xB4,
    0xD8, 0xD8, 0xE4, 0x99, 0x84, 0xE6, 0x1B, 0xD0, 0x7E, 0x31, 0x61, 0x2D, 0x62, 0x2C, 0x02, 0xCA,
    0xC0, 0x4A, 0x8F, 0xA8, 0x08, 0x1F, 0xEE, 0x91, 0x69, 0x01, 0x55, 0x58, 0x24, 0xAF, 0xC1, 0x2A,
    0xB9, 0x4D, 0x4C, 0x04, 0xE4, 0x5A, 0xCD, 0x07, 0x2B, 0x54, 0x24, 0x8E, 0x15, 0x64, 0xA8, 0x24,
    0x86, 0xD7, 0x17, 0x14, 0x7B, 0x40, 0x66, 0xE1, 0x63, 0xC5, 0xF4, 0x2B, 0xB3, 0x27, 0xCA, 0x15,
    0xA2, 0x9E, 0x61, 0x83, 0xE1, 0xAB, 0x8B, 0xF5, 0xD3, 0xA8, 0x48, 0xE8, 0x10, 0x64, 0xE5, 0xEA,
    0x93, 0xFE, 0x96, 0x66, 0x90, 0xDC, 0xB3, 0x87, 0xF6, 0x65, 0x5C, 0x0E, 0x89, 0x35, 0x4B, 0x98,
    0x61, 0xE9, 0x3F, 0x94, 0x1D, 0x42, 0x1B, 0x91, 0x8D, 0x5E, 0x15, 0xDB, 0x98, 0xDB, 0x8C, 0xBD,
    0x15, 0x6D, 0xFE, 0x1E, 0x6F, 0x7A, 0x21, 0x53, 0x09, 0xE4, 0x50, 0x9E, 0x68, 0x5C, 0xDA, 0x80,
    0x4C, 0xE9, 0x45, 0x56, 0xB7, 0x57, 0x74, 0xA6, 0xB9, 0x6A, 0xB4, 0x9E, 0x64, 0x40, 0xE6, 0x57,
    0x2B, 0xE6, 0xD5, 0x5F, 0x66, 0x7E, 0xBD, 0x7A, 0x1A, 0x54, 0x6B, 0xDD, 0xC8, 0xE2, 0x2C, 0xA1,
    0x97, 0xC3, 0x06, 0x9D, 0x19, 0x23, 0xED, 0x97, 0xD9, 0x6A, 0xD8, 0x8E, 0x84, 0xD4, 0xB0, 0xC7,
    0xEA, 0xF3, 0x22, 0x42, 0x9B, 0x92, 0x84, 0x76, 0xD9, 0xE3, 0xDA, 0x51, 0xCE, 0x4A, 0xA6, 0x95,
    0x3F, 0x27, 0x31, 0xF5, 0x3C, 0xAE, 0x9F, 0x1D, 0xA3, 0xD0, 0x71, 0x26, 0x93, 0xE2, 0xAB, 0xDA,
    0x26, 0x26, 0xD8, 0xB9, 0x0A, 0xE8, 0x45, 0x27, 0xAD, 0xBC, 0x85, 0x5C, 0x2E, 0x98, 0xCC, 0x37,
    0xF2, 0xEA, 0x69, 0xFE, 0x39, 0x4D, 0x42, 0x96, 0x79, 0x7D, 0x65, 0x99, 0x7B, 0xA7, 0x4A, 0x69,
    0x37, 0x65, 0x31, 0x19, 0xFA, 0xFA, 0x15, 0xA4, 0xA0, 0xFE, 0x63, 0x59, 0x05, 0xC9, 0xCF, 0x55,
    0xC2, 0x31, 0x74, 0x34, 0x05, 0x19, 0x7D, 0x5D, 0xB0, 0x0E, 0x8F, 0x61, 0xAC, 0xFF, 0x2C, 0x9B,
    0x4C, 0xEE, 0xD4, 0x4F, 0x2F, 0x40, 0x92, 0xF3, 0x5F, 0x1A, 0x24, 0x4F, 0xFA, 0xEE, 0xDC, 0x79,
    0xDE, 0xE6, 0xD5, 0xF6, 0x5A, 0x8B, 0xDC, 0xC4, 0x68, 0xC2, 0xC4, 0x4F, 0xC0, 0x01, 0xF3, 0x59,
    0x5F, 0xC0, 0x06, 0x09, 0x7D, 0x37, 0xA1, 0xFD, 0x12, 0xA6, 0xBE, 0x44, 0x83, 0xFB, 0x15, 0x22,
    0x27, 0xEB, 0xB9, 0x94, 0x49, 0x39, 0xE1, 0xC6, 0x20, 0x11, 0xDD, 0xC0, 0x68, 0x3B, 0xE4, 0x44,
    0xDB, 0xD7, 0xA7, 0x28, 0x80, 0x8C, 0x15, 0x0F, 0x44, 0x4C, 0xEC, 0x5A, 0x48, 0xF2, 0x3F, 0x26,
    0xBA, 0x66, 0x6A, 0xAC, 0x5B, 0xDB, 0x98, 0x22, 0x2C, 0x75, 0x96, 0x03, 0x98, 0xA2, 0x2E, 0xC1,
    0x44, 0xD3, 0x51, 0x02, 0x54, 0x4A, 0x46, 0xB4, 0xD9, 0x68, 0x94, 0x60, 0x32, 0xDD, 0x28, 0x89,
    0x50, 0x29, 0x8F, 0x92, 0x30, 0x73, 0x1A, 0xF0, 0xD2, 0x03, 0xF7, 0x4B, 0xAF, 0x1A, 0x25, 0x5E,
    0xE5, 0x97, 0xA3, 0xC4, 0xC5, 0x36, 0x64, 0x94, 0x38, 0x4D, 0x98, 0x8D, 0x12, 0x69, 0x23, 0x01,
    0x3F, 0x8A, 0xC9, 0xCD, 0x05, 0x79, 0xE0, 0x3F, 0x38, 0x22, 0x47, 0x9A, 0x02, 0x47, 0x66, 0x01,
    0x87, 0xF3, 0x8C, 0xD4, 0x51, 0x47, 0xAB, 0xE9, 0x78, 0x0D, 0xE6, 0x01, 0x94, 0x46, 0xA1, 0xD4,
    0xA0, 0x17, 0x18, 0x61, 0x3E, 0x21, 0x56, 0x27, 0x44, 0xC4, 0x04, 0x65, 0x5E, 0x93, 0xC0, 0xE3,
    0x9A, 0x84, 0xD9, 0x20, 0xE1, 0x26, 0x07, 0x16, 0x27, 0x9B, 0x92, 0x25, 0x64, 0x31, 0x59, 0xF4,
    0x12, 0x18, 0x80, 0x17, 0x26, 0xFE, 0x00, 0xCC, 0xFB, 0x14, 0xCC, 0xFD, 0x17, 0x98, 0x7C, 0x41,
    0xD6, 0x93, 0xE5, 0x8D, 0x71, 0xD5, 0x98, 0xB9, 0x15, 0x3E, 0x27, 0x70, 0xE4, 0xBC, 0xC4, 0xAC,
    0x82, 0x1A, 0x8B, 0xA3, 0x40, 0xEB, 0xB4, 0x0C, 0x91, 0x39, 0x57, 0xA4, 0x53, 0xA6, 0x68, 0x7B,
    0x1E, 0x3B, 0x6D, 0xA2, 0x3D, 0xE0, 0x14, 0xCE, 0x5C, 0xA5, 0xA0, 0xEA, 0x0D, 0x1A, 0x48, 0xDE,
    0xE7, 0x4E, 0x0D, 0x20, 0xA6, 0xA3, 0xAD, 0x43, 0xE4, 0xCB, 0x98, 0x6D, 0x70, 0x8D, 0x28, 0x12,
    0x65, 0x6B, 0x18, 0x5E, 0x33, 0xFD, 0xCD, 0xE2, 0x38, 0x42, 0x73, 0xA1, 0x08, 0x62, 0xB0, 0x78,
    0x30, 0xDC, 0xB5, 0x81, 0xFF, 0x78, 0xF6, 0xFF, 0x57, 0x5A, 0x0C, 0x94, 0xCB, 0x9E, 0x7A, 0x76,
    0x44, 0xF8, 0xD1, 0x1A, 0xD8, 0x6B, 0x6C, 0x51, 0x67, 0x0C, 0x71, 0xCB, 0x28, 0x03, 0x43, 0x2C,
    0x4F, 0x53, 0xD1, 0x39, 0x36, 0x38, 0x35, 0x04, 0x6D, 0xE0, 0x2C, 0xD7, 0x36, 0xA8, 0xF0, 0xD5,
    0x84, 0x55, 0xB5, 0x0A, 0x53, 0xF7, 0x34, 0xB6, 0x8E, 0x4F, 0x93, 0xA1, 0x11, 0x2A, 0x97, 0xF7,
    0xB4, 0x2A, 0x47, 0x15, 0xDB, 0xC5, 0x95, 0x99, 0xDD, 0x78, 0x83, 0x58, 0xFA, 0xA6, 0x2C, 0x8B,
    0x1E, 0x32, 0x9B, 0x3F, 0x64, 0xA2, 0xAB, 0xC4, 0x99, 0xB5, 0xA6, 0x3A, 0x62, 0xB4, 0x6B, 0xB3,
    0xC4, 0xDE, 0xF9, 0xBD, 0xFB, 0x4E, 0xE6, 0xB7, 0x8C, 0xB0, 0x98, 0x4B, 0x6D, 0x55, 0xD3, 0xED,
    0x47, 0xA9, 0x6C, 0xE7, 0xFA, 0x83, 0x61, 0xA6, 0xB5, 0xF6, 0xD7, 0xCD, 0xC4, 0xCC, 0x2A, 0x2C,
    0xBF, 0x16, 0x96, 0x32, 0xCD, 0xA7, 0x19, 0x77, 0x20, 0xF7, 0x1C, 0xAD, 0xC8, 0x3B, 0xAA, 0x59,
    0xD9, 0x42, 0xDD, 0xE6, 0x11, 0xAD, 0x50, 0xB4, 0x56, 0x51, 0xBF, 0xD2, 0xFA, 0x45, 0x13, 0x47,
    0x50, 0x06, 0xDC, 0x6F, 0x7B, 0xD5, 0x6A, 0xCB, 0x86, 0x29, 0xC7, 0x2C, 0x85, 0x53, 0xD1, 0x73,
    0x10, 0x80, 0xE8, 0xD8, 0x00, 0x36, 0xB0, 0xA1, 0xA3, 0x2C, 0x38, 0x6B, 0xAA, 0xC5, 0x13, 0x95,
    0x43, 0x70, 0xB3, 0xAA, 0x62, 0x69, 0xF5, 0x31, 0x86, 0x0C, 0xD6, 0xE5, 0x96, 0x79, 0x75, 0xBA,
    0x16, 0xDC, 0x12, 0xC0, 0xE9, 0xC6, 0x23, 0xAC, 0x31, 0x64, 0xA1, 0x0E, 0xEC, 0xD5, 0x95, 0xBD,
    0xCF, 0x33, 0xFA, 0xB6, 0xF7, 0x71, 0x21, 0xF0, 0x73, 0xEF, 0x4F, 0xA5, 0x03, 0xC4, 0xF2, 0x3F,
    0x2C, 0x5D, 0x4C, 0x31, 0x78, 0x1B, 0xD0, 0x82, 0x9A, 0xFF, 0xA5, 0x8A, 0x73, 0x0D, 0xDD, 0xDA,
    0x43, 0xDD, 0x15, 0x39, 0x28, 0x14, 0xFD, 0x32, 0x96, 0x86, 0x67, 0x21, 0x03, 0x69, 0x01, 0x42,
    0xA8, 0x1F, 0x8E, 0x38, 0xF5, 0x91, 0x4C, 0x43, 0x4C, 0x1E, 0x00, 0x17, 0x61, 0xFA, 0x47, 0x92,
    0xF0, 0x06, 0x0D, 0xA0, 0x72, 0x0B, 0x95, 0xA0, 0xC9, 0x49, 0x23, 0x11, 0x74, 0x99, 0xA1, 0x9A,
    0xC3, 0xBC, 0xF2, 0x5A, 0x6F, 0x36, 0xE3, 0x7A, 0x35, 0x6A, 0x25, 0x1E, 0xA1, 0xC0, 0x98, 0x3E,
    0x37, 0xAD, 0xF0, 0xD6, 0x63, 0xCE, 0x1F, 0xDA, 0x8E, 0xA9, 0x68, 0xCA, 0x0D, 0x5B, 0xF4, 0x0E,
    0x0B, 0xC9, 0xCF, 0xB9, 0x75, 0x65, 0x10, 0x31, 0x99, 0x98, 0x4F, 0x7E, 0xCF, 0x40, 0x7A, 0x87,
    0xE5, 0x16, 0xEB, 0xD5, 0x31, 0xC3, 0x89, 0xC7, 0x4C, 0x2E, 0x8F, 0x8F, 0x74, 0x13, 0x0C, 0xC9,
    0x71, 0x06, 0xCB, 0xEB, 0x82, 0xF9, 0x06, 0xF6, 0x0F, 0x58, 0xFE, 0xA4, 0x5C, 0x44, 0x0C, 0x1E,
    0x63, 0x78, 0x26, 0xFB, 0x1A, 0x83, 0xBA, 0x0D, 0xB7, 0xB5, 0x1D, 0xA5, 0x1C, 0xB3, 0x6D, 0xAA,
    0xDB, 0xC0, 0xD7, 0x58, 0x99, 0x71, 0x20, 0x9F, 0x25, 0xB0, 0xB7, 0xDE, 0x7A, 0x3F, 0x15, 0x33,
    0x31, 0xB0, 0x20, 0xED, 0x0C, 0x87, 0x0B, 0xBB, 0x01, 0x6B, 0xCD, 0x9C, 0xF4, 0xF8, 0x21, 0xD3,
    0xF3, 0x06, 0xFE, 0xBC, 0xDA, 0x84, 0xB2, 0x8C, 0x4C, 0x4D, 0x58, 0x71, 0x5E, 0xFC, 0x99, 0xA0,
    0x11, 0xDB, 0x9F, 0xEF, 0xA2, 0x92, 0x5A, 0xC9, 0xD4, 0xC2, 0x7C, 0x99, 0x2F, 0x0F, 0x86, 0x58,
    0x88, 0xA7, 0x78, 0x8F, 0xB5, 0xD7, 0xEA, 0xD4, 0xD4, 0xD0, 0xC0, 0x96, 0x45, 0xAC, 0x46, 0x83,
    0xD2, 0x6C, 0x99, 0x57, 0x87, 0x16, 0xBA, 0xCB, 0x79, 0xA2, 0x46, 0xC7, 0x9B, 0x8D, 0xA0, 0xDB,
    0x25, 0x99, 0x2D, 0x66, 0x8B, 0x21, 0x21, 0xE8, 0x69, 0xDE, 0x63, 0xF6, 0xB2, 0x27, 0x15, 0xDC,
    0x8D, 0x45, 0x8C, 0x05, 0x78, 0xD3, 0x08, 0x72, 0xE7, 0xCC, 0xC6, 0x3C, 0xF6, 0xE0, 0x29, 0x1F,
    0x32, 0x70, 0x01, 0xFC, 0xC5, 0xC0, 0x3B, 0x22, 0xDB, 0xB0, 0xC9, 0x9C, 0x04, 0x5B, 0xEF, 0x5E,
    0xD2, 0xE2, 0x3A, 0x9E, 0xEB, 0x2E, 0xF1, 0x39, 0x6E, 0x55, 0x9E, 0x05, 0x58, 0x02, 0x9E, 0xE4,
    0xD9, 0xE1, 0x7E, 0x61, 0xAC, 0xEF, 0x5B, 0x0A, 0x4A, 0xE7, 0x10, 0x5B, 0x6B, 0xD6, 0x98, 0x85,
    0x8F, 0x40, 0xF7, 0xCB, 0xE9, 0x06, 0x1D, 0x48, 0x5C, 0xA5, 0x0A, 0x97, 0x9F, 0x74, 0xB2, 0x2B,
    0x97, 0xA6, 0x1B, 0x56, 0xFB, 0x12, 0xED, 0xCF, 0xB9, 0xE2, 0x32, 0xBB, 0x9F, 0xA3, 0x6F, 0x58,
    0xA1, 0x7F, 0x4D, 0x9F, 0x04, 0x35, 0xE7, 0x50, 0x6D, 0x9E, 0x87, 0x68, 0x9B, 0x97, 0xDA, 0x8F,
    0xD9, 0x89, 0x69, 0x6A, 0x76, 0x42, 0x70, 0x91, 0xF0, 0xC1, 0xF5, 0xF5, 0xCA, 0x0F, 0x36, 0x30,
    0x77, 0xBC, 0x81, 0xC1, 0x83, 0x8D, 0xFD, 0x44, 0xA4, 0xB0, 0xD0, 0x13, 0xDE, 0xB1, 0x35, 0xD3,
    0x8D, 0xDA, 0x99, 0x83, 0xA7, 0x0D, 0xCA, 0x97, 0x2D, 0xF6, 0x59, 0x2D, 0xC6, 0x68, 0xA3, 0x82,
    0x98, 0xE5, 0xB4, 0x48, 0x2B, 0x2D, 0xAA, 0xBD, 0x76, 0x7C, 0x86, 0x06, 0x96, 0xD8, 0x26, 0xAA,
    0x9E, 0x6B, 0x91, 0x3A, 0x5A, 0xB7, 0x7F, 0xD0, 0xEA, 0x51, 0xCF, 0xBE, 0x9E, 0xE2, 0x65, 0xE1,
    0xBD, 0x88, 0xFB, 0x57, 0xEC, 0x31, 0xB9, 0xEF, 0x74, 0x48, 0xED, 0xC1, 0x70, 0xD8, 0xDA, 0x23,
    0x99, 0x66, 0x73, 0xBE, 0x1B, 0x73, 0x6D, 0x1C, 0x16, 0x66, 0x3A, 0x57, 0x4C, 0xBB, 0xF1, 0xFA,
    0x06, 0x49, 0x39, 0xD4, 0x63, 0x49, 0xAC, 0x2D, 0xAE, 0xC3, 0xCF, 0x6E, 0xA1, 0x05, 0xB8, 0xF9,
    0xFA, 0x24, 0x97, 0x33, 0x3B, 0xB9, 0x0D, 0xD1, 0xCB, 0xA8, 0x8A, 0x3F, 0x4A, 0xB1, 0xBC, 0x88,
    0x74, 0x20, 0x97, 0xC7, 0xCA, 0x1E, 0x84, 0x6A, 0x1E, 0x1B, 0xDE, 0x70, 0xD9, 0x67, 0x3C, 0xA3,
    0xF3, 0x3E, 0xCA, 0xAC, 0x13, 0xC0, 0x19, 0xEE, 0xEF, 0xE9, 0x81, 0x24, 0xFA, 0xD2, 0xA9, 0x3A,
    0x2D, 0x05, 0x61, 0x69, 0xBA, 0xDE, 0x80, 0x29, 0xFF, 0xFE, 0xAB, 0x54, 0xBD, 0x72, 0x0E, 0xFF,
    0x21, 0x4F, 0xE0, 0x06, 0xD9, 0xEC, 0xFE, 0x3E, 0x96, 0x36, 0x80, 0x1B, 0x78, 0x95, 0x75, 0x83,
    0x27, 0xA6, 0xED, 0xE9, 0xF4, 0x06, 0x44, 0xDD, 0x98, 0x9E, 0x79, 0xC9, 0xB6, 0x26, 0x88, 0x1B,
    0x16, 0xF4, 0x6F, 0x3C, 0x49, 0x5D, 0x8F, 0x52, 0xB1, 0x0D, 0xEB, 0xBC, 0x48, 0x1E, 0x37, 0x67,
    0xA5, 0x67, 0x8A, 0xA9, 0x9E, 0xE5, 0x1E, 0x68, 0xB7, 0x29, 0xB0, 0x6A, 0x0A, 0xAC, 0x9A, 0x62,
    0x31, 0x66, 0xBD, 0x28, 0x1D, 0xBF, 0x56, 0xC8, 0x14, 0x40, 0x85, 0xC2, 0x53, 0xA6, 0x7A, 0xEC,
    0x8F, 0x76, 0x70, 0xC0, 0x29, 0x90, 0x8B, 0xAE, 0x3C, 0xBA, 0xE0, 0x75, 0x23, 0x9E, 0x6F, 0xF5,
    0x05, 0xAC, 0x32, 0xEB, 0x5B, 0x84, 0xC7, 0xF2, 0x7A, 0x77, 0x4C, 0x60, 0x9B, 0x32, 0xC4, 0x98,
    0xB4, 0x80, 0x25, 0x03, 0xDA, 0xE9, 0xBF, 0xE3, 0x18, 0x65, 0x6D, 0xF9, 0xE3, 0xFF, 0xD0, 0xF2,
    0x92, 0x3F, 0xA4, 0x17, 0x14, 0xE1, 0xFD, 0xD7, 0xEA, 0x38, 0x43, 0x6D, 0x6E, 0x4E, 0x1B, 0xE6,
    0x2C, 0xA8, 0xC6, 0x9A, 0x52, 0x0D, 0x25, 0xC6, 0x43, 0x58, 0x26, 0xC2, 0x5B, 0xDC, 0x36, 0xAC,
    0xFC, 0x06, 0x9E, 0x83, 0xD2, 0x6F, 0xA9, 0xC1, 0x67, 0xE7, 0xA2, 0x60, 0x70, 0x7C, 0x0A, 0x06,
    0x36, 0xF8, 0xDD, 0x0D, 0xDA, 0x04, 0x04, 0xCE, 0x39, 0x5E, 0x83, 0xC1, 0x74, 0xE7, 0xE2, 0xD5,
    0xD2, 0x7D, 0xDA, 0x7E, 0x5F, 0xF3, 0xC8, 0x28, 0x7C, 0x78, 0xBD, 0x89, 0x0B, 0x07, 0x73, 0x75,
    0x9A, 0x81, 0x09, 0x3E, 0x04, 0xDC, 0xA3, 0x94, 0xD8, 0x67, 0x6C, 0x83, 0x20, 0xE6, 0x5C, 0x1B,
    0xB7, 0x47, 0xA2, 0xBE, 0xEC, 0xD8, 0x03, 0xB9, 0xF3, 0x48, 0x58, 0xD8, 0xDC, 0xD8, 0x2A, 0xA7,
    0x44, 0xA8, 0x62, 0x76, 0x8F, 0xF9, 0x6A, 0xFA, 0x04, 0x97, 0xD3, 0x9F, 0xF0, 0x9C, 0xB4, 0x48,
    0x7F, 0x7D, 0x93, 0xC7, 0xA2, 0xEB, 0x53, 0x65, 0x3D, 0xC6, 0x5B, 0x66, 0x08, 0x7D, 0x20, 0xFC,
    0xAB, 0x3C, 0x23, 0x8B, 0x6C, 0xF4, 0x91, 0xC2, 0x72, 0x1B, 0x80, 0x07, 0xB8, 0x45, 0x5D, 0x0B,
    0x28, 0x84, 0xF6, 0x6E, 0xCD, 0x14, 0xB3, 0xBE, 0xBE, 0x77, 0xF2, 0x5E, 0xDA, 0x77, 0xE0, 0x9B,
    0x3F, 0x9E, 0xB9, 0xCC, 0xFF, 0x00, 0xCC, 0x9E, 0x28, 0xCF, 0xF2, 0x0E, 0x6B, 0xF1, 0x9E, 0xB8,
    0x05, 0x36, 0x57, 0xD5, 0x57, 0xD1, 0x74, 0x83, 0xC6, 0xDC, 0xFB, 0x67, 0xFB, 0x55, 0xCC, 0x53,
    0xA8, 0xFE, 0x2F, 0x15, 0x8F, 0x64, 0xBE, 0x0B, 0x53, 0xC0, 0x1D, 0xA6, 0xCC, 0x43, 0x51, 0xE6,
    0xB4, 0x61, 0xC1, 0x3D, 0xA0, 0xD7, 0xF8, 0xCC, 0x47, 0x15, 0x37, 0x68, 0x26, 0x27, 0xE1, 0x09,
    0xAA, 0xAD, 0xC8, 0x6C, 0x10, 0xB8, 0x67, 0x48, 0xC6, 0xFA, 0x07, 0x16, 0x13, 0xD2, 0xBB, 0xAC,
    0x8F, 0x5F, 0x60, 0x76, 0x20, 0xB8, 0x60, 0xC7, 0x00, 0x47, 0x8A, 0x1A, 0xBA, 0x58, 0xDC, 0x08,
    0x10, 0x36, 0x69, 0x1D, 0x94, 0x8E, 0xA3, 0x23, 0x16, 0x66, 0xD3, 0x11, 0x0A, 0xB2, 0x6C, 0x7E,
    0xCD, 0xAB, 0xC2, 0xA2, 0x1D, 0xF8, 0x65, 0xF0, 0xC7, 0x26, 0x46, 0x35, 0xF6, 0x7E, 0x1D, 0x21,
    0x03, 0xFE, 0xB9, 0x0A, 0x7F, 0x52, 0x78, 0x9F, 0x96, 0xE1, 0x3B, 0x99, 0xFB, 0x45, 0x19, 0x7C,
    0xCE, 0x53, 0x56, 0x0F, 0x11, 0x0A, 0x5C, 0x5B, 0xCA, 0x8B, 0xE2, 0xFC, 0x06, 0xCE, 0x5B, 0xF3,
    0x6C, 0xD1, 0xAF, 0x59, 0x69, 0xD2, 0x4D, 0xB1, 0x2E, 0x07, 0xAD, 0xD9, 0x01, 0x13, 0x7E, 0xE3,
    0xDA, 0x1C, 0xA9, 0x76, 0x1D, 0xB1, 0x1A, 0xEE, 0x17, 0x6B, 0x59, 0x16, 0x65, 0x3C, 0xF5, 0xF0,
    0x1A, 0x68, 0xFB, 0xC2, 0xA9, 0xB6, 0x02, 0x6D, 0x1D, 0xD5, 0x6F, 0xAD, 0x6D, 0x7D, 0x46, 0x5B,
    0xB6, 0x24, 0x50, 0x0E, 0x4E, 0xB5, 0x65, 0x61, 0xAB, 0x7E, 0xE4, 0xDA, 0x7F, 0x5E, 0x58, 0x33,
    0xE8, 0x4A, 0x17, 0xFA, 0x47, 0xC1, 0xCD, 0xC9, 0x84, 0xA0, 0x50, 0xDE, 0x9C, 0xCC, 0x8A, 0xF5,
    0xDF, 0x31, 0x3C, 0xD0, 0xE5, 0xFF, 0x0D, 0x1B, 0x25, 0x92, 0x63, 0x4B, 0x24, 0xFE, 0xC4, 0x53,
    0xB3, 0x1C, 0xDB, 0xFA, 0x99, 0xD9, 0x5E, 0x68, 0x01, 0xBC, 0xD5, 0xF2, 0x4C, 0x38, 0xE7, 0x3F,
    0xB6, 0xAC, 0x44, 0xE6, 0x7A, 0x75, 0x1B, 0xFE, 0xD8, 0xB1, 0xF0, 0x82, 0xC2, 0xAC, 0xDE, 0x2B,
    0xF1, 0xDB, 0x47, 0x1B, 0x9C, 0xE9, 0x02, 0x39, 0x90, 0xC6, 0x46, 0x32, 0x7A, 0xFC, 0x6B, 0x5B,
    0xCF, 0x73, 0xF5, 0xDC, 0xBB, 0xD1, 0xC4, 0x3A, 0xDF, 0xB8, 0xDA, 0xD5, 0x35, 0xD7, 0x46, 0x69,
    0x6D, 0xFE, 0xDE, 0xE2, 0xC9, 0x72, 0xF7, 0xE8, 0xD3, 0xD5, 0x05, 0x09, 0x68, 0x02, 0x69, 0x77,
    0x35, 0x21, 0xB2, 0x4E, 0xCC, 0xFB, 0xEC, 0x8D, 0xBB, 0x00, 0xCD, 0xDD, 0x2D, 0xEE, 0x33, 0xBE,
    0x29, 0xFF, 0x06, 0xED, 0x1A, 0x4B, 0x6C, 0xDC, 0xC6, 0xF5, 0x91, 0x94, 0xC4, 0x40, 0x44, 0xCD,
    0x1C, 0xA4, 0x18, 0x95, 0x6A, 0xB1, 0x3D, 0x14, 0x88, 0x0D, 0xDB, 0xCC, 0xC1, 0x87, 0x1C, 0xB4,
    0x24, 0x7B, 0xE9, 0x35, 0x5B, 0x40, 0x6C, 0x00, 0x0B, 0x45, 0xDA, 0x9B, 0xE1, 0x8B, 0x84, 0xA2,
    0x87, 0x1E, 0xF6, 0x43, 0x20, 0xC7, 0x5E, 0xD4, 0x20, 0xB9, 0xEB, 0xE0, 0x02, 0xB6, 0x82, 0x42,
    0x46, 0xE1, 0x83, 0x81, 0x6C, 0xB2, 0x04, 0x7A, 0xEC, 0xA1, 0x0C, 0xFA, 0xBB, 0x6E, 0xDA, 0xFA,
    0xD0, 0xA4, 0xAD, 0x79, 0x58, 0x03, 0xB4, 0xBC, 0xBB, 0xD3, 0xF7, 0x99, 0xE5, 0x72, 0xF5, 0x71,
    0xA2, 0x44, 0x96, 0xEC, 0xA4, 0x23, 0xCE, 0x7B, 0x6F, 0xC9, 0xE1, 0xCC, 0x9B, 0x37, 0x6F, 0xDE,
    0x67, 0x28, 0x33, 0xB1, 0x53, 0x37, 0x71, 0x23, 0x0F, 0x7C, 0x08, 0x21, 0x80, 0xA5, 0x48, 0x70,
    0x0D, 0x1A, 0x70, 0x1F, 0xEE, 0x01, 0x97, 0x73, 0x00, 0xEE, 0x7D, 0x70, 0x15, 0xB8, 0x76, 0xE2,
    0xBF, 0x9F, 0x86, 0x2A, 0xC5, 0x9B, 0x73, 0x91, 0x53, 0x79, 0xEF, 0x43, 0x98, 0x2E, 0x4D, 0xFD,
    0x07, 0x8B, 0x11, 0xD8, 0x6A, 0x14, 0xF9, 0x4A, 0x25, 0xED, 0x68, 0x2E, 0xA2, 0x76, 0x9D, 0x4A,
    0x6D, 0x61, 0x0D, 0x23, 0xEC, 0xBF, 0x07, 0x60, 0x15, 0xF8, 0x63, 0x34, 0xBE, 0x91, 0x4A, 0x75,
    0xB0, 0x1A, 0x95, 0x8E, 0xDD, 0x64, 0xF2, 0x8C, 0x2A, 0x2C, 0x60, 0x1B, 0x95, 0x41, 0x5B, 0xE5,
    0xC6, 0xC8, 0x48, 0xAC, 0x1C, 0x7F, 0x66, 0xFA, 0x71, 0x52, 0xA9, 0xF8, 0xDB, 0xC6, 0xFB, 0xE7,
    0x1F, 0xC5, 0x71, 0x57, 0x29, 0x45, 0x75, 0xC5, 0x84, 0x50, 0xC1, 0xCF, 0x0B, 0xDD, 0xB3, 0xD9,
    0x03, 0x7C, 0xFB, 0xAB, 0x5F, 0x46, 0xE4, 0xE6, 0x41, 0x7D, 0x15, 0x05, 0xA8, 0x06, 0x37, 0x6F,
    0x51, 0xCF, 0x28, 0xA8, 0xF4, 0x38, 0x7F, 0x00, 0x75, 0x7C, 0x09, 0xF9, 0xF2, 0x10, 0x5F, 0xC1,
    0x0E, 0xAE, 0x92, 0x50, 0x86, 0x00, 0x97, 0x6E, 0x4F, 0x04, 0x71, 0x7D, 0xE7, 0x96, 0xAD, 0x54,
    0xE1, 0x8E, 0x76, 0x0A, 0x94, 0x57, 0x11, 0x00, 0x14, 0x0D, 0xAC, 0x9D, 0x43, 0x2A, 0xDD, 0xC7,
    0xA5, 0x28, 0x42, 0xAC, 0xDE, 0x83, 0xB8, 0x70, 0xF0, 0x3D, 0xE8, 0x2A, 0x9A, 0xF8, 0xB8, 0xF6,
    0x51, 0xFC, 0xF9, 0x0C, 0x78, 0x3D, 0x0F, 0x17, 0xCA, 0x53, 0x43, 0x5E, 0xB8, 0xE3, 0xF3, 0x0D,
    0x87, 0xCC, 0x7E, 0xE9, 0x37, 0x2C, 0x5D, 0x1C, 0xD3, 0xA8, 0x83, 0x3B, 0xEA, 0x16, 0x6E, 0x0E,
    0x3E, 0x2E, 0xC9, 0xD5, 0x3A, 0x6A, 0x0E, 0xC0, 0x2A, 0xA0, 0xB2, 0x95, 0xA8, 0x3B, 0x40, 0x65,
    0x02, 0xB8, 0x79, 0x9B, 0x9F, 0x61, 0xF1, 0xFE, 0xC9, 0xC8, 0x56, 0x5B, 0xBC, 0x8E, 0xDD, 0x11,
    0x23, 0x53, 0xF5, 0xDC, 0x88, 0x24, 0x5B, 0x78, 0xFC, 0x78, 0x20, 0xA8, 0xE6, 0x33, 0x0A, 0xA6,
    0x91, 0x17, 0xF1, 0x33, 0xE1, 0xAF, 0xE3, 0xF4, 0x88, 0xCB, 0xC2, 0x1C, 0xE1, 0xDD, 0xE5, 0x1C,
    0x48, 0x11, 0x50, 0x9F, 0x51, 0x24, 0x8A, 0x54, 0x6F, 0x36, 0x8E, 0x01, 0xEE, 0x0F, 0x0E, 0x2F,
    0xDC, 0x1D, 0xCF, 0x09, 0x8A, 0x2A, 0xAC, 0x31, 0x0C, 0x18, 0x36, 0x19, 0x36, 0x18, 0x76, 0x8E,
    0x80, 0x2D, 0x86, 0x61, 0x42, 0xD0, 0xDD, 0x8B, 0xE3, 0xB8, 0x30, 0x89, 0x8B, 0x02, 0x96, 0x19,
    0x4E, 0x95, 0x59, 0x66, 0x5E, 0x78, 0x17, 0x38, 0x4F, 0xEF, 0x5D, 0x9A, 0x27, 0x95, 0xA0, 0x99,
    0x31, 0x58, 0x9C, 0x9D, 0x7A, 0xE9, 0x95, 0x3B, 0x2C, 0xF0, 0x1C, 0xA7, 0xB5, 0x3B, 0x04, 0x3F,
    0x85, 0x36, 0x89, 0xD3, 0x8B, 0x9A, 0xD4, 0x47, 0x83, 0x36, 0x55, 0x47, 0x03, 0xFB, 0x68, 0xF0,
    0x61, 0x1C, 0xAF, 0xA7, 0x24, 0x1E, 0x01, 0x38, 0xF3, 0x1B, 0xFB, 0x67, 0x52, 0x5F, 0x38, 0x0D,
    0x71, 0x38, 0x89, 0x6C, 0xA2, 0x09, 0x94, 0x72, 0x46, 0xFC, 0x5C, 0xC7, 0x21, 0x5C, 0x85, 0x26,
    0xC7, 0x55, 0x5D, 0x1A, 0xC1, 0x18, 0x52, 0x7B, 0x56, 0x57, 0xD6, 0x42, 0x56, 0x37, 0xF7, 0xF3,
    0x80, 0x11, 0x6F, 0x44, 0x06, 0xF6, 0x17, 0x91, 0xE6, 0x45, 0x7E, 0x36, 0xEE, 0x82, 0x59, 0xEB,
    0xD0, 0x3C, 0x35, 0x98, 0x8B, 0xD8, 0x48, 0x02, 0xF3, 0xE3, 0x92, 0x92, 0x22, 0x37, 0xB4, 0xC6,
    0xB4, 0xAD, 0x4E, 0x85, 0x97, 0x29, 0x50, 0xE5, 0x05, 0xC7, 0x35, 0x09, 0x08, 0x2F, 0x06, 0xF5,
    0x66, 0xF5, 0xC6, 0xC0, 0xDC, 0x9A, 0x52, 0xC9, 0xE7, 0x88, 0xD3, 0xF9, 0x3B, 0x74, 0xAB, 0x07,
    0xF3, 0xBB, 0xB4, 0xA3, 0xBB, 0x7A, 0xF0, 0xB1, 0xB3, 0xB1, 0x8F, 0xAC, 0x8B, 0xB2, 0x1F, 0xB8,
    0xD2, 0x64, 0xAD, 0x4C, 0x6A, 0x75, 0xA6, 0x27, 0xD1, 0x37, 0xCC, 0x47, 0x34, 0xD7, 0xE3, 0x5E,
    0x38, 0x90, 0xC7, 0xE2, 0x18, 0x42, 0xBB, 0x80, 0x76, 0x46, 0x9E, 0x11, 0x66, 0x41, 0x3F, 0x9D,
    0x8F, 0xC6, 0x1C, 0x9E, 0x5C, 0xE7, 0xBA, 0xCC, 0x95, 0x94, 0xA7, 0x71, 0x28, 0xCB, 0x09, 0x64,
    0xE1, 0xDD, 0x44, 0xB6, 0xE2, 0x14, 0x95, 0x8E, 0x29, 0x27, 0x9D, 0x29, 0x29, 0xFF, 0x10, 0x2A,
    0x2C, 0xA9, 0xA0, 0xA4, 0x6A, 0x4C, 0x05, 0x48, 0x35, 0x4B, 0x8A, 0x14, 0x60, 0x18, 0xAB, 0xF7,
    0xDE, 0x22, 0xDB, 0x05, 0x8A, 0x8D, 0xBA, 0x50, 0xEF, 0x68, 0x4A, 0x8C, 0xC1, 0x84, 0x6A, 0x96,
    0x14, 0x8E, 0x61, 0xE6, 0xC2, 0x3F, 0x3A, 0x82, 0x1E, 0x53, 0xCE, 0x63, 0xA3, 0xCB, 0x4C, 0x82,
    0x21, 0x8E, 0x81, 0x8A, 0xAF, 0x7A, 0xE3, 0x99, 0xBE, 0x3C, 0xA5, 0xDC, 0x57, 0x9F, 0x4A, 0x95,
    0xC5, 0xFC, 0xF5, 0xB6, 0xA6, 0xAC, 0xBF, 0xE7, 0x07, 0x28, 0x23, 0xAA, 0xC3, 0x53, 0xCB, 0x37,
    0x5D, 0xCE, 0xB7, 0xE0, 0x15, 0xB1, 0xEE, 0x50, 0x60, 0x63, 0x71, 0x04, 0x05, 0x9A, 0x13, 0xE9,
    0xB3, 0x08, 0xB7, 0x4C, 0xF1, 0xD0, 0x05, 0x9A, 0x16, 0x89, 0x47, 0xD1, 0x03, 0x72, 0x38, 0x81,
    0x14, 0x0E, 0xE2, 0x03, 0xC9, 0x80, 0x6C, 0xA7, 0x0F, 0x34, 0xF3, 0x21, 0x4B, 0x92, 0xA8, 0x01,
    0x53, 0xA1, 0xE6, 0xD4, 0x83, 0xA0, 0xA4, 0x6A, 0x25, 0xD5, 0x2C, 0x29, 0x91, 0x41, 0x1C, 0x6F,
    0x40, 0x29, 0x83, 0x7D, 0xD4, 0xB3, 0xD4, 0xB5, 0xC5, 0x92, 0x0A, 0x0F, 0xA1, 0x2E, 0x3D, 0x45,
    0x7F, 0xBE, 0xE9, 0xF2, 0x23, 0x5B, 0xFD, 0x85, 0xE1, 0xCD, 0x2D, 0x84, 0x0E, 0x76, 0x67, 0x65,
    0xED, 0x3D, 0x95, 0x5A, 0x1F, 0x8F, 0x70, 0x38, 0xEB, 0x6F, 0x14, 0xE1, 0x5B, 0x0F, 0x71, 0xB4,
    0xBE, 0x45, 0x82, 0x28, 0x2C, 0x9A, 0x7A, 0x87, 0xB2, 0x0E, 0x84, 0x3D, 0x86, 0xD9, 0xE1, 0xF0,
    0xFC, 0x03, 0x9C, 0xF2, 0xA0, 0x4D, 0x73, 0xD4, 0xB0, 0x1C, 0xAB, 0xCE, 0xB0, 0xA8, 0xC0, 0x5B,
    0x67, 0xC1, 0x0F, 0x86, 0xDD, 0x68, 0xE5, 0x55, 0x1F, 0xBA, 0x4F, 0x72, 0x72, 0xCF, 0x9C, 0x4B,
    0xE9, 0x3C, 0x8A, 0xEC, 0x8C, 0xA7, 0x2D, 0x0F, 0x7B, 0xB4, 0x71, 0x4E, 0x45, 0x79, 0xDB, 0xA3,
    0x78, 0x0D, 0x25, 0x3F, 0x40, 0x9F, 0x3C, 0x20, 0x97, 0x1C, 0x6A, 0x87, 0x7C, 0x20, 0xCF, 0x4B,
    0xC4, 0x15, 0xB3, 0x27, 0xE6, 0x90, 0xA1, 0x2E, 0x99, 0x07, 0xD7, 0xED, 0x8A, 0xA6, 0x9E, 0x2E,
    0x1F, 0x8B, 0x71, 0xBD, 0xAB, 0xF2, 0xAE, 0xCA, 0xB5, 0x19, 0xAE, 0x6A, 0xCB, 0x04, 0xEF, 0x8B,
    0x67, 0xAA, 0x79, 0x98, 0x24, 0x28, 0x12, 0xB9, 0x7B, 0x98, 0x8F, 0x81, 0xE4, 0xB0, 0xC5, 0x8A,
    0xA8, 0x6E, 0xE1, 0xCB, 0xE0, 0x94, 0x7F, 0x31, 0x0E, 0x2A, 0x78, 0xA0, 0x03, 0xD4, 0x31, 0xAE,
    0x3E, 0x0F, 0xF5, 0xFB, 0xA8, 0xEA, 0x34, 0x99, 0xC2, 0x19, 0xE1, 0xA6, 0xF9, 0x57, 0x4C, 0xBB,
    0x77, 0x12, 0x90, 0xCA, 0xB8, 0xC6, 0x36, 0x73, 0x61, 0xE6, 0xFD, 0x0A, 0x32, 0xEA, 0x87, 0x78,
    0x14, 0x63, 0x67, 0x27, 0xE1, 0xFD, 0xC1, 0x59, 0x7C, 0xF7, 0xD3, 0x5D, 0x4A, 0xB0, 0x07, 0x1C,
    0x86, 0xE0, 0xCE, 0x22, 0x64, 0x69, 0xD4, 0x9B, 0xA0, 0x19, 0x41, 0x9E, 0x20, 0x5F, 0x50, 0x28,
    0x28, 0x90, 0xF7, 0x02, 0x4C, 0xAA, 0x10, 0xE1, 0x1C, 0xD4, 0x7B, 0xEB, 0xE4, 0x27, 0x42, 0x71,
    0x08, 0x73, 0xDA, 0x2F, 0x48, 0x5A, 0x51, 0x41, 0x1C, 0x8A, 0x8B, 0xE7, 0xC1, 0x25, 0xF4, 0x48,
    0xCC, 0x6D, 0x70, 0x46, 0x3B, 0x3B, 0xEF, 0x0F, 0x81, 0x67, 0x88, 0x73, 0x58, 0x52, 0x6A, 0x4F,
    0xAF, 0x47, 0xF1, 0x79, 0x10, 0x17, 0x0E, 0x21, 0x26, 0x97, 0x08, 0x83, 0x3A, 0xC1, 0x55, 0xBE,
    0xDF, 0x60, 0xC9, 0xA2, 0x7A, 0xA3, 0x5C, 0x31, 0x23, 0x3D, 0xA1, 0x0C, 0xED, 0xAB, 0x03, 0x76,
    0xC8, 0x7E, 0x09, 0xC2, 0x71, 0x92, 0xC2, 0x6A, 0xC0, 0x5C, 0x32, 0x93, 0xCC, 0xD1, 0x7E, 0xD0,
    0xD4, 0x6F, 0x98, 0x39, 0x9B, 0x41, 0xB6, 0x80, 0x62, 0xFC, 0xC4, 0xEE, 0x91, 0xC9, 0x5B, 0xC2,
    0x50, 0xD4, 0x22, 0x29, 0x5A, 0x94, 0x04, 0xDA, 0x94, 0x04, 0xE2, 0x2E, 0x72, 0x13, 0x04, 0x4E,
    0x8A, 0xC0, 0xA6, 0x8C, 0xDD, 0xCE, 0x10, 0x58, 0x19, 0x6E, 0x23, 0x4B, 0x53, 0x04, 0x9C, 0x12,
    0xD8, 0x7F, 0x89, 0xD7, 0x33, 0xD4, 0x6D, 0x95, 0xB9, 0x04, 0x28, 0x6F, 0x17, 0x8F, 0x70, 0x58,
    0xC4, 0xDD, 0x29, 0x1F, 0xB0, 0x8C, 0x39, 0xEF, 0x0A, 0x2A, 0xAA, 0xB7, 0x30, 0xDD, 0xF2, 0x86,
    0x24, 0x6B, 0x67, 0x27, 0xA1, 0x67, 0x92, 0x26, 0x9F, 0xC2, 0xB9, 0x0C, 0x9B, 0xC8, 0x77, 0x79,
    0xFB, 0x28, 0x9E, 0x4C, 0xB8, 0xC7, 0xE8, 0x23, 0x11, 0xB3, 0x78, 0x71, 0x36, 0xAA, 0x13, 0x54,
    0x4C, 0x3D, 0x6B, 0x8B, 0x31, 0xF3, 0x46, 0x11, 0x2D, 0x90, 0xA9, 0x0A, 0x5E, 0x27, 0x47, 0x25,
    0xBC, 0x66, 0x7E, 0x8F, 0x17, 0xD1, 0xCA, 0x1B, 0xD2, 0x43, 0x07, 0x26, 0x5B, 0xA3, 0x44, 0x4D,
    0x79, 0x16, 0x8A, 0xBD, 0x61, 0xC5, 0xB0, 0x51, 0xCC, 0x88, 0x36, 0x52, 0x53, 0x5C, 0x39, 0x19,
    0x19, 0x9E, 0xCD, 0x62, 0xBC, 0x06, 0x2F, 0x30, 0xD7, 0xD5, 0x32, 0xFF, 0x43, 0x0E, 0x9C, 0xDC,
    0x5F, 0xA5, 0x15, 0x34, 0x4B, 0x4E, 0x63, 0x71, 0xAD, 0x3D, 0xD0, 0xF0, 0xDB, 0x00, 0x1F, 0x44,
    0xD7, 0x3E, 0x4E, 0x2F, 0xFE, 0x35, 0xF5, 0x54, 0x32, 0x79, 0xC0, 0xD4, 0xB6, 0xF5, 0x6F, 0xEB,
    0x5B, 0xE7, 0x7F, 0xD2, 0x1E, 0xCA, 0x7D, 0xB8, 0xF6, 0xA3, 0xF4, 0xB5, 0x4F, 0xD2, 0x6B, 0x9F,
    0xA4, 0x57, 0x9F, 0x24, 0xF3, 0xD7, 0x31, 0xCA, 0x0F, 0xB2, 0xBB, 0x9B, 0xDB, 0xAF, 0x6D, 0xDE,
    0x25, 0x1F, 0xE6, 0xFE, 0x20, 0xF2, 0x55, 0xF4, 0x7D, 0x09, 0xC7, 0xEA, 0x4E, 0xE1, 0xD5, 0xAF,
    0xC0, 0x15, 0x68, 0x0F, 0x2E, 0xDD, 0x9E, 0xFE, 0xF5, 0xD3, 0xCD, 0xCD, 0xCD, 0x97, 0xBF, 0xFB,
    0xD2, 0xE6, 0x77, 0x36, 0x2F, 0xFB, 0x7D, 0x23, 0x5A, 0x6C, 0xB5, 0x2E, 0xD6, 0x0E, 0x2D, 0x68,
    0x95, 0x33, 0xAA, 0x41, 0x1C, 0x47, 0x35, 0xBD, 0x49, 0x4F, 0xA2, 0x36, 0x8D, 0x3E, 0x9A, 0xF4,
    0xA3, 0x41, 0x8E, 0xC0, 0xCC, 0x9D, 0xB4, 0xB5, 0xFE, 0x78, 0x23, 0xA1, 0x78, 0x03, 0xDA, 0x23,
    0xBF, 0x10, 0x43, 0x71, 0x7C, 0x00, 0xB3, 0x75, 0xF2, 0x11, 0xA4, 0x49, 0xE0, 0x65, 0x06, 0xBB,
    0xFA, 0x9A, 0x7E, 0xD8, 0xD4, 0x56, 0x87, 0xEE, 0xB9, 0x0F, 0xC8, 0x33, 0xE7, 0x5C, 0x89, 0xA6,
    0x93, 0xE5, 0xA0, 0xD2, 0xAE, 0xA6, 0xDB, 0x91, 0xF7, 0xA1, 0xBE, 0xA8, 0x4F, 0x98, 0x7B, 0x57,
    0xAF, 0xB5, 0x4D, 0x67, 0x84, 0x21, 0x29, 0xA9, 0x7A, 0xB3, 0xA0, 0xE3, 0xE9, 0x21, 0xC5, 0x19,
    0x9C, 0x56, 0x79, 0x09, 0x46, 0x1F, 0x2E, 0x25, 0x50, 0x76, 0x16, 0x90, 0x93, 0x6C, 0x92, 0x3E,
    0x35, 0x08, 0xA0, 0xA6, 0x19, 0xD3, 0xC0, 0xCC, 0xF9, 0x69, 0x48, 0xED, 0xFC, 0x08, 0x2D, 0x8A,
    0x9B, 0x81, 0x9F, 0x58, 0xC3, 0x1F, 0x2B, 0x0A, 0x7A, 0x51, 0xD5, 0x96, 0x75, 0x34, 0x8E, 0xBF,
    0x06, 0x78, 0xC5, 0x71, 0x87, 0xED, 0xE8, 0x97, 0xB9, 0x48, 0xCF, 0xFB, 0x3C, 0x1C, 0xB1, 0x95,
    0xFB, 0x14, 0xC0, 0x78, 0x3C, 0x66, 0x22, 0xB6, 0xDF, 0x8D, 0x6C, 0x1C, 0x9D, 0x5C, 0x37, 0x3B,
    0xEE, 0x1A, 0xB2, 0xC8, 0xC1, 0x06, 0xED, 0xB5, 0x0E, 0xED, 0xBB, 0x06, 0xDE, 0x80, 0x1A, 0x05,
    0x8F, 0x3E, 0xC5, 0x3E, 0x1E, 0x05, 0x01, 0xEE, 0x1B, 0xC8, 0xA0, 0xF3, 0x47, 0x14, 0x87, 0xFD,
    0x90, 0xF6, 0x18, 0x45, 0xD9, 0xD6, 0xB0, 0x04, 0xF4, 0x93, 0x1F, 0x70, 0x13, 0x6E, 0xCC, 0xAF,
    0x71, 0x07, 0xDC, 0x15, 0x77, 0xCA, 0xDD, 0xD3, 0x40, 0x3C, 0x24, 0x0F, 0xCE, 0x6C, 0x30, 0x43,
    0xCC, 0x1A, 0x33, 0xC9, 0xEC, 0x32, 0xE3, 0x3C, 0x85, 0xA6, 0x16, 0x2A, 0xBE, 0xBC, 0xAC, 0x72,
    0xB2, 0xD7, 0xCE, 0xE3, 0x37, 0xD1, 0xAA, 0x93, 0x40, 0xCD, 0xBC, 0xC6, 0xD2, 0x95, 0x5A, 0x03,
    0xB9, 0xE7, 0x25, 0xA8, 0x69, 0xA3, 0x5D, 0x6E, 0x0B, 0x4B, 0x9F, 0xE5, 0x92, 0x33, 0x3C, 0xAD,
    0xBE, 0x84, 0xDD, 0x5F, 0xC0, 0x7A, 0x19, 0x13, 0xA8, 0x55, 0x5C, 0xE1, 0x5F, 0x62, 0xBD, 0x07,
    0x17, 0x81, 0x42, 0x42, 0xE4, 0xDE, 0xA0, 0x93, 0x1E, 0x8A, 0x85, 0x70, 0x62, 0x36, 0xCE, 0xD0,
    0x21, 0xD5, 0xC2, 0xBA, 0xC2, 0xAF, 0x60, 0xA0, 0x81, 0xFB, 0xFF, 0x75, 0x54, 0x8D, 0x7B, 0x58,
    0x73, 0x9C, 0x8D, 0x7E, 0xC5, 0x24, 0xE3, 0x80, 0xCD, 0x0F, 0x7E, 0x54, 0x79, 0x75, 0x75, 0xF5,
    0x17, 0x77, 0x73, 0xFE, 0xB2, 0xE1, 0x44, 0x0B, 0x2E, 0x04, 0xE7, 0xC0, 0xF9, 0x0F, 0x6A, 0xDF,
    0x1D, 0x43, 0x0D, 0x9D, 0x21, 0x84, 0x2B, 0xF0, 0xAA, 0xCB, 0xC3, 0x18, 0x70, 0x6A, 0x87, 0xCE,
    0x2F, 0x60, 0x60, 0xC8, 0x56, 0x0F, 0x25, 0x6C, 0x0F, 0xC1, 0xDD, 0x85, 0x0B, 0x76, 0xD4, 0x56,
    0xD1, 0xCD, 0x9D, 0xE8, 0x64, 0xBF, 0xE7, 0x8C, 0x8B, 0x7C, 0x0C, 0xFB, 0x80, 0xD3, 0x01, 0x3E,
    0xC2, 0x84, 0xFB, 0xF4, 0x6D, 0xC6, 0xD8, 0xFB, 0x2D, 0x67, 0x9E, 0x43, 0x38, 0xBD, 0xA5, 0x3A,
    0xF5, 0xAF, 0x10, 0x00, 0xFB, 0x5F, 0xEF, 0x37, 0x26, 0xF7, 0x0F, 0x1C, 0xD0, 0x3F, 0xEB, 0xC3,
    0xDE, 0xDF, 0xA5, 0x68, 0x3F, 0x7E, 0x46, 0xA7, 0xE3, 0x33, 0x64, 0x55, 0xCE, 0x51, 0x5E, 0x37,
    0x73, 0xC4, 0x11, 0x39, 0xE8, 0xAD, 0xFB, 0x5F, 0x8A, 0x86, 0x33, 0xA4, 0x51, 0x27, 0x3F, 0x45,
    0x6F, 0xA0, 0xF2, 0x69, 0xBF, 0x7E, 0x12, 0x07, 0xB7, 0x58, 0xB0, 0xD7, 0x27, 0x5B, 0x80, 0x2A,
    0x9A, 0xAF, 0x1A, 0x7B, 0x1D, 0x4B, 0x0D, 0x2A, 0x43, 0x9C, 0xDC, 0xC9, 0x6B, 0xF9, 0x94, 0x33,
    0x3F, 0x33, 0x2F, 0xF0, 0x82, 0x32, 0xDB, 0x3B, 0xE1, 0x23, 0xDE, 0xE7, 0x23, 0xC3, 0x3D, 0x98,
    0x91, 0x8F, 0xF1, 0xB8, 0xDC, 0xB8, 0x28, 0xB8, 0x11, 0x4C, 0xE3, 0x85, 0xC5, 0xE7, 0x39, 0x73,
    0x97, 0xA9, 0xC8, 0xDE, 0xC9, 0x26, 0x5F, 0xF9, 0xE4, 0x48, 0xAF, 0x35, 0x09, 0x7F, 0x8D, 0xBE,
    0x44, 0xB7, 0xCC, 0x72, 0xA6, 0x3F, 0xA9, 0x3E, 0x96, 0x63, 0x33, 0x8E, 0xE4, 0x36, 0xC8, 0x5D,
    0x8A, 0xBF, 0x94, 0x50, 0x64, 0x1C, 0x03, 0x7F, 0x89, 0xBD, 0x2F, 0x47, 0x66, 0x3C, 0x96, 0xF9,
    0x0F, 0x6A, 0x65, 0xFD, 0x81, 0x86, 0x74, 0xDE, 0x20, 0xDE, 0x5C, 0xE6, 0xED, 0x32, 0xF7, 0xF1,
    0x3A, 0xF3, 0xF6, 0xBD, 0xD3, 0xE4, 0x0D, 0xCE, 0x3A, 0x6D, 0x94, 0xB2, 0xA4, 0xED, 0x0C, 0xDA,
    0x11, 0x73, 0x2F, 0x5E, 0x17, 0xF3, 0xDF, 0xAE, 0x7C, 0xAD, 0xB5, 0x7B, 0x5A, 0x28, 0xE8, 0xD0,
    0x71, 0xF1, 0xDA, 0x68, 0x1F, 0xFA, 0x30, 0x7A, 0xAB, 0x07, 0x85, 0xD5, 0x37, 0xFB, 0x08, 0x7B,
    0x14, 0x0B, 0xA1, 0xB8, 0x3A, 0xD3, 0x70, 0xF9, 0x41, 0x3C, 0x8C, 0x0B, 0xFE, 0x2E, 0xAD, 0xE1,
    0x33, 0xFA, 0x9E, 0xBB, 0x36, 0x8E, 0xDF, 0x9C, 0x3F, 0xEB, 0x78, 0x46, 0x2C, 0x8A, 0x4F, 0xB6,
    0x73, 0x69, 0xE7, 0xD9, 0x7F, 0x51, 0x3E, 0x8B, 0x8F, 0xD8, 0x2F, 0x6A, 0x0E, 0x2A, 0xC7, 0x8F,
    0x56, 0xEF, 0x08, 0x98, 0x4D, 0xB6, 0x9E, 0xC3, 0xB3, 0xF4, 0x93, 0xD9, 0x38, 0xC6, 0x04, 0xC3,
    0xE7, 0x93, 0x5D, 0x9A, 0xFC, 0x96, 0x9C, 0xBA, 0x4C, 0x41, 0xB1, 0x2F, 0xA1, 0xA4, 0xB4, 0xDC,
    0xD2, 0x94, 0x93, 0x60, 0x7C, 0x79, 0x8D, 0x8F, 0x42, 0xCD, 0x2D, 0x37, 0xA7, 0x51, 0x02, 0x3A,
    0xA4, 0xEE, 0xAD, 0xC2, 0x04, 0x52, 0x33, 0x2B, 0xA3, 0xFF, 0xF1, 0x38, 0xE9, 0x71, 0xBB, 0x0A,
    0x0D, 0x87, 0xBE, 0xBE, 0xEE, 0x99, 0x6C, 0xAB, 0x02, 0x76, 0xDF, 0xCE, 0x5B, 0xB6, 0xFA, 0x53,
    0xDE, 0x72, 0x23, 0x2B, 0x6F, 0xAD, 0xA0, 0x1A, 0x05, 0x57, 0x50, 0xD0, 0xE1, 0x05, 0x94, 0x70,
    0xF8, 0x10, 0xBC, 0x34, 0x54, 0x4F, 0x14, 0x04, 0xA4, 0x19, 0xB5, 0x39, 0x0C, 0x73, 0x6B, 0xE5,
    0x29, 0xDB, 0x17, 0x05, 0xAC, 0x2B, 0x24, 0x73, 0x5C, 0x31, 0xBB, 0x18, 0x7F, 0xCD, 0x21, 0x27,
    0x85, 0x6A, 0x34, 0xEA, 0x83, 0x85, 0x1A, 0xEB, 0x64, 0x21, 0x27, 0x61, 0x3E, 0x6E, 0xB3, 0x1A,
    0x6E, 0xA1, 0x06, 0xAE, 0x72, 0x07, 0xD9, 0xC0, 0x8C, 0xAD, 0xD7, 0x71, 0xB1, 0x7A, 0x6F, 0xF7,
    0x1A, 0xE1, 0xEF, 0xB3, 0xF0, 0xA3, 0xCF, 0x52, 0xFF, 0x91, 0x4A, 0x9C, 0x0C, 0xD9, 0x5F, 0xAC,
    0x9B, 0x6A, 0xE4, 0xAA, 0x61, 0x98, 0xCC, 0xB4, 0x78, 0x91, 0x07, 0x7C, 0x75, 0x78, 0x6E, 0x18,
    0xBA, 0x39, 0x2A, 0x37, 0x30, 0x79, 0x1B, 0x45, 0x76, 0x4E, 0xE6, 0xD1, 0xE7, 0x34, 0xBC, 0xC9,
    0x0D, 0x3A, 0xE3, 0xF6, 0xFF, 0x4F, 0x5D, 0x8F, 0x9F, 0xBA, 0xFE, 0x0F, 0x7D, 0x90, 0x3F, 0x0E,
    0x82, 0x30, 0x14, 0xC6, 0x5F, 0x20, 0xA1, 0x09, 0x1D, 0xDE, 0xE4, 0xDC, 0x59, 0x97, 0xAE, 0x0C,
    0x16, 0x1A, 0x39, 0x83, 0x87, 0xF0, 0x10, 0x6A, 0xF1, 0x24, 0x0C, 0x4E, 0x2C, 0x5E, 0xC0, 0xC4,
    0x77, 0x04, 0x8E, 0xC0, 0xEC, 0xC4, 0xE8, 0x60, 0x52, 0x5B, 0x40, 0x0C, 0x09, 0xF8, 0xB5, 0xBF,
    0xD7, 0x7F, 0x5F, 0xF3, 0xDA, 0x07, 0xE0, 0x64, 0x9D, 0xA8, 0x0B, 0x30, 0x91, 0x1D, 0xD4, 0x8C,
    0x93, 0xF1, 0x28, 0xD0, 0xCC, 0xA0, 0x46, 0x2D, 0x40, 0x42, 0x0A, 0x0A, 0x22, 0x8D, 0xA6, 0x5F,
    0x29, 0xD8, 0x42, 0x02, 0x8C, 0x38, 0xA1, 0x11, 0x5A, 0x42, 0xE6, 0xDA, 0x09, 0x0E, 0xEE, 0x46,
    0xC9, 0x8A, 0x16, 0x77, 0x0D, 0xE6, 0xB5, 0x08, 0x49, 0x32, 0x4A, 0x91, 0x14, 0x9A, 0xB8, 0x28,
    0xF1, 0xD2, 0x62, 0xDE, 0x88, 0xB0, 0x96, 0x21, 0x29, 0x46, 0x5B, 0x6E, 0x12, 0x0E, 0x81, 0x29,
    0x79, 0xEF, 0x0F, 0x6B, 0xC1, 0x48, 0x72, 0xEF, 0x5F, 0xC7, 0xBA, 0x4B, 0x2F, 0xF4, 0x2C, 0xD5,
    0xA3, 0x2A, 0xDD, 0x33, 0x5B, 0x3F, 0xFE, 0xF6, 0x61, 0x19, 0xFC, 0x43, 0x3C, 0x7C, 0x95, 0xD3,
    0x2C, 0x9B, 0xDB, 0xF3, 0x9A, 0x59, 0xFB, 0xF2, 0xE3, 0x92, 0xE7, 0x8B, 0xF7, 0x79, 0x16, 0x3D,
    0x91, 0xF1, 0x99, 0xCE, 0x96, 0x96, 0xFA, 0x6A, 0xAF, 0xEF, 0x70, 0x74, 0xE5, 0x7D, 0xBB, 0x62,
    0x66, 0x93, 0xF8, 0x01, 0xED, 0x5A, 0x3F, 0x6F, 0xE3, 0x56, 0x12, 0x1F, 0x92, 0xBB, 0x16, 0x60,
    0x15, 0x4A, 0x21, 0x66, 0x01, 0x2F, 0x10, 0xB6, 0x97, 0x00, 0x09, 0xBF, 0xC0, 0x4A, 0x64, 0x9A,
    0xBB, 0x56, 0x85, 0x99, 0x03, 0xE2, 0x62, 0x5B, 0x63, 0x1B, 0x03, 0xA9, 0x25, 0x8B, 0xB8, 0xF6,
    0x1A, 0xDF, 0x01, 0xEE, 0xB7, 0xF0, 0x01, 0xB7, 0x4A, 0xB1, 0xCD, 0x15, 0x57, 0xC8, 0x4B, 0x01,
    0xF9, 0x02, 0x4A, 0x61, 0x5C, 0x2B, 0x1C, 0xCE, 0xC5, 0x5D, 0x8A, 0x08, 0x38, 0x2D, 0xA0, 0x35,
    0x24, 0xBE, 0xCC, 0x9F, 0xF7, 0x48, 0x8A, 0x96, 0x6C, 0xAD, 0x6D, 0xD9, 0x0E, 0x10, 0x9A, 0x9E,
    0xDF, 0x48, 0x22, 0xDF, 0xCC, 0x9B, 0x19, 0xCE, 0x7B, 0xF3, 0x1E, 0x01, 0xF8, 0xA8, 0x85, 0x3E,
    0x68, 0x2E, 0x2E, 0x73, 0xCD, 0x35, 0xB8, 0x6F, 0x7B, 0x27, 0xC2, 0x55, 0x94, 0x9A, 0x0A, 0x57,
    0x4B, 0x7B, 0x9A, 0x0B, 0x42, 0xD0, 0x5C, 0x13, 0x0C, 0xD7, 0xCE, 0xB8, 0xFE, 0x47, 0x73, 0xF9,
    0xBD, 0x9D, 0x8C, 0x0B, 0x32, 0xCE, 0x3B, 0x8F, 0xE6, 0x51, 0x37, 0x7A, 0x19, 0xFB, 0x55, 0x25,
    0x07, 0xEA, 0x97, 0x18, 0xEE, 0x33, 0x1B, 0x02, 0x05, 0xDF, 0x4D, 0x75, 0x1F, 0xED, 0x11, 0x38,
    0xE3, 0x5B, 0x9C, 0xEF, 0x5B, 0x8E, 0x9A, 0xE0, 0x69, 0x85, 0x50, 0x1B, 0x43, 0xB3, 0x05, 0x2F,
    0x00, 0x50, 0x3D, 0x35, 0x83, 0x57, 0x27, 0x5A, 0x44, 0x35, 0x86, 0xDA, 0xE0, 0x16, 0xE7, 0x59,
    0x58, 0x53, 0x43, 0x3C, 0x01, 0x5A, 0xD4, 0x1A, 0x69, 0xEE, 0x11, 0xF7, 0x25, 0x35, 0xFE, 0x15,
    0x91, 0x60, 0x8E, 0xE4, 0x8B, 0xBF, 0x43, 0xF1, 0x20, 0x87, 0xB0, 0x2F, 0xD8, 0x0D, 0xDA, 0x03,
    0x48, 0xD8, 0x76, 0xFD, 0x55, 0x84, 0x7F, 0x65, 0xA3, 0xB2, 0x3D, 0xC9, 0x94, 0x2D, 0xB2, 0xE2,
    0x8C, 0x0C, 0x38, 0x03, 0xFA, 0xCE, 0x90, 0x09, 0xFE, 0xA3, 0x05, 0x9E, 0x80, 0x37, 0x02, 0x0F,
    0x2D, 0x8B, 0x84, 0xD4, 0x70, 0xC3, 0xBB, 0xEC, 0x31, 0x1D, 0x4B, 0x4D, 0x6B, 0xB5, 0x74, 0x8C,
    0x8E, 0x05, 0xBF, 0xD2, 0x9F, 0x5F, 0xC0, 0x22, 0x26, 0x33, 0xC1, 0x57, 0x8B, 0xD6, 0xC9, 0x8E,
    0x5A, 0x5C, 0xC2, 0x50, 0xD0, 0x23, 0xC1, 0xE7, 0x51, 0x8B, 0xD0, 0x51, 0x6A, 0x4C, 0xB1, 0x6E,
    0x25, 0x82, 0x14, 0xF3, 0x06, 0x3D, 0xBE, 0xBE, 0x41, 0x6A, 0xE3, 0xD1, 0x87, 0xEA, 0x88, 0x2E,
    0x9C, 0x82, 0x9D, 0xE2, 0x0F, 0xCF, 0x51, 0x39, 0x0E, 0x3C, 0xFC, 0x91, 0xAC, 0x98, 0xD2, 0x35,
    0x4F, 0xA3, 0x88, 0x01, 0x7F, 0x8A, 0xAD, 0xF7, 0x60, 0x0F, 0xC1, 0x19, 0xA2, 0xA7, 0x06, 0x76,
    0x4F, 0xAB, 0x00, 0xFB, 0xDC, 0xCF, 0x35, 0x4E, 0xB7, 0x4F, 0xFD, 0xA3, 0x2E, 0xDE, 0x49, 0x6B,
    0xA7, 0xBB, 0x89, 0x9A, 0xE3, 0xF9, 0x4F, 0x98, 0xAD, 0xF9, 0x37, 0xDF, 0x55, 0x73, 0xF6, 0x3A,
    0x80, 0x8E, 0xF6, 0x69, 0x09, 0x1A, 0x02, 0x4D, 0x81, 0x8E, 0x40, 0x5B, 0xA0, 0x7F, 0x05, 0x1C,
    0x0A, 0x04, 0x31, 0x43, 0xED, 0x22, 0x8A, 0x30, 0x12, 0x6D, 0x7E, 0x86, 0x67, 0xF0, 0x5C, 0xA0,
    0x74, 0x3C, 0x15, 0xD7, 0x89, 0x27, 0x0C, 0x6C, 0xC7, 0x62, 0x83, 0xF6, 0xAA, 0x3F, 0xB7, 0x9F,
    0xCC, 0x74, 0x90, 0xD4, 0xF9, 0x9B, 0xFD, 0x1B, 0x58, 0x4C, 0x6B, 0x50, 0x37, 0x3F, 0x61, 0x0B,
    0xFB, 0x9F, 0xE3, 0x17, 0xED, 0xA6, 0x21, 0xF5, 0xFA, 0x3D, 0x3C, 0x9D, 0x27, 0xFB, 0x62, 0xF5,
    0x7E, 0x11, 0x5A, 0xF5, 0x07, 0xF0, 0xCD, 0xD6, 0x9F, 0x8E, 0xAA, 0x3F, 0x8C, 0xF0, 0xB4, 0xBE,
    0x0E, 0x6F, 0x1C, 0xD5, 0xB7, 0x6A, 0x24, 0x77, 0x4D, 0x35, 0x36, 0x69, 0xB8, 0x00, 0xFA, 0x78,
    0x3C, 0x16, 0xCB, 0x95, 0x07, 0xE9, 0xF8, 0x10, 0xCF, 0xDB, 0x58, 0xEF, 0xCE, 0x1A, 0xCC, 0x2C,
    0xF9, 0x2D, 0x59, 0xA5, 0xA6, 0x28, 0x2F, 0xD7, 0x54, 0xC2, 0x46, 0xB1, 0x24, 0xF4, 0x83, 0x2C,
    0x67, 0x82, 0xCE, 0x88, 0xB5, 0x35, 0xA9, 0x15, 0x1D, 0x1C, 0x83, 0xC5, 0x43, 0x33, 0x8F, 0xD6,
    0xA1, 0x3F, 0xCC, 0x1B, 0x64, 0xDD, 0x29, 0xA9, 0xC6, 0x39, 0xDD, 0xC2, 0x9B, 0x0E, 0x45, 0x28,
    0x7B, 0xB2, 0xC6, 0x59, 0x15, 0x6D, 0x49, 0x1F, 0x3E, 0xFD, 0x1B, 0xD3, 0x37, 0x21, 0x7D, 0x31,
    0x41, 0xF2, 0x73, 0x9A, 0x5D, 0xC9, 0x09, 0xA1, 0x42, 0xAD, 0x3B, 0x4C, 0x46, 0x57, 0x13, 0x37,
    0x8A, 0xFE, 0x38, 0xA2, 0xE4, 0x2D, 0xA4, 0x18, 0x34, 0x2D, 0x58, 0x18, 0x08, 0x4F, 0xB4, 0x48,
    0x91, 0x99, 0x09, 0x35, 0xFA, 0x71, 0x1E, 0x62, 0xB9, 0x22, 0x58, 0x04, 0x5C, 0x4F, 0x49, 0x81,
    0xF3, 0x90, 0x87, 0x8F, 0x91, 0xD0, 0xC5, 0x74, 0xD7, 0x2A, 0x84, 0xE6, 0x34, 0x4F, 0xC1, 0x0F,
    0xE6, 0xA4, 0x32, 0x5D, 0x74, 0x12, 0xE9, 0x63, 0x33, 0xDD, 0xA4, 0x93, 0xEE, 0xC7, 0x0D, 0x56,
    0x58, 0xBE, 0xCE, 0x3E, 0x2A, 0x0F, 0x46, 0xBF, 0x16, 0x37, 0x2C, 0x0B, 0xE6, 0xFC, 0xD8, 0xCC,
    0x93, 0xB4, 0x22, 0x72, 0xCB, 0x82, 0x37, 0xEE, 0xC8, 0xED, 0x37, 0x6C, 0x13, 0xBC, 0x60, 0xFB,
    0x2D, 0xCF, 0x00, 0x92, 0xCC, 0x27, 0x2C, 0xA5, 0xCA, 0xFD, 0xBC, 0x8E, 0xB8, 0xD1, 0x9E, 0x34,
    0x3B, 0x64, 0xC2, 0xC1, 0xE1, 0x64, 0xC6, 0x29, 0x45, 0xC6, 0x46, 0x44, 0xC2, 0x76, 0x28, 0x01,
    0xF2, 0xD1, 0xFF, 0xC7, 0xA4, 0x4C, 0x2C, 0xFF, 0xA1, 0xE8, 0xE1, 0xE9, 0x88, 0xC2, 0x60, 0xED,
    0xA2, 0x73, 0xBA, 0x43, 0x9E, 0xD6, 0xF0, 0x0C, 0x33, 0xBB, 0x6F, 0x3B, 0x2C, 0xF4, 0xE8, 0x1E,
    0x64, 0xEB, 0x63, 0x2B, 0x67, 0x3D, 0xC3, 0x04, 0xFA, 0x19, 0xC2, 0xA0, 0x0A, 0xCC, 0x24, 0x7E,
    0x5A, 0x62, 0x07, 0x19, 0x8B, 0xE6, 0x7D, 0x92, 0xB3, 0xFE, 0x52, 0x36, 0xC8, 0xD9, 0x66, 0xCE,
    0x36, 0xF4, 0xC0, 0x8F, 0x6C, 0x27, 0x67, 0xE9, 0xA1, 0x9B, 0x47, 0xEA, 0xF8, 0xE5, 0x59, 0x48,
    0x4F, 0x9B, 0xD4, 0x98, 0x03, 0x61, 0xFF, 0x6A, 0x58, 0x3D, 0x7B, 0x28, 0xB0, 0x9D, 0x9C, 0x45,
    0x69, 0xB6, 0x2E, 0x61, 0xBC, 0x81, 0x54, 0x0F, 0x14, 0x06, 0x1F, 0xAC, 0x64, 0xA0, 0xAB, 0x1F,
    0x5D, 0x36, 0xD0, 0xE1, 0x17, 0xC6, 0x80, 0x4F, 0x16, 0xE2, 0xCA, 0x92, 0xEE, 0xF2, 0x63, 0x51,
    0x1D, 0x60, 0xE4, 0xB9, 0x04, 0x23, 0xD6, 0x5D, 0x03, 0x8A, 0x59, 0x0B, 0x6A, 0x1A, 0xE2, 0x0C,
    0xDC, 0x6E, 0xD4, 0x3D, 0xFF, 0x66, 0x2C, 0x25, 0x34, 0xC1, 0x04, 0x0B, 0xA1, 0xA2, 0x58, 0xFD,
    0x38, 0xB2, 0x60, 0x23, 0xD9, 0x88, 0x36, 0x0D, 0x7F, 0x04, 0xD6, 0x0C, 0xC6, 0x05, 0x14, 0x25,
    0xDE, 0xB7, 0x74, 0x21, 0x3F, 0x11, 0x35, 0x94, 0x29, 0xFF, 0x72, 0x53, 0x2C, 0x67, 0xF3, 0xC3,
    0xFE, 0xCB, 0x6B, 0xC3, 0x3A, 0xFF, 0x1E, 0x2F, 0x61, 0xAD, 0xB0, 0x05, 0xD7, 0x1D, 0xBF, 0x85,
    0xE2, 0x8A, 0x50, 0x34, 0xB3, 0xEC, 0xC1, 0x15, 0x93, 0xED, 0x76, 0x11, 0x5A, 0xF5, 0xA5, 0x06,
    0x7E, 0x90, 0x80, 0x36, 0xEA, 0x6A, 0xED, 0x4B, 0xEA, 0x67, 0x1D, 0x30, 0xAA, 0x67, 0xB8, 0xA2,
    0x0F, 0x8F, 0xE7, 0x01, 0x39, 0x81, 0x4F, 0xCD, 0x10, 0x3B, 0xB5, 0x68, 0xAD, 0x46, 0x58, 0x9C,
    0x99, 0x68, 0x87, 0x4F, 0x83, 0x23, 0x5B, 0x17, 0xD4, 0x53, 0xCC, 0xBE, 0xA7, 0xC2, 0xD2, 0xCD,
    0x4D, 0xCD, 0xA2, 0x49, 0x30, 0x32, 0x29, 0x64, 0x69, 0xA6, 0xED, 0xF3, 0x49, 0x89, 0x9A, 0xE2,
    0x9F, 0xD8, 0x99, 0xB0, 0x81, 0x8E, 0x27, 0x0F, 0x74, 0xC8, 0x32, 0xDB, 0xC8, 0xD9, 0x4E, 0xCE,
    0x4A, 0xC8, 0x46, 0xD1, 0x41, 0x04, 0x79, 0xC8, 0x86, 0x25, 0x76, 0xD3, 0x21, 0xBB, 0x0D, 0x56,
    0x8F, 0x87, 0x1F, 0x1F, 0xAB, 0x71, 0xF0, 0xBE, 0x56, 0x3F, 0xE1, 0x0D, 0xDE, 0x1F, 0xB8, 0x28,
    0xF7, 0x5E, 0xF2, 0x7A, 0x94, 0xF7, 0x8E, 0x1D, 0xE8, 0x4D, 0x79, 0x1E, 0xE1, 0x8D, 0x05, 0x06,
    0xBC, 0xFC, 0x45, 0x8F, 0xFC, 0xD5, 0xE0, 0x1E, 0x1C, 0xE3, 0xCC, 0xA3, 0x10, 0x6C, 0x04, 0x46,
    0xAC, 0x91, 0x6B, 0x04, 0x1B, 0xC9, 0x46, 0xB4, 0x91, 0x6D, 0x84, 0x1B, 0xE9, 0x46, 0xBC, 0x11,
    0x75, 0x1D, 0x8A, 0x12, 0x59, 0x70, 0x8C, 0x0D, 0x8A, 0x0D, 0xDC, 0x3C, 0x60, 0x83, 0xA5, 0xEC,
    0x17, 0x57, 0x67, 0xC3, 0xDF, 0xC2, 0xEB, 0x8A, 0x8C, 0x28, 0xD5, 0x82, 0x9E, 0xAB, 0x1A, 0xB8,
    0x5C, 0x30, 0x3C, 0x54, 0x20, 0x66, 0x0A, 0x1A, 0xD5, 0x32, 0x5C, 0xA2, 0x63, 0xAE, 0xE6, 0x43,
    0x07, 0xEE, 0xA2, 0x39, 0xD7, 0x83, 0x57, 0x47, 0x04, 0x55, 0x72, 0x99, 0x33, 0xEC, 0x5E, 0x60,
    0xCC, 0x39, 0x3F, 0xA6, 0xE4, 0x56, 0xE7, 0x5F, 0xB2, 0x98, 0xFF, 0xF3, 0x80, 0x96, 0xB5, 0x1D,
    0xC5, 0x11, 0xE0, 0xCC, 0x38, 0x2E, 0x48, 0x17, 0x82, 0x91, 0xC0, 0x70, 0x35, 0x3C, 0x3B, 0xA7,
    0x65, 0x9D, 0xDD, 0xAE, 0x2C, 0xEB, 0x68, 0xB0, 0xA5, 0xFC, 0x18, 0xAF, 0x45, 0x77, 0x8E, 0x90,
    0x56, 0x94, 0x42, 0x1A, 0xA4, 0x6A, 0xE0, 0x8C, 0x55, 0x58, 0x1D, 0x3B, 0xFF, 0x9F, 0x80, 0x35,
    0x71, 0xA8, 0x66, 0x9B, 0xB1, 0x6A, 0x7D, 0x87, 0x9E, 0x8B, 0xB6, 0x43, 0x0B, 0xF0, 0x1D, 0xBE,
    0x77, 0x25, 0x7D, 0xF6, 0x1E, 0x55, 0x3A, 0x65, 0x9B, 0xCD, 0x85, 0x8A, 0x3E, 0x5A, 0xE4, 0x9A,
    0xB0, 0x43, 0x76, 0x63, 0xBD, 0x10, 0xFC, 0x94, 0xEC, 0xC6, 0x9A, 0x81, 0xA8, 0x06, 0xA2, 0x9B,
    0xD8, 0x0D, 0xAD, 0xC1, 0xDA, 0x81, 0xA8, 0x27, 0xAD, 0x5C, 0x0D, 0xAC, 0xE4, 0x3B, 0xED, 0xE1,
    0xA9, 0xC0, 0x24, 0xF7, 0x5A, 0x4B, 0x60, 0xBA, 0x00, 0x27, 0x8F, 0xCE, 0xBF, 0x75, 0xA6, 0xFD,
    0x02, 0xDD, 0x7F, 0x58, 0xFF, 0xD6, 0xC1, 0xE8, 0x52, 0x80, 0xFD, 0xC7, 0xE2, 0x5F, 0xD8, 0xEA,
    0x49, 0x85, 0x9F, 0x52, 0xE6, 0xFC, 0x09, 0x13, 0x51, 0x70, 0x44, 0xFB, 0x25, 0x98, 0xD5, 0x2D,
    0x43, 0x7D, 0x4E, 0xBF, 0x98, 0x08, 0xD0, 0x39, 0xB2, 0x33, 0x54, 0x19, 0x81, 0x1F, 0x83, 0x3D,
    0x05, 0xCA, 0x38, 0x69, 0x85, 0x82, 0x21, 0xE0, 0xC5, 0x8C, 0x1A, 0x2F, 0xFF, 0x25, 0xEA, 0x3C,
    0x02, 0x27, 0x3D, 0xC0, 0x21, 0xA8, 0x36, 0xB2, 0x12, 0x15, 0x07, 0xA1, 0xEC, 0xD2, 0x2C, 0x5F,
    0x1A, 0x59, 0x6F, 0x81, 0xC4, 0xA2, 0x92, 0xBD, 0x8B, 0xDF, 0xD8, 0x0A, 0xE3, 0xA7, 0x3A, 0x31,
    0xA5, 0xBA, 0x9F, 0x35, 0xDD, 0xC9, 0xD6, 0x5F, 0xDA, 0xD9, 0xC7, 0x46, 0x36, 0x82, 0x52, 0x22,
    0x73, 0x5F, 0x9E, 0x45, 0x6C, 0x00, 0xCE, 0x5F, 0x63, 0xBD, 0x3C, 0xE4, 0x29, 0xF5, 0x1F, 0x6C,
    0x35, 0x4D, 0x30, 0x20, 0x3E, 0x80, 0x95, 0x84, 0x9C, 0x1F, 0x43, 0xCE, 0x7E, 0x3C, 0xF0, 0xF8,
    0x3C, 0x12, 0x35, 0x79, 0xF4, 0xEB, 0x53, 0x73, 0x16, 0x7E, 0xF4, 0xE3, 0x0A, 0xFE, 0x54, 0x1D,
    0x51, 0x22, 0xB5, 0xE7, 0x89, 0xD9, 0xE4, 0x72, 0xBF, 0x51, 0x29, 0xC9, 0x48, 0x31, 0x28, 0x13,
    0x75, 0xF4, 0x9C, 0x92, 0x73, 0xFD, 0x52, 0x67, 0xF7, 0x2F, 0x15, 0x32, 0xBF, 0x1A, 0x37, 0x84,
    0x66, 0x1A, 0xCD, 0xC4, 0x5E, 0x9C, 0x9A, 0x6F, 0xC4, 0x49, 0x32, 0x30, 0x4A, 0x31, 0x20, 0x74,
    0x2B, 0x5E, 0xBA, 0xCE, 0xB7, 0x71, 0x47, 0x16, 0x46, 0xE9, 0x6C, 0x78, 0xCE, 0x99, 0xE5, 0x03,
    0x75, 0xB6, 0xCF, 0xC4, 0xF5, 0x87, 0xD2, 0xCD, 0x78, 0xB4, 0xDF, 0xC4, 0xDD, 0xA6, 0x3D, 0xA7,
    0xCF, 0xC4, 0x12, 0x53, 0xB6, 0x53, 0x5F, 0x6F, 0x2C, 0x41, 0xDF, 0xEC, 0x71, 0x64, 0xCC, 0xCC,
    0x6C, 0x7E, 0x64, 0xCC, 0xE2, 0x35, 0x81, 0x69, 0x87, 0xFA, 0xC2, 0x7B, 0x53, 0xD5, 0x14, 0x27,
    0x5E, 0xFF, 0x8D, 0x3E, 0xB4, 0x2C, 0xBD, 0x07, 0xAF, 0xF7, 0x39, 0x58, 0x0F, 0x59, 0x23, 0xCB,
    0x96, 0x08, 0x4B, 0xFA, 0x93, 0xCE, 0xCE, 0xCD, 0xF6, 0xC6, 0x1A, 0x66, 0x6F, 0xCC, 0x45, 0xD9,
    0x9C, 0x6A, 0x84, 0xC0, 0x7A, 0x6B, 0xB6, 0x64, 0x2C, 0x96, 0x2C, 0xA2, 0x45, 0xB6, 0x08, 0x97,
    0xF6, 0x45, 0xD4, 0x4A, 0x2A, 0xD7, 0xB0, 0x12, 0x62, 0x05, 0x52, 0x63, 0xBE, 0xCB, 0x29, 0x6F,
    0x96, 0x98, 0x4D, 0x4B, 0xEB, 0xB5, 0xF8, 0xC4, 0x1E, 0x4F, 0x16, 0xD0, 0x6A, 0x2D, 0x5F, 0x77,
    0xB0, 0x7A, 0xB2, 0x97, 0xEB, 0xF3, 0x3E, 0x32, 0x06, 0xC9, 0xFF, 0xDE, 0x12, 0x5A, 0x33, 0x59,
    0x0F, 0xC4, 0xF8, 0x62, 0x74, 0x0C, 0x8E, 0x8A, 0xF8, 0x44, 0xA3, 0xA7, 0xD1, 0xD7, 0x18, 0x68,
    0x6C, 0xEA, 0xFB, 0x9B, 0x14, 0x92, 0x15, 0x5E, 0x5C, 0x50, 0xC7, 0x7B, 0xE7, 0x61, 0x9B, 0x1E,
    0x69, 0x7C, 0x00, 0xB1, 0x63, 0x5B, 0x1A, 0x79, 0xE9, 0xB1, 0x8C, 0x1D, 0xFD, 0x70, 0x04, 0x7A,
    0x6D, 0xD6, 0xA3, 0xA0, 0xEC, 0xE2, 0x57, 0x69, 0xAF, 0xF7, 0xFD, 0x1C, 0x64, 0xB9, 0x9A, 0xFA,
    0xB7, 0xA3, 0xD4, 0x05, 0xFB, 0xE0, 0x77, 0x3B, 0x14, 0x2C, 0xBE, 0x21, 0xF5, 0xA7, 0x9B, 0x77,
    0x3E, 0x8B, 0x14, 0x71, 0x9A, 0x96, 0xA4, 0xDE, 0x9F, 0xF3, 0x2F, 0xEF, 0x29, 0xAE, 0x00, 0x8B,
    0xC5, 0xD3, 0xFB, 0x0D, 0x04, 0xCD, 0x16, 0xC3, 0x0B, 0xF9, 0x4D, 0x77, 0x17, 0x1B, 0x24, 0xEB,
    0xBC, 0x3A, 0xD9, 0xD0, 0xCE, 0xFA, 0xD0, 0xCC, 0x12, 0xB8, 0xF2, 0x91, 0x7C, 0x1A, 0x9A, 0x54,
    0x3D, 0x93, 0xF7, 0x1C, 0x30, 0xFE, 0x38, 0x7A, 0x79, 0x04, 0xE9, 0x4A, 0x84, 0x3E, 0x1F, 0x9B,
    0xDF, 0xF8, 0xAA, 0x42, 0xC2, 0x5D, 0x4A, 0x5C, 0x33, 0x87, 0xE1, 0x29, 0x8C, 0xD9, 0x4B, 0x87,
    0x61, 0x3E, 0x49, 0x91, 0xCA, 0x4B, 0x16, 0xCF, 0x58, 0x03, 0x3D, 0x5A, 0x70, 0xEB, 0x22, 0x48,
    0xB4, 0x10, 0x35, 0x8C, 0x1E, 0xA2, 0x88, 0xBE, 0x40, 0x2E, 0xD6, 0xDB, 0x24, 0x9D, 0x6B, 0x28,
    0xA9, 0xF4, 0x4E, 0x5C, 0x97, 0xCA, 0xBC, 0xAA, 0xBC, 0x63, 0x71, 0x17, 0x54, 0xD6, 0xFF, 0xFC,
    0x02, 0x0D, 0xB2, 0xED, 0xE5, 0xA9, 0x2E, 0x6A, 0x3B, 0x99, 0x5B, 0xE7, 0xBB, 0x5C, 0xBA, 0xCE,
    0x72, 0x3A, 0xD5, 0x65, 0x6B, 0xC7, 0xDC, 0x4B, 0xC3, 0x34, 0xD7, 0xA9, 0x52, 0xA2, 0xEA, 0xEA,
    0x54, 0x17, 0xA6, 0x9F, 0xC8, 0x50, 0xB8, 0xE6, 0x9F, 0x7B, 0x98, 0xA4, 0x49, 0x4A, 0xAA, 0xDC,
    0xE2, 0x74, 0xBB, 0x64, 0x43, 0x3C, 0x61, 0xE7, 0x8D, 0xBC, 0x47, 0x33, 0x21, 0xFA, 0x76, 0xCE,
    0xA9, 0xA3, 0xCB, 0x89, 0xA3, 0x16, 0x13, 0x95, 0xB3, 0x22, 0xB3, 0x8B, 0x21, 0x51, 0x1C, 0xDD,
    0xF0, 0x27, 0x27, 0xE3, 0x99, 0x56, 0x0B, 0xB4, 0x72, 0x46, 0xBB, 0x20, 0x15, 0xDE, 0xC9, 0xA9,
    0x31, 0xF5, 0xE3, 0x7C, 0x9A, 0xD1, 0xBE, 0x72, 0xB2, 0x51, 0x8C, 0x82, 0x06, 0xE4, 0x77, 0x99,
    0x8C, 0x4B, 0xEF, 0x6E, 0xF1, 0x3B, 0x4D, 0xFE, 0x45, 0x42, 0x8B, 0x86, 0xF6, 0x8C, 0x2E, 0xE8,
    0xD3, 0xB5, 0x4D, 0x21, 0x1D, 0x7A, 0xC8, 0x3B, 0x34, 0xB2, 0xB7, 0x89, 0x74, 0x32, 0xD2, 0x20,
    0x82, 0x17, 0xFB, 0x6E, 0x37, 0x8A, 0xBA, 0x1C, 0x3C, 0x4C, 0xA4, 0x51, 0xDD, 0x2C, 0x48, 0xC3,
    0x20, 0x4D, 0x83, 0x34, 0x0E, 0xD2, 0x72, 0x06, 0x1D, 0x30, 0xE3, 0xAA, 0x2F, 0x2A, 0xFB, 0xF9,
    0x27, 0x0D, 0x0D, 0x81, 0x26, 0x03, 0x0B, 0x8C, 0xF4, 0x9B, 0x6E, 0x06, 0x96, 0x4F, 0x02, 0x4F,
    0x1E, 0x6B, 0x7C, 0x9A, 0x57, 0x70, 0xD6, 0x7B, 0x69, 0xA7, 0xF8, 0xBE, 0xCD, 0xCD, 0xDF, 0x6A,
    0xD8, 0xCC, 0x8B, 0x72, 0x12, 0x48, 0x07, 0x38, 0x31, 0x64, 0x9F, 0x2B, 0xDA, 0xF2, 0x3A, 0x8F,
    0x12, 0x29, 0xCF, 0x2A, 0x3A, 0xD1, 0x9F, 0x2E, 0xAC, 0xB4, 0xD1, 0x24, 0xB4, 0x3B, 0xE2, 0xB0,
    0xC7, 0x26, 0x68, 0xAA, 0x7D, 0x9E, 0x50, 0xB0, 0x7B, 0xB1, 0x17, 0xF3, 0x10, 0x5B, 0x1D, 0xF0,
    0x4E, 0x40, 0xE5, 0x12, 0xB8, 0x87, 0xD1, 0xDE, 0xD9, 0xDE, 0x40, 0x7C, 0x6E, 0x00, 0x27, 0x0E,
    0x47, 0x3C, 0x33, 0x27, 0xD9, 0xC1, 0x05, 0x59, 0xB9, 0x03, 0x95, 0x49, 0x61, 0x34, 0x93, 0xB3,
    0xCD, 0xB9, 0xB1, 0xB1, 0x9A, 0xF6, 0x73, 0xEA, 0x9E, 0x46, 0xD1, 0x61, 0x31, 0x31, 0xA6, 0xFA,
    0xD7, 0xA5, 0x77, 0xF5, 0xA9, 0x87, 0xCF, 0x66, 0x9C, 0x90, 0x69, 0x16, 0xAC, 0xD2, 0xF0, 0x31,
    0xBC, 0x9E, 0x68, 0x8E, 0x66, 0x09, 0x1B, 0x1A, 0x29, 0x9A, 0x2B, 0xC7, 0x11, 0xCD, 0x81, 0xA8,
    0x14, 0xE1, 0x9D, 0x93, 0x2D, 0x8D, 0xD9, 0x40, 0x6A, 0xC6, 0x5C, 0x14, 0x14, 0xC8, 0x2C, 0x0E,
    0x38, 0xFF, 0x54, 0x28, 0xBA, 0x11, 0x0F, 0x06, 0x60, 0x9B, 0x47, 0xD0, 0x57, 0x7A, 0xFA, 0xED,
    0x46, 0xBB, 0xF0, 0x78, 0xE4, 0x17, 0x16, 0xF5, 0x7E, 0x2F, 0x85, 0x4D, 0xED, 0xCF, 0x83, 0x05,
    0x7C, 0x2A, 0xD3, 0xE6, 0x1B, 0xBC, 0x7C, 0x94, 0xD5, 0x97, 0xC5, 0x77, 0xB8, 0x6E, 0xFC, 0x62,
    0x5D, 0xA9, 0x9D, 0x49, 0xDD, 0x1E, 0xD9, 0x6A, 0xE2, 0x8C, 0xED, 0xBD, 0x21, 0xCF, 0x10, 0x0C,
    0xF1, 0xEE, 0x96, 0xB8, 0x07, 0xC7, 0xB2, 0x5E, 0xAA, 0x2B, 0x42, 0x92, 0x0B, 0x2C, 0x18, 0x8C,
    0xE4, 0xC2, 0x12, 0x8F, 0xB7, 0x59, 0x4A, 0xCA, 0xE8, 0x75, 0x50, 0x59, 0x05, 0x1D, 0x4B, 0x51,
    0xE3, 0x53, 0x4A, 0xE9, 0x10, 0xF7, 0x0F, 0x60, 0x62, 0x8F, 0x2C, 0x35, 0xC6, 0x1B, 0x7A, 0xAF,
    0xEF, 0xD3, 0x36, 0x12, 0x29, 0xAC, 0x8C, 0x68, 0x23, 0xEA, 0xB0, 0x3E, 0x20, 0x0A, 0x19, 0x8D,
    0x1E, 0xD4, 0x66, 0xFC, 0xCA, 0x77, 0x6E, 0x95, 0x7B, 0xB3, 0x4F, 0x69, 0x43, 0xE0, 0x92, 0xD7,
    0xA8, 0x54, 0xA2, 0xAB, 0x7A, 0xAF, 0xCD, 0x7B, 0xE9, 0x2B, 0xD7, 0x8A, 0x1F, 0xC2, 0x68, 0xE5,
    0xFD, 0x8C, 0x65, 0x8E, 0xCE, 0xFA, 0x60, 0x3A, 0xF1, 0x60, 0xA6, 0x7E, 0x54, 0xD6, 0xFB, 0x05,
};

static const EpdGlyph cairo_16_regularGlyphs[] = {
    { 0, 0, 117, 0, 0, 0, 0 }, // U+0020
    { 4, 24, 133, 2, 24, 24, 0 }, // !
    { 9, 9, 200, 2, 24, 21, 24 }, // "
    { 18, 23, 299, 0, 23, 104, 45 }, // #
    { 15, 32, 299, 2, 27, 120, 149 }, // $
    { 18, 24, 299, 0, 23, 108, 269 }, // %
    { 22, 25, 367, 1, 24, 138, 377 }, // &
    { 3, 9, 111, 2, 24, 7, 515 }, // '
    { 7, 30, 142, 1, 25, 53, 522 }, // (
    { 7, 30, 142, 1, 25, 53, 575 }, // )
    { 12, 12, 224, 1, 24, 36, 628 }, // *
    { 16, 16, 299, 1, 16, 64, 664 }, // +
    { 5, 9, 120, 1, 4, 12, 728 }, // ,
    { 11, 4, 232, 2, 11, 11, 740 }, // -
    { 4, 4, 116, 2, 4, 4, 751 }, // .
    { 12, 25, 221, 1, 24, 75, 755 }, // /
    { 17, 24, 299, 1, 23, 102, 830 }, // 0
    { 10, 22, 299, 3, 22, 55, 932 }, // 1
    { 15, 23, 299, 2, 23, 87, 987 }, // 2
    { 15, 24, 299, 2, 23, 90, 1074 }, // 3
    { 17, 22, 299, 1, 22, 94, 1164 }, // 4
    { 15, 23, 299, 2, 22, 87, 1258 }, // 5
    { 17, 24, 299, 1, 23, 102, 1345 }, // 6
    { 15, 23, 299, 2, 22, 87, 1447 }, // 7
    { 17, 24, 299, 1, 23, 102, 1534 }, // 8
    { 16, 24, 299, 1, 23, 96, 1636 }, // 9
    { 4, 15, 117, 2, 15, 15, 1732 }, // :
    { 5, 20, 133, 1, 15, 25, 1747 }, // ;
    { 14, 17, 299, 2, 17, 60, 1772 }, // <
    { 15, 9, 299, 2, 13, 34, 1832 }, // =
    { 15, 17, 299, 2, 17, 64, 1866 }, // >
    { 13, 24, 238, 1, 24, 78, 1930 }, // ?
    { 31, 32, 520, 1, 25, 248, 2008 }, // @
    { 20, 24, 318, 0, 24, 120, 2256 }, // A
    { 17, 24, 328, 2, 24, 102, 2376 }, // B
    { 16, 25, 290, 1, 24, 100, 2478 }, // C
    { 18, 24, 343, 2, 24, 108, 2578 }, // D
    { 15, 24, 295, 2, 24, 90, 2686 }, // E
    { 15, 24, 280, 2, 24, 90, 2776 }, // F
    { 18, 25, 328, 1, 24, 113, 2866 }, // G
    { 18, 24, 360, 2, 24, 108, 2979 }, // H
    { 4, 24, 132, 2, 24, 24, 3087 }, // I
    { 7, 27, 154, 0, 24, 48, 3111 }, // J
    { 17, 24, 304, 2, 24, 102, 3159 }, // K
    { 14, 24, 255, 2, 24, 84, 3261 }, // L
    { 24, 24, 448, 2, 24, 144, 3345 }, // M
    { 18, 24, 361, 2, 24, 108, 3489 }, // N
    { 20, 25, 352, 1, 24, 125, 3597 }, // O
    { 17, 24, 316, 2, 24, 102, 3722 }, // P
    { 20, 29, 352, 1, 24, 145, 3824 }, // Q
    { 17, 24, 328, 2, 24, 102, 3969 }, // R
    { 16, 25, 289, 1, 24, 100, 4071 }, // S
    { 18, 24, 280, 0, 24, 108, 4171 }, // T
    { 17, 25, 344, 2, 24, 107, 4279 }, // U
    { 19, 24, 311, 0, 24, 114, 4386 }, // V
    { 28, 24, 474, 1, 24, 168, 4500 }, // W
    { 19, 24, 298, 0, 24, 114, 4668 }, // X
    { 18, 24, 287, 0, 24, 108, 4782 }, // Y
    { 16, 25, 286, 1, 24, 100, 4890 }, // Z
    { 8, 30, 176, 2, 25, 60, 4990 }, // [
    { 13, 25, 234, 1, 24, 82, 5050 }, // <backslash>
    { 8, 30, 176, 1, 25, 60, 5132 }, // ]
    { 16, 12, 299, 1, 22, 48, 5192 }, // ^
    { 15, 3, 336, 3, -3, 12, 5240 }, // _
    { 10, 6, 127, -1, 25, 15, 5252 }, // `
    { 16, 18, 268, 1, 17, 72, 5267 }, // a
    { 14, 25, 281, 2, 24, 88, 5339 }, // b
    { 13, 18, 232, 1, 17, 59, 5427 }, // c
    { 15, 25, 283, 1, 24, 94, 5486 }, // d
    { 15, 18, 269, 1, 17, 68, 5580 }, // e
    { 10, 25, 177, 1, 25, 63, 5648 }, // f
    { 16, 25, 275, 1, 17, 100, 5711 }, // g
    { 14, 24, 287, 2, 24, 84, 5811 }, // h
    { 3, 24, 118, 2, 24, 18, 5895 }, // i
    { 7, 32, 118, -2, 24, 56, 5913 }, // j
    { 14, 24, 256, 2, 24, 84, 5969 }, // k
    { 4, 24, 124, 2, 24, 24, 6053 }, // l
    { 24, 17, 446, 2, 17, 102, 6077 }, // m
    { 14, 17, 287, 2, 17, 60, 6179 }, // n
    { 15, 18, 282, 1, 17, 68, 6239 }, // o
    { 14, 25, 282, 2, 17, 88, 6307 }, // p
    { 15, 25, 281, 1, 17, 94, 6395 }, // q
    { 10, 18, 185, 2, 18, 45, 6489 }, // r
    { 14, 18, 248, 1, 17, 63, 6534 }, // s
    { 12, 23, 187, 0, 22, 69, 6597 }, // t
    { 14, 18, 284, 2, 17, 63, 6666 }, // u
    { 16, 17, 257, 0, 17, 68, 6729 }, // v
    { 24, 17, 407, 1, 17, 102, 6797 }, // w
    { 15, 17, 242, 0, 17, 64, 6899 }, // x
    { 16, 25, 258, 0, 17, 100, 6963 }, // y
    { 13, 17, 243, 1, 17, 56, 7063 }, // z
    { 11, 31, 188, 0, 26, 86, 7119 }, // {
    { 4, 32, 124, 2, 24, 32, 7205 }, // |
    { 10, 31, 188, 1, 26, 78, 7237 }, // }
    { 15, 5, 299, 2, 11, 19, 7315 }, // ~
    { 6, 8, 119, 1, 8, 12, 0 }, // U+060C
    { 5, 9, 120, 1, 4, 12, 12 }, // U+060D
    { 9, 8, 0, 0, 22, 18, 24 }, // U+0615
    { 5, 19, 133, 2, 19, 24, 42 }, // U+061B
    { 13, 24, 238, 1, 24, 78, 66 }, // U+061F
    { 16, 15, 290, 1, 15, 60, 144 }, // U+0621
    { 9, 29, 143, 0, 29, 66, 204 }, // U+0622
    { 7, 33, 143, 1, 33, 58, 270 }, // U+0623
    { 15, 34, 291, 1, 26, 128, 328 }, // U+0624
    { 7, 33, 143, 1, 24, 58, 456 }, // U+0625
    { 28, 26, 478, 0, 17, 182, 514 }, // U+0626
    { 3, 24, 143, 3, 24, 18, 696 }, // U+0627
    { 23, 23, 421, 1, 17, 133, 714 }, // U+0628
    { 18, 23, 311, 1, 23, 104, 847 }, // U+0629
    { 23, 20, 421, 1, 20, 115, 951 }, // U+062A
    { 23, 24, 421, 1, 24, 138, 1066 }, // U+062B
    { 17, 28, 309, 1, 17, 119, 1204 }, // U+062C
    { 17, 28, 309, 1, 17, 119, 1323 }, // U+062D
    { 17, 34, 309, 1, 23, 145, 1442 }, // U+062E
    { 14, 17, 258, 1, 17, 60, 1587 }, // U+062F
    { 14, 23, 258, 1, 23, 81, 1647 }, // U+0630
    { 9, 25, 140, -2, 17, 57, 1728 }, // U+0631
    { 9, 31, 140, -2, 23, 70, 1785 }, // U+0632
    { 37, 26, 646, 1, 17, 241, 1855 }, // U+0633
    { 37, 36, 646, 1, 27, 333, 2096 }, // U+0634
    { 37, 26, 635, 1, 17, 241, 2429 }, // U+0635
    { 37, 32, 635, 1, 23, 296, 2670 }, // U+0636
    { 23, 24, 407, 0, 24, 138, 2966 }, // U+0637
    { 23, 24, 407, 0, 24, 138, 3104 }, // U+0638
    { 16, 28, 294, 1, 17, 112, 3242 }, // U+0639
    { 16, 34, 294, 1, 23, 136, 3354 }, // U+063A
    { 10, 3, 133, -1, 3, 8, 3490 }, // U+0640
    { 31, 23, 551, 1, 23, 179, 3498 }, // U+0641
    { 26, 32, 460, 1, 23, 208, 3677 }, // U+0642
    { 23, 24, 418, 1, 24, 138, 3885 }, // U+0643
    { 19, 33, 355, 1, 24, 157, 4023 }, // U+0644
    { 18, 29, 334, 1, 17, 131, 4180 }, // U+0645
    { 19, 29, 355, 1, 20, 138, 4311 }, // U+0646
    { 18, 17, 311, 1, 17, 77, 4449 }, // U+0647
    { 15, 25, 291, 1, 17, 94, 4526 }, // U+0648
    { 27, 26, 478, 1, 17, 176, 4620 }, // U+0649
    { 27, 32, 478, 1, 17, 216, 4796 }, // U+064A
    { 8, 5, 0, 0, 22, 10, 5012 }, // U+064B
    { 9, 5, 0, 0, 23, 12, 5022 }, // U+064C
    { 8, 5, 0, 0, 2, 10, 5034 }, // U+064D
    { 8, 2, 0, 0, 20, 4, 5044 }, // U+064E
    { 8, 5, 0, 0, 23, 10, 5048 }, // U+064F
    { 8, 2, 0, 0, 2, 4, 5058 }, // U+0650
    { 10, 6, 0, -1, 20, 15, 5062 }, // U+0651
    { 7, 7, 0, 0, 21, 13, 5077 }, // U+0652
    { 9, 4, 0, 0, 22, 9, 5090 }, // U+0653
    { 8, 7, 0, 0, 23, 14, 5099 }, // U+0654
    { 8, 7, 0, 0, 2, 14, 5113 }, // U+0655
    { 2, 5, 0, 0, 21, 3, 5127 }, // U+0656
    { 7, 5, 0, 0, 17, 9, 5130 }, // U+0658
    { 4, 4, 133, 2, 13, 4, 5139 }, // U+0660
    { 4, 22, 165, 3, 22, 22, 5143 }, // U+0661
    { 14, 22, 281, 3, 22, 77, 5165 }, // U+0662
    { 18, 22, 360, 3, 22, 99, 5242 }, // U+0663
    { 13, 24, 250, 1, 23, 78, 5341 }, // U+0664
    { 19, 24, 362, 2, 23, 114, 5419 }, // U+0665
    { 12, 22, 257, 1, 22, 66, 5533 }, // U+0666
    { 19, 22, 333, 1, 22, 105, 5599 }, // U+0667
    { 19, 22, 333, 1, 22, 105, 5704 }, // U+0668
    { 14, 22, 277, 0, 22, 77, 5809 }, // U+0669
    { 14, 24, 299, 2, 23, 84, 5886 }, // U+066A
    { 5, 9, 120, 1, 4, 12, 5970 }, // U+066B
    { 4, 7, 103, 1, 2, 7, 5982 }, // U+066C
    { 12, 12, 224, 1, 24, 36, 5989 }, // U+066D
    { 23, 17, 421, 1, 17, 98, 6025 }, // U+066E
    { 26, 26, 460, 1, 17, 169, 6123 }, // U+066F
    { 2, 5, 0, 0, 20, 3, 6292 }, // U+0670
    { 9, 32, 143, 0, 32, 72, 6295 }, // U+0671
    { 23, 24, 421, 1, 24, 138, 6367 }, // U+0679
    { 23, 27, 421, 1, 17, 156, 6505 }, // U+067E
    { 17, 28, 309, 1, 17, 119, 6661 }, // U+0686
    { 14, 27, 258, 1, 27, 95, 6780 }, // U+0688
    { 12, 35, 140, -2, 27, 105, 6875 }, // U+0691
    { 11, 35, 140, -2, 27, 97, 6980 }, // U+0698
    { 31, 17, 551, 1, 17, 132, 7077 }, // U+06A1
    { 31, 27, 551, 1, 27, 210, 7209 }, // U+06A4
    { 23, 25, 418, 1, 25, 144, 7419 }, // U+06A9
    { 23, 26, 418, 1, 26, 150, 7563 }, // U+06AF
    { 19, 26, 355, 1, 17, 124, 7713 }, // U+06BA
    { 23, 19, 420, 1, 19, 110, 7837 }, // U+06BE
    { 18, 17, 311, 1, 17, 77, 7947 }, // U+06C1
    { 18, 26, 311, 1, 26, 117, 8024 }, // U+06C2
    { 18, 23, 311, 1, 23, 104, 8141 }, // U+06C3
    { 27, 26, 478, 1, 17, 176, 8245 }, // U+06CC
    { 22, 20, 388, 1, 12, 110, 8421 }, // U+06D2
    { 22, 20, 388, 1, 12, 110, 8531 }, // U+06D3
    { 9, 4, 197, 2, 4, 9, 8641 }, // U+06D4
    { 4, 4, 133, 2, 13, 4, 8650 }, // U+06F0
    { 4, 22, 165, 3, 22, 22, 8654 }, // U+06F1
    { 14, 22, 281, 3, 22, 77, 8676 }, // U+06F2
    { 18, 22, 360, 3, 22, 99, 8753 }, // U+06F3
    { 18, 22, 354, 3, 22, 99, 8852 }, // U+06F4
    { 14, 22, 291, 2, 22, 77, 8951 }, // U+06F5
    { 12, 23, 255, 2, 23, 69, 9028 }, // U+06F6
    { 19, 22, 333, 1, 22, 105, 9097 }, // U+06F7
    { 19, 22, 333, 1, 22, 105, 9202 }, // U+06F8
    { 14, 22, 277, 0, 22, 77, 9307 }, // U+06F9
    { 17, 4, 336, 2, 11, 17, 0 }, // U+2013
    { 34, 4, 603, 2, 11, 34, 17 }, // U+2014
    { 5, 8, 118, 1, 24, 10, 51 }, // U+2018
    { 5, 8, 116, 1, 24, 10, 61 }, // U+2019
    { 6, 9, 117, 1, 5, 14, 71 }, // U+201A
    { 11, 8, 201, 1, 24, 22, 85 }, // U+201C
    { 11, 8, 203, 1, 24, 22, 107 }, // U+201D
    { 11, 8, 193, 0, 4, 22, 129 }, // U+201E
    { 14, 27, 255, 1, 24, 95, 151 }, // U+2020
    { 15, 27, 278, 1, 24, 102, 246 }, // U+2021
    { 10, 11, 252, 3, 14, 28, 348 }, // U+2022
    { 21, 4, 388, 2, 4, 21, 376 }, // U+2026
    { 40, 24, 706, 1, 24, 240, 0 }, // U+FDF2
    { 11, 29, 157, 0, 29, 80, 240 }, // U+FE82
    { 10, 33, 157, 1, 33, 83, 320 }, // U+FE84
    { 19, 34, 308, 1, 26, 162, 403 }, // U+FE86
    { 10, 33, 157, 1, 24, 83, 565 }, // U+FE88
    { 31, 24, 471, 0, 15, 186, 648 }, // U+FE8A
    { 10, 26, 142, -1, 26, 65, 834 }, // U+FE8B
    { 12, 26, 157, -1, 26, 78, 899 }, // U+FE8C
    { 8, 24, 157, 3, 24, 48, 977 }, // U+FE8E
    { 27, 23, 436, 1, 17, 156, 1025 }, // U+FE90
    { 8, 23, 142, -1, 17, 46, 1181 }, // U+FE91
    { 12, 23, 157, -1, 17, 69, 1227 }, // U+FE92
    { 19, 23, 308, 1, 23, 110, 1296 }, // U+FE94
    { 27, 20, 436, 1, 20, 135, 1406 }, // U+FE96
    { 10, 23, 142, -1, 23, 58, 1541 }, // U+FE97
    { 12, 23, 157, -1, 23, 69, 1599 }, // U+FE98
    { 27, 24, 436, 1, 24, 162, 1668 }, // U+FE9A
    { 10, 27, 142, -1, 27, 68, 1830 }, // U+FE9B
    { 12, 27, 157, -1, 27, 81, 1898 }, // U+FE9C
    { 21, 28, 335, 1, 17, 147, 1979 }, // U+FE9E
    { 18, 23, 296, -1, 17, 104, 2126 }, // U+FE9F
    { 22, 23, 322, -1, 17, 127, 2230 }, // U+FEA0
    { 21, 28, 335, 1, 17, 147, 2357 }, // U+FEA2
    { 18, 17, 296, -1, 17, 77, 2504 }, // U+FEA3
    { 22, 17, 322, -1, 17, 94, 2581 }, // U+FEA4
    { 21, 34, 335, 1, 23, 179, 2675 }, // U+FEA6
    { 18, 23, 296, -1, 23, 104, 2854 }, // U+FEA7
    { 22, 23, 322, -1, 23, 127, 2958 }, // U+FEA8
    { 18, 17, 285, 1, 17, 77, 3085 }, // U+FEAA
    { 18, 23, 285, 1, 23, 104, 3162 }, // U+FEAC
    { 13, 25, 160, -2, 17, 82, 3266 }, // U+FEAE
    { 13, 31, 160, -2, 23, 101, 3348 }, // U+FEB0
    { 42, 26, 665, 1, 17, 273, 3449 }, // U+FEB2
    { 27, 17, 441, -1, 17, 115, 3722 }, // U+FEB3
    { 31, 17, 459, -1, 17, 132, 3837 }, // U+FEB4
    { 42, 36, 665, 1, 27, 378, 3969 }, // U+FEB6
    { 27, 27, 441, -1, 27, 183, 4347 }, // U+FEB7
    { 31, 27, 459, -1, 27, 210, 4530 }, // U+FEB8
    { 41, 26, 653, 1, 17, 267, 4740 }, // U+FEBA
    { 26, 17, 437, -1, 17, 111, 5007 }, // U+FEBB
    { 31, 17, 455, -1, 17, 132, 5118 }, // U+FEBC
    { 41, 32, 653, 1, 23, 328, 5250 }, // U+FEBE
    { 26, 23, 437, -1, 23, 150, 5578 }, // U+FEBF
    { 31, 23, 455, -1, 23, 179, 5728 }, // U+FEC0
    { 28, 24, 425, 0, 24, 168, 5907 }, // U+FEC2
    { 24, 24, 396, -1, 24, 144, 6075 }, // U+FEC3
    { 27, 24, 399, -1, 24, 162, 6219 }, // U+FEC4
    { 28, 24, 425, 0, 24, 168, 6381 }, // U+FEC6
    { 24, 24, 396, -1, 24, 144, 6549 }, // U+FEC7
    { 27, 24, 399, -1, 24, 162, 6693 }, // U+FEC8
    { 21, 28, 336, 1, 17, 147, 6855 }, // U+FECA
    { 18, 17, 316, -1, 17, 77, 7002 }, // U+FECB
    { 23, 17, 339, -1, 17, 98, 7079 }, // U+FECC
    { 21, 34, 336, 1, 23, 179, 7177 }, // U+FECE
    { 18, 23, 316, -1, 23, 104, 7356 }, // U+FECF
    { 23, 23, 339, -1, 23, 133, 7460 }, // U+FED0
    { 35, 23, 563, 1, 23, 202, 7593 }, // U+FED2
    { 19, 23, 324, -1, 23, 110, 7795 }, // U+FED3
    { 23, 23, 341, -1, 23, 133, 7905 }, // U+FED4
    { 30, 32, 477, 1, 23, 240, 8038 }, // U+FED6
    { 19, 23, 324, -1, 23, 110, 8278 }, // U+FED7
    { 23, 23, 341, -1, 23, 133, 8388 }, // U+FED8
    { 27, 24, 436, 1, 24, 162, 8521 }, // U+FEDA
    { 20, 25, 333, -1, 25, 125, 8683 }, // U+FEDB
    { 24, 25, 351, -1, 25, 150, 8808 }, // U+FEDC
    { 23, 33, 373, 1, 24, 190, 8958 }, // U+FEDE
    { 8, 24, 147, -1, 24, 48, 9148 }, // U+FEDF
    { 12, 24, 164, -1, 24, 72, 9196 }, // U+FEE0
    { 22, 29, 351, 1, 17, 160, 9268 }, // U+FEE2
    { 20, 17, 342, -1, 17, 85, 9428 }, // U+FEE3
    { 25, 17, 360, -1, 17, 107, 9513 }, // U+FEE4
    { 23, 29, 373, 1, 20, 167, 9620 }, // U+FEE6
    { 8, 23, 142, -1, 23, 46, 9787 }, // U+FEE7
    { 12, 23, 157, -1, 23, 69, 9833 }, // U+FEE8
    { 19, 17, 308, 1, 17, 81, 9902 }, // U+FEEA
    { 25, 19, 424, -1, 19, 119, 9983 }, // U+FEEB
    { 24, 26, 352, -1, 17, 156, 10102 }, // U+FEEC
    { 19, 25, 308, 1, 17, 119, 10258 }, // U+FEEE
    { 30, 16, 471, 1, 7, 120, 10377 }, // U+FEF0
    { 30, 22, 471, 1, 7, 165, 10497 }, // U+FEF2
    { 10, 24, 142, -1, 17, 60, 10662 }, // U+FEF3
    { 12, 24, 157, -1, 17, 72, 10722 }, // U+FEF4
    { 18, 24, 343, 1, 24, 108, 10794 }, // U+FEF5
    { 23, 24, 358, 1, 24, 138, 10902 }, // U+FEF6
    { 18, 28, 343, 1, 28, 126, 11040 }, // U+FEF7
    { 23, 28, 358, 1, 28, 161, 11166 }, // U+FEF8
    { 18, 33, 343, 1, 24, 149, 11327 }, // U+FEF9
    { 23, 33, 358, 1, 24, 190, 11476 }, // U+FEFA
    { 18, 24, 343, 1, 24, 108, 11666 }, // U+FEFB
    { 23, 24, 358, 1, 24, 138, 11774 }, // U+FEFC
};

static const EpdUnicodeInterval cairo_16_regularIntervals[] = {
    { 0x20, 0x7E, 0x0 },
    { 0x60C, 0x60D, 0x5F },
    { 0x615, 0x615, 0x61 },
    { 0x61B, 0x61B, 0x62 },
    { 0x61F, 0x61F, 0x63 },
    { 0x621, 0x63A, 0x64 },
    { 0x640, 0x656, 0x7E },
    { 0x658, 0x658, 0x95 },
    { 0x660, 0x671, 0x96 },
    { 0x679, 0x679, 0xA8 },
    { 0x67E, 0x67E, 0xA9 },
    { 0x686, 0x686, 0xAA },
    { 0x688, 0x688, 0xAB },
    { 0x691, 0x691, 0xAC },
    { 0x698, 0x698, 0xAD },
    { 0x6A1, 0x6A1, 0xAE },
    { 0x6A4, 0x6A4, 0xAF },
    { 0x6A9, 0x6A9, 0xB0 },
    { 0x6AF, 0x6AF, 0xB1 },
    { 0x6BA, 0x6BA, 0xB2 },
    { 0x6BE, 0x6BE, 0xB3 },
    { 0x6C1, 0x6C3, 0xB4 },
    { 0x6CC, 0x6CC, 0xB7 },
    { 0x6D2, 0x6D4, 0xB8 },
    { 0x6F0, 0x6F9, 0xBB },
    { 0x2013, 0x2014, 0xC5 },
    { 0x2018, 0x201A, 0xC7 },
    { 0x201C, 0x201E, 0xCA },
    { 0x2020, 0x2022, 0xCD },
    { 0x2026, 0x2026, 0xD0 },
    { 0xFDF2, 0xFDF2, 0xD1 },
    { 0xFE82, 0xFE82, 0xD2 },
    { 0xFE84, 0xFE84, 0xD3 },
    { 0xFE86, 0xFE86, 0xD4 },
    { 0xFE88, 0xFE88, 0xD5 },
    { 0xFE8A, 0xFE8C, 0xD6 },
    { 0xFE8E, 0xFE8E, 0xD9 },
    { 0xFE90, 0xFE92, 0xDA },
    { 0xFE94, 0xFE94, 0xDD },
    { 0xFE96, 0xFE98, 0xDE },
    { 0xFE9A, 0xFE9C, 0xE1 },
    { 0xFE9E, 0xFEA0, 0xE4 },
    { 0xFEA2, 0xFEA4, 0xE7 },
    { 0xFEA6, 0xFEA8, 0xEA },
    { 0xFEAA, 0xFEAA, 0xED },
    { 0xFEAC, 0xFEAC, 0xEE },
    { 0xFEAE, 0xFEAE, 0xEF },
    { 0xFEB0, 0xFEB0, 0xF0 },
    { 0xFEB2, 0xFEB4, 0xF1 },
    { 0xFEB6, 0xFEB8, 0xF4 },
    { 0xFEBA, 0xFEBC, 0xF7 },
    { 0xFEBE, 0xFEC0, 0xFA },
    { 0xFEC2, 0xFEC4, 0xFD },
    { 0xFEC6, 0xFEC8, 0x100 },
    { 0xFECA, 0xFECC, 0x103 },
    { 0xFECE, 0xFED0, 0x106 },
    { 0xFED2, 0xFED4, 0x109 },
    { 0xFED6, 0xFED8, 0x10C },
    { 0xFEDA, 0xFEDC, 0x10F },
    { 0xFEDE, 0xFEE0, 0x112 },
    { 0xFEE2, 0xFEE4, 0x115 },
    { 0xFEE6, 0xFEE8, 0x118 },
    { 0xFEEA, 0xFEEC, 0x11B },
    { 0xFEEE, 0xFEEE, 0x11E },
    { 0xFEF0, 0xFEF0, 0x11F },
    { 0xFEF2, 0xFEFC, 0x120 },
};

static const EpdFontGroup cairo_16_regularGroups[] = {
    { 0, 3347, 7969, 95, 0 },
    { 3347, 2409, 10176, 102, 95 },
    { 5756, 200, 451, 12, 197 },
    { 5956, 2428, 12642, 90, 209 },
};

static const EpdKernClassEntry cairo_16_regularKernLeftClasses[] = {
    { 0x0022, 1 }, // "
    { 0x0026, 2 }, // &
    { 0x0027, 3 }, // '
    { 0x0028, 4 }, // (
    { 0x0029, 5 }, // )
    { 0x002A, 6 }, // *
    { 0x002C, 7 }, // ,
    { 0x002D, 8 }, // -
    { 0x002E, 9 }, // .
    { 0x002F, 10 }, // /
    { 0x003A, 11 }, // :
    { 0x003B, 12 }, // ;
    { 0x0040, 13 }, // @
    { 0x0041, 14 }, // A
    { 0x0042, 15 }, // B
    { 0x0043, 16 }, // C
    { 0x0044, 17 }, // D
    { 0x0045, 18 }, // E
    { 0x0046, 19 }, // F
    { 0x0047, 20 }, // G
    { 0x0048, 21 }, // H
    { 0x0049, 21 }, // I
    { 0x004A, 22 }, // J
    { 0x004B, 23 }, // K
    { 0x004C, 24 }, // L
    { 0x004D, 21 }, // M
    { 0x004E, 21 }, // N
    { 0x004F, 25 }, // O
    { 0x0050, 26 }, // P
    { 0x0051, 27 }, // Q
    { 0x0052, 28 }, // R
    { 0x0053, 29 }, // S
    { 0x0054, 30 }, // T
    { 0x0055, 31 }, // U
    { 0x0056, 32 }, // V
    { 0x0057, 33 }, // W
    { 0x0058, 34 }, // X
    { 0x0059, 35 }, // Y
    { 0x005A, 36 }, // Z
    { 0x005B, 37 }, // [
    { 0x005C, 38 }, // <backslash>
    { 0x0061, 39 }, // a
    { 0x0062, 40 }, // b
    { 0x0063, 41 }, // c
    { 0x0064, 42 }, // d
    { 0x0065, 43 }, // e
    { 0x0066, 44 }, // f
    { 0x0067, 45 }, // g
    { 0x0068, 46 }, // h
    { 0x0069, 42 }, // i
    { 0x006A, 42 }, // j
    { 0x006B, 47 }, // k
    { 0x006C, 42 }, // l
    { 0x006D, 46 }, // m
    { 0x006E, 48 }, // n
    { 0x006F, 49 }, // o
    { 0x0070, 50 }, // p
    { 0x0071, 51 }, // q
    { 0x0072, 52 }, // r
    { 0x0073, 53 }, // s
    { 0x0074, 54 }, // t
    { 0x0075, 55 }, // u
    { 0x0076, 56 }, // v
    { 0x0077, 57 }, // w
    { 0x0078, 58 }, // x
    { 0x0079, 59 }, // y
    { 0x007A, 60 }, // z
    { 0x007B, 61 }, // {
    { 0x007C, 62 }, // |
    { 0x007D, 63 }, // }
    { 0x0631, 64 }, // U+0631
    { 0x0632, 64 }, // U+0632
    { 0x0691, 64 }, // U+0691
    { 0x0698, 64 }, // U+0698
    { 0x2013, 65 }, // U+2013
    { 0x2014, 65 }, // U+2014
    { 0x2018, 66 }, // U+2018
    { 0x2019, 67 }, // U+2019
    { 0x201A, 7 }, // U+201A
    { 0x201C, 68 }, // U+201C
    { 0x201D, 69 }, // U+201D
    { 0x201E, 7 }, // U+201E
    { 0xFEAE, 64 }, // U+FEAE
    { 0xFEB0, 64 }, // U+FEB0
    { 0xFED3, 70 }, // U+FED3
    { 0xFED7, 70 }, // U+FED7
};

static const EpdKernClassEntry cairo_16_regularKernRightClasses[] = {
    { 0x0021, 1 }, // !
    { 0x0022, 2 }, // "
    { 0x0026, 3 }, // &
    { 0x0027, 4 }, // '
    { 0x0028, 5 }, // (
    { 0x0029, 6 }, // )
    { 0x002A, 7 }, // *
    { 0x002C, 8 }, // ,
    { 0x002D, 9 }, // -
    { 0x002E, 10 }, // .
    { 0x002F, 11 }, // /
    { 0x003A, 12 }, // :
    { 0x003B, 13 }, // ;
    { 0x003F, 14 }, // ?
    { 0x0040, 15 }, // @
    { 0x0041, 16 }, // A
    { 0x0042, 17 }, // B
    { 0x0043, 18 }, // C
    { 0x0044, 17 }, // D
    { 0x0045, 17 }, // E
    { 0x0046, 17 }, // F
    { 0x0047, 19 }, // G
    { 0x0048, 17 }, // H
    { 0x0049, 17 }, // I
    { 0x004A, 20 }, // J
    { 0x004B, 17 }, // K
    { 0x004C, 17 }, // L
    { 0x004D, 17 }, // M
    { 0x004E, 17 }, // N
    { 0x004F, 21 }, // O
    { 0x0050, 17 }, // P
    { 0x0051, 22 }, // Q
    { 0x0052, 17 }, // R
    { 0x0053, 23 }, // S
    { 0x0054, 24 }, // T
    { 0x0055, 25 }, // U
    { 0x0056, 26 }, // V
    { 0x0057, 27 }, // W
    { 0x0058, 28 }, // X
    { 0x0059, 29 }, // Y
    { 0x005A, 30 }, // Z
    { 0x005C, 31 }, // <backslash>
    { 0x005D, 32 }, // ]
    { 0x0061, 33 }, // a
    { 0x0062, 34 }, // b
    { 0x0063, 35 }, // c
    { 0x0064, 36 }, // d
    { 0x0065, 37 }, // e
    { 0x0066, 38 }, // f
    { 0x0067, 39 }, // g
    { 0x006A, 40 }, // j
    { 0x006D, 41 }, // m
    { 0x006E, 42 }, // n
    { 0x006F, 43 }, // o
    { 0x0070, 44 }, // p
    { 0x0071, 45 }, // q
    { 0x0072, 41 }, // r
    { 0x0073, 46 }, // s
    { 0x0074, 47 }, // t
    { 0x0075, 48 }, // u
    { 0x0076, 49 }, // v
    { 0x0077, 50 }, // w
    { 0x0078, 51 }, // x
    { 0x0079, 52 }, // y
    { 0x007A, 53 }, // z
    { 0x007B, 54 }, // {
    { 0x007D, 55 }, // }
    { 0x2013, 56 }, // U+2013
    { 0x2014, 56 }, // U+2014
    { 0x2018, 57 }, // U+2018
    { 0x2019, 58 }, // U+2019
    { 0x201A, 8 }, // U+201A
    { 0x201C, 59 }, // U+201C
    { 0x201D, 60 }, // U+201D
    { 0x201E, 8 }, // U+201E
    { 0x2026, 8 }, // U+2026
    { 0xFE8A, 61 }, // U+FE8A
    { 0xFEF0, 61 }, // U+FEF0
    { 0xFEF2, 61 }, // U+FEF2
    { 0xFEF3, 62 }, // U+FEF3
};

static const int8_t cairo_16_regularKernMatrix[] = {
       0,    0,  -15,    0,    0,    0,    0,  -78,  -39,  -78,  -34,    0,    0,    0,   -6,  -23,    0,    0,    0,  -12,    0,    0,    0,    0,    0,    0,    0,    0,    0,    0,    0,    0,    0,    0,   -7,  -10,   -7,    0,   -6,    0,    0,    0,   -7,    0,  -10,   -3,    0,    0,    0,    0,    0,    0,    0,    0,    0,  -39,    0,    0,    0,    0,    0,    0,
       0,  -26,    0,  -17,    0,    0,    0,    0,    0,    0,    0,    0,    0,    0,    0,    0,    0,   -3,   -3,    0,   -3,   -3,    0,  -17,   -3,  -18,  -11,    0,  -21,    0,    0,    0,    0,    0,    0,    0,    0,    0,    0,    0,    0,    0,    0,    0,    0,    0,   -4,    0,   -6,   -5,    0,   -6,    0,    0,    0,    0,    0,  -10,    0,  -25,    0,    0,
       0,    0,  -12,    0,    0,    0,    0,  -78,  -60, -121,  -28,    0,    0,    0,   -5,  -39,    0,    0,    0,  -16,    0,    0,    0,    0,    0,    4,    0,    4,    7,    0,    0,    0,    0,    0,  -14,  -20,  -17,    0,   -6,    0,    0,    0,  -16,    0,  -19,   -7,    0,    0,    0,    0,    0,    0,    0,    0,    0,  -39,    0,    0,    0,    0,    0,    0,
       0,    0,    0,    0,   -6,    0,    0,    0,    0,    0,    0,    0,    0,    0,    0,    0,    0,   -8,   -8,    0,   -9,   -7,    0,    0,    0,    0,    0,    0,    0,    0,    0,    0,   -7,    0,  -10,   -9,  -10,   -6,    0,   23,    0,   -6,  -10,    0,  -10,   -6,   -6,   -8,   -8,   -7,    0,   -8,   -6,   -6,    0,    0,    0,    0,    0,    0,    0,    0,
       0,    0,    0,    0,    0,   -6,    0,    0,    0,    0,    0,    0,    0,    0,    0,    0,    0,    0,    0,    0,    0,    0,    0,    0,    0,    0,    0,    0,    0,    0,    0,   -4,    0,    0,    0,    0,    0,    0,    0,    0,    0,    0,    0,    0,    0,    0,    0,    0,    0,    0,    0,    0,    0,    0,   -4,    0,    0,    0,    0,    0,    0,    0,
       0,    0,    0,    0,    0,    0,    0,    0,    0,    0,    0,    0,    0,    0,    0,  -15,    0,    0,    0,   -4,    0,    0,    0,    0,    0,    0,    0,    0,    0,   -6,    0,    0,    0,    0,   -9,  -11,  -11,    0,   -5,    0,    0,    0,  -10,    0,  -10,   -6,    0,    0,    0,    0,    3,    0,    0,    0,    0,    0,    0,    0,    0,    0,    0,    0,
       0,  -78,    0,  -78,    0,    0,    0,    0,  -17,    0,    0,    0,    0,    0,    0,    0,    0,   -6,   -6,    0,   -6,   -6,    0,  -34,   -6,  -28,  -19,    0,  -39,    0,    0,    0,    0,    0,    0,    0,    0,   -5,    0,    0,    0,    0,    0,    0,    0,    0,  -10,    0,  -18,  -15,    0,  -19,    0,    0,    0,  -17,  -75,  -76,  -75,  -76,    0,    0,
       0,  -39,    0,  -59,    0,    0,    0,    0,    0,    0,    0,    0,    0,    0,    0,   -9,    0,    0,    0,  -15,    0,    0,  -14,  -57,    0,  -10,  -14,  -10,  -60,  -14,    0,    0,   -4,    0,    0,    0,    0,   -6,    0,    0,    0,    0,    0,    0,    0,    0,   -8,    0,   -6,   -4,   -8,   -7,  -19,    0,    0,    0,    0,  -36,    0,  -36,    0,    0,
       0,  -78,    0, -120,    0,    0,    0,    0,  -17,    0,    0,    0,    0,    0,    0,    0,    0,   -6,   -6,    0,   -6,   -6,    0,  -55,   -6,  -15,  -26,    0,  -66,    0,    0,    0,    0,    0,    0,    0,    0,   -5,    0,    0,    0,    0,    0,    0,    0,    0,  -10,    0,   -6,  -15,    0,  -25,    0,    0,    0,  -17, -109, -110,  -75,  -76,    0,    0,
       0,    0,    0,    0,    0,    0,    0,    0,    0,    0,    0,    0,    0,    0,    0,  -20,    0,   -7,   -9,  -10,  -10,    0,    0,    0,    0,    0,    0,    0,    5,    0,    0,    0,  -13,    0,  -18,  -18,  -19,   -5,  -15,    0,  -11,  -10,  -18,  -10,  -18,  -16,   -5,  -10,   -7,   -7,   -5,   -7,  -10,    0,    0,    0,    0,    0,    0,    0,    0,    0,
       0,    0,    0,    0,    0,    0,    0,    0,    0,    0,    0,    0,    0,    0,    0,    0,    0,    0,    0,    0,    0,    0,    0,  -40,    0,   -6,    0,    0,  -38,    0,    0,    0,    0,    0,    0,    0,    0,    0,    0,    0,    0,    0,    0,    0,    0,    0,    0,    0,    0,    0,    0,    0,    0,    0,    0,    0,    0,    0,    0,    0,    0,    0,
       0,    0,    0,    0,    0,    0,    0,    0,    0,    0,    0,    0,    0,    0,    0,    0,    0,    0,    0,    0,    0,    0,    0,  -29,    0,   -7,    0,    0,  -23,    0,    0,    0,    0,    0,    0,    0,    0,    0,    0,    0,    0,    0,    0,    0,    0,    0,    0,    0,    0,    0,    0,    0,    0,    0,    0,    0,    0,    0,    0,    0,    0,    0,
       0,    0,    0,    0,    0,    0,    0,    0,    0,    0,    0,    0,    0,    0,    0,    0,    0,    0,    0,   -4,    0,    0,    0,   -8,    0,   -4,    0,    0,  -12,    0,    0,    0,    0,    0,    0,    0,    0,    0,    0,    0,    0,    0,    0,    0,    0,    0,    0,    0,    0,    0,    0,    0,    0,    0,    0,    0,    0,    0,    0,    0,    0,    0,
       0,  -22,    0,  -38,    0,    0,  -15,    0,  -10,    0,    0,    0,    0,   -8,    0,    0,    0,  -14,  -15,   -2,  -16,   -6,   -4,  -55,  -12,  -25,  -27,    0,  -70,    0,  -20,  -12,    0,    0,   -7,   -7,   -7,   -4,   -8,    0,    0,    0,   -7,    0,   -7,    0,  -15,   -4,  -11,  -15,    0,  -20,    0,    0,    3,   -5,  -32,  -34,  -21,  -22,    0,    0,
       0,    0,    0,    0,    0,   -7,    0,    0,    0,    0,   -6,    0,    0,   -4,    0,   -5,    0,    0,    0,   -8,    0,    0,    0,   -4,    0,   -6,   -4,   -7,  -16,    0,   -6,  -14,    0,    0,    0,    0,    0,    0,   -5,    0,    0,    0,    0,    0,    0,    0,    0,    0,   -2,   -2,   -3,   -2,    0,    0,  -10,    0,    0,    0,    0,    0,    0,    0,
       0,    0,    0,    0,    0,    0,    0,    0,  -17,    0,    0,    0,    0,    0,    0,    0,    0,   -7,  -10,   -2,  -11,   -6,    0,    0,    0,    0,    0,    0,    0,    0,    0,    0,    0,    0,   -5,   -5,   -5,   -3,  -11,    0,   -2,   -2,   -5,   -2,   -5,    0,   -3,   -6,   -8,   -9,    0,   -8,    0,    0,    0,  -17,    0,    0,    0,    0,    0,    0,
       0,    0,    0,    0,    0,   -9,    0,   -7,    0,   -7,  -12,    0,    0,   -5,    0,  -18,    0,    0,    0,  -15,    0,    0,    0,  -18,    0,   -8,   -6,  -20,  -40,   -9,  -10,   -7,    0,    0,    0,    0,    0,    0,    0,    0,    0,    0,    0,    0,    0,    0,    0,    0,    0,    0,   -4,    0,    0,    0,   -9,    0,    0,    0,    0,    0,    0,    0,
       0,    0,    0,    0,    0,    0,    0,    0,  -11,    0,    0,    0,    0,    0,    0,    0,    0,   -7,   -8,    0,   -9,   -4,   -2,    0,    0,    0,    0,    0,    0,    0,    0,    0,    0,    0,   -5,   -5,   -5,   -2,  -11,    0,    0,    0,   -5,    0,   -5,    0,   -3,   -4,   -6,   -6,    0,   -6,    0,    0,    0,  -11,    0,    0,    0,    0,    0,    0,
       0,    0,   -6,    0,    0,    0,    0,  -37,   -9,  -11,  -17,    0,    0,    0,    0,  -29,    0,   -3,   -4,   -7,   -5,   -5,   -5,    0,    0,    0,    0,   -2,    4,    0,    0,    0,   -5,    0,  -14,  -15,  -15,   -4,  -14,    0,  -11,  -11,  -15,  -11,  -15,  -14,   -4,  -10,   -6,   -7,  -12,   -7,  -10,    0,    0,    0,    0,    0,    0,    0,    0,    0,
       0,    0,    0,    0,    0,    0,    0,    0,    0,    0,    0,    0,    0,    0,    0,   -3,    0,    0,    0,   -5,    0,    0,    0,   -3,    0,   -3,    0,    0,  -14,    0,    0,    0,    0,    0,    0,    0,    0,   -3,   -3,    0,    0,    0,    0,    0,    0,    0,   -3,    0,   -4,   -4,    0,   -4,    0,    0,    0,    0,    0,    0,    0,    0,    0,    0,
       0,    0,    0,    0,    0,    0,    0,    0,    0,    0,    0,    0,    0,    0,    0,    0,    0,    0,    0,   -3,    0,    0,    0,    0,    0,    0,    0,    0,    0,    0,    0,    0,    0,    0,   -3,   -3,   -3,    0,   -5,    0,    0,    0,   -3,    0,   -3,    0,    0,    0,    0,    0,    0,    0,    0,    0,    0,    0,    0,    0,    0,    0,    0,    0,
       0,    0,    0,    0,    0,    0,    0,    0,    0,    0,   -7,    0,    0,    0,    0,   -6,    0,    0,    0,    0,    0,    0,    0,    0,    0,    0,    0,    0,   -3,    0,    0,    0,    0,    0,   -3,   -3,   -3,    0,   -4,    0,    0,    0,   -3,    0,   -3,    0,    0,    0,    0,    0,    0,    0,    0,    0,    0,    0,    0,    0,    0,    0,    0,    0,
       0,    0,    0,    0,    0,    0,    0,    0,  -25,    0,    0,    0,    0,    0,    0,    0,    0,  -19,  -22,    0,  -24,   -9,   -4,    0,    0,    0,    0,    0,    0,    0,    0,    3,    0,    0,  -17,  -16,  -17,   -3,  -11,    0,    0,    0,  -19,    0,  -17,    0,  -12,  -14,   -9,  -21,    0,  -22,    0,    0,    4,  -19,   -4,    0,    0,    0,    0,    0,
       0,  -47,    0,  -79,    0,    0,  -32,    0,  -38,    0,    0,    0,    0,   -9,    0,    0,    0,  -12,  -15,    0,  -16,  -10,    0,  -95,  -11,  -37,  -55,    0, -106,    0,  -28,   -7,    0,    0,   -3,   -3,   -3,   -4,   -4,    0,    0,    0,   -3,    0,   -3,    0,  -16,   -5,  -13,  -25,    0,  -37,    0,    0,   -5,  -38,  -79,  -79,  -47,  -47,    0,    0,
       0,    0,    0,    0,    0,   -9,    0,   -6,    0,   -6,  -12,    0,    0,   -4,    0,  -16,    0,    0,    0,  -14,    0,    0,    0,  -17,    0,   -8,   -6,  -19,  -38,   -7,  -10,   -7,    0,    0,    0,    0,    0,    0,    0,    0,    0,    0,    0,    0,    0,    0,    0,    0,    0,    0,   -4,    0,    0,    0,   -9,    0,    0,    0,    0,    0,    0,    0,
       0,    0,   -6,   -4,    0,  -12,    0,  -43,   -5,  -17,  -19,    0,    0,   -5,    0,  -21,    0,   -3,   -3,  -12,   -3,    0,   -3,   -6,   -4,   -3,   -6,   -9,  -17,   -7,  -10,  -12,   -5,    0,   -5,   -5,   -5,   -3,   -4,    0,    0,    0,   -5,    0,   -5,   -5,    0,   -3,    0,   -3,   -5,    0,   -4,    0,  -11,   -5,    0,    0,    0,    0,    0,    0,
       0,    0,    0,    0,    0,    0,    0,   -6,    0,   -6,    0,    0,    0,   -4,    0,   -6,    0,    0,    0,  -10,    0,    0,    0,  -11,    0,   -6,   -2,  -10,  -15,   -3,    0,  -15,    0,    0,    0,    0,    0,    0,    0,    0,    0,    0,    0,    0,    0,    0,    0,    0,    0,    0,    0,    0,    0,    0,  -13,    0,    0,    0,    0,    0,    0,    0,
       0,    0,    0,    0,    0,    0,    0,    0,   -5,    0,    0,    0,    0,    0,    0,   -7,    0,    0,    0,   -3,    0,    0,    0,   -7,    0,   -5,    0,   -5,  -26,    0,   -6,   -9,    0,    0,   -5,   -5,   -7,    0,   -4,    0,    0,    0,   -5,    0,   -5,    0,    0,   -2,    0,    0,    0,    0,    0,    0,   -7,   -5,    0,    0,    0,    0,    0,    0,
       0,    0,    0,    0,    0,    0,    0,    0,    0,    0,   -6,    0,    0,    0,    0,  -10,    0,    0,    0,   -7,    0,    0,    0,   -3,    0,   -3,    0,   -6,  -13,    0,    0,    0,    0,    0,    0,    0,    0,   -4,   -4,    0,    0,    0,    0,    0,    0,    0,   -4,    0,   -5,   -5,   -4,   -5,   -2,    0,    0,    0,    0,    0,    0,    0,    0,    0,
       0,    0,  -12,    0,    0,    0,    0,  -34,  -55,  -54,  -21,  -39,  -29,    0,   -7,  -54,    0,  -12,  -17,  -21,  -17,  -11,    0,    0,    0,    0,    0,    0,    3,    0,    0,    0,  -54,   -4,  -81,  -81,  -83,   -7,  -82,    0,  -45,  -45,  -82,  -45,  -81,  -76,  -13,  -49,  -35,  -36,  -38,  -36,  -49,    0,    0,  -34,    0,    0,    0,    0,    0,    0,
       0,    0,    0,    0,    0,    0,    0,   -6,    0,   -6,  -10,    0,    0,    0,    0,  -12,    0,    0,    0,  -11,    0,    0,    0,    0,    0,    0,    0,    0,   -3,    0,    0,    0,    0,    0,   -3,   -3,   -3,    0,   -6,    0,    0,    0,   -3,    0,   -3,   -3,    0,   -3,    0,    0,    0,    0,    0,    0,    0,    0,    0,    0,    0,    0,    0,    0,
       0,    0,  -10,    3,    0,    0,    0,  -28,  -10,  -14,  -22,   -6,   -7,    0,   -7,  -25,    0,   -7,   -7,  -10,   -8,   -6,   -4,    0,    0,    0,    0,    0,    0,    0,    0,    0,  -12,    0,  -15,  -17,  -18,   -4,  -13,    0,  -14,   -8,  -17,   -8,  -17,  -13,   -3,   -6,   -4,   -5,   -4,   -4,   -7,    0,    0,  -16,    0,    0,    0,    0,    0,    0,
       0,    0,   -3,    0,    0,    0,    0,  -19,  -14,  -26,  -10,    0,    0,    0,    0,  -27,    0,   -4,   -4,  -17,   -4,    0,    0,    0,    0,    0,    0,    0,    0,    0,    0,    0,  -13,    0,  -39,  -18,  -48,    0,  -19,    0,   -8,  -12,  -39,  -12,  -18,  -14,    0,   -9,    0,    0,    0,    0,   -3,    0,    0,  -10,    0,    0,    0,    0,    0,    0,
       0,    0,    0,    6,    0,    0,    0,    0,   -9,    0,    0,    0,    0,    5,    0,    0,    0,  -15,  -17,    0,  -19,  -10,   -5,    3,    0,    0,    0,    0,    0,    0,    4,    5,   -5,    0,  -14,  -14,  -15,   -4,   -6,    0,    0,    0,  -17,    0,  -14,    0,   -9,  -11,  -14,  -12,    0,  -12,    0,    0,    5,  -20,    0,    0,    0,    0,    0,    0,
       3,    0,  -18,    9,    0,    0,    0,  -39,  -61,  -66,  -27,  -38,  -23,    6,  -15,  -70,    0,  -32,  -36,  -34,  -38,  -15,  -20,    5,    0,    0,    0,    0,    0,    0,    6,    7,  -69,    0,  -80,  -82,  -84,  -11,  -79,    0,  -33,  -60,  -83,  -60,  -83,  -76,  -20,  -56,  -14,  -43,  -14,  -36,  -51,    0,    8,  -38,   -5,    0,    0,    0,    0,    0,
       0,    0,    0,    0,    0,    0,    0,    0,  -17,    0,    0,    0,    0,    0,    0,    0,    0,   -5,   -6,    0,   -7,   -3,    0,    0,    0,    0,    0,    0,    0,    0,    0,    0,    0,    0,   -5,   -5,   -5,    0,  -13,    0,   -3,   -3,   -5,   -3,   -5,    0,   -2,   -6,   -6,   -6,    0,   -6,    0,    0,    0,  -17,    0,    0,    0,    0,    0,    0,
       0,    0,    0,    0,   -4,    0,    0,    0,    0,    0,    0,    0,    0,    0,    0,  -12,    0,   -6,   -7,    0,   -8,  -15,   -6,    0,    0,    0,    0,    0,    4,    0,    0,    0,  -17,    0,   -8,   -7,   -9,   -8,    0,   29,  -13,  -13,   -9,  -13,   -8,  -12,  -13,   -7,  -17,   -7,   -9,   -8,  -10,  -11,    0,    0,    0,    0,    0,    0,    0,    0,
       0,  -37,    0,  -27,    0,    0,    0,    0,    0,    0,    0,    0,    0,    0,    0,    0,    0,  -10,  -11,    0,  -12,    0,    0,  -22,  -10,  -23,  -10,    0,  -27,    0,    0,    0,    0,    0,   -7,   -7,   -7,    0,    0,   19,    0,    0,   -8,    0,   -7,    0,  -10,   -7,  -12,   -7,    0,  -11,    0,    0,    0,    0,    0,  -23,    0,  -36,    0,    0,
       0,    0,    0,   -9,    0,    0,   -8,    0,    0,    0,    0,    0,    0,   -8,    0,    0,    0,    0,    0,    0,    0,    0,    0,  -75,    0,  -21,  -19,    0,  -81,    0,  -19,   -6,    0,    0,    0,    0,    0,   -3,   -3,    0,    0,    0,   -2,    0,   -2,    0,   -3,   -2,   -6,   -5,    0,  -10,    0,    0,   -5,    0,    0,    0,    0,    0,    0,    0,
       0,   -8,    0,  -17,    0,   -9,   -8,    0,    0,    0,   -7,    0,    0,   -9,    0,   -7,   -3,    0,    0,  -13,    0,    0,   -4,  -82,    0,  -15,  -17,  -16,  -79,   -4,  -17,   -7,    0,    0,    0,    0,    0,    0,    0,    0,    0,    0,    0,    0,    0,    0,   -2,    0,   -4,   -5,  -11,   -9,   -2,    0,   -9,    0,   -7,   -7,   -7,   -7,    0,    0,
       0,    0,    0,    0,    0,    0,    0,    0,  -21,    0,    0,    0,    0,   -5,    0,    0,    0,    0,    0,   -3,    0,    0,    0,  -53,    0,   -5,    0,    0,  -53,    0,   -9,  -10,    0,    0,   -3,   -3,   -3,    0,   -3,    0,    0,    0,   -5,    0,   -3,    0,    0,    0,    0,    0,    0,    0,    0,    0,   -8,  -21,    0,    0,    0,    0,    0,    0,
       0,    0,    0,    0,    0,    0,    0,    0,    0,    0,    0,    0,    0,    0,    0,    0,    0,    0,    0,   -9,    0,    0,    0,    0,    0,    0,    0,    0,    0,    0,    0,    0,    0,    0,    0,    0,    0,    0,    0,    0,    0,    0,    0,    0,    0,    0,    0,    0,    0,    0,    0,    0,    0,    0,    0,    0,    0,    0,    0,    0,    0,    0,
       0,   -6,    0,  -13,    0,   -6,   -6,    0,    0,    0,    0,    0,    0,   -7,    0,    0,    0,    0,    0,   -7,    0,    0,   -2,  -82,    0,  -14,  -15,    0,  -86,   -3,  -17,  -12,    0,    0,    0,    0,    0,    0,    0,    0,    0,    0,    0,    0,    0,    0,   -2,    0,   -3,   -5,   -3,   -8,    0,    0,  -14,    0,   -5,   -5,   -5,   -5,    0,    0,
       0,    0,   -5,    0,    0,    0,    0,  -22,  -22,  -10,  -14,    0,    0,    0,    0,  -13,    0,    0,    0,  -13,    0,    0,    0,  -15,    0,    7,    0,   -7,   11,   -6,    0,    0,    0,    0,   -5,   -5,   -2,    0,   -3,    0,    0,    0,   -5,    0,   -5,    0,    0,    0,    0,    0,    0,    0,    0,    0,    0,  -22,    0,    0,    0,    0,    0,    0,
       0,    0,    0,    0,    0,    0,    0,    0,  -12,    0,    0,    0,    0,    0,    0,    0,    0,    0,    0,    0,    0,    0,    0,  -38,    0,   -4,    0,    0,  -35,    0,   -7,    0,    0,    0,   -3,   -3,   -4,    0,    0,   10,    0,    0,   -4,    0,   -4,    0,    0,    0,    0,    0,    0,    0,    0,    0,    0,   -6,    0,    0,    0,    0,    0,    0,
       0,   -6,    0,   -6,    0,    0,    0,    0,    0,    0,    0,    0,    0,  -11,    0,    0,    0,    0,    0,   -9,    0,    0,   -3,  -50,   -3,  -15,  -10,    0,  -37,    0,  -19,  -13,    0,    0,    0,    0,    0,    0,    0,    0,    0,    0,    0,    0,    0,    0,   -2,    0,   -3,   -3,    0,   -3,    0,    0,  -12,    0,   -4,   -4,   -4,   -4,    0,    0,
       0,    0,    0,    0,    0,    0,    0,    0,  -25,    0,    0,    0,    0,   -3,    0,    0,    0,   -2,   -4,    0,   -5,   -2,    0,  -39,    0,   -4,    0,    0,  -40,    0,   -6,   -9,   -5,    0,  -14,  -14,  -16,    0,  -11,    0,    0,    0,  -16,    0,  -14,   -3,    0,    0,    0,    0,    0,    0,    0,    0,   -7,  -19,    0,    0,    0,    0,    0,    0,
       0,   -6,    0,  -13,    0,   -5,   -6,    0,    0,    0,    0,    0,    0,   -7,    0,    0,    0,    0,    0,   -9,    0,    0,   -3,  -82,   -3,  -17,  -17,    0,  -79,    0,  -18,  -13,    0,    0,    0,    0,    0,    0,    0,    0,    0,    0,    0,    0,    0,    0,   -2,    0,   -4,   -5,    0,   -7,    0,    0,  -12,    0,   -4,   -4,   -4,   -4,    0,    0,
       0,   -7,    0,  -16,    0,  -10,   -9,    0,    0,    0,   -8,    0,    0,   -9,    0,   -7,   -3,    0,    0,  -13,    0,    0,   -4,  -83,   -3,  -17,  -18,  -18,  -83,   -4,  -18,   -7,    0,    0,    0,    0,    0,   -2,    0,    0,    0,    0,    0,    0,    0,    0,   -2,    0,   -4,   -6,  -12,  -10,   -2,    0,  -10,    0,   -5,   -5,   -5,   -5,    0,    0,
       0,   -8,    0,  -15,    0,   -9,   -6,    0,    0,    0,   -7,    0,    0,   -9,    0,   -7,   -3,    0,    0,  -13,    0,    0,   -4,  -82,    0,  -16,  -17,  -15,  -79,   -4,  -18,   -7,    0,    0,    0,    0,    0,   -2,    0,    0,    0,    0,    0,    0,    0,    0,   -2,    0,   -4,   -5,  -10,   -9,   -2,    0,   -9,    0,   -7,   -7,   -7,   -7,    0,    0,
       0,    0,    0,    0,    0,    0,    0,    0,    0,    0,    0,    0,    0,   -6,    0,    0,    0,    0,    0,   -9,    0,    0,    0,  -48,    0,   -8,  -12,    0,  -62,    0,  -11,  -13,    0,    0,    0,    0,    0,    0,    0,    0,    0,    0,    0,    0,    0,    0,    0,    0,    0,    0,    0,    0,    0,    0,  -12,    0,    0,    0,    0,    0,    0,    0,
       0,    0,   -5,    0,    0,   -8,    0,  -29,  -24,  -44,  -15,    0,    0,    0,    0,  -33,    0,    0,    0,  -22,    0,    0,    0,  -36,    0,   -3,    0,  -13,  -27,   -8,   -6,   -6,    0,    0,   -5,   -6,   -5,    0,   -3,    0,    0,    0,   -5,    0,   -6,    0,    0,    0,    0,    0,    0,    0,    0,    0,   -8,  -24,    0,    0,    0,    0,    0,    0,
       0,    0,    0,    0,    0,   -7,    0,    0,   -5,    0,    0,    0,    0,   -6,    0,   -3,    0,    0,    0,  -11,    0,    0,    0,  -51,    0,   -9,  -10,   -8,  -60,    0,  -11,  -17,    0,    0,    0,    0,    0,    0,   -5,    0,    0,    0,    0,    0,    0,    0,    0,    0,   -4,   -2,   -4,   -4,    0,    0,   -6,   -5,    0,    0,    0,    0,    0,    0,
       0,    0,    0,    0,    0,    0,    0,    0,  -12,    0,    0,    0,    0,    0,    0,    0,    0,    0,    0,    0,    0,    0,    0,  -42,    0,   -5,    0,    0,  -38,    0,   -9,   -6,    0,    0,    0,    0,    0,    0,    0,    0,    0,    0,    0,    0,    0,    0,    0,    0,    0,    0,    0,    0,    0,    0,   -4,  -12,    0,    0,    0,    0,    0,    0,
       0,    0,    0,    0,    0,   -5,    0,    0,    0,    0,    0,    0,    0,   -6,    0,    0,    0,    0,    0,   -9,    0,    0,    0,  -45,    0,   -7,  -11,    0,  -60,    0,  -10,  -13,    0,    0,    0,    0,    0,    0,    0,    0,    0,    0,    0,    0,    0,    0,    0,    0,    0,    0,    0,    0,    0,    0,  -12,    0,    0,    0,    0,    0,    0,    0,
       0,    0,    0,    0,    0,   -8,    0,  -18,   -7,   -6,  -11,    0,    0,   -5,    0,  -11,    0,    0,    0,   -5,    0,    0,    0,  -35,    0,   -4,    0,  -14,  -15,   -8,   -7,  -17,   -3,    0,   -4,   -4,   -4,    0,   -3,    0,    0,    0,   -4,    0,   -4,   -3,    0,    0,    0,    0,    0,    0,    0,    0,  -14,   -7,    0,    0,    0,    0,    0,    0,
       0,    0,    0,    0,    0,   -8,    0,  -15,   -4,  -15,   -6,    0,    0,   -5,    0,  -14,    0,    0,    0,  -17,    0,    0,    0,  -36,    0,   -5,    0,   -8,  -43,   -9,   -7,   -5,   -3,    0,   -5,   -5,   -5,    0,   -6,    0,    0,    0,   -5,    0,   -5,   -2,    0,    0,    0,    0,    0,    0,    0,    0,   -6,   -4,    0,    0,    0,    0,    0,    0,
       0,    0,    0,    0,    0,    0,    4,    0,   -6,    0,    0,    0,    0,    0,    0,    0,    0,   -3,   -3,   -2,   -3,    0,    0,  -38,    0,   -4,    0,    0,  -14,    0,   -5,  -10,   -5,    0,   -9,   -9,  -11,    0,   -7,    0,    0,    0,  -11,    0,  -10,   -3,    0,    0,    0,    0,    0,    0,    0,    0,   -8,  -17,    0,    0,    0,    0,    0,    0,
       0,    0,    0,    0,    0,   -7,    0,  -19,   -7,  -25,   -9,    0,    0,   -5,    0,  -20,    0,    0,    0,  -18,    0,    0,    0,  -35,    0,   -4,    0,  -11,  -36,   -8,   -6,   -6,   -7,    0,   -8,   -9,   -9,    0,   -7,    0,    0,    0,   -9,    0,   -9,   -6,    0,    0,    0,    0,    0,    0,    0,    0,   -7,   -7,    0,    0,    0,    0,    0,    0,
       0,    0,    0,    0,    0,    0,    0,    0,  -17,    0,    0,    0,    0,   -4,    0,    0,    0,    0,    0,   -3,    0,    0,    0,  -49,    0,   -7,   -6,    0,  -54,    0,  -10,  -10,    0,    0,   -2,   -2,   -2,    0,   -1,    0,    0,    0,   -2,    0,   -2,    0,    0,    0,    0,    0,    0,    0,    0,    0,   -9,  -17,    0,    0,    0,    0,    0,    0,
       0,    0,    0,    0,   -4,    0,    0,    0,    0,    0,    0,    0,    0,    0,    0,  -10,    0,   -7,   -9,    0,  -10,  -13,   -5,    0,    0,    3,    0,    3,    6,    0,    0,    0,  -14,    0,   -9,   -9,  -10,   -5,    0,   30,  -12,  -12,  -10,  -12,   -9,  -11,   -6,   -8,  -14,   -7,   -8,   -9,   -9,  -10,    0,    0,    0,    0,    0,    0,    0,    0,
       0,    0,    0,    0,    0,    0,    0,    0,    0,    0,    0,    0,    0,    0,    0,    0,    0,    0,    0,    0,    0,    0,    0,    0,    0,    0,    0,    0,    0,    0,    0,    0,    0,    0,    0,    0,    0,    0,    0,   21,    0,    0,    0,    0,    0,    0,    0,    0,    0,    0,    0,    0,    0,    0,    0,    0,    0,    0,    0,    0,    0,    0,
       0,    0,    0,    0,    0,   -6,    0,    0,    0,    0,    0,    0,    0,    0,    0,    0,    0,    0,    0,    0,    0,    0,    0,    0,    0,    0,    0,    0,    0,    0,    0,  -11,    0,    0,    0,    0,    0,    0,    0,    0,    0,    0,    0,    0,    0,    0,    0,    0,    0,    0,    0,    0,    0,    0,  -10,    0,    0,    0,    0,    0,    0,    0,
       0,    0,    0,    0,    0,    0,    0,    0,    0,    0,    0,    0,    0,    0,    0,    0,    0,    0,    0,    0,    0,    0,    0,    0,    0,    0,    0,    0,    0,    0,    0,    0,    0,    0,    0,    0,    0,    0,    0,    0,    0,    0,    0,    0,    0,    0,    0,    0,    0,    0,    0,    0,    0,    0,    0,    0,    0,    0,    0,    0,    0,   43,
       0,  -39,    0,  -39,    0,    0,    0,    0,    0,    0,    0,    0,    0,    0,    0,   -5,    0,    0,    0,  -15,    0,    0,  -14,  -34,    0,  -16,  -10,  -20,  -38,  -14,    0,    0,   -4,    0,    0,    0,    0,   -6,    0,    0,    0,    0,    0,    0,    0,    0,   -8,    0,   -6,   -4,  -16,   -7,  -19,    0,    0,    0,    0,  -36,    0,  -36,    0,    0,
       0,    0,    0,    0,    0,    0,    0,  -81,    0, -118,    0,    0,    0,    0,    0,  -40,    0,    0,   -3,  -16,   -3,   -3,    0,    0,    0,    0,    0,    0,    4,    0,    0,    0,    0,    0,  -15,  -22,  -17,    0,   -9,    0,    0,    0,  -16,    0,  -21,   -7,    0,    0,    0,    0,    0,    0,    0,    0,    0,    0,    0,    0,    0,    0,    0,    0,
       0,    0,  -13,    0,    0,    0,    0,  -83,  -57, -126,  -29,    0,    0,    0,   -9,  -44,    0,   -3,   -9,  -16,  -10,   -5,    0,    0,    0,    9,    0,    9,   12,    0,    0,    0,   -5,    0,  -23,  -31,  -25,    0,  -19,    0,    0,    0,  -25,    0,  -30,  -17,    0,    0,    0,    0,    0,    0,    0,    0,    0,  -43,    0,    0,    0,    0,    0,    0,
       0,    0,    0,    0,    0,    0,    0,  -81,    0,  -81,    0,    0,    0,    0,    0,  -26,    0,    0,   -3,  -12,   -3,   -3,    0,    0,    0,    0,    0,    0,    0,    0,    0,    0,    0,    0,  -11,  -16,  -11,    0,   -9,    0,    0,    0,  -11,    0,  -16,   -7,    0,    0,    0,    0,    0,    0,    0,    0,    0,    0,    0,    0,    0,    0,    0,    0,
       0,    0,  -17,    0,    0,    0,    0,  -83,  -43,  -83,  -38,    0,    0,    0,  -13,  -27,    0,   -3,   -5,  -12,   -5,   -5,    0,    0,    0,    0,    0,    0,    0,    0,    0,    0,    0,    0,  -13,  -18,  -13,    0,  -11,    0,    0,    0,  -13,    0,  -18,   -9,    0,    0,    0,    0,    0,    0,    0,    0,    0,  -43,    0,    0,    0,    0,    0,    0,
       0,    0,    0,    0,    0,    0,    0,    0,    0,    0,    0,    0,    0,    0,    0,    0,    0,    0,    0,    0,    0,    0,    0,    0,    0,    0,    0,    0,    0,    0,    0,    0,    0,    0,    0,    0,    0,    0,    0,    0,    0,    0,    0,    0,    0,    0,    0,    0,    0,    0,    0,    0,    0,    0,    0,    0,    0,    0,    0,    0, -106,    0,
};

static const EpdLigaturePair cairo_16_regularLigaturePairs[] = {
    { 0xFEDFFE82, 0xFEF5 }, // U+FEDF U+FE82 -> U+FEF5
    { 0xFEDFFE84, 0xFEF7 }, // U+FEDF U+FE84 -> U+FEF7
    { 0xFEDFFE88, 0xFEF9 }, // U+FEDF U+FE88 -> U+FEF9
    { 0xFEDFFE8E, 0xFEFB }, // U+FEDF U+FE8E -> U+FEFB
    { 0xFEE0FE82, 0xFEF6 }, // U+FEE0 U+FE82 -> U+FEF6
    { 0xFEE0FE84, 0xFEF8 }, // U+FEE0 U+FE84 -> U+FEF8
    { 0xFEE0FE88, 0xFEFA }, // U+FEE0 U+FE88 -> U+FEFA
    { 0xFEE0FE8E, 0xFEFC }, // U+FEE0 U+FE8E -> U+FEFC
};

static const EpdFontData cairo_16_regular = {
    cairo_16_regularBitmaps,
    cairo_16_regularGlyphs,
    cairo_16_regularIntervals,
    66,
    62,
    44,
    -20,
    true,
    cairo_16_regularGroups,
    4,
    nullptr,
    cairo_16_regularKernLeftClasses,
    cairo_16_regularKernRightClasses,
    cairo_16_regularKernMatrix,
    86,
    80,
    70,
    62,
    cairo_16_regularLigaturePairs,
    8,
};
