/**
 * generated by fontconvert.py
 * name: inter_10_regular
 * size: 10
 * mode: 1-bit
 * Command used: fontconvert.py inter_10_regular 10 ../builtinFonts/source/Inter/Inter-Regular.ttf
 */
#pragma once
#include "EpdFontData.h"

static const uint8_t inter_10_regularBitmaps[23896] = {
    0x66, 0x66, 0x66, 0x66, 0x66, 0x60, 0x06, 0xFF, 0x00, 0xCB, 0x7D, 0xF7, 0xDF, 0x7C, 0xC0, 0x04,
    0x20, 0x63, 0x83, 0x18, 0x18, 0xC1, 0xC6, 0x3F, 0xFD, 0xFF, 0xE3, 0x1C, 0x18, 0xC0, 0xC6, 0x3F,
    0xFD, 0xFF, 0xE3, 0x1C, 0x18, 0xE0, 0xC6, 0x06, 0x30, 0x04, 0x00, 0x60, 0x0F, 0x03, 0xFC, 0x7F,
    0xE6, 0x6E, 0xE6, 0x6E, 0x60, 0x76, 0x07, 0xE0, 0x1F, 0xC0, 0x7E, 0x06, 0xE0, 0x67, 0xE6, 0x6E,
    0x6E, 0x7F, 0xE3, 0xFC, 0x0E, 0x00, 0x60, 0x04, 0x00, 0x38, 0x04, 0x3E, 0x06, 0x3B, 0x07, 0x19,
    0xC7, 0x0C, 0xE3, 0x07, 0x63, 0x01, 0xF3, 0x80, 0x71, 0x80, 0x01, 0x80, 0x01, 0xCF, 0x01, 0xCF,
    0xC0, 0xC6, 0x60, 0xE3, 0x30, 0xE1, 0x98, 0x60, 0xEC, 0x70, 0x3E, 0x00, 0x0C, 0x00, 0x0C, 0x01,
    0xF8, 0x1F, 0xE0, 0xE7, 0x07, 0x38, 0x39, 0xC0, 0xFC, 0x07, 0xC0, 0x3C, 0x03, 0xF3, 0x39, 0xD9,
    0x87, 0xCC, 0x1E, 0x70, 0xF3, 0xFF, 0x8F, 0xEE, 0x0C, 0x00, 0xDB, 0x6D, 0xB0, 0x01, 0xCC, 0xE7,
    0x33, 0x9C, 0xE7, 0x31, 0x8E, 0x73, 0x8C, 0x73, 0x8C, 0x70, 0x01, 0x87, 0x0C, 0x38, 0xE1, 0x86,
    0x1C, 0x71, 0xC7, 0x1C, 0x61, 0x8E, 0x38, 0xC7, 0x18, 0x08, 0x0C, 0x36, 0x5F, 0xE7, 0xE1, 0xF3,
    0xFD, 0xB6, 0x18, 0x0C, 0x00, 0x06, 0x00, 0xC0, 0x18, 0x03, 0x07, 0xFE, 0xFF, 0xC1, 0x80, 0x30,
    0x06, 0x00, 0xC0, 0x66, 0x6E, 0xEC, 0xC0, 0xFE, 0xFE, 0xFE, 0x6F, 0xF0, 0x06, 0x06, 0x0E, 0x0E,
    0x0C, 0x0C, 0x1C, 0x18, 0x18, 0x38, 0x38, 0x30, 0x30, 0x70, 0x70, 0x60, 0x60, 0xE0, 0xC0, 0x0E,
    0x07, 0xF1, 0xFF, 0x38, 0xEE, 0x0F, 0xC1, 0xF8, 0x1F, 0x03, 0xC0, 0x7C, 0x0F, 0x83, 0xF0, 0x7E,
    0x0E, 0xE3, 0x9F, 0xF1, 0xFC, 0x04, 0x00, 0x0C, 0x3D, 0xFB, 0xF6, 0xE1, 0xC3, 0x87, 0x0E, 0x1C,
    0x38, 0x70, 0xE1, 0xC3, 0x87, 0x0E, 0x07, 0xF1, 0xFF, 0x30, 0xEE, 0x0C, 0x81, 0x80, 0x70, 0x0E,
    0x03, 0x80, 0xE0, 0x38, 0x0E, 0x03, 0x80, 0xE0, 0x3F, 0xFF, 0xFF, 0x0E, 0x07, 0xF1, 0xFF, 0x70,
    0xEE, 0x0C, 0x01, 0x80, 0x70, 0x7C, 0x0F, 0x80, 0x78, 0x03, 0x80, 0x7E, 0x0F, 0xC1, 0xDF, 0xF1,
    0xFC, 0x04, 0x00, 0x01, 0x80, 0x3C, 0x07, 0xC0, 0x7C, 0x0F, 0xC1, 0xDC, 0x1D, 0xC3, 0x9C, 0x31,
    0xC7, 0x1C, 0xE1, 0xCF, 0xFF, 0xFF, 0xF0, 0x1C, 0x01, 0xC0, 0x1C, 0x3F, 0x8F, 0xF9, 0xFF, 0x30,
    0x06, 0x01, 0xC0, 0x3F, 0xC7, 0xFC, 0xE3, 0xC0, 0x38, 0x03, 0x00, 0x6E, 0x0D, 0xC3, 0x9F, 0xE1,
    0xF8, 0x0C, 0x00, 0x0E, 0x07, 0xF0, 0xFF, 0x38, 0x76, 0x0F, 0xC0, 0x3F, 0xE7, 0xFE, 0xF1, 0xDC,
    0x1F, 0x83, 0xF0, 0x7E, 0x0E, 0xE3, 0x9F, 0xF1, 0xFC, 0x04, 0x00, 0xFF, 0xBF, 0xFF, 0xFC, 0x07,
    0x03, 0x80, 0xE0, 0x70, 0x1C, 0x0E, 0x03, 0x81, 0xC0, 0x70, 0x38, 0x0E, 0x07, 0x01, 0xC0, 0x0E,
    0x07, 0xF1, 0xFF, 0x30, 0xEE, 0x0C, 0xC1, 0x9C, 0x71, 0xFC, 0x3F, 0x8F, 0x7B, 0x83, 0xF0, 0x7E,
    0x0F, 0xC1, 0xDF, 0xF1, 0xFC, 0x04, 0x00, 0x0E, 0x07, 0xF1, 0xFF, 0x70, 0xEE, 0x0F, 0xC1, 0xF8,
    0x3F, 0x07, 0x73, 0xEF, 0xFC, 0x7B, 0x80, 0x7E, 0x0D, 0xC3, 0x9F, 0xE1, 0xF8, 0x0C, 0x00, 0x6F,
    0xF0, 0x00, 0x00, 0x6F, 0xF0, 0x67, 0x70, 0x00, 0x00, 0x66, 0x6E, 0xEC, 0xC0, 0x00, 0x00, 0x1C,
    0x0F, 0x87, 0xC3, 0xE1, 0xF0, 0x3E, 0x01, 0xF0, 0x0F, 0x80, 0x7C, 0x07, 0x80, 0x30, 0xFF, 0xFF,
    0xF0, 0x00, 0x00, 0xFF, 0xFF, 0xF7, 0xF8, 0x80, 0x1C, 0x03, 0xE0, 0x1F, 0x00, 0xF8, 0x07, 0x80,
    0xF0, 0x7C, 0x3E, 0x1F, 0x03, 0x80, 0x40, 0x00, 0x0E, 0x0F, 0xE7, 0xF9, 0xC7, 0x61, 0xC0, 0x70,
    0x3C, 0x1E, 0x0F, 0x03, 0x80, 0xC0, 0x30, 0x00, 0x03, 0x01, 0xE0, 0x70, 0x00, 0x00, 0x03, 0xF0,
    0x03, 0xFF, 0x81, 0xE1, 0xF0, 0xE0, 0x0E, 0x70, 0x81, 0x98, 0xFE, 0x7E, 0x7F, 0x8F, 0x98, 0x63,
    0xCE, 0x18, 0xF3, 0x86, 0x3C, 0xE1, 0x8F, 0x18, 0x63, 0xE7, 0x3D, 0xF8, 0xFF, 0xE7, 0x1E, 0xF1,
    0xC0, 0x00, 0x3C, 0x00, 0x07, 0xFF, 0x00, 0x7F, 0xC0, 0x00, 0x00, 0x03, 0x00, 0x1E, 0x00, 0x78,
    0x01, 0xF0, 0x0F, 0xC0, 0x3B, 0x00, 0xCE, 0x07, 0x38, 0x1C, 0x60, 0x61, 0xC3, 0xFF, 0x0F, 0xFE,
    0x70, 0x39, 0xC0, 0x66, 0x01, 0xF8, 0x07, 0x7E, 0x0F, 0xFC, 0xFF, 0xEE, 0x0E, 0xE0, 0x6E, 0x06,
    0xE0, 0xEF, 0xFC, 0xFF, 0xCF, 0xFE, 0xE0, 0x7E, 0x07, 0xE0, 0x7E, 0x0F, 0xFF, 0xEF, 0xFC, 0x07,
    0x80, 0x7F, 0x83, 0xFF, 0x1E, 0x1E, 0x70, 0x3B, 0x80, 0x6E, 0x00, 0x38, 0x00, 0xE0, 0x03, 0x80,
    0x0E, 0x00, 0x38, 0x06, 0x70, 0x39, 0xE1, 0xE3, 0xFF, 0x07, 0xF8, 0x03, 0x00, 0x7C, 0x07, 0xFE,
    0x3F, 0xF9, 0xC1, 0xEE, 0x07, 0x70, 0x1F, 0x80, 0xFC, 0x07, 0xE0, 0x1F, 0x01, 0xF8, 0x0F, 0xC0,
    0x7E, 0x07, 0x70, 0x7B, 0xFF, 0x9F, 0xF0, 0x7F, 0xDF, 0xFB, 0xFF, 0x70, 0x0E, 0x01, 0xC0, 0x38,
    0x07, 0xFE, 0xFF, 0xDF, 0xF3, 0x80, 0x70, 0x0E, 0x01, 0xC0, 0x3F, 0xF7, 0xFF, 0x7F, 0xFF, 0xFF,
    0xFF, 0x80, 0xE0, 0x38, 0x0E, 0x03, 0xFE, 0xFF, 0xFF, 0xFE, 0x03, 0x80, 0xE0, 0x38, 0x0E, 0x03,
    0x80, 0x07, 0x80, 0x7F, 0x83, 0xFF, 0x1E, 0x1E, 0x70, 0x3B, 0x80, 0x6E, 0x00, 0x38, 0x00, 0xE1,
    0xFF, 0x87, 0xFE, 0x01, 0xF8, 0x06, 0x70, 0x39, 0xE1, 0xE3, 0xFF, 0x07, 0xF8, 0x03, 0x00, 0x40,
    0x17, 0x01, 0xF8, 0x0F, 0xC0, 0x7E, 0x03, 0xF0, 0x1F, 0x80, 0xFF, 0xFF, 0xFF, 0xFF, 0x01, 0xF8,
    0x0F, 0xC0, 0x7E, 0x03, 0xF0, 0x1F, 0x80, 0xFC, 0x07, 0x5F, 0xFF, 0xFF, 0xFF, 0xFF, 0xFF, 0x01,
    0x80, 0x60, 0x18, 0x06, 0x01, 0x80, 0x60, 0x18, 0x06, 0x01, 0x80, 0x6C, 0x1B, 0x06, 0xC1, 0xB8,
    0xEF, 0xF9, 0xFC, 0x08, 0x00, 0x40, 0x37, 0x03, 0xB8, 0x39, 0xC3, 0x8E, 0x38, 0x73, 0xC3, 0xBC,
    0x1F, 0xC0, 0xFF, 0x07, 0xF8, 0x3C, 0xE1, 0xC7, 0x8E, 0x1C, 0x70, 0x73, 0x81, 0xDC, 0x0E, 0x40,
    0x38, 0x0E, 0x03, 0x80, 0xE0, 0x38, 0x0E, 0x03, 0x80, 0xE0, 0x38, 0x0E, 0x03, 0x80, 0xE0, 0x38,
    0x0F, 0xFF, 0xFF, 0x60, 0x03, 0xF0, 0x07, 0xF8, 0x0F, 0xF8, 0x0F, 0xF8, 0x1F, 0xFC, 0x1F, 0xFC,
    0x1B, 0xEE, 0x3B, 0xEE, 0x3B, 0xE6, 0x33, 0xE7, 0x73, 0xE7, 0x63, 0xE3, 0xE3, 0xE3, 0xE3, 0xE1,
    0xC3, 0xE1, 0xC3, 0x60, 0x1F, 0x80, 0xFE, 0x07, 0xF0, 0x3F, 0xC1, 0xF6, 0x0F, 0xB8, 0x7C, 0xE3,
    0xE7, 0x1F, 0x1C, 0xF8, 0x77, 0xC3, 0xBE, 0x0F, 0xF0, 0x3F, 0x81, 0xFC, 0x07, 0x07, 0x80, 0x7F,
    0x83, 0xFF, 0x1E, 0x1E, 0x70, 0x3B, 0x80, 0x7E, 0x01, 0xF8, 0x07, 0xE0, 0x1F, 0x80, 0x7E, 0x01,
    0xF8, 0x07, 0x70, 0x39, 0xE1, 0xE3, 0xFF, 0x07, 0xF8, 0x03, 0x00, 0x7C, 0x0F, 0xFC, 0xFF, 0xEE,
    0x0E, 0xE0, 0x6E, 0x07, 0xE0, 0x6E, 0x0E, 0xFF, 0xEF, 0xFC, 0xFF, 0x0E, 0x00, 0xE0, 0x0E, 0x00,
    0xE0, 0x0E, 0x00, 0x07, 0x80, 0x7F, 0x83, 0xFF, 0x1E, 0x1E, 0x70, 0x3B, 0x80, 0x7E, 0x01, 0xF8,
    0x07, 0xE0, 0x1F, 0x80, 0x7E, 0x01, 0xF8, 0xE7, 0x71, 0xF9, 0xE3, 0xE3, 0xFF, 0x07, 0xFC, 0x03,
    0x38, 0x00, 0x60, 0x7C, 0x0F, 0xFC, 0xFF, 0xEE, 0x0E, 0xE0, 0x6E, 0x07, 0xE0, 0x6E, 0x0E, 0xFF,
    0xEF, 0xFC, 0xFF, 0x8E, 0x1C, 0xE1, 0xCE, 0x0E, 0xE0, 0xEE, 0x07, 0x0F, 0x03, 0xFC, 0x7F, 0xE6,
    0x0E, 0xE0, 0x6E, 0x00, 0x70, 0x07, 0xE0, 0x1F, 0xC0, 0x7E, 0x00, 0xE0, 0x07, 0xE0, 0x6E, 0x0E,
    0x7F, 0xE3, 0xFC, 0x0E, 0x00, 0xFF, 0xEF, 0xFF, 0xFF, 0xF0, 0xE0, 0x0E, 0x00, 0xE0, 0x0E, 0x00,
    0xE0, 0x0E, 0x00, 0xE0, 0x0E, 0x00, 0xE0, 0x0E, 0x00, 0xE0, 0x0E, 0x00, 0xE0, 0x40, 0x17, 0x01,
    0xF8, 0x0F, 0xC0, 0x7E, 0x03, 0xF0, 0x1F, 0x80, 0xFC, 0x07, 0xE0, 0x3F, 0x01, 0xF8, 0x0E, 0xC0,
    0x77, 0x03, 0xBC, 0x38, 0xFF, 0xC3, 0xFC, 0x03, 0x00, 0x40, 0x0F, 0x80, 0x77, 0x01, 0xDC, 0x0E,
    0x70, 0x38, 0xE0, 0xE3, 0x87, 0x06, 0x1C, 0x1C, 0x60, 0x73, 0x80, 0xCE, 0x03, 0xB0, 0x0F, 0xC0,
    0x1F, 0x00, 0x78, 0x00, 0xE0, 0x40, 0x60, 0x3E, 0x07, 0x07, 0x60, 0xF0, 0x77, 0x0F, 0x07, 0x70,
    0xF8, 0x67, 0x0F, 0x8E, 0x31, 0xD8, 0xE3, 0x9D, 0x8E, 0x39, 0x9C, 0xC1, 0x99, 0xDC, 0x1B, 0x8D,
    0xC1, 0xF8, 0xF8, 0x1F, 0x0F, 0x80, 0xF0, 0x78, 0x0F, 0x07, 0x80, 0xE0, 0x70, 0x60, 0x19, 0xC0,
    0xE3, 0x83, 0x8E, 0x1C, 0x1C, 0xE0, 0x3B, 0x80, 0xFC, 0x01, 0xE0, 0x07, 0x80, 0x1F, 0x00, 0xFC,
    0x07, 0x38, 0x1C, 0x70, 0xE1, 0xC7, 0x03, 0xBC, 0x07, 0x60, 0x09, 0xC0, 0x77, 0x03, 0x8E, 0x1C,
    0x38, 0x70, 0x73, 0x80, 0xEE, 0x03, 0xF0, 0x07, 0x80, 0x0E, 0x00, 0x30, 0x00, 0xC0, 0x03, 0x00,
    0x0C, 0x00, 0x30, 0x00, 0xC0, 0x7F, 0xDF, 0xFF, 0xFF, 0x80, 0xE0, 0x1C, 0x07, 0x01, 0xC0, 0x38,
    0x0E, 0x03, 0x80, 0x70, 0x1C, 0x07, 0x00, 0xE0, 0x3F, 0xFF, 0xFF, 0x07, 0xFF, 0x8C, 0x63, 0x18,
    0xC6, 0x31, 0x8C, 0x63, 0x18, 0xC6, 0x3F, 0xF0, 0xE0, 0xE0, 0x60, 0x60, 0x70, 0x30, 0x30, 0x38,
    0x38, 0x18, 0x18, 0x1C, 0x1C, 0x0C, 0x0C, 0x0E, 0x0E, 0x06, 0x06, 0x07, 0xFE, 0x73, 0x9C, 0xE7,
    0x39, 0xCE, 0x73, 0x9C, 0xE7, 0x39, 0xFF, 0xF0, 0x1C, 0x0F, 0x0F, 0x87, 0xE7, 0x33, 0x9D, 0x86,
    0xFF, 0xFF, 0xF0, 0xE7, 0x31, 0x0F, 0x07, 0xF1, 0xFF, 0x38, 0x60, 0x0C, 0x3F, 0x9F, 0xF3, 0xC6,
    0x60, 0xCC, 0x39, 0xFF, 0x1F, 0xE0, 0xC0, 0x40, 0x1C, 0x03, 0x80, 0x70, 0x0E, 0xF1, 0xFF, 0x3F,
    0xF7, 0x87, 0xE0, 0xFC, 0x1F, 0x83, 0xF0, 0x7E, 0x0F, 0xE3, 0xBF, 0xF7, 0xFC, 0x06, 0x00, 0x1E,
    0x0F, 0xE7, 0xFF, 0x87, 0xE0, 0x30, 0x0C, 0x03, 0x00, 0xE0, 0xB8, 0x77, 0xFC, 0xFE, 0x0C, 0x00,
    0x00, 0x40, 0x1C, 0x03, 0x80, 0x71, 0xEE, 0x7F, 0xDF, 0xFF, 0x0F, 0xE0, 0xF8, 0x1F, 0x03, 0xE0,
    0x7E, 0x0F, 0xC3, 0xDF, 0xF9, 0xFF, 0x0C, 0x00, 0x1E, 0x07, 0xF1, 0xFF, 0x70, 0xEC, 0x0D, 0xFF,
    0xBF, 0xF6, 0x00, 0xE0, 0x1C, 0x39, 0xFF, 0x1F, 0xC0, 0xE0, 0x1F, 0x3E, 0x38, 0x38, 0xFE, 0xFE,
    0xFE, 0x38, 0x38, 0x38, 0x38, 0x38, 0x38, 0x38, 0x38, 0x38, 0x1E, 0xC7, 0xFD, 0xFF, 0xF0, 0xFE,
    0x0F, 0x81, 0xF0, 0x3E, 0x07, 0xE1, 0xFE, 0x3D, 0xFF, 0x9F, 0x70, 0x0E, 0xC1, 0xBF, 0xF3, 0xFC,
    0x1E, 0x00, 0x40, 0x38, 0x0E, 0x03, 0x80, 0xEF, 0x3F, 0xEF, 0xFF, 0x87, 0xE1, 0xF8, 0x7E, 0x1F,
    0x87, 0xE1, 0xF8, 0x7E, 0x1F, 0x87, 0xFF, 0x8F, 0xFF, 0xFF, 0xFF, 0xFF, 0x39, 0xCE, 0x03, 0x9C,
    0xE7, 0x39, 0xCE, 0x73, 0x9C, 0xE7, 0x39, 0xDD, 0xE4, 0x00, 0x40, 0x1C, 0x03, 0x80, 0x70, 0x0E,
    0x1D, 0xC7, 0x39, 0xC7, 0x70, 0xFE, 0x1F, 0x83, 0xF0, 0x77, 0x0E, 0x71, 0xCF, 0x38, 0xE7, 0x0E,
    0x5F, 0xFF, 0xFF, 0xFF, 0xFF, 0xFF, 0xEE, 0x3C, 0xFF, 0x7E, 0xFF, 0xFF, 0xE1, 0xC7, 0xE1, 0x87,
    0xE1, 0x87, 0xE1, 0x87, 0xE1, 0x87, 0xE1, 0x87, 0xE1, 0x87, 0xE1, 0x87, 0xE1, 0x87, 0xEF, 0x3F,
    0xEF, 0xFF, 0x87, 0xE1, 0xF8, 0x7E, 0x1F, 0x87, 0xE1, 0xF8, 0x7E, 0x1F, 0x87, 0x1E, 0x07, 0xF1,
    0xFF, 0x70, 0xEE, 0x0F, 0x81, 0xF0, 0x3E, 0x07, 0xE0, 0xDC, 0x39, 0xFF, 0x1F, 0xC0, 0xC0, 0xEF,
    0x1F, 0xF3, 0xFF, 0x78, 0x7E, 0x0F, 0xC1, 0xF8, 0x3F, 0x07, 0xE0, 0xFE, 0x3B, 0xFF, 0x7F, 0xCE,
    0x61, 0xC0, 0x38, 0x07, 0x00, 0x40, 0x00, 0x1E, 0xC7, 0xFD, 0xFF, 0xF0, 0xFE, 0x0F, 0x81, 0xF0,
    0x3E, 0x07, 0xE0, 0xFC, 0x3D, 0xFF, 0x9F, 0xF0, 0xCE, 0x01, 0xC0, 0x38, 0x07, 0x00, 0xC0, 0xEF,
    0xFF, 0xF7, 0x0E, 0x1C, 0x38, 0x70, 0xE1, 0xC3, 0x87, 0x00, 0x1E, 0x3F, 0xBD, 0xFC, 0x3E, 0x03,
    0xE0, 0xFC, 0x1F, 0x01, 0xF1, 0xFF, 0xEF, 0xE1, 0xC0, 0x00, 0x60, 0xC7, 0xEF, 0xDF, 0x8C, 0x18,
    0x30, 0x60, 0xC1, 0x83, 0x07, 0x8F, 0x80, 0xE0, 0xF8, 0x7E, 0x1F, 0x87, 0xE1, 0xF8, 0x7E, 0x1F,
    0x87, 0xE1, 0xF8, 0x77, 0xFC, 0xFB, 0x00, 0x00, 0xE0, 0x6E, 0x0E, 0x70, 0xE7, 0x0C, 0x31, 0xC3,
    0x9C, 0x39, 0x81, 0xB8, 0x1F, 0x80, 0xF0, 0x0F, 0x00, 0xE0, 0x61, 0xC3, 0x30, 0xE1, 0x9C, 0x71,
    0xCE, 0x7C, 0xE3, 0x3E, 0x71, 0x9B, 0x30, 0xED, 0xB8, 0x7E, 0xFC, 0x1E, 0x3C, 0x0F, 0x1E, 0x07,
    0x8F, 0x01, 0xC3, 0x00, 0x60, 0xEE, 0x38, 0xE7, 0x1D, 0xC1, 0xF0, 0x1E, 0x03, 0x80, 0xF8, 0x1B,
    0x87, 0x31, 0xC7, 0x38, 0x70, 0xE0, 0x6E, 0x0E, 0x70, 0xE7, 0x0C, 0x31, 0xC3, 0x9C, 0x39, 0x81,
    0xB8, 0x1F, 0x80, 0xF0, 0x0F, 0x00, 0xE0, 0x0E, 0x00, 0xE0, 0x3C, 0x07, 0xC0, 0x30, 0x00, 0xFF,
    0xBF, 0xEF, 0xF8, 0x1C, 0x07, 0x03, 0x81, 0xC0, 0xE0, 0x78, 0x1C, 0x0F, 0xFF, 0xFF, 0x00, 0x3C,
    0x79, 0xC3, 0x87, 0x0E, 0x1C, 0x39, 0xE3, 0x87, 0x83, 0x87, 0x0E, 0x1C, 0x38, 0x70, 0x78, 0x70,
    0x1F, 0xFF, 0xFF, 0xFF, 0xFF, 0xFF, 0xFF, 0xFF, 0xFF, 0xFC, 0x01, 0xC3, 0xC1, 0x83, 0x87, 0x0E,
    0x1C, 0x38, 0x3C, 0x78, 0xF3, 0x87, 0x0E, 0x1C, 0x38, 0x63, 0xC7, 0x00, 0x3C, 0x67, 0xE6, 0xE7,
    0xEE, 0x3C, 0x6F, 0xF0, 0x06, 0x66, 0x66, 0x66, 0x66, 0x66, 0x00, 0x03, 0x01, 0xE0, 0xFE, 0x7F,
    0xFB, 0x7E, 0xC3, 0x30, 0xCC, 0x33, 0x0E, 0xCB, 0xB7, 0x7F, 0xCF, 0xE0, 0xE0, 0x30, 0x07, 0x03,
    0xF0, 0xFF, 0x38, 0x77, 0x0E, 0xE0, 0x1C, 0x07, 0xF8, 0xFF, 0x9F, 0xE1, 0xC0, 0x38, 0x07, 0x04,
    0xE1, 0xFF, 0xFF, 0xFE, 0x4F, 0x97, 0xFF, 0xDF, 0x7C, 0xE0, 0xEE, 0x03, 0xF0, 0x1F, 0x80, 0xFC,
    0x07, 0xE0, 0x3B, 0x01, 0x9C, 0x1D, 0xFF, 0xFF, 0xFD, 0x81, 0x00, 0x40, 0x6E, 0x0E, 0x70, 0xE7,
    0x1C, 0x31, 0xC3, 0x98, 0x1B, 0x81, 0xF0, 0x7F, 0xC7, 0xFC, 0x0E, 0x07, 0xFC, 0x7F, 0xC0, 0xE0,
    0x0E, 0x00, 0xE0, 0x4D, 0xB6, 0xDB, 0x00, 0x06, 0xDB, 0x6D, 0x80, 0x0C, 0x0F, 0xC7, 0xF9, 0x86,
    0x70, 0x1E, 0x07, 0xC3, 0xFC, 0xC7, 0xB0, 0x7E, 0x0D, 0xE7, 0x3F, 0x83, 0xC0, 0x39, 0x8E, 0xE3,
    0x9F, 0xE3, 0xF0, 0x00, 0x66, 0xF7, 0x67, 0x01, 0xC0, 0x07, 0xFC, 0x07, 0xFF, 0x07, 0x83, 0xC7,
    0x3E, 0x73, 0xBF, 0xB9, 0xB8, 0xED, 0xD8, 0x37, 0xEC, 0x03, 0xF7, 0x1D, 0xDB, 0xCE, 0xCE, 0xFE,
    0xE7, 0xBE, 0xF1, 0xE0, 0xF0, 0x7F, 0xF0, 0x1F, 0xF0, 0x01, 0xC0, 0x00, 0x1C, 0x3F, 0x9D, 0xC0,
    0x73, 0xFB, 0xFF, 0x8F, 0xCF, 0x7F, 0x9C, 0x80, 0x00, 0x03, 0xB8, 0xEE, 0x3D, 0xC7, 0x71, 0xDC,
    0x3B, 0x83, 0xB8, 0x3B, 0x83, 0xB8, 0x33, 0x00, 0xFF, 0xFF, 0xC0, 0x60, 0x30, 0x18, 0x0E, 0x03,
    0xFC, 0x7F, 0xEE, 0xE6, 0xDF, 0x7D, 0x9B, 0xDF, 0x3D, 0xF3, 0xDB, 0xBE, 0x9E, 0x79, 0xE3, 0xFC,
    0x0F, 0x00, 0xFB, 0xFF, 0xC0, 0x18, 0x7C, 0xFE, 0xC6, 0xC6, 0xEE, 0x7E, 0x38, 0x0C, 0x03, 0x00,
    0xC3, 0xFF, 0xFF, 0xFF, 0xF0, 0xC0, 0x30, 0x0C, 0x3F, 0xFF, 0xFF, 0xFF, 0x38, 0xFE, 0xEE, 0x06,
    0x0E, 0x3C, 0x70, 0xFE, 0xFE, 0x3C, 0xFE, 0xE6, 0x0E, 0x3C, 0x1E, 0xC7, 0xFE, 0x7E, 0x33, 0x98,
    0x80, 0xE0, 0xCE, 0x1C, 0xE1, 0xCE, 0x1C, 0xE1, 0xCE, 0x1C, 0xE1, 0xCE, 0x1C, 0xE1, 0xCE, 0x1C,
    0xFF, 0xEF, 0xFE, 0xE0, 0x0E, 0x00, 0xE0, 0x0E, 0x00, 0x40, 0x00, 0x07, 0xCF, 0xF7, 0xFF, 0xF7,
    0xFD, 0xFF, 0x7F, 0xDF, 0xF7, 0x7D, 0xDF, 0x71, 0xDC, 0x07, 0x01, 0xC0, 0x70, 0x1C, 0x07, 0x6F,
    0xF0, 0x43, 0x1C, 0x6F, 0x30, 0x37, 0xBD, 0x63, 0x18, 0xC6, 0x30, 0x1E, 0x0F, 0xC7, 0xF9, 0x86,
    0xE1, 0xF8, 0x76, 0x19, 0xEE, 0x3F, 0x07, 0x80, 0x00, 0x07, 0x70, 0x3B, 0x83, 0xDC, 0x1D, 0xE0,
    0xEE, 0x0E, 0xE1, 0xDC, 0x3B, 0x87, 0x70, 0x67, 0x00, 0x30, 0x04, 0x78, 0x1C, 0xF8, 0x18, 0xF8,
    0x38, 0x38, 0x70, 0x38, 0x60, 0x38, 0xE0, 0x39, 0xC6, 0x39, 0x8E, 0x03, 0x9E, 0x07, 0x1E, 0x06,
    0x3E, 0x0C, 0x36, 0x1C, 0x7F, 0x18, 0x7F, 0x30, 0x06, 0x30, 0x04, 0x3C, 0x0E, 0x3E, 0x06, 0x1F,
    0x07, 0x03, 0x87, 0x01, 0xC3, 0x00, 0xE3, 0x80, 0x73, 0x8C, 0x39, 0x9F, 0x01, 0xCD, 0xC1, 0xC0,
    0xE0, 0xC0, 0x60, 0xC0, 0x70, 0xE0, 0x70, 0x60, 0x7E, 0x60, 0x3F, 0x30, 0x04, 0x7E, 0x07, 0x3B,
    0x07, 0x01, 0x83, 0x03, 0x83, 0x81, 0xE3, 0x80, 0x31, 0x81, 0xF9, 0xCC, 0xFD, 0xC7, 0x00, 0xC7,
    0x80, 0xE7, 0xC0, 0xE3, 0x60, 0x63, 0xB0, 0x61, 0xFC, 0x70, 0xFE, 0x70, 0x06, 0x0C, 0x0E, 0x07,
    0x01, 0x00, 0x00, 0x60, 0x70, 0x38, 0x78, 0x78, 0x38, 0x18, 0x0C, 0x3F, 0x1F, 0xFC, 0x7C, 0x0E,
    0x00, 0x1C, 0x00, 0x30, 0x00, 0x40, 0x03, 0x00, 0x1E, 0x00, 0x78, 0x01, 0xF0, 0x0F, 0xC0, 0x3B,
    0x00, 0xCE, 0x07, 0x38, 0x1C, 0x60, 0x61, 0xC3, 0xFF, 0x0F, 0xFE, 0x70, 0x39, 0xC0, 0x66, 0x01,
    0xF8, 0x07, 0x01, 0xC0, 0x06, 0x00, 0x38, 0x00, 0x40, 0x03, 0x00, 0x1E, 0x00, 0x78, 0x01, 0xF0,
    0x0F, 0xC0, 0x3B, 0x00, 0xCE, 0x07, 0x38, 0x1C, 0x60, 0x61, 0xC3, 0xFF, 0x0F, 0xFE, 0x70, 0x39,
    0xC0, 0x66, 0x01, 0xF8, 0x07, 0x03, 0x80, 0x1F, 0x00, 0xEE, 0x00, 0x00, 0x03, 0x00, 0x1E, 0x00,
    0x78, 0x01, 0xF0, 0x0F, 0xC0, 0x3B, 0x00, 0xCE, 0x07, 0x38, 0x1C, 0x60, 0x61, 0xC3, 0xFF, 0x0F,
    0xFE, 0x70, 0x39, 0xC0, 0x66, 0x01, 0xF8, 0x07, 0x06, 0x40, 0x3F, 0x00, 0xDC, 0x00, 0x00, 0x03,
    0x00, 0x1E, 0x00, 0x78, 0x01, 0xF0, 0x0F, 0xC0, 0x3B, 0x00, 0xCE, 0x07, 0x38, 0x1C, 0x60, 0x61,
    0xC3, 0xFF, 0x0F, 0xFE, 0x70, 0x39, 0xC0, 0x66, 0x01, 0xF8, 0x07, 0x0C, 0xC0, 0x3B, 0x80, 0xCE,
    0x00, 0x00, 0x03, 0x00, 0x1E, 0x00, 0x78, 0x01, 0xF0, 0x0F, 0xC0, 0x3B, 0x00, 0xCE, 0x07, 0x38,
    0x1C, 0x60, 0x61, 0xC3, 0xFF, 0x0F, 0xFE, 0x70, 0x39, 0xC0, 0x66, 0x01, 0xF8, 0x07, 0x07, 0x80,
    0x3F, 0x00, 0xCC, 0x03, 0xB0, 0x07, 0xC0, 0x0C, 0x00, 0x78, 0x01, 0xE0, 0x07, 0xC0, 0x3F, 0x00,
    0xEC, 0x03, 0x38, 0x1C, 0xE0, 0x71, 0x81, 0x87, 0x0F, 0xFC, 0x3F, 0xF9, 0xC0, 0xE7, 0x01, 0x98,
    0x07, 0xE0, 0x1C, 0x00, 0xFF, 0xE0, 0x1F, 0xFF, 0x01, 0xBF, 0xE0, 0x3B, 0x00, 0x03, 0x30, 0x00,
    0x73, 0x00, 0x06, 0x30, 0x00, 0xE3, 0xFE, 0x0E, 0x3F, 0xE1, 0xC3, 0xFE, 0x1F, 0xF0, 0x03, 0xFF,
    0x00, 0x38, 0x30, 0x07, 0x03, 0x00, 0x70, 0x3F, 0xFE, 0x03, 0xFF, 0x07, 0x80, 0x7F, 0x83, 0xFF,
    0x1E, 0x1E, 0x70, 0x3B, 0x80, 0x6E, 0x00, 0x38, 0x00, 0xE0, 0x03, 0x80, 0x0E, 0x00, 0x38, 0x06,
    0x70, 0x39, 0xE1, 0xE3, 0xFF, 0x07, 0xF8, 0x03, 0x00, 0x0E, 0x00, 0x0C, 0x01, 0xE0, 0x03, 0x00,
    0x18, 0x03, 0x80, 0x30, 0x02, 0x07, 0xFD, 0xFF, 0xBF, 0xF7, 0x00, 0xE0, 0x1C, 0x03, 0x80, 0x7F,
    0xEF, 0xFD, 0xFF, 0x38, 0x07, 0x00, 0xE0, 0x1C, 0x03, 0xFF, 0x7F, 0xF0, 0x03, 0x00, 0xE0, 0x18,
    0x02, 0x07, 0xFD, 0xFF, 0xBF, 0xF7, 0x00, 0xE0, 0x1C, 0x03, 0x80, 0x7F, 0xEF, 0xFD, 0xFF, 0x38,
    0x07, 0x00, 0xE0, 0x1C, 0x03, 0xFF, 0x7F, 0xF0, 0x0E, 0x03, 0xE0, 0xEE, 0x00, 0x07, 0xFD, 0xFF,
    0xBF, 0xF7, 0x00, 0xE0, 0x1C, 0x03, 0x80, 0x7F, 0xEF, 0xFD, 0xFF, 0x38, 0x07, 0x00, 0xE0, 0x1C,
    0x03, 0xFF, 0x7F, 0xF0, 0x31, 0x87, 0x70, 0xEE, 0x00, 0x07, 0xFD, 0xFF, 0xBF, 0xF7, 0x00, 0xE0,
    0x1C, 0x03, 0x80, 0x7F, 0xEF, 0xFD, 0xFF, 0x38, 0x07, 0x00, 0xE0, 0x1C, 0x03, 0xFF, 0x7F, 0xF0,
    0xE6, 0x72, 0x27, 0x77, 0x77, 0x77, 0x77, 0x77, 0x77, 0x77, 0x3B, 0x98, 0x84, 0x73, 0x9C, 0xE7,
    0x39, 0xCE, 0x73, 0x9C, 0xE7, 0x39, 0xC0, 0x38, 0x7C, 0xEE, 0x00, 0x10, 0x38, 0x38, 0x38, 0x38,
    0x38, 0x38, 0x38, 0x38, 0x38, 0x38, 0x38, 0x38, 0x38, 0x38, 0x38, 0x66, 0xEE, 0xE6, 0x00, 0x10,
    0x38, 0x38, 0x38, 0x38, 0x38, 0x38, 0x38, 0x38, 0x38, 0x38, 0x38, 0x38, 0x38, 0x38, 0x38, 0x3E,
    0x00, 0x7F, 0xC0, 0xFF, 0xC1, 0x83, 0xC3, 0x01, 0xC6, 0x03, 0x8C, 0x03, 0x7F, 0x86, 0xFF, 0x0D,
    0xFE, 0x18, 0xC0, 0x31, 0x80, 0xE3, 0x01, 0xC6, 0x0F, 0x0F, 0xFC, 0x1F, 0xF0, 0x0E, 0xC0, 0x7E,
    0x03, 0xE0, 0x00, 0x06, 0x01, 0xF8, 0x0F, 0xE0, 0x7F, 0x03, 0xFC, 0x1F, 0x60, 0xFB, 0x87, 0xCE,
    0x3E, 0x71, 0xF1, 0xCF, 0x87, 0x7C, 0x3B, 0xE0, 0xFF, 0x03, 0xF8, 0x1F, 0xC0, 0x70, 0x0E, 0x00,
    0x18, 0x00, 0x70, 0x00, 0x00, 0x07, 0x80, 0x7F, 0x83, 0xFF, 0x1E, 0x1E, 0x70, 0x3B, 0x80, 0x7E,
    0x01, 0xF8, 0x07, 0xE0, 0x1F, 0x80, 0x7E, 0x01, 0xF8, 0x07, 0x70, 0x39, 0xE1, 0xE3, 0xFF, 0x07,
    0xF8, 0x03, 0x00, 0x01, 0xC0, 0x06, 0x00, 0x38, 0x00, 0x00, 0x07, 0x80, 0x7F, 0x83, 0xFF, 0x1E,
    0x1E, 0x70, 0x3B, 0x80, 0x7E, 0x01, 0xF8, 0x07, 0xE0, 0x1F, 0x80, 0x7E, 0x01, 0xF8, 0x07, 0x70,
    0x39, 0xE1, 0xE3, 0xFF, 0x07, 0xF8, 0x03, 0x00, 0x07, 0x80, 0x3E, 0x00, 0xCC, 0x00, 0x00, 0x07,
    0x80, 0x7F, 0x83, 0xFF, 0x1E, 0x1E, 0x70, 0x3B, 0x80, 0x7E, 0x01, 0xF8, 0x07, 0xE0, 0x1F, 0x80,
    0x7E, 0x01, 0xF8, 0x07, 0x70, 0x39, 0xE1, 0xE3, 0xFF, 0x07, 0xF8, 0x03, 0x00, 0x06, 0xC0, 0x3F,
    0x00, 0xDC, 0x00, 0x00, 0x07, 0x80, 0x7F, 0x83, 0xFF, 0x1E, 0x1E, 0x70, 0x3B, 0x80, 0x7E, 0x01,
    0xF8, 0x07, 0xE0, 0x1F, 0x80, 0x7E, 0x01, 0xF8, 0x07, 0x70, 0x39, 0xE1, 0xE3, 0xFF, 0x07, 0xF8,
    0x03, 0x00, 0x0C, 0xC0, 0x73, 0x80, 0xCC, 0x00, 0x00, 0x07, 0x80, 0x7F, 0x83, 0xFF, 0x1E, 0x1E,
    0x70, 0x3B, 0x80, 0x7E, 0x01, 0xF8, 0x07, 0xE0, 0x1F, 0x80, 0x7E, 0x01, 0xF8, 0x07, 0x70, 0x39,
    0xE1, 0xE3, 0xFF, 0x07, 0xF8, 0x03, 0x00, 0x40, 0xB8, 0x77, 0x38, 0xFC, 0x1E, 0x07, 0x83, 0xF1,
    0xCE, 0xE1, 0xF0, 0x20, 0x07, 0x90, 0x7F, 0xE3, 0xFF, 0x1E, 0x1E, 0x70, 0xFB, 0x83, 0x7E, 0x1D,
    0xF8, 0xE7, 0xE3, 0x1F, 0x9C, 0x7E, 0xE1, 0xFF, 0x07, 0x7C, 0x39, 0xE1, 0xE7, 0xFF, 0x1F, 0xF8,
    0x23, 0x00, 0x0E, 0x00, 0x30, 0x01, 0xC0, 0x04, 0x04, 0x01, 0x70, 0x1F, 0x80, 0xFC, 0x07, 0xE0,
    0x3F, 0x01, 0xF8, 0x0F, 0xC0, 0x7E, 0x03, 0xF0, 0x1F, 0x80, 0xEC, 0x07, 0x70, 0x3B, 0xC3, 0x8F,
    0xFC, 0x3F, 0xC0, 0x30, 0x00, 0x01, 0xC0, 0x1C, 0x00, 0xC0, 0x04, 0x04, 0x01, 0x70, 0x1F, 0x80,
    0xFC, 0x07, 0xE0, 0x3F, 0x01, 0xF8, 0x0F, 0xC0, 0x7E, 0x03, 0xF0, 0x1F, 0x80, 0xEC, 0x07, 0x70,
    0x3B, 0xC3, 0x8F, 0xFC, 0x3F, 0xC0, 0x30, 0x00, 0x07, 0x00, 0x7C, 0x07, 0x70, 0x00, 0x04, 0x01,
    0x70, 0x1F, 0x80, 0xFC, 0x07, 0xE0, 0x3F, 0x01, 0xF8, 0x0F, 0xC0, 0x7E, 0x03, 0xF0, 0x1F, 0x80,
    0xEC, 0x07, 0x70, 0x3B, 0xC3, 0x8F, 0xFC, 0x3F, 0xC0, 0x30, 0x00, 0x0C, 0xC0, 0xEE, 0x07, 0x30,
    0x00, 0x04, 0x01, 0x70, 0x1F, 0x80, 0xFC, 0x07, 0xE0, 0x3F, 0x01, 0xF8, 0x0F, 0xC0, 0x7E, 0x03,
    0xF0, 0x1F, 0x80, 0xEC, 0x07, 0x70, 0x3B, 0xC3, 0x8F, 0xFC, 0x3F, 0xC0, 0x30, 0x00, 0x01, 0xC0,
    0x06, 0x00, 0x38, 0x00, 0x00, 0x60, 0x09, 0xC0, 0x77, 0x03, 0x8E, 0x1C, 0x38, 0x70, 0x73, 0x80,
    0xEE, 0x03, 0xF0, 0x07, 0x80, 0x0E, 0x00, 0x30, 0x00, 0xC0, 0x03, 0x00, 0x0C, 0x00, 0x30, 0x00,
    0xC0, 0x40, 0x1C, 0x03, 0x80, 0x70, 0x0F, 0xF9, 0xFF, 0xB8, 0x7F, 0x07, 0xE0, 0xFC, 0x1F, 0x87,
    0x7F, 0xEF, 0xF1, 0xC0, 0x38, 0x07, 0x00, 0x0E, 0x07, 0xF1, 0xFF, 0x38, 0xEE, 0x1D, 0xC3, 0xB8,
    0x77, 0x7C, 0xEF, 0x9C, 0xFB, 0x83, 0xF0, 0x7E, 0x0F, 0xC1, 0xFB, 0xF7, 0x7C, 0x1C, 0x03, 0x80,
    0x38, 0x02, 0x00, 0xF0, 0x7F, 0x1F, 0xF3, 0x86, 0x00, 0xC3, 0xF9, 0xFF, 0x3C, 0x66, 0x0C, 0xC3,
    0x9F, 0xF1, 0xFE, 0x0C, 0x00, 0x03, 0x00, 0xE0, 0x18, 0x02, 0x00, 0xF0, 0x7F, 0x1F, 0xF3, 0x86,
    0x00, 0xC3, 0xF9, 0xFF, 0x3C, 0x66, 0x0C, 0xC3, 0x9F, 0xF1, 0xFE, 0x0C, 0x00, 0x0E, 0x03, 0xE0,
    0xEE, 0x00, 0x00, 0xF0, 0x7F, 0x1F, 0xF3, 0x86, 0x00, 0xC3, 0xF9, 0xFF, 0x3C, 0x66, 0x0C, 0xC3,
    0x9F, 0xF1, 0xFE, 0x0C, 0x00, 0x1D, 0x83, 0xF0, 0xDC, 0x00, 0x00, 0xF0, 0x7F, 0x1F, 0xF3, 0x86,
    0x00, 0xC3, 0xF9, 0xFF, 0x3C, 0x66, 0x0C, 0xC3, 0x9F, 0xF1, 0xFE, 0x0C, 0x00, 0x39, 0x87, 0x70,
    0xE6, 0x00, 0x00, 0xF0, 0x7F, 0x1F, 0xF3, 0x86, 0x00, 0xC3, 0xF9, 0xFF, 0x3C, 0x66, 0x0C, 0xC3,
    0x9F, 0xF1, 0xFE, 0x0C, 0x00, 0x04, 0x03, 0xE0, 0x7E, 0x0C, 0xC1, 0xF0, 0x1E, 0x03, 0xC1, 0xFC,
    0x7F, 0xCE, 0x18, 0x03, 0x0F, 0xE7, 0xFC, 0xF1, 0x98, 0x33, 0x0E, 0x7F, 0xC7, 0xF8, 0x30, 0x00,
    0x0F, 0x1E, 0x07, 0xF7, 0xF1, 0xFF, 0xFF, 0x38, 0x70, 0xE0, 0x0C, 0x0C, 0x3F, 0xFF, 0x9F, 0xFF,
    0xF3, 0xC6, 0x00, 0x60, 0xE0, 0x0C, 0x3C, 0x39, 0xFF, 0xFF, 0x1F, 0x9F, 0xC0, 0xC0, 0xC0, 0x1E,
    0x0F, 0xE7, 0xFF, 0x87, 0xE0, 0x30, 0x0C, 0x03, 0x00, 0xE0, 0xB8, 0x77, 0xFC, 0xFE, 0x0C, 0x03,
    0xC0, 0x30, 0x3C, 0x0C, 0x00, 0x38, 0x03, 0x80, 0x30, 0x00, 0x01, 0xE0, 0x7F, 0x1F, 0xF7, 0x0E,
    0xC0, 0xDF, 0xFB, 0xFF, 0x60, 0x0E, 0x01, 0xC3, 0x9F, 0xF1, 0xFC, 0x0E, 0x00, 0x07, 0x00, 0xC0,
    0x38, 0x00, 0x01, 0xE0, 0x7F, 0x1F, 0xF7, 0x0E, 0xC0, 0xDF, 0xFB, 0xFF, 0x60, 0x0E, 0x01, 0xC3,
    0x9F, 0xF1, 0xFC, 0x0E, 0x00, 0x1E, 0x03, 0xE0, 0xEC, 0x00, 0x01, 0xE0, 0x7F, 0x1F, 0xF7, 0x0E,
    0xC0, 0xDF, 0xFB, 0xFF, 0x60, 0x0E, 0x01, 0xC3, 0x9F, 0xF1, 0xFC, 0x0E, 0x00, 0x33, 0x0F, 0x70,
    0xCC, 0x00, 0x01, 0xE0, 0x7F, 0x1F, 0xF7, 0x0E, 0xC0, 0xDF, 0xFB, 0xFF, 0x60, 0x0E, 0x01, 0xC3,
    0x9F, 0xF1, 0xFC, 0x0E, 0x00, 0x63, 0x8C, 0x23, 0x9C, 0xE7, 0x39, 0xCE, 0x73, 0x9C, 0xE7, 0x33,
    0x98, 0x8E, 0x73, 0x9C, 0xE7, 0x39, 0xCE, 0x73, 0x9C, 0x38, 0xFB, 0xB8, 0x03, 0x87, 0x0E, 0x1C,
    0x38, 0x70, 0xE1, 0xC3, 0x87, 0x0E, 0x1C, 0xC7, 0xDF, 0xB8, 0x03, 0x87, 0x0E, 0x1C, 0x38, 0x70,
    0xE1, 0xC3, 0x87, 0x0E, 0x1C, 0x00, 0x07, 0x30, 0xFE, 0x0F, 0x83, 0xF0, 0x67, 0x07, 0xE3, 0xFE,
    0x73, 0xDC, 0x3B, 0x03, 0x60, 0x6C, 0x0D, 0xC1, 0xB8, 0x73, 0xFC, 0x3F, 0x01, 0x80, 0x19, 0x0F,
    0xC3, 0x70, 0x00, 0xEF, 0x3F, 0xEF, 0xFF, 0x87, 0xE1, 0xF8, 0x7E, 0x1F, 0x87, 0xE1, 0xF8, 0x7E,
    0x1F, 0x87, 0x38, 0x03, 0x80, 0x30, 0x02, 0x01, 0xE0, 0x7F, 0x1F, 0xF7, 0x0E, 0xE0, 0xF8, 0x1F,
    0x03, 0xE0, 0x7E, 0x0D, 0xC3, 0x9F, 0xF1, 0xFC, 0x0C, 0x00, 0x07, 0x00, 0xC0, 0x38, 0x02, 0x01,
    0xE0, 0x7F, 0x1F, 0xF7, 0x0E, 0xE0, 0xF8, 0x1F, 0x03, 0xE0, 0x7E, 0x0D, 0xC3, 0x9F, 0xF1, 0xFC,
    0x0C, 0x00, 0x0E, 0x03, 0xE0, 0xEE, 0x00, 0x01, 0xE0, 0x7F, 0x1F, 0xF7, 0x0E, 0xE0, 0xF8, 0x1F,
    0x03, 0xE0, 0x7E, 0x0D, 0xC3, 0x9F, 0xF1, 0xFC, 0x0C, 0x00, 0x19, 0x07, 0xE0, 0xDC, 0x00, 0x01,
    0xE0, 0x7F, 0x1F, 0xF7, 0x0E, 0xE0, 0xF8, 0x1F, 0x03, 0xE0, 0x7E, 0x0D, 0xC3, 0x9F, 0xF1, 0xFC,
    0x0C, 0x00, 0x33, 0x07, 0x70, 0xCE, 0x00, 0x01, 0xE0, 0x7F, 0x1F, 0xF7, 0x0E, 0xE0, 0xF8, 0x1F,
    0x03, 0xE0, 0x7E, 0x0D, 0xC3, 0x9F, 0xF1, 0xFC, 0x0C, 0x00, 0x00, 0x07, 0x01, 0xE0, 0x30, 0x00,
    0x3F, 0xFF, 0xFC, 0x00, 0x0C, 0x07, 0x81, 0xC0, 0x20, 0x0F, 0x21, 0xFF, 0x3F, 0xE7, 0x1E, 0x73,
    0xF6, 0x37, 0x66, 0x76, 0xE7, 0x7C, 0x67, 0x8E, 0x7F, 0xE7, 0xFC, 0x46, 0x00, 0x38, 0x07, 0x00,
    0xC0, 0x10, 0xE0, 0xF8, 0x7E, 0x1F, 0x87, 0xE1, 0xF8, 0x7E, 0x1F, 0x87, 0xE1, 0xF8, 0x77, 0xFC,
    0xFB, 0x00, 0x00, 0x07, 0x01, 0x80, 0xE0, 0x00, 0xE0, 0xF8, 0x7E, 0x1F, 0x87, 0xE1, 0xF8, 0x7E,
    0x1F, 0x87, 0xE1, 0xF8, 0x77, 0xFC, 0xFB, 0x00, 0x00, 0x1E, 0x07, 0xC3, 0xB8, 0x00, 0xE0, 0xF8,
    0x7E, 0x1F, 0x87, 0xE1, 0xF8, 0x7E, 0x1F, 0x87, 0xE1, 0xF8, 0x77, 0xFC, 0xFB, 0x00, 0x00, 0x33,
    0x1E, 0xE3, 0x38, 0x00, 0xE0, 0xF8, 0x7E, 0x1F, 0x87, 0xE1, 0xF8, 0x7E, 0x1F, 0x87, 0xE1, 0xF8,
    0x77, 0xFC, 0xFB, 0x00, 0x00, 0x03, 0x80, 0x70, 0x06, 0x00, 0x40, 0xE0, 0x6E, 0x0E, 0x70, 0xE7,
    0x0C, 0x31, 0xC3, 0x9C, 0x39, 0x81, 0xB8, 0x1F, 0x80, 0xF0, 0x0F, 0x00, 0xE0, 0x0E, 0x00, 0xE0,
    0x3C, 0x07, 0xC0, 0x30, 0x00, 0x40, 0x1C, 0x03, 0x80, 0x70, 0x0E, 0xF1, 0xFF, 0x3F, 0xF7, 0x87,
    0xE0, 0xFC, 0x1F, 0x83, 0xF0, 0x7E, 0x0F, 0xE3, 0xBF, 0xF7, 0xFC, 0xE6, 0x1C, 0x03, 0x80, 0x70,
    0x04, 0x00, 0x19, 0x83, 0xBC, 0x19, 0x80, 0x00, 0xE0, 0x6E, 0x0E, 0x70, 0xE7, 0x0C, 0x31, 0xC3,
    0x9C, 0x39, 0x81, 0xB8, 0x1F, 0x80, 0xF0, 0x0F, 0x00, 0xE0, 0x0E, 0x00, 0xE0, 0x3C, 0x07, 0xC0,
    0x30, 0x00, 0x07, 0xC0, 0x3F, 0x00, 0xFC, 0x00, 0x00, 0x03, 0x00, 0x1E, 0x00, 0x78, 0x01, 0xF0,
    0x0F, 0xC0, 0x3B, 0x00, 0xCE, 0x07, 0x38, 0x1C, 0x60, 0x61, 0xC3, 0xFF, 0x0F, 0xFE, 0x70, 0x39,
    0xC0, 0x66, 0x01, 0xF8, 0x07, 0x1F, 0x07, 0xF0, 0x7E, 0x00, 0x00, 0xF0, 0x7F, 0x1F, 0xF3, 0x86,
    0x00, 0xC3, 0xF9, 0xFF, 0x3C, 0x66, 0x0C, 0xC3, 0x9F, 0xF1, 0xFE, 0x0C, 0x00, 0x0C, 0xC0, 0x3F,
    0x00, 0x78, 0x00, 0x00, 0x03, 0x00, 0x1E, 0x00, 0x78, 0x01, 0xF0, 0x0F, 0xC0, 0x3B, 0x00, 0xCE,
    0x07, 0x38, 0x1C, 0x60, 0x61, 0xC3, 0xFF, 0x0F, 0xFE, 0x70, 0x39, 0xC0, 0x66, 0x01, 0xF8, 0x07,
    0x39, 0x83, 0xF0, 0x7C, 0x00, 0x00, 0xF0, 0x7F, 0x1F, 0xF3, 0x86, 0x00, 0xC3, 0xF9, 0xFF, 0x3C,
    0x66, 0x0C, 0xC3, 0x9F, 0xF1, 0xFE, 0x0C, 0x00, 0x03, 0x00, 0x0F, 0x00, 0x1E, 0x00, 0x3E, 0x00,
    0xFC, 0x01, 0xD8, 0x03, 0x38, 0x0E, 0x70, 0x1C, 0x60, 0x30, 0xE0, 0xFF, 0xC1, 0xFF, 0xC7, 0x03,
    0x8E, 0x03, 0x18, 0x07, 0x70, 0x0E, 0x00, 0x1C, 0x00, 0x70, 0x00, 0xF0, 0x01, 0xF0, 0x01, 0xC0,
    0x0F, 0x07, 0xF1, 0xFF, 0x38, 0x60, 0x0C, 0x3F, 0x9F, 0xF3, 0xC6, 0x60, 0xCC, 0x39, 0xFF, 0x1F,
    0xE0, 0xDC, 0x07, 0x00, 0xF8, 0x0F, 0x00, 0xC0, 0x01, 0xC0, 0x06, 0x00, 0x38, 0x00, 0x00, 0x07,
    0x80, 0x7F, 0x83, 0xFF, 0x1E, 0x1E, 0x70, 0x3B, 0x80, 0x6E, 0x00, 0x38, 0x00, 0xE0, 0x03, 0x80,
    0x0E, 0x00, 0x38, 0x06, 0x70, 0x39, 0xE1, 0xE3, 0xFF, 0x07, 0xF8, 0x03, 0x00, 0x07, 0x01, 0x80,
    0xE0, 0x10, 0x1E, 0x0F, 0xE7, 0xFF, 0x87, 0xE0, 0x30, 0x0C, 0x03, 0x00, 0xE0, 0xB8, 0x77, 0xFC,
    0xFE, 0x0C, 0x00, 0x07, 0x80, 0x3E, 0x00, 0xCC, 0x00, 0x00, 0x07, 0x80, 0x7F, 0x83, 0xFF, 0x1E,
    0x1E, 0x70, 0x3B, 0x80, 0x6E, 0x00, 0x38, 0x00, 0xE0, 0x03, 0x80, 0x0E, 0x00, 0x38, 0x06, 0x70,
    0x39, 0xE1, 0xE3, 0xFF, 0x07, 0xF8, 0x03, 0x00, 0x0E, 0x07, 0xC3, 0xB8, 0x00, 0x1E, 0x0F, 0xE7,
    0xFF, 0x87, 0xE0, 0x30, 0x0C, 0x03, 0x00, 0xE0, 0xB8, 0x77, 0xFC, 0xFE, 0x0C, 0x00, 0x03, 0x00,
    0x1E, 0x00, 0x30, 0x00, 0x00, 0x07, 0x80, 0x7F, 0x83, 0xFF, 0x1E, 0x1E, 0x70, 0x3B, 0x80, 0x6E,
    0x00, 0x38, 0x00, 0xE0, 0x03, 0x80, 0x0E, 0x00, 0x38, 0x06, 0x70, 0x39, 0xE1, 0xE3, 0xFF, 0x07,
    0xF8, 0x03, 0x00, 0x0C, 0x03, 0x80, 0xE0, 0x00, 0x1E, 0x0F, 0xE7, 0xFF, 0x87, 0xE0, 0x30, 0x0C,
    0x03, 0x00, 0xE0, 0xB8, 0x77, 0xFC, 0xFE, 0x0C, 0x00, 0x0C, 0xC0, 0x3F, 0x00, 0x78, 0x00, 0x00,
    0x07, 0x80, 0x7F, 0x83, 0xFF, 0x1E, 0x1E, 0x70, 0x3B, 0x80, 0x6E, 0x00, 0x38, 0x00, 0xE0, 0x03,
    0x80, 0x0E, 0x00, 0x38, 0x06, 0x70, 0x39, 0xE1, 0xE3, 0xFF, 0x07, 0xF8, 0x03, 0x00, 0x3B, 0x87,
    0xC1, 0xE0, 0x00, 0x1E, 0x0F, 0xE7, 0xFF, 0x87, 0xE0, 0x30, 0x0C, 0x03, 0x00, 0xE0, 0xB8, 0x77,
    0xFC, 0xFE, 0x0C, 0x00, 0x3B, 0x80, 0xF8, 0x03, 0x80, 0x00, 0x07, 0xC0, 0x7F, 0xE3, 0xFF, 0x9C,
    0x1E, 0xE0, 0x77, 0x01, 0xF8, 0x0F, 0xC0, 0x7E, 0x01, 0xF0, 0x1F, 0x80, 0xFC, 0x07, 0xE0, 0x77,
    0x07, 0xBF, 0xF9, 0xFF, 0x00, 0x00, 0x5C, 0x03, 0xF0, 0x0F, 0x80, 0x3E, 0x1E, 0xE0, 0xFF, 0x87,
    0xFE, 0x38, 0x78, 0xE0, 0xE3, 0x03, 0x8C, 0x0E, 0x30, 0x38, 0xE0, 0xE3, 0x87, 0x87, 0xFE, 0x0F,
    0xF8, 0x0C, 0x00, 0x3E, 0x00, 0x7F, 0xC0, 0xFF, 0xC1, 0x83, 0xC3, 0x01, 0xC6, 0x03, 0x8C, 0x03,
    0x7F, 0x86, 0xFF, 0x0D, 0xFE, 0x18, 0xC0, 0x31, 0x80, 0xE3, 0x01, 0xC6, 0x0F, 0x0F, 0xFC, 0x1F,
    0xF0, 0x00, 0x40, 0x7F, 0x07, 0xF0, 0x3E, 0x1E, 0xE3, 0xFE, 0x7F, 0xEE, 0x1E, 0xE0, 0xEC, 0x0E,
    0xC0, 0xEC, 0x0E, 0xE0, 0xEE, 0x1E, 0x7F, 0xE3, 0xFE, 0x0C, 0x00, 0x1F, 0x07, 0xF0, 0x7C, 0x00,
    0x07, 0xFD, 0xFF, 0xBF, 0xF7, 0x00, 0xE0, 0x1C, 0x03, 0x80, 0x7F, 0xEF, 0xFD, 0xFF, 0x38, 0x07,
    0x00, 0xE0, 0x1C, 0x03, 0xFF, 0x7F, 0xF0, 0x1F, 0x07, 0xE0, 0xFC, 0x00, 0x01, 0xE0, 0x7F, 0x1F,
    0xF7, 0x0E, 0xC0, 0xDF, 0xFB, 0xFF, 0x60, 0x0E, 0x01, 0xC3, 0x9F, 0xF1, 0xFC, 0x0E, 0x00, 0x31,
    0x83, 0xE0, 0x7C, 0x00, 0x07, 0xFD, 0xFF, 0xBF, 0xF7, 0x00, 0xE0, 0x1C, 0x03, 0x80, 0x7F, 0xEF,
    0xFD, 0xFF, 0x38, 0x07, 0x00, 0xE0, 0x1C, 0x03, 0xFF, 0x7F, 0xF0, 0x33, 0x07, 0xE0, 0x78, 0x00,
    0x01, 0xE0, 0x7F, 0x1F, 0xF7, 0x0E, 0xC0, 0xDF, 0xFB, 0xFF, 0x60, 0x0E, 0x01, 0xC3, 0x9F, 0xF1,
    0xFC, 0x0E, 0x00, 0x0E, 0x01, 0xC0, 0x38, 0x00, 0x07, 0xFD, 0xFF, 0xBF, 0xF7, 0x00, 0xE0, 0x1C,
    0x03, 0x80, 0x7F, 0xEF, 0xFD, 0xFF, 0x38, 0x07, 0x00, 0xE0, 0x1C, 0x03, 0xFF, 0x7F, 0xF0, 0x0C,
    0x01, 0xC0, 0x30, 0x00, 0x01, 0xE0, 0x7F, 0x1F, 0xF7, 0x0E, 0xC0, 0xDF, 0xFB, 0xFF, 0x60, 0x0E,
    0x01, 0xC3, 0x9F, 0xF1, 0xFC, 0x0E, 0x00, 0x7F, 0xDF, 0xFB, 0xFF, 0x70, 0x0E, 0x01, 0xC0, 0x38,
    0x07, 0xFE, 0xFF, 0xDF, 0xF3, 0x80, 0x70, 0x0E, 0x01, 0xC0, 0x3F, 0xF7, 0xFF, 0x01, 0xC0, 0x70,
    0x0F, 0x00, 0xF0, 0x0C, 0x1E, 0x07, 0xF1, 0xFF, 0x70, 0xEC, 0x0D, 0xFF, 0xBF, 0xF6, 0x00, 0xE0,
    0x1C, 0x39, 0xFF, 0x1F, 0xC0, 0xF8, 0x0E, 0x01, 0xE0, 0x1E, 0x01, 0x80, 0x3B, 0x83, 0xE0, 0x38,
    0x00, 0x07, 0xFD, 0xFF, 0xBF, 0xF7, 0x00, 0xE0, 0x1C, 0x03, 0x80, 0x7F, 0xEF, 0xFD, 0xFF, 0x38,
    0x07, 0x00, 0xE0, 0x1C, 0x03, 0xFF, 0x7F, 0xF0, 0x33, 0x07, 0xE0, 0x78, 0x00, 0x01, 0xE0, 0x7F,
    0x1F, 0xF7, 0x0E, 0xC0, 0xDF, 0xFB, 0xFF, 0x60, 0x0E, 0x01, 0xC3, 0x9F, 0xF1, 0xFC, 0x0E, 0x00,
    0x07, 0x80, 0x3E, 0x00, 0xCC, 0x00, 0x00, 0x07, 0x80, 0x7F, 0x83, 0xFF, 0x1E, 0x1E, 0x70, 0x3B,
    0x80, 0x6E, 0x00, 0x38, 0x00, 0xE1, 0xFF, 0x87, 0xFE, 0x01, 0xF8, 0x06, 0x70, 0x39, 0xE1, 0xE3,
    0xFF, 0x07, 0xF8, 0x03, 0x00, 0x1E, 0x03, 0xE0, 0xEE, 0x00, 0x01, 0xEC, 0x7F, 0xDF, 0xFF, 0x0F,
    0xE0, 0xF8, 0x1F, 0x03, 0xE0, 0x7E, 0x1F, 0xE3, 0xDF, 0xF9, 0xF7, 0x00, 0xEC, 0x1B, 0xFF, 0x3F,
    0xC1, 0xE0, 0x0C, 0xC0, 0x3F, 0x00, 0x78, 0x00, 0x00, 0x07, 0x80, 0x7F, 0x83, 0xFF, 0x1E, 0x1E,
    0x70, 0x3B, 0x80, 0x6E, 0x00, 0x38, 0x00, 0xE1, 0xFF, 0x87, 0xFE, 0x01, 0xF8, 0x06, 0x70, 0x39,
    0xE1, 0xE3, 0xFF, 0x07, 0xF8, 0x03, 0x00, 0x33, 0x07, 0xE0, 0x78, 0x00, 0x01, 0xEC, 0x7F, 0xDF,
    0xFF, 0x0F, 0xE0, 0xF8, 0x1F, 0x03, 0xE0, 0x7E, 0x1F, 0xE3, 0xDF, 0xF9, 0xF7, 0x00, 0xEC, 0x1B,
    0xFF, 0x3F, 0xC1, 0xE0, 0x03, 0x00, 0x1E, 0x00, 0x30, 0x00, 0x00, 0x07, 0x80, 0x7F, 0x83, 0xFF,
    0x1E, 0x1E, 0x70, 0x3B, 0x80, 0x6E, 0x00, 0x38, 0x00, 0xE1, 0xFF, 0x87, 0xFE, 0x01, 0xF8, 0x06,
    0x70, 0x39, 0xE1, 0xE3, 0xFF, 0x07, 0xF8, 0x03, 0x00, 0x0C, 0x01, 0xC0, 0x30, 0x00, 0x01, 0xEC,
    0x7F, 0xDF, 0xFF, 0x0F, 0xE0, 0xF8, 0x1F, 0x03, 0xE0, 0x7E, 0x1F, 0xE3, 0xDF, 0xF9, 0xF7, 0x00,
    0xEC, 0x1B, 0xFF, 0x3F, 0xC1, 0xE0, 0x07, 0x80, 0x7F, 0x83, 0xFF, 0x1E, 0x1E, 0x70, 0x3B, 0x80,
    0x6E, 0x00, 0x38, 0x00, 0xE1, 0xFF, 0x87, 0xFE, 0x01, 0xF8, 0x06, 0x70, 0x39, 0xE1, 0xE3, 0xFF,
    0x07, 0xF8, 0x03, 0x00, 0x1C, 0x00, 0x70, 0x01, 0x80, 0x06, 0x00, 0x00, 0x00, 0x06, 0x01, 0xC0,
    0x30, 0x06, 0x00, 0xC0, 0x3D, 0x8F, 0xFB, 0xFF, 0xE1, 0xFC, 0x1F, 0x03, 0xE0, 0x7C, 0x0F, 0xC3,
    0xFC, 0x7B, 0xFF, 0x3E, 0xE0, 0x1D, 0x83, 0x7F, 0xE7, 0xF8, 0x3C, 0x00, 0x07, 0x00, 0x7C, 0x07,
    0x70, 0x00, 0x04, 0x01, 0x70, 0x1F, 0x80, 0xFC, 0x07, 0xE0, 0x3F, 0x01, 0xF8, 0x0F, 0xFF, 0xFF,
    0xFF, 0xF0, 0x1F, 0x80, 0xFC, 0x07, 0xE0, 0x3F, 0x01, 0xF8, 0x0F, 0xC0, 0x70, 0x38, 0x07, 0xC0,
    0xEE, 0x00, 0x00, 0x10, 0x03, 0x80, 0x38, 0x03, 0x80, 0x3B, 0xC3, 0xFE, 0x3F, 0xF3, 0x87, 0x38,
    0x73, 0x87, 0x38, 0x73, 0x87, 0x38, 0x73, 0x87, 0x38, 0x73, 0x87, 0x20, 0x18, 0xE0, 0x31, 0xC0,
    0x63, 0x80, 0xCF, 0xFF, 0xFF, 0xFF, 0x9C, 0x06, 0x3F, 0xFC, 0x7F, 0xF8, 0xE0, 0x31, 0xC0, 0x63,
    0x80, 0xC7, 0x01, 0x8E, 0x03, 0x1C, 0x06, 0x38, 0x0C, 0x20, 0x1F, 0xC3, 0xF8, 0x3E, 0x07, 0x78,
    0xFF, 0x9F, 0xFB, 0x87, 0x70, 0xEE, 0x1D, 0xC3, 0xB8, 0x77, 0x0E, 0xE1, 0xDC, 0x3B, 0x87, 0x76,
    0xFD, 0x70, 0x01, 0x07, 0x0E, 0x1C, 0x38, 0x70, 0xE1, 0xC3, 0x87, 0x0E, 0x1C, 0x38, 0x70, 0xE1,
    0xC0, 0x77, 0xFF, 0x70, 0x03, 0x87, 0x0E, 0x1C, 0x38, 0x70, 0xE1, 0xC3, 0x87, 0x0E, 0x1C, 0x7C,
    0xFD, 0xF8, 0x01, 0x07, 0x0E, 0x1C, 0x38, 0x70, 0xE1, 0xC3, 0x87, 0x0E, 0x1C, 0x38, 0x70, 0xE1,
    0xC0, 0x7D, 0xFD, 0xF0, 0x03, 0x87, 0x0E, 0x1C, 0x38, 0x70, 0xE1, 0xC3, 0x87, 0x0E, 0x1C, 0x66,
    0xFC, 0xF0, 0x01, 0x07, 0x0E, 0x1C, 0x38, 0x70, 0xE1, 0xC3, 0x87, 0x0E, 0x1C, 0x38, 0x70, 0xE1,
    0xC0, 0xC6, 0xFD, 0xF0, 0x03, 0x87, 0x0E, 0x1C, 0x38, 0x70, 0xE1, 0xC3, 0x87, 0x0E, 0x1C, 0x23,
    0x9C, 0xE7, 0x39, 0xCE, 0x73, 0x9C, 0xE7, 0x39, 0xCE, 0x77, 0x3D, 0xF7, 0x00, 0x38, 0xE3, 0x80,
    0x38, 0xE3, 0x8E, 0x38, 0xE3, 0x8E, 0x38, 0xE3, 0x8E, 0x71, 0x87, 0x9E, 0x38, 0x6E, 0x60, 0x4E,
    0xEE, 0xEE, 0xEE, 0xEE, 0xEE, 0xEE, 0xEE, 0xFF, 0xFF, 0xFF, 0xFF, 0xF0, 0x40, 0x05, 0xC0, 0x1F,
    0x80, 0x3F, 0x00, 0x7E, 0x00, 0xFC, 0x01, 0xF8, 0x03, 0xF0, 0x07, 0xE0, 0x0F, 0xC0, 0x1F, 0x88,
    0x3F, 0x38, 0x7E, 0x70, 0xFC, 0x71, 0xF8, 0xFF, 0x70, 0xFC, 0x00, 0x60, 0xE7, 0xE7, 0xE7, 0x00,
    0xE7, 0xE7, 0xE7, 0xE7, 0xE7, 0xE7, 0xE7, 0xE7, 0xE7, 0xE7, 0xE7, 0xE7, 0x07, 0x07, 0x0F, 0x1E,
    0x08, 0x03, 0xC0, 0x3E, 0x06, 0x60, 0x00, 0x01, 0x80, 0x18, 0x01, 0x80, 0x18, 0x01, 0x80, 0x18,
    0x01, 0x80, 0x18, 0x01, 0x80, 0x18, 0xC1, 0x8C, 0x18, 0xC1, 0x8E, 0x38, 0xFF, 0x87, 0xF0, 0x08,
    0x00, 0x38, 0xFB, 0xB8, 0x03, 0x87, 0x0E, 0x1C, 0x38, 0x70, 0xE1, 0xC3, 0x87, 0x0E, 0x1C, 0x38,
    0x71, 0xC7, 0x84, 0x00, 0x40, 0x37, 0x03, 0xB8, 0x39, 0xC3, 0x8E, 0x38, 0x73, 0xC3, 0xBC, 0x1F,
    0xC0, 0xFF, 0x07, 0xF8, 0x3C, 0xE1, 0xC7, 0x8E, 0x1C, 0x70, 0x73, 0x81, 0xDC, 0x0E, 0x00, 0x00,
    0x30, 0x01, 0x80, 0x1C, 0x00, 0xC0, 0x00, 0x00, 0x40, 0x1C, 0x03, 0x80, 0x70, 0x0E, 0x1D, 0xC7,
    0x39, 0xC7, 0x70, 0xFE, 0x1F, 0x83, 0xF0, 0x77, 0x0E, 0x71, 0xCF, 0x38, 0xE7, 0x0E, 0x00, 0x01,
    0x80, 0x70, 0x0C, 0x01, 0x80, 0x00, 0x00, 0xE1, 0xF8, 0xEE, 0x7B, 0x9C, 0xEE, 0x3F, 0x0F, 0x83,
    0xF0, 0xEE, 0x39, 0xCE, 0x3B, 0x8F, 0x38, 0x1C, 0x06, 0x01, 0x00, 0x40, 0x38, 0x0E, 0x03, 0x80,
    0xE0, 0x38, 0x0E, 0x03, 0x80, 0xE0, 0x38, 0x0E, 0x03, 0x80, 0xE0, 0x38, 0x0F, 0xFF, 0xFF, 0x33,
    0x98, 0x84, 0x73, 0x9C, 0xE7, 0x39, 0xCE, 0x73, 0x9C, 0xE7, 0x39, 0xC0, 0x40, 0x38, 0x0E, 0x03,
    0x80, 0xE0, 0x38, 0x0E, 0x03, 0x80, 0xE0, 0x38, 0x0E, 0x03, 0x80, 0xE0, 0x38, 0x0F, 0xFF, 0xFF,
    0x00, 0x03, 0x00, 0xC0, 0x70, 0x18, 0x00, 0x00, 0x27, 0x77, 0x77, 0x77, 0x77, 0x77, 0x77, 0x77,
    0x07, 0x66, 0xE0, 0x46, 0x39, 0x8E, 0x63, 0x98, 0xE0, 0x38, 0x0E, 0x03, 0x80, 0xE0, 0x38, 0x0E,
    0x03, 0x80, 0xE0, 0x38, 0x0F, 0xFF, 0xFF, 0x4F, 0xBE, 0xFB, 0xE3, 0x8E, 0x38, 0xE3, 0x8E, 0x38,
    0xE3, 0x8E, 0x38, 0x40, 0x38, 0x0E, 0x03, 0x80, 0xE0, 0x38, 0x0E, 0x63, 0x9C, 0xE6, 0x38, 0x0E,
    0x03, 0x80, 0xE0, 0x38, 0x0F, 0xFF, 0xFF, 0x41, 0xC3, 0x87, 0x0E, 0x1C, 0x38, 0x76, 0xFF, 0xDF,
    0x87, 0x0E, 0x1C, 0x38, 0x70, 0x10, 0x03, 0x80, 0x38, 0x03, 0x80, 0x39, 0x03, 0xF0, 0x3F, 0x03,
    0xE0, 0xF8, 0x0F, 0x80, 0xB8, 0x03, 0x80, 0x38, 0x03, 0x80, 0x3F, 0xF3, 0xFF, 0x10, 0x70, 0xE1,
    0xC3, 0x87, 0xCF, 0x3C, 0xF8, 0x70, 0xE1, 0xC3, 0x87, 0x0E, 0x1C, 0x01, 0xC0, 0x1C, 0x00, 0xC0,
    0x04, 0x06, 0x01, 0xF8, 0x0F, 0xE0, 0x7F, 0x03, 0xFC, 0x1F, 0x60, 0xFB, 0x87, 0xCE, 0x3E, 0x71,
    0xF1, 0xCF, 0x87, 0x7C, 0x3B, 0xE0, 0xFF, 0x03, 0xF8, 0x1F, 0xC0, 0x70, 0x07, 0x01, 0x80, 0xE0,
    0x00, 0xEF, 0x3F, 0xEF, 0xFF, 0x87, 0xE1, 0xF8, 0x7E, 0x1F, 0x87, 0xE1, 0xF8, 0x7E, 0x1F, 0x87,
    0x60, 0x1F, 0x80, 0xFE, 0x07, 0xF0, 0x3F, 0xC1, 0xF6, 0x0F, 0xB8, 0x7C, 0xE3, 0xE7, 0x1F, 0x1C,
    0xF8, 0x77, 0xC3, 0xBE, 0x0F, 0xF0, 0x3F, 0x81, 0xFC, 0x07, 0x00, 0x00, 0x38, 0x01, 0xC0, 0x0C,
    0x00, 0x60, 0x00, 0x00, 0xEF, 0x3F, 0xEF, 0xFF, 0x87, 0xE1, 0xF8, 0x7E, 0x1F, 0x87, 0xE1, 0xF8,
    0x7E, 0x1F, 0x87, 0x00, 0x03, 0x00, 0xC0, 0x70, 0x18, 0x00, 0x00, 0x1C, 0xC0, 0x7C, 0x01, 0xE0,
    0x00, 0x06, 0x01, 0xF8, 0x0F, 0xE0, 0x7F, 0x03, 0xFC, 0x1F, 0x60, 0xFB, 0x87, 0xCE, 0x3E, 0x71,
    0xF1, 0xCF, 0x87, 0x7C, 0x3B, 0xE0, 0xFF, 0x03, 0xF8, 0x1F, 0xC0, 0x70, 0x33, 0x87, 0xC1, 0xE0,
    0x00, 0xEF, 0x3F, 0xEF, 0xFF, 0x87, 0xE1, 0xF8, 0x7E, 0x1F, 0x87, 0xE1, 0xF8, 0x7E, 0x1F, 0x87,
    0x60, 0x1F, 0x80, 0xFE, 0x07, 0xF0, 0x3F, 0xC1, 0xF6, 0x0F, 0xB8, 0x7C, 0xE3, 0xE7, 0x1F, 0x1C,
    0xF8, 0x77, 0xC3, 0xBE, 0x0F, 0xF0, 0x3F, 0x81, 0xFC, 0x07, 0x00, 0x18, 0x00, 0xC0, 0x1E, 0x00,
    0xF0, 0x06, 0x00, 0xEF, 0x3F, 0xEF, 0xFF, 0x87, 0xE1, 0xF8, 0x7E, 0x1F, 0x87, 0xE1, 0xF8, 0x7E,
    0x1F, 0x87, 0x01, 0xC0, 0x70, 0x3C, 0x1E, 0x03, 0x00, 0x0F, 0x80, 0x3F, 0x00, 0xFC, 0x00, 0x00,
    0x07, 0x80, 0x7F, 0x83, 0xFF, 0x1E, 0x1E, 0x70, 0x3B, 0x80, 0x7E, 0x01, 0xF8, 0x07, 0xE0, 0x1F,
    0x80, 0x7E, 0x01, 0xF8, 0x07, 0x70, 0x39, 0xE1, 0xE3, 0xFF, 0x07, 0xF8, 0x03, 0x00, 0x1F, 0x07,
    0xE0, 0xFC, 0x00, 0x01, 0xE0, 0x7F, 0x1F, 0xF7, 0x0E, 0xE0, 0xF8, 0x1F, 0x03, 0xE0, 0x7E, 0x0D,
    0xC3, 0x9F, 0xF1, 0xFC, 0x0C, 0x00, 0x0C, 0xC0, 0x3F, 0x00, 0x78, 0x00, 0x00, 0x07, 0x80, 0x7F,
    0x83, 0xFF, 0x1E, 0x1E, 0x70, 0x3B, 0x80, 0x7E, 0x01, 0xF8, 0x07, 0xE0, 0x1F, 0x80, 0x7E, 0x01,
    0xF8, 0x07, 0x70, 0x39, 0xE1, 0xE3, 0xFF, 0x07, 0xF8, 0x03, 0x00, 0x33, 0x07, 0xE0, 0x7C, 0x00,
    0x01, 0xE0, 0x7F, 0x1F, 0xF7, 0x0E, 0xE0, 0xF8, 0x1F, 0x03, 0xE0, 0x7E, 0x0D, 0xC3, 0x9F, 0xF1,
    0xFC, 0x0C, 0x00, 0x0E, 0xE0, 0x3B, 0x00, 0xDC, 0x02, 0x40, 0x07, 0x80, 0x7F, 0x83, 0xFF, 0x1E,
    0x1E, 0x70, 0x3B, 0x80, 0x7E, 0x01, 0xF8, 0x07, 0xE0, 0x1F, 0x80, 0x7E, 0x01, 0xF8, 0x07, 0x70,
    0x39, 0xE1, 0xE3, 0xFF, 0x07, 0xF8, 0x03, 0x00, 0x1B, 0x87, 0x70, 0xDC, 0x10, 0x01, 0xE0, 0x7F,
    0x1F, 0xF7, 0x0E, 0xE0, 0xF8, 0x1F, 0x03, 0xE0, 0x7E, 0x0D, 0xC3, 0x9F, 0xF1, 0xFC, 0x0C, 0x00,
    0x01, 0xFF, 0xC3, 0xFF, 0xFC, 0xFF, 0xFF, 0xBC, 0x38, 0x07, 0x07, 0x01, 0xC0, 0xE0, 0x38, 0x1C,
    0x07, 0x03, 0xFE, 0xE0, 0x7F, 0xDC, 0x0F, 0xFB, 0x81, 0xC0, 0x70, 0x38, 0x07, 0x07, 0x00, 0xF0,
    0xE0, 0x0F, 0xFF, 0xF8, 0x7F, 0xFF, 0x1E, 0x0F, 0x07, 0xF7, 0xF1, 0xFF, 0xFF, 0x70, 0xF8, 0x7E,
    0x0E, 0x0F, 0x81, 0xFF, 0xF0, 0x3F, 0xFE, 0x07, 0x00, 0xE0, 0xE0, 0x1C, 0x3E, 0x1D, 0xFF, 0xFF,
    0x1F, 0xCF, 0xE0, 0xC0, 0x60, 0x03, 0x00, 0x70, 0x06, 0x00, 0x40, 0x7C, 0x0F, 0xFC, 0xFF, 0xEE,
    0x0E, 0xE0, 0x6E, 0x07, 0xE0, 0x6E, 0x0E, 0xFF, 0xEF, 0xFC, 0xFF, 0x8E, 0x1C, 0xE1, 0xCE, 0x0E,
    0xE0, 0xEE, 0x07, 0x1C, 0x38, 0xE0, 0x8E, 0xFF, 0xFF, 0x70, 0xE1, 0xC3, 0x87, 0x0E, 0x1C, 0x38,
    0x70, 0x7C, 0x0F, 0xFC, 0xFF, 0xEE, 0x0E, 0xE0, 0x6E, 0x07, 0xE0, 0x6E, 0x0E, 0xFF, 0xEF, 0xFC,
    0xFF, 0x8E, 0x1C, 0xE1, 0xCE, 0x0E, 0xE0, 0xEE, 0x07, 0x00, 0x00, 0xE0, 0x0E, 0x00, 0xC0, 0x0C,
    0x00, 0x00, 0x77, 0x7F, 0x7E, 0x70, 0x70, 0x70, 0x70, 0x70, 0x70, 0x70, 0x70, 0x70, 0x00, 0x70,
    0x60, 0x60, 0xE0, 0x00, 0x3B, 0x81, 0xF0, 0x0E, 0x00, 0x00, 0x7C, 0x0F, 0xFC, 0xFF, 0xEE, 0x0E,
    0xE0, 0x6E, 0x07, 0xE0, 0x6E, 0x0E, 0xFF, 0xEF, 0xFC, 0xFF, 0x8E, 0x1C, 0xE1, 0xCE, 0x0E, 0xE0,
    0xEE, 0x07, 0xEE, 0xF8, 0xE0, 0x0E, 0xFF, 0xFF, 0x70, 0xE1, 0xC3, 0x87, 0x0E, 0x1C, 0x38, 0x70,
    0x03, 0x00, 0x70, 0x06, 0x00, 0x40, 0x0F, 0x03, 0xFC, 0x7F, 0xE6, 0x0E, 0xE0, 0x6E, 0x00, 0x70,
    0x07, 0xE0, 0x1F, 0xC0, 0x7E, 0x00, 0xE0, 0x07, 0xE0, 0x6E, 0x0E, 0x7F, 0xE3, 0xFC, 0x0E, 0x00,
    0x06, 0x07, 0x03, 0x01, 0x01, 0xE3, 0xFB, 0xDF, 0xC3, 0xE0, 0x3E, 0x0F, 0xC1, 0xF0, 0x1F, 0x1F,
    0xFE, 0xFE, 0x1C, 0x00, 0x0E, 0x01, 0xF0, 0x3B, 0x80, 0x00, 0x0F, 0x03, 0xFC, 0x7F, 0xE6, 0x0E,
    0xE0, 0x6E, 0x00, 0x70, 0x07, 0xE0, 0x1F, 0xC0, 0x7E, 0x00, 0xE0, 0x07, 0xE0, 0x6E, 0x0E, 0x7F,
    0xE3, 0xFC, 0x0E, 0x00, 0x1C, 0x1F, 0x1D, 0xC0, 0x01, 0xE3, 0xFB, 0xDF, 0xC3, 0xE0, 0x3E, 0x0F,
    0xC1, 0xF0, 0x1F, 0x1F, 0xFE, 0xFE, 0x1C, 0x00, 0x0F, 0x03, 0xFC, 0x7F, 0xE6, 0x0E, 0xE0, 0x6E,
    0x00, 0x70, 0x07, 0xE0, 0x1F, 0xC0, 0x7E, 0x00, 0xE0, 0x07, 0xE0, 0x6E, 0x0E, 0x7F, 0xE3, 0xFC,
    0x0E, 0x00, 0x70, 0x03, 0x00, 0xF0, 0x06, 0x00, 0x1E, 0x3F, 0xBD, 0xFC, 0x3E, 0x03, 0xE0, 0xFC,
    0x1F, 0x01, 0xF1, 0xFF, 0xEF, 0xE1, 0xC0, 0x70, 0x18, 0x3C, 0x1C, 0x00, 0x3B, 0x81, 0xF0, 0x0E,
    0x00, 0x00, 0x0F, 0x03, 0xFC, 0x7F, 0xE6, 0x0E, 0xE0, 0x6E, 0x00, 0x70, 0x07, 0xE0, 0x1F, 0xC0,
    0x7E, 0x00, 0xE0, 0x07, 0xE0, 0x6E, 0x0E, 0x7F, 0xE3, 0xFC, 0x0E, 0x00, 0x77, 0x1F, 0x07, 0x00,
    0x01, 0xE3, 0xFB, 0xDF, 0xC3, 0xE0, 0x3E, 0x0F, 0xC1, 0xF0, 0x1F, 0x1F, 0xFE, 0xFE, 0x1C, 0x00,
    0xFF, 0xEF, 0xFF, 0xFF, 0xF0, 0xE0, 0x0E, 0x00, 0xE0, 0x0E, 0x00, 0xE0, 0x0E, 0x00, 0xE0, 0x0E,
    0x00, 0xE0, 0x0E, 0x00, 0xE0, 0x0E, 0x00, 0xE0, 0x06, 0x00, 0x70, 0x03, 0x80, 0xF0, 0x06, 0x00,
    0x00, 0x60, 0xC7, 0xEF, 0xDF, 0x8C, 0x18, 0x30, 0x60, 0xC1, 0x83, 0x07, 0x8F, 0x8E, 0x1E, 0x0C,
    0x78, 0xC0, 0x3B, 0x81, 0xF0, 0x0E, 0x00, 0x00, 0xFF, 0xEF, 0xFF, 0xFF, 0xF0, 0xE0, 0x0E, 0x00,
    0xE0, 0x0E, 0x00, 0xE0, 0x0E, 0x00, 0xE0, 0x0E, 0x00, 0xE0, 0x0E, 0x00, 0xE0, 0x0E, 0x00, 0xE0,
    0x06, 0x0C, 0x19, 0xB3, 0x1F, 0xBF, 0x7E, 0x30, 0x60, 0xC1, 0x83, 0x06, 0x0C, 0x1E, 0x3E, 0x00,
    0xFF, 0xEF, 0xFF, 0xFF, 0xF0, 0xE0, 0x0E, 0x00, 0xE0, 0x0E, 0x07, 0xFC, 0x7F, 0xC3, 0xFC, 0x0E,
    0x00, 0xE0, 0x0E, 0x00, 0xE0, 0x0E, 0x00, 0xE0, 0x00, 0x60, 0xC7, 0xEF, 0xDF, 0x8C, 0x7E, 0xFC,
    0x60, 0xC1, 0x83, 0x07, 0x8F, 0x80, 0x0E, 0xC0, 0x7E, 0x02, 0xE0, 0x00, 0x04, 0x01, 0x70, 0x1F,
    0x80, 0xFC, 0x07, 0xE0, 0x3F, 0x01, 0xF8, 0x0F, 0xC0, 0x7E, 0x03, 0xF0, 0x1F, 0x80, 0xEC, 0x07,
    0x70, 0x3B, 0xC3, 0x8F, 0xFC, 0x3F, 0xC0, 0x30, 0x00, 0x19, 0x0F, 0xC3, 0x70, 0x00, 0xE0, 0xF8,
    0x7E, 0x1F, 0x87, 0xE1, 0xF8, 0x7E, 0x1F, 0x87, 0xE1, 0xF8, 0x77, 0xFC, 0xFB, 0x00, 0x00, 0x0F,
    0x80, 0x7E, 0x03, 0xF0, 0x00, 0x04, 0x01, 0x70, 0x1F, 0x80, 0xFC, 0x07, 0xE0, 0x3F, 0x01, 0xF8,
    0x0F, 0xC0, 0x7E, 0x03, 0xF0, 0x1F, 0x80, 0xEC, 0x07, 0x70, 0x3B, 0xC3, 0x8F, 0xFC, 0x3F, 0xC0,
    0x30, 0x00, 0x1F, 0x0F, 0xC3, 0xF0, 0x00, 0xE0, 0xF8, 0x7E, 0x1F, 0x87, 0xE1, 0xF8, 0x7E, 0x1F,
    0x87, 0xE1, 0xF8, 0x77, 0xFC, 0xFB, 0x00, 0x00, 0x0C, 0xC0, 0x7E, 0x03, 0xE0, 0x00, 0x04, 0x01,
    0x70, 0x1F, 0x80, 0xFC, 0x07, 0xE0, 0x3F, 0x01, 0xF8, 0x0F, 0xC0, 0x7E, 0x03, 0xF0, 0x1F, 0x80,
    0xEC, 0x07, 0x70, 0x3B, 0xC3, 0x8F, 0xFC, 0x3F, 0xC0, 0x30, 0x00, 0x33, 0x0F, 0xC1, 0xE0, 0x00,
    0xE0, 0xF8, 0x7E, 0x1F, 0x87, 0xE1, 0xF8, 0x7E, 0x1F, 0x87, 0xE1, 0xF8, 0x77, 0xFC, 0xFB, 0x00,
    0x00, 0x07, 0x80, 0x7C, 0x03, 0x30, 0x1B, 0x80, 0xF8, 0x21, 0x8B, 0x80, 0xFC, 0x07, 0xE0, 0x3F,
    0x01, 0xF8, 0x0F, 0xC0, 0x7E, 0x03, 0xF0, 0x1F, 0x80, 0xFC, 0x07, 0x60, 0x3B, 0x81, 0xDE, 0x1C,
    0x7F, 0xE1, 0xFE, 0x01, 0x80, 0x04, 0x07, 0x83, 0xF0, 0xCC, 0x3F, 0x07, 0x8E, 0x0F, 0x87, 0xE1,
    0xF8, 0x7E, 0x1F, 0x87, 0xE1, 0xF8, 0x7E, 0x1F, 0x87, 0x7F, 0xCF, 0xB0, 0x00, 0x0E, 0xE0, 0x6E,
    0x07, 0x60, 0x12, 0x04, 0x01, 0x70, 0x1F, 0x80, 0xFC, 0x07, 0xE0, 0x3F, 0x01, 0xF8, 0x0F, 0xC0,
    0x7E, 0x03, 0xF0, 0x1F, 0x80, 0xEC, 0x07, 0x70, 0x3B, 0xC3, 0x8F, 0xFC, 0x3F, 0xC0, 0x30, 0x00,
    0x1B, 0x8E, 0xC3, 0x70, 0x80, 0xE0, 0xF8, 0x7E, 0x1F, 0x87, 0xE1, 0xF8, 0x7E, 0x1F, 0x87, 0xE1,
    0xF8, 0x77, 0xFC, 0xFB, 0x00, 0x00, 0x40, 0x17, 0x01, 0xF8, 0x0F, 0xC0, 0x7E, 0x03, 0xF0, 0x1F,
    0x80, 0xFC, 0x07, 0xE0, 0x3F, 0x01, 0xF8, 0x0E, 0xC0, 0x77, 0x03, 0xBC, 0x3C, 0xFF, 0xC3, 0xFC,
    0x07, 0x80, 0x30, 0x01, 0xE0, 0x0F, 0x00, 0x38, 0x00, 0xE0, 0xDC, 0x3B, 0x87, 0x70, 0xEE, 0x1D,
    0xC3, 0xB8, 0x77, 0x0E, 0xE1, 0xDC, 0x39, 0xFF, 0x1F, 0x60, 0x1C, 0x07, 0x00, 0xF0, 0x1F, 0x01,
    0xC0, 0x00, 0x70, 0x00, 0x0F, 0x80, 0x01, 0xDC, 0x00, 0x00, 0x00, 0x40, 0x60, 0x3E, 0x07, 0x07,
    0x60, 0xF0, 0x77, 0x0F, 0x07, 0x70, 0xF8, 0x67, 0x0F, 0x8E, 0x31, 0xD8, 0xE3, 0x9D, 0x8E, 0x39,
    0x9C, 0xC1, 0x99, 0xDC, 0x1B, 0x8D, 0xC1, 0xF8, 0xF8, 0x1F, 0x0F, 0x80, 0xF0, 0x78, 0x0F, 0x07,
    0x80, 0xE0, 0x70, 0x01, 0xC0, 0x01, 0xF0, 0x01, 0xDC, 0x00, 0x00, 0x06, 0x1C, 0x33, 0x0E, 0x19,
    0xC7, 0x1C, 0xE7, 0xCE, 0x33, 0xE7, 0x19, 0xB3, 0x0E, 0xDB, 0x87, 0xEF, 0xC1, 0xE3, 0xC0, 0xF1,
    0xE0, 0x78, 0xF0, 0x1C, 0x30, 0x07, 0x80, 0x1F, 0x00, 0xCC, 0x00, 0x00, 0x60, 0x09, 0xC0, 0x77,
    0x03, 0x8E, 0x1C, 0x38, 0x70, 0x73, 0x80, 0xEE, 0x03, 0xF0, 0x07, 0x80, 0x0E, 0x00, 0x30, 0x00,
    0xC0, 0x03, 0x00, 0x0C, 0x00, 0x30, 0x00, 0xC0, 0x0F, 0x01, 0xF0, 0x3B, 0x80, 0x00, 0xE0, 0x6E,
    0x0E, 0x70, 0xE7, 0x0C, 0x31, 0xC3, 0x9C, 0x39, 0x81, 0xB8, 0x1F, 0x80, 0xF0, 0x0F, 0x00, 0xE0,
    0x0E, 0x00, 0xE0, 0x3C, 0x07, 0xC0, 0x30, 0x00, 0x0C, 0xC0, 0x73, 0x80, 0xCC, 0x00, 0x00, 0x60,
    0x09, 0xC0, 0x77, 0x03, 0x8E, 0x1C, 0x38, 0x70, 0x73, 0x80, 0xEE, 0x03, 0xF0, 0x07, 0x80, 0x0E,
    0x00, 0x30, 0x00, 0xC0, 0x03, 0x00, 0x0C, 0x00, 0x30, 0x00, 0xC0, 0x03, 0x00, 0xE0, 0x18, 0x02,
    0x07, 0xFD, 0xFF, 0xFF, 0xF8, 0x0E, 0x01, 0xC0, 0x70, 0x1C, 0x03, 0x80, 0xE0, 0x38, 0x07, 0x01,
    0xC0, 0x70, 0x0E, 0x03, 0xFF, 0xFF, 0xF0, 0x06, 0x03, 0x80, 0xC0, 0x20, 0xFF, 0xBF, 0xEF, 0xF8,
    0x1C, 0x07, 0x03, 0x81, 0xC0, 0xE0, 0x78, 0x1C, 0x0F, 0xFF, 0xFF, 0x0E, 0x01, 0xC0, 0x38, 0x00,
    0x07, 0xFD, 0xFF, 0xFF, 0xF8, 0x0E, 0x01, 0xC0, 0x70, 0x1C, 0x03, 0x80, 0xE0, 0x38, 0x07, 0x01,
    0xC0, 0x70, 0x0E, 0x03, 0xFF, 0xFF, 0xF0, 0x1C, 0x07, 0x01, 0xC0, 0x00, 0xFF, 0xBF, 0xEF, 0xF8,
    0x1C, 0x07, 0x03, 0x81, 0xC0, 0xE0, 0x78, 0x1C, 0x0F, 0xFF, 0xFF, 0x3B, 0x83, 0xE0, 0x38, 0x00,
    0x07, 0xFD, 0xFF, 0xFF, 0xF8, 0x0E, 0x01, 0xC0, 0x70, 0x1C, 0x03, 0x80, 0xE0, 0x38, 0x07, 0x01,
    0xC0, 0x70, 0x0E, 0x03, 0xFF, 0xFF, 0xF0, 0x77, 0x0F, 0x81, 0xC0, 0x00, 0xFF, 0xBF, 0xEF, 0xF8,
    0x1C, 0x07, 0x03, 0x81, 0xC0, 0xE0, 0x78, 0x1C, 0x0F, 0xFF, 0xFF, 0x3D, 0xFE, 0x38, 0xE3, 0x8E,
    0x38, 0xE3, 0x8E, 0x38, 0xE3, 0x8E, 0x38, 0x00, 0x0C, 0x00, 0x30, 0x7F, 0xC7, 0xFF, 0x3F, 0xF9,
    0xE1, 0xE7, 0x03, 0xB8, 0x07, 0xE0, 0x1F, 0x80, 0x7E, 0x01, 0xF8, 0x07, 0xE0, 0x1F, 0x80, 0x77,
    0x03, 0x9E, 0x1E, 0x3F, 0xF0, 0x7F, 0x80, 0x30, 0x00, 0x00, 0x60, 0x0C, 0x7F, 0x9F, 0xF7, 0xFD,
    0xC3, 0xB8, 0x3E, 0x07, 0xC0, 0xF8, 0x1F, 0x83, 0x70, 0xE7, 0xFC, 0x7F, 0x03, 0x00, 0x00, 0x06,
    0x00, 0x1D, 0x00, 0x7F, 0x01, 0xFE, 0x03, 0xDC, 0x07, 0x38, 0x0E, 0x70, 0x1C, 0xE0, 0x39, 0xC0,
    0x73, 0x80, 0xE7, 0x01, 0xCE, 0x03, 0x8C, 0x07, 0x1C, 0x0E, 0x3C, 0x38, 0x3F, 0xF0, 0x3F, 0xC0,
    0x0C, 0x00, 0x00, 0x70, 0x07, 0xE0, 0xFE, 0x1E, 0xE1, 0xCE, 0x1C, 0xE1, 0xCE, 0x1C, 0xE1, 0xCE,
    0x1C, 0xE1, 0xCE, 0x1C, 0x7F, 0xC3, 0xEC, 0x00, 0x00, 0x7C, 0x00, 0xEE, 0x7F, 0xE0, 0x3E, 0x3F,
    0xF8, 0x0E, 0x1C, 0x1E, 0x00, 0x0E, 0x07, 0x1F, 0xF7, 0x01, 0xCF, 0xFB, 0x80, 0xE7, 0xFD, 0xC0,
    0x70, 0x1C, 0xE0, 0x18, 0x0E, 0x70, 0x1C, 0x0E, 0x38, 0x0E, 0x0E, 0x1C, 0x07, 0x0E, 0x0E, 0x07,
    0x07, 0x07, 0x07, 0x87, 0x03, 0xFF, 0x87, 0xFF, 0xFF, 0x03, 0xFF, 0x00, 0x43, 0xB8, 0x03, 0x87,
    0xC0, 0x0E, 0x0E, 0x00, 0x38, 0x00, 0x1E, 0xE7, 0xFC, 0xFF, 0x9F, 0xF7, 0xFE, 0x7F, 0xF8, 0x78,
    0x0E, 0xE0, 0xE0, 0x73, 0x03, 0x81, 0xCC, 0x0E, 0x0E, 0x30, 0x38, 0x70, 0xE0, 0xE3, 0x83, 0x87,
    0x9E, 0x07, 0xFE, 0x7F, 0xCF, 0xF9, 0xFF, 0x0C, 0x00, 0x00, 0x40, 0x00, 0x1F, 0x00, 0x00, 0xF8,
    0x00, 0x07, 0xC0, 0x00, 0x3E, 0x00, 0x01, 0xF0, 0x00, 0x0F, 0x80, 0x00, 0x7C, 0x00, 0x03, 0xE0,
    0x00, 0x1F, 0x00, 0x00, 0xF8, 0x02, 0x07, 0xC0, 0x38, 0x3E, 0x01, 0xC3, 0xF0, 0x07, 0x1F, 0xFF,
    0x3F, 0xDF, 0xF8, 0xFE, 0x00, 0x01, 0x80, 0x40, 0x0D, 0xC0, 0x1F, 0x80, 0x3F, 0x00, 0x0E, 0x00,
    0xDC, 0x01, 0xF8, 0x03, 0xF0, 0x07, 0xE0, 0x0F, 0xC0, 0x1F, 0x80, 0x3F, 0x00, 0x7E, 0x00, 0xFC,
    0x01, 0xFF, 0xF3, 0xFF, 0xE7, 0x00, 0x0E, 0x00, 0x1C, 0x00, 0xF0, 0x01, 0xE0, 0x01, 0x00, 0x47,
    0xE7, 0xE7, 0xE0, 0xE7, 0xE7, 0xE7, 0xE7, 0xE7, 0xE7, 0xE7, 0xE7, 0xE7, 0xE7, 0xE7, 0xE7, 0x07,
    0x07, 0x0F, 0x1E, 0x08, 0x60, 0x18, 0x01, 0x78, 0x0C, 0x01, 0xFE, 0x06, 0x00, 0xFF, 0x03, 0x00,
    0x7F, 0xC1, 0x80, 0x3F, 0x60, 0xC0, 0x1F, 0xB8, 0x60, 0x0F, 0xCE, 0x30, 0x07, 0xE7, 0x18, 0x03,
    0xF1, 0xCC, 0x01, 0xF8, 0x76, 0x20, 0xFC, 0x3B, 0x38, 0x7E, 0x0F, 0x9C, 0x3F, 0x03, 0xC7, 0x1F,
    0x81, 0xE3, 0xFD, 0xC0, 0x70, 0xFC, 0x00, 0x00, 0x18, 0x00, 0x60, 0x18, 0xDE, 0x03, 0x1F, 0xE0,
    0x63, 0x7C, 0x0C, 0x0F, 0xC1, 0x8D, 0xD8, 0x31, 0xFB, 0x86, 0x3F, 0x38, 0xC7, 0xE7, 0x18, 0xFC,
    0x73, 0x1F, 0x87, 0x63, 0xF0, 0xEC, 0x7E, 0x0F, 0x8F, 0xC0, 0xF1, 0xF8, 0x1E, 0x3F, 0x01, 0xC7,
    0x00, 0x00, 0xC0, 0x00, 0x18, 0x00, 0x0F, 0x00, 0x01, 0xE0, 0x00, 0x30, 0x00, 0x06, 0x00, 0x0E,
    0x00, 0x06, 0x00, 0x00, 0xEF, 0x06, 0xFF, 0x86, 0xFF, 0xC6, 0xE1, 0xC6, 0xE1, 0xC6, 0xE1, 0xC6,
    0xE1, 0xC6, 0xE1, 0xC6, 0xE1, 0xC6, 0xE1, 0xC6, 0xE1, 0xC6, 0xE1, 0xC6, 0x00, 0x06, 0x00, 0x0E,
    0x00, 0x1E, 0x00, 0x1C, 0x00, 0x10, 0x0C, 0xE0, 0x1F, 0x00, 0x78, 0x00, 0x00, 0x03, 0x00, 0x1E,
    0x00, 0x78, 0x01, 0xF0, 0x0F, 0xC0, 0x3B, 0x00, 0xCE, 0x07, 0x38, 0x1C, 0x60, 0x61, 0xC3, 0xFF,
    0x0F, 0xFE, 0x70, 0x39, 0xC0, 0x66, 0x01, 0xF8, 0x07, 0x3B, 0x83, 0xE0, 0x38, 0x00, 0x00, 0xF0,
    0x7F, 0x1F, 0xF3, 0x86, 0x00, 0xC3, 0xF9, 0xFF, 0x3C, 0x66, 0x0C, 0xC3, 0x9F, 0xF1, 0xFE, 0x0C,
    0x00, 0xE6, 0x7C, 0x3C, 0x00, 0x10, 0x38, 0x38, 0x38, 0x38, 0x38, 0x38, 0x38, 0x38, 0x38, 0x38,
    0x38, 0x38, 0x38, 0x38, 0x38, 0xEE, 0xF8, 0xE0, 0x03, 0x87, 0x0E, 0x1C, 0x38, 0x70, 0xE1, 0xC3,
    0x87, 0x0E, 0x1C, 0x0C, 0xC0, 0x3F, 0x00, 0x78, 0x00, 0x00, 0x07, 0x80, 0x7F, 0x83, 0xFF, 0x1E,
    0x1E, 0x70, 0x3B, 0x80, 0x7E, 0x01, 0xF8, 0x07, 0xE0, 0x1F, 0x80, 0x7E, 0x01, 0xF8, 0x07, 0x70,
    0x39, 0xE1, 0xE3, 0xFF, 0x07, 0xF8, 0x03, 0x00, 0x3B, 0x83, 0xE0, 0x78, 0x00, 0x01, 0xE0, 0x7F,
    0x1F, 0xF7, 0x0E, 0xE0, 0xF8, 0x1F, 0x03, 0xE0, 0x7E, 0x0D, 0xC3, 0x9F, 0xF1, 0xFC, 0x0C, 0x00,
    0x1D, 0xC0, 0x7C, 0x01, 0xE0, 0x00, 0x04, 0x01, 0x70, 0x1F, 0x80, 0xFC, 0x07, 0xE0, 0x3F, 0x01,
    0xF8, 0x0F, 0xC0, 0x7E, 0x03, 0xF0, 0x1F, 0x80, 0xEC, 0x07, 0x70, 0x3B, 0xC3, 0x8F, 0xFC, 0x3F,
    0xC0, 0x30, 0x00, 0x33, 0x87, 0xC1, 0xE0, 0x00, 0xE0, 0xF8, 0x7E, 0x1F, 0x87, 0xE1, 0xF8, 0x7E,
    0x1F, 0x87, 0xE1, 0xF8, 0x77, 0xFC, 0xFB, 0x00, 0x00, 0x00, 0x00, 0x7E, 0x03, 0xE0, 0x11, 0x81,
    0xDC, 0x0E, 0x60, 0x00, 0x08, 0x02, 0xE0, 0x3F, 0x01, 0xF8, 0x0F, 0xC0, 0x7E, 0x03, 0xF0, 0x1F,
    0x80, 0xFC, 0x07, 0xE0, 0x3F, 0x01, 0xD8, 0x0E, 0xE0, 0x77, 0x87, 0x1F, 0xF8, 0x7F, 0x80, 0x60,
    0x00, 0x0F, 0xC1, 0xF0, 0xC4, 0x3B, 0x8C, 0xE0, 0x03, 0x83, 0xE1, 0xF8, 0x7E, 0x1F, 0x87, 0xE1,
    0xF8, 0x7E, 0x1F, 0x87, 0xE1, 0xDF, 0xF3, 0xEC, 0x00, 0x01, 0x80, 0x0C, 0x00, 0xE0, 0x06, 0x00,
    0x8C, 0x0E, 0xE0, 0x73, 0x00, 0x00, 0x40, 0x17, 0x01, 0xF8, 0x0F, 0xC0, 0x7E, 0x03, 0xF0, 0x1F,
    0x80, 0xFC, 0x07, 0xE0, 0x3F, 0x01, 0xF8, 0x0E, 0xC0, 0x77, 0x03, 0xBC, 0x38, 0xFF, 0xC3, 0xFC,
    0x03, 0x00, 0x03, 0x01, 0xC0, 0x60, 0x30, 0x31, 0x0E, 0xE3, 0x38, 0x00, 0xE0, 0xF8, 0x7E, 0x1F,
    0x87, 0xE1, 0xF8, 0x7E, 0x1F, 0x87, 0xE1, 0xF8, 0x77, 0xFC, 0xFB, 0x00, 0x00, 0x08, 0xC0, 0x6E,
    0x01, 0xE0, 0x0E, 0x00, 0x8C, 0x0E, 0xE0, 0x73, 0x00, 0x00, 0x40, 0x17, 0x01, 0xF8, 0x0F, 0xC0,
    0x7E, 0x03, 0xF0, 0x1F, 0x80, 0xFC, 0x07, 0xE0, 0x3F, 0x01, 0xF8, 0x0E, 0xC0, 0x77, 0x03, 0xBC,
    0x38, 0xFF, 0xC3, 0xFC, 0x03, 0x00, 0x31, 0x0E, 0xC1, 0xF0, 0x38, 0x31, 0x0E, 0xE3, 0x38, 0x00,
    0xE0, 0xF8, 0x7E, 0x1F, 0x87, 0xE1, 0xF8, 0x7E, 0x1F, 0x87, 0xE1, 0xF8, 0x77, 0xFC, 0xFB, 0x00,
    0x00, 0x0C, 0x00, 0x70, 0x01, 0x80, 0x0E, 0x00, 0x8C, 0x0E, 0xE0, 0x73, 0x00, 0x00, 0x40, 0x17,
    0x01, 0xF8, 0x0F, 0xC0, 0x7E, 0x03, 0xF0, 0x1F, 0x80, 0xFC, 0x07, 0xE0, 0x3F, 0x01, 0xF8, 0x0E,
    0xC0, 0x77, 0x03, 0xBC, 0x38, 0xFF, 0xC3, 0xFC, 0x03, 0x00, 0x10, 0x0E, 0x01, 0xC0, 0x30, 0x31,
    0x0E, 0xE3, 0x38, 0x00, 0xE0, 0xF8, 0x7E, 0x1F, 0x87, 0xE1, 0xF8, 0x7E, 0x1F, 0x87, 0xE1, 0xF8,
    0x77, 0xFC, 0xFB, 0x00, 0x00, 0x3E, 0x0F, 0xF3, 0xCE, 0x70, 0xE0, 0x0D, 0xFF, 0xBF, 0xF7, 0xFE,
    0xE0, 0xDC, 0x39, 0xFE, 0x1F, 0x80, 0x00, 0x00, 0x00, 0x3F, 0x00, 0x7C, 0x03, 0x10, 0x0E, 0xE0,
    0x33, 0x80, 0x00, 0x00, 0xC0, 0x07, 0x80, 0x1E, 0x00, 0x7C, 0x03, 0xF0, 0x0E, 0xC0, 0x33, 0x81,
    0xCE, 0x07, 0x18, 0x18, 0x70, 0xFF, 0xC3, 0xFF, 0x9C, 0x0E, 0x70, 0x19, 0x80, 0x7E, 0x01, 0xC0,
    0x00, 0x07, 0xF0, 0x7C, 0x08, 0xC3, 0xB8, 0x77, 0x00, 0x00, 0x78, 0x3F, 0x8F, 0xF9, 0xC3, 0x00,
    0x61, 0xFC, 0xFF, 0x9E, 0x33, 0x06, 0x61, 0xCF, 0xF8, 0xFF, 0x06, 0x00, 0x00, 0x00, 0x3F, 0x00,
    0x7C, 0x00, 0xC0, 0x03, 0x80, 0x0E, 0x00, 0x00, 0x00, 0xC0, 0x07, 0x80, 0x1E, 0x00, 0x7C, 0x03,
    0xF0, 0x0E, 0xC0, 0x33, 0x81, 0xCE, 0x07, 0x18, 0x18, 0x70, 0xFF, 0xC3, 0xFF, 0x9C, 0x0E, 0x70,
    0x19, 0x80, 0x7E, 0x01, 0xC0, 0x00, 0x07, 0xF0, 0x7C, 0x02, 0x00, 0xE0, 0x1C, 0x00, 0x00, 0x78,
    0x3F, 0x8F, 0xF9, 0xC3, 0x00, 0x61, 0xFC, 0xFF, 0x9E, 0x33, 0x06, 0x61, 0xCF, 0xF8, 0xFF, 0x06,
    0x00, 0x00, 0x1F, 0x00, 0x03, 0xF8, 0x00, 0x1F, 0x00, 0x00, 0x00, 0x00, 0xFF, 0xE0, 0x1F, 0xFF,
    0x01, 0xBF, 0xE0, 0x3B, 0x00, 0x03, 0x30, 0x00, 0x73, 0x00, 0x06, 0x30, 0x00, 0xE3, 0xFE, 0x0E,
    0x3F, 0xE1, 0xC3, 0xFE, 0x1F, 0xF0, 0x03, 0xFF, 0x00, 0x38, 0x30, 0x07, 0x03, 0x00, 0x70, 0x3F,
    0xFE, 0x03, 0xFF, 0x01, 0xF0, 0x00, 0x7F, 0x00, 0x07, 0xC0, 0x00, 0x00, 0x00, 0xF1, 0xE0, 0x7F,
    0x7F, 0x1F, 0xFF, 0xF3, 0x87, 0x0E, 0x00, 0xC0, 0xC3, 0xFF, 0xF9, 0xFF, 0xFF, 0x3C, 0x60, 0x06,
    0x0E, 0x00, 0xC3, 0xC3, 0x9F, 0xFF, 0xF1, 0xF9, 0xFC, 0x0C, 0x0C, 0x00, 0x07, 0x80, 0x7F, 0x83,
    0xFF, 0x1E, 0x1E, 0x70, 0x3B, 0x80, 0x6E, 0x00, 0x38, 0x00, 0xE1, 0xFF, 0x87, 0xFE, 0x01, 0xF8,
    0x7F, 0x71, 0xFD, 0xE1, 0xE3, 0xFF, 0x07, 0xF8, 0x03, 0x00, 0x1E, 0xC1, 0xFF, 0x1F, 0xF9, 0xC3,
    0xCE, 0x0E, 0x61, 0xFF, 0x0F, 0xF8, 0x1C, 0xE1, 0xE7, 0x8F, 0x1F, 0xF8, 0x7D, 0xC0, 0x0E, 0x30,
    0x63, 0xFF, 0x0F, 0xF0, 0x1E, 0x00, 0x0C, 0xC0, 0x3F, 0x00, 0x78, 0x00, 0x00, 0x07, 0x80, 0x7F,
    0x83, 0xFF, 0x1E, 0x1E, 0x70, 0x3B, 0x80, 0x6E, 0x00, 0x38, 0x00, 0xE1, 0xFF, 0x87, 0xFE, 0x01,
    0xF8, 0x06, 0x70, 0x39, 0xE1, 0xE3, 0xFF, 0x07, 0xF8, 0x03, 0x00, 0x33, 0x83, 0xE0, 0x78, 0x00,
    0x01, 0xEC, 0x7F, 0xDF, 0xFF, 0x0F, 0xE0, 0xF8, 0x1F, 0x03, 0xE0, 0x7E, 0x1F, 0xE3, 0xDF, 0xF9,
    0xF7, 0x00, 0xEC, 0x1B, 0xFF, 0x3F, 0xC1, 0xE0, 0x19, 0xC0, 0x7C, 0x03, 0xC0, 0x00, 0x04, 0x03,
    0x70, 0x3B, 0x83, 0x9C, 0x38, 0xE3, 0x87, 0x3C, 0x3B, 0xC1, 0xFC, 0x0F, 0xF0, 0x7F, 0x83, 0xCE,
    0x1C, 0x78, 0xE1, 0xC7, 0x07, 0x38, 0x1D, 0xC0, 0xE0, 0xEE, 0x03, 0xE0, 0x0E, 0x00, 0x00, 0x01,
    0x00, 0x1C, 0x00, 0xE0, 0x07, 0x00, 0x38, 0x71, 0xC7, 0x0E, 0x70, 0x77, 0x03, 0xF8, 0x1F, 0x80,
    0xFC, 0x07, 0x70, 0x39, 0xC1, 0xCF, 0x0E, 0x38, 0x70, 0xE0, 0x07, 0x80, 0x7F, 0x83, 0xFF, 0x1E,
    0x1E, 0x70, 0x3B, 0x80, 0x7E, 0x01, 0xF8, 0x07, 0xE0, 0x1F, 0x80, 0x7E, 0x01, 0xF8, 0x07, 0x70,
    0x39, 0xE1, 0xE3, 0xFF, 0x07, 0xF8, 0x03, 0x80, 0x1C, 0x00, 0x78, 0x01, 0xF0, 0x03, 0x80, 0x1E,
    0x07, 0xF1, 0xFF, 0x70, 0xEE, 0x0F, 0x81, 0xF0, 0x3E, 0x07, 0xE0, 0xFC, 0x39, 0xFF, 0x1F, 0xC0,
    0xE0, 0x38, 0x07, 0x80, 0xF8, 0x06, 0x00, 0x0F, 0x80, 0x3F, 0x00, 0xFC, 0x00, 0x00, 0x07, 0x80,
    0x7F, 0x83, 0xFF, 0x1E, 0x1E, 0x70, 0x3B, 0x80, 0x7E, 0x01, 0xF8, 0x07, 0xE0, 0x1F, 0x80, 0x7E,
    0x01, 0xF8, 0x07, 0x70, 0x39, 0xE1, 0xE3, 0xFF, 0x07, 0xF8, 0x03, 0x80, 0x1C, 0x00, 0x78, 0x01,
    0xF0, 0x03, 0x80, 0x1F, 0x07, 0xE0, 0xFC, 0x00, 0x01, 0xE0, 0x7F, 0x1F, 0xF7, 0x0E, 0xE0, 0xF8,
    0x1F, 0x03, 0xE0, 0x7E, 0x0F, 0xC3, 0x9F, 0xF1, 0xFC, 0x0E, 0x03, 0x80, 0x78, 0x0F, 0x80, 0x60,
    0x19, 0x80, 0xFC, 0x03, 0xC0, 0x00, 0x07, 0xFE, 0x7F, 0xF9, 0xFF, 0xC0, 0x1C, 0x01, 0xC0, 0x1C,
    0x01, 0xC0, 0x1C, 0x00, 0xF8, 0x07, 0xF0, 0x03, 0x80, 0x0E, 0x00, 0x70, 0x01, 0x80, 0x0D, 0x80,
    0x6E, 0x07, 0x70, 0x79, 0xFF, 0x87, 0xF8, 0x0F, 0x00, 0x3B, 0x83, 0xE0, 0x38, 0x00, 0x07, 0xFC,
    0xFF, 0x9F, 0xF0, 0x1C, 0x03, 0x80, 0xE0, 0x38, 0x0F, 0x81, 0xFC, 0x03, 0x80, 0x38, 0x07, 0xE0,
    0xFC, 0x1D, 0xFF, 0x1F, 0xC0, 0x40, 0xEE, 0xF8, 0xE0, 0x03, 0x87, 0x0E, 0x1C, 0x38, 0x70, 0xE1,
    0xC3, 0x87, 0x0E, 0x1C, 0x38, 0x71, 0xC7, 0x84, 0x00, 0x7C, 0x00, 0xFF, 0xFF, 0xF0, 0x7F, 0xFF,
    0xFE, 0x1F, 0xFF, 0x83, 0xC0, 0x0E, 0xE0, 0x70, 0x03, 0xB8, 0x0E, 0x01, 0xCE, 0x03, 0x80, 0xE3,
    0x80, 0xE0, 0x38, 0xE0, 0x18, 0x1C, 0x38, 0x0E, 0x0E, 0x0E, 0x03, 0x83, 0x83, 0x80, 0xE1, 0xC0,
    0xE0, 0x70, 0xE0, 0x38, 0x3C, 0x38, 0x0F, 0xFE, 0x1F, 0xFF, 0xFE, 0x07, 0xFF, 0x7C, 0x00, 0x00,
    0x7F, 0xE0, 0x00, 0x3F, 0xF8, 0x00, 0x1C, 0x1E, 0x00, 0x0E, 0x07, 0x1F, 0xF7, 0x01, 0xCF, 0xFB,
    0x80, 0xE7, 0xFD, 0xC0, 0x70, 0x1C, 0xE0, 0x18, 0x0E, 0x70, 0x1C, 0x0E, 0x38, 0x0E, 0x0E, 0x1C,
    0x07, 0x0E, 0x0E, 0x07, 0x07, 0x07, 0x07, 0x87, 0x03, 0xFF, 0x87, 0xFF, 0xFF, 0x03, 0xFF, 0x00,
    0x40, 0x00, 0x03, 0x80, 0x00, 0x0E, 0x00, 0x00, 0x38, 0x00, 0x1E, 0xE7, 0xFC, 0xFF, 0x9F, 0xF7,
    0xFE, 0x7F, 0xF8, 0x78, 0x0E, 0xE0, 0xE0, 0x73, 0x03, 0x81, 0xCC, 0x0E, 0x0E, 0x30, 0x38, 0x70,
    0xE0, 0xE3, 0x83, 0x87, 0x9E, 0x07, 0xFE, 0x7F, 0xCF, 0xF9, 0xFF, 0x0C, 0x00, 0x00, 0x01, 0xC0,
    0x0E, 0x00, 0x30, 0x00, 0x00, 0x07, 0x80, 0x7F, 0x83, 0xFF, 0x1E, 0x1E, 0x70, 0x3B, 0x80, 0x6E,
    0x00, 0x38, 0x00, 0xE1, 0xFF, 0x87, 0xFE, 0x01, 0xF8, 0x06, 0x70, 0x39, 0xE1, 0xE3, 0xFF, 0x07,
    0xF8, 0x03, 0x00, 0x07, 0x00, 0xC0, 0x38, 0x00, 0x01, 0xEC, 0x7F, 0xDF, 0xFF, 0x0F, 0xE0, 0xF8,
    0x1F, 0x03, 0xE0, 0x7E, 0x1F, 0xE3, 0xDF, 0xF9, 0xF7, 0x00, 0xEC, 0x1B, 0xFF, 0x3F, 0xC1, 0xE0,
    0x40, 0x10, 0x07, 0x01, 0xC0, 0x38, 0x0E, 0x01, 0xC0, 0x70, 0x0E, 0x03, 0x81, 0xF0, 0x1C, 0x1F,
    0x80, 0xE0, 0xFF, 0xFF, 0x07, 0xFF, 0xF8, 0x3F, 0xFF, 0xC1, 0xF8, 0x0E, 0x0F, 0xC0, 0x70, 0x7E,
    0x03, 0x83, 0xF0, 0x0E, 0x1F, 0x80, 0x7F, 0xDC, 0x01, 0xFC, 0x00, 0x01, 0x80, 0xDE, 0x0F, 0xF8,
    0xFF, 0xCE, 0x1E, 0xE0, 0xEE, 0x0E, 0xE0, 0xEE, 0x06, 0xE0, 0xEE, 0x0E, 0xE0, 0xEE, 0x1E, 0xE1,
    0xCE, 0x38, 0xE7, 0x8F, 0xF0, 0xFC, 0x0F, 0x00, 0xE0, 0x0E, 0x00, 0xC0, 0x00, 0x0E, 0x00, 0x30,
    0x01, 0xC0, 0x04, 0x06, 0x01, 0xF8, 0x0F, 0xE0, 0x7F, 0x03, 0xFC, 0x1F, 0x60, 0xFB, 0x87, 0xCE,
    0x3E, 0x71, 0xF1, 0xCF, 0x87, 0x7C, 0x3B, 0xE0, 0xFF, 0x03, 0xF8, 0x1F, 0xC0, 0x70, 0x38, 0x07,
    0x00, 0xC0, 0x10, 0xEF, 0x3F, 0xEF, 0xFF, 0x87, 0xE1, 0xF8, 0x7E, 0x1F, 0x87, 0xE1, 0xF8, 0x7E,
    0x1F, 0x87, 0x00, 0x00, 0x07, 0x00, 0x38, 0x01, 0xE0, 0x0F, 0xC0, 0x33, 0x00, 0xEC, 0x01, 0xF0,
    0x03, 0x00, 0x1E, 0x00, 0x78, 0x01, 0xF0, 0x0F, 0xC0, 0x3B, 0x00, 0xCE, 0x07, 0x38, 0x1C, 0x60,
    0x61, 0xC3, 0xFF, 0x0F, 0xFE, 0x70, 0x39, 0xC0, 0x66, 0x01, 0xF8, 0x07, 0x03, 0x00, 0xE0, 0x18,
    0x0F, 0x81, 0xF8, 0x33, 0x07, 0xC0, 0x78, 0x0F, 0x07, 0xF1, 0xFF, 0x38, 0x60, 0x0C, 0x3F, 0x9F,
    0xF3, 0xC6, 0x60, 0xCC, 0x39, 0xFF, 0x1F, 0xE0, 0xC0, 0x00, 0x03, 0x00, 0x00, 0x70, 0x00, 0x06,
    0x00, 0x00, 0x40, 0x00, 0xFF, 0xE0, 0x1F, 0xFF, 0x01, 0xBF, 0xE0, 0x3B, 0x00, 0x03, 0x30, 0x00,
    0x73, 0x00, 0x06, 0x30, 0x00, 0xE3, 0xFE, 0x0E, 0x3F, 0xE1, 0xC3, 0xFE, 0x1F, 0xF0, 0x03, 0xFF,
    0x00, 0x38, 0x30, 0x07, 0x03, 0x00, 0x70, 0x3F, 0xFE, 0x03, 0xFF, 0x00, 0x30, 0x00, 0x0E, 0x00,
    0x01, 0x80, 0x00, 0x20, 0x00, 0xF1, 0xE0, 0x7F, 0x7F, 0x1F, 0xFF, 0xF3, 0x87, 0x0E, 0x00, 0xC0,
    0xC3, 0xFF, 0xF9, 0xFF, 0xFF, 0x3C, 0x60, 0x06, 0x0E, 0x00, 0xC3, 0xC3, 0x9F, 0xFF, 0xF1, 0xF9,
    0xFC, 0x0C, 0x0C, 0x00, 0x01, 0xC0, 0x06, 0x00, 0x38, 0x00, 0x00, 0x07, 0x90, 0x7F, 0xE3, 0xFF,
    0x1E, 0x1E, 0x70, 0xFB, 0x83, 0x7E, 0x1D, 0xF8, 0xE7, 0xE3, 0x1F, 0x9C, 0x7E, 0xE1, 0xFF, 0x07,
    0x7C, 0x39, 0xE1, 0xE7, 0xFF, 0x1F, 0xF8, 0x23, 0x00, 0x03, 0x80, 0x30, 0x07, 0x00, 0x20, 0x0F,
    0x21, 0xFF, 0x3F, 0xE7, 0x1E, 0x73, 0xF6, 0x37, 0x66, 0x76, 0xE7, 0x7C, 0x67, 0x8E, 0x7F, 0xE7,
    0xFC, 0x46, 0x00, 0x3B, 0x80, 0x76, 0x00, 0xDC, 0x01, 0x20, 0x03, 0x00, 0x1E, 0x00, 0x78, 0x01,
    0xF0, 0x0F, 0xC0, 0x3B, 0x00, 0xCE, 0x07, 0x38, 0x1C, 0x60, 0x61, 0xC3, 0xFF, 0x0F, 0xFE, 0x70,
    0x39, 0xC0, 0x66, 0x01, 0xF8, 0x07, 0x76, 0x06, 0xE0, 0xEC, 0x00, 0x80, 0xF0, 0x7F, 0x1F, 0xF3,
    0x86, 0x00, 0xC3, 0xF9, 0xFF, 0x3C, 0x66, 0x0C, 0xC3, 0x9F, 0xF1, 0xFE, 0x0C, 0x00, 0x00, 0x00,
    0x1F, 0x00, 0xFC, 0x03, 0x38, 0x00, 0x00, 0x0C, 0x00, 0x78, 0x01, 0xE0, 0x07, 0xC0, 0x3F, 0x00,
    0xEC, 0x03, 0x38, 0x1C, 0xE0, 0x71, 0x81, 0x87, 0x0F, 0xFC, 0x3F, 0xF9, 0xC0, 0xE7, 0x01, 0x98,
    0x07, 0xE0, 0x1C, 0x00, 0x03, 0xE0, 0x7E, 0x18, 0xC0, 0x00, 0x1E, 0x0F, 0xE3, 0xFE, 0x70, 0xC0,
    0x18, 0x7F, 0x3F, 0xE7, 0x8C, 0xC1, 0x98, 0x73, 0xFE, 0x3F, 0xC1, 0x80, 0x66, 0x0E, 0xE0, 0xEC,
    0x08, 0x87, 0xFD, 0xFF, 0xBF, 0xF7, 0x00, 0xE0, 0x1C, 0x03, 0x80, 0x7F, 0xEF, 0xFD, 0xFF, 0x38,
    0x07, 0x00, 0xE0, 0x1C, 0x03, 0xFF, 0x7F, 0xF0, 0xEE, 0x0E, 0xC0, 0xDC, 0x09, 0x01, 0xE0, 0x7F,
    0x1F, 0xF7, 0x0E, 0xC0, 0xDF, 0xFB, 0xFF, 0x60, 0x0E, 0x01, 0xC3, 0x9F, 0xF1, 0xFC, 0x0E, 0x00,
    0x00, 0x03, 0xE0, 0xFE, 0x18, 0xC0, 0x00, 0xFF, 0xBF, 0xF7, 0xFE, 0xE0, 0x1C, 0x03, 0x80, 0x70,
    0x0F, 0xFD, 0xFF, 0xBF, 0xE7, 0x00, 0xE0, 0x1C, 0x03, 0x80, 0x7F, 0xEF, 0xFE, 0x00, 0x03, 0xE0,
    0xFC, 0x19, 0xC0, 0x00, 0x3C, 0x0F, 0xE3, 0xFE, 0xE1, 0xD8, 0x1B, 0xFF, 0x7F, 0xEC, 0x01, 0xC0,
    0x38, 0x73, 0xFE, 0x3F, 0x81, 0xC0, 0xEE, 0x6E, 0x76, 0x02, 0x08, 0x1C, 0x1C, 0x1C, 0x1C, 0x1C,
    0x1C, 0x1C, 0x1C, 0x1C, 0x1C, 0x1C, 0x1C, 0x1C, 0x1C, 0x1C, 0x76, 0x77, 0x3B, 0x11, 0x0E, 0x0E,
    0x0E, 0x0E, 0x0E, 0x0E, 0x0E, 0x0E, 0x0E, 0x0E, 0x0E, 0x0E, 0x00, 0xF9, 0xFF, 0x30, 0x02, 0x0E,
    0x1C, 0x38, 0x70, 0xE1, 0xC3, 0x87, 0x0E, 0x1C, 0x38, 0x70, 0xE1, 0xC3, 0x80, 0x00, 0xFB, 0xFE,
    0x30, 0x07, 0x0E, 0x1C, 0x38, 0x70, 0xE1, 0xC3, 0x87, 0x0E, 0x1C, 0x38, 0x3B, 0x80, 0x76, 0x00,
    0xDC, 0x01, 0x20, 0x07, 0x80, 0x7F, 0x83, 0xFF, 0x1E, 0x1E, 0x70, 0x3B, 0x80, 0x7E, 0x01, 0xF8,
    0x07, 0xE0, 0x1F, 0x80, 0x7E, 0x01, 0xF8, 0x07, 0x70, 0x39, 0xE1, 0xE3, 0xFF, 0x07, 0xF8, 0x03,
    0x00, 0x6E, 0x0E, 0xC0, 0xDC, 0x08, 0x01, 0xE0, 0x7F, 0x1F, 0xF7, 0x0E, 0xE0, 0xF8, 0x1F, 0x03,
    0xE0, 0x7E, 0x0D, 0xC3, 0x9F, 0xF1, 0xFC, 0x0C, 0x00, 0x00, 0x00, 0x1E, 0x00, 0xFC, 0x03, 0x30,
    0x00, 0x00, 0x1E, 0x01, 0xFE, 0x0F, 0xFC, 0x78, 0x79, 0xC0, 0xEE, 0x01, 0xF8, 0x07, 0xE0, 0x1F,
    0x80, 0x7E, 0x01, 0xF8, 0x07, 0xE0, 0x1D, 0xC0, 0xE7, 0x87, 0x8F, 0xFC, 0x1F, 0xE0, 0x0C, 0x00,
    0x00, 0x03, 0xE0, 0xFC, 0x18, 0xC0, 0x00, 0x3C, 0x0F, 0xE3, 0xFE, 0xE1, 0xDC, 0x1F, 0x03, 0xE0,
    0x7C, 0x0F, 0xC1, 0xB8, 0x73, 0xFE, 0x3F, 0x81, 0x80, 0x76, 0x03, 0x70, 0x3B, 0x00, 0x10, 0x7C,
    0x0F, 0xFC, 0xFF, 0xEE, 0x0E, 0xE0, 0x6E, 0x07, 0xE0, 0x6E, 0x0E, 0xFF, 0xEF, 0xFC, 0xFF, 0x8E,
    0x1C, 0xE1, 0xCE, 0x0E, 0xE0, 0xEE, 0x07, 0x6E, 0x3B, 0x0D, 0xC2, 0x03, 0xB9, 0xFC, 0xFC, 0x70,
    0x38, 0x1C, 0x0E, 0x07, 0x03, 0x81, 0xC0, 0xE0, 0x70, 0x00, 0x01, 0xF0, 0x1F, 0x83, 0x18, 0x00,
    0x07, 0xC0, 0xFF, 0xCF, 0xFE, 0xE0, 0xEE, 0x06, 0xE0, 0x7E, 0x06, 0xE0, 0xEF, 0xFE, 0xFF, 0xCF,
    0xF8, 0xE1, 0xCE, 0x1C, 0xE0, 0xEE, 0x0E, 0xE0, 0x70, 0x00, 0xFB, 0xF6, 0x30, 0x1D, 0xFF, 0xFE,
    0xE1, 0xC3, 0x87, 0x0E, 0x1C, 0x38, 0x70, 0xE0, 0x3B, 0x80, 0xDC, 0x07, 0x60, 0x01, 0x04, 0x01,
    0x70, 0x1F, 0x80, 0xFC, 0x07, 0xE0, 0x3F, 0x01, 0xF8, 0x0F, 0xC0, 0x7E, 0x03, 0xF0, 0x1F, 0x80,
    0xEC, 0x07, 0x70, 0x3B, 0xC3, 0x8F, 0xFC, 0x3F, 0xC0, 0x30, 0x00, 0xEE, 0x1D, 0x83, 0x70, 0x48,
    0xE0, 0xF8, 0x7E, 0x1F, 0x87, 0xE1, 0xF8, 0x7E, 0x1F, 0x87, 0xE1, 0xF8, 0x77, 0xFC, 0xFB, 0x00,
    0x00, 0x00, 0x00, 0x7C, 0x03, 0xF0, 0x31, 0x80, 0x00, 0x20, 0x0B, 0x80, 0xFC, 0x07, 0xE0, 0x3F,
    0x01, 0xF8, 0x0F, 0xC0, 0x7E, 0x03, 0xF0, 0x1F, 0x80, 0xFC, 0x07, 0x60, 0x3B, 0x81, 0xDE, 0x1C,
    0x7F, 0xE1, 0xFE, 0x01, 0x80, 0x00, 0x07, 0xC3, 0xF0, 0xCE, 0x00, 0x38, 0x3E, 0x1F, 0x87, 0xE1,
    0xF8, 0x7E, 0x1F, 0x87, 0xE1, 0xF8, 0x7E, 0x1D, 0xFF, 0x3E, 0xC0, 0x00, 0x0F, 0x03, 0xFC, 0x7F,
    0xE6, 0x0E, 0xE0, 0x6E, 0x00, 0x70, 0x07, 0xE0, 0x1F, 0xC0, 0x7E, 0x00, 0xE0, 0x07, 0xE0, 0x6E,
    0x0E, 0x7F, 0xE3, 0xFC, 0x0E, 0x00, 0xE0, 0x0E, 0x00, 0xC0, 0x0C, 0x00, 0x00, 0x1E, 0x3F, 0xBD,
    0xFC, 0x3E, 0x03, 0xE0, 0xFC, 0x1F, 0x01, 0xF1, 0xFF, 0xEF, 0xE1, 0xC0, 0xE0, 0x60, 0x30, 0x18,
    0x00, 0x00, 0xFF, 0xEF, 0xFF, 0xFF, 0xF0, 0xE0, 0x0E, 0x00, 0xE0, 0x0E, 0x00, 0xE0, 0x0E, 0x00,
    0xE0, 0x0E, 0x00, 0xE0, 0x0E, 0x00, 0xE0, 0x0E, 0x00, 0xE0, 0x00, 0x00, 0xE0, 0x0E, 0x00, 0xC0,
    0x0C, 0x00, 0x00, 0x00, 0x60, 0xC7, 0xEF, 0xDF, 0x8C, 0x18, 0x30, 0x60, 0xC1, 0x83, 0x07, 0x8F,
    0x80, 0x38, 0x70, 0xC1, 0x80, 0x00, 0x0E, 0x07, 0xF1, 0xFF, 0x70, 0x7E, 0x0E, 0x01, 0xC0, 0x38,
    0x0E, 0x03, 0xC1, 0xF8, 0xFB, 0xBE, 0x76, 0x0E, 0x01, 0xC0, 0x38, 0x0F, 0x03, 0xC1, 0xF1, 0xFC,
    0x3E, 0x06, 0x00, 0x1E, 0x3F, 0xBF, 0xFC, 0x70, 0x38, 0x1C, 0x1C, 0x3F, 0x7F, 0xB9, 0xC0, 0xE0,
    0x70, 0x38, 0x79, 0xF8, 0xF8, 0x60, 0x00, 0x1D, 0xC0, 0x7C, 0x01, 0xC0, 0x00, 0x04, 0x01, 0x70,
    0x1F, 0x80, 0xFC, 0x07, 0xE0, 0x3F, 0x01, 0xF8, 0x0F, 0xFF, 0xFF, 0xFF, 0xF0, 0x1F, 0x80, 0xFC,
    0x07, 0xE0, 0x3F, 0x01, 0xF8, 0x0F, 0xC0, 0x70, 0xEE, 0x07, 0xC0, 0x38, 0x00, 0x00, 0x10, 0x03,
    0x80, 0x38, 0x03, 0x80, 0x3B, 0xC3, 0xFE, 0x3F, 0xF3, 0x87, 0x38, 0x73, 0x87, 0x38, 0x73, 0x87,
    0x38, 0x73, 0x87, 0x38, 0x73, 0x87, 0xE7, 0x31, 0x33, 0x98, 0x80, 0x38, 0xFB, 0xB8, 0x65, 0xFB,
    0x70, 0xFB, 0xFF, 0xC0, 0xCF, 0xF7, 0x80, 0xFF, 0x80, 0x66, 0xF7, 0x67, 0xEE, 0x64, 0x11, 0xEF,
    0xF3, 0xFD, 0xE0, 0xEE, 0xF8, 0xE0, 0xEE, 0x76, 0x37, 0x12, 0x66, 0x6E, 0xEE, 0xC0, 0x66, 0x6E,
    0xEE, 0xC0, 0x66, 0xEE, 0xC0, 0xFF, 0x80, 0x6F, 0xFC, 0x43, 0x1C, 0x6F, 0x30, 0x01, 0xC6, 0x1E,
    0x78, 0xE0, 0xEE, 0xF8, 0xE0, 0x01, 0x80, 0xC0, 0xE0, 0x60, 0x70, 0x30, 0x38, 0x18, 0x1C, 0x0C,
    0x0E, 0x06, 0x07, 0x03, 0x01, 0x80, 0x00, 0x30, 0x06, 0x00, 0x60, 0x0C, 0x01, 0x80, 0x18, 0x03,
    0x00, 0x70, 0x06, 0x00, 0xC0, 0x0C, 0x01, 0x80, 0x30, 0x03, 0x00, 0x60, 0x06, 0x00, 0xC0, 0x00,
    0x65, 0xFB, 0x70, 0x66, 0xEC, 0x00, 0xFF, 0xFF, 0xE3, 0xE3, 0xC3, 0xFF, 0xFD, 0xFF, 0xF7, 0xC0,
    0xDE, 0xF7, 0xBD, 0x80, 0xFF, 0xCE, 0x71, 0x00, 0x00, 0x6F, 0xFF, 0xFE, 0xF0, 0x00, 0x0E, 0x07,
    0x07, 0x67, 0xF3, 0x78, 0x70, 0x38, 0x08, 0x00, 0x7F, 0xFF, 0x7B, 0xFF, 0x44, 0x33, 0x1F, 0xE7,
    0xF8, 0xCE, 0x33, 0x00, 0x00, 0xC7, 0xBF, 0x30, 0xC0, 0xC0, 0x78, 0x3F, 0x83, 0xE0, 0xFB, 0xFB,
    0xE1, 0xC0, 0x2F, 0x76, 0x18, 0x7E, 0x7E, 0x66, 0x1C, 0x18, 0x00, 0x4B, 0xE7, 0x9E, 0xF8, 0x20,
    0x00, 0xFF, 0xBC, 0x3C, 0x30, 0x03, 0xC7, 0xCF, 0xFB, 0x00, 0x00, 0x8F, 0x1C, 0x7D, 0xC3, 0xDE,
    0xFB, 0x64, 0x32, 0x0E, 0x73, 0xEE, 0xFF, 0x80, 0x10, 0xC7, 0x8E, 0x78, 0x00, 0x66, 0x7F, 0xB6,
    0x5F, 0xE7, 0xF0, 0x63, 0x3C, 0xE3, 0x00, 0x40, 0x02, 0x70, 0x0E, 0x3F, 0xFC, 0x0F, 0xF0, 0x40,
    0x02, 0x70, 0x0E, 0x3F, 0xFC, 0x0F, 0xF0, 0x7F, 0xF9, 0xFF, 0xE7, 0xFF, 0x80, 0x7F, 0xF9, 0xFF,
    0xE7, 0xFF, 0x80, 0x3E, 0x00, 0x37, 0xFF, 0xFF, 0xFF, 0xFF, 0xE4, 0x00, 0x08, 0x00, 0x00, 0x1F,
    0xF8, 0x3F, 0xFC, 0x70, 0x0E, 0x00, 0x0E, 0x00, 0x03, 0x9F, 0xFF, 0xE0, 0x00, 0xE0, 0x00, 0xC0,
    0x79, 0xF3, 0xDF, 0xFD, 0xF0, 0x79, 0xFF, 0xFF, 0x7D, 0xF0, 0xDB, 0x6D, 0xB6, 0x79, 0xFC, 0xF3,
    0x7D, 0xE0, 0xEF, 0xBE, 0xFB, 0x7D, 0xF0, 0x79, 0xFC, 0x30, 0x7D, 0xE0, 0x0C, 0x30, 0xDF, 0xFF,
    0x3C, 0xFF, 0x7C, 0x43, 0x8E, 0x3E, 0xFF, 0xBE, 0xFB, 0x6C, 0xFF, 0x7F, 0xF6, 0x7B, 0x3D, 0x9E,
    0xCC, 0x7F, 0xEE, 0xE6, 0x66, 0xF7, 0x66, 0x77, 0xED, 0xB7, 0x9E, 0x38, 0xC0, 0xD9, 0xE7, 0x1C,
    0x7B, 0x70, 0x18, 0x03, 0x80, 0x30, 0x02, 0x07, 0xFD, 0xFF, 0xBF, 0xF7, 0x00, 0xE0, 0x1C, 0x03,
    0x80, 0x7F, 0xEF, 0xFD, 0xFF, 0x38, 0x07, 0x00, 0xE0, 0x1C, 0x03, 0xFF, 0x7F, 0xF0, 0x31, 0x87,
    0x70, 0xEE, 0x00, 0x07, 0xFD, 0xFF, 0xBF, 0xF7, 0x00, 0xE0, 0x1C, 0x03, 0x80, 0x7F, 0xEF, 0xFD,
    0xFF, 0x38, 0x07, 0x00, 0xE0, 0x1C, 0x03, 0xFF, 0x7F, 0xF0, 0xFF, 0xE0, 0xFF, 0xF0, 0xFF, 0xF0,
    0x0E, 0x00, 0x0E, 0x00, 0x0E, 0x00, 0x0E, 0x70, 0x0F, 0xFC, 0x0F, 0xFE, 0x0F, 0x0E, 0x0E, 0x07,
    0x0E, 0x07, 0x0E, 0x07, 0x0E, 0x07, 0x0E, 0x1E, 0x0E, 0x7C, 0x00, 0x78, 0x03, 0x00, 0xE0, 0x18,
    0x02, 0x07, 0xFD, 0xFF, 0xBF, 0xF7, 0x00, 0xE0, 0x1C, 0x03, 0x80, 0x70, 0x0E, 0x01, 0xC0, 0x38,
    0x07, 0x00, 0xE0, 0x1C, 0x03, 0x80, 0x70, 0x00, 0x07, 0x80, 0x7F, 0x83, 0xFF, 0x1E, 0x1E, 0x70,
    0x3B, 0x80, 0x6E, 0x00, 0x3F, 0xE0, 0xFF, 0x83, 0x80, 0x0E, 0x00, 0x38, 0x06, 0x70, 0x39, 0xE1,
    0xE3, 0xFF, 0x07, 0xF8, 0x03, 0x00, 0x0F, 0x03, 0xFC, 0x7F, 0xE6, 0x0E, 0xE0, 0x6E, 0x00, 0x70,
    0x07, 0xE0, 0x1F, 0xC0, 0x7E, 0x00, 0xE0, 0x07, 0xE0, 0x6E, 0x0E, 0x7F, 0xE3, 0xFC, 0x0E, 0x00,
    0x5F, 0xFF, 0xFF, 0xFF, 0xFF, 0xFF, 0x66, 0xEE, 0xE6, 0x00, 0x10, 0x38, 0x38, 0x38, 0x38, 0x38,
    0x38, 0x38, 0x38, 0x38, 0x38, 0x38, 0x38, 0x38, 0x38, 0x38, 0x01, 0x80, 0x60, 0x18, 0x06, 0x01,
    0x80, 0x60, 0x18, 0x06, 0x01, 0x80, 0x6C, 0x1B, 0x06, 0xC1, 0xB8, 0xEF, 0xF9, 0xFC, 0x08, 0x00,
    0x0F, 0xF0, 0x00, 0x7F, 0xE0, 0x01, 0xFF, 0x80, 0x06, 0x0E, 0x00, 0x18, 0x38, 0x00, 0x60, 0xE0,
    0x01, 0x83, 0xF8, 0x0E, 0x0F, 0xFC, 0x38, 0x3F, 0xF8, 0xE0, 0xE0, 0xE3, 0x83, 0x81, 0x8E, 0x0E,
    0x06, 0x38, 0x38, 0x18, 0xC0, 0xE0, 0xEF, 0x03, 0xFF, 0x38, 0x0F, 0xF8, 0x40, 0x10, 0x03, 0x80,
    0xE0, 0x0E, 0x03, 0x80, 0x38, 0x0E, 0x00, 0xE0, 0x38, 0x03, 0x80, 0xE0, 0x0E, 0x03, 0xF8, 0x3F,
    0xFF, 0xFC, 0xFF, 0xFF, 0xFB, 0x80, 0xE0, 0xEE, 0x03, 0x81, 0xF8, 0x0E, 0x07, 0xE0, 0x38, 0x1F,
    0x80, 0xE0, 0xEE, 0x03, 0xFF, 0xB8, 0x0F, 0xFC, 0xFF, 0xF0, 0xFF, 0xF8, 0xFF, 0xF0, 0x0E, 0x00,
    0x0E, 0x00, 0x0E, 0x00, 0x0E, 0x70, 0x0F, 0xFE, 0x0F, 0xFE, 0x0F, 0x07, 0x0E, 0x07, 0x0E, 0x07,
    0x0E, 0x07, 0x0E, 0x07, 0x0E, 0x07, 0x0E, 0x07, 0x03, 0x80, 0x18, 0x01, 0xC0, 0x00, 0x04, 0x03,
    0x70, 0x3B, 0x83, 0x9C, 0x3C, 0xE1, 0xC7, 0x1C, 0x39, 0xC1, 0xFE, 0x0F, 0xE0, 0x7F, 0x83, 0x8E,
    0x1C, 0x70, 0xE1, 0xC7, 0x07, 0x38, 0x1D, 0xC0, 0xE0, 0x0E, 0x00, 0x30, 0x01, 0xC0, 0x04, 0x04,
    0x01, 0xF0, 0x1F, 0x81, 0xFC, 0x1F, 0xE0, 0xFF, 0x0E, 0xF8, 0x77, 0xC7, 0x3E, 0x71, 0xF3, 0x8F,
    0xB8, 0x7F, 0x83, 0xFC, 0x1F, 0xC0, 0xFE, 0x07, 0xE0, 0x30, 0x18, 0xC0, 0x7E, 0x03, 0xE0, 0x00,
    0x04, 0x01, 0x70, 0x1D, 0xC1, 0xCE, 0x0E, 0x38, 0x61, 0xC7, 0x06, 0x38, 0x3B, 0x80, 0xDC, 0x07,
    0xC0, 0x1E, 0x00, 0xF0, 0x07, 0x00, 0x38, 0x0F, 0x80, 0x78, 0x00, 0x40, 0x17, 0x01, 0xF8, 0x0F,
    0xC0, 0x7E, 0x03, 0xF0, 0x1F, 0x80, 0xFC, 0x07, 0xE0, 0x3F, 0x01, 0xF8, 0x0F, 0xC0, 0x7E, 0x03,
    0xF0, 0x1F, 0xFF, 0xFF, 0xFF, 0x07, 0x00, 0x38, 0x01, 0xC0, 0x04, 0x00, 0x03, 0x00, 0x1E, 0x00,
    0x78, 0x01, 0xF0, 0x0F, 0xC0, 0x3B, 0x00, 0xCE, 0x07, 0x38, 0x1C, 0x60, 0x61, 0xC3, 0xFF, 0x0F,
    0xFE, 0x70, 0x39, 0xC0, 0x66, 0x01, 0xF8, 0x07, 0x7F, 0xCF, 0xFC, 0xFF, 0xCE, 0x00, 0xE0, 0x0E,
    0x00, 0xE0, 0x0F, 0xF8, 0xFF, 0xCE, 0x0E, 0xE0, 0x7E, 0x07, 0xE0, 0x7E, 0x0E, 0xFF, 0xEF, 0xF8,
    0x7E, 0x0F, 0xFC, 0xFF, 0xEE, 0x0E, 0xE0, 0x6E, 0x06, 0xE0, 0xEF, 0xFC, 0xFF, 0xCF, 0xFE, 0xE0,
    0x7E, 0x07, 0xE0, 0x7E, 0x0F, 0xFF, 0xEF, 0xFC, 0x7F, 0xDF, 0xFB, 0xFF, 0x70, 0x0E, 0x01, 0xC0,
    0x38, 0x07, 0x00, 0xE0, 0x1C, 0x03, 0x80, 0x70, 0x0E, 0x01, 0xC0, 0x38, 0x07, 0x00, 0x0F, 0xF8,
    0x1F, 0xFC, 0x1F, 0xFC, 0x1C, 0x1C, 0x1C, 0x1C, 0x1C, 0x1C, 0x1C, 0x1C, 0x1C, 0x1C, 0x18, 0x1C,
    0x18, 0x1C, 0x18, 0x1C, 0x38, 0x1C, 0x38, 0x1C, 0x70, 0x1C, 0xFF, 0xFE, 0xFF, 0xFE, 0xC0, 0x06,
    0xC0, 0x06, 0xC0, 0x06, 0xC0, 0x06, 0x7F, 0xDF, 0xFB, 0xFF, 0x70, 0x0E, 0x01, 0xC0, 0x38, 0x07,
    0xFE, 0xFF, 0xDF, 0xF3, 0x80, 0x70, 0x0E, 0x01, 0xC0, 0x3F, 0xF7, 0xFF, 0x60, 0x60, 0x67, 0x06,
    0x0E, 0x38, 0x61, 0xC3, 0x86, 0x1C, 0x1C, 0x63, 0x81, 0xC6, 0x38, 0x0E, 0x67, 0x00, 0x7F, 0xE0,
    0x07, 0xFE, 0x00, 0xFF, 0xF0, 0x0E, 0x67, 0x01, 0xC6, 0x38, 0x38, 0x61, 0xC3, 0x86, 0x1C, 0x70,
    0x60, 0xEE, 0x06, 0x0F, 0x0E, 0x07, 0xF1, 0xFF, 0x70, 0xEE, 0x0C, 0x01, 0x80, 0x70, 0x7C, 0x0F,
    0x80, 0x78, 0x03, 0x80, 0x7E, 0x0F, 0xC1, 0xDF, 0xF1, 0xFC, 0x04, 0x00, 0x40, 0x1F, 0x01, 0xF8,
    0x1F, 0xC1, 0xFE, 0x0F, 0xF0, 0xEF, 0x87, 0x7C, 0x73, 0xE7, 0x1F, 0x38, 0xFB, 0x87, 0xF8, 0x3F,
    0xC1, 0xFC, 0x0F, 0xE0, 0x7E, 0x03, 0x0C, 0xC0, 0x7E, 0x01, 0xE0, 0x00, 0x04, 0x01, 0xF0, 0x1F,
    0x81, 0xFC, 0x1F, 0xE0, 0xFF, 0x0E, 0xF8, 0x77, 0xC7, 0x3E, 0x71, 0xF3, 0x8F, 0xB8, 0x7F, 0x83,
    0xFC, 0x1F, 0xC0, 0xFE, 0x07, 0xE0, 0x30, 0x40, 0x37, 0x03, 0xB8, 0x39, 0xC3, 0xCE, 0x1C, 0x71,
    0xC3, 0x9C, 0x1F, 0xE0, 0xFE, 0x07, 0xF8, 0x38, 0xE1, 0xC7, 0x0E, 0x1C, 0x70, 0x73, 0x81, 0xDC,
    0x0E, 0x0F, 0xF0, 0xFF, 0xC7, 0xFE, 0x30, 0x71, 0x83, 0x8C, 0x1C, 0x60, 0xE7, 0x07, 0x38, 0x39,
    0xC1, 0xCE, 0x0E, 0x70, 0x73, 0x83, 0x98, 0x1F, 0xC0, 0xFC, 0x07, 0x60, 0x03, 0xF0, 0x07, 0xF8,
    0x0F, 0xF8, 0x0F, 0xF8, 0x1F, 0xFC, 0x1F, 0xFC, 0x1B, 0xEE, 0x3B, 0xEE, 0x3B, 0xE6, 0x33, 0xE7,
    0x73, 0xE7, 0x63, 0xE3, 0xE3, 0xE3, 0xE3, 0xE1, 0xC3, 0xE1, 0xC3, 0x40, 0x17, 0x01, 0xF8, 0x0F,
    0xC0, 0x7E, 0x03, 0xF0, 0x1F, 0x80, 0xFF, 0xFF, 0xFF, 0xFF, 0x01, 0xF8, 0x0F, 0xC0, 0x7E, 0x03,
    0xF0, 0x1F, 0x80, 0xFC, 0x07, 0x07, 0x80, 0x7F, 0x83, 0xFF, 0x1E, 0x1E, 0x70, 0x3B, 0x80, 0x7E,
    0x01, 0xF8, 0x07, 0xE0, 0x1F, 0x80, 0x7E, 0x01, 0xF8, 0x07, 0x70, 0x39, 0xE1, 0xE3, 0xFF, 0x07,
    0xF8, 0x03, 0x00, 0x7F, 0xF7, 0xFF, 0xFF, 0xFF, 0xC0, 0x7E, 0x03, 0xF0, 0x1F, 0x80, 0xFC, 0x07,
    0xE0, 0x3F, 0x01, 0xF8, 0x0F, 0xC0, 0x7E, 0x03, 0xF0, 0x1F, 0x80, 0xFC, 0x07, 0x7C, 0x0F, 0xFC,
    0xFF, 0xEE, 0x0E, 0xE0, 0x6E, 0x07, 0xE0, 0x6E, 0x0E, 0xFF, 0xEF, 0xFC, 0xFF, 0x0E, 0x00, 0xE0,
    0x0E, 0x00, 0xE0, 0x0E, 0x00, 0x07, 0x80, 0x7F, 0x83, 0xFF, 0x1E, 0x1E, 0x70, 0x3B, 0x80, 0x6E,
    0x00, 0x38, 0x00, 0xE0, 0x03, 0x80, 0x0E, 0x00, 0x38, 0x06, 0x70, 0x39, 0xE1, 0xE3, 0xFF, 0x07,
    0xF8, 0x03, 0x00, 0xFF, 0xEF, 0xFF, 0xFF, 0xF0, 0xE0, 0x0E, 0x00, 0xE0, 0x0E, 0x00, 0xE0, 0x0E,
    0x00, 0xE0, 0x0E, 0x00, 0xE0, 0x0E, 0x00, 0xE0, 0x0E, 0x00, 0xE0, 0x40, 0x17, 0x01, 0xDC, 0x1C,
    0xE0, 0xE3, 0x86, 0x1C, 0x70, 0x63, 0x83, 0xB8, 0x0D, 0xC0, 0x7C, 0x01, 0xE0, 0x0F, 0x00, 0x70,
    0x03, 0x80, 0xF8, 0x07, 0x80, 0x00, 0x00, 0x07, 0x00, 0x0E, 0x00, 0xFF, 0x83, 0xFF, 0x8F, 0x77,
    0xB8, 0xE3, 0xF1, 0xC7, 0xE3, 0x87, 0xC7, 0x0F, 0x8E, 0x1F, 0x1C, 0x77, 0x38, 0xEF, 0x77, 0x8F,
    0xFE, 0x0F, 0xF8, 0x03, 0x80, 0x07, 0x00, 0x60, 0x19, 0xC0, 0xE3, 0x83, 0x8E, 0x1C, 0x1C, 0xE0,
    0x3B, 0x80, 0xFC, 0x01, 0xE0, 0x07, 0x80, 0x1F, 0x00, 0xFC, 0x07, 0x38, 0x1C, 0x70, 0xE1, 0xC7,
    0x03, 0xBC, 0x07, 0x40, 0x13, 0x80, 0xEE, 0x03, 0xB8, 0x0E, 0xE0, 0x3B, 0x80, 0xEE, 0x03, 0xB8,
    0x0E, 0xE0, 0x3B, 0x80, 0xEE, 0x03, 0xB8, 0x0E, 0xE0, 0x3B, 0x80, 0xEF, 0xFF, 0xFF, 0xFF, 0x00,
    0x1C, 0x00, 0x70, 0x01, 0xC0, 0x03, 0x40, 0x2E, 0x07, 0xE0, 0x7E, 0x07, 0xE0, 0x7E, 0x07, 0xE0,
    0x77, 0x07, 0x7F, 0xF3, 0xFF, 0x0F, 0x70, 0x07, 0x00, 0x70, 0x07, 0x00, 0x70, 0x07, 0x40, 0xC1,
    0xB8, 0x30, 0x6E, 0x0C, 0x1B, 0x83, 0x06, 0xE0, 0xC1, 0xB8, 0x30, 0x6E, 0x0C, 0x1B, 0x83, 0x06,
    0xE0, 0xC1, 0xB8, 0x30, 0x6E, 0x0C, 0x1B, 0x83, 0x06, 0xE0, 0xC1, 0xB8, 0x30, 0x6F, 0xFF, 0xFB,
    0xFF, 0xFE, 0x40, 0xC1, 0x9C, 0x18, 0x33, 0x83, 0x06, 0x70, 0x60, 0xCE, 0x0C, 0x19, 0xC1, 0x83,
    0x38, 0x30, 0x67, 0x06, 0x0C, 0xE0, 0xC1, 0x9C, 0x18, 0x33, 0x83, 0x06, 0x70, 0x60, 0xCE, 0x0C,
    0x19, 0xC1, 0x83, 0x3F, 0xFF, 0xFF, 0xFF, 0xFF, 0x00, 0x00, 0xE0, 0x00, 0x1C, 0x00, 0x03, 0x80,
    0x00, 0x30, 0xFC, 0x01, 0xFC, 0x03, 0xF8, 0x00, 0x70, 0x00, 0xE0, 0x01, 0xC0, 0x03, 0xF0, 0x07,
    0xFC, 0x0F, 0xFC, 0x1C, 0x1C, 0x38, 0x18, 0x70, 0x30, 0xE0, 0xE1, 0xC1, 0xC3, 0xFF, 0x07, 0xFC,
    0x40, 0x02, 0xE0, 0x07, 0xE0, 0x07, 0xE0, 0x07, 0xE0, 0x07, 0xE0, 0x07, 0xFE, 0x07, 0xFF, 0xC7,
    0xFF, 0xE7, 0xE0, 0xE7, 0xE0, 0x77, 0xE0, 0x77, 0xE0, 0x77, 0xE0, 0xE7, 0xFF, 0xE7, 0xFF, 0xC7,
    0x40, 0x0E, 0x00, 0xE0, 0x0E, 0x00, 0xE0, 0x0E, 0x00, 0xFE, 0x0F, 0xFC, 0xFF, 0xEE, 0x0E, 0xE0,
    0x7E, 0x07, 0xE0, 0x7E, 0x0E, 0xFF, 0xEF, 0xFC, 0x07, 0x01, 0xFE, 0x1F, 0xF8, 0xE0, 0xEE, 0x03,
    0xE0, 0x1C, 0x00, 0xE1, 0xFF, 0x0F, 0xF8, 0x00, 0xC0, 0x0F, 0xC0, 0x7E, 0x03, 0x38, 0x79, 0xFF,
    0x83, 0xF8, 0x06, 0x00, 0x40, 0x1C, 0x1C, 0x1F, 0xE3, 0x87, 0xFE, 0x71, 0xE1, 0xEE, 0x38, 0x0D,
    0xC6, 0x01, 0xF9, 0xC0, 0x3F, 0xF8, 0x03, 0xFF, 0x00, 0x7F, 0xE0, 0x0F, 0x9C, 0x03, 0xF1, 0x80,
    0x7E, 0x38, 0x1D, 0xC3, 0x87, 0xB8, 0x7F, 0xE7, 0x07, 0xF8, 0x00, 0x08, 0x00, 0x03, 0xE1, 0xFF,
    0x3F, 0xF7, 0x07, 0x70, 0x77, 0x07, 0x70, 0x77, 0x07, 0x3F, 0xF1, 0xFF, 0x1F, 0xF1, 0xC7, 0x38,
    0x73, 0x87, 0x70, 0x7F, 0x07, 0x0F, 0x07, 0xF1, 0xFF, 0x38, 0x60, 0x0C, 0x3F, 0x9F, 0xF3, 0xC6,
    0x60, 0xCC, 0x39, 0xFF, 0x1F, 0xE0, 0xC0, 0x00, 0x80, 0x38, 0x7E, 0x3F, 0x87, 0x01, 0xFE, 0x3F,
    0xE7, 0x8E, 0xE0, 0xD8, 0x1F, 0x03, 0xE0, 0x7E, 0x0D, 0xC3, 0x9F, 0xE1, 0xF8, 0x0C, 0x00, 0xFE,
    0x3F, 0xEF, 0xFB, 0x87, 0xE1, 0xBF, 0xEF, 0xFB, 0x87, 0xE1, 0xF8, 0x7F, 0xFF, 0xFE, 0xFF, 0xFF,
    0xFF, 0xE0, 0xE0, 0xE0, 0xE0, 0xE0, 0xE0, 0xE0, 0xE0, 0xE0, 0x1F, 0xE0, 0xFF, 0x07, 0xF8, 0x31,
    0xC1, 0x8E, 0x0C, 0x70, 0xE3, 0x87, 0x1C, 0x38, 0xE1, 0x87, 0x3F, 0xFF, 0xFF, 0xFE, 0x03, 0xF0,
    0x1F, 0x80, 0xF8, 0x02, 0x1E, 0x07, 0xF1, 0xFF, 0x70, 0xEC, 0x0D, 0xFF, 0xBF, 0xF6, 0x00, 0xE0,
    0x1C, 0x39, 0xFF, 0x1F, 0xC0, 0xE0, 0x61, 0xC3, 0x38, 0xE3, 0x8E, 0x73, 0x83, 0xBB, 0x81, 0xDD,
    0xC0, 0x7F, 0xC0, 0x1F, 0xC0, 0x1F, 0xF0, 0x1D, 0xDC, 0x1C, 0xE7, 0x1E, 0x73, 0x8E, 0x38, 0xE0,
    0x1E, 0x0F, 0xC7, 0x39, 0x86, 0x03, 0x83, 0xE0, 0xF0, 0x0E, 0x01, 0xD8, 0x77, 0xF8, 0xFC, 0x00,
    0x00, 0xE0, 0xF8, 0x7E, 0x3F, 0x8F, 0xE7, 0xFB, 0xFE, 0xDF, 0xF7, 0xF9, 0xFC, 0x7F, 0x1F, 0x87,
    0x33, 0x0F, 0xC1, 0xE0, 0x00, 0xE0, 0xF8, 0x7E, 0x3F, 0x8F, 0xE7, 0xFB, 0xFE, 0xDF, 0xF7, 0xF9,
    0xFC, 0x7F, 0x1F, 0x87, 0xE1, 0xF8, 0xFE, 0x3B, 0x9C, 0xEE, 0x3F, 0x0F, 0xC3, 0xF8, 0xE7, 0x39,
    0xCE, 0x3B, 0x87, 0x1F, 0xE7, 0xFC, 0xFF, 0x9C, 0x73, 0x8E, 0x71, 0xCE, 0x39, 0xC7, 0x30, 0xE6,
    0x1F, 0xC3, 0xF0, 0x70, 0xF0, 0x3F, 0xC0, 0xFF, 0x87, 0xFE, 0x1F, 0xF8, 0x7F, 0xF3, 0xFF, 0xCD,
    0xFB, 0xF7, 0xEF, 0xDF, 0x9E, 0x7E, 0x79, 0xF8, 0xC7, 0xE0, 0xF8, 0x7E, 0x1F, 0x87, 0xE1, 0xFF,
    0xFF, 0xFF, 0x87, 0xE1, 0xF8, 0x7E, 0x1F, 0x87, 0x1E, 0x07, 0xF1, 0xFF, 0x70, 0xEE, 0x0F, 0x81,
    0xF0, 0x3E, 0x07, 0xE0, 0xDC, 0x39, 0xFF, 0x1F, 0xC0, 0xC0, 0xFF, 0xFF, 0xFF, 0xFF, 0x87, 0xE1,
    0xF8, 0x7E, 0x1F, 0x87, 0xE1, 0xF8, 0x7E, 0x1F, 0x87, 0xEF, 0x1F, 0xF3, 0xFF, 0x78, 0x7E, 0x0F,
    0xC1, 0xF8, 0x3F, 0x07, 0xE0, 0xFE, 0x3B, 0xFF, 0x7F, 0xCE, 0x61, 0xC0, 0x38, 0x07, 0x00, 0x40,
    0x00, 0x1E, 0x0F, 0xE7, 0xFF, 0x87, 0xE0, 0x30, 0x0C, 0x03, 0x00, 0xE0, 0xB8, 0x77, 0xFC, 0xFE,
    0x0C, 0x00, 0xFF, 0xFF, 0xFF, 0xFC, 0x30, 0x0C, 0x03, 0x00, 0xC0, 0x30, 0x0C, 0x03, 0x00, 0xC0,
    0x30, 0xE0, 0x6E, 0x0E, 0x70, 0xE7, 0x0C, 0x31, 0xC3, 0x9C, 0x39, 0x81, 0xB8, 0x1F, 0x80, 0xF0,
    0x0F, 0x00, 0xE0, 0x0E, 0x00, 0xE0, 0x3C, 0x07, 0xC0, 0x30, 0x00, 0x02, 0x00, 0x30, 0x01, 0x80,
    0x0C, 0x01, 0xF8, 0x1F, 0xF1, 0xDB, 0xDC, 0xCE, 0xE6, 0x36, 0x31, 0xF1, 0x8F, 0x8C, 0x7E, 0x63,
    0x73, 0x39, 0xFF, 0x87, 0xF8, 0x0F, 0x00, 0x30, 0x01, 0x80, 0x0C, 0x00, 0x60, 0x00, 0x60, 0xEE,
    0x38, 0xE7, 0x1D, 0xC1, 0xF0, 0x1E, 0x03, 0x80, 0xF8, 0x1B, 0x87, 0x31, 0xC7, 0x38, 0x70, 0xE0,
    0xCE, 0x1C, 0xE1, 0xCE, 0x1C, 0xE1, 0xCE, 0x1C, 0xE1, 0xCE, 0x1C, 0xE1, 0xCE, 0x1C, 0xFF, 0xEF,
    0xFF, 0x00, 0x70, 0x07, 0x00, 0x70, 0x06, 0xE1, 0xF8, 0x7E, 0x1F, 0x87, 0xE1, 0xF8, 0x77, 0xFD,
    0xFF, 0x1F, 0xC0, 0x70, 0x1C, 0x07, 0xE3, 0x87, 0xC7, 0x1F, 0x8E, 0x3F, 0x1C, 0x7E, 0x38, 0xFC,
    0x71, 0xF8, 0xE3, 0xF1, 0xC7, 0xE3, 0x8F, 0xC7, 0x1F, 0xFF, 0xFF, 0xFF, 0xF0, 0xE3, 0x86, 0x71,
    0xC7, 0x38, 0xE3, 0x9C, 0x71, 0xCE, 0x38, 0xE7, 0x1C, 0x73, 0x8E, 0x39, 0xC7, 0x1C, 0xE3, 0x8E,
    0x71, 0xC7, 0x3F, 0xFF, 0xDF, 0xFF, 0xE0, 0x00, 0x30, 0x00, 0x18, 0x00, 0x0C, 0x00, 0x06, 0xF8,
    0x07, 0xE0, 0x07, 0x00, 0x38, 0x01, 0xFC, 0x0F, 0xF8, 0x7F, 0xC3, 0x87, 0x1C, 0x38, 0xE1, 0xC7,
    0xFC, 0x3F, 0xC0, 0xE0, 0x1F, 0x00, 0xF8, 0x07, 0xC0, 0x3F, 0xE1, 0xFF, 0xCF, 0xFE, 0x7C, 0x3B,
    0xE1, 0xDF, 0x0E, 0xFF, 0xE7, 0xFE, 0x30, 0xE0, 0x38, 0x0E, 0x03, 0x80, 0xFE, 0x3F, 0xEF, 0xFB,
    0x87, 0xE1, 0xF8, 0x7F, 0xFB, 0xFC, 0x1E, 0x1F, 0xCF, 0xFB, 0x87, 0x01, 0xC7, 0xF1, 0xFC, 0x7F,
    0x41, 0xF8, 0x7F, 0xF9, 0xFC, 0x0C, 0x00, 0xC0, 0xF0, 0xE1, 0xFC, 0xE3, 0xFE, 0xE7, 0x0E, 0xE7,
    0x07, 0xFE, 0x07, 0xFE, 0x07, 0xFE, 0x07, 0xE7, 0x07, 0xE7, 0x0E, 0xE3, 0xFE, 0xE1, 0xFC, 0x00,
    0x60, 0x0F, 0xCF, 0xF7, 0xFD, 0x83, 0x60, 0xDC, 0x37, 0xFC, 0x7F, 0x38, 0xCE, 0x37, 0x0F, 0x83,
    0x38, 0x03, 0x80, 0x30, 0x00, 0x01, 0xE0, 0x7F, 0x1F, 0xF7, 0x0E, 0xC0, 0xDF, 0xFB, 0xFF, 0x60,
    0x0E, 0x01, 0xC3, 0x9F, 0xF1, 0xFC, 0x0E, 0x00, 0x33, 0x0F, 0x70, 0xCC, 0x00, 0x01, 0xE0, 0x7F,
    0x1F, 0xF7, 0x0E, 0xC0, 0xDF, 0xFB, 0xFF, 0x60, 0x0E, 0x01, 0xC3, 0x9F, 0xF1, 0xFC, 0x0E, 0x00,
    0x20, 0x0E, 0x03, 0xF8, 0x7F, 0x07, 0x78, 0xFF, 0x9F, 0xFB, 0x87, 0x70, 0xEE, 0x1D, 0xC3, 0xB8,
    0x77, 0x0E, 0xE1, 0xDC, 0x3B, 0x87, 0x00, 0xE0, 0x1C, 0x07, 0x81, 0xE0, 0x18, 0x0E, 0x0C, 0x1C,
    0x00, 0xFF, 0xFF, 0xFF, 0xE0, 0xE0, 0xE0, 0xE0, 0xE0, 0xE0, 0xE0, 0xE0, 0xE0, 0x1E, 0x0F, 0xE7,
    0xFF, 0x87, 0xE0, 0x3F, 0x8F, 0xE3, 0xF0, 0xE0, 0xB8, 0x77, 0xFC, 0xFE, 0x0C, 0x00, 0x1E, 0x3F,
    0xBD, 0xFC, 0x3E, 0x03, 0xE0, 0xFC, 0x1F, 0x01, 0xF1, 0xFF, 0xEF, 0xE1, 0xC0, 0xFF, 0x8F, 0xFF,
    0xFF, 0xFF, 0xFF, 0xC7, 0xDF, 0xB8, 0x03, 0x87, 0x0E, 0x1C, 0x38, 0x70, 0xE1, 0xC3, 0x87, 0x0E,
    0x1C, 0x39, 0xCE, 0x03, 0x9C, 0xE7, 0x39, 0xCE, 0x73, 0x9C, 0xE7, 0x39, 0xDD, 0xE4, 0x00, 0x1F,
    0xE0, 0x03, 0xFC, 0x00, 0xFF, 0x80, 0x1C, 0x70, 0x03, 0x8F, 0xE0, 0x71, 0xFF, 0x0E, 0x3F, 0xF1,
    0xC7, 0x06, 0x38, 0xE0, 0xE6, 0x1C, 0x3B, 0xC3, 0xFF, 0x70, 0x7F, 0xC0, 0xE0, 0xC0, 0x70, 0xE0,
    0x38, 0x70, 0x1C, 0x38, 0x0E, 0x1C, 0x07, 0xFF, 0xF3, 0xFF, 0xFD, 0xC3, 0x8F, 0xE1, 0xC3, 0xF0,
    0xE1, 0xF8, 0x7F, 0xDC, 0x3F, 0xE0, 0x20, 0x1F, 0xC3, 0xF8, 0x3E, 0x07, 0x78, 0xFF, 0x9F, 0xFB,
    0x87, 0x70, 0xEE, 0x1D, 0xC3, 0xB8, 0x77, 0x0E, 0xE1, 0xDC, 0x3B, 0x87, 0x06, 0x03, 0x80, 0xC0,
    0x20, 0xE1, 0xF8, 0xFE, 0x3B, 0x9C, 0xEE, 0x3F, 0x0F, 0xC3, 0xF8, 0xE7, 0x39, 0xCE, 0x3B, 0x87,
    0x38, 0x07, 0x00, 0xC0, 0x10, 0xE0, 0xF8, 0x7E, 0x3F, 0x8F, 0xE7, 0xFB, 0xFE, 0xDF, 0xF7, 0xF9,
    0xFC, 0x7F, 0x1F, 0x87, 0x19, 0x81, 0xF8, 0x0F, 0x00, 0x00, 0xE0, 0x6E, 0x0E, 0x70, 0xE7, 0x0C,
    0x31, 0xC3, 0x9C, 0x39, 0x81, 0xB8, 0x1F, 0x80, 0xF0, 0x0F, 0x00, 0xE0, 0x0E, 0x00, 0xE0, 0x3C,
    0x07, 0xC0, 0x30, 0x00, 0xE0, 0xF8, 0x7E, 0x1F, 0x87, 0xE1, 0xF8, 0x7E, 0x1F, 0x87, 0xE1, 0xF8,
    0x7F, 0xFF, 0xFF, 0x0C, 0x03, 0x00, 0xC0, 0x30, 0x40, 0x83, 0xE1, 0xC3, 0xE1, 0xC3, 0xE1, 0xC3,
    0xE1, 0xC3, 0xE1, 0xC3, 0xE1, 0xC3, 0xE1, 0xC3, 0xE1, 0xC3, 0xE1, 0xC3, 0xE1, 0xC3, 0xE1, 0xC3,
    0x61, 0xC7, 0x73, 0xC7, 0x7F, 0xFF, 0x3F, 0x7E, 0x0C, 0x10, 0xE3, 0x8D, 0xC7, 0x1F, 0x8E, 0x3F,
    0x1C, 0x7E, 0x38, 0xFC, 0x71, 0xF8, 0xE3, 0xF1, 0xC7, 0xE3, 0x8F, 0xC7, 0x19, 0xFF, 0xF3, 0xF7,
    0xC0, 0x82, 0x00, 0x10, 0x00, 0xE0, 0x03, 0x80, 0x3F, 0xE0, 0xFF, 0x83, 0xFC, 0x03, 0xF8, 0x0F,
    0xFC, 0x3F, 0xF8, 0xE0, 0xE3, 0x81, 0xCE, 0x07, 0x38, 0x1C, 0xE0, 0xE3, 0xFF, 0x8F, 0xF8, 0x10,
    0x03, 0x80, 0x38, 0x03, 0x80, 0xFF, 0x0F, 0xF0, 0x38, 0x03, 0x80, 0x3F, 0x83, 0xFE, 0x3F, 0xF3,
    0x87, 0x38, 0x73, 0x87, 0x3F, 0xE3, 0xFC, 0x40, 0x38, 0x38, 0x3F, 0xCE, 0x1F, 0xFB, 0x8E, 0x0E,
    0xE7, 0x01, 0xF9, 0xC0, 0x7E, 0x60, 0x03, 0xFF, 0xE0, 0xFF, 0xF8, 0x3F, 0xFC, 0x0E, 0x60, 0x03,
    0x9C, 0x07, 0xE7, 0x01, 0xF8, 0xF0, 0xEE, 0x1F, 0xFB, 0x83, 0xF8, 0x00, 0x18, 0x00, 0xE0, 0xF1,
    0xC7, 0xF3, 0x9F, 0xF7, 0x38, 0x6E, 0xE0, 0x1F, 0xFC, 0x3F, 0xF8, 0x7F, 0xF0, 0xE6, 0x0D, 0xCE,
    0x1B, 0x9F, 0xF7, 0x1F, 0xC0, 0x06, 0x00, 0x03, 0x00, 0x1E, 0x00, 0x78, 0x01, 0xF0, 0x0F, 0xC0,
    0x3B, 0x00, 0xCE, 0x07, 0x38, 0x1C, 0x60, 0x7F, 0xC3, 0xFF, 0x0F, 0xFE, 0x73, 0xB9, 0xCE, 0x66,
    0x39, 0xF8, 0xE7, 0x06, 0x00, 0xF0, 0x0F, 0x01, 0xF0, 0x1F, 0x81, 0x98, 0x39, 0xC3, 0xFC, 0x3F,
    0xC7, 0x6E, 0x66, 0xEE, 0x67, 0x40, 0x30, 0x38, 0x0E, 0x0E, 0x07, 0x83, 0x81, 0xF0, 0xE0, 0xEC,
    0x38, 0x3B, 0x8E, 0x0C, 0xE3, 0x87, 0x18, 0xE1, 0xC7, 0x3F, 0xFF, 0xCF, 0xFF, 0xF3, 0xFF, 0xFE,
    0xE3, 0x3B, 0xB9, 0xCE, 0x6E, 0x73, 0x9F, 0xB8, 0xE7, 0xE0, 0xC1, 0xC1, 0xC3, 0x87, 0x87, 0x0F,
    0x8E, 0x3F, 0x1C, 0x76, 0x3F, 0xCE, 0x7F, 0xFC, 0xE7, 0xFD, 0xDD, 0xBB, 0xBB, 0x37, 0x66, 0x70,
    0x3F, 0xFC, 0x3F, 0xFC, 0x3F, 0xF8, 0x1C, 0x38, 0x0C, 0x70, 0x0E, 0x70, 0x07, 0xE0, 0x0F, 0xF0,
    0x3F, 0xFC, 0x7F, 0xFE, 0x61, 0x8E, 0xE1, 0x86, 0xE1, 0x87, 0xE1, 0x87, 0xE1, 0x87, 0xE1, 0x87,
    0x3F, 0xF8, 0xFF, 0xC1, 0xFF, 0x07, 0x38, 0x0E, 0xE0, 0x3F, 0x03, 0xFF, 0x1F, 0xFE, 0x73, 0x9D,
    0x8E, 0x76, 0x39, 0xD8, 0xE7, 0x40, 0xFF, 0xF3, 0x83, 0xFF, 0xCE, 0x0F, 0xFF, 0x38, 0x1C, 0x38,
    0xE0, 0x39, 0xC3, 0x80, 0xE7, 0x0E, 0x01, 0xF8, 0x3F, 0xFF, 0xF0, 0xFF, 0xFF, 0xF3, 0xFF, 0xFF,
    0xEE, 0x1C, 0x63, 0xB8, 0xE1, 0x87, 0xE3, 0x86, 0x1F, 0x8E, 0x18, 0x7E, 0x38, 0x61, 0xF8, 0xE1,
    0x87, 0xE1, 0xFF, 0xB8, 0x7F, 0xEE, 0x1F, 0xF3, 0x83, 0x9C, 0xE0, 0xEE, 0x3F, 0xFF, 0x8F, 0xFF,
    0xFB, 0xFF, 0xFF, 0xE3, 0x39, 0xF9, 0xCE, 0x3E, 0x73, 0x8F, 0x9C, 0xE3, 0x31, 0x8F, 0xC1, 0xE0,
    0x30, 0x70, 0x3F, 0x87, 0xF0, 0x0E, 0x03, 0x80, 0xE0, 0x38, 0xFC, 0x3F, 0x03, 0xE0, 0x38, 0x06,
    0x03, 0x80, 0xE3, 0xFB, 0xFC, 0xF8, 0x38, 0x0E, 0x01, 0xC0, 0x20, 0x00, 0x33, 0x87, 0xC1, 0xE0,
    0x00, 0x7E, 0x1F, 0xE7, 0xF8, 0x06, 0x01, 0x8F, 0xE3, 0xF0, 0x7E, 0x01, 0xC0, 0x73, 0xF9, 0xFC,
    0x70, 0x18, 0x07, 0x81, 0xE0, 0x18, 0x00, 0x40, 0x82, 0xE1, 0x87, 0xE1, 0x87, 0xE1, 0x87, 0xE1,
    0x87, 0xE1, 0x87, 0x61, 0x87, 0x61, 0x87, 0x71, 0x8E, 0x3F, 0xFE, 0x1F, 0xFC, 0x07, 0xF0, 0x01,
    0x80, 0x01, 0x80, 0x01, 0x80, 0x01, 0x80, 0x00, 0x00, 0x0C, 0x00, 0x30, 0x38, 0xC3, 0xE3, 0x1F,
    0x8C, 0x7E, 0x31, 0xF8, 0xC7, 0xE3, 0x1F, 0x8C, 0x7E, 0x31, 0xD8, 0xC7, 0x73, 0x38, 0xFF, 0xE1,
    0xFF, 0x01, 0xE0, 0x03, 0x00, 0x0C, 0x00, 0x30, 0x00, 0xC0, 0x07, 0x80, 0x7F, 0x83, 0xFF, 0x1E,
    0x1E, 0x70, 0x3B, 0x80, 0x7E, 0x01, 0xFF, 0xFF, 0xFF, 0xFF, 0xFF, 0xFE, 0x01, 0xF8, 0x07, 0x70,
    0x39, 0xE1, 0xE3, 0xFF, 0x07, 0xF8, 0x03, 0x00, 0x1E, 0x07, 0xF1, 0xFF, 0x70, 0xEE, 0x0F, 0xF9,
    0xFF, 0xFE, 0x3F, 0xE0, 0xDC, 0x39, 0xFF, 0x1F, 0xC0, 0xC0, 0x40, 0x05, 0xC0, 0x3D, 0xC0, 0x73,
    0x81, 0xC7, 0x03, 0x87, 0x06, 0x0E, 0x1C, 0x0C, 0x38, 0x1C, 0x60, 0x39, 0xC0, 0x33, 0x80, 0x76,
    0x00, 0xFC, 0x00, 0xF0, 0x01, 0xE0, 0x01, 0xC0, 0xE0, 0x3E, 0x0F, 0x70, 0xF7, 0x1C, 0x31, 0xC3,
    0x98, 0x3B, 0x81, 0xB8, 0x1F, 0x01, 0xF0, 0x0F, 0x00, 0xE0, 0x1B, 0x80, 0x3B, 0x00, 0x37, 0x00,
    0x20, 0x04, 0x00, 0x5C, 0x03, 0xDC, 0x07, 0x38, 0x1C, 0x70, 0x38, 0x70, 0x60, 0xE1, 0xC0, 0xC3,
    0x81, 0xC6, 0x03, 0x9C, 0x03, 0x38, 0x07, 0x60, 0x0F, 0xC0, 0x0F, 0x00, 0x1E, 0x00, 0x1C, 0x00,
    0x76, 0x03, 0x70, 0x3B, 0x00, 0x10, 0xE0, 0x3E, 0x0F, 0x70, 0xF7, 0x1C, 0x31, 0xC3, 0x98, 0x3B,
    0x81, 0xB8, 0x1F, 0x01, 0xF0, 0x0F, 0x00, 0xE0, 0x07, 0x80, 0x00, 0x03, 0xFC, 0x00, 0x00, 0xFF,
    0xC0, 0x00, 0x3C, 0x3C, 0x00, 0x07, 0x03, 0x9C, 0x0D, 0xC0, 0x3B, 0x83, 0xB8, 0x07, 0x38, 0x77,
    0x00, 0xE7, 0x0C, 0xE0, 0x1C, 0x63, 0x9C, 0x03, 0x8E, 0x73, 0x80, 0x71, 0xCC, 0x70, 0x0E, 0x1B,
    0x87, 0x03, 0x83, 0xE0, 0xF0, 0xF0, 0x7C, 0x0F, 0xFC, 0x07, 0x80, 0xFF, 0x00, 0xE0, 0x03, 0x00,
    0x1C, 0x00, 0x00, 0x03, 0x80, 0x00, 0x01, 0xE0, 0x00, 0x00, 0x78, 0x00, 0x00, 0x0E, 0x00, 0x1E,
    0x0C, 0x0C, 0x7F, 0x18, 0x19, 0xFF, 0x38, 0x77, 0x0E, 0x70, 0xEE, 0x0E, 0x63, 0x98, 0x1C, 0xE7,
    0x30, 0x39, 0xCC, 0x60, 0x71, 0xB8, 0xE0, 0xC3, 0xF1, 0xC3, 0x83, 0xC1, 0xFF, 0x07, 0x81, 0xFC,
    0x0E, 0x00, 0xC0, 0x1C, 0x00, 0x00, 0x38, 0x00, 0x01, 0xE0, 0x00, 0x07, 0xC0, 0x00, 0x06, 0x00,
    0x07, 0x00, 0xFF, 0x0F, 0xFC, 0xE0, 0xEE, 0x03, 0xF0, 0x0B, 0x80, 0x1C, 0x00, 0xE0, 0x07, 0x00,
    0x38, 0x0E, 0xE0, 0xF7, 0xFF, 0x9F, 0xFC, 0x3E, 0xE0, 0x07, 0x1E, 0x0F, 0xE7, 0xFF, 0x87, 0xE0,
    0x30, 0x0C, 0x03, 0x00, 0xE0, 0x38, 0x07, 0xC0, 0xF8, 0x0E, 0x03, 0x80, 0xE0, 0x38, 0x00, 0xC0,
    0x18, 0x67, 0x0F, 0xC0, 0xF8, 0x0F, 0x81, 0xBF, 0x71, 0xFC, 0x07, 0x80, 0xFC, 0x1B, 0x87, 0x10,
    0xC0, 0x00, 0x03, 0xFF, 0xFF, 0xE0, 0x1F, 0x7F, 0xFC, 0x60, 0xDB, 0xB0, 0x77, 0x64, 0x78, 0x7F,
    0xF1, 0xE0, 0x00, 0x70, 0x00, 0x07, 0xC0, 0x00, 0x00, 0x00, 0x3C, 0x07, 0x83, 0x60, 0x36, 0x00,
    0x00, 0x00, 0x00, 0x00, 0x00, 0x00, 0x00, 0x78, 0x00, 0xF6, 0xC0, 0x06, 0xC0, 0x00, 0x00, 0x00,
    0x00, 0x00, 0x00, 0x00, 0x0E, 0x00, 0xE0, 0xF8, 0x0F, 0x86, 0xC0, 0x4C, 0x00, 0x70, 0x00, 0x07,
    0xC0, 0x00, 0x26, 0x00, 0x00, 0x00, 0x00, 0x03, 0x00, 0x00, 0x60, 0x00, 0x86, 0x00, 0x0C, 0x61,
    0xC0, 0xC0, 0x38, 0x0E, 0x03, 0x00, 0x00, 0x00, 0x00, 0x00, 0x06, 0x00, 0x08, 0x78, 0x00, 0xF1,
    0x80, 0x07, 0x00, 0x00, 0x00, 0x00, 0x00, 0x00, 0x01, 0x00, 0xE0, 0x30, 0x1C, 0x31, 0x81, 0x07,
    0x18, 0x00, 0x60, 0x80, 0x06, 0x00, 0x00, 0x40, 0x00, 0x0C, 0xC0, 0x1F, 0x80, 0x1E, 0x00, 0x00,
    0x04, 0x01, 0x9C, 0x07, 0x38, 0x1E, 0x70, 0x7C, 0xE0, 0xF9, 0xC3, 0xB3, 0x87, 0x67, 0x1C, 0xCE,
    0x71, 0x9C, 0xE3, 0x3B, 0x86, 0x7E, 0x0C, 0xFC, 0x19, 0xF0, 0x33, 0xE0, 0x7F, 0x80, 0xF0, 0x00,
    0xE0, 0x01, 0x80, 0x07, 0x00, 0x04, 0x33, 0x03, 0xF0, 0x1E, 0x00, 0x00, 0xE0, 0xCE, 0x1C, 0xE3,
    0xCE, 0x3C, 0xE7, 0xCE, 0xFC, 0xED, 0xCF, 0xDC, 0xF9, 0xCF, 0x1C, 0xF1, 0xFE, 0x1F, 0x00, 0x60,
    0x06, 0x00, 0xE0, 0x0C, 0x10, 0x00, 0xE0, 0x03, 0x80, 0x3F, 0xE0, 0xFF, 0x83, 0xFC, 0x03, 0xF8,
    0x0F, 0xFC, 0x3F, 0xF8, 0xE0, 0xE3, 0x81, 0xCE, 0x07, 0x38, 0x1C, 0xE0, 0xE3, 0xFF, 0x8F, 0xF8,
    0x00, 0x03, 0x80, 0x38, 0x0F, 0xF0, 0xFF, 0x03, 0x80, 0x38, 0x03, 0xF8, 0x3F, 0xE3, 0xFF, 0x38,
    0x73, 0x87, 0x38, 0x73, 0xFE, 0x3F, 0xC0, 0x7C, 0x0F, 0xFC, 0xFF, 0xEE, 0x0E, 0xE0, 0x6E, 0x07,
    0xE3, 0x6E, 0x3E, 0xFF, 0xEF, 0xFC, 0xFF, 0xEE, 0x0C, 0xE0, 0x0E, 0x00, 0xE0, 0x0E, 0x00, 0xEF,
    0x1F, 0xF3, 0xFF, 0x78, 0x7E, 0x0F, 0xC1, 0xF8, 0x3F, 0x07, 0xE3, 0xFE, 0x7B, 0xFF, 0x7F, 0xFE,
    0x6D, 0xC0, 0x38, 0x07, 0x00, 0x40, 0x00, 0x00, 0xC0, 0x18, 0x03, 0x3F, 0xEF, 0xFD, 0xFF, 0xB8,
    0x07, 0x00, 0xE0, 0x1C, 0x03, 0x80, 0x70, 0x0E, 0x01, 0xC0, 0x38, 0x07, 0x00, 0xE0, 0x1C, 0x03,
    0x80, 0x00, 0x02, 0x03, 0x03, 0xFF, 0xFF, 0xFF, 0xE0, 0xE0, 0xE0, 0xE0, 0xE0, 0xE0, 0xE0, 0xE0,
    0xE0, 0x1F, 0xF1, 0xFF, 0x8F, 0xFC, 0x70, 0x03, 0x80, 0x1C, 0x00, 0xE0, 0x0F, 0xF0, 0x7F, 0xC3,
    0xFC, 0x0E, 0x00, 0x70, 0x03, 0x80, 0x1C, 0x00, 0xE0, 0x07, 0x00, 0x7F, 0xBF, 0xDF, 0xEE, 0x07,
    0x07, 0xF3, 0xF8, 0xF8, 0x70, 0x38, 0x1C, 0x0E, 0x00, 0x7F, 0xCF, 0xFC, 0xFF, 0xCE, 0x00, 0xE0,
    0x0E, 0x00, 0xE7, 0x0F, 0xFC, 0xFF, 0xEF, 0x0E, 0xE0, 0x7E, 0x07, 0xE0, 0x7E, 0x07, 0xE1, 0xEE,
    0x7C, 0x07, 0x80, 0xFF, 0x3F, 0xCF, 0xF3, 0x80, 0xE0, 0x3B, 0x0F, 0xF3, 0xFE, 0xE1, 0xB8, 0x7E,
    0x1F, 0x86, 0x03, 0x83, 0xE1, 0xF0, 0x30, 0x60, 0x60, 0x63, 0x83, 0x07, 0x0E, 0x18, 0x70, 0x70,
    0xC3, 0x81, 0xC6, 0x38, 0x0E, 0x31, 0xC0, 0x39, 0x9C, 0x00, 0xFF, 0xC0, 0x07, 0xFE, 0x00, 0x7F,
    0xF8, 0x03, 0x99, 0xC0, 0x38, 0xC7, 0x03, 0x86, 0x1C, 0x1C, 0x30, 0xE1, 0xC1, 0x83, 0xFC, 0x0C,
    0x1F, 0x00, 0x00, 0x38, 0x00, 0x01, 0xC0, 0x00, 0x0E, 0x00, 0x00, 0x60, 0x61, 0xC3, 0x1C, 0x71,
    0xC3, 0x9C, 0xE0, 0x77, 0x70, 0x1D, 0xDC, 0x03, 0xFE, 0x00, 0x7F, 0x00, 0x3F, 0xE0, 0x1D, 0xDC,
    0x0E, 0x73, 0x87, 0x9C, 0xF9, 0xC7, 0x1E, 0x00, 0x01, 0x80, 0x00, 0x60, 0x00, 0x18, 0x00, 0x06,
    0x0E, 0x07, 0xF1, 0xFF, 0x70, 0xEE, 0x0C, 0x01, 0x80, 0x70, 0x7C, 0x0F, 0x80, 0x78, 0x03, 0x80,
    0x7E, 0x0F, 0xC1, 0xDF, 0xF1, 0xFC, 0x06, 0x00, 0xE0, 0x0C, 0x07, 0x80, 0x60, 0x1E, 0x0F, 0xC7,
    0x39, 0x86, 0x03, 0x83, 0xE0, 0xF0, 0x0E, 0x01, 0xD8, 0x77, 0xF8, 0xFC, 0x0C, 0x03, 0xC0, 0x30,
    0x3C, 0x0C, 0x00, 0x40, 0x33, 0x81, 0xCE, 0x0E, 0x38, 0x78, 0xE1, 0xC3, 0x8E, 0x0E, 0x70, 0x3F,
    0xC0, 0xFE, 0x03, 0xFC, 0x0E, 0x38, 0x38, 0xE0, 0xE1, 0xC3, 0x83, 0x8E, 0x07, 0xF8, 0x1F, 0x00,
    0x1C, 0x00, 0x70, 0x01, 0xC0, 0x06, 0xE1, 0xDC, 0x7B, 0x8E, 0x73, 0x8E, 0xE1, 0xF8, 0x3F, 0x07,
    0xF0, 0xE7, 0x1C, 0xE3, 0x8F, 0xF0, 0xF0, 0x0E, 0x01, 0xC0, 0x38, 0x03, 0x40, 0x37, 0x03, 0xB8,
    0x1D, 0xC1, 0xCE, 0x1E, 0x76, 0xE3, 0xBE, 0x1F, 0xF0, 0xFF, 0x87, 0xFC, 0x3B, 0x71, 0xDB, 0x8E,
    0x0E, 0x70, 0x73, 0x81, 0xDC, 0x0E, 0xE0, 0xFC, 0x1F, 0x87, 0x7D, 0xCF, 0xF9, 0xFE, 0x3F, 0xC7,
    0xF8, 0xFF, 0x9F, 0x3B, 0x87, 0x70, 0x70, 0xFC, 0x02, 0xFE, 0x0F, 0xFE, 0x0E, 0x0E, 0x1C, 0x0E,
    0x38, 0x0E, 0x78, 0x0E, 0x70, 0x0F, 0xE0, 0x0F, 0xE0, 0x0F, 0xE0, 0x0E, 0x70, 0x0E, 0x38, 0x0E,
    0x1C, 0x0E, 0x1C, 0x0E, 0x0E, 0x0E, 0x07, 0xF8, 0x3F, 0xE3, 0x87, 0x3C, 0x39, 0xC1, 0xDC, 0x0F,
    0xC0, 0x7E, 0x03, 0xF8, 0x1D, 0xC0, 0xE7, 0x07, 0x1C, 0x38, 0x70, 0x40, 0x11, 0xC0, 0x73, 0x80,
    0xE7, 0x01, 0xCE, 0x03, 0x9C, 0x07, 0x38, 0x0E, 0x7F, 0xFC, 0xFF, 0xF9, 0xC0, 0x73, 0x80, 0xE7,
    0x01, 0xCE, 0x03, 0x9C, 0x07, 0x38, 0x0F, 0x70, 0x1F, 0x00, 0x0E, 0x00, 0x1C, 0x00, 0x38, 0x00,
    0x60, 0xE0, 0xCE, 0x1C, 0xE1, 0xCE, 0x1C, 0xE1, 0xCF, 0xFC, 0xFF, 0xCE, 0x1C, 0xE1, 0xCE, 0x1C,
    0xE1, 0xEE, 0x1F, 0x00, 0x70, 0x07, 0x00, 0x70, 0x06, 0x40, 0x1F, 0xDC, 0x07, 0xFF, 0x80, 0xFF,
    0xF0, 0x1C, 0x0E, 0x03, 0x81, 0xC0, 0x70, 0x38, 0x0E, 0x07, 0xFF, 0xC0, 0xFF, 0xF8, 0x1C, 0x07,
    0x03, 0x80, 0xE0, 0x70, 0x1C, 0x0E, 0x03, 0x81, 0xC0, 0x70, 0x38, 0x0E, 0x07, 0x01, 0xC0, 0xE0,
    0xFF, 0x0F, 0xF8, 0x71, 0xC3, 0x8E, 0x1C, 0x7F, 0xE3, 0xFF, 0x1C, 0x38, 0xE1, 0xC7, 0x0E, 0x38,
    0x71, 0xC3, 0x80, 0x7F, 0xF0, 0x03, 0xFF, 0xE0, 0x0F, 0xFF, 0x80, 0x38, 0x0E, 0x00, 0xE0, 0x38,
    0x03, 0x80, 0xE0, 0x0E, 0x03, 0xB8, 0x38, 0x0F, 0xF8, 0xE0, 0x3F, 0xF3, 0x80, 0xF0, 0xEE, 0x03,
    0x83, 0xB8, 0x0E, 0x06, 0xE0, 0x38, 0x1B, 0x80, 0xE0, 0xEE, 0x03, 0x87, 0xB8, 0x0E, 0xFC, 0x00,
    0x03, 0xE0, 0xFF, 0xC0, 0x3F, 0xF0, 0x0F, 0xFC, 0x03, 0x87, 0x00, 0xE1, 0xC0, 0x38, 0x7F, 0x0E,
    0x1F, 0xF3, 0x87, 0x3E, 0xE1, 0xC3, 0xB8, 0x70, 0x6E, 0x1C, 0x1B, 0x87, 0x06, 0x00, 0x03, 0x80,
    0x03, 0xC0, 0x00, 0x60, 0x06, 0x00, 0x03, 0xC0, 0x00, 0xF8, 0x70, 0x3C, 0x3F, 0x87, 0x0F, 0xF9,
    0xC1, 0xC7, 0x38, 0x70, 0x77, 0x0E, 0x0E, 0xE1, 0xC1, 0xDC, 0x38, 0x3B, 0x87, 0x0E, 0x70, 0x71,
    0xC7, 0x0F, 0xF0, 0xF0, 0xFC, 0x0F, 0xFF, 0xF8, 0xFF, 0xFF, 0x01, 0x81, 0x80, 0x18, 0x00, 0x78,
    0x01, 0xE7, 0xC7, 0x1F, 0xCE, 0x71, 0xD8, 0xE3, 0xB1, 0xC7, 0x63, 0x8E, 0xE7, 0x1D, 0xE7, 0xF1,
    0xFF, 0xF9, 0xFF, 0xF0, 0x70, 0x80, 0x07, 0x80, 0x7F, 0x83, 0xFF, 0x1E, 0x1E, 0x70, 0x3B, 0x80,
    0x6E, 0x00, 0x38, 0x00, 0xE0, 0x03, 0x80, 0x0E, 0x00, 0x38, 0x06, 0x70, 0x39, 0xE1, 0xE3, 0xFF,
    0x07, 0xF8, 0x03, 0x00, 0x0E, 0x00, 0x0C, 0x01, 0xE0, 0x03, 0x00, 0x1E, 0x0F, 0xE7, 0xFF, 0x87,
    0xE0, 0x30, 0x0C, 0x03, 0x00, 0xE0, 0xB8, 0x77, 0xFC, 0xFE, 0x0C, 0x03, 0xC0, 0x30, 0x3C, 0x0C,
    0x00, 0xFF, 0xEF, 0xFF, 0xFF, 0xF0, 0xE0, 0x0E, 0x00, 0xE0, 0x0E, 0x00, 0xE0, 0x0E, 0x00, 0xE0,
    0x0E, 0x00, 0xE0, 0x0E, 0x00, 0xE0, 0x0F, 0x80, 0xF8, 0x03, 0x80, 0x38, 0x03, 0x80, 0x30, 0xFF,
    0xFF, 0xFF, 0xFC, 0x30, 0x0C, 0x03, 0x00, 0xC0, 0x30, 0x0C, 0x03, 0x00, 0xF0, 0x3C, 0x07, 0x01,
    0xC0, 0x70, 0x18, 0x60, 0x09, 0xC0, 0x77, 0x03, 0x8E, 0x1C, 0x38, 0x70, 0x73, 0x80, 0xEE, 0x03,
    0xF0, 0x07, 0x80, 0x0E, 0x00, 0x30, 0x00, 0xC0, 0x03, 0x00, 0x0C, 0x00, 0x30, 0x00, 0xC0, 0xE0,
    0x6E, 0x0E, 0x70, 0xE7, 0x0C, 0x31, 0xC3, 0x9C, 0x39, 0x81, 0xB8, 0x1F, 0x80, 0xF0, 0x0F, 0x00,
    0xE0, 0x06, 0x00, 0x60, 0x06, 0x00, 0x60, 0x06, 0x00, 0x60, 0x09, 0xC0, 0x77, 0x03, 0x8E, 0x1C,
    0x38, 0x70, 0x73, 0x80, 0xEE, 0x03, 0xF0, 0x07, 0x80, 0x0E, 0x00, 0x30, 0x07, 0xF8, 0x1F, 0xF0,
    0x7F, 0x80, 0x30, 0x00, 0xC0, 0xE0, 0x6E, 0x0E, 0x70, 0xE7, 0x0C, 0x31, 0xC3, 0x9C, 0x39, 0x81,
    0xB8, 0x1F, 0x80, 0xF0, 0x0F, 0x01, 0xF8, 0x3F, 0xC1, 0xF8, 0x06, 0x00, 0x60, 0x06, 0x00, 0x60,
    0x18, 0xE0, 0x70, 0xE0, 0xE1, 0xC3, 0x81, 0xCE, 0x01, 0xDC, 0x03, 0xF0, 0x03, 0xC0, 0x07, 0x80,
    0x0F, 0x80, 0x3F, 0x00, 0xE7, 0x01, 0xC7, 0x07, 0x0E, 0x1C, 0x0F, 0xF8, 0x0F, 0x00, 0x0E, 0x00,
    0x1C, 0x00, 0x38, 0x00, 0x20, 0x60, 0xE7, 0x1C, 0x39, 0xC3, 0xB8, 0x1F, 0x00, 0xF0, 0x0E, 0x01,
    0xF0, 0x1B, 0x83, 0x98, 0x71, 0xF7, 0x0F, 0x00, 0x70, 0x07, 0x00, 0x70, 0x03, 0xFF, 0xE1, 0x3F,
    0xFC, 0xEF, 0xFF, 0x38, 0x38, 0x0E, 0x0E, 0x03, 0x83, 0x80, 0xE0, 0xE0, 0x38, 0x38, 0x0E, 0x0E,
    0x03, 0x83, 0x80, 0xE0, 0xE0, 0x38, 0x38, 0x0E, 0x0E, 0x03, 0x83, 0x80, 0xE0, 0xFF, 0xFC, 0x3F,
    0xFF, 0x00, 0x01, 0xC0, 0x00, 0x70, 0x00, 0x1C, 0x00, 0x03, 0xFF, 0x33, 0xFC, 0xCF, 0xE3, 0x06,
    0x0C, 0x18, 0x30, 0x60, 0xC1, 0x83, 0x06, 0x0C, 0x18, 0x30, 0x60, 0xC1, 0xFF, 0xC7, 0xFF, 0x00,
    0x1C, 0x00, 0x70, 0x01, 0xC0, 0x02, 0x40, 0x23, 0x81, 0xCE, 0x07, 0x38, 0x1C, 0xE0, 0x73, 0x81,
    0xCE, 0x07, 0x1C, 0x1C, 0x7F, 0xF0, 0xFF, 0xC0, 0xF7, 0x00, 0x1C, 0x00, 0x70, 0x01, 0xC0, 0x07,
    0xC0, 0x1F, 0x00, 0x1C, 0x00, 0x70, 0x01, 0xC0, 0x06, 0xE1, 0xDC, 0x3B, 0x87, 0x70, 0xEE, 0x1D,
    0xC3, 0x9F, 0xF3, 0xFE, 0x1F, 0xC0, 0x38, 0x07, 0x80, 0xF0, 0x06, 0x00, 0xC0, 0x18, 0x03, 0x40,
    0x2E, 0x07, 0xE0, 0x7E, 0x07, 0xE0, 0x7E, 0x07, 0xE6, 0x77, 0x67, 0x7F, 0xF3, 0xFF, 0x0F, 0x70,
    0x67, 0x06, 0x70, 0x07, 0x00, 0x70, 0x07, 0xE1, 0xF8, 0x7E, 0x1F, 0x87, 0xED, 0xFB, 0x77, 0xFD,
    0xFF, 0x1F, 0xC3, 0x70, 0xDC, 0x07, 0x40, 0x0E, 0x00, 0xE0, 0x0E, 0x00, 0xE0, 0x0E, 0x00, 0xEF,
    0x8F, 0xFE, 0xFF, 0xFE, 0x07, 0xE0, 0x3E, 0x03, 0xE0, 0x3E, 0x03, 0xE0, 0x3E, 0x03, 0x40, 0x38,
    0x0E, 0x03, 0x80, 0xEF, 0x3F, 0xEF, 0xFF, 0x87, 0xE1, 0xF8, 0x7E, 0x1F, 0x87, 0xE1, 0xF8, 0x7E,
    0x1F, 0x87, 0x00, 0xF0, 0x01, 0xFE, 0x01, 0xFF, 0x81, 0xE1, 0xE0, 0xE0, 0x76, 0xE0, 0x1B, 0x70,
    0x0D, 0xFF, 0xFF, 0x7F, 0xFF, 0x9F, 0xFF, 0x87, 0x00, 0x03, 0x80, 0x60, 0xE0, 0x70, 0x78, 0x78,
    0x1F, 0xF8, 0x07, 0xF8, 0x00, 0x60, 0x00, 0x01, 0xE0, 0x1F, 0xC0, 0x7F, 0xB3, 0x87, 0xEC, 0x1F,
    0xFF, 0xF7, 0xFF, 0xC3, 0x00, 0x0C, 0x00, 0x38, 0x70, 0x7F, 0x80, 0xFE, 0x00, 0xC0, 0x00, 0xF0,
    0x01, 0xFE, 0x01, 0xFF, 0x81, 0xE1, 0xE0, 0xE0, 0x76, 0xE0, 0x1B, 0x70, 0x0D, 0xFF, 0xFF, 0x7F,
    0xFF, 0x9F, 0xFF, 0x87, 0x00, 0x03, 0x80, 0x60, 0xE0, 0x70, 0x78, 0x78, 0x1F, 0xF8, 0x07, 0xF8,
    0x00, 0xE0, 0x00, 0x70, 0x00, 0x38, 0x00, 0x0C, 0x00, 0x01, 0xE0, 0x1F, 0xC0, 0x7F, 0xB3, 0x87,
    0xEC, 0x1F, 0xFF, 0xF7, 0xFF, 0xC3, 0x00, 0x0C, 0x00, 0x38, 0x70, 0x7F, 0x80, 0xFE, 0x00, 0xC0,
    0x03, 0x80, 0x07, 0x00, 0x78, 0x00, 0xC0, 0x5F, 0xFF, 0xFF, 0xFF, 0xFF, 0xFF, 0x01, 0x98, 0x00,
    0x1F, 0x80, 0x00, 0xF0, 0x00, 0x00, 0x00, 0x60, 0x60, 0x67, 0x06, 0x0E, 0x38, 0x61, 0xC3, 0x86,
    0x1C, 0x1C, 0x63, 0x81, 0xC6, 0x38, 0x0E, 0x67, 0x00, 0x7F, 0xE0, 0x07, 0xFE, 0x00, 0xFF, 0xF0,
    0x0E, 0x67, 0x01, 0xC6, 0x38, 0x38, 0x61, 0xC3, 0x86, 0x1C, 0x70, 0x60, 0xEE, 0x06, 0x0F, 0x06,
    0x30, 0x03, 0xF0, 0x00, 0xF8, 0x00, 0x00, 0x06, 0x1C, 0x33, 0x8E, 0x38, 0xE7, 0x38, 0x3B, 0xB8,
    0x1D, 0xDC, 0x07, 0xFC, 0x01, 0xFC, 0x01, 0xFF, 0x01, 0xDD, 0xC1, 0xCE, 0x71, 0xE7, 0x38, 0xE3,
    0x8E, 0x40, 0x37, 0x03, 0xB8, 0x39, 0xC3, 0x8E, 0x38, 0x71, 0xC3, 0x9C, 0x1F, 0xE0, 0xFF, 0xC7,
    0xFF, 0x38, 0x3D, 0xC0, 0xEE, 0x07, 0x70, 0x1B, 0x81, 0xDC, 0x0E, 0x00, 0xF0, 0x0F, 0x00, 0xF0,
    0x00, 0x00, 0xE1, 0xDC, 0x7B, 0x8E, 0x73, 0x8E, 0xE1, 0xFC, 0x3F, 0xE7, 0xFE, 0xE1, 0xDC, 0x1B,
    0x83, 0xF0, 0x60, 0x3C, 0x07, 0x00, 0xC0, 0x0F, 0xF0, 0x3F, 0xF0, 0x7F, 0xE0, 0xC1, 0xC1, 0x83,
    0x83, 0x07, 0x06, 0x0E, 0x1C, 0x1C, 0x38, 0x38, 0x70, 0x70, 0xE0, 0xE1, 0xC1, 0xC3, 0x83, 0x86,
    0x07, 0x3C, 0x0F, 0xF0, 0x1F, 0x00, 0x0C, 0x00, 0x18, 0x00, 0x70, 0x00, 0xC0, 0x1F, 0xE1, 0xFF,
    0x0F, 0xF8, 0x71, 0xC3, 0x8E, 0x1C, 0x70, 0xE3, 0x87, 0x1C, 0x30, 0xE1, 0x87, 0x3C, 0x3F, 0xC1,
    0xE0, 0x07, 0x00, 0x38, 0x01, 0x80, 0x0C, 0x40, 0x17, 0x01, 0xF8, 0x0F, 0xC0, 0x7E, 0x03, 0xF0,
    0x1F, 0x80, 0xFF, 0xFF, 0xFF, 0xFF, 0x01, 0xF8, 0x0F, 0xC0, 0x7E, 0x03, 0xF0, 0x1F, 0x80, 0xFC,
    0x07, 0x00, 0x38, 0x01, 0xC0, 0x1E, 0x01, 0xE0, 0x06, 0x00, 0xE0, 0xF8, 0x7E, 0x1F, 0x87, 0xE1,
    0xFF, 0xFF, 0xFF, 0x87, 0xE1, 0xF8, 0x7E, 0x1F, 0x87, 0x01, 0xC0, 0x70, 0x3C, 0x1E, 0x03, 0x00,
    0x40, 0x11, 0xC0, 0x73, 0x80, 0xE7, 0x01, 0xCE, 0x03, 0x9C, 0x07, 0x38, 0x0E, 0x7F, 0xFC, 0xFF,
    0xF9, 0xC0, 0x73, 0x80, 0xE7, 0x01, 0xCE, 0x03, 0x9C, 0x07, 0x38, 0x0F, 0xF0, 0x1F, 0x00, 0x0C,
    0x00, 0x38, 0x00, 0x70, 0x00, 0xC0, 0xE0, 0xCE, 0x1C, 0xE1, 0xCE, 0x1C, 0xE1, 0xCF, 0xFC, 0xFF,
    0xCE, 0x1C, 0xE1, 0xCE, 0x1C, 0xE1, 0xFE, 0x1F, 0x00, 0x60, 0x0E, 0x00, 0xE0, 0x0C, 0x40, 0x23,
    0x81, 0xCE, 0x07, 0x38, 0x1C, 0xE0, 0x73, 0x81, 0xCE, 0x07, 0x1C, 0x1C, 0x7F, 0xF0, 0xFF, 0xC0,
    0xF7, 0x00, 0x1C, 0x00, 0x70, 0x01, 0xC0, 0x07, 0xC0, 0x1F, 0x00, 0x1C, 0x00, 0x70, 0x01, 0xC0,
    0x06, 0xE1, 0xDC, 0x3B, 0x87, 0x70, 0xEE, 0x1D, 0xC3, 0x9F, 0xF3, 0xFE, 0x1F, 0xC0, 0x38, 0x07,
    0x80, 0xF0, 0x06, 0x00, 0xC0, 0x18, 0x03, 0x60, 0x03, 0x3C, 0x01, 0xCF, 0x80, 0xF3, 0xE0, 0x3C,
    0xF8, 0x1F, 0x3F, 0x07, 0xCF, 0xC1, 0xB3, 0xB8, 0xEC, 0xEE, 0x3B, 0x39, 0x8C, 0xCE, 0x77, 0x33,
    0x9D, 0x8C, 0xE3, 0xE3, 0x38, 0xF8, 0xCE, 0x1C, 0x3F, 0x87, 0x0F, 0x00, 0x01, 0xC0, 0x00, 0x60,
    0x00, 0x38, 0x00, 0x04, 0xF0, 0x3C, 0xF0, 0x3C, 0xF8, 0x7C, 0xF8, 0x7C, 0xF8, 0x7C, 0xFC, 0xFC,
    0xFC, 0xDC, 0xEF, 0xDC, 0xEF, 0xDC, 0xE7, 0x9C, 0xE7, 0x9F, 0xE3, 0x1E, 0x00, 0x06, 0x00, 0x0E,
    0x00, 0x0E, 0x00, 0x0C, 0x5F, 0xFF, 0xFF, 0xFF, 0xFF, 0xFF, 0x0C, 0xC0, 0x3F, 0x00, 0x78, 0x00,
    0x00, 0x03, 0x00, 0x1E, 0x00, 0x78, 0x01, 0xF0, 0x0F, 0xC0, 0x3B, 0x00, 0xCE, 0x07, 0x38, 0x1C,
    0x60, 0x61, 0xC3, 0xFF, 0x0F, 0xFE, 0x70, 0x39, 0xC0, 0x66, 0x01, 0xF8, 0x07, 0x39, 0x83, 0xF0,
    0x7C, 0x00, 0x00, 0xF0, 0x7F, 0x1F, 0xF3, 0x86, 0x00, 0xC3, 0xF9, 0xFF, 0x3C, 0x66, 0x0C, 0xC3,
    0x9F, 0xF1, 0xFE, 0x0C, 0x00, 0x0C, 0xC0, 0x3B, 0x80, 0xCE, 0x00, 0x00, 0x03, 0x00, 0x1E, 0x00,
    0x78, 0x01, 0xF0, 0x0F, 0xC0, 0x3B, 0x00, 0xCE, 0x07, 0x38, 0x1C, 0x60, 0x61, 0xC3, 0xFF, 0x0F,
    0xFE, 0x70, 0x39, 0xC0, 0x66, 0x01, 0xF8, 0x07, 0x39, 0x87, 0x70, 0xE6, 0x00, 0x00, 0xF0, 0x7F,
    0x1F, 0xF3, 0x86, 0x00, 0xC3, 0xF9, 0xFF, 0x3C, 0x66, 0x0C, 0xC3, 0x9F, 0xF1, 0xFE, 0x0C, 0x00,
    0x00, 0xFF, 0xE0, 0x1F, 0xFF, 0x01, 0xBF, 0xE0, 0x3B, 0x00, 0x03, 0x30, 0x00, 0x73, 0x00, 0x06,
    0x30, 0x00, 0xE3, 0xFE, 0x0E, 0x3F, 0xE1, 0xC3, 0xFE, 0x1F, 0xF0, 0x03, 0xFF, 0x00, 0x38, 0x30,
    0x07, 0x03, 0x00, 0x70, 0x3F, 0xFE, 0x03, 0xFF, 0x0F, 0x1E, 0x07, 0xF7, 0xF1, 0xFF, 0xFF, 0x38,
    0x70, 0xE0, 0x0C, 0x0C, 0x3F, 0xFF, 0x9F, 0xFF, 0xF3, 0xC6, 0x00, 0x60, 0xE0, 0x0C, 0x3C, 0x39,
    0xFF, 0xFF, 0x1F, 0x9F, 0xC0, 0xC0, 0xC0, 0x31, 0x83, 0xE0, 0x7C, 0x00, 0x07, 0xFD, 0xFF, 0xBF,
    0xF7, 0x00, 0xE0, 0x1C, 0x03, 0x80, 0x7F, 0xEF, 0xFD, 0xFF, 0x38, 0x07, 0x00, 0xE0, 0x1C, 0x03,
    0xFF, 0x7F, 0xF0, 0x33, 0x07, 0xE0, 0x78, 0x00, 0x01, 0xE0, 0x7F, 0x1F, 0xF7, 0x0E, 0xC0, 0xDF,
    0xFB, 0xFF, 0x60, 0x0E, 0x01, 0xC3, 0x9F, 0xF1, 0xFC, 0x0E, 0x00, 0x07, 0x00, 0x7F, 0x03, 0xFF,
    0x1C, 0x1C, 0xE0, 0x3B, 0x80, 0x60, 0x01, 0xBF, 0xFF, 0xFF, 0xFF, 0xFF, 0xFE, 0x01, 0xB8, 0x0E,
    0x60, 0x39, 0xC1, 0xC3, 0xFE, 0x07, 0xF0, 0x02, 0x00, 0x3E, 0x0F, 0xF3, 0xCE, 0x70, 0xE0, 0x0D,
    0xFF, 0xBF, 0xF7, 0xFE, 0xE0, 0xDC, 0x39, 0xFE, 0x1F, 0x80, 0x00, 0x1C, 0xC0, 0x77, 0x01, 0xCC,
    0x00, 0x00, 0x07, 0x00, 0x7F, 0x03, 0xFF, 0x1C, 0x1C, 0xE0, 0x3B, 0x80, 0x60, 0x01, 0xBF, 0xFF,
    0xFF, 0xFF, 0xFF, 0xFE, 0x01, 0xB8, 0x0E, 0x60, 0x39, 0xC1, 0xC3, 0xFE, 0x07, 0xF0, 0x02, 0x00,
    0x33, 0x0E, 0x70, 0xCC, 0x00, 0x03, 0xE0, 0xFF, 0x3C, 0xE7, 0x0E, 0x00, 0xDF, 0xFB, 0xFF, 0x7F,
    0xEE, 0x0D, 0xC3, 0x9F, 0xE1, 0xF8, 0x00, 0x00, 0x01, 0x98, 0x00, 0x39, 0xC0, 0x01, 0x98, 0x00,
    0x00, 0x00, 0x60, 0x60, 0x67, 0x06, 0x0E, 0x38, 0x61, 0xC3, 0x86, 0x1C, 0x1C, 0x63, 0x81, 0xC6,
    0x38, 0x0E, 0x67, 0x00, 0x7F, 0xE0, 0x07, 0xFE, 0x00, 0xFF, 0xF0, 0x0E, 0x67, 0x01, 0xC6, 0x38,
    0x38, 0x61, 0xC3, 0x86, 0x1C, 0x70, 0x60, 0xEE, 0x06, 0x0F, 0x06, 0x70, 0x03, 0xB8, 0x01, 0xDC,
    0x00, 0x00, 0x06, 0x1C, 0x33, 0x8E, 0x38, 0xE7, 0x38, 0x3B, 0xB8, 0x1D, 0xDC, 0x07, 0xFC, 0x01,
    0xFC, 0x01, 0xFF, 0x01, 0xDD, 0xC1, 0xCE, 0x71, 0xE7, 0x38, 0xE3, 0x8E, 0x33, 0x87, 0x70, 0xEE,
    0x00, 0x00, 0xE0, 0x7F, 0x1F, 0xF7, 0x0E, 0xE0, 0xC0, 0x18, 0x07, 0x07, 0xC0, 0xF8, 0x07, 0x80,
    0x38, 0x07, 0xE0, 0xFC, 0x1D, 0xFF, 0x1F, 0xC0, 0x40, 0x33, 0x1E, 0xE3, 0x30, 0x00, 0x1E, 0x0F,
    0xC7, 0x39, 0x86, 0x03, 0x83, 0xE0, 0xF0, 0x0E, 0x01, 0xD8, 0x77, 0xF8, 0xFC, 0x00, 0x00, 0x7F,
    0xCF, 0xF9, 0xFF, 0x01, 0xC0, 0x38, 0x0E, 0x03, 0x80, 0xF8, 0x1F, 0xC0, 0x38, 0x03, 0x80, 0x7E,
    0x0F, 0xC1, 0xDF, 0xF1, 0xFC, 0x04, 0x00, 0x7F, 0xCF, 0xF9, 0xFF, 0x01, 0xC0, 0x38, 0x0E, 0x03,
    0x80, 0xF8, 0x1F, 0xC0, 0x38, 0x03, 0x80, 0x7E, 0x0F, 0xC1, 0xDF, 0xF1, 0xFC, 0x04, 0x00, 0x0F,
    0x80, 0x7E, 0x03, 0xF0, 0x00, 0x04, 0x01, 0xF0, 0x1F, 0x81, 0xFC, 0x1F, 0xE0, 0xFF, 0x0E, 0xF8,
    0x77, 0xC7, 0x3E, 0x71, 0xF3, 0x8F, 0xB8, 0x7F, 0x83, 0xFC, 0x1F, 0xC0, 0xFE, 0x07, 0xE0, 0x30,
    0x1F, 0x0F, 0xC3, 0xF0, 0x00, 0xE0, 0xF8, 0x7E, 0x3F, 0x8F, 0xE7, 0xFB, 0xFE, 0xDF, 0xF7, 0xF9,
    0xFC, 0x7F, 0x1F, 0x87, 0x0C, 0xC0, 0xEF, 0x03, 0x30, 0x00, 0x04, 0x01, 0xF0, 0x1F, 0x81, 0xFC,
    0x1F, 0xE0, 0xFF, 0x0E, 0xF8, 0x77, 0xC7, 0x3E, 0x71, 0xF3, 0x8F, 0xB8, 0x7F, 0x83, 0xFC, 0x1F,
    0xC0, 0xFE, 0x07, 0xE0, 0x30, 0x33, 0x1E, 0xE3, 0x38, 0x00, 0xE0, 0xF8, 0x7E, 0x3F, 0x8F, 0xE7,
    0xFB, 0xFE, 0xDF, 0xF7, 0xF9, 0xFC, 0x7F, 0x1F, 0x87, 0x0C, 0xC0, 0x73, 0x80, 0xCC, 0x00, 0x00,
    0x07, 0x80, 0x7F, 0x83, 0xFF, 0x1E, 0x1E, 0x70, 0x3B, 0x80, 0x7E, 0x01, 0xF8, 0x07, 0xE0, 0x1F,
    0x80, 0x7E, 0x01, 0xF8, 0x07, 0x70, 0x39, 0xE1, 0xE3, 0xFF, 0x07, 0xF8, 0x03, 0x00, 0x33, 0x07,
    0x70, 0xCE, 0x00, 0x01, 0xE0, 0x7F, 0x1F, 0xF7, 0x0E, 0xE0, 0xF8, 0x1F, 0x03, 0xE0, 0x7E, 0x0D,
    0xC3, 0x9F, 0xF1, 0xFC, 0x0C, 0x00, 0x07, 0x80, 0x7F, 0x83, 0xFF, 0x1E, 0x1E, 0x70, 0x3B, 0x80,
    0x7E, 0x01, 0xFF, 0xFF, 0xFF, 0xFF, 0xFF, 0xFE, 0x01, 0xF8, 0x07, 0x70, 0x39, 0xE1, 0xE3, 0xFF,
    0x07, 0xF8, 0x03, 0x00, 0x1E, 0x07, 0xF1, 0xFF, 0x70, 0xEE, 0x0F, 0xF9, 0xFF, 0xFE, 0x3F, 0xE0,
    0xDC, 0x39, 0xFF, 0x1F, 0xC0, 0xC0, 0x0C, 0xC0, 0x73, 0x80, 0xCC, 0x00, 0x00, 0x07, 0x80, 0x7F,
    0x83, 0xFF, 0x1E, 0x1E, 0x70, 0x3B, 0x80, 0x7E, 0x01, 0xFF, 0xFF, 0xFF, 0xFF, 0xFF, 0xFE, 0x01,
    0xF8, 0x07, 0x70, 0x39, 0xE1, 0xE3, 0xFF, 0x07, 0xF8, 0x03, 0x00, 0x33, 0x07, 0x70, 0xCE, 0x00,
    0x01, 0xE0, 0x7F, 0x1F, 0xF7, 0x0E, 0xE0, 0xFF, 0x9F, 0xFF, 0xE3, 0xFE, 0x0D, 0xC3, 0x9F, 0xF1,
    0xFC, 0x0C, 0x00, 0x19, 0x80, 0xEE, 0x06, 0x70, 0x00, 0x00, 0x70, 0x1F, 0xE1, 0xFF, 0x8E, 0x0E,
    0xE0, 0x3E, 0x01, 0xC0, 0x0E, 0x1F, 0xF0, 0xFF, 0x80, 0x0C, 0x00, 0xFC, 0x07, 0xE0, 0x33, 0x87,
    0x9F, 0xF8, 0x3F, 0x80, 0x60, 0x00, 0x73, 0x1D, 0xC7, 0x30, 0x00, 0x1E, 0x1F, 0xCF, 0xFB, 0x87,
    0x01, 0xC7, 0xF1, 0xFC, 0x7F, 0x41, 0xF8, 0x7F, 0xF9, 0xFC, 0x0C, 0x00, 0x0F, 0x80, 0xFE, 0x03,
    0xE0, 0x00, 0x04, 0x01, 0x70, 0x1D, 0xC1, 0xCE, 0x0E, 0x38, 0x61, 0xC7, 0x06, 0x38, 0x3B, 0x80,
    0xDC, 0x07, 0xC0, 0x1E, 0x00, 0xF0, 0x07, 0x00, 0x38, 0x0F, 0x80, 0x78, 0x00, 0x1F, 0x01, 0xF8,
    0x1F, 0x80, 0x00, 0xE0, 0x6E, 0x0E, 0x70, 0xE7, 0x0C, 0x31, 0xC3, 0x9C, 0x39, 0x81, 0xB8, 0x1F,
    0x80, 0xF0, 0x0F, 0x00, 0xE0, 0x0E, 0x00, 0xE0, 0x3C, 0x07, 0xC0, 0x30, 0x00, 0x18, 0xC0, 0xEE,
    0x07, 0x70, 0x00, 0x04, 0x01, 0x70, 0x1D, 0xC1, 0xCE, 0x0E, 0x38, 0x61, 0xC7, 0x06, 0x38, 0x3B,
    0x80, 0xDC, 0x07, 0xC0, 0x1E, 0x00, 0xF0, 0x07, 0x00, 0x38, 0x0F, 0x80, 0x78, 0x00, 0x19, 0x83,
    0xBC, 0x19, 0x80, 0x00, 0xE0, 0x6E, 0x0E, 0x70, 0xE7, 0x0C, 0x31, 0xC3, 0x9C, 0x39, 0x81, 0xB8,
    0x1F, 0x80, 0xF0, 0x0F, 0x00, 0xE0, 0x0E, 0x00, 0xE0, 0x3C, 0x07, 0xC0, 0x30, 0x00, 0x0E, 0xC0,
    0x6E, 0x07, 0x60, 0x02, 0x04, 0x01, 0x70, 0x1D, 0xC1, 0xCE, 0x0E, 0x38, 0x61, 0xC7, 0x06, 0x38,
    0x3B, 0x80, 0xDC, 0x07, 0xC0, 0x1E, 0x00, 0xF0, 0x07, 0x00, 0x38, 0x0F, 0x80, 0x78, 0x00, 0x1D,
    0xC1, 0xB8, 0x3B, 0x01, 0x20, 0xE0, 0x6E, 0x0E, 0x70, 0xE7, 0x0C, 0x31, 0xC3, 0x9C, 0x39, 0x81,
    0xB8, 0x1F, 0x80, 0xF0, 0x0F, 0x00, 0xE0, 0x0E, 0x00, 0xE0, 0x3C, 0x07, 0xC0, 0x30, 0x00, 0x19,
    0x81, 0xDC, 0x19, 0xC0, 0x00, 0x40, 0x2E, 0x07, 0xE0, 0x7E, 0x07, 0xE0, 0x7E, 0x07, 0xE0, 0x77,
    0x07, 0x7F, 0xF3, 0xFF, 0x0F, 0x70, 0x07, 0x00, 0x70, 0x07, 0x00, 0x70, 0x07, 0x33, 0x1C, 0xE3,
    0x30, 0x00, 0xE1, 0xF8, 0x7E, 0x1F, 0x87, 0xE1, 0xF8, 0x77, 0xFD, 0xFF, 0x1F, 0xC0, 0x70, 0x1C,
    0x07, 0x7F, 0xDF, 0xFB, 0xFF, 0x70, 0x0E, 0x01, 0xC0, 0x38, 0x07, 0x00, 0xE0, 0x1C, 0x03, 0x80,
    0x70, 0x0E, 0x01, 0xC0, 0x3E, 0x07, 0xC0, 0x38, 0x07, 0x00, 0xE0, 0x18, 0x00, 0xFF, 0xFF, 0xFF,
    0xE0, 0xE0, 0xE0, 0xE0, 0xE0, 0xE0, 0xE0, 0xF0, 0xF0, 0x30, 0x30, 0x30, 0x30, 0x06, 0x60, 0x0E,
    0xF0, 0x0E, 0x60, 0x00, 0x00, 0x40, 0x02, 0xE0, 0x07, 0xE0, 0x07, 0xE0, 0x07, 0xE0, 0x07, 0xE0,
    0x07, 0xFE, 0x07, 0xFF, 0xC7, 0xFF, 0xE7, 0xE0, 0xE7, 0xE0, 0x77, 0xE0, 0x77, 0xE0, 0x77, 0xE0,
    0xE7, 0xFF, 0xE7, 0xFF, 0xC7, 0x1C, 0xC0, 0xEE, 0x07, 0x30, 0x00, 0x0E, 0x01, 0xF0, 0x0F, 0x80,
    0x7C, 0x03, 0xFE, 0x1F, 0xFC, 0xFF, 0xE7, 0xC3, 0xBE, 0x1D, 0xF0, 0xEF, 0xFE, 0x7F, 0xE3, 0x3F,
    0xE3, 0xFF, 0x3F, 0xF3, 0x00, 0x30, 0x03, 0x00, 0x30, 0x0F, 0xF8, 0xFF, 0x8F, 0xF0, 0x30, 0x03,
    0x00, 0x30, 0x03, 0x00, 0x3C, 0x03, 0xC0, 0x0C, 0x00, 0xC0, 0x7C, 0x07, 0x80, 0x70, 0x00, 0x7F,
    0xBF, 0xDF, 0xEE, 0x07, 0x07, 0xF3, 0xF8, 0xF8, 0x70, 0x38, 0x1E, 0x0F, 0x81, 0x80, 0xC1, 0xE1,
    0xF0, 0x60, 0x00, 0x60, 0x18, 0xE0, 0x70, 0xE0, 0xE1, 0xC3, 0x81, 0xCE, 0x01, 0xDC, 0x03, 0xF0,
    0x03, 0xC0, 0x07, 0x80, 0x0F, 0x80, 0x3F, 0x00, 0xE7, 0x01, 0xC7, 0x07, 0x0E, 0x1C, 0x0F, 0xF8,
    0x0F, 0x00, 0x0E, 0x00, 0x1C, 0x00, 0xF8, 0x01, 0xE0, 0x03, 0x80, 0x60, 0xCE, 0x39, 0xC6, 0x1D,
    0xC1, 0xF0, 0x3E, 0x03, 0x80, 0xF8, 0x3F, 0x07, 0x71, 0xC7, 0x30, 0xE0, 0x0C, 0x01, 0x80, 0xF0,
    0x3E, 0x03, 0x00, 0x60, 0x19, 0xC0, 0xE3, 0x83, 0x8E, 0x1C, 0x1C, 0xE0, 0x3B, 0x80, 0xFC, 0x0F,
    0xFE, 0x7F, 0xF8, 0x1F, 0x00, 0xFC, 0x07, 0x38, 0x1C, 0x70, 0xE1, 0xC7, 0x03, 0xBC, 0x07, 0x60,
    0xEE, 0x38, 0xE7, 0x1D, 0xC1, 0xF0, 0xFF, 0x9F, 0xF0, 0xF8, 0x1B, 0x87, 0x31, 0xC7, 0x38, 0x70,
    0x03, 0x00, 0x1E, 0x00, 0x78, 0x01, 0xF0, 0x0F, 0xC0, 0x3B, 0x00, 0xCE, 0x07, 0x38, 0x1C, 0x60,
    0x61, 0xC3, 0xFF, 0x0F, 0xFE, 0x70, 0x39, 0xC0, 0x66, 0x01, 0xF8, 0x07, 0x00, 0x00, 0x00, 0x00,
    0x30, 0x00, 0xE0, 0x03, 0x00, 0x0F, 0x07, 0xF1, 0xFF, 0x38, 0x60, 0x0C, 0x3F, 0x9F, 0xF3, 0xC6,
    0x60, 0xCC, 0x39, 0xFF, 0x1F, 0xE0, 0xC0, 0x00, 0x01, 0x80, 0x70, 0x0E, 0x00, 0x07, 0x80, 0x1E,
    0x00, 0x38, 0x00, 0x00, 0x03, 0x00, 0x1E, 0x00, 0x78, 0x01, 0xF0, 0x0F, 0xC0, 0x3B, 0x00, 0xCE,
    0x07, 0x38, 0x1C, 0x60, 0x61, 0xC3, 0xFF, 0x0F, 0xFE, 0x70, 0x39, 0xC0, 0x66, 0x01, 0xF8, 0x07,
    0x0E, 0x01, 0xC0, 0x18, 0x02, 0x00, 0xF0, 0x7F, 0x1F, 0xF3, 0x86, 0x00, 0xC3, 0xF9, 0xFF, 0x3C,
    0x66, 0x0C, 0xC3, 0x9F, 0xF1, 0xFE, 0x0C, 0x00, 0x00, 0x30, 0x01, 0xC0, 0x06, 0x00, 0x38, 0x03,
    0x80, 0x1F, 0x00, 0xEC, 0x03, 0x10, 0x03, 0x00, 0x1E, 0x00, 0x78, 0x01, 0xF0, 0x0F, 0xC0, 0x3B,
    0x00, 0xCE, 0x07, 0x38, 0x1C, 0x60, 0x61, 0xC3, 0xFF, 0x0F, 0xFE, 0x70, 0x39, 0xC0, 0x66, 0x01,
    0xF8, 0x07, 0x00, 0x40, 0x18, 0x07, 0x00, 0xC0, 0xE0, 0x3E, 0x06, 0xE0, 0x8C, 0x0F, 0x07, 0xF1,
    0xFF, 0x38, 0x60, 0x0C, 0x3F, 0x9F, 0xF3, 0xC6, 0x60, 0xCC, 0x39, 0xFF, 0x1F, 0xE0, 0xC0, 0x01,
    0x80, 0x07, 0x00, 0x0C, 0x00, 0x18, 0x03, 0x80, 0x1F, 0x00, 0xEC, 0x03, 0x10, 0x03, 0x00, 0x1E,
    0x00, 0x78, 0x01, 0xF0, 0x0F, 0xC0, 0x3B, 0x00, 0xCE, 0x07, 0x38, 0x1C, 0x60, 0x61, 0xC3, 0xFF,
    0x0F, 0xFE, 0x70, 0x39, 0xC0, 0x66, 0x01, 0xF8, 0x07, 0x03, 0x00, 0x60, 0x0E, 0x00, 0xC0, 0xE0,
    0x3E, 0x06, 0xE0, 0x8C, 0x0F, 0x07, 0xF1, 0xFF, 0x38, 0x60, 0x0C, 0x3F, 0x9F, 0xF3, 0xC6, 0x60,
    0xCC, 0x39, 0xFF, 0x1F, 0xE0, 0xC0, 0x00, 0xC0, 0x07, 0x80, 0x06, 0x00, 0x30, 0x03, 0x80, 0x1F,
    0x00, 0xEC, 0x03, 0x10, 0x03, 0x00, 0x1E, 0x00, 0x78, 0x01, 0xF0, 0x0F, 0xC0, 0x3B, 0x00, 0xCE,
    0x07, 0x38, 0x1C, 0x60, 0x61, 0xC3, 0xFF, 0x0F, 0xFE, 0x70, 0x39, 0xC0, 0x66, 0x01, 0xF8, 0x07,
    0x03, 0x00, 0x70, 0x06, 0x00, 0xC0, 0xE0, 0x3E, 0x06, 0xE0, 0x8C, 0x0F, 0x07, 0xF1, 0xFF, 0x38,
    0x60, 0x0C, 0x3F, 0x9F, 0xF3, 0xC6, 0x60, 0xCC, 0x39, 0xFF, 0x1F, 0xE0, 0xC0, 0x0F, 0xC0, 0x3F,
    0x00, 0xC8, 0x00, 0xE0, 0x07, 0xC0, 0x3B, 0x00, 0xC4, 0x00, 0xC0, 0x07, 0x80, 0x1E, 0x00, 0x7C,
    0x03, 0xF0, 0x0E, 0xC0, 0x33, 0x81, 0xCE, 0x07, 0x18, 0x18, 0x70, 0xFF, 0xC3, 0xFF, 0x9C, 0x0E,
    0x70, 0x19, 0x80, 0x7E, 0x01, 0xC0, 0x1D, 0x83, 0xF0, 0x4C, 0x07, 0x01, 0xF0, 0x37, 0x04, 0x60,
    0x78, 0x3F, 0x8F, 0xF9, 0xC3, 0x00, 0x61, 0xFC, 0xFF, 0x9E, 0x33, 0x06, 0x61, 0xCF, 0xF8, 0xFF,
    0x06, 0x00, 0x03, 0x80, 0x1F, 0x00, 0xEE, 0x00, 0x00, 0x03, 0x00, 0x1E, 0x00, 0x78, 0x01, 0xF0,
    0x0F, 0xC0, 0x3B, 0x00, 0xCE, 0x07, 0x38, 0x1C, 0x60, 0x61, 0xC3, 0xFF, 0x0F, 0xFE, 0x70, 0x39,
    0xC0, 0x66, 0x01, 0xF8, 0x07, 0x00, 0x00, 0x00, 0x00, 0x30, 0x00, 0xE0, 0x03, 0x00, 0x0E, 0x03,
    0xE0, 0xEE, 0x00, 0x00, 0xF0, 0x7F, 0x1F, 0xF3, 0x86, 0x00, 0xC3, 0xF9, 0xFF, 0x3C, 0x66, 0x0C,
    0xC3, 0x9F, 0xF1, 0xFE, 0x0C, 0x00, 0x00, 0x18, 0x07, 0x00, 0xE0, 0x00, 0xC0, 0x07, 0x00, 0x18,
    0x00, 0xC0, 0x0C, 0x40, 0x3B, 0x00, 0x7C, 0x00, 0xC0, 0x03, 0x00, 0x1E, 0x00, 0x78, 0x01, 0xF0,
    0x0F, 0xC0, 0x3B, 0x00, 0xCE, 0x07, 0x38, 0x1C, 0x60, 0x61, 0xC3, 0xFF, 0x0F, 0xFE, 0x70, 0x39,
    0xC0, 0x66, 0x01, 0xF8, 0x07, 0x03, 0x00, 0x60, 0x1C, 0x03, 0x01, 0x18, 0x37, 0x07, 0xC0, 0x30,
    0x0F, 0x07, 0xF1, 0xFF, 0x38, 0x60, 0x0C, 0x3F, 0x9F, 0xF3, 0xC6, 0x60, 0xCC, 0x39, 0xFF, 0x1F,
    0xE0, 0xC0, 0x04, 0x00, 0x18, 0x00, 0x70, 0x00, 0xC0, 0x0C, 0xC0, 0x3B, 0x00, 0x7C, 0x00, 0xC0,
    0x03, 0x00, 0x1E, 0x00, 0x78, 0x01, 0xF0, 0x0F, 0xC0, 0x3B, 0x00, 0xCE, 0x07, 0x38, 0x1C, 0x60,
    0x61, 0xC3, 0xFF, 0x0F, 0xFE, 0x70, 0x39, 0xC0, 0x66, 0x01, 0xF8, 0x07, 0x18, 0x03, 0x80, 0x30,
    0x07, 0x03, 0x18, 0x37, 0x07, 0xC0, 0x30, 0x0F, 0x07, 0xF1, 0xFF, 0x38, 0x60, 0x0C, 0x3F, 0x9F,
    0xF3, 0xC6, 0x60, 0xCC, 0x39, 0xFF, 0x1F, 0xE0, 0xC0, 0x03, 0x00, 0x1E, 0x00, 0x18, 0x00, 0xC0,
    0x0C, 0x40, 0x3B, 0x00, 0x7C, 0x00, 0xC0, 0x03, 0x00, 0x1E, 0x00, 0x78, 0x01, 0xF0, 0x0F, 0xC0,
    0x3B, 0x00, 0xCE, 0x07, 0x38, 0x1C, 0x60, 0x61, 0xC3, 0xFF, 0x0F, 0xFE, 0x70, 0x39, 0xC0, 0x66,
    0x01, 0xF8, 0x07, 0x0C, 0x01, 0xC0, 0x18, 0x03, 0x01, 0x18, 0x37, 0x07, 0xC0, 0x30, 0x0F, 0x07,
    0xF1, 0xFF, 0x38, 0x60, 0x0C, 0x3F, 0x9F, 0xF3, 0xC6, 0x60, 0xCC, 0x39, 0xFF, 0x1F, 0xE0, 0xC0,
    0x07, 0xE0, 0x3F, 0x00, 0xC8, 0x03, 0x30, 0x0E, 0xC0, 0x1F, 0x00, 0x30, 0x00, 0xC0, 0x07, 0x80,
    0x1E, 0x00, 0x7C, 0x03, 0xF0, 0x0E, 0xC0, 0x33, 0x81, 0xCE, 0x07, 0x18, 0x18, 0x70, 0xFF, 0xC3,
    0xFF, 0x9C, 0x0E, 0x70, 0x19, 0x80, 0x7E, 0x01, 0xC0, 0x1D, 0x83, 0xF0, 0x4C, 0x08, 0xC1, 0xB8,
    0x3E, 0x01, 0x80, 0x78, 0x3F, 0x8F, 0xF9, 0xC3, 0x00, 0x61, 0xFC, 0xFF, 0x9E, 0x33, 0x06, 0x61,
    0xCF, 0xF8, 0xFF, 0x06, 0x00, 0x0C, 0xC0, 0x3F, 0x00, 0x78, 0x00, 0x00, 0x03, 0x00, 0x1E, 0x00,
    0x78, 0x01, 0xF0, 0x0F, 0xC0, 0x3B, 0x00, 0xCE, 0x07, 0x38, 0x1C, 0x60, 0x61, 0xC3, 0xFF, 0x0F,
    0xFE, 0x70, 0x39, 0xC0, 0x66, 0x01, 0xF8, 0x07, 0x00, 0x00, 0x00, 0x00, 0x30, 0x00, 0xE0, 0x03,
    0x00, 0x39, 0x83, 0xF0, 0x7C, 0x00, 0x00, 0xF0, 0x7F, 0x1F, 0xF3, 0x86, 0x00, 0xC3, 0xF9, 0xFF,
    0x3C, 0x66, 0x0C, 0xC3, 0x9F, 0xF1, 0xFE, 0x0C, 0x00, 0x00, 0x18, 0x07, 0x00, 0xE0, 0x7F, 0xDF,
    0xFB, 0xFF, 0x70, 0x0E, 0x01, 0xC0, 0x38, 0x07, 0xFE, 0xFF, 0xDF, 0xF3, 0x80, 0x70, 0x0E, 0x01,
    0xC0, 0x3F, 0xF7, 0xFF, 0x00, 0x00, 0x00, 0x38, 0x07, 0x00, 0xE0, 0x1E, 0x07, 0xF1, 0xFF, 0x70,
    0xEC, 0x0D, 0xFF, 0xBF, 0xF6, 0x00, 0xE0, 0x1C, 0x39, 0xFF, 0x1F, 0xC0, 0xE0, 0x00, 0x03, 0x00,
    0x70, 0x0C, 0x00, 0x1E, 0x01, 0xC0, 0x18, 0x02, 0x07, 0xFD, 0xFF, 0xBF, 0xF7, 0x00, 0xE0, 0x1C,
    0x03, 0x80, 0x7F, 0xEF, 0xFD, 0xFF, 0x38, 0x07, 0x00, 0xE0, 0x1C, 0x03, 0xFF, 0x7F, 0xF0, 0x1E,
    0x03, 0xC0, 0x38, 0x00, 0x01, 0xE0, 0x7F, 0x1F, 0xF7, 0x0E, 0xC0, 0xDF, 0xFB, 0xFF, 0x60, 0x0E,
    0x01, 0xC3, 0x9F, 0xF1, 0xFC, 0x0E, 0x00, 0x19, 0x87, 0xF0, 0xDC, 0x00, 0x07, 0xFD, 0xFF, 0xBF,
    0xF7, 0x00, 0xE0, 0x1C, 0x03, 0x80, 0x7F, 0xEF, 0xFD, 0xFF, 0x38, 0x07, 0x00, 0xE0, 0x1C, 0x03,
    0xFF, 0x7F, 0xF0, 0x19, 0x07, 0xE0, 0xDC, 0x00, 0x01, 0xE0, 0x7F, 0x1F, 0xF7, 0x0E, 0xC0, 0xDF,
    0xFB, 0xFF, 0x60, 0x0E, 0x01, 0xC3, 0x9F, 0xF1, 0xFC, 0x0E, 0x00, 0x00, 0xC0, 0x18, 0x07, 0x00,
    0xC0, 0xE0, 0x3E, 0x0E, 0xE1, 0x8C, 0x7F, 0xDF, 0xFB, 0xFF, 0x70, 0x0E, 0x01, 0xC0, 0x38, 0x07,
    0xFE, 0xFF, 0xDF, 0xF3, 0x80, 0x70, 0x0E, 0x01, 0xC0, 0x3F, 0xF7, 0xFF, 0x00, 0xC0, 0x38, 0x06,
    0x01, 0xC0, 0xE0, 0x3C, 0x0E, 0xC1, 0x88, 0x1E, 0x07, 0xF1, 0xFF, 0x70, 0xEC, 0x0D, 0xFF, 0xBF,
    0xF6, 0x00, 0xE0, 0x1C, 0x39, 0xFF, 0x1F, 0xC0, 0xE0, 0x03, 0x00, 0x60, 0x0E, 0x00, 0xC0, 0xE0,
    0x3E, 0x0E, 0xE1, 0x8C, 0x7F, 0xDF, 0xFB, 0xFF, 0x70, 0x0E, 0x01, 0xC0, 0x38, 0x07, 0xFE, 0xFF,
    0xDF, 0xF3, 0x80, 0x70, 0x0E, 0x01, 0xC0, 0x3F, 0xF7, 0xFF, 0x06, 0x00, 0xE0, 0x0C, 0x00, 0xC0,
    0xE0, 0x3C, 0x0E, 0xC1, 0x88, 0x1E, 0x07, 0xF1, 0xFF, 0x70, 0xEC, 0x0D, 0xFF, 0xBF, 0xF6, 0x00,
    0xE0, 0x1C, 0x39, 0xFF, 0x1F, 0xC0, 0xE0, 0x03, 0x00, 0x70, 0x06, 0x00, 0xC0, 0xE0, 0x3E, 0x0E,
    0xE1, 0x8C, 0x7F, 0xDF, 0xFB, 0xFF, 0x70, 0x0E, 0x01, 0xC0, 0x38, 0x07, 0xFE, 0xFF, 0xDF, 0xF3,
    0x80, 0x70, 0x0E, 0x01, 0xC0, 0x3F, 0xF7, 0xFF, 0x03, 0x00, 0xF0, 0x06, 0x01, 0x80, 0xE0, 0x3C,
    0x0E, 0xC1, 0x88, 0x1E, 0x07, 0xF1, 0xFF, 0x70, 0xEC, 0x0D, 0xFF, 0xBF, 0xF6, 0x00, 0xE0, 0x1C,
    0x39, 0xFF, 0x1F, 0xC0, 0xE0, 0x1D, 0x87, 0xF0, 0x4C, 0x07, 0x01, 0xF0, 0x77, 0x0C, 0x63, 0xFE,
    0xFF, 0xDF, 0xFB, 0x80, 0x70, 0x0E, 0x01, 0xC0, 0x3F, 0xF7, 0xFE, 0xFF, 0x9C, 0x03, 0x80, 0x70,
    0x0E, 0x01, 0xFF, 0xBF, 0xF8, 0x3F, 0x07, 0xE0, 0xC8, 0x07, 0x01, 0xE0, 0x76, 0x0C, 0x40, 0xF0,
    0x3F, 0x8F, 0xFB, 0x87, 0x60, 0x6F, 0xFD, 0xFF, 0xB0, 0x07, 0x00, 0xE1, 0xCF, 0xF8, 0xFE, 0x07,
    0x00, 0x0E, 0x03, 0xE0, 0xEE, 0x00, 0x07, 0xFD, 0xFF, 0xBF, 0xF7, 0x00, 0xE0, 0x1C, 0x03, 0x80,
    0x7F, 0xEF, 0xFD, 0xFF, 0x38, 0x07, 0x00, 0xE0, 0x1C, 0x03, 0xFF, 0x7F, 0xF0, 0x00, 0x00, 0x03,
    0x80, 0x70, 0x0E, 0x00, 0x1E, 0x03, 0xE0, 0xEC, 0x00, 0x01, 0xE0, 0x7F, 0x1F, 0xF7, 0x0E, 0xC0,
    0xDF, 0xFB, 0xFF, 0x60, 0x0E, 0x01, 0xC3, 0x9F, 0xF1, 0xFC, 0x0E, 0x00, 0x00, 0x30, 0x07, 0x00,
    0xC0, 0xEF, 0x64, 0x4E, 0xEE, 0xEE, 0xEE, 0xEE, 0xEE, 0xEE, 0xEE, 0xF3, 0x8C, 0x47, 0x39, 0xCE,
    0x73, 0x9C, 0xE7, 0x39, 0xCE, 0x4E, 0xEE, 0xEE, 0xEE, 0xEE, 0xEE, 0xEE, 0xEE, 0x00, 0x6E, 0x60,
    0xFF, 0x8F, 0xFF, 0xFF, 0xFF, 0xFF, 0x03, 0xFE, 0x07, 0x80, 0x7F, 0x83, 0xFF, 0x1E, 0x1E, 0x70,
    0x3B, 0x80, 0x7E, 0x01, 0xF8, 0x07, 0xE0, 0x1F, 0x80, 0x7E, 0x01, 0xF8, 0x07, 0x70, 0x39, 0xE1,
    0xE3, 0xFF, 0x07, 0xF8, 0x03, 0x00, 0x00, 0x00, 0x30, 0x01, 0xE0, 0x03, 0x00, 0x1E, 0x07, 0xF1,
    0xFF, 0x70, 0xEE, 0x0F, 0x81, 0xF0, 0x3E, 0x07, 0xE0, 0xDC, 0x39, 0xFF, 0x1F, 0xC0, 0xC0, 0x00,
    0x03, 0x00, 0x70, 0x0E, 0x00, 0x07, 0x00, 0x1E, 0x00, 0x30, 0x00, 0x00, 0x07, 0x80, 0x7F, 0x83,
    0xFF, 0x1E, 0x1E, 0x70, 0x3B, 0x80, 0x7E, 0x01, 0xF8, 0x07, 0xE0, 0x1F, 0x80, 0x7E, 0x01, 0xF8,
    0x07, 0x70, 0x39, 0xE1, 0xE3, 0xFF, 0x07, 0xF8, 0x03, 0x00, 0x1E, 0x03, 0xC0, 0x38, 0x00, 0x01,
    0xE0, 0x7F, 0x1F, 0xF7, 0x0E, 0xE0, 0xF8, 0x1F, 0x03, 0xE0, 0x7E, 0x0D, 0xC3, 0x9F, 0xF1, 0xFC,
    0x0C, 0x00, 0x00, 0x30, 0x01, 0xC0, 0x06, 0x00, 0x30, 0x03, 0x00, 0x1E, 0x00, 0xFC, 0x03, 0x30,
    0x07, 0x80, 0x7F, 0x83, 0xFF, 0x1E, 0x1E, 0x70, 0x3B, 0x80, 0x7E, 0x01, 0xF8, 0x07, 0xE0, 0x1F,
    0x80, 0x7E, 0x01, 0xF8, 0x07, 0x70, 0x39, 0xE1, 0xE3, 0xFF, 0x07, 0xF8, 0x03, 0x00, 0x00, 0xC0,
    0x38, 0x06, 0x00, 0xC0, 0xE0, 0x3E, 0x0E, 0xC1, 0x8C, 0x1E, 0x07, 0xF1, 0xFF, 0x70, 0xEE, 0x0F,
    0x81, 0xF0, 0x3E, 0x07, 0xE0, 0xDC, 0x39, 0xFF, 0x1F, 0xC0, 0xC0, 0x01, 0x80, 0x07, 0x00, 0x0C,
    0x00, 0x38, 0x03, 0x00, 0x1E, 0x00, 0xFC, 0x03, 0x30, 0x07, 0x80, 0x7F, 0x83, 0xFF, 0x1E, 0x1E,
    0x70, 0x3B, 0x80, 0x7E, 0x01, 0xF8, 0x07, 0xE0, 0x1F, 0x80, 0x7E, 0x01, 0xF8, 0x07, 0x70, 0x39,
    0xE1, 0xE3, 0xFF, 0x07, 0xF8, 0x03, 0x00, 0x06, 0x00, 0xE0, 0x0E, 0x00, 0xC0, 0xE0, 0x3E, 0x0E,
    0xC1, 0x8C, 0x1E, 0x07, 0xF1, 0xFF, 0x70, 0xEE, 0x0F, 0x81, 0xF0, 0x3E, 0x07, 0xE0, 0xDC, 0x39,
    0xFF, 0x1F, 0xC0, 0xC0, 0x01, 0xC0, 0x07, 0x80, 0x06, 0x00, 0x30, 0x03, 0x00, 0x1E, 0x00, 0xFC,
    0x03, 0x30, 0x07, 0x80, 0x7F, 0x83, 0xFF, 0x1E, 0x1E, 0x70, 0x3B, 0x80, 0x7E, 0x01, 0xF8, 0x07,
    0xE0, 0x1F, 0x80, 0x7E, 0x01, 0xF8, 0x07, 0x70, 0x39, 0xE1, 0xE3, 0xFF, 0x07, 0xF8, 0x03, 0x00,
    0x03, 0x00, 0xF0, 0x06, 0x01, 0x80, 0xE0, 0x3E, 0x0E, 0xC1, 0x8C, 0x1E, 0x07, 0xF1, 0xFF, 0x70,
    0xEE, 0x0F, 0x81, 0xF0, 0x3E, 0x07, 0xE0, 0xDC, 0x39, 0xFF, 0x1F, 0xC0, 0xC0, 0x0F, 0xC0, 0x3F,
    0x00, 0x88, 0x00, 0xC0, 0x07, 0x80, 0x3F, 0x00, 0xCC, 0x01, 0xE0, 0x1F, 0xE0, 0xFF, 0xC7, 0x87,
    0x9C, 0x0E, 0xE0, 0x1F, 0x80, 0x7E, 0x01, 0xF8, 0x07, 0xE0, 0x1F, 0x80, 0x7E, 0x01, 0xDC, 0x0E,
    0x78, 0x78, 0xFF, 0xC1, 0xFE, 0x00, 0xC0, 0x1F, 0x87, 0xE0, 0xC8, 0x07, 0x01, 0xF0, 0x76, 0x0C,
    0x60, 0xF0, 0x3F, 0x8F, 0xFB, 0x87, 0x70, 0x7C, 0x0F, 0x81, 0xF0, 0x3F, 0x06, 0xE1, 0xCF, 0xF8,
    0xFE, 0x06, 0x00, 0x07, 0x80, 0x3E, 0x00, 0xCC, 0x00, 0x00, 0x07, 0x80, 0x7F, 0x83, 0xFF, 0x1E,
    0x1E, 0x70, 0x3B, 0x80, 0x7E, 0x01, 0xF8, 0x07, 0xE0, 0x1F, 0x80, 0x7E, 0x01, 0xF8, 0x07, 0x70,
    0x39, 0xE1, 0xE3, 0xFF, 0x07, 0xF8, 0x03, 0x00, 0x00, 0x00, 0x30, 0x01, 0xE0, 0x03, 0x00, 0x0E,
    0x03, 0xE0, 0xEE, 0x00, 0x01, 0xE0, 0x7F, 0x1F, 0xF7, 0x0E, 0xE0, 0xF8, 0x1F, 0x03, 0xE0, 0x7E,
    0x0D, 0xC3, 0x9F, 0xF1, 0xFC, 0x0C, 0x00, 0x00, 0x30, 0x07, 0x00, 0xE0, 0x01, 0xC0, 0x06, 0x00,
    0x38, 0xC0, 0x03, 0x07, 0xFC, 0x7F, 0xF3, 0xFF, 0x9E, 0x1E, 0x70, 0x3B, 0x80, 0x7E, 0x01, 0xF8,
    0x07, 0xE0, 0x1F, 0x80, 0x7E, 0x01, 0xF8, 0x07, 0x70, 0x39, 0xE1, 0xE3, 0xFF, 0x07, 0xF8, 0x03,
    0x00, 0x07, 0x00, 0xC0, 0x39, 0x82, 0x31, 0xFE, 0x7F, 0xDF, 0xF7, 0x0E, 0xE0, 0xF8, 0x1F, 0x03,
    0xE0, 0x7E, 0x0D, 0xC3, 0x9F, 0xF1, 0xFC, 0x0C, 0x00, 0x0E, 0x00, 0x18, 0x00, 0x70, 0xC0, 0x03,
    0x07, 0xFC, 0x7F, 0xF3, 0xFF, 0x9E, 0x1E, 0x70, 0x3B, 0x80, 0x7E, 0x01, 0xF8, 0x07, 0xE0, 0x1F,
    0x80, 0x7E, 0x01, 0xF8, 0x07, 0x70, 0x39, 0xE1, 0xE3, 0xFF, 0x07, 0xF8, 0x03, 0x00, 0x38, 0x03,
    0x80, 0x31, 0x82, 0x31, 0xFE, 0x7F, 0xDF, 0xF7, 0x0E, 0xE0, 0xF8, 0x1F, 0x03, 0xE0, 0x7E, 0x0D,
    0xC3, 0x9F, 0xF1, 0xFC, 0x0C, 0x00, 0x07, 0x00, 0x1E, 0x00, 0x30, 0xC0, 0x03, 0x07, 0xFC, 0x7F,
    0xF3, 0xFF, 0x9E, 0x1E, 0x70, 0x3B, 0x80, 0x7E, 0x01, 0xF8, 0x07, 0xE0, 0x1F, 0x80, 0x7E, 0x01,
    0xF8, 0x07, 0x70, 0x39, 0xE1, 0xE3, 0xFF, 0x07, 0xF8, 0x03, 0x00, 0x1E, 0x03, 0xC0, 0x39, 0x80,
    0x31, 0xFE, 0x7F, 0xDF, 0xF7, 0x0E, 0xE0, 0xF8, 0x1F, 0x03, 0xE0, 0x7E, 0x0D, 0xC3, 0x9F, 0xF1,
    0xFC, 0x0C, 0x00, 0x06, 0xC0, 0x3F, 0x00, 0xDC, 0xC0, 0x03, 0x07, 0xFC, 0x7F, 0xF3, 0xFF, 0x9E,
    0x1E, 0x70, 0x3B, 0x80, 0x7E, 0x01, 0xF8, 0x07, 0xE0, 0x1F, 0x80, 0x7E, 0x01, 0xF8, 0x07, 0x70,
    0x39, 0xE1, 0xE3, 0xFF, 0x07, 0xF8, 0x03, 0x00, 0x19, 0x07, 0xE0, 0xDD, 0x80, 0x31, 0xFE, 0x7F,
    0xDF, 0xF7, 0x0E, 0xE0, 0xF8, 0x1F, 0x03, 0xE0, 0x7E, 0x0D, 0xC3, 0x9F, 0xF1, 0xFC, 0x0C, 0x00,
    0x00, 0x0C, 0x00, 0x30, 0x7F, 0xC7, 0xFF, 0x3F, 0xF9, 0xE1, 0xE7, 0x03, 0xB8, 0x07, 0xE0, 0x1F,
    0x80, 0x7E, 0x01, 0xF8, 0x07, 0xE0, 0x1F, 0x80, 0x77, 0x03, 0x9E, 0x1E, 0x3F, 0xF0, 0x7F, 0x80,
    0x30, 0x00, 0x00, 0x03, 0x00, 0x1E, 0x00, 0x30, 0x00, 0x00, 0x60, 0x0C, 0x7F, 0x9F, 0xF7, 0xFD,
    0xC3, 0xB8, 0x3E, 0x07, 0xC0, 0xF8, 0x1F, 0x83, 0x70, 0xE7, 0xFC, 0x7F, 0x03, 0x00, 0x00, 0x0C,
    0x01, 0xC0, 0x38, 0x00, 0x40, 0x17, 0x01, 0xF8, 0x0F, 0xC0, 0x7E, 0x03, 0xF0, 0x1F, 0x80, 0xFC,
    0x07, 0xE0, 0x3F, 0x01, 0xF8, 0x0E, 0xC0, 0x77, 0x03, 0xBC, 0x38, 0xFF, 0xC3, 0xFC, 0x03, 0x00,
    0x00, 0x00, 0xC0, 0x0E, 0x00, 0x30, 0x00, 0xE0, 0xF8, 0x7E, 0x1F, 0x87, 0xE1, 0xF8, 0x7E, 0x1F,
    0x87, 0xE1, 0xF8, 0x77, 0xFC, 0xFB, 0x00, 0x00, 0x00, 0xC0, 0x38, 0x0C, 0x00, 0x07, 0x00, 0x3C,
    0x00, 0xC0, 0x04, 0x04, 0x01, 0x70, 0x1F, 0x80, 0xFC, 0x07, 0xE0, 0x3F, 0x01, 0xF8, 0x0F, 0xC0,
    0x7E, 0x03, 0xF0, 0x1F, 0x80, 0xEC, 0x07, 0x70, 0x3B, 0xC3, 0x8F, 0xFC, 0x3F, 0xC0, 0x30, 0x00,
    0x1E, 0x07, 0x80, 0xE0, 0x00, 0xE0, 0xF8, 0x7E, 0x1F, 0x87, 0xE1, 0xF8, 0x7E, 0x1F, 0x87, 0xE1,
    0xF8, 0x77, 0xFC, 0xFB, 0x00, 0x00, 0x01, 0xC0, 0x07, 0x00, 0x0C, 0x18, 0x10, 0x74, 0x01, 0xFC,
    0x07, 0xF8, 0x0F, 0x70, 0x1C, 0xE0, 0x39, 0xC0, 0x73, 0x80, 0xE7, 0x01, 0xCE, 0x03, 0x9C, 0x07,
    0x38, 0x0E, 0x30, 0x1C, 0x70, 0x38, 0xF0, 0xE0, 0xFF, 0xC0, 0xFF, 0x00, 0x30, 0x00, 0x07, 0x00,
    0x60, 0x0E, 0x70, 0x07, 0xE0, 0xFE, 0x1E, 0xE1, 0xCE, 0x1C, 0xE1, 0xCE, 0x1C, 0xE1, 0xCE, 0x1C,
    0xE1, 0xCE, 0x1C, 0x7F, 0xC3, 0xEC, 0x00, 0x00, 0x0E, 0x00, 0x0C, 0x00, 0x1C, 0x18, 0x10, 0x74,
    0x01, 0xFC, 0x07, 0xF8, 0x0F, 0x70, 0x1C, 0xE0, 0x39, 0xC0, 0x73, 0x80, 0xE7, 0x01, 0xCE, 0x03,
    0x9C, 0x07, 0x38, 0x0E, 0x30, 0x1C, 0x70, 0x38, 0xF0, 0xE0, 0xFF, 0xC0, 0xFF, 0x00, 0x30, 0x00,
    0x38, 0x01, 0xC0, 0x0C, 0x70, 0x47, 0xE0, 0xFE, 0x1E, 0xE1, 0xCE, 0x1C, 0xE1, 0xCE, 0x1C, 0xE1,
    0xCE, 0x1C, 0xE1, 0xCE, 0x1C, 0x7F, 0xC3, 0xEC, 0x00, 0x00, 0x07, 0x00, 0x0F, 0x00, 0x0C, 0x18,
    0x10, 0x74, 0x01, 0xFC, 0x07, 0xF8, 0x0F, 0x70, 0x1C, 0xE0, 0x39, 0xC0, 0x73, 0x80, 0xE7, 0x01,
    0xCE, 0x03, 0x9C, 0x07, 0x38, 0x0E, 0x30, 0x1C, 0x70, 0x38, 0xF0, 0xE0, 0xFF, 0xC0, 0xFF, 0x00,
    0x30, 0x00, 0x1E, 0x01, 0xE0, 0x0E, 0x70, 0x07, 0xE0, 0xFE, 0x1E, 0xE1, 0xCE, 0x1C, 0xE1, 0xCE,
    0x1C, 0xE1, 0xCE, 0x1C, 0xE1, 0xCE, 0x1C, 0x7F, 0xC3, 0xEC, 0x00, 0x00, 0x0E, 0xC0, 0x1F, 0x80,
    0x2E, 0x18, 0x00, 0x74, 0x01, 0xFC, 0x07, 0xF8, 0x0F, 0x70, 0x1C, 0xE0, 0x39, 0xC0, 0x73, 0x80,
    0xE7, 0x01, 0xCE, 0x03, 0x9C, 0x07, 0x38, 0x0E, 0x30, 0x1C, 0x70, 0x38, 0xF0, 0xE0, 0xFF, 0xC0,
    0xFF, 0x00, 0x30, 0x00, 0x19, 0x03, 0xF0, 0x37, 0x70, 0x07, 0xE0, 0xFE, 0x1E, 0xE1, 0xCE, 0x1C,
    0xE1, 0xCE, 0x1C, 0xE1, 0xCE, 0x1C, 0xE1, 0xCE, 0x1C, 0x7F, 0xC3, 0xEC, 0x00, 0x00, 0x00, 0x06,
    0x00, 0x1D, 0x00, 0x7F, 0x01, 0xFE, 0x03, 0xDC, 0x07, 0x38, 0x0E, 0x70, 0x1C, 0xE0, 0x39, 0xC0,
    0x73, 0x80, 0xE7, 0x01, 0xCE, 0x03, 0x8C, 0x07, 0x1C, 0x0E, 0x3C, 0x38, 0x3F, 0xF0, 0x3F, 0xC0,
    0x0C, 0x00, 0x00, 0x00, 0x30, 0x00, 0xE0, 0x00, 0xC0, 0x00, 0x00, 0x70, 0x07, 0xE0, 0xFE, 0x1E,
    0xE1, 0xCE, 0x1C, 0xE1, 0xCE, 0x1C, 0xE1, 0xCE, 0x1C, 0xE1, 0xCE, 0x1C, 0x7F, 0xC3, 0xEC, 0x00,
    0x00, 0x00, 0x0C, 0x00, 0xE0, 0x0C, 0x00, 0x0E, 0x00, 0x18, 0x00, 0x70, 0x00, 0x00, 0x60, 0x09,
    0xC0, 0x77, 0x03, 0x8E, 0x1C, 0x38, 0x70, 0x73, 0x80, 0xEE, 0x03, 0xF0, 0x07, 0x80, 0x0E, 0x00,
    0x30, 0x00, 0xC0, 0x03, 0x00, 0x0C, 0x00, 0x30, 0x00, 0xC0, 0x1C, 0x00, 0xC0, 0x0E, 0x00, 0x40,
    0xE0, 0x6E, 0x0E, 0x70, 0xE7, 0x0C, 0x31, 0xC3, 0x9C, 0x39, 0x81, 0xB8, 0x1F, 0x80, 0xF0, 0x0F,
    0x00, 0xE0, 0x0E, 0x00, 0xE0, 0x3C, 0x07, 0xC0, 0x30, 0x00, 0x60, 0x09, 0xC0, 0x77, 0x03, 0x8E,
    0x1C, 0x38, 0x70, 0x73, 0x80, 0xEE, 0x03, 0xF0, 0x07, 0x80, 0x0E, 0x00, 0x30, 0x00, 0xC0, 0x03,
    0x00, 0x0C, 0x00, 0x30, 0x00, 0xC0, 0x00, 0x00, 0x00, 0x00, 0x30, 0x00, 0xE0, 0x03, 0x00, 0xE0,
    0x6E, 0x0E, 0x70, 0xE7, 0x0C, 0x31, 0xC3, 0x9C, 0x39, 0x81, 0xB8, 0x1F, 0x80, 0xF0, 0x0F, 0x00,
    0xE0, 0x0E, 0x00, 0xE0, 0x3C, 0xC7, 0xDC, 0x31, 0xC0, 0x07, 0x80, 0x1E, 0x00, 0x30, 0x00, 0x00,
    0x60, 0x09, 0xC0, 0x77, 0x03, 0x8E, 0x1C, 0x38, 0x70, 0x73, 0x80, 0xEE, 0x03, 0xF0, 0x07, 0x80,
    0x0E, 0x00, 0x30, 0x00, 0xC0, 0x03, 0x00, 0x0C, 0x00, 0x30, 0x00, 0xC0, 0x0E, 0x00, 0xF0, 0x06,
    0x00, 0x00, 0xE0, 0x6E, 0x0E, 0x70, 0xE7, 0x0C, 0x31, 0xC3, 0x9C, 0x39, 0x81, 0xB8, 0x1F, 0x80,
    0xF0, 0x0F, 0x00, 0xE0, 0x0E, 0x00, 0xE0, 0x3C, 0x07, 0xC0, 0x30, 0x00, 0x06, 0xC0, 0x3F, 0x00,
    0xDC, 0x00, 0x00, 0x60, 0x09, 0xC0, 0x77, 0x03, 0x8E, 0x1C, 0x38, 0x70, 0x73, 0x80, 0xEE, 0x03,
    0xF0, 0x07, 0x80, 0x0E, 0x00, 0x30, 0x00, 0xC0, 0x03, 0x00, 0x0C, 0x00, 0x30, 0x00, 0xC0, 0x1D,
    0x81, 0xF8, 0x1F, 0x00, 0x00, 0xE0, 0x6E, 0x0E, 0x70, 0xE7, 0x0C, 0x31, 0xC3, 0x9C, 0x39, 0x81,
    0xB8, 0x1F, 0x80, 0xF0, 0x0F, 0x00, 0xE0, 0x0E, 0x00, 0xE0, 0x3C, 0x07, 0xC0, 0x30, 0x00, 0xFE,
    0xFE, 0xFE, 0xFE, 0xFE, 0xFE, 0x7F, 0xFB, 0xFF, 0xC0, 0x00, 0xFF, 0xFF, 0xFF, 0xFF, 0x80, 0xFF,
    0xFF, 0xFF, 0xFF, 0xFF, 0xFF, 0xFF, 0xFE, 0xFF, 0xFF, 0xFF, 0xFF, 0xFF, 0xFF, 0xFF, 0xFE, 0x03,
    0xFF, 0xFF, 0xFF, 0xFF, 0xFF, 0xFF, 0xFF, 0xFF, 0xFF, 0xFF, 0xFF, 0xFF, 0xFF, 0xFF, 0xFF, 0xFF,
    0xFF, 0xFF, 0xF0, 0x7F, 0xEF, 0xFD, 0xFF, 0xBF, 0xF7, 0xFC, 0x23, 0x77, 0x66, 0xE0, 0x27, 0x76,
    0x6E, 0xC0, 0x66, 0xEE, 0xEC, 0xC0, 0x66, 0x77, 0x73, 0x30, 0x22, 0x37, 0x76, 0x76, 0x66, 0x6E,
    0xEE, 0x22, 0x77, 0x76, 0x6E, 0x6E, 0xEC, 0xCC, 0x66, 0xDF, 0xBF, 0x7E, 0xD9, 0xB3, 0x00, 0x64,
    0x6E, 0x76, 0x76, 0x77, 0x37, 0x33, 0x08, 0x0C, 0x06, 0x03, 0x0F, 0xF7, 0xF8, 0x60, 0x30, 0x18,
    0x0C, 0x06, 0x03, 0x00, 0x00, 0x08, 0x0C, 0x06, 0x03, 0x0F, 0xF7, 0xF8, 0x60, 0x30, 0xFF, 0x7F,
    0xBF, 0xC3, 0x01, 0x80, 0xC0, 0x60, 0x30, 0x18, 0x7C, 0x7E, 0xFE, 0xFE, 0x7E, 0x7C, 0x18, 0x01,
    0xC3, 0xC7, 0xEF, 0xDE, 0x38, 0x00, 0x6F, 0xF0, 0x61, 0xBC, 0xFF, 0x3C, 0x00, 0x61, 0x86, 0xF3,
    0xCF, 0xF3, 0xCF, 0x00, 0x00, 0x6F, 0xF0, 0x38, 0x04, 0x00, 0x7C, 0x0C, 0x00, 0xEC, 0x1C, 0x00,
    0xCE, 0x38, 0x00, 0xCE, 0x30, 0x00, 0xEC, 0x60, 0x00, 0x7C, 0xE0, 0x00, 0x38, 0xC0, 0x00, 0x01,
    0x80, 0x00, 0x03, 0x9E, 0x1C, 0x07, 0x3F, 0x3E, 0x06, 0x33, 0x77, 0x0E, 0x33, 0x63, 0x1C, 0x33,
    0x73, 0x18, 0x3B, 0x77, 0x38, 0x1F, 0x3E, 0x00, 0x0C, 0x0C, 0x38, 0x04, 0x00, 0x00, 0xF8, 0x18,
    0x00, 0x03, 0xB0, 0x70, 0x00, 0x06, 0x71, 0xC0, 0x00, 0x0C, 0xE3, 0x00, 0x00, 0x1D, 0x8C, 0x00,
    0x00, 0x1F, 0x38, 0x00, 0x00, 0x1C, 0x60, 0x00, 0x00, 0x01, 0x80, 0x00, 0x00, 0x07, 0x3C, 0x38,
    0x78, 0x1C, 0xFC, 0xF9, 0xF8, 0x31, 0x9B, 0xBB, 0x30, 0xE3, 0x36, 0x36, 0x63, 0x86, 0x6E, 0x6C,
    0xC6, 0x0E, 0xDD, 0xDB, 0x9C, 0x0F, 0x9F, 0x3E, 0x00, 0x0C, 0x0C, 0x18, 0x5F, 0xED, 0xB0, 0x46,
    0xE6, 0xE6, 0xC6, 0xCE, 0xCE, 0xC4, 0x46, 0x2E, 0x67, 0xE6, 0x7C, 0x67, 0xCE, 0x6C, 0xE6, 0xC4,
    0x60, 0xDF, 0xFE, 0xD8, 0xC4, 0xEE, 0xE6, 0xE6, 0xE6, 0x66, 0x62, 0xC4, 0x2E, 0xE7, 0xE6, 0x7E,
    0x67, 0xE6, 0x36, 0x63, 0x62, 0x30, 0x00, 0x0E, 0x07, 0x86, 0xE7, 0x33, 0x1C, 0x00, 0x38, 0xE3,
    0xC7, 0x1C, 0x38, 0x38, 0x38, 0x38, 0x30, 0x00, 0xE0, 0xE1, 0xE1, 0xC1, 0xC3, 0x8E, 0x38, 0xE1,
    0x80, 0x06, 0x02, 0xEC, 0x7F, 0xE7, 0xBC, 0x7F, 0x8F, 0xF7, 0xFF, 0x73, 0xF8, 0x7B, 0xC7, 0xFE,
    0x2E, 0xC0, 0x60, 0x61, 0x98, 0x66, 0x19, 0x86, 0x61, 0x98, 0x66, 0x19, 0x86, 0x61, 0x98, 0x66,
    0x18, 0x00, 0x00, 0x18, 0x6F, 0x3F, 0xCE, 0x00, 0x00, 0x0E, 0x0F, 0xC7, 0xF9, 0x87, 0x61, 0xC3,
    0x70, 0xD8, 0x3E, 0x0F, 0x03, 0x80, 0xC0, 0x30, 0x00, 0x03, 0x01, 0xE0, 0x70, 0x00, 0x00, 0xFF,
    0xEF, 0xFC, 0x60, 0x03, 0x3F, 0xFF, 0x8F, 0xFF, 0x81, 0xFF, 0x00, 0x07, 0xF8, 0x1F, 0xFF, 0x1F,
    0x8F, 0xCC, 0x00, 0x60, 0x01, 0x81, 0x81, 0xC0, 0xC0, 0xE0, 0x60, 0x70, 0x78, 0x36, 0x3B, 0x98,
    0xC0, 0x00, 0x02, 0x00, 0x7C, 0x03, 0xE0, 0x3F, 0x80, 0xF8, 0x07, 0xC0, 0x08, 0x0F, 0x9E, 0x7D,
    0xF7, 0xFF, 0xFF, 0x7E, 0xFB, 0xE3, 0x06, 0x00, 0xFF, 0xF0, 0x00, 0x08, 0x00, 0xE0, 0x03, 0x00,
    0x1C, 0x00, 0xE0, 0x03, 0x00, 0x1C, 0x00, 0xE0, 0x03, 0x00, 0x1C, 0x00, 0xE0, 0x03, 0x00, 0x18,
    0x00, 0xE0, 0x03, 0x00, 0x18, 0x00, 0x07, 0xFF, 0x8C, 0x63, 0x18, 0xC7, 0xFF, 0xEC, 0x63, 0x18,
    0xC6, 0x3F, 0xF0, 0x07, 0xFE, 0x73, 0x9C, 0xE7, 0x3F, 0xFE, 0xF3, 0x9C, 0xE7, 0x39, 0xFF, 0xF0,
    0x0E, 0x03, 0x81, 0xFC, 0x3F, 0x1F, 0xE3, 0xFC, 0xE3, 0xB8, 0x66, 0x1D, 0xC3, 0x80, 0xE0, 0x1C,
    0x0F, 0x01, 0xC0, 0xF0, 0x1E, 0x0F, 0x01, 0xC0, 0x70, 0x1C, 0x03, 0x00, 0xE0, 0x18, 0x07, 0x00,
    0x00, 0x00, 0x06, 0x01, 0xC0, 0x78, 0x0E, 0x03, 0x80, 0x70, 0x00, 0x00, 0x00, 0x0E, 0x04, 0x7F,
    0x1D, 0xFE, 0x3B, 0x8E, 0x76, 0x1C, 0xE0, 0x39, 0xC0, 0xF3, 0x83, 0xC7, 0x0F, 0x0E, 0x1C, 0x1C,
    0x30, 0x38, 0x60, 0x20, 0x00, 0x01, 0x80, 0xC7, 0x83, 0x8E, 0x07, 0x00, 0x00, 0x60, 0x70, 0xC3,
    0xF9, 0x8F, 0xF3, 0x18, 0x76, 0x30, 0xEC, 0x01, 0xD8, 0x07, 0xB0, 0x1E, 0x60, 0x78, 0xC0, 0xE1,
    0x81, 0x80, 0x03, 0x00, 0x00, 0x0C, 0x0C, 0x3C, 0x38, 0x78, 0x70, 0x00, 0x00, 0xFE, 0xFF, 0xFE,
    0x06, 0x06, 0x06, 0x06, 0x06, 0x0E, 0x0E, 0x0E, 0x0E, 0x0C, 0x0C, 0x0C, 0x0C, 0x0C, 0x7C, 0x1F,
    0xF3, 0xFF, 0x77, 0xEE, 0xFF, 0xDF, 0xFB, 0xFF, 0x7E, 0xEF, 0xDD, 0xF3, 0xB8, 0x70, 0x0E, 0x01,
    0xC0, 0x38, 0x07, 0x00, 0x0F, 0xCF, 0xF7, 0xFF, 0xF7, 0xFD, 0xFF, 0x7F, 0xDD, 0xFF, 0x3F, 0xC3,
    0xF0, 0xFE, 0x3F, 0xEF, 0xFF, 0xBF, 0xEF, 0xFB, 0xFE, 0xFF, 0xFF, 0xFF, 0xBF, 0x80, 0x08, 0x0C,
    0x36, 0x5F, 0xE7, 0xE1, 0xF3, 0xFD, 0xB6, 0x18, 0x0C, 0x00, 0x6F, 0x60, 0x00, 0x00, 0x07, 0x77,
    0x33, 0x30, 0x0F, 0xF8, 0x1F, 0xFF, 0x1F, 0xFF, 0xCC, 0x00, 0xE0, 0x00, 0x00, 0x00, 0x00, 0x00,
    0x00, 0x00, 0x00, 0x00, 0x00, 0x00, 0x00, 0x00, 0x00, 0x00, 0x00, 0x00, 0x00, 0x00, 0x00, 0x00,
    0x00, 0x00, 0x00, 0x00, 0x00, 0x00, 0x30, 0x01, 0x9F, 0xFF, 0xC7, 0xFF, 0xC0, 0xFF, 0x80, 0x08,
    0x0C, 0x36, 0x5F, 0xF7, 0xE1, 0xF3, 0xFD, 0xB6, 0x18, 0x0C, 0x02, 0x03, 0x0D, 0x97, 0xFD, 0xF8,
    0x7C, 0xFF, 0x6D, 0x86, 0x03, 0x00, 0x00, 0x10, 0x00, 0xE4, 0x07, 0x3C, 0x18, 0xF0, 0xE3, 0x87,
    0x00, 0x18, 0x00, 0xE0, 0x07, 0x00, 0x18, 0x00, 0xE1, 0x07, 0x0E, 0x18, 0x38, 0xC0, 0xE7, 0x00,
    0x18, 0x00, 0x10, 0x03, 0xF0, 0x3F, 0xFE, 0x87, 0xF0, 0x0E, 0x00, 0x0F, 0xF8, 0x1F, 0xFF, 0x1F,
    0xFF, 0xCC, 0x00, 0x60, 0x0C, 0x1B, 0xC7, 0xF3, 0xFE, 0xFF, 0xBF, 0xE7, 0xF1, 0xBC, 0x0C, 0x00,
    0x46, 0x21, 0x73, 0x39, 0xF9, 0x9C, 0xD8, 0xCE, 0x6C, 0xE6, 0x36, 0x73, 0x3B, 0x11, 0x88, 0x1E,
    0x1F, 0x9D, 0xEC, 0x76, 0x3B, 0x1D, 0xCE, 0xFE, 0x3E, 0x00, 0xDB, 0x6D, 0xB6, 0xC0, 0x0E, 0x1E,
    0x3E, 0x3E, 0x7E, 0xEE, 0xFF, 0xFF, 0x0E, 0x7E, 0x7E, 0xE0, 0xFC, 0xFE, 0x06, 0xC7, 0xFE, 0x7C,
    0x1E, 0x1F, 0x9D, 0xCD, 0xC7, 0xF3, 0x9D, 0x8E, 0xFE, 0x3E, 0x00, 0x7F, 0xFF, 0x07, 0x0E, 0x0E,
    0x1C, 0x18, 0x38, 0x70, 0x1E, 0x3F, 0x9C, 0xCE, 0xE3, 0xE3, 0xF9, 0x8E, 0xFF, 0x3F, 0x00, 0x1C,
    0x3F, 0x9D, 0xCC, 0x77, 0xF9, 0xFD, 0x8C, 0xFE, 0x3E, 0x00, 0x38, 0x73, 0xFF, 0xF3, 0x87, 0x00,
    0xFF, 0xFC, 0xFF, 0xFD, 0xF7, 0xF7, 0xC0, 0x37, 0x6E, 0xEE, 0xEE, 0x67, 0x30, 0x63, 0x9C, 0x63,
    0x18, 0xC6, 0x73, 0x18, 0xDD, 0xFF, 0xBE, 0x3C, 0x78, 0xF1, 0x80, 0x1E, 0x1F, 0x9D, 0xEC, 0x76,
    0x3B, 0x1D, 0xCE, 0xFE, 0x3E, 0x00, 0x37, 0xBD, 0x63, 0x18, 0xC6, 0x30, 0x38, 0xFE, 0xEE, 0x06,
    0x0E, 0x3C, 0x70, 0xFE, 0xFE, 0x3C, 0xFE, 0xE6, 0x0E, 0x3C, 0x1E, 0xC7, 0xFE, 0x7E, 0x0E, 0x1E,
    0x3E, 0x3E, 0x7E, 0xEE, 0xFF, 0xFF, 0x0E, 0x7E, 0x7E, 0xE0, 0xFC, 0xFE, 0x06, 0xC7, 0xFE, 0x7C,
    0x1E, 0x1F, 0x9D, 0xCD, 0xC7, 0xF3, 0x9D, 0x8E, 0xFE, 0x3E, 0x00, 0x7F, 0xFF, 0x07, 0x0E, 0x0E,
    0x1C, 0x18, 0x38, 0x70, 0x1E, 0x3F, 0x9C, 0xCE, 0xE3, 0xE3, 0xF9, 0x8E, 0xFF, 0x3F, 0x00, 0x1C,
    0x3F, 0x9D, 0xCC, 0x77, 0xF9, 0xFD, 0x8C, 0xFE, 0x3E, 0x00, 0x38, 0x73, 0xFF, 0xF3, 0x87, 0x00,
    0xFF, 0xFC, 0xFF, 0xFD, 0xF7, 0xF7, 0xC0, 0x37, 0x6E, 0xEE, 0xEE, 0x67, 0x30, 0x63, 0x9C, 0x63,
    0x18, 0xC6, 0x73, 0x18, 0x3C, 0x7E, 0x67, 0x7F, 0xF7, 0xFF, 0x7F, 0x1C, 0x7E, 0x67, 0x7F, 0x7E,
    0x7F, 0x3E, 0x1C, 0x3F, 0x9D, 0xCC, 0x66, 0x33, 0xF8, 0xF8, 0x67, 0x76, 0x3E, 0x3C, 0x3C, 0x7E,
    0xE7, 0x7C, 0xFE, 0x47, 0xFF, 0xFF, 0xC7, 0xFE, 0x7E, 0x38, 0xC1, 0x83, 0x77, 0xFE, 0xF8, 0xF1,
    0xE3, 0xC6, 0xC1, 0x83, 0x3E, 0xEF, 0x9F, 0x3E, 0x6E, 0xCE, 0xFF, 0xFF, 0xC0, 0xD9, 0xDF, 0xFF,
    0xBB, 0xE7, 0x3C, 0xE7, 0x9C, 0xF3, 0x98, 0xDD, 0xFF, 0xBE, 0x3C, 0x78, 0xF1, 0x80, 0xDC, 0xFE,
    0xE6, 0xC7, 0xC7, 0xFE, 0xFC, 0xC0, 0xC0, 0xC0, 0x3C, 0x7E, 0x66, 0x7E, 0x1F, 0x7F, 0x7E, 0x67,
    0xFE, 0xC6, 0x31, 0xEF, 0x1E, 0x01, 0xFC, 0x1C, 0xE0, 0xC3, 0x8E, 0x08, 0x73, 0xFF, 0x9F, 0xFC,
    0xC0, 0x66, 0x03, 0xFF, 0x8F, 0xFC, 0x1F, 0xE0, 0x60, 0x03, 0x00, 0x1F, 0xE0, 0xFF, 0x00, 0x00,
    0x00, 0x00, 0x06, 0xC0, 0x7A, 0x07, 0xF8, 0x3F, 0xF1, 0xED, 0xE7, 0x3F, 0xB8, 0xB6, 0xE6, 0xC3,
    0x9A, 0x0E, 0x58, 0x3B, 0x60, 0xED, 0x03, 0xAC, 0x67, 0xB3, 0x9E, 0x9E, 0x3F, 0xF0, 0xFF, 0x83,
    0x70, 0x0D, 0x00, 0x07, 0x80, 0x7F, 0x83, 0xFF, 0x1E, 0x1E, 0x70, 0x3B, 0x80, 0x6E, 0x00, 0x38,
    0xDC, 0xE7, 0xF3, 0x9F, 0xCE, 0x78, 0x39, 0xC6, 0x77, 0x39, 0xFD, 0xE3, 0xFF, 0x07, 0xF8, 0x03,
    0x00, 0x1F, 0xF0, 0xFF, 0xC7, 0xFE, 0x30, 0x01, 0x80, 0x0C, 0x00, 0x60, 0x03, 0xFE, 0x1F, 0xF0,
    0xFF, 0x86, 0x00, 0xFC, 0x0F, 0xF0, 0x0E, 0x00, 0x60, 0x03, 0x00, 0x07, 0x03, 0xF0, 0xFF, 0x38,
    0x77, 0x0E, 0xE0, 0x3F, 0xE7, 0xFC, 0x70, 0x1F, 0xF3, 0xFE, 0x38, 0x07, 0x04, 0xE1, 0xFF, 0xFF,
    0xFE, 0x00, 0x00, 0x00, 0xE0, 0xEE, 0xF8, 0xFF, 0xFE, 0xFF, 0xFE, 0xE3, 0xC7, 0xE3, 0x87, 0xE3,
    0x87, 0xE3, 0x87, 0xE7, 0x87, 0xE7, 0x87, 0xEF, 0x87, 0xEF, 0x87, 0xED, 0x87, 0x1C, 0x00, 0x18,
    0x00, 0x30, 0x0C, 0x38, 0x0C, 0x3C, 0x0C, 0x3C, 0x0C, 0x3E, 0x0C, 0x37, 0x0C, 0xFF, 0xFF, 0xFF,
    0xFF, 0x31, 0xCC, 0xFF, 0xFF, 0xFF, 0xFF, 0x30, 0xFC, 0x30, 0x7C, 0x30, 0x3C, 0x30, 0x3C, 0x30,
    0x1C, 0x7C, 0x00, 0x1F, 0xF8, 0x03, 0xFF, 0x8C, 0x70, 0x71, 0x8E, 0x06, 0xFF, 0xC0, 0xFF, 0xF8,
    0x19, 0xF7, 0x07, 0x18, 0xFF, 0xE3, 0x1F, 0xF8, 0x63, 0xFC, 0x0C, 0x70, 0x01, 0x8E, 0x00, 0x31,
    0xC0, 0x06, 0x38, 0x00, 0xFF, 0x00, 0x0F, 0x00, 0x00, 0x00, 0x7C, 0x00, 0x03, 0xFF, 0x00, 0x0F,
    0xFE, 0x00, 0x38, 0x38, 0x00, 0xE0, 0x61, 0xE3, 0x81, 0xDF, 0xCE, 0x06, 0x73, 0xB8, 0x3B, 0x86,
    0xFF, 0xE6, 0x03, 0xFF, 0x1F, 0x8F, 0xF8, 0x3F, 0xB8, 0x70, 0x1E, 0xE1, 0xC0, 0x1F, 0x83, 0xB8,
    0x7E, 0x0E, 0x7F, 0xB8, 0x1D, 0xFC, 0x00, 0x00, 0xC0, 0x40, 0x60, 0x2E, 0x0F, 0x07, 0x60, 0xF0,
    0x66, 0x0F, 0x0E, 0x70, 0xF0, 0xE7, 0x1F, 0x8E, 0xFF, 0xFF, 0xFF, 0xFF, 0xFF, 0x3B, 0x99, 0xCF,
    0xFF, 0xFF, 0xFF, 0xFF, 0xF1, 0xF0, 0xF8, 0x1F, 0x0F, 0x80, 0xF0, 0xF0, 0x0E, 0x07, 0x00, 0xE0,
    0x70, 0x7F, 0x0D, 0xFF, 0x9F, 0xFF, 0x3F, 0x07, 0x7E, 0xEE, 0xFD, 0xDD, 0xFB, 0xBB, 0xF7, 0x77,
    0xEE, 0xCF, 0xDC, 0x1B, 0xBF, 0xF7, 0x7F, 0xC0, 0x00, 0x40, 0x7F, 0x07, 0xF0, 0x3E, 0x1E, 0xE3,
    0xFE, 0x7F, 0xEE, 0x1E, 0xE0, 0xEC, 0x0E, 0xC0, 0xEC, 0x0E, 0xE0, 0xEE, 0x1E, 0x7F, 0xE3, 0xFE,
    0x0C, 0x00, 0x00, 0xFF, 0xCF, 0xFC, 0x01, 0xC0, 0x3F, 0x83, 0xFE, 0x3C, 0x21, 0xC0, 0x1C, 0x01,
    0xFF, 0x9F, 0xFC, 0x38, 0x03, 0xFE, 0x3F, 0xE0, 0x70, 0x01, 0xC0, 0x0F, 0x08, 0x3F, 0xE0, 0xFE,
    0x00, 0x80, 0x10, 0x0C, 0x70, 0x38, 0xE0, 0xE1, 0xC3, 0x83, 0x8E, 0x07, 0x38, 0x0E, 0xE0, 0x7F,
    0xFF, 0xFF, 0xFE, 0x7F, 0x80, 0xF7, 0x01, 0xC7, 0x03, 0x87, 0x07, 0x07, 0x0E, 0x0F, 0x1C, 0x0E,
    0xFF, 0xEF, 0xFF, 0xFF, 0xF0, 0xE0, 0x0E, 0x00, 0xFC, 0x0F, 0xC3, 0xF0, 0x3F, 0xC2, 0xFC, 0x3F,
    0x03, 0xE0, 0x2E, 0x00, 0xE0, 0x0E, 0x00, 0xE0, 0x00, 0x00, 0x00, 0x01, 0xC0, 0x00, 0x00, 0x3F,
    0x00, 0x00, 0x3F, 0xF8, 0x00, 0x07, 0xFF, 0xC0, 0x00, 0x5C, 0x38, 0x00, 0x03, 0x83, 0x83, 0xC0,
    0x70, 0x71, 0xFC, 0x0E, 0x06, 0x7F, 0xC1, 0xC0, 0xCE, 0x1C, 0x38, 0x19, 0x83, 0x87, 0x03, 0x30,
    0x37, 0xE0, 0x6E, 0x07, 0xFC, 0x1D, 0xC0, 0xFB, 0x83, 0xB8, 0x3E, 0x78, 0xE7, 0x87, 0xFF, 0xFC,
    0xFF, 0xCF, 0x3F, 0x1F, 0xF0, 0x81, 0x03, 0x98, 0x00, 0x00, 0x70, 0x00, 0x00, 0x0E, 0x00, 0x00,
    0x01, 0xC0, 0x00, 0x00, 0x18, 0x00, 0x1E, 0x00, 0xFF, 0x03, 0xFE, 0x0E, 0x1C, 0xFF, 0xFF, 0xFF,
    0xF3, 0x83, 0x3F, 0xFF, 0xFF, 0xFC, 0xE3, 0xC3, 0xFE, 0x0F, 0xF0, 0x38, 0x00, 0xE0, 0x03, 0x80,
    0x0E, 0x00, 0x03, 0x00, 0x0C, 0x00, 0x78, 0x07, 0xF8, 0x3F, 0xF1, 0xED, 0xE7, 0x33, 0xB8, 0xC6,
    0xE3, 0x03, 0x8C, 0x0E, 0x3F, 0xF8, 0xFF, 0xE3, 0x1F, 0x8C, 0x67, 0x33, 0x9E, 0xDE, 0x3F, 0xF0,
    0x7F, 0x80, 0x30, 0x00, 0xC0, 0x02, 0x00, 0x03, 0x00, 0x1E, 0x00, 0x78, 0x01, 0xF0, 0x0F, 0xC0,
    0x3B, 0x00, 0xCE, 0x1F, 0xFF, 0x7F, 0xFC, 0x61, 0xC7, 0xFF, 0xDF, 0xFF, 0x70, 0x39, 0xC0, 0x66,
    0x01, 0xF8, 0x07, 0x0E, 0x03, 0xF8, 0x7F, 0xC7, 0x0C, 0x60, 0xC0, 0x1C, 0xFF, 0xEF, 0xFE, 0x00,
    0x0F, 0xFE, 0xFF, 0xE7, 0x00, 0x60, 0xE7, 0x1E, 0x7F, 0xC3, 0xF8, 0x06, 0x00, 0x03, 0x00, 0x0C,
    0x00, 0x78, 0x07, 0xF8, 0x3F, 0xF1, 0xED, 0xE7, 0x33, 0xB8, 0xC6, 0xE3, 0x03, 0x8C, 0x0E, 0x30,
    0x38, 0xC0, 0xE3, 0x03, 0x8C, 0x67, 0x33, 0x9E, 0xDE, 0x3F, 0xF0, 0x7F, 0x80, 0x30, 0x00, 0xC0,
    0x02, 0x00, 0xFF, 0xEF, 0xFF, 0xFF, 0xFF, 0xFE, 0xFF, 0xFF, 0xFF, 0x0E, 0x00, 0xE0, 0x0E, 0x00,
    0xE0, 0x0E, 0x00, 0xE0, 0x0E, 0x00, 0xE0, 0x0E, 0x00, 0xE0, 0x7F, 0xCF, 0xFF, 0xFF, 0x83, 0xC7,
    0xFF, 0xFF, 0xDF, 0xF0, 0x3C, 0xFF, 0x0F, 0xC1, 0xE0, 0x1C, 0x01, 0xC0, 0x1C, 0x03, 0xC0, 0x3C,
    0x30, 0x06, 0x00, 0xDC, 0x1F, 0x87, 0xE1, 0xF4, 0x3F, 0xC1, 0xF0, 0xF8, 0x1E, 0x1A, 0xC3, 0x18,
    0x63, 0x1C, 0x67, 0x8F, 0xE1, 0xF8, 0x38, 0x00, 0x07, 0x00, 0x38, 0x01, 0xC0, 0x3F, 0x83, 0xFE,
    0x3F, 0xF9, 0xDD, 0xCC, 0xE7, 0xE7, 0x3F, 0x39, 0xF9, 0xCF, 0xCE, 0x70, 0x1F, 0x80, 0x7F, 0xC1,
    0xFF, 0x86, 0x0E, 0x18, 0x1C, 0x60, 0x71, 0x81, 0xC6, 0x0E, 0xFF, 0xFB, 0xFF, 0xC1, 0x80, 0x3F,
    0xE0, 0xFF, 0x80, 0x60, 0x01, 0x80, 0x06, 0x00, 0x0C, 0x80, 0x6C, 0x03, 0xE0, 0x3F, 0x83, 0xFE,
    0x3E, 0xF9, 0xB6, 0xFD, 0xB7, 0xED, 0xBF, 0x6C, 0xB8, 0x00, 0xC0, 0x07, 0x00, 0x1C, 0x03, 0xFF,
    0xFF, 0xFF, 0x00, 0x01, 0xB0, 0x7F, 0x0F, 0xFC, 0xFF, 0xEE, 0x0E, 0xE0, 0x6E, 0x06, 0xE0, 0xEF,
    0xFC, 0xFF, 0xCF, 0xFE, 0xE0, 0x7E, 0x07, 0xE0, 0x7E, 0x0F, 0xFF, 0xEF, 0xFC, 0x1B, 0x01, 0xB0,
    0x00, 0x00, 0x07, 0x00, 0x0F, 0x00, 0x1E, 0x00, 0x3C, 0x00, 0x78, 0x00, 0xFF, 0xFE, 0xFF, 0xFF,
    0x7F, 0xFE, 0x38, 0x00, 0x1C, 0x00, 0x0E, 0x00, 0x07, 0x00, 0x03, 0x00, 0x02, 0x00, 0x1C, 0x00,
    0xF8, 0x07, 0xF0, 0x3F, 0xE1, 0xFD, 0xCF, 0x73, 0xB9, 0xC6, 0x47, 0x08, 0x1C, 0x00, 0x70, 0x01,
    0xC0, 0x07, 0x00, 0x1C, 0x00, 0x70, 0x01, 0xC0, 0x00, 0x00, 0x00, 0xC0, 0x00, 0xE0, 0x00, 0x70,
    0x00, 0x38, 0x00, 0x1C, 0xFF, 0xFE, 0xFF, 0xFF, 0x7F, 0xFE, 0x00, 0x1C, 0x00, 0x38, 0x00, 0x70,
    0x00, 0xE0, 0x00, 0xC0, 0x02, 0x00, 0x1C, 0x00, 0x70, 0x01, 0xC0, 0x07, 0x00, 0x1C, 0x00, 0x70,
    0x01, 0xC0, 0x47, 0x0B, 0x9C, 0x6F, 0x73, 0x9F, 0xDC, 0x3F, 0xE0, 0x7F, 0x00, 0xF8, 0x01, 0xC0,
    0x00, 0x00, 0x00, 0x00, 0x00, 0x07, 0x00, 0xC0, 0x0F, 0x00, 0xE0, 0x1E, 0x00, 0x70, 0x3C, 0x00,
    0x38, 0x78, 0x00, 0x1C, 0xFF, 0xFF, 0xFE, 0xFF, 0xFF, 0xFF, 0x7F, 0xFF, 0xFE, 0x38, 0x00, 0x1C,
    0x1C, 0x00, 0x38, 0x0E, 0x00, 0x70, 0x07, 0x00, 0xE0, 0x03, 0x00, 0xC0, 0x02, 0x00, 0x1C, 0x00,
    0xF8, 0x07, 0xF0, 0x3F, 0xE1, 0xDD, 0xCF, 0x73, 0xB1, 0xC6, 0x07, 0x00, 0x1C, 0x00, 0x70, 0x01,
    0xC0, 0x07, 0x00, 0x1C, 0x00, 0x70, 0x01, 0xC0, 0x47, 0x0B, 0x9C, 0x6F, 0x73, 0x9F, 0xDC, 0x3F,
    0xE0, 0x7F, 0x00, 0xF8, 0x01, 0xC0, 0x00, 0x00, 0xFF, 0xCF, 0xFC, 0xFF, 0xCF, 0x80, 0xFC, 0x0E,
    0xE0, 0xE7, 0x0E, 0x38, 0xE1, 0xCE, 0x0E, 0x00, 0x70, 0x03, 0x3F, 0xF3, 0xFF, 0x3F, 0xF0, 0x1F,
    0x03, 0xB0, 0x73, 0x0E, 0x31, 0xC3, 0x38, 0x37, 0x03, 0xE0, 0x0C, 0x00, 0x40, 0x0E, 0x00, 0xF0,
    0x37, 0x83, 0x3C, 0x31, 0xE3, 0x0F, 0x30, 0x7B, 0x03, 0xF0, 0x1F, 0x3F, 0xF3, 0xFF, 0x00, 0x20,
    0x07, 0xC0, 0xFE, 0x1E, 0xE3, 0xCE, 0x78, 0xEF, 0x0F, 0xE0, 0xFC, 0x0F, 0x80, 0xFF, 0xCF, 0xFC,
    0x00, 0x03, 0x80, 0x00, 0x3E, 0x00, 0x01, 0xE0, 0x70, 0x07, 0x0F, 0x00, 0x31, 0xE0, 0x03, 0x3C,
    0x00, 0x37, 0x80, 0x07, 0xFF, 0xFF, 0xEF, 0xFF, 0xFC, 0x7F, 0xFF, 0x03, 0x80, 0x00, 0x1C, 0x00,
    0x00, 0xE0, 0x00, 0x07, 0x00, 0x00, 0x30, 0x00, 0x0E, 0x00, 0x01, 0xF0, 0x00, 0x1E, 0x00, 0x00,
    0xE0, 0x0C, 0x06, 0x00, 0x70, 0x30, 0x01, 0xC1, 0x80, 0x07, 0x0E, 0x00, 0x1C, 0x3F, 0xFF, 0xF0,
    0xFF, 0xFF, 0xC1, 0xFF, 0xFC, 0x00, 0x01, 0xC0, 0x00, 0x1C, 0x00, 0x01, 0xC0, 0x00, 0x1C, 0x00,
    0x00, 0xC0, 0x08, 0x00, 0x0C, 0x00, 0x0E, 0x00, 0x0F, 0x00, 0x0F, 0xFF, 0xFF, 0xFF, 0xFD, 0xE0,
    0x0E, 0x70, 0x07, 0x18, 0x03, 0x80, 0x01, 0xC0, 0x00, 0xE0, 0x00, 0x70, 0x00, 0x38, 0x00, 0x1C,
    0x00, 0x0E, 0x00, 0x07, 0x00, 0x08, 0x00, 0x06, 0x00, 0x03, 0x80, 0x01, 0xEF, 0xFF, 0xFF, 0xFF,
    0xFB, 0x00, 0x39, 0x80, 0x18, 0xC0, 0x08, 0x60, 0x00, 0x30, 0x00, 0x18, 0x00, 0x0C, 0x00, 0x06,
    0x00, 0x03, 0x00, 0x01, 0x80, 0x00, 0x80, 0x00, 0x60, 0x00, 0x30, 0x00, 0x18, 0x00, 0x0C, 0x00,
    0x06, 0x00, 0x43, 0x00, 0x31, 0x80, 0x1C, 0xFF, 0xFF, 0x7F, 0xFF, 0xFF, 0xFF, 0xC0, 0x01, 0xC0,
    0x00, 0xC0, 0x00, 0x40, 0xFF, 0xC3, 0xFF, 0x0F, 0xFC, 0x00, 0x30, 0x00, 0xC0, 0x03, 0x00, 0x0C,
    0x00, 0x30, 0x00, 0xC0, 0x03, 0x00, 0x0C, 0x01, 0xFE, 0x07, 0xF8, 0x0F, 0xC0, 0x1E, 0x00, 0x30,
    0x00, 0x00, 0x00, 0x01, 0x00, 0x01, 0xC0, 0x00, 0xE0, 0x00, 0x70, 0x00, 0x38, 0xC0, 0x1C, 0xE0,
    0x0E, 0xF0, 0x07, 0xFF, 0xFF, 0xFF, 0xFF, 0xDF, 0xFF, 0xE7, 0x00, 0x01, 0x80, 0x00, 0x40, 0x00,
    0x00, 0x80, 0x01, 0x80, 0x03, 0x80, 0x07, 0x80, 0x0F, 0xF0, 0x0F, 0xF8, 0x07, 0xBC, 0x03, 0x8E,
    0x01, 0x86, 0x00, 0x07, 0x00, 0x07, 0xC0, 0x07, 0xE0, 0x07, 0xE0, 0x07, 0x60, 0x06, 0x70, 0x0E,
    0x3C, 0x3C, 0x1F, 0xF8, 0x0F, 0xE0, 0x01, 0x00, 0x01, 0x80, 0x01, 0xC0, 0x01, 0xE0, 0x0F, 0xF0,
    0x1F, 0xF0, 0x39, 0xE0, 0x71, 0xC0, 0x61, 0x80, 0xE0, 0x00, 0xE0, 0x00, 0xC0, 0x03, 0xE0, 0x07,
    0xE0, 0x07, 0x60, 0x06, 0x70, 0x0E, 0x3C, 0x3C, 0x1F, 0xF8, 0x0F, 0xE0, 0x00, 0x00, 0x07, 0x00,
    0x0F, 0x00, 0x1E, 0x00, 0x3F, 0xFE, 0x7F, 0xFF, 0xFF, 0xFE, 0xE0, 0x00, 0x7F, 0xFF, 0x3F, 0xFF,
    0x1C, 0x00, 0x0E, 0x00, 0x07, 0x00, 0x03, 0x00, 0x00, 0x00, 0x00, 0x00, 0x00, 0xC0, 0x00, 0xE0,
    0x00, 0x70, 0x7F, 0xF8, 0xFF, 0xFC, 0xFF, 0xFE, 0x00, 0x07, 0xFF, 0xFE, 0xFF, 0xFC, 0x00, 0x38,
    0x00, 0x70, 0x00, 0xE0, 0x00, 0xC0, 0x00, 0x00, 0x00, 0x00, 0x00, 0x07, 0x00, 0xE0, 0x0F, 0x00,
    0xF0, 0x1E, 0x00, 0x78, 0x3F, 0xFF, 0xFC, 0x7F, 0xFF, 0xFE, 0xFF, 0xFF, 0xFF, 0xE0, 0x00, 0x07,
    0x7F, 0xFF, 0xFE, 0x3F, 0xFF, 0xFC, 0x1C, 0x00, 0x38, 0x0E, 0x00, 0x70, 0x07, 0x00, 0xE0, 0x03,
    0x00, 0xC0, 0x00, 0x00, 0x00, 0x04, 0x03, 0x81, 0xF0, 0xFE, 0x7F, 0xC3, 0x80, 0xE0, 0xFE, 0x3F,
    0x83, 0x83, 0xF8, 0xFE, 0x3F, 0x83, 0x80, 0xE0, 0x38, 0x0C, 0x03, 0x80, 0xE0, 0x38, 0x3F, 0x8F,
    0xE0, 0xE0, 0xFE, 0x3F, 0x8F, 0xE0, 0xE0, 0x38, 0x7F, 0xCF, 0xE1, 0xF0, 0x38, 0x04, 0x00, 0x00,
    0x00, 0x0C, 0x30, 0x01, 0x8E, 0x00, 0x33, 0xC0, 0x06, 0xFF, 0xFC, 0xDF, 0xFF, 0xD9, 0xFF, 0xF3,
    0x1C, 0x00, 0x61, 0x80, 0x0C, 0x10, 0x00, 0x00, 0x00, 0x00, 0x06, 0x1C, 0x00, 0xE3, 0x80, 0x1E,
    0x77, 0xFF, 0xEE, 0xFF, 0xFD, 0xDF, 0xFF, 0xB8, 0x01, 0xE7, 0x00, 0x38, 0xE0, 0x06, 0x1C, 0x00,
    0x00, 0x00, 0x1C, 0x00, 0x07, 0xC0, 0x01, 0xDC, 0x00, 0x71, 0xC0, 0x1C, 0x1C, 0x07, 0x01, 0xC1,
    0xC0, 0x1C, 0x7E, 0x0F, 0xCF, 0xC1, 0xFC, 0x18, 0x30, 0x03, 0x06, 0x00, 0x60, 0xC0, 0x0C, 0x18,
    0x01, 0x83, 0x00, 0x3F, 0xE0, 0x07, 0xFC, 0x00, 0x00, 0x00, 0x00, 0x1C, 0x00, 0x07, 0xC0, 0x01,
    0xDC, 0x00, 0x71, 0xC0, 0x1C, 0x1C, 0x07, 0x01, 0xC1, 0xC0, 0x1C, 0x7E, 0x0F, 0xCF, 0xC1, 0xFC,
    0x18, 0x30, 0x03, 0x06, 0x00, 0x7F, 0xC0, 0x0F, 0xF8, 0x00, 0x00, 0x00, 0x3F, 0xE0, 0x07, 0xFC,
    0x00, 0xC1, 0x80, 0x1F, 0xF0, 0x03, 0xFE, 0x00, 0x7F, 0xC0, 0x1C, 0x0F, 0xE1, 0xFE, 0x01, 0xE0,
    0x1C, 0x1D, 0xCF, 0xFB, 0xFF, 0x70, 0xFC, 0x1F, 0x83, 0xF0, 0x7E, 0x0C, 0xE3, 0x9F, 0xF1, 0xFC,
    0x04, 0x00, 0x07, 0x88, 0x7F, 0xE3, 0xFF, 0x0E, 0x1E, 0x70, 0xF9, 0xC6, 0x67, 0x31, 0x9D, 0x86,
    0x7C, 0x38, 0xF1, 0xC3, 0xFF, 0x1B, 0xF8, 0x43, 0x00, 0x03, 0x00, 0x1E, 0x00, 0x78, 0x01, 0xE0,
    0x0F, 0xC0, 0x3B, 0x00, 0xCE, 0x07, 0x38, 0x1C, 0x60, 0x61, 0xC3, 0x87, 0x0E, 0x0C, 0x70, 0x39,
    0xC0, 0xE7, 0xFF, 0xBF, 0xFF, 0x7F, 0xF3, 0xFF, 0xDF, 0xFE, 0xC0, 0x76, 0x03, 0xB0, 0x1D, 0x80,
    0xEC, 0x07, 0x60, 0x3B, 0x01, 0xD8, 0x0E, 0xC0, 0x76, 0x03, 0xB0, 0x1D, 0x80, 0xEC, 0x07, 0x60,
    0x3B, 0x01, 0xD8, 0x0C, 0x7F, 0xE7, 0xFF, 0x9F, 0xFC, 0xF0, 0x03, 0xC0, 0x0E, 0x00, 0x38, 0x00,
    0xE0, 0x03, 0x80, 0x1E, 0x00, 0xE0, 0x0F, 0x00, 0xF0, 0x07, 0x00, 0x70, 0x07, 0x00, 0x70, 0x07,
    0xFF, 0xFF, 0xFE, 0xFF, 0xFF, 0xF0, 0x00, 0x10, 0x01, 0xC0, 0x1C, 0x00, 0xE0, 0x07, 0x00, 0x70,
    0x03, 0x80, 0x18, 0xF9, 0xC7, 0xCE, 0x06, 0xE0, 0x3F, 0x01, 0xF8, 0x07, 0x80, 0x3C, 0x00, 0xC0,
    0x3C, 0x1E, 0x1F, 0xCF, 0xEF, 0xFF, 0xFB, 0x8F, 0x87, 0xC1, 0xC1, 0xF0, 0xF8, 0x7F, 0xFF, 0xF9,
    0xFC, 0xFE, 0x3C, 0x1E, 0x00, 0x00, 0x07, 0xC7, 0xC3, 0x81, 0xC0, 0xE0, 0x70, 0x38, 0x1C, 0x0E,
    0x07, 0x03, 0x81, 0xC0, 0xE0, 0x70, 0x38, 0x1C, 0x0E, 0x07, 0x03, 0x0F, 0x87, 0x80, 0x6F, 0xF0,
    0x00, 0x00, 0x6F, 0xF0, 0x00, 0x07, 0xC6, 0x7E, 0x6E, 0x7E, 0x63, 0xC3, 0x86, 0x7E, 0x67, 0xFE,
    0xE7, 0xE0, 0x18, 0x03, 0x01, 0xC0, 0x73, 0xFF, 0xFF, 0xC3, 0x01, 0xC3, 0xFF, 0xFF, 0xDF, 0xE3,
    0x00, 0xC0, 0x00, 0xC1, 0xF1, 0xFF, 0xF8, 0xF0, 0x3F, 0xC1, 0xFC, 0x0F, 0x00, 0x7F, 0xFF, 0xFF,
    0xFF, 0xC0, 0x3C, 0x0F, 0xE0, 0x7F, 0x07, 0xCF, 0xEF, 0xE3, 0xC0, 0x80, 0x3F, 0xFF, 0xFF, 0xFF,
    0x00, 0x3F, 0xE0, 0x00, 0x07, 0xFF, 0xC0, 0x00, 0xFC, 0x1F, 0x80, 0x0F, 0x00, 0x1E, 0x00, 0xF0,
    0x00, 0x78, 0x0E, 0x00, 0x00, 0xE0, 0xE0, 0x00, 0x03, 0x87, 0x00, 0xC0, 0x1C, 0x70, 0x07, 0x00,
    0x73, 0x00, 0x38, 0x01, 0xB8, 0x01, 0xC0, 0x0D, 0xC0, 0x0E, 0x00, 0x7E, 0x00, 0x70, 0x03, 0xE0,
    0x7F, 0xFC, 0x0F, 0x07, 0xFF, 0xF0, 0x78, 0x1F, 0xFF, 0x07, 0xE0, 0x07, 0x00, 0x3F, 0x00, 0x38,
    0x01, 0xF8, 0x01, 0xC0, 0x0C, 0xC0, 0x0E, 0x00, 0xE7, 0x00, 0x70, 0x07, 0x1C, 0x01, 0x00, 0x70,
    0xE0, 0x00, 0x07, 0x83, 0x80, 0x00, 0x78, 0x0F, 0x00, 0x07, 0x80, 0x3E, 0x00, 0xF8, 0x00, 0xFF,
    0x7F, 0x80, 0x01, 0xFF, 0xF0, 0x00, 0x01, 0xFC, 0x00, 0x00, 0x00, 0x3F, 0xE0, 0x00, 0x07, 0xFF,
    0xC0, 0x00, 0xFC, 0x1F, 0x80, 0x0F, 0x00, 0x1E, 0x00, 0xF0, 0x00, 0x78, 0x0E, 0x00, 0x00, 0xE0,
    0xE0, 0x00, 0x03, 0x87, 0x00, 0x00, 0x1C, 0x70, 0x00, 0x00, 0x73, 0x00, 0x00, 0x01, 0xB8, 0x00,
    0x00, 0x0D, 0xC0, 0x00, 0x00, 0x7E, 0x00, 0x00, 0x03, 0xE0, 0x3F, 0xF8, 0x0F, 0x01, 0xFF, 0xC0,
    0x78, 0x00, 0x00, 0x07, 0xE0, 0x00, 0x00, 0x3F, 0x00, 0x00, 0x01, 0xF8, 0x00, 0x00, 0x0C, 0xC0,
    0x00, 0x00, 0xE7, 0x00, 0x00, 0x07, 0x1C, 0x00, 0x00, 0x70, 0xE0, 0x00, 0x07, 0x83, 0x80, 0x00,
    0x78, 0x0F, 0x00, 0x07, 0x80, 0x3E, 0x00, 0xF8, 0x00, 0xFF, 0x7F, 0x80, 0x01, 0xFF, 0xF0, 0x00,
    0x01, 0xFC, 0x00, 0x00, 0x00, 0x3F, 0xE0, 0x00, 0x07, 0xFF, 0xC0, 0x00, 0xFC, 0x1F, 0x80, 0x0F,
    0x00, 0x1E, 0x00, 0xF0, 0x00, 0x78, 0x0E, 0x00, 0x00, 0xE0, 0xE0, 0x00, 0x03, 0x87, 0x00, 0x00,
    0x1C, 0x70, 0x00, 0x00, 0x73, 0x01, 0x83, 0x01, 0xB8, 0x0E, 0x38, 0x0D, 0xC0, 0x7B, 0xC0, 0x7E,
    0x01, 0xFC, 0x03, 0xE0, 0x07, 0xC0, 0x0F, 0x00, 0x3E, 0x00, 0x78, 0x03, 0xF8, 0x07, 0xE0, 0x3D,
    0xE0, 0x3F, 0x01, 0xC7, 0x01, 0xF8, 0x0C, 0x18, 0x0C, 0xC0, 0x00, 0x00, 0xE7, 0x00, 0x00, 0x07,
    0x1C, 0x00, 0x00, 0x70, 0xE0, 0x00, 0x07, 0x83, 0x80, 0x00, 0x78, 0x0F, 0x00, 0x07, 0x80, 0x3E,
    0x00, 0xF8, 0x00, 0xFF, 0x7F, 0x80, 0x01, 0xFF, 0xF0, 0x00, 0x01, 0xFC, 0x00, 0x00, 0x00, 0x3F,
    0xE0, 0x00, 0x07, 0xFF, 0xC0, 0x00, 0xFC, 0x1F, 0x80, 0x0F, 0x00, 0x1E, 0x00, 0xF0, 0x00, 0x78,
    0x0E, 0x00, 0x00, 0xE0, 0xE0, 0x00, 0x03, 0x87, 0x00, 0x00, 0x1C, 0x70, 0x00, 0x20, 0x73, 0x00,
    0x03, 0x81, 0xB8, 0x00, 0x38, 0x0D, 0xC0, 0x03, 0xC0, 0x7E, 0x00, 0x1C, 0x03, 0xE0, 0x01, 0xC0,
    0x0F, 0x00, 0x1C, 0x00, 0x78, 0x01, 0xC0, 0x07, 0xE0, 0x1C, 0x00, 0x3F, 0x01, 0xE0, 0x01, 0xF8,
    0x1E, 0x00, 0x0C, 0xC0, 0xE0, 0x00, 0xE7, 0x02, 0x00, 0x07, 0x1C, 0x00, 0x00, 0x70, 0xE0, 0x00,
    0x07, 0x83, 0x80, 0x00, 0x78, 0x0F, 0x00, 0x07, 0x80, 0x3E, 0x00, 0xF8, 0x00, 0xFF, 0x7F, 0x80,
    0x01, 0xFF, 0xF0, 0x00, 0x01, 0xFC, 0x00, 0x00,
};

static const EpdGlyph inter_10_regularGlyphs[] = {
    { 0, 0, 195, 0, 0, 0, 0 }, // U+0000
    { 0, 0, 94, 0, 0, 0, 0 }, // U+0020
    { 4, 17, 96, 1, 16, 9, 0 }, // !
    { 6, 7, 155, 2, 16, 6, 9 }, // "
    { 13, 16, 211, 0, 16, 26, 15 }, // #
    { 12, 21, 214, 1, 18, 32, 41 }, // $
    { 17, 17, 327, 2, 16, 37, 73 }, // %
    { 13, 17, 215, 1, 16, 28, 110 }, // &
    { 3, 7, 100, 2, 16, 3, 138 }, // '
    { 5, 20, 122, 2, 17, 13, 141 }, // (
    { 6, 20, 122, 0, 17, 15, 154 }, // )
    { 9, 10, 167, 1, 16, 12, 169 }, // *
    { 11, 10, 220, 1, 11, 14, 181 }, // +
    { 4, 7, 96, 1, 3, 4, 195 }, // ,
    { 8, 3, 153, 1, 8, 3, 199 }, // -
    { 4, 4, 96, 1, 3, 2, 202 }, // .
    { 8, 19, 120, 0, 16, 19, 204 }, // /
    { 11, 17, 210, 1, 16, 24, 223 }, // 0
    { 7, 16, 136, 0, 16, 14, 247 }, // 1
    { 11, 16, 203, 1, 16, 22, 261 }, // 2
    { 11, 17, 206, 1, 16, 24, 283 }, // 3
    { 12, 16, 215, 1, 16, 24, 307 }, // 4
    { 11, 17, 198, 1, 16, 24, 331 }, // 5
    { 11, 17, 207, 1, 16, 24, 355 }, // 6
    { 10, 16, 189, 1, 16, 20, 379 }, // 7
    { 11, 17, 206, 1, 16, 24, 399 }, // 8
    { 11, 17, 207, 1, 16, 24, 423 }, // 9
    { 4, 12, 96, 1, 11, 6, 447 }, // :
    { 4, 15, 101, 1, 11, 8, 453 }, // ;
    { 11, 12, 220, 1, 12, 17, 461 }, // <
    { 10, 7, 220, 2, 9, 9, 478 }, // =
    { 11, 12, 220, 2, 12, 17, 487 }, // >
    { 10, 17, 170, 0, 16, 22, 504 }, // ?
    { 18, 20, 322, 1, 15, 45, 526 }, // @
    { 14, 16, 230, 0, 16, 28, 571 }, // A
    { 12, 16, 218, 1, 16, 24, 599 }, // B
    { 14, 17, 243, 1, 16, 30, 623 }, // C
    { 13, 16, 240, 1, 16, 26, 653 }, // D
    { 11, 16, 200, 1, 16, 22, 679 }, // E
    { 10, 16, 197, 1, 16, 20, 701 }, // F
    { 14, 17, 249, 1, 16, 30, 721 }, // G
    { 13, 16, 248, 1, 16, 26, 751 }, // H
    { 3, 16, 89, 1, 16, 6, 777 }, // I
    { 10, 17, 190, 1, 16, 22, 783 }, // J
    { 13, 16, 224, 1, 16, 26, 805 }, // K
    { 10, 16, 188, 1, 16, 20, 831 }, // L
    { 16, 16, 301, 1, 16, 32, 851 }, // M
    { 13, 16, 251, 1, 16, 26, 883 }, // N
    { 14, 17, 255, 1, 16, 30, 909 }, // O
    { 12, 16, 213, 1, 16, 24, 939 }, // P
    { 14, 18, 255, 1, 16, 32, 963 }, // Q
    { 12, 16, 214, 1, 16, 24, 995 }, // R
    { 12, 17, 214, 1, 16, 26, 1019 }, // S
    { 12, 16, 215, 1, 16, 24, 1045 }, // T
    { 13, 17, 248, 1, 16, 28, 1069 }, // U
    { 14, 16, 230, 0, 16, 28, 1097 }, // V
    { 20, 16, 328, 0, 16, 40, 1125 }, // W
    { 14, 16, 227, 0, 16, 28, 1165 }, // X
    { 14, 16, 226, 0, 16, 28, 1193 }, // Y
    { 11, 16, 210, 1, 16, 22, 1221 }, // Z
    { 5, 20, 122, 2, 17, 13, 1243 }, // [
    { 8, 19, 120, 0, 16, 19, 1256 }, // <backslash>
    { 5, 20, 122, 1, 17, 13, 1275 }, // ]
    { 9, 7, 157, 0, 15, 8, 1288 }, // ^
    { 10, 2, 152, 0, 0, 3, 1296 }, // _
    { 4, 4, 108, 1, 16, 2, 1299 }, // `
    { 11, 13, 187, 0, 12, 18, 1301 }, // a
    { 11, 17, 204, 1, 16, 24, 1319 }, // b
    { 10, 13, 190, 1, 12, 17, 1343 }, // c
    { 11, 17, 204, 1, 16, 24, 1360 }, // d
    { 11, 13, 194, 1, 12, 18, 1384 }, // e
    { 8, 16, 123, 0, 16, 16, 1402 }, // f
    { 11, 17, 204, 1, 12, 24, 1418 }, // g
    { 10, 16, 197, 1, 16, 20, 1442 }, // h
    { 3, 16, 81, 1, 16, 6, 1462 }, // i
    { 5, 21, 81, -1, 16, 14, 1468 }, // j
    { 11, 16, 183, 1, 16, 22, 1482 }, // k
    { 3, 16, 81, 1, 16, 6, 1504 }, // l
    { 16, 12, 292, 1, 12, 24, 1510 }, // m
    { 10, 12, 197, 1, 12, 15, 1534 }, // n
    { 11, 13, 200, 1, 12, 18, 1549 }, // o
    { 11, 17, 204, 1, 12, 24, 1567 }, // p
    { 11, 17, 204, 1, 12, 24, 1591 }, // q
    { 7, 12, 125, 1, 12, 11, 1615 }, // r
    { 9, 13, 176, 1, 12, 15, 1626 }, // s
    { 7, 16, 109, 0, 15, 14, 1641 }, // t
    { 10, 13, 197, 1, 12, 17, 1655 }, // u
    { 12, 12, 187, 0, 12, 18, 1672 }, // v
    { 17, 12, 273, 0, 12, 26, 1690 }, // w
    { 11, 12, 182, 0, 12, 17, 1716 }, // x
    { 12, 17, 187, 0, 12, 26, 1733 }, // y
    { 10, 12, 184, 1, 12, 15, 1759 }, // z
    { 7, 20, 142, 1, 17, 18, 1774 }, // {
    { 3, 26, 111, 2, 21, 10, 1792 }, // |
    { 7, 20, 142, 1, 17, 18, 1802 }, // }
    { 12, 4, 220, 1, 8, 6, 1820 }, // ~
    { 0, 0, 94, 0, 0, 0, 1826 }, // U+00A0
    { 4, 16, 96, 1, 12, 8, 1826 }, // U+00A1
    { 10, 16, 190, 1, 16, 20, 1834 }, // U+00A2
    { 11, 16, 204, 1, 16, 22, 1854 }, // U+00A3
    { 13, 14, 241, 1, 13, 23, 1876 }, // U+00A4
    { 12, 16, 183, 0, 16, 24, 1899 }, // U+00A5
    { 3, 19, 90, 1, 16, 8, 1923 }, // U+00A6
    { 10, 20, 189, 1, 16, 25, 1931 }, // U+00A7
    { 8, 3, 197, 2, 16, 3, 1956 }, // U+00A8
    { 17, 17, 305, 1, 16, 37, 1959 }, // U+00A9
    { 9, 10, 151, 0, 16, 12, 1996 }, // U+00AA
    { 11, 11, 194, 1, 12, 16, 2008 }, // U+00AB
    { 9, 5, 220, 2, 8, 6, 2024 }, // U+00AC
    { 12, 13, 222, 1, 16, 20, 2030 }, // U+00AE
    { 6, 3, 159, 2, 16, 3, 2050 }, // U+00AF
    { 8, 8, 152, 1, 16, 8, 2053 }, // U+00B0
    { 10, 12, 220, 2, 12, 15, 2061 }, // U+00B1
    { 8, 9, 147, 1, 18, 9, 2076 }, // U+00B2
    { 8, 9, 149, 1, 18, 9, 2085 }, // U+00B3
    { 5, 4, 108, 1, 16, 3, 2094 }, // U+00B4
    { 12, 17, 195, 1, 12, 26, 2097 }, // U+00B5
    { 10, 16, 201, 1, 16, 20, 2123 }, // U+00B6
    { 4, 4, 96, 1, 9, 2, 2143 }, // U+00B7
    { 5, 6, 89, 1, 1, 4, 2145 }, // U+00B8
    { 5, 9, 101, 1, 18, 6, 2149 }, // U+00B9
    { 10, 10, 161, 0, 16, 13, 2155 }, // U+00BA
    { 12, 11, 194, 0, 12, 17, 2168 }, // U+00BB
    { 16, 16, 267, 0, 16, 32, 2185 }, // U+00BC
    { 17, 16, 282, 0, 16, 34, 2217 }, // U+00BD
    { 17, 16, 294, 1, 16, 34, 2251 }, // U+00BE
    { 9, 16, 170, 1, 12, 18, 2285 }, // U+00BF
    { 14, 20, 230, 0, 20, 35, 2303 }, // U+00C0
    { 14, 20, 230, 0, 20, 35, 2338 }, // U+00C1
    { 14, 20, 230, 0, 20, 35, 2373 }, // U+00C2
    { 14, 20, 230, 0, 20, 35, 2408 }, // U+00C3
    { 14, 20, 230, 0, 20, 35, 2443 }, // U+00C4
    { 14, 21, 230, 0, 21, 37, 2478 }, // U+00C5
    { 20, 16, 331, 0, 16, 40, 2515 }, // U+00C6
    { 14, 21, 243, 1, 16, 37, 2555 }, // U+00C7
    { 11, 20, 200, 1, 20, 28, 2592 }, // U+00C8
    { 11, 20, 200, 1, 20, 28, 2620 }, // U+00C9
    { 11, 20, 200, 1, 20, 28, 2648 }, // U+00CA
    { 11, 20, 200, 1, 20, 28, 2676 }, // U+00CB
    { 4, 20, 89, 0, 20, 10, 2704 }, // U+00CC
    { 5, 20, 89, 1, 20, 13, 2714 }, // U+00CD
    { 8, 20, 89, -1, 20, 20, 2727 }, // U+00CE
    { 8, 20, 89, -1, 20, 20, 2747 }, // U+00CF
    { 15, 16, 245, 0, 16, 30, 2767 }, // U+00D0
    { 13, 20, 251, 1, 20, 33, 2797 }, // U+00D1
    { 14, 21, 255, 1, 20, 37, 2830 }, // U+00D2
    { 14, 21, 255, 1, 20, 37, 2867 }, // U+00D3
    { 14, 21, 255, 1, 20, 37, 2904 }, // U+00D4
    { 14, 21, 255, 1, 20, 37, 2941 }, // U+00D5
    { 14, 21, 255, 1, 20, 37, 2978 }, // U+00D6
    { 10, 10, 220, 2, 11, 13, 3015 }, // U+00D7
    { 14, 17, 255, 1, 16, 30, 3028 }, // U+00D8
    { 13, 21, 248, 1, 20, 35, 3058 }, // U+00D9
    { 13, 21, 248, 1, 20, 35, 3093 }, // U+00DA
    { 13, 21, 248, 1, 20, 35, 3128 }, // U+00DB
    { 13, 21, 248, 1, 20, 35, 3163 }, // U+00DC
    { 14, 20, 226, 0, 20, 35, 3198 }, // U+00DD
    { 11, 16, 212, 1, 16, 22, 3233 }, // U+00DE
    { 11, 16, 205, 1, 16, 22, 3255 }, // U+00DF
    { 11, 17, 187, 0, 16, 24, 3277 }, // U+00E0
    { 11, 17, 187, 0, 16, 24, 3301 }, // U+00E1
    { 11, 17, 187, 0, 16, 24, 3325 }, // U+00E2
    { 11, 17, 187, 0, 16, 24, 3349 }, // U+00E3
    { 11, 17, 187, 0, 16, 24, 3373 }, // U+00E4
    { 11, 19, 187, 0, 18, 27, 3397 }, // U+00E5
    { 19, 13, 306, 0, 12, 31, 3424 }, // U+00E6
    { 10, 17, 190, 1, 12, 22, 3455 }, // U+00E7
    { 11, 17, 194, 1, 16, 24, 3477 }, // U+00E8
    { 11, 17, 194, 1, 16, 24, 3501 }, // U+00E9
    { 11, 17, 194, 1, 16, 24, 3525 }, // U+00EA
    { 11, 17, 194, 1, 16, 24, 3549 }, // U+00EB
    { 5, 16, 81, -1, 16, 10, 3573 }, // U+00EC
    { 5, 16, 81, 1, 16, 10, 3583 }, // U+00ED
    { 7, 16, 81, -1, 16, 14, 3593 }, // U+00EE
    { 7, 16, 81, -1, 16, 14, 3607 }, // U+00EF
    { 11, 18, 194, 1, 17, 25, 3621 }, // U+00F0
    { 10, 16, 197, 1, 16, 20, 3646 }, // U+00F1
    { 11, 17, 200, 1, 16, 24, 3666 }, // U+00F2
    { 11, 17, 200, 1, 16, 24, 3690 }, // U+00F3
    { 11, 17, 200, 1, 16, 24, 3714 }, // U+00F4
    { 11, 17, 200, 1, 16, 24, 3738 }, // U+00F5
    { 11, 17, 200, 1, 16, 24, 3762 }, // U+00F6
    { 10, 12, 220, 2, 12, 15, 3786 }, // U+00F7
    { 12, 13, 200, 0, 12, 20, 3801 }, // U+00F8
    { 10, 17, 197, 1, 16, 22, 3821 }, // U+00F9
    { 10, 17, 197, 1, 16, 22, 3843 }, // U+00FA
    { 10, 17, 197, 1, 16, 22, 3865 }, // U+00FB
    { 10, 17, 197, 1, 16, 22, 3887 }, // U+00FC
    { 12, 21, 187, 0, 16, 32, 3909 }, // U+00FD
    { 11, 21, 204, 1, 16, 29, 3941 }, // U+00FE
    { 12, 21, 187, 0, 16, 32, 3970 }, // U+00FF
    { 14, 20, 230, 0, 20, 35, 4002 }, // U+0100
    { 11, 17, 187, 0, 16, 24, 4037 }, // U+0101
    { 14, 20, 230, 0, 20, 35, 4061 }, // U+0102
    { 11, 17, 187, 0, 16, 24, 4096 }, // U+0103
    { 15, 21, 230, 0, 16, 40, 4120 }, // U+0104
    { 11, 17, 187, 0, 12, 24, 4160 }, // U+0105
    { 14, 21, 243, 1, 20, 37, 4184 }, // U+0106
    { 10, 17, 190, 1, 16, 22, 4221 }, // U+0107
    { 14, 21, 243, 1, 20, 37, 4243 }, // U+0108
    { 10, 17, 190, 1, 16, 22, 4280 }, // U+0109
    { 14, 21, 243, 1, 20, 37, 4302 }, // U+010A
    { 10, 17, 190, 1, 16, 22, 4339 }, // U+010B
    { 14, 21, 243, 1, 20, 37, 4361 }, // U+010C
    { 10, 17, 190, 1, 16, 22, 4398 }, // U+010D
    { 13, 20, 240, 1, 20, 33, 4420 }, // U+010E
    { 14, 17, 237, 1, 16, 30, 4453 }, // U+010F
    { 15, 16, 245, 0, 16, 30, 4483 }, // U+0110
    { 12, 17, 204, 1, 16, 26, 4513 }, // U+0111
    { 11, 20, 200, 1, 20, 28, 4539 }, // U+0112
    { 11, 17, 194, 1, 16, 24, 4567 }, // U+0113
    { 11, 20, 200, 1, 20, 28, 4591 }, // U+0114
    { 11, 17, 194, 1, 16, 24, 4619 }, // U+0115
    { 11, 20, 200, 1, 20, 28, 4643 }, // U+0116
    { 11, 17, 194, 1, 16, 24, 4671 }, // U+0117
    { 11, 21, 200, 1, 16, 29, 4695 }, // U+0118
    { 11, 17, 194, 1, 12, 24, 4724 }, // U+0119
    { 11, 20, 200, 1, 20, 28, 4748 }, // U+011A
    { 11, 17, 194, 1, 16, 24, 4776 }, // U+011B
    { 14, 21, 249, 1, 20, 37, 4800 }, // U+011C
    { 11, 21, 204, 1, 16, 29, 4837 }, // U+011D
    { 14, 21, 249, 1, 20, 37, 4866 }, // U+011E
    { 11, 21, 204, 1, 16, 29, 4903 }, // U+011F
    { 14, 21, 249, 1, 20, 37, 4932 }, // U+0120
    { 11, 21, 204, 1, 16, 29, 4969 }, // U+0121
    { 14, 22, 249, 1, 16, 39, 4998 }, // U+0122
    { 11, 22, 204, 1, 17, 31, 5037 }, // U+0123
    { 13, 20, 248, 1, 20, 33, 5068 }, // U+0124
    { 12, 20, 197, -1, 20, 30, 5101 }, // U+0125
    { 15, 16, 259, 1, 16, 30, 5131 }, // U+0126
    { 11, 16, 197, 0, 16, 22, 5161 }, // U+0127
    { 7, 20, 89, -1, 20, 18, 5183 }, // U+0128
    { 7, 16, 81, -1, 16, 14, 5201 }, // U+0129
    { 7, 20, 89, -1, 20, 18, 5215 }, // U+012A
    { 7, 16, 81, -1, 16, 14, 5233 }, // U+012B
    { 7, 20, 89, -1, 20, 18, 5247 }, // U+012C
    { 7, 16, 81, -1, 16, 14, 5265 }, // U+012D
    { 5, 21, 89, 0, 16, 14, 5279 }, // U+012E
    { 6, 21, 81, -1, 16, 16, 5293 }, // U+012F
    { 4, 20, 89, 1, 20, 10, 5309 }, // U+0130
    { 3, 12, 81, 1, 12, 5, 5319 }, // U+0131
    { 15, 17, 280, 1, 16, 32, 5324 }, // U+0132
    { 8, 21, 161, 1, 16, 21, 5356 }, // U+0133
    { 12, 21, 190, 1, 20, 32, 5377 }, // U+0134
    { 7, 21, 81, -1, 16, 19, 5409 }, // U+0135
    { 13, 22, 224, 1, 16, 36, 5428 }, // U+0136
    { 11, 22, 183, 1, 16, 31, 5464 }, // U+0137
    { 10, 12, 175, 1, 12, 15, 5495 }, // U+0138
    { 10, 20, 188, 1, 20, 25, 5510 }, // U+0139
    { 5, 20, 81, 1, 20, 13, 5535 }, // U+013A
    { 10, 22, 188, 1, 16, 28, 5548 }, // U+013B
    { 4, 22, 81, 0, 16, 11, 5576 }, // U+013C
    { 10, 16, 188, 1, 16, 20, 5587 }, // U+013D
    { 6, 16, 113, 1, 16, 12, 5607 }, // U+013E
    { 10, 16, 187, 1, 16, 20, 5619 }, // U+013F
    { 7, 16, 120, 1, 16, 14, 5639 }, // U+0140
    { 12, 16, 198, 0, 16, 24, 5653 }, // U+0141
    { 7, 16, 81, -1, 16, 14, 5677 }, // U+0142
    { 13, 20, 251, 1, 20, 33, 5691 }, // U+0143
    { 10, 16, 197, 1, 16, 20, 5724 }, // U+0144
    { 13, 22, 251, 1, 16, 36, 5744 }, // U+0145
    { 10, 18, 197, 1, 12, 23, 5780 }, // U+0146
    { 13, 20, 251, 1, 20, 33, 5803 }, // U+0147
    { 10, 16, 197, 1, 16, 20, 5836 }, // U+0148
    { 13, 21, 251, 1, 16, 35, 5856 }, // U+014A
    { 10, 17, 197, 1, 12, 22, 5891 }, // U+014B
    { 14, 21, 255, 1, 20, 37, 5913 }, // U+014C
    { 11, 17, 200, 1, 16, 24, 5950 }, // U+014D
    { 14, 21, 255, 1, 20, 37, 5974 }, // U+014E
    { 11, 17, 200, 1, 16, 24, 6011 }, // U+014F
    { 14, 21, 255, 1, 20, 37, 6035 }, // U+0150
    { 11, 17, 200, 1, 16, 24, 6072 }, // U+0151
    { 19, 16, 335, 1, 16, 38, 6096 }, // U+0152
    { 19, 13, 333, 1, 12, 31, 6134 }, // U+0153
    { 12, 20, 214, 1, 20, 30, 6165 }, // U+0154
    { 7, 16, 125, 1, 16, 14, 6195 }, // U+0155
    { 12, 22, 214, 1, 16, 33, 6209 }, // U+0156
    { 8, 18, 125, 0, 12, 18, 6242 }, // U+0157
    { 12, 20, 214, 1, 20, 30, 6260 }, // U+0158
    { 7, 16, 125, 1, 16, 14, 6290 }, // U+0159
    { 12, 21, 214, 1, 20, 32, 6304 }, // U+015A
    { 9, 17, 176, 1, 16, 20, 6336 }, // U+015B
    { 12, 21, 214, 1, 20, 32, 6356 }, // U+015C
    { 9, 17, 176, 1, 16, 20, 6388 }, // U+015D
    { 12, 21, 214, 1, 16, 32, 6408 }, // U+015E
    { 9, 17, 176, 1, 12, 20, 6440 }, // U+015F
    { 12, 21, 214, 1, 20, 32, 6460 }, // U+0160
    { 9, 17, 176, 1, 16, 20, 6492 }, // U+0161
    { 12, 21, 215, 1, 16, 32, 6512 }, // U+0162
    { 7, 20, 109, 0, 15, 18, 6544 }, // U+0163
    { 12, 20, 215, 1, 20, 30, 6562 }, // U+0164
    { 7, 18, 125, 0, 17, 16, 6592 }, // U+0165
    { 12, 16, 215, 1, 16, 24, 6608 }, // U+0166
    { 7, 16, 109, 0, 15, 14, 6632 }, // U+0167
    { 13, 21, 248, 1, 20, 35, 6646 }, // U+0168
    { 10, 17, 197, 1, 16, 22, 6681 }, // U+0169
    { 13, 21, 248, 1, 20, 35, 6703 }, // U+016A
    { 10, 17, 197, 1, 16, 22, 6738 }, // U+016B
    { 13, 21, 248, 1, 20, 35, 6760 }, // U+016C
    { 10, 17, 197, 1, 16, 22, 6795 }, // U+016D
    { 13, 22, 248, 1, 21, 36, 6817 }, // U+016E
    { 10, 19, 197, 1, 18, 24, 6853 }, // U+016F
    { 13, 21, 248, 1, 20, 35, 6877 }, // U+0170
    { 10, 17, 197, 1, 16, 22, 6912 }, // U+0171
    { 13, 21, 248, 1, 16, 35, 6934 }, // U+0172
    { 11, 17, 197, 1, 12, 24, 6969 }, // U+0173
    { 20, 20, 328, 0, 20, 50, 6993 }, // U+0174
    { 17, 16, 273, 0, 16, 34, 7043 }, // U+0175
    { 14, 20, 226, 0, 20, 35, 7077 }, // U+0176
    { 12, 21, 187, 0, 16, 32, 7112 }, // U+0177
    { 14, 20, 226, 0, 20, 35, 7144 }, // U+0178
    { 11, 20, 210, 1, 20, 28, 7179 }, // U+0179
    { 10, 16, 184, 1, 16, 20, 7207 }, // U+017A
    { 11, 20, 210, 1, 20, 28, 7227 }, // U+017B
    { 10, 16, 184, 1, 16, 20, 7255 }, // U+017C
    { 11, 20, 210, 1, 20, 28, 7275 }, // U+017D
    { 10, 16, 184, 1, 16, 20, 7303 }, // U+017E
    { 6, 16, 105, 1, 16, 12, 7323 }, // U+017F
    { 14, 19, 254, 1, 18, 34, 7335 }, // U+01A0
    { 11, 15, 199, 1, 14, 21, 7369 }, // U+01A1
    { 15, 19, 247, 1, 18, 36, 7390 }, // U+01AF
    { 12, 15, 206, 1, 14, 23, 7426 }, // U+01B0
    { 25, 16, 425, 1, 16, 50, 7449 }, // U+01C5
    { 22, 17, 388, 1, 16, 47, 7499 }, // U+01C6
    { 21, 17, 379, 1, 16, 45, 7546 }, // U+01C7
    { 15, 21, 269, 1, 16, 40, 7591 }, // U+01C8
    { 8, 21, 161, 1, 16, 21, 7631 }, // U+01C9
    { 25, 17, 441, 1, 16, 54, 7652 }, // U+01CA
    { 19, 21, 332, 1, 16, 50, 7706 }, // U+01CB
    { 16, 21, 278, 1, 16, 42, 7756 }, // U+01CC
    { 14, 20, 230, 0, 20, 35, 7798 }, // U+01CD
    { 11, 17, 187, 0, 16, 24, 7833 }, // U+01CE
    { 8, 20, 89, -1, 20, 20, 7857 }, // U+01CF
    { 7, 16, 81, -1, 16, 14, 7877 }, // U+01D0
    { 14, 21, 255, 1, 20, 37, 7891 }, // U+01D1
    { 11, 17, 200, 1, 16, 24, 7928 }, // U+01D2
    { 13, 21, 248, 1, 20, 35, 7952 }, // U+01D3
    { 10, 17, 197, 1, 16, 22, 7987 }, // U+01D4
    { 13, 24, 248, 1, 23, 39, 8009 }, // U+01D5
    { 10, 20, 197, 1, 19, 25, 8048 }, // U+01D6
    { 13, 25, 248, 1, 24, 41, 8073 }, // U+01D7
    { 10, 21, 197, 1, 20, 27, 8114 }, // U+01D8
    { 13, 25, 248, 1, 24, 41, 8141 }, // U+01D9
    { 10, 21, 197, 1, 20, 27, 8182 }, // U+01DA
    { 13, 25, 248, 1, 24, 41, 8209 }, // U+01DB
    { 10, 21, 197, 1, 20, 27, 8250 }, // U+01DC
    { 11, 13, 194, 1, 12, 18, 8277 }, // U+01DD
    { 14, 23, 230, 0, 23, 41, 8295 }, // U+01DE
    { 11, 20, 187, 0, 19, 28, 8336 }, // U+01DF
    { 14, 23, 230, 0, 23, 41, 8364 }, // U+01E0
    { 11, 20, 187, 0, 19, 28, 8405 }, // U+01E1
    { 20, 20, 331, 0, 20, 50, 8433 }, // U+01E2
    { 19, 17, 306, 0, 16, 41, 8483 }, // U+01E3
    { 14, 17, 249, 1, 16, 30, 8524 }, // U+01E4
    { 13, 17, 224, 1, 12, 28, 8554 }, // U+01E5
    { 14, 21, 249, 1, 20, 37, 8582 }, // U+01E6
    { 11, 21, 204, 1, 16, 29, 8619 }, // U+01E7
    { 13, 20, 224, 1, 20, 33, 8648 }, // U+01E8
    { 13, 20, 183, -1, 20, 33, 8681 }, // U+01E9
    { 14, 21, 255, 1, 16, 37, 8714 }, // U+01EA
    { 11, 17, 200, 1, 12, 24, 8751 }, // U+01EB
    { 14, 25, 255, 1, 20, 44, 8775 }, // U+01EC
    { 11, 21, 200, 1, 16, 29, 8819 }, // U+01ED
    { 13, 25, 228, 1, 20, 41, 8848 }, // U+01EE
    { 11, 21, 207, 1, 16, 29, 8889 }, // U+01EF
    { 7, 21, 81, -1, 16, 19, 8918 }, // U+01F0
    { 26, 16, 450, 1, 16, 52, 8937 }, // U+01F1
    { 25, 16, 425, 1, 16, 50, 8989 }, // U+01F2
    { 22, 17, 388, 1, 16, 47, 9039 }, // U+01F3
    { 14, 21, 249, 1, 20, 37, 9086 }, // U+01F4
    { 11, 21, 204, 1, 16, 29, 9123 }, // U+01F5
    { 21, 17, 373, 1, 16, 45, 9152 }, // U+01F6
    { 12, 21, 212, 1, 16, 32, 9197 }, // U+01F7
    { 13, 20, 251, 1, 20, 33, 9229 }, // U+01F8
    { 10, 16, 197, 1, 16, 20, 9262 }, // U+01F9
    { 14, 24, 230, 0, 24, 42, 9282 }, // U+01FA
    { 11, 21, 187, 0, 20, 29, 9324 }, // U+01FB
    { 20, 20, 331, 0, 20, 50, 9353 }, // U+01FC
    { 19, 17, 306, 0, 16, 41, 9403 }, // U+01FD
    { 14, 21, 255, 1, 20, 37, 9444 }, // U+01FE
    { 12, 17, 200, 0, 16, 26, 9481 }, // U+01FF
    { 14, 20, 230, 0, 20, 35, 9507 }, // U+0200
    { 11, 17, 187, 0, 16, 24, 9542 }, // U+0201
    { 14, 21, 230, 0, 21, 37, 9566 }, // U+0202
    { 11, 18, 187, 0, 17, 25, 9603 }, // U+0203
    { 11, 20, 200, 1, 20, 28, 9628 }, // U+0204
    { 11, 17, 194, 1, 16, 24, 9656 }, // U+0205
    { 11, 21, 200, 1, 21, 29, 9680 }, // U+0206
    { 11, 18, 194, 1, 17, 25, 9709 }, // U+0207
    { 8, 20, 89, -2, 20, 20, 9734 }, // U+0208
    { 8, 16, 81, -3, 16, 16, 9754 }, // U+0209
    { 7, 21, 89, -1, 21, 19, 9770 }, // U+020A
    { 7, 17, 81, -1, 17, 15, 9789 }, // U+020B
    { 14, 21, 255, 1, 20, 37, 9804 }, // U+020C
    { 11, 17, 200, 1, 16, 24, 9841 }, // U+020D
    { 14, 22, 255, 1, 21, 39, 9865 }, // U+020E
    { 11, 18, 200, 1, 17, 25, 9904 }, // U+020F
    { 12, 20, 214, 1, 20, 30, 9929 }, // U+0210
    { 9, 16, 125, -1, 16, 18, 9959 }, // U+0211
    { 12, 21, 214, 1, 21, 32, 9977 }, // U+0212
    { 7, 17, 125, 1, 17, 15, 10009 }, // U+0213
    { 13, 21, 248, 1, 20, 35, 10024 }, // U+0214
    { 10, 17, 197, 1, 16, 22, 10059 }, // U+0215
    { 13, 22, 248, 1, 21, 36, 10081 }, // U+0216
    { 10, 18, 197, 1, 17, 23, 10117 }, // U+0217
    { 12, 22, 214, 1, 16, 33, 10140 }, // U+0218
    { 9, 18, 176, 1, 12, 21, 10173 }, // U+0219
    { 12, 22, 215, 1, 16, 33, 10194 }, // U+021A
    { 7, 21, 109, 0, 15, 19, 10227 }, // U+021B
    { 11, 21, 211, 1, 16, 29, 10246 }, // U+021C
    { 9, 17, 181, 1, 12, 20, 10275 }, // U+021D
    { 13, 20, 248, 1, 20, 33, 10295 }, // U+021E
    { 12, 20, 197, -1, 20, 30, 10328 }, // U+021F
    { 4, 4, 0, 1, 16, 2, 10358 }, // U+0300
    { 5, 4, 0, 1, 16, 3, 10360 }, // U+0301
    { 7, 3, 0, 1, 16, 3, 10363 }, // U+0302
    { 7, 3, 0, 2, 16, 3, 10366 }, // U+0303
    { 6, 3, 0, 2, 16, 3, 10369 }, // U+0304
    { 6, 4, 0, 1, 16, 3, 10372 }, // U+0306
    { 3, 3, 0, 1, 16, 2, 10375 }, // U+0307
    { 8, 3, 0, 2, 16, 3, 10377 }, // U+0308
    { 4, 4, 0, 1, 16, 2, 10380 }, // U+0309
    { 6, 6, 0, 0, 18, 5, 10382 }, // U+030A
    { 7, 3, 0, 1, 16, 3, 10387 }, // U+030C
    { 8, 4, 0, 1, 16, 4, 10390 }, // U+030F
    { 4, 7, 0, 4, 11, 4, 10394 }, // U+0313
    { 4, 7, 0, 4, 11, 4, 10398 }, // U+0315
    { 4, 5, 0, -4, 15, 3, 10402 }, // U+031B
    { 3, 3, 81, 1, -2, 2, 10405 }, // U+0323
    { 3, 5, 0, -8, -1, 2, 10407 }, // U+0326
    { 5, 6, 0, 1, 1, 4, 10409 }, // U+0327
    { 6, 6, 0, 0, 1, 5, 10413 }, // U+0328
    { 7, 3, 0, 1, -2, 3, 10418 }, // U+032C
    { 9, 15, 0, -11, 13, 17, 10421 }, // U+0337
    { 12, 17, 0, -12, 16, 26, 10438 }, // U+0338
    { 7, 3, 0, -9, 16, 3, 10464 }, // U+0342
    { 4, 5, 0, 0, 13, 3, 10467 }, // U+0343
    { 8, 5, 0, -10, 17, 5, 10470 }, // U+0346
    { 7, 5, 0, -10, -3, 5, 10475 }, // U+0347
    { 5, 5, 0, -8, -1, 4, 10480 }, // U+0348
    { 5, 5, 0, -8, -1, 4, 10484 }, // U+0349
    { 8, 5, 0, -10, 17, 5, 10488 }, // U+034A
    { 9, 9, 0, -11, 20, 11, 10493 }, // U+034B
    { 8, 5, 0, -10, 17, 5, 10504 }, // U+034C
    { 10, 5, 0, -11, -1, 7, 10509 }, // U+034D
    { 6, 6, 0, -9, 0, 5, 10516 }, // U+034E
    { 0, 0, 0, 0, 0, 0, 10521 }, // U+034F
    { 9, 8, 0, -10, 21, 9, 10521 }, // U+0350
    { 3, 5, 0, -7, 16, 2, 10530 }, // U+0351
    { 8, 7, 0, -10, 18, 7, 10532 }, // U+0352
    { 6, 6, 0, -8, 0, 5, 10539 }, // U+0353
    { 6, 6, 0, -8, 0, 5, 10544 }, // U+0354
    { 6, 6, 0, -8, 0, 5, 10549 }, // U+0355
    { 12, 6, 0, -10, 0, 9, 10554 }, // U+0356
    { 4, 6, 0, 0, 18, 3, 10563 }, // U+0357
    { 3, 3, 0, 1, 16, 2, 10566 }, // U+0358
    { 6, 6, 0, -9, 0, 5, 10568 }, // U+0359
    { 9, 5, 0, -10, 0, 6, 10573 }, // U+035A
    { 5, 5, 0, -8, 17, 4, 10579 }, // U+035B
    { 16, 4, 0, -8, 0, 8, 10583 }, // U+035C
    { 16, 4, 0, -8, 16, 8, 10591 }, // U+035D
    { 14, 3, 0, -13, 16, 6, 10599 }, // U+035E
    { 14, 3, 0, -13, -1, 6, 10605 }, // U+035F
    { 20, 4, 0, -10, 16, 10, 10611 }, // U+0360
    { 16, 4, 0, -8, 16, 8, 10621 }, // U+0361
    { 17, 5, 0, -8, -1, 11, 10629 }, // U+0362
    { 6, 6, 0, -9, 18, 5, 10640 }, // U+0363
    { 6, 6, 0, -9, 18, 5, 10645 }, // U+0364
    { 3, 8, 0, -7, 20, 3, 10650 }, // U+0365
    { 6, 6, 0, -9, 18, 5, 10653 }, // U+0366
    { 6, 6, 0, -9, 18, 5, 10658 }, // U+0367
    { 6, 6, 0, -9, 18, 5, 10663 }, // U+0368
    { 6, 9, 0, -9, 21, 7, 10668 }, // U+0369
    { 6, 9, 0, -9, 21, 7, 10675 }, // U+036A
    { 9, 6, 0, -10, 18, 7, 10682 }, // U+036B
    { 4, 6, 0, -8, 18, 3, 10689 }, // U+036C
    { 4, 8, 0, 0, 20, 4, 10692 }, // U+036D
    { 6, 6, 0, -9, 18, 5, 10696 }, // U+036E
    { 6, 6, 0, -8, 18, 5, 10701 }, // U+036F
    { 11, 20, 200, 1, 20, 28, 10706 }, // U+0400
    { 11, 20, 200, 1, 20, 28, 10734 }, // U+0401
    { 16, 17, 280, 1, 16, 34, 10762 }, // U+0402
    { 11, 20, 193, 1, 20, 28, 10796 }, // U+0403
    { 14, 17, 243, 1, 16, 30, 10824 }, // U+0404
    { 12, 17, 214, 1, 16, 26, 10854 }, // U+0405
    { 3, 16, 89, 1, 16, 6, 10880 }, // U+0406
    { 8, 20, 89, -1, 20, 20, 10886 }, // U+0407
    { 10, 17, 190, 1, 16, 22, 10906 }, // U+0408
    { 22, 16, 371, 1, 16, 44, 10928 }, // U+0409
    { 22, 16, 375, 1, 16, 44, 10972 }, // U+040A
    { 16, 16, 295, 1, 16, 32, 11016 }, // U+040B
    { 13, 20, 224, 1, 20, 33, 11048 }, // U+040C
    { 13, 20, 251, 1, 20, 33, 11081 }, // U+040D
    { 13, 20, 209, 0, 20, 33, 11114 }, // U+040E
    { 13, 20, 241, 1, 16, 33, 11147 }, // U+040F
    { 14, 16, 230, 0, 16, 28, 11180 }, // U+0410
    { 12, 16, 215, 1, 16, 24, 11208 }, // U+0411
    { 12, 16, 218, 1, 16, 24, 11232 }, // U+0412
    { 11, 16, 193, 1, 16, 22, 11256 }, // U+0413
    { 16, 20, 273, 1, 16, 40, 11278 }, // U+0414
    { 11, 16, 200, 1, 16, 22, 11318 }, // U+0415
    { 20, 16, 320, 0, 16, 40, 11340 }, // U+0416
    { 11, 17, 206, 1, 16, 24, 11380 }, // U+0417
    { 13, 16, 251, 1, 16, 26, 11404 }, // U+0418
    { 13, 20, 251, 1, 20, 33, 11430 }, // U+0419
    { 13, 16, 224, 1, 16, 26, 11463 }, // U+041A
    { 13, 16, 249, 1, 16, 26, 11489 }, // U+041B
    { 16, 16, 301, 1, 16, 32, 11515 }, // U+041C
    { 13, 16, 248, 1, 16, 26, 11547 }, // U+041D
    { 14, 17, 255, 1, 16, 30, 11573 }, // U+041E
    { 13, 16, 248, 1, 16, 26, 11603 }, // U+041F
    { 12, 16, 213, 1, 16, 24, 11629 }, // U+0420
    { 14, 17, 243, 1, 16, 30, 11653 }, // U+0421
    { 12, 16, 215, 1, 16, 24, 11683 }, // U+0422
    { 13, 16, 209, 0, 16, 26, 11707 }, // U+0423
    { 15, 18, 276, 1, 17, 34, 11733 }, // U+0424
    { 14, 16, 227, 0, 16, 28, 11767 }, // U+0425
    { 14, 20, 240, 1, 16, 35, 11795 }, // U+0426
    { 12, 16, 233, 1, 16, 24, 11830 }, // U+0427
    { 18, 16, 319, 1, 16, 36, 11854 }, // U+0428
    { 19, 20, 324, 1, 16, 48, 11890 }, // U+0429
    { 15, 16, 272, 1, 16, 30, 11938 }, // U+042A
    { 16, 16, 294, 1, 16, 32, 11968 }, // U+042B
    { 12, 16, 216, 1, 16, 24, 12000 }, // U+042C
    { 13, 17, 243, 1, 16, 28, 12024 }, // U+042D
    { 19, 17, 338, 1, 16, 41, 12052 }, // U+042E
    { 12, 16, 214, 0, 16, 24, 12093 }, // U+042F
    { 11, 13, 187, 0, 12, 18, 12117 }, // U+0430
    { 11, 17, 198, 1, 16, 24, 12135 }, // U+0431
    { 10, 12, 188, 1, 12, 15, 12159 }, // U+0432
    { 8, 12, 145, 1, 12, 12, 12174 }, // U+0433
    { 13, 16, 204, 0, 12, 26, 12186 }, // U+0434
    { 11, 13, 194, 1, 12, 18, 12212 }, // U+0435
    { 17, 12, 270, 0, 12, 26, 12230 }, // U+0436
    { 10, 13, 165, 0, 12, 17, 12256 }, // U+0437
    { 10, 12, 197, 1, 12, 15, 12273 }, // U+0438
    { 10, 16, 197, 1, 16, 20, 12288 }, // U+0439
    { 10, 12, 181, 1, 12, 15, 12308 }, // U+043A
    { 11, 12, 192, 0, 12, 17, 12323 }, // U+043B
    { 14, 12, 257, 1, 12, 21, 12340 }, // U+043C
    { 10, 12, 196, 1, 12, 15, 12361 }, // U+043D
    { 11, 13, 200, 1, 12, 18, 12376 }, // U+043E
    { 10, 12, 196, 1, 12, 15, 12394 }, // U+043F
    { 11, 17, 204, 1, 12, 24, 12409 }, // U+0440
    { 10, 13, 190, 1, 12, 17, 12433 }, // U+0441
    { 10, 12, 155, 0, 12, 15, 12450 }, // U+0442
    { 12, 17, 187, 0, 12, 26, 12465 }, // U+0443
    { 13, 21, 229, 1, 16, 35, 12491 }, // U+0444
    { 11, 12, 182, 0, 12, 17, 12526 }, // U+0445
    { 12, 16, 199, 1, 12, 24, 12543 }, // U+0446
    { 10, 12, 192, 1, 12, 15, 12567 }, // U+0447
    { 15, 12, 274, 1, 12, 23, 12582 }, // U+0448
    { 17, 16, 279, 1, 12, 34, 12605 }, // U+0449
    { 13, 12, 214, 0, 12, 20, 12639 }, // U+044A
    { 13, 12, 245, 1, 12, 20, 12659 }, // U+044B
    { 10, 12, 186, 1, 12, 15, 12679 }, // U+044C
    { 10, 13, 190, 1, 12, 17, 12694 }, // U+044D
    { 16, 13, 281, 1, 12, 26, 12711 }, // U+044E
    { 10, 12, 185, 0, 12, 15, 12737 }, // U+044F
    { 11, 17, 194, 1, 16, 24, 12752 }, // U+0450
    { 11, 17, 194, 1, 16, 24, 12776 }, // U+0451
    { 11, 21, 197, 0, 16, 29, 12800 }, // U+0452
    { 8, 16, 145, 1, 16, 16, 12829 }, // U+0453
    { 10, 13, 190, 1, 12, 17, 12845 }, // U+0454
    { 9, 13, 176, 1, 12, 15, 12862 }, // U+0455
    { 3, 16, 81, 1, 16, 6, 12877 }, // U+0456
    { 7, 16, 81, -1, 16, 14, 12883 }, // U+0457
    { 5, 21, 81, -1, 16, 14, 12897 }, // U+0458
    { 19, 12, 308, 0, 12, 29, 12911 }, // U+0459
    { 17, 12, 299, 1, 12, 26, 12940 }, // U+045A
    { 11, 16, 197, 0, 16, 22, 12966 }, // U+045B
    { 10, 16, 181, 1, 16, 20, 12988 }, // U+045C
    { 10, 16, 197, 1, 16, 20, 13008 }, // U+045D
    { 12, 21, 187, 0, 16, 32, 13028 }, // U+045E
    { 10, 16, 196, 1, 12, 20, 13060 }, // U+045F
    { 16, 17, 299, 1, 16, 34, 13080 }, // U+0460
    { 15, 13, 269, 1, 12, 25, 13114 }, // U+0461
    { 14, 16, 229, 0, 16, 28, 13139 }, // U+0462
    { 12, 16, 205, 0, 16, 24, 13167 }, // U+0463
    { 18, 17, 319, 1, 16, 39, 13191 }, // U+0464
    { 15, 13, 261, 1, 12, 25, 13230 }, // U+0465
    { 14, 16, 230, 0, 16, 28, 13255 }, // U+0466
    { 12, 12, 190, 0, 12, 18, 13283 }, // U+0467
    { 18, 16, 312, 1, 16, 36, 13301 }, // U+0468
    { 15, 12, 259, 1, 12, 23, 13337 }, // U+0469
    { 16, 16, 284, 1, 16, 32, 13360 }, // U+046A
    { 14, 12, 231, 0, 12, 21, 13392 }, // U+046B
    { 22, 16, 382, 1, 16, 44, 13413 }, // U+046C
    { 18, 12, 319, 1, 12, 27, 13457 }, // U+046D
    { 10, 25, 181, 1, 20, 32, 13484 }, // U+046E
    { 10, 21, 174, 0, 16, 27, 13516 }, // U+046F
    { 16, 16, 293, 1, 16, 32, 13543 }, // U+0470
    { 14, 20, 259, 1, 15, 35, 13575 }, // U+0471
    { 14, 17, 255, 1, 16, 30, 13610 }, // U+0472
    { 11, 13, 200, 1, 12, 18, 13640 }, // U+0473
    { 15, 16, 235, 0, 16, 30, 13658 }, // U+0474
    { 12, 12, 198, 0, 12, 18, 13688 }, // U+0475
    { 15, 20, 235, 0, 20, 38, 13706 }, // U+0476
    { 12, 16, 198, 0, 16, 24, 13744 }, // U+0477
    { 27, 21, 442, 1, 16, 71, 13768 }, // U+0478
    { 23, 17, 381, 1, 12, 49, 13839 }, // U+0479
    { 13, 16, 237, 1, 16, 26, 13888 }, // U+0480
    { 10, 16, 188, 1, 12, 20, 13914 }, // U+0481
    { 11, 14, 211, 1, 14, 20, 13934 }, // U+0482
    { 8, 4, 0, -10, 16, 4, 13954 }, // U+0483
    { 9, 3, 0, -10, 16, 4, 13958 }, // U+0484
    { 3, 4, 0, -7, 17, 2, 13962 }, // U+0485
    { 4, 4, 0, -7, 17, 2, 13964 }, // U+0486
    { 9, 3, 0, -10, 16, 4, 13966 }, // U+0487
    { 21, 19, 0, -16, 15, 50, 13970 }, // U+0488
    { 20, 21, 0, -16, 16, 53, 14020 }, // U+0489
    { 15, 24, 251, 1, 20, 45, 14073 }, // U+048A
    { 12, 20, 197, 1, 16, 30, 14118 }, // U+048B
    { 14, 16, 229, 0, 16, 28, 14148 }, // U+048C
    { 12, 15, 205, 0, 15, 23, 14176 }, // U+048D
    { 12, 16, 212, 1, 16, 24, 14199 }, // U+048E
    { 11, 17, 203, 1, 12, 24, 14223 }, // U+048F
    { 11, 19, 193, 1, 19, 27, 14247 }, // U+0490
    { 8, 15, 145, 1, 15, 15, 14274 }, // U+0491
    { 13, 16, 193, -1, 16, 26, 14289 }, // U+0492
    { 9, 12, 145, 0, 12, 14, 14315 }, // U+0493
    { 12, 17, 217, 1, 16, 26, 14329 }, // U+0494
    { 10, 16, 180, 1, 12, 20, 14355 }, // U+0495
    { 21, 20, 326, 0, 16, 53, 14375 }, // U+0496
    { 18, 16, 276, 0, 12, 36, 14428 }, // U+0497
    { 11, 21, 206, 1, 16, 29, 14464 }, // U+0498
    { 10, 17, 165, 0, 12, 22, 14493 }, // U+0499
    { 14, 20, 235, 1, 16, 35, 14515 }, // U+049A
    { 11, 16, 187, 1, 12, 22, 14550 }, // U+049B
    { 13, 16, 222, 1, 16, 26, 14572 }, // U+049C
    { 11, 12, 195, 1, 12, 17, 14598 }, // U+049D
    { 16, 16, 280, 1, 16, 32, 14615 }, // U+04A0
    { 13, 12, 209, 0, 12, 20, 14647 }, // U+04A1
    { 15, 20, 253, 1, 16, 38, 14667 }, // U+04A2
    { 12, 16, 201, 1, 12, 24, 14705 }, // U+04A3
    { 19, 16, 328, 1, 16, 38, 14729 }, // U+04A4
    { 13, 12, 226, 1, 12, 20, 14767 }, // U+04A5
    { 22, 17, 369, 1, 16, 47, 14787 }, // U+04A6
    { 18, 15, 307, 1, 12, 34, 14834 }, // U+04A7
    { 19, 17, 328, 1, 16, 41, 14868 }, // U+04A8
    { 15, 13, 259, 1, 12, 25, 14909 }, // U+04A9
    { 14, 21, 243, 1, 16, 37, 14934 }, // U+04AA
    { 10, 17, 190, 1, 12, 22, 14971 }, // U+04AB
    { 12, 20, 215, 1, 16, 30, 14993 }, // U+04AC
    { 10, 16, 155, 0, 12, 20, 15023 }, // U+04AD
    { 14, 16, 226, 0, 16, 28, 15043 }, // U+04AE
    { 12, 17, 187, 0, 12, 26, 15071 }, // U+04AF
    { 14, 16, 226, 0, 16, 28, 15097 }, // U+04B0
    { 12, 17, 187, 0, 12, 26, 15125 }, // U+04B1
    { 15, 20, 234, 0, 16, 38, 15151 }, // U+04B2
    { 12, 16, 188, 0, 12, 24, 15189 }, // U+04B3
    { 18, 20, 305, 1, 16, 45, 15213 }, // U+04B4
    { 14, 16, 220, 0, 12, 28, 15258 }, // U+04B5
    { 14, 20, 238, 1, 16, 35, 15286 }, // U+04B6
    { 11, 16, 197, 1, 12, 22, 15321 }, // U+04B7
    { 12, 16, 233, 1, 16, 24, 15343 }, // U+04B8
    { 10, 12, 192, 1, 12, 15, 15367 }, // U+04B9
    { 12, 16, 233, 1, 16, 24, 15382 }, // U+04BA
    { 10, 16, 197, 1, 16, 20, 15406 }, // U+04BB
    { 17, 17, 280, 0, 16, 37, 15426 }, // U+04BC
    { 14, 13, 238, 0, 12, 23, 15463 }, // U+04BD
    { 17, 20, 280, 0, 16, 43, 15486 }, // U+04BE
    { 14, 17, 238, 0, 12, 30, 15529 }, // U+04BF
    { 3, 16, 89, 1, 16, 6, 15559 }, // U+04C0
    { 20, 20, 320, 0, 20, 50, 15565 }, // U+04C1
    { 17, 16, 270, 0, 16, 34, 15615 }, // U+04C2
    { 13, 20, 227, 1, 16, 33, 15649 }, // U+04C3
    { 11, 15, 196, 1, 12, 21, 15682 }, // U+04C4
    { 15, 20, 249, 1, 16, 38, 15703 }, // U+04C5
    { 13, 16, 192, 0, 12, 26, 15741 }, // U+04C6
    { 13, 21, 248, 1, 16, 35, 15767 }, // U+04C7
    { 10, 17, 196, 1, 12, 22, 15802 }, // U+04C8
    { 15, 20, 248, 1, 16, 38, 15824 }, // U+04C9
    { 12, 16, 196, 1, 12, 24, 15862 }, // U+04CA
    { 14, 20, 238, 1, 16, 35, 15886 }, // U+04CB
    { 11, 16, 197, 1, 12, 22, 15921 }, // U+04CC
    { 18, 20, 301, 1, 16, 45, 15943 }, // U+04CD
    { 16, 16, 257, 1, 12, 32, 15988 }, // U+04CE
    { 3, 16, 81, 1, 16, 6, 16020 }, // U+04CF
    { 14, 20, 230, 0, 20, 35, 16026 }, // U+04D0
    { 11, 17, 187, 0, 16, 24, 16061 }, // U+04D1
    { 14, 20, 230, 0, 20, 35, 16085 }, // U+04D2
    { 11, 17, 187, 0, 16, 24, 16120 }, // U+04D3
    { 20, 16, 331, 0, 16, 40, 16144 }, // U+04D4
    { 19, 13, 306, 0, 12, 31, 16184 }, // U+04D5
    { 11, 20, 200, 1, 20, 28, 16215 }, // U+04D6
    { 11, 17, 194, 1, 16, 24, 16243 }, // U+04D7
    { 14, 17, 248, 1, 16, 30, 16267 }, // U+04D8
    { 11, 13, 194, 1, 12, 18, 16297 }, // U+04D9
    { 14, 21, 248, 1, 20, 37, 16315 }, // U+04DA
    { 11, 17, 194, 1, 16, 24, 16352 }, // U+04DB
    { 20, 20, 320, 0, 20, 50, 16376 }, // U+04DC
    { 17, 16, 270, 0, 16, 34, 16426 }, // U+04DD
    { 11, 21, 206, 1, 20, 29, 16460 }, // U+04DE
    { 10, 17, 165, 0, 16, 22, 16489 }, // U+04DF
    { 11, 17, 207, 1, 16, 24, 16511 }, // U+04E0
    { 11, 17, 207, 1, 12, 24, 16535 }, // U+04E1
    { 13, 20, 251, 1, 20, 33, 16559 }, // U+04E2
    { 10, 16, 197, 1, 16, 20, 16592 }, // U+04E3
    { 13, 20, 251, 1, 20, 33, 16612 }, // U+04E4
    { 10, 16, 197, 1, 16, 20, 16645 }, // U+04E5
    { 14, 21, 255, 1, 20, 37, 16665 }, // U+04E6
    { 11, 17, 200, 1, 16, 24, 16702 }, // U+04E7
    { 14, 17, 255, 1, 16, 30, 16726 }, // U+04E8
    { 11, 13, 200, 1, 12, 18, 16756 }, // U+04E9
    { 14, 21, 255, 1, 20, 37, 16774 }, // U+04EA
    { 11, 17, 200, 1, 16, 24, 16811 }, // U+04EB
    { 13, 21, 243, 1, 20, 35, 16835 }, // U+04EC
    { 10, 17, 190, 1, 16, 22, 16870 }, // U+04ED
    { 13, 20, 209, 0, 20, 33, 16892 }, // U+04EE
    { 12, 21, 187, 0, 16, 32, 16925 }, // U+04EF
    { 13, 20, 209, 0, 20, 33, 16957 }, // U+04F0
    { 12, 21, 187, 0, 16, 32, 16990 }, // U+04F1
    { 13, 20, 209, 0, 20, 33, 17022 }, // U+04F2
    { 12, 21, 187, 0, 16, 32, 17055 }, // U+04F3
    { 12, 20, 233, 1, 20, 30, 17087 }, // U+04F4
    { 10, 16, 192, 1, 16, 20, 17117 }, // U+04F5
    { 11, 20, 193, 1, 16, 28, 17137 }, // U+04F6
    { 8, 16, 145, 1, 12, 16, 17165 }, // U+04F7
    { 16, 20, 294, 1, 20, 40, 17181 }, // U+04F8
    { 13, 16, 245, 1, 16, 26, 17221 }, // U+04F9
    { 12, 21, 197, 0, 16, 32, 17247 }, // U+04FA
    { 9, 17, 145, 0, 12, 20, 17279 }, // U+04FB
    { 15, 21, 234, 0, 16, 40, 17299 }, // U+04FC
    { 11, 17, 174, 0, 12, 24, 17339 }, // U+04FD
    { 14, 16, 227, 0, 16, 28, 17363 }, // U+04FE
    { 11, 12, 182, 0, 12, 17, 17391 }, // U+04FF
    { 14, 21, 230, 0, 16, 37, 17408 }, // U+1EA0
    { 11, 17, 187, 0, 12, 24, 17445 }, // U+1EA1
    { 14, 20, 230, 0, 20, 35, 17469 }, // U+1EA2
    { 11, 17, 187, 0, 16, 24, 17504 }, // U+1EA3
    { 14, 24, 230, 0, 24, 42, 17528 }, // U+1EA4
    { 11, 21, 187, 0, 20, 29, 17570 }, // U+1EA5
    { 14, 24, 230, 0, 24, 42, 17599 }, // U+1EA6
    { 11, 21, 187, 0, 20, 29, 17641 }, // U+1EA7
    { 14, 24, 230, 0, 24, 42, 17670 }, // U+1EA8
    { 11, 21, 187, 0, 20, 29, 17712 }, // U+1EA9
    { 14, 23, 230, 0, 23, 41, 17741 }, // U+1EAA
    { 11, 20, 187, 0, 19, 28, 17782 }, // U+1EAB
    { 14, 25, 230, 0, 20, 44, 17810 }, // U+1EAC
    { 11, 21, 187, 0, 16, 29, 17854 }, // U+1EAD
    { 14, 24, 230, 0, 24, 42, 17883 }, // U+1EAE
    { 11, 21, 187, 0, 20, 29, 17925 }, // U+1EAF
    { 14, 24, 230, 0, 24, 42, 17954 }, // U+1EB0
    { 11, 21, 187, 0, 20, 29, 17996 }, // U+1EB1
    { 14, 24, 230, 0, 24, 42, 18025 }, // U+1EB2
    { 11, 21, 187, 0, 20, 29, 18067 }, // U+1EB3
    { 14, 23, 230, 0, 23, 41, 18096 }, // U+1EB4
    { 11, 20, 187, 0, 19, 28, 18137 }, // U+1EB5
    { 14, 25, 230, 0, 20, 44, 18165 }, // U+1EB6
    { 11, 21, 187, 0, 16, 29, 18209 }, // U+1EB7
    { 11, 21, 200, 1, 16, 29, 18238 }, // U+1EB8
    { 11, 17, 194, 1, 12, 24, 18267 }, // U+1EB9
    { 11, 20, 200, 1, 20, 28, 18291 }, // U+1EBA
    { 11, 17, 194, 1, 16, 24, 18319 }, // U+1EBB
    { 11, 20, 200, 1, 20, 28, 18343 }, // U+1EBC
    { 11, 17, 194, 1, 16, 24, 18371 }, // U+1EBD
    { 11, 24, 200, 1, 24, 33, 18395 }, // U+1EBE
    { 11, 21, 194, 1, 20, 29, 18428 }, // U+1EBF
    { 11, 24, 200, 1, 24, 33, 18457 }, // U+1EC0
    { 11, 21, 194, 1, 20, 29, 18490 }, // U+1EC1
    { 11, 24, 200, 1, 24, 33, 18519 }, // U+1EC2
    { 11, 21, 194, 1, 20, 29, 18552 }, // U+1EC3
    { 11, 23, 200, 1, 23, 32, 18581 }, // U+1EC4
    { 11, 20, 194, 1, 19, 28, 18613 }, // U+1EC5
    { 11, 25, 200, 1, 20, 35, 18641 }, // U+1EC6
    { 11, 21, 194, 1, 16, 29, 18676 }, // U+1EC7
    { 4, 20, 89, 1, 20, 10, 18705 }, // U+1EC8
    { 5, 16, 81, 0, 16, 10, 18715 }, // U+1EC9
    { 4, 21, 89, 1, 16, 11, 18725 }, // U+1ECA
    { 3, 21, 81, 1, 16, 8, 18736 }, // U+1ECB
    { 14, 21, 255, 1, 16, 37, 18744 }, // U+1ECC
    { 11, 17, 200, 1, 12, 24, 18781 }, // U+1ECD
    { 14, 21, 255, 1, 20, 37, 18805 }, // U+1ECE
    { 11, 17, 200, 1, 16, 24, 18842 }, // U+1ECF
    { 14, 25, 255, 1, 24, 44, 18866 }, // U+1ED0
    { 11, 21, 200, 1, 20, 29, 18910 }, // U+1ED1
    { 14, 25, 255, 1, 24, 44, 18939 }, // U+1ED2
    { 11, 21, 200, 1, 20, 29, 18983 }, // U+1ED3
    { 14, 25, 255, 1, 24, 44, 19012 }, // U+1ED4
    { 11, 21, 200, 1, 20, 29, 19056 }, // U+1ED5
    { 14, 24, 255, 1, 23, 42, 19085 }, // U+1ED6
    { 11, 20, 200, 1, 19, 28, 19127 }, // U+1ED7
    { 14, 25, 255, 1, 20, 44, 19155 }, // U+1ED8
    { 11, 21, 200, 1, 16, 29, 19199 }, // U+1ED9
    { 14, 21, 254, 1, 20, 37, 19228 }, // U+1EDA
    { 11, 17, 199, 1, 16, 24, 19265 }, // U+1EDB
    { 14, 21, 254, 1, 20, 37, 19289 }, // U+1EDC
    { 11, 17, 199, 1, 16, 24, 19326 }, // U+1EDD
    { 14, 21, 254, 1, 20, 37, 19350 }, // U+1EDE
    { 11, 17, 199, 1, 16, 24, 19387 }, // U+1EDF
    { 14, 21, 254, 1, 20, 37, 19411 }, // U+1EE0
    { 11, 17, 199, 1, 16, 24, 19448 }, // U+1EE1
    { 14, 23, 254, 1, 18, 41, 19472 }, // U+1EE2
    { 11, 19, 199, 1, 14, 27, 19513 }, // U+1EE3
    { 13, 21, 248, 1, 16, 35, 19540 }, // U+1EE4
    { 10, 17, 197, 1, 12, 22, 19575 }, // U+1EE5
    { 13, 21, 248, 1, 20, 35, 19597 }, // U+1EE6
    { 10, 17, 197, 1, 16, 22, 19632 }, // U+1EE7
    { 15, 21, 247, 1, 20, 40, 19654 }, // U+1EE8
    { 12, 17, 206, 1, 16, 26, 19694 }, // U+1EE9
    { 15, 21, 247, 1, 20, 40, 19720 }, // U+1EEA
    { 12, 17, 206, 1, 16, 26, 19760 }, // U+1EEB
    { 15, 21, 247, 1, 20, 40, 19786 }, // U+1EEC
    { 12, 17, 206, 1, 16, 26, 19826 }, // U+1EED
    { 15, 21, 247, 1, 20, 40, 19852 }, // U+1EEE
    { 12, 17, 206, 1, 16, 26, 19892 }, // U+1EEF
    { 15, 23, 247, 1, 18, 44, 19918 }, // U+1EF0
    { 12, 19, 206, 1, 14, 29, 19962 }, // U+1EF1
    { 14, 20, 226, 0, 20, 35, 19991 }, // U+1EF2
    { 12, 21, 187, 0, 16, 32, 20026 }, // U+1EF3
    { 14, 21, 226, 0, 16, 37, 20058 }, // U+1EF4
    { 12, 17, 187, 0, 12, 26, 20095 }, // U+1EF5
    { 14, 20, 226, 0, 20, 35, 20121 }, // U+1EF6
    { 12, 21, 187, 0, 16, 32, 20156 }, // U+1EF7
    { 14, 20, 226, 0, 20, 35, 20188 }, // U+1EF8
    { 12, 21, 187, 0, 16, 32, 20223 }, // U+1EF9
    { 0, 0, 182, 0, 0, 0, 20255 }, // U+2000
    { 0, 0, 364, 0, 0, 0, 20255 }, // U+2001
    { 0, 0, 167, 0, 0, 0, 20255 }, // U+2002
    { 0, 0, 333, 0, 0, 0, 20255 }, // U+2003
    { 0, 0, 111, 0, 0, 0, 20255 }, // U+2004
    { 0, 0, 83, 0, 0, 0, 20255 }, // U+2005
    { 0, 0, 55, 0, 0, 0, 20255 }, // U+2006
    { 0, 0, 216, 0, 0, 0, 20255 }, // U+2007
    { 0, 0, 96, 0, 0, 0, 20255 }, // U+2008
    { 0, 0, 61, 0, 0, 0, 20255 }, // U+2009
    { 0, 0, 30, 0, 0, 0, 20255 }, // U+200A
    { 0, 0, 0, 0, 0, 0, 20255 }, // U+200B
    { 8, 3, 119, 0, 8, 3, 20255 }, // U+2010
    { 8, 3, 119, 0, 8, 3, 20258 }, // U+2011
    { 13, 3, 216, 0, 8, 5, 20261 }, // U+2012
    { 11, 3, 167, 0, 8, 5, 20266 }, // U+2013
    { 21, 3, 333, 0, 8, 8, 20271 }, // U+2014
    { 21, 3, 333, 0, 8, 8, 20279 }, // U+2015
    { 6, 26, 160, 2, 21, 20, 20287 }, // U+2016
    { 11, 5, 151, -1, 0, 7, 20307 }, // U+2017
    { 4, 7, 87, 1, 16, 4, 20314 }, // U+2018
    { 4, 7, 87, 1, 16, 4, 20318 }, // U+2019
    { 4, 7, 80, 1, 3, 4, 20322 }, // U+201A
    { 4, 7, 87, 0, 16, 4, 20326 }, // U+201B
    { 8, 7, 147, 1, 16, 7, 20330 }, // U+201C
    { 8, 7, 147, 1, 16, 7, 20337 }, // U+201D
    { 7, 7, 140, 1, 3, 7, 20344 }, // U+201E
    { 8, 7, 147, 0, 16, 7, 20351 }, // U+201F
    { 9, 13, 164, 1, 16, 15, 20358 }, // U+2020
    { 9, 16, 164, 1, 16, 18, 20373 }, // U+2021
    { 8, 8, 187, 2, 10, 8, 20391 }, // U+2022
    { 7, 8, 187, 3, 10, 7, 20399 }, // U+2023
    { 4, 4, 96, 1, 3, 2, 20406 }, // U+2024
    { 10, 4, 192, 1, 3, 5, 20408 }, // U+2025
    { 16, 4, 288, 1, 3, 8, 20413 }, // U+2026
    { 4, 4, 96, 1, 9, 2, 20421 }, // U+2027
    { 0, 0, 61, 0, 0, 0, 20423 }, // U+202F
    { 24, 17, 445, 2, 16, 51, 20423 }, // U+2030
    { 31, 17, 563, 2, 16, 66, 20474 }, // U+2031
    { 3, 7, 74, 1, 16, 3, 20540 }, // U+2032
    { 8, 7, 147, 1, 16, 7, 20543 }, // U+2033
    { 12, 7, 221, 1, 16, 11, 20550 }, // U+2034
    { 3, 7, 74, 1, 16, 3, 20561 }, // U+2035
    { 8, 7, 147, 1, 16, 7, 20564 }, // U+2036
    { 12, 7, 221, 1, 16, 11, 20571 }, // U+2037
    { 9, 6, 152, 0, 0, 7, 20582 }, // U+2038
    { 7, 11, 128, 1, 12, 10, 20589 }, // U+2039
    { 7, 11, 128, 0, 12, 10, 20599 }, // U+203A
    { 12, 12, 213, 1, 13, 18, 20609 }, // U+203B
    { 10, 17, 192, 1, 16, 22, 20627 }, // U+203C
    { 10, 17, 169, 0, 16, 22, 20649 }, // U+203D
    { 11, 2, 180, 0, 18, 3, 20671 }, // U+203E
    { 17, 4, 272, 0, -1, 9, 20674 }, // U+203F
    { 17, 4, 272, 0, 16, 9, 20683 }, // U+2040
    { 9, 12, 151, 0, 6, 14, 20692 }, // U+2041
    { 13, 13, 241, 1, 14, 22, 20706 }, // U+2042
    { 6, 2, 187, 3, 7, 2, 20728 }, // U+2043
    { 14, 16, 64, -5, 16, 28, 20730 }, // U+2044
    { 5, 20, 122, 2, 17, 13, 20758 }, // U+2045
    { 5, 20, 122, 1, 17, 13, 20771 }, // U+2046
    { 21, 17, 341, 0, 16, 45, 20784 }, // U+2047
    { 15, 17, 266, 0, 16, 32, 20829 }, // U+2048
    { 15, 17, 266, 1, 16, 32, 20861 }, // U+2049
    { 8, 17, 148, 1, 12, 17, 20893 }, // U+204A
    { 11, 16, 201, 1, 16, 22, 20910 }, // U+204B
    { 10, 10, 197, 1, 11, 13, 20932 }, // U+204C
    { 10, 10, 197, 1, 11, 13, 20945 }, // U+204D
    { 9, 10, 167, 1, 8, 12, 20958 }, // U+204E
    { 4, 15, 101, 1, 11, 8, 20970 }, // U+204F
    { 17, 21, 271, 0, 16, 45, 20978 }, // U+2050
    { 9, 20, 180, 2, 16, 23, 21023 }, // U+2051
    { 14, 16, 246, 1, 16, 28, 21046 }, // U+2052
    { 13, 5, 242, 1, 10, 9, 21074 }, // U+2053
    { 17, 4, 272, 0, -1, 9, 21083 }, // U+2054
    { 10, 9, 183, 1, 10, 12, 21092 }, // U+2055
    { 17, 7, 294, 1, 16, 15, 21104 }, // U+2057
    { 0, 0, 94, 0, 0, 0, 21119 }, // U+205F
    { 9, 9, 153, 0, 18, 11, 21119 }, // U+2070
    { 3, 9, 66, 1, 18, 4, 21130 }, // U+2071
    { 8, 9, 153, 1, 18, 9, 21134 }, // U+2074
    { 8, 9, 147, 1, 18, 9, 21143 }, // U+2075
    { 9, 9, 148, 0, 18, 11, 21152 }, // U+2076
    { 8, 9, 135, 0, 18, 9, 21163 }, // U+2077
    { 9, 9, 150, 0, 18, 11, 21172 }, // U+2078
    { 9, 9, 148, 0, 18, 11, 21183 }, // U+2079
    { 7, 6, 143, 1, 16, 6, 21194 }, // U+207A
    { 7, 2, 143, 1, 14, 2, 21200 }, // U+207B
    { 7, 5, 143, 1, 15, 5, 21202 }, // U+207C
    { 4, 11, 90, 1, 18, 6, 21207 }, // U+207D
    { 5, 11, 90, 0, 18, 7, 21213 }, // U+207E
    { 7, 7, 145, 1, 16, 7, 21220 }, // U+207F
    { 9, 9, 153, 0, 6, 11, 21227 }, // U+2080
    { 5, 9, 101, 1, 6, 6, 21238 }, // U+2081
    { 8, 9, 147, 1, 6, 9, 21244 }, // U+2082
    { 8, 9, 149, 1, 6, 9, 21253 }, // U+2083
    { 8, 9, 153, 1, 6, 9, 21262 }, // U+2084
    { 8, 9, 147, 1, 6, 9, 21271 }, // U+2085
    { 9, 9, 148, 0, 6, 11, 21280 }, // U+2086
    { 8, 9, 135, 0, 6, 9, 21291 }, // U+2087
    { 9, 9, 150, 0, 6, 11, 21300 }, // U+2088
    { 9, 9, 148, 0, 6, 11, 21311 }, // U+2089
    { 7, 6, 143, 1, 4, 6, 21322 }, // U+208A
    { 7, 2, 143, 1, 2, 2, 21328 }, // U+208B
    { 7, 5, 143, 1, 3, 5, 21330 }, // U+208C
    { 4, 11, 90, 1, 6, 6, 21335 }, // U+208D
    { 5, 11, 90, 0, 6, 7, 21341 }, // U+208E
    { 8, 7, 134, 0, 4, 7, 21348 }, // U+2090
    { 8, 7, 139, 0, 4, 7, 21355 }, // U+2091
    { 9, 7, 142, 0, 4, 8, 21362 }, // U+2092
    { 8, 7, 134, 0, 4, 7, 21370 }, // U+2093
    { 8, 9, 150, 1, 4, 9, 21377 }, // U+2094
    { 7, 9, 145, 1, 6, 8, 21386 }, // U+2095
    { 7, 9, 132, 1, 6, 8, 21394 }, // U+2096
    { 2, 9, 66, 1, 6, 3, 21402 }, // U+2097
    { 11, 7, 208, 1, 4, 10, 21405 }, // U+2098
    { 7, 7, 145, 1, 4, 7, 21415 }, // U+2099
    { 8, 10, 145, 1, 4, 10, 21422 }, // U+209A
    { 8, 7, 130, 0, 4, 7, 21432 }, // U+209B
    { 5, 8, 82, 0, 5, 5, 21439 }, // U+209C
    { 13, 17, 243, 1, 16, 28, 21444 }, // U+20A0
    { 14, 20, 243, 1, 18, 35, 21472 }, // U+20A1
    { 14, 17, 243, 1, 16, 30, 21507 }, // U+20A2
    { 13, 16, 201, -1, 16, 26, 21537 }, // U+20A3
    { 11, 16, 204, 1, 16, 22, 21563 }, // U+20A4
    { 16, 16, 286, 1, 14, 32, 21585 }, // U+20A5
    { 16, 16, 256, 0, 16, 32, 21617 }, // U+20A6
    { 19, 17, 322, 1, 16, 41, 21649 }, // U+20A7
    { 22, 17, 373, 1, 16, 47, 21690 }, // U+20A8
    { 20, 16, 318, 0, 16, 40, 21737 }, // U+20A9
    { 15, 12, 272, 1, 12, 23, 21777 }, // U+20AA
    { 12, 20, 204, 1, 16, 30, 21800 }, // U+20AB
    { 13, 17, 222, 0, 16, 28, 21830 }, // U+20AC
    { 15, 16, 237, 0, 16, 30, 21858 }, // U+20AD
    { 12, 16, 215, 1, 16, 24, 21888 }, // U+20AE
    { 27, 23, 463, 1, 18, 78, 21912 }, // U+20AF
    { 14, 16, 221, 0, 16, 28, 21990 }, // U+20B1
    { 14, 21, 249, 1, 18, 37, 22018 }, // U+20B2
    { 14, 16, 230, 0, 16, 28, 22055 }, // U+20B3
    { 12, 17, 211, 1, 16, 26, 22083 }, // U+20B4
    { 14, 21, 243, 1, 18, 37, 22109 }, // U+20B5
    { 12, 16, 215, 1, 16, 24, 22146 }, // U+20B8
    { 11, 16, 180, 0, 16, 22, 22170 }, // U+20B9
    { 11, 17, 198, 1, 16, 24, 22192 }, // U+20BA
    { 13, 12, 242, 1, 12, 20, 22216 }, // U+20BC
    { 14, 16, 234, 0, 16, 28, 22236 }, // U+20BD
    { 13, 16, 242, 1, 16, 26, 22264 }, // U+20BE
    { 12, 20, 218, 1, 18, 30, 22290 }, // U+20BF
    { 16, 14, 318, 2, 14, 28, 22320 }, // U+2190
    { 14, 16, 278, 2, 16, 28, 22348 }, // U+2191
    { 16, 14, 318, 2, 14, 28, 22376 }, // U+2192
    { 14, 17, 278, 2, 16, 30, 22404 }, // U+2193
    { 24, 14, 447, 2, 14, 42, 22434 }, // U+2194
    { 14, 25, 278, 2, 19, 44, 22476 }, // U+2195
    { 12, 12, 258, 2, 12, 18, 22520 }, // U+2196
    { 12, 12, 258, 2, 12, 18, 22538 }, // U+2197
    { 12, 12, 258, 2, 12, 18, 22556 }, // U+2198
    { 12, 12, 258, 2, 12, 18, 22574 }, // U+2199
    { 20, 16, 381, 2, 16, 40, 22592 }, // U+21A9
    { 21, 16, 381, 1, 16, 42, 22632 }, // U+21AA
    { 17, 16, 329, 2, 16, 34, 22674 }, // U+21B0
    { 17, 16, 329, 2, 16, 34, 22708 }, // U+21B1
    { 17, 14, 329, 2, 16, 30, 22742 }, // U+21B3
    { 14, 17, 278, 2, 16, 30, 22772 }, // U+21B4
    { 17, 14, 329, 2, 16, 30, 22802 }, // U+21B5
    { 16, 19, 318, 2, 19, 38, 22832 }, // U+21BA
    { 16, 19, 318, 2, 19, 38, 22870 }, // U+21BB
    { 16, 15, 318, 2, 14, 30, 22908 }, // U+21D0
    { 16, 15, 318, 2, 14, 30, 22938 }, // U+21D2
    { 24, 15, 447, 2, 14, 45, 22968 }, // U+21D4
    { 10, 16, 203, 1, 16, 20, 23013 }, // U+21DE
    { 10, 17, 203, 1, 16, 22, 23033 }, // U+21DF
    { 19, 10, 338, 1, 13, 24, 23055 }, // U+21E4
    { 19, 10, 338, 1, 13, 24, 23079 }, // U+21E5
    { 19, 17, 344, 1, 17, 41, 23103 }, // U+21E7
    { 19, 21, 344, 1, 17, 50, 23144 }, // U+21EA
    { 11, 17, 211, 1, 16, 24, 23194 }, // U+2202
    { 14, 13, 228, 0, 12, 23, 23218 }, // U+2205
    { 14, 16, 227, 0, 16, 28, 23241 }, // U+2206
    { 13, 19, 241, 1, 16, 31, 23269 }, // U+220F
    { 13, 19, 211, 0, 16, 31, 23300 }, // U+2211
    { 10, 2, 220, 2, 7, 3, 23331 }, // U+2212
    { 13, 16, 210, 0, 16, 26, 23334 }, // U+221A
    { 18, 9, 312, 1, 11, 21, 23360 }, // U+221E
    { 9, 22, 122, -1, 17, 25, 23381 }, // U+222B
    { 4, 12, 96, 1, 13, 6, 23406 }, // U+2236
    { 12, 10, 220, 1, 11, 15, 23412 }, // U+2248
    { 10, 12, 220, 2, 12, 15, 23427 }, // U+2260
    { 10, 12, 220, 2, 12, 15, 23442 }, // U+2264
    { 10, 12, 220, 2, 12, 15, 23457 }, // U+2265
    { 29, 29, 463, 0, 22, 106, 23472 }, // U+2295
    { 29, 29, 463, 0, 22, 106, 23578 }, // U+2296
    { 29, 29, 463, 0, 22, 106, 23684 }, // U+2297
    { 29, 29, 463, 0, 22, 106, 23790 }, // U+2298
};

static const EpdUnicodeInterval inter_10_regularIntervals[] = {
    { 0x0, 0x0, 0x0 },
    { 0x20, 0x7E, 0x1 },
    { 0xA0, 0xAC, 0x60 },
    { 0xAE, 0x148, 0x6D },
    { 0x14A, 0x17F, 0x108 },
    { 0x1A0, 0x1A1, 0x13E },
    { 0x1AF, 0x1B0, 0x140 },
    { 0x1C5, 0x21F, 0x142 },
    { 0x300, 0x304, 0x19D },
    { 0x306, 0x30A, 0x1A2 },
    { 0x30C, 0x30C, 0x1A7 },
    { 0x30F, 0x30F, 0x1A8 },
    { 0x313, 0x313, 0x1A9 },
    { 0x315, 0x315, 0x1AA },
    { 0x31B, 0x31B, 0x1AB },
    { 0x323, 0x323, 0x1AC },
    { 0x326, 0x328, 0x1AD },
    { 0x32C, 0x32C, 0x1B0 },
    { 0x337, 0x338, 0x1B1 },
    { 0x342, 0x343, 0x1B3 },
    { 0x346, 0x36F, 0x1B5 },
    { 0x400, 0x479, 0x1DF },
    { 0x480, 0x49D, 0x259 },
    { 0x4A0, 0x4FF, 0x277 },
    { 0x1EA0, 0x1EF9, 0x2D7 },
    { 0x2000, 0x200B, 0x331 },
    { 0x2010, 0x2027, 0x33D },
    { 0x202F, 0x2055, 0x355 },
    { 0x2057, 0x2057, 0x37C },
    { 0x205F, 0x205F, 0x37D },
    { 0x2070, 0x2071, 0x37E },
    { 0x2074, 0x208E, 0x380 },
    { 0x2090, 0x209C, 0x39B },
    { 0x20A0, 0x20AF, 0x3A8 },
    { 0x20B1, 0x20B5, 0x3B8 },
    { 0x20B8, 0x20BA, 0x3BD },
    { 0x20BC, 0x20BF, 0x3C0 },
    { 0x2190, 0x2199, 0x3C4 },
    { 0x21A9, 0x21AA, 0x3CE },
    { 0x21B0, 0x21B1, 0x3D0 },
    { 0x21B3, 0x21B5, 0x3D2 },
    { 0x21BA, 0x21BB, 0x3D5 },
    { 0x21D0, 0x21D0, 0x3D7 },
    { 0x21D2, 0x21D2, 0x3D8 },
    { 0x21D4, 0x21D4, 0x3D9 },
    { 0x21DE, 0x21DF, 0x3DA },
    { 0x21E4, 0x21E5, 0x3DC },
    { 0x21E7, 0x21E7, 0x3DE },
    { 0x21EA, 0x21EA, 0x3DF },
    { 0x2202, 0x2202, 0x3E0 },
    { 0x2205, 0x2206, 0x3E1 },
    { 0x220F, 0x220F, 0x3E3 },
    { 0x2211, 0x2212, 0x3E4 },
    { 0x221A, 0x221A, 0x3E6 },
    { 0x221E, 0x221E, 0x3E7 },
    { 0x222B, 0x222B, 0x3E8 },
    { 0x2236, 0x2236, 0x3E9 },
    { 0x2248, 0x2248, 0x3EA },
    { 0x2260, 0x2260, 0x3EB },
    { 0x2264, 0x2265, 0x3EC },
    { 0x2295, 0x2298, 0x3EE },
};

static const uint16_t inter_10_regularKernLeftCodepoints[] = {
    0x0022, 0x0024, 0x0025, 0x0026, 0x0027, 0x0028, 0x0029, 0x002A, 0x002B, 0x002C, 0x002D, 0x002E,
    0x002F, 0x0030, 0x0031, 0x0032, 0x0033, 0x0034, 0x0035, 0x0036, 0x0037, 0x0038, 0x0039, 0x003A,
    0x003B, 0x003D, 0x003E, 0x003F, 0x0040, 0x0041, 0x0042, 0x0043, 0x0044, 0x0045, 0x0046, 0x0047,
    0x0048, 0x0049, 0x004A, 0x004B, 0x004C, 0x004D, 0x004E, 0x004F, 0x0050, 0x0051, 0x0052, 0x0053,
    0x0054, 0x0055, 0x0056, 0x0057, 0x0058, 0x0059, 0x005A, 0x005B, 0x005C, 0x005D, 0x005E, 0x005F,
    0x0061, 0x0062, 0x0063, 0x0064, 0x0065, 0x0066, 0x0067, 0x0068, 0x0069, 0x006A, 0x006B, 0x006C,
    0x006D, 0x006E, 0x006F, 0x0070, 0x0071, 0x0072, 0x0073, 0x0074, 0x0075, 0x0076, 0x0077, 0x0078,
    0x0079, 0x007A, 0x007B, 0x007C, 0x007D, 0x007E, 0x00A1, 0x00A2, 0x00A5, 0x00A9, 0x00AA, 0x00AB,
    0x00AC, 0x00AE, 0x00B0, 0x00B1, 0x00B2, 0x00B5, 0x00B6, 0x00B7, 0x00BA, 0x00BB, 0x00BF, 0x00C0,
    0x00C1, 0x00C2, 0x00C3, 0x00C4, 0x00C5, 0x00C6, 0x00C7, 0x00C8, 0x00C9, 0x00CA, 0x00CB, 0x00CC,
    0x00CD, 0x00CE, 0x00CF, 0x00D0, 0x00D1, 0x00D2, 0x00D3, 0x00D4, 0x00D5, 0x00D6, 0x00D7, 0x00D8,
    0x00D9, 0x00DA, 0x00DB, 0x00DC, 0x00DD, 0x00DE, 0x00DF, 0x00E0, 0x00E1, 0x00E2, 0x00E3, 0x00E4,
    0x00E5, 0x00E6, 0x00E7, 0x00E8, 0x00E9, 0x00EA, 0x00EB, 0x00EC, 0x00ED, 0x00EE, 0x00EF, 0x00F0,
    0x00F1, 0x00F2, 0x00F3, 0x00F4, 0x00F5, 0x00F6, 0x00F7, 0x00F8, 0x00F9, 0x00FA, 0x00FB, 0x00FC,
    0x00FD, 0x00FE, 0x00FF, 0x0100, 0x0101, 0x0102, 0x0103, 0x0104, 0x0105, 0x0106, 0x0107, 0x0108,
    0x0109, 0x010A, 0x010B, 0x010C, 0x010D, 0x010E, 0x010F, 0x0111, 0x0112, 0x0113, 0x0114, 0x0115,
    0x0116, 0x0117, 0x0118, 0x0119, 0x011A, 0x011B, 0x011C, 0x011D, 0x011E, 0x011F, 0x0120, 0x0121,
    0x0122, 0x0123, 0x0124, 0x0125, 0x0126, 0x0127, 0x0128, 0x0129, 0x012A, 0x012B, 0x012C, 0x012D,
    0x012E, 0x012F, 0x0130, 0x0131, 0x0133, 0x0134, 0x0135, 0x0136, 0x0137, 0x0138, 0x0139, 0x013A,
    0x013B, 0x013C, 0x013D, 0x013E, 0x013F, 0x0140, 0x0141, 0x0142, 0x0143, 0x0144, 0x0145, 0x0146,
    0x0147, 0x0148, 0x014A, 0x014C, 0x014D, 0x014E, 0x014F, 0x0150, 0x0151, 0x0152, 0x0153, 0x0154,
    0x0155, 0x0156, 0x0157, 0x0158, 0x0159, 0x015A, 0x015B, 0x015C, 0x015D, 0x015E, 0x015F, 0x0160,
    0x0161, 0x0162, 0x0163, 0x0164, 0x0165, 0x0166, 0x0167, 0x0168, 0x0169, 0x016A, 0x016B, 0x016C,
    0x016D, 0x016E, 0x016F, 0x0170, 0x0171, 0x0172, 0x0173, 0x0174, 0x0175, 0x0176, 0x0177, 0x0178,
    0x0179, 0x017A, 0x017B, 0x017C, 0x017D, 0x017E, 0x017F, 0x01A0, 0x01A1, 0x01AF, 0x01B0, 0x01C5,
    0x01C6, 0x01C8, 0x01C9, 0x01CB, 0x01CC, 0x01CD, 0x01CE, 0x01CF, 0x01D0, 0x01D1, 0x01D2, 0x01D3,
    0x01D4, 0x01D5, 0x01D6, 0x01D7, 0x01D8, 0x01D9, 0x01DA, 0x01DB, 0x01DC, 0x01DD, 0x01DE, 0x01DF,
    0x01E0, 0x01E1, 0x01E2, 0x01E3, 0x01E4, 0x01E5, 0x01E6, 0x01E7, 0x01E8, 0x01E9, 0x01EA, 0x01EB,
    0x01EC, 0x01ED, 0x01F0, 0x01F1, 0x01F2, 0x01F3, 0x01F4, 0x01F5, 0x01F6, 0x01F8, 0x01F9, 0x01FA,
    0x01FB, 0x01FC, 0x01FD, 0x01FE, 0x01FF, 0x0200, 0x0201, 0x0202, 0x0203, 0x0204, 0x0205, 0x0206,
    0x0207, 0x0208, 0x0209, 0x020A, 0x020B, 0x020C, 0x020D, 0x020E, 0x020F, 0x0210, 0x0211, 0x0212,
    0x0213, 0x0214, 0x0215, 0x0216, 0x0217, 0x0218, 0x0219, 0x021A, 0x021B, 0x021E, 0x021F, 0x0400,
    0x0401, 0x0402, 0x0403, 0x0404, 0x0405, 0x0406, 0x0407, 0x0408, 0x0409, 0x040A, 0x040B, 0x040C,
    0x040D, 0x040F, 0x0410, 0x0411, 0x0412, 0x0413, 0x0414, 0x0415, 0x0416, 0x0417, 0x0418, 0x0419,
    0x041A, 0x041B, 0x041C, 0x041D, 0x041E, 0x041F, 0x0420, 0x0421, 0x0422, 0x0423, 0x0424, 0x0425,
    0x0426, 0x0427, 0x0428, 0x0429, 0x042A, 0x042B, 0x042C, 0x042D, 0x042E, 0x0430, 0x0432, 0x0433,
    0x0434, 0x0435, 0x0436, 0x0437, 0x0438, 0x0439, 0x043A, 0x043B, 0x043C, 0x043D, 0x043E, 0x043F,
    0x0440, 0x0441, 0x0442, 0x0443, 0x0444, 0x0445, 0x0446, 0x0447, 0x0448, 0x0449, 0x044A, 0x044B,
    0x044C, 0x044D, 0x044E, 0x044F, 0x0450, 0x0451, 0x0452, 0x0453, 0x0454, 0x0455, 0x0456, 0x0457,
    0x0458, 0x0459, 0x045A, 0x045B, 0x045C, 0x045D, 0x045E, 0x045F, 0x0460, 0x0462, 0x0463, 0x0464,
    0x0465, 0x0466, 0x0467, 0x0468, 0x046E, 0x0472, 0x0473, 0x0474, 0x0475, 0x0476, 0x0477, 0x0479,
    0x0481, 0x048A, 0x048B, 0x048C, 0x048D, 0x048E, 0x048F, 0x0490, 0x0491, 0x0492, 0x0493, 0x0497,
    0x0498, 0x049A, 0x049B, 0x049C, 0x049D, 0x04A0, 0x04A1, 0x04A2, 0x04A3, 0x04A4, 0x04A5, 0x04A6,
    0x04A7, 0x04A9, 0x04AA, 0x04AB, 0x04AC, 0x04AD, 0x04AE, 0x04AF, 0x04B0, 0x04B1, 0x04B3, 0x04B5,
    0x04B7, 0x04B9, 0x04BA, 0x04BB, 0x04BD, 0x04BF, 0x04C0, 0x04C1, 0x04C3, 0x04C4, 0x04C6, 0x04C7,
    0x04C8, 0x04C9, 0x04CA, 0x04CC, 0x04CD, 0x04CE, 0x04CF, 0x04D0, 0x04D1, 0x04D2, 0x04D3, 0x04D4,
    0x04D5, 0x04D6, 0x04D7, 0x04D9, 0x04DA, 0x04DB, 0x04DC, 0x04E0, 0x04E2, 0x04E3, 0x04E4, 0x04E5,
    0x04E6, 0x04E7, 0x04E8, 0x04E9, 0x04EA, 0x04EB, 0x04ED, 0x04EF, 0x04F1, 0x04F3, 0x04F5, 0x04F6,
    0x04F7, 0x04F9, 0x04FA, 0x04FB, 0x04FC, 0x04FD, 0x04FE, 0x04FF, 0x1EA0, 0x1EA1, 0x1EA2, 0x1EA3,
    0x1EA4, 0x1EA5, 0x1EA6, 0x1EA7, 0x1EA8, 0x1EA9, 0x1EAA, 0x1EAB, 0x1EAC, 0x1EAD, 0x1EAE, 0x1EAF,
    0x1EB0, 0x1EB1, 0x1EB2, 0x1EB3, 0x1EB4, 0x1EB5, 0x1EB6, 0x1EB7, 0x1EB8, 0x1EB9, 0x1EBA, 0x1EBB,
    0x1EBC, 0x1EBD, 0x1EBE, 0x1EBF, 0x1EC0, 0x1EC1, 0x1EC2, 0x1EC3, 0x1EC4, 0x1EC5, 0x1EC6, 0x1EC7,
    0x1EC8, 0x1EC9, 0x1ECA, 0x1ECB, 0x1ECC, 0x1ECD, 0x1ECE, 0x1ECF, 0x1ED0, 0x1ED1, 0x1ED2, 0x1ED3,
    0x1ED4, 0x1ED5, 0x1ED6, 0x1ED7, 0x1ED8, 0x1ED9, 0x1EDA, 0x1EDB, 0x1EDC, 0x1EDD, 0x1EDE, 0x1EDF,
    0x1EE0, 0x1EE1, 0x1EE2, 0x1EE3, 0x1EE4, 0x1EE5, 0x1EE6, 0x1EE7, 0x1EE8, 0x1EE9, 0x1EEA, 0x1EEB,
    0x1EEC, 0x1EED, 0x1EEE, 0x1EEF, 0x1EF0, 0x1EF1, 0x1EF2, 0x1EF3, 0x1EF4, 0x1EF5, 0x1EF6, 0x1EF7,
    0x1EF8, 0x1EF9, 0x2018, 0x2019, 0x201A, 0x201C, 0x201D, 0x201E, 0x2020, 0x2021, 0x2022, 0x2023,
    0x2026, 0x2034, 0x2039, 0x203A, 0x203D, 0x2043, 0x204B, 0x204C, 0x204D, 0x204F, 0x2071, 0x2074,
    0x2077, 0x207A, 0x207B, 0x2080, 0x2081, 0x2082, 0x2083, 0x2084, 0x2085, 0x2086, 0x2087, 0x2088,
    0x2089, 0x208A, 0x208B, 0x208C, 0x208D, 0x208E, 0x2090, 0x2091, 0x2092, 0x2093, 0x2095, 0x2096,
    0x2097, 0x2098, 0x2099, 0x209A, 0x209B, 0x209C, 0x20A1, 0x20A7, 0x20A8, 0x20A9, 0x20AF, 0x20B2,
    0x20B5, 0x20BD, 0x20BF, 0x2190, 0x21D0, 0x2206, 0x2212, 0x221E, 0x2248, 0x2260, 0x2264, 0x2265,
};

static const uint8_t inter_10_regularKernLeftClassIds[] = {
      1,   2,   3,   4,   1,   5,   6,   7,   8,   9,   8,   9,  10,  11,  12,  13,
     14,  15,  16,  17,  18,  14,  11,  19,  19,  20,  21,  22,  23,  24,  25,  26,
     23,  27,  28,  29,  12,  12,  30,  31,  32,  12,  12,  23,  33,  23,  34,   2,
     35,  30,  36,  37,  38,  39,  40,  41,  42,   6,   7,  43,  44,  45,  45,  12,
     45,  46,  47,  44,  48,  48,  49,  12,  44,  44,  45,  45,  47,  50,  51,  52,
     53,  54,  55,  56,  54,  57,   5,  12,   6,  58,  59,  45,  60,  23,  61,  62,
     47,  63,   7,  20,  64,  65,  12,  66,  61,  67,  68,  24,  24,  24,  24,  24,
     24,  27,  26,  27,  27,  27,  27,  12,  12,  69,  69,  23,  12,  23,  23,  23,
     23,  23,  70,  23,  30,  30,  30,  30,  39,  71,  72,  44,  44,  44,  44,  44,
     44,  73,  45,  45,  45,  45,  45,  48,  48,  74,  75,  45,  76,  45,  45,  45,
     77,  77,   8,  45,  53,  53,  53,  53,  54,  45,  54,  24,  78,  24,  44,  24,
     44,  26,  45,  26,  45,  26,  45,  26,  45,  23,  79,  80,  27,  45,  27,  45,
     27,  45,  27,  45,  27,  45,  29,  47,  29,  47,  29,  47,  29,  47,  12,  44,
     12,  44,  69,  81,  69,  82,  69,  83,  12,  48,  12,  48,  48,  30,  84,  31,
     49,  49,  85,  86,  32,  12,  87,  12,  88,  89,  90,  91,  12,  44,  12,  44,
     12,  44,  12,  23,  45,  23,  45,  23,  45,  27,  45,  34,  50,  34,  50,  34,
     50,   2,  51,   2,  51,   2,  51,   2,  51,  92,  52,  93,  52,  94,  52,  30,
     53,  30,  53,  30,  53,  30,  53,  30,  53,  30,  53,  37,  55,  39,  54,  39,
     40,  57,  40,  57,  40,  57,  95,  96,  97,  98,  99, 100,  57,  48,  48,  48,
     48,  24,  44,  86, 101,  23,  45,  30,  53,  30,  53,  30,  53,  30,  53,  30,
     53, 102,  24,  44,  24,  44,  27,  73,  29,  47,  29,  47,  31,  49,  23,  45,
     23,  45,  48, 103,  57,  57,  29,  47, 104,  12,  44,  24,  44,  27,  73,  23,
     45,  24,  44,  24,  44,  27,  45,  27,  45, 105, 106,  69, 107,  23,  45,  23,
     45,  34,  50,  34,  50,  30,  53,  30,  53,   2,  51,  35,  52,  12,  44,  27,
     27,  45,  35,  97,   2,  12,  69,  30,  45,  45,  44,  31,  12,  12,  24,  25,
     25,  35, 108,  27, 109,  14,  12,  12,  31,  12,  12,  12,  23,  12,  33,  26,
     35,  39, 110,  38, 108,  12,  12, 108,  45,  12,  45,  23, 111,  44,  51,  50,
    112,  45,  56,  44,  44,  44,  49,  44,  44,  44,  45,  44,  45,  45, 113,  54,
     45,  56, 112,  44,  44, 112, 114,  48, 114,  45,  45,  44,  45,  45,  44,  50,
     45,  51,  48,  75,  48, 114, 114,  44,  49,  44,  54,  53,  12,  45,  45,  26,
     45,  24,  24,  24,  25,  23,  45,  36,  54,  36,  54,  46,  45,  12,  52,  45,
     45,  33,  45,  35,  50,  35,  50,  56,  14,  31,  49,  31,  49,  31,  49,  52,
     52,  35,  50,  45, 114,  73,  26,  45,  35,  50,  39,  54, 115,  54,  56, 112,
     52,  44,  44,  44,  45,  73,  12,  38,  25,  44,  52,  12,  44,  52,  52,  44,
     12,  52,  12,  24,  44,  24,  44,  27,  73,  27,  45,  45,  23,  45,  38,  14,
     12,  44,  12,  44,  23,  45,  23,  45,  23,  45,  45,  54,  54,  54,  44,  35,
     50,  44,  35,  50,  38,  56,  38,  56,  24,  44,  24,  44,  24,  44,  24,  44,
     24,  44,  24,  44,  24,  44,  24,  44,  24,  44,  24,  44,  24,  44,  24,  44,
     27,  45,  27,  45,  27,  45,  27,  45,  27,  45,  27,  45,  27,  45,  27,  45,
     12, 106,  12, 116,  23,  45,  23,  45,  23,  45,  23,  45,  23, 117,  23,  45,
     23,  45,  23,  45,  23,  45,  23,  45,  23,  45,  23,  45,  30,  53,  30,  53,
    118,  53, 118,  53, 118,  99, 118,  53, 118,  53,  39,  54, 119,  54, 119,  54,
    119,  54, 120, 121, 122, 120, 121, 122,  61,  61, 123, 123, 124, 121,  62,  67,
     22, 123,  33,  44, 123,  19, 125, 126, 127, 128, 128, 129, 129, 129, 129, 129,
    130, 129, 131, 129, 129, 129, 129, 129, 129, 129, 129, 129, 129, 129, 129, 129,
    129, 129, 129, 129, 129, 129,  26,  52,  51, 132,  45,  29,  26, 133,  25,   8,
     20,  24,   8,  88,  20,  20,  20,  20,
};

static const uint16_t inter_10_regularKernRightCodepoints[] = {
    0x0022, 0x0023, 0x0024, 0x0026, 0x0027, 0x0029, 0x002A, 0x002B, 0x002C, 0x002D, 0x002E, 0x002F,
    0x0030, 0x0031, 0x0032, 0x0033, 0x0034, 0x0035, 0x0036, 0x0037, 0x0038, 0x0039, 0x003A, 0x003B,
    0x003C, 0x003D, 0x003F, 0x0040, 0x0041, 0x0042, 0x0043, 0x0044, 0x0045, 0x0046, 0x0047, 0x0048,
    0x0049, 0x004A, 0x004B, 0x004C, 0x004D, 0x004E, 0x004F, 0x0050, 0x0051, 0x0052, 0x0053, 0x0054,
    0x0055, 0x0056, 0x0057, 0x0058, 0x0059, 0x005A, 0x005C, 0x005D, 0x005E, 0x005F, 0x0061, 0x0062,
    0x0063, 0x0064, 0x0065, 0x0066, 0x0067, 0x0068, 0x0069, 0x006A, 0x006B, 0x006C, 0x006D, 0x006E,
    0x006F, 0x0070, 0x0071, 0x0072, 0x0073, 0x0074, 0x0075, 0x0076, 0x0077, 0x0078, 0x0079, 0x007A,
    0x007C, 0x007D, 0x007E, 0x00A2, 0x00A9, 0x00AA, 0x00AB, 0x00AC, 0x00AE, 0x00B0, 0x00B1, 0x00B2,
    0x00B5, 0x00B6, 0x00B7, 0x00B9, 0x00BA, 0x00BB, 0x00BF, 0x00C0, 0x00C1, 0x00C2, 0x00C3, 0x00C4,
    0x00C5, 0x00C6, 0x00C7, 0x00C8, 0x00C9, 0x00CA, 0x00CB, 0x00CC, 0x00CD, 0x00CE, 0x00CF, 0x00D0,
    0x00D1, 0x00D2, 0x00D3, 0x00D4, 0x00D5, 0x00D6, 0x00D7, 0x00D8, 0x00D9, 0x00DA, 0x00DB, 0x00DC,
    0x00DD, 0x00DE, 0x00DF, 0x00E0, 0x00E1, 0x00E2, 0x00E3, 0x00E4, 0x00E5, 0x00E6, 0x00E7, 0x00E8,
    0x00E9, 0x00EA, 0x00EB, 0x00EC, 0x00ED, 0x00EE, 0x00EF, 0x00F0, 0x00F1, 0x00F2, 0x00F3, 0x00F4,
    0x00F5, 0x00F6, 0x00F7, 0x00F8, 0x00F9, 0x00FA, 0x00FB, 0x00FC, 0x00FD, 0x00FE, 0x00FF, 0x0100,
    0x0101, 0x0102, 0x0103, 0x0104, 0x0105, 0x0106, 0x0107, 0x0108, 0x0109, 0x010A, 0x010B, 0x010C,
    0x010D, 0x010E, 0x010F, 0x0110, 0x0111, 0x0112, 0x0113, 0x0114, 0x0115, 0x0116, 0x0117, 0x0118,
    0x0119, 0x011A, 0x011B, 0x011C, 0x011D, 0x011E, 0x011F, 0x0120, 0x0121, 0x0122, 0x0123, 0x0124,
    0x0125, 0x0126, 0x0127, 0x0128, 0x0129, 0x012A, 0x012B, 0x012C, 0x012D, 0x012E, 0x012F, 0x0130,
    0x0131, 0x0133, 0x0134, 0x0135, 0x0136, 0x0137, 0x0138, 0x0139, 0x013A, 0x013B, 0x013C, 0x013D,
    0x013E, 0x0140, 0x0141, 0x0142, 0x0143, 0x0144, 0x0145, 0x0146, 0x0147, 0x0148, 0x014A, 0x014B,
    0x014C, 0x014D, 0x014E, 0x014F, 0x0150, 0x0151, 0x0152, 0x0153, 0x0154, 0x0155, 0x0156, 0x0157,
    0x0158, 0x0159, 0x015A, 0x015B, 0x015C, 0x015D, 0x015E, 0x015F, 0x0160, 0x0161, 0x0162, 0x0163,
    0x0164, 0x0165, 0x0166, 0x0167, 0x0168, 0x0169, 0x016A, 0x016B, 0x016C, 0x016D, 0x016E, 0x016F,
    0x0170, 0x0171, 0x0172, 0x0173, 0x0174, 0x0175, 0x0176, 0x0177, 0x0178, 0x0179, 0x017A, 0x017B,
    0x017C, 0x017D, 0x017E, 0x017F, 0x01A0, 0x01A1, 0x01AF, 0x01B0, 0x01C5, 0x01C6, 0x01C8, 0x01C9,
    0x01CB, 0x01CC, 0x01CD, 0x01CE, 0x01CF, 0x01D0, 0x01D1, 0x01D2, 0x01D3, 0x01D4, 0x01D5, 0x01D6,
    0x01D7, 0x01D8, 0x01D9, 0x01DA, 0x01DB, 0x01DC, 0x01DD, 0x01DE, 0x01DF, 0x01E0, 0x01E1, 0x01E2,
    0x01E3, 0x01E4, 0x01E5, 0x01E6, 0x01E7, 0x01E8, 0x01E9, 0x01EA, 0x01EB, 0x01EC, 0x01ED, 0x01EF,
    0x01F0, 0x01F2, 0x01F3, 0x01F4, 0x01F5, 0x01F6, 0x01F8, 0x01F9, 0x01FA, 0x01FB, 0x01FC, 0x01FD,
    0x01FE, 0x01FF, 0x0200, 0x0201, 0x0202, 0x0203, 0x0204, 0x0205, 0x0206, 0x0207, 0x0208, 0x0209,
    0x020A, 0x020B, 0x020C, 0x020D, 0x020E, 0x020F, 0x0210, 0x0211, 0x0212, 0x0213, 0x0214, 0x0215,
    0x0216, 0x0217, 0x0218, 0x0219, 0x021A, 0x021B, 0x021E, 0x021F, 0x0400, 0x0401, 0x0402, 0x0403,
    0x0404, 0x0405, 0x0406, 0x0407, 0x0408, 0x0409, 0x040A, 0x040B, 0x040C, 0x040D, 0x040F, 0x0410,
    0x0411, 0x0412, 0x0413, 0x0414, 0x0415, 0x0416, 0x0417, 0x0418, 0x0419, 0x041A, 0x041B, 0x041C,
    0x041D, 0x041E, 0x041F, 0x0420, 0x0421, 0x0422, 0x0423, 0x0424, 0x0425, 0x0426, 0x0427, 0x0428,
    0x0429, 0x042A, 0x042B, 0x042C, 0x042D, 0x042E, 0x0430, 0x0431, 0x0432, 0x0433, 0x0434, 0x0435,
    0x0436, 0x0437, 0x0438, 0x0439, 0x043A, 0x043B, 0x043C, 0x043D, 0x043E, 0x043F, 0x0440, 0x0441,
    0x0442, 0x0443, 0x0444, 0x0445, 0x0446, 0x0447, 0x0448, 0x0449, 0x044A, 0x044B, 0x044C, 0x044D,
    0x044E, 0x044F, 0x0450, 0x0451, 0x0452, 0x0453, 0x0454, 0x0455, 0x0456, 0x0457, 0x0458, 0x0459,
    0x045A, 0x045B, 0x045C, 0x045D, 0x045E, 0x045F, 0x0460, 0x0463, 0x0464, 0x0465, 0x0466, 0x0467,
    0x0468, 0x046C, 0x046E, 0x0472, 0x0473, 0x0474, 0x0475, 0x0476, 0x0477, 0x0478, 0x0479, 0x0481,
    0x048A, 0x048B, 0x048D, 0x048E, 0x048F, 0x0490, 0x0491, 0x0493, 0x0494, 0x0495, 0x0497, 0x049A,
    0x049B, 0x049C, 0x049D, 0x04A0, 0x04A1, 0x04A2, 0x04A3, 0x04A4, 0x04A5, 0x04A6, 0x04A7, 0x04A9,
    0x04AA, 0x04AB, 0x04AC, 0x04AD, 0x04AE, 0x04AF, 0x04B0, 0x04B1, 0x04B2, 0x04B3, 0x04B4, 0x04B5,
    0x04B7, 0x04B9, 0x04BA, 0x04BB, 0x04BD, 0x04C0, 0x04C1, 0x04C3, 0x04C4, 0x04C6, 0x04C7, 0x04C8,
    0x04C9, 0x04CA, 0x04CD, 0x04CE, 0x04CF, 0x04D0, 0x04D1, 0x04D2, 0x04D3, 0x04D4, 0x04D5, 0x04D6,
    0x04D7, 0x04D9, 0x04DA, 0x04DB, 0x04DC, 0x04E1, 0x04E2, 0x04E3, 0x04E4, 0x04E5, 0x04E6, 0x04E7,
    0x04E8, 0x04E9, 0x04EA, 0x04EB, 0x04ED, 0x04EF, 0x04F1, 0x04F3, 0x04F7, 0x04F9, 0x04FB, 0x04FC,
    0x04FD, 0x04FE, 0x04FF, 0x1EA0, 0x1EA1, 0x1EA2, 0x1EA3, 0x1EA4, 0x1EA5, 0x1EA6, 0x1EA7, 0x1EA8,
    0x1EA9, 0x1EAA, 0x1EAB, 0x1EAC, 0x1EAD, 0x1EAE, 0x1EAF, 0x1EB0, 0x1EB1, 0x1EB2, 0x1EB3, 0x1EB4,
    0x1EB5, 0x1EB6, 0x1EB7, 0x1EB8, 0x1EB9, 0x1EBA, 0x1EBB, 0x1EBC, 0x1EBD, 0x1EBE, 0x1EBF, 0x1EC0,
    0x1EC1, 0x1EC2, 0x1EC3, 0x1EC4, 0x1EC5, 0x1EC6, 0x1EC7, 0x1EC8, 0x1EC9, 0x1ECA, 0x1ECB, 0x1ECC,
    0x1ECD, 0x1ECE, 0x1ECF, 0x1ED0, 0x1ED1, 0x1ED2, 0x1ED3, 0x1ED4, 0x1ED5, 0x1ED6, 0x1ED7, 0x1ED8,
    0x1ED9, 0x1EDA, 0x1EDB, 0x1EDC, 0x1EDD, 0x1EDE, 0x1EDF, 0x1EE0, 0x1EE1, 0x1EE2, 0x1EE3, 0x1EE4,
    0x1EE5, 0x1EE6, 0x1EE7, 0x1EE8, 0x1EE9, 0x1EEA, 0x1EEB, 0x1EEC, 0x1EED, 0x1EEE, 0x1EEF, 0x1EF0,
    0x1EF1, 0x1EF2, 0x1EF3, 0x1EF4, 0x1EF5, 0x1EF6, 0x1EF7, 0x1EF8, 0x1EF9, 0x2018, 0x2019, 0x201A,
    0x201B, 0x201C, 0x201D, 0x201E, 0x201F, 0x2020, 0x2021, 0x2022, 0x2023, 0x2026, 0x2034, 0x2039,
    0x203A, 0x203D, 0x2043, 0x2044, 0x204A, 0x204B, 0x204C, 0x204D, 0x204F, 0x2074, 0x2077, 0x2079,
    0x207E, 0x207F, 0x2080, 0x2081, 0x2082, 0x2083, 0x2084, 0x2086, 0x2087, 0x2088, 0x2089, 0x208A,
    0x208B, 0x208C, 0x208D, 0x208E, 0x2091, 0x2092, 0x2093, 0x2095, 0x2096, 0x2097, 0x2098, 0x2099,
    0x209A, 0x209B, 0x209C, 0x20A1, 0x20A7, 0x20A8, 0x20AB, 0x20B2, 0x20B4, 0x20B5, 0x20B8, 0x20BF,
    0x2192, 0x21D2, 0x2206, 0x2212, 0x221E, 0x222B, 0x2236, 0x2248, 0x2260, 0x2264, 0x2265,
};

static const uint8_t inter_10_regularKernRightClassIds[] = {
      1,   2,   3,   4,   1,   5,   6,   7,   8,   9,  10,  11,  12,  13,  14,  15,
     16,  17,  12,  18,  19,  20,  21,  21,  22,  23,  24,  25,  26,  27,  28,  27,
     27,  27,  28,  27,  27,  29,  27,  27,  27,  27,  28,  27,  28,  27,   3,  30,
     31,  32,  33,  34,  35,  36,  32,   5,  37,  38,  39,  27,  40,  40,  40,  41,
     40,  27,  42,  43,  27,  27,  44,  44,  40,  44,  40,  44,  45,  46,  47,  48,
     49,  50,  48,  51,  27,   5,  52,  40,  28,  53,  54,  55,  56,  57,  23,  58,
     59,  60,  61,  62,  53,  63,  64,  26,  26,  26,  26,  26,  26,  26,  28,  27,
     27,  27,  27,  27,  27,  65,  65,  66,  27,  28,  28,  28,  28,  28,  67,  28,
     31,  31,  31,  31,  35,  27,  27,  39,  39,  39,  68,  69,  39,  39,  40,  40,
     40,  40,  70,  71,  72,  73,  74,  40,  44,  40,  40,  40,  75,  70,   7,  40,
     47,  47,  47,  76,  48,  27,  77,  26,  78,  26,  39,  26,  39,  28,  40,  28,
     40,  28,  40,  28,  40,  27,  40,  79,  40,  27,  40,  27,  40,  27,  40,  27,
     40,  27,  40,  28,  40,  28,  40,  28,  40,  28,  40,  27,  27,  27,  80,  65,
     81,  65,  82,  65,  74,  27,  42,  27,  42,  42,  29,  83,  27,  27,  44,  27,
     27,  27,  27,  27,  27,  27,  27,  27,  27,  44,  27,  44,  27,  44,  27,  44,
     28,  84,  28,  40,  28,  40,  28,  40,  27,  44,  27,  44,  27,  44,   3,  45,
      3,  45,   3,  45,   3,  45,  85,  46,  86,  46,  87,  46,  31,  88,  31,  47,
     31,  47,  31,  47,  31,  47,  31,  47,  33,  49,  35,  48,  35,  36,  51,  36,
     51,  36,  51,  27,  28,  40,  31,  47,  89,  40,  27,  27,  27,  44,  26,  39,
     27,  90,  28,  40,  31,  47,  31,  47,  31,  47,  31,  47,  31,  47,  84,  26,
     39,  26,  39,  26,  39,  28,  40,  28,  40,  27,  27,  28,  40,  28,  40,  46,
     43,  27,  84,  28,  40,  89,  27,  44,  26,  39,  26,  39,  28,  40,  26,  39,
     26,  39,  27,  40,  27,  40,  65,  91,  65,  92,  28,  40,  28,  40,  27,  44,
     27,  44,  31,  47,  31,  47,   3,  45,  30,  46,  27,  27,  27,  27,  30,  27,
     28,   3,  27,  65,  29,  93,  27,  30,  27,  27,  27,  26,  27,  27,  27,  94,
     27,  95,  96,  89,  27,  27,  93,  27,  27,  28,  27,  27,  28,  30,  32,  97,
     34,  27,  98,  27,  27,  99,  27,  27,  28,  27,  39,  12,  44,  44, 100,  40,
     50,  40,  44,  44,  44, 101,  44,  44,  40,  44,  44,  40, 102,  48,  40,  50,
     44, 103,  44,  44, 104,  42,  44,  40,  44, 105,  40,  40,  27,  44,  40,  45,
     42,  74,  43, 101,  44,  27,  44,  44,  48,  47,  27,  46,  27,  44,  26,  26,
     27,  27,  27,  28,  40,  32,  48,  32,  48,  28,  40,  40,  89,  44,  46,  27,
     44,  27,  44,  46,  27,  44,  50,  27,  44,  27,  44,  30,  46,  27,  44,  27,
     44,  27,  44,  40,  28,  40,  30,  46,  35,  48, 106,  48,  34,  50,  30,  46,
     39,  39,  27,  27,  46,  27,  34,  27,  44, 101,  89,  44,  27,  44,  27,  44,
     27,  26,  39,  26,  39,  26,  39,  27,  40,  40,  28,  40,  34,  46,  27,  44,
     27,  44,  28,  40,  28,  40,  28,  40,  40,  48,  48,  48,  44,  44,  46,  34,
     50,  34,  50,  26,  39,  26,  39,  26,  39,  26,  39,  26,  39,  26,  39,  26,
     39,  26,  39,  26,  39,  26,  39,  26,  39,  26,  39,  27,  40,  27,  40,  27,
     40,  27,  40,  27,  40,  27,  40,  27,  40,  27,  40,  27,  42,  27,  42,  28,
     40,  28,  40,  28,  40,  28,  40,  28,  40,  28,  40,  28,  40,  28,  40,  28,
     40,  28,  40,  28,  40,  28,  40,  31,  47,  31,  47,  31,  47,  31,  47,  31,
     47,  31,  47,  31,  47,  35,  48, 107,  48, 107,  48, 107,  48, 108, 109, 110,
    111, 108, 109, 110, 112,  53,  53, 113, 113, 114, 115,  54,  63,  24, 113, 116,
     46,  27, 113,  44,  21, 117, 118, 119, 120, 121, 122, 122, 122, 122, 123, 122,
    124, 122, 122, 122, 122, 122, 122, 122, 122, 122, 122, 122, 122, 122, 122, 122,
    122, 122, 122,  28,  27,  27,  40,  28, 125,  28, 126,  27,   7,  23,  26,   7,
    127,  43,  21,  23,  23,  23,  23,
};

static const uint16_t inter_10_regularKernRowOffsets[] = {
        0,    13,    25,    28,    45,    52,    53,    66,    87,   114,   120,   136,   148,   149,   159,   168,
      172,   177,   215,   222,   240,   258,   259,   281,   333,   343,   351,   356,   381,   397,   405,   443,
      482,   499,   515,   577,   623,   656,   694,   748,   764,   771,   823,   865,   882,   914,   957,   962,
      967,   984,  1036,  1049,  1087,  1107,  1149,  1167,  1187,  1196,  1217,  1227,  1233,  1240,  1249,  1271,
     1272,  1292,  1313,  1340,  1350,  1355,  1368,  1382,  1392,  1397,  1402,  1432,  1449,  1481,  1498,  1530,
     1550,  1580,  1610,  1640,  1645,  1684,  1696,  1735,  1738,  1750,  1789,  1801,  1863,  1925,  1987,  2011,
     2015,  2018,  2023,  2032,  2041,  2046,  2078,  2079,  2099,  2104,  2109,  2139,  2147,  2185,  2207,  2212,
     2242,  2294,  2315,  2369,  2374,  2406,  2410,  2464,  2484,  2535,  2561,  2574,  2601,  2602,  2604,  2608,
     2610,  2629,  2630,  2631,  2632,  2637,
};

static const uint8_t inter_10_regularKernSparseCols[] = {
      3,   7,   9,  15,  25,  28,  39,  69,  74,  83,  92,  93, 113,  29,  33,  73,
     80,  81,  84,  85,  86,  91,  94,  98, 122, 107, 108, 114,   0,  29,  31,  32,
     34,  47,  48,  52,  55,  76,  84,  85,  86,  98, 105, 106, 107,  39,  42,  69,
     74,  82,  83,  90, 107,   3,   7,   9,  15,  24,  25,  27,  28,  37,  92,  93,
     96, 113,  13,  14,  17,  25,  28,  29,  31,  32,  33,  34,  49,  59,  84,  85,
     86,  94,  95,  98, 105, 106, 107,   0,  11,  12,  14,  16,  17,  18,  19,  23,
     24,  27,  29,  34,  59,  84,  85,  86,  95,  96,  98, 102, 105, 106, 108, 110,
    111, 114,   7,   9,  25,  28,  90, 113,   7,   9,  17,  31,  33,  34,  37,  45,
     94, 101, 103, 105, 106, 107, 109, 113,  45,  47,  65,  73,  76,  78,  80,  81,
     90,  91, 101, 103,  15,   5,   7,   9,  33,  36,  53,  56,  94, 109, 113,   5,
      7,   9,  12,  36,  55,  56,  59, 113,   7,   9,  55, 113,   7,   9,  37, 109,
    113,   1,   3,   7,   9,  11,  14,  15,  16,  17,  18,  19,  20,  21,  25,  28,
     37,  38,  39,  43,  44,  53,  67,  68,  69,  73,  74,  77,  80,  81,  83,  91,
     92,  93,  95, 104, 109, 113, 122,  29,  31,  84,  85,  86,  98, 107,  25,  29,
     31,  32,  33,  34,  47,  49,  76,  84,  85,  86,  94,  98, 105, 106, 107, 125,
     17,  29,  31,  32,  33,  34,  35,  84,  85,  86,  92,  93,  94,  98, 105, 106,
    107, 125,  25,   7,   9,  10,  25,  29,  31,  33,  34,  37,  55,  84,  85,  86,
     94,  98, 105, 106, 107, 109, 113, 121, 122,   0,   5,   6,   8,  10,  12,  22,
     23,  24,  25,  27,  29,  30,  31,  32,  34,  36,  41,  45,  47,  48,  51,  52,
     53,  54,  55,  56,  59,  60,  62,  66,  70,  71,  72,  76,  84,  85,  86,  89,
     96,  98, 101, 102, 103, 105, 106, 107, 108, 112, 114, 115, 125,  29,  73,  80,
     81,  84,  85,  86,  91,  98, 107,  25,  33,  37,  73,  80,  81,  91,  94,  73,
     80,  81,  90,  91,   7,   9,  25,  28,  37,  38,  39,  43,  46,  47,  50,  58,
     67,  68,  69,  74,  75,  76,  77,  83,  87,  90, 109, 113, 122,  25,  29,  31,
     33,  34,  73,  80,  81,  84,  85,  86,  91,  94,  98, 105, 106,   7,   9,  10,
     25,  37,  90, 109, 113,   2,   6,   8,  21,  22,  24,  27,  39,  41,  46,  47,
     48,  51,  53,  54,  55,  58,  60,  66,  69,  70,  71,  72,  73,  74,  75,  76,
     80,  81,  83,  87,  89,  90,  91,  96, 102, 112, 126,   0,   5,   6,   8,  12,
     24,  27,  29,  31,  34,  36,  45,  47,  51,  52,  53,  54,  55,  56,  59,  60,
     66,  76,  84,  85,  86,  96,  98, 101, 102, 103, 105, 106, 107, 108, 110, 111,
    112, 114,   3,   6,   7,   8,   9,  25,  28,  39,  51,  54,  60,  69,  74,  83,
    109, 113, 122,  31,  34,  38,  39,  67,  68,  69,  73,  74,  77,  80,  81,  83,
     91, 105, 106,   3,   6,   7,   8,   9,  10,  11,  15,  17,  20,  21,  22,  24,
     25,  27,  28,  34,  37,  38,  39,  43,  44,  45,  46,  47,  48,  49,  50,  51,
     53,  54,  58,  60,  62,  66,  67,  68,  69,  73,  74,  75,  76,  77,  80,  81,
     83,  87,  90,  91,  92,  93,  96, 101, 102, 103, 104, 105, 106, 109, 112, 113,
    122,   3,   6,   7,   8,   9,  10,  11,  15,  20,  21,  22,  24,  25,  27,  28,
     31,  37,  38,  39,  44,  51,  53,  54,  60,  66,  67,  68,  69,  73,  74,  77,
     80,  81,  83,  90,  91,  92,  93,  96, 102, 104, 109, 112, 113, 121, 122,   3,
      6,   7,   8,   9,  15,  20,  21,  22,  25,  28,  32,  38,  39,  43,  44,  51,
     53,  54,  60,  67,  68,  69,  74,  77,  83,  90, 102, 104, 109, 113, 121, 122,
      2,   6,   8,  11,  14,  15,  18,  21,  22,  24,  27,  29,  38,  39,  51,  53,
     54,  55,  60,  66,  67,  68,  69,  74,  77,  83,  84,  85,  86,  90,  95,  96,
     97,  98, 101, 102, 112, 124,   3,   6,   7,   8,   9,  15,  20,  21,  22,  24,
     25,  27,  28,  29,  38,  39,  41,  43,  44,  46,  51,  53,  54,  55,  58,  60,
     62,  66,  67,  68,  69,  70,  71,  72,  74,  75,  77,  83,  84,  85,  86,  87,
     89,  90,  96,  98, 102, 104, 109, 112, 113, 121, 122, 126,   6,   8,  21,  24,
     27,  51,  53,  54,  60,  73,  80,  81,  90,  91,  96, 102,  39,  42,  69,  74,
     82,  83,  90,   0,   5,   6,   8,  10,  12,  22,  23,  24,  25,  27,  29,  30,
     31,  32,  34,  36,  41,  45,  47,  48,  51,  52,  53,  54,  55,  56,  59,  60,
     62,  66,  70,  71,  72,  76,  84,  85,  86,  89,  96,  98, 101, 102, 103, 105,
    106, 107, 108, 112, 114, 115, 125,   5,  11,  12,  14,  15,  16,  18,  19,  24,
     26,  27,  29,  30,  31,  36,  41,  42,  43,  47,  56,  59,  70,  71,  72,  76,
     79,  82,  84,  85,  86,  88,  89,  92,  93,  95,  96,  97,  98,  99, 100, 107,
    125,  12,  29,  31,  32,  34,  47,  55,  76,  84,  85,  86,  98, 105, 106, 107,
    108, 114,   0,   4,  12,  25,  29,  31,  32,  33,  34,  38,  47,  48,  49,  50,
     52,  55,  67,  68,  76,  77,  84,  85,  86,  90,  94,  98, 102, 105, 106, 107,
    108, 114,   6,   7,   8,   9,  10,  15,  25,  28,  34,  37,  38,  39,  40,  44,
     45,  48,  51,  53,  54,  60,  66,  67,  68,  69,  73,  74,  77,  80,  81,  83,
     90,  91,  92,  93, 101, 103, 104, 105, 106, 109, 112, 113, 122,  29,  84,  85,
     86,  98,  73,  80,  81,  90,  91,   6,   8,  15,  21,  29,  39,  51,  53,  54,
     60,  69,  74,  83,  84,  85,  86,  98,   6,   7,   8,   9,  10,  21,  25,  26,
     28,  29,  35,  39,  40,  41,  42,  43,  45,  47,  48,  49,  51,  54,  60,  69,
     70,  71,  72,  73,  74,  76,  79,  80,  81,  82,  83,  84,  85,  86,  88,  89,
     91,  98,  99, 100, 101, 103, 107, 108, 109, 113, 114, 122,  29,  31,  32,  34,
     55,  84,  85,  86,  98, 105, 106, 107, 109,   6,   8,  15,  21,  29,  31,  32,
     34,  38,  39,  40,  42,  44,  47,  48,  51,  54,  60,  66,  67,  68,  69,  74,
     76,  77,  82,  83,  84,  85,  86,  90,  98, 104, 105, 106, 107, 112, 122,   6,
      8,  10,  21,  29,  34,  37,  51,  54,  60,  84,  85,  86,  98, 105, 106, 107,
    108, 114, 122,   6,   7,   8,   9,  10,  21,  22,  25,  26,  28,  29,  34,  37,
     38,  39,  40,  45,  51,  53,  54,  60,  67,  68,  69,  74,  77,  79,  83,  84,
     85,  86,  88,  98,  99, 100, 101, 103, 105, 106, 109, 113, 122,   3,   7,   9,
     25,  28,  29,  35,  39,  53,  69,  74,  83,  84,  85,  86,  98, 109, 113,   6,
      8,  22,  29,  39,  40,  45,  51,  53,  54,  60,  69,  74,  83,  84,  85,  86,
     98, 101, 103,  29,  39,  69,  74,  83,  84,  85,  86,  98,  13,  14,  17,  25,
     28,  29,  31,  32,  33,  34,  49,  59,  84,  85,  86,  94,  95,  98, 105, 106,
    107,  29,  31,  34,  84,  85,  86,  98, 105, 106, 107,  41,  70,  71,  72,  89,
     90,   3,  25,  28,  39,  69,  74,  83,  25,  29,  34,  84,  85,  86,  98, 105,
    106,   3,  15,  24,  25,  27,  28,  33,  34,  38,  39,  44,  67,  68,  69,  74,
     77,  83,  94,  96, 104, 105, 106, 116,   6,   8,  10,  21,  29,  34,  37,  51,
     54,  60,  84,  85,  86,  98, 105, 106, 107, 108, 114, 122,  13,  14,  17,  25,
     28,  29,  31,  32,  33,  34,  49,  59,  84,  85,  86,  94,  95,  98, 105, 106,
    107,  12,  13,  14,  17,  18,  25,  29,  31,  32,  33,  34,  35,  47,  48,  49,
     76,  84,  85,  86,  92,  93,  94,  95,  98, 105, 106, 107,  29,  31,  32,  84,
     85,  86,  98, 107, 108, 114,  73,  80,  81,  90,  91,  25,  29,  31,  33,  34,
     84,  85,  86,  94,  98, 105, 106, 125,   7,   9,  25,  28,  29,  31,  35,  84,
     85,  86,  98, 107, 109, 113,  29,  73,  80,  81,  84,  85,  86,  91,  98, 107,
     29,  84,  85,  86,  98,  73,  80,  81,  90,  91,  12,  17,  26,  29,  31,  35,
     40,  41,  42,  43,  45,  64,  70,  71,  72,  73,  79,  80,  81,  82,  84,  85,
     86,  88,  89,  90,  91,  98, 101, 103,  12,  29,  31,  32,  34,  47,  55,  76,
     84,  85,  86,  98, 105, 106, 107, 108, 114,   0,   4,  12,  25,  29,  31,  32,
     33,  34,  38,  47,  48,  49,  50,  52,  55,  67,  68,  76,  77,  84,  85,  86,
     90,  94,  98, 102, 105, 106, 107, 108, 114,  12,  29,  31,  32,  34,  47,  55,
     76,  84,  85,  86,  98, 105, 106, 107, 108, 114,   0,   4,   5,  12,  17,  26,
     29,  36,  41,  42,  43,  52,  55,  56,  70,  71,  72,  73,  79,  80,  81,  82,
     84,  85,  86,  88,  89,  90,  91,  98, 107, 122,  26,  29,  41,  42,  70,  71,
     72,  73,  79,  80,  81,  82,  84,  85,  86,  88,  89,  90,  91,  98,  12,  17,
     26,  29,  31,  35,  40,  41,  42,  43,  45,  64,  70,  71,  72,  73,  79,  80,
     81,  82,  84,  85,  86,  88,  89,  90,  91,  98, 101, 103,  12,  17,  26,  29,
     31,  35,  40,  41,  42,  43,  45,  64,  70,  71,  72,  73,  79,  80,  81,  82,
     84,  85,  86,  88,  89,  90,  91,  98, 101, 103,  12,  17,  26,  29,  31,  35,
     40,  41,  42,  43,  45,  64,  70,  71,  72,  73,  79,  80,  81,  82,  84,  85,
     86,  88,  89,  90,  91,  98, 101, 103,  73,  80,  81,  90,  91,   0,   5,   6,
      8,  12,  24,  27,  29,  31,  34,  36,  45,  47,  51,  52,  53,  54,  55,  56,
     59,  60,  66,  76,  84,  85,  86,  96,  98, 101, 102, 103, 105, 106, 107, 108,
    110, 111, 112, 114,  45,  47,  65,  73,  76,  78,  80,  81,  90,  91, 101, 103,
      0,   5,   6,   8,  12,  24,  27,  29,  31,  34,  36,  45,  47,  51,  52,  53,
     54,  55,  56,  59,  60,  66,  76,  84,  85,  86,  96,  98, 101, 102, 103, 105,
    106, 107, 108, 110, 111, 112, 114,  34, 105, 106,  45,  47,  65,  73,  76,  78,
     80,  81,  90,  91, 101, 103,   0,   5,   6,   8,  12,  24,  27,  29,  31,  34,
     36,  45,  47,  51,  52,  53,  54,  55,  56,  59,  60,  66,  76,  84,  85,  86,
     96,  98, 101, 102, 103, 105, 106, 107, 108, 110, 111, 112, 114,  45,  47,  65,
     73,  76,  78,  80,  81,  90,  91, 101, 103,   3,   6,   7,   8,   9,  10,  11,
     15,  17,  20,  21,  22,  24,  25,  27,  28,  34,  37,  38,  39,  43,  44,  45,
     46,  47,  48,  49,  50,  51,  53,  54,  58,  60,  62,  66,  67,  68,  69,  73,
     74,  75,  76,  77,  80,  81,  83,  87,  90,  91,  92,  93,  96, 101, 102, 103,
    104, 105, 106, 109, 112, 113, 122,   3,   6,   7,   8,   9,  10,  11,  15,  17,
     20,  21,  22,  24,  25,  27,  28,  34,  37,  38,  39,  43,  44,  45,  46,  47,
     48,  49,  50,  51,  53,  54,  58,  60,  62,  66,  67,  68,  69,  73,  74,  75,
     76,  77,  80,  81,  83,  87,  90,  91,  92,  93,  96, 101, 102, 103, 104, 105,
    106, 109, 112, 113, 122,   3,   6,   7,   8,   9,  10,  11,  15,  17,  20,  21,
     22,  24,  25,  27,  28,  34,  37,  38,  39,  43,  44,  45,  46,  47,  48,  49,
     50,  51,  53,  54,  58,  60,  62,  66,  67,  68,  69,  73,  74,  75,  76,  77,
     80,  81,  83,  87,  90,  91,  92,  93,  96, 101, 102, 103, 104, 105, 106, 109,
    112, 113, 122,  38,  39,  40,  43,  44,  45,  46,  47,  48,  49,  50,  58,  67,
     68,  69,  74,  75,  76,  77,  83,  87, 101, 103, 104,   7,   9,  25, 113,   7,
      9, 113,  29,  84,  85,  86,  98,  39,  45,  47,  69,  74,  76,  83, 101, 103,
     29,  39,  69,  74,  83,  84,  85,  86,  98,  73,  80,  81,  90,  91,   0,   4,
     12,  25,  29,  31,  32,  33,  34,  38,  47,  48,  49,  50,  52,  55,  67,  68,
     76,  77,  84,  85,  86,  90,  94,  98, 102, 105, 106, 107, 108, 114,  90,   6,
      8,  10,  21,  29,  34,  37,  51,  54,  60,  84,  85,  86,  98, 105, 106, 107,
    108, 114, 122,  73,  80,  81,  90,  91,  73,  80,  81,  90,  91,  12,  17,  26,
     29,  31,  35,  40,  41,  42,  43,  45,  64,  70,  71,  72,  73,  79,  80,  81,
     82,  84,  85,  86,  88,  89,  90,  91,  98, 101, 103,  29,  37,  84,  85,  86,
     92,  93,  98,   2,   6,   8,  11,  14,  15,  18,  21,  22,  24,  27,  29,  38,
     39,  51,  53,  54,  55,  60,  66,  67,  68,  69,  74,  77,  83,  84,  85,  86,
     90,  95,  96,  97,  98, 101, 102, 112, 124,   7,   9,  10,  25,  29,  31,  33,
     34,  37,  55,  84,  85,  86,  94,  98, 105, 106, 107, 109, 113, 121, 122,   7,
      9,  37, 109, 113,   0,   5,   6,   7,   8,   9,  11,  15,  18,  36,  39,  40,
     45,  47,  48,  51,  54,  56,  59,  60,  69,  74,  76,  83, 101, 102, 103, 108,
    113, 114,   6,   7,   8,   9,  10,  21,  25,  26,  28,  29,  35,  39,  40,  41,
     42,  43,  45,  47,  48,  49,  51,  54,  60,  69,  70,  71,  72,  73,  74,  76,
     79,  80,  81,  82,  83,  84,  85,  86,  88,  89,  91,  98,  99, 100, 101, 103,
    107, 108, 109, 113, 114, 122,   4,  29,  31,  33,  34,  45,  47,  48,  49,  52,
     76,  84,  85,  86,  94,  98, 101, 103, 105, 106, 107,   3,   6,   7,   8,   9,
     15,  20,  21,  22,  24,  25,  27,  28,  29,  38,  39,  41,  43,  44,  46,  51,
     53,  54,  55,  58,  60,  62,  66,  67,  68,  69,  70,  71,  72,  74,  75,  77,
     83,  84,  85,  86,  87,  89,  90,  96,  98, 102, 104, 109, 112, 113, 121, 122,
    126,  73,  80,  81,  90,  91,   0,   4,  12,  25,  29,  31,  32,  33,  34,  38,
     47,  48,  49,  50,  52,  55,  67,  68,  76,  77,  84,  85,  86,  90,  94,  98,
    102, 105, 106, 107, 108, 114,   7,   9,  90, 113,   3,   6,   7,   8,   9,  15,
     20,  21,  22,  24,  25,  27,  28,  29,  38,  39,  41,  43,  44,  46,  51,  53,
     54,  55,  58,  60,  62,  66,  67,  68,  69,  70,  71,  72,  74,  75,  77,  83,
     84,  85,  86,  87,  89,  90,  96,  98, 102, 104, 109, 112, 113, 121, 122, 126,
      3,   7,   9,  10,  15,  25,  28,  39,  44,  63,  69,  74,  83,  92,  93,  99,
    100, 104, 109, 113,   1,   3,   6,   7,   8,   9,  10,  11,  15,  17,  18,  20,
     21,  22,  24,  25,  27,  28,  37,  38,  39,  43,  44,  45,  46,  47,  51,  53,
     54,  58,  59,  60,  63,  67,  68,  69,  74,  75,  76,  77,  83,  87,  92,  93,
     96,  99, 100, 101, 103, 104, 113,  12,  29,  31,  32,  34,  38,  47,  67,  68,
     76,  77,  84,  85,  86,  92,  93,  97,  98,  99, 100, 101, 105, 106, 107, 108,
    114,  25,  29,  31,  33,  34,  84,  85,  86,  94,  98, 105, 106, 125,   0,  11,
     12,  14,  16,  17,  18,  19,  23,  24,  27,  29,  34,  59,  84,  85,  86,  95,
     96,  98, 102, 105, 106, 108, 110, 111, 114, 119,  61, 117, 116, 117, 118, 120,
     57, 117,  12,  24,  27,  29,  31,  32,  34,  47,  76,  84,  85,  86,  96,  97,
     98, 105, 106, 122, 123, 121, 122,  90,   7,   9,  10,  37, 113,
};

static const int8_t inter_10_regularKernSparseValues[] = {
     -11,  -27,  -27,  -21,  -26,  -55,   -5,   -5,   -5,   -5,  -15,  -15,  -27,   -2,   -3,   15,
      15,   15,   -2,   -2,   -2,   15,   -3,   -2,  -23,  -21,  -23,  -23,  -11,  -19,  -21,  -13,
     -25,  -11,  -11,  -13,   -7,  -11,  -19,  -19,  -19,  -19,  -25,  -25,  -30,   -4,    9,   -4,
      -4,    9,   -4,   47,  -11,  -11,  -45,  -45,  -15,   -4,  -26,   -4,  -32,  -23,  -11,  -11,
      -4,  -45,  -11,   -4,   -7,  -11,  -15,  -25,  -17,  -17,  -11,  -26,   -7,   -6,  -36,  -36,
     -25,  -47,  -21,  -47,  -26,  -26,  -21,  -27,   -8,  -29,   -9,   -5,   -5,   -7,   -2,  -29,
     -15,  -15,  -11,  -11,  -17,  -11,  -11,  -11,   -9,  -15,  -11,  -11,  -11,  -22,  -19,  -45,
     -45,  -19,  -13,  -13,   -8,  -21,   13,  -13,   -8,   -8,   -7,   -3,  -11,  -11,  -15,    5,
     -11,    5,    5,  -11,  -11,  -15,  -17,   -8,    5,    2,   11,   20,    2,   11,   20,   20,
      11,   20,    5,    5,   -5,   -5,   -7,   -7,   -7,   -5,  -11,   -5,   -7,  -17,   -7,   -7,
     -11,  -11,   -7,   -7,   -2,   -7,  -13,  -11,   -9,   -9,   -2,   -9,  -11,  -11,  -15,  -15,
     -11,  -19,  -15,  -42,  -42,   -5,   -6,  -19,   -3,    7,   -5,   -3,  -11,  -30,  -36,  -32,
     -53,  -15,  -17,  -17,  -13,  -21,  -15,  -15,  -17,   30,  -17,  -15,   30,   30,  -17,   30,
     -34,  -34,   -6,  -13,  -47,  -42,  -30,  -11,  -21,  -11,  -11,  -11,  -28,  -15,  -17,  -15,
     -23,  -21,  -17,  -32,  -13,  -11,  -13,  -15,  -15,  -15,  -17,  -15,  -32,  -32,  -19,  -13,
     -25,  -26,  -25,  -25,  -19,  -30,  -21,  -26,  -26,  -26,  -11,  -11,  -17,  -25,  -30,  -30,
     -32,  -25,  -21,  -15,  -15,  -13,  -11,  -10,  -11,  -11,  -11,  -13,   -2,  -10,  -10,  -10,
     -28,  -21,  -11,  -11,  -11,  -13,  -15,  -13,  -33,  -26,  -26,  -11,  -11,    7,  -11,  -17,
     -21,  -11,    5,  -11,  -28,   -7,  -23,  -19,  -25,  -26,    2,   -7,  -23,  -23,  -11,  -25,
     -11,  -11,  -24,  -26,  -16,  -11,  -11,  -11,    2,    2,    2,  -23,  -28,  -28,  -47,    2,
     -11,  -28,   -7,  -23,   -7,  -25,  -25,  -43,  -34,  -11,  -34,   -2,  -17,  -19,   11,   11,
      11,  -19,  -19,  -19,   11,  -19,  -21,   -7,   -2,  -13,   11,   11,   11,   11,   -2,   25,
      25,   25,   11,   25,  -13,  -24,  -30,  -23,  -11,   -8,  -13,  -10,  -11,  -11,  -11,  -11,
      -8,   -8,  -13,  -13,  -11,  -11,   -8,  -13,  -11,   24,  -40,  -42,  -19,   -7,  -10,   -7,
      -2,   -7,   11,   11,   11,  -10,  -10,  -10,   11,   -2,  -10,   -7,   -7,  -11,  -11,  -19,
      -7,  -17,   11,  -26,  -11,   -3,  -36,  -36,  -23,  -11,  -11,  -11,  -13,    5,  -11,  -13,
     -21,  -36,  -17,  -53,   -5,  -11,  -51,  -11,  -13,    5,    5,    5,   28,  -13,  -11,  -13,
      28,   28,  -13,  -11,    5,   28,   28,  -11,  -33,  -11,  -11,  -30,  -57,  -28,  -45,  -15,
      -9,   -9,  -32,  -23,  -11,  -43,   -7,  -23,  -42,  -32,  -21,  -72,  -27,  -59,  -29,  -49,
     -11,  -23,  -32,  -32,  -32,   -9,  -32,   -7,  -47,   -7,  -11,  -22,  -28,  -13,  -15,  -15,
     -11,  -36,  -11,  -15,  -13,  -15,  -24,  -25,  -32,   -2,  -15,  -15,  -15,   -2,   -2,   -2,
     -47,  -45,  -26,   -6,   -8,   -2,   -5,   -2,   -2,   -5,   15,   -5,   -2,   15,   15,   -5,
      15,   -8,   -8,  -11,  -25,  -11,  -25,  -11,  -43,  -11,  -23,  -26,  -11,  -26,  -11,  -10,
     -28,  -10,  -30,    7,  -19,  -24,  -26,  -19,  -25,  -34,  -25,  -21,  -21,  -21,  -15,  -25,
     -43,  -25,  -59,  -51,  -17,  -11,  -38,  -38,  -43,   30,  -43,  -42,  -32,  -24,   30,   30,
     -26,  -38,   42,   30,  -46,  -46,  -10,  -34,  -18,  -34,  -25,    7,    7,  -40,  -11,  -40,
     -42,  -17,  -17,  -32,  -17,  -32,  -16,   -3,  -11,  -21,  -25,  -21,  -22,  -23,  -11,  -32,
       5,  -26,  -17,  -17,  -15,  -17,  -19,  -38,  -30,  -13,  -17,  -30,  -17,   28,  -32,  -17,
      28,   28,  -17,   13,   28,  -42,  -42,  -11,   -3,  -15,  -38,  -13,  -32,  -41,  -50,  -17,
     -17,  -32,  -17,  -32,  -11,  -17,  -25,  -21,  -19,  -21,    8,  -17,  -17,  -11,  -11,  -17,
     -19,  -17,  -28,  -17,  -17,  -17,  -17,  -17,  -17,   28,  -11,  -11,  -36,  -32,  -28,  -36,
      -3,  -11,  -11,  -11,   -7,  -13,   -7,  -19,  -17,  -11,  -11,  -13,  -19,   -9,  -23,  -13,
     -28,   -2,  -27,  -15,  -19,  -19,   -9,   -9,  -19,   -9,  -13,  -13,  -13,   28,   -7,  -28,
     -11,  -13,  -21,  -26,  -15,  -11,  -21,  -26,  -11,  -26,  -11,  -23,  -21,  -34,  -32,  -11,
     -25,  -11,  -11,    7,  -24,  -26,   -9,  -13,  -23,  -13,  -26,  -30,  -43,   -3,  -13,  -43,
     -21,  -28,  -47,  -40,  -26,   -9,  -19,   -9,  -26,  -13,  -39,  -44,    7,    7,    7,  -13,
      -9,   28,  -11,    7,  -16,  -23,  -36,  -13,  -43,  -49,  -59,  -11,  -13,  -13,  -21,  -11,
     -11,  -13,  -11,  -13,  -24,   28,   28,   28,   11,   28,  -11,   -8,   -4,    9,   -4,   -4,
       9,   -4,   28,  -26,  -26,  -11,  -11,    7,  -11,  -17,  -21,  -11,    5,  -11,  -42,   -7,
     -39,  -38,  -25,  -26,    2,   -7,  -40,  -23,  -11,  -25,  -11,  -11,  -24,  -26,  -16,  -11,
     -11,  -11,    2,    2,    2,  -40,  -42,  -42,  -42,    2,  -11,  -42,   -7,  -23,   -7,  -25,
     -25,  -58,  -53,  -11,  -53,   -2,  -17,  -23,  -15,  -36,  -15,  -19,  -15,  -15,  -15,  -13,
      11,  -13,  -19,  -13,  -26,  -23,   11,   32,   11,  -26,  -23,  -15,   11,   11,   11,  -26,
      11,   32,  -19,  -19,  -19,   11,   11,   19,   19,  -15,  -13,  -36,  -17,   15,   15,  -13,
     -17,  -13,  -23,  -17,  -17,  -25,   -5,   -3,   -5,  -23,  -23,  -23,  -23,  -25,  -25,  -15,
      -7,   -7,   -5,   -4,  -11,  -11,  -26,  -17,  -17,   -9,  -28,    3,   -7,   -6,   -7,   -5,
     -11,   -4,    3,    3,   -7,    3,  -26,  -26,  -26,   15,   -9,  -26,   -3,  -57,  -28,  -21,
      -8,   -8,   -9,  -19,   -9,  -19,   -9,  -21,  -11,  -21,    3,   -5,   -5,  -10,  -13,   -7,
     -11,    5,   -9,  -13,   -9,   -9,   -7,   -5,   -5,  -10,   34,  -10,   -5,   34,   47,  -10,
      15,   45,  -24,  -24,  -11,  -11,   -7,    3,    3,  -30,   -7,  -19,  -13,  -17,  -17,  -17,
     -17,  -17,   21,   32,   21,   28,   32,  -15,  -15,  -15,  -28,  -19,   -7,  -15,  -17,  -38,
     -15,   -7,   -7,   -7,  -19,  -19,  -19,  -19,  -13,  -21,  -13,  -21,  -11,  -13,  -13,    5,
     -19,  -19,  -11,   -6,    5,    3,    5,    5,    5,    5,    3,    5,  -13,  -24,  -13,   -6,
       3,    3,    3,   11,   -6,    5,    5,   11,   11,    5,   -6,  -19,  -19,  -19,    5,    3,
      11,  -19,   -5,   -5,    5,    5,  -13,    5,  -26,  -21,    5,  -17,  -25,  -15,  -11,  -25,
      -3,  -25,  -25,  -25,  -25,  -25,  -25,  -17,   -5,   -7,   -7,   -5,   -9,  -11,   -3,   -3,
      -5,    2,   -3,   -8,    3,   -3,    7,    5,   -7,   -7,   -7,   -4,    2,    2,   -3,   -3,
       7,    2,    3,   -3,  -11,  -11,  -11,   15,  -11,   -3,   -5,   -5,  -13,   -4,   11,  -13,
     -13,  -11,  -13,  -17,  -19,  -11,  -13,  -24,  -13,  -17,  -42,  -17,  -17,  -19,  -19,  -13,
       5,    5,  -21,  -13,  -15,  -13,  -15,  -19,  -11,  -13,  -23,    2,  -21,  -11,  -11,  -26,
      -2,   -7,    5,    5,  -13,  -13,  -13,  -13,   -2,   -2,   -7,   -7,   -2,    2,   -7,  -11,
     -32,  -11,    2,  -11,  -15,  -15,    5,    5,  -11,  -11,  -26,  -39,  -17,  -11,  -25,  -25,
     -23,  -19,  -17,  -11,   -6,  -11,   -6,   -6,   -6,  -17,  -17,  -17,  -17,  -26,  -25,   -7,
      -7,  -11,  -21,   -7,    7,    7,   -7,  -11,   -7,   -7,   -7,   -7,   -7,  -21,  -21,  -21,
     -21,    7,    7,  -11,   -5,   -5,   -5,   -5,  -11,  -11,  -11,  -11,  -11,   -4,   -7,  -11,
     -15,  -25,  -17,  -17,  -23,  -26,   -7,   -6,  -36,  -36,  -25,  -23,  -21,  -47,  -26,  -26,
     -21,  -23,  -11,  -23,  -23,  -23,  -23,  -23,  -23,  -23,  -11,   11,   11,   11,   11,   11,
      15,  -13,  -25,  -25,  -11,  -11,  -11,  -11,  -11,  -17,  -21,  -17,  -17,  -17,  -40,  -21,
     -21,  -11,  -16,   -2,  -24,   -2,  -24,   -2,   -3,   -4,   -9,   -4,   -4,   -4,   -9,   -9,
      -4,   -9,   -2,   -2,   -4,   -3,   -3,   -3,  -13,  -13,  -11,  -13,  -17,  -19,  -11,  -13,
     -24,  -13,  -17,  -42,  -17,  -17,  -19,  -19,  -30,    5,    5,  -21,  -11,   -4,   -7,  -11,
     -15,  -51,  -30,  -17,  -27,  -43,   -7,   -6,  -51,  -51,  -51,  -27,  -21,  -51,  -43,  -43,
     -21,  -13,  -17,  -15,  -17,  -11,  -11,  -43,  -21,  -19,  -13,  -30,  -11,  -11,  -11,  -11,
     -11,  -43,  -43,  -43,  -11,  -11,  -30,  -15,  -66,  -30,  -30,  -28,  -23,  -26,  -24,  -23,
     -23,  -23,  -23,  -21,  -11,  -11,    7,    7,    7,   13,    7,  -11,  -30,  -13,  -15,  -15,
     -30,  -30,  -30,  -15,  -30,  -15,  -15,  -11,  -34,  -34,  -13,  -13,  -19,  -17,  -13,  -19,
     -19,  -19,  -19,  -19,  -42,  -34,  -19,   11,   11,   11,  -19,  -19,  -19,   11,  -19,  -43,
     -26,  -26,  -26,  -26,  -26,   32,   34,   32,   24,   32,   15,   30,   20,   30,   28,   30,
      13,   21,   21,   11,   17,    7,   32,   21,   32,   55,   20,   55,   55,   32,   30,   30,
      30,   44,   32,   17,   55,   30,   17,   17,  -13,  -40,  -17,  -17,  -25,   -5,   -3,   -5,
     -40,  -40,  -40,  -40,  -25,  -25,  -15,   -7,   -7,   -5,   -4,  -11,  -11,  -43,  -17,  -17,
      -9,  -28,    3,   -7,   -6,   -7,   -5,  -11,   -4,    3,    3,   -7,    3,  -43,  -43,  -43,
      15,   -9,  -43,   -3,  -57,  -28,  -21,   -8,   -8,  -13,  -47,  -17,  -17,  -25,   -5,   -3,
      -5,  -47,  -47,  -47,  -47,  -25,  -25,  -15,   -7,   -7,   11,   29,   19,   15,   15,   11,
      13,   19,   13,   11,   11,   13,    6,   19,   13,   13,   24,   11,   11,   11,   11,   11,
      13,   13,   13,   11,   24,   15,   11,   13,   11,  -13,   11,   11,   11,   13,   11,   11,
      13,   13,   13,   13,   13,   13,   11,   11,   11,   11,   11,   13,   13,   11,   15,   30,
      20,   30,   28,   30,   13,   34,   32,   11,   17,    7,   34,   34,   34,   55,   20,   55,
      55,   32,   30,   30,   30,   44,   34,   36,   55,   30,   17,   17,   15,   30,   20,   30,
      28,   30,   13,   34,   34,   11,   17,    7,   34,   34,   34,   55,   20,   55,   55,   34,
      30,   30,   30,   44,   34,   17,   55,   30,   17,   17,   15,   30,   20,   30,   28,   30,
      13,   34,   21,   11,   17,    7,   34,   34,   34,   55,   20,   55,   55,   32,   30,   30,
      30,   44,   34,   17,   55,   30,   17,   17,   32,   34,   32,   24,   34,  -30,  -59,  -45,
     -45,  -15,   -9,   -9,  -32,  -23,  -11,  -59,   -7,  -23,  -43,  -32,  -21,  -45,  -27,  -59,
     -29,  -45,  -11,  -23,  -32,  -32,  -32,   -9,  -32,   -7,  -47,   -7,  -11,  -22,  -28,  -13,
     -15,  -15,  -11,  -36,    5,    2,   11,   20,    2,   11,   20,   20,   24,   20,    5,    5,
     -30,  -57,  -42,  -42,  -15,   -9,   -9,  -32,  -23,  -11,  -43,   -7,  -23,  -40,  -32,  -21,
     -42,  -27,  -59,  -29,  -42,  -11,  -23,  -32,  -32,  -32,   -9,  -32,   -7,  -47,   -7,  -11,
     -22,  -28,  -13,  -15,  -15,  -11,  -36,  -11,  -11,  -11,    5,    2,   22,   20,    2,   11,
      20,   20,   11,   20,    5,    5,  -30,  -55,  -28,  -45,  -15,   -9,   -9,  -32,  -23,  -22,
     -55,   -7,  -23,  -42,  -32,  -21,  -72,  -27,  -55,  -29,  -49,  -11,  -23,  -32,  -32,  -32,
      -9,  -32,   -7,  -47,   -7,  -22,  -22,  -28,  -24,  -15,  -15,  -11,  -24,   10,    2,   22,
      20,    2,   11,   20,   20,   11,   20,   10,   10,  -11,  -36,  -11,  -36,  -11,  -43,  -11,
     -23,  -26,  -11,  -26,  -11,  -10,  -28,  -10,  -30,    7,  -19,  -24,  -26,  -19,  -25,  -34,
     -36,  -21,  -21,  -42,  -26,  -36,  -43,  -36,  -36,  -36,  -17,  -11,  -38,  -38,  -43,   30,
     -43,  -36,  -32,  -24,   30,   30,  -26,  -36,   42,   30,  -46,  -46,  -10,  -34,  -18,  -34,
     -25,    7,    7,  -40,  -11,  -40,  -42,  -11,  -36,  -11,  -36,  -11,  -43,  -11,  -23,  -26,
     -11,  -26,  -11,  -10,  -28,  -10,  -30,    7,  -19,  -24,  -26,  -19,  -25,  -34,  -25,  -21,
     -21,  -21,  -15,  -36,  -43,  -36,  -59,  -36,  -17,  -11,  -38,  -38,  -43,   30,  -43,  -42,
     -32,  -24,   30,   30,  -26,  -38,   42,   30,  -46,  -46,  -10,  -34,  -18,  -34,  -25,    7,
       7,  -40,  -11,  -40,  -42,  -11,  -25,  -11,  -25,  -11,  -43,  -11,  -23,  -26,  -11,  -26,
     -11,  -10,  -47,  -10,  -70,    7,  -19,  -24,  -26,  -19,  -25,  -34,  -25,  -21,  -21,  -21,
     -15,  -25,  -43,  -25,  -59,  -51,  -17,  -11,  -38,  -38,  -43,   30,  -43,  -42,  -32,  -24,
      30,   30,  -26,  -38,   42,   30,  -46,  -46,  -10,  -34,  -18,  -34,  -25,    7,    7,  -40,
     -11,  -40,  -66,  -20,  -23,  -10,  -20,  -20,  -10,  -20,  -20,  -20,  -20,  -20,  -20,  -20,
     -20,  -23,  -23,  -20,  -20,  -20,  -23,  -20,  -10,  -10,  -20,  -15,  -15,  -11,  -15,  -15,
     -15,  -15,   13,   13,   13,   13,   13,  -11,   10,    5,  -11,  -11,    5,  -11,   10,   10,
     -24,   -5,   -5,   -5,   -5,  -24,  -24,  -24,  -24,   32,   32,   32,   30,   32,   -5,   -4,
     -11,  -11,  -52,  -17,  -17,   -9,  -28,    3,   -7,   -6,   -7,   -5,  -11,   -4,    3,    3,
      -7,    3,  -52,  -52,  -52,   15,   -9,  -52,   -3,  -57,  -28,  -21,   -8,   -8,   11,  -13,
     -13,  -11,  -13,  -32,  -19,  -11,  -13,  -24,  -13,  -32,  -32,  -32,  -32,  -19,  -19,  -13,
       5,    5,  -21,    7,    7,    7,   24,    7,   32,   32,   32,   28,   32,   15,   30,   20,
      30,   28,   30,   13,   32,   34,   11,   17,    7,   32,   32,   32,   55,   20,   55,   55,
      34,   30,   30,   30,   44,   32,   32,   69,   30,   17,   17,  -11,   21,  -11,  -11,  -11,
       8,    8,  -11,   -3,  -47,  -47,  -11,   -7,  -13,   -7,  -17,  -17,  -11,  -11,  -13,  -19,
      -9,  -47,  -30,  -47,   -2,  -47,  -15,  -19,  -19,   -9,   -9,  -19,   -9,  -13,  -13,  -13,
      28,   -7,  -28,  -11,  -13,  -21,  -26,  -15,  -11,  -15,  -15,  -13,  -11,  -10,  -11,  -11,
     -11,  -13,   -2,  -10,  -10,  -10,  -28,  -21,  -11,  -11,  -11,  -30,  -15,  -13,  -33,  -15,
     -15,  -13,  -11,  -15,  -10,  -10,  -10,    5,  -10,    5,   -3,   -8,   -3,  -10,   -5,   -8,
      -8,   -7,   -8,  -10,  -10,  -10,   -8,  -10,   -5,   -5,   -7,   -5,   -8,   -5,   -8,  -10,
       5,  -10,  -13,  -42,  -13,  -42,  -11,  -13,  -13,    5,  -19,  -19,  -11,   -6,    5,    3,
       5,    5,    5,    5,    3,    5,  -13,  -24,  -13,   -6,    3,    3,    3,   11,   -6,    5,
       5,   11,   11,    5,   -6,  -19,  -19,  -19,    5,    3,   11,  -19,   -5,   -5,    5,    5,
     -13,    5,  -51,  -42,    5,  -17,   -9,  -33,  -33,   -9,  -57,   -7,   -9,   -9,   -7,  -19,
      -9,  -33,  -33,  -33,   -9,  -33,   -7,  -36,  -57,  -57,  -24,  -21,  -26,  -11,  -26,  -11,
     -23,  -21,  -34,  -32,  -11,  -25,  -11,  -11,    7,  -24,  -51,   -9,  -13,  -23,  -13,  -26,
     -30,  -43,   -3,  -13,  -43,  -21,  -28,  -47,  -40,  -51,   -9,  -19,   -9,  -51,  -13,  -39,
     -51,    7,    7,    7,  -13,   -9,   28,  -11,    7,  -16,  -23,  -36,  -13,  -43,  -49,  -59,
     -11,   21,   32,   21,   24,   32,   -5,   -4,  -11,  -11,  -26,  -17,  -17,   -9,  -28,    3,
      -7,   -6,   -7,   -5,  -11,   -4,    3,    3,   -7,    3,  -26,  -26,  -26,   30,   -9,  -26,
      -3,  -57,  -28,  -21,   -8,   -8,  -11,  -11,   13,  -11,  -21,  -26,  -22,  -26,  -22,  -23,
     -21,  -34,  -32,  -11,  -25,  -11,  -11,    7,  -24,  -26,   -9,  -13,  -23,  -13,  -26,  -30,
     -43,   -3,  -13,  -43,  -21,  -28,  -47,  -40,  -26,   -9,  -19,   -9,  -26,  -13,  -39,  -44,
       7,    7,    7,  -13,   -9,   28,  -11,    7,  -16,  -23,  -36,  -13,  -22,  -49,  -59,  -11,
     -21,  -28,  -28,  -32,  -21,  -32,  -49,  -13,   -7,  -21,  -13,  -13,  -13,  -21,  -38,  -47,
     -28,   -7,  -21,  -28,  -42,  -23,  -21,  -33,  -21,  -33,  -47,  -15,  -32,  -21,  -13,  -19,
     -32,  -19,  -19,  -46,  -19,  -42,  -13,  -19,  -21,   -7,  -26,    5,  -13,    5,  -36,  -28,
     -21,  -28,   -4,  -21,  -23,  -19,  -19,  -21,  -21,  -13,    5,  -19,  -21,  -13,  -17,  -30,
     -19,  -40,  -21,    5,    5,  -37,  -33,  -23,  -32,  -30,  -21,  -36,  -11,  -17,  -11,  -11,
     -17,  -11,  -32,  -32,  -32,   17,   17,  -21,  -49,   21,   21,  -17,  -36,  -36,  -42,  -32,
     -32,  -11,  -11,  -13,  -15,  -15,  -11,  -11,  -11,  -15,  -36,  -15,  -15,  -11,  -27,   -8,
     -29,   -9,   -5,   -5,   -7,   -2,  -29,  -15,  -15,  -11,  -11,  -17,  -11,  -11,  -11,   -9,
     -15,  -11,  -11,  -11,  -22,  -19,  -45,  -61,  -19,    7,   -2,   -5,  -18,    4,   -2,  -11,
      -7,   -5,  -30,  -13,  -13,  -42,  -41,  -28,  -49,  -17,  -17,  -42,  -42,  -66,  -13,  -13,
     -53,  -49,  -49,   -8,   -5,   -5,  -16,   13,  -23,  -23,  -13,  -17,  -23,
};

static const EpdFontData inter_10_regular = {
    inter_10_regularBitmaps,
    inter_10_regularGlyphs,
    inter_10_regularIntervals,
    61,
    25,
    21,
    -6,
    false,
    nullptr,
    0,
    nullptr,
    nullptr,  // kernLeftClasses: built-in fonts use the split arrays below
    nullptr,  // kernRightClasses
    inter_10_regularKernLeftCodepoints,
    inter_10_regularKernLeftClassIds,
    inter_10_regularKernRightCodepoints,
    inter_10_regularKernRightClassIds,
    nullptr,  // kernMatrix: built-in fonts use the sparse form below
    inter_10_regularKernRowOffsets,
    inter_10_regularKernSparseCols,
    inter_10_regularKernSparseValues,
    744,
    743,
    133,
    127,
    nullptr,
    0,
};
