/**
 * generated by fontconvert.py
 * name: lexenddeca_18_bold
 * size: 18
 * mode: 2-bit  compressed: true
 * Command used: fontconvert.py lexenddeca_18_bold 18 ../builtinFonts/source/LexendDeca/LexendDeca-Bold.ttf --2bit --compress --pnum --zopfli
 */
#pragma once
#include "EpdFontData.h"

static const uint8_t lexenddeca_18_boldBitmaps[23353] = {
    0xC5, 0x5A, 0x3D, 0x8C, 0xE5, 0xC8, 0x71, 0x6E, 0xF2, 0x69, 0xF6, 0xC1, 0x62, 0x40, 0x05, 0xDE,
    0x44, 0x67, 0x80, 0x0A, 0x1C, 0x2D, 0x0E, 0x66, 0x0E, 0x18, 0x68, 0x4A, 0x06, 0x7C, 0x81, 0x03,
    0x4F, 0x30, 0xE3, 0x03, 0xEC, 0xC0, 0xB9, 0x92, 0x75, 0xE8, 0xC8, 0x4D, 0x5B, 0x81, 0x03, 0x05,
    0x9E, 0xC0, 0x82, 0x43, 0x2B, 0xB8, 0xE0, 0x34, 0x02, 0xBC, 0x79, 0x22, 0x52, 0x72, 0x0E, 0x51,
    0x16, 0x04, 0x87, 0x26, 0x8C, 0xB3, 0x0D, 0xDC, 0x06, 0x26, 0x7C, 0xDC, 0x5B, 0xCE, 0x0C, 0x9B,
    0xE5, 0xFA, 0xBE, 0x7A, 0x3F, 0xD4, 0xEC, 0x1B, 0xDF, 0x78, 0x57, 0x27, 0x71, 0x1F, 0xBF, 0xEA,
    0x21, 0xBB, 0xAB, 0xAB, 0xAB, 0xAA, 0xAB, 0xAB, 0x9B, 0xFB, 0xEC, 0xE3, 0x30, 0x1F, 0xFF, 0xF9,
    0xD9, 0x4F, 0xFC, 0x37, 0x96, 0x63, 0x39, 0x14, 0xFA, 0x2F, 0x1F, 0xCE, 0xCE, 0x9D, 0x5E, 0x89,
    0x2B, 0x06, 0x3F, 0xB1, 0xCE, 0x54, 0x0E, 0x49, 0x75, 0x76, 0x71, 0x76, 0xE1, 0xCA, 0x98, 0x8B,
    0x2B, 0xE7, 0x3C, 0x3A, 0x3F, 0x15, 0xB3, 0xF3, 0x23, 0x60, 0x28, 0x26, 0x85, 0x72, 0x70, 0xBE,
    0x03, 0xB4, 0x65, 0xEF, 0x42, 0xEB, 0x3B, 0xF7, 0xAC, 0x7A, 0x56, 0x2B, 0xA3, 0x4B, 0x07, 0x86,
    0xA9, 0xD4, 0x7E, 0x74, 0x6E, 0x23, 0xD5, 0x9E, 0x0C, 0x20, 0x2E, 0x28, 0xD9, 0x8A, 0x6B, 0x06,
    0x97, 0x0B, 0xAE, 0xDA, 0x48, 0xFB, 0xCB, 0x24, 0xB3, 0x77, 0xAE, 0x98, 0x53, 0x69, 0x9D, 0x2B,
    0x95, 0xD4, 0x4A, 0x26, 0xE5, 0xE3, 0x54, 0x0A, 0xE5, 0xA3, 0x64, 0x00, 0x79, 0xDA, 0xDC, 0xFC,
    0x99, 0x5C, 0x38, 0x8F, 0xFA, 0xF1, 0x34, 0x79, 0x2A, 0xBF, 0x78, 0x1E, 0x2F, 0x5C, 0x22, 0xAD,
    0x4A, 0x0F, 0x52, 0x4E, 0x26, 0x9F, 0x92, 0x8D, 0x92, 0xA3, 0x7C, 0xCE, 0x7D, 0xF5, 0x0A, 0x58,
    0xF4, 0xC4, 0x0E, 0x6A, 0x69, 0x6E, 0x14, 0x4B, 0x11, 0x7D, 0x44, 0x6E, 0x9B, 0xA3, 0xD4, 0x6D,
    0x01, 0xAC, 0x4A, 0xC9, 0x7F, 0x26, 0xCE, 0x2F, 0x79, 0xF7, 0x3E, 0xF1, 0x2B, 0xCE, 0xCB, 0xDF,
    0x75, 0x6C, 0xD4, 0x3A, 0x0C, 0x53, 0x39, 0x60, 0x40, 0x9D, 0x4B, 0x15, 0xB5, 0xD3, 0x46, 0x09,
    0x1F, 0x71, 0x34, 0xAC, 0xE5, 0x5F, 0x48, 0xFB, 0xC4, 0xF9, 0x3F, 0x92, 0x2E, 0xAF, 0xFD, 0x1F,
    0x48, 0xA7, 0xB6, 0xF8, 0x40, 0x5A, 0xBF, 0x84, 0x3F, 0x97, 0xB6, 0x61, 0x8F, 0x01, 0xE8, 0xD0,
    0xE3, 0x4C, 0x3E, 0x3D, 0x3A, 0x58, 0x94, 0x81, 0x0B, 0xD0, 0xBA, 0xF3, 0x2B, 0x7C, 0x0A, 0x08,
    0x5A, 0x23, 0xB9, 0xC4, 0xD8, 0x22, 0x3A, 0x83, 0x24, 0x0A, 0x50, 0x01, 0x05, 0xF3, 0x13, 0x54,
    0xD8, 0xB4, 0x30, 0x85, 0x0B, 0x9D, 0xEF, 0x12, 0x7D, 0x08, 0x43, 0xF6, 0xAA, 0x13, 0x2B, 0xA0,
    0x11, 0x0B, 0x68, 0xA4, 0xD6, 0xD6, 0x5A, 0x13, 0x0A, 0xAF, 0xA4, 0x45, 0x23, 0x08, 0xF3, 0xD7,
    0x68, 0x84, 0xA1, 0x68, 0xA3, 0x04, 0x5A, 0x9D, 0xB4, 0x91, 0xA8, 0x46, 0xBF, 0x5E, 0x15, 0xF3,
    0x56, 0x16, 0xCA, 0x34, 0xE5, 0x1C, 0xA9, 0xF6, 0xE4, 0x6F, 0x51, 0x3F, 0x11, 0xE5, 0xD9, 0x74,
    0x54, 0x3B, 0xD8, 0x53, 0x3C, 0x14, 0x28, 0x9E, 0x15, 0xFC, 0x68, 0x05, 0x88, 0xE7, 0xFB, 0xD0,
    0xA1, 0x91, 0x63, 0x73, 0xF8, 0x00, 0x19, 0x42, 0x3C, 0x76, 0x41, 0xB3, 0xA2, 0x53, 0x5E, 0x67,
    0x80, 0x27, 0xD4, 0x0C, 0x54, 0x0D, 0x89, 0x69, 0x34, 0x67, 0x82, 0x52, 0xE0, 0x9C, 0xE6, 0x80,
    0x26, 0xFE, 0x81, 0x7F, 0xFB, 0xC5, 0x45, 0x8A, 0x1A, 0xDD, 0x37, 0x40, 0xCB, 0x08, 0xC4, 0x08,
    0x81, 0xA8, 0x5F, 0x93, 0x96, 0x68, 0x85, 0xCE, 0x64, 0xD8, 0xB1, 0x85, 0x66, 0xC8, 0x0E, 0x8E,
    0x5A, 0x48, 0x21, 0x3F, 0x81, 0x9C, 0x3A, 0xF4, 0xCF, 0xA4, 0x56, 0x0A, 0x4B, 0x55, 0xD0, 0x75,
    0x03, 0x01, 0xFC, 0xAC, 0x1C, 0x22, 0xBB, 0xC9, 0x84, 0x86, 0xA8, 0x36, 0xA0, 0xB9, 0xDC, 0xBC,
    0x10, 0x8E, 0x46, 0x28, 0x60, 0x4A, 0x0A, 0xBB, 0x88, 0x7C, 0x2E, 0x13, 0x87, 0x59, 0x35, 0x0B,
    0x2C, 0x5B, 0x71, 0x88, 0x17, 0x65, 0x2C, 0x67, 0xCC, 0x62, 0x3F, 0xE8, 0xBF, 0xCE, 0xB7, 0xA1,
    0x7D, 0x56, 0x39, 0x5E, 0x7F, 0x09, 0x2B, 0x60, 0xA4, 0x2D, 0xD8, 0xBB, 0x26, 0x52, 0x35, 0x1B,
    0xE9, 0x95, 0x49, 0xAB, 0x3D, 0x55, 0x1C, 0x54, 0x19, 0x29, 0x0D, 0xEF, 0x30, 0xED, 0xEE, 0x71,
    0x75, 0xF3, 0xD9, 0xB1, 0x4E, 0xB9, 0x40, 0x4A, 0xDC, 0x15, 0xF9, 0xA4, 0x90, 0x4E, 0x50, 0x09,
    0xFA, 0x97, 0x56, 0x1F, 0xD6, 0x2E, 0x81, 0xD6, 0x7E, 0xD7, 0x51, 0x33, 0xAD, 0x3E, 0x06, 0x9F,
    0xC8, 0x51, 0x52, 0x9C, 0x63, 0x9B, 0x35, 0x43, 0xBE, 0xAC, 0xC9, 0x74, 0xF3, 0xF0, 0x4D, 0xFE,
    0x19, 0x2D, 0x8F, 0xFE, 0xA8, 0x42, 0xF2, 0xD9, 0x8D, 0x2D, 0xD7, 0x2A, 0x41, 0x4C, 0xD6, 0xBC,
    0x57, 0x15, 0x54, 0x70, 0x82, 0x8F, 0x54, 0x0F, 0xA3, 0xFB, 0xAD, 0x6C, 0xFC, 0x46, 0xFE, 0xB7,
    0xC3, 0xE4, 0xEF, 0x5E, 0xCF, 0x5E, 0x64, 0x51, 0x2D, 0xF7, 0x90, 0x3B, 0x15, 0xE9, 0xBC, 0x48,
    0xF4, 0x77, 0x77, 0x33, 0xDE, 0xA3, 0x1E, 0xEA, 0xF3, 0x4E, 0xA4, 0x06, 0xB4, 0xA7, 0x21, 0x55,
    0xF0, 0x22, 0xB2, 0x9C, 0x80, 0x68, 0x55, 0x1E, 0x86, 0x6B, 0x55, 0x61, 0x0F, 0xA7, 0x55, 0x1D,
    0x94, 0x82, 0x11, 0x6D, 0xC4, 0x25, 0xFA, 0x5B, 0xDC, 0x66, 0x76, 0xF9, 0x88, 0x99, 0x5B, 0x56,
    0xEE, 0x2B, 0xCE, 0x3D, 0xBB, 0xBE, 0xBE, 0xF2, 0x22, 0xC3, 0xFD, 0x9B, 0xB1, 0x7A, 0x17, 0xCF,
    0x11, 0xAB, 0x1D, 0xC2, 0x2E, 0x30, 0x81, 0x7F, 0x52, 0x5F, 0x8E, 0x1A, 0xA3, 0x8E, 0xE1, 0xC7,
    0x0B, 0x10, 0xCA, 0x81, 0x59, 0x81, 0x32, 0xB0, 0x7A, 0xFF, 0x9B, 0xAE, 0x4E, 0x7C, 0x7A, 0x0E,
    0xD4, 0xA0, 0xF1, 0xF7, 0x36, 0x47, 0x6B, 0x86, 0xC5, 0x71, 0x1D, 0x71, 0xAB, 0x4C, 0x6E, 0x1B,
    0x69, 0x73, 0xAC, 0x0D, 0x5D, 0x29, 0x70, 0x26, 0xB8, 0x80, 0x22, 0x9D, 0x00, 0x7C, 0x9A, 0xC9,
    0xBC, 0x96, 0x38, 0x3F, 0x80, 0x93, 0x67, 0x4D, 0x6B, 0xE5, 0x17, 0x15, 0x72, 0x28, 0x30, 0x0B,
    0x87, 0x5C, 0xFA, 0x42, 0x3A, 0xCE, 0xC0, 0x96, 0x3D, 0xB2, 0x77, 0xBA, 0x2F, 0x46, 0xF3, 0xC4,
    0x42, 0xD8, 0x19, 0x20, 0xB9, 0xDE, 0x85, 0x86, 0x84, 0x11, 0x15, 0x10, 0x00, 0xFE, 0x00, 0x25,
    0xE1, 0x8F, 0x15, 0x7E, 0x9B, 0x63, 0x7E, 0x3B, 0x78, 0xF6, 0x42, 0xAE, 0x6B, 0x0F, 0x81, 0x4E,
    0x81, 0x4B, 0x9A, 0x2B, 0xCA, 0xB1, 0x28, 0x36, 0xBB, 0xB0, 0xC1, 0x69, 0x0E, 0xD5, 0xE5, 0x5C,
    0x6A, 0x4A, 0x0D, 0xD0, 0xEA, 0x67, 0x11, 0xDA, 0xDE, 0x4E, 0x40, 0xF7, 0x17, 0x40, 0xB4, 0x38,
    0x18, 0x8A, 0x13, 0x88, 0x11, 0x83, 0xEC, 0xB8, 0xA4, 0x2C, 0xB4, 0xDF, 0x8C, 0x97, 0xAC, 0x92,
    0xF3, 0xA5, 0x17, 0xB6, 0x89, 0x7C, 0xBC, 0x5C, 0x5F, 0x33, 0x9E, 0x8A, 0x2B, 0x89, 0x9E, 0x58,
    0x10, 0x73, 0x62, 0x72, 0x79, 0x79, 0x79, 0x41, 0x79, 0x22, 0x51, 0x56, 0xE5, 0x91, 0xD8, 0x9B,
    0x6B, 0x1C, 0x9D, 0x62, 0x2D, 0xD4, 0x0D, 0xFB, 0x95, 0x96, 0x2A, 0x1E, 0x59, 0x9E, 0x21, 0x26,
    0x74, 0x9B, 0x52, 0xFF, 0xF8, 0xAB, 0x46, 0x5D, 0xC5, 0xAF, 0x01, 0x93, 0x01, 0xEC, 0xB2, 0x19,
    0x61, 0xC5, 0xE3, 0x47, 0x79, 0x16, 0x36, 0x9A, 0xE9, 0x48, 0x03, 0x75, 0x55, 0xA3, 0xE5, 0xCD,
    0x7E, 0xA9, 0x64, 0x44, 0x05, 0x96, 0xA6, 0x99, 0xF9, 0x38, 0x78, 0x62, 0x4E, 0xF4, 0xC4, 0x06,
    0x98, 0x0A, 0x70, 0x4B, 0xCC, 0x05, 0xF5, 0xBD, 0xD0, 0xA3, 0x66, 0xC5, 0x54, 0x46, 0x68, 0x5B,
    0x3A, 0xC5, 0x42, 0x6A, 0x45, 0x2F, 0xD7, 0xCD, 0xF2, 0x03, 0xEA, 0x67, 0x29, 0x88, 0x39, 0x71,
    0x4B, 0x4C, 0xAF, 0xF1, 0xD6, 0x66, 0xC4, 0x03, 0x48, 0x4D, 0x9E, 0x53, 0x7C, 0xC2, 0xF6, 0x00,
    0x19, 0x21, 0x42, 0x48, 0xC2, 0xCC, 0x52, 0x73, 0x85, 0x71, 0x2F, 0x00, 0x4B, 0x55, 0x7A, 0xAA,
    0x3C, 0xBD, 0x49, 0x55, 0xE2, 0xDA, 0x26, 0x1D, 0x97, 0xB8, 0x22, 0xB2, 0xB4, 0xA9, 0x9C, 0x8F,
    0x79, 0xA7, 0x2F, 0x7C, 0xFC, 0x43, 0x99, 0x1B, 0x54, 0xF6, 0x68, 0x96, 0x83, 0x41, 0x6A, 0xD3,
    0x80, 0xC6, 0xFA, 0x1A, 0x04, 0xBA, 0xFE, 0x3E, 0x54, 0xD0, 0xDB, 0xDC, 0x86, 0xAA, 0xCD, 0x7C,
    0x26, 0x6E, 0x33, 0xD2, 0x82, 0xA8, 0xF1, 0xE3, 0x0A, 0x3A, 0x9A, 0xE8, 0x0D, 0x55, 0x01, 0x7E,
    0xA5, 0x71, 0x7E, 0x29, 0x73, 0x88, 0x2E, 0xC4, 0x66, 0xD2, 0x86, 0x48, 0x05, 0xD7, 0x30, 0x2A,
    0x40, 0x69, 0xB3, 0x97, 0xEF, 0xC9, 0x5C, 0xA0, 0x45, 0x86, 0xB6, 0xA9, 0x82, 0xCA, 0x0E, 0x59,
    0x9E, 0xC8, 0x95, 0x7B, 0x0A, 0x95, 0x04, 0x0C, 0xFF, 0x00, 0xE3, 0xA1, 0xB4, 0x97, 0x6D, 0x0B,
    0xC8, 0xA4, 0x82, 0x94, 0x36, 0x66, 0x4A, 0x69, 0x61, 0x8A, 0x52, 0x26, 0x80, 0x8D, 0x74, 0x00,
    0xD6, 0xAD, 0xF7, 0x75, 0x39, 0xA2, 0xB8, 0x8F, 0x51, 0x32, 0xB2, 0xEE, 0x7A, 0xE0, 0xAC, 0xCB,
    0x70, 0xCE, 0x55, 0x3D, 0x81, 0x7C, 0x9B, 0xBD, 0xD6, 0xC6, 0x42, 0xAA, 0x66, 0xE2, 0xCC, 0x53,
    0xAF, 0x2A, 0x0D, 0x8A, 0x45, 0x3B, 0xCE, 0xE5, 0x3F, 0xCD, 0x8C, 0x9D, 0x53, 0xA8, 0x30, 0xAC,
    0x96, 0x2D, 0x4A, 0xE8, 0xC5, 0x6B, 0x95, 0x18, 0xE0, 0x39, 0x01, 0x8A, 0x33, 0xD0, 0xB6, 0xE2,
    0x95, 0xDF, 0x02, 0xFD, 0xCD, 0x9C, 0xDA, 0xEC, 0xC8, 0x35, 0x96, 0x07, 0x7D, 0xE2, 0xEC, 0x7A,
    0xC2, 0xCC, 0x6D, 0x97, 0x20, 0x56, 0xCC, 0x39, 0x0B, 0xE1, 0x9A, 0xF1, 0xA1, 0xCC, 0xCA, 0xA5,
    0x99, 0x91, 0x4D, 0x45, 0x19, 0x74, 0x74, 0x0A, 0x05, 0xA0, 0x84, 0xC6, 0x7D, 0x54, 0x7B, 0x48,
    0xF4, 0xF2, 0xDF, 0xA6, 0xF1, 0x29, 0xA3, 0xBF, 0x70, 0xBE, 0x04, 0x48, 0x9A, 0x7C, 0x40, 0x53,
    0x83, 0x3F, 0x27, 0x9E, 0x5F, 0x8E, 0x8A, 0xB9, 0xAF, 0xC4, 0x53, 0xAB, 0xD3, 0xEE, 0x7A, 0xF3,
    0x9D, 0x8A, 0x3F, 0x31, 0x40, 0x2D, 0xFA, 0x43, 0x21, 0x9F, 0x1C, 0x9B, 0x9C, 0xBC, 0xB8, 0x70,
    0x46, 0xAC, 0x9A, 0x85, 0xC0, 0xF1, 0x90, 0x0B, 0x8A, 0xD3, 0xDF, 0x86, 0x0D, 0xBD, 0xBE, 0xC5,
    0xC2, 0x89, 0x8B, 0x18, 0x1C, 0x0C, 0x06, 0x03, 0x41, 0x2E, 0x0C, 0xA4, 0x10, 0xA9, 0x99, 0x15,
    0x66, 0xF4, 0x26, 0xA6, 0x23, 0xD4, 0x1A, 0x07, 0x24, 0x1D, 0x6D, 0x09, 0xC7, 0x41, 0x91, 0xCE,
    0x96, 0x31, 0x04, 0x35, 0x80, 0xC2, 0x92, 0x02, 0x70, 0xFE, 0xBD, 0x95, 0x50, 0x01, 0x56, 0x39,
    0x01, 0x0C, 0x66, 0x8F, 0xA8, 0x37, 0x27, 0x0C, 0x65, 0xDD, 0x7E, 0x02, 0x7B, 0x33, 0xE3, 0xC8,
    0xC0, 0x57, 0xC1, 0x98, 0x03, 0x93, 0x7D, 0x8C, 0x85, 0x12, 0x02, 0x32, 0x00, 0x04, 0xDE, 0xEE,
    0xA7, 0x05, 0x65, 0xF6, 0xA8, 0xE6, 0xB9, 0x3B, 0xA0, 0xDB, 0x8F, 0xE0, 0x5C, 0x1F, 0xF5, 0xFF,
    0x23, 0x2A, 0x63, 0xA2, 0xB7, 0x56, 0xDB, 0xFD, 0x26, 0x66, 0x80, 0xE5, 0x87, 0x3C, 0x3A, 0x19,
    0x37, 0x23, 0x26, 0x47, 0x0F, 0xB0, 0xC9, 0x4C, 0xE3, 0x66, 0xCA, 0x31, 0x81, 0x0E, 0x72, 0x6E,
    0x5D, 0x18, 0xFE, 0x68, 0x6F, 0xAE, 0x05, 0xF7, 0x06, 0x8A, 0x20, 0xC1, 0x17, 0x99, 0xAD, 0x64,
    0xD5, 0x01, 0xF6, 0x2F, 0xDC, 0x6E, 0xC1, 0xFF, 0xD3, 0x1F, 0x18, 0x2D, 0x4D, 0x59, 0xB6, 0x4A,
    0x40, 0x5A, 0x9D, 0xFB, 0x7F, 0xC2, 0xD9, 0xC6, 0xA1, 0xCE, 0x76, 0x23, 0x43, 0x72, 0x65, 0x47,
    0x55, 0x56, 0xAE, 0x71, 0xC9, 0x95, 0xFE, 0xD9, 0x26, 0x58, 0xE0, 0xFC, 0x98, 0xB7, 0x9B, 0x31,
    0x11, 0x69, 0x86, 0xBC, 0xCB, 0x2C, 0x4A, 0x66, 0x7D, 0xDE, 0xE5, 0x8C, 0x94, 0x7D, 0xD1, 0x96,
    0x4B, 0xAA, 0x51, 0xB0, 0x2F, 0x2B, 0x3F, 0x3B, 0xE9, 0xB6, 0xBD, 0xC7, 0xC6, 0x42, 0xBA, 0x4C,
    0x0B, 0xA2, 0x85, 0x36, 0xEB, 0x82, 0x93, 0x3E, 0x91, 0x36, 0x6F, 0xFF, 0x4A, 0x9F, 0xA7, 0x52,
    0x17, 0x5A, 0x40, 0xE0, 0xAC, 0xCB, 0x4A, 0x0B, 0x83, 0x8E, 0x20, 0x38, 0x2D, 0xDC, 0x34, 0x52,
    0x45, 0x17, 0xB8, 0x89, 0x7B, 0x39, 0x39, 0xEF, 0xBC, 0xDC, 0xC2, 0x40, 0xBE, 0x2A, 0x64, 0x80,
    0xF0, 0x65, 0x9D, 0x4A, 0x55, 0xDE, 0xA8, 0xF1, 0x5A, 0x67, 0x57, 0x3E, 0x18, 0x45, 0x7A, 0x67,
    0x57, 0x02, 0x75, 0xBC, 0xEF, 0x4C, 0xC3, 0x4F, 0x16, 0x14, 0x60, 0x06, 0x16, 0x6C, 0x15, 0xC7,
    0xF5, 0x9E, 0x2D, 0x51, 0xEB, 0xEB, 0x92, 0xC8, 0xF0, 0x63, 0x16, 0xA0, 0x96, 0xC9, 0x3F, 0x27,
    0xA1, 0x71, 0x0F, 0xAB, 0x95, 0x79, 0x30, 0x97, 0x3C, 0x10, 0x79, 0x29, 0xEC, 0xE0, 0x5F, 0xA5,
    0x06, 0x93, 0x7F, 0xB6, 0x10, 0xF9, 0x1D, 0x73, 0xA7, 0x6F, 0xCA, 0x40, 0x13, 0x81, 0x14, 0x8B,
    0x6B, 0x2C, 0xFB, 0x0F, 0xB3, 0xF9, 0x6D, 0x04, 0x13, 0x4A, 0x28, 0xB6, 0xB6, 0x93, 0xD4, 0x1B,
    0x92, 0xD6, 0xB2, 0xF7, 0x0E, 0x11, 0x51, 0xD5, 0x0C, 0x3B, 0x33, 0xAF, 0x62, 0x78, 0xF0, 0x91,
    0x6B, 0xAA, 0xC6, 0x6B, 0x50, 0xB8, 0x1D, 0x71, 0x20, 0xCE, 0xC4, 0x85, 0x28, 0x50, 0x46, 0x20,
    0xE6, 0xF7, 0x11, 0x91, 0xA1, 0x59, 0x7E, 0x28, 0x13, 0x6B, 0xF6, 0x44, 0x2B, 0x8B, 0x61, 0xAD,
    0x75, 0x0A, 0x69, 0x15, 0x55, 0x0E, 0x45, 0x15, 0xE3, 0x80, 0x1B, 0xC5, 0x9B, 0xCB, 0xE7, 0xFA,
    0x9C, 0xC2, 0x12, 0xAB, 0x63, 0xBF, 0x23, 0x70, 0xE1, 0x86, 0xE1, 0x9F, 0xAE, 0x76, 0xDA, 0xAA,
    0xCC, 0x17, 0x39, 0xEF, 0x38, 0x78, 0x1B, 0x75, 0x0A, 0xE4, 0x4C, 0xAB, 0x02, 0x24, 0x1B, 0x19,
    0x90, 0xA0, 0xC6, 0xDA, 0x79, 0x34, 0x62, 0x8E, 0x44, 0x12, 0x49, 0xC2, 0x8E, 0xCC, 0x6B, 0xC2,
    0x87, 0x8C, 0xA1, 0xAB, 0x06, 0xA5, 0xD4, 0x20, 0x05, 0x8C, 0x71, 0xA5, 0xAC, 0x27, 0xB7, 0x1D,
    0x90, 0xB1, 0x7C, 0xDA, 0x4C, 0xD6, 0xED, 0x6C, 0xDA, 0x13, 0xD4, 0xE1, 0x5F, 0x9B, 0x9D, 0xA3,
    0x3C, 0x97, 0x78, 0xF0, 0x8D, 0xA7, 0x97, 0x17, 0x8A, 0xFB, 0x01, 0x71, 0x74, 0x07, 0xC3, 0x99,
    0x9E, 0x48, 0xA0, 0xC1, 0x78, 0xD9, 0x60, 0xE8, 0x13, 0x92, 0x1C, 0x10, 0x27, 0x91, 0xC4, 0x2F,
    0x24, 0xA5, 0x90, 0x14, 0x20, 0x9C, 0xBF, 0x0F, 0x92, 0x5D, 0x15, 0x6F, 0x24, 0x2C, 0x2B, 0x66,
    0x5B, 0xB0, 0x5E, 0xAE, 0xF7, 0xD6, 0x96, 0x6E, 0x2D, 0x44, 0x74, 0x24, 0x3D, 0x08, 0x3D, 0x9D,
    0x4B, 0x3A, 0x2D, 0x7B, 0x12, 0x2C, 0x20, 0x9D, 0x00, 0x1A, 0xF5, 0x04, 0x3C, 0xDC, 0xE2, 0x46,
    0x13, 0x53, 0xBA, 0xDF, 0x29, 0x38, 0x88, 0x31, 0x9E, 0x84, 0x88, 0xB7, 0xE0, 0x7C, 0x0F, 0xF0,
    0xA2, 0xFA, 0x02, 0x59, 0x1E, 0x0F, 0xB8, 0x92, 0x17, 0x1F, 0x81, 0x04, 0x28, 0x8C, 0xEE, 0x48,
    0xB3, 0xD0, 0x05, 0x80, 0xD2, 0xA6, 0x24, 0x3C, 0x04, 0x29, 0x22, 0x03, 0x40, 0xC2, 0x59, 0x80,
    0x10, 0xFC, 0x90, 0x3B, 0x7E, 0xF5, 0xFA, 0xFA, 0xA3, 0x80, 0x04, 0x59, 0xA6, 0x3D, 0x89, 0x24,
    0x7E, 0x31, 0x82, 0xBC, 0xBD, 0x99, 0xE8, 0x8E, 0xCD, 0x58, 0x48, 0x8F, 0xA9, 0x4C, 0x77, 0x64,
    0xD6, 0xF2, 0xBD, 0x20, 0xDD, 0x6E, 0xEE, 0xAF, 0xDD, 0x71, 0x32, 0x77, 0xE4, 0x99, 0xCA, 0xDA,
    0x1D, 0xCF, 0x71, 0xD3, 0x2D, 0xE6, 0xB7, 0x43, 0xF6, 0xF1, 0x05, 0xF8, 0x0E, 0xFC, 0x69, 0x6C,
    0x6E, 0x5D, 0x4E, 0x01, 0x27, 0xC3, 0xAF, 0x08, 0x9E, 0x86, 0xE5, 0xFF, 0xE8, 0x88, 0x19, 0x7E,
    0x65, 0xC7, 0x84, 0x0F, 0x62, 0xF2, 0xA1, 0xFC, 0x47, 0x65, 0x89, 0xD6, 0xBB, 0x63, 0x5A, 0x03,
    0xB7, 0x5D, 0xA6, 0x58, 0xC4, 0xE7, 0x3C, 0x3F, 0x81, 0x51, 0x4D, 0x9C, 0x5C, 0x24, 0xD2, 0xA4,
    0x23, 0x1D, 0x90, 0x89, 0xEE, 0xF9, 0xDE, 0xA0, 0x17, 0x70, 0xD0, 0x04, 0x53, 0x9B, 0x5E, 0x01,
    0x52, 0x48, 0x0B, 0x12, 0xC4, 0x29, 0xD1, 0x57, 0x20, 0xFA, 0x0A, 0x44, 0x5F, 0x81, 0x04, 0xE1,
    0xC4, 0x93, 0x19, 0x44, 0x64, 0x30, 0xD2, 0x1A, 0xE9, 0xD6, 0x0F, 0xF7, 0x55, 0x16, 0x12, 0xFA,
    0x71, 0x33, 0xE7, 0xD2, 0xAE, 0x78, 0xA6, 0x32, 0x81, 0x38, 0x59, 0x48, 0x50, 0xE7, 0x28, 0x44,
    0x66, 0x22, 0x6D, 0xB4, 0xCE, 0x3A, 0xAC, 0x09, 0x85, 0x67, 0xF9, 0x4B, 0x07, 0xDD, 0x1B, 0x7F,
    0xFF, 0xC1, 0x08, 0x42, 0x31, 0xCE, 0xCE, 0x1B, 0xAA, 0x76, 0xE2, 0x6E, 0x53, 0xA6, 0x06, 0xD9,
    0x9D, 0x12, 0xA9, 0x20, 0x38, 0x33, 0x2D, 0x90, 0xDE, 0x15, 0x20, 0x83, 0xF3, 0x4A, 0xA0, 0x71,
    0x90, 0x98, 0x08, 0x88, 0x6C, 0x8C, 0x7C, 0x17, 0xE4, 0xB5, 0xFC, 0x9B, 0x28, 0xB3, 0x57, 0x22,
    0xB3, 0x92, 0x51, 0xEB, 0x81, 0x78, 0x19, 0x1A, 0x25, 0x85, 0x74, 0x20, 0xB9, 0xD4, 0x20, 0x1B,
    0x71, 0x20, 0x69, 0x24, 0x71, 0x1F, 0x1B, 0x71, 0x8F, 0x23, 0x10, 0xFE, 0xEC, 0xC2, 0xA2, 0x7F,
    0x13, 0x89, 0x62, 0x58, 0x13, 0x3B, 0xE2, 0x40, 0x9C, 0x89, 0x0B, 0x51, 0x2A, 0x62, 0xAB, 0xF8,
    0x5A, 0x06, 0xC5, 0xFF, 0x91, 0x49, 0x71, 0x94, 0x08, 0xF4, 0x02, 0x2C, 0xE4, 0xA7, 0x8A, 0x99,
    0xA6, 0xA2, 0x10, 0x52, 0x14, 0x9D, 0x61, 0x20, 0x96, 0xC4, 0x9C, 0xB8, 0x21, 0x26, 0x44, 0xD7,
    0x10, 0x3D, 0x90, 0x39, 0xE6, 0x93, 0xE6, 0xB8, 0x8C, 0x73, 0xEA, 0xF0, 0xED, 0x71, 0x19, 0xAF,
    0x0E, 0x59, 0xCB, 0xF2, 0xCD, 0x06, 0xC2, 0x0C, 0x5A, 0x6B, 0x2C, 0x78, 0x82, 0x32, 0xD3, 0xDF,
    0x40, 0x18, 0x2E, 0x7D, 0xE4, 0xF4, 0x0D, 0xF3, 0x91, 0x94, 0xB2, 0x27, 0xF6, 0xCE, 0x2F, 0x46,
    0x84, 0x6B, 0x00, 0xE3, 0x26, 0xF6, 0x68, 0x1D, 0xEC, 0x98, 0x09, 0xBC, 0x72, 0xC0, 0x32, 0x2E,
    0xC8, 0x2E, 0xD9, 0xED, 0xBD, 0xB8, 0x99, 0x9E, 0x8A, 0x9B, 0xFB, 0x64, 0x29, 0x12, 0xA5, 0x7D,
    0x23, 0x65, 0x8A, 0x58, 0xC4, 0x44, 0xE8, 0xFD, 0xC4, 0xE2, 0x0D, 0xF4, 0xC2, 0x3A, 0x8B, 0xD5,
    0x27, 0x4E, 0x2B, 0x3E, 0x35, 0x30, 0x9A, 0xC7, 0xFE, 0xFF, 0xF1, 0xD7, 0xA3, 0xE5, 0x9A, 0x5A,
    0xDE, 0xF4, 0xD4, 0x72, 0x39, 0x52, 0xCB, 0xCD, 0x4C, 0x2D, 0x07, 0xA1, 0x96, 0x4B, 0xA1, 0x96,
    0x73, 0xA1, 0x96, 0x5F, 0x9E, 0xD6, 0x32, 0x37, 0x51, 0x7C, 0xC8, 0xF5, 0xB3, 0x87, 0x96, 0x53,
    0xC8, 0xAB, 0x97, 0xF4, 0x24, 0xBE, 0x22, 0xF9, 0x1D, 0xE2, 0xDA, 0x02, 0x0B, 0x51, 0xFA, 0x87,
    0xD2, 0xD5, 0x9A, 0x3E, 0xD9, 0x2A, 0x6E, 0x89, 0x9B, 0x55, 0x39, 0xE7, 0xDB, 0x52, 0x2A, 0xD6,
    0x5F, 0x71, 0x18, 0x89, 0xED, 0xDE, 0x0E, 0xA3, 0x32, 0x50, 0x44, 0x70, 0x83, 0xE7, 0x8F, 0x8A,
    0x0C, 0xAF, 0x5A, 0x58, 0x80, 0x5E, 0x80, 0xE5, 0xAE, 0xAF, 0x4E, 0x91, 0x71, 0xF0, 0xF9, 0x2D,
    0x35, 0x4F, 0xC5, 0x73, 0xAC, 0xC7, 0xC3, 0xCB, 0x5E, 0xB5, 0xFE, 0x02, 0x67, 0xA5, 0x6D, 0x22,
    0x10, 0xC3, 0xFD, 0x3E, 0xD1, 0x29, 0xDA, 0x59, 0xDF, 0xC2, 0x85, 0x04, 0x24, 0xA5, 0x3C, 0xBB,
    0xA1, 0x96, 0x14, 0x2B, 0x31, 0x97, 0x7C, 0x62, 0x11, 0xF9, 0x3D, 0x45, 0x18, 0x6D, 0xDC, 0xE8,
    0x5F, 0x32, 0xE6, 0x11, 0x19, 0x41, 0x29, 0x9D, 0xCA, 0xE0, 0xD9, 0x57, 0x7E, 0xEC, 0x97, 0x7C,
    0x26, 0x66, 0x2B, 0x57, 0x8C, 0x72, 0xD0, 0x24, 0xF2, 0x29, 0xC1, 0x35, 0x3E, 0x84, 0x97, 0x97,
    0x72, 0x73, 0xA9, 0x75, 0x21, 0xC8, 0xAF, 0x1F, 0x2D, 0x4B, 0xB1, 0x25, 0xE5, 0x4B, 0xC7, 0x19,
    0x7D, 0x36, 0x11, 0xFA, 0x0C, 0x52, 0x65, 0xD0, 0xE1, 0xAB, 0x46, 0xFA, 0xE2, 0xF8, 0xDD, 0x93,
    0xEA, 0x8F, 0xCC, 0xFB, 0x7A, 0x18, 0x61, 0x71, 0xBC, 0x4C, 0x4E, 0x77, 0x79, 0xCE, 0x15, 0xC3,
    0x8E, 0xBF, 0x53, 0x18, 0x82, 0xEB, 0x79, 0x21, 0x3C, 0xED, 0x82, 0x91, 0x33, 0xA9, 0x33, 0xAE,
    0x1F, 0x5C, 0xE7, 0x0B, 0xE1, 0x91, 0x95, 0xA7, 0xD5, 0x9C, 0x67, 0xF7, 0x9C, 0xC3, 0xCA, 0x06,
    0xE6, 0xF5, 0x73, 0x02, 0x52, 0x2E, 0xDC, 0x6A, 0x17, 0xB2, 0x3B, 0xD3, 0xFB, 0xC0, 0xCE, 0x48,
    0xBF, 0x2B, 0x4C, 0x17, 0x7E, 0x0A, 0x92, 0x52, 0x2A, 0x48, 0x37, 0x53, 0x73, 0x62, 0xE1, 0x40,
    0x06, 0x10, 0x6F, 0xA4, 0x04, 0x13, 0xB0, 0x69, 0x57, 0x9F, 0xCD, 0x32, 0xD9, 0x0B, 0x8F, 0x3C,
    0xA7, 0xA2, 0xFC, 0x94, 0x96, 0x33, 0x9D, 0xD5, 0x30, 0x18, 0x96, 0x78, 0xEE, 0x46, 0xB1, 0xF1,
    0x83, 0x68, 0x25, 0x16, 0x90, 0x2A, 0x85, 0xF0, 0x11, 0x55, 0x37, 0xC2, 0x83, 0x6C, 0x1D, 0x22,
    0x76, 0x17, 0x61, 0xC2, 0x8C, 0xCB, 0xB5, 0x24, 0xDC, 0xFA, 0xE5, 0xB2, 0x60, 0x58, 0x29, 0xCF,
    0x1A, 0xD1, 0x3C, 0xA1, 0x97, 0x7E, 0x0B, 0xAA, 0x54, 0x8D, 0xBF, 0x96, 0xEF, 0x58, 0x22, 0xD1,
    0x7C, 0x66, 0xDB, 0xDF, 0x30, 0xCB, 0xCF, 0x6C, 0x3F, 0xEC, 0xA3, 0xB4, 0xF2, 0x72, 0xF7, 0x49,
    0xB6, 0x6E, 0x44, 0x38, 0x1C, 0xA9, 0xBC, 0x2C, 0x94, 0x4C, 0x9C, 0xE7, 0xF8, 0xD1, 0x43, 0x41,
    0x15, 0x64, 0x8A, 0x39, 0x4B, 0x90, 0x24, 0xA3, 0x3E, 0x36, 0x14, 0x63, 0x70, 0xB4, 0x0D, 0x6F,
    0x7E, 0x08, 0xE1, 0xAD, 0x17, 0xBA, 0x84, 0x8A, 0xCE, 0x2E, 0x69, 0xCA, 0x62, 0xBF, 0x4C, 0x0C,
    0x4C, 0xAF, 0xC9, 0xAF, 0x75, 0x12, 0xB9, 0x1B, 0x0C, 0x82, 0x9F, 0x16, 0x5B, 0x3B, 0x67, 0xFE,
    0x77, 0x19, 0xD1, 0xD3, 0x9D, 0x0C, 0xB4, 0x05, 0x55, 0xAC, 0xA4, 0x52, 0x62, 0x32, 0x52, 0x2C,
    0x4A, 0x38, 0xF2, 0x2F, 0x23, 0xDE, 0x1E, 0x72, 0x40, 0x76, 0x48, 0x79, 0xC8, 0xD5, 0x73, 0x1D,
    0x39, 0x76, 0xFB, 0xAA, 0x0A, 0x66, 0x48, 0xE8, 0x19, 0x77, 0x10, 0xE4, 0x22, 0xE8, 0x59, 0xA5,
    0x42, 0xC8, 0xC8, 0x79, 0xCE, 0x34, 0x42, 0xAA, 0x14, 0x1B, 0x24, 0xDA, 0x13, 0x07, 0x4C, 0x09,
    0x42, 0x6F, 0x8B, 0x11, 0xA3, 0x66, 0x26, 0x1D, 0xDA, 0x15, 0x52, 0x83, 0x8B, 0x17, 0xF2, 0x6C,
    0xA2, 0xC3, 0x13, 0x61, 0xCA, 0xF0, 0x73, 0x3B, 0x29, 0xBC, 0x43, 0xEF, 0x94, 0xE5, 0x20, 0x19,
    0xB5, 0x4B, 0xA9, 0xA7, 0xD5, 0xA1, 0xC6, 0x46, 0xFA, 0x5F, 0x29, 0x81, 0xE6, 0xF5, 0xAA, 0x3C,
    0xA7, 0xDB, 0x03, 0x58, 0x7F, 0xFD, 0xFA, 0x5A, 0x64, 0xF5, 0x11, 0x60, 0x3C, 0x04, 0xCE, 0x92,
    0x5A, 0x0F, 0xEB, 0xEF, 0x20, 0x93, 0x49, 0x7B, 0xF0, 0x7A, 0x4F, 0x8B, 0xD0, 0x20, 0xA9, 0x39,
    0x07, 0x5F, 0x42, 0x85, 0x78, 0xF9, 0xA9, 0x7E, 0xD3, 0xB3, 0xBD, 0xB0, 0x3C, 0x80, 0xBA, 0x37,
    0x15, 0x99, 0xD7, 0x3F, 0x65, 0xF0, 0xEE, 0xBF, 0x7B, 0x3C, 0x0F, 0x53, 0xD2, 0xCF, 0xC7, 0x8F,
    0x72, 0xB9, 0x00, 0xED, 0x8B, 0x0C, 0x03, 0xC1, 0xC1, 0x6F, 0x07, 0x60, 0x98, 0xDE, 0xA1, 0x41,
    0xB9, 0x6A, 0x90, 0xAD, 0x1A, 0xA4, 0xEB, 0x06, 0xCD, 0xE3, 0x1B, 0xF0, 0xB0, 0x23, 0x88, 0xAC,
    0x7F, 0xA8, 0xFD, 0xCE, 0xBF, 0xFB, 0x3C, 0x2D, 0xF4, 0xAE, 0x3E, 0x6B, 0xDA, 0x3C, 0x8F, 0x14,
    0x4B, 0x28, 0xE2, 0xF1, 0x3F, 0x72, 0x84, 0x1B, 0xE9, 0x51, 0xB1, 0xC1, 0xE4, 0xEF, 0xFC, 0x0C,
    0x99, 0xCB, 0xB8, 0xE3, 0x5D, 0x2C, 0x50, 0x95, 0x3D, 0x7C, 0x7A, 0x81, 0x00, 0xF0, 0xED, 0x6B,
    0xBD, 0x3E, 0xA6, 0x3F, 0xC4, 0x37, 0xD1, 0xF1, 0x4A, 0x79, 0x36, 0x5C, 0x8C, 0xCE, 0x2F, 0x70,
    0x31, 0xC6, 0x44, 0xEC, 0xDF, 0xF8, 0x92, 0x72, 0x15, 0x8C, 0x6A, 0x22, 0x9F, 0xED, 0x56, 0xE1,
    0x36, 0x27, 0x96, 0x44, 0x2F, 0x55, 0x89, 0x50, 0xCB, 0x2C, 0x65, 0x3A, 0x66, 0x29, 0x32, 0x1C,
    0x90, 0x4F, 0xF0, 0x16, 0xC8, 0x9A, 0x6C, 0x05, 0x0E, 0x77, 0x07, 0x6E, 0x1B, 0xA2, 0xF5, 0xE2,
    0x4A, 0xF6, 0xC8, 0xDE, 0x69, 0xE3, 0x47, 0x62, 0x72, 0x0E, 0x7C, 0x2E, 0x95, 0x0B, 0xB7, 0x58,
    0xDD, 0x78, 0x4A, 0x4E, 0x5C, 0x88, 0xA2, 0x58, 0x17, 0x52, 0x87, 0xC5, 0x96, 0x07, 0xCA, 0x33,
    0x41, 0x93, 0x27, 0xD0, 0xDE, 0x46, 0xD6, 0x94, 0x0A, 0xAD, 0x44, 0x99, 0x1E, 0xB9, 0x61, 0x75,
    0x78, 0xCD, 0x2F, 0x18, 0x58, 0x69, 0xB9, 0x83, 0xA5, 0x29, 0x9D, 0x7D, 0xFC, 0x43, 0x95, 0x36,
    0xDD, 0x7F, 0x44, 0x9B, 0x72, 0x94, 0xBC, 0xD4, 0x65, 0xEB, 0xA3, 0xDB, 0xEC, 0x8F, 0xBF, 0x01,
    0xC3, 0x1E, 0xF8, 0x27, 0x5F, 0xB0, 0x8A, 0x56, 0x2E, 0x78, 0x7A, 0xDE, 0xDB, 0xD7, 0x12, 0x00,
    0xF7, 0xB4, 0x64, 0xCF, 0x8E, 0xE8, 0xAD, 0xAD, 0xE2, 0xE6, 0x8B, 0xF1, 0x1C, 0xB8, 0xB7, 0xE4,
    0xEB, 0x5F, 0xB6, 0x64, 0x21, 0xB7, 0x07, 0x4B, 0x62, 0xED, 0xA3, 0x56, 0x68, 0xB7, 0x07, 0xD0,
    0x2C, 0xC9, 0x9A, 0x5E, 0x1C, 0x2D, 0x79, 0xFB, 0xA6, 0x25, 0x6F, 0x69, 0xC9, 0x7F, 0x51, 0x74,
    0x17, 0xEE, 0xA8, 0x1B, 0xCB, 0x06, 0x6D, 0x63, 0xC2, 0x0F, 0x8C, 0x85, 0xDC, 0xF1, 0x7C, 0xC8,
    0xCF, 0x7E, 0x72, 0x79, 0xC4, 0xD1, 0xE7, 0x42, 0x0F, 0x5D, 0xC1, 0x2B, 0x0D, 0xAB, 0x3B, 0xDD,
    0x00, 0xA4, 0xDE, 0xDE, 0xD3, 0xCD, 0x6C, 0x09, 0x4D, 0x26, 0xFB, 0xFF, 0xC7, 0x92, 0xFE, 0xA8,
    0xC2, 0xE6, 0x88, 0x19, 0x84, 0x7D, 0xDF, 0xEB, 0x36, 0x72, 0xDB, 0x42, 0x0D, 0xB8, 0x3F, 0x94,
    0x5F, 0x54, 0x90, 0x73, 0x7D, 0xFF, 0x50, 0x3E, 0xAD, 0xF9, 0xFE, 0x2D, 0xEE, 0xDD, 0x18, 0x0B,
    0xE9, 0xF8, 0xE5, 0x2D, 0x4A, 0x6F, 0x99, 0x72, 0x4E, 0x2C, 0x88, 0x1E, 0x7E, 0xD4, 0xD3, 0xA7,
    0x7A, 0x6A, 0xB8, 0xE7, 0x2E, 0xF3, 0x04, 0xDA, 0x5B, 0xCF, 0x9A, 0xB4, 0xCB, 0x8E, 0x43, 0x46,
    0x4C, 0x89, 0x2E, 0xC8, 0xE7, 0x8A, 0x4F, 0x96, 0x6F, 0x1D, 0xCF, 0x5E, 0x28, 0x4A, 0x87, 0x19,
    0x96, 0x2E, 0x97, 0xCD, 0x6E, 0x93, 0x64, 0xDF, 0xA7, 0xF7, 0x27, 0xCE, 0x81, 0xE1, 0x24, 0xF9,
    0xF6, 0x95, 0x16, 0xCD, 0xE3, 0xBE, 0x00, 0xCE, 0x15, 0x4A, 0xA9, 0xC2, 0x8D, 0x48, 0x77, 0xF8,
    0x04, 0x3A, 0x05, 0x35, 0xDA, 0x1C, 0xC4, 0x3E, 0x27, 0xFA, 0xA8, 0xF5, 0xCA, 0x77, 0x02, 0x55,
    0xDD, 0xE8, 0xE7, 0x66, 0x69, 0x96, 0x30, 0x17, 0x90, 0x8B, 0x97, 0x9F, 0x1F, 0xF7, 0x8F, 0x41,
    0x7C, 0x84, 0x73, 0x84, 0x45, 0x7F, 0x28, 0x1C, 0x99, 0xEC, 0x38, 0xBD, 0xD3, 0x2F, 0xCC, 0x09,
    0xF6, 0x93, 0x93, 0x87, 0xBB, 0x76, 0xB9, 0x54, 0xDB, 0x4F, 0xA8, 0x3E, 0x6A, 0xE8, 0xF1, 0xE8,
    0x39, 0xB5, 0x44, 0xB4, 0xBC, 0x81, 0xCB, 0x32, 0x37, 0x83, 0x7A, 0x6B, 0xC5, 0x66, 0x71, 0x08,
    0x5C, 0x93, 0xE5, 0xE6, 0xC4, 0x9A, 0xD8, 0xAE, 0x9E, 0x8C, 0xC0, 0x26, 0x2A, 0xAA, 0x38, 0x8A,
    0x48, 0x90, 0x14, 0xD5, 0x4F, 0x14, 0xB1, 0xEB, 0x04, 0xFF, 0x68, 0x7D, 0x01, 0x11, 0x6C, 0xA7,
    0xF0, 0x16, 0xFF, 0x28, 0x73, 0x85, 0x5F, 0x18, 0x9F, 0x2F, 0x0E, 0x1E, 0xF0, 0xB9, 0xC8, 0x8F,
    0x45, 0x7A, 0xD8, 0xFF, 0xBF, 0xF8, 0x3D, 0x9C, 0xD7, 0xBC, 0xA3, 0x31, 0x88, 0x13, 0x04, 0x57,
    0x38, 0x84, 0x36, 0x58, 0xC2, 0x44, 0x3B, 0x90, 0xF2, 0x93, 0xF3, 0x97, 0x44, 0xB9, 0x4E, 0x85,
    0x11, 0x12, 0xBE, 0xFA, 0x92, 0x7D, 0xF4, 0xCC, 0xF2, 0x91, 0xA8, 0x68, 0x1F, 0xAE, 0xD1, 0x0D,
    0x67, 0xD6, 0xE2, 0x38, 0xD3, 0x91, 0x5A, 0x23, 0x8A, 0x1E, 0x57, 0x98, 0x8E, 0x5F, 0x58, 0x6C,
    0x5E, 0x0F, 0x86, 0xF6, 0xC4, 0xDE, 0x5A, 0x4D, 0xCF, 0x56, 0xE4, 0x50, 0x19, 0xB7, 0x94, 0x9C,
    0xAD, 0x17, 0x8B, 0x6A, 0x0C, 0x6B, 0xB8, 0x14, 0xC3, 0xC8, 0x55, 0xEE, 0xF3, 0x07, 0x57, 0xB9,
    0xF2, 0x81, 0x55, 0x2E, 0x31, 0xBC, 0xB7, 0xCA, 0x59, 0x4D, 0x5B, 0x1B, 0x45, 0xEE, 0xAF, 0x72,
    0xB6, 0x96, 0xAA, 0x36, 0x2B, 0xAE, 0xB1, 0x8F, 0x77, 0x79, 0x26, 0x36, 0xBC, 0x48, 0x4A, 0xF9,
    0x1B, 0xAE, 0x0B, 0x77, 0xF7, 0x57, 0x9F, 0x5D, 0x1E, 0xE1, 0x29, 0x6D, 0xAE, 0xB8, 0xCA, 0x23,
    0x9A, 0x61, 0x85, 0x7C, 0xC2, 0xB7, 0xAC, 0xB9, 0x5F, 0x7D, 0x8A, 0x53, 0x79, 0xC4, 0x6B, 0x5B,
    0xEF, 0x6C, 0xED, 0x03, 0xBA, 0xC7, 0x22, 0xB7, 0x91, 0x0A, 0x95, 0xFA, 0xD4, 0x14, 0x46, 0x19,
    0xC3, 0x1D, 0x1C, 0x8A, 0x77, 0x1F, 0xE8, 0x61, 0x75, 0x15, 0x16, 0x4C, 0x41, 0x8E, 0xF3, 0xD1,
    0xB7, 0xAD, 0x11, 0xA5, 0x7C, 0x42, 0xBF, 0x71, 0x5B, 0xEA, 0x00, 0x50, 0x2C, 0x89, 0xB8, 0x72,
    0x76, 0xEF, 0x5B, 0x56, 0x5A, 0x68, 0x0D, 0xB8, 0xD3, 0x15, 0xAA, 0xC4, 0xDD, 0x36, 0xEC, 0x3D,
    0xC6, 0x81, 0xE7, 0xD2, 0x31, 0x45, 0x4D, 0x3B, 0x27, 0x7D, 0x76, 0x83, 0x24, 0x70, 0x9F, 0x8B,
    0x55, 0x19, 0x2B, 0x37, 0x08, 0x14, 0x09, 0x3A, 0x6A, 0xC6, 0x37, 0xEE, 0x53, 0xFF, 0xDD, 0xEF,
    0xA9, 0xDC, 0x9C, 0xF3, 0xFD, 0x5B, 0xDC, 0xFC, 0x74, 0xFA, 0xB6, 0x30, 0x01, 0x38, 0x31, 0xA3,
    0x6B, 0xA2, 0x97, 0x97, 0xA2, 0x20, 0x12, 0x0B, 0x80, 0x8E, 0xFC, 0x1F, 0x63, 0xA2, 0x7F, 0x44,
    0x77, 0x56, 0x41, 0xD5, 0xDC, 0x6A, 0x2F, 0x58, 0x16, 0x4B, 0xB1, 0x4D, 0x39, 0xFF, 0x33, 0x96,
    0xD4, 0x08, 0xC6, 0xFC, 0x93, 0xB9, 0x30, 0x56, 0x4F, 0xAC, 0x07, 0x5A, 0x79, 0x42, 0x62, 0x85,
    0xD4, 0xCA, 0x4F, 0xD2, 0x2B, 0xCE, 0x50, 0x60, 0xB1, 0x00, 0xF3, 0xFD, 0xB1, 0xE2, 0x21, 0xD7,
    0x4E, 0x65, 0xB6, 0xEC, 0x7B, 0xB5, 0xBD, 0xE8, 0xD9, 0x2F, 0xF7, 0x0D, 0x9E, 0x94, 0x9F, 0x9B,
    0xF9, 0x1E, 0x07, 0x08, 0x7D, 0xC2, 0x8F, 0xD1, 0x7E, 0xD8, 0x70, 0x45, 0x08, 0xA3, 0x0A, 0xA0,
    0x22, 0x35, 0xB3, 0x82, 0x16, 0x25, 0x66, 0x58, 0x80, 0x7F, 0x22, 0xA2, 0x95, 0x12, 0xF9, 0xB9,
    0xD2, 0x45, 0x9B, 0xBE, 0x5E, 0x74, 0x60, 0x4A, 0x77, 0xDB, 0xA4, 0x20, 0x63, 0xE0, 0xF6, 0x18,
    0xC6, 0x18, 0x41, 0xFB, 0x12, 0xDD, 0x73, 0x95, 0xE9, 0x21, 0x69, 0x9B, 0x53, 0x62, 0x8E, 0x12,
    0xC1, 0xC7, 0x6D, 0xB8, 0xC7, 0x46, 0x88, 0x70, 0xAE, 0x84, 0xD9, 0x3B, 0x56, 0xAA, 0xB7, 0x54,
    0x4D, 0x6A, 0x42, 0xCA, 0xDC, 0x90, 0xAB, 0xF1, 0x42, 0xCB, 0x4C, 0xD8, 0x6E, 0xB5, 0xF5, 0x4C,
    0x39, 0x72, 0x7B, 0x92, 0xF3, 0x6D, 0xC9, 0x70, 0x13, 0x16, 0xB4, 0x92, 0x51, 0x10, 0x1D, 0x86,
    0xB0, 0x20, 0xCF, 0x2B, 0x99, 0x03, 0xDB, 0x94, 0xD3, 0x8E, 0xFE, 0x17, 0xA4, 0x90, 0x01, 0x86,
    0xF5, 0x30, 0x14, 0x85, 0xBF, 0xF4, 0xE1, 0xA1, 0xC8, 0x8F, 0x1F, 0x0C, 0x74, 0x09, 0x59, 0x42,
    0xBA, 0xA3, 0x59, 0x42, 0xBA, 0x84, 0x59, 0xC6, 0xAC, 0x61, 0x20, 0x5D, 0x42, 0x97, 0x90, 0x25,
    0x04, 0x41, 0xD0, 0xD7, 0x33, 0x7D, 0x97, 0x19, 0xF0, 0x0A, 0x46, 0x7B, 0x0E, 0x49, 0xDC, 0xE3,
    0xBB, 0x27, 0xEF, 0xA0, 0x3D, 0x1E, 0x38, 0xB5, 0x20, 0x06, 0xD5, 0x49, 0xF3, 0x4D, 0xC5, 0x6B,
    0xBD, 0xDB, 0x3F, 0x6A, 0xB5, 0xE3, 0xEC, 0x9E, 0x4F, 0xA0, 0x1E, 0x1E, 0x90, 0xF7, 0xB8, 0x43,
    0x7C, 0xA4, 0x0E, 0xE1, 0xC8, 0x15, 0xBC, 0x54, 0x61, 0x94, 0x36, 0xB8, 0x49, 0xAB, 0xF9, 0x02,
    0x4E, 0x02, 0xD0, 0x01, 0x90, 0x76, 0x80, 0x68, 0x9E, 0x1A, 0x80, 0xAA, 0x79, 0x01, 0x06, 0xAD,
    0xC0, 0xCD, 0x7C, 0xD4, 0x0C, 0x78, 0x01, 0x4C, 0x36, 0xFA, 0xF6, 0x09, 0x44, 0x49, 0xDB, 0x0B,
    0x5B, 0x20, 0xE8, 0x27, 0x5F, 0x0D, 0x4E, 0x64, 0x38, 0xD1, 0x61, 0x12, 0x4F, 0x50, 0x40, 0x1D,
    0x06, 0xD5, 0xDF, 0x7B, 0xA9, 0xC4, 0x17, 0x06, 0xCC, 0x10, 0x56, 0x9C, 0x36, 0xEE, 0x2A, 0x78,
    0x55, 0x82, 0x66, 0x6C, 0xE3, 0x7E, 0xA1, 0x06, 0xAA, 0xBC, 0x6B, 0x23, 0x6B, 0x26, 0x77, 0xC8,
    0xC7, 0x29, 0x3D, 0x63, 0xAA, 0x2D, 0x7B, 0x3D, 0xBB, 0x63, 0xF9, 0x93, 0x2A, 0xA3, 0x0A, 0x83,
    0x36, 0x48, 0x2B, 0xB8, 0x25, 0x17, 0xD5, 0xBF, 0x7F, 0xF0, 0x0F, 0x88, 0x8B, 0x61, 0x92, 0x1F,
    0x20, 0x41, 0xD0, 0x62, 0x65, 0x0F, 0x17, 0x72, 0xA7, 0x30, 0x76, 0x7D, 0x30, 0x19, 0x57, 0xC1,
    0x9F, 0x4A, 0xA7, 0xD4, 0xAC, 0x9E, 0x8B, 0x59, 0xCB, 0xF5, 0x5A, 0xC8, 0xB2, 0x1E, 0x48, 0x1D,
    0xE2, 0x06, 0xFF, 0x01, 0xF7, 0xC5, 0xD8, 0xBD, 0x9A, 0xEF, 0x41, 0xCA, 0x2D, 0x4A, 0x6A, 0x49,
    0x52, 0xCD, 0xDF, 0xBB, 0x06, 0x8C, 0xCD, 0xFF, 0x0D, 0xC0, 0xF4, 0xB7, 0xCA, 0x81, 0x21, 0x84,
    0x01, 0x00, 0xDD, 0x7A, 0x31, 0x90, 0xE5, 0xD8, 0x55, 0xF6, 0x27, 0x69, 0xA7, 0x35, 0xFF, 0xA8,
    0x7E, 0x6E, 0xC2, 0x50, 0xE5, 0x19, 0x53, 0x72, 0x40, 0xB4, 0x89, 0x12, 0x52, 0x7C, 0xAF, 0x4D,
    0xE8, 0xC0, 0x13, 0x74, 0xB3, 0x01, 0x09, 0x01, 0x01, 0x4C, 0x32, 0xE4, 0x35, 0x55, 0x12, 0xEB,
    0x80, 0x90, 0x0E, 0xC8, 0x08, 0xBC, 0xC1, 0x06, 0x66, 0x5C, 0xC5, 0x10, 0x52, 0xD4, 0x7A, 0xA5,
    0xC5, 0xC1, 0x06, 0x1B, 0x58, 0x14, 0xB5, 0xE5, 0x54, 0xC1, 0x42, 0x15, 0x3B, 0xC1, 0x5C, 0x8C,
    0x06, 0xD4, 0x3B, 0x92, 0x3E, 0xF4, 0xDD, 0xFB, 0x5A, 0xDD, 0xD3, 0xEE, 0x31, 0x55, 0xAE, 0x85,
    0xED, 0x9D, 0xF3, 0xFA, 0x7D, 0xDF, 0x69, 0xE9, 0xD3, 0xB9, 0xE7, 0x1C, 0xF5, 0x7B, 0xF7, 0xDE,
    0x7E, 0x2F, 0x41, 0xE9, 0xED, 0x54, 0xCF, 0xED, 0x5C, 0x4F, 0x95, 0x4F, 0x1C, 0x00, 0xDC, 0x72,
    0xE5, 0x50, 0xFA, 0x6A, 0x7B, 0x58, 0x6F, 0xC7, 0xED, 0x31, 0x6D, 0x0A, 0x3D, 0xE6, 0xFD, 0x31,
    0x01, 0x77, 0xA5, 0xB5, 0xFD, 0x39, 0xD4, 0x03, 0x50, 0x90, 0x0E, 0x35, 0xE9, 0x13, 0x92, 0x73,
    0x2E, 0x30, 0x24, 0x7D, 0xC9, 0xBF, 0xFC, 0x8B, 0xDE, 0xAE, 0xA6, 0x71, 0x76, 0x36, 0x0D, 0xEC,
    0xB4, 0x41, 0xBD, 0x43, 0x3C, 0xB6, 0x6C, 0x50, 0xF1, 0xFB, 0xEF, 0x76, 0x86, 0xCF, 0x7F, 0x38,
    0x14, 0x24, 0xA7, 0x4C, 0x01, 0x20, 0x0F, 0x15, 0xD9, 0x23, 0xE5, 0xD9, 0x3E, 0xE4, 0x0E, 0x77,
    0x56, 0xE5, 0x21, 0x0D, 0x34, 0x20, 0x50, 0x92, 0x6C, 0x60, 0xC9, 0x15, 0xA8, 0xF9, 0x74, 0x04,
    0xDA, 0x29, 0xE9, 0x00, 0x7A, 0x48, 0x38, 0x5C, 0xC5, 0xD6, 0x23, 0x5E, 0x34, 0xBC, 0x82, 0x77,
    0x9E, 0xAE, 0x4F, 0x4E, 0x01, 0xB3, 0x48, 0x53, 0x44, 0x5C, 0x85, 0x79, 0xF4, 0x67, 0xE1, 0xA3,
    0x05, 0x70, 0x05, 0x79, 0x76, 0xBF, 0xB7, 0x54, 0xA5, 0x95, 0x70, 0x32, 0xC2, 0xB9, 0xE8, 0x8F,
    0x18, 0x86, 0xB8, 0xF7, 0x6F, 0x48, 0x80, 0x14, 0x79, 0x07, 0xD3, 0x94, 0xFF, 0xB9, 0xD6, 0x43,
    0x2D, 0x95, 0x60, 0xD4, 0x60, 0x7D, 0xC1, 0x67, 0xEC, 0xCC, 0x9A, 0x6C, 0x30, 0x83, 0x7D, 0x39,
    0xA3, 0xED, 0x83, 0x17, 0x8E, 0x15, 0xFC, 0x31, 0x3B, 0xE9, 0x2E, 0x5D, 0xA6, 0x28, 0xBD, 0xE2,
    0xB9, 0x04, 0x48, 0x70, 0xF7, 0x04, 0xC0, 0xDD, 0x07, 0x15, 0x1D, 0x12, 0x0D, 0xDF, 0x21, 0xA3,
    0xCF, 0xE9, 0x51, 0xB0, 0x4F, 0x39, 0xA1, 0x64, 0x03, 0x2E, 0xB0, 0x84, 0x9E, 0xED, 0x02, 0x1D,
    0x51, 0xCB, 0x0C, 0xFF, 0x59, 0x7D, 0xC9, 0xF8, 0x92, 0x3D, 0x90, 0x84, 0xD6, 0x01, 0x2D, 0x09,
    0x48, 0xBA, 0x88, 0x4A, 0x4E, 0xA2, 0x82, 0x5E, 0xA8, 0x14, 0xAE, 0x12, 0xB2, 0x50, 0x67, 0xF2,
    0x0E, 0xFF, 0xE5, 0xC1, 0xD5, 0x73, 0xB7, 0xB6, 0x83, 0xC7, 0xBB, 0xE4, 0x3A, 0x6A, 0x07, 0xFA,
    0xD7, 0x3F, 0x70, 0xC9, 0x7E, 0x95, 0xEE, 0xE1, 0x7B, 0x38, 0x6A, 0xDF, 0x07, 0x6A, 0xD2, 0xA9,
    0x8E, 0x21, 0xD3, 0xF8, 0x05, 0x5F, 0xD2, 0x1B, 0xA2, 0xEC, 0x36, 0x48, 0xB1, 0x01, 0xD4, 0x13,
    0x20, 0xE7, 0xEA, 0x90, 0x92, 0xA3, 0x80, 0xCE, 0xE8, 0x0A, 0x1B, 0xDA, 0x3B, 0xE5, 0x9C, 0x5B,
    0x8F, 0x7A, 0x6E, 0x47, 0x94, 0x4B, 0xBB, 0xA0, 0x9A, 0x6B, 0x7E, 0xD6, 0xCE, 0x15, 0x49, 0xAF,
    0xA2, 0x3A, 0x85, 0x07, 0xEE, 0x87, 0x5E, 0xD5, 0x31, 0xD8, 0x90, 0x00, 0x1C, 0x8A, 0x6E, 0x83,
    0xEA, 0x2C, 0x8F, 0x77, 0xAA, 0x53, 0xBC, 0xA6, 0x20, 0x57, 0xA0, 0x0D, 0xF5, 0x1E, 0x03, 0xC5,
    0x90, 0x4E, 0x7A, 0x01, 0xAC, 0xA8, 0x67, 0xC3, 0x0D, 0x4A, 0xC2, 0xCA, 0xAB, 0xC6, 0x62, 0xC1,
    0x91, 0x4B, 0x4E, 0x81, 0xAD, 0x90, 0xCF, 0x20, 0xAB, 0xC3, 0x10, 0xC8, 0x0E, 0x5D, 0x2E, 0xCF,
    0x90, 0x53, 0x87, 0xBB, 0xF8, 0x5C, 0x01, 0x18, 0x8F, 0x6C, 0xC2, 0xA3, 0x21, 0x1B, 0x91, 0x0F,
    0x39, 0x57, 0xCC, 0x30, 0x5D, 0x49, 0xE2, 0x43, 0x94, 0x8D, 0xE5, 0x0A, 0x8B, 0xCA, 0x91, 0x0B,
    0x2A, 0x58, 0x70, 0xB8, 0x8D, 0xD2, 0xD9, 0x84, 0x1D, 0x74, 0x36, 0x55, 0x74, 0xB3, 0xF3, 0x7E,
    0x1C, 0xF4, 0xDF, 0xDC, 0x74, 0x95, 0x6B, 0xB9, 0xC0, 0xA2, 0x54, 0x21, 0x1B, 0x9B, 0xDE, 0x90,
    0xEE, 0x27, 0xC8, 0x7D, 0xCA, 0x35, 0x99, 0x91, 0xCD, 0xB8, 0x77, 0x9A, 0x8F, 0x00, 0x95, 0xDB,
    0x10, 0x5F, 0x8F, 0xAD, 0x42, 0xAD, 0xEE, 0xFE, 0x0A, 0x84, 0xCE, 0x8E, 0x00, 0x50, 0x91, 0x4E,
    0x9C, 0x3C, 0x3C, 0x15, 0x85, 0x53, 0x56, 0xD1, 0xFA, 0x92, 0xEC, 0xED, 0x8B, 0xED, 0xD9, 0xD7,
    0x7D, 0xDD, 0xD9, 0xF0, 0xB4, 0x7A, 0x7A, 0xF6, 0x15, 0x19, 0x34, 0xF9, 0xA6, 0xC5, 0x03, 0x1C,
    0xCC, 0xB8, 0x74, 0x40, 0x35, 0xE4, 0x33, 0x6A, 0x6F, 0x16, 0xB0, 0xB7, 0x53, 0xC6, 0xA6, 0xF5,
    0x05, 0x13, 0xF6, 0xE5, 0xB2, 0xF9, 0x76, 0x32, 0x44, 0x3B, 0x96, 0x2B, 0xEC, 0x5C, 0xD0, 0x99,
    0x35, 0x63, 0x97, 0xD3, 0x71, 0x48, 0xD9, 0xD5, 0xA3, 0xEE, 0xD0, 0x0C, 0xEB, 0x8B, 0x05, 0xA6,
    0xCF, 0x46, 0x1C, 0x01, 0x1D, 0x64, 0x0F, 0x9F, 0x6C, 0xF6, 0x7E, 0x4D, 0x35, 0xFB, 0x97, 0x51,
    0x67, 0xDB, 0x49, 0x3A, 0xFB, 0x3F, 0x63, 0x8C, 0xD6, 0x90, 0xEC, 0xAE, 0x3E, 0x81, 0x13, 0x75,
    0x8B, 0x03, 0x40, 0x2E, 0xC8, 0xCE, 0xD0, 0x3A, 0xD3, 0xC3, 0xF4, 0xD5, 0x9D, 0x27, 0x99, 0xFF,
    0xB6, 0xE1, 0x47, 0xE3, 0x63, 0xF3, 0x7C, 0x98, 0x3E, 0x30, 0x1F, 0x0F, 0x1F, 0xFC, 0xBD, 0x61,
    0xFF, 0x78, 0x83, 0xE6, 0xF1, 0x07, 0xE6, 0x67, 0xDD, 0x07, 0x8F, 0xCD, 0x27, 0xFD, 0xF4, 0x6D,
    0xF3, 0xF1, 0xBF, 0xFB, 0xD2, 0x21, 0x1F, 0xCC, 0x80, 0xB2, 0xCB, 0xD6, 0x13, 0x02, 0x2D, 0x67,
    0xA0, 0xE0, 0xA1, 0xBB, 0x5B, 0xAA, 0x8E, 0x64, 0x73, 0xFE, 0x84, 0xEC, 0xD1, 0x29, 0x32, 0xCE,
    0x30, 0x24, 0x2A, 0xB2, 0xB1, 0x7D, 0xDB, 0xD9, 0xED, 0x51, 0x37, 0x36, 0xB0, 0x7D, 0x11, 0xDE,
    0x63, 0x5C, 0xCE, 0x05, 0x09, 0x3D, 0x82, 0x25, 0x4F, 0x1C, 0x90, 0xB1, 0xBB, 0x0A, 0x0F, 0x7F,
    0xCC, 0xCF, 0xFF, 0x46, 0x7D, 0x59, 0xAE, 0xC0, 0xDD, 0x77, 0xF8, 0xE9, 0xF1, 0x75, 0x57, 0x04,
    0xDB, 0xDB, 0x7C, 0xED, 0xB5, 0x38, 0x58, 0xC2, 0xC6, 0xD0, 0x5B, 0xCE, 0xF5, 0xB3, 0xD9, 0x64,
    0x33, 0xF2, 0x19, 0x66, 0x84, 0x1D, 0xB6, 0xE3, 0xC5, 0x82, 0xEA, 0xC5, 0xB1, 0xE5, 0x12, 0x7F,
    0x4A, 0xF6, 0x15, 0x87, 0x8A, 0xFE, 0x5E, 0x3B, 0xA0, 0x75, 0x99, 0xAA, 0xEB, 0x0A, 0xFA, 0xA4,
    0x9C, 0x90, 0xCF, 0xB7, 0xCD, 0x54, 0x71, 0xAC, 0xE9, 0x2B, 0x36, 0x38, 0x86, 0x6E, 0x74, 0xE9,
    0xD0, 0x76, 0x19, 0x87, 0x92, 0xBD, 0x5D, 0x50, 0xF5, 0xF8, 0x0D, 0x1C, 0xEE, 0x59, 0xB5, 0xFC,
    0xBA, 0x30, 0x47, 0xB0, 0x8B, 0x5D, 0xA1, 0xAC, 0x9E, 0x09, 0x78, 0x01, 0x3F, 0x0C, 0x99, 0x2E,
    0xF6, 0xCC, 0x85, 0x81, 0xAE, 0x83, 0xDD, 0xEE, 0x9E, 0x9C, 0x9C, 0x00, 0x15, 0x19, 0xDF, 0xC3,
    0x44, 0x45, 0xA4, 0x92, 0x5C, 0x9F, 0xD2, 0x59, 0x72, 0x34, 0x3B, 0xD5, 0xAF, 0xA5, 0x5D, 0x52,
    0x45, 0x32, 0x91, 0xF2, 0x48, 0x49, 0x24, 0xDC, 0x8F, 0x84, 0xF6, 0x4B, 0xA0, 0xB0, 0x8E, 0x08,
    0x6B, 0x03, 0x3B, 0x6B, 0x1D, 0x91, 0x79, 0x14, 0x3D, 0xCA, 0x0E, 0x6A, 0x10, 0x91, 0x68, 0x54,
    0xF7, 0x28, 0xCC, 0x3D, 0xF5, 0x00, 0xD9, 0xDB, 0x2E, 0x65, 0x53, 0xB2, 0xA9, 0x74, 0xBF, 0x9B,
    0x3B, 0x6D, 0x83, 0xD7, 0xFD, 0x00, 0xC2, 0x82, 0x23, 0x2A, 0xAE, 0xB0, 0xFF, 0x4A, 0xB4, 0x1D,
    0x1B, 0xBA, 0x76, 0x7B, 0xD6, 0x5D, 0xDB, 0xB4, 0x4D, 0xFD, 0x51, 0xA8, 0x18, 0x86, 0x33, 0x52,
    0x0E, 0xC0, 0x5B, 0x40, 0x02, 0x00, 0x45, 0x93, 0x78, 0xD8, 0xBE, 0xD0, 0x2B, 0xDE, 0xAC, 0xA8,
    0xE6, 0x4C, 0xCD, 0x48, 0xD9, 0x65, 0x6C, 0xE8, 0x53, 0xBD, 0x7B, 0x80, 0xBE, 0x5A, 0xC2, 0xFB,
    0x45, 0xC2, 0xC1, 0x6E, 0x82, 0xEE, 0xF0, 0x66, 0x62, 0xC2, 0x9B, 0xC9, 0x58, 0x10, 0xF5, 0x60,
    0x66, 0x94, 0x5D, 0x3A, 0x22, 0x05, 0x1E, 0x00, 0x4F, 0x10, 0x2C, 0x27, 0x80, 0x13, 0x07, 0x4B,
    0x20, 0x65, 0x87, 0x9A, 0xF1, 0x98, 0x65, 0x5C, 0x37, 0xFC, 0x36, 0x81, 0x6A, 0x06, 0x12, 0x02,
    0xB5, 0x8F, 0xCC, 0x5E, 0x2C, 0xB9, 0x58, 0x72, 0xB1, 0xE4, 0x62, 0xC9, 0xC5, 0x92, 0x8B, 0x83,
    0x1C, 0x90, 0xDC, 0x8C, 0x71, 0x44, 0x2B, 0x36, 0x4A, 0x18, 0x8A, 0x9E, 0x50, 0x5C, 0xFB, 0x3C,
    0x30, 0x7B, 0xF3, 0x72, 0x94, 0xBC, 0xB1, 0x9F, 0x8C, 0x41, 0xDE, 0x7E, 0x6F, 0x94, 0x3C, 0x21,
    0xE9, 0x50, 0x4D, 0x10, 0x2B, 0xBA, 0x58, 0xD1, 0x4F, 0x1E, 0x9D, 0x49, 0x0E, 0x94, 0xA3, 0xE4,
    0x81, 0x77, 0xFB, 0x2A, 0xEA, 0xAC, 0x63, 0x9D, 0x29, 0x97, 0x50, 0x67, 0x41, 0x86, 0x3A, 0xCD,
    0x17, 0x74, 0x8A, 0x9E, 0xF5, 0x62, 0xF6, 0x70, 0x44, 0x48, 0x3C, 0x5D, 0x63, 0x32, 0x66, 0x8E,
    0xC9, 0x58, 0x0F, 0xD5, 0x99, 0xB0, 0x91, 0x1C, 0xC5, 0x7A, 0x12, 0xEA, 0x34, 0x64, 0x23, 0xB9,
    0x58, 0xF2, 0x62, 0x63, 0x43, 0x25, 0x7B, 0x8C, 0xC0, 0xE5, 0xBC, 0xF1, 0x08, 0xF5, 0xF7, 0x4E,
    0x58, 0x34, 0x0E, 0x80, 0xED, 0x90, 0xB0, 0x0B, 0x43, 0x64, 0x74, 0x9A, 0xE6, 0x51, 0x04, 0x7F,
    0x92, 0x1C, 0xC9, 0xF7, 0x66, 0xC9, 0x81, 0x6C, 0x09, 0xF2, 0xFF, 0x97, 0xCF, 0x92, 0xC3, 0x70,
    0x96, 0x1C, 0x96, 0xA3, 0xE4, 0x28, 0xE3, 0x92, 0xCE, 0xE1, 0x78, 0x93, 0xA7, 0x74, 0x50, 0xF4,
    0x42, 0xBC, 0xC9, 0x4B, 0xF1, 0x26, 0xB7, 0xE2, 0x4D, 0xCE, 0xD6, 0x29, 0x99, 0x6C, 0x11, 0xDB,
    0xB1, 0x18, 0xC5, 0xED, 0x50, 0x92, 0x93, 0xE4, 0x66, 0x63, 0xC9, 0xC5, 0x92, 0xDF, 0xFA, 0x03,
    0x9E, 0x86, 0x64, 0x40, 0x17, 0x92, 0x11, 0xEF, 0xF6, 0x9B, 0x02, 0x75, 0x22, 0x55, 0x83, 0xB3,
    0x1D, 0xC2, 0x6D, 0x89, 0xCA, 0xB7, 0xF0, 0x8A, 0x59, 0x87, 0xC3, 0x24, 0x2E, 0x49, 0xAD, 0xEA,
    0xB9, 0x81, 0xA6, 0x05, 0x18, 0x5D, 0x5A, 0x51, 0xAA, 0x39, 0xC2, 0xFF, 0x17, 0xD8, 0xC6, 0xAE,
    0x9A, 0x55, 0xF9, 0x3C, 0x2E, 0x67, 0xC3, 0xE2, 0xBD, 0x4B, 0x0F, 0x0B, 0xF0, 0x11, 0x38, 0xFA,
    0x87, 0x4B, 0x29, 0x65, 0x4D, 0xA0, 0x62, 0x0A, 0x64, 0x62, 0xB6, 0x15, 0x47, 0x51, 0xCE, 0x59,
    0x84, 0x6A, 0x0C, 0x84, 0xBF, 0xC3, 0x25, 0x3B, 0x09, 0x98, 0xB1, 0x8B, 0xCA, 0xFE, 0x62, 0x4D,
    0x0A, 0x13, 0xA9, 0xE2, 0x24, 0xB2, 0x31, 0x4A, 0xAD, 0x94, 0xF7, 0xB5, 0x2C, 0x9F, 0x89, 0x52,
    0xFE, 0x9C, 0x8D, 0x82, 0xFC, 0x94, 0x9D, 0x82, 0xFC, 0x80, 0xBD, 0x82, 0x7C, 0x87, 0x5E, 0x41,
    0x20, 0x2A, 0x57, 0xB4, 0x53, 0x28, 0xAE, 0x9E, 0x81, 0xC3, 0xCC, 0xD4, 0x32, 0x54, 0x43, 0x19,
    0x92, 0x40, 0x4D, 0x16, 0xA8, 0xCB, 0xD9, 0xA9, 0xA7, 0x05, 0x1B, 0xA4, 0x1C, 0x0C, 0xA1, 0xE9,
    0xB3, 0x24, 0x00, 0x8E, 0x56, 0x19, 0xB4, 0x33, 0x76, 0x4B, 0x86, 0x40, 0xA5, 0x17, 0x26, 0xB1,
    0xE8, 0x22, 0xA6, 0x5B, 0xF2, 0x33, 0x91, 0x39, 0x13, 0xE2, 0x8E, 0xC3, 0x1B, 0x53, 0x7B, 0x4C,
    0x3E, 0x65, 0xB7, 0xA7, 0x1B, 0x13, 0x94, 0xFA, 0x99, 0x52, 0xC2, 0x8A, 0x16, 0x00, 0xBE, 0x85,
    0xB7, 0xDE, 0xB0, 0x1B, 0x5E, 0x8D, 0x95, 0xB2, 0xD7, 0x65, 0xCA, 0x85, 0x31, 0x17, 0x12, 0x1B,
    0x4D, 0xF7, 0x77, 0xDD, 0x1B, 0x52, 0xF4, 0x8F, 0x70, 0x2F, 0xE4, 0x8E, 0x38, 0xDE, 0xBB, 0x1C,
    0x00, 0xB3, 0x91, 0xDF, 0x7F, 0xD3, 0xB9, 0x0E, 0x52, 0xBE, 0xFD, 0xC6, 0xDC, 0xE9, 0x3F, 0x85,
    0x4C, 0xDA, 0x4B, 0xE9, 0x3E, 0x8B, 0xE9, 0xBE, 0x3B, 0x5F, 0xA2, 0xEA, 0xE7, 0xD3, 0x2E, 0x09,
    0x65, 0x7E, 0x8D, 0x8B, 0x46, 0x72, 0xB2, 0xD9, 0x71, 0xCC, 0x99, 0x8C, 0x19, 0x96, 0xBB, 0x67,
    0x77, 0xAF, 0x3D, 0xF7, 0x12, 0x9E, 0x7B, 0x59, 0x24, 0x5D, 0xBA, 0x7B, 0x25, 0xDB, 0x83, 0x67,
    0xD7, 0xFA, 0xE0, 0x71, 0x3E, 0x78, 0x29, 0xBD, 0xF2, 0x8E, 0x93, 0xD7, 0xC1, 0x33, 0xEC, 0x0E,
    0x5E, 0x45, 0x1C, 0xBC, 0x7A, 0x39, 0xF7, 0xB8, 0x9C, 0xC4, 0x78, 0xE9, 0x9E, 0x48, 0xBE, 0x7B,
    0xE6, 0xBA, 0x34, 0xD7, 0x6D, 0x7B, 0xB7, 0xA8, 0x22, 0x4E, 0xB1, 0x4B, 0x73, 0x46, 0x7F, 0xF0,
    0x0A, 0xF6, 0x07, 0xAF, 0x64, 0x73, 0xF0, 0x2C, 0x71, 0xF0, 0x80, 0xA3, 0xBF, 0x3D, 0x3D, 0x94,
    0xEA, 0xE2, 0x38, 0x1E, 0xA8, 0x62, 0xA3, 0x29, 0x8B, 0x59, 0x2C, 0x3A, 0xE5, 0xEA, 0x11, 0x86,
    0xDA, 0xAB, 0xA3, 0x64, 0x07, 0x34, 0xB0, 0x74, 0x31, 0x15, 0x04, 0x5A, 0x02, 0xD5, 0x07, 0x9A,
    0x5F, 0xA1, 0xE5, 0xD0, 0xA0, 0x48, 0x0C, 0x54, 0xB1, 0x11, 0x95, 0x4A, 0xF1, 0x14, 0x86, 0x13,
    0x72, 0xAF, 0x0E, 0x7F, 0xDE, 0x4E, 0x7B, 0xF1, 0xAD, 0x58, 0x1A, 0xFD, 0xA6, 0x93, 0x1C, 0x00,
    0x3C, 0x62, 0x88, 0x97, 0x04, 0x44, 0x36, 0x05, 0xCA, 0x63, 0xB8, 0x23, 0xF6, 0x31, 0xBA, 0x0F,
    0x64, 0x03, 0x15, 0x1C, 0x44, 0x26, 0x4A, 0xCC, 0x19, 0xAE, 0x58, 0xAE, 0xE3, 0x66, 0x0C, 0xD9,
    0xB8, 0xC3, 0x9C, 0x5E, 0x70, 0x3A, 0x0F, 0x93, 0xBC, 0x77, 0xB1, 0xC9, 0x79, 0xA0, 0x94, 0xA6,
    0x6B, 0x41, 0xFA, 0x76, 0xBC, 0x06, 0x48, 0x76, 0xD7, 0xC2, 0x6B, 0xAF, 0x38, 0xDB, 0xEE, 0xA7,
    0x24, 0xF3, 0x75, 0x80, 0x68, 0x69, 0x1F, 0xE7, 0xE3, 0x38, 0x1B, 0x1B, 0x1D, 0xAF, 0x38, 0xA8,
    0xBC, 0x38, 0x0B, 0xDF, 0xB0, 0x9C, 0x4F, 0x00, 0x64, 0x61, 0xB9, 0x4E, 0xAF, 0xF8, 0x0B, 0x52,
    0x3E, 0xA3, 0xC3, 0x82, 0x16, 0x78, 0x80, 0xDB, 0x37, 0x2B, 0xDD, 0xF7, 0xF1, 0x36, 0x72, 0x82,
    0x9D, 0xE1, 0x77, 0x39, 0x18, 0xFE, 0xFE, 0x06, 0xF2, 0x72, 0x26, 0xEC, 0x92, 0x1F, 0xE1, 0xE1,
    0x0D, 0xFC, 0x8B, 0xF8, 0x3D, 0x81, 0xED, 0x00, 0x84, 0x30, 0x54, 0xB3, 0x1F, 0x85, 0x5D, 0x4C,
    0xAB, 0x83, 0xB9, 0xBB, 0xC8, 0x19, 0x96, 0xE4, 0xB5, 0x00, 0xBB, 0xE2, 0x4B, 0x82, 0xBB, 0xF5,
    0xFA, 0xAB, 0x06, 0x8A, 0x66, 0x04, 0xAD, 0x03, 0x8A, 0xB8, 0x6A, 0xEF, 0x01, 0x86, 0xAD, 0x79,
    0x0F, 0xE0, 0x77, 0x81, 0x9B, 0x95, 0x73, 0xF2, 0x00, 0x40, 0x19, 0xE6, 0x12, 0x3A, 0x64, 0xE4,
    0x00, 0xC3, 0x7A, 0x46, 0x31, 0xE4, 0x71, 0x87, 0x7D, 0xA3, 0xD2, 0x3D, 0x3A, 0x4D, 0xDE, 0x47,
    0xA5, 0x9D, 0x9C, 0xDD, 0xFF, 0x63, 0x5B, 0xCB, 0xB3, 0x3A, 0xA6, 0xB3, 0x37, 0x29, 0x5D, 0x4D,
    0xCC, 0xEE, 0x30, 0x2B, 0x7F, 0x16, 0x89, 0x2E, 0xD2, 0x10, 0x69, 0x8A, 0xB4, 0x6E, 0xF4, 0xE9,
    0x1F, 0x92, 0x4E, 0x33, 0xBD, 0x65, 0x27, 0x32, 0xEC, 0x45, 0x19, 0x07, 0x51, 0xAA, 0x79, 0xFF,
    0x53, 0x4D, 0xFF, 0x2D, 0xD9, 0x80, 0xE3, 0xB5, 0xB4, 0x29, 0x25, 0x11, 0x65, 0x91, 0x72, 0x0E,
    0x97, 0x82, 0xD5, 0x0A, 0xFD, 0xF9, 0x53, 0x32, 0x0E, 0xBB, 0xBC, 0x92, 0x44, 0x1F, 0x68, 0x45,
    0xA0, 0x53, 0x9C, 0x5B, 0xCA, 0xEF, 0xCE, 0x80, 0xE1, 0xCB, 0x0D, 0x4B, 0x89, 0x55, 0x9A, 0xDF,
    0xB0, 0x6B, 0x7B, 0x5C, 0xB6, 0xBB, 0x0F, 0x80, 0x5B, 0xC7, 0xED, 0x24, 0x71, 0xBB, 0x04, 0x64,
    0xC4, 0x26, 0x60, 0x1F, 0xD0, 0x07, 0x9C, 0x03, 0xAE, 0x01, 0xE9, 0x02, 0x76, 0x1B, 0xFE, 0x17,
    0xFD, 0x86, 0xBF, 0xE0, 0xB4, 0xE1, 0xC8, 0x45, 0x68, 0x29, 0x2C, 0xF9, 0xB3, 0x0D, 0x0B, 0x3E,
    0xDF, 0x30, 0x23, 0x37, 0x44, 0xC4, 0x3A, 0x60, 0x15, 0xD0, 0x04, 0xCC, 0x02, 0x26, 0x01, 0xD1,
    0x06, 0xB4, 0x01, 0x0D, 0x71, 0x6E, 0x59, 0x17, 0x28, 0x9F, 0x70, 0x69, 0x12, 0x2D, 0x5F, 0xDD,
    0xF7, 0x96, 0xF1, 0x24, 0xFE, 0x0C, 0x17, 0x76, 0xD4, 0xEE, 0x8B, 0x8B, 0xD8, 0x26, 0x05, 0xBF,
    0xB4, 0xB8, 0x70, 0xFB, 0xBA, 0x6D, 0xFD, 0x4E, 0xAB, 0x5A, 0x3C, 0x0A, 0x8E, 0x65, 0xD8, 0xB8,
    0xCF, 0x56, 0x17, 0x89, 0xC2, 0xF2, 0xC1, 0x2E, 0xFB, 0xFA, 0xEA, 0x9C, 0x2A, 0x9E, 0x53, 0x3C,
    0x67, 0xD7, 0x48, 0xD4, 0x90, 0x4B, 0xA5, 0x2C, 0x39, 0x1B, 0xF6, 0xC8, 0x38, 0x69, 0x2E, 0x2F,
    0xE9, 0xB5, 0xB8, 0x20, 0x87, 0x24, 0x0E, 0x7B, 0x79, 0x71, 0x31, 0xC5, 0xF5, 0x56, 0x1F, 0x02,
    0x2E, 0xFB, 0xCA, 0xFE, 0xC2, 0x12, 0x1F, 0xC8, 0x44, 0x6A, 0xA7, 0xD7, 0x6E, 0x7F, 0x8F, 0x1C,
    0xDE, 0xB4, 0x16, 0x5C, 0xD9, 0x05, 0x8F, 0xA2, 0x9A, 0xEB, 0x2B, 0xBB, 0xE0, 0x3A, 0xEE, 0x82,
    0x6F, 0xBD, 0x99, 0xB7, 0xBF, 0x1A, 0x4B, 0x9D, 0x6B, 0xD9, 0x6A, 0x36, 0xDD, 0xF7, 0xC4, 0xCA,
    0x31, 0x9B, 0x8B, 0x05, 0xD1, 0xDE, 0xB0, 0xDA, 0xFF, 0x04, 0xF7, 0x54, 0x1F, 0x9D, 0xCE, 0xE5,
    0xFC, 0xF3, 0xB8, 0x19, 0xFE, 0x48, 0x14, 0x7E, 0xDB, 0xCF, 0x69, 0x4F, 0xEC, 0xDE, 0xB8, 0xFB,
    0x9E, 0x34, 0xF8, 0x1D, 0x14, 0x03, 0x7E, 0x82, 0x6A, 0x4A, 0xE9, 0xEA, 0xB5, 0x60, 0x5F, 0xF1,
    0xE9, 0xE1, 0x63, 0xD1, 0x34, 0x5C, 0xDC, 0x72, 0x50, 0x6D, 0x5D, 0xF0, 0xE2, 0xB1, 0x70, 0x36,
    0xE8, 0xE2, 0x15, 0xBA, 0x36, 0x44, 0x49, 0x15, 0xEF, 0xC2, 0x12, 0x17, 0x3A, 0x95, 0x0D, 0xA1,
    0x53, 0xDF, 0xF7, 0xE7, 0xB3, 0x8A, 0x15, 0xB9, 0xD7, 0x76, 0xCA, 0xC6, 0x4E, 0xB5, 0xA1, 0x45,
    0xC9, 0xBA, 0xD1, 0x8A, 0x7C, 0x0A, 0x9D, 0x32, 0x3E, 0xB4, 0xC8, 0x76, 0x81, 0x5A, 0xA7, 0x4E,
    0xA5, 0x4B, 0xE8, 0x54, 0x3E, 0x85, 0x4E, 0x19, 0x2F, 0xA2, 0xED, 0x42, 0xA7, 0xA8, 0x4E, 0x95,
    0x5C, 0xD4, 0x29, 0xC3, 0xF9, 0x9A, 0x4E, 0xED, 0x5B, 0xC0, 0x50, 0xD8, 0xCB, 0x90, 0x9F, 0x19,
    0x42, 0xA7, 0xD2, 0x4E, 0x9D, 0xBA, 0x6A, 0xA3, 0x20, 0xA1, 0x30, 0xE3, 0x10, 0x70, 0xD5, 0x91,
    0x36, 0x1C, 0x3A, 0x92, 0x0F, 0x7C, 0xF3, 0x62, 0x0A, 0xD4, 0x33, 0xF4, 0x71, 0xFA, 0x5F, 0xC7,
    0x19, 0x9A, 0xF8, 0x17, 0xA4, 0x1C, 0x6B, 0xBA, 0x82, 0xDE, 0xF2, 0x45, 0xCB, 0xA1, 0x0C, 0x95,
    0x16, 0x42, 0xA8, 0xEC, 0x05, 0xA8, 0xA9, 0xD4, 0x8F, 0xB8, 0xE2, 0xAA, 0x3D, 0x16, 0xA4, 0x8B,
    0xB0, 0xA2, 0xDC, 0xF8, 0x0E, 0xC0, 0x33, 0xF9, 0x72, 0x81, 0x1E, 0x5F, 0xBF, 0xEA, 0x6E, 0x39,
    0x61, 0xED, 0x55, 0x85, 0x24, 0x30, 0x64, 0x03, 0xD8, 0x33, 0x7A, 0xA0, 0x6A, 0xCA, 0x1E, 0xB8,
    0x8D, 0xC4, 0x7D, 0xDD, 0xEA, 0xBA, 0xE7, 0x8E, 0x4E, 0x01, 0xBD, 0x04, 0x91, 0xD0, 0xDB, 0x59,
    0x58, 0x0B, 0xE5, 0x23, 0x7C, 0x7E, 0x86, 0xB7, 0xA5, 0xF9, 0x9A, 0xFE, 0x35, 0x22, 0xED, 0x7F,
    0xF9, 0x5F, 0xF2, 0x86, 0xB3, 0xA8, 0xE2, 0x70, 0xFD, 0xBF, 0xE4, 0xFF, 0xEF, 0xBE, 0x6F, 0x23,
    0xE9, 0xF0, 0x25, 0x93, 0xEE, 0x91, 0xFA, 0xF7, 0x1A, 0x24, 0xA7, 0x80, 0x6C, 0x02, 0xFA, 0x80,
    0x53, 0xC0, 0x45, 0xFF, 0x27, 0xE3, 0x2A, 0xA5, 0xA5, 0xB0, 0xBC, 0x8A, 0xF1, 0x78, 0x42, 0x46,
    0x7D, 0xC0, 0xF9, 0x52, 0x9C, 0x4E, 0xB8, 0x6A, 0x92, 0x39, 0x71, 0xAF, 0xCF, 0x01, 0xF8, 0xAD,
    0xBF, 0x02, 0x90, 0x86, 0xEE, 0x98, 0x38, 0xF7, 0xED, 0x53, 0x1F, 0x12, 0xA1, 0x0B, 0xBB, 0x13,
    0x97, 0xB1, 0xCB, 0x03, 0x66, 0x04, 0xE5, 0x0B, 0xCD, 0x2C, 0x6C, 0x47, 0x21, 0x23, 0xAE, 0x78,
    0x67, 0x43, 0xC9, 0xBA, 0x8A, 0x43, 0xD0, 0x8F, 0x1B, 0x82, 0x93, 0xD0, 0xCE, 0x17, 0x58, 0x5D,
    0xF8, 0xAE, 0x16, 0xBE, 0x94, 0xE6, 0xA7, 0xA4, 0xCF, 0xF8, 0x31, 0xD9, 0x67, 0xFC, 0x84, 0x1A,
    0xF1, 0x1F, 0x39, 0xED, 0x2F, 0xFB, 0x53, 0x79, 0xC9, 0x28, 0xCC, 0x56, 0xA1, 0x61, 0x07, 0x20,
    0x3F, 0xAC, 0xF2, 0x66, 0x61, 0x3E, 0x5D, 0xFD, 0x48, 0xEB, 0x81, 0xA0, 0xE4, 0x0F, 0x94, 0x06,
    0xFF, 0x43, 0x29, 0x51, 0xC9, 0x07, 0xAC, 0x02, 0x5A, 0xBA, 0x8A, 0x5D, 0x3D, 0x2B, 0x5E, 0x3B,
    0x21, 0x0F, 0x45, 0x65, 0xEC, 0xE8, 0x77, 0xD4, 0x11, 0xE1, 0x24, 0x8C, 0xCA, 0x78, 0x55, 0xC5,
    0x97, 0x7B, 0xB4, 0x2C, 0x60, 0x1C, 0x05, 0x95, 0x46, 0xDC, 0x37, 0xD9, 0x7F, 0x74, 0x91, 0x7A,
    0x31, 0x0B, 0x6D, 0x5C, 0x92, 0x2E, 0xAA, 0x85, 0xFD, 0xFE, 0x56, 0x8D, 0x01, 0x37, 0x2C, 0xF3,
    0x60, 0x76, 0x10, 0x72, 0x0E, 0xDD, 0x66, 0xC8, 0x4A, 0x92, 0x7A, 0xAC, 0x3D, 0x60, 0xB5, 0x66,
    0xC0, 0x6D, 0xC0, 0xDD, 0xA4, 0xCC, 0x93, 0xF7, 0x12, 0x00, 0x66, 0xCD, 0x3D, 0x50, 0xF1, 0xB9,
    0xF2, 0x24, 0x07, 0xA0, 0xFE, 0x6B, 0x49, 0xAA, 0x84, 0x90, 0xDD, 0xAC, 0x6E, 0x57, 0x8D, 0x3A,
    0xC9, 0xC1, 0xBE, 0x3A, 0x0B, 0x20, 0xF8, 0x68, 0xFB, 0x6A, 0x04, 0xBE, 0xB1, 0xEF, 0xDA, 0x6E,
    0xF6, 0xDF, 0x49, 0xC6, 0x55, 0xE8, 0xEB, 0x0B, 0x5C, 0x74, 0x24, 0x09, 0x67, 0x51, 0x8F, 0x71,
    0x03, 0x7A, 0xB3, 0xAA, 0x38, 0x8E, 0x9F, 0xE5, 0x57, 0x1C, 0x8B, 0xF8, 0x95, 0xC5, 0xB5, 0xE6,
    0x0A, 0x43, 0xC6, 0xF1, 0x23, 0x7B, 0x23, 0x7C, 0xC9, 0x31, 0x1B, 0x13, 0xAE, 0xA8, 0x67, 0x74,
    0x38, 0x7C, 0x55, 0x01, 0xAD, 0x87, 0x59, 0x70, 0xEF, 0x09, 0xBF, 0x78, 0xF2, 0x74, 0x4D, 0x19,
    0x6C, 0x2D, 0x0F, 0x6C, 0xF9, 0xA4, 0xFD, 0x42, 0x5F, 0xCB, 0x9A, 0x50, 0x4F, 0x51, 0x6C, 0x17,
    0xC0, 0x71, 0x04, 0xD9, 0xE4, 0x5D, 0x3B, 0xE7, 0x21, 0x7E, 0xCD, 0x60, 0xA3, 0x25, 0x7F, 0x71,
    0xF8, 0x72, 0x6F, 0xA7, 0xA9, 0x35, 0xE5, 0x82, 0x82, 0x6B, 0x7C, 0x37, 0xBC, 0xEB, 0xB0, 0x01,
    0x80, 0x82, 0x67, 0x40, 0x4D, 0x76, 0xE9, 0xF9, 0x37, 0x27, 0x27, 0x23, 0xCF, 0xB2, 0xA9, 0x3A,
    0xBB, 0x20, 0x3B, 0x0C, 0x36, 0x0A, 0xFC, 0x0E, 0x23, 0x10, 0x4F, 0x04, 0xC9, 0x26, 0x2E, 0xBB,
    0xFD, 0x5B, 0x05, 0x63, 0x2A, 0x40, 0x4B, 0x76, 0x31, 0x3C, 0x3E, 0x04, 0x90, 0xC4, 0xDB, 0x1A,
    0xB6, 0x93, 0x7E, 0xFF, 0x0C, 0x62, 0x83, 0x23, 0xFA, 0xF3, 0xAF, 0x7B, 0xAE, 0xFB, 0x7C, 0xAF,
    0xF4, 0xF2, 0x5E, 0xB2, 0x29, 0x74, 0x54, 0xDA, 0x38, 0x19, 0x7B, 0xB9, 0x83, 0x02, 0x76, 0x90,
    0xED, 0x75, 0x8C, 0xD0, 0x90, 0x71, 0x97, 0xA3, 0x34, 0x7C, 0xC9, 0x97, 0x9C, 0xEC, 0x0A, 0x3B,
    0xDB, 0x09, 0x66, 0xA9, 0x47, 0x98, 0xB5, 0x25, 0xC9, 0x4B, 0xF0, 0xE2, 0xE4, 0xE4, 0xE4, 0x50,
    0x87, 0x40, 0x7D, 0x7C, 0xB5, 0x8E, 0x19, 0xEA, 0x5D, 0x6C, 0x5C, 0xEC, 0x1A, 0x9A, 0xF3, 0xDC,
    0x2A, 0xE5, 0xC2, 0xF9, 0x30, 0x87, 0x98, 0xB0, 0x09, 0x54, 0xAC, 0xAC, 0xC1, 0x57, 0x94, 0x9A,
    0x2C, 0x7E, 0xD6, 0xE8, 0xD5, 0xB0, 0x19, 0x92, 0x20, 0xE1, 0x3F, 0xB1, 0xC7, 0x82, 0xAA, 0xC1,
    0xB7, 0x90, 0x7C, 0x25, 0xA9, 0x7D, 0x88, 0xAA, 0xC9, 0xD8, 0x70, 0xC8, 0xB5, 0xAD, 0x0E, 0x10,
    0x5E, 0x74, 0x29, 0x5D, 0xDB, 0xE3, 0x8F, 0xF1, 0x0D, 0xC8, 0xBE, 0x8A, 0xD4, 0x52, 0xA7, 0x9B,
    0x69, 0x26, 0x54, 0x44, 0xC9, 0x3E, 0xA1, 0x47, 0x39, 0xEC, 0x7F, 0x5C, 0x29, 0xFB, 0x5F, 0xFB,
    0xE7, 0xBF, 0x01, 0xD5, 0x95, 0x21, 0x90, 0xE4, 0x44, 0x14, 0x86, 0xBF, 0x4C, 0xB8, 0x1D, 0xAA,
    0x42, 0x11, 0x04, 0x27, 0x0E, 0x44, 0xD0, 0x08, 0xE2, 0x55, 0xB7, 0x57, 0x2B, 0x40, 0x63, 0x30,
    0x98, 0xC3, 0xAB, 0x0E, 0xE7, 0xC5, 0x15, 0x02, 0x0B, 0x12, 0xCE, 0x1B, 0x0C, 0x49, 0x61, 0x31,
    0xF1, 0x2A, 0x54, 0xE1, 0x10, 0x44, 0x04, 0x2A, 0x05, 0xE9, 0xFC, 0xCC, 0xEB, 0xAE, 0xD9, 0x29,
    0x46, 0xC1, 0x01, 0xB5, 0xCB, 0xAB, 0xD9, 0xAF, 0xDE, 0x76, 0xBF, 0xFE, 0xE7, 0xFD, 0xBD, 0xBD,
    0xDD, 0x1C, 0xA0, 0xF1, 0xF4, 0x43, 0xA9, 0xB9, 0xD1, 0xE8, 0x22, 0xED, 0xC4, 0xEB, 0x90, 0xA3,
    0x92, 0x7F, 0xE9, 0x0F, 0x16, 0x6E, 0x02, 0x6D, 0x1C, 0x25, 0x1A, 0x69, 0x08, 0x4B, 0x58, 0x9C,
    0xAF, 0xA6, 0x57, 0xC1, 0x73, 0x8E, 0x7E, 0xF9, 0x57, 0x7F, 0xAA, 0xE9, 0xB0, 0xE2, 0xD6, 0x7A,
    0x27, 0x6C, 0xB5, 0x4E, 0x68, 0x84, 0xB3, 0xAC, 0x5D, 0xAA, 0xC8, 0x8D, 0x2F, 0x6E, 0xB9, 0x8E,
    0x36, 0xFE, 0xF7, 0x28, 0x3B, 0x80, 0x2A, 0x1A, 0x6B, 0x0D, 0xB7, 0xD0, 0x48, 0x33, 0x1C, 0xA4,
    0x05, 0x6E, 0xA4, 0x0E, 0x7A, 0x69, 0x38, 0xF1, 0x33, 0x4D, 0xF0, 0xC6, 0xFB, 0x36, 0xFB, 0xB6,
    0xB4, 0xA6, 0xF1, 0x8D, 0x52, 0x52, 0xA4, 0x92, 0xB4, 0xD3, 0xE8, 0x73, 0x09, 0x17, 0x71, 0x22,
    0xAC, 0xD4, 0xA2, 0x9F, 0xA9, 0x2E, 0xE4, 0x78, 0x97, 0x2F, 0xA4, 0x9D, 0xA0, 0x4D, 0xC5, 0xFD,
    0x46, 0x23, 0x69, 0x4D, 0x3A, 0x73, 0xD2, 0x1C, 0x92, 0x3E, 0x50, 0xE9, 0x47, 0x80, 0x57, 0x0C,
    0xC5, 0x73, 0xA0, 0x8E, 0xD5, 0x8C, 0xD3, 0xCF, 0x13, 0x41, 0x1A, 0xE9, 0x3F, 0xD4, 0xC0, 0xD3,
    0xC3, 0xCE, 0x9F, 0xE2, 0x96, 0xB0, 0xB4, 0xF2, 0xE1, 0x17, 0x69, 0x0C, 0x26, 0x6A, 0x58, 0x83,
    0x7E, 0xD7, 0x16, 0x44, 0x88, 0x61, 0xC3, 0xC5, 0xB0, 0xD2, 0xFE, 0x23, 0x40, 0x07, 0x70, 0x98,
    0x8D, 0xC7, 0xBC, 0x89, 0xEA, 0x2C, 0x57, 0x1A, 0xEA, 0x37, 0x63, 0xB5, 0x18, 0xF9, 0x92, 0xBB,
    0x78, 0x44, 0xAA, 0x89, 0x90, 0x3D, 0x14, 0xC9, 0xFC, 0x31, 0x6D, 0x62, 0x2D, 0x49, 0xB4, 0xEA,
    0x5A, 0x0D, 0x6E, 0xE7, 0xA8, 0x21, 0xD8, 0x2E, 0x8F, 0xFD, 0xCA, 0x41, 0x53, 0xBF, 0x50, 0x68,
    0xCE, 0xCC, 0x23, 0x79, 0x36, 0x57, 0xBA, 0xB4, 0x2A, 0x29, 0xF8, 0xAC, 0x76, 0x48, 0xCA, 0xF9,
    0x5B, 0xA8, 0xB4, 0x03, 0x3C, 0xF6, 0x46, 0x9E, 0x5F, 0x5A, 0xAF, 0x57, 0x63, 0x88, 0x36, 0x60,
    0xE5, 0xA6, 0x05, 0x94, 0xC9, 0x51, 0x31, 0xF2, 0xC0, 0x3A, 0x4F, 0x11, 0x46, 0xA0, 0xD0, 0xCA,
    0x79, 0xB6, 0x95, 0x3A, 0xD0, 0xD4, 0xCF, 0x10, 0xA8, 0x47, 0x78, 0x93, 0xC2, 0x3F, 0xA4, 0xCE,
    0xD3, 0xF1, 0xA5, 0x8E, 0xF5, 0x4C, 0x3E, 0xC0, 0xB9, 0xC6, 0x8E, 0x70, 0xC7, 0xD5, 0x19, 0x7E,
    0x28, 0x3D, 0x3F, 0xF5, 0xD5, 0x73, 0xD0, 0xE8, 0x96, 0x24, 0xBB, 0x52, 0x26, 0xE6, 0x1C, 0x0D,
    0x6E, 0x86, 0x27, 0xDC, 0xF8, 0x87, 0xD7, 0x39, 0x1F, 0x03, 0x07, 0x0D, 0xD8, 0x6A, 0x6B, 0x66,
    0xCA, 0x59, 0x1E, 0x4B, 0xB3, 0xA9, 0xF6, 0x83, 0x53, 0x04, 0x49, 0xBA, 0xC2, 0xBB, 0x2F, 0x5E,
    0xBC, 0xF8, 0xFA, 0x5C, 0x04, 0x14, 0xEA, 0xCE, 0x52, 0x86, 0x32, 0x21, 0x49, 0x7D, 0x9B, 0x1D,
    0xBF, 0x96, 0x1C, 0x3B, 0x8F, 0x2D, 0xF7, 0xE6, 0x38, 0x5E, 0x3B, 0x0E, 0xC9, 0xB1, 0xCC, 0x71,
    0x29, 0x73, 0x5C, 0xFD, 0x6A, 0x8E, 0xDB, 0x1F, 0xCC, 0x71, 0xF8, 0xD4, 0x1C, 0xCB, 0x1C, 0x6B,
    0x33, 0xC7, 0x9A, 0x93, 0xE3, 0xF1, 0xCA, 0xB1, 0x71, 0x4D, 0x9A, 0x23, 0xED, 0xF7, 0xE6, 0xB8,
    0xCA, 0x8E, 0x73, 0x1C, 0x0C, 0xD5, 0x00, 0x34, 0x0B, 0xE0, 0x76, 0xCB, 0x34, 0x98, 0xEF, 0x19,
    0x68, 0x47, 0xAB, 0xE9, 0xB8, 0x44, 0xBF, 0xD0, 0xC6, 0x97, 0xC5, 0x6A, 0x48, 0x97, 0x69, 0xA4,
    0x8F, 0x4E, 0x3F, 0xE9, 0x04, 0x29, 0x36, 0x86, 0xA3, 0xF4, 0x45, 0x2C, 0x14, 0x9B, 0xC8, 0x23,
    0x9F, 0x7A, 0x33, 0xA6, 0xDE, 0xDC, 0x04, 0x85, 0x16, 0xA8, 0x34, 0x41, 0x23, 0xA0, 0x5E, 0x80,
    0xA3, 0xE7, 0x7E, 0x5A, 0xB3, 0x28, 0xE4, 0xC9, 0x07, 0xA5, 0xCD, 0x0F, 0xDC, 0x4E, 0xA9, 0x67,
    0x1A, 0x8A, 0x0D, 0xE7, 0xB9, 0xE5, 0xD1, 0xBD, 0xB4, 0xF6, 0x0D, 0xEF, 0xF9, 0x52, 0x5E, 0x63,
    0xA5, 0x67, 0x9A, 0x2A, 0x7D, 0xA7, 0x39, 0x65, 0xA5, 0xD0, 0xC0, 0x47, 0x3C, 0x01, 0xB8, 0xAF,
    0x5D, 0x7B, 0x27, 0x71, 0xBD, 0x3C, 0x80, 0xAD, 0x8C, 0xB2, 0xBC, 0xD4, 0x04, 0x14, 0xFB, 0xF5,
    0xF3, 0xC7, 0xF9, 0x6D, 0xD4, 0xE6, 0x76, 0x3B, 0x05, 0xAD, 0xEC, 0x70, 0x36, 0xF2, 0xA5, 0xA6,
    0x5A, 0xC3, 0x31, 0x7D, 0x2A, 0x0D, 0xE9, 0x57, 0x5F, 0xD8, 0x14, 0x68, 0x6D, 0xA3, 0x2D, 0x73,
    0x1B, 0xF9, 0xED, 0xA6, 0xDD, 0xFB, 0x19, 0x6A, 0xE9, 0xC4, 0x4A, 0xF9, 0xFF, 0x51, 0x43, 0x62,
    0x07, 0x85, 0x04, 0xA0, 0xDD, 0x18, 0x36, 0xA3, 0x4B, 0x0C, 0x8B, 0x51, 0x73, 0xE2, 0x74, 0xBE,
    0x24, 0x28, 0x13, 0x2B, 0x79, 0x4C, 0x13, 0xA0, 0xD9, 0x8D, 0x6F, 0x7D, 0x05, 0x84, 0x95, 0xBF,
    0x4E, 0x6F, 0xFC, 0x44, 0x9E, 0xF0, 0x9B, 0x34, 0x11, 0x24, 0x6D, 0x89, 0x7B, 0xA2, 0x4E, 0xEC,
    0xEC, 0x32, 0xB8, 0xBB, 0xFB, 0x4E, 0x5C, 0x39, 0x68, 0x3C, 0xB1, 0xB8, 0x30, 0x8D, 0xE4, 0xD9,
    0x5C, 0xA9, 0xAE, 0x51, 0x97, 0x15, 0x2E, 0x6A, 0xDB, 0xF9, 0x5B, 0xD6, 0x20, 0x7F, 0x62, 0x71,
    0xFB, 0x77, 0xBA, 0x7D, 0x7C, 0x6B, 0xA4, 0xE9, 0x8E, 0x13, 0xF4, 0x73, 0xBB, 0x81, 0x16, 0x17,
    0xEF, 0x38, 0xBB, 0x0D, 0xC2, 0xD4, 0xAC, 0x70, 0xE3, 0xF3, 0xFB, 0xF5, 0xBF, 0xFE, 0x3B, 0xFE,
    0x01, 0xDD, 0x99, 0x3F, 0x90, 0xDC, 0x48, 0x15, 0xC6, 0x9F, 0x34, 0xB7, 0xD6, 0xD5, 0xA9, 0x0A,
    0x5D, 0x70, 0x17, 0x70, 0x17, 0x88, 0xF0, 0xCA, 0x89, 0xF2, 0x48, 0x0D, 0x11, 0xE1, 0x06, 0x9E,
    0x72, 0x40, 0x4A, 0x72, 0x4E, 0x9C, 0x92, 0x70, 0x2D, 0x20, 0xAF, 0xDA, 0xE4, 0xEA, 0x02, 0x02,
    0x1C, 0x38, 0x80, 0xA1, 0x8A, 0x4B, 0x88, 0x51, 0x53, 0xE4, 0x55, 0xE2, 0xAA, 0x0C, 0xA9, 0x0A,
    0x8E, 0xC4, 0x0E, 0x50, 0x15, 0x02, 0xB4, 0xB6, 0xA4, 0x8F, 0xFE, 0xFA, 0x69, 0xF7, 0xB4, 0xCB,
    0x2C, 0xFE, 0xB7, 0x66, 0xD7, 0xDB, 0xF6, 0xFC, 0x3E, 0xAD, 0xBA, 0xD5, 0xFD, 0xFA, 0xBD, 0x96,
    0xE6, 0xA9, 0x47, 0xA2, 0xED, 0x76, 0x6B, 0x44, 0x36, 0x00, 0xAA, 0xF3, 0xB2, 0xD4, 0x9D, 0x2F,
    0xDB, 0xC0, 0x0D, 0x1C, 0x25, 0x41, 0x43, 0x49, 0xD1, 0x51, 0x32, 0x95, 0x02, 0x03, 0xA5, 0xC4,
    0x48, 0xB1, 0x98, 0x28, 0x35, 0x40, 0xC1, 0x13, 0x4A, 0x8C, 0x3F, 0xEB, 0x40, 0x7F, 0x80, 0x63,
    0x27, 0x3F, 0x43, 0xC3, 0x4E, 0xBE, 0x8B, 0x8E, 0x9D, 0x08, 0x25, 0x9F, 0xA5, 0x1E, 0x7C, 0x27,
    0xA3, 0xD8, 0x91, 0x9D, 0x00, 0x53, 0xE8, 0x04, 0xB3, 0x08, 0x58, 0x24, 0x0A, 0x52, 0x6D, 0x82,
    0xB8, 0x04, 0xCE, 0xF7, 0xD7, 0xA4, 0xA8, 0x24, 0x46, 0x9B, 0x41, 0x7C, 0x7D, 0x97, 0x7B, 0x11,
    0xF4, 0x25, 0x2D, 0xA8, 0x47, 0xB9, 0xBD, 0xDB, 0x1D, 0xD1, 0x2E, 0xB4, 0x67, 0xB9, 0xA7, 0x1C,
    0x12, 0xB9, 0x37, 0xCC, 0x09, 0xF0, 0x0F, 0xB8, 0x30, 0x8A, 0xCB, 0x02, 0x8B, 0xC0, 0x12, 0xA6,
    0x80, 0xF3, 0xC6, 0x65, 0x70, 0xDE, 0xD2, 0xC4, 0xB3, 0xA7, 0x5B, 0xD0, 0x9D, 0x50, 0xCF, 0xB0,
    0x96, 0xD4, 0x96, 0x7A, 0x55, 0x81, 0x67, 0xA7, 0xBD, 0x69, 0xCF, 0x3A, 0x8A, 0x14, 0x61, 0x44,
    0x1D, 0x5D, 0x3E, 0xF0, 0xFF, 0x44, 0x62, 0xEF, 0x88, 0xCA, 0xAB, 0x77, 0x99, 0xFA, 0x71, 0x5E,
    0x39, 0x37, 0x5D, 0xCC, 0xFF, 0xF4, 0xA6, 0x84, 0xE8, 0x23, 0xF3, 0x1E, 0x43, 0xE4, 0xF2, 0xCE,
    0xB3, 0xAF, 0x5B, 0x06, 0x01, 0x8E, 0x23, 0xC3, 0xB0, 0x7D, 0x30, 0xF4, 0xA3, 0xA3, 0x6B, 0x13,
    0xA8, 0xB7, 0xDE, 0xE1, 0xBA, 0xC2, 0x58, 0x92, 0x21, 0x48, 0xD6, 0x2D, 0x52, 0x2D, 0xE6, 0xAB,
    0x84, 0xCA, 0x64, 0x59, 0x6E, 0xB5, 0xB9, 0x72, 0xC7, 0xE7, 0x7D, 0x70, 0xA4, 0x23, 0x21, 0x81,
    0xDF, 0x0F, 0x84, 0x09, 0x9E, 0xA5, 0xF5, 0xE5, 0x1C, 0x02, 0xD1, 0xCB, 0xAA, 0x74, 0xB2, 0x3A,
    0xA7, 0xF3, 0x4F, 0x30, 0xE9, 0x1C, 0xFB, 0x50, 0x35, 0x69, 0x30, 0x8D, 0xAC, 0xCA, 0xAD, 0xDF,
    0x1C, 0x2D, 0x01, 0x33, 0x6C, 0x0F, 0x7A, 0xA5, 0x50, 0xFF, 0xAB, 0xE3, 0x63, 0x72, 0x62, 0x95,
    0xB1, 0x7D, 0xE8, 0x2A, 0x69, 0x25, 0xA7, 0xA5, 0x95, 0x94, 0xC1, 0x24, 0x2F, 0x12, 0x44, 0xFB,
    0xB7, 0x8B, 0x8C, 0x6B, 0xE1, 0x49, 0xB5, 0x7B, 0x75, 0x41, 0x81, 0x8A, 0x92, 0x73, 0x3D, 0x1C,
    0x85, 0x48, 0x24, 0x74, 0x1D, 0x1E, 0xD7, 0x83, 0x0E, 0x3B, 0xEA, 0x22, 0x00, 0xDB, 0xF0, 0x2F,
    0x56, 0x86, 0x40, 0xDD, 0xC7, 0xB4, 0x5A, 0x9E, 0xC2, 0x6E, 0x92, 0x86, 0x3D, 0xD2, 0x09, 0x6C,
    0x98, 0x70, 0xCA, 0x19, 0xCD, 0x4B, 0x07, 0xCE, 0x99, 0x2D, 0xB4, 0x7C, 0x48, 0x4F, 0xE0, 0x38,
    0xAC, 0x32, 0xC7, 0x51, 0xBA, 0xD4, 0x63, 0xC8, 0x78, 0x54, 0xA2, 0x2A, 0x9C, 0x9F, 0xC6, 0x46,
    0x2C, 0xAF, 0xAA, 0x7B, 0xA2, 0x53, 0xE8, 0x9F, 0x5A, 0x11, 0x9A, 0xF8, 0xC6, 0xB9, 0xCB, 0x69,
    0x10, 0x3B, 0xE8, 0x63, 0x82, 0xE6, 0x3A, 0xED, 0x9E, 0x03, 0x9D, 0x32, 0x3A, 0xB9, 0x73, 0x7A,
    0x9D, 0xFE, 0x4C, 0xC1, 0xBF, 0xE1, 0xBC, 0xFC, 0x4E, 0xAC, 0xF1, 0xF2, 0x1D, 0x39, 0xB8, 0x69,
    0x61, 0x61, 0xD1, 0x3B, 0xBF, 0x63, 0x53, 0xBD, 0xB3, 0x25, 0xC2, 0x1F, 0xD1, 0xC8, 0x24, 0x45,
    0xE5, 0xE7, 0x1C, 0x5D, 0x51, 0x58, 0xBE, 0xBD, 0x0A, 0x8B, 0xDA, 0xB7, 0x96, 0x55, 0x9D, 0xDC,
    0xBB, 0x69, 0x77, 0xCB, 0x67, 0x46, 0x7C, 0xFB, 0x66, 0x99, 0xA8, 0x82, 0xCD, 0x22, 0xB8, 0xF0,
    0xD5, 0xAC, 0xE5, 0x6A, 0xC2, 0xA2, 0xE5, 0xC7, 0x52, 0x50, 0xF0, 0x55, 0xB0, 0xC8, 0x22, 0xF8,
    0x2D, 0xE3, 0x8C, 0xD4, 0x54, 0x96, 0x9D, 0xB9, 0x81, 0x77, 0xCB, 0x8F, 0x24, 0x93, 0x08, 0xA6,
    0x76, 0x52, 0x3F, 0x43, 0x25, 0x05, 0x26, 0x7D, 0x66, 0x2C, 0x8B, 0x71, 0x7B, 0xA5, 0x61, 0xC9,
    0x4D, 0x4A, 0x23, 0xCA, 0x21, 0xF4, 0x93, 0x83, 0x26, 0x71, 0x2E, 0xC2, 0x52, 0x0F, 0x41, 0x6E,
    0x1F, 0xAD, 0x96, 0xCE, 0xF6, 0xCE, 0x12, 0x94, 0xD9, 0x04, 0x41, 0xAF, 0x32, 0xAB, 0xA0, 0x52,
    0x69, 0xA5, 0x9E, 0xB6, 0x35, 0x87, 0xE5, 0x77, 0xE5, 0x48, 0x11, 0x4C, 0x14, 0x7A, 0x9A, 0x52,
    0x20, 0x48, 0xAE, 0x92, 0xC1, 0x5C, 0x28, 0x4B, 0x93, 0x52, 0xC5, 0xCE, 0xAB, 0xCE, 0x12, 0x76,
    0x3D, 0xEF, 0x80, 0x4E, 0x87, 0x6D, 0xD6, 0x46, 0x4C, 0x12, 0xA4, 0xA5, 0x70, 0xDE, 0x2C, 0x31,
    0x9C, 0xAD, 0x34, 0xF9, 0x41, 0x1B, 0xF4, 0xF7, 0xE8, 0x96, 0xBF, 0x7B, 0xD5, 0x62, 0xD1, 0xAC,
    0x53, 0x2D, 0x7D, 0xBB, 0x43, 0xB6, 0xAB, 0x34, 0x7F, 0xE0, 0xFA, 0xE3, 0x53, 0xFE, 0x50, 0xF4,
    0x9B, 0x9E, 0x76, 0xAA, 0xE6, 0x78, 0x1A, 0x94, 0x39, 0x41, 0xD0, 0x51, 0x52, 0xAA, 0x1D, 0xD8,
    0x0F, 0xC3, 0xF4, 0x1C, 0x1D, 0x54, 0xAD, 0x5E, 0xC7, 0x19, 0xB3, 0x1F, 0x8F, 0xA7, 0xEB, 0x71,
    0x4E, 0xC7, 0x15, 0xF8, 0x0A, 0x6A, 0xB1, 0xDC, 0x55, 0x72, 0x87, 0x90, 0x48, 0xDF, 0x84, 0x18,
    0xFC, 0xAF, 0x55, 0x60, 0x54, 0x5A, 0x95, 0x41, 0x65, 0xF6, 0xF2, 0xE8, 0x07, 0x80, 0x49, 0xC1,
    0x3B, 0xC6, 0x51, 0x32, 0x34, 0x94, 0x0D, 0x5A, 0x4A, 0xCC, 0x04, 0xEC, 0x11, 0xF3, 0xB0, 0x9A,
    0x5E, 0x45, 0xBF, 0x57, 0x7C, 0x4B, 0x36, 0xA1, 0x6C, 0x54, 0x12, 0xB4, 0xAB, 0xCE, 0x2C, 0xBB,
    0x7E, 0xFC, 0x25, 0xA0, 0xC3, 0x4E, 0x67, 0x8C, 0x68, 0x82, 0xCC, 0x12, 0xE4, 0xE8, 0x24, 0x48,
    0xEA, 0x7A, 0x02, 0xE3, 0x3E, 0x46, 0x77, 0x39, 0xB5, 0x43, 0xB6, 0x09, 0x41, 0xD1, 0x90, 0xAC,
    0x93, 0x3A, 0x0D, 0x86, 0x86, 0x42, 0x03, 0xA1, 0x61, 0xA8, 0xFB, 0x0B, 0x38, 0x90, 0xEA, 0x7A,
    0x75, 0xBC, 0xBA, 0x7D, 0x9D, 0xD4, 0xA9, 0xC3, 0xD5, 0xDD, 0x74, 0xB6, 0xBE, 0x75, 0xEA, 0x1B,
    0xE8, 0x37, 0x08, 0xE7, 0x56, 0xB7, 0x8C, 0xFF, 0xF3, 0xB0, 0xE6, 0x84, 0xF7, 0x42, 0x6F, 0xE7,
    0x3D, 0xE0, 0x80, 0xFB, 0x70, 0xF1, 0x15, 0xC7, 0xDB, 0xED, 0x1D, 0x36, 0x19, 0xF7, 0x41, 0x76,
    0xBB, 0x9D, 0x11, 0xDA, 0xB7, 0xC2, 0xF9, 0xA2, 0x8F, 0x20, 0xBD, 0xA5, 0x25, 0x06, 0x18, 0x3F,
    0x70, 0x0D, 0x3C, 0xC3, 0x50, 0xCE, 0x52, 0x8E, 0xE5, 0x20, 0xD9, 0xC4, 0xA7, 0xED, 0xCC, 0x4E,
    0xB1, 0xC2, 0x3F, 0xFD, 0x34, 0x97, 0x47, 0x10, 0x81, 0x2A, 0x39, 0xF7, 0x08, 0x1A, 0xC5, 0xEA,
    0x02, 0x9C, 0x39, 0x90, 0xA1, 0xFF, 0x3E, 0x60, 0x32, 0x0F, 0x13, 0xE1, 0x0B, 0x88, 0x80, 0x15,
    0x25, 0x86, 0x93, 0xD7, 0xC4, 0x4F, 0xAF, 0x99, 0xFF, 0xEE, 0xC9, 0x6D, 0x23, 0x60, 0x0E, 0x8F,
    0xAF, 0xC2, 0xA2, 0x86, 0xE8, 0xC3, 0x3C, 0x01, 0xAF, 0xBE, 0x67, 0xAE, 0xC2, 0x89, 0xEA, 0xA6,
    0x0D, 0x2A, 0x0E, 0xD9, 0x9C, 0xC2, 0xE9, 0xB9, 0xEB, 0xE7, 0xC4, 0x17, 0x4B, 0x54, 0xAE, 0xC0,
    0x93, 0xD7, 0xC7, 0x43, 0x71, 0xC8, 0x77, 0x06, 0x7D, 0xB7, 0x25, 0x2A, 0x0F, 0x74, 0xC4, 0xB0,
    0x78, 0x4C, 0x6A, 0xF3, 0x7F, 0x74, 0x4E, 0xDE, 0x13, 0x2D, 0x5B, 0x3A, 0xE2, 0xAF, 0xC6, 0x83,
    0x31, 0x2B, 0x88, 0x34, 0x6C, 0xBE, 0xFD, 0x4A, 0xB4, 0x0C, 0xF2, 0x99, 0xC4, 0xF8, 0x02, 0x46,
    0x6F, 0xE7, 0x82, 0xF6, 0x25, 0x0C, 0x6D, 0xB4, 0xBB, 0x6E, 0x2B, 0xF1, 0x85, 0x72, 0xB3, 0x2B,
    0x58, 0x89, 0x7B, 0x5E, 0x30, 0x87, 0x3D, 0x2F, 0x98, 0x66, 0xCF, 0x0B, 0x66, 0xF4, 0xE5, 0x43,
    0x8A, 0x05, 0x2A, 0x4D, 0x99, 0x07, 0x4D, 0x99, 0x21, 0x42, 0xC2, 0xC5, 0x41, 0x7C, 0xD5, 0x2C,
    0xF9, 0x14, 0x56, 0x55, 0xD4, 0x6B, 0xCA, 0xFC, 0xFE, 0x85, 0x29, 0xF3, 0x7B, 0xBB, 0xDD, 0xC3,
    0xB0, 0xD7, 0x81, 0xE1, 0x44, 0xA6, 0x20, 0xE5, 0xAC, 0x02, 0x89, 0xB6, 0xF5, 0x50, 0xA0, 0xA2,
    0xE3, 0x73, 0xB4, 0xCC, 0x05, 0x42, 0xCA, 0x8C, 0x6E, 0x03, 0x7C, 0x6E, 0xD1, 0x2C, 0xFB, 0x3C,
    0xAB, 0x94, 0x59, 0x97, 0xB2, 0xA6, 0x9B, 0xC5, 0xF9, 0x94, 0x99, 0xC3, 0x77, 0x24, 0x46, 0x61,
    0x33, 0x1A, 0x96, 0x85, 0xB6, 0xB6, 0xB7, 0xBD, 0xAF, 0xAC, 0x12, 0x5F, 0xFD, 0xAE, 0x6E, 0x11,
    0x68, 0xB9, 0xB3, 0xA4, 0xEB, 0xBE, 0x11, 0x30, 0xA1, 0x65, 0xDF, 0x68, 0xB3, 0xC0, 0x3C, 0xB0,
    0x84, 0xF1, 0xB6, 0x79, 0xD3, 0x13, 0xCF, 0x81, 0x0F, 0x9D, 0xBA, 0x97, 0x68, 0x1F, 0xB5, 0xB6,
    0x0C, 0x2D, 0x43, 0xFE, 0xB0, 0xF4, 0x90, 0x06, 0xC6, 0x81, 0x62, 0xF1, 0x2F, 0xCF, 0x5B, 0xF3,
    0xF7, 0x34, 0x63, 0x5E, 0xE8, 0xA4, 0x91, 0x0C, 0x2E, 0x9E, 0xB7, 0x35, 0x0C, 0x6D, 0xD0, 0x94,
    0x67, 0x3C, 0x79, 0x7F, 0xB1, 0xBA, 0x2F, 0x78, 0xEF, 0x48, 0x83, 0x1C, 0xC2, 0x0C, 0xB1, 0x8E,
    0xF2, 0x27, 0xDD, 0x04, 0x02, 0x74, 0x2A, 0x13, 0x45, 0xBF, 0x5A, 0xF8, 0xE5, 0x72, 0xB3, 0xA2,
    0xFC, 0x51, 0x15, 0xF6, 0x4D, 0x1B, 0x3E, 0xE1, 0x8A, 0xC1, 0xB6, 0x21, 0xBE, 0x2E, 0xCC, 0xA6,
    0x5A, 0xEF, 0x9B, 0xBE, 0xB5, 0xF1, 0x7D, 0xC9, 0xFD, 0x88, 0xDB, 0x72, 0xC3, 0xEE, 0xE2, 0x8F,
    0x1B, 0xD2, 0x0E, 0x24, 0xC6, 0xF3, 0xD4, 0xBB, 0xFB, 0xC0, 0x88, 0x96, 0xB7, 0x3A, 0xCA, 0x37,
    0x20, 0x5A, 0xEA, 0x78, 0x56, 0x06, 0x49, 0xE1, 0x28, 0x89, 0x4A, 0xAC, 0x22, 0x56, 0xA5, 0xAE,
    0xF4, 0xA4, 0xB6, 0x1C, 0xF4, 0xBA, 0x23, 0x59, 0x97, 0xF7, 0x89, 0xB8, 0x27, 0xB3, 0x81, 0x2C,
    0x1D, 0x59, 0x1B, 0x12, 0x4D, 0xE0, 0x6A, 0x61, 0xE8, 0x22, 0x49, 0x9B, 0xB7, 0x7B, 0x19, 0xE8,
    0x62, 0xB6, 0xBD, 0x47, 0x84, 0x39, 0x78, 0x11, 0x8E, 0x21, 0x65, 0xCB, 0xBC, 0x49, 0x5B, 0xDF,
    0xE4, 0x9B, 0x2F, 0xAC, 0x0F, 0x0F, 0xF9, 0x09, 0xDB, 0x19, 0xE3, 0x2B, 0x12, 0xBE, 0x3C, 0x87,
    0xAF, 0xD3, 0xBF, 0x2E, 0x8D, 0xF0, 0x12, 0x91, 0xEB, 0x64, 0x27, 0x89, 0xF1, 0x04, 0x46, 0x66,
    0xA9, 0x19, 0xE3, 0x77, 0x45, 0x8B, 0x4E, 0x9B, 0x18, 0x9E, 0x83, 0x43, 0x8F, 0x02, 0xC6, 0x1E,
    0x03, 0x8D, 0xA5, 0x0B, 0x89, 0xC1, 0xE2, 0x19, 0x46, 0x0B, 0xB1, 0x93, 0x1D, 0xBD, 0xBB, 0x7C,
    0xBB, 0xE2, 0xB5, 0x20, 0x5B, 0x23, 0xFC, 0x30, 0x8A, 0x31, 0xDA, 0xB3, 0xAA, 0xFB, 0x44, 0x2C,
    0xD5, 0xC5, 0xFA, 0x74, 0xF7, 0x6B, 0xAF, 0xFF, 0x7D, 0x3D, 0xCB, 0xCB, 0x28, 0xAF, 0xBB, 0x3C,
    0x4D, 0xB8, 0xD8, 0x3C, 0x2B, 0x4D, 0x86, 0xAB, 0x7D, 0xFC, 0x18, 0x9F, 0x6B, 0x9B, 0x03, 0xF2,
    0xA7, 0xE8, 0x3D, 0x7F, 0x81, 0xC9, 0xD3, 0x17, 0x65, 0xE5, 0x59, 0xC3, 0x25, 0xE8, 0x12, 0x34,
    0x09, 0xDC, 0x86, 0xAC, 0xE2, 0xCB, 0xA3, 0xB0, 0x44, 0xF8, 0x49, 0xD8, 0xE5, 0x09, 0x0F, 0xAD,
    0x51, 0x0A, 0xA0, 0x97, 0xC2, 0xD5, 0xCD, 0xB9, 0x6D, 0x11, 0x29, 0x01, 0xEC, 0x05, 0x77, 0x09,
    0x2F, 0x09, 0x1F, 0xDA, 0xF9, 0x7F, 0x0C, 0x14, 0x3D, 0x88, 0x24, 0x9D, 0x93, 0xAE, 0xC0, 0xDF,
    0xBB, 0x12, 0x68, 0xED, 0xCF, 0xE1, 0x8A, 0x08, 0x72, 0xA6, 0xD4, 0xFD, 0xA5, 0x7E, 0x0E, 0xFC,
    0x8B, 0x89, 0xE4, 0xC0, 0xB8, 0x02, 0xCF, 0x5D, 0x3F, 0xEF, 0x70, 0xCF, 0xC8, 0x6B, 0x75, 0xF2,
    0x91, 0x73, 0x85, 0xF1, 0xBE, 0xCC, 0x4F, 0x74, 0x18, 0x1D, 0x4A, 0xD6, 0x25, 0xA3, 0x64, 0xD3,
    0xFD, 0x81, 0x2B, 0xB6, 0x93, 0x58, 0x33, 0x7F, 0x86, 0xE4, 0xD6, 0xC3, 0xEB, 0xE5, 0x1E, 0xA6,
    0xB1, 0xFC, 0xF1, 0x9F, 0x3F, 0xFD, 0xE7, 0x80, 0x4B, 0x01, 0x13, 0x61, 0x62, 0xEA, 0xFA, 0xC6,
    0x16, 0xCF, 0x35, 0x99, 0xBA, 0x6C, 0xA6, 0x65, 0x87, 0x42, 0xB7, 0x06, 0x8A, 0xBF, 0x18, 0x0F,
    0xB4, 0xFA, 0x75, 0xA1, 0xFB, 0x50, 0xD1, 0xEC, 0x3F, 0xC7, 0xFE, 0xD8, 0x64, 0x70, 0xE1, 0x7F,
    0x95, 0x40, 0x7F, 0x8A, 0xD7, 0xC2, 0xAA, 0x57, 0xFE, 0x9F, 0x0F, 0xCC, 0x49, 0x6A, 0xC3, 0x5F,
    0xD2, 0x01, 0x53, 0x87, 0x6D, 0xDB, 0x84, 0xEF, 0xEE, 0x74, 0x7E, 0xAE, 0x2F, 0xDB, 0x67, 0x50,
    0x8C, 0x5C, 0x43, 0x0F, 0xAE, 0xD7, 0x1A, 0xAA, 0xFB, 0x17, 0xFB, 0x17, 0xCC, 0x95, 0xC8, 0xD3,
    0xA8, 0x81, 0x99, 0xA7, 0x7B, 0x99, 0x43, 0xB5, 0xE8, 0xE0, 0x2E, 0x1E, 0x99, 0x70, 0xA8, 0x39,
    0xCE, 0xD5, 0x1E, 0xC6, 0xE6, 0xF4, 0x30, 0x6D, 0x52, 0x38, 0x75, 0x56, 0x71, 0x6C, 0xE1, 0xD4,
    0x3D, 0xD6, 0xA3, 0x5A, 0xB9, 0x4B, 0x99, 0x03, 0xD3, 0x72, 0x98, 0x00, 0xBD, 0x2C, 0x75, 0xB5,
    0x6F, 0xBA, 0x94, 0xE8, 0x30, 0x88, 0x6E, 0x5F, 0xA5, 0x7D, 0xC9, 0xDC, 0xA2, 0x9E, 0xC5, 0xCE,
    0x01, 0x96, 0x7F, 0xE6, 0x3D, 0xEB, 0xF6, 0x14, 0x36, 0x1E, 0xDF, 0x30, 0x44, 0x14, 0xD6, 0x23,
    0x82, 0x47, 0xA9, 0xD3, 0xE8, 0x96, 0x5F, 0x1D, 0xB3, 0xB0, 0x0B, 0xF8, 0xB5, 0xE6, 0xE8, 0xA7,
    0x69, 0x78, 0xC6, 0x46, 0x62, 0x31, 0xF3, 0xA2, 0x27, 0x9C, 0xED, 0x2C, 0xF6, 0xCC, 0x36, 0x90,
    0xAE, 0x90, 0x90, 0xA8, 0x36, 0x17, 0x32, 0xBA, 0x8B, 0xBF, 0x19, 0x4D, 0x74, 0x5F, 0x9F, 0x71,
    0x45, 0x26, 0x4D, 0xEA, 0x99, 0x4F, 0xF7, 0xE1, 0xD6, 0x31, 0xE3, 0xCA, 0x9B, 0xD8, 0x6E, 0x31,
    0xBC, 0x3A, 0x1B, 0x1A, 0xFD, 0x3D, 0x2F, 0x02, 0xAA, 0x14, 0xE8, 0x8A, 0xA1, 0x18, 0xF3, 0x26,
    0x1E, 0xA2, 0xF5, 0x33, 0xA2, 0x1C, 0x2F, 0xFF, 0x63, 0x47, 0xFA, 0x9C, 0x2E, 0xA7, 0xC7, 0xE9,
    0x70, 0xFA, 0x9B, 0xEE, 0xD6, 0xCC, 0xFC, 0x8E, 0xD4, 0x03, 0x5B, 0x50, 0x12, 0x74, 0x94, 0x1C,
    0x8E, 0x62, 0x21, 0x5E, 0x7C, 0x15, 0xC5, 0x57, 0x51, 0x7C, 0x15, 0xC5, 0x57, 0x79, 0x39, 0xC6,
    0x48, 0x01, 0x3A, 0x15, 0xA7, 0xD2, 0x9C, 0x39, 0x39, 0xAA, 0xCC, 0x41, 0x4A, 0x18, 0x2F, 0x63,
    0x06, 0xB7, 0xEA, 0x33, 0xC6, 0x40, 0x11, 0xCC, 0x41, 0x7C, 0x9B, 0x95, 0x11, 0xA9, 0x9A, 0xB4,
    0xC1, 0x70, 0xE6, 0x77, 0x55, 0xAC, 0xD2, 0x07, 0x15, 0x34, 0x64, 0x84, 0x4E, 0x45, 0x17, 0x7B,
    0xAD, 0x92, 0x75, 0x41, 0x72, 0x95, 0xDA, 0x69, 0x13, 0x09, 0xE5, 0xB7, 0x67, 0x73, 0x7B, 0x72,
    0x78, 0x09, 0x96, 0x70, 0x9E, 0x80, 0x3F, 0xDE, 0x60, 0xF4, 0xA4, 0xC1, 0xCC, 0xFD, 0x2B, 0xCF,
    0x7A, 0xF6, 0x6D, 0x9E, 0x62, 0xF0, 0x04, 0xDA, 0xC0, 0x2A, 0xD0, 0xAD, 0xCE, 0xF4, 0x64, 0x3D,
    0x79, 0x8E, 0x25, 0xD8, 0x67, 0x06, 0xE7, 0x99, 0xA0, 0xF5, 0x8C, 0xD1, 0x7B, 0x0A, 0x26, 0x1D,
    0x8B, 0x64, 0xF5, 0x52, 0x7E, 0x48, 0x6C, 0x96, 0x64, 0xD9, 0x9D, 0x72, 0xC9, 0x4C, 0xAD, 0x0B,
    0xAC, 0xC2, 0x19, 0x61, 0xED, 0x40, 0xC6, 0xD5, 0x89, 0xE5, 0x95, 0x27, 0xE6, 0x30, 0xCA, 0x40,
    0xCB, 0xC3, 0x88, 0x79, 0xB0, 0xDC, 0xD2, 0xF2, 0xE3, 0x33, 0x96, 0xBB, 0xFD, 0x96, 0x63, 0x22,
    0x0B, 0xD0, 0xFE, 0x2C, 0x5C, 0xCB, 0x5B, 0x84, 0x7D, 0x76, 0xC1, 0xF2, 0x91, 0x2C, 0x67, 0x32,
    0x87, 0x11, 0x2D, 0xB1, 0x23, 0x8B, 0x96, 0x87, 0x21, 0x62, 0x79, 0x08, 0x58, 0x19, 0x0C, 0xD7,
    0x07, 0xD5, 0xB7, 0x88, 0xD3, 0xFB, 0x9C, 0x4C, 0x51, 0x5D, 0x11, 0x1F, 0xEF, 0x76, 0x9E, 0xBE,
    0x98, 0x8B, 0x18, 0xEC, 0x33, 0x52, 0x57, 0x09, 0x9C, 0x45, 0x5B, 0xA3, 0xB2, 0xAD, 0x7C, 0x22,
    0x4B, 0xC9, 0x66, 0xC9, 0x2F, 0xFB, 0x3F, 0x6F, 0x5E, 0xDE, 0x0B, 0x6F, 0x1E, 0xF3, 0x6E, 0xF7,
    0xA0, 0x06, 0xD0, 0xEF, 0xC3, 0xEA, 0x1B, 0x28, 0x1F, 0x3D, 0x8A, 0x99, 0x80, 0x47, 0x46, 0xC4,
    0x01, 0x13, 0x6B, 0x07, 0x8D, 0xF8, 0x2A, 0xB2, 0xE5, 0x60, 0x5F, 0xE9, 0x9F, 0xC8, 0x2D, 0x53,
    0xF6, 0x76, 0xB4, 0x63, 0x31, 0x26, 0x63, 0x3A, 0x14, 0x9D, 0xAD, 0x3E, 0x39, 0x75, 0xC8, 0xEC,
    0xB1, 0x81, 0x23, 0x1A, 0xA2, 0xF5, 0xE7, 0xEA, 0xC6, 0xA3, 0x74, 0x3C, 0xAA, 0xF8, 0xDC, 0x61,
    0x93, 0x9E, 0x8D, 0xCD, 0xA5, 0x3B, 0xA4, 0x1C, 0x12, 0xDE, 0xB2, 0xF9, 0xEC, 0x51, 0x80, 0x47,
    0x44, 0x42, 0x44, 0xC4, 0x66, 0x62, 0xC5, 0xE0, 0x91, 0x35, 0x1E, 0xEF, 0x88, 0x87, 0xBC, 0x19,
    0xBC, 0xCC, 0x1A, 0x79, 0x87, 0xB0, 0x74, 0x13, 0xBA, 0x05, 0xD1, 0xE9, 0x91, 0x56, 0x1C, 0xBC,
    0xBA, 0x4B, 0x68, 0xCF, 0x73, 0x3F, 0xC6, 0xBB, 0xA4, 0xF7, 0xBE, 0x19, 0xED, 0x50, 0x4E, 0xCB,
    0x67, 0xD4, 0x73, 0x91, 0x61, 0x9B, 0x17, 0xFD, 0xF0, 0x4B, 0x4D, 0xB7, 0x18, 0x5F, 0x94, 0x73,
    0x4F, 0x62, 0x0C, 0x9C, 0x4E, 0xD2, 0x8E, 0xE4, 0x24, 0xF3, 0x6A, 0x4E, 0x4E, 0xE7, 0x81, 0x59,
    0xE0, 0x7B, 0xF6, 0xC2, 0xDE, 0x76, 0xBB, 0x5F, 0xF2, 0x32, 0x8C, 0x17, 0xF1, 0x3F, 0xDD, 0x9A,
    0x31, 0xAC, 0xE5, 0x46, 0xF5, 0xC6, 0x3F, 0xDB, 0xD9, 0x75, 0xB4, 0xD6, 0xFF, 0xEF, 0x14, 0xD9,
    0x66, 0x17, 0x30, 0x25, 0x44, 0x20, 0x37, 0x94, 0x88, 0x31, 0x50, 0xD0, 0xBE, 0x62, 0x6F, 0x45,
    0x4B, 0x41, 0xD2, 0x2C, 0xBD, 0x10, 0xB6, 0x48, 0x49, 0xF3, 0x0A, 0xA8, 0x69, 0x52, 0x84, 0xD7,
    0xA4, 0x49, 0x41, 0x43, 0x6C, 0x91, 0x5E, 0x5C, 0x14, 0x01, 0xAD, 0x11, 0xA9, 0x92, 0x22, 0x23,
    0xF0, 0x6A, 0xBD, 0x89, 0xC7, 0x1F, 0x73, 0xCE, 0xD1, 0xF3, 0xBB, 0xDA, 0xB7, 0x1B, 0xAD, 0xB2,
    0xE4, 0xBD, 0xBD, 0x39, 0x7A, 0xF3, 0x9B, 0x73, 0xED, 0xF1, 0xF8, 0xCC, 0x77, 0xC6, 0xB3, 0xD7,
    0x73, 0x17, 0xF5, 0x02, 0xB8, 0xCF, 0x2D, 0x0D, 0x1C, 0xC7, 0x58, 0x7C, 0x2C, 0x73, 0x42, 0x2E,
    0x15, 0x39, 0xD5, 0x5C, 0x9B, 0x8A, 0x0B, 0xCA, 0x58, 0x0A, 0x4A, 0xBB, 0x67, 0x2B, 0x9B, 0x7D,
    0x43, 0x90, 0x50, 0x58, 0xB0, 0x8B, 0xEC, 0x39, 0xC8, 0x81, 0xB5, 0x01, 0xC0, 0xD3, 0x08, 0xFC,
    0x4C, 0xA0, 0x76, 0xFB, 0x04, 0xB8, 0x71, 0xAF, 0x9F, 0x81, 0x92, 0x7D, 0x50, 0xD2, 0xD8, 0x29,
    0xF7, 0x4A, 0xAF, 0x5C, 0x94, 0xAB, 0x92, 0x8D, 0x72, 0x88, 0x7C, 0x48, 0x1F, 0xF9, 0x6F, 0xCE,
    0x91, 0x13, 0x83, 0xD0, 0x51, 0x58, 0xF1, 0x2F, 0x91, 0x05, 0x3F, 0x89, 0xCC, 0xC8, 0x48, 0x18,
    0x5B, 0x65, 0xAD, 0x2C, 0x95, 0x99, 0x32, 0x51, 0xA2, 0x57, 0x3A, 0x65, 0x49, 0x00, 0x27, 0xB1,
    0xA4, 0x3E, 0xA2, 0x9C, 0x23, 0xDA, 0x00, 0xA4, 0x8C, 0x5E, 0x2E, 0xE3, 0xCA, 0x82, 0x8C, 0x76,
    0x0F, 0x33, 0x6D, 0xDC, 0x4E, 0x35, 0x9B, 0xF6, 0x01, 0xB9, 0x6F, 0x49, 0x7A, 0xC1, 0xDC, 0xF2,
    0x33, 0x2E, 0x2D, 0xE3, 0xC5, 0xED, 0x02, 0x17, 0xDA, 0x19, 0xF5, 0x73, 0xE1, 0x28, 0x74, 0x53,
    0x4B, 0x1A, 0x61, 0x3D, 0x0B, 0x5D, 0x50, 0xAE, 0xC2, 0x4A, 0x99, 0x19, 0x17, 0x3D, 0x32, 0x09,
    0xDD, 0x5E, 0xF8, 0x75, 0xE0, 0xAA, 0x25, 0x85, 0x9A, 0xCE, 0xCD, 0x8C, 0x8D, 0x60, 0x10, 0xEC,
    0x81, 0x54, 0x60, 0x81, 0xB5, 0x83, 0x7C, 0x94, 0x26, 0x73, 0x44, 0x72, 0x2A, 0x80, 0x58, 0xB1,
    0x97, 0x19, 0x52, 0x85, 0xFB, 0x73, 0xF4, 0x49, 0x0F, 0x51, 0xA5, 0xDB, 0xC6, 0x7C, 0xEB, 0xAD,
    0x63, 0x9A, 0xF1, 0x62, 0xDF, 0x45, 0xDE, 0xA1, 0xDF, 0x3B, 0x0F, 0xF7, 0x29, 0x07, 0xB9, 0x4A,
    0xD4, 0x90, 0x44, 0xF5, 0x5E, 0x86, 0xD1, 0x5C, 0x71, 0x7A, 0x6E, 0xDC, 0x83, 0x98, 0x5B, 0x70,
    0x58, 0xCD, 0x56, 0x4D, 0x56, 0x79, 0xAB, 0x46, 0x9D, 0x75, 0x6E, 0xCF, 0xB1, 0x0F, 0x68, 0x07,
    0xFE, 0x8B, 0xEC, 0xDA, 0x8E, 0xD1, 0xC6, 0x37, 0x1A, 0x52, 0xB3, 0x23, 0xD5, 0x04, 0x30, 0x80,
    0x33, 0x10, 0xDD, 0x5E, 0x2A, 0x8F, 0x76, 0xF9, 0x32, 0xAA, 0xA7, 0x27, 0x7D, 0x50, 0x8E, 0xCA,
    0xE9, 0x9A, 0x93, 0x6E, 0xAC, 0x85, 0x09, 0x57, 0x75, 0x83, 0x1E, 0x5E, 0x22, 0x0B, 0xFA, 0xC8,
    0x8C, 0x9D, 0x9C, 0xFD, 0xED, 0x95, 0x3E, 0x96, 0x4E, 0xD0, 0x46, 0xDC, 0x94, 0x48, 0x9C, 0xA0,
    0xA2, 0x46, 0x3D, 0x02, 0x39, 0x1B, 0x20, 0x95, 0x07, 0x71, 0xB7, 0xDB, 0x89, 0x4B, 0x72, 0x78,
    0xBC, 0xB2, 0x73, 0x8F, 0xDB, 0xCD, 0x5E, 0x2E, 0x83, 0xC8, 0xAC, 0x0F, 0x2D, 0x55, 0x0F, 0xCA,
    0xA0, 0x29, 0xD6, 0x64, 0x5A, 0x0D, 0x39, 0xD7, 0x1F, 0xF6, 0x22, 0xBF, 0x47, 0xC1, 0xA9, 0xE2,
    0x80, 0x94, 0x8B, 0x93, 0x8B, 0xA4, 0xD2, 0xD8, 0x34, 0x44, 0xB7, 0xB6, 0xCB, 0x45, 0x55, 0xF3,
    0xBC, 0xB2, 0x73, 0x6E, 0xB5, 0x8A, 0x72, 0xCB, 0x50, 0xB3, 0x93, 0xCB, 0x4B, 0xEE, 0x91, 0x71,
    0x2E, 0x38, 0xA3, 0xA2, 0xCF, 0xC8, 0x8F, 0xC8, 0x31, 0xB1, 0xDB, 0xA2, 0x97, 0x0A, 0xA8, 0x22,
    0x67, 0x1B, 0xCA, 0x7E, 0x4B, 0x0A, 0xB0, 0x13, 0xBC, 0x76, 0x76, 0xD6, 0x01, 0xAD, 0x9C, 0x39,
    0xE4, 0x93, 0xEC, 0x86, 0x20, 0xD7, 0x8B, 0xB5, 0x4D, 0xA2, 0xDD, 0xE6, 0xA4, 0xCE, 0xB5, 0x68,
    0x88, 0x31, 0xD5, 0x1C, 0xDC, 0x8A, 0x9C, 0x43, 0xBB, 0xC8, 0xDA, 0xD7, 0xCF, 0x48, 0x39, 0xEA,
    0x9C, 0xF1, 0x46, 0x3B, 0x62, 0x67, 0xAD, 0xA5, 0xD3, 0xAB, 0xB4, 0x87, 0xC6, 0x7A, 0x4B, 0x2D,
    0x60, 0x8B, 0xA4, 0xE0, 0x8A, 0x6D, 0xBD, 0x78, 0x15, 0xB7, 0x75, 0x72, 0xA1, 0x97, 0xA4, 0xF0,
    0xEF, 0x6C, 0x2C, 0x1A, 0x9B, 0x77, 0x0B, 0xB6, 0x79, 0x06, 0xBC, 0xFE, 0x15, 0xCB, 0xD4, 0x1D,
    0xDC, 0x3A, 0x01, 0xDA, 0xA1, 0x1E, 0x01, 0xF7, 0x40, 0xC6, 0x5F, 0x93, 0x1D, 0x6C, 0x61, 0x95,
    0x30, 0x35, 0x9D, 0xDD, 0x0B, 0x95, 0xAF, 0xCD, 0x7E, 0x81, 0x6F, 0x45, 0x26, 0x33, 0x82, 0xC4,
    0xB4, 0x66, 0xD4, 0xD1, 0x95, 0x12, 0x7F, 0x3F, 0xAB, 0x5C, 0xF1, 0xDE, 0x23, 0x80, 0x5F, 0xC1,
    0xC9, 0x85, 0xAF, 0xE0, 0xE5, 0xAF, 0x56, 0xF6, 0xCC, 0xD2, 0x2E, 0xED, 0x80, 0x62, 0xCC, 0x47,
    0xA0, 0x5A, 0xAA, 0x19, 0x70, 0xB3, 0x5B, 0x00, 0x8E, 0x1C, 0x91, 0xF2, 0xC7, 0x6C, 0x90, 0x2D,
    0xB9, 0x44, 0xE3, 0x31, 0xBE, 0x60, 0x99, 0xBC, 0xB1, 0x13, 0x8B, 0xFE, 0x7D, 0xAA, 0xED, 0x35,
    0x00, 0xF3, 0xEA, 0xCD, 0x13, 0xAA, 0x97, 0x6E, 0x5E, 0x4E, 0xFE, 0xEE, 0xA7, 0xBA, 0x88, 0x4A,
    0x62, 0x72, 0xF5, 0xAA, 0x48, 0xF3, 0x1C, 0x71, 0xEE, 0xAD, 0x9B, 0x17, 0xC4, 0x23, 0x17, 0xB4,
    0xCB, 0xB3, 0x79, 0x2E, 0x5C, 0xEE, 0xA5, 0x26, 0x2E, 0xDD, 0xAD, 0xE4, 0x64, 0x5E, 0x24, 0xCF,
    0xDE, 0xE1, 0xDF, 0xE2, 0x88, 0x52, 0x5E, 0x8E, 0x1E, 0x35, 0x2F, 0x8F, 0x72, 0x1B, 0xB9, 0x65,
    0xE4, 0x55, 0x58, 0x52, 0xEE, 0x72, 0x34, 0xC5, 0x7A, 0xAE, 0x9A, 0x9A, 0x87, 0x36, 0x17, 0xCD,
    0xC6, 0x52, 0xAB, 0x4F, 0x38, 0x69, 0x8E, 0x02, 0xDA, 0x59, 0xC5, 0x9F, 0x50, 0x2F, 0x9A, 0x0B,
    0x8F, 0x32, 0x68, 0x6A, 0xA2, 0x05, 0xCD, 0xD4, 0xA1, 0x63, 0xA7, 0x1E, 0xEC, 0x76, 0xF7, 0xAC,
    0x31, 0x00, 0xBD, 0x7C, 0x41, 0x02, 0x4D, 0x1F, 0x9B, 0xA2, 0x2B, 0x0F, 0xA4, 0x56, 0xF3, 0xA9,
    0x85, 0xC1, 0x49, 0x02, 0x1B, 0x7A, 0x89, 0xB9, 0x60, 0x90, 0xA2, 0x09, 0x8D, 0x05, 0x9B, 0x65,
    0x83, 0xB0, 0xDE, 0x47, 0xA4, 0xF4, 0x2A, 0xD7, 0x14, 0xE9, 0x6C, 0x12, 0x8B, 0x8B, 0xFF, 0xC3,
    0x66, 0xB7, 0x77, 0x3B, 0x7B, 0x14, 0x57, 0x25, 0x47, 0xE5, 0xA2, 0x5C, 0x95, 0x44, 0x2F, 0xB7,
    0xED, 0x22, 0x4B, 0x0E, 0x91, 0xB9, 0x32, 0x3B, 0xF0, 0x4B, 0x3D, 0x5B, 0xB3, 0xD1, 0xF6, 0x07,
    0x3D, 0x4C, 0xCA, 0x41, 0xD9, 0xA1, 0x9F, 0x4A, 0xF1, 0xA7, 0x9C, 0x3E, 0x32, 0xE3, 0x14, 0x99,
    0x48, 0xCB, 0xE8, 0xAC, 0x42, 0x47, 0x61, 0x6D, 0xF7, 0xE2, 0x3E, 0x52, 0x9A, 0xE2, 0x9B, 0x00,
    0x64, 0x6A, 0x04, 0x19, 0x0B, 0xA4, 0x6D, 0x2A, 0x39, 0x5A, 0x01, 0xBC, 0x7B, 0xF1, 0x5A, 0xD1,
    0x4E, 0xF5, 0xDC, 0x4E, 0x9C, 0xDA, 0xCF, 0xE8, 0x5B, 0x6A, 0x19, 0x25, 0x8D, 0x31, 0xF4, 0xA6,
    0x5D, 0xA1, 0xB3, 0xAB, 0x9D, 0x9F, 0xB5, 0x1C, 0x87, 0x32, 0x66, 0xAF, 0x0A, 0x52, 0x76, 0xD0,
    0xF7, 0x13, 0xE5, 0x18, 0x99, 0x28, 0xE1, 0x8C, 0x83, 0x1E, 0x69, 0xE4, 0x6C, 0xC0, 0xE1, 0x3B,
    0xAA, 0xDA, 0x49, 0x15, 0x8A, 0xB5, 0x0A, 0x2E, 0x54, 0x2B, 0x97, 0x8A, 0x5A, 0xE6, 0x58, 0xA6,
    0x8A, 0xE3, 0x2B, 0x15, 0x3B, 0x15, 0xBE, 0x5A, 0x9F, 0xBD, 0x88, 0xC9, 0xEB, 0x50, 0xB9, 0x00,
    0x35, 0xAD, 0x94, 0xB1, 0xA4, 0x52, 0x24, 0x91, 0xB3, 0xCD, 0xD1, 0xFF, 0xC7, 0x96, 0xC1, 0x09,
    0x7F, 0x92, 0xD0, 0x7F, 0x43, 0x09, 0x94, 0xBA, 0x78, 0xD3, 0x6F, 0xBB, 0x06, 0xC9, 0x1F, 0x8E,
    0x6A, 0xCE, 0x02, 0x65, 0x93, 0x8E, 0x6E, 0xAC, 0xE6, 0x6A, 0xA5, 0xCF, 0xA4, 0x43, 0xAE, 0xF6,
    0x82, 0x72, 0xE3, 0xE4, 0x4B, 0x9B, 0xB3, 0x9B, 0x95, 0xCA, 0xBE, 0x51, 0xF9, 0x86, 0xC8, 0x56,
    0x27, 0x06, 0xD9, 0xC8, 0x61, 0x71, 0xF1, 0x3D, 0x5C, 0xD8, 0xFD, 0x4F, 0x1B, 0xA0, 0xD8, 0xFE,
    0x21, 0x06, 0x22, 0x38, 0x64, 0xC2, 0x31, 0xE7, 0xFA, 0x0E, 0x87, 0xD8, 0x4B, 0x42, 0x11, 0x0D,
    0xDF, 0x57, 0x22, 0x72, 0xD4, 0xDE, 0x57, 0x7D, 0x37, 0x96, 0x2A, 0xA5, 0xF6, 0x60, 0x89, 0xA9,
    0x55, 0xC4, 0xC4, 0xD6, 0xD7, 0x9B, 0x54, 0x4D, 0xEE, 0x46, 0x0E, 0x48, 0x39, 0x65, 0x1E, 0xE0,
    0x54, 0x06, 0x24, 0xF4, 0xB5, 0xAC, 0x73, 0xDE, 0x5D, 0x2C, 0xAE, 0x76, 0x5F, 0xED, 0x47, 0x77,
    0x55, 0x78, 0x8A, 0x73, 0xD1, 0x6E, 0x0A, 0x6A, 0x1D, 0xC3, 0x60, 0xD3, 0x1C, 0x95, 0xF4, 0xEF,
    0x82, 0x2D, 0x79, 0x87, 0xF3, 0x09, 0xF7, 0xE4, 0x18, 0x3F, 0xD4, 0x18, 0xA4, 0x1B, 0x0E, 0xA5,
    0xA0, 0x5A, 0x13, 0xA2, 0x5E, 0xF0, 0x1D, 0xD4, 0x2B, 0x80, 0x2A, 0xB6, 0x40, 0x29, 0x37, 0xC9,
    0xCF, 0xBF, 0x81, 0x34, 0x31, 0x50, 0x11, 0xED, 0xBE, 0xBD, 0xEC, 0x8F, 0xE9, 0x1E, 0x1C, 0x8B,
    0x47, 0x29, 0xF7, 0x4E, 0x3A, 0xA8, 0xA5, 0x49, 0xA1, 0x8D, 0x7B, 0x89, 0x20, 0x89, 0x37, 0x8A,
    0xD4, 0x00, 0xAB, 0x20, 0xEC, 0xD9, 0xA9, 0x26, 0xA3, 0xF4, 0x2C, 0x39, 0x2C, 0x3E, 0xCC, 0x27,
    0x20, 0x05, 0x4E, 0x8E, 0x4E, 0x72, 0xB1, 0xCC, 0x84, 0xD2, 0x37, 0x0B, 0x8F, 0x84, 0xBA, 0x15,
    0xF8, 0x13, 0x22, 0x9B, 0xF0, 0x1E, 0xD0, 0xE1, 0xA5, 0xAB, 0x97, 0xFC, 0x38, 0x24, 0x2C, 0xC6,
    0x08, 0x94, 0x7B, 0x61, 0x1D, 0x94, 0x14, 0xC2, 0x96, 0x34, 0x65, 0x6D, 0x2F, 0x3D, 0xAB, 0xAD,
    0xD5, 0x57, 0x3F, 0x7D, 0x75, 0xE7, 0x2A, 0xF7, 0xAA, 0x8D, 0x2D, 0x17, 0xDB, 0xE6, 0x56, 0xC4,
    0x5D, 0x0E, 0x16, 0xA2, 0xAE, 0xD8, 0x87, 0x96, 0xEF, 0xD3, 0x09, 0x28, 0xD7, 0x7A, 0x89, 0xBE,
    0x4A, 0x08, 0xDA, 0xB5, 0xEB, 0xB6, 0xC3, 0x75, 0x7C, 0x73, 0x3D, 0x19, 0xF1, 0x4B, 0xE4, 0x21,
    0x25, 0x52, 0x7E, 0xA2, 0x12, 0x4D, 0x40, 0x6D, 0x5F, 0x9F, 0xA1, 0x13, 0xEF, 0x3A, 0xE6, 0xFA,
    0xED, 0x5D, 0xB4, 0x13, 0x8A, 0x4D, 0x4F, 0xE3, 0x6E, 0xC7, 0x47, 0xBB, 0x13, 0x40, 0x02, 0xBE,
    0x0E, 0x3A, 0x01, 0x5A, 0x25, 0xBD, 0xB0, 0x5F, 0x84, 0xB9, 0xB2, 0x08, 0x11, 0x89, 0x1C, 0x91,
    0x04, 0x29, 0x1B, 0x9C, 0x5B, 0x3F, 0x5D, 0x2A, 0x8E, 0xF4, 0x8F, 0x97, 0xDB, 0x7C, 0x74, 0x22,
    0xE7, 0xBE, 0x50, 0xA9, 0x1B, 0x0B, 0x91, 0xDE, 0x02, 0xCB, 0x02, 0x90, 0x07, 0x0D, 0x29, 0xE1,
    0xA4, 0xCF, 0xA2, 0xDA, 0x4B, 0xCA, 0xAA, 0x29, 0x06, 0xA0, 0x9D, 0x7A, 0x1F, 0x7D, 0xCD, 0x56,
    0x4E, 0x22, 0x1A, 0x67, 0xE1, 0x6B, 0xA7, 0x50, 0x3B, 0x8E, 0xCC, 0xA0, 0xEE, 0x6C, 0xE0, 0x16,
    0xBE, 0xA1, 0x16, 0x14, 0xF2, 0x75, 0xA6, 0xF2, 0x11, 0x1C, 0x22, 0xDE, 0x43, 0xC4, 0x2B, 0x02,
    0x68, 0x02, 0x9E, 0x08, 0xCD, 0x82, 0x34, 0x79, 0x7E, 0x3C, 0xBF, 0x78, 0x12, 0x4D, 0xA3, 0xAB,
    0xC1, 0x78, 0x99, 0xCF, 0x2D, 0xDE, 0x17, 0x9B, 0x9A, 0x35, 0xB9, 0x97, 0xDB, 0x9F, 0x97, 0x3B,
    0x5C, 0x4F, 0x3F, 0x77, 0x6A, 0x9A, 0xE5, 0x6B, 0x3E, 0x69, 0xDC, 0x91, 0x2D, 0x75, 0x9A, 0xEA,
    0xE2, 0xC6, 0xC3, 0x27, 0xC5, 0x7E, 0x31, 0x90, 0x22, 0x49, 0xEC, 0xE7, 0x2F, 0x9D, 0x8B, 0xE8,
    0xD0, 0x07, 0x79, 0x68, 0x5B, 0x36, 0x85, 0x8C, 0xF6, 0x41, 0xCF, 0xB1, 0x62, 0xB4, 0xA1, 0x10,
    0x22, 0x89, 0x08, 0x1A, 0xF3, 0x28, 0x4B, 0xF1, 0x0A, 0xB3, 0xE8, 0x37, 0x11, 0x6E, 0x72, 0x03,
    0xC8, 0xBE, 0x93, 0x66, 0x4D, 0x1A, 0xDA, 0x15, 0xC9, 0x1F, 0x8B, 0x19, 0x8F, 0x99, 0xE8, 0x16,
    0xBE, 0x28, 0x66, 0x81, 0xEE, 0x2E, 0x07, 0xF4, 0xC1, 0xF1, 0x63, 0x46, 0x90, 0xA1, 0x12, 0xE4,
    0xE4, 0xEF, 0x43, 0x12, 0x3F, 0x04, 0xDC, 0x68, 0xEC, 0x89, 0x3D, 0x31, 0x85, 0x0F, 0x69, 0xC7,
    0x8F, 0x53, 0xE7, 0xB3, 0xB3, 0x33, 0xA8, 0xBA, 0x17, 0x80, 0xD8, 0x75, 0x49, 0x1C, 0x21, 0x95,
    0x1B, 0x2A, 0xAF, 0x7B, 0x9B, 0xE3, 0xF9, 0x1A, 0x5A, 0x68, 0x64, 0x09, 0x17, 0xDD, 0x00, 0x3D,
    0x3D, 0x3A, 0xA1, 0x7F, 0x8E, 0x6F, 0x37, 0x09, 0xD1, 0x77, 0xB2, 0x55, 0x0D, 0xF4, 0x72, 0xCA,
    0x71, 0x39, 0xDF, 0xA4, 0x3E, 0xBB, 0x1E, 0xB5, 0x71, 0xA7, 0x13, 0xF6, 0x73, 0x44, 0x4A, 0xDB,
    0x91, 0x65, 0x64, 0xE1, 0xDB, 0x46, 0xE8, 0x22, 0xF3, 0x47, 0x72, 0x24, 0xE3, 0x6A, 0x4A, 0x4B,
    0xB9, 0x7B, 0xFA, 0x82, 0xAB, 0xAD, 0x96, 0x50, 0xA2, 0x97, 0x53, 0xA5, 0x68, 0x5C, 0xBD, 0x3F,
    0x45, 0xFC, 0x7A, 0x8E, 0xF8, 0x78, 0x32, 0xDD, 0xED, 0x87, 0x59, 0xBC, 0x7E, 0x4D, 0xE2, 0x9B,
    0x7D, 0x0D, 0xB7, 0x22, 0x5B, 0xD4, 0x0D, 0x12, 0x76, 0xBA, 0x3F, 0xF9, 0x3E, 0x3D, 0xAA, 0xB5,
    0x64, 0x07, 0x37, 0xD5, 0x0B, 0x50, 0x76, 0xA5, 0xEE, 0x34, 0xA6, 0x47, 0x37, 0xED, 0xD5, 0x6E,
    0xE1, 0x26, 0x50, 0x75, 0x55, 0x87, 0xD6, 0xB7, 0x23, 0x38, 0xD2, 0x67, 0x7C, 0x93, 0x5D, 0x11,
    0xCA, 0x80, 0x72, 0x2A, 0x3D, 0xB2, 0x21, 0xEB, 0xAE, 0x3E, 0x07, 0x2F, 0xBC, 0x8E, 0x6C, 0x2E,
    0xBE, 0x04, 0x4F, 0xC2, 0xD2, 0x1B, 0x3B, 0x21, 0xBD, 0x72, 0xDE, 0x76, 0xED, 0xF0, 0x5E, 0x73,
    0x05, 0xD2, 0xD5, 0x22, 0x1D, 0xF7, 0xFA, 0x35, 0x38, 0x62, 0xD1, 0x10, 0x4F, 0x22, 0x24, 0x92,
    0x4C, 0xC2, 0x4F, 0x38, 0xD9, 0x37, 0x47, 0x1C, 0xEC, 0x2E, 0x27, 0x72, 0x89, 0x5A, 0x21, 0x0D,
    0xD5, 0x6A, 0x12, 0x66, 0x7C, 0xC8, 0x01, 0x6A, 0x6D, 0x73, 0xBF, 0x3B, 0xDF, 0x9B, 0x4C, 0x71,
    0x68, 0x92, 0x2D, 0xB1, 0x64, 0xD7, 0xC4, 0x20, 0xC5, 0xEC, 0x27, 0x0E, 0xB1, 0x92, 0x9D, 0x0B,
    0xE6, 0x51, 0xDF, 0x9E, 0xB8, 0x47, 0x45, 0xF9, 0x4B, 0xE8, 0xE5, 0x40, 0xC9, 0x26, 0x8D, 0x9E,
    0x0B, 0xD2, 0x34, 0xE3, 0x0C, 0xB7, 0xA0, 0xE0, 0x90, 0x73, 0x41, 0x3B, 0xCB, 0x3A, 0x50, 0x46,
    0x8F, 0x53, 0xF4, 0xF6, 0x25, 0x57, 0xD0, 0x23, 0xD5, 0xAF, 0x60, 0x72, 0x79, 0x2C, 0x8E, 0xFC,
    0x91, 0x68, 0xCC, 0xA9, 0x7D, 0xC8, 0x37, 0x39, 0x48, 0x42, 0xFB, 0xFF, 0xF0, 0x7D, 0xF1, 0xDA,
    0x85, 0x7F, 0xE5, 0x3F, 0xD8, 0x01, 0x2E, 0x70, 0x88, 0xA2, 0x35, 0xD1, 0x23, 0xBB, 0x9E, 0xB4,
    0x31, 0x36, 0x8E, 0xAB, 0x46, 0x46, 0x38, 0x06, 0xF5, 0x56, 0x54, 0xF6, 0x53, 0x78, 0x64, 0xA9,
    0x9E, 0x44, 0x62, 0xCA, 0x64, 0x1A, 0x86, 0xB7, 0x4D, 0x78, 0x2D, 0xBA, 0x21, 0xAB, 0x25, 0x1A,
    0x07, 0x1D, 0xDD, 0xA1, 0xD5, 0xDE, 0x6A, 0x9A, 0x18, 0x19, 0xD9, 0x98, 0x14, 0xD6, 0xCE, 0x4D,
    0xED, 0x04, 0xCD, 0x48, 0xEE, 0xED, 0x3D, 0x05, 0x1D, 0x2E, 0x99, 0x29, 0xD9, 0xCF, 0x4E, 0x6B,
    0x4E, 0xA6, 0x27, 0xBD, 0xC8, 0x38, 0x26, 0x1C, 0x4B, 0xC2, 0x79, 0x95, 0xA7, 0x69, 0xA7, 0x4C,
    0xA4, 0xEB, 0xFA, 0x25, 0x22, 0xBA, 0x0C, 0x05, 0x9B, 0x8C, 0x7F, 0x26, 0x4B, 0x11, 0xFC, 0x83,
    0x58, 0xAF, 0x92, 0xD3, 0x35, 0xCE, 0x18, 0x80, 0x5C, 0x28, 0x91, 0xB5, 0x32, 0xEF, 0x67, 0xC0,
    0x89, 0x9C, 0x93, 0xD4, 0x63, 0xAD, 0x0B, 0xB3, 0xF4, 0xA9, 0xAB, 0xF4, 0x10, 0xFF, 0xA4, 0x6E,
    0x72, 0xA9, 0x73, 0x22, 0x63, 0xA7, 0x5B, 0x48, 0x29, 0x21, 0xB6, 0x53, 0xEA, 0x41, 0xB9, 0xCC,
    0x6B, 0xD8, 0xAA, 0x68, 0x6A, 0xB2, 0x23, 0xA0, 0x8F, 0xC4, 0x09, 0x5E, 0x3E, 0xD8, 0xF2, 0x15,
    0x9C, 0xD4, 0x94, 0xF5, 0x75, 0x2E, 0x39, 0x88, 0xB8, 0x39, 0x3D, 0x0A, 0xEE, 0x53, 0xCE, 0xBA,
    0x39, 0xC5, 0x00, 0x47, 0x48, 0xE9, 0x03, 0xE4, 0x88, 0xC4, 0x59, 0xF2, 0x03, 0xFB, 0x37, 0xE2,
    0x33, 0x91, 0x31, 0x21, 0xF5, 0xBE, 0x96, 0x55, 0x4B, 0xA4, 0x34, 0x9D, 0x0F, 0x7E, 0x69, 0xCE,
    0x38, 0xFE, 0xCF, 0xAB, 0xC3, 0x0C, 0x73, 0xD9, 0xB2, 0x6B, 0xB9, 0xB5, 0xCC, 0x6A, 0x5E, 0x2F,
    0x67, 0xB5, 0x5F, 0xE4, 0x0A, 0xB7, 0xCA, 0xF3, 0x58, 0x13, 0xA9, 0xA4, 0xB2, 0xC9, 0x24, 0x91,
    0x43, 0xAE, 0x7F, 0x05, 0x07, 0xFD, 0xD8, 0x24, 0x9A, 0x65, 0x70, 0xAE, 0x83, 0x5C, 0xE6, 0x16,
    0xD8, 0x7F, 0xB7, 0x40, 0xBD, 0xF6, 0x5E, 0xEF, 0x15, 0x59, 0xE8, 0x1D, 0x33, 0x72, 0x50, 0x76,
    0x2A, 0x89, 0x46, 0xB5, 0x5E, 0x4C, 0x1F, 0xA7, 0xB4, 0xE9, 0x46, 0xAF, 0x1C, 0x35, 0x3D, 0x83,
    0x46, 0x2E, 0x2C, 0x34, 0x51, 0x25, 0x55, 0xBE, 0x55, 0x78, 0xE7, 0x6D, 0x21, 0xDE, 0xC2, 0x6B,
    0xDA, 0x08, 0xD2, 0xAC, 0xB0, 0xE7, 0xAD, 0xE4, 0x9B, 0x5A, 0xD9, 0xA7, 0xDC, 0xCE, 0x25, 0x6F,
    0x4B, 0xCB, 0xAF, 0x52, 0x7A, 0xF1, 0xAE, 0x20, 0x37, 0xF1, 0x82, 0x25, 0x79, 0x5B, 0x29, 0xB3,
    0xB5, 0x89, 0x4C, 0x4F, 0x21, 0xB6, 0xFD, 0xFE, 0xDA, 0x38, 0x46, 0x1B, 0x9E, 0xC2, 0xEE, 0xCE,
    0xD9, 0x99, 0x76, 0x91, 0xD8, 0x9C, 0xE1, 0xB4, 0xED, 0x8B, 0xD5, 0x9A, 0x85, 0xD6, 0x52, 0x67,
    0xF7, 0x9A, 0xB7, 0x31, 0x56, 0x7A, 0xD2, 0xB1, 0x39, 0xCF, 0x6B, 0x6A, 0x8B, 0x93, 0x9E, 0x2C,
    0xB9, 0xD7, 0x93, 0x1F, 0x9D, 0x9D, 0x9D, 0xF6, 0x8C, 0xB6, 0xE7, 0x53, 0x08, 0xDB, 0x6E, 0xAF,
    0x9E, 0x6D, 0xBB, 0x5D, 0xCC, 0xC9, 0x65, 0x4F, 0x40, 0x27, 0x01, 0x9F, 0x4F, 0x2F, 0x4E, 0xD6,
    0x95, 0xED, 0x34, 0x56, 0x04, 0xAC, 0x3F, 0xCE, 0xBA, 0x56, 0x6E, 0xC7, 0xC9, 0xD1, 0x3D, 0x01,
    0xC0, 0x9D, 0xE6, 0x60, 0x4A, 0x7A, 0xE5, 0xB4, 0xF9, 0x7A, 0x5C, 0xDA, 0x1C, 0x91, 0xCE, 0xC9,
    0x23, 0x7B, 0xA2, 0x74, 0xF5, 0xDC, 0xD0, 0x49, 0x4F, 0xBA, 0x0E, 0x0A, 0xAE, 0x41, 0x67, 0xB5,
    0x1F, 0xA0, 0xEA, 0x80, 0xFE, 0x9F, 0x9A, 0x76, 0xBD, 0x43, 0xA1, 0x3A, 0x24, 0xA6, 0xF6, 0x1B,
    0xDD, 0x11, 0xE9, 0xFC, 0xEC, 0xFB, 0xBB, 0x57, 0xA8, 0xF3, 0x7F, 0x01, 0xED, 0x5A, 0x31, 0xAC,
    0xE5, 0x48, 0x56, 0x3D, 0xB6, 0xF9, 0x6D, 0xD4, 0x66, 0xC7, 0x1B, 0xD0, 0x09, 0x62, 0xDA, 0xD1,
    0x26, 0x08, 0x70, 0x42, 0x6E, 0xEF, 0xE4, 0x12, 0x3F, 0xE8, 0x0F, 0x8B, 0x36, 0x80, 0x00, 0x02,
    0x48, 0x36, 0x0F, 0xC0, 0x66, 0x26, 0x97, 0x3A, 0x80, 0x88, 0x00, 0x82, 0x0E, 0x96, 0x9F, 0x4C,
    0x42, 0x82, 0xB4, 0xC8, 0x46, 0x84, 0x04, 0x58, 0x20, 0x31, 0xA9, 0x41, 0xAC, 0x90, 0x98, 0x60,
    0xCC, 0xE2, 0xDE, 0xF5, 0x74, 0xDB, 0x3E, 0xBC, 0x3A, 0xD7, 0xAF, 0xFC, 0x5E, 0xCF, 0xFB, 0x9A,
    0x9D, 0x51, 0x77, 0x4F, 0x4F, 0x6B, 0xAE, 0xF4, 0xCF, 0x3D, 0xE5, 0x57, 0xB6, 0xED, 0x5B, 0xB7,
    0x6E, 0xDD, 0xBA, 0xFE, 0x70, 0x12, 0xAD, 0xA7, 0x2A, 0x36, 0x95, 0x2C, 0xC0, 0xBD, 0xE6, 0x2F,
    0xF2, 0x19, 0x68, 0x48, 0x4E, 0x48, 0x48, 0xB2, 0x47, 0xE1, 0x54, 0x09, 0x4A, 0x45, 0x52, 0x6D,
    0xCC, 0xF5, 0xBB, 0x0D, 0x87, 0x94, 0x03, 0x12, 0x8E, 0x19, 0x5B, 0x84, 0x9C, 0x0B, 0x96, 0x80,
    0x53, 0x00, 0xAA, 0xA5, 0x58, 0x00, 0x14, 0x6B, 0x35, 0xEF, 0x2A, 0xE7, 0x51, 0xD9, 0x6F, 0xC5,
    0x2A, 0xA5, 0x13, 0x9A, 0x25, 0x67, 0xED, 0x4E, 0x4F, 0xD9, 0x21, 0xE2, 0x94, 0x70, 0x42, 0xC6,
    0x21, 0x22, 0xFF, 0x87, 0xEC, 0x03, 0xBB, 0xAD, 0x1E, 0x8C, 0x40, 0xA6, 0xE7, 0x43, 0x48, 0xB2,
    0xD3, 0x05, 0x17, 0x38, 0xB9, 0xC1, 0xA9, 0xA4, 0xA3, 0xC3, 0x4C, 0x98, 0x0F, 0xC0, 0x15, 0xAA,
    0x01, 0xB1, 0x4E, 0xA9, 0x48, 0x96, 0x01, 0xC9, 0x59, 0x07, 0x16, 0xA4, 0xBA, 0x6E, 0xCE, 0x3A,
    0x67, 0x5B, 0xAC, 0x88, 0xD9, 0x56, 0x33, 0x22, 0x76, 0xCD, 0x84, 0x90, 0x7D, 0x33, 0x22, 0xE0,
    0x60, 0x68, 0x47, 0xEC, 0x57, 0xEB, 0x59, 0xE8, 0xAC, 0x54, 0xE6, 0x89, 0x49, 0xAE, 0x08, 0xED,
    0xF1, 0x2A, 0x3D, 0x5D, 0x42, 0x99, 0xF7, 0x41, 0x09, 0x93, 0x74, 0xF2, 0xCA, 0x3F, 0x1E, 0x8A,
    0xE1, 0xC1, 0x35, 0xF0, 0x80, 0xBD, 0x3B, 0xAF, 0x61, 0x6B, 0x0A, 0x52, 0xD3, 0xEB, 0x50, 0x33,
    0xC0, 0x11, 0xCD, 0x82, 0xF0, 0xA0, 0x2A, 0x96, 0x09, 0x07, 0x14, 0x7C, 0xDA, 0xB0, 0x47, 0x66,
    0xA6, 0x4F, 0xCC, 0xF4, 0x81, 0xEC, 0xA5, 0x97, 0xEB, 0x01, 0xDC, 0xE3, 0x8A, 0x0B, 0x92, 0xCC,
    0x86, 0xFB, 0x9B, 0x56, 0x63, 0x33, 0x22, 0xE7, 0x20, 0x6C, 0x1D, 0xAE, 0x70, 0xB8, 0x7C, 0x71,
    0x9C, 0x84, 0x33, 0x8A, 0x05, 0xD5, 0x81, 0x2C, 0x28, 0xF8, 0x31, 0x1D, 0xF2, 0x80, 0x99, 0x30,
    0x26, 0xFF, 0x7A, 0x41, 0xC0, 0x25, 0x5B, 0x80, 0xAB, 0x12, 0x17, 0x25, 0x1C, 0xF1, 0xA3, 0x23,
    0x8F, 0xF9, 0xFD, 0xD5, 0x1F, 0x27, 0x67, 0xDF, 0xA9, 0x62, 0xEF, 0x79, 0xC6, 0x72, 0x3F, 0xF9,
    0x87, 0x38, 0x93, 0x07, 0x37, 0x8F, 0xE4, 0x82, 0x07, 0x79, 0xD4, 0x90, 0x6B, 0x29, 0x2F, 0xE0,
    0x72, 0xE0, 0x1C, 0x4F, 0xF8, 0x7A, 0xC2, 0x59, 0x9F, 0xF0, 0x5E, 0x7C, 0x6E, 0x96, 0x9B, 0x86,
    0x63, 0x70, 0x7B, 0xFB, 0xA1, 0x7C, 0x2D, 0xD2, 0xA3, 0xA4, 0xF2, 0x44, 0x50, 0xD3, 0x86, 0xB5,
    0xE3, 0x9A, 0x3B, 0x0D, 0xE1, 0x78, 0xAE, 0x71, 0x99, 0xC5, 0x33, 0x02, 0x11, 0x47, 0xF1, 0x94,
    0x25, 0x52, 0xF6, 0x9E, 0xE7, 0x6C, 0x3D, 0xAF, 0x08, 0xCF, 0xB9, 0xE0, 0x78, 0x6E, 0xC4, 0xC9,
    0x78, 0x41, 0x24, 0x1C, 0x8C, 0x57, 0x2B, 0x32, 0xB6, 0xC6, 0x65, 0xE8, 0x52, 0x3C, 0xE6, 0x0C,
    0xEA, 0x31, 0xD6, 0x5B, 0x72, 0x08, 0xB9, 0xDE, 0xDE, 0xFE, 0xAD, 0xDE, 0xA5, 0x8B, 0x1D, 0xAE,
    0xE2, 0xF5, 0xCE, 0x17, 0xEC, 0xBC, 0xDF, 0xF9, 0xA7, 0xD8, 0xF8, 0x25, 0x47, 0xAA, 0x83, 0xE1,
    0xC8, 0xF3, 0x31, 0x99, 0x8F, 0x76, 0x4E, 0xD9, 0x8C, 0x90, 0x9D, 0x35, 0x5E, 0x1D, 0xCC, 0xCE,
    0x32, 0x89, 0xF8, 0xEA, 0x4E, 0x98, 0x8D, 0xB3, 0x06, 0xAE, 0xAE, 0x8D, 0x1F, 0x87, 0xD3, 0xEC,
    0xBC, 0x71, 0xB3, 0xB3, 0x66, 0xB0, 0xBD, 0xE3, 0xCE, 0x8B, 0x75, 0xE7, 0x39, 0xC5, 0xCD, 0x56,
    0xE2, 0xAB, 0xB7, 0x21, 0x9A, 0xD9, 0xF3, 0x80, 0x83, 0xE7, 0x11, 0x3B, 0xCF, 0x53, 0xD6, 0x7E,
    0x8C, 0x72, 0x7A, 0x3B, 0xA3, 0x99, 0xBD, 0x9D, 0x03, 0x8E, 0xDE, 0xCE, 0x11, 0x7B, 0x6F, 0xE7,
    0x94, 0xED, 0xD1, 0xCE, 0x3A, 0x15, 0x0D, 0x7D, 0x24, 0xAB, 0xC5, 0x6B, 0x08, 0xCD, 0xCE, 0x3B,
    0xEF, 0x3D, 0x77, 0x76, 0x36, 0x8E, 0xCF, 0xC8, 0x88, 0xDF, 0x34, 0xCF, 0x6F, 0x23, 0x06, 0xEA,
    0x10, 0xB1, 0x0D, 0xF8, 0x09, 0x61, 0x14, 0x05, 0xE7, 0x8D, 0xCA, 0xA3, 0x36, 0x1A, 0xA9, 0xAB,
    0x28, 0x6E, 0xE0, 0xA9, 0xE4, 0xDA, 0xD3, 0x8C, 0x1F, 0xB0, 0xCD, 0x49, 0x0E, 0x20, 0x7F, 0xB6,
    0xD1, 0x88, 0xE4, 0x46, 0xD3, 0x9D, 0x66, 0x7C, 0xB6, 0xD1, 0xAE, 0x60, 0xE9, 0xFC, 0xD5, 0x19,
    0xAD, 0x98, 0x91, 0x38, 0x5A, 0x10, 0xD5, 0xA4, 0x5B, 0xC8, 0xDA, 0xA3, 0xA8, 0xB3, 0x98, 0x51,
    0xB3, 0xB5, 0x51, 0x99, 0xDA, 0xA8, 0x59, 0x5A, 0xB4, 0x9A, 0x81, 0xCA, 0x2E, 0xC6, 0x51, 0xD7,
    0xCB, 0xD9, 0xCA, 0xCC, 0xB9, 0x6E, 0x9C, 0xEE, 0x8F, 0x93, 0x91, 0x1C, 0xF7, 0x87, 0x1C, 0x41,
    0x3E, 0x3B, 0xD2, 0x9C, 0xFF, 0x7A, 0xA4, 0x78, 0xE4, 0x03, 0xC0, 0x35, 0xB6, 0x00, 0x70, 0xDD,
    0x4C, 0x66, 0x0A, 0x72, 0xFC, 0xE2, 0x14, 0x37, 0x7C, 0x7A, 0xBD, 0x51, 0x70, 0xC0, 0x57, 0x4C,
    0x1F, 0x7B, 0x1A, 0x8E, 0xA1, 0xA3, 0x87, 0x49, 0xFE, 0x37, 0xC9, 0xFA, 0xFB, 0x8E, 0x92, 0x1C,
    0x33, 0x92, 0xBD, 0xD1, 0x94, 0x64, 0x6B, 0x34, 0x26, 0x59, 0x1A, 0x0D, 0xC8, 0x05, 0x46, 0x91,
    0xEF, 0xC1, 0x74, 0x37, 0x9C, 0x17, 0x96, 0x67, 0x2E, 0x14, 0xB3, 0x97, 0x4D, 0x13, 0xF6, 0xCD,
    0x64, 0xC7, 0xA5, 0x03, 0x4D, 0x46, 0xC9, 0xDD, 0xDA, 0xFA, 0xBF, 0x2E, 0x2D, 0xA3, 0x38, 0x4D,
    0x72, 0xFC, 0x5C, 0xED, 0xDF, 0xCF, 0x74, 0xB2, 0xE9, 0x8C, 0xB5, 0x1D, 0x66, 0x69, 0x66, 0x20,
    0x00, 0x05, 0x76, 0x3F, 0x24, 0x92, 0x3F, 0xDB, 0x17, 0xA1, 0xA2, 0xD3, 0xF1, 0x62, 0x0A, 0x38,
    0x55, 0x06, 0xE0, 0x78, 0x80, 0xAA, 0x3B, 0x00, 0xF0, 0x59, 0xE0, 0xF0, 0x8A, 0x01, 0x10, 0x84,
    0x1C, 0x34, 0x82, 0x08, 0x94, 0x04, 0x91, 0x2D, 0x50, 0xB1, 0x04, 0x8A, 0x19, 0x40, 0xF6, 0x58,
    0xD3, 0xE5, 0xEA, 0x11, 0x10, 0x1C, 0x26, 0x4C, 0x69, 0x01, 0x52, 0xEF, 0xCE, 0xBE, 0x59, 0x4E,
    0x1B, 0x3C, 0x6B, 0xD4, 0xA7, 0x8D, 0xEE, 0xB4, 0x31, 0xA8, 0x11, 0xFC, 0x0E, 0x7F, 0x5C, 0x36,
    0x9C, 0xD5, 0x40, 0x28, 0xCF, 0x5C, 0x4F, 0x1B, 0x2C, 0x4F, 0x1B, 0xED, 0xDE, 0xF8, 0x19, 0x87,
    0xBD, 0xF1, 0x13, 0x4E, 0x7B, 0x63, 0xE4, 0x72, 0xD2, 0x28, 0x78, 0xD2, 0xC8, 0xF8, 0x2F, 0x7B,
    0x23, 0xE1, 0x27, 0x7B, 0x23, 0x22, 0xF7, 0x06, 0xCE, 0x1A, 0x15, 0x89, 0xA0, 0x8D, 0xAC, 0x91,
    0x93, 0x88, 0xFB, 0xD8, 0x1A, 0x29, 0x89, 0x74, 0xF9, 0xC1, 0x31, 0x8A, 0x11, 0x85, 0x66, 0x94,
    0x12, 0x4F, 0x22, 0xB7, 0x39, 0x35, 0x6A, 0x8D, 0x4B, 0xC9, 0x15, 0x6A, 0x14, 0x74, 0x5D, 0x27,
    0x35, 0xF4, 0xA6, 0x15, 0x3B, 0x78, 0x09, 0x1E, 0x5D, 0xCC, 0x7C, 0xD6, 0x23, 0x4B, 0xFC, 0x6A,
    0x90, 0xB2, 0xB5, 0x31, 0x71, 0x6C, 0x1B, 0x90, 0x94, 0xF5, 0x36, 0x1A, 0xD1, 0x8A, 0xE3, 0x50,
    0xE0, 0xC0, 0x6A, 0xCF, 0x3A, 0xCF, 0x06, 0xCF, 0x64, 0xFE, 0x84, 0xA5, 0xD9, 0xDE, 0x18, 0x4B,
    0xCF, 0x5A, 0x63, 0x32, 0xB9, 0x98, 0xEC, 0x6D, 0x4C, 0xC6, 0x36, 0x56, 0xD0, 0x98, 0xCC, 0x2C,
    0x26, 0x1B, 0x1B, 0x93, 0x81, 0x8D, 0x61, 0x67, 0x95, 0x67, 0xB9, 0x67, 0xA9, 0x67, 0x91, 0x67,
    0x81, 0x67, 0x68, 0x3C, 0x2B, 0x3C, 0x4B, 0xC5, 0xBC, 0x5D, 0x76, 0xE6, 0xE7, 0x1D, 0xFD, 0x21,
    0x7A, 0x43, 0x2E, 0x46, 0x2C, 0x85, 0x92, 0x84, 0xFB, 0x48, 0x7C, 0x8A, 0x33, 0xF1, 0x89, 0xBF,
    0xCD, 0x07, 0xE5, 0x50, 0xE7, 0xBA, 0x9A, 0x7D, 0xBF, 0xBB, 0xE5, 0xDA, 0x32, 0xEB, 0x9C, 0x25,
    0x8A, 0xB9, 0x7A, 0x4A, 0x76, 0x4E, 0x93, 0x1C, 0x36, 0x3D, 0x49, 0x3F, 0xE7, 0x2C, 0x8D, 0x6A,
    0x71, 0xFA, 0xD0, 0x90, 0x9E, 0x90, 0xBF, 0x0E, 0x7D, 0xFE, 0x3E, 0x8D, 0xE9, 0x60, 0x33, 0x52,
    0xC5, 0x71, 0xB3, 0xE8, 0x20, 0x9D, 0xB1, 0x3D, 0xB3, 0x75, 0xFC, 0x5F, 0xF0, 0xF2, 0xF7, 0xC8,
    0x65, 0xD4, 0x8F, 0xE4, 0xB3, 0x0D, 0x65, 0xA9, 0xDC, 0x2E, 0x14, 0x6F, 0xA6, 0xBE, 0xC5, 0x2E,
    0x67, 0x39, 0x89, 0xEF, 0x92, 0xD8, 0x9D, 0x52, 0x53, 0x76, 0xFA, 0x31, 0xBD, 0xA9, 0x6C, 0x10,
    0x1B, 0x1B, 0x55, 0x7E, 0xCC, 0xFD, 0x7E, 0x11, 0xFF, 0x89, 0x2D, 0x10, 0xF3, 0x03, 0xDB, 0xD4,
    0x7D, 0x97, 0x83, 0x9E, 0xD2, 0xA9, 0xCC, 0xD2, 0xC0, 0x62, 0xB6, 0x04, 0x83, 0xE4, 0xE2, 0x93,
    0x50, 0x3A, 0x41, 0x20, 0x55, 0xFB, 0xDD, 0xB3, 0x72, 0x15, 0x37, 0xF7, 0x42, 0xF6, 0x8A, 0x5B,
    0x1C, 0x32, 0x02, 0xE0, 0x58, 0x2C, 0xBB, 0x91, 0x80, 0x87, 0x88, 0x5A, 0xA0, 0xEA, 0xF2, 0x01,
    0xC8, 0x57, 0xBB, 0x33, 0x95, 0xF2, 0x2E, 0x36, 0xF4, 0xFB, 0xD6, 0xD2, 0xE4, 0xDA, 0x27, 0x5C,
    0x20, 0xFF, 0x8F, 0xAD, 0x65, 0x30, 0xA9, 0x30, 0x17, 0x5A, 0x5E, 0x55, 0x29, 0xA5, 0x54, 0x72,
    0xD9, 0x5A, 0x9E, 0xC4, 0x61, 0x47, 0x3B, 0x62, 0x49, 0x93, 0xF5, 0xB4, 0xB3, 0x72, 0x3E, 0xF7,
    0x57, 0x8B, 0x84, 0x76, 0x17, 0xE4, 0xBA, 0xA3, 0xEE, 0x2E, 0x89, 0xBB, 0x70, 0x40, 0xBA, 0xE4,
    0xDA, 0x5F, 0x8F, 0x16, 0xFF, 0x6D, 0xCB, 0x72, 0xFF, 0x89, 0xDF, 0x30, 0xDD, 0xDC, 0x28, 0xC0,
    0x5D, 0x02, 0x75, 0x7E, 0x49, 0xF0, 0xA0, 0x5A, 0xEF, 0xBE, 0x91, 0xB7, 0xB2, 0xB3, 0x71, 0xBE,
    0xB2, 0x77, 0xF6, 0x95, 0x75, 0xAB, 0xF1, 0xDC, 0xB2, 0xCD, 0xF8, 0x72, 0xFF, 0xF0, 0x6D, 0x48,
    0xFE, 0x41, 0x5E, 0x1D, 0xB8, 0x94, 0x72, 0x77, 0xBD, 0x8C, 0x5B, 0x5A, 0xD8, 0x9B, 0x57, 0x97,
    0xD8, 0xE5, 0x5E, 0xF3, 0x18, 0xD6, 0xB3, 0x94, 0x3B, 0x58, 0x26, 0x4B, 0x2E, 0xF8, 0x9A, 0xD5,
    0x68, 0x7E, 0x03, 0x71, 0x0D, 0x34, 0x5D, 0x31, 0x00, 0xC5, 0x33, 0xCB, 0xF5, 0xA9, 0xB7, 0x9E,
    0x7D, 0xBE, 0x73, 0x36, 0x04, 0x57, 0x36, 0x8D, 0x17, 0x6C, 0xB5, 0x95, 0x40, 0xB7, 0x50, 0xCD,
    0xE5, 0x75, 0x56, 0x70, 0x80, 0xAC, 0x4C, 0x9C, 0x3F, 0x8F, 0xCD, 0xA0, 0xF7, 0x54, 0x5C, 0xD0,
    0xB8, 0xD9, 0xB0, 0xFD, 0xDA, 0xE3, 0x7D, 0x53, 0xE0, 0xFE, 0x6C, 0x4F, 0xFD, 0xCA, 0x51, 0x35,
    0x1C, 0x2B, 0xE1, 0x58, 0x05, 0xC7, 0x0A, 0x38, 0x56, 0xBF, 0x49, 0x7C, 0x1C, 0x5A, 0xAC, 0x78,
    0x73, 0xA1, 0x76, 0xF3, 0x77, 0x78, 0x88, 0x90, 0x25, 0x5B, 0x0B, 0x7D, 0x0A, 0x8A, 0x29, 0x07,
    0x45, 0xD0, 0xF3, 0xA1, 0x83, 0xD5, 0x62, 0xBE, 0x2C, 0x4C, 0x0E, 0xDC, 0x32, 0xA4, 0xFA, 0x8D,
    0xCA, 0x37, 0xF2, 0xE0, 0xCC, 0x81, 0x6A, 0x37, 0x2A, 0xDD, 0x9C, 0x57, 0x6E, 0xFE, 0x14, 0xB9,
    0x6B, 0xF2, 0x3F, 0xD9, 0x9A, 0x03, 0xB8, 0x56, 0xCA, 0xF9, 0xCE, 0x89, 0x12, 0x7C, 0xF8, 0x04,
    0xD6, 0xB3, 0x06, 0x62, 0x1B, 0xD1, 0xDC, 0x9C, 0xD3, 0x5C, 0x35, 0x94, 0x42, 0xCC, 0x15, 0xD9,
    0xA2, 0x37, 0x0D, 0x46, 0x5B, 0x81, 0xBE, 0x0D, 0x4D, 0x14, 0xBF, 0xD2, 0x17, 0x8B, 0x54, 0xB5,
    0xE0, 0xFE, 0xED, 0xED, 0x13, 0x85, 0x44, 0x4E, 0x47, 0xB5, 0x48, 0x15, 0xAB, 0x29, 0x22, 0xB8,
    0x69, 0x26, 0x4D, 0x94, 0x66, 0xCC, 0x94, 0x01, 0x0F, 0xA9, 0xDC, 0x74, 0x88, 0xC8, 0xBF, 0xAC,
    0xD8, 0x6D, 0x8B, 0xC1, 0x0B, 0x13, 0x25, 0xBA, 0x7B, 0xA2, 0xA4, 0x08, 0x3B, 0xA0, 0xE8, 0xF3,
    0x51, 0xAB, 0x40, 0xAF, 0xB7, 0xA9, 0x81, 0x60, 0x5F, 0x05, 0x54, 0xE0, 0x38, 0xDF, 0x5B, 0x65,
    0xEC, 0xD8, 0x81, 0x5C, 0xD8, 0x2B, 0x22, 0xF4, 0xA9, 0x30, 0x13, 0x16, 0x2C, 0x33, 0xF6, 0xD5,
    0x82, 0x98, 0xBD, 0xF6, 0xD4, 0x9A, 0x22, 0x97, 0xD0, 0x7E, 0x2D, 0xD4, 0x53, 0xAB, 0xC0, 0x76,
    0x85, 0x44, 0x18, 0x0A, 0x51, 0xF1, 0xA7, 0x07, 0xBC, 0xB7, 0xBE, 0xA7, 0x57, 0x88, 0x36, 0x6C,
    0xD1, 0x21, 0x65, 0x1B, 0xAE, 0x37, 0xCD, 0x16, 0x95, 0x90, 0xF8, 0xA2, 0xEB, 0x70, 0x1C, 0xC3,
    0xE0, 0x4F, 0x1E, 0x7F, 0x9D, 0xC3, 0x1A, 0xE1, 0xE4, 0xFB, 0x93, 0x54, 0x3A, 0x48, 0x65, 0xBD,
    0x54, 0xFE, 0xBF, 0xA5, 0x14, 0xFB, 0x93, 0x8C, 0x23, 0xD1, 0x79, 0x08, 0xD6, 0xAF, 0x3E, 0xA2,
    0x65, 0xA3, 0x50, 0xCF, 0x53, 0xB4, 0xC2, 0xFF, 0x2E, 0x1D, 0xB2, 0xF7, 0x8F, 0x9D, 0x2A, 0xD9,
    0x0A, 0x7E, 0xF8, 0x4D, 0x85, 0xF3, 0x65, 0x54, 0x38, 0xCD, 0x86, 0x26, 0x66, 0x43, 0xCF, 0x39,
    0x9E, 0xF0, 0xF5, 0x84, 0xB3, 0x36, 0xFE, 0x4D, 0xF5, 0xD2, 0x38, 0xBC, 0x04, 0xBD, 0x54, 0x36,
    0xA8, 0x61, 0xF6, 0x48, 0x38, 0xEB, 0x18, 0xB5, 0x71, 0x48, 0x6D, 0xDF, 0x75, 0x7F, 0xB3, 0xF3,
    0x1F, 0xEF, 0x85, 0x97, 0x7D, 0x07, 0xF0, 0xB1, 0xED, 0x00, 0xDE, 0x9F, 0x4F, 0x54, 0xFE, 0xD1,
    0xE4, 0xBB, 0x68, 0xE7, 0xF0, 0x35, 0xDE, 0x47, 0xFC, 0x81, 0xAC, 0x63, 0xC6, 0xB1, 0x77, 0x5C,
    0x65, 0xAE, 0xC5, 0x47, 0xEA, 0xD0, 0x51, 0xA0, 0xC7, 0x8B, 0x52, 0xE8, 0x10, 0x67, 0xF5, 0x5C,
    0x1D, 0x0E, 0xD5, 0x8E, 0x8B, 0x5D, 0x67, 0xDE, 0xD7, 0xA0, 0x7B, 0x6F, 0xDE, 0x4E, 0xE4, 0x54,
    0x1E, 0x7A, 0xC7, 0xE1, 0x67, 0x3F, 0xE9, 0x34, 0x6C, 0x8D, 0x04, 0xFB, 0xB4, 0xA4, 0x4F, 0xE4,
    0x9E, 0xE0, 0x45, 0x09, 0x14, 0x08, 0xCD, 0x13, 0xC8, 0xCD, 0xEB, 0x3C, 0x2B, 0x3C, 0x6B, 0x8E,
    0x2C, 0xE0, 0x91, 0x45, 0x52, 0x3A, 0xD5, 0xB3, 0x8C, 0x8D, 0x98, 0x5F, 0xB1, 0x64, 0xF8, 0x8D,
    0x85, 0x1C, 0x2A, 0x92, 0x9D, 0x06, 0xCC, 0x98, 0x33, 0xC5, 0xC6, 0x72, 0x62, 0x63, 0xD5, 0x72,
    0x64, 0x5C, 0x6E, 0xEC, 0x7A, 0xA1, 0x7F, 0x90, 0xD8, 0xB3, 0xF4, 0xD2, 0x63, 0x1E, 0x42, 0x5B,
    0xB3, 0xB8, 0x37, 0xDA, 0x96, 0x09, 0xCE, 0x11, 0x87, 0x8D, 0x69, 0xCD, 0x12, 0xCB, 0x58, 0x6F,
    0xAC, 0x20, 0xC4, 0xEC, 0xF4, 0x5F, 0x86, 0xC9, 0x8F, 0x4C, 0x45, 0x34, 0xAD, 0xEE, 0x50, 0x6C,
    0xD8, 0xE7, 0xE8, 0x5E, 0xEA, 0xC5, 0x6F, 0xE1, 0x4C, 0x1E, 0xD9, 0x85, 0x72, 0x8E, 0x89, 0x2D,
    0x29, 0x6B, 0x65, 0x0B, 0xA1, 0xF9, 0x8B, 0xE9, 0x41, 0xED, 0xE7, 0x1C, 0xA3, 0x31, 0xE0, 0xEA,
    0xA6, 0x4A, 0x0B, 0x4E, 0xC8, 0x66, 0x00, 0x8D, 0xDB, 0x75, 0xE2, 0x57, 0x6E, 0xF9, 0xEC, 0xF6,
    0xC3, 0x35, 0xA4, 0x64, 0xCD, 0x36, 0x5D, 0xF0, 0xB6, 0x79, 0x76, 0x08, 0xE0, 0xAE, 0x3E, 0x3A,
    0xA9, 0xB3, 0xF2, 0xBA, 0x92, 0x23, 0x5C, 0x10, 0x6F, 0x9B, 0x59, 0x26, 0x1A, 0x2A, 0x4A, 0xC6,
    0x82, 0xFC, 0x09, 0xC9, 0x39, 0xA5, 0x4C, 0xDD, 0x87, 0x5C, 0x6C, 0xE5, 0xBC, 0x2A, 0x6D, 0x37,
    0x70, 0x39, 0x10, 0xA1, 0x99, 0xEE, 0x0C, 0x44, 0xFB, 0x04, 0x09, 0x4A, 0xA5, 0x3C, 0x51, 0x2F,
    0x0F, 0xF9, 0xED, 0xC1, 0xBC, 0xA8, 0xFB, 0xBC, 0xAF, 0xED, 0x85, 0xA5, 0x3C, 0x8D, 0xEC, 0x1F,
    0xAC, 0x07, 0xB5, 0x22, 0x9E, 0x94, 0xF2, 0xA4, 0x83, 0x3C, 0xA7, 0x68, 0xA5, 0x9A, 0xD2, 0xA5,
    0x3C, 0xE1, 0xA2, 0x94, 0x27, 0x9E, 0x94, 0xF2, 0xA4, 0x83, 0x53, 0x2C, 0x5A, 0xA5, 0x3C, 0x04,
    0x38, 0x67, 0x8A, 0xD4, 0x53, 0xCA, 0xF9, 0x42, 0xCA, 0x23, 0x65, 0x1E, 0x34, 0x21, 0x79, 0xAE,
    0xE7, 0x4B, 0x7B, 0x25, 0xA8, 0x61, 0x7B, 0xBE, 0x1D, 0x80, 0x66, 0x4A, 0x38, 0x9C, 0x7C, 0xF0,
    0x5D, 0xE4, 0x7D, 0x93, 0x0F, 0xB8, 0xD1, 0xA2, 0xF7, 0xEE, 0xB0, 0xCB, 0x15, 0x7E, 0x49, 0xE9,
    0x4F, 0x51, 0xEE, 0x9F, 0xE4, 0x97, 0x17, 0xD3, 0x9F, 0x4A, 0xE9, 0x0F, 0xDD, 0xFC, 0x8F, 0xE8,
    0xD2, 0x84, 0xE4, 0xA7, 0x2E, 0xFD, 0xC9, 0xFF, 0xC3, 0xA5, 0x3F, 0xD5, 0x9F, 0x1F, 0x70, 0xA2,
    0x4B, 0x7F, 0x38, 0xBB, 0xF4, 0x87, 0x83, 0xD2, 0x9F, 0xEE, 0x3C, 0xFD, 0xD9, 0xD2, 0xFF, 0x54,
    0xAF, 0x90, 0xFF, 0x33, 0x57, 0x20, 0x39, 0x1D, 0xC2, 0x5F, 0x44, 0xA8, 0xC1, 0x42, 0x5A, 0x03,
    0xA8, 0x5A, 0x05, 0x3E, 0x0E, 0x56, 0x35, 0x9F, 0xB3, 0x55, 0xE3, 0x19, 0x29, 0x5B, 0x5D, 0xD1,
    0x00, 0xC0, 0xAF, 0xE3, 0x57, 0xDF, 0xA6, 0x4A, 0x53, 0x58, 0x87, 0x35, 0x90, 0x74, 0x49, 0x0F,
    0xE4, 0x63, 0x31, 0x02, 0x85, 0xAB, 0xDE, 0x20, 0x61, 0xA2, 0x93, 0xFE, 0x51, 0x05, 0x9C, 0xAE,
    0x38, 0x60, 0x82, 0xF4, 0x0D, 0x8B, 0xF2, 0xB6, 0xAC, 0x27, 0xEC, 0xBD, 0x81, 0x7D, 0x79, 0x90,
    0x1F, 0x99, 0x65, 0xD1, 0xD4, 0x00, 0xBE, 0x87, 0xEF, 0xBC, 0x45, 0x83, 0xE6, 0xD8, 0xE8, 0x97,
    0xE6, 0x54, 0xA9, 0x51, 0x4E, 0x6A, 0xAB, 0x58, 0xF4, 0x07, 0x6C, 0xB7, 0xED, 0xC8, 0x9B, 0x34,
    0x5C, 0x21, 0x82, 0x1A, 0x49, 0x1B, 0xF5, 0xC8, 0x86, 0x74, 0x42, 0x35, 0xE7, 0x0B, 0x32, 0x26,
    0x2C, 0x23, 0xF9, 0x58, 0x55, 0xE7, 0x2D, 0xDE, 0x41, 0x0C, 0xC9, 0x95, 0x5B, 0x62, 0x73, 0x92,
    0xEB, 0x45, 0xD0, 0x37, 0xFE, 0xE5, 0x02, 0x90, 0x1C, 0x2E, 0xC1, 0xDD, 0x67, 0xAC, 0x87, 0x3B,
    0xC9, 0x00, 0x97, 0xC0, 0x4F, 0x11, 0xE7, 0xFD, 0xBD, 0x4D, 0x91, 0xFC, 0x64, 0x8A, 0xC4, 0x67,
    0x53, 0xA4, 0x3B, 0x9F, 0x22, 0x56, 0xC4, 0x08, 0x69, 0x0F, 0xA6, 0x44, 0xD8, 0xF6, 0x4B, 0xB6,
    0x11, 0x5E, 0x15, 0xEA, 0xEA, 0x94, 0x48, 0x57, 0x44, 0x2C, 0xB3, 0xE5, 0x80, 0xB5, 0x8D, 0xC5,
    0x19, 0x2E, 0xEE, 0x43, 0x59, 0xB6, 0x9A, 0x73, 0x96, 0xC2, 0x3E, 0x18, 0xB6, 0xC0, 0x16, 0xEE,
    0x4E, 0x05, 0x64, 0xC7, 0x1D, 0x6A, 0xED, 0xCB, 0x02, 0x7F, 0x74, 0xDC, 0x78, 0x16, 0xEE, 0x27,
    0xD7, 0x37, 0x70, 0x33, 0x23, 0x5C, 0xC1, 0x12, 0xDF, 0xC3, 0x83, 0xBD, 0x24, 0x7B, 0xDD, 0x90,
    0x9C, 0x2E, 0xC2, 0x24, 0x87, 0xBB, 0x00, 0x24, 0xDB, 0x4B, 0x70, 0xF7, 0x19, 0x9F, 0xDA, 0x1E,
    0x92, 0xF3, 0x25, 0xD8, 0x3F, 0x9E, 0x58, 0x79, 0xA7, 0xE0, 0xBA, 0xD5, 0x05, 0x58, 0xB3, 0x05,
    0xB5, 0x57, 0xF5, 0xA2, 0x87, 0x4F, 0x38, 0xAA, 0x8B, 0xED, 0xCB, 0x13, 0x92, 0x43, 0xC6, 0xE7,
    0x2A, 0xCA, 0x14, 0x73, 0x31, 0x21, 0x5D, 0xAA, 0x11, 0xA9, 0x6D, 0xD7, 0x4E, 0xE0, 0xE9, 0xE1,
    0x85, 0x15, 0xE3, 0xAD, 0x62, 0xE0, 0x92, 0x80, 0xEC, 0x58, 0xDB, 0x18, 0x6D, 0x84, 0x2A, 0xB2,
    0xD7, 0xAA, 0xAF, 0x25, 0xFF, 0x1E, 0x42, 0x20, 0xAD, 0x93, 0x16, 0x45, 0x9F, 0xB9, 0x6D, 0x52,
    0x31, 0x23, 0x5F, 0x53, 0x22, 0xE6, 0x7B, 0x7A, 0xB4, 0xAA, 0xC4, 0xBB, 0x78, 0x67, 0xCF, 0x10,
    0xAF, 0x23, 0x92, 0xC3, 0x25, 0xD0, 0x06, 0xE9, 0xE5, 0x40, 0xF0, 0xBB, 0xFC, 0xF1, 0xDD, 0x37,
    0xF2, 0xCE, 0x6B, 0xBE, 0x2B, 0xD7, 0x95, 0xE7, 0xCA, 0x71, 0xE5, 0xB7, 0x72, 0xDB, 0x73, 0xAF,
    0xD5, 0x50, 0xBD, 0x72, 0xB8, 0x7A, 0xAC, 0xB0, 0x0A, 0xFB, 0x4C, 0x1C, 0x93, 0x03, 0xD2, 0xF5,
    0x07, 0x13, 0xD2, 0x21, 0x9E, 0x11, 0x5C, 0x07, 0xD7, 0x6F, 0xDC, 0xB7, 0x82, 0xE3, 0xA7, 0xD9,
    0x94, 0x9A, 0xA5, 0x5D, 0xD1, 0x17, 0x83, 0x0F, 0xB4, 0xAF, 0xEA, 0x5B, 0xC1, 0x15, 0xC2, 0xBD,
    0xEC, 0x8C, 0x42, 0x9F, 0x83, 0xC0, 0xD1, 0x0A, 0x5C, 0xCB, 0x96, 0x9E, 0xBC, 0xC7, 0x1A, 0x90,
    0x0B, 0x2A, 0x3D, 0xF9, 0xD6, 0x5B, 0xF8, 0xC9, 0x20, 0x42, 0x54, 0x02, 0x69, 0x9B, 0xB6, 0x40,
    0x31, 0x54, 0x03, 0x50, 0xCD, 0x85, 0x8A, 0xD4, 0xE9, 0xEA, 0xCE, 0x7B, 0x9F, 0x25, 0x50, 0xB5,
    0x55, 0x0B, 0xBC, 0x83, 0x87, 0x6F, 0xD8, 0x87, 0x83, 0xDF, 0x13, 0xC6, 0x96, 0xA5, 0xE4, 0xC7,
    0x8C, 0x82, 0x4E, 0xF1, 0xDF, 0x95, 0x5A, 0x12, 0x4D, 0xAB, 0x80, 0xF6, 0x9D, 0xB7, 0x70, 0xEC,
    0x80, 0xA6, 0xF7, 0xA3, 0x90, 0xE9, 0x6D, 0x0A, 0x52, 0x5F, 0x37, 0xAB, 0x0E, 0x68, 0x6A, 0x2B,
    0x9A, 0xFE, 0xC2, 0x9B, 0x34, 0x6A, 0x21, 0xC2, 0x03, 0xA6, 0x75, 0xDC, 0xC1, 0x02, 0xBE, 0x45,
    0x7C, 0x0B, 0xF9, 0x88, 0xF9, 0xBE, 0x96, 0x73, 0xCD, 0xB8, 0x77, 0x71, 0x1F, 0xF0, 0x59, 0x4B,
    0x69, 0x49, 0x48, 0x2D, 0x9C, 0x84, 0x14, 0xFA, 0xA5, 0x7D, 0x41, 0xC6, 0xFE, 0x80, 0x11, 0x87,
    0x03, 0x06, 0x42, 0x9C, 0xF0, 0x48, 0xBF, 0x26, 0xEC, 0xAC, 0xFF, 0x7E, 0x85, 0x45, 0x38, 0x08,
    0x7B, 0xE4, 0x4B, 0xE4, 0xF8, 0x12, 0x70, 0x3E, 0x20, 0xB8, 0x38, 0xAC, 0x78, 0x40, 0x19, 0x67,
    0x41, 0xAA, 0x7B, 0x25, 0xDB, 0xBD, 0x46, 0x5D, 0x7F, 0x36, 0x4F, 0x44, 0x04, 0x64, 0x6D, 0xD6,
    0xA2, 0x72, 0x53, 0xA9, 0x99, 0xAA, 0x09, 0xD9, 0x9A, 0x2E, 0x08, 0xF9, 0x01, 0x4B, 0x54, 0x75,
    0x53, 0xE3, 0x5B, 0x78, 0xF7, 0x64, 0x38, 0x02, 0x76, 0x4D, 0x1F, 0xF0, 0xDF, 0xD8, 0x05, 0xFC,
    0x84, 0x6D, 0x40, 0x1A, 0xD4, 0x0E, 0xCA, 0x80, 0x6B, 0x80, 0x80, 0x93, 0xD2, 0x55, 0x07, 0xFD,
    0x97, 0x01, 0xE0, 0x0F, 0x2D, 0x47, 0x6D, 0xFD, 0x7F, 0x07, 0x28, 0x25, 0x08, 0xF9, 0x57, 0x2B,
    0x10, 0x2D, 0x01, 0x55, 0x27, 0x78, 0x04, 0xF8, 0xA5, 0x61, 0xAB, 0xA5, 0x0A, 0xD9, 0x0B, 0x67,
    0xE1, 0x2A, 0xA4, 0xFD, 0xD3, 0x4D, 0x7D, 0xC0, 0x54, 0xB9, 0xAB, 0xCF, 0x69, 0x3D, 0x4F, 0xF5,
    0x6B, 0xCE, 0xD2, 0xFA, 0xEF, 0x57, 0x18, 0x85, 0xAD, 0xB0, 0x46, 0x33, 0xA6, 0x8E, 0x8F, 0x31,
    0x87, 0x03, 0xAA, 0x06, 0x3D, 0xAA, 0x2A, 0x7D, 0x20, 0xAB, 0xC3, 0x82, 0x0E, 0xF3, 0xED, 0x5E,
    0x9D, 0xAE, 0x6F, 0x2B, 0x43, 0xA5, 0x1C, 0xAD, 0x4C, 0x2C, 0x3F, 0x1E, 0xF2, 0x21, 0x1B, 0xF2,
    0x2E, 0x19, 0x71, 0x52, 0x0F, 0xA8, 0xC6, 0x7C, 0xAA, 0x46, 0x8E, 0xD5, 0x73, 0x0E, 0x15, 0xF5,
    0xD7, 0x3B, 0x8F, 0xAC, 0x58, 0x97, 0xD5, 0x0A, 0xDB, 0x3C, 0x4C, 0x3F, 0xFF, 0xDF, 0xFF, 0x03,
    0xD5, 0xD2, 0x81, 0x86, 0xDC, 0x5E, 0x14, 0xC7, 0xF1, 0xEF, 0x4D, 0xCC, 0x06, 0x61, 0xEF, 0x1F,
    0xF6, 0x0F, 0x4B, 0xF3, 0x02, 0x25, 0x00, 0x8B, 0x92, 0x5B, 0x45, 0x01, 0x06, 0x9D, 0x37, 0x28,
    0x00, 0xFB, 0x08, 0x89, 0x3E, 0xC1, 0xBE, 0x41, 0x1F, 0xA1, 0x8F, 0x90, 0x3C, 0x42, 0x1E, 0x21,
    0x28, 0x45, 0x21, 0x48, 0xC9, 0xAC, 0x24, 0xBF, 0xDE, 0x23, 0x58, 0xB3, 0x14, 0x56, 0xAB, 0xFA,
    0xE3, 0x7C, 0x66, 0xC6, 0x9C, 0x7B, 0x63, 0xCE, 0x19, 0xD7, 0xD0, 0x40, 0x3A, 0x24, 0x23, 0xF8,
    0x39, 0x5B, 0xA0, 0xDC, 0xBC, 0xC0, 0xEB, 0x9D, 0x3A, 0x9C, 0xFA, 0x76, 0x84, 0xAA, 0x2B, 0x7A,
    0xC8, 0x42, 0xDA, 0xB0, 0xE7, 0xE6, 0x68, 0xA5, 0x19, 0xDA, 0xF9, 0x8F, 0xBB, 0x80, 0xA6, 0x76,
    0x25, 0xD1, 0x54, 0x2B, 0xE4, 0x1A, 0x2B, 0xFD, 0x68, 0x35, 0x14, 0x8A, 0xE9, 0x72, 0x13, 0x17,
    0x59, 0xA1, 0x96, 0x06, 0xB8, 0xD2, 0xC6, 0x45, 0xD2, 0x90, 0x06, 0xF0, 0x9D, 0xEF, 0xA1, 0x1A,
    0xAB, 0x11, 0xEA, 0xA5, 0x5A, 0xC0, 0xCB, 0x6F, 0x90, 0xE8, 0x93, 0x02, 0xD4, 0x5D, 0xDD, 0xC1,
    0x35, 0xAF, 0xB8, 0x48, 0xB9, 0x92, 0x2B, 0xFC, 0x06, 0x37, 0x4C, 0xE1, 0x15, 0x0A, 0x7B, 0x13,
    0xBC, 0x1E, 0x65, 0x2A, 0x9A, 0xC9, 0x74, 0xD2, 0x37, 0x05, 0x6A, 0xBD, 0x8F, 0xBA, 0x23, 0x96,
    0xFF, 0x03, 0xE0, 0xB4, 0x00, 0x99, 0x04, 0x14, 0x52, 0x07, 0xD5, 0xB9, 0x1D, 0xB0, 0xBD, 0x8C,
    0x70, 0x08, 0x87, 0xF0, 0x4F, 0xEE, 0x25, 0x51, 0x03, 0x85, 0x26, 0xA8, 0xAD, 0x6B, 0x3F, 0xF0,
    0x56, 0x21, 0xD9, 0xA8, 0x1B, 0xE0, 0x3F, 0x9E, 0xD2, 0x4E, 0x94, 0xEB, 0x4B, 0x99, 0x8D, 0x85,
    0x6A, 0xAD, 0x57, 0xDA, 0xB5, 0xD2, 0x77, 0x45, 0xA4, 0xB5, 0x30, 0x32, 0xE9, 0xF3, 0xEA, 0xE2,
    0x87, 0x95, 0x7D, 0x8E, 0xF7, 0x8F, 0x01, 0x72, 0x69, 0x02, 0xEB, 0x82, 0x88, 0xBA, 0xD4, 0x1C,
    0x32, 0x6D, 0x5F, 0xEC, 0xC7, 0x75, 0x4E, 0x78, 0x35, 0xBC, 0x31, 0x21, 0x3A, 0x60, 0x87, 0xB6,
    0x00, 0xA9, 0xEC, 0x25, 0x91, 0xDD, 0x40, 0x2B, 0x6D, 0x50, 0xDA, 0x0D, 0xB8, 0x68, 0x6F, 0x73,
    0xD0, 0x08, 0xDC, 0x46, 0x3B, 0x1B, 0x5E, 0x3A, 0x82, 0x26, 0xBF, 0xE2, 0x34, 0x96, 0xEA, 0x33,
    0x1B, 0x64, 0xCC, 0xE0, 0x9F, 0x9E, 0x8B, 0xDD, 0x33, 0x43, 0x26, 0x3D, 0x00, 0x87, 0x23, 0x80,
    0x33, 0xF1, 0x8B, 0x59, 0xCA, 0x2C, 0x4C, 0x72, 0x13, 0x67, 0x92, 0x6C, 0x66, 0xBE, 0xF7, 0x0C,
    0xE6, 0x75, 0x30, 0xF7, 0x7C, 0xC0, 0x4E, 0x7E, 0xC5, 0x49, 0x22, 0x8B, 0x74, 0xDE, 0x28, 0x36,
    0x27, 0xCA, 0x85, 0xD7, 0x94, 0x1B, 0x50, 0xC4, 0x0E, 0xBC, 0xF4, 0x60, 0x2D, 0xFB, 0x9E, 0x02,
    0xB7, 0x52, 0x07, 0xF7, 0xEA, 0x21, 0xD1, 0x90, 0xF4, 0x68, 0xC8, 0xCF, 0x89, 0xFA, 0xCA, 0x2E,
    0x28, 0xAD, 0x25, 0xB7, 0x66, 0x5A, 0x0D, 0xE0, 0xEC, 0x41, 0x7C, 0x04, 0x32, 0x01, 0xB9, 0x1A,
    0xA3, 0x83, 0xD4, 0xA0, 0xED, 0x8C, 0x00, 0xD9, 0x06, 0xE4, 0x13, 0x90, 0x36, 0x70, 0x73, 0x8A,
    0x39, 0xCA, 0x32, 0xFD, 0xCA, 0xD3, 0x49, 0xE7, 0xD3, 0x11, 0x34, 0xC1, 0xDF, 0x70, 0xCF, 0x21,
    0x98, 0xF5, 0x68, 0x6A, 0xC6, 0x5C, 0xCC, 0xDA, 0x24, 0x9F, 0x4D, 0x3F, 0x99, 0xF5, 0x60, 0x2A,
    0x98, 0x77, 0x17, 0xFF, 0xEE, 0xE7, 0x55, 0x49, 0xE3, 0xF3, 0xBA, 0xD1, 0xF9, 0x68, 0xDF, 0xBD,
    0xA8, 0x2C, 0x57, 0x01, 0xEA, 0x11, 0xDA, 0x39, 0xD6, 0x02, 0x55, 0xAC, 0xDC, 0x6A, 0x82, 0x7A,
    0xD8, 0x97, 0x70, 0x07, 0x3F, 0x01, 0x65, 0x91, 0x21, 0xAC, 0xD4, 0x40, 0x10, 0x86, 0xBF, 0xBD,
    0x83, 0x2B, 0x50, 0xF2, 0xAA, 0x1E, 0x82, 0x10, 0xD6, 0xAB, 0xF5, 0x6A, 0xD6, 0xAB, 0x67, 0x9E,
    0x37, 0xF8, 0xE7, 0x55, 0x2F, 0xC1, 0x27, 0xE7, 0x31, 0x58, 0x9E, 0xB7, 0xD0, 0x0D, 0xF8, 0xA4,
    0xDE, 0xB0, 0x02, 0xCF, 0x8A, 0x8A, 0x8A, 0xB6, 0x3F, 0xB7, 0xB9, 0x70, 0x79, 0x84, 0x6F, 0x3A,
    0x93, 0x26, 0x33, 0x99, 0xD9, 0xFC, 0xFF, 0x0E, 0xDA, 0x11, 0x3F, 0x61, 0x1B, 0x5E, 0xC9, 0xA9,
    0x10, 0x46, 0x76, 0x47, 0x80, 0x03, 0xF8, 0xC8, 0x90, 0xF6, 0xCA, 0x5E, 0xA3, 0xAD, 0xB5, 0x73,
    0xC3, 0x15, 0xCB, 0xA0, 0x85, 0x46, 0xC2, 0x4B, 0xA9, 0x9F, 0xFA, 0x62, 0xB1, 0xCD, 0x2F, 0x20,
    0xBA, 0xCF, 0x8E, 0x6E, 0x6B, 0x4A, 0xD0, 0xEF, 0x62, 0x52, 0xEE, 0x3F, 0x29, 0x05, 0x27, 0x2A,
    0x8F, 0x8F, 0x8F, 0x51, 0xD2, 0xF1, 0x6F, 0x02, 0xBC, 0x8D, 0xAF, 0x4E, 0x96, 0x7C, 0xB1, 0x69,
    0xC8, 0x75, 0x57, 0x2B, 0x45, 0xA7, 0xF5, 0xDC, 0x38, 0xD1, 0xFC, 0x0A, 0xAB, 0xE9, 0x1C, 0x9B,
    0x5F, 0xDC, 0x79, 0xFF, 0x6E, 0xC6, 0xE6, 0x6E, 0xA3, 0x5F, 0x3A, 0x9D, 0x8B, 0x17, 0x56, 0xFF,
    0xC2, 0xD4, 0xAE, 0x1C, 0xA2, 0x3B, 0x71, 0xF8, 0x82, 0x29, 0x99, 0x4A, 0x50, 0xA1, 0x2B, 0xD8,
    0x88, 0x22, 0x0B, 0xCC, 0x5C, 0xD8, 0x6F, 0x74, 0x75, 0x20, 0x5B, 0x53, 0xEA, 0xF7, 0x33, 0x7B,
    0xA5, 0x46, 0x91, 0x0F, 0x5C, 0x78, 0xC7, 0x6B, 0x30, 0x0C, 0x34, 0x2A, 0xED, 0xF4, 0x43, 0x63,
    0xAB, 0x56, 0xF8, 0x39, 0xCC, 0x58, 0xB6, 0x91, 0x36, 0xB6, 0x70, 0xE5, 0x3D, 0xFB, 0xD4, 0x8F,
    0xA1, 0x84, 0xAD, 0x0E, 0x2A, 0xEE, 0xB4, 0x42, 0x3F, 0xC1, 0x6D, 0x84, 0x8A, 0x4B, 0x2E, 0xD1,
    0x94, 0xA6, 0x5C, 0x56, 0x84, 0xCD, 0x6F, 0x34, 0xFA, 0xA8, 0x48, 0x3D, 0x40, 0xC8, 0x21, 0xD3,
    0xC4, 0x36, 0x72, 0x65, 0x98, 0xD8, 0xAB, 0xBE, 0x53, 0xC7, 0x20, 0x8D, 0x96, 0xCF, 0x91, 0xBA,
    0x42, 0xE5, 0x19, 0x5F, 0x9B, 0xCD, 0x17, 0x1B, 0x6D, 0xB2, 0xD5, 0xB6, 0xB0, 0x1E, 0x26, 0x14,
    0x5D, 0xBD, 0xCB, 0x5E, 0x3C, 0xAC, 0x0C, 0x33, 0x43, 0xE6, 0x5B, 0x04, 0x68, 0xAB, 0xB7, 0x98,
    0xE8, 0x55, 0xAB, 0x5F, 0x70, 0x77, 0x3C, 0x95, 0xD1, 0xFF, 0x27, 0xA3, 0x8B, 0xDC, 0xE1, 0x4E,
    0x7E, 0xB1, 0xCD, 0xD4, 0x69, 0xB7, 0xED, 0x57, 0x3F, 0xDB, 0x78, 0xC3, 0xBE, 0xD0, 0x8E, 0xF8,
    0x84, 0x2D, 0x04, 0xE1, 0x54, 0xAF, 0x3E, 0x88, 0x61, 0xA5, 0xCF, 0x54, 0x9E, 0xC3, 0x10, 0xDB,
    0x15, 0x5F, 0xB0, 0x84, 0x7D, 0xC7, 0x94, 0x82, 0x72, 0xA7, 0xE3, 0x6E, 0xE5, 0x4D, 0x7C, 0x79,
    0x77, 0xB1, 0xB9, 0xBF, 0xDA, 0x5C, 0xB5, 0x22, 0x9C, 0xE8, 0xA5, 0x7F, 0xF2, 0xF6, 0xFE, 0x9E,
    0xCA, 0x20, 0xC5, 0xA7, 0x09, 0xF0, 0x07, 0xED, 0x5A, 0x31, 0xAC, 0xDC, 0x58, 0x15, 0x3D, 0xB6,
    0x27, 0x99, 0xBF, 0x19, 0x09, 0x6F, 0xF1, 0x23, 0xAD, 0x12, 0x29, 0x4E, 0x11, 0x0A, 0x1A, 0x4C,
    0x4B, 0x01, 0xEF, 0x7D, 0xB6, 0x97, 0x52, 0xEC, 0x97, 0xE8, 0x96, 0x12, 0xB6, 0x49, 0xCB, 0x16,
    0x60, 0x8B, 0xED, 0xA5, 0xE9, 0x6B, 0x1A, 0x68, 0x68, 0x68, 0x90, 0x96, 0xD8, 0x12, 0xBD, 0x64,
    0xAA, 0x6D, 0x5D, 0xA4, 0x22, 0x45, 0x2C, 0x61, 0x84, 0x97, 0xD8, 0xBE, 0xEC, 0x3D, 0x57, 0x7F,
    0x9E, 0x3F, 0x7F, 0x12, 0x21, 0x84, 0xF4, 0x67, 0xFE, 0xEC, 0xDD, 0xD5, 0xB9, 0x7F, 0x32, 0xF6,
    0x7D, 0xF7, 0xDD, 0x73, 0xEE, 0xBC, 0xE7, 0x37, 0x03, 0xE0, 0x12, 0x6A, 0x89, 0xD4, 0xEA, 0xD6,
    0xD2, 0xA8, 0xDB, 0x48, 0xA7, 0x2E, 0x35, 0x97, 0xCB, 0xA0, 0xCE, 0xC9, 0xA8, 0xAE, 0x90, 0x49,
    0x5D, 0x25, 0xA2, 0x4E, 0x5E, 0xAB, 0x8B, 0xE5, 0x2B, 0x29, 0x35, 0xC8, 0x5F, 0xA4, 0xD6, 0x20,
    0x5F, 0x48, 0xA3, 0x41, 0x2E, 0xA4, 0xD3, 0x20, 0x50, 0x97, 0xCD, 0xA8, 0x06, 0xC0, 0x8D, 0x28,
    0x46, 0x0D, 0x22, 0x32, 0x31, 0x88, 0xCC, 0x80, 0xA8, 0x21, 0xA2, 0x2B, 0x13, 0xBA, 0x7A, 0x2D,
    0x35, 0x12, 0x69, 0x36, 0x52, 0x22, 0x96, 0x36, 0x15, 0x20, 0x92, 0x2E, 0x13, 0x00, 0xD2, 0x3B,
    0xCD, 0xA0, 0x1A, 0xF1, 0x9F, 0x56, 0xF9, 0xC5, 0x54, 0x36, 0xD2, 0x06, 0xC7, 0x89, 0x31, 0xD1,
    0x12, 0x6A, 0xE7, 0xC4, 0xE7, 0x0A, 0x99, 0x7C, 0x21, 0x35, 0x44, 0xFE, 0x2E, 0x35, 0x87, 0xAE,
    0x53, 0x62, 0x4E, 0x74, 0xE2, 0x73, 0xA9, 0x8B, 0x11, 0xA9, 0xD4, 0xD5, 0x80, 0xF5, 0x37, 0xD8,
    0xEB, 0x00, 0xD2, 0x05, 0xAC, 0x7A, 0xE2, 0xA0, 0x68, 0x57, 0xDA, 0x5D, 0xB9, 0xBC, 0xDD, 0x45,
    0x4B, 0x88, 0x36, 0x0A, 0x72, 0x1D, 0x51, 0x47, 0x0F, 0x96, 0x33, 0x3B, 0xAB, 0x33, 0xCB, 0x1C,
    0x11, 0x61, 0x58, 0x90, 0x86, 0x7B, 0x5E, 0x31, 0xFA, 0x3D, 0x5D, 0x26, 0xAD, 0xB9, 0x9E, 0x44,
    0xBD, 0xE1, 0x9D, 0xAB, 0x35, 0x1D, 0xB2, 0x8E, 0xAE, 0xA8, 0xE9, 0x2A, 0x22, 0x3E, 0x47, 0xB0,
    0xE3, 0x66, 0xFD, 0xB3, 0x2D, 0x53, 0x1F, 0x89, 0x4C, 0x84, 0x08, 0x10, 0x13, 0x26, 0x9A, 0xF6,
    0xC4, 0x9A, 0x68, 0x9C, 0x1F, 0x12, 0xE5, 0x2B, 0x73, 0x3F, 0xC6, 0x92, 0x28, 0xA1, 0x8B, 0xC5,
    0xA8, 0x19, 0xE9, 0xD6, 0x1D, 0xC5, 0xE0, 0x9B, 0x20, 0x65, 0x32, 0xC2, 0xBA, 0x79, 0x00, 0x72,
    0xC1, 0xEB, 0x7F, 0x86, 0x0F, 0xEE, 0x0A, 0xBD, 0x40, 0x64, 0x7D, 0x6C, 0xFD, 0x3B, 0x32, 0x69,
    0x62, 0xDE, 0x85, 0x6A, 0x15, 0xEC, 0x88, 0x33, 0xFD, 0xAB, 0x67, 0xB2, 0x33, 0xE7, 0xA6, 0x19,
    0xBB, 0x49, 0x73, 0xCB, 0xCB, 0xAC, 0x01, 0x56, 0x0C, 0x76, 0x50, 0xE4, 0xDF, 0x33, 0x97, 0x9B,
    0x13, 0xBF, 0xE0, 0x1E, 0xAE, 0xA5, 0x4B, 0x3B, 0xE3, 0xAF, 0x37, 0xF2, 0xEB, 0x53, 0x22, 0xBF,
    0x64, 0xD6, 0x4D, 0xE0, 0x3B, 0xEF, 0x83, 0x0E, 0xE2, 0x59, 0x11, 0x2F, 0x49, 0xFE, 0xB3, 0x40,
    0xFE, 0x14, 0xC8, 0x9F, 0x49, 0xFE, 0x56, 0xC9, 0x3F, 0x3B, 0x30, 0xF2, 0x83, 0xBD, 0x18, 0xE8,
    0xC8, 0xA2, 0x3A, 0x52, 0xF5, 0xA7, 0x8A, 0x0E, 0x45, 0x09, 0x72, 0x6C, 0x34, 0x0E, 0xFC, 0xFB,
    0xE3, 0xF6, 0x94, 0x34, 0x40, 0xD3, 0x8B, 0x34, 0xCD, 0x6E, 0xB7, 0xCE, 0x7D, 0xE7, 0xD3, 0x81,
    0x6F, 0xF4, 0xA1, 0x55, 0x0A, 0x00, 0x0F, 0xFD, 0xAF, 0xF4, 0xCE, 0x9B, 0x4A, 0x38, 0xE0, 0x8F,
    0x81, 0xC7, 0xDB, 0x27, 0xA5, 0x26, 0x3D, 0x17, 0xB5, 0x51, 0x59, 0x72, 0x19, 0x13, 0x7E, 0xF2,
    0x3F, 0x1E, 0x71, 0xC3, 0x22, 0xF1, 0x38, 0x19, 0x09, 0xC4, 0xAF, 0xEE, 0x6F, 0x95, 0xA2, 0x3F,
    0x74, 0x9A, 0x9D, 0x74, 0x8C, 0xDB, 0x00, 0xC5, 0x4F, 0xC4, 0x63, 0x61, 0x24, 0x1F, 0xC7, 0x45,
    0x7E, 0xA0, 0x26, 0x96, 0x7A, 0x41, 0x86, 0x95, 0x3F, 0x92, 0xD7, 0x94, 0xFD, 0x6C, 0xDB, 0xB6,
    0xA7, 0x58, 0x21, 0xD8, 0x29, 0xEF, 0xD5, 0x81, 0xD0, 0xF4, 0x32, 0xF2, 0x2A, 0x21, 0x93, 0x1A,
    0xA1, 0xE8, 0x0B, 0x55, 0x8A, 0xDF, 0xB4, 0xC0, 0x19, 0xC0, 0xD0, 0x47, 0xBA, 0xC3, 0x0F, 0x96,
    0x94, 0x61, 0x07, 0xC8, 0x1D, 0x50, 0x58, 0x0C, 0xE1, 0x9A, 0x45, 0x11, 0xF1, 0x6B, 0xE2, 0xCF,
    0x57, 0xDF, 0xD3, 0xB0, 0x33, 0xAA, 0xD2, 0xC8, 0x0E, 0x0A, 0x30, 0x59, 0xB0, 0xA4, 0x77, 0x4C,
    0x4E, 0x7F, 0x84, 0xCD, 0x99, 0xF3, 0xF0, 0x3A, 0x8D, 0xC5, 0xF6, 0x3F, 0x6B, 0x38, 0xB1, 0x30,
    0xE7, 0x47, 0xFE, 0xC1, 0x56, 0x8B, 0x97, 0x77, 0x40, 0x3E, 0x6B, 0xA6, 0x29, 0xF5, 0x93, 0x08,
    0x23, 0xBC, 0x78, 0x85, 0x03, 0x54, 0x0E, 0xA2, 0x9A, 0x6E, 0xD3, 0x06, 0x05, 0x50, 0x0F, 0xE1,
    0x69, 0x07, 0x10, 0x2C, 0x95, 0x70, 0x7E, 0x7A, 0x4A, 0xF8, 0xA5, 0x42, 0x3C, 0x5A, 0xFE, 0x8B,
    0x05, 0xB3, 0xA8, 0xF7, 0x2A, 0x21, 0x2F, 0xD3, 0xF6, 0x86, 0x12, 0xCA, 0xC3, 0x55, 0xC2, 0x27,
    0xC4, 0x8C, 0xAC, 0x71, 0x4F, 0x14, 0x1E, 0xFE, 0x3F, 0xA0, 0xD8, 0xC3, 0x53, 0x7F, 0x49, 0xF7,
    0x67, 0x53, 0xC2, 0xB3, 0x13, 0x52, 0x42, 0x54, 0x6D, 0x99, 0xF3, 0x08, 0xF2, 0xA8, 0xF8, 0x5A,
    0x11, 0x11, 0x71, 0xCD, 0x7C, 0xD3, 0x96, 0x58, 0x2A, 0xAE, 0x8E, 0x50, 0x09, 0xEF, 0xDF, 0x38,
    0x4E, 0xA0, 0x79, 0x04, 0xFB, 0x29, 0xBE, 0xAB, 0x94, 0x5C, 0x97, 0x40, 0x25, 0xF3, 0x9D, 0x94,
    0xC0, 0x7A, 0x58, 0xB7, 0x4A, 0xD1, 0x9B, 0xE5, 0xC6, 0xB1, 0x06, 0x5E, 0x44, 0xE2, 0x71, 0xD3,
    0x8E, 0x8D, 0xFC, 0x73, 0x9C, 0x2F, 0xB9, 0xFC, 0x2A, 0x70, 0x69, 0x64, 0x84, 0x3D, 0x14, 0x7E,
    0x81, 0x6F, 0x37, 0x8E, 0x8B, 0x25, 0xBF, 0xCE, 0x54, 0x11, 0x7D, 0x45, 0x75, 0x48, 0xAD, 0xB7,
    0x88, 0xD7, 0xE1, 0x26, 0x5E, 0xB4, 0xC5, 0x11, 0x6F, 0x19, 0x1F, 0x5E, 0x5E, 0x5E, 0x3E, 0xD7,
    0x2A, 0x0F, 0x7B, 0x61, 0xE0, 0xF3, 0xD1, 0x1E, 0xD0, 0xD1, 0xF7, 0xC2, 0x3B, 0xEF, 0xF8, 0xFA,
    0xF2, 0xF2, 0x13, 0xBD, 0x64, 0xDC, 0x07, 0x08, 0x16, 0xDB, 0x83, 0x98, 0x87, 0xAD, 0x58, 0xB9,
    0x42, 0xA6, 0x2F, 0x37, 0xF3, 0xAE, 0xC4, 0x0F, 0xC9, 0x5B, 0x6F, 0x22, 0x8B, 0x45, 0x54, 0x06,
    0xA2, 0xEC, 0xBF, 0x95, 0xC1, 0xCD, 0x70, 0xA3, 0x1B, 0x90, 0x4E, 0x45, 0x8F, 0x74, 0xD6, 0xF0,
    0xB2, 0x80, 0x7F, 0x7C, 0x33, 0xE1, 0x42, 0x93, 0x74, 0x93, 0x82, 0x94, 0xEB, 0x3A, 0x13, 0x91,
    0x56, 0x03, 0xF4, 0x31, 0x73, 0x29, 0x44, 0x5A, 0x6C, 0x64, 0xB6, 0x27, 0xC4, 0x65, 0x41, 0x75,
    0xC8, 0x48, 0x06, 0x85, 0x51, 0x81, 0x93, 0x6D, 0xB5, 0x94, 0x3C, 0x5D, 0x67, 0x2B, 0xA8, 0x4A,
    0x28, 0xEB, 0x37, 0x3D, 0xB0, 0xDA, 0xF4, 0x57, 0xAB, 0x2B, 0xDB, 0x6E, 0xDE, 0x6D, 0x37, 0x70,
    0x38, 0xB5, 0xE7, 0xD7, 0x02, 0x29, 0x73, 0xD6, 0x69, 0x6D, 0x14, 0x90, 0x28, 0x70, 0x77, 0xE0,
    0x1A, 0x85, 0x70, 0xE4, 0x7C, 0x3B, 0x04, 0xE4, 0xAF, 0x5C, 0x8D, 0x2B, 0xE5, 0x7B, 0x05, 0xAC,
    0x07, 0x3B, 0xEC, 0x38, 0xB0, 0x72, 0xDE, 0x2F, 0x57, 0x40, 0x3E, 0x64, 0x35, 0x2A, 0xA9, 0x98,
    0x73, 0x19, 0xCD, 0x2F, 0x04, 0xF8, 0xD2, 0x76, 0x11, 0xB7, 0x56, 0xC4, 0x73, 0x04, 0x12, 0xAB,
    0x5A, 0x51, 0x14, 0x13, 0xB1, 0x1D, 0x0E, 0xB1, 0x03, 0x62, 0xB9, 0xA8, 0x55, 0x0A, 0xAA, 0xEB,
    0xC2, 0xC4, 0x2E, 0x02, 0x44, 0xF3, 0x85, 0xF0, 0xA0, 0xE8, 0xA3, 0x6B, 0x05, 0x07, 0xAB, 0xFB,
    0x6E, 0x1C, 0xC0, 0xB2, 0xED, 0x47, 0xD6, 0xF9, 0xDD, 0xF8, 0xDE, 0x7B, 0xC9, 0x02, 0x58, 0xF2,
    0x77, 0x62, 0x38, 0x32, 0x4F, 0xCB, 0x70, 0x28, 0xEC, 0x88, 0xAC, 0x40, 0x24, 0x50, 0x1C, 0xB9,
    0xCC, 0x3D, 0xD5, 0xD7, 0xCD, 0x15, 0x29, 0x70, 0xAC, 0x9D, 0xFC, 0x53, 0x8B, 0xF4, 0x12, 0x85,
    0x07, 0x3E, 0x64, 0xB0, 0xC0, 0x9E, 0x5D, 0x69, 0xFC, 0x19, 0x81, 0x20, 0x83, 0x20, 0x85, 0x20,
    0x87, 0x20, 0x89, 0x20, 0x8B, 0x20, 0x79, 0xD7, 0x90, 0x4C, 0x82, 0x54, 0x1A, 0x97, 0x46, 0x26,
    0xC8, 0x26, 0x48, 0x27, 0x8C, 0x4F, 0x23, 0x94, 0x8C, 0x06, 0x4A, 0xCF, 0xC8, 0xE8, 0xEE, 0x89,
    0x85, 0x7C, 0x16, 0x0D, 0x3F, 0x72, 0xC8, 0xA6, 0x92, 0x59, 0x92, 0x4B, 0x52, 0x49, 0x26, 0x49,
    0x64, 0xE0, 0xF1, 0x70, 0x56, 0x80, 0x98, 0xAB, 0xA7, 0x27, 0x37, 0x0A, 0xCD, 0x15, 0x63, 0x9B,
    0x41, 0xDF, 0x1D, 0xB4, 0xE6, 0x5B, 0xA3, 0x88, 0x75, 0x27, 0x41, 0xF2, 0x56, 0x6A, 0xBC, 0xF4,
    0x85, 0xC7, 0x53, 0xDC, 0xBB, 0xA5, 0xCE, 0x5A, 0x9E, 0xCB, 0x8B, 0x18, 0x96, 0xE1, 0x50, 0xBE,
    0x28, 0x77, 0xDF, 0x3E, 0x24, 0xBD, 0x0A, 0xE5, 0x63, 0xF2, 0xD8, 0x32, 0xFE, 0x78, 0xEC, 0xFD,
    0x45, 0xCB, 0x67, 0xC5, 0x82, 0xFA, 0x73, 0xEC, 0xA1, 0x1F, 0x16, 0xED, 0x62, 0x1F, 0x52, 0xB2,
    0xCB, 0xC8, 0x4C, 0x1F, 0xBA, 0x6C, 0x38, 0x8A, 0x2E, 0x7B, 0xB4, 0xFD, 0x7E, 0x89, 0x6A, 0xAE,
    0xCA, 0x68, 0xB7, 0xF2, 0x24, 0xD7, 0x57, 0x1E, 0xC4, 0xE2, 0x71, 0x1C, 0x5D, 0xB6, 0xD9, 0x3E,
    0xF0, 0x70, 0xB3, 0xAD, 0x4B, 0x04, 0x1F, 0x4D, 0x9B, 0xE9, 0xC6, 0x86, 0xFF, 0x7A, 0x97, 0x19,
    0x3F, 0xA4, 0xE7, 0xC3, 0x5B, 0xEA, 0x32, 0x66, 0x95, 0xD8, 0x66, 0xB0, 0xD3, 0x21, 0x27, 0xC4,
    0xF2, 0x5A, 0x3C, 0x26, 0x54, 0xC0, 0x73, 0xFB, 0x24, 0x3C, 0xD6, 0xFD, 0x2C, 0xCD, 0x1E, 0x90,
    0x3A, 0x7D, 0xD7, 0x74, 0x88, 0x48, 0xFE, 0x2A, 0x0D, 0x26, 0xE4, 0x25, 0x9E, 0x22, 0x02, 0xED,
    0x40, 0x37, 0xBF, 0x8F, 0x7E, 0x0B, 0x40, 0x84, 0xA0, 0x9D, 0xAC, 0x00, 0xA7, 0x20, 0xDE, 0x4E,
    0x1A, 0x91, 0x74, 0x0A, 0x2D, 0x02, 0x51, 0x70, 0x22, 0xB2, 0x17, 0xB4, 0xAB, 0xFF, 0x4F, 0xF0,
    0xB0, 0x98, 0xDF, 0x33, 0xD0, 0xFD, 0xDF, 0xC1, 0x49, 0xED, 0xA4, 0xCB, 0xA5, 0x43, 0xDA, 0xC1,
    0x35, 0x9A, 0xF0, 0x08, 0x0C, 0x30, 0xDB, 0x88, 0xFF, 0x9F, 0xFF, 0x3F, 0x90, 0x39, 0x2E, 0x6C,
    0x33, 0xEC, 0x6E, 0x13, 0x00, 0x85, 0x02, 0xFF, 0xCA, 0xF8, 0x8C, 0x68, 0xCF, 0xAF, 0xBD, 0x1B,
    0xAB, 0xB9, 0x9A, 0x8B, 0x31, 0xEB, 0x61, 0x06, 0x37, 0xFE, 0x77, 0xFF, 0x71, 0x8C, 0x57, 0xCE,
    0xEE, 0x9F, 0xF2, 0x21, 0xF2, 0xC0, 0xFD, 0x6A, 0x0B, 0x6B, 0x31, 0x0F, 0x50, 0x69, 0x60, 0x5E,
    0x13, 0x20, 0x6A, 0x7E, 0xF7, 0x40, 0x3F, 0x5F, 0x54, 0xD2, 0xA5, 0xD2, 0xA9, 0xBC, 0x33, 0xA9,
    0x11, 0xCB, 0xE8, 0xF4, 0x26, 0x75, 0x9A, 0xED, 0x64, 0xB2, 0x9D, 0x8B, 0x31, 0xB8, 0x5C, 0xAE,
    0x9C, 0xBD, 0xE7, 0x66, 0x3A, 0xDE, 0x50, 0x4D, 0xEC, 0x36, 0x19, 0x53, 0x69, 0x90, 0xC8, 0xA0,
    0x2B, 0x4E, 0x26, 0x5D, 0x22, 0xF2, 0x37, 0x91, 0x36, 0xB2, 0x61, 0x51, 0xA9, 0x03, 0xD7, 0x82,
    0x01, 0xD6, 0x50, 0x0C, 0x38, 0x41, 0xED, 0x72, 0xEF, 0x01, 0x82, 0x1D, 0x09, 0x4B, 0xB7, 0x70,
    0x89, 0x50, 0xDA, 0x91, 0xD4, 0x8B, 0xCD, 0xF6, 0x3D, 0x5E, 0xC0, 0x50, 0x85, 0xC6, 0x8D, 0x38,
    0xC8, 0x9A, 0xA7, 0x1A, 0x29, 0xC7, 0xCD, 0xA5, 0xCC, 0xA5, 0x76, 0x33, 0xD6, 0xFA, 0xB0, 0xAF,
    0xA1, 0xAB, 0x01, 0xB1, 0xB4, 0x55, 0x8F, 0x48, 0x3A, 0x43, 0xFB, 0x17, 0x7B, 0xD7, 0xAE, 0x74,
    0xBC, 0x8B, 0x11, 0xBC, 0x45, 0x8B, 0x19, 0xD9, 0x46, 0x09, 0xCB, 0xD7, 0x8D, 0x03, 0x81, 0x8E,
    0xAB, 0xD5, 0xB0, 0xC3, 0x48, 0xD9, 0xB0, 0x3E, 0x66, 0xB6, 0xE1, 0x57, 0x62, 0xCA, 0x03, 0xDD,
    0x40, 0xF7, 0x86, 0xDC, 0xAE, 0x92, 0x01, 0x7C, 0x79, 0xED, 0xAB, 0xA4, 0x82, 0x88, 0x1F, 0x21,
    0xD8, 0x9D, 0x60, 0xFD, 0xB3, 0x2D, 0xD9, 0x1B, 0x88, 0xD3, 0xEE, 0x64, 0x38, 0x5A, 0x9E, 0x09,
    0x67, 0x9D, 0x62, 0x4E, 0xD2, 0x9F, 0x58, 0xBD, 0x0F, 0x89, 0xF9, 0x33, 0x73, 0x39, 0x96, 0x7C,
    0x09, 0x5D, 0x24, 0x26, 0xE6, 0x09, 0x74, 0x64, 0x54, 0x4A, 0x9B, 0x72, 0x87, 0x50, 0x0C, 0x1D,
    0x49, 0x9D, 0xAF, 0xD4, 0x3D, 0xC3, 0x83, 0x3B, 0xC6, 0x32, 0x10, 0x23, 0xFC, 0x6E, 0x28, 0x1D,
    0x14, 0x73, 0xA2, 0x6B, 0x15, 0xAB, 0x52, 0xF1, 0x25, 0xAB, 0xFA, 0x11, 0x7B, 0x68, 0xF7, 0x13,
    0xC2, 0x8C, 0xF3, 0x2E, 0xFE, 0xA5, 0x51, 0x5D, 0xA9, 0x22, 0x58, 0x21, 0x3A, 0x28, 0x0D, 0xDC,
    0xFC, 0xCD, 0x58, 0x49, 0x57, 0x35, 0x74, 0xAE, 0x5B, 0xB6, 0xB3, 0x35, 0xB7, 0x94, 0xCD, 0xE9,
    0x69, 0x20, 0xF2, 0x8A, 0x9B, 0x3A, 0xD0, 0xEE, 0xBA, 0x20, 0x87, 0x64, 0x54, 0xC4, 0xC4, 0xAA,
    0xFE, 0x40, 0x47, 0x3E, 0x26, 0x0D, 0x04, 0xCB, 0xBF, 0xA6, 0x33, 0x32, 0x51, 0x49, 0xAD, 0xEE,
    0xF3, 0x8A, 0x0E, 0x8E, 0x2E, 0x12, 0x6B, 0x09, 0x93, 0xC2, 0x6F, 0xBA, 0xD3, 0x93, 0x82, 0xD9,
    0x63, 0xCE, 0xD2, 0x49, 0xBB, 0xFB, 0xCE, 0xF4, 0xC9, 0xA7, 0xA6, 0x08, 0x62, 0xD1, 0x28, 0xDA,
    0x2E, 0xF9, 0xCB, 0xF7, 0x7D, 0x28, 0x64, 0x87, 0x27, 0x88, 0x7F, 0x03, 0xDD, 0x98, 0x01, 0xA4,
    0xE5, 0xC6, 0x17, 0xC6, 0xBF, 0x24, 0x6F, 0x5F, 0xD8, 0x20, 0xF0, 0x5F, 0xF8, 0xB7, 0x36, 0x45,
    0x41, 0x21, 0x00, 0xA0, 0x92, 0xB6, 0x00, 0xB0, 0xB0, 0x00, 0x0A, 0x40, 0x51, 0x45, 0x61, 0x29,
    0x09, 0x00, 0xE0, 0xA1, 0x00, 0x74, 0x51, 0x54, 0xA1, 0x00, 0x05, 0x9D, 0x28, 0x00, 0xB8, 0x14,
    0x50, 0x08, 0x16, 0x74, 0xF1, 0x82, 0x29, 0xB3, 0xDD, 0x24, 0x5F, 0x9D, 0x6F, 0xEE, 0x35, 0xEC,
    0x03, 0x5B, 0xED, 0xBA, 0xEF, 0x1E, 0xBB, 0xE7, 0x7B, 0xF7, 0x24, 0x93, 0x99, 0x73, 0x7E, 0x27,
    0x73, 0x93, 0x0B, 0x54, 0x37, 0x8F, 0x47, 0x00, 0xC3, 0x3E, 0x4C, 0x00, 0x48, 0x4E, 0x40, 0x46,
    0xB2, 0x07, 0xF2, 0xB5, 0xDA, 0x70, 0xD7, 0x38, 0x9A, 0x2F, 0xB9, 0x98, 0xB4, 0xD4, 0x29, 0x71,
    0x00, 0xD8, 0x3B, 0x93, 0x0F, 0xF1, 0x10, 0xC9, 0xAE, 0xDD, 0x8D, 0x89, 0xD3, 0x29, 0x15, 0x49,
    0x0F, 0x74, 0xA4, 0x0D, 0xA4, 0x59, 0x5F, 0x48, 0xA6, 0x92, 0xFB, 0x27, 0x8E, 0x4B, 0xCD, 0x05,
    0x15, 0x7D, 0xC3, 0x09, 0x39, 0xD7, 0xCE, 0x06, 0x99, 0xD8, 0x1A, 0xB7, 0xCE, 0x26, 0xEB, 0xF6,
    0x61, 0x4D, 0xD2, 0xF2, 0x24, 0xF1, 0x58, 0xB7, 0x4B, 0x34, 0xC0, 0x6D, 0x2D, 0x47, 0x1B, 0x5E,
    0xF3, 0x80, 0x82, 0xA1, 0x62, 0x40, 0xC3, 0xA5, 0x20, 0xFF, 0x20, 0xE7, 0x2C, 0x4E, 0x0B, 0x67,
    0x02, 0x34, 0x24, 0x03, 0x90, 0x93, 0x3C, 0xA4, 0xC4, 0xF0, 0x54, 0x29, 0xBC, 0x78, 0x78, 0x63,
    0xA1, 0x9F, 0x66, 0xA0, 0xD3, 0x71, 0xA7, 0x42, 0xB9, 0x6B, 0xE2, 0x0D, 0x7B, 0xD4, 0x9B, 0x57,
    0x71, 0x0A, 0xDA, 0xCA, 0x1A, 0xE5, 0x3D, 0xFC, 0x65, 0xA3, 0xBA, 0xB1, 0x9D, 0x80, 0x2B, 0x64,
    0xE9, 0xFC, 0x07, 0x2A, 0xA6, 0x26, 0x1B, 0xEC, 0xCA, 0x99, 0x96, 0x51, 0x92, 0xDC, 0x51, 0x6B,
    0x65, 0x2D, 0xC7, 0x96, 0x53, 0xB7, 0xA3, 0xE4, 0x34, 0xAC, 0x28, 0x78, 0x70, 0x01, 0x39, 0x67,
    0xE7, 0x91, 0x71, 0x89, 0x3E, 0x46, 0xE2, 0xD1, 0x78, 0x66, 0xA7, 0x51, 0xBA, 0x42, 0xAF, 0xAB,
    0x29, 0xB3, 0x10, 0x67, 0x31, 0x0E, 0x7B, 0x5A, 0xAD, 0x92, 0xB4, 0xD4, 0x27, 0x93, 0x9A, 0xDE,
    0x64, 0xD0, 0x19, 0x19, 0x5F, 0x8A, 0xF7, 0x8E, 0xC1, 0x82, 0x1F, 0xE0, 0xC1, 0x45, 0x91, 0x4D,
    0xA6, 0xC6, 0xB5, 0xF2, 0xA5, 0xE6, 0x96, 0x28, 0x38, 0x9B, 0x64, 0xB1, 0x3C, 0xF8, 0x1F, 0x92,
    0x0D, 0x07, 0x1D, 0x08, 0x38, 0x55, 0xB4, 0xA5, 0xD6, 0x35, 0xBB, 0x05, 0x18, 0x50, 0x1F, 0xEC,
    0xF4, 0xAC, 0x3F, 0x2F, 0xDA, 0xB2, 0x56, 0x89, 0x72, 0x11, 0xF7, 0x10, 0xBD, 0x72, 0x11, 0x7C,
    0x37, 0x9F, 0x56, 0x9B, 0x2C, 0x5B, 0x24, 0x75, 0x14, 0x17, 0xA0, 0xA4, 0x57, 0x93, 0x86, 0x2F,
    0x8A, 0x1D, 0xA8, 0x5F, 0xC1, 0xE4, 0xBA, 0x47, 0xB9, 0x43, 0x87, 0x37, 0x6B, 0x92, 0x6F, 0xDB,
    0x15, 0x62, 0x11, 0xD4, 0x24, 0x9C, 0xD1, 0x99, 0xF4, 0xF7, 0xA8, 0x49, 0xD4, 0xE7, 0xF9, 0xA2,
    0xFC, 0x95, 0xB8, 0xA6, 0x8B, 0x25, 0x2B, 0xD5, 0x17, 0xC5, 0x86, 0xDA, 0x23, 0x3B, 0xA0, 0xF1,
    0x2A, 0xEF, 0x62, 0xE5, 0x1B, 0x16, 0xB1, 0x3D, 0x18, 0x06, 0xF6, 0x36, 0xE3, 0xAA, 0xC0, 0xF6,
    0x8E, 0x61, 0xA3, 0x98, 0x24, 0x65, 0x90, 0xD4, 0x1C, 0x23, 0x35, 0xAF, 0x20, 0x57, 0xA3, 0x86,
    0x26, 0x48, 0xF0, 0xD5, 0x85, 0xC1, 0x1B, 0x13, 0xBB, 0x72, 0x4B, 0xE9, 0x97, 0x54, 0xC8, 0xAD,
    0xCA, 0xD5, 0xD7, 0x1E, 0xC0, 0xF3, 0xF3, 0x82, 0x97, 0xFD, 0x28, 0xB1, 0xAA, 0x4A, 0x82, 0xE4,
    0x56, 0x2B, 0xBE, 0x2A, 0x8E, 0x2C, 0xBD, 0xA4, 0x3B, 0x08, 0xDE, 0x00, 0xC9, 0xC7, 0xB8, 0x30,
    0x86, 0x5F, 0xDC, 0x88, 0x58, 0x30, 0xAF, 0x03, 0x85, 0xEA, 0x94, 0x65, 0xE6, 0x51, 0xC6, 0x4D,
    0x68, 0x11, 0xBB, 0xC9, 0x2A, 0xF2, 0xB8, 0x3F, 0xCB, 0xDB, 0xB0, 0xF5, 0x8D, 0xE5, 0xE6, 0xE8,
    0x26, 0x20, 0x53, 0xF6, 0x1A, 0xF4, 0xD9, 0x8E, 0x62, 0xAD, 0x36, 0xB1, 0xC3, 0x85, 0xB1, 0xCB,
    0x0C, 0x1D, 0xEA, 0xAD, 0x5E, 0x80, 0x8E, 0xB7, 0xF3, 0xA9, 0x3E, 0xEE, 0x73, 0xBB, 0xFE, 0x97,
    0xF9, 0x1E, 0x3B, 0xF8, 0xEC, 0x78, 0x1D, 0x61, 0x9C, 0x1D, 0x93, 0x33, 0x78, 0xEA, 0x01, 0xDE,
    0x82, 0xD9, 0x99, 0x3E, 0xD7, 0x3C, 0x7A, 0x62, 0xFF, 0xED, 0x98, 0x0B, 0xFF, 0xB9, 0x5F, 0x01,
    0x7A, 0xB7, 0x21, 0xA7, 0x1F, 0xD8, 0x57, 0x5C, 0x3A, 0xFE, 0xE9, 0x38, 0x37, 0x02, 0x56, 0x99,
    0xD7, 0x6E, 0xB0, 0x29, 0xAF, 0x19, 0xB8, 0x56, 0x5E, 0xC9, 0x52, 0x5E, 0x41, 0x7E, 0x55, 0x46,
    0x6B, 0x8A, 0x0C, 0x8B, 0xF2, 0xEA, 0x01, 0xE7, 0xD1, 0x6E, 0xFF, 0xD4, 0x05, 0x73, 0x2B, 0xBA,
    0x6D, 0xD8, 0xE0, 0xB6, 0x8E, 0x2F, 0xB9, 0xE9, 0x79, 0xBE, 0x31, 0x57, 0x92, 0xDF, 0x6D, 0x19,
    0xB7, 0x66, 0xD3, 0x44, 0x48, 0x1D, 0x54, 0x70, 0x32, 0x16, 0xF3, 0xD1, 0x95, 0x86, 0x26, 0xE7,
    0x78, 0xEA, 0x1A, 0x6D, 0xDE, 0x05, 0x57, 0xF9, 0xDD, 0x90, 0xBC, 0x26, 0xCC, 0xE4, 0x8B, 0x0D,
    0xA9, 0xA1, 0x26, 0xFD, 0x3D, 0x42, 0x76, 0x8F, 0x20, 0xE9, 0x9B, 0xBA, 0xB1, 0x68, 0x4D, 0x6F,
    0x2E, 0x00, 0x57, 0x65, 0x38, 0x7D, 0x2B, 0xE9, 0xDD, 0xDA, 0x01, 0xC0, 0x33, 0x24, 0x7B, 0xC7,
    0xAC, 0x64, 0xDF, 0xC8, 0xE7, 0x9B, 0xA4, 0xA5, 0x3E, 0x90, 0xBD, 0xD0, 0xBC, 0x42, 0x6D, 0x37,
    0x60, 0x6F, 0x82, 0xC3, 0xE9, 0xF6, 0x46, 0xB7, 0x08, 0x03, 0x67, 0xD5, 0x89, 0x53, 0x14, 0x48,
    0xC2, 0xBB, 0x10, 0x81, 0x41, 0x24, 0x83, 0x88, 0x06, 0x91, 0x0D, 0x22, 0x1C, 0x44, 0x3A, 0x27,
    0x3C, 0x91, 0xCF, 0x9D, 0xBB, 0x28, 0xEF, 0xCD, 0x57, 0x93, 0x72, 0x9A, 0x4F, 0x7B, 0x82, 0x5A,
    0xD6, 0xD8, 0x1D, 0xBB, 0xB0, 0x5A, 0x51, 0xF6, 0xE6, 0xD3, 0xA3, 0xBE, 0xB7, 0x82, 0x73, 0x91,
    0x9F, 0xCC, 0xEF, 0x91, 0xDC, 0xDB, 0xFB, 0x60, 0x5E, 0xD0, 0x20, 0x6A, 0x10, 0x36, 0x88, 0x1B,
    0x1A, 0x79, 0x91, 0x43, 0x44, 0xF7, 0x06, 0x3B, 0x2F, 0x9F, 0x51, 0x52, 0x70, 0x8E, 0xB2, 0x2B,
    0xE8, 0xA8, 0xD5, 0x5E, 0xEF, 0x12, 0xBC, 0x7F, 0x61, 0xF0, 0x72, 0x24, 0x76, 0x31, 0xB3, 0x4E,
    0x87, 0x1B, 0x5A, 0x28, 0xE7, 0x12, 0xB7, 0x48, 0xC3, 0x96, 0x8F, 0x67, 0x05, 0x4F, 0xBB, 0x9F,
    0xB6, 0xBF, 0x84, 0x4B, 0x1B, 0xA0, 0x2C, 0x4A, 0xB1, 0x49, 0x6A, 0xAF, 0x45, 0x37, 0x93, 0xA4,
    0x1E, 0x2F, 0x8C, 0xA1, 0xF6, 0x48, 0x6D, 0x92, 0xDA, 0x25, 0xE5, 0x03, 0xB4, 0x4F, 0xA6, 0xC7,
    0xF7, 0x41, 0x88, 0x1D, 0x8C, 0xE1, 0xB3, 0xB3, 0xBC, 0x0D, 0xCB, 0xBD, 0xF4, 0xDA, 0x3B, 0x69,
    0x32, 0x50, 0xBD, 0xE7, 0xC8, 0x43, 0x1D, 0xC0, 0x9C, 0x7D, 0x5C, 0xED, 0x85, 0xB1, 0xBB, 0xEE,
    0x95, 0x8C, 0xEF, 0x26, 0x80, 0x74, 0xA3, 0xCE, 0xEE, 0x91, 0x6F, 0xC3, 0x0E, 0x64, 0x3F, 0x57,
    0x41, 0xA4, 0xCE, 0x8F, 0xD7, 0x11, 0xC6, 0x45, 0x32, 0x49, 0x4F, 0x86, 0x12, 0x86, 0x28, 0x42,
    0x90, 0x99, 0xA4, 0xE0, 0xB0, 0x48, 0x52, 0x5D, 0x64, 0x67, 0xC9, 0x2C, 0xBD, 0x96, 0x14, 0x9C,
    0x4E, 0x5F, 0xCF, 0xF2, 0xF1, 0xC1, 0x52, 0x4F, 0x96, 0x77, 0x5E, 0x48, 0xCA, 0x51, 0x52, 0x1D,
    0x71, 0xB3, 0x37, 0x69, 0xE9, 0x15, 0x64, 0x8C, 0xB6, 0x5E, 0x82, 0xE7, 0xE9, 0xB7, 0xFA, 0xA7,
    0xE6, 0x9E, 0xB4, 0xEC, 0x91, 0x31, 0xD4, 0x9C, 0x50, 0x70, 0x29, 0xF5, 0xBE, 0x76, 0xC8, 0xF5,
    0x6E, 0x35, 0x42, 0x6B, 0x86, 0xFD, 0x77, 0x1B, 0x2C, 0xC2, 0x60, 0x13, 0xFC, 0xC6, 0xC5, 0x56,
    0xF8, 0x9A, 0x07, 0x51, 0xD2, 0x92, 0x1C, 0xA9, 0xF6, 0x12, 0x32, 0x34, 0x71, 0xDA, 0x2A, 0xBD,
    0x4D, 0xFD, 0xDB, 0xF2, 0x04, 0x66, 0x21, 0x46, 0x90, 0xEA, 0x13, 0xD3, 0xEE, 0x36, 0x85, 0x44,
    0x17, 0x5F, 0x9B, 0x4B, 0xE6, 0x56, 0xBD, 0x84, 0xEE, 0xC8, 0xE8, 0x5B, 0x22, 0xE7, 0xD2, 0xB0,
    0x2F, 0x38, 0xD7, 0x9C, 0x4A, 0xFD, 0xAB, 0x38, 0xE9, 0x63, 0x9F, 0xD9, 0x21, 0x80, 0xA1, 0xDD,
    0x6C, 0x58, 0xB7, 0xDA, 0x85, 0x87, 0x00, 0xB4, 0xBB, 0x5B, 0xAC, 0x10, 0x5C, 0x2C, 0x47, 0x9B,
    0xB8, 0x20, 0x27, 0xF9, 0x51, 0x25, 0x51, 0xFB, 0xED, 0xE6, 0x07, 0xAD, 0xA1, 0x93, 0x1F, 0xBC,
    0xE2, 0x8B, 0xFC, 0xAC, 0xD5, 0x4E, 0x48, 0xAC, 0x7B, 0xD1, 0x53, 0xF9, 0x34, 0xF4, 0xFF, 0x3F,
    0xDC, 0x73, 0x4C, 0x77, 0x2C, 0xDB, 0x25, 0xA5, 0x12, 0xB6, 0x0C, 0xA2, 0xCC, 0xE9, 0x93, 0x1A,
    0x5C, 0x1D, 0x7E, 0x46, 0xA4, 0xDA, 0x83, 0x91, 0xA2, 0x47, 0xC1, 0x5F, 0xF5, 0xB3, 0xC7, 0xA7,
    0x0C, 0xA8, 0x99, 0xD1, 0x1B, 0x29, 0x37, 0x1B, 0xA9, 0x07, 0xFA, 0x92, 0x47, 0xAC, 0xEA, 0x1C,
    0xC5, 0x9B, 0xD4, 0xB7, 0x92, 0xAB, 0x4A, 0x82, 0x66, 0x91, 0x0C, 0x93, 0xE4, 0x17, 0xC8, 0x9E,
    0xE1, 0x52, 0x6E, 0xCB, 0x8F, 0x9E, 0xEB, 0xEF, 0x4D, 0x24, 0x89, 0x53, 0x89, 0xD1, 0xCB, 0xE7,
    0x7B, 0xDA, 0xA8, 0xEA, 0x08, 0x7F, 0xBC, 0xC7, 0x37, 0x67, 0xB2, 0xF6, 0x45, 0x67, 0xA7, 0xA5,
    0x1F, 0x35, 0x7B, 0xCD, 0x47, 0xBB, 0x40, 0x78, 0x6F, 0x85, 0xEC, 0x62, 0x20, 0x7F, 0x9F, 0xE9,
    0xFA, 0x85, 0xB7, 0xC9, 0x6E, 0x17, 0x9B, 0x99, 0xE6, 0x7F, 0xB7, 0x45, 0xB5, 0x3D, 0x7B, 0xC8,
    0xEE, 0x31, 0xD8, 0xBF, 0x01, 0xC5, 0x53, 0x21, 0x8C, 0xDC, 0x3A, 0x14, 0x9C, 0x24, 0x77, 0x7F,
    0xA5, 0x1F, 0xE0, 0x0F, 0xFE, 0xE1, 0xF0, 0x23, 0xE1, 0xC8, 0xE1, 0x25, 0x0B, 0x76, 0x39, 0x2F,
    0x29, 0x07, 0x55, 0x52, 0x54, 0x7A, 0x1C, 0x15, 0x1F, 0x07, 0x65, 0x6B, 0xF5, 0xB8, 0x64, 0xA9,
    0x5C, 0x5A, 0x50, 0x5E, 0x83, 0xAD, 0x14, 0x5D, 0x9D, 0x4C, 0xE7, 0x29, 0x4D, 0x74, 0xBA, 0xB6,
    0x2D, 0xEC, 0xC8, 0xCF, 0x7E, 0xB1, 0xDF, 0x9B, 0x99, 0x07, 0x72, 0x7B, 0x7F, 0x7F, 0xE7, 0xC9,
    0xF4, 0x3C, 0x6E, 0x8E, 0xC7, 0xE3, 0x41, 0x09, 0xF3, 0x4F, 0xB6, 0xF1, 0x28, 0xEC, 0x29, 0xA4,
    0x67, 0xDB, 0xC9, 0xB6, 0xE3, 0x82, 0x03, 0x17, 0xE4, 0x5F, 0x9D, 0x56, 0x6C, 0x6C, 0xA6, 0xB5,
    0xCA, 0x09, 0xF3, 0x1F, 0xCE, 0x09, 0xC2, 0x6B, 0x94, 0x44, 0x3D, 0xA1, 0x49, 0xF0, 0x01, 0xBD,
    0xD6, 0x19, 0x7D, 0x46, 0x3F, 0xC1, 0xCF, 0x68, 0x32, 0xCA, 0x4F, 0x10, 0x76, 0x23, 0x1C, 0xB5,
    0x3A, 0xC7, 0xA1, 0x62, 0x80, 0xD6, 0x69, 0x00, 0x51, 0xA9, 0x66, 0x44, 0x73, 0xC6, 0xBF, 0xAA,
    0x39, 0x5B, 0x7D, 0x3B, 0xA3, 0xB5, 0x4A, 0x54, 0x44, 0xA1, 0x35, 0xA3, 0xCA, 0x70, 0x17, 0xA3,
    0x6D, 0x3B, 0x5C, 0x41, 0x58, 0x64, 0x5B, 0x13, 0xE6, 0x50, 0x4F, 0xC6, 0x91, 0xDC, 0x28, 0xF9,
    0x26, 0xC9, 0x40, 0x7B, 0x56, 0xAD, 0x57, 0x43, 0xF6, 0x93, 0x6C, 0xB4, 0x94, 0x91, 0x86, 0xA2,
    0xAE, 0x29, 0x33, 0xC5, 0x7B, 0x60, 0x31, 0x54, 0xCE, 0x52, 0xD9, 0x71, 0x70, 0x7C, 0xC1, 0xE0,
    0xF8, 0x96, 0xB1, 0xE2, 0x07, 0x46, 0x30, 0xF4, 0x51, 0xE6, 0x7C, 0x00, 0xD1, 0x0F, 0xD5, 0x5C,
    0x50, 0x16, 0x6D, 0xC0, 0xB3, 0x4B, 0xB2, 0x59, 0x75, 0x32, 0x5A, 0x5E, 0xC4, 0xE7, 0xE4, 0xD4,
    0x98, 0x5B, 0xDA, 0x5C, 0xAC, 0x6D, 0xB2, 0x92, 0x83, 0xEA, 0xD9, 0xC9, 0x36, 0x65, 0xDC, 0x34,
    0x2E, 0x75, 0x36, 0x43, 0x49, 0xF6, 0xDD, 0x80, 0xAB, 0x6D, 0x84, 0x53, 0xFA, 0x21, 0x5E, 0x72,
    0x7E, 0x77, 0x22, 0xD3, 0xD3, 0xB8, 0xE1, 0x97, 0xBD, 0xBD, 0xFD, 0x36, 0x6E, 0xF6, 0x30, 0x80,
    0x69, 0x0B, 0xF5, 0x75, 0xEA, 0x8F, 0x4F, 0x63, 0x79, 0x33, 0x9D, 0xC7, 0xBB, 0xA7, 0xF7, 0xFD,
    0xFA, 0xF6, 0x3C, 0x8E, 0xE2, 0xFD, 0x0F, 0x3B, 0x76, 0x0D, 0xA3, 0x67, 0xEA, 0x79, 0x39, 0x71,
    0xD4, 0x52, 0xA2, 0x4F, 0xC7, 0x50, 0x4C, 0x28, 0x80, 0x4E, 0x45, 0x4D, 0xDA, 0xE5, 0x82, 0xF0,
    0xD9, 0xB1, 0x62, 0xE8, 0x73, 0xC3, 0xDD, 0x76, 0x7C, 0xBF, 0x6C, 0x53, 0x9D, 0x4B, 0xA2, 0xE8,
    0xB0, 0xC7, 0xFF, 0xC0, 0xAB, 0x3B, 0xA0, 0x38, 0xC2, 0x50, 0x32, 0x03, 0x35, 0x61, 0x70, 0x24,
    0xD0, 0x64, 0x18, 0x5A, 0x72, 0x80, 0x1F, 0x61, 0xF0, 0x89, 0xC1, 0x86, 0x35, 0xF4, 0xB1, 0x8F,
    0x05, 0xC3, 0x92, 0x07, 0x7F, 0xAE, 0x38, 0x6C, 0xB9, 0x68, 0xB6, 0xDC, 0x68, 0x96, 0x7A, 0x1F,
    0x45, 0xB3, 0xF1, 0x88, 0x66, 0xE5, 0x7F, 0x23, 0x9A, 0x55, 0x57, 0x34, 0xD7, 0x00, 0xF6, 0xE6,
    0xA7, 0x66, 0xC1, 0x33, 0x6A, 0x0E, 0xF2, 0xD9, 0xE8, 0x6B, 0x82, 0x26, 0x06, 0xE4, 0x46, 0x4D,
    0x20, 0xC5, 0x26, 0x37, 0xFE, 0xAB, 0x08, 0x3E, 0x67, 0xA0, 0x10, 0x69, 0xE4, 0x03, 0xAB, 0x19,
    0x10, 0xCD, 0x29, 0xF4, 0x0F, 0x73, 0x45, 0x88, 0x00, 0x1C, 0xFA, 0x8F, 0x53, 0xB9, 0x0C, 0xB5,
    0xE5, 0x72, 0xB3, 0xD5, 0xC8, 0x4D, 0xBF, 0xF6, 0x32, 0xC0, 0x3F, 0x2E, 0x9C, 0xA2, 0xC1, 0xAA,
    0x25, 0x1A, 0x45, 0x86, 0x79, 0x70, 0x19, 0x58, 0xBD, 0xC1, 0xB0, 0x78, 0xBE, 0x3E, 0x5C, 0x1F,
    0xD0, 0x4E, 0x8E, 0x68, 0xB3, 0x9B, 0x24, 0x20, 0x39, 0x7F, 0xB1, 0x2D, 0x35, 0xA3, 0xB6, 0x36,
    0xC1, 0x47, 0xDB, 0x82, 0xFD, 0x21, 0xC1, 0x47, 0xDC, 0x76, 0xB7, 0x0B, 0x83, 0xEB, 0x60, 0x77,
    0x09, 0x8C, 0x12, 0x95, 0x56, 0x63, 0xFD, 0x38, 0x5D, 0xE0, 0x33, 0xDC, 0x8C, 0x1D, 0xBB, 0x92,
    0x01, 0xD2, 0xF4, 0x92, 0x8F, 0xF8, 0x07, 0x42, 0x01, 0xD4, 0x83, 0x28, 0xED, 0xAE, 0x55, 0x19,
    0xCD, 0x70, 0xC9, 0x08, 0x26, 0x75, 0xCA, 0x60, 0xC5, 0x20, 0x2A, 0xB3, 0x62, 0x7F, 0x2F, 0x9A,
    0x80, 0x12, 0x06, 0x14, 0x07, 0x08, 0x7A, 0x10, 0x24, 0x23, 0x48, 0x5A, 0x50, 0x2F, 0x8C, 0x04,
    0x90, 0xE2, 0x5F, 0x2B, 0xF9, 0x06, 0xA4, 0x50, 0x21, 0xAC, 0xD5, 0x40, 0x10, 0x9C, 0xFE, 0xF2,
    0xD3, 0x9F, 0x5F, 0x51, 0x03, 0x86, 0x84, 0x9C, 0xC7, 0x9C, 0x57, 0x7B, 0x09, 0x3E, 0xF9, 0x82,
    0x04, 0x6F, 0xF1, 0xFE, 0x2E, 0xC1, 0x27, 0x78, 0xFD, 0xD4, 0x33, 0xE0, 0xCD, 0xF5, 0xE1, 0x45,
    0x83, 0x17, 0xD5, 0xBC, 0x04, 0x2A, 0xFA, 0x48, 0x13, 0xAE, 0x37, 0xEC, 0x16, 0x2C, 0x8A, 0xCD,
    0x4D, 0xD2, 0xEE, 0xCD, 0xEE, 0xCC, 0x1C, 0xAC, 0xF2, 0x84, 0x8E, 0x05, 0x8E, 0x15, 0x42, 0x86,
    0x38, 0x31, 0xE5, 0x14, 0xC7, 0x9C, 0x64, 0xCC, 0x41, 0xA1, 0xDF, 0xC7, 0xDF, 0x4F, 0x06, 0x47,
    0xA2, 0x57, 0x6E, 0xC3, 0x19, 0xB8, 0x07, 0x70, 0x57, 0x81, 0x4E, 0x31, 0x28, 0x44, 0xC1, 0xAA,
    0xAD, 0x8A, 0x6E, 0xAB, 0x70, 0xF3, 0xB1, 0x6F, 0x31, 0x78, 0xC5, 0xFD, 0x3B, 0x3E, 0xA1, 0xAD,
    0x30, 0x58, 0x3D, 0x9E, 0x4F, 0x8E, 0xAB, 0xE7, 0x2A, 0xDF, 0x4E, 0x32, 0x42, 0xBE, 0x07, 0x31,
    0xE2, 0xF6, 0xAC, 0x2B, 0x68, 0xCB, 0xAB, 0xBE, 0x08, 0xB7, 0x6C, 0x9D, 0x84, 0x27, 0x58, 0xE5,
    0x59, 0x6D, 0x0E, 0xDC, 0xE4, 0xF6, 0x59, 0xF9, 0xF1, 0x53, 0xCA, 0x5C, 0x33, 0x4B, 0xFE, 0x52,
    0x63, 0xAA, 0x72, 0xA9, 0x72, 0xDC, 0xB6, 0x9C, 0xF0, 0x1C, 0xEF, 0xCF, 0x1F, 0x75, 0x36, 0xDB,
    0x86, 0x15, 0x7E, 0x81, 0x4C, 0x88, 0x23, 0x98, 0x1A, 0x9A, 0xBC, 0x2A, 0xF4, 0x05, 0xC3, 0x71,
    0x63, 0x21, 0x98, 0x06, 0x75, 0xF2, 0xAB, 0xC8, 0x65, 0x97, 0xB4, 0xFB, 0x6B, 0xE9, 0xB9, 0x98,
    0xD0, 0xD7, 0x3D, 0x06, 0x5D, 0x4E, 0xB9, 0x56, 0xC7, 0xD2, 0x71, 0xC6, 0x8B, 0xBF, 0x7C, 0xC7,
    0xC5, 0xEC, 0x7D, 0x28, 0xF9, 0x6E, 0xCF, 0x6F, 0x6A, 0xFC, 0xA1, 0xEA, 0xB5, 0xE7, 0xAE, 0xCE,
    0x1F, 0xFA, 0x62, 0xA1, 0x38, 0x7B, 0x06, 0x75, 0xFE, 0xDF, 0x4F, 0xFC, 0x3A, 0x1C, 0x7A, 0xC9,
    0x9B, 0xCB, 0xF4, 0x98, 0x13, 0xFE, 0x75, 0x8E, 0x6A, 0x94, 0x66, 0xE6, 0x4A, 0xBC, 0x96, 0xA1,
    0x2D, 0xE8, 0x8E, 0xA0, 0x32, 0x6B, 0xBF, 0xDF, 0xE1, 0x6F, 0x6F, 0x85, 0xFB, 0x9F, 0xE3, 0x38,
    0x79, 0x73, 0xB9, 0xBC, 0xCC, 0x33, 0x72, 0x50, 0xEE, 0xC0, 0x51, 0x93, 0x37, 0x6E, 0xD3, 0xA9,
    0x87, 0xDF, 0xE3, 0xFF, 0x01, 0xF4, 0x46, 0x3D, 0x24, 0x02, 0x42, 0x08, 0xC7, 0xF4, 0x68, 0x4C,
    0x03, 0x00, 0xA5, 0x96, 0x3D, 0x8C, 0xDB, 0x46, 0x10, 0x85, 0x87, 0x12, 0xEE, 0x14, 0x58, 0x08,
    0x98, 0x46, 0x08, 0xE2, 0x86, 0xBD, 0x1B, 0xF6, 0xD5, 0x12, 0x48, 0x99, 0xC6, 0xC5, 0x29, 0x7D,
    0xEF, 0xC2, 0x7D, 0x13, 0xB2, 0x6F, 0xE2, 0xBE, 0x4A, 0xE1, 0x22, 0xB9, 0x22, 0xEE, 0x01, 0x45,
    0x64, 0xAA, 0x94, 0x51, 0x13, 0xA4, 0xA5, 0x01, 0x03, 0x46, 0xEC, 0xE2, 0x58, 0xD0, 0x31, 0xE5,
    0xEC, 0xF2, 0x65, 0xDE, 0x70, 0x75, 0x7F, 0xD6, 0xC1, 0x8E, 0x33, 0xB8, 0x7B, 0xDF, 0x8A, 0xB3,
    0x7F, 0x33, 0xDA, 0x59, 0x51, 0xD4, 0x12, 0x31, 0x5B, 0x34, 0x86, 0x94, 0x38, 0xFD, 0xF9, 0x59,
    0xA1, 0xA8, 0x01, 0xC5, 0x02, 0x40, 0x27, 0x92, 0x2B, 0x82, 0x08, 0x68, 0x32, 0xA3, 0x06, 0xBA,
    0xBE, 0x46, 0x2F, 0x29, 0xFA, 0xF9, 0xCB, 0x56, 0x32, 0x34, 0xCB, 0xA6, 0x12, 0x87, 0x42, 0x27,
    0x51, 0x48, 0x56, 0x28, 0x82, 0x38, 0x11, 0x29, 0x83, 0x7C, 0x47, 0x78, 0xD9, 0x4C, 0x18, 0x88,
    0x30, 0xEB, 0x15, 0x6E, 0x9C, 0x77, 0x04, 0x16, 0x3B, 0x45, 0x8E, 0xEF, 0x1B, 0x45, 0x86, 0x8B,
    0x4A, 0x9E, 0x48, 0x0A, 0xC8, 0xA2, 0x93, 0x39, 0xF0, 0xAA, 0x1E, 0xA6, 0x65, 0xBD, 0x48, 0x4D,
    0xB2, 0x0F, 0x3F, 0xD1, 0x89, 0xD6, 0x10, 0x44, 0x64, 0xB9, 0x5B, 0xC7, 0x38, 0x0C, 0x95, 0x61,
    0x66, 0x9A, 0xAC, 0xD5, 0x64, 0x09, 0xB5, 0xE2, 0x6E, 0xFD, 0xC3, 0xFA, 0x70, 0xDC, 0x11, 0x55,
    0xEF, 0x99, 0x2A, 0xE0, 0xEF, 0xD6, 0x6B, 0xFD, 0x9F, 0xE1, 0x55, 0x61, 0x39, 0xBB, 0xA5, 0x35,
    0xF5, 0xC8, 0xFC, 0x22, 0xF7, 0x47, 0x75, 0x24, 0xC0, 0x60, 0x89, 0x8F, 0x41, 0x16, 0xE2, 0x2C,
    0xB8, 0x12, 0xCF, 0x3A, 0x1D, 0x3C, 0x24, 0x8D, 0x08, 0xB4, 0xA5, 0xDA, 0x9A, 0xEE, 0x2E, 0xDB,
    0x27, 0x78, 0xB3, 0x7E, 0x68, 0x83, 0xBA, 0xA8, 0x27, 0x8F, 0x83, 0x3E, 0x91, 0xCC, 0x8B, 0xDC,
    0x78, 0x9E, 0x9A, 0xCA, 0x32, 0x58, 0x9E, 0x3C, 0x35, 0x0B, 0x62, 0xCB, 0xBE, 0x38, 0xDD, 0x39,
    0xD0, 0x9D, 0x53, 0x87, 0x94, 0xEA, 0x97, 0xBB, 0x53, 0xD8, 0x12, 0xF7, 0xFF, 0x12, 0x59, 0xE9,
    0x8C, 0x27, 0x6B, 0xEE, 0x45, 0xC7, 0x42, 0x19, 0x22, 0x71, 0x60, 0x13, 0xD9, 0x46, 0x76, 0x91,
    0x3E, 0x72, 0x8C, 0x44, 0x11, 0xD9, 0x18, 0xDF, 0xA2, 0x53, 0xAE, 0xF0, 0x37, 0x97, 0x3D, 0x2B,
    0x61, 0x16, 0x4A, 0x8C, 0x35, 0x2E, 0x10, 0x56, 0xE8, 0x33, 0xFC, 0x8E, 0x33, 0x5D, 0x77, 0xA9,
    0x9F, 0x45, 0x39, 0x07, 0x8C, 0x72, 0x60, 0x19, 0x99, 0x47, 0xA6, 0x91, 0xF3, 0xC8, 0x24, 0x52,
    0xEA, 0x48, 0x17, 0x99, 0x2A, 0x57, 0xFA, 0xF5, 0x0A, 0x5D, 0x08, 0x13, 0xD0, 0x4C, 0xE8, 0x26,
    0xF8, 0x09, 0x41, 0xB1, 0x5F, 0xC7, 0x89, 0x1C, 0xF4, 0x0F, 0x74, 0xDE, 0x44, 0xF4, 0x59, 0xCF,
    0x31, 0x8E, 0x9B, 0x30, 0xDC, 0x98, 0xB3, 0xBA, 0x5A, 0x4F, 0x1D, 0x9F, 0x0E, 0x7E, 0x27, 0x76,
    0xCA, 0x8B, 0xDA, 0x5B, 0x6B, 0x81, 0xC6, 0xB1, 0x65, 0xA7, 0xCB, 0x8D, 0xD6, 0x4A, 0x51, 0xE4,
    0xB0, 0x13, 0x93, 0x81, 0x7F, 0x09, 0x3A, 0xC9, 0x47, 0x3E, 0x9E, 0x69, 0xCB, 0x05, 0x76, 0x9D,
    0x43, 0x37, 0xEE, 0x39, 0x7C, 0x01, 0xCF, 0x62, 0x9D, 0xF3, 0xCB, 0x09, 0x53, 0x12, 0xDB, 0x14,
    0x23, 0x0F, 0xDF, 0x23, 0x3B, 0x1D, 0x09, 0xDE, 0x55, 0x25, 0xA2, 0xED, 0xAE, 0xB7, 0x02, 0xDE,
    0xE2, 0xB5, 0xB6, 0x74, 0x3C, 0x9E, 0xE3, 0x4F, 0x46, 0xE9, 0x02, 0x1A, 0xFC, 0x83, 0x42, 0x74,
    0x45, 0x34, 0x35, 0x30, 0x9D, 0xC8, 0xC2, 0x59, 0x2B, 0x55, 0xCD, 0x31, 0xB2, 0xA5, 0x9A, 0xC1,
    0x73, 0xDF, 0xAA, 0xA9, 0xB5, 0xB8, 0x93, 0x05, 0x18, 0xE7, 0x1C, 0xBD, 0xFD, 0x8B, 0x70, 0xC7,
    0xFC, 0x67, 0xC1, 0xB4, 0xD7, 0x6A, 0x21, 0xD6, 0xC3, 0xE9, 0x4F, 0x9C, 0x61, 0x8C, 0x32, 0x07,
    0xBA, 0xDB, 0x62, 0x8E, 0x07, 0xDF, 0x8C, 0x3A, 0x0B, 0xCF, 0x23, 0x25, 0xA7, 0xB8, 0xA0, 0x29,
    0x29, 0xBB, 0x94, 0xB2, 0x3C, 0xC8, 0x90, 0xAA, 0x83, 0xDE, 0x8C, 0xB2, 0xA4, 0xCC, 0xF0, 0x7A,
    0x14, 0xF9, 0x4A, 0xA2, 0xAD, 0xF4, 0x7A, 0x61, 0x30, 0xA8, 0xAE, 0xC4, 0x9E, 0xB1, 0x68, 0xDE,
    0x51, 0x67, 0xB0, 0x10, 0x72, 0x00, 0x0A, 0xD5, 0x60, 0x1B, 0x63, 0x84, 0xE9, 0xE1, 0x9A, 0x6D,
    0x93, 0x56, 0xC4, 0x31, 0x4B, 0x56, 0x56, 0x34, 0x0C, 0x54, 0x66, 0xB7, 0x9D, 0xD0, 0x5D, 0x7E,
    0x9A, 0x51, 0x88, 0x8E, 0x88, 0xBE, 0x88, 0x07, 0x18, 0xCF, 0x7F, 0xE0, 0x70, 0x2F, 0xE6, 0x1C,
    0x0D, 0x0E, 0x15, 0x91, 0x61, 0xFF, 0x2D, 0x33, 0x00, 0xA0, 0xB7, 0x8D, 0xC1, 0x5F, 0x1D, 0x7C,
    0x86, 0xA8, 0x48, 0x6A, 0xBC, 0x10, 0xF2, 0x4C, 0x85, 0x61, 0xAC, 0x1F, 0x72, 0xBD, 0x05, 0x3A,
    0x22, 0x43, 0x43, 0x94, 0x10, 0x45, 0x02, 0x4F, 0xA8, 0x8B, 0x50, 0x17, 0xA1, 0x2E, 0xC5, 0x73,
    0x78, 0xE2, 0x25, 0x3A, 0xC2, 0x2A, 0xEA, 0x91, 0xE2, 0xFC, 0x5C, 0x60, 0x76, 0xC0, 0x97, 0x2A,
    0x6F, 0xCE, 0xAC, 0xCB, 0x20, 0x8A, 0xA1, 0x1E, 0x89, 0xCE, 0xA1, 0xE0, 0x64, 0x29, 0x9A, 0x6B,
    0x2B, 0xA8, 0x9B, 0x10, 0x04, 0x83, 0x83, 0x21, 0x6E, 0x69, 0x89, 0x96, 0x98, 0xA3, 0x27, 0x04,
    0xFE, 0x3F, 0xD7, 0xF5, 0x03, 0xEC, 0xD7, 0x25, 0x7E, 0xBC, 0x2C, 0xE8, 0x41, 0x32, 0xC2, 0x3E,
    0x45, 0xDF, 0x47, 0xD6, 0xF5, 0xFE, 0xFF, 0xD6, 0x35, 0x6D, 0x73, 0x04, 0x09, 0x9E, 0x12, 0xA5,
    0x2D, 0xB4, 0x98, 0x56, 0xCF, 0x15, 0x10, 0xA1, 0x6A, 0x26, 0x0C, 0xEA, 0x1A, 0x7D, 0x16, 0x24,
    0x45, 0xB7, 0x49, 0x7A, 0x66, 0x68, 0x23, 0x5F, 0xF0, 0x7C, 0xE9, 0x2C, 0x0A, 0x31, 0x04, 0x43,
    0x19, 0xA4, 0x3E, 0x3F, 0x7F, 0x5A, 0x7A, 0xEE, 0x7B, 0x38, 0x20, 0x18, 0xDC, 0x38, 0x01, 0xF2,
    0xCB, 0xBA, 0x1E, 0x72, 0x54, 0x1B, 0xA9, 0xFB, 0x0C, 0xED, 0x26, 0xE1, 0x85, 0x3D, 0x6C, 0x16,
    0xE8, 0xE6, 0x76, 0x51, 0xEF, 0x12, 0xD0, 0xAA, 0x23, 0x3F, 0xD2, 0xD3, 0xCF, 0x7B, 0x10, 0x5A,
    0xB8, 0x3B, 0xB0, 0x88, 0x68, 0x09, 0x22, 0x8A, 0x6B, 0x38, 0xC5, 0x13, 0xF9, 0xC8, 0x17, 0x94,
    0x6D, 0x69, 0x2F, 0x28, 0xDB, 0x85, 0x9D, 0x8E, 0xAD, 0xD8, 0x0B, 0xCA, 0x76, 0x8A, 0xDD, 0x10,
    0x0C, 0x65, 0x84, 0xBF, 0x81, 0x60, 0x70, 0xE3, 0x04, 0x18, 0x34, 0x76, 0x22, 0xC3, 0x6E, 0x6B,
    0x2F, 0x28, 0xC3, 0x76, 0x7A, 0x41, 0xC1, 0x87, 0x5E, 0x50, 0xE4, 0x31, 0xC2, 0xFB, 0xA1, 0x44,
    0xC8, 0x5A, 0x26, 0x8B, 0x83, 0x8B, 0xA3, 0x3A, 0xAE, 0xF5, 0x24, 0xD7, 0x98, 0x2E, 0xF2, 0x4A,
    0xE4, 0x9E, 0xBD, 0x60, 0xA4, 0x00, 0xA2, 0xC6, 0xE7, 0x92, 0xA3, 0xB0, 0xBC, 0x08, 0xD5, 0x4B,
    0xBC, 0xEE, 0x04, 0xE6, 0xB4, 0x8B, 0x20, 0x5E, 0x31, 0xAC, 0x2A, 0x61, 0xC1, 0xC4, 0x9B, 0xF5,
    0xF2, 0xBA, 0xA8, 0xEF, 0xE8, 0x24, 0xC9, 0xC3, 0xC3, 0x4F, 0x8D, 0x1B, 0xDE, 0xD7, 0x99, 0x69,
    0x5E, 0xA8, 0xEE, 0x51, 0xA9, 0xC2, 0x0B, 0x75, 0x47, 0x0D, 0xD3, 0xA1, 0x4E, 0xB8, 0xAB, 0x21,
    0xE3, 0x37, 0x31, 0xD4, 0x8D, 0xB8, 0x9A, 0x65, 0xF4, 0x99, 0xB3, 0xE9, 0x1D, 0xEC, 0x50, 0x73,
    0xB6, 0x19, 0xA8, 0x99, 0x6A, 0x5E, 0xE5, 0xAA, 0xE5, 0xF0, 0xB9, 0x1B, 0x12, 0xF4, 0x3A, 0x3F,
    0xB7, 0xE2, 0x46, 0x40, 0x07, 0x03, 0x10, 0xAA, 0x37, 0x6D, 0xA9, 0xE1, 0x2A, 0x9F, 0x27, 0x05,
    0x35, 0x6D, 0x6E, 0x6B, 0xB6, 0xB3, 0x80, 0x50, 0x59, 0x01, 0xF5, 0x32, 0x43, 0xBC, 0xD4, 0x81,
    0x2A, 0xA5, 0xEE, 0x1C, 0x2E, 0x2E, 0x78, 0xF7, 0xA4, 0xBF, 0xA1, 0x2B, 0x43, 0xFA, 0x2B, 0xFA,
    0xDA, 0xA7, 0x0D, 0x86, 0x7A, 0x48, 0x9B, 0xFA, 0x93, 0xF5, 0x5E, 0x45, 0x15, 0xF9, 0x90, 0x1E,
    0x2E, 0x2C, 0x00, 0xFB, 0x09, 0xA8, 0x26, 0x74, 0x13, 0x06, 0x03, 0xA3, 0xD6, 0x7B, 0x9C, 0xF9,
    0x63, 0x5E, 0x60, 0xC8, 0x8F, 0x81, 0x3E, 0xF6, 0x0C, 0x87, 0x71, 0x2B, 0x42, 0x9F, 0x13, 0xED,
    0x84, 0x8A, 0xB0, 0xA4, 0x9B, 0xD8, 0x38, 0x89, 0x69, 0x35, 0x74, 0x11, 0xD1, 0x77, 0x17, 0xFE,
    0x05, 0xD5, 0x54, 0x21, 0xAC, 0xE5, 0x44, 0x14, 0xBD, 0xED, 0x63, 0x7F, 0x43, 0x1E, 0xA1, 0x86,
    0x45, 0x40, 0x42, 0xBD, 0x20, 0xF5, 0x6A, 0x4A, 0xF0, 0x09, 0x62, 0xBF, 0xF7, 0x6B, 0xF0, 0x6A,
    0xEA, 0xD5, 0x47, 0x63, 0x10, 0x2B, 0x48, 0x0D, 0x1E, 0xC1, 0x0C, 0x41, 0x62, 0x1A, 0x7C, 0xC2,
    0x24, 0x2C, 0x7E, 0x48, 0x4A, 0x32, 0x1B, 0xDA, 0x39, 0xDC, 0x93, 0xE9, 0xEB, 0x7F, 0xBC, 0x5D,
    0x56, 0xE0, 0xB8, 0xC9, 0x9C, 0xD3, 0x9D, 0xB9, 0xF7, 0xCE, 0xDD, 0x73, 0xFE, 0x3C, 0xA9, 0x66,
    0xD1, 0xA8, 0x33, 0xF1, 0x04, 0xAF, 0x78, 0xC6, 0xA2, 0xD8, 0x62, 0x53, 0xAC, 0x80, 0x41, 0xA9,
    0x83, 0xE7, 0x31, 0xA2, 0xE2, 0xBD, 0x5B, 0xB8, 0x81, 0x55, 0xC4, 0x01, 0x9B, 0xEE, 0x02, 0x59,
    0xD3, 0x35, 0x74, 0xFB, 0x2B, 0x07, 0x31, 0x9B, 0x7E, 0x0C, 0x36, 0x69, 0xA7, 0xD1, 0x45, 0x4D,
    0x78, 0x0D, 0xF5, 0x74, 0xD1, 0x53, 0x31, 0xAB, 0x66, 0x4A, 0x8F, 0xC1, 0x6D, 0xEC, 0x80, 0x55,
    0x37, 0x81, 0x28, 0x35, 0xC0, 0x1B, 0x2D, 0xC0, 0x79, 0xF0, 0x52, 0x34, 0xDE, 0x11, 0xC6, 0x13,
    0x42, 0x83, 0xED, 0x5D, 0x9E, 0x02, 0x43, 0x05, 0xA6, 0x36, 0xC4, 0x7D, 0x86, 0x1E, 0xA3, 0x81,
    0x37, 0x59, 0x00, 0x6F, 0xD7, 0x13, 0x30, 0xBB, 0xD4, 0x66, 0x04, 0xB7, 0x98, 0x3F, 0x10, 0xDD,
    0x82, 0x1F, 0x15, 0xFF, 0x42, 0x8D, 0x60, 0xA1, 0xC7, 0xB3, 0x41, 0x6C, 0x34, 0x1F, 0xBE, 0x87,
    0x67, 0x07, 0x0C, 0xC4, 0x2C, 0x46, 0x31, 0xF1, 0x12, 0xCC, 0xF2, 0xC9, 0x59, 0x37, 0x34, 0x9E,
    0x0E, 0x72, 0x15, 0xEF, 0x15, 0xFA, 0xB4, 0x90, 0x29, 0xE4, 0x4A, 0x0A, 0x3C, 0xB1, 0xD6, 0xDA,
    0x43, 0xB8, 0x22, 0x2C, 0x95, 0x5D, 0x49, 0x3D, 0x36, 0x92, 0x01, 0x48, 0xEE, 0x37, 0xB0, 0x10,
    0xBF, 0xC0, 0xB3, 0xCC, 0xB3, 0x50, 0x65, 0x72, 0x5A, 0x48, 0x9D, 0x94, 0xDA, 0x4D, 0xFA, 0xA4,
    0xCA, 0xAF, 0xD2, 0x6A, 0xBD, 0x51, 0xFD, 0xB2, 0x88, 0xA5, 0x98, 0x22, 0x98, 0xB5, 0x66, 0xAC,
    0x58, 0x0B, 0x7F, 0x02, 0x23, 0x34, 0x60, 0xC4, 0x16, 0x8C, 0xD4, 0x81, 0xB1, 0x1A, 0x30, 0xF2,
    0xD3, 0x7B, 0xC6, 0xE0, 0xC0, 0x98, 0xDF, 0x46, 0x1F, 0xE2, 0xF7, 0x7B, 0xFC, 0xA9, 0x32, 0x07,
    0x41, 0x94, 0xFF, 0x27, 0xC9, 0xF4, 0x20, 0xCF, 0xBF, 0x11, 0x4A, 0x30, 0xF7, 0x04, 0x43, 0x70,
    0x04, 0x5B, 0xF6, 0x54, 0x8B, 0x16, 0x23, 0x15, 0xA7, 0x5F, 0x2C, 0x11, 0xBB, 0xD2, 0xA3, 0x4C,
    0xDB, 0x8E, 0x93, 0x1A, 0x41, 0xA4, 0x81, 0xA7, 0x87, 0xB4, 0x8E, 0x06, 0xBA, 0xC4, 0x57, 0x12,
    0x8F, 0xFD, 0x81, 0x96, 0x4E, 0xD3, 0xC3, 0x63, 0x7B, 0x73, 0xDC, 0xFB, 0x84, 0xA2, 0x3F, 0x9F,
    0xA6, 0xE9, 0x5B, 0x9E, 0x6E, 0x37, 0x40, 0x4B, 0x9E, 0x89, 0xC6, 0xBD, 0xF6, 0xA0, 0x9F, 0xC2,
    0x6B, 0x15, 0xE8, 0xB4, 0x46, 0xBB, 0x12, 0xBB, 0x44, 0x34, 0x0B, 0xD1, 0x46, 0x22, 0x38, 0x33,
    0xBD, 0x67, 0x3A, 0x4B, 0x1B, 0x08, 0xD3, 0x37, 0x62, 0xB7, 0xFE, 0x87, 0xF4, 0x7E, 0x21, 0x9A,
    0x48, 0x74, 0x33, 0x11, 0x4C, 0xAF, 0x31, 0x3C, 0x8E, 0xB4, 0x3D, 0x8E, 0xD4, 0xA7, 0xAB, 0xF4,
    0x20, 0x47, 0xDC, 0x05, 0xE9, 0x37, 0xB1, 0x18, 0x1C, 0x46, 0xC0, 0x03, 0xA3, 0x7E, 0xAB, 0xA4,
    0xCD, 0x52, 0x9E, 0x72, 0xF9, 0xDF, 0x76, 0x00, 0xA9, 0x2F, 0x64, 0x0A, 0xD9, 0x42, 0xAE, 0x10,
    0x48, 0x45, 0xE5, 0x62, 0xC2, 0xF1, 0x5B, 0x55, 0x54, 0xA7, 0x47, 0x03, 0x89, 0xB6, 0xB0, 0x65,
    0x26, 0xD2, 0x1F, 0xDA, 0x68, 0x56, 0xE1, 0xB2, 0x49, 0x38, 0x0E, 0x16, 0xA6, 0x09, 0x22, 0x69,
    0x37, 0xF4, 0x73, 0x78, 0x36, 0xFC, 0x89, 0x54, 0xE3, 0x67, 0xB0, 0x17, 0x7E, 0xDD, 0x27, 0xC8,
    0x24, 0x7B, 0x79, 0xAC, 0xFB, 0xD3, 0x4D, 0xE5, 0xB6, 0xA5, 0xDC, 0x1D, 0x49, 0xCD, 0x3F, 0xE6,
    0xAA, 0xA6, 0x91, 0xF4, 0xD1, 0x0B, 0x2E, 0xA9, 0x80, 0x81, 0xAB, 0x01, 0xC2, 0x19, 0x98, 0x5B,
    0x20, 0xF5, 0x40, 0xD4, 0x95, 0x2D, 0x90, 0x4C, 0xFE, 0x0E, 0xC8, 0x6E, 0x35, 0xCB, 0x09, 0xF0,
    0xDD, 0xA6, 0x4E, 0x01, 0x6A, 0x89, 0x0D, 0x9C, 0xFC, 0x7C, 0xFC, 0xFB, 0x72, 0x7E, 0xC9, 0xEF,
    0x81, 0x8D, 0xF5, 0xEC, 0xD7, 0x01, 0x91, 0xFD, 0x75, 0xCD, 0xBC, 0x4B, 0xB8, 0x78, 0xFF, 0x9D,
    0x2E, 0xCA, 0x3D, 0x10, 0x2B, 0x14, 0xE3, 0x00, 0x5F, 0x44, 0x1F, 0x8B, 0xDA, 0xC3, 0x21, 0xB3,
    0x20, 0xFF, 0xF0, 0x66, 0xB5, 0x6F, 0xA9, 0x61, 0x71, 0x79, 0x1F, 0xB7, 0x16, 0x1C, 0x4E, 0x5C,
    0x1B, 0x42, 0xF9, 0x19, 0x66, 0xA7, 0xF5, 0x9A, 0x6C, 0x21, 0x97, 0x88, 0x74, 0xE9, 0x98, 0xA1,
    0xF9, 0x9A, 0xC4, 0x91, 0x43, 0x19, 0xD9, 0xB3, 0xAA, 0x4C, 0xEE, 0x80, 0x62, 0xC8, 0x5A, 0xF2,
    0x1F, 0x84, 0xF1, 0xAC, 0x4C, 0x55, 0xBF, 0x30, 0xD8, 0xCE, 0xC9, 0x02, 0x58, 0x9C, 0x42, 0xC4,
    0x67, 0x0E, 0x61, 0xDA, 0x07, 0xFE, 0x40, 0xE4, 0x8B, 0xD7, 0xF2, 0xD2, 0x9E, 0x07, 0x84, 0xEF,
    0x8F, 0xBC, 0xCB, 0x0F, 0x3F, 0xFC, 0xFE, 0x06, 0x1A, 0xC8, 0xED, 0x03, 0x3E, 0xA0, 0x3C, 0xAD,
    0xD3, 0x9E, 0xF6, 0xEF, 0x79, 0x15, 0xC6, 0xFD, 0x2D, 0x35, 0x59, 0x6E, 0xA2, 0x0A, 0x0A, 0x56,
    0xA1, 0x43, 0x94, 0x3B, 0x20, 0x56, 0x0E, 0x08, 0x3D, 0xB0, 0x88, 0xC3, 0x2B, 0x51, 0xF0, 0x84,
    0x4D, 0xA8, 0x46, 0x12, 0x9E, 0x06, 0x61, 0x9E, 0xC8, 0xC7, 0x04, 0xF9, 0x32, 0xEC, 0x5D, 0x8A,
    0xB9, 0x58, 0xDD, 0x1B, 0x40, 0x18, 0xEF, 0x0F, 0x94, 0xF6, 0x15, 0x3D, 0xC2, 0xCB, 0xF2, 0x07,
    0xA1, 0x3D, 0x90, 0xB5, 0x07, 0x5B, 0x8B, 0x63, 0x5E, 0xA3, 0x50, 0xE9, 0x17, 0xF7, 0x96, 0x8E,
    0xA7, 0x0A, 0xA3, 0x42, 0xD0, 0xDA, 0x74, 0xE9, 0xF2, 0xF6, 0xDB, 0xFE, 0x06, 0xAD, 0xCE, 0xA1,
    0x11, 0x42, 0x31, 0x10, 0x84, 0xE1, 0x9D, 0x47, 0x21, 0xAF, 0x04, 0x4A, 0xE0, 0x75, 0x41, 0x39,
    0x47, 0x3F, 0xF4, 0xC0, 0x5D, 0x09, 0x18, 0x7C, 0x34, 0x2A, 0xE2, 0x44, 0x86, 0xC9, 0xCC, 0xC2,
    0x8A, 0xA0, 0x22, 0xB3, 0xE2, 0x53, 0x2B, 0x7E, 0xFC, 0xB7, 0x17, 0x69, 0x1D, 0xDB, 0xE3, 0x60,
    0xC7, 0xCE, 0xFA, 0xD3, 0x59, 0xBD, 0x83, 0x2C, 0xE7, 0xBA, 0x91, 0x4F, 0xE0, 0xC4, 0x4F, 0xC8,
    0xC0, 0xF0, 0xCA, 0xD7, 0x71, 0x69, 0x24, 0xC3, 0x26, 0xDE, 0xF9, 0xBE, 0x59, 0xD3, 0x73, 0xB5,
    0xEA, 0xB4, 0x54, 0xA7, 0x27, 0x5C, 0xAA, 0xD3, 0x53, 0x9D, 0x9E, 0xEA, 0x94, 0x81, 0xA1, 0x3A,
    0x3D, 0x55, 0x35, 0x53, 0x9D, 0xE3, 0xB9, 0xD6, 0x2F,
};

static const EpdGlyph lexenddeca_18_boldGlyphs[] = {
    { 0, 0, 166, 0, 0, 0, 0 }, // U+000D
    { 0, 0, 192, 0, 0, 0, 0 }, // U+0020
    { 7, 28, 185, 2, 27, 49, 0 }, // !
    { 17, 11, 286, 1, 27, 47, 49 }, // "
    { 25, 27, 440, 1, 27, 169, 96 }, // #
    { 22, 34, 380, 1, 30, 187, 265 }, // $
    { 34, 28, 581, 1, 27, 238, 452 }, // %
    { 29, 28, 466, 1, 27, 203, 690 }, // &
    { 8, 11, 151, 1, 27, 22, 893 }, // '
    { 14, 34, 234, 1, 27, 119, 915 }, // (
    { 14, 34, 234, 0, 27, 119, 1034 }, // )
    { 16, 15, 264, 0, 28, 60, 1153 }, // *
    { 20, 19, 358, 1, 20, 95, 1213 }, // +
    { 9, 13, 172, 1, 5, 30, 1308 }, // ,
    { 14, 6, 269, 1, 14, 21, 1338 }, // -
    { 8, 8, 154, 1, 7, 16, 1359 }, // .
    { 22, 33, 357, 0, 27, 182, 1375 }, // /
    { 23, 28, 405, 1, 27, 161, 1557 }, // 0
    { 18, 27, 337, 2, 27, 122, 1718 }, // 1
    { 21, 27, 329, 0, 27, 142, 1840 }, // 2
    { 21, 28, 355, 0, 27, 147, 1982 }, // 3
    { 24, 27, 397, 0, 27, 162, 2129 }, // 4
    { 20, 28, 358, 1, 27, 140, 2291 }, // 5
    { 20, 27, 347, 1, 27, 135, 2431 }, // 6
    { 19, 27, 332, 1, 27, 129, 2566 }, // 7
    { 20, 28, 359, 1, 27, 140, 2695 }, // 8
    { 20, 27, 346, 1, 27, 135, 2835 }, // 9
    { 8, 22, 154, 1, 21, 44, 2970 }, // :
    { 9, 29, 175, 1, 21, 66, 3014 }, // ;
    { 18, 21, 315, 1, 20, 95, 3080 }, // <
    { 19, 14, 374, 2, 18, 67, 3175 }, // =
    { 18, 21, 316, 1, 20, 95, 3242 }, // >
    { 19, 28, 322, 0, 27, 133, 3337 }, // ?
    { 34, 34, 579, 1, 27, 289, 3470 }, // @
    { 28, 27, 416, -1, 27, 189, 3759 }, // A
    { 22, 27, 421, 3, 27, 149, 3948 }, // B
    { 25, 28, 416, 1, 27, 175, 4097 }, // C
    { 25, 27, 463, 3, 27, 169, 4272 }, // D
    { 19, 27, 387, 3, 27, 129, 4441 }, // E
    { 19, 27, 371, 3, 27, 129, 4570 }, // F
    { 27, 28, 469, 1, 27, 189, 4699 }, // G
    { 23, 27, 467, 3, 27, 156, 4888 }, // H
    { 17, 27, 333, 2, 27, 115, 5044 }, // I
    { 22, 28, 399, 1, 27, 154, 5159 }, // J
    { 25, 27, 443, 3, 27, 169, 5313 }, // K
    { 19, 27, 365, 3, 27, 129, 5482 }, // L
    { 27, 27, 527, 3, 27, 183, 5611 }, // M
    { 24, 27, 484, 3, 27, 162, 5794 }, // N
    { 28, 28, 487, 1, 27, 196, 5956 }, // O
    { 21, 27, 397, 3, 27, 142, 6152 }, // P
    { 28, 32, 487, 1, 27, 224, 6294 }, // Q
    { 23, 27, 421, 3, 27, 156, 6518 }, // R
    { 23, 28, 380, 0, 27, 161, 6674 }, // S
    { 23, 27, 393, 1, 27, 156, 6835 }, // T
    { 23, 28, 459, 3, 27, 161, 6991 }, // U
    { 27, 27, 427, 0, 27, 183, 7152 }, // V
    { 38, 27, 596, 0, 27, 257, 7335 }, // W
    { 28, 27, 423, -1, 27, 189, 7592 }, // X
    { 28, 27, 413, -1, 27, 189, 7781 }, // Y
    { 22, 27, 410, 2, 27, 149, 7970 }, // Z
    { 12, 35, 252, 3, 27, 105, 8119 }, // [
    { 22, 32, 350, 0, 27, 176, 8224 }, // <backslash>
    { 12, 35, 252, 1, 27, 105, 8400 }, // ]
    { 22, 15, 355, 0, 28, 83, 8505 }, // ^
    { 24, 6, 412, 1, -2, 36, 8588 }, // _
    { 11, 9, 300, 4, 30, 25, 8624 }, // `
    { 22, 22, 395, 1, 21, 121, 8649 }, // a
    { 22, 29, 395, 2, 28, 160, 8770 }, // b
    { 19, 22, 327, 1, 21, 105, 8930 }, // c
    { 22, 29, 392, 1, 28, 160, 9035 }, // d
    { 20, 22, 352, 1, 21, 110, 9195 }, // e
    { 15, 28, 236, 1, 28, 105, 9305 }, // f
    { 22, 30, 401, 1, 21, 165, 9410 }, // g
    { 20, 28, 381, 2, 28, 140, 9575 }, // h
    { 8, 31, 191, 2, 31, 62, 9715 }, // i
    { 12, 39, 190, -2, 31, 117, 9777 }, // j
    { 22, 28, 376, 2, 28, 154, 9894 }, // k
    { 7, 28, 182, 2, 28, 49, 10048 }, // l
    { 32, 21, 577, 2, 21, 168, 10097 }, // m
    { 20, 21, 381, 2, 21, 105, 10265 }, // n
    { 22, 22, 385, 1, 21, 121, 10370 }, // o
    { 22, 30, 395, 2, 21, 165, 10491 }, // p
    { 22, 30, 395, 1, 21, 165, 10656 }, // q
    { 15, 21, 273, 2, 21, 79, 10821 }, // r
    { 18, 22, 297, 0, 21, 99, 10900 }, // s
    { 15, 25, 239, 0, 25, 94, 10999 }, // t
    { 20, 21, 385, 2, 20, 105, 11093 }, // u
    { 23, 20, 363, 0, 20, 115, 11198 }, // v
    { 31, 20, 500, 0, 20, 155, 11313 }, // w
    { 23, 20, 364, 0, 20, 115, 11468 }, // x
    { 24, 29, 372, 0, 20, 174, 0 }, // y
    { 18, 20, 330, 1, 20, 90, 174 }, // z
    { 14, 35, 256, 1, 27, 123, 264 }, // {
    { 6, 36, 191, 3, 28, 54, 387 }, // |
    { 14, 35, 256, 1, 27, 123, 441 }, // }
    { 19, 8, 335, 1, 15, 38, 564 }, // ~
    { 0, 0, 192, 0, 0, 0, 0 }, // U+00A0
    { 7, 28, 185, 2, 21, 49, 0 }, // U+00A1
    { 20, 27, 338, 1, 27, 135, 49 }, // U+00A2
    { 24, 28, 383, 0, 27, 168, 184 }, // U+00A3
    { 20, 19, 336, 1, 21, 95, 352 }, // U+00A4
    { 28, 27, 413, -1, 27, 189, 447 }, // U+00A5
    { 6, 36, 194, 3, 28, 54, 636 }, // U+00A6
    { 20, 33, 345, 1, 27, 165, 690 }, // U+00A7
    { 17, 7, 300, 1, 30, 30, 855 }, // U+00A8
    { 29, 28, 475, 0, 27, 203, 885 }, // U+00A9
    { 14, 14, 235, 0, 28, 49, 1088 }, // U+00AA
    { 20, 19, 337, 0, 19, 95, 1137 }, // U+00AB
    { 23, 13, 402, 1, 16, 75, 1232 }, // U+00AC
    { 14, 6, 272, 2, 14, 21, 1307 }, // U+00AD
    { 19, 20, 304, 0, 28, 95, 1328 }, // U+00AE
    { 13, 5, 254, 3, 28, 17, 1423 }, // U+00AF
    { 14, 13, 319, 3, 27, 46, 1440 }, // U+00B0
    { 20, 23, 385, 2, 22, 115, 1486 }, // U+00B1
    { 12, 15, 218, 1, 31, 45, 1601 }, // U+00B2
    { 11, 15, 214, 1, 30, 42, 1646 }, // U+00B3
    { 11, 9, 300, 4, 30, 25, 1688 }, // U+00B4
    { 20, 27, 383, 2, 20, 135, 1713 }, // U+00B5
    { 25, 27, 458, 1, 27, 169, 1848 }, // U+00B6
    { 8, 8, 154, 1, 17, 16, 2017 }, // U+00B7
    { 9, 11, 300, 5, 1, 25, 2033 }, // U+00B8
    { 9, 15, 175, 0, 30, 34, 2058 }, // U+00B9
    { 13, 13, 240, 1, 27, 43, 2092 }, // U+00BA
    { 20, 18, 339, 1, 19, 90, 2135 }, // U+00BB
    { 29, 29, 493, 1, 28, 211, 2225 }, // U+00BC
    { 29, 28, 496, 1, 28, 203, 2436 }, // U+00BD
    { 31, 28, 510, 0, 27, 217, 2639 }, // U+00BE
    { 19, 28, 322, 0, 21, 133, 2856 }, // U+00BF
    { 28, 36, 416, -1, 36, 252, 2989 }, // U+00C0
    { 28, 36, 416, -1, 36, 252, 3241 }, // U+00C1
    { 28, 35, 416, -1, 35, 245, 3493 }, // U+00C2
    { 28, 35, 416, -1, 35, 245, 3738 }, // U+00C3
    { 28, 35, 416, -1, 35, 245, 3983 }, // U+00C4
    { 28, 35, 416, -1, 35, 245, 4228 }, // U+00C5
    { 40, 27, 645, -1, 27, 270, 4473 }, // U+00C6
    { 25, 37, 416, 1, 27, 232, 4743 }, // U+00C7
    { 19, 36, 387, 3, 36, 171, 4975 }, // U+00C8
    { 19, 36, 387, 3, 36, 171, 5146 }, // U+00C9
    { 19, 35, 387, 3, 35, 167, 5317 }, // U+00CA
    { 19, 35, 387, 3, 35, 167, 5484 }, // U+00CB
    { 17, 36, 333, 2, 36, 153, 5651 }, // U+00CC
    { 17, 36, 333, 2, 36, 153, 5804 }, // U+00CD
    { 17, 35, 333, 2, 35, 149, 5957 }, // U+00CE
    { 17, 35, 333, 2, 35, 149, 6106 }, // U+00CF
    { 27, 27, 463, 1, 27, 183, 6255 }, // U+00D0
    { 24, 35, 484, 3, 35, 210, 6438 }, // U+00D1
    { 28, 37, 487, 1, 36, 259, 6648 }, // U+00D2
    { 28, 37, 487, 1, 36, 259, 6907 }, // U+00D3
    { 28, 36, 487, 1, 35, 252, 7166 }, // U+00D4
    { 28, 36, 487, 1, 35, 252, 7418 }, // U+00D5
    { 28, 36, 487, 1, 35, 252, 7670 }, // U+00D6
    { 18, 19, 319, 1, 20, 86, 7922 }, // U+00D7
    { 28, 30, 484, 1, 28, 210, 8008 }, // U+00D8
    { 23, 37, 459, 3, 36, 213, 8218 }, // U+00D9
    { 23, 37, 459, 3, 36, 213, 8431 }, // U+00DA
    { 23, 36, 459, 3, 35, 207, 8644 }, // U+00DB
    { 23, 36, 459, 3, 35, 207, 8851 }, // U+00DC
    { 28, 36, 413, -1, 36, 252, 9058 }, // U+00DD
    { 21, 27, 397, 3, 27, 142, 9310 }, // U+00DE
    { 24, 29, 400, 1, 28, 174, 9452 }, // U+00DF
    { 22, 31, 395, 1, 30, 171, 9626 }, // U+00E0
    { 22, 31, 395, 1, 30, 171, 9797 }, // U+00E1
    { 22, 31, 395, 1, 30, 171, 9968 }, // U+00E2
    { 22, 30, 395, 1, 29, 165, 10139 }, // U+00E3
    { 22, 31, 395, 1, 30, 171, 10304 }, // U+00E4
    { 22, 33, 395, 1, 32, 182, 10475 }, // U+00E5
    { 32, 22, 540, 1, 21, 176, 10657 }, // U+00E6
    { 19, 31, 327, 1, 21, 148, 10833 }, // U+00E7
    { 20, 31, 352, 1, 30, 155, 10981 }, // U+00E8
    { 20, 31, 352, 1, 30, 155, 11136 }, // U+00E9
    { 20, 31, 352, 1, 30, 155, 11291 }, // U+00EA
    { 20, 31, 352, 1, 30, 155, 11446 }, // U+00EB
    { 11, 30, 173, -1, 30, 83, 11601 }, // U+00EC
    { 11, 30, 173, 0, 30, 83, 0 }, // U+00ED
    { 15, 30, 173, -2, 30, 113, 83 }, // U+00EE
    { 17, 30, 173, -3, 30, 128, 196 }, // U+00EF
    { 21, 29, 358, 1, 28, 153, 324 }, // U+00F0
    { 20, 29, 381, 2, 29, 145, 477 }, // U+00F1
    { 22, 31, 385, 1, 30, 171, 622 }, // U+00F2
    { 22, 31, 385, 1, 30, 171, 793 }, // U+00F3
    { 22, 31, 385, 1, 30, 171, 964 }, // U+00F4
    { 22, 30, 385, 1, 29, 165, 1135 }, // U+00F5
    { 22, 31, 385, 1, 30, 171, 1300 }, // U+00F6
    { 20, 22, 358, 1, 21, 110, 1471 }, // U+00F7
    { 22, 23, 385, 1, 21, 127, 1581 }, // U+00F8
    { 20, 31, 385, 2, 30, 155, 1708 }, // U+00F9
    { 20, 31, 385, 2, 30, 155, 1863 }, // U+00FA
    { 20, 31, 385, 2, 30, 155, 2018 }, // U+00FB
    { 20, 31, 385, 2, 30, 155, 2173 }, // U+00FC
    { 24, 39, 372, 0, 30, 234, 2328 }, // U+00FD
    { 22, 37, 395, 2, 28, 204, 2562 }, // U+00FE
    { 24, 39, 372, 0, 30, 234, 2766 }, // U+00FF
    { 28, 34, 416, -1, 34, 238, 0 }, // U+0100
    { 22, 29, 395, 1, 28, 160, 238 }, // U+0101
    { 28, 35, 416, -1, 35, 245, 398 }, // U+0102
    { 22, 30, 395, 1, 29, 165, 643 }, // U+0103
    { 28, 35, 416, -1, 27, 245, 808 }, // U+0104
    { 22, 29, 395, 1, 21, 160, 1053 }, // U+0105
    { 25, 37, 416, 1, 36, 232, 1213 }, // U+0106
    { 19, 31, 327, 1, 30, 148, 1445 }, // U+0107
    { 25, 36, 416, 1, 35, 225, 1593 }, // U+0108
    { 19, 31, 327, 1, 30, 148, 1818 }, // U+0109
    { 25, 36, 416, 1, 35, 225, 1966 }, // U+010A
    { 19, 31, 327, 1, 30, 148, 2191 }, // U+010B
    { 25, 36, 416, 1, 35, 225, 2339 }, // U+010C
    { 19, 31, 327, 1, 30, 148, 2564 }, // U+010D
    { 25, 35, 463, 3, 35, 219, 2712 }, // U+010E
    { 31, 29, 452, 1, 28, 225, 2931 }, // U+010F
    { 27, 27, 463, 1, 27, 183, 3156 }, // U+0110
    { 24, 29, 392, 1, 28, 174, 3339 }, // U+0111
    { 19, 34, 387, 3, 34, 162, 3513 }, // U+0112
    { 20, 29, 352, 1, 28, 145, 3675 }, // U+0113
    { 19, 35, 387, 3, 35, 167, 3820 }, // U+0114
    { 20, 30, 352, 1, 29, 150, 3987 }, // U+0115
    { 19, 35, 387, 3, 35, 167, 4137 }, // U+0116
    { 20, 31, 352, 1, 30, 155, 4304 }, // U+0117
    { 19, 35, 387, 3, 27, 167, 4459 }, // U+0118
    { 20, 29, 352, 1, 21, 145, 4626 }, // U+0119
    { 19, 35, 387, 3, 35, 167, 4771 }, // U+011A
    { 20, 31, 352, 1, 30, 155, 4938 }, // U+011B
    { 27, 36, 469, 1, 35, 243, 5093 }, // U+011C
    { 22, 39, 401, 1, 30, 215, 5336 }, // U+011D
    { 27, 36, 469, 1, 35, 243, 5551 }, // U+011E
    { 22, 38, 401, 1, 29, 209, 5794 }, // U+011F
    { 27, 36, 469, 1, 35, 243, 6003 }, // U+0120
    { 22, 39, 401, 1, 30, 215, 6246 }, // U+0121
    { 27, 39, 469, 1, 27, 264, 6461 }, // U+0122
    { 22, 41, 401, 1, 32, 226, 6725 }, // U+0123
    { 23, 35, 467, 3, 35, 202, 6951 }, // U+0124
    { 20, 37, 381, 2, 37, 185, 7153 }, // U+0125
    { 29, 27, 492, 1, 27, 196, 7338 }, // U+0126
    { 22, 28, 381, 0, 28, 154, 7534 }, // U+0127
    { 17, 35, 333, 2, 35, 149, 7688 }, // U+0128
    { 15, 29, 173, -2, 29, 109, 7837 }, // U+0129
    { 17, 34, 333, 2, 34, 145, 7946 }, // U+012A
    { 13, 28, 173, -1, 28, 91, 8091 }, // U+012B
    { 17, 35, 333, 2, 35, 149, 8182 }, // U+012C
    { 15, 29, 173, -2, 29, 109, 8331 }, // U+012D
    { 17, 35, 333, 2, 27, 149, 8440 }, // U+012E
    { 10, 38, 173, 0, 30, 95, 8589 }, // U+012F
    { 17, 35, 333, 2, 35, 149, 8684 }, // U+0130
    { 7, 20, 173, 2, 20, 35, 8833 }, // U+0131
    { 42, 28, 732, 2, 27, 294, 8868 }, // U+0132
    { 20, 39, 381, 2, 31, 195, 9162 }, // U+0133
    { 22, 36, 399, 1, 35, 198, 9357 }, // U+0134
    { 16, 38, 189, -2, 30, 152, 9555 }, // U+0135
    { 25, 39, 443, 3, 27, 244, 9707 }, // U+0136
    { 22, 39, 376, 2, 28, 215, 9951 }, // U+0137
    { 22, 20, 377, 2, 20, 110, 10166 }, // U+0138
    { 21, 36, 365, 1, 36, 189, 10276 }, // U+0139
    { 10, 38, 182, 1, 38, 95, 10465 }, // U+013A
    { 19, 39, 365, 3, 27, 186, 10560 }, // U+013B
    { 8, 39, 182, 2, 28, 78, 10746 }, // U+013C
    { 19, 27, 365, 3, 27, 129, 10824 }, // U+013D
    { 17, 28, 242, 2, 28, 119, 10953 }, // U+013E
    { 19, 27, 365, 3, 27, 129, 11072 }, // U+013F
    { 16, 28, 269, 2, 28, 112, 11201 }, // U+0140
    { 23, 27, 375, -1, 27, 156, 11313 }, // U+0141
    { 16, 28, 226, -1, 28, 112, 0 }, // U+0142
    { 24, 36, 484, 3, 36, 216, 112 }, // U+0143
    { 20, 30, 381, 2, 30, 150, 328 }, // U+0144
    { 24, 39, 484, 3, 27, 234, 478 }, // U+0145
    { 20, 32, 381, 2, 21, 160, 712 }, // U+0146
    { 24, 35, 484, 3, 35, 210, 872 }, // U+0147
    { 20, 30, 381, 2, 30, 150, 1082 }, // U+0148
    { 27, 27, 402, -4, 27, 183, 1232 }, // U+0149
    { 24, 35, 484, 3, 27, 210, 1415 }, // U+014A
    { 20, 29, 381, 2, 21, 145, 1625 }, // U+014B
    { 28, 35, 487, 1, 34, 245, 1770 }, // U+014C
    { 22, 29, 385, 1, 28, 160, 2015 }, // U+014D
    { 28, 36, 487, 1, 35, 252, 2175 }, // U+014E
    { 22, 30, 385, 1, 29, 165, 2427 }, // U+014F
    { 28, 38, 487, 1, 37, 266, 2592 }, // U+0150
    { 22, 32, 385, 1, 31, 176, 2858 }, // U+0151
    { 38, 27, 647, 1, 27, 257, 3034 }, // U+0152
    { 36, 22, 602, 1, 21, 198, 3291 }, // U+0153
    { 23, 36, 421, 3, 36, 207, 3489 }, // U+0154
    { 15, 30, 273, 2, 30, 113, 3696 }, // U+0155
    { 23, 39, 421, 3, 27, 225, 3809 }, // U+0156
    { 16, 32, 273, 1, 21, 128, 4034 }, // U+0157
    { 23, 35, 421, 3, 35, 202, 4162 }, // U+0158
    { 15, 30, 273, 2, 30, 113, 4364 }, // U+0159
    { 23, 37, 380, 0, 36, 213, 4477 }, // U+015A
    { 18, 31, 297, 0, 30, 140, 4690 }, // U+015B
    { 23, 36, 380, 0, 35, 207, 4830 }, // U+015C
    { 18, 31, 297, 0, 30, 140, 5037 }, // U+015D
    { 23, 37, 380, 0, 27, 213, 5177 }, // U+015E
    { 18, 31, 297, 0, 21, 140, 5390 }, // U+015F
    { 23, 36, 380, 0, 35, 207, 5530 }, // U+0160
    { 18, 31, 297, 0, 30, 140, 5737 }, // U+0161
    { 23, 37, 393, 1, 27, 213, 5877 }, // U+0162
    { 15, 35, 239, 0, 25, 132, 6090 }, // U+0163
    { 23, 35, 393, 1, 35, 202, 6222 }, // U+0164
    { 19, 31, 239, 0, 31, 148, 6424 }, // U+0165
    { 23, 27, 393, 1, 27, 156, 6572 }, // U+0166
    { 15, 25, 239, 0, 25, 94, 6728 }, // U+0167
    { 23, 36, 459, 3, 35, 207, 6822 }, // U+0168
    { 20, 30, 385, 2, 29, 150, 7029 }, // U+0169
    { 23, 35, 459, 3, 34, 202, 7179 }, // U+016A
    { 20, 29, 385, 2, 28, 145, 7381 }, // U+016B
    { 23, 36, 459, 3, 35, 207, 7526 }, // U+016C
    { 20, 30, 385, 2, 29, 150, 7733 }, // U+016D
    { 23, 36, 459, 3, 35, 207, 7883 }, // U+016E
    { 20, 33, 385, 2, 32, 165, 8090 }, // U+016F
    { 23, 38, 459, 3, 37, 219, 8255 }, // U+0170
    { 20, 32, 385, 2, 31, 160, 8474 }, // U+0171
    { 23, 35, 459, 3, 27, 202, 8634 }, // U+0172
    { 20, 28, 385, 2, 20, 140, 8836 }, // U+0173
    { 38, 35, 596, 0, 35, 333, 8976 }, // U+0174
    { 31, 30, 500, 0, 30, 233, 9309 }, // U+0175
    { 28, 35, 413, -1, 35, 245, 9542 }, // U+0176
    { 24, 39, 372, 0, 30, 234, 9787 }, // U+0177
    { 28, 35, 413, -1, 35, 245, 10021 }, // U+0178
    { 22, 36, 410, 2, 36, 198, 10266 }, // U+0179
    { 18, 30, 330, 1, 30, 135, 10464 }, // U+017A
    { 22, 35, 410, 2, 35, 193, 10599 }, // U+017B
    { 18, 30, 330, 1, 30, 135, 10792 }, // U+017C
    { 22, 35, 410, 2, 35, 193, 10927 }, // U+017D
    { 18, 30, 330, 1, 30, 135, 11120 }, // U+017E
    { 28, 32, 487, 1, 31, 224, 0 }, // U+01A0
    { 23, 26, 385, 1, 25, 150, 224 }, // U+01A1
    { 27, 32, 459, 3, 31, 216, 374 }, // U+01AF
    { 24, 26, 385, 2, 25, 156, 590 }, // U+01B0
    { 48, 35, 846, 3, 35, 420, 746 }, // U+01C4
    { 45, 30, 793, 3, 30, 338, 1166 }, // U+01C5
    { 43, 31, 722, 1, 30, 334, 1504 }, // U+01C6
    { 43, 28, 764, 3, 27, 301, 1838 }, // U+01C7
    { 30, 39, 554, 3, 31, 293, 2139 }, // U+01C8
    { 19, 39, 363, 2, 31, 186, 2432 }, // U+01C9
    { 50, 28, 883, 3, 27, 350, 2618 }, // U+01CA
    { 38, 39, 673, 3, 31, 371, 2968 }, // U+01CB
    { 32, 39, 571, 2, 31, 312, 3339 }, // U+01CC
    { 28, 35, 416, -1, 35, 245, 3651 }, // U+01CD
    { 22, 31, 395, 1, 30, 171, 3896 }, // U+01CE
    { 17, 35, 333, 2, 35, 149, 4067 }, // U+01CF
    { 15, 30, 173, -2, 30, 113, 4216 }, // U+01D0
    { 28, 36, 487, 1, 35, 252, 4329 }, // U+01D1
    { 22, 31, 385, 1, 30, 171, 4581 }, // U+01D2
    { 23, 36, 459, 3, 35, 207, 4752 }, // U+01D3
    { 20, 31, 385, 2, 30, 155, 4959 }, // U+01D4
    { 27, 36, 469, 1, 35, 243, 5114 }, // U+01E6
    { 22, 39, 401, 1, 30, 215, 5357 }, // U+01E7
    { 28, 35, 487, 1, 27, 245, 5572 }, // U+01EA
    { 22, 29, 385, 1, 21, 160, 5817 }, // U+01EB
    { 48, 27, 846, 3, 27, 324, 5977 }, // U+01F1
    { 45, 27, 793, 3, 27, 304, 6301 }, // U+01F2
    { 28, 43, 416, -1, 43, 301, 6605 }, // U+01FA
    { 22, 42, 395, 1, 41, 231, 6906 }, // U+01FB
    { 40, 36, 645, -1, 36, 360, 7137 }, // U+01FC
    { 32, 31, 540, 1, 30, 248, 7497 }, // U+01FD
    { 28, 38, 484, 1, 36, 266, 7745 }, // U+01FE
    { 22, 32, 385, 1, 30, 176, 8011 }, // U+01FF
    { 28, 36, 416, -1, 36, 252, 8187 }, // U+0200
    { 22, 32, 395, 1, 31, 176, 8439 }, // U+0201
    { 28, 35, 416, -1, 35, 245, 8615 }, // U+0202
    { 22, 31, 395, 1, 30, 171, 8860 }, // U+0203
    { 20, 36, 387, 2, 36, 180, 9031 }, // U+0204
    { 21, 32, 352, 0, 31, 168, 9211 }, // U+0205
    { 19, 35, 387, 3, 35, 167, 9379 }, // U+0206
    { 20, 31, 352, 1, 30, 155, 9546 }, // U+0207
    { 19, 36, 333, 0, 36, 171, 9701 }, // U+0208
    { 18, 31, 173, -6, 31, 140, 9872 }, // U+0209
    { 17, 35, 333, 2, 35, 149, 10012 }, // U+020A
    { 15, 30, 173, -2, 30, 113, 10161 }, // U+020B
    { 28, 37, 487, 1, 36, 259, 10274 }, // U+020C
    { 22, 32, 385, 1, 31, 176, 10533 }, // U+020D
    { 28, 36, 487, 1, 35, 252, 10709 }, // U+020E
    { 22, 31, 385, 1, 30, 171, 10961 }, // U+020F
    { 24, 36, 421, 2, 36, 216, 11132 }, // U+0210
    { 18, 31, 273, -1, 31, 140, 11348 }, // U+0211
    { 23, 35, 421, 3, 35, 202, 11488 }, // U+0212
    { 15, 30, 273, 2, 30, 113, 11690 }, // U+0213
    { 23, 37, 459, 3, 36, 213, 0 }, // U+0214
    { 21, 32, 385, 1, 31, 168, 213 }, // U+0215
    { 23, 36, 459, 3, 35, 207, 381 }, // U+0216
    { 20, 31, 385, 2, 30, 155, 588 }, // U+0217
    { 23, 39, 380, 0, 27, 225, 743 }, // U+0218
    { 18, 32, 297, 0, 21, 144, 968 }, // U+0219
    { 23, 39, 393, 1, 27, 225, 1112 }, // U+021A
    { 15, 36, 239, 0, 25, 135, 1337 }, // U+021B
    { 11, 9, 0, 4, 30, 25, 0 }, // U+0300
    { 11, 9, 0, 4, 30, 25, 25 }, // U+0301
    { 15, 8, 0, 2, 30, 30, 50 }, // U+0302
    { 15, 7, 0, 2, 29, 27, 80 }, // U+0303
    { 13, 5, 0, 3, 28, 17, 107 }, // U+0304
    { 15, 7, 0, 2, 29, 27, 124 }, // U+0306
    { 8, 7, 0, 5, 30, 14, 151 }, // U+0307
    { 17, 7, 0, 1, 30, 30, 165 }, // U+0308
    { 10, 10, 0, 4, 31, 25, 195 }, // U+0309
    { 10, 10, 0, 4, 32, 25, 220 }, // U+030A
    { 18, 10, 0, 0, 31, 45, 245 }, // U+030B
    { 15, 8, 0, 2, 30, 30, 290 }, // U+030C
    { 18, 10, 0, 0, 31, 45, 320 }, // U+030F
    { 15, 8, 0, 2, 30, 30, 365 }, // U+0311
    { 8, 10, 0, 5, 32, 20, 395 }, // U+0312
    { 9, 9, 0, 5, 25, 21, 415 }, // U+031B
    { 9, 7, 0, 5, -2, 16, 436 }, // U+0323
    { 17, 7, 0, 1, -2, 30, 452 }, // U+0324
    { 8, 10, 0, 5, -1, 20, 482 }, // U+0326
    { 9, 11, 0, 5, 1, 25, 502 }, // U+0327
    { 10, 10, 0, 4, 2, 25, 527 }, // U+0328
    { 15, 7, 0, 2, -2, 27, 552 }, // U+032E
    { 13, 5, 0, 3, -3, 17, 579 }, // U+0331
    { 13, 6, 0, 3, 14, 20, 596 }, // U+0335
    { 28, 36, 416, -1, 27, 252, 0 }, // U+1EA0
    { 22, 30, 395, 1, 21, 165, 252 }, // U+1EA1
    { 28, 37, 416, -1, 37, 259, 417 }, // U+1EA2
    { 22, 32, 395, 1, 31, 176, 676 }, // U+1EA3
    { 28, 41, 416, -1, 41, 287, 852 }, // U+1EA4
    { 24, 37, 395, 1, 36, 222, 1139 }, // U+1EA5
    { 28, 41, 416, -1, 41, 287, 1361 }, // U+1EA6
    { 22, 37, 395, 1, 36, 204, 1648 }, // U+1EA7
    { 28, 42, 416, -1, 42, 294, 1852 }, // U+1EA8
    { 23, 38, 395, 1, 37, 219, 2146 }, // U+1EA9
    { 28, 41, 416, -1, 41, 287, 2365 }, // U+1EAA
    { 22, 37, 395, 1, 36, 204, 2652 }, // U+1EAB
    { 28, 44, 416, -1, 35, 308, 2856 }, // U+1EAC
    { 22, 39, 395, 1, 30, 215, 3164 }, // U+1EAD
    { 28, 42, 416, -1, 42, 294, 3379 }, // U+1EAE
    { 22, 38, 395, 1, 37, 209, 3673 }, // U+1EAF
    { 28, 42, 416, -1, 42, 294, 3882 }, // U+1EB0
    { 22, 38, 395, 1, 37, 209, 4176 }, // U+1EB1
    { 28, 42, 416, -1, 42, 294, 4385 }, // U+1EB2
    { 22, 38, 395, 1, 37, 209, 4679 }, // U+1EB3
    { 28, 41, 416, -1, 41, 287, 4888 }, // U+1EB4
    { 22, 37, 395, 1, 36, 204, 5175 }, // U+1EB5
    { 28, 44, 416, -1, 35, 308, 5379 }, // U+1EB6
    { 22, 38, 395, 1, 29, 209, 5687 }, // U+1EB7
    { 19, 36, 387, 3, 27, 171, 5896 }, // U+1EB8
    { 20, 30, 352, 1, 21, 150, 6067 }, // U+1EB9
    { 19, 37, 387, 3, 37, 176, 6217 }, // U+1EBA
    { 20, 32, 352, 1, 31, 160, 6393 }, // U+1EBB
    { 19, 35, 387, 3, 35, 167, 6553 }, // U+1EBC
    { 20, 30, 352, 1, 29, 150, 6720 }, // U+1EBD
    { 22, 41, 387, 3, 41, 226, 6870 }, // U+1EBE
    { 23, 37, 352, 1, 36, 213, 7096 }, // U+1EBF
    { 19, 41, 387, 3, 41, 195, 7309 }, // U+1EC0
    { 20, 37, 352, 1, 36, 185, 7504 }, // U+1EC1
    { 21, 42, 387, 3, 42, 221, 7689 }, // U+1EC2
    { 22, 38, 352, 1, 37, 209, 7910 }, // U+1EC3
    { 19, 41, 387, 3, 41, 195, 8119 }, // U+1EC4
    { 20, 37, 352, 1, 36, 185, 8314 }, // U+1EC5
    { 19, 44, 387, 3, 35, 209, 8499 }, // U+1EC6
    { 20, 39, 352, 1, 30, 195, 8708 }, // U+1EC7
    { 17, 37, 333, 2, 37, 158, 8903 }, // U+1EC8
    { 11, 31, 173, 0, 31, 86, 9061 }, // U+1EC9
    { 17, 36, 333, 2, 27, 153, 9147 }, // U+1ECA
    { 8, 40, 191, 2, 31, 80, 9300 }, // U+1ECB
    { 28, 36, 487, 1, 27, 252, 9380 }, // U+1ECC
    { 22, 30, 385, 1, 21, 165, 9632 }, // U+1ECD
    { 28, 38, 487, 1, 37, 266, 9797 }, // U+1ECE
    { 22, 32, 385, 1, 31, 176, 10063 }, // U+1ECF
    { 28, 42, 487, 1, 41, 294, 10239 }, // U+1ED0
    { 24, 37, 385, 1, 36, 222, 10533 }, // U+1ED1
    { 28, 42, 487, 1, 41, 294, 10755 }, // U+1ED2
    { 22, 37, 385, 1, 36, 204, 11049 }, // U+1ED3
    { 28, 43, 487, 1, 42, 301, 11253 }, // U+1ED4
    { 23, 38, 385, 1, 37, 219, 11554 }, // U+1ED5
    { 28, 42, 487, 1, 41, 294, 0 }, // U+1ED6
    { 22, 37, 385, 1, 36, 204, 294 }, // U+1ED7
    { 28, 44, 487, 1, 35, 308, 498 }, // U+1ED8
    { 22, 39, 385, 1, 30, 215, 806 }, // U+1ED9
    { 28, 37, 487, 1, 36, 259, 1021 }, // U+1EDA
    { 23, 31, 385, 1, 30, 179, 1280 }, // U+1EDB
    { 28, 37, 487, 1, 36, 259, 1459 }, // U+1EDC
    { 23, 31, 385, 1, 30, 179, 1718 }, // U+1EDD
    { 28, 38, 487, 1, 37, 266, 1897 }, // U+1EDE
    { 23, 32, 385, 1, 31, 184, 2163 }, // U+1EDF
    { 28, 36, 487, 1, 35, 252, 2347 }, // U+1EE0
    { 23, 30, 385, 1, 29, 173, 2599 }, // U+1EE1
    { 28, 40, 487, 1, 31, 280, 2772 }, // U+1EE2
    { 23, 34, 385, 1, 25, 196, 3052 }, // U+1EE3
    { 23, 36, 459, 3, 27, 207, 3248 }, // U+1EE4
    { 20, 29, 385, 2, 20, 145, 3455 }, // U+1EE5
    { 23, 38, 459, 3, 37, 219, 3600 }, // U+1EE6
    { 20, 32, 385, 2, 31, 160, 3819 }, // U+1EE7
    { 27, 37, 459, 3, 36, 250, 3979 }, // U+1EE8
    { 24, 31, 385, 2, 30, 186, 4229 }, // U+1EE9
    { 27, 37, 459, 3, 36, 250, 4415 }, // U+1EEA
    { 24, 31, 385, 2, 30, 186, 4665 }, // U+1EEB
    { 27, 38, 459, 3, 37, 257, 4851 }, // U+1EEC
    { 24, 32, 385, 2, 31, 192, 5108 }, // U+1EED
    { 27, 36, 459, 3, 35, 243, 5300 }, // U+1EEE
    { 24, 30, 385, 2, 29, 180, 5543 }, // U+1EEF
    { 27, 40, 459, 3, 31, 270, 5723 }, // U+1EF0
    { 24, 34, 385, 2, 25, 204, 5993 }, // U+1EF1
    { 28, 36, 413, -1, 36, 252, 6197 }, // U+1EF2
    { 24, 39, 372, 0, 30, 234, 6449 }, // U+1EF3
    { 28, 36, 413, -1, 27, 252, 6683 }, // U+1EF4
    { 24, 29, 372, 0, 20, 174, 6935 }, // U+1EF5
    { 28, 37, 413, -1, 37, 259, 7109 }, // U+1EF6
    { 24, 40, 372, 0, 31, 240, 7368 }, // U+1EF7
    { 28, 35, 413, -1, 35, 245, 7608 }, // U+1EF8
    { 24, 38, 372, 0, 29, 228, 7853 }, // U+1EF9
    { 0, 0, 330, 0, 0, 0, 0 }, // U+2007
    { 0, 0, 156, 0, 0, 0, 0 }, // U+2008
    { 0, 0, 123, 0, 0, 0, 0 }, // U+2009
    { 0, 0, 61, 0, 0, 0, 0 }, // U+200A
    { 0, 0, 0, 0, 0, 0, 0 }, // U+200B
    { 14, 6, 269, 1, 14, 21, 0 }, // U+2010
    { 19, 6, 350, 1, 14, 29, 21 }, // U+2012
    { 19, 6, 357, 2, 14, 29, 50 }, // U+2013
    { 31, 6, 560, 2, 14, 47, 79 }, // U+2014
    { 32, 6, 553, 1, 14, 48, 126 }, // U+2015
    { 9, 13, 166, 1, 29, 30, 174 }, // U+2018
    { 9, 13, 166, 0, 29, 30, 204 }, // U+2019
    { 9, 13, 172, 1, 5, 30, 234 }, // U+201A
    { 17, 13, 304, 1, 29, 56, 264 }, // U+201C
    { 18, 13, 303, 0, 29, 59, 320 }, // U+201D
    { 17, 13, 307, 1, 5, 56, 379 }, // U+201E
    { 14, 21, 264, 1, 28, 74, 435 }, // U+2020
    { 14, 22, 255, 1, 28, 77, 509 }, // U+2021
    { 11, 11, 208, 1, 19, 31, 586 }, // U+2022
    { 26, 8, 442, 1, 7, 52, 617 }, // U+2026
    { 48, 28, 810, 1, 27, 336, 669 }, // U+2030
    { 17, 11, 297, 1, 27, 47, 1005 }, // U+2033
    { 11, 19, 189, 0, 19, 53, 1052 }, // U+2039
    { 11, 18, 190, 1, 19, 50, 1105 }, // U+203A
    { 24, 27, 364, -1, 27, 162, 1155 }, // U+2044
    { 14, 16, 246, 1, 31, 56, 0 }, // U+2070
    { 14, 15, 245, 0, 30, 53, 56 }, // U+2074
    { 12, 15, 221, 1, 30, 45, 109 }, // U+2075
    { 12, 16, 226, 1, 31, 48, 154 }, // U+2076
    { 11, 14, 198, 1, 30, 39, 202 }, // U+2077
    { 12, 16, 230, 1, 31, 48, 241 }, // U+2078
    { 12, 16, 220, 1, 31, 48, 289 }, // U+2079
    { 14, 16, 246, 1, 8, 56, 337 }, // U+2080
    { 9, 15, 175, 0, 7, 34, 393 }, // U+2081
    { 12, 15, 218, 1, 8, 45, 427 }, // U+2082
    { 11, 15, 214, 1, 7, 42, 472 }, // U+2083
    { 14, 15, 245, 0, 7, 53, 514 }, // U+2084
    { 12, 15, 221, 1, 7, 45, 567 }, // U+2085
    { 12, 16, 226, 1, 8, 48, 612 }, // U+2086
    { 11, 14, 198, 1, 7, 39, 660 }, // U+2087
    { 12, 16, 230, 1, 8, 48, 699 }, // U+2088
    { 12, 16, 220, 1, 8, 48, 747 }, // U+2089
    { 25, 34, 416, 1, 30, 213, 0 }, // U+20A1
    { 21, 27, 371, 1, 27, 142, 213 }, // U+20A3
    { 24, 28, 382, 0, 27, 168, 355 }, // U+20A4
    { 32, 27, 512, 0, 27, 216, 523 }, // U+20A6
    { 27, 27, 470, 1, 27, 183, 739 }, // U+20A7
    { 38, 27, 605, 0, 27, 257, 922 }, // U+20A9
    { 19, 28, 328, 1, 27, 133, 1179 }, // U+20AB
    { 25, 28, 407, 0, 27, 175, 1312 }, // U+20AC
    { 28, 27, 460, 1, 27, 189, 1487 }, // U+20AD
    { 27, 27, 467, 1, 27, 183, 1676 }, // U+20B1
    { 27, 36, 469, 1, 30, 243, 1859 }, // U+20B2
    { 25, 34, 416, 1, 30, 213, 2102 }, // U+20B5
    { 21, 28, 361, 1, 27, 147, 2315 }, // U+20B9
    { 23, 28, 375, 0, 27, 161, 2462 }, // U+20BA
    { 23, 31, 464, 3, 31, 179, 2623 }, // U+20BC
    { 25, 27, 425, 1, 27, 169, 2802 }, // U+20BD
    { 21, 29, 366, 1, 28, 153, 0 }, // U+2202
    { 22, 22, 385, 1, 21, 121, 153 }, // U+2205
    { 28, 28, 427, -1, 28, 196, 274 }, // U+2206
    { 26, 35, 444, 1, 27, 228, 470 }, // U+220F
    { 18, 27, 314, 1, 26, 122, 698 }, // U+2211
    { 20, 6, 348, 1, 14, 30, 820 }, // U+2212
    { 22, 34, 340, 0, 29, 187, 850 }, // U+2215
    { 9, 9, 206, 2, 16, 21, 1037 }, // U+2219
    { 28, 33, 443, 0, 27, 231, 1058 }, // U+221A
    { 32, 17, 544, 1, 18, 136, 1289 }, // U+221E
    { 26, 34, 371, -1, 29, 221, 1425 }, // U+222B
    { 19, 16, 365, 2, 18, 76, 1646 }, // U+2248
    { 20, 21, 381, 2, 21, 105, 1722 }, // U+2260
    { 20, 22, 376, 2, 22, 110, 1827 }, // U+2264
    { 20, 22, 376, 2, 22, 110, 1937 }, // U+2265
    { 24, 31, 427, 1, 31, 186, 0 }, // U+FB01
    { 23, 28, 418, 1, 28, 161, 186 }, // U+FB02
};

static const EpdUnicodeInterval lexenddeca_18_boldIntervals[] = {
    { 0xD, 0xD, 0x0 },
    { 0x20, 0x7E, 0x1 },
    { 0xA0, 0x17E, 0x60 },
    { 0x1A0, 0x1A1, 0x13F },
    { 0x1AF, 0x1B0, 0x141 },
    { 0x1C4, 0x1D4, 0x143 },
    { 0x1E6, 0x1E7, 0x154 },
    { 0x1EA, 0x1EB, 0x156 },
    { 0x1F1, 0x1F2, 0x158 },
    { 0x1FA, 0x21B, 0x15A },
    { 0x300, 0x304, 0x17C },
    { 0x306, 0x30C, 0x181 },
    { 0x30F, 0x30F, 0x188 },
    { 0x311, 0x312, 0x189 },
    { 0x31B, 0x31B, 0x18B },
    { 0x323, 0x324, 0x18C },
    { 0x326, 0x328, 0x18E },
    { 0x32E, 0x32E, 0x191 },
    { 0x331, 0x331, 0x192 },
    { 0x335, 0x335, 0x193 },
    { 0x1EA0, 0x1EF9, 0x194 },
    { 0x2007, 0x200B, 0x1EE },
    { 0x2010, 0x2010, 0x1F3 },
    { 0x2012, 0x2015, 0x1F4 },
    { 0x2018, 0x201A, 0x1F8 },
    { 0x201C, 0x201E, 0x1FB },
    { 0x2020, 0x2022, 0x1FE },
    { 0x2026, 0x2026, 0x201 },
    { 0x2030, 0x2030, 0x202 },
    { 0x2033, 0x2033, 0x203 },
    { 0x2039, 0x203A, 0x204 },
    { 0x2044, 0x2044, 0x206 },
    { 0x2070, 0x2070, 0x207 },
    { 0x2074, 0x2079, 0x208 },
    { 0x2080, 0x2089, 0x20E },
    { 0x20A1, 0x20A1, 0x218 },
    { 0x20A3, 0x20A4, 0x219 },
    { 0x20A6, 0x20A7, 0x21B },
    { 0x20A9, 0x20A9, 0x21D },
    { 0x20AB, 0x20AD, 0x21E },
    { 0x20B1, 0x20B2, 0x221 },
    { 0x20B5, 0x20B5, 0x223 },
    { 0x20B9, 0x20BA, 0x224 },
    { 0x20BC, 0x20BD, 0x226 },
    { 0x2202, 0x2202, 0x228 },
    { 0x2205, 0x2206, 0x229 },
    { 0x220F, 0x220F, 0x22B },
    { 0x2211, 0x2212, 0x22C },
    { 0x2215, 0x2215, 0x22E },
    { 0x2219, 0x221A, 0x22F },
    { 0x221E, 0x221E, 0x231 },
    { 0x222B, 0x222B, 0x232 },
    { 0x2248, 0x2248, 0x233 },
    { 0x2260, 0x2260, 0x234 },
    { 0x2264, 0x2265, 0x235 },
    { 0xFB01, 0xFB02, 0x237 },
};

static const EpdFontGroup lexenddeca_18_boldGroups[] = {
    { 0, 4156, 12280, 90, 0 },
    { 4156, 278, 666, 6, 90 },
    { 4434, 3185, 12214, 77, 96 },
    { 7619, 798, 3161, 19, 173 },
    { 8417, 2381, 12254, 66, 192 },
    { 10798, 2478, 11672, 61, 258 },
    { 13276, 3060, 12266, 53, 319 },
    { 16336, 502, 1557, 8, 372 },
    { 16838, 401, 693, 24, 380 },
    { 17239, 1813, 12217, 54, 404 },
    { 19052, 1305, 8219, 36, 458 },
    { 20357, 609, 1417, 25, 494 },
    { 20966, 332, 845, 17, 519 },
    { 21298, 1135, 3158, 16, 536 },
    { 22433, 812, 2153, 15, 552 },
    { 23245, 108, 354, 2, 567 },
};

static const uint16_t lexenddeca_18_boldKernLeftCodepoints[] = {
    0x0026, 0x0028, 0x002A, 0x002C, 0x002E, 0x002F, 0x0030, 0x0031, 0x0032, 0x0033, 0x0034, 0x0035,
    0x0036, 0x0037, 0x0038, 0x0039, 0x003C, 0x003E, 0x003F, 0x0040, 0x0041, 0x0042, 0x0043, 0x0044,
    0x0045, 0x0046, 0x0047, 0x0049, 0x004A, 0x004B, 0x004C, 0x004F, 0x0050, 0x0051, 0x0052, 0x0053,
    0x0054, 0x0055, 0x0056, 0x0057, 0x0058, 0x0059, 0x005A, 0x005B, 0x005C, 0x005F, 0x0061, 0x0062,
    0x0063, 0x0064, 0x0065, 0x0066, 0x0067, 0x0068, 0x0069, 0x006A, 0x006B, 0x006C, 0x006D, 0x006E,
    0x006F, 0x0070, 0x0071, 0x0072, 0x0073, 0x0074, 0x0075, 0x0076, 0x0077, 0x0078, 0x0079, 0x007A,
    0x007B, 0x007D, 0x00A1, 0x00A3, 0x00B7, 0x00BF, 0x00C0, 0x00C1, 0x00C2, 0x00C3, 0x00C4, 0x00C5,
    0x00C6, 0x00C8, 0x00C9, 0x00CA, 0x00CB, 0x00D0, 0x00D2, 0x00D3, 0x00D4, 0x00D5, 0x00D6, 0x00D8,
    0x00D9, 0x00DA, 0x00DB, 0x00DC, 0x00DD, 0x00DE, 0x00DF, 0x00E0, 0x00E1, 0x00E2, 0x00E3, 0x00E4,
    0x00E5, 0x00E7, 0x00E8, 0x00E9, 0x00EA, 0x00EB, 0x00EC, 0x00ED, 0x00EE, 0x00EF, 0x00F0, 0x00F1,
    0x00F2, 0x00F3, 0x00F4, 0x00F5, 0x00F6, 0x00F8, 0x00F9, 0x00FA, 0x00FB, 0x00FC, 0x00FD, 0x00FE,
    0x00FF, 0x0100, 0x0101, 0x0102, 0x0103, 0x0104, 0x0105, 0x0107, 0x0109, 0x010B, 0x010D, 0x010E,
    0x010F, 0x0110, 0x0111, 0x0112, 0x0113, 0x0114, 0x0115, 0x0116, 0x0117, 0x0118, 0x0119, 0x011A,
    0x011B, 0x011C, 0x011D, 0x011E, 0x011F, 0x0120, 0x0121, 0x0122, 0x0123, 0x0125, 0x0127, 0x0129,
    0x012B, 0x012D, 0x012F, 0x0131, 0x0132, 0x0133, 0x0134, 0x0135, 0x0136, 0x0137, 0x0138, 0x0139,
    0x013A, 0x013B, 0x013C, 0x013D, 0x013E, 0x013F, 0x0140, 0x0141, 0x0142, 0x0144, 0x0146, 0x0148,
    0x0149, 0x014B, 0x014C, 0x014D, 0x014E, 0x014F, 0x0150, 0x0151, 0x0152, 0x0153, 0x0154, 0x0155,
    0x0156, 0x0157, 0x0158, 0x0159, 0x015A, 0x015B, 0x015C, 0x015D, 0x015E, 0x015F, 0x0160, 0x0161,
    0x0162, 0x0163, 0x0164, 0x0165, 0x0166, 0x0167, 0x0168, 0x0169, 0x016A, 0x016B, 0x016C, 0x016D,
    0x016E, 0x016F, 0x0170, 0x0171, 0x0172, 0x0173, 0x0174, 0x0175, 0x0176, 0x0177, 0x0178, 0x0179,
    0x017A, 0x017B, 0x017C, 0x017D, 0x017E, 0x01A0, 0x01A1, 0x01AF, 0x01B0, 0x01C4, 0x01C5, 0x01C6,
    0x01C7, 0x01C8, 0x01C9, 0x01CA, 0x01CB, 0x01CC, 0x01CD, 0x01CE, 0x01D0, 0x01D1, 0x01D2, 0x01D3,
    0x01D4, 0x01E6, 0x01E7, 0x01EA, 0x01EB, 0x01F1, 0x01F2, 0x01FA, 0x01FB, 0x01FC, 0x01FE, 0x01FF,
    0x0200, 0x0201, 0x0202, 0x0203, 0x0204, 0x0205, 0x0206, 0x0207, 0x0209, 0x020B, 0x020C, 0x020D,
    0x020E, 0x020F, 0x0210, 0x0211, 0x0212, 0x0213, 0x0214, 0x0215, 0x0216, 0x0217, 0x0218, 0x0219,
    0x021A, 0x021B, 0x1EA0, 0x1EA1, 0x1EA2, 0x1EA3, 0x1EA4, 0x1EA5, 0x1EA6, 0x1EA7, 0x1EA8, 0x1EA9,
    0x1EAA, 0x1EAB, 0x1EAC, 0x1EAD, 0x1EAE, 0x1EAF, 0x1EB0, 0x1EB1, 0x1EB2, 0x1EB3, 0x1EB4, 0x1EB5,
    0x1EB6, 0x1EB7, 0x1EB8, 0x1EB9, 0x1EBA, 0x1EBB, 0x1EBC, 0x1EBD, 0x1EBE, 0x1EBF, 0x1EC0, 0x1EC1,
    0x1EC2, 0x1EC3, 0x1EC4, 0x1EC5, 0x1EC6, 0x1EC7, 0x1EC9, 0x1ECB, 0x1ECC, 0x1ECD, 0x1ECE, 0x1ECF,
    0x1ED0, 0x1ED1, 0x1ED2, 0x1ED3, 0x1ED4, 0x1ED5, 0x1ED6, 0x1ED7, 0x1ED8, 0x1ED9, 0x1EDA, 0x1EDB,
    0x1EDC, 0x1EDD, 0x1EDE, 0x1EDF, 0x1EE0, 0x1EE1, 0x1EE2, 0x1EE3, 0x1EE4, 0x1EE5, 0x1EE6, 0x1EE7,
    0x1EE8, 0x1EE9, 0x1EEA, 0x1EEB, 0x1EEC, 0x1EED, 0x1EEE, 0x1EEF, 0x1EF0, 0x1EF1, 0x1EF2, 0x1EF3,
    0x1EF4, 0x1EF5, 0x1EF6, 0x1EF7, 0x1EF8, 0x1EF9, 0x2018, 0x2019, 0x201C, 0x201D, 0x2022, 0x2206,
    0x221E, 0x222B, 0xFB01, 0xFB02,
};

static const uint8_t lexenddeca_18_boldKernLeftClassIds[] = {
      1,   2,   3,   4,   5,   6,   7,   8,   9,  10,  11,  12,  13,  14,  15,  16,
     17,  18,  19,  20,  21,  22,  23,  24,  25,  26,  27,  28,  29,  30,  31,  24,
     32,  33,  34,  35,  36,  37,  38,  39,  40,  41,  42,  43,  44,  45,  46,  47,
     48,  49,  50,  51,  52,  53,  54,  55,  56,  57,  53,  53,  47,  47,  58,  59,
     60,  61,  62,  63,  64,  65,  66,  67,  68,  69,  70,  71,  72,  73,  21,  21,
     21,  21,  21,  21,  25,  25,  25,  25,  25,  24,  24,  24,  24,  24,  24,  24,
     37,  37,  37,  37,  41,  74,  75,  46,  46,  46,  46,  46,  46,  48,  50,  50,
     50,  50,  54,  54,  54,  54,  76,  53,  47,  47,  47,  47,  47,  47,  62,  62,
     62,  62,  66,  47,  66,  21,  46,  21,  46,  21,  46,  48,  48,  48,  48,  24,
     77,  24,  49,  25,  50,  25,  50,  25,  50,  25,  50,  25,  50,  27,  78,  27,
     78,  27,  78,  27,  78,  53,  53,  54,  54,  54,  54,  54,  29,  55,  29,  55,
     30,  56,  56,  31,  57,  31,  57,  31,  77,  31,  57,  31,  57,  53,  53,  53,
     53,  53,  24,  47,  24,  47,  24,  47,  25,  50,  79,  59,  79,  59,  79,  59,
     35,  60,  35,  60,  35,  60,  35,  60,  36,  61,  36,  61,  36,  61,  37,  62,
     37,  62,  37,  62,  37,  62,  37,  62,  37,  62,  39,  64,  41,  66,  41,  42,
     67,  42,  67,  42,  67,  24,  47,  37,  62,  42,  67,  67,  29,  55,  57,  29,
     55,  55,  21,  46,  54,  24,  47,  37,  62,  27,  78,  24,  47,  42,  67,  21,
     46,  25,  24,  47,  21,  46,  21,  46,  25,  50,  25,  50,  54,  54,  24,  47,
     24,  47,  79,  59,  79,  59,  37,  62,  37,  62,  35,  60,  36,  61,  21,  46,
     21,  46,  21,  46,  21,  46,  21,  46,  21,  46,  21,  46,  21,  46,  21,  46,
     21,  46,  21,  46,  21,  46,  25,  50,  25,  50,  25,  50,  25,  50,  25,  50,
     25,  50,  25,  50,  25,  50,  54,  54,  24,  47,  24,  47,  24,  47,  24,  47,
     24,  47,  24,  47,  24,  47,  24,  47,  24,  47,  24,  47,  24,  47,  24,  47,
     37,  62,  37,  62,  37,  62,  37,  62,  37,  62,  37,  62,  37,  62,  41,  66,
     41,  66,  41,  66,  41,  66,  80,  81,  82,  83,  84,  85,  86,  87,  54,  57,
};

static const uint16_t lexenddeca_18_boldKernRightCodepoints[] = {
    0x0021, 0x0026, 0x0029, 0x002A, 0x002C, 0x002D, 0x002E, 0x002F, 0x0030, 0x0031, 0x0032, 0x0034,
    0x0036, 0x0037, 0x0038, 0x0039, 0x003C, 0x003F, 0x0040, 0x0041, 0x0042, 0x0043, 0x0044, 0x0045,
    0x0046, 0x0047, 0x0048, 0x0049, 0x004A, 0x004B, 0x004C, 0x004D, 0x004E, 0x004F, 0x0050, 0x0051,
    0x0052, 0x0053, 0x0054, 0x0055, 0x0056, 0x0057, 0x0058, 0x0059, 0x005A, 0x005B, 0x005C, 0x005D,
    0x005F, 0x0061, 0x0062, 0x0063, 0x0064, 0x0065, 0x0066, 0x0067, 0x0068, 0x006A, 0x006B, 0x006C,
    0x006D, 0x006E, 0x006F, 0x0070, 0x0071, 0x0072, 0x0073, 0x0074, 0x0075, 0x0076, 0x0077, 0x0078,
    0x0079, 0x007A, 0x007B, 0x007D, 0x00A1, 0x00B7, 0x00BF, 0x00C0, 0x00C1, 0x00C2, 0x00C3, 0x00C4,
    0x00C5, 0x00C6, 0x00C7, 0x00C8, 0x00C9, 0x00CA, 0x00CB, 0x00D0, 0x00D1, 0x00D2, 0x00D3, 0x00D4,
    0x00D5, 0x00D6, 0x00D8, 0x00D9, 0x00DA, 0x00DB, 0x00DC, 0x00DD, 0x00DE, 0x00DF, 0x00E0, 0x00E1,
    0x00E2, 0x00E3, 0x00E4, 0x00E5, 0x00E7, 0x00E8, 0x00E9, 0x00EA, 0x00EB, 0x00F0, 0x00F1, 0x00F2,
    0x00F3, 0x00F4, 0x00F5, 0x00F6, 0x00F8, 0x00F9, 0x00FA, 0x00FB, 0x00FC, 0x00FD, 0x00FE, 0x00FF,
    0x0100, 0x0101, 0x0102, 0x0103, 0x0104, 0x0105, 0x0106, 0x0107, 0x0108, 0x0109, 0x010A, 0x010B,
    0x010C, 0x010D, 0x010E, 0x010F, 0x0110, 0x0111, 0x0112, 0x0113, 0x0114, 0x0115, 0x0116, 0x0117,
    0x0118, 0x0119, 0x011A, 0x011B, 0x011C, 0x011D, 0x011E, 0x011F, 0x0120, 0x0121, 0x0122, 0x0123,
    0x0124, 0x0125, 0x0127, 0x0134, 0x0135, 0x0136, 0x0137, 0x0138, 0x0139, 0x013A, 0x013B, 0x013C,
    0x013D, 0x013E, 0x013F, 0x0140, 0x0141, 0x0142, 0x0143, 0x0144, 0x0145, 0x0146, 0x0147, 0x0148,
    0x014A, 0x014B, 0x014C, 0x014D, 0x014E, 0x014F, 0x0150, 0x0151, 0x0152, 0x0153, 0x0154, 0x0155,
    0x0156, 0x0157, 0x0158, 0x0159, 0x015A, 0x015B, 0x015C, 0x015D, 0x015E, 0x015F, 0x0160, 0x0161,
    0x0162, 0x0163, 0x0164, 0x0165, 0x0166, 0x0167, 0x0168, 0x0169, 0x016A, 0x016B, 0x016C, 0x016D,
    0x016E, 0x016F, 0x0170, 0x0171, 0x0172, 0x0173, 0x0174, 0x0175, 0x0176, 0x0177, 0x0178, 0x0179,
    0x017A, 0x017B, 0x017C, 0x017D, 0x017E, 0x01A0, 0x01A1, 0x01AF, 0x01B0, 0x01C4, 0x01C5, 0x01C6,
    0x01C7, 0x01C8, 0x01C9, 0x01CA, 0x01CB, 0x01CC, 0x01CD, 0x01CE, 0x01D1, 0x01D2, 0x01D3, 0x01D4,
    0x01E6, 0x01E7, 0x01EA, 0x01EB, 0x01F1, 0x01F2, 0x01FA, 0x01FB, 0x01FC, 0x01FE, 0x01FF, 0x0200,
    0x0201, 0x0202, 0x0203, 0x0204, 0x0205, 0x0206, 0x0207, 0x020C, 0x020D, 0x020E, 0x020F, 0x0210,
    0x0211, 0x0212, 0x0213, 0x0214, 0x0215, 0x0216, 0x0217, 0x0218, 0x0219, 0x021A, 0x021B, 0x1EA0,
    0x1EA1, 0x1EA2, 0x1EA3, 0x1EA4, 0x1EA5, 0x1EA6, 0x1EA7, 0x1EA8, 0x1EA9, 0x1EAA, 0x1EAB, 0x1EAC,
    0x1EAD, 0x1EAE, 0x1EAF, 0x1EB0, 0x1EB1, 0x1EB2, 0x1EB3, 0x1EB4, 0x1EB5, 0x1EB6, 0x1EB7, 0x1EB8,
    0x1EB9, 0x1EBA, 0x1EBB, 0x1EBC, 0x1EBD, 0x1EBE, 0x1EBF, 0x1EC0, 0x1EC1, 0x1EC2, 0x1EC3, 0x1EC4,
    0x1EC5, 0x1EC6, 0x1EC7, 0x1ECC, 0x1ECD, 0x1ECE, 0x1ECF, 0x1ED0, 0x1ED1, 0x1ED2, 0x1ED3, 0x1ED4,
    0x1ED5, 0x1ED6, 0x1ED7, 0x1ED8, 0x1ED9, 0x1EDA, 0x1EDB, 0x1EDC, 0x1EDD, 0x1EDE, 0x1EDF, 0x1EE0,
    0x1EE1, 0x1EE2, 0x1EE3, 0x1EE4, 0x1EE5, 0x1EE6, 0x1EE7, 0x1EE8, 0x1EE9, 0x1EEA, 0x1EEB, 0x1EEC,
    0x1EED, 0x1EEE, 0x1EEF, 0x1EF0, 0x1EF1, 0x1EF2, 0x1EF3, 0x1EF4, 0x1EF5, 0x1EF6, 0x1EF7, 0x1EF8,
    0x1EF9, 0x2013, 0x2014, 0x2018, 0x2019, 0x201C, 0x201D, 0x2022, 0x2206, 0x222B, 0xFB01, 0xFB02,
};

static const uint8_t lexenddeca_18_boldKernRightClassIds[] = {
      1,   2,   3,   4,   5,   6,   7,   8,   9,  10,  11,  12,  13,  14,  15,  16,
     17,  18,  19,  20,  21,  22,  21,  21,  21,  22,  21,  23,  24,  21,  21,  21,
     21,  22,  21,  22,  21,  25,  26,  27,  28,  29,  30,  31,  32,  33,  34,  35,
     36,  37,  38,  37,  37,  37,  39,  40,  38,  41,  38,  38,  42,  42,  37,  43,
     37,  42,  44,  45,  46,  47,  48,  49,  50,  51,  33,  52,  53,  54,  55,  56,
     56,  56,  56,  56,  56,  57,  22,  21,  21,  21,  21,  21,  21,  22,  22,  22,
     22,  22,  22,  27,  27,  27,  27,  58,  21,  59,  37,  37,  37,  37,  37,  37,
     37,  37,  37,  37,  37,  60,  42,  37,  37,  37,  37,  37,  37,  46,  46,  46,
     46,  50,  61,  50,  56,  37,  56,  37,  56,  37,  22,  37,  22,  37,  22,  37,
     22,  37,  21,  37,  21,  37,  21,  37,  21,  37,  21,  37,  21,  37,  21,  37,
     22,  40,  22,  40,  22,  40,  22,  40,  21,  38,  38,  24,  41,  21,  38,  38,
     21,  38,  21,  38,  21,  38,  21,  38,  21,  38,  21,  42,  21,  42,  21,  42,
     21,  42,  22,  37,  22,  37,  22,  37,  22,  37,  21,  42,  21,  42,  21,  42,
     25,  44,  25,  44,  25,  44,  25,  44,  62,  45,  62,  45,  62,  45,  27,  46,
     27,  46,  27,  46,  27,  46,  27,  46,  27,  46,  63,  48,  58,  50,  58,  32,
     51,  32,  51,  32,  51,  22,  37,  27,  46,  21,  21,  37,  21,  21,  38,  21,
     21,  42,  56,  37,  22,  37,  27,  46,  22,  40,  22,  37,  21,  21,  56,  37,
     57,  22,  37,  56,  37,  56,  37,  21,  37,  21,  37,  22,  37,  22,  37,  21,
     42,  21,  42,  27,  46,  27,  46,  25,  44,  62,  45,  56,  37,  56,  37,  56,
     37,  56,  37,  56,  37,  56,  37,  56,  37,  56,  37,  56,  37,  56,  37,  56,
     37,  56,  37,  21,  37,  21,  37,  21,  37,  21,  37,  21,  37,  21,  37,  21,
     37,  21,  37,  22,  37,  22,  37,  22,  37,  22,  37,  22,  37,  22,  37,  22,
     37,  22,  37,  22,  37,  22,  37,  22,  37,  22,  37,  27,  46,  27,  46,  27,
     46,  27,  46,  27,  46,  27,  46,  27,  46,  58,  50,  58,  50,  58,  50,  58,
     50,  64,  65,  66,  67,  68,  69,  70,  71,  72,  39,  39,
};

static const uint16_t lexenddeca_18_boldKernRowOffsets[] = {
        0,    12,    20,    24,    36,    48,    65,    67,    68,    70,    72,    75,    77,    78,    88,    89,
       91,    92,    95,    99,   101,   129,   145,   148,   168,   175,   196,   208,   209,   236,   258,   283,
      308,   329,   346,   349,   380,   388,   418,   438,   451,   478,   483,   496,   510,   514,   530,   550,
      562,   563,   577,   602,   613,   620,   622,   626,   638,   655,   664,   684,   692,   699,   707,   732,
      752,   768,   785,   792,   808,   821,   822,   825,   828,   831,   864,   887,   911,   915,   926,   942,
      947,   954,   959,   965,   966,   969,   970,   971,
};

static const uint8_t lexenddeca_18_boldKernSparseCols[] = {
      2,  25,  27,  28,  30,  46,  47,  49,  57,  59,  61,  62,  21,  23,  36,  39,
     40,  42,  59,  60,  19,  46,  55,  59,  11,  21,  25,  27,  28,  30,  46,  47,
     49,  57,  61,  62,  11,  21,  25,  27,  28,  30,  46,  47,  49,  57,  61,  62,
      7,   8,   9,  10,  11,  12,  19,  21,  23,  36,  39,  43,  46,  48,  55,  58,
     59,   7,  70,  16,  11,  51,   7,  70,  10,  13,  71,   7,  70,  70,   4,   6,
      7,   9,  10,  11,  12,  14,  16,  70,  70,   7,  70,   9,   9,  10,  13,  19,
     23,  55,  59,  27,  48,   3,   5,  21,  25,  26,  27,  28,  30,  33,  36,  38,
     39,  44,  45,  46,  47,  49,  57,  58,  59,  61,  62,  63,  64,  65,  66,  67,
     68,   2,   7,  25,  27,  28,  29,  30,  36,  37,  39,  48,  57,  59,  60,  61,
     62,   2,  66,  68,   2,   6,   7,  19,  22,  23,  25,  27,  28,  29,  30,  31,
     33,  48,  50,  51,  55,  57,  61,  62,  23,  36,  39,  45,  46,  49,  59,   4,
      6,  19,  21,  23,  24,  25,  29,  36,  39,  41,  42,  43,  45,  46,  48,  50,
     55,  56,  59,  61,   7,  19,  22,  25,  27,  28,  30,  33,  55,  57,  61,  62,
     21,   2,   4,   6,   7,  19,  21,  23,  34,  36,  38,  39,  41,  42,  43,  45,
     46,  47,  49,  50,  51,  55,  58,  59,  65,  66,  67,  68,   5,  21,  23,  24,
     26,  27,  28,  30,  36,  41,  42,  43,  44,  45,  46,  47,  49,  57,  59,  62,
     63,  64,   3,   5,  21,  25,  26,  27,  28,  30,  33,  36,  44,  46,  47,  49,
     50,  57,  59,  61,  62,  63,  64,  65,  66,  67,  68,   4,   6,   7,  19,  23,
     28,  29,  31,  33,  36,  38,  39,  44,  45,  46,  47,  49,  55,  58,  59,  62,
     65,  66,  67,  68,   2,   6,   7,  19,  22,  23,  25,  27,  28,  29,  30,  31,
     33,  35,  48,  50,  51,  55,  57,  61,  62,   5,  21,  23,  25,  26,  27,  28,
     30,  33,  36,  45,  57,  59,  61,  62,  63,  64,  29,  30,  57,   1,   4,   5,
      6,   7,  19,  21,  23,  25,  27,  28,  30,  36,  39,  41,  42,  43,  45,  46,
     47,  48,  49,  50,  55,  56,  57,  59,  61,  62,  63,  64,  19,  23,  24,  29,
     30,  48,  55,  57,   1,   4,   6,   7,  17,  18,  19,  21,  23,  24,  25,  32,
     35,  36,  39,  41,  42,  43,  45,  50,  51,  52,  53,  54,  55,  56,  59,  61,
     64,  69,   1,   4,   6,   7,  19,  21,  23,  24,  25,  32,  36,  39,  41,  42,
     45,  51,  55,  59,  61,  64,  21,  24,  26,  32,  36,  39,  45,  46,  47,  49,
     51,  59,  64,   1,   4,   6,   7,  19,  21,  23,  24,  25,  26,  32,  36,  39,
     41,  42,  43,  45,  46,  47,  48,  49,  50,  51,  55,  59,  61,  64,  21,  36,
     45,  46,  59,   9,  10,  19,  23,  25,  27,  28,  29,  30,  46,  47,  48,  49,
     21,  25,  27,  28,  30,  33,  40,  46,  48,  57,  58,  59,  61,  62,  27,  46,
     59,  60,  19,  21,  25,  26,  27,  28,  30,  33,  45,  46,  47,  49,  55,  57,
     61,  62,   2,   7,  25,  27,  28,  29,  30,  31,  33,  38,  46,  47,  48,  49,
     50,  51,  57,  58,  61,  62,  25,  27,  28,  29,  30,  42,  49,  57,  61,  62,
     66,  68,  45,  25,  27,  28,  29,  30,  33,  39,  46,  47,  48,  49,  57,  61,
     62,   2,   3,   7,  19,  25,  27,  28,  29,  30,  31,  34,  36,  44,  46,  47,
     50,  55,  57,  59,  61,  62,  65,  66,  67,  68,   4,  19,  21,  24,  30,  33,
     40,  43,  45,  55,  57,  25,  27,  30,  33,  49,  57,  61,  25,  61,  25,  26,
     40,  61,  21,  30,  33,  36,  37,  39,  40,  43,  45,  57,  59,  60,  21,  25,
     27,  28,  30,  36,  39,  40,  44,  45,  46,  47,  49,  57,  59,  61,  62,   2,
     25,  27,  30,  33,  35,  40,  57,  61,   3,   4,   6,   7,  19,  25,  29,  32,
     36,  39,  40,  44,  46,  47,  51,  55,  59,  61,  66,  68,  21,  25,  27,  29,
     30,  48,  57,  61,   4,  36,  38,  39,  43,  58,  59,  25,  27,  28,  30,  39,
     57,  61,  62,   1,   3,   4,   6,   7,  17,  19,  25,  29,  30,  31,  32,  33,
     35,  36,  39,  43,  44,  46,  51,  54,  55,  57,  59,  61,   1,   4,   6,   7,
     19,  25,  29,  30,  31,  32,  36,  39,  43,  44,  46,  51,  55,  57,  59,  61,
      1,   7,  21,  25,  26,  30,  32,  33,  36,  43,  45,  51,  53,  57,  59,  61,
      1,   6,   7,  19,  25,  29,  30,  31,  32,  36,  39,  43,  51,  55,  57,  59,
     61,  25,  30,  33,  36,  57,  59,  61,   9,  10,  19,  21,  23,  25,  27,  28,
     29,  30,  36,  46,  47,  48,  49,  59,   9,  10,  19,  23,  25,  27,  28,  29,
     30,  46,  47,  48,  49,  27,   8,   9,  11,  27,  48,  59,  27,  46,  59,   0,
      3,   4,   6,   7,  19,  23,  28,  29,  31,  33,  35,  36,  38,  39,  44,  45,
     46,  47,  48,  49,  52,  53,  54,  55,  58,  59,  62,  65,  66,  67,  68,  69,
      2,   3,   7,  25,  27,  28,  29,  30,  31,  33,  35,  38,  46,  47,  48,  49,
     50,  51,  53,  57,  58,  61,  62,   2,   3,   6,   7,  19,  22,  23,  25,  27,
     28,  29,  30,  31,  33,  35,  48,  50,  51,  53,  54,  55,  57,  61,  62,  20,
     37,  44,  60,   4,  19,  21,  24,  30,  33,  40,  43,  45,  55,  57,   5,  21,
     23,  25,  26,  27,  28,  30,  33,  36,  45,  57,  59,  61,  62,  64,  19,  23,
     39,  43,  55,  19,  23,  36,  39,  41,  55,  59,  19,  23,  39,  43,  55,  19,
     23,  36,  39,  55,  59,  27,   8,  14,  15,   9,  11,
};

static const int8_t lexenddeca_18_boldKernSparseValues[] = {
      -9,  -33,  -36,  -24,  -30,  -18,  -18,  -18,  -30,   -6,  -33,  -24,  -18,  -24,  -15,  -14,
      18,   18,  -15,    9,  -45,    4,  -45,  -15,  -15,  -12,  -60,  -72,  -48,  -72,  -48,  -24,
     -24,  -72,  -60,  -48,  -15,  -12,  -60,  -60,  -48,  -72,  -48,  -24,  -24,  -72,  -60,  -48,
     -55,  -30,  -18,  -18,  -36,  -30,  -60,  -24,  -30,  -30,  -30,  -18,   -1,   -4,  -60,   -7,
     -19,  -30,  -30,  -24,  -12,    6,  -15,  -18,  -12,  -12,  -36,  -24,  -12,  -12,  -60,  -48,
     -72,   -9,  -12,  -15,  -12,  -12,  -30,  -54,  -18,  -30,  -24,  -12,  -36,  -18,  -30,  -24,
     -45,  -24,   -9,   -4,   -2,  -45,  -30,  -12,  -30,  -12,  -45,  -24,  -48,  -60,  -12,  -12,
      -6,   -3,   -6,  -30,  -27,  -15,  -48,  -12,  -12,  -30,  -24,  -30,  -30,  -78,  -81,  -42,
     -45,  -12,  -24,   -9,   -5,   -4,   -7,  -14,   -1,   -2,   -3,   -2,  -14,   -1,   -2,   -9,
      -4,   12,   24,   24,  -18,  -12,  -24,  -12,   -9,   -9,  -18,  -18,   -3,  -21,  -21,  -27,
     -30,   -6,   -1,  -15,  -12,  -21,  -18,   -3,   -6,   -3,   -6,   -6,   -9,   -6,   -3,  -48,
     -48,  -36,   -5,  -72,   -3,    9,   -3,   -9,   -6,   -5,   -5,   -6,   -9,   -3,   -9,   -3,
     -36,  -65,   -9,    9,  -24,   -6,   -6,  -15,   -9,   -6,  -14,  -30,   -6,  -14,  -15,   -6,
      -9,   24,  -42,  -30,  -30,  -45,  -18,  -30,   18,  -30,  -30,  -30,  -24,  -24,  -24,  -30,
     -24,  -12,  -24,  -12,   24,  -45,  -30,  -30,   36,   48,   36,   48,  -54,  -27,  -18,   -6,
      -9,   -3,   -3,   12,  -27,   -5,   -5,   -2,   -2,   -7,  -24,  -24,  -24,   12,  -27,   -3,
     -54,  -54,  -45,  -36,  -12,  -50,  -12,  -45,  -45,  -72,  -60,  -12,   -3,  -14,   -3,  -24,
      12,  -72,  -12,  -50,  -45,  -36,  -36,  -72,  -60,  -72,  -60,  -77,  -60,  -48,  -39,  -45,
       5,   -9,   -9,  -30,   -6,    5,   -6,    9,   -3,    6,    9,    6,  -39,    5,   -6,    5,
      18,   30,   18,   30,  -18,  -12,  -24,  -12,   -9,   -9,  -18,  -18,   -3,  -21,  -21,  -27,
     -30,   -6,   -6,   -1,  -15,  -12,  -21,  -18,   -3,  -36,   -6,  -18,  -12,   -3,  -18,   -1,
     -30,  -24,  -12,   -6,  -30,  -12,  -12,   -1,  -36,  -36,   -9,   -9,   -9,  -33,  -60,  -60,
     -60,  -36,  -30,  -18,  -48,   18,    6,    6,    6,  -60,  -27,  -36,  -12,  -60,  -60,   -6,
     -42,   -9,  -30,  -42,  -30,  -70,    6,  -60,   18,    6,  -60,  -60,  -12,   -6,   -6,   -6,
      -6,   -3,  -12,   -6,  -30,  -72,  -60,  -48,    4,   -4,  -45,  -18,  -60,   -6,    6,  -60,
     -17,  -36,  -12,  -12,   -8,   -9,  -15,   -3,  -60,   -4,   -7,  -12,  -45,  -79,  -36,    6,
     -60,   -5,  -18,  -48,  -48,  -48,  -24,   -3,  -48,   -6,    6,  -42,  -15,  -12,   -2,   -2,
      -6,  -42,  -24,  -15,    6,  -42,  -21,   -9,   -6,  -48,  -15,   -1,   -6,  -16,  -10,  -14,
     -48,  -15,  -48,  -30,  -72,  -72,  -72,  -48,  -21,  -72,  -15,    6,   -6,  -60,  -48,  -48,
     -14,  -13,  -22,  -12,   -6,   -6,  -12,   -6,   -6,  -60,  -48,  -48,    6,  -72,   -3,   -3,
      -3,   -3,   -3,  -24,  -30,  -30,  -66,  -60,  -60,  -42,  -48,  -72,  -12,  -12,  -24,  -12,
     -30,  -36,  -24,  -24,  -48,  -55,   36,   -4,   -1,  -48,   -4,  -13,  -36,  -24,  -17,  -13,
     -20,    5,   12,  -12,  -39,   -6,  -17,   -6,  -32,  -18,   -6,   -7,   -4,   -7,   12,  -32,
     -39,   -6,  -15,  -30,  -29,  -14,   -9,  -10,  -23,   -6,  -30,  -12,   -9,  -12,  -12,  -12,
      -6,  -15,  -23,  -12,  -29,   -9,  -18,   -9,   -6,   -3,  -21,    3,   -9,  -21,  -18,   -6,
      18,   18,   10,  -27,  -12,   -6,   -6,  -21,  -24,   -3,   -6,   -6,   -2,   -6,  -21,  -27,
      -6,   18,   18,  -12,  -12,   36,   33,   30,   30,   30,   30,   24,  -12,    2,    6,    1,
       2,  -12,   30,  -12,   36,   30,   18,   24,   18,   24,   -3,   -9,   -6,   -3,   -9,  -18,
       6,   -6,   -5,   -9,   -9,  -18,  -18,  -15,  -24,   -3,  -15,  -18,  -18,  -18,  -18,   -6,
       3,  -18,   -6,  -12,  -24,  -13,   -3,  -12,   -3,   -3,   -3,  -12,  -13,   -3,  -12,  -15,
     -18,  -12,  -18,   -6,   -6,   -8,   -2,   -3,  -15,   -9,   -9,  -18,   -6,  -15,  -12,   18,
     -12,  -10,   -9,   -4,    1,   12,   -9,  -12,   12,  -42,  -68,  -12,  -18,   -6,   -9,  -18,
     -13,   -9,   -6,   12,   30,   30,  -18,  -18,  -13,   -6,   30,   30,   -3,  -27,   -3,   -3,
     -12,   -3,  -12,  -27,  -12,   -3,  -15,   -3,   12,  -15,   -3,  -18,   -6,   -6,   -9,   -6,
      -9,  -18,   -6,  -18,    4,  -24,  -24,  -12,    2,  -15,   -6,  -16,   -6,  -12,  -12,   -1,
     -13,   -9,   -6,   -3,   30,   30,  -12,   -7,  -15,   -6,  -11,   -6,  -18,  -24,  -24,  -12,
      -3,   -6,  -10,   -6,   -3,  -12,   -9,   -9,   -3,   30,   24,  -12,   -3,   -6,   -9,   -6,
      -2,   -1,   -6,   -9,   -3,  -12,  -24,   -4,  -18,   -3,   -3,  -24,   -4,  -12,  -20,   -9,
     -18,  -24,  -12,  -15,   -6,  -12,   -6,   -6,  -12,   -6,   -9,   -6,  -12,  -15,   -6,   -6,
      -6,   -6,   -6,  -24,   -6,   -6,   -6,   -6,  -24,  -30,  -30,  -15,  -60,  -60,  -60,  -42,
     -48,  -72,  -15,  -12,  -12,  -24,  -12,  -15,  -24,  -30,  -30,  -30,  -60,  -60,  -42,  -48,
     -72,  -12,  -12,  -24,  -12,   -4,  -24,  -18,  -18,   -7,   -4,    6,  -10,   -5,  -18,    6,
      -3,  -77,  -60,  -24,  -39,  -45,    5,   -9,   -9,  -12,  -32,   -6,    5,   -6,    9,   -3,
       8,    9,   -2,    6,   12,   15,  -12,  -39,    5,   -6,    5,   18,   30,   18,   30,    2,
     -15,  -12,   -7,  -29,  -14,   -9,  -10,  -23,   -6,   -3,  -20,  -12,  -11,  -12,  -14,  -12,
      -6,  -15,    6,  -23,  -12,  -29,   -9,  -18,   -9,  -12,  -17,  -12,   -9,   -9,  -18,  -18,
      -3,  -21,  -21,  -27,  -30,  -32,   -8,   -1,  -15,    6,  -12,  -12,  -21,  -18,   -3,   40,
      47,   20,   47,   -1,   -9,   -6,   -3,   -9,  -18,    6,   -6,   -5,   -9,   -9,  -36,   -6,
     -18,  -12,   -3,  -18,   -1,  -30,  -24,  -12,   -6,  -30,  -12,  -12,   -1,  -36,  -81, -128,
     -24,  -24,  -81,  -36,  -72,  -24,  -30,  -18,  -36,  -24,  -45,  -72,  -24,  -24,  -45,  -45,
     -60,  -24,  -30,  -45,  -24,   -5,  -30,  -18,  -24,  -24,  -48,
};

static const EpdLigaturePair lexenddeca_18_boldLigaturePairs[] = {
    { 0x00660069, 0xFB01 }, // f i -> U+FB01
    { 0x0066006C, 0xFB02 }, // f l -> U+FB02
};

static const EpdFontData lexenddeca_18_bold = {
    lexenddeca_18_boldBitmaps,
    lexenddeca_18_boldGlyphs,
    lexenddeca_18_boldIntervals,
    56,
    47,
    38,
    -10,
    true,
    lexenddeca_18_boldGroups,
    16,
    nullptr,
    nullptr,  // kernLeftClasses: built-in fonts use the split arrays below
    nullptr,  // kernRightClasses
    lexenddeca_18_boldKernLeftCodepoints,
    lexenddeca_18_boldKernLeftClassIds,
    lexenddeca_18_boldKernRightCodepoints,
    lexenddeca_18_boldKernRightClassIds,
    nullptr,  // kernMatrix: built-in fonts use the sparse form below
    lexenddeca_18_boldKernRowOffsets,
    lexenddeca_18_boldKernSparseCols,
    lexenddeca_18_boldKernSparseValues,
    400,
    396,
    87,
    72,
    lexenddeca_18_boldLigaturePairs,
    2,
};
