/**
 * generated by fontconvert.py
 * name: lexenddeca_16_regular
 * size: 16
 * mode: 2-bit  compressed: true
 * Command used: fontconvert.py lexenddeca_16_regular 16 ../builtinFonts/source/LexendDeca/LexendDeca-Regular.ttf --2bit --compress --pnum --zopfli
 */
#pragma once
#include "EpdFontData.h"

static const uint8_t lexenddeca_16_regularBitmaps[18652] = {
    0xB5, 0x99, 0x01, 0xC4, 0x2E, 0xD9, 0x79, 0xC7, 0xFF, 0x33, 0xEF, 0xDE, 0x6F, 0x62, 0x87, 0xCC,
    0x22, 0x1F, 0xE9, 0x86, 0xCE, 0x02, 0x6A, 0x95, 0x01, 0x00, 0x72, 0xA6, 0x09, 0xA0, 0xE8, 0x62,
    0xBF, 0x84, 0x2E, 0x0A, 0x90, 0x4D, 0x71, 0x01, 0xA0, 0xF7, 0xCE, 0x14, 0x04, 0x45, 0x82, 0x16,
    0x14, 0x2E, 0x16, 0xBB, 0xDF, 0xAA, 0x40, 0xB0, 0xA9, 0xBB, 0xDF, 0x99, 0x28, 0x0D, 0x82, 0x8C,
    0x44, 0x41, 0x91, 0x21, 0x59, 0xAA, 0xC5, 0x9D, 0xEA, 0x54, 0xE6, 0x6E, 0x66, 0xE6, 0xE9, 0xF3,
    0x33, 0x9D, 0xEF, 0xFB, 0xBE, 0xDD, 0xEC, 0xBD, 0xBB, 0x9B, 0x64, 0xDE, 0x39, 0xBF, 0xF7, 0x9D,
    0x99, 0xE7, 0x3C, 0xE7, 0x9C, 0xE7, 0x39, 0xE7, 0x39, 0x67, 0xCE, 0x7B, 0xAE, 0xD0, 0xDE, 0xFE,
    0x54, 0x6D, 0x55, 0xF3, 0x29, 0xEB, 0x52, 0x85, 0x7F, 0xF6, 0xE3, 0x45, 0x85, 0xAE, 0xF1, 0x4F,
    0x68, 0x5F, 0xD0, 0x79, 0x7D, 0x11, 0xDA, 0x2D, 0xD4, 0x6B, 0x93, 0x2C, 0x0F, 0x93, 0xF9, 0x41,
    0x32, 0x3D, 0x4E, 0xC7, 0xC7, 0xE9, 0xF0, 0x83, 0x53, 0xFF, 0x92, 0x6A, 0x25, 0x75, 0xF2, 0x9A,
    0x54, 0x74, 0xA7, 0xF1, 0x86, 0x99, 0xB3, 0x6C, 0xB3, 0x01, 0xE6, 0xBD, 0x2A, 0xF3, 0xA3, 0x86,
    0xD6, 0xEE, 0x54, 0xF0, 0x27, 0xD2, 0x43, 0xA8, 0x2B, 0x55, 0xB5, 0xF4, 0xBE, 0x82, 0xA4, 0xE5,
    0x86, 0x97, 0xDB, 0x65, 0x7C, 0x5B, 0x88, 0xAF, 0x3B, 0x75, 0x9A, 0xB4, 0x4A, 0x5E, 0xC4, 0x72,
    0xC3, 0x64, 0x96, 0xB2, 0x21, 0x9D, 0xA4, 0xBC, 0x77, 0x1E, 0x47, 0x38, 0x90, 0xC4, 0x5A, 0xAA,
    0x6C, 0x56, 0x62, 0x66, 0x3A, 0x39, 0xBA, 0x7C, 0x0E, 0xCD, 0x50, 0x8C, 0xA1, 0x68, 0x8B, 0x3E,
    0xA4, 0x2A, 0x86, 0x20, 0xF9, 0xA5, 0x94, 0xAF, 0x41, 0x88, 0x08, 0xE1, 0x5E, 0x6A, 0xBC, 0x4C,
    0x65, 0x66, 0xB5, 0xD2, 0xCD, 0xAF, 0xD3, 0x39, 0x0C, 0x8E, 0x62, 0x3C, 0x4B, 0xE7, 0x7C, 0x2C,
    0xBE, 0xE6, 0x08, 0x3F, 0x9B, 0x3D, 0xFB, 0x87, 0x73, 0xD3, 0x15, 0x34, 0x31, 0x35, 0x72, 0x54,
    0x36, 0x48, 0xE9, 0x22, 0xC7, 0x7C, 0x40, 0x1C, 0x6F, 0x4B, 0x6E, 0xAB, 0xDC, 0x6A, 0x2F, 0x53,
    0xA5, 0x6B, 0x2C, 0x3B, 0x05, 0xB7, 0x55, 0xA8, 0xF5, 0xC0, 0xEB, 0xBE, 0x49, 0x8F, 0x93, 0x29,
    0x59, 0xFC, 0x4B, 0xF3, 0x69, 0xE2, 0xCA, 0xB5, 0x4B, 0x6E, 0x71, 0x17, 0xD4, 0x57, 0x4F, 0x63,
    0xA0, 0x2D, 0xBF, 0x18, 0x5C, 0x50, 0x85, 0xFD, 0x68, 0x49, 0xA8, 0xD8, 0x69, 0x2A, 0x67, 0xAE,
    0x87, 0x68, 0x92, 0x6B, 0x5C, 0xAB, 0x56, 0x0A, 0x5F, 0x9B, 0x8A, 0xCE, 0x2D, 0x7B, 0x1A, 0xF3,
    0x4E, 0xC9, 0x72, 0x1A, 0xB3, 0xDE, 0x6D, 0xC5, 0x97, 0xF2, 0x81, 0x9B, 0x2E, 0x98, 0x22, 0x12,
    0xA4, 0xD5, 0xAD, 0x7F, 0x45, 0x63, 0x45, 0xD1, 0x28, 0xE3, 0xA8, 0x3D, 0xBD, 0xFC, 0x3D, 0xAA,
    0x6F, 0x2B, 0xEA, 0x71, 0x9A, 0xAA, 0xA7, 0xB1, 0x97, 0x42, 0x57, 0x8C, 0x2E, 0x5F, 0x9F, 0x5A,
    0x88, 0x70, 0x68, 0x05, 0x3B, 0x58, 0x8E, 0x30, 0xA2, 0xE6, 0xB4, 0x67, 0x7D, 0x6A, 0xCE, 0xAA,
    0x6F, 0xBA, 0xAA, 0x0E, 0x6D, 0xE9, 0x8D, 0x08, 0x75, 0xBE, 0x04, 0xCF, 0x9A, 0xDA, 0x95, 0x53,
    0xB6, 0x92, 0x35, 0x2C, 0x0A, 0xBD, 0x8A, 0x99, 0x1A, 0x34, 0xAB, 0x32, 0xC3, 0xA0, 0x89, 0xD9,
    0xDA, 0xD0, 0x81, 0x7A, 0xD4, 0xBE, 0x2E, 0xE9, 0xDC, 0x75, 0x84, 0xBA, 0xD1, 0x43, 0x3D, 0xD0,
    0x63, 0xFF, 0xFC, 0x40, 0x2F, 0x89, 0x23, 0xF5, 0xBC, 0x13, 0x1A, 0xDC, 0x0B, 0x9E, 0x7B, 0x96,
    0xD7, 0xB1, 0xF4, 0x9C, 0x1D, 0xD6, 0x6D, 0xC4, 0x79, 0x75, 0xE7, 0xE4, 0x4E, 0xF0, 0xB3, 0x46,
    0xA6, 0x70, 0xBB, 0x8C, 0x3A, 0xCD, 0x4A, 0x36, 0x29, 0xB6, 0xAA, 0x06, 0xAE, 0x93, 0x5E, 0xE2,
    0xF8, 0x63, 0xDA, 0x46, 0xC3, 0x4E, 0x8B, 0x64, 0x52, 0x73, 0x3B, 0x8F, 0x9F, 0x13, 0x3E, 0x76,
    0x87, 0x27, 0xC7, 0xC9, 0xE5, 0xCC, 0xFD, 0x6C, 0x44, 0xA6, 0xE8, 0xC9, 0xDF, 0xD4, 0xAE, 0x3C,
    0x5B, 0x5C, 0x0F, 0x57, 0x5F, 0xDC, 0x55, 0x7F, 0x49, 0x7A, 0x4F, 0xAF, 0xBC, 0xF7, 0xD2, 0x83,
    0xF7, 0xA6, 0x68, 0x73, 0x6E, 0x6D, 0x66, 0x75, 0x63, 0xD3, 0xFB, 0x3F, 0x9C, 0x5E, 0x79, 0xEF,
    0x15, 0x7F, 0x44, 0x9B, 0x93, 0xB7, 0xB0, 0xE5, 0xFC, 0x0C, 0x34, 0x74, 0xEB, 0x78, 0x8D, 0x67,
    0x0B, 0x2B, 0x75, 0x7D, 0x79, 0x5B, 0x0D, 0xD5, 0x58, 0x4C, 0xA7, 0x29, 0x1D, 0x4F, 0x43, 0xD1,
    0x85, 0xFA, 0xCB, 0xC2, 0x85, 0x36, 0xED, 0xE7, 0xDD, 0x18, 0xC0, 0xA3, 0x7B, 0xB5, 0x83, 0x4E,
    0xA5, 0xAA, 0x3D, 0x06, 0xD8, 0x15, 0x58, 0x50, 0x09, 0xE8, 0xB2, 0x34, 0x57, 0x34, 0x58, 0x98,
    0x08, 0xF3, 0x3A, 0x22, 0x62, 0xEB, 0x73, 0xC5, 0x9A, 0x43, 0x2C, 0xB9, 0x16, 0xCB, 0xAE, 0xC5,
    0xCA, 0x6B, 0xB1, 0xF3, 0xDD, 0xDF, 0xEF, 0x70, 0x6D, 0x3D, 0x43, 0x75, 0xD2, 0xC9, 0xBE, 0xBF,
    0xAA, 0x98, 0x13, 0x63, 0x64, 0x35, 0x35, 0x5E, 0xF7, 0x7A, 0x7B, 0xA6, 0x50, 0x7B, 0xF6, 0x86,
    0xE1, 0xF1, 0x89, 0x08, 0x94, 0xE0, 0x72, 0x65, 0x1F, 0x3A, 0xAF, 0x0D, 0x79, 0xDB, 0x62, 0x54,
    0xAC, 0xF3, 0x35, 0x35, 0xC2, 0x01, 0x4E, 0x37, 0x22, 0x9A, 0xD1, 0xF0, 0xD7, 0x3C, 0x9D, 0xD1,
    0xF3, 0x3B, 0xA5, 0xE6, 0x19, 0x3C, 0x05, 0xBE, 0xFD, 0xFA, 0x05, 0x46, 0xC0, 0xE7, 0x48, 0xF7,
    0x9A, 0x7F, 0xAB, 0x4B, 0xB3, 0xF6, 0x48, 0x3A, 0xC3, 0xE3, 0xD1, 0x5A, 0x4A, 0x1F, 0x55, 0x58,
    0x9C, 0x55, 0x8E, 0xD9, 0xE2, 0xB2, 0xE9, 0xAA, 0x50, 0x27, 0xAB, 0x3B, 0xC7, 0x71, 0x18, 0x14,
    0xE4, 0xF3, 0x31, 0xF6, 0x02, 0xE6, 0xA2, 0xAA, 0x27, 0xC3, 0x78, 0x3C, 0xAC, 0xB8, 0x1F, 0x3B,
    0x06, 0x33, 0x46, 0x5D, 0x11, 0x5D, 0x2F, 0x2E, 0x14, 0xCC, 0x4C, 0x15, 0x28, 0xC0, 0xBD, 0x8B,
    0x8B, 0xD7, 0xC5, 0x2F, 0xB0, 0x81, 0x3D, 0xB2, 0x1C, 0x63, 0xDB, 0x8E, 0xC2, 0xDC, 0x3C, 0x04,
    0x03, 0x94, 0x12, 0x27, 0x91, 0xD3, 0x43, 0xF7, 0x80, 0x5E, 0x4A, 0x4C, 0x87, 0x27, 0x43, 0x7D,
    0x83, 0xDC, 0xEF, 0xA1, 0xC3, 0x4B, 0x9B, 0xBC, 0x78, 0x34, 0xD3, 0xB6, 0xC1, 0x6F, 0x6F, 0xB5,
    0x88, 0x8A, 0x1C, 0x70, 0xF7, 0x38, 0x08, 0x20, 0x3A, 0x52, 0x73, 0x64, 0xA0, 0xF8, 0xB5, 0x23,
    0xFC, 0xD8, 0x61, 0x2E, 0x97, 0xAE, 0x8E, 0x6C, 0x76, 0x14, 0x83, 0x23, 0x74, 0x0E, 0xFB, 0xCF,
    0x77, 0x3F, 0x7C, 0xC4, 0x20, 0x98, 0x02, 0x78, 0xF9, 0xF2, 0xFB, 0x1F, 0x3E, 0xDA, 0x95, 0x7E,
    0x12, 0x12, 0x6F, 0x74, 0x66, 0xB6, 0xE4, 0x9E, 0x0A, 0x52, 0x2F, 0x91, 0xE8, 0xEA, 0x25, 0xE9,
    0x5F, 0xDF, 0xC2, 0x44, 0xB5, 0xA7, 0xA1, 0xD8, 0x6C, 0xCE, 0xDA, 0x7C, 0x91, 0xD2, 0x4D, 0xBB,
    0x3D, 0xE2, 0x91, 0xBE, 0x20, 0x6D, 0xC1, 0xCD, 0xD3, 0xF4, 0xE5, 0xEC, 0xB2, 0x63, 0x8E, 0x23,
    0x23, 0x36, 0xC2, 0x4F, 0x6F, 0x53, 0xD8, 0x74, 0x6D, 0xBA, 0xEE, 0x08, 0x9A, 0x26, 0xE1, 0x49,
    0xEC, 0xFA, 0xD2, 0x3E, 0xD7, 0x60, 0x1C, 0x66, 0x07, 0x9B, 0xDD, 0x56, 0x39, 0xA1, 0x31, 0x31,
    0x22, 0x4E, 0xF4, 0x8F, 0x7F, 0x3B, 0xC2, 0x35, 0x1A, 0x94, 0x98, 0x42, 0xEF, 0xD5, 0x29, 0x9F,
    0xFE, 0xD5, 0x82, 0x82, 0x91, 0x11, 0x41, 0xBD, 0xBD, 0xE8, 0x8B, 0x8B, 0x8B, 0xD7, 0xCC, 0x35,
    0x79, 0x5A, 0xF8, 0xDE, 0x5B, 0x5D, 0x90, 0x7A, 0x6A, 0x81, 0x9A, 0xBD, 0xFA, 0xDB, 0xDE, 0x97,
    0x4E, 0xB7, 0x44, 0xCA, 0x7E, 0x77, 0x7B, 0xF3, 0x71, 0x91, 0x7C, 0x42, 0xE4, 0x70, 0x59, 0x65,
    0x35, 0x65, 0x0E, 0x94, 0x3E, 0xAB, 0x98, 0xB3, 0x95, 0xBC, 0x1B, 0xFA, 0xA3, 0xC0, 0x7E, 0xE9,
    0xC1, 0x66, 0xC1, 0xE9, 0x9E, 0x97, 0x0A, 0xEE, 0x5D, 0x7B, 0xF3, 0x4A, 0x57, 0x43, 0x62, 0x94,
    0xD4, 0x50, 0x9B, 0x50, 0x83, 0x36, 0xB4, 0x5E, 0x2E, 0xD1, 0xDC, 0xDB, 0xF1, 0xC6, 0x26, 0x9C,
    0xB3, 0x97, 0xA1, 0x6A, 0x13, 0x07, 0xD3, 0xD3, 0x5B, 0xE2, 0x5E, 0xED, 0xE5, 0x62, 0xB1, 0x2D,
    0xCE, 0x6E, 0x89, 0x6C, 0xDD, 0x03, 0xAD, 0x49, 0x06, 0xA2, 0x36, 0xC0, 0xA5, 0x62, 0x8D, 0x29,
    0xFB, 0x6C, 0x53, 0x78, 0x7A, 0x9F, 0x5E, 0x68, 0x54, 0x08, 0xB3, 0xDC, 0xFF, 0xC7, 0x71, 0xEF,
    0xE9, 0xB7, 0x7D, 0x13, 0x6B, 0x87, 0xE1, 0xBD, 0xDD, 0x41, 0xBB, 0x0B, 0xEF, 0xC4, 0xC5, 0x3B,
    0xC7, 0x9D, 0x27, 0x67, 0x75, 0xD5, 0x87, 0x21, 0x0C, 0x65, 0x97, 0xE8, 0xA3, 0x47, 0xD1, 0x06,
    0x82, 0xEF, 0xC8, 0x8C, 0x9C, 0xB9, 0x44, 0xD0, 0x9F, 0xEC, 0x53, 0xAE, 0x32, 0x6C, 0x3E, 0x2A,
    0xB5, 0x5E, 0xD5, 0xAA, 0xC4, 0x06, 0x15, 0xCC, 0x37, 0x93, 0xA7, 0xD6, 0x13, 0x0B, 0x2A, 0xDC,
    0x60, 0x78, 0x6F, 0xA1, 0xBF, 0x70, 0x77, 0x94, 0x72, 0x6A, 0x4E, 0x9D, 0xF7, 0xB9, 0xE0, 0x16,
    0x3E, 0x72, 0xBC, 0x7A, 0x79, 0x79, 0x79, 0xEB, 0xE9, 0xB9, 0xF7, 0x10, 0x26, 0x50, 0x7D, 0x95,
    0xF6, 0xA2, 0x95, 0x05, 0x96, 0xE1, 0x75, 0xDC, 0x6C, 0xB8, 0x9E, 0x42, 0x47, 0x8A, 0xA1, 0x38,
    0x04, 0x28, 0x9E, 0x6A, 0xF0, 0x24, 0xD4, 0xCC, 0x61, 0x7E, 0x10, 0xB2, 0xA2, 0xD5, 0x0C, 0xEA,
    0xC2, 0x3D, 0xE1, 0x8E, 0x58, 0x2A, 0xF7, 0xC3, 0x99, 0xB0, 0x3F, 0x89, 0x5E, 0x8E, 0x0D, 0xCB,
    0x49, 0x49, 0xA4, 0x83, 0xD7, 0x4C, 0xF6, 0x3A, 0x86, 0x5B, 0xDE, 0xE9, 0x38, 0xDC, 0x76, 0x2E,
    0x86, 0xAB, 0xC7, 0x3D, 0xD1, 0x13, 0x77, 0x2B, 0xDE, 0xBB, 0xA4, 0xC3, 0x29, 0x35, 0xDB, 0x8E,
    0xB6, 0x0E, 0x5C, 0xFE, 0x4A, 0xE5, 0x22, 0xF4, 0x29, 0xB1, 0xDD, 0x7B, 0xD4, 0x0C, 0xB7, 0xB1,
    0x26, 0x9D, 0x74, 0xFF, 0x67, 0x6F, 0xE5, 0x7D, 0x36, 0xA4, 0xF6, 0xEB, 0x29, 0x1B, 0x0A, 0x16,
    0x6B, 0x3E, 0xEB, 0x95, 0x35, 0x6E, 0x38, 0x8D, 0x2C, 0x45, 0x70, 0xC6, 0x57, 0xC5, 0xF4, 0x71,
    0x1A, 0x1E, 0x68, 0xDD, 0xBF, 0x93, 0xC5, 0xAB, 0x96, 0xF5, 0x8F, 0xD3, 0x45, 0x65, 0x97, 0x77,
    0x7C, 0x87, 0xAE, 0x68, 0x1F, 0xFB, 0xFD, 0xA6, 0xAB, 0xF4, 0x58, 0x6B, 0x6A, 0xDD, 0x95, 0x1E,
    0xC8, 0x9E, 0x3C, 0xF9, 0xCD, 0xAC, 0x87, 0x0A, 0xF6, 0x17, 0x36, 0x28, 0x30, 0x06, 0xAC, 0x66,
    0x55, 0xAB, 0xBD, 0x06, 0x70, 0x9F, 0xF3, 0x38, 0x4E, 0xAC, 0x2A, 0x79, 0x16, 0x3F, 0xB8, 0x88,
    0x3C, 0x2B, 0x8D, 0x5E, 0x4C, 0xDD, 0xBD, 0x21, 0x1C, 0xC9, 0xEB, 0x70, 0x9F, 0x73, 0xB1, 0x3E,
    0x0C, 0x3B, 0x67, 0x18, 0x17, 0xB8, 0xEE, 0x73, 0xA5, 0xA1, 0x72, 0x6E, 0xE0, 0x14, 0x5A, 0x8A,
    0x09, 0x1D, 0x7D, 0x19, 0xAB, 0x95, 0x7D, 0x81, 0x1D, 0x3B, 0x8A, 0x0E, 0x35, 0xBD, 0xB7, 0xB9,
    0xF8, 0x26, 0xF3, 0xD9, 0x3E, 0x9E, 0x30, 0x63, 0xEA, 0x34, 0x57, 0x40, 0x7F, 0xCF, 0xC6, 0x7D,
    0x75, 0x47, 0x96, 0x82, 0xEC, 0x43, 0x85, 0xAA, 0x31, 0xA0, 0x76, 0x3A, 0xF7, 0xD9, 0x41, 0xD1,
    0x6C, 0x02, 0x2B, 0x30, 0x45, 0xCF, 0xDF, 0x46, 0x66, 0x43, 0x47, 0xB8, 0x01, 0xF7, 0xA2, 0xE2,
    0xE5, 0xBB, 0x0B, 0x72, 0x33, 0x30, 0x81, 0x0E, 0xE1, 0x21, 0xA2, 0xD5, 0x91, 0x1F, 0xE0, 0x12,
    0x67, 0xC7, 0x8B, 0x6F, 0x58, 0x8F, 0x5C, 0xEB, 0xD8, 0xE4, 0x18, 0xE8, 0x10, 0xFB, 0x42, 0x94,
    0xDE, 0x5E, 0x52, 0xBE, 0x78, 0x48, 0x3F, 0xCC, 0x4D, 0xD9, 0x26, 0xBD, 0xCF, 0xDA, 0xCF, 0x07,
    0x11, 0x9D, 0x86, 0x1A, 0x08, 0xB6, 0xB0, 0xA9, 0x9F, 0x45, 0x24, 0xEF, 0xAE, 0x5B, 0xE9, 0x42,
    0x2F, 0xA0, 0x53, 0x7F, 0xE3, 0xFA, 0x3F, 0x78, 0x63, 0xDB, 0xCB, 0x3A, 0xCA, 0x4D, 0x71, 0xD4,
    0xEE, 0x17, 0xAC, 0xA1, 0xBD, 0x82, 0xBB, 0x08, 0x34, 0xA2, 0x5D, 0x62, 0xA3, 0x53, 0xE5, 0x0C,
    0x4F, 0x0B, 0x4C, 0x36, 0x28, 0x83, 0x9E, 0x60, 0xB3, 0xB3, 0xFE, 0x28, 0xE3, 0x2D, 0xC9, 0x0D,
    0xA6, 0x2B, 0xCC, 0x16, 0x58, 0xB9, 0xED, 0x2F, 0xDE, 0xB0, 0x41, 0x94, 0xD5, 0xC2, 0x55, 0xF0,
    0x7B, 0x62, 0x28, 0xBF, 0xEE, 0xBF, 0x96, 0x23, 0x91, 0xFF, 0xB7, 0xA6, 0xCB, 0x4B, 0x6C, 0xDB,
    0x1D, 0xE9, 0x13, 0xE5, 0x3E, 0xA2, 0x0F, 0xFD, 0x94, 0x77, 0xA4, 0x67, 0xE4, 0x7B, 0xCD, 0x9F,
    0x8F, 0xD7, 0x89, 0x7B, 0xCF, 0x4F, 0x58, 0xF5, 0xEF, 0x1D, 0x7B, 0x90, 0x2F, 0x69, 0x98, 0x1A,
    0x1A, 0x99, 0xD8, 0x90, 0x5A, 0x87, 0x47, 0xAA, 0x1A, 0xEF, 0xDC, 0x7B, 0xBE, 0x97, 0x1B, 0x5B,
    0x76, 0xFA, 0x53, 0xD8, 0xE9, 0xD5, 0x77, 0x97, 0xAA, 0xC7, 0x19, 0xE5, 0xE8, 0x9C, 0x99, 0xC1,
    0x7D, 0xC4, 0x5B, 0xAD, 0x30, 0x24, 0xF6, 0xF4, 0xCC, 0x3A, 0x51, 0x96, 0x94, 0xD3, 0x57, 0xF7,
    0xA5, 0xD7, 0xBE, 0x2A, 0x61, 0xB1, 0xF9, 0x3A, 0x4E, 0x58, 0x3E, 0x2D, 0xBC, 0xFD, 0xDF, 0xC0,
    0x60, 0x76, 0x0B, 0x3C, 0xF8, 0x6C, 0x38, 0xC7, 0xD8, 0xDB, 0x7E, 0xCA, 0xF4, 0x99, 0xCE, 0x73,
    0xBB, 0x95, 0x57, 0xEE, 0x0E, 0xBA, 0xED, 0x7C, 0x0B, 0x2C, 0xB0, 0x7F, 0x37, 0xA4, 0x8B, 0xBE,
    0x48, 0xD7, 0xAE, 0xEA, 0x6C, 0x56, 0xF8, 0xD5, 0xFD, 0x49, 0xE5, 0xBE, 0x00, 0xC0, 0x70, 0x71,
    0x3D, 0x86, 0x88, 0x4B, 0x5F, 0x88, 0x11, 0xBE, 0xC0, 0x6A, 0x84, 0xB1, 0x73, 0xA6, 0x26, 0x67,
    0xBE, 0xC0, 0x6A, 0x84, 0xB1, 0x73, 0x72, 0x5B, 0x31, 0x5F, 0x60, 0x35, 0xC2, 0xB8, 0x40, 0xDB,
    0xE0, 0xB2, 0x4F, 0x47, 0x0D, 0x92, 0xED, 0x9E, 0xAB, 0x98, 0xE1, 0x69, 0x85, 0x89, 0xE9, 0x5A,
    0xBF, 0xC2, 0x00, 0x8B, 0xE9, 0x7A, 0xE8, 0x50, 0x24, 0xCE, 0x8C, 0x9F, 0x3F, 0x3D, 0x7F, 0x88,
    0x88, 0x4E, 0x13, 0x99, 0xC7, 0x67, 0xDA, 0x53, 0xCC, 0x91, 0xE8, 0x3B, 0xC7, 0x91, 0xC0, 0x4D,
    0x53, 0x6C, 0x8E, 0x4C, 0xEB, 0xF3, 0x95, 0xE9, 0xE4, 0x6C, 0xDA, 0xFC, 0x7F, 0xE6, 0xAB, 0xAA,
    0x2B, 0x7F, 0x3E, 0xC7, 0x62, 0x0C, 0xFF, 0x32, 0xC7, 0x6C, 0x8A, 0xA7, 0x39, 0x9E, 0xD6, 0xCD,
    0x29, 0x5B, 0x60, 0x9C, 0x60, 0x18, 0x60, 0xD9, 0xC1, 0x7B, 0x82, 0x7A, 0x2E, 0x99, 0x98, 0xCF,
    0x8F, 0x60, 0xD3, 0x09, 0x0E, 0x82, 0x93, 0xE0, 0x22, 0x68, 0xF0, 0xFD, 0xD8, 0xC2, 0xD0, 0x3B,
    0xAF, 0x8A, 0x11, 0x66, 0x0B, 0x4C, 0x37, 0x64, 0x64, 0x35, 0x0C, 0x1D, 0x2C, 0x47, 0x98, 0xCF,
    0x41, 0x58, 0x1E, 0xCA, 0xA0, 0x1A, 0x83, 0x15, 0x54, 0x01, 0x75, 0x82, 0x4A, 0xA0, 0x48, 0x2C,
    0xD9, 0x44, 0x2F, 0xE9, 0x91, 0xA3, 0x27, 0xEE, 0x93, 0x8F, 0x7D, 0x2F, 0xB5, 0x2E, 0x67, 0xC4,
    0x0F, 0xC5, 0xC4, 0xD0, 0xAC, 0x06, 0x51, 0x42, 0xC7, 0x90, 0x65, 0x88, 0xA7, 0x0C, 0x68, 0x25,
    0x2B, 0xD4, 0x35, 0xB9, 0x13, 0x76, 0x76, 0xC8, 0xEC, 0xF2, 0x25, 0x79, 0xA7, 0x62, 0xA6, 0xC3,
    0x11, 0x36, 0x62, 0xEF, 0xEB, 0x83, 0xAF, 0x58, 0x7B, 0x27, 0x90, 0x27, 0xFF, 0x3F, 0xE3, 0x3A,
    0x8E, 0x69, 0xAD, 0x05, 0x13, 0xA0, 0xBF, 0x64, 0xE6, 0x90, 0xD5, 0xD7, 0x8B, 0xEE, 0xF6, 0x00,
    0x97, 0x32, 0xE2, 0xF0, 0x26, 0x84, 0xC1, 0x08, 0x6A, 0x72, 0xE8, 0x53, 0xE3, 0x0F, 0x64, 0x8D,
    0x57, 0x9C, 0x5D, 0x3A, 0x63, 0x8D, 0xD3, 0x8A, 0x35, 0x12, 0xC3, 0x1A, 0x8A, 0x4F, 0xB0, 0x46,
    0x30, 0xAC, 0x51, 0xDE, 0xB6, 0x86, 0x61, 0x0D, 0x9A, 0xAF, 0x84, 0x15, 0xB7, 0x28, 0x11, 0x66,
    0x1D, 0x4C, 0xAE, 0xED, 0x33, 0x80, 0xE5, 0xEE, 0xB4, 0x1F, 0x3A, 0x47, 0xD9, 0x3B, 0x8A, 0xE1,
    0x00, 0x97, 0x3C, 0x70, 0xAD, 0x2D, 0xC2, 0x47, 0x36, 0x14, 0xA8, 0x72, 0xA0, 0x9F, 0x0E, 0xB4,
    0x8F, 0x5C, 0xE4, 0x6E, 0x4C, 0x8D, 0xBE, 0x0A, 0x2D, 0xD4, 0x81, 0x23, 0xB9, 0xBC, 0xBB, 0x7F,
    0xF7, 0x2E, 0xFB, 0x77, 0x58, 0x66, 0x14, 0xFB, 0x77, 0x62, 0xFF, 0xEE, 0xA8, 0x32, 0x36, 0x73,
    0x91, 0x5F, 0xDD, 0xD9, 0xBF, 0x3B, 0x33, 0xAB, 0x21, 0x2D, 0x0B, 0xBB, 0xE8, 0x19, 0x6B, 0x8E,
    0xA2, 0x76, 0x84, 0xDE, 0xB3, 0x87, 0xA7, 0xFA, 0xF8, 0xFE, 0x9D, 0xBC, 0xD1, 0x17, 0x7E, 0xD4,
    0xF8, 0xA4, 0xBB, 0x81, 0x58, 0x44, 0xFD, 0x81, 0x41, 0x1C, 0xB9, 0xC0, 0xD1, 0x57, 0xBF, 0x17,
    0x6C, 0xA1, 0xDB, 0x91, 0xAC, 0xEC, 0x61, 0x2D, 0xC5, 0x22, 0x16, 0xA8, 0xFF, 0x10, 0xC7, 0xC4,
    0x6C, 0x9F, 0xFA, 0xA4, 0x0C, 0xB3, 0x71, 0x9C, 0xD7, 0xAC, 0x3F, 0xC9, 0x92, 0xCD, 0x0C, 0xA5,
    0x62, 0x2A, 0x46, 0xE7, 0xC8, 0x3B, 0x5F, 0xD5, 0x67, 0x0B, 0xBE, 0x3D, 0x39, 0x9B, 0x36, 0x61,
    0x70, 0xD5, 0x32, 0xC9, 0xF8, 0x91, 0xD0, 0x63, 0x79, 0x84, 0xC0, 0xCC, 0xE2, 0x31, 0x9B, 0xC8,
    0x48, 0x76, 0xEF, 0x81, 0x3D, 0x0A, 0xAB, 0xA3, 0x0F, 0xD3, 0x7B, 0x29, 0xCD, 0x22, 0x8C, 0x2B,
    0x6C, 0x16, 0x18, 0xE6, 0x5B, 0xAB, 0x31, 0x27, 0xC6, 0x10, 0x5F, 0x54, 0x09, 0x59, 0xA1, 0x84,
    0xAC, 0x62, 0x85, 0x8B, 0x26, 0xE4, 0x92, 0xD7, 0x98, 0x94, 0x72, 0x36, 0x04, 0xBC, 0x04, 0xCC,
    0x98, 0x3B, 0xFD, 0xF7, 0xAC, 0x62, 0xE5, 0x3E, 0x8B, 0xF8, 0xCD, 0x25, 0x91, 0x0F, 0x46, 0xAF,
    0xD1, 0xA6, 0xA6, 0x69, 0x51, 0x62, 0x8A, 0xA1, 0xDB, 0xDF, 0x75, 0xD7, 0xB2, 0xA7, 0x7A, 0xE1,
    0x6F, 0x97, 0x62, 0x60, 0x4C, 0x79, 0x50, 0xCE, 0xC7, 0x48, 0x8D, 0x7E, 0x3C, 0x9E, 0xA6, 0x8D,
    0x4A, 0xFD, 0xFB, 0x90, 0xAE, 0x2B, 0x3F, 0x9E, 0xF4, 0xC9, 0x46, 0x9D, 0x73, 0xEB, 0x64, 0xFB,
    0x86, 0x67, 0xCB, 0xCB, 0x1A, 0x3F, 0xF6, 0x05, 0xBB, 0x52, 0xD6, 0x2D, 0xFC, 0x90, 0xE7, 0xC0,
    0x06, 0xD2, 0xE2, 0x19, 0x3A, 0xEC, 0xCC, 0x24, 0x49, 0x3B, 0x43, 0x97, 0x2F, 0x18, 0xF0, 0xC4,
    0xD4, 0xC0, 0x79, 0xE2, 0xB2, 0xC3, 0xE0, 0x61, 0x28, 0x07, 0xCC, 0x10, 0x70, 0xC7, 0xC2, 0xCC,
    0x92, 0x1A, 0x75, 0x90, 0xED, 0xB6, 0x9A, 0x04, 0x47, 0x68, 0x93, 0x78, 0xCA, 0xFD, 0x6C, 0x35,
    0x91, 0x2B, 0xB6, 0xB8, 0x2C, 0xF4, 0xF8, 0x85, 0x82, 0x0C, 0x9B, 0xA4, 0x2B, 0xA3, 0x2E, 0x63,
    0x40, 0xB9, 0x08, 0x05, 0x21, 0x10, 0x86, 0xBD, 0x3E, 0x81, 0xDF, 0x08, 0xB3, 0xFF, 0x85, 0x0C,
    0xC2, 0xA7, 0x85, 0x1F, 0xD4, 0x27, 0xB6, 0x64, 0x09, 0x7D, 0xE8, 0xD0, 0xDF, 0xD4, 0xD4, 0xCA,
    0xAE, 0xCB, 0x95, 0xCD, 0xB0, 0x19, 0x61, 0xD5, 0xC3, 0xB2, 0xFB, 0xBC, 0x3C, 0x67, 0xF3, 0x22,
    0x98, 0xD9, 0x78, 0x8D, 0x01, 0xF7, 0x5F, 0x6F, 0x44, 0xAD, 0x77, 0x77, 0xBD, 0xB8, 0x6F, 0x35,
    0x16, 0x17, 0xB5, 0x3A, 0x62, 0x02, 0x0D, 0x12, 0x86, 0x48, 0x6E, 0x76, 0xAF, 0x26, 0xAA, 0x87,
    0xB2, 0xE6, 0x03, 0x2F, 0xC3, 0x50, 0x7F, 0x83, 0xF3, 0x8B, 0xBA, 0xB1, 0x8E, 0xD3, 0x7F, 0x48,
    0xBF, 0x87, 0xF3, 0x50, 0xE8, 0x9A, 0xCF, 0xAF, 0x37, 0xC6, 0xE8, 0xC4, 0x7B, 0x87, 0xC8, 0xC7,
    0x63, 0xB7, 0x33, 0xDD, 0x5F, 0xEB, 0x40, 0xFC, 0x1C, 0x82, 0x2D, 0x82, 0x1D, 0x82, 0x03, 0x82,
    0xE3, 0xF5, 0x7F, 0x0F, 0x0B, 0xB8, 0x02, 0x41, 0x87, 0xE0, 0x8B, 0x2D, 0xB1, 0xCD, 0x3A, 0x3F,
    0xCF, 0xEF, 0x77, 0x2A, 0x7F, 0xF7, 0x13, 0x3D, 0xBB, 0x42, 0xD7, 0x4C, 0x39, 0x87, 0xCD, 0xAD,
    0xDE, 0x87, 0x88, 0x0A, 0x3C, 0x18, 0x7E, 0x32, 0x4A, 0xCD, 0xD7, 0x99, 0xED, 0xD2, 0x95, 0x96,
    0x18, 0x63, 0xB4, 0xA9, 0xF3, 0x91, 0x8E, 0x47, 0x3C, 0x7E, 0xB5, 0xD5, 0x8B, 0x8F, 0x70, 0xFF,
    0xBE, 0x41, 0x69, 0x3B, 0xB5, 0xDF, 0x91, 0xCE, 0xBC, 0x91, 0x61, 0xCC, 0x17, 0x6F, 0xD1, 0x17,
    0xF4, 0x95, 0xD9, 0xDF, 0x0D, 0xCD, 0xBE, 0x3B, 0x9C, 0xCC, 0x9E, 0x0C, 0xC5, 0xF6, 0x86, 0x0D,
    0x4C, 0x31, 0x03, 0x5B, 0xB9, 0x8C, 0xDF, 0x9B, 0x69, 0x29, 0xBF, 0xC6, 0xB1, 0xEF, 0xDB, 0xAA,
    0x1C, 0x42, 0xCF, 0x18, 0x9B, 0x13, 0x1B, 0x72, 0x3A, 0x58, 0x6A, 0xF6, 0xD3, 0x41, 0xCD, 0x56,
    0x0C, 0x2C, 0x0D, 0xF4, 0xED, 0x4F, 0x31, 0x95, 0xA7, 0x5B, 0xAD, 0x58, 0xB1, 0x02, 0x88, 0x4C,
    0x73, 0xEB, 0x37, 0xCD, 0x8B, 0x57, 0x6C, 0x23, 0x9B, 0xC9, 0x94, 0xD6, 0x83, 0xE1, 0x8A, 0xC2,
    0xC1, 0x51, 0x21, 0x1E, 0xD4, 0x6E, 0xB5, 0xD8, 0x33, 0x59, 0x4E, 0x89, 0xD5, 0xFB, 0x1B, 0x6F,
    0x63, 0xB3, 0x62, 0x6E, 0x38, 0x9C, 0xF5, 0x5B, 0xFE, 0x21, 0x93, 0x2F, 0xCD, 0x5B, 0x0A, 0xD7,
    0x5D, 0x0E, 0x7A, 0x10, 0x5A, 0x7D, 0xB9, 0xA1, 0x68, 0xBC, 0x7A, 0x2B, 0x71, 0xCF, 0x9F, 0x31,
    0xF2, 0xFE, 0xB4, 0x98, 0x93, 0x2D, 0x33, 0x5B, 0xD9, 0x1D, 0x57, 0x65, 0x2D, 0x3B, 0x75, 0xD8,
    0xEE, 0x11, 0x2A, 0xC7, 0x4F, 0xC6, 0x57, 0x9E, 0x3A, 0xCC, 0x7E, 0x32, 0x9E, 0x18, 0x0B, 0xC5,
    0x7A, 0x66, 0xAC, 0x3E, 0x9A, 0x11, 0x7B, 0x32, 0xDE, 0xEF, 0xBE, 0xB5, 0x1F, 0xC0, 0x9E, 0x23,
    0xF6, 0x1C, 0xB1, 0xE7, 0x58, 0x4C, 0xB2, 0x31, 0xB3, 0xEF, 0x1B, 0x13, 0xCC, 0x7F, 0x8D, 0x5E,
    0xFE, 0x9F, 0x8F, 0x7B, 0x05, 0xCE, 0x36, 0x89, 0xE6, 0x88, 0xF6, 0xC8, 0x1B, 0xB4, 0xC9, 0x5B,
    0x14, 0x6B, 0xCF, 0x1B, 0xDA, 0x46, 0x98, 0xE3, 0xF2, 0x32, 0x1E, 0x7F, 0x65, 0x80, 0x9B, 0xED,
    0xE4, 0x16, 0xF4, 0xEE, 0xF3, 0x82, 0xAD, 0x96, 0x8C, 0xF9, 0x3A, 0xB9, 0x3B, 0x5F, 0xD3, 0xBC,
    0xB0, 0xC9, 0xB6, 0xC4, 0xFE, 0x29, 0x5D, 0xB4, 0x9F, 0xBC, 0x80, 0xDB, 0xE2, 0x67, 0x63, 0x0B,
    0x77, 0x3E, 0xDD, 0xA9, 0x17, 0x9F, 0xA6, 0x8F, 0x3C, 0xE3, 0xCF, 0x31, 0xC4, 0x6F, 0xC6, 0x62,
    0xFB, 0x86, 0x1B, 0x62, 0x54, 0xC0, 0x10, 0x04, 0xBE, 0xBD, 0xE5, 0x19, 0x38, 0xDD, 0x42, 0xC3,
    0xBD, 0xD0, 0xB2, 0x66, 0xEB, 0xDD, 0x60, 0x5E, 0x53, 0x0C, 0x61, 0x86, 0x21, 0x7E, 0x89, 0x21,
    0xBE, 0x8E, 0x21, 0xB2, 0x6B, 0x8B, 0x17, 0x43, 0xD2, 0x32, 0x5D, 0x6E, 0x7F, 0x69, 0xAD, 0xCB,
    0x6D, 0x18, 0x67, 0xF2, 0x76, 0xBC, 0xB3, 0xF7, 0xBD, 0xF8, 0x49, 0x29, 0xD9, 0xEA, 0x58, 0xDA,
    0x10, 0x5D, 0x3A, 0x3E, 0x7D, 0x63, 0x89, 0x5D, 0xBA, 0xC6, 0x5A, 0x6B, 0x94, 0xB6, 0xCF, 0x92,
    0x5E, 0x56, 0xE3, 0xFD, 0xB4, 0x69, 0xFF, 0xE8, 0xD8, 0x1D, 0x54, 0xA8, 0x9F, 0xF7, 0xD1, 0xB7,
    0x12, 0x4B, 0x2D, 0xD9, 0xF4, 0xAD, 0xEB, 0x7F, 0x35, 0xD7, 0xE7, 0x7F, 0x12, 0x96, 0xA2, 0x73,
    0x74, 0xF3, 0x7D, 0xE9, 0x53, 0x8D, 0x2A, 0x25, 0xEF, 0x38, 0xB2, 0xD5, 0x51, 0x4E, 0x8E, 0xA6,
    0x53, 0x24, 0x9A, 0xC4, 0x6C, 0x71, 0x94, 0xA3, 0xA3, 0xE9, 0x1C, 0x56, 0x83, 0xDE, 0xF1, 0x84,
    0x7B, 0xDF, 0xE1, 0x69, 0x8A, 0x9C, 0x62, 0xEB, 0x08, 0x83, 0xA3, 0x98, 0x6E, 0xAD, 0x34, 0xBF,
    0x1D, 0x3F, 0xE1, 0x78, 0x33, 0xF9, 0xA1, 0xCE, 0xFE, 0xC3, 0x75, 0x13, 0xAB, 0x5B, 0xB7, 0xEC,
    0x7F, 0x9B, 0xF5, 0xF1, 0xE9, 0xFD, 0xDF, 0xFC, 0x6F, 0x33, 0xC6, 0x3E, 0xB3, 0xDA, 0xBB, 0x7E,
    0x9D, 0x6E, 0xCA, 0x26, 0xD7, 0xB3, 0xE8, 0x74, 0xF7, 0x6B, 0xFE, 0x1D, 0xBF, 0xDE, 0xFC, 0x3D,
    0x79, 0xD4, 0x47, 0x18, 0x16, 0xB1, 0x91, 0x11, 0xB6, 0xAA, 0xD8, 0xBE, 0x69, 0xAC, 0x31, 0x1A,
    0x56, 0x37, 0x65, 0x7F, 0x67, 0x00, 0x67, 0xB7, 0xD0, 0x70, 0x8F, 0x7E, 0x3B, 0x54, 0x84, 0x23,
    0xFE, 0x49, 0xA3, 0x3F, 0x1A, 0x0B, 0xE9, 0x99, 0x11, 0xD6, 0xEF, 0x23, 0xEC, 0xCD, 0xE4, 0x9F,
    0x75, 0x3B, 0xDA, 0x6D, 0x6F, 0xDC, 0x89, 0x76, 0xF5, 0x11, 0xED, 0xE2, 0xED, 0x68, 0x07, 0x78,
    0xD0, 0x5E, 0x47, 0xBB, 0xF9, 0xE3, 0xD1, 0x2E, 0xEA, 0xA5, 0xE7, 0x75, 0x8A, 0x73, 0x70, 0x27,
    0xE2, 0xDB, 0x40, 0x4C, 0xDC, 0x23, 0x3E, 0x21, 0x64, 0x0F, 0xEC, 0x47, 0xBC, 0x05, 0x54, 0xE3,
    0x26, 0xE2, 0xD7, 0xAA, 0x98, 0x19, 0x78, 0xAF, 0x3A, 0x22, 0x7E, 0x62, 0xF6, 0x8B, 0x41, 0x15,
    0x11, 0x3F, 0x79, 0xCD, 0x21, 0x3D, 0x1B, 0xF7, 0xEA, 0x37, 0xD3, 0x39, 0x96, 0x4B, 0x6C, 0x66,
    0x5C, 0x35, 0x8A, 0xFD, 0x86, 0x5A, 0x51, 0xCF, 0x39, 0x75, 0xFF, 0x91, 0x32, 0xDB, 0x54, 0x9A,
    0x75, 0xA1, 0xAF, 0xBA, 0x50, 0x67, 0x4C, 0xDB, 0x0A, 0xDD, 0xFE, 0x4F, 0x5A, 0x61, 0x93, 0x52,
    0x33, 0x6F, 0x9F, 0xB1, 0x0E, 0xED, 0x29, 0xEE, 0x05, 0xAF, 0x7D, 0xE5, 0x96, 0x6B, 0x3E, 0x8C,
    0x9D, 0xE7, 0xF3, 0xE7, 0xEC, 0x7F, 0x11, 0x10, 0xEF, 0xA6, 0x57, 0xE3, 0x25, 0x73, 0xE4, 0x91,
    0xB8, 0xF7, 0xB9, 0xD2, 0x9B, 0x7E, 0x52, 0xDB, 0xCF, 0x90, 0xAC, 0x69, 0x13, 0x0B, 0x7D, 0x66,
    0xD5, 0x16, 0xAD, 0xB0, 0x35, 0xA6, 0x36, 0x44, 0xEA, 0xF8, 0x6A, 0xAD, 0xF4, 0x51, 0xE8, 0x94,
    0x8F, 0xCC, 0xE9, 0x6C, 0x43, 0x97, 0x1D, 0x53, 0x7C, 0x7B, 0x9A, 0xD4, 0x28, 0x65, 0xF6, 0x4E,
    0x88, 0x0C, 0xDA, 0x88, 0xB6, 0x8D, 0xDF, 0x55, 0xF8, 0xCE, 0x28, 0x55, 0x3F, 0xA5, 0xE9, 0x4F,
    0x3A, 0x07, 0xB3, 0x56, 0x66, 0x92, 0x4E, 0xDB, 0xF1, 0x27, 0x8C, 0x16, 0x82, 0x94, 0xD8, 0x11,
    0x66, 0x3E, 0xA0, 0xBF, 0xBA, 0x24, 0xFA, 0x3B, 0xBD, 0xC5, 0xA6, 0xF5, 0xA0, 0xC5, 0xCB, 0xC8,
    0x47, 0x97, 0x0E, 0x3A, 0x8D, 0x27, 0x63, 0xE8, 0x4F, 0xB9, 0xD5, 0x9B, 0x97, 0xE9, 0x6A, 0x17,
    0x69, 0x29, 0xBF, 0xFB, 0x23, 0xFF, 0x5A, 0x43, 0xFE, 0xCB, 0x59, 0x8A, 0x0F, 0x4F, 0xFC, 0xA9,
    0x18, 0xD6, 0xD4, 0xF8, 0x5A, 0x12, 0x1B, 0x44, 0xC8, 0x31, 0x6A, 0xC0, 0xC0, 0xA1, 0x10, 0x05,
    0xAA, 0xD2, 0xA9, 0xA2, 0x5D, 0x7A, 0xB9, 0xAD, 0xFC, 0x4E, 0xB7, 0x87, 0x95, 0x25, 0x61, 0xD5,
    0x7E, 0x22, 0xEE, 0xFC, 0x1D, 0x0A, 0x9E, 0xF4, 0x1F, 0xAB, 0x79, 0xCE, 0x65, 0xC9, 0x10, 0x6A,
    0xBE, 0xEB, 0x22, 0x96, 0x31, 0x29, 0xA5, 0x1B, 0x0B, 0x6A, 0xAB, 0x4B, 0x54, 0x31, 0x38, 0x47,
    0x0F, 0x8B, 0xC9, 0xDB, 0x4D, 0xEB, 0xCF, 0x30, 0xDB, 0x54, 0xF5, 0xFB, 0xBB, 0x53, 0x39, 0xB8,
    0x5C, 0xC5, 0x1B, 0x55, 0x68, 0xD3, 0xE5, 0xD6, 0x9F, 0x5B, 0x9B, 0xD4, 0xFC, 0xD9, 0xC2, 0x1B,
    0x0A, 0x23, 0xF4, 0xE7, 0xBC, 0x6B, 0xF9, 0x5C, 0xAB, 0x9C, 0x82, 0x4E, 0x54, 0x3F, 0xB5, 0x63,
    0xD9, 0x2B, 0xBB, 0xFB, 0xD7, 0xFA, 0xEC, 0xC8, 0xEE, 0xFC, 0x0D, 0xEF, 0x8D, 0x12, 0x7F, 0x0E,
    0xB5, 0x8D, 0x59, 0x4F, 0x3A, 0xBF, 0x68, 0xA8, 0x70, 0x4B, 0x5E, 0xE6, 0x50, 0x6A, 0xEB, 0x75,
    0xD9, 0x3B, 0xAC, 0xED, 0xEE, 0xC8, 0x66, 0x6C, 0xB4, 0xDF, 0xF2, 0x3C, 0xC3, 0x91, 0xC4, 0xF1,
    0x50, 0x27, 0x63, 0xAA, 0x2E, 0xDD, 0x6C, 0xB5, 0x82, 0x7E, 0xCB, 0xB9, 0xE9, 0xAF, 0x17, 0x11,
    0x3E, 0x26, 0xFA, 0x82, 0x9A, 0xDF, 0x26, 0xC3, 0x98, 0xED, 0x28, 0x25, 0xDB, 0xE4, 0x2D, 0xD7,
    0x0B, 0xEF, 0xAC, 0xCF, 0x3C, 0x58, 0x06, 0x90, 0x89, 0xD0, 0xAF, 0xFC, 0xD8, 0xEB, 0xA4, 0xE9,
    0x57, 0x54, 0x8A, 0xC4, 0xEF, 0x5B, 0xD7, 0xC7, 0xB2, 0xA9, 0xF8, 0x10, 0x93, 0x61, 0x40, 0x51,
    0xA4, 0xC2, 0x5D, 0xD9, 0x3B, 0x79, 0xDF, 0xDF, 0xBB, 0x62, 0x86, 0xF9, 0xC7, 0x3D, 0x3B, 0x8B,
    0x35, 0xD5, 0xE2, 0x6D, 0xF3, 0xBD, 0x60, 0x1F, 0xCC, 0x0F, 0xA3, 0x8D, 0x8F, 0x53, 0x1B, 0x5E,
    0xD7, 0xB9, 0xFE, 0x0F, 0xCD, 0x9A, 0x31, 0x8C, 0xDE, 0x46, 0x76, 0xC7, 0x7F, 0x43, 0x6A, 0x97,
    0x3A, 0x31, 0xC1, 0xA8, 0x90, 0x02, 0x59, 0xBA, 0x98, 0x2E, 0x5C, 0xD8, 0x8A, 0x73, 0x4C, 0x99,
    0xC2, 0xD2, 0x8C, 0xCF, 0x40, 0xBA, 0x00, 0x5B, 0x78, 0xCF, 0x85, 0x8A, 0x73, 0x71, 0xC5, 0xE9,
    0x0C, 0x44, 0x57, 0xA4, 0x94, 0x4C, 0x42, 0x29, 0x5C, 0xA4, 0xC8, 0x06, 0x49, 0x7A, 0x15, 0x2A,
    0x6C, 0x5D, 0x71, 0x6D, 0x2E, 0x90, 0xBE, 0xA1, 0xCF, 0x40, 0x52, 0x86, 0x39, 0x23, 0x48, 0xE1,
    0xC2, 0x4C, 0x62, 0x07, 0xC1, 0x5D, 0x11, 0x16, 0xBC, 0x0B, 0xE5, 0x1B, 0xF2, 0x85, 0x0F, 0xDF,
    0xEE, 0xB7, 0x2B, 0x61, 0x61, 0x47, 0x86, 0xBD, 0xD8, 0x47, 0xCE, 0xEF, 0xF1, 0x23, 0x1F, 0xDF,
    0xFC, 0x1F, 0x87, 0x1C, 0x7D, 0xCB, 0x4F, 0x50, 0xFA, 0xAA, 0xD1, 0xA5, 0x64, 0x6D, 0xDF, 0xA2,
    0xA0, 0xD4, 0x05, 0xA7, 0x8B, 0x3F, 0xB2, 0xD4, 0xAE, 0xBE, 0xEA, 0x31, 0x3B, 0x90, 0xF6, 0xEB,
    0x96, 0x3D, 0x86, 0x20, 0x5D, 0x2A, 0x12, 0xAD, 0xFC, 0x56, 0x8A, 0xFF, 0xEC, 0x1F, 0xB9, 0x0F,
    0xFB, 0x4B, 0x55, 0xDA, 0x13, 0x96, 0xB6, 0x3A, 0xD2, 0x74, 0x9F, 0x7B, 0x7D, 0x69, 0x1F, 0xF5,
    0xAF, 0xD8, 0xFF, 0xED, 0xE7, 0x4C, 0x64, 0x36, 0x22, 0x03, 0xA5, 0xD4, 0xA4, 0xC3, 0x61, 0x4E,
    0x7E, 0xE4, 0xC1, 0xCA, 0x08, 0x95, 0x08, 0xC8, 0x7F, 0x09, 0xC9, 0xCC, 0xB7, 0x49, 0x47, 0xD0,
    0x40, 0x8D, 0xDA, 0x40, 0x3F, 0xBE, 0x3D, 0x3F, 0xB8, 0x47, 0x10, 0xE9, 0xD7, 0x60, 0x06, 0x08,
    0x8A, 0x4A, 0xE1, 0x36, 0xA8, 0x14, 0x8F, 0x80, 0xED, 0xD9, 0x6B, 0xF6, 0xF9, 0x7B, 0x5D, 0x10,
    0x91, 0xE1, 0xFA, 0x6B, 0x41, 0x3A, 0x30, 0xEF, 0x03, 0x9C, 0xB7, 0x30, 0xB8, 0x4F, 0x3E, 0x9F,
    0x4A, 0x91, 0x98, 0x8B, 0xF4, 0xE9, 0x68, 0xBB, 0xAC, 0x4F, 0xFB, 0xBC, 0x5B, 0xB7, 0x6C, 0x59,
    0xD2, 0xB1, 0xE8, 0x72, 0x91, 0xA1, 0x14, 0x99, 0x8A, 0x8F, 0x1F, 0x8F, 0x19, 0xBC, 0x05, 0x70,
    0xD1, 0xC3, 0x96, 0x77, 0x2D, 0xB8, 0xA6, 0xE8, 0x21, 0xF8, 0x7C, 0xC4, 0x08, 0xE9, 0x44, 0x1A,
    0x75, 0x23, 0x1F, 0x20, 0xD4, 0xB6, 0x07, 0xD7, 0xBA, 0x06, 0x6C, 0x5F, 0x79, 0xC8, 0xA2, 0x00,
    0x89, 0x44, 0x00, 0x19, 0x95, 0x55, 0x0F, 0x5C, 0x0D, 0x9F, 0xBD, 0x01, 0x4E, 0x64, 0x3C, 0xE0,
    0xC5, 0x5B, 0xFF, 0xBA, 0x03, 0x14, 0x0D, 0xE8, 0x9E, 0xE1, 0xC9, 0xA3, 0xBA, 0xFF, 0x09, 0xDE,
    0x5C, 0x1D, 0xB1, 0x9B, 0xC0, 0xD3, 0x7B, 0xB6, 0xB5, 0xE6, 0x20, 0x0D, 0x89, 0x26, 0xCB, 0xE6,
    0xB7, 0x07, 0xF2, 0x9E, 0x0E, 0xDB, 0x02, 0xB6, 0x03, 0xFD, 0x08, 0xD9, 0xEC, 0x21, 0x95, 0xC7,
    0x90, 0x8B, 0x74, 0xE8, 0xA5, 0xC1, 0xD5, 0xB7, 0x66, 0x2A, 0x8C, 0x2C, 0xA0, 0xA2, 0x6A, 0x70,
    0xB8, 0xC7, 0xAC, 0x28, 0xE4, 0xB7, 0x91, 0x54, 0x87, 0x82, 0x5B, 0xD2, 0x01, 0x61, 0x40, 0x6B,
    0x04, 0x4C, 0xE4, 0x77, 0x15, 0x65, 0x9D, 0x8E, 0xB8, 0xF9, 0xA7, 0xFD, 0x3A, 0x9F, 0x09, 0xA2,
    0x17, 0x6E, 0x07, 0x2E, 0xFB, 0x1F, 0xBA, 0x0F, 0xA4, 0xFA, 0x85, 0xB8, 0x0F, 0xE6, 0x73, 0xFC,
    0x00, 0x7E, 0xEF, 0x6F, 0x41, 0xC5, 0xED, 0xA1, 0xBD, 0x8E, 0x20, 0x7B, 0x89, 0x90, 0x8E, 0x50,
    0x36, 0x79, 0x67, 0xEE, 0x67, 0x7D, 0x51, 0x3B, 0x79, 0x6D, 0x70, 0x46, 0xA4, 0x8E, 0xD7, 0xD2,
    0xC7, 0x57, 0xB8, 0x73, 0x5B, 0x85, 0x5F, 0x7F, 0x68, 0x1B, 0x28, 0xC7, 0xA2, 0x46, 0xE9, 0xA1,
    0x78, 0xA8, 0xDB, 0xE5, 0x7A, 0xFF, 0xED, 0xE5, 0x64, 0xAE, 0x5F, 0x4F, 0xE7, 0x5B, 0xFE, 0x4E,
    0x89, 0x48, 0x13, 0x6D, 0x53, 0xCE, 0xC9, 0x90, 0xF5, 0xF8, 0xBC, 0x4B, 0x26, 0xA8, 0x6A, 0xC2,
    0x67, 0x37, 0x66, 0x28, 0x44, 0x06, 0x30, 0x61, 0xF6, 0x6C, 0x2C, 0x89, 0xD1, 0x4A, 0x74, 0xFF,
    0x16, 0x2B, 0xE2, 0x3B, 0x07, 0xAB, 0x33, 0xBA, 0xA7, 0x98, 0x63, 0x3A, 0xBC, 0xC7, 0x79, 0x3C,
    0x77, 0x18, 0x98, 0xD2, 0x21, 0x1D, 0xF3, 0x2E, 0xEF, 0x8B, 0xA6, 0x68, 0xF4, 0x31, 0x9A, 0xA9,
    0x8C, 0x5E, 0xBD, 0x80, 0x6D, 0x5D, 0x9D, 0xF5, 0xB6, 0x49, 0x62, 0xD6, 0xB3, 0x4A, 0x46, 0xFE,
    0x98, 0x1E, 0xE0, 0xE2, 0xEE, 0x62, 0x95, 0x88, 0xCC, 0x87, 0x00, 0xF8, 0x62, 0xA8, 0x39, 0x19,
    0xD6, 0x2B, 0xC0, 0xF6, 0x7D, 0xA0, 0x92, 0x9A, 0x64, 0xBE, 0xD5, 0x93, 0xB7, 0x44, 0xEC, 0xF7,
    0xE3, 0x35, 0xBE, 0x53, 0xFC, 0x59, 0xC1, 0xAB, 0xCF, 0x5B, 0xCB, 0xAB, 0xC5, 0x23, 0xC5, 0x68,
    0xB9, 0xF6, 0xFC, 0xAB, 0x96, 0xEF, 0x3C, 0xFF, 0x4A, 0x89, 0xFD, 0xD3, 0xDF, 0xBF, 0x43, 0xD6,
    0x25, 0x23, 0x46, 0x87, 0x86, 0x52, 0x3C, 0x98, 0x1D, 0xCD, 0xD4, 0x2F, 0xEB, 0xD5, 0xE5, 0x59,
    0xBB, 0x49, 0x26, 0x4D, 0xF1, 0xAB, 0xDE, 0x99, 0xF1, 0x1A, 0x0F, 0x6F, 0x73, 0x7B, 0xA1, 0x63,
    0x5C, 0xF6, 0x64, 0xD2, 0xF2, 0x3E, 0xA4, 0x03, 0xC7, 0xE2, 0xEA, 0x4F, 0x3E, 0x7F, 0xE0, 0xB5,
    0x9C, 0xBA, 0x52, 0xE8, 0x47, 0x7F, 0x6C, 0xF0, 0xC6, 0x36, 0xC1, 0x6B, 0xB0, 0x6F, 0xD9, 0x44,
    0x29, 0x54, 0xB7, 0xEA, 0x97, 0x6C, 0x4D, 0xE1, 0x71, 0x10, 0xF5, 0x4C, 0xDB, 0xE2, 0x3C, 0x4E,
    0x9A, 0x65, 0x3D, 0xF7, 0x80, 0x42, 0x38, 0x17, 0xD0, 0x43, 0x3D, 0x76, 0x26, 0x17, 0x8F, 0x6D,
    0xC8, 0x9B, 0x33, 0xB6, 0x2E, 0x85, 0x72, 0x02, 0x0F, 0xF0, 0x47, 0xC4, 0x6C, 0x2E, 0x06, 0xE7,
    0xCF, 0xF2, 0x32, 0xBC, 0x57, 0x41, 0xFC, 0xFF, 0x37, 0x13, 0x2B, 0x9F, 0xC6, 0xAA, 0xB1, 0xB1,
    0x9A, 0x25, 0x56, 0x12, 0x63, 0x55, 0x75, 0xB1, 0xDA, 0x82, 0x8A, 0x27, 0x1B, 0x6A, 0x66, 0x77,
    0xF7, 0x0D, 0x82, 0xC8, 0x94, 0xCA, 0x02, 0xAB, 0x28, 0x25, 0x9A, 0xC9, 0x49, 0x64, 0xAA, 0x9E,
    0x84, 0xDB, 0xA0, 0x50, 0x58, 0x45, 0xA2, 0xE0, 0x0F, 0x14, 0xE9, 0x33, 0xE0, 0x1C, 0x4E, 0x67,
    0xF9, 0xC6, 0xD5, 0x67, 0xC8, 0xFC, 0x32, 0xD4, 0x54, 0xDD, 0x95, 0xC1, 0x8C, 0xE9, 0x10, 0xBA,
    0x59, 0x07, 0x78, 0x2F, 0xEF, 0xDC, 0xB2, 0xA4, 0x4F, 0x2D, 0xB0, 0x3F, 0xDA, 0xD2, 0xBB, 0xEF,
    0x8E, 0xEE, 0xC8, 0x9D, 0x5E, 0x7E, 0x3C, 0xE4, 0xD2, 0x99, 0xD9, 0x9F, 0xE1, 0x3C, 0x77, 0x18,
    0x71, 0x4C, 0x14, 0x4D, 0x85, 0xED, 0xCA, 0x26, 0x1D, 0x6C, 0x67, 0x62, 0x3A, 0x30, 0xA7, 0x63,
    0x12, 0x75, 0xC6, 0xB4, 0xAD, 0xDE, 0xED, 0x65, 0x1D, 0xA8, 0x88, 0xBC, 0xC2, 0x9F, 0x83, 0xDA,
    0x3D, 0x9D, 0x2F, 0xC9, 0x7B, 0x28, 0x1A, 0x5C, 0x8F, 0x0E, 0x5F, 0xD9, 0xC3, 0x0A, 0xB6, 0x7B,
    0x4C, 0x84, 0xA4, 0xD7, 0x81, 0x55, 0x97, 0x77, 0xEA, 0x34, 0x50, 0x9D, 0xF3, 0xA8, 0x5B, 0xA1,
    0xCE, 0x44, 0xD4, 0x69, 0x20, 0x90, 0x77, 0xA6, 0x47, 0x33, 0x66, 0xEA, 0x9C, 0xB7, 0xEA, 0x56,
    0x9A, 0x5E, 0x33, 0xAE, 0x7A, 0x48, 0x87, 0xE4, 0x37, 0xBD, 0x06, 0x66, 0xBF, 0xE8, 0x35, 0x30,
    0x17, 0xD1, 0xC0, 0x4C, 0xDD, 0x0A, 0xF3, 0xBD, 0x5F, 0x3F, 0xD5, 0x35, 0x3C, 0x2D, 0xD7, 0x1E,
    0x23, 0x97, 0xE3, 0xE4, 0xDA, 0x63, 0xE4, 0xF2, 0x94, 0xDC, 0x7C, 0x40, 0x33, 0x56, 0x13, 0x9A,
    0x71, 0xAA, 0xD0, 0x8C, 0x3F, 0x76, 0x40, 0x84, 0xEB, 0xA0, 0x81, 0x0F, 0x35, 0x90, 0x64, 0xD0,
    0x40, 0xF2, 0x76, 0xDD, 0xB5, 0xD7, 0x40, 0x5D, 0x89, 0x20, 0x82, 0x06, 0x06, 0xE1, 0xF2, 0xFB,
    0xC0, 0x1B, 0x94, 0xB3, 0x9E, 0xCA, 0xE5, 0x15, 0x7A, 0x2A, 0xA3, 0x56, 0x4A, 0xD6, 0xA1, 0xA7,
    0xDA, 0x09, 0x3D, 0xCF, 0x0A, 0x5A, 0x29, 0xB6, 0x4E, 0x07, 0xD4, 0x69, 0xE0, 0x85, 0xC2, 0x17,
    0x0D, 0x38, 0xD1, 0x40, 0xCA, 0xA8, 0x81, 0x18, 0x6F, 0x22, 0x0F, 0xD1, 0x8C, 0x26, 0xA2, 0x19,
    0xD3, 0x88, 0x66, 0xB4, 0xEA, 0x9C, 0x77, 0x7A, 0x6C, 0xC5, 0xC3, 0xC5, 0x99, 0x68, 0x86, 0x87,
    0x1A, 0x98, 0x8A, 0x34, 0xE4, 0x5D, 0xA2, 0xAE, 0x68, 0xD8, 0x7D, 0xE4, 0x35, 0xA3, 0x66, 0x59,
    0xA1, 0xEE, 0xA8, 0x25, 0x23, 0x64, 0x71, 0xDD, 0x34, 0xB3, 0xE9, 0xD8, 0x98, 0xD1, 0x21, 0xD3,
    0x36, 0x40, 0x3E, 0x42, 0x88, 0xA4, 0xB2, 0x87, 0xF6, 0x5C, 0x6A, 0x39, 0x2A, 0xB6, 0xD6, 0xC6,
    0x0B, 0xAE, 0xE1, 0xA1, 0xEB, 0x92, 0xA9, 0x98, 0x6F, 0x8D, 0xB9, 0x48, 0x67, 0x44, 0x3C, 0x57,
    0x3E, 0x05, 0xCE, 0xC3, 0xA6, 0x53, 0xA9, 0x95, 0x61, 0x50, 0x6A, 0x87, 0xC0, 0x8B, 0x6C, 0x6C,
    0xCB, 0x2B, 0x8B, 0x5E, 0xE9, 0xD6, 0x1C, 0x95, 0x21, 0x2A, 0xA7, 0x09, 0x2D, 0x51, 0x80, 0x74,
    0xAC, 0x94, 0x83, 0x76, 0x9E, 0xF7, 0x2A, 0xC3, 0x76, 0x45, 0x0B, 0x45, 0x6B, 0x3B, 0x28, 0x9B,
    0xBC, 0x47, 0xEF, 0xAA, 0x01, 0xAA, 0xDD, 0x37, 0x23, 0x88, 0x48, 0xC4, 0x2C, 0x9C, 0x49, 0x16,
    0x0A, 0xA9, 0x16, 0xE3, 0x33, 0x0D, 0x6B, 0x6C, 0xAF, 0xA7, 0x58, 0x3D, 0xBD, 0x2B, 0x35, 0x55,
    0xEF, 0x34, 0xED, 0x00, 0x9C, 0x41, 0xED, 0xB6, 0x22, 0x9D, 0x95, 0xA5, 0x92, 0x6A, 0x6F, 0x2D,
    0xFC, 0xF4, 0x2A, 0x3F, 0x57, 0x03, 0xB8, 0x01, 0x30, 0x32, 0x03, 0xD9, 0x50, 0xD5, 0x90, 0xF8,
    0xED, 0xD3, 0xAB, 0xF9, 0xBC, 0xF1, 0x90, 0xC8, 0xBB, 0x2D, 0xE4, 0x22, 0x7A, 0xE8, 0x5D, 0xF1,
    0xB0, 0xC5, 0x85, 0x53, 0xAB, 0x39, 0xD9, 0x3B, 0xE7, 0xC1, 0x0E, 0x4E, 0x77, 0x8E, 0xAE, 0x3D,
    0xD8, 0xD6, 0xFD, 0xA7, 0x55, 0x33, 0xDB, 0x87, 0xF7, 0x06, 0x3F, 0x7B, 0xA8, 0xEC, 0xAF, 0xA1,
    0x7C, 0x55, 0xB9, 0x8A, 0xCA, 0xB2, 0x3F, 0x5D, 0x9A, 0xD1, 0xEF, 0x66, 0x3B, 0x80, 0x26, 0xE8,
    0x81, 0x74, 0xDF, 0xE7, 0x8B, 0xEF, 0x00, 0x1B, 0x51, 0xC3, 0xA9, 0xDF, 0x08, 0xC5, 0xCC, 0x6B,
    0x9F, 0xFE, 0x66, 0xED, 0xF3, 0xFF, 0x58, 0xFB, 0xE2, 0xE7, 0xD3, 0xEE, 0x2E, 0xE0, 0xBE, 0x2B,
    0x22, 0x1E, 0xE6, 0x44, 0x3D, 0x49, 0x4C, 0xE6, 0x07, 0x0F, 0xB4, 0x9E, 0x24, 0x82, 0xD6, 0xB2,
    0xF6, 0xA5, 0x88, 0x7A, 0xAA, 0x7D, 0x2F, 0x6B, 0x9F, 0x44, 0x5D, 0x21, 0xEB, 0xD5, 0x6B, 0x38,
    0x9A, 0xA7, 0x77, 0xCD, 0xDA, 0x57, 0xAC, 0x3D, 0x6C, 0xEF, 0x81, 0x6E, 0xD7, 0x07, 0xDF, 0x6A,
    0xC3, 0xFA, 0x0A, 0xB4, 0xB9, 0x90, 0xCD, 0xF0, 0x08, 0x3B, 0xC0, 0x4B, 0x14, 0x1D, 0x80, 0x6B,
    0x50, 0xD6, 0xCA, 0xCA, 0x7F, 0x11, 0x35, 0x52, 0x79, 0x38, 0x5A, 0x76, 0x84, 0x33, 0x9A, 0x93,
    0xDB, 0x24, 0xA2, 0xDF, 0xA3, 0xD1, 0xBE, 0x0E, 0xFA, 0x4D, 0xB4, 0x4C, 0xB0, 0x0A, 0x4A, 0x05,
    0xAE, 0x53, 0x5E, 0x19, 0x95, 0x44, 0x45, 0x72, 0xF8, 0x97, 0x10, 0x2B, 0xCF, 0x81, 0x9D, 0x07,
    0xEE, 0x00, 0x5A, 0x45, 0x18, 0x20, 0x8B, 0xA8, 0xE6, 0xFD, 0xD1, 0x79, 0x23, 0x88, 0xC4, 0x4D,
    0x03, 0x8E, 0x6D, 0x0F, 0x1E, 0xD4, 0x41, 0xA4, 0xD9, 0x34, 0xE0, 0xD8, 0xF6, 0x54, 0x3E, 0xAD,
    0x09, 0xAE, 0xA9, 0x7E, 0x28, 0x66, 0x70, 0x2D, 0x5C, 0xE2, 0x64, 0xFA, 0x3E, 0xB7, 0x07, 0xE5,
    0x08, 0x32, 0x93, 0x8E, 0x65, 0x93, 0xF8, 0xC4, 0x9F, 0x44, 0xBF, 0x66, 0x6F, 0xDB, 0xE7, 0x63,
    0xD9, 0xDA, 0xD1, 0x75, 0xF9, 0xE8, 0x5A, 0x9D, 0x54, 0x4E, 0xA4, 0x5F, 0x48, 0x5B, 0xEC, 0x48,
    0x2E, 0x35, 0xB7, 0x5A, 0x4C, 0xAD, 0x9D, 0x6A, 0xCC, 0xBC, 0x5E, 0x11, 0x9E, 0x69, 0xBD, 0x28,
    0x47, 0xCE, 0xC5, 0x6B, 0xF6, 0xB2, 0x37, 0xD2, 0xA5, 0x93, 0xE6, 0xFE, 0x3A, 0x93, 0xDF, 0x24,
    0x91, 0xDA, 0x4A, 0xEF, 0xEE, 0xC6, 0x97, 0x78, 0xF1, 0x6B, 0xCC, 0xFC, 0x1C, 0x3F, 0xA8, 0xEE,
    0x4E, 0xE1, 0xC3, 0x39, 0xDC, 0x9D, 0xAE, 0x72, 0xFF, 0x6B, 0xCC, 0x6C, 0x76, 0x77, 0x3D, 0xE4,
    0x22, 0x33, 0x4A, 0xE9, 0x50, 0x46, 0xF2, 0x9E, 0x42, 0x94, 0x46, 0xEA, 0x85, 0xB8, 0x46, 0x59,
    0x74, 0x4A, 0xDB, 0x2B, 0xF3, 0xDE, 0x2E, 0xCC, 0xFA, 0x4A, 0x3A, 0xB2, 0xE1, 0x80, 0xED, 0xC2,
    0xF5, 0xD1, 0xC3, 0x48, 0xDB, 0x29, 0xCB, 0x56, 0x59, 0x69, 0x9E, 0x44, 0x7C, 0xFE, 0xEB, 0xDD,
    0x30, 0xA3, 0x7D, 0x8D, 0x28, 0x5B, 0xE5, 0x63, 0xC0, 0xF8, 0x2D, 0xA0, 0x98, 0x1C, 0xE0, 0x54,
    0x15, 0x8F, 0xCA, 0x08, 0x5C, 0x60, 0x07, 0x35, 0xDD, 0xD4, 0xFA, 0x09, 0x40, 0x45, 0x68, 0x50,
    0x76, 0x28, 0x07, 0x94, 0x11, 0xA5, 0x28, 0x1F, 0x85, 0x5A, 0xE9, 0xDA, 0x85, 0x2B, 0xDB, 0x2B,
    0xB3, 0xA8, 0x4C, 0x66, 0x8D, 0x41, 0xBC, 0xD2, 0x35, 0xCA, 0xA2, 0x57, 0xE6, 0xA3, 0x5B, 0x98,
    0x4E, 0x4A, 0x44, 0x49, 0x25, 0xCA, 0x52, 0x89, 0x55, 0x92, 0x2A, 0x31, 0x4A, 0xB4, 0x71, 0x1E,
    0xB5, 0x6B, 0x0A, 0x55, 0xA4, 0x1C, 0x95, 0xDB, 0x93, 0x92, 0x4B, 0x6C, 0xEC, 0xB2, 0x0E, 0x5E,
    0x26, 0xD2, 0x6E, 0xDE, 0x6B, 0x2C, 0x46, 0xAA, 0x6F, 0x37, 0x9A, 0x7C, 0x82, 0xAA, 0xB3, 0x03,
    0xD8, 0xBE, 0xEC, 0x50, 0x2D, 0x0D, 0xA4, 0xD1, 0xD5, 0x90, 0xC4, 0xCA, 0x83, 0x99, 0x94, 0x6C,
    0xA8, 0x7B, 0xDC, 0x9A, 0x8D, 0xC6, 0xAC, 0xE3, 0x0B, 0x3D, 0x77, 0xB0, 0x23, 0x94, 0x7D, 0x36,
    0x43, 0x68, 0x13, 0xF9, 0xF4, 0x8A, 0xD4, 0x4F, 0xCC, 0xC4, 0x46, 0xC4, 0x03, 0x46, 0x01, 0x67,
    0x14, 0x5C, 0x57, 0x24, 0xA2, 0x2C, 0x66, 0xA5, 0x6B, 0xD7, 0xF2, 0x4F, 0xBB, 0xFE, 0xED, 0x3D,
    0x65, 0x39, 0x2A, 0x45, 0x00, 0x9D, 0x28, 0xC1, 0xD4, 0x89, 0x3F, 0xE5, 0xCA, 0x2F, 0x98, 0x1D,
    0xDD, 0xF3, 0x37, 0xDD, 0x81, 0xB6, 0xFC, 0x1F, 0xA5, 0x86, 0x2D, 0x7F, 0x81, 0xD3, 0xAD, 0x5C,
    0xFF, 0x79, 0x80, 0x6C, 0x2C, 0xF5, 0xC4, 0xE8, 0xBA, 0x83, 0x6D, 0x73, 0xEF, 0x5C, 0x7D, 0xDA,
    0xEF, 0x76, 0x7D, 0xAB, 0x5C, 0x57, 0xD8, 0xD6, 0x35, 0xAE, 0xB5, 0x7D, 0xF0, 0xA9, 0x4C, 0xA0,
    0x71, 0xAE, 0x85, 0xD0, 0x93, 0x48, 0x24, 0x1F, 0x84, 0x72, 0x89, 0xA8, 0xBC, 0xED, 0xFE, 0x90,
    0xB4, 0x39, 0xC3, 0xBE, 0x79, 0xAD, 0xCB, 0x0C, 0x5A, 0xD7, 0x47, 0x83, 0xD6, 0x25, 0x1D, 0x0B,
    0xA4, 0x5E, 0xEA, 0xDA, 0xD6, 0xBA, 0x30, 0xD2, 0xD9, 0x9E, 0x4C, 0xFA, 0xB2, 0xC5, 0x7E, 0xAC,
    0x75, 0xB9, 0xBF, 0xD0, 0xBA, 0x82, 0xD6, 0x95, 0x44, 0xAD, 0x2B, 0xEB, 0x17, 0x62, 0x5B, 0xAD,
    0xCB, 0xD5, 0xBA, 0x67, 0xC6, 0x44, 0x77, 0x37, 0xEA, 0x15, 0xF8, 0xA7, 0x5E, 0xEB, 0x92, 0x56,
    0xEB, 0x12, 0xAF, 0x75, 0x89, 0xD6, 0x95, 0x8A, 0xD6, 0x95, 0x8B, 0xD6, 0x55, 0x7C, 0xA2, 0x75,
    0x95, 0xAF, 0x69, 0x5D, 0xE7, 0x36, 0x75, 0x01, 0x46, 0x91, 0x76, 0x40, 0x36, 0x29, 0xA4, 0x06,
    0xCA, 0x0E, 0x30, 0xBA, 0x05, 0x5C, 0x04, 0x76, 0x5D, 0x0D, 0xAB, 0xAF, 0x05, 0xB3, 0x6B, 0xD6,
    0x30, 0x53, 0xA1, 0xBA, 0x6D, 0xC4, 0x8E, 0x99, 0xFC, 0x5D, 0xE8, 0x8D, 0x88, 0x34, 0x54, 0x22,
    0x2A, 0xE3, 0x53, 0x8E, 0x5A, 0xD2, 0x03, 0xC5, 0x00, 0x84, 0x05, 0xC9, 0x0C, 0xB0, 0xC7, 0xA9,
    0xD0, 0x77, 0x15, 0x30, 0xD2, 0x40, 0x2E, 0x03, 0x94, 0xFF, 0x32, 0xC1, 0x59, 0x2E, 0x9D, 0x06,
    0x69, 0xE7, 0xF8, 0x21, 0xB8, 0x0F, 0x04, 0xAA, 0x9F, 0xCB, 0xFE, 0xD6, 0x65, 0xDD, 0x77, 0x1A,
    0x46, 0xF5, 0xBC, 0x82, 0x51, 0x91, 0x47, 0x65, 0x35, 0x2A, 0xC5, 0x2B, 0xDF, 0x52, 0xF0, 0x0D,
    0xFC, 0x52, 0x42, 0xD9, 0x2A, 0x8B, 0xE6, 0xAB, 0xF2, 0x22, 0x40, 0x38, 0x0E, 0x22, 0xB5, 0xA2,
    0x57, 0x44, 0xC2, 0xEE, 0x8D, 0x99, 0x00, 0xA2, 0xA8, 0xFC, 0x02, 0x57, 0x1F, 0x40, 0x3F, 0xEA,
    0x01, 0x32, 0x41, 0x83, 0x15, 0xC3, 0x7E, 0x82, 0xDD, 0x9D, 0xE3, 0xD3, 0xAF, 0xAF, 0x44, 0x26,
    0x23, 0x14, 0x22, 0x50, 0xFD, 0x52, 0x1A, 0x84, 0xA2, 0x31, 0x11, 0xDB, 0x26, 0x51, 0x31, 0x62,
    0x9B, 0xB7, 0x47, 0x9C, 0x0F, 0xA3, 0x99, 0x08, 0x63, 0x3E, 0xF2, 0xF6, 0x98, 0x8B, 0x4F, 0x46,
    0x23, 0x7A, 0xB4, 0x18, 0x16, 0xA4, 0x71, 0x81, 0x99, 0x16, 0x30, 0x2B, 0x56, 0x4F, 0x62, 0x39,
    0x70, 0xC1, 0x2C, 0x21, 0xEF, 0xDC, 0x58, 0x82, 0x2B, 0xE9, 0x92, 0xB1, 0x10, 0x0F, 0x9B, 0x2F,
    0x53, 0xA9, 0x07, 0xF2, 0x16, 0x28, 0x46, 0x20, 0x9B, 0x01, 0x2A, 0xC5, 0x16, 0x47, 0xED, 0xCA,
    0xB8, 0xBD, 0x87, 0xC8, 0x5F, 0x75, 0xA9, 0xC8, 0xFF, 0x74, 0x76, 0xBE, 0x21, 0x5D, 0xD9, 0x11,
    0x3A, 0xD7, 0x50, 0x76, 0x95, 0xC7, 0x76, 0x81, 0x35, 0xF2, 0x0D, 0x6C, 0x57, 0x29, 0x5C, 0x4D,
    0xD1, 0xB9, 0x16, 0xD7, 0x15, 0xA3, 0x91, 0x2E, 0x17, 0x91, 0x2E, 0x11, 0xF9, 0xE7, 0x8E, 0x6A,
    0xB6, 0xDD, 0xD1, 0xB9, 0xEB, 0x5B, 0x0A, 0xA7, 0x90, 0x46, 0xB5, 0xA0, 0x89, 0x80, 0x84, 0x13,
    0xD7, 0x62, 0xE6, 0x83, 0xC9, 0xB3, 0x94, 0x0E, 0xDE, 0x49, 0x46, 0x78, 0x91, 0x17, 0x4E, 0x50,
    0x46, 0xDE, 0xE8, 0xD3, 0x3E, 0x44, 0x78, 0x47, 0x06, 0xF8, 0x7B, 0xD7, 0xC1, 0xF9, 0x2D, 0x7F,
    0x82, 0x0A, 0x5E, 0x36, 0xF7, 0x40, 0x5E, 0x8F, 0x20, 0xEF, 0x2A, 0x74, 0xEB, 0x65, 0xEE, 0x01,
    0x27, 0x3F, 0x1E, 0xC9, 0x0C, 0xE4, 0x52, 0x83, 0x4D, 0x9B, 0x03, 0xBC, 0xBB, 0x20, 0x13, 0x0F,
    0xFC, 0xEC, 0x24, 0x05, 0x95, 0xFF, 0x4D, 0xF9, 0x29, 0xA9, 0xC8, 0x5D, 0x11, 0x0A, 0x51, 0x6B,
    0xDD, 0x67, 0xB7, 0xE4, 0xB3, 0x5B, 0x7D, 0xE1, 0x33, 0xF1, 0xD9, 0x78, 0x86, 0x64, 0xC2, 0x44,
    0x48, 0x22, 0x4C, 0x5C, 0xFE, 0xC9, 0xF2, 0x5A, 0x67, 0xCE, 0x44, 0x6D, 0x2E, 0xD7, 0xCE, 0xE9,
    0x13, 0x0C, 0x41, 0xC3, 0x60, 0x85, 0x99, 0xD5, 0x91, 0x8A, 0xE7, 0x85, 0x40, 0x21, 0x9D, 0x19,
    0xDC, 0x2F, 0xE5, 0xFB, 0x22, 0xB1, 0x90, 0x29, 0x13, 0x19, 0x32, 0xE9, 0x08, 0xE2, 0xB9, 0x00,
    0x66, 0x07, 0xF2, 0xCF, 0x0F, 0x7F, 0x82, 0x9F, 0xDE, 0x94, 0xA2, 0xE3, 0x8E, 0xAB, 0xB9, 0x54,
    0x01, 0x41, 0x33, 0x1D, 0x69, 0x15, 0xE0, 0x6A, 0x28, 0x5B, 0x5E, 0xB1, 0xA3, 0x51, 0x21, 0xD3,
    0xE6, 0x27, 0xF8, 0xA4, 0x83, 0xB4, 0x05, 0x1B, 0x61, 0x4B, 0x00, 0xB7, 0x3E, 0xE3, 0xCA, 0x04,
    0x45, 0xCB, 0xA1, 0xA5, 0x0A, 0xDB, 0x00, 0xE5, 0x70, 0xF0, 0xED, 0x82, 0x4A, 0x71, 0x96, 0xA3,
    0xB6, 0x3D, 0x83, 0x2A, 0x43, 0xA5, 0xB1, 0x68, 0x9B, 0x29, 0x3A, 0x82, 0x77, 0x35, 0xAE, 0xAE,
    0xA0, 0x68, 0x96, 0x37, 0x03, 0xA1, 0x09, 0x22, 0xB2, 0x8F, 0x4D, 0x22, 0x57, 0x2B, 0x5A, 0xCE,
    0x62, 0x47, 0xDE, 0x41, 0x2F, 0x98, 0x37, 0x22, 0xD3, 0xFE, 0x43, 0xC8, 0x1B, 0x1C, 0xD8, 0xEF,
    0x1C, 0x9C, 0x63, 0xC4, 0x43, 0x3E, 0x01, 0xB6, 0x05, 0xB6, 0x38, 0x69, 0x2D, 0x3A, 0xD2, 0x90,
    0x8B, 0x07, 0x27, 0x2D, 0xAC, 0xB2, 0x1E, 0x5E, 0xE0, 0xAD, 0x13, 0x94, 0x71, 0x53, 0x9F, 0x53,
    0xC9, 0x46, 0x8C, 0xE4, 0x71, 0xBD, 0xC5, 0x4B, 0x66, 0x0F, 0x38, 0xD9, 0xAB, 0xB1, 0x8D, 0x6D,
    0x5C, 0x9F, 0x47, 0x56, 0x9C, 0x05, 0x30, 0xF7, 0x93, 0xF8, 0x65, 0x0B, 0xF0, 0x96, 0x19, 0xF3,
    0x58, 0x76, 0xCE, 0x5F, 0x00, 0xCD, 0xB2, 0x97, 0xF7, 0x5F, 0xB6, 0x00, 0x08, 0xA9, 0x34, 0xFA,
    0xB2, 0xE5, 0xB5, 0x78, 0x89, 0x17, 0x59, 0xDB, 0x4D, 0x08, 0xCF, 0xBC, 0x5E, 0xE6, 0x7E, 0xF5,
    0xA1, 0xBE, 0x5D, 0xA9, 0xEE, 0x4E, 0xCB, 0x9B, 0x16, 0xD4, 0xBE, 0x7A, 0x36, 0xCE, 0x6E, 0xBE,
    0x97, 0xB8, 0xF1, 0x39, 0xC8, 0x65, 0x86, 0x4C, 0x26, 0x10, 0xE9, 0x61, 0x7E, 0x7D, 0x80, 0x3F,
    0xF9, 0xEB, 0x08, 0xD5, 0x3C, 0x91, 0x88, 0x08, 0xF9, 0xFC, 0x53, 0xA1, 0xE8, 0x13, 0xF1, 0xAE,
    0x21, 0xE8, 0x48, 0xB8, 0x3A, 0x40, 0xD9, 0xAC, 0xA0, 0xD8, 0xA0, 0xD4, 0x03, 0xCE, 0x3B, 0x4F,
    0x45, 0xD9, 0x20, 0xD8, 0x21, 0x9B, 0x74, 0x24, 0x36, 0xBF, 0xD8, 0xCF, 0xEC, 0x5B, 0xE1, 0x3B,
    0xC2, 0xBF, 0xF7, 0xDA, 0xA1, 0xE9, 0x43, 0xC3, 0xCE, 0xD6, 0x61, 0x49, 0x66, 0xF6, 0xA1, 0x90,
    0x2E, 0x04, 0x19, 0xC2, 0xE3, 0x1B, 0x31, 0x34, 0xC9, 0x14, 0x3C, 0x53, 0x80, 0xF9, 0x59, 0xDA,
    0xB3, 0xCE, 0x09, 0x1E, 0x82, 0xF4, 0xA4, 0x22, 0x13, 0x76, 0x7E, 0x53, 0x7C, 0xD1, 0x53, 0x35,
    0xAE, 0xA1, 0x68, 0x75, 0x42, 0xEE, 0x03, 0xE4, 0x8A, 0xEC, 0x08, 0x2A, 0xDD, 0xE7, 0x6A, 0x6C,
    0x57, 0xB6, 0xB8, 0xC6, 0x8E, 0x46, 0x6A, 0xBD, 0xF3, 0x30, 0x5A, 0x34, 0xA5, 0xB4, 0x5F, 0x69,
    0x4E, 0x38, 0x01, 0x2D, 0x5F, 0x3C, 0x27, 0x9C, 0x84, 0x8C, 0xBC, 0xBE, 0x0F, 0xAE, 0x1F, 0x60,
    0x96, 0x1E, 0x06, 0xD7, 0xA2, 0xB7, 0xC1, 0x09, 0x2A, 0xF8, 0xE2, 0x59, 0xE9, 0xC4, 0x64, 0xA8,
    0x0A, 0xD2, 0x11, 0xC8, 0xE2, 0xC1, 0x16, 0x4F, 0xA8, 0xA8, 0x44, 0xA4, 0x39, 0x04, 0x87, 0x66,
    0xBA, 0x63, 0xCE, 0xDD, 0x39, 0x14, 0xFE, 0xBA, 0x27, 0x88, 0xB4, 0xA9, 0x9E, 0xB6, 0x2F, 0x3C,
    0x91, 0x45, 0x78, 0x26, 0x8B, 0x70, 0xFB, 0x49, 0x1F, 0x70, 0x7F, 0xB9, 0x60, 0x5E, 0x34, 0x27,
    0x71, 0x41, 0xDE, 0x2F, 0xC2, 0x8B, 0x66, 0x11, 0x2E, 0x7E, 0x11, 0x3E, 0xA9, 0xF0, 0x68, 0xA4,
    0xB6, 0x22, 0x42, 0xA9, 0xC2, 0x2B, 0x15, 0xFE, 0x6D, 0x15, 0x7E, 0x68, 0x97, 0x00, 0x07, 0xA8,
    0xB4, 0x72, 0x80, 0x64, 0x04, 0x5E, 0x38, 0x3A, 0x49, 0xDD, 0x0C, 0x10, 0x9E, 0xA1, 0x49, 0x55,
    0x1B, 0x71, 0x6D, 0x26, 0xE5, 0x1C, 0xC4, 0xCA, 0x14, 0x12, 0xE9, 0xC2, 0xE1, 0x73, 0xF2, 0x63,
    0x30, 0x23, 0xE4, 0x13, 0x94, 0x3D, 0x38, 0x0F, 0x17, 0xF8, 0xE6, 0xFA, 0xB3, 0xDA, 0xC7, 0xC1,
    0xFF, 0x63, 0x28, 0x1A, 0x53, 0x1B, 0xFF, 0x4D, 0xF4, 0xA5, 0x2F, 0xA6, 0xB2, 0x58, 0x76, 0xFA,
    0xB2, 0x6A, 0xF1, 0xAD, 0xB9, 0xB7, 0xED, 0xE1, 0x1B, 0xAC, 0x0B, 0xBE, 0xA5, 0x28, 0x15, 0xD2,
    0x40, 0x7A, 0xFC, 0xDF, 0x33, 0xFC, 0x08, 0xCC, 0x7B, 0x55, 0x4D, 0x1A, 0x5D, 0x43, 0x3E, 0x94,
    0x2D, 0xB6, 0xB7, 0x3D, 0x45, 0x97, 0x0F, 0x94, 0x4D, 0x3A, 0xE2, 0xEA, 0x24, 0x52, 0x79, 0x33,
    0x23, 0x20, 0xCC, 0x50, 0xBD, 0x16, 0xC1, 0x7D, 0x38, 0x42, 0xF9, 0xD1, 0x00, 0xF6, 0x57, 0x3D,
    0xE4, 0xD2, 0x42, 0xAA, 0x1D, 0x25, 0x52, 0x83, 0x11, 0x00, 0x05, 0x13, 0x60, 0xE2, 0xE6, 0x56,
    0x1E, 0x80, 0xBC, 0x3F, 0x98, 0x1D, 0x2F, 0xD7, 0xAA, 0x00, 0x08, 0x5F, 0x0C, 0xF3, 0x0F, 0x0B,
    0x4A, 0xE9, 0x08, 0x41, 0x22, 0x61, 0xBE, 0x21, 0x84, 0x8E, 0x50, 0x87, 0x86, 0xB2, 0x09, 0x1E,
    0xDB, 0x1E, 0x7E, 0xA7, 0x5E, 0x29, 0xC2, 0x1A, 0x7A, 0xA0, 0xA6, 0x68, 0x82, 0x3E, 0xA6, 0x61,
    0x34, 0xE2, 0x83, 0xC8, 0x4C, 0xA8, 0x64, 0x24, 0xA8, 0xE6, 0xC0, 0xF9, 0x2F, 0xEB, 0xFC, 0xA2,
    0x82, 0x97, 0xCD, 0x7D, 0x08, 0xEB, 0x3F, 0x47, 0xA6, 0xFD, 0xAD, 0xE7, 0xB8, 0x07, 0x9C, 0xB2,
    0xCB, 0xF9, 0x7F, 0xD5, 0x9A, 0x01, 0xA4, 0x27, 0x49, 0x7E, 0xC7, 0x3F, 0xDD, 0x9D, 0x79, 0xBD,
    0xBB, 0xCD, 0xD6, 0x86, 0x99, 0xD8, 0xCC, 0x8A, 0x5E, 0x2C, 0xD6, 0xCA, 0xA5, 0x21, 0x58, 0xC8,
    0x76, 0x4B, 0x10, 0x1C, 0x3C, 0xCC, 0x7F, 0x97, 0x2C, 0x72, 0x80, 0xDB, 0x81, 0x81, 0x43, 0x30,
    0x37, 0xDD, 0x11, 0x04, 0x90, 0x17, 0x12, 0x10, 0x18, 0x2C, 0x76, 0xDF, 0xE1, 0xE0, 0x70, 0xD8,
    0xF9, 0x57, 0x73, 0x08, 0x82, 0x34, 0x87, 0x03, 0x5C, 0x47, 0xE6, 0x10, 0x87, 0xAB, 0xD0, 0x4B,
    0xCF, 0x5D, 0x77, 0xFF, 0xD2, 0xBF, 0x2A, 0xAD, 0xCD, 0xEC, 0xEE, 0xCC, 0xCE, 0xCC, 0xCC, 0xBB,
    0x97, 0xDF, 0x74, 0x7D, 0x7E, 0xDD, 0xDD, 0xD5, 0x55, 0x55, 0xDF, 0xAA, 0xF9, 0x57, 0x57, 0xD5,
    0xE3, 0xB5, 0xF3, 0xF3, 0x06, 0x8C, 0x48, 0x0B, 0x99, 0xF2, 0x61, 0xBB, 0x52, 0x29, 0x73, 0xA7,
    0x2C, 0x03, 0x47, 0xA5, 0x9D, 0x94, 0xF3, 0x0C, 0x44, 0x93, 0x00, 0xC9, 0x58, 0x2B, 0x87, 0xB2,
    0x81, 0xCC, 0x95, 0x2D, 0x98, 0x3E, 0xEF, 0x20, 0xEF, 0x4C, 0x0F, 0x45, 0x9B, 0x39, 0x28, 0xAB,
    0x74, 0x80, 0xFA, 0xF0, 0xD1, 0x04, 0x22, 0x32, 0x11, 0xAD, 0x5C, 0x88, 0x57, 0x0A, 0xC9, 0x08,
    0xB6, 0x4A, 0x35, 0x5A, 0x6B, 0x9C, 0xBE, 0x62, 0xF4, 0xF5, 0xBE, 0xD0, 0xA4, 0x9C, 0x4F, 0x76,
    0xA0, 0x94, 0x81, 0x80, 0xF7, 0xCE, 0xEF, 0xF2, 0xA8, 0xBD, 0x35, 0x9E, 0x9C, 0x21, 0xF2, 0x4F,
    0x7D, 0x22, 0xF2, 0x9B, 0xDE, 0x2C, 0x1F, 0x4B, 0x5F, 0xF4, 0xD8, 0xBE, 0x6C, 0x29, 0xFA, 0xBA,
    0xC2, 0xF4, 0x96, 0x80, 0xCC, 0x23, 0x5C, 0xD6, 0x8A, 0xB2, 0x21, 0xEF, 0xCB, 0x8E, 0xB2, 0xCF,
    0xC7, 0x48, 0xFA, 0x4C, 0x44, 0xFA, 0x58, 0xE4, 0x3F, 0x7B, 0xEA, 0xC5, 0xF4, 0x44, 0x15, 0x70,
    0xD2, 0x66, 0x0D, 0xA4, 0x7D, 0xBE, 0x32, 0x11, 0x01, 0x90, 0x59, 0x99, 0xF7, 0x97, 0x56, 0x30,
    0x6F, 0x5F, 0x30, 0xC2, 0x0F, 0xA3, 0x15, 0xE5, 0xBF, 0x39, 0xC8, 0xA5, 0x87, 0x54, 0x2A, 0xE0,
    0xC6, 0x45, 0x48, 0x77, 0xD9, 0x64, 0x31, 0x03, 0x40, 0xD9, 0x29, 0x8F, 0x0A, 0xA6, 0xC0, 0xB7,
    0x95, 0x32, 0x29, 0xCB, 0x41, 0xF9, 0x5A, 0xF3, 0x52, 0x85, 0xB1, 0x95, 0xD6, 0x1A, 0x48, 0x9C,
    0x62, 0x68, 0x20, 0x16, 0x3D, 0x95, 0x1E, 0xB8, 0x5E, 0x01, 0x7F, 0x80, 0xDA, 0x07, 0x8A, 0x58,
    0x94, 0xF9, 0xB2, 0x17, 0xFE, 0x4D, 0x76, 0x5B, 0x4B, 0x89, 0x2A, 0xD0, 0x40, 0x2E, 0x32, 0x80,
    0x0D, 0x92, 0x74, 0x99, 0x90, 0x2E, 0x70, 0xCF, 0x57, 0xFB, 0x5D, 0xF2, 0x1E, 0x54, 0x1A, 0xCF,
    0x46, 0x59, 0x57, 0x8F, 0x63, 0xD9, 0x06, 0xEE, 0xCD, 0x67, 0x46, 0x2D, 0x96, 0xA6, 0x79, 0x9B,
    0x58, 0x7E, 0xF5, 0xF1, 0x12, 0xF2, 0xDA, 0xF2, 0x8D, 0x45, 0x2A, 0xB6, 0x06, 0x07, 0xCD, 0x13,
    0xEE, 0xE9, 0xFD, 0xF0, 0x6A, 0xDE, 0xC0, 0xAB, 0xEC, 0x96, 0xFD, 0x16, 0xAC, 0xA8, 0xBC, 0x93,
    0x99, 0x3F, 0x92, 0xBC, 0xE7, 0x87, 0x65, 0xC3, 0x9B, 0x35, 0x60, 0x81, 0x23, 0x7B, 0xA8, 0x09,
    0x65, 0x2E, 0x3A, 0xFE, 0xD4, 0x8C, 0xD1, 0x92, 0x8A, 0xCC, 0x91, 0x66, 0x5A, 0x48, 0x03, 0xA7,
    0x9B, 0x0A, 0x14, 0xA3, 0x52, 0x42, 0x77, 0xD2, 0x76, 0x8F, 0x9A, 0xB8, 0xBA, 0xFC, 0x4A, 0xA5,
    0x93, 0x3E, 0x81, 0x5A, 0x5A, 0xE6, 0xCC, 0x71, 0x4A, 0xF3, 0x72, 0x54, 0x8A, 0x1B, 0x00, 0xE3,
    0x94, 0xF9, 0xB0, 0x9F, 0x9F, 0x34, 0x5C, 0x6E, 0x95, 0xA2, 0xBB, 0x90, 0x4C, 0x41, 0x29, 0xF5,
    0x7A, 0xCD, 0x4B, 0xEA, 0x4B, 0x51, 0x15, 0x55, 0x5B, 0xFF, 0x41, 0x04, 0xA0, 0x9C, 0x94, 0x59,
    0xCF, 0xE5, 0xEF, 0x4B, 0x3F, 0x89, 0x3B, 0x8E, 0x79, 0x47, 0x21, 0x15, 0xD9, 0x0C, 0xF1, 0xF0,
    0x72, 0x54, 0x7A, 0x9B, 0xEF, 0x01, 0xF6, 0xAF, 0x47, 0xA0, 0x90, 0x9E, 0x6D, 0x60, 0x89, 0x66,
    0x36, 0xBB, 0x76, 0xB8, 0x81, 0x2F, 0x6C, 0xEF, 0xB9, 0x78, 0x4A, 0x8B, 0x25, 0x12, 0xB7, 0x92,
    0x7C, 0x54, 0x26, 0x93, 0x32, 0x5A, 0x94, 0x88, 0xA7, 0xF5, 0xAC, 0x03, 0xAB, 0x47, 0x69, 0xD9,
    0x63, 0x2E, 0xCA, 0x78, 0x56, 0xA6, 0x93, 0xB2, 0x18, 0xB0, 0x87, 0x8F, 0xA5, 0xF7, 0x79, 0x35,
    0xCA, 0x19, 0xE5, 0x59, 0x68, 0xB6, 0xBB, 0xF7, 0x00, 0xB2, 0xFF, 0x15, 0xEF, 0x9C, 0x54, 0xDE,
    0x95, 0x78, 0x77, 0x27, 0x3C, 0x1B, 0xC3, 0x55, 0x03, 0x6F, 0x3D, 0xC8, 0x1C, 0x20, 0xF2, 0x1F,
    0x0E, 0x12, 0x11, 0x71, 0x60, 0xE6, 0x13, 0x75, 0x45, 0x4F, 0xED, 0x87, 0x1A, 0x0A, 0xA7, 0x05,
    0xC3, 0x38, 0xB0, 0x90, 0x7D, 0x93, 0xAB, 0xD1, 0x28, 0x2A, 0x6A, 0xAE, 0xAE, 0xA3, 0xD4, 0xC4,
    0x06, 0xC4, 0xA9, 0x74, 0x3F, 0x56, 0x17, 0x89, 0xFC, 0xDA, 0x79, 0x3D, 0xBF, 0xAB, 0x8E, 0x53,
    0x45, 0x74, 0x38, 0x54, 0x90, 0xA9, 0x7E, 0x4A, 0xE9, 0x3D, 0x27, 0x4D, 0x33, 0x17, 0x65, 0x24,
    0x4D, 0xE6, 0x4B, 0xA2, 0xCC, 0x7B, 0xA5, 0x71, 0xCA, 0xCC, 0x19, 0x4D, 0xDB, 0xD5, 0xD2, 0x93,
    0x0E, 0x1B, 0xBB, 0x95, 0xE1, 0xA9, 0xD2, 0x04, 0xF6, 0xCA, 0xA2, 0x53, 0xD6, 0x9A, 0x4E, 0x2C,
    0x55, 0xF6, 0xE5, 0xC1, 0x2E, 0x3E, 0xAF, 0xD1, 0xB3, 0x53, 0x3E, 0x20, 0xA8, 0x18, 0x14, 0x02,
    0xE2, 0x1F, 0xFF, 0x16, 0x2F, 0x0D, 0x1B, 0xA3, 0xBF, 0xFD, 0x72, 0x7B, 0xAA, 0xF2, 0x05, 0xF5,
    0x82, 0x78, 0x41, 0xBB, 0x20, 0x5D, 0x50, 0x2E, 0x08, 0x17, 0x24, 0xFA, 0x2A, 0x83, 0x66, 0x41,
    0xB2, 0xA0, 0x58, 0x10, 0x2C, 0xE8, 0x15, 0xE4, 0xDA, 0xD4, 0x0A, 0xA3, 0xC0, 0xF9, 0xF9, 0x59,
    0x26, 0xD2, 0xA5, 0x6B, 0xD8, 0x7B, 0xE1, 0xE1, 0x86, 0x15, 0x99, 0xB6, 0x60, 0x81, 0xAF, 0x0D,
    0xE7, 0xE7, 0x8D, 0x15, 0x69, 0xB7, 0xF0, 0x8D, 0xF1, 0x1E, 0x49, 0x8F, 0x5A, 0x1C, 0x01, 0x37,
    0xBF, 0xE6, 0xD3, 0xF4, 0x64, 0x01, 0xAC, 0xF4, 0xAA, 0xC0, 0x84, 0x99, 0x3F, 0x5A, 0xC8, 0x7B,
    0x6C, 0x55, 0x36, 0x94, 0x4D, 0x0D, 0x79, 0xBB, 0x66, 0x6C, 0x35, 0x47, 0x09, 0xB0, 0x00, 0xB5,
    0xA2, 0x6C, 0x14, 0x1D, 0xAF, 0x60, 0x46, 0xEE, 0x90, 0x8A, 0x48, 0x15, 0x89, 0xCC, 0xDB, 0x7F,
    0xB8, 0x1B, 0x10, 0xB7, 0x69, 0x93, 0xB8, 0xBC, 0x8D, 0x45, 0x2A, 0xEC, 0x02, 0xF9, 0xFD, 0x8B,
    0xA9, 0xB4, 0xB7, 0x91, 0x01, 0xA6, 0x78, 0x45, 0xFD, 0xB1, 0x83, 0x22, 0x4C, 0x25, 0x2A, 0xE0,
    0xF4, 0x62, 0xAA, 0x4F, 0xDC, 0x80, 0x71, 0x90, 0xBB, 0xE0, 0x4F, 0x9A, 0x0B, 0xAA, 0xFE, 0xA7,
    0x40, 0x32, 0x2B, 0x96, 0xED, 0x4C, 0xEF, 0x5D, 0x68, 0xEB, 0x5F, 0x40, 0x35, 0xEB, 0x06, 0xA6,
    0x30, 0x88, 0xC4, 0x63, 0x45, 0x24, 0x03, 0x58, 0x07, 0xD7, 0xAB, 0x97, 0x59, 0xB5, 0xBA, 0x02,
    0xEE, 0x00, 0xDC, 0x53, 0x1C, 0xAF, 0xEA, 0xBD, 0x05, 0x28, 0xA7, 0x30, 0xF4, 0xC6, 0x55, 0x5C,
    0xE9, 0x00, 0x1D, 0x89, 0x84, 0xF9, 0x44, 0xD6, 0x5F, 0x60, 0xB7, 0x7F, 0x3F, 0xEA, 0xA1, 0xFC,
    0xEE, 0x8A, 0x5C, 0x5A, 0x48, 0x05, 0x88, 0xC6, 0x0B, 0x6C, 0x77, 0x88, 0xEF, 0x2A, 0xF3, 0x49,
    0x59, 0x4B, 0x05, 0xF1, 0x9C, 0x77, 0xC0, 0x59, 0xD4, 0xEC, 0x13, 0xD2, 0x7F, 0x01, 0x22, 0x11,
    0x5F, 0x4E, 0x7D, 0xBF, 0x16, 0x91, 0x26, 0xD2, 0xA9, 0x48, 0x9B, 0x2E, 0x50, 0x54, 0x66, 0x84,
    0x2B, 0x4F, 0xFE, 0x44, 0xA9, 0x65, 0x0A, 0x2C, 0x1B, 0xCF, 0x96, 0xF7, 0x7E, 0x34, 0x15, 0x1D,
    0x24, 0x53, 0xEE, 0x56, 0x8E, 0xD9, 0x04, 0xC6, 0x25, 0x52, 0x51, 0xF6, 0x91, 0x3C, 0x38, 0x91,
    0xD6, 0xE7, 0x05, 0x99, 0xC8, 0xE8, 0x85, 0x68, 0x80, 0xE8, 0x14, 0x82, 0x45, 0x82, 0xCA, 0xD6,
    0x42, 0x2E, 0x0E, 0xCA, 0xBF, 0x9C, 0xE0, 0x2A, 0x6F, 0xC3, 0x6E, 0xAF, 0x3D, 0x88, 0xEF, 0x62,
    0xE5, 0xE7, 0x2E, 0x11, 0xF9, 0x9D, 0x33, 0xCB, 0x87, 0xE2, 0x0A, 0x47, 0xA9, 0xF3, 0x42, 0xE3,
    0xEA, 0x8A, 0xCC, 0x59, 0x48, 0x15, 0x89, 0xDB, 0x51, 0xEB, 0xBD, 0xB2, 0xC1, 0xB8, 0xA2, 0xA3,
    0x70, 0x66, 0x44, 0x9C, 0x0A, 0xE8, 0x22, 0x91, 0xFF, 0x76, 0x14, 0xF2, 0x57, 0x0E, 0x4E, 0xD3,
    0x15, 0x64, 0x0A, 0xD3, 0x47, 0x0D, 0x65, 0x9B, 0x2C, 0x7F, 0x23, 0x4D, 0x2A, 0xE1, 0x0B, 0x65,
    0x80, 0x93, 0xCF, 0xBD, 0xC4, 0xF1, 0xD9, 0xCA, 0x31, 0xEB, 0x00, 0x91, 0xD6, 0x2B, 0x0D, 0x90,
    0x8D, 0x70, 0xF9, 0x35, 0xBE, 0xCD, 0x17, 0xF0, 0x01, 0x13, 0x94, 0xBF, 0x18, 0xC0, 0x88, 0xA6,
    0xE2, 0xE3, 0x5C, 0xBD, 0x3C, 0x1A, 0x13, 0x9D, 0x29, 0xB3, 0x41, 0x69, 0xC6, 0xFD, 0x3C, 0x3E,
    0xBB, 0xEC, 0x1A, 0x7F, 0x5F, 0x21, 0x7A, 0xA9, 0x40, 0x11, 0xEE, 0xC1, 0x25, 0xEA, 0xC7, 0x97,
    0x56, 0xBF, 0x6D, 0x5D, 0xA8, 0xF7, 0x74, 0xCA, 0xD4, 0x33, 0xF1, 0xCC, 0x5B, 0xE5, 0xEB, 0xEC,
    0x76, 0xA2, 0x28, 0x15, 0x13, 0x10, 0x8F, 0x8A, 0x5D, 0xFE, 0x4F, 0x2E, 0x9B, 0xE8, 0x9F, 0x01,
    0x2A, 0x04, 0xB9, 0xEA, 0x5E, 0xEB, 0x34, 0xE9, 0x9D, 0xED, 0x17, 0xEE, 0x1A, 0x70, 0xC3, 0x42,
    0x3C, 0x7D, 0x6B, 0x1C, 0x0E, 0x1F, 0x4E, 0x56, 0x44, 0x76, 0x84, 0x07, 0x4F, 0x05, 0x3F, 0x69,
    0x2D, 0x46, 0x90, 0xC5, 0x4F, 0x6F, 0xE3, 0xB0, 0x38, 0xC2, 0x4D, 0xC0, 0x7E, 0x53, 0x88, 0x96,
    0xCA, 0xE6, 0xD2, 0x5B, 0x2B, 0x83, 0x7D, 0xF0, 0xF1, 0x64, 0xDB, 0x78, 0xB6, 0x15, 0xB3, 0x85,
    0xE5, 0x69, 0x02, 0x37, 0x42, 0xC3, 0xCF, 0x90, 0x8C, 0x5F, 0xEF, 0x4A, 0x39, 0x3F, 0xFF, 0x91,
    0xF4, 0xA5, 0xA8, 0x6D, 0xEE, 0x8F, 0x16, 0x48, 0xE6, 0xD3, 0x2D, 0xE6, 0x72, 0x38, 0x7C, 0x34,
    0x82, 0x3E, 0xFA, 0x8A, 0x5B, 0xB6, 0xC4, 0x9E, 0xC7, 0x9D, 0xDC, 0xDD, 0x9A, 0xB7, 0x96, 0x0E,
    0xEC, 0x06, 0x7F, 0x6F, 0x43, 0x7E, 0x5F, 0x67, 0x90, 0x0B, 0xD9, 0xEF, 0x44, 0xAA, 0x4C, 0xFE,
    0xD5, 0xB6, 0xD9, 0xA4, 0xB3, 0xA7, 0x01, 0xA3, 0x53, 0x28, 0xD3, 0x3F, 0x23, 0xA2, 0xEA, 0x5A,
    0xF1, 0xE0, 0x83, 0x5A, 0xE6, 0xE9, 0xD6, 0x78, 0x23, 0xAA, 0xC2, 0x14, 0xDA, 0xCA, 0x12, 0x0E,
    0x84, 0xA7, 0x3A, 0xAE, 0xC9, 0xFE, 0x6E, 0xDA, 0xBF, 0x9F, 0x4F, 0xB7, 0x4B, 0x3B, 0xDD, 0xCE,
    0xDD, 0xD5, 0xA8, 0x22, 0xD8, 0x27, 0x60, 0x9F, 0xFA, 0xB8, 0x79, 0xFE, 0xB9, 0x95, 0xB9, 0x96,
    0x19, 0x78, 0x81, 0x25, 0xB4, 0xD2, 0xAF, 0xC7, 0xCD, 0xF3, 0x33, 0x36, 0x8B, 0x3E, 0x25, 0x9E,
    0x9E, 0xFA, 0xF8, 0x0E, 0x7F, 0x57, 0x32, 0x15, 0x32, 0x64, 0xD2, 0x47, 0xCB, 0x8B, 0xD4, 0x10,
    0xF8, 0x0B, 0x6E, 0x6B, 0xE2, 0xBF, 0x18, 0x8D, 0xB8, 0x58, 0x5A, 0xAE, 0x3E, 0xB3, 0x8C, 0x2F,
    0xAE, 0x54, 0x52, 0x25, 0x23, 0x89, 0x5B, 0x8F, 0x2A, 0x11, 0x17, 0x49, 0xC7, 0x7B, 0xF0, 0x69,
    0x32, 0xA5, 0x73, 0x32, 0x71, 0x77, 0x93, 0x32, 0x9E, 0x1E, 0xFF, 0x2F, 0x99, 0xF2, 0xAE, 0x66,
    0x66, 0x7E, 0xC3, 0x4E, 0xA5, 0xAE, 0x7C, 0xBF, 0x0B, 0x42, 0x24, 0x4A, 0xBE, 0xFF, 0x22, 0x1B,
    0xFA, 0x13, 0xFB, 0xA8, 0xAD, 0x29, 0xC3, 0x95, 0xC3, 0xA1, 0xF2, 0x22, 0x1B, 0x91, 0xFE, 0xAB,
    0x27, 0xC8, 0xB6, 0xA8, 0xF0, 0xFB, 0x3A, 0xF9, 0x73, 0x4C, 0x38, 0x99, 0x29, 0x7A, 0xAD, 0x11,
    0xF2, 0xCF, 0xB6, 0x45, 0x4B, 0x58, 0x8B, 0x34, 0xFE, 0x24, 0x5F, 0x83, 0x3F, 0x89, 0x65, 0x60,
    0xFF, 0xB1, 0xBF, 0xCE, 0x49, 0x53, 0x37, 0xC6, 0xD9, 0x36, 0x77, 0xEA, 0xFF, 0x78, 0xBD, 0x86,
    0xDD, 0xDE, 0xE3, 0xE4, 0xAC, 0xAC, 0x4C, 0xFF, 0xBC, 0x01, 0xB6, 0x50, 0x74, 0x60, 0x5B, 0x52,
    0xA9, 0x48, 0x66, 0xC2, 0x90, 0x1B, 0x7D, 0x06, 0x64, 0x02, 0x61, 0xA2, 0xBE, 0x68, 0xBD, 0xBE,
    0xB7, 0xFE, 0x0B, 0x76, 0x38, 0x9C, 0x12, 0x8B, 0x8C, 0xEC, 0x20, 0x9A, 0x78, 0x3E, 0xC4, 0x13,
    0xAF, 0x93, 0x4C, 0x14, 0x55, 0x3A, 0x52, 0xDE, 0xBF, 0x35, 0x90, 0x8B, 0xF4, 0xA4, 0xAA, 0x17,
    0x76, 0x66, 0x5F, 0xB7, 0xAC, 0xF5, 0x83, 0x24, 0x95, 0x31, 0x6F, 0x8E, 0xAF, 0xF2, 0x0A, 0x9B,
    0x2E, 0x94, 0xD5, 0xB3, 0x1C, 0x35, 0x08, 0xE9, 0x42, 0x39, 0x91, 0xF7, 0x5C, 0xF1, 0xAD, 0x10,
    0x1D, 0xB0, 0x90, 0x4D, 0xCA, 0xC2, 0x29, 0xB5, 0xF5, 0x88, 0x85, 0x95, 0xD9, 0xA4, 0x2C, 0x9C,
    0xD2, 0xB6, 0x2B, 0xF5, 0x36, 0x36, 0x9B, 0x94, 0x85, 0x53, 0xDA, 0x49, 0x29, 0x8B, 0x72, 0x92,
    0x6A, 0x65, 0x5F, 0x6B, 0xCC, 0x26, 0xBC, 0x65, 0x46, 0x65, 0x32, 0x2B, 0x23, 0x81, 0x2D, 0x7D,
    0xCA, 0x5E, 0x69, 0x86, 0x7D, 0x89, 0x32, 0x16, 0x36, 0x3B, 0x55, 0x24, 0x93, 0xE7, 0xA2, 0x24,
    0xF0, 0x0B, 0x45, 0x3C, 0x28, 0x93, 0x86, 0xCD, 0x6E, 0x2A, 0xEC, 0x13, 0x10, 0x7D, 0xBE, 0x22,
    0x9D, 0x57, 0xE4, 0x9A, 0x67, 0xDD, 0x62, 0x7D, 0x79, 0xD2, 0x69, 0x45, 0xEE, 0x56, 0xF8, 0x62,
    0x4B, 0xB5, 0x8D, 0x6E, 0xBF, 0xD1, 0x7B, 0xFF, 0xA8, 0x4F, 0x83, 0x16, 0xB6, 0xC1, 0x86, 0x52,
    0x9B, 0x21, 0x54, 0x29, 0xD4, 0x68, 0xFF, 0x0C, 0x2B, 0xBA, 0x6D, 0x33, 0x2F, 0x53, 0xA4, 0x7A,
    0x59, 0x34, 0xC0, 0x77, 0x60, 0x1B, 0x59, 0xA2, 0xCF, 0x8E, 0xA4, 0xE3, 0x91, 0xBC, 0x3F, 0x52,
    0x37, 0x47, 0x16, 0x8E, 0xC9, 0xC8, 0xD1, 0xF4, 0x1C, 0xCB, 0x86, 0xA3, 0x54, 0x58, 0x69, 0xB1,
    0xBF, 0x76, 0xD8, 0x7F, 0x18, 0xB1, 0xD1, 0xCC, 0x11, 0xBB, 0x86, 0xB2, 0x3D, 0x62, 0x5C, 0x78,
    0x37, 0x9E, 0x61, 0xDB, 0x0A, 0xFB, 0x33, 0x08, 0xC2, 0xE5, 0x8A, 0xB2, 0x7B, 0x68, 0x17, 0xCC,
    0xF7, 0xEF, 0xCC, 0xBD, 0x5C, 0x7C, 0x79, 0x38, 0x54, 0x99, 0x88, 0xB4, 0x3B, 0x78, 0x83, 0x9F,
    0xA6, 0x53, 0x39, 0x4B, 0xF3, 0x0E, 0x70, 0xBD, 0x29, 0xDA, 0xA7, 0xFB, 0x77, 0x0D, 0xB0, 0xCF,
    0x1D, 0x9E, 0xB0, 0x5E, 0x71, 0x05, 0x28, 0xDB, 0xA0, 0x59, 0xDE, 0x81, 0xD1, 0xF3, 0x0A, 0xDE,
    0x07, 0x9E, 0xA9, 0xD4, 0x9A, 0x64, 0xD9, 0x96, 0x7D, 0xD6, 0x67, 0x6D, 0x51, 0x69, 0x32, 0xA1,
    0x1E, 0xF7, 0x7C, 0x4F, 0xB3, 0x48, 0x65, 0x29, 0xB1, 0xDC, 0xC1, 0x46, 0x23, 0x96, 0xE6, 0xB9,
    0xEB, 0x71, 0x33, 0xED, 0xAC, 0x19, 0xAC, 0x19, 0x6D, 0x3C, 0xDA, 0xC4, 0x59, 0xD3, 0xDA, 0x2B,
    0x58, 0x9E, 0xE5, 0xF8, 0x76, 0x92, 0xC7, 0x8D, 0xC5, 0x38, 0x4B, 0x3E, 0x04, 0xAF, 0x21, 0xAA,
    0xBE, 0x55, 0x51, 0x1F, 0x5F, 0x80, 0x35, 0x61, 0xE3, 0xAC, 0x19, 0xF4, 0xC8, 0x9C, 0x8D, 0xAA,
    0xC7, 0x44, 0xE6, 0xC6, 0xD3, 0xFC, 0xDE, 0xCE, 0x3F, 0x59, 0x21, 0x13, 0xC4, 0x32, 0x42, 0x2E,
    0x15, 0xD4, 0x13, 0x50, 0x2A, 0xFE, 0xF0, 0x1B, 0x5F, 0x5B, 0xD6, 0x1F, 0xFE, 0xC8, 0xCF, 0x72,
    0x76, 0x7C, 0xF6, 0x98, 0x0F, 0xAC, 0x2A, 0x96, 0x36, 0x96, 0xAE, 0x90, 0xAA, 0x98, 0xC8, 0x9F,
    0xF4, 0x35, 0x06, 0x54, 0x8A, 0xB8, 0xDF, 0xB7, 0x1C, 0x45, 0x19, 0x2F, 0xA8, 0x9D, 0xB1, 0xD9,
    0x55, 0xE0, 0xDA, 0xB6, 0xED, 0xD3, 0x7A, 0xF6, 0x9E, 0x83, 0xE7, 0xE4, 0x29, 0xCA, 0x7B, 0xB6,
    0x51, 0x96, 0xDD, 0xCA, 0xA3, 0x71, 0xCA, 0x74, 0x52, 0xC6, 0x8B, 0xC6, 0x41, 0x2A, 0x65, 0xD9,
    0x2A, 0x73, 0xA7, 0xCC, 0xC6, 0xD2, 0xFF, 0x90, 0x29, 0x11, 0xCF, 0x5A, 0x94, 0x85, 0xA7, 0xF1,
    0x4C, 0x3C, 0x23, 0x4F, 0x1F, 0xD4, 0xDE, 0x7C, 0x64, 0x0B, 0xDB, 0xF7, 0x7D, 0x36, 0xFB, 0xE4,
    0x05, 0x4D, 0x8E, 0x2E, 0x67, 0xDD, 0xE1, 0xAA, 0xA7, 0x04, 0x36, 0xCA, 0x22, 0xB0, 0x22, 0xE8,
    0x02, 0xF4, 0x2F, 0x5C, 0x0D, 0xD4, 0xE2, 0x0A, 0x8C, 0x0B, 0x5D, 0x26, 0x1D, 0x20, 0x71, 0x60,
    0x5A, 0x78, 0x7D, 0x6B, 0x18, 0xDF, 0x34, 0xE5, 0xDF, 0xCF, 0x80, 0x09, 0x3D, 0x4A, 0x5A, 0x80,
    0x3B, 0x97, 0xBB, 0x47, 0xFD, 0x20, 0xEA, 0xB0, 0xDB, 0xF6, 0xEC, 0x02, 0xF1, 0xF8, 0xC2, 0xF5,
    0xBB, 0x56, 0x7D, 0x65, 0x05, 0x87, 0x5D, 0x99, 0x7B, 0x9E, 0x5F, 0xBC, 0xD6, 0xDC, 0x3A, 0xE3,
    0xA7, 0xE6, 0x67, 0x32, 0x31, 0x98, 0x5F, 0x8A, 0xF0, 0x86, 0x91, 0x0F, 0xA5, 0xC2, 0x8C, 0xD4,
    0x0D, 0xA6, 0xA7, 0x6C, 0x31, 0x1D, 0xC5, 0xCA, 0xF6, 0x39, 0xF9, 0xB4, 0xED, 0x70, 0xBC, 0x80,
    0x76, 0xA8, 0x61, 0x3B, 0x47, 0x14, 0xE9, 0xB2, 0xEF, 0xF3, 0x17, 0xBD, 0xF2, 0xD5, 0x17, 0xD9,
    0xA3, 0xB7, 0x10, 0xCF, 0x90, 0x69, 0x8D, 0x87, 0x30, 0x1E, 0x5F, 0x0B, 0x7B, 0x96, 0x90, 0x89,
    0xF4, 0xB0, 0xEF, 0x5B, 0x6E, 0xC6, 0xF5, 0x4F, 0xD9, 0xEE, 0x17, 0xB2, 0xAD, 0x76, 0x90, 0xC8,
    0x59, 0x2C, 0x6D, 0x36, 0x43, 0xDD, 0x9B, 0x01, 0x8C, 0x2B, 0x7A, 0x54, 0x8D, 0x16, 0x92, 0xA9,
    0x6C, 0x20, 0x9E, 0xB4, 0xED, 0xA3, 0x59, 0xC9, 0x46, 0x7F, 0xA7, 0x0C, 0x6C, 0x35, 0x4E, 0x88,
    0x9F, 0xEB, 0xBB, 0x83, 0x19, 0xA1, 0x70, 0x2A, 0x84, 0xED, 0x62, 0xB9, 0xFF, 0x96, 0x34, 0x0F,
    0xFD, 0xA1, 0x41, 0x24, 0x61, 0x7F, 0x5F, 0xF1, 0xA4, 0x2D, 0xCF, 0x0A, 0xAC, 0x38, 0x12, 0x91,
    0x19, 0xB3, 0x7C, 0x24, 0x55, 0xEE, 0xA8, 0xDB, 0xB2, 0x25, 0xEF, 0xFC, 0x86, 0xAF, 0x65, 0x5F,
    0x83, 0xDB, 0x50, 0xEB, 0xBD, 0x52, 0xFB, 0x5E, 0xD1, 0x51, 0xB6, 0x66, 0x8C, 0xFC, 0xB2, 0x9A,
    0x68, 0xC6, 0x5A, 0x32, 0xE9, 0xB6, 0x3D, 0xBF, 0x2E, 0x6D, 0x20, 0x71, 0xA6, 0x45, 0x9F, 0x35,
    0x80, 0x5D, 0x00, 0xDE, 0x1A, 0x2E, 0xB9, 0x6C, 0x4F, 0xDE, 0x34, 0xBD, 0x08, 0x01, 0x37, 0x4B,
    0x78, 0x17, 0x30, 0xED, 0x1D, 0xA0, 0xFC, 0x2F, 0x01, 0x44, 0x97, 0x29, 0xE3, 0xD1, 0x74, 0x40,
    0x77, 0xF2, 0xFF, 0x41, 0xCC, 0x13, 0xDE, 0x81, 0xA2, 0x9A, 0xC0, 0xFE, 0x4C, 0x48, 0x96, 0x7C,
    0x24, 0x75, 0x45, 0x43, 0x54, 0xBD, 0x72, 0x91, 0x5D, 0x92, 0xE8, 0x70, 0x08, 0x13, 0x68, 0xB5,
    0x91, 0x22, 0x78, 0x24, 0xF8, 0xB5, 0x26, 0x2C, 0x80, 0x6A, 0xA5, 0xDE, 0x0C, 0xC1, 0x17, 0x5D,
    0xF0, 0x65, 0x4B, 0xF0, 0x4D, 0xF0, 0xAA, 0x91, 0x9C, 0x9F, 0x37, 0xDE, 0x8B, 0xB4, 0x8F, 0x78,
    0x7F, 0x7F, 0x8F, 0xBF, 0xBF, 0x9F, 0xF7, 0x0F, 0xA7, 0x9F, 0x2E, 0xC1, 0xC7, 0xF2, 0x3F, 0x07,
    0x59, 0xBF, 0x53, 0xB1, 0xA1, 0x3C, 0xE4, 0xC1, 0x13, 0xD9, 0xE0, 0x55, 0x9E, 0x5B, 0xF7, 0xBD,
    0x42, 0xA9, 0x88, 0x17, 0x29, 0x17, 0xE9, 0x54, 0x27, 0xFB, 0xAB, 0x5B, 0x4E, 0xA5, 0x12, 0xD2,
    0x51, 0xD5, 0x9A, 0x88, 0x26, 0x15, 0x6C, 0x84, 0x59, 0x35, 0x5B, 0xCE, 0xCF, 0x17, 0x0B, 0x2A,
    0xCB, 0x43, 0x7E, 0x00, 0x54, 0xBF, 0x11, 0x50, 0x09, 0x27, 0x40, 0x55, 0x5C, 0xE0, 0x54, 0x85,
    0x94, 0x2E, 0xD6, 0xBC, 0xA4, 0x14, 0xD1, 0xAB, 0xD1, 0x88, 0xF4, 0x14, 0x72, 0x16, 0xC9, 0x02,
    0xE1, 0xCF, 0xB0, 0xB6, 0xA9, 0xDF, 0xED, 0x6D, 0x76, 0x5C, 0x28, 0xEA, 0x33, 0xE0, 0x9D, 0x87,
    0xFE, 0xC6, 0xC8, 0x8A, 0xF4, 0x8A, 0x49, 0x21, 0x58, 0x62, 0x69, 0xAC, 0xCA, 0xB2, 0x22, 0xEF,
    0x56, 0x98, 0xDE, 0x63, 0xBB, 0xD4, 0x07, 0x91, 0x34, 0x1A, 0x79, 0x7B, 0x4D, 0x13, 0xA0, 0x50,
    0x18, 0xE7, 0xC7, 0x95, 0x7D, 0xE6, 0xBB, 0x02, 0xA9, 0x56, 0xD4, 0x9A, 0x5E, 0xE1, 0x93, 0x72,
    0x7B, 0xCF, 0x82, 0xBC, 0xF1, 0xBD, 0x95, 0x64, 0x60, 0x5F, 0x5A, 0x8D, 0x47, 0x9B, 0x4F, 0xB6,
    0x1E, 0x75, 0xE8, 0x70, 0xD8, 0x16, 0x5B, 0x3D, 0x79, 0x72, 0xF2, 0xFB, 0xAD, 0x4D, 0x98, 0x45,
    0x8F, 0x8A, 0x09, 0x88, 0x15, 0x91, 0x5E, 0xA6, 0x4E, 0xB1, 0x55, 0xED, 0x7A, 0x75, 0xA4, 0xF8,
    0x77, 0xA1, 0xF8, 0xE5, 0x42, 0x21, 0x33, 0xC5, 0x04, 0x85, 0x0B, 0xBD, 0xB9, 0x68, 0xBF, 0x75,
    0x78, 0x78, 0x6E, 0x1A, 0xD6, 0xAD, 0xC8, 0xF4, 0xD9, 0x3E, 0x37, 0x25, 0xAE, 0x62, 0xC8, 0x86,
    0x5B, 0x0D, 0xA1, 0x5F, 0xD4, 0x23, 0x60, 0xBA, 0x4B, 0xD2, 0xF8, 0x7F, 0xC2, 0x0F, 0xF2, 0x9F,
    0x8F, 0xA9, 0xF4, 0xB1, 0x34, 0x1C, 0x9F, 0xAB, 0xE5, 0xFF, 0x0F, 0xCD, 0xD8, 0x01, 0xA4, 0x25,
    0xE7, 0x19, 0xC6, 0xF1, 0xDF, 0xCC, 0x64, 0xEF, 0x69, 0x72, 0xF0, 0xC1, 0x2E, 0x6D, 0xA2, 0x3D,
    0x41, 0x91, 0x04, 0x99, 0xA2, 0x50, 0xAA, 0x33, 0xAD, 0x02, 0xE0, 0xA2, 0x01, 0xA0, 0x00, 0x29,
    0x04, 0xA0, 0x68, 0x33, 0xD3, 0x02, 0x40, 0x17, 0x0A, 0xC0, 0x22, 0x88, 0x2D, 0x40, 0x11, 0xC8,
    0xCE, 0x17, 0x45, 0x00, 0x86, 0x02, 0x0A, 0x43, 0x53, 0x45, 0x91, 0xC1, 0xD0, 0x93, 0x66, 0xE6,
    0xBC, 0xBD, 0xC7, 0x75, 0x7B, 0x25, 0x28, 0x59, 0x7B, 0xED, 0xBE, 0xC7, 0xFB, 0x7C, 0x9F, 0x63,
    0x38, 0xEF, 0xFF, 0x39, 0x0F, 0xBE, 0xF9, 0xD0, 0xA2, 0x9A, 0x50, 0xCF, 0x14, 0x31, 0x51, 0x6D,
    0x28, 0x7A, 0x80, 0xE2, 0x71, 0x4B, 0x1D, 0x47, 0x45, 0x44, 0xA8, 0xE2, 0x4F, 0x91, 0xF7, 0x47,
    0xDD, 0x94, 0x66, 0xA9, 0x4F, 0xA3, 0x52, 0x9A, 0x90, 0x66, 0xEC, 0x37, 0x54, 0xF1, 0x19, 0x45,
    0xC4, 0x48, 0x17, 0x1B, 0x17, 0x11, 0xED, 0x59, 0x47, 0x34, 0xD7, 0x8F, 0x5E, 0xB0, 0x9F, 0x53,
    0x7B, 0x25, 0xCD, 0x28, 0x4D, 0xCD, 0x17, 0xBA, 0x9C, 0x22, 0xA2, 0x2D, 0x23, 0x36, 0xEA, 0x98,
    0xF0, 0x0B, 0x40, 0xD1, 0xB3, 0x9B, 0xA8, 0x67, 0x86, 0x9E, 0x0D, 0x97, 0x6E, 0xEB, 0xBD, 0x47,
    0x76, 0x71, 0x72, 0x88, 0xC8, 0xCD, 0x58, 0xE7, 0xA6, 0xDD, 0x69, 0x5A, 0x9A, 0x4C, 0xFD, 0x05,
    0x29, 0x16, 0x65, 0x04, 0xAF, 0x45, 0xA6, 0x1B, 0x49, 0xD3, 0x4B, 0xF6, 0x53, 0x2D, 0x8D, 0xDD,
    0x7F, 0x86, 0x7C, 0x88, 0x50, 0xC6, 0x91, 0x7B, 0xF0, 0x2E, 0xCA, 0xE8, 0x49, 0x31, 0xD3, 0xFC,
    0x7E, 0xE5, 0xDB, 0xDE, 0x78, 0x51, 0xAC, 0x68, 0x32, 0x31, 0xAB, 0x62, 0x3D, 0x0F, 0xEF, 0xC2,
    0xCB, 0x77, 0x63, 0xC3, 0x73, 0x03, 0xFD, 0x08, 0x16, 0x94, 0xD1, 0xE2, 0xBD, 0x8C, 0xFD, 0x88,
    0x43, 0x76, 0xFD, 0x5D, 0x75, 0x7C, 0xD6, 0xC0, 0x07, 0xBC, 0x8D, 0x6E, 0xE2, 0xB5, 0x85, 0xE2,
    0x48, 0xB5, 0x30, 0x4C, 0x9C, 0x5A, 0xE0, 0xBE, 0xFB, 0xAE, 0xD3, 0x90, 0x62, 0xA6, 0x8A, 0x8C,
    0x27, 0x5E, 0x90, 0x5C, 0xEC, 0xDA, 0xEF, 0xDA, 0xCD, 0xDB, 0x35, 0xCE, 0x30, 0x51, 0xF7, 0x77,
    0x92, 0x8B, 0x77, 0xAE, 0xAA, 0x8D, 0x88, 0xC8, 0xB7, 0x62, 0xB7, 0x70, 0xD7, 0x52, 0x65, 0xEC,
    0x32, 0xD2, 0x11, 0x17, 0x27, 0x68, 0xE0, 0x09, 0x0E, 0x2B, 0xEA, 0x11, 0xA0, 0xFB, 0x6A, 0xBF,
    0x35, 0x3C, 0xD6, 0x44, 0xB8, 0x69, 0x9D, 0xA7, 0xEB, 0x1F, 0xE3, 0x23, 0x8A, 0xE8, 0x79, 0x6F,
    0x64, 0x37, 0x91, 0x46, 0x65, 0xF4, 0xAA, 0x2F, 0x00, 0x0F, 0xF5, 0xCA, 0xED, 0xB5, 0x89, 0x2E,
    0x7A, 0x0E, 0x27, 0x54, 0x0B, 0x78, 0x8E, 0xF6, 0xD9, 0x8D, 0xA4, 0x85, 0x74, 0xA4, 0x5C, 0x74,
    0xD5, 0xAC, 0x4B, 0xBD, 0xEE, 0xDE, 0x33, 0x74, 0xE8, 0xE9, 0xF9, 0x22, 0xF2, 0xB5, 0x18, 0x22,
    0x3F, 0x05, 0xDF, 0x37, 0xF9, 0xC7, 0xEF, 0x0D, 0x97, 0x52, 0xAC, 0xE7, 0xF6, 0x4A, 0x7C, 0xF8,
    0xFF, 0x99, 0x8A, 0xF6, 0x1E, 0x69, 0xAB, 0x69, 0xE2, 0xC4, 0x6F, 0xEB, 0x95, 0xFB, 0x2E, 0x81,
    0x07, 0x78, 0xA7, 0xE9, 0x79, 0xF2, 0x4C, 0xE4, 0xD4, 0xE4, 0x6B, 0x29, 0xB6, 0xC3, 0xAC, 0x5A,
    0xD3, 0x2A, 0x1D, 0x77, 0xF1, 0xC7, 0x61, 0x2E, 0xCE, 0x3E, 0xEA, 0x22, 0xD8, 0xC5, 0x67, 0x80,
    0xF7, 0xCB, 0x87, 0x45, 0x7C, 0x3A, 0x56, 0x5F, 0x46, 0xAE, 0x3E, 0x89, 0xB6, 0x68, 0xEF, 0x03,
    0x78, 0x97, 0x77, 0x07, 0x86, 0x6F, 0xD0, 0xD1, 0xF5, 0x45, 0x34, 0xE3, 0x2E, 0xEA, 0xD3, 0x10,
    0x29, 0xB6, 0xA1, 0x8C, 0x69, 0x70, 0x0F, 0x6F, 0x3D, 0x7E, 0x4C, 0x13, 0x71, 0x6D, 0x01, 0xBC,
    0x00, 0xF4, 0x65, 0x44, 0x7F, 0xD5, 0xB9, 0x78, 0xFC, 0xB8, 0xC7, 0xDD, 0x90, 0xBF, 0xED, 0x47,
    0xD4, 0xED, 0xC7, 0xA4, 0x58, 0xD9, 0xC5, 0x8C, 0xA1, 0x7F, 0x01, 0xF0, 0xA1, 0x1A, 0xAF, 0x3E,
    0x73, 0xCA, 0xE5, 0xD6, 0xF5, 0x22, 0xA8, 0x57, 0x8A, 0xF6, 0xD9, 0xDB, 0xE0, 0x4D, 0x14, 0x91,
    0xA9, 0xFE, 0x39, 0xB1, 0xEB, 0x67, 0xAA, 0x7C, 0x96, 0x2F, 0x47, 0x0F, 0x44, 0x7F, 0x65, 0xC3,
    0xFD, 0xE7, 0x66, 0x83, 0xB4, 0xD0, 0xAC, 0xFC, 0xFA, 0x6D, 0xFE, 0xFC, 0x3D, 0x7E, 0xF3, 0x13,
    0xEA, 0x95, 0xDD, 0x74, 0x37, 0xA9, 0x00, 0x7E, 0x28, 0xF3, 0x71, 0x35, 0x2B, 0x23, 0x2D, 0xF6,
    0xC7, 0x66, 0x74, 0xC8, 0x4F, 0x78, 0xD9, 0x0F, 0x5E, 0x90, 0x7C, 0x78, 0x43, 0x3E, 0x4F, 0x58,
    0xC5, 0xE1, 0x98, 0x8E, 0xDD, 0x78, 0xE8, 0x37, 0xDF, 0xF2, 0xFA, 0x9D, 0x98, 0xF2, 0x7C, 0x60,
    0x17, 0x1C, 0x32, 0x9A, 0x16, 0x0D, 0x34, 0x2F, 0xA1, 0x09, 0x1C, 0x36, 0x94, 0x8F, 0x9C, 0x31,
    0x0D, 0x0C, 0x4F, 0x27, 0xE1, 0xCC, 0xEC, 0x0C, 0xED, 0x4C, 0xED, 0x8C, 0xAD, 0x8C, 0x29, 0xB8,
    0xB7, 0xFB, 0xDA, 0x04, 0x3F, 0x47, 0x1D, 0x48, 0x27, 0x14, 0x1F, 0xB8, 0x1E, 0x01, 0x48, 0x1B,
    0xA0, 0x8B, 0x16, 0xCE, 0x70, 0x13, 0xF0, 0xB0, 0xE8, 0xDD, 0x96, 0x07, 0x37, 0x4B, 0x93, 0xC1,
    0xA0, 0xCE, 0x20, 0x1C, 0x46, 0x28, 0x36, 0x69, 0x56, 0x5C, 0x2A, 0x57, 0xFB, 0xD9, 0xEE, 0xA8,
    0x5A, 0xED, 0x16, 0xFB, 0xD5, 0x79, 0x7F, 0x94, 0x36, 0xFB, 0x59, 0xB9, 0x3A, 0x9C, 0x9C, 0x9F,
    0xDC, 0x34, 0x21, 0x4D, 0x9C, 0x74, 0x5D, 0x7F, 0x18, 0x09, 0x43, 0x93, 0x9B, 0x4C, 0xD7, 0x6E,
    0x87, 0xB1, 0xE9, 0x69, 0x7E, 0xB7, 0xA6, 0xA9, 0x6B, 0x69, 0xFE, 0x72, 0xDC, 0xCF, 0x03, 0x0E,
    0x9F, 0xCE, 0xD5, 0x72, 0x42, 0xFA, 0xDB, 0x54, 0x6E, 0x1B, 0xD2, 0xE7, 0x63, 0x71, 0x5A, 0xB1,
    0x8F, 0x2C, 0x8E, 0xA8, 0xA2, 0xD7, 0x2D, 0xA8, 0x82, 0x66, 0x46, 0x79, 0xA2, 0x9E, 0x61, 0x23,
    0x8D, 0xB0, 0xB2, 0xCF, 0x6E, 0xAB, 0xDC, 0xC0, 0x3E, 0x5A, 0xA8, 0x63, 0x84, 0x27, 0xD5, 0x02,
    0xAF, 0xFB, 0xA5, 0xAF, 0xD5, 0x5B, 0x70, 0xF1, 0xB0, 0xE9, 0x91, 0xA6, 0x3A, 0x23, 0x8D, 0x29,
    0xFB, 0x40, 0x9D, 0xD3, 0x64, 0xD5, 0xF4, 0xFB, 0xB9, 0xDC, 0x34, 0xCE, 0x69, 0x37, 0xA8, 0x96,
    0x7D, 0xB4, 0x27, 0xE5, 0x9A, 0x3E, 0xCF, 0x2B, 0xEB, 0xE1, 0x0F, 0x9F, 0xAC, 0x6C, 0xCD, 0xFE,
    0xEF, 0x47, 0x86, 0xF7, 0xAB, 0x7F, 0xCF, 0x34, 0x5B, 0x19, 0xE7, 0x65, 0x2D, 0x62, 0xE2, 0xB0,
    0x88, 0x4C, 0x9A, 0x75, 0xE7, 0x65, 0xD2, 0xF4, 0xEC, 0xB2, 0x1A, 0x5E, 0x6D, 0x61, 0x98, 0x50,
    0xC5, 0x8A, 0x34, 0x0D, 0xDC, 0xBE, 0x7B, 0xF1, 0xA0, 0xE5, 0x5E, 0xDB, 0x8C, 0x34, 0xF9, 0x30,
    0x33, 0xB4, 0xFB, 0xA3, 0x22, 0x54, 0x9B, 0x6A, 0x55, 0x84, 0xFD, 0xC2, 0xD0, 0xA7, 0x99, 0x66,
    0x6C, 0x32, 0x69, 0xEE, 0x5A, 0x76, 0x6B, 0xA0, 0x8C, 0x15, 0xE2, 0x08, 0xDD, 0x0C, 0xF5, 0x08,
    0x87, 0xFC, 0xF4, 0x0A, 0xC5, 0x09, 0xBB, 0xE8, 0x39, 0xC4, 0x44, 0xF7, 0xB3, 0x23, 0xDF, 0xF7,
    0xBA, 0xDB, 0xFA, 0x15, 0xC5, 0x87, 0x5D, 0xAF, 0x5A, 0x9B, 0x6C, 0xBF, 0xD4, 0xA3, 0x34, 0xA7,
    0xD9, 0x61, 0xDA, 0x2F, 0xEA, 0x5C, 0x1D, 0x35, 0x7D, 0xB9, 0xEA, 0xDA, 0xE2, 0x24, 0x08, 0x27,
    0xBA, 0x9F, 0xAE, 0xCE, 0x11, 0xA1, 0xFE, 0xEB, 0x42, 0xFA, 0xD7, 0xCC, 0x3E, 0x46, 0xAA, 0xC8,
    0x94, 0xD1, 0x53, 0x04, 0x04, 0x6C, 0x28, 0x56, 0x54, 0x47, 0xEC, 0x16, 0xEC, 0x67, 0xA4, 0x11,
    0xAF, 0xF6, 0xB8, 0x68, 0xBF, 0x83, 0xC3, 0x34, 0xB4, 0xD4, 0x73, 0xF4, 0xD4, 0xE7, 0xBD, 0x8B,
    0xFE, 0xCD, 0x17, 0xD7, 0xDD, 0x02, 0x52, 0x8F, 0x21, 0x5F, 0x5B, 0x2C, 0x2D, 0xB8, 0x00, 0x78,
    0x70, 0x75, 0x10, 0xBE, 0x6C, 0x22, 0x62, 0xFE, 0x9F, 0x4C, 0x18, 0x32, 0x02, 0xD5, 0x86, 0xFD,
    0x11, 0x87, 0x19, 0x4D, 0x46, 0xB4, 0x94, 0x27, 0xEC, 0x56, 0xA4, 0x19, 0xCD, 0x88, 0xE1, 0xC6,
    0xD2, 0x6A, 0x45, 0x5A, 0x50, 0x4F, 0xE8, 0xFE, 0x71, 0xF5, 0x1B, 0x11, 0x11, 0xF3, 0xAD, 0x7C,
    0xF5, 0xBA, 0x64, 0x61, 0xC8, 0x5F, 0xBF, 0x2E, 0x39, 0x1F, 0xE8, 0xFA, 0x2E, 0x62, 0x3C, 0xF7,
    0x83, 0x77, 0xBA, 0x91, 0xAE, 0x27, 0xA8, 0x56, 0xF6, 0x0B, 0x87, 0x89, 0x26, 0x13, 0x94, 0x1B,
    0xBB, 0x23, 0x69, 0xA6, 0xC9, 0x74, 0x11, 0xD3, 0x4D, 0xF3, 0xE8, 0x66, 0xA8, 0xDD, 0x76, 0xB3,
    0x2B, 0x1E, 0x3D, 0x6F, 0x07, 0x5E, 0x69, 0x69, 0x32, 0xD7, 0x79, 0xE1, 0x15, 0xB8, 0x03, 0xFA,
    0x4B, 0x97, 0x9C, 0xF6, 0x33, 0x4D, 0x64, 0x52, 0xA0, 0x3C, 0x3E, 0x6F, 0xFA, 0x9B, 0xBB, 0x80,
    0xE5, 0xA4, 0xB8, 0xBD, 0x0B, 0x78, 0xE6, 0xF4, 0xFF, 0x05, 0xED, 0x98, 0x01, 0xA4, 0x27, 0x59,
    0x76, 0xC6, 0x7F, 0x55, 0x35, 0xFD, 0x6A, 0xA7, 0x2B, 0x54, 0xD0, 0xC3, 0xEC, 0x4C, 0xA2, 0x06,
    0x83, 0x31, 0x6C, 0x6A, 0x10, 0x04, 0x19, 0xB7, 0x26, 0x4B, 0x82, 0x81, 0xC6, 0xBC, 0x34, 0x59,
    0x6C, 0x10, 0x64, 0x02, 0x1D, 0x2C, 0x82, 0xCD, 0x56, 0xD9, 0x60, 0x10, 0xE4, 0x85, 0x04, 0x80,
    0xC6, 0x20, 0x79, 0x83, 0x0D, 0x16, 0xBB, 0xEC, 0xBC, 0x7B, 0x93, 0xC5, 0x22, 0x48, 0x25, 0x23,
    0x09, 0x82, 0x2D, 0x9B, 0x59, 0x62, 0x83, 0x5C, 0x94, 0xA8, 0x4E, 0xAA, 0xEA, 0xA4, 0xCE, 0xBD,
    0xF5, 0x2F, 0xAF, 0x7B, 0x67, 0x48, 0xEF, 0x74, 0x8F, 0x27, 0x72, 0xFC, 0xEF, 0x77, 0xBE, 0x7A,
    0xAF, 0xAA, 0xEA, 0xD6, 0x77, 0xEF, 0x3D, 0xE7, 0x9E, 0xE2, 0xB0, 0x6C, 0x0C, 0xE8, 0x15, 0xF3,
    0x0D, 0x5F, 0x7A, 0xBF, 0x1A, 0xC8, 0x45, 0xC4, 0x51, 0x8B, 0xAC, 0x20, 0x9B, 0x91, 0xC9, 0x45,
    0x2A, 0xAE, 0x58, 0xA0, 0x1D, 0xCA, 0x11, 0x4A, 0x5F, 0x0F, 0x50, 0x4C, 0xC6, 0x41, 0x36, 0x9B,
    0x0E, 0xD2, 0xB9, 0x6D, 0x20, 0x59, 0x14, 0x39, 0x50, 0xFF, 0x62, 0x22, 0x3A, 0x3D, 0x27, 0x9E,
    0x5F, 0xE9, 0xB5, 0x63, 0x39, 0x41, 0xED, 0xF3, 0x15, 0x6C, 0x9F, 0xCA, 0xC7, 0x2F, 0x4B, 0x87,
    0x0D, 0x4F, 0xAC, 0x44, 0x46, 0x48, 0x44, 0x1A, 0x20, 0x51, 0x00, 0xEE, 0x02, 0xA9, 0x3F, 0x75,
    0x35, 0x1F, 0x38, 0x5B, 0xEF, 0x3B, 0xBD, 0xA0, 0xC9, 0xF4, 0xA2, 0x72, 0xBD, 0x27, 0x4D, 0xE5,
    0x69, 0x9D, 0x71, 0x54, 0x7D, 0xDB, 0x50, 0x7A, 0x0B, 0x85, 0x42, 0x7E, 0x0D, 0x5A, 0xFD, 0x9B,
    0xE9, 0x28, 0x87, 0xBA, 0xC7, 0xB8, 0x72, 0x4A, 0xA4, 0xCB, 0x45, 0x84, 0x44, 0x44, 0xFB, 0x23,
    0x3D, 0xF0, 0x0E, 0xD7, 0xED, 0xC3, 0x80, 0x4B, 0xC0, 0xF9, 0x05, 0xE0, 0xDE, 0x64, 0x3A, 0xB0,
    0x3E, 0x60, 0xA7, 0x78, 0xC5, 0xD3, 0xC1, 0x15, 0xE3, 0x76, 0x4C, 0x16, 0x2A, 0x4F, 0x36, 0x53,
    0x6E, 0xBF, 0x89, 0x5C, 0xFE, 0xDC, 0x7A, 0x92, 0x30, 0x2E, 0xB4, 0x22, 0x40, 0x2E, 0x1F, 0x13,
    0xED, 0x10, 0x28, 0x19, 0x39, 0x54, 0x7A, 0x17, 0xEE, 0xF7, 0x16, 0x6C, 0xA3, 0xC0, 0x93, 0x82,
    0xD0, 0x76, 0x89, 0x60, 0xFA, 0x5C, 0xA8, 0x57, 0x2B, 0x94, 0xB2, 0x58, 0x52, 0x19, 0x2C, 0xDC,
    0xE2, 0x64, 0x29, 0x67, 0xEC, 0x56, 0x8C, 0x6D, 0xB7, 0xD3, 0x54, 0x56, 0x4E, 0xD6, 0x8E, 0x07,
    0xAD, 0x1C, 0xD7, 0xED, 0x85, 0x73, 0xD5, 0xF9, 0x7C, 0x33, 0xAC, 0xC8, 0x40, 0x2A, 0x9B, 0x29,
    0x5D, 0x39, 0xA8, 0xB8, 0x9D, 0x92, 0x48, 0x78, 0xAD, 0x05, 0x0B, 0xD5, 0x04, 0x14, 0x93, 0xD2,
    0x6C, 0x06, 0x2A, 0xAF, 0x34, 0x59, 0x01, 0xE3, 0x94, 0x22, 0xDA, 0x1A, 0xA5, 0xDA, 0xD2, 0x35,
    0x38, 0x5A, 0xC8, 0xE7, 0x9D, 0xEA, 0x04, 0x39, 0xA8, 0xE9, 0x0F, 0x6A, 0xBB, 0x48, 0xF5, 0x89,
    0x44, 0x2A, 0x64, 0xF3, 0x4E, 0x57, 0xCA, 0x31, 0xD2, 0x74, 0xA1, 0x1E, 0x22, 0xCD, 0x67, 0x5A,
    0x17, 0x69, 0x3D, 0x22, 0x28, 0x3D, 0xFF, 0x8A, 0x0C, 0x99, 0x6C, 0xEF, 0xD6, 0x58, 0x11, 0xE9,
    0x0A, 0x51, 0xDC, 0xE8, 0xC2, 0x41, 0x2F, 0x76, 0xCA, 0x63, 0xF6, 0x8B, 0x7C, 0x6D, 0xD7, 0xA6,
    0xFE, 0xC1, 0x18, 0xA5, 0xA1, 0x90, 0x3E, 0x2A, 0x43, 0x2A, 0x5D, 0x14, 0x06, 0xAE, 0x38, 0x74,
    0xE1, 0x90, 0x85, 0x5D, 0x95, 0xCB, 0xCB, 0xCB, 0x28, 0x4A, 0x22, 0x22, 0x8D, 0x05, 0xE4, 0x60,
    0x76, 0x53, 0x5D, 0x4E, 0x8A, 0x24, 0x4B, 0x64, 0x0D, 0xD9, 0x74, 0x4D, 0x9A, 0x9D, 0xD5, 0x6E,
    0x57, 0x43, 0x0F, 0x76, 0x65, 0xD7, 0x93, 0x16, 0xD9, 0x7C, 0x92, 0xA2, 0xF0, 0x27, 0x25, 0xAA,
    0xFE, 0x24, 0x84, 0xE9, 0x76, 0x1D, 0x10, 0x20, 0xC8, 0x90, 0x1C, 0x2A, 0x9C, 0xD8, 0x45, 0x64,
    0x5C, 0xB3, 0xB3, 0x07, 0x0C, 0x79, 0x07, 0x14, 0x3E, 0x59, 0xEA, 0x48, 0x68, 0x57, 0x22, 0xA9,
    0xE6, 0x9D, 0xE4, 0xC3, 0x4E, 0xD4, 0x0E, 0xF2, 0xF2, 0xC3, 0xC2, 0xDF, 0xBE, 0xBC, 0x7C, 0x1F,
    0x91, 0xBF, 0xF5, 0xA5, 0xC8, 0x94, 0x89, 0x48, 0x20, 0xE5, 0x72, 0x26, 0xFE, 0xD6, 0xF9, 0x57,
    0xC7, 0x7A, 0xA0, 0xF5, 0x50, 0x0D, 0xC6, 0x51, 0x7B, 0x30, 0xEE, 0x98, 0x0C, 0x21, 0x62, 0x90,
    0x2C, 0x3B, 0xC9, 0xA6, 0x9D, 0x94, 0x7E, 0x27, 0xB5, 0xA3, 0x45, 0x0F, 0x75, 0xD2, 0x74, 0x54,
    0x9E, 0x15, 0x4C, 0x8F, 0xF1, 0xAA, 0x45, 0x39, 0x22, 0x5E, 0x3B, 0x92, 0xCB, 0xB7, 0xE2, 0x43,
    0x13, 0x91, 0x7F, 0x57, 0x32, 0x53, 0xCB, 0xDB, 0x91, 0x70, 0x77, 0x9F, 0xFE, 0x11, 0x75, 0xF6,
    0xA3, 0x66, 0x44, 0xBA, 0x4F, 0x67, 0xFA, 0xE4, 0x1B, 0xC2, 0x7A, 0x4C, 0x64, 0xD9, 0x88, 0xED,
    0xB0, 0xE7, 0xE7, 0xEF, 0x64, 0xEB, 0xAF, 0x0B, 0x58, 0x91, 0x39, 0x11, 0x59, 0x23, 0xA3, 0x95,
    0x69, 0x67, 0x3A, 0x7B, 0x77, 0x3B, 0x42, 0xEB, 0xEF, 0x2A, 0x24, 0xAB, 0xAA, 0x90, 0x8A, 0x0D,
    0x5C, 0x91, 0xDF, 0x09, 0xC8, 0x4F, 0xE1, 0x5F, 0x04, 0x5C, 0x9E, 0x16, 0x6A, 0xAF, 0x37, 0x14,
    0x99, 0x1F, 0x45, 0x80, 0x88, 0xC9, 0xAC, 0x98, 0x29, 0xEE, 0x2B, 0x4B, 0xBC, 0x62, 0xEB, 0x14,
    0xEF, 0x00, 0x2F, 0xF1, 0x7B, 0xD8, 0xCE, 0x62, 0x9D, 0xA5, 0xDD, 0xFC, 0x17, 0xB1, 0x70, 0xAD,
    0xBD, 0x8E, 0xC5, 0x7C, 0xE6, 0x06, 0xED, 0xDE, 0x04, 0xF2, 0x15, 0xCC, 0x0C, 0xD5, 0x00, 0xCF,
    0xC7, 0x5E, 0xA8, 0x82, 0xDB, 0xCB, 0x9C, 0x56, 0xB3, 0xC8, 0x6C, 0x1D, 0x07, 0x1D, 0x38, 0xE8,
    0x18, 0x28, 0xAC, 0xD8, 0x99, 0x83, 0xCA, 0x41, 0x3F, 0xB4, 0xDD, 0x41, 0x4D, 0x7F, 0xA2, 0x57,
    0xA5, 0x3F, 0x68, 0x3E, 0x1F, 0x34, 0x5D, 0x8F, 0x3B, 0x20, 0xCD, 0x41, 0x8D, 0x3B, 0x68, 0xE5,
    0x0F, 0x5A, 0x4C, 0xE6, 0x44, 0xB3, 0xE5, 0xA0, 0xC8, 0x41, 0x69, 0x85, 0x7C, 0x5F, 0x77, 0xB5,
    0x50, 0xB9, 0x6C, 0x56, 0x5A, 0x0A, 0xF5, 0x58, 0xC5, 0x38, 0x2F, 0x94, 0x22, 0x31, 0xCE, 0x0B,
    0x99, 0xC8, 0x11, 0x97, 0xEC, 0xCA, 0xC9, 0x92, 0x86, 0xDD, 0xD2, 0x8B, 0xE8, 0x4B, 0x1F, 0x25,
    0x2A, 0xC7, 0xA8, 0x4F, 0xE9, 0xA3, 0x38, 0x69, 0xB7, 0x2B, 0xC3, 0x2E, 0xCB, 0xA1, 0x49, 0x14,
    0xE4, 0xEC, 0x22, 0xAA, 0x51, 0x0C, 0x2A, 0x85, 0xFA, 0xA0, 0x83, 0xFA, 0x7C, 0x8E, 0x3E, 0x5D,
    0x83, 0x8F, 0xAF, 0xAF, 0xDE, 0xB8, 0xE8, 0x2B, 0x1F, 0xBD, 0xBE, 0xB5, 0xFA, 0x6C, 0x89, 0x1E,
    0xD9, 0x7D, 0x2B, 0xD1, 0xD7, 0xBB, 0x2F, 0x77, 0x9F, 0xED, 0x3E, 0xD9, 0x3D, 0x76, 0xF3, 0xA8,
    0x1D, 0xBE, 0xDC, 0x7D, 0xD5, 0x47, 0x6F, 0x9D, 0x22, 0xB9, 0x34, 0x10, 0xD3, 0x63, 0xB4, 0xFD,
    0xF5, 0x5F, 0x8F, 0xCE, 0x76, 0x8A, 0x88, 0xBB, 0x7E, 0xF4, 0x45, 0x3E, 0xD1, 0xDE, 0x4D, 0xD6,
    0x46, 0x67, 0x6E, 0x25, 0x03, 0x2D, 0xD6, 0xCA, 0xA8, 0xEE, 0xE1, 0x57, 0x66, 0x75, 0x2E, 0x5D,
    0xD4, 0x35, 0x04, 0x07, 0xEB, 0xD3, 0x76, 0xC1, 0x76, 0x67, 0xA3, 0x13, 0x20, 0x4E, 0x7C, 0xE2,
    0xDC, 0x27, 0x4E, 0x7F, 0xC2, 0x0A, 0x20, 0x6D, 0x52, 0x20, 0x1F, 0xEF, 0x3B, 0x48, 0x64, 0x05,
    0x68, 0x27, 0xC5, 0xA2, 0xE7, 0xB0, 0x5B, 0x8D, 0x62, 0xE5, 0x15, 0x4D, 0xC4, 0x89, 0x7D, 0xD0,
    0x61, 0x59, 0x80, 0x64, 0x16, 0x20, 0x9B, 0x5A, 0xC5, 0xD1, 0x74, 0x61, 0x9F, 0xE8, 0x54, 0xF1,
    0xAA, 0x57, 0xBD, 0x55, 0xF9, 0xDA, 0x15, 0x1E, 0x4C, 0x93, 0x8F, 0xD0, 0x9E, 0xDF, 0x9B, 0x41,
    0x44, 0x66, 0x12, 0x39, 0xF6, 0x2C, 0x64, 0x13, 0xD8, 0x26, 0x0F, 0x69, 0xA5, 0xF4, 0x7A, 0x49,
    0xA9, 0x97, 0x0F, 0xB5, 0xDE, 0xCA, 0x87, 0xDB, 0x8E, 0x04, 0x7B, 0x8D, 0xBF, 0x02, 0xF3, 0x9E,
    0x87, 0x52, 0x1C, 0x64, 0x72, 0x44, 0x9E, 0xC3, 0x5E, 0x9E, 0xCE, 0x2E, 0x10, 0xF9, 0x93, 0x21,
    0x13, 0xF9, 0x8F, 0xA1, 0x5C, 0xB7, 0x5C, 0x5A, 0x0F, 0xD8, 0x90, 0xB8, 0x06, 0x4D, 0x5A, 0x83,
    0x25, 0x42, 0x71, 0x40, 0x39, 0xB4, 0x0A, 0x9A, 0x9C, 0x06, 0x4D, 0x4C, 0x43, 0x35, 0x25, 0x32,
    0x14, 0x22, 0x32, 0xA4, 0x22, 0x7F, 0x37, 0xD0, 0xAE, 0xE5, 0x40, 0xD2, 0xC0, 0x1D, 0xEE, 0x98,
    0x6F, 0xCE, 0xA5, 0xF8, 0x4C, 0x1C, 0x57, 0xFB, 0x8E, 0xCC, 0xCA, 0x1A, 0x7F, 0x08, 0x4F, 0xF4,
    0x7B, 0x41, 0xAE, 0x5D, 0x0B, 0x5F, 0x4B, 0xFA, 0xB6, 0xEC, 0x6B, 0xE9, 0x8A, 0x95, 0x74, 0x22,
    0x5A, 0xF2, 0x3E, 0xE9, 0xFC, 0xC4, 0x3F, 0x92, 0x26, 0x69, 0x74, 0x68, 0x54, 0x43, 0x44, 0x8E,
    0x79, 0x70, 0xAC, 0x0A, 0xD0, 0xBA, 0x05, 0xC8, 0x45, 0x7A, 0xA8, 0x45, 0xA6, 0x1B, 0x53, 0xB7,
    0xC0, 0xAF, 0x24, 0x03, 0x98, 0xB7, 0x37, 0xA8, 0xC4, 0x41, 0x2E, 0x40, 0x32, 0x71, 0xDD, 0xCE,
    0xD6, 0x06, 0xAC, 0x78, 0x32, 0x91, 0xE5, 0xE9, 0xD7, 0x32, 0x5F, 0xE0, 0x45, 0x30, 0x7F, 0xBA,
    0x40, 0x21, 0x23, 0xA4, 0xE1, 0x1F, 0xDF, 0x40, 0x6D, 0xCF, 0x1F, 0xA1, 0x04, 0x79, 0x2A, 0xB0,
    0x1A, 0x17, 0x21, 0x59, 0x42, 0xFD, 0x12, 0xCA, 0x97, 0x50, 0xBD, 0xC4, 0xE2, 0xA5, 0x15, 0x79,
    0xAC, 0x74, 0x49, 0xFA, 0xBC, 0xD9, 0x74, 0xEE, 0x68, 0x57, 0xA8, 0xA7, 0x47, 0x86, 0xF5, 0xDD,
    0xED, 0x67, 0xC1, 0x3E, 0x41, 0x13, 0xAD, 0x5B, 0xB4, 0x6C, 0xD1, 0xAA, 0x45, 0x8B, 0x96, 0x50,
    0xB3, 0xDC, 0x02, 0xE8, 0x12, 0x1D, 0xF0, 0x45, 0x87, 0x11, 0x2B, 0x1D, 0x50, 0x2D, 0x7B, 0xDD,
    0x7B, 0xD8, 0xAD, 0x3F, 0x03, 0x15, 0x30, 0x0C, 0x97, 0x2C, 0xD0, 0xC6, 0x8D, 0xEB, 0x90, 0x8A,
    0xCB, 0xB5, 0x83, 0x8D, 0x8E, 0xFF, 0xAD, 0x3D, 0x04, 0x19, 0x17, 0xB0, 0x53, 0x6C, 0x9B, 0x47,
    0xB0, 0x95, 0x39, 0xA2, 0xE9, 0x02, 0x3A, 0x5E, 0xFF, 0x60, 0xAE, 0xFB, 0x30, 0x8F, 0xFC, 0x86,
    0x53, 0x31, 0x43, 0xE9, 0x33, 0x69, 0x30, 0x43, 0x22, 0x0F, 0xCF, 0xA2, 0x38, 0x02, 0x85, 0xC8,
    0x74, 0xF4, 0x30, 0xB9, 0xCB, 0x6E, 0x5F, 0xE2, 0xDB, 0x50, 0xBF, 0x37, 0xC6, 0x6A, 0x80, 0x54,
    0x9A, 0x53, 0x71, 0x7A, 0xD8, 0xED, 0x87, 0xE9, 0x03, 0xAC, 0x7C, 0xE4, 0x33, 0x91, 0xFF, 0xF6,
    0xE5, 0xFA, 0x9B, 0xE2, 0x6B, 0x8F, 0xD1, 0x40, 0x56, 0xFA, 0xB6, 0xB9, 0x36, 0x85, 0xB2, 0x6B,
    0xD0, 0x42, 0x1E, 0xE6, 0x91, 0xAF, 0x7B, 0x6A, 0x5F, 0x4E, 0x88, 0xCF, 0x45, 0x44, 0x47, 0xEC,
    0x5F, 0x3D, 0xB5, 0x7C, 0xD9, 0xC3, 0xDD, 0x20, 0x52, 0xA1, 0x50, 0x0E, 0x49, 0x87, 0x71, 0xD9,
    0xFA, 0x5B, 0xD2, 0xE5, 0xFB, 0x7E, 0x6F, 0x84, 0xB3, 0xBF, 0xBC, 0x61, 0xEB, 0x30, 0xEA, 0xB7,
    0x00, 0x7B, 0x08, 0xCA, 0x7C, 0xC0, 0xB1, 0x01, 0x52, 0x09, 0x07, 0x32, 0x84, 0x4E, 0x37, 0xCF,
    0x74, 0x0D, 0xB6, 0x9C, 0x46, 0x2A, 0xE6, 0x9B, 0x9F, 0x8F, 0xA9, 0x67, 0xCF, 0x42, 0xB7, 0xBB,
    0xFF, 0x2F, 0x85, 0x77, 0xAA, 0x3A, 0x44, 0x53, 0x19, 0x0E, 0xB6, 0x1E, 0x4C, 0x1C, 0xF0, 0x7F,
    0xAA, 0xEC, 0x7D, 0x0E, 0xB5, 0xAF, 0x2B, 0x64, 0xAB, 0x62, 0x1D, 0xB0, 0xBD, 0x50, 0x7C, 0x55,
    0x81, 0xB3, 0x4E, 0xD1, 0x8C, 0x8A, 0xDF, 0xFD, 0x9E, 0xA2, 0x7F, 0x33, 0xE0, 0xAF, 0x2A, 0x5E,
    0xCD, 0x8A, 0xB5, 0xBF, 0x79, 0x3B, 0x1C, 0x9E, 0x57, 0x30, 0x0A, 0x21, 0xF1, 0xAD, 0xA7, 0x94,
    0x9D, 0x72, 0xB2, 0x34, 0xFC, 0x4D, 0x3A, 0x28, 0x33, 0x77, 0x82, 0xF7, 0xDC, 0x69, 0x47, 0xFB,
    0xDD, 0xCF, 0x71, 0x3B, 0x14, 0x6D, 0x27, 0xB9, 0x8B, 0xBE, 0x1D, 0x14, 0xF7, 0x8C, 0x09, 0xF9,
    0x43, 0xE2, 0x71, 0xC3, 0x61, 0x7B, 0x15, 0x7F, 0x57, 0xBD, 0x48, 0x5C, 0x9A, 0xBB, 0x0F, 0x8F,
    0x01, 0xCA, 0x99, 0x60, 0x66, 0xF7, 0x36, 0xFA, 0x64, 0x8D, 0x3E, 0xFB, 0xCF, 0xE8, 0x8B, 0x1F,
    0x45, 0x5F, 0xFD, 0xCD, 0x72, 0x7E, 0x0E, 0x98, 0x5F, 0x13, 0x91, 0x06, 0xD6, 0x34, 0xF8, 0x74,
    0x4E, 0xD7, 0xCB, 0x4B, 0x1D, 0xBB, 0x74, 0x8E, 0xB5, 0x40, 0xF4, 0xB5, 0x48, 0xF0, 0xED, 0xEE,
    0x25, 0xFA, 0x7D, 0xF3, 0x44, 0xEE, 0xA3, 0x2F, 0x63, 0x58, 0xF1, 0xC6, 0x45, 0xDF, 0x12, 0x3D,
    0x87, 0x9D, 0x45, 0x57, 0x75, 0x47, 0x69, 0xB1, 0x0F, 0x90, 0x3E, 0xF3, 0x28, 0xB0, 0x1E, 0xB7,
    0xFA, 0xDF, 0xA8, 0x3F, 0x26, 0x13, 0xF9, 0xA6, 0x08, 0x95, 0xA8, 0xF5, 0xE6, 0xC7, 0xF7, 0xE5,
    0xC7, 0xF7, 0x7D, 0xD5, 0xE4, 0xD2, 0xE4, 0xD3, 0x73, 0xA4, 0x0B, 0xC9, 0x1C, 0xBA, 0xC4, 0xC2,
    0x4B, 0x1F, 0x6C, 0xAF, 0xB1, 0xE6, 0xA2, 0xB6, 0xD6, 0xD1, 0x99, 0x3E, 0x44, 0x68, 0x1B, 0x4E,
    0xE3, 0x8A, 0x64, 0x0D, 0x2E, 0x93, 0x86, 0x57, 0x2C, 0x95, 0x0C, 0xC9, 0x68, 0x7E, 0x22, 0x5F,
    0x15, 0x99, 0x2B, 0x59, 0x72, 0x91, 0x31, 0x97, 0x01, 0x2B, 0x0D, 0x77, 0x42, 0x86, 0x3C, 0xD6,
    0xD1, 0x1F, 0x2A, 0xA4, 0xA2, 0x58, 0xAD, 0x8A, 0xA6, 0x57, 0x7C, 0x8D, 0xDD, 0x1A, 0x4D, 0x50,
    0xC9, 0x48, 0x2E, 0xF2, 0xD1, 0x48, 0x1D, 0xC6, 0x27, 0x44, 0x9E, 0x4C, 0x2E, 0xCE, 0x42, 0x82,
    0x4A, 0x64, 0x28, 0x3D, 0xB9, 0x68, 0x2E, 0x2C, 0xFF, 0x45, 0x13, 0x94, 0xF9, 0x23, 0x4D, 0x50,
    0x56, 0x13, 0x54, 0x3A, 0x6B, 0x82, 0xCA, 0xFD, 0x86, 0x94, 0x3D, 0x1B, 0x37, 0x9D, 0xFE, 0x65,
    0x25, 0x99, 0xB7, 0xBD, 0xB4, 0xA6, 0xB2, 0x1F, 0xF8, 0x0D, 0x2B, 0xE9, 0x35, 0x41, 0x49, 0xA3,
    0x09, 0x4A, 0xC0, 0xF6, 0x59, 0x48, 0x50, 0x45, 0x58, 0x47, 0xD5, 0x0F, 0x45, 0x46, 0xEA, 0xB7,
    0x44, 0x1A, 0x6E, 0xFF, 0xB4, 0xA6, 0x3F, 0xA7, 0xD0, 0x02, 0x89, 0x34, 0x50, 0x2C, 0xA0, 0xCF,
    0x82, 0x5B, 0x3C, 0xB6, 0x67, 0xFC, 0x72, 0x83, 0x15, 0xE9, 0x33, 0x11, 0x71, 0x7B, 0xBE, 0x4A,
    0xC5, 0x19, 0x97, 0x4B, 0xDF, 0x36, 0xE5, 0x0F, 0xBD, 0xC5, 0xFC, 0xF1, 0x06, 0x6B, 0xEE, 0x6D,
    0x3A, 0x6F, 0x50, 0xF8, 0xDC, 0xB7, 0x95, 0x2B, 0xBC, 0x91, 0xA6, 0x1C, 0xEA, 0x45, 0x17, 0xF0,
    0x9C, 0x48, 0x57, 0x8A, 0x48, 0x4C, 0xD6, 0xAD, 0xE6, 0xAB, 0x5F, 0xE0, 0x1D, 0x1E, 0xB1, 0x5F,
    0x4E, 0x1C, 0xB0, 0xE4, 0x1E, 0x12, 0x09, 0x73, 0xD9, 0xFC, 0xF5, 0x4A, 0x08, 0x1F, 0x0D, 0xE0,
    0xCE, 0x6E, 0x74, 0xA1, 0xF5, 0x3C, 0x6F, 0x40, 0xDD, 0xCD, 0x60, 0x7E, 0x24, 0x0D, 0xC5, 0xD4,
    0xF6, 0x24, 0xB3, 0x5E, 0x78, 0x87, 0xEE, 0xF3, 0x0C, 0x2F, 0xD5, 0xA0, 0x28, 0x4B, 0x0C, 0x10,
    0x40, 0xEE, 0xEB, 0x6E, 0x43, 0x57, 0x74, 0x37, 0x56, 0xBF, 0x77, 0x80, 0x5C, 0x3A, 0x74, 0x09,
    0x82, 0xF9, 0x0D, 0x0F, 0x1F, 0x26, 0x13, 0x7C, 0x8F, 0xEF, 0x7C, 0x9E, 0xD2, 0xC5, 0x51, 0xAC,
    0x9B, 0x19, 0xF3, 0x0F, 0x42, 0x31, 0xB6, 0x2E, 0x99, 0x8B, 0x81, 0x57, 0x13, 0x17, 0x44, 0xDB,
    0xF6, 0x16, 0xB5, 0x88, 0x1C, 0xCD, 0xC1, 0x27, 0xB6, 0x9F, 0x5C, 0x3E, 0xA8, 0x45, 0xFC, 0xD1,
    0x3E, 0xED, 0xBC, 0x7F, 0x7C, 0xF4, 0x7E, 0xFB, 0xAA, 0xFC, 0x6D, 0x55, 0x74, 0x86, 0xF6, 0x23,
    0x81, 0x6A, 0xB2, 0x8E, 0xD0, 0x89, 0xC7, 0xA7, 0xD1, 0xD9, 0x0A, 0x58, 0x19, 0xC8, 0x54, 0xF2,
    0x72, 0xB9, 0xB7, 0xEA, 0xC8, 0xDB, 0xC6, 0x74, 0x98, 0xAE, 0x85, 0xCA, 0xD9, 0xCB, 0x4B, 0xEB,
    0xAC, 0x88, 0xEC, 0x00, 0xD0, 0x1E, 0x75, 0x84, 0xE9, 0xF9, 0x02, 0xE5, 0xC4, 0x37, 0xC8, 0x45,
    0xA4, 0x49, 0x44, 0x16, 0xA8, 0x65, 0x20, 0x8E, 0xC6, 0xCB, 0x03, 0xD8, 0x85, 0x54, 0xA4, 0xC9,
    0x7C, 0xE5, 0xCE, 0x5C, 0xDE, 0xC5, 0x0C, 0xA4, 0xB5, 0xBB, 0xCC, 0x47, 0x03, 0x3E, 0xB1, 0x5D,
    0x5E, 0x76, 0x56, 0xC4, 0x1D, 0xED, 0xD3, 0xCE, 0x7B, 0xEC, 0x7E, 0xF1, 0xE1, 0x85, 0x34, 0x60,
    0xA4, 0x87, 0xF6, 0x6D, 0x0F, 0x73, 0x3A, 0xC2, 0x77, 0x18, 0x3F, 0xC7, 0xD7, 0x07, 0x6E, 0xF3,
    0x46, 0x58, 0xCF, 0xE6, 0xEF, 0xAF, 0x4F, 0x05, 0x1C, 0x6A, 0x5B, 0x22, 0x4E, 0x45, 0xA6, 0x53,
    0x23, 0x9B, 0xF9, 0x4C, 0xED, 0xDE, 0xF2, 0xE8, 0xFD, 0x80, 0x17, 0xB9, 0xC0, 0x24, 0x13, 0xF6,
    0xFB, 0x2B, 0xD5, 0x68, 0x5D, 0x3A, 0x95, 0x3D, 0xAF, 0x24, 0x1D, 0x1C, 0x9F, 0x39, 0x20, 0x9D,
    0x3F, 0x73, 0x4B, 0xAE, 0x28, 0x64, 0xA8, 0x64, 0x34, 0x6F, 0xCD, 0x5F, 0xE2, 0x0F, 0x9E, 0xE6,
    0xF7, 0x99, 0x73, 0x32, 0x71, 0xA5, 0xF8, 0xFA, 0x9F, 0x27, 0xC3, 0xFC, 0x26, 0x5F, 0x3F, 0xCA,
    0x6D, 0xEC, 0x93, 0xFF, 0xA2, 0xBD, 0x46, 0x0F, 0x5C, 0x65, 0x23, 0x20, 0xEF, 0xCD, 0x40, 0x3D,
    0xEC, 0x51, 0xCE, 0x01, 0x17, 0xD9, 0xCD, 0xFE, 0x56, 0xF3, 0x04, 0x8B, 0xFC, 0xD9, 0x7F, 0xB0,
    0xA1, 0xF8, 0x58, 0xD1, 0xAE, 0x9C, 0xFA, 0x98, 0x8D, 0x95, 0x83, 0xB4, 0xCF, 0xBB, 0x1B, 0xAD,
    0xE2, 0x13, 0x84, 0x89, 0x67, 0x2A, 0x60, 0x1C, 0xCC, 0xDF, 0x27, 0x2C, 0x54, 0xDA, 0xEF, 0x6B,
    0x5F, 0xBD, 0xED, 0x08, 0x6B, 0x95, 0x37, 0x92, 0x0E, 0xF6, 0xCC, 0x11, 0xC5, 0x53, 0x90, 0x00,
    0x4E, 0x4B, 0xBF, 0x61, 0x83, 0xD2, 0x6F, 0x90, 0x8F, 0x1B, 0x64, 0x53, 0x84, 0x78, 0x18, 0xFF,
    0xD1, 0x0E, 0xE1, 0x64, 0x85, 0xFD, 0x06, 0xAE, 0x50, 0xC8, 0xE6, 0x0D, 0xD2, 0x75, 0x03, 0xA4,
    0xD1, 0xF3, 0xDC, 0x06, 0xA6, 0xDF, 0xA0, 0xD2, 0xCB, 0x8A, 0x70, 0xAB, 0x19, 0x8E, 0x3E, 0x3E,
    0x78, 0x2C, 0x96, 0x14, 0x31, 0x96, 0x1C, 0xA1, 0xA4, 0x18, 0xD2, 0xB9, 0xF5, 0xE9, 0x12, 0xB2,
    0x62, 0x9F, 0x8A, 0x23, 0x15, 0x48, 0x97, 0x27, 0x0B, 0x27, 0x71, 0xF3, 0x21, 0xF3, 0xBE, 0xF5,
    0xC8, 0x87, 0xBA, 0x3B, 0x36, 0x1E, 0x21, 0xAE, 0xC4, 0x8A, 0x5B, 0x61, 0x56, 0x10, 0x2C, 0xA9,
    0x74, 0x16, 0x8C, 0xDB, 0xA0, 0xEA, 0x63, 0xFE, 0x8E, 0x10, 0x0F, 0xF5, 0x1F, 0x49, 0x28, 0x66,
    0xE5, 0xB8, 0x6C, 0xC0, 0x52, 0x2B, 0x68, 0x25, 0x1D, 0x3F, 0x4B, 0x64, 0x0B, 0x7A, 0xDE, 0x06,
    0x48, 0xB3, 0x41, 0xEB, 0x36, 0xA8, 0xC3, 0xAD, 0x3C, 0xC1, 0x8E, 0x60, 0xF4, 0x4F, 0x31, 0x18,
    0xBD, 0xB9, 0xC7, 0xA2, 0x74, 0xB2, 0xD5, 0x6C, 0xDB, 0xC9, 0xCA, 0x68, 0x3D, 0xD6, 0x61, 0x9B,
    0xFF, 0x65, 0x2C, 0x4A, 0xDC, 0xED, 0x7D, 0x77, 0x55, 0xCC, 0xA6, 0x27, 0x91, 0x62, 0x84, 0xFA,
    0xAD, 0x19, 0xCE, 0x78, 0xF5, 0x86, 0x7C, 0xF5, 0xD4, 0xA1, 0xDF, 0xA7, 0xA7, 0xFD, 0x48, 0x08,
    0xA3, 0x4F, 0x3A, 0x17, 0x3D, 0xBC, 0x42, 0xC7, 0x61, 0xBC, 0xD4, 0x6C, 0xBF, 0xDA, 0x51, 0xBB,
    0x9F, 0x09, 0x8C, 0xAB, 0x06, 0x5A, 0x57, 0x8E, 0x89, 0xB8, 0x42, 0xBE, 0x25, 0x2E, 0x13, 0xB9,
    0xEF, 0xB0, 0x3A, 0x11, 0xE3, 0x8A, 0xB5, 0x1B, 0xE6, 0xE2, 0xA1, 0x94, 0x19, 0xEA, 0x6E, 0x81,
    0x5F, 0xE2, 0xCD, 0x9B, 0x20, 0xD3, 0xAD, 0xBB, 0x60, 0x16, 0x10, 0x21, 0x5D, 0xEE, 0xBB, 0xCC,
    0x17, 0x2E, 0xEB, 0xB3, 0xFE, 0x99, 0x7C, 0x1C, 0x4E, 0x2E, 0x1B, 0xA8, 0x65, 0x22, 0x89, 0x51,
    0xF4, 0x03, 0xD1, 0x05, 0xDD, 0x6A, 0x31, 0x58, 0x76, 0x65, 0x4F, 0x4A, 0x39, 0x10, 0x27, 0x6D,
    0xAC, 0xC9, 0x32, 0xED, 0x66, 0x22, 0x21, 0xCA, 0xC9, 0x02, 0x67, 0x22, 0x8D, 0x62, 0x0F, 0x98,
    0x78, 0xEA, 0x19, 0x14, 0xBE, 0x6C, 0x36, 0x30, 0x3D, 0xE5, 0x60, 0x1E, 0xEA, 0x40, 0x88, 0x48,
    0x93, 0x3E, 0xBE, 0xAB, 0xB9, 0xA3, 0x20, 0x01, 0x1A, 0xA0, 0x55, 0x30, 0xC7, 0x57, 0xC3, 0x81,
    0xDD, 0xEE, 0x3F, 0x20, 0x97, 0x95, 0x4A, 0xC4, 0x69, 0x4C, 0x31, 0x4D, 0x8E, 0x69, 0x40, 0x55,
    0xAD, 0x1F, 0x42, 0x29, 0x23, 0xA9, 0x08, 0xBC, 0x2C, 0x0E, 0xDA, 0x1E, 0xCA, 0xE1, 0x39, 0x8A,
    0xA1, 0xA6, 0xEC, 0xDB, 0xFF, 0xB2, 0xAE, 0x52, 0x21, 0x65, 0x82, 0x5B, 0xC4, 0x66, 0xFA, 0xD8,
    0xD7, 0x42, 0x5B, 0x0F, 0x75, 0x73, 0xD4, 0xCA, 0xE7, 0x9B, 0x35, 0xB2, 0x99, 0x3B, 0x40, 0xE3,
    0x1F, 0x3C, 0x6B, 0x00, 0xF6, 0x9A, 0xBE, 0x98, 0x14, 0x66, 0x20, 0x55, 0x48, 0xF4, 0x30, 0xF7,
    0x0A, 0x0D, 0xBB, 0xB5, 0x8F, 0xB6, 0xD7, 0xED, 0x25, 0x46, 0xE4, 0x68, 0xB4, 0xFC, 0x6C, 0x4D,
    0xED, 0xC5, 0x7D, 0x6D, 0xC8, 0x5E, 0x16, 0x54, 0x0D, 0x5C, 0x01, 0xDF, 0x26, 0xD8, 0xFF, 0x00,
    0x25, 0xD0, 0x21, 0xD0, 0xD3, 0x40, 0x10, 0x05, 0xE0, 0x77, 0xC9, 0xCF, 0x1F, 0xE0, 0xC4, 0x21,
    0x5A, 0x01, 0x88, 0x43, 0x12, 0x44, 0x0F, 0x89, 0xA0, 0xDD, 0x1D, 0x2C, 0xA6, 0x06, 0x5F, 0x81,
    0x40, 0xA1, 0x51, 0x24, 0xDE, 0xFB, 0xA9, 0xC6, 0x0B, 0x4C, 0x7B, 0x29, 0x5E, 0x64, 0xEA, 0xC5,
    0x0D, 0x02, 0x7D, 0xE2, 0x44, 0xC4, 0x25, 0x4B, 0xD2, 0xBE, 0x59, 0xB3, 0x33, 0x4F, 0x7C, 0xF3,
    0x80, 0x47, 0x98, 0x8E, 0xA2, 0xCE, 0x38, 0xE3, 0x29, 0x80, 0xF7, 0xC8, 0xD5, 0x64, 0x13, 0xF1,
    0xF2, 0xA0, 0x18, 0xA1, 0x85, 0x9D, 0xF4, 0xE7, 0x32, 0xBD, 0xC1, 0xA1, 0x08, 0xB5, 0x19, 0x77,
    0xCE, 0xE7, 0xAD, 0x49, 0x0F, 0x8A, 0x1B, 0x89, 0xF3, 0xBD, 0xFB, 0x75, 0x04, 0xB0, 0xC3, 0xCE,
    0xF1, 0xC9, 0xFE, 0xCB, 0x5A, 0x52, 0x21, 0x3D, 0xD6, 0xA8, 0xE1, 0x59, 0x5A, 0xCF, 0x35, 0x5E,
    0xF1, 0x37, 0xBA, 0x48, 0x73, 0x15, 0xBA, 0x4C, 0xCF, 0xF1, 0x55, 0xC1, 0x07, 0x9F, 0x5E, 0x0C,
    0x65, 0x34, 0x9D, 0xC1, 0x12, 0x9D, 0xDC, 0xF8, 0xD1, 0xFE, 0x30, 0x5B, 0x67, 0x73, 0x15, 0xB0,
    0xE4, 0x50, 0xB0, 0x1A, 0x4C, 0xA7, 0x33, 0x45, 0x17, 0xA5, 0xA5, 0x4F, 0x03, 0x56, 0x68, 0x01,
    0xE0, 0x03, 0x02, 0x7D, 0x8E, 0x46, 0xBA, 0x4A, 0xA0, 0x06, 0x2C, 0x79, 0x36, 0xB3, 0x5D, 0x9B,
    0x41, 0x7F, 0x85, 0xF5, 0xD0, 0xF4, 0x2A, 0x57, 0xF1, 0x56, 0x5F, 0x63, 0xB6, 0xCC, 0x22, 0x7B,
    0xCD, 0x0E, 0xA7, 0x0D, 0xB6, 0x00, 0xD0, 0x56, 0xBD, 0x63, 0x02, 0xF5, 0x14, 0x74, 0x8B, 0xA3,
    0x4A, 0x65, 0xAC, 0x82, 0xEF, 0x3C, 0xF6, 0x58, 0xDD, 0xCC, 0xC2, 0x1B, 0x3C, 0xC1, 0x6A, 0xD6,
    0x2E, 0xE6, 0x3F, 0x62, 0xF9, 0xF7, 0xE3, 0xBD, 0x1E, 0x74, 0xEF, 0xDA, 0xB7, 0x00, 0x2A, 0x36,
    0xD8, 0xA0, 0x09, 0xAF, 0x93, 0x1A, 0xCA, 0xE4, 0xC3, 0xC4, 0x00, 0xA0, 0xB2, 0x09, 0xC4, 0x84,
    0xE6, 0x81, 0x26, 0x3B, 0x16, 0xC7, 0x97, 0xA8, 0x09, 0x3F, 0xED, 0x25, 0x1B, 0x19, 0x4A, 0x09,
    0xF8, 0xCE, 0xF3, 0x58, 0xF7, 0xD5, 0xD6, 0x5F, 0xF6, 0x24, 0x91, 0x6E, 0xF3, 0xFD, 0x07, 0xDD,
    0xD8, 0x01, 0xA4, 0x24, 0x57, 0xBA, 0x07, 0xF0, 0x5F, 0x55, 0xE5, 0xDE, 0x9A, 0x37, 0xFD, 0xBC,
    0x1A, 0xDC, 0x90, 0x97, 0xF1, 0xD4, 0x20, 0xE0, 0x21, 0x0D, 0x0F, 0xC4, 0xCB, 0xAB, 0x02, 0x00,
    0x34, 0x32, 0x06, 0x0F, 0x82, 0xC5, 0xCE, 0x62, 0x67, 0xB1, 0x80, 0x24, 0x5D, 0x6B, 0x01, 0xB0,
    0xC3, 0x5A, 0x8B, 0x85, 0xC5, 0x58, 0x2B, 0x90, 0x20, 0xC8, 0x32, 0x33, 0x55, 0x20, 0x00, 0xDB,
    0xC0, 0x02, 0x14, 0x02, 0x0C, 0xB6, 0x50, 0x28, 0xD1, 0x5D, 0x67, 0xE7, 0xCC, 0x5D, 0xB7, 0xB3,
    0x91, 0xE4, 0x1A, 0x99, 0xED, 0xDB, 0x77, 0x75, 0xD7, 0x7F, 0x1A, 0xE7, 0xD4, 0x99, 0xFA, 0x9D,
    0xAF, 0xFB, 0x7C, 0x2E, 0x27, 0x35, 0x94, 0x03, 0x54, 0xE7, 0x39, 0x41, 0xBB, 0x85, 0xDD, 0x0E,
    0xC9, 0x36, 0x20, 0x9B, 0xD6, 0x31, 0xC7, 0xAA, 0x61, 0x31, 0x54, 0x1D, 0x45, 0x5F, 0x6E, 0x28,
    0x37, 0x45, 0xCF, 0xB2, 0x5B, 0x0C, 0x54, 0x75, 0x3E, 0xB2, 0xBE, 0x7B, 0x6F, 0x4B, 0x08, 0x61,
    0x2B, 0x79, 0x9E, 0xB3, 0xF4, 0x79, 0x06, 0xD9, 0x44, 0x5B, 0xE7, 0x71, 0x58, 0x57, 0x0C, 0x71,
    0x4A, 0x11, 0xA7, 0xF7, 0xCB, 0x8E, 0x62, 0x78, 0x71, 0xDB, 0x11, 0x00, 0x48, 0x6A, 0xE2, 0x08,
    0x58, 0x0E, 0xFB, 0x5C, 0x34, 0xB8, 0x3D, 0x9D, 0x3E, 0x14, 0xC2, 0xAF, 0xFA, 0x2C, 0x84, 0xBF,
    0xF6, 0xC5, 0xFC, 0xFF, 0xA1, 0x5F, 0xF6, 0xDA, 0xBE, 0xEA, 0x2C, 0xFB, 0x75, 0xAD, 0xE8, 0x5B,
    0x62, 0x58, 0x5C, 0x44, 0xD1, 0xAF, 0x63, 0x54, 0x8D, 0xB2, 0xAF, 0x36, 0xAA, 0xBE, 0x9C, 0x92,
    0xD0, 0x2F, 0x42, 0x08, 0x7D, 0x1A, 0xC2, 0x9F, 0x7B, 0xEB, 0xB9, 0xE8, 0x25, 0x35, 0x80, 0x33,
    0x24, 0x33, 0xD2, 0x10, 0x63, 0x86, 0xCF, 0xE1, 0xF6, 0x43, 0x58, 0x8F, 0xF0, 0xCE, 0x16, 0xC4,
    0x94, 0xED, 0xFF, 0x83, 0x52, 0x00, 0xC7, 0xC7, 0x7C, 0x0B, 0x79, 0x10, 0xA3, 0x21, 0x29, 0x3A,
    0x2C, 0x6B, 0x3C, 0x81, 0xCF, 0x00, 0x38, 0x88, 0xF4, 0x0D, 0xB0, 0x04, 0xEB, 0x06, 0x66, 0x48,
    0x26, 0xDC, 0x6C, 0x7A, 0x54, 0x23, 0x92, 0xB0, 0x43, 0x3E, 0xC6, 0x21, 0x69, 0x7D, 0x7A, 0xBC,
    0xBA, 0x34, 0x48, 0x07, 0xC4, 0x09, 0x8A, 0x1E, 0x65, 0x83, 0x9B, 0x24, 0x33, 0x22, 0xBB, 0x65,
    0xE8, 0xF9, 0x28, 0x9D, 0x78, 0xCB, 0x9D, 0x83, 0x8A, 0xA7, 0x35, 0x14, 0x1D, 0x94, 0x1B, 0xA2,
    0x06, 0xA4, 0xE7, 0xE2, 0x9F, 0x22, 0x8A, 0x73, 0x6D, 0xC4, 0xEF, 0x20, 0x19, 0x91, 0x6D, 0x61,
    0x07, 0x15, 0xFC, 0xC7, 0x71, 0x88, 0x2F, 0x26, 0x28, 0x02, 0xFC, 0xDB, 0x1A, 0x54, 0x60, 0x5F,
    0xE3, 0xD7, 0x4C, 0xFC, 0x41, 0x83, 0x30, 0xE0, 0x0F, 0x23, 0xD2, 0x01, 0x71, 0xA0, 0x22, 0x8A,
    0x9F, 0x5C, 0xB9, 0x38, 0x24, 0x73, 0xDE, 0x90, 0x85, 0xD0, 0xB1, 0x78, 0x16, 0x6A, 0x4E, 0xEB,
    0xFB, 0x00, 0xD1, 0xDD, 0x75, 0x73, 0x5F, 0x34, 0x3F, 0xA2, 0xFA, 0x6A, 0x4B, 0x1B, 0x46, 0x3E,
    0x2F, 0x7B, 0xD8, 0x3F, 0x2F, 0x16, 0xFF, 0xE8, 0x7E, 0xE7, 0xB0, 0xEE, 0x7B, 0x53, 0x49, 0x98,
    0x0F, 0x69, 0x7A, 0x80, 0xA6, 0x03, 0xC7, 0xF0, 0x73, 0x72, 0x49, 0x73, 0xE2, 0x96, 0xFD, 0xE7,
    0x19, 0xD2, 0x2D, 0x44, 0x06, 0xF2, 0x0E, 0xA7, 0x4D, 0xDE, 0x90, 0x6F, 0x8A, 0x8E, 0x6C, 0x6E,
    0x6B, 0x84, 0x1D, 0x2C, 0xFB, 0x23, 0xDF, 0xA6, 0x9B, 0x50, 0x6C, 0xC4, 0x41, 0x58, 0xC3, 0x63,
    0xB8, 0x83, 0x33, 0x2B, 0x9E, 0xD8, 0x52, 0xFD, 0x6E, 0x24, 0xEE, 0x8F, 0x45, 0x68, 0xF0, 0xDE,
    0xA1, 0xB6, 0xE6, 0x35, 0xF0, 0xBF, 0x7B, 0x7B, 0x6B, 0x50, 0x76, 0x7B, 0xFC, 0x5F, 0x5C, 0x53,
    0xFC, 0xA4, 0xC3, 0x62, 0x13, 0x63, 0x40, 0x3A, 0x5D, 0xE0, 0xBF, 0x85, 0x1F, 0x7B, 0xC4, 0x93,
    0x64, 0x22, 0xE2, 0x2B, 0x43, 0x4F, 0x7E, 0x58, 0xFC, 0x37, 0xBF, 0xB7, 0x2D, 0xCF, 0x9B, 0x6B,
    0x8A, 0x9F, 0xFC, 0x11, 0x8B, 0x50, 0x93, 0x7F, 0xD2, 0xA0, 0x88, 0x51, 0xC1, 0xE7, 0xF0, 0xFE,
    0x71, 0xE0, 0x03, 0xDF, 0x7B, 0xE2, 0x26, 0x75, 0x1C, 0xBA, 0xD8, 0xE3, 0x4B, 0xC2, 0x0C, 0xCB,
    0x2F, 0x8F, 0xBB, 0xF2, 0xCB, 0xFE, 0x31, 0x55, 0xD8, 0xF2, 0xA4, 0x1D, 0x79, 0xEF, 0xB9, 0x24,
    0xC0, 0x51, 0xE0, 0x9F, 0x76, 0x8B, 0x86, 0xBC, 0x2F, 0xCF, 0xF1, 0x21, 0xEC, 0xA0, 0xEC, 0xFF,
    0x55, 0x8E, 0xDD, 0xC7, 0x26, 0x3E, 0x3C, 0x47, 0x1E, 0x2E, 0x90, 0xEB, 0x88, 0x7C, 0x0C, 0xC7,
    0xEE, 0xEB, 0x77, 0xEF, 0xBE, 0xD7, 0x86, 0xB0, 0xBD, 0xB8, 0xF0, 0xAD, 0xD7, 0xC7, 0x1F, 0x37,
    0x6D, 0x08, 0xDD, 0xC5, 0xF5, 0x5D, 0xE3, 0xBE, 0x71, 0x3F, 0x00, 0x27, 0xA2, 0x27, 0x55, 0x4F,
    0x15, 0x55, 0x1B, 0x4E, 0x67, 0xB4, 0xA1, 0x97, 0xC5, 0x91, 0xC5, 0xEE, 0xDE, 0x1C, 0x29, 0xDB,
    0xBA, 0x6A, 0x54, 0xCD, 0x9A, 0xB2, 0x7B, 0xBE, 0x6C, 0x1B, 0xD7, 0x0B, 0x7F, 0x0F, 0x58, 0x43,
    0xD5, 0xC4, 0xD8, 0xB8, 0xA1, 0x98, 0x7C, 0x24, 0x0F, 0x21, 0xD4, 0x49, 0x08, 0x3B, 0x96, 0xA1,
    0x8F, 0xB8, 0x97, 0x3D, 0xB8, 0xDB, 0x0F, 0x59, 0x4F, 0xBC, 0xB3, 0xC5, 0x63, 0xB2, 0x91, 0xBC,
    0x23, 0xAD, 0x71, 0x08, 0x98, 0x15, 0x16, 0x33, 0x8A, 0x50, 0x73, 0x52, 0xD4, 0xA8, 0x60, 0x0B,
    0x03, 0x00, 0xFE, 0xE9, 0x52, 0x67, 0xC9, 0x2A, 0x0D, 0xBF, 0xED, 0xF3, 0x10, 0x36, 0xC5, 0x17,
    0xA1, 0x39, 0xA9, 0xCF, 0x0E, 0x63, 0xB0, 0x68, 0x1E, 0x51, 0x0D, 0x23, 0x73, 0x18, 0x18, 0xAB,
    0x0D, 0xAB, 0x93, 0x43, 0x3E, 0x39, 0x37, 0xA0, 0xAC, 0x51, 0x75, 0x68, 0x61, 0xCB, 0xE9, 0xC3,
    0x4F, 0x59, 0x8E, 0x08, 0x33, 0xD9, 0xB4, 0xEC, 0xA4, 0x4D, 0x5A, 0xBB, 0x80, 0x11, 0x9F, 0xE0,
    0xEB, 0x81, 0xEF, 0x8E, 0x48, 0x24, 0xDA, 0xEC, 0xE3, 0xB2, 0x19, 0xDF, 0xB2, 0x06, 0x92, 0x1A,
    0x59, 0x8F, 0xC5, 0x78, 0xD1, 0x52, 0xD6, 0xF8, 0x2F, 0xD2, 0x1D, 0x16, 0xA1, 0xA6, 0x0A, 0x1B,
    0x9E, 0xE6, 0x03, 0x77, 0xBC, 0x7F, 0x48, 0xCE, 0xA4, 0x66, 0xD1, 0x51, 0xF6, 0xC4, 0xE5, 0x93,
    0xED, 0x73, 0xC9, 0x9F, 0x47, 0xC8, 0xE8, 0x18, 0x19, 0xA3, 0xE2, 0x41, 0x8A, 0x8B, 0x15, 0xD2,
    0x01, 0xF9, 0x84, 0x64, 0x0B, 0x1F, 0x39, 0x1A, 0xAB, 0x7C, 0x42, 0x11, 0x70, 0xF3, 0x41, 0x8D,
    0xEA, 0xA2, 0xF4, 0x86, 0xA3, 0x2C, 0xBD, 0xB6, 0x21, 0x09, 0x3D, 0xFE, 0x32, 0x20, 0x8B, 0x51,
    0x74, 0x28, 0x23, 0xE7, 0x6B, 0x57, 0xCD, 0x89, 0xA7, 0x59, 0x17, 0x7B, 0xB8, 0xFC, 0x59, 0x68,
    0xD2, 0xE6, 0x27, 0x10, 0x35, 0x5D, 0x49, 0xF9, 0x95, 0xCD, 0x23, 0xD6, 0x5F, 0x4D, 0x84, 0x30,
    0xF0, 0x59, 0xB9, 0x01, 0x20, 0x7A, 0xA1, 0xF8, 0xA6, 0xD7, 0xEA, 0x80, 0x5E, 0x37, 0xA3, 0xCB,
    0xB4, 0x77, 0xA9, 0xA3, 0xCB, 0x15, 0x37, 0x04, 0xB8, 0xE2, 0x6F, 0xE6, 0xE5, 0x8D, 0x43, 0xF2,
    0x27, 0x59, 0xE8, 0xB2, 0x4F, 0x3A, 0x8B, 0x4E, 0x55, 0xFB, 0x80, 0xB7, 0x44, 0xB8, 0xF8, 0x9C,
    0xF3, 0xF9, 0x5B, 0xF0, 0x52, 0xEF, 0xD7, 0xC3, 0x7E, 0x6E, 0xA2, 0x1A, 0xAB, 0xED, 0xAD, 0x0F,
    0x92, 0x6D, 0xD6, 0x67, 0x1D, 0xB1, 0x82, 0x17, 0xC3, 0x65, 0xAF, 0x57, 0xB5, 0x3A, 0xE0, 0x8C,
    0x20, 0x09, 0x04, 0x3E, 0xF4, 0xA6, 0x75, 0xD3, 0x76, 0xEB, 0xE6, 0x3F, 0x01, 0xFF, 0xAD, 0xAA,
    0x2F, 0x7B, 0xC1, 0x89, 0x38, 0xAF, 0xED, 0xDE, 0xC6, 0x9B, 0x8F, 0x10, 0x1B, 0x8C, 0x08, 0x1D,
    0x26, 0xCE, 0x3B, 0xEE, 0xF0, 0x30, 0x0D, 0xDD, 0x62, 0xC7, 0xBA, 0x2F, 0x46, 0x8A, 0x61, 0xD9,
    0xB3, 0x98, 0xAA, 0x8E, 0x6C, 0x5B, 0x35, 0xA4, 0xDB, 0x75, 0x4D, 0xB2, 0x8B, 0x69, 0x9F, 0x92,
    0x5D, 0x75, 0x9E, 0x5D, 0x1C, 0x73, 0x3E, 0xBE, 0x8C, 0x73, 0xC7, 0x62, 0x62, 0x39, 0xE4, 0x33,
    0xED, 0x26, 0x0D, 0x5F, 0xDE, 0x0E, 0x8D, 0x36, 0x84, 0x99, 0x32, 0x84, 0x91, 0x24, 0x84, 0x1A,
    0x49, 0x0C, 0xB8, 0xF8, 0x5C, 0x0C, 0x62, 0x8E, 0xFB, 0xCF, 0xF9, 0x06, 0xA7, 0x73, 0x4D, 0x1B,
    0x06, 0x59, 0xAC, 0x92, 0x62, 0xBE, 0x17, 0xEA, 0x72, 0xB0, 0xEE, 0xAA, 0x4E, 0xB9, 0x89, 0xDD,
    0xF9, 0xD0, 0xB2, 0x88, 0x91, 0x7F, 0x2D, 0xD6, 0x2C, 0x86, 0xAA, 0x51, 0xF4, 0xCB, 0x8D, 0xAA,
    0x2B, 0xA6, 0x24, 0x34, 0xB1, 0xD6, 0xE2, 0xF2, 0x53, 0x24, 0xD8, 0x60, 0x5F, 0x6B, 0x2B, 0xA4,
    0x5B, 0x64, 0x73, 0x8C, 0x1D, 0x4C, 0x70, 0xFB, 0xF7, 0x50, 0x6D, 0xE1, 0x9D, 0x98, 0x3C, 0x86,
    0x6C, 0x14, 0xB3, 0x83, 0xB4, 0x06, 0x1C, 0x29, 0xF3, 0x4B, 0xB4, 0xBA, 0x07, 0xF1, 0xBE, 0x01,
    0xCA, 0x1A, 0xAA, 0x0E, 0xD6, 0x60, 0x8B, 0xD8, 0xF6, 0xB1, 0x9C, 0xA0, 0x0D, 0x9C, 0x1F, 0xBF,
    0x92, 0x26, 0xAD, 0x8F, 0xD9, 0xF8, 0x07, 0x74, 0x86, 0x07, 0x73, 0x4F, 0x1A, 0x58, 0x74, 0x44,
    0x1C, 0xC8, 0x46, 0x7B, 0xF7, 0xFF, 0xD9, 0xBB, 0xCF, 0xD7, 0xC7, 0xFD, 0x92, 0x2E, 0xF3, 0x18,
    0xDC, 0xF3, 0x1D, 0x14, 0xC1, 0x45, 0xA3, 0x69, 0x69, 0xEF, 0x3E, 0x5C, 0xCB, 0x7A, 0xBF, 0xBC,
    0x1D, 0xBD, 0x72, 0x77, 0xF0, 0x34, 0xDB, 0x90, 0x86, 0xD0, 0x91, 0x3D, 0x8B, 0x99, 0x36, 0x3F,
    0x05, 0x88, 0xFA, 0xAE, 0xA5, 0xFE, 0x0F, 0x68, 0x6E, 0x0F, 0xA4, 0xBF, 0x97, 0x25, 0x1C, 0x50,
    0xF6, 0x00, 0x2D, 0xC9, 0xCB, 0xB4, 0xC9, 0x57, 0xD9, 0xBA, 0x78, 0x0D, 0xFC, 0x1F, 0xA4, 0x01,
    0xCA, 0x19, 0xAA, 0x4D, 0x36, 0xF2, 0x86, 0x6C, 0x20, 0xAE, 0x17, 0x37, 0xA2, 0xEC, 0xC5, 0x25,
    0x3A, 0xCB, 0xC8, 0x72, 0x44, 0x1B, 0xF1, 0xEF, 0xB0, 0x46, 0x12, 0x6A, 0x16, 0x3B, 0x14, 0x1B,
    0x2B, 0x27, 0xD2, 0x8B, 0x1F, 0x9D, 0xBC, 0x77, 0x3A, 0x3F, 0xE8, 0xE2, 0x9D, 0xEA, 0x2C, 0xDE,
    0xED, 0xD5, 0x4B, 0xDF, 0x02, 0xEF, 0x82, 0xB6, 0x13, 0x73, 0x82, 0xD3, 0x5D, 0xB4, 0xF4, 0xC6,
    0x75, 0xB0, 0xCC, 0xA0, 0xE8, 0xB0, 0x1C, 0x91, 0xEF, 0x60, 0x6D, 0xC5, 0x8D, 0x03, 0x5A, 0x5E,
    0xDE, 0x52, 0xC7, 0x7F, 0xD3, 0xFA, 0x68, 0x45, 0x2F, 0x6F, 0xA9, 0x57, 0x0C, 0x07, 0x15, 0x3D,
    0x4B, 0x56, 0x24, 0xE1, 0xD7, 0xBD, 0xE8, 0xB4, 0x61, 0xF1, 0x45, 0xF8, 0xE5, 0xE8, 0xA4, 0x3E,
    0x3B, 0x6E, 0xC5, 0x6F, 0xF9, 0xFB, 0xF3, 0xCA, 0xEA, 0xE4, 0xA0, 0x76, 0xB0, 0xAF, 0xBE, 0x03,
    0x78, 0x1D, 0xE0, 0x70, 0x5A, 0xE1, 0x70, 0x88, 0x97, 0x1C, 0x44, 0xAF, 0xE3, 0x6E, 0x94, 0x79,
    0xFA, 0x4A, 0x62, 0x8E, 0x74, 0x31, 0x92, 0x5D, 0x39, 0xC8, 0xB6, 0xC5, 0x56, 0x31, 0xE5, 0xE1,
    0x37, 0xED, 0x90, 0xC4, 0xCD, 0xB2, 0x0E, 0x81, 0x3C, 0x7C, 0x09, 0x00, 0xCE, 0xA0, 0xAD, 0x11,
    0x1A, 0x84, 0x1A, 0x6F, 0x73, 0x9F, 0xFB, 0x2D, 0xED, 0x4B, 0x5C, 0x61, 0xDD, 0x24, 0xA1, 0xDA,
    0xE4, 0x61, 0x39, 0xB7, 0xA1, 0x08, 0xBB, 0x36, 0x0D, 0x7D, 0xEB, 0xC4, 0x7E, 0x63, 0x8A, 0x81,
    0xF3, 0xD2, 0x20, 0xDF, 0xE0, 0x29, 0xB2, 0xD0, 0x91, 0x3E, 0xEB, 0x91, 0x6F, 0x50, 0x36, 0x78,
    0x17, 0xCE, 0xC0, 0x55, 0x33, 0x25, 0x35, 0xD5, 0x48, 0xB5, 0xE5, 0xD6, 0x87, 0x24, 0x5B, 0xB2,
    0x9E, 0xAC, 0x03, 0x78, 0xF5, 0x58, 0x48, 0x07, 0x28, 0x47, 0x68, 0x63, 0xA6, 0x33, 0x4F, 0x78,
    0xC8, 0x0E, 0x6C, 0x23, 0xCB, 0xBD, 0xA9, 0x6A, 0x68, 0x87, 0x17, 0xD9, 0xC4, 0x7C, 0xEA, 0xD5,
    0xE4, 0xAC, 0xEA, 0xC4, 0x8C, 0x4E, 0x5E, 0x40, 0x79, 0x21, 0xE5, 0x05, 0x95, 0x73, 0x2B, 0x11,
    0x8B, 0xBD, 0x16, 0xC0, 0xCF, 0x90, 0x4C, 0x58, 0xEC, 0xB0, 0x1C, 0x50, 0xD5, 0x56, 0xCE, 0x24,
    0xE3, 0xFE, 0x2B, 0x78, 0x9F, 0x07, 0x9B, 0x28, 0x52, 0xC7, 0xF0, 0xB2, 0x11, 0x44, 0x45, 0x91,
    0x51, 0x74, 0x14, 0x21, 0x45, 0x49, 0x4E, 0xF0, 0x37, 0xCD, 0xD4, 0x21, 0xAC, 0xE4, 0x54, 0x1B,
    0xC7, 0xE1, 0xA7, 0x6D, 0x26, 0xCD, 0x97, 0x8A, 0xAE, 0x98, 0x4D, 0xBE, 0xB0, 0x62, 0xF0, 0x82,
    0x5A, 0x0C, 0x69, 0xF1, 0x82, 0x71, 0x58, 0x2C, 0x08, 0xB0, 0x98, 0xBB, 0x53, 0xAF, 0x30, 0x78,
    0x8B, 0xD7, 0x7B, 0x77, 0x4A, 0x10, 0xD8, 0x26, 0xF8, 0x64, 0x04, 0xEE, 0x9A, 0x23, 0x2A, 0x9A,
    0xD0, 0x99, 0x43, 0xDE, 0x15, 0xDC, 0x20, 0x21, 0xE4, 0x66, 0xFE, 0xE2, 0xC9, 0xD1, 0xBF, 0xBC,
    0x39, 0x0A, 0x50, 0x5D, 0xC2, 0xFA, 0x2A, 0xCC, 0x23, 0x74, 0x17, 0x8F, 0x14, 0xA3, 0x2B, 0xD8,
    0x5E, 0xE3, 0xCB, 0xB5, 0x1F, 0x39, 0xA7, 0x0F, 0x8E, 0xE1, 0x7B, 0xFF, 0x8D, 0x37, 0xFD, 0x44,
    0xA8, 0xB8, 0x3A, 0x24, 0xD5, 0xA6, 0xDD, 0xB4, 0xAB, 0x3A, 0xFF, 0x78, 0x4E, 0x8A, 0x9C, 0xF3,
    0xC4, 0x29, 0x67, 0xD4, 0xF9, 0x77, 0x7F, 0xDB, 0xFF, 0x83, 0x3E, 0xC8, 0x13, 0xBA, 0x05, 0xE5,
    0xEA, 0xC8, 0xC7, 0xC5, 0x87, 0x77, 0x42, 0x95, 0xBE, 0xE6, 0xBB, 0xF9, 0xCC, 0x79, 0x08, 0xFC,
    0x53, 0xB2, 0xD3, 0x58, 0x64, 0xFD, 0x5C, 0x67, 0xDD, 0xED, 0x9C, 0xB5, 0xF9, 0x7A, 0x56, 0xE6,
    0xCB, 0x99, 0x1D, 0x78, 0x1F, 0x54, 0x79, 0x42, 0xF9, 0x74, 0x81, 0x7A, 0x0E, 0x0F, 0x63, 0xF8,
    0x19, 0x8F, 0xEC, 0xDD, 0x79, 0xD1, 0x62, 0x40, 0xBF, 0x04, 0x1B, 0x5E, 0x3D, 0xA0, 0xD8, 0x50,
    0x5D, 0x1C, 0x55, 0xD3, 0x4B, 0x16, 0x2D, 0x86, 0x1D, 0xDA, 0x6B, 0x87, 0x3E, 0xDF, 0xF0, 0xD0,
    0x6D, 0x1E, 0xED, 0x1D, 0xEF, 0xBC, 0xE2, 0xDB, 0xF2, 0x07, 0x45, 0xFE, 0x75, 0x56, 0xFD, 0x91,
    0x27, 0xD5, 0xCF, 0x79, 0x38, 0x16, 0xC3, 0xFE, 0x25, 0xDB, 0x3D, 0xEF, 0x31, 0xB8, 0xF3, 0x5E,
    0x80, 0x3D, 0x22, 0x49, 0x98, 0x47, 0xE1, 0x10, 0x7E, 0x12, 0xE0, 0x88, 0x17, 0x8F, 0x58, 0x0C,
    0x68, 0x53, 0xB0, 0x04, 0x09, 0xF5, 0x0C, 0x43, 0x60, 0x09, 0xCA, 0x4C, 0x78, 0x81, 0x37, 0x4B,
    0xE8, 0xAB, 0x00, 0x5E, 0x0F, 0xEC, 0x86, 0x7E, 0xA6, 0x9F, 0x0E, 0x89, 0xF3, 0xD0, 0xAC, 0x8A,
    0xAC, 0xBA, 0x46, 0xA0, 0x22, 0x6B, 0x16, 0xCE, 0x63, 0x9B, 0xE8, 0xE7, 0x28, 0xD8, 0xA6, 0xD3,
    0x40, 0xBD, 0x65, 0x94, 0x79, 0x83, 0xBC, 0x86, 0xA7, 0x14, 0x76, 0x73, 0x78, 0x98, 0xFE, 0xBD,
    0x50, 0x0E, 0x68, 0x2E, 0x68, 0x57, 0x94, 0x37, 0x38, 0x05, 0x3B, 0xCF, 0xF3, 0x0D, 0xC5, 0x4F,
    0xA7, 0x51, 0xB5, 0xF5, 0x93, 0x66, 0xE9, 0x66, 0x6D, 0x6A, 0x93, 0xC3, 0xA5, 0x59, 0x74, 0x53,
    0xB5, 0xEA, 0xC7, 0x72, 0x73, 0x1A, 0x8A, 0x9B, 0x4C, 0x76, 0xE3, 0xF4, 0xF9, 0x46, 0xFF, 0xCB,
    0x4A, 0xF7, 0xDB, 0x42, 0xFB, 0x94, 0x68, 0xF2, 0x4C, 0x95, 0x27, 0xCA, 0x3C, 0x52, 0x64, 0x08,
    0x5C, 0xFF, 0xFA, 0x61, 0x56, 0xD4, 0x0B, 0x9A, 0x84, 0x76, 0xC6, 0x47, 0xE3, 0xBD, 0xE6, 0x83,
    0xE7, 0x58, 0xFD, 0x14, 0x9E, 0xE6, 0xE7, 0xF7, 0x61, 0x78, 0xB1, 0x76, 0xC5, 0xA0, 0x5A, 0xDB,
    0x8B, 0x7A, 0xE9, 0x92, 0x26, 0x1D, 0x92, 0x76, 0x6E, 0xC6, 0x68, 0x87, 0x6F, 0x43, 0x39, 0x85,
    0x4F, 0xA1, 0x32, 0x8C, 0xBC, 0x61, 0xE0, 0x7F, 0xEE, 0xF7, 0x54, 0x5F, 0xA1, 0xCE, 0x82, 0x89,
    0xA2, 0x9D, 0xD0, 0x8D, 0x78, 0x80, 0xEF, 0xEF, 0xEB, 0x54, 0x39, 0xEE, 0x22, 0xC7, 0xED, 0x8B,
    0x91, 0x43, 0xCE, 0x03, 0xDD, 0x9B, 0x5B, 0x74, 0x75, 0xBC, 0xDB, 0xC4, 0xCD, 0xFC, 0x29, 0xDD,
    0xFA, 0x8E, 0xB7, 0x79, 0xE5, 0x5D, 0x97, 0xD8, 0xEF, 0x86, 0xBB, 0x0A, 0xFB, 0x27, 0x8C, 0x90,
    0x21, 0x6C, 0xDC, 0x30, 0x18, 0x85, 0xBF, 0xC4, 0xD5, 0x22, 0xCD, 0xC0, 0x25, 0x95, 0xCA, 0xC2,
    0xA5, 0x55, 0x26, 0x03, 0x43, 0xB5, 0xC7, 0x49, 0xC1, 0xCA, 0xE9, 0x34, 0x4E, 0x7B, 0xCE, 0x3A,
    0xCE, 0xE9, 0x60, 0xB9, 0x06, 0xAB, 0x8B, 0xA5, 0xE3, 0x52, 0xB4, 0x71, 0xCD, 0x60, 0x5C, 0x06,
    0x06, 0x06, 0xCE, 0x79, 0xC9, 0xA2, 0xD3, 0x76, 0xA4, 0x5A, 0xF4, 0xDE, 0x9F, 0xF7, 0xFF, 0x7E,
    0xBF, 0x9E, 0x65, 0xC0, 0xD4, 0xB4, 0x01, 0x80, 0xB5, 0xAF, 0xE9, 0x44, 0x5E, 0x98, 0x6D, 0xE3,
    0xE5, 0x8B, 0xE7, 0x3F, 0xE0, 0xBF, 0x2D, 0x4D, 0x90, 0x51, 0xDB, 0x1D, 0x7B, 0xC6, 0xC1, 0x4D,
    0x26, 0x28, 0x0F, 0xCA, 0xEB, 0xD8, 0xE7, 0x2E, 0xB7, 0xB9, 0x4D, 0x32, 0x18, 0x7F, 0x03, 0xC8,
    0x41, 0x07, 0x1D, 0x55, 0x12, 0xA9, 0x8D, 0x62, 0x71, 0x19, 0x7B, 0x7D, 0xDA, 0x1F, 0x64, 0x34,
    0x83, 0xB6, 0x33, 0xBB, 0x26, 0xB3, 0x6F, 0x13, 0xE3, 0x97, 0x19, 0xF7, 0xBD, 0x5A, 0x13, 0xEA,
    0xB0, 0x38, 0x01, 0x50, 0x7E, 0x87, 0x8E, 0xD5, 0xF7, 0x79, 0x9C, 0xBA, 0xAC, 0xA7, 0x36, 0xCB,
    0xA9, 0x4D, 0xCA, 0xCB, 0xA0, 0x07, 0xE3, 0x8F, 0xDC, 0x90, 0x80, 0x35, 0xA7, 0xB7, 0x7A, 0xC9,
    0xD4, 0xD1, 0x04, 0x95, 0xFA, 0x28, 0x92, 0x8C, 0x6B, 0xA2, 0x08, 0xD2, 0x2B, 0xBF, 0x78, 0xED,
    0x9E, 0x6B, 0xDE, 0x02, 0x80, 0x3B, 0xE7, 0xD5, 0x78, 0x8F, 0xAB, 0x95, 0x95, 0xAB, 0xC6, 0xF1,
    0x32, 0x6F, 0x01, 0x60, 0xFE, 0x0B, 0x57, 0xCB, 0x86, 0x7F, 0xDB, 0x4F, 0xF5, 0x89, 0x99, 0x33,
    0x7C, 0x04, 0x90, 0x33, 0xA6, 0x5A, 0x57, 0xFD, 0x58, 0x7D, 0xAD, 0xD3, 0x52, 0x4D, 0x1D, 0xFA,
    0x4A, 0xFB, 0x8B, 0xD7, 0x7C, 0x7D, 0x65, 0xCD, 0xA1, 0xE8, 0xC9, 0x1D, 0x66, 0x13, 0xFE, 0x14,
    0xF3, 0x58, 0x7A, 0x7F, 0xC1, 0x5D, 0x03, 0x4F, 0xD0, 0xDC, 0x01, 0xC8, 0x6A, 0x91, 0x11, 0xA0,
    0xAF, 0x13, 0x6A, 0x02, 0x30, 0x5D, 0xC4, 0x0C, 0x00, 0x0F, 0xEB, 0x63, 0x02, 0xF0, 0xDC, 0x24,
    0xCA, 0xA6, 0xC8, 0x22, 0xB3, 0xCD, 0xF2, 0xE2, 0x64, 0xF5, 0x35, 0x49, 0x79, 0x00, 0x6E, 0x45,
    0xDC, 0x56, 0xD1, 0x3F, 0x83, 0x03, 0x00, 0x55, 0x7D, 0x69, 0x2C, 0x0B, 0xDA, 0xA3, 0xC8, 0x7D,
    0x46, 0x67, 0xA0, 0x8B, 0x63, 0xA5, 0x1E, 0x01, 0xE5, 0x67, 0xFD, 0x39, 0x3B, 0xC0, 0x3C, 0x26,
    0x75, 0x88, 0xFD, 0x00, 0x4E, 0x44, 0x79, 0x08, 0xCA, 0x43, 0x11, 0xB1, 0xFB, 0xB1, 0x2A, 0x91,
    0x4F, 0xAA, 0x8B, 0xA7, 0x53, 0xE5, 0xDB, 0x6D, 0x03, 0x3D, 0x30, 0xEB, 0xF7, 0xC5, 0xC1, 0x8A,
    0xCA, 0x38, 0x43, 0x81, 0x35, 0x2D, 0x01, 0x80, 0xA5, 0x81, 0x2B, 0x7B, 0x6F, 0x86, 0xA3, 0xB1,
    0xB3, 0x6B, 0xCA, 0xAE, 0xC9, 0xCB, 0xC5, 0x9F, 0xDB, 0xF8, 0xDC, 0x86, 0x6F, 0x62, 0xBA, 0xC4,
    0x72, 0xC9, 0x03, 0xB3, 0xC8, 0x32, 0xF6, 0xDE, 0x58, 0x87, 0x19, 0xD4, 0xD4, 0xC5, 0xB6, 0xB0,
    0xE7, 0x1D, 0x5C, 0xF0, 0x80, 0xA1, 0xF7, 0x2A, 0x88, 0xD4, 0x14, 0x8E, 0x6D, 0xE9, 0xA2, 0x9A,
    0xF4, 0xE0, 0x78, 0x03, 0x00, 0x7C, 0x00, 0x9A, 0x02, 0x88, 0x04, 0xC8, 0x00, 0x8B, 0x1D, 0x30,
    0x16, 0xD8, 0xFF, 0x1E, 0x6D, 0x24, 0x01, 0x8C, 0x90, 0x21, 0x4C, 0xC3, 0x40, 0x18, 0x85, 0xBF,
    0xB5, 0x84, 0x26, 0x3B, 0x71, 0x66, 0xB3, 0xD4, 0xE2, 0xCE, 0x0B, 0x76, 0xBF, 0x37, 0x60, 0xD0,
    0x33, 0xF8, 0xF9, 0x84, 0xB1, 0xF3, 0x86, 0x79, 0xAF, 0x26, 0x40, 0x93, 0x14, 0x76, 0x5E, 0xD5,
    0x1B, 0xE6, 0x0D, 0x15, 0x15, 0x23, 0xE9, 0xFA, 0x73, 0x17, 0xC0, 0xA0, 0xC8, 0xFF, 0x99, 0xCB,
    0xBB, 0xBC, 0xF7, 0xF2, 0x8A, 0x13, 0xB5, 0x8A, 0x7F, 0x8E, 0xAF, 0xD5, 0x61, 0x28, 0xBB, 0xA1,
    0xF8, 0xA1, 0x29, 0x3B, 0x7F, 0xDD, 0x3A, 0x0D, 0x66, 0x84, 0x1B, 0xB0, 0x82, 0x17, 0x54, 0x0A,
    0x95, 0xEA, 0x43, 0xEA, 0x47, 0x59, 0x58, 0xD9, 0x68, 0xEF, 0xB5, 0x9F, 0x2F, 0xB7, 0x59, 0x4D,
    0xC0, 0x74, 0x27, 0xB5, 0x86, 0x84, 0x03, 0xF7, 0x82, 0x57, 0xB9, 0x58, 0x45, 0x4C, 0x66, 0x66,
    0x63, 0x7A, 0xBA, 0x13, 0x08, 0xC5, 0x27, 0x56, 0xF1, 0x4F, 0xAC, 0xA1, 0xB9, 0x43, 0x15, 0xDD,
    0x87, 0xC1, 0xC6, 0xC6, 0xC4, 0xB5, 0x0D, 0x5E, 0x31, 0x03, 0x08, 0xF3, 0xDB, 0xEC, 0xE0, 0x35,
    0x50, 0x0B, 0x9E, 0xFC, 0x7B, 0x60, 0xD2, 0x53, 0x74, 0x94, 0x6D, 0x76, 0xB5, 0x81, 0xF3, 0x23,
    0xB5, 0xE2, 0x97, 0xF1, 0xCA, 0xC4, 0x85, 0x4D, 0xD1, 0x24, 0x16, 0x26, 0xDE, 0x57, 0xED, 0xDA,
    0xA4, 0xC4, 0x60, 0x73, 0x7F, 0xAA, 0x1E, 0x37, 0xF2, 0xE0, 0xA4, 0xB1, 0x39, 0xE8, 0xCD, 0x25,
    0x29, 0x9A, 0xF7, 0x6C, 0x31, 0xF3, 0xF8, 0x11, 0x77, 0x04, 0xF8, 0xE7, 0x1A, 0x93, 0xAD, 0x39,
    0xF8, 0x74, 0xE5, 0x9F, 0x03, 0xA0, 0x3A, 0xE1, 0x94, 0xCD, 0x2A, 0x5C, 0xDA, 0xDF, 0xE2, 0x03,
    0x65, 0x8F, 0x6D, 0xF1, 0x42, 0x8A, 0x4D, 0x4C, 0x77, 0xB9, 0xE6, 0x74, 0x4F, 0x96, 0x3A, 0x52,
    0x47, 0xA3, 0x82, 0xCD, 0x3B, 0x9D, 0xD9, 0xE0, 0x94, 0xEF, 0x9D, 0xBE, 0x36, 0x42, 0x42, 0x1D,
    0x00, 0x95, 0xD3, 0x31, 0x8C, 0xDE, 0x34, 0x14, 0x07, 0xF0, 0x7F, 0x12, 0x8E, 0xA0, 0x66, 0x30,
    0x03, 0x85, 0x01, 0x24, 0xAF, 0x6C, 0xDF, 0xBE, 0x60, 0x97, 0xEE, 0xD2, 0x0D, 0x97, 0x22, 0xC4,
    0xD0, 0xA5, 0x53, 0x6F, 0xB8, 0x5D, 0x42, 0x4D, 0x2A, 0x76, 0xC1, 0x00, 0x7B, 0xC7, 0xD2, 0x0E,
    0xDD, 0x87, 0x36, 0x3E, 0x90, 0x60, 0x60, 0x89, 0x00, 0xB1, 0x74, 0x89, 0x84, 0x04, 0x12, 0x1D,
    0xEA, 0x21, 0x07, 0xB9, 0x62, 0xFB, 0xF1, 0x9E, 0xF3, 0x7D, 0xEA, 0x77, 0x2A, 0x00, 0x8D, 0x94,
    0xDF, 0xF3, 0x3D, 0x3F, 0x3B, 0xFE, 0x2E, 0x2F, 0x00, 0x4A, 0xCB, 0xA0, 0x9E, 0x0E, 0x59, 0xE5,
    0x02, 0x50, 0x3C, 0xB8, 0xBD, 0x00, 0x03, 0xFD, 0xEC, 0x51, 0x13, 0xD1, 0x84, 0x0D, 0xEB, 0x30,
    0x9C, 0x25, 0x72, 0x05, 0x7D, 0xE2, 0x8D, 0xAD, 0x62, 0x3D, 0xDD, 0x42, 0xBD, 0xA8, 0x31, 0x40,
    0x79, 0x7D, 0xBA, 0x40, 0x4D, 0x9B, 0xAB, 0x1E, 0x7A, 0x34, 0xF5, 0xC4, 0x3E, 0x54, 0x8E, 0x0D,
    0xBA, 0x87, 0xFE, 0x7E, 0x36, 0x80, 0xFE, 0xC1, 0xDF, 0x02, 0xD4, 0x9F, 0x63, 0x60, 0x89, 0xCB,
    0x51, 0xD3, 0xD5, 0x19, 0xA8, 0xA8, 0xF6, 0x05, 0x0A, 0xFA, 0x74, 0xD4, 0x00, 0xD1, 0x4F, 0xD4,
    0x97, 0xC4, 0x57, 0x5F, 0xFD, 0x41, 0x14, 0xD1, 0x8C, 0x44, 0x23, 0xD4, 0x69, 0x3C, 0x04, 0x36,
    0x5C, 0xCE, 0xD6, 0x9E, 0x2D, 0xEA, 0x91, 0x05, 0xAC, 0x8C, 0xDB, 0xB6, 0xB5, 0x0D, 0x71, 0xE1,
    0x1E, 0x52, 0xF4, 0xCF, 0x9C, 0xB5, 0x2D, 0xA4, 0x6E, 0x8F, 0xE7, 0xB3, 0xFA, 0xCC, 0x02, 0x44,
    0x6E, 0xCB, 0x83, 0x67, 0xFD, 0xDF, 0xEF, 0x02, 0xDC, 0xB4, 0x80, 0xA2, 0x05, 0xE8, 0x88, 0x00,
    0xFA, 0x85, 0x50, 0x26, 0xBC, 0x83, 0x8A, 0x33, 0xA8, 0x66, 0xC1, 0x67, 0x76, 0x7F, 0x1E, 0xA7,
    0x7B, 0x77, 0x30, 0x10, 0xF9, 0x15, 0x24, 0xD9, 0x83, 0x2E, 0xE6, 0x3A, 0x0B, 0x06, 0x00, 0x1E,
    0x02, 0x78, 0x35, 0x59, 0xD9, 0x3D, 0x5D, 0x9B, 0x78, 0x96, 0xE6, 0xF7, 0xAE, 0x0C, 0x34, 0x01,
    0xC5, 0x97, 0xC0, 0x21, 0x80, 0x23, 0x94, 0xF2, 0xAE, 0x02, 0x4A, 0xDA, 0x86, 0x7E, 0x0D, 0xE3,
    0x1A, 0xFC, 0x1A, 0x42, 0x0E, 0xBF, 0xA7, 0x1C, 0x66, 0xB2, 0x12, 0x16, 0xE3, 0x38, 0x1C, 0xC7,
    0x93, 0xB3, 0x6B, 0xE9, 0xCE, 0x40, 0x72, 0xF9, 0x6D, 0x38, 0x8E, 0x2D, 0x71, 0x92, 0xB7, 0xEE,
    0x4E, 0x03, 0x38, 0x6C, 0xA6, 0x1C, 0xD4, 0x9C, 0x43, 0x15, 0x72, 0x28, 0x28, 0x07, 0x0C, 0x6B,
    0x30, 0x6B, 0x50, 0x6B, 0xA8, 0x73, 0xC8, 0x65, 0xFC, 0x6E, 0x80, 0x8A, 0x28, 0x65, 0xC9, 0x65,
    0x3D, 0xAA, 0x05, 0x7A, 0x11, 0xAB, 0x20, 0xFF, 0x96, 0xFB, 0xA9, 0xCF, 0x4F, 0x1F, 0x57, 0xD7,
    0x0C, 0xCF, 0xF2, 0x46, 0xD5, 0x79, 0x7B, 0x32, 0xE7, 0x55, 0x53, 0xB6, 0x17, 0xCF, 0x21, 0x6B,
    0xF1, 0xF2, 0x5E, 0x16, 0x24, 0x18, 0x27, 0x11, 0x03, 0x36, 0xEB, 0x80, 0xA0, 0x47, 0x89, 0x45,
    0x84, 0xF2, 0x28, 0x0E, 0xE5, 0xF0, 0x8D, 0x47, 0x9D, 0x4F, 0x58, 0xCF, 0x68, 0xD8, 0x7C, 0x60,
    0x15, 0x25, 0xCF, 0xB3, 0x3A, 0xE5, 0xCA, 0x08, 0x43, 0x50, 0x13, 0x34, 0xB5, 0x03, 0x7D, 0x71,
    0x92, 0x78, 0x90, 0xAF, 0xBD, 0xC1, 0x41, 0x77, 0x3B, 0xA8, 0xA9, 0x3B, 0x02, 0xCC, 0xD7, 0x4B,
    0xE3, 0x07, 0x00, 0xFA, 0x5B, 0x5F, 0xCD, 0x09, 0x80, 0x7A, 0x3C, 0x95, 0x31, 0xCA, 0xE0, 0xE9,
    0x58, 0xA4, 0x00, 0xA0, 0x21, 0x07, 0xCA, 0x2D, 0x44, 0x3D, 0xBA, 0x39, 0x0F, 0x00, 0xE3, 0x01,
    0x69, 0x2F, 0x6C, 0x64, 0x80, 0x08, 0xA8, 0x7C, 0xDE, 0x00, 0x34, 0x6E, 0xF7, 0xCB, 0xCC, 0x7A,
    0x1F, 0x0C, 0x9F, 0xE7, 0xBE, 0x94, 0x5B, 0x1A, 0xEA, 0x86, 0x41, 0x4D, 0x9D, 0x9C, 0x07, 0xE6,
    0x94, 0xD0, 0xA1, 0xC3, 0x23, 0x98, 0x7C, 0x0F, 0x30, 0x5C, 0xC1, 0xF9, 0x27, 0xC4, 0xE5, 0x03,
    0xCA, 0x68, 0xB0, 0xBB, 0x6E, 0xDE, 0xBB, 0x27, 0x6F, 0x65, 0x94, 0x1B, 0xC0, 0x87, 0x16, 0xD0,
    0xB4, 0xA0, 0x20, 0x8A, 0xA8, 0xE9, 0x49, 0x90, 0x37, 0xF8, 0x3A, 0x8C, 0xCC, 0x0D, 0xC0, 0xDA,
    0xCE, 0x6F, 0xC6, 0xF6, 0x70, 0xAF, 0x9D, 0x8F, 0x89, 0xA6, 0x6D, 0xEF, 0x3F, 0xBB, 0x30, 0x71,
    0x53, 0x3E, 0x85, 0xBC, 0x02, 0x83, 0x65, 0xF2, 0x2E, 0xEA, 0x1C, 0x37, 0x50, 0x13, 0x05, 0x40,
    0x9E, 0x81, 0xB7, 0x49, 0x56, 0xBE, 0x81, 0xE2, 0x08, 0x38, 0x38, 0xAA, 0x82, 0xFC, 0x78, 0x71,
    0x70, 0x6C, 0x49, 0x60, 0x9B, 0xC0, 0x72, 0x9A, 0xE5, 0x34, 0xCB, 0x69, 0x96, 0xD3, 0x2C, 0xA7,
    0x41, 0x61, 0x20, 0x02, 0x25, 0x12, 0x49, 0xFC, 0x80, 0x7E, 0x4D, 0x2D, 0x2A, 0xBA, 0x2D, 0x95,
    0x09, 0x43, 0x2F, 0x6B, 0xCD, 0x28, 0x2A, 0x2F, 0xD6, 0x41, 0x2C, 0x93, 0x08, 0xB2, 0x62, 0xE7,
    0x44, 0xED, 0xC5, 0x66, 0xE1, 0xA6, 0x3E, 0xDC, 0x6F, 0xEA, 0x31, 0xEB, 0xF1, 0x56, 0x80, 0x8E,
    0x76, 0xBF, 0x91, 0xA5, 0x3E, 0xE1, 0x58, 0x3E, 0x97, 0x5D, 0x83, 0xC7, 0xF6, 0x23, 0xCE, 0xC7,
    0xF6, 0x64, 0x59, 0x57, 0x65, 0x9D, 0x18, 0x01, 0xA9, 0x7F, 0x79, 0x81, 0x4B, 0x56, 0xD4, 0x6E,
    0xCF, 0x1F, 0x99, 0x82, 0x68, 0x02, 0x74, 0xDE, 0xBA, 0x23, 0xA2, 0x9E, 0x13, 0x5F, 0x91, 0xAB,
    0x93, 0x76, 0x1B, 0xAB, 0x16, 0xED, 0x0E, 0xA0, 0x27, 0xA9, 0x37, 0x2E, 0xDB, 0x8B, 0x9D, 0xBD,
    0x20, 0x51, 0x58, 0xE5, 0x59, 0xD1, 0xE9, 0xDF, 0xEE, 0x87, 0xCD, 0xA8, 0x5D, 0x15, 0xB4, 0x67,
    0x97, 0x26, 0x68, 0xA7, 0x7C, 0x45, 0xD7, 0x9D, 0x99, 0x78, 0xFF, 0x6F, 0xC8, 0xE5, 0x67, 0x01,
    0x0D, 0xE5, 0x36, 0x1E, 0xE8, 0x33, 0x56, 0x8F, 0x10, 0xDD, 0xBE, 0x2F, 0x9C, 0x7C, 0xCC, 0x4E,
    0x4C, 0x49, 0xD4, 0xE7, 0x93, 0xCF, 0xB2, 0x01, 0x25, 0x4E, 0x3C, 0xFD, 0x8E, 0x50, 0x27, 0xE5,
    0x1E, 0x42, 0xCD, 0xCA, 0xBD, 0xCB, 0x75, 0x2A, 0x9F, 0x3C, 0xDB, 0x8B, 0x9D, 0xFD, 0x37, 0xA5,
    0x72, 0xA7, 0xF6, 0xA2, 0x5A, 0x94, 0x7B, 0x25, 0xEF, 0xF9, 0xB1, 0x3C, 0xF0, 0x71, 0x5A, 0x9F,
    0xB5, 0x7B, 0x2E, 0xA7, 0xEC, 0xF3, 0x53, 0x65, 0x2F, 0xF5, 0xC0, 0xE5, 0xB6, 0x3D, 0xE2, 0xB2,
    0xB0, 0xBB, 0xD1, 0x44, 0x00, 0xB4, 0xFB, 0xEC, 0x42, 0xBE, 0x2F, 0xD1, 0xDD, 0x9C, 0xAB, 0xD3,
    0x36, 0xE5, 0x51, 0x93, 0x45, 0x49, 0x52, 0xDA, 0xAF, 0xFD, 0xAE, 0xBD, 0x34, 0x13, 0x50, 0x6D,
    0xD7, 0x63, 0x90, 0xF3, 0x4D, 0xD8, 0x7D, 0xCD, 0x30, 0xF6, 0x22, 0x57, 0x58, 0x73, 0x5D, 0x8A,
    0x68, 0x64, 0x12, 0x80, 0xCE, 0x03, 0x35, 0xF5, 0x16, 0x1B, 0x7A, 0x7F, 0xC2, 0x66, 0x78, 0xE0,
    0xF1, 0x9A, 0x21, 0x29, 0x91, 0x4D, 0xA5, 0xAC, 0x21, 0x0B, 0x28, 0xA1, 0xEE, 0x6C, 0x35, 0xF3,
    0x56, 0x8D, 0xB0, 0xF1, 0xBC, 0x1F, 0x17, 0x1A, 0x22, 0x30, 0x8B, 0x60, 0x81, 0x03, 0xBE, 0x81,
    0xBB, 0x42, 0xDC, 0x51, 0x24, 0x66, 0x43, 0xB3, 0xB4, 0x53, 0x42, 0x2D, 0xED, 0xAA, 0x63, 0x1C,
    0x26, 0x33, 0x45, 0xED, 0x4D, 0x1F, 0x9B, 0x65, 0x40, 0xAC, 0x02, 0x53, 0x86, 0x47, 0xFF, 0xC1,
    0x5D, 0x01, 0xFF, 0x0B, 0xC8, 0x57, 0x56, 0x12, 0x51, 0x66, 0x14, 0x66, 0xCE, 0x36, 0x81, 0x29,
    0x23, 0x83, 0x74, 0x81, 0x42, 0xA8, 0x42, 0xC9, 0x9F, 0x96, 0xBC, 0x17, 0xF2, 0x82, 0x63, 0x12,
    0xA4, 0x64, 0x65, 0x20, 0xB7, 0x87, 0xE4, 0x5E, 0xE0, 0x2F, 0xCD, 0xD3, 0x21, 0x8C, 0xFC, 0x44,
    0x14, 0x06, 0xF0, 0xAF, 0x6D, 0xEE, 0x2A, 0x2A, 0x06, 0x73, 0xE6, 0x10, 0xB5, 0x1C, 0x09, 0x19,
    0x6F, 0x98, 0x71, 0xD8, 0x13, 0x6C, 0x90, 0x68, 0x14, 0x5E, 0xDC, 0xCD, 0x78, 0xCC, 0x0A, 0x7C,
    0x90, 0x70, 0x06, 0x9F, 0x5C, 0xB6, 0xE3, 0x0D, 0x45, 0xA0, 0x30, 0x15, 0x28, 0xD4, 0x84, 0x54,
    0xF4, 0x48, 0xDB, 0xC7, 0xFB, 0xB6, 0x9B, 0xDD, 0xE5, 0xB0, 0x88, 0xFF, 0x4B, 0xF6, 0xB7, 0xD9,
    0x37, 0x33, 0x93, 0xF6, 0x9B, 0x59, 0x14, 0xD0, 0x6A, 0x7A, 0xC5, 0x4C, 0x4A, 0x2D, 0x0A, 0xBA,
    0xA4, 0xB4, 0x83, 0x52, 0x8D, 0x3A, 0xFA, 0x36, 0x6B, 0x4B, 0x56, 0x54, 0x22, 0x02, 0xB3, 0xD4,
    0xE2, 0x75, 0xAC, 0x8B, 0x2E, 0xC2, 0xA5, 0x00, 0xB4, 0xE9, 0xA0, 0xAB, 0x7B, 0xA5, 0x39, 0x63,
    0x52, 0x20, 0xCE, 0xC3, 0x46, 0x9B, 0x10, 0x60, 0xC6, 0x62, 0xD5, 0xDD, 0x65, 0x46, 0x21, 0x32,
    0x00, 0x56, 0x3C, 0xB6, 0xBA, 0x5D, 0x7D, 0x44, 0x27, 0x7F, 0x65, 0x6E, 0x3F, 0x9A, 0xF5, 0x2B,
    0x19, 0xDA, 0x0C, 0x49, 0x2E, 0x95, 0xD2, 0x07, 0x6F, 0x24, 0x77, 0x70, 0xBF, 0x2B, 0xF2, 0x45,
    0xEE, 0xAA, 0xA5, 0xCE, 0x9D, 0x19, 0xEB, 0x1C, 0x42, 0xDF, 0x64, 0x27, 0xDE, 0x0C, 0x76, 0x81,
    0x4B, 0xED, 0x5C, 0x48, 0x74, 0x22, 0x82, 0x4E, 0x64, 0xC2, 0x67, 0x56, 0xF8, 0x4A, 0x5F, 0x42,
    0xAB, 0x20, 0xA8, 0x22, 0xAD, 0x13, 0x35, 0x3D, 0x6D, 0x33, 0xB5, 0x23, 0x75, 0x33, 0x3D, 0x2C,
    0x74, 0x0E, 0x4A, 0x39, 0x39, 0xAF, 0x8B, 0x72, 0x9B, 0x80, 0x66, 0xE0, 0x02, 0x93, 0xEA, 0x0C,
    0xD8, 0xC8, 0x44, 0x1C, 0xCA, 0x19, 0x78, 0x06, 0x74, 0xC1, 0xAC, 0xEB, 0x50, 0x4C, 0x6C, 0x56,
    0xC7, 0x09, 0x9C, 0x66, 0x92, 0xE9, 0xB9, 0xB0, 0x15, 0xAD, 0xEC, 0xE8, 0x14, 0xE8, 0x7C, 0xB7,
    0xD3, 0x7A, 0xDC, 0x3A, 0xD7, 0x62, 0xE5, 0x6E, 0x1F, 0xA8, 0x3F, 0x01, 0x3F, 0xE2, 0xFE, 0xE5,
    0xE5, 0x07, 0x27, 0x92, 0x83, 0x7E, 0xB4, 0x8D, 0xE0, 0x01, 0xCB, 0x78, 0x32, 0x50, 0x31, 0x3F,
    0x36, 0x9D, 0xDF, 0xE2, 0x3D, 0x86, 0x30, 0x6C, 0x13, 0x3A, 0xA0, 0x98, 0xB5, 0x35, 0x6E, 0x43,
    0x2E, 0x02, 0x02, 0x6D, 0x9F, 0xF6, 0xB3, 0xFA, 0x01, 0x8B, 0x01, 0xC5, 0x0B, 0x38, 0x55, 0xDD,
    0x83, 0x81, 0x2A, 0xAD, 0x57, 0x1C, 0x7B, 0x4F, 0x64, 0xE6, 0xE1, 0x8E, 0xE0, 0x31, 0xFD, 0xBF,
    0xD3, 0x48, 0xAF, 0x34, 0x89, 0x73, 0xA3, 0x62, 0xA1, 0xF5, 0x40, 0x6E, 0x60, 0x53, 0xE8, 0x43,
    0x6F, 0xD3, 0x0D, 0x58, 0xBB, 0x47, 0xA5, 0x94, 0xE3, 0x9A, 0x2B, 0x1B, 0x85, 0x09, 0xD0, 0xB6,
    0xA7, 0x36, 0x51, 0x17, 0x69, 0x20, 0xE8, 0x08, 0x16, 0xC2, 0x7C, 0xEE, 0x50, 0xAA, 0xCE, 0x57,
    0xA3, 0x1A, 0x19, 0x60, 0x9B, 0xB8, 0x81, 0xE9, 0x99, 0x5A, 0xC3, 0xAB, 0x88, 0x2A, 0xBB, 0xA8,
    0x8E, 0x0E, 0x5C, 0xD3, 0xA9, 0x98, 0x17, 0x7A, 0x98, 0xA9, 0xDB, 0x1C, 0x69, 0x7B, 0xF5, 0x04,
    0x85, 0xA7, 0xDF, 0x00, 0xC5, 0xF7, 0xA8, 0x64, 0x80, 0x15, 0x18, 0x99, 0x21, 0x92, 0xDC, 0xAF,
    0x52, 0xBD, 0xB5, 0x83, 0x83, 0xFD, 0xA5, 0xAF, 0xF2, 0x13, 0x1A, 0xF1, 0xE5, 0xF8, 0x84, 0x72,
    0x41, 0xA1, 0x5F, 0xD5, 0xAA, 0x5F, 0xCF, 0xDA, 0x8C, 0xE5, 0xA8, 0x53, 0xBE, 0x1B, 0xAA, 0x6C,
    0x7F, 0x5B, 0xCB, 0xE5, 0xEB, 0xC1, 0xC8, 0x84, 0x4E, 0x52, 0x25, 0x3D, 0x5A, 0xE1, 0xB3, 0xA3,
    0x60, 0x10, 0xF8, 0x76, 0xCF, 0x34, 0x26, 0xE8, 0x1A, 0x1E, 0xF7, 0xDF, 0x99, 0x2F, 0xFE, 0xD1,
    0xE9, 0xBD, 0x9D, 0x27, 0xE7, 0x00, 0x3A, 0x72, 0x20, 0x2B, 0x59, 0xCE, 0xA7, 0x40, 0xCA, 0x23,
    0x93, 0x52, 0x1D, 0xB9, 0x1C, 0xE0, 0x16, 0x2F, 0x19, 0x14, 0x66, 0x03, 0x46, 0xF3, 0x10, 0x94,
    0x20, 0x1E, 0x90, 0xF5, 0xFC, 0xBF, 0x66, 0xF1, 0xC1, 0xCC, 0xEA, 0x5B, 0x27, 0xA3, 0xFD, 0xFC,
    0x63, 0x59, 0x3F, 0x41, 0x98, 0xB5, 0xBB, 0x87, 0x67, 0x1F, 0xF7, 0x97, 0x7E, 0xA7, 0xFD, 0xDB,
    0xFD, 0x7F, 0x2E, 0x8A, 0xF5, 0xE0, 0x85, 0xBC, 0x02, 0xE5, 0xF1, 0xA4, 0x87, 0xD3, 0x1D, 0xF9,
    0xF4, 0xE7, 0x3F, 0x5F, 0xAE, 0x46, 0xEF, 0x96, 0xDD, 0xEE, 0xDF, 0x37, 0xEE, 0x5D, 0xBD, 0x02,
    0x68, 0x17, 0xE0, 0x96, 0x41, 0x75, 0xAB, 0x87, 0x95, 0x1E, 0xD0, 0x1F, 0x1B, 0xDB, 0xCF, 0x82,
    0x03, 0xA8, 0xB7, 0xC6, 0xAC, 0x14, 0xAF, 0xB8, 0x94, 0x68, 0xC5, 0x0B, 0x60, 0x19, 0xBF, 0xED,
    0xCB, 0xF0, 0xFF, 0xE0, 0x59, 0xB0, 0x5F, 0xC8, 0xD6, 0x88, 0x1B, 0x85, 0xAC, 0x1C, 0xD8, 0x9F,
    0xCE, 0x67, 0x85, 0xB2, 0x07, 0xDE, 0xED, 0x9C, 0x2E, 0xFC, 0x03, 0xAD, 0xCD, 0xA1, 0x0D, 0x80,
    0x40, 0x0C, 0x85, 0xE1, 0x57, 0x9A, 0x5C, 0x05, 0x43, 0x31, 0x1A, 0xAB, 0x54, 0x60, 0x99, 0x81,
    0x95, 0x4E, 0x22, 0x9A, 0x2B, 0xEF, 0x80, 0x04, 0x3C, 0x98, 0xCF, 0xFC, 0xE2, 0x07, 0x20, 0x8E,
    0xE2, 0x16, 0x98, 0xDA, 0x18, 0xC8, 0x66, 0x21, 0xB9, 0x8A, 0x0F, 0xC1, 0xF4, 0xA0, 0x01, 0x59,
    0xB6, 0x0C, 0xDD, 0x4F, 0xE6, 0x0E, 0xC3, 0x0F, 0x70, 0x5E, 0x9C, 0x73, 0xAB, 0x48, 0xC2, 0xB9,
    0x55, 0x86, 0x37, 0xDA, 0xE1, 0xF7, 0x86, 0xF3, 0x2B, 0x7C, 0xE7, 0x00,
};

static const EpdGlyph lexenddeca_16_regularGlyphs[] = {
    { 0, 0, 148, 0, 0, 0, 0 }, // U+000D
    { 0, 0, 149, 0, 0, 0, 0 }, // U+0020
    { 6, 25, 126, 1, 24, 38, 0 }, // !
    { 12, 10, 220, 1, 24, 30, 38 }, // "
    { 21, 24, 362, 1, 24, 126, 68 }, // #
    { 18, 31, 333, 1, 27, 140, 194 }, // $
    { 26, 25, 447, 1, 24, 163, 334 }, // %
    { 23, 25, 394, 1, 24, 144, 497 }, // &
    { 5, 10, 109, 1, 24, 13, 641 }, // '
    { 11, 31, 195, 1, 24, 86, 654 }, // (
    { 11, 31, 195, 0, 24, 86, 740 }, // )
    { 11, 12, 206, 1, 24, 33, 826 }, // *
    { 18, 17, 315, 1, 18, 77, 859 }, // +
    { 7, 10, 142, 1, 4, 18, 936 }, // ,
    { 11, 5, 210, 1, 12, 14, 954 }, // -
    { 6, 6, 122, 1, 5, 9, 968 }, // .
    { 18, 29, 297, 0, 24, 131, 977 }, // /
    { 18, 25, 324, 1, 24, 113, 1108 }, // 0
    { 13, 24, 267, 2, 24, 78, 1221 }, // 1
    { 17, 24, 292, 1, 24, 102, 1299 }, // 2
    { 17, 25, 282, 0, 24, 107, 1401 }, // 3
    { 19, 24, 331, 1, 24, 114, 1508 }, // 4
    { 16, 25, 303, 1, 24, 100, 1622 }, // 5
    { 17, 24, 297, 1, 24, 102, 1722 }, // 6
    { 15, 24, 289, 2, 24, 90, 1824 }, // 7
    { 17, 25, 309, 1, 24, 107, 1914 }, // 8
    { 17, 24, 294, 1, 24, 102, 2021 }, // 9
    { 6, 19, 122, 1, 18, 29, 2123 }, // :
    { 7, 24, 140, 1, 18, 42, 2152 }, // ;
    { 15, 17, 279, 1, 17, 64, 2194 }, // <
    { 17, 11, 302, 1, 15, 47, 2258 }, // =
    { 14, 17, 279, 2, 17, 60, 2305 }, // >
    { 16, 25, 272, 0, 24, 100, 2365 }, // ?
    { 30, 30, 515, 1, 24, 225, 2465 }, // @
    { 23, 24, 373, 0, 24, 138, 2690 }, // A
    { 19, 24, 363, 3, 24, 114, 2828 }, // B
    { 21, 25, 362, 1, 24, 132, 2942 }, // C
    { 21, 24, 399, 3, 24, 126, 3074 }, // D
    { 15, 24, 327, 3, 24, 90, 3200 }, // E
    { 16, 24, 321, 3, 24, 96, 3290 }, // F
    { 24, 25, 408, 1, 24, 150, 3386 }, // G
    { 20, 24, 406, 3, 24, 120, 3536 }, // H
    { 12, 24, 255, 2, 24, 72, 3656 }, // I
    { 19, 25, 342, 1, 24, 119, 3728 }, // J
    { 21, 24, 390, 3, 24, 126, 3847 }, // K
    { 15, 24, 319, 3, 24, 90, 3973 }, // L
    { 23, 24, 461, 3, 24, 138, 4063 }, // M
    { 21, 24, 423, 3, 24, 126, 4201 }, // N
    { 24, 25, 417, 1, 24, 150, 4327 }, // O
    { 17, 24, 338, 3, 24, 102, 4477 }, // P
    { 24, 28, 417, 1, 24, 168, 4579 }, // Q
    { 19, 25, 371, 3, 24, 119, 4747 }, // R
    { 18, 25, 333, 1, 24, 113, 4866 }, // S
    { 18, 24, 307, 1, 24, 108, 4979 }, // T
    { 20, 25, 395, 2, 24, 125, 5087 }, // U
    { 24, 24, 381, 0, 24, 144, 5212 }, // V
    { 33, 24, 531, 0, 24, 198, 5356 }, // W
    { 23, 24, 365, 0, 24, 138, 5554 }, // X
    { 22, 24, 352, 0, 24, 132, 5692 }, // Y
    { 19, 24, 351, 2, 24, 114, 5824 }, // Z
    { 10, 31, 215, 2, 24, 78, 5938 }, // [
    { 18, 28, 297, 1, 24, 126, 6016 }, // <backslash>
    { 9, 31, 215, 2, 24, 70, 6142 }, // ]
    { 19, 13, 309, 0, 25, 62, 6212 }, // ^
    { 21, 4, 368, 1, -2, 21, 6274 }, // _
    { 8, 7, 267, 4, 27, 14, 6295 }, // `
    { 18, 19, 338, 1, 18, 86, 6309 }, // a
    { 18, 26, 336, 2, 25, 117, 6395 }, // b
    { 16, 19, 285, 1, 18, 76, 6512 }, // c
    { 18, 26, 338, 1, 25, 117, 6588 }, // d
    { 18, 19, 312, 1, 18, 86, 6705 }, // e
    { 12, 25, 210, 1, 25, 75, 6791 }, // f
    { 19, 26, 346, 1, 18, 124, 6866 }, // g
    { 16, 25, 317, 2, 25, 100, 6990 }, // h
    { 5, 26, 148, 2, 26, 33, 7090 }, // i
    { 8, 33, 141, -1, 26, 66, 7123 }, // j
    { 17, 25, 303, 2, 25, 107, 7189 }, // k
    { 4, 25, 134, 2, 25, 25, 7296 }, // l
    { 27, 18, 491, 2, 18, 122, 7321 }, // m
    { 16, 18, 317, 2, 18, 72, 7443 }, // n
    { 19, 19, 328, 1, 18, 91, 7515 }, // o
    { 18, 26, 336, 2, 18, 117, 7606 }, // p
    { 18, 26, 336, 1, 18, 117, 7723 }, // q
    { 12, 18, 215, 2, 18, 54, 7840 }, // r
    { 14, 19, 255, 1, 18, 67, 7894 }, // s
    { 13, 22, 205, 0, 22, 72, 7961 }, // t
    { 16, 19, 323, 2, 18, 76, 8033 }, // u
    { 19, 18, 306, 0, 18, 86, 8109 }, // v
    { 26, 18, 427, 0, 18, 117, 8195 }, // w
    { 19, 18, 300, 0, 18, 86, 8312 }, // x
    { 20, 26, 310, 0, 18, 130, 8398 }, // y
    { 14, 18, 258, 1, 18, 63, 8528 }, // z
    { 12, 31, 219, 1, 24, 93, 8591 }, // {
    { 4, 32, 123, 2, 25, 32, 8684 }, // |
    { 13, 31, 219, 0, 24, 101, 8716 }, // }
    { 15, 6, 272, 1, 13, 23, 8817 }, // ~
    { 0, 0, 149, 0, 0, 0, 0 }, // U+00A0
    { 6, 25, 126, 1, 19, 38, 0 }, // U+00A1
    { 16, 24, 285, 1, 24, 96, 38 }, // U+00A2
    { 19, 25, 325, 1, 24, 119, 134 }, // U+00A3
    { 16, 16, 293, 1, 18, 64, 253 }, // U+00A4
    { 22, 24, 352, 0, 24, 132, 317 }, // U+00A5
    { 4, 32, 127, 2, 25, 32, 449 }, // U+00A6
    { 17, 29, 293, 1, 24, 124, 481 }, // U+00A7
    { 12, 5, 267, 2, 26, 15, 605 }, // U+00A8
    { 24, 25, 419, 1, 24, 150, 620 }, // U+00A9
    { 12, 12, 195, 0, 25, 36, 770 }, // U+00AA
    { 15, 15, 259, 0, 16, 57, 806 }, // U+00AB
    { 20, 11, 357, 1, 14, 55, 863 }, // U+00AC
    { 11, 5, 210, 1, 12, 14, 918 }, // U+00AD
    { 17, 16, 270, 0, 24, 68, 932 }, // U+00AE
    { 11, 3, 226, 3, 24, 9, 1000 }, // U+00AF
    { 12, 11, 284, 3, 24, 33, 1009 }, // U+00B0
    { 17, 19, 310, 1, 18, 81, 1042 }, // U+00B1
    { 9, 13, 185, 1, 27, 30, 1123 }, // U+00B2
    { 9, 13, 182, 1, 26, 30, 1153 }, // U+00B3
    { 8, 7, 267, 4, 27, 14, 1183 }, // U+00B4
    { 16, 24, 312, 2, 18, 96, 1197 }, // U+00B5
    { 20, 24, 380, 1, 24, 120, 1293 }, // U+00B6
    { 6, 6, 122, 1, 14, 9, 1413 }, // U+00B7
    { 7, 10, 267, 5, 1, 18, 1422 }, // U+00B8
    { 6, 13, 150, 1, 26, 20, 1440 }, // U+00B9
    { 12, 11, 189, 0, 24, 33, 1460 }, // U+00BA
    { 15, 15, 262, 1, 16, 57, 1493 }, // U+00BB
    { 25, 25, 423, 1, 24, 157, 1550 }, // U+00BC
    { 25, 24, 419, 1, 24, 150, 1707 }, // U+00BD
    { 25, 25, 422, 0, 24, 157, 1857 }, // U+00BE
    { 16, 25, 272, 0, 19, 100, 2014 }, // U+00BF
    { 23, 31, 373, 0, 31, 179, 2114 }, // U+00C0
    { 23, 31, 373, 0, 31, 179, 2293 }, // U+00C1
    { 23, 30, 373, 0, 30, 173, 2472 }, // U+00C2
    { 23, 30, 373, 0, 30, 173, 2645 }, // U+00C3
    { 23, 30, 373, 0, 30, 173, 2818 }, // U+00C4
    { 23, 30, 373, 0, 30, 173, 2991 }, // U+00C5
    { 30, 24, 517, 0, 24, 180, 3164 }, // U+00C6
    { 21, 33, 362, 1, 24, 174, 3344 }, // U+00C7
    { 15, 31, 327, 3, 31, 117, 3518 }, // U+00C8
    { 15, 31, 327, 3, 31, 117, 3635 }, // U+00C9
    { 15, 30, 327, 3, 30, 113, 3752 }, // U+00CA
    { 15, 30, 327, 3, 30, 113, 3865 }, // U+00CB
    { 12, 31, 255, 2, 31, 93, 3978 }, // U+00CC
    { 12, 31, 255, 2, 31, 93, 4071 }, // U+00CD
    { 12, 30, 255, 2, 30, 90, 4164 }, // U+00CE
    { 12, 30, 255, 2, 30, 90, 4254 }, // U+00CF
    { 23, 24, 399, 1, 24, 138, 4344 }, // U+00D0
    { 21, 30, 423, 3, 30, 158, 4482 }, // U+00D1
    { 24, 32, 417, 1, 31, 192, 4640 }, // U+00D2
    { 24, 32, 417, 1, 31, 192, 4832 }, // U+00D3
    { 24, 31, 417, 1, 30, 186, 5024 }, // U+00D4
    { 24, 31, 417, 1, 30, 186, 5210 }, // U+00D5
    { 24, 31, 417, 1, 30, 186, 5396 }, // U+00D6
    { 14, 15, 258, 1, 17, 53, 5582 }, // U+00D7
    { 24, 27, 411, 1, 25, 162, 5635 }, // U+00D8
    { 20, 32, 395, 2, 31, 160, 5797 }, // U+00D9
    { 20, 32, 395, 2, 31, 160, 5957 }, // U+00DA
    { 20, 31, 395, 2, 30, 155, 6117 }, // U+00DB
    { 20, 31, 395, 2, 30, 155, 6272 }, // U+00DC
    { 22, 31, 352, 0, 31, 171, 6427 }, // U+00DD
    { 17, 24, 338, 3, 24, 102, 6598 }, // U+00DE
    { 20, 26, 354, 1, 25, 130, 6700 }, // U+00DF
    { 18, 28, 338, 1, 27, 126, 6830 }, // U+00E0
    { 18, 28, 338, 1, 27, 126, 6956 }, // U+00E1
    { 18, 27, 338, 1, 26, 122, 7082 }, // U+00E2
    { 18, 26, 338, 1, 25, 117, 7204 }, // U+00E3
    { 18, 27, 338, 1, 26, 122, 7321 }, // U+00E4
    { 18, 29, 338, 1, 28, 131, 7443 }, // U+00E5
    { 28, 19, 479, 1, 18, 133, 7574 }, // U+00E6
    { 16, 27, 285, 1, 18, 108, 7707 }, // U+00E7
    { 18, 28, 312, 1, 27, 126, 7815 }, // U+00E8
    { 18, 28, 312, 1, 27, 126, 7941 }, // U+00E9
    { 18, 27, 312, 1, 26, 122, 8067 }, // U+00EA
    { 18, 27, 312, 1, 26, 122, 8189 }, // U+00EB
    { 8, 27, 130, -1, 27, 54, 8311 }, // U+00EC
    { 8, 27, 130, 0, 27, 54, 8365 }, // U+00ED
    { 12, 26, 130, -2, 26, 78, 8419 }, // U+00EE
    { 12, 26, 130, -2, 26, 78, 8497 }, // U+00EF
    { 17, 26, 306, 1, 25, 111, 8575 }, // U+00F0
    { 16, 25, 317, 2, 25, 100, 8686 }, // U+00F1
    { 19, 28, 328, 1, 27, 133, 8786 }, // U+00F2
    { 19, 28, 328, 1, 27, 133, 8919 }, // U+00F3
    { 19, 27, 328, 1, 26, 129, 9052 }, // U+00F4
    { 19, 26, 328, 1, 25, 124, 9181 }, // U+00F5
    { 19, 27, 328, 1, 26, 129, 9305 }, // U+00F6
    { 18, 17, 318, 1, 17, 77, 9434 }, // U+00F7
    { 19, 21, 328, 1, 19, 100, 9511 }, // U+00F8
    { 16, 28, 323, 2, 27, 112, 9611 }, // U+00F9
    { 16, 28, 323, 2, 27, 112, 9723 }, // U+00FA
    { 16, 27, 323, 2, 26, 108, 9835 }, // U+00FB
    { 16, 27, 323, 2, 26, 108, 9943 }, // U+00FC
    { 20, 35, 310, 0, 27, 175, 10051 }, // U+00FD
    { 18, 33, 336, 2, 25, 149, 10226 }, // U+00FE
    { 20, 34, 310, 0, 26, 170, 10375 }, // U+00FF
    { 23, 29, 373, 0, 29, 167, 0 }, // U+0100
    { 18, 25, 338, 1, 24, 113, 167 }, // U+0101
    { 23, 30, 373, 0, 30, 173, 280 }, // U+0102
    { 18, 27, 338, 1, 26, 122, 453 }, // U+0103
    { 24, 31, 373, 0, 24, 186, 575 }, // U+0104
    { 19, 25, 338, 1, 18, 119, 761 }, // U+0105
    { 21, 32, 362, 1, 31, 168, 880 }, // U+0106
    { 16, 28, 285, 1, 27, 112, 1048 }, // U+0107
    { 21, 31, 362, 1, 30, 163, 1160 }, // U+0108
    { 16, 27, 285, 1, 26, 108, 1323 }, // U+0109
    { 21, 31, 362, 1, 30, 163, 1431 }, // U+010A
    { 16, 27, 285, 1, 26, 108, 1594 }, // U+010B
    { 21, 31, 362, 1, 30, 163, 1702 }, // U+010C
    { 16, 27, 285, 1, 26, 108, 1865 }, // U+010D
    { 21, 30, 399, 3, 30, 158, 1973 }, // U+010E
    { 25, 26, 348, 1, 25, 163, 2131 }, // U+010F
    { 23, 24, 399, 1, 24, 138, 2294 }, // U+0110
    { 21, 26, 338, 1, 25, 137, 2432 }, // U+0111
    { 15, 29, 327, 3, 29, 109, 2569 }, // U+0112
    { 18, 25, 312, 1, 24, 113, 2678 }, // U+0113
    { 15, 30, 327, 3, 30, 113, 2791 }, // U+0114
    { 18, 27, 312, 1, 26, 122, 2904 }, // U+0115
    { 15, 30, 327, 3, 30, 113, 3026 }, // U+0116
    { 18, 27, 312, 1, 26, 122, 3139 }, // U+0117
    { 15, 31, 327, 3, 24, 117, 3261 }, // U+0118
    { 18, 25, 312, 1, 18, 113, 3378 }, // U+0119
    { 15, 30, 327, 3, 30, 113, 3491 }, // U+011A
    { 18, 27, 312, 1, 26, 122, 3604 }, // U+011B
    { 24, 31, 408, 1, 30, 186, 3726 }, // U+011C
    { 19, 34, 346, 1, 26, 162, 3912 }, // U+011D
    { 24, 31, 408, 1, 30, 186, 4074 }, // U+011E
    { 19, 34, 346, 1, 26, 162, 4260 }, // U+011F
    { 24, 31, 408, 1, 30, 186, 4422 }, // U+0120
    { 19, 34, 346, 1, 26, 162, 4608 }, // U+0121
    { 24, 33, 408, 1, 24, 198, 4770 }, // U+0122
    { 19, 35, 346, 1, 27, 167, 4968 }, // U+0123
    { 20, 30, 406, 3, 30, 150, 5135 }, // U+0124
    { 16, 31, 317, 2, 31, 124, 5285 }, // U+0125
    { 26, 24, 457, 1, 24, 156, 5409 }, // U+0126
    { 18, 25, 317, 0, 25, 113, 5565 }, // U+0127
    { 12, 30, 255, 2, 30, 90, 5678 }, // U+0128
    { 12, 25, 130, -2, 25, 75, 5768 }, // U+0129
    { 12, 29, 255, 2, 29, 87, 5843 }, // U+012A
    { 10, 24, 130, -1, 24, 60, 5930 }, // U+012B
    { 12, 30, 255, 2, 30, 90, 5990 }, // U+012C
    { 12, 26, 130, -2, 26, 78, 6080 }, // U+012D
    { 12, 31, 255, 2, 24, 93, 6158 }, // U+012E
    { 8, 33, 130, -1, 26, 66, 6251 }, // U+012F
    { 12, 30, 255, 2, 30, 90, 6317 }, // U+0130
    { 4, 18, 130, 2, 18, 18, 6407 }, // U+0131
    { 34, 25, 597, 2, 24, 213, 6425 }, // U+0132
    { 15, 33, 290, 2, 26, 124, 6638 }, // U+0133
    { 19, 31, 342, 1, 30, 148, 6762 }, // U+0134
    { 12, 33, 140, -2, 26, 99, 6910 }, // U+0135
    { 21, 33, 390, 3, 24, 174, 7009 }, // U+0136
    { 17, 34, 303, 2, 25, 145, 7183 }, // U+0137
    { 16, 19, 295, 2, 18, 76, 7328 }, // U+0138
    { 17, 31, 319, 1, 31, 132, 7404 }, // U+0139
    { 8, 32, 134, 1, 32, 64, 7536 }, // U+013A
    { 15, 33, 319, 3, 24, 124, 7600 }, // U+013B
    { 6, 34, 134, 1, 25, 51, 7724 }, // U+013C
    { 15, 24, 319, 3, 24, 90, 7775 }, // U+013D
    { 11, 25, 145, 2, 25, 69, 7865 }, // U+013E
    { 15, 24, 319, 3, 24, 90, 7934 }, // U+013F
    { 11, 25, 187, 2, 25, 69, 8024 }, // U+0140
    { 19, 24, 340, 1, 24, 114, 8093 }, // U+0141
    { 10, 25, 135, -1, 25, 63, 8207 }, // U+0142
    { 21, 31, 423, 3, 31, 163, 8270 }, // U+0143
    { 16, 27, 317, 2, 27, 108, 8433 }, // U+0144
    { 21, 33, 423, 3, 24, 174, 8541 }, // U+0145
    { 16, 27, 317, 2, 18, 108, 8715 }, // U+0146
    { 21, 30, 423, 3, 30, 158, 8823 }, // U+0147
    { 16, 26, 317, 2, 26, 104, 8981 }, // U+0148
    { 21, 24, 339, -2, 24, 126, 9085 }, // U+0149
    { 21, 31, 423, 3, 24, 163, 9211 }, // U+014A
    { 16, 25, 317, 2, 18, 100, 9374 }, // U+014B
    { 24, 30, 417, 1, 29, 180, 9474 }, // U+014C
    { 19, 25, 328, 1, 24, 119, 9654 }, // U+014D
    { 24, 31, 417, 1, 30, 186, 9773 }, // U+014E
    { 19, 27, 328, 1, 26, 129, 9959 }, // U+014F
    { 24, 33, 417, 1, 32, 198, 10088 }, // U+0150
    { 19, 28, 328, 1, 27, 133, 10286 }, // U+0151
    { 31, 24, 548, 1, 24, 186, 10419 }, // U+0152
    { 32, 19, 542, 1, 18, 152, 10605 }, // U+0153
    { 19, 32, 371, 3, 31, 152, 10757 }, // U+0154
    { 12, 27, 215, 2, 27, 81, 10909 }, // U+0155
    { 19, 33, 371, 3, 24, 157, 10990 }, // U+0156
    { 13, 27, 215, 1, 18, 88, 11147 }, // U+0157
    { 19, 31, 371, 3, 30, 148, 11235 }, // U+0158
    { 12, 26, 215, 2, 26, 78, 11383 }, // U+0159
    { 18, 32, 333, 1, 31, 144, 0 }, // U+015A
    { 14, 28, 255, 1, 27, 98, 144 }, // U+015B
    { 18, 31, 333, 1, 30, 140, 242 }, // U+015C
    { 14, 27, 255, 1, 26, 95, 382 }, // U+015D
    { 18, 33, 333, 1, 24, 149, 477 }, // U+015E
    { 14, 27, 255, 1, 18, 95, 626 }, // U+015F
    { 18, 31, 333, 1, 30, 140, 721 }, // U+0160
    { 14, 27, 255, 1, 26, 95, 861 }, // U+0161
    { 18, 33, 307, 1, 24, 149, 956 }, // U+0162
    { 13, 31, 205, 0, 22, 101, 1105 }, // U+0163
    { 18, 30, 307, 1, 30, 135, 1206 }, // U+0164
    { 15, 26, 205, 0, 26, 98, 1341 }, // U+0165
    { 18, 24, 307, 1, 24, 108, 1439 }, // U+0166
    { 13, 22, 205, 0, 22, 72, 1547 }, // U+0167
    { 20, 31, 395, 2, 30, 155, 1619 }, // U+0168
    { 16, 26, 323, 2, 25, 104, 1774 }, // U+0169
    { 20, 30, 395, 2, 29, 150, 1878 }, // U+016A
    { 16, 25, 323, 2, 24, 100, 2028 }, // U+016B
    { 20, 31, 395, 2, 30, 155, 2128 }, // U+016C
    { 16, 27, 323, 2, 26, 108, 2283 }, // U+016D
    { 20, 31, 395, 2, 30, 155, 2391 }, // U+016E
    { 16, 29, 323, 2, 28, 116, 2546 }, // U+016F
    { 20, 33, 395, 2, 32, 165, 2662 }, // U+0170
    { 16, 28, 323, 2, 27, 112, 2827 }, // U+0171
    { 20, 31, 395, 2, 24, 155, 2939 }, // U+0172
    { 17, 25, 323, 2, 18, 107, 3094 }, // U+0173
    { 33, 30, 531, 0, 30, 248, 3201 }, // U+0174
    { 26, 26, 427, 0, 26, 169, 3449 }, // U+0175
    { 22, 30, 352, 0, 30, 165, 3618 }, // U+0176
    { 20, 34, 310, 0, 26, 170, 3783 }, // U+0177
    { 22, 30, 352, 0, 30, 165, 3953 }, // U+0178
    { 19, 31, 351, 2, 31, 148, 4118 }, // U+0179
    { 14, 27, 258, 1, 27, 95, 4266 }, // U+017A
    { 19, 30, 351, 2, 30, 143, 4361 }, // U+017B
    { 14, 26, 258, 1, 26, 91, 4504 }, // U+017C
    { 19, 30, 351, 2, 30, 143, 4595 }, // U+017D
    { 14, 26, 258, 1, 26, 91, 4738 }, // U+017E
    { 24, 29, 417, 1, 28, 174, 0 }, // U+01A0
    { 19, 23, 328, 1, 22, 110, 174 }, // U+01A1
    { 24, 29, 395, 2, 28, 174, 284 }, // U+01AF
    { 19, 23, 323, 2, 22, 110, 458 }, // U+01B0
    { 41, 30, 726, 3, 30, 308, 568 }, // U+01C4
    { 37, 26, 656, 3, 26, 241, 876 }, // U+01C5
    { 35, 27, 596, 1, 26, 237, 1117 }, // U+01C6
    { 37, 25, 662, 3, 24, 232, 1354 }, // U+01C7
    { 24, 33, 461, 3, 26, 198, 1586 }, // U+01C8
    { 13, 33, 268, 2, 26, 108, 1784 }, // U+01C9
    { 44, 25, 765, 3, 24, 275, 1892 }, // U+01CA
    { 31, 33, 564, 3, 26, 256, 2167 }, // U+01CB
    { 25, 33, 459, 2, 26, 207, 2423 }, // U+01CC
    { 23, 30, 373, 0, 30, 173, 2630 }, // U+01CD
    { 18, 27, 338, 1, 26, 122, 2803 }, // U+01CE
    { 12, 30, 255, 2, 30, 90, 2925 }, // U+01CF
    { 10, 26, 130, -1, 26, 65, 3015 }, // U+01D0
    { 24, 31, 417, 1, 30, 186, 3080 }, // U+01D1
    { 19, 27, 328, 1, 26, 129, 3266 }, // U+01D2
    { 20, 31, 395, 2, 30, 155, 3395 }, // U+01D3
    { 16, 27, 323, 2, 26, 108, 3550 }, // U+01D4
    { 24, 31, 408, 1, 30, 186, 3658 }, // U+01E6
    { 19, 34, 346, 1, 26, 162, 3844 }, // U+01E7
    { 24, 31, 417, 1, 24, 186, 4006 }, // U+01EA
    { 19, 25, 328, 1, 18, 119, 4192 }, // U+01EB
    { 41, 24, 726, 3, 24, 246, 4311 }, // U+01F1
    { 37, 24, 656, 3, 24, 222, 4557 }, // U+01F2
    { 23, 36, 373, 0, 36, 207, 4779 }, // U+01FA
    { 18, 36, 338, 1, 35, 162, 4986 }, // U+01FB
    { 30, 31, 517, 0, 31, 233, 5148 }, // U+01FC
    { 28, 28, 479, 1, 27, 196, 5381 }, // U+01FD
    { 24, 33, 411, 1, 31, 198, 5577 }, // U+01FE
    { 19, 29, 328, 1, 27, 138, 5775 }, // U+01FF
    { 23, 32, 373, 0, 32, 184, 5913 }, // U+0200
    { 18, 28, 338, 1, 27, 126, 6097 }, // U+0201
    { 23, 30, 373, 0, 30, 173, 6223 }, // U+0202
    { 18, 27, 338, 1, 26, 122, 6396 }, // U+0203
    { 16, 32, 327, 2, 32, 128, 6518 }, // U+0204
    { 18, 28, 312, 1, 27, 126, 6646 }, // U+0205
    { 15, 30, 327, 3, 30, 113, 6772 }, // U+0206
    { 18, 27, 312, 1, 26, 122, 6885 }, // U+0207
    { 15, 32, 255, -1, 32, 120, 7007 }, // U+0208
    { 14, 27, 130, -5, 27, 95, 7127 }, // U+0209
    { 12, 30, 255, 2, 30, 90, 7222 }, // U+020A
    { 12, 26, 130, -2, 26, 78, 7312 }, // U+020B
    { 24, 33, 417, 1, 32, 198, 7390 }, // U+020C
    { 19, 28, 328, 1, 27, 133, 7588 }, // U+020D
    { 24, 31, 417, 1, 30, 186, 7721 }, // U+020E
    { 19, 27, 328, 1, 26, 129, 7907 }, // U+020F
    { 20, 33, 371, 2, 32, 165, 8036 }, // U+0210
    { 15, 27, 215, -1, 27, 102, 8201 }, // U+0211
    { 19, 31, 371, 3, 30, 148, 8303 }, // U+0212
    { 12, 26, 215, 2, 26, 78, 8451 }, // U+0213
    { 20, 33, 395, 2, 32, 165, 8529 }, // U+0214
    { 17, 28, 323, 1, 27, 119, 8694 }, // U+0215
    { 20, 31, 395, 2, 30, 155, 8813 }, // U+0216
    { 16, 27, 323, 2, 26, 108, 8968 }, // U+0217
    { 18, 33, 333, 1, 24, 149, 9076 }, // U+0218
    { 14, 27, 255, 1, 18, 95, 9225 }, // U+0219
    { 18, 33, 307, 1, 24, 149, 9320 }, // U+021A
    { 13, 31, 205, 0, 22, 101, 9469 }, // U+021B
    { 8, 7, 0, 4, 27, 14, 0 }, // U+0300
    { 8, 7, 0, 4, 27, 14, 14 }, // U+0301
    { 11, 6, 0, 3, 26, 17, 28 }, // U+0302
    { 12, 5, 0, 2, 25, 15, 45 }, // U+0303
    { 11, 3, 0, 3, 24, 9, 60 }, // U+0304
    { 12, 7, 0, 2, 26, 21, 69 }, // U+0306
    { 5, 5, 0, 6, 26, 7, 90 }, // U+0307
    { 12, 5, 0, 2, 26, 15, 97 }, // U+0308
    { 7, 8, 0, 5, 27, 14, 112 }, // U+0309
    { 8, 8, 0, 4, 28, 16, 126 }, // U+030A
    { 15, 7, 0, 1, 27, 27, 142 }, // U+030B
    { 11, 6, 0, 3, 26, 17, 169 }, // U+030C
    { 15, 7, 0, 1, 27, 27, 186 }, // U+030F
    { 12, 7, 0, 2, 26, 21, 213 }, // U+0311
    { 6, 7, 0, 5, 27, 11, 234 }, // U+0312
    { 7, 7, 0, 5, 21, 13, 245 }, // U+031B
    { 5, 5, 0, 6, -2, 7, 258 }, // U+0323
    { 12, 5, 0, 2, -2, 15, 265 }, // U+0324
    { 6, 8, 0, 5, -1, 12, 280 }, // U+0326
    { 7, 10, 0, 5, 1, 18, 292 }, // U+0327
    { 8, 9, 0, 4, 2, 18, 310 }, // U+0328
    { 12, 6, 0, 2, -2, 18, 328 }, // U+032E
    { 11, 3, 0, 3, -3, 9, 346 }, // U+0331
    { 10, 4, 0, 3, 12, 10, 355 }, // U+0335
    { 23, 31, 373, 0, 24, 179, 0 }, // U+1EA0
    { 18, 25, 338, 1, 18, 113, 179 }, // U+1EA1
    { 23, 32, 373, 0, 32, 184, 292 }, // U+1EA2
    { 18, 28, 338, 1, 27, 126, 476 }, // U+1EA3
    { 23, 35, 373, 0, 35, 202, 602 }, // U+1EA4
    { 20, 32, 338, 1, 31, 160, 804 }, // U+1EA5
    { 23, 35, 373, 0, 35, 202, 964 }, // U+1EA6
    { 18, 32, 338, 1, 31, 144, 1166 }, // U+1EA7
    { 23, 35, 373, 0, 35, 202, 1310 }, // U+1EA8
    { 19, 32, 338, 1, 31, 152, 1512 }, // U+1EA9
    { 23, 36, 373, 0, 36, 207, 1664 }, // U+1EAA
    { 18, 32, 338, 1, 31, 144, 1871 }, // U+1EAB
    { 23, 37, 373, 0, 30, 213, 2015 }, // U+1EAC
    { 18, 33, 338, 1, 26, 149, 2228 }, // U+1EAD
    { 23, 36, 373, 0, 36, 207, 2377 }, // U+1EAE
    { 18, 33, 338, 1, 32, 149, 2584 }, // U+1EAF
    { 23, 36, 373, 0, 36, 207, 2733 }, // U+1EB0
    { 18, 33, 338, 1, 32, 149, 2940 }, // U+1EB1
    { 23, 36, 373, 0, 36, 207, 3089 }, // U+1EB2
    { 18, 33, 338, 1, 32, 149, 3296 }, // U+1EB3
    { 23, 36, 373, 0, 36, 207, 3445 }, // U+1EB4
    { 18, 33, 338, 1, 32, 149, 3652 }, // U+1EB5
    { 23, 37, 373, 0, 30, 213, 3801 }, // U+1EB6
    { 18, 33, 338, 1, 26, 149, 4014 }, // U+1EB7
    { 15, 31, 327, 3, 24, 117, 4163 }, // U+1EB8
    { 18, 25, 312, 1, 18, 113, 4280 }, // U+1EB9
    { 15, 32, 327, 3, 32, 120, 4393 }, // U+1EBA
    { 18, 28, 312, 1, 27, 126, 4513 }, // U+1EBB
    { 15, 30, 327, 3, 30, 113, 4639 }, // U+1EBC
    { 18, 26, 312, 1, 25, 117, 4752 }, // U+1EBD
    { 18, 35, 327, 3, 35, 158, 4869 }, // U+1EBE
    { 19, 32, 312, 1, 31, 152, 5027 }, // U+1EBF
    { 15, 35, 327, 3, 35, 132, 5179 }, // U+1EC0
    { 18, 32, 312, 1, 31, 144, 5311 }, // U+1EC1
    { 17, 35, 327, 3, 35, 149, 5455 }, // U+1EC2
    { 19, 32, 312, 1, 31, 152, 5604 }, // U+1EC3
    { 15, 36, 327, 3, 36, 135, 5756 }, // U+1EC4
    { 18, 32, 312, 1, 31, 144, 5891 }, // U+1EC5
    { 15, 37, 327, 3, 30, 139, 6035 }, // U+1EC6
    { 18, 33, 312, 1, 26, 149, 6174 }, // U+1EC7
    { 12, 32, 255, 2, 32, 96, 6323 }, // U+1EC8
    { 8, 27, 130, 0, 27, 54, 6419 }, // U+1EC9
    { 12, 31, 255, 2, 24, 93, 6473 }, // U+1ECA
    { 5, 33, 148, 2, 26, 42, 6566 }, // U+1ECB
    { 24, 31, 417, 1, 24, 186, 6608 }, // U+1ECC
    { 19, 25, 328, 1, 18, 119, 6794 }, // U+1ECD
    { 24, 33, 417, 1, 32, 198, 6913 }, // U+1ECE
    { 19, 28, 328, 1, 27, 133, 7111 }, // U+1ECF
    { 24, 36, 417, 1, 35, 216, 7244 }, // U+1ED0
    { 19, 32, 328, 1, 31, 152, 7460 }, // U+1ED1
    { 24, 36, 417, 1, 35, 216, 7612 }, // U+1ED2
    { 19, 32, 328, 1, 31, 152, 7828 }, // U+1ED3
    { 24, 36, 417, 1, 35, 216, 7980 }, // U+1ED4
    { 19, 32, 328, 1, 31, 152, 8196 }, // U+1ED5
    { 24, 37, 417, 1, 36, 222, 8348 }, // U+1ED6
    { 19, 32, 328, 1, 31, 152, 8570 }, // U+1ED7
    { 24, 37, 417, 1, 30, 222, 8722 }, // U+1ED8
    { 19, 33, 328, 1, 26, 157, 8944 }, // U+1ED9
    { 24, 32, 417, 1, 31, 192, 9101 }, // U+1EDA
    { 19, 28, 328, 1, 27, 133, 9293 }, // U+1EDB
    { 24, 32, 417, 1, 31, 192, 9426 }, // U+1EDC
    { 19, 28, 328, 1, 27, 133, 9618 }, // U+1EDD
    { 24, 33, 417, 1, 32, 198, 9751 }, // U+1EDE
    { 19, 28, 328, 1, 27, 133, 9949 }, // U+1EDF
    { 24, 31, 417, 1, 30, 186, 10082 }, // U+1EE0
    { 19, 26, 328, 1, 25, 124, 10268 }, // U+1EE1
    { 24, 35, 417, 1, 28, 210, 10392 }, // U+1EE2
    { 19, 29, 328, 1, 22, 138, 10602 }, // U+1EE3
    { 20, 31, 395, 2, 24, 155, 10740 }, // U+1EE4
    { 16, 25, 323, 2, 18, 100, 10895 }, // U+1EE5
    { 20, 33, 395, 2, 32, 165, 10995 }, // U+1EE6
    { 16, 28, 323, 2, 27, 112, 11160 }, // U+1EE7
    { 24, 32, 395, 2, 31, 192, 11272 }, // U+1EE8
    { 19, 28, 323, 2, 27, 133, 11464 }, // U+1EE9
    { 24, 32, 395, 2, 31, 192, 0 }, // U+1EEA
    { 19, 28, 323, 2, 27, 133, 192 }, // U+1EEB
    { 24, 33, 395, 2, 32, 198, 325 }, // U+1EEC
    { 19, 28, 323, 2, 27, 133, 523 }, // U+1EED
    { 24, 31, 395, 2, 30, 186, 656 }, // U+1EEE
    { 19, 26, 323, 2, 25, 124, 842 }, // U+1EEF
    { 24, 35, 395, 2, 28, 210, 966 }, // U+1EF0
    { 19, 29, 323, 2, 22, 138, 1176 }, // U+1EF1
    { 22, 31, 352, 0, 31, 171, 1314 }, // U+1EF2
    { 20, 35, 310, 0, 27, 175, 1485 }, // U+1EF3
    { 22, 31, 352, 0, 24, 171, 1660 }, // U+1EF4
    { 20, 26, 310, 0, 18, 130, 1831 }, // U+1EF5
    { 22, 32, 352, 0, 32, 176, 1961 }, // U+1EF6
    { 20, 35, 310, 0, 27, 175, 2137 }, // U+1EF7
    { 22, 30, 352, 0, 30, 165, 2312 }, // U+1EF8
    { 20, 33, 310, 0, 25, 165, 2477 }, // U+1EF9
    { 0, 0, 293, 0, 0, 0, 0 }, // U+2007
    { 0, 0, 139, 0, 0, 0, 0 }, // U+2008
    { 0, 0, 109, 0, 0, 0, 0 }, // U+2009
    { 0, 0, 54, 0, 0, 0, 0 }, // U+200A
    { 0, 0, 0, 0, 0, 0, 0 }, // U+200B
    { 11, 5, 210, 1, 12, 14, 0 }, // U+2010
    { 15, 5, 274, 1, 12, 19, 14 }, // U+2012
    { 15, 5, 274, 1, 12, 19, 33 }, // U+2013
    { 27, 5, 463, 1, 12, 34, 52 }, // U+2014
    { 27, 5, 463, 1, 12, 34, 86 }, // U+2015
    { 7, 10, 129, 1, 26, 18, 120 }, // U+2018
    { 7, 11, 129, 0, 26, 20, 138 }, // U+2019
    { 7, 10, 142, 1, 4, 18, 158 }, // U+201A
    { 14, 10, 239, 1, 26, 35, 176 }, // U+201C
    { 14, 11, 237, 0, 26, 39, 211 }, // U+201D
    { 14, 10, 262, 1, 4, 35, 250 }, // U+201E
    { 13, 18, 235, 1, 25, 59, 285 }, // U+2020
    { 11, 19, 215, 1, 25, 53, 344 }, // U+2021
    { 10, 10, 185, 1, 17, 25, 397 }, // U+2022
    { 18, 6, 323, 1, 5, 27, 422 }, // U+2026
    { 37, 25, 635, 1, 24, 232, 449 }, // U+2030
    { 12, 10, 220, 1, 24, 30, 681 }, // U+2033
    { 8, 15, 146, 0, 16, 30, 711 }, // U+2039
    { 8, 15, 147, 1, 16, 30, 741 }, // U+203A
    { 20, 24, 323, 0, 24, 120, 771 }, // U+2044
    { 11, 13, 194, 1, 26, 36, 0 }, // U+2070
    { 11, 13, 208, 1, 26, 36, 36 }, // U+2074
    { 10, 13, 191, 1, 26, 33, 72 }, // U+2075
    { 9, 13, 183, 1, 26, 30, 105 }, // U+2076
    { 9, 12, 174, 1, 26, 27, 135 }, // U+2077
    { 10, 13, 188, 1, 26, 33, 162 }, // U+2078
    { 9, 13, 178, 1, 26, 30, 195 }, // U+2079
    { 11, 13, 194, 1, 6, 36, 225 }, // U+2080
    { 6, 13, 150, 1, 5, 20, 261 }, // U+2081
    { 9, 13, 185, 1, 6, 30, 281 }, // U+2082
    { 9, 13, 182, 1, 6, 30, 311 }, // U+2083
    { 11, 13, 208, 1, 5, 36, 341 }, // U+2084
    { 10, 13, 191, 1, 5, 33, 377 }, // U+2085
    { 9, 13, 183, 1, 6, 30, 410 }, // U+2086
    { 9, 12, 174, 1, 5, 27, 440 }, // U+2087
    { 10, 13, 188, 1, 6, 33, 467 }, // U+2088
    { 9, 13, 178, 1, 6, 30, 500 }, // U+2089
    { 24, 32, 362, 0, 27, 192, 0 }, // U+20A1
    { 18, 24, 321, 1, 24, 108, 192 }, // U+20A3
    { 19, 25, 325, 1, 24, 119, 300 }, // U+20A4
    { 27, 24, 424, 0, 24, 162, 419 }, // U+20A6
    { 22, 24, 422, 3, 24, 132, 581 }, // U+20A7
    { 33, 24, 531, 0, 24, 198, 713 }, // U+20A9
    { 15, 24, 262, 1, 24, 90, 911 }, // U+20AB
    { 20, 25, 344, 0, 24, 125, 1001 }, // U+20AC
    { 24, 24, 405, 1, 24, 144, 1126 }, // U+20AD
    { 22, 24, 424, 3, 24, 132, 1270 }, // U+20B1
    { 24, 32, 408, 1, 27, 192, 1402 }, // U+20B2
    { 21, 29, 362, 1, 26, 153, 1594 }, // U+20B5
    { 15, 25, 288, 2, 24, 94, 1747 }, // U+20B9
    { 19, 25, 325, 0, 24, 119, 1841 }, // U+20BA
    { 20, 27, 405, 3, 27, 135, 1960 }, // U+20BC
    { 20, 24, 388, 3, 24, 120, 2095 }, // U+20BD
    { 18, 26, 315, 1, 25, 117, 0 }, // U+2202
    { 19, 19, 328, 1, 18, 91, 117 }, // U+2205
    { 24, 24, 379, 0, 24, 144, 208 }, // U+2206
    { 23, 31, 378, 0, 24, 179, 352 }, // U+220F
    { 14, 23, 279, 2, 23, 81, 531 }, // U+2211
    { 17, 4, 309, 1, 12, 17, 612 }, // U+2212
    { 18, 30, 294, 0, 26, 135, 629 }, // U+2215
    { 6, 6, 130, 1, 13, 9, 764 }, // U+2219
    { 23, 29, 365, 0, 24, 167, 773 }, // U+221A
    { 27, 14, 462, 1, 15, 95, 940 }, // U+221E
    { 19, 30, 295, 0, 25, 143, 1035 }, // U+222B
    { 16, 12, 298, 1, 15, 48, 1178 }, // U+2248
    { 17, 18, 302, 1, 18, 77, 1226 }, // U+2260
    { 17, 18, 334, 2, 18, 77, 1303 }, // U+2264
    { 17, 18, 334, 2, 18, 77, 1380 }, // U+2265
    { 20, 26, 358, 1, 26, 130, 0 }, // U+FB01
    { 18, 25, 343, 1, 25, 113, 130 }, // U+FB02
};

static const EpdUnicodeInterval lexenddeca_16_regularIntervals[] = {
    { 0xD, 0xD, 0x0 },
    { 0x20, 0x7E, 0x1 },
    { 0xA0, 0x17E, 0x60 },
    { 0x1A0, 0x1A1, 0x13F },
    { 0x1AF, 0x1B0, 0x141 },
    { 0x1C4, 0x1D4, 0x143 },
    { 0x1E6, 0x1E7, 0x154 },
    { 0x1EA, 0x1EB, 0x156 },
    { 0x1F1, 0x1F2, 0x158 },
    { 0x1FA, 0x21B, 0x15A },
    { 0x300, 0x304, 0x17C },
    { 0x306, 0x30C, 0x181 },
    { 0x30F, 0x30F, 0x188 },
    { 0x311, 0x312, 0x189 },
    { 0x31B, 0x31B, 0x18B },
    { 0x323, 0x324, 0x18C },
    { 0x326, 0x328, 0x18E },
    { 0x32E, 0x32E, 0x191 },
    { 0x331, 0x331, 0x192 },
    { 0x335, 0x335, 0x193 },
    { 0x1EA0, 0x1EF9, 0x194 },
    { 0x2007, 0x200B, 0x1EE },
    { 0x2010, 0x2010, 0x1F3 },
    { 0x2012, 0x2015, 0x1F4 },
    { 0x2018, 0x201A, 0x1F8 },
    { 0x201C, 0x201E, 0x1FB },
    { 0x2020, 0x2022, 0x1FE },
    { 0x2026, 0x2026, 0x201 },
    { 0x2030, 0x2030, 0x202 },
    { 0x2033, 0x2033, 0x203 },
    { 0x2039, 0x203A, 0x204 },
    { 0x2044, 0x2044, 0x206 },
    { 0x2070, 0x2070, 0x207 },
    { 0x2074, 0x2079, 0x208 },
    { 0x2080, 0x2089, 0x20E },
    { 0x20A1, 0x20A1, 0x218 },
    { 0x20A3, 0x20A4, 0x219 },
    { 0x20A6, 0x20A7, 0x21B },
    { 0x20A9, 0x20A9, 0x21D },
    { 0x20AB, 0x20AD, 0x21E },
    { 0x20B1, 0x20B2, 0x221 },
    { 0x20B5, 0x20B5, 0x223 },
    { 0x20B9, 0x20BA, 0x224 },
    { 0x20BC, 0x20BD, 0x226 },
    { 0x2202, 0x2202, 0x228 },
    { 0x2205, 0x2206, 0x229 },
    { 0x220F, 0x220F, 0x22B },
    { 0x2211, 0x2212, 0x22C },
    { 0x2215, 0x2215, 0x22E },
    { 0x2219, 0x221A, 0x22F },
    { 0x221E, 0x221E, 0x231 },
    { 0x222B, 0x222B, 0x232 },
    { 0x2248, 0x2248, 0x233 },
    { 0x2260, 0x2260, 0x234 },
    { 0x2264, 0x2265, 0x235 },
    { 0xFB01, 0xFB02, 0x237 },
};

static const EpdFontGroup lexenddeca_16_regularGroups[] = {
    { 0, 3764, 9589, 96, 0 },
    { 3764, 3167, 11101, 96, 96 },
    { 6931, 2776, 12175, 90, 192 },
    { 9707, 1199, 5175, 37, 282 },
    { 10906, 2806, 10051, 61, 319 },
    { 13712, 303, 389, 24, 380 },
    { 14015, 1642, 12173, 74, 404 },
    { 15657, 501, 2730, 16, 478 },
    { 16158, 457, 960, 25, 494 },
    { 16615, 266, 644, 17, 519 },
    { 16881, 1033, 2320, 16, 536 },
    { 17914, 657, 1569, 15, 552 },
    { 18571, 81, 255, 2, 567 },
};

static const uint16_t lexenddeca_16_regularKernLeftCodepoints[] = {
    0x0026, 0x0028, 0x002A, 0x002C, 0x002E, 0x002F, 0x0030, 0x0031, 0x0032, 0x0033, 0x0034, 0x0035,
    0x0036, 0x0037, 0x0038, 0x0039, 0x003C, 0x003E, 0x003F, 0x0040, 0x0041, 0x0042, 0x0043, 0x0044,
    0x0045, 0x0046, 0x0047, 0x0049, 0x004A, 0x004B, 0x004C, 0x004F, 0x0050, 0x0051, 0x0052, 0x0053,
    0x0054, 0x0055, 0x0056, 0x0057, 0x0058, 0x0059, 0x005A, 0x005B, 0x005C, 0x005F, 0x0061, 0x0062,
    0x0063, 0x0064, 0x0065, 0x0066, 0x0067, 0x0068, 0x0069, 0x006A, 0x006B, 0x006C, 0x006D, 0x006E,
    0x006F, 0x0070, 0x0071, 0x0072, 0x0073, 0x0074, 0x0075, 0x0076, 0x0077, 0x0078, 0x0079, 0x007A,
    0x007B, 0x007D, 0x00A1, 0x00A3, 0x00B7, 0x00BF, 0x00C0, 0x00C1, 0x00C2, 0x00C3, 0x00C4, 0x00C5,
    0x00C6, 0x00C8, 0x00C9, 0x00CA, 0x00CB, 0x00D0, 0x00D2, 0x00D3, 0x00D4, 0x00D5, 0x00D6, 0x00D8,
    0x00D9, 0x00DA, 0x00DB, 0x00DC, 0x00DD, 0x00DE, 0x00DF, 0x00E0, 0x00E1, 0x00E2, 0x00E3, 0x00E4,
    0x00E5, 0x00E7, 0x00E8, 0x00E9, 0x00EA, 0x00EB, 0x00EC, 0x00ED, 0x00EE, 0x00EF, 0x00F0, 0x00F1,
    0x00F2, 0x00F3, 0x00F4, 0x00F5, 0x00F6, 0x00F8, 0x00F9, 0x00FA, 0x00FB, 0x00FC, 0x00FD, 0x00FE,
    0x00FF, 0x0100, 0x0101, 0x0102, 0x0103, 0x0104, 0x0105, 0x0107, 0x0109, 0x010B, 0x010D, 0x010E,
    0x010F, 0x0110, 0x0111, 0x0112, 0x0113, 0x0114, 0x0115, 0x0116, 0x0117, 0x0118, 0x0119, 0x011A,
    0x011B, 0x011C, 0x011D, 0x011E, 0x011F, 0x0120, 0x0121, 0x0122, 0x0123, 0x0125, 0x0127, 0x0129,
    0x012B, 0x012D, 0x012F, 0x0131, 0x0132, 0x0133, 0x0134, 0x0135, 0x0136, 0x0137, 0x0138, 0x0139,
    0x013A, 0x013B, 0x013C, 0x013D, 0x013E, 0x013F, 0x0140, 0x0141, 0x0142, 0x0144, 0x0146, 0x0148,
    0x0149, 0x014B, 0x014C, 0x014D, 0x014E, 0x014F, 0x0150, 0x0151, 0x0152, 0x0153, 0x0154, 0x0155,
    0x0156, 0x0157, 0x0158, 0x0159, 0x015A, 0x015B, 0x015C, 0x015D, 0x015E, 0x015F, 0x0160, 0x0161,
    0x0162, 0x0163, 0x0164, 0x0165, 0x0166, 0x0167, 0x0168, 0x0169, 0x016A, 0x016B, 0x016C, 0x016D,
    0x016E, 0x016F, 0x0170, 0x0171, 0x0172, 0x0173, 0x0174, 0x0175, 0x0176, 0x0177, 0x0178, 0x0179,
    0x017A, 0x017B, 0x017C, 0x017D, 0x017E, 0x01A0, 0x01A1, 0x01AF, 0x01B0, 0x01C4, 0x01C5, 0x01C6,
    0x01C7, 0x01C8, 0x01C9, 0x01CA, 0x01CB, 0x01CC, 0x01CD, 0x01CE, 0x01D0, 0x01D1, 0x01D2, 0x01D3,
    0x01D4, 0x01E6, 0x01E7, 0x01EA, 0x01EB, 0x01F1, 0x01F2, 0x01FA, 0x01FB, 0x01FC, 0x01FE, 0x01FF,
    0x0200, 0x0201, 0x0202, 0x0203, 0x0204, 0x0205, 0x0206, 0x0207, 0x0209, 0x020B, 0x020C, 0x020D,
    0x020E, 0x020F, 0x0210, 0x0211, 0x0212, 0x0213, 0x0214, 0x0215, 0x0216, 0x0217, 0x0218, 0x0219,
    0x021A, 0x021B, 0x1EA0, 0x1EA1, 0x1EA2, 0x1EA3, 0x1EA4, 0x1EA5, 0x1EA6, 0x1EA7, 0x1EA8, 0x1EA9,
    0x1EAA, 0x1EAB, 0x1EAC, 0x1EAD, 0x1EAE, 0x1EAF, 0x1EB0, 0x1EB1, 0x1EB2, 0x1EB3, 0x1EB4, 0x1EB5,
    0x1EB6, 0x1EB7, 0x1EB8, 0x1EB9, 0x1EBA, 0x1EBB, 0x1EBC, 0x1EBD, 0x1EBE, 0x1EBF, 0x1EC0, 0x1EC1,
    0x1EC2, 0x1EC3, 0x1EC4, 0x1EC5, 0x1EC6, 0x1EC7, 0x1EC9, 0x1ECB, 0x1ECC, 0x1ECD, 0x1ECE, 0x1ECF,
    0x1ED0, 0x1ED1, 0x1ED2, 0x1ED3, 0x1ED4, 0x1ED5, 0x1ED6, 0x1ED7, 0x1ED8, 0x1ED9, 0x1EDA, 0x1EDB,
    0x1EDC, 0x1EDD, 0x1EDE, 0x1EDF, 0x1EE0, 0x1EE1, 0x1EE2, 0x1EE3, 0x1EE4, 0x1EE5, 0x1EE6, 0x1EE7,
    0x1EE8, 0x1EE9, 0x1EEA, 0x1EEB, 0x1EEC, 0x1EED, 0x1EEE, 0x1EEF, 0x1EF0, 0x1EF1, 0x1EF2, 0x1EF3,
    0x1EF4, 0x1EF5, 0x1EF6, 0x1EF7, 0x1EF8, 0x1EF9, 0x2018, 0x2019, 0x201C, 0x201D, 0x2022, 0x2206,
    0x221E, 0x222B, 0xFB01, 0xFB02,
};

static const uint8_t lexenddeca_16_regularKernLeftClassIds[] = {
      1,   2,   3,   4,   5,   6,   7,   8,   9,  10,  11,  12,  13,  14,  15,  16,
     17,  18,  19,  20,  21,  22,  23,  24,  25,  26,  27,  28,  29,  30,  31,  24,
     32,  33,  34,  35,  36,  37,  38,  39,  40,  41,  42,  43,  44,  45,  46,  47,
     48,  49,  50,  51,  52,  53,  54,  55,  56,  57,  53,  53,  47,  47,  58,  59,
     60,  61,  62,  63,  64,  65,  66,  67,  68,  69,  70,  71,  72,  73,  21,  21,
     21,  21,  21,  21,  25,  25,  25,  25,  25,  24,  24,  24,  24,  24,  24,  24,
     37,  37,  37,  37,  41,  74,  75,  46,  46,  46,  46,  46,  46,  48,  50,  50,
     50,  50,  54,  54,  54,  54,  76,  53,  47,  47,  47,  47,  47,  47,  62,  62,
     62,  62,  66,  47,  66,  21,  46,  21,  46,  21,  46,  48,  48,  48,  48,  24,
     77,  24,  49,  25,  50,  25,  50,  25,  50,  25,  50,  25,  50,  27,  78,  27,
     78,  27,  78,  27,  78,  53,  53,  54,  54,  54,  54,  54,  29,  55,  29,  55,
     30,  56,  56,  31,  57,  31,  57,  31,  77,  31,  57,  31,  57,  53,  53,  53,
     53,  53,  24,  47,  24,  47,  24,  47,  25,  50,  79,  59,  79,  59,  79,  59,
     35,  60,  35,  60,  35,  60,  35,  60,  36,  61,  36,  61,  36,  61,  37,  62,
     37,  62,  37,  62,  37,  62,  37,  62,  37,  62,  39,  64,  41,  66,  41,  42,
     67,  42,  67,  42,  67,  24,  47,  37,  62,  42,  67,  67,  29,  55,  57,  29,
     55,  55,  21,  46,  54,  24,  47,  37,  62,  27,  78,  24,  47,  42,  67,  21,
     46,  25,  24,  47,  21,  46,  21,  46,  25,  50,  25,  50,  54,  54,  24,  47,
     24,  47,  79,  59,  79,  59,  37,  62,  37,  62,  35,  60,  36,  61,  21,  46,
     21,  46,  21,  46,  21,  46,  21,  46,  21,  46,  21,  46,  21,  46,  21,  46,
     21,  46,  21,  46,  21,  46,  25,  50,  25,  50,  25,  50,  25,  50,  25,  50,
     25,  50,  25,  50,  25,  50,  54,  54,  24,  47,  24,  47,  24,  47,  24,  47,
     24,  47,  24,  47,  24,  47,  24,  47,  24,  47,  24,  47,  24,  47,  24,  47,
     37,  62,  37,  62,  37,  62,  37,  62,  37,  62,  37,  62,  37,  62,  41,  66,
     41,  66,  41,  66,  41,  66,  80,  81,  82,  83,  84,  85,  86,  87,  54,  57,
};

static const uint16_t lexenddeca_16_regularKernRightCodepoints[] = {
    0x0021, 0x0026, 0x0029, 0x002A, 0x002C, 0x002D, 0x002E, 0x002F, 0x0030, 0x0031, 0x0032, 0x0034,
    0x0036, 0x0037, 0x0038, 0x0039, 0x003C, 0x003F, 0x0040, 0x0041, 0x0042, 0x0043, 0x0044, 0x0045,
    0x0046, 0x0047, 0x0048, 0x0049, 0x004A, 0x004B, 0x004C, 0x004D, 0x004E, 0x004F, 0x0050, 0x0051,
    0x0052, 0x0053, 0x0054, 0x0055, 0x0056, 0x0057, 0x0058, 0x0059, 0x005A, 0x005B, 0x005C, 0x005D,
    0x005F, 0x0061, 0x0062, 0x0063, 0x0064, 0x0065, 0x0066, 0x0067, 0x0068, 0x006A, 0x006B, 0x006C,
    0x006D, 0x006E, 0x006F, 0x0070, 0x0071, 0x0072, 0x0073, 0x0074, 0x0075, 0x0076, 0x0077, 0x0078,
    0x0079, 0x007A, 0x007B, 0x007D, 0x00A1, 0x00B7, 0x00BF, 0x00C0, 0x00C1, 0x00C2, 0x00C3, 0x00C4,
    0x00C5, 0x00C6, 0x00C7, 0x00C8, 0x00C9, 0x00CA, 0x00CB, 0x00D0, 0x00D1, 0x00D2, 0x00D3, 0x00D4,
    0x00D5, 0x00D6, 0x00D8, 0x00D9, 0x00DA, 0x00DB, 0x00DC, 0x00DD, 0x00DE, 0x00DF, 0x00E0, 0x00E1,
    0x00E2, 0x00E3, 0x00E4, 0x00E5, 0x00E7, 0x00E8, 0x00E9, 0x00EA, 0x00EB, 0x00F0, 0x00F1, 0x00F2,
    0x00F3, 0x00F4, 0x00F5, 0x00F6, 0x00F8, 0x00F9, 0x00FA, 0x00FB, 0x00FC, 0x00FD, 0x00FE, 0x00FF,
    0x0100, 0x0101, 0x0102, 0x0103, 0x0104, 0x0105, 0x0106, 0x0107, 0x0108, 0x0109, 0x010A, 0x010B,
    0x010C, 0x010D, 0x010E, 0x010F, 0x0110, 0x0111, 0x0112, 0x0113, 0x0114, 0x0115, 0x0116, 0x0117,
    0x0118, 0x0119, 0x011A, 0x011B, 0x011C, 0x011D, 0x011E, 0x011F, 0x0120, 0x0121, 0x0122, 0x0123,
    0x0124, 0x0125, 0x0127, 0x0134, 0x0135, 0x0136, 0x0137, 0x0138, 0x0139, 0x013A, 0x013B, 0x013C,
    0x013D, 0x013E, 0x013F, 0x0140, 0x0141, 0x0142, 0x0143, 0x0144, 0x0145, 0x0146, 0x0147, 0x0148,
    0x014A, 0x014B, 0x014C, 0x014D, 0x014E, 0x014F, 0x0150, 0x0151, 0x0152, 0x0153, 0x0154, 0x0155,
    0x0156, 0x0157, 0x0158, 0x0159, 0x015A, 0x015B, 0x015C, 0x015D, 0x015E, 0x015F, 0x0160, 0x0161,
    0x0162, 0x0163, 0x0164, 0x0165, 0x0166, 0x0167, 0x0168, 0x0169, 0x016A, 0x016B, 0x016C, 0x016D,
    0x016E, 0x016F, 0x0170, 0x0171, 0x0172, 0x0173, 0x0174, 0x0175, 0x0176, 0x0177, 0x0178, 0x0179,
    0x017A, 0x017B, 0x017C, 0x017D, 0x017E, 0x01A0, 0x01A1, 0x01AF, 0x01B0, 0x01C4, 0x01C5, 0x01C6,
    0x01C7, 0x01C8, 0x01C9, 0x01CA, 0x01CB, 0x01CC, 0x01CD, 0x01CE, 0x01D1, 0x01D2, 0x01D3, 0x01D4,
    0x01E6, 0x01E7, 0x01EA, 0x01EB, 0x01F1, 0x01F2, 0x01FA, 0x01FB, 0x01FC, 0x01FE, 0x01FF, 0x0200,
    0x0201, 0x0202, 0x0203, 0x0204, 0x0205, 0x0206, 0x0207, 0x020C, 0x020D, 0x020E, 0x020F, 0x0210,
    0x0211, 0x0212, 0x0213, 0x0214, 0x0215, 0x0216, 0x0217, 0x0218, 0x0219, 0x021A, 0x021B, 0x1EA0,
    0x1EA1, 0x1EA2, 0x1EA3, 0x1EA4, 0x1EA5, 0x1EA6, 0x1EA7, 0x1EA8, 0x1EA9, 0x1EAA, 0x1EAB, 0x1EAC,
    0x1EAD, 0x1EAE, 0x1EAF, 0x1EB0, 0x1EB1, 0x1EB2, 0x1EB3, 0x1EB4, 0x1EB5, 0x1EB6, 0x1EB7, 0x1EB8,
    0x1EB9, 0x1EBA, 0x1EBB, 0x1EBC, 0x1EBD, 0x1EBE, 0x1EBF, 0x1EC0, 0x1EC1, 0x1EC2, 0x1EC3, 0x1EC4,
    0x1EC5, 0x1EC6, 0x1EC7, 0x1ECC, 0x1ECD, 0x1ECE, 0x1ECF, 0x1ED0, 0x1ED1, 0x1ED2, 0x1ED3, 0x1ED4,
    0x1ED5, 0x1ED6, 0x1ED7, 0x1ED8, 0x1ED9, 0x1EDA, 0x1EDB, 0x1EDC, 0x1EDD, 0x1EDE, 0x1EDF, 0x1EE0,
    0x1EE1, 0x1EE2, 0x1EE3, 0x1EE4, 0x1EE5, 0x1EE6, 0x1EE7, 0x1EE8, 0x1EE9, 0x1EEA, 0x1EEB, 0x1EEC,
    0x1EED, 0x1EEE, 0x1EEF, 0x1EF0, 0x1EF1, 0x1EF2, 0x1EF3, 0x1EF4, 0x1EF5, 0x1EF6, 0x1EF7, 0x1EF8,
    0x1EF9, 0x2013, 0x2014, 0x2018, 0x2019, 0x201C, 0x201D, 0x2022, 0x2206, 0x222B, 0xFB01, 0xFB02,
};

static const uint8_t lexenddeca_16_regularKernRightClassIds[] = {
      1,   2,   3,   4,   5,   6,   7,   8,   9,  10,  11,  12,  13,  14,  15,  16,
     17,  18,  19,  20,  21,  22,  21,  21,  21,  22,  21,  23,  24,  21,  21,  21,
     21,  22,  21,  22,  21,  25,  26,  27,  28,  29,  30,  31,  32,  33,  34,  35,
     36,  37,  38,  37,  37,  37,  39,  40,  38,  41,  38,  38,  42,  42,  37,  43,
     37,  42,  44,  45,  46,  47,  48,  49,  50,  51,  33,  52,  53,  54,  55,  56,
     56,  56,  56,  56,  56,  57,  22,  21,  21,  21,  21,  21,  21,  22,  22,  22,
     22,  22,  22,  27,  27,  27,  27,  58,  21,  59,  37,  37,  37,  37,  37,  37,
     37,  37,  37,  37,  37,  60,  42,  37,  37,  37,  37,  37,  37,  46,  46,  46,
     46,  50,  61,  50,  56,  37,  56,  37,  56,  37,  22,  37,  22,  37,  22,  37,
     22,  37,  21,  37,  21,  37,  21,  37,  21,  37,  21,  37,  21,  37,  21,  37,
     22,  40,  22,  40,  22,  40,  22,  40,  21,  38,  38,  24,  41,  21,  38,  38,
     21,  38,  21,  38,  21,  38,  21,  38,  21,  38,  21,  42,  21,  42,  21,  42,
     21,  42,  22,  37,  22,  37,  22,  37,  22,  37,  21,  42,  21,  42,  21,  42,
     25,  44,  25,  44,  25,  44,  25,  44,  62,  45,  62,  45,  62,  45,  27,  46,
     27,  46,  27,  46,  27,  46,  27,  46,  27,  46,  63,  48,  58,  50,  58,  32,
     51,  32,  51,  32,  51,  22,  37,  27,  46,  21,  21,  37,  21,  21,  38,  21,
     21,  42,  56,  37,  22,  37,  27,  46,  22,  40,  22,  37,  21,  21,  56,  37,
     57,  22,  37,  56,  37,  56,  37,  21,  37,  21,  37,  22,  37,  22,  37,  21,
     42,  21,  42,  27,  46,  27,  46,  25,  44,  62,  45,  56,  37,  56,  37,  56,
     37,  56,  37,  56,  37,  56,  37,  56,  37,  56,  37,  56,  37,  56,  37,  56,
     37,  56,  37,  21,  37,  21,  37,  21,  37,  21,  37,  21,  37,  21,  37,  21,
     37,  21,  37,  22,  37,  22,  37,  22,  37,  22,  37,  22,  37,  22,  37,  22,
     37,  22,  37,  22,  37,  22,  37,  22,  37,  22,  37,  27,  46,  27,  46,  27,
     46,  27,  46,  27,  46,  27,  46,  27,  46,  58,  50,  58,  50,  58,  50,  58,
     50,  64,  65,  66,  67,  68,  69,  70,  71,  72,  39,  39,
};

static const uint16_t lexenddeca_16_regularKernRowOffsets[] = {
        0,    12,    20,    24,    36,    48,    65,    67,    68,    70,    72,    75,    77,    78,    88,    89,
       91,    92,    95,    99,   101,   129,   145,   148,   168,   175,   196,   208,   209,   236,   258,   283,
      308,   329,   346,   349,   380,   388,   418,   438,   451,   478,   483,   496,   510,   514,   530,   550,
      562,   563,   577,   602,   613,   620,   622,   626,   638,   655,   664,   684,   692,   699,   707,   732,
      752,   768,   785,   792,   808,   821,   822,   825,   828,   831,   864,   887,   911,   914,   925,   941,
      946,   953,   958,   964,   965,   968,   969,   970,
};

static const uint8_t lexenddeca_16_regularKernSparseCols[] = {
      2,  25,  27,  28,  30,  46,  47,  49,  57,  59,  61,  62,  21,  23,  36,  39,
     40,  42,  59,  60,  19,  46,  55,  59,  11,  21,  25,  27,  28,  30,  46,  47,
     49,  57,  61,  62,  11,  21,  25,  27,  28,  30,  46,  47,  49,  57,  61,  62,
      7,   8,   9,  10,  11,  12,  19,  21,  23,  36,  39,  43,  46,  48,  55,  58,
     59,   7,  70,  16,  11,  51,   7,  70,  10,  13,  71,   7,  70,  70,   4,   6,
      7,   9,  10,  11,  12,  14,  16,  70,  70,   7,  70,   9,   9,  10,  13,  19,
     23,  55,  59,  27,  48,   3,   5,  21,  25,  26,  27,  28,  30,  33,  36,  38,
     39,  44,  45,  46,  47,  49,  57,  58,  59,  61,  62,  63,  64,  65,  66,  67,
     68,   2,   7,  25,  27,  28,  29,  30,  36,  37,  39,  48,  57,  59,  60,  61,
     62,   2,  66,  68,   2,   6,   7,  19,  22,  23,  25,  27,  28,  29,  30,  31,
     33,  48,  50,  51,  55,  57,  61,  62,  23,  36,  39,  45,  46,  49,  59,   4,
      6,  19,  21,  23,  24,  25,  29,  36,  39,  41,  42,  43,  45,  46,  48,  50,
     55,  56,  59,  61,   7,  19,  22,  25,  27,  28,  30,  33,  55,  57,  61,  62,
     21,   2,   4,   6,   7,  19,  21,  23,  34,  36,  38,  39,  41,  42,  43,  45,
     46,  47,  49,  50,  51,  55,  58,  59,  65,  66,  67,  68,   5,  21,  23,  24,
     26,  27,  28,  30,  36,  41,  42,  43,  44,  45,  46,  47,  49,  57,  59,  62,
     63,  64,   3,   5,  21,  25,  26,  27,  28,  30,  33,  36,  44,  46,  47,  49,
     50,  57,  59,  61,  62,  63,  64,  65,  66,  67,  68,   4,   6,   7,  19,  23,
     28,  29,  31,  33,  36,  38,  39,  44,  45,  46,  47,  49,  55,  58,  59,  62,
     65,  66,  67,  68,   2,   6,   7,  19,  22,  23,  25,  27,  28,  29,  30,  31,
     33,  35,  48,  50,  51,  55,  57,  61,  62,   5,  21,  23,  25,  26,  27,  28,
     30,  33,  36,  45,  57,  59,  61,  62,  63,  64,  29,  30,  57,   1,   4,   5,
      6,   7,  19,  21,  23,  25,  27,  28,  30,  36,  39,  41,  42,  43,  45,  46,
     47,  48,  49,  50,  55,  56,  57,  59,  61,  62,  63,  64,  19,  23,  24,  29,
     30,  48,  55,  57,   1,   4,   6,   7,  17,  18,  19,  21,  23,  24,  25,  32,
     35,  36,  39,  41,  42,  43,  45,  50,  51,  52,  53,  54,  55,  56,  59,  61,
     64,  69,   1,   4,   6,   7,  19,  21,  23,  24,  25,  32,  36,  39,  41,  42,
     45,  51,  55,  59,  61,  64,  21,  24,  26,  32,  36,  39,  45,  46,  47,  49,
     51,  59,  64,   1,   4,   6,   7,  19,  21,  23,  24,  25,  26,  32,  36,  39,
     41,  42,  43,  45,  46,  47,  48,  49,  50,  51,  55,  59,  61,  64,  21,  36,
     45,  46,  59,   9,  10,  19,  23,  25,  27,  28,  29,  30,  46,  47,  48,  49,
     21,  25,  27,  28,  30,  33,  40,  46,  48,  57,  58,  59,  61,  62,  27,  46,
     59,  60,  19,  21,  25,  26,  27,  28,  30,  33,  45,  46,  47,  49,  55,  57,
     61,  62,   2,   7,  25,  27,  28,  29,  30,  31,  33,  38,  46,  47,  48,  49,
     50,  51,  57,  58,  61,  62,  25,  27,  28,  29,  30,  42,  49,  57,  61,  62,
     66,  68,  45,  25,  27,  28,  29,  30,  33,  39,  46,  47,  48,  49,  57,  61,
     62,   2,   3,   7,  19,  25,  27,  28,  29,  30,  31,  34,  36,  44,  46,  47,
     50,  55,  57,  59,  61,  62,  65,  66,  67,  68,   4,  19,  21,  24,  30,  33,
     40,  43,  45,  55,  57,  25,  27,  30,  33,  49,  57,  61,  25,  61,  25,  26,
     40,  61,  21,  30,  33,  36,  37,  39,  40,  43,  45,  57,  59,  60,  21,  25,
     27,  28,  30,  36,  39,  40,  44,  45,  46,  47,  49,  57,  59,  61,  62,   2,
     25,  27,  30,  33,  35,  40,  57,  61,   3,   4,   6,   7,  19,  25,  29,  32,
     36,  39,  40,  44,  46,  47,  51,  55,  59,  61,  66,  68,  21,  25,  27,  29,
     30,  48,  57,  61,   4,  36,  38,  39,  43,  58,  59,  25,  27,  28,  30,  39,
     57,  61,  62,   1,   3,   4,   6,   7,  17,  19,  25,  29,  30,  31,  32,  33,
     35,  36,  39,  43,  44,  46,  51,  54,  55,  57,  59,  61,   1,   4,   6,   7,
     19,  25,  29,  30,  31,  32,  36,  39,  43,  44,  46,  51,  55,  57,  59,  61,
      1,   7,  21,  25,  26,  30,  32,  33,  36,  43,  45,  51,  53,  57,  59,  61,
      1,   6,   7,  19,  25,  29,  30,  31,  32,  36,  39,  43,  51,  55,  57,  59,
     61,  25,  30,  33,  36,  57,  59,  61,   9,  10,  19,  21,  23,  25,  27,  28,
     29,  30,  36,  46,  47,  48,  49,  59,   9,  10,  19,  23,  25,  27,  28,  29,
     30,  46,  47,  48,  49,  27,   8,   9,  11,  27,  48,  59,  27,  46,  59,   0,
      3,   4,   6,   7,  19,  23,  28,  29,  31,  33,  35,  36,  38,  39,  44,  45,
     46,  47,  48,  49,  52,  53,  54,  55,  58,  59,  62,  65,  66,  67,  68,  69,
      2,   3,   7,  25,  27,  28,  29,  30,  31,  33,  35,  38,  46,  47,  48,  49,
     50,  51,  53,  57,  58,  61,  62,   2,   3,   6,   7,  19,  22,  23,  25,  27,
     28,  29,  30,  31,  33,  35,  48,  50,  51,  53,  54,  55,  57,  61,  62,  20,
     37,  60,   4,  19,  21,  24,  30,  33,  40,  43,  45,  55,  57,   5,  21,  23,
     25,  26,  27,  28,  30,  33,  36,  45,  57,  59,  61,  62,  64,  19,  23,  39,
     43,  55,  19,  23,  36,  39,  41,  55,  59,  19,  23,  39,  43,  55,  19,  23,
     36,  39,  55,  59,  27,   8,  14,  15,   9,  11,
};

static const int8_t lexenddeca_16_regularKernSparseValues[] = {
      -8,  -29,  -32,  -21,  -27,  -16,  -16,  -16,  -27,   -5,  -29,  -21,  -16,  -21,  -13,  -13,
      16,   16,  -13,    8,  -40,    3,  -40,  -13,  -13,  -11,  -53,  -64,  -43,  -64,  -43,  -21,
     -21,  -64,  -53,  -43,  -13,  -11,  -53,  -53,  -43,  -64,  -43,  -21,  -21,  -64,  -53,  -43,
     -49,  -27,  -16,  -16,  -32,  -27,  -53,  -21,  -27,  -27,  -27,  -16,   -1,   -3,  -53,   -6,
     -17,  -27,  -27,  -21,  -11,    5,  -13,  -16,  -11,  -11,  -32,  -21,  -11,  -11,  -53,  -43,
     -64,   -8,  -11,  -13,  -11,  -11,  -27,  -48,  -16,  -27,  -21,  -11,  -32,  -16,  -27,  -21,
     -40,  -21,   -8,   -3,   -2,  -40,  -27,  -11,  -27,  -11,  -40,  -21,  -43,  -53,  -11,  -11,
      -5,   -3,   -5,  -27,  -24,  -13,  -43,  -11,  -11,  -27,  -21,  -27,  -27,  -69,  -72,  -37,
     -40,  -11,  -21,   -8,   -4,   -3,   -6,  -12,   -1,   -2,   -3,   -2,  -12,   -1,   -2,   -8,
      -3,   11,   21,   21,  -16,  -11,  -21,  -11,   -8,   -8,  -16,  -16,   -3,  -19,  -19,  -24,
     -27,   -5,   -1,  -13,  -11,  -19,  -16,   -3,   -5,   -3,   -5,   -5,   -8,   -5,   -3,  -43,
     -43,  -32,   -5,  -64,   -3,    8,   -3,   -8,   -5,   -5,   -5,   -5,   -8,   -3,   -8,   -3,
     -32,  -64,   -8,    8,  -21,   -5,   -5,  -13,   -8,   -5,  -13,  -27,   -5,  -13,  -13,   -5,
      -8,   21,  -37,  -27,  -27,  -40,  -16,  -27,   16,  -27,  -27,  -27,  -21,  -21,  -21,  -27,
     -21,  -11,  -21,  -11,   21,  -40,  -27,  -27,   32,   43,   32,   43,  -48,  -24,  -16,   -5,
      -8,   -3,   -3,   11,  -24,   -4,   -4,   -2,   -2,   -6,  -21,  -21,  -21,   11,  -24,   -3,
     -48,  -48,  -40,  -32,  -11,  -45,  -11,  -40,  -40,  -64,  -53,  -11,   -3,  -13,   -3,  -21,
      11,  -64,  -11,  -45,  -40,  -32,  -32,  -64,  -53,  -64,  -53,  -69,  -53,  -43,  -35,  -40,
       4,   -8,   -8,  -27,   -5,    4,   -5,    8,   -3,    5,    8,    5,  -35,    4,   -5,    4,
      16,   27,   16,   27,  -16,  -11,  -21,  -11,   -8,   -8,  -16,  -16,   -3,  -19,  -19,  -24,
     -27,   -5,   -5,   -1,  -13,  -11,  -19,  -16,   -3,  -32,   -5,  -16,  -11,   -3,  -16,   -1,
     -27,  -21,  -11,   -5,  -27,  -11,  -11,   -1,  -32,  -32,   -8,   -8,   -8,  -29,  -53,  -53,
     -53,  -32,  -27,  -16,  -43,   16,    5,    5,    5,  -53,  -24,  -32,  -11,  -53,  -53,   -5,
     -37,   -8,  -27,  -37,  -27,  -59,    5,  -53,   16,    5,  -53,  -53,  -11,   -5,   -5,   -5,
      -5,   -3,  -11,   -5,  -27,  -64,  -53,  -43,    4,   -3,  -40,  -16,  -53,   -5,    5,  -53,
     -15,  -32,  -11,  -11,   -7,   -8,  -13,   -3,  -53,   -3,   -6,  -11,  -40,  -64,  -32,    5,
     -53,   -4,  -16,  -43,  -43,  -43,  -21,   -3,  -43,   -5,    5,  -37,  -13,  -11,   -2,   -2,
      -5,  -37,  -21,  -13,    5,  -37,  -19,   -8,   -5,  -43,  -13,   -1,   -5,  -14,   -9,  -13,
     -43,  -13,  -43,  -27,  -64,  -64,  -64,  -43,  -19,  -64,  -13,    5,   -5,  -53,  -43,  -43,
     -12,  -11,  -19,  -11,   -5,   -5,  -11,   -5,   -5,  -53,  -43,  -43,    5,  -64,   -3,   -3,
      -3,   -3,   -3,  -21,  -27,  -27,  -59,  -53,  -53,  -37,  -43,  -64,  -11,  -11,  -21,  -11,
     -27,  -32,  -21,  -21,  -43,  -49,   32,   -4,   -1,  -43,   -3,  -12,  -32,  -21,  -15,  -11,
     -18,    4,   11,  -11,  -35,   -5,  -15,   -5,  -28,  -16,   -5,   -6,   -3,   -6,   11,  -28,
     -35,   -5,  -13,  -27,  -26,  -12,   -8,   -9,  -21,   -5,  -27,  -11,   -8,  -11,  -11,  -11,
      -5,  -13,  -21,  -11,  -26,   -8,  -16,   -8,   -5,   -3,  -19,    3,   -8,  -19,  -16,   -5,
      16,   16,    9,  -24,  -11,   -5,   -5,  -19,  -21,   -3,   -5,   -5,   -2,   -5,  -19,  -24,
      -5,   16,   16,  -11,  -11,   32,   29,   27,   27,   27,   27,   21,  -11,    2,    5,    1,
       2,  -11,   27,  -11,   32,   27,   16,   21,   16,   21,   -3,   -8,   -5,   -3,   -8,  -16,
       5,   -5,   -4,   -8,   -8,  -16,  -16,  -13,  -21,   -3,  -13,  -16,  -16,  -16,  -16,   -5,
       3,  -16,   -5,  -11,  -21,  -12,   -3,  -11,   -3,   -3,   -3,  -11,  -12,   -3,  -11,  -13,
     -16,  -11,  -16,   -5,   -5,   -7,   -2,   -3,  -13,   -8,   -8,  -16,   -5,  -13,  -11,   16,
     -11,   -9,   -8,   -3,    1,   11,   -8,  -11,   11,  -37,  -61,  -11,  -16,   -5,   -8,  -16,
     -12,   -8,   -5,   11,   27,   27,  -16,  -16,  -12,   -5,   27,   27,   -3,  -24,   -3,   -3,
     -11,   -3,  -11,  -24,  -11,   -3,  -13,   -3,   11,  -13,   -3,  -16,   -5,   -5,   -8,   -5,
      -8,  -16,   -5,  -16,    3,  -21,  -21,  -11,    2,  -13,   -5,  -14,   -5,  -11,  -11,   -1,
     -11,   -8,   -5,   -3,   27,   27,  -11,   -6,  -13,   -5,  -10,   -5,  -16,  -21,  -21,  -11,
      -3,   -5,   -9,   -5,   -3,  -11,   -8,   -8,   -3,   27,   21,  -11,   -3,   -5,   -8,   -5,
      -2,   -1,   -5,   -8,   -3,  -11,  -21,   -3,  -16,   -3,   -3,  -21,   -3,  -11,  -18,   -8,
     -16,  -21,  -11,  -13,   -5,  -11,   -5,   -5,  -11,   -5,   -8,   -5,  -11,  -13,   -5,   -5,
      -5,   -5,   -5,  -21,   -5,   -5,   -5,   -5,  -21,  -27,  -27,  -13,  -53,  -53,  -53,  -37,
     -43,  -64,  -13,  -11,  -11,  -21,  -11,  -13,  -21,  -27,  -27,  -27,  -53,  -53,  -37,  -43,
     -64,  -11,  -11,  -21,  -11,   -3,  -21,  -16,  -16,   -6,   -3,    5,   -9,   -5,  -16,    5,
      -3,  -69,  -53,  -21,  -35,  -40,    4,   -8,   -8,  -11,  -29,   -5,    4,   -5,    8,   -3,
       7,    8,   -2,    5,   11,   13,  -11,  -35,    4,   -5,    4,   16,   27,   16,   27,    2,
     -13,  -11,   -6,  -26,  -12,   -8,   -9,  -21,   -5,   -3,  -18,  -11,  -10,  -11,  -12,  -11,
      -5,  -13,    5,  -21,  -11,  -26,   -8,  -16,   -8,  -11,  -15,  -11,   -8,   -8,  -16,  -16,
      -3,  -19,  -19,  -24,  -27,  -29,   -7,   -1,  -13,    5,  -11,  -11,  -19,  -16,   -3,   32,
      48,   48,   -1,   -8,   -5,   -3,   -8,  -16,    5,   -5,   -4,   -8,   -8,  -32,   -5,  -16,
     -11,   -3,  -16,   -1,  -27,  -21,  -11,   -5,  -27,  -11,  -11,   -1,  -32,  -72, -128,  -21,
     -21,  -72,  -32,  -64,  -21,  -27,  -16,  -32,  -21,  -40,  -64,  -21,  -21,  -40,  -40,  -53,
     -21,  -27,  -40,  -21,   -4,  -27,  -16,  -21,  -21,  -43,
};

static const EpdLigaturePair lexenddeca_16_regularLigaturePairs[] = {
    { 0x00660069, 0xFB01 }, // f i -> U+FB01
    { 0x0066006C, 0xFB02 }, // f l -> U+FB02
};

static const EpdFontData lexenddeca_16_regular = {
    lexenddeca_16_regularBitmaps,
    lexenddeca_16_regularGlyphs,
    lexenddeca_16_regularIntervals,
    56,
    42,
    34,
    -9,
    true,
    lexenddeca_16_regularGroups,
    13,
    nullptr,
    nullptr,  // kernLeftClasses: built-in fonts use the split arrays below
    nullptr,  // kernRightClasses
    lexenddeca_16_regularKernLeftCodepoints,
    lexenddeca_16_regularKernLeftClassIds,
    lexenddeca_16_regularKernRightCodepoints,
    lexenddeca_16_regularKernRightClassIds,
    nullptr,  // kernMatrix: built-in fonts use the sparse form below
    lexenddeca_16_regularKernRowOffsets,
    lexenddeca_16_regularKernSparseCols,
    lexenddeca_16_regularKernSparseValues,
    400,
    396,
    87,
    72,
    lexenddeca_16_regularLigaturePairs,
    2,
};
