/**
 * generated by fontconvert.py
 * name: lexenddeca_12_regular
 * size: 12
 * mode: 2-bit  compressed: true
 * Command used: fontconvert.py lexenddeca_12_regular 12 ../builtinFonts/source/LexendDeca/LexendDeca-Regular.ttf --2bit --compress --pnum --zopfli
 */
#pragma once
#include "EpdFontData.h"

static const uint8_t lexenddeca_12_regularBitmaps[12905] = {
    0x9D, 0x96, 0x01, 0xE4, 0x24, 0x59, 0x7A, 0xC0, 0x7F, 0x55, 0x35, 0x33, 0x75, 0xB6, 0xC8, 0x1B,
    0xCC, 0xAE, 0xDD, 0x09, 0x57, 0x00, 0xFF, 0x4C, 0xB2, 0xF3, 0x00, 0x06, 0xD3, 0xFD, 0x5E, 0x72,
    0x04, 0x0E, 0x06, 0xF9, 0xE7, 0x70, 0xD8, 0x60, 0x71, 0x99, 0x90, 0x01, 0x62, 0xF1, 0xEF, 0xAE,
    0x97, 0x00, 0x1C, 0xCC, 0x11, 0x41, 0x20, 0x8B, 0xC5, 0x4E, 0x07, 0xBB, 0x08, 0x16, 0xD5, 0x5D,
    0xEF, 0x12, 0x2C, 0x82, 0x54, 0x9C, 0x4B, 0xB0, 0xB8, 0x12, 0x7B, 0x59, 0xD9, 0xC3, 0x3E, 0x51,
    0x2B, 0xB5, 0x33, 0xD5, 0xFD, 0xE5, 0x55, 0x75, 0xEF, 0x98, 0xD9, 0x9D, 0x9D, 0xD9, 0xDB, 0x7A,
    0xDF, 0xEF, 0xEB, 0x7A, 0xF5, 0x7D, 0xAF, 0xDF, 0xF7, 0xBD, 0x7E, 0xDF, 0xEB, 0x3A, 0x5B, 0xAD,
    0x56, 0x17, 0x17, 0x17, 0xB7, 0xE3, 0x75, 0x0B, 0xAE, 0x6D, 0x0F, 0x5B, 0xAE, 0xA7, 0xF7, 0x75,
    0xDE, 0xEA, 0xDC, 0x2F, 0x0B, 0x77, 0xBB, 0xB0, 0xB7, 0x0B, 0x6E, 0xFD, 0x0E, 0xBC, 0xC6, 0x9F,
    0xC1, 0x4D, 0x7A, 0x58, 0x10, 0xA2, 0x4A, 0x02, 0x97, 0x57, 0x7F, 0xFA, 0x39, 0xA5, 0x88, 0xF0,
    0xD2, 0xE1, 0x1F, 0x1F, 0xC2, 0x07, 0x99, 0x87, 0x7E, 0x52, 0x21, 0x9F, 0x54, 0xE1, 0x78, 0xE5,
    0xF3, 0x37, 0xFE, 0x16, 0x23, 0xB2, 0xE7, 0xF7, 0x1F, 0xBE, 0xF7, 0x2E, 0x59, 0xAB, 0x20, 0xF3,
    0xE5, 0xA4, 0x6E, 0x42, 0x3E, 0x29, 0xAE, 0x58, 0x28, 0x3C, 0xDC, 0x6B, 0xC9, 0xA2, 0xA3, 0x12,
    0xB1, 0xFA, 0xA7, 0xBF, 0xF2, 0xA6, 0xF8, 0x10, 0x53, 0x78, 0xF4, 0x0F, 0x3D, 0xE5, 0x67, 0x9E,
    0x42, 0x3A, 0x92, 0x68, 0x47, 0x8B, 0x45, 0xEB, 0x68, 0x28, 0xFC, 0x59, 0x8C, 0x72, 0xAD, 0x95,
    0xAF, 0xA4, 0x72, 0xA5, 0x1C, 0x48, 0xA5, 0x07, 0xCD, 0x91, 0x4B, 0x70, 0xE5, 0x3E, 0x2F, 0x61,
    0x7A, 0x96, 0x5C, 0x5C, 0x50, 0xD3, 0xBF, 0x4E, 0x4F, 0xF8, 0x7E, 0xD6, 0x45, 0x55, 0xF8, 0xD8,
    0x55, 0x36, 0x1A, 0x96, 0x60, 0xFA, 0x0B, 0x28, 0xEE, 0xF7, 0x95, 0x27, 0xEB, 0x1E, 0x05, 0xF2,
    0x7F, 0xEE, 0x7A, 0xD4, 0x0F, 0xFC, 0x5B, 0x2C, 0xB3, 0xA8, 0x2E, 0x26, 0xD5, 0xA7, 0x5D, 0x9F,
    0x75, 0x3C, 0x9A, 0x72, 0x8B, 0x7E, 0x00, 0x5C, 0x79, 0x07, 0xA8, 0x0E, 0xC0, 0xA1, 0x71, 0xA4,
    0x7D, 0xE1, 0xC9, 0x42, 0x0A, 0x69, 0x00, 0x92, 0x61, 0x52, 0x7B, 0x40, 0x09, 0x60, 0xFE, 0xC1,
    0xC3, 0x3A, 0x0F, 0x31, 0x90, 0x74, 0xAC, 0xA9, 0xD9, 0xF5, 0xD4, 0xE8, 0xC0, 0x1A, 0xD5, 0x61,
    0xDA, 0x7B, 0x3D, 0x4A, 0x0E, 0xFB, 0x29, 0x07, 0x63, 0x01, 0xB8, 0x8E, 0x46, 0xB3, 0xE4, 0x76,
    0x6C, 0xB7, 0xE0, 0x12, 0x17, 0xC9, 0x98, 0x05, 0xE5, 0xA7, 0x67, 0x53, 0x3A, 0x03, 0xFD, 0xDC,
    0x06, 0x6A, 0x2E, 0x58, 0xA2, 0x51, 0x3E, 0xEF, 0x92, 0x91, 0x15, 0x97, 0x80, 0x05, 0x18, 0x4B,
    0xD1, 0x92, 0x05, 0x18, 0xE0, 0x02, 0x96, 0xA0, 0xA1, 0x7C, 0x5A, 0x34, 0x2C, 0x67, 0xEB, 0x40,
    0x1A, 0x26, 0x7F, 0xED, 0x58, 0xC0, 0x55, 0xE0, 0x3E, 0x04, 0x6E, 0x7F, 0x62, 0xB5, 0xD8, 0x6C,
    0xA4, 0x14, 0xBB, 0xF8, 0xC4, 0x11, 0xE6, 0xE7, 0x00, 0xCB, 0xAF, 0x23, 0x22, 0x6E, 0xE2, 0x59,
    0xB6, 0xD7, 0x31, 0x18, 0xA7, 0xAC, 0xE2, 0x26, 0x6F, 0x71, 0x95, 0xF3, 0x3F, 0x69, 0x0E, 0xCD,
    0xE1, 0xB4, 0xEB, 0x20, 0x75, 0xA0, 0x26, 0x20, 0x3A, 0xC0, 0x6D, 0xA0, 0x06, 0x7A, 0x48, 0x03,
    0x64, 0x2D, 0x14, 0x1E, 0x94, 0x05, 0x0D, 0x2C, 0x5E, 0x6C, 0xBE, 0x06, 0x70, 0xD7, 0x92, 0x49,
    0x8F, 0x7A, 0x34, 0xA2, 0x5D, 0xC5, 0x12, 0xCD, 0x0A, 0xE5, 0x6A, 0x94, 0x1F, 0x29, 0x9E, 0xA2,
    0x46, 0x4D, 0xB8, 0x05, 0xA5, 0x35, 0x18, 0xCA, 0x7F, 0x3F, 0x50, 0xC8, 0x40, 0x22, 0x2D, 0x00,
    0xBC, 0x4F, 0x1E, 0xA8, 0x02, 0x4D, 0xE0, 0xAF, 0x02, 0xE9, 0xF3, 0x24, 0x6E, 0x78, 0x57, 0x89,
    0x8F, 0xC2, 0xC6, 0x16, 0xD2, 0x69, 0x19, 0x0C, 0x63, 0xCD, 0xF6, 0x8C, 0x15, 0xD4, 0x24, 0x23,
    0x59, 0x8F, 0xEA, 0xD0, 0x9E, 0x66, 0xEA, 0xE5, 0xB1, 0xD7, 0x62, 0x3E, 0xDD, 0x54, 0x22, 0x46,
    0xE4, 0xFA, 0xE6, 0x01, 0x5A, 0x24, 0x32, 0x1E, 0x13, 0x2C, 0x5A, 0xD0, 0x16, 0xD6, 0xCC, 0xF1,
    0x64, 0x32, 0x92, 0xFE, 0xFA, 0x00, 0x18, 0xA0, 0xB4, 0x13, 0xDF, 0xA3, 0x64, 0x89, 0xC1, 0xFC,
    0x6C, 0x2A, 0xA3, 0x81, 0xF4, 0x14, 0x37, 0xBC, 0x0A, 0xAC, 0x8E, 0xBB, 0x31, 0x8B, 0xA8, 0x88,
    0x5E, 0xC1, 0x76, 0x41, 0x32, 0x2C, 0xC8, 0xC2, 0x02, 0xE5, 0x17, 0x18, 0xBB, 0xC6, 0x88, 0xF4,
    0x65, 0xE4, 0xF2, 0xF9, 0xFA, 0x0E, 0x2C, 0x78, 0x92, 0x74, 0xB3, 0x21, 0x17, 0xA1, 0x98, 0xF0,
    0xA0, 0xDC, 0x89, 0xBF, 0x77, 0xD3, 0x7C, 0x91, 0x03, 0x29, 0x15, 0x50, 0x3A, 0x4E, 0xD6, 0x4B,
    0x91, 0xEF, 0x63, 0xD0, 0xBF, 0x3C, 0xA0, 0x9E, 0x5C, 0xCB, 0x9B, 0xC0, 0x16, 0x38, 0xA5, 0x97,
    0x77, 0xA0, 0x3C, 0x94, 0xD1, 0x6E, 0xA4, 0xC7, 0xFC, 0xDD, 0xC8, 0x96, 0x35, 0x23, 0x86, 0x01,
    0x3D, 0x31, 0xDF, 0xAF, 0xD9, 0x62, 0x7E, 0x33, 0xA2, 0x24, 0x90, 0x88, 0xE5, 0xEE, 0xE6, 0xDD,
    0x46, 0x0E, 0x51, 0xA0, 0x86, 0x81, 0x24, 0x90, 0x05, 0xF2, 0x16, 0xE5, 0x29, 0x2D, 0x06, 0x96,
    0x27, 0x4B, 0x3A, 0x5B, 0x8A, 0xD9, 0xC2, 0x39, 0x64, 0xD2, 0xCD, 0x11, 0x99, 0xBF, 0xDE, 0xB3,
    0x64, 0xC9, 0x22, 0x62, 0x58, 0x51, 0xFE, 0xC7, 0x48, 0x3E, 0xDB, 0x7A, 0xCC, 0x1F, 0xEE, 0x59,
    0x61, 0xA8, 0xD1, 0x33, 0x6B, 0x0C, 0xE6, 0xBF, 0xF7, 0xA7, 0x4C, 0x1C, 0x00, 0xDC, 0x73, 0x64,
    0x53, 0xF6, 0x8F, 0x0E, 0x68, 0x67, 0xAC, 0xA1, 0x74, 0x4B, 0x94, 0x9F, 0x30, 0x94, 0xDE, 0x38,
    0xE3, 0xCA, 0x87, 0x32, 0xAF, 0x1C, 0xBB, 0x53, 0xCA, 0x49, 0x0F, 0xD9, 0x93, 0x69, 0x3B, 0x4E,
    0x65, 0x00, 0xC7, 0xBB, 0x6B, 0x18, 0x2A, 0x96, 0x3C, 0x7D, 0x2D, 0xA8, 0x30, 0xF6, 0x58, 0x43,
    0x1F, 0x70, 0x15, 0x80, 0x24, 0x50, 0x06, 0x1A, 0x57, 0x0C, 0x54, 0x2D, 0x7B, 0x68, 0x2C, 0x65,
    0x4F, 0x7A, 0x00, 0xDD, 0x91, 0x07, 0xB8, 0x73, 0x77, 0xF3, 0x40, 0x44, 0x36, 0x9B, 0x0D, 0x00,
    0xC4, 0xE5, 0x8A, 0xDD, 0xF3, 0xF3, 0x73, 0x60, 0x09, 0xA6, 0x25, 0x1F, 0xA1, 0x71, 0xA8, 0x7E,
    0xDE, 0x8A, 0x23, 0xA6, 0x8D, 0xC3, 0xCB, 0x80, 0xB1, 0xBC, 0x3A, 0x17, 0x51, 0x2E, 0xA1, 0x94,
    0xD1, 0xB0, 0xFF, 0x83, 0x79, 0x04, 0xAC, 0x61, 0xA4, 0xE8, 0x69, 0x3C, 0x5B, 0xB8, 0x80, 0xB3,
    0x63, 0xEC, 0x30, 0xC2, 0x7E, 0xD6, 0x57, 0x81, 0x57, 0x36, 0x16, 0x52, 0x91, 0x1E, 0xF4, 0xFF,
    0x9C, 0xCB, 0x6C, 0x2A, 0x5D, 0xD6, 0x41, 0xD6, 0x2A, 0x77, 0xFD, 0x8F, 0xFF, 0xA8, 0x2B, 0x91,
    0xCF, 0x5C, 0x58, 0x64, 0x5F, 0x34, 0x36, 0x5C, 0x14, 0xDE, 0x10, 0x3E, 0x50, 0x4E, 0x13, 0x7A,
    0x4D, 0xD4, 0x41, 0xB3, 0x4C, 0xBA, 0xA8, 0xD7, 0x99, 0x0F, 0x3A, 0xD9, 0x17, 0x2E, 0xA8, 0xDF,
    0xC8, 0x3D, 0xFE, 0xA9, 0x10, 0x33, 0x72, 0x91, 0xBC, 0x73, 0xE5, 0x3E, 0x0B, 0x00, 0x4A, 0xCB,
    0x25, 0xC8, 0x7B, 0x56, 0x90, 0x88, 0xEC, 0x81, 0xDF, 0x15, 0x07, 0x00, 0x40, 0xF2, 0x36, 0x90,
    0x0D, 0x30, 0xE7, 0x8A, 0xDA, 0x03, 0x6A, 0x0D, 0x68, 0x0D, 0x2C, 0x4B, 0x0B, 0x2B, 0xE5, 0xA1,
    0x2E, 0x3C, 0x0C, 0x59, 0x47, 0x12, 0xB2, 0x40, 0x26, 0xD2, 0x4F, 0x6A, 0xA4, 0xF8, 0x74, 0x33,
    0xA2, 0x1C, 0xEB, 0xE3, 0xB6, 0x32, 0xA0, 0xED, 0x12, 0x94, 0xBB, 0xBB, 0xB9, 0x43, 0x23, 0xFB,
    0x88, 0xD8, 0x9A, 0x6A, 0x3E, 0x59, 0x4E, 0xB8, 0xED, 0x79, 0xF5, 0xD8, 0xB6, 0x3D, 0xBF, 0xE7,
    0x6B, 0xF2, 0xAE, 0x26, 0x0B, 0x47, 0x8A, 0x6E, 0xB7, 0x69, 0xFC, 0x64, 0x6B, 0x64, 0x38, 0xFE,
    0x9B, 0x54, 0xE2, 0xA6, 0x29, 0xD5, 0x90, 0x8F, 0xA5, 0xE7, 0x7D, 0x03, 0xAC, 0x81, 0x1A, 0x18,
    0x4F, 0xD4, 0xC0, 0xF6, 0xF4, 0xDC, 0x58, 0x28, 0x5B, 0xDE, 0x2F, 0x0E, 0x7F, 0x31, 0xA4, 0x22,
    0x81, 0x7B, 0x62, 0x01, 0xEE, 0x3E, 0xB0, 0x9C, 0xE6, 0xF5, 0x35, 0x7A, 0x9A, 0xB3, 0xAF, 0x61,
    0x8C, 0xD4, 0x91, 0xD5, 0x57, 0xD8, 0x1E, 0x6D, 0xE9, 0x50, 0x53, 0x84, 0x18, 0x53, 0x7B, 0x8C,
    0xE9, 0xE3, 0x63, 0x75, 0xED, 0xA3, 0xD4, 0xF0, 0x58, 0xB6, 0xE7, 0x77, 0x1A, 0x09, 0x51, 0xE2,
    0xCD, 0x93, 0xCF, 0x77, 0x9B, 0x07, 0x47, 0xE7, 0xBB, 0xD3, 0x8D, 0x44, 0xD9, 0xC2, 0x93, 0x0E,
    0x31, 0xCB, 0x28, 0xBB, 0xCD, 0x3B, 0x35, 0x7C, 0x5D, 0xB8, 0xFC, 0x00, 0xA8, 0xA4, 0x23, 0x9D,
    0xD7, 0x7B, 0x48, 0x0E, 0x94, 0x9E, 0x33, 0x0C, 0xC0, 0x1A, 0xA0, 0x06, 0x18, 0x8F, 0xCA, 0x4C,
    0x99, 0x45, 0xB5, 0xE5, 0xC6, 0x7B, 0xDE, 0x80, 0xF2, 0xC6, 0x51, 0x3A, 0xD5, 0x51, 0x91, 0x1F,
    0x7E, 0xB4, 0x27, 0x11, 0xE9, 0xA1, 0x14, 0x07, 0x00, 0x3F, 0x81, 0x69, 0xDE, 0xE1, 0x9B, 0x88,
    0xE1, 0xCE, 0xEC, 0x36, 0x9B, 0xE1, 0x79, 0x7E, 0x37, 0x36, 0xCE, 0x88, 0x8F, 0x92, 0xF4, 0xBC,
    0x50, 0x6E, 0x3C, 0x3C, 0x39, 0x73, 0x7D, 0x73, 0x1F, 0x23, 0x61, 0x86, 0x9A, 0x6F, 0xC3, 0x55,
    0x46, 0x6E, 0x27, 0x23, 0xD5, 0x8F, 0x7B, 0xB4, 0x74, 0xE4, 0x62, 0x4F, 0x99, 0x24, 0x31, 0x93,
    0xBC, 0xAF, 0x29, 0xDB, 0x9A, 0x8A, 0x3A, 0xFA, 0xD4, 0x79, 0xA0, 0x2E, 0x3D, 0x75, 0x05, 0x5B,
    0x81, 0x46, 0x3C, 0xCD, 0xBF, 0x76, 0x34, 0xD9, 0x40, 0xCD, 0x9E, 0xD9, 0x0F, 0xED, 0x6B, 0xD4,
    0x69, 0x33, 0x24, 0xE3, 0x4F, 0xA0, 0xFE, 0xD6, 0xB2, 0xFB, 0x72, 0x27, 0xC4, 0x51, 0x57, 0xDC,
    0x0E, 0x94, 0x6F, 0x2C, 0xDA, 0x37, 0x1E, 0xE3, 0x9B, 0x0E, 0xF1, 0x4D, 0x48, 0x1E, 0xF9, 0x7A,
    0xCC, 0xFE, 0xCF, 0xD7, 0xDB, 0xE2, 0x43, 0x5F, 0x9B, 0xF2, 0x87, 0xBE, 0x2E, 0x9B, 0xC2, 0xD7,
    0xC5, 0x18, 0x55, 0x36, 0x44, 0x95, 0x84, 0xA8, 0xE0, 0xD9, 0xEA, 0x4D, 0x38, 0xDB, 0xC1, 0xAA,
    0xB1, 0x11, 0x1F, 0x09, 0xAC, 0x76, 0x03, 0xAB, 0x7A, 0x1F, 0x31, 0x91, 0xD2, 0xAF, 0xEA, 0xA2,
    0x5B, 0xD5, 0x59, 0xBF, 0xA8, 0x19, 0x23, 0x55, 0x44, 0x6F, 0x6B, 0xD4, 0xBE, 0x26, 0x8B, 0x30,
    0xB1, 0xE2, 0xCA, 0x03, 0xA0, 0x99, 0xFF, 0x24, 0x65, 0x40, 0xF5, 0xE9, 0x1E, 0xED, 0xA8, 0x30,
    0x50, 0xBA, 0x15, 0xA8, 0xE3, 0x7C, 0x23, 0xE4, 0xED, 0xAC, 0xA6, 0x6E, 0xBB, 0x9D, 0x0C, 0xEB,
    0x49, 0x19, 0x8B, 0xB1, 0x65, 0x4B, 0x43, 0x71, 0xF8, 0xF1, 0x48, 0x22, 0x12, 0x40, 0x8B, 0x05,
    0x1E, 0xD7, 0xD6, 0x10, 0x39, 0x9C, 0x96, 0xB5, 0x9C, 0x6A, 0xFE, 0x84, 0x8E, 0x75, 0xDE, 0x9C,
    0x6A, 0xAF, 0x67, 0x7B, 0x0E, 0x35, 0xCF, 0xE6, 0x3B, 0x87, 0xF9, 0xD6, 0x14, 0xE6, 0x7E, 0x0A,
    0xD3, 0x4C, 0x61, 0x96, 0x42, 0x71, 0x78, 0x63, 0x0E, 0xB3, 0x07, 0x2D, 0x23, 0x40, 0x05, 0xA0,
    0x01, 0xBE, 0xC7, 0xF1, 0x80, 0x1A, 0x23, 0x42, 0xCD, 0xBD, 0xD3, 0xE1, 0x94, 0xB7, 0x47, 0x0A,
    0xBF, 0x45, 0xFB, 0x68, 0x9B, 0x7D, 0x76, 0x3F, 0xEA, 0xA9, 0x19, 0x23, 0xBB, 0x88, 0x89, 0x68,
    0x77, 0xF2, 0x0F, 0xC7, 0xEC, 0xEF, 0x1F, 0xDF, 0xD2, 0x1F, 0x8A, 0xD5, 0xAE, 0xF4, 0x86, 0x1C,
    0x03, 0x68, 0x0B, 0xE5, 0xC7, 0x3C, 0x7E, 0x4B, 0xE7, 0x8A, 0x58, 0xD0, 0x1E, 0x0A, 0x7F, 0x46,
    0xEE, 0xD7, 0x28, 0x5F, 0xB5, 0x4F, 0xBC, 0xA5, 0x03, 0x37, 0x36, 0x9B, 0xFB, 0x46, 0xA4, 0x9B,
    0xA0, 0x74, 0xA0, 0xEC, 0x77, 0xE2, 0x4D, 0x78, 0x7B, 0x24, 0xE9, 0xBF, 0x2D, 0x35, 0x69, 0x58,
    0x93, 0x05, 0xE3, 0x54, 0x57, 0x7E, 0xD1, 0xF8, 0x5C, 0x04, 0x9A, 0x1E, 0x80, 0xDF, 0x83, 0x2B,
    0xCE, 0x80, 0xF2, 0xDA, 0xA2, 0xAD, 0xF2, 0x18, 0xA2, 0x5A, 0x93, 0x77, 0x6C, 0xC9, 0x02, 0x23,
    0x69, 0x9F, 0xF4, 0x30, 0x66, 0x61, 0x52, 0x1D, 0xAC, 0x0B, 0x0F, 0x46, 0x79, 0xD0, 0x6F, 0x58,
    0x50, 0xEF, 0x01, 0xEA, 0x00, 0xE4, 0x23, 0x90, 0x4D, 0x2A, 0xED, 0xE7, 0x6F, 0x86, 0xEB, 0x18,
    0x00, 0x83, 0x01, 0x58, 0x52, 0xDA, 0xE4, 0x0E, 0x5B, 0x94, 0x9B, 0xBF, 0x59, 0xF9, 0xA2, 0x67,
    0x20, 0x6F, 0xD5, 0x98, 0xF4, 0x64, 0x5D, 0x39, 0xCE, 0xEF, 0x2C, 0x7A, 0x99, 0x75, 0xA4, 0x61,
    0xA1, 0xF3, 0x16, 0x86, 0x3A, 0x96, 0x15, 0x8C, 0x83, 0xFA, 0x37, 0x0F, 0xDB, 0x3E, 0xFF, 0x95,
    0x85, 0x2A, 0x64, 0x02, 0x98, 0x36, 0x15, 0x40, 0x7B, 0x0E, 0x40, 0xE9, 0x18, 0x01, 0x05, 0x17,
    0x70, 0x1D, 0x5E, 0x9B, 0x0C, 0x3B, 0x54, 0xC7, 0x48, 0x16, 0xB2, 0x40, 0x32, 0x16, 0x1D, 0xEC,
    0x94, 0x07, 0x53, 0x01, 0xE5, 0x1E, 0x28, 0x46, 0x20, 0xEF, 0x01, 0x35, 0x02, 0xA6, 0x01, 0x76,
    0xDA, 0x45, 0x67, 0xD5, 0x92, 0x85, 0x3C, 0x50, 0xB4, 0xE9, 0x40, 0xE9, 0xD9, 0x63, 0xA0, 0xE2,
    0xCF, 0xE1, 0x35, 0x0C, 0xAC, 0x29, 0x3D, 0x23, 0x45, 0x97, 0xF6, 0x64, 0x7D, 0xDE, 0xC1, 0xA8,
    0xFC, 0x34, 0xD6, 0x82, 0xD9, 0x01, 0xEA, 0xF1, 0x37, 0x67, 0xE1, 0x5B, 0xA9, 0xEB, 0xC7, 0xFD,
    0x11, 0x22, 0x1D, 0x94, 0x1E, 0x8C, 0x85, 0x1D, 0x24, 0xE3, 0xD1, 0x41, 0xB5, 0xA0, 0x1D, 0x54,
    0xC0, 0xF4, 0xA8, 0x87, 0xE2, 0x4B, 0xCF, 0xCD, 0xE6, 0xED, 0x26, 0x8E, 0x9D, 0xD8, 0xBC, 0x2D,
    0xFD, 0x17, 0x77, 0x7A, 0x5E, 0xDC, 0xA4, 0x97, 0xFE, 0x4D, 0xE0, 0x02, 0x58, 0x02, 0x25, 0xA0,
    0x1C, 0xE4, 0x1E, 0xB2, 0x0E, 0x92, 0x00, 0x0C, 0xBF, 0xAD, 0xC3, 0x4B, 0xF6, 0xC6, 0xBB, 0xD5,
    0xF8, 0x72, 0xCD, 0xC5, 0x8B, 0x5B, 0x35, 0x56, 0x23, 0x70, 0x4A, 0xA2, 0x85, 0x26, 0xC0, 0x30,
    0x90, 0x85, 0x2D, 0x79, 0x67, 0x50, 0xBE, 0xB4, 0xD3, 0xB6, 0x5C, 0x92, 0xB7, 0x31, 0xB7, 0x71,
    0xE2, 0x12, 0xAF, 0x63, 0x5C, 0xDE, 0xE1, 0xB8, 0x0C, 0xC8, 0xFF, 0x86, 0x5C, 0x24, 0xA8, 0x4E,
    0x07, 0xED, 0xF2, 0x60, 0xC8, 0xC2, 0x92, 0x34, 0x92, 0x44, 0xD2, 0xB9, 0x5F, 0xBA, 0x22, 0xA8,
    0x8F, 0xEF, 0x85, 0x4C, 0x0E, 0x81, 0xE6, 0xBF, 0x02, 0xC0, 0x19, 0xB0, 0xF8, 0x2A, 0x97, 0x2D,
    0x8B, 0x6A, 0xC0, 0x88, 0x60, 0x5A, 0xED, 0x0C, 0x85, 0x5F, 0x92, 0x75, 0x8B, 0x99, 0x74, 0xFE,
    0x8C, 0xFD, 0xD6, 0xC4, 0x88, 0x4C, 0x57, 0xB9, 0xA5, 0x08, 0x0B, 0x33, 0x00, 0xC0, 0xCB, 0xA4,
    0xD2, 0x29, 0x19, 0x8D, 0x5B, 0xAD, 0xF8, 0xDE, 0x08, 0x03, 0xF4, 0xB3, 0xAE, 0x61, 0xCD, 0xAB,
    0xE6, 0xFE, 0x2E, 0x5A, 0x53, 0x69, 0x01, 0x48, 0xE7, 0x55, 0x7C, 0x8A, 0x97, 0x73, 0x9F, 0xC9,
    0x7F, 0x7A, 0x25, 0xE2, 0x8D, 0xAD, 0xFC, 0x8A, 0xD2, 0x8F, 0x14, 0x7E, 0x20, 0x7F, 0x4C, 0x8D,
    0xF2, 0xD3, 0xC6, 0x33, 0xAE, 0x8A, 0x7E, 0x8F, 0x7C, 0x2A, 0x1F, 0xFA, 0xD3, 0xE4, 0xD3, 0xEC,
    0xC4, 0x09, 0x88, 0x63, 0x89, 0x63, 0x6D, 0xF4, 0x75, 0x22, 0x32, 0x33, 0x00, 0x35, 0xB0, 0xE6,
    0x12, 0xA6, 0xFD, 0x4B, 0x94, 0x1C, 0x48, 0xA4, 0x07, 0x80, 0x6B, 0xA4, 0xE2, 0x72, 0xB1, 0xC5,
    0xCF, 0x51, 0x7E, 0x12, 0x91, 0x49, 0xDE, 0xF8, 0x25, 0xCA, 0x3F, 0x4F, 0x8E, 0x93, 0xFE, 0xA2,
    0x55, 0x22, 0x6D, 0x0C, 0xA8, 0x5D, 0xA3, 0xDA, 0x91, 0xBC, 0x1D, 0xC8, 0x1E, 0x53, 0x93, 0xCF,
    0xCF, 0x4D, 0x5B, 0xB5, 0x31, 0xE0, 0x76, 0xF2, 0x87, 0x3C, 0x52, 0xF8, 0xCB, 0x94, 0x4E, 0x7D,
    0x2A, 0x14, 0x32, 0x4E, 0xE7, 0xEC, 0xB3, 0x7F, 0x91, 0xE4, 0xF8, 0x8B, 0x2C, 0x65, 0x8F, 0xF1,
    0x15, 0x06, 0xCD, 0x82, 0xF2, 0x85, 0xC4, 0x34, 0x31, 0xDC, 0x04, 0x00, 0xCC, 0x37, 0x36, 0xEC,
    0x74, 0x34, 0xA4, 0x1D, 0x00, 0x64, 0xDD, 0xF3, 0x5A, 0xD9, 0x56, 0x6E, 0xF1, 0xEC, 0x28, 0x67,
    0x2A, 0x16, 0xC9, 0xC8, 0x22, 0x0F, 0x2C, 0x4A, 0xCF, 0xA2, 0x82, 0xE5, 0x08, 0x66, 0x1F, 0x69,
    0x60, 0xA9, 0xFC, 0x6C, 0x9B, 0x7D, 0xD8, 0x45, 0x8C, 0x3B, 0x5B, 0x7C, 0xED, 0x22, 0x21, 0xB1,
    0xAC, 0xAA, 0x5E, 0x0F, 0xAC, 0x65, 0x94, 0x03, 0x95, 0x97, 0xB6, 0xA2, 0xC2, 0x58, 0x6D, 0x57,
    0x18, 0xCA, 0x59, 0xAB, 0xDF, 0x42, 0xF3, 0x1D, 0x17, 0xF1, 0xF8, 0x03, 0xF7, 0xA8, 0x69, 0x9C,
    0xAB, 0x58, 0xA3, 0xBE, 0xDC, 0x91, 0xED, 0x97, 0xD4, 0x14, 0xD3, 0x8E, 0x74, 0xBA, 0x6D, 0x66,
    0xBF, 0x44, 0x3A, 0x00, 0x48, 0xBE, 0x52, 0x4A, 0xF6, 0xA9, 0x52, 0x0A, 0xA7, 0x52, 0xEA, 0xE6,
    0x52, 0xFA, 0xB8, 0x72, 0x93, 0xDF, 0x42, 0x0F, 0xCF, 0x5C, 0xDA, 0x33, 0x80, 0x6B, 0x90, 0xC9,
    0x47, 0xC7, 0xEA, 0x70, 0xCD, 0xA9, 0x3A, 0x94, 0x1F, 0x28, 0x7C, 0x1F, 0x19, 0x22, 0xC7, 0xEA,
    0xD0, 0xDE, 0xFC, 0xAC, 0x99, 0xFD, 0x52, 0xF9, 0xA9, 0x87, 0xE2, 0x19, 0x5C, 0xB1, 0x5C, 0x66,
    0x61, 0xDC, 0x52, 0xAC, 0xF9, 0x35, 0xC6, 0xB2, 0x84, 0xC5, 0x37, 0x08, 0x77, 0x50, 0xD1, 0x4D,
    0xBA, 0x3A, 0xF5, 0x35, 0xEC, 0xC0, 0x0C, 0x14, 0xE2, 0xA8, 0x3A, 0xB2, 0x70, 0x35, 0x0D, 0x17,
    0x59, 0xD7, 0x88, 0x2F, 0x05, 0x20, 0xB9, 0x43, 0x1A, 0x4E, 0x52, 0x89, 0x8F, 0xF2, 0xCA, 0xE7,
    0x36, 0xDE, 0x3F, 0x47, 0x00, 0x16, 0x94, 0xF6, 0x79, 0x2C, 0x23, 0x06, 0x6D, 0xB5, 0x6B, 0xAC,
    0x92, 0xCF, 0x6C, 0x2E, 0xA5, 0x05, 0x00, 0x98, 0x57, 0x91, 0xC2, 0x97, 0x56, 0x39, 0xE5, 0x4B,
    0x8E, 0xEB, 0xBC, 0x22, 0x0D, 0x35, 0xF4, 0x3D, 0x1C, 0x02, 0x54, 0x1D, 0x18, 0x0F, 0xDA, 0x81,
    0x82, 0xD3, 0xA4, 0x70, 0xB1, 0x04, 0x6A, 0xCD, 0x6D, 0x06, 0x65, 0xD7, 0x49, 0x50, 0x4E, 0xD2,
    0x50, 0xFC, 0x5C, 0x7E, 0xD0, 0x65, 0xBF, 0xF8, 0xE8, 0x43, 0x9F, 0x7D, 0xF2, 0x2F, 0x1F, 0xF9,
    0xF4, 0xD1, 0xDF, 0x88, 0x43, 0x12, 0x01, 0x41, 0x60, 0xC5, 0x1A, 0x6E, 0xC7, 0x06, 0x30, 0x1F,
    0xD1, 0xDE, 0x50, 0x74, 0x5B, 0xB2, 0x7E, 0x00, 0x09, 0x50, 0x79, 0x30, 0x91, 0xAA, 0x9D, 0xFB,
    0x59, 0x18, 0x29, 0xDA, 0x79, 0x97, 0x38, 0x83, 0x6A, 0x01, 0xA2, 0x77, 0x30, 0x64, 0x9D, 0x8E,
    0x96, 0x32, 0xC6, 0xAD, 0x7C, 0xE9, 0xF2, 0xD8, 0x9B, 0x0F, 0xEF, 0x7E, 0x05, 0xE3, 0x08, 0xDB,
    0x1E, 0x4C, 0x00, 0x7D, 0xFA, 0x97, 0x53, 0x13, 0x16, 0x34, 0xB0, 0x04, 0x56, 0xC0, 0x07, 0x00,
    0x88, 0x84, 0x28, 0x14, 0x2D, 0xA5, 0xC3, 0x40, 0x4D, 0xD2, 0x93, 0x77, 0x28, 0x8F, 0x86, 0xF5,
    0x63, 0x87, 0x04, 0x4A, 0xCB, 0x0E, 0x7A, 0x92, 0xF0, 0x94, 0xA4, 0x1D, 0x85, 0x47, 0xE0, 0x3D,
    0x47, 0xD6, 0x92, 0x86, 0xAF, 0x3A, 0x30, 0x82, 0xB1, 0x14, 0xF6, 0xEC, 0xE2, 0xD9, 0xD7, 0x55,
    0x58, 0x82, 0xF6, 0xF3, 0xF0, 0xEE, 0x29, 0x49, 0x02, 0xEC, 0x67, 0x5B, 0xE5, 0xE8, 0x49, 0xC3,
    0x53, 0xD6, 0x6C, 0x9E, 0xBA, 0xB2, 0xDC, 0x02, 0xC0, 0x74, 0xB7, 0x1A, 0x19, 0xC2, 0xBD, 0x70,
    0x27, 0xB1, 0xFF, 0x0F, 0xBD, 0x97, 0x01, 0xA4, 0x25, 0xD7, 0x19, 0xC7, 0x7F, 0x33, 0xF3, 0xF6,
    0xCD, 0xA6, 0xD3, 0xE6, 0x2C, 0x76, 0xD9, 0x6D, 0x62, 0x67, 0x11, 0xAC, 0x48, 0xF6, 0xC0, 0x86,
    0x57, 0xDE, 0xBD, 0xE7, 0x44, 0x00, 0xA5, 0x7D, 0xC8, 0x53, 0x1A, 0x34, 0x08, 0xDA, 0x34, 0xCD,
    0x16, 0x8B, 0xC5, 0xBB, 0x77, 0x66, 0x5B, 0x14, 0xD0, 0x2D, 0x14, 0xD0, 0xAE, 0x36, 0x68, 0x9E,
    0xB6, 0x89, 0x5A, 0x2C, 0x99, 0xFB, 0xE6, 0x24, 0x45, 0x11, 0x98, 0x34, 0x28, 0x8A, 0xDC, 0x46,
    0x40, 0x17, 0x3B, 0x89, 0x49, 0x3B, 0xE9, 0xCE, 0xBD, 0x5F, 0xCF, 0xDC, 0xBD, 0xEF, 0x59, 0xDB,
    0x6C, 0x92, 0xEC, 0xED, 0xBE, 0x6F, 0xCE, 0xFF, 0x3F, 0xF7, 0x9C, 0xEF, 0xF8, 0xFF, 0xBF, 0x6B,
    0xCE, 0xB9, 0xE7, 0xCE, 0xF1, 0xC9, 0xBC, 0x00, 0x36, 0x36, 0x76, 0x7C, 0x14, 0x7D, 0x1C, 0xE7,
    0x2C, 0x0C, 0x60, 0x6C, 0x63, 0x69, 0x52, 0x99, 0x99, 0x9D, 0xD1, 0x68, 0x73, 0xAD, 0xDB, 0xA4,
    0xDD, 0xA4, 0x59, 0x70, 0xB1, 0x49, 0xB6, 0xF9, 0xA8, 0x9E, 0xCF, 0x13, 0x69, 0x03, 0xB9, 0xC2,
    0x80, 0xBE, 0xAD, 0xBF, 0x02, 0x99, 0x58, 0xE6, 0xAF, 0xB9, 0xB0, 0x09, 0x89, 0xA6, 0x10, 0x55,
    0x4B, 0x4C, 0xC1, 0xC8, 0x6C, 0x01, 0x5A, 0xA0, 0x03, 0x0A, 0xE0, 0x3A, 0xD0, 0xC0, 0xFA, 0x8C,
    0x63, 0x46, 0x6E, 0x35, 0xE7, 0x9E, 0x93, 0x06, 0x4E, 0x59, 0xE0, 0x2C, 0xE7, 0xC7, 0xDE, 0x5B,
    0x5A, 0xF5, 0xE7, 0x3A, 0xA5, 0xB9, 0xDD, 0xD4, 0xDF, 0x6A, 0x23, 0xDD, 0x70, 0xAF, 0x38, 0xC9,
    0xB1, 0x1F, 0xC0, 0x29, 0x0C, 0x8C, 0x49, 0x1D, 0x1D, 0xC9, 0x34, 0x6C, 0x88, 0x9A, 0x78, 0x0A,
    0x9D, 0x72, 0xB0, 0xA7, 0x2D, 0x98, 0x3D, 0x40, 0x75, 0x40, 0xDC, 0x40, 0x20, 0x52, 0xDF, 0x26,
    0xBE, 0xF3, 0xF1, 0xD6, 0x82, 0xEE, 0x1C, 0x8B, 0x3C, 0x16, 0x74, 0x76, 0x73, 0x3F, 0x8E, 0x03,
    0x9B, 0x07, 0x01, 0x7F, 0xB4, 0xB1, 0xD4, 0xEA, 0x46, 0xAB, 0x39, 0xA3, 0x41, 0x83, 0xFA, 0x00,
    0x25, 0x95, 0xAF, 0xA9, 0x58, 0x9F, 0x77, 0x98, 0x09, 0x3A, 0xAB, 0x46, 0x5A, 0xDA, 0x50, 0x6A,
    0x92, 0x16, 0xBA, 0x33, 0x14, 0xE3, 0xA0, 0x35, 0x52, 0x27, 0x52, 0x71, 0x9C, 0x63, 0x6B, 0x4C,
    0xB4, 0x9D, 0x19, 0xBB, 0x93, 0x42, 0xB0, 0x6B, 0x41, 0x4B, 0x03, 0xF3, 0xA7, 0xF7, 0x88, 0xA6,
    0xA8, 0x3C, 0xC9, 0xCB, 0x67, 0xAA, 0x34, 0x96, 0xAA, 0x7E, 0x32, 0xBD, 0xEC, 0xAE, 0x6D, 0x0E,
    0xE1, 0x52, 0x6F, 0xBC, 0x71, 0x9B, 0x06, 0x3D, 0x69, 0xEC, 0xC5, 0xD3, 0xEA, 0x86, 0xAB, 0x55,
    0x28, 0x7F, 0x9D, 0xC6, 0xEE, 0x44, 0xEC, 0xC2, 0x16, 0x0D, 0xD9, 0x8D, 0x0E, 0x7A, 0x9F, 0xFD,
    0x48, 0xDE, 0xB3, 0xA6, 0xF4, 0x56, 0xB6, 0x50, 0xF6, 0xBA, 0xB2, 0x3B, 0xCA, 0x9A, 0xCC, 0xA6,
    0xEF, 0x59, 0x80, 0xFC, 0x4C, 0x38, 0xDD, 0x89, 0x5D, 0xA3, 0x9E, 0x99, 0x0E, 0x13, 0xE7, 0x27,
    0x78, 0x4E, 0x9F, 0xF1, 0x72, 0x8D, 0x1F, 0x27, 0x3F, 0x06, 0x20, 0x22, 0x6D, 0x8F, 0x13, 0xDB,
    0xDB, 0x2D, 0x70, 0x37, 0xD8, 0x7E, 0xB6, 0x9C, 0x97, 0x73, 0xE0, 0x45, 0x4B, 0x24, 0x35, 0xDE,
    0x82, 0x27, 0xCA, 0x6F, 0xB1, 0xF1, 0xA7, 0xB7, 0xB9, 0xF8, 0xC6, 0xCF, 0x38, 0xFF, 0x46, 0xCC,
    0xC6, 0x6F, 0xBF, 0xC9, 0x93, 0xBF, 0xF9, 0x15, 0x2A, 0x2F, 0x08, 0x65, 0x0A, 0xA7, 0x20, 0x9B,
    0x67, 0x12, 0xBE, 0x82, 0x9A, 0x33, 0x50, 0x6C, 0xC4, 0x76, 0x23, 0xCE, 0x37, 0x95, 0x4D, 0xF7,
    0x88, 0x5B, 0x00, 0x8E, 0x03, 0xC3, 0x03, 0xB0, 0x9D, 0x6D, 0x23, 0x22, 0xB6, 0xF4, 0xB8, 0x73,
    0x9C, 0x13, 0xE0, 0x4B, 0x5B, 0xE4, 0x7A, 0x00, 0x40, 0x5A, 0x65, 0xF5, 0x8F, 0x1B, 0xEA, 0xA8,
    0x52, 0xF9, 0x90, 0xBD, 0x57, 0xB2, 0xC6, 0x54, 0xA6, 0x8E, 0x5C, 0x6A, 0x75, 0x4D, 0xC3, 0xB5,
    0xA7, 0xEA, 0xAC, 0x02, 0x88, 0x9C, 0x9A, 0x1A, 0x1E, 0x03, 0x68, 0x28, 0x3E, 0xB5, 0xB5, 0x14,
    0x1D, 0xDD, 0x3C, 0xEE, 0x44, 0x8A, 0x5B, 0x33, 0x3F, 0xC2, 0x41, 0xE3, 0xBB, 0xBB, 0x57, 0x13,
    0x91, 0x46, 0x7B, 0x64, 0x12, 0x34, 0xA5, 0x87, 0x2C, 0x51, 0x7A, 0x18, 0x8F, 0xD4, 0x23, 0xF6,
    0xC0, 0xDC, 0x1B, 0x7E, 0xFB, 0x4D, 0x08, 0x79, 0x18, 0x6D, 0x1F, 0xA9, 0xC2, 0xE9, 0x23, 0xD5,
    0xD0, 0xC2, 0x57, 0xC8, 0xC8, 0x50, 0x77, 0x5C, 0xB0, 0x7E, 0x95, 0x74, 0xC6, 0x40, 0xE3, 0x9F,
    0xE2, 0xA5, 0xFE, 0x59, 0x62, 0xF6, 0x48, 0x5A, 0x80, 0x33, 0x6B, 0xB4, 0x29, 0x03, 0x95, 0xEB,
    0xA8, 0x52, 0x6F, 0x36, 0x71, 0xD5, 0xA9, 0x37, 0xEB, 0x34, 0xAA, 0xFC, 0xC8, 0xF5, 0xB4, 0xCF,
    0xAE, 0xC3, 0x29, 0x32, 0x18, 0xF4, 0xD4, 0x92, 0x10, 0xD6, 0x9E, 0xA2, 0xCA, 0x93, 0xCA, 0x3D,
    0x69, 0x3C, 0x0D, 0x7A, 0x6A, 0xC1, 0x27, 0x13, 0x7C, 0x52, 0x5B, 0x9F, 0xCC, 0x2C, 0x9A, 0x5B,
    0x96, 0xCD, 0xE8, 0x6D, 0x4B, 0x9B, 0xDC, 0x9C, 0x86, 0x75, 0x2C, 0x75, 0xE4, 0x48, 0xAC, 0xCA,
    0x3D, 0x01, 0x7C, 0x69, 0x79, 0x9D, 0xFB, 0xA4, 0x4C, 0x7D, 0xF2, 0x9D, 0x29, 0x9A, 0xB0, 0x62,
    0x40, 0xEC, 0x68, 0x49, 0x7D, 0x92, 0x1D, 0x9F, 0x64, 0x7E, 0x55, 0xE5, 0x48, 0xAD, 0xA7, 0x84,
    0xD6, 0xD4, 0xA8, 0x3C, 0x72, 0x68, 0x94, 0x65, 0x07, 0x5D, 0xD3, 0xC2, 0xB5, 0xB0, 0x86, 0x8B,
    0xB1, 0xE3, 0xA9, 0x5A, 0xE5, 0x98, 0x4A, 0x03, 0xEC, 0x84, 0x0E, 0xDA, 0xC4, 0x79, 0x99, 0xD4,
    0x79, 0x49, 0xE3, 0x50, 0xF6, 0x23, 0x87, 0x0E, 0x6F, 0xB5, 0xEC, 0x04, 0xD2, 0xD2, 0x10, 0xBA,
    0xB0, 0xF6, 0x04, 0x00, 0x0F, 0x81, 0x01, 0x63, 0xD1, 0x2C, 0xE3, 0x1C, 0x68, 0x28, 0x89, 0xE7,
    0xA4, 0x15, 0x06, 0xC6, 0x30, 0xEA, 0x79, 0x60, 0x2E, 0xCF, 0x52, 0x69, 0xA2, 0xC5, 0x36, 0x66,
    0x1D, 0x40, 0x55, 0xB0, 0x7C, 0x04, 0x2F, 0xB1, 0x8C, 0xE0, 0x2A, 0x10, 0xB5, 0x40, 0xDC, 0x01,
    0x6A, 0xD6, 0xD3, 0x18, 0xD0, 0x1A, 0x18, 0xA6, 0x16, 0x46, 0xCA, 0x41, 0x91, 0x78, 0x6A, 0xA3,
    0x29, 0x41, 0x1D, 0xD5, 0x44, 0x22, 0x4D, 0x4F, 0x1D, 0xC9, 0x3F, 0x77, 0x3B, 0x54, 0xCE, 0x98,
    0xD4, 0x62, 0x30, 0xA0, 0xED, 0x90, 0x7E, 0x84, 0xA3, 0x00, 0x7B, 0x40, 0x34, 0x03, 0xE2, 0xFC,
    0x10, 0x2C, 0xED, 0xBE, 0x72, 0x2A, 0xC0, 0x37, 0x12, 0xFB, 0xE0, 0x2D, 0x01, 0xD2, 0x77, 0x1D,
    0x64, 0x92, 0xC3, 0xC5, 0x97, 0x39, 0x1C, 0xCB, 0xB1, 0x72, 0x50, 0xA6, 0x8E, 0x7E, 0x1F, 0x1D,
    0x8E, 0xE5, 0x42, 0x59, 0xFD, 0x08, 0x78, 0xF8, 0x6B, 0x40, 0xF2, 0x7B, 0x20, 0x6A, 0x1E, 0x9C,
    0xE5, 0x8B, 0xBB, 0x57, 0x21, 0xE8, 0xA7, 0x12, 0x2D, 0x58, 0xD5, 0x00, 0xE9, 0x82, 0xCD, 0x82,
    0x3F, 0xE9, 0x39, 0xFC, 0xB0, 0xE7, 0xF8, 0x1D, 0x11, 0x87, 0xBA, 0xDC, 0xB3, 0x0E, 0x3E, 0xDE,
    0xB6, 0x8C, 0x82, 0x1A, 0x10, 0xF1, 0x1C, 0x2E, 0x38, 0xAE, 0xFA, 0x11, 0x95, 0xFB, 0xEC, 0x96,
    0x59, 0x28, 0x17, 0x0B, 0x5E, 0xFE, 0x13, 0xC8, 0x7B, 0x17, 0xD5, 0xC6, 0x5D, 0xEA, 0x78, 0xDD,
    0x00, 0x63, 0xA0, 0x00, 0xBA, 0x25, 0x0A, 0x60, 0xB2, 0x1C, 0x37, 0x16, 0xD2, 0x8A, 0xD7, 0x93,
    0xF9, 0x0F, 0xDB, 0x85, 0xFA, 0x05, 0xB1, 0x44, 0xAE, 0x37, 0x81, 0xF5, 0x16, 0xD8, 0xF1, 0xF7,
    0x06, 0x54, 0x05, 0x00, 0x8E, 0xB0, 0x25, 0x10, 0x4B, 0x62, 0x17, 0xDF, 0xED, 0x77, 0xA5, 0xCC,
    0x7C, 0x2B, 0xE0, 0xA0, 0x4D, 0xB6, 0xB7, 0x4A, 0xA9, 0x7D, 0xF3, 0x1F, 0xEE, 0x1C, 0xDF, 0xDB,
    0x7D, 0xF5, 0xF6, 0x64, 0x82, 0x1C, 0xE5, 0x28, 0x73, 0x1A, 0xEE, 0x5F, 0xE4, 0x38, 0x94, 0x44,
    0x52, 0x25, 0x4F, 0xD7, 0xF7, 0x2F, 0x02, 0xEA, 0xAD, 0x5A, 0xBD, 0xDB, 0x24, 0x6F, 0xDD, 0xBF,
    0x48, 0x08, 0xAA, 0x22, 0xE9, 0xE0, 0x25, 0x80, 0xC7, 0x77, 0x73, 0x23, 0xCE, 0xB7, 0xA0, 0xE1,
    0x73, 0xDB, 0xE3, 0xFF, 0x59, 0x4E, 0xE6, 0x21, 0xC8, 0x08, 0xE7, 0x44, 0x57, 0x56, 0x10, 0xD9,
    0x22, 0xEA, 0x50, 0xC2, 0x93, 0x71, 0x7E, 0xFF, 0x22, 0x60, 0x94, 0xCB, 0x94, 0x1B, 0x26, 0xEE,
    0xBE, 0x45, 0xBE, 0xBE, 0xBB, 0x05, 0x5A, 0xC4, 0xF6, 0x54, 0xA3, 0x49, 0x5A, 0x4F, 0xCC, 0x7A,
    0x32, 0x3D, 0xE9, 0x9E, 0x52, 0x5B, 0x76, 0x9E, 0xA4, 0xA7, 0x0B, 0xCF, 0x7A, 0xEA, 0x13, 0x76,
    0x7F, 0xCA, 0x9E, 0xA7, 0xB0, 0x43, 0xEF, 0xBE, 0xD6, 0xF4, 0x2A, 0x95, 0xA7, 0x4F, 0x00, 0x80,
    0xEC, 0xDB, 0x20, 0x42, 0x50, 0x5D, 0x07, 0xE0, 0x05, 0x38, 0xBB, 0x07, 0xA3, 0xD2, 0x7A, 0x38,
    0x8F, 0x9A, 0xD1, 0x5E, 0xCB, 0xA8, 0x98, 0x79, 0x18, 0x8F, 0xD4, 0x8D, 0x8A, 0x64, 0x3A, 0x2A,
    0xA2, 0x66, 0x50, 0xD0, 0x79, 0x64, 0x1E, 0x7A, 0x52, 0xA0, 0x66, 0x05, 0x91, 0x07, 0x3D, 0x46,
    0xF7, 0x3E, 0x5F, 0xD6, 0x5F, 0x05, 0x4A, 0xA9, 0x88, 0x44, 0x5A, 0x54, 0x13, 0xCE, 0xD0, 0x39,
    0x19, 0x06, 0xD2, 0x7C, 0x04, 0xCA, 0x15, 0x90, 0xB8, 0x0E, 0xE2, 0x6A, 0x41, 0x7D, 0xB7, 0x9A,
    0xF4, 0x89, 0x71, 0x4F, 0xC6, 0x62, 0x6C, 0x5A, 0x51, 0x92, 0xCC, 0x9F, 0xEB, 0x96, 0xFF, 0x7C,
    0xB5, 0x58, 0x96, 0x71, 0x14, 0x60, 0x7C, 0xC7, 0x21, 0x73, 0x38, 0xBE, 0x77, 0x9F, 0x34, 0xB1,
    0x3D, 0x14, 0xDF, 0x7B, 0x1C, 0x37, 0x87, 0xE4, 0x3B, 0x54, 0xBD, 0xEF, 0xF2, 0xCC, 0x39, 0x2C,
    0xDF, 0x47, 0x39, 0x6F, 0xE8, 0xFC, 0x4B, 0x55, 0x24, 0x0E, 0x01, 0xC1, 0x7F, 0xF0, 0x5D, 0x3F,
    0xF8, 0x55, 0xCE, 0x03, 0x40, 0xD0, 0xD7, 0x91, 0xE4, 0x94, 0x72, 0xB3, 0xAF, 0x63, 0xB6, 0x5F,
    0x47, 0x24, 0x18, 0x92, 0x9B, 0xF9, 0x08, 0xDD, 0xD7, 0x31, 0xEA, 0xEB, 0x68, 0x7D, 0x1D, 0xD1,
    0xD4, 0x93, 0x72, 0xBE, 0x0E, 0xDD, 0xD7, 0x31, 0xF2, 0x64, 0x9A, 0xBE, 0x8E, 0x1A, 0x41, 0xF5,
    0x75, 0x2C, 0x36, 0xDF, 0x4E, 0x5F, 0xC7, 0x71, 0x80, 0x85, 0xD1, 0x18, 0xC8, 0x2A, 0x08, 0xA7,
    0xFB, 0x7B, 0xE7, 0x6A, 0x47, 0xD0, 0x7C, 0x51, 0x14, 0x84, 0xF5, 0x98, 0xA8, 0x36, 0xB9, 0x9A,
    0xA6, 0x9F, 0x94, 0x2E, 0x16, 0x81, 0xB2, 0x01, 0x00, 0x9E, 0xC7, 0xA7, 0x40, 0x4F, 0x61, 0xC0,
    0xFF, 0x5F, 0x3F, 0x00, 0xB4, 0x03, 0x69, 0x08, 0xAA, 0x97, 0x1E, 0x40, 0xFD, 0xF8, 0xEC, 0x84,
    0xA8, 0x99, 0xFB, 0xFB, 0xCE, 0x03, 0xD0, 0x3F, 0x09, 0xD0, 0x01, 0x49, 0x0B, 0x28, 0x0B, 0x00,
    0x7C, 0xF9, 0x97, 0x6A, 0xEF, 0xF0, 0x85, 0xE8, 0xFB, 0x40, 0xB1, 0xC4, 0x64, 0x1B, 0x4A, 0x69,
    0x3C, 0x66, 0xFE, 0x73, 0x49, 0x41, 0x9A, 0x17, 0xA8, 0x25, 0xD2, 0x7C, 0x42, 0xE6, 0x73, 0x73,
    0x8F, 0x96, 0xBD, 0x6D, 0x4B, 0x01, 0x07, 0x20, 0xB0, 0x90, 0x2D, 0x56, 0xB6, 0xD7, 0x4D, 0xF3,
    0xC4, 0x2D, 0xAE, 0xFC, 0x7B, 0x79, 0x8A, 0xE4, 0x05, 0x72, 0x79, 0x86, 0xCA, 0xCB, 0x5C, 0xE5,
    0xC9, 0x54, 0xE5, 0x61, 0xAD, 0x72, 0x1A, 0x8F, 0x76, 0x89, 0x46, 0xFD, 0xC4, 0x8F, 0xFD, 0xFC,
    0x66, 0xA5, 0x7E, 0x2A, 0x16, 0x80, 0x35, 0xE0, 0x34, 0x60, 0x72, 0x88, 0x6B, 0x60, 0x0B, 0x00,
    0x8E, 0x00, 0xF2, 0x51, 0x1D, 0x8B, 0xD4, 0x6A, 0xAA, 0x6B, 0x9D, 0xC7, 0xB5, 0xF1, 0x8E, 0x43,
    0x42, 0x8F, 0x60, 0x71, 0x37, 0xB7, 0x2B, 0xA8, 0xD5, 0x07, 0x17, 0xEA, 0x48, 0xE6, 0x35, 0xE5,
    0xFB, 0x35, 0xFB, 0x11, 0x4C, 0x6F, 0xEB, 0xA5, 0x39, 0x1C, 0x65, 0x75, 0xCD, 0xB8, 0x02, 0xDD,
    0xC0, 0x64, 0x02, 0xCF, 0x3F, 0xB4, 0xBA, 0xDE, 0xA9, 0x23, 0x90, 0xFD, 0x1A, 0xFE, 0x3D, 0x83,
    0xAD, 0x17, 0x56, 0xD7, 0x3B, 0xB6, 0x06, 0x9D, 0x21, 0xE8, 0x32, 0xB8, 0x7E, 0x0E, 0x60, 0x75,
    0xCD, 0xC0, 0x82, 0xAA, 0xE1, 0x89, 0x4B, 0xB0, 0xB9, 0x01, 0xA7, 0x1B, 0x88, 0xAB, 0xD5, 0x75,
    0x4F, 0x70, 0xC4, 0x12, 0x4A, 0x53, 0xB6, 0x28, 0xF1, 0x41, 0x6A, 0xCB, 0x4A, 0xE7, 0x47, 0x30,
    0x36, 0x71, 0xA0, 0x89, 0xAA, 0xA0, 0xF4, 0xE3, 0x95, 0x92, 0x9E, 0xB5, 0xD5, 0xC0, 0x90, 0x14,
    0x18, 0x60, 0x1C, 0x98, 0x40, 0x9A, 0x24, 0x4F, 0xE5, 0x7D, 0x11, 0x17, 0x8B, 0xCD, 0x66, 0xC0,
    0x52, 0x39, 0x94, 0xA9, 0x92, 0xCE, 0xE4, 0xA3, 0x11, 0x47, 0x3B, 0x68, 0xA1, 0x59, 0x70, 0x01,
    0x63, 0x4E, 0x9A, 0x2B, 0x7B, 0x3E, 0x1B, 0x4A, 0xC5, 0x26, 0x8C, 0xE0, 0x42, 0x4E, 0xEC, 0xB8,
    0x60, 0x99, 0x01, 0x70, 0x0C, 0xB8, 0x06, 0xCC, 0x01, 0x9D, 0x43, 0x78, 0x20, 0xDB, 0xEB, 0xA2,
    0xA4, 0xC3, 0xD8, 0x8C, 0x11, 0xA9, 0xED, 0x37, 0x8B, 0x88, 0x2C, 0xD0, 0x02, 0x05, 0x30, 0x66,
    0x0D, 0x53, 0xBD, 0x8C, 0x92, 0x39, 0x81, 0xDC, 0xF1, 0x5B, 0x95, 0xE4, 0xA0, 0x1D, 0x4C, 0x80,
    0xE7, 0x57, 0xD7, 0x44, 0x03, 0xA5, 0x23, 0xFC, 0x57, 0x4D, 0x68, 0xCF, 0xAC, 0xAE, 0x67, 0x8F,
    0x11, 0xFF, 0xA3, 0x25, 0xFE, 0xB0, 0x23, 0xAA, 0x1A, 0x80, 0x95, 0x35, 0xD7, 0x38, 0x8D, 0x71,
    0x71, 0xCD, 0x16, 0x40, 0x5C, 0xDD, 0xEB, 0x82, 0xD8, 0xA5, 0xD5, 0x98, 0x33, 0x00, 0x5E, 0xFF,
    0x5E, 0x57, 0x5C, 0xA5, 0xCD, 0x68, 0xE4, 0x77, 0xDE, 0x67, 0xAA, 0xAD, 0x05, 0x18, 0xE5, 0x7C,
    0x3B, 0x97, 0xE4, 0xEC, 0x47, 0xD0, 0x7C, 0xA1, 0x86, 0x85, 0xA0, 0xF5, 0x90, 0x3F, 0x40, 0x36,
    0x23, 0x96, 0x9A, 0x70, 0xAB, 0x23, 0x94, 0xC9, 0xE2, 0x9B, 0x99, 0x5F, 0x08, 0x23, 0x0C, 0x05,
    0xDA, 0xB6, 0x28, 0xDB, 0x78, 0xF8, 0x7B, 0xDF, 0x67, 0xCC, 0x10, 0xFD, 0xCB, 0x0E, 0x25, 0x0D,
    0xA1, 0x2C, 0xAD, 0xCF, 0x9E, 0x04, 0xD9, 0x21, 0xFC, 0x7B, 0x4B, 0x70, 0xF9, 0x0A, 0xFB, 0x5B,
    0x6A, 0x90, 0xB5, 0x0C, 0x65, 0x86, 0x71, 0x19, 0x06, 0xCD, 0x80, 0xF4, 0x73, 0xF1, 0xD9, 0x2B,
    0xB3, 0x41, 0xF5, 0x7A, 0x79, 0xC6, 0x18, 0xE5, 0x3A, 0x12, 0xD7, 0x12, 0x57, 0xFB, 0x28, 0x7C,
    0x7F, 0x4C, 0x9A, 0xEB, 0xAA, 0x5C, 0xCC, 0x0B, 0x64, 0x7A, 0x8F, 0x95, 0xB9, 0xB2, 0xE6, 0xDD,
    0x2B, 0x73, 0x75, 0xBD, 0x17, 0x1E, 0x23, 0x9C, 0x5F, 0x22, 0x7A, 0xCF, 0xEB, 0x85, 0xF9, 0x2A,
    0x7A, 0xF7, 0x5A, 0xE9, 0xAB, 0x6B, 0x9E, 0x04, 0xCC, 0x12, 0x27, 0xE1, 0xF6, 0xBB, 0xEC, 0xAE,
    0xED, 0x77, 0x48, 0x7F, 0xFF, 0xD4, 0x39, 0x27, 0x02, 0x42, 0xB9, 0x95, 0x2B, 0x11, 0x6B, 0xF2,
    0x92, 0x31, 0xE2, 0xBA, 0xE8, 0x86, 0x6B, 0xD5, 0x5F, 0xAA, 0x56, 0x7B, 0xBF, 0x22, 0xAE, 0x26,
    0x4D, 0xE2, 0xB2, 0x2A, 0xCD, 0x8D, 0xF7, 0x33, 0xFD, 0x51, 0x2D, 0x53, 0xCE, 0xB0, 0x8C, 0x6B,
    0xC0, 0x0C, 0xD0, 0x16, 0x42, 0x0E, 0x62, 0x40, 0x6A, 0x3F, 0x0B, 0x43, 0x0F, 0x83, 0xB6, 0x3A,
    0x2F, 0xAD, 0x92, 0x9B, 0x36, 0x96, 0xD4, 0x72, 0xB0, 0x16, 0x2C, 0x68, 0x07, 0x33, 0x60, 0x6B,
    0x75, 0x4D, 0x34, 0x20, 0x8E, 0x68, 0xB9, 0x16, 0x56, 0xD6, 0x83, 0xC5, 0xB3, 0x4B, 0x3E, 0xBA,
    0xF3, 0xD9, 0xAD, 0xAE, 0x49, 0xE4, 0x40, 0x4D, 0xC1, 0x00, 0x8F, 0x71, 0x10, 0x13, 0xA2, 0xDA,
    0x10, 0x4D, 0x35, 0x49, 0x95, 0xE6, 0xCA, 0x29, 0x97, 0xE6, 0xB1, 0xEF, 0x2D, 0x0E, 0xB9, 0x66,
    0x04, 0x5D, 0x07, 0x93, 0x06, 0xCC, 0xF2, 0x9F, 0x6E, 0xDA, 0xEB, 0xF4, 0xB0, 0xA0, 0x81, 0x21,
    0x30, 0x02, 0xAE, 0xC3, 0x59, 0x60, 0x70, 0x37, 0x96, 0xBF, 0x05, 0x46, 0x04, 0x53, 0xE9, 0xBC,
    0x3F, 0xFC, 0x86, 0xDE, 0x6F, 0xB0, 0x40, 0x58, 0xF7, 0xF7, 0xBE, 0x6F, 0xAC, 0x72, 0xE6, 0x83,
    0x2C, 0xEF, 0xE7, 0x0D, 0x74, 0xFB, 0xBF, 0x3A, 0xC0, 0xD9, 0xE5, 0xDA, 0x0E, 0x9B, 0x09, 0x51,
    0x33, 0x23, 0xA8, 0x77, 0x80, 0x07, 0xF3, 0x5D, 0xFE, 0x0B, 0xBD, 0xDA, 0x01, 0x84, 0x2D, 0x67,
    0x9E, 0xF7, 0xF1, 0x4F, 0x55, 0xDD, 0xDC, 0xCA, 0xE4, 0x90, 0x0A, 0x92, 0xD7, 0x4C, 0xAE, 0x57,
    0x41, 0x90, 0x37, 0x66, 0x6E, 0xC1, 0x60, 0xE6, 0xD5, 0xA7, 0xAB, 0xC6, 0x2E, 0xB0, 0xD8, 0xBB,
    0x4C, 0x0C, 0x06, 0x13, 0x0C, 0x66, 0xB3, 0x6C, 0x82, 0x60, 0x96, 0xDB, 0x7D, 0x6A, 0x66, 0x97,
    0x05, 0xB8, 0x00, 0xC0, 0x04, 0xC1, 0xA4, 0x21, 0xC1, 0x22, 0xA8, 0xEE, 0x53, 0xB3, 0xB3, 0x0C,
    0x16, 0x7B, 0x76, 0x67, 0x19, 0x0C, 0xB6, 0x76, 0x64, 0x85, 0x60, 0xB7, 0x66, 0xD5, 0xAC, 0x93,
    0x49, 0x9D, 0x7E, 0xB6, 0xEA, 0x76, 0xF7, 0x75, 0x65, 0x92, 0xE4, 0xDE, 0xBE, 0x9D, 0x74, 0xFD,
    0x7F, 0xBF, 0xAA, 0xF3, 0x3C, 0x7F, 0xCF, 0xF3, 0xFD, 0x3F, 0x4F, 0xBB, 0xB7, 0xAA, 0x4E, 0x7B,
    0xE1, 0xA8, 0x62, 0x15, 0x5A, 0x9E, 0x79, 0xB1, 0x02, 0x44, 0xAF, 0x23, 0xD9, 0x22, 0x1D, 0x91,
    0xED, 0x66, 0x3B, 0x44, 0x51, 0x60, 0x3F, 0xAF, 0x38, 0xC8, 0x5A, 0x9A, 0x45, 0xCB, 0x36, 0xE9,
    0x44, 0x7D, 0xD2, 0x4B, 0x42, 0x18, 0x66, 0x1B, 0x2D, 0xDE, 0x3F, 0x1A, 0x65, 0xB5, 0x43, 0x79,
    0xA5, 0x54, 0x52, 0x54, 0xFB, 0xE6, 0x96, 0xF5, 0xCE, 0x2C, 0x00, 0x8F, 0x21, 0xFC, 0x77, 0x9F,
    0x86, 0xD0, 0x67, 0x5D, 0xD1, 0x17, 0x75, 0xDA, 0x97, 0x92, 0x7E, 0x5F, 0x3C, 0x29, 0xBA, 0x7B,
    0x9E, 0x3F, 0xE7, 0xF5, 0xA2, 0xCF, 0xDE, 0x7D, 0xA5, 0x4F, 0xC2, 0x69, 0x6F, 0xFD, 0x9B, 0x1E,
    0x3C, 0x1D, 0x61, 0xB9, 0xA8, 0x29, 0xC2, 0x39, 0xEA, 0xE7, 0x8D, 0xFF, 0xFA, 0x93, 0x0C, 0x37,
    0x59, 0x8D, 0xE4, 0x03, 0xD1, 0xE5, 0x4B, 0xF8, 0x3C, 0x49, 0xF3, 0x1A, 0x87, 0x30, 0xDC, 0xB3,
    0xD0, 0x9A, 0x7B, 0x2F, 0x8F, 0x9B, 0xD5, 0xDC, 0xC4, 0xF2, 0x29, 0x8A, 0x81, 0x45, 0xC7, 0xE3,
    0x38, 0x21, 0xD9, 0x91, 0xD6, 0xC0, 0xF5, 0x37, 0x58, 0x85, 0x7A, 0x66, 0xCC, 0xB6, 0xE9, 0x98,
    0xB7, 0xDE, 0x2E, 0xCF, 0x69, 0x1A, 0x8C, 0xE7, 0x6A, 0x70, 0x7C, 0xDE, 0x5E, 0x56, 0xE4, 0x1B,
    0x6F, 0x2F, 0x4E, 0xFF, 0x62, 0x1B, 0x4F, 0x5C, 0x5E, 0x09, 0x15, 0x88, 0xC8, 0x28, 0x6B, 0x3B,
    0xEE, 0x80, 0x67, 0xC4, 0xA1, 0xCB, 0xC2, 0x58, 0xD6, 0x07, 0x07, 0x1E, 0x1F, 0xD9, 0x32, 0xCC,
    0xAE, 0xE1, 0xD0, 0x97, 0xCB, 0x3B, 0x27, 0x53, 0x6F, 0x1C, 0x36, 0xA0, 0x22, 0xD9, 0x92, 0x07,
    0xBE, 0xB9, 0xA8, 0xAE, 0x1C, 0x6F, 0x9F, 0xD0, 0x26, 0xEF, 0xF5, 0xB1, 0x97, 0x1E, 0x9E, 0x0D,
    0x71, 0x4F, 0x32, 0xCC, 0x67, 0x57, 0xCE, 0x76, 0x8D, 0x92, 0x15, 0xFB, 0x70, 0x29, 0xBC, 0xE5,
    0x8D, 0x5A, 0x76, 0x4A, 0xB2, 0xBD, 0x72, 0xBC, 0xB8, 0xBA, 0x95, 0xBC, 0xD7, 0x09, 0xB5, 0xFD,
    0x4B, 0xB1, 0x45, 0xC3, 0x6D, 0xD6, 0x03, 0x79, 0x0B, 0x5E, 0x7E, 0xB3, 0xB2, 0x0E, 0xBB, 0x49,
    0xA1, 0x6D, 0x14, 0x5D, 0x23, 0x19, 0x1A, 0xC6, 0x49, 0xCD, 0xA4, 0x83, 0x8F, 0xE8, 0xF8, 0xAC,
    0x2F, 0xDE, 0x36, 0x16, 0xFD, 0xC9, 0xD1, 0x7A, 0xB3, 0x0E, 0xA1, 0x5A, 0x87, 0x77, 0x11, 0xD7,
    0x48, 0x7F, 0xD1, 0xCD, 0xD6, 0x93, 0xFE, 0x6C, 0xB6, 0x9F, 0xB7, 0x9E, 0x49, 0xFF, 0x5E, 0x12,
    0x7E, 0xD5, 0xCA, 0x42, 0x68, 0x95, 0xD5, 0xAA, 0x75, 0x20, 0x6F, 0x8D, 0x16, 0xAD, 0xAD, 0xF4,
    0x7E, 0x6B, 0x64, 0xAD, 0xC3, 0xB9, 0xB7, 0xAC, 0x57, 0xAD, 0x2C, 0x7C, 0xD8, 0x8A, 0xC3, 0x2F,
    0x5A, 0xE0, 0xD9, 0xA3, 0x5B, 0x14, 0x21, 0x54, 0xB3, 0xF5, 0x0A, 0x8B, 0xAD, 0x82, 0xDD, 0x6C,
    0xE5, 0x6C, 0xC5, 0x6C, 0x79, 0xB5, 0x1E, 0x27, 0x0B, 0xB3, 0xBD, 0xF2, 0xED, 0xC9, 0xE6, 0x8E,
    0xEA, 0x22, 0xE5, 0x44, 0x21, 0x1E, 0x15, 0x47, 0x6F, 0x0D, 0xF3, 0x28, 0x9B, 0xC9, 0x3E, 0x70,
    0x4E, 0x9F, 0xB6, 0x84, 0xF1, 0x4C, 0x37, 0x36, 0x13, 0x78, 0x3B, 0x73, 0xCF, 0xD8, 0x33, 0xF5,
    0x0C, 0x3D, 0x33, 0xCF, 0xA0, 0x17, 0x9A, 0x79, 0x67, 0xDC, 0x99, 0x76, 0x86, 0xBD, 0x60, 0x7D,
    0xE2, 0xE8, 0xF5, 0x2C, 0x0C, 0x8F, 0xBD, 0x78, 0x0B, 0x2F, 0x1F, 0xFD, 0x74, 0x5A, 0xE0, 0x29,
    0x1A, 0xEE, 0xC5, 0xF1, 0x8B, 0xB7, 0xD6, 0xA1, 0x9F, 0x62, 0xBA, 0xB8, 0xBF, 0xFD, 0xE4, 0xE8,
    0xCD, 0xB3, 0xE4, 0x24, 0xF4, 0x66, 0x01, 0x78, 0xC6, 0xBC, 0xD3, 0xB2, 0x30, 0x9A, 0x68, 0x4C,
    0x34, 0x55, 0x23, 0xAB, 0x43, 0x08, 0x77, 0xB5, 0x45, 0x83, 0x43, 0xD7, 0x94, 0x9B, 0xBF, 0x94,
    0x85, 0x53, 0x51, 0x18, 0x40, 0xA4, 0x5A, 0xFC, 0xA8, 0x4F, 0xC2, 0x46, 0xA8, 0x2E, 0x0D, 0x14,
    0xD7, 0x5F, 0x97, 0x6C, 0x06, 0xF1, 0x0C, 0xB5, 0x6E, 0xB9, 0xF6, 0x68, 0x50, 0x70, 0xC8, 0x9A,
    0xA5, 0x4B, 0x43, 0xB9, 0x86, 0x72, 0x56, 0x45, 0xE1, 0x0A, 0x56, 0xEB, 0xD2, 0x24, 0xE9, 0x46,
    0x56, 0xC9, 0xC8, 0x46, 0xC9, 0x70, 0x69, 0x80, 0x45, 0x4B, 0x56, 0x91, 0xFD, 0x31, 0xD9, 0x8E,
    0x78, 0x0B, 0x8B, 0x1F, 0xF7, 0x71, 0x68, 0xAD, 0x2F, 0xCF, 0x17, 0xD5, 0x2F, 0x89, 0xFF, 0xE7,
    0x7C, 0xEB, 0x8A, 0x47, 0x5F, 0x25, 0x6E, 0x21, 0x1E, 0x91, 0x05, 0x7C, 0x2D, 0xAD, 0x01, 0x8F,
    0xBD, 0x89, 0x55, 0xE8, 0xC4, 0x21, 0x8C, 0x16, 0xDB, 0xE8, 0x54, 0xDE, 0x7A, 0x5E, 0x09, 0x87,
    0xD0, 0xC0, 0x78, 0x66, 0x65, 0x68, 0x9B, 0xD9, 0x8E, 0xBD, 0xF0, 0x56, 0x5B, 0x92, 0xB5, 0x65,
    0x2D, 0xAF, 0xB3, 0xCE, 0x4A, 0x7A, 0xFA, 0x9D, 0x9D, 0x28, 0x84, 0x81, 0x3C, 0xD4, 0x80, 0xBC,
    0x66, 0xD5, 0x89, 0x3E, 0xD8, 0x8A, 0xEA, 0xA7, 0xEF, 0xAB, 0xE3, 0x97, 0x9B, 0x2C, 0x84, 0x4D,
    0x59, 0xAF, 0x36, 0x87, 0xB2, 0xCD, 0x28, 0xDD, 0x6C, 0x25, 0xF7, 0xD4, 0x48, 0xEF, 0xB6, 0x97,
    0x9B, 0xD5, 0x94, 0xF7, 0xE1, 0x66, 0xCE, 0x27, 0x9D, 0xB4, 0x68, 0x1F, 0x9B, 0x27, 0x7C, 0x3F,
    0x58, 0x84, 0x91, 0x97, 0xEF, 0x70, 0x2D, 0xC2, 0x7E, 0xDA, 0x92, 0x85, 0x8A, 0x74, 0xE7, 0x0B,
    0xA9, 0x2D, 0x6E, 0x9F, 0x17, 0x77, 0xB7, 0x99, 0x5B, 0x57, 0x1B, 0xA2, 0xAB, 0xAF, 0x0D, 0x88,
    0xB6, 0x17, 0x9B, 0x17, 0x0D, 0x5F, 0x4C, 0x6D, 0xF7, 0xF6, 0xAE, 0x68, 0xC9, 0x2A, 0xF8, 0x3C,
    0xF6, 0xEE, 0x73, 0x2F, 0x23, 0xEE, 0x90, 0x0C, 0x30, 0x5B, 0xD4, 0x23, 0xB9, 0xBF, 0x46, 0x71,
    0x4D, 0x86, 0x62, 0x56, 0xCB, 0xA2, 0xFA, 0x7C, 0x0A, 0x8D, 0x90, 0x6F, 0x58, 0x6F, 0xE9, 0xBE,
    0x0A, 0x7E, 0xC0, 0x1B, 0x0D, 0xDB, 0x4F, 0xD2, 0x3A, 0x84, 0xBB, 0x3A, 0x39, 0x3A, 0xDA, 0x7E,
    0x5A, 0x9E, 0x6B, 0x58, 0x55, 0xE2, 0xD0, 0x49, 0xEB, 0xB7, 0xC1, 0xF3, 0x58, 0x7E, 0x54, 0x51,
    0x65, 0xB9, 0xDA, 0xDA, 0x0F, 0x3B, 0x65, 0xBB, 0x52, 0x2A, 0x2C, 0xE5, 0x9F, 0xA9, 0xB8, 0x76,
    0xBD, 0x4A, 0x37, 0xB2, 0xF6, 0xAE, 0xDD, 0x98, 0xEC, 0x5F, 0x27, 0xAE, 0x30, 0xDE, 0xB5, 0xBB,
    0x1F, 0xCF, 0x7A, 0x43, 0x08, 0xE7, 0xF6, 0xFE, 0xD1, 0x5B, 0x67, 0xC9, 0x9F, 0x6E, 0x4F, 0x20,
    0xAF, 0x58, 0x8F, 0x67, 0x9A, 0xAF, 0xB3, 0xEA, 0x96, 0xEC, 0x7B, 0xA7, 0xB2, 0x75, 0xA8, 0xB2,
    0x3E, 0x6F, 0xB3, 0x76, 0xD1, 0x66, 0x55, 0xFA, 0x99, 0x42, 0xFE, 0x2F, 0x9B, 0x32, 0xB4, 0xAF,
    0xDD, 0x84, 0x17, 0x8E, 0xEA, 0xE9, 0x7A, 0x8A, 0x68, 0xF0, 0x99, 0xF1, 0xC2, 0xEF, 0xCF, 0x93,
    0xAF, 0x7F, 0xAB, 0xCA, 0xDF, 0x6B, 0x97, 0xEB, 0xEA, 0xE9, 0xAF, 0x00, 0x73, 0xEF, 0x03, 0xC4,
    0xF9, 0x74, 0xF3, 0x93, 0xE5, 0x65, 0xA7, 0x5E, 0x9F, 0xAE, 0x4F, 0x81, 0x74, 0xF3, 0x49, 0xC7,
    0xB5, 0xC8, 0x72, 0xD1, 0xE6, 0xA1, 0x4A, 0x77, 0x97, 0xAF, 0xF1, 0xAB, 0x49, 0x7D, 0x73, 0x51,
    0x67, 0x41, 0xBA, 0x7B, 0xA8, 0x1A, 0x2F, 0x39, 0x5D, 0x3C, 0x48, 0x5A, 0xE9, 0x3F, 0x48, 0x82,
    0x68, 0x44, 0xBA, 0x59, 0x74, 0xE9, 0xE6, 0xB3, 0x4A, 0x2D, 0xAA, 0xDB, 0xDE, 0xA9, 0x56, 0x5D,
    0x5E, 0x9F, 0x01, 0xC6, 0xDB, 0xD9, 0x2F, 0x5D, 0xB4, 0x83, 0xFB, 0x7F, 0xA6, 0x31, 0x3C, 0x7B,
    0x74, 0x67, 0x6E, 0x2F, 0x43, 0x7F, 0x7E, 0x8A, 0x06, 0x34, 0x1E, 0xFD, 0xF4, 0x94, 0x71, 0x3E,
    0xDD, 0x8E, 0xC6, 0x79, 0xFE, 0xF5, 0x77, 0x07, 0x65, 0x68, 0x8B, 0xD0, 0xCD, 0xA7, 0x34, 0x54,
    0x00, 0xD7, 0x3C, 0x55, 0x1A, 0xA7, 0xB8, 0xE9, 0x1D, 0x00, 0xA5, 0xED, 0x83, 0x84, 0xB3, 0x48,
    0x07, 0x45, 0x27, 0xAB, 0x78, 0x8A, 0xE8, 0x94, 0x34, 0xD4, 0x9E, 0x8C, 0x37, 0x30, 0x17, 0x38,
    0x97, 0x35, 0x8B, 0xC6, 0x83, 0x68, 0x26, 0xDF, 0x8B, 0x46, 0xAB, 0x89, 0x79, 0x06, 0xBE, 0xA0,
    0x4D, 0x3A, 0xD9, 0x68, 0x7F, 0xE5, 0xB9, 0xEB, 0x9C, 0xB7, 0x3C, 0x44, 0xE4, 0x1B, 0xEB, 0xDA,
    0x92, 0x1F, 0x88, 0xDE, 0x68, 0xA4, 0x43, 0x23, 0xDF, 0x34, 0x56, 0x9A, 0x68, 0xD4, 0xA4, 0xBD,
    0x26, 0x6F, 0x35, 0x2B, 0x8E, 0x03, 0xEB, 0xD0, 0x5A, 0xFF, 0x63, 0x67, 0x9D, 0x6C, 0x35, 0x76,
    0xEE, 0xE6, 0x29, 0xDA, 0x46, 0x76, 0xFE, 0xB8, 0x13, 0x8D, 0x20, 0xAB, 0x28, 0xDA, 0x7B, 0xF7,
    0x60, 0xFE, 0xAF, 0x4F, 0xFE, 0x97, 0x6F, 0x96, 0x95, 0x65, 0x34, 0x5A, 0xA6, 0xBD, 0x65, 0xDE,
    0x5A, 0xAE, 0xD8, 0x1F, 0x29, 0x77, 0x94, 0x6B, 0xF6, 0xB3, 0x76, 0xEE, 0x3B, 0xCB, 0x71, 0x32,
    0xA9, 0xAC, 0xC1, 0x6D, 0xAC, 0x51, 0x60, 0x89, 0x57, 0x01, 0xD8, 0x73, 0x68, 0x2F, 0xDA, 0xDA,
    0x4B, 0x3B, 0x7B, 0x79, 0x6D, 0x6F, 0x9F, 0xE5, 0xC5, 0x98, 0x6F, 0x99, 0xC7, 0x3C, 0xEB, 0x8B,
    0x07, 0x7B, 0xC6, 0x49, 0x25, 0x70, 0x87, 0xB4, 0xA7, 0xEC, 0xF8, 0x06, 0xE0, 0x59, 0x14, 0x97,
    0xD5, 0xD1, 0x91, 0x22, 0x84, 0x6A, 0x96, 0x97, 0xD2, 0xBE, 0xE8, 0xBE, 0x89, 0x27, 0x64, 0xD5,
    0x67, 0x1F, 0x3F, 0xA0, 0x79, 0xE0, 0x38, 0xB9, 0xB8, 0x9B, 0x85, 0x77, 0x18, 0x39, 0xE0, 0x87,
    0x74, 0xF0, 0xFC, 0xF2, 0x0F, 0x7E, 0x2C, 0xD7, 0xC5, 0xF2, 0x35, 0xF3, 0x24, 0x59, 0xDB, 0x64,
    0x9B, 0x26, 0xD9, 0x34, 0x8B, 0xBA, 0xF9, 0xD2, 0x03, 0x4D, 0xF2, 0x3C, 0xCB, 0x72, 0x8A, 0x6A,
    0x99, 0x55, 0xCB, 0x9B, 0x96, 0xCF, 0x59, 0x7A, 0xA0, 0xF8, 0xB8, 0x9A, 0x6E, 0x35, 0xD1, 0x38,
    0x87, 0xED, 0xA7, 0x4D, 0xF7, 0x87, 0x71, 0xED, 0x82, 0xA1, 0x34, 0x5F, 0xFB, 0x98, 0xB8, 0x5E,
    0xB3, 0x68, 0x3F, 0x41, 0xFF, 0x39, 0xE9, 0x94, 0x55, 0xC7, 0xBA, 0xE5, 0xC6, 0x47, 0xFB, 0xDF,
    0x3F, 0xAA, 0x17, 0x21, 0x6C, 0x66, 0xC5, 0x75, 0xB2, 0xB9, 0xEF, 0x78, 0x37, 0x19, 0xF3, 0x6D,
    0xB9, 0xB9, 0x71, 0x5F, 0xDB, 0x7C, 0xF0, 0x1C, 0xD1, 0x48, 0xB6, 0xE5, 0xC9, 0x0A, 0x7C, 0x9F,
    0xE7, 0x4F, 0x38, 0x58, 0x57, 0x93, 0xDA, 0x49, 0xBD, 0x83, 0x93, 0xAD, 0x83, 0x66, 0x37, 0xA9,
    0x9C, 0x94, 0xB7, 0x07, 0xCD, 0xA2, 0x3B, 0x68, 0x92, 0x61, 0xD9, 0x18, 0x27, 0xAD, 0x26, 0x15,
    0xC7, 0x8D, 0x6C, 0xD7, 0x48, 0x26, 0x99, 0x75, 0x00, 0x92, 0x96, 0x6C, 0xC3, 0x3E, 0x9E, 0x03,
    0x5C, 0xF2, 0xD6, 0xE1, 0x4A, 0xB9, 0xD2, 0x9A, 0xAC, 0x23, 0x99, 0xD5, 0xF2, 0xC4, 0xA3, 0xB1,
    0x81, 0x9B, 0x28, 0x91, 0x9F, 0x5F, 0x7F, 0x1D, 0x00, 0xDB, 0x9B, 0x94, 0x23, 0x59, 0x77, 0xB5,
    0x6B, 0x5C, 0x3F, 0xC7, 0x07, 0x03, 0x65, 0x47, 0x56, 0x3F, 0x52, 0x0D, 0xCF, 0x42, 0x09, 0x4B,
    0xD8, 0x3B, 0xB3, 0xA8, 0xF2, 0xC3, 0x65, 0xB9, 0xF5, 0xEA, 0x3C, 0xDC, 0x3C, 0x1E, 0xA5, 0x82,
    0xA5, 0xFC, 0x81, 0xED, 0x8A, 0xAA, 0x3D, 0xC6, 0x01, 0x8E, 0xCF, 0x7F, 0x65, 0x07, 0xD2, 0xFA,
    0xF2, 0x3B, 0x36, 0xAB, 0xC0, 0x9A, 0x64, 0x24, 0xEE, 0x7C, 0xEC, 0x7B, 0xFD, 0xEB, 0x6F, 0x62,
    0x1D, 0x36, 0x92, 0x10, 0xB6, 0xB2, 0x21, 0xDE, 0x29, 0x6A, 0x2B, 0x25, 0x79, 0x7D, 0x40, 0xD6,
    0x36, 0x2C, 0xDA, 0x91, 0x74, 0x73, 0xD7, 0xE6, 0x8F, 0x9B, 0xE3, 0xB9, 0xE3, 0x70, 0xB6, 0xB2,
    0x52, 0x56, 0xF9, 0xC6, 0xDA, 0xE2, 0xF4, 0xBB, 0xA3, 0x28, 0x84, 0x9E, 0x22, 0x54, 0xC0, 0xC7,
    0xBF, 0xEC, 0x19, 0x64, 0x73, 0x39, 0xF5, 0xCA, 0xA1, 0xEC, 0xE2, 0xD5, 0xD3, 0xE6, 0x42, 0x8D,
    0x45, 0x7B, 0x28, 0xAF, 0x8B, 0xCD, 0x7A, 0xCE, 0x13, 0x85, 0xCE, 0x47, 0x5E, 0xEE, 0xE7, 0x01,
    0xE9, 0xE8, 0x0B, 0xA9, 0xE1, 0x13, 0xDE, 0x0F, 0x5D, 0xBE, 0x0E, 0x10, 0xB5, 0xAF, 0x92, 0xFE,
    0x76, 0x24, 0xFF, 0xDB, 0x8E, 0xAF, 0x2D, 0xBE, 0x98, 0x0D, 0x01, 0xFD, 0x9E, 0xE4, 0x77, 0x3B,
    0xD9, 0x5F, 0x77, 0xBE, 0x14, 0x57, 0x8F, 0xBE, 0x31, 0xD1, 0xCB, 0x47, 0x47, 0x6F, 0x58, 0x85,
    0x10, 0xC6, 0x24, 0xCC, 0x9E, 0x6D, 0xA3, 0xAD, 0x19, 0x7B, 0xA0, 0x34, 0xFB, 0xC1, 0xEC, 0x1A,
    0x3E, 0x78, 0xB1, 0x1A, 0x09, 0x61, 0x73, 0xE6, 0x67, 0x2D, 0x0D, 0x03, 0x87, 0xEE, 0xE5, 0xCB,
    0x37, 0xB3, 0x2F, 0x4E, 0x8F, 0x4E, 0x8F, 0xDE, 0x88, 0xEF, 0x8E, 0xA9, 0x98, 0x7D, 0xE6, 0xFC,
    0xF6, 0x4C, 0xBA, 0x08, 0xF5, 0xC4, 0xB0, 0x0A, 0xFD, 0x44, 0xBB, 0x8B, 0xB7, 0x13, 0x6F, 0xAF,
    0x19, 0x2D, 0x3A, 0x07, 0x5B, 0x69, 0x08, 0xBB, 0x7B, 0xDE, 0xD1, 0x58, 0xF4, 0x4C, 0xEC, 0x83,
    0xA7, 0x26, 0xFA, 0xD3, 0x6F, 0x0D, 0x59, 0xD8, 0x95, 0x61, 0x98, 0x2A, 0x98, 0xC6, 0x01, 0xC4,
    0x15, 0x79, 0xCB, 0xDC, 0xF0, 0xAE, 0xF3, 0x37, 0x66, 0xB7, 0xAC, 0xC3, 0x38, 0x29, 0x68, 0xBC,
    0xD2, 0x36, 0xB2, 0x49, 0xE9, 0xE6, 0x4C, 0x8B, 0xF6, 0x58, 0xD1, 0xCE, 0x7D, 0x73, 0xCE, 0xC9,
    0x77, 0x06, 0x8D, 0x71, 0xD2, 0xC9, 0xA4, 0x72, 0x52, 0x51, 0x9F, 0xE7, 0xF7, 0x00, 0x7B, 0xA2,
    0xDD, 0x0C, 0x14, 0x03, 0x8F, 0x59, 0x96, 0xF5, 0x7E, 0xA8, 0xCA, 0xFF, 0x50, 0x56, 0xF6, 0x59,
    0x7E, 0x42, 0x5C, 0x29, 0xC7, 0x4D, 0x94, 0x15, 0x59, 0x45, 0x8E, 0x6F, 0x78, 0x48, 0x1A, 0xB3,
    0x5B, 0x53, 0xB0, 0xE4, 0x35, 0x00, 0xD9, 0x8F, 0x3B, 0x49, 0x68, 0x39, 0xB9, 0xFA, 0xE5, 0x7B,
    0x3C, 0x96, 0xFD, 0xA4, 0x4A, 0x77, 0xA2, 0xE1, 0x61, 0x69, 0x5F, 0x22, 0x19, 0x28, 0x3A, 0xBE,
    0xE6, 0x9C, 0xEC, 0x8E, 0x24, 0xEC, 0x64, 0xBF, 0x0F, 0x55, 0x51, 0xE7, 0x6D, 0x29, 0x55, 0xA2,
    0xA8, 0xC8, 0xDF, 0x65, 0x11, 0x3A, 0x51, 0xD8, 0x71, 0x3D, 0xDC, 0xBB, 0x73, 0x7E, 0x5E, 0xDA,
    0x1E, 0xCA, 0xDA, 0xD5, 0x66, 0x55, 0xE7, 0xE1, 0x54, 0x1C, 0x06, 0x00, 0xB7, 0xEF, 0xDF, 0x57,
    0x6E, 0xC9, 0x26, 0xB0, 0xD0, 0x35, 0x71, 0xDB, 0x70, 0x42, 0xB9, 0xB5, 0x08, 0xB5, 0x55, 0x27,
    0xE9, 0x9F, 0x8A, 0xFB, 0xDB, 0x49, 0xB7, 0x0E, 0x6D, 0x1E, 0x40, 0x84, 0xA2, 0x65, 0x3D, 0x88,
    0xBA, 0xAF, 0x5E, 0x39, 0x5E, 0x34, 0x48, 0x77, 0xF2, 0xEF, 0x55, 0x5F, 0x8E, 0xAB, 0x87, 0x66,
    0xBB, 0x2A, 0x8E, 0x27, 0x91, 0x57, 0xDC, 0xD8, 0x10, 0x75, 0x67, 0xE7, 0xFD, 0x8A, 0x87, 0x03,
    0xEA, 0xC4, 0x83, 0xE8, 0x98, 0x9B, 0xB3, 0x27, 0x1D, 0x40, 0xF4, 0xEE, 0xBD, 0x6F, 0x7E, 0xAE,
    0x7C, 0xF9, 0x1E, 0x8F, 0xE5, 0x6F, 0x9D, 0xFF, 0xDA, 0x3D, 0x1C, 0x2D, 0x2F, 0x1C, 0xCD, 0xCF,
    0xCD, 0xA1, 0x9B, 0x25, 0xAF, 0xC9, 0xAA, 0xCB, 0xE9, 0x49, 0x14, 0xE7, 0xCB, 0x17, 0x5F, 0x2C,
    0x1F, 0x10, 0xDD, 0x12, 0xF7, 0xE7, 0xB1, 0x0A, 0xED, 0x14, 0xFF, 0xE7, 0x77, 0x55, 0xDC, 0xFB,
    0x94, 0x88, 0x5A, 0x49, 0x27, 0x1E, 0xD9, 0x13, 0x8D, 0x16, 0x1D, 0x40, 0xDC, 0x35, 0xAC, 0x7B,
    0x8A, 0xD6, 0x95, 0xF2, 0x23, 0x1A, 0x44, 0x23, 0xEF, 0x44, 0x7F, 0xD6, 0xC7, 0xBF, 0xAD, 0x1F,
    0x8A, 0xF7, 0x33, 0x31, 0xC2, 0xF6, 0x4C, 0xDF, 0xBB, 0xF3, 0x69, 0x18, 0x9F, 0xB6, 0x54, 0x37,
    0x7E, 0xAF, 0x08, 0xB3, 0x7F, 0x64, 0x6A, 0x70, 0x72, 0x53, 0x12, 0x46, 0xC9, 0x8F, 0xDE, 0x00,
    0xDF, 0xE7, 0xF5, 0x51, 0x34, 0x3C, 0xA8, 0x1A, 0x71, 0x7F, 0x28, 0xE9, 0xCB, 0x3A, 0xEB, 0xF2,
    0x0F, 0xD6, 0x6D, 0x1A, 0x02, 0xEB, 0x01, 0x78, 0xFD, 0x39, 0xC9, 0xEE, 0xEF, 0xA4, 0x3F, 0xE9,
    0xC5, 0x71, 0x0D, 0x60, 0x29, 0xAF, 0x3E, 0x4D, 0xFB, 0x93, 0x4A, 0x45, 0x55, 0xD4, 0xEB, 0x2A,
    0x0B, 0xFF, 0x55, 0xA5, 0x21, 0xAF, 0x20, 0x3A, 0xFA, 0xA9, 0x24, 0xEC, 0x44, 0x2F, 0x7E, 0xFB,
    0xCA, 0x59, 0xEF, 0xBF, 0x95, 0x7B, 0x54, 0x4E, 0xD5, 0xD3, 0xE7, 0xDF, 0x07, 0x6C, 0x29, 0xBB,
    0x2B, 0x67, 0xBD, 0x5E, 0xBD, 0x26, 0x69, 0xEF, 0xBF, 0x65, 0x7B, 0x44, 0x5E, 0x28, 0x5A, 0xFE,
    0xAA, 0xE7, 0xD5, 0xB7, 0xF9, 0xFF, 0x9D, 0xEF, 0xE7, 0xF5, 0x95, 0xF1, 0xBA, 0x86, 0x55, 0xCD,
    0x6F, 0x5A, 0xFE, 0x79, 0xC3, 0x87, 0x2D, 0x37, 0xE1, 0x0A, 0xB8, 0x9F, 0x4C, 0x6A, 0xE5, 0x9F,
    0x6E, 0xEC, 0xCA, 0x4A, 0xF7, 0x8D, 0x2B, 0x5F, 0x6B, 0xD0, 0xEF, 0x49, 0x7F, 0xB7, 0x33, 0xDF,
    0xCA, 0x3E, 0x1E, 0x3F, 0x1A, 0xF7, 0xD5, 0xF1, 0x6D, 0x49, 0x37, 0x2C, 0x6A, 0xB2, 0xBF, 0x61,
    0xB1, 0x23, 0xDE, 0x3E, 0x02, 0xD7, 0x31, 0x51, 0x4F, 0xFC, 0xEF, 0x44, 0xA1, 0xE6, 0x10, 0x2A,
    0x90, 0x0E, 0xA0, 0x38, 0x05, 0x3F, 0x5C, 0x00, 0xF0, 0xFF, 0xE0, 0x59, 0x25, 0x94, 0x4A, 0x98,
    0x47, 0x8F, 0x6E, 0x39, 0x96, 0xD5, 0x49, 0x6F, 0x94, 0xB5, 0x8B, 0xC1, 0x56, 0xBA, 0xC9, 0xC6,
    0x68, 0x90, 0x74, 0xF9, 0x18, 0xF7, 0x92, 0xBE, 0xD8, 0x4F, 0x3A, 0x71, 0xBF, 0x2C, 0xD2, 0x0D,
    0xDB, 0x26, 0xFF, 0x93, 0x96, 0x71, 0x9B, 0xFD, 0x53, 0xCB, 0xF1, 0x90, 0xFE, 0x5B, 0xC5, 0xAA,
    0x4F, 0x02, 0xCA, 0x4D, 0x1C, 0x50, 0xB4, 0x4E, 0x91, 0xD7, 0x46, 0x64, 0xDC, 0x86, 0x03, 0x33,
    0x6D, 0x45, 0xFA, 0xAB, 0x0D, 0xD7, 0xDD, 0x71, 0xFF, 0xF6, 0x70, 0x7B, 0x1F, 0x4D, 0x61, 0xCF,
    0x36, 0xAB, 0x0E, 0xA3, 0x3E, 0xAB, 0x43, 0xDC, 0x2F, 0x7E, 0x16, 0xFE, 0xA8, 0x4B, 0x7E, 0xF9,
    0xEB, 0x5F, 0xB4, 0xC9, 0x7B, 0x3F, 0xFF, 0x75, 0x1B, 0x7F, 0xF8, 0xE3, 0x50, 0x0B, 0x51, 0x20,
    0x08, 0x1C, 0x38, 0x64, 0xCF, 0x1E, 0x2A, 0x2C, 0x7A, 0x94, 0x3B, 0xBC, 0x76, 0x03, 0xF0, 0xE7,
    0x7C, 0x45, 0xC9, 0xE1, 0xF9, 0xDF, 0x43, 0x74, 0xF1, 0x20, 0x19, 0xD2, 0x8E, 0x31, 0x6B, 0x39,
    0x29, 0x2A, 0xCA, 0x13, 0x64, 0xE3, 0xC5, 0xEA, 0x25, 0xFD, 0x83, 0x59, 0x56, 0x53, 0x76, 0x7C,
    0xB0, 0xA5, 0xFE, 0x32, 0x80, 0xE3, 0x79, 0xFB, 0x25, 0x5D, 0x61, 0xB1, 0xC9, 0xEB, 0xAC, 0xCD,
    0xDA, 0xBC, 0x4E, 0xBB, 0xE2, 0xEC, 0xCF, 0x98, 0x86, 0x03, 0xC6, 0x91, 0xE3, 0x81, 0xB2, 0xA7,
    0xE8, 0xCC, 0x60, 0xB2, 0x59, 0x15, 0x05, 0xF6, 0x71, 0x80, 0x77, 0x00, 0x9A, 0x19, 0x72, 0x57,
    0xD6, 0x34, 0xF9, 0xE7, 0x5F, 0x96, 0x97, 0x48, 0xCE, 0xD1, 0x96, 0xC0, 0xB3, 0x67, 0xFF, 0xF1,
    0xF5, 0x93, 0xCE, 0x79, 0xCB, 0x8A, 0x13, 0xA2, 0xF1, 0x2C, 0x37, 0xDB, 0x50, 0xD4, 0xAC, 0x30,
    0x37, 0x0D, 0x2C, 0x2E, 0x32, 0x8F, 0x8E, 0x5E, 0x5F, 0x87, 0xD0, 0xCF, 0xFA, 0x98, 0x27, 0x0F,
    0xA6, 0xF6, 0x29, 0x2C, 0x36, 0xF2, 0x5A, 0x49, 0x23, 0x1A, 0xE6, 0x84, 0xAC, 0x55, 0x70, 0x78,
    0x2F, 0x01, 0xB2, 0xFA, 0x7C, 0xB9, 0xEA, 0xAB, 0xE6, 0x8A, 0xB6, 0x17, 0xDF, 0x56, 0x5C, 0x82,
    0x2B, 0x7E, 0xF7, 0xF6, 0xC5, 0xFD, 0xCA, 0x95, 0x72, 0xDD, 0xFF, 0xA8, 0xF1, 0x50, 0x50, 0xFF,
    0x0B, 0xCD, 0x97, 0x01, 0xA4, 0x25, 0xD7, 0x19, 0xC7, 0x7F, 0x33, 0x27, 0x2F, 0x13, 0x9D, 0x66,
    0x4F, 0xB0, 0x5B, 0xD1, 0x48, 0x26, 0x08, 0x56, 0x44, 0x06, 0x20, 0x65, 0xDF, 0x3B, 0xA7, 0x00,
    0xA0, 0x0F, 0x8D, 0xA0, 0xE8, 0x22, 0x88, 0xA5, 0x5D, 0x08, 0x82, 0x7D, 0xEF, 0x9E, 0x02, 0x80,
    0x06, 0x2D, 0x00, 0x8B, 0x22, 0x7B, 0x95, 0x2D, 0x0A, 0xB8, 0xEF, 0xCD, 0xD1, 0x22, 0x28, 0x4C,
    0x13, 0x14, 0x60, 0xC4, 0x16, 0x12, 0xEC, 0xA4, 0x26, 0xED, 0x24, 0x3B, 0xF3, 0xBE, 0xCE, 0x39,
    0x73, 0xE7, 0xDA, 0x24, 0xDD, 0xCD, 0x66, 0xB3, 0x1B, 0xFD, 0xBF, 0xEF, 0xFB, 0x7F, 0xE7, 0xDE,
    0x39, 0xCF, 0xF9, 0xDF, 0x99, 0xEF, 0x3B, 0xDF, 0x19, 0x60, 0x0F, 0x40, 0xDB, 0x99, 0x9E, 0xBC,
    0xB1, 0x82, 0x4A, 0x06, 0x94, 0x48, 0x8F, 0xEE, 0xD2, 0x91, 0xD2, 0xB1, 0xC2, 0x40, 0xE1, 0x8E,
    0x40, 0xFB, 0x0D, 0xE4, 0x7E, 0x80, 0xAC, 0x8E, 0x14, 0x3E, 0xD6, 0x27, 0xE1, 0xC2, 0x71, 0x20,
    0x63, 0x31, 0xB6, 0xA8, 0xA9, 0xC8, 0xCF, 0x7E, 0x31, 0x90, 0x88, 0xB4, 0x50, 0x8A, 0x65, 0x0B,
    0x55, 0x83, 0xF2, 0x5C, 0xC8, 0x7D, 0x2A, 0x82, 0x96, 0x11, 0xE3, 0x56, 0x1C, 0xA3, 0xFD, 0x40,
    0xEE, 0x7B, 0xB2, 0x7A, 0xF1, 0x0D, 0xB9, 0x3F, 0xA6, 0x70, 0x65, 0x5D, 0xC5, 0x79, 0x89, 0x34,
    0x6C, 0x91, 0x58, 0x20, 0xF3, 0x04, 0x25, 0x6F, 0xC2, 0x4D, 0x3B, 0x90, 0x9C, 0x31, 0x51, 0xF7,
    0xED, 0x68, 0x43, 0xDA, 0x72, 0x8C, 0x6A, 0x31, 0x4E, 0x37, 0x14, 0x9F, 0x57, 0x9E, 0x4C, 0x04,
    0xA8, 0x3A, 0x76, 0x68, 0x67, 0x4F, 0x9B, 0x7D, 0x0A, 0x3F, 0xB9, 0xBD, 0x97, 0x1F, 0x4C, 0x6E,
    0x28, 0x6D, 0xE9, 0x2A, 0xAB, 0xE5, 0xB6, 0xCD, 0xA4, 0xB0, 0x7C, 0x15, 0xFD, 0xAB, 0x44, 0x98,
    0x9E, 0x08, 0xDD, 0xB0, 0xE0, 0xCA, 0x0D, 0xCB, 0x0F, 0xD6, 0xEB, 0xEB, 0x95, 0x8C, 0x14, 0x22,
    0x5D, 0x25, 0xE2, 0x43, 0xDC, 0x50, 0x36, 0x90, 0x37, 0x1B, 0x54, 0x07, 0x85, 0xDF, 0xC0, 0x00,
    0x86, 0x0D, 0xC1, 0xC6, 0x40, 0x47, 0xA4, 0xFD, 0x1C, 0xB3, 0x76, 0x8E, 0xDA, 0xCF, 0xD1, 0xD8,
    0x10, 0x4F, 0x38, 0x25, 0xC4, 0x21, 0x19, 0x42, 0x4C, 0x7B, 0xD5, 0x86, 0x98, 0xB7, 0xBA, 0x86,
    0xD3, 0x75, 0x55, 0x97, 0x1F, 0xAF, 0xFF, 0x50, 0x89, 0x58, 0x23, 0xD2, 0x57, 0x72, 0x8B, 0x10,
    0x01, 0x12, 0x77, 0x39, 0xC8, 0x4A, 0xFF, 0xDD, 0x06, 0x55, 0x54, 0x3E, 0x88, 0xA2, 0x64, 0xD6,
    0x44, 0x94, 0x14, 0x02, 0x83, 0x96, 0xB3, 0x20, 0x68, 0x0E, 0x47, 0x30, 0xCC, 0xB2, 0xBA, 0x59,
    0x55, 0xB3, 0x15, 0x15, 0xB5, 0x44, 0xE9, 0x03, 0x27, 0x51, 0x49, 0xD2, 0x47, 0x21, 0xAA, 0x8D,
    0x3A, 0x74, 0x4D, 0x90, 0xA1, 0xE5, 0x2C, 0xA8, 0x98, 0x02, 0xA4, 0xEE, 0xD9, 0x14, 0xC8, 0x7C,
    0x71, 0x35, 0x86, 0x6C, 0x8C, 0x21, 0xE9, 0x62, 0x00, 0xB8, 0x10, 0x83, 0x92, 0x7F, 0x78, 0x91,
    0x46, 0x8B, 0x84, 0x60, 0xEC, 0xCA, 0x93, 0xD7, 0x47, 0x14, 0x9E, 0xC2, 0x85, 0xE4, 0xC2, 0xD0,
    0x93, 0x79, 0x86, 0x18, 0xD2, 0x2E, 0x86, 0xAC, 0x61, 0x83, 0xF6, 0xDA, 0x73, 0x4C, 0xE1, 0x0D,
    0x21, 0x1D, 0xFD, 0x29, 0x68, 0xB9, 0xE3, 0x45, 0xDA, 0x54, 0xDE, 0x0F, 0x81, 0x19, 0x6F, 0x01,
    0xC9, 0xFA, 0xC6, 0x26, 0x2E, 0x26, 0x77, 0x05, 0x72, 0xFF, 0xDD, 0x43, 0x82, 0x0E, 0x21, 0xF3,
    0x85, 0x3F, 0x5D, 0xBF, 0x97, 0x7F, 0x56, 0xD9, 0x4A, 0xC6, 0x54, 0xCE, 0x98, 0x02, 0xAB, 0x8E,
    0xBB, 0x60, 0x01, 0xD5, 0xBE, 0x15, 0x68, 0x03, 0x69, 0x33, 0x11, 0x7C, 0x89, 0x54, 0xF3, 0xAD,
    0x68, 0x5A, 0x50, 0x35, 0xD3, 0x3A, 0x5B, 0x02, 0x76, 0x44, 0x51, 0x03, 0x95, 0x03, 0xF6, 0x01,
    0x7B, 0x51, 0xB5, 0xFB, 0x59, 0xBB, 0x1F, 0xCA, 0x81, 0xAD, 0xA9, 0xE6, 0x41, 0x8C, 0xD9, 0x0A,
    0x4F, 0xE5, 0xF8, 0x09, 0x6F, 0xC2, 0x45, 0xB8, 0xB2, 0xB6, 0xA7, 0x70, 0x04, 0x22, 0xAE, 0xB2,
    0xCB, 0xC0, 0x87, 0x81, 0x6A, 0xA9, 0xDA, 0xED, 0xE0, 0xB4, 0xDF, 0x0E, 0x36, 0xE3, 0x32, 0x30,
    0xCB, 0xA0, 0xF0, 0xDB, 0x41, 0xDE, 0x6C, 0x07, 0xAA, 0xDB, 0x9F, 0x07, 0x0C, 0xCB, 0x60, 0xB5,
    0x0C, 0xCA, 0x13, 0x6C, 0x1C, 0xE8, 0x31, 0x69, 0xE2, 0xD3, 0x57, 0x63, 0x3A, 0x5E, 0xF5, 0x73,
    0x29, 0x89, 0xD8, 0xB9, 0x6C, 0xCA, 0x91, 0xAF, 0xE0, 0x99, 0xC8, 0x43, 0x90, 0x9D, 0x0C, 0x51,
    0x73, 0x3F, 0x0B, 0x8E, 0x6A, 0xB7, 0x52, 0xA3, 0xCE, 0x7E, 0x33, 0x46, 0x36, 0x91, 0x0B, 0x1F,
    0x38, 0x68, 0xEB, 0x83, 0xB0, 0x89, 0x19, 0x22, 0xAF, 0x02, 0x07, 0x3D, 0x7D, 0x10, 0x13, 0x58,
    0x45, 0x66, 0xE6, 0x69, 0x3E, 0xC0, 0xCC, 0x31, 0xD9, 0xC9, 0x5A, 0x80, 0xB2, 0x06, 0x38, 0x67,
    0x77, 0xA2, 0x06, 0x20, 0x19, 0x96, 0xB9, 0x77, 0x6F, 0x92, 0xFB, 0xAB, 0x9E, 0xFE, 0x40, 0x46,
    0x7A, 0xE3, 0x57, 0x13, 0x51, 0xD2, 0xEF, 0x53, 0x3C, 0x38, 0x01, 0x91, 0x92, 0x7E, 0x59, 0xBE,
    0x6C, 0x76, 0x8B, 0xC3, 0xFE, 0x73, 0x0E, 0xF4, 0x19, 0xA0, 0x76, 0x4B, 0x27, 0xD7, 0x97, 0x8F,
    0xD9, 0x00, 0xE8, 0x31, 0xD0, 0x31, 0x50, 0x96, 0xC0, 0x41, 0x61, 0xE1, 0x48, 0x7B, 0xD8, 0xE4,
    0x1E, 0x7A, 0xD5, 0x90, 0x84, 0xDA, 0x57, 0x22, 0x5D, 0xA0, 0x81, 0xFC, 0xE3, 0xF5, 0x80, 0x76,
    0xA1, 0x1E, 0x2D, 0x06, 0x03, 0xA5, 0x3D, 0x20, 0x7C, 0x73, 0xF9, 0x29, 0x38, 0xDA, 0x40, 0xD1,
    0x41, 0x56, 0x13, 0xB1, 0x07, 0xC8, 0xBF, 0xDA, 0x4C, 0xA4, 0xD5, 0x4D, 0xD9, 0x96, 0x2E, 0x6B,
    0x0D, 0xAA, 0x3D, 0x20, 0x9D, 0x3C, 0x89, 0x31, 0x7C, 0x2E, 0x5C, 0xDE, 0xEA, 0x5B, 0x57, 0x5B,
    0x25, 0x67, 0x2D, 0xD5, 0x47, 0x2D, 0x33, 0x0E, 0x72, 0xAF, 0x85, 0x34, 0x6A, 0x7F, 0x79, 0xED,
    0x8C, 0xF8, 0xC9, 0x92, 0x8E, 0x6F, 0xB4, 0x97, 0xBF, 0xD8, 0x4E, 0x7E, 0xF1, 0xA9, 0xE3, 0x93,
    0xA2, 0x9B, 0xD5, 0x64, 0xF5, 0xBD, 0xFE, 0x88, 0xD8, 0xCF, 0xBF, 0x76, 0xB7, 0xA6, 0x7E, 0x0B,
    0x54, 0x52, 0x3F, 0x96, 0x7E, 0x1B, 0x76, 0xEF, 0xB0, 0x75, 0xC7, 0x1C, 0xA5, 0x64, 0xC6, 0x05,
    0x48, 0xA5, 0x7B, 0xD8, 0xDE, 0x4B, 0x7A, 0xEB, 0x5A, 0xCC, 0x76, 0x4A, 0x4F, 0xC0, 0x9B, 0x70,
    0x3D, 0x74, 0xD3, 0x07, 0xF5, 0xD0, 0x74, 0x43, 0xCF, 0x0D, 0x2D, 0x37, 0x74, 0xDC, 0x4C, 0x64,
    0xD7, 0x6F, 0x53, 0x3B, 0xE9, 0xFD, 0xCF, 0x57, 0xF4, 0x02, 0xA1, 0xBB, 0x3E, 0x7C, 0xE7, 0x7D,
    0x35, 0xF7, 0xA0, 0x05, 0x48, 0x07, 0xB6, 0xD8, 0xBB, 0x01, 0xAC, 0xA4, 0x21, 0x8D, 0x39, 0xD7,
    0x27, 0x67, 0x14, 0x9E, 0x8B, 0x18, 0x80, 0xE3, 0xDD, 0x4E, 0x3A, 0xCC, 0x64, 0xC4, 0x6F, 0x02,
    0x9D, 0xF0, 0xF2, 0x4D, 0x6F, 0xE2, 0x7D, 0x77, 0x14, 0x4E, 0x37, 0xAC, 0xC8, 0xCE, 0xDE, 0x08,
    0x37, 0x48, 0x3A, 0x28, 0xC4, 0x31, 0xC3, 0xBD, 0x04, 0x9F, 0x77, 0x60, 0x6A, 0x88, 0x52, 0x96,
    0xFB, 0xFE, 0x61, 0xAD, 0x45, 0x6A, 0xE3, 0x56, 0xF5, 0x31, 0xBA, 0x1E, 0xE2, 0xFD, 0x56, 0x3B,
    0xDF, 0x90, 0xC5, 0xEF, 0x4D, 0xBD, 0x9A, 0xE6, 0xDD, 0xA9, 0xC3, 0xFC, 0x39, 0xD7, 0x73, 0xBF,
    0x17, 0x16, 0xFC, 0x58, 0xC8, 0x65, 0x80, 0x2B, 0xEF, 0x3E, 0xB6, 0xD4, 0x71, 0xC0, 0xB5, 0xA5,
    0xEE, 0xE9, 0x2C, 0x50, 0xD5, 0x40, 0xE9, 0x1E, 0x32, 0x75, 0x5A, 0x88, 0x89, 0xCF, 0xD6, 0x83,
    0x96, 0xEE, 0xFF, 0xEE, 0xB0, 0x13, 0xF4, 0x00, 0x41, 0x4E, 0x0C, 0xE2, 0xE1, 0xFB, 0x3C, 0xE5,
    0x3C, 0x05, 0x04, 0xDD, 0xA8, 0x11, 0xC8, 0x1C, 0x5B, 0xA8, 0x1E, 0xD0, 0xBF, 0x02, 0xCE, 0x3D,
    0x0D, 0xE4, 0x7F, 0x04, 0x54, 0xF7, 0xB8, 0xB6, 0xD8, 0x80, 0xA4, 0x81, 0xAC, 0x85, 0xC2, 0xCD,
    0xAA, 0x12, 0x0B, 0xBA, 0x85, 0x57, 0xDE, 0x81, 0x4B, 0xAF, 0xC1, 0x0B, 0x8F, 0x6C, 0xFB, 0xE5,
    0x22, 0xBB, 0xD6, 0x95, 0xF7, 0x4B, 0x57, 0x5B, 0x70, 0x65, 0x7D, 0x9D, 0x6D, 0x61, 0x45, 0xE9,
    0x51, 0x04, 0x14, 0x91, 0x4D, 0xE4, 0xCF, 0x03, 0xA7, 0x9F, 0x06, 0xCE, 0xFE, 0x2E, 0xE2, 0xD1,
    0xBF, 0x09, 0x5C, 0x26, 0x9F, 0xBD, 0x6E, 0x39, 0x4A, 0x5A, 0x20, 0x66, 0x75, 0x1A, 0x39, 0xAB,
    0xC3, 0x37, 0xDA, 0x4D, 0x57, 0x0F, 0x0D, 0x49, 0x4C, 0xB6, 0xC0, 0x6C, 0xA1, 0xFC, 0xEE, 0x40,
    0x8E, 0x21, 0xE0, 0x25, 0x76, 0xB8, 0xC0, 0x9E, 0x0D, 0xC9, 0x5F, 0xF5, 0x68, 0x99, 0x40, 0x61,
    0xAB, 0xBA, 0x74, 0x7B, 0x18, 0x9B, 0x7B, 0x28, 0x51, 0x75, 0x52, 0x89, 0x48, 0xAD, 0x25, 0x70,
    0x69, 0xE3, 0xA3, 0xA0, 0x00, 0xF6, 0x31, 0x1E, 0x4C, 0x22, 0x5D, 0xEE, 0x0A, 0xF9, 0x48, 0xC4,
    0x67, 0x62, 0x57, 0x23, 0x0B, 0x7E, 0xB8, 0x3C, 0xFA, 0xEC, 0xAE, 0x47, 0x9F, 0x84, 0x02, 0xCF,
    0x1D, 0x95, 0xDC, 0x46, 0x89, 0x8C, 0x4B, 0x81, 0x2B, 0xC1, 0x90, 0xDF, 0x76, 0x47, 0x94, 0x21,
    0xCF, 0x8E, 0x42, 0x81, 0xF7, 0x59, 0x3D, 0xA8, 0x66, 0x22, 0xED, 0xA7, 0x02, 0x2F, 0x43, 0x81,
    0x87, 0x2C, 0x34, 0x5D, 0x28, 0xF0, 0x16, 0x41, 0x87, 0x02, 0x2F, 0x45, 0x5A, 0xAE, 0x95, 0x62,
    0x39, 0xBF, 0xAC, 0x10, 0x0B, 0xB3, 0xF4, 0x70, 0x02, 0x5C, 0x5E, 0x7E, 0x69, 0x42, 0x2A, 0x77,
    0x9C, 0x0E, 0x05, 0xE2, 0x2A, 0x8E, 0x11, 0x3F, 0xA8, 0x4F, 0x7C, 0xAF, 0xDF, 0xAF, 0xFB, 0x32,
    0xAB, 0xFB, 0x4D, 0x56, 0x9F, 0x74, 0xB9, 0x5F, 0xD5, 0x85, 0x33, 0x75, 0x85, 0x91, 0x91, 0x13,
    0x69, 0x78, 0x91, 0x2D, 0x52, 0xFF, 0x27, 0xC8, 0x3E, 0x1D, 0x80, 0x61, 0x05, 0xBC, 0x92, 0x3F,
    0xFE, 0xA3, 0x01, 0xA0, 0x95, 0xA7, 0xFC, 0x5B, 0x8B, 0x6A, 0x07, 0xB8, 0xFC, 0xEC, 0x23, 0xC8,
    0xCF, 0x43, 0x20, 0x1F, 0x81, 0xB2, 0x02, 0x2E, 0xE5, 0xEE, 0xB1, 0xFF, 0x8C, 0x25, 0xBF, 0xCD,
    0x30, 0xBF, 0x28, 0xB6, 0xE7, 0x1E, 0x49, 0x99, 0x3D, 0xAD, 0x2C, 0xE6, 0x67, 0x35, 0xF9, 0x07,
    0x1D, 0x49, 0xF3, 0x0E, 0x01, 0x3F, 0x5E, 0xAF, 0x29, 0x45, 0x6C, 0x74, 0xE0, 0x4B, 0xFE, 0xFA,
    0xCF, 0x29, 0x65, 0x88, 0x1E, 0xC7, 0xF0, 0x65, 0x5F, 0xAF, 0xED, 0xF2, 0xBF, 0x4F, 0x24, 0xF0,
    0x42, 0xE6, 0xE2, 0xAD, 0x8F, 0x0F, 0xFD, 0xF0, 0xFC, 0x56, 0xB3, 0x85, 0xAA, 0x47, 0x89, 0xA0,
    0xEB, 0xC2, 0x17, 0x36, 0xAB, 0x4B, 0x54, 0x63, 0x44, 0xA2, 0x1F, 0x00, 0x25, 0x50, 0xB8, 0x04,
    0xDD, 0x3D, 0xE7, 0x94, 0x88, 0x63, 0x29, 0x8A, 0xF3, 0x24, 0xE2, 0xD4, 0x27, 0x4D, 0x6E, 0xDB,
    0xB8, 0x11, 0xBC, 0x57, 0xC9, 0x38, 0xD9, 0x06, 0x76, 0x76, 0xF2, 0xFA, 0x61, 0x25, 0xED, 0x64,
    0xD3, 0xE0, 0xEE, 0xEF, 0x4F, 0xD7, 0x37, 0xE6, 0xC9, 0x04, 0xAC, 0x5C, 0x6C, 0x40, 0xAA, 0xEE,
    0x50, 0xEE, 0x9D, 0xBB, 0xFA, 0x70, 0x83, 0x96, 0x01, 0x63, 0x57, 0x1C, 0x51, 0xD8, 0x0D, 0xDA,
    0x89, 0x48, 0xF4, 0x1E, 0xD8, 0x00, 0xC7, 0x3C, 0x81, 0xA9, 0x7F, 0x1D, 0x77, 0xE7, 0x44, 0x3A,
    0xB6, 0x78, 0x3E, 0xB3, 0xD3, 0xAD, 0xD4, 0x7F, 0x6D, 0x93, 0xFA, 0x6D, 0x20, 0x9D, 0x5E, 0x9C,
    0x64, 0x98, 0x8C, 0xC2, 0x7E, 0xA3, 0xA5, 0x37, 0x97, 0xC9, 0x70, 0x49, 0xB3, 0xFA, 0x65, 0x9D,
    0xFF, 0xA5, 0x4D, 0xDC, 0x52, 0x78, 0x85, 0x7D, 0x20, 0x3B, 0x0C, 0x49, 0x59, 0xDC, 0xB4, 0xFB,
    0x99, 0x7F, 0xE8, 0x63, 0x2B, 0xA0, 0x06, 0xB4, 0xF0, 0x6A, 0xEE, 0x2E, 0x29, 0x4F, 0x44, 0xD2,
    0x3D, 0x88, 0x7D, 0xBD, 0xC8, 0x4D, 0x2C, 0xF2, 0xEF, 0xE7, 0x44, 0x7B, 0xFF, 0x74, 0x1B, 0x51,
    0xA1, 0xAD, 0x36, 0x85, 0x2F, 0x9C, 0x6A, 0xCD, 0x5C, 0x1E, 0xDD, 0xE2, 0x25, 0x69, 0x5B, 0xB8,
    0xAC, 0xC9, 0xBB, 0xD2, 0x87, 0x79, 0xAC, 0x7A, 0xEE, 0x5F, 0xE9, 0x8F, 0xF7, 0xB7, 0xDC, 0x3F,
    0x43, 0x1F, 0xFE, 0x84, 0xFE, 0x7C, 0x16, 0xCA, 0xDD, 0x33, 0x25, 0x29, 0x31, 0x4B, 0x63, 0xB9,
    0xFF, 0x8E, 0x52, 0x24, 0xB8, 0x2F, 0x79, 0xAE, 0x2D, 0x51, 0x93, 0x27, 0xDD, 0xEC, 0x69, 0x5B,
    0xDA, 0xBC, 0x0D, 0xD7, 0xE2, 0x9C, 0xDF, 0x8F, 0x94, 0x98, 0xC9, 0x4B, 0x17, 0x9A, 0x49, 0x49,
    0xDE, 0x6C, 0xE7, 0x0F, 0x44, 0x2C, 0xD9, 0xFB, 0x41, 0x8B, 0x7B, 0x91, 0x80, 0x43, 0xF5, 0x61,
    0xAF, 0x6E, 0x77, 0xEA, 0xEC, 0x50, 0x75, 0xA8, 0x06, 0x55, 0xFF, 0x6F, 0xE3, 0x3C, 0xA4, 0x62,
    0xC9, 0x3E, 0xA9, 0xD1, 0x3F, 0x6D, 0xB7, 0x8D, 0xFE, 0x90, 0x4A, 0x86, 0xC9, 0x85, 0x0D, 0x57,
    0xFD, 0x06, 0x3D, 0x79, 0x56, 0xCF, 0x9E, 0xFB, 0x13, 0x4A, 0x1F, 0xAE, 0x85, 0x39, 0xA7, 0x6F,
    0x74, 0x6C, 0x18, 0x26, 0x3F, 0x9D, 0xDC, 0x4C, 0x5E, 0xBA, 0xED, 0xFC, 0x96, 0x19, 0x6A, 0xDC,
    0x26, 0xF6, 0x2B, 0x73, 0x62, 0xEF, 0xB1, 0x6F, 0xDC, 0x81, 0x58, 0xF3, 0x4F, 0x8C, 0xE5, 0x00,
    0xF6, 0xEF, 0x61, 0x01, 0xE7, 0x94, 0xC3, 0xFC, 0xB6, 0x89, 0x5B, 0x25, 0xCD, 0x6B, 0x8F, 0xFC,
    0x0D, 0x67, 0xC9, 0xDF, 0xB0, 0xC6, 0x92, 0xBF, 0x0B, 0xB4, 0xCD, 0xEA, 0xFB, 0xBA, 0x9B, 0xDC,
    0xE7, 0x75, 0xDE, 0x94, 0xB5, 0x92, 0x3B, 0x75, 0x22, 0xEF, 0xD7, 0xBB, 0xF6, 0xB0, 0x6A, 0xE0,
    0xAC, 0x27, 0x6D, 0x2E, 0x3D, 0x72, 0xCD, 0x11, 0x95, 0x23, 0x95, 0x26, 0xE6, 0x69, 0xE6, 0xDE,
    0xFE, 0xCE, 0x6F, 0x66, 0xE1, 0x0D, 0x46, 0xC9, 0x88, 0xFE, 0x42, 0xA6, 0x6B, 0x85, 0x37, 0x64,
    0x18, 0xA0, 0xB4, 0x50, 0xDC, 0x82, 0x5C, 0x1A, 0x12, 0x19, 0xE1, 0x49, 0xB1, 0x50, 0x7A, 0xC8,
    0xFD, 0x45, 0x32, 0x1F, 0x6A, 0x61, 0x55, 0xAF, 0x5C, 0x21, 0x67, 0xB1, 0x46, 0x22, 0x72, 0x0B,
    0x85, 0x87, 0x2C, 0x4C, 0x73, 0xF0, 0xFC, 0xAE, 0xAC, 0xB5, 0x58, 0x23, 0xCD, 0x26, 0xF5, 0xA1,
    0x33, 0x80, 0xE9, 0xC9, 0x43, 0x9B, 0x69, 0x50, 0xED, 0x33, 0x69, 0x7B, 0x4D, 0x35, 0x95, 0xF8,
    0x42, 0x08, 0xE8, 0x98, 0x5F, 0x17, 0xF8, 0x33, 0x49, 0x4D, 0xDC, 0x59, 0xD7, 0xEF, 0x2E, 0xDD,
    0x8A, 0xC2, 0x81, 0xB6, 0x0F, 0xE7, 0x10, 0x63, 0x94, 0x98, 0x07, 0xB7, 0x3B, 0x89, 0xC9, 0x21,
    0x69, 0xBB, 0xB5, 0x95, 0xF8, 0xC9, 0x7E, 0xF4, 0x99, 0x9D, 0xC6, 0xF7, 0x31, 0x20, 0x69, 0x50,
    0x3D, 0xF4, 0x24, 0x2D, 0xA9, 0x03, 0xF8, 0x2F, 0x14, 0x8E, 0xB5, 0x79, 0xA3, 0x41, 0x10, 0x40,
    0x9F, 0x98, 0xB5, 0x77, 0xA1, 0x19, 0x53, 0x7D, 0x53, 0xC0, 0x4F, 0xDB, 0x89, 0x31, 0x37, 0x66,
    0xE2, 0x8A, 0xCC, 0x4E, 0x4C, 0x82, 0xCC, 0xDC, 0x81, 0xB7, 0x03, 0x33, 0xE3, 0xE2, 0xF0, 0xCC,
    0x9B, 0x24, 0x15, 0xA2, 0x56, 0xC6, 0xD0, 0x82, 0x44, 0x47, 0x99, 0x88, 0x69, 0x12, 0x06, 0xF5,
    0x46, 0xD8, 0x60, 0x3C, 0x4D, 0x3E, 0x4D, 0x74, 0xC3, 0xFE, 0x0F, 0xB3, 0x8B, 0x34, 0x7F, 0x9A,
    0xBF, 0xCB, 0x79, 0x6A, 0x63, 0x44, 0xDF, 0xAE, 0x02, 0x0D, 0x61, 0x33, 0xF8, 0x97, 0xE4, 0x48,
    0xF4, 0x77, 0xA4, 0x6D, 0x62, 0x50, 0x47, 0xE6, 0xBF, 0xC9, 0x74, 0x0A, 0x40, 0x0C, 0xB9, 0x5E,
    0xBF, 0x5B, 0xDE, 0x0C, 0x8D, 0x6A, 0xC5, 0xD0, 0x99, 0xB6, 0x91, 0xB3, 0xBB, 0x63, 0xD1, 0xE3,
    0x59, 0xC6, 0x73, 0x61, 0x5D, 0xBD, 0x59, 0x0E, 0xF8, 0x8A, 0x13, 0xE9, 0xA8, 0xFE, 0x5D, 0xAC,
    0x35, 0x0B, 0x14, 0x9E, 0xEC, 0x70, 0x87, 0xD8, 0x55, 0x80, 0x0B, 0xE0, 0x73, 0x48, 0x93, 0x0A,
    0x31, 0x0A, 0x5A, 0x71, 0xCC, 0x1B, 0x38, 0x6E, 0x08, 0x70, 0x28, 0x58, 0xB0, 0x95, 0x40, 0x40,
    0x13, 0xB1, 0x75, 0xEB, 0x40, 0x9C, 0x32, 0xA2, 0x87, 0xAE, 0xE3, 0x66, 0xE8, 0x3A, 0xD4, 0xB8,
    0x48, 0x47, 0x74, 0x8D, 0x9A, 0xDD, 0x6F, 0xAC, 0x03, 0x6E, 0x7C, 0x5D, 0x90, 0x2F, 0x32, 0x86,
    0xBF, 0x89, 0x86, 0xD6, 0xFF, 0x17, 0x0D, 0xD5, 0x5A, 0x69, 0xFF, 0x4F, 0x6B, 0x25, 0x00, 0xC5,
    0xD8, 0x01, 0x84, 0x24, 0xD9, 0xF9, 0x00, 0xF0, 0x5F, 0x55, 0xDD, 0x6C, 0xDD, 0xFD, 0xCB, 0x4D,
    0xED, 0x9F, 0x3B, 0x72, 0xE1, 0x54, 0x70, 0x38, 0xCB, 0x6D, 0xC1, 0x41, 0xD8, 0x9D, 0xAA, 0x04,
    0x00, 0xB2, 0x10, 0x10, 0x38, 0x2C, 0xDC, 0x25, 0x2E, 0x41, 0x70, 0xD8, 0x99, 0xAE, 0x13, 0x01,
    0x81, 0x0D, 0x00, 0xB8, 0x41, 0x90, 0x5B, 0x48, 0x30, 0x58, 0xF4, 0x6C, 0x17, 0x00, 0xA0, 0x4F,
    0x00, 0x41, 0x4A, 0x2C, 0x21, 0x70, 0x25, 0x4A, 0xF4, 0x25, 0xDD, 0x53, 0x99, 0xDA, 0xCE, 0x0E,
    0xDB, 0x74, 0xB2, 0xD9, 0xAD, 0xEE, 0xD5, 0xF5, 0x5E, 0xBD, 0x36, 0x35, 0x33, 0xDF, 0x6F, 0xBE,
    0x37, 0xDF, 0xA7, 0x9F, 0xE0, 0x14, 0xD1, 0x02, 0xF1, 0x12, 0xE9, 0x0A, 0xE9, 0x09, 0xF2, 0x1C,
    0x47, 0x59, 0xC9, 0x71, 0x5A, 0x33, 0x4D, 0x6A, 0x16, 0x51, 0x23, 0x68, 0xA3, 0x56, 0xD4, 0xF7,
    0xDD, 0x30, 0x2D, 0x25, 0x7F, 0x7D, 0xB0, 0x94, 0x56, 0x4E, 0x64, 0xA5, 0x42, 0x41, 0x5E, 0x1E,
    0x91, 0x56, 0x00, 0x08, 0x5B, 0x44, 0xDD, 0xD3, 0x15, 0x38, 0x40, 0xFF, 0xB7, 0x36, 0xEE, 0xFB,
    0x36, 0x6D, 0xF2, 0x36, 0xAF, 0xE2, 0xB6, 0x10, 0xB5, 0x47, 0xC2, 0xCB, 0x11, 0x0C, 0xF7, 0x27,
    0xEF, 0xB3, 0x2A, 0x69, 0xD3, 0xC7, 0x3F, 0x6D, 0xA3, 0xFE, 0xA2, 0x35, 0xFB, 0x73, 0x0B, 0x20,
    0x9E, 0x93, 0x36, 0xEB, 0x3B, 0x5C, 0x7B, 0x8C, 0x64, 0x09, 0xB7, 0xA0, 0x83, 0x39, 0x60, 0x87,
    0xCA, 0xFF, 0xBB, 0x4F, 0xD6, 0xE2, 0x8C, 0xB0, 0x21, 0xAA, 0xC6, 0xF1, 0xE1, 0x43, 0x38, 0x86,
    0x05, 0x82, 0xC6, 0x5A, 0x90, 0x5D, 0xE0, 0xBB, 0x49, 0xB9, 0x73, 0x1A, 0x70, 0x8A, 0x05, 0x61,
    0x4B, 0x54, 0x8B, 0xE7, 0xE4, 0x1D, 0xE7, 0xE7, 0x7C, 0xF4, 0xC6, 0x58, 0xD4, 0xA8, 0x44, 0x5A,
    0x23, 0x6A, 0xA0, 0x7D, 0x25, 0xD4, 0x37, 0x51, 0x20, 0x2D, 0x89, 0xAA, 0x81, 0x2A, 0x1B, 0x9D,
    0x9A, 0x2C, 0x70, 0x6D, 0x0A, 0xF7, 0xA0, 0x19, 0x44, 0xE5, 0xBE, 0xA9, 0x69, 0xCB, 0x61, 0x87,
    0x8E, 0x68, 0x2E, 0xFE, 0xAA, 0x1C, 0x3F, 0xAB, 0xF9, 0x5F, 0x2A, 0x8E, 0xFA, 0x92, 0xB7, 0xDE,
    0x01, 0x5E, 0x45, 0x56, 0x27, 0x3F, 0xA0, 0xBF, 0xE0, 0xF4, 0x21, 0x18, 0x7F, 0x03, 0x97, 0x57,
    0xAC, 0x7E, 0x93, 0xB5, 0xE7, 0xC2, 0xBA, 0x0D, 0x38, 0x7E, 0xB1, 0x75, 0x1D, 0x6E, 0xC3, 0x31,
    0x74, 0xB8, 0xFE, 0x6B, 0xDC, 0x4A, 0x2A, 0xF2, 0x19, 0x92, 0xA5, 0xFD, 0xFC, 0x21, 0xCE, 0xB0,
    0x20, 0x6A, 0x08, 0x2B, 0xAE, 0xBF, 0x46, 0x97, 0x31, 0x59, 0x91, 0x77, 0x04, 0x2F, 0xC9, 0x0F,
    0x60, 0x50, 0x49, 0x6A, 0x84, 0xCD, 0xAB, 0xA3, 0x1E, 0x22, 0x47, 0x52, 0x13, 0xD6, 0xDC, 0x79,
    0x83, 0xEE, 0x26, 0x93, 0x25, 0x59, 0x87, 0x97, 0xA4, 0x86, 0x8F, 0x11, 0x3F, 0xDB, 0x42, 0xAF,
    0x7F, 0xB5, 0x77, 0x6A, 0xF2, 0xB4, 0xA3, 0x76, 0x57, 0x1D, 0x75, 0x74, 0x2A, 0xC8, 0x36, 0x0B,
    0x14, 0x6E, 0xC5, 0x57, 0xD4, 0xD5, 0xEE, 0xA9, 0xAF, 0x61, 0xF2, 0x05, 0xFF, 0xBC, 0xE0, 0xCE,
    0x5D, 0x18, 0x9F, 0xFA, 0x56, 0x80, 0xDB, 0xC9, 0xC0, 0xEA, 0xD7, 0x84, 0x57, 0x5C, 0xA0, 0x4E,
    0x0F, 0x9F, 0x05, 0x06, 0xE3, 0x17, 0xA8, 0x4F, 0x1E, 0xFC, 0x76, 0xD6, 0xAF, 0x2E, 0xAF, 0x29,
    0x57, 0xD7, 0xF9, 0x0F, 0xEF, 0xCC, 0xFA, 0xF6, 0xF2, 0xBA, 0x5C, 0x4C, 0xB9, 0xBA, 0x1E, 0x3D,
    0xF8, 0x72, 0xFD, 0x30, 0x60, 0xCA, 0x8A, 0x29, 0x78, 0x9B, 0xB0, 0x6F, 0xA4, 0xFD, 0x52, 0x51,
    0x4E, 0x1C, 0xCB, 0xCA, 0xA9, 0xB4, 0xEA, 0xFB, 0xFE, 0xC9, 0x58, 0x60, 0x8A, 0x13, 0xAF, 0x29,
    0xE6, 0x9F, 0x4A, 0xFB, 0x0B, 0x41, 0xDF, 0x01, 0x90, 0x95, 0x14, 0xD5, 0xFA, 0x0E, 0x8F, 0xE8,
    0x4B, 0x49, 0xE5, 0x26, 0xEF, 0xBF, 0x44, 0xA4, 0x37, 0x30, 0xAB, 0x89, 0x6A, 0xD2, 0x92, 0x37,
    0x19, 0x21, 0xDE, 0x68, 0x71, 0x96, 0xF6, 0xED, 0xE1, 0xB5, 0xFB, 0x2F, 0x1E, 0xD8, 0xDD, 0xF7,
    0x84, 0x17, 0x9F, 0x89, 0xFE, 0xD4, 0x0A, 0xC3, 0x6A, 0x8C, 0xA0, 0x10, 0x23, 0xAD, 0xC9, 0x71,
    0x8B, 0x19, 0x51, 0x3F, 0x17, 0x7F, 0xAF, 0x65, 0x1D, 0xA9, 0xE1, 0x57, 0x0F, 0x63, 0x8A, 0xAB,
    0xC1, 0x10, 0xB0, 0xCB, 0x70, 0x87, 0x31, 0xAC, 0x37, 0xBF, 0x3E, 0x04, 0x7E, 0xF5, 0xBD, 0x40,
    0x58, 0x11, 0x37, 0xA4, 0x15, 0x87, 0xE4, 0x98, 0xD5, 0xC2, 0xBF, 0xB7, 0xC2, 0xF2, 0x3B, 0xE3,
    0x78, 0x7E, 0x2F, 0xE8, 0x98, 0xF2, 0x81, 0xD9, 0x20, 0x19, 0x20, 0x2F, 0xB7, 0x67, 0x7F, 0x86,
    0x05, 0xEE, 0xE1, 0xDD, 0xDD, 0x04, 0xAD, 0xC7, 0xD7, 0x25, 0xE9, 0x1E, 0x92, 0x30, 0xA9, 0xF8,
    0xF1, 0xDC, 0x7A, 0x7B, 0x93, 0xBF, 0x3E, 0xAE, 0xA7, 0x14, 0x7D, 0xD3, 0x26, 0xB3, 0xF6, 0x20,
    0xAC, 0x30, 0x4E, 0x12, 0x82, 0xC5, 0x67, 0xA2, 0xBE, 0x13, 0x7E, 0xBF, 0x81, 0xF1, 0x93, 0xF0,
    0x96, 0x75, 0xA0, 0xC9, 0x10, 0xE8, 0x68, 0x15, 0x6E, 0x33, 0xCC, 0x5D, 0x54, 0xBD, 0xB0, 0x13,
    0xAF, 0xF8, 0x80, 0x87, 0x34, 0x70, 0xE3, 0x41, 0x55, 0xF4, 0xF5, 0xE5, 0x15, 0x74, 0xFE, 0xEB,
    0x75, 0xE3, 0x1F, 0xFF, 0x7E, 0xF8, 0x46, 0x39, 0xA9, 0xC3, 0x79, 0x52, 0x1D, 0x82, 0xAC, 0xDC,
    0xF6, 0x7A, 0xB1, 0x9F, 0x0E, 0x04, 0x9D, 0x70, 0x31, 0xCC, 0x0C, 0x3A, 0x85, 0x9B, 0x80, 0x62,
    0xEB, 0x0B, 0x57, 0x2B, 0xD7, 0xBE, 0xC4, 0xAC, 0x9F, 0x8B, 0xFA, 0x7E, 0x21, 0xED, 0xC2, 0x95,
    0xBC, 0x32, 0x51, 0x90, 0x55, 0xC7, 0xA4, 0xF5, 0x94, 0xA4, 0x5E, 0x12, 0xCF, 0x9F, 0x4C, 0xC3,
    0xDB, 0xF9, 0x39, 0x69, 0x7D, 0x32, 0x4C, 0x45, 0xA9, 0x28, 0xB3, 0xB9, 0x99, 0xE4, 0xE2, 0x47,
    0x4B, 0x41, 0xDF, 0xB7, 0xE4, 0x7D, 0x69, 0x7B, 0x57, 0x75, 0x95, 0xB3, 0x4E, 0xDA, 0xAF, 0x14,
    0xD5, 0xC4, 0x89, 0xB4, 0x5E, 0x4A, 0xEA, 0x85, 0x78, 0xFE, 0x74, 0x4C, 0x25, 0xF5, 0x89, 0xAC,
    0xCA, 0xE7, 0xB3, 0xE1, 0x39, 0x41, 0xDF, 0x00, 0x90, 0xA3, 0x28, 0xC9, 0x5D, 0x9D, 0xA7, 0x10,
    0x6F, 0x3B, 0x4F, 0xD9, 0xB1, 0x72, 0x7B, 0x7B, 0x7B, 0x31, 0xE4, 0xF3, 0x1F, 0xAA, 0xEC, 0xC7,
    0xF7, 0x7C, 0x9D, 0x66, 0x04, 0xEF, 0xF6, 0x93, 0x95, 0xFD, 0x7B, 0x37, 0x9B, 0xD4, 0xF8, 0xDE,
    0xED, 0xC7, 0x2B, 0xFB, 0xF7, 0x6E, 0x6F, 0x62, 0xA3, 0x79, 0xB7, 0x7C, 0x84, 0xD9, 0x7F, 0x7E,
    0xB7, 0xF7, 0xBF, 0x31, 0xBD, 0x1B, 0x07, 0x2D, 0x71, 0x89, 0x57, 0x58, 0x71, 0x37, 0x80, 0xBB,
    0xA9, 0xC2, 0x5E, 0x87, 0x13, 0x44, 0xAB, 0x03, 0xE2, 0x2A, 0x2D, 0x91, 0x96, 0x97, 0xE8, 0xC9,
    0x80, 0x5E, 0xEE, 0x08, 0x1D, 0x20, 0xA9, 0xC8, 0x6B, 0xCE, 0xF1, 0x51, 0xB4, 0xDE, 0xC8, 0x6F,
    0x27, 0x75, 0xD8, 0xF7, 0x2F, 0xE6, 0xBB, 0x06, 0xE9, 0x1C, 0xC9, 0xE2, 0x00, 0x3F, 0xD9, 0x93,
    0xE5, 0x3A, 0xCE, 0x70, 0x81, 0xBC, 0x22, 0x1C, 0xC3, 0xB2, 0xD9, 0x1D, 0x0F, 0x30, 0xDF, 0x04,
    0xED, 0xAB, 0x3B, 0x8E, 0x00, 0x02, 0xD9, 0x1F, 0x6A, 0x26, 0xFD, 0x2F, 0xF9, 0xF9, 0xA7, 0x7B,
    0xB2, 0x3C, 0xF3, 0x79, 0xF1, 0x17, 0x63, 0x38, 0x0E, 0x60, 0x33, 0xFA, 0x7D, 0xD7, 0x06, 0x23,
    0xA5, 0x64, 0xA3, 0x1E, 0xDC, 0xE5, 0x74, 0x29, 0xE8, 0x9E, 0x77, 0x4C, 0x85, 0xED, 0x89, 0xA8,
    0x2D, 0xAA, 0xB4, 0xC9, 0xBE, 0x99, 0xD5, 0x71, 0xDF, 0x33, 0xEB, 0x00, 0x48, 0x2B, 0xB2, 0x7A,
    0x7D, 0x07, 0xDC, 0x96, 0x95, 0xFF, 0x69, 0x1C, 0x5D, 0x8E, 0x42, 0x5E, 0xE6, 0xD5, 0xAC, 0x4C,
    0xFB, 0xAF, 0xCB, 0xB8, 0xCF, 0xCA, 0xCD, 0x78, 0x15, 0x80, 0xBC, 0xA2, 0x68, 0x08, 0x1A, 0xE2,
    0x8A, 0x64, 0x07, 0x8E, 0x4F, 0x36, 0xFE, 0x1D, 0xDE, 0x35, 0x82, 0xE5, 0x23, 0x44, 0x2D, 0xF2,
    0x26, 0x28, 0xDD, 0x16, 0xD7, 0x48, 0xEA, 0xBB, 0xFC, 0xAE, 0x5C, 0x0A, 0x2E, 0x0C, 0x61, 0xFD,
    0x6F, 0xD3, 0x80, 0x30, 0x28, 0x0C, 0x0C, 0x83, 0xC3, 0x00, 0xB9, 0x92, 0x20, 0x40, 0x52, 0x92,
    0xD7, 0xAC, 0x70, 0x47, 0x8B, 0x96, 0xB0, 0xB9, 0x2D, 0xAB, 0x5F, 0xC8, 0xF2, 0x21, 0x9C, 0xC0,
    0x64, 0x1E, 0x94, 0xC2, 0x66, 0x4F, 0x16, 0x38, 0xC3, 0x0A, 0x79, 0x49, 0x38, 0x82, 0x25, 0xAF,
    0x50, 0x34, 0x08, 0x1A, 0xC4, 0x55, 0x50, 0x4A, 0xEC, 0x1C, 0xB4, 0x65, 0xA3, 0x8D, 0x00, 0x02,
    0x8F, 0x6E, 0x12, 0xF5, 0xCB, 0xA0, 0x8C, 0x3E, 0xFF, 0xCD, 0x9E, 0x2C, 0xA7, 0xEF, 0x89, 0x56,
    0x67, 0xE2, 0x2F, 0x86, 0xBA, 0x5B, 0x8D, 0xE1, 0x08, 0x4A, 0xEC, 0x71, 0x6B, 0x49, 0x2B, 0x64,
    0xF5, 0xD3, 0x15, 0x60, 0x93, 0x32, 0x4E, 0x1D, 0x7B, 0x13, 0xB2, 0x0A, 0x59, 0x07, 0x0F, 0x01,
    0x1F, 0xF3, 0x8E, 0x82, 0x13, 0x59, 0x6D, 0x29, 0x69, 0xC2, 0x4E, 0xD4, 0xC5, 0x0D, 0xCB, 0xB4,
    0xE6, 0x51, 0x5E, 0x52, 0x3C, 0x42, 0xBA, 0x44, 0xDC, 0x21, 0x6A, 0x9F, 0x6F, 0x82, 0x5B, 0x98,
    0x20, 0xAD, 0x09, 0x2A, 0x00, 0xE7, 0x43, 0x29, 0x14, 0x35, 0xB9, 0x64, 0x9E, 0x55, 0x69, 0x9D,
    0xD6, 0x59, 0x15, 0x37, 0xF9, 0xFA, 0xC0, 0xBC, 0x3B, 0x66, 0xB9, 0xE4, 0xBC, 0xA3, 0x68, 0xC9,
    0x1B, 0xEB, 0x12, 0x3F, 0x8C, 0x92, 0x1C, 0x47, 0x38, 0xC6, 0xC3, 0x9D, 0x0B, 0x80, 0xA8, 0x41,
    0xDC, 0x5A, 0xAF, 0x46, 0x72, 0x24, 0xB5, 0xA3, 0x74, 0xEE, 0x38, 0xA9, 0x3D, 0x44, 0xD2, 0x20,
    0x5D, 0xC0, 0x67, 0x08, 0x1A, 0x84, 0xF5, 0xEE, 0xF3, 0xF4, 0xED, 0x92, 0xA2, 0xE1, 0xFF, 0x1B,
    0xE2, 0x9A, 0xC4, 0x4E, 0xF2, 0x04, 0xE4, 0xBF, 0xAA, 0xE8, 0x7B, 0x34, 0x1F, 0xEF, 0x9E, 0xF6,
    0xFE, 0xB7, 0xE8, 0xEF, 0x09, 0xFF, 0xB8, 0x10, 0x7C, 0x7E, 0x7F, 0x27, 0xAC, 0x7F, 0x01, 0x7D,
    0x90, 0x81, 0x86, 0xDD, 0x40, 0x18, 0x85, 0xBF, 0x4C, 0xB6, 0x3B, 0x74, 0xE8, 0x2C, 0x0A, 0x8A,
    0x9B, 0x7D, 0x81, 0x7B, 0x07, 0x60, 0x71, 0x9B, 0x49, 0xDF, 0xA0, 0xE8, 0xB5, 0x80, 0xF6, 0x31,
    0x82, 0x6D, 0x77, 0x6A, 0x1F, 0xA0, 0x79, 0x8F, 0xBE, 0x40, 0xD1, 0xCA, 0x5F, 0x50, 0x80, 0xE8,
    0x13, 0x04, 0x0A, 0xC0, 0x20, 0x25, 0xDA, 0x26, 0xE9, 0x24, 0x8A, 0x5A, 0x5A, 0xFF, 0x31, 0xE7,
    0xF8, 0xFE, 0x33, 0x8C, 0x39, 0xBD, 0x68, 0xE7, 0x76, 0x86, 0xD3, 0xE9, 0x79, 0xBB, 0x8C, 0x49,
    0xDC, 0xCF, 0xA7, 0x54, 0x59, 0x96, 0x65, 0xDA, 0x0E, 0xF8, 0x07, 0x3B, 0xC7, 0x51, 0x33, 0x30,
    0xD1, 0x52, 0xB2, 0xC3, 0x87, 0x42, 0x8C, 0x98, 0xE0, 0xB8, 0x02, 0xF6, 0xF8, 0x44, 0x6C, 0x65,
    0x39, 0x50, 0x73, 0xC1, 0x79, 0x26, 0xCE, 0x74, 0x75, 0xC1, 0x70, 0x60, 0xF2, 0x55, 0xEB, 0xA4,
    0x34, 0xB2, 0xD3, 0xC1, 0xBF, 0xEB, 0x8B, 0x2F, 0xD1, 0x7C, 0x8E, 0xE6, 0x6D, 0xEF, 0x8C, 0x5C,
    0x3D, 0x02, 0xD8, 0xE7, 0xE2, 0x4D, 0xF4, 0x77, 0xD1, 0x3E, 0x8B, 0x36, 0x8B, 0x87, 0xBC, 0xAB,
    0x6D, 0x75, 0x01, 0x80, 0xEA, 0xFF, 0xE8, 0xFA, 0x7B, 0xB5, 0x2C, 0xF2, 0xFE, 0x47, 0x95, 0xF2,
    0x3D, 0x65, 0x0D, 0x90, 0x77, 0xEB, 0xAC, 0xCF, 0xD5, 0xDD, 0xF5, 0xB7, 0x65, 0x69, 0xE7, 0x8D,
    0xA4, 0x01, 0x30, 0x83, 0x9B, 0xFC, 0x9C, 0x66, 0xB2, 0xBF, 0xB2, 0xE6, 0xF1, 0xD9, 0x03, 0x3E,
    0x79, 0x2B, 0xB3, 0x7F, 0x29, 0xC9, 0x03, 0x67, 0x70, 0xDE, 0xF0, 0x10, 0xF0, 0x03, 0x0E, 0xB8,
    0xB9, 0xE1, 0x35, 0x30, 0xEC, 0x19, 0x81, 0xB8, 0x53, 0x71, 0x33, 0xDD, 0x6D, 0xD0, 0x86, 0xAD,
    0xE2, 0xD8, 0x2E, 0xA4, 0x62, 0x86, 0x69, 0xC6, 0x5B, 0x71, 0x3D, 0x2A, 0xFE, 0x8C, 0x6F, 0x46,
    0xF4, 0xD7, 0x7E, 0x18, 0x8E, 0xD8, 0x3B, 0xA9, 0xE3, 0x1E, 0x97, 0x6F, 0x76, 0xDC, 0x8C, 0x51,
    0xAD, 0x3B, 0x15, 0x59, 0x9B, 0xB9, 0x70, 0x2B, 0x45, 0x0F, 0x00, 0x3C, 0x51, 0x8D, 0xD3, 0x9D,
    0xD3, 0x52, 0x9A, 0x70, 0x34, 0xD5, 0xD1, 0xB0, 0x7E, 0x50, 0x50, 0xBD, 0x16, 0x5B, 0x95, 0x7C,
    0xA4, 0xA4, 0xA8, 0xB4, 0xA8, 0x9E, 0x70, 0xC9, 0xC8, 0x53, 0x1C, 0x56, 0x74, 0x67, 0xA5, 0x48,
    0xF9, 0x03, 0x97, 0x00, 0xAF, 0x20, 0x8B, 0x90, 0x77, 0x60, 0x03, 0x14, 0x90, 0x76, 0x30, 0x82,
    0xFA, 0x0B, 0xBB, 0xFF, 0xE3, 0xDF, 0xC5, 0x8F, 0x01, 0x66, 0xC0, 0x30, 0x14, 0x86, 0xFF, 0x0A,
    0xCA, 0x82, 0xEC, 0x04, 0x0D, 0x00, 0xB3, 0xAE, 0x60, 0x14, 0xAF, 0x4B, 0xCF, 0x33, 0x30, 0x0C,
    0xDB, 0xD4, 0xD2, 0xA3, 0x14, 0x03, 0x18, 0x50, 0x74, 0x58, 0xDB, 0x23, 0xE4, 0x08, 0x39, 0xC2,
    0xC3, 0x43, 0x47, 0x3B, 0x4B, 0x81, 0x81, 0x01, 0xEC, 0xFB, 0xFE, 0x03, 0x7C, 0x7F, 0x2E, 0xB0,
    0x07, 0x1A, 0x0B, 0x32, 0x20, 0xDD, 0x92, 0x49, 0x83, 0x9D, 0xA1, 0x37, 0x9C, 0xB0, 0x62, 0xCD,
    0x05, 0x77, 0xFC, 0xFD, 0xB5, 0x1C, 0xE0, 0x24, 0xAE, 0x06, 0xC7, 0x35, 0x7C, 0xF0, 0x72, 0x39,
    0xE1, 0xE9, 0x45, 0x7C, 0x00, 0x94, 0x98, 0xBD, 0x44, 0x33, 0xB8, 0x9D, 0x1A, 0x2A, 0x6F, 0x3A,
    0x2D, 0xC0, 0xFD, 0xB0, 0x08, 0x38, 0x8B, 0x6A, 0xCD, 0x7B, 0x83, 0x02, 0x04, 0x1B, 0x5E, 0x79,
    0x7C, 0x7C, 0x66, 0x17, 0xA7, 0x91, 0xEB, 0x0F, 0x71, 0x31, 0x83, 0x8E, 0xD5, 0x44, 0xD7, 0x54,
    0xBA, 0x4F, 0xFD, 0x0E, 0x2A, 0x36, 0x1B, 0x81, 0xBF, 0x9B, 0x2E, 0xE0, 0x93, 0xE6, 0x97, 0x27,
    0x36, 0x78, 0x7E, 0x90, 0xD4, 0x1B, 0x4C, 0x7F, 0x87, 0xF9, 0xCD, 0x8B, 0x0B, 0x8E, 0xD5, 0x6A,
    0xDB, 0x8A, 0x21, 0x18, 0x6F, 0xD9, 0x87, 0xFF, 0xFA, 0xF3, 0x03, 0x7D, 0x94, 0x01, 0x84, 0x1C,
    0x57, 0x18, 0xC7, 0x7F, 0x33, 0x13, 0x3B, 0x78, 0x98, 0x00, 0xD5, 0x06, 0xAF, 0x80, 0xB6, 0x2A,
    0x0B, 0x00, 0xE9, 0xCD, 0x50, 0x40, 0x60, 0x21, 0x82, 0x43, 0x01, 0x68, 0x10, 0x00, 0xB8, 0x74,
    0xA7, 0x29, 0x0A, 0x70, 0x28, 0x00, 0x82, 0x40, 0x17, 0xEE, 0x00, 0xC5, 0x5E, 0xF6, 0xD5, 0x01,
    0x20, 0xAF, 0xAA, 0x00, 0x6E, 0xAA, 0x5D, 0x21, 0x41, 0x9E, 0xF6, 0x5D, 0x4D, 0x6F, 0x67, 0xE7,
    0xEB, 0xFB, 0x32, 0xA4, 0x3D, 0x2A, 0xCF, 0xFC, 0x7E, 0xBE, 0x37, 0xEF, 0xCF, 0x67, 0xE7, 0x7B,
    0x96, 0x69, 0x15, 0x2D, 0x50, 0x9E, 0x3B, 0xB2, 0x93, 0x6F, 0x1D, 0x56, 0x5E, 0x37, 0x88, 0x08,
    0xC5, 0xF8, 0x48, 0x28, 0x43, 0x3C, 0xA2, 0xFA, 0x31, 0x44, 0xEC, 0xE3, 0x5F, 0x03, 0xF3, 0xE2,
    0xDC, 0x53, 0x9B, 0x14, 0xAB, 0xAB, 0xAA, 0x61, 0x7E, 0xDB, 0xC2, 0x7C, 0xFD, 0x19, 0xD8, 0xFE,
    0x08, 0xAA, 0xD0, 0x43, 0x79, 0x19, 0x3E, 0xA5, 0x90, 0xAB, 0x11, 0x23, 0x32, 0x50, 0x59, 0xF1,
    0xDC, 0xB6, 0x0D, 0xDC, 0x39, 0x00, 0x6E, 0xDC, 0x41, 0x0D, 0xCC, 0x56, 0xAB, 0xE3, 0x94, 0x08,
    0x6F, 0xF0, 0x60, 0x1C, 0xD7, 0x11, 0x69, 0xDF, 0xF0, 0x72, 0xD5, 0xE8, 0xDE, 0x6E, 0xA1, 0x1E,
    0x13, 0xFB, 0xEB, 0x39, 0x66, 0x4F, 0x61, 0x29, 0x0D, 0xE3, 0x89, 0xCB, 0x63, 0x4E, 0xD1, 0x41,
    0xE1, 0x27, 0xB4, 0xAE, 0x65, 0xAF, 0x90, 0xF5, 0xFF, 0xD6, 0xFC, 0x00, 0x44, 0x98, 0xED, 0xB9,
    0x59, 0xCB, 0x2E, 0xDE, 0x3E, 0x94, 0x08, 0xEF, 0x37, 0xB3, 0x86, 0xBC, 0x35, 0x1D, 0xA5, 0x37,
    0x51, 0x35, 0xA8, 0x44, 0xF5, 0xBA, 0x4D, 0x7A, 0xEE, 0x93, 0xCE, 0x43, 0xE9, 0x25, 0xAD, 0x51,
    0x54, 0xC6, 0xD5, 0x9F, 0x7B, 0xE3, 0xAA, 0xF3, 0xA4, 0xF2, 0xCF, 0xA4, 0x7C, 0x97, 0x84, 0xA8,
    0x6A, 0x55, 0xA5, 0x2A, 0xFD, 0x6C, 0xF5, 0xDD, 0xF4, 0x93, 0x54, 0x1D, 0x29, 0x1C, 0x30, 0x3E,
    0xEF, 0xD9, 0x88, 0x08, 0xAA, 0x69, 0x6B, 0x7E, 0x39, 0x0C, 0x1A, 0xF1, 0xAA, 0x26, 0x6D, 0x17,
    0xA4, 0x30, 0xEF, 0xD0, 0xC7, 0x00, 0x1F, 0x50, 0x03, 0x49, 0x35, 0xC0, 0x01, 0xB6, 0xC9, 0x16,
    0x9C, 0x51, 0xB5, 0x45, 0x60, 0xA0, 0x72, 0x26, 0xD2, 0x53, 0xFA, 0x6A, 0xC8, 0x22, 0xB7, 0x3A,
    0xBB, 0x2F, 0x2E, 0xA9, 0x45, 0x17, 0xF5, 0xD5, 0x66, 0x73, 0x32, 0x42, 0xBF, 0xB6, 0x77, 0x1D,
    0x0C, 0x7D, 0xF5, 0xDC, 0xC1, 0x59, 0x2C, 0x2F, 0x1A, 0x58, 0x86, 0x42, 0x80, 0xDA, 0xE7, 0x02,
    0xCC, 0x1D, 0x23, 0x60, 0x5B, 0x06, 0xA0, 0x82, 0x23, 0x60, 0xD6, 0x60, 0x1C, 0x5F, 0x78, 0xA4,
    0xE7, 0xE4, 0xF7, 0xEC, 0xAE, 0xB3, 0xE2, 0x96, 0x1B, 0x37, 0x54, 0x2E, 0x1A, 0x7D, 0xD6, 0x95,
    0x6E, 0xED, 0x2B, 0x97, 0x01, 0x20, 0xD2, 0x89, 0x04, 0xF8, 0xB2, 0xC1, 0x48, 0xA4, 0x4E, 0xF5,
    0xC8, 0xCD, 0xAC, 0x9F, 0x66, 0xF5, 0xE0, 0xE5, 0x13, 0x36, 0x12, 0x51, 0x4C, 0xCB, 0xDB, 0xFA,
    0x70, 0xBB, 0xA0, 0x08, 0x90, 0x0D, 0xC0, 0xE6, 0xF8, 0x94, 0xB9, 0x44, 0x72, 0xE9, 0x00, 0xB2,
    0x63, 0x66, 0xC7, 0xE9, 0x70, 0xEE, 0x92, 0x36, 0x29, 0x96, 0x0F, 0x49, 0x26, 0x24, 0xCD, 0x5D,
    0xD2, 0x33, 0x78, 0xEF, 0x8F, 0xFD, 0x3D, 0x96, 0x3B, 0x11, 0x96, 0xD3, 0xC5, 0xAE, 0x1B, 0x8A,
    0xBE, 0xD2, 0xD3, 0x52, 0x73, 0x79, 0x9F, 0xC4, 0x5E, 0x55, 0xAB, 0xAC, 0x4B, 0x32, 0x5D, 0xBE,
    0x7A, 0x0A, 0xA5, 0x48, 0xAB, 0x0A, 0x3C, 0xD8, 0xDE, 0xBF, 0x42, 0x27, 0xD5, 0xDC, 0xF2, 0xEC,
    0x79, 0xB8, 0xBD, 0x37, 0x4E, 0xDB, 0x72, 0x7B, 0x3F, 0x6A, 0xA4, 0x53, 0x35, 0x94, 0xDB, 0x05,
    0x94, 0x9E, 0x77, 0x88, 0x22, 0x79, 0x52, 0xF9, 0x37, 0xB0, 0x94, 0x8E, 0x5C, 0x64, 0xC0, 0xEC,
    0x7E, 0x1A, 0xB1, 0xE7, 0xFE, 0x23, 0x6A, 0x3D, 0xFD, 0x4A, 0xB5, 0x56, 0x0D, 0x93, 0x44, 0xDC,
    0x5A, 0x75, 0x56, 0x5C, 0x9D, 0xB8, 0x14, 0xA9, 0x5C, 0xFD, 0x8D, 0xB7, 0x6D, 0xF5, 0x9B, 0x5F,
    0x52, 0xCA, 0x8B, 0x3D, 0x99, 0x48, 0x04, 0x2B, 0x2D, 0x14, 0xDD, 0xB5, 0x46, 0x59, 0xA3, 0x5A,
    0x4C, 0xEF, 0xCB, 0xA8, 0x4D, 0xDB, 0x22, 0xA5, 0xAB, 0xDD, 0x8B, 0x21, 0x75, 0x3C, 0xD5, 0x86,
    0xDA, 0x4F, 0xDB, 0x0D, 0x13, 0x68, 0x7D, 0x36, 0xBD, 0x27, 0xDD, 0x73, 0xEC, 0xCF, 0xFE, 0xD4,
    0xC8, 0xAB, 0x3E, 0x17, 0x09, 0x3C, 0x94, 0x86, 0x22, 0x30, 0xF5, 0x81, 0x4F, 0x56, 0xDF, 0x2F,
    0x65, 0x4C, 0x0F, 0xD6, 0x51, 0x76, 0xD4, 0xA2, 0x4F, 0x19, 0xB0, 0xBE, 0x92, 0xD6, 0xEC, 0x29,
    0x22, 0x3A, 0xBF, 0x67, 0x50, 0x37, 0x54, 0x4E, 0x8F, 0xF2, 0x1E, 0xE0, 0x09, 0x10, 0x61, 0x62,
    0x01, 0xBB, 0x00, 0xE2, 0xC8, 0xF7, 0x30, 0x8F, 0x1F, 0x72, 0xF0, 0x57, 0xCF, 0x4D, 0xE9, 0xC8,
    0x46, 0xB0, 0x71, 0xE2, 0x46, 0x2C, 0x02, 0xD1, 0x74, 0x5C, 0x6E, 0x5A, 0x64, 0x04, 0xE9, 0x78,
    0xBB, 0x4C, 0x3B, 0x61, 0x3D, 0xB9, 0x8C, 0x18, 0x91, 0x76, 0x7E, 0x71, 0xD1, 0xA5, 0xBF, 0xAD,
    0xF0, 0xC8, 0x3C, 0x8E, 0x6B, 0xF3, 0x75, 0xBF, 0x36, 0xED, 0x75, 0x66, 0x4D, 0xBF, 0x86, 0xFF,
    0x45, 0xAF, 0x81, 0x7E, 0xF3, 0x44, 0x28, 0xBA, 0xA2, 0xFF, 0xCF, 0xB7, 0x19, 0x14, 0x1D, 0xFF,
    0x46, 0xA4, 0x4B, 0xB4, 0x3A, 0xFB, 0xB2, 0x83, 0xCD, 0x30, 0xA1, 0x75, 0xE1, 0x27, 0xFE, 0x01,
    0xB5, 0xD2, 0x81, 0xA6, 0xE4, 0x66, 0x1C, 0x86, 0xF1, 0xDF, 0x24, 0xBB, 0xE7, 0x20, 0x6C, 0x60,
    0x0B, 0xBB, 0xBA, 0x01, 0xA8, 0xE2, 0x04, 0x80, 0xDA, 0x99, 0xF9, 0x7A, 0x07, 0x85, 0x01, 0xBD,
    0x81, 0x2A, 0x0A, 0x60, 0xD1, 0xD9, 0x84, 0xBD, 0x81, 0x73, 0x1D, 0x53, 0x58, 0x14, 0x8B, 0x6C,
    0x13, 0xA0, 0x80, 0xA6, 0x28, 0x00, 0x41, 0x8B, 0x82, 0x13, 0xA4, 0x04, 0x67, 0xE6, 0x6B, 0xCC,
    0x4C, 0xA1, 0xA0, 0x50, 0xFE, 0xCF, 0x1B, 0xAF, 0xF7, 0x49, 0x40, 0x40, 0x83, 0x36, 0x50, 0xF4,
    0x24, 0x23, 0xCF, 0x1B, 0x49, 0x3C, 0xCA, 0x63, 0xB4, 0x0D, 0x95, 0xBD, 0x22, 0x34, 0xF2, 0x7A,
    0x92, 0x9D, 0x99, 0x17, 0x96, 0x1E, 0xF6, 0x4A, 0x65, 0xFD, 0x71, 0xF1, 0x66, 0xAB, 0xD8, 0x03,
    0x4F, 0x03, 0xED, 0xF1, 0x7D, 0x1A, 0xE3, 0x9C, 0x0F, 0xC5, 0x50, 0xD4, 0xE5, 0xB8, 0xD5, 0x8E,
    0x9B, 0xE4, 0xAF, 0x69, 0x93, 0xFF, 0x3A, 0x6D, 0xB6, 0x5F, 0x4E, 0xE5, 0x31, 0x19, 0x8B, 0xE9,
    0x76, 0xC8, 0xA7, 0xB2, 0xDB, 0xC6, 0x18, 0x3E, 0xAD, 0x66, 0x40, 0x80, 0x01, 0xAB, 0x11, 0xE9,
    0x6C, 0x89, 0x47, 0x64, 0x47, 0xE4, 0x05, 0xCA, 0x3C, 0xB0, 0xCE, 0x3A, 0x9A, 0xB4, 0x67, 0x4A,
    0x46, 0xCB, 0x4D, 0x96, 0xD2, 0xC8, 0x3A, 0x6B, 0x8B, 0x50, 0x2A, 0x2C, 0xCF, 0xE5, 0xDB, 0xB1,
    0xAB, 0x96, 0xE8, 0x3F, 0x3F, 0x1C, 0x0E, 0x75, 0xF5, 0x4F, 0xED, 0xD2, 0xD1, 0xEC, 0x7F, 0x8E,
    0x32, 0x3E, 0x6E, 0xE3, 0xE3, 0x9E, 0x92, 0xBC, 0x93, 0x0E, 0xCC, 0x5C, 0xFA, 0xDA, 0xC5, 0xCA,
    0x3A, 0x25, 0x7B, 0x16, 0x73, 0xF1, 0x77, 0xBB, 0x9D, 0x18, 0x63, 0x68, 0x63, 0x44, 0xDA, 0x91,
    0xD5, 0xE4, 0xB8, 0xC3, 0x6B, 0xBC, 0xC1, 0xC8, 0x6A, 0xB8, 0xCC, 0xB7, 0xD7, 0xF9, 0xD5, 0x7F,
    0x9B, 0x3F, 0x83, 0xB7, 0xED, 0x1E, 0x0E, 0x81, 0x24, 0xD6, 0xA4, 0xE7, 0xE8, 0x91, 0x75, 0xC8,
    0x3B, 0x14, 0x01, 0x25, 0x6C, 0x60, 0xCF, 0x37, 0x9A, 0xA5, 0x98, 0x29, 0x57, 0x23, 0x45, 0x32,
    0x92, 0xBF, 0xEB, 0xC9, 0x7E, 0xEE, 0x48, 0x7F, 0xE9, 0x48, 0x1E, 0x02, 0xAB, 0x08, 0x27, 0xF8,
    0x08, 0xCF, 0x71, 0x3B, 0x29, 0xEF, 0xCB, 0x93, 0x38, 0xED, 0x8B, 0x77, 0x43, 0xF3, 0x21, 0x89,
    0x61, 0x3D, 0x3A, 0xBA, 0x9B, 0x9C, 0xDC, 0x7D, 0x48, 0x1F, 0xEA, 0xF5, 0x32, 0xFC, 0xD1, 0x9C,
    0x95, 0x9B, 0xDF, 0x15, 0x35, 0x2F, 0x02, 0xED, 0x68, 0x15, 0x07, 0xE9, 0x48, 0xDA, 0x73, 0xDB,
    0x5D, 0xC8, 0x16, 0xF2, 0xFA, 0x4A, 0xA0, 0x40, 0x79, 0x65, 0x73, 0x65, 0x8D, 0xEF, 0xD1, 0xF0,
    0xC5, 0x4C, 0x3B, 0x52, 0x75, 0xC0, 0xCB, 0xFA, 0x69, 0x75, 0x7C, 0xF5, 0x63, 0x75, 0x74, 0x33,
    0x61, 0x3B, 0x3C, 0xFB, 0x29, 0x7E, 0xF7, 0xBE, 0x78, 0xE4, 0x2B, 0xCB, 0xAD, 0x46, 0x69, 0xFF,
    0xED, 0x0F, 0x7F, 0xC6, 0x18, 0x0F, 0xED, 0xC1, 0x6B, 0xDE, 0x68, 0xE3, 0x69, 0xA9, 0x5F, 0xFF,
    0xB6, 0xCB, 0x82, 0x9C, 0x27, 0xF0, 0x82, 0x24, 0x52, 0xCD, 0x5E, 0x9E, 0x82, 0xAA, 0xA7, 0x9A,
    0xB8, 0x89, 0x3D, 0xC5, 0x09, 0x6F, 0xC1, 0x27, 0xBB, 0x5D, 0xA8, 0x2E, 0x7F, 0x5D, 0xF7, 0x0C,
    0xC5, 0xD9, 0xB9, 0xBF, 0x3A, 0x6D, 0x27, 0x89, 0x9D, 0x76, 0x96, 0x9F, 0x82, 0xFC, 0x9E, 0x27,
    0xFF, 0x7A, 0xE7, 0x6F, 0x63, 0x60, 0x60, 0x70, 0x60, 0x10, 0x61, 0xFE, 0xC0, 0xF4, 0xBF, 0xFD,
    0x03, 0xFB, 0x7F, 0xE7, 0x07, 0xDC, 0x07, 0x19, 0x18, 0xF8, 0x0F, 0x40, 0xF0, 0xFF, 0xFF, 0xCC,
    0x0F, 0x40, 0x38, 0xFE, 0x2A, 0xF3, 0x03, 0xFE, 0x03, 0xC4, 0x61, 0x06, 0x11, 0xA6, 0x06, 0xA0,
    0x59, 0x17, 0xD8, 0xFF, 0xBB, 0x5F, 0xE0, 0x3E, 0xC8, 0x7E, 0x81, 0xFF, 0x00, 0x04, 0xFF, 0xFF,
    0x0F, 0xC1, 0xF1, 0x57, 0x41, 0x7C, 0xE2, 0x30, 0x00,
};

static const EpdGlyph lexenddeca_12_regularGlyphs[] = {
    { 0, 0, 111, 0, 0, 0, 0 }, // U+000D
    { 0, 0, 112, 0, 0, 0, 0 }, // U+0020
    { 4, 19, 94, 1, 18, 19, 0 }, // !
    { 10, 7, 165, 0, 18, 18, 19 }, // "
    { 17, 18, 271, 0, 18, 77, 37 }, // #
    { 14, 23, 250, 1, 20, 81, 114 }, // $
    { 19, 19, 336, 1, 18, 91, 195 }, // %
    { 17, 19, 296, 1, 18, 81, 286 }, // &
    { 5, 7, 82, 0, 18, 9, 367 }, // '
    { 8, 23, 146, 1, 18, 46, 376 }, // (
    { 9, 23, 146, 0, 18, 52, 422 }, // )
    { 9, 9, 155, 0, 18, 21, 474 }, // *
    { 13, 13, 236, 1, 14, 43, 495 }, // +
    { 5, 8, 107, 1, 3, 10, 538 }, // ,
    { 8, 4, 158, 1, 9, 8, 548 }, // -
    { 4, 5, 91, 1, 4, 5, 556 }, // .
    { 14, 22, 223, 0, 18, 77, 561 }, // /
    { 14, 19, 243, 1, 18, 67, 638 }, // 0
    { 9, 18, 200, 2, 18, 41, 705 }, // 1
    { 12, 18, 219, 1, 18, 54, 746 }, // 2
    { 13, 19, 212, 0, 18, 62, 800 }, // 3
    { 15, 18, 248, 0, 18, 68, 862 }, // 4
    { 13, 19, 227, 0, 18, 62, 930 }, // 5
    { 13, 18, 223, 1, 18, 59, 992 }, // 6
    { 12, 18, 217, 1, 18, 54, 1051 }, // 7
    { 13, 19, 232, 1, 18, 62, 1105 }, // 8
    { 13, 18, 220, 0, 18, 59, 1167 }, // 9
    { 4, 15, 91, 1, 14, 15, 1226 }, // :
    { 5, 19, 105, 1, 14, 24, 1241 }, // ;
    { 11, 13, 210, 1, 13, 36, 1265 }, // <
    { 12, 8, 226, 1, 11, 24, 1301 }, // =
    { 11, 13, 210, 1, 13, 36, 1325 }, // >
    { 12, 19, 204, 0, 18, 57, 1361 }, // ?
    { 23, 23, 386, 1, 18, 133, 1418 }, // @
    { 17, 18, 280, 0, 18, 77, 1551 }, // A
    { 14, 18, 272, 2, 18, 63, 1628 }, // B
    { 16, 19, 272, 1, 18, 76, 1691 }, // C
    { 16, 18, 299, 2, 18, 72, 1767 }, // D
    { 12, 18, 246, 2, 18, 54, 1839 }, // E
    { 12, 18, 241, 2, 18, 54, 1893 }, // F
    { 18, 19, 306, 1, 18, 86, 1947 }, // G
    { 15, 18, 304, 2, 18, 68, 2033 }, // H
    { 10, 18, 191, 1, 18, 45, 2101 }, // I
    { 14, 19, 257, 1, 18, 67, 2146 }, // J
    { 16, 18, 293, 2, 18, 72, 2213 }, // K
    { 12, 18, 240, 2, 18, 54, 2285 }, // L
    { 18, 18, 346, 2, 18, 81, 2339 }, // M
    { 16, 18, 317, 2, 18, 72, 2420 }, // N
    { 18, 19, 313, 1, 18, 86, 2492 }, // O
    { 13, 18, 254, 2, 18, 59, 2578 }, // P
    { 18, 21, 313, 1, 18, 95, 2637 }, // Q
    { 15, 19, 278, 2, 18, 72, 2732 }, // R
    { 14, 19, 250, 1, 18, 67, 2804 }, // S
    { 14, 18, 230, 0, 18, 63, 2871 }, // T
    { 15, 19, 296, 2, 18, 72, 2934 }, // U
    { 18, 18, 286, 0, 18, 81, 3006 }, // V
    { 25, 18, 398, 0, 18, 113, 3087 }, // W
    { 17, 18, 274, 0, 18, 77, 3200 }, // X
    { 17, 18, 264, 0, 18, 77, 3277 }, // Y
    { 15, 18, 264, 1, 18, 68, 3354 }, // Z
    { 7, 23, 161, 2, 18, 41, 3422 }, // [
    { 13, 21, 223, 1, 18, 69, 3463 }, // <backslash>
    { 8, 23, 161, 1, 18, 46, 3532 }, // ]
    { 14, 10, 232, 0, 19, 35, 3578 }, // ^
    { 15, 2, 276, 1, -2, 8, 3613 }, // _
    { 6, 5, 200, 3, 20, 8, 3621 }, // `
    { 15, 15, 253, 0, 14, 57, 3629 }, // a
    { 14, 20, 252, 1, 19, 70, 3686 }, // b
    { 12, 15, 214, 1, 14, 45, 3756 }, // c
    { 14, 20, 254, 1, 19, 70, 3801 }, // d
    { 13, 15, 234, 1, 14, 49, 3871 }, // e
    { 9, 19, 157, 1, 19, 43, 3920 }, // f
    { 14, 20, 260, 1, 14, 70, 3963 }, // g
    { 13, 19, 238, 1, 19, 62, 4033 }, // h
    { 5, 20, 111, 1, 20, 25, 4095 }, // i
    { 7, 25, 106, -1, 20, 44, 4120 }, // j
    { 13, 19, 227, 1, 19, 62, 4164 }, // k
    { 4, 19, 100, 1, 19, 19, 4226 }, // l
    { 21, 14, 368, 1, 14, 74, 4245 }, // m
    { 13, 14, 238, 1, 14, 46, 4319 }, // n
    { 14, 15, 246, 1, 14, 53, 4365 }, // o
    { 14, 20, 252, 1, 14, 70, 4418 }, // p
    { 13, 20, 252, 1, 14, 65, 4488 }, // q
    { 9, 14, 161, 1, 14, 32, 4553 }, // r
    { 10, 15, 192, 1, 14, 38, 4585 }, // s
    { 10, 17, 154, 0, 17, 43, 4623 }, // t
    { 13, 15, 242, 1, 14, 49, 4666 }, // u
    { 14, 14, 229, 0, 14, 49, 4715 }, // v
    { 20, 14, 320, 0, 14, 70, 4764 }, // w
    { 14, 14, 225, 0, 14, 49, 4834 }, // x
    { 15, 20, 232, 0, 14, 75, 4883 }, // y
    { 10, 14, 194, 1, 14, 35, 4958 }, // z
    { 9, 23, 164, 1, 18, 52, 4993 }, // {
    { 4, 24, 92, 1, 19, 24, 5045 }, // |
    { 10, 23, 164, 0, 18, 58, 5069 }, // }
    { 11, 5, 204, 1, 10, 14, 5127 }, // ~
    { 0, 0, 112, 0, 0, 0, 0 }, // U+00A0
    { 4, 19, 94, 1, 14, 19, 0 }, // U+00A1
    { 12, 18, 214, 1, 18, 54, 19 }, // U+00A2
    { 15, 19, 244, 0, 18, 72, 73 }, // U+00A3
    { 12, 12, 220, 1, 14, 36, 145 }, // U+00A4
    { 17, 18, 264, 0, 18, 77, 181 }, // U+00A5
    { 4, 25, 96, 1, 19, 25, 258 }, // U+00A6
    { 12, 22, 220, 1, 18, 66, 283 }, // U+00A7
    { 9, 4, 200, 2, 20, 9, 349 }, // U+00A8
    { 19, 19, 314, 0, 18, 91, 358 }, // U+00A9
    { 9, 10, 146, 0, 19, 23, 449 }, // U+00AA
    { 12, 11, 194, 0, 12, 33, 472 }, // U+00AB
    { 15, 9, 268, 1, 11, 34, 505 }, // U+00AC
    { 8, 4, 158, 1, 9, 8, 539 }, // U+00AD
    { 13, 12, 203, 0, 18, 39, 547 }, // U+00AE
    { 8, 2, 170, 2, 18, 4, 586 }, // U+00AF
    { 9, 9, 213, 2, 18, 21, 590 }, // U+00B0
    { 13, 15, 233, 1, 14, 49, 611 }, // U+00B1
    { 7, 10, 138, 1, 20, 18, 660 }, // U+00B2
    { 7, 10, 137, 1, 20, 18, 678 }, // U+00B3
    { 6, 5, 200, 3, 20, 8, 696 }, // U+00B4
    { 11, 18, 234, 2, 14, 50, 704 }, // U+00B5
    { 15, 18, 285, 1, 18, 68, 754 }, // U+00B6
    { 4, 5, 91, 1, 11, 5, 822 }, // U+00B7
    { 6, 8, 200, 3, 1, 12, 827 }, // U+00B8
    { 5, 10, 112, 1, 20, 13, 839 }, // U+00B9
    { 9, 9, 142, 0, 18, 21, 852 }, // U+00BA
    { 11, 11, 196, 1, 12, 31, 873 }, // U+00BB
    { 18, 19, 317, 1, 18, 86, 904 }, // U+00BC
    { 18, 18, 314, 1, 18, 81, 990 }, // U+00BD
    { 19, 19, 316, 0, 18, 91, 1071 }, // U+00BE
    { 12, 19, 204, 0, 14, 57, 1162 }, // U+00BF
    { 17, 23, 280, 0, 23, 98, 1219 }, // U+00C0
    { 17, 23, 280, 0, 23, 98, 1317 }, // U+00C1
    { 17, 23, 280, 0, 23, 98, 1415 }, // U+00C2
    { 17, 23, 280, 0, 23, 98, 1513 }, // U+00C3
    { 17, 23, 280, 0, 23, 98, 1611 }, // U+00C4
    { 17, 23, 280, 0, 23, 98, 1709 }, // U+00C5
    { 23, 18, 388, 0, 18, 104, 1807 }, // U+00C6
    { 16, 25, 272, 1, 18, 100, 1911 }, // U+00C7
    { 12, 23, 246, 2, 23, 69, 2011 }, // U+00C8
    { 12, 23, 246, 2, 23, 69, 2080 }, // U+00C9
    { 12, 23, 246, 2, 23, 69, 2149 }, // U+00CA
    { 12, 23, 246, 2, 23, 69, 2218 }, // U+00CB
    { 10, 23, 191, 1, 23, 58, 2287 }, // U+00CC
    { 10, 23, 191, 1, 23, 58, 2345 }, // U+00CD
    { 10, 23, 191, 1, 23, 58, 2403 }, // U+00CE
    { 10, 23, 191, 1, 23, 58, 2461 }, // U+00CF
    { 17, 18, 299, 1, 18, 77, 2519 }, // U+00D0
    { 16, 23, 317, 2, 23, 92, 2596 }, // U+00D1
    { 18, 24, 313, 1, 23, 108, 2688 }, // U+00D2
    { 18, 24, 313, 1, 23, 108, 2796 }, // U+00D3
    { 18, 24, 313, 1, 23, 108, 2904 }, // U+00D4
    { 18, 24, 313, 1, 23, 108, 3012 }, // U+00D5
    { 18, 24, 313, 1, 23, 108, 3120 }, // U+00D6
    { 12, 12, 194, 0, 13, 36, 3228 }, // U+00D7
    { 18, 20, 308, 1, 19, 90, 3264 }, // U+00D8
    { 15, 24, 296, 2, 23, 90, 3354 }, // U+00D9
    { 15, 24, 296, 2, 23, 90, 3444 }, // U+00DA
    { 15, 24, 296, 2, 23, 90, 3534 }, // U+00DB
    { 15, 24, 296, 2, 23, 90, 3624 }, // U+00DC
    { 17, 23, 264, 0, 23, 98, 3714 }, // U+00DD
    { 13, 18, 254, 2, 18, 59, 3812 }, // U+00DE
    { 15, 20, 266, 1, 19, 75, 3871 }, // U+00DF
    { 15, 21, 253, 0, 20, 79, 3946 }, // U+00E0
    { 15, 21, 253, 0, 20, 79, 4025 }, // U+00E1
    { 15, 20, 253, 0, 19, 75, 4104 }, // U+00E2
    { 15, 20, 253, 0, 19, 75, 4179 }, // U+00E3
    { 15, 21, 253, 0, 20, 79, 4254 }, // U+00E4
    { 15, 22, 253, 0, 21, 83, 4333 }, // U+00E5
    { 22, 15, 360, 0, 14, 83, 4416 }, // U+00E6
    { 12, 21, 214, 1, 14, 63, 4499 }, // U+00E7
    { 13, 21, 234, 1, 20, 69, 4562 }, // U+00E8
    { 13, 21, 234, 1, 20, 69, 4631 }, // U+00E9
    { 13, 20, 234, 1, 19, 65, 4700 }, // U+00EA
    { 13, 21, 234, 1, 20, 69, 4765 }, // U+00EB
    { 7, 20, 97, -1, 20, 35, 4834 }, // U+00EC
    { 6, 20, 97, 0, 20, 30, 4869 }, // U+00ED
    { 8, 19, 97, -1, 19, 38, 4899 }, // U+00EE
    { 10, 20, 97, -2, 20, 50, 4937 }, // U+00EF
    { 13, 20, 230, 1, 19, 65, 4987 }, // U+00F0
    { 13, 19, 238, 1, 19, 62, 5052 }, // U+00F1
    { 14, 21, 246, 1, 20, 74, 5114 }, // U+00F2
    { 14, 21, 246, 1, 20, 74, 5188 }, // U+00F3
    { 14, 20, 246, 1, 19, 70, 5262 }, // U+00F4
    { 14, 20, 246, 1, 19, 70, 5332 }, // U+00F5
    { 14, 21, 246, 1, 20, 74, 5402 }, // U+00F6
    { 13, 13, 239, 1, 13, 43, 5476 }, // U+00F7
    { 14, 15, 246, 1, 14, 53, 5519 }, // U+00F8
    { 13, 21, 242, 1, 20, 69, 5572 }, // U+00F9
    { 13, 21, 242, 1, 20, 69, 5641 }, // U+00FA
    { 13, 20, 242, 1, 19, 65, 5710 }, // U+00FB
    { 13, 21, 242, 1, 20, 69, 5775 }, // U+00FC
    { 15, 26, 232, 0, 20, 98, 5844 }, // U+00FD
    { 14, 25, 252, 1, 19, 88, 5942 }, // U+00FE
    { 15, 26, 232, 0, 20, 98, 6030 }, // U+00FF
    { 17, 22, 280, 0, 22, 94, 0 }, // U+0100
    { 15, 19, 253, 0, 18, 72, 94 }, // U+0101
    { 17, 23, 280, 0, 23, 98, 166 }, // U+0102
    { 15, 20, 253, 0, 19, 75, 264 }, // U+0103
    { 18, 23, 280, 0, 18, 104, 339 }, // U+0104
    { 15, 19, 253, 0, 14, 72, 443 }, // U+0105
    { 16, 24, 272, 1, 23, 96, 515 }, // U+0106
    { 12, 21, 214, 1, 20, 63, 611 }, // U+0107
    { 16, 24, 272, 1, 23, 96, 674 }, // U+0108
    { 12, 20, 214, 1, 19, 60, 770 }, // U+0109
    { 16, 24, 272, 1, 23, 96, 830 }, // U+010A
    { 12, 21, 214, 1, 20, 63, 926 }, // U+010B
    { 16, 24, 272, 1, 23, 96, 989 }, // U+010C
    { 12, 20, 214, 1, 19, 60, 1085 }, // U+010D
    { 16, 23, 299, 2, 23, 92, 1145 }, // U+010E
    { 19, 20, 261, 1, 19, 95, 1237 }, // U+010F
    { 17, 18, 299, 1, 18, 77, 1332 }, // U+0110
    { 15, 20, 254, 1, 19, 75, 1409 }, // U+0111
    { 12, 22, 246, 2, 22, 66, 1484 }, // U+0112
    { 13, 19, 234, 1, 18, 62, 1550 }, // U+0113
    { 12, 23, 246, 2, 23, 69, 1612 }, // U+0114
    { 13, 20, 234, 1, 19, 65, 1681 }, // U+0115
    { 12, 23, 246, 2, 23, 69, 1746 }, // U+0116
    { 13, 21, 234, 1, 20, 69, 1815 }, // U+0117
    { 12, 23, 246, 2, 18, 69, 1884 }, // U+0118
    { 13, 19, 234, 1, 14, 62, 1953 }, // U+0119
    { 12, 23, 246, 2, 23, 69, 2015 }, // U+011A
    { 13, 20, 234, 1, 19, 65, 2084 }, // U+011B
    { 18, 24, 306, 1, 23, 108, 2149 }, // U+011C
    { 14, 25, 260, 1, 19, 88, 2257 }, // U+011D
    { 18, 24, 306, 1, 23, 108, 2345 }, // U+011E
    { 14, 25, 260, 1, 19, 88, 2453 }, // U+011F
    { 18, 24, 306, 1, 23, 108, 2541 }, // U+0120
    { 14, 26, 260, 1, 20, 91, 2649 }, // U+0121
    { 18, 25, 306, 1, 18, 113, 2740 }, // U+0122
    { 14, 27, 260, 1, 21, 95, 2853 }, // U+0123
    { 15, 23, 304, 2, 23, 87, 2948 }, // U+0124
    { 13, 24, 238, 1, 24, 78, 3035 }, // U+0125
    { 19, 18, 343, 1, 18, 86, 3113 }, // U+0126
    { 14, 19, 238, 0, 19, 67, 3199 }, // U+0127
    { 10, 23, 191, 1, 23, 58, 3266 }, // U+0128
    { 10, 19, 97, -2, 19, 48, 3324 }, // U+0129
    { 10, 22, 191, 1, 22, 55, 3372 }, // U+012A
    { 8, 18, 97, -1, 18, 36, 3427 }, // U+012B
    { 10, 23, 191, 1, 23, 58, 3463 }, // U+012C
    { 10, 19, 97, -2, 19, 48, 3521 }, // U+012D
    { 10, 23, 191, 1, 18, 58, 3569 }, // U+012E
    { 6, 25, 97, -1, 20, 38, 3627 }, // U+012F
    { 10, 23, 191, 1, 23, 58, 3665 }, // U+0130
    { 4, 14, 97, 1, 14, 14, 3723 }, // U+0131
    { 26, 19, 448, 1, 18, 124, 3737 }, // U+0132
    { 12, 25, 217, 1, 20, 75, 3861 }, // U+0133
    { 14, 24, 257, 1, 23, 84, 3936 }, // U+0134
    { 9, 24, 105, -1, 19, 54, 4020 }, // U+0135
    { 16, 25, 293, 2, 18, 100, 4074 }, // U+0136
    { 13, 26, 227, 1, 19, 85, 4174 }, // U+0137
    { 13, 15, 222, 1, 14, 49, 4259 }, // U+0138
    { 13, 23, 240, 1, 23, 75, 4308 }, // U+0139
    { 7, 24, 100, 0, 24, 42, 4383 }, // U+013A
    { 12, 25, 240, 2, 18, 75, 4425 }, // U+013B
    { 4, 26, 100, 1, 19, 26, 4500 }, // U+013C
    { 12, 18, 240, 2, 18, 54, 4526 }, // U+013D
    { 9, 19, 108, 1, 19, 43, 4580 }, // U+013E
    { 12, 18, 240, 2, 18, 54, 4623 }, // U+013F
    { 9, 19, 140, 1, 19, 43, 4677 }, // U+0140
    { 14, 18, 255, 1, 18, 63, 4720 }, // U+0141
    { 8, 19, 101, -1, 19, 38, 4783 }, // U+0142
    { 16, 23, 317, 2, 23, 92, 4821 }, // U+0143
    { 13, 20, 238, 1, 20, 65, 4913 }, // U+0144
    { 16, 25, 317, 2, 18, 100, 4978 }, // U+0145
    { 13, 21, 238, 1, 14, 69, 5078 }, // U+0146
    { 16, 23, 317, 2, 23, 92, 5147 }, // U+0147
    { 13, 19, 238, 1, 19, 62, 5239 }, // U+0148
    { 17, 18, 254, -2, 18, 77, 5301 }, // U+0149
    { 16, 23, 317, 2, 18, 92, 5378 }, // U+014A
    { 13, 19, 238, 1, 14, 62, 5470 }, // U+014B
    { 18, 23, 313, 1, 22, 104, 5532 }, // U+014C
    { 14, 19, 246, 1, 18, 67, 5636 }, // U+014D
    { 18, 24, 313, 1, 23, 108, 5703 }, // U+014E
    { 14, 20, 246, 1, 19, 70, 5811 }, // U+014F
    { 18, 25, 313, 1, 24, 113, 5881 }, // U+0150
    { 14, 21, 246, 1, 20, 74, 5994 }, // U+0151
    { 23, 18, 411, 1, 18, 104, 6068 }, // U+0152
    { 24, 15, 407, 1, 14, 90, 6172 }, // U+0153
    { 15, 24, 278, 2, 23, 90, 6262 }, // U+0154
    { 9, 20, 161, 1, 20, 45, 6352 }, // U+0155
    { 15, 25, 278, 2, 18, 94, 6397 }, // U+0156
    { 9, 21, 161, 1, 14, 48, 6491 }, // U+0157
    { 15, 24, 278, 2, 23, 90, 6539 }, // U+0158
    { 9, 19, 161, 1, 19, 43, 6629 }, // U+0159
    { 14, 24, 250, 1, 23, 84, 6672 }, // U+015A
    { 10, 21, 192, 1, 20, 53, 6756 }, // U+015B
    { 14, 24, 250, 1, 23, 84, 6809 }, // U+015C
    { 10, 20, 192, 1, 19, 50, 6893 }, // U+015D
    { 14, 25, 250, 1, 18, 88, 6943 }, // U+015E
    { 10, 21, 192, 1, 14, 53, 7031 }, // U+015F
    { 14, 24, 250, 1, 23, 84, 7084 }, // U+0160
    { 10, 20, 192, 1, 19, 50, 7168 }, // U+0161
    { 14, 25, 230, 0, 18, 88, 7218 }, // U+0162
    { 10, 24, 154, 0, 17, 60, 7306 }, // U+0163
    { 14, 23, 230, 0, 23, 81, 7366 }, // U+0164
    { 11, 21, 154, 0, 21, 58, 7447 }, // U+0165
    { 14, 18, 230, 0, 18, 63, 7505 }, // U+0166
    { 10, 17, 154, 0, 17, 43, 7568 }, // U+0167
    { 15, 24, 296, 2, 23, 90, 7611 }, // U+0168
    { 13, 20, 242, 1, 19, 65, 7701 }, // U+0169
    { 15, 23, 296, 2, 22, 87, 7766 }, // U+016A
    { 13, 19, 242, 1, 18, 62, 7853 }, // U+016B
    { 15, 24, 296, 2, 23, 90, 7915 }, // U+016C
    { 13, 20, 242, 1, 19, 65, 8005 }, // U+016D
    { 15, 24, 296, 2, 23, 90, 8070 }, // U+016E
    { 13, 22, 242, 1, 21, 72, 8160 }, // U+016F
    { 15, 25, 296, 2, 24, 94, 8232 }, // U+0170
    { 13, 21, 242, 1, 20, 69, 8326 }, // U+0171
    { 15, 23, 296, 2, 18, 87, 8395 }, // U+0172
    { 13, 19, 242, 1, 14, 62, 8482 }, // U+0173
    { 25, 23, 398, 0, 23, 144, 8544 }, // U+0174
    { 20, 19, 320, 0, 19, 95, 8688 }, // U+0175
    { 17, 23, 264, 0, 23, 98, 8783 }, // U+0176
    { 15, 25, 232, 0, 19, 94, 8881 }, // U+0177
    { 17, 23, 264, 0, 23, 98, 8975 }, // U+0178
    { 15, 23, 264, 1, 23, 87, 9073 }, // U+0179
    { 10, 20, 194, 1, 20, 50, 9160 }, // U+017A
    { 15, 23, 264, 1, 23, 87, 9210 }, // U+017B
    { 10, 20, 194, 1, 20, 50, 9297 }, // U+017C
    { 15, 23, 264, 1, 23, 87, 9347 }, // U+017D
    { 10, 19, 194, 1, 19, 48, 9434 }, // U+017E
    { 18, 22, 313, 1, 21, 99, 0 }, // U+01A0
    { 14, 17, 246, 1, 16, 60, 99 }, // U+01A1
    { 18, 22, 296, 2, 21, 99, 159 }, // U+01AF
    { 15, 17, 242, 1, 16, 64, 258 }, // U+01B0
    { 31, 23, 545, 2, 23, 179, 322 }, // U+01C4
    { 28, 19, 492, 2, 19, 133, 501 }, // U+01C5
    { 26, 20, 447, 1, 19, 130, 634 }, // U+01C6
    { 28, 19, 496, 2, 18, 133, 764 }, // U+01C7
    { 19, 25, 346, 2, 20, 119, 897 }, // U+01C8
    { 11, 25, 201, 1, 20, 69, 1016 }, // U+01C9
    { 33, 19, 574, 2, 18, 157, 1085 }, // U+01CA
    { 24, 25, 423, 2, 20, 150, 1242 }, // U+01CB
    { 20, 25, 344, 1, 20, 125, 1392 }, // U+01CC
    { 17, 23, 280, 0, 23, 98, 1517 }, // U+01CD
    { 15, 20, 253, 0, 19, 75, 1615 }, // U+01CE
    { 10, 23, 191, 1, 23, 58, 1690 }, // U+01CF
    { 8, 19, 97, -1, 19, 38, 1748 }, // U+01D0
    { 18, 24, 313, 1, 23, 108, 1786 }, // U+01D1
    { 14, 20, 246, 1, 19, 70, 1894 }, // U+01D2
    { 15, 24, 296, 2, 23, 90, 1964 }, // U+01D3
    { 13, 20, 242, 1, 19, 65, 2054 }, // U+01D4
    { 18, 24, 306, 1, 23, 108, 2119 }, // U+01E6
    { 14, 25, 260, 1, 19, 88, 2227 }, // U+01E7
    { 18, 23, 313, 1, 18, 104, 2315 }, // U+01EA
    { 14, 19, 246, 1, 14, 67, 2419 }, // U+01EB
    { 31, 18, 545, 2, 18, 140, 2486 }, // U+01F1
    { 28, 18, 492, 2, 18, 126, 2626 }, // U+01F2
    { 17, 27, 280, 0, 27, 115, 2752 }, // U+01FA
    { 15, 27, 253, 0, 26, 102, 2867 }, // U+01FB
    { 23, 23, 388, 0, 23, 133, 2969 }, // U+01FC
    { 22, 21, 360, 0, 20, 116, 3102 }, // U+01FD
    { 18, 24, 308, 1, 23, 108, 3218 }, // U+01FE
    { 14, 21, 246, 1, 20, 74, 3326 }, // U+01FF
    { 17, 24, 280, 0, 24, 102, 3400 }, // U+0200
    { 15, 21, 253, 0, 20, 79, 3502 }, // U+0201
    { 17, 23, 280, 0, 23, 98, 3581 }, // U+0202
    { 15, 21, 253, 0, 20, 79, 3679 }, // U+0203
    { 13, 24, 246, 1, 24, 78, 3758 }, // U+0204
    { 14, 21, 234, 0, 20, 74, 3836 }, // U+0205
    { 12, 23, 246, 2, 23, 69, 3910 }, // U+0206
    { 13, 21, 234, 1, 20, 69, 3979 }, // U+0207
    { 12, 24, 191, -1, 24, 72, 4048 }, // U+0208
    { 11, 20, 97, -4, 20, 55, 4120 }, // U+0209
    { 10, 23, 191, 1, 23, 58, 4175 }, // U+020A
    { 10, 20, 97, -2, 20, 50, 4233 }, // U+020B
    { 18, 25, 313, 1, 24, 113, 4283 }, // U+020C
    { 15, 21, 246, 0, 20, 79, 4396 }, // U+020D
    { 18, 24, 313, 1, 23, 108, 4475 }, // U+020E
    { 14, 21, 246, 1, 20, 74, 4583 }, // U+020F
    { 16, 25, 278, 1, 24, 100, 4657 }, // U+0210
    { 11, 20, 161, -1, 20, 55, 4757 }, // U+0211
    { 15, 24, 278, 2, 23, 90, 4812 }, // U+0212
    { 10, 20, 161, 1, 20, 50, 4902 }, // U+0213
    { 15, 25, 296, 2, 24, 94, 4952 }, // U+0214
    { 14, 21, 242, 0, 20, 74, 5046 }, // U+0215
    { 15, 24, 296, 2, 23, 90, 5120 }, // U+0216
    { 13, 21, 242, 1, 20, 69, 5210 }, // U+0217
    { 14, 25, 250, 1, 18, 88, 5279 }, // U+0218
    { 10, 21, 192, 1, 14, 53, 5367 }, // U+0219
    { 14, 25, 230, 0, 18, 88, 5420 }, // U+021A
    { 10, 24, 154, 0, 17, 60, 5508 }, // U+021B
    { 6, 5, 0, 3, 20, 8, 0 }, // U+0300
    { 6, 5, 0, 3, 20, 8, 8 }, // U+0301
    { 9, 4, 0, 2, 19, 9, 16 }, // U+0302
    { 9, 4, 0, 2, 19, 9, 25 }, // U+0303
    { 8, 2, 0, 2, 18, 4, 34 }, // U+0304
    { 9, 5, 0, 2, 19, 12, 38 }, // U+0306
    { 4, 4, 0, 4, 20, 4, 50 }, // U+0307
    { 9, 4, 0, 2, 20, 9, 54 }, // U+0308
    { 6, 6, 0, 3, 20, 9, 63 }, // U+0309
    { 6, 6, 0, 3, 21, 9, 72 }, // U+030A
    { 11, 5, 0, 1, 20, 14, 81 }, // U+030B
    { 8, 4, 0, 2, 19, 8, 95 }, // U+030C
    { 11, 5, 0, 1, 20, 14, 103 }, // U+030F
    { 9, 6, 0, 2, 20, 14, 117 }, // U+0311
    { 5, 6, 0, 4, 21, 8, 131 }, // U+0312
    { 5, 6, 0, 4, 16, 8, 139 }, // U+031B
    { 4, 5, 0, 4, -1, 5, 147 }, // U+0323
    { 9, 5, 0, 2, -1, 12, 152 }, // U+0324
    { 5, 6, 0, 4, -1, 8, 164 }, // U+0326
    { 6, 8, 0, 3, 1, 12, 172 }, // U+0327
    { 6, 7, 0, 3, 2, 11, 184 }, // U+0328
    { 9, 5, 0, 2, -1, 12, 195 }, // U+032E
    { 8, 3, 0, 2, -2, 6, 207 }, // U+0331
    { 8, 3, 0, 2, 9, 6, 213 }, // U+0335
    { 17, 24, 280, 0, 18, 102, 0 }, // U+1EA0
    { 15, 20, 253, 0, 14, 75, 102 }, // U+1EA1
    { 17, 24, 280, 0, 24, 102, 177 }, // U+1EA2
    { 15, 21, 253, 0, 20, 79, 279 }, // U+1EA3
    { 17, 27, 280, 0, 27, 115, 358 }, // U+1EA4
    { 16, 25, 253, 0, 24, 100, 473 }, // U+1EA5
    { 17, 27, 280, 0, 27, 115, 573 }, // U+1EA6
    { 15, 25, 253, 0, 24, 94, 688 }, // U+1EA7
    { 17, 27, 280, 0, 27, 115, 782 }, // U+1EA8
    { 15, 25, 253, 0, 24, 94, 897 }, // U+1EA9
    { 17, 27, 280, 0, 27, 115, 991 }, // U+1EAA
    { 15, 25, 253, 0, 24, 94, 1106 }, // U+1EAB
    { 17, 29, 280, 0, 23, 124, 1200 }, // U+1EAC
    { 15, 25, 253, 0, 19, 94, 1324 }, // U+1EAD
    { 17, 27, 280, 0, 27, 115, 1418 }, // U+1EAE
    { 15, 25, 253, 0, 24, 94, 1533 }, // U+1EAF
    { 17, 27, 280, 0, 27, 115, 1627 }, // U+1EB0
    { 15, 25, 253, 0, 24, 94, 1742 }, // U+1EB1
    { 17, 27, 280, 0, 27, 115, 1836 }, // U+1EB2
    { 15, 25, 253, 0, 24, 94, 1951 }, // U+1EB3
    { 17, 27, 280, 0, 27, 115, 2045 }, // U+1EB4
    { 15, 25, 253, 0, 24, 94, 2160 }, // U+1EB5
    { 17, 29, 280, 0, 23, 124, 2254 }, // U+1EB6
    { 15, 25, 253, 0, 19, 94, 2378 }, // U+1EB7
    { 12, 24, 246, 2, 18, 72, 2472 }, // U+1EB8
    { 13, 20, 234, 1, 14, 65, 2544 }, // U+1EB9
    { 12, 24, 246, 2, 24, 72, 2609 }, // U+1EBA
    { 13, 21, 234, 1, 20, 69, 2681 }, // U+1EBB
    { 12, 23, 246, 2, 23, 69, 2750 }, // U+1EBC
    { 13, 20, 234, 1, 19, 65, 2819 }, // U+1EBD
    { 14, 27, 246, 2, 27, 95, 2884 }, // U+1EBE
    { 14, 25, 234, 1, 24, 88, 2979 }, // U+1EBF
    { 12, 27, 246, 2, 27, 81, 3067 }, // U+1EC0
    { 13, 25, 234, 1, 24, 82, 3148 }, // U+1EC1
    { 13, 27, 246, 2, 27, 88, 3230 }, // U+1EC2
    { 14, 25, 234, 1, 24, 88, 3318 }, // U+1EC3
    { 12, 27, 246, 2, 27, 81, 3406 }, // U+1EC4
    { 13, 25, 234, 1, 24, 82, 3487 }, // U+1EC5
    { 12, 29, 246, 2, 23, 87, 3569 }, // U+1EC6
    { 13, 25, 234, 1, 19, 82, 3656 }, // U+1EC7
    { 10, 24, 191, 1, 24, 60, 3738 }, // U+1EC8
    { 6, 20, 97, 0, 20, 30, 3798 }, // U+1EC9
    { 10, 24, 191, 1, 18, 60, 3828 }, // U+1ECA
    { 5, 26, 111, 1, 20, 33, 3888 }, // U+1ECB
    { 18, 24, 313, 1, 18, 108, 3921 }, // U+1ECC
    { 14, 20, 246, 1, 14, 70, 4029 }, // U+1ECD
    { 18, 25, 313, 1, 24, 113, 4099 }, // U+1ECE
    { 14, 21, 246, 1, 20, 74, 4212 }, // U+1ECF
    { 18, 28, 313, 1, 27, 126, 4286 }, // U+1ED0
    { 14, 25, 246, 1, 24, 88, 4412 }, // U+1ED1
    { 18, 28, 313, 1, 27, 126, 4500 }, // U+1ED2
    { 14, 25, 246, 1, 24, 88, 4626 }, // U+1ED3
    { 18, 28, 313, 1, 27, 126, 4714 }, // U+1ED4
    { 14, 25, 246, 1, 24, 88, 4840 }, // U+1ED5
    { 18, 28, 313, 1, 27, 126, 4928 }, // U+1ED6
    { 14, 25, 246, 1, 24, 88, 5054 }, // U+1ED7
    { 18, 29, 313, 1, 23, 131, 5142 }, // U+1ED8
    { 14, 25, 246, 1, 19, 88, 5273 }, // U+1ED9
    { 18, 24, 313, 1, 23, 108, 5361 }, // U+1EDA
    { 14, 21, 246, 1, 20, 74, 5469 }, // U+1EDB
    { 18, 24, 313, 1, 23, 108, 5543 }, // U+1EDC
    { 14, 21, 246, 1, 20, 74, 5651 }, // U+1EDD
    { 18, 25, 313, 1, 24, 113, 5725 }, // U+1EDE
    { 14, 21, 246, 1, 20, 74, 5838 }, // U+1EDF
    { 18, 24, 313, 1, 23, 108, 5912 }, // U+1EE0
    { 14, 20, 246, 1, 19, 70, 6020 }, // U+1EE1
    { 18, 27, 313, 1, 21, 122, 6090 }, // U+1EE2
    { 14, 22, 246, 1, 16, 77, 6212 }, // U+1EE3
    { 15, 24, 296, 2, 18, 90, 6289 }, // U+1EE4
    { 13, 20, 242, 1, 14, 65, 6379 }, // U+1EE5
    { 15, 25, 296, 2, 24, 94, 6444 }, // U+1EE6
    { 13, 21, 242, 1, 20, 69, 6538 }, // U+1EE7
    { 18, 24, 296, 2, 23, 108, 6607 }, // U+1EE8
    { 15, 21, 242, 1, 20, 79, 6715 }, // U+1EE9
    { 18, 24, 296, 2, 23, 108, 6794 }, // U+1EEA
    { 15, 21, 242, 1, 20, 79, 6902 }, // U+1EEB
    { 18, 25, 296, 2, 24, 113, 6981 }, // U+1EEC
    { 15, 21, 242, 1, 20, 79, 7094 }, // U+1EED
    { 18, 24, 296, 2, 23, 108, 7173 }, // U+1EEE
    { 15, 20, 242, 1, 19, 75, 7281 }, // U+1EEF
    { 18, 27, 296, 2, 21, 122, 7356 }, // U+1EF0
    { 15, 22, 242, 1, 16, 83, 7478 }, // U+1EF1
    { 17, 23, 264, 0, 23, 98, 7561 }, // U+1EF2
    { 15, 26, 232, 0, 20, 98, 7659 }, // U+1EF3
    { 17, 24, 264, 0, 18, 102, 7757 }, // U+1EF4
    { 15, 20, 232, 0, 14, 75, 7859 }, // U+1EF5
    { 17, 24, 264, 0, 24, 102, 7934 }, // U+1EF6
    { 15, 26, 232, 0, 20, 98, 8036 }, // U+1EF7
    { 17, 23, 264, 0, 23, 98, 8134 }, // U+1EF8
    { 15, 25, 232, 0, 19, 94, 8232 }, // U+1EF9
    { 0, 0, 220, 0, 0, 0, 0 }, // U+2007
    { 0, 0, 104, 0, 0, 0, 0 }, // U+2008
    { 0, 0, 82, 0, 0, 0, 0 }, // U+2009
    { 0, 0, 41, 0, 0, 0, 0 }, // U+200A
    { 0, 0, 0, 0, 0, 0, 0 }, // U+200B
    { 8, 4, 158, 1, 9, 8, 0 }, // U+2010
    { 11, 4, 206, 1, 9, 11, 8 }, // U+2012
    { 11, 4, 206, 1, 9, 11, 19 }, // U+2013
    { 20, 4, 347, 1, 9, 20, 30 }, // U+2014
    { 20, 4, 347, 1, 9, 20, 50 }, // U+2015
    { 5, 7, 96, 1, 19, 9, 70 }, // U+2018
    { 6, 8, 96, 0, 19, 12, 79 }, // U+2019
    { 5, 8, 107, 1, 3, 10, 91 }, // U+201A
    { 10, 7, 179, 1, 19, 18, 101 }, // U+201C
    { 11, 8, 178, 0, 19, 22, 119 }, // U+201D
    { 11, 8, 197, 1, 3, 22, 141 }, // U+201E
    { 9, 14, 176, 1, 19, 32, 163 }, // U+2020
    { 8, 15, 162, 1, 19, 30, 195 }, // U+2021
    { 8, 8, 138, 0, 13, 16, 225 }, // U+2022
    { 13, 5, 242, 1, 4, 17, 241 }, // U+2026
    { 28, 19, 476, 1, 18, 133, 258 }, // U+2030
    { 10, 7, 165, 0, 18, 18, 391 }, // U+2033
    { 6, 11, 109, 0, 12, 17, 409 }, // U+2039
    { 6, 11, 110, 1, 12, 17, 426 }, // U+203A
    { 15, 18, 242, 0, 18, 68, 443 }, // U+2044
    { 9, 10, 146, 0, 20, 23, 0 }, // U+2070
    { 8, 10, 156, 1, 20, 20, 23 }, // U+2074
    { 7, 10, 143, 1, 20, 18, 43 }, // U+2075
    { 8, 10, 137, 0, 20, 20, 61 }, // U+2076
    { 7, 9, 130, 1, 20, 16, 81 }, // U+2077
    { 7, 10, 141, 1, 20, 18, 97 }, // U+2078
    { 8, 10, 133, 0, 20, 20, 115 }, // U+2079
    { 9, 10, 146, 0, 4, 23, 135 }, // U+2080
    { 5, 10, 112, 1, 4, 13, 158 }, // U+2081
    { 7, 10, 138, 1, 5, 18, 171 }, // U+2082
    { 7, 10, 137, 1, 4, 18, 189 }, // U+2083
    { 8, 10, 156, 1, 4, 20, 207 }, // U+2084
    { 7, 10, 143, 1, 4, 18, 227 }, // U+2085
    { 8, 10, 137, 0, 4, 20, 245 }, // U+2086
    { 7, 9, 130, 1, 4, 16, 265 }, // U+2087
    { 7, 10, 141, 1, 4, 18, 281 }, // U+2088
    { 8, 10, 133, 0, 4, 20, 299 }, // U+2089
    { 18, 25, 272, 0, 21, 113, 0 }, // U+20A1
    { 14, 18, 241, 0, 18, 63, 113 }, // U+20A3
    { 15, 19, 244, 0, 18, 72, 176 }, // U+20A4
    { 20, 18, 318, 0, 18, 90, 248 }, // U+20A6
    { 17, 18, 316, 2, 18, 77, 338 }, // U+20A7
    { 25, 18, 398, 0, 18, 113, 415 }, // U+20A9
    { 11, 18, 196, 1, 18, 50, 528 }, // U+20AB
    { 15, 19, 258, 0, 18, 72, 578 }, // U+20AC
    { 19, 18, 304, 0, 18, 86, 650 }, // U+20AD
    { 17, 18, 318, 2, 18, 77, 736 }, // U+20B1
    { 18, 24, 306, 1, 20, 108, 813 }, // U+20B2
    { 16, 23, 272, 1, 20, 92, 921 }, // U+20B5
    { 12, 19, 216, 1, 18, 57, 1013 }, // U+20B9
    { 14, 19, 244, 0, 18, 67, 1070 }, // U+20BA
    { 15, 21, 304, 2, 21, 79, 1137 }, // U+20BC
    { 16, 18, 291, 2, 18, 72, 1216 }, // U+20BD
    { 13, 20, 236, 1, 19, 65, 0 }, // U+2202
    { 15, 15, 246, 0, 14, 57, 65 }, // U+2205
    { 18, 18, 284, 0, 18, 81, 122 }, // U+2206
    { 17, 23, 283, 0, 18, 98, 203 }, // U+220F
    { 11, 17, 209, 1, 17, 47, 301 }, // U+2211
    { 13, 3, 232, 1, 9, 10, 348 }, // U+2212
    { 14, 22, 220, 0, 19, 77, 358 }, // U+2215
    { 4, 5, 98, 1, 10, 5, 435 }, // U+2219
    { 17, 22, 274, 0, 18, 94, 440 }, // U+221A
    { 20, 10, 347, 1, 11, 50, 534 }, // U+221E
    { 15, 23, 221, 0, 19, 87, 584 }, // U+222B
    { 12, 9, 224, 1, 11, 27, 671 }, // U+2248
    { 12, 14, 226, 1, 14, 42, 698 }, // U+2260
    { 14, 13, 251, 1, 13, 46, 740 }, // U+2264
    { 14, 13, 251, 1, 13, 46, 786 }, // U+2265
    { 15, 20, 268, 1, 20, 75, 0 }, // U+FB01
    { 14, 19, 258, 1, 19, 67, 75 }, // U+FB02
};

static const EpdUnicodeInterval lexenddeca_12_regularIntervals[] = {
    { 0xD, 0xD, 0x0 },
    { 0x20, 0x7E, 0x1 },
    { 0xA0, 0x17E, 0x60 },
    { 0x1A0, 0x1A1, 0x13F },
    { 0x1AF, 0x1B0, 0x141 },
    { 0x1C4, 0x1D4, 0x143 },
    { 0x1E6, 0x1E7, 0x154 },
    { 0x1EA, 0x1EB, 0x156 },
    { 0x1F1, 0x1F2, 0x158 },
    { 0x1FA, 0x21B, 0x15A },
    { 0x300, 0x304, 0x17C },
    { 0x306, 0x30C, 0x181 },
    { 0x30F, 0x30F, 0x188 },
    { 0x311, 0x312, 0x189 },
    { 0x31B, 0x31B, 0x18B },
    { 0x323, 0x324, 0x18C },
    { 0x326, 0x328, 0x18E },
    { 0x32E, 0x32E, 0x191 },
    { 0x331, 0x331, 0x192 },
    { 0x335, 0x335, 0x193 },
    { 0x1EA0, 0x1EF9, 0x194 },
    { 0x2007, 0x200B, 0x1EE },
    { 0x2010, 0x2010, 0x1F3 },
    { 0x2012, 0x2015, 0x1F4 },
    { 0x2018, 0x201A, 0x1F8 },
    { 0x201C, 0x201E, 0x1FB },
    { 0x2020, 0x2022, 0x1FE },
    { 0x2026, 0x2026, 0x201 },
    { 0x2030, 0x2030, 0x202 },
    { 0x2033, 0x2033, 0x203 },
    { 0x2039, 0x203A, 0x204 },
    { 0x2044, 0x2044, 0x206 },
    { 0x2070, 0x2070, 0x207 },
    { 0x2074, 0x2079, 0x208 },
    { 0x2080, 0x2089, 0x20E },
    { 0x20A1, 0x20A1, 0x218 },
    { 0x20A3, 0x20A4, 0x219 },
    { 0x20A6, 0x20A7, 0x21B },
    { 0x20A9, 0x20A9, 0x21D },
    { 0x20AB, 0x20AD, 0x21E },
    { 0x20B1, 0x20B2, 0x221 },
    { 0x20B5, 0x20B5, 0x223 },
    { 0x20B9, 0x20BA, 0x224 },
    { 0x20BC, 0x20BD, 0x226 },
    { 0x2202, 0x2202, 0x228 },
    { 0x2205, 0x2206, 0x229 },
    { 0x220F, 0x220F, 0x22B },
    { 0x2211, 0x2212, 0x22C },
    { 0x2215, 0x2215, 0x22E },
    { 0x2219, 0x221A, 0x22F },
    { 0x221E, 0x221E, 0x231 },
    { 0x222B, 0x222B, 0x232 },
    { 0x2248, 0x2248, 0x233 },
    { 0x2260, 0x2260, 0x234 },
    { 0x2264, 0x2265, 0x235 },
    { 0xFB01, 0xFB02, 0x237 },
};

static const EpdFontGroup lexenddeca_12_regularGroups[] = {
    { 0, 2628, 5808, 96, 0 },
    { 2628, 2182, 6835, 96, 96 },
    { 4810, 2711, 10553, 127, 192 },
    { 7521, 1991, 6087, 61, 319 },
    { 9512, 215, 272, 24, 380 },
    { 9727, 1360, 9344, 90, 404 },
    { 11087, 343, 565, 25, 494 },
    { 11430, 181, 356, 17, 519 },
    { 11611, 757, 1390, 16, 536 },
    { 12368, 468, 926, 15, 552 },
    { 12836, 69, 156, 2, 567 },
};

static const uint16_t lexenddeca_12_regularKernLeftCodepoints[] = {
    0x0026, 0x0028, 0x002A, 0x002C, 0x002E, 0x002F, 0x0030, 0x0031, 0x0032, 0x0033, 0x0034, 0x0035,
    0x0036, 0x0037, 0x0038, 0x0039, 0x003C, 0x003E, 0x003F, 0x0040, 0x0041, 0x0042, 0x0043, 0x0044,
    0x0045, 0x0046, 0x0047, 0x0049, 0x004A, 0x004B, 0x004C, 0x004F, 0x0050, 0x0051, 0x0052, 0x0053,
    0x0054, 0x0055, 0x0056, 0x0057, 0x0058, 0x0059, 0x005A, 0x005B, 0x005C, 0x005F, 0x0061, 0x0062,
    0x0063, 0x0064, 0x0065, 0x0066, 0x0067, 0x0068, 0x0069, 0x006A, 0x006B, 0x006C, 0x006D, 0x006E,
    0x006F, 0x0070, 0x0071, 0x0072, 0x0073, 0x0074, 0x0075, 0x0076, 0x0077, 0x0078, 0x0079, 0x007A,
    0x007B, 0x007D, 0x00A1, 0x00A3, 0x00B7, 0x00BF, 0x00C0, 0x00C1, 0x00C2, 0x00C3, 0x00C4, 0x00C5,
    0x00C6, 0x00C8, 0x00C9, 0x00CA, 0x00CB, 0x00D0, 0x00D2, 0x00D3, 0x00D4, 0x00D5, 0x00D6, 0x00D8,
    0x00D9, 0x00DA, 0x00DB, 0x00DC, 0x00DD, 0x00DE, 0x00DF, 0x00E0, 0x00E1, 0x00E2, 0x00E3, 0x00E4,
    0x00E5, 0x00E7, 0x00E8, 0x00E9, 0x00EA, 0x00EB, 0x00EC, 0x00ED, 0x00EE, 0x00EF, 0x00F0, 0x00F1,
    0x00F2, 0x00F3, 0x00F4, 0x00F5, 0x00F6, 0x00F8, 0x00F9, 0x00FA, 0x00FB, 0x00FC, 0x00FD, 0x00FE,
    0x00FF, 0x0100, 0x0101, 0x0102, 0x0103, 0x0104, 0x0105, 0x0107, 0x0109, 0x010B, 0x010D, 0x010E,
    0x010F, 0x0110, 0x0111, 0x0112, 0x0113, 0x0114, 0x0115, 0x0116, 0x0117, 0x0118, 0x0119, 0x011A,
    0x011B, 0x011C, 0x011D, 0x011E, 0x011F, 0x0120, 0x0121, 0x0122, 0x0123, 0x0125, 0x0127, 0x0129,
    0x012B, 0x012D, 0x012F, 0x0131, 0x0132, 0x0133, 0x0134, 0x0135, 0x0136, 0x0137, 0x0138, 0x0139,
    0x013A, 0x013B, 0x013C, 0x013D, 0x013E, 0x013F, 0x0140, 0x0141, 0x0142, 0x0144, 0x0146, 0x0148,
    0x0149, 0x014B, 0x014C, 0x014D, 0x014E, 0x014F, 0x0150, 0x0151, 0x0152, 0x0153, 0x0154, 0x0155,
    0x0156, 0x0157, 0x0158, 0x0159, 0x015A, 0x015B, 0x015C, 0x015D, 0x015E, 0x015F, 0x0160, 0x0161,
    0x0162, 0x0163, 0x0164, 0x0165, 0x0166, 0x0167, 0x0168, 0x0169, 0x016A, 0x016B, 0x016C, 0x016D,
    0x016E, 0x016F, 0x0170, 0x0171, 0x0172, 0x0173, 0x0174, 0x0175, 0x0176, 0x0177, 0x0178, 0x0179,
    0x017A, 0x017B, 0x017C, 0x017D, 0x017E, 0x01A0, 0x01A1, 0x01AF, 0x01B0, 0x01C4, 0x01C5, 0x01C6,
    0x01C7, 0x01C8, 0x01C9, 0x01CA, 0x01CB, 0x01CC, 0x01CD, 0x01CE, 0x01D0, 0x01D1, 0x01D2, 0x01D3,
    0x01D4, 0x01E6, 0x01E7, 0x01EA, 0x01EB, 0x01F1, 0x01F2, 0x01FA, 0x01FB, 0x01FC, 0x01FE, 0x01FF,
    0x0200, 0x0201, 0x0202, 0x0203, 0x0204, 0x0205, 0x0206, 0x0207, 0x0209, 0x020B, 0x020C, 0x020D,
    0x020E, 0x020F, 0x0210, 0x0211, 0x0212, 0x0213, 0x0214, 0x0215, 0x0216, 0x0217, 0x0218, 0x0219,
    0x021A, 0x021B, 0x1EA0, 0x1EA1, 0x1EA2, 0x1EA3, 0x1EA4, 0x1EA5, 0x1EA6, 0x1EA7, 0x1EA8, 0x1EA9,
    0x1EAA, 0x1EAB, 0x1EAC, 0x1EAD, 0x1EAE, 0x1EAF, 0x1EB0, 0x1EB1, 0x1EB2, 0x1EB3, 0x1EB4, 0x1EB5,
    0x1EB6, 0x1EB7, 0x1EB8, 0x1EB9, 0x1EBA, 0x1EBB, 0x1EBC, 0x1EBD, 0x1EBE, 0x1EBF, 0x1EC0, 0x1EC1,
    0x1EC2, 0x1EC3, 0x1EC4, 0x1EC5, 0x1EC6, 0x1EC7, 0x1EC9, 0x1ECB, 0x1ECC, 0x1ECD, 0x1ECE, 0x1ECF,
    0x1ED0, 0x1ED1, 0x1ED2, 0x1ED3, 0x1ED4, 0x1ED5, 0x1ED6, 0x1ED7, 0x1ED8, 0x1ED9, 0x1EDA, 0x1EDB,
    0x1EDC, 0x1EDD, 0x1EDE, 0x1EDF, 0x1EE0, 0x1EE1, 0x1EE2, 0x1EE3, 0x1EE4, 0x1EE5, 0x1EE6, 0x1EE7,
    0x1EE8, 0x1EE9, 0x1EEA, 0x1EEB, 0x1EEC, 0x1EED, 0x1EEE, 0x1EEF, 0x1EF0, 0x1EF1, 0x1EF2, 0x1EF3,
    0x1EF4, 0x1EF5, 0x1EF6, 0x1EF7, 0x1EF8, 0x1EF9, 0x2018, 0x2019, 0x201C, 0x201D, 0x2022, 0x2206,
    0x221E, 0x222B, 0xFB01, 0xFB02,
};

static const uint8_t lexenddeca_12_regularKernLeftClassIds[] = {
      1,   2,   3,   4,   5,   6,   7,   8,   9,  10,  11,  12,  13,  14,  15,  16,
     17,  18,  19,  20,  21,  22,  23,  24,  25,  26,  27,  28,  29,  30,  31,  24,
     32,  33,  34,  35,  36,  37,  38,  39,  40,  41,  42,  43,  44,  45,  46,  47,
     48,  49,  50,  51,  52,  53,  54,  55,  56,  57,  53,  53,  47,  47,  58,  59,
     60,  61,  62,  63,  64,  65,  66,  67,  68,  69,  70,  71,  72,  73,  21,  21,
     21,  21,  21,  21,  25,  25,  25,  25,  25,  24,  24,  24,  24,  24,  24,  24,
     37,  37,  37,  37,  41,  74,  75,  46,  46,  46,  46,  46,  46,  48,  50,  50,
     50,  50,  54,  54,  54,  54,  76,  53,  47,  47,  47,  47,  47,  47,  62,  62,
     62,  62,  66,  47,  66,  21,  46,  21,  46,  21,  46,  48,  48,  48,  48,  24,
     77,  24,  49,  25,  50,  25,  50,  25,  50,  25,  50,  25,  50,  27,  78,  27,
     78,  27,  78,  27,  78,  53,  53,  54,  54,  54,  54,  54,  29,  55,  29,  55,
     30,  56,  56,  31,  57,  31,  57,  31,  77,  31,  57,  31,  57,  53,  53,  53,
     53,  53,  24,  47,  24,  47,  24,  47,  25,  50,  79,  59,  79,  59,  79,  59,
     35,  60,  35,  60,  35,  60,  35,  60,  36,  61,  36,  61,  36,  61,  37,  62,
     37,  62,  37,  62,  37,  62,  37,  62,  37,  62,  39,  64,  41,  66,  41,  42,
     67,  42,  67,  42,  67,  24,  47,  37,  62,  42,  67,  67,  29,  55,  57,  29,
     55,  55,  21,  46,  54,  24,  47,  37,  62,  27,  78,  24,  47,  42,  67,  21,
     46,  25,  24,  47,  21,  46,  21,  46,  25,  50,  25,  50,  54,  54,  24,  47,
     24,  47,  79,  59,  79,  59,  37,  62,  37,  62,  35,  60,  36,  61,  21,  46,
     21,  46,  21,  46,  21,  46,  21,  46,  21,  46,  21,  46,  21,  46,  21,  46,
     21,  46,  21,  46,  21,  46,  25,  50,  25,  50,  25,  50,  25,  50,  25,  50,
     25,  50,  25,  50,  25,  50,  54,  54,  24,  47,  24,  47,  24,  47,  24,  47,
     24,  47,  24,  47,  24,  47,  24,  47,  24,  47,  24,  47,  24,  47,  24,  47,
     37,  62,  37,  62,  37,  62,  37,  62,  37,  62,  37,  62,  37,  62,  41,  66,
     41,  66,  41,  66,  41,  66,  80,  81,  82,  83,  84,  85,  86,  87,  54,  57,
};

static const uint16_t lexenddeca_12_regularKernRightCodepoints[] = {
    0x0021, 0x0026, 0x0029, 0x002A, 0x002C, 0x002D, 0x002E, 0x002F, 0x0030, 0x0031, 0x0032, 0x0034,
    0x0036, 0x0037, 0x0038, 0x0039, 0x003C, 0x003F, 0x0040, 0x0041, 0x0042, 0x0043, 0x0044, 0x0045,
    0x0046, 0x0047, 0x0048, 0x0049, 0x004A, 0x004B, 0x004C, 0x004D, 0x004E, 0x004F, 0x0050, 0x0051,
    0x0052, 0x0053, 0x0054, 0x0055, 0x0056, 0x0057, 0x0058, 0x0059, 0x005A, 0x005B, 0x005C, 0x005D,
    0x005F, 0x0061, 0x0062, 0x0063, 0x0064, 0x0065, 0x0066, 0x0067, 0x0068, 0x006A, 0x006B, 0x006C,
    0x006D, 0x006E, 0x006F, 0x0070, 0x0071, 0x0072, 0x0073, 0x0074, 0x0075, 0x0076, 0x0077, 0x0078,
    0x0079, 0x007A, 0x007B, 0x007D, 0x00A1, 0x00B7, 0x00BF, 0x00C0, 0x00C1, 0x00C2, 0x00C3, 0x00C4,
    0x00C5, 0x00C6, 0x00C7, 0x00C8, 0x00C9, 0x00CA, 0x00CB, 0x00D0, 0x00D1, 0x00D2, 0x00D3, 0x00D4,
    0x00D5, 0x00D6, 0x00D8, 0x00D9, 0x00DA, 0x00DB, 0x00DC, 0x00DD, 0x00DE, 0x00DF, 0x00E0, 0x00E1,
    0x00E2, 0x00E3, 0x00E4, 0x00E5, 0x00E7, 0x00E8, 0x00E9, 0x00EA, 0x00EB, 0x00F0, 0x00F1, 0x00F2,
    0x00F3, 0x00F4, 0x00F5, 0x00F6, 0x00F8, 0x00F9, 0x00FA, 0x00FB, 0x00FC, 0x00FD, 0x00FE, 0x00FF,
    0x0100, 0x0101, 0x0102, 0x0103, 0x0104, 0x0105, 0x0106, 0x0107, 0x0108, 0x0109, 0x010A, 0x010B,
    0x010C, 0x010D, 0x010E, 0x010F, 0x0110, 0x0111, 0x0112, 0x0113, 0x0114, 0x0115, 0x0116, 0x0117,
    0x0118, 0x0119, 0x011A, 0x011B, 0x011C, 0x011D, 0x011E, 0x011F, 0x0120, 0x0121, 0x0122, 0x0123,
    0x0124, 0x0125, 0x0127, 0x0134, 0x0135, 0x0136, 0x0137, 0x0138, 0x0139, 0x013A, 0x013B, 0x013C,
    0x013D, 0x013E, 0x013F, 0x0140, 0x0141, 0x0142, 0x0143, 0x0144, 0x0145, 0x0146, 0x0147, 0x0148,
    0x014A, 0x014B, 0x014C, 0x014D, 0x014E, 0x014F, 0x0150, 0x0151, 0x0152, 0x0153, 0x0154, 0x0155,
    0x0156, 0x0157, 0x0158, 0x0159, 0x015A, 0x015B, 0x015C, 0x015D, 0x015E, 0x015F, 0x0160, 0x0161,
    0x0162, 0x0163, 0x0164, 0x0165, 0x0166, 0x0167, 0x0168, 0x0169, 0x016A, 0x016B, 0x016C, 0x016D,
    0x016E, 0x016F, 0x0170, 0x0171, 0x0172, 0x0173, 0x0174, 0x0175, 0x0176, 0x0177, 0x0178, 0x0179,
    0x017A, 0x017B, 0x017C, 0x017D, 0x017E, 0x01A0, 0x01A1, 0x01AF, 0x01B0, 0x01C4, 0x01C5, 0x01C6,
    0x01C7, 0x01C8, 0x01C9, 0x01CA, 0x01CB, 0x01CC, 0x01CD, 0x01CE, 0x01D1, 0x01D2, 0x01D3, 0x01D4,
    0x01E6, 0x01E7, 0x01EA, 0x01EB, 0x01F1, 0x01F2, 0x01FA, 0x01FB, 0x01FC, 0x01FE, 0x01FF, 0x0200,
    0x0201, 0x0202, 0x0203, 0x0204, 0x0205, 0x0206, 0x0207, 0x020C, 0x020D, 0x020E, 0x020F, 0x0210,
    0x0211, 0x0212, 0x0213, 0x0214, 0x0215, 0x0216, 0x0217, 0x0218, 0x0219, 0x021A, 0x021B, 0x1EA0,
    0x1EA1, 0x1EA2, 0x1EA3, 0x1EA4, 0x1EA5, 0x1EA6, 0x1EA7, 0x1EA8, 0x1EA9, 0x1EAA, 0x1EAB, 0x1EAC,
    0x1EAD, 0x1EAE, 0x1EAF, 0x1EB0, 0x1EB1, 0x1EB2, 0x1EB3, 0x1EB4, 0x1EB5, 0x1EB6, 0x1EB7, 0x1EB8,
    0x1EB9, 0x1EBA, 0x1EBB, 0x1EBC, 0x1EBD, 0x1EBE, 0x1EBF, 0x1EC0, 0x1EC1, 0x1EC2, 0x1EC3, 0x1EC4,
    0x1EC5, 0x1EC6, 0x1EC7, 0x1ECC, 0x1ECD, 0x1ECE, 0x1ECF, 0x1ED0, 0x1ED1, 0x1ED2, 0x1ED3, 0x1ED4,
    0x1ED5, 0x1ED6, 0x1ED7, 0x1ED8, 0x1ED9, 0x1EDA, 0x1EDB, 0x1EDC, 0x1EDD, 0x1EDE, 0x1EDF, 0x1EE0,
    0x1EE1, 0x1EE2, 0x1EE3, 0x1EE4, 0x1EE5, 0x1EE6, 0x1EE7, 0x1EE8, 0x1EE9, 0x1EEA, 0x1EEB, 0x1EEC,
    0x1EED, 0x1EEE, 0x1EEF, 0x1EF0, 0x1EF1, 0x1EF2, 0x1EF3, 0x1EF4, 0x1EF5, 0x1EF6, 0x1EF7, 0x1EF8,
    0x1EF9, 0x2013, 0x2014, 0x2018, 0x2019, 0x201C, 0x201D, 0x2022, 0x2206, 0x222B, 0xFB01, 0xFB02,
};

static const uint8_t lexenddeca_12_regularKernRightClassIds[] = {
      1,   2,   3,   4,   5,   6,   7,   8,   9,  10,  11,  12,  13,  14,  15,  16,
     17,  18,  19,  20,  21,  22,  21,  21,  21,  22,  21,  23,  24,  21,  21,  21,
     21,  22,  21,  22,  21,  25,  26,  27,  28,  29,  30,  31,  32,  33,  34,  35,
     36,  37,  38,  37,  37,  37,  39,  40,  38,  41,  38,  38,  42,  42,  37,  43,
     37,  42,  44,  45,  46,  47,  48,  49,  50,  51,  33,  52,  53,  54,  55,  56,
     56,  56,  56,  56,  56,  57,  22,  21,  21,  21,  21,  21,  21,  22,  22,  22,
     22,  22,  22,  27,  27,  27,  27,  58,  21,  59,  37,  37,  37,  37,  37,  37,
     37,  37,  37,  37,  37,  60,  42,  37,  37,  37,  37,  37,  37,  46,  46,  46,
     46,  50,  61,  50,  56,  37,  56,  37,  56,  37,  22,  37,  22,  37,  22,  37,
     22,  37,  21,  37,  21,  37,  21,  37,  21,  37,  21,  37,  21,  37,  21,  37,
     22,  40,  22,  40,  22,  40,  22,  40,  21,  38,  38,  24,  41,  21,  38,  38,
     21,  38,  21,  38,  21,  38,  21,  38,  21,  38,  21,  42,  21,  42,  21,  42,
     21,  42,  22,  37,  22,  37,  22,  37,  22,  37,  21,  42,  21,  42,  21,  42,
     25,  44,  25,  44,  25,  44,  25,  44,  62,  45,  62,  45,  62,  45,  27,  46,
     27,  46,  27,  46,  27,  46,  27,  46,  27,  46,  63,  48,  58,  50,  58,  32,
     51,  32,  51,  32,  51,  22,  37,  27,  46,  21,  21,  37,  21,  21,  38,  21,
     21,  42,  56,  37,  22,  37,  27,  46,  22,  40,  22,  37,  21,  21,  56,  37,
     57,  22,  37,  56,  37,  56,  37,  21,  37,  21,  37,  22,  37,  22,  37,  21,
     42,  21,  42,  27,  46,  27,  46,  25,  44,  62,  45,  56,  37,  56,  37,  56,
     37,  56,  37,  56,  37,  56,  37,  56,  37,  56,  37,  56,  37,  56,  37,  56,
     37,  56,  37,  21,  37,  21,  37,  21,  37,  21,  37,  21,  37,  21,  37,  21,
     37,  21,  37,  22,  37,  22,  37,  22,  37,  22,  37,  22,  37,  22,  37,  22,
     37,  22,  37,  22,  37,  22,  37,  22,  37,  22,  37,  27,  46,  27,  46,  27,
     46,  27,  46,  27,  46,  27,  46,  27,  46,  58,  50,  58,  50,  58,  50,  58,
     50,  64,  65,  66,  67,  68,  69,  70,  71,  72,  39,  39,
};

static const uint16_t lexenddeca_12_regularKernRowOffsets[] = {
        0,    12,    20,    24,    36,    48,    64,    66,    67,    69,    71,    74,    76,    77,    87,    88,
       90,    91,    94,    98,   100,   128,   142,   145,   164,   171,   192,   204,   205,   232,   254,   279,
      304,   324,   339,   342,   373,   381,   411,   431,   444,   471,   476,   489,   502,   506,   522,   542,
      554,   555,   569,   594,   605,   612,   614,   618,   630,   647,   655,   675,   683,   690,   698,   722,
      742,   757,   774,   781,   797,   810,   811,   814,   817,   820,   853,   876,   899,   902,   913,   927,
      932,   939,   944,   950,   951,   954,   955,   956,
};

static const uint8_t lexenddeca_12_regularKernSparseCols[] = {
      2,  25,  27,  28,  30,  46,  47,  49,  57,  59,  61,  62,  21,  23,  36,  39,
     40,  42,  59,  60,  19,  46,  55,  59,  11,  21,  25,  27,  28,  30,  46,  47,
     49,  57,  61,  62,  11,  21,  25,  27,  28,  30,  46,  47,  49,  57,  61,  62,
      7,   8,   9,  10,  11,  12,  19,  21,  23,  36,  39,  43,  48,  55,  58,  59,
      7,  70,  16,  11,  51,   7,  70,  10,  13,  71,   7,  70,  70,   4,   6,   7,
      9,  10,  11,  12,  14,  16,  70,  70,   7,  70,   9,   9,  10,  13,  19,  23,
     55,  59,  27,  48,   3,   5,  21,  25,  26,  27,  28,  30,  33,  36,  38,  39,
     44,  45,  46,  47,  49,  57,  58,  59,  61,  62,  63,  64,  65,  66,  67,  68,
      2,   7,  25,  27,  28,  29,  30,  37,  39,  48,  57,  60,  61,  62,   2,  66,
     68,   2,   6,   7,  19,  22,  23,  25,  27,  28,  29,  30,  31,  33,  48,  51,
     55,  57,  61,  62,  23,  36,  39,  45,  46,  49,  59,   4,   6,  19,  21,  23,
     24,  25,  29,  36,  39,  41,  42,  43,  45,  46,  48,  50,  55,  56,  59,  61,
      7,  19,  22,  25,  27,  28,  30,  33,  55,  57,  61,  62,  21,   2,   4,   6,
      7,  19,  21,  23,  34,  36,  38,  39,  41,  42,  43,  45,  46,  47,  49,  50,
     51,  55,  58,  59,  65,  66,  67,  68,   5,  21,  23,  24,  26,  27,  28,  30,
     36,  41,  42,  43,  44,  45,  46,  47,  49,  57,  59,  62,  63,  64,   3,   5,
     21,  25,  26,  27,  28,  30,  33,  36,  44,  46,  47,  49,  50,  57,  59,  61,
     62,  63,  64,  65,  66,  67,  68,   4,   6,   7,  19,  23,  28,  29,  31,  33,
     36,  38,  39,  44,  45,  46,  47,  49,  55,  58,  59,  62,  65,  66,  67,  68,
      2,   6,   7,  19,  22,  23,  25,  27,  28,  29,  30,  31,  33,  35,  48,  51,
     55,  57,  61,  62,   5,  21,  23,  25,  26,  27,  30,  33,  36,  45,  57,  59,
     61,  63,  64,  29,  30,  57,   1,   4,   5,   6,   7,  19,  21,  23,  25,  27,
     28,  30,  36,  39,  41,  42,  43,  45,  46,  47,  48,  49,  50,  55,  56,  57,
     59,  61,  62,  63,  64,  19,  23,  24,  29,  30,  48,  55,  57,   1,   4,   6,
      7,  17,  18,  19,  21,  23,  24,  25,  32,  35,  36,  39,  41,  42,  43,  45,
     50,  51,  52,  53,  54,  55,  56,  59,  61,  64,  69,   1,   4,   6,   7,  19,
     21,  23,  24,  25,  32,  36,  39,  41,  42,  45,  51,  55,  59,  61,  64,  21,
     24,  26,  32,  36,  39,  45,  46,  47,  49,  51,  59,  64,   1,   4,   6,   7,
     19,  21,  23,  24,  25,  26,  32,  36,  39,  41,  42,  43,  45,  46,  47,  48,
     49,  50,  51,  55,  59,  61,  64,  21,  36,  45,  46,  59,   9,  10,  19,  23,
     25,  27,  28,  29,  30,  46,  47,  48,  49,  21,  25,  27,  28,  30,  33,  40,
     46,  57,  58,  59,  61,  62,  27,  46,  59,  60,  19,  21,  25,  26,  27,  28,
     30,  33,  45,  46,  47,  49,  55,  57,  61,  62,   2,   7,  25,  27,  28,  29,
     30,  31,  33,  38,  46,  47,  48,  49,  50,  51,  57,  58,  61,  62,  25,  27,
     28,  29,  30,  42,  49,  57,  61,  62,  66,  68,  45,  25,  27,  28,  29,  30,
     33,  39,  46,  47,  48,  49,  57,  61,  62,   2,   3,   7,  19,  25,  27,  28,
     29,  30,  31,  34,  36,  44,  46,  47,  50,  55,  57,  59,  61,  62,  65,  66,
     67,  68,   4,  19,  21,  24,  30,  33,  40,  43,  45,  55,  57,  25,  27,  30,
     33,  49,  57,  61,  25,  61,  25,  26,  40,  61,  21,  30,  33,  36,  37,  39,
     40,  43,  45,  57,  59,  60,  21,  25,  27,  28,  30,  36,  39,  40,  44,  45,
     46,  47,  49,  57,  59,  61,  62,   2,  25,  27,  30,  33,  40,  57,  61,   3,
      4,   6,   7,  19,  25,  29,  32,  36,  39,  40,  44,  46,  47,  51,  55,  59,
     61,  66,  68,  21,  25,  27,  29,  30,  48,  57,  61,   4,  36,  38,  39,  43,
     58,  59,  25,  27,  28,  30,  39,  57,  61,  62,   1,   3,   4,   6,   7,  17,
     19,  25,  29,  30,  31,  32,  35,  36,  39,  43,  44,  46,  51,  54,  55,  57,
     59,  61,   1,   4,   6,   7,  19,  25,  29,  30,  31,  32,  36,  39,  43,  44,
     46,  51,  55,  57,  59,  61,   1,  21,  25,  26,  30,  32,  33,  36,  43,  45,
     51,  53,  57,  59,  61,   1,   6,   7,  19,  25,  29,  30,  31,  32,  36,  39,
     43,  51,  55,  57,  59,  61,  25,  30,  33,  36,  57,  59,  61,   9,  10,  19,
     21,  23,  25,  27,  28,  29,  30,  36,  46,  47,  48,  49,  59,   9,  10,  19,
     23,  25,  27,  28,  29,  30,  46,  47,  48,  49,  27,   8,   9,  11,  27,  48,
     59,  27,  46,  59,   0,   3,   4,   6,   7,  19,  23,  28,  29,  31,  33,  35,
     36,  38,  39,  44,  45,  46,  47,  48,  49,  52,  53,  54,  55,  58,  59,  62,
     65,  66,  67,  68,  69,   2,   3,   7,  25,  27,  28,  29,  30,  31,  33,  35,
     38,  46,  47,  48,  49,  50,  51,  53,  57,  58,  61,  62,   2,   3,   6,   7,
     19,  22,  23,  25,  27,  28,  29,  30,  31,  33,  35,  48,  51,  53,  54,  55,
     57,  61,  62,  20,  37,  60,   4,  19,  21,  24,  30,  33,  40,  43,  45,  55,
     57,   5,  21,  23,  25,  26,  27,  30,  33,  36,  45,  57,  59,  61,  64,  19,
     23,  39,  43,  55,  19,  23,  36,  39,  41,  55,  59,  19,  23,  39,  43,  55,
     19,  23,  36,  39,  55,  59,  27,   8,  14,  15,   9,  11,
};

static const int8_t lexenddeca_12_regularKernSparseValues[] = {
      -6,  -22,  -24,  -16,  -20,  -12,  -12,  -12,  -20,   -4,  -22,  -16,  -12,  -16,  -10,  -10,
      12,   12,  -10,    6,  -30,    2,  -30,  -10,  -10,   -8,  -40,  -48,  -32,  -48,  -32,  -16,
     -16,  -48,  -40,  -32,  -10,   -8,  -40,  -40,  -32,  -48,  -32,  -16,  -16,  -48,  -40,  -32,
     -37,  -20,  -12,  -12,  -24,  -20,  -40,  -16,  -20,  -20,  -20,  -12,   -2,  -40,   -5,  -13,
     -20,  -20,  -16,   -8,    4,  -10,  -12,   -8,   -8,  -24,  -16,   -8,   -8,  -40,  -32,  -48,
      -6,   -8,  -10,   -8,   -8,  -20,  -36,  -12,  -20,  -16,   -8,  -24,  -12,  -20,  -16,  -30,
     -16,   -6,   -2,   -1,  -30,  -20,   -8,  -20,   -8,  -30,  -16,  -32,  -40,   -8,   -8,   -4,
      -2,   -4,  -20,  -18,  -10,  -32,   -8,   -8,  -20,  -16,  -20,  -20,  -52,  -54,  -28,  -30,
      -8,  -16,   -6,   -3,   -2,   -5,   -9,   -1,   -2,   -1,   -9,   -1,   -6,   -2,    8,   16,
      16,  -12,   -8,  -16,   -8,   -6,   -6,  -12,  -12,   -2,  -14,  -14,  -18,  -20,   -4,  -10,
      -8,  -14,  -12,   -2,   -4,   -2,   -4,   -4,   -6,   -4,   -2,  -32,  -32,  -24,   -4,  -48,
      -2,    6,   -2,   -6,   -4,   -4,   -4,   -4,   -6,   -2,   -6,   -2,  -24,  -48,   -6,    6,
     -16,   -4,   -4,  -10,   -6,   -4,  -10,  -20,   -4,  -10,  -10,   -4,   -6,   16,  -28,  -20,
     -20,  -30,  -12,  -20,   12,  -20,  -20,  -20,  -16,  -16,  -16,  -20,  -16,   -8,  -16,   -8,
      16,  -30,  -20,  -20,   24,   32,   24,   32,  -36,  -18,  -12,   -4,   -6,   -2,   -2,    8,
     -18,   -3,   -3,   -2,   -1,   -5,  -16,  -16,  -16,    8,  -18,   -2,  -36,  -36,  -30,  -24,
      -8,  -34,   -8,  -30,  -30,  -48,  -40,   -8,   -2,  -10,   -2,  -16,    8,  -48,   -8,  -34,
     -30,  -24,  -24,  -48,  -40,  -48,  -40,  -52,  -40,  -32,  -26,  -30,    3,   -6,   -6,  -20,
      -4,    3,   -4,    6,   -2,    4,    6,    4,  -26,    3,   -4,    3,   12,   20,   12,   20,
     -12,   -8,  -16,   -8,   -6,   -6,  -12,  -12,   -2,  -14,  -14,  -18,  -20,   -4,   -4,  -10,
      -8,  -14,  -12,   -2,  -24,   -4,  -12,   -8,   -2,  -12,  -20,  -16,   -8,   -4,  -20,   -8,
      -8,  -24,  -24,   -6,   -6,   -6,  -22,  -40,  -40,  -40,  -24,  -20,  -12,  -32,   12,    4,
       4,    4,  -40,  -18,  -24,   -8,  -40,  -40,   -4,  -28,   -6,  -20,  -28,  -20,  -44,    4,
     -40,   12,    4,  -40,  -40,   -8,   -4,   -4,   -4,   -4,   -2,   -8,   -4,  -20,  -48,  -40,
     -32,    3,   -2,  -30,  -12,  -40,   -4,    4,  -40,  -12,  -24,   -8,   -8,   -5,   -6,  -10,
      -2,  -40,   -2,   -5,   -8,  -30,  -48,  -24,    4,  -40,   -3,  -12,  -32,  -32,  -32,  -16,
      -2,  -32,   -4,    4,  -28,  -10,   -8,   -1,   -1,   -4,  -28,  -16,  -10,    4,  -28,  -14,
      -6,   -4,  -32,  -10,   -1,   -4,  -10,   -7,  -10,  -32,  -10,  -32,  -20,  -48,  -48,  -48,
     -32,  -14,  -48,  -10,    4,   -4,  -40,  -32,  -32,   -9,   -8,  -14,   -8,   -4,   -4,   -8,
      -4,   -4,  -40,  -32,  -32,    4,  -48,   -2,   -2,   -2,   -2,   -2,  -16,  -20,  -20,  -44,
     -40,  -40,  -28,  -32,  -48,   -8,   -8,  -16,   -8,  -20,  -24,  -16,  -16,  -32,  -37,   24,
      -3,  -32,   -2,   -9,  -24,  -16,  -12,   -8,  -14,    3,    8,   -8,  -26,   -4,  -11,   -4,
     -21,  -12,   -4,   -5,   -2,   -5,    8,  -21,  -26,   -4,  -10,  -20,  -19,   -9,   -6,   -6,
     -16,   -4,  -20,   -8,   -6,   -8,   -8,   -8,   -4,  -10,  -16,   -8,  -19,   -6,  -12,   -6,
      -4,   -2,  -14,    2,   -6,  -14,  -12,   -4,   12,   12,    6,  -18,   -8,   -4,   -4,  -14,
     -16,   -2,   -4,   -4,   -1,   -4,  -14,  -18,   -4,   12,   12,   -8,   -8,   24,   22,   20,
      20,   20,   20,   16,   -8,    1,    4,    1,    2,   -8,   20,   -8,   24,   20,   12,   16,
      12,   16,   -2,   -6,   -4,   -2,   -6,  -12,    4,   -4,   -3,   -6,   -6,  -12,  -12,  -10,
     -16,   -2,  -10,  -12,  -12,  -12,  -12,   -4,    2,  -12,   -4,   -8,  -16,   -9,   -2,   -8,
      -2,   -2,   -2,   -8,   -9,   -2,   -8,  -10,  -12,   -8,  -12,   -4,   -4,   -6,   -1,   -2,
     -10,   -6,   -6,  -12,   -4,  -10,   -8,   12,   -8,   -7,   -6,   -2,    8,   -6,   -8,    8,
     -28,  -46,   -8,  -12,   -4,   -6,  -12,   -9,   -6,   -4,    8,   20,   20,  -12,  -12,   -9,
      -4,   20,   20,   -2,  -18,   -2,   -2,   -8,   -2,   -8,  -18,   -8,   -2,  -10,   -2,    8,
     -10,   -2,  -12,   -4,   -4,   -6,   -4,   -6,  -12,   -4,  -12,    2,  -16,  -16,   -8,    2,
     -10,   -4,  -10,   -4,   -8,   -8,   -8,   -6,   -4,   -2,   20,   20,   -8,   -5,  -10,   -4,
      -8,   -4,  -12,  -16,  -16,   -8,   -2,   -4,   -7,   -4,   -2,   -8,   -6,   -6,   -2,   20,
      16,   -8,   -2,   -4,   -6,   -4,   -1,   -4,   -6,   -2,   -8,  -16,   -2,  -12,   -2,   -2,
     -16,   -2,   -8,  -13,   -6,  -12,  -16,   -8,  -10,   -4,   -8,   -4,   -4,   -8,   -4,   -6,
      -4,   -8,  -10,   -4,   -4,   -4,   -4,   -4,  -16,   -4,   -4,   -4,   -4,  -16,  -20,  -20,
     -10,  -40,  -40,  -40,  -28,  -32,  -48,  -10,   -8,   -8,  -16,   -8,  -10,  -16,  -20,  -20,
     -20,  -40,  -40,  -28,  -32,  -48,   -8,   -8,  -16,   -8,   -2,  -16,  -12,  -12,   -5,   -2,
       4,   -7,   -4,  -12,    4,   -2,  -52,  -40,  -16,  -26,  -30,    3,   -6,   -6,   -8,  -22,
      -4,    3,   -4,    6,   -2,    5,    6,   -1,    4,    8,   10,   -8,  -26,    3,   -4,    3,
      12,   20,   12,   20,    2,  -10,   -8,   -5,  -19,   -9,   -6,   -6,  -16,   -4,   -2,  -14,
      -8,   -7,   -8,   -9,   -8,   -4,  -10,    4,  -16,   -8,  -19,   -6,  -12,   -6,   -8,  -12,
      -8,   -6,   -6,  -12,  -12,   -2,  -14,  -14,  -18,  -20,  -22,   -5,  -10,    4,   -8,   -8,
     -14,  -12,   -2,   24,   36,   36,   -1,   -6,   -4,   -2,   -6,  -12,    4,   -4,   -3,   -6,
      -6,  -24,   -4,  -12,   -8,   -2,  -12,  -20,  -16,   -8,   -4,  -20,   -8,   -8,  -24,  -54,
     -96,  -16,  -16,  -54,  -24,  -48,  -16,  -20,  -12,  -24,  -16,  -30,  -48,  -16,  -16,  -30,
     -30,  -40,  -16,  -20,  -30,  -16,   -3,  -20,  -12,  -16,  -16,  -32,
};

static const EpdLigaturePair lexenddeca_12_regularLigaturePairs[] = {
    { 0x00660069, 0xFB01 }, // f i -> U+FB01
    { 0x0066006C, 0xFB02 }, // f l -> U+FB02
};

static const EpdFontData lexenddeca_12_regular = {
    lexenddeca_12_regularBitmaps,
    lexenddeca_12_regularGlyphs,
    lexenddeca_12_regularIntervals,
    56,
    31,
    25,
    -7,
    true,
    lexenddeca_12_regularGroups,
    11,
    nullptr,
    nullptr,  // kernLeftClasses: built-in fonts use the split arrays below
    nullptr,  // kernRightClasses
    lexenddeca_12_regularKernLeftCodepoints,
    lexenddeca_12_regularKernLeftClassIds,
    lexenddeca_12_regularKernRightCodepoints,
    lexenddeca_12_regularKernRightClassIds,
    nullptr,  // kernMatrix: built-in fonts use the sparse form below
    lexenddeca_12_regularKernRowOffsets,
    lexenddeca_12_regularKernSparseCols,
    lexenddeca_12_regularKernSparseValues,
    400,
    396,
    87,
    72,
    lexenddeca_12_regularLigaturePairs,
    2,
};
