/**
 * generated by fontconvert.py
 * name: lexenddeca_18_regular
 * size: 18
 * mode: 2-bit  compressed: true
 * Command used: fontconvert.py lexenddeca_18_regular 18 ../builtinFonts/source/LexendDeca/LexendDeca-Regular.ttf --2bit --compress --pnum --zopfli
 */
#pragma once
#include "EpdFontData.h"

static const uint8_t lexenddeca_18_regularBitmaps[21945] = {
    0xBD, 0x5A, 0x31, 0xAC, 0xE5, 0xC6, 0x75, 0x3D, 0x8F, 0xCF, 0xBB, 0x34, 0x44, 0x04, 0x54, 0xA1,
    0x45, 0x8C, 0x2C, 0x60, 0x36, 0xA9, 0x16, 0x81, 0xD9, 0xA4, 0x48, 0x11, 0x68, 0x46, 0x0E, 0x10,
    0x97, 0xDA, 0x00, 0xFB, 0x53, 0x38, 0x85, 0x6B, 0x6F, 0x8A, 0x6D, 0x53, 0x24, 0x1A, 0x26, 0x2E,
    0x52, 0xA4, 0xD0, 0xBA, 0xB0, 0x53, 0x5A, 0x8D, 0x03, 0xFB, 0xAB, 0xD8, 0xD6, 0x85, 0x63, 0x0E,
    0xEC, 0x32, 0x85, 0x99, 0x04, 0x49, 0x6B, 0xDA, 0xB0, 0x12, 0x40, 0x2E, 0x4C, 0x27, 0x8C, 0xCD,
    0xB5, 0x48, 0xDE, 0xF0, 0x9C, 0x79, 0xFC, 0x6F, 0xBF, 0x76, 0x05, 0xAF, 0xBC, 0x92, 0xE6, 0x71,
    0xCE, 0xBC, 0x4F, 0x0E, 0xEF, 0xDC, 0xB9, 0x77, 0xEE, 0x9D, 0x7B, 0xE7, 0xFD, 0x1B, 0xBE, 0xEE,
    0xAE, 0x7F, 0xAA, 0xC8, 0x4F, 0xB9, 0x7F, 0x9A, 0xB2, 0xC1, 0xA9, 0x54, 0xD1, 0xF5, 0x61, 0x70,
    0x7D, 0x1D, 0x6F, 0xE0, 0x86, 0xBF, 0xE1, 0x5D, 0xE7, 0xE2, 0xE9, 0xD3, 0x38, 0x1F, 0xBC, 0x43,
    0x40, 0xC0, 0x1B, 0xDB, 0xE7, 0x9F, 0xF1, 0xD7, 0xF8, 0xEE, 0xF6, 0xF9, 0x0E, 0x5E, 0xC1, 0x5D,
    0x60, 0xAB, 0x37, 0x80, 0xE3, 0x04, 0xD7, 0xE0, 0x38, 0xC2, 0x79, 0x1C, 0x07, 0x38, 0x20, 0x1F,
    0x10, 0x80, 0x62, 0x40, 0xBB, 0x61, 0x8F, 0xEF, 0xA1, 0x32, 0x33, 0x5B, 0x9E, 0x44, 0x54, 0xF1,
    0x30, 0x03, 0x75, 0xCC, 0x88, 0xCD, 0x46, 0x03, 0xCE, 0x1F, 0xC7, 0x1D, 0x03, 0x69, 0x24, 0xBC,
    0xB4, 0xCB, 0x47, 0xBF, 0x7E, 0xCB, 0x58, 0x86, 0x84, 0xF7, 0xD7, 0xCB, 0x47, 0xEF, 0x3E, 0x3C,
    0xCC, 0xA8, 0x22, 0x12, 0x66, 0x33, 0xEA, 0xE6, 0x19, 0x8C, 0x00, 0x37, 0x3C, 0xB1, 0xEC, 0xCF,
    0xF8, 0xA5, 0x01, 0x40, 0x61, 0xE6, 0x81, 0x60, 0x36, 0xE0, 0x60, 0x66, 0x33, 0x8E, 0xF6, 0xA6,
    0x19, 0xF2, 0xB9, 0xFC, 0xC9, 0x8A, 0x62, 0x2C, 0xFB, 0xEF, 0xA0, 0xDC, 0xF0, 0x65, 0x21, 0x50,
    0xCC, 0xC4, 0xDC, 0x88, 0x47, 0x33, 0xD2, 0x31, 0x1B, 0x21, 0x0A, 0x5E, 0xD4, 0x48, 0xB4, 0xB5,
    0x99, 0xB7, 0x1E, 0xAC, 0xC4, 0xA3, 0x11, 0x61, 0x3E, 0x13, 0x16, 0x0D, 0xB1, 0xEA, 0x37, 0x84,
    0x9B, 0xC2, 0x71, 0x45, 0x69, 0xF6, 0x88, 0xE3, 0x8A, 0xD0, 0x86, 0x1D, 0x70, 0xDB, 0xF8, 0x2A,
    0x5A, 0x4F, 0x0C, 0x38, 0xE3, 0x2D, 0xC2, 0x97, 0x01, 0x89, 0x9B, 0x3D, 0x43, 0x83, 0x52, 0xEF,
    0x01, 0xF5, 0x7F, 0xCE, 0xA0, 0x10, 0x9D, 0x5F, 0x91, 0x4F, 0x90, 0xAE, 0xCA, 0x01, 0x78, 0x03,
    0x0E, 0x75, 0x54, 0xCB, 0xEE, 0x6A, 0x0D, 0x7A, 0xCE, 0xEE, 0x70, 0x58, 0x29, 0x75, 0xD4, 0xFF,
    0x36, 0xB3, 0x3B, 0xE9, 0xB1, 0x3B, 0xE9, 0xBB, 0xE6, 0x41, 0xC3, 0xF1, 0x2C, 0xD3, 0x24, 0xB3,
    0xB9, 0xB0, 0x05, 0x54, 0x74, 0xD9, 0xB5, 0xEC, 0x39, 0xD4, 0x8D, 0x03, 0x95, 0xE7, 0x7C, 0xED,
    0x01, 0xD7, 0x38, 0x8A, 0x1F, 0x06, 0xB6, 0x64, 0xC6, 0xF9, 0xA4, 0x8E, 0xAD, 0x9F, 0x27, 0x33,
    0x55, 0x0C, 0xEC, 0x8E, 0xF2, 0x97, 0x0B, 0xA4, 0x23, 0x9B, 0xC4, 0x3B, 0x28, 0x4A, 0xA9, 0x89,
    0x70, 0xF3, 0x9B, 0x44, 0x04, 0xEB, 0x38, 0x68, 0x12, 0x70, 0x61, 0x1A, 0xBA, 0x9C, 0x32, 0xE3,
    0x88, 0x03, 0x5A, 0x36, 0x3D, 0xFE, 0x30, 0x35, 0x2C, 0xD5, 0xA0, 0xA6, 0x64, 0x77, 0xAA, 0x4A,
    0x4D, 0xBD, 0xAA, 0x31, 0xF3, 0x9A, 0x92, 0x48, 0x96, 0x73, 0x3D, 0xE2, 0x1E, 0xAA, 0xA1, 0x9C,
    0x0F, 0x33, 0x5C, 0x77, 0x34, 0xB2, 0x1A, 0x61, 0x3F, 0x98, 0xD8, 0xB8, 0x5F, 0x8D, 0x6C, 0x2A,
    0x1B, 0xE0, 0x3A, 0xE4, 0xD6, 0x71, 0xB8, 0xCC, 0x22, 0xCA, 0x79, 0x6B, 0x3A, 0x14, 0xF6, 0xF0,
    0x81, 0x8D, 0x64, 0x4C, 0x3C, 0xB5, 0x66, 0x3F, 0x30, 0x32, 0xF8, 0x18, 0x16, 0x4F, 0x2A, 0xBA,
    0xB2, 0x1D, 0xD9, 0xCC, 0x1B, 0xB2, 0x96, 0x57, 0xA0, 0xF2, 0x57, 0xC8, 0x56, 0x14, 0x8B, 0xA6,
    0x10, 0x0F, 0x86, 0xE3, 0x42, 0x6D, 0x51, 0x36, 0x3D, 0x25, 0xC3, 0xF1, 0x1B, 0x04, 0x4F, 0x85,
    0x9F, 0x2F, 0xCF, 0xCB, 0x35, 0x7C, 0x5A, 0x77, 0xEC, 0x5C, 0x8E, 0xC8, 0x67, 0x52, 0x82, 0x79,
    0x84, 0x0E, 0xD5, 0x88, 0x7C, 0xA5, 0x11, 0xE0, 0xF7, 0x25, 0x03, 0x80, 0xBC, 0xA3, 0x1E, 0x81,
    0x7C, 0x01, 0x0E, 0x5A, 0xE5, 0x51, 0xA2, 0xE2, 0xEB, 0x1C, 0x12, 0xC7, 0x19, 0x38, 0x50, 0xA8,
    0x2B, 0x92, 0x12, 0xDA, 0x53, 0x0D, 0xE7, 0x7A, 0x75, 0xCF, 0x52, 0xBF, 0x6C, 0x49, 0xEF, 0x15,
    0xA3, 0xE8, 0x68, 0x90, 0xB6, 0x41, 0x66, 0x49, 0xE0, 0x6E, 0x00, 0xCD, 0x10, 0x2F, 0x01, 0xD0,
    0x84, 0x5F, 0x4D, 0xF5, 0x8F, 0x5F, 0xFD, 0x2C, 0xDA, 0xEF, 0xB5, 0xA8, 0x6D, 0x91, 0x08, 0x73,
    0xEB, 0x11, 0x6C, 0x45, 0x78, 0x23, 0xE0, 0x8F, 0x5E, 0xFD, 0x9D, 0xAB, 0x7E, 0xC0, 0x25, 0xC1,
    0x7E, 0x13, 0x04, 0x8A, 0xFE, 0x0C, 0xCF, 0xF1, 0x06, 0x70, 0x01, 0x1C, 0x7C, 0x39, 0x54, 0x73,
    0x39, 0xE7, 0x4B, 0x36, 0x63, 0x3E, 0x4C, 0xF9, 0x50, 0x75, 0xB5, 0xFF, 0x34, 0xEE, 0x5C, 0x5E,
    0x3A, 0xB3, 0x74, 0x3D, 0xE5, 0x09, 0xF7, 0xA9, 0x48, 0x54, 0xB2, 0x98, 0xA3, 0x16, 0xE4, 0xB0,
    0x7B, 0x12, 0x59, 0x8B, 0x6B, 0x24, 0x28, 0x49, 0x69, 0xEF, 0x36, 0x7D, 0x22, 0xDD, 0x80, 0xFB,
    0x5E, 0x66, 0x3B, 0x41, 0x82, 0x81, 0x3C, 0x59, 0xC4, 0xD1, 0x7C, 0x3B, 0x50, 0x2B, 0xD5, 0x48,
    0x55, 0xE5, 0x33, 0xAA, 0x9E, 0xBA, 0xAB, 0x3B, 0x6A, 0xD1, 0x45, 0x1C, 0x56, 0x22, 0x4C, 0x64,
    0x76, 0x0C, 0x3B, 0x9E, 0xEF, 0xC7, 0x33, 0xEA, 0xAD, 0x13, 0x85, 0x6A, 0x20, 0xB5, 0x72, 0x44,
    0x31, 0x21, 0xD7, 0x7A, 0x3E, 0xDA, 0xD7, 0x68, 0xC7, 0x1A, 0x1D, 0xCE, 0x56, 0x99, 0xED, 0x78,
    0xE5, 0xB7, 0xB2, 0x46, 0x6C, 0xD3, 0x92, 0xEA, 0xAD, 0xB6, 0x5B, 0x0D, 0x5B, 0x7D, 0xD5, 0x45,
    0xBC, 0x4C, 0xF2, 0x2F, 0x50, 0x9D, 0x59, 0xB7, 0xD5, 0x7E, 0xAF, 0x38, 0x7C, 0x9B, 0x32, 0x4A,
    0x1E, 0x75, 0x91, 0x73, 0xF5, 0xE5, 0xFA, 0x79, 0x8B, 0xD5, 0x88, 0x10, 0x5D, 0x07, 0xD7, 0xD5,
    0x11, 0x75, 0x9F, 0x7B, 0x4E, 0x06, 0x70, 0x04, 0xDA, 0x07, 0xAC, 0x01, 0xE4, 0xB2, 0x0B, 0xB2,
    0x5F, 0xC9, 0x91, 0x53, 0xE8, 0xD6, 0x81, 0x12, 0x05, 0xCA, 0x85, 0xFD, 0x29, 0xEB, 0xB6, 0x07,
    0x32, 0xF6, 0xCF, 0xD5, 0x95, 0x0E, 0xBC, 0x26, 0x94, 0x84, 0x82, 0x70, 0xB8, 0xB8, 0xB8, 0xF0,
    0xFC, 0xB3, 0xBF, 0x82, 0x78, 0xF3, 0xF2, 0x6D, 0x92, 0xCF, 0xE7, 0xDD, 0x63, 0x69, 0x6C, 0x52,
    0x3E, 0xCA, 0xC1, 0xAD, 0x9E, 0xB2, 0x9B, 0x4E, 0xAA, 0x74, 0x94, 0xE5, 0xE7, 0x5E, 0x6B, 0x3B,
    0xF5, 0xDE, 0xBD, 0x5B, 0x2E, 0x98, 0xF4, 0x2D, 0xF7, 0x28, 0xE8, 0xB0, 0xCB, 0xC1, 0x8D, 0x70,
    0x7D, 0xB9, 0xFE, 0xA9, 0xC5, 0xDC, 0xCC, 0xB8, 0x0A, 0x66, 0xCA, 0x80, 0xAF, 0xDE, 0x3B, 0xEF,
    0x1E, 0x68, 0x09, 0x07, 0x23, 0xE6, 0xC2, 0x52, 0xE8, 0x84, 0x2D, 0x31, 0xB3, 0xC4, 0xA1, 0x69,
    0x3C, 0xA2, 0xEB, 0x89, 0xD6, 0x18, 0x1F, 0xC2, 0xF8, 0x90, 0x58, 0x8D, 0x44, 0xD7, 0x11, 0x5B,
    0x33, 0xB3, 0x26, 0x08, 0x9D, 0xB0, 0x12, 0x26, 0xF3, 0x7B, 0x2E, 0xA4, 0xB4, 0xA8, 0xAA, 0x4E,
    0x90, 0x0B, 0x7E, 0x7D, 0x79, 0xD9, 0x68, 0xD5, 0x0B, 0x4A, 0x41, 0x4F, 0xF8, 0xF1, 0x97, 0x25,
    0xF3, 0x9E, 0xB0, 0x80, 0xA2, 0x45, 0xFE, 0xF8, 0x77, 0x2D, 0x1E, 0x3C, 0xDA, 0x4E, 0x2C, 0x5F,
    0x89, 0xEC, 0x09, 0xF8, 0x14, 0x50, 0xF5, 0x15, 0x79, 0x0E, 0x1D, 0x2C, 0xBA, 0xF5, 0x2F, 0x8D,
    0x0A, 0xD2, 0x12, 0x61, 0xB8, 0x21, 0x7E, 0xBD, 0x1C, 0x91, 0x97, 0x94, 0x4E, 0x6A, 0x29, 0xE6,
    0x9D, 0x46, 0xDD, 0x5F, 0x2D, 0x15, 0xF5, 0xB8, 0x75, 0x8A, 0x04, 0xF2, 0x9D, 0x0D, 0x5F, 0xD9,
    0x3F, 0x5A, 0xAC, 0x47, 0x84, 0xDE, 0x75, 0xA8, 0x06, 0x17, 0x51, 0x8E, 0xA1, 0x41, 0x3E, 0x05,
    0x7F, 0x05, 0x0D, 0x8A, 0xD1, 0x49, 0x69, 0x3D, 0xEA, 0xA1, 0x9A, 0xD1, 0x76, 0x05, 0xA5, 0x95,
    0x99, 0xAD, 0x64, 0x63, 0xA2, 0x72, 0x1A, 0xDC, 0xDA, 0x44, 0x02, 0x89, 0x91, 0x10, 0x05, 0xF7,
    0x2F, 0x2F, 0x77, 0xA9, 0xD2, 0x18, 0xE9, 0x8F, 0xF7, 0xD5, 0x50, 0x8E, 0x57, 0x5C, 0x4A, 0x04,
    0xE4, 0xB2, 0xDD, 0xFB, 0x66, 0xE7, 0xBE, 0x04, 0xF5, 0x3D, 0x2F, 0xC0, 0xF0, 0x01, 0x7D, 0x0B,
    0x42, 0x2A, 0x85, 0x02, 0x0E, 0x79, 0x70, 0x33, 0x9F, 0xDB, 0xDB, 0x16, 0xCB, 0x19, 0xA1, 0xE7,
    0xDE, 0x35, 0x54, 0x3D, 0xCA, 0x04, 0xFA, 0xB3, 0x98, 0x11, 0xBA, 0xE3, 0xD6, 0xA5, 0x41, 0xAB,
    0x4D, 0xF2, 0x6C, 0x85, 0x87, 0xB6, 0xAB, 0x46, 0xD4, 0x43, 0xDD, 0x25, 0x19, 0xE4, 0xD3, 0x19,
    0xEA, 0x1E, 0xE5, 0x58, 0x4D, 0x08, 0x43, 0x61, 0x3F, 0xB3, 0x2E, 0x33, 0xDB, 0x09, 0x68, 0x70,
    0x95, 0x9B, 0x34, 0xED, 0x60, 0x3D, 0xD9, 0x58, 0x50, 0x48, 0xE2, 0xCB, 0x4D, 0x8B, 0xAE, 0x47,
    0xE8, 0x43, 0x44, 0x3D, 0xB4, 0x0D, 0xAA, 0xC1, 0x3C, 0xD7, 0xEE, 0x0E, 0x43, 0xCB, 0x07, 0xA1,
    0x47, 0x18, 0xDC, 0x94, 0x59, 0x5F, 0x51, 0x92, 0x39, 0xE1, 0x40, 0x02, 0xB8, 0xFD, 0x8E, 0x54,
    0x7D, 0x9E, 0xF6, 0x74, 0xD6, 0xF7, 0x53, 0x92, 0x3C, 0xD8, 0xB3, 0xF6, 0x88, 0x73, 0x79, 0xFA,
    0x69, 0xD9, 0x57, 0x63, 0x3D, 0xD5, 0x63, 0x39, 0x1C, 0xFC, 0xD3, 0x7D, 0xB9, 0x2D, 0xD5, 0x53,
    0x35, 0x17, 0xF3, 0x71, 0x3E, 0xCC, 0xD9, 0x94, 0x0F, 0x8C, 0xA8, 0x3E, 0xCD, 0x47, 0x9F, 0x22,
    0x7C, 0x77, 0x37, 0xD5, 0xB0, 0x72, 0xB1, 0xF5, 0xB4, 0x6A, 0x72, 0x31, 0xD2, 0x02, 0x1A, 0x7A,
    0xA3, 0x5D, 0x8B, 0xFA, 0x56, 0x99, 0xA7, 0x99, 0x8A, 0xF9, 0x55, 0xAF, 0x6A, 0xC9, 0x6A, 0x19,
    0x8B, 0xF3, 0x85, 0xF0, 0x19, 0x38, 0xBA, 0xA8, 0x33, 0x6C, 0x9B, 0xE0, 0xE5, 0x5B, 0xB8, 0x5E,
    0x74, 0xEF, 0x7D, 0x5D, 0xC8, 0x97, 0xA2, 0xBD, 0x31, 0xD1, 0x17, 0xF9, 0xB0, 0xAB, 0xA8, 0x9D,
    0xC8, 0x00, 0xC7, 0x4F, 0xA3, 0xB5, 0x0B, 0x23, 0x28, 0x72, 0x9E, 0x59, 0x8F, 0x9A, 0xD1, 0x0A,
    0xDF, 0x6B, 0x00, 0xD2, 0xD9, 0xFD, 0x74, 0x4F, 0x6F, 0xC5, 0x9E, 0x66, 0xB8, 0x52, 0x66, 0x57,
    0x36, 0x70, 0x7D, 0x26, 0x15, 0x10, 0xF6, 0x49, 0xB6, 0x91, 0xE4, 0x3D, 0x50, 0xAD, 0xFC, 0x32,
    0x9D, 0x46, 0xCE, 0x53, 0x68, 0x4A, 0x18, 0x09, 0x03, 0x9E, 0x2A, 0xB9, 0xEC, 0x63, 0xBE, 0x06,
    0xBA, 0x07, 0x0F, 0x95, 0x2F, 0x92, 0x1D, 0x71, 0x64, 0x93, 0x5E, 0xD8, 0x5D, 0x98, 0xB3, 0x6F,
    0x7E, 0xD1, 0x06, 0x28, 0x78, 0xD1, 0xAE, 0x50, 0x2C, 0x32, 0xBF, 0xC4, 0x97, 0x22, 0xB4, 0xD6,
    0xEB, 0xCD, 0x78, 0x58, 0x50, 0xAC, 0x65, 0x57, 0xC6, 0xE3, 0x84, 0x60, 0xDF, 0xE8, 0xCA, 0xAE,
    0x18, 0xB4, 0x23, 0x17, 0x7D, 0xD9, 0xE5, 0x6B, 0x66, 0x31, 0xEF, 0xAB, 0x58, 0x4E, 0xE0, 0x97,
    0xDA, 0x57, 0x3D, 0x42, 0x93, 0xF7, 0x8E, 0x6B, 0x2C, 0x34, 0x45, 0xFA, 0xD2, 0xFA, 0xA2, 0x0B,
    0x22, 0x8A, 0x32, 0xBE, 0x41, 0xD2, 0x86, 0x4A, 0x5F, 0x0E, 0x86, 0xDA, 0xBF, 0x81, 0xE0, 0x8F,
    0xAB, 0x22, 0x4B, 0x17, 0xCB, 0x15, 0x0B, 0x02, 0xDC, 0x3B, 0xAD, 0x7D, 0x61, 0x82, 0x43, 0x65,
    0xB3, 0x59, 0x0F, 0xE7, 0x0B, 0x1B, 0x82, 0x79, 0xD4, 0xCD, 0xE1, 0x7B, 0xFE, 0x36, 0xD5, 0x12,
    0x91, 0x4A, 0x39, 0x10, 0xF7, 0xA5, 0xCE, 0xA2, 0xF8, 0xF0, 0x0F, 0x40, 0xE1, 0x8E, 0xB8, 0xB9,
    0xE2, 0xB4, 0x9F, 0xE9, 0x4B, 0x66, 0x24, 0xC7, 0x72, 0xDB, 0x1E, 0xE3, 0x7D, 0xE5, 0x9E, 0x50,
    0x76, 0x23, 0x7D, 0x8B, 0x3C, 0x89, 0x69, 0x69, 0x26, 0x51, 0x6A, 0x58, 0xF7, 0xA8, 0x13, 0xF9,
    0xD7, 0x35, 0xB6, 0x95, 0x83, 0xC4, 0x27, 0x33, 0xCB, 0x16, 0xF1, 0x71, 0x9C, 0xE5, 0x69, 0xF3,
    0x29, 0x5B, 0x13, 0x8F, 0xA6, 0x46, 0x66, 0x57, 0x77, 0x72, 0x50, 0xEE, 0x9D, 0x8B, 0x20, 0x1F,
    0x24, 0x8E, 0x94, 0x03, 0xAA, 0x61, 0x34, 0xBE, 0x5E, 0x5C, 0xFC, 0xC5, 0xCC, 0x19, 0xB1, 0xE6,
    0x33, 0x14, 0x66, 0x8F, 0x32, 0x56, 0x0D, 0x66, 0x94, 0x34, 0x8D, 0x38, 0x19, 0x4A, 0xBC, 0x75,
    0x71, 0x0F, 0x22, 0xB5, 0x0A, 0xAD, 0x13, 0x8E, 0x08, 0xEF, 0x5E, 0xDA, 0xAC, 0xBC, 0x4A, 0x78,
    0x5C, 0xCE, 0x98, 0xA5, 0x3B, 0x44, 0x92, 0x0E, 0xFF, 0x71, 0xD1, 0xF6, 0x7A, 0xAB, 0x11, 0xF6,
    0xC2, 0x99, 0x14, 0x1E, 0xAD, 0xEA, 0x6F, 0x44, 0x58, 0x43, 0x0C, 0x4F, 0x60, 0x2B, 0x34, 0xBF,
    0x61, 0x6E, 0x7A, 0x6B, 0x15, 0xCE, 0x67, 0x3A, 0x92, 0xE8, 0xE1, 0x82, 0x18, 0x6C, 0x4C, 0x2B,
    0xD1, 0xA3, 0xD2, 0xE3, 0xD6, 0xDE, 0xB6, 0xE9, 0x40, 0x73, 0x9A, 0x18, 0x92, 0xE4, 0xBD, 0x9C,
    0x74, 0x53, 0x8E, 0x92, 0xF7, 0x40, 0x74, 0x9D, 0x30, 0x3E, 0x07, 0x76, 0xE7, 0xB7, 0xCA, 0x51,
    0xB8, 0x10, 0x49, 0x39, 0x8B, 0x4C, 0xFC, 0xAA, 0x01, 0xAD, 0xFD, 0xCC, 0x46, 0xD4, 0x12, 0xB8,
    0x38, 0x39, 0x71, 0xA5, 0x05, 0x70, 0x5D, 0x92, 0xD7, 0xE4, 0x60, 0x06, 0xCD, 0x31, 0x6A, 0xD6,
    0x1D, 0xD1, 0x0D, 0xC4, 0x72, 0x24, 0x16, 0x13, 0x31, 0x9F, 0x89, 0xC7, 0xE7, 0xC0, 0x5C, 0xA8,
    0xB7, 0x44, 0x61, 0xA7, 0x66, 0xA4, 0x7C, 0xFB, 0x14, 0x7D, 0x80, 0x38, 0x9D, 0x75, 0xFA, 0x18,
    0xDA, 0x46, 0x3D, 0x6F, 0xC4, 0x33, 0x6C, 0xDC, 0x5D, 0x4A, 0x0D, 0xF8, 0x20, 0xA0, 0x82, 0xEF,
    0x91, 0xC2, 0x7C, 0x06, 0xDD, 0xD3, 0xD3, 0xDF, 0x04, 0x1A, 0xE3, 0x3A, 0x5C, 0xB1, 0xD1, 0x9F,
    0x81, 0x6C, 0x3C, 0x7C, 0x4E, 0x7A, 0x4F, 0x41, 0x03, 0x7C, 0x78, 0x60, 0xB9, 0xF0, 0xC4, 0xDA,
    0x94, 0xD2, 0x48, 0x50, 0x5A, 0x5A, 0x8A, 0x3A, 0xFF, 0xC9, 0x4C, 0x7B, 0x4B, 0xB1, 0xA6, 0x80,
    0x77, 0x4A, 0xBE, 0xEE, 0x65, 0x94, 0x13, 0xCE, 0x4B, 0x05, 0xAE, 0x4F, 0x4D, 0x7C, 0x5F, 0x73,
    0xE3, 0xE2, 0xE2, 0xAE, 0x8B, 0x3A, 0x0A, 0xD9, 0x9B, 0x4E, 0x4D, 0xDD, 0xE3, 0xE6, 0xE5, 0xA3,
    0x41, 0x21, 0x07, 0x53, 0x6F, 0xF9, 0xF4, 0x62, 0xD5, 0x5B, 0x47, 0x93, 0x9D, 0x80, 0xC3, 0x1A,
    0x99, 0x78, 0x97, 0xAC, 0x29, 0x90, 0x4E, 0x0C, 0x46, 0xB1, 0xFB, 0x38, 0x31, 0x7F, 0x0A, 0x65,
    0x6F, 0x78, 0xAD, 0x83, 0xE1, 0x85, 0xD0, 0xCC, 0xEC, 0x19, 0xF8, 0xE2, 0x94, 0x6F, 0x25, 0x5D,
    0xC7, 0xBD, 0xDE, 0x69, 0xDF, 0x55, 0xFE, 0xFE, 0x51, 0x54, 0x27, 0x9A, 0xE7, 0x0A, 0x70, 0x34,
    0xC5, 0xE0, 0xF1, 0x3A, 0xDE, 0xE7, 0xA8, 0x7A, 0xE7, 0xE3, 0xC0, 0x4C, 0x58, 0x36, 0x68, 0x23,
    0x77, 0x6A, 0x6E, 0x36, 0xEB, 0x23, 0x93, 0xE2, 0x66, 0xE9, 0x6D, 0xC0, 0x1E, 0x53, 0x1F, 0xEE,
    0xEE, 0x5A, 0xBB, 0x7B, 0xB6, 0x5B, 0xF9, 0x85, 0xA3, 0x9D, 0xBD, 0xAD, 0x1B, 0x88, 0x16, 0x37,
    0x3C, 0x1A, 0x36, 0x2C, 0x67, 0xA2, 0x1B, 0x88, 0x16, 0x37, 0xFC, 0x8A, 0x91, 0xE4, 0x9B, 0x42,
    0xB3, 0x28, 0xEC, 0x37, 0x5C, 0xEB, 0x71, 0xC3, 0x49, 0xFD, 0x7B, 0xBD, 0x1B, 0x0F, 0xD6, 0x90,
    0x5A, 0xDB, 0xED, 0x94, 0xF7, 0x51, 0xF2, 0x93, 0x77, 0x6E, 0x76, 0xDF, 0xB1, 0xF3, 0x53, 0xCD,
    0xE4, 0x90, 0x0F, 0x3F, 0x39, 0x78, 0xB6, 0xA7, 0x40, 0x5A, 0xDF, 0x51, 0x46, 0x12, 0x7A, 0xD9,
    0x5B, 0x18, 0x95, 0x74, 0x86, 0x19, 0x38, 0x58, 0x7F, 0x8A, 0x05, 0x83, 0x01, 0x05, 0x9B, 0x88,
    0x72, 0x6B, 0xDA, 0x0E, 0xEE, 0x47, 0x7D, 0xF8, 0xC6, 0x80, 0xF0, 0xC3, 0x3E, 0xBC, 0x39, 0xC1,
    0xCA, 0x3E, 0x7C, 0x65, 0xC9, 0xD6, 0xAD, 0xF9, 0x3B, 0xCB, 0xE7, 0xAA, 0x0F, 0x8D, 0xBD, 0x3E,
    0xB0, 0x09, 0x3F, 0xEF, 0xD9, 0xD4, 0x16, 0xD9, 0x94, 0xE6, 0xD9, 0xE4, 0x2B, 0xD8, 0x64, 0xB3,
    0x1A, 0xDC, 0x4D, 0x0D, 0x3E, 0x54, 0x23, 0xE6, 0xEF, 0x85, 0x28, 0xAF, 0xDD, 0x0B, 0x47, 0xE1,
    0x2C, 0xB4, 0x84, 0x0D, 0xB1, 0xED, 0x88, 0xF5, 0x40, 0x7C, 0x7D, 0x26, 0xFE, 0xC9, 0x4A, 0x7C,
    0xCD, 0xFC, 0x86, 0x4D, 0x1B, 0x89, 0x6E, 0x20, 0x96, 0x13, 0x31, 0x5F, 0x88, 0x99, 0x11, 0x61,
    0xDF, 0x27, 0xBA, 0x9F, 0x10, 0xAB, 0x5F, 0x12, 0x8B, 0x95, 0x78, 0x34, 0x22, 0x12, 0x06, 0x61,
    0x2D, 0x2C, 0x89, 0x8A, 0x11, 0x6E, 0x5C, 0xFA, 0x94, 0xEE, 0x3E, 0x3E, 0x45, 0x79, 0xEC, 0x73,
    0x8A, 0x27, 0xD6, 0x3F, 0xB7, 0x74, 0xD0, 0x57, 0x1A, 0x72, 0x85, 0xB2, 0x5A, 0x86, 0x68, 0x63,
    0x39, 0x4A, 0x11, 0x75, 0x72, 0x61, 0xDA, 0x39, 0xCB, 0xC1, 0x45, 0x36, 0xA3, 0x9A, 0xE2, 0xD4,
    0x4C, 0xD7, 0x9A, 0x71, 0xEF, 0xD2, 0xB3, 0x49, 0x1E, 0xB0, 0x1E, 0x12, 0xB1, 0x4E, 0x7B, 0xB7,
    0x45, 0xBA, 0xDA, 0xAD, 0x72, 0x57, 0xAF, 0x56, 0x68, 0x8B, 0x9F, 0x71, 0xDA, 0xEF, 0x53, 0xE6,
    0x04, 0x80, 0xC7, 0x8E, 0xBB, 0x07, 0xD4, 0xAE, 0x1B, 0xF6, 0x9D, 0x0E, 0xFB, 0x9E, 0x26, 0xD7,
    0x55, 0x8F, 0x94, 0x85, 0x44, 0x71, 0x1D, 0x72, 0x42, 0x39, 0xC9, 0x1E, 0xF6, 0x3D, 0x48, 0x4B,
    0x6E, 0x95, 0x1D, 0xFD, 0x36, 0x9B, 0xC9, 0x27, 0x2F, 0xCA, 0x22, 0x89, 0xD2, 0x35, 0x12, 0x65,
    0xDB, 0x49, 0x94, 0x6E, 0x90, 0x28, 0xCB, 0x59, 0xA2, 0xCC, 0x4D, 0xA2, 0xCC, 0xEC, 0xBA, 0x28,
    0x87, 0x24, 0xCA, 0x49, 0xA2, 0x7C, 0x6F, 0x91, 0x28, 0x8F, 0x06, 0x15, 0x8B, 0x6A, 0x82, 0x57,
    0xF3, 0x19, 0x21, 0xE4, 0x58, 0x21, 0x39, 0x2F, 0x42, 0x8B, 0xC2, 0xE1, 0x89, 0x30, 0x71, 0x21,
    0x1E, 0x57, 0xE2, 0xC1, 0x88, 0x78, 0x0A, 0x33, 0x61, 0xB1, 0x3C, 0x11, 0x9A, 0x0C, 0xC2, 0x66,
    0xA7, 0x1C, 0x19, 0x42, 0x73, 0x61, 0x13, 0x61, 0x91, 0x18, 0x9E, 0x70, 0x5C, 0xD5, 0x04, 0xA9,
    0xF4, 0x3C, 0x56, 0xA6, 0xF0, 0x71, 0x67, 0x9B, 0xB9, 0xCB, 0xC3, 0x67, 0xFF, 0x9E, 0xD1, 0x54,
    0x86, 0x7C, 0xDE, 0xC3, 0x61, 0xFE, 0x9E, 0x01, 0xBC, 0x2C, 0xDC, 0xB3, 0xFB, 0xDC, 0x88, 0x47,
    0xD3, 0x2D, 0xB3, 0x9F, 0x5E, 0xFF, 0x3D, 0x83, 0xB2, 0x9A, 0xC1, 0x66, 0x4D, 0xDD, 0x88, 0x30,
    0x9F, 0x09, 0x8B, 0x66, 0x0F, 0xAD, 0x0D, 0x6E, 0x22, 0x6F, 0xA5, 0x7D, 0xED, 0xC1, 0x8C, 0xFC,
    0x19, 0xBF, 0x67, 0xDC, 0xF2, 0x29, 0x14, 0xBB, 0xD7, 0x9A, 0xD9, 0x72, 0x86, 0xFB, 0x6F, 0xDB,
    0xE5, 0xB7, 0x94, 0x4C, 0x7D, 0x62, 0x90, 0xE2, 0x87, 0x96, 0x49, 0x64, 0xF7, 0xB1, 0xA3, 0x12,
    0x18, 0xE5, 0x2F, 0xCC, 0x6B, 0xD1, 0xC6, 0x7A, 0xA4, 0xFA, 0xCA, 0x15, 0x05, 0xCD, 0xE2, 0xD7,
    0x36, 0x4B, 0x59, 0xE3, 0xBE, 0xA5, 0xDD, 0xDC, 0xF3, 0x2C, 0x8A, 0x4C, 0x8C, 0xBA, 0x41, 0xD6,
    0x52, 0xB1, 0x09, 0xCC, 0x1D, 0xA9, 0x78, 0x29, 0xCF, 0x3C, 0xB3, 0xA6, 0xCC, 0xA8, 0x17, 0x4A,
    0xFF, 0x60, 0xA0, 0xB6, 0x61, 0x5C, 0x2D, 0x1C, 0x4B, 0x9A, 0xD6, 0x41, 0x14, 0x29, 0x30, 0x5D,
    0xE5, 0x57, 0x5A, 0x53, 0x39, 0x81, 0x4C, 0x15, 0xF3, 0x7E, 0xFA, 0x68, 0x20, 0x89, 0x4C, 0x32,
    0xB2, 0x94, 0x1B, 0xDA, 0x17, 0xD4, 0xB4, 0xFF, 0x32, 0xB2, 0x71, 0x3F, 0x1C, 0xD4, 0x58, 0xCF,
    0xA6, 0xB2, 0xC8, 0xA6, 0x4C, 0x4D, 0x61, 0x7E, 0x5F, 0x1E, 0x22, 0xB3, 0x33, 0xCF, 0x96, 0xE3,
    0xAB, 0xD8, 0x1E, 0x3D, 0xEE, 0x59, 0x99, 0xD2, 0x34, 0x72, 0x08, 0x71, 0xC0, 0x7C, 0xF0, 0x8E,
    0xE7, 0x04, 0x72, 0x31, 0xCF, 0x1B, 0x9C, 0x9F, 0x75, 0xEC, 0x94, 0x71, 0x7A, 0x03, 0xD9, 0x3F,
    0x70, 0xBE, 0x83, 0x26, 0xC3, 0x6F, 0x93, 0x06, 0x68, 0x9B, 0xE2, 0xBD, 0x19, 0x2E, 0x4A, 0x44,
    0xFF, 0x4B, 0xB3, 0xA4, 0xC4, 0xAB, 0x1F, 0xAF, 0x9A, 0x5F, 0xDD, 0xB9, 0x68, 0xB0, 0xE4, 0x6E,
    0x9A, 0xF6, 0xB5, 0x94, 0x5D, 0xB6, 0xDE, 0x7D, 0x7F, 0x39, 0x1D, 0x73, 0xD6, 0xFF, 0xAE, 0xF3,
    0x80, 0xC7, 0x0B, 0xAA, 0xFF, 0x9E, 0x35, 0x87, 0x19, 0xE5, 0x7B, 0x23, 0xA0, 0x11, 0x72, 0x1B,
    0xC4, 0xF7, 0xA8, 0x91, 0x01, 0x6C, 0x98, 0x25, 0x41, 0x58, 0xB7, 0xDB, 0x61, 0x1B, 0xF7, 0x6F,
    0x4E, 0xC9, 0x9E, 0xBE, 0xB1, 0x7A, 0x06, 0x3E, 0xF2, 0xDC, 0xD5, 0x24, 0x21, 0x15, 0x8B, 0xF4,
    0x74, 0x34, 0xE9, 0x81, 0x2F, 0x29, 0xC8, 0x39, 0xE5, 0xB9, 0x83, 0x58, 0x2E, 0x67, 0x49, 0x33,
    0x5F, 0x29, 0x0C, 0x64, 0x96, 0xE4, 0x64, 0x3F, 0xEF, 0x45, 0x36, 0x8D, 0x53, 0x25, 0xB1, 0x97,
    0x2B, 0x11, 0x55, 0x6A, 0x5C, 0xBA, 0xD9, 0xAA, 0xCB, 0xC1, 0xDC, 0x20, 0xE9, 0x96, 0x13, 0x48,
    0x93, 0x23, 0xA3, 0x1E, 0x44, 0x3A, 0x74, 0x62, 0x97, 0x7E, 0xA8, 0x47, 0x66, 0x3A, 0xD4, 0xC9,
    0x17, 0xF6, 0x12, 0x57, 0xF9, 0x2A, 0x7D, 0x65, 0xE6, 0xA5, 0xCA, 0x0B, 0x32, 0x46, 0x96, 0xAB,
    0x51, 0xCC, 0x17, 0xB3, 0x98, 0x27, 0xA5, 0x9A, 0x3A, 0x69, 0xC4, 0x7C, 0xDB, 0xC1, 0x14, 0x51,
    0x65, 0x06, 0x3E, 0x4F, 0x59, 0x7D, 0x1A, 0x3D, 0xB3, 0x2A, 0xC9, 0xCE, 0x3A, 0x36, 0x61, 0x3F,
    0x22, 0xC0, 0x39, 0xEF, 0x24, 0xE1, 0x8F, 0xB8, 0xB9, 0x71, 0xB1, 0x15, 0xE8, 0x50, 0xFA, 0x1A,
    0xDE, 0xB9, 0x64, 0xA2, 0x2E, 0xA1, 0x9C, 0x13, 0x9B, 0xD0, 0x11, 0xC5, 0xD8, 0xD1, 0xCE, 0x3E,
    0xB2, 0x1A, 0xCF, 0x49, 0x8F, 0xC4, 0xAA, 0xD9, 0x49, 0x58, 0x49, 0x83, 0x9C, 0x31, 0xB1, 0x4D,
    0x32, 0xF7, 0x7C, 0xFF, 0x49, 0xE2, 0x23, 0x31, 0x1D, 0x8F, 0xDB, 0x53, 0xB8, 0x45, 0xEF, 0x66,
    0x3D, 0xAF, 0xCB, 0x87, 0x0B, 0xF0, 0xD1, 0x5E, 0x24, 0xAB, 0x4B, 0xA6, 0xB8, 0xC7, 0xEF, 0x55,
    0xDA, 0x72, 0xF7, 0x13, 0x30, 0x99, 0xFB, 0x41, 0xB3, 0x31, 0x42, 0xF0, 0x1F, 0x5F, 0xC7, 0xFA,
    0xAA, 0x63, 0x71, 0xD5, 0x31, 0x5B, 0x4E, 0xDB, 0xED, 0xDD, 0xD6, 0x86, 0xED, 0xBA, 0xFF, 0x68,
    0x40, 0xFE, 0x11, 0x5F, 0x81, 0x94, 0x79, 0x5D, 0x1D, 0x5D, 0x1D, 0x4C, 0x6A, 0x8E, 0xA7, 0x23,
    0xC4, 0x92, 0x8F, 0xDC, 0x8F, 0x98, 0x06, 0xFF, 0x60, 0x06, 0xEC, 0xF3, 0x2B, 0x7D, 0x0E, 0x63,
    0x51, 0x84, 0x58, 0xD0, 0xCB, 0x54, 0x03, 0x4A, 0x25, 0xB4, 0x93, 0x42, 0x2A, 0xB0, 0x68, 0x31,
    0xCD, 0x4F, 0x22, 0x67, 0xA6, 0xDF, 0xBA, 0xC2, 0x80, 0x6A, 0xD1, 0x28, 0x9F, 0xC5, 0xB9, 0x14,
    0xD6, 0x5C, 0xEA, 0x90, 0xDF, 0xC0, 0xF3, 0x7E, 0x43, 0x6E, 0xFF, 0x65, 0xC6, 0x85, 0x52, 0xC9,
    0x41, 0xE6, 0xA6, 0xE4, 0xCA, 0x10, 0xE2, 0x39, 0x8C, 0x68, 0xFD, 0x8E, 0x2D, 0x45, 0xB9, 0xDF,
    0x67, 0xCF, 0xC3, 0x86, 0xBD, 0xEC, 0x72, 0x42, 0x69, 0x28, 0xEC, 0xCF, 0x5A, 0xC3, 0x51, 0x94,
    0x61, 0x1C, 0x05, 0x95, 0x35, 0x76, 0x9A, 0xB2, 0xF3, 0x29, 0xC5, 0x79, 0x6E, 0xFC, 0xDB, 0xF6,
    0xA7, 0x1B, 0xFE, 0x83, 0xD9, 0x86, 0xAD, 0x59, 0xA7, 0x23, 0x82, 0x01, 0x61, 0x86, 0x0E, 0xEA,
    0x41, 0xE1, 0x74, 0x38, 0xAC, 0x67, 0x6E, 0x89, 0xE4, 0x73, 0xC7, 0x66, 0x47, 0xCD, 0x88, 0x3D,
    0x07, 0x9D, 0xA8, 0x4D, 0xCA, 0xC7, 0xEC, 0xB5, 0x76, 0xDC, 0x4F, 0x6B, 0xBE, 0x61, 0xE6, 0xB1,
    0x25, 0x2A, 0x53, 0xCA, 0x7F, 0xA0, 0xB2, 0x1F, 0x31, 0x1B, 0xDD, 0xBF, 0x8E, 0xED, 0xBF, 0x6E,
    0x03, 0x85, 0xD5, 0x33, 0x71, 0x88, 0xEE, 0xEA, 0x97, 0xD0, 0xE0, 0x09, 0xB8, 0x02, 0x4F, 0x68,
    0xAE, 0x56, 0x5D, 0x8F, 0xCC, 0x97, 0x13, 0x8A, 0xAE, 0x30, 0x1F, 0x86, 0x4C, 0x23, 0xB6, 0x66,
    0xFB, 0x8F, 0x94, 0x17, 0x50, 0x69, 0x3F, 0x0C, 0xE6, 0xF6, 0xB0, 0x95, 0x26, 0x5B, 0x90, 0x1E,
    0x35, 0xF9, 0xB5, 0x56, 0x9A, 0x2C, 0x0D, 0xE4, 0xCE, 0xE0, 0x3A, 0xE9, 0xE7, 0x4A, 0x36, 0xED,
    0xB3, 0x64, 0x13, 0xCF, 0x9A, 0xAC, 0xA5, 0x49, 0xF2, 0x69, 0x20, 0xA3, 0x76, 0xA2, 0x8C, 0xD6,
    0xE6, 0x96, 0xA1, 0x54, 0xDF, 0x4A, 0x93, 0x7B, 0xB9, 0x49, 0xD9, 0xB8, 0x27, 0x65, 0xD3, 0x97,
    0x13, 0xAA, 0xB1, 0xEA, 0x91, 0xCF, 0x2E, 0xE2, 0x38, 0xBB, 0x06, 0xD9, 0x42, 0x01, 0x3F, 0x09,
    0xCD, 0x75, 0xD9, 0x0C, 0xC9, 0x8B, 0x1D, 0xBA, 0xC2, 0x1E, 0x7E, 0x49, 0xB2, 0x91, 0x4E, 0x3A,
    0x14, 0x8A, 0x45, 0x6E, 0xE9, 0xA8, 0x3E, 0xED, 0xF5, 0x4E, 0x62, 0x8B, 0xB0, 0xD7, 0xBC, 0x0C,
    0x7B, 0x4D, 0xF5, 0x96, 0x5D, 0x28, 0x6A, 0xDC, 0xEB, 0x41, 0xCF, 0x5E, 0xA0, 0xEE, 0xD3, 0x7B,
    0x78, 0xC7, 0x23, 0xD8, 0xEC, 0x1A, 0x4E, 0xB0, 0x6D, 0x72, 0x7B, 0xA7, 0xB5, 0xA6, 0x5C, 0x68,
    0x45, 0xFA, 0xBF, 0x0C, 0x1D, 0xE8, 0x6E, 0xC8, 0xAD, 0x67, 0x3F, 0x63, 0xF5, 0x80, 0xDB, 0xB1,
    0x11, 0x46, 0x20, 0xA8, 0x8F, 0xDE, 0x3A, 0x28, 0x0F, 0xC9, 0xAD, 0x29, 0xEC, 0xAB, 0xC1, 0x9A,
    0x4C, 0x94, 0xD1, 0xDA, 0xE2, 0x1A, 0x66, 0xD3, 0x1B, 0xE2, 0x56, 0x12, 0x0F, 0x5A, 0x4F, 0x34,
    0xC0, 0xD3, 0x17, 0xE0, 0x31, 0xAA, 0x19, 0x92, 0x8F, 0xB0, 0x03, 0x6A, 0x53, 0xC0, 0x74, 0xFF,
    0x2E, 0x6D, 0xEB, 0x79, 0x33, 0xA7, 0xF6, 0xA7, 0x34, 0xA9, 0x15, 0xE1, 0x91, 0xC4, 0xF5, 0x75,
    0x8B, 0x61, 0xD4, 0x8F, 0x92, 0x4C, 0xF7, 0x63, 0xCA, 0xA5, 0xCB, 0xE1, 0x45, 0xA0, 0x6A, 0xD2,
    0x0F, 0x50, 0x55, 0x83, 0x53, 0xF9, 0xBD, 0xA6, 0x8E, 0xCF, 0xF3, 0x41, 0xD5, 0xD0, 0x9F, 0x84,
    0x81, 0xA8, 0xD7, 0xCF, 0xE5, 0x0E, 0xCF, 0xB0, 0x5E, 0xE8, 0x0A, 0x91, 0x2A, 0x30, 0xD4, 0x0B,
    0xCA, 0x1E, 0x37, 0x3E, 0x8C, 0xD0, 0x70, 0xE7, 0xAD, 0x0D, 0x78, 0x8C, 0xAC, 0xE4, 0x87, 0xF9,
    0x14, 0x95, 0xC9, 0x73, 0x02, 0x3A, 0x0D, 0x9E, 0x0B, 0xCD, 0x1B, 0xB4, 0xC3, 0x06, 0x26, 0x98,
    0x08, 0xEB, 0x06, 0x3F, 0x36, 0xCF, 0x7E, 0xDD, 0xFE, 0x86, 0x0E, 0x82, 0xD2, 0xC9, 0x93, 0x35,
    0x1B, 0x04, 0x0A, 0xBC, 0x1A, 0x9D, 0x77, 0xCD, 0x6F, 0xF3, 0xC1, 0xA9, 0xDC, 0xF7, 0x6D, 0x8F,
    0x07, 0x23, 0x75, 0x3B, 0x1F, 0xCD, 0xA4, 0xDE, 0x52, 0x3F, 0x8B, 0xBF, 0x6D, 0xED, 0xBB, 0xD6,
    0x85, 0x11, 0xB6, 0xF0, 0x28, 0xA7, 0x83, 0x63, 0x20, 0x1B, 0x22, 0x65, 0x2C, 0x8D, 0xD5, 0xDD,
    0xA9, 0x8D, 0x1F, 0x63, 0x9B, 0x74, 0xE8, 0x3F, 0xFE, 0xD5, 0xB7, 0x5B, 0xAF, 0x92, 0x49, 0xB7,
    0xFF, 0x53, 0x4A, 0xC7, 0x9D, 0xAE, 0x1D, 0x19, 0xE9, 0x95, 0xB3, 0xFC, 0xE3, 0xAA, 0xC8, 0xFD,
    0xE4, 0x1F, 0xBD, 0xBC, 0xA1, 0x0F, 0x5E, 0x36, 0x2C, 0x94, 0x3D, 0x7B, 0x85, 0x95, 0x5E, 0x7D,
    0x40, 0x9B, 0x5F, 0xE5, 0x1F, 0x67, 0xBA, 0xDF, 0x30, 0xC9, 0x0E, 0xFB, 0x73, 0xCA, 0x3A, 0x61,
    0x8F, 0x73, 0xF6, 0xD9, 0x5E, 0xDB, 0xBF, 0xA2, 0x4E, 0x97, 0x07, 0x84, 0xE5, 0xA9, 0xFD, 0xEB,
    0x39, 0x7C, 0xF4, 0xB3, 0xF6, 0xAF, 0xAF, 0x3E, 0x73, 0xFF, 0x0A, 0xCD, 0x8D, 0x0F, 0xB5, 0xCF,
    0xDE, 0x7A, 0x7F, 0x80, 0xC0, 0xF8, 0x40, 0xAE, 0x9F, 0x3E, 0xDD, 0x14, 0x1C, 0x28, 0x36, 0x50,
    0x68, 0xC0, 0x25, 0x67, 0xC1, 0x5F, 0x01, 0xF6, 0x6F, 0x24, 0x96, 0xBA, 0x68, 0x23, 0x29, 0x19,
    0x11, 0x14, 0xF6, 0x5A, 0x6B, 0x47, 0x92, 0xE2, 0x26, 0x62, 0xA8, 0xAC, 0x33, 0x6E, 0x21, 0x1B,
    0xE0, 0x79, 0xE0, 0x95, 0x93, 0x1C, 0x9B, 0xF0, 0xF7, 0xE6, 0xB7, 0x39, 0x52, 0x8E, 0x08, 0xEB,
    0x81, 0x72, 0xA0, 0xEC, 0x90, 0xBC, 0xEB, 0x87, 0xAB, 0x2A, 0x0F, 0x16, 0x1C, 0xD3, 0x3F, 0xC6,
    0x4C, 0xF5, 0x78, 0x7B, 0x76, 0xF1, 0x30, 0xEC, 0xC7, 0xDC, 0x0C, 0x98, 0x4B, 0xAD, 0x18, 0xF3,
    0x68, 0xAD, 0x47, 0x4E, 0xA9, 0x56, 0x73, 0x0A, 0x15, 0x0F, 0x4B, 0xB1, 0x55, 0xD7, 0xE5, 0xB3,
    0x4B, 0xFF, 0x71, 0xD3, 0x1F, 0xD8, 0x8F, 0xA7, 0xCC, 0x97, 0x64, 0xFB, 0x7A, 0xBD, 0xB4, 0x4B,
    0x6F, 0x66, 0xCD, 0x5E, 0x79, 0xEF, 0x05, 0x2A, 0x53, 0xD4, 0x97, 0xDE, 0x7A, 0x11, 0xF3, 0x70,
    0x51, 0xC0, 0x54, 0x74, 0x80, 0x1B, 0xEA, 0x25, 0xB3, 0xA1, 0x34, 0xFB, 0xF9, 0x70, 0x34, 0x7B,
    0x73, 0x40, 0xBB, 0x94, 0x83, 0xC2, 0x9F, 0x3B, 0x0D, 0x7D, 0x0A, 0xE3, 0x65, 0x93, 0x51, 0xAD,
    0x4A, 0x83, 0x67, 0xE4, 0x13, 0x8E, 0x33, 0xAF, 0x82, 0x59, 0xB1, 0x1E, 0x19, 0xAA, 0x6E, 0xB7,
    0x92, 0x20, 0x97, 0xE4, 0x62, 0xAB, 0xF3, 0x58, 0xFD, 0x9C, 0xFA, 0x0B, 0x05, 0xA5, 0xBF, 0x22,
    0xA6, 0x83, 0x9E, 0xEC, 0x94, 0xCF, 0x76, 0x7B, 0x46, 0x73, 0xCE, 0x57, 0x35, 0xAE, 0x70, 0x3F,
    0xE9, 0x27, 0x69, 0x1A, 0x62, 0x39, 0xE0, 0xA5, 0x13, 0x2F, 0x35, 0xA5, 0x98, 0x8F, 0x70, 0xF1,
    0xB0, 0x90, 0x93, 0xB6, 0xDF, 0x20, 0x9B, 0x61, 0xC3, 0xD6, 0x1E, 0x96, 0x83, 0x4D, 0xCC, 0x02,
    0xD6, 0xE3, 0x2F, 0xE7, 0x62, 0x00, 0xDA, 0xFC, 0x17, 0x4B, 0x49, 0x23, 0x7D, 0xBD, 0x37, 0x12,
    0x73, 0x6F, 0xC6, 0xF0, 0x80, 0x5A, 0xB6, 0xE8, 0xAC, 0x51, 0x1A, 0x5B, 0x2B, 0xE5, 0x35, 0x5E,
    0x40, 0xB1, 0xF2, 0x4A, 0x29, 0xF2, 0x02, 0xA4, 0xD9, 0x92, 0xEB, 0x11, 0x07, 0x9E, 0x11, 0x3C,
    0x44, 0xF6, 0x6D, 0x2E, 0x91, 0x62, 0xE6, 0x55, 0x32, 0x29, 0x57, 0x72, 0x66, 0x69, 0xA7, 0xEF,
    0x48, 0xA3, 0xFE, 0x9F, 0xE5, 0xEA, 0xFF, 0xE2, 0x8E, 0xD7, 0x66, 0x4B, 0x4C, 0x77, 0x0A, 0x23,
    0xD5, 0xEA, 0x57, 0x1C, 0xCB, 0xFD, 0xAB, 0x79, 0x52, 0x68, 0x15, 0x7B, 0xBB, 0x81, 0x83, 0x2B,
    0x94, 0x42, 0x4E, 0x9F, 0xCD, 0x9B, 0xF7, 0x1B, 0x8E, 0xAD, 0x21, 0x62, 0x1A, 0xAE, 0xA2, 0xE8,
    0x7D, 0x39, 0xE2, 0x60, 0x28, 0xC8, 0xAC, 0xAE, 0x74, 0xDC, 0x36, 0xED, 0x6A, 0x6B, 0xD5, 0x2D,
    0x44, 0x2A, 0xD2, 0x75, 0x14, 0x6A, 0x75, 0xFA, 0x15, 0xB4, 0x25, 0x0F, 0x93, 0x29, 0x59, 0x5C,
    0xA4, 0x95, 0x59, 0x1C, 0x4E, 0xC2, 0x81, 0x18, 0xFA, 0xEB, 0x3F, 0xE8, 0xEE, 0x7A, 0x32, 0xEC,
    0x28, 0x8B, 0x90, 0x8C, 0x44, 0x8D, 0xF8, 0xD2, 0x5B, 0x00, 0xF3, 0xDB, 0x6F, 0x39, 0xB3, 0x99,
    0xF5, 0xCE, 0xE5, 0xA3, 0x99, 0x03, 0x2A, 0x0E, 0x3E, 0x39, 0x33, 0xB2, 0xAA, 0xFE, 0xE4, 0x2E,
    0x79, 0x60, 0xF2, 0xCD, 0x79, 0x8B, 0x6D, 0xF7, 0x7F, 0x17, 0xF7, 0x9C, 0xD9, 0xB2, 0x57, 0xA8,
    0x14, 0xCA, 0xF1, 0x19, 0x78, 0x5D, 0x75, 0xA4, 0x66, 0xCB, 0xEE, 0xD9, 0x95, 0xDA, 0xAE, 0xE5,
    0xBF, 0x11, 0xB8, 0x13, 0x8F, 0x5B, 0xDD, 0xFF, 0x23, 0x55, 0x92, 0x88, 0xEA, 0xF7, 0xC1, 0x75,
    0x48, 0x3C, 0x1E, 0xA5, 0x9C, 0x2E, 0xBD, 0x00, 0x1F, 0xF0, 0x51, 0x7C, 0x52, 0xF9, 0x9C, 0x4F,
    0xC9, 0x7B, 0x3D, 0x9F, 0xD2, 0xFA, 0x96, 0xA2, 0x56, 0xF4, 0x78, 0xAA, 0x9E, 0xF5, 0xFA, 0xBD,
    0x3A, 0x26, 0xDE, 0x8E, 0xD6, 0x4B, 0x53, 0x47, 0x1B, 0x24, 0x5E, 0xAD, 0xEE, 0xF8, 0xC1, 0xEF,
    0xF1, 0x7B, 0x48, 0x99, 0xE7, 0xED, 0x05, 0x70, 0xD4, 0x48, 0x93, 0xFE, 0xD1, 0x27, 0x7B, 0x8C,
    0x1B, 0xA8, 0xAC, 0xAF, 0x1A, 0x67, 0xD6, 0xFA, 0xF0, 0x25, 0x33, 0xFC, 0x0D, 0xDA, 0x05, 0xAF,
    0xE0, 0xF0, 0x10, 0xFF, 0x0F, 0xDD, 0x9A, 0x31, 0xAC, 0xE5, 0xC6, 0x75, 0x86, 0x3F, 0x92, 0x7A,
    0x4B, 0x03, 0x84, 0x33, 0x0B, 0xC4, 0x2F, 0x80, 0xE5, 0xC4, 0x54, 0x91, 0x6A, 0x03, 0xED, 0xB8,
    0x74, 0x11, 0x69, 0x46, 0x51, 0x91, 0xC2, 0x85, 0x37, 0xC0, 0xBE, 0x04, 0x88, 0x0B, 0xA7, 0x90,
    0x8B, 0xA8, 0xD9, 0xD6, 0x85, 0x22, 0x4E, 0xAA, 0x14, 0x69, 0xB6, 0x30, 0x5C, 0xAB, 0x10, 0x02,
    0xEB, 0xA9, 0x50, 0x1D, 0x60, 0x05, 0x4E, 0x92, 0x1E, 0xA0, 0x8A, 0xF4, 0x44, 0x22, 0x3B, 0xC0,
    0xBA, 0x58, 0x1A, 0x60, 0x1C, 0xAE, 0x96, 0xE4, 0xC9, 0x3D, 0xC3, 0x7B, 0xAF, 0xEF, 0x3E, 0x69,
    0x13, 0x41, 0x96, 0xA5, 0xD5, 0x1E, 0x92, 0xDF, 0x3F, 0x9C, 0x3D, 0x3C, 0x9C, 0x73, 0xC8, 0x77,
    0x67, 0xEE, 0xE2, 0x66, 0xD8, 0xE8, 0xFA, 0x66, 0x70, 0xBD, 0x8D, 0x19, 0x9B, 0x19, 0xBF, 0xDB,
    0x42, 0xAD, 0x5B, 0xB4, 0xFB, 0xCD, 0x3D, 0xB6, 0x9D, 0x7B, 0xB8, 0x0D, 0xB0, 0x3E, 0x86, 0x4A,
    0x46, 0x68, 0x45, 0x7C, 0x2E, 0x22, 0x5D, 0x25, 0x6B, 0x3B, 0x98, 0x69, 0xA9, 0x3A, 0xDB, 0x2F,
    0x79, 0x70, 0x71, 0x81, 0x26, 0x28, 0xBC, 0x82, 0x23, 0xF4, 0xD4, 0x05, 0x85, 0xBA, 0xD8, 0x61,
    0x29, 0x82, 0x99, 0x97, 0xBA, 0x2F, 0x65, 0x95, 0x21, 0x13, 0x91, 0x48, 0x23, 0x2B, 0x5C, 0x93,
    0xEE, 0x63, 0xB7, 0xE4, 0xF9, 0x9F, 0x00, 0xB9, 0x48, 0x80, 0x5A, 0x64, 0x00, 0x27, 0x32, 0x81,
    0x74, 0x55, 0x0F, 0x02, 0x9E, 0x2C, 0xF9, 0xE5, 0xF3, 0x27, 0xF3, 0x0F, 0xD6, 0x8B, 0x0B, 0x68,
    0x44, 0xE4, 0x71, 0xE2, 0x02, 0xCA, 0xA8, 0xB4, 0x89, 0x75, 0x77, 0xA4, 0xF6, 0x28, 0x37, 0x1F,
    0x9F, 0x72, 0x7F, 0xC8, 0x99, 0x26, 0x7F, 0xBF, 0xF5, 0x1A, 0x41, 0xE2, 0xCB, 0xFE, 0x8E, 0xAC,
    0x00, 0x77, 0xEE, 0x92, 0xC1, 0x19, 0x55, 0xC0, 0x78, 0xFB, 0x5F, 0x6B, 0xD3, 0x59, 0xFD, 0xF7,
    0x6A, 0x07, 0x72, 0xF9, 0xF3, 0x85, 0x62, 0x46, 0x28, 0x26, 0x5A, 0x8A, 0x91, 0x46, 0xD1, 0x6E,
    0x7D, 0xF9, 0x9A, 0xAF, 0x14, 0xEA, 0x67, 0xF4, 0x0A, 0xFB, 0x48, 0xDA, 0x58, 0xC5, 0xDB, 0x86,
    0xDC, 0x03, 0xE7, 0x8A, 0x0B, 0xDC, 0x00, 0x85, 0x50, 0x8F, 0x50, 0xCE, 0x54, 0x33, 0x98, 0x49,
    0x3B, 0xB0, 0x03, 0x99, 0x04, 0x9A, 0x08, 0x6D, 0x87, 0x04, 0x70, 0x43, 0x2E, 0xE8, 0xBF, 0x17,
    0x0B, 0x50, 0x2E, 0x66, 0x4A, 0xC5, 0xAB, 0x07, 0x00, 0x91, 0x4E, 0xA5, 0x51, 0x47, 0xB0, 0xA2,
    0xC4, 0x2C, 0x90, 0x2A, 0xAB, 0xBD, 0x69, 0xD8, 0x47, 0x39, 0xFB, 0xC1, 0x72, 0xE1, 0x49, 0x37,
    0x05, 0x9E, 0x7F, 0x77, 0xBD, 0xF4, 0x57, 0x5D, 0x9E, 0x7F, 0x6F, 0xBD, 0x0C, 0x07, 0x97, 0xC7,
    0xA5, 0xA1, 0xF1, 0x4F, 0xDE, 0x38, 0xDA, 0xF9, 0xFF, 0xE9, 0x77, 0x03, 0xB2, 0xED, 0xB6, 0x13,
    0x6C, 0xF5, 0x14, 0x09, 0xC5, 0x4A, 0x43, 0x39, 0xF1, 0x35, 0xCA, 0x01, 0x28, 0xC7, 0xC3, 0x4D,
    0x0B, 0xB9, 0x0B, 0x99, 0xAC, 0x5E, 0xFD, 0xA6, 0x54, 0x54, 0x6F, 0xFF, 0xBB, 0x95, 0xCE, 0xC5,
    0x4C, 0x06, 0x17, 0xA9, 0x15, 0xD5, 0xE0, 0xFA, 0x1D, 0xEC, 0xEA, 0xCD, 0x60, 0x64, 0x69, 0xBB,
    0x42, 0xFD, 0x68, 0x64, 0x81, 0xAC, 0x15, 0xA0, 0x94, 0x00, 0xA9, 0xB0, 0xB8, 0x58, 0x29, 0x4C,
    0x47, 0x13, 0xEC, 0xFA, 0x57, 0xA2, 0x41, 0x57, 0x32, 0x0D, 0xCF, 0xB7, 0x92, 0x1B, 0x60, 0xFD,
    0x9B, 0xC8, 0xBF, 0x48, 0x38, 0x1C, 0x7A, 0x0E, 0xD9, 0x8F, 0x50, 0x6B, 0xD4, 0x95, 0x72, 0x5F,
    0xE2, 0xE5, 0xA2, 0x1D, 0x41, 0x02, 0xE5, 0x42, 0xBE, 0x00, 0x2D, 0xE5, 0x90, 0xB5, 0xC1, 0x46,
    0x13, 0x6B, 0x99, 0xAA, 0xDE, 0x86, 0x46, 0xE6, 0x62, 0x70, 0xC8, 0xDF, 0x8F, 0xF9, 0xF8, 0x72,
    0x31, 0x73, 0x9D, 0xE9, 0xEF, 0x8A, 0x11, 0x98, 0xEF, 0x95, 0x43, 0x92, 0xAA, 0x07, 0xEE, 0xED,
    0xE5, 0xFD, 0xAD, 0x73, 0xEF, 0xE2, 0x8A, 0x85, 0xEB, 0xD9, 0xE4, 0x90, 0x9F, 0x4E, 0xF9, 0x58,
    0x6B, 0xB0, 0x72, 0x30, 0x5D, 0x25, 0x93, 0xE9, 0xCA, 0x91, 0xD7, 0xBD, 0x8B, 0xF9, 0x0A, 0x08,
    0xB4, 0x1D, 0xD5, 0x0C, 0xB5, 0x5C, 0xCA, 0x40, 0xAA, 0xAC, 0x07, 0xAC, 0x7C, 0x88, 0xDA, 0x75,
    0x36, 0xCB, 0x56, 0xE7, 0x8D, 0x48, 0xB0, 0xBF, 0x96, 0xE0, 0x62, 0x1B, 0x1A, 0xEF, 0x42, 0xC3,
    0x6F, 0x8E, 0x1D, 0x83, 0xFB, 0x40, 0x82, 0x91, 0x36, 0x94, 0xAB, 0x0B, 0xDC, 0x02, 0x9E, 0xDB,
    0x6D, 0x58, 0x2C, 0xA4, 0xA7, 0xBD, 0xB2, 0x52, 0xCC, 0xC5, 0x4C, 0x35, 0x56, 0x23, 0x75, 0x5F,
    0xF7, 0xE8, 0xC7, 0x0C, 0xCD, 0xEE, 0x5A, 0x6C, 0x67, 0x3B, 0xCC, 0x60, 0x06, 0x8A, 0xA9, 0x98,
    0xC8, 0x96, 0x6C, 0x81, 0x96, 0x16, 0x9C, 0x77, 0x9E, 0xAF, 0xEF, 0xB6, 0x13, 0x73, 0x22, 0x22,
    0xE3, 0x29, 0xCF, 0x2F, 0x2E, 0x2E, 0x7E, 0x38, 0x02, 0x54, 0x9F, 0x82, 0xD7, 0xDE, 0xBA, 0x71,
    0x79, 0xE9, 0x44, 0xB6, 0x3D, 0xF5, 0xBC, 0x0D, 0xB4, 0x12, 0x28, 0x44, 0x46, 0x4C, 0x9F, 0x2D,
    0xD8, 0xBF, 0xFE, 0x99, 0xE3, 0x25, 0x2B, 0x26, 0xDC, 0xBB, 0x59, 0x7F, 0x2F, 0x4E, 0x37, 0xCD,
    0xAB, 0x71, 0xB4, 0x52, 0x74, 0xA3, 0x9D, 0x8B, 0x6E, 0xBA, 0xF9, 0xA7, 0x65, 0x7C, 0xE3, 0xE6,
    0xCD, 0x2A, 0xBE, 0x7C, 0xB3, 0xAE, 0x7D, 0x1D, 0x68, 0xA8, 0xC6, 0x6B, 0xB3, 0x96, 0x70, 0x00,
    0x2B, 0x1E, 0xF0, 0x20, 0x32, 0x6D, 0x3B, 0x7F, 0x4B, 0x29, 0x9D, 0x95, 0xD1, 0xBD, 0x32, 0xBF,
    0xCF, 0x9B, 0x33, 0x6E, 0xB7, 0xDF, 0xE3, 0xE5, 0x86, 0xC5, 0xFD, 0x72, 0x36, 0x32, 0xE4, 0xE2,
    0x39, 0x9A, 0x3C, 0x19, 0x29, 0xFB, 0xF9, 0x37, 0x38, 0xBF, 0x90, 0x8B, 0xDB, 0x9F, 0xEC, 0x7C,
    0xC9, 0x66, 0x5A, 0x9D, 0xDB, 0x57, 0x2E, 0x23, 0xD9, 0x6B, 0x94, 0x12, 0xAC, 0xF4, 0xEE, 0x7B,
    0xC3, 0x1F, 0x16, 0x03, 0x65, 0x8F, 0x89, 0x38, 0xCF, 0x4A, 0x31, 0x61, 0x7A, 0xDC, 0xFD, 0xB7,
    0x9C, 0x0C, 0x56, 0x06, 0xC0, 0x89, 0xEE, 0xE7, 0x2D, 0xD9, 0x44, 0xD5, 0x63, 0x17, 0x6A, 0xF1,
    0x67, 0x36, 0x62, 0x74, 0xFF, 0x63, 0x1B, 0x5B, 0xF1, 0xCD, 0x42, 0xE6, 0x51, 0xFB, 0x2E, 0xD9,
    0x42, 0x29, 0xD8, 0x89, 0xA6, 0xE3, 0x25, 0xD4, 0xDE, 0x81, 0x1B, 0xAC, 0xD0, 0xF8, 0xCF, 0x08,
    0x81, 0x56, 0x21, 0x5E, 0x42, 0xB1, 0x43, 0x5F, 0xEF, 0x20, 0xD2, 0xEE, 0xB0, 0xEE, 0x5C, 0xDA,
    0x71, 0x87, 0x33, 0x60, 0xE5, 0x09, 0x48, 0xB5, 0xB8, 0x85, 0x15, 0xD1, 0x59, 0x47, 0x59, 0x26,
    0x1A, 0x91, 0xFB, 0xEF, 0x0D, 0x56, 0xC4, 0x9B, 0xC1, 0x7D, 0x0A, 0xD6, 0x89, 0x26, 0xB1, 0x48,
    0xA4, 0x4D, 0xBC, 0x96, 0xC8, 0x6F, 0xC3, 0xFA, 0x38, 0x59, 0x9F, 0x91, 0xF7, 0x14, 0x11, 0x13,
    0xA8, 0x47, 0xEC, 0x0A, 0x2D, 0x34, 0xE4, 0x2B, 0x6E, 0xC2, 0xDD, 0x05, 0xC8, 0x26, 0x33, 0xB9,
    0xC9, 0x4E, 0x67, 0x53, 0x76, 0x65, 0x03, 0x5E, 0xF7, 0x14, 0x32, 0x60, 0x64, 0xC6, 0x76, 0x82,
    0xF3, 0x0E, 0xB7, 0x31, 0x24, 0x0D, 0x0D, 0xF5, 0x2F, 0x56, 0x2A, 0x99, 0xC9, 0xA4, 0x87, 0xE7,
    0x74, 0xDF, 0xE1, 0x26, 0x16, 0xF5, 0x09, 0xD4, 0x5D, 0xDD, 0x61, 0x86, 0x6A, 0xD8, 0xFE, 0x74,
    0xB3, 0x35, 0xD3, 0x41, 0xF8, 0xD6, 0x6F, 0x7F, 0xB6, 0x82, 0x90, 0xCF, 0xF9, 0x4C, 0x39, 0x96,
    0x23, 0xA6, 0xD7, 0x37, 0x26, 0xDA, 0x88, 0xDE, 0xE7, 0xE4, 0x8F, 0xB6, 0x1C, 0x80, 0xDB, 0xD8,
    0x81, 0x34, 0xE5, 0x0D, 0xA9, 0xA7, 0x19, 0xC0, 0xF4, 0xFC, 0xFE, 0x00, 0x2E, 0x52, 0x0C, 0xD0,
    0x92, 0x64, 0x55, 0x51, 0x47, 0x95, 0x6A, 0x50, 0x51, 0x47, 0x15, 0x17, 0x93, 0xB4, 0x24, 0x59,
    0x01, 0xD4, 0xF1, 0x1C, 0xD4, 0xB1, 0x01, 0x75, 0x14, 0x34, 0x62, 0xA1, 0xD2, 0x52, 0xA9, 0xAC,
    0xD8, 0x36, 0x39, 0x36, 0x2E, 0x39, 0xCE, 0x4E, 0x1D, 0x8B, 0x8F, 0xDA, 0xB7, 0x70, 0x31, 0x17,
    0xD1, 0x88, 0x99, 0xCA, 0x0A, 0x38, 0x75, 0x54, 0xA9, 0x86, 0x24, 0x1F, 0xCF, 0x21, 0xDF, 0xE7,
    0x30, 0x7E, 0x42, 0x0E, 0x8D, 0xFF, 0x58, 0x0E, 0xEA, 0xF8, 0xF1, 0x1C, 0x1A, 0xFF, 0x78, 0x0E,
    0x3F, 0x02, 0xAD, 0xA2, 0x44, 0x8D, 0x58, 0x4B, 0xAF, 0x11, 0xDD, 0x3F, 0xA4, 0x88, 0x7F, 0xB4,
    0x8F, 0x58, 0x6E, 0x11, 0x4D, 0x97, 0x22, 0xBA, 0x90, 0x22, 0xAE, 0xDB, 0xAD, 0x27, 0x75, 0x3C,
    0x74, 0xD8, 0xFB, 0x6F, 0xA9, 0xA3, 0x95, 0x41, 0x47, 0x5D, 0xCB, 0x80, 0xDA, 0x99, 0xA7, 0x96,
    0x00, 0x75, 0x97, 0x54, 0x03, 0x9C, 0x35, 0x01, 0x04, 0x78, 0x1F, 0x32, 0x1D, 0xEC, 0x48, 0x0A,
    0x65, 0x56, 0x30, 0x03, 0x54, 0x12, 0xA9, 0x23, 0x9C, 0xD5, 0xBD, 0xBA, 0x43, 0xD1, 0x23, 0x24,
    0x55, 0x77, 0xBE, 0x59, 0x77, 0xEA, 0x8E, 0x93, 0xA8, 0xEE, 0xD8, 0x95, 0x3A, 0x66, 0xB7, 0xE0,
    0x16, 0x2E, 0xA4, 0x8A, 0x21, 0x29, 0x90, 0x46, 0x77, 0xAA, 0xC5, 0x84, 0xA8, 0x9A, 0x21, 0x7F,
    0xA4, 0x5A, 0xC7, 0xF2, 0x3F, 0x55, 0x5D, 0xA8, 0xFF, 0x4D, 0x55, 0x70, 0xEF, 0x7E, 0x94, 0xDC,
    0xAD, 0x48, 0x72, 0xAF, 0x55, 0x4D, 0x7A, 0x0D, 0xD4, 0x5D, 0x55, 0xDD, 0x37, 0x3D, 0xDA, 0x37,
    0x14, 0x02, 0x64, 0xE2, 0x21, 0x97, 0xB0, 0x6F, 0xB1, 0xF2, 0x71, 0x5B, 0x14, 0xEB, 0x01, 0xB9,
    0x00, 0x56, 0xF4, 0x82, 0x87, 0x50, 0x48, 0x00, 0x33, 0x03, 0x36, 0x8D, 0xAB, 0x53, 0xC4, 0x0D,
    0x67, 0x7A, 0x6A, 0x82, 0x1B, 0x76, 0x5A, 0x2F, 0xF9, 0x71, 0x79, 0x27, 0x5A, 0x7D, 0xE9, 0x20,
    0x7B, 0x1B, 0xE0, 0x39, 0x92, 0x7D, 0x1B, 0x38, 0x44, 0x80, 0x66, 0x51, 0x1E, 0x97, 0x0B, 0xCD,
    0x26, 0x39, 0xA7, 0x76, 0x3B, 0xB1, 0x58, 0x93, 0x54, 0x92, 0xC4, 0x88, 0x57, 0xA9, 0x0F, 0x2B,
    0xB6, 0xA8, 0xE2, 0xDE, 0xEB, 0x54, 0xDA, 0xEF, 0x6F, 0x25, 0xDE, 0x2A, 0xBC, 0x56, 0x13, 0x90,
    0x2F, 0xC5, 0x0C, 0x14, 0xF3, 0xB6, 0xFC, 0x9B, 0xF2, 0x35, 0x55, 0x1B, 0xD9, 0xA4, 0x0D, 0x60,
    0x3B, 0x9A, 0x08, 0xEE, 0xE7, 0x17, 0x4D, 0xB7, 0x2D, 0x85, 0x7B, 0xD8, 0x51, 0x86, 0x4D, 0x46,
    0xF2, 0xF5, 0xE2, 0xE2, 0x07, 0x33, 0xC5, 0x8C, 0x1E, 0xE5, 0x0C, 0xF9, 0x4A, 0x35, 0x42, 0xB6,
    0x7F, 0x9C, 0xE2, 0xEB, 0x1E, 0x68, 0xC3, 0xA1, 0x3E, 0x47, 0x2B, 0xB7, 0xB6, 0xED, 0x40, 0xDD,
    0x87, 0x93, 0x1C, 0x4C, 0xAF, 0xE4, 0x8C, 0x67, 0x27, 0xE9, 0x6D, 0xF0, 0xE5, 0x9A, 0xC4, 0x6E,
    0xC3, 0x95, 0x07, 0xEA, 0x9C, 0x3F, 0xCC, 0x67, 0x80, 0xC0, 0x0B, 0xCF, 0xD8, 0x23, 0x6E, 0xEE,
    0xBE, 0x09, 0xE4, 0xB2, 0x2E, 0x40, 0x21, 0x32, 0x03, 0x65, 0x7F, 0x67, 0x60, 0xB3, 0x67, 0x25,
    0xDB, 0xEB, 0xDC, 0x3A, 0xB9, 0xBB, 0x54, 0x2B, 0x50, 0x6E, 0x52, 0x6C, 0x9D, 0xBC, 0xC6, 0xAD,
    0x67, 0x25, 0xDB, 0x7D, 0x26, 0xE5, 0xCA, 0xC9, 0x70, 0x5F, 0x2E, 0xA3, 0xCA, 0x4B, 0x45, 0x3C,
    0x39, 0xAB, 0x1F, 0x04, 0x95, 0x6A, 0xFD, 0x2A, 0x67, 0x4B, 0xB6, 0x5B, 0x12, 0x7B, 0x00, 0xB3,
    0x45, 0x04, 0x7B, 0x68, 0x34, 0x87, 0x86, 0x74, 0x24, 0x2B, 0x24, 0x26, 0xA5, 0x3A, 0x34, 0xCC,
    0xA1, 0xE1, 0x1E, 0xEC, 0x1B, 0xAD, 0xDD, 0x1A, 0xD9, 0xBA, 0x6F, 0x14, 0xB3, 0xED, 0xB6, 0x8B,
    0x06, 0x8D, 0x0C, 0xD4, 0xFD, 0xBE, 0xE1, 0xE2, 0xBE, 0x21, 0xD8, 0x9F, 0x5F, 0x5C, 0x40, 0xB6,
    0x60, 0xE3, 0x76, 0x51, 0x6A, 0x6C, 0xA3, 0x4A, 0x0D, 0x7B, 0x68, 0x34, 0x87, 0x86, 0x5C, 0x5C,
    0xDC, 0x89, 0xA9, 0x76, 0x6C, 0xCE, 0xE5, 0x44, 0x8A, 0x73, 0xCB, 0x0C, 0xFB, 0x2C, 0x5C, 0xB7,
    0x6F, 0x34, 0x61, 0xDF, 0xD0, 0x84, 0xB7, 0x28, 0x23, 0x94, 0x22, 0xE2, 0xA9, 0x53, 0x7F, 0x2B,
    0xEF, 0xCA, 0x94, 0x49, 0x8F, 0x9D, 0x0A, 0xF1, 0x94, 0x7D, 0x35, 0x03, 0xC1, 0x8C, 0x1C, 0x66,
    0x40, 0x5C, 0x97, 0x18, 0x3F, 0x05, 0xBB, 0xE3, 0x55, 0x98, 0x31, 0x71, 0x51, 0x6A, 0xE4, 0x3C,
    0xE6, 0x32, 0x52, 0x0F, 0xB4, 0xF2, 0x4B, 0x19, 0xB7, 0x15, 0xF8, 0x36, 0x92, 0xFD, 0xA8, 0xC8,
    0x15, 0x14, 0x9D, 0xB2, 0x5A, 0x94, 0x46, 0x94, 0xB8, 0xA0, 0xB4, 0x89, 0xAD, 0x07, 0xEA, 0x15,
    0x65, 0xCF, 0xC1, 0x9E, 0x4B, 0xDE, 0xC9, 0x4B, 0x3B, 0xDD, 0x02, 0x54, 0x12, 0x80, 0x54, 0xAA,
    0xEC, 0xE4, 0x7B, 0x90, 0x4F, 0x85, 0x3C, 0xC1, 0xFD, 0xCB, 0xCB, 0xA0, 0x75, 0xE2, 0xC9, 0xF8,
    0xF7, 0x8B, 0xDB, 0x34, 0x22, 0xF3, 0x29, 0x52, 0x5F, 0x80, 0xFF, 0x0F, 0x57, 0xEE, 0xA6, 0x38,
    0x9D, 0x29, 0x6D, 0xBF, 0x9F, 0x25, 0x8D, 0x04, 0x30, 0x1F, 0x02, 0x67, 0x3C, 0x6D, 0xC3, 0xBD,
    0x7D, 0xF8, 0x64, 0xA8, 0xF5, 0xAC, 0x7D, 0x30, 0x92, 0x2D, 0xF9, 0x0C, 0xB7, 0x78, 0xE1, 0xE9,
    0x1A, 0xA9, 0x7E, 0x66, 0xA7, 0xCF, 0x94, 0x42, 0xCA, 0x75, 0x8F, 0xB5, 0x58, 0xE0, 0x35, 0xFE,
    0xE6, 0xA9, 0x7B, 0x05, 0xB2, 0x1E, 0x74, 0x6C, 0x95, 0x44, 0xB2, 0x76, 0x84, 0x72, 0x84, 0x7D,
    0x45, 0xCF, 0xB7, 0x51, 0xC6, 0xC3, 0x71, 0xA3, 0xBD, 0x1F, 0x70, 0x91, 0xCF, 0xE3, 0x70, 0x27,
    0x71, 0xF5, 0x20, 0xD9, 0x8F, 0xB7, 0xC1, 0x58, 0x21, 0x93, 0x11, 0x56, 0xE0, 0x16, 0x5F, 0xFC,
    0x58, 0xCE, 0x81, 0xB6, 0x23, 0x97, 0x09, 0xF3, 0x48, 0x70, 0xC1, 0x86, 0xAF, 0x91, 0x7F, 0xE1,
    0xE3, 0x38, 0xE3, 0x0C, 0x17, 0x5D, 0x6C, 0xFA, 0xB6, 0xD3, 0x63, 0xD7, 0xDA, 0xF5, 0x7D, 0xF3,
    0x0B, 0x1F, 0x47, 0xB6, 0xCD, 0x52, 0xA5, 0x88, 0xF4, 0x9B, 0xAC, 0x9B, 0x48, 0xA4, 0x5C, 0x2F,
    0xDF, 0x93, 0x81, 0x72, 0x82, 0x66, 0x4E, 0x52, 0x2D, 0x49, 0x0A, 0x49, 0x82, 0xF8, 0x24, 0x6D,
    0x48, 0xD2, 0x44, 0x15, 0xCD, 0x4A, 0xA6, 0x4D, 0xE6, 0x13, 0xF9, 0x93, 0xF5, 0x67, 0x2A, 0x7B,
    0x97, 0x93, 0x0B, 0x0E, 0x97, 0x8B, 0x3F, 0x09, 0x6D, 0x16, 0x95, 0xAC, 0x9D, 0xB6, 0xB1, 0x0C,
    0x9B, 0x84, 0x24, 0x0B, 0x49, 0xEE, 0x72, 0xB0, 0x7C, 0xFD, 0xB3, 0x11, 0x8C, 0x3C, 0x1A, 0xA0,
    0x4E, 0x79, 0xD8, 0x57, 0x24, 0x70, 0x6A, 0xE7, 0x8A, 0xDB, 0x4D, 0x84, 0x62, 0x6E, 0xFA, 0xC4,
    0x31, 0x71, 0x4E, 0x94, 0x8D, 0x41, 0xD9, 0x76, 0x4A, 0x3B, 0x28, 0xBF, 0x3F, 0x2B, 0x5F, 0x5D,
    0x95, 0xAF, 0x88, 0xDF, 0x31, 0xB4, 0x51, 0xE9, 0x06, 0xA5, 0x99, 0x94, 0xE5, 0xA2, 0xCC, 0x45,
    0x89, 0xFC, 0xAB, 0xD2, 0xFD, 0x87, 0xB2, 0xFE, 0xB5, 0xB2, 0x5A, 0x95, 0x85, 0x28, 0xD9, 0xD8,
    0x24, 0xDA, 0x44, 0x93, 0x58, 0xCC, 0x1C, 0xCC, 0xF8, 0x24, 0xF5, 0x90, 0xC4, 0xAD, 0x49, 0x4A,
    0xE9, 0x92, 0x1E, 0x16, 0x01, 0x9E, 0xA3, 0x71, 0x76, 0x99, 0xCE, 0x5A, 0x79, 0x78, 0xF2, 0x3F,
    0xC0, 0xA9, 0x68, 0xC8, 0xFA, 0x97, 0x32, 0x93, 0x4B, 0x87, 0x11, 0x4A, 0x81, 0x5C, 0x82, 0x99,
    0xD5, 0x39, 0x9A, 0x11, 0x70, 0xBD, 0x1D, 0xD2, 0xBD, 0x5C, 0x07, 0x98, 0xC1, 0x45, 0x95, 0x31,
    0x49, 0xB5, 0x97, 0xE9, 0x31, 0x19, 0x0F, 0x2E, 0xBD, 0xCA, 0x90, 0x46, 0x69, 0x87, 0x2D, 0x58,
    0x57, 0xCD, 0x80, 0xC4, 0x42, 0x3C, 0xBB, 0x23, 0x93, 0x9E, 0x7A, 0x25, 0xAD, 0x00, 0x66, 0xF6,
    0xCB, 0x01, 0x8A, 0x6D, 0x46, 0xE6, 0x8E, 0x8C, 0xA8, 0x5D, 0x70, 0x6A, 0x79, 0x77, 0x9A, 0xFC,
    0xE6, 0x52, 0xC9, 0xDD, 0x24, 0x9B, 0x7F, 0x0E, 0xCF, 0x58, 0xEE, 0x87, 0x65, 0xBD, 0x24, 0x31,
    0xD2, 0xA9, 0x34, 0x0F, 0x26, 0x95, 0x35, 0x5B, 0x54, 0xAE, 0xF3, 0x8D, 0x67, 0xF3, 0x81, 0xDB,
    0xDE, 0xAA, 0x88, 0x08, 0x90, 0x8B, 0x2C, 0x40, 0x31, 0xD8, 0x89, 0xCD, 0x9E, 0xB1, 0xA4, 0xBF,
    0xC1, 0x75, 0x15, 0xC9, 0xD6, 0x94, 0xED, 0xAB, 0x02, 0x14, 0x9B, 0x64, 0x92, 0x6B, 0x27, 0xAF,
    0xF1, 0xDA, 0x33, 0xF7, 0xA4, 0xBF, 0x0E, 0xDF, 0x71, 0x9E, 0xB9, 0xE9, 0x8A, 0xA5, 0x1E, 0xCD,
    0x58, 0x2C, 0xAE, 0x43, 0x5D, 0xDD, 0x02, 0xF5, 0x84, 0xAA, 0x9E, 0x6B, 0xBF, 0x19, 0x75, 0x00,
    0xBB, 0x56, 0x60, 0xFE, 0x3D, 0xF8, 0x0E, 0x07, 0xCB, 0x81, 0xB3, 0x77, 0x7C, 0xD5, 0x41, 0x2B,
    0x93, 0xED, 0xA8, 0x24, 0xD5, 0xC3, 0xA9, 0x7C, 0x42, 0x39, 0xEC, 0x56, 0x8E, 0x46, 0x62, 0x3D,
    0x92, 0xAD, 0xAE, 0xB7, 0x3D, 0xC5, 0x6C, 0xB5, 0x1C, 0x66, 0x48, 0xE5, 0xB0, 0x5D, 0x2A, 0x47,
    0xEB, 0x35, 0xF3, 0x6C, 0x45, 0xA5, 0x98, 0x93, 0x98, 0x21, 0x95, 0xCA, 0x45, 0x95, 0xAE, 0xF5,
    0x98, 0xC1, 0xFE, 0x6A, 0x4D, 0xE5, 0x78, 0x34, 0xA5, 0x72, 0xC8, 0xB0, 0x95, 0x23, 0x9E, 0x94,
    0x23, 0x97, 0x54, 0x8E, 0x52, 0x52, 0x39, 0xCC, 0xFF, 0xA4, 0x72, 0xD4, 0x31, 0x95, 0xA3, 0x84,
    0xDB, 0x5C, 0xB5, 0xBC, 0x57, 0x16, 0x0B, 0xC7, 0x6F, 0x13, 0x99, 0xFA, 0x42, 0x99, 0xC8, 0x0B,
    0xA7, 0xD3, 0xD7, 0x99, 0x6F, 0x3D, 0xD4, 0xDD, 0xEF, 0x9C, 0x01, 0x6C, 0xD7, 0xC4, 0x34, 0x77,
    0xF7, 0xD0, 0x46, 0x3B, 0x92, 0x8B, 0x37, 0x2B, 0x95, 0x96, 0xF6, 0x23, 0x99, 0xC9, 0x44, 0x64,
    0x84, 0x6D, 0x71, 0x77, 0x4D, 0x1E, 0x72, 0xD5, 0x7E, 0xAC, 0x28, 0x67, 0xA5, 0x5D, 0xB7, 0xBC,
    0x94, 0xDA, 0x84, 0xBB, 0x7C, 0xF5, 0xF2, 0x3A, 0x4F, 0x6C, 0x3B, 0xA0, 0x90, 0x09, 0x30, 0x8F,
    0x56, 0xC0, 0xA5, 0x65, 0xBD, 0x2E, 0x20, 0xBF, 0x6A, 0x19, 0xE9, 0x02, 0x54, 0x2F, 0xD4, 0xCB,
    0x9B, 0x5E, 0x3A, 0x68, 0x13, 0xB7, 0x1E, 0x5D, 0x8A, 0x7E, 0xF5, 0xDE, 0xBD, 0x6C, 0x13, 0xB3,
    0x89, 0x06, 0x83, 0x52, 0xE2, 0xF1, 0x2D, 0x04, 0x77, 0x37, 0xC9, 0x73, 0x1C, 0xEC, 0x0B, 0xFC,
    0x01, 0x84, 0x06, 0xFE, 0xBC, 0xE5, 0x9C, 0x27, 0x7F, 0x9F, 0xF4, 0xC7, 0xAF, 0x92, 0xE2, 0x15,
    0xDD, 0xAE, 0xAF, 0x1D, 0x74, 0x5D, 0x3A, 0xED, 0x50, 0xA5, 0x55, 0xE9, 0xE3, 0x28, 0x15, 0x66,
    0x6A, 0x22, 0xCD, 0x90, 0xAE, 0x50, 0x84, 0x1D, 0x16, 0x9A, 0xFB, 0x97, 0x77, 0x9F, 0xFC, 0x0D,
    0x14, 0xCE, 0x7E, 0xA2, 0x14, 0x09, 0x50, 0x8A, 0x6C, 0x0B, 0xF1, 0x19, 0x5C, 0x5F, 0x2E, 0xC9,
    0x67, 0x05, 0x41, 0x79, 0xD8, 0xB3, 0x99, 0x1B, 0x69, 0x91, 0xDF, 0x2C, 0xD8, 0x5E, 0x29, 0x21,
    0x71, 0x80, 0x85, 0x76, 0x51, 0x96, 0xE2, 0x77, 0xA4, 0x8D, 0x4A, 0xDB, 0x2B, 0xCD, 0xA0, 0xAC,
    0x12, 0xCB, 0xF1, 0x2A, 0x53, 0x7F, 0xF2, 0x29, 0xBD, 0xED, 0x58, 0xEA, 0x8F, 0x24, 0xB0, 0x18,
    0x59, 0x61, 0xC9, 0x65, 0x24, 0x55, 0xEC, 0x68, 0xBD, 0xA2, 0x98, 0x94, 0xA5, 0x28, 0xB3, 0xFD,
    0xBB, 0x32, 0x9C, 0x2C, 0x45, 0xAF, 0x5A, 0x25, 0xE1, 0x12, 0x1A, 0x99, 0x84, 0x5C, 0x64, 0x15,
    0x4A, 0xF9, 0x85, 0x08, 0x66, 0xA6, 0x16, 0xBD, 0xB2, 0x14, 0x5C, 0x24, 0x17, 0x9A, 0x08, 0x3B,
    0x06, 0x65, 0xEB, 0x0F, 0x6C, 0x69, 0xFC, 0xB1, 0x5F, 0x3D, 0xB3, 0x1D, 0xFB, 0xF4, 0xE6, 0x4D,
    0x18, 0xA1, 0x92, 0xBF, 0x68, 0x85, 0x22, 0x45, 0x46, 0xF4, 0x2E, 0xD4, 0x12, 0x84, 0xC7, 0xA7,
    0x8F, 0x3C, 0x42, 0xCA, 0x16, 0x70, 0x93, 0x52, 0x3A, 0xA0, 0x58, 0x01, 0xB2, 0x9E, 0xA7, 0x77,
    0xE4, 0x4D, 0x77, 0x9C, 0x0D, 0x2A, 0x59, 0x00, 0xDB, 0x6B, 0xF0, 0x6F, 0x63, 0xFC, 0xD3, 0x37,
    0xE6, 0x7C, 0xAC, 0x02, 0x98, 0xD5, 0x44, 0xB0, 0x22, 0x1E, 0x9C, 0x11, 0xE0, 0xC5, 0x7C, 0x7A,
    0x0A, 0x2B, 0x5C, 0x07, 0xAB, 0x23, 0xEC, 0xDB, 0xED, 0x13, 0xFD, 0xC8, 0xAD, 0x1F, 0x9E, 0xCA,
    0xB7, 0xE2, 0xF9, 0x44, 0xE9, 0x81, 0xFC, 0xD1, 0x08, 0x14, 0xDD, 0x3D, 0x65, 0x7C, 0xE3, 0xD8,
    0xCE, 0x65, 0x3C, 0xCE, 0xBD, 0x9C, 0x3D, 0x95, 0x6F, 0x35, 0x56, 0xC2, 0x35, 0xE9, 0x74, 0x04,
    0x93, 0x95, 0x05, 0xA3, 0xFE, 0x22, 0xC1, 0xAD, 0x77, 0x44, 0xFE, 0x49, 0xBA, 0xBA, 0x43, 0x26,
    0xEC, 0x50, 0x42, 0xD3, 0x53, 0x8D, 0xA0, 0xB7, 0x2A, 0xE6, 0xA3, 0xDE, 0x11, 0xB5, 0xB9, 0x90,
    0x4D, 0xEB, 0xBD, 0xBA, 0x11, 0xB7, 0x7D, 0xC8, 0xAA, 0x1F, 0xB4, 0x60, 0xBB, 0x4D, 0xDD, 0xA0,
    0xFD, 0x3E, 0x93, 0x85, 0xAC, 0x77, 0xDD, 0xB7, 0x44, 0xBA, 0x7A, 0xB0, 0x22, 0xBF, 0x12, 0x91,
    0xC9, 0xE8, 0xBD, 0x45, 0xBA, 0x5C, 0x26, 0x4A, 0x59, 0xE0, 0xCC, 0xA7, 0x89, 0x6E, 0xB3, 0x52,
    0x7A, 0x68, 0x64, 0x25, 0x13, 0x91, 0x58, 0xCA, 0x4F, 0x65, 0xD0, 0x72, 0xF5, 0x76, 0xA0, 0x88,
    0xE9, 0x3E, 0xDB, 0x4D, 0xBD, 0x82, 0x23, 0xBC, 0x22, 0x00, 0xC9, 0xC5, 0xF6, 0xE4, 0xDE, 0x4C,
    0x54, 0x5D, 0x25, 0xBE, 0x19, 0x72, 0x11, 0xE9, 0x68, 0x45, 0xA0, 0x92, 0x11, 0x78, 0x1F, 0x40,
    0x1B, 0xB9, 0x78, 0x45, 0x04, 0x4C, 0x0F, 0x54, 0x0A, 0xCD, 0xA2, 0x4C, 0x93, 0xC5, 0xC4, 0xA9,
    0x65, 0x1D, 0x50, 0x8C, 0xEA, 0xBB, 0xA6, 0x6B, 0xC3, 0xDE, 0x99, 0x22, 0x72, 0xD5, 0xAE, 0x49,
    0x0F, 0xEE, 0x34, 0x8F, 0xDE, 0x4C, 0xD4, 0x63, 0xDD, 0x53, 0xCE, 0xA9, 0xAE, 0x2E, 0x90, 0x2F,
    0x8D, 0x88, 0x9C, 0x22, 0x3C, 0x9E, 0xC7, 0x00, 0x98, 0x89, 0xAC, 0xAB, 0xE4, 0xEE, 0x0F, 0x53,
    0x1E, 0x23, 0x8D, 0x26, 0x53, 0xC9, 0xC3, 0xC7, 0xE6, 0x8B, 0x22, 0xA8, 0x67, 0x07, 0x34, 0x03,
    0x64, 0xD2, 0xED, 0x97, 0xEE, 0x79, 0xC7, 0x97, 0x3D, 0x34, 0x89, 0x50, 0xC8, 0x00, 0x26, 0x4D,
    0xBA, 0x1F, 0x08, 0xBC, 0x48, 0xFD, 0xE5, 0x8D, 0x2A, 0xFD, 0x34, 0xB1, 0x8D, 0x12, 0x90, 0x0F,
    0x24, 0xA6, 0xD6, 0xD6, 0x07, 0x5F, 0x6A, 0xAD, 0x4A, 0x8F, 0xE9, 0x70, 0x13, 0xD5, 0x0A, 0xAD,
    0x3F, 0x2D, 0x51, 0xF6, 0x0E, 0xD9, 0xF2, 0x19, 0x77, 0xB5, 0xEF, 0x6E, 0x0B, 0x16, 0xEA, 0x19,
    0xD7, 0xF1, 0xE2, 0x69, 0x7E, 0x6F, 0x53, 0x8E, 0x9F, 0x71, 0x4F, 0x26, 0xF1, 0xF8, 0x2B, 0x2B,
    0x7D, 0xB4, 0x2F, 0x5D, 0x7D, 0xB2, 0xAF, 0x7B, 0x68, 0x3E, 0xBF, 0x43, 0x1F, 0x94, 0x3E, 0x31,
    0x7D, 0x74, 0xAA, 0x7A, 0x0E, 0xFC, 0x4E, 0xEF, 0x49, 0xEE, 0x01, 0x33, 0x02, 0xB5, 0xE0, 0xA9,
    0x44, 0x7A, 0x68, 0x65, 0xC0, 0xCA, 0x0A, 0xCD, 0x2A, 0xF0, 0xA6, 0x6F, 0x02, 0xF9, 0x3F, 0xDB,
    0x88, 0x95, 0x07, 0x3D, 0x22, 0x32, 0x14, 0x3B, 0x8C, 0x66, 0xA1, 0x9D, 0xEA, 0x81, 0x7A, 0x72,
    0x91, 0x6A, 0x76, 0x69, 0x31, 0xEB, 0x15, 0x90, 0xEF, 0xE1, 0x15, 0x81, 0x42, 0x5D, 0xCA, 0xD1,
    0xF6, 0x98, 0xC1, 0x4C, 0xB8, 0x5E, 0xDF, 0xB6, 0x98, 0x8B, 0x08, 0x34, 0x32, 0x43, 0x25, 0x1D,
    0x70, 0x1D, 0xA8, 0xFA, 0x6F, 0x83, 0x5D, 0x2C, 0x34, 0x22, 0x70, 0xCF, 0xCE, 0xF0, 0x46, 0xD9,
    0x73, 0xC5, 0x6E, 0xF8, 0xF6, 0x43, 0x9A, 0x7F, 0x94, 0x95, 0xE6, 0x3D, 0x11, 0xDF, 0x68, 0xBC,
    0x66, 0xC4, 0x75, 0x4D, 0x87, 0xED, 0x9B, 0x48, 0xDD, 0x37, 0x01, 0x33, 0xFC, 0x36, 0xF8, 0x5F,
    0xCC, 0x92, 0x21, 0x8C, 0x24, 0x45, 0x14, 0x86, 0xBF, 0x99, 0xCE, 0x31, 0x09, 0x13, 0x28, 0xC3,
    0xEA, 0xF6, 0x97, 0x90, 0xF6, 0xAA, 0xCA, 0xE1, 0x13, 0xD6, 0x7B, 0x82, 0x0F, 0xE6, 0xA8, 0xCE,
    0xD9, 0x13, 0x1C, 0x5E, 0x80, 0xF7, 0x02, 0x43, 0xBA, 0x1C, 0xB6, 0xCF, 0x9B, 0x11, 0x17, 0x04,
    0xE6, 0x4A, 0xB4, 0x68, 0xD1, 0xDD, 0x3F, 0xF7, 0x87, 0x9D, 0xDE, 0x5C, 0xB2, 0x02, 0x30, 0x3B,
    0x2F, 0x9B, 0x2F, 0xDB, 0xAF, 0xAA, 0xFA, 0xFD, 0x5F, 0x4D, 0xE3, 0x82, 0xC3, 0x68, 0x36, 0x93,
    0x19, 0x36, 0xF3, 0xA8, 0x1E, 0xA0, 0xFB, 0x67, 0xA1, 0xF0, 0x54, 0x7D, 0xA6, 0xF7, 0x40, 0x94,
    0xE0, 0x20, 0x69, 0xE4, 0xA4, 0x3F, 0x87, 0x89, 0xB0, 0x12, 0x16, 0xBA, 0x4A, 0xB3, 0x11, 0x47,
    0x10, 0xB1, 0x80, 0x52, 0xEE, 0x61, 0x48, 0x39, 0x41, 0xEE, 0x1F, 0xD8, 0x43, 0x4E, 0xB9, 0xB8,
    0xEF, 0x3D, 0xF2, 0xA9, 0xE3, 0x46, 0x98, 0x39, 0x2F, 0x9C, 0xF4, 0x36, 0xCF, 0x1C, 0x25, 0x5D,
    0x20, 0x4B, 0x09, 0xCE, 0x9A, 0x01, 0xEE, 0x78, 0xAC, 0xA6, 0x37, 0xC3, 0x68, 0xE6, 0x8A, 0xA3,
    0x8C, 0x6E, 0xAF, 0xD8, 0x62, 0xE4, 0x76, 0x93, 0xAB, 0x38, 0xA7, 0x2A, 0x10, 0xB4, 0x00, 0xF1,
    0x9D, 0x80, 0xAF, 0x69, 0x6F, 0x30, 0xF3, 0xA9, 0x86, 0x04, 0xED, 0xDA, 0xA6, 0x87, 0x0C, 0xBC,
    0x6A, 0x57, 0xE0, 0xFB, 0xE3, 0x74, 0x83, 0x69, 0xBB, 0xF4, 0x23, 0x30, 0x14, 0xF5, 0xA0, 0x77,
    0x2A, 0xD7, 0xFF, 0xDD, 0x77, 0x71, 0x83, 0x99, 0x79, 0x65, 0x08, 0x0F, 0x4F, 0xC6, 0xDE, 0xBB,
    0xD6, 0xDD, 0xFD, 0xFD, 0xFD, 0xB7, 0x51, 0xD2, 0xB6, 0x63, 0xE5, 0xB1, 0xF8, 0xEA, 0xD3, 0x17,
    0x18, 0xE8, 0xBA, 0xB0, 0x2B, 0xFE, 0x00, 0x3E, 0x89, 0x15, 0x97, 0x47, 0xC5, 0xCE, 0x8A, 0x0C,
    0x56, 0x3C, 0xC8, 0x8A, 0xA7, 0xC5, 0x8A, 0xA1, 0x5A, 0x31, 0x16, 0x2B, 0xFA, 0x39, 0xBF, 0x5E,
    0xAD, 0xF8, 0xC7, 0x6C, 0xC5, 0x0F, 0x17, 0x2B, 0xAA, 0x58, 0x51, 0x8F, 0x8A, 0x67, 0x2B, 0xD2,
    0xC9, 0x8A, 0xF1, 0x8D, 0x15, 0xBF, 0xB4, 0xE2, 0x27, 0x75, 0x36, 0xDA, 0x11, 0x88, 0x93, 0x1F,
    0xB7, 0x6B, 0xEC, 0x27, 0xBE, 0xFE, 0x97, 0x89, 0xCF, 0x7F, 0xCD, 0x3D, 0xA1, 0xFE, 0x4F, 0xC4,
    0x82, 0x41, 0x5B, 0x63, 0x25, 0xD6, 0x6E, 0x3D, 0xAA, 0x06, 0xE9, 0x43, 0x6D, 0xA4, 0x9F, 0x2A,
    0xC3, 0x1A, 0x2A, 0x2F, 0x12, 0xD7, 0xFA, 0xC2, 0xC8, 0xC9, 0x81, 0xCA, 0x43, 0xB4, 0xB6, 0x02,
    0x21, 0x3D, 0x77, 0xB4, 0xC6, 0x59, 0x82, 0x7A, 0x88, 0xBA, 0x80, 0xBE, 0x99, 0x61, 0xE2, 0xB7,
    0xE7, 0x4B, 0xF5, 0xFB, 0x61, 0xA6, 0xD1, 0x69, 0xDB, 0xB1, 0xE2, 0x1E, 0xC0, 0xB3, 0xFF, 0x8C,
    0x1C, 0x8B, 0x79, 0xAE, 0x66, 0x9C, 0x4D, 0x8D, 0xD7, 0x4B, 0x84, 0x0B, 0x4F, 0xD5, 0x77, 0x3D,
    0xBC, 0x7C, 0x9B, 0x0B, 0xE4, 0x12, 0x2F, 0xA0, 0xBE, 0xAD, 0xA0, 0x14, 0x26, 0x0E, 0xFE, 0xC4,
    0x69, 0x56, 0xFC, 0xB7, 0x70, 0xDC, 0x38, 0xCF, 0x20, 0x42, 0x85, 0xC1, 0xDB, 0xC8, 0xA5, 0x1B,
    0x21, 0x8E, 0xB1, 0x40, 0xEB, 0xCC, 0x84, 0x69, 0x70, 0x84, 0x59, 0x78, 0xEE, 0xEA, 0x50, 0x5A,
    0x00, 0x34, 0x63, 0x56, 0x33, 0x5F, 0xC0, 0xC7, 0x30, 0x8B, 0xE9, 0xA3, 0x20, 0x76, 0x1E, 0x57,
    0xB3, 0x59, 0x4C, 0x4F, 0xE5, 0xE3, 0x55, 0x02, 0x31, 0xED, 0xBB, 0xFF, 0x25, 0x87, 0xF7, 0x90,
    0xDF, 0x48, 0x90, 0x07, 0x69, 0x24, 0xEB, 0x2F, 0x55, 0xF2, 0x4A, 0x3B, 0x93, 0xAB, 0x27, 0xE4,
    0x91, 0xC3, 0x46, 0x2E, 0x20, 0x9F, 0x62, 0x20, 0xA7, 0x9D, 0xD7, 0x8E, 0x57, 0x4D, 0xEF, 0xAC,
    0xBE, 0x90, 0x3C, 0x13, 0x16, 0xB2, 0x7E, 0x1E, 0xA6, 0x8F, 0x94, 0xDF, 0xFC, 0x8B, 0x94, 0xC8,
    0xAF, 0x35, 0x7B, 0xEE, 0x8B, 0xFF, 0x94, 0xF3, 0xCE, 0x80, 0xB6, 0xEF, 0x12, 0xC4, 0xCB, 0x50,
    0x7C, 0x49, 0xDA, 0xF9, 0xF7, 0xC0, 0xE2, 0x40, 0x30, 0x0C, 0x62, 0x10, 0x00, 0xDD, 0x9A, 0x31,
    0x8C, 0xE6, 0x46, 0x15, 0xC7, 0xFF, 0xB6, 0x73, 0x71, 0xC0, 0x52, 0x7C, 0xC5, 0x1D, 0x45, 0x22,
    0xE2, 0x14, 0x54, 0x87, 0x88, 0xFB, 0x02, 0x3C, 0x40, 0x41, 0x41, 0x91, 0x43, 0xCA, 0x0A, 0x24,
    0x8A, 0x50, 0x50, 0x1D, 0xA0, 0xB4, 0x14, 0x90, 0x99, 0x5C, 0x4A, 0x0A, 0x16, 0x04, 0x29, 0xA3,
    0x14, 0x08, 0x25, 0x97, 0xE2, 0x1A, 0x0A, 0x0A, 0x12, 0x5B, 0xF4, 0x85, 0x53, 0xA4, 0x37, 0x28,
    0x01, 0x29, 0x14, 0xE7, 0xE2, 0x13, 0xF8, 0x2E, 0xB6, 0x1F, 0xF3, 0x7F, 0xB3, 0x5E, 0x5B, 0x97,
    0x4D, 0x16, 0x36, 0x7B, 0xBB, 0xB7, 0x37, 0xEB, 0xEF, 0xF7, 0x26, 0xB3, 0x33, 0x33, 0xEF, 0xFD,
    0x9F, 0xF7, 0xF3, 0x78, 0x72, 0x88, 0xF6, 0xF6, 0x5E, 0x00, 0x90, 0x88, 0x4C, 0xAB, 0xD1, 0xC6,
    0x4F, 0x96, 0xD0, 0x96, 0xCC, 0x6A, 0x32, 0x51, 0x93, 0x8B, 0xA1, 0x29, 0xC4, 0xD1, 0x94, 0xD2,
    0xD0, 0x54, 0xB7, 0x5B, 0x9A, 0xFA, 0xF9, 0x9E, 0x46, 0x72, 0x9A, 0x68, 0xCE, 0x06, 0x00, 0xF1,
    0x94, 0x8C, 0x9C, 0x64, 0x4C, 0xB8, 0x50, 0x3A, 0xC4, 0x9C, 0xCD, 0x77, 0x90, 0x60, 0x6A, 0x07,
    0x94, 0x2D, 0x6C, 0x03, 0x54, 0x1F, 0xEE, 0xD9, 0x16, 0xB0, 0x22, 0xD2, 0x01, 0x9E, 0xD2, 0x07,
    0xB3, 0x43, 0x3C, 0xEF, 0xED, 0xFD, 0x70, 0x44, 0x32, 0x82, 0x9F, 0xD4, 0x9B, 0x78, 0x46, 0xB6,
    0x03, 0x22, 0x81, 0x2E, 0x26, 0xA6, 0xE8, 0xE8, 0x80, 0xAB, 0xE8, 0x48, 0xD5, 0xA0, 0x10, 0x01,
    0xB6, 0xFC, 0xD4, 0x92, 0x89, 0xBB, 0xC5, 0x55, 0x07, 0x41, 0x2C, 0x32, 0x0B, 0x52, 0xF9, 0x87,
    0x08, 0xF2, 0x11, 0x85, 0xA0, 0xEC, 0x91, 0x0A, 0xE7, 0x8B, 0x45, 0x7D, 0xF4, 0x74, 0x64, 0x6D,
    0x16, 0xD6, 0xB0, 0x66, 0x69, 0xD7, 0x9E, 0x91, 0x67, 0x87, 0x44, 0x50, 0x0C, 0xC8, 0x05, 0x99,
    0x7C, 0xAF, 0x16, 0x24, 0x3A, 0x33, 0x44, 0x06, 0x51, 0xED, 0xE4, 0x50, 0xDD, 0x1F, 0xA9, 0x8D,
    0x87, 0x68, 0x54, 0xCD, 0xBE, 0x3B, 0xA8, 0x90, 0xD2, 0x6F, 0xD4, 0x8D, 0xEF, 0x3E, 0x2A, 0x59,
    0x09, 0xA5, 0x42, 0xCE, 0x89, 0x5D, 0xE9, 0x80, 0xA2, 0xAB, 0xD5, 0xFD, 0x99, 0xDE, 0x88, 0x06,
    0x6F, 0xF7, 0x1F, 0x9A, 0x0C, 0x5D, 0x6C, 0xC1, 0xEB, 0x06, 0x60, 0x17, 0x92, 0xDD, 0xD4, 0xEF,
    0x16, 0x5B, 0xF3, 0x9F, 0x26, 0xC4, 0xD4, 0x6B, 0xCF, 0x10, 0x05, 0xAE, 0x9C, 0xA7, 0xF0, 0xAF,
    0xA8, 0xF0, 0xAA, 0x19, 0xCA, 0xA0, 0x2A, 0x01, 0x1B, 0xF8, 0xBA, 0xB6, 0xA8, 0xEA, 0xB9, 0x06,
    0x16, 0x5D, 0xC7, 0x61, 0x89, 0x5B, 0xB2, 0x08, 0xEA, 0xEF, 0x34, 0x80, 0xFD, 0xC3, 0xD0, 0x63,
    0xAC, 0x25, 0xDA, 0x23, 0x2D, 0xFB, 0xA4, 0x22, 0x62, 0x50, 0xA8, 0xDA, 0xB5, 0xBC, 0x2D, 0x43,
    0x24, 0x1D, 0xCA, 0x21, 0x11, 0x83, 0xB4, 0xCB, 0x46, 0x00, 0x2E, 0xD7, 0xF1, 0x65, 0x4F, 0x56,
    0xAD, 0xB2, 0xC1, 0xF1, 0x6C, 0xD7, 0x51, 0xF9, 0x4E, 0x39, 0x91, 0x9C, 0x39, 0x6E, 0x62, 0xD9,
    0xD1, 0xD1, 0x5A, 0xFE, 0xE5, 0x2B, 0xA5, 0x26, 0x59, 0x3D, 0x51, 0xAF, 0xD6, 0x9B, 0x8E, 0x25,
    0x3D, 0x94, 0xA2, 0xEE, 0x38, 0xDC, 0x01, 0x2A, 0x4F, 0xE2, 0xF0, 0x89, 0x92, 0x4A, 0xC7, 0x19,
    0x66, 0x44, 0x22, 0xD2, 0xA4, 0xF2, 0x9A, 0xF4, 0xCC, 0x56, 0x57, 0xF6, 0x48, 0x1A, 0xF5, 0xAB,
    0xE2, 0x28, 0x6B, 0x08, 0x1C, 0xC2, 0x10, 0x6E, 0x71, 0xBD, 0xEC, 0x10, 0x9B, 0x7C, 0x40, 0xD6,
    0x66, 0x62, 0x6C, 0x1F, 0x8B, 0x48, 0x8B, 0x5A, 0x04, 0xC8, 0xD4, 0xB7, 0x3D, 0x1C, 0x3A, 0x98,
    0x08, 0x99, 0x0B, 0x63, 0xB5, 0x77, 0xE8, 0xD5, 0x1C, 0x31, 0xCA, 0xEB, 0xB8, 0x72, 0x21, 0xC5,
    0x8E, 0xD8, 0x98, 0x32, 0x9C, 0x82, 0xBF, 0xB1, 0x37, 0x27, 0xE0, 0xE7, 0xF8, 0xDA, 0x79, 0xEA,
    0x7C, 0x99, 0x88, 0xE6, 0x55, 0xED, 0xC0, 0x58, 0x89, 0x1F, 0xE3, 0xC2, 0xE9, 0xFC, 0xF2, 0xA2,
    0x73, 0x2C, 0xEE, 0xA0, 0x86, 0x77, 0xA1, 0xE5, 0x3C, 0x75, 0xC6, 0x63, 0x00, 0x26, 0xBC, 0xE3,
    0x59, 0xDF, 0xA1, 0x44, 0x85, 0x74, 0xEA, 0x01, 0xE7, 0xC1, 0x5B, 0x17, 0xF3, 0xCB, 0xE3, 0xEB,
    0xF8, 0x05, 0x50, 0xDD, 0x1C, 0x81, 0x5C, 0x7A, 0x0E, 0x6F, 0x55, 0xF1, 0xF3, 0xD3, 0xF9, 0x31,
    0x44, 0xEC, 0xE9, 0x8A, 0x06, 0x28, 0xEE, 0x89, 0xA1, 0x4F, 0xD4, 0x09, 0xD2, 0x93, 0xD7, 0x1C,
    0xC9, 0x72, 0x55, 0x77, 0xA4, 0x56, 0x64, 0x56, 0x4A, 0xA7, 0x1C, 0x61, 0x3F, 0xBA, 0x25, 0xC2,
    0x45, 0x53, 0x69, 0x3C, 0x51, 0xB7, 0x64, 0xD5, 0x93, 0xF9, 0x8E, 0xCC, 0x06, 0x32, 0x1D, 0xC9,
    0xE4, 0x78, 0x6A, 0x4F, 0x1D, 0xA5, 0x33, 0xAC, 0xB3, 0x09, 0x67, 0x7E, 0x5A, 0x1C, 0xD7, 0x15,
    0x90, 0x83, 0xB2, 0x25, 0xEF, 0x42, 0x4B, 0x1D, 0x77, 0x6A, 0xB2, 0x31, 0x98, 0x39, 0x34, 0x06,
    0x83, 0xD0, 0x98, 0x0C, 0x6A, 0xB2, 0x56, 0x4D, 0x44, 0xB1, 0xF7, 0x6B, 0x8D, 0x6D, 0xF0, 0x86,
    0x2A, 0x09, 0xDB, 0x7E, 0x5F, 0x0B, 0x90, 0x8F, 0xC8, 0x05, 0xA0, 0xEC, 0xA2, 0x77, 0x41, 0x24,
    0x41, 0x5C, 0x01, 0x34, 0x5A, 0x8A, 0xBE, 0x9A, 0xB5, 0x31, 0x74, 0xD1, 0x67, 0x2C, 0x13, 0xA1,
    0xC3, 0x99, 0x0A, 0x01, 0x98, 0x0C, 0x39, 0x5C, 0x08, 0xB5, 0x8C, 0x5C, 0xFD, 0x69, 0xE9, 0x68,
    0x40, 0x95, 0xB9, 0xFF, 0x37, 0x08, 0xB7, 0x73, 0x17, 0xCC, 0x1C, 0x8C, 0x34, 0x48, 0xE7, 0x5B,
    0xB7, 0x79, 0x83, 0x0D, 0x80, 0x1D, 0xD5, 0x64, 0x93, 0x9A, 0x44, 0xD4, 0x40, 0x8C, 0x9A, 0xDA,
    0xA9, 0xB1, 0x8D, 0x9A, 0xAA, 0xA9, 0x64, 0x08, 0x66, 0xDC, 0x98, 0xAF, 0xCE, 0x6F, 0xD2, 0x1C,
    0x74, 0x39, 0x1C, 0xB0, 0x0E, 0x17, 0xB3, 0x99, 0x3A, 0x9F, 0x68, 0xA2, 0x7A, 0x08, 0xBE, 0xF4,
    0xC1, 0x38, 0x35, 0x13, 0xD4, 0xEC, 0x43, 0x4B, 0xBD, 0xF2, 0xAA, 0xFC, 0x4E, 0xC5, 0x1D, 0x37,
    0x1C, 0xB6, 0x7D, 0x82, 0xFE, 0x41, 0xFE, 0x20, 0x4A, 0x10, 0x3F, 0x68, 0x1F, 0xA4, 0x0F, 0xCA,
    0x07, 0xE1, 0x55, 0x62, 0xEA, 0xBD, 0xD2, 0x29, 0x9B, 0x75, 0x5B, 0x13, 0x14, 0x0F, 0x82, 0xAB,
    0xDE, 0x8B, 0xDC, 0xAA, 0xF6, 0x22, 0xF6, 0x0B, 0xCB, 0xAB, 0x56, 0x42, 0xFF, 0x15, 0xDB, 0x37,
    0x2F, 0xBD, 0xEB, 0x7D, 0x26, 0x2C, 0x75, 0x5F, 0xE1, 0xEF, 0xF8, 0x5B, 0x8E, 0x4B, 0xE2, 0xD3,
    0xF1, 0xBE, 0x9F, 0xC5, 0x8A, 0x8C, 0x5B, 0x68, 0x9B, 0x03, 0x8E, 0xC1, 0xBA, 0xD0, 0x0A, 0x94,
    0x22, 0x40, 0x45, 0xB0, 0x76, 0x64, 0x79, 0x5C, 0x3A, 0xA0, 0xDA, 0x7E, 0x65, 0x74, 0xF9, 0x80,
    0x62, 0x57, 0x74, 0x48, 0xC7, 0xAA, 0x41, 0x32, 0x56, 0x0E, 0xF1, 0xC4, 0xF9, 0xB6, 0x70, 0xDB,
    0xAF, 0x0C, 0xAA, 0x0D, 0xCA, 0x16, 0xB5, 0x99, 0xEC, 0xBF, 0xA8, 0x5F, 0x19, 0x3B, 0x7A, 0xD4,
    0x22, 0x93, 0xBB, 0xD4, 0xE3, 0xE0, 0x0D, 0x29, 0x1E, 0x30, 0x02, 0xF2, 0x9D, 0x81, 0xFE, 0xF6,
    0x40, 0x21, 0x0D, 0xDF, 0x8B, 0x1E, 0x32, 0xD5, 0xB4, 0xBC, 0x8C, 0xC2, 0xA0, 0x42, 0x65, 0x50,
    0xBE, 0x27, 0x40, 0x2E, 0x23, 0x90, 0xCA, 0x4E, 0x6F, 0xF1, 0x73, 0xD1, 0x4F, 0x77, 0x10, 0xF1,
    0xB4, 0xEC, 0x1C, 0x52, 0x22, 0x99, 0x74, 0xF3, 0xF0, 0xB0, 0xE9, 0x57, 0x02, 0x00, 0x2B, 0x1B,
    0x54, 0x38, 0xDF, 0xFB, 0xEF, 0xA1, 0x11, 0x27, 0x1F, 0xD4, 0x6B, 0x62, 0x7D, 0x0C, 0xBF, 0xBE,
    0xBC, 0x0E, 0xE5, 0xB3, 0xBE, 0x0C, 0x9D, 0x95, 0x38, 0x5C, 0xED, 0xE9, 0xDD, 0xF2, 0x26, 0x59,
    0x68, 0x77, 0xA2, 0xF8, 0x27, 0x3D, 0x0D, 0x4F, 0x11, 0x17, 0xBE, 0xF2, 0x0C, 0x2E, 0x23, 0xD2,
    0xF3, 0x0D, 0xB9, 0x3D, 0x00, 0xA5, 0xB4, 0x40, 0x26, 0xF4, 0xF6, 0xCD, 0x87, 0xF1, 0xEF, 0xF7,
    0x19, 0x3C, 0x07, 0x94, 0xEF, 0xCD, 0x74, 0x72, 0x00, 0x62, 0xC6, 0x82, 0xBA, 0x39, 0xB7, 0xFB,
    0xEF, 0x90, 0x91, 0x0A, 0x8A, 0x4C, 0x1D, 0x42, 0xF5, 0xF1, 0x48, 0xF3, 0xAE, 0xA9, 0x69, 0x9E,
    0xC5, 0x13, 0xD8, 0x94, 0x3D, 0x43, 0x96, 0x32, 0x79, 0x86, 0x6D, 0x18, 0x0A, 0x6F, 0xF4, 0xDB,
    0xF3, 0x8F, 0x22, 0x88, 0x64, 0x87, 0x6C, 0xD6, 0xDD, 0x24, 0x06, 0x64, 0xEC, 0x76, 0x99, 0x6E,
    0xAC, 0x9B, 0x4E, 0x54, 0x5D, 0x30, 0xCD, 0x7D, 0xE6, 0xD2, 0xDE, 0xDE, 0x75, 0x6F, 0x32, 0x91,
    0x7E, 0x31, 0xAD, 0x9A, 0xB2, 0xC3, 0xE3, 0xB7, 0x6E, 0xF7, 0x05, 0x87, 0x17, 0xDC, 0x3D, 0x02,
    0x65, 0x97, 0xCD, 0x3A, 0x2A, 0xA1, 0xEB, 0xFE, 0xC3, 0x65, 0x85, 0x4E, 0x7C, 0x44, 0xD7, 0x72,
    0x8D, 0x56, 0x1D, 0x54, 0x2D, 0x18, 0xF1, 0xBA, 0x1D, 0xDF, 0x78, 0x41, 0xC7, 0x91, 0xCA, 0x0C,
    0x3D, 0x2F, 0xE2, 0xCD, 0x6E, 0x32, 0x77, 0xF4, 0x77, 0xC2, 0xFE, 0x35, 0x03, 0x2B, 0x5E, 0x7A,
    0x66, 0xA5, 0x76, 0xA9, 0x7C, 0x58, 0x8B, 0xCB, 0x27, 0x64, 0xE2, 0xCA, 0x1E, 0xB1, 0xE8, 0xC9,
    0x88, 0x67, 0x03, 0xD4, 0x7A, 0x7B, 0x59, 0x67, 0x0D, 0x50, 0x2D, 0x74, 0xCA, 0x86, 0xED, 0xEC,
    0xC3, 0x51, 0x14, 0x3E, 0x1F, 0x79, 0x3F, 0x67, 0xF2, 0x1B, 0x2B, 0x2E, 0xD6, 0x99, 0x51, 0xCB,
    0x54, 0x39, 0x66, 0xC3, 0x13, 0x57, 0x43, 0x4E, 0x51, 0x1B, 0x52, 0x00, 0xA3, 0xE7, 0x2E, 0x77,
    0x51, 0x8C, 0xD0, 0xA4, 0x2E, 0x69, 0x28, 0x35, 0x8A, 0xE8, 0x86, 0xFE, 0xA1, 0xFE, 0x20, 0x64,
    0xF6, 0x5D, 0x58, 0x1A, 0xFB, 0xDB, 0x39, 0x64, 0x6D, 0x5C, 0xCF, 0x64, 0x98, 0xE0, 0x47, 0x31,
    0xB1, 0x25, 0xF2, 0xC6, 0xB3, 0x29, 0x3C, 0xF3, 0x8E, 0xAA, 0x65, 0x22, 0x1A, 0x93, 0x06, 0xFF,
    0x52, 0x7B, 0x91, 0x13, 0xBB, 0x1E, 0xA1, 0x09, 0xC1, 0x65, 0x36, 0x06, 0x62, 0xD6, 0x2E, 0x8F,
    0x52, 0x62, 0x0B, 0xB7, 0x7A, 0x61, 0xFB, 0xB5, 0xCE, 0xF6, 0xB5, 0x5C, 0xF0, 0xC4, 0x3E, 0x02,
    0x79, 0xC2, 0x65, 0x65, 0x32, 0x05, 0x23, 0x5B, 0x03, 0x1B, 0xCC, 0xC1, 0xEF, 0x86, 0x60, 0x8E,
    0x48, 0x60, 0xD4, 0x92, 0x79, 0x47, 0x56, 0x66, 0x1D, 0x59, 0xB7, 0x6B, 0xFA, 0x4B, 0xAD, 0x47,
    0x17, 0x3C, 0xE5, 0x97, 0x42, 0x74, 0x1D, 0x5B, 0x84, 0xDA, 0x67, 0x33, 0x93, 0x5B, 0xB4, 0x65,
    0x03, 0x5C, 0x5A, 0xC3, 0xBB, 0xAA, 0x7D, 0xB9, 0x42, 0xDE, 0x7F, 0x2E, 0x8A, 0x2F, 0x47, 0xF0,
    0xF3, 0xCF, 0x1C, 0x5E, 0x40, 0xD3, 0x19, 0x8C, 0x90, 0xDA, 0xDE, 0xE9, 0x11, 0x4F, 0xF1, 0x08,
    0x38, 0x3C, 0x8B, 0xB5, 0x68, 0x3E, 0x39, 0xE4, 0x58, 0xD4, 0x1F, 0xC0, 0xFE, 0x4A, 0x66, 0xD8,
    0xDB, 0x22, 0xC6, 0xCA, 0x6B, 0xD2, 0xD8, 0x1D, 0xAA, 0xD6, 0xB6, 0x28, 0x3B, 0xDB, 0xA0, 0xE8,
    0xAC, 0xD3, 0xD5, 0x4F, 0x0E, 0x75, 0xF9, 0x2A, 0xF3, 0xC4, 0xF5, 0x8E, 0x34, 0xDF, 0x57, 0xF3,
    0xBE, 0x1C, 0x55, 0x0E, 0x7E, 0x77, 0xDF, 0x38, 0x61, 0x39, 0xDA, 0x84, 0x2E, 0xA7, 0x64, 0x92,
    0x1D, 0x10, 0xCE, 0x48, 0x7E, 0x32, 0xFF, 0x01, 0xA8, 0x65, 0x50, 0x2C, 0x87, 0x87, 0x03, 0x0E,
    0x91, 0xCD, 0x26, 0x1D, 0x6A, 0xE9, 0xD2, 0x7B, 0x22, 0xBB, 0x54, 0xEE, 0xBE, 0x34, 0xA6, 0x62,
    0x92, 0x29, 0x9D, 0x10, 0xCF, 0xE9, 0x88, 0x68, 0x66, 0x3F, 0xF9, 0x3C, 0x00, 0xD7, 0xB9, 0x9B,
    0xB6, 0xA5, 0xDC, 0x69, 0xAC, 0x48, 0xF3, 0x4E, 0x3A, 0x6F, 0x4F, 0x1D, 0x0C, 0xDB, 0x96, 0xCF,
    0xB5, 0xFA, 0x23, 0x87, 0xAA, 0xC1, 0x69, 0x7C, 0xAA, 0x75, 0x5E, 0xFD, 0xA4, 0xFD, 0x93, 0xA6,
    0x98, 0x0A, 0x53, 0x89, 0xE0, 0x97, 0xC5, 0x84, 0x9F, 0x52, 0xA4, 0x6D, 0xB9, 0x61, 0x00, 0x7B,
    0x7A, 0x9F, 0x6D, 0x6C, 0xAC, 0x9F, 0x47, 0xCC, 0xB5, 0x0C, 0x22, 0xA3, 0xBF, 0xB0, 0x29, 0xD1,
    0x5B, 0x88, 0xA6, 0x13, 0x5E, 0x5F, 0xC2, 0x17, 0x4C, 0x65, 0x8A, 0xA6, 0xF8, 0xB0, 0x36, 0x99,
    0xCC, 0x88, 0x65, 0x00, 0x5E, 0xDA, 0x3F, 0xF3, 0xC0, 0xC2, 0x79, 0x47, 0x69, 0x2A, 0xF8, 0x9F,
    0xF7, 0x04, 0xB9, 0x8C, 0xE1, 0xAC, 0xA3, 0x76, 0x67, 0x90, 0xD0, 0x33, 0x88, 0xCF, 0xB6, 0xC0,
    0x0C, 0x44, 0x23, 0x10, 0x8F, 0xDE, 0xCE, 0x7F, 0x06, 0x64, 0x02, 0xEC, 0x2E, 0x3C, 0x18, 0xFE,
    0x82, 0x44, 0xC2, 0xC5, 0x3E, 0xA7, 0x92, 0xDE, 0x78, 0x42, 0xF1, 0x01, 0x03, 0x9D, 0x81, 0x09,
    0x90, 0x9F, 0xC1, 0x0A, 0xCA, 0x51, 0xDF, 0xED, 0x2F, 0x21, 0xB8, 0x5A, 0xB7, 0x40, 0xDD, 0xB1,
    0xCE, 0xB6, 0x33, 0x4F, 0xFB, 0x0D, 0x63, 0xFF, 0xA7, 0x1F, 0xFA, 0x04, 0xDD, 0xD7, 0xA8, 0x98,
    0x9C, 0xA7, 0x3F, 0xAA, 0xA6, 0xBE, 0xE2, 0xA9, 0xDB, 0xF7, 0xDE, 0xD0, 0x15, 0xF5, 0x59, 0xF5,
    0xD0, 0xD5, 0x1C, 0x8A, 0x50, 0x4B, 0x3A, 0x54, 0x41, 0xFB, 0x7C, 0x60, 0x26, 0xA8, 0x4E, 0x26,
    0x6F, 0x4B, 0x03, 0x46, 0x94, 0x88, 0x08, 0xB4, 0x86, 0x5A, 0xC6, 0x83, 0x5A, 0x21, 0xED, 0xF6,
    0x5F, 0x6F, 0x14, 0x0E, 0xEF, 0xA0, 0xEA, 0x62, 0x81, 0xED, 0x13, 0xD1, 0x1A, 0xDB, 0x26, 0x1C,
    0x55, 0x9E, 0x72, 0x78, 0x0B, 0x65, 0x13, 0xCD, 0x0F, 0x10, 0x80, 0x22, 0x1C, 0x12, 0x12, 0xD9,
    0x08, 0x3D, 0x77, 0x07, 0xC2, 0xF1, 0x87, 0x39, 0xDC, 0x36, 0x5E, 0x5D, 0xB7, 0x79, 0xB1, 0xB0,
    0x43, 0xFE, 0xB1, 0x60, 0xF9, 0xD7, 0x1C, 0x4F, 0x20, 0xC6, 0x52, 0x42, 0xF2, 0x6B, 0x4D, 0xF2,
    0x96, 0x37, 0x34, 0xD9, 0x94, 0xEF, 0x41, 0x30, 0x56, 0xE6, 0x0E, 0x75, 0xA3, 0xBA, 0x1A, 0x94,
    0xF3, 0x6D, 0x01, 0x72, 0x91, 0x91, 0x1E, 0x4B, 0x0F, 0xE6, 0xC4, 0x6D, 0x0F, 0xCB, 0x98, 0xCE,
    0x48, 0x06, 0xA4, 0x32, 0xEB, 0xF9, 0xC2, 0x27, 0x4E, 0x17, 0xAE, 0x39, 0xCE, 0x7A, 0xFA, 0x1F,
    0xDB, 0xE8, 0x4B, 0x61, 0x29, 0x40, 0x39, 0x85, 0xDD, 0xF4, 0xA5, 0x65, 0x27, 0x79, 0x7D, 0xF3,
    0x3F, 0xA2, 0x1A, 0xCF, 0x44, 0xE0, 0x99, 0x8F, 0x64, 0xD5, 0x93, 0xD2, 0x78, 0x26, 0x02, 0xCF,
    0x7C, 0x24, 0xAB, 0x9E, 0x14, 0x4E, 0xFC, 0xAA, 0xC0, 0xF3, 0xD7, 0x4A, 0x91, 0x46, 0xD9, 0x79,
    0xCE, 0xE5, 0xCE, 0x73, 0xD0, 0xFE, 0x9D, 0x8E, 0x6D, 0xE8, 0x81, 0x75, 0xCC, 0xA8, 0xCE, 0xBC,
    0xAE, 0x92, 0xCE, 0x64, 0x2C, 0x4E, 0x7D, 0x68, 0x57, 0x7F, 0x8A, 0x11, 0x07, 0xE5, 0x31, 0x25,
    0xDB, 0xD8, 0x43, 0xEB, 0xCA, 0x5C, 0x59, 0x34, 0x64, 0x4D, 0xE0, 0x4F, 0x27, 0xD8, 0x5D, 0xE2,
    0xDA, 0x1B, 0xEA, 0x18, 0x77, 0x6C, 0xC6, 0xBA, 0x6C, 0xF2, 0x6D, 0x25, 0x1D, 0xAC, 0x1B, 0xD8,
    0x9B, 0xC2, 0x00, 0x19, 0x47, 0xCD, 0xB0, 0x45, 0x31, 0x10, 0xB3, 0xC7, 0xDF, 0xC4, 0xB0, 0x5F,
    0xBB, 0x8C, 0xD0, 0x88, 0x82, 0x84, 0x1A, 0x8F, 0xED, 0x3C, 0x8A, 0x1D, 0x42, 0xA1, 0x47, 0x99,
    0xDE, 0xCB, 0x23, 0x6B, 0x13, 0xDB, 0x58, 0x8B, 0xB5, 0xAD, 0x63, 0x9B, 0x59, 0x6E, 0x05, 0x7F,
    0xED, 0x5B, 0xC3, 0x59, 0x4C, 0x32, 0xC3, 0x9A, 0x6C, 0xF0, 0x28, 0x3B, 0x8F, 0xDA, 0xC1, 0x7E,
    0x8B, 0x8B, 0xEB, 0xFF, 0xA5, 0x78, 0xB1, 0x53, 0xD7, 0x16, 0xAF, 0xEE, 0x4D, 0x54, 0x5C, 0x93,
    0x65, 0x9B, 0x65, 0x44, 0xBE, 0xF3, 0x48, 0x46, 0x8F, 0x48, 0x3C, 0x50, 0x37, 0x1E, 0x55, 0x87,
    0xB5, 0x3C, 0x07, 0x20, 0x12, 0x3A, 0x20, 0x0E, 0xB0, 0x77, 0x01, 0xF6, 0xC3, 0xBA, 0x5D, 0x0F,
    0xAF, 0x27, 0x45, 0x77, 0xA6, 0x10, 0x91, 0xFE, 0x3E, 0x04, 0x67, 0x23, 0xA1, 0xA3, 0xDE, 0x4D,
    0x6B, 0x56, 0x17, 0xF3, 0x96, 0x1A, 0x9E, 0xEE, 0x75, 0x35, 0xDC, 0x77, 0x67, 0x81, 0xE3, 0x4F,
    0x8C, 0x23, 0x73, 0xF0, 0x98, 0x40, 0x31, 0xB2, 0x46, 0xC4, 0x44, 0x72, 0x78, 0x40, 0xFE, 0xE4,
    0x2A, 0x46, 0xDE, 0x9D, 0xE4, 0x07, 0x88, 0x50, 0x74, 0xD5, 0xAE, 0xD8, 0x25, 0xBB, 0xB4, 0x2F,
    0x9B, 0x2F, 0x03, 0x8B, 0x08, 0x5F, 0x74, 0xFA, 0xB7, 0xBF, 0x20, 0xDB, 0x79, 0xA4, 0xAC, 0x15,
    0x2D, 0xDB, 0xE0, 0x71, 0xE5, 0x41, 0x8A, 0x50, 0x99, 0x37, 0x51, 0xBD, 0x2A, 0xE1, 0xF3, 0x4A,
    0xCD, 0x57, 0x73, 0x6F, 0x47, 0xFF, 0xDF, 0xBD, 0xB7, 0x06, 0x95, 0xC3, 0xA9, 0x7E, 0x4E, 0x94,
    0xFB, 0x19, 0xFA, 0x2D, 0xB2, 0x05, 0x04, 0x1E, 0x57, 0x4E, 0x1E, 0x36, 0xBD, 0xF9, 0xAC, 0xEB,
    0x95, 0xC9, 0x4B, 0x72, 0x70, 0xDD, 0x9C, 0x2A, 0x77, 0xFD, 0x98, 0xFE, 0x4B, 0x6C, 0x90, 0x93,
    0xF1, 0x19, 0xA5, 0x04, 0x9A, 0xE5, 0xF9, 0x5C, 0x8A, 0x3E, 0x6E, 0xB5, 0xF9, 0x1B, 0xFF, 0xC7,
    0x6C, 0xBE, 0x98, 0x23, 0x38, 0x21, 0x9A, 0x3F, 0xF3, 0x92, 0xDE, 0x5F, 0x3C, 0x71, 0x11, 0x94,
    0x33, 0x9E, 0x64, 0xE3, 0x31, 0xD7, 0x61, 0xD1, 0x00, 0x22, 0x21, 0x33, 0x51, 0xDD, 0xA7, 0xF5,
    0xF9, 0xF2, 0x95, 0x75, 0x67, 0x41, 0xBC, 0x60, 0x1B, 0x20, 0x19, 0x6D, 0xA7, 0xDC, 0x29, 0x47,
    0xA5, 0x04, 0x3A, 0xB2, 0x6E, 0xC9, 0xB2, 0x27, 0x9F, 0x1F, 0xC9, 0x6F, 0xCF, 0xE4, 0x37, 0xC5,
    0x78, 0xBA, 0xBA, 0x21, 0xAB, 0x9E, 0xCC, 0x07, 0x32, 0x9D, 0xC8, 0x58, 0x48, 0xC8, 0x5F, 0xC9,
    0xEA, 0xEF, 0x64, 0xF1, 0x6F, 0x32, 0x9B, 0xC9, 0x44, 0x48, 0x04, 0x5A, 0x65, 0xA9, 0xCC, 0x95,
    0xC9, 0x88, 0x50, 0x52, 0xB3, 0x3C, 0x05, 0x6D, 0x0F, 0xC4, 0x0C, 0x29, 0xD5, 0xEF, 0x85, 0x16,
    0xF7, 0x97, 0x6B, 0xE6, 0xC1, 0x9F, 0xA5, 0x5C, 0x18, 0xDD, 0x10, 0x29, 0x8B, 0x8E, 0x2C, 0x77,
    0x5A, 0x1F, 0xC8, 0x44, 0xEB, 0x69, 0xAF, 0xED, 0x0D, 0xF9, 0xCC, 0xD9, 0xCB, 0x88, 0x50, 0xAE,
    0xE3, 0xC0, 0xE3, 0x54, 0x58, 0x23, 0x50, 0x13, 0xDA, 0xB6, 0xDB, 0x9E, 0x9B, 0xFE, 0x17, 0xDD,
    0x9A, 0x3F, 0xAC, 0xDE, 0x56, 0x19, 0xC6, 0x1F, 0xDB, 0x4D, 0x0D, 0xB1, 0x54, 0x67, 0x20, 0x88,
    0xB6, 0x08, 0x2F, 0x9D, 0x22, 0x15, 0xAF, 0x1D, 0x00, 0x9F, 0x8A, 0xA1, 0x63, 0x33, 0xE4, 0x32,
    0x30, 0x75, 0xE8, 0xD4, 0x25, 0xEC, 0xAA, 0x6A, 0x8B, 0x85, 0x81, 0xA1, 0x77, 0xA1, 0x2B, 0x1D,
    0x18, 0xC2, 0xD7, 0x21, 0x8C, 0x0C, 0x6D, 0x7C, 0xD4, 0x7D, 0x30, 0x65, 0x64, 0x71, 0x50, 0x44,
    0x25, 0x18, 0x6A, 0x84, 0x29, 0xBE, 0x8D, 0xED, 0x87, 0xFB, 0xBC, 0x47, 0xD6, 0x77, 0xBF, 0x94,
    0x08, 0xDA, 0x70, 0x9B, 0xDC, 0xBE, 0xFA, 0xCE, 0xEF, 0x1C, 0x59, 0xC7, 0xE7, 0xBC, 0xFF, 0xCE,
    0x39, 0xCE, 0xC9, 0x45, 0x04, 0x38, 0x20, 0xEF, 0xB2, 0x1E, 0x48, 0xD7, 0xD6, 0x03, 0x11, 0x09,
    0x00, 0xD5, 0x24, 0x5E, 0x7E, 0x57, 0x94, 0x5C, 0x15, 0x6E, 0xD4, 0x1E, 0x48, 0xE6, 0xBA, 0x37,
    0x8E, 0xC6, 0xD9, 0xC8, 0xC0, 0x46, 0x6C, 0x3B, 0xB1, 0x1C, 0xC4, 0x57, 0x67, 0xF1, 0xC7, 0xAB,
    0xF8, 0x32, 0xDD, 0x29, 0x9B, 0xD6, 0x8B, 0xD5, 0x20, 0xE6, 0x93, 0x98, 0x2E, 0x62, 0x4C, 0x11,
    0xFC, 0x50, 0xAC, 0xFE, 0x2C, 0x16, 0x9F, 0x8A, 0xD9, 0x2A, 0x26, 0x14, 0x11, 0x58, 0x1B, 0x4B,
    0x63, 0x6E, 0x4C, 0x66, 0x98, 0xBC, 0x88, 0x17, 0x81, 0xEA, 0xA3, 0x05, 0xC8, 0x29, 0x05, 0xD9,
    0x03, 0x60, 0x83, 0x07, 0xE4, 0x9A, 0x6B, 0xEF, 0xA1, 0xFE, 0x25, 0x57, 0xD4, 0xB7, 0x49, 0x57,
    0xF3, 0x1D, 0xFA, 0x7A, 0x44, 0xD5, 0xD5, 0x1D, 0xCA, 0xBE, 0xF6, 0x28, 0xFA, 0xBA, 0x41, 0x3E,
    0x3C, 0x0A, 0x2E, 0x5D, 0x87, 0xA4, 0x18, 0x42, 0xD5, 0x87, 0xAA, 0x13, 0x51, 0xFA, 0x50, 0x35,
    0xA1, 0x72, 0x22, 0xAA, 0xF8, 0x56, 0xCA, 0x06, 0x55, 0x32, 0x57, 0x1C, 0xF1, 0xC3, 0x64, 0x21,
    0x67, 0x7C, 0x2B, 0xE1, 0xC9, 0xCD, 0x55, 0x96, 0xF8, 0x98, 0xAA, 0x00, 0x55, 0x0B, 0xD0, 0x06,
    0xAB, 0x5B, 0x77, 0x1E, 0xD5, 0x45, 0x88, 0xF7, 0x21, 0x33, 0x63, 0x31, 0x01, 0x88, 0x39, 0xE8,
    0x31, 0xE5, 0xEB, 0x68, 0x85, 0xE4, 0xFA, 0x57, 0x17, 0x77, 0x20, 0xC0, 0x22, 0x5E, 0x0A, 0x75,
    0x07, 0x64, 0x94, 0xEE, 0x04, 0x90, 0x4E, 0x52, 0x4B, 0x21, 0x3F, 0x3A, 0x3A, 0x32, 0x6D, 0xC9,
    0x7D, 0x15, 0xD9, 0xC3, 0x07, 0xE5, 0xD2, 0xCE, 0xA9, 0x6A, 0x79, 0xA2, 0x01, 0x48, 0xCA, 0x1D,
    0xA4, 0xEC, 0xE4, 0xFA, 0x13, 0xCE, 0x88, 0xD9, 0x69, 0xF4, 0x94, 0x1A, 0xA8, 0xC9, 0x67, 0x75,
    0xF6, 0xF9, 0x08, 0xA0, 0xEA, 0x4B, 0xD3, 0x66, 0xA8, 0x3A, 0xD3, 0xAC, 0xF2, 0xAA, 0x46, 0xAB,
    0xB2, 0x31, 0x54, 0xD3, 0x41, 0x35, 0x6E, 0x5D, 0x7A, 0x55, 0x83, 0x25, 0x70, 0x39, 0x84, 0xC1,
    0x3A, 0x73, 0x33, 0x7D, 0x42, 0x87, 0xD3, 0x12, 0xB1, 0x47, 0xB1, 0x4A, 0xB1, 0xF7, 0x38, 0x03,
    0x05, 0x49, 0x25, 0x0B, 0x49, 0xE9, 0x7B, 0x93, 0x23, 0x24, 0x32, 0x48, 0xEA, 0x6A, 0x00, 0xD1,
    0xDA, 0x0F, 0x97, 0xA7, 0x79, 0x6F, 0xEB, 0x19, 0x91, 0xEC, 0x90, 0xF2, 0x2F, 0xED, 0x88, 0x7C,
    0x41, 0x3E, 0x43, 0x79, 0xB6, 0x42, 0xB6, 0x10, 0xD2, 0x93, 0xAE, 0x6E, 0x94, 0xB0, 0xB5, 0x03,
    0xEA, 0x26, 0xD0, 0x52, 0xC6, 0xD5, 0x5E, 0xCF, 0xAD, 0x8F, 0xDE, 0x8A, 0x57, 0xE4, 0x93, 0xB2,
    0x24, 0xE5, 0x71, 0x3D, 0x21, 0x0E, 0xAA, 0xD6, 0xA6, 0x69, 0xC6, 0x29, 0x6C, 0x72, 0x92, 0xD7,
    0xF1, 0x82, 0xAA, 0x19, 0xAB, 0xB9, 0xFC, 0x95, 0x59, 0x55, 0x15, 0x4C, 0xC9, 0xD9, 0xA9, 0x8A,
    0xEE, 0x7C, 0xCD, 0x82, 0x13, 0xE4, 0x2D, 0x14, 0x0E, 0xA8, 0x50, 0x39, 0xA0, 0xFC, 0x03, 0xCD,
    0xDE, 0xD9, 0x6C, 0xB2, 0xAE, 0x6D, 0xF3, 0x64, 0x05, 0x6A, 0x93, 0xD7, 0xE0, 0x15, 0x93, 0x29,
    0x19, 0xA4, 0xEB, 0x62, 0xFE, 0x2D, 0xA6, 0x6A, 0xB4, 0x95, 0xA7, 0x60, 0xE0, 0x0E, 0x2C, 0x88,
    0x2F, 0xE0, 0xB5, 0xAF, 0x63, 0xD8, 0x62, 0x9F, 0x3A, 0x20, 0xEF, 0x0B, 0x0F, 0x54, 0x63, 0x2B,
    0xFD, 0x3F, 0xD2, 0xD6, 0xBC, 0x68, 0xA7, 0x89, 0xFA, 0xA4, 0x7B, 0x12, 0x57, 0x19, 0x2E, 0x1D,
    0x9D, 0xCA, 0x75, 0x19, 0x24, 0x99, 0x2C, 0x02, 0xD6, 0x28, 0xB7, 0x46, 0xCB, 0xDD, 0xED, 0xCF,
    0x76, 0xBB, 0xDF, 0xC4, 0xEC, 0x91, 0x5B, 0x6C, 0x89, 0xD0, 0xC8, 0xE7, 0xAD, 0x31, 0x86, 0x06,
    0xCA, 0xDE, 0x1A, 0xF2, 0xE6, 0xD6, 0xF0, 0x40, 0x7E, 0x72, 0x74, 0xE4, 0xAC, 0xA1, 0xF0, 0x3E,
    0xA4, 0x11, 0xFA, 0x3C, 0xF8, 0x7A, 0x39, 0x3C, 0x38, 0x85, 0x26, 0x3D, 0x54, 0x23, 0xE6, 0xBD,
    0xD0, 0x40, 0xFB, 0xA0, 0xF2, 0x7B, 0x73, 0x50, 0x86, 0xC6, 0xA1, 0xE7, 0x65, 0x93, 0x39, 0xBF,
    0xE4, 0x1A, 0xFC, 0x4F, 0xD2, 0x2B, 0x04, 0xFF, 0xE2, 0x3B, 0x1C, 0x14, 0x05, 0xCE, 0x28, 0x46,
    0x05, 0x82, 0x3A, 0x5A, 0x2D, 0x16, 0x1E, 0xF1, 0x52, 0x79, 0x6B, 0x44, 0x8B, 0x45, 0x84, 0xE4,
    0x6A, 0xE1, 0x38, 0x6C, 0x34, 0x80, 0x0A, 0x2C, 0x3A, 0x1E, 0x08, 0x41, 0xEC, 0x82, 0x5D, 0x76,
    0x3C, 0x5A, 0x98, 0x38, 0x23, 0xEA, 0x15, 0xA9, 0xFB, 0x3C, 0x2E, 0x06, 0x05, 0xEB, 0xAE, 0xA9,
    0xAA, 0x78, 0xD5, 0xCA, 0x89, 0xCC, 0x2C, 0x59, 0x14, 0x35, 0x15, 0x87, 0x4D, 0xD2, 0x46, 0xD4,
    0xA8, 0xC1, 0x14, 0x14, 0x74, 0x62, 0x6F, 0xA1, 0x15, 0x82, 0x5C, 0xD5, 0x69, 0xA6, 0xF1, 0x16,
    0x23, 0xBD, 0x71, 0x40, 0xFD, 0xD7, 0x1D, 0x67, 0xE9, 0x98, 0x2F, 0x62, 0xB2, 0x8A, 0x11, 0x45,
    0x7C, 0x8E, 0xB1, 0x31, 0x5B, 0xEC, 0xDD, 0xC9, 0x38, 0x18, 0x9B, 0x6D, 0x64, 0x9F, 0xAC, 0xB2,
    0x38, 0xA6, 0x08, 0x7A, 0xB1, 0xEE, 0xC4, 0x6A, 0x10, 0x8B, 0x49, 0xCC, 0xE6, 0xFD, 0x5C, 0xB1,
    0xA5, 0xB4, 0xBA, 0xEE, 0x25, 0xF2, 0x40, 0x36, 0x00, 0xE5, 0x04, 0xB0, 0x57, 0x2E, 0x03, 0xFD,
    0xE7, 0x3E, 0x1C, 0x9B, 0xFA, 0x17, 0x74, 0xF5, 0xAF, 0x89, 0xBA, 0x25, 0xEA, 0x35, 0x42, 0x3D,
    0x40, 0x93, 0x99, 0xB3, 0xEB, 0xE6, 0x8B, 0x95, 0x8B, 0xE3, 0x9F, 0x2B, 0x46, 0x0A, 0x31, 0x1B,
    0x6B, 0x7B, 0xB1, 0x6A, 0x8C, 0x42, 0xB4, 0x88, 0x0F, 0xB8, 0xEC, 0xF2, 0x71, 0xD9, 0x17, 0x77,
    0xD9, 0x15, 0x1F, 0xD3, 0x17, 0x9F, 0x9C, 0x16, 0x36, 0xAE, 0xD0, 0xBE, 0x36, 0x6A, 0x03, 0x55,
    0xCA, 0x7C, 0xB1, 0x22, 0x89, 0x10, 0x56, 0xBC, 0xF6, 0xF8, 0x72, 0x04, 0x92, 0x11, 0xC8, 0xFA,
    0xF0, 0x3D, 0xFD, 0x22, 0x10, 0xC4, 0x49, 0xE5, 0x64, 0x8C, 0xB5, 0x09, 0xF2, 0xB6, 0x2D, 0x6E,
    0xD3, 0x38, 0x0F, 0x36, 0xDC, 0xBA, 0x90, 0x39, 0x9A, 0xBB, 0x1C, 0xF9, 0xD0, 0x22, 0xD1, 0x90,
    0x1C, 0xB5, 0x61, 0x9D, 0x67, 0x7E, 0x4A, 0x9E, 0x32, 0xFE, 0x40, 0x88, 0x57, 0xB1, 0xA0, 0xD8,
    0x4E, 0xE2, 0x1D, 0x17, 0x72, 0x63, 0x2F, 0x3F, 0x3D, 0x06, 0x90, 0x91, 0x61, 0x2F, 0x1A, 0x6C,
    0x73, 0x9B, 0x91, 0xB0, 0x29, 0x88, 0x74, 0xD6, 0x10, 0xD9, 0x08, 0xFC, 0xDE, 0xF6, 0xD5, 0x2B,
    0xC6, 0xED, 0xDB, 0x3D, 0xA5, 0x98, 0xD0, 0x1E, 0x91, 0xF7, 0xB0, 0x3F, 0x38, 0x38, 0xD8, 0xD1,
    0x37, 0x43, 0xD5, 0x1A, 0xBA, 0x89, 0xA0, 0x8B, 0x8D, 0x59, 0x23, 0x2A, 0x3F, 0x88, 0x6A, 0x92,
    0xFF, 0x72, 0xFE, 0xEA, 0xA6, 0x8E, 0x21, 0x6A, 0x3C, 0x3B, 0xE0, 0xF0, 0x3C, 0x57, 0x1C, 0x6C,
    0x63, 0x3F, 0x03, 0xE2, 0x19, 0xC8, 0x56, 0xE8, 0x25, 0xFB, 0xC0, 0x79, 0x09, 0x87, 0x72, 0x73,
    0x41, 0x42, 0xF6, 0x39, 0x39, 0x95, 0xE3, 0xF3, 0x73, 0xE5, 0x23, 0x3B, 0xED, 0x55, 0x94, 0x79,
    0xB9, 0x1D, 0x9C, 0x74, 0x68, 0xD9, 0x23, 0xE5, 0x04, 0x28, 0xB7, 0xE3, 0x45, 0x8B, 0x21, 0x3B,
    0x2D, 0x55, 0x97, 0xCE, 0x15, 0x39, 0xE6, 0x64, 0x1F, 0xA9, 0x5F, 0x74, 0x5D, 0x1B, 0xA4, 0x34,
    0x50, 0xD8, 0x95, 0x9A, 0x33, 0xA4, 0x81, 0xEC, 0x2C, 0xBA, 0xC2, 0x6B, 0xF7, 0x8C, 0xDC, 0x45,
    0xF4, 0xA6, 0x16, 0x74, 0xBD, 0x40, 0x56, 0xA6, 0x53, 0xD9, 0xA5, 0x4D, 0xDC, 0x9D, 0xBB, 0x27,
    0x2F, 0x80, 0x7F, 0x0A, 0x27, 0x7E, 0x5F, 0x40, 0xDD, 0xED, 0x57, 0x4E, 0x3C, 0x8B, 0x30, 0xA6,
    0x46, 0x0E, 0xE2, 0xEA, 0xCE, 0xD5, 0x6B, 0x69, 0x07, 0xE4, 0x4D, 0x78, 0xB9, 0x5C, 0xA4, 0x8D,
    0xF4, 0x0A, 0x4B, 0xBB, 0x9E, 0x80, 0xEA, 0x18, 0x67, 0xA4, 0x38, 0x7E, 0xDE, 0x5B, 0x76, 0x36,
    0x40, 0x1C, 0xEC, 0xA9, 0x47, 0xF1, 0xB9, 0xE3, 0x8B, 0xB8, 0xE2, 0x93, 0x2E, 0xF5, 0xC9, 0x54,
    0x7A, 0x90, 0x96, 0xAB, 0xCA, 0xD9, 0x73, 0xCE, 0x51, 0x9D, 0x2E, 0x47, 0x37, 0x5A, 0x92, 0xCB,
    0x1E, 0x6F, 0xBC, 0xC7, 0xDD, 0x2D, 0xBB, 0x9A, 0xF8, 0xEA, 0x80, 0x51, 0xAD, 0x01, 0x90, 0xAB,
    0xE4, 0x7A, 0xBF, 0x5D, 0x47, 0xE5, 0x42, 0xED, 0x65, 0x9E, 0x83, 0xC5, 0x2A, 0xC8, 0x0E, 0x00,
    0x0F, 0xCB, 0x8E, 0x3B, 0x47, 0xB2, 0xD9, 0x8A, 0x9E, 0x3D, 0x52, 0x79, 0x33, 0x28, 0x16, 0xD3,
    0x21, 0x66, 0x17, 0x3E, 0xBF, 0xD2, 0x01, 0x28, 0xE5, 0xDF, 0x06, 0xE9, 0x84, 0x20, 0x57, 0x74,
    0x0C, 0x2D, 0xB8, 0x03, 0xD4, 0x7F, 0x9B, 0x81, 0x82, 0x03, 0x94, 0x61, 0x00, 0x7E, 0x0B, 0x93,
    0x27, 0xC7, 0xCF, 0x71, 0x8F, 0xF0, 0x6F, 0x85, 0x25, 0xA4, 0x06, 0x66, 0xEC, 0x92, 0x11, 0xCC,
    0x3B, 0xF0, 0xD2, 0x39, 0x79, 0xF2, 0x11, 0xCD, 0xAF, 0x38, 0x09, 0x73, 0x00, 0xBE, 0xCD, 0x1B,
    0x5F, 0xDA, 0xFC, 0x2F, 0x91, 0x34, 0xCF, 0xF1, 0x96, 0xE6, 0xB5, 0x52, 0x72, 0xFE, 0xEF, 0xE6,
    0x06, 0xC9, 0x4E, 0xB2, 0x4E, 0x0A, 0x7F, 0xE2, 0x81, 0x5A, 0xC3, 0xE2, 0x83, 0x74, 0xC5, 0x81,
    0x5C, 0xB5, 0xB3, 0xB6, 0xB5, 0xA3, 0xF5, 0xDC, 0xA9, 0x4D, 0xB5, 0xAB, 0x6D, 0xB7, 0xA8, 0x7A,
    0xA0, 0xF5, 0xE5, 0xA8, 0xBC, 0xCE, 0x57, 0x64, 0x44, 0xCA, 0xCF, 0x38, 0xDB, 0xCE, 0x38, 0x9A,
    0xB6, 0x1E, 0x78, 0x9A, 0x27, 0xD8, 0xA4, 0x68, 0x5E, 0x02, 0xDA, 0xF1, 0x7D, 0x80, 0x9C, 0x11,
    0x8F, 0xED, 0x88, 0xE8, 0x77, 0xC5, 0x7F, 0xB8, 0xB6, 0xC6, 0xE5, 0x77, 0x1F, 0xE5, 0x6E, 0xB2,
    0xF2, 0x01, 0xC5, 0x50, 0x0D, 0xA8, 0x86, 0x72, 0x89, 0x39, 0xE4, 0xE4, 0x27, 0x43, 0x42, 0xBE,
    0x3D, 0xA0, 0x5D, 0xF2, 0xC1, 0x3E, 0x4E, 0x94, 0x4E, 0x6E, 0x53, 0xD4, 0x68, 0x4F, 0x2E, 0xA6,
    0x73, 0xC9, 0xE9, 0x0C, 0x24, 0x8F, 0xD1, 0xAF, 0xF8, 0x26, 0x80, 0xCA, 0x95, 0x32, 0xE8, 0xAE,
    0x8C, 0xCB, 0xED, 0x88, 0x4A, 0x82, 0x66, 0x37, 0x9B, 0x0B, 0xE7, 0x5D, 0x49, 0x3C, 0xE2, 0x03,
    0x44, 0x73, 0x34, 0x03, 0x7C, 0x65, 0x52, 0xAF, 0x01, 0x28, 0xD4, 0x33, 0x5E, 0x1F, 0x8F, 0x9F,
    0x71, 0x49, 0x40, 0xDB, 0x49, 0x3B, 0x8E, 0x76, 0xF6, 0xBF, 0x2F, 0xFA, 0x37, 0xB7, 0x36, 0xE2,
    0xFB, 0xA3, 0xFC, 0xDC, 0xF6, 0xF2, 0xF3, 0xB3, 0x4F, 0xBC, 0x9F, 0x5F, 0xDF, 0x3E, 0x98, 0x72,
    0xED, 0x78, 0x65, 0xD2, 0x01, 0x3F, 0x12, 0x4A, 0xFB, 0xA4, 0x53, 0xF7, 0xC4, 0x9C, 0x7D, 0xE5,
    0x31, 0x79, 0x3C, 0xC8, 0x77, 0xEC, 0xF6, 0xFC, 0x2D, 0x7C, 0x00, 0x80, 0x3F, 0xA7, 0x32, 0x3B,
    0x5B, 0x80, 0x7C, 0x2C, 0x7B, 0x6D, 0x73, 0x95, 0x53, 0x68, 0xBE, 0x71, 0x21, 0xB3, 0x1C, 0xCF,
    0xE0, 0xBB, 0x40, 0xD5, 0xB4, 0x00, 0x3F, 0x64, 0x93, 0xF2, 0xD5, 0x35, 0xD8, 0x95, 0xB9, 0x67,
    0x1E, 0xDF, 0x96, 0xF2, 0x84, 0xBB, 0x70, 0x01, 0x80, 0x7C, 0x10, 0x0B, 0x2F, 0x96, 0x8D, 0x58,
    0x19, 0xCB, 0x3F, 0x39, 0x3D, 0x57, 0x4F, 0x64, 0x54, 0x1B, 0x37, 0xBE, 0x0A, 0xD7, 0x15, 0x43,
    0x70, 0x19, 0x92, 0x19, 0xF6, 0xBD, 0xB9, 0xE1, 0xA4, 0xDF, 0xFE, 0x39, 0xC2, 0x3E, 0xA4, 0xA7,
    0x71, 0x93, 0xD6, 0x8B, 0xD8, 0xFA, 0x48, 0x8A, 0xFB, 0x2B, 0x82, 0x54, 0xBA, 0x17, 0x37, 0x79,
    0x0A, 0x97, 0x70, 0x20, 0x57, 0x1D, 0x42, 0xBD, 0x5D, 0xD7, 0x84, 0xCB, 0x72, 0x49, 0x44, 0xE4,
    0xA1, 0x15, 0x2B, 0x9B, 0xC2, 0xE8, 0x0B, 0xB2, 0xC9, 0xFC, 0x90, 0xCE, 0xFA, 0x69, 0xDE, 0x6C,
    0xD2, 0x63, 0xB0, 0x43, 0x3E, 0xAA, 0x6B, 0xC4, 0x01, 0xC5, 0xA0, 0xD7, 0x13, 0x0E, 0xD0, 0xE2,
    0x52, 0x6B, 0xB2, 0x09, 0xDA, 0x26, 0xBB, 0x3F, 0xA3, 0xF2, 0x40, 0xED, 0xF3, 0x7F, 0xE8, 0xF2,
    0x4A, 0x01, 0x2B, 0xEE, 0xAE, 0xA0, 0x53, 0x00, 0x2B, 0x4F, 0x10, 0x90, 0x7F, 0x9A, 0xF6, 0x65,
    0x5A, 0x80, 0x5A, 0x57, 0x7D, 0xB8, 0xA8, 0x35, 0x12, 0xE5, 0x1F, 0x67, 0x73, 0xC6, 0x82, 0xE2,
    0x63, 0xB5, 0x92, 0x75, 0x46, 0xAE, 0xCD, 0xD2, 0x66, 0x48, 0x39, 0x98, 0xDE, 0x23, 0x12, 0x6B,
    0x81, 0x43, 0xB8, 0x03, 0x36, 0xED, 0x40, 0xBF, 0x79, 0x6A, 0x7F, 0x3F, 0x58, 0x87, 0x98, 0xAB,
    0x38, 0x9C, 0x95, 0xBA, 0x13, 0x6D, 0x30, 0x49, 0xCA, 0xC5, 0xEA, 0xA2, 0x6F, 0xAD, 0xDF, 0xF7,
    0x90, 0x39, 0x3C, 0x54, 0xAE, 0x35, 0x81, 0x32, 0xD4, 0x0C, 0xB4, 0xC1, 0x6A, 0x97, 0x0F, 0xB8,
    0x0C, 0xC8, 0xAF, 0x4A, 0x36, 0x22, 0x1D, 0x51, 0xF9, 0x68, 0x51, 0xB0, 0xDB, 0xFE, 0x14, 0xF1,
    0x0C, 0x0E, 0xA7, 0x75, 0xB4, 0x44, 0x9C, 0xD2, 0x11, 0x58, 0x93, 0x4F, 0xE7, 0x6C, 0x00, 0xDA,
    0xF4, 0xEF, 0x4B, 0xDE, 0x03, 0xF5, 0xAB, 0x3D, 0x35, 0x58, 0xF5, 0xB6, 0xAF, 0x6F, 0x6A, 0xAF,
    0xA5, 0xAF, 0xD8, 0xD8, 0x1D, 0x77, 0x49, 0x3B, 0xB2, 0xF5, 0x03, 0xB2, 0x55, 0x3F, 0x28, 0x44,
    0x8A, 0x0D, 0x92, 0x59, 0x3F, 0x3B, 0x0E, 0xA3, 0xC9, 0xEC, 0xBA, 0x2E, 0x22, 0x9F, 0x45, 0xD4,
    0x14, 0x63, 0xDA, 0xA1, 0x94, 0x8E, 0x99, 0xB9, 0xD1, 0xE1, 0xFA, 0x61, 0x9A, 0x1C, 0xA1, 0x1A,
    0xE4, 0x68, 0x14, 0xA3, 0x8D, 0x9C, 0xCD, 0x40, 0x3E, 0xE9, 0x01, 0x4A, 0xC5, 0xBB, 0x09, 0x97,
    0xFA, 0x1D, 0xA8, 0xA8, 0x0E, 0xB1, 0x85, 0x6F, 0xB2, 0xF9, 0xD3, 0x25, 0x9F, 0x6C, 0x86, 0x22,
    0xC4, 0x85, 0xC1, 0x21, 0xEA, 0x28, 0x23, 0x44, 0xE4, 0xEA, 0xA8, 0x81, 0xFF, 0xFF, 0xD5, 0x3E,
    0xA4, 0x16, 0xD0, 0x2D, 0x9C, 0xA5, 0x82, 0xF9, 0xB0, 0x50, 0xBE, 0xD1, 0x00, 0xD7, 0x8E, 0x65,
    0x51, 0x6D, 0x3B, 0x0A, 0x1B, 0xE9, 0x4E, 0x97, 0x8F, 0x4A, 0xED, 0xCC, 0x1C, 0xAB, 0x5F, 0xB8,
    0x46, 0x98, 0x42, 0x58, 0x81, 0xD6, 0xBA, 0xD5, 0xBE, 0x54, 0x94, 0x3A, 0x25, 0x40, 0xA1, 0xA5,
    0x8F, 0x7C, 0x6C, 0x15, 0x97, 0x89, 0x96, 0xB5, 0x8B, 0x39, 0xC3, 0x94, 0xE3, 0x64, 0x1C, 0xC4,
    0xBA, 0x17, 0xAB, 0xCE, 0xE8, 0xC5, 0x90, 0x9F, 0x14, 0x02, 0xE3, 0xE5, 0xCC, 0x1F, 0x16, 0x9C,
    0xFD, 0x53, 0x18, 0x17, 0x39, 0x19, 0x36, 0x65, 0xA3, 0xC5, 0xB5, 0x98, 0xB7, 0x4A, 0xFD, 0x6C,
    0xF9, 0x46, 0xC7, 0xD1, 0xF1, 0xD7, 0x26, 0xA2, 0x57, 0x8C, 0xC3, 0xDE, 0x0D, 0xF5, 0x0C, 0x84,
    0xD5, 0x8E, 0xE4, 0x04, 0x12, 0x27, 0xEC, 0xFF, 0x47, 0x0F, 0x15, 0x49, 0x1E, 0xF0, 0xDA, 0x6E,
    0x77, 0x7B, 0xDD, 0xAF, 0x83, 0x72, 0xD8, 0xAF, 0x7C, 0x33, 0x24, 0xE1, 0xFE, 0x46, 0xA8, 0x18,
    0xC5, 0xAA, 0x17, 0xE9, 0x6D, 0x2E, 0x98, 0x1F, 0x44, 0xF3, 0x85, 0x9C, 0xB9, 0x6D, 0xC5, 0x11,
    0x9D, 0xDE, 0x3F, 0x3B, 0xF8, 0x28, 0xD6, 0x9A, 0xB7, 0xE1, 0xE7, 0xF8, 0x3F, 0xDE, 0xFA, 0x4A,
    0xE3, 0x5B, 0x15, 0x39, 0xAB, 0x5C, 0xDB, 0xDD, 0x56, 0xBC, 0x46, 0x25, 0x32, 0x2C, 0x52, 0xB4,
    0x1D, 0xDA, 0x1C, 0xA2, 0xB0, 0x54, 0x7A, 0xE4, 0x94, 0x9F, 0xE6, 0xB6, 0x5C, 0x8F, 0xFE, 0x79,
    0x74, 0xA3, 0x22, 0x97, 0xAD, 0x6C, 0x97, 0xE8, 0xAD, 0x0B, 0x76, 0x9D, 0x61, 0x23, 0x3E, 0x7B,
    0x91, 0x7C, 0x98, 0xF6, 0x61, 0x8A, 0x62, 0x0A, 0x75, 0xA6, 0x89, 0xCE, 0xD9, 0x7F, 0x21, 0x0F,
    0xDF, 0x42, 0x2D, 0xDD, 0xED, 0xC4, 0xCD, 0x38, 0x9A, 0x65, 0x9D, 0xED, 0x22, 0x17, 0x2C, 0x07,
    0x93, 0x2E, 0xF1, 0xC9, 0x6C, 0xF7, 0x90, 0x0E, 0xD5, 0x22, 0xF7, 0x9C, 0xAB, 0xFF, 0xFE, 0x0D,
    0xED, 0x59, 0x31, 0x8C, 0xDD, 0xC6, 0x11, 0x7D, 0x24, 0x73, 0xC7, 0x48, 0x34, 0xB4, 0x2E, 0x2C,
    0xC0, 0x90, 0x91, 0xD0, 0x45, 0xAA, 0x43, 0x14, 0xD6, 0x01, 0xE2, 0xEC, 0x26, 0x2E, 0x52, 0x5A,
    0x01, 0xEE, 0xA7, 0x49, 0xE1, 0xD4, 0x6A, 0xD4, 0xBA, 0x30, 0xB2, 0x8C, 0x9B, 0x14, 0x2E, 0x72,
    0x29, 0xE2, 0xC6, 0x40, 0xA2, 0xC2, 0x30, 0xA4, 0x73, 0x71, 0x2E, 0x5C, 0xDA, 0x26, 0xE1, 0x26,
    0x2D, 0x53, 0xA4, 0x4A, 0x43, 0x24, 0xB6, 0x0B, 0xA5, 0x10, 0x0D, 0xD0, 0x09, 0x25, 0x2F, 0x39,
    0xB9, 0x99, 0x5D, 0x7E, 0xD2, 0xBA, 0x93, 0x82, 0x38, 0x92, 0x2C, 0x09, 0x1E, 0xDC, 0x9F, 0x79,
    0x7B, 0x7F, 0xB9, 0x5C, 0x3E, 0xCE, 0xCE, 0xCE, 0xCE, 0x07, 0xCB, 0xD9, 0x52, 0x4C, 0x5E, 0xAF,
    0x8D, 0xAE, 0x81, 0x9D, 0x43, 0x53, 0x19, 0xA0, 0x22, 0x22, 0x20, 0x25, 0xA2, 0x01, 0x28, 0x88,
    0xA8, 0x03, 0x68, 0xFA, 0x05, 0x39, 0xC4, 0xD4, 0x40, 0x11, 0x52, 0x02, 0x62, 0x2A, 0x95, 0x03,
    0x50, 0xD5, 0xAA, 0xE7, 0xCB, 0xDB, 0xA2, 0xE3, 0xC1, 0x3A, 0xDD, 0x00, 0x50, 0x9D, 0xAE, 0xD9,
    0xF4, 0x62, 0xB2, 0x60, 0x86, 0x2F, 0x99, 0x7E, 0xEE, 0xD2, 0xCA, 0x05, 0x39, 0x5F, 0x5E, 0x74,
    0x7E, 0xB0, 0x26, 0x73, 0x00, 0xA8, 0x4E, 0xC8, 0xE0, 0xF8, 0x13, 0x51, 0x8B, 0x7C, 0xE2, 0x89,
    0xBD, 0x43, 0x0E, 0xC8, 0x89, 0xA8, 0x05, 0x12, 0x22, 0x32, 0x00, 0xAE, 0x50, 0x0F, 0x96, 0x0D,
    0xBC, 0x14, 0x86, 0xB5, 0xF6, 0x1A, 0x2C, 0x15, 0xB0, 0x4B, 0xFF, 0x1C, 0x01, 0x4D, 0xD4, 0x23,
    0x92, 0xCB, 0x53, 0xFA, 0xB4, 0xEA, 0xA1, 0x46, 0x28, 0x87, 0xA2, 0x43, 0x32, 0x81, 0x67, 0x4E,
    0xC2, 0x03, 0x19, 0x5B, 0x02, 0x95, 0xB1, 0x06, 0xB0, 0x65, 0xD0, 0x25, 0x60, 0x8D, 0xAD, 0xF9,
    0xFF, 0xD2, 0x87, 0xAF, 0x8A, 0x27, 0xA8, 0x01, 0x99, 0x43, 0x4A, 0x07, 0x76, 0x40, 0xEC, 0x27,
    0x66, 0x65, 0x5E, 0x19, 0xB3, 0x07, 0x9C, 0x47, 0x90, 0xDD, 0x03, 0x31, 0xAA, 0xF5, 0xA6, 0x09,
    0xE4, 0xF3, 0xF7, 0x3B, 0x55, 0xCD, 0xBC, 0xE7, 0x04, 0x31, 0xA3, 0x37, 0xAD, 0x37, 0xCD, 0x03,
    0x35, 0x25, 0x50, 0x34, 0xB0, 0xB5, 0x38, 0x80, 0x6E, 0xF9, 0x7D, 0xA2, 0xE8, 0x11, 0x93, 0x81,
    0x9A, 0x90, 0x89, 0x1F, 0xDC, 0x26, 0x07, 0x61, 0xAD, 0x87, 0x3C, 0x5C, 0x0D, 0xE6, 0xF3, 0x16,
    0xD6, 0x02, 0x55, 0x2F, 0xCE, 0x54, 0x94, 0xAC, 0x2D, 0xF6, 0x0C, 0xB2, 0x09, 0xB6, 0x64, 0x92,
    0x58, 0x77, 0xFF, 0x97, 0xD6, 0x75, 0xD0, 0xF9, 0xB1, 0x96, 0xBF, 0x62, 0x8C, 0xA9, 0x83, 0x22,
    0xBA, 0xD9, 0xB1, 0x37, 0xFC, 0xAE, 0x03, 0xAA, 0x51, 0x75, 0xC0, 0x8E, 0xC1, 0x56, 0x22, 0x60,
    0xDB, 0x52, 0x4D, 0xD6, 0xCC, 0x38, 0x9B, 0xAA, 0x7A, 0xDB, 0x87, 0x26, 0x6C, 0x45, 0x0F, 0x0B,
    0x3E, 0x7B, 0x00, 0xAC, 0xE5, 0xFC, 0x66, 0x9F, 0xBB, 0x6F, 0x8E, 0xC5, 0x58, 0xA2, 0xC9, 0x2F,
    0x13, 0x6A, 0x2D, 0xAB, 0x15, 0x76, 0x33, 0xBE, 0x71, 0x48, 0x84, 0xDD, 0xC3, 0xC3, 0x43, 0xAA,
    0x6D, 0x89, 0x54, 0xB8, 0x8B, 0x09, 0xE2, 0x5F, 0x0D, 0x80, 0x74, 0x14, 0xAC, 0x3B, 0x20, 0xB0,
    0x04, 0xBF, 0x04, 0x3A, 0xC1, 0xD9, 0x00, 0xEE, 0x28, 0x38, 0x95, 0xB7, 0x50, 0x0A, 0x4E, 0x1C,
    0xFB, 0x3F, 0xB6, 0x58, 0xB9, 0x05, 0x17, 0xFD, 0x82, 0x6D, 0xBB, 0x60, 0xAA, 0x67, 0x2C, 0x97,
    0xCE, 0x63, 0x66, 0x23, 0x30, 0xDF, 0x2B, 0x1F, 0x80, 0x79, 0x0E, 0xBA, 0xF3, 0x98, 0x41, 0x55,
    0x07, 0x4C, 0x0D, 0x7B, 0x86, 0xE0, 0xE7, 0xA8, 0x4C, 0x27, 0x30, 0x26, 0x22, 0x82, 0x62, 0xDD,
    0x31, 0x1E, 0x90, 0x6F, 0x71, 0xB3, 0xE0, 0x5B, 0x08, 0x18, 0x27, 0xE4, 0x05, 0xFC, 0x28, 0x30,
    0x0B, 0xFD, 0x91, 0x83, 0x27, 0x16, 0x8A, 0x7A, 0x86, 0x7E, 0xA9, 0x37, 0x02, 0x25, 0x2A, 0x18,
    0x78, 0x56, 0x45, 0xB6, 0xA4, 0x62, 0xE1, 0x74, 0x9E, 0x76, 0x7C, 0x4C, 0x7B, 0xE9, 0x9F, 0x26,
    0xE1, 0xB9, 0xF8, 0x87, 0xDC, 0xC2, 0xD4, 0xC5, 0xE1, 0xB5, 0x20, 0xF1, 0x03, 0xCF, 0x30, 0x9E,
    0xE0, 0x21, 0x77, 0x5A, 0x38, 0xEE, 0xB6, 0x50, 0x37, 0x5B, 0x58, 0x95, 0x33, 0x91, 0x11, 0xCD,
    0x3C, 0xCA, 0x17, 0xFE, 0xC6, 0xFC, 0x37, 0xB3, 0x58, 0xB4, 0x1E, 0x92, 0x2C, 0xB8, 0xC0, 0x21,
    0x68, 0x4B, 0x61, 0x42, 0xDE, 0xAB, 0x68, 0x80, 0x9F, 0x24, 0xAB, 0x00, 0x85, 0x3F, 0x81, 0x58,
    0x0B, 0x2A, 0x24, 0x75, 0x5A, 0x7A, 0x94, 0x72, 0x64, 0x15, 0x14, 0x11, 0xC1, 0x23, 0x58, 0x37,
    0xA3, 0xBC, 0x9B, 0x11, 0x70, 0x2A, 0xE2, 0x28, 0x56, 0x61, 0xEF, 0xF0, 0xF0, 0x1A, 0x2C, 0x0D,
    0x15, 0xCF, 0xCA, 0x71, 0x48, 0x23, 0x41, 0x29, 0xFD, 0xA1, 0xA2, 0xE3, 0x6F, 0x8F, 0x9C, 0x72,
    0x50, 0x24, 0xB1, 0x9B, 0x03, 0x27, 0x23, 0xDD, 0xE8, 0x06, 0x11, 0xA3, 0xAA, 0xF4, 0xC1, 0x11,
    0x51, 0x70, 0x72, 0x20, 0x19, 0x61, 0x8D, 0x20, 0x35, 0xCC, 0xA8, 0x68, 0xC3, 0xB7, 0xCC, 0x84,
    0xF5, 0x57, 0x90, 0x81, 0xAE, 0xF9, 0xBA, 0x64, 0x92, 0x0E, 0x09, 0x31, 0x95, 0x12, 0x60, 0x49,
    0x26, 0x9F, 0x91, 0xB1, 0x04, 0xFD, 0xC9, 0x66, 0x7F, 0x3B, 0xAB, 0x11, 0x15, 0xB9, 0xCA, 0xA3,
    0xE7, 0xA8, 0x0D, 0x08, 0xFB, 0xF3, 0x72, 0x0D, 0x86, 0x79, 0x2D, 0x05, 0x6A, 0xA2, 0xF6, 0x9E,
    0x70, 0xEF, 0xE8, 0xF6, 0x81, 0x87, 0x12, 0x82, 0x1F, 0x51, 0x58, 0x04, 0x18, 0x9B, 0xD9, 0x17,
    0x91, 0xD5, 0xB0, 0x01, 0xE6, 0x7D, 0x44, 0xB5, 0x38, 0x55, 0xAD, 0xE8, 0x88, 0x8C, 0x87, 0xA9,
    0x2C, 0x2B, 0x81, 0x11, 0xD1, 0x10, 0x20, 0x0A, 0x9A, 0x63, 0xDC, 0xC2, 0x1B, 0xE2, 0x5E, 0x4C,
    0xE6, 0x84, 0x41, 0x35, 0xFA, 0x3B, 0x38, 0x31, 0x71, 0x2F, 0x06, 0xB8, 0xBB, 0x89, 0xDF, 0x12,
    0x93, 0x0E, 0x0F, 0xC1, 0xC8, 0xA3, 0x9D, 0x6E, 0xC0, 0xB2, 0x32, 0xE2, 0xB3, 0x62, 0x8A, 0x8E,
    0xF5, 0x2E, 0xB5, 0x6C, 0x12, 0x2A, 0xD9, 0xC4, 0x23, 0x44, 0x0C, 0xF7, 0x6E, 0xB5, 0x51, 0x83,
    0x2E, 0xF3, 0xF0, 0x39, 0x6E, 0x97, 0xC0, 0x97, 0x3F, 0x67, 0xAF, 0xEA, 0x52, 0x75, 0xF7, 0xEB,
    0x03, 0x84, 0x8F, 0xB8, 0xBA, 0x6D, 0x90, 0x51, 0x2D, 0xFB, 0x6F, 0x32, 0x00, 0x91, 0xF1, 0xAE,
    0xBC, 0xEF, 0x9D, 0x19, 0xB6, 0x9E, 0x63, 0x16, 0x51, 0x6D, 0xDB, 0x75, 0xA3, 0x5F, 0x37, 0x5C,
    0x68, 0x5C, 0xAE, 0x6E, 0x18, 0x4B, 0xA1, 0x01, 0xCD, 0xBE, 0x51, 0xAE, 0x1A, 0x55, 0xB3, 0x6A,
    0x14, 0xDD, 0xAA, 0xF1, 0x92, 0x5B, 0x35, 0x5E, 0x9C, 0x56, 0x8D, 0x9F, 0x90, 0x59, 0x1A, 0x65,
    0x55, 0xAF, 0x1A, 0xBA, 0x5B, 0x35, 0xD4, 0xB0, 0x6A, 0xA4, 0xE3, 0xAA, 0x11, 0xD3, 0xAA, 0x01,
    0xFA, 0x68, 0xD5, 0xD0, 0x7F, 0x5F, 0x35, 0xF2, 0x7F, 0xAD, 0x1A, 0xD9, 0xE4, 0xB0, 0x0B, 0x58,
    0x69, 0x24, 0xE4, 0x90, 0x1B, 0x84, 0x3D, 0x91, 0x1C, 0x74, 0x33, 0x6F, 0x8A, 0xD6, 0x41, 0x4F,
    0x47, 0x93, 0x6F, 0x14, 0x1C, 0xB0, 0x68, 0x8E, 0xC9, 0xBC, 0xFD, 0x51, 0xB7, 0xDA, 0x23, 0x69,
    0x9D, 0x2D, 0x5C, 0x5A, 0x70, 0xD6, 0x06, 0x90, 0xF7, 0x81, 0xFD, 0x62, 0x08, 0xCC, 0xE7, 0x7D,
    0x60, 0x3D, 0x6B, 0xB7, 0x8C, 0x6F, 0xD9, 0x9E, 0x99, 0x5E, 0x58, 0x0E, 0x0C, 0x9F, 0xBD, 0x1A,
    0xD8, 0x55, 0x1D, 0x33, 0x2B, 0x80, 0x59, 0x15, 0x20, 0x8C, 0x0A, 0x10, 0x36, 0x05, 0xE8, 0x2E,
    0x00, 0x35, 0x08, 0x10, 0x06, 0x3D, 0x88, 0x49, 0x80, 0x30, 0x27, 0x40, 0x58, 0x13, 0x20, 0x8C,
    0x09, 0xC8, 0xA6, 0x00, 0x12, 0x0A, 0x00, 0x5B, 0x60, 0x67, 0x50, 0xCC, 0x40, 0xCD, 0x40, 0x46,
    0x86, 0xC8, 0x29, 0xA0, 0x68, 0x03, 0xB0, 0x8D, 0x18, 0xF1, 0x54, 0x11, 0x45, 0xC0, 0x7A, 0xB1,
    0x89, 0xE3, 0x7A, 0x79, 0xDF, 0x9B, 0x84, 0x4E, 0xB7, 0x18, 0xF1, 0xDF, 0x64, 0xCF, 0x54, 0x1F,
    0x23, 0xBA, 0x0E, 0xFB, 0x3A, 0x4D, 0x88, 0x46, 0xD8, 0x23, 0x22, 0xC3, 0x96, 0xDE, 0xA0, 0x9A,
    0x6D, 0x0F, 0xDD, 0xB0, 0x6D, 0x50, 0xB4, 0x6C, 0x6B, 0xE4, 0x6C, 0x25, 0x79, 0x7C, 0x08, 0x56,
    0x64, 0xB6, 0xB1, 0x58, 0x61, 0x52, 0x44, 0x79, 0x1B, 0x55, 0xBD, 0xB7, 0x14, 0x38, 0x9C, 0x5D,
    0xEF, 0x69, 0x56, 0x46, 0x4C, 0x3C, 0x44, 0xD2, 0x99, 0x8E, 0xA4, 0xAF, 0xA6, 0xC6, 0x73, 0xEC,
    0x2F, 0xBC, 0x86, 0xB5, 0xEC, 0x8B, 0x4E, 0x26, 0xAC, 0xBA, 0x28, 0x3F, 0x66, 0xEE, 0x83, 0x5A,
    0xE1, 0xDF, 0x8D, 0x3E, 0x92, 0x51, 0xAA, 0x97, 0x3A, 0x36, 0xA4, 0xD8, 0x44, 0x93, 0x64, 0x97,
    0xB1, 0x5F, 0x93, 0x89, 0x4B, 0x46, 0x79, 0x73, 0xF1, 0xE4, 0x5F, 0x36, 0x89, 0x59, 0x9D, 0x10,
    0x78, 0xE7, 0xB5, 0x0D, 0xE6, 0x9C, 0x4C, 0x72, 0x39, 0x6F, 0x7A, 0xC4, 0xD3, 0x66, 0xF3, 0x4B,
    0xF1, 0x68, 0xFE, 0xA4, 0x3E, 0x87, 0xCA, 0x7A, 0x49, 0x03, 0xE4, 0x66, 0x64, 0xF2, 0xD6, 0xA7,
    0x07, 0x8D, 0x5F, 0xCB, 0x5E, 0x14, 0x72, 0xD6, 0x2D, 0x49, 0xF6, 0xE1, 0x84, 0x1A, 0xEE, 0x2E,
    0xF7, 0x3B, 0x45, 0x32, 0x2A, 0x0F, 0xC1, 0xD9, 0x09, 0x21, 0x26, 0x9A, 0x88, 0x8F, 0x71, 0x44,
    0x4C, 0x6F, 0x2E, 0x07, 0xB2, 0x94, 0x78, 0xEC, 0x98, 0xE4, 0x7A, 0xF2, 0x61, 0x01, 0x95, 0x99,
    0x75, 0x05, 0x6B, 0x96, 0xFF, 0xFB, 0x6C, 0x43, 0x4B, 0xA6, 0x91, 0x0F, 0x50, 0x84, 0x8C, 0x7E,
    0x5E, 0x11, 0x12, 0x19, 0x19, 0x44, 0x03, 0x09, 0x8F, 0x14, 0x98, 0xFE, 0x16, 0x22, 0x68, 0x53,
    0x94, 0xF9, 0x6D, 0x32, 0xBC, 0xA0, 0xC0, 0x53, 0xDD, 0x2B, 0x97, 0x14, 0x83, 0xA8, 0x9E, 0x3F,
    0x7B, 0xD5, 0x8D, 0x92, 0x6F, 0x70, 0x3F, 0x3E, 0x5A, 0xC6, 0x5C, 0x3E, 0x00, 0xF0, 0x5D, 0x5C,
    0x44, 0xF1, 0x97, 0x49, 0x4E, 0x99, 0xB1, 0xBC, 0x8E, 0x3B, 0x08, 0xBB, 0x6C, 0x00, 0x7B, 0x1F,
    0x3F, 0xF2, 0xFC, 0xB2, 0x50, 0x3F, 0x60, 0x53, 0xDD, 0x74, 0x6C, 0x72, 0xEF, 0xC8, 0x29, 0x79,
    0x16, 0xAE, 0x63, 0x11, 0xAE, 0x26, 0x48, 0x4F, 0xBA, 0x25, 0x3D, 0x88, 0xCA, 0xC7, 0xB1, 0x9A,
    0x20, 0x5C, 0xFF, 0x00, 0x10, 0xB6, 0x21, 0x7C, 0x43, 0x18, 0x97, 0xD9, 0xE2, 0x34, 0xD9, 0xA5,
    0x8F, 0x7D, 0x4E, 0xE9, 0x4F, 0xCD, 0xCD, 0x43, 0xAD, 0x35, 0x88, 0x97, 0x42, 0xFC, 0x14, 0xC8,
    0x6F, 0x2F, 0x0B, 0x0B, 0xD4, 0xFA, 0x30, 0x8A, 0x20, 0x52, 0x79, 0x30, 0xBE, 0x10, 0xF0, 0xC0,
    0xB5, 0x44, 0x11, 0x5F, 0x66, 0xF0, 0x55, 0x06, 0x5F, 0x64, 0x90, 0x1A, 0x43, 0x28, 0x31, 0x84,
    0x0A, 0x83, 0x78, 0xF8, 0xC9, 0xFA, 0xC2, 0x7B, 0x78, 0x0F, 0xA8, 0x7E, 0xD6, 0x33, 0xB1, 0x2D,
    0xA0, 0xA8, 0x94, 0xC0, 0x77, 0x72, 0x97, 0xE0, 0x5D, 0x96, 0x43, 0xF2, 0x57, 0x54, 0xBA, 0xF6,
    0x2A, 0xEF, 0xA4, 0xC6, 0x20, 0x25, 0x06, 0xA9, 0x30, 0x48, 0x81, 0x41, 0xEA, 0x0B, 0xA1, 0xBC,
    0xF0, 0xB4, 0x5F, 0x10, 0x1F, 0xC2, 0xB2, 0xD1, 0x5C, 0x5F, 0x02, 0x94, 0x0F, 0x5F, 0x71, 0x58,
    0x8E, 0x87, 0x58, 0xCB, 0x46, 0xAE, 0x2B, 0x88, 0x7B, 0xC6, 0xE2, 0x19, 0xC8, 0x29, 0xA4, 0xE2,
    0x6F, 0x13, 0x21, 0xA2, 0x1E, 0xD9, 0x04, 0xF6, 0x53, 0x0C, 0xC8, 0x46, 0xB9, 0x89, 0x1A, 0x56,
    0x19, 0x2B, 0x74, 0xEB, 0x4D, 0x7D, 0x87, 0xD9, 0xD9, 0x6C, 0x2E, 0x1D, 0x9B, 0x8C, 0xA8, 0x9B,
    0x4D, 0x23, 0xA6, 0x68, 0xB1, 0x7B, 0x78, 0xD4, 0xE5, 0x7E, 0x3D, 0xC9, 0x22, 0x2B, 0xDA, 0x6C,
    0x92, 0xAB, 0x24, 0xF1, 0xA5, 0x12, 0x7C, 0x5B, 0xE2, 0x49, 0xDC, 0xE0, 0xA9, 0x29, 0x79, 0x0F,
    0x32, 0xC1, 0x5A, 0xA6, 0x7B, 0xEB, 0xCE, 0x05, 0x91, 0x19, 0x25, 0xAB, 0x8C, 0xDF, 0x6D, 0x22,
    0x4F, 0xC3, 0x43, 0xC8, 0x52, 0xBB, 0xCB, 0x82, 0x38, 0xD8, 0x33, 0xB0, 0xE4, 0x74, 0xC9, 0x2F,
    0xB9, 0x2A, 0x53, 0xFA, 0xA4, 0xA2, 0x52, 0x8D, 0x1C, 0xCF, 0xD9, 0xB5, 0x49, 0xB6, 0x85, 0x63,
    0xCD, 0x2E, 0xEF, 0xDD, 0x5F, 0x96, 0x82, 0x9E, 0x75, 0x29, 0xBA, 0x06, 0xAC, 0xF4, 0x91, 0xAB,
    0x22, 0x89, 0x19, 0x29, 0x95, 0x19, 0xFD, 0xDE, 0x52, 0x19, 0xCB, 0xC8, 0xA8, 0x68, 0xD4, 0x25,
    0x32, 0x92, 0x84, 0xFD, 0x7C, 0x38, 0x95, 0x54, 0x86, 0x35, 0x01, 0x86, 0x97, 0x11, 0x6E, 0x21,
    0x77, 0xF2, 0x7C, 0xFD, 0xFC, 0x1A, 0x0A, 0x62, 0x46, 0xA2, 0xCB, 0x97, 0x1E, 0xE7, 0xC0, 0x35,
    0x00, 0x6C, 0x83, 0x87, 0x94, 0xDE, 0x40, 0xC4, 0x06, 0xF3, 0x47, 0x31, 0x9A, 0xE4, 0x4B, 0x35,
    0x85, 0x94, 0xF7, 0xEB, 0x8A, 0x5C, 0x25, 0x90, 0x91, 0x83, 0x10, 0x76, 0x67, 0xF5, 0x50, 0x8B,
    0x2E, 0xFE, 0x66, 0x64, 0x97, 0x11, 0xAA, 0x88, 0x31, 0xF6, 0xEF, 0x47, 0x15, 0xEE, 0x9B, 0x2A,
    0x9C, 0xE7, 0x50, 0x84, 0x29, 0x5C, 0x20, 0xB5, 0x0B, 0x74, 0x1E, 0x7E, 0x53, 0x6F, 0x13, 0x49,
    0x6B, 0x31, 0x45, 0x83, 0x25, 0x4F, 0x55, 0x64, 0x56, 0x55, 0xFD, 0x1D, 0x78, 0xB9, 0xE4, 0xFB,
    0x4F, 0x58, 0x65, 0xE2, 0x3F, 0xF6, 0x97, 0xBF, 0x90, 0xD4, 0xAB, 0x56, 0x7E, 0xB3, 0xF4, 0xB5,
    0xE8, 0xC7, 0x3D, 0x91, 0x47, 0x2C, 0x28, 0xEB, 0x96, 0x0A, 0x3A, 0x35, 0xDB, 0x47, 0x8A, 0x5A,
    0x2C, 0x72, 0x41, 0xB4, 0xB8, 0x59, 0xFC, 0x45, 0xCF, 0x7D, 0x9A, 0xF7, 0x59, 0xD7, 0xAF, 0x6E,
    0x71, 0x4C, 0x3D, 0x30, 0x7B, 0xD7, 0xCE, 0x23, 0x74, 0x08, 0x38, 0x21, 0xF9, 0x0C, 0x2A, 0x23,
    0x66, 0xBB, 0x3A, 0xA0, 0x27, 0x04, 0x70, 0x10, 0xC0, 0x33, 0x58, 0x4B, 0x88, 0x60, 0xDE, 0x7D,
    0xE6, 0x65, 0x57, 0xCC, 0xC0, 0xCE, 0x60, 0x76, 0xC0, 0x84, 0xEA, 0x13, 0xA7, 0xED, 0x00, 0xF4,
    0xCD, 0x00, 0xAA, 0xC2, 0x83, 0x68, 0x0A, 0x20, 0x71, 0xDE, 0x59, 0x91, 0x75, 0x3C, 0xB2, 0xD4,
    0x10, 0x03, 0xD0, 0x75, 0x00, 0x84, 0xE2, 0x93, 0xCD, 0x46, 0x8E, 0xAE, 0x45, 0xED, 0x2F, 0x12,
    0xE0, 0x67, 0x25, 0xA0, 0x98, 0x81, 0x9D, 0x01, 0x6D, 0x36, 0x57, 0x6A, 0xF1, 0x39, 0xF8, 0xCE,
    0xE9, 0x00, 0x19, 0xE7, 0x92, 0xEA, 0xC2, 0x53, 0xE8, 0x26, 0x00, 0x5B, 0x06, 0x80, 0x95, 0xBC,
    0xEB, 0x4D, 0xEC, 0xBC, 0x55, 0xA3, 0xB7, 0xBA, 0xF7, 0x96, 0x4A, 0x6F, 0x5F, 0xC1, 0xBD, 0xA4,
    0xA0, 0x72, 0x97, 0x1A, 0x76, 0x82, 0x81, 0x93, 0x2A, 0xC5, 0xAF, 0x8C, 0xA8, 0xD4, 0xD3, 0x15,
    0xA2, 0xB7, 0xA9, 0xC9, 0x1B, 0xD0, 0x80, 0xA2, 0x4B, 0x25, 0x02, 0x67, 0xBD, 0xF7, 0xD7, 0xC4,
    0x6D, 0xED, 0x15, 0x62, 0x71, 0x09, 0x79, 0x9B, 0x07, 0xAB, 0x7B, 0xBF, 0xFB, 0xD8, 0xD2, 0xFB,
    0x77, 0x25, 0x0B, 0x47, 0xAC, 0x0F, 0xC7, 0x26, 0xA2, 0x11, 0x51, 0xAB, 0x9B, 0xE7, 0x88, 0x9A,
    0x9C, 0xA9, 0xFD, 0x8C, 0xA3, 0x88, 0xE2, 0x7B, 0x13, 0x07, 0xE7, 0x01, 0x29, 0x8D, 0x90, 0x3C,
    0xF1, 0xBC, 0xF7, 0x0B, 0xAF, 0x93, 0x10, 0x41, 0xDA, 0x10, 0x41, 0x82, 0x37, 0x8B, 0xF9, 0xD8,
    0xBF, 0x3A, 0xCC, 0x12, 0xB3, 0xEB, 0x5F, 0x37, 0x59, 0x03, 0x54, 0x34, 0x14, 0x92, 0xCD, 0x11,
    0x95, 0xD0, 0x6C, 0x4E, 0xC9, 0x44, 0x0A, 0x9F, 0x89, 0x58, 0xAA, 0xF3, 0x1E, 0xD1, 0xA4, 0xDB,
    0xA2, 0xE5, 0xF7, 0xCF, 0x99, 0x88, 0xEA, 0x24, 0x13, 0x29, 0x1A, 0xC9, 0x44, 0x2A, 0xC3, 0x49,
    0x47, 0x34, 0x81, 0x4D, 0xE2, 0xC4, 0xA8, 0x0E, 0xFC, 0x9D, 0xAE, 0xD9, 0x70, 0xCE, 0xAE, 0xBA,
    0xE2, 0xB3, 0x49, 0x32, 0x91, 0x2F, 0x06, 0xC9, 0x44, 0xA8, 0xF3, 0x99, 0x48, 0xBD, 0xCA, 0x44,
    0x62, 0xA2, 0x77, 0xB6, 0x9B, 0x2C, 0xD4, 0xBF, 0x25, 0x13, 0xC9, 0x6B, 0x39, 0x42, 0xA5, 0xA7,
    0x2E, 0x97, 0xA4, 0x5C, 0x7E, 0xFC, 0xB4, 0x9D, 0x90, 0xC0, 0x58, 0x22, 0x16, 0x62, 0x86, 0xA7,
    0x9F, 0xA7, 0x5E, 0x81, 0x3C, 0xB7, 0x64, 0x25, 0x6E, 0xC9, 0x4A, 0x0A, 0xC9, 0x4A, 0x2A, 0xCE,
    0x4A, 0x22, 0xE2, 0xB5, 0x9C, 0x3A, 0xDE, 0x55, 0x38, 0x33, 0xB5, 0x46, 0xD7, 0x9C, 0x95, 0x70,
    0xDB, 0xBE, 0x36, 0x72, 0x56, 0xF2, 0xE7, 0x81, 0xB3, 0x92, 0x9B, 0x2D, 0x88, 0xA3, 0x29, 0x67,
    0x25, 0xB4, 0x64, 0x25, 0x99, 0x3C, 0x43, 0x21, 0x8F, 0xA0, 0x5F, 0xA7, 0x01, 0x38, 0x87, 0xF3,
    0xB8, 0x53, 0x9E, 0xC2, 0xF7, 0xD8, 0x68, 0x7F, 0x08, 0xA6, 0xD7, 0xFC, 0x36, 0xDC, 0x56, 0x3E,
    0xA3, 0xCB, 0xE5, 0x89, 0x9C, 0x2F, 0x9E, 0x3F, 0x8F, 0x5F, 0x3D, 0x49, 0xA5, 0x9A, 0x14, 0xE7,
    0x00, 0xE4, 0x8D, 0xD4, 0xBE, 0xFB, 0xAA, 0xE3, 0x4D, 0x2B, 0x97, 0x6D, 0xFC, 0xA7, 0x12, 0x57,
    0x70, 0xF1, 0xD1, 0x2B, 0xD8, 0x00, 0xD1, 0x5B, 0x58, 0x31, 0x6C, 0x43, 0x48, 0x7D, 0xB9, 0x97,
    0x3A, 0x9B, 0x04, 0x9F, 0xE8, 0x5D, 0x5C, 0x7B, 0x52, 0xDE, 0xD3, 0x9E, 0xD9, 0xEE, 0x9D, 0x19,
    0xF1, 0xAD, 0xF3, 0xCF, 0x49, 0x12, 0x6A, 0x79, 0x69, 0x92, 0x5E, 0xEF, 0x60, 0xE7, 0x91, 0xDB,
    0x4D, 0x13, 0x9C, 0x01, 0x54, 0x5D, 0x18, 0xE8, 0xCE, 0x36, 0xC8, 0x9D, 0xD4, 0x06, 0xD2, 0x11,
    0xD0, 0xF8, 0x10, 0x38, 0x83, 0x67, 0xC1, 0xC2, 0x67, 0xDC, 0xCD, 0xA5, 0x9C, 0x39, 0x5A, 0xA9,
    0xDB, 0x87, 0x87, 0x57, 0x85, 0x87, 0xBB, 0xAB, 0xCF, 0x37, 0x1B, 0x70, 0xE7, 0xB5, 0x92, 0xFF,
    0xDD, 0xFB, 0x32, 0x51, 0xEB, 0xBB, 0x05, 0x05, 0x96, 0x73, 0xF8, 0x0E, 0x50, 0xD4, 0xDA, 0xC0,
    0x76, 0x1C, 0x0C, 0xC7, 0x62, 0x40, 0x44, 0xBC, 0x1D, 0x5E, 0xC4, 0xAB, 0xA7, 0x44, 0xB0, 0x16,
    0xD0, 0x34, 0x21, 0xF2, 0x3F, 0xC4, 0xBD, 0x41, 0xAD, 0x1A, 0x90, 0xF7, 0x79, 0x8B, 0xD4, 0xC9,
    0x5E, 0xA4, 0x4B, 0xC4, 0x23, 0xBB, 0xC1, 0x5A, 0x85, 0x4D, 0x28, 0x2C, 0xC2, 0x22, 0x9C, 0x4E,
    0xA2, 0x26, 0xA3, 0x83, 0x97, 0x3B, 0x7F, 0x7E, 0xB5, 0x44, 0x0D, 0x32, 0x39, 0xA9, 0x9E, 0x0F,
    0xF5, 0x61, 0xEF, 0xA7, 0x56, 0x3C, 0xE9, 0xCD, 0x01, 0xB1, 0x8B, 0xDC, 0xCA, 0xCB, 0xCF, 0x87,
    0x43, 0x13, 0xD5, 0x2B, 0x75, 0x23, 0x24, 0xEE, 0xB8, 0xBB, 0xFA, 0xEB, 0x66, 0x9F, 0x6F, 0xE6,
    0xD6, 0x4A, 0xFE, 0x77, 0xEF, 0xCB, 0x44, 0xAD, 0xEF, 0x16, 0x94, 0x2F, 0x50, 0x26, 0x3C, 0x49,
    0x45, 0x0E, 0x28, 0x3E, 0x9D, 0x00, 0x6D, 0x2C, 0xF0, 0x6B, 0x14, 0x06, 0xCF, 0x60, 0xE7, 0x6B,
    0xE1, 0x4F, 0x6E, 0x86, 0xA7, 0x80, 0xBC, 0xD4, 0x80, 0xE6, 0xC0, 0x9E, 0x0F, 0x9A, 0x0F, 0xBE,
    0xA9, 0xE3, 0xA9, 0x39, 0xE0, 0xDB, 0xDB, 0x3C, 0xEE, 0x98, 0x49, 0x99, 0xD0, 0x4A, 0xE1, 0x90,
    0x0E, 0x01, 0x10, 0x1E, 0x90, 0x5A, 0xDF, 0x2D, 0xA8, 0xE0, 0x8D, 0xE2, 0x8C, 0xEC, 0x8B, 0xEC,
    0x8A, 0xE2, 0x89, 0xE2, 0x88, 0x0F, 0xB0, 0x24, 0x7C, 0xC1, 0xF8, 0x82, 0x15, 0x4D, 0x1C, 0x67,
    0x8C, 0x2E, 0x8B, 0xFA, 0x02, 0xCE, 0x9A, 0x87, 0x5E, 0x0D, 0xBF, 0x6C, 0xC4, 0x8F, 0x14, 0x39,
    0xF1, 0x22, 0x76, 0x22, 0xF6, 0x21, 0x71, 0xA1, 0x07, 0xF4, 0xE8, 0xB3, 0x9C, 0xC1, 0x53, 0x6C,
    0x0A, 0xA3, 0xD9, 0xD8, 0x86, 0xC4, 0xCF, 0x7A, 0xDB, 0x4A, 0x4D, 0x41, 0xF6, 0x02, 0x7C, 0x10,
    0x39, 0x36, 0xCF, 0xE2, 0xF9, 0x27, 0xAF, 0x36, 0x2E, 0x8E, 0x17, 0xE2, 0xA0, 0x0F, 0x84, 0x3E,
    0x12, 0x86, 0x50, 0x28, 0x2E, 0xF8, 0xE8, 0x55, 0xC8, 0x81, 0xEB, 0xEB, 0x93, 0x94, 0x0E, 0x87,
    0xCD, 0x37, 0x1D, 0x9B, 0x11, 0x23, 0x9B, 0xB7, 0xF0, 0xC3, 0x27, 0xEB, 0x75, 0xC9, 0x12, 0x90,
    0x85, 0x12, 0x22, 0xAE, 0x2C, 0x16, 0x1F, 0x73, 0x43, 0xD0, 0x95, 0xA8, 0xFB, 0x68, 0xBD, 0xA8,
    0x10, 0x8E, 0x43, 0x3C, 0x86, 0x6D, 0xA9, 0x86, 0x8F, 0xC8, 0x48, 0x46, 0xE1, 0x42, 0x62, 0xF2,
    0x12, 0x94, 0x25, 0x4B, 0x30, 0x9E, 0x0A, 0x23, 0xBA, 0x13, 0xED, 0x70, 0x9C, 0x29, 0x54, 0x84,
    0xBC, 0x45, 0xE2, 0x13, 0x27, 0x2A, 0x59, 0xDB, 0x9A, 0xB5, 0x3E, 0xA1, 0x2B, 0xD6, 0x31, 0x19,
    0xBE, 0x76, 0x0A, 0x23, 0x78, 0x7A, 0xC3, 0xC8, 0x1D, 0xA8, 0xE4, 0xD1, 0xAA, 0x9A, 0xB5, 0xEE,
    0x58, 0xE7, 0x3D, 0x6B, 0xE5, 0x58, 0xA7, 0x13, 0x64, 0x04, 0x2C, 0xF7, 0xAA, 0x1A, 0xD6, 0xBA,
    0xC3, 0x22, 0xA9, 0x39, 0x07, 0xA8, 0xA6, 0xA8, 0xA1, 0x07, 0xDB, 0x71, 0x4A, 0x3D, 0x02, 0xD5,
    0x6F, 0x08, 0x50, 0xB8, 0x78, 0xDA, 0x4F, 0xE0, 0x25, 0xEC, 0x6F, 0xC9, 0xC0, 0xFE, 0x89, 0x00,
    0x5B, 0xB1, 0x9A, 0xA2, 0x70, 0x94, 0xB2, 0x0D, 0xAB, 0x9A, 0x55, 0xF9, 0xD5, 0x95, 0xCF, 0x98,
    0x0B, 0x32, 0xE2, 0xEF, 0x0D, 0x10, 0xD1, 0xCB, 0xCC, 0xF6, 0x10, 0x0F, 0x40, 0x7C, 0x15, 0xF2,
    0x75, 0x88, 0xF1, 0x7E, 0x6F, 0x1F, 0x45, 0x53, 0x2D, 0xBA, 0x93, 0x62, 0xA1, 0x14, 0xF1, 0xD4,
    0xC8, 0x3A, 0x99, 0x58, 0x47, 0xC4, 0x1A, 0x27, 0x74, 0x2C, 0x3A, 0x1B, 0xE5, 0xDA, 0x41, 0x74,
    0x27, 0xBA, 0x9C, 0x47, 0xAE, 0x93, 0x89, 0x67, 0x16, 0x13, 0x6B, 0x50, 0xCD, 0xDA, 0x36, 0xAC,
    0x75, 0xC7, 0x3A, 0x1F, 0x64, 0x04, 0xB7, 0xDC, 0x2B, 0xF6, 0x7E, 0x48, 0x35, 0xBC, 0x5C, 0xE0,
    0xDB, 0x0F, 0x48, 0x69, 0x82, 0xFA, 0x9C, 0x4C, 0x51, 0x17, 0xA5, 0x86, 0xAA, 0x57, 0x99, 0xB0,
    0x10, 0xCB, 0xBC, 0x32, 0xAD, 0xCC, 0x2A, 0x93, 0x6A, 0x3B, 0xA1, 0x34, 0x94, 0x0E, 0xFF, 0xB7,
    0x8F, 0x97, 0xA8, 0x4C, 0x00, 0xA4, 0xAD, 0xDA, 0xFA, 0x6C, 0x36, 0xAA, 0xE5, 0xC8, 0xC4, 0xD3,
    0x00, 0x62, 0x9C, 0x79, 0x2C, 0x7F, 0x90, 0x3B, 0x87, 0xEF, 0x87, 0xDF, 0x67, 0x6C, 0x47, 0x92,
    0xB4, 0x0F, 0x21, 0x69, 0xBF, 0x78, 0xB2, 0x6A, 0x73, 0xF6, 0x00, 0xF1, 0x35, 0x5E, 0x7A, 0xEE,
    0x2B, 0x2A, 0xD5, 0x79, 0x95, 0x3A, 0xE5, 0xA0, 0x5C, 0x46, 0xA6, 0x72, 0x09, 0xD1, 0x17, 0x0E,
    0x44, 0xFF, 0x70, 0x28, 0xE8, 0x45, 0x17, 0x7E, 0xC7, 0xB8, 0x70, 0xFA, 0x19, 0x48, 0x97, 0x45,
    0x09, 0xEC, 0xE1, 0x9C, 0x79, 0xCC, 0xC8, 0xFE, 0x0F, 0xBD, 0xD0, 0x21, 0x6C, 0xDB, 0x78, 0x18,
    0xC6, 0xE1, 0xE7, 0x1F, 0xEB, 0x64, 0xE9, 0x2C, 0x9D, 0x0B, 0xAE, 0xA8, 0x20, 0xFC, 0x48, 0x38,
    0x38, 0xD9, 0x1C, 0x15, 0xAC, 0x64, 0x1C, 0x8D, 0x84, 0xA3, 0x84, 0x93, 0x8D, 0x0C, 0x8D, 0x0C,
    0x6E, 0x19, 0x97, 0xC6, 0x1A, 0x8E, 0xC2, 0x51, 0xC0, 0xF8, 0x0C, 0x0C, 0x02, 0xEC, 0xBC, 0x9B,
    0x41, 0x55, 0x95, 0x6E, 0xD2, 0x3E, 0xE9, 0xF7, 0x48, 0x2F, 0xFD, 0x94, 0xCF, 0x58, 0xE7, 0x48,
    0x97, 0x81, 0x7C, 0xB8, 0x28, 0x53, 0x99, 0xAC, 0x2E, 0x66, 0xEE, 0xDD, 0x78, 0xBE, 0xFF, 0x7A,
    0x7F, 0x7F, 0xDC, 0xED, 0xB5, 0xC3, 0x2F, 0xD2, 0x1D, 0x2D, 0x58, 0x0F, 0xDD, 0xA0, 0x1B, 0x36,
    0xF3, 0x2A, 0x43, 0x9B, 0x7C, 0x1F, 0xAA, 0xE4, 0xED, 0xE0, 0x71, 0x6E, 0x07, 0x7F, 0xF5, 0xF0,
    0xFA, 0x1D, 0x9A, 0xA4, 0x67, 0x97, 0x0C, 0x4A, 0x92, 0x49, 0x95, 0xFD, 0x3A, 0xEA, 0xC9, 0xEA,
    0xAA, 0x19, 0xF9, 0xAA, 0x1D, 0xB9, 0x59, 0x44, 0x33, 0x41, 0x1D, 0xA8, 0x32, 0x42, 0xF2, 0x0D,
    0xBB, 0xA4, 0xA7, 0x49, 0x06, 0x6C, 0x33, 0xC1, 0xF6, 0x0A, 0x55, 0x40, 0xFA, 0x95, 0xC5, 0x66,
    0xBF, 0xB8, 0x3E, 0x13, 0xDD, 0x45, 0x75, 0xD5, 0xE6, 0xFD, 0x76, 0x52, 0x27, 0x19, 0x49, 0x72,
    0xE2, 0x2E, 0x57, 0xB8, 0xED, 0xA1, 0x80, 0xCD, 0x09, 0xBA, 0x01, 0x36, 0x8B, 0xEA, 0x45, 0xCD,
    0x19, 0xBA, 0x3D, 0xFC, 0xEF, 0xC5, 0x6D, 0x67, 0x55, 0x72, 0x6E, 0x93, 0xCB, 0x66, 0xBC, 0x9B,
    0xBA, 0x63, 0x59, 0x1E, 0x63, 0x69, 0x33, 0xD2, 0xE6, 0xA4, 0x4E, 0x7A, 0x8F, 0x39, 0xAB, 0x73,
    0x61, 0x3D, 0xB1, 0x9A, 0x29, 0x73, 0xF3, 0xB3, 0xEE, 0x54, 0x4F, 0x5D, 0x32, 0xB6, 0xC9, 0xB9,
    0x24, 0xBD, 0x72, 0x4F, 0xE9, 0x69, 0x47, 0xDA, 0x89, 0x66, 0xA2, 0x4C, 0x54, 0xCB, 0x3E, 0xF1,
    0x0F, 0x70, 0xFB, 0xF0, 0xF0, 0xF0, 0xEA, 0x31, 0xC9, 0xFC, 0xCC, 0x9B, 0x2F, 0x39, 0x7C, 0x52,
    0xAE, 0xFC, 0x39, 0x80, 0x9B, 0xA7, 0x59, 0xA5, 0xA7, 0x64, 0x8F, 0xAE, 0xC7, 0x0E, 0xAB, 0x09,
    0xE5, 0x04, 0x70, 0x40, 0x5E, 0x76, 0xC8, 0xA1, 0x4F, 0xB2, 0x7F, 0x4A, 0xF8, 0xAD, 0xE0, 0x5F,
    0x84, 0x92, 0x23, 0x4B, 0x9B, 0x23, 0x5D, 0xAF, 0xCC, 0x38, 0x03, 0x3F, 0x00, 0x3C, 0x8F, 0x2F,
    0x90, 0xD4, 0x30, 0x18, 0x47, 0x5F, 0xDB, 0x83, 0xCE, 0xD0, 0x99, 0x8B, 0x39, 0x0B, 0xF1, 0xCC,
    0x1C, 0xB1, 0x2B, 0xB8, 0xF9, 0x32, 0x58, 0xBC, 0xD7, 0x30, 0x48, 0x34, 0x89, 0x57, 0xEB, 0x35,
    0x1A, 0x8D, 0xB8, 0x23, 0x8B, 0x37, 0x39, 0x6F, 0xAA, 0xD0, 0x11, 0x15, 0x11, 0x4D, 0x3F, 0xD8,
    0x3F, 0xEC, 0xCB, 0x2F, 0xE2, 0x13, 0x4F, 0x3C, 0x60, 0x02, 0x77, 0x20, 0x14, 0x6C, 0xA3, 0x53,
    0x78, 0xC3, 0x85, 0x1D, 0x5D, 0x63, 0x54, 0x5C, 0x25, 0x64, 0x1E, 0xB8, 0xA2, 0x91, 0x41, 0x67,
    0x8C, 0x56, 0xE4, 0x79, 0xE3, 0xE1, 0xA2, 0x8C, 0xE5, 0xD6, 0xBB, 0xE6, 0xBC, 0xA8, 0xF2, 0x64,
    0x1B, 0x5F, 0xC6, 0x05, 0xD5, 0x7A, 0x1E, 0xC0, 0x13, 0xCE, 0x07, 0xC2, 0x49, 0xB2, 0xBA, 0x32,
    0x6A, 0x81, 0x14, 0x31, 0x51, 0xCA, 0xF1, 0xD9, 0x83, 0xF3, 0xDF, 0xD0, 0xDF, 0x1A, 0xFF, 0xFF,
    0xE3, 0xFD, 0x72, 0x8F, 0x34, 0x44, 0xB9, 0x13, 0x48, 0xF4, 0x95, 0x21, 0xD3, 0x47, 0xBA, 0x3D,
    0x76, 0x45, 0x12, 0x8F, 0xC6, 0xFF, 0x34, 0xFE, 0xD1, 0x7A, 0x51, 0x4C, 0x05, 0xCF, 0x99, 0xF7,
    0x7C, 0x85, 0xAD, 0x5F, 0x19, 0xF4, 0xE3, 0x86, 0x6D, 0xAE, 0x22, 0x39, 0x45, 0x5E, 0xB3, 0xE3,
    0xCA, 0x3B, 0xEE, 0xDD, 0x73, 0x9B, 0xB4, 0x1E, 0x8B, 0x34, 0x72, 0x61, 0xE4, 0x16, 0x6C, 0x96,
    0x88, 0x2C, 0xA9, 0x30, 0x6D, 0x76, 0x05, 0xFD, 0xA0, 0x60, 0xB9, 0xE7, 0xCC, 0x67, 0x7F, 0x2A,
    0x30, 0xBA, 0x22, 0x7F, 0x36, 0x8E, 0x65, 0xBF, 0x10, 0x7F, 0xC7, 0x0D, 0xD0, 0xCD, 0xD3, 0xEC,
    0x62, 0x20, 0xCC, 0x52, 0xDC, 0xDC, 0x01, 0x5D, 0xED, 0xEB, 0xB0, 0x4C, 0x45, 0xB3, 0xFA, 0xEF,
    0x80, 0xCD, 0xA7, 0xEA, 0xF9, 0x55, 0x04, 0x08, 0x3E, 0x5D, 0xCB, 0xD3, 0x41, 0xFD, 0x5B, 0x3E,
    0xF1, 0x02, 0xC9, 0xFF, 0xEC, 0x32, 0x16, 0x93, 0xC5, 0xEF, 0x80, 0x7E, 0x66, 0x38, 0x60, 0x22,
    0x76, 0xC1, 0x6D, 0x90, 0x20, 0xD0, 0x6F, 0x48, 0x45, 0xF6, 0x00, 0xDC, 0xD0, 0x35, 0xCC, 0x82,
    0x44, 0x12, 0xA7, 0xFD, 0x40, 0xD4, 0xDB, 0x46, 0xF7, 0x77, 0x01, 0x40, 0x49, 0x16, 0x44, 0x24,
    0x5C, 0xFB, 0xC7, 0xC0, 0x0F, 0x8B, 0x84, 0x3C, 0x50, 0x98, 0x41, 0x23, 0x6B, 0xD5, 0xAA, 0x25,
    0xFB, 0xFF, 0x7F, 0x81, 0xA0, 0xAC, 0x55, 0x0B, 0x00, 0xED, 0x9A, 0x01, 0x84, 0xED, 0xE8, 0x15,
    0xC7, 0x7F, 0x49, 0xDE, 0x9D, 0x74, 0x1A, 0x36, 0x8B, 0xF7, 0x58, 0x5B, 0x9A, 0x07, 0x60, 0xB5,
    0xEF, 0x02, 0x14, 0x76, 0xBE, 0xB4, 0x05, 0x14, 0x9D, 0x32, 0x53, 0x28, 0xB6, 0x00, 0x5B, 0xD5,
    0x57, 0x14, 0xA0, 0xCD, 0x07, 0x00, 0x18, 0xE8, 0x02, 0x18, 0x6C, 0x79, 0x5E, 0xB1, 0x05, 0xB4,
    0xAC, 0x26, 0x00, 0x80, 0xAF, 0x28, 0x00, 0xC1, 0xB6, 0x6A, 0xE1, 0x05, 0x41, 0x5E, 0xE5, 0xE6,
    0xD4, 0xFD, 0x77, 0xAE, 0xC4, 0x35, 0xEB, 0xAD, 0xB5, 0x3A, 0xF7, 0xCE, 0xF4, 0x3F, 0x93, 0x73,
    0x88, 0xE4, 0xE6, 0xBB, 0xE7, 0x97, 0x73, 0x72, 0x4E, 0x5C, 0xE0, 0x02, 0x80, 0x64, 0x92, 0xCB,
    0x4C, 0x2E, 0xB7, 0x12, 0xA0, 0x30, 0x0F, 0xB0, 0xB6, 0x06, 0xC0, 0x7D, 0x12, 0x00, 0xEA, 0x1F,
    0x77, 0x00, 0x96, 0x77, 0x40, 0x34, 0x65, 0x03, 0x10, 0x6F, 0x92, 0x11, 0x48, 0xC6, 0x64, 0x03,
    0xA4, 0x43, 0x3C, 0x01, 0x79, 0x87, 0x21, 0x57, 0x7B, 0x58, 0x07, 0xAA, 0x06, 0xDC, 0x3F, 0x2E,
    0xAB, 0x00, 0x95, 0x99, 0xB5, 0x60, 0x66, 0xD6, 0x21, 0xD7, 0x13, 0x4F, 0x97, 0x97, 0x3F, 0x1B,
    0x49, 0x46, 0xB6, 0x5B, 0x3A, 0x42, 0x3C, 0x91, 0xF5, 0x10, 0x19, 0xBA, 0x98, 0x95, 0x45, 0x0B,
    0xD4, 0xDE, 0x05, 0xC0, 0x35, 0xDC, 0xAE, 0x78, 0x94, 0x4B, 0xA7, 0xA5, 0xD3, 0xC2, 0x20, 0xFA,
    0x18, 0x76, 0xCA, 0xCC, 0xBF, 0x84, 0xCA, 0x06, 0x23, 0x36, 0x9B, 0x8C, 0xD4, 0xFE, 0x69, 0x46,
    0x3E, 0x52, 0x18, 0xEB, 0x8E, 0xD4, 0x70, 0x0D, 0xB1, 0x69, 0xDD, 0x46, 0xE5, 0xC1, 0xA8, 0xCB,
    0x9D, 0xAD, 0xA9, 0xCA, 0x79, 0xBF, 0x6B, 0x88, 0x0C, 0xD7, 0x92, 0x18, 0xC5, 0x40, 0x6E, 0x64,
    0xF6, 0x93, 0xDA, 0x48, 0xF4, 0xC9, 0x98, 0x0D, 0xA6, 0x78, 0x9A, 0x22, 0xBE, 0x2F, 0xE7, 0x01,
    0xEA, 0x30, 0xDB, 0xAA, 0x01, 0x78, 0x57, 0x18, 0x4E, 0xFE, 0x85, 0x68, 0xEC, 0xD8, 0x78, 0x80,
    0x47, 0x85, 0x9C, 0x16, 0x01, 0x6C, 0x90, 0x3A, 0xA4, 0x73, 0x66, 0x1D, 0x37, 0x61, 0x45, 0x20,
    0xB6, 0x16, 0x88, 0xAC, 0x07, 0xF8, 0x81, 0x6C, 0xDA, 0x01, 0x14, 0x01, 0x60, 0x0D, 0xC0, 0x29,
    0xD2, 0x01, 0xF2, 0x0D, 0xB2, 0xF1, 0x00, 0x8A, 0xA0, 0x5C, 0xDE, 0x33, 0x7F, 0x81, 0xF3, 0xA2,
    0x04, 0xD2, 0x4D, 0x84, 0x58, 0x78, 0x41, 0x30, 0x45, 0x7F, 0xA3, 0xD3, 0xF0, 0x3C, 0xBD, 0x2F,
    0x44, 0xE1, 0x1B, 0x00, 0x14, 0xB0, 0xDB, 0xA3, 0x8B, 0xC1, 0xB4, 0x08, 0xD3, 0x35, 0x50, 0x05,
    0x76, 0xD4, 0x33, 0xDB, 0x00, 0xEB, 0x76, 0x0B, 0xE6, 0xDB, 0xE4, 0x25, 0xC0, 0xA1, 0xF2, 0xFE,
    0xCD, 0xB2, 0x0A, 0x29, 0xAA, 0x40, 0x0D, 0xC2, 0xE2, 0xC5, 0x3B, 0xF3, 0x0F, 0x88, 0x77, 0xB4,
    0xC0, 0x5D, 0xFB, 0x19, 0x7A, 0xDE, 0x02, 0x24, 0x1D, 0x00, 0x61, 0xC7, 0x3B, 0x3E, 0x1E, 0xDE,
    0x2B, 0xD9, 0xC8, 0x5A, 0xE6, 0xEA, 0xC4, 0x47, 0x37, 0x69, 0xDE, 0xCB, 0xE5, 0x37, 0xF9, 0x8D,
    0x78, 0x9F, 0x3E, 0x08, 0xDE, 0x27, 0x03, 0x5A, 0xE7, 0xE2, 0x61, 0x95, 0xCB, 0x56, 0xE5, 0xFC,
    0xA4, 0xEA, 0xC4, 0xBB, 0x3C, 0xA2, 0xFC, 0x16, 0x6D, 0xA8, 0xDB, 0x4F, 0x45, 0xDB, 0x14, 0xDC,
    0x7F, 0x6B, 0xF5, 0xD1, 0xF5, 0xB7, 0x02, 0x0B, 0x9D, 0x2F, 0x3B, 0x8F, 0x5B, 0x79, 0x97, 0xF7,
    0x86, 0x77, 0x7C, 0xBD, 0x02, 0xF2, 0xA9, 0x68, 0x60, 0x6D, 0xE6, 0xC1, 0x7D, 0x60, 0xC0, 0x13,
    0x5E, 0xB0, 0xA7, 0xFA, 0xF6, 0xFC, 0x7E, 0x76, 0x98, 0xBC, 0xE5, 0xF6, 0x29, 0xDA, 0xAB, 0x0E,
    0x88, 0x5F, 0xC7, 0xE3, 0x7E, 0xD6, 0x3E, 0xE4, 0x4E, 0xFA, 0x58, 0x9F, 0xD4, 0x6F, 0xE8, 0xBC,
    0x67, 0x9D, 0xC2, 0x5C, 0xC6, 0x70, 0x2D, 0x80, 0x2E, 0x0F, 0x4C, 0x48, 0x03, 0x40, 0x74, 0xFE,
    0xF4, 0x02, 0x15, 0xFF, 0x51, 0xC9, 0x9E, 0x6A, 0xAF, 0xC8, 0xB0, 0x83, 0x7F, 0xF2, 0x9A, 0x7B,
    0x76, 0xD3, 0x84, 0xB9, 0x6F, 0x4B, 0xC6, 0xB9, 0xB9, 0x2D, 0x82, 0x6C, 0x09, 0x10, 0x01, 0xAC,
    0x58, 0x01, 0xAE, 0x54, 0xA9, 0x08, 0x5B, 0x92, 0xB9, 0x19, 0x90, 0xD8, 0x08, 0x50, 0x5D, 0x1D,
    0xE4, 0x6D, 0x92, 0x20, 0x15, 0x37, 0xEC, 0x83, 0x5C, 0x21, 0x08, 0xA4, 0xBD, 0x5C, 0x74, 0x03,
    0xFF, 0xFC, 0xE1, 0xC1, 0xFF, 0xF5, 0x3E, 0xFB, 0xC8, 0x16, 0x63, 0xA9, 0xE0, 0x8B, 0x3A, 0xCF,
    0x78, 0xCB, 0x83, 0x2B, 0xD7, 0x5E, 0xD5, 0x41, 0xF0, 0x27, 0xC1, 0x1F, 0x0E, 0x18, 0x7E, 0x36,
    0xB1, 0x80, 0xF1, 0xD6, 0xF3, 0x66, 0x79, 0x2F, 0xFC, 0x15, 0xA9, 0x47, 0xF0, 0xAF, 0x1F, 0x12,
    0xFC, 0x5F, 0x94, 0x40, 0x6C, 0xDD, 0xDC, 0xF8, 0x7E, 0x7F, 0x39, 0x96, 0x37, 0xB2, 0x00, 0x9C,
    0x1E, 0x21, 0xFC, 0x15, 0x6F, 0x7F, 0xD9, 0x56, 0x4F, 0x4A, 0x3A, 0x46, 0xC1, 0x48, 0xC7, 0x05,
    0x75, 0x67, 0xE1, 0x3E, 0xA6, 0x7C, 0xDA, 0x67, 0x1E, 0x0A, 0xFB, 0xA4, 0x01, 0x67, 0x56, 0xC2,
    0x59, 0x3A, 0x01, 0xF0, 0x98, 0x59, 0x47, 0x48, 0xFD, 0xE7, 0xF2, 0xF1, 0x10, 0x8D, 0x8A, 0xF4,
    0x8F, 0x06, 0x80, 0x7A, 0x99, 0xC1, 0xC4, 0x62, 0xF9, 0xFF, 0x86, 0xCF, 0x91, 0x37, 0xE0, 0xFC,
    0x96, 0x6C, 0xD1, 0xD6, 0xDC, 0x4E, 0xF6, 0xE8, 0x1A, 0xBE, 0x27, 0x97, 0x97, 0x97, 0xE5, 0x36,
    0xBE, 0xCD, 0xC2, 0x7C, 0xFE, 0xF2, 0xA5, 0xAF, 0x3C, 0xF0, 0xC5, 0xE6, 0xEF, 0x97, 0x17, 0x5B,
    0x2C, 0xE3, 0xD2, 0x68, 0x9F, 0x87, 0x37, 0x18, 0x5D, 0x63, 0xCF, 0xB0, 0x27, 0x75, 0x19, 0xF9,
    0xC8, 0xD2, 0xC4, 0xD7, 0x80, 0x74, 0x62, 0x2D, 0x38, 0x9B, 0x88, 0xB6, 0xE7, 0xA6, 0xF6, 0x91,
    0xB5, 0xF9, 0x40, 0xD1, 0x17, 0x2D, 0xE9, 0xE8, 0x1A, 0x92, 0xD1, 0x79, 0xE2, 0x4D, 0x65, 0x66,
    0x0B, 0x33, 0xAF, 0xC0, 0x35, 0xB0, 0x65, 0x00, 0xF9, 0x40, 0x14, 0x32, 0xBB, 0xFA, 0xA0, 0x8B,
    0x75, 0x57, 0x55, 0x66, 0x81, 0xCC, 0x5E, 0x03, 0x4F, 0x6E, 0x09, 0x62, 0x1D, 0x40, 0x46, 0x11,
    0x54, 0x00, 0xF5, 0xA6, 0xBA, 0x30, 0x65, 0x7A, 0x03, 0x8F, 0xF2, 0x06, 0x70, 0x25, 0xB0, 0x01,
    0xE8, 0xE7, 0xE1, 0xF8, 0x80, 0x82, 0xFD, 0x21, 0x90, 0x58, 0xD8, 0x9A, 0x0E, 0xA2, 0x1F, 0x76,
    0xBB, 0xE7, 0xD8, 0xBA, 0x01, 0xCE, 0x00, 0xDE, 0x01, 0xE0, 0x6E, 0x22, 0x5E, 0x85, 0x33, 0x22,
    0x9B, 0x26, 0x12, 0xB3, 0x91, 0xB4, 0x7D, 0xDE, 0x01, 0x1C, 0x58, 0x10, 0xD3, 0x2E, 0x2F, 0x29,
    0x36, 0x45, 0x89, 0x33, 0x83, 0xDF, 0x16, 0x1B, 0xF8, 0x65, 0x2C, 0xDE, 0x77, 0x18, 0x3A, 0x20,
    0xEC, 0xAA, 0x9A, 0xAA, 0x58, 0xA6, 0x4C, 0x0A, 0x70, 0x51, 0x94, 0x24, 0x53, 0x04, 0x85, 0x35,
    0x50, 0xBF, 0xEA, 0x88, 0x36, 0xF1, 0x08, 0xE7, 0x3C, 0x3D, 0xAC, 0xC0, 0x02, 0x8F, 0x00, 0x38,
    0x63, 0xAE, 0x55, 0x56, 0x02, 0xD1, 0x66, 0xF1, 0x9E, 0x31, 0x00, 0x3A, 0x3A, 0x31, 0x05, 0xC7,
    0x46, 0xC0, 0xFD, 0xCD, 0x80, 0xEF, 0x52, 0x00, 0xDC, 0x8E, 0x42, 0x2C, 0x10, 0x0C, 0x44, 0x03,
    0xE1, 0x40, 0x3C, 0x10, 0x10, 0x44, 0x44, 0xAB, 0xDB, 0xB3, 0x1E, 0x90, 0x15, 0x97, 0x1D, 0x18,
    0x44, 0x06, 0xA1, 0x41, 0x6C, 0x40, 0x70, 0x44, 0x67, 0x0F, 0xCF, 0xF7, 0x80, 0x48, 0xF5, 0xCC,
    0x00, 0x15, 0x7B, 0xA5, 0xDD, 0x45, 0xE6, 0x8F, 0x85, 0x8F, 0xF0, 0x3C, 0x63, 0x87, 0x45, 0x84,
    0x8A, 0xB0, 0xAB, 0x21, 0x51, 0x23, 0x30, 0xE2, 0x22, 0x2C, 0xA2, 0x22, 0x28, 0x77, 0x98, 0x1B,
    0x2B, 0x20, 0xB2, 0x76, 0x6B, 0x06, 0xE0, 0xF7, 0x22, 0x30, 0xEC, 0x72, 0x23, 0xDF, 0xE6, 0xC6,
    0xE9, 0x31, 0xC4, 0xFE, 0xE4, 0x33, 0x00, 0x67, 0x00, 0x6B, 0x2B, 0xE5, 0x64, 0xEB, 0x79, 0x2C,
    0x8F, 0x3B, 0xC0, 0x9A, 0xF2, 0x78, 0x72, 0x43, 0xE3, 0x47, 0xD5, 0x7E, 0x0A, 0x66, 0x23, 0xF1,
    0x6B, 0x1B, 0xB6, 0x63, 0x47, 0xBB, 0xEC, 0x3A, 0x93, 0x89, 0xC3, 0xE7, 0x73, 0x72, 0x75, 0x0A,
    0xC5, 0x66, 0xED, 0x71, 0x66, 0xF0, 0xBB, 0x62, 0x82, 0x77, 0xA2, 0x17, 0xCC, 0xBA, 0x35, 0x37,
    0xDE, 0xBF, 0xD3, 0xDC, 0xB8, 0x00, 0xD2, 0x45, 0x74, 0xFB, 0xFD, 0xE8, 0x1E, 0x63, 0x93, 0x78,
    0x88, 0x35, 0xE8, 0x8D, 0xCD, 0xE4, 0xAF, 0x3C, 0xB1, 0x75, 0x44, 0xD6, 0x2B, 0x95, 0x55, 0x4F,
    0x8B, 0x06, 0x0A, 0xE0, 0xD1, 0x8E, 0x85, 0x50, 0x34, 0xBB, 0xED, 0xBD, 0xFA, 0x73, 0xAF, 0x35,
    0x7C, 0x0D, 0x9B, 0xD3, 0x67, 0xCE, 0xDB, 0xC9, 0x15, 0x6E, 0x83, 0x33, 0x1E, 0x3B, 0xA8, 0x89,
    0x07, 0x92, 0x96, 0xC8, 0xEF, 0x02, 0xF7, 0x31, 0x69, 0xFF, 0x15, 0xFF, 0xFF, 0x97, 0xDF, 0x82,
    0x85, 0x74, 0x4C, 0x15, 0xA0, 0x6E, 0xA1, 0x6A, 0x14, 0xF5, 0xC2, 0xBB, 0xB6, 0xEA, 0x5C, 0x5B,
    0x78, 0x24, 0x78, 0xD7, 0xAF, 0x9B, 0x2F, 0xF3, 0x87, 0xB4, 0x6E, 0x74, 0x7E, 0xF8, 0x66, 0x09,
    0xAB, 0x97, 0x25, 0x40, 0x2D, 0xE8, 0xA9, 0x99, 0x79, 0x58, 0xDF, 0x8C, 0xAD, 0xD3, 0x4F, 0x6D,
    0x24, 0xB6, 0x40, 0x6E, 0xA4, 0x06, 0xB1, 0x79, 0xDD, 0xB2, 0x75, 0x93, 0xF7, 0x80, 0x6B, 0x75,
    0x13, 0x15, 0x9D, 0x0B, 0x40, 0xDE, 0xB9, 0x66, 0xEB, 0x7A, 0xB9, 0xEC, 0xC6, 0x0D, 0x4B, 0xA7,
    0x9D, 0x3A, 0xA4, 0xD5, 0x09, 0x45, 0xA7, 0x1B, 0xF1, 0xBF, 0x1F, 0x16, 0xB2, 0x11, 0xB0, 0x26,
    0xB1, 0x92, 0xC4, 0xCA, 0xC8, 0x5A, 0x8A, 0x09, 0x6A, 0xFB, 0xA3, 0x8D, 0x50, 0x68, 0xA0, 0x26,
    0x31, 0xB3, 0x12, 0x78, 0x6E, 0x3D, 0x00, 0x97, 0xDC, 0xA2, 0x49, 0x36, 0xB1, 0xA5, 0x8B, 0xE5,
    0xE0, 0xC5, 0x32, 0x8D, 0x3E, 0x03, 0x55, 0x3D, 0x25, 0x52, 0xD8, 0xCE, 0xBB, 0x75, 0x4F, 0xBE,
    0x21, 0x1F, 0x59, 0x77, 0x24, 0x13, 0x2E, 0x80, 0x89, 0x80, 0x95, 0x95, 0x87, 0xBA, 0xAC, 0x4A,
    0xA8, 0xFC, 0x8D, 0xF5, 0x50, 0x95, 0x5B, 0x26, 0x75, 0xA9, 0x63, 0xB6, 0x67, 0xC5, 0x13, 0xF9,
    0x40, 0x36, 0x92, 0xDA, 0x55, 0x35, 0x10, 0x6B, 0xDD, 0x54, 0x5A, 0x76, 0x66, 0x03, 0xFB, 0xA9,
    0xB5, 0x78, 0x11, 0x6B, 0xCD, 0xBE, 0x7D, 0x0F, 0x80, 0xE8, 0x2F, 0xCB, 0xDF, 0x14, 0x65, 0xD6,
    0x20, 0x1F, 0x40, 0x2C, 0x97, 0xAF, 0x39, 0xFF, 0x8C, 0xF4, 0x36, 0xB3, 0xEE, 0x05, 0xE1, 0x0F,
    0x11, 0xCA, 0x20, 0xDB, 0xB1, 0x9B, 0x00, 0x49, 0xBB, 0x39, 0x06, 0x67, 0x2C, 0xA7, 0xC0, 0xC3,
    0xC3, 0xFC, 0x27, 0xA4, 0xCD, 0xF2, 0x27, 0x27, 0xC9, 0x80, 0xD0, 0xB6, 0x00, 0x17, 0x59, 0x03,
    0xC4, 0x16, 0x21, 0xDA, 0xE2, 0x5B, 0xBD, 0xEA, 0x01, 0xA6, 0x68, 0x14, 0x57, 0x1E, 0xDF, 0x33,
    0xB0, 0x5F, 0xFF, 0xE4, 0x74, 0x60, 0xD8, 0xBF, 0xB3, 0xAC, 0x49, 0x91, 0xC1, 0xDC, 0x73, 0x52,
    0x04, 0x61, 0x4F, 0x83, 0xB0, 0xF3, 0x90, 0xB0, 0x8B, 0x3A, 0xCF, 0x40, 0xBC, 0x67, 0xF6, 0x45,
    0x98, 0xD3, 0x3A, 0x6A, 0x8E, 0x10, 0xFB, 0x0A, 0xA9, 0xEE, 0xE4, 0x4C, 0xFC, 0xF8, 0x83, 0x1C,
    0xA2, 0x09, 0x59, 0x27, 0xEC, 0xB9, 0x17, 0xF6, 0xD5, 0x43, 0xC2, 0xFE, 0xD5, 0x67, 0xC1, 0x83,
    0xC6, 0xAE, 0x61, 0x10, 0x5C, 0x7F, 0x06, 0x60, 0xB6, 0x51, 0x01, 0xAB, 0x45, 0xF1, 0x3A, 0x6D,
    0x59, 0xE8, 0x02, 0x1E, 0x5A, 0xB6, 0x6B, 0xC4, 0xD4, 0x8C, 0x29, 0x44, 0x68, 0xCA, 0x64, 0x7F,
    0xCC, 0x84, 0x2F, 0xCE, 0xF6, 0xF7, 0x0F, 0x11, 0xFB, 0x7F, 0x00, 0xDD, 0x98, 0x81, 0x86, 0x25,
    0xC7, 0x1A, 0xC7, 0x7F, 0xDD, 0xBD, 0x33, 0xED, 0x4E, 0xBB, 0x6A, 0x71, 0x2F, 0xD7, 0x42, 0x5F,
    0x00, 0xCB, 0x6A, 0x80, 0x40, 0xD2, 0x2D, 0x79, 0x85, 0x6C, 0x9E, 0x21, 0x89, 0xD8, 0x00, 0x04,
    0xA2, 0xEB, 0x0D, 0x32, 0x8F, 0x30, 0x58, 0x44, 0x02, 0x01, 0x24, 0x24, 0xE9, 0x7A, 0x84, 0xCA,
    0x1B, 0x1C, 0xAC, 0x40, 0xB0, 0x85, 0x46, 0x6F, 0x74, 0xF7, 0x17, 0xE7, 0x7F, 0xD6, 0x9E, 0x33,
    0xEB, 0x80, 0x4D, 0xD6, 0x9E, 0x39, 0x9F, 0xF1, 0xFF, 0xD1, 0x5D, 0xEA, 0x4C, 0xD5, 0xEF, 0x7C,
    0xA5, 0x66, 0x80, 0x8F, 0x01, 0x28, 0x4C, 0x70, 0x16, 0x01, 0xFA, 0xE7, 0x13, 0xC0, 0x9A, 0x2D,
    0x00, 0xF7, 0xF9, 0x0F, 0xFB, 0xBA, 0xF8, 0xAE, 0x03, 0x18, 0xEC, 0x05, 0x50, 0x9A, 0x99, 0x87,
    0xC6, 0xCC, 0x12, 0xD8, 0xFA, 0x89, 0xCD, 0xE4, 0x16, 0x71, 0x46, 0x69, 0x90, 0x9B, 0x77, 0x33,
    0x30, 0x04, 0x37, 0x02, 0xED, 0xA6, 0x49, 0x40, 0x9D, 0xDA, 0x08, 0xB8, 0xD4, 0x86, 0x2D, 0x46,
    0xA1, 0x7A, 0x89, 0xE9, 0x10, 0x7A, 0xA8, 0x21, 0x9B, 0x2D, 0x52, 0x9D, 0x80, 0x26, 0xED, 0x26,
    0x8B, 0xD5, 0x0C, 0x58, 0x28, 0xAC, 0xA3, 0xB0, 0x2E, 0xB3, 0x0D, 0xF5, 0x0A, 0x83, 0x7D, 0x6F,
    0x33, 0xD4, 0x66, 0xB6, 0x81, 0xC2, 0xCC, 0x3A, 0xE0, 0x4B, 0x1B, 0x01, 0x78, 0xCC, 0x91, 0x5A,
    0x95, 0x85, 0x1D, 0x22, 0x17, 0xE0, 0x5B, 0xF6, 0x65, 0x41, 0xEF, 0x13, 0xE0, 0x6C, 0x06, 0xDA,
    0xDF, 0x0C, 0x78, 0x44, 0xCD, 0xB1, 0xBA, 0xB4, 0x67, 0x40, 0x6B, 0x06, 0x99, 0x99, 0x45, 0x4A,
    0xFB, 0x7D, 0x18, 0x71, 0x0B, 0x6E, 0xA6, 0x49, 0x14, 0x2B, 0x6D, 0x04, 0xA3, 0x0D, 0x60, 0x5D,
    0xEF, 0x61, 0xE8, 0xFA, 0x0E, 0x7A, 0xFF, 0x32, 0x3D, 0xF4, 0x5D, 0x1F, 0xB6, 0xCF, 0x35, 0x86,
    0x26, 0x91, 0xAF, 0xB8, 0x89, 0x6A, 0xA6, 0xB4, 0xEB, 0x7E, 0x22, 0xD7, 0x3A, 0xE9, 0xB5, 0xCC,
    0xCA, 0xE4, 0xED, 0xBF, 0xBC, 0x5E, 0xBD, 0x9C, 0x59, 0x78, 0x3D, 0x1F, 0x72, 0x58, 0x79, 0x04,
    0xF9, 0x11, 0x6C, 0x04, 0xA8, 0xEC, 0xFA, 0xCA, 0x6F, 0x4D, 0x50, 0x07, 0xC8, 0x11, 0x80, 0x36,
    0xE8, 0xAB, 0x30, 0x74, 0x30, 0x98, 0x19, 0xFA, 0x2A, 0x4C, 0x77, 0xF5, 0xAB, 0x50, 0x78, 0x00,
    0x17, 0x01, 0xFA, 0x04, 0x64, 0x16, 0x81, 0x62, 0x01, 0x6D, 0x4B, 0xD3, 0x01, 0xB4, 0xBB, 0x04,
    0x60, 0xD8, 0xFA, 0xFD, 0x63, 0x91, 0xDF, 0x51, 0x7E, 0x37, 0xEF, 0xC6, 0xAF, 0xEB, 0x0E, 0xA5,
    0xB5, 0xAB, 0x50, 0x5A, 0xDC, 0x5A, 0xA3, 0x09, 0xD2, 0x95, 0x75, 0xE7, 0x68, 0x2D, 0x8B, 0x52,
    0xA7, 0xE7, 0x6E, 0x05, 0xFD, 0xBA, 0x00, 0xCD, 0xEE, 0x45, 0x38, 0x45, 0x6B, 0xD9, 0x4F, 0x82,
    0x33, 0x0F, 0x50, 0x59, 0x40, 0x8C, 0x20, 0x5D, 0xC2, 0xAF, 0x48, 0xDE, 0x8F, 0xC8, 0xDA, 0x7D,
    0xCE, 0x4C, 0xDE, 0x67, 0xB2, 0x63, 0x51, 0xA9, 0x66, 0xFB, 0x28, 0x01, 0x94, 0x69, 0xBF, 0x07,
    0x1F, 0xA8, 0xE5, 0xFE, 0x77, 0x9A, 0x2D, 0xD7, 0x6C, 0x1A, 0x00, 0x39, 0x20, 0x37, 0x5B, 0xAE,
    0x3C, 0x45, 0x6A, 0x26, 0x79, 0xE2, 0xCC, 0x74, 0x95, 0xC9, 0x75, 0x50, 0x2F, 0x75, 0xA7, 0x8D,
    0x07, 0xBE, 0xAE, 0x17, 0xE0, 0x8B, 0x7C, 0x3C, 0xD1, 0x53, 0x51, 0xCD, 0x03, 0x27, 0x60, 0xE3,
    0x34, 0xAE, 0x2E, 0x6F, 0xA0, 0xE9, 0x54, 0x2E, 0x27, 0x1A, 0x7D, 0x21, 0x6B, 0x75, 0x7C, 0xEB,
    0xE9, 0xA1, 0x89, 0x7D, 0x80, 0x36, 0x6C, 0xAD, 0x0D, 0xA1, 0x19, 0xC9, 0xAD, 0x73, 0x2B, 0x95,
    0x51, 0xDA, 0x9F, 0x36, 0x6B, 0xAF, 0x46, 0xAD, 0x28, 0xC0, 0xA5, 0xBD, 0xE0, 0x68, 0xB5, 0x1E,
    0x60, 0x88, 0xFB, 0xEC, 0x03, 0xC0, 0x03, 0xE0, 0x61, 0xC7, 0xD5, 0x4D, 0xEF, 0x71, 0xE9, 0x0D,
    0xA3, 0x0D, 0x28, 0xEA, 0xD4, 0x26, 0xDA, 0xD4, 0x2C, 0xB9, 0x25, 0x67, 0xF6, 0x3C, 0x15, 0x66,
    0xDF, 0x24, 0x86, 0xC5, 0x25, 0x2E, 0x3A, 0x0E, 0x2B, 0x5B, 0x80, 0xC2, 0x5E, 0xC5, 0x0A, 0xF0,
    0x14, 0xE0, 0x49, 0x07, 0xE4, 0x96, 0x80, 0xCC, 0x46, 0x80, 0x5C, 0x59, 0x26, 0x80, 0xDA, 0x2B,
    0x01, 0xB8, 0x87, 0xEA, 0x2E, 0x39, 0xC9, 0x9E, 0x02, 0xCE, 0xBA, 0x6D, 0x04, 0xB8, 0xE7, 0x02,
    0xD0, 0x78, 0x60, 0x05, 0x18, 0x01, 0x6E, 0xD8, 0xD7, 0xBB, 0x70, 0xF3, 0x95, 0xB2, 0x9C, 0x85,
    0x66, 0x05, 0x24, 0xE2, 0xF2, 0x9A, 0x6C, 0x05, 0xB7, 0x81, 0x6B, 0x70, 0x11, 0x89, 0x08, 0xDA,
    0xFA, 0x21, 0x68, 0x6F, 0x0C, 0x61, 0x41, 0xD8, 0x20, 0xC4, 0xB7, 0x0A, 0xC9, 0x60, 0x67, 0x83,
    0x9D, 0x0E, 0x76, 0x3E, 0x90, 0x10, 0x90, 0x11, 0x90, 0x12, 0x40, 0x4E, 0x38, 0xDE, 0x28, 0xFF,
    0xDE, 0x37, 0x7F, 0xA6, 0x51, 0xD5, 0xBA, 0xBF, 0xC8, 0xBA, 0x0E, 0xD9, 0xA2, 0x56, 0x4A, 0x1A,
    0xFD, 0x56, 0x50, 0xB5, 0xB2, 0xDD, 0xEA, 0x49, 0x99, 0xFE, 0x56, 0xCA, 0x16, 0xD2, 0x85, 0x7C,
    0x21, 0x61, 0xC8, 0x18, 0x52, 0x06, 0x72, 0x76, 0x5B, 0x5A, 0xBE, 0x11, 0x8A, 0x45, 0xA8, 0xCC,
    0x1F, 0x58, 0xA3, 0x1C, 0x65, 0x8D, 0xFF, 0x9F, 0xA5, 0xB5, 0x0A, 0xD0, 0xAC, 0x40, 0x3B, 0x82,
    0xAC, 0x69, 0xF5, 0x9D, 0x5E, 0x9C, 0xA4, 0xB5, 0x27, 0xC2, 0x76, 0x0C, 0xC8, 0x13, 0x40, 0x2E,
    0x50, 0x26, 0xA1, 0xF6, 0x92, 0x57, 0x23, 0x79, 0xF7, 0x38, 0x33, 0x79, 0x3A, 0x09, 0x71, 0xD6,
    0x29, 0x03, 0x3A, 0x0C, 0xF7, 0x8A, 0xA4, 0x90, 0x51, 0xF2, 0x6E, 0x4E, 0xB2, 0xE5, 0xAA, 0x17,
    0x55, 0x04, 0x5A, 0x7B, 0x1E, 0xD0, 0x1A, 0xFD, 0xE5, 0x35, 0xBF, 0x94, 0xAB, 0x74, 0x71, 0x6E,
    0xBA, 0x6A, 0xFF, 0x1E, 0x30, 0x8C, 0x3F, 0x03, 0x66, 0x33, 0xE4, 0xE3, 0x30, 0x42, 0xF6, 0x43,
    0xED, 0x4F, 0xF3, 0x54, 0x54, 0xF3, 0xC0, 0x59, 0xDA, 0x38, 0x7E, 0xB9, 0x63, 0x88, 0x87, 0xE8,
    0x83, 0xF0, 0x00, 0x50, 0x9D, 0xA8, 0xA6, 0x5B, 0x17, 0x42, 0x0A, 0x3B, 0xC8, 0x15, 0x80, 0xA7,
    0x1C, 0xD4, 0xFB, 0xA8, 0x06, 0x2F, 0xD8, 0x28, 0x34, 0x26, 0x64, 0x83, 0xC0, 0x05, 0xFB, 0x7B,
    0x61, 0x07, 0x3C, 0xA6, 0x4D, 0x9A, 0xB3, 0x1E, 0xA1, 0x9C, 0xA9, 0x66, 0x70, 0x93, 0x3E, 0xA4,
    0x49, 0x64, 0xE6, 0xE9, 0x83, 0x76, 0xCD, 0x3C, 0xB4, 0x29, 0x37, 0xB6, 0xEF, 0x8B, 0x05, 0x28,
    0x17, 0x37, 0x01, 0xB9, 0xD5, 0x09, 0xC0, 0x2C, 0x22, 0x25, 0xFE, 0xE0, 0x63, 0xDD, 0x02, 0x68,
    0xE2, 0x7F, 0x1C, 0xA8, 0x36, 0x00, 0xF9, 0xA4, 0xE7, 0x06, 0x90, 0xD9, 0x4E, 0x62, 0xD2, 0x8B,
    0xC8, 0x91, 0xFA, 0xDC, 0xC3, 0xC3, 0xEB, 0x3E, 0x40, 0xAF, 0x4B, 0xAA, 0xF9, 0x3A, 0x81, 0x75,
    0x6E, 0x24, 0x33, 0xAA, 0x99, 0x62, 0xD1, 0xCF, 0x4C, 0xBE, 0x52, 0x4D, 0x60, 0xB8, 0x04, 0x83,
    0x86, 0xF5, 0xA1, 0x89, 0xD0, 0xC6, 0x36, 0x40, 0x9D, 0x7A, 0x0F, 0x6E, 0x1C, 0x80, 0x6A, 0x32,
    0x69, 0x59, 0x80, 0xDC, 0x66, 0x00, 0x9B, 0x94, 0x09, 0xA0, 0xDF, 0x00, 0xB4, 0x51, 0x19, 0xF4,
    0xC4, 0x03, 0x18, 0xAF, 0x32, 0xDF, 0x49, 0x9E, 0xD1, 0x6C, 0x00, 0x57, 0x37, 0x67, 0xA0, 0xE9,
    0x58, 0x95, 0xA3, 0xE0, 0xE6, 0x5B, 0x98, 0x84, 0xFC, 0xE6, 0xE4, 0x14, 0xAD, 0x80, 0x15, 0xB6,
    0x55, 0xA4, 0x7F, 0x01, 0xCC, 0xB9, 0x49, 0xD1, 0xA7, 0x52, 0x24, 0x53, 0xCF, 0x84, 0x76, 0x41,
    0x30, 0xE1, 0x7E, 0x7B, 0xEB, 0x8F, 0xFE, 0x11, 0x21, 0x0A, 0x59, 0x77, 0x36, 0x8D, 0xF8, 0xA0,
    0x03, 0x72, 0xDB, 0xEC, 0x2F, 0x6B, 0x1F, 0x4E, 0xFB, 0x05, 0xBB, 0x08, 0x50, 0x03, 0xF0, 0xAF,
    0xBB, 0xDC, 0x88, 0xFB, 0x1A, 0xBA, 0x19, 0x28, 0x4D, 0xD3, 0x3A, 0xB3, 0xB4, 0x45, 0x18, 0x22,
    0xAA, 0x73, 0xF1, 0x9A, 0x8F, 0x95, 0x07, 0xB7, 0xBA, 0x00, 0x8D, 0x59, 0x07, 0xAD, 0x33, 0xE0,
    0x51, 0x3E, 0xDD, 0xFD, 0x43, 0xF5, 0x2F, 0x94, 0x52, 0x81, 0x86, 0xDE, 0x40, 0x10, 0xFE, 0xF2,
    0xA7, 0xBF, 0x1C, 0xAB, 0xB6, 0xE8, 0x81, 0x72, 0x01, 0xE0, 0x68, 0xF7, 0x11, 0x66, 0x15, 0x8A,
    0xC2, 0xBD, 0x46, 0x41, 0x5F, 0xA0, 0x6E, 0x43, 0x01, 0x45, 0x0B, 0x05, 0xA0, 0x00, 0xEE, 0x09,
    0x8A, 0xD6, 0x86, 0x7B, 0x81, 0x28, 0x2D, 0x80, 0xA0, 0xA0, 0x60, 0x4B, 0x54, 0xB0, 0x9B, 0xE9,
    0x64, 0x92, 0x53, 0xED, 0xE1, 0x74, 0x36, 0xDF, 0xDD, 0x97, 0xF9, 0x77, 0xBE, 0x19, 0x5F, 0xE6,
    0xFC, 0xEA, 0x8A, 0x98, 0xB7, 0x07, 0x80, 0xBC, 0x5E, 0x41, 0x28, 0xFB, 0x3F, 0x7F, 0x80, 0xBB,
    0x7E, 0x90, 0x78, 0x47, 0xAC, 0x31, 0xFE, 0xFB, 0x1F, 0xC0, 0x7F, 0xDD, 0x93, 0x98, 0x9B, 0xDC,
    0x0E, 0xE4, 0x03, 0x42, 0x17, 0x46, 0x9A, 0xDC, 0x64, 0x46, 0xC0, 0x8E, 0x6D, 0x6E, 0x8B, 0x29,
    0xD5, 0x82, 0x52, 0x65, 0x93, 0x68, 0x38, 0x03, 0x50, 0x79, 0x9B, 0xDA, 0x6C, 0x73, 0x53, 0x0E,
    0x19, 0xB9, 0x9A, 0x9B, 0xD4, 0x0E, 0xCE, 0x9F, 0xEC, 0x3A, 0xD5, 0xD4, 0x64, 0x33, 0x4B, 0x46,
    0xD4, 0x08, 0x01, 0x51, 0x14, 0xA3, 0x0F, 0x63, 0x1C, 0x68, 0x0A, 0xC9, 0x4D, 0x94, 0xCC, 0xB8,
    0x6A, 0xAB, 0xBA, 0xE8, 0xD3, 0xD4, 0x16, 0x97, 0x4D, 0xB1, 0xB9, 0x5A, 0x44, 0x4F, 0xFA, 0x54,
    0xB9, 0x9E, 0x4D, 0xB2, 0xD2, 0x2D, 0xF4, 0x67, 0x78, 0x0C, 0x68, 0x4F, 0x48, 0x57, 0x33, 0x49,
    0x5F, 0x39, 0x66, 0x69, 0x4A, 0xBD, 0xDE, 0x5E, 0xB0, 0x56, 0xCC, 0xC8, 0x4D, 0x3A, 0x48, 0x4F,
    0x9B, 0x9C, 0x6F, 0xBB, 0x13, 0x1C, 0xA1, 0xE1, 0xFA, 0x5B, 0x38, 0x8F, 0x3F, 0x3E, 0x04, 0xE6,
    0x71, 0xC5, 0x69, 0xF8, 0x7A, 0xB1, 0xE5, 0xEF, 0x86, 0x06, 0xF9, 0xBF, 0x70, 0x1A, 0xDE, 0x43,
    0x74, 0xFC, 0x0A, 0x12, 0xEC, 0xF9, 0x3D, 0xB7, 0x01, 0xA1, 0xD3, 0xDC, 0x2D, 0x9C, 0x0B, 0x1E,
    0xA0, 0x61, 0xDF, 0xF2, 0x40, 0x9C, 0x02, 0x4F, 0x91, 0x67, 0x79, 0x84, 0xC8, 0xAB, 0xE5, 0xBE,
    0x2A, 0xD0, 0x68, 0xFB, 0x50, 0x15, 0x1A, 0xF9, 0x35, 0x87, 0x9F, 0x7C, 0xCD, 0xC2, 0xAE, 0xD9,
    0xF5, 0xF1, 0x69, 0x39, 0xE2, 0x21, 0x2E, 0xF0, 0x02, 0xC0, 0xD1, 0x43, 0xA2, 0xE6, 0x01, 0x20,
    0x1D, 0xD5, 0xF2, 0x04, 0xC4, 0xCD, 0x83, 0x6F, 0x19, 0xD5, 0xB2, 0x8F, 0xBF, 0xA0, 0xCE, 0x4A,
    0x83, 0x1C, 0x93, 0x94, 0x5E, 0x82, 0xD0, 0x8E, 0x37, 0x74, 0x17, 0x50, 0x1A, 0x71, 0x73, 0x77,
    0x17, 0x00, 0x61, 0xD9, 0x05, 0xE0, 0xBE, 0x64, 0x15, 0xD8, 0xBA, 0x59, 0x15, 0xD0, 0x19, 0xA8,
    0x7F, 0xD9, 0xE1, 0xD1, 0x77, 0xC8, 0x64, 0xF1, 0xC0, 0x13, 0xA2, 0xD6, 0x2E, 0x86, 0x4B, 0xA5,
    0xEB, 0x5B, 0x67, 0x3B, 0xC4, 0x7A, 0x5E, 0x3D, 0x35, 0xC9, 0x75, 0xD4, 0x24, 0x3B, 0x00, 0x76,
    0x24, 0xEF, 0x9E, 0xEB, 0x62, 0x50, 0x4F, 0x70, 0x6F, 0x86, 0x46, 0x68, 0x84, 0xD0, 0xB7, 0x4A,
    0x17, 0x90, 0xD7, 0xAC, 0x08, 0x40, 0xCA, 0x9E, 0x8D, 0x66, 0x10, 0x81, 0xD5, 0x9E, 0x3A, 0xD9,
    0x5E, 0x04, 0x60, 0x7F, 0x95, 0xC3, 0x12, 0x3B, 0x11, 0x90, 0x39, 0x66, 0x30, 0x6F, 0x1E, 0xF0,
    0x08, 0x37, 0x43, 0xE3, 0xA8, 0x8B, 0x74, 0xF4, 0x47, 0x4F, 0x32, 0xE7, 0x7E, 0x3A, 0xF2, 0x41,
    0x37, 0x35, 0xE0, 0x52, 0xCE, 0x67, 0xBC, 0xC2, 0x27, 0x39, 0x1F, 0xD5, 0x5E, 0xDC, 0x03, 0x1C,
    0x10, 0x3C, 0xD4, 0x3B, 0x33, 0x89, 0x57, 0x6B, 0x83, 0xD0, 0xC1, 0x0D, 0xB0, 0x09, 0xF5, 0x8C,
    0xAA, 0x68, 0x23, 0xF2, 0xB8, 0x0F, 0x68, 0xC5, 0x13, 0x80, 0x3A, 0xB4, 0xDB, 0x85, 0xCD, 0xFF,
    0xA8, 0xAB, 0xC0, 0x38, 0x64, 0x34, 0x13, 0xAC, 0x8A, 0x10, 0xB6, 0x8A, 0x9B, 0x0D, 0x97, 0x58,
    0xBD, 0xD8, 0xBF, 0xE2, 0xEE, 0x7F, 0x11, 0xEC, 0x9F, 0x6D, 0x33, 0xFC, 0xF7, 0xA8, 0xA3, 0x44,
    0x1E, 0x5D, 0x09, 0x23, 0x5E, 0x25, 0x00, 0x94, 0x90, 0x21, 0x4C, 0xC3, 0x40, 0x14, 0x86, 0xFF,
    0x5B, 0x59, 0x2A, 0x9A, 0x70, 0x08, 0xE6, 0x08, 0xF5, 0x98, 0xF3, 0x86, 0xD7, 0xA4, 0x72, 0x06,
    0x31, 0x87, 0xC5, 0xE3, 0xC5, 0xD6, 0x3A, 0xBC, 0xC6, 0xCC, 0x93, 0x80, 0x17, 0xDB, 0xCE, 0xAB,
    0x53, 0x4C, 0x60, 0x4E, 0x4F, 0x3D, 0x31, 0x71, 0x84, 0x76, 0x8F, 0x77, 0x09, 0x41, 0xE0, 0x48,
    0xBF, 0x34, 0x97, 0x97, 0x7B, 0xEF, 0xFF, 0xEE, 0x61, 0x81, 0x52, 0x7C, 0x2D, 0x4C, 0xFB, 0xD4,
    0x61, 0xD8, 0x60, 0x1C, 0xB1, 0x19, 0xB0, 0xD5, 0xBF, 0x9E, 0x3B, 0x33, 0xD0, 0x47, 0xB2, 0xC2,
    0x85, 0xF4, 0xB8, 0x04, 0x4C, 0x83, 0x2A, 0xC0, 0x05, 0x74, 0x01, 0x12, 0x8A, 0xAF, 0x60, 0xF7,
    0xC1, 0x3D, 0x05, 0x7A, 0xF9, 0x24, 0x11, 0x92, 0x13, 0xCA, 0xF0, 0x03, 0xA0, 0x5D, 0x99, 0xC3,
    0xBA, 0xEE, 0x51, 0xBF, 0xC2, 0x49, 0xD0, 0x94, 0xB3, 0xE2, 0x88, 0x49, 0xE6, 0xFC, 0x9E, 0x29,
    0x57, 0x1A, 0xDC, 0x01, 0x0B, 0xE8, 0x7C, 0x2B, 0xC1, 0xBD, 0xF7, 0x04, 0x2C, 0x67, 0xD8, 0x8A,
    0xDF, 0x49, 0xDC, 0x95, 0xBC, 0x29, 0x78, 0x59, 0x30, 0xCD, 0x63, 0x2D, 0xBE, 0x14, 0xE0, 0x02,
    0xDA, 0x45, 0xC2, 0x37, 0x6F, 0x9C, 0x4D, 0xAC, 0x87, 0x6B, 0x40, 0xC0, 0x0A, 0x18, 0x60, 0x12,
    0x0A, 0x46, 0x19, 0x73, 0x19, 0xF9, 0x5D, 0x7D, 0x2D, 0x91, 0x5A, 0xA6, 0x09, 0xBB, 0x56, 0x65,
    0x42, 0x25, 0xDE, 0x3D, 0xF3, 0xAD, 0x39, 0xAE, 0x4C, 0xA2, 0xF6, 0xE8, 0x84, 0xF5, 0x0E, 0x16,
    0x50, 0x2A, 0x81, 0x13, 0xDF, 0x95, 0x51, 0x13, 0x15, 0x8D, 0xD6, 0x14, 0x15, 0x36, 0x6D, 0x9E,
    0x78, 0xFD, 0xE8, 0x49, 0x9A, 0x7A, 0x04, 0x1A, 0xFC, 0x6B, 0x63, 0x26, 0xD9, 0x44, 0xC9, 0xA5,
    0x69, 0x32, 0x7F, 0x3E, 0x00, 0x0F, 0x59, 0xD1, 0xA9, 0xE2, 0x9C, 0xAF, 0x7E, 0xC5, 0xA9, 0xC1,
    0x09, 0x45, 0x82, 0x8D, 0xA0, 0xC3, 0x5A, 0x25, 0xD4, 0x12, 0x00, 0x49, 0x66, 0xB6, 0x83, 0x76,
    0x56, 0x11, 0x6E, 0x84, 0xEE, 0x6E, 0xEA, 0x3C, 0x6C, 0xE6, 0x7B, 0x2A, 0xFA, 0xC0, 0xF0, 0x72,
    0xA8, 0xFF, 0x0B, 0x8A, 0x20, 0x20, 0x1E, 0x8D, 0x24, 0x00, 0xA5, 0x96, 0x31, 0x8C, 0xDD, 0xC4,
    0x16, 0x86, 0xFF, 0x6B, 0x2B, 0xBA, 0x7A, 0xCF, 0xC5, 0xBC, 0x66, 0x23, 0xBD, 0xF7, 0x10, 0xEE,
    0x97, 0xC2, 0x7D, 0x01, 0xE3, 0x40, 0x41, 0x9B, 0x62, 0x6F, 0x45, 0x5F, 0x90, 0x26, 0x7D, 0x65,
    0x07, 0xCA, 0x34, 0x29, 0x10, 0x0D, 0x05, 0x4D, 0x9A, 0x5C, 0x8A, 0xA5, 0x2F, 0xF0, 0x00, 0x45,
    0x4A, 0x2C, 0x01, 0x15, 0x05, 0x23, 0x41, 0x14, 0x91, 0x06, 0x17, 0x8E, 0xF0, 0xEE, 0xDA, 0xFE,
    0x99, 0x73, 0xC6, 0xC1, 0x77, 0x37, 0x2B, 0x05, 0x94, 0x51, 0xF4, 0x7D, 0x93, 0xF1, 0x9C, 0x39,
    0xE7, 0xCE, 0x9D, 0xF1, 0x5D, 0xAC, 0xCD, 0x2B, 0x93, 0xE1, 0x5F, 0xA2, 0xB4, 0xCF, 0x1D, 0xB0,
    0xF9, 0xA0, 0xB3, 0x25, 0x50, 0xB1, 0xAF, 0x80, 0x2D, 0xC9, 0x09, 0xC8, 0x83, 0x46, 0xA0, 0x09,
    0x1A, 0xB0, 0xA1, 0x9F, 0x8A, 0x01, 0x29, 0xDF, 0x1D, 0x8D, 0x47, 0x36, 0x6A, 0x98, 0xE9, 0x33,
    0x09, 0x2B, 0x3A, 0xD3, 0x56, 0x80, 0x6D, 0x73, 0x37, 0x07, 0x39, 0x7B, 0x6B, 0x14, 0x55, 0xE9,
    0x20, 0x9A, 0xB6, 0x5D, 0xD0, 0xD7, 0x12, 0x06, 0xFB, 0xAD, 0x66, 0xB3, 0x8F, 0x3B, 0x5B, 0x07,
    0xFD, 0x2E, 0x61, 0x28, 0x28, 0x61, 0x30, 0xBC, 0x37, 0xAA, 0x24, 0x0C, 0x29, 0xDF, 0xEF, 0x12,
    0x87, 0x84, 0xF4, 0x79, 0x87, 0x94, 0xBC, 0x60, 0xAF, 0x85, 0xB1, 0x83, 0x79, 0x1A, 0x54, 0x22,
    0x77, 0x64, 0x0F, 0xD8, 0x7B, 0xD3, 0x09, 0x80, 0x2A, 0x95, 0x68, 0x7C, 0xB5, 0xED, 0x45, 0x6F,
    0x98, 0x4E, 0x84, 0xA4, 0xC5, 0xDA, 0x36, 0xBB, 0xDD, 0xEE, 0x44, 0xD6, 0x98, 0x0F, 0x30, 0xEF,
    0xF7, 0x8F, 0xB6, 0x92, 0xF1, 0x15, 0x90, 0xCC, 0x57, 0xB1, 0x3E, 0x95, 0xDC, 0x0D, 0xFB, 0x15,
    0x3A, 0x76, 0xFD, 0x52, 0xC0, 0xFF, 0x3E, 0x91, 0xD2, 0xC8, 0x5A, 0x37, 0x59, 0xB6, 0x87, 0x1C,
    0x00, 0xB6, 0x99, 0x0F, 0x04, 0x4A, 0x6C, 0x66, 0xAD, 0x7E, 0xBC, 0x9E, 0x37, 0xE7, 0xDD, 0x0E,
    0xA8, 0x48, 0x5E, 0x26, 0x6C, 0x8D, 0xEB, 0xC6, 0x8F, 0xEE, 0x3E, 0xD9, 0x01, 0x28, 0x1C, 0x84,
    0xB5, 0xD0, 0x96, 0x01, 0x19, 0xCF, 0x70, 0x03, 0x0D, 0xF9, 0xAC, 0x29, 0x65, 0x26, 0xDD, 0x3B,
    0xE5, 0x5D, 0x6A, 0xEA, 0xBB, 0x0F, 0x00, 0xD9, 0xD6, 0xCD, 0x6D, 0x6C, 0x18, 0x6C, 0xBA, 0xE0,
    0x7A, 0x71, 0xBB, 0xB8, 0x5B, 0x3C, 0x2E, 0x9E, 0xA3, 0x67, 0x96, 0xEA, 0xB1, 0x71, 0xEA, 0xC9,
    0x76, 0xD1, 0x66, 0x10, 0xDF, 0x9C, 0xB6, 0x13, 0xCC, 0xF3, 0xB2, 0xA1, 0xB6, 0xF6, 0xAA, 0x37,
    0x33, 0xF2, 0xDE, 0xF4, 0x08, 0xCE, 0x46, 0x5D, 0x0F, 0x29, 0x33, 0x35, 0x78, 0x3F, 0xBA, 0xFA,
    0x29, 0xBA, 0xB8, 0x88, 0x36, 0x8C, 0x4E, 0x17, 0x6F, 0x16, 0xA3, 0x59, 0x6C, 0xA3, 0x25, 0x3F,
    0x76, 0xBB, 0xDB, 0x90, 0x29, 0xA4, 0x8F, 0x1A, 0xA3, 0x28, 0xDA, 0x7F, 0x41, 0xA7, 0x53, 0x9B,
    0x56, 0x55, 0x74, 0xA8, 0x28, 0xAD, 0xBC, 0xAC, 0xB7, 0xB8, 0xDF, 0x37, 0xE7, 0x3A, 0xC5, 0x7A,
    0x15, 0x5D, 0x5C, 0xA5, 0x8E, 0x82, 0x6A, 0x88, 0xAA, 0x11, 0xD3, 0xBF, 0xB6, 0x8E, 0x4A, 0x44,
    0xC3, 0xB6, 0xB1, 0x47, 0x29, 0x51, 0x67, 0x10, 0x2F, 0x4E, 0xFD, 0x0C, 0xD3, 0x6B, 0x2F, 0x9D,
    0x90, 0x0D, 0xC0, 0x71, 0x89, 0xED, 0x28, 0xFF, 0xD0, 0xB8, 0x30, 0x20, 0xC3, 0x60, 0x2B, 0x93,
    0x92, 0x59, 0xF7, 0x2A, 0xEF, 0x82, 0x74, 0xF7, 0x0A, 0x0F, 0x48, 0x6F, 0x90, 0x04, 0xFF, 0x66,
    0x9D, 0x5D, 0x8C, 0xB0, 0xBF, 0x21, 0x67, 0x6C, 0xF3, 0xA5, 0xDE, 0x93, 0xEA, 0x47, 0x7E, 0xCA,
    0x19, 0x21, 0xDE, 0xD6, 0xCD, 0xAD, 0x78, 0x50, 0x9A, 0xD2, 0x7E, 0x33, 0x49, 0xAF, 0x27, 0x8A,
    0xEF, 0xF5, 0x16, 0x9C, 0x4D, 0xC8, 0x9F, 0x4A, 0x2F, 0x9D, 0x47, 0x98, 0x8B, 0x1E, 0xD0, 0x0C,
    0x5B, 0x76, 0x5A, 0x77, 0xAF, 0x99, 0x01, 0x04, 0x26, 0xF4, 0xDA, 0x6B, 0x75, 0x43, 0xA1, 0x15,
    0x6B, 0x2F, 0x9E, 0xEE, 0xAA, 0xD6, 0x5E, 0x3C, 0xC1, 0x12, 0x2C, 0x34, 0xFE, 0x10, 0x5B, 0xB2,
    0x5C, 0x11, 0xC7, 0x3E, 0x0C, 0x48, 0xF9, 0xB3, 0x87, 0x21, 0x3D, 0x8A, 0xE7, 0x8D, 0x87, 0x75,
    0x85, 0x47, 0x55, 0x9A, 0x00, 0x44, 0xC4, 0xFF, 0xC6, 0x07, 0xC5, 0x39, 0x97, 0xC9, 0x09, 0xBF,
    0xF3, 0xC0, 0x7F, 0x71, 0xD8, 0x2A, 0x72, 0x3C, 0x00, 0x80, 0x1B, 0xB7, 0xFF, 0xBA, 0xD2, 0x85,
    0x5E, 0x69, 0x92, 0x2D, 0x52, 0xFE, 0xF0, 0x7F, 0x07, 0x33, 0x01, 0x58, 0xBE, 0x25, 0x1B, 0x3F,
    0x93, 0x54, 0x7D, 0xC4, 0xDD, 0x89, 0x2E, 0x35, 0x5F, 0x66, 0x32, 0xAD, 0x37, 0xFD, 0xE5, 0xA7,
    0x77, 0xB8, 0x7F, 0xA4, 0x2B, 0xC4, 0xD5, 0xD6, 0x95, 0x63, 0x96, 0x94, 0xBF, 0x86, 0x8C, 0x9A,
    0x3D, 0x56, 0xA2, 0x55, 0x95, 0x4B, 0x85, 0x27, 0x7A, 0x82, 0xF4, 0x28, 0xD1, 0x89, 0x52, 0x42,
    0x64, 0x46, 0x95, 0xED, 0x54, 0x74, 0xA2, 0x94, 0x10, 0x99, 0x51, 0x65, 0x3B, 0x15, 0x9D, 0x48,
    0x1E, 0xE1, 0xCE, 0x6C, 0xE6, 0xFD, 0x43, 0x70, 0xD6, 0x97, 0x17, 0xC9, 0x03, 0x6D, 0x38, 0x34,
    0x2D, 0x82, 0xBC, 0xC6, 0xB1, 0xD6, 0x55, 0x88, 0xED, 0xAC, 0xAB, 0x24, 0x2C, 0x97, 0x44, 0x87,
    0x69, 0xF3, 0x41, 0x95, 0xCD, 0xAA, 0x94, 0x87, 0x75, 0xA2, 0xEA, 0xB0, 0x93, 0xED, 0x02, 0x48,
    0xFA, 0xA8, 0x29, 0x8A, 0x25, 0x10, 0xAF, 0xAD, 0x0D, 0xDD, 0xE6, 0xE0, 0xA2, 0xEE, 0xF7, 0xA7,
    0x2C, 0x41, 0xC0, 0xF4, 0x38, 0x16, 0x9D, 0x1F, 0x3E, 0x0B, 0x33, 0x8F, 0x08, 0x34, 0x4F, 0xE2,
    0x2A, 0x2E, 0x0A, 0xAA, 0x31, 0xEA, 0x81, 0x08, 0xC0, 0xEB, 0x0B, 0xE9, 0x70, 0x9D, 0xA6, 0x52,
    0x54, 0xE8, 0x47, 0x49, 0xE2, 0x97, 0x96, 0xEB, 0x0E, 0xA2, 0xE2, 0x4C, 0x62, 0xC3, 0x3F, 0x86,
    0x6C, 0x46, 0xCA, 0xF7, 0x06, 0x0C, 0xC8, 0xA6, 0x10, 0xF7, 0x1F, 0x98, 0x41, 0xC3, 0x8B, 0x4E,
    0x65, 0x7D, 0x94, 0xBB, 0xA2, 0x29, 0xBC, 0xE6, 0x82, 0x48, 0x76, 0x2F, 0xD4, 0xAA, 0x0A, 0x9F,
    0xCE, 0xFB, 0xD3, 0x2E, 0x97, 0xF0, 0xBC, 0x33, 0x63, 0x50, 0xE1, 0xB3, 0x39, 0x48, 0xE6, 0x7D,
    0x3C, 0x80, 0x35, 0x78, 0x31, 0x64, 0x8C, 0x45, 0x4C, 0x80, 0x21, 0xD9, 0xC7, 0x02, 0x9D, 0x96,
    0x7B, 0x16, 0x8B, 0x87, 0x6A, 0xB8, 0x5E, 0x2F, 0xB5, 0x74, 0x5C, 0x19, 0x63, 0x2B, 0xFD, 0x9D,
    0x8C, 0x3F, 0xE6, 0x81, 0x3E, 0xFE, 0xAD, 0xB1, 0xE1, 0x2F, 0x43, 0x31, 0xC8, 0x47, 0xDE, 0xFA,
    0x4C, 0xAA, 0xAB, 0x4D, 0x1F, 0xB8, 0x7C, 0x5E, 0xDB, 0x2A, 0xDD, 0xDF, 0x60, 0xBB, 0x46, 0x99,
    0x5E, 0x39, 0x09, 0x65, 0xE5, 0xC4, 0x25, 0x61, 0x67, 0xF3, 0x4E, 0x33, 0xF6, 0x28, 0x02, 0xBB,
    0x58, 0x89, 0x56, 0xB5, 0xD6, 0xB9, 0x52, 0xDB, 0xD1, 0x6E, 0xB7, 0x43, 0x45, 0xD2, 0xAD, 0xB8,
    0x73, 0xCA, 0x67, 0x35, 0xD0, 0xB8, 0xE5, 0x2A, 0x26, 0xA7, 0xE7, 0x35, 0x52, 0xD2, 0x45, 0x24,
    0x02, 0x84, 0x54, 0x40, 0xE5, 0x25, 0x87, 0x43, 0x46, 0x22, 0xF4, 0x46, 0x20, 0x61, 0x8B, 0x25,
    0xD4, 0x76, 0xD0, 0x3B, 0x00, 0x64, 0x93, 0xE4, 0x64, 0x00, 0x58, 0x4B, 0x58, 0xBB, 0x3C, 0xD6,
    0xCB, 0xA8, 0x97, 0x28, 0x16, 0x23, 0xB0, 0xF5, 0x35, 0xF8, 0xA8, 0x0D, 0xF8, 0xBC, 0x0B, 0xA0,
    0x17, 0x94, 0x40, 0xD3, 0x03, 0x99, 0x2C, 0x57, 0xB1, 0xFE, 0x12, 0x0D, 0xEF, 0x0F, 0x78, 0xDB,
    0x52, 0xB6, 0x49, 0x07, 0xA7, 0xA5, 0x96, 0x82, 0xF5, 0x32, 0xF4, 0x66, 0x55, 0xE3, 0x0C, 0xB6,
    0xDE, 0x30, 0x60, 0x3B, 0x05, 0x14, 0x23, 0xEC, 0x67, 0xEC, 0x60, 0xC9, 0x3A, 0x60, 0x8A, 0x13,
    0xE3, 0xAB, 0x6F, 0x69, 0x85, 0x7B, 0x89, 0x2D, 0x24, 0xF1, 0xAC, 0x1B, 0x4B, 0x1F, 0x7F, 0x6F,
    0x75, 0xAB, 0x09, 0x33, 0x17, 0x8F, 0x59, 0xE6, 0x7D, 0xE1, 0xE8, 0xAC, 0x2F, 0x5C, 0xD5, 0x5A,
    0x57, 0xB8, 0xC2, 0x57, 0x75, 0xE1, 0xF2, 0xC8, 0x4E, 0x68, 0x5E, 0xC9, 0xA3, 0x52, 0x08, 0xFC,
    0x73, 0xE2, 0x48, 0x5F, 0x2B, 0x24, 0x7B, 0xE5, 0xAC, 0x64, 0xAD, 0xAF, 0x94, 0x16, 0xD4, 0x9D,
    0xD7, 0x57, 0xC8, 0xCA, 0x6C, 0x58, 0x19, 0x47, 0x72, 0x9D, 0x53, 0xF9, 0x63, 0xEA, 0xB1, 0x10,
    0x96, 0xC2, 0x09, 0x36, 0xDE, 0x6A, 0x02, 0x58, 0x58, 0x71, 0xB8, 0xC2, 0x63, 0x3E, 0x8C, 0x4F,
    0xAF, 0xE5, 0x9F, 0xDD, 0x94, 0x21, 0xCC, 0xE4, 0x44, 0x1C, 0xC5, 0x5F, 0xDB, 0x70, 0x0D, 0x59,
    0x51, 0xC4, 0x9D, 0xBA, 0x84, 0x6A, 0xD6, 0xD4, 0x1B, 0x66, 0xF0, 0x02, 0x04, 0x1F, 0xDE, 0x9B,
    0xC3, 0x8B, 0x9B, 0x26, 0xF8, 0x04, 0x73, 0x0A, 0xF3, 0x09, 0x04, 0x2C, 0xE2, 0xBC, 0x80, 0x8E,
    0x37, 0xD4, 0xA0, 0x19, 0x71, 0xC1, 0x60, 0x2A, 0x2A, 0x0A, 0x99, 0xF6, 0xF1, 0x7F, 0x4C, 0xB2,
    0xBB, 0x07, 0xE1, 0x7C, 0x98, 0x7C, 0xF3, 0x7B, 0x9D, 0xE9, 0x9B, 0xD7, 0xF4, 0x7D, 0xCD, 0x02,
    0x1E, 0x40, 0xBD, 0x19, 0x1A, 0x42, 0x98, 0x8D, 0x61, 0x35, 0x9C, 0xB2, 0xA1, 0x22, 0xB4, 0x1E,
    0xD1, 0xF2, 0x75, 0x84, 0x23, 0x53, 0x45, 0x72, 0x69, 0xF8, 0x8A, 0x5B, 0xB7, 0xA1, 0xCF, 0x7D,
    0x42, 0x9B, 0x5D, 0x44, 0xBD, 0xBB, 0x11, 0xD8, 0x83, 0x07, 0x8E, 0x80, 0x7B, 0xEC, 0xCE, 0x1B,
    0x64, 0xC9, 0x43, 0x42, 0xB3, 0x75, 0x2B, 0xBA, 0xA5, 0xE5, 0x27, 0xD3, 0x5C, 0x93, 0x1C, 0x11,
    0xB8, 0x03, 0x27, 0x26, 0xDC, 0x8F, 0x27, 0x7C, 0xF3, 0x3E, 0xF4, 0xBC, 0xC1, 0xEB, 0x81, 0x8C,
    0x2D, 0x7F, 0x9B, 0x88, 0x6E, 0x47, 0x97, 0x31, 0x2C, 0x70, 0x07, 0xDC, 0x0C, 0x12, 0x2E, 0x36,
    0xA4, 0x0F, 0x63, 0x97, 0x27, 0x1F, 0xBC, 0x5B, 0xC2, 0x18, 0x3C, 0xA3, 0xF1, 0x2B, 0x22, 0xF8,
    0xF0, 0x73, 0xC6, 0xE4, 0x1D, 0x17, 0x10, 0x03, 0x63, 0x7D, 0xA0, 0x23, 0x4E, 0xD9, 0xF8, 0x75,
    0xD8, 0x14, 0xCF, 0x84, 0x60, 0xF4, 0xF8, 0xF0, 0x44, 0x95, 0x80, 0x67, 0x02, 0xF0, 0x41, 0x91,
    0x2F, 0x8B, 0xAC, 0x02, 0xAA, 0x2C, 0xA2, 0xD9, 0x45, 0xB4, 0x14, 0x71, 0xA2, 0x97, 0x74, 0x8C,
    0x92, 0xE1, 0xD7, 0x59, 0xE2, 0x3E, 0x5D, 0x24, 0x53, 0xBB, 0x4A, 0x8E, 0x46, 0x07, 0xEB, 0x5C,
    0xED, 0x3A, 0xBD, 0x81, 0x3A, 0xB6, 0x40, 0x55, 0x75, 0x09, 0xAA, 0xAD, 0x8F, 0xFA, 0xB3, 0x4B,
    0x6D, 0x20, 0x40, 0xB7, 0x71, 0x40, 0xE6, 0x2A, 0xEB, 0xA8, 0xAE, 0xB4, 0xD3, 0x2E, 0x8A, 0x45,
    0x27, 0x71, 0x63, 0x4F, 0x8D, 0xE8, 0x44, 0xA6, 0x22, 0xCB, 0xB3, 0x07, 0x0D, 0x90, 0x1A, 0xE3,
    0xDB, 0xF2, 0x05, 0x1F, 0x1E, 0xC2, 0x2F, 0x50, 0xB4, 0x8B, 0xFF, 0x0F, 0xF9, 0x1E, 0x38, 0x7B,
    0xBC, 0x67, 0xAF, 0xAC, 0x36, 0xD4, 0x41, 0xB8, 0x5C, 0x2E, 0xD3, 0x08, 0xB8, 0x19, 0x50, 0x51,
    0x6A, 0x1F, 0x04, 0x10, 0xD4, 0x74, 0x02, 0x4E, 0xAB, 0x2A, 0x05, 0xAA, 0x43, 0x37, 0x65, 0x2A,
    0x51, 0x93, 0x47, 0x7D, 0x00, 0xED, 0x66, 0xB6, 0xDB, 0x16, 0x94, 0x39, 0xD8, 0x54, 0xFE, 0xD9,
    0xB2, 0xBF, 0xD3, 0x46, 0x76, 0xC2, 0xDF, 0xCB, 0xEB, 0x57, 0xF3, 0xA3, 0x90, 0x01, 0xD4, 0xAB,
    0xA1, 0x59, 0x0C, 0xA7, 0xD9, 0xD0, 0x45, 0xC3, 0xE0, 0x0D, 0x4E, 0x8E, 0x9F, 0xAE, 0xB6, 0xED,
    0x6A, 0x4B, 0x57, 0xDB, 0xF8, 0x0E, 0x5B, 0x7B, 0xB5, 0xF5, 0x57, 0xDB, 0x4B, 0x41, 0xB6, 0xEA,
    0x5D, 0xB6, 0x32, 0x4E, 0xD1, 0x2D, 0x6E, 0x75, 0x4B, 0x9F, 0x2A, 0x2D, 0xAD, 0x35, 0x11, 0x03,
    0xE5, 0x85, 0x7B, 0x4B, 0xA6, 0x57, 0x5E, 0x42, 0x01, 0x55, 0x91, 0x7A, 0x17, 0x4B, 0xA1, 0xA5,
    0x27, 0x94, 0x36, 0x51, 0x4A, 0x84, 0xFA, 0x2D, 0x91, 0x51, 0x54, 0x85, 0x38, 0x7B, 0x15, 0xAF,
    0x4B, 0xEA, 0xC6, 0x2C, 0x41, 0x97, 0xAA, 0x5D, 0xB2, 0x28, 0x0B, 0xED, 0xDA, 0x6C, 0xCA, 0xDD,
    0x94, 0x85, 0x3A, 0x97, 0xAC, 0xBD, 0x4B, 0x12, 0x96, 0xAC, 0xE0, 0x24, 0x70, 0x93, 0x97, 0x0C,
    0x14, 0xD1, 0xB1, 0xC8, 0x2E, 0xA2, 0xCD, 0x22, 0x94, 0xA5, 0x97, 0xF3, 0x9A, 0xA8, 0xB8, 0x01,
    0x36, 0x5B, 0x52, 0x13, 0xDD, 0xC1, 0xD8, 0x1F, 0x1C, 0x87, 0xD8, 0x2F, 0xC1, 0xE8, 0x7C, 0xB3,
    0xEF, 0xE8, 0x92, 0x03, 0xB8, 0xA2, 0x4D, 0x01, 0x70, 0x09, 0xED, 0x62, 0x1A, 0xA4, 0xAE, 0x9C,
    0x4E, 0xE6, 0xDB, 0x0E, 0xF3, 0x0D, 0x73, 0x9F, 0x5C, 0x1C, 0x62, 0x47, 0x8E, 0xBD, 0xCD, 0x96,
    0x07, 0x1A, 0x12, 0x98, 0x56, 0x9B, 0x1B, 0xEE, 0xC6, 0x69, 0x17, 0x83, 0xFA, 0x84, 0x39, 0x81,
    0x9A, 0xF4, 0xAA, 0xAF, 0x86, 0xDE, 0xB9, 0xB4, 0x76, 0xC7, 0x24, 0xF6, 0x85, 0xF3, 0xAD, 0x45,
    0x77, 0xCF, 0x51, 0x0C, 0x85, 0x5E, 0x9C, 0x04, 0xF0, 0x8E, 0x87, 0x50, 0x15, 0xEE, 0x62, 0x9D,
    0xC5, 0xE6, 0x8E, 0xED, 0x76, 0xFD, 0xCF, 0x7D, 0xF4, 0x62, 0x51, 0x2E, 0x93, 0xB2, 0x18, 0x95,
    0x4B, 0x03, 0x9E, 0x7C, 0x2B, 0x02, 0x72, 0xD3, 0x57, 0x8F, 0x3D, 0xB7, 0x66, 0x71, 0xAF, 0xF9,
    0xFB, 0xE2, 0xAA, 0x89, 0xF3, 0x53, 0xED, 0x02, 0x78, 0x0A, 0x7C, 0x06, 0x59, 0x46, 0x59, 0x76,
    0xB3, 0x7C, 0x63, 0x96, 0x8F, 0x61, 0x16, 0xCB, 0x90, 0xE5, 0x36, 0xFE, 0xFD, 0x49, 0x3B, 0x92,
    0xEB, 0x0D, 0xE7, 0x0B, 0x2F, 0x8F, 0xC0, 0x0E, 0xA0, 0xCA, 0x72, 0xAC, 0xC0, 0xF9, 0x87, 0x3F,
    0x2F, 0x8F, 0x77, 0x96, 0xE9, 0x62, 0x96, 0x97, 0xFF, 0x0C, 0xBA, 0x8D, 0xE7, 0x51, 0x3D, 0xCF,
    0x40, 0x30, 0x3C, 0xE7, 0x86, 0x27, 0x3C, 0x3C, 0xB4, 0xC0, 0x94, 0x61, 0xE0, 0x68, 0x26, 0xEE,
    0x90, 0xE3, 0x0D, 0x50, 0x51, 0x1B, 0x27, 0xDD, 0xC7, 0x8B, 0x68, 0xA8, 0x46, 0x68, 0xE8, 0x67,
    0xF4, 0xF3, 0x89, 0x64, 0xBE, 0xA1, 0xB4, 0x21, 0x67, 0x77, 0x78, 0x1D, 0xFA, 0x43, 0x87, 0x98,
    0xA0, 0x14, 0x6D, 0x70, 0x53, 0x6C, 0xD6, 0x9B, 0x1B, 0xD4, 0x41, 0x4F, 0x7D, 0x7A, 0xE6, 0xEE,
    0x6C, 0x51, 0x7A, 0xAF, 0xA1, 0xF1, 0x5F, 0xCF, 0xF8, 0x0B, 0xB5, 0xCE, 0x31, 0x19, 0x42, 0x31,
    0x10, 0x04, 0xE1, 0x89, 0x02, 0x2A, 0x4C, 0xD0, 0x3C, 0x09, 0x39, 0x44, 0xA0, 0x27, 0xB1, 0x83,
    0x8A, 0x9C, 0x84, 0x48, 0x40, 0x49, 0x96, 0xBB, 0x2A, 0x20, 0x20, 0xCD, 0xFF, 0x6D, 0xB1, 0xC5,
    0x00, 0x5C, 0x9D, 0xF2, 0xA6, 0x4D, 0x6E, 0xF2, 0xF1, 0xA1, 0x6A, 0xC6, 0x1E, 0xF2, 0xAB, 0xA3,
    0xA7, 0x01, 0x02, 0x60, 0x6D, 0xEF, 0x7A, 0xF1, 0xE8, 0x4D, 0xB2, 0xEA, 0xBF, 0x16, 0x41, 0x75,
    0xD6, 0x31, 0xB3, 0xD3, 0xB2, 0x33, 0xCC, 0x4E, 0x63, 0xE4, 0xCE, 0xCE, 0x14, 0xC2, 0xB5, 0x8D,
    0xCE, 0x30, 0xDB, 0xFE, 0x2D, 0xFB, 0x79, 0xC4, 0x2F,
};

static const EpdGlyph lexenddeca_18_regularGlyphs[] = {
    { 0, 0, 166, 0, 0, 0, 0 }, // U+000D
    { 0, 0, 168, 0, 0, 0, 0 }, // U+0020
    { 6, 28, 142, 1, 27, 42, 0 }, // !
    { 14, 11, 247, 1, 27, 39, 42 }, // "
    { 24, 27, 407, 1, 27, 162, 81 }, // #
    { 21, 34, 374, 1, 30, 179, 243 }, // $
    { 29, 28, 503, 1, 27, 203, 422 }, // %
    { 26, 28, 443, 1, 27, 182, 625 }, // &
    { 6, 11, 123, 1, 27, 17, 807 }, // '
    { 12, 34, 220, 1, 27, 102, 824 }, // (
    { 13, 34, 220, 0, 27, 111, 926 }, // )
    { 13, 13, 232, 1, 27, 43, 1037 }, // *
    { 20, 19, 355, 1, 20, 95, 1080 }, // +
    { 8, 12, 160, 1, 5, 24, 1175 }, // ,
    { 12, 5, 236, 1, 13, 15, 1199 }, // -
    { 6, 7, 137, 1, 6, 11, 1214 }, // .
    { 20, 32, 334, 0, 27, 160, 1225 }, // /
    { 21, 28, 364, 1, 27, 147, 1385 }, // 0
    { 14, 27, 300, 3, 27, 95, 1532 }, // 1
    { 19, 27, 329, 1, 27, 129, 1627 }, // 2
    { 19, 28, 317, 0, 27, 133, 1756 }, // 3
    { 21, 27, 372, 1, 27, 142, 1889 }, // 4
    { 19, 28, 341, 1, 27, 133, 2031 }, // 5
    { 19, 27, 334, 1, 27, 129, 2164 }, // 6
    { 18, 27, 325, 2, 27, 122, 2293 }, // 7
    { 19, 28, 347, 1, 27, 133, 2415 }, // 8
    { 19, 27, 331, 1, 27, 129, 2548 }, // 9
    { 6, 22, 137, 1, 21, 33, 2677 }, // :
    { 8, 28, 157, 1, 21, 56, 2710 }, // ;
    { 17, 19, 314, 1, 19, 81, 2766 }, // <
    { 19, 11, 340, 1, 16, 53, 2847 }, // =
    { 16, 19, 314, 2, 19, 76, 2900 }, // >
    { 18, 28, 307, 0, 27, 126, 2976 }, // ?
    { 34, 34, 579, 1, 27, 289, 3102 }, // @
    { 26, 27, 420, 0, 27, 176, 3391 }, // A
    { 21, 27, 409, 3, 27, 142, 3567 }, // B
    { 24, 28, 407, 1, 27, 168, 3709 }, // C
    { 24, 27, 449, 3, 27, 162, 3877 }, // D
    { 18, 27, 368, 3, 27, 122, 4039 }, // E
    { 18, 27, 361, 3, 27, 122, 4161 }, // F
    { 27, 28, 460, 1, 27, 189, 4283 }, // G
    { 22, 27, 457, 3, 27, 149, 4472 }, // H
    { 14, 27, 287, 2, 27, 95, 4621 }, // I
    { 22, 28, 385, 1, 27, 154, 4716 }, // J
    { 24, 27, 439, 3, 27, 162, 4870 }, // K
    { 18, 27, 359, 3, 27, 122, 5032 }, // L
    { 26, 27, 518, 3, 27, 176, 5154 }, // M
    { 24, 27, 476, 3, 27, 162, 5330 }, // N
    { 27, 28, 469, 1, 27, 189, 5492 }, // O
    { 20, 27, 380, 3, 27, 135, 5681 }, // P
    { 27, 32, 469, 1, 27, 216, 5816 }, // Q
    { 22, 28, 417, 3, 27, 154, 6032 }, // R
    { 21, 28, 374, 1, 27, 147, 6186 }, // S
    { 20, 27, 346, 1, 27, 135, 6333 }, // T
    { 22, 28, 444, 3, 27, 154, 6468 }, // U
    { 26, 27, 429, 0, 27, 176, 6622 }, // V
    { 37, 27, 598, 0, 27, 250, 6798 }, // W
    { 25, 27, 411, 0, 27, 169, 7048 }, // X
    { 25, 27, 396, 0, 27, 169, 7217 }, // Y
    { 21, 27, 395, 2, 27, 142, 7386 }, // Z
    { 10, 35, 242, 3, 27, 88, 7528 }, // [
    { 20, 32, 334, 1, 27, 160, 7616 }, // <backslash>
    { 11, 35, 242, 2, 27, 97, 7776 }, // ]
    { 20, 15, 347, 1, 28, 75, 7873 }, // ^
    { 23, 3, 414, 1, -3, 18, 7948 }, // _
    { 9, 8, 300, 5, 30, 18, 7966 }, // `
    { 21, 22, 380, 1, 21, 116, 7984 }, // a
    { 21, 29, 378, 2, 28, 153, 8100 }, // b
    { 19, 22, 321, 1, 21, 105, 8253 }, // c
    { 21, 29, 380, 1, 28, 153, 8358 }, // d
    { 20, 22, 352, 1, 21, 110, 8511 }, // e
    { 14, 28, 236, 1, 28, 98, 8621 }, // f
    { 21, 30, 389, 1, 21, 158, 8719 }, // g
    { 18, 28, 357, 2, 28, 126, 8877 }, // h
    { 6, 29, 167, 2, 29, 44, 9003 }, // i
    { 10, 37, 159, -2, 29, 93, 9047 }, // j
    { 19, 28, 341, 2, 28, 133, 9140 }, // k
    { 5, 28, 151, 2, 28, 35, 9273 }, // l
    { 31, 21, 553, 2, 21, 163, 9308 }, // m
    { 18, 21, 357, 2, 21, 95, 9471 }, // n
    { 21, 22, 369, 1, 21, 116, 9566 }, // o
    { 21, 30, 379, 2, 21, 158, 9682 }, // p
    { 20, 30, 378, 1, 21, 150, 9840 }, // q
    { 13, 21, 242, 2, 21, 69, 9990 }, // r
    { 16, 22, 287, 1, 21, 88, 10059 }, // s
    { 13, 25, 230, 1, 25, 82, 10147 }, // t
    { 18, 21, 363, 2, 20, 95, 10229 }, // u
    { 21, 20, 344, 0, 20, 105, 10324 }, // v
    { 30, 20, 480, 0, 20, 150, 10429 }, // w
    { 21, 20, 337, 0, 20, 105, 10579 }, // x
    { 22, 29, 349, 0, 20, 160, 10684 }, // y
    { 16, 20, 290, 1, 20, 80, 10844 }, // z
    { 14, 35, 247, 1, 27, 123, 10924 }, // {
    { 5, 36, 139, 2, 28, 45, 11047 }, // |
    { 14, 35, 247, 0, 27, 123, 11092 }, // }
    { 17, 6, 306, 1, 14, 26, 11215 }, // ~
    { 0, 0, 168, 0, 0, 0, 0 }, // U+00A0
    { 6, 28, 142, 1, 21, 42, 0 }, // U+00A1
    { 19, 27, 321, 1, 27, 129, 42 }, // U+00A2
    { 22, 28, 366, 1, 27, 154, 171 }, // U+00A3
    { 18, 17, 330, 1, 20, 77, 325 }, // U+00A4
    { 25, 27, 396, 0, 27, 169, 402 }, // U+00A5
    { 5, 36, 143, 2, 28, 45, 571 }, // U+00A6
    { 19, 33, 329, 1, 27, 157, 616 }, // U+00A7
    { 13, 5, 300, 3, 29, 17, 773 }, // U+00A8
    { 28, 28, 472, 1, 27, 196, 790 }, // U+00A9
    { 13, 14, 219, 0, 28, 46, 986 }, // U+00AA
    { 17, 17, 292, 0, 18, 73, 1032 }, // U+00AB
    { 23, 12, 402, 1, 16, 69, 1105 }, // U+00AC
    { 12, 5, 236, 1, 13, 15, 1174 }, // U+00AD
    { 18, 18, 304, 1, 27, 81, 1189 }, // U+00AE
    { 11, 3, 254, 4, 27, 9, 1270 }, // U+00AF
    { 12, 13, 319, 4, 27, 39, 1279 }, // U+00B0
    { 19, 22, 349, 1, 21, 105, 1318 }, // U+00B1
    { 11, 14, 208, 1, 30, 39, 1423 }, // U+00B2
    { 10, 15, 205, 2, 30, 38, 1462 }, // U+00B3
    { 9, 8, 300, 5, 30, 18, 1500 }, // U+00B4
    { 17, 26, 352, 3, 20, 111, 1518 }, // U+00B5
    { 23, 27, 427, 1, 27, 156, 1629 }, // U+00B6
    { 6, 7, 137, 1, 16, 11, 1785 }, // U+00B7
    { 9, 11, 300, 5, 1, 25, 1796 }, // U+00B8
    { 7, 14, 169, 1, 29, 25, 1821 }, // U+00B9
    { 13, 13, 212, 0, 27, 43, 1846 }, // U+00BA
    { 17, 17, 295, 1, 18, 73, 1889 }, // U+00BB
    { 27, 28, 476, 2, 27, 189, 1962 }, // U+00BC
    { 27, 27, 471, 2, 27, 183, 2151 }, // U+00BD
    { 29, 28, 475, 0, 27, 203, 2334 }, // U+00BE
    { 18, 28, 307, 0, 21, 126, 2537 }, // U+00BF
    { 26, 35, 420, 0, 35, 228, 2663 }, // U+00C0
    { 26, 35, 420, 0, 35, 228, 2891 }, // U+00C1
    { 26, 34, 420, 0, 34, 221, 3119 }, // U+00C2
    { 26, 34, 420, 0, 34, 221, 3340 }, // U+00C3
    { 26, 34, 420, 0, 34, 221, 3561 }, // U+00C4
    { 26, 34, 420, 0, 34, 221, 3782 }, // U+00C5
    { 34, 27, 581, 0, 27, 230, 4003 }, // U+00C6
    { 24, 37, 407, 1, 27, 222, 4233 }, // U+00C7
    { 18, 35, 368, 3, 35, 158, 4455 }, // U+00C8
    { 18, 35, 368, 3, 35, 158, 4613 }, // U+00C9
    { 18, 34, 368, 3, 34, 153, 4771 }, // U+00CA
    { 18, 34, 368, 3, 34, 153, 4924 }, // U+00CB
    { 14, 35, 287, 2, 35, 123, 5077 }, // U+00CC
    { 14, 35, 287, 2, 35, 123, 5200 }, // U+00CD
    { 14, 34, 287, 2, 34, 119, 5323 }, // U+00CE
    { 14, 34, 287, 2, 34, 119, 5442 }, // U+00CF
    { 26, 27, 449, 1, 27, 176, 5561 }, // U+00D0
    { 24, 34, 476, 3, 34, 204, 5737 }, // U+00D1
    { 27, 36, 469, 1, 35, 243, 5941 }, // U+00D2
    { 27, 36, 469, 1, 35, 243, 6184 }, // U+00D3
    { 27, 35, 469, 1, 34, 237, 6427 }, // U+00D4
    { 27, 35, 469, 1, 34, 237, 6664 }, // U+00D5
    { 27, 35, 469, 1, 34, 237, 6901 }, // U+00D6
    { 16, 17, 290, 1, 19, 68, 7138 }, // U+00D7
    { 27, 30, 462, 1, 28, 203, 7206 }, // U+00D8
    { 22, 36, 444, 3, 35, 198, 7409 }, // U+00D9
    { 22, 36, 444, 3, 35, 198, 7607 }, // U+00DA
    { 22, 35, 444, 3, 34, 193, 7805 }, // U+00DB
    { 22, 35, 444, 3, 34, 193, 7998 }, // U+00DC
    { 25, 35, 396, 0, 35, 219, 8191 }, // U+00DD
    { 20, 27, 380, 3, 27, 135, 8410 }, // U+00DE
    { 23, 29, 398, 1, 28, 167, 8545 }, // U+00DF
    { 21, 31, 380, 1, 30, 163, 8712 }, // U+00E0
    { 21, 31, 380, 1, 30, 163, 8875 }, // U+00E1
    { 21, 30, 380, 1, 29, 158, 9038 }, // U+00E2
    { 21, 29, 380, 1, 28, 153, 9196 }, // U+00E3
    { 21, 30, 380, 1, 29, 158, 9349 }, // U+00E4
    { 21, 32, 380, 1, 31, 168, 9507 }, // U+00E5
    { 32, 22, 539, 1, 21, 176, 9675 }, // U+00E6
    { 19, 31, 321, 1, 21, 148, 9851 }, // U+00E7
    { 20, 31, 352, 1, 30, 155, 9999 }, // U+00E8
    { 20, 31, 352, 1, 30, 155, 10154 }, // U+00E9
    { 20, 30, 352, 1, 29, 150, 10309 }, // U+00EA
    { 20, 30, 352, 1, 29, 150, 10459 }, // U+00EB
    { 9, 30, 146, -1, 30, 68, 10609 }, // U+00EC
    { 9, 30, 146, 0, 30, 68, 10677 }, // U+00ED
    { 13, 29, 146, -2, 29, 95, 10745 }, // U+00EE
    { 13, 29, 146, -2, 29, 95, 10840 }, // U+00EF
    { 20, 29, 344, 1, 28, 145, 10935 }, // U+00F0
    { 18, 28, 357, 2, 28, 126, 11080 }, // U+00F1
    { 21, 31, 369, 1, 30, 163, 0 }, // U+00F2
    { 21, 31, 369, 1, 30, 163, 163 }, // U+00F3
    { 21, 30, 369, 1, 29, 158, 326 }, // U+00F4
    { 21, 29, 369, 1, 28, 153, 484 }, // U+00F5
    { 21, 30, 369, 1, 29, 158, 637 }, // U+00F6
    { 20, 19, 358, 1, 19, 95, 795 }, // U+00F7
    { 21, 23, 369, 1, 21, 121, 890 }, // U+00F8
    { 18, 31, 363, 2, 30, 140, 1011 }, // U+00F9
    { 18, 31, 363, 2, 30, 140, 1151 }, // U+00FA
    { 18, 30, 363, 2, 29, 135, 1291 }, // U+00FB
    { 18, 30, 363, 2, 29, 135, 1426 }, // U+00FC
    { 22, 39, 349, 0, 30, 215, 1561 }, // U+00FD
    { 21, 37, 379, 2, 28, 195, 1776 }, // U+00FE
    { 22, 38, 349, 0, 29, 209, 1971 }, // U+00FF
    { 26, 33, 420, 0, 33, 215, 0 }, // U+0100
    { 21, 28, 380, 1, 27, 147, 215 }, // U+0101
    { 26, 34, 420, 0, 34, 221, 362 }, // U+0102
    { 21, 30, 380, 1, 29, 158, 583 }, // U+0103
    { 27, 35, 420, 0, 27, 237, 741 }, // U+0104
    { 21, 29, 380, 1, 21, 153, 978 }, // U+0105
    { 24, 36, 407, 1, 35, 216, 1131 }, // U+0106
    { 19, 31, 321, 1, 30, 148, 1347 }, // U+0107
    { 24, 35, 407, 1, 34, 210, 1495 }, // U+0108
    { 19, 30, 321, 1, 29, 143, 1705 }, // U+0109
    { 24, 35, 407, 1, 34, 210, 1848 }, // U+010A
    { 19, 30, 321, 1, 29, 143, 2058 }, // U+010B
    { 24, 35, 407, 1, 34, 210, 2201 }, // U+010C
    { 19, 30, 321, 1, 29, 143, 2411 }, // U+010D
    { 24, 34, 449, 3, 34, 204, 2554 }, // U+010E
    { 28, 29, 392, 1, 28, 203, 2758 }, // U+010F
    { 26, 27, 449, 1, 27, 176, 2961 }, // U+0110
    { 23, 29, 380, 1, 28, 167, 3137 }, // U+0111
    { 18, 33, 368, 3, 33, 149, 3304 }, // U+0112
    { 20, 28, 352, 1, 27, 140, 3453 }, // U+0113
    { 18, 34, 368, 3, 34, 153, 3593 }, // U+0114
    { 20, 30, 352, 1, 29, 150, 3746 }, // U+0115
    { 18, 34, 368, 3, 34, 153, 3896 }, // U+0116
    { 20, 30, 352, 1, 29, 150, 4049 }, // U+0117
    { 18, 35, 368, 3, 27, 158, 4199 }, // U+0118
    { 20, 29, 352, 1, 21, 145, 4357 }, // U+0119
    { 18, 34, 368, 3, 34, 153, 4502 }, // U+011A
    { 20, 30, 352, 1, 29, 150, 4655 }, // U+011B
    { 27, 35, 460, 1, 34, 237, 4805 }, // U+011C
    { 21, 38, 389, 1, 29, 200, 5042 }, // U+011D
    { 27, 35, 460, 1, 34, 237, 5242 }, // U+011E
    { 21, 38, 389, 1, 29, 200, 5479 }, // U+011F
    { 27, 35, 460, 1, 34, 237, 5679 }, // U+0120
    { 21, 38, 389, 1, 29, 200, 5916 }, // U+0121
    { 27, 37, 460, 1, 27, 250, 6116 }, // U+0122
    { 21, 40, 389, 1, 31, 210, 6366 }, // U+0123
    { 22, 34, 457, 3, 34, 187, 6576 }, // U+0124
    { 18, 36, 357, 2, 36, 162, 6763 }, // U+0125
    { 28, 27, 514, 2, 27, 189, 6925 }, // U+0126
    { 20, 28, 357, 0, 28, 140, 7114 }, // U+0127
    { 14, 34, 287, 2, 34, 119, 7254 }, // U+0128
    { 13, 28, 146, -2, 28, 91, 7373 }, // U+0129
    { 14, 33, 287, 2, 33, 116, 7464 }, // U+012A
    { 11, 27, 146, -1, 27, 75, 7580 }, // U+012B
    { 14, 34, 287, 2, 34, 119, 7655 }, // U+012C
    { 13, 29, 146, -2, 29, 95, 7774 }, // U+012D
    { 14, 35, 287, 2, 27, 123, 7869 }, // U+012E
    { 9, 37, 146, -1, 29, 84, 7992 }, // U+012F
    { 14, 34, 287, 2, 34, 119, 8076 }, // U+0130
    { 5, 20, 146, 2, 20, 25, 8195 }, // U+0131
    { 39, 28, 672, 2, 27, 273, 8220 }, // U+0132
    { 17, 37, 326, 2, 29, 158, 8493 }, // U+0133
    { 22, 35, 385, 1, 34, 193, 8651 }, // U+0134
    { 14, 37, 158, -2, 29, 130, 8844 }, // U+0135
    { 24, 37, 439, 3, 27, 222, 8974 }, // U+0136
    { 19, 38, 341, 2, 28, 181, 9196 }, // U+0137
    { 18, 21, 332, 2, 20, 95, 9377 }, // U+0138
    { 19, 35, 359, 2, 35, 167, 9472 }, // U+0139
    { 9, 37, 151, 1, 37, 84, 9639 }, // U+013A
    { 18, 37, 359, 3, 27, 167, 9723 }, // U+013B
    { 7, 38, 151, 1, 28, 67, 9890 }, // U+013C
    { 18, 27, 359, 3, 27, 122, 9957 }, // U+013D
    { 13, 28, 163, 2, 28, 91, 10079 }, // U+013E
    { 18, 27, 359, 3, 27, 122, 10170 }, // U+013F
    { 12, 28, 211, 2, 28, 84, 10292 }, // U+0140
    { 21, 27, 383, 1, 27, 142, 10376 }, // U+0141
    { 11, 28, 152, -1, 28, 77, 10518 }, // U+0142
    { 24, 35, 476, 3, 35, 210, 10595 }, // U+0143
    { 18, 30, 357, 2, 30, 135, 10805 }, // U+0144
    { 24, 37, 476, 3, 27, 222, 10940 }, // U+0145
    { 18, 31, 357, 2, 21, 140, 11162 }, // U+0146
    { 24, 34, 476, 3, 34, 204, 0 }, // U+0147
    { 18, 29, 357, 2, 29, 131, 204 }, // U+0148
    { 25, 27, 382, -3, 27, 169, 335 }, // U+0149
    { 24, 35, 476, 3, 27, 210, 504 }, // U+014A
    { 18, 29, 357, 2, 21, 131, 714 }, // U+014B
    { 27, 34, 469, 1, 33, 230, 845 }, // U+014C
    { 21, 28, 369, 1, 27, 147, 1075 }, // U+014D
    { 27, 35, 469, 1, 34, 237, 1222 }, // U+014E
    { 21, 30, 369, 1, 29, 158, 1459 }, // U+014F
    { 27, 37, 469, 1, 36, 250, 1617 }, // U+0150
    { 21, 31, 369, 1, 30, 163, 1867 }, // U+0151
    { 35, 27, 616, 1, 27, 237, 2030 }, // U+0152
    { 36, 22, 610, 1, 21, 198, 2267 }, // U+0153
    { 22, 36, 417, 3, 35, 198, 2465 }, // U+0154
    { 13, 30, 242, 2, 30, 98, 2663 }, // U+0155
    { 22, 37, 417, 3, 27, 204, 2761 }, // U+0156
    { 14, 31, 242, 1, 21, 109, 2965 }, // U+0157
    { 22, 35, 417, 3, 34, 193, 3074 }, // U+0158
    { 13, 29, 242, 2, 29, 95, 3267 }, // U+0159
    { 21, 36, 374, 1, 35, 189, 3362 }, // U+015A
    { 16, 31, 287, 1, 30, 124, 3551 }, // U+015B
    { 21, 35, 374, 1, 34, 184, 3675 }, // U+015C
    { 16, 30, 287, 1, 29, 120, 3859 }, // U+015D
    { 21, 37, 374, 1, 27, 195, 3979 }, // U+015E
    { 16, 31, 287, 1, 21, 124, 4174 }, // U+015F
    { 21, 35, 374, 1, 34, 184, 4298 }, // U+0160
    { 16, 30, 287, 1, 29, 120, 4482 }, // U+0161
    { 20, 37, 346, 1, 27, 185, 4602 }, // U+0162
    { 13, 35, 230, 1, 25, 114, 4787 }, // U+0163
    { 20, 34, 346, 1, 34, 170, 4901 }, // U+0164
    { 16, 30, 230, 1, 30, 120, 5071 }, // U+0165
    { 20, 27, 346, 1, 27, 135, 5191 }, // U+0166
    { 13, 25, 230, 1, 25, 82, 5326 }, // U+0167
    { 22, 35, 444, 3, 34, 193, 5408 }, // U+0168
    { 18, 29, 363, 2, 28, 131, 5601 }, // U+0169
    { 22, 34, 444, 3, 33, 187, 5732 }, // U+016A
    { 18, 28, 363, 2, 27, 126, 5919 }, // U+016B
    { 22, 35, 444, 3, 34, 193, 6045 }, // U+016C
    { 18, 30, 363, 2, 29, 135, 6238 }, // U+016D
    { 22, 35, 444, 3, 34, 193, 6373 }, // U+016E
    { 18, 32, 363, 2, 31, 144, 6566 }, // U+016F
    { 22, 37, 444, 3, 36, 204, 6710 }, // U+0170
    { 18, 31, 363, 2, 30, 140, 6914 }, // U+0171
    { 22, 35, 444, 3, 27, 193, 7054 }, // U+0172
    { 19, 28, 363, 2, 20, 133, 7247 }, // U+0173
    { 37, 34, 598, 0, 34, 315, 7380 }, // U+0174
    { 30, 29, 480, 0, 29, 218, 7695 }, // U+0175
    { 25, 34, 396, 0, 34, 213, 7913 }, // U+0176
    { 22, 38, 349, 0, 29, 209, 8126 }, // U+0177
    { 25, 34, 396, 0, 34, 213, 8335 }, // U+0178
    { 21, 35, 395, 2, 35, 184, 8548 }, // U+0179
    { 16, 30, 290, 1, 30, 120, 8732 }, // U+017A
    { 21, 34, 395, 2, 34, 179, 8852 }, // U+017B
    { 16, 29, 290, 1, 29, 116, 9031 }, // U+017C
    { 21, 34, 395, 2, 34, 179, 9147 }, // U+017D
    { 16, 29, 290, 1, 29, 116, 9326 }, // U+017E
    { 27, 32, 469, 1, 31, 216, 0 }, // U+01A0
    { 21, 25, 369, 1, 24, 132, 216 }, // U+01A1
    { 26, 32, 444, 3, 31, 208, 348 }, // U+01AF
    { 21, 25, 363, 2, 24, 132, 556 }, // U+01B0
    { 47, 34, 817, 3, 34, 400, 688 }, // U+01C4
    { 42, 29, 739, 3, 29, 305, 1088 }, // U+01C5
    { 40, 30, 671, 1, 29, 300, 1393 }, // U+01C6
    { 42, 28, 745, 3, 27, 294, 1693 }, // U+01C7
    { 28, 37, 518, 3, 29, 259, 1987 }, // U+01C8
    { 15, 37, 301, 2, 29, 139, 2246 }, // U+01C9
    { 49, 28, 861, 3, 27, 343, 2385 }, // U+01CA
    { 35, 37, 635, 3, 29, 324, 2728 }, // U+01CB
    { 29, 37, 516, 2, 29, 269, 3052 }, // U+01CC
    { 26, 34, 420, 0, 34, 221, 3321 }, // U+01CD
    { 21, 30, 380, 1, 29, 158, 3542 }, // U+01CE
    { 14, 34, 287, 2, 34, 119, 3700 }, // U+01CF
    { 13, 29, 146, -2, 29, 95, 3819 }, // U+01D0
    { 27, 35, 469, 1, 34, 237, 3914 }, // U+01D1
    { 21, 30, 369, 1, 29, 158, 4151 }, // U+01D2
    { 22, 35, 444, 3, 34, 193, 4309 }, // U+01D3
    { 18, 30, 363, 2, 29, 135, 4502 }, // U+01D4
    { 27, 35, 460, 1, 34, 237, 4637 }, // U+01E6
    { 21, 38, 389, 1, 29, 200, 4874 }, // U+01E7
    { 27, 35, 469, 1, 27, 237, 5074 }, // U+01EA
    { 21, 29, 369, 1, 21, 153, 5311 }, // U+01EB
    { 47, 27, 817, 3, 27, 318, 5464 }, // U+01F1
    { 42, 27, 739, 3, 27, 284, 5782 }, // U+01F2
    { 26, 41, 420, 0, 41, 267, 6066 }, // U+01FA
    { 21, 40, 380, 1, 39, 210, 6333 }, // U+01FB
    { 34, 35, 581, 0, 35, 298, 6543 }, // U+01FC
    { 32, 31, 539, 1, 30, 248, 6841 }, // U+01FD
    { 27, 37, 462, 1, 35, 250, 7089 }, // U+01FE
    { 21, 32, 369, 1, 30, 168, 7339 }, // U+01FF
    { 26, 36, 420, 0, 36, 234, 7507 }, // U+0200
    { 21, 31, 380, 1, 30, 163, 7741 }, // U+0201
    { 26, 34, 420, 0, 34, 221, 7904 }, // U+0202
    { 21, 30, 380, 1, 29, 158, 8125 }, // U+0203
    { 19, 36, 368, 2, 36, 171, 8283 }, // U+0204
    { 20, 31, 352, 1, 30, 155, 8454 }, // U+0205
    { 18, 34, 368, 3, 34, 153, 8609 }, // U+0206
    { 20, 30, 352, 1, 29, 150, 8762 }, // U+0207
    { 17, 36, 287, -1, 36, 153, 8912 }, // U+0208
    { 16, 30, 146, -6, 30, 120, 9065 }, // U+0209
    { 14, 34, 287, 2, 34, 119, 9185 }, // U+020A
    { 13, 29, 146, -2, 29, 95, 9304 }, // U+020B
    { 27, 37, 469, 1, 36, 250, 9399 }, // U+020C
    { 21, 31, 369, 1, 30, 163, 9649 }, // U+020D
    { 27, 35, 469, 1, 34, 237, 9812 }, // U+020E
    { 21, 30, 369, 1, 29, 158, 10049 }, // U+020F
    { 23, 37, 417, 2, 36, 213, 10207 }, // U+0210
    { 17, 30, 242, -2, 30, 128, 10420 }, // U+0211
    { 22, 35, 417, 3, 34, 193, 10548 }, // U+0212
    { 14, 29, 242, 2, 29, 102, 10741 }, // U+0213
    { 22, 37, 444, 3, 36, 204, 10843 }, // U+0214
    { 19, 31, 363, 1, 30, 148, 11047 }, // U+0215
    { 22, 35, 444, 3, 34, 193, 11195 }, // U+0216
    { 18, 30, 363, 2, 29, 135, 0 }, // U+0217
    { 21, 37, 374, 1, 27, 195, 135 }, // U+0218
    { 16, 31, 287, 1, 21, 124, 330 }, // U+0219
    { 20, 37, 346, 1, 27, 185, 454 }, // U+021A
    { 13, 35, 230, 1, 25, 114, 639 }, // U+021B
    { 9, 8, 0, 5, 30, 18, 0 }, // U+0300
    { 9, 8, 0, 5, 30, 18, 18 }, // U+0301
    { 13, 7, 0, 3, 29, 23, 36 }, // U+0302
    { 13, 5, 0, 3, 28, 17, 59 }, // U+0303
    { 11, 3, 0, 4, 27, 9, 76 }, // U+0304
    { 13, 7, 0, 3, 29, 23, 85 }, // U+0306
    { 6, 5, 0, 6, 29, 8, 108 }, // U+0307
    { 13, 5, 0, 3, 29, 17, 116 }, // U+0308
    { 9, 8, 0, 5, 30, 18, 133 }, // U+0309
    { 9, 9, 0, 5, 31, 21, 151 }, // U+030A
    { 17, 8, 0, 1, 30, 34, 172 }, // U+030B
    { 12, 7, 0, 3, 29, 21, 206 }, // U+030C
    { 17, 8, 0, 1, 30, 34, 227 }, // U+030F
    { 13, 7, 0, 3, 29, 23, 261 }, // U+0311
    { 7, 9, 0, 6, 31, 16, 284 }, // U+0312
    { 7, 8, 0, 6, 24, 14, 300 }, // U+031B
    { 6, 6, 0, 6, -2, 9, 314 }, // U+0323
    { 13, 6, 0, 3, -2, 20, 323 }, // U+0324
    { 7, 9, 0, 6, -1, 16, 343 }, // U+0326
    { 9, 11, 0, 5, 1, 25, 359 }, // U+0327
    { 9, 10, 0, 5, 2, 23, 384 }, // U+0328
    { 13, 7, 0, 3, -2, 23, 407 }, // U+032E
    { 11, 4, 0, 4, -3, 11, 430 }, // U+0331
    { 11, 4, 0, 4, 13, 11, 441 }, // U+0335
    { 26, 35, 420, 0, 27, 228, 0 }, // U+1EA0
    { 21, 29, 380, 1, 21, 153, 228 }, // U+1EA1
    { 26, 36, 420, 0, 36, 234, 381 }, // U+1EA2
    { 21, 31, 380, 1, 30, 163, 615 }, // U+1EA3
    { 26, 40, 420, 0, 40, 260, 778 }, // U+1EA4
    { 22, 36, 380, 1, 35, 198, 1038 }, // U+1EA5
    { 26, 40, 420, 0, 40, 260, 1236 }, // U+1EA6
    { 21, 36, 380, 1, 35, 189, 1496 }, // U+1EA7
    { 26, 40, 420, 0, 40, 260, 1685 }, // U+1EA8
    { 21, 36, 380, 1, 35, 189, 1945 }, // U+1EA9
    { 26, 40, 420, 0, 40, 260, 2134 }, // U+1EAA
    { 21, 36, 380, 1, 35, 189, 2394 }, // U+1EAB
    { 26, 42, 420, 0, 34, 273, 2583 }, // U+1EAC
    { 21, 37, 380, 1, 29, 195, 2856 }, // U+1EAD
    { 26, 41, 420, 0, 41, 267, 3051 }, // U+1EAE
    { 21, 37, 380, 1, 36, 195, 3318 }, // U+1EAF
    { 26, 41, 420, 0, 41, 267, 3513 }, // U+1EB0
    { 21, 37, 380, 1, 36, 195, 3780 }, // U+1EB1
    { 26, 41, 420, 0, 41, 267, 3975 }, // U+1EB2
    { 21, 37, 380, 1, 36, 195, 4242 }, // U+1EB3
    { 26, 40, 420, 0, 40, 260, 4437 }, // U+1EB4
    { 21, 37, 380, 1, 36, 195, 4697 }, // U+1EB5
    { 26, 42, 420, 0, 34, 273, 4892 }, // U+1EB6
    { 21, 37, 380, 1, 29, 195, 5165 }, // U+1EB7
    { 18, 35, 368, 3, 27, 158, 5360 }, // U+1EB8
    { 20, 29, 352, 1, 21, 145, 5518 }, // U+1EB9
    { 18, 36, 368, 3, 36, 162, 5663 }, // U+1EBA
    { 20, 31, 352, 1, 30, 155, 5825 }, // U+1EBB
    { 18, 34, 368, 3, 34, 153, 5980 }, // U+1EBC
    { 20, 29, 352, 1, 28, 145, 6133 }, // U+1EBD
    { 20, 40, 368, 3, 40, 200, 6278 }, // U+1EBE
    { 22, 36, 352, 1, 35, 198, 6478 }, // U+1EBF
    { 18, 40, 368, 3, 40, 180, 6676 }, // U+1EC0
    { 20, 36, 352, 1, 35, 180, 6856 }, // U+1EC1
    { 19, 40, 368, 3, 40, 190, 7036 }, // U+1EC2
    { 21, 36, 352, 1, 35, 189, 7226 }, // U+1EC3
    { 18, 40, 368, 3, 40, 180, 7415 }, // U+1EC4
    { 20, 36, 352, 1, 35, 180, 7595 }, // U+1EC5
    { 18, 42, 368, 3, 34, 189, 7775 }, // U+1EC6
    { 20, 37, 352, 1, 29, 185, 7964 }, // U+1EC7
    { 14, 36, 287, 2, 36, 126, 8149 }, // U+1EC8
    { 9, 30, 146, 0, 30, 68, 8275 }, // U+1EC9
    { 14, 35, 287, 2, 27, 123, 8343 }, // U+1ECA
    { 6, 37, 167, 2, 29, 56, 8466 }, // U+1ECB
    { 27, 35, 469, 1, 27, 237, 8522 }, // U+1ECC
    { 21, 29, 369, 1, 21, 153, 8759 }, // U+1ECD
    { 27, 37, 469, 1, 36, 250, 8912 }, // U+1ECE
    { 21, 31, 369, 1, 30, 163, 9162 }, // U+1ECF
    { 27, 41, 469, 1, 40, 277, 9325 }, // U+1ED0
    { 22, 36, 369, 1, 35, 198, 9602 }, // U+1ED1
    { 27, 41, 469, 1, 40, 277, 9800 }, // U+1ED2
    { 21, 36, 369, 1, 35, 189, 10077 }, // U+1ED3
    { 27, 41, 469, 1, 40, 277, 10266 }, // U+1ED4
    { 21, 36, 369, 1, 35, 189, 10543 }, // U+1ED5
    { 27, 41, 469, 1, 40, 277, 10732 }, // U+1ED6
    { 21, 36, 369, 1, 35, 189, 11009 }, // U+1ED7
    { 27, 42, 469, 1, 34, 284, 0 }, // U+1ED8
    { 21, 37, 369, 1, 29, 195, 284 }, // U+1ED9
    { 27, 36, 469, 1, 35, 243, 479 }, // U+1EDA
    { 21, 31, 369, 1, 30, 163, 722 }, // U+1EDB
    { 27, 36, 469, 1, 35, 243, 885 }, // U+1EDC
    { 21, 31, 369, 1, 30, 163, 1128 }, // U+1EDD
    { 27, 37, 469, 1, 36, 250, 1291 }, // U+1EDE
    { 21, 31, 369, 1, 30, 163, 1541 }, // U+1EDF
    { 27, 35, 469, 1, 34, 237, 1704 }, // U+1EE0
    { 21, 29, 369, 1, 28, 153, 1941 }, // U+1EE1
    { 27, 39, 469, 1, 31, 264, 2094 }, // U+1EE2
    { 21, 32, 369, 1, 24, 168, 2358 }, // U+1EE3
    { 22, 35, 444, 3, 27, 193, 2526 }, // U+1EE4
    { 18, 28, 363, 2, 20, 126, 2719 }, // U+1EE5
    { 22, 37, 444, 3, 36, 204, 2845 }, // U+1EE6
    { 18, 31, 363, 2, 30, 140, 3049 }, // U+1EE7
    { 26, 36, 444, 3, 35, 234, 3189 }, // U+1EE8
    { 21, 31, 363, 2, 30, 163, 3423 }, // U+1EE9
    { 26, 36, 444, 3, 35, 234, 3586 }, // U+1EEA
    { 21, 31, 363, 2, 30, 163, 3820 }, // U+1EEB
    { 26, 37, 444, 3, 36, 241, 3983 }, // U+1EEC
    { 21, 31, 363, 2, 30, 163, 4224 }, // U+1EED
    { 26, 35, 444, 3, 34, 228, 4387 }, // U+1EEE
    { 21, 29, 363, 2, 28, 153, 4615 }, // U+1EEF
    { 26, 39, 444, 3, 31, 254, 4768 }, // U+1EF0
    { 21, 32, 363, 2, 24, 168, 5022 }, // U+1EF1
    { 25, 35, 396, 0, 35, 219, 5190 }, // U+1EF2
    { 22, 39, 349, 0, 30, 215, 5409 }, // U+1EF3
    { 25, 35, 396, 0, 27, 219, 5624 }, // U+1EF4
    { 22, 29, 349, 0, 20, 160, 5843 }, // U+1EF5
    { 25, 36, 396, 0, 36, 225, 6003 }, // U+1EF6
    { 22, 39, 349, 0, 30, 215, 6228 }, // U+1EF7
    { 25, 34, 396, 0, 34, 213, 6443 }, // U+1EF8
    { 22, 37, 349, 0, 28, 204, 6656 }, // U+1EF9
    { 0, 0, 330, 0, 0, 0, 0 }, // U+2007
    { 0, 0, 156, 0, 0, 0, 0 }, // U+2008
    { 0, 0, 123, 0, 0, 0, 0 }, // U+2009
    { 0, 0, 61, 0, 0, 0, 0 }, // U+200A
    { 0, 0, 0, 0, 0, 0, 0 }, // U+200B
    { 12, 5, 236, 1, 13, 15, 0 }, // U+2010
    { 17, 5, 308, 1, 13, 22, 15 }, // U+2012
    { 17, 5, 308, 1, 13, 22, 37 }, // U+2013
    { 30, 5, 521, 1, 13, 38, 59 }, // U+2014
    { 30, 5, 521, 1, 13, 38, 97 }, // U+2015
    { 8, 11, 145, 1, 29, 22, 135 }, // U+2018
    { 8, 12, 145, 0, 29, 24, 157 }, // U+2019
    { 8, 12, 160, 1, 5, 24, 181 }, // U+201A
    { 16, 11, 269, 1, 29, 44, 205 }, // U+201C
    { 16, 12, 267, 0, 29, 48, 249 }, // U+201D
    { 16, 12, 295, 1, 5, 48, 297 }, // U+201E
    { 14, 20, 264, 1, 28, 70, 345 }, // U+2020
    { 13, 21, 242, 1, 28, 69, 415 }, // U+2021
    { 11, 11, 208, 1, 19, 31, 484 }, // U+2022
    { 20, 7, 363, 1, 6, 35, 515 }, // U+2026
    { 42, 28, 714, 1, 27, 294, 550 }, // U+2030
    { 14, 11, 247, 1, 27, 39, 844 }, // U+2033
    { 9, 17, 164, 0, 18, 39, 883 }, // U+2039
    { 9, 17, 165, 1, 18, 39, 922 }, // U+203A
    { 22, 27, 364, 0, 27, 149, 961 }, // U+2044
    { 12, 15, 218, 1, 30, 45, 0 }, // U+2070
    { 12, 15, 234, 1, 30, 45, 45 }, // U+2074
    { 11, 14, 215, 1, 29, 39, 90 }, // U+2075
    { 11, 15, 206, 1, 30, 42, 129 }, // U+2076
    { 11, 13, 196, 1, 29, 36, 171 }, // U+2077
    { 11, 15, 212, 1, 30, 42, 207 }, // U+2078
    { 11, 15, 200, 1, 30, 42, 249 }, // U+2079
    { 12, 15, 218, 1, 7, 45, 291 }, // U+2080
    { 7, 14, 169, 1, 6, 25, 336 }, // U+2081
    { 11, 14, 208, 1, 7, 39, 361 }, // U+2082
    { 10, 15, 205, 2, 7, 38, 400 }, // U+2083
    { 12, 15, 234, 1, 7, 45, 438 }, // U+2084
    { 11, 14, 215, 1, 6, 39, 483 }, // U+2085
    { 11, 15, 206, 1, 7, 42, 522 }, // U+2086
    { 11, 13, 196, 1, 6, 36, 564 }, // U+2087
    { 11, 15, 212, 1, 7, 42, 600 }, // U+2088
    { 11, 15, 200, 1, 7, 42, 642 }, // U+2089
    { 25, 37, 407, 1, 31, 232, 0 }, // U+20A1
    { 20, 27, 361, 1, 27, 135, 232 }, // U+20A3
    { 22, 28, 366, 1, 27, 154, 367 }, // U+20A4
    { 30, 27, 477, 0, 27, 203, 521 }, // U+20A6
    { 25, 27, 475, 3, 27, 169, 724 }, // U+20A7
    { 37, 27, 598, 0, 27, 250, 893 }, // U+20A9
    { 17, 27, 295, 1, 27, 115, 1143 }, // U+20AB
    { 23, 28, 388, 0, 27, 161, 1258 }, // U+20AC
    { 27, 27, 455, 1, 27, 183, 1419 }, // U+20AD
    { 25, 27, 477, 3, 27, 169, 1602 }, // U+20B1
    { 27, 36, 460, 1, 30, 243, 1771 }, // U+20B2
    { 24, 34, 407, 1, 30, 204, 2014 }, // U+20B5
    { 18, 28, 324, 2, 27, 126, 2218 }, // U+20B9
    { 20, 28, 365, 1, 27, 140, 2344 }, // U+20BA
    { 22, 31, 456, 3, 31, 171, 2484 }, // U+20BC
    { 23, 27, 436, 3, 27, 156, 2655 }, // U+20BD
    { 20, 29, 354, 1, 28, 145, 0 }, // U+2202
    { 22, 22, 369, 1, 21, 121, 145 }, // U+2205
    { 27, 27, 427, 0, 27, 183, 266 }, // U+2206
    { 25, 35, 425, 1, 27, 219, 449 }, // U+220F
    { 16, 26, 314, 2, 26, 104, 668 }, // U+2211
    { 19, 4, 348, 1, 13, 19, 772 }, // U+2212
    { 20, 34, 331, 0, 29, 170, 791 }, // U+2215
    { 7, 6, 146, 1, 14, 11, 961 }, // U+2219
    { 25, 32, 410, 0, 27, 200, 972 }, // U+221A
    { 30, 16, 520, 1, 17, 120, 1172 }, // U+221E
    { 22, 33, 332, 0, 28, 182, 1292 }, // U+222B
    { 19, 14, 335, 1, 17, 67, 1474 }, // U+2248
    { 19, 20, 340, 1, 21, 95, 1541 }, // U+2260
    { 20, 20, 376, 2, 20, 100, 1636 }, // U+2264
    { 20, 20, 376, 2, 20, 100, 1736 }, // U+2265
    { 22, 29, 403, 1, 29, 160, 0 }, // U+FB01
    { 21, 28, 386, 1, 28, 147, 160 }, // U+FB02
};

static const EpdUnicodeInterval lexenddeca_18_regularIntervals[] = {
    { 0xD, 0xD, 0x0 },
    { 0x20, 0x7E, 0x1 },
    { 0xA0, 0x17E, 0x60 },
    { 0x1A0, 0x1A1, 0x13F },
    { 0x1AF, 0x1B0, 0x141 },
    { 0x1C4, 0x1D4, 0x143 },
    { 0x1E6, 0x1E7, 0x154 },
    { 0x1EA, 0x1EB, 0x156 },
    { 0x1F1, 0x1F2, 0x158 },
    { 0x1FA, 0x21B, 0x15A },
    { 0x300, 0x304, 0x17C },
    { 0x306, 0x30C, 0x181 },
    { 0x30F, 0x30F, 0x188 },
    { 0x311, 0x312, 0x189 },
    { 0x31B, 0x31B, 0x18B },
    { 0x323, 0x324, 0x18C },
    { 0x326, 0x328, 0x18E },
    { 0x32E, 0x32E, 0x191 },
    { 0x331, 0x331, 0x192 },
    { 0x335, 0x335, 0x193 },
    { 0x1EA0, 0x1EF9, 0x194 },
    { 0x2007, 0x200B, 0x1EE },
    { 0x2010, 0x2010, 0x1F3 },
    { 0x2012, 0x2015, 0x1F4 },
    { 0x2018, 0x201A, 0x1F8 },
    { 0x201C, 0x201E, 0x1FB },
    { 0x2020, 0x2022, 0x1FE },
    { 0x2026, 0x2026, 0x201 },
    { 0x2030, 0x2030, 0x202 },
    { 0x2033, 0x2033, 0x203 },
    { 0x2039, 0x203A, 0x204 },
    { 0x2044, 0x2044, 0x206 },
    { 0x2070, 0x2070, 0x207 },
    { 0x2074, 0x2079, 0x208 },
    { 0x2080, 0x2089, 0x20E },
    { 0x20A1, 0x20A1, 0x218 },
    { 0x20A3, 0x20A4, 0x219 },
    { 0x20A6, 0x20A7, 0x21B },
    { 0x20A9, 0x20A9, 0x21D },
    { 0x20AB, 0x20AD, 0x21E },
    { 0x20B1, 0x20B2, 0x221 },
    { 0x20B5, 0x20B5, 0x223 },
    { 0x20B9, 0x20BA, 0x224 },
    { 0x20BC, 0x20BD, 0x226 },
    { 0x2202, 0x2202, 0x228 },
    { 0x2205, 0x2206, 0x229 },
    { 0x220F, 0x220F, 0x22B },
    { 0x2211, 0x2212, 0x22C },
    { 0x2215, 0x2215, 0x22E },
    { 0x2219, 0x221A, 0x22F },
    { 0x221E, 0x221E, 0x231 },
    { 0x222B, 0x222B, 0x232 },
    { 0x2248, 0x2248, 0x233 },
    { 0x2260, 0x2260, 0x234 },
    { 0x2264, 0x2265, 0x235 },
    { 0xFB01, 0xFB02, 0x237 },
};

static const EpdFontGroup lexenddeca_18_regularGroups[] = {
    { 0, 4293, 12234, 96, 0 },
    { 4293, 3163, 12127, 82, 96 },
    { 7456, 557, 2433, 14, 178 },
    { 8013, 2434, 12149, 71, 192 },
    { 10447, 2225, 10216, 56, 263 },
    { 12672, 3049, 12210, 56, 319 },
    { 15721, 324, 821, 5, 375 },
    { 16045, 332, 546, 24, 380 },
    { 16377, 1586, 12183, 56, 404 },
    { 17963, 1100, 7497, 34, 460 },
    { 19063, 544, 1203, 25, 494 },
    { 19607, 307, 727, 17, 519 },
    { 19914, 1161, 3002, 16, 536 },
    { 21075, 775, 1937, 15, 552 },
    { 21850, 95, 342, 2, 567 },
};

static const uint16_t lexenddeca_18_regularKernLeftCodepoints[] = {
    0x0026, 0x0028, 0x002A, 0x002C, 0x002E, 0x002F, 0x0030, 0x0031, 0x0032, 0x0033, 0x0034, 0x0035,
    0x0036, 0x0037, 0x0038, 0x0039, 0x003C, 0x003E, 0x003F, 0x0040, 0x0041, 0x0042, 0x0043, 0x0044,
    0x0045, 0x0046, 0x0047, 0x0049, 0x004A, 0x004B, 0x004C, 0x004F, 0x0050, 0x0051, 0x0052, 0x0053,
    0x0054, 0x0055, 0x0056, 0x0057, 0x0058, 0x0059, 0x005A, 0x005B, 0x005C, 0x005F, 0x0061, 0x0062,
    0x0063, 0x0064, 0x0065, 0x0066, 0x0067, 0x0068, 0x0069, 0x006A, 0x006B, 0x006C, 0x006D, 0x006E,
    0x006F, 0x0070, 0x0071, 0x0072, 0x0073, 0x0074, 0x0075, 0x0076, 0x0077, 0x0078, 0x0079, 0x007A,
    0x007B, 0x007D, 0x00A1, 0x00A3, 0x00B7, 0x00BF, 0x00C0, 0x00C1, 0x00C2, 0x00C3, 0x00C4, 0x00C5,
    0x00C6, 0x00C8, 0x00C9, 0x00CA, 0x00CB, 0x00D0, 0x00D2, 0x00D3, 0x00D4, 0x00D5, 0x00D6, 0x00D8,
    0x00D9, 0x00DA, 0x00DB, 0x00DC, 0x00DD, 0x00DE, 0x00DF, 0x00E0, 0x00E1, 0x00E2, 0x00E3, 0x00E4,
    0x00E5, 0x00E7, 0x00E8, 0x00E9, 0x00EA, 0x00EB, 0x00EC, 0x00ED, 0x00EE, 0x00EF, 0x00F0, 0x00F1,
    0x00F2, 0x00F3, 0x00F4, 0x00F5, 0x00F6, 0x00F8, 0x00F9, 0x00FA, 0x00FB, 0x00FC, 0x00FD, 0x00FE,
    0x00FF, 0x0100, 0x0101, 0x0102, 0x0103, 0x0104, 0x0105, 0x0107, 0x0109, 0x010B, 0x010D, 0x010E,
    0x010F, 0x0110, 0x0111, 0x0112, 0x0113, 0x0114, 0x0115, 0x0116, 0x0117, 0x0118, 0x0119, 0x011A,
    0x011B, 0x011C, 0x011D, 0x011E, 0x011F, 0x0120, 0x0121, 0x0122, 0x0123, 0x0125, 0x0127, 0x0129,
    0x012B, 0x012D, 0x012F, 0x0131, 0x0132, 0x0133, 0x0134, 0x0135, 0x0136, 0x0137, 0x0138, 0x0139,
    0x013A, 0x013B, 0x013C, 0x013D, 0x013E, 0x013F, 0x0140, 0x0141, 0x0142, 0x0144, 0x0146, 0x0148,
    0x0149, 0x014B, 0x014C, 0x014D, 0x014E, 0x014F, 0x0150, 0x0151, 0x0152, 0x0153, 0x0154, 0x0155,
    0x0156, 0x0157, 0x0158, 0x0159, 0x015A, 0x015B, 0x015C, 0x015D, 0x015E, 0x015F, 0x0160, 0x0161,
    0x0162, 0x0163, 0x0164, 0x0165, 0x0166, 0x0167, 0x0168, 0x0169, 0x016A, 0x016B, 0x016C, 0x016D,
    0x016E, 0x016F, 0x0170, 0x0171, 0x0172, 0x0173, 0x0174, 0x0175, 0x0176, 0x0177, 0x0178, 0x0179,
    0x017A, 0x017B, 0x017C, 0x017D, 0x017E, 0x01A0, 0x01A1, 0x01AF, 0x01B0, 0x01C4, 0x01C5, 0x01C6,
    0x01C7, 0x01C8, 0x01C9, 0x01CA, 0x01CB, 0x01CC, 0x01CD, 0x01CE, 0x01D0, 0x01D1, 0x01D2, 0x01D3,
    0x01D4, 0x01E6, 0x01E7, 0x01EA, 0x01EB, 0x01F1, 0x01F2, 0x01FA, 0x01FB, 0x01FC, 0x01FE, 0x01FF,
    0x0200, 0x0201, 0x0202, 0x0203, 0x0204, 0x0205, 0x0206, 0x0207, 0x0209, 0x020B, 0x020C, 0x020D,
    0x020E, 0x020F, 0x0210, 0x0211, 0x0212, 0x0213, 0x0214, 0x0215, 0x0216, 0x0217, 0x0218, 0x0219,
    0x021A, 0x021B, 0x1EA0, 0x1EA1, 0x1EA2, 0x1EA3, 0x1EA4, 0x1EA5, 0x1EA6, 0x1EA7, 0x1EA8, 0x1EA9,
    0x1EAA, 0x1EAB, 0x1EAC, 0x1EAD, 0x1EAE, 0x1EAF, 0x1EB0, 0x1EB1, 0x1EB2, 0x1EB3, 0x1EB4, 0x1EB5,
    0x1EB6, 0x1EB7, 0x1EB8, 0x1EB9, 0x1EBA, 0x1EBB, 0x1EBC, 0x1EBD, 0x1EBE, 0x1EBF, 0x1EC0, 0x1EC1,
    0x1EC2, 0x1EC3, 0x1EC4, 0x1EC5, 0x1EC6, 0x1EC7, 0x1EC9, 0x1ECB, 0x1ECC, 0x1ECD, 0x1ECE, 0x1ECF,
    0x1ED0, 0x1ED1, 0x1ED2, 0x1ED3, 0x1ED4, 0x1ED5, 0x1ED6, 0x1ED7, 0x1ED8, 0x1ED9, 0x1EDA, 0x1EDB,
    0x1EDC, 0x1EDD, 0x1EDE, 0x1EDF, 0x1EE0, 0x1EE1, 0x1EE2, 0x1EE3, 0x1EE4, 0x1EE5, 0x1EE6, 0x1EE7,
    0x1EE8, 0x1EE9, 0x1EEA, 0x1EEB, 0x1EEC, 0x1EED, 0x1EEE, 0x1EEF, 0x1EF0, 0x1EF1, 0x1EF2, 0x1EF3,
    0x1EF4, 0x1EF5, 0x1EF6, 0x1EF7, 0x1EF8, 0x1EF9, 0x2018, 0x2019, 0x201C, 0x201D, 0x2022, 0x2206,
    0x221E, 0x222B, 0xFB01, 0xFB02,
};

static const uint8_t lexenddeca_18_regularKernLeftClassIds[] = {
      1,   2,   3,   4,   5,   6,   7,   8,   9,  10,  11,  12,  13,  14,  15,  16,
     17,  18,  19,  20,  21,  22,  23,  24,  25,  26,  27,  28,  29,  30,  31,  24,
     32,  33,  34,  35,  36,  37,  38,  39,  40,  41,  42,  43,  44,  45,  46,  47,
     48,  49,  50,  51,  52,  53,  54,  55,  56,  57,  53,  53,  47,  47,  58,  59,
     60,  61,  62,  63,  64,  65,  66,  67,  68,  69,  70,  71,  72,  73,  21,  21,
     21,  21,  21,  21,  25,  25,  25,  25,  25,  24,  24,  24,  24,  24,  24,  24,
     37,  37,  37,  37,  41,  74,  75,  46,  46,  46,  46,  46,  46,  48,  50,  50,
     50,  50,  54,  54,  54,  54,  76,  53,  47,  47,  47,  47,  47,  47,  62,  62,
     62,  62,  66,  47,  66,  21,  46,  21,  46,  21,  46,  48,  48,  48,  48,  24,
     77,  24,  49,  25,  50,  25,  50,  25,  50,  25,  50,  25,  50,  27,  78,  27,
     78,  27,  78,  27,  78,  53,  53,  54,  54,  54,  54,  54,  29,  55,  29,  55,
     30,  56,  56,  31,  57,  31,  57,  31,  77,  31,  57,  31,  57,  53,  53,  53,
     53,  53,  24,  47,  24,  47,  24,  47,  25,  50,  79,  59,  79,  59,  79,  59,
     35,  60,  35,  60,  35,  60,  35,  60,  36,  61,  36,  61,  36,  61,  37,  62,
     37,  62,  37,  62,  37,  62,  37,  62,  37,  62,  39,  64,  41,  66,  41,  42,
     67,  42,  67,  42,  67,  24,  47,  37,  62,  42,  67,  67,  29,  55,  57,  29,
     55,  55,  21,  46,  54,  24,  47,  37,  62,  27,  78,  24,  47,  42,  67,  21,
     46,  25,  24,  47,  21,  46,  21,  46,  25,  50,  25,  50,  54,  54,  24,  47,
     24,  47,  79,  59,  79,  59,  37,  62,  37,  62,  35,  60,  36,  61,  21,  46,
     21,  46,  21,  46,  21,  46,  21,  46,  21,  46,  21,  46,  21,  46,  21,  46,
     21,  46,  21,  46,  21,  46,  25,  50,  25,  50,  25,  50,  25,  50,  25,  50,
     25,  50,  25,  50,  25,  50,  54,  54,  24,  47,  24,  47,  24,  47,  24,  47,
     24,  47,  24,  47,  24,  47,  24,  47,  24,  47,  24,  47,  24,  47,  24,  47,
     37,  62,  37,  62,  37,  62,  37,  62,  37,  62,  37,  62,  37,  62,  41,  66,
     41,  66,  41,  66,  41,  66,  80,  81,  82,  83,  84,  85,  86,  87,  54,  57,
};

static const uint16_t lexenddeca_18_regularKernRightCodepoints[] = {
    0x0021, 0x0026, 0x0029, 0x002A, 0x002C, 0x002D, 0x002E, 0x002F, 0x0030, 0x0031, 0x0032, 0x0034,
    0x0036, 0x0037, 0x0038, 0x0039, 0x003C, 0x003F, 0x0040, 0x0041, 0x0042, 0x0043, 0x0044, 0x0045,
    0x0046, 0x0047, 0x0048, 0x0049, 0x004A, 0x004B, 0x004C, 0x004D, 0x004E, 0x004F, 0x0050, 0x0051,
    0x0052, 0x0053, 0x0054, 0x0055, 0x0056, 0x0057, 0x0058, 0x0059, 0x005A, 0x005B, 0x005C, 0x005D,
    0x005F, 0x0061, 0x0062, 0x0063, 0x0064, 0x0065, 0x0066, 0x0067, 0x0068, 0x006A, 0x006B, 0x006C,
    0x006D, 0x006E, 0x006F, 0x0070, 0x0071, 0x0072, 0x0073, 0x0074, 0x0075, 0x0076, 0x0077, 0x0078,
    0x0079, 0x007A, 0x007B, 0x007D, 0x00A1, 0x00B7, 0x00BF, 0x00C0, 0x00C1, 0x00C2, 0x00C3, 0x00C4,
    0x00C5, 0x00C6, 0x00C7, 0x00C8, 0x00C9, 0x00CA, 0x00CB, 0x00D0, 0x00D1, 0x00D2, 0x00D3, 0x00D4,
    0x00D5, 0x00D6, 0x00D8, 0x00D9, 0x00DA, 0x00DB, 0x00DC, 0x00DD, 0x00DE, 0x00DF, 0x00E0, 0x00E1,
    0x00E2, 0x00E3, 0x00E4, 0x00E5, 0x00E7, 0x00E8, 0x00E9, 0x00EA, 0x00EB, 0x00F0, 0x00F1, 0x00F2,
    0x00F3, 0x00F4, 0x00F5, 0x00F6, 0x00F8, 0x00F9, 0x00FA, 0x00FB, 0x00FC, 0x00FD, 0x00FE, 0x00FF,
    0x0100, 0x0101, 0x0102, 0x0103, 0x0104, 0x0105, 0x0106, 0x0107, 0x0108, 0x0109, 0x010A, 0x010B,
    0x010C, 0x010D, 0x010E, 0x010F, 0x0110, 0x0111, 0x0112, 0x0113, 0x0114, 0x0115, 0x0116, 0x0117,
    0x0118, 0x0119, 0x011A, 0x011B, 0x011C, 0x011D, 0x011E, 0x011F, 0x0120, 0x0121, 0x0122, 0x0123,
    0x0124, 0x0125, 0x0127, 0x0134, 0x0135, 0x0136, 0x0137, 0x0138, 0x0139, 0x013A, 0x013B, 0x013C,
    0x013D, 0x013E, 0x013F, 0x0140, 0x0141, 0x0142, 0x0143, 0x0144, 0x0145, 0x0146, 0x0147, 0x0148,
    0x014A, 0x014B, 0x014C, 0x014D, 0x014E, 0x014F, 0x0150, 0x0151, 0x0152, 0x0153, 0x0154, 0x0155,
    0x0156, 0x0157, 0x0158, 0x0159, 0x015A, 0x015B, 0x015C, 0x015D, 0x015E, 0x015F, 0x0160, 0x0161,
    0x0162, 0x0163, 0x0164, 0x0165, 0x0166, 0x0167, 0x0168, 0x0169, 0x016A, 0x016B, 0x016C, 0x016D,
    0x016E, 0x016F, 0x0170, 0x0171, 0x0172, 0x0173, 0x0174, 0x0175, 0x0176, 0x0177, 0x0178, 0x0179,
    0x017A, 0x017B, 0x017C, 0x017D, 0x017E, 0x01A0, 0x01A1, 0x01AF, 0x01B0, 0x01C4, 0x01C5, 0x01C6,
    0x01C7, 0x01C8, 0x01C9, 0x01CA, 0x01CB, 0x01CC, 0x01CD, 0x01CE, 0x01D1, 0x01D2, 0x01D3, 0x01D4,
    0x01E6, 0x01E7, 0x01EA, 0x01EB, 0x01F1, 0x01F2, 0x01FA, 0x01FB, 0x01FC, 0x01FE, 0x01FF, 0x0200,
    0x0201, 0x0202, 0x0203, 0x0204, 0x0205, 0x0206, 0x0207, 0x020C, 0x020D, 0x020E, 0x020F, 0x0210,
    0x0211, 0x0212, 0x0213, 0x0214, 0x0215, 0x0216, 0x0217, 0x0218, 0x0219, 0x021A, 0x021B, 0x1EA0,
    0x1EA1, 0x1EA2, 0x1EA3, 0x1EA4, 0x1EA5, 0x1EA6, 0x1EA7, 0x1EA8, 0x1EA9, 0x1EAA, 0x1EAB, 0x1EAC,
    0x1EAD, 0x1EAE, 0x1EAF, 0x1EB0, 0x1EB1, 0x1EB2, 0x1EB3, 0x1EB4, 0x1EB5, 0x1EB6, 0x1EB7, 0x1EB8,
    0x1EB9, 0x1EBA, 0x1EBB, 0x1EBC, 0x1EBD, 0x1EBE, 0x1EBF, 0x1EC0, 0x1EC1, 0x1EC2, 0x1EC3, 0x1EC4,
    0x1EC5, 0x1EC6, 0x1EC7, 0x1ECC, 0x1ECD, 0x1ECE, 0x1ECF, 0x1ED0, 0x1ED1, 0x1ED2, 0x1ED3, 0x1ED4,
    0x1ED5, 0x1ED6, 0x1ED7, 0x1ED8, 0x1ED9, 0x1EDA, 0x1EDB, 0x1EDC, 0x1EDD, 0x1EDE, 0x1EDF, 0x1EE0,
    0x1EE1, 0x1EE2, 0x1EE3, 0x1EE4, 0x1EE5, 0x1EE6, 0x1EE7, 0x1EE8, 0x1EE9, 0x1EEA, 0x1EEB, 0x1EEC,
    0x1EED, 0x1EEE, 0x1EEF, 0x1EF0, 0x1EF1, 0x1EF2, 0x1EF3, 0x1EF4, 0x1EF5, 0x1EF6, 0x1EF7, 0x1EF8,
    0x1EF9, 0x2013, 0x2014, 0x2018, 0x2019, 0x201C, 0x201D, 0x2022, 0x2206, 0x222B, 0xFB01, 0xFB02,
};

static const uint8_t lexenddeca_18_regularKernRightClassIds[] = {
      1,   2,   3,   4,   5,   6,   7,   8,   9,  10,  11,  12,  13,  14,  15,  16,
     17,  18,  19,  20,  21,  22,  21,  21,  21,  22,  21,  23,  24,  21,  21,  21,
     21,  22,  21,  22,  21,  25,  26,  27,  28,  29,  30,  31,  32,  33,  34,  35,
     36,  37,  38,  37,  37,  37,  39,  40,  38,  41,  38,  38,  42,  42,  37,  43,
     37,  42,  44,  45,  46,  47,  48,  49,  50,  51,  33,  52,  53,  54,  55,  56,
     56,  56,  56,  56,  56,  57,  22,  21,  21,  21,  21,  21,  21,  22,  22,  22,
     22,  22,  22,  27,  27,  27,  27,  58,  21,  59,  37,  37,  37,  37,  37,  37,
     37,  37,  37,  37,  37,  60,  42,  37,  37,  37,  37,  37,  37,  46,  46,  46,
     46,  50,  61,  50,  56,  37,  56,  37,  56,  37,  22,  37,  22,  37,  22,  37,
     22,  37,  21,  37,  21,  37,  21,  37,  21,  37,  21,  37,  21,  37,  21,  37,
     22,  40,  22,  40,  22,  40,  22,  40,  21,  38,  38,  24,  41,  21,  38,  38,
     21,  38,  21,  38,  21,  38,  21,  38,  21,  38,  21,  42,  21,  42,  21,  42,
     21,  42,  22,  37,  22,  37,  22,  37,  22,  37,  21,  42,  21,  42,  21,  42,
     25,  44,  25,  44,  25,  44,  25,  44,  62,  45,  62,  45,  62,  45,  27,  46,
     27,  46,  27,  46,  27,  46,  27,  46,  27,  46,  63,  48,  58,  50,  58,  32,
     51,  32,  51,  32,  51,  22,  37,  27,  46,  21,  21,  37,  21,  21,  38,  21,
     21,  42,  56,  37,  22,  37,  27,  46,  22,  40,  22,  37,  21,  21,  56,  37,
     57,  22,  37,  56,  37,  56,  37,  21,  37,  21,  37,  22,  37,  22,  37,  21,
     42,  21,  42,  27,  46,  27,  46,  25,  44,  62,  45,  56,  37,  56,  37,  56,
     37,  56,  37,  56,  37,  56,  37,  56,  37,  56,  37,  56,  37,  56,  37,  56,
     37,  56,  37,  21,  37,  21,  37,  21,  37,  21,  37,  21,  37,  21,  37,  21,
     37,  21,  37,  22,  37,  22,  37,  22,  37,  22,  37,  22,  37,  22,  37,  22,
     37,  22,  37,  22,  37,  22,  37,  22,  37,  22,  37,  27,  46,  27,  46,  27,
     46,  27,  46,  27,  46,  27,  46,  27,  46,  58,  50,  58,  50,  58,  50,  58,
     50,  64,  65,  66,  67,  68,  69,  70,  71,  72,  39,  39,
};

static const uint16_t lexenddeca_18_regularKernRowOffsets[] = {
        0,    12,    20,    24,    36,    48,    65,    67,    68,    70,    72,    75,    77,    78,    88,    89,
       91,    92,    95,    99,   101,   129,   145,   148,   168,   175,   196,   208,   209,   236,   258,   283,
      308,   329,   346,   349,   380,   388,   418,   438,   451,   478,   483,   496,   510,   514,   530,   550,
      562,   563,   577,   602,   613,   620,   622,   626,   638,   655,   664,   684,   692,   699,   707,   732,
      752,   768,   785,   792,   808,   821,   822,   825,   828,   831,   864,   887,   911,   914,   925,   941,
      946,   953,   958,   964,   965,   968,   969,   970,
};

static const uint8_t lexenddeca_18_regularKernSparseCols[] = {
      2,  25,  27,  28,  30,  46,  47,  49,  57,  59,  61,  62,  21,  23,  36,  39,
     40,  42,  59,  60,  19,  46,  55,  59,  11,  21,  25,  27,  28,  30,  46,  47,
     49,  57,  61,  62,  11,  21,  25,  27,  28,  30,  46,  47,  49,  57,  61,  62,
      7,   8,   9,  10,  11,  12,  19,  21,  23,  36,  39,  43,  46,  48,  55,  58,
     59,   7,  70,  16,  11,  51,   7,  70,  10,  13,  71,   7,  70,  70,   4,   6,
      7,   9,  10,  11,  12,  14,  16,  70,  70,   7,  70,   9,   9,  10,  13,  19,
     23,  55,  59,  27,  48,   3,   5,  21,  25,  26,  27,  28,  30,  33,  36,  38,
     39,  44,  45,  46,  47,  49,  57,  58,  59,  61,  62,  63,  64,  65,  66,  67,
     68,   2,   7,  25,  27,  28,  29,  30,  36,  37,  39,  48,  57,  59,  60,  61,
     62,   2,  66,  68,   2,   6,   7,  19,  22,  23,  25,  27,  28,  29,  30,  31,
     33,  48,  50,  51,  55,  57,  61,  62,  23,  36,  39,  45,  46,  49,  59,   4,
      6,  19,  21,  23,  24,  25,  29,  36,  39,  41,  42,  43,  45,  46,  48,  50,
     55,  56,  59,  61,   7,  19,  22,  25,  27,  28,  30,  33,  55,  57,  61,  62,
     21,   2,   4,   6,   7,  19,  21,  23,  34,  36,  38,  39,  41,  42,  43,  45,
     46,  47,  49,  50,  51,  55,  58,  59,  65,  66,  67,  68,   5,  21,  23,  24,
     26,  27,  28,  30,  36,  41,  42,  43,  44,  45,  46,  47,  49,  57,  59,  62,
     63,  64,   3,   5,  21,  25,  26,  27,  28,  30,  33,  36,  44,  46,  47,  49,
     50,  57,  59,  61,  62,  63,  64,  65,  66,  67,  68,   4,   6,   7,  19,  23,
     28,  29,  31,  33,  36,  38,  39,  44,  45,  46,  47,  49,  55,  58,  59,  62,
     65,  66,  67,  68,   2,   6,   7,  19,  22,  23,  25,  27,  28,  29,  30,  31,
     33,  35,  48,  50,  51,  55,  57,  61,  62,   5,  21,  23,  25,  26,  27,  28,
     30,  33,  36,  45,  57,  59,  61,  62,  63,  64,  29,  30,  57,   1,   4,   5,
      6,   7,  19,  21,  23,  25,  27,  28,  30,  36,  39,  41,  42,  43,  45,  46,
     47,  48,  49,  50,  55,  56,  57,  59,  61,  62,  63,  64,  19,  23,  24,  29,
     30,  48,  55,  57,   1,   4,   6,   7,  17,  18,  19,  21,  23,  24,  25,  32,
     35,  36,  39,  41,  42,  43,  45,  50,  51,  52,  53,  54,  55,  56,  59,  61,
     64,  69,   1,   4,   6,   7,  19,  21,  23,  24,  25,  32,  36,  39,  41,  42,
     45,  51,  55,  59,  61,  64,  21,  24,  26,  32,  36,  39,  45,  46,  47,  49,
     51,  59,  64,   1,   4,   6,   7,  19,  21,  23,  24,  25,  26,  32,  36,  39,
     41,  42,  43,  45,  46,  47,  48,  49,  50,  51,  55,  59,  61,  64,  21,  36,
     45,  46,  59,   9,  10,  19,  23,  25,  27,  28,  29,  30,  46,  47,  48,  49,
     21,  25,  27,  28,  30,  33,  40,  46,  48,  57,  58,  59,  61,  62,  27,  46,
     59,  60,  19,  21,  25,  26,  27,  28,  30,  33,  45,  46,  47,  49,  55,  57,
     61,  62,   2,   7,  25,  27,  28,  29,  30,  31,  33,  38,  46,  47,  48,  49,
     50,  51,  57,  58,  61,  62,  25,  27,  28,  29,  30,  42,  49,  57,  61,  62,
     66,  68,  45,  25,  27,  28,  29,  30,  33,  39,  46,  47,  48,  49,  57,  61,
     62,   2,   3,   7,  19,  25,  27,  28,  29,  30,  31,  34,  36,  44,  46,  47,
     50,  55,  57,  59,  61,  62,  65,  66,  67,  68,   4,  19,  21,  24,  30,  33,
     40,  43,  45,  55,  57,  25,  27,  30,  33,  49,  57,  61,  25,  61,  25,  26,
     40,  61,  21,  30,  33,  36,  37,  39,  40,  43,  45,  57,  59,  60,  21,  25,
     27,  28,  30,  36,  39,  40,  44,  45,  46,  47,  49,  57,  59,  61,  62,   2,
     25,  27,  30,  33,  35,  40,  57,  61,   3,   4,   6,   7,  19,  25,  29,  32,
     36,  39,  40,  44,  46,  47,  51,  55,  59,  61,  66,  68,  21,  25,  27,  29,
     30,  48,  57,  61,   4,  36,  38,  39,  43,  58,  59,  25,  27,  28,  30,  39,
     57,  61,  62,   1,   3,   4,   6,   7,  17,  19,  25,  29,  30,  31,  32,  33,
     35,  36,  39,  43,  44,  46,  51,  54,  55,  57,  59,  61,   1,   4,   6,   7,
     19,  25,  29,  30,  31,  32,  36,  39,  43,  44,  46,  51,  55,  57,  59,  61,
      1,   7,  21,  25,  26,  30,  32,  33,  36,  43,  45,  51,  53,  57,  59,  61,
      1,   6,   7,  19,  25,  29,  30,  31,  32,  36,  39,  43,  51,  55,  57,  59,
     61,  25,  30,  33,  36,  57,  59,  61,   9,  10,  19,  21,  23,  25,  27,  28,
     29,  30,  36,  46,  47,  48,  49,  59,   9,  10,  19,  23,  25,  27,  28,  29,
     30,  46,  47,  48,  49,  27,   8,   9,  11,  27,  48,  59,  27,  46,  59,   0,
      3,   4,   6,   7,  19,  23,  28,  29,  31,  33,  35,  36,  38,  39,  44,  45,
     46,  47,  48,  49,  52,  53,  54,  55,  58,  59,  62,  65,  66,  67,  68,  69,
      2,   3,   7,  25,  27,  28,  29,  30,  31,  33,  35,  38,  46,  47,  48,  49,
     50,  51,  53,  57,  58,  61,  62,   2,   3,   6,   7,  19,  22,  23,  25,  27,
     28,  29,  30,  31,  33,  35,  48,  50,  51,  53,  54,  55,  57,  61,  62,  20,
     37,  60,   4,  19,  21,  24,  30,  33,  40,  43,  45,  55,  57,   5,  21,  23,
     25,  26,  27,  28,  30,  33,  36,  45,  57,  59,  61,  62,  64,  19,  23,  39,
     43,  55,  19,  23,  36,  39,  41,  55,  59,  19,  23,  39,  43,  55,  19,  23,
     36,  39,  55,  59,  27,   8,  14,  15,   9,  11,
};

static const int8_t lexenddeca_18_regularKernSparseValues[] = {
      -9,  -33,  -36,  -24,  -30,  -18,  -18,  -18,  -30,   -6,  -33,  -24,  -18,  -24,  -15,  -14,
      18,   18,  -15,    9,  -45,    4,  -45,  -15,  -15,  -12,  -60,  -72,  -48,  -72,  -48,  -24,
     -24,  -72,  -60,  -48,  -15,  -12,  -60,  -60,  -48,  -72,  -48,  -24,  -24,  -72,  -60,  -48,
     -55,  -30,  -18,  -18,  -36,  -30,  -60,  -24,  -30,  -30,  -30,  -18,   -1,   -4,  -60,   -7,
     -19,  -30,  -30,  -24,  -12,    6,  -15,  -18,  -12,  -12,  -36,  -24,  -12,  -12,  -60,  -48,
     -72,   -9,  -12,  -15,  -12,  -12,  -30,  -54,  -18,  -30,  -24,  -12,  -36,  -18,  -30,  -24,
     -45,  -24,   -9,   -4,   -2,  -45,  -30,  -12,  -30,  -12,  -45,  -24,  -48,  -60,  -12,  -12,
      -6,   -3,   -6,  -30,  -27,  -15,  -48,  -12,  -12,  -30,  -24,  -30,  -30,  -78,  -81,  -42,
     -45,  -12,  -24,   -9,   -5,   -4,   -7,  -14,   -1,   -2,   -3,   -2,  -14,   -1,   -2,   -9,
      -4,   12,   24,   24,  -18,  -12,  -24,  -12,   -9,   -9,  -18,  -18,   -3,  -21,  -21,  -27,
     -30,   -6,   -1,  -15,  -12,  -21,  -18,   -3,   -6,   -3,   -6,   -6,   -9,   -6,   -3,  -48,
     -48,  -36,   -5,  -72,   -3,    9,   -3,   -9,   -6,   -5,   -5,   -6,   -9,   -3,   -9,   -3,
     -36,  -72,   -9,    9,  -24,   -6,   -6,  -15,   -9,   -6,  -14,  -30,   -6,  -14,  -15,   -6,
      -9,   24,  -42,  -30,  -30,  -45,  -18,  -30,   18,  -30,  -30,  -30,  -24,  -24,  -24,  -30,
     -24,  -12,  -24,  -12,   24,  -45,  -30,  -30,   36,   48,   36,   48,  -54,  -27,  -18,   -6,
      -9,   -3,   -3,   12,  -27,   -5,   -5,   -2,   -2,   -7,  -24,  -24,  -24,   12,  -27,   -3,
     -54,  -54,  -45,  -36,  -12,  -50,  -12,  -45,  -45,  -72,  -60,  -12,   -3,  -14,   -3,  -24,
      12,  -72,  -12,  -50,  -45,  -36,  -36,  -72,  -60,  -72,  -60,  -77,  -60,  -48,  -39,  -45,
       5,   -9,   -9,  -30,   -6,    5,   -6,    9,   -3,    6,    9,    6,  -39,    5,   -6,    5,
      18,   30,   18,   30,  -18,  -12,  -24,  -12,   -9,   -9,  -18,  -18,   -3,  -21,  -21,  -27,
     -30,   -6,   -6,   -1,  -15,  -12,  -21,  -18,   -3,  -36,   -6,  -18,  -12,   -3,  -18,   -1,
     -30,  -24,  -12,   -6,  -30,  -12,  -12,   -1,  -36,  -36,   -9,   -9,   -9,  -33,  -60,  -60,
     -60,  -36,  -30,  -18,  -48,   18,    6,    6,    6,  -60,  -27,  -36,  -12,  -60,  -60,   -6,
     -42,   -9,  -30,  -42,  -30,  -66,    6,  -60,   18,    6,  -60,  -60,  -12,   -6,   -6,   -6,
      -6,   -3,  -12,   -6,  -30,  -72,  -60,  -48,    4,   -4,  -45,  -18,  -60,   -6,    6,  -60,
     -17,  -36,  -12,  -12,   -8,   -9,  -15,   -3,  -60,   -4,   -7,  -12,  -45,  -72,  -36,    6,
     -60,   -5,  -18,  -48,  -48,  -48,  -24,   -3,  -48,   -6,    6,  -42,  -15,  -12,   -2,   -2,
      -6,  -42,  -24,  -15,    6,  -42,  -21,   -9,   -6,  -48,  -15,   -1,   -6,  -16,  -10,  -14,
     -48,  -15,  -48,  -30,  -72,  -72,  -72,  -48,  -21,  -72,  -15,    6,   -6,  -60,  -48,  -48,
     -14,  -13,  -22,  -12,   -6,   -6,  -12,   -6,   -6,  -60,  -48,  -48,    6,  -72,   -3,   -3,
      -3,   -3,   -3,  -24,  -30,  -30,  -66,  -60,  -60,  -42,  -48,  -72,  -12,  -12,  -24,  -12,
     -30,  -36,  -24,  -24,  -48,  -55,   36,   -4,   -1,  -48,   -4,  -13,  -36,  -24,  -17,  -13,
     -20,    5,   12,  -12,  -39,   -6,  -17,   -6,  -32,  -18,   -6,   -7,   -4,   -7,   12,  -32,
     -39,   -6,  -15,  -30,  -29,  -14,   -9,  -10,  -23,   -6,  -30,  -12,   -9,  -12,  -12,  -12,
      -6,  -15,  -23,  -12,  -29,   -9,  -18,   -9,   -6,   -3,  -21,    3,   -9,  -21,  -18,   -6,
      18,   18,   10,  -27,  -12,   -6,   -6,  -21,  -24,   -3,   -6,   -6,   -2,   -6,  -21,  -27,
      -6,   18,   18,  -12,  -12,   36,   33,   30,   30,   30,   30,   24,  -12,    2,    6,    1,
       2,  -12,   30,  -12,   36,   30,   18,   24,   18,   24,   -3,   -9,   -6,   -3,   -9,  -18,
       6,   -6,   -5,   -9,   -9,  -18,  -18,  -15,  -24,   -3,  -15,  -18,  -18,  -18,  -18,   -6,
       3,  -18,   -6,  -12,  -24,  -13,   -3,  -12,   -3,   -3,   -3,  -12,  -13,   -3,  -12,  -15,
     -18,  -12,  -18,   -6,   -6,   -8,   -2,   -3,  -15,   -9,   -9,  -18,   -6,  -15,  -12,   18,
     -12,  -10,   -9,   -4,    1,   12,   -9,  -12,   12,  -42,  -68,  -12,  -18,   -6,   -9,  -18,
     -13,   -9,   -6,   12,   30,   30,  -18,  -18,  -13,   -6,   30,   30,   -3,  -27,   -3,   -3,
     -12,   -3,  -12,  -27,  -12,   -3,  -15,   -3,   12,  -15,   -3,  -18,   -6,   -6,   -9,   -6,
      -9,  -18,   -6,  -18,    4,  -24,  -24,  -12,    2,  -15,   -6,  -16,   -6,  -12,  -12,   -1,
     -13,   -9,   -6,   -3,   30,   30,  -12,   -7,  -15,   -6,  -11,   -6,  -18,  -24,  -24,  -12,
      -3,   -6,  -10,   -6,   -3,  -12,   -9,   -9,   -3,   30,   24,  -12,   -3,   -6,   -9,   -6,
      -2,   -1,   -6,   -9,   -3,  -12,  -24,   -4,  -18,   -3,   -3,  -24,   -4,  -12,  -20,   -9,
     -18,  -24,  -12,  -15,   -6,  -12,   -6,   -6,  -12,   -6,   -9,   -6,  -12,  -15,   -6,   -6,
      -6,   -6,   -6,  -24,   -6,   -6,   -6,   -6,  -24,  -30,  -30,  -15,  -60,  -60,  -60,  -42,
     -48,  -72,  -15,  -12,  -12,  -24,  -12,  -15,  -24,  -30,  -30,  -30,  -60,  -60,  -42,  -48,
     -72,  -12,  -12,  -24,  -12,   -4,  -24,  -18,  -18,   -7,   -4,    6,  -10,   -5,  -18,    6,
      -3,  -77,  -60,  -24,  -39,  -45,    5,   -9,   -9,  -12,  -32,   -6,    5,   -6,    9,   -3,
       8,    9,   -2,    6,   12,   15,  -12,  -39,    5,   -6,    5,   18,   30,   18,   30,    2,
     -15,  -12,   -7,  -29,  -14,   -9,  -10,  -23,   -6,   -3,  -20,  -12,  -11,  -12,  -14,  -12,
      -6,  -15,    6,  -23,  -12,  -29,   -9,  -18,   -9,  -12,  -17,  -12,   -9,   -9,  -18,  -18,
      -3,  -21,  -21,  -27,  -30,  -32,   -8,   -1,  -15,    6,  -12,  -12,  -21,  -18,   -3,   36,
      54,   54,   -1,   -9,   -6,   -3,   -9,  -18,    6,   -6,   -5,   -9,   -9,  -36,   -6,  -18,
     -12,   -3,  -18,   -1,  -30,  -24,  -12,   -6,  -30,  -12,  -12,   -1,  -36,  -81, -128,  -24,
     -24,  -81,  -36,  -72,  -24,  -30,  -18,  -36,  -24,  -45,  -72,  -24,  -24,  -45,  -45,  -60,
     -24,  -30,  -45,  -24,   -5,  -30,  -18,  -24,  -24,  -48,
};

static const EpdLigaturePair lexenddeca_18_regularLigaturePairs[] = {
    { 0x00660069, 0xFB01 }, // f i -> U+FB01
    { 0x0066006C, 0xFB02 }, // f l -> U+FB02
};

static const EpdFontData lexenddeca_18_regular = {
    lexenddeca_18_regularBitmaps,
    lexenddeca_18_regularGlyphs,
    lexenddeca_18_regularIntervals,
    56,
    47,
    38,
    -10,
    true,
    lexenddeca_18_regularGroups,
    15,
    nullptr,
    nullptr,  // kernLeftClasses: built-in fonts use the split arrays below
    nullptr,  // kernRightClasses
    lexenddeca_18_regularKernLeftCodepoints,
    lexenddeca_18_regularKernLeftClassIds,
    lexenddeca_18_regularKernRightCodepoints,
    lexenddeca_18_regularKernRightClassIds,
    nullptr,  // kernMatrix: built-in fonts use the sparse form below
    lexenddeca_18_regularKernRowOffsets,
    lexenddeca_18_regularKernSparseCols,
    lexenddeca_18_regularKernSparseValues,
    400,
    396,
    87,
    72,
    lexenddeca_18_regularLigaturePairs,
    2,
};
