/**
 * generated by fontconvert.py
 * name: lexenddeca_16_bold
 * size: 16
 * mode: 2-bit  compressed: true
 * Command used: fontconvert.py lexenddeca_16_bold 16 ../builtinFonts/source/LexendDeca/LexendDeca-Bold.ttf --2bit --compress --pnum --zopfli
 */
#pragma once
#include "EpdFontData.h"

static const uint8_t lexenddeca_16_boldBitmaps[20529] = {
    0xB5, 0x9A, 0x3D, 0x90, 0xDC, 0x46, 0x76, 0xC7, 0x1F, 0x06, 0xE2, 0xA2, 0x8A, 0xB0, 0x0D, 0x05,
    0xDE, 0x2A, 0x17, 0x69, 0x17, 0x72, 0x29, 0x40, 0xE2, 0x58, 0x8D, 0x3B, 0x57, 0xD9, 0xE1, 0x6D,
    0xC0, 0x51, 0xA2, 0x40, 0x39, 0x1D, 0x30, 0x0F, 0xCE, 0x80, 0x2F, 0x0F, 0x98, 0xB8, 0x1C, 0x38,
    0x38, 0x06, 0x0C, 0xC8, 0x51, 0x95, 0x37, 0x75, 0x20, 0xBB, 0x71, 0x56, 0x70, 0xC1, 0x05, 0xC6,
    0x9D, 0xCA, 0xE5, 0x40, 0x81, 0xA1, 0x2A, 0xD1, 0x72, 0x59, 0x01, 0x61, 0x1F, 0x68, 0x81, 0x4B,
    0xA0, 0xFF, 0x7E, 0xFF, 0x07, 0xEC, 0x70, 0x76, 0x97, 0x3C, 0xF1, 0xC3, 0x04, 0x07, 0xBF, 0x9E,
    0x01, 0x5E, 0xBF, 0x7E, 0xFD, 0xFA, 0xF5, 0xE7, 0xF2, 0xF6, 0x3D, 0xDF, 0x3F, 0xFF, 0x57, 0xF5,
    0x55, 0x57, 0x75, 0xAE, 0xD5, 0x7F, 0x8D, 0x6B, 0x8A, 0xE6, 0x46, 0x29, 0x7A, 0x5D, 0x2F, 0x5D,
    0xEB, 0x7B, 0xE8, 0x7B, 0xD7, 0x5C, 0x93, 0xE3, 0x93, 0xE3, 0x13, 0x37, 0x54, 0xBD, 0x53, 0x59,
    0xD7, 0xF9, 0x46, 0xDF, 0xA9, 0xAC, 0xAF, 0xAB, 0xC6, 0x97, 0x55, 0x09, 0xA9, 0x24, 0xC8, 0xB1,
    0xDC, 0x12, 0x89, 0x6E, 0x45, 0x5B, 0x91, 0x74, 0x8A, 0x21, 0x92, 0x4D, 0x71, 0x30, 0xCE, 0xCA,
    0x31, 0x99, 0xE5, 0xFA, 0x69, 0x38, 0x0D, 0xF7, 0x32, 0x00, 0xE8, 0x0F, 0x79, 0xDD, 0x9F, 0xF9,
    0x70, 0x4F, 0x5C, 0x97, 0x0F, 0x22, 0x55, 0x5B, 0xF4, 0xCA, 0xC6, 0x29, 0x3D, 0x79, 0x8C, 0x7F,
    0xAD, 0x1E, 0x49, 0x45, 0xC9, 0xFA, 0x2A, 0x37, 0x10, 0xD4, 0x12, 0x2F, 0x0C, 0x11, 0x4A, 0x89,
    0xE7, 0x08, 0x22, 0xC9, 0xAC, 0x6F, 0xF4, 0xBA, 0x56, 0x2A, 0xF2, 0x66, 0x45, 0xE4, 0xBF, 0x11,
    0x29, 0xA0, 0xB2, 0x00, 0x86, 0x58, 0x31, 0x27, 0x44, 0x86, 0x9F, 0x7F, 0x35, 0x66, 0x21, 0xAF,
    0xFB, 0x2C, 0x64, 0xF5, 0xFB, 0xFA, 0xB3, 0x96, 0x8C, 0x62, 0xFA, 0xF6, 0xA9, 0x6C, 0xC0, 0xAF,
    0x1E, 0xE8, 0x25, 0x05, 0x26, 0x91, 0x0A, 0xB3, 0x88, 0xF3, 0x61, 0x23, 0x2E, 0x47, 0xD2, 0xBA,
    0x0C, 0xD9, 0xE8, 0xB2, 0x50, 0x00, 0x7E, 0x76, 0x00, 0xA6, 0x4C, 0xD1, 0x33, 0x5B, 0x23, 0x39,
    0x65, 0xA5, 0x92, 0x0B, 0x10, 0x9A, 0x52, 0x8B, 0x6C, 0x4B, 0x49, 0xD1, 0x4B, 0xA4, 0xEA, 0x0B,
    0x4C, 0x42, 0xAF, 0xB9, 0xEF, 0x66, 0x49, 0x59, 0xC6, 0x2F, 0x20, 0xF9, 0x28, 0xE2, 0x6B, 0x88,
    0xF9, 0xA2, 0x84, 0xFA, 0xC3, 0x7E, 0x53, 0x9C, 0xEF, 0x29, 0x2E, 0xEE, 0xDB, 0x99, 0xE2, 0xCC,
    0x4F, 0x71, 0xEA, 0x73, 0xFD, 0xF5, 0x7B, 0xD4, 0xE9, 0x1B, 0x3F, 0xB3, 0x24, 0xFC, 0x0C, 0x28,
    0x45, 0x62, 0xC4, 0x34, 0x48, 0xB5, 0xA7, 0xA3, 0x6B, 0x45, 0xB5, 0x67, 0x43, 0xDE, 0x89, 0x6A,
    0xCF, 0xFA, 0xDC, 0xBC, 0xCD, 0x94, 0x19, 0xD3, 0xA1, 0xE8, 0x68, 0x4C, 0x32, 0xB9, 0x96, 0xC6,
    0x58, 0x3E, 0x6A, 0x07, 0x28, 0xAE, 0xF7, 0xB8, 0x56, 0xA2, 0x54, 0x7C, 0xF8, 0x9F, 0xFC, 0xBA,
    0x01, 0xAD, 0xA2, 0xD7, 0x7A, 0xB3, 0x06, 0x14, 0x71, 0xF0, 0xB4, 0xAD, 0x1A, 0xB2, 0x8E, 0x49,
    0x7F, 0x24, 0x96, 0x90, 0xA6, 0x83, 0xC9, 0x64, 0x09, 0x40, 0xB2, 0xA0, 0x55, 0xC9, 0x8D, 0x7B,
    0x52, 0xCC, 0x18, 0xB5, 0x34, 0x37, 0xB8, 0xC0, 0x84, 0xD1, 0xD2, 0x6A, 0x6E, 0x0A, 0x51, 0x09,
    0x50, 0x53, 0x89, 0x83, 0x16, 0x17, 0xA4, 0x82, 0x35, 0x19, 0xD0, 0xB1, 0xD1, 0x58, 0x7C, 0xA4,
    0xAC, 0x82, 0x48, 0x8E, 0x21, 0x63, 0xFD, 0xFF, 0x90, 0x25, 0x30, 0x8E, 0x5D, 0xEF, 0x3A, 0x46,
    0x7B, 0xD5, 0x54, 0x65, 0xA5, 0x71, 0x6B, 0xE6, 0x77, 0x92, 0xA9, 0xAE, 0x59, 0x30, 0x6C, 0xD0,
    0x26, 0x28, 0x33, 0x48, 0x3E, 0x49, 0x31, 0x69, 0xF1, 0x5A, 0x18, 0x3F, 0xBE, 0x3B, 0xFC, 0xF0,
    0x89, 0x19, 0x47, 0x99, 0x6C, 0x96, 0x14, 0x12, 0xA3, 0x8E, 0xA0, 0xEF, 0x46, 0x29, 0xF4, 0xF7,
    0x20, 0x51, 0x2B, 0x76, 0xA5, 0xB5, 0x14, 0xAA, 0x61, 0x92, 0x1C, 0x92, 0x50, 0xA6, 0x15, 0x30,
    0x27, 0xAD, 0xCF, 0x99, 0xD9, 0x3E, 0x41, 0xD2, 0xF5, 0xC3, 0xEF, 0x7C, 0x32, 0xF1, 0xAD, 0x1B,
    0xAD, 0xAE, 0xDD, 0x06, 0x4D, 0x8A, 0x92, 0x15, 0x55, 0xF5, 0x5A, 0xC7, 0x52, 0x78, 0xDD, 0xA8,
    0x2D, 0xB0, 0x7F, 0x2F, 0xFF, 0x45, 0x5D, 0xFC, 0xE4, 0x57, 0x8D, 0x03, 0xFA, 0x1C, 0x68, 0x23,
    0x8C, 0xB2, 0xC1, 0x2C, 0x0E, 0xE8, 0xDC, 0xE3, 0xC7, 0x6D, 0x9E, 0xFD, 0xB2, 0x79, 0x8F, 0x1D,
    0x20, 0x5F, 0x4D, 0x3A, 0x7A, 0x20, 0xEC, 0x23, 0x2F, 0xC6, 0xED, 0xD3, 0xB0, 0xB3, 0xEE, 0xD5,
    0x3E, 0xC7, 0xED, 0x53, 0xEC, 0xEA, 0x97, 0xE6, 0x30, 0x7D, 0x91, 0xE4, 0xBD, 0x1B, 0xDD, 0x94,
    0x4F, 0xC9, 0x14, 0x4F, 0xF1, 0x98, 0xF5, 0xDA, 0x8B, 0x17, 0xAF, 0xB3, 0xFB, 0x5E, 0xB9, 0x8F,
    0x4A, 0xD7, 0x55, 0x36, 0x00, 0xB9, 0xF6, 0x9A, 0xF5, 0xD5, 0x5B, 0x8A, 0x7C, 0xB2, 0xD8, 0x38,
    0x8F, 0x13, 0x74, 0x0C, 0xE0, 0x46, 0xE8, 0x5C, 0x2D, 0x0B, 0x74, 0x67, 0x50, 0x64, 0x16, 0xF3,
    0x16, 0x63, 0x14, 0xF3, 0x9D, 0x82, 0x62, 0x1B, 0x8A, 0xC5, 0x6F, 0x29, 0x76, 0xFB, 0x9E, 0x05,
    0xF7, 0xAE, 0xE4, 0x53, 0xEB, 0xBF, 0x80, 0x8D, 0x32, 0x40, 0x67, 0x41, 0x36, 0x48, 0x8E, 0xD2,
    0x5B, 0x78, 0x14, 0xD6, 0x44, 0x59, 0xA0, 0xB9, 0x29, 0xC8, 0x04, 0xE2, 0x17, 0x76, 0x2B, 0x63,
    0x72, 0xFF, 0x7C, 0x95, 0x74, 0x03, 0x73, 0xB9, 0x49, 0xF2, 0x59, 0x0A, 0xFB, 0x92, 0xE1, 0x3F,
    0x30, 0xEA, 0x2B, 0xA0, 0xB7, 0x31, 0xA7, 0x15, 0xF1, 0xD6, 0x2F, 0x6E, 0x62, 0xB0, 0xD8, 0x25,
    0x8E, 0xEE, 0x8B, 0x54, 0x94, 0x1A, 0xA5, 0xD2, 0xDB, 0xAF, 0xA9, 0xD3, 0xFB, 0x23, 0x35, 0xE4,
    0x7D, 0xBA, 0xEE, 0x15, 0x6F, 0x07, 0x4C, 0x97, 0x6F, 0x39, 0x0A, 0xA5, 0x16, 0x60, 0x83, 0x12,
    0x66, 0xEB, 0x4A, 0x56, 0xE3, 0xB2, 0xC0, 0xA7, 0x68, 0xDC, 0xC8, 0x30, 0xEC, 0xD9, 0x20, 0x77,
    0x57, 0x17, 0xAA, 0x74, 0x0A, 0xB6, 0x5B, 0x38, 0xEF, 0xCC, 0xE8, 0xF9, 0xBC, 0x15, 0xC9, 0x28,
    0x51, 0xF0, 0xB9, 0x1F, 0xE9, 0xF2, 0x8E, 0xA2, 0x8C, 0x50, 0xC2, 0x11, 0x05, 0x91, 0x11, 0x47,
    0xBB, 0xDD, 0xAE, 0xE4, 0xDB, 0x96, 0xE8, 0x88, 0x86, 0x90, 0x68, 0x7B, 0x67, 0x3A, 0x6F, 0x97,
    0x25, 0x0E, 0xD8, 0x5E, 0xD4, 0xE5, 0x10, 0x08, 0x2D, 0x84, 0x21, 0x2F, 0x7F, 0xF0, 0x23, 0xF4,
    0x6B, 0xD4, 0xD0, 0xB7, 0xA5, 0x62, 0xD3, 0x29, 0xF2, 0x51, 0xBC, 0x96, 0xF6, 0xB7, 0xE8, 0x72,
    0x2A, 0x65, 0x8D, 0x4A, 0xAB, 0x9B, 0x14, 0xD4, 0xC2, 0x59, 0x8B, 0x4D, 0x5E, 0xCB, 0x1A, 0x68,
    0x12, 0x1B, 0x33, 0xA3, 0x33, 0x7A, 0x32, 0x02, 0x99, 0x18, 0x33, 0xA3, 0x0B, 0x24, 0x9E, 0x28,
    0x37, 0xF8, 0x5A, 0x99, 0xE0, 0xAF, 0x95, 0x39, 0xA8, 0xC7, 0x85, 0x8F, 0xF1, 0xA8, 0x74, 0x60,
    0x99, 0xB9, 0x31, 0x33, 0x26, 0x46, 0xBA, 0xA3, 0x5D, 0x4B, 0xBC, 0xCA, 0x8D, 0x3A, 0x63, 0x71,
    0x7D, 0x4A, 0x64, 0xCF, 0x31, 0xD2, 0xB2, 0x41, 0x91, 0xF7, 0xC4, 0xFF, 0x86, 0x52, 0x0A, 0xA0,
    0x27, 0xA6, 0x45, 0x24, 0x39, 0xBB, 0x83, 0x72, 0x53, 0xB3, 0x12, 0xAB, 0xC6, 0x15, 0x29, 0x7F,
    0xE6, 0x6D, 0x82, 0xA6, 0x0A, 0x1E, 0xA5, 0xA7, 0xB0, 0x65, 0x4B, 0x40, 0x3F, 0x78, 0x55, 0x65,
    0x97, 0x96, 0x7E, 0xDE, 0xA6, 0xD9, 0x7C, 0xB1, 0x2F, 0xB6, 0xFB, 0x8E, 0xF3, 0x1E, 0x25, 0xD0,
    0xB2, 0xC8, 0x91, 0x5A, 0x82, 0x38, 0xFA, 0xB5, 0x9A, 0x55, 0xBD, 0x67, 0x7C, 0xE8, 0x3B, 0xDF,
    0xA2, 0x21, 0xF8, 0xCD, 0x77, 0xA2, 0xE5, 0x32, 0x7A, 0x1C, 0x4E, 0x51, 0x2E, 0x96, 0xB2, 0xF0,
    0xC8, 0x0A, 0xBF, 0x19, 0xB4, 0x05, 0x76, 0xBB, 0x87, 0x36, 0xCD, 0x5F, 0x44, 0x90, 0xE3, 0xED,
    0x1D, 0xDA, 0x51, 0x58, 0x18, 0x0C, 0x57, 0x06, 0x86, 0x0D, 0x11, 0xE3, 0xD0, 0xE6, 0x2B, 0x83,
    0x88, 0xA1, 0xDD, 0xCB, 0xD6, 0xE7, 0xB2, 0xC1, 0x7A, 0xD4, 0x43, 0x6B, 0xE2, 0x4E, 0xE2, 0xBD,
    0x13, 0xF3, 0xF0, 0x29, 0x4A, 0x06, 0x7B, 0xED, 0x58, 0x19, 0x43, 0x31, 0xC6, 0x34, 0xFC, 0x14,
    0x26, 0xC7, 0x0E, 0x3A, 0x50, 0x38, 0xB0, 0xFA, 0x2A, 0x37, 0xC5, 0xAC, 0xB9, 0xC0, 0xAA, 0xDA,
    0xF9, 0x9E, 0x18, 0x22, 0xB4, 0x2E, 0x7C, 0x82, 0xC6, 0x44, 0x52, 0x0A, 0x6F, 0x6C, 0x62, 0x2C,
    0x68, 0x82, 0x5D, 0x37, 0x9F, 0x2A, 0xE8, 0x03, 0xF3, 0x46, 0xFE, 0xDC, 0x93, 0x03, 0x3D, 0xD9,
    0xAA, 0xC1, 0x68, 0x04, 0xED, 0x82, 0x36, 0x52, 0xF4, 0x5A, 0x50, 0x35, 0xE7, 0xF4, 0x24, 0x50,
    0xE7, 0x14, 0xB6, 0x50, 0x11, 0x8F, 0x8B, 0x6E, 0xF2, 0xFB, 0x5A, 0x5F, 0xF5, 0xD0, 0x95, 0xB1,
    0xD7, 0xAE, 0xCB, 0xCF, 0x8F, 0x6A, 0x1B, 0xD1, 0x47, 0x37, 0xE4, 0x7D, 0x54, 0xCA, 0xC1, 0x65,
    0x63, 0xFD, 0x54, 0x4C, 0xF9, 0xAC, 0x0B, 0xAD, 0x29, 0x1E, 0x53, 0x95, 0x77, 0xE5, 0x7B, 0xE7,
    0x11, 0xA4, 0x25, 0xE7, 0x83, 0x44, 0x98, 0x24, 0xC5, 0x4C, 0xDF, 0x26, 0xE0, 0x0C, 0x3D, 0x88,
    0x47, 0x29, 0x7E, 0x12, 0x4B, 0x0B, 0x0C, 0xAC, 0x75, 0xC9, 0x17, 0x26, 0xC7, 0x37, 0xCC, 0x27,
    0x51, 0xBF, 0x2F, 0x08, 0xAC, 0xE4, 0x25, 0xC8, 0xC5, 0xCB, 0xD3, 0x05, 0x97, 0x44, 0xB6, 0x7A,
    0x09, 0xCD, 0xC9, 0x4A, 0x91, 0x62, 0x60, 0x5F, 0xE5, 0xA8, 0xD6, 0xD9, 0x72, 0x2C, 0x62, 0xE4,
    0xE6, 0x5C, 0x21, 0xB0, 0x50, 0x37, 0xDB, 0x54, 0x59, 0x60, 0x8C, 0xCC, 0x9F, 0xB3, 0xCA, 0xB5,
    0x26, 0x5F, 0x74, 0x96, 0x7F, 0xB9, 0xAE, 0x3F, 0xB5, 0xA2, 0x5A, 0xB6, 0xFE, 0xC8, 0x86, 0xB7,
    0xD9, 0x15, 0x52, 0xCC, 0x29, 0xCA, 0xB4, 0xD3, 0xA0, 0xDA, 0x34, 0xE6, 0x63, 0x43, 0x06, 0xC6,
    0xDE, 0x2C, 0x36, 0x4E, 0x4B, 0x0E, 0x6A, 0x42, 0xB9, 0xF6, 0xDD, 0xB4, 0x95, 0xC3, 0x6B, 0x73,
    0x97, 0x76, 0x8E, 0xD6, 0x76, 0x17, 0x60, 0xC2, 0xAB, 0xDF, 0xAF, 0xED, 0x4E, 0x4C, 0x16, 0x08,
    0xEB, 0x7C, 0x8A, 0x8E, 0x3F, 0xEF, 0x32, 0xD6, 0x4D, 0x32, 0x82, 0x88, 0xAB, 0x45, 0x51, 0xCA,
    0x2C, 0xDA, 0xA8, 0x59, 0x13, 0x0F, 0x11, 0x7E, 0x39, 0xA7, 0x6D, 0xD2, 0xA5, 0x78, 0x36, 0x25,
    0x5D, 0xC6, 0x40, 0x9C, 0xE2, 0x2E, 0x2F, 0xAB, 0xA7, 0x7E, 0x8A, 0x7B, 0x27, 0x68, 0x35, 0xAC,
    0xFB, 0x8F, 0x22, 0xAD, 0xF8, 0x10, 0x77, 0x3F, 0x55, 0xDB, 0xF3, 0xDE, 0x52, 0x29, 0xFA, 0xA4,
    0xFD, 0x5C, 0x53, 0xD7, 0xA7, 0x0D, 0x53, 0xDF, 0x65, 0xB5, 0xA6, 0x91, 0xE6, 0x10, 0x4D, 0x1F,
    0xA3, 0xFB, 0x27, 0xF9, 0x69, 0x04, 0x30, 0x6C, 0xFF, 0x4A, 0x3C, 0x0A, 0x2E, 0x69, 0xD4, 0xEE,
    0x94, 0x2D, 0x5B, 0xAA, 0xD5, 0x27, 0xB4, 0x40, 0xEC, 0x4A, 0xFB, 0x25, 0xE5, 0x4E, 0xC0, 0x16,
    0x2E, 0xFE, 0xD1, 0xD6, 0xF3, 0x9D, 0x45, 0x2F, 0x2B, 0x09, 0x7C, 0x63, 0x12, 0xD1, 0x2D, 0x72,
    0x5D, 0x0A, 0x58, 0xA8, 0xF2, 0x2A, 0x82, 0x25, 0x0E, 0xA4, 0xAD, 0xF4, 0xD6, 0x41, 0xD9, 0x02,
    0xA4, 0x5D, 0xFC, 0xD2, 0xB1, 0x00, 0x58, 0x7F, 0x4F, 0xE0, 0xCC, 0xCF, 0x61, 0x71, 0xE3, 0xB4,
    0x8E, 0x09, 0xD6, 0xDD, 0xDD, 0x90, 0xC0, 0xC6, 0x05, 0x6B, 0x27, 0x7F, 0xF6, 0x19, 0xD5, 0xD8,
    0x98, 0x4C, 0x2B, 0xA8, 0x26, 0x66, 0xC2, 0x89, 0x7A, 0xB7, 0xF3, 0x0C, 0x4C, 0x9B, 0xD6, 0x98,
    0xB7, 0xB0, 0x05, 0x19, 0xBF, 0x3A, 0x26, 0xD0, 0x91, 0x69, 0x5B, 0x32, 0x0A, 0x02, 0x81, 0x86,
    0xE8, 0x89, 0xC1, 0x3D, 0xFD, 0x18, 0xA3, 0x2D, 0xF0, 0xF6, 0x18, 0x14, 0xBE, 0xDF, 0xCB, 0x95,
    0x7B, 0xE1, 0xC9, 0x3D, 0xD9, 0x56, 0xB3, 0xAD, 0x06, 0x14, 0x29, 0xF8, 0x8D, 0xC8, 0x83, 0x0B,
    0x3B, 0xCC, 0x26, 0x42, 0x0C, 0x44, 0xAB, 0x60, 0x20, 0xDE, 0x20, 0x8E, 0x80, 0x41, 0x6C, 0xF4,
    0x5D, 0x6B, 0x10, 0x1B, 0x53, 0x84, 0xBF, 0x84, 0x64, 0x68, 0xE5, 0x73, 0x7D, 0xC9, 0x75, 0xAF,
    0x9B, 0xCD, 0x6F, 0x93, 0x71, 0x20, 0xFD, 0x15, 0x56, 0x23, 0xE9, 0x26, 0x63, 0x20, 0x0B, 0x94,
    0xF2, 0xC7, 0x92, 0x61, 0x88, 0x82, 0x4D, 0x46, 0xA0, 0x97, 0xE9, 0x27, 0x8F, 0x75, 0xD2, 0x9D,
    0xB9, 0x8D, 0x31, 0xFF, 0x47, 0x27, 0x42, 0x6F, 0x30, 0xAF, 0x3D, 0x36, 0x5B, 0x8D, 0xA3, 0x31,
    0x08, 0x2B, 0xC3, 0x31, 0x55, 0x72, 0x34, 0xCA, 0x18, 0xAD, 0x32, 0x42, 0xA7, 0x14, 0xF4, 0xA4,
    0x37, 0x56, 0xC3, 0x9E, 0x7C, 0xB2, 0x27, 0xC8, 0x8D, 0xC9, 0x27, 0x96, 0xF7, 0xCE, 0xE2, 0x48,
    0x08, 0x39, 0x1B, 0x07, 0x63, 0x4D, 0x7E, 0x63, 0xF6, 0x6C, 0x4B, 0x73, 0xF8, 0x65, 0x9C, 0xED,
    0x76, 0xB5, 0x45, 0xC8, 0x01, 0x46, 0x02, 0x08, 0x57, 0xF0, 0x54, 0xAB, 0x45, 0x91, 0x2B, 0x60,
    0x15, 0x89, 0xEE, 0x12, 0x5E, 0x5E, 0x6E, 0x60, 0xB9, 0x2C, 0xE8, 0x32, 0xC2, 0xEE, 0xE1, 0x0B,
    0x0B, 0xE7, 0xDB, 0x57, 0x05, 0xA3, 0xE2, 0xAC, 0x94, 0xFD, 0x0C, 0xC3, 0x9E, 0x65, 0x01, 0x1D,
    0x1B, 0x53, 0x3C, 0x3D, 0x42, 0xC3, 0x55, 0x4D, 0x61, 0x51, 0xF1, 0x1E, 0xDB, 0xFA, 0x6A, 0x54,
    0x54, 0x08, 0x0B, 0xAB, 0x85, 0x23, 0xA9, 0x92, 0xC7, 0x9F, 0x06, 0x17, 0xD8, 0x21, 0x73, 0xEE,
    0x55, 0xA7, 0xCC, 0xF6, 0x39, 0x09, 0x70, 0xBA, 0xEC, 0x73, 0x39, 0xC9, 0x5B, 0x89, 0x57, 0xA3,
    0x42, 0xEF, 0x6D, 0x69, 0x6D, 0xD7, 0xBC, 0x36, 0x01, 0xBC, 0x9C, 0x6F, 0xA6, 0x53, 0x5B, 0xE7,
    0xC4, 0x03, 0xFD, 0xE1, 0x7D, 0x8C, 0x27, 0x27, 0x9C, 0x2E, 0x5F, 0xF7, 0xAE, 0x98, 0xFF, 0xD2,
    0x2D, 0xD7, 0xB6, 0xDB, 0x5B, 0x74, 0xC3, 0x74, 0x19, 0x37, 0x4E, 0xC3, 0x03, 0x1B, 0xD2, 0x5E,
    0x1F, 0x31, 0x37, 0x09, 0x59, 0xE3, 0x26, 0x5B, 0xB3, 0xB3, 0xDC, 0x61, 0x59, 0xF7, 0xA5, 0xCB,
    0xB8, 0x35, 0xDB, 0x49, 0x87, 0x39, 0x3B, 0x32, 0x67, 0xA7, 0x56, 0xDD, 0x02, 0xA2, 0xF4, 0x93,
    0x72, 0x83, 0x5E, 0xA9, 0x8F, 0x95, 0x05, 0x44, 0xE9, 0x27, 0xE5, 0x19, 0x7A, 0x25, 0x95, 0x90,
    0x72, 0xF0, 0xBD, 0x33, 0xDA, 0xCC, 0x59, 0x51, 0x72, 0x5A, 0x72, 0x65, 0xA8, 0x95, 0x31, 0x5A,
    0x65, 0x84, 0x7E, 0xAF, 0x5F, 0x85, 0x49, 0x7D, 0xBD, 0xEF, 0xA0, 0xFA, 0x5A, 0xED, 0x61, 0xA6,
    0x77, 0x06, 0x86, 0xC1, 0x8B, 0x60, 0xE5, 0x6E, 0x4D, 0x28, 0x46, 0xC9, 0x40, 0x4F, 0x35, 0xE1,
    0x59, 0x80, 0x26, 0x28, 0xC5, 0x31, 0x69, 0xC4, 0x33, 0xE9, 0x04, 0x4C, 0xFA, 0xD8, 0x92, 0x29,
    0xB1, 0x64, 0xCE, 0x98, 0x3C, 0x43, 0xF1, 0x4C, 0x93, 0xEF, 0x81, 0xDF, 0x6A, 0xF2, 0x04, 0xF8,
    0x52, 0x93, 0xC1, 0xE3, 0x0B, 0x26, 0x0E, 0x31, 0x93, 0x7C, 0xB6, 0x24, 0x9D, 0x2C, 0x89, 0x7B,
    0x4B, 0xE4, 0x64, 0x49, 0xE4, 0x07, 0x92, 0x63, 0xEB, 0x20, 0xEB, 0x20, 0x37, 0x1B, 0xB1, 0xB0,
    0x31, 0x76, 0xC6, 0xC1, 0x38, 0x19, 0x83, 0x11, 0xA5, 0xF2, 0x7B, 0x34, 0x55, 0xEF, 0xFE, 0x1B,
    0xBD, 0x72, 0xF0, 0x23, 0xE9, 0x66, 0x32, 0x03, 0x99, 0x00, 0xCA, 0x8D, 0x51, 0x16, 0x56, 0xC6,
    0xC2, 0x98, 0x19, 0x63, 0x63, 0x64, 0xB4, 0xA8, 0xFE, 0x90, 0x43, 0x08, 0x87, 0xFB, 0xF3, 0x21,
    0x4E, 0xCE, 0x67, 0xC7, 0x58, 0x69, 0x11, 0x17, 0xEE, 0x60, 0xB4, 0xED, 0x11, 0x66, 0xB1, 0xA0,
    0xD8, 0xCF, 0x87, 0xD5, 0x68, 0x8E, 0xAE, 0x06, 0x6A, 0x28, 0xBD, 0xD5, 0xB1, 0xF6, 0xBD, 0x25,
    0xCB, 0xC3, 0x7A, 0x15, 0x59, 0x33, 0x2C, 0x4D, 0xC2, 0x56, 0x91, 0x2A, 0x70, 0xAA, 0x39, 0xC2,
    0xC4, 0xC2, 0x59, 0xFC, 0x3A, 0x1B, 0x33, 0xD8, 0x51, 0x53, 0xDA, 0xA2, 0x3C, 0xF2, 0xB8, 0x2B,
    0xEB, 0xD0, 0xC2, 0x11, 0xDE, 0x8C, 0x1C, 0x09, 0x18, 0x1A, 0xA2, 0x73, 0xE1, 0x33, 0x9B, 0x2F,
    0x30, 0x28, 0xAA, 0x51, 0xE1, 0x08, 0xFB, 0x86, 0x61, 0x3F, 0xF5, 0x76, 0xE7, 0x39, 0x82, 0xC5,
    0xFA, 0x2B, 0xC7, 0xDD, 0xBB, 0x75, 0xD3, 0x9F, 0x2C, 0x6E, 0x82, 0xB9, 0x29, 0xC6, 0xBF, 0xD0,
    0x4D, 0x1B, 0xC0, 0xDC, 0x04, 0x98, 0x9B, 0xAA, 0x17, 0xBB, 0xA9, 0x35, 0x37, 0xA1, 0x37, 0x37,
    0x61, 0x34, 0x37, 0x31, 0xAC, 0xD6, 0xB5, 0x24, 0x2D, 0x6E, 0x2C, 0x89, 0xCC, 0x77, 0xE5, 0xE1,
    0x6C, 0x5D, 0x1B, 0x3B, 0xE3, 0x20, 0x5C, 0xC0, 0xD8, 0xD1, 0x97, 0x33, 0xE6, 0x33, 0x99, 0x19,
    0xF3, 0xFD, 0xF3, 0xB3, 0xDD, 0xEA, 0xF9, 0xDE, 0xD8, 0x18, 0xF7, 0x3A, 0x87, 0x1C, 0xA4, 0x0D,
    0x18, 0x03, 0xB7, 0xA3, 0x0C, 0xC6, 0x4E, 0x29, 0x18, 0x48, 0xBF, 0xE8, 0x59, 0x74, 0xE2, 0xD2,
    0xD9, 0x2C, 0x7B, 0x23, 0xA6, 0x84, 0x50, 0x05, 0x45, 0x9F, 0x05, 0x89, 0x1B, 0x85, 0x1D, 0x2A,
    0x10, 0x67, 0xE5, 0x95, 0xB3, 0xD9, 0x9B, 0x76, 0x36, 0x7B, 0xC7, 0xC2, 0xC4, 0x87, 0x0D, 0x57,
    0x28, 0x49, 0xA7, 0xA2, 0x39, 0x57, 0x6F, 0x0E, 0x8F, 0xFC, 0x5C, 0x50, 0x5F, 0x4A, 0xF5, 0xD1,
    0xC1, 0xD9, 0xEC, 0xB1, 0xC8, 0x96, 0x17, 0x5E, 0x70, 0xED, 0x3E, 0xC3, 0x7F, 0xED, 0x6C, 0xC7,
    0xF8, 0x4E, 0x60, 0xE3, 0xB5, 0xB8, 0x91, 0x3F, 0xDE, 0x09, 0x27, 0xE3, 0xCC, 0x70, 0x2B, 0xF8,
    0xB1, 0xF8, 0x08, 0x62, 0x8E, 0x35, 0xDF, 0xF5, 0x16, 0x39, 0x76, 0xB4, 0x36, 0xCA, 0x7A, 0x6D,
    0x4F, 0xB8, 0x00, 0x67, 0x5C, 0x16, 0x33, 0xE3, 0x9D, 0x1B, 0x3D, 0x6B, 0x50, 0x1B, 0xA1, 0x32,
    0x88, 0x70, 0x39, 0xC1, 0xDD, 0x37, 0x77, 0x3D, 0x68, 0x36, 0xFC, 0x52, 0x46, 0x68, 0x13, 0xBE,
    0x62, 0x5B, 0x51, 0x8C, 0x59, 0x46, 0x66, 0x2C, 0x26, 0x0E, 0x2E, 0xF9, 0xEC, 0x7A, 0xAE, 0x9D,
    0xBD, 0x9D, 0x02, 0xD9, 0x8E, 0x94, 0xA4, 0x11, 0xA5, 0x6D, 0x00, 0x58, 0x32, 0x02, 0xE9, 0x27,
    0xD2, 0x19, 0x8B, 0xC1, 0xEC, 0x31, 0xB3, 0x4A, 0xF6, 0x91, 0xFD, 0x60, 0xB2, 0x8C, 0xA3, 0x23,
    0xB7, 0x0C, 0x29, 0xEC, 0x10, 0x56, 0x3F, 0x60, 0xA8, 0xE6, 0x61, 0x3D, 0x50, 0x2D, 0xF4, 0xA7,
    0x3D, 0x74, 0x28, 0x8B, 0x89, 0x62, 0xD5, 0xEA, 0x99, 0x92, 0xFD, 0x7E, 0xA0, 0x2A, 0xA0, 0xAD,
    0x78, 0xDC, 0xF6, 0xCF, 0x40, 0x8F, 0x4E, 0x22, 0x7C, 0x09, 0xD7, 0xB3, 0x27, 0xE1, 0xDB, 0x50,
    0x3C, 0xA1, 0x85, 0xFE, 0xD9, 0x94, 0x07, 0x7E, 0xA9, 0x18, 0x8C, 0xB0, 0x5E, 0xC3, 0xD1, 0x95,
    0x36, 0x5A, 0xA0, 0xD2, 0x4C, 0x1E, 0xD0, 0x2E, 0xE1, 0xD9, 0xDA, 0x74, 0xBC, 0xF4, 0x7C, 0x56,
    0x21, 0x45, 0xCD, 0x1E, 0x4F, 0x0F, 0xD3, 0x89, 0x66, 0xB7, 0x66, 0xE8, 0xD5, 0xC7, 0x5B, 0xBB,
    0x73, 0xF6, 0x90, 0xA0, 0x72, 0x2D, 0x6B, 0x1E, 0xA3, 0x17, 0xA8, 0x14, 0xC6, 0xD8, 0xBA, 0xF5,
    0x9C, 0xB2, 0xE8, 0x02, 0x19, 0x4C, 0xA9, 0x0F, 0xA6, 0xC0, 0x34, 0x73, 0x6C, 0xDF, 0x6F, 0x81,
    0xD6, 0xB3, 0x2A, 0x26, 0xE5, 0x7E, 0x7B, 0xB4, 0x1E, 0xAF, 0x30, 0xC3, 0x60, 0xD9, 0x2D, 0x5F,
    0x0E, 0x67, 0xC6, 0xCF, 0xD6, 0x97, 0x30, 0x26, 0x68, 0x55, 0x57, 0xCF, 0x92, 0xF9, 0x95, 0xC3,
    0x16, 0x6D, 0xB6, 0x61, 0x8B, 0xF7, 0xF1, 0x2D, 0xB3, 0xD3, 0x7E, 0x05, 0xDB, 0xC7, 0x32, 0xAE,
    0x58, 0xBF, 0x81, 0xF9, 0x22, 0x74, 0x66, 0x2E, 0x0B, 0x74, 0xDC, 0x0D, 0xB3, 0x84, 0x3C, 0x58,
    0xD5, 0xFD, 0xF4, 0xBC, 0xF4, 0xD5, 0x16, 0xF1, 0x17, 0xEC, 0x64, 0xBD, 0x98, 0x84, 0xB7, 0x4F,
    0xB8, 0xF0, 0x3E, 0xB1, 0xF1, 0xEB, 0x2A, 0x58, 0xB4, 0x79, 0x32, 0x5F, 0xAA, 0xAE, 0xC0, 0x28,
    0x34, 0x9F, 0x0D, 0xD3, 0xAC, 0xDB, 0x73, 0x17, 0xD6, 0xF0, 0x8B, 0x2E, 0x1D, 0x62, 0x62, 0xDD,
    0x73, 0x4F, 0x78, 0x01, 0x8E, 0xB7, 0x27, 0x15, 0xC6, 0xE7, 0x9F, 0x5E, 0xDE, 0xEA, 0x73, 0xA0,
    0x4A, 0x35, 0x2F, 0x4B, 0xA8, 0x61, 0x3D, 0xD4, 0x62, 0x60, 0x5B, 0x24, 0x59, 0xF4, 0xEF, 0x4F,
    0xF8, 0x5A, 0xDB, 0xD1, 0xFE, 0x2E, 0xC1, 0xCD, 0x73, 0x41, 0xBF, 0x17, 0x2C, 0xF6, 0x82, 0xE9,
    0x2B, 0x08, 0x5E, 0x7F, 0xA0, 0xE6, 0x78, 0x0C, 0xFB, 0x8F, 0xB8, 0xB7, 0xFA, 0x1C, 0xAA, 0x52,
    0xCD, 0x5C, 0xB0, 0x59, 0xE7, 0xDE, 0x37, 0x48, 0x4F, 0xC7, 0x73, 0x05, 0xCA, 0xA8, 0xC5, 0xE3,
    0x20, 0x11, 0xBE, 0x80, 0x4A, 0xFC, 0x18, 0x75, 0x1A, 0x04, 0x6D, 0x36, 0x69, 0xA5, 0x8B, 0x51,
    0x55, 0x69, 0xDD, 0xF3, 0xC9, 0xDB, 0xC9, 0xCF, 0x55, 0x6E, 0xCF, 0x0F, 0x83, 0x32, 0x11, 0xD7,
    0x8A, 0x1F, 0x18, 0xC5, 0x1B, 0x94, 0xF2, 0x91, 0xF0, 0xA9, 0x5D, 0xC5, 0x78, 0xE3, 0xFE, 0x06,
    0xB8, 0x33, 0xA6, 0x00, 0xC6, 0x9C, 0x70, 0xF8, 0x3B, 0x8C, 0x9C, 0x87, 0x47, 0xCF, 0x65, 0x2E,
    0x3A, 0xA2, 0x95, 0x62, 0x05, 0x7F, 0xDA, 0x8B, 0x6A, 0x10, 0x3F, 0xBA, 0xF0, 0x17, 0x6B, 0xB6,
    0x8C, 0x88, 0x01, 0x3F, 0x4A, 0xC5, 0xD1, 0x93, 0xE7, 0x37, 0xB7, 0xEF, 0xD2, 0x9B, 0xDD, 0xEF,
    0x86, 0x26, 0xFE, 0x3B, 0x3B, 0x2D, 0x5B, 0x2D, 0x6F, 0xBD, 0x5A, 0xD0, 0x7B, 0xAE, 0xFB, 0xAC,
    0x20, 0x45, 0x31, 0xAA, 0x54, 0x3E, 0xAD, 0xE0, 0x4F, 0xBE, 0x60, 0x51, 0x83, 0x0F, 0x3F, 0x46,
    0x6F, 0xD9, 0x88, 0xC6, 0x3F, 0x06, 0xC4, 0xFF, 0xC6, 0x3A, 0xDE, 0xFE, 0x80, 0xEF, 0xA6, 0xF5,
    0x77, 0x8C, 0x17, 0x8E, 0xF5, 0x3F, 0x9B, 0xD9, 0x9D, 0xFF, 0x81, 0xAD, 0xFD, 0xFE, 0x62, 0x0B,
    0xDA, 0x3D, 0xBA, 0x35, 0x0C, 0x38, 0x82, 0xFD, 0xA9, 0x38, 0x7C, 0x6C, 0x7B, 0x19, 0xC8, 0x85,
    0x53, 0x74, 0x4A, 0x2E, 0x43, 0xF4, 0x8D, 0xFB, 0xE6, 0xCB, 0x97, 0x42, 0x3F, 0xC5, 0x18, 0x01,
    0xA7, 0x17, 0xFC, 0xFC, 0xC9, 0xA1, 0x9F, 0xFD, 0x15, 0x3F, 0x17, 0x17, 0xFC, 0xBC, 0xB9, 0xE4,
    0xE7, 0xC7, 0x5A, 0xF9, 0x90, 0xD3, 0xCF, 0xFB, 0x5A, 0x06, 0xFD, 0x6A, 0x27, 0x38, 0xB4, 0x8F,
    0x72, 0x52, 0x84, 0x4F, 0xC0, 0x1D, 0x3F, 0x1A, 0x7A, 0xB9, 0xF5, 0x67, 0x3B, 0xB4, 0x00, 0xCE,
    0xF1, 0x48, 0xD7, 0x42, 0x6B, 0x2D, 0x79, 0x5A, 0x82, 0xBF, 0xF9, 0xFC, 0x79, 0x2D, 0xEB, 0x08,
    0x08, 0x87, 0x7F, 0x2B, 0x88, 0x1E, 0x72, 0x10, 0x69, 0xED, 0x94, 0x10, 0x68, 0x22, 0x13, 0xF9,
    0xB5, 0xF5, 0x1B, 0xDE, 0x0E, 0x28, 0x0F, 0x6F, 0x3E, 0x7B, 0xDD, 0x7B, 0x8D, 0xC9, 0xF9, 0xFA,
    0x83, 0x08, 0xF8, 0xF7, 0x65, 0x19, 0x94, 0x13, 0x8C, 0xC9, 0xA9, 0x9A, 0xC4, 0x4F, 0x74, 0xC9,
    0x04, 0xC6, 0x01, 0x4F, 0xE1, 0x57, 0xF0, 0x27, 0xA3, 0x64, 0xE2, 0xB6, 0x7D, 0xD2, 0xD6, 0xC2,
    0x94, 0xED, 0xD7, 0x51, 0x11, 0xF0, 0xF3, 0x49, 0x6E, 0x8E, 0xF9, 0xFE, 0x7C, 0xD1, 0x8D, 0x71,
    0x1B, 0x61, 0xE0, 0xDB, 0x9E, 0x72, 0x0D, 0xC1, 0x56, 0x1D, 0x45, 0x8E, 0x76, 0xE5, 0xAB, 0x87,
    0xED, 0xB7, 0x6B, 0xD8, 0x1A, 0x4A, 0x1F, 0x3E, 0x45, 0xE3, 0x07, 0x3B, 0x0F, 0x8F, 0x14, 0xDD,
    0x1B, 0xE1, 0x46, 0x5D, 0xF5, 0x18, 0xA0, 0x5D, 0xFB, 0x66, 0x2D, 0x76, 0x7D, 0x70, 0xAF, 0xEA,
    0x7F, 0xE8, 0x9F, 0x5C, 0xAF, 0xC5, 0xF5, 0xE2, 0x47, 0x7E, 0xF4, 0xE7, 0x4D, 0x56, 0xC1, 0x2E,
    0xE6, 0x7F, 0xC3, 0x11, 0x19, 0x7D, 0x82, 0xCE, 0xA1, 0xCD, 0xE9, 0x21, 0x49, 0xBE, 0x79, 0x35,
    0xC7, 0x44, 0xBB, 0xFB, 0xBE, 0xD3, 0x8C, 0xBE, 0xCB, 0x51, 0xFA, 0xAE, 0x52, 0x17, 0x7D, 0x8D,
    0x81, 0xCE, 0xB2, 0xB3, 0x92, 0x52, 0x31, 0xC9, 0x39, 0x60, 0xA8, 0xC5, 0x07, 0xBE, 0xED, 0x29,
    0xD7, 0xB9, 0x49, 0x98, 0x57, 0x91, 0xA2, 0xF6, 0x5D, 0xBC, 0xFC, 0x69, 0x61, 0xB8, 0x7D, 0xD7,
    0x77, 0xAF, 0xF7, 0x4F, 0x96, 0x4B, 0x33, 0xB6, 0x1B, 0xD5, 0xF4, 0x15, 0xC6, 0xC2, 0x86, 0x8A,
    0x19, 0x98, 0x3C, 0x78, 0xCD, 0x1E, 0xA7, 0x08, 0x3E, 0xB0, 0xD5, 0xBA, 0x0C, 0xBE, 0xD7, 0x28,
    0x4C, 0xE0, 0xBB, 0xFF, 0xC7, 0x64, 0x35, 0x81, 0xE1, 0xF2, 0x6F, 0xEF, 0x20, 0x5C, 0xC4, 0xAE,
    0x14, 0x77, 0xE9, 0xC8, 0x59, 0x62, 0x6A, 0xCE, 0x14, 0xAD, 0x0E, 0x70, 0xE8, 0xE9, 0xCA, 0xD1,
    0xBA, 0x8C, 0x22, 0x67, 0x47, 0xC9, 0x88, 0x0B, 0x5D, 0x66, 0x92, 0x6A, 0x64, 0x97, 0xB1, 0xAE,
    0xD0, 0x1D, 0x74, 0xFD, 0x7C, 0xED, 0xFA, 0x7B, 0x2F, 0xBE, 0xCD, 0x40, 0xED, 0x07, 0x8F, 0x3F,
    0x3F, 0x18, 0xA8, 0xA9, 0x20, 0xAC, 0x91, 0xD1, 0x5D, 0xFB, 0xA1, 0xA8, 0x3A, 0x2E, 0x15, 0x17,
    0x66, 0xAC, 0xD3, 0xB7, 0x9F, 0xB1, 0x52, 0x62, 0xA3, 0xD8, 0xCF, 0x58, 0xAF, 0xB0, 0x05, 0xB6,
    0x65, 0x09, 0x9D, 0x51, 0xFB, 0x2F, 0x51, 0xFB, 0xC7, 0x28, 0x19, 0xC4, 0xCB, 0xFD, 0xF7, 0xE2,
    0xA7, 0x83, 0x73, 0xB2, 0xEE, 0x87, 0x6F, 0xBB, 0x8A, 0x50, 0x72, 0x45, 0x9B, 0x02, 0x73, 0x0E,
    0x4C, 0xC5, 0x98, 0xF0, 0x54, 0xA2, 0x2C, 0xAC, 0x09, 0x78, 0xA4, 0x85, 0xD6, 0xCE, 0x36, 0xED,
    0x2F, 0xF2, 0x55, 0xE0, 0xF9, 0x7E, 0xD2, 0xA6, 0xA1, 0x08, 0xA7, 0xB3, 0x5B, 0x26, 0x84, 0x2E,
    0x02, 0x4A, 0x1E, 0x0D, 0xD8, 0x85, 0xE6, 0xC2, 0xFD, 0x21, 0xCE, 0x4A, 0x6E, 0x75, 0x0E, 0x6F,
    0x3E, 0x7F, 0xDD, 0x7B, 0x77, 0x37, 0xDA, 0xD5, 0x60, 0xCC, 0xBD, 0x01, 0x7A, 0x86, 0xF9, 0x94,
    0xA2, 0xA9, 0xF6, 0x67, 0x55, 0x19, 0x66, 0x6E, 0xA1, 0x3A, 0x34, 0x72, 0x4C, 0x97, 0xDE, 0x97,
    0xEB, 0x0F, 0x79, 0x4C, 0xCE, 0x4D, 0x97, 0x9B, 0x6C, 0xE7, 0x6D, 0xFF, 0xBB, 0x20, 0x81, 0xA0,
    0x8D, 0x51, 0x52, 0xF8, 0x67, 0x34, 0xFD, 0x0B, 0x88, 0xE0, 0xCB, 0x20, 0x52, 0x7D, 0x37, 0xAF,
    0x8B, 0xA4, 0x02, 0xC3, 0xBA, 0x70, 0x4A, 0x19, 0xB4, 0xF1, 0xFE, 0xCF, 0x9D, 0x11, 0x54, 0xF3,
    0x3D, 0x5B, 0xC4, 0xAD, 0x0B, 0x3A, 0xC7, 0xA9, 0xCE, 0x36, 0x68, 0x81, 0x25, 0x4C, 0x11, 0xB4,
    0x8C, 0x2C, 0xA8, 0x34, 0xC7, 0x9B, 0x04, 0x0D, 0x0B, 0x4B, 0xF1, 0x6B, 0xEE, 0xED, 0x7E, 0x82,
    0xFF, 0xE1, 0x46, 0xEF, 0xF4, 0xF1, 0xF7, 0x76, 0xA6, 0xFC, 0x2B, 0xB0, 0x64, 0x2D, 0x3F, 0xB0,
    0xB3, 0xFD, 0x19, 0x0B, 0x76, 0x88, 0x2C, 0x09, 0x82, 0x91, 0xDA, 0xD9, 0xF2, 0x76, 0x52, 0xD0,
    0xDB, 0xD1, 0x83, 0xEB, 0xE4, 0x83, 0x87, 0xF2, 0xC1, 0x03, 0x8E, 0x66, 0x43, 0x0A, 0x75, 0x5F,
    0x8C, 0xDF, 0xA0, 0x11, 0x50, 0x61, 0x65, 0xF3, 0x2B, 0xB3, 0x67, 0xB0, 0x23, 0x91, 0x6E, 0x85,
    0xFD, 0xB4, 0x17, 0x26, 0x82, 0xAF, 0x50, 0xC6, 0x5A, 0x6A, 0x93, 0xE2, 0x47, 0xE8, 0xA9, 0x6A,
    0xE4, 0x29, 0xC4, 0xAC, 0xF5, 0x3A, 0xDA, 0x71, 0xEA, 0xCE, 0x20, 0xFA, 0x20, 0x0F, 0xFC, 0x14,
    0x93, 0xFD, 0x1C, 0x25, 0xB1, 0x83, 0x16, 0x1B, 0x5D, 0x38, 0xB7, 0xDA, 0xCE, 0xEE, 0x6B, 0xDB,
    0xD6, 0xFD, 0x96, 0x8E, 0x71, 0xCF, 0x40, 0x77, 0xAC, 0x7B, 0xB7, 0xD9, 0x38, 0x29, 0x13, 0x96,
    0x6D, 0x9B, 0x31, 0x3A, 0xAF, 0x5B, 0xE3, 0x89, 0xDF, 0xC9, 0x18, 0xA5, 0xD1, 0xC6, 0x9C, 0x40,
    0x66, 0x13, 0x99, 0x1B, 0xE9, 0x61, 0x4E, 0x37, 0xC4, 0x6E, 0xF7, 0xA0, 0x02, 0xE6, 0xF5, 0x9E,
    0x3E, 0xD8, 0xD1, 0x3F, 0x30, 0x53, 0xB8, 0x29, 0xA7, 0xA9, 0x34, 0x7A, 0x79, 0xD4, 0xD2, 0x5A,
    0xC9, 0xB0, 0xBD, 0xE5, 0x80, 0x50, 0x1D, 0xDC, 0xB6, 0x52, 0x8D, 0xFE, 0xD1, 0x4A, 0x3B, 0x3F,
    0x4D, 0xB2, 0x15, 0xBF, 0x6F, 0xD7, 0xBB, 0xB9, 0xF0, 0x9D, 0xC6, 0x7E, 0xC2, 0x39, 0x26, 0xAC,
    0x9D, 0xD0, 0x66, 0x99, 0xD5, 0x7C, 0x98, 0xEC, 0xD5, 0xBC, 0xD4, 0xE7, 0x2C, 0x94, 0x96, 0x6D,
    0xD9, 0x86, 0x35, 0xFB, 0x23, 0xAD, 0x88, 0xEB, 0xDF, 0xFC, 0xDF, 0xF1, 0x89, 0xFD, 0x19, 0xB6,
    0xB5, 0xA8, 0x30, 0xD5, 0x05, 0x4A, 0x0B, 0xCA, 0x97, 0x77, 0x32, 0xDA, 0xF2, 0x54, 0x7D, 0xB3,
    0x2E, 0x87, 0xEC, 0xD4, 0x9A, 0x93, 0x63, 0xF7, 0x12, 0x79, 0x8A, 0xD5, 0xE6, 0x4E, 0x87, 0xA5,
    0x9C, 0x5C, 0x45, 0x7F, 0x5F, 0xD6, 0x2B, 0x09, 0x52, 0x95, 0x05, 0x9E, 0xD8, 0x82, 0x0C, 0xE2,
    0x09, 0x1D, 0x2A, 0x67, 0x81, 0x54, 0x83, 0x6C, 0x29, 0xF2, 0x7F, 0xD5, 0x9A, 0x01, 0xA4, 0x25,
    0x59, 0x7A, 0xC7, 0x7F, 0x55, 0x35, 0xFD, 0x2A, 0x3B, 0x25, 0x5B, 0x83, 0x6E, 0x61, 0x7A, 0xB6,
    0x2B, 0x80, 0x64, 0xD6, 0x4C, 0xC1, 0x02, 0x32, 0x73, 0x6A, 0x77, 0xB1, 0x58, 0x78, 0xE8, 0x37,
    0x83, 0x45, 0x07, 0x0B, 0x3B, 0x09, 0x0D, 0x10, 0xF4, 0xA6, 0x6A, 0x67, 0x31, 0x08, 0xF6, 0x11,
    0x11, 0x04, 0x06, 0x83, 0xE9, 0x37, 0x18, 0x68, 0x0C, 0x36, 0x53, 0x95, 0x5D, 0x00, 0x28, 0x11,
    0x06, 0xC1, 0x56, 0xE8, 0xB5, 0x22, 0xD8, 0x5A, 0x6A, 0x92, 0xEA, 0xC9, 0xA9, 0xFA, 0xA7, 0xCE,
    0xE7, 0xDD, 0xFB, 0x5E, 0xDF, 0xCC, 0xAE, 0xED, 0x19, 0xF3, 0x76, 0xFA, 0xAB, 0x7B, 0x7F, 0xDF,
    0xB9, 0x75, 0xBE, 0x73, 0xEA, 0xFB, 0xF7, 0xA9, 0x53, 0xE7, 0x9D, 0xBE, 0x17, 0xCA, 0xA6, 0x1E,
    0x34, 0xB6, 0x63, 0x3D, 0x94, 0x0D, 0x66, 0x65, 0xE7, 0xEC, 0x70, 0x7D, 0xDD, 0xD7, 0x43, 0x1B,
    0x8E, 0x31, 0x1C, 0xB2, 0x03, 0xE0, 0x7E, 0x80, 0x76, 0x48, 0x75, 0x0A, 0xB5, 0x16, 0x62, 0x49,
    0x4D, 0x26, 0xA9, 0x2B, 0x24, 0xE1, 0xD6, 0x7B, 0xAF, 0xE0, 0xE6, 0x7B, 0xCF, 0x50, 0x8F, 0xF7,
    0x38, 0x84, 0x9B, 0x02, 0xFC, 0xBD, 0x17, 0x28, 0xB4, 0xAC, 0xE4, 0xA1, 0x6D, 0x12, 0xDA, 0x22,
    0x09, 0x0A, 0x4D, 0x10, 0x09, 0xE0, 0x02, 0x77, 0xFF, 0xD3, 0x2E, 0xA7, 0x2E, 0xD4, 0x6B, 0x04,
    0x67, 0xB4, 0x56, 0x68, 0xBC, 0x15, 0x5A, 0x74, 0x04, 0x36, 0xC6, 0x0A, 0xC0, 0xCA, 0x76, 0x9E,
    0x52, 0x5A, 0x77, 0x2C, 0x8C, 0x94, 0x26, 0xA8, 0x18, 0x8D, 0x53, 0x60, 0x7E, 0x71, 0xE6, 0x48,
    0x0B, 0x7F, 0x86, 0x93, 0xB4, 0x18, 0x45, 0x11, 0x58, 0xE5, 0xA7, 0x77, 0xB5, 0x00, 0xBC, 0x71,
    0x8A, 0x59, 0xDC, 0x71, 0x8B, 0xEC, 0xE3, 0xFB, 0x75, 0x53, 0x4A, 0xEA, 0x43, 0x54, 0x97, 0x4A,
    0x22, 0xD1, 0x77, 0x44, 0xBA, 0x44, 0x22, 0xF3, 0xA8, 0xCA, 0x7C, 0xA4, 0x2A, 0x5D, 0xE3, 0x50,
    0xF1, 0x6B, 0x91, 0x49, 0xB2, 0x16, 0x43, 0x1E, 0x5A, 0x24, 0xE3, 0x6D, 0x07, 0x0D, 0x7F, 0xC4,
    0x8D, 0xDB, 0x70, 0xED, 0x84, 0x52, 0x50, 0xAE, 0xE4, 0xAA, 0x70, 0x9E, 0x44, 0x1D, 0x9A, 0x88,
    0x35, 0x46, 0x1A, 0x40, 0x73, 0x38, 0x81, 0x5B, 0x32, 0x55, 0x50, 0xA8, 0x58, 0x81, 0x4C, 0xAD,
    0x07, 0x12, 0x69, 0x32, 0xD5, 0x21, 0x10, 0x5A, 0x53, 0x8F, 0x0B, 0x81, 0x3C, 0xFB, 0xBE, 0xCE,
    0xC0, 0x94, 0x00, 0xB9, 0x39, 0xC8, 0xD7, 0xC0, 0x6B, 0x77, 0x74, 0xF2, 0xE9, 0x75, 0x9F, 0xEE,
    0x5E, 0x7C, 0xDB, 0x8D, 0x9F, 0x7E, 0xDC, 0x38, 0xE6, 0xDC, 0x6E, 0x1C, 0xFF, 0xB6, 0x98, 0x17,
    0xDF, 0xE6, 0xE6, 0x5A, 0x81, 0x34, 0x93, 0x48, 0xB2, 0x0B, 0x56, 0xF9, 0x7A, 0xB4, 0x50, 0x78,
    0xBE, 0x11, 0x80, 0x89, 0x27, 0xD3, 0x6C, 0xA2, 0x7A, 0x32, 0xC9, 0xDB, 0x58, 0x50, 0x7F, 0xDC,
    0xAA, 0x51, 0x9F, 0xAA, 0x53, 0x8F, 0xBA, 0x76, 0xDA, 0x50, 0xEB, 0x1F, 0xD5, 0x58, 0x6D, 0x26,
    0xCD, 0x44, 0xAD, 0x26, 0x48, 0xE5, 0x81, 0x72, 0x01, 0xB2, 0x95, 0xBC, 0xDA, 0xE0, 0x3E, 0xBE,
    0xB3, 0xD0, 0x9E, 0x77, 0x35, 0x91, 0x4A, 0x3D, 0x3C, 0x7F, 0x1F, 0x8E, 0xAA, 0xA3, 0xCA, 0x0D,
    0x6E, 0xA8, 0xC7, 0xDA, 0xEE, 0xF9, 0xE0, 0xCB, 0xBE, 0xEC, 0x31, 0xB3, 0x6C, 0x89, 0xA5, 0x19,
    0x28, 0xD6, 0xF7, 0xD4, 0x40, 0xDD, 0x50, 0x0E, 0x44, 0x0B, 0x24, 0x33, 0xC9, 0xC8, 0x0F, 0xF8,
    0x67, 0xB2, 0x2E, 0x57, 0xEF, 0xC8, 0x9B, 0x5A, 0x63, 0x51, 0x95, 0x84, 0x01, 0xEE, 0x5E, 0x4D,
    0xF4, 0x5F, 0x5D, 0x1A, 0x1C, 0x55, 0xD2, 0xBF, 0x92, 0x2E, 0x10, 0x9C, 0x87, 0xFD, 0xA7, 0xAD,
    0xAE, 0x6A, 0xD2, 0xAE, 0x8C, 0xA5, 0x3E, 0xEB, 0x8A, 0x2A, 0xB4, 0x6B, 0xF2, 0xCE, 0x69, 0x2C,
    0xAB, 0x74, 0xC8, 0x74, 0xEA, 0x48, 0x26, 0xC0, 0xC3, 0x0A, 0xE9, 0x04, 0x6E, 0xA0, 0xEE, 0x09,
    0x6A, 0x05, 0xA6, 0xD7, 0x86, 0xF1, 0x3E, 0x66, 0xC9, 0xB2, 0xE6, 0x92, 0x93, 0xDC, 0xCF, 0x54,
    0x37, 0xAA, 0xAB, 0xC0, 0xAD, 0xEC, 0xA4, 0x42, 0x4A, 0xE7, 0x33, 0xCC, 0xBE, 0xC6, 0x2D, 0xA8,
    0x3B, 0xD7, 0xA1, 0x46, 0x5D, 0xA2, 0x58, 0x55, 0xB6, 0xA4, 0x2B, 0x85, 0xCF, 0x3D, 0x6E, 0x74,
    0x13, 0xED, 0x50, 0x8F, 0xB8, 0xA9, 0x9C, 0xC9, 0xC3, 0xB9, 0x74, 0x4D, 0x44, 0xAC, 0x6F, 0xAA,
    0x41, 0x5D, 0xDB, 0xE1, 0x1A, 0xD7, 0xF0, 0x02, 0x7F, 0x8C, 0x59, 0x2B, 0x49, 0x07, 0xA8, 0x03,
    0x80, 0xE4, 0xB7, 0x21, 0x3A, 0x01, 0x70, 0x52, 0x75, 0xF8, 0x26, 0x3A, 0x06, 0x6A, 0x55, 0xC4,
    0x6A, 0x47, 0xB2, 0x21, 0xF2, 0x94, 0x15, 0xAF, 0xF2, 0x4A, 0xB9, 0x14, 0xDC, 0x2B, 0x95, 0x35,
    0x0F, 0xCA, 0x22, 0x6D, 0xA6, 0xB2, 0x4D, 0xBB, 0x07, 0xA5, 0x4F, 0xBB, 0x0F, 0xCA, 0x57, 0xD2,
    0xE6, 0x5E, 0xE9, 0xF2, 0xEA, 0xD5, 0x97, 0x8B, 0x3B, 0x14, 0x15, 0x3F, 0x24, 0x9B, 0x8E, 0x66,
    0x9B, 0x0F, 0x36, 0xA3, 0x30, 0x7B, 0xF1, 0xEC, 0x7E, 0x6D, 0xA9, 0x39, 0x29, 0xFA, 0x90, 0x5C,
    0x43, 0xA9, 0xA9, 0xFE, 0x77, 0xDF, 0x46, 0x4B, 0xCB, 0xB2, 0xB1, 0xFE, 0xC8, 0x3B, 0xCD, 0xB9,
    0x86, 0xE8, 0xC3, 0x0A, 0xB3, 0xDC, 0x1F, 0xC2, 0xE4, 0x76, 0x7A, 0x1C, 0x6F, 0xBC, 0xBF, 0x9E,
    0x35, 0x87, 0xC1, 0x59, 0xC0, 0xDE, 0xAC, 0xD9, 0x01, 0x30, 0xFB, 0x3E, 0x99, 0x1A, 0xA7, 0xBE,
    0xD6, 0x70, 0x2B, 0x1F, 0xD8, 0x5E, 0xAE, 0x43, 0x55, 0xEA, 0x29, 0x07, 0x6A, 0x8D, 0xCE, 0x5E,
    0xD8, 0x7C, 0x76, 0x6A, 0x4A, 0x35, 0x2C, 0x64, 0x13, 0x85, 0xC8, 0xD5, 0x51, 0xF4, 0xDB, 0xCB,
    0x9A, 0x37, 0xF5, 0x0A, 0xC7, 0x04, 0xBB, 0x47, 0xBC, 0x92, 0x09, 0xB7, 0xD0, 0x0E, 0xBC, 0x8A,
    0x3D, 0xBC, 0xDE, 0xE6, 0xAC, 0x69, 0x87, 0x48, 0xDD, 0x93, 0x61, 0x34, 0x24, 0x1B, 0x7C, 0xFE,
    0xB8, 0x84, 0x25, 0x60, 0xDC, 0xF0, 0x4B, 0xA0, 0x1D, 0x0E, 0x60, 0xCF, 0x02, 0x6C, 0xAC, 0x4F,
    0x4E, 0x2A, 0x42, 0x9B, 0x21, 0x55, 0x60, 0x6E, 0x74, 0x52, 0xB7, 0x63, 0x6D, 0x6C, 0x2F, 0xB1,
    0xBE, 0x54, 0x5B, 0x1A, 0x73, 0x63, 0x62, 0xA4, 0x36, 0x26, 0x9F, 0x85, 0x61, 0xC6, 0xD7, 0x36,
    0xD7, 0x5D, 0x7F, 0x8D, 0x78, 0xC8, 0xBA, 0xBC, 0x2F, 0xFD, 0xD1, 0x8A, 0x6E, 0xCA, 0x79, 0x37,
    0x58, 0xCA, 0x6B, 0xBE, 0xBA, 0xB5, 0x58, 0xBF, 0xB2, 0xF2, 0xD8, 0x11, 0x6A, 0x08, 0x93, 0x5D,
    0x53, 0xFB, 0x96, 0x57, 0xBC, 0xBD, 0x96, 0x8D, 0xED, 0xB7, 0xBD, 0xD3, 0x54, 0x68, 0x88, 0x57,
    0x20, 0x82, 0x82, 0xAC, 0xC2, 0xA6, 0x98, 0x1B, 0xDC, 0x48, 0x39, 0xE5, 0x61, 0x2A, 0x65, 0x0B,
    0x89, 0x12, 0x55, 0xB1, 0x7E, 0xA4, 0x0E, 0x75, 0xEA, 0x13, 0x7D, 0x4B, 0x8D, 0x4D, 0x2F, 0x9B,
    0x68, 0x6E, 0x2C, 0x27, 0xEA, 0xDE, 0x0D, 0xB8, 0xAA, 0xEC, 0x38, 0x22, 0xE5, 0x31, 0x4B, 0x3C,
    0x5C, 0x3B, 0xA6, 0xF4, 0xE0, 0x46, 0x5A, 0x0F, 0x61, 0x36, 0x7A, 0x5B, 0xFA, 0xFE, 0xC4, 0x93,
    0xC8, 0x42, 0x32, 0x6F, 0xAE, 0x98, 0xCC, 0xB9, 0xD1, 0x5C, 0xDB, 0x05, 0xB7, 0x05, 0x06, 0x97,
    0x88, 0xE0, 0x32, 0xCF, 0x6D, 0x5B, 0x07, 0x93, 0x85, 0xD0, 0x63, 0x16, 0x5C, 0xDB, 0x95, 0x0B,
    0xA1, 0xC7, 0x7A, 0x81, 0x44, 0xAC, 0x0B, 0x64, 0x3E, 0x99, 0x97, 0x10, 0x98, 0x7F, 0xBC, 0x54,
    0xB8, 0x31, 0x0C, 0x05, 0x6D, 0x17, 0xDC, 0x16, 0xF8, 0xEC, 0x7B, 0x6A, 0xEC, 0xD2, 0x0B, 0x99,
    0x37, 0xF7, 0x05, 0x67, 0x1D, 0xBD, 0x63, 0x59, 0x17, 0xB2, 0xAC, 0x5B, 0x35, 0xA1, 0x47, 0xB5,
    0x5D, 0xE8, 0xF1, 0x5E, 0xD9, 0x59, 0x8F, 0xAE, 0xB3, 0x1E, 0xDB, 0x2A, 0xF4, 0x18, 0xAF, 0x76,
    0xE9, 0x7C, 0xB2, 0x4B, 0xD7, 0x16, 0x88, 0xD4, 0x27, 0x22, 0xB8, 0xCC, 0x9B, 0x03, 0xB3, 0x42,
    0x1D, 0x9C, 0x98, 0x4B, 0x64, 0x2E, 0x5B, 0xA0, 0x85, 0x7C, 0x36, 0x29, 0xA1, 0x23, 0x35, 0xB4,
    0x3D, 0xA9, 0x06, 0xD4, 0x40, 0x3E, 0x26, 0x22, 0xB8, 0x10, 0x58, 0x68, 0xCC, 0x67, 0x70, 0xEA,
    0x83, 0x86, 0x52, 0x55, 0xDB, 0x5F, 0xAB, 0x38, 0x46, 0x8D, 0x0B, 0x62, 0x84, 0x3A, 0xC8, 0x96,
    0x38, 0xB8, 0x7C, 0x4E, 0x83, 0x73, 0x63, 0xF1, 0xEB, 0x0E, 0xDA, 0xDE, 0xFD, 0xA4, 0x03, 0x35,
    0xBA, 0xF3, 0x6F, 0x16, 0x28, 0x4F, 0xB6, 0x98, 0xCB, 0x67, 0xCE, 0xDA, 0x19, 0x37, 0x9A, 0xB0,
    0xB6, 0x33, 0x77, 0xD9, 0x62, 0x0F, 0xA4, 0x02, 0xB2, 0x3D, 0x52, 0xBB, 0x19, 0x1F, 0xF0, 0x98,
    0xCD, 0xBB, 0x60, 0x1B, 0x65, 0xAD, 0x90, 0x06, 0xE4, 0xEA, 0xED, 0x14, 0xB8, 0x19, 0xD3, 0xF8,
    0xF6, 0x86, 0x68, 0xC6, 0xCD, 0xE9, 0x8A, 0x93, 0x54, 0x15, 0xD2, 0x7A, 0xBE, 0xCE, 0xEA, 0x3C,
    0xFA, 0xC0, 0x6E, 0x19, 0x71, 0x83, 0xB9, 0x7A, 0xC1, 0x9C, 0x3A, 0x4B, 0x50, 0x0D, 0xC1, 0x6E,
    0x72, 0xC9, 0xAE, 0xDD, 0x36, 0x97, 0x5B, 0xE4, 0xEE, 0x41, 0xED, 0x74, 0xDE, 0xAE, 0xB9, 0xF4,
    0xB7, 0x8C, 0xD4, 0x5B, 0x27, 0x1A, 0x80, 0x44, 0xF5, 0x68, 0x72, 0xDD, 0x64, 0x8B, 0x7C, 0xE9,
    0x81, 0xDC, 0x5B, 0x37, 0x85, 0xCF, 0x57, 0xC0, 0x4D, 0xA9, 0x80, 0x7A, 0x4C, 0x54, 0x41, 0xFB,
    0xC9, 0x7B, 0xEA, 0x40, 0x92, 0x3A, 0xA2, 0xE0, 0x06, 0x92, 0xE0, 0x46, 0x52, 0x9D, 0x9D, 0xB5,
    0x13, 0x99, 0xC0, 0x79, 0x42, 0xDB, 0xD2, 0x53, 0x78, 0x42, 0xD1, 0x05, 0x27, 0x2E, 0xAC, 0x30,
    0x46, 0x32, 0x97, 0xAB, 0xB9, 0x94, 0xA7, 0x7B, 0x18, 0xC8, 0x4B, 0x3C, 0x8D, 0xFA, 0xE2, 0xB7,
    0x31, 0x79, 0x8B, 0x39, 0x9B, 0x50, 0xA1, 0xFD, 0x18, 0xDC, 0xA3, 0x2C, 0x38, 0x1A, 0x4E, 0x9F,
    0x42, 0x61, 0xCF, 0x60, 0x89, 0xEA, 0x5F, 0x3D, 0xA6, 0x68, 0x06, 0x32, 0x13, 0x46, 0xF6, 0x9B,
    0xB6, 0x0F, 0x4A, 0xAA, 0x6B, 0x3C, 0x7D, 0xC2, 0xE2, 0x21, 0x7E, 0x88, 0x5D, 0xC1, 0xDB, 0xB8,
    0xE5, 0xCB, 0x85, 0xB3, 0x93, 0x16, 0x32, 0x3D, 0x7D, 0xC2, 0x38, 0x7A, 0x78, 0x39, 0xC1, 0x5A,
    0x15, 0xC0, 0x87, 0xA5, 0x65, 0xE6, 0xF3, 0xEE, 0xD2, 0x27, 0xA7, 0x0A, 0x53, 0xFD, 0x74, 0x08,
    0x83, 0x1B, 0xDB, 0xDF, 0x41, 0x36, 0x0A, 0xAD, 0x24, 0x0F, 0xD6, 0x8B, 0x15, 0x92, 0x5D, 0x21,
    0xDB, 0x15, 0x0A, 0xC9, 0x82, 0x71, 0x12, 0x66, 0xFA, 0x5F, 0x81, 0x35, 0xFA, 0x48, 0x60, 0x8D,
    0xDE, 0xDA, 0x3D, 0x88, 0x52, 0x9D, 0x3F, 0x91, 0xCF, 0x0B, 0xF5, 0x7C, 0x5E, 0xD0, 0x68, 0x05,
    0x62, 0x0D, 0xD9, 0xD6, 0x61, 0x45, 0xF8, 0x28, 0x6B, 0xB4, 0x2B, 0xB8, 0x5D, 0xA1, 0xDE, 0x15,
    0x34, 0x92, 0x6D, 0x8A, 0xDE, 0x4D, 0xD4, 0x59, 0xBC, 0xCF, 0xD4, 0x60, 0x85, 0x42, 0x60, 0x85,
    0xA0, 0xCA, 0x0A, 0xF0, 0xFC, 0x23, 0xE0, 0x48, 0x9A, 0x76, 0x3B, 0x6D, 0xD9, 0xDE, 0xD6, 0x98,
    0x69, 0xFD, 0x2B, 0xD9, 0xDA, 0xF2, 0x53, 0x4A, 0xC1, 0x75, 0xDC, 0x62, 0x97, 0xF2, 0xC6, 0x29,
    0xB0, 0x3D, 0x24, 0xF5, 0x1C, 0xE8, 0xBC, 0x71, 0x0D, 0x2C, 0x55, 0xF1, 0x02, 0xB9, 0xA6, 0x68,
    0x3D, 0x57, 0x10, 0x07, 0x76, 0xB4, 0x92, 0x1A, 0x0A, 0x69, 0xB1, 0xDD, 0x50, 0x0F, 0x64, 0x01,
    0x14, 0x46, 0xEB, 0x83, 0x74, 0x0D, 0x44, 0xD8, 0x96, 0xEE, 0xE2, 0xFA, 0xAE, 0xE7, 0x31, 0x4B,
    0x1B, 0x20, 0x9F, 0x80, 0x42, 0x55, 0xC0, 0x10, 0x3A, 0xED, 0x83, 0xBC, 0x8E, 0xFD, 0x08, 0x56,
    0x4E, 0x52, 0x77, 0x88, 0x4F, 0xCE, 0xCE, 0x1A, 0xBB, 0x93, 0x2E, 0x61, 0x0E, 0x90, 0x56, 0x0E,
    0xF1, 0xE8, 0xE4, 0x84, 0xC3, 0x60, 0x83, 0xA4, 0x3E, 0x60, 0x38, 0xC0, 0xE5, 0x04, 0xEB, 0x0E,
    0xD2, 0x70, 0xAA, 0x0C, 0x28, 0x1E, 0x01, 0x5F, 0xAD, 0xF8, 0x03, 0xE7, 0x17, 0xBD, 0x0B, 0xA4,
    0xAA, 0xCE, 0xB3, 0x92, 0x66, 0x58, 0x53, 0x0F, 0x7F, 0xC9, 0x9F, 0xFE, 0x81, 0x53, 0xFB, 0x60,
    0x3B, 0x12, 0x25, 0x22, 0x55, 0xAA, 0xCA, 0x60, 0x1F, 0xA3, 0x39, 0x9A, 0xBF, 0x04, 0xA3, 0xFA,
    0x00, 0xB0, 0xBD, 0xEE, 0x44, 0xAC, 0x15, 0x6E, 0x2E, 0xC0, 0x5F, 0xEF, 0xF2, 0x3A, 0x6E, 0xA5,
    0xF1, 0xF2, 0xFB, 0x86, 0x3E, 0x3E, 0xA6, 0x1D, 0x79, 0xD2, 0x77, 0x1D, 0xDA, 0x1F, 0xBC, 0xD9,
    0x25, 0x90, 0x7A, 0xA8, 0x17, 0x62, 0x2D, 0x44, 0x3A, 0x85, 0x87, 0x5C, 0xCD, 0xF5, 0x9F, 0x6F,
    0xAC, 0x2E, 0xD1, 0x42, 0x21, 0x35, 0xC5, 0x50, 0x77, 0x47, 0x1C, 0x5D, 0xC9, 0xB5, 0x6F, 0x36,
    0x59, 0x53, 0x0F, 0x6E, 0x6C, 0xCF, 0x8F, 0x7A, 0xA8, 0xC7, 0xA2, 0x29, 0x9A, 0xAB, 0xB8, 0xF6,
    0xB5, 0xF0, 0x20, 0x26, 0x97, 0x54, 0x19, 0x27, 0xE3, 0x6A, 0x54, 0x93, 0xEB, 0xAC, 0x55, 0x9F,
    0xAF, 0xA4, 0x1A, 0x37, 0xA2, 0x29, 0xB0, 0x9E, 0x03, 0x9D, 0x7F, 0x5F, 0xEF, 0x52, 0x7A, 0xC9,
    0x53, 0x2C, 0x17, 0x2C, 0x7D, 0xB1, 0xDE, 0xDE, 0x68, 0x31, 0xC6, 0x36, 0xC4, 0x47, 0xD6, 0xF6,
    0xA6, 0x46, 0xEB, 0xB9, 0x33, 0x56, 0x81, 0x0B, 0x81, 0x43, 0xE0, 0x23, 0x80, 0xE7, 0xA2, 0x63,
    0x48, 0xF5, 0xDD, 0xC1, 0xD2, 0xDA, 0x58, 0x4A, 0x1D, 0xB8, 0xB7, 0x54, 0xC1, 0x0D, 0xAE, 0x5F,
    0xFC, 0xDF, 0x5E, 0x78, 0xBB, 0x39, 0x48, 0x73, 0x8B, 0x51, 0x18, 0x3B, 0xE3, 0x60, 0x9C, 0x8C,
    0xDE, 0xB8, 0x1A, 0x55, 0x6D, 0xFC, 0x1F, 0x75, 0xF5, 0xE8, 0x7E, 0xA3, 0x71, 0xE3, 0xD4, 0xCE,
    0x81, 0x6E, 0x09, 0xCC, 0x15, 0x98, 0x4A, 0x1B, 0x63, 0x23, 0x46, 0x6A, 0x63, 0x69, 0xCC, 0x8D,
    0x89, 0x31, 0x32, 0xD2, 0x8E, 0xBF, 0xD7, 0xCE, 0xE3, 0xE8, 0xD3, 0x76, 0x1E, 0x5F, 0xFF, 0xA4,
    0x02, 0x52, 0x69, 0x37, 0x43, 0xD9, 0x2D, 0xED, 0xE7, 0x6B, 0x7A, 0xA6, 0xF5, 0xAE, 0x66, 0x72,
    0x75, 0x68, 0xA1, 0x14, 0xB8, 0xFD, 0x62, 0x5E, 0xCF, 0x90, 0xA9, 0xAA, 0x27, 0x7B, 0xE6, 0xB5,
    0x13, 0x24, 0x6A, 0xDA, 0xD1, 0x9C, 0x9D, 0x54, 0x73, 0x1E, 0x62, 0x0D, 0x14, 0x9A, 0x52, 0xC8,
    0x96, 0x95, 0x7A, 0x25, 0xD7, 0x74, 0x24, 0x4F, 0x2A, 0x49, 0x41, 0x8C, 0x0D, 0x05, 0xB5, 0xA4,
    0x26, 0x44, 0x6B, 0xC1, 0x16, 0xB3, 0x53, 0x82, 0x3F, 0x3E, 0xD8, 0x61, 0x3D, 0xC1, 0x06, 0xE4,
    0x69, 0x93, 0xF9, 0xBB, 0xF7, 0x21, 0xF3, 0x7E, 0x1F, 0xF2, 0x94, 0xEA, 0xFB, 0xDD, 0xDB, 0x91,
    0xFC, 0x62, 0x3B, 0xF2, 0xD4, 0xEA, 0x8B, 0x87, 0x78, 0xB8, 0xBC, 0x2B, 0x29, 0x96, 0x9D, 0xDB,
    0x9F, 0x3C, 0xB2, 0x90, 0xA7, 0x53, 0x5F, 0x0C, 0x4D, 0xDE, 0x25, 0x83, 0x1B, 0xF3, 0xB9, 0xF6,
    0xCE, 0x17, 0xD2, 0x94, 0x4A, 0x7D, 0x24, 0x55, 0xB4, 0x0B, 0x48, 0x24, 0xB2, 0xE7, 0xEC, 0xE8,
    0x96, 0xDA, 0xD7, 0x53, 0xE1, 0x8B, 0x3E, 0x1D, 0xD3, 0x2A, 0xEA, 0xD8, 0xD9, 0x73, 0x98, 0x6A,
    0x6F, 0xAA, 0xFF, 0xDB, 0x83, 0x33, 0x9D, 0xA6, 0xBA, 0x3F, 0x50, 0x5D, 0xA8, 0x4B, 0x4C, 0x35,
    0x99, 0x4C, 0x75, 0xF1, 0x0B, 0x53, 0xED, 0xBE, 0x6B, 0xAA, 0xD7, 0xA0, 0x7A, 0x4C, 0x66, 0x53,
    0x9D, 0x8D, 0xC1, 0x4D, 0x45, 0x67, 0xAA, 0xEB, 0xCA, 0x54, 0x2F, 0xA6, 0x5A, 0x33, 0xA6, 0x7A,
    0xFC, 0xFF, 0xAA, 0xE3, 0x4B, 0xFB, 0x98, 0x86, 0x5C, 0xA6, 0x3A, 0xFF, 0x17, 0x53, 0x9D, 0x98,
    0xEA, 0x43, 0x1B, 0x03, 0xE2, 0x35, 0x30, 0xD1, 0x60, 0xF4, 0x00, 0xA5, 0x91, 0x07, 0x97, 0x96,
    0x8A, 0xE8, 0x04, 0x37, 0x87, 0xC1, 0xF8, 0x42, 0xE8, 0x8D, 0x4B, 0x18, 0xDE, 0x32, 0xBC, 0x2C,
    0xFB, 0xD5, 0x84, 0x79, 0xD3, 0x35, 0x42, 0x6D, 0x63, 0x99, 0x6A, 0xE6, 0xC0, 0x22, 0x93, 0x91,
    0x4F, 0x81, 0xAD, 0xC7, 0x54, 0x18, 0xAB, 0x50, 0xD9, 0xF3, 0x65, 0x57, 0xF1, 0x62, 0x15, 0xA8,
    0x81, 0xFD, 0xD7, 0x5D, 0x52, 0x05, 0xAE, 0x6F, 0x37, 0x7E, 0x65, 0x3B, 0xBE, 0xDC, 0xF9, 0xBF,
    0x5C, 0xBD, 0x5C, 0x81, 0xBA, 0xB6, 0x07, 0x0D, 0x1A, 0xF6, 0xEC, 0x6C, 0x1B, 0x5B, 0x95, 0xD5,
    0xD3, 0x70, 0x17, 0x1D, 0xAE, 0xC7, 0xC5, 0xA7, 0xAD, 0xC7, 0x7F, 0xCE, 0xDE, 0xBE, 0xD0, 0xAF,
    0x79, 0xC9, 0x85, 0xB9, 0xF5, 0xF3, 0x3B, 0xFB, 0xDA, 0xC6, 0xCD, 0x8F, 0x63, 0x3D, 0xAB, 0x70,
    0x92, 0x0F, 0xD0, 0xC5, 0x76, 0x69, 0x74, 0x8F, 0x5E, 0xD3, 0xE4, 0x66, 0xDA, 0x79, 0x83, 0xDB,
    0xA3, 0xDE, 0x10, 0x69, 0xB2, 0x90, 0x80, 0x3E, 0xA0, 0xD9, 0xB0, 0xB0, 0x61, 0xB0, 0x4E, 0x0F,
    0xB0, 0xBB, 0x72, 0x2C, 0x99, 0x1E, 0xF5, 0xE0, 0x4C, 0x72, 0x2B, 0x79, 0xD0, 0xA3, 0xD6, 0x13,
    0xA9, 0xCB, 0x77, 0xFC, 0xBA, 0x9A, 0x7C, 0xC2, 0xA9, 0x71, 0x23, 0xCE, 0xBE, 0x53, 0x71, 0x7A,
    0x53, 0x83, 0xD1, 0x13, 0x6F, 0x67, 0xB4, 0xB1, 0x29, 0xD4, 0x6C, 0x4C, 0xD4, 0x6D, 0x44, 0xFD,
    0x05, 0xDB, 0x7D, 0xF9, 0x47, 0x6F, 0x86, 0xDA, 0x1F, 0x2B, 0x44, 0xFE, 0x9D, 0xB5, 0xFA, 0x89,
    0x3C, 0xE1, 0xCC, 0x00, 0x70, 0x1D, 0x88, 0x00, 0x92, 0xCE, 0x1E, 0x1B, 0xFB, 0xEF, 0x97, 0xD5,
    0x00, 0xB6, 0x70, 0xE7, 0xCD, 0x2E, 0x26, 0x58, 0x39, 0x3F, 0xFF, 0x4E, 0x2C, 0xDD, 0x9D, 0x33,
    0x49, 0x73, 0x11, 0xE0, 0xF4, 0x4F, 0x9A, 0xEB, 0x19, 0xCD, 0xED, 0x88, 0x9B, 0x35, 0x04, 0xF4,
    0x94, 0xE7, 0x08, 0x1F, 0xAD, 0xA2, 0x9E, 0x68, 0x67, 0xB7, 0x7E, 0xE7, 0xBC, 0x59, 0x1E, 0x90,
    0x48, 0xED, 0x4C, 0xBD, 0xB8, 0x99, 0xA8, 0x62, 0x77, 0xA1, 0xAC, 0x01, 0x5C, 0x07, 0x68, 0x84,
    0x54, 0x3D, 0xE4, 0x0B, 0x90, 0xF6, 0x16, 0x71, 0x55, 0xB9, 0x7C, 0x08, 0x76, 0x13, 0x93, 0xCB,
    0x26, 0xCB, 0x02, 0xFA, 0xA6, 0xE0, 0x6F, 0x78, 0x09, 0xB8, 0xAA, 0x34, 0x0C, 0xE5, 0xE4, 0xA0,
    0x5E, 0x05, 0xD2, 0x0A, 0x4B, 0xE9, 0xE1, 0xFA, 0xD1, 0xE9, 0x15, 0xA6, 0x71, 0x7D, 0x3B, 0xA2,
    0x4D, 0x7E, 0x95, 0xE8, 0x67, 0xEA, 0x12, 0xFD, 0x5C, 0x5D, 0xAC, 0x37, 0xD5, 0x20, 0x84, 0xD9,
    0xD5, 0xE5, 0xC2, 0x0F, 0x76, 0x23, 0x93, 0x69, 0x80, 0xFC, 0xE7, 0xE3, 0x39, 0x32, 0x6D, 0xB0,
    0x0A, 0xDA, 0x2B, 0x4D, 0xC8, 0x8C, 0xBB, 0x6B, 0x55, 0xCF, 0x24, 0xD2, 0xAF, 0xA4, 0xA6, 0x50,
    0xB0, 0xC1, 0x99, 0x9B, 0xF2, 0x47, 0x77, 0xF5, 0xA8, 0xF6, 0x49, 0x97, 0xA9, 0xCB, 0x16, 0x48,
    0x44, 0xB2, 0x72, 0xE3, 0x7B, 0x3A, 0x79, 0x5D, 0xA9, 0xCC, 0x4A, 0xA3, 0xEA, 0xF5, 0x75, 0x9D,
    0x9C, 0x9C, 0xB4, 0x83, 0xAD, 0xD9, 0xEA, 0x13, 0xF5, 0x1C, 0x6B, 0xC8, 0xB4, 0xBE, 0x3E, 0xB6,
    0x6B, 0x2B, 0x69, 0xAE, 0xA5, 0xF7, 0xA5, 0xA5, 0xD4, 0x9A, 0x49, 0x73, 0xAA, 0x87, 0xB4, 0x6A,
    0xB8, 0x7E, 0x69, 0x53, 0x75, 0x53, 0x0D, 0x48, 0x33, 0xE9, 0xFE, 0xE7, 0x28, 0xA5, 0xDE, 0x5B,
    0x70, 0x9E, 0x0F, 0x68, 0x47, 0x9E, 0xA3, 0x1D, 0x00, 0xF5, 0x7B, 0x0C, 0x10, 0x2A, 0xA0, 0x9E,
    0xF9, 0x06, 0x4E, 0xAF, 0x79, 0x82, 0x02, 0xEB, 0xA0, 0x8A, 0xA4, 0x05, 0xCA, 0x10, 0x99, 0x4C,
    0x40, 0xFA, 0x10, 0xC8, 0xB5, 0xFF, 0x85, 0x52, 0xBD, 0xC1, 0x76, 0xA3, 0x85, 0x76, 0x8F, 0x11,
    0xB3, 0x67, 0x02, 0xF2, 0x00, 0xD7, 0x5B, 0xD7, 0x40, 0x29, 0x20, 0x56, 0x15, 0x8A, 0x5C, 0xB2,
    0xDD, 0x4F, 0x68, 0x46, 0xD2, 0xDD, 0x3E, 0x9E, 0x72, 0xFD, 0x9E, 0x1A, 0x37, 0xA1, 0xAE, 0x1D,
    0x68, 0xFB, 0xF6, 0x93, 0x33, 0xF5, 0x92, 0x76, 0xF8, 0xE5, 0xC9, 0x49, 0xB5, 0xCB, 0xF9, 0x3A,
    0x4E, 0xFF, 0xF0, 0xD3, 0x8B, 0x9C, 0x9B, 0x48, 0x5A, 0xA1, 0x34, 0x61, 0xB7, 0xF7, 0xC9, 0xDC,
    0x0A, 0x68, 0xAB, 0xF3, 0xBB, 0xA4, 0x50, 0x05, 0x6E, 0x02, 0xF2, 0xCA, 0x22, 0xAE, 0x28, 0x97,
    0xD8, 0xEF, 0xFE, 0xFD, 0x9C, 0x7A, 0x90, 0x26, 0x92, 0x35, 0xF5, 0x30, 0xF0, 0xE0, 0x0A, 0xFF,
    0x49, 0xBE, 0xBF, 0x1D, 0xC9, 0x92, 0x2C, 0x64, 0xCA, 0x44, 0x1E, 0x60, 0xA5, 0xC4, 0x5B, 0x82,
    0x5C, 0xE1, 0xF0, 0x44, 0x90, 0x36, 0xE4, 0x23, 0x6E, 0x21, 0x0B, 0xB5, 0x1D, 0x45, 0x15, 0xCE,
    0x42, 0x7C, 0x56, 0x25, 0x6A, 0x9E, 0xF4, 0x15, 0x06, 0xF3, 0x25, 0x10, 0xA9, 0x9A, 0x72, 0xC5,
    0x8D, 0x94, 0xD5, 0xF9, 0x00, 0x3F, 0x7B, 0x9F, 0x7C, 0x7D, 0xE2, 0x17, 0xAE, 0x21, 0x32, 0xF9,
    0x36, 0x33, 0xA8, 0xFB, 0xB6, 0xFB, 0x1A, 0x19, 0x7B, 0x3B, 0x3B, 0x05, 0x0D, 0x9F, 0xF7, 0x6D,
    0xBF, 0xDC, 0x2A, 0xC6, 0x62, 0x74, 0xF3, 0xF9, 0x31, 0xB9, 0xA9, 0x18, 0xF2, 0x81, 0xCB, 0xF6,
    0xE2, 0x3B, 0xE0, 0xE6, 0xCF, 0xFF, 0x7E, 0x16, 0xA0, 0x18, 0x00, 0xB7, 0x3E, 0xBF, 0x41, 0x82,
    0x54, 0x2B, 0xB4, 0x9A, 0x89, 0xF4, 0xFE, 0x02, 0xA7, 0xA9, 0xA0, 0x94, 0x3D, 0x04, 0xD4, 0xA5,
    0x01, 0x85, 0xA4, 0xDE, 0x2D, 0xA9, 0x86, 0x7A, 0x44, 0x43, 0xDB, 0xD3, 0x0E, 0xEA, 0xA8, 0xC7,
    0x0D, 0xCE, 0x4A, 0x83, 0xDD, 0x10, 0xF5, 0x14, 0xA9, 0x73, 0xE1, 0x26, 0x09, 0x2D, 0xC8, 0xA4,
    0x85, 0xE8, 0xFC, 0x0B, 0x95, 0x06, 0x33, 0xAE, 0x05, 0xB8, 0xE1, 0x43, 0x68, 0xD7, 0x05, 0x24,
    0x4F, 0xE4, 0xDD, 0x04, 0xB7, 0x1F, 0x5B, 0xDE, 0xDE, 0x38, 0x0D, 0x3D, 0x7E, 0xA4, 0x85, 0x56,
    0x92, 0xA1, 0x6A, 0xD7, 0x3B, 0xEA, 0xDA, 0x29, 0xD9, 0xFD, 0x94, 0x67, 0xF8, 0x4C, 0xB8, 0xF4,
    0x27, 0x47, 0x3E, 0x02, 0x6E, 0x09, 0x25, 0x55, 0x10, 0x2A, 0xA1, 0xA8, 0xC0, 0x62, 0xCC, 0x32,
    0x9D, 0x42, 0xAB, 0x85, 0x64, 0xF7, 0x5F, 0x8E, 0x7D, 0xA9, 0xF7, 0x34, 0x3A, 0x4F, 0x6B, 0xEB,
    0x85, 0xDF, 0x50, 0x78, 0x0D, 0xE4, 0x7B, 0x14, 0xE1, 0x5C, 0xE9, 0x6B, 0x4F, 0x3D, 0x3B, 0xBD,
    0xA6, 0x31, 0x34, 0x1B, 0x2E, 0xCD, 0x82, 0xE2, 0xE2, 0x21, 0x15, 0x05, 0xE4, 0x01, 0x75, 0x07,
    0x51, 0xA8, 0xC8, 0xEC, 0xC1, 0x3A, 0x03, 0x59, 0x6F, 0x11, 0x57, 0x94, 0x4B, 0xB4, 0x02, 0xA9,
    0x5D, 0x5C, 0x23, 0xB4, 0x61, 0x64, 0xF4, 0x2D, 0xC1, 0x03, 0xFE, 0x02, 0xB8, 0xA2, 0x34, 0x76,
    0x37, 0xC8, 0xDF, 0x42, 0xBB, 0xAE, 0xFB, 0x1B, 0x64, 0xB6, 0x1B, 0xE4, 0xEA, 0xD2, 0xB0, 0x67,
    0x65, 0xAC, 0x58, 0x24, 0xFA, 0xB6, 0xAA, 0x44, 0x3F, 0x56, 0x63, 0xA5, 0x68, 0x8D, 0x56, 0xCC,
    0xAE, 0x2E, 0x17, 0x8E, 0x81, 0xD4, 0xD6, 0x90, 0x35, 0x40, 0xBB, 0x92, 0x9D, 0xA3, 0xC2, 0x8C,
    0x36, 0x5C, 0xF7, 0x00, 0xF6, 0x95, 0x10, 0x66, 0xB1, 0xDD, 0x52, 0xFB, 0x0E, 0x0C, 0xD9, 0x12,
    0x2A, 0xDE, 0xC1, 0xAC, 0x22, 0xD3, 0xDF, 0x0F, 0xB4, 0xD2, 0x18, 0x74, 0x74, 0x97, 0x75, 0x24,
    0xDA, 0x74, 0xE4, 0xDA, 0x72, 0x2E, 0x7F, 0xE1, 0x35, 0xB4, 0xB9, 0xD7, 0x7F, 0xF8, 0x0D, 0xBF,
    0x9A, 0x36, 0x1D, 0x1A, 0x36, 0x1D, 0x6A, 0x2E, 0xEB, 0xC8, 0x24, 0x7B, 0x0A, 0xAC, 0xB8, 0x3B,
    0x1A, 0xF8, 0xAA, 0xE9, 0x60, 0xBF, 0x2C, 0xBF, 0xCC, 0xFE, 0x2F, 0xFE, 0x69, 0x37, 0x07, 0x53,
    0x01, 0xFC, 0xD0, 0x62, 0xF6, 0x8F, 0xD8, 0xE8, 0xAC, 0x51, 0x98, 0xB5, 0x9F, 0x01, 0xF6, 0x4B,
    0x3F, 0x9F, 0xA9, 0xAB, 0xF7, 0xDF, 0x83, 0xE5, 0x5A, 0xD4, 0xC5, 0x1A, 0xD4, 0x71, 0x63, 0x9F,
    0x8C, 0xDD, 0xDD, 0x91, 0x76, 0x37, 0x7F, 0xB9, 0x02, 0xF5, 0x00, 0x94, 0x95, 0x45, 0x5C, 0x51,
    0x2E, 0xE9, 0x0C, 0x14, 0x76, 0x71, 0x75, 0xC4, 0xB6, 0xF2, 0x2E, 0x99, 0x27, 0xEE, 0x19, 0x81,
    0x2B, 0x4A, 0x23, 0x3A, 0x8D, 0x4E, 0xC9, 0x7C, 0xE6, 0xC9, 0x97, 0x7C, 0x21, 0x5F, 0xF3, 0xD5,
    0x4A, 0xA4, 0xB3, 0x25, 0x08, 0x57, 0x97, 0xCB, 0xFF, 0x01, 0xD5, 0xD0, 0xB7, 0x41, 0x03, 0x41,
    0x10, 0x05, 0xD0, 0x8F, 0xF7, 0x90, 0x60, 0x23, 0xC5, 0xF8, 0x12, 0xEE, 0x22, 0x8A, 0x51, 0x13,
    0xBA, 0x12, 0x88, 0xF1, 0x31, 0x4D, 0xCC, 0x42, 0x05, 0x2A, 0xE1, 0xD4, 0x81, 0xBC, 0x97, 0x3E,
    0x7F, 0x07, 0xEF, 0x63, 0x9D, 0x79, 0xEB, 0xCD, 0x0C, 0x5E, 0x9E, 0x85, 0x10, 0x3D, 0xCD, 0xA3,
    0xD6, 0x14, 0x33, 0x2C, 0xCB, 0x95, 0x31, 0x62, 0x3D, 0xC7, 0xE7, 0xA7, 0x78, 0x87, 0xF9, 0x7B,
    0x94, 0xBA, 0xD8, 0x20, 0x92, 0x21, 0x0A, 0xE3, 0xF8, 0x9D, 0x0E, 0xBD, 0xD9, 0xC5, 0x02, 0xD3,
    0x52, 0x53, 0x1B, 0x04, 0xAB, 0x62, 0x9A, 0x21, 0x6E, 0xC4, 0x0A, 0x75, 0x80, 0x35, 0x98, 0x01,
    0xC9, 0x80, 0xF1, 0x28, 0x8E, 0xE5, 0x06, 0x47, 0xEE, 0x50, 0x2E, 0xF0, 0xF9, 0xDC, 0xAA, 0x9C,
    0xA2, 0x1F, 0xC9, 0xE0, 0x75, 0xA9, 0xFE, 0xD4, 0xC5, 0xDB, 0xAD, 0x36, 0x86, 0xD1, 0x82, 0x9B,
    0x34, 0xA3, 0x07, 0x77, 0xA2, 0x78, 0x2E, 0x2C, 0xFF, 0x1B, 0x15, 0x36, 0xD0, 0xD9, 0x46, 0x32,
    0x8B, 0x94, 0x8D, 0x97, 0xAC, 0xDA, 0x10, 0x56, 0xB5, 0xAA, 0x82, 0x10, 0xA7, 0x5D, 0xCB, 0xB5,
    0xFD, 0x2B, 0x6A, 0xFA, 0x40, 0x17, 0xD6, 0x34, 0x9E, 0xB1, 0xEA, 0xCB, 0x5E, 0x37, 0x18, 0xC3,
    0x2A, 0x6C, 0x6A, 0xE7, 0xB9, 0xFF, 0x0E, 0xDF, 0x4A, 0x05, 0xF6, 0xF4, 0x02, 0xCC, 0x98, 0x29,
    0xBE, 0x07, 0x06, 0x4C, 0xF3, 0x51, 0x3E, 0xD7, 0x61, 0xA9, 0xF9, 0xAC, 0x09, 0x4A, 0xFB, 0x13,
    0xD5, 0x9A, 0x01, 0xA4, 0x25, 0xD7, 0x19, 0xC7, 0xBF, 0xB9, 0x93, 0x7D, 0xB7, 0xC9, 0x90, 0x09,
    0x76, 0x91, 0xDD, 0xCA, 0x40, 0x11, 0x89, 0x1A, 0x28, 0x0A, 0x3A, 0xA3, 0x50, 0x40, 0x17, 0xFB,
    0x02, 0x41, 0x8A, 0xA2, 0xD9, 0xD2, 0x2D, 0x8A, 0x40, 0xCD, 0x04, 0x14, 0xE0, 0x41, 0x15, 0x45,
    0x16, 0x8B, 0xCD, 0xDD, 0xB2, 0x50, 0xA4, 0x84, 0x33, 0x05, 0x00, 0x06, 0x08, 0xA0, 0x13, 0x4D,
    0xB4, 0x12, 0xEC, 0x94, 0x89, 0xCC, 0xBE, 0xCE, 0xCC, 0xBF, 0xDF, 0xFF, 0x9B, 0x7B, 0xEE, 0xDE,
    0xBD, 0xDD, 0xCD, 0xDB, 0xB7, 0xD9, 0x77, 0xF7, 0x65, 0xDE, 0x3D, 0xBF, 0x6F, 0xEE, 0x39, 0xE7,
    0x9E, 0xFB, 0x7D, 0xFF, 0x39, 0xF3, 0xCE, 0x39, 0x67, 0xAE, 0x1C, 0xAC, 0x56, 0xB7, 0x44, 0x64,
    0x09, 0xF4, 0x1B, 0xE3, 0x33, 0x77, 0x8E, 0x0B, 0xD7, 0xCC, 0xC4, 0xA3, 0x99, 0x74, 0x32, 0x93,
    0xC1, 0x4C, 0x81, 0x92, 0xC6, 0xA1, 0xA2, 0x01, 0x6A, 0xE5, 0x02, 0x68, 0xD4, 0x84, 0x28, 0x5A,
    0x6B, 0x3A, 0xEB, 0xD4, 0x44, 0x53, 0x3A, 0xB0, 0x91, 0xC1, 0x9A, 0x49, 0x86, 0x78, 0x62, 0x23,
    0xDD, 0x12, 0x6C, 0xA4, 0x0D, 0x91, 0x8B, 0xB8, 0xE3, 0x3B, 0x6C, 0x06, 0x80, 0x9A, 0x80, 0xA6,
    0x91, 0x90, 0xA6, 0xD5, 0x46, 0x56, 0x2B, 0xD7, 0x49, 0x04, 0x91, 0x6C, 0x10, 0x7E, 0x56, 0x5B,
    0x4B, 0x06, 0xE1, 0x69, 0x46, 0x03, 0x91, 0xEB, 0xAB, 0x0F, 0xE9, 0xC8, 0xB4, 0x8D, 0x9D, 0x23,
    0xED, 0x2F, 0xDF, 0x5A, 0x00, 0x37, 0xFA, 0x08, 0x40, 0x9F, 0x10, 0x19, 0xFE, 0x8C, 0xBE, 0xE8,
    0x05, 0xBD, 0x6B, 0x25, 0xEB, 0xD1, 0x10, 0xB5, 0xA4, 0x33, 0xEC, 0xAD, 0x15, 0x14, 0x9D, 0xB8,
    0x3E, 0x9B, 0x7E, 0xB6, 0xFE, 0x58, 0x4C, 0x84, 0x80, 0xEB, 0xA5, 0x18, 0xB3, 0x5E, 0x82, 0x5C,
    0x44, 0x82, 0x9B, 0x8B, 0x23, 0x06, 0x3E, 0x44, 0x1D, 0x0D, 0x5C, 0xEB, 0x45, 0x31, 0xC1, 0x72,
    0x9A, 0x83, 0xCF, 0xBE, 0x83, 0xD2, 0x5E, 0x12, 0xF5, 0x13, 0x02, 0x6D, 0xEF, 0x93, 0x91, 0x0E,
    0x5A, 0x7E, 0x4B, 0x7F, 0xCA, 0x7D, 0xE9, 0xFB, 0x1D, 0x92, 0x8B, 0xBE, 0xD5, 0x66, 0x9C, 0x51,
    0x26, 0xA3, 0xE0, 0xBD, 0xD9, 0x4C, 0xA4, 0xC6, 0x65, 0x26, 0x69, 0xF6, 0xD7, 0x47, 0x19, 0x5B,
    0x68, 0xF7, 0x7B, 0x4B, 0x1C, 0xD7, 0x0A, 0x74, 0xD4, 0x89, 0x4E, 0xB8, 0xFC, 0x61, 0x4F, 0x12,
    0x23, 0x98, 0x1B, 0xA1, 0xDA, 0x48, 0x6C, 0x22, 0xCA, 0x0F, 0xB7, 0x2A, 0x5E, 0xBE, 0xAF, 0x38,
    0x00, 0x5B, 0x4A, 0x81, 0x69, 0x2D, 0x5C, 0x68, 0x8C, 0x30, 0xFD, 0x1A, 0x12, 0xAB, 0xA7, 0x1F,
    0x6B, 0xA1, 0xC8, 0x45, 0xC9, 0x2C, 0xEE, 0x62, 0x30, 0x76, 0xA4, 0xFB, 0x3F, 0x16, 0x3D, 0x99,
    0x0D, 0xC6, 0x89, 0x4C, 0x91, 0xCB, 0xF7, 0x25, 0x46, 0x17, 0x4C, 0xEA, 0xB3, 0x1E, 0xB2, 0x20,
    0x2B, 0x71, 0xCA, 0x52, 0x12, 0x40, 0x9B, 0x0D, 0x9C, 0x5D, 0xF6, 0xE0, 0xAA, 0x42, 0x5E, 0x20,
    0x5E, 0x23, 0x1C, 0xC3, 0x66, 0x04, 0x09, 0xF2, 0xB5, 0xFF, 0x71, 0x6E, 0x35, 0xFC, 0x71, 0x85,
    0x91, 0x01, 0xBD, 0x35, 0x2D, 0xB1, 0x22, 0x4F, 0x71, 0x67, 0xA4, 0x07, 0x1F, 0x89, 0x6A, 0xFB,
    0x8A, 0x38, 0x2A, 0x84, 0x7A, 0x03, 0x13, 0xAC, 0x9D, 0x5D, 0xFD, 0x91, 0x64, 0x78, 0x6B, 0xA0,
    0x0F, 0xB0, 0x06, 0xF2, 0xC0, 0xBC, 0x49, 0xAD, 0xA6, 0xF9, 0xB2, 0xB8, 0x45, 0x26, 0x93, 0xEF,
    0xA8, 0x74, 0xBE, 0x55, 0xA7, 0xC6, 0x88, 0xCE, 0x1C, 0xE9, 0xDF, 0xB9, 0xD6, 0x72, 0x61, 0x37,
    0x0C, 0x14, 0x19, 0x33, 0xE9, 0x5D, 0x38, 0x2D, 0x35, 0xB3, 0x91, 0xBF, 0x6A, 0xE6, 0x9E, 0x65,
    0x8C, 0x47, 0x32, 0x81, 0xA7, 0xCF, 0x59, 0x7C, 0x76, 0xDE, 0xBB, 0xE4, 0x2F, 0x35, 0x2D, 0x27,
    0xD3, 0xD2, 0x90, 0x13, 0x5E, 0x5F, 0x1E, 0x7B, 0xD4, 0x32, 0xD7, 0x3F, 0x59, 0xF4, 0x4B, 0x76,
    0x43, 0x58, 0x88, 0xB0, 0xC2, 0x14, 0x42, 0x2F, 0xFB, 0x73, 0xAE, 0xE5, 0x4D, 0xF9, 0xAD, 0x84,
    0x63, 0x38, 0x48, 0x80, 0x7B, 0x9D, 0xF5, 0xCB, 0x59, 0x50, 0xCD, 0xDC, 0xA7, 0x8C, 0x2F, 0x48,
    0x40, 0xEF, 0xCB, 0x22, 0x57, 0x1F, 0xFE, 0xCB, 0xEF, 0x8A, 0x40, 0x07, 0x02, 0xB4, 0x16, 0x5C,
    0xE9, 0xFD, 0xB8, 0x74, 0x78, 0xC8, 0xF7, 0xC0, 0x68, 0x44, 0x6D, 0xEC, 0x8D, 0x93, 0x8A, 0xB0,
    0x02, 0xF2, 0xAC, 0x97, 0x04, 0x95, 0x32, 0x44, 0xAD, 0x0C, 0xD0, 0x28, 0x05, 0x2D, 0xE9, 0x8C,
    0x45, 0xB7, 0xA1, 0xE5, 0x78, 0x82, 0x5C, 0x58, 0xFD, 0xA5, 0x7D, 0xF6, 0x86, 0xB6, 0x63, 0x32,
    0x92, 0xA3, 0xB1, 0x33, 0x96, 0xE4, 0x43, 0x73, 0x90, 0xCB, 0xB7, 0x92, 0xC6, 0xC6, 0x9D, 0xAC,
    0x9B, 0xCD, 0x60, 0x26, 0x9D, 0x4D, 0xD8, 0x9B, 0x89, 0x5A, 0x33, 0x59, 0xCD, 0x92, 0xFE, 0x27,
    0x12, 0x00, 0x77, 0x7B, 0x06, 0x0B, 0xA8, 0x49, 0x66, 0x93, 0xE1, 0x6D, 0x1A, 0x1B, 0xA9, 0x4C,
    0x43, 0x73, 0xB0, 0x31, 0x03, 0x7E, 0xF2, 0x81, 0x69, 0x68, 0x7C, 0x15, 0x1B, 0xB7, 0xD8, 0x13,
    0x16, 0x5B, 0x8D, 0xC5, 0xB3, 0x09, 0x81, 0x7B, 0x74, 0xA1, 0x98, 0x12, 0x35, 0x7E, 0x1E, 0x70,
    0x78, 0xA8, 0xD6, 0x2E, 0xA6, 0xB1, 0x33, 0x4E, 0x46, 0x94, 0x31, 0x56, 0x0E, 0x75, 0xCC, 0x8E,
    0xD4, 0x2A, 0x05, 0x1D, 0x59, 0xF4, 0x64, 0x36, 0xDC, 0xC5, 0x6D, 0x49, 0x07, 0x60, 0x90, 0x64,
    0xDC, 0x50, 0x73, 0x92, 0xE9, 0x9A, 0xD2, 0xEA, 0x18, 0x1D, 0xEB, 0x07, 0xF6, 0xD9, 0x2B, 0x68,
    0xAD, 0xE5, 0xCA, 0x98, 0x93, 0xA3, 0x90, 0x0D, 0x79, 0x7F, 0xAD, 0x22, 0xC9, 0xA0, 0x18, 0x40,
    0xFE, 0x08, 0xB2, 0x94, 0x49, 0x69, 0xEA, 0xAD, 0xC5, 0x4B, 0x8C, 0x26, 0xDD, 0x5A, 0xB9, 0x59,
    0x15, 0xD3, 0xCD, 0xF4, 0xF2, 0xA4, 0x68, 0xBE, 0xD4, 0x24, 0x33, 0xC5, 0x7C, 0x0B, 0xB1, 0xD1,
    0xE4, 0xF2, 0x6A, 0x99, 0x58, 0xC1, 0x4A, 0xE7, 0xC5, 0x0B, 0x7A, 0x6C, 0xB0, 0xB7, 0x76, 0xF8,
    0x6E, 0x79, 0x98, 0x67, 0x8C, 0x6D, 0x17, 0xC7, 0xAB, 0x55, 0x69, 0x3D, 0x62, 0x0B, 0x3D, 0x41,
    0xA1, 0x77, 0x71, 0xFF, 0xF0, 0xD0, 0xAA, 0xEC, 0xC2, 0x7A, 0x3A, 0xD1, 0xEC, 0x40, 0xB8, 0xD2,
    0x08, 0x80, 0x7E, 0x0B, 0xBB, 0xC7, 0x95, 0x29, 0x17, 0xB1, 0x39, 0x97, 0xD7, 0x5B, 0xD2, 0xE9,
    0x6D, 0xD0, 0x2B, 0x54, 0x2A, 0x8F, 0xAB, 0xDD, 0xF1, 0x0A, 0x35, 0x00, 0x8F, 0xCF, 0x35, 0x18,
    0x7F, 0xEB, 0x5E, 0x94, 0x0C, 0x7F, 0xFC, 0xF8, 0xC1, 0xAD, 0x5B, 0x06, 0xF4, 0x54, 0x52, 0xBB,
    0xBF, 0x39, 0x8F, 0xFC, 0x95, 0xA8, 0x07, 0x53, 0x38, 0x88, 0xE0, 0x9E, 0xA2, 0x40, 0x2B, 0xBC,
    0xFD, 0x44, 0x82, 0xBF, 0x3D, 0x6F, 0x71, 0xAE, 0xC9, 0x55, 0x59, 0x0C, 0xF6, 0xCF, 0xED, 0x9D,
    0xDE, 0x34, 0x58, 0xFF, 0x87, 0x8B, 0xA6, 0x7D, 0x2A, 0x24, 0xB7, 0x6D, 0xD6, 0xAC, 0x88, 0x50,
    0x1A, 0xD6, 0x6F, 0x83, 0x8F, 0x9E, 0xB7, 0x42, 0x27, 0x0D, 0xA5, 0x7B, 0x94, 0xE9, 0xF9, 0x69,
    0x60, 0x83, 0x74, 0xDC, 0x28, 0x92, 0x4A, 0x91, 0x7E, 0xA9, 0xB0, 0x1E, 0x1C, 0xDB, 0x14, 0x73,
    0xDA, 0x83, 0x06, 0x1D, 0xCB, 0x4B, 0xBF, 0xD2, 0x99, 0x08, 0x7C, 0x4C, 0xC0, 0x4F, 0x02, 0x22,
    0xF5, 0xEF, 0x15, 0xFD, 0x93, 0x31, 0xB0, 0xC1, 0x7A, 0x60, 0x48, 0xAD, 0xF7, 0x71, 0x7C, 0xCE,
    0x1D, 0xE9, 0x84, 0x79, 0xC4, 0xBE, 0xFA, 0xD0, 0xA9, 0x56, 0x08, 0xC7, 0xB9, 0x95, 0x72, 0x30,
    0xB1, 0x11, 0x50, 0x81, 0x26, 0x34, 0x46, 0xB8, 0x7F, 0xC0, 0x61, 0xAA, 0x92, 0x54, 0x0B, 0x39,
    0x3D, 0xC9, 0x86, 0x47, 0x4C, 0xC7, 0x0A, 0x4C, 0x33, 0x8B, 0x99, 0x3D, 0xA9, 0x35, 0x2F, 0xBD,
    0x33, 0x65, 0x13, 0xA7, 0xD3, 0x09, 0x4A, 0x0E, 0x86, 0xD0, 0xB8, 0x7A, 0xF5, 0xF7, 0x2E, 0xDA,
    0x85, 0x05, 0x25, 0x4E, 0x99, 0x3F, 0x6A, 0x6A, 0xEB, 0x34, 0x85, 0xB3, 0x78, 0x94, 0x91, 0xE5,
    0x78, 0x1F, 0xB9, 0xFC, 0xF8, 0xA1, 0x95, 0xA2, 0xA4, 0xE3, 0x4B, 0xB7, 0x03, 0xE0, 0x1F, 0x03,
    0x55, 0x18, 0x12, 0x82, 0xAB, 0xDB, 0x41, 0x1D, 0x74, 0x03, 0x87, 0xB6, 0x01, 0x8D, 0x24, 0x03,
    0x6A, 0x89, 0x0D, 0xF6, 0x96, 0x05, 0xE9, 0x40, 0x2F, 0xB5, 0xF2, 0x5B, 0x18, 0xA8, 0xFE, 0xDC,
    0x40, 0x00, 0x7C, 0x30, 0xC8, 0x95, 0x3E, 0xB1, 0xC9, 0x0A, 0x91, 0xF5, 0x61, 0x1D, 0xA0, 0x63,
    0xA9, 0x0D, 0xDA, 0x15, 0x91, 0x07, 0x26, 0xD7, 0xC1, 0x2A, 0x17, 0x09, 0x7E, 0xB1, 0x38, 0xF2,
    0x7B, 0x34, 0x0B, 0xD8, 0x05, 0x62, 0x60, 0x7E, 0x83, 0xE6, 0xE0, 0xDF, 0x72, 0xBE, 0x95, 0xBE,
    0x24, 0x17, 0xA9, 0xB6, 0xED, 0xC5, 0x4C, 0x9B, 0xBD, 0x18, 0x0B, 0xA6, 0x3C, 0x5F, 0x4A, 0x9F,
    0xBC, 0x5C, 0x3B, 0xE7, 0x7D, 0xFA, 0x55, 0x9E, 0xA1, 0xB4, 0xCD, 0x03, 0xA2, 0xA6, 0x8F, 0xD5,
    0x83, 0x6D, 0x9D, 0xF3, 0x24, 0xF7, 0xB9, 0x15, 0xF1, 0xE0, 0x88, 0x4C, 0xB7, 0x56, 0x7C, 0xA9,
    0x71, 0x69, 0x0C, 0x8D, 0x49, 0x6B, 0xF9, 0x15, 0xF9, 0xA2, 0x6C, 0x8E, 0x65, 0xAE, 0xC8, 0x98,
    0x3B, 0xF9, 0x91, 0x3D, 0x9C, 0x08, 0x54, 0xFE, 0x4A, 0xA0, 0x54, 0x5C, 0x3C, 0x4F, 0x17, 0x81,
    0x10, 0xB4, 0xE6, 0xE6, 0xB0, 0x59, 0x0D, 0xA4, 0x75, 0x51, 0x32, 0xB6, 0x83, 0xCD, 0xC4, 0x5B,
    0xC5, 0xD1, 0x11, 0xAF, 0x67, 0x1C, 0xA7, 0x26, 0x80, 0xC7, 0xF3, 0xE9, 0xDA, 0x9C, 0x6F, 0xD6,
    0x64, 0x54, 0x38, 0x94, 0x36, 0xFA, 0x70, 0xF0, 0x69, 0x45, 0x4A, 0x3F, 0xF6, 0x5C, 0xA7, 0x75,
    0xCD, 0x37, 0x43, 0x8D, 0xFB, 0x17, 0x46, 0xEB, 0x0F, 0x86, 0xDC, 0x4D, 0xEF, 0xA0, 0x72, 0x5D,
    0xA8, 0x68, 0x03, 0x45, 0xF3, 0x54, 0x08, 0x0E, 0x55, 0xB3, 0x6B, 0xB2, 0x44, 0x2E, 0xD9, 0xE0,
    0xCD, 0x5D, 0x1C, 0x1E, 0x16, 0x53, 0x09, 0x3B, 0xEA, 0x5D, 0xF3, 0x05, 0x97, 0x81, 0xFE, 0x03,
    0xDE, 0xE8, 0x71, 0x92, 0x61, 0xCD, 0xA7, 0x36, 0x07, 0x1F, 0xDA, 0x16, 0xB3, 0xC9, 0x38, 0x6E,
    0xE3, 0x06, 0x6E, 0x5B, 0x01, 0x11, 0x4D, 0x8A, 0x02, 0x75, 0x04, 0xA0, 0x25, 0xBA, 0x08, 0x9F,
    0x63, 0x88, 0x90, 0x67, 0x0A, 0x49, 0x86, 0x68, 0x7A, 0x2A, 0xC8, 0xD5, 0x20, 0x5F, 0x4E, 0x3F,
    0xAF, 0x93, 0x79, 0xB6, 0x53, 0x65, 0x7F, 0x00, 0xC7, 0x0B, 0x3F, 0xC3, 0xBA, 0xEA, 0x80, 0x76,
    0x3B, 0x5D, 0xC2, 0x57, 0x57, 0xB9, 0xA0, 0x3C, 0x6D, 0x2A, 0x76, 0xDA, 0x61, 0x92, 0x5C, 0x24,
    0x1A, 0x92, 0x32, 0x85, 0x2B, 0x33, 0x68, 0x24, 0xEA, 0xD1, 0x85, 0x60, 0xEB, 0x71, 0xD2, 0xEA,
    0x48, 0x04, 0xCD, 0xB7, 0x4E, 0x6F, 0x70, 0x3E, 0x08, 0x54, 0x4C, 0x3C, 0x17, 0x91, 0xBD, 0xC4,
    0x77, 0x7D, 0x75, 0x1B, 0x18, 0xF5, 0xC5, 0xAB, 0xE9, 0x8F, 0xC5, 0x2A, 0x0F, 0x51, 0x9E, 0xF6,
    0x75, 0x50, 0xBE, 0x9A, 0xA7, 0x75, 0x56, 0xC5, 0x13, 0xCA, 0x25, 0x20, 0x01, 0x06, 0x91, 0x37,
    0x8F, 0xF6, 0x12, 0xC6, 0x05, 0xB9, 0x24, 0x59, 0x95, 0x95, 0xE9, 0x57, 0xC8, 0x63, 0x70, 0x8F,
    0x64, 0xE0, 0x6D, 0xFB, 0xAC, 0x2F, 0xD3, 0xD9, 0x77, 0xB7, 0xB8, 0x99, 0xB7, 0xD7, 0x0A, 0xDE,
    0x6A, 0x7F, 0x51, 0xCB, 0xFB, 0x0F, 0x22, 0x51, 0x2F, 0x3C, 0x82, 0x23, 0x89, 0x38, 0x4F, 0x97,
    0x04, 0x12, 0x4F, 0x0F, 0xED, 0x67, 0xBE, 0xF4, 0x21, 0x73, 0x4E, 0xFB, 0x4A, 0x1B, 0x29, 0x72,
    0x81, 0x08, 0x3E, 0x12, 0x07, 0x6E, 0x73, 0x46, 0xED, 0x3C, 0x77, 0xA1, 0x13, 0x7A, 0x8A, 0xCE,
    0x92, 0x39, 0x7D, 0xA5, 0xDC, 0xCB, 0xC5, 0x5C, 0x1D, 0xA1, 0x39, 0xE9, 0x8F, 0x3E, 0x48, 0xA0,
    0xCB, 0x2B, 0x31, 0xD9, 0x42, 0x00, 0xF9, 0x37, 0x9F, 0x99, 0x87, 0x8B, 0x3B, 0xF8, 0x22, 0xB7,
    0xEF, 0xB6, 0xD1, 0x61, 0x6F, 0x67, 0x37, 0xC3, 0xF5, 0xD9, 0xA2, 0x8F, 0x50, 0x5A, 0xD4, 0x11,
    0x9D, 0x32, 0xEF, 0x6D, 0xD9, 0x65, 0x67, 0xB6, 0x0A, 0xB3, 0xB3, 0x00, 0x26, 0x3A, 0xBD, 0x4F,
    0x1F, 0xCC, 0x80, 0xAF, 0xCE, 0x17, 0xE6, 0x5D, 0x29, 0x5A, 0x6D, 0x1A, 0x5D, 0xB8, 0x86, 0xBD,
    0xD5, 0xAB, 0xF3, 0x1B, 0xD9, 0x39, 0xDE, 0xB8, 0x19, 0xAC, 0x72, 0x96, 0x96, 0xCF, 0x1A, 0x22,
    0xE1, 0x06, 0x09, 0x72, 0x09, 0x18, 0x83, 0x60, 0xF4, 0xFB, 0xE0, 0x59, 0xC9, 0xF8, 0x6F, 0x6E,
    0x8F, 0xBE, 0xA1, 0x5D, 0x8B, 0x7E, 0x1E, 0x7D, 0x2D, 0x26, 0xDB, 0xF3, 0xBC, 0x26, 0x09, 0x30,
    0xEC, 0xE2, 0xF2, 0xDD, 0xE9, 0xB6, 0xCD, 0xA9, 0x4F, 0x8F, 0x90, 0x5F, 0x19, 0x57, 0xD9, 0x20,
    0x19, 0x5B, 0x2A, 0x28, 0x65, 0xCA, 0xEF, 0x8E, 0xEC, 0xC1, 0xA7, 0xF9, 0x78, 0x21, 0x57, 0x24,
    0xB5, 0x88, 0xE3, 0x3C, 0x81, 0x03, 0x17, 0xCA, 0xB4, 0xC9, 0x9A, 0x28, 0x5F, 0x96, 0x5B, 0xEA,
    0xF1, 0x1E, 0x78, 0x36, 0xC9, 0xD6, 0xD8, 0x8D, 0xAD, 0xC4, 0x13, 0x54, 0xB6, 0xAB, 0x13, 0x7D,
    0x66, 0x13, 0xA6, 0xC0, 0x26, 0x4C, 0x11, 0x2A, 0x65, 0x0A, 0x51, 0xBA, 0x41, 0xB9, 0x40, 0xAB,
    0xD4, 0x6C, 0xA5, 0x66, 0x2B, 0xDD, 0xA0, 0x3C, 0x46, 0xAB, 0x04, 0x2A, 0xA3, 0x6C, 0x9D, 0x37,
    0xC6, 0x4E, 0x39, 0x15, 0x83, 0x72, 0x98, 0x3F, 0x15, 0xA3, 0x54, 0x86, 0xA8, 0x95, 0x01, 0xDA,
    0x4D, 0xFB, 0x92, 0x81, 0xD4, 0xE2, 0xCD, 0xF6, 0x3A, 0x8B, 0xD7, 0xC7, 0xBB, 0x44, 0x80, 0xCA,
    0x3A, 0x71, 0x6D, 0xE7, 0xA4, 0x64, 0xC6, 0xB4, 0x22, 0x5D, 0xCE, 0xFC, 0xD1, 0xEA, 0x1F, 0x3D,
    0xE9, 0x4C, 0x2A, 0x58, 0xDD, 0x72, 0x8D, 0x2A, 0xE1, 0x9A, 0x04, 0xB9, 0x6B, 0x8A, 0x51, 0xDC,
    0xA7, 0xE8, 0x38, 0xBB, 0xB2, 0xD9, 0x76, 0xAE, 0x18, 0xC4, 0x03, 0x86, 0x52, 0xDC, 0xC4, 0xD2,
    0x96, 0xF5, 0x9A, 0x6C, 0x50, 0x24, 0x50, 0x44, 0x28, 0x5D, 0xA3, 0x81, 0x69, 0xCB, 0x0C, 0x5B,
    0x7C, 0x87, 0x8B, 0x07, 0xDF, 0xEB, 0xE2, 0x89, 0x79, 0x23, 0xC1, 0xBC, 0xA8, 0xB3, 0x8B, 0xCE,
    0xCB, 0x6F, 0xEE, 0x06, 0xAB, 0x9B, 0xEA, 0x0B, 0x1B, 0x88, 0xE9, 0x4B, 0xA6, 0xBE, 0x34, 0xFC,
    0x8E, 0x7F, 0xF2, 0xDB, 0xBE, 0x34, 0x5F, 0xC6, 0xC7, 0xF8, 0xD2, 0xB9, 0x76, 0xE3, 0xCB, 0x64,
    0xBE, 0xE4, 0xF4, 0x85, 0xB3, 0x3A, 0x2F, 0x62, 0x42, 0x38, 0xDB, 0x61, 0xB4, 0x0B, 0x44, 0xD0,
    0x81, 0xD7, 0xB6, 0x7F, 0x27, 0x41, 0x1F, 0xCF, 0x0C, 0x00, 0xDA, 0x47, 0x41, 0xA8, 0x85, 0x46,
    0x57, 0x2D, 0x39, 0xE1, 0xA8, 0xD3, 0x5E, 0x5E, 0xE6, 0xA5, 0xE4, 0x2C, 0x2F, 0x9A, 0x9E, 0xC9,
    0x8B, 0xFD, 0x9A, 0x9D, 0xEF, 0xCC, 0x00, 0xA0, 0x7A, 0x14, 0x44, 0x36, 0xAB, 0xB3, 0x84, 0x15,
    0xD3, 0x4D, 0x5F, 0x08, 0x07, 0x8F, 0xB8, 0xF3, 0x5D, 0xF8, 0x45, 0x7B, 0xC4, 0x91, 0xF6, 0xA7,
    0xFB, 0x63, 0xFB, 0x7C, 0xA0, 0x94, 0x0C, 0xCB, 0x21, 0xEC, 0x93, 0x36, 0x2D, 0xBF, 0xE7, 0xE3,
    0x0D, 0x7B, 0x45, 0x04, 0x8F, 0x90, 0x10, 0x22, 0x98, 0x98, 0xC7, 0xD2, 0xA5, 0xDD, 0x88, 0xCF,
    0x2E, 0x5E, 0x76, 0xE4, 0xAC, 0x74, 0x8D, 0x6B, 0x5D, 0x03, 0x4D, 0x85, 0xA6, 0x58, 0x53, 0xD2,
    0x68, 0x9E, 0xE6, 0xFF, 0x5E, 0x5C, 0x63, 0x8F, 0x03, 0xBF, 0x55, 0x3A, 0xC5, 0xF5, 0x7C, 0x5D,
    0x11, 0x20, 0x67, 0xF4, 0x25, 0x51, 0xD9, 0x99, 0xE9, 0xA0, 0xB8, 0x78, 0xBA, 0xF8, 0xAE, 0x1F,
    0x3D, 0x89, 0x7F, 0xAF, 0x6A, 0x72, 0x95, 0xC6, 0x5F, 0xBB, 0x4F, 0x35, 0xD1, 0x5A, 0xEC, 0x2F,
    0x3C, 0x51, 0x6C, 0x16, 0x9C, 0x8D, 0xCE, 0x27, 0xF3, 0xEB, 0x8A, 0x44, 0x6D, 0x6C, 0x44, 0x02,
    0xBB, 0x9D, 0x12, 0xE0, 0x88, 0x41, 0x58, 0x8F, 0x63, 0x86, 0x24, 0xC6, 0x97, 0x1F, 0xDB, 0x0E,
    0x80, 0xF2, 0xB1, 0xBC, 0x7E, 0xD2, 0xB8, 0x83, 0x5C, 0x53, 0xA9, 0xA9, 0x3A, 0xB0, 0x35, 0xD1,
    0x64, 0xDF, 0x1A, 0x5B, 0x7A, 0xC2, 0xF1, 0xC8, 0x1F, 0xEF, 0x3D, 0xD8, 0xB5, 0x28, 0x26, 0xC5,
    0x02, 0xA4, 0xE0, 0x88, 0xF4, 0x7B, 0x59, 0x94, 0x88, 0x69, 0xFD, 0x68, 0x76, 0x34, 0x62, 0x66,
    0x65, 0x6C, 0x8C, 0x9D, 0x71, 0x30, 0x4E, 0x46, 0xE4, 0xCA, 0xAF, 0x39, 0x43, 0xC9, 0xFE, 0x83,
    0x56, 0xD9, 0xB9, 0x9E, 0xCC, 0x46, 0x32, 0x06, 0xB9, 0x04, 0x94, 0x0B, 0xA3, 0xCC, 0x2C, 0x8C,
    0xA9, 0x31, 0x36, 0x86, 0xC6, 0xC0, 0x68, 0x22, 0x06, 0x74, 0x2B, 0x26, 0x8A, 0x8A, 0x6E, 0x37,
    0xEB, 0x47, 0x39, 0x76, 0xDB, 0x47, 0xA5, 0x58, 0x0D, 0xBF, 0xC4, 0xE7, 0xFA, 0xFD, 0x93, 0x33,
    0x58, 0xBF, 0x9F, 0x3B, 0x59, 0xFC, 0x62, 0x20, 0x27, 0xB3, 0xF6, 0xC1, 0x36, 0x58, 0xD6, 0x93,
    0xD1, 0x4C, 0xCB, 0x4F, 0x1B, 0x2B, 0xCD, 0xC9, 0x1F, 0x9C, 0xBD, 0x54, 0x3B, 0x03, 0xB4, 0x1F,
    0xA2, 0x98, 0xC7, 0xB3, 0x60, 0xF4, 0xEE, 0xC5, 0x7E, 0x80, 0x96, 0x40, 0x02, 0x7B, 0x9F, 0x54,
    0x22, 0xC9, 0x04, 0x65, 0x08, 0xB0, 0xC0, 0xF5, 0x64, 0x5A, 0x9F, 0xDB, 0xDE, 0xF9, 0x3B, 0x79,
    0x5D, 0x82, 0x89, 0x81, 0xB9, 0x7B, 0x83, 0xB0, 0xAA, 0xF5, 0xCE, 0x75, 0xAC, 0x72, 0xF6, 0x6A,
    0xAF, 0x7F, 0x53, 0x98, 0x0C, 0x66, 0xD2, 0x6E, 0x36, 0xED, 0xB6, 0xC9, 0x9A, 0xD9, 0xFC, 0x7D,
    0xF5, 0x53, 0x94, 0x6A, 0xF0, 0x01, 0x3A, 0xC9, 0xDE, 0x07, 0x30, 0xC8, 0xA5, 0x40, 0xCD, 0x24,
    0x12, 0x60, 0xBA, 0x01, 0x9A, 0x26, 0x32, 0x53, 0x85, 0xCF, 0xD8, 0x9C, 0xFE, 0xCA, 0x61, 0x66,
    0x79, 0x76, 0x37, 0x50, 0x61, 0x04, 0x79, 0x03, 0x0D, 0x33, 0xD6, 0x3F, 0x21, 0x2A, 0x7D, 0xB7,
    0x95, 0x97, 0x8E, 0xCE, 0xFE, 0x76, 0x59, 0x10, 0x21, 0x71, 0x83, 0x00, 0x72, 0xF5, 0x64, 0xF2,
    0xB7, 0xF2, 0xE5, 0x5C, 0x4E, 0xF3, 0x6B, 0xE7, 0x37, 0x8F, 0xF3, 0xB9, 0x8A, 0x7F, 0x6E, 0xA8,
    0x46, 0x89, 0xCA, 0xFF, 0x02, 0x34, 0xE2, 0x95, 0xEE, 0x25, 0xD6, 0x1C, 0x8C, 0x62, 0x4B, 0x07,
    0xFF, 0xD3, 0x4F, 0x5B, 0xD0, 0x45, 0xC8, 0x8B, 0x8E, 0x2D, 0xE4, 0x4E, 0x4D, 0x48, 0xFD, 0xCD,
    0x58, 0xA6, 0x9A, 0xB9, 0xCA, 0xFC, 0x01, 0x7E, 0x54, 0x12, 0xE8, 0x2B, 0xA7, 0xC7, 0x31, 0xBA,
    0x03, 0xBF, 0x13, 0xA9, 0x52, 0xD3, 0x34, 0x14, 0x15, 0x28, 0x59, 0xDB, 0xD6, 0x63, 0x81, 0x83,
    0x49, 0x1A, 0x5C, 0x25, 0x75, 0x57, 0x4A, 0xC4, 0x0A, 0x36, 0xD8, 0x3D, 0x22, 0xD6, 0x77, 0x18,
    0xCD, 0xFF, 0x3C, 0x56, 0xD4, 0x29, 0xEE, 0xA0, 0xE5, 0x94, 0xBC, 0xB7, 0x4D, 0x71, 0x45, 0x32,
    0xA0, 0x91, 0xD8, 0xB0, 0xBD, 0x29, 0x3E, 0x68, 0x44, 0xDC, 0x14, 0xB7, 0xD9, 0x70, 0xB3, 0xF5,
    0xE4, 0x32, 0xD9, 0x3C, 0xB9, 0xF4, 0x3F, 0x7A, 0xEE, 0x77, 0x7E, 0xF4, 0x5C, 0xED, 0xFC, 0xE8,
    0xF9, 0xBB, 0xAA, 0xF0, 0x35, 0x46, 0x39, 0x05, 0x14, 0xF7, 0x4F, 0x03, 0xAB, 0xF6, 0x36, 0x67,
    0xB1, 0xAF, 0xDF, 0x9F, 0xCC, 0xFF, 0x03, 0xD5, 0x98, 0x3F, 0x8C, 0xE5, 0x56, 0x15, 0xC6, 0x7F,
    0xB6, 0x37, 0xEB, 0x24, 0x16, 0xDC, 0x29, 0xB2, 0x41, 0x6C, 0x24, 0xDC, 0x42, 0x82, 0x30, 0xBD,
    0x48, 0xEE, 0x15, 0x94, 0x29, 0x98, 0x62, 0x27, 0x6D, 0xFA, 0x20, 0xB1, 0x6D, 0x0A, 0x14, 0x5B,
    0xA2, 0x97, 0xA6, 0xAF, 0x52, 0xA4, 0x58, 0xBD, 0x48, 0xA4, 0xA1, 0xA0, 0x89, 0x6C, 0x48, 0x41,
    0x41, 0x63, 0x14, 0x7A, 0x39, 0x28, 0x11, 0x22, 0x91, 0x58, 0x03, 0x8E, 0xF0, 0xEE, 0xDA, 0xFE,
    0xD0, 0x3D, 0x7A, 0x6F, 0x66, 0xB4, 0x59, 0x14, 0x65, 0xB5, 0x7F, 0x86, 0xA3, 0xB9, 0xDF, 0x3D,
    0xEF, 0xBC, 0xFB, 0xCE, 0xF8, 0xFE, 0xEE, 0x9D, 0xF3, 0x46, 0x87, 0x83, 0x65, 0x21, 0x07, 0x70,
    0x5D, 0xD9, 0x00, 0x7E, 0xAC, 0x7B, 0x40, 0x7F, 0xD5, 0x00, 0x99, 0x5E, 0x17, 0x90, 0xCE, 0xD9,
    0x04, 0x70, 0x9A, 0x34, 0x9C, 0xDB, 0x2B, 0x77, 0x03, 0x90, 0x4B, 0x13, 0xE0, 0x25, 0x01, 0x92,
    0xD4, 0x91, 0xC5, 0x69, 0xA4, 0xD0, 0x76, 0x53, 0x33, 0x4E, 0x1D, 0x5A, 0xA9, 0x04, 0x7E, 0xC3,
    0x2F, 0xE0, 0x44, 0x3D, 0x43, 0xA1, 0x50, 0x4F, 0x90, 0x2B, 0xB4, 0x13, 0x64, 0x6A, 0xDA, 0xD1,
    0x26, 0x0B, 0xAA, 0xD9, 0x2F, 0xD9, 0x7F, 0xC0, 0x6F, 0x50, 0x8A, 0x52, 0x81, 0x7A, 0xC3, 0x69,
    0xBA, 0xAA, 0x85, 0x5C, 0x92, 0x26, 0x92, 0x38, 0x0D, 0x50, 0x4B, 0x6A, 0xC0, 0x49, 0x2B, 0x90,
    0xB4, 0x3A, 0x25, 0xCE, 0xC7, 0x00, 0xCF, 0x70, 0x05, 0x5C, 0x78, 0x15, 0xFC, 0xA0, 0x80, 0x3E,
    0x56, 0x93, 0xEA, 0xF5, 0x95, 0x7C, 0xA9, 0x46, 0xF2, 0xC1, 0x35, 0x10, 0x12, 0xF6, 0x56, 0xE8,
    0x14, 0x5A, 0xAD, 0xB6, 0x93, 0xE0, 0x24, 0xF5, 0x95, 0xDE, 0xD7, 0xE8, 0x17, 0xDA, 0xB9, 0x1D,
    0xF1, 0x4B, 0x3B, 0x52, 0x2E, 0x1A, 0x70, 0x67, 0x52, 0xC6, 0x58, 0xB5, 0xD4, 0x0B, 0xF5, 0xEC,
    0xF5, 0x86, 0x46, 0x27, 0x69, 0xC8, 0x25, 0x35, 0x89, 0x64, 0x4F, 0x3F, 0x00, 0x37, 0x00, 0x92,
    0x93, 0x68, 0x81, 0x54, 0x66, 0x1D, 0xD5, 0xC1, 0xD1, 0xDE, 0xC9, 0x0E, 0x4E, 0xA1, 0x6D, 0xA7,
    0xBB, 0xBB, 0x5D, 0xE3, 0xD4, 0x13, 0x01, 0x51, 0x09, 0x73, 0x0C, 0x65, 0x74, 0x0C, 0x66, 0xFB,
    0xE5, 0xC9, 0x0D, 0x22, 0xB9, 0x56, 0x5A, 0x2C, 0xFC, 0x60, 0xC7, 0xD6, 0xD8, 0x62, 0x3F, 0x9F,
    0xE7, 0xB9, 0x2F, 0xB3, 0xD3, 0x80, 0x39, 0xC5, 0x57, 0x9E, 0x87, 0xF6, 0xE0, 0x94, 0x07, 0x27,
    0x69, 0xF7, 0xCE, 0x05, 0x7C, 0x49, 0xFB, 0x29, 0xB4, 0x5A, 0x9C, 0x64, 0x10, 0x6B, 0xA9, 0x73,
    0x32, 0x1B, 0x23, 0x4A, 0x7D, 0xD6, 0x4E, 0x91, 0xA6, 0x30, 0x6E, 0x7E, 0xA3, 0x30, 0xA6, 0xDA,
    0x7D, 0xB0, 0x46, 0xA2, 0x92, 0x2E, 0xCE, 0xE5, 0x76, 0x72, 0x72, 0x23, 0xF2, 0xDD, 0x80, 0x88,
    0x58, 0x21, 0x09, 0x91, 0xB2, 0xBE, 0x7C, 0xF3, 0x2C, 0x6F, 0x64, 0xDD, 0x4A, 0x53, 0x22, 0xAD,
    0xA5, 0x34, 0x44, 0xE2, 0xA9, 0x36, 0x0C, 0xFA, 0x33, 0x81, 0x83, 0x15, 0xE6, 0xB6, 0x1D, 0x90,
    0x2B, 0xAA, 0x57, 0x0F, 0x54, 0x33, 0xC0, 0xB7, 0xCF, 0xD7, 0x5D, 0x8B, 0x47, 0x84, 0x97, 0x56,
    0x53, 0x35, 0xA6, 0x83, 0xE9, 0x84, 0xBF, 0xF3, 0x86, 0x16, 0xFC, 0x84, 0x37, 0x2D, 0xD7, 0xA8,
    0xCE, 0xB4, 0x3C, 0x8B, 0xDF, 0xDD, 0x69, 0xB6, 0xF5, 0xA3, 0x69, 0x67, 0x7A, 0x96, 0x73, 0x2A,
    0x15, 0xD5, 0xC5, 0xCC, 0x53, 0x16, 0xDF, 0x9D, 0xD2, 0x98, 0x7F, 0x42, 0x53, 0xD4, 0xD6, 0xF2,
    0x78, 0xCB, 0x59, 0x0A, 0x08, 0x90, 0xF5, 0xE0, 0x46, 0x3B, 0xF3, 0xB8, 0x36, 0x13, 0xA4, 0x13,
    0x10, 0x30, 0x7B, 0xEB, 0xB4, 0x6D, 0xDA, 0x8F, 0xD5, 0xB4, 0xB7, 0x15, 0x5A, 0x09, 0x1B, 0xFA,
    0x0D, 0xAD, 0x9D, 0xF1, 0x7E, 0x0C, 0x5F, 0x37, 0x2E, 0xE3, 0xDE, 0x31, 0xBB, 0x05, 0x90, 0x09,
    0xD3, 0xC6, 0xB4, 0x03, 0x68, 0x4D, 0xEB, 0x00, 0x24, 0x02, 0xC8, 0x66, 0x80, 0xB3, 0x82, 0x75,
    0xFD, 0xBD, 0x6A, 0xA8, 0x26, 0x0D, 0xD5, 0x3D, 0xF5, 0x95, 0xD4, 0xD9, 0xD0, 0x17, 0x4D, 0x25,
    0xA8, 0x96, 0xFD, 0x98, 0xBF, 0x7E, 0x00, 0x5C, 0x3D, 0x85, 0x6A, 0x02, 0xBF, 0xFF, 0x5C, 0xBE,
    0x60, 0xBF, 0xAE, 0x1C, 0xC1, 0x37, 0xF0, 0x2C, 0x40, 0xE0, 0x08, 0x92, 0x3B, 0xE9, 0x04, 0xA9,
    0x6E, 0x2F, 0x40, 0xAD, 0x01, 0xAC, 0x80, 0x41, 0xBA, 0x5C, 0xDA, 0x5B, 0xF6, 0x2D, 0x9E, 0xC7,
    0x77, 0x75, 0x53, 0xDD, 0x13, 0x85, 0x16, 0x12, 0x8D, 0x50, 0x77, 0xC0, 0xA3, 0xBD, 0x61, 0x07,
    0xFB, 0x2D, 0x50, 0xCC, 0x40, 0x1D, 0x31, 0x6A, 0x85, 0x54, 0x0D, 0xF0, 0x29, 0x7B, 0xB3, 0x52,
    0x52, 0x49, 0x0D, 0x92, 0xC6, 0x4C, 0xD2, 0x92, 0x47, 0x71, 0x6A, 0xAA, 0xD1, 0x6D, 0x64, 0x9D,
    0xDB, 0x00, 0xA7, 0x26, 0xCA, 0xDD, 0x40, 0x2E, 0xDD, 0x21, 0x35, 0x94, 0xAD, 0x34, 0xF2, 0x92,
    0xB4, 0xC0, 0x4D, 0xAD, 0x40, 0xBB, 0xA5, 0x0D, 0xA5, 0xF2, 0x01, 0xA7, 0x72, 0xC1, 0x6D, 0x5E,
    0x9F, 0xB5, 0x6B, 0x15, 0xF3, 0x15, 0x31, 0x7D, 0xB2, 0x2F, 0x6D, 0x2B, 0x70, 0x8D, 0xBD, 0xFD,
    0x0A, 0xD2, 0x15, 0x9C, 0x88, 0x98, 0x68, 0x7B, 0x78, 0x0D, 0x38, 0x02, 0xB3, 0x6A, 0x0B, 0xA9,
    0x34, 0x16, 0xB2, 0xB2, 0xB3, 0x54, 0x73, 0x3E, 0xFA, 0x89, 0x50, 0x59, 0xCD, 0x9F, 0x29, 0xA4,
    0x3E, 0x95, 0x66, 0x2A, 0xAD, 0x50, 0x6F, 0x50, 0x6C, 0x79, 0x5F, 0x6C, 0xD5, 0xF6, 0xC1, 0xEA,
    0xA5, 0xD9, 0x49, 0x43, 0x22, 0x05, 0x92, 0x63, 0xE0, 0x7A, 0x00, 0x63, 0x68, 0x28, 0xCA, 0x18,
    0xAF, 0xFA, 0xBA, 0xE1, 0x39, 0xAE, 0x5E, 0x06, 0x1E, 0xC5, 0x04, 0xD5, 0x0A, 0x52, 0xC8, 0xA4,
    0xC1, 0xCD, 0xE5, 0x94, 0x75, 0xC9, 0x00, 0x8F, 0x9C, 0xC5, 0x53, 0xDC, 0xA8, 0x0F, 0x87, 0x5A,
    0xA2, 0x11, 0x28, 0x67, 0x20, 0x5B, 0x80, 0x9B, 0x33, 0x24, 0x16, 0x53, 0x80, 0x47, 0xBE, 0xE9,
    0xA2, 0x07, 0xD7, 0x43, 0xB5, 0xC0, 0x55, 0x01, 0x82, 0x97, 0x04, 0x7E, 0x01, 0xBF, 0x67, 0x7C,
    0x85, 0x04, 0xCA, 0xA6, 0x0A, 0x54, 0x9B, 0x1A, 0x72, 0x6D, 0x90, 0x68, 0x02, 0x7C, 0x77, 0x09,
    0x2E, 0x48, 0xDA, 0x24, 0x7D, 0x31, 0x15, 0x63, 0xA6, 0x76, 0xC0, 0x8A, 0xD9, 0x0A, 0x6E, 0xE2,
    0x71, 0x5C, 0x90, 0x93, 0x68, 0x7A, 0x80, 0xED, 0xDE, 0xD7, 0xE7, 0x3B, 0x32, 0x35, 0x3C, 0x1E,
    0x61, 0x06, 0xD2, 0x28, 0xF6, 0x32, 0xA9, 0x7B, 0xA0, 0xEA, 0x23, 0xF9, 0x1E, 0x0A, 0x35, 0x90,
    0xDF, 0xE1, 0x82, 0xA9, 0xE3, 0xE2, 0x78, 0x45, 0x77, 0x43, 0x2D, 0x35, 0x17, 0x47, 0x8C, 0x7F,
    0xE3, 0xF1, 0x2A, 0xB0, 0x42, 0xA2, 0x1E, 0x6E, 0x8E, 0xE0, 0x46, 0x92, 0x7A, 0x24, 0x53, 0x4F,
    0xB6, 0x81, 0xD9, 0x11, 0x57, 0xE0, 0x9D, 0xE4, 0x43, 0xD0, 0xED, 0x0D, 0x2A, 0x4D, 0x90, 0xAB,
    0x07, 0x84, 0xD9, 0x53, 0xE4, 0x68, 0x96, 0xAE, 0x40, 0xAE, 0x10, 0xA5, 0x39, 0x54, 0xFF, 0x3A,
    0x00, 0x2D, 0xE8, 0x8F, 0x2B, 0xE8, 0xA3, 0x01, 0xD4, 0x61, 0x62, 0xF4, 0x30, 0x64, 0xF7, 0x89,
    0xBD, 0xFB, 0xF0, 0xF2, 0x50, 0x20, 0x7E, 0xA1, 0xBF, 0x43, 0xAD, 0xF5, 0xA2, 0x7C, 0x47, 0x7F,
    0x79, 0x08, 0x10, 0xDF, 0xE0, 0x8E, 0xBC, 0xA8, 0xCF, 0xF0, 0xD2, 0xD9, 0xB8, 0xAE, 0xCF, 0xFF,
    0xF7, 0x1D, 0x21, 0x3C, 0x13, 0xA0, 0xD8, 0xCA, 0x0E, 0xBC, 0x62, 0xA4, 0x96, 0x02, 0xB4, 0x2F,
    0x6D, 0xC0, 0x35, 0x8E, 0x01, 0x88, 0xEE, 0x31, 0xC9, 0x09, 0x7E, 0x26, 0x53, 0xF3, 0x58, 0x74,
    0x31, 0x5D, 0x29, 0x14, 0xAA, 0xF8, 0x83, 0x93, 0xB4, 0x61, 0xB5, 0x89, 0x54, 0xD2, 0xC8, 0xFE,
    0x20, 0x73, 0xCD, 0x1C, 0xEC, 0x05, 0x00, 0xFD, 0x7E, 0x26, 0xD5, 0xBD, 0x98, 0x47, 0x23, 0xF9,
    0xA8, 0x81, 0xE4, 0xF8, 0x7A, 0xE0, 0xDC, 0x76, 0xA7, 0xC9, 0xAE, 0xD1, 0x90, 0xA8, 0x7B, 0x08,
    0x19, 0x33, 0x75, 0xED, 0x52, 0xA8, 0xAB, 0x25, 0x75, 0x3E, 0x8A, 0xD3, 0xAA, 0x2E, 0xD5, 0xA0,
    0x8E, 0x6B, 0x00, 0x2F, 0xEF, 0x76, 0xC1, 0x00, 0x36, 0x98, 0x5A, 0xA4, 0x01, 0xE0, 0x72, 0x03,
    0x4C, 0x76, 0xBB, 0x77, 0xC9, 0xA4, 0xE9, 0x82, 0x00, 0x3C, 0x41, 0x76, 0x2F, 0x86, 0x1F, 0x80,
    0xFD, 0x53, 0x09, 0xD5, 0x3D, 0x01, 0x4E, 0x2B, 0x90, 0x69, 0x02, 0xF8, 0x65, 0x73, 0xC9, 0x09,
    0x1E, 0x27, 0xC7, 0x64, 0x73, 0x3E, 0x91, 0x6D, 0x6F, 0x8E, 0x24, 0xFB, 0x5E, 0x43, 0x07, 0xE5,
    0xFA, 0x24, 0x31, 0xF2, 0xA3, 0x00, 0x24, 0x1A, 0x0D, 0xDD, 0x0C, 0x14, 0xFF, 0x5C, 0xA2, 0xF6,
    0x51, 0xF3, 0xE8, 0xC7, 0x78, 0xC4, 0xA8, 0x4F, 0x22, 0xC6, 0xEF, 0x5E, 0x2A, 0x8C, 0xA4, 0xEF,
    0x01, 0x6E, 0x03, 0xBC, 0x02, 0xBC, 0x56, 0x36, 0xF0, 0x8E, 0x6B, 0xC0, 0xB7, 0x01, 0x4A, 0x01,
    0xF9, 0xFC, 0x44, 0x81, 0x62, 0xF6, 0x7D, 0x7E, 0x0C, 0x7C, 0xC8, 0x02, 0x99, 0xF2, 0x0D, 0x9C,
    0xCA, 0x0D, 0xFC, 0x54, 0x4F, 0x50, 0x36, 0xBE, 0x81, 0xE7, 0x78, 0xF6, 0xD2, 0x97, 0xC9, 0x23,
    0x78, 0x95, 0x19, 0xF4, 0xEB, 0x2D, 0x36, 0xEE, 0x36, 0x8A, 0xB5, 0x9A, 0x28, 0xC7, 0xB6, 0xA3,
    0x6C, 0x5E, 0x83, 0x84, 0x2B, 0x4F, 0x80, 0xEB, 0x65, 0x23, 0xB4, 0x02, 0x14, 0x23, 0x80, 0xEB,
    0x01, 0xAA, 0xCE, 0xF4, 0x0B, 0x80, 0x52, 0x1D, 0xE0, 0xD4, 0x00, 0xE9, 0xCA, 0xE3, 0xC5, 0xF3,
    0x49, 0xC4, 0x63, 0x17, 0xBC, 0xEC, 0x0F, 0xCF, 0xE1, 0xFF, 0x01, 0x54, 0xEA, 0xC0, 0x29, 0x5C,
    0x7C, 0x06, 0xD2, 0x77, 0x31, 0x3B, 0xAF, 0x31, 0xAD, 0x1A, 0x00, 0xEC, 0x2B, 0xD0, 0x9C, 0xB9,
    0x30, 0x07, 0x1A, 0x4E, 0xB9, 0x60, 0x27, 0xC7, 0xD8, 0x14, 0xDA, 0x11, 0x0E, 0x2D, 0x55, 0x73,
    0x82, 0x9F, 0x49, 0x6E, 0x50, 0x88, 0x6A, 0xC1, 0x2D, 0x38, 0xC5, 0xFC, 0xE5, 0x86, 0x5B, 0x71,
    0x1B, 0x95, 0x28, 0x2D, 0xE8, 0x15, 0xAA, 0x85, 0x42, 0xD4, 0x7B, 0xE8, 0x21, 0x6E, 0x66, 0x8A,
    0xA9, 0xA4, 0xBE, 0x1E, 0x49, 0xF5, 0x07, 0xC9, 0xBE, 0x86, 0xF5, 0xB1, 0xFC, 0xA8, 0x1E, 0xF4,
    0xB7, 0xAD, 0xFA, 0x52, 0x1D, 0xB4, 0xF7, 0x96, 0x72, 0x8B, 0x4E, 0xAD, 0xC5, 0x49, 0x01, 0xBC,
    0xA6, 0x5C, 0x02, 0x7C, 0xE4, 0x23, 0xA0, 0x3A, 0xB4, 0xE6, 0x9C, 0xFA, 0x44, 0xAB, 0x39, 0x1D,
    0x5A, 0x80, 0x42, 0x0D, 0xF5, 0x0C, 0xE4, 0x02, 0x3F, 0x01, 0x99, 0xA0, 0x1A, 0x01, 0xD8, 0xE0,
    0xBC, 0xE9, 0x53, 0x6A, 0x04, 0xFB, 0x35, 0x00, 0xFA, 0xA9, 0x00, 0xDE, 0xE6, 0x87, 0xDC, 0x67,
    0x6F, 0x45, 0x96, 0xCF, 0xDF, 0xB2, 0x5C, 0xD5, 0xE2, 0x67, 0x5E, 0xC0, 0xCF, 0xD5, 0xC2, 0x86,
    0x9F, 0xDC, 0x92, 0x88, 0x7A, 0x74, 0x5B, 0xEC, 0x3F, 0x0F, 0x85, 0x72, 0x75, 0xEA, 0x33, 0x15,
    0xFA, 0xB3, 0xBA, 0x4C, 0x3F, 0xD7, 0xBF, 0xD4, 0xA4, 0xFA, 0xE0, 0xF6, 0x7F, 0x14, 0x90, 0xFE,
    0x24, 0x81, 0xF4, 0x91, 0x36, 0x68, 0xF5, 0x33, 0x2D, 0xE0, 0x95, 0xD8, 0xB4, 0xA1, 0x19, 0x2A,
    0x6B, 0xB4, 0x46, 0x88, 0x7E, 0x04, 0x37, 0xE1, 0x87, 0xF3, 0xB3, 0x2C, 0xD7, 0xF3, 0x73, 0xB4,
    0x53, 0x3C, 0x3F, 0xC3, 0xA4, 0xA1, 0xE1, 0x60, 0xD7, 0x62, 0xBB, 0xF2, 0x84, 0x4A, 0x50, 0x6D,
    0x76, 0x31, 0xEC, 0xC6, 0x77, 0x68, 0x22, 0xD5, 0x98, 0x68, 0x00, 0xCD, 0xC6, 0xC0, 0xAF, 0x85,
    0xAC, 0x76, 0x96, 0x9B, 0x91, 0x6B, 0x17, 0x2C, 0xF5, 0x04, 0xFB, 0xEF, 0x29, 0x68, 0xD5, 0x71,
    0xA8, 0xB9, 0xE0, 0x84, 0x4D, 0xDB, 0xA3, 0x98, 0xDA, 0x00, 0xA4, 0xEA, 0x81, 0x42, 0x33, 0xE0,
    0xB5, 0x01, 0x6A, 0x14, 0xE0, 0x27, 0x7C, 0xEF, 0x2B, 0xC7, 0x70, 0x75, 0x47, 0x3D, 0xDB, 0x05,
    0x5B, 0x28, 0xB7, 0xF8, 0x53, 0x2D, 0xF6, 0x72, 0x26, 0x57, 0xA8, 0xA7, 0xB8, 0xCD, 0x76, 0x24,
    0x8D, 0x87, 0x00, 0xF6, 0x27, 0x43, 0xFB, 0x6F, 0x35, 0xE0, 0xEF, 0x09, 0xA8, 0xF6, 0x77, 0x66,
    0x35, 0x5D, 0x80, 0x5C, 0x76, 0x43, 0x0C, 0xA6, 0x91, 0x01, 0x75, 0xE6, 0x77, 0x16, 0x0F, 0xA6,
    0x00, 0xC5, 0x06, 0xE0, 0x16, 0x80, 0xD2, 0xD4, 0x4F, 0x00, 0x2F, 0xDB, 0xE9, 0xA4, 0x43, 0x3A,
    0xD8, 0xDB, 0xB6, 0xA0, 0x5C, 0xCB, 0x75, 0x3F, 0x9D, 0x07, 0x73, 0x5B, 0xF2, 0x7F, 0x77, 0x48,
    0x66, 0x79, 0x03, 0xD4, 0x1D, 0xE4, 0x1A, 0xA0, 0x8A, 0x52, 0xDE, 0x39, 0x6F, 0x77, 0x5B, 0x1B,
    0xF2, 0xE4, 0xD8, 0x4B, 0x9A, 0x1E, 0x20, 0x03, 0x14, 0xEA, 0xA0, 0x14, 0xE0, 0x57, 0x40, 0x33,
    0x71, 0x9B, 0x90, 0x9F, 0x15, 0x2F, 0xBF, 0x01, 0xED, 0x02, 0x49, 0x8C, 0x67, 0xEA, 0xF7, 0x95,
    0xB5, 0x12, 0x50, 0x4B, 0x5A, 0xF4, 0x00, 0x81, 0x23, 0xE0, 0xED, 0xF3, 0x0E, 0x5B, 0xBD, 0x82,
    0x2E, 0x76, 0xD8, 0xEC, 0x3F, 0xED, 0x5B, 0xB5, 0xB4, 0xEE, 0xC7, 0xF2, 0xF2, 0x4E, 0x33, 0xC8,
    0xEE, 0x09, 0x91, 0xAD, 0x7D, 0x5D, 0x2F, 0xFB, 0x50, 0x4F, 0xAE, 0x80, 0xD3, 0xC9, 0x0D, 0x2F,
    0x6D, 0xF5, 0x85, 0x01, 0xB7, 0x80, 0x5C, 0x60, 0x9F, 0xC2, 0xC4, 0x5E, 0x26, 0xBF, 0x7B, 0xDA,
    0x18, 0x92, 0x53, 0x28, 0x67, 0xDB, 0x86, 0xA5, 0xAE, 0x16, 0x38, 0x94, 0x77, 0x1E, 0x31, 0x86,
    0x23, 0x8E, 0x60, 0x4D, 0x67, 0x12, 0xEB, 0x4C, 0x7B, 0x8D, 0xFB, 0x67, 0x4C, 0xD7, 0xA7, 0x8C,
    0x21, 0x6D, 0x92, 0xCE, 0x4D, 0x6E, 0xCC, 0xD5, 0x0E, 0x48, 0x61, 0xDF, 0x3E, 0x7A, 0xE4, 0x08,
    0xFE, 0x0B, 0xED, 0x59, 0x01, 0xA4, 0x25, 0x57, 0x78, 0xFE, 0x66, 0x66, 0xF7, 0x4D, 0x9A, 0x91,
    0x4C, 0x90, 0xAD, 0x7A, 0xDB, 0x74, 0x8A, 0x22, 0xDD, 0xA4, 0x06, 0x8A, 0x16, 0xC9, 0x4C, 0x0A,
    0x41, 0xD1, 0xC5, 0xBE, 0x04, 0x8B, 0x05, 0x48, 0x17, 0xDD, 0x22, 0x28, 0x5A, 0x33, 0x55, 0x14,
    0xE0, 0x51, 0x29, 0x14, 0x5D, 0x3C, 0x6C, 0x6E, 0xB4, 0x5B, 0x14, 0x41, 0xE4, 0x4C, 0x14, 0x00,
    0x6E, 0x5B, 0x04, 0x90, 0x29, 0x1B, 0xA9, 0x14, 0x3B, 0x65, 0xD2, 0xCE, 0x7B, 0x7B, 0x66, 0xBE,
    0xCE, 0xFF, 0x9F, 0x39, 0xF7, 0x8E, 0xB7, 0xAB, 0xDB, 0x24, 0x9B, 0xD7, 0x6C, 0xF5, 0x30, 0xDF,
    0xFF, 0xDD, 0x79, 0x77, 0xCE, 0x3D, 0xF3, 0x9D, 0xFF, 0xFC, 0xFF, 0xF9, 0xCF, 0x83, 0xB4, 0xDB,
    0xA5, 0x1A, 0x53, 0xAB, 0x61, 0xE9, 0x0C, 0x80, 0x37, 0xCE, 0xDE, 0x25, 0x10, 0x93, 0x1C, 0x81,
    0x82, 0x64, 0x0F, 0x90, 0xE4, 0x16, 0x91, 0x98, 0x0E, 0x09, 0xA7, 0x3B, 0x1C, 0x90, 0xB2, 0x01,
    0x47, 0xE4, 0x04, 0x8A, 0x09, 0x85, 0x05, 0x52, 0xA2, 0x1A, 0x80, 0x84, 0x65, 0xD5, 0x4B, 0x0F,
    0xA5, 0x99, 0x4D, 0xC4, 0xDA, 0x74, 0x6A, 0xDC, 0xCD, 0x7A, 0xF9, 0x8A, 0x7B, 0x40, 0x1E, 0x45,
    0x46, 0x64, 0x2C, 0x51, 0x4D, 0x48, 0xD9, 0x1F, 0xD0, 0xEA, 0x8F, 0xB3, 0x47, 0x20, 0xA6, 0x05,
    0x2A, 0x92, 0x35, 0x90, 0xEA, 0x88, 0x10, 0x18, 0x1E, 0x43, 0xEC, 0x75, 0xB8, 0xF6, 0xB1, 0x7C,
    0x20, 0x80, 0x70, 0x02, 0x10, 0x8D, 0x48, 0x78, 0xDF, 0xC2, 0x90, 0x9D, 0x0C, 0xB8, 0x49, 0x65,
    0xEC, 0x39, 0x3F, 0x61, 0x57, 0x58, 0x98, 0xC1, 0x74, 0x28, 0xEC, 0x0C, 0x99, 0x65, 0x8B, 0x74,
    0x07, 0x99, 0xDC, 0xCB, 0x6D, 0x65, 0x51, 0x0D, 0x05, 0xDF, 0x63, 0x27, 0x8F, 0xB5, 0x32, 0x90,
    0x3A, 0x20, 0x75, 0x90, 0x2D, 0x80, 0x1B, 0x80, 0x53, 0x0F, 0xE7, 0x65, 0x03, 0x42, 0xE2, 0xCA,
    0x75, 0x04, 0x37, 0x47, 0x14, 0x03, 0x22, 0x5A, 0x67, 0x5A, 0x67, 0xEA, 0x9F, 0xC6, 0x58, 0x67,
    0x46, 0x51, 0x14, 0x39, 0xCB, 0x9C, 0xAA, 0x13, 0x27, 0x37, 0x83, 0x16, 0x08, 0x75, 0xCE, 0x54,
    0xC4, 0x1A, 0x72, 0x77, 0x80, 0x6F, 0xAB, 0x37, 0xE1, 0x1E, 0x23, 0x62, 0x73, 0x1C, 0x98, 0x11,
    0x6C, 0x03, 0xF6, 0x8A, 0xCD, 0x0F, 0xC5, 0x2E, 0x9A, 0xD1, 0xD8, 0x64, 0xC6, 0x8A, 0x9C, 0xB1,
    0x50, 0x4C, 0x39, 0xCE, 0x18, 0xB2, 0x9D, 0x11, 0x57, 0xB0, 0x6F, 0xAF, 0xE0, 0x15, 0x4F, 0x3F,
    0x0F, 0xAC, 0xA7, 0x7C, 0x38, 0x7A, 0x5A, 0xB0, 0xF3, 0x54, 0x3A, 0x5D, 0x5A, 0x30, 0x61, 0xDD,
    0xAE, 0x1C, 0x1D, 0x39, 0x3C, 0xBA, 0x5E, 0xEC, 0xBC, 0x78, 0x10, 0xD8, 0x3A, 0xAA, 0xB0, 0xA7,
    0xD3, 0x42, 0xA7, 0x0D, 0x59, 0x0A, 0xED, 0x8A, 0x01, 0x99, 0x74, 0x1F, 0xB3, 0x51, 0xA5, 0xB7,
    0xA2, 0x6A, 0x39, 0xD3, 0x80, 0xAD, 0x73, 0xF7, 0x01, 0x60, 0x07, 0x18, 0xAB, 0xD4, 0x74, 0x08,
    0xD8, 0x29, 0xAD, 0x7A, 0xF9, 0xBE, 0xA7, 0x29, 0x6B, 0xFF, 0x85, 0x9C, 0xF0, 0xB4, 0xB2, 0xF0,
    0x3D, 0xB0, 0x17, 0x2A, 0x5A, 0x44, 0x6C, 0x95, 0xC6, 0xDC, 0x26, 0x6C, 0x94, 0xDE, 0x61, 0x93,
    0x11, 0x6E, 0xFC, 0x54, 0xB4, 0x02, 0x23, 0x8C, 0xA7, 0x3D, 0xE8, 0x69, 0xBD, 0xA3, 0x0F, 0xE0,
    0x28, 0x5C, 0xDB, 0xE2, 0xEE, 0xC2, 0x22, 0x1B, 0xDB, 0x45, 0x9D, 0x90, 0xA6, 0x87, 0x53, 0x07,
    0xD5, 0x32, 0x31, 0x5B, 0x5D, 0x8A, 0x4A, 0x07, 0x20, 0xB6, 0x8E, 0x2E, 0xDA, 0x3A, 0x75, 0x94,
    0x3A, 0x75, 0x0E, 0x37, 0x9B, 0x0D, 0x9C, 0x3A, 0x39, 0x49, 0x38, 0x75, 0x3C, 0x05, 0xBB, 0x1D,
    0x35, 0xDD, 0xE1, 0xC6, 0x8C, 0x5E, 0x12, 0x54, 0xC3, 0x8E, 0xB2, 0xF5, 0x92, 0x44, 0x6C, 0x3C,
    0x4D, 0xB8, 0x53, 0x27, 0x1B, 0xBD, 0x3A, 0x62, 0x16, 0x75, 0xC0, 0xCE, 0xAB, 0x13, 0xB2, 0xF1,
    0xEA, 0x24, 0xFC, 0xE8, 0x48, 0xE9, 0x88, 0x8C, 0x64, 0xE9, 0xD4, 0xC9, 0x3D, 0xAD, 0x3D, 0x15,
    0x75, 0x94, 0x42, 0xDB, 0x6F, 0xE2, 0x4D, 0x31, 0x87, 0x27, 0xE0, 0x3B, 0x14, 0x96, 0x0F, 0xA8,
    0xD4, 0xDF, 0x84, 0x65, 0xEC, 0x1D, 0x13, 0x4F, 0x58, 0x18, 0x08, 0xCF, 0xB0, 0x67, 0x6A, 0xF3,
    0xE1, 0x60, 0x16, 0x45, 0x02, 0xC6, 0xFD, 0x21, 0x21, 0xD9, 0x08, 0x38, 0x96, 0xED, 0x58, 0xC1,
    0x9B, 0x9C, 0xBF, 0x77, 0x9F, 0x65, 0x35, 0x40, 0x84, 0x4E, 0x27, 0x18, 0xE7, 0x3B, 0x12, 0xA0,
    0x76, 0x8A, 0x70, 0x2B, 0x3D, 0x87, 0xB3, 0x71, 0x2C, 0x66, 0x0D, 0xB6, 0xC2, 0x52, 0x62, 0x79,
    0xA2, 0xB0, 0xAA, 0xA3, 0x19, 0x60, 0xC4, 0x8F, 0xA6, 0x90, 0x43, 0xC0, 0xEF, 0x8E, 0x4A, 0xFD,
    0xB5, 0x48, 0xA6, 0x34, 0x15, 0x96, 0x08, 0x8B, 0xC8, 0x87, 0x8E, 0xA1, 0x9A, 0xB2, 0x85, 0x05,
    0xA5, 0x5F, 0x33, 0xD7, 0x15, 0x65, 0xC9, 0x0C, 0x70, 0x2E, 0xD7, 0xFD, 0x4F, 0xD8, 0x35, 0x33,
    0xDD, 0x75, 0x0C, 0xB3, 0xB9, 0x30, 0xF6, 0xD2, 0x8E, 0x15, 0xA5, 0x73, 0x64, 0x36, 0x24, 0xBB,
    0xF3, 0xAC, 0xDA, 0x05, 0x9D, 0x8C, 0x2C, 0x1D, 0x0B, 0xF7, 0x21, 0xF0, 0xB2, 0x27, 0x07, 0xC7,
    0xBE, 0x7B, 0x69, 0x95, 0x55, 0x39, 0x2A, 0xEB, 0x7E, 0x61, 0x50, 0x93, 0x1C, 0xAB, 0x01, 0x9E,
    0x60, 0xAE, 0x9D, 0xA8, 0x29, 0xFA, 0x67, 0x6A, 0x74, 0xB4, 0xFF, 0xBD, 0x81, 0xB4, 0xC5, 0x98,
    0x4E, 0xDF, 0x84, 0x6A, 0x72, 0x4D, 0x57, 0x9A, 0xA4, 0xA1, 0xF9, 0x56, 0x4C, 0xF4, 0x00, 0x40,
    0x70, 0x4F, 0x6F, 0xE0, 0xF6, 0x71, 0xCA, 0xD2, 0xB4, 0x0A, 0x09, 0x61, 0xDA, 0xE0, 0xD3, 0x19,
    0x00, 0xAC, 0xE1, 0x60, 0x33, 0x43, 0x32, 0x3D, 0x73, 0x00, 0xD2, 0x1D, 0x54, 0x23, 0x10, 0xD3,
    0x02, 0x11, 0x07, 0xB8, 0x08, 0x8B, 0x49, 0x3D, 0x52, 0xAF, 0x39, 0x8C, 0x97, 0xCB, 0x92, 0x08,
    0xF5, 0xA5, 0xC7, 0x15, 0xE7, 0x9A, 0x37, 0x2B, 0xDE, 0x0A, 0x0F, 0x36, 0xFC, 0xB6, 0x2E, 0xD8,
    0x0B, 0x47, 0xA0, 0x9E, 0x60, 0x57, 0x7C, 0x5A, 0x71, 0x96, 0x3B, 0xFE, 0x9F, 0x6C, 0x2A, 0xCF,
    0xFF, 0x9D, 0xDD, 0x8E, 0xF7, 0x66, 0xD8, 0xF3, 0x62, 0xDC, 0xF3, 0x94, 0x7B, 0x1E, 0x93, 0x3B,
    0x1E, 0xAE, 0x38, 0x84, 0xFF, 0x61, 0xE8, 0x78, 0xC5, 0x2E, 0xB0, 0xB1, 0xE3, 0xB9, 0xDB, 0xA6,
    0x28, 0x4F, 0xD9, 0x25, 0x24, 0x4B, 0xE1, 0x91, 0xDE, 0x9F, 0x20, 0x5C, 0x72, 0x0B, 0x39, 0x28,
    0x97, 0x31, 0x67, 0xDC, 0x62, 0xD7, 0x6E, 0xEC, 0xE9, 0x35, 0x45, 0xFD, 0x49, 0x47, 0x42, 0x6E,
    0x9D, 0x8C, 0x11, 0x5B, 0xA7, 0x61, 0xB0, 0x13, 0xF0, 0x0F, 0xB0, 0xA8, 0x07, 0x38, 0xE9, 0x94,
    0xB4, 0x9E, 0x88, 0x68, 0xC1, 0xA6, 0x56, 0xC5, 0xF4, 0x29, 0x4E, 0x9E, 0xB0, 0x54, 0xA2, 0x42,
    0x09, 0x11, 0x95, 0x94, 0xA8, 0x44, 0x4A, 0x54, 0x1F, 0x25, 0x29, 0x1D, 0x51, 0x65, 0x94, 0x84,
    0x9E, 0x60, 0x47, 0x2A, 0x4F, 0x72, 0x4F, 0x52, 0x4F, 0x22, 0x4F, 0x02, 0x4F, 0x74, 0x18, 0xFE,
    0x05, 0x3D, 0x89, 0x3C, 0xC9, 0x58, 0x3B, 0xB2, 0x0B, 0xF1, 0x66, 0x02, 0xD6, 0x2B, 0x16, 0xC8,
    0x8F, 0x9D, 0x0D, 0x4F, 0xD4, 0xA4, 0xE3, 0xF2, 0xA4, 0x37, 0xAB, 0x9B, 0xE1, 0x03, 0x3C, 0xA9,
    0xDD, 0x3E, 0x36, 0x2D, 0x5E, 0xBC, 0x67, 0xBE, 0xE4, 0x88, 0xD4, 0x1A, 0x92, 0x8B, 0x29, 0x67,
    0x33, 0xDD, 0x62, 0x33, 0x9B, 0x3E, 0x52, 0xD3, 0x05, 0x6A, 0xDA, 0x67, 0x68, 0xDC, 0x38, 0x9D,
    0xC9, 0xD5, 0x04, 0x46, 0x4D, 0xCA, 0x41, 0x4C, 0xCC, 0x6E, 0xA5, 0x49, 0x70, 0x0A, 0xA0, 0x44,
    0x29, 0x77, 0xFA, 0xB8, 0x13, 0x43, 0xD3, 0x3B, 0x89, 0x5C, 0x52, 0x23, 0xF4, 0xA9, 0x01, 0xAB,
    0x76, 0xF9, 0xC6, 0x5A, 0x86, 0x7C, 0x52, 0x53, 0x50, 0x4D, 0xE5, 0x34, 0x36, 0xEE, 0x71, 0xAA,
    0x37, 0x86, 0x64, 0xAB, 0x5D, 0x57, 0x9D, 0x8E, 0x40, 0x83, 0x52, 0x32, 0xE9, 0xF0, 0x52, 0xAB,
    0xDD, 0x64, 0x56, 0xD7, 0xBB, 0xB8, 0x82, 0x74, 0xD2, 0x45, 0x2C, 0x01, 0x73, 0xF6, 0x89, 0x74,
    0x43, 0x5D, 0x03, 0x6E, 0xC7, 0xEF, 0x0B, 0x8D, 0x98, 0x9B, 0x8D, 0xE9, 0x91, 0x50, 0x33, 0xA3,
    0x3C, 0x9B, 0x5B, 0x7D, 0xED, 0x74, 0x57, 0x6F, 0xE0, 0xB7, 0x24, 0x7F, 0x6B, 0xEA, 0xAE, 0xFE,
    0x6D, 0x84, 0x4B, 0xD8, 0x91, 0x0E, 0x88, 0x58, 0xB7, 0x7C, 0x38, 0x3C, 0x09, 0xC9, 0x3B, 0x83,
    0xA6, 0xE4, 0x4C, 0xA0, 0xE0, 0x5F, 0x71, 0xD0, 0x1C, 0xAC, 0xC9, 0x94, 0xAD, 0xC0, 0x16, 0xB9,
    0x82, 0x7E, 0x74, 0x7F, 0xD0, 0x04, 0x5B, 0x4C, 0xEF, 0x2E, 0x8F, 0xA5, 0x4B, 0x6E, 0x35, 0x03,
    0xAA, 0xB1, 0x18, 0x34, 0x85, 0x06, 0x08, 0x90, 0x6E, 0xF3, 0x3A, 0x9B, 0xD8, 0xC4, 0x9C, 0xA0,
    0x79, 0x3D, 0xDF, 0xC2, 0xE7, 0x54, 0x43, 0x76, 0xEB, 0xEB, 0x0A, 0xBF, 0xBB, 0xAE, 0x0B, 0xED,
    0x7B, 0x5E, 0x95, 0xEF, 0x63, 0x75, 0xBD, 0x84, 0x17, 0x51, 0x34, 0x55, 0x9D, 0x3F, 0xA2, 0x84,
    0x51, 0x0D, 0x16, 0xA8, 0x1A, 0xEC, 0xDA, 0xE6, 0x18, 0x60, 0xFB, 0xA3, 0xAF, 0xA7, 0xF8, 0xD0,
    0x74, 0xDE, 0x87, 0xB4, 0x94, 0x2C, 0xE5, 0x9E, 0x96, 0x90, 0x9A, 0x7B, 0xE1, 0x27, 0xFA, 0xE7,
    0x58, 0x4A, 0x7E, 0x88, 0xD7, 0x11, 0x4C, 0xC1, 0x04, 0x98, 0x87, 0x16, 0x12, 0x8A, 0x5C, 0x91,
    0x71, 0xBE, 0xBC, 0x48, 0xE4, 0x21, 0xC3, 0x51, 0x5F, 0xA2, 0x7C, 0xE6, 0xE5, 0xE5, 0x25, 0xDD,
    0x95, 0xE4, 0x75, 0x25, 0x9A, 0x3D, 0x62, 0x09, 0x24, 0x3A, 0xD8, 0xD0, 0x2D, 0xEA, 0xAA, 0x86,
    0x6B, 0x5A, 0x6C, 0x1E, 0x2D, 0x95, 0xE0, 0x4F, 0x82, 0x56, 0x51, 0x6B, 0x4B, 0x2D, 0x2D, 0x5D,
    0x65, 0xE9, 0x0A, 0x4B, 0x5F, 0x57, 0x6A, 0x59, 0xB9, 0xAE, 0x2A, 0x03, 0x29, 0x37, 0xE2, 0x21,
    0x1E, 0x10, 0x52, 0xBD, 0x56, 0x14, 0xCC, 0x79, 0xDE, 0x37, 0xA4, 0xC6, 0xDC, 0xD4, 0x5A, 0x26,
    0xFE, 0x00, 0x90, 0xBA, 0x52, 0xCB, 0xCA, 0x4A, 0xB3, 0xBD, 0x80, 0xD6, 0x94, 0xAE, 0xA4, 0xBC,
    0x02, 0x78, 0x6F, 0x0D, 0x87, 0xB8, 0xDB, 0xF9, 0xAA, 0xD1, 0xB8, 0x90, 0xF3, 0xBC, 0xA3, 0x1E,
    0x8A, 0x9B, 0x86, 0xE4, 0xE0, 0x2B, 0x03, 0x75, 0x96, 0x48, 0x31, 0xE1, 0xE9, 0x81, 0x74, 0xDE,
    0x20, 0xD7, 0x27, 0x2F, 0xA9, 0x7B, 0x02, 0x95, 0xC3, 0x5E, 0xD0, 0x48, 0x02, 0x9B, 0x1C, 0x56,
    0x0E, 0x07, 0xC1, 0xC2, 0xE2, 0xCA, 0xAD, 0x49, 0xDC, 0x32, 0x1D, 0x25, 0x2D, 0xE5, 0x36, 0x95,
    0xFC, 0x3A, 0xC4, 0xE4, 0x7D, 0x76, 0xA1, 0x3B, 0x54, 0xD1, 0xA4, 0x81, 0x8C, 0x1C, 0xD5, 0x1F,
    0xB7, 0xDE, 0x1D, 0x5F, 0xC7, 0x2F, 0x03, 0x2C, 0x09, 0x54, 0x8F, 0xA4, 0x87, 0x55, 0x60, 0x2B,
    0xB1, 0x6A, 0xF9, 0xF8, 0xE2, 0xBD, 0x80, 0xFC, 0xCA, 0xEA, 0xB4, 0x64, 0x02, 0x12, 0xD8, 0xC4,
    0xD5, 0x8C, 0x55, 0x6F, 0x54, 0xF7, 0xE3, 0x16, 0xA9, 0xC2, 0xDA, 0x1B, 0x07, 0x54, 0x56, 0xBC,
    0xD1, 0xA6, 0x24, 0x5D, 0x07, 0x01, 0xF9, 0xD7, 0x16, 0x57, 0x87, 0xCC, 0xFA, 0xDC, 0x52, 0x0C,
    0xD1, 0x36, 0xA0, 0xA4, 0x6F, 0xE7, 0xB5, 0x8D, 0x40, 0x19, 0xA8, 0x5C, 0x07, 0x9B, 0xF2, 0xF9,
    0x58, 0xE6, 0x2D, 0xD4, 0x3A, 0xE5, 0x26, 0xAC, 0x0D, 0x3F, 0x74, 0xC6, 0x7D, 0x34, 0x4B, 0x72,
    0x6D, 0x81, 0x8B, 0x58, 0xF4, 0xBD, 0x5F, 0xD1, 0x66, 0x37, 0x22, 0x7E, 0x26, 0x30, 0x79, 0x1F,
    0xBB, 0x7A, 0x8C, 0xFF, 0x3F, 0xCF, 0x70, 0x54, 0x75, 0x70, 0xCD, 0xE9, 0xE0, 0x29, 0xB7, 0x7B,
    0x3A, 0x28, 0xFB, 0xBF, 0x7F, 0x72, 0xA1, 0x2D, 0x53, 0x0C, 0xA8, 0x26, 0x65, 0xBD, 0xDA, 0x9C,
    0x15, 0x6E, 0xE3, 0xFA, 0x1B, 0x8A, 0x38, 0xD0, 0x4F, 0x3E, 0x4B, 0x57, 0xAE, 0x8F, 0xCF, 0xF3,
    0x46, 0x8C, 0x4D, 0x9B, 0xD5, 0xA7, 0xC2, 0xFD, 0x2D, 0x1B, 0x9F, 0x8B, 0xED, 0x1F, 0x02, 0x5D,
    0x9C, 0xB5, 0xF4, 0xDB, 0x40, 0x95, 0x57, 0xA1, 0xDD, 0xC0, 0xE3, 0xAD, 0xFF, 0x06, 0x7E, 0xDF,
    0xEF, 0x87, 0x13, 0x19, 0x67, 0xFA, 0x0F, 0xDD, 0x02, 0x09, 0x3B, 0xBF, 0x51, 0x36, 0x17, 0xB7,
    0x61, 0x3C, 0xDF, 0x12, 0x4F, 0x4C, 0x7D, 0xEE, 0x70, 0xB3, 0x50, 0x75, 0xD7, 0xE7, 0x4D, 0x2F,
    0xE3, 0x5C, 0x93, 0xC0, 0x70, 0x43, 0x88, 0xAE, 0x22, 0xF5, 0x87, 0x85, 0x44, 0x9E, 0x24, 0x9E,
    0x64, 0xA4, 0xFB, 0x72, 0x41, 0x42, 0x1B, 0x1F, 0x39, 0x12, 0xF0, 0x4B, 0x47, 0x22, 0xFE, 0xB9,
    0xF7, 0xA7, 0xD8, 0x2D, 0xAD, 0x7C, 0x5C, 0x48, 0x35, 0x2C, 0x84, 0x9D, 0x12, 0x71, 0xEF, 0x64,
    0xEE, 0xB0, 0x74, 0xF1, 0x57, 0x1F, 0xF2, 0xA4, 0xF0, 0xA4, 0xF2, 0x44, 0x13, 0xC1, 0x66, 0x73,
    0x4F, 0xD4, 0xD6, 0x5C, 0x93, 0xB0, 0x76, 0x24, 0x23, 0x1C, 0x29, 0xEC, 0x42, 0xB0, 0x6B, 0xB1,
    0x0A, 0xE1, 0x37, 0xD3, 0xBE, 0xB0, 0xD1, 0x4F, 0xC9, 0xE8, 0x06, 0xDC, 0xAA, 0x09, 0xB0, 0x6A,
    0x77, 0xA6, 0xB2, 0x92, 0x05, 0xCE, 0x6F, 0xC8, 0x3A, 0xA3, 0xB4, 0xB6, 0x50, 0xD3, 0xA7, 0xA7,
    0x77, 0x78, 0x5A, 0xD9, 0xA8, 0x49, 0xD8, 0x48, 0x0F, 0x11, 0x11, 0x4D, 0xB8, 0x72, 0x93, 0x47,
    0xEF, 0x33, 0xA6, 0xB6, 0xDC, 0x99, 0x6A, 0x7A, 0x9F, 0xB3, 0xB6, 0xA6, 0x55, 0x4F, 0xE5, 0x56,
    0x7E, 0xF6, 0xBA, 0xBC, 0xF1, 0xF4, 0x7E, 0x67, 0x26, 0x51, 0x7B, 0xA8, 0x24, 0x95, 0x73, 0xCC,
    0x39, 0x25, 0xE4, 0x10, 0xF3, 0x01, 0x0C, 0x6B, 0xBC, 0xAA, 0x39, 0x7C, 0xDF, 0x7E, 0x65, 0xBD,
    0x4C, 0x33, 0xBF, 0x7A, 0xD6, 0xCB, 0xF4, 0xB7, 0x57, 0x47, 0xE0, 0x9A, 0x50, 0x9D, 0x10, 0xFF,
    0x61, 0x9D, 0x90, 0xDD, 0x93, 0xFF, 0x05, 0x93, 0xB1, 0x89, 0x5C, 0x42, 0x4D, 0xA8, 0x6B, 0x22,
    0xFB, 0x8A, 0x1A, 0xA4, 0x7E, 0x57, 0x13, 0xEA, 0x24, 0x09, 0xB5, 0x8B, 0x06, 0x4D, 0xA8, 0x49,
    0x27, 0xA6, 0xCF, 0x1A, 0x4D, 0xA8, 0x55, 0xA9, 0x09, 0x75, 0xD4, 0x84, 0xAA, 0x3D, 0x21, 0x63,
    0xF7, 0x78, 0x42, 0x0D, 0x57, 0x2B, 0xB2, 0xD6, 0xC9, 0x1D, 0x81, 0xF4, 0x0B, 0xDD, 0x37, 0x47,
    0xEB, 0x97, 0xF4, 0x13, 0x90, 0x0A, 0x54, 0x0D, 0x5C, 0x66, 0x91, 0x19, 0x46, 0xA6, 0xA7, 0x67,
    0xDB, 0xD5, 0x14, 0x95, 0x48, 0xF8, 0x17, 0xED, 0x93, 0xFF, 0x45, 0x13, 0xC9, 0xEA, 0x4A, 0x69,
    0x4D, 0x97, 0x7F, 0x65, 0xD9, 0x9A, 0xD4, 0xF2, 0x5F, 0xEC, 0x0C, 0xDF, 0xF4, 0x99, 0x35, 0x6C,
    0x73, 0x5B, 0xB1, 0x5E, 0xA7, 0xD3, 0x84, 0x6E, 0x86, 0x27, 0x14, 0xB7, 0xD8, 0xE2, 0xE5, 0xFD,
    0x79, 0xC8, 0x2F, 0xE1, 0xD7, 0xC4, 0xBC, 0x8D, 0xCF, 0xC4, 0xF0, 0x4F, 0xA9, 0x73, 0xF0, 0x8F,
    0x6C, 0xDC, 0xE1, 0x9A, 0xC6, 0xA9, 0x21, 0x11, 0x83, 0x2E, 0xD8, 0x3E, 0x77, 0xA5, 0x6F, 0x88,
    0x17, 0x66, 0x5B, 0xE7, 0x40, 0xB1, 0x95, 0xAC, 0xDC, 0x9B, 0x2D, 0x92, 0x31, 0x97, 0xCC, 0x1D,
    0x5B, 0x79, 0xED, 0x01, 0xB8, 0x84, 0x57, 0x2E, 0x28, 0x9C, 0x1D, 0x9C, 0x60, 0x95, 0x3D, 0xC8,
    0xC6, 0xE9, 0xA2, 0x95, 0xA2, 0x4D, 0x44, 0x90, 0xE0, 0x6E, 0x78, 0xFC, 0xDC, 0x89, 0x8C, 0xE0,
    0xF3, 0x52, 0x88, 0xE4, 0x6D, 0xDA, 0xE5, 0x90, 0xC1, 0x60, 0x02, 0x6E, 0xE3, 0xE3, 0x8B, 0x4B,
    0x17, 0x97, 0x65, 0xAE, 0xB3, 0x52, 0xE7, 0xDA, 0x34, 0xA8, 0x7A, 0xD3, 0x49, 0x4D, 0x61, 0x11,
    0x4E, 0x91, 0x05, 0xFE, 0x18, 0x7F, 0xB7, 0x4F, 0x05, 0xA5, 0x96, 0x43, 0xE7, 0xE1, 0x6C, 0xB3,
    0xA9, 0x55, 0xB2, 0x15, 0x0C, 0x02, 0xE4, 0xF4, 0x18, 0x9C, 0x1E, 0x1D, 0xB9, 0xAF, 0x9C, 0x07,
    0x92, 0x5B, 0x81, 0xF6, 0x1C, 0x84, 0xB8, 0x04, 0x24, 0xE2, 0x8B, 0x79, 0x6B, 0x6A, 0x79, 0xB1,
    0x16, 0xC9, 0x98, 0xF5, 0x08, 0xF8, 0xAE, 0xFA, 0xA2, 0x5D, 0xFB, 0xE2, 0x01, 0x8F, 0x55, 0x4E,
    0x9D, 0x8E, 0x52, 0x23, 0x40, 0xC2, 0xBF, 0x64, 0x9B, 0x8E, 0x28, 0xBA, 0x7C, 0x40, 0xDE, 0xE7,
    0xD3, 0xC6, 0xE8, 0x11, 0xB7, 0x03, 0x19, 0xD0, 0x75, 0x9D, 0xE9, 0x6C, 0xC2, 0x65, 0xA4, 0xFC,
    0xFA, 0x0E, 0x62, 0x79, 0x4C, 0x3A, 0x68, 0x5D, 0x0D, 0x9A, 0x70, 0x10, 0x01, 0x00, 0x04, 0x32,
    0x31, 0xBA, 0xDD, 0x2D, 0x5C, 0xE0, 0x1C, 0x10, 0xA8, 0x4C, 0x1F, 0xE0, 0xE4, 0x7F, 0x57, 0x26,
    0x1C, 0x9C, 0x02, 0xC8, 0x65, 0x68, 0x46, 0x87, 0x76, 0xBF, 0x47, 0x38, 0x46, 0x16, 0xC1, 0xBD,
    0xE0, 0x5F, 0xB1, 0x6A, 0x57, 0xA7, 0x12, 0x70, 0x2E, 0xCA, 0x51, 0xC3, 0x2E, 0xF2, 0xE9, 0x26,
    0x65, 0x68, 0x6C, 0x4C, 0x0B, 0xB3, 0x35, 0x67, 0x1B, 0x6E, 0x49, 0x7A, 0xF8, 0x7A, 0x7E, 0x23,
    0xD3, 0x41, 0xF7, 0xA8, 0xAF, 0xA2, 0xE0, 0x47, 0x9F, 0x21, 0x23, 0x89, 0x55, 0xB5, 0x91, 0xFB,
    0x23, 0x86, 0x17, 0xD4, 0x9B, 0x50, 0x48, 0xA0, 0x36, 0x35, 0x4C, 0x67, 0xA4, 0x56, 0xC9, 0x06,
    0x37, 0x16, 0xFC, 0x91, 0xF7, 0xA6, 0x60, 0x96, 0x09, 0x09, 0xC9, 0xF3, 0x10, 0xDC, 0xE2, 0x11,
    0x66, 0x8A, 0x1F, 0x03, 0x3A, 0xB4, 0x27, 0x77, 0x8F, 0x17, 0x90, 0x96, 0x6F, 0x4B, 0x5C, 0x2B,
    0xAB, 0x4E, 0x0E, 0x3C, 0xF3, 0x2E, 0x64, 0x62, 0xF1, 0x27, 0xC1, 0xB0, 0x73, 0xA3, 0x70, 0x53,
    0x4A, 0x89, 0xF8, 0xA3, 0xAF, 0xC3, 0x63, 0x04, 0x1C, 0x64, 0x30, 0x48, 0x25, 0x93, 0xB4, 0x45,
    0xF3, 0x8B, 0xF5, 0x61, 0x79, 0x11, 0x27, 0x77, 0xA8, 0x8E, 0x11, 0x69, 0x5D, 0x3C, 0x21, 0x3F,
    0xA3, 0x9E, 0xE2, 0xBD, 0x51, 0x5E, 0x2B, 0x9F, 0xF9, 0xC9, 0xDD, 0xAB, 0xF8, 0x55, 0x00, 0x78,
    0x6B, 0xC9, 0x84, 0xEF, 0xB8, 0x4C, 0xF8, 0x4F, 0x4B, 0x26, 0xAC, 0xCE, 0x67, 0xC2, 0xE7, 0xF4,
    0x00, 0x2F, 0xD0, 0x84, 0x58, 0xBE, 0x05, 0x14, 0x5F, 0xB0, 0x84, 0x78, 0x0E, 0x52, 0x5B, 0x74,
    0x08, 0x99, 0x0C, 0x98, 0x9D, 0xA7, 0x07, 0x80, 0xF2, 0x22, 0x4E, 0xF1, 0xD6, 0x09, 0x11, 0xFB,
    0x84, 0x18, 0x3D, 0x9E, 0x10, 0x9F, 0x53, 0xAD, 0xDD, 0x99, 0x68, 0xAA, 0x25, 0x3E, 0xFB, 0xE5,
    0xC4, 0x94, 0xE1, 0x08, 0xFC, 0x8D, 0xCF, 0x8B, 0x17, 0x21, 0x73, 0x88, 0x10, 0x40, 0xD2, 0xA4,
    0x35, 0x90, 0x75, 0x45, 0x2B, 0x19, 0xBC, 0x18, 0xE4, 0x75, 0x93, 0x51, 0x3D, 0x7D, 0x02, 0xF0,
    0x1A, 0xDE, 0xDC, 0x6D, 0x3A, 0xE6, 0x15, 0xAD, 0x2F, 0xC4, 0x52, 0xB1, 0x55, 0x1C, 0x14, 0x47,
    0xA4, 0xD3, 0x91, 0x21, 0xD2, 0x99, 0x08, 0x8A, 0x90, 0x33, 0x46, 0x8A, 0xF1, 0xEE, 0xFE, 0xB4,
    0x31, 0x93, 0x7E, 0xDF, 0x2A, 0x76, 0x8A, 0x8D, 0xEF, 0x73, 0x8C, 0x85, 0x8F, 0x91, 0xF4, 0x3C,
    0x82, 0x9D, 0xA0, 0x19, 0x04, 0x8B, 0x51, 0x30, 0x77, 0xFD, 0x2C, 0x7D, 0x36, 0x8F, 0x47, 0xBA,
    0xA2, 0x53, 0x6F, 0x95, 0x48, 0x07, 0x38, 0xA5, 0x37, 0xBF, 0x33, 0x85, 0xFC, 0xBD, 0xF9, 0x32,
    0x63, 0x48, 0x5A, 0x77, 0x4D, 0x9F, 0x86, 0x14, 0xCF, 0x6E, 0x96, 0xAB, 0x7E, 0xEA, 0x85, 0xE0,
    0xDE, 0xBE, 0xFC, 0x30, 0xAA, 0xA0, 0xFA, 0x5A, 0x38, 0xC6, 0x16, 0x92, 0x81, 0x4E, 0x56, 0x05,
    0x65, 0x09, 0xEC, 0x8F, 0x9A, 0x6A, 0xC5, 0x56, 0xB1, 0x47, 0x71, 0xFA, 0x1E, 0x2D, 0x8A, 0x99,
    0x28, 0x66, 0xA3, 0x60, 0xAA, 0x98, 0xED, 0xEE, 0x9F, 0x6D, 0x38, 0xB8, 0xCA, 0x45, 0xB1, 0x51,
    0xDC, 0xF5, 0xD9, 0x67, 0x14, 0x4C, 0x75, 0xDB, 0x1A, 0x2D, 0xFF, 0x2B, 0x6D, 0x67, 0x04, 0x7B,
    0x41, 0xE3, 0xFA, 0x71, 0x7D, 0x52, 0x4F, 0xC8, 0x5C, 0x9C, 0x1C, 0x7D, 0x9C, 0x2C, 0xD7, 0x71,
    0xF2, 0xF6, 0xB1, 0xA9, 0xCD, 0x3F, 0xB3, 0x36, 0x0F, 0x59, 0x1A, 0x12, 0xEE, 0xFA, 0x5B, 0x18,
    0xBB, 0x0A, 0xC1, 0xED, 0xD3, 0x2F, 0xD4, 0x41, 0x29, 0xE5, 0x64, 0xBC, 0x05, 0x92, 0x21, 0xEB,
    0x81, 0x74, 0xCA, 0x46, 0x20, 0xE4, 0x9F, 0x11, 0x9A, 0x2C, 0x4B, 0x20, 0xC1, 0x6B, 0x3F, 0xF3,
    0x03, 0xF8, 0xA7, 0x85, 0xC1, 0x61, 0x15, 0x06, 0xAF, 0x9D, 0xE0, 0xF6, 0xDD, 0x62, 0x40, 0xD5,
    0xFD, 0x00, 0xB0, 0x7A, 0x54, 0x16, 0xB2, 0xCB, 0xFC, 0xD9, 0xB0, 0x94, 0x73, 0x55, 0x07, 0x33,
    0x14, 0x1D, 0x2E, 0x97, 0x3A, 0x37, 0x82, 0x21, 0x7B, 0x40, 0xA7, 0x0F, 0xC8, 0x49, 0x00, 0x85,
    0x6A, 0x79, 0x58, 0xFE, 0x7A, 0xF9, 0xB3, 0xD6, 0x12, 0xB1, 0xD0, 0x42, 0xEE, 0xBA, 0xE3, 0x0E,
    0xD3, 0xB9, 0xE8, 0x1D, 0xFE, 0x7D, 0x78, 0x72, 0x81, 0xFF, 0xCC, 0x08, 0x8C, 0x3B, 0xFB, 0xAB,
    0xE1, 0x44, 0xF6, 0xA7, 0xF5, 0x29, 0xEB, 0xBC, 0x4B, 0x27, 0x44, 0xCD, 0x0C, 0x7A, 0x02, 0x28,
    0x70, 0xA6, 0xE7, 0x31, 0xA7, 0xFA, 0x56, 0xB5, 0x56, 0xD9, 0xB8, 0x4A, 0x5A, 0xE0, 0x8E, 0xCE,
    0x80, 0x99, 0xC2, 0x1A, 0x19, 0x63, 0x09, 0x7E, 0x99, 0xD4, 0x3D, 0x05, 0xBF, 0x36, 0x63, 0xEE,
    0x4E, 0x64, 0xC8, 0x2E, 0xD0, 0x05, 0x9B, 0xE9, 0x77, 0xF5, 0xD7, 0x75, 0x37, 0x54, 0xB5, 0xF2,
    0x68, 0x2F, 0x4C, 0x20, 0x15, 0x48, 0x3A, 0x7F, 0x32, 0x23, 0xB3, 0xE9, 0xCA, 0x6D, 0x2D, 0xE6,
    0xCA, 0x90, 0xEC, 0x12, 0x72, 0xCC, 0x48, 0x9B, 0x0F, 0x71, 0x57, 0xF4, 0x28, 0x73, 0x8D, 0xDC,
    0x03, 0x12, 0x72, 0x1B, 0x72, 0x26, 0x39, 0x47, 0x48, 0xF6, 0x41, 0x32, 0xC5, 0xDB, 0x64, 0xCA,
    0xA7, 0xFB, 0x63, 0xA1, 0x05, 0x90, 0xE8, 0xC2, 0x52, 0x33, 0x8D, 0xA4, 0xC8, 0xD4, 0xBA, 0xF3,
    0x48, 0x79, 0x47, 0x49, 0x31, 0xA1, 0x05, 0x24, 0x83, 0x66, 0x5B, 0xE0, 0x17, 0x80, 0x23, 0x69,
    0x7C, 0x42, 0xDB, 0x7C, 0xC2, 0x6F, 0x37, 0x32, 0xED, 0xF8, 0x69, 0xC0, 0xB5, 0x0F, 0xD4, 0xC1,
    0xCB, 0xE5, 0x14, 0x31, 0x14, 0x40, 0x25, 0x50, 0x48, 0xCC, 0xA5, 0xE6, 0x7B, 0x00, 0xF0, 0xB9,
    0x9E, 0x0D, 0xD6, 0xD7, 0x1B, 0x3C, 0x2B, 0xC5, 0xEF, 0xD6, 0x97, 0xDC, 0xFF, 0xDE, 0x97, 0x2E,
    0x67, 0xDF, 0x7F, 0xEB, 0x8E, 0xCA, 0xF2, 0xD6, 0xA9, 0x64, 0x6A, 0x60, 0x74, 0x09, 0xE5, 0xBF,
    0x00, 0x4C, 0x90, 0x81, 0x86, 0xDF, 0x40, 0x10, 0x87, 0xBF, 0x24, 0x97, 0x7F, 0x10, 0xE4, 0x8F,
    0x1E, 0xF4, 0x54, 0x8A, 0xA2, 0x0A, 0x0B, 0x40, 0x71, 0x33, 0xCF, 0x53, 0x28, 0x00, 0xD5, 0xDA,
    0xD0, 0x17, 0x39, 0x80, 0x56, 0x1F, 0xE1, 0xEE, 0x36, 0x8F, 0x10, 0x50, 0x00, 0xFB, 0x08, 0x8B,
    0x45, 0x68, 0x92, 0xE9, 0x86, 0xC3, 0xD9, 0x65, 0xCD, 0x67, 0xC7, 0xFC, 0xBE, 0xB9, 0x81, 0x01,
    0x64, 0x21, 0x64, 0xDC, 0x41, 0x6D, 0xCA, 0x3D, 0x14, 0x0A, 0x7C, 0xA7, 0x3E, 0xE8, 0x0D, 0xD9,
    0x09, 0xF1, 0xC4, 0x00, 0x6E, 0x81, 0x90, 0x69, 0xEC, 0x60, 0x30, 0x9B, 0x24, 0xFA, 0x65, 0xA0,
    0x9B, 0x00, 0x2A, 0x85, 0x71, 0x15, 0x15, 0x0B, 0x78, 0x33, 0x9E, 0xC7, 0x8D, 0x37, 0xF5, 0x03,
    0x9F, 0x7E, 0xFF, 0x2A, 0x65, 0xB9, 0x62, 0x76, 0xCB, 0x2D, 0x5E, 0x03, 0xF2, 0xD7, 0x70, 0xB6,
    0xD3, 0x5B, 0xA6, 0xB2, 0x05, 0x80, 0x8B, 0x4A, 0x0A, 0xD9, 0x72, 0x48, 0x6E, 0xB9, 0x68, 0xA9,
    0xA2, 0x44, 0x9F, 0x7C, 0x0A, 0xE5, 0x94, 0xB7, 0x50, 0xB7, 0xBC, 0xCC, 0xF1, 0x3B, 0xC1, 0x10,
    0xD3, 0xAB, 0x28, 0x46, 0xB3, 0xD2, 0xA4, 0x93, 0x5F, 0x1E, 0x70, 0x3B, 0xDE, 0x78, 0x72, 0xFA,
    0xE8, 0xD4, 0x07, 0xA4, 0xCC, 0xC8, 0x00, 0xBC, 0x47, 0x79, 0xAC, 0x52, 0x65, 0xDD, 0xD6, 0xD8,
    0xB0, 0x0F, 0x9B, 0x24, 0x17, 0x6D, 0x72, 0xFA, 0x83, 0x16, 0xF8, 0xC8, 0x3B, 0xC2, 0x14, 0x54,
    0xFE, 0x9D, 0x66, 0x2B, 0x8D, 0x45, 0x08, 0x4A, 0x45, 0x4B, 0x37, 0x8F, 0x8C, 0x29, 0xCC, 0x6E,
    0xF3, 0xA9, 0x3B, 0xC6, 0x15, 0xFB, 0xB9, 0xE3, 0x78, 0xE2, 0x86, 0x6B, 0x69, 0xA2, 0xB7, 0xC4,
    0x68, 0x1B, 0x67, 0xAF, 0x9F, 0x8C, 0x2F, 0x7C, 0x06, 0xAA, 0xD8, 0x27, 0x99, 0x03, 0x36, 0x5B,
    0x31, 0x90, 0x58, 0x01, 0x58, 0x65, 0xF5, 0x71, 0xB7, 0xC9, 0x2A, 0xF1, 0x1E, 0x90, 0x58, 0x8C,
    0x57, 0xCB, 0x3E, 0xB5, 0x0A, 0x70, 0x3A, 0xBE, 0x76, 0x3E, 0x77, 0xD0, 0x6A, 0xAB, 0x6F, 0xB5,
    0xB0, 0x2C, 0xB9, 0xCF, 0x7D, 0x2A, 0x3F, 0xF8, 0x40, 0x1D, 0xFB, 0x79, 0x58, 0xDC, 0x76, 0x39,
    0xB0, 0x3B, 0x93, 0x4D, 0x22, 0x70, 0xA5, 0xDE, 0x18, 0x33, 0x32, 0x11, 0x20, 0xFC, 0xC1, 0x1B,
    0x72, 0xBC, 0x6C, 0xE0, 0x2B, 0xDF, 0xCE, 0x74, 0x67, 0xCA, 0x33, 0x2D, 0x9D, 0x25, 0x78, 0x56,
    0xFE, 0x2F, 0x34, 0x34, 0xE0, 0xFF, 0xFF, 0x2F, 0x10, 0x94, 0xB5, 0x6A, 0x89, 0xD6, 0xAA, 0x55,
    0xC0, 0x88, 0x82, 0x20, 0xA0, 0x2E, 0x00, 0xE5, 0x9A, 0x01, 0x84, 0xE6, 0xE8, 0x19, 0xC7, 0x7F,
    0x6F, 0xB2, 0x3B, 0x5F, 0x6D, 0xB8, 0x2C, 0x66, 0x60, 0x97, 0x66, 0x51, 0x54, 0xDB, 0xEB, 0x07,
    0x8A, 0xA5, 0x77, 0xC9, 0x5E, 0x71, 0x28, 0x0C, 0x76, 0xAA, 0x1C, 0xEE, 0x50, 0xD8, 0x2A, 0x0B,
    0x8B, 0x55, 0x2A, 0x01, 0x00, 0x8C, 0x52, 0x87, 0x83, 0xC5, 0xA2, 0x33, 0xA7, 0x7A, 0x38, 0x50,
    0xDB, 0x4B, 0x00, 0x00, 0x01, 0x0E, 0x20, 0xD8, 0x16, 0x8A, 0x06, 0x29, 0xD9, 0x6D, 0x92, 0x7F,
    0xE5, 0xF1, 0x25, 0x66, 0xE6, 0xA3, 0x63, 0xCA, 0x7E, 0xF3, 0xCD, 0xD7, 0x67, 0x37, 0xFF, 0xC7,
    0xE6, 0x4B, 0xE2, 0xF9, 0xFE, 0xBF, 0xF7, 0xCD, 0x3E, 0xEF, 0xBC, 0x03, 0xB7, 0x1F, 0x03, 0x10,
    0xF6, 0x96, 0x96, 0x83, 0xA5, 0x58, 0x96, 0x52, 0x65, 0x00, 0xB9, 0x0A, 0x00, 0xA9, 0x04, 0x3C,
    0xA9, 0x02, 0x7C, 0xA5, 0x35, 0xB0, 0x50, 0xDC, 0x00, 0xC1, 0xB0, 0xEC, 0x80, 0xB0, 0xB3, 0xC7,
    0x44, 0x5D, 0x38, 0x00, 0x71, 0xB3, 0x10, 0x90, 0xD6, 0xBE, 0x12, 0xC8, 0xDF, 0x7E, 0xA9, 0x02,
    0x24, 0xA9, 0xC0, 0x8D, 0xA9, 0xC2, 0x1F, 0x53, 0xCD, 0x42, 0xA7, 0xA7, 0x79, 0x43, 0x20, 0x88,
    0x3B, 0xC2, 0x01, 0x96, 0x1D, 0x51, 0x07, 0xE1, 0x40, 0x3C, 0x26, 0x71, 0x31, 0x82, 0xD6, 0x52,
    0x34, 0x58, 0x5A, 0x6A, 0x2E, 0xDE, 0xAA, 0xB0, 0xE4, 0x0E, 0x99, 0x62, 0xD9, 0xDE, 0x7B, 0xE9,
    0x49, 0x4F, 0xDB, 0x40, 0x52, 0x1B, 0x8D, 0x12, 0xEB, 0x0B, 0xB5, 0x69, 0x8B, 0xDA, 0xBC, 0x26,
    0x6E, 0x55, 0x8D, 0x52, 0xB2, 0x5C, 0xC9, 0xF8, 0x4F, 0xFB, 0x20, 0x6D, 0xC8, 0xDB, 0x78, 0xF8,
    0x78, 0x75, 0x5B, 0x38, 0x8A, 0x2F, 0xE5, 0x2D, 0x69, 0x1F, 0xB7, 0xB8, 0x84, 0x55, 0x38, 0x25,
    0xE0, 0xAB, 0x38, 0x2B, 0x9E, 0x12, 0x60, 0x1F, 0x60, 0xEF, 0xE5, 0xCA, 0x51, 0x4B, 0xB1, 0x19,
    0xCB, 0xC3, 0xD4, 0x12, 0x71, 0x02, 0xE0, 0x06, 0x00, 0xFC, 0xC6, 0x92, 0x57, 0x33, 0xC7, 0xCD,
    0xA1, 0xB4, 0x0F, 0x04, 0x2A, 0x20, 0x54, 0x0D, 0xC1, 0x28, 0x04, 0xA3, 0x44, 0x25, 0x90, 0x26,
    0xC0, 0xEF, 0x00, 0xEE, 0x6E, 0x12, 0x8D, 0x85, 0x9F, 0x59, 0x5A, 0xD4, 0x96, 0xC2, 0xD6, 0xD2,
    0xB2, 0xB2, 0x14, 0x67, 0x96, 0x3E, 0xC4, 0xDC, 0xB9, 0x85, 0x99, 0x9A, 0x9C, 0xB1, 0x71, 0x88,
    0x6A, 0xC0, 0x95, 0xAE, 0xBC, 0x81, 0x4C, 0xE0, 0x01, 0x4C, 0xC6, 0x63, 0x85, 0x39, 0x01, 0xF8,
    0x1D, 0xB3, 0x23, 0xAE, 0xB0, 0x21, 0x6C, 0xF8, 0x2A, 0x20, 0x56, 0x07, 0xE4, 0xDF, 0x0A, 0x78,
    0xC8, 0x8F, 0x98, 0x63, 0xA6, 0x86, 0x61, 0xC3, 0xB8, 0x61, 0x04, 0x30, 0x72, 0x18, 0x3A, 0x0C,
    0x11, 0x46, 0x0B, 0x03, 0x87, 0xA9, 0x9D, 0x99, 0x3E, 0x35, 0x82, 0x18, 0xC2, 0xD5, 0x13, 0x42,
    0x53, 0xA3, 0x08, 0x86, 0xF1, 0x22, 0x47, 0x2A, 0xD6, 0x39, 0xFA, 0x3D, 0x16, 0x62, 0xA7, 0x41,
    0x7E, 0x67, 0xC2, 0xE8, 0x34, 0xA3, 0x8C, 0x0B, 0x20, 0xB4, 0x7A, 0x32, 0x23, 0x68, 0x00, 0x47,
    0x7E, 0x23, 0xBE, 0x01, 0x3E, 0xE0, 0x37, 0x00, 0x9B, 0x9B, 0x70, 0x47, 0xA6, 0x81, 0x4A, 0x2C,
    0xD5, 0x86, 0xEB, 0x9F, 0xCD, 0x59, 0x6C, 0xCB, 0xD2, 0x52, 0x8C, 0x39, 0xF6, 0xFD, 0x5D, 0xE3,
    0x64, 0x91, 0x36, 0x80, 0x7A, 0x40, 0x02, 0x0E, 0x05, 0xB8, 0x1E, 0x58, 0x34, 0xA3, 0x14, 0x78,
    0xE7, 0x61, 0x69, 0x84, 0xF5, 0x70, 0xD3, 0xB0, 0x2C, 0xF4, 0xFB, 0xD6, 0x7C, 0x92, 0x55, 0xA6,
    0xD5, 0x5B, 0x3B, 0x2F, 0x59, 0x8B, 0xB0, 0x63, 0xB7, 0x60, 0x05, 0xC7, 0x0F, 0x21, 0x1E, 0x04,
    0xB9, 0x06, 0x18, 0xF2, 0x0E, 0x7E, 0xE9, 0xBD, 0x80, 0x39, 0xD6, 0x27, 0xD5, 0xE6, 0x39, 0xAD,
    0x0A, 0x8A, 0x7A, 0x30, 0xDF, 0x32, 0x0C, 0x57, 0x3D, 0xA6, 0x37, 0xC1, 0x98, 0xC8, 0x38, 0x66,
    0x8E, 0x9D, 0xEF, 0xEA, 0xBE, 0x01, 0xFC, 0xB9, 0xCF, 0x48, 0xD5, 0x83, 0x1E, 0x09, 0x9E, 0xF3,
    0x3E, 0xB0, 0x3D, 0x8D, 0xDF, 0x1C, 0x53, 0x5D, 0x71, 0x61, 0xC9, 0x10, 0xCC, 0x1D, 0x5F, 0x6B,
    0xC9, 0x55, 0x86, 0xBA, 0xF6, 0x5F, 0x03, 0x7E, 0x67, 0x58, 0x8D, 0x0B, 0x33, 0xAC, 0xA8, 0xE7,
    0xA6, 0x42, 0xF6, 0x33, 0x20, 0xAC, 0x81, 0x68, 0x94, 0xF8, 0x7C, 0x3F, 0x78, 0x0B, 0x78, 0xC2,
    0x13, 0xC8, 0x1F, 0x0D, 0x2B, 0x9E, 0x4B, 0xB5, 0xB0, 0xB0, 0xC2, 0xF7, 0x37, 0xC5, 0xD3, 0x61,
    0x11, 0x62, 0x91, 0x66, 0x58, 0x2A, 0x60, 0x2A, 0x1B, 0x16, 0xCD, 0xEE, 0xC3, 0x72, 0xE5, 0xD4,
    0xB6, 0x87, 0xED, 0xDC, 0x27, 0x0E, 0x00, 0x1F, 0xB0, 0x8A, 0x3F, 0xF1, 0xDB, 0x19, 0x56, 0x77,
    0x3D, 0xB0, 0xEE, 0xBD, 0x04, 0x20, 0x1F, 0xCE, 0xFC, 0x97, 0xC4, 0x4F, 0x72, 0x4B, 0xE4, 0x18,
    0x9F, 0xCE, 0x92, 0xBF, 0x82, 0xF5, 0xB3, 0x1D, 0x83, 0xE5, 0xFD, 0x05, 0x08, 0x55, 0x8C, 0x52,
    0xC1, 0x9D, 0x4F, 0x0D, 0x59, 0x05, 0xC4, 0xD9, 0x34, 0xB3, 0xBE, 0xB7, 0x1D, 0xB0, 0x6E, 0x5D,
    0xB1, 0xD3, 0xF0, 0xBE, 0xF2, 0x5E, 0x9C, 0x83, 0x35, 0x26, 0xB4, 0x82, 0x35, 0xDC, 0x40, 0x58,
    0x51, 0xF5, 0x21, 0xC4, 0x9A, 0x3B, 0x8D, 0xA7, 0x1D, 0xEC, 0xBB, 0x63, 0x80, 0xF5, 0x49, 0x15,
    0x5F, 0x78, 0x03, 0x1E, 0x6C, 0x88, 0x93, 0x7B, 0xE1, 0x1D, 0x63, 0xB6, 0x37, 0x63, 0x52, 0x5E,
    0x33, 0xFB, 0x46, 0x2C, 0x43, 0xB9, 0xF7, 0x9A, 0xFF, 0x9F, 0x4E, 0xE3, 0x80, 0xC7, 0x20, 0x04,
    0xE9, 0xB7, 0x3D, 0xC4, 0xB2, 0xE7, 0xD5, 0xE0, 0x29, 0xDB, 0xAA, 0x4E, 0xE3, 0xE0, 0xE8, 0xE8,
    0x28, 0x89, 0x47, 0x77, 0x2E, 0xCA, 0xDB, 0xD3, 0xD3, 0xCC, 0x5C, 0x3E, 0x23, 0xAD, 0x41, 0xD2,
    0xB0, 0x26, 0x6F, 0x8E, 0x8E, 0xEC, 0x92, 0x35, 0x91, 0x54, 0x8E, 0x52, 0x5D, 0x10, 0x98, 0x63,
    0xD1, 0x01, 0x91, 0xCE, 0x89, 0x01, 0x35, 0x2B, 0x2D, 0xEE, 0x0F, 0x09, 0x18, 0x33, 0xA9, 0x27,
    0x94, 0xC4, 0x72, 0xF8, 0x44, 0x63, 0x7D, 0x2A, 0xF2, 0x8A, 0xBC, 0xCC, 0xDF, 0x9E, 0xAA, 0x94,
    0x34, 0xC9, 0xDF, 0x8E, 0x8E, 0x12, 0x1B, 0x85, 0x69, 0xCB, 0x3E, 0xB1, 0xFE, 0xF0, 0x8A, 0xD1,
    0x26, 0x16, 0x92, 0x32, 0x27, 0x8D, 0xB4, 0xAD, 0x8A, 0xC7, 0xCC, 0x36, 0xB1, 0x32, 0x67, 0x31,
    0x8B, 0xD9, 0x64, 0x97, 0xB8, 0x13, 0x03, 0x9E, 0x41, 0xA4, 0x12, 0xDE, 0x7B, 0x5A, 0xCE, 0x3F,
    0x9D, 0xCA, 0x80, 0x1E, 0xA0, 0x05, 0xE0, 0x3A, 0x3D, 0x3D, 0xB4, 0x22, 0x4D, 0x0A, 0x88, 0x46,
    0x21, 0x2A, 0xD6, 0x8B, 0x4C, 0x36, 0x64, 0xAC, 0x63, 0x1F, 0xD2, 0xE6, 0x1B, 0x90, 0x7A, 0x3C,
    0xA9, 0xC3, 0x1F, 0x07, 0xAE, 0x3B, 0x74, 0xC9, 0x35, 0x7B, 0x75, 0x1B, 0x20, 0x2D, 0x3B, 0x90,
    0x3A, 0x3C, 0xA9, 0xC5, 0x6F, 0xF2, 0x1A, 0x0E, 0xEF, 0x64, 0x00, 0x9B, 0x1C, 0x7A, 0x40, 0x35,
    0xB5, 0x1D, 0x7E, 0x0F, 0x04, 0xCD, 0x34, 0xBA, 0xA2, 0x0C, 0x5F, 0x6E, 0x35, 0xEA, 0x72, 0x35,
    0x38, 0xFD, 0xBC, 0x83, 0x67, 0x3C, 0xBB, 0x66, 0xFF, 0x80, 0x63, 0x80, 0x16, 0xF0, 0x07, 0x9B,
    0xC6, 0x73, 0xA7, 0x5E, 0x00, 0x0B, 0x58, 0x0C, 0xD3, 0x9C, 0xC9, 0x55, 0xE3, 0xE9, 0x93, 0x0E,
    0x1A, 0xBE, 0xDA, 0xBC, 0xBB, 0xCF, 0x66, 0x73, 0x07, 0x00, 0x31, 0xB5, 0x3A, 0xE1, 0xF6, 0xBA,
    0xFB, 0x00, 0x70, 0xCD, 0xE4, 0xAB, 0x37, 0x00, 0xE4, 0x00, 0xCB, 0x0C, 0x78, 0x6F, 0xDD, 0xDD,
    0x4F, 0xAF, 0xC1, 0xDD, 0x83, 0x04, 0x3C, 0xD5, 0xA3, 0x74, 0xE0, 0xFE, 0xD1, 0x4D, 0x46, 0x07,
    0xCD, 0xE4, 0xEE, 0x9D, 0xD9, 0xDD, 0x76, 0x8B, 0xDC, 0x05, 0x70, 0x2A, 0xC1, 0x57, 0x3B, 0x55,
    0xFF, 0x51, 0x07, 0x2C, 0x5A, 0x20, 0x2C, 0x47, 0x49, 0x26, 0x8B, 0x0B, 0xD0, 0x75, 0x0E, 0xE0,
    0xB8, 0x1A, 0x40, 0xEA, 0x71, 0xF6, 0xAA, 0x6A, 0x97, 0x35, 0x67, 0xC2, 0x17, 0x5B, 0x38, 0x80,
    0x7F, 0x9C, 0xBC, 0x04, 0xFD, 0x7B, 0x7A, 0xB3, 0x0E, 0xAA, 0x71, 0x9F, 0xED, 0x65, 0xCC, 0xB1,
    0x0D, 0xAF, 0x07, 0xF7, 0x47, 0x60, 0xA1, 0x64, 0x75, 0x4E, 0x6A, 0x61, 0x58, 0x74, 0xF0, 0x19,
    0x0F, 0x00, 0x6E, 0x40, 0x7B, 0x64, 0xB3, 0x2D, 0x14, 0x10, 0xAB, 0x04, 0xA9, 0xC1, 0xB7, 0xAF,
    0x50, 0xF1, 0x35, 0xC0, 0xF6, 0x74, 0x50, 0xF7, 0x32, 0x3C, 0xB5, 0x36, 0xD7, 0xF8, 0x7B, 0x0F,
    0xAE, 0x83, 0xA0, 0x81, 0xB0, 0x80, 0x30, 0x99, 0xDC, 0x3E, 0xCC, 0xA5, 0xFA, 0xEC, 0x71, 0xA0,
    0x7F, 0x1D, 0x92, 0xD7, 0x5C, 0xF5, 0x48, 0xED, 0xFE, 0xF3, 0x07, 0x87, 0x2C, 0x47, 0x24, 0x59,
    0xAC, 0x82, 0x65, 0x41, 0x9E, 0x78, 0x1D, 0x5E, 0x03, 0x09, 0xC0, 0x9D, 0x13, 0xC2, 0xE1, 0xCA,
    0x7F, 0xDF, 0x79, 0xCD, 0x53, 0xC4, 0x15, 0xA8, 0x99, 0x0F, 0xD2, 0x0A, 0x6E, 0x27, 0xDC, 0xCB,
    0xD2, 0x5A, 0x8D, 0x9A, 0xB4, 0xBE, 0x9F, 0x61, 0xF1, 0x83, 0x17, 0x69, 0x7D, 0xD9, 0x1F, 0xEC,
    0x81, 0x79, 0xA3, 0x76, 0xBC, 0xF3, 0x76, 0x02, 0x3F, 0x7C, 0x9B, 0xC0, 0x08, 0x77, 0x1A, 0x97,
    0xAC, 0x56, 0x4D, 0xD3, 0x72, 0x29, 0xD0, 0xF0, 0xD4, 0xB6, 0xDA, 0x0A, 0xD4, 0xB3, 0x14, 0xC4,
    0xF3, 0x3A, 0x29, 0x6D, 0x21, 0x50, 0x92, 0x36, 0x36, 0x9D, 0xF2, 0x06, 0x7C, 0x65, 0x79, 0x6D,
    0xC9, 0x4E, 0x2A, 0x5B, 0x5D, 0xB2, 0xBA, 0x21, 0x1E, 0x20, 0x12, 0x91, 0x12, 0xD2, 0x81, 0x50,
    0xCD, 0x9E, 0x3A, 0x1B, 0x59, 0x6A, 0xA6, 0x55, 0x1A, 0xA9, 0xA4, 0x0C, 0x42, 0xC9, 0x46, 0x7B,
    0xAE, 0x63, 0x6C, 0xD4, 0xFF, 0xEF, 0x1B, 0xFA, 0x81, 0x8E, 0x21, 0x57, 0x6F, 0x5F, 0x29, 0x09,
    0x25, 0x95, 0x4B, 0x7D, 0xA9, 0x3A, 0xEE, 0xC8, 0x6D, 0x51, 0xD5, 0xE5, 0x35, 0x51, 0xA7, 0x8A,
    0x70, 0x96, 0x68, 0x3C, 0xB7, 0xEC, 0xD2, 0x8E, 0xB4, 0x8D, 0xF5, 0x0B, 0xD5, 0xE1, 0x58, 0xDD,
    0x99, 0x49, 0x10, 0x9D, 0x9F, 0x04, 0x9E, 0xB0, 0xEF, 0x0B, 0xC1, 0x3C, 0x09, 0x7C, 0x61, 0x97,
    0xB0, 0xBE, 0xA1, 0x9F, 0x5C, 0xBA, 0xA1, 0x5F, 0x31, 0xC7, 0xCD, 0xA2, 0x34, 0xEF, 0xEB, 0xDB,
    0xC7, 0xE5, 0x28, 0x15, 0xDC, 0x0A, 0x2B, 0x60, 0x59, 0x00, 0x39, 0xC0, 0x2B, 0x80, 0xBB, 0x9B,
    0x20, 0xF4, 0x8E, 0xF7, 0xF5, 0x6F, 0x18, 0x1A, 0x78, 0x60, 0xFA, 0x57, 0x53, 0x31, 0x77, 0xC7,
    0xD6, 0x01, 0x61, 0x94, 0xF0, 0x32, 0xF0, 0x04, 0x06, 0xD0, 0x6C, 0x68, 0x01, 0x7D, 0xDE, 0x03,
    0xCF, 0x79, 0xCE, 0xF9, 0x30, 0x78, 0x46, 0x0F, 0xC3, 0x87, 0xF1, 0xC3, 0x00, 0x62, 0x04, 0x31,
    0x84, 0x18, 0x43, 0x8C, 0xDF, 0xAC, 0xE3, 0x19, 0xE3, 0x88, 0x81, 0xC4, 0x48, 0x62, 0x28, 0x31,
    0x96, 0x18, 0xCC, 0x89, 0x26, 0x8F, 0xAF, 0xB6, 0xBD, 0xBF, 0xFB, 0x3C, 0xF7, 0x01, 0x5E, 0x5D,
    0x58, 0xE4, 0x14, 0xF3, 0x72, 0x2C, 0xC1, 0xD3, 0xC4, 0xD1, 0x30, 0xEA, 0x8B, 0x7E, 0x86, 0xB8,
    0x89, 0xE9, 0xF7, 0xDF, 0x76, 0xF9, 0xEB, 0x4B, 0x76, 0xF9, 0x77, 0x10, 0x97, 0x45, 0x5E, 0x81,
    0x53, 0x07, 0x68, 0x00, 0x92, 0x61, 0x5E, 0x3F, 0x55, 0xA3, 0x14, 0x6B, 0xCC, 0x3E, 0xDF, 0x2C,
    0xB3, 0xCB, 0x37, 0xFB, 0x8B, 0x4B, 0x36, 0xFB, 0x77, 0x88, 0xD9, 0xFD, 0xE3, 0x27, 0x90, 0x0E,
    0xD3, 0x5A, 0x6C, 0xC8, 0x5B, 0xF8, 0xD5, 0xDE, 0x31, 0x73, 0x70, 0xDD, 0xB8, 0x2E, 0xDB, 0xF3,
    0x6F, 0xD7, 0xF7, 0xFC, 0x77, 0xBE, 0xF1, 0x73, 0x03, 0x56, 0x06, 0x44, 0xAA, 0x21, 0x57, 0x87,
    0xD3, 0x47, 0x82, 0xAF, 0xF9, 0x29, 0xB0, 0x45, 0xBD, 0xE1, 0x1C, 0xDF, 0x35, 0x75, 0xB2, 0x14,
    0x1A, 0x41, 0x52, 0x65, 0xBF, 0x4E, 0x20, 0x7E, 0x4D, 0x9E, 0xC1, 0xFB, 0xA0, 0x04, 0x00, 0x19,
    0xC1, 0x8F, 0x85, 0x99, 0xD8, 0x63, 0x04, 0x1B, 0x8C, 0x60, 0xB9, 0x9D, 0x04, 0x1D, 0x40, 0x38,
    0x6D, 0x91, 0x3B, 0x55, 0x10, 0x18, 0x9F, 0x96, 0x13, 0x82, 0xD2, 0x09, 0x87, 0x37, 0x00, 0x7E,
    0x4F, 0xA0, 0x3F, 0x77, 0xE4, 0x52, 0xED, 0x4B, 0x2A, 0xDE, 0x0D, 0x95, 0xD9, 0x71, 0xE2, 0xCA,
    0x52, 0xDA, 0x63, 0x49, 0xC5, 0x68, 0xF9, 0x9E, 0xB2, 0x3C, 0x03, 0xEE, 0xDF, 0x5C, 0xCB, 0x1D,
    0x40, 0x30, 0xFF, 0x26, 0x45, 0xDC, 0x03, 0xA1, 0x12, 0x70, 0x2A, 0x4E, 0x20, 0x7A, 0x24, 0x70,
    0x1B, 0xB0, 0xFC, 0x0A, 0x2B, 0xA0, 0xD1, 0x79, 0xBF, 0xB1, 0xC1, 0xEE, 0x55, 0x9B, 0x77, 0x7E,
    0x63, 0x2B, 0xA0, 0x13, 0x78, 0xE5, 0x04, 0x77, 0x37, 0x63, 0xFF, 0x7F, 0x00, 0xD5, 0x58, 0x21,
    0xAC, 0xDC, 0x46, 0x14, 0x1C, 0xDF, 0xE5, 0xFE, 0x81, 0x03, 0x26, 0xF9, 0xA4, 0x91, 0x6A, 0xDE,
    0x4A, 0x35, 0xAE, 0x54, 0xC9, 0xCB, 0x4A, 0x0F, 0x24, 0x25, 0xE5, 0xE4, 0x48, 0x39, 0x68, 0xCF,
    0x1C, 0xA5, 0xA8, 0x34, 0xA0, 0x24, 0xBF, 0xA0, 0xA4, 0xB8, 0xEB, 0x72, 0x72, 0x0A, 0x07, 0x0E,
    0x27, 0x5B, 0xD5, 0xC0, 0x6A, 0xD6, 0x9E, 0xF6, 0xCD, 0xB3, 0x7A, 0xBA, 0x7C, 0xD4, 0xAA, 0xC9,
    0xCF, 0xAD, 0x4E, 0x33, 0x5E, 0x6B, 0xF7, 0xBF, 0x9D, 0x99, 0xDD, 0xFB, 0xF6, 0x01, 0x8F, 0xF0,
    0x14, 0x00, 0xF8, 0x2A, 0x03, 0x58, 0x93, 0x23, 0x80, 0x1D, 0x99, 0x0E, 0x01, 0xE5, 0xEF, 0xF1,
    0x14, 0x5B, 0x6C, 0xC2, 0x06, 0x0C, 0xD0, 0x28, 0x00, 0x9F, 0xFE, 0xF9, 0x25, 0x81, 0x2D, 0xC9,
    0x09, 0x68, 0x48, 0x0E, 0x00, 0x49, 0x9E, 0xB0, 0x36, 0x4A, 0xD8, 0x71, 0xFE, 0x86, 0x23, 0x4A,
    0x76, 0xE0, 0x84, 0x9A, 0x40, 0x33, 0xA3, 0xC9, 0x40, 0x49, 0x1C, 0x47, 0x60, 0xC7, 0x70, 0x1C,
    0x80, 0x2D, 0x43, 0x1C, 0xAC, 0x64, 0x1B, 0x93, 0xC8, 0x6F, 0xB6, 0xCB, 0x10, 0x9F, 0x60, 0x53,
    0x51, 0x11, 0x15, 0x03, 0x8E, 0x33, 0x4A, 0x0E, 0x37, 0xCC, 0x2A, 0xCE, 0x01, 0x85, 0x51, 0x0F,
    0x1C, 0x49, 0xB6, 0x40, 0xA9, 0x15, 0xA1, 0x88, 0x7C, 0x0E, 0xE3, 0xBD, 0xE1, 0xC6, 0xA0, 0xE9,
    0xBF, 0x03, 0xE2, 0x3C, 0x03, 0x64, 0x46, 0x91, 0x9B, 0xF1, 0x25, 0x9E, 0xDE, 0x7C, 0x4F, 0x00,
    0xAB, 0xD9, 0x64, 0x4F, 0xD8, 0xF1, 0xE7, 0x8C, 0x48, 0x26, 0x13, 0xD1, 0x95, 0xA6, 0xA7, 0xE6,
    0x4F, 0x4C, 0x4D, 0x46, 0x1C, 0x63, 0x42, 0x93, 0xFF, 0x86, 0x2A, 0xB3, 0x47, 0xF9, 0x0F, 0x54,
    0x76, 0xAF, 0xCE, 0xC7, 0x8C, 0xE3, 0xD8, 0xF0, 0x2B, 0x26, 0x9B, 0xD6, 0xDB, 0xE2, 0xDA, 0x82,
    0xD4, 0xC2, 0x7B, 0xC0, 0xFD, 0x05, 0x70, 0x08, 0xA2, 0xD8, 0x8A, 0xAE, 0xD4, 0xD1, 0x73, 0xDB,
    0x8D, 0xA2, 0x6A, 0x16, 0xD5, 0x74, 0xF2, 0x5E, 0x99, 0x71, 0x31, 0xE1, 0xA5, 0x75, 0xDE, 0xB3,
    0xDD, 0x58, 0x11, 0x92, 0x6F, 0xE2, 0x3B, 0x60, 0x6B, 0xB0, 0x26, 0x7C, 0xC8, 0xED, 0x1E, 0xC5,
    0x33, 0x34, 0xA3, 0xD9, 0xF4, 0x4E, 0x30, 0x0B, 0x4D, 0x69, 0xA8, 0xED, 0x63, 0x66, 0x72, 0x96,
    0xD1, 0x19, 0x2B, 0xC5, 0x8A, 0xA3, 0x5C, 0xDE, 0x72, 0xC4, 0x5B, 0xED, 0xD8, 0xC9, 0xB0, 0xF4,
    0x16, 0x82, 0x27, 0xC3, 0x5B, 0x00, 0x77, 0xCF, 0x8B, 0xBB, 0x96, 0x7D, 0xC1, 0xEE, 0xDF, 0x83,
    0xB9, 0xDE, 0xC5, 0xBC, 0x63, 0x67, 0x39, 0x77, 0x8D, 0x47, 0x30, 0xB1, 0x5B, 0xB1, 0x67, 0x87,
    0xDB, 0x73, 0xC4, 0xD9, 0x03, 0x5E, 0xE2, 0xAD, 0xE8, 0xD1, 0x2E, 0xC1, 0xFA, 0x86, 0x5E, 0x33,
    0x09, 0x47, 0x73, 0xFC, 0x87, 0x0C, 0xEB, 0x48, 0x4F, 0x99, 0x0C, 0xEB, 0xD6, 0xB0, 0x82, 0xB7,
    0x0F, 0xD7, 0xF7, 0xFD, 0xB2, 0x79, 0xD1, 0xB0, 0x35, 0xE8, 0xEC, 0xB2, 0x05, 0x10, 0x4D, 0x57,
    0x36, 0x90, 0x9E, 0x60, 0xF0, 0xBE, 0xFC, 0x37, 0xA7, 0x93, 0xA8, 0x1C, 0x44, 0xD1, 0xFD, 0x65,
    0xC6, 0xC1, 0x28, 0x80, 0x01, 0xC5, 0x09, 0xE0, 0xB2, 0xE1, 0x65, 0xEF, 0xD7, 0x93, 0xFB, 0x9B,
    0x9D, 0x7A, 0xA7, 0xF6, 0xDD, 0x50, 0x76, 0x92, 0xDF, 0x70, 0xC3, 0x17, 0xC7, 0x17, 0xCB, 0x17,
    0xCF, 0x17, 0xD3, 0xEF, 0xED, 0xF6, 0x47, 0xC2, 0x2F, 0x24, 0x95, 0x58, 0x0E, 0xEC, 0x12, 0x05,
    0x8E, 0xBD, 0xE9, 0xAC, 0x03, 0xA8, 0x81, 0x74, 0xF1, 0xE6, 0x7D, 0x9C, 0x60, 0x56, 0x0E, 0xC2,
    0xEE, 0x3F, 0xA2, 0x72, 0x80, 0x82, 0x80, 0x92, 0x40, 0x23, 0x54, 0x16, 0xF0, 0x30, 0x2E, 0xD3,
    0x40, 0x72, 0xA3, 0x67, 0x43, 0x79, 0x7B, 0x8E, 0x03, 0x75, 0x06, 0x03, 0x80, 0x5F, 0xAE, 0x37,
    0x0E, 0x4F, 0xE3, 0x33, 0x61, 0xD3, 0x19, 0x72, 0xD0, 0xF5, 0xE4, 0xD1, 0x48, 0xE7, 0xB7, 0xA0,
    0x86, 0x3E, 0x64, 0x1C, 0x87, 0xE0, 0xC5, 0x93, 0xD3, 0x88, 0xF3, 0xB7, 0x0F, 0xD6, 0xA3, 0xA8,
    0x4C, 0x9E, 0x4A, 0xAB, 0x54, 0xAA, 0x6B, 0x3E, 0x24, 0xFB, 0xF3, 0xBF, 0xD6, 0x86, 0xAD, 0xB0,
    0x83, 0x51, 0x6B, 0x18, 0x25, 0x4B, 0x7B, 0x70, 0x95, 0xA4, 0x32, 0x3C, 0x68, 0x36, 0x61, 0x13,
    0x00, 0xEC, 0xE6, 0xAA, 0xD3, 0x4A, 0xD9, 0xB9, 0xAE, 0x70, 0x00, 0xE2, 0x93, 0x19, 0x0C, 0xB8,
    0xC5, 0xFE, 0x7A, 0xD3, 0x78, 0x2C, 0xE4, 0x6F, 0xA3, 0x8D, 0x7B, 0x33, 0x02, 0x6B, 0x0D, 0xDE,
    0x26, 0xF6, 0x07, 0x14, 0xFB, 0x8F, 0x02, 0x01, 0x3C, 0xF8, 0x97, 0xD5, 0xC1, 0x89, 0x41, 0x74,
    0xAD, 0x66, 0x5F, 0x3E, 0x10, 0xA1, 0x60, 0xBA, 0x4F, 0xE0, 0x49, 0x74, 0x7B, 0x29, 0xFD, 0x83,
    0x48, 0x01, 0xD8, 0xE5, 0xF3, 0x43, 0x72, 0x4D, 0x5D, 0x0B, 0xCB, 0x7C, 0xFF, 0x89, 0xFA, 0x63,
    0xA7, 0xA6, 0x77, 0xC9, 0x93, 0x13, 0x25, 0xFD, 0x66, 0x49, 0xF2, 0x89, 0xD0, 0x05, 0x3F, 0x05,
    0x36, 0xCF, 0xF4, 0x57, 0xEB, 0x19, 0x25, 0x83, 0xBB, 0xDD, 0x81, 0x03, 0x56, 0x4C, 0x05, 0x7B,
    0x80, 0xA3, 0xDD, 0x40, 0x33, 0x99, 0xFD, 0xA8, 0xA8, 0x85, 0xEC, 0x18, 0xB3, 0x6C, 0xE1, 0x20,
    0x1B, 0xA9, 0x82, 0xD1, 0x0B, 0x35, 0x5E, 0xA8, 0x24, 0x44, 0xF3, 0xFF, 0x41, 0x6A, 0xEB, 0x93,
    0xFC, 0x18, 0xCF, 0xF7, 0xB7, 0x5E, 0xF1, 0xA8, 0xF2, 0xBB, 0x0E, 0x17, 0xED, 0xF0, 0x02, 0x37,
    0x77, 0x38, 0x8E, 0x28, 0x69, 0xBA, 0xAA, 0xD9, 0x3E, 0x75, 0x56, 0x77, 0xC4, 0xD6, 0xDE, 0x78,
    0x4C, 0x6C, 0x4C, 0x58, 0xB1, 0xE3, 0x09, 0xE0, 0x6B, 0x76, 0x40, 0xFC, 0x43, 0xCF, 0x6F, 0x6F,
    0x28, 0xBF, 0x67, 0x29, 0x99, 0x84, 0x59, 0x15, 0x07, 0x09, 0x4F, 0xD2, 0xAD, 0xBA, 0x5A, 0x43,
    0x21, 0x5C, 0x33, 0x08, 0xB5, 0x9C, 0xF9, 0x9C, 0x52, 0x25, 0x6C, 0x06, 0xC3, 0x4F, 0x5E, 0x5C,
    0x9D, 0xF3, 0xF7, 0x5E, 0xD9, 0xEA, 0x59, 0xD4, 0x88, 0xEE, 0xBD, 0xB2, 0x3D, 0xAC, 0xF7, 0xDB,
    0xC9, 0xBC, 0x2F, 0x69, 0x0B, 0xAA, 0x68, 0xDE, 0x97, 0x34, 0xEF, 0x77, 0x93, 0xBC, 0xB7, 0xD5,
    0xDD, 0xFC, 0xB8, 0x1C, 0x0C, 0x27, 0x77, 0xED, 0xF3, 0xD8, 0xBA, 0x28, 0xF5, 0x0A, 0xD7, 0xB4,
    0x1E, 0x9C, 0xFA, 0x6B, 0x3C, 0x34, 0x8F, 0x21, 0xD3, 0x4E, 0xAA, 0x9D, 0x54, 0x5A, 0x95, 0x5D,
    0x54, 0x99, 0x54, 0xB7, 0x15, 0xFA, 0xF8, 0xAB, 0x38, 0x3A, 0xFA, 0xC1, 0x49, 0xD3, 0x5E, 0x8D,
    0x97, 0x3F, 0x38, 0xD9, 0x9C, 0xD7, 0x92, 0xBB, 0x09, 0x9B, 0x2B, 0x0C, 0xAC, 0x08, 0x12, 0x3C,
    0x36, 0x01, 0x68, 0x18, 0xB5, 0x35, 0x09, 0xE0, 0x57, 0x79, 0xF0, 0x78, 0xE5, 0xEA, 0xAF, 0x22,
    0xA4, 0xBF, 0x00, 0x74, 0x8F, 0x2F, 0x8C, 0x14, 0x31, 0x14, 0xC6, 0xBF, 0xD9, 0x86, 0x1D, 0x2E,
    0x2B, 0xC6, 0xDC, 0x22, 0x08, 0xA4, 0x68, 0xCC, 0x78, 0xF5, 0xEA, 0xD5, 0x09, 0xF0, 0x3E, 0x78,
    0xDD, 0x12, 0x7C, 0x82, 0xD7, 0xA8, 0xD3, 0xA7, 0xAF, 0x05, 0x7C, 0x32, 0xC9, 0x41, 0xB0, 0x23,
    0x50, 0xA8, 0x8A, 0x11, 0x4D, 0xE8, 0xCC, 0x47, 0x3B, 0xFB, 0x27, 0xB0, 0x39, 0x7E, 0xAF, 0xAF,
    0x7D, 0xE9, 0x7C, 0xFD, 0xDE, 0x3C, 0x14, 0x2C, 0xF9, 0x58, 0xD2, 0x5D, 0x6C, 0xAF, 0x6F, 0x6F,
    0x6F, 0x8D, 0x90, 0x0C, 0x17, 0x5B, 0xFD, 0xE0, 0x84, 0x2B, 0xF8, 0xDF, 0x59, 0x45, 0x05, 0x58,
    0xAE, 0x3C, 0x7A, 0x9C, 0x34, 0xC0, 0x9D, 0xCA, 0x5D, 0x94, 0x60, 0x8D, 0x77, 0x7E, 0xF4, 0x93,
    0xA4, 0x7E, 0xDA, 0xBA, 0x36, 0xEA, 0xAC, 0x97, 0x8E, 0x8A, 0x58, 0x9A, 0x59, 0x65, 0x1D, 0x7B,
    0x77, 0x85, 0x06, 0x3A, 0x4A, 0x92, 0xAC, 0x73, 0x9B, 0x55, 0x56, 0xA9, 0x8B, 0x36, 0x08, 0xAE,
    0xB1, 0x72, 0x87, 0xA8, 0x72, 0x5B, 0xEE, 0xF4, 0x28, 0x41, 0x5C, 0xF1, 0x83, 0x77, 0x34, 0x7E,
    0xE4, 0xE0, 0x27, 0x96, 0x77, 0x3E, 0xF6, 0x93, 0xC4, 0xAD, 0xDB, 0x9A, 0x36, 0xEE, 0x46, 0x9D,
    0xFB, 0xA4, 0x97, 0x3E, 0x77, 0xD4, 0xB3, 0x62, 0x3B, 0x63, 0xD9, 0xCC, 0xCD, 0xBC, 0xC9, 0xC5,
    0x63, 0x2A, 0xDD, 0xC6, 0xDE, 0x89, 0xB9, 0xC2, 0x53, 0x34, 0x87, 0xAE, 0x83, 0x24, 0x1B, 0x25,
    0xDB, 0xA4, 0xB3, 0xA4, 0x36, 0x77, 0xA9, 0xEA, 0x54, 0xDA, 0xC5, 0xD2, 0x6F, 0xB0, 0xC1, 0x3B,
    0xC1, 0x3D, 0xAE, 0xF1, 0x0A, 0x95, 0x86, 0xE1, 0x9F, 0xDC, 0xF3, 0x3B, 0x3C, 0x69, 0xFE, 0xCE,
    0x4B, 0xCD, 0x65, 0x1E, 0xD9, 0xD0, 0x1D, 0xD6, 0x3B, 0xFE, 0xF2, 0xE4, 0x61, 0x3D, 0xE3, 0xB7,
    0x72, 0xE3, 0xB9, 0x9C, 0x6F, 0x36, 0x0C, 0x67, 0x65, 0x59, 0x58, 0xD9, 0xCD, 0x10, 0x1A, 0xCB,
    0xE0, 0x19, 0xC8, 0xA1, 0xEC, 0x42, 0xA7, 0x89, 0xCD, 0x4F, 0x6C, 0x4D, 0x0D, 0x19, 0x6B, 0xD8,
    0x58, 0xC3, 0xAF, 0x71, 0xA8, 0x65, 0xA8, 0xF1, 0x04, 0x35, 0x70, 0x6F, 0x80, 0xB7, 0x25, 0x81,
    0x96, 0x11, 0xCD, 0xC1, 0x5C, 0x33, 0x43, 0x11, 0x15, 0xF9, 0x3D, 0x63, 0x97, 0x51, 0xB1, 0x5F,
    0x16, 0xE8, 0x84, 0x8A, 0x77, 0x84, 0xC4, 0x43, 0x69, 0x08, 0x1F, 0x4E, 0xE5, 0xD1, 0x00, 0xF6,
    0x3D, 0x8F, 0x06, 0x90, 0x1F, 0xF3, 0xD1, 0x00, 0x3D, 0xF3, 0xD1, 0x00, 0x1D, 0xA3, 0xC4, 0xE7,
    0x1F, 0xB1, 0xFD, 0x84, 0x3A, 0x6C, 0xE0, 0x3A, 0x0D, 0xD0, 0xF0, 0x03, 0x09, 0x32, 0x00, 0x8A,
    0xED, 0xC2, 0xCF, 0xF4, 0x11, 0xD8, 0xE5, 0x6E, 0x92, 0xAF, 0x73, 0x17, 0x01, 0x9D, 0xBA, 0xD8,
    0x3F, 0xE4, 0xDD, 0x04, 0x48, 0x3C, 0x97, 0x3E, 0x9C, 0xCA, 0x86, 0xAE, 0x8B, 0xF2, 0x50, 0x1E,
    0x40, 0x11, 0xBB, 0x54, 0xFE, 0x5A, 0xC7, 0x3A, 0x82, 0x22, 0x1D, 0x39, 0xD6, 0x11, 0x1A, 0x2E,
    0xB0, 0x74, 0xEB, 0x08, 0x36, 0x41, 0x2F, 0x58, 0x69, 0x00, 0x18, 0xEC, 0x6F, 0xF6, 0x37, 0x32,
    0xD9, 0x28, 0xD1, 0x8E, 0x32, 0xFA, 0x20, 0x43, 0xC9, 0xE0, 0x9D, 0x0D, 0xDE, 0x58, 0x43, 0x58,
    0x2C, 0xD8, 0xE3, 0x0D, 0x2A, 0x2F, 0x01, 0x1B, 0x40, 0x57, 0x3B, 0xCD, 0xD0, 0xB9, 0x3A, 0xFA,
    0x11, 0x32, 0xA1, 0xCB, 0x68, 0x17, 0x6C, 0x68, 0xC0, 0x00, 0x71, 0x78, 0x81, 0x03, 0x7A, 0x7D,
    0x21, 0x23, 0xFA, 0x55, 0xA3, 0x58, 0xC7, 0x07, 0x83, 0xA2, 0x29, 0xFA, 0x6E, 0x75, 0xB0, 0x03,
    0xC4, 0x60, 0x8B, 0x13, 0x7B, 0x83, 0x02, 0x1D, 0x50, 0xC4, 0x28, 0xB4, 0x33, 0x0A, 0x5D, 0x02,
    0x50, 0xF5, 0x05, 0x3B, 0x9C, 0x25, 0xEA, 0xCF, 0x68, 0xAA, 0x04, 0x00, 0x94, 0x90, 0x21, 0x4C,
    0xC4, 0x30, 0x18, 0x85, 0xDF, 0x58, 0xC2, 0x85, 0x4C, 0x14, 0x81, 0x42, 0x30, 0x6F, 0xA8, 0x57,
    0x9D, 0x43, 0x60, 0x4E, 0xE0, 0x31, 0x87, 0x40, 0xE1, 0x55, 0x9B, 0xE0, 0xBD, 0xC0, 0x6B, 0x34,
    0x86, 0xCE, 0xAB, 0x39, 0x24, 0x4D, 0x70, 0x98, 0xAB, 0xA8, 0x80, 0x70, 0xEB, 0xE3, 0xED, 0x4E,
    0x21, 0xD9, 0xDE, 0x9F, 0x6C, 0x4D, 0xFE, 0xF7, 0xBE, 0x57, 0xDC, 0x61, 0xC5, 0xB1, 0x67, 0x76,
    0xFC, 0xF2, 0x8F, 0xBB, 0xD8, 0xCC, 0xDC, 0x4B, 0x1F, 0xFA, 0xD5, 0xA1, 0x61, 0x6E, 0x19, 0x70,
    0x06, 0x34, 0x6B, 0xC0, 0x14, 0xC0, 0x6A, 0x7C, 0x41, 0xC3, 0x82, 0xF6, 0xA7, 0xC0, 0x7C, 0x14,
    0xD8, 0xB7, 0x6F, 0x38, 0x72, 0x58, 0xE6, 0xFC, 0xB9, 0x02, 0x5D, 0x39, 0xCC, 0xE1, 0xB1, 0x1C,
    0xDD, 0x41, 0x80, 0x7F, 0x81, 0x67, 0xB8, 0x8C, 0x13, 0x4C, 0x3A, 0x35, 0xC9, 0x71, 0x8A, 0x1C,
    0x1F, 0x2A, 0x9A, 0x01, 0xB8, 0x17, 0x4B, 0xEA, 0x99, 0xDC, 0xE7, 0xE8, 0x07, 0xC4, 0x57, 0x44,
    0x4E, 0xDC, 0xE6, 0xB8, 0xCA, 0xB1, 0xCD, 0xEE, 0x3D, 0x5B, 0x4E, 0x1D, 0x07, 0x88, 0x03, 0x88,
    0x0C, 0x5A, 0x94, 0xE0, 0x03, 0xE2, 0x00, 0xE2, 0x68, 0x46, 0xBB, 0x5B, 0x52, 0x4D, 0x46, 0x9F,
    0xE0, 0x46, 0x60, 0x03, 0xC3, 0xE0, 0x64, 0x78, 0x95, 0x9D, 0x1C, 0xB6, 0xC9, 0x70, 0xB4, 0x4C,
    0xBE, 0x95, 0x61, 0xF1, 0xD7, 0x2A, 0x9D, 0x3A, 0x06, 0xDC, 0xA0, 0xD9, 0xA0, 0x17, 0xBE, 0x0C,
    0x6F, 0x53, 0xED, 0x72, 0x35, 0x39, 0x52, 0x71, 0xF9, 0xF8, 0x29, 0x8B, 0x53, 0xFC, 0x62, 0xB6,
    0xF3, 0x02, 0xF9, 0x8F, 0x0B, 0x43, 0x53, 0x4D, 0x75, 0xB5, 0xAF, 0x27, 0x15, 0x7F, 0xDF, 0x85,
    0x4C, 0xC1, 0x2A, 0xEF, 0x99, 0x2E, 0x4C, 0x82, 0x24, 0x5E, 0x0E, 0xAB, 0x1D, 0x6C, 0x82, 0x97,
    0xFB, 0x5E, 0x00, 0x9C, 0xB0, 0x94, 0x2D, 0xC7, 0x59, 0xDD, 0x44, 0x09, 0x75, 0x40, 0x3F, 0x49,
    0xFB, 0xF5, 0xE0, 0x2B, 0xB0, 0xFE, 0x1D, 0x24, 0x76, 0x46, 0x63, 0x07, 0x00, 0xAD, 0x95, 0x01,
    0x84, 0xE5, 0x56, 0x14, 0x86, 0xFF, 0xBC, 0xEC, 0x34, 0xE5, 0x21, 0xB0, 0xB3, 0x65, 0x5B, 0x02,
    0x50, 0x5B, 0x15, 0x00, 0xD0, 0xBD, 0xA1, 0x00, 0x30, 0xD8, 0xB7, 0x00, 0x05, 0xD0, 0x5D, 0xB5,
    0x50, 0x40, 0x49, 0xB4, 0x80, 0xC2, 0x00, 0x00, 0x16, 0x05, 0xB3, 0x58, 0x80, 0x62, 0x49, 0x28,
    0x00, 0xA4, 0x6A, 0x2C, 0xA0, 0x59, 0x35, 0xDD, 0x9A, 0xA2, 0x41, 0x6A, 0xD3, 0xB7, 0x49, 0xFE,
    0xDE, 0xFF, 0x1E, 0x33, 0x6F, 0xBC, 0x61, 0xB4, 0xD5, 0xE3, 0xCD, 0xF7, 0xDF, 0x39, 0xB9, 0xE7,
    0x9C, 0xE3, 0xBD, 0x9C, 0x7B, 0x71, 0x69, 0xDF, 0x07, 0x0E, 0x00, 0xEE, 0x6E, 0x7B, 0xE0, 0x1D,
    0x72, 0x00, 0x72, 0x72, 0x01, 0x48, 0xB2, 0x89, 0x03, 0xD7, 0x5C, 0x4A, 0x22, 0x65, 0x7B, 0xFF,
    0x05, 0x72, 0xE2, 0xAB, 0xDB, 0x70, 0x33, 0x5E, 0x00, 0xE5, 0x84, 0xC1, 0x73, 0x58, 0xF5, 0x40,
    0x3D, 0xC4, 0x9D, 0x98, 0x34, 0x62, 0x5A, 0x01, 0xE5, 0x98, 0x16, 0x80, 0x9B, 0x72, 0x78, 0x2E,
    0x9F, 0x40, 0x89, 0x27, 0x7C, 0x80, 0x94, 0x53, 0xB4, 0x20, 0x21, 0x49, 0xAC, 0xC4, 0x06, 0xB5,
    0x67, 0x85, 0x8C, 0x9C, 0x81, 0x94, 0x6C, 0x81, 0x2C, 0x3A, 0x02, 0x70, 0x1F, 0xB2, 0x8F, 0x05,
    0xB3, 0x83, 0xCD, 0x66, 0x73, 0x94, 0x92, 0xEC, 0xAF, 0xE1, 0xE4, 0xE4, 0x69, 0xBA, 0x00, 0xD8,
    0x83, 0x1E, 0x14, 0xA9, 0xF2, 0xEF, 0x61, 0xB7, 0x85, 0x1C, 0x85, 0x69, 0x87, 0x6B, 0x59, 0x80,
    0x27, 0xBF, 0x79, 0x24, 0x6A, 0x53, 0x7D, 0xF6, 0x40, 0x19, 0xC8, 0xE0, 0x61, 0xE7, 0x7B, 0x8C,
    0xD8, 0x40, 0x2C, 0x2E, 0x09, 0x3D, 0xC3, 0x5D, 0x9E, 0x9F, 0x84, 0x20, 0x6A, 0xBD, 0xF5, 0x6B,
    0xB8, 0x4E, 0xFE, 0x7A, 0xBB, 0xF3, 0x87, 0x35, 0xB2, 0xDE, 0x03, 0xB9, 0x9E, 0x46, 0xF5, 0x88,
    0xDB, 0xC8, 0xC9, 0xF3, 0x09, 0x8E, 0x24, 0x91, 0x89, 0x45, 0x7A, 0xFC, 0x84, 0x33, 0x00, 0x3C,
    0x3A, 0x06, 0x36, 0x45, 0xF8, 0x63, 0x87, 0x15, 0x1B, 0x70, 0x30, 0x99, 0x4C, 0x16, 0x13, 0x16,
    0x26, 0x8D, 0x49, 0x6F, 0x32, 0x9A, 0xCC, 0x41, 0x7E, 0xA6, 0x97, 0x92, 0x7F, 0xF0, 0x25, 0x59,
    0x32, 0xD8, 0x63, 0xB6, 0xFC, 0x93, 0xE7, 0x60, 0x5B, 0xCE, 0x6C, 0xBC, 0xE4, 0x0C, 0x92, 0x9A,
    0xC4, 0x26, 0x91, 0x09, 0x6A, 0x13, 0x67, 0x92, 0x9A, 0x24, 0x26, 0xAA, 0xB0, 0xD9, 0x3C, 0x00,
    0x22, 0x92, 0x6D, 0xE0, 0x18, 0x48, 0x63, 0x11, 0x71, 0xFB, 0x9C, 0x4D, 0xA4, 0xA4, 0xCD, 0x47,
    0xDC, 0x3E, 0xE3, 0xD6, 0x51, 0x66, 0x6B, 0xEF, 0x4F, 0xF4, 0x94, 0x34, 0xB2, 0x10, 0x97, 0x2B,
    0x79, 0x8E, 0x3D, 0x5B, 0xE0, 0x5F, 0xF0, 0xF0, 0x08, 0xB2, 0x4D, 0x51, 0xF7, 0x52, 0x5F, 0xD7,
    0x8D, 0xB6, 0x28, 0xDC, 0x84, 0xE8, 0x01, 0x12, 0x22, 0x9F, 0x90, 0xCE, 0x58, 0x13, 0xD9, 0x8C,
    0x74, 0x81, 0x7D, 0x72, 0x22, 0x0B, 0x4E, 0xC7, 0x22, 0x9F, 0xB4, 0xAD, 0x64, 0xE5, 0x63, 0x63,
    0x56, 0xB5, 0x4F, 0x32, 0xA0, 0xE4, 0x29, 0x79, 0xE6, 0xD7, 0x35, 0xCD, 0x76, 0x8B, 0x43, 0xFE,
    0xB2, 0xE4, 0x7F, 0xF1, 0xB4, 0x40, 0xFD, 0x66, 0xCE, 0xF4, 0xA5, 0xA2, 0x7C, 0x3B, 0xA5, 0x64,
    0x05, 0x38, 0x8E, 0x09, 0x59, 0x00, 0x39, 0xFB, 0x98, 0x04, 0x90, 0xE9, 0x87, 0xB2, 0xF7, 0xB7,
    0x05, 0x67, 0x2D, 0xEC, 0xA7, 0x05, 0xD6, 0xAC, 0x50, 0x4E, 0xD6, 0x2E, 0xDC, 0x10, 0x16, 0x40,
    0xDE, 0x03, 0xC0, 0xBD, 0x63, 0x0F, 0xD7, 0xC3, 0x90, 0x92, 0x57, 0x60, 0xBE, 0xCF, 0x3D, 0x12,
    0xD6, 0xBD, 0xBD, 0xC5, 0x4E, 0x28, 0xBB, 0xB2, 0x47, 0xDD, 0x3A, 0x8F, 0x46, 0xD0, 0xBF, 0x6E,
    0x61, 0x8F, 0x9C, 0x1E, 0xA9, 0xB0, 0xA2, 0xEB, 0xB0, 0xB3, 0x92, 0x1C, 0xAF, 0xE0, 0xD0, 0x0F,
    0x25, 0x80, 0xE8, 0xF9, 0x77, 0x80, 0x82, 0x2A, 0x44, 0x61, 0xAC, 0x93, 0x8B, 0xB1, 0x26, 0xE0,
    0x78, 0xFC, 0x05, 0x50, 0xAB, 0x6F, 0xB0, 0xD7, 0x6E, 0x76, 0x96, 0x89, 0x17, 0x7C, 0x8F, 0xA7,
    0x1B, 0xE8, 0xBB, 0x34, 0xFF, 0x12, 0x48, 0xE0, 0x71, 0x18, 0x9A, 0x28, 0x44, 0x81, 0xA3, 0x58,
    0x2E, 0x78, 0x57, 0xA5, 0xB6, 0x0B, 0x90, 0x86, 0x4D, 0x71, 0xA8, 0x85, 0x5A, 0x75, 0x91, 0x28,
    0x18, 0x38, 0x28, 0x10, 0x6D, 0x80, 0xC3, 0x07, 0x21, 0x69, 0x3D, 0x49, 0x56, 0xEC, 0x25, 0x6B,
    0x36, 0x92, 0x9C, 0x90, 0xD4, 0x93, 0xE4, 0x6B, 0x76, 0x92, 0x6F, 0x59, 0x49, 0x9E, 0x2F, 0x90,
    0x84, 0x7A, 0x94, 0x35, 0x17, 0xF2, 0xCC, 0xF3, 0xA4, 0x0A, 0x15, 0x0B, 0x78, 0x79, 0xCD, 0xC6,
    0xC2, 0xFB, 0x90, 0x8C, 0x63, 0x10, 0x37, 0x07, 0xC9, 0x88, 0x2B, 0xF5, 0x62, 0x76, 0x12, 0x70,
    0x08, 0x52, 0xCE, 0x41, 0x72, 0xE2, 0x9F, 0x8C, 0xC8, 0x1D, 0x8D, 0xC2, 0x99, 0x93, 0x67, 0x29,
    0x79, 0xF6, 0x90, 0xB4, 0x75, 0xF0, 0x9F, 0xFE, 0xBF, 0x23, 0x02, 0xAC, 0x2A, 0x31, 0x6E, 0x77,
    0x7C, 0x7F, 0x5B, 0x00, 0x2B, 0xE5, 0x44, 0xAE, 0x2A, 0xF0, 0x60, 0x17, 0x07, 0xAE, 0xC9, 0x5F,
    0xD9, 0xA4, 0xFC, 0xA1, 0xCD, 0x91, 0x33, 0x6E, 0x6F, 0xC1, 0x4D, 0x8A, 0x2A, 0x8D, 0x83, 0x58,
    0x0F, 0x31, 0xB9, 0x18, 0x4B, 0xE3, 0x28, 0xFA, 0x9D, 0x67, 0x9F, 0x2D, 0x6E, 0x89, 0xDB, 0x74,
    0xCE, 0xF8, 0x4D, 0x9B, 0x4F, 0x29, 0x5F, 0xB7, 0xB5, 0x46, 0x42, 0xE7, 0x95, 0xD8, 0xA2, 0x0E,
    0x15, 0xED, 0x8A, 0x88, 0xEA, 0xD0, 0x63, 0xD2, 0x59, 0x6F, 0xFB, 0xB4, 0xCE, 0x0F, 0x8E, 0xC4,
    0x74, 0xD8, 0x31, 0x9B, 0x71, 0xC3, 0x15, 0xC7, 0xB7, 0x44, 0xCA, 0x9F, 0xBA, 0x17, 0xEA, 0xBF,
    0xD3, 0x15, 0x17, 0x77, 0xA1, 0x7F, 0x71, 0x10, 0xEB, 0x6B, 0x2C, 0x47, 0xD1, 0x4D, 0x81, 0x8B,
    0x98, 0xF3, 0xD3, 0x4E, 0x57, 0xDC, 0x9B, 0x57, 0x37, 0x5C, 0x71, 0xEA, 0x7F, 0xAF, 0x37, 0x71,
    0x67, 0x61, 0x77, 0xBF, 0x87, 0x47, 0xCF, 0xD8, 0xEB, 0xD1, 0x08, 0xDC, 0xAB, 0x97, 0xA7, 0x36,
    0xBB, 0xB9, 0x00, 0x37, 0x22, 0x7A, 0xC8, 0x1E, 0x6B, 0xB2, 0xB3, 0x4B, 0x2A, 0x56, 0x1D, 0x70,
    0x00, 0xEC, 0xAC, 0x70, 0x76, 0x96, 0x78, 0xAC, 0xED, 0x6D, 0xED, 0x00, 0x58, 0xBE, 0xCB, 0xC7,
    0x76, 0x26, 0x8A, 0x6C, 0xAF, 0xF3, 0x4B, 0xF1, 0xE5, 0x24, 0x5A, 0xF0, 0x02, 0x71, 0xB0, 0x57,
    0xE6, 0x36, 0x90, 0xF1, 0xC7, 0x09, 0x70, 0xFC, 0x7D, 0x04, 0x3E, 0xA4, 0xAA, 0x80, 0x33, 0x44,
    0x6D, 0x8F, 0x43, 0x9E, 0x9C, 0xED, 0x6A, 0x10, 0x13, 0xE2, 0x16, 0xDB, 0x6C, 0x01, 0xF8, 0xCA,
    0x2E, 0x5D, 0x0E, 0x81, 0xAD, 0xA8, 0xD4, 0xB5, 0xC2, 0x74, 0x18, 0xEF, 0x2C, 0xBB, 0xC6, 0x27,
    0x47, 0x1E, 0x6B, 0xDB, 0xAF, 0xD8, 0x55, 0xC8, 0x93, 0x78, 0xCE, 0x48, 0x3D, 0x89, 0x9C, 0x59,
    0xA6, 0x63, 0x3D, 0x5B, 0xEB, 0xA4, 0xCE, 0x74, 0xD6, 0x0F, 0xFF, 0x8D, 0x07, 0x81, 0xB8, 0x81,
    0x36, 0xC4, 0xEA, 0xA1, 0x0D, 0x1C, 0x03, 0x17, 0x31, 0x5C, 0xC3, 0xE7, 0xB5, 0xCE, 0x9F, 0x26,
    0x61, 0xE3, 0x79, 0xF5, 0x13, 0x8B, 0xE6, 0x27, 0x59, 0x05, 0xC2, 0x79, 0xCC, 0x81, 0x43, 0x60,
    0x85, 0x15, 0x5B, 0xC0, 0xB3, 0x01, 0xE4, 0x29, 0x2E, 0x78, 0x87, 0x67, 0xE6, 0xDF, 0xE3, 0xDF,
    0xCC, 0x94, 0x21, 0x8C, 0xE6, 0x54, 0x14, 0x85, 0x4F, 0x5B, 0xD8, 0x06, 0x2A, 0x8A, 0x00, 0x85,
    0xA8, 0x17, 0xE4, 0x79, 0xF5, 0xEA, 0x90, 0x20, 0x28, 0x08, 0x04, 0x7E, 0x11, 0xE3, 0x55, 0x8B,
    0x37, 0xBF, 0xD7, 0x2B, 0x98, 0x5D, 0x81, 0x46, 0xB5, 0x5E, 0x35, 0x41, 0x60, 0x9B, 0x80, 0x02,
    0x53, 0x51, 0xF1, 0x6F, 0xD2, 0xF6, 0x23, 0x27, 0xED, 0x36, 0xC3, 0x00, 0x9E, 0x9B, 0xC9, 0x77,
    0xE7, 0xBD, 0x77, 0xEE, 0x7D, 0x99, 0x73, 0x5F, 0x47, 0x2F, 0x6A, 0x49, 0xC5, 0x22, 0xA9, 0xDC,
    0x25, 0x55, 0x0C, 0xC6, 0x2C, 0x25, 0xAC, 0x92, 0x82, 0x37, 0x3F, 0x47, 0x0A, 0xD0, 0x25, 0xC0,
    0x50, 0x00, 0x63, 0x05, 0xCC, 0x71, 0x4D, 0x99, 0xDB, 0x59, 0xFD, 0xDC, 0x8F, 0x8A, 0x33, 0x83,
    0xC2, 0x09, 0x2F, 0xFB, 0x49, 0xED, 0xD4, 0x2E, 0x62, 0x8C, 0xBC, 0x61, 0x28, 0x81, 0x3A, 0x87,
    0x4D, 0x09, 0x2C, 0xEE, 0xD7, 0xE9, 0x49, 0x14, 0xDC, 0x3A, 0xF5, 0xEC, 0x73, 0x06, 0x2C, 0x16,
    0x4F, 0x81, 0x37, 0xBE, 0x23, 0xE3, 0xDE, 0xCF, 0x25, 0x6B, 0x3F, 0x47, 0x56, 0x26, 0xBE, 0x58,
    0xF9, 0x6D, 0x2B, 0x57, 0x58, 0xAA, 0xB5, 0x67, 0x0C, 0x6B, 0x4B, 0xDD, 0xDE, 0x23, 0x5F, 0x33,
    0x57, 0x2E, 0x8B, 0x40, 0xD7, 0xC3, 0xAE, 0xCF, 0x2A, 0x26, 0x49, 0x5F, 0xE9, 0x49, 0xDC, 0x8E,
    0x34, 0x1B, 0x4A, 0x17, 0x53, 0xD9, 0x6A, 0xAA, 0xD8, 0x4C, 0x95, 0x98, 0x0A, 0xD4, 0x4E, 0x91,
    0xC1, 0xA9, 0x67, 0x74, 0xA2, 0x9F, 0x5D, 0x46, 0x58, 0x5C, 0xB6, 0x97, 0xAB, 0xCB, 0x56, 0x17,
    0xAA, 0xBC, 0x67, 0xBB, 0xFD, 0x9B, 0x53, 0x5C, 0x36, 0x89, 0x4E, 0x6A, 0x07, 0xF5, 0x83, 0x44,
    0xE7, 0x8D, 0x84, 0x5A, 0x61, 0x56, 0x46, 0xD3, 0x7C, 0x77, 0x57, 0x0E, 0xB0, 0xAA, 0x74, 0xDA,
    0x55, 0xE1, 0x50, 0x34, 0xE9, 0x1A, 0xC7, 0x97, 0x38, 0xEE, 0xFF, 0xE4, 0xF7, 0xFC, 0xF1, 0x13,
    0xAF, 0x32, 0xEA, 0x62, 0xD7, 0xFF, 0x87, 0xE9, 0xEB, 0xFA, 0xC5, 0xA3, 0x02, 0x6C, 0x11, 0xB6,
    0x1E, 0x36, 0xFC, 0xFB, 0xFE, 0xFA, 0xB1, 0xDA, 0xA4, 0x1C, 0xDB, 0x36, 0x48, 0x9E, 0x48, 0xBC,
    0x4B, 0xDE, 0x2C, 0x38, 0x1E, 0x5D, 0x58, 0xA5, 0x7E, 0x56, 0xC2, 0xA8, 0x8C, 0xEE, 0xD8, 0xDA,
    0xA4, 0xFE, 0xEC, 0xD3, 0x9E, 0x3D, 0xDF, 0x6F, 0x1A, 0x8F, 0xD2, 0x07, 0x30, 0x3C, 0x83, 0x1D,
    0xAB, 0x75, 0x46, 0xB5, 0x48, 0xB6, 0x5A, 0x8A, 0xA3, 0xF5, 0x1E, 0xA1, 0xC7, 0x99, 0xE2, 0xB1,
    0x6D, 0xF2, 0xD0, 0xE4, 0x91, 0x5D, 0xB2, 0xE9, 0x92, 0x75, 0xEF, 0x64, 0xFB, 0xDF, 0x64, 0xD5,
    0x25, 0x6B, 0xDF, 0xC9, 0x92, 0x4B, 0x96, 0xFF, 0x97, 0xEC, 0x65, 0x2D, 0xC9, 0x82, 0xBB, 0x2A,
    0x14, 0xA9, 0x23, 0x9D, 0x7F, 0xA8, 0xCB, 0x5D, 0xE9, 0x2B, 0x39, 0x9A, 0xC6, 0x4C, 0x70, 0x4B,
    0xA5, 0x47, 0xCA, 0x8E, 0x94, 0x1F, 0xA9, 0x70, 0xB2, 0x55, 0x56, 0xAA, 0x5A, 0x4D, 0x85, 0x23,
    0xC5, 0xC5, 0x54, 0x3B, 0x9B, 0x62, 0x3A, 0xD2, 0xE8, 0x9D, 0x84, 0xC1, 0xE7, 0x19, 0x9D, 0x2D,
    0xCF, 0x90, 0x6B, 0x0B, 0xA7, 0x72, 0xB3, 0xC7, 0x2A, 0x8E, 0x07, 0x9C, 0x11, 0x9C, 0x52, 0x5A,
    0xF7, 0x4A, 0xC0, 0xBD, 0x04, 0xD3, 0xF9, 0xF0, 0xAF, 0xCF, 0xE0, 0xFA, 0x68, 0x2B, 0xEA, 0x27,
    0x5F, 0x4A, 0xBE, 0x9B, 0x7A, 0x79, 0x53, 0xFA, 0xA8, 0x8C, 0x55, 0x81, 0xB1, 0x84, 0x1A, 0xE6,
    0x00, 0xBF, 0xC0, 0x1A, 0x01, 0x0F, 0x72, 0x0A, 0x6C, 0xC5, 0xDE, 0x0F, 0x39, 0x53, 0x46, 0x3F,
    0x64, 0x0C, 0x29, 0xE7, 0xCA, 0x67, 0xF7, 0x7C, 0x3F, 0x95, 0x67, 0xDD, 0xD1, 0x65, 0x39, 0x7B,
    0xEA, 0xE1, 0xA6, 0xF4, 0x67, 0x5D, 0x51, 0xD0, 0x49, 0x6A, 0x99, 0x25, 0x61, 0xA6, 0x30, 0xC9,
    0xDE, 0x8D, 0xB6, 0xEE, 0x87, 0xC1, 0x12, 0xC9, 0x7F, 0xEE, 0x45, 0xBB, 0x77, 0x31, 0x98, 0x7E,
    0x8D, 0x97, 0x8F, 0x71, 0xD6, 0x65, 0x66, 0x7F, 0x70, 0x32, 0x39, 0x68, 0x2B, 0xEC, 0xAA, 0xAF,
    0x32, 0x33, 0x33, 0xFF, 0x96, 0xCE, 0x5E, 0xD8, 0x93, 0x00, 0xAE, 0x67, 0x73, 0x25, 0x6E, 0x59,
    0x30, 0xEA, 0xFA, 0x1F, 0x64, 0xE6, 0xDC, 0xCA, 0xB1, 0x62, 0x7F, 0x18, 0x23, 0x30, 0xC4, 0x5F,
    0xA1, 0x8B, 0x75, 0xE0, 0x3C, 0xFF, 0xC8, 0x12, 0xBA, 0x0F, 0x6F, 0x15, 0x6F, 0xC3, 0x18, 0xB0,
    0xE4, 0x4F, 0xA3, 0x7E, 0xC0, 0xB7, 0xFF, 0x78, 0xBD, 0xCA, 0xF3, 0x8D, 0x63, 0xC9, 0x33, 0x28,
    0xDF, 0x9E, 0xCA, 0xFE, 0x4D, 0xF2, 0x0D, 0x4D, 0x53, 0x5F, 0xEF, 0xF6, 0x8A, 0x0F, 0x7C, 0x87,
    0xE7, 0xD9, 0xEE, 0x1E, 0x33, 0xCA, 0xE1, 0xAD, 0x7A, 0x76, 0x09, 0x6A, 0xE3, 0x26, 0x2F, 0x6B,
    0xBD, 0xF0, 0x81, 0x25, 0xA7, 0x58, 0x89, 0xEF, 0xD4, 0x7B, 0xFA, 0xA4, 0x69, 0x1A, 0x01, 0x74,
    0xCF, 0xF0, 0xB1, 0xCF, 0x83, 0xED, 0x88, 0x6E, 0x15, 0x5D, 0xFF, 0x29, 0xFC, 0x2E, 0x3D, 0x40,
    0xE7, 0xB6, 0x9D, 0x12, 0xC3, 0x4B, 0x1F, 0x1C, 0x92, 0xB0, 0xD7, 0x67, 0x99, 0x1B, 0xE8, 0xAF,
    0xE1, 0x34, 0x1E, 0x00, 0xAC, 0xCE, 0x31, 0x11, 0x42, 0x31, 0x10, 0x00, 0xD1, 0xBD, 0x18, 0xA1,
    0xC7, 0x04, 0x28, 0xC2, 0x42, 0x32, 0xB8, 0x21, 0x2A, 0x6E, 0x70, 0x10, 0x14, 0xE0, 0x64, 0xC9,
    0xCD, 0xD0, 0xFD, 0xF6, 0x37, 0xAF, 0xD9, 0x66, 0x01, 0xAE, 0x45, 0x98, 0xC4, 0xAB, 0xF9, 0xE5,
    0xE2, 0x67, 0xDB, 0x5D, 0x26, 0x9A, 0x0F, 0x42, 0x07, 0xDB, 0x05, 0x34, 0xF3, 0xEF, 0x1C, 0x37,
    0xBD, 0x9B, 0x47, 0xAB, 0x9E, 0x66, 0x5D, 0xC5, 0x1C, 0xD4, 0x55, 0xD2, 0x4B, 0xF4, 0x6D, 0x86,
    0x3E, 0xCB, 0xD5, 0x7E, 0x03, 0xAA, 0x84, 0x23, 0xB0, 0x1B, 0x9C, 0xB0, 0x91, 0x4C, 0x54, 0x45,
    0x00,
};

static const EpdGlyph lexenddeca_16_boldGlyphs[] = {
    { 0, 0, 148, 0, 0, 0, 0 }, // U+000D
    { 0, 0, 171, 0, 0, 0, 0 }, // U+0020
    { 6, 25, 165, 2, 24, 38, 0 }, // !
    { 15, 10, 254, 1, 24, 38, 38 }, // "
    { 22, 24, 391, 1, 24, 132, 76 }, // #
    { 20, 31, 338, 0, 27, 155, 208 }, // $
    { 30, 25, 516, 1, 24, 188, 363 }, // %
    { 25, 25, 414, 1, 24, 157, 551 }, // &
    { 7, 10, 134, 1, 24, 18, 708 }, // '
    { 12, 31, 208, 1, 24, 93, 726 }, // (
    { 12, 31, 208, 0, 24, 93, 819 }, // )
    { 15, 14, 235, 0, 25, 53, 912 }, // *
    { 18, 17, 318, 1, 18, 77, 965 }, // +
    { 8, 12, 153, 1, 5, 24, 1042 }, // ,
    { 13, 6, 239, 1, 13, 20, 1066 }, // -
    { 7, 7, 137, 1, 6, 13, 1086 }, // .
    { 20, 29, 317, 0, 24, 145, 1099 }, // /
    { 21, 25, 360, 1, 24, 132, 1244 }, // 0
    { 15, 24, 299, 2, 24, 90, 1376 }, // 1
    { 18, 24, 292, 0, 24, 108, 1466 }, // 2
    { 19, 25, 315, 0, 24, 119, 1574 }, // 3
    { 21, 24, 353, 0, 24, 126, 1693 }, // 4
    { 18, 25, 318, 1, 24, 113, 1819 }, // 5
    { 18, 24, 309, 1, 24, 108, 1932 }, // 6
    { 17, 24, 295, 1, 24, 102, 2040 }, // 7
    { 18, 25, 319, 1, 24, 113, 2142 }, // 8
    { 18, 24, 308, 1, 24, 108, 2255 }, // 9
    { 7, 19, 137, 1, 18, 34, 2363 }, // :
    { 8, 25, 155, 1, 18, 50, 2397 }, // ;
    { 16, 19, 280, 1, 18, 76, 2447 }, // <
    { 17, 13, 332, 2, 16, 56, 2523 }, // =
    { 16, 19, 280, 1, 18, 76, 2579 }, // >
    { 17, 25, 286, 0, 24, 107, 2655 }, // ?
    { 30, 30, 515, 1, 24, 225, 2762 }, // @
    { 25, 24, 370, -1, 24, 150, 2987 }, // A
    { 20, 24, 374, 2, 24, 120, 3137 }, // B
    { 22, 25, 370, 1, 24, 138, 3257 }, // C
    { 23, 24, 412, 2, 24, 138, 3395 }, // D
    { 18, 24, 344, 2, 24, 108, 3533 }, // E
    { 17, 24, 330, 2, 24, 102, 3641 }, // F
    { 24, 25, 417, 1, 24, 150, 3743 }, // G
    { 22, 24, 415, 2, 24, 132, 3893 }, // H
    { 15, 24, 296, 2, 24, 90, 4025 }, // I
    { 19, 25, 355, 1, 24, 119, 4115 }, // J
    { 23, 24, 394, 2, 24, 138, 4234 }, // K
    { 17, 24, 325, 2, 24, 102, 4372 }, // L
    { 25, 24, 468, 2, 24, 150, 4474 }, // M
    { 22, 24, 430, 2, 24, 132, 4624 }, // N
    { 25, 25, 433, 1, 24, 157, 4756 }, // O
    { 19, 24, 353, 2, 24, 114, 4913 }, // P
    { 25, 28, 433, 1, 24, 175, 5027 }, // Q
    { 21, 24, 374, 2, 24, 126, 5202 }, // R
    { 20, 25, 338, 0, 24, 125, 5328 }, // S
    { 20, 24, 349, 1, 24, 120, 5453 }, // T
    { 21, 25, 408, 2, 24, 132, 5573 }, // U
    { 24, 24, 380, 0, 24, 144, 5705 }, // V
    { 33, 24, 530, 0, 24, 198, 5849 }, // W
    { 25, 24, 376, -1, 24, 150, 6047 }, // X
    { 25, 24, 367, -1, 24, 150, 6197 }, // Y
    { 19, 24, 364, 2, 24, 114, 6347 }, // Z
    { 11, 31, 224, 2, 24, 86, 6461 }, // [
    { 20, 28, 311, 0, 24, 140, 6547 }, // <backslash>
    { 11, 31, 224, 1, 24, 86, 6687 }, // ]
    { 20, 13, 316, 0, 25, 65, 6773 }, // ^
    { 21, 5, 366, 1, -2, 27, 6838 }, // _
    { 9, 8, 267, 4, 27, 18, 6865 }, // `
    { 19, 20, 351, 1, 19, 95, 6883 }, // a
    { 19, 26, 351, 2, 25, 124, 6978 }, // b
    { 17, 20, 291, 1, 19, 85, 7102 }, // c
    { 19, 26, 349, 1, 25, 124, 7187 }, // d
    { 18, 20, 312, 1, 19, 90, 7311 }, // e
    { 14, 25, 210, 0, 25, 88, 7401 }, // f
    { 20, 27, 357, 1, 19, 135, 7489 }, // g
    { 18, 25, 339, 2, 25, 113, 7624 }, // h
    { 7, 27, 170, 2, 27, 48, 7737 }, // i
    { 11, 34, 169, -2, 27, 94, 7785 }, // j
    { 19, 25, 334, 2, 25, 119, 7879 }, // k
    { 6, 25, 162, 2, 25, 38, 7998 }, // l
    { 28, 19, 513, 2, 19, 133, 8036 }, // m
    { 18, 19, 339, 2, 19, 86, 8169 }, // n
    { 20, 20, 342, 1, 19, 100, 8255 }, // o
    { 19, 27, 351, 2, 19, 129, 8355 }, // p
    { 19, 27, 351, 1, 19, 129, 8484 }, // q
    { 13, 19, 243, 2, 19, 62, 8613 }, // r
    { 16, 20, 264, 0, 19, 80, 8675 }, // s
    { 13, 23, 212, 0, 23, 75, 8755 }, // t
    { 17, 19, 342, 2, 18, 81, 8830 }, // u
    { 20, 18, 323, 0, 18, 90, 8911 }, // v
    { 28, 18, 445, 0, 18, 126, 9001 }, // w
    { 20, 18, 323, 0, 18, 90, 9127 }, // x
    { 21, 26, 331, 0, 18, 137, 9217 }, // y
    { 16, 18, 293, 1, 18, 72, 9354 }, // z
    { 13, 31, 228, 1, 24, 101, 9426 }, // {
    { 6, 32, 170, 2, 25, 48, 9527 }, // |
    { 13, 31, 228, 0, 24, 101, 9575 }, // }
    { 17, 8, 298, 1, 14, 34, 9676 }, // ~
    { 0, 0, 171, 0, 0, 0, 0 }, // U+00A0
    { 6, 26, 165, 2, 19, 39, 0 }, // U+00A1
    { 18, 24, 300, 1, 24, 108, 39 }, // U+00A2
    { 21, 25, 340, 0, 24, 132, 147 }, // U+00A3
    { 18, 17, 299, 0, 19, 77, 279 }, // U+00A4
    { 25, 24, 367, -1, 24, 150, 356 }, // U+00A5
    { 6, 32, 173, 2, 25, 48, 506 }, // U+00A6
    { 18, 29, 307, 1, 24, 131, 554 }, // U+00A7
    { 15, 7, 267, 1, 27, 27, 685 }, // U+00A8
    { 26, 25, 422, 0, 24, 163, 712 }, // U+00A9
    { 12, 12, 209, 0, 25, 36, 875 }, // U+00AA
    { 18, 17, 300, 0, 17, 77, 911 }, // U+00AB
    { 20, 11, 357, 1, 14, 55, 988 }, // U+00AC
    { 13, 6, 242, 1, 13, 20, 1043 }, // U+00AD
    { 17, 18, 270, 0, 25, 77, 1063 }, // U+00AE
    { 12, 4, 226, 2, 25, 12, 1140 }, // U+00AF
    { 12, 11, 284, 3, 24, 33, 1152 }, // U+00B0
    { 18, 21, 342, 2, 20, 95, 1185 }, // U+00B1
    { 11, 13, 194, 1, 27, 36, 1280 }, // U+00B2
    { 10, 14, 190, 1, 27, 35, 1316 }, // U+00B3
    { 9, 8, 267, 4, 27, 18, 1351 }, // U+00B4
    { 17, 24, 341, 2, 18, 102, 1369 }, // U+00B5
    { 22, 24, 407, 1, 24, 132, 1471 }, // U+00B6
    { 7, 7, 137, 1, 15, 13, 1603 }, // U+00B7
    { 8, 10, 267, 4, 1, 20, 1616 }, // U+00B8
    { 8, 14, 155, 0, 27, 28, 1636 }, // U+00B9
    { 12, 11, 213, 1, 24, 33, 1664 }, // U+00BA
    { 18, 17, 301, 1, 17, 77, 1697 }, // U+00BB
    { 26, 26, 438, 1, 25, 169, 1774 }, // U+00BC
    { 26, 25, 441, 1, 25, 163, 1943 }, // U+00BD
    { 28, 26, 453, 0, 25, 182, 2106 }, // U+00BE
    { 17, 26, 286, 0, 19, 111, 2288 }, // U+00BF
    { 25, 32, 370, -1, 32, 200, 2399 }, // U+00C0
    { 25, 32, 370, -1, 32, 200, 2599 }, // U+00C1
    { 25, 31, 370, -1, 31, 194, 2799 }, // U+00C2
    { 25, 31, 370, -1, 31, 194, 2993 }, // U+00C3
    { 25, 31, 370, -1, 31, 194, 3187 }, // U+00C4
    { 25, 31, 370, -1, 31, 194, 3381 }, // U+00C5
    { 35, 24, 573, -1, 24, 210, 3575 }, // U+00C6
    { 22, 33, 370, 1, 24, 182, 3785 }, // U+00C7
    { 18, 32, 344, 2, 32, 144, 3967 }, // U+00C8
    { 18, 32, 344, 2, 32, 144, 4111 }, // U+00C9
    { 18, 31, 344, 2, 31, 140, 4255 }, // U+00CA
    { 18, 31, 344, 2, 31, 140, 4395 }, // U+00CB
    { 15, 32, 296, 2, 32, 120, 4535 }, // U+00CC
    { 15, 32, 296, 2, 32, 120, 4655 }, // U+00CD
    { 15, 31, 296, 2, 31, 117, 4775 }, // U+00CE
    { 15, 31, 296, 2, 31, 117, 4892 }, // U+00CF
    { 24, 24, 412, 1, 24, 144, 5009 }, // U+00D0
    { 22, 31, 430, 2, 31, 171, 5153 }, // U+00D1
    { 25, 33, 433, 1, 32, 207, 5324 }, // U+00D2
    { 25, 33, 433, 1, 32, 207, 5531 }, // U+00D3
    { 25, 32, 433, 1, 31, 200, 5738 }, // U+00D4
    { 25, 32, 433, 1, 31, 200, 5938 }, // U+00D5
    { 25, 32, 433, 1, 31, 200, 6138 }, // U+00D6
    { 16, 16, 284, 1, 17, 64, 6338 }, // U+00D7
    { 25, 27, 430, 1, 25, 169, 6402 }, // U+00D8
    { 21, 33, 408, 2, 32, 174, 6571 }, // U+00D9
    { 21, 33, 408, 2, 32, 174, 6745 }, // U+00DA
    { 21, 32, 408, 2, 31, 168, 6919 }, // U+00DB
    { 21, 32, 408, 2, 31, 168, 7087 }, // U+00DC
    { 25, 32, 367, -1, 32, 200, 7255 }, // U+00DD
    { 19, 24, 353, 2, 24, 114, 7455 }, // U+00DE
    { 22, 26, 356, 0, 25, 143, 7569 }, // U+00DF
    { 19, 28, 351, 1, 27, 133, 7712 }, // U+00E0
    { 19, 28, 351, 1, 27, 133, 7845 }, // U+00E1
    { 19, 27, 351, 1, 26, 129, 7978 }, // U+00E2
    { 19, 27, 351, 1, 26, 129, 8107 }, // U+00E3
    { 19, 28, 351, 1, 27, 133, 8236 }, // U+00E4
    { 19, 29, 351, 1, 28, 138, 8369 }, // U+00E5
    { 28, 20, 480, 1, 19, 140, 8507 }, // U+00E6
    { 17, 28, 291, 1, 19, 119, 8647 }, // U+00E7
    { 18, 28, 312, 1, 27, 126, 8766 }, // U+00E8
    { 18, 28, 312, 1, 27, 126, 8892 }, // U+00E9
    { 18, 27, 312, 1, 26, 122, 9018 }, // U+00EA
    { 18, 28, 312, 1, 27, 126, 9140 }, // U+00EB
    { 10, 27, 154, -1, 27, 68, 9266 }, // U+00EC
    { 9, 27, 154, 0, 27, 61, 9334 }, // U+00ED
    { 14, 26, 154, -2, 26, 91, 9395 }, // U+00EE
    { 15, 27, 154, -3, 27, 102, 9486 }, // U+00EF
    { 18, 26, 318, 1, 25, 117, 9588 }, // U+00F0
    { 18, 26, 339, 2, 26, 117, 9705 }, // U+00F1
    { 20, 28, 342, 1, 27, 140, 9822 }, // U+00F2
    { 20, 28, 342, 1, 27, 140, 9962 }, // U+00F3
    { 20, 27, 342, 1, 26, 135, 10102 }, // U+00F4
    { 20, 27, 342, 1, 26, 135, 10237 }, // U+00F5
    { 20, 28, 342, 1, 27, 140, 10372 }, // U+00F6
    { 18, 20, 318, 1, 19, 90, 10512 }, // U+00F7
    { 20, 21, 342, 1, 19, 105, 10602 }, // U+00F8
    { 17, 28, 342, 2, 27, 119, 10707 }, // U+00F9
    { 17, 28, 342, 2, 27, 119, 10826 }, // U+00FA
    { 17, 27, 342, 2, 26, 115, 10945 }, // U+00FB
    { 17, 28, 342, 2, 27, 119, 11060 }, // U+00FC
    { 21, 35, 331, 0, 27, 184, 0 }, // U+00FD
    { 19, 33, 351, 2, 25, 157, 184 }, // U+00FE
    { 21, 35, 331, 0, 27, 184, 341 }, // U+00FF
    { 25, 30, 370, -1, 30, 188, 0 }, // U+0100
    { 19, 26, 351, 1, 25, 124, 188 }, // U+0101
    { 25, 31, 370, -1, 31, 194, 312 }, // U+0102
    { 19, 27, 351, 1, 26, 129, 506 }, // U+0103
    { 25, 32, 370, -1, 24, 200, 635 }, // U+0104
    { 19, 27, 351, 1, 19, 129, 835 }, // U+0105
    { 22, 33, 370, 1, 32, 182, 964 }, // U+0106
    { 17, 28, 291, 1, 27, 119, 1146 }, // U+0107
    { 22, 32, 370, 1, 31, 176, 1265 }, // U+0108
    { 17, 27, 291, 1, 26, 115, 1441 }, // U+0109
    { 22, 32, 370, 1, 31, 176, 1556 }, // U+010A
    { 17, 28, 291, 1, 27, 119, 1732 }, // U+010B
    { 22, 32, 370, 1, 31, 176, 1851 }, // U+010C
    { 17, 27, 291, 1, 26, 115, 2027 }, // U+010D
    { 23, 31, 412, 2, 31, 179, 2142 }, // U+010E
    { 27, 27, 402, 1, 26, 183, 2321 }, // U+010F
    { 24, 24, 412, 1, 24, 144, 2504 }, // U+0110
    { 21, 26, 349, 1, 25, 137, 2648 }, // U+0111
    { 18, 30, 344, 2, 30, 135, 2785 }, // U+0112
    { 18, 26, 312, 1, 25, 117, 2920 }, // U+0113
    { 18, 31, 344, 2, 31, 140, 3037 }, // U+0114
    { 18, 27, 312, 1, 26, 122, 3177 }, // U+0115
    { 18, 31, 344, 2, 31, 140, 3299 }, // U+0116
    { 18, 28, 312, 1, 27, 126, 3439 }, // U+0117
    { 18, 32, 344, 2, 24, 144, 3565 }, // U+0118
    { 18, 26, 312, 1, 19, 117, 3709 }, // U+0119
    { 18, 31, 344, 2, 31, 140, 3826 }, // U+011A
    { 18, 27, 312, 1, 26, 122, 3966 }, // U+011B
    { 24, 32, 417, 1, 31, 192, 4088 }, // U+011C
    { 20, 34, 357, 1, 26, 170, 4280 }, // U+011D
    { 24, 32, 417, 1, 31, 192, 4450 }, // U+011E
    { 20, 34, 357, 1, 26, 170, 4642 }, // U+011F
    { 24, 32, 417, 1, 31, 192, 4812 }, // U+0120
    { 20, 35, 357, 1, 27, 175, 5004 }, // U+0121
    { 24, 34, 417, 1, 24, 204, 5179 }, // U+0122
    { 20, 37, 357, 1, 29, 185, 5383 }, // U+0123
    { 22, 31, 415, 2, 31, 171, 5568 }, // U+0124
    { 18, 32, 339, 2, 32, 144, 5739 }, // U+0125
    { 26, 24, 437, 1, 24, 156, 5883 }, // U+0126
    { 20, 25, 339, 0, 25, 125, 6039 }, // U+0127
    { 15, 31, 296, 2, 31, 117, 6164 }, // U+0128
    { 13, 26, 154, -2, 26, 85, 6281 }, // U+0129
    { 15, 30, 296, 2, 30, 113, 6366 }, // U+012A
    { 12, 25, 154, -1, 25, 75, 6479 }, // U+012B
    { 15, 31, 296, 2, 31, 117, 6554 }, // U+012C
    { 13, 26, 154, -2, 26, 85, 6671 }, // U+012D
    { 15, 32, 296, 2, 24, 120, 6756 }, // U+012E
    { 9, 35, 154, 0, 27, 79, 6876 }, // U+012F
    { 15, 31, 296, 2, 31, 117, 6955 }, // U+0130
    { 6, 18, 154, 2, 18, 27, 7072 }, // U+0131
    { 37, 25, 651, 2, 24, 232, 7099 }, // U+0132
    { 18, 34, 339, 2, 27, 153, 7331 }, // U+0133
    { 19, 32, 355, 1, 31, 152, 7484 }, // U+0134
    { 14, 33, 168, -2, 26, 116, 7636 }, // U+0135
    { 23, 34, 394, 2, 24, 196, 7752 }, // U+0136
    { 19, 35, 334, 2, 25, 167, 7948 }, // U+0137
    { 19, 18, 335, 2, 18, 86, 8115 }, // U+0138
    { 18, 32, 325, 1, 32, 144, 8201 }, // U+0139
    { 10, 33, 162, 0, 33, 83, 8345 }, // U+013A
    { 17, 34, 325, 2, 24, 145, 8428 }, // U+013B
    { 8, 35, 162, 1, 25, 70, 8573 }, // U+013C
    { 17, 24, 325, 2, 24, 102, 8643 }, // U+013D
    { 15, 26, 215, 2, 26, 98, 8745 }, // U+013E
    { 17, 24, 325, 2, 24, 102, 8843 }, // U+013F
    { 14, 25, 239, 2, 25, 88, 8945 }, // U+0140
    { 21, 24, 333, -1, 24, 126, 9033 }, // U+0141
    { 14, 25, 201, -1, 25, 88, 9159 }, // U+0142
    { 22, 32, 430, 2, 32, 176, 9247 }, // U+0143
    { 18, 27, 339, 2, 27, 122, 9423 }, // U+0144
    { 22, 34, 430, 2, 24, 187, 9545 }, // U+0145
    { 18, 29, 339, 2, 19, 131, 9732 }, // U+0146
    { 22, 31, 430, 2, 31, 171, 9863 }, // U+0147
    { 18, 26, 339, 2, 26, 117, 10034 }, // U+0148
    { 25, 24, 357, -4, 24, 150, 10151 }, // U+0149
    { 22, 31, 430, 2, 24, 171, 10301 }, // U+014A
    { 18, 26, 339, 2, 19, 117, 10472 }, // U+014B
    { 25, 31, 433, 1, 30, 194, 10589 }, // U+014C
    { 20, 26, 342, 1, 25, 130, 10783 }, // U+014D
    { 25, 32, 433, 1, 31, 200, 10913 }, // U+014E
    { 20, 27, 342, 1, 26, 135, 11113 }, // U+014F
    { 25, 34, 433, 1, 33, 213, 0 }, // U+0150
    { 20, 28, 342, 1, 27, 140, 213 }, // U+0151
    { 33, 24, 575, 1, 24, 198, 353 }, // U+0152
    { 32, 20, 535, 1, 19, 160, 551 }, // U+0153
    { 21, 32, 374, 2, 32, 168, 711 }, // U+0154
    { 13, 27, 243, 2, 27, 88, 879 }, // U+0155
    { 21, 34, 374, 2, 24, 179, 967 }, // U+0156
    { 14, 29, 243, 1, 19, 102, 1146 }, // U+0157
    { 21, 31, 374, 2, 31, 163, 1248 }, // U+0158
    { 13, 26, 243, 2, 26, 85, 1411 }, // U+0159
    { 20, 33, 338, 0, 32, 165, 1496 }, // U+015A
    { 16, 28, 264, 0, 27, 112, 1661 }, // U+015B
    { 20, 32, 338, 0, 31, 160, 1773 }, // U+015C
    { 16, 27, 264, 0, 26, 108, 1933 }, // U+015D
    { 20, 33, 338, 0, 24, 165, 2041 }, // U+015E
    { 16, 28, 264, 0, 19, 112, 2206 }, // U+015F
    { 20, 32, 338, 0, 31, 160, 2318 }, // U+0160
    { 16, 27, 264, 0, 26, 108, 2478 }, // U+0161
    { 20, 33, 349, 1, 24, 165, 2586 }, // U+0162
    { 13, 32, 212, 0, 23, 104, 2751 }, // U+0163
    { 20, 31, 349, 1, 31, 155, 2855 }, // U+0164
    { 17, 29, 212, 0, 29, 124, 3010 }, // U+0165
    { 20, 24, 349, 1, 24, 120, 3134 }, // U+0166
    { 13, 23, 212, 0, 23, 75, 3254 }, // U+0167
    { 21, 32, 408, 2, 31, 168, 3329 }, // U+0168
    { 17, 27, 342, 2, 26, 115, 3497 }, // U+0169
    { 21, 31, 408, 2, 30, 163, 3612 }, // U+016A
    { 17, 26, 342, 2, 25, 111, 3775 }, // U+016B
    { 21, 32, 408, 2, 31, 168, 3886 }, // U+016C
    { 17, 27, 342, 2, 26, 115, 4054 }, // U+016D
    { 21, 32, 408, 2, 31, 168, 4169 }, // U+016E
    { 17, 29, 342, 2, 28, 124, 4337 }, // U+016F
    { 21, 34, 408, 2, 33, 179, 4461 }, // U+0170
    { 17, 28, 342, 2, 27, 119, 4640 }, // U+0171
    { 21, 32, 408, 2, 24, 168, 4759 }, // U+0172
    { 18, 26, 342, 2, 18, 117, 4927 }, // U+0173
    { 33, 31, 530, 0, 31, 256, 5044 }, // U+0174
    { 28, 26, 445, 0, 26, 182, 5300 }, // U+0175
    { 25, 31, 367, -1, 31, 194, 5482 }, // U+0176
    { 21, 34, 331, 0, 26, 179, 5676 }, // U+0177
    { 25, 31, 367, -1, 31, 194, 5855 }, // U+0178
    { 19, 32, 364, 2, 32, 152, 6049 }, // U+0179
    { 16, 27, 293, 1, 27, 108, 6201 }, // U+017A
    { 19, 31, 364, 2, 31, 148, 6309 }, // U+017B
    { 16, 27, 293, 1, 27, 108, 6457 }, // U+017C
    { 19, 31, 364, 2, 31, 148, 6565 }, // U+017D
    { 16, 26, 293, 1, 26, 104, 6713 }, // U+017E
    { 25, 29, 433, 1, 28, 182, 0 }, // U+01A0
    { 20, 23, 342, 1, 22, 115, 182 }, // U+01A1
    { 25, 29, 408, 2, 28, 182, 297 }, // U+01AF
    { 21, 23, 342, 2, 22, 121, 479 }, // U+01B0
    { 44, 31, 752, 2, 31, 341, 600 }, // U+01C4
    { 41, 26, 704, 2, 26, 267, 941 }, // U+01C5
    { 38, 27, 642, 1, 26, 257, 1208 }, // U+01C6
    { 39, 25, 679, 2, 24, 244, 1465 }, // U+01C7
    { 27, 34, 493, 2, 27, 230, 1709 }, // U+01C8
    { 17, 34, 323, 2, 27, 145, 1939 }, // U+01C9
    { 45, 25, 785, 2, 24, 282, 2084 }, // U+01CA
    { 34, 34, 598, 2, 27, 289, 2366 }, // U+01CB
    { 28, 34, 507, 2, 27, 238, 2655 }, // U+01CC
    { 25, 31, 370, -1, 31, 194, 2893 }, // U+01CD
    { 19, 27, 351, 1, 26, 129, 3087 }, // U+01CE
    { 15, 31, 296, 2, 31, 117, 3216 }, // U+01CF
    { 14, 26, 154, -2, 26, 91, 3333 }, // U+01D0
    { 25, 32, 433, 1, 31, 200, 3424 }, // U+01D1
    { 20, 27, 342, 1, 26, 135, 3624 }, // U+01D2
    { 21, 32, 408, 2, 31, 168, 3759 }, // U+01D3
    { 17, 27, 342, 2, 26, 115, 3927 }, // U+01D4
    { 24, 32, 417, 1, 31, 192, 4042 }, // U+01E6
    { 20, 34, 357, 1, 26, 170, 4234 }, // U+01E7
    { 25, 32, 433, 1, 24, 200, 4404 }, // U+01EA
    { 20, 26, 342, 1, 19, 130, 4604 }, // U+01EB
    { 44, 24, 752, 2, 24, 264, 4734 }, // U+01F1
    { 41, 24, 704, 2, 24, 246, 4998 }, // U+01F2
    { 25, 38, 370, -1, 38, 238, 5244 }, // U+01FA
    { 19, 37, 351, 1, 36, 176, 5482 }, // U+01FB
    { 35, 32, 573, -1, 32, 280, 5658 }, // U+01FC
    { 28, 28, 480, 1, 27, 196, 5938 }, // U+01FD
    { 25, 34, 430, 1, 32, 213, 6134 }, // U+01FE
    { 20, 29, 342, 1, 27, 145, 6347 }, // U+01FF
    { 25, 32, 370, -1, 32, 200, 6492 }, // U+0200
    { 19, 28, 351, 1, 27, 133, 6692 }, // U+0201
    { 25, 31, 370, -1, 31, 194, 6825 }, // U+0202
    { 19, 27, 351, 1, 26, 129, 7019 }, // U+0203
    { 18, 32, 344, 2, 32, 144, 7148 }, // U+0204
    { 19, 28, 312, 0, 27, 133, 7292 }, // U+0205
    { 18, 31, 344, 2, 31, 140, 7425 }, // U+0206
    { 18, 27, 312, 1, 26, 122, 7565 }, // U+0207
    { 17, 32, 296, 0, 32, 136, 7687 }, // U+0208
    { 16, 27, 154, -5, 27, 108, 7823 }, // U+0209
    { 15, 31, 296, 2, 31, 117, 7931 }, // U+020A
    { 13, 26, 154, -2, 26, 85, 8048 }, // U+020B
    { 25, 33, 433, 1, 32, 207, 8133 }, // U+020C
    { 20, 28, 342, 1, 27, 140, 8340 }, // U+020D
    { 25, 32, 433, 1, 31, 200, 8480 }, // U+020E
    { 20, 27, 342, 1, 26, 135, 8680 }, // U+020F
    { 22, 32, 374, 1, 32, 176, 8815 }, // U+0210
    { 16, 27, 243, -1, 27, 108, 8991 }, // U+0211
    { 21, 31, 374, 2, 31, 163, 9099 }, // U+0212
    { 13, 26, 243, 2, 26, 85, 9262 }, // U+0213
    { 21, 33, 408, 2, 32, 174, 9347 }, // U+0214
    { 18, 28, 342, 1, 27, 126, 9521 }, // U+0215
    { 21, 32, 408, 2, 31, 168, 9647 }, // U+0216
    { 17, 27, 342, 2, 26, 115, 9815 }, // U+0217
    { 20, 34, 338, 0, 24, 170, 9930 }, // U+0218
    { 16, 29, 264, 0, 19, 116, 10100 }, // U+0219
    { 20, 34, 349, 1, 24, 170, 10216 }, // U+021A
    { 13, 33, 212, 0, 23, 108, 10386 }, // U+021B
    { 9, 8, 0, 4, 27, 18, 0 }, // U+0300
    { 9, 8, 0, 4, 27, 18, 18 }, // U+0301
    { 14, 7, 0, 1, 26, 25, 36 }, // U+0302
    { 13, 6, 0, 2, 26, 20, 61 }, // U+0303
    { 12, 4, 0, 2, 25, 12, 81 }, // U+0304
    { 13, 7, 0, 2, 26, 23, 93 }, // U+0306
    { 7, 6, 0, 5, 27, 11, 116 }, // U+0307
    { 15, 7, 0, 1, 27, 27, 127 }, // U+0308
    { 9, 9, 0, 4, 28, 21, 154 }, // U+0309
    { 9, 9, 0, 4, 28, 21, 175 }, // U+030A
    { 16, 8, 0, 0, 27, 32, 196 }, // U+030B
    { 13, 6, 0, 2, 26, 20, 228 }, // U+030C
    { 16, 8, 0, 0, 27, 32, 248 }, // U+030F
    { 13, 6, 0, 2, 26, 20, 280 }, // U+0311
    { 7, 10, 0, 5, 29, 18, 300 }, // U+0312
    { 8, 8, 0, 4, 23, 16, 318 }, // U+031B
    { 7, 7, 0, 5, -1, 13, 334 }, // U+0323
    { 15, 7, 0, 1, -1, 27, 347 }, // U+0324
    { 7, 9, 0, 5, -1, 16, 374 }, // U+0326
    { 8, 10, 0, 4, 1, 20, 390 }, // U+0327
    { 9, 10, 0, 4, 2, 23, 410 }, // U+0328
    { 13, 6, 0, 2, -2, 20, 433 }, // U+032E
    { 11, 5, 0, 3, -2, 14, 453 }, // U+0331
    { 12, 5, 0, 2, 12, 15, 467 }, // U+0335
    { 25, 32, 370, -1, 24, 200, 0 }, // U+1EA0
    { 19, 27, 351, 1, 19, 129, 200 }, // U+1EA1
    { 25, 33, 370, -1, 33, 207, 329 }, // U+1EA2
    { 19, 29, 351, 1, 28, 138, 536 }, // U+1EA3
    { 25, 37, 370, -1, 37, 232, 674 }, // U+1EA4
    { 21, 33, 351, 1, 32, 174, 906 }, // U+1EA5
    { 25, 37, 370, -1, 37, 232, 1080 }, // U+1EA6
    { 19, 33, 351, 1, 32, 157, 1312 }, // U+1EA7
    { 25, 37, 370, -1, 37, 232, 1469 }, // U+1EA8
    { 20, 34, 351, 1, 33, 170, 1701 }, // U+1EA9
    { 25, 37, 370, -1, 37, 232, 1871 }, // U+1EAA
    { 19, 33, 351, 1, 32, 157, 2103 }, // U+1EAB
    { 25, 39, 370, -1, 31, 244, 2260 }, // U+1EAC
    { 19, 34, 351, 1, 26, 162, 2504 }, // U+1EAD
    { 25, 37, 370, -1, 37, 232, 2666 }, // U+1EAE
    { 19, 34, 351, 1, 33, 162, 2898 }, // U+1EAF
    { 25, 37, 370, -1, 37, 232, 3060 }, // U+1EB0
    { 19, 34, 351, 1, 33, 162, 3292 }, // U+1EB1
    { 25, 37, 370, -1, 37, 232, 3454 }, // U+1EB2
    { 19, 34, 351, 1, 33, 162, 3686 }, // U+1EB3
    { 25, 37, 370, -1, 37, 232, 3848 }, // U+1EB4
    { 19, 33, 351, 1, 32, 157, 4080 }, // U+1EB5
    { 25, 39, 370, -1, 31, 244, 4237 }, // U+1EB6
    { 19, 34, 351, 1, 26, 162, 4481 }, // U+1EB7
    { 18, 32, 344, 2, 24, 144, 4643 }, // U+1EB8
    { 18, 27, 312, 1, 19, 122, 4787 }, // U+1EB9
    { 18, 33, 344, 2, 33, 149, 4909 }, // U+1EBA
    { 18, 29, 312, 1, 28, 131, 5058 }, // U+1EBB
    { 18, 31, 344, 2, 31, 140, 5189 }, // U+1EBC
    { 18, 27, 312, 1, 26, 122, 5329 }, // U+1EBD
    { 20, 37, 344, 2, 37, 185, 5451 }, // U+1EBE
    { 20, 33, 312, 1, 32, 165, 5636 }, // U+1EBF
    { 18, 37, 344, 2, 37, 167, 5801 }, // U+1EC0
    { 18, 33, 312, 1, 32, 149, 5968 }, // U+1EC1
    { 20, 37, 344, 2, 37, 185, 6117 }, // U+1EC2
    { 20, 34, 312, 1, 33, 170, 6302 }, // U+1EC3
    { 18, 37, 344, 2, 37, 167, 6472 }, // U+1EC4
    { 18, 33, 312, 1, 32, 149, 6639 }, // U+1EC5
    { 18, 39, 344, 2, 31, 176, 6788 }, // U+1EC6
    { 18, 34, 312, 1, 26, 153, 6964 }, // U+1EC7
    { 15, 33, 296, 2, 33, 124, 7117 }, // U+1EC8
    { 9, 28, 154, 0, 28, 63, 7241 }, // U+1EC9
    { 15, 32, 296, 2, 24, 120, 7304 }, // U+1ECA
    { 7, 35, 170, 2, 27, 62, 7424 }, // U+1ECB
    { 25, 32, 433, 1, 24, 200, 7486 }, // U+1ECC
    { 20, 27, 342, 1, 19, 135, 7686 }, // U+1ECD
    { 25, 34, 433, 1, 33, 213, 7821 }, // U+1ECE
    { 20, 29, 342, 1, 28, 145, 8034 }, // U+1ECF
    { 25, 38, 433, 1, 37, 238, 8179 }, // U+1ED0
    { 21, 33, 342, 1, 32, 174, 8417 }, // U+1ED1
    { 25, 38, 433, 1, 37, 238, 8591 }, // U+1ED2
    { 20, 33, 342, 1, 32, 165, 8829 }, // U+1ED3
    { 25, 38, 433, 1, 37, 238, 8994 }, // U+1ED4
    { 20, 34, 342, 1, 33, 170, 9232 }, // U+1ED5
    { 25, 38, 433, 1, 37, 238, 9402 }, // U+1ED6
    { 20, 33, 342, 1, 32, 165, 9640 }, // U+1ED7
    { 25, 39, 433, 1, 31, 244, 9805 }, // U+1ED8
    { 20, 34, 342, 1, 26, 170, 10049 }, // U+1ED9
    { 25, 33, 433, 1, 32, 207, 10219 }, // U+1EDA
    { 20, 28, 342, 1, 27, 140, 10426 }, // U+1EDB
    { 25, 33, 433, 1, 32, 207, 10566 }, // U+1EDC
    { 20, 28, 342, 1, 27, 140, 10773 }, // U+1EDD
    { 25, 34, 433, 1, 33, 213, 10913 }, // U+1EDE
    { 20, 29, 342, 1, 28, 145, 11126 }, // U+1EDF
    { 25, 32, 433, 1, 31, 200, 0 }, // U+1EE0
    { 20, 27, 342, 1, 26, 135, 200 }, // U+1EE1
    { 25, 36, 433, 1, 28, 225, 335 }, // U+1EE2
    { 20, 30, 342, 1, 22, 150, 560 }, // U+1EE3
    { 21, 32, 408, 2, 24, 168, 710 }, // U+1EE4
    { 17, 26, 342, 2, 18, 111, 878 }, // U+1EE5
    { 21, 34, 408, 2, 33, 179, 989 }, // U+1EE6
    { 17, 29, 342, 2, 28, 124, 1168 }, // U+1EE7
    { 25, 33, 408, 2, 32, 207, 1292 }, // U+1EE8
    { 21, 28, 342, 2, 27, 147, 1499 }, // U+1EE9
    { 25, 33, 408, 2, 32, 207, 1646 }, // U+1EEA
    { 21, 28, 342, 2, 27, 147, 1853 }, // U+1EEB
    { 25, 34, 408, 2, 33, 213, 2000 }, // U+1EEC
    { 21, 29, 342, 2, 28, 153, 2213 }, // U+1EED
    { 25, 32, 408, 2, 31, 200, 2366 }, // U+1EEE
    { 21, 27, 342, 2, 26, 142, 2566 }, // U+1EEF
    { 25, 36, 408, 2, 28, 225, 2708 }, // U+1EF0
    { 21, 30, 342, 2, 22, 158, 2933 }, // U+1EF1
    { 25, 32, 367, -1, 32, 200, 3091 }, // U+1EF2
    { 21, 35, 331, 0, 27, 184, 3291 }, // U+1EF3
    { 25, 32, 367, -1, 24, 200, 3475 }, // U+1EF4
    { 21, 26, 331, 0, 18, 137, 3675 }, // U+1EF5
    { 25, 33, 367, -1, 33, 207, 3812 }, // U+1EF6
    { 21, 36, 331, 0, 28, 189, 4019 }, // U+1EF7
    { 25, 31, 367, -1, 31, 194, 4208 }, // U+1EF8
    { 21, 34, 331, 0, 26, 179, 4402 }, // U+1EF9
    { 0, 0, 293, 0, 0, 0, 0 }, // U+2007
    { 0, 0, 139, 0, 0, 0, 0 }, // U+2008
    { 0, 0, 109, 0, 0, 0, 0 }, // U+2009
    { 0, 0, 54, 0, 0, 0, 0 }, // U+200A
    { 0, 0, 0, 0, 0, 0, 0 }, // U+200B
    { 13, 6, 239, 1, 13, 20, 0 }, // U+2010
    { 17, 5, 311, 1, 12, 22, 20 }, // U+2012
    { 17, 5, 317, 1, 12, 22, 42 }, // U+2013
    { 29, 5, 498, 1, 12, 37, 64 }, // U+2014
    { 28, 5, 492, 1, 12, 35, 101 }, // U+2015
    { 8, 12, 147, 1, 26, 24, 136 }, // U+2018
    { 8, 11, 147, 0, 25, 22, 160 }, // U+2019
    { 8, 12, 153, 1, 5, 24, 182 }, // U+201A
    { 15, 12, 270, 1, 26, 45, 206 }, // U+201C
    { 16, 11, 269, 0, 25, 44, 251 }, // U+201D
    { 15, 12, 273, 1, 5, 45, 295 }, // U+201E
    { 13, 19, 235, 1, 25, 62, 340 }, // U+2020
    { 12, 20, 227, 1, 25, 60, 402 }, // U+2021
    { 10, 10, 185, 1, 17, 25, 462 }, // U+2022
    { 23, 7, 392, 1, 6, 41, 487 }, // U+2026
    { 43, 25, 720, 1, 24, 269, 528 }, // U+2030
    { 15, 10, 264, 1, 24, 38, 797 }, // U+2033
    { 10, 17, 168, 0, 17, 43, 835 }, // U+2039
    { 10, 17, 169, 1, 17, 43, 878 }, // U+203A
    { 22, 24, 323, -1, 24, 132, 921 }, // U+2044
    { 12, 14, 219, 1, 27, 42, 0 }, // U+2070
    { 13, 14, 218, 0, 27, 46, 42 }, // U+2074
    { 10, 14, 196, 1, 27, 35, 88 }, // U+2075
    { 11, 14, 201, 1, 27, 39, 123 }, // U+2076
    { 10, 13, 176, 1, 27, 33, 162 }, // U+2077
    { 11, 14, 205, 1, 27, 39, 195 }, // U+2078
    { 11, 14, 196, 1, 27, 39, 234 }, // U+2079
    { 12, 14, 219, 1, 7, 42, 273 }, // U+2080
    { 8, 14, 155, 0, 6, 28, 315 }, // U+2081
    { 11, 13, 194, 1, 6, 36, 343 }, // U+2082
    { 10, 14, 190, 1, 7, 35, 379 }, // U+2083
    { 13, 14, 218, 0, 6, 46, 414 }, // U+2084
    { 10, 14, 196, 1, 6, 35, 460 }, // U+2085
    { 11, 14, 201, 1, 7, 39, 495 }, // U+2086
    { 10, 13, 176, 1, 6, 33, 534 }, // U+2087
    { 11, 14, 205, 1, 7, 39, 567 }, // U+2088
    { 11, 14, 196, 1, 7, 39, 606 }, // U+2089
    { 22, 31, 370, 1, 27, 171, 0 }, // U+20A1
    { 18, 24, 330, 1, 24, 108, 171 }, // U+20A3
    { 21, 25, 339, 0, 24, 132, 279 }, // U+20A4
    { 28, 24, 455, 0, 24, 168, 411 }, // U+20A6
    { 24, 24, 418, 1, 24, 144, 579 }, // U+20A7
    { 34, 24, 538, 0, 24, 204, 723 }, // U+20A9
    { 17, 25, 291, 1, 24, 107, 927 }, // U+20AB
    { 22, 25, 362, 0, 24, 138, 1034 }, // U+20AC
    { 25, 24, 408, 1, 24, 150, 1172 }, // U+20AD
    { 24, 24, 415, 1, 24, 144, 1322 }, // U+20B1
    { 24, 32, 417, 1, 27, 192, 1466 }, // U+20B2
    { 22, 31, 370, 1, 27, 171, 1658 }, // U+20B5
    { 19, 25, 321, 1, 24, 119, 1829 }, // U+20B9
    { 21, 25, 333, 0, 24, 132, 1948 }, // U+20BA
    { 21, 28, 413, 2, 28, 147, 2080 }, // U+20BC
    { 22, 24, 378, 1, 24, 132, 2227 }, // U+20BD
    { 19, 26, 325, 1, 25, 124, 0 }, // U+2202
    { 20, 20, 342, 1, 19, 100, 124 }, // U+2205
    { 25, 25, 379, -1, 25, 157, 224 }, // U+2206
    { 23, 31, 395, 1, 24, 179, 381 }, // U+220F
    { 16, 24, 279, 1, 23, 96, 560 }, // U+2211
    { 18, 6, 309, 1, 13, 27, 656 }, // U+2212
    { 19, 30, 302, 0, 26, 143, 683 }, // U+2215
    { 9, 9, 183, 1, 15, 21, 826 }, // U+2219
    { 25, 29, 394, 0, 24, 182, 847 }, // U+221A
    { 28, 15, 484, 1, 16, 105, 1029 }, // U+221E
    { 23, 31, 330, -1, 26, 179, 1134 }, // U+222B
    { 18, 14, 324, 1, 16, 63, 1313 }, // U+2248
    { 18, 18, 339, 2, 18, 81, 1376 }, // U+2260
    { 17, 19, 334, 2, 19, 81, 1457 }, // U+2264
    { 17, 19, 334, 2, 19, 81, 1538 }, // U+2265
    { 22, 27, 380, 0, 27, 149, 0 }, // U+FB01
    { 21, 25, 372, 0, 25, 132, 149 }, // U+FB02
};

static const EpdUnicodeInterval lexenddeca_16_boldIntervals[] = {
    { 0xD, 0xD, 0x0 },
    { 0x20, 0x7E, 0x1 },
    { 0xA0, 0x17E, 0x60 },
    { 0x1A0, 0x1A1, 0x13F },
    { 0x1AF, 0x1B0, 0x141 },
    { 0x1C4, 0x1D4, 0x143 },
    { 0x1E6, 0x1E7, 0x154 },
    { 0x1EA, 0x1EB, 0x156 },
    { 0x1F1, 0x1F2, 0x158 },
    { 0x1FA, 0x21B, 0x15A },
    { 0x300, 0x304, 0x17C },
    { 0x306, 0x30C, 0x181 },
    { 0x30F, 0x30F, 0x188 },
    { 0x311, 0x312, 0x189 },
    { 0x31B, 0x31B, 0x18B },
    { 0x323, 0x324, 0x18C },
    { 0x326, 0x328, 0x18E },
    { 0x32E, 0x32E, 0x191 },
    { 0x331, 0x331, 0x192 },
    { 0x335, 0x335, 0x193 },
    { 0x1EA0, 0x1EF9, 0x194 },
    { 0x2007, 0x200B, 0x1EE },
    { 0x2010, 0x2010, 0x1F3 },
    { 0x2012, 0x2015, 0x1F4 },
    { 0x2018, 0x201A, 0x1F8 },
    { 0x201C, 0x201E, 0x1FB },
    { 0x2020, 0x2022, 0x1FE },
    { 0x2026, 0x2026, 0x201 },
    { 0x2030, 0x2030, 0x202 },
    { 0x2033, 0x2033, 0x203 },
    { 0x2039, 0x203A, 0x204 },
    { 0x2044, 0x2044, 0x206 },
    { 0x2070, 0x2070, 0x207 },
    { 0x2074, 0x2079, 0x208 },
    { 0x2080, 0x2089, 0x20E },
    { 0x20A1, 0x20A1, 0x218 },
    { 0x20A3, 0x20A4, 0x219 },
    { 0x20A6, 0x20A7, 0x21B },
    { 0x20A9, 0x20A9, 0x21D },
    { 0x20AB, 0x20AD, 0x21E },
    { 0x20B1, 0x20B2, 0x221 },
    { 0x20B5, 0x20B5, 0x223 },
    { 0x20B9, 0x20BA, 0x224 },
    { 0x20BC, 0x20BD, 0x226 },
    { 0x2202, 0x2202, 0x228 },
    { 0x2205, 0x2206, 0x229 },
    { 0x220F, 0x220F, 0x22B },
    { 0x2211, 0x2212, 0x22C },
    { 0x2215, 0x2215, 0x22E },
    { 0x2219, 0x221A, 0x22F },
    { 0x221E, 0x221E, 0x231 },
    { 0x222B, 0x222B, 0x232 },
    { 0x2248, 0x2248, 0x233 },
    { 0x2260, 0x2260, 0x234 },
    { 0x2264, 0x2265, 0x235 },
    { 0xFB01, 0xFB02, 0x237 },
};

static const EpdFontGroup lexenddeca_16_boldGroups[] = {
    { 0, 3883, 10515, 96, 0 },
    { 3883, 3263, 12260, 93, 96 },
    { 7146, 214, 585, 3, 189 },
    { 7360, 2615, 12208, 80, 192 },
    { 9975, 1867, 7421, 47, 272 },
    { 11842, 3039, 11261, 61, 319 },
    { 14881, 358, 546, 24, 380 },
    { 15239, 1734, 12217, 64, 404 },
    { 16973, 934, 5142, 26, 468 },
    { 17907, 521, 1128, 25, 494 },
    { 18428, 289, 719, 17, 519 },
    { 18717, 1011, 2536, 16, 536 },
    { 19728, 708, 1738, 15, 552 },
    { 20436, 93, 312, 2, 567 },
};

static const uint16_t lexenddeca_16_boldKernLeftCodepoints[] = {
    0x0026, 0x0028, 0x002A, 0x002C, 0x002E, 0x002F, 0x0030, 0x0031, 0x0032, 0x0033, 0x0034, 0x0035,
    0x0036, 0x0037, 0x0038, 0x0039, 0x003C, 0x003E, 0x003F, 0x0040, 0x0041, 0x0042, 0x0043, 0x0044,
    0x0045, 0x0046, 0x0047, 0x0049, 0x004A, 0x004B, 0x004C, 0x004F, 0x0050, 0x0051, 0x0052, 0x0053,
    0x0054, 0x0055, 0x0056, 0x0057, 0x0058, 0x0059, 0x005A, 0x005B, 0x005C, 0x005F, 0x0061, 0x0062,
    0x0063, 0x0064, 0x0065, 0x0066, 0x0067, 0x0068, 0x0069, 0x006A, 0x006B, 0x006C, 0x006D, 0x006E,
    0x006F, 0x0070, 0x0071, 0x0072, 0x0073, 0x0074, 0x0075, 0x0076, 0x0077, 0x0078, 0x0079, 0x007A,
    0x007B, 0x007D, 0x00A1, 0x00A3, 0x00B7, 0x00BF, 0x00C0, 0x00C1, 0x00C2, 0x00C3, 0x00C4, 0x00C5,
    0x00C6, 0x00C8, 0x00C9, 0x00CA, 0x00CB, 0x00D0, 0x00D2, 0x00D3, 0x00D4, 0x00D5, 0x00D6, 0x00D8,
    0x00D9, 0x00DA, 0x00DB, 0x00DC, 0x00DD, 0x00DE, 0x00DF, 0x00E0, 0x00E1, 0x00E2, 0x00E3, 0x00E4,
    0x00E5, 0x00E7, 0x00E8, 0x00E9, 0x00EA, 0x00EB, 0x00EC, 0x00ED, 0x00EE, 0x00EF, 0x00F0, 0x00F1,
    0x00F2, 0x00F3, 0x00F4, 0x00F5, 0x00F6, 0x00F8, 0x00F9, 0x00FA, 0x00FB, 0x00FC, 0x00FD, 0x00FE,
    0x00FF, 0x0100, 0x0101, 0x0102, 0x0103, 0x0104, 0x0105, 0x0107, 0x0109, 0x010B, 0x010D, 0x010E,
    0x010F, 0x0110, 0x0111, 0x0112, 0x0113, 0x0114, 0x0115, 0x0116, 0x0117, 0x0118, 0x0119, 0x011A,
    0x011B, 0x011C, 0x011D, 0x011E, 0x011F, 0x0120, 0x0121, 0x0122, 0x0123, 0x0125, 0x0127, 0x0129,
    0x012B, 0x012D, 0x012F, 0x0131, 0x0132, 0x0133, 0x0134, 0x0135, 0x0136, 0x0137, 0x0138, 0x0139,
    0x013A, 0x013B, 0x013C, 0x013D, 0x013E, 0x013F, 0x0140, 0x0141, 0x0142, 0x0144, 0x0146, 0x0148,
    0x0149, 0x014B, 0x014C, 0x014D, 0x014E, 0x014F, 0x0150, 0x0151, 0x0152, 0x0153, 0x0154, 0x0155,
    0x0156, 0x0157, 0x0158, 0x0159, 0x015A, 0x015B, 0x015C, 0x015D, 0x015E, 0x015F, 0x0160, 0x0161,
    0x0162, 0x0163, 0x0164, 0x0165, 0x0166, 0x0167, 0x0168, 0x0169, 0x016A, 0x016B, 0x016C, 0x016D,
    0x016E, 0x016F, 0x0170, 0x0171, 0x0172, 0x0173, 0x0174, 0x0175, 0x0176, 0x0177, 0x0178, 0x0179,
    0x017A, 0x017B, 0x017C, 0x017D, 0x017E, 0x01A0, 0x01A1, 0x01AF, 0x01B0, 0x01C4, 0x01C5, 0x01C6,
    0x01C7, 0x01C8, 0x01C9, 0x01CA, 0x01CB, 0x01CC, 0x01CD, 0x01CE, 0x01D0, 0x01D1, 0x01D2, 0x01D3,
    0x01D4, 0x01E6, 0x01E7, 0x01EA, 0x01EB, 0x01F1, 0x01F2, 0x01FA, 0x01FB, 0x01FC, 0x01FE, 0x01FF,
    0x0200, 0x0201, 0x0202, 0x0203, 0x0204, 0x0205, 0x0206, 0x0207, 0x0209, 0x020B, 0x020C, 0x020D,
    0x020E, 0x020F, 0x0210, 0x0211, 0x0212, 0x0213, 0x0214, 0x0215, 0x0216, 0x0217, 0x0218, 0x0219,
    0x021A, 0x021B, 0x1EA0, 0x1EA1, 0x1EA2, 0x1EA3, 0x1EA4, 0x1EA5, 0x1EA6, 0x1EA7, 0x1EA8, 0x1EA9,
    0x1EAA, 0x1EAB, 0x1EAC, 0x1EAD, 0x1EAE, 0x1EAF, 0x1EB0, 0x1EB1, 0x1EB2, 0x1EB3, 0x1EB4, 0x1EB5,
    0x1EB6, 0x1EB7, 0x1EB8, 0x1EB9, 0x1EBA, 0x1EBB, 0x1EBC, 0x1EBD, 0x1EBE, 0x1EBF, 0x1EC0, 0x1EC1,
    0x1EC2, 0x1EC3, 0x1EC4, 0x1EC5, 0x1EC6, 0x1EC7, 0x1EC9, 0x1ECB, 0x1ECC, 0x1ECD, 0x1ECE, 0x1ECF,
    0x1ED0, 0x1ED1, 0x1ED2, 0x1ED3, 0x1ED4, 0x1ED5, 0x1ED6, 0x1ED7, 0x1ED8, 0x1ED9, 0x1EDA, 0x1EDB,
    0x1EDC, 0x1EDD, 0x1EDE, 0x1EDF, 0x1EE0, 0x1EE1, 0x1EE2, 0x1EE3, 0x1EE4, 0x1EE5, 0x1EE6, 0x1EE7,
    0x1EE8, 0x1EE9, 0x1EEA, 0x1EEB, 0x1EEC, 0x1EED, 0x1EEE, 0x1EEF, 0x1EF0, 0x1EF1, 0x1EF2, 0x1EF3,
    0x1EF4, 0x1EF5, 0x1EF6, 0x1EF7, 0x1EF8, 0x1EF9, 0x2018, 0x2019, 0x201C, 0x201D, 0x2022, 0x2206,
    0x221E, 0x222B, 0xFB01, 0xFB02,
};

static const uint8_t lexenddeca_16_boldKernLeftClassIds[] = {
      1,   2,   3,   4,   5,   6,   7,   8,   9,  10,  11,  12,  13,  14,  15,  16,
     17,  18,  19,  20,  21,  22,  23,  24,  25,  26,  27,  28,  29,  30,  31,  24,
     32,  33,  34,  35,  36,  37,  38,  39,  40,  41,  42,  43,  44,  45,  46,  47,
     48,  49,  50,  51,  52,  53,  54,  55,  56,  57,  53,  53,  47,  47,  58,  59,
     60,  61,  62,  63,  64,  65,  66,  67,  68,  69,  70,  71,  72,  73,  21,  21,
     21,  21,  21,  21,  25,  25,  25,  25,  25,  24,  24,  24,  24,  24,  24,  24,
     37,  37,  37,  37,  41,  74,  75,  46,  46,  46,  46,  46,  46,  48,  50,  50,
     50,  50,  54,  54,  54,  54,  76,  53,  47,  47,  47,  47,  47,  47,  62,  62,
     62,  62,  66,  47,  66,  21,  46,  21,  46,  21,  46,  48,  48,  48,  48,  24,
     77,  24,  49,  25,  50,  25,  50,  25,  50,  25,  50,  25,  50,  27,  78,  27,
     78,  27,  78,  27,  78,  53,  53,  54,  54,  54,  54,  54,  29,  55,  29,  55,
     30,  56,  56,  31,  57,  31,  57,  31,  77,  31,  57,  31,  57,  53,  53,  53,
     53,  53,  24,  47,  24,  47,  24,  47,  25,  50,  79,  59,  79,  59,  79,  59,
     35,  60,  35,  60,  35,  60,  35,  60,  36,  61,  36,  61,  36,  61,  37,  62,
     37,  62,  37,  62,  37,  62,  37,  62,  37,  62,  39,  64,  41,  66,  41,  42,
     67,  42,  67,  42,  67,  24,  47,  37,  62,  42,  67,  67,  29,  55,  57,  29,
     55,  55,  21,  46,  54,  24,  47,  37,  62,  27,  78,  24,  47,  42,  67,  21,
     46,  25,  24,  47,  21,  46,  21,  46,  25,  50,  25,  50,  54,  54,  24,  47,
     24,  47,  79,  59,  79,  59,  37,  62,  37,  62,  35,  60,  36,  61,  21,  46,
     21,  46,  21,  46,  21,  46,  21,  46,  21,  46,  21,  46,  21,  46,  21,  46,
     21,  46,  21,  46,  21,  46,  25,  50,  25,  50,  25,  50,  25,  50,  25,  50,
     25,  50,  25,  50,  25,  50,  54,  54,  24,  47,  24,  47,  24,  47,  24,  47,
     24,  47,  24,  47,  24,  47,  24,  47,  24,  47,  24,  47,  24,  47,  24,  47,
     37,  62,  37,  62,  37,  62,  37,  62,  37,  62,  37,  62,  37,  62,  41,  66,
     41,  66,  41,  66,  41,  66,  80,  81,  82,  83,  84,  85,  86,  87,  54,  57,
};

static const uint16_t lexenddeca_16_boldKernRightCodepoints[] = {
    0x0021, 0x0026, 0x0029, 0x002A, 0x002C, 0x002D, 0x002E, 0x002F, 0x0030, 0x0031, 0x0032, 0x0034,
    0x0036, 0x0037, 0x0038, 0x0039, 0x003C, 0x003F, 0x0040, 0x0041, 0x0042, 0x0043, 0x0044, 0x0045,
    0x0046, 0x0047, 0x0048, 0x0049, 0x004A, 0x004B, 0x004C, 0x004D, 0x004E, 0x004F, 0x0050, 0x0051,
    0x0052, 0x0053, 0x0054, 0x0055, 0x0056, 0x0057, 0x0058, 0x0059, 0x005A, 0x005B, 0x005C, 0x005D,
    0x005F, 0x0061, 0x0062, 0x0063, 0x0064, 0x0065, 0x0066, 0x0067, 0x0068, 0x006A, 0x006B, 0x006C,
    0x006D, 0x006E, 0x006F, 0x0070, 0x0071, 0x0072, 0x0073, 0x0074, 0x0075, 0x0076, 0x0077, 0x0078,
    0x0079, 0x007A, 0x007B, 0x007D, 0x00A1, 0x00B7, 0x00BF, 0x00C0, 0x00C1, 0x00C2, 0x00C3, 0x00C4,
    0x00C5, 0x00C6, 0x00C7, 0x00C8, 0x00C9, 0x00CA, 0x00CB, 0x00D0, 0x00D1, 0x00D2, 0x00D3, 0x00D4,
    0x00D5, 0x00D6, 0x00D8, 0x00D9, 0x00DA, 0x00DB, 0x00DC, 0x00DD, 0x00DE, 0x00DF, 0x00E0, 0x00E1,
    0x00E2, 0x00E3, 0x00E4, 0x00E5, 0x00E7, 0x00E8, 0x00E9, 0x00EA, 0x00EB, 0x00F0, 0x00F1, 0x00F2,
    0x00F3, 0x00F4, 0x00F5, 0x00F6, 0x00F8, 0x00F9, 0x00FA, 0x00FB, 0x00FC, 0x00FD, 0x00FE, 0x00FF,
    0x0100, 0x0101, 0x0102, 0x0103, 0x0104, 0x0105, 0x0106, 0x0107, 0x0108, 0x0109, 0x010A, 0x010B,
    0x010C, 0x010D, 0x010E, 0x010F, 0x0110, 0x0111, 0x0112, 0x0113, 0x0114, 0x0115, 0x0116, 0x0117,
    0x0118, 0x0119, 0x011A, 0x011B, 0x011C, 0x011D, 0x011E, 0x011F, 0x0120, 0x0121, 0x0122, 0x0123,
    0x0124, 0x0125, 0x0127, 0x0134, 0x0135, 0x0136, 0x0137, 0x0138, 0x0139, 0x013A, 0x013B, 0x013C,
    0x013D, 0x013E, 0x013F, 0x0140, 0x0141, 0x0142, 0x0143, 0x0144, 0x0145, 0x0146, 0x0147, 0x0148,
    0x014A, 0x014B, 0x014C, 0x014D, 0x014E, 0x014F, 0x0150, 0x0151, 0x0152, 0x0153, 0x0154, 0x0155,
    0x0156, 0x0157, 0x0158, 0x0159, 0x015A, 0x015B, 0x015C, 0x015D, 0x015E, 0x015F, 0x0160, 0x0161,
    0x0162, 0x0163, 0x0164, 0x0165, 0x0166, 0x0167, 0x0168, 0x0169, 0x016A, 0x016B, 0x016C, 0x016D,
    0x016E, 0x016F, 0x0170, 0x0171, 0x0172, 0x0173, 0x0174, 0x0175, 0x0176, 0x0177, 0x0178, 0x0179,
    0x017A, 0x017B, 0x017C, 0x017D, 0x017E, 0x01A0, 0x01A1, 0x01AF, 0x01B0, 0x01C4, 0x01C5, 0x01C6,
    0x01C7, 0x01C8, 0x01C9, 0x01CA, 0x01CB, 0x01CC, 0x01CD, 0x01CE, 0x01D1, 0x01D2, 0x01D3, 0x01D4,
    0x01E6, 0x01E7, 0x01EA, 0x01EB, 0x01F1, 0x01F2, 0x01FA, 0x01FB, 0x01FC, 0x01FE, 0x01FF, 0x0200,
    0x0201, 0x0202, 0x0203, 0x0204, 0x0205, 0x0206, 0x0207, 0x020C, 0x020D, 0x020E, 0x020F, 0x0210,
    0x0211, 0x0212, 0x0213, 0x0214, 0x0215, 0x0216, 0x0217, 0x0218, 0x0219, 0x021A, 0x021B, 0x1EA0,
    0x1EA1, 0x1EA2, 0x1EA3, 0x1EA4, 0x1EA5, 0x1EA6, 0x1EA7, 0x1EA8, 0x1EA9, 0x1EAA, 0x1EAB, 0x1EAC,
    0x1EAD, 0x1EAE, 0x1EAF, 0x1EB0, 0x1EB1, 0x1EB2, 0x1EB3, 0x1EB4, 0x1EB5, 0x1EB6, 0x1EB7, 0x1EB8,
    0x1EB9, 0x1EBA, 0x1EBB, 0x1EBC, 0x1EBD, 0x1EBE, 0x1EBF, 0x1EC0, 0x1EC1, 0x1EC2, 0x1EC3, 0x1EC4,
    0x1EC5, 0x1EC6, 0x1EC7, 0x1ECC, 0x1ECD, 0x1ECE, 0x1ECF, 0x1ED0, 0x1ED1, 0x1ED2, 0x1ED3, 0x1ED4,
    0x1ED5, 0x1ED6, 0x1ED7, 0x1ED8, 0x1ED9, 0x1EDA, 0x1EDB, 0x1EDC, 0x1EDD, 0x1EDE, 0x1EDF, 0x1EE0,
    0x1EE1, 0x1EE2, 0x1EE3, 0x1EE4, 0x1EE5, 0x1EE6, 0x1EE7, 0x1EE8, 0x1EE9, 0x1EEA, 0x1EEB, 0x1EEC,
    0x1EED, 0x1EEE, 0x1EEF, 0x1EF0, 0x1EF1, 0x1EF2, 0x1EF3, 0x1EF4, 0x1EF5, 0x1EF6, 0x1EF7, 0x1EF8,
    0x1EF9, 0x2013, 0x2014, 0x2018, 0x2019, 0x201C, 0x201D, 0x2022, 0x2206, 0x222B, 0xFB01, 0xFB02,
};

static const uint8_t lexenddeca_16_boldKernRightClassIds[] = {
      1,   2,   3,   4,   5,   6,   7,   8,   9,  10,  11,  12,  13,  14,  15,  16,
     17,  18,  19,  20,  21,  22,  21,  21,  21,  22,  21,  23,  24,  21,  21,  21,
     21,  22,  21,  22,  21,  25,  26,  27,  28,  29,  30,  31,  32,  33,  34,  35,
     36,  37,  38,  37,  37,  37,  39,  40,  38,  41,  38,  38,  42,  42,  37,  43,
     37,  42,  44,  45,  46,  47,  48,  49,  50,  51,  33,  52,  53,  54,  55,  56,
     56,  56,  56,  56,  56,  57,  22,  21,  21,  21,  21,  21,  21,  22,  22,  22,
     22,  22,  22,  27,  27,  27,  27,  58,  21,  59,  37,  37,  37,  37,  37,  37,
     37,  37,  37,  37,  37,  60,  42,  37,  37,  37,  37,  37,  37,  46,  46,  46,
     46,  50,  61,  50,  56,  37,  56,  37,  56,  37,  22,  37,  22,  37,  22,  37,
     22,  37,  21,  37,  21,  37,  21,  37,  21,  37,  21,  37,  21,  37,  21,  37,
     22,  40,  22,  40,  22,  40,  22,  40,  21,  38,  38,  24,  41,  21,  38,  38,
     21,  38,  21,  38,  21,  38,  21,  38,  21,  38,  21,  42,  21,  42,  21,  42,
     21,  42,  22,  37,  22,  37,  22,  37,  22,  37,  21,  42,  21,  42,  21,  42,
     25,  44,  25,  44,  25,  44,  25,  44,  62,  45,  62,  45,  62,  45,  27,  46,
     27,  46,  27,  46,  27,  46,  27,  46,  27,  46,  63,  48,  58,  50,  58,  32,
     51,  32,  51,  32,  51,  22,  37,  27,  46,  21,  21,  37,  21,  21,  38,  21,
     21,  42,  56,  37,  22,  37,  27,  46,  22,  40,  22,  37,  21,  21,  56,  37,
     57,  22,  37,  56,  37,  56,  37,  21,  37,  21,  37,  22,  37,  22,  37,  21,
     42,  21,  42,  27,  46,  27,  46,  25,  44,  62,  45,  56,  37,  56,  37,  56,
     37,  56,  37,  56,  37,  56,  37,  56,  37,  56,  37,  56,  37,  56,  37,  56,
     37,  56,  37,  21,  37,  21,  37,  21,  37,  21,  37,  21,  37,  21,  37,  21,
     37,  21,  37,  22,  37,  22,  37,  22,  37,  22,  37,  22,  37,  22,  37,  22,
     37,  22,  37,  22,  37,  22,  37,  22,  37,  22,  37,  27,  46,  27,  46,  27,
     46,  27,  46,  27,  46,  27,  46,  27,  46,  58,  50,  58,  50,  58,  50,  58,
     50,  64,  65,  66,  67,  68,  69,  70,  71,  72,  39,  39,
};

static const uint16_t lexenddeca_16_boldKernRowOffsets[] = {
        0,    12,    20,    24,    36,    48,    65,    67,    68,    70,    72,    75,    77,    78,    88,    89,
       91,    92,    95,    99,   101,   129,   145,   148,   168,   175,   196,   208,   209,   236,   258,   283,
      308,   329,   346,   349,   380,   388,   418,   438,   451,   478,   483,   496,   510,   514,   530,   550,
      562,   563,   577,   602,   613,   620,   622,   626,   638,   655,   664,   684,   692,   699,   707,   732,
      752,   768,   785,   792,   808,   821,   822,   825,   828,   831,   864,   887,   911,   915,   926,   942,
      947,   954,   959,   965,   966,   969,   970,   971,
};

static const uint8_t lexenddeca_16_boldKernSparseCols[] = {
      2,  25,  27,  28,  30,  46,  47,  49,  57,  59,  61,  62,  21,  23,  36,  39,
     40,  42,  59,  60,  19,  46,  55,  59,  11,  21,  25,  27,  28,  30,  46,  47,
     49,  57,  61,  62,  11,  21,  25,  27,  28,  30,  46,  47,  49,  57,  61,  62,
      7,   8,   9,  10,  11,  12,  19,  21,  23,  36,  39,  43,  46,  48,  55,  58,
     59,   7,  70,  16,  11,  51,   7,  70,  10,  13,  71,   7,  70,  70,   4,   6,
      7,   9,  10,  11,  12,  14,  16,  70,  70,   7,  70,   9,   9,  10,  13,  19,
     23,  55,  59,  27,  48,   3,   5,  21,  25,  26,  27,  28,  30,  33,  36,  38,
     39,  44,  45,  46,  47,  49,  57,  58,  59,  61,  62,  63,  64,  65,  66,  67,
     68,   2,   7,  25,  27,  28,  29,  30,  36,  37,  39,  48,  57,  59,  60,  61,
     62,   2,  66,  68,   2,   6,   7,  19,  22,  23,  25,  27,  28,  29,  30,  31,
     33,  48,  50,  51,  55,  57,  61,  62,  23,  36,  39,  45,  46,  49,  59,   4,
      6,  19,  21,  23,  24,  25,  29,  36,  39,  41,  42,  43,  45,  46,  48,  50,
     55,  56,  59,  61,   7,  19,  22,  25,  27,  28,  30,  33,  55,  57,  61,  62,
     21,   2,   4,   6,   7,  19,  21,  23,  34,  36,  38,  39,  41,  42,  43,  45,
     46,  47,  49,  50,  51,  55,  58,  59,  65,  66,  67,  68,   5,  21,  23,  24,
     26,  27,  28,  30,  36,  41,  42,  43,  44,  45,  46,  47,  49,  57,  59,  62,
     63,  64,   3,   5,  21,  25,  26,  27,  28,  30,  33,  36,  44,  46,  47,  49,
     50,  57,  59,  61,  62,  63,  64,  65,  66,  67,  68,   4,   6,   7,  19,  23,
     28,  29,  31,  33,  36,  38,  39,  44,  45,  46,  47,  49,  55,  58,  59,  62,
     65,  66,  67,  68,   2,   6,   7,  19,  22,  23,  25,  27,  28,  29,  30,  31,
     33,  35,  48,  50,  51,  55,  57,  61,  62,   5,  21,  23,  25,  26,  27,  28,
     30,  33,  36,  45,  57,  59,  61,  62,  63,  64,  29,  30,  57,   1,   4,   5,
      6,   7,  19,  21,  23,  25,  27,  28,  30,  36,  39,  41,  42,  43,  45,  46,
     47,  48,  49,  50,  55,  56,  57,  59,  61,  62,  63,  64,  19,  23,  24,  29,
     30,  48,  55,  57,   1,   4,   6,   7,  17,  18,  19,  21,  23,  24,  25,  32,
     35,  36,  39,  41,  42,  43,  45,  50,  51,  52,  53,  54,  55,  56,  59,  61,
     64,  69,   1,   4,   6,   7,  19,  21,  23,  24,  25,  32,  36,  39,  41,  42,
     45,  51,  55,  59,  61,  64,  21,  24,  26,  32,  36,  39,  45,  46,  47,  49,
     51,  59,  64,   1,   4,   6,   7,  19,  21,  23,  24,  25,  26,  32,  36,  39,
     41,  42,  43,  45,  46,  47,  48,  49,  50,  51,  55,  59,  61,  64,  21,  36,
     45,  46,  59,   9,  10,  19,  23,  25,  27,  28,  29,  30,  46,  47,  48,  49,
     21,  25,  27,  28,  30,  33,  40,  46,  48,  57,  58,  59,  61,  62,  27,  46,
     59,  60,  19,  21,  25,  26,  27,  28,  30,  33,  45,  46,  47,  49,  55,  57,
     61,  62,   2,   7,  25,  27,  28,  29,  30,  31,  33,  38,  46,  47,  48,  49,
     50,  51,  57,  58,  61,  62,  25,  27,  28,  29,  30,  42,  49,  57,  61,  62,
     66,  68,  45,  25,  27,  28,  29,  30,  33,  39,  46,  47,  48,  49,  57,  61,
     62,   2,   3,   7,  19,  25,  27,  28,  29,  30,  31,  34,  36,  44,  46,  47,
     50,  55,  57,  59,  61,  62,  65,  66,  67,  68,   4,  19,  21,  24,  30,  33,
     40,  43,  45,  55,  57,  25,  27,  30,  33,  49,  57,  61,  25,  61,  25,  26,
     40,  61,  21,  30,  33,  36,  37,  39,  40,  43,  45,  57,  59,  60,  21,  25,
     27,  28,  30,  36,  39,  40,  44,  45,  46,  47,  49,  57,  59,  61,  62,   2,
     25,  27,  30,  33,  35,  40,  57,  61,   3,   4,   6,   7,  19,  25,  29,  32,
     36,  39,  40,  44,  46,  47,  51,  55,  59,  61,  66,  68,  21,  25,  27,  29,
     30,  48,  57,  61,   4,  36,  38,  39,  43,  58,  59,  25,  27,  28,  30,  39,
     57,  61,  62,   1,   3,   4,   6,   7,  17,  19,  25,  29,  30,  31,  32,  33,
     35,  36,  39,  43,  44,  46,  51,  54,  55,  57,  59,  61,   1,   4,   6,   7,
     19,  25,  29,  30,  31,  32,  36,  39,  43,  44,  46,  51,  55,  57,  59,  61,
      1,   7,  21,  25,  26,  30,  32,  33,  36,  43,  45,  51,  53,  57,  59,  61,
      1,   6,   7,  19,  25,  29,  30,  31,  32,  36,  39,  43,  51,  55,  57,  59,
     61,  25,  30,  33,  36,  57,  59,  61,   9,  10,  19,  21,  23,  25,  27,  28,
     29,  30,  36,  46,  47,  48,  49,  59,   9,  10,  19,  23,  25,  27,  28,  29,
     30,  46,  47,  48,  49,  27,   8,   9,  11,  27,  48,  59,  27,  46,  59,   0,
      3,   4,   6,   7,  19,  23,  28,  29,  31,  33,  35,  36,  38,  39,  44,  45,
     46,  47,  48,  49,  52,  53,  54,  55,  58,  59,  62,  65,  66,  67,  68,  69,
      2,   3,   7,  25,  27,  28,  29,  30,  31,  33,  35,  38,  46,  47,  48,  49,
     50,  51,  53,  57,  58,  61,  62,   2,   3,   6,   7,  19,  22,  23,  25,  27,
     28,  29,  30,  31,  33,  35,  48,  50,  51,  53,  54,  55,  57,  61,  62,  20,
     37,  44,  60,   4,  19,  21,  24,  30,  33,  40,  43,  45,  55,  57,   5,  21,
     23,  25,  26,  27,  28,  30,  33,  36,  45,  57,  59,  61,  62,  64,  19,  23,
     39,  43,  55,  19,  23,  36,  39,  41,  55,  59,  19,  23,  39,  43,  55,  19,
     23,  36,  39,  55,  59,  27,   8,  14,  15,   9,  11,
};

static const int8_t lexenddeca_16_boldKernSparseValues[] = {
      -8,  -29,  -32,  -21,  -27,  -16,  -16,  -16,  -27,   -5,  -29,  -21,  -16,  -21,  -13,  -13,
      16,   16,  -13,    8,  -40,    3,  -40,  -13,  -13,  -11,  -53,  -64,  -43,  -64,  -43,  -21,
     -21,  -64,  -53,  -43,  -13,  -11,  -53,  -53,  -43,  -64,  -43,  -21,  -21,  -64,  -53,  -43,
     -49,  -27,  -16,  -16,  -32,  -27,  -53,  -21,  -27,  -27,  -27,  -16,   -1,   -3,  -53,   -6,
     -17,  -27,  -27,  -21,  -11,    5,  -13,  -16,  -11,  -11,  -32,  -21,  -11,  -11,  -53,  -43,
     -64,   -8,  -11,  -13,  -11,  -11,  -27,  -48,  -16,  -27,  -21,  -11,  -32,  -16,  -27,  -21,
     -40,  -21,   -8,   -3,   -2,  -40,  -27,  -11,  -27,  -11,  -40,  -21,  -43,  -53,  -11,  -11,
      -5,   -3,   -5,  -27,  -24,  -13,  -43,  -11,  -11,  -27,  -21,  -27,  -27,  -69,  -72,  -37,
     -40,  -11,  -21,   -8,   -4,   -3,   -6,  -12,   -1,   -2,   -3,   -2,  -12,   -1,   -2,   -8,
      -3,   11,   21,   21,  -16,  -11,  -21,  -11,   -8,   -8,  -16,  -16,   -3,  -19,  -19,  -24,
     -27,   -5,   -1,  -13,  -11,  -19,  -16,   -3,   -5,   -3,   -5,   -5,   -8,   -5,   -3,  -43,
     -43,  -32,   -5,  -64,   -3,    8,   -3,   -8,   -5,   -5,   -5,   -5,   -8,   -3,   -8,   -3,
     -32,  -58,   -8,    8,  -21,   -5,   -5,  -13,   -8,   -5,  -13,  -27,   -5,  -13,  -13,   -5,
      -8,   21,  -37,  -27,  -27,  -40,  -16,  -27,   16,  -27,  -27,  -27,  -21,  -21,  -21,  -27,
     -21,  -11,  -21,  -11,   21,  -40,  -27,  -27,   32,   43,   32,   43,  -48,  -24,  -16,   -5,
      -8,   -3,   -3,   11,  -24,   -4,   -4,   -2,   -2,   -6,  -21,  -21,  -21,   11,  -24,   -3,
     -48,  -48,  -40,  -32,  -11,  -45,  -11,  -40,  -40,  -64,  -53,  -11,   -3,  -13,   -3,  -21,
      11,  -64,  -11,  -45,  -40,  -32,  -32,  -64,  -53,  -64,  -53,  -69,  -53,  -43,  -35,  -40,
       4,   -8,   -8,  -27,   -5,    4,   -5,    8,   -3,    5,    8,    5,  -35,    4,   -5,    4,
      16,   27,   16,   27,  -16,  -11,  -21,  -11,   -8,   -8,  -16,  -16,   -3,  -19,  -19,  -24,
     -27,   -5,   -5,   -1,  -13,  -11,  -19,  -16,   -3,  -32,   -5,  -16,  -11,   -3,  -16,   -1,
     -27,  -21,  -11,   -5,  -27,  -11,  -11,   -1,  -32,  -32,   -8,   -8,   -8,  -29,  -53,  -53,
     -53,  -32,  -27,  -16,  -43,   16,    5,    5,    5,  -53,  -24,  -32,  -11,  -53,  -53,   -5,
     -37,   -8,  -27,  -37,  -27,  -62,    5,  -53,   16,    5,  -53,  -53,  -11,   -5,   -5,   -5,
      -5,   -3,  -11,   -5,  -27,  -64,  -53,  -43,    4,   -3,  -40,  -16,  -53,   -5,    5,  -53,
     -15,  -32,  -11,  -11,   -7,   -8,  -13,   -3,  -53,   -3,   -6,  -11,  -40,  -70,  -32,    5,
     -53,   -4,  -16,  -43,  -43,  -43,  -21,   -3,  -43,   -5,    5,  -37,  -13,  -11,   -2,   -2,
      -5,  -37,  -21,  -13,    5,  -37,  -19,   -8,   -5,  -43,  -13,   -1,   -5,  -14,   -9,  -13,
     -43,  -13,  -43,  -27,  -64,  -64,  -64,  -43,  -19,  -64,  -13,    5,   -5,  -53,  -43,  -43,
     -12,  -11,  -19,  -11,   -5,   -5,  -11,   -5,   -5,  -53,  -43,  -43,    5,  -64,   -3,   -3,
      -3,   -3,   -3,  -21,  -27,  -27,  -59,  -53,  -53,  -37,  -43,  -64,  -11,  -11,  -21,  -11,
     -27,  -32,  -21,  -21,  -43,  -49,   32,   -4,   -1,  -43,   -3,  -12,  -32,  -21,  -15,  -11,
     -18,    4,   11,  -11,  -35,   -5,  -15,   -5,  -28,  -16,   -5,   -6,   -3,   -6,   11,  -28,
     -35,   -5,  -13,  -27,  -26,  -12,   -8,   -9,  -21,   -5,  -27,  -11,   -8,  -11,  -11,  -11,
      -5,  -13,  -21,  -11,  -26,   -8,  -16,   -8,   -5,   -3,  -19,    3,   -8,  -19,  -16,   -5,
      16,   16,    9,  -24,  -11,   -5,   -5,  -19,  -21,   -3,   -5,   -5,   -2,   -5,  -19,  -24,
      -5,   16,   16,  -11,  -11,   32,   29,   27,   27,   27,   27,   21,  -11,    2,    5,    1,
       2,  -11,   27,  -11,   32,   27,   16,   21,   16,   21,   -3,   -8,   -5,   -3,   -8,  -16,
       5,   -5,   -4,   -8,   -8,  -16,  -16,  -13,  -21,   -3,  -13,  -16,  -16,  -16,  -16,   -5,
       3,  -16,   -5,  -11,  -21,  -12,   -3,  -11,   -3,   -3,   -3,  -11,  -12,   -3,  -11,  -13,
     -16,  -11,  -16,   -5,   -5,   -7,   -2,   -3,  -13,   -8,   -8,  -16,   -5,  -13,  -11,   16,
     -11,   -9,   -8,   -3,    1,   11,   -8,  -11,   11,  -37,  -61,  -11,  -16,   -5,   -8,  -16,
     -12,   -8,   -5,   11,   27,   27,  -16,  -16,  -12,   -5,   27,   27,   -3,  -24,   -3,   -3,
     -11,   -3,  -11,  -24,  -11,   -3,  -13,   -3,   11,  -13,   -3,  -16,   -5,   -5,   -8,   -5,
      -8,  -16,   -5,  -16,    3,  -21,  -21,  -11,    2,  -13,   -5,  -14,   -5,  -11,  -11,   -1,
     -11,   -8,   -5,   -3,   27,   27,  -11,   -6,  -13,   -5,  -10,   -5,  -16,  -21,  -21,  -11,
      -3,   -5,   -9,   -5,   -3,  -11,   -8,   -8,   -3,   27,   21,  -11,   -3,   -5,   -8,   -5,
      -2,   -1,   -5,   -8,   -3,  -11,  -21,   -3,  -16,   -3,   -3,  -21,   -3,  -11,  -18,   -8,
     -16,  -21,  -11,  -13,   -5,  -11,   -5,   -5,  -11,   -5,   -8,   -5,  -11,  -13,   -5,   -5,
      -5,   -5,   -5,  -21,   -5,   -5,   -5,   -5,  -21,  -27,  -27,  -13,  -53,  -53,  -53,  -37,
     -43,  -64,  -13,  -11,  -11,  -21,  -11,  -13,  -21,  -27,  -27,  -27,  -53,  -53,  -37,  -43,
     -64,  -11,  -11,  -21,  -11,   -3,  -21,  -16,  -16,   -6,   -3,    5,   -9,   -5,  -16,    5,
      -3,  -69,  -53,  -21,  -35,  -40,    4,   -8,   -8,  -11,  -29,   -5,    4,   -5,    8,   -3,
       7,    8,   -2,    5,   11,   13,  -11,  -35,    4,   -5,    4,   16,   27,   16,   27,    2,
     -13,  -11,   -6,  -26,  -12,   -8,   -9,  -21,   -5,   -3,  -18,  -11,  -10,  -11,  -12,  -11,
      -5,  -13,    5,  -21,  -11,  -26,   -8,  -16,   -8,  -11,  -15,  -11,   -8,   -8,  -16,  -16,
      -3,  -19,  -19,  -24,  -27,  -29,   -7,   -1,  -13,    5,  -11,  -11,  -19,  -16,   -3,   35,
      42,   18,   42,   -1,   -8,   -5,   -3,   -8,  -16,    5,   -5,   -4,   -8,   -8,  -32,   -5,
     -16,  -11,   -3,  -16,   -1,  -27,  -21,  -11,   -5,  -27,  -11,  -11,   -1,  -32,  -72, -128,
     -21,  -21,  -72,  -32,  -64,  -21,  -27,  -16,  -32,  -21,  -40,  -64,  -21,  -21,  -40,  -40,
     -53,  -21,  -27,  -40,  -21,   -4,  -27,  -16,  -21,  -21,  -43,
};

static const EpdLigaturePair lexenddeca_16_boldLigaturePairs[] = {
    { 0x00660069, 0xFB01 }, // f i -> U+FB01
    { 0x0066006C, 0xFB02 }, // f l -> U+FB02
};

static const EpdFontData lexenddeca_16_bold = {
    lexenddeca_16_boldBitmaps,
    lexenddeca_16_boldGlyphs,
    lexenddeca_16_boldIntervals,
    56,
    42,
    34,
    -9,
    true,
    lexenddeca_16_boldGroups,
    14,
    nullptr,
    nullptr,  // kernLeftClasses: built-in fonts use the split arrays below
    nullptr,  // kernRightClasses
    lexenddeca_16_boldKernLeftCodepoints,
    lexenddeca_16_boldKernLeftClassIds,
    lexenddeca_16_boldKernRightCodepoints,
    lexenddeca_16_boldKernRightClassIds,
    nullptr,  // kernMatrix: built-in fonts use the sparse form below
    lexenddeca_16_boldKernRowOffsets,
    lexenddeca_16_boldKernSparseCols,
    lexenddeca_16_boldKernSparseValues,
    400,
    396,
    87,
    72,
    lexenddeca_16_boldLigaturePairs,
    2,
};
