/**
 * generated by fontconvert.py
 * name: neirizi_18_regular
 * size: 18
 * mode: 2-bit  compressed: true
 * Command used: fontconvert.py neirizi_18_regular 18 ../builtinFonts/source/Neirizi/Neirizi-Regular.ttf --2bit --compress --script arabic --shape-fallback --reposition-marks
 */
#pragma once
#include "EpdFontData.h"

static const uint8_t neirizi_18_regularBitmaps[13064] = {
    0x95, 0x54, 0xB1, 0x6E, 0xD4, 0x40, 0x10, 0x7D, 0x3E, 0x87, 0x58, 0x60, 0x72, 0x4E, 0x41, 0xA4,
    0x08, 0x25, 0xF8, 0xCA, 0x28, 0x5C, 0xE2, 0x14, 0x14, 0x48, 0xF8, 0x6E, 0xFD, 0x09, 0x29, 0x72,
    0x3D, 0x35, 0x4D, 0x52, 0xA6, 0x38, 0xCB, 0xFE, 0x84, 0x7C, 0x02, 0x05, 0x05, 0xA4, 0x4A, 0x91,
    0x02, 0x89, 0x5C, 0xCE, 0x9F, 0xE0, 0x96, 0x02, 0xC9, 0x05, 0x05, 0x12, 0x20, 0x5C, 0x5C, 0x71,
    0x8A, 0xCE, 0xB7, 0xBC, 0x59, 0xFB, 0x42, 0x12, 0x10, 0x52, 0xD6, 0x3B, 0xEB, 0xDD, 0xF1, 0xDB,
    0x37, 0xB3, 0x33, 0xB3, 0x5E, 0x0F, 0xE3, 0x51, 0xDC, 0xEB, 0x75, 0xBB, 0x1B, 0xEB, 0x4F, 0x56,
    0xD1, 0xED, 0x5F, 0x8E, 0xB6, 0x80, 0x70, 0x67, 0xA4, 0x46, 0xEA, 0x42, 0x0D, 0x83, 0x70, 0x37,
    0xDC, 0xDC, 0x5A, 0x01, 0x5B, 0x44, 0xB1, 0x73, 0x4C, 0xE0, 0x66, 0xF6, 0x0C, 0x1E, 0x38, 0xF4,
    0x61, 0x4D, 0x31, 0x94, 0x8F, 0x13, 0x4A, 0xAB, 0xAC, 0x11, 0x80, 0x9B, 0x72, 0xF0, 0x45, 0xDF,
    0x97, 0xE1, 0x0E, 0x22, 0xE3, 0xE0, 0x5D, 0x23, 0x7A, 0x32, 0x5C, 0x5C, 0x23, 0x0A, 0x5C, 0xC2,
    0xC9, 0xA0, 0x05, 0xA1, 0x05, 0x11, 0xD7, 0x08, 0x84, 0x71, 0x1C, 0xF7, 0xC2, 0x90, 0xCE, 0x75,
    0x80, 0x52, 0x30, 0x7E, 0x0A, 0x05, 0xCC, 0x61, 0xCD, 0x60, 0x4F, 0xE1, 0x96, 0xF0, 0x4A, 0xF8,
    0x05, 0x82, 0x0C, 0xCA, 0xF4, 0x24, 0xC5, 0x98, 0x3D, 0x32, 0x3D, 0x95, 0x65, 0xAD, 0x0F, 0x72,
    0x81, 0x11, 0xEC, 0x4E, 0x64, 0x63, 0x6B, 0x26, 0x24, 0x42, 0x45, 0x42, 0xD2, 0x5A, 0x74, 0xB2,
    0xF3, 0x9A, 0x06, 0x8D, 0x83, 0x5E, 0x06, 0xA7, 0x14, 0x98, 0x55, 0x81, 0x0E, 0x21, 0x89, 0x1A,
    0x96, 0x9A, 0x42, 0xFA, 0x44, 0xBA, 0x6B, 0x7A, 0x3D, 0x17, 0x3F, 0x4A, 0x04, 0x45, 0x83, 0xA4,
    0x79, 0x2D, 0xDB, 0x49, 0x42, 0x2A, 0x12, 0xFA, 0x86, 0x9C, 0x26, 0xF0, 0x12, 0x58, 0x0A, 0x3B,
    0xD8, 0x0D, 0xA7, 0xF0, 0xC7, 0x3C, 0x94, 0x26, 0x5A, 0x6B, 0x68, 0x8A, 0xCC, 0x3D, 0xCD, 0xE3,
    0xC4, 0x53, 0x3C, 0x0C, 0xF7, 0xCC, 0x16, 0xD3, 0x9E, 0x52, 0x82, 0xDB, 0x32, 0x38, 0x1C, 0x44,
    0xDC, 0x93, 0x89, 0xDC, 0xFD, 0x66, 0x84, 0x6D, 0x6D, 0x30, 0xD8, 0x57, 0x5A, 0x97, 0x22, 0x0F,
    0x78, 0x54, 0x55, 0x24, 0xA5, 0xCA, 0xBD, 0xCC, 0x62, 0xD0, 0x53, 0x49, 0x8A, 0x93, 0xC2, 0x8B,
    0x98, 0x57, 0x3C, 0x03, 0x76, 0x8C, 0x39, 0xE6, 0xED, 0x5C, 0x62, 0xCD, 0xCE, 0xBC, 0x10, 0xF2,
    0x4F, 0xD4, 0xB1, 0x41, 0xB1, 0x2D, 0x41, 0x45, 0xE3, 0x34, 0x49, 0x77, 0x71, 0xBB, 0xDD, 0xD4,
    0xBB, 0xD8, 0xE4, 0xA1, 0x8F, 0x70, 0xC6, 0x87, 0xBA, 0x4C, 0x65, 0xA6, 0x12, 0x4C, 0xF3, 0x52,
    0x95, 0xAB, 0x42, 0xE5, 0xA6, 0x7A, 0x96, 0x45, 0xC3, 0x60, 0xC3, 0x99, 0xCB, 0xA4, 0xE0, 0x56,
    0x99, 0x8C, 0x59, 0x5E, 0x6E, 0x25, 0x9A, 0xBC, 0x51, 0xD7, 0x00, 0x24, 0x5F, 0x65, 0xAA, 0xA5,
    0x48, 0x0F, 0x4D, 0x21, 0x69, 0xD1, 0x06, 0xB2, 0xB6, 0x0C, 0x7B, 0xA2, 0x75, 0x21, 0xC2, 0x38,
    0x44, 0x37, 0xBD, 0x7B, 0x73, 0x7A, 0x7A, 0x22, 0xFA, 0x6D, 0xBE, 0x3B, 0xA2, 0xB8, 0x94, 0x41,
    0xFD, 0x45, 0x27, 0xD3, 0xE0, 0x9A, 0xD9, 0x0C, 0xC9, 0xA4, 0xB1, 0x3E, 0xBE, 0xE9, 0x1E, 0x46,
    0x42, 0xB0, 0x2A, 0x43, 0xAB, 0x82, 0xF7, 0x3D, 0xED, 0x59, 0xF9, 0x10, 0xE5, 0xB1, 0x55, 0x0E,
    0x9D, 0x32, 0xF6, 0x0A, 0xE5, 0xA6, 0x7E, 0x64, 0xEA, 0x2A, 0x87, 0x5D, 0x98, 0x72, 0x63, 0x3F,
    0x03, 0xA3, 0xF2, 0xA7, 0xD7, 0xED, 0x5C, 0x8A, 0x53, 0xEA, 0x73, 0x62, 0x7C, 0xAA, 0xD4, 0xBC,
    0x8F, 0xFB, 0x3F, 0xEA, 0x83, 0x9A, 0xAF, 0x1D, 0xEC, 0x1B, 0x5E, 0x16, 0x5C, 0x17, 0xCC, 0x01,
    0xDA, 0x92, 0x0B, 0xD8, 0x11, 0xEC, 0x14, 0x2D, 0xDE, 0xC8, 0xDC, 0x78, 0x41, 0xC4, 0x0B, 0x83,
    0xD8, 0x58, 0x20, 0x9C, 0x88, 0xF1, 0x4B, 0xAA, 0xA4, 0xE2, 0x45, 0xBC, 0xF7, 0xB3, 0x3D, 0x4A,
    0xAA, 0xB5, 0x03, 0x46, 0xF6, 0x3D, 0xAB, 0x6E, 0xC6, 0xC8, 0x1F, 0x34, 0x07, 0x63, 0x86, 0xAD,
    0xCC, 0x90, 0x13, 0x06, 0xFF, 0x8A, 0xA1, 0xFD, 0xC1, 0x03, 0xBE, 0xE5, 0x0F, 0x83, 0xEE, 0x7C,
    0xA2, 0x71, 0xE6, 0xF8, 0x31, 0x55, 0xBC, 0x4D, 0xB0, 0x19, 0x1B, 0x97, 0xE2, 0x9D, 0xD5, 0x10,
    0xBF, 0x59, 0x8B, 0xDE, 0xE1, 0xF7, 0xF6, 0x37, 0x60, 0x85, 0x58, 0xE7, 0x4A, 0x82, 0x44, 0xCA,
    0x3E, 0x0F, 0x13, 0x7C, 0x24, 0xF0, 0x27, 0xCD, 0x48, 0x36, 0x3C, 0x98, 0x22, 0x07, 0xB2, 0x45,
    0x64, 0x27, 0xFF, 0x69, 0x0B, 0x0F, 0x17, 0x37, 0x54, 0x0A, 0x1E, 0x8F, 0x98, 0x5E, 0x77, 0x4C,
    0xBE, 0x5F, 0x4D, 0x5D, 0x3E, 0x7F, 0x47, 0xCB, 0x34, 0xB0, 0xFC, 0x99, 0x9E, 0xF0, 0xFF, 0x65,
    0xF3, 0x12, 0xB4, 0xF8, 0xB6, 0x58, 0x3F, 0x16, 0xAF, 0xBC, 0xBC, 0x65, 0xDD, 0xA2, 0xDE, 0xA6,
    0x33, 0x0E, 0xB1, 0xED, 0x2F, 0x74, 0x6A, 0x0A, 0xBC, 0xE2, 0x7E, 0xF2, 0xD8, 0xE4, 0x6B, 0xB3,
    0x90, 0xDC, 0x93, 0xFA, 0x37, 0x78, 0xD4, 0xD8, 0x5D, 0xD4, 0xE7, 0x6F, 0xED, 0x5B, 0x4F, 0x6C,
    0x1C, 0xD7, 0x79, 0xFF, 0x66, 0x86, 0xE4, 0xD0, 0x1C, 0x91, 0xC3, 0x16, 0x82, 0xA1, 0x5A, 0xB4,
    0x46, 0x07, 0x01, 0x25, 0x02, 0x52, 0xE3, 0x24, 0x2C, 0xB2, 0x45, 0x96, 0x9C, 0x71, 0xD2, 0xD6,
    0x28, 0x7C, 0x88, 0x0A, 0x34, 0x17, 0xEB, 0xA2, 0x43, 0x6F, 0x3D, 0x50, 0x09, 0x74, 0x50, 0x8B,
    0xA5, 0x66, 0xD2, 0x1C, 0x7B, 0x21, 0x50, 0x25, 0xA7, 0x02, 0x16, 0x10, 0x17, 0x68, 0xEC, 0x83,
    0x89, 0x86, 0x41, 0xD5, 0x9A, 0xE2, 0x4E, 0x72, 0x31, 0x8A, 0x1E, 0x3A, 0x4E, 0x80, 0xF6, 0xE8,
    0x31, 0x2C, 0x17, 0x90, 0x13, 0x54, 0x93, 0x64, 0x62, 0x2F, 0xE5, 0xDD, 0x79, 0xFD, 0xBE, 0xEF,
    0xFD, 0xD9, 0x99, 0x25, 0x29, 0xCB, 0x46, 0xEC, 0xD8, 0x31, 0x77, 0x67, 0xDE, 0x7B, 0x3B, 0x7F,
    0xDE, 0xFB, 0xDE, 0xF7, 0xBE, 0x3F, 0xBF, 0xF7, 0xBD, 0xB7, 0x00, 0xF0, 0x14, 0x5C, 0x81, 0xCC,
    0x4E, 0x1D, 0x98, 0x83, 0x53, 0xB0, 0x04, 0xCB, 0xB0, 0x01, 0x51, 0x96, 0xF0, 0x37, 0x8A, 0xFF,
    0x00, 0x20, 0xB6, 0x32, 0x07, 0x66, 0x60, 0x1E, 0xEF, 0x2E, 0xC3, 0x1A, 0x44, 0xB1, 0xBA, 0x97,
    0x46, 0x20, 0x3F, 0x4F, 0x42, 0x94, 0xF6, 0xF3, 0x3E, 0x5E, 0x99, 0x03, 0x78, 0x62, 0x1B, 0x2C,
    0x21, 0x62, 0x4F, 0x88, 0x3C, 0x10, 0x22, 0x8B, 0x84, 0x48, 0xA3, 0x62, 0x06, 0x92, 0x14, 0x20,
    0x89, 0x01, 0x9F, 0x04, 0x08, 0x33, 0x00, 0xBF, 0x00, 0x70, 0x07, 0x00, 0xD6, 0x08, 0xE4, 0x8D,
    0x20, 0xC7, 0x0B, 0x25, 0x5E, 0x18, 0xE2, 0x85, 0x2D, 0x3C, 0x37, 0x1A, 0x27, 0x5E, 0xB3, 0xF1,
    0x85, 0x99, 0x18, 0xCC, 0xC7, 0xC2, 0xD3, 0xC7, 0x8A, 0x42, 0x7C, 0x27, 0x2A, 0xD5, 0xFB, 0x54,
    0x79, 0x8C, 0xED, 0x67, 0xE0, 0xE2, 0xB9, 0x70, 0x39, 0x83, 0x15, 0x88, 0x91, 0xE2, 0x99, 0x18,
    0xE9, 0x80, 0x48, 0xD4, 0xE0, 0x8B, 0x12, 0x6C, 0x11, 0x83, 0x53, 0xE1, 0xEB, 0xF8, 0xF8, 0xAC,
    0xA9, 0xB0, 0xCB, 0x69, 0xC4, 0x4D, 0x84, 0x77, 0xC1, 0xEA, 0xA7, 0x81, 0x78, 0xB1, 0x2F, 0xB2,
    0xBF, 0x11, 0x42, 0x6C, 0x43, 0xFC, 0x44, 0xBD, 0x0D, 0x13, 0x9F, 0xF3, 0x9C, 0xEE, 0x70, 0x5A,
    0x32, 0x4D, 0x9C, 0x3A, 0xC7, 0xA5, 0x15, 0xA5, 0x76, 0x33, 0x1D, 0xF0, 0x5B, 0x8D, 0x14, 0x64,
    0x3A, 0x3C, 0x26, 0xDD, 0x3B, 0x94, 0xF6, 0x0E, 0xA5, 0xDD, 0x0F, 0x98, 0x76, 0x38, 0x5D, 0x33,
    0xBD, 0xB2, 0x73, 0x08, 0x0A, 0x58, 0xBB, 0x05, 0xBB, 0x16, 0xF4, 0x91, 0x69, 0x03, 0xE2, 0xD3,
    0x0A, 0xC0, 0xA2, 0xEC, 0xF1, 0x0E, 0xF5, 0x15, 0x3B, 0xEA, 0x34, 0x8F, 0x8A, 0x3A, 0x44, 0xC7,
    0x80, 0xFA, 0x41, 0x5D, 0x19, 0x30, 0xC9, 0xE6, 0xD8, 0xD3, 0x47, 0x4F, 0x1F, 0xDD, 0x63, 0x8E,
    0xCE, 0x98, 0x16, 0x2F, 0xE5, 0x11, 0xC9, 0x28, 0x7D, 0x83, 0xD3, 0x62, 0x8A, 0x38, 0x25, 0x98,
    0x19, 0xFD, 0x72, 0x3C, 0x5E, 0xD7, 0xF8, 0xF9, 0x18, 0x8E, 0xFE, 0x48, 0x66, 0x7B, 0x35, 0xA5,
    0x81, 0xA0, 0xA7, 0x22, 0x41, 0xD5, 0xFD, 0xAD, 0xC8, 0x89, 0xE3, 0x09, 0x4A, 0x16, 0x08, 0x21,
    0xD3, 0xD2, 0xA4, 0xD1, 0x9B, 0x94, 0x5A, 0x5F, 0x29, 0xB8, 0x0A, 0x4E, 0x9D, 0x9C, 0x53, 0x26,
    0xC5, 0x67, 0xE2, 0x42, 0x6E, 0x60, 0x9F, 0x12, 0x77, 0x48, 0x2C, 0x4A, 0x2A, 0x88, 0xDE, 0xEE,
    0x63, 0xC5, 0x28, 0xFC, 0x82, 0x44, 0x51, 0xD0, 0x88, 0xCE, 0xD5, 0x92, 0x36, 0x1B, 0xC9, 0xC0,
    0x57, 0x91, 0x0C, 0xAC, 0xBF, 0x79, 0xC4, 0x24, 0xB7, 0x74, 0xA4, 0x10, 0xF0, 0x81, 0xD5, 0xA3,
    0x74, 0x9B, 0xC3, 0xD3, 0x87, 0xAB, 0x0F, 0xE7, 0xB8, 0x23, 0x05, 0xA7, 0xC1, 0x08, 0x24, 0xDC,
    0x2F, 0x61, 0xED, 0x2A, 0x74, 0x2C, 0x48, 0x04, 0x84, 0x43, 0xF0, 0x73, 0x54, 0x58, 0x1E, 0x4D,
    0xD8, 0x55, 0x0F, 0x39, 0x43, 0x55, 0x98, 0x5F, 0x36, 0x2A, 0xAD, 0xEA, 0x08, 0x98, 0x53, 0xD4,
    0xDF, 0x5A, 0x3F, 0x5C, 0x2A, 0xE9, 0xF3, 0x62, 0xC5, 0xD5, 0x29, 0x1E, 0x08, 0xA1, 0xEE, 0x0B,
    0x55, 0x70, 0x46, 0x89, 0x1A, 0xC6, 0xE2, 0x49, 0x55, 0x97, 0xA6, 0x6B, 0x43, 0x53, 0x47, 0x32,
    0xCC, 0xD4, 0xD2, 0x08, 0x79, 0x44, 0x2E, 0x55, 0xBE, 0xA0, 0x5B, 0x59, 0xE1, 0x6A, 0x94, 0xA4,
    0x3A, 0xE2, 0x40, 0x16, 0x98, 0xA7, 0x2C, 0xEB, 0x21, 0x2A, 0x34, 0xAB, 0x81, 0xB5, 0x39, 0x52,
    0xFA, 0x80, 0xC2, 0x76, 0x47, 0xB6, 0x5A, 0x41, 0x1F, 0x94, 0x9C, 0xF4, 0xA9, 0x0F, 0x67, 0xB1,
    0x27, 0x11, 0xB6, 0x33, 0x83, 0x2F, 0x21, 0xB5, 0x6F, 0xFD, 0xB5, 0x10, 0x64, 0x03, 0x04, 0x7D,
    0x70, 0x2C, 0x5D, 0xCA, 0x2B, 0xD9, 0x01, 0x6A, 0x89, 0xAA, 0x10, 0x07, 0x93, 0x22, 0x65, 0x23,
    0x95, 0x3E, 0x8E, 0x5E, 0xA4, 0xBF, 0x71, 0x48, 0xDF, 0x34, 0xC0, 0xAF, 0x9F, 0xFA, 0x99, 0xFC,
    0x7A, 0xFC, 0x75, 0xF9, 0xEB, 0x4C, 0x7E, 0xD3, 0xE6, 0xF0, 0x8C, 0xD5, 0xAE, 0x07, 0x67, 0x54,
    0x69, 0xDF, 0x5C, 0x15, 0x4A, 0xB0, 0x9B, 0xA5, 0x04, 0x6E, 0xAB, 0x52, 0xA4, 0xBB, 0x8C, 0x52,
    0xB8, 0xAF, 0x4A, 0x7D, 0x48, 0xE4, 0x78, 0x21, 0x43, 0xA2, 0x11, 0x36, 0xF4, 0x5C, 0x1F, 0xB5,
    0x25, 0x14, 0xF2, 0x53, 0x60, 0x97, 0xF8, 0x53, 0x33, 0x17, 0xA9, 0x10, 0x33, 0x67, 0x84, 0xF8,
    0x27, 0x65, 0x55, 0x8F, 0xD3, 0xA1, 0x87, 0x7C, 0xCC, 0x2B, 0x52, 0x32, 0x98, 0x73, 0x5A, 0xA0,
    0xC0, 0x37, 0x25, 0xAF, 0x32, 0x4C, 0x2C, 0x27, 0x6A, 0x98, 0xB6, 0xD3, 0xE0, 0xEF, 0xCB, 0xE8,
    0xFE, 0x20, 0x11, 0x55, 0xF4, 0x9F, 0xA5, 0xF7, 0xAD, 0xBC, 0x75, 0x1B, 0x65, 0x75, 0x1D, 0xBB,
    0x96, 0x02, 0x76, 0x40, 0x54, 0xA8, 0xFE, 0xCE, 0xF3, 0x23, 0xCF, 0xAE, 0x7D, 0xE8, 0x07, 0xB0,
    0x11, 0x7E, 0x77, 0x14, 0x8A, 0x41, 0x28, 0xCA, 0x40, 0xA4, 0xDE, 0x81, 0x7A, 0x63, 0x6A, 0x4E,
    0xBF, 0x1B, 0x05, 0x99, 0x66, 0x8D, 0x28, 0x8D, 0x84, 0x16, 0xFA, 0xDA, 0xA6, 0xBE, 0x1B, 0xBA,
    0xC7, 0xF4, 0xFC, 0x53, 0x31, 0x42, 0x6E, 0x66, 0xF8, 0x6D, 0x78, 0x1B, 0x18, 0x7E, 0x07, 0xE3,
    0x71, 0x29, 0x8C, 0xFB, 0xFC, 0x73, 0x5D, 0x5A, 0x0F, 0x53, 0xDD, 0x85, 0x7E, 0x6E, 0x38, 0x64,
    0x4A, 0x89, 0xAE, 0x7A, 0xC3, 0x7B, 0x5F, 0xD9, 0xF8, 0xC4, 0xF2, 0x6A, 0x5A, 0x5D, 0x48, 0xC4,
    0x83, 0x18, 0xD4, 0xD3, 0xDF, 0x41, 0x81, 0xFD, 0x6F, 0x7E, 0x0D, 0x75, 0x7A, 0x06, 0xB3, 0x11,
    0x3C, 0x46, 0x26, 0x85, 0x0D, 0x36, 0x72, 0x80, 0xFD, 0xBD, 0x36, 0x01, 0x91, 0x32, 0xE0, 0x8A,
    0x2F, 0x6C, 0x94, 0x40, 0xA2, 0x98, 0xB1, 0x17, 0xD2, 0x5E, 0xDA, 0x08, 0xB8, 0x93, 0x37, 0x1D,
    0x19, 0x1B, 0x7E, 0xB8, 0x24, 0xBD, 0x06, 0xBB, 0xFB, 0x0D, 0x55, 0x13, 0x4A, 0xB7, 0x5B, 0x4B,
    0xD8, 0xE3, 0x68, 0xF8, 0x43, 0xA3, 0x77, 0xC3, 0x70, 0x49, 0xE5, 0xAA, 0x99, 0x48, 0x8D, 0x49,
    0xA4, 0x9A, 0x0F, 0xAB, 0xB6, 0x8D, 0x76, 0x15, 0x99, 0xB6, 0xA8, 0xB5, 0xEC, 0x1F, 0x28, 0x6B,
    0x2E, 0xEA, 0x9B, 0x7C, 0x43, 0xB0, 0x7B, 0x62, 0x5E, 0x72, 0x7F, 0x9F, 0x7B, 0xF1, 0xE6, 0x27,
    0x8B, 0x4F, 0x63, 0xEF, 0x3A, 0xF6, 0x17, 0xEB, 0x2A, 0xDF, 0x9A, 0xC8, 0x3F, 0x76, 0x3E, 0x29,
    0x9F, 0xC7, 0x62, 0xAB, 0x9A, 0x54, 0x4D, 0xF5, 0x55, 0x9E, 0xA8, 0xAE, 0x04, 0x8F, 0x64, 0x42,
    0x4F, 0xF8, 0xFE, 0x88, 0x7C, 0x67, 0x7C, 0xC2, 0x10, 0x8E, 0xAA, 0xB0, 0xD8, 0xA4, 0x6F, 0x52,
    0xAF, 0xBC, 0x11, 0xBF, 0x66, 0x6E, 0x33, 0x09, 0x6C, 0xFB, 0xBD, 0x4C, 0x63, 0x36, 0x2A, 0xCD,
    0x88, 0x98, 0x90, 0x19, 0x72, 0x1A, 0x2D, 0x89, 0x20, 0x3B, 0x97, 0x88, 0x9B, 0xDA, 0x54, 0xB8,
    0x44, 0xAF, 0x3F, 0x30, 0x49, 0x65, 0x90, 0xDF, 0xC3, 0x3F, 0x1F, 0x19, 0x55, 0xDA, 0xBB, 0x5A,
    0x72, 0xBA, 0xC0, 0xA3, 0xEA, 0x08, 0x99, 0xF2, 0x0D, 0x21, 0x21, 0x32, 0xA7, 0x01, 0xA7, 0x7E,
    0xDC, 0x48, 0x1B, 0xA3, 0xC8, 0x63, 0xC6, 0x93, 0x2B, 0x70, 0xB9, 0xB6, 0xA0, 0x60, 0x49, 0xCB,
    0xE0, 0xDF, 0xBF, 0xBE, 0x29, 0x08, 0x11, 0x11, 0xAC, 0x76, 0xA5, 0x6F, 0xDC, 0xAC, 0x0F, 0x39,
    0x78, 0x09, 0xA2, 0xDD, 0xE1, 0xD8, 0xBD, 0xCB, 0xB2, 0x55, 0x3E, 0x32, 0x46, 0xF8, 0xED, 0xF6,
    0x62, 0xF2, 0x73, 0xCB, 0xB8, 0xC2, 0x72, 0x02, 0xC0, 0xD8, 0x30, 0xA7, 0x34, 0xC4, 0x4B, 0xFD,
    0xA7, 0xE5, 0xF8, 0xFB, 0xBF, 0x4E, 0x7E, 0x26, 0x85, 0x96, 0x44, 0x32, 0x83, 0x54, 0x4A, 0xAB,
    0x00, 0x9B, 0xC6, 0xD0, 0x17, 0xAF, 0xBD, 0x20, 0x81, 0xAC, 0x7B, 0xA0, 0x90, 0xAC, 0xAC, 0xCC,
    0x37, 0xA5, 0x73, 0xA6, 0xB4, 0x6A, 0x54, 0x70, 0xDD, 0x4C, 0x2D, 0xC6, 0xA5, 0x0D, 0xA3, 0x98,
    0x6C, 0x5A, 0x58, 0x4E, 0x58, 0x7D, 0x03, 0x23, 0x40, 0x8C, 0x6B, 0x69, 0xDE, 0x2B, 0xC7, 0xC1,
    0xAF, 0xE3, 0x69, 0x89, 0x5C, 0xD9, 0x1F, 0x66, 0xA0, 0x14, 0xA8, 0xD6, 0x36, 0x45, 0xC3, 0x1D,
    0x57, 0x1C, 0xBC, 0xDF, 0x38, 0xD9, 0x06, 0x79, 0xB9, 0x83, 0xC3, 0x10, 0xCE, 0x1F, 0x1C, 0x86,
    0x7A, 0x53, 0x7F, 0xA6, 0x4B, 0xA1, 0xAF, 0xA1, 0x42, 0x72, 0xBF, 0x3C, 0x04, 0xBA, 0x92, 0xD7,
    0x75, 0xD5, 0xC1, 0x33, 0xD9, 0x07, 0x07, 0x99, 0x27, 0xA3, 0xD5, 0xF2, 0x17, 0x37, 0xC7, 0x71,
    0x10, 0x21, 0x0C, 0x2E, 0x0B, 0xF5, 0xCB, 0x16, 0xBB, 0x10, 0xC9, 0x15, 0x3F, 0xC6, 0x26, 0x13,
    0x69, 0x81, 0x83, 0x3C, 0xC9, 0xC1, 0x93, 0xA3, 0x18, 0xBD, 0x33, 0xD2, 0x5A, 0x8D, 0x6A, 0x93,
    0x73, 0x27, 0xB7, 0x99, 0x4F, 0x07, 0xF1, 0x74, 0xBF, 0x60, 0x4E, 0x49, 0x80, 0x95, 0x31, 0xAF,
    0x1C, 0x09, 0xB5, 0x24, 0xB7, 0x24, 0xFE, 0x5A, 0x90, 0x5C, 0xDA, 0x14, 0xF7, 0x14, 0xC7, 0xD4,
    0x40, 0xAC, 0x36, 0xCA, 0xEB, 0x87, 0xCA, 0xC5, 0x58, 0x9F, 0x95, 0x03, 0x1A, 0xF3, 0x4E, 0x71,
    0x2F, 0x94, 0x5D, 0x0A, 0x73, 0x06, 0x8B, 0x06, 0xCE, 0x9E, 0x55, 0x92, 0xE8, 0x8B, 0xED, 0x19,
    0x2D, 0x58, 0xAE, 0xE1, 0x62, 0x8B, 0x8F, 0x4D, 0x4E, 0x92, 0x7D, 0x7D, 0x98, 0xE4, 0x5B, 0x8D,
    0xB2, 0xD7, 0x98, 0x7A, 0x04, 0x0D, 0xD3, 0x16, 0x56, 0x47, 0x5F, 0x77, 0x3F, 0x84, 0x2C, 0x9F,
    0x8C, 0xE9, 0x47, 0x3F, 0xA6, 0xE3, 0xC8, 0x16, 0x98, 0x89, 0x85, 0xD0, 0x35, 0xA6, 0x2A, 0x57,
    0x28, 0x64, 0x24, 0xEB, 0xB4, 0x35, 0x3A, 0xD2, 0xB9, 0xB2, 0x76, 0xD6, 0x31, 0x39, 0xBC, 0x5F,
    0x3E, 0x9C, 0xC8, 0xF7, 0x8E, 0xC9, 0x7B, 0x26, 0xDF, 0x64, 0xD2, 0xAE, 0x7B, 0x72, 0x9C, 0xAF,
    0xF7, 0xD9, 0x9B, 0x51, 0xAF, 0x05, 0x87, 0x49, 0xEB, 0x38, 0xE0, 0x3C, 0x07, 0x9B, 0x58, 0x32,
    0x92, 0x27, 0x0D, 0xC4, 0xCC, 0x90, 0x45, 0x71, 0x86, 0x82, 0x62, 0xC1, 0x77, 0x5F, 0x46, 0x04,
    0x11, 0xC9, 0xB9, 0x11, 0xE3, 0x0A, 0x21, 0xEE, 0xA2, 0x37, 0xC4, 0xEC, 0x2D, 0x86, 0x52, 0x5F,
    0x8F, 0x7F, 0xD3, 0x7C, 0x3A, 0xAD, 0xF8, 0xB2, 0xA1, 0x72, 0x7E, 0x93, 0xF2, 0x4C, 0xF2, 0x43,
    0x8A, 0xF3, 0x00, 0x2E, 0x7E, 0x2A, 0xF9, 0x74, 0x56, 0x29, 0xA0, 0x18, 0x29, 0x49, 0x95, 0x0C,
    0x8A, 0xFE, 0xB7, 0xCF, 0x0C, 0xAA, 0x14, 0x98, 0xCB, 0xC1, 0xCA, 0x1A, 0x16, 0x41, 0x7B, 0x43,
    0x3D, 0x23, 0xF7, 0xF1, 0xED, 0x19, 0x8E, 0x38, 0xDD, 0x65, 0x41, 0xD7, 0x42, 0x6E, 0x69, 0x01,
    0x0F, 0xE5, 0xFC, 0x95, 0x34, 0x41, 0x0A, 0x7B, 0xA5, 0xD8, 0x1F, 0xB7, 0xE2, 0x27, 0x7A, 0xBA,
    0xAE, 0x26, 0xC9, 0x56, 0xF5, 0x70, 0x2C, 0x7F, 0x71, 0x02, 0xC3, 0x77, 0x27, 0x98, 0x39, 0xC9,
    0xE4, 0x3B, 0x66, 0xEE, 0x3D, 0x81, 0xE9, 0x55, 0xFD, 0xD1, 0x40, 0x07, 0x06, 0x15, 0x59, 0xD2,
    0x99, 0x91, 0xF9, 0xB8, 0xAB, 0x5C, 0xBE, 0x78, 0x40, 0x9C, 0x93, 0x0C, 0x1D, 0x82, 0x85, 0x17,
    0x78, 0x5A, 0x63, 0xBD, 0xF4, 0xE0, 0xA6, 0x8E, 0xE7, 0x34, 0xC7, 0xDB, 0x32, 0xF2, 0xA6, 0x7E,
    0xD7, 0x13, 0x24, 0x3E, 0xEA, 0xE7, 0x64, 0x9C, 0x7E, 0xA3, 0xE3, 0x14, 0x95, 0x49, 0x95, 0x54,
    0x91, 0x64, 0x8B, 0x95, 0x3E, 0x5A, 0x94, 0xCF, 0x35, 0x7E, 0xD2, 0x2A, 0x3E, 0xB8, 0x0F, 0x74,
    0x0C, 0xC0, 0xF4, 0x8C, 0xCD, 0x0F, 0x8C, 0x2F, 0x0C, 0xB5, 0x4F, 0x50, 0xF1, 0x7B, 0xE5, 0xE5,
    0x2E, 0x98, 0x92, 0x8A, 0x34, 0x05, 0x3F, 0xCB, 0xAF, 0x2A, 0x1F, 0xF1, 0xD5, 0x6C, 0x47, 0x57,
    0x9D, 0x69, 0xCA, 0xDC, 0x74, 0x38, 0x19, 0x69, 0x9A, 0x19, 0x91, 0xB1, 0xC0, 0xCF, 0xE3, 0xC8,
    0xA5, 0xA8, 0xBE, 0x04, 0xD3, 0x64, 0x1A, 0x14, 0x6B, 0x48, 0x9C, 0x5C, 0xA1, 0xE3, 0xC4, 0xC4,
    0x37, 0x21, 0x47, 0x1E, 0x27, 0xE5, 0xF7, 0x26, 0x4C, 0x69, 0xD9, 0x91, 0x96, 0x51, 0xCD, 0x6E,
    0x98, 0x74, 0x67, 0x24, 0xA4, 0x59, 0x94, 0xD3, 0xE6, 0xC5, 0xA9, 0x47, 0x66, 0x87, 0x8A, 0x5F,
    0x29, 0xD8, 0x1D, 0xD5, 0xCA, 0x07, 0xF2, 0xD5, 0x03, 0xC9, 0x82, 0x8A, 0xC7, 0xDB, 0x92, 0x7E,
    0x11, 0xB3, 0xD2, 0x92, 0x99, 0x4B, 0x76, 0xFC, 0xDD, 0x6A, 0x9E, 0xDE, 0xFB, 0x49, 0xB5, 0xC4,
    0x6F, 0x56, 0x2B, 0x32, 0xEB, 0x36, 0x48, 0x85, 0xF2, 0xBA, 0xCC, 0x7A, 0x72, 0xCC, 0x7A, 0x92,
    0x57, 0x37, 0xA4, 0x66, 0x44, 0x52, 0xB2, 0xA8, 0x0D, 0xB7, 0x86, 0xE0, 0x00, 0x85, 0x64, 0x20,
    0x43, 0xE6, 0x05, 0xE3, 0x85, 0x5A, 0xF2, 0xA3, 0x60, 0x66, 0xDC, 0x9B, 0x24, 0x5F, 0x8E, 0x91,
    0x9D, 0x35, 0x81, 0x92, 0xD2, 0x36, 0x15, 0x21, 0x50, 0x01, 0x47, 0xE9, 0x60, 0x9C, 0xFF, 0xE2,
    0xCC, 0x55, 0x41, 0x4A, 0x57, 0x65, 0x65, 0x53, 0xEA, 0x28, 0x9B, 0x95, 0xA6, 0xFC, 0xF4, 0x22,
    0xEB, 0xD4, 0x53, 0x72, 0xB1, 0xE9, 0x9B, 0x32, 0xFB, 0x9E, 0xD4, 0x90, 0x37, 0x63, 0x56, 0x9C,
    0x77, 0x33, 0xCE, 0x48, 0xFD, 0xBB, 0x32, 0xAA, 0xD1, 0x6D, 0x29, 0x97, 0xCA, 0x56, 0x65, 0xB6,
    0x72, 0x7C, 0x66, 0x91, 0xD6, 0x59, 0xCF, 0x89, 0xA1, 0xF4, 0x16, 0x03, 0x96, 0x01, 0x51, 0x71,
    0x7A, 0x8F, 0x26, 0xEC, 0xDF, 0xBF, 0xD4, 0xEA, 0xF9, 0xF6, 0x78, 0x2E, 0x25, 0x01, 0x65, 0xC0,
    0xA9, 0x94, 0x31, 0xEE, 0xAD, 0x74, 0xAA, 0xB2, 0xCB, 0x96, 0xEC, 0xB1, 0x4C, 0xDD, 0x46, 0x7A,
    0x78, 0x0D, 0xD1, 0x6E, 0xAC, 0x33, 0x2A, 0x8B, 0x52, 0x35, 0x7C, 0xA9, 0x4C, 0x6F, 0x1F, 0xB3,
    0x3E, 0xD8, 0x5C, 0xF5, 0x93, 0x66, 0x66, 0x9D, 0xE3, 0xE4, 0xAB, 0xF3, 0x9C, 0xB2, 0x90, 0x9C,
    0xE3, 0xDB, 0xE7, 0x58, 0x36, 0xCE, 0x5D, 0x1F, 0xA7, 0x17, 0xB9, 0x8A, 0x75, 0xB6, 0x3A, 0xC3,
    0x84, 0xE7, 0x87, 0x24, 0x15, 0x49, 0x19, 0xD5, 0xF1, 0x65, 0x91, 0xB3, 0x4C, 0xB0, 0x96, 0x0C,
    0x78, 0x01, 0x05, 0x39, 0x3E, 0x27, 0x5E, 0xD0, 0x6A, 0xB6, 0x4D, 0x52, 0x12, 0xF3, 0xBA, 0x1A,
    0x59, 0x9A, 0x04, 0xCF, 0x00, 0x15, 0x2D, 0x11, 0xB9, 0x85, 0x22, 0xE4, 0xA0, 0x39, 0xF5, 0x73,
    0x19, 0x2A, 0xEB, 0xAA, 0xB3, 0x77, 0xC4, 0xB9, 0xA5, 0xC8, 0x6E, 0x9E, 0x7A, 0x81, 0xF8, 0xA2,
    0x3A, 0x83, 0xC6, 0xE9, 0x1F, 0x71, 0x52, 0x0C, 0x9B, 0x4E, 0xB7, 0x71, 0x12, 0x12, 0x96, 0x9A,
    0xA6, 0x26, 0x02, 0xAE, 0x94, 0x4A, 0xBF, 0x6A, 0xC6, 0xD1, 0x95, 0x7B, 0x40, 0x69, 0x96, 0xCB,
    0xBE, 0x3A, 0x70, 0x2D, 0x6D, 0x09, 0x2D, 0x63, 0xC7, 0xEC, 0xBA, 0x9C, 0x94, 0x11, 0x94, 0x2B,
    0xE3, 0x62, 0xBE, 0x84, 0xC2, 0x0C, 0xA4, 0xC3, 0x78, 0x55, 0xAE, 0x82, 0x75, 0x25, 0x84, 0xEF,
    0xC9, 0x65, 0x44, 0x99, 0xC5, 0x6C, 0x1C, 0xBC, 0x58, 0x2A, 0x9E, 0x8C, 0xA8, 0x5D, 0x94, 0x21,
    0x91, 0x3D, 0x8E, 0xA3, 0xE1, 0x7C, 0x1C, 0x41, 0x8D, 0xD5, 0x2F, 0xA4, 0xFE, 0xA5, 0xAC, 0x7F,
    0xA3, 0xB1, 0xFE, 0x79, 0x0A, 0x0E, 0x4F, 0xE9, 0x78, 0x4B, 0x45, 0xE0, 0xC7, 0x11, 0xA9, 0x23,
    0x72, 0x57, 0x94, 0x0B, 0x49, 0xB5, 0xE2, 0x0D, 0xBA, 0xF6, 0xB0, 0x07, 0x83, 0xFD, 0xCB, 0x55,
    0x5F, 0x14, 0x7D, 0x91, 0x25, 0x35, 0xAD, 0x74, 0x7F, 0x32, 0x97, 0x4A, 0x9B, 0xBE, 0xCE, 0x38,
    0x83, 0xCF, 0xC6, 0x22, 0xE3, 0x67, 0xBE, 0xEF, 0xC7, 0xC4, 0x10, 0xAF, 0x69, 0x00, 0xA2, 0xA2,
    0xDB, 0x6E, 0xAD, 0x38, 0xE1, 0x69, 0x96, 0xB8, 0xC3, 0x5A, 0x47, 0x89, 0x96, 0x27, 0x5F, 0x5F,
    0xA2, 0x09, 0x49, 0x50, 0x5A, 0x22, 0xF5, 0xAB, 0x95, 0xE8, 0x2B, 0xD5, 0x0B, 0x61, 0x81, 0x90,
    0x2D, 0xB8, 0x4B, 0xCC, 0xDA, 0x96, 0x21, 0x26, 0xB4, 0x0C, 0xCB, 0x94, 0xDB, 0x29, 0xB8, 0x01,
    0xCC, 0x27, 0xF1, 0xD2, 0xFD, 0x74, 0x59, 0xC4, 0x9D, 0x00, 0xA2, 0x05, 0xB8, 0xB8, 0x44, 0x5B,
    0x65, 0x10, 0x3A, 0xA2, 0xCD, 0xFC, 0x2B, 0xD0, 0xDE, 0x01, 0x15, 0x26, 0xC9, 0xC9, 0x37, 0x16,
    0x2B, 0xEB, 0x76, 0x75, 0xA9, 0x51, 0x27, 0x47, 0xAC, 0xCE, 0x50, 0xB0, 0x92, 0x1A, 0x8D, 0xD1,
    0x9A, 0x6C, 0xC4, 0x70, 0x45, 0xDA, 0x26, 0x9C, 0x10, 0xDF, 0x4F, 0x69, 0x56, 0xB4, 0xC9, 0x83,
    0x71, 0x44, 0xCD, 0x4B, 0x34, 0xAD, 0xE2, 0xDA, 0x7C, 0xAE, 0xED, 0x0A, 0x73, 0xE0, 0xCC, 0xF7,
    0xD2, 0xCE, 0x9B, 0xD9, 0x1F, 0xFF, 0x32, 0x8B, 0x68, 0x67, 0x4D, 0x7A, 0x71, 0x0A, 0xDB, 0xF7,
    0x11, 0xA2, 0xDD, 0x2A, 0x9C, 0x2C, 0x30, 0x8B, 0x6A, 0xEF, 0xBB, 0x93, 0xE5, 0x12, 0xB9, 0xE3,
    0xB0, 0xB8, 0xBA, 0xBD, 0xFB, 0x78, 0x7F, 0x14, 0x55, 0x41, 0xDC, 0x91, 0x92, 0x41, 0x3B, 0x05,
    0xCE, 0xC3, 0xFA, 0x74, 0x8C, 0xB2, 0x16, 0x0C, 0x08, 0xA2, 0x4A, 0xC1, 0x9A, 0xC5, 0x3C, 0x44,
    0x33, 0x16, 0xC6, 0x7E, 0xEC, 0xA7, 0x5E, 0xEA, 0xA6, 0x4E, 0x8C, 0x5F, 0xDA, 0xCE, 0x80, 0xF6,
    0xCE, 0x2F, 0xC3, 0x61, 0x84, 0xDF, 0xA0, 0x72, 0x50, 0xF5, 0x1F, 0x43, 0xEB, 0x15, 0xC6, 0x51,
    0x86, 0xDF, 0x3C, 0x28, 0xFD, 0xD2, 0x2B, 0xDD, 0xCA, 0x19, 0xD8, 0x43, 0xE4, 0x03, 0x7D, 0xF7,
    0xD0, 0x8C, 0xAF, 0x23, 0x85, 0xF4, 0x5D, 0xC1, 0xEF, 0x32, 0x5C, 0x80, 0x45, 0x44, 0x70, 0xB3,
    0x48, 0xF4, 0x29, 0x94, 0xA7, 0x15, 0x14, 0xA2, 0x9E, 0xA8, 0x66, 0x06, 0x38, 0x99, 0x2B, 0xD1,
    0xDB, 0x66, 0x68, 0x1C, 0x08, 0x8A, 0xF3, 0xC2, 0x18, 0x87, 0x8E, 0x6B, 0x35, 0x43, 0x4D, 0x54,
    0x1F, 0x29, 0xAE, 0x40, 0x16, 0x86, 0x4E, 0x02, 0xF8, 0x04, 0x34, 0x1C, 0x75, 0x12, 0xF6, 0x20,
    0xB0, 0xCF, 0xE8, 0x55, 0x22, 0xD8, 0xD9, 0x05, 0xBC, 0x7A, 0x2A, 0x88, 0x9D, 0x7C, 0x29, 0xCA,
    0x9C, 0xAA, 0x17, 0x55, 0xBE, 0x18, 0x90, 0x5B, 0xAF, 0xC8, 0x0C, 0x95, 0x24, 0xAE, 0x85, 0x23,
    0x86, 0x61, 0x6A, 0x4B, 0x03, 0x67, 0x30, 0x36, 0xF3, 0x93, 0x0D, 0x32, 0x07, 0xF0, 0x7D, 0x13,
    0xC5, 0x67, 0x77, 0xC1, 0xF6, 0x8E, 0x4D, 0x9F, 0x65, 0x12, 0x18, 0x27, 0x2C, 0x0C, 0x57, 0xCC,
    0xE4, 0x87, 0x40, 0xA9, 0xC3, 0x8B, 0x0D, 0xB9, 0xAE, 0x74, 0x5F, 0x47, 0x16, 0xB8, 0x26, 0x4F,
    0x6E, 0xC2, 0xD0, 0x71, 0x14, 0x06, 0xF3, 0x09, 0x59, 0xE2, 0x88, 0x8C, 0x6F, 0x44, 0xA4, 0xF9,
    0x54, 0xB2, 0xD8, 0x2E, 0x33, 0x2D, 0x1C, 0x2C, 0x0F, 0x8C, 0x6F, 0xE7, 0xA4, 0x1F, 0x9F, 0xCD,
    0xA5, 0x3B, 0x66, 0xAC, 0xC6, 0x16, 0x96, 0xE3, 0x42, 0x6C, 0x55, 0x88, 0x63, 0x09, 0xD6, 0x84,
    0xEE, 0x98, 0x56, 0x62, 0x1C, 0xF2, 0xE0, 0x3F, 0x42, 0xF5, 0x80, 0x24, 0x5B, 0x40, 0xC4, 0xB2,
    0x02, 0x7E, 0xD1, 0x45, 0x32, 0xD7, 0xF0, 0xBC, 0x86, 0x7D, 0xA3, 0x73, 0x0F, 0xC9, 0xEB, 0xC7,
    0x9B, 0x19, 0x3A, 0x9D, 0x38, 0xE1, 0x2D, 0x55, 0x43, 0xB9, 0xA5, 0x0A, 0xAD, 0x36, 0x6D, 0xF5,
    0xA2, 0x39, 0x78, 0x46, 0x2E, 0x29, 0x03, 0x61, 0x4A, 0xA1, 0xF8, 0x07, 0xB3, 0xDA, 0x61, 0x1B,
    0x3E, 0xC9, 0xA4, 0xD4, 0x70, 0x46, 0x46, 0x55, 0x86, 0x26, 0xA9, 0x0D, 0xE3, 0x79, 0x29, 0x8D,
    0x01, 0x63, 0x58, 0xE8, 0xE8, 0x1B, 0x7B, 0x63, 0x06, 0x49, 0x76, 0x46, 0x1C, 0x25, 0xF1, 0x81,
    0x0E, 0x99, 0xBD, 0xEB, 0x34, 0x11, 0x1A, 0x24, 0x19, 0xC2, 0x23, 0x74, 0x9B, 0x4E, 0x89, 0x8F,
    0x3B, 0xB9, 0x87, 0xC2, 0x9C, 0xA1, 0x04, 0xF9, 0x31, 0x7A, 0xE8, 0x90, 0x46, 0x75, 0x9D, 0x70,
    0x6D, 0x8F, 0x78, 0xBF, 0x4B, 0x03, 0x4A, 0xFC, 0x7C, 0x8D, 0xBC, 0xEC, 0xAF, 0x90, 0x3E, 0x87,
    0x70, 0x23, 0x47, 0x3F, 0x2C, 0xB9, 0xA8, 0x63, 0x1C, 0xD7, 0x96, 0x51, 0xAF, 0xAE, 0x59, 0xF7,
    0x39, 0x6D, 0x92, 0xE5, 0xF6, 0xDD, 0x2D, 0xF3, 0x9A, 0x00, 0x55, 0x15, 0x57, 0xEA, 0xFC, 0x2A,
    0x53, 0x0D, 0x71, 0x93, 0xDC, 0x38, 0x93, 0xC1, 0x04, 0x11, 0x69, 0x4C, 0x24, 0x93, 0xCB, 0x84,
    0x73, 0x17, 0xB8, 0x33, 0xDC, 0x2D, 0xEE, 0x20, 0x77, 0x95, 0x3B, 0xCD, 0xDD, 0x67, 0xD3, 0x8F,
    0x56, 0xD8, 0x62, 0x60, 0x5E, 0xA2, 0xB1, 0x45, 0x6D, 0xFE, 0x76, 0x05, 0x01, 0xDA, 0xA7, 0x55,
    0xA0, 0xC0, 0xCC, 0x00, 0xA2, 0xED, 0x01, 0x0E, 0x0F, 0xE6, 0xEA, 0xF4, 0x79, 0xD2, 0x37, 0x54,
    0xE8, 0x4A, 0xA3, 0xA9, 0x48, 0xB9, 0x6A, 0x52, 0x2B, 0x12, 0x74, 0x92, 0x2D, 0x92, 0x52, 0xC2,
    0xB1, 0xA4, 0x5A, 0x76, 0x6C, 0x56, 0xCB, 0x52, 0x1C, 0x4C, 0x9F, 0xFC, 0xC0, 0x2A, 0x4D, 0x00,
    0xBB, 0xE4, 0x52, 0xB0, 0x17, 0x19, 0xCB, 0x3E, 0x0F, 0x36, 0xED, 0xC7, 0x93, 0x10, 0x68, 0xD5,
    0x70, 0xA5, 0xD4, 0xDA, 0x21, 0x17, 0xBF, 0xE2, 0xD6, 0x13, 0xD7, 0x1B, 0x4F, 0x2C, 0xD2, 0x13,
    0x38, 0x67, 0x8F, 0xD1, 0x41, 0xF9, 0x08, 0x12, 0x89, 0xC2, 0x21, 0x3D, 0xC1, 0xF8, 0xEB, 0x92,
    0x7C, 0x90, 0x94, 0x85, 0x66, 0xD2, 0xBE, 0xEA, 0xC1, 0x75, 0x79, 0xD9, 0x56, 0xC4, 0xFA, 0x0A,
    0x16, 0x76, 0xD5, 0xE5, 0x42, 0x36, 0x4B, 0xAA, 0x72, 0x4E, 0x5D, 0x26, 0x83, 0xDB, 0xE9, 0x75,
    0x67, 0xA7, 0x16, 0x17, 0x35, 0x80, 0x1E, 0xD0, 0xA2, 0xC2, 0xED, 0x69, 0xAC, 0x61, 0x37, 0x88,
    0xDD, 0x72, 0x37, 0x41, 0x23, 0xFE, 0x43, 0xE4, 0x53, 0xF2, 0x5E, 0x49, 0x2E, 0x91, 0x9A, 0x64,
    0x34, 0x8B, 0xEA, 0xC4, 0x09, 0xFE, 0x44, 0x12, 0xA2, 0x57, 0xB0, 0xF6, 0xE1, 0xEE, 0x10, 0xD9,
    0xB0, 0x1B, 0x21, 0xDB, 0x76, 0xFD, 0xCC, 0x85, 0xDB, 0x4E, 0xA3, 0xD2, 0x87, 0x99, 0x51, 0x98,
    0x26, 0x96, 0x4F, 0xA5, 0x71, 0x58, 0xCB, 0xCE, 0xF1, 0x3C, 0x67, 0x85, 0x69, 0xEC, 0xB5, 0xF7,
    0xD2, 0x8D, 0x78, 0xF2, 0x7F, 0x87, 0x65, 0xEB, 0x06, 0x1F, 0x1B, 0xED, 0xDD, 0x64, 0xA1, 0x3E,
    0x02, 0x7D, 0xF8, 0xC7, 0x1C, 0xE8, 0x7B, 0xE6, 0xD5, 0x5C, 0x1D, 0x35, 0x6A, 0x99, 0x77, 0x89,
    0x45, 0x22, 0x0E, 0x47, 0x34, 0xDC, 0x0B, 0x66, 0xCF, 0xDF, 0x55, 0xB5, 0xE7, 0xCF, 0x3E, 0x66,
    0xB7, 0x9F, 0x35, 0xB1, 0xDB, 0x6F, 0x78, 0xD4, 0x6E, 0xBF, 0xF5, 0x43, 0x5B, 0xFD, 0x56, 0x1A,
    0xC7, 0x05, 0x0D, 0x77, 0xE2, 0xF1, 0xEA, 0xF9, 0x4F, 0x52, 0x36, 0x18, 0x53, 0x3C, 0x5D, 0x92,
    0xAB, 0xDE, 0xC5, 0x18, 0xDD, 0xEC, 0x7C, 0x2A, 0xF6, 0xFC, 0x99, 0xE5, 0x2A, 0xB3, 0xFD, 0xE9,
    0xC9, 0xB1, 0x9B, 0xD6, 0x21, 0x1B, 0xA1, 0x37, 0x0B, 0x8C, 0x74, 0x88, 0x42, 0xC7, 0x4E, 0x16,
    0xCC, 0x32, 0xDB, 0x09, 0x3A, 0xFC, 0x5D, 0xDA, 0x34, 0x37, 0xEB, 0x1D, 0xDE, 0xA0, 0x96, 0x1C,
    0xB1, 0x41, 0x2D, 0x79, 0xDE, 0xAC, 0x9A, 0x3E, 0x1E, 0x4F, 0x0E, 0xBE, 0x89, 0x9C, 0x8E, 0x63,
    0xA7, 0xCD, 0x6B, 0x26, 0x44, 0xF8, 0x09, 0xD8, 0x66, 0xB2, 0x7D, 0x8D, 0x43, 0x9E, 0x76, 0xC5,
    0xB8, 0x83, 0xA1, 0x06, 0x8D, 0x80, 0xCB, 0xF9, 0x06, 0xFA, 0xBA, 0x5A, 0x1A, 0xF0, 0x5F, 0x2F,
    0x4B, 0xC7, 0xC9, 0x98, 0x6A, 0x4B, 0xCD, 0xC1, 0xD1, 0xC2, 0x05, 0x03, 0x89, 0xF8, 0xD8, 0xEF,
    0xA3, 0x03, 0x64, 0x05, 0x21, 0x4C, 0x10, 0x7F, 0x34, 0xDB, 0x7B, 0x1A, 0x4B, 0xCD, 0x72, 0x73,
    0xAC, 0x3B, 0x1A, 0x6F, 0x79, 0x50, 0x0B, 0x43, 0xBF, 0xCF, 0xBE, 0xEB, 0x59, 0xA6, 0xE4, 0x7E,
    0xC5, 0x3A, 0xC8, 0xE9, 0xEB, 0x0C, 0x50, 0xFE, 0x2E, 0xFF, 0x14, 0x6D, 0x88, 0x48, 0x5B, 0xBF,
    0x82, 0xD6, 0x9A, 0xE6, 0x8C, 0x68, 0xDD, 0xEC, 0x0F, 0x5B, 0x8F, 0x8A, 0xA2, 0xF5, 0xE8, 0xA8,
    0xF5, 0xA8, 0x68, 0x6E, 0x99, 0x3F, 0x2B, 0xAA, 0xA6, 0x7D, 0x16, 0x75, 0x53, 0x6B, 0x12, 0xD1,
    0x64, 0x97, 0x27, 0x06, 0xCD, 0x28, 0x68, 0x63, 0x35, 0xF4, 0x50, 0x93, 0x90, 0xB4, 0x9A, 0xB4,
    0x44, 0x7A, 0x74, 0x3C, 0x59, 0xD6, 0xDB, 0xDE, 0xAB, 0xE2, 0xB7, 0x23, 0xD4, 0xFE, 0xC4, 0xDD,
    0xAA, 0xFD, 0x73, 0xD8, 0xFE, 0x29, 0x26, 0x7E, 0xB6, 0xDA, 0x75, 0x45, 0x8B, 0x85, 0x8E, 0x28,
    0xDB, 0x3F, 0x07, 0x6D, 0x9A, 0xDB, 0x55, 0xFF, 0xEB, 0xC4, 0x28, 0xB5, 0x5B, 0x52, 0x52, 0x31,
    0x5E, 0x98, 0x6E, 0x2F, 0x40, 0xFB, 0x8A, 0x8F, 0xA7, 0x54, 0x53, 0x45, 0x2B, 0x9A, 0xA9, 0x35,
    0xB2, 0xD3, 0xDE, 0x4B, 0xA1, 0xD7, 0x18, 0xAA, 0x23, 0x7F, 0xEE, 0x37, 0x3D, 0xAA, 0xD9, 0xD9,
    0xA6, 0x17, 0xC1, 0xA3, 0x4A, 0x8E, 0xBC, 0x36, 0x01, 0xE2, 0xDE, 0x5F, 0x4E, 0x5F, 0x36, 0xAB,
    0xB7, 0xBE, 0x31, 0x9D, 0xE3, 0x85, 0xDD, 0xC6, 0x1A, 0x2E, 0xC7, 0x51, 0x0F, 0x1A, 0xF2, 0x23,
    0x0E, 0x47, 0x91, 0x1F, 0xE5, 0xB3, 0xDB, 0x1E, 0xE6, 0xE2, 0x21, 0x22, 0x11, 0x54, 0x4D, 0x69,
    0xB7, 0xEB, 0x96, 0xB4, 0x6F, 0xE6, 0x4D, 0x69, 0x47, 0x58, 0xD3, 0x94, 0x76, 0x27, 0x3E, 0x91,
    0xF6, 0x13, 0x69, 0xFF, 0xD8, 0xA4, 0x3D, 0x80, 0x8D, 0xF4, 0x6A, 0xFA, 0x47, 0x59, 0x98, 0x4D,
    0xEB, 0x4B, 0x73, 0x66, 0x05, 0x85, 0x67, 0xC2, 0x4C, 0x4C, 0x32, 0xD4, 0x4B, 0x43, 0x89, 0x60,
    0x8F, 0x96, 0x11, 0x5E, 0xC9, 0xE5, 0xBE, 0x91, 0x1B, 0xFE, 0xFD, 0x12, 0x2A, 0xF7, 0xA7, 0x95,
    0x5D, 0x3A, 0x3F, 0x1A, 0x62, 0x92, 0x0E, 0xED, 0xBA, 0x0F, 0x3D, 0x7C, 0x0C, 0x7A, 0x89, 0x5E,
    0xC9, 0x28, 0xFB, 0xA3, 0x44, 0x64, 0xC9, 0xB6, 0xF5, 0x7D, 0x6E, 0x02, 0x67, 0x10, 0x6F, 0x50,
    0xD4, 0x84, 0x62, 0xDA, 0x38, 0x77, 0x70, 0x08, 0x64, 0x5A, 0x97, 0x1A, 0x8E, 0xEB, 0x83, 0x44,
    0x96, 0xE5, 0xFF, 0x4F, 0x3A, 0x47, 0xFF, 0xFF, 0xE4, 0xB3, 0x0B, 0x65, 0x3F, 0xF7, 0x62, 0xCA,
    0x21, 0xBC, 0xEC, 0xC3, 0x44, 0xEA, 0xC7, 0x78, 0xB3, 0x6F, 0xFE, 0x94, 0xA3, 0x65, 0xF0, 0x89,
    0xE7, 0x73, 0xF7, 0x1D, 0x5E, 0x78, 0x11, 0x48, 0x34, 0x07, 0x48, 0xDD, 0x7A, 0x3F, 0x73, 0xF6,
    0x69, 0xA9, 0x2D, 0x48, 0xDF, 0xAD, 0x82, 0xD7, 0x49, 0xB4, 0x37, 0x7E, 0xAF, 0xBC, 0x73, 0xC3,
    0xFF, 0x13, 0xEC, 0xFB, 0xE0, 0xB5, 0x72, 0xF5, 0xBA, 0xFF, 0xCC, 0x26, 0x58, 0xBF, 0x88, 0xCB,
    0xAD, 0x2D, 0xFF, 0xE9, 0xAF, 0xC5, 0x76, 0x31, 0xD7, 0xAF, 0x82, 0xFA, 0x16, 0xE2, 0xB5, 0xE2,
    0xD9, 0xB7, 0x77, 0x16, 0x5E, 0x7A, 0x03, 0x4B, 0x2F, 0xBF, 0x27, 0x62, 0x4B, 0xDC, 0x7F, 0x90,
    0x5A, 0xA2, 0x46, 0x91, 0x8B, 0xFA, 0x22, 0x76, 0xAA, 0x05, 0x54, 0xED, 0x70, 0x27, 0xC8, 0xFC,
    0x9F, 0x2F, 0x50, 0xC4, 0x6D, 0xF7, 0xCB, 0x65, 0xB8, 0x71, 0x8E, 0xD6, 0x41, 0x76, 0xF7, 0x06,
    0xEB, 0x3E, 0x73, 0xAD, 0xAE, 0x7A, 0x3D, 0x85, 0x4C, 0xF2, 0xF5, 0x9E, 0x25, 0x17, 0x4E, 0x63,
    0x2C, 0x49, 0x04, 0x84, 0x25, 0x73, 0xB7, 0xEB, 0xB3, 0xF2, 0xED, 0x97, 0x5D, 0x53, 0xCB, 0x6D,
    0x7F, 0xEF, 0x1C, 0xD7, 0xBC, 0x51, 0xBA, 0xBA, 0xB5, 0xDC, 0x12, 0xFF, 0x47, 0x14, 0xBC, 0x22,
    0x62, 0xBB, 0xFF, 0x1E, 0xCD, 0xC4, 0xEF, 0xD7, 0xA9, 0xFD, 0xC6, 0xE5, 0xB7, 0x77, 0xE6, 0x5E,
    0x7A, 0xEB, 0xD9, 0x54, 0x51, 0xBF, 0xE3, 0xA5, 0xD8, 0xA3, 0x5F, 0xF4, 0xD6, 0xBF, 0x86, 0x3D,
    0x82, 0x03, 0xDD, 0x4B, 0xD8, 0xFA, 0x8B, 0x72, 0xEB, 0x86, 0xFF, 0xA7, 0x5B, 0x4D, 0x6E, 0xB8,
    0x0F, 0xFA, 0xB9, 0x5B, 0xBF, 0xCC, 0x7B, 0x77, 0x91, 0x84, 0x7D, 0xB6, 0xC0, 0x67, 0x9F, 0x4F,
    0xED, 0x77, 0xEE, 0xAA, 0x40, 0xB3, 0xF9, 0x67, 0x84, 0xE1, 0x38, 0x4C, 0x5F, 0x3A, 0x02, 0x3E,
    0x8D, 0x17, 0xC7, 0xC1, 0x1F, 0x6F, 0x5F, 0x58, 0xF1, 0x4D, 0x71, 0xC7, 0xC9, 0xC6, 0x5B, 0x2D,
    0xCB, 0xA6, 0x99, 0x20, 0x2B, 0xE9, 0x92, 0x58, 0x7A, 0x1C, 0x8E, 0x75, 0x39, 0x60, 0x91, 0x71,
    0x91, 0xDF, 0xD9, 0xE1, 0x22, 0xD7, 0xD4, 0xE5, 0xA2, 0x5C, 0x46, 0xEA, 0x98, 0x35, 0x52, 0x36,
    0xFF, 0x6A, 0x99, 0x75, 0x60, 0xA6, 0xD2, 0x2C, 0xE8, 0x21, 0x98, 0x3D, 0x59, 0xAF, 0xC8, 0xAD,
    0x9D, 0x5F, 0xCE, 0xC0, 0xFE, 0x1F, 0x80, 0x55, 0xD4, 0x90, 0x4E, 0x09, 0xDE, 0x33, 0x38, 0xAB,
    0x42, 0xF5, 0xE9, 0x74, 0x61, 0xD5, 0xC5, 0xF9, 0xBE, 0x93, 0x42, 0xC7, 0x1F, 0x17, 0x17, 0x9A,
    0x0F, 0x34, 0x5E, 0x6B, 0x54, 0xD6, 0x6C, 0xA2, 0xD1, 0x70, 0x83, 0x9C, 0x26, 0x91, 0x0D, 0xD2,
    0x1B, 0x1D, 0x6A, 0x74, 0xB3, 0xD1, 0x79, 0x66, 0x09, 0xDB, 0xF0, 0x06, 0xA3, 0x1A, 0xEC, 0x23,
    0xF7, 0x6F, 0x98, 0x0A, 0xAB, 0xFE, 0x51, 0x03, 0xD0, 0x18, 0x16, 0x35, 0x58, 0xDD, 0xAD, 0x2E,
    0x05, 0x64, 0x6F, 0xFC, 0x9B, 0x89, 0x70, 0x90, 0x49, 0xC2, 0x6C, 0x6D, 0x11, 0x96, 0xCF, 0xC3,
    0xEC, 0x22, 0xCC, 0x6E, 0xC3, 0xE9, 0x5B, 0xF0, 0xD4, 0x35, 0x28, 0xC2, 0x97, 0xD3, 0x99, 0x7F,
    0xE6, 0x9D, 0xA6, 0x3C, 0x25, 0xE7, 0xB6, 0xD6, 0x38, 0xFC, 0x90, 0xB3, 0x5D, 0x79, 0x86, 0xEC,
    0xCD, 0xFC, 0x93, 0x3F, 0xC6, 0x1B, 0x6B, 0xDF, 0xBC, 0x8A, 0x37, 0x5E, 0xFB, 0x8F, 0x7F, 0x5C,
    0xC1, 0xCB, 0xE7, 0xFF, 0xD0, 0x83, 0xF9, 0xA5, 0xF4, 0xB1, 0x1F, 0x67, 0x9D, 0x6F, 0xA4, 0xA7,
    0xAE, 0x16, 0xF3, 0x6B, 0xDB, 0x17, 0xBE, 0x91, 0xB9, 0x4B, 0xE7, 0x3F, 0xFF, 0x2A, 0x58, 0xAF,
    0x9E, 0xFF, 0xE2, 0x12, 0xC0, 0x0F, 0xCE, 0x7F, 0x01, 0xE7, 0xAD, 0x5F, 0x3A, 0xFF, 0x85, 0x2B,
    0x1F, 0x3A, 0x8D, 0x7E, 0x89, 0xE9, 0x17, 0xC1, 0x46, 0xDA, 0x7F, 0x0A, 0x36, 0xB6, 0xFB, 0x6D,
    0x51, 0x2F, 0xB0, 0xAB, 0x70, 0x52, 0x9E, 0xC3, 0xE6, 0x76, 0xFA, 0xD8, 0x95, 0x0B, 0x67, 0x56,
    0x3A, 0x5E, 0x61, 0xA7, 0xCD, 0xF2, 0x49, 0xE8, 0xFE, 0x43, 0x84, 0xEE, 0xC3, 0xD8, 0x03, 0x51,
    0xF8, 0x5F, 0x15, 0x65, 0xF8, 0x6A, 0xB5, 0x18, 0xBD, 0x9E, 0x92, 0xBF, 0x3A, 0x1D, 0x88, 0xA7,
    0x91, 0x18, 0x51, 0x92, 0xEB, 0x45, 0x31, 0x45, 0x53, 0x3E, 0xC2, 0x2E, 0xC7, 0x72, 0x66, 0x36,
    0x52, 0x73, 0xF1, 0x7D, 0x39, 0x97, 0x6D, 0x2D, 0x5A, 0xAF, 0xAA, 0x73, 0xA9, 0x71, 0xCE, 0x36,
    0x1C, 0xC5, 0x19, 0x15, 0xD8, 0x4C, 0x64, 0x7C, 0x17, 0xA8, 0x67, 0xC9, 0x40, 0x02, 0xC1, 0x7F,
    0xC1, 0x1E, 0x16, 0x22, 0xB5, 0x71, 0xC0, 0x9C, 0x34, 0x28, 0xBC, 0xD8, 0x2B, 0x71, 0x6A, 0x5D,
    0x9D, 0x43, 0xE0, 0x8A, 0x55, 0x0E, 0x71, 0x58, 0xF6, 0x28, 0xEE, 0x86, 0x6A, 0xB0, 0xBE, 0x87,
    0x86, 0x76, 0xDF, 0xCB, 0xEF, 0xA0, 0xBB, 0x1F, 0xD1, 0x9F, 0x0C, 0x90, 0x6B, 0x83, 0x80, 0xB6,
    0x89, 0x1C, 0xE8, 0x6D, 0x4A, 0x37, 0xF4, 0xA6, 0x04, 0x0A, 0xE7, 0x43, 0xF4, 0xF4, 0x80, 0x7C,
    0xEA, 0x69, 0x09, 0x9A, 0x98, 0x43, 0xC8, 0x2B, 0x2B, 0x47, 0x4C, 0xE9, 0x65, 0xFE, 0xC8, 0xEA,
    0x67, 0x14, 0x14, 0xC1, 0x6E, 0xA2, 0x0B, 0xB4, 0xD8, 0xDB, 0xF1, 0xE6, 0x1C, 0xFE, 0x17, 0x13,
    0x43, 0x49, 0xDE, 0xE6, 0xC9, 0x7B, 0x92, 0x46, 0x7A, 0xC6, 0xCC, 0x4A, 0xE8, 0x99, 0xA5, 0x8A,
    0x71, 0x48, 0xF8, 0xAA, 0xD9, 0x32, 0x61, 0xB6, 0x87, 0x9D, 0xC4, 0xF3, 0x3F, 0xBE, 0x78, 0xFE,
    0xFF, 0x03, 0x65, 0x8E, 0xCD, 0x69, 0xC3, 0x40, 0x10, 0x85, 0xBF, 0xB1, 0x02, 0x03, 0x91, 0x63,
    0xE5, 0x90, 0x83, 0x03, 0x06, 0x5D, 0x1D, 0x30, 0xF8, 0xE2, 0xFB, 0x6E, 0x13, 0xEE, 0x43, 0x05,
    0x04, 0xE2, 0x12, 0x5C, 0x82, 0x0B, 0x09, 0x68, 0x4A, 0x58, 0x52, 0x41, 0x4A, 0x50, 0x82, 0x0E,
    0x3A, 0x08, 0x6D, 0x66, 0xC9, 0x25, 0x90, 0x07, 0x0F, 0xE6, 0xE7, 0xF1, 0xCD, 0x9C, 0xCF, 0xE4,
    0x8C, 0x2B, 0xE4, 0x5F, 0x2D, 0xFF, 0x0B, 0xEE, 0xE8, 0xC4, 0x2A, 0x36, 0xEC, 0x38, 0x10, 0x52,
    0x18, 0xC2, 0xD0, 0x26, 0x41, 0x62, 0x3D, 0x36, 0x73, 0x33, 0xEB, 0xC4, 0x89, 0x8E, 0x9B, 0x98,
    0xB2, 0xE5, 0xD1, 0x61, 0x62, 0xCD, 0xA0, 0xE3, 0x6A, 0x64, 0x90, 0x4F, 0xBD, 0xBC, 0xE0, 0x84,
    0x48, 0x57, 0x45, 0xB1, 0x07, 0x2A, 0x0F, 0x6F, 0x3C, 0xBE, 0x23, 0x71, 0x90, 0x44, 0xF8, 0x58,
    0x08, 0xDF, 0x99, 0xF0, 0x95, 0x69, 0xD3, 0x82, 0xF0, 0xE4, 0xE4, 0x67, 0xEA, 0xF1, 0xED, 0xD2,
    0xCC, 0xBD, 0x15, 0xEB, 0x74, 0x34, 0x4E, 0x95, 0x15, 0x06, 0x37, 0x75, 0xFE, 0x1A, 0x75, 0xCE,
    0xD6, 0x19, 0xE5, 0x1E, 0xFD, 0x15, 0xCD, 0x13, 0xAD, 0x3F, 0xEB, 0x6F, 0xC7, 0x3E, 0x67, 0xCB,
    0x7F, 0x5C, 0xFA, 0x32, 0x2F, 0xFB, 0xDA, 0x73, 0x25, 0xBF, 0xE7, 0x3E, 0xAE, 0xAE, 0xAF, 0xB4,
    0x51, 0xD3, 0x3B, 0x47, 0xD4, 0x7E, 0x00, 0xED, 0x5D, 0x4F, 0x8C, 0xDC, 0xD6, 0x79, 0x7F, 0x24,
    0x77, 0x97, 0xB6, 0xD8, 0x88, 0xDB, 0x40, 0x16, 0xD2, 0xC8, 0x16, 0x7D, 0xE8, 0xC1, 0x28, 0x24,
    0x31, 0x07, 0x1F, 0xF6, 0xB0, 0xBB, 0x64, 0x93, 0xA2, 0x41, 0xEB, 0x83, 0x85, 0xC0, 0xB9, 0x58,
    0x28, 0x92, 0x43, 0x0B, 0xB4, 0xF1, 0x61, 0x8D, 0xC2, 0x07, 0xA5, 0x58, 0x89, 0x6C, 0xD1, 0xA2,
    0x87, 0x1C, 0xBA, 0x87, 0x24, 0x57, 0xBB, 0xA8, 0x13, 0xC0, 0x0E, 0x5A, 0xF9, 0x20, 0xB4, 0x42,
    0xB1, 0x32, 0x27, 0x29, 0xD0, 0x1C, 0x72, 0x08, 0x93, 0x00, 0xE9, 0x21, 0x07, 0x4F, 0x1A, 0xB9,
    0x81, 0xED, 0x83, 0x98, 0x84, 0x8E, 0x67, 0x65, 0x0E, 0x5F, 0xBF, 0x7F, 0xEF, 0x91, 0x9C, 0xD9,
    0x91, 0x76, 0x6D, 0x45, 0x96, 0x9D, 0x9D, 0x9D, 0x21, 0xDF, 0xCE, 0xCE, 0x90, 0xEF, 0x7D, 0xEF,
    0xFB, 0x7E, 0xDF, 0xDF, 0xF7, 0x56, 0x29, 0x7E, 0x3C, 0xAE, 0xCC, 0x63, 0x5B, 0x7D, 0x42, 0x5A,
    0xAF, 0xDA, 0x77, 0xB5, 0x7A, 0x6E, 0xAE, 0x95, 0xA9, 0x6B, 0xD2, 0x4A, 0xD4, 0xAE, 0xB4, 0x62,
    0xF8, 0x0E, 0x3F, 0x0A, 0x95, 0x8D, 0xA8, 0xB1, 0x35, 0x55, 0xC9, 0x34, 0x55, 0xEA, 0xE9, 0x42,
    0x37, 0x2A, 0xD6, 0xFC, 0x18, 0xAB, 0x80, 0x1B, 0xAD, 0x52, 0x0E, 0x37, 0xE0, 0x23, 0xEA, 0x14,
    0x34, 0xBE, 0xC1, 0xDF, 0x77, 0x52, 0x75, 0xD8, 0xC7, 0x03, 0x81, 0x69, 0x25, 0xD1, 0xC8, 0x74,
    0x52, 0x57, 0xA6, 0xE3, 0x70, 0x53, 0x79, 0xEF, 0xF9, 0x52, 0x5A, 0xD1, 0x49, 0x7B, 0x17, 0x33,
    0x02, 0xE8, 0x8E, 0x69, 0xB9, 0x7A, 0xFE, 0x3D, 0x75, 0x7D, 0xE1, 0xED, 0x1F, 0xB4, 0xAD, 0x87,
    0x6D, 0xEB, 0x8C, 0x6D, 0xAD, 0xDB, 0xD6, 0x86, 0x9C, 0xC7, 0x40, 0x37, 0xBE, 0x4F, 0xA5, 0x92,
    0x9C, 0x5A, 0xFE, 0x9E, 0x8A, 0x6B, 0xBA, 0x61, 0xA1, 0xCB, 0x48, 0xBF, 0xF1, 0x94, 0xF3, 0xB4,
    0x6E, 0xF5, 0x58, 0x68, 0x35, 0x29, 0xC6, 0x2E, 0xB7, 0xCA, 0x53, 0x23, 0x26, 0xE5, 0x0D, 0xFA,
    0xDA, 0x33, 0xFA, 0xCD, 0xF3, 0xEA, 0xBD, 0x3E, 0xF2, 0x17, 0xA4, 0xE1, 0xFD, 0xB2, 0x91, 0x56,
    0x80, 0xD3, 0x42, 0x8F, 0xD0, 0xB6, 0x82, 0x5B, 0xE6, 0xAF, 0xCE, 0x2F, 0xFE, 0xDC, 0x7C, 0x37,
    0x34, 0x64, 0x56, 0x51, 0x65, 0x69, 0x6F, 0x5B, 0xB1, 0x21, 0xB8, 0x0A, 0x46, 0xB3, 0x77, 0x3D,
    0x41, 0x14, 0x01, 0x62, 0x4E, 0x91, 0xCD, 0xD4, 0x26, 0x91, 0x65, 0x57, 0x25, 0x8D, 0x2A, 0x6A,
    0x55, 0x94, 0xF8, 0xC6, 0xCC, 0x63, 0xD9, 0xCB, 0xC3, 0xEF, 0x55, 0xB1, 0x9E, 0x24, 0xBA, 0x8E,
    0x7F, 0x52, 0x05, 0xFF, 0xB0, 0x83, 0x1F, 0x2A, 0x72, 0xA5, 0x47, 0x4A, 0xE7, 0xC0, 0x79, 0xF2,
    0xF8, 0x1D, 0xA5, 0xCE, 0xE2, 0x05, 0x1D, 0xBD, 0x93, 0xE8, 0x69, 0x76, 0xB3, 0xCD, 0x9E, 0x68,
    0xD7, 0x9C, 0xEB, 0xFB, 0x5E, 0x2D, 0xE9, 0xAE, 0x96, 0x0F, 0xAE, 0xC6, 0x33, 0xB3, 0xFC, 0x0D,
    0xC3, 0x44, 0xB7, 0x52, 0x25, 0x8C, 0xFA, 0x35, 0x20, 0xD4, 0x8F, 0x69, 0x12, 0x54, 0xA0, 0x56,
    0xE0, 0x34, 0xC5, 0x89, 0x87, 0xC9, 0x98, 0x30, 0x93, 0xB5, 0x3B, 0x44, 0xC0, 0x3D, 0x62, 0xAC,
    0xA4, 0x65, 0xFE, 0xD2, 0xCC, 0x70, 0xDE, 0x54, 0xC8, 0x26, 0x84, 0x49, 0x84, 0xFB, 0x1A, 0xCB,
    0x07, 0xFC, 0xB1, 0x52, 0xED, 0xA0, 0x90, 0x05, 0xB9, 0x5B, 0x23, 0xF9, 0x43, 0xE5, 0x69, 0x4D,
    0xC2, 0xE5, 0xD3, 0x79, 0x53, 0x79, 0x4D, 0xCB, 0x8C, 0xF4, 0xF6, 0x63, 0x70, 0xBE, 0x04, 0x8C,
    0x53, 0xF2, 0x39, 0x44, 0xEE, 0xB9, 0x0C, 0xD3, 0x31, 0x21, 0x01, 0x55, 0x21, 0x5E, 0x32, 0x4B,
    0x95, 0x8F, 0x77, 0x4C, 0x60, 0x16, 0xF0, 0x8E, 0x89, 0xDC, 0x9E, 0x59, 0x0D, 0x3E, 0x24, 0x73,
    0xEC, 0x4B, 0x37, 0x5D, 0x33, 0xE9, 0x85, 0xDE, 0xE3, 0xC9, 0x85, 0x61, 0x7D, 0x95, 0xFE, 0x80,
    0x8F, 0x94, 0x86, 0xCB, 0xE3, 0x7D, 0xFA, 0x65, 0x7C, 0xDF, 0x79, 0x89, 0xD9, 0x0F, 0xDE, 0xBE,
    0xF5, 0x14, 0x51, 0x81, 0x24, 0xDB, 0x7D, 0xFD, 0x0A, 0xD1, 0xC7, 0xCB, 0xF1, 0x2F, 0x8D, 0xF2,
    0xF0, 0x8A, 0x24, 0x85, 0x30, 0x0E, 0xBA, 0x55, 0xDC, 0x06, 0x08, 0x0D, 0x40, 0x1F, 0x7A, 0x07,
    0xE8, 0xE3, 0xE1, 0x07, 0x90, 0x3E, 0xF8, 0x7B, 0x0C, 0x7F, 0x3B, 0x06, 0xE7, 0x4B, 0x32, 0x69,
    0xD2, 0x5F, 0x57, 0xFA, 0xEF, 0x09, 0x57, 0x05, 0xA9, 0xCA, 0x9F, 0x25, 0x3A, 0xB9, 0x35, 0x52,
    0xF8, 0xB4, 0xD0, 0xE9, 0x1C, 0x82, 0x0C, 0xD1, 0xCB, 0x9F, 0x4E, 0xE9, 0xEC, 0xFC, 0xE2, 0x2F,
    0xE9, 0xCC, 0x0C, 0x99, 0x08, 0x7D, 0x12, 0x21, 0x05, 0x08, 0x21, 0xB1, 0x71, 0x52, 0x32, 0x3D,
    0x23, 0x43, 0x9F, 0xA9, 0x11, 0x0B, 0x96, 0x52, 0x8F, 0xC7, 0x8E, 0x7D, 0x64, 0xF9, 0x4B, 0xB4,
    0x7E, 0x83, 0x3F, 0x00, 0x0F, 0x64, 0x95, 0x82, 0x91, 0x4D, 0xAD, 0x14, 0xC2, 0x08, 0x83, 0x87,
    0x5C, 0x97, 0x69, 0xE0, 0x31, 0xF4, 0x85, 0x5F, 0x2B, 0xF4, 0xAD, 0xF3, 0x6A, 0x89, 0x58, 0x2A,
    0x25, 0xDA, 0x6B, 0xA6, 0x28, 0x30, 0xC7, 0x05, 0x60, 0xBB, 0xF3, 0xC0, 0x85, 0xF4, 0x85, 0x82,
    0xEF, 0x5E, 0x30, 0x6B, 0x65, 0x3B, 0x07, 0x10, 0xF1, 0x13, 0xC7, 0xB8, 0x9B, 0xF1, 0x88, 0x67,
    0x75, 0xDC, 0xDD, 0x5E, 0x15, 0x5B, 0xF4, 0x66, 0x2C, 0x48, 0xC8, 0x23, 0x73, 0x5B, 0x19, 0x68,
    0xFF, 0xB7, 0x0E, 0x22, 0x7B, 0x8F, 0x40, 0x38, 0x3C, 0x11, 0x9A, 0x40, 0xEF, 0x5F, 0x47, 0x8E,
    0xA8, 0xB7, 0xA0, 0x35, 0x82, 0x29, 0x72, 0x68, 0x3C, 0xAE, 0x85, 0x12, 0x40, 0xB6, 0x1D, 0xE6,
    0x15, 0xA2, 0xEA, 0x05, 0xBD, 0x97, 0x7C, 0x95, 0x28, 0x98, 0xC3, 0x8B, 0x06, 0x07, 0x63, 0x86,
    0xB1, 0xA6, 0xF0, 0x05, 0xAD, 0x92, 0x1D, 0xE2, 0xBA, 0x83, 0x8C, 0xF1, 0x38, 0x9F, 0x2F, 0xF3,
    0x20, 0xCD, 0xF0, 0xBA, 0xB3, 0xA8, 0xA3, 0x73, 0x27, 0xE5, 0x0B, 0x32, 0x87, 0x66, 0x70, 0x32,
    0x56, 0x2B, 0xA3, 0x46, 0x28, 0xD5, 0x6A, 0xFF, 0x2E, 0x0E, 0x89, 0xA8, 0x47, 0x7F, 0xF3, 0xE9,
    0x93, 0x3E, 0xB5, 0x5D, 0xBE, 0xDA, 0xC7, 0x91, 0x18, 0xE1, 0x13, 0x24, 0x6C, 0x37, 0x89, 0xA5,
    0x34, 0x1D, 0x5F, 0xC3, 0xAF, 0x85, 0x7F, 0x57, 0xDE, 0x76, 0x04, 0x44, 0x48, 0x87, 0x78, 0xC3,
    0x9D, 0x76, 0x5D, 0xF2, 0x88, 0x1D, 0x14, 0xF3, 0x1E, 0xEB, 0x89, 0x88, 0x8E, 0x61, 0xDA, 0x3B,
    0xD2, 0x15, 0x18, 0x34, 0x49, 0x5A, 0x1C, 0xEE, 0x22, 0x5D, 0x2D, 0x1A, 0x13, 0x78, 0x8D, 0xD4,
    0x7F, 0x7E, 0x7E, 0x4B, 0x13, 0xAD, 0x1B, 0x12, 0x41, 0x7C, 0x7B, 0xAB, 0x9D, 0xEB, 0xC7, 0x1D,
    0xC6, 0xF8, 0xB9, 0xF7, 0x33, 0xC6, 0x05, 0xE3, 0x65, 0xA2, 0xFB, 0xA4, 0xAB, 0x3D, 0x3A, 0x3A,
    0xAC, 0xB7, 0x8B, 0x8A, 0x2D, 0x8D, 0x4E, 0x6F, 0xAE, 0x8B, 0x8D, 0x62, 0xF1, 0xC0, 0xA3, 0x8F,
    0x44, 0xCC, 0xCC, 0xB9, 0xFA, 0x72, 0x6F, 0x8C, 0x81, 0x19, 0xE3, 0x02, 0x5B, 0x22, 0x1F, 0x8A,
    0xE5, 0x40, 0x49, 0xAD, 0x0C, 0x99, 0xAE, 0x68, 0x06, 0x1F, 0xB5, 0xB6, 0x04, 0x7F, 0x74, 0x3A,
    0xF8, 0xA8, 0xEE, 0xCB, 0xE4, 0x29, 0x5D, 0xF7, 0x7E, 0x73, 0xF5, 0xA0, 0x2F, 0x99, 0xEE, 0x93,
    0x2B, 0x30, 0xB8, 0x22, 0x36, 0x87, 0x4E, 0x17, 0xDE, 0x52, 0x65, 0x83, 0x5B, 0x3A, 0x7A, 0x30,
    0x14, 0x6F, 0x32, 0x94, 0xD1, 0x6A, 0xF0, 0x6B, 0x38, 0x1E, 0xFE, 0x3A, 0xF3, 0xD7, 0x7A, 0xF8,
    0x6B, 0x33, 0xFC, 0x55, 0xCF, 0xFC, 0x3A, 0xB8, 0xAF, 0xAF, 0x07, 0x24, 0xF4, 0x74, 0x35, 0xFC,
    0x75, 0x32, 0xEC, 0xF3, 0xF0, 0xD2, 0xFF, 0x31, 0xC3, 0x89, 0x33, 0x42, 0x9F, 0x0C, 0x27, 0x2B,
    0x1E, 0x5A, 0x14, 0x61, 0x69, 0x95, 0x3F, 0xDD, 0x6A, 0x3C, 0x30, 0xBF, 0x8C, 0x62, 0x5D, 0xEB,
    0x33, 0xB8, 0x61, 0x22, 0xAB, 0x56, 0x66, 0x7E, 0x15, 0x43, 0xD6, 0x95, 0x5F, 0xB3, 0x7C, 0x60,
    0xE7, 0x24, 0x35, 0xCF, 0xBC, 0xD1, 0xE4, 0x60, 0xAB, 0x2D, 0x5F, 0xD0, 0x66, 0xFC, 0xA1, 0x35,
    0x6E, 0x85, 0x2E, 0x62, 0xF4, 0x5A, 0x0E, 0x81, 0xC7, 0x5E, 0x8F, 0x7F, 0x44, 0x7F, 0xDC, 0xF9,
    0x31, 0x00, 0x23, 0xB5, 0x32, 0x9C, 0xBA, 0x62, 0x40, 0x93, 0x53, 0x03, 0x02, 0xBA, 0x43, 0xE2,
    0x6F, 0x0D, 0x78, 0x2B, 0x18, 0xF0, 0x96, 0x53, 0x0C, 0x78, 0x2B, 0x1E, 0xB0, 0xF3, 0xCA, 0xF0,
    0x3A, 0xD9, 0x6D, 0xAE, 0x03, 0x2A, 0x6A, 0x38, 0xFD, 0x03, 0x68, 0x08, 0xF6, 0xF6, 0x9D, 0x40,
    0x73, 0xD3, 0xFC, 0x76, 0x93, 0x9F, 0x0C, 0x27, 0x3F, 0x19, 0x32, 0x74, 0x34, 0xE4, 0xFE, 0x70,
    0xC8, 0x57, 0xDE, 0x90, 0x65, 0x9D, 0x61, 0x97, 0x55, 0x31, 0xFC, 0x72, 0xDC, 0xCE, 0xF0, 0x7B,
    0xBA, 0xDF, 0x90, 0x8E, 0x99, 0x6B, 0xF1, 0x7C, 0x7C, 0x6C, 0x88, 0x19, 0x67, 0x4D, 0x37, 0xDB,
    0x81, 0xF9, 0x1F, 0xE9, 0x1E, 0x66, 0xE3, 0xA5, 0x47, 0xEC, 0x4A, 0xC9, 0x5F, 0xE3, 0xAA, 0x3F,
    0xD2, 0x2C, 0x24, 0xDC, 0x48, 0x26, 0xA2, 0x74, 0x7D, 0x9A, 0x86, 0x88, 0xA6, 0xE6, 0xA4, 0x6E,
    0x58, 0x96, 0x00, 0xEE, 0xDE, 0x7C, 0x19, 0x4C, 0xAE, 0x5A, 0x65, 0x8D, 0xB5, 0xD6, 0x50, 0xFF,
    0xAD, 0x4C, 0x78, 0xAE, 0x06, 0x6C, 0x47, 0x4C, 0xD9, 0xB3, 0x4E, 0x4E, 0x16, 0x64, 0xE3, 0xED,
    0x83, 0xD1, 0x7D, 0x03, 0xBE, 0x30, 0xFD, 0x33, 0x36, 0xAB, 0xA1, 0x5F, 0x3C, 0x63, 0x44, 0x5A,
    0x84, 0x32, 0x56, 0x93, 0x25, 0x6D, 0x24, 0x6F, 0x38, 0x06, 0x19, 0x63, 0x43, 0x55, 0xF3, 0x86,
    0x67, 0xDE, 0xB0, 0x60, 0x64, 0xB1, 0xD9, 0x98, 0xCC, 0x1D, 0x4B, 0x58, 0x66, 0xB0, 0x6C, 0x90,
    0x98, 0x6F, 0x25, 0xCD, 0x90, 0xF4, 0xBD, 0x5B, 0x85, 0x9D, 0xA8, 0x8A, 0x10, 0xF9, 0x37, 0xE5,
    0x6B, 0xCE, 0x13, 0xE6, 0x6B, 0x5E, 0x3B, 0x07, 0x46, 0xF6, 0xFE, 0xD6, 0xF5, 0xB1, 0xA4, 0xF1,
    0xE7, 0x1A, 0x61, 0x6E, 0x24, 0xCA, 0xD0, 0xA6, 0x9D, 0x41, 0xFA, 0xC0, 0x50, 0xCB, 0x1B, 0x8A,
    0x83, 0xF2, 0x0D, 0x7F, 0x1A, 0x7F, 0x3A, 0x9E, 0x98, 0x6B, 0x8C, 0x8D, 0x74, 0xA5, 0x42, 0xCE,
    0x72, 0x28, 0xE1, 0x46, 0x26, 0x03, 0xB1, 0x4E, 0x1D, 0x23, 0x87, 0x73, 0x9F, 0xB4, 0x53, 0x63,
    0x2C, 0x5D, 0xB2, 0xB8, 0x07, 0x6C, 0xD9, 0x35, 0x12, 0xB5, 0x90, 0xE0, 0xC6, 0x91, 0xE8, 0xB4,
    0x85, 0xAF, 0x2D, 0xEE, 0x98, 0x79, 0xB2, 0xE2, 0x6F, 0x1D, 0xC4, 0xC8, 0xFA, 0x9B, 0xAD, 0x9A,
    0x99, 0x78, 0xC7, 0x6A, 0x92, 0xC2, 0x7C, 0x3A, 0x31, 0x92, 0x19, 0x4F, 0x67, 0x95, 0xD1, 0x59,
    0xB9, 0xF6, 0x4A, 0x93, 0x4C, 0x79, 0xA0, 0x93, 0x88, 0xA6, 0x35, 0xD6, 0x15, 0x4B, 0x4A, 0xAC,
    0x73, 0x66, 0xB7, 0x08, 0x68, 0x72, 0xAA, 0xBA, 0x03, 0xCA, 0x5E, 0x1D, 0xAA, 0xCF, 0xF1, 0x6D,
    0x54, 0x2D, 0x50, 0xAE, 0xF7, 0x3B, 0x18, 0x93, 0x7D, 0x2B, 0x62, 0xAB, 0xEC, 0x5B, 0x11, 0xCE,
    0x64, 0x60, 0x45, 0x78, 0xE9, 0x91, 0x15, 0x71, 0x64, 0x45, 0x7C, 0x20, 0x56, 0xC4, 0x3E, 0xE6,
    0x7E, 0xC7, 0x21, 0x03, 0x45, 0xEC, 0xB6, 0x69, 0xDF, 0xE4, 0x00, 0x86, 0xEE, 0x7D, 0xDA, 0xDF,
    0x1B, 0x98, 0x1C, 0x45, 0xDE, 0x37, 0x39, 0xBC, 0x7A, 0x60, 0x72, 0xAC, 0x1C, 0x99, 0x1C, 0x47,
    0x26, 0xC7, 0x81, 0x4C, 0x0E, 0x79, 0x3C, 0xDB, 0xA1, 0x6F, 0x2A, 0xEC, 0xC5, 0x9A, 0x16, 0x10,
    0x97, 0xD4, 0xA9, 0xD3, 0x8A, 0x02, 0xF1, 0x4B, 0x31, 0x42, 0x1E, 0x3C, 0x32, 0x42, 0xEE, 0xAE,
    0x11, 0x62, 0x1E, 0xAF, 0x98, 0xBB, 0x94, 0x86, 0xEB, 0x52, 0xB6, 0x4F, 0xA2, 0x1B, 0x6C, 0x9F,
    0x80, 0xDE, 0x63, 0xFB, 0x24, 0x28, 0xC5, 0x3E, 0xF9, 0xC4, 0x91, 0x7D, 0xF2, 0x3E, 0xED, 0x93,
    0x25, 0x1A, 0xDB, 0xEB, 0xCA, 0xCD, 0x95, 0x7B, 0x83, 0x82, 0xBA, 0x9E, 0x5A, 0xF9, 0x37, 0xB5,
    0xF2, 0xE2, 0xD0, 0x3C, 0xAF, 0x91, 0xF8, 0x80, 0x30, 0x1E, 0xC6, 0x50, 0xAB, 0xE3, 0x59, 0x7D,
    0x26, 0x98, 0xAC, 0xBB, 0xCD, 0xB6, 0x9A, 0xBC, 0x7A, 0xA1, 0x2E, 0xF4, 0xB8, 0xD0, 0xA3, 0x0C,
    0x66, 0xE7, 0x46, 0x2F, 0x62, 0xCA, 0x7C, 0xCC, 0xA9, 0x9D, 0xE7, 0x7A, 0x7C, 0xEC, 0xD2, 0xFB,
    0xCE, 0xA8, 0x3F, 0x50, 0xEA, 0xB8, 0x53, 0x76, 0x61, 0x57, 0xD6, 0x82, 0x7C, 0x94, 0xD0, 0x0B,
    0x51, 0x97, 0x86, 0xE1, 0xBF, 0xDD, 0x10, 0x92, 0xE2, 0x71, 0x8A, 0x11, 0x34, 0xAF, 0xC6, 0x08,
    0x52, 0xF8, 0x3A, 0x4E, 0x71, 0xAC, 0x75, 0x86, 0x3A, 0xAE, 0x81, 0xBB, 0x25, 0x7A, 0x1C, 0xBF,
    0xAD, 0x96, 0x9F, 0x12, 0x48, 0x0A, 0xE8, 0x76, 0x12, 0x82, 0xFB, 0xD2, 0x6C, 0x4A, 0xC6, 0x92,
    0x3F, 0xD1, 0x36, 0x97, 0x63, 0x82, 0x75, 0x99, 0x41, 0x89, 0x47, 0x64, 0xCE, 0xE6, 0x18, 0x64,
    0x97, 0x6C, 0x2D, 0xD1, 0xC8, 0x81, 0xE9, 0xFB, 0x71, 0xD3, 0xFD, 0x33, 0x26, 0xFC, 0xB4, 0x4E,
    0x3D, 0xD8, 0xE3, 0x86, 0x83, 0xF1, 0xED, 0x6D, 0x16, 0xD6, 0x96, 0x3B, 0xE2, 0x6C, 0x4D, 0x4D,
    0x8F, 0x1A, 0xC9, 0x02, 0x05, 0x02, 0x45, 0xC8, 0x04, 0xA4, 0x09, 0x4F, 0x01, 0x5B, 0xA0, 0xE0,
    0xAF, 0xA0, 0x8C, 0x25, 0xFA, 0xF5, 0x67, 0x10, 0x19, 0x45, 0x8F, 0xE7, 0x82, 0x7F, 0xB5, 0x84,
    0x49, 0xF7, 0x84, 0xC5, 0xF7, 0xD2, 0xC5, 0xE1, 0xB1, 0x95, 0xA2, 0xA2, 0xE9, 0x28, 0x74, 0x8D,
    0x43, 0x80, 0xEF, 0xD7, 0x38, 0x82, 0x70, 0x6F, 0xAB, 0x3A, 0x2E, 0xBA, 0xFA, 0x2C, 0xF1, 0xD3,
    0x1E, 0xF5, 0x1A, 0x6E, 0x34, 0x5A, 0x67, 0xF7, 0x7E, 0xCC, 0x76, 0x88, 0x5F, 0xED, 0x8A, 0x29,
    0xF3, 0xAA, 0x18, 0x3C, 0x85, 0x70, 0x7D, 0x56, 0xD2, 0xE7, 0x54, 0xB2, 0x87, 0x41, 0x58, 0x8C,
    0xBA, 0xDE, 0xA2, 0x4E, 0x52, 0x67, 0x27, 0x14, 0x97, 0x66, 0xD3, 0x11, 0x30, 0x9C, 0xB4, 0xB1,
    0xF3, 0xA5, 0xF3, 0x87, 0xCB, 0xDC, 0x38, 0xAA, 0x0C, 0x7E, 0x34, 0x09, 0xDF, 0x9D, 0x46, 0xBA,
    0x09, 0x7F, 0xD5, 0x78, 0xE5, 0x2B, 0x87, 0xCA, 0xD0, 0x38, 0xE9, 0x0B, 0xFE, 0xFF, 0x36, 0xE1,
    0xBB, 0x6D, 0xA4, 0xA7, 0xF0, 0x75, 0x77, 0x7C, 0x55, 0x72, 0x23, 0x80, 0x75, 0x30, 0xCB, 0x09,
    0xF5, 0xA1, 0x41, 0xCB, 0x0A, 0xE6, 0xD1, 0x1F, 0xA3, 0x3A, 0x07, 0x38, 0x04, 0xDE, 0x06, 0x45,
    0x0E, 0x00, 0xC9, 0xCF, 0x4C, 0x75, 0x4F, 0x79, 0x33, 0xC7, 0x0F, 0x80, 0xE1, 0x07, 0x1F, 0x86,
    0xAF, 0x80, 0x7A, 0x81, 0xAF, 0xA3, 0x79, 0xD6, 0xD0, 0x05, 0x13, 0x62, 0x21, 0xB8, 0x85, 0x57,
    0x6E, 0x52, 0x13, 0x3E, 0xE6, 0xD3, 0x67, 0xC0, 0x7C, 0xC7, 0xCF, 0x5C, 0xA6, 0xCF, 0xC0, 0x85,
    0xE0, 0x2A, 0x91, 0xB9, 0x0A, 0x18, 0xC3, 0x70, 0x21, 0xB0, 0x90, 0xFB, 0xCF, 0x90, 0xFB, 0x54,
    0x52, 0x9F, 0x46, 0x74, 0x6F, 0xA2, 0xD8, 0x14, 0x83, 0xB3, 0xC0, 0x84, 0x60, 0x5E, 0x86, 0x34,
    0x94, 0xB9, 0x5C, 0x97, 0x4D, 0xE6, 0x55, 0x73, 0x0D, 0x6B, 0x57, 0x9B, 0x2C, 0x6C, 0x97, 0xB8,
    0x9D, 0x6F, 0x7C, 0x6A, 0xFF, 0xB0, 0xD1, 0x80, 0xCA, 0x9F, 0x10, 0x90, 0x3C, 0xB6, 0x26, 0xF7,
    0xF8, 0xD8, 0x9A, 0xCC, 0xD3, 0xF1, 0x4B, 0xAF, 0xCC, 0x68, 0xA7, 0xD0, 0x60, 0xE4, 0xCA, 0x7E,
    0x3C, 0xFB, 0x98, 0x7C, 0xCD, 0xA4, 0x3A, 0xCF, 0xB1, 0x94, 0xAC, 0xC1, 0xB0, 0x49, 0x80, 0xAF,
    0x41, 0xA3, 0xE0, 0xC8, 0x7B, 0x42, 0x21, 0x5D, 0xA7, 0x86, 0x06, 0xEA, 0xB2, 0x88, 0x1A, 0x39,
    0xE9, 0xDE, 0x04, 0xA3, 0xDB, 0xC1, 0xAD, 0x0A, 0x1A, 0x40, 0x9D, 0xE4, 0x3B, 0xF0, 0x4E, 0x1A,
    0x8E, 0x9C, 0x16, 0xA6, 0x28, 0x01, 0x0B, 0x00, 0x00, 0x05, 0x1A, 0x23, 0x7F, 0x14, 0xB6, 0xA0,
    0xCA, 0xE3, 0xD2, 0x1F, 0x51, 0x8A, 0x24, 0xAA, 0xBC, 0x51, 0xA2, 0xDB, 0x16, 0x14, 0xBE, 0x0F,
    0x8D, 0x9F, 0xEA, 0xB7, 0x90, 0x99, 0x9D, 0xBF, 0x50, 0x26, 0x63, 0xA5, 0xF0, 0xCD, 0x96, 0xC1,
    0x37, 0x3D, 0x35, 0xE9, 0x91, 0x19, 0x54, 0x0A, 0xA2, 0x39, 0x7A, 0x1D, 0xC7, 0x2F, 0x8C, 0x00,
    0x0F, 0x90, 0x4D, 0x56, 0x52, 0xCC, 0x46, 0xC0, 0x15, 0x69, 0xF0, 0x2E, 0x5C, 0xC1, 0xAB, 0x59,
    0x95, 0x3E, 0x30, 0x93, 0xD1, 0x65, 0x5D, 0x0C, 0xF8, 0xEA, 0x14, 0x79, 0xA4, 0x5F, 0x06, 0xB8,
    0xFD, 0xB2, 0x46, 0x89, 0x49, 0x3F, 0xD9, 0xCE, 0xA5, 0x66, 0x1E, 0xED, 0x69, 0xD3, 0xAA, 0x17,
    0x6A, 0x5F, 0x74, 0xAC, 0x3B, 0xD7, 0x41, 0x8E, 0x13, 0x71, 0x24, 0xED, 0x51, 0xD2, 0x18, 0xCD,
    0x82, 0xE3, 0xEE, 0xDC, 0x71, 0x7B, 0xEE, 0xB8, 0x7E, 0xC8, 0xE3, 0xDA, 0x4C, 0xBD, 0xC0, 0x01,
    0xA9, 0x71, 0xDB, 0x0C, 0xF5, 0x02, 0xCA, 0xF4, 0x8F, 0x22, 0x03, 0xF5, 0x82, 0x23, 0xD3, 0xE1,
    0xDA, 0x01, 0x8E, 0xF3, 0x14, 0xB8, 0x78, 0xDB, 0xCF, 0x5F, 0x9C, 0xFB, 0xFC, 0xA5, 0xDE, 0x58,
    0xD9, 0xCE, 0x63, 0xEB, 0x27, 0x9C, 0x18, 0xDD, 0xE8, 0x96, 0x98, 0x75, 0x79, 0xFC, 0x05, 0x75,
    0xD5, 0x01, 0xF0, 0x46, 0xDB, 0x00, 0x78, 0xE7, 0x0C, 0x0B, 0xE2, 0xA3, 0x34, 0xD0, 0x0A, 0x87,
    0xE5, 0xF5, 0x9F, 0x35, 0x4E, 0x32, 0x3E, 0x27, 0x38, 0xB7, 0x38, 0xBD, 0x8C, 0x38, 0xF6, 0xB9,
    0x6B, 0x9E, 0xDB, 0xE6, 0xB9, 0xBE, 0xE0, 0xB9, 0x26, 0xF3, 0xE3, 0x10, 0x28, 0x3D, 0xF6, 0xAC,
    0x5A, 0x73, 0x80, 0x99, 0xD3, 0x68, 0x8A, 0x26, 0xDC, 0xF1, 0x3E, 0xD5, 0x4D, 0x4F, 0xF8, 0x89,
    0x34, 0xAE, 0x7B, 0xCF, 0x09, 0xD1, 0x60, 0xE6, 0x69, 0xEF, 0x7E, 0x71, 0xF8, 0xFE, 0x45, 0xF3,
    0xFE, 0x25, 0xC6, 0xDA, 0x1A, 0xA9, 0x02, 0x24, 0x21, 0x7D, 0x1B, 0xE4, 0x9D, 0x69, 0xF6, 0x53,
    0x3A, 0x8E, 0x97, 0x3A, 0xF7, 0x9D, 0x8D, 0x28, 0x26, 0xE8, 0x73, 0x83, 0xC0, 0xE3, 0xEC, 0x83,
    0xE5, 0x20, 0x30, 0x92, 0x4C, 0x82, 0x8D, 0x97, 0xFB, 0x1B, 0x82, 0xA6, 0x49, 0x36, 0x56, 0xA6,
    0xD2, 0x43, 0x13, 0x6A, 0xF1, 0x31, 0xF9, 0x19, 0xE5, 0x94, 0x3E, 0x3D, 0xEE, 0xEC, 0x18, 0xAF,
    0xEC, 0x0C, 0x22, 0x36, 0x91, 0xE3, 0xCE, 0x61, 0xF7, 0x1B, 0x9C, 0xA9, 0x0C, 0x90, 0xE6, 0xCD,
    0x02, 0x2E, 0x1C, 0x11, 0x86, 0x38, 0x9C, 0xF3, 0x3E, 0x26, 0x76, 0x6D, 0x7F, 0x44, 0xFF, 0xDC,
    0x8D, 0x48, 0xC9, 0x88, 0xEA, 0xCE, 0x5C, 0x5D, 0x38, 0xA2, 0x6B, 0x5D, 0x96, 0x8F, 0x5D, 0x81,
    0x84, 0x7A, 0xBE, 0x9D, 0xE1, 0x97, 0x1B, 0x72, 0x2A, 0x35, 0x79, 0x74, 0x9A, 0x62, 0x43, 0x7C,
    0x8C, 0xF9, 0x06, 0x9C, 0xE0, 0x13, 0xB6, 0xAF, 0x7B, 0x60, 0x32, 0xEE, 0x1C, 0x83, 0x2C, 0xB5,
    0x09, 0xCE, 0xAD, 0x89, 0xDA, 0x04, 0x47, 0x6D, 0x2C, 0x63, 0x71, 0x29, 0x3F, 0x06, 0xF6, 0x4A,
    0xDF, 0x33, 0x75, 0xC9, 0x3E, 0x0A, 0x81, 0xB0, 0xAC, 0xE3, 0xEC, 0x33, 0xC5, 0x81, 0xC4, 0xAC,
    0xF2, 0xE8, 0x09, 0x04, 0x0B, 0x47, 0xDD, 0x33, 0x30, 0x4F, 0xDF, 0x3C, 0xBD, 0x45, 0xCF, 0x9C,
    0x6D, 0x31, 0x65, 0x33, 0xF9, 0x61, 0xA5, 0x1E, 0x27, 0xFE, 0xCC, 0xB4, 0x8A, 0x1B, 0x54, 0x97,
    0x8F, 0x18, 0x7D, 0xD5, 0xEF, 0x0F, 0x3F, 0x43, 0xCA, 0x77, 0x76, 0xCF, 0x1C, 0x67, 0x61, 0xE6,
    0x69, 0xFB, 0xE0, 0xCF, 0xBC, 0x6F, 0xFF, 0x54, 0xA2, 0xAC, 0x81, 0x85, 0x8B, 0xB6, 0x7F, 0xBF,
    0x72, 0xC4, 0xF4, 0x67, 0x6D, 0xFF, 0xFE, 0x98, 0xA8, 0xA0, 0x67, 0xDC, 0x82, 0x8F, 0x89, 0xC6,
    0x83, 0x4F, 0xA4, 0xC6, 0x83, 0x19, 0xCD, 0x44, 0x00, 0x18, 0xC9, 0x77, 0xA9, 0x48, 0x81, 0xF9,
    0x76, 0xE9, 0xB7, 0xC7, 0x92, 0x3D, 0x3B, 0x74, 0x5C, 0xBD, 0x3F, 0x15, 0xE7, 0x4B, 0x62, 0x4A,
    0xBE, 0xD8, 0x15, 0x36, 0x3E, 0x62, 0x72, 0x0A, 0xC6, 0xCD, 0x3C, 0x40, 0x02, 0xF9, 0x3E, 0xB4,
    0x90, 0x41, 0x0E, 0x81, 0x9C, 0xBF, 0xF7, 0x2C, 0xDE, 0x90, 0x41, 0xD7, 0x27, 0xD0, 0x5D, 0x1A,
    0x94, 0x2B, 0xD0, 0xEC, 0xEC, 0x92, 0x15, 0x7D, 0x9D, 0x20, 0x73, 0x43, 0x39, 0xBB, 0x2A, 0x9B,
    0xD0, 0x0C, 0x94, 0x68, 0x66, 0xAA, 0xD3, 0x48, 0x39, 0xF7, 0x1F, 0x41, 0x68, 0x56, 0x3D, 0x5D,
    0xBB, 0x00, 0x44, 0xD7, 0xB1, 0x6A, 0x6C, 0xF6, 0xB1, 0xD0, 0x9C, 0x76, 0x81, 0x49, 0x42, 0x10,
    0x9B, 0xC4, 0xFC, 0xA4, 0x31, 0xFE, 0xE4, 0x11, 0xFC, 0x84, 0x79, 0x38, 0xE2, 0x9F, 0x80, 0x7E,
    0x7C, 0xFA, 0xF1, 0x66, 0x7F, 0x72, 0x24, 0xEA, 0x03, 0xC0, 0x5A, 0xEB, 0xC0, 0x43, 0xF8, 0xB3,
    0x0E, 0xFD, 0xE4, 0x9F, 0x4D, 0x30, 0xF0, 0xBA, 0x9F, 0x88, 0x7E, 0x4E, 0xDB, 0xDF, 0x4F, 0xF3,
    0x3B, 0x69, 0x58, 0x86, 0xD3, 0xA0, 0xF5, 0xDA, 0xAE, 0x78, 0xE4, 0x23, 0x50, 0x68, 0xD8, 0x61,
    0xB9, 0x67, 0x0D, 0xF3, 0xA0, 0x99, 0x0F, 0x76, 0x07, 0xD6, 0x5A, 0x77, 0x17, 0xA7, 0x1C, 0x3E,
    0x54, 0x65, 0x83, 0x1D, 0x0F, 0xDB, 0x48, 0x8C, 0x21, 0x3F, 0x4E, 0x45, 0x39, 0xFF, 0x5E, 0x34,
    0x77, 0x8D, 0x13, 0x30, 0xA8, 0x5D, 0xE0, 0xFB, 0xEB, 0xC0, 0xF5, 0x1B, 0xCE, 0x6E, 0x36, 0x29,
    0xAA, 0xA2, 0xBC, 0x2C, 0x84, 0x75, 0x6B, 0xBF, 0x09, 0xA6, 0x7E, 0xE3, 0xD4, 0x07, 0xF1, 0x15,
    0x57, 0x49, 0x72, 0x74, 0xEA, 0x80, 0x1C, 0x6A, 0x21, 0xD1, 0xB2, 0x9B, 0x47, 0x5F, 0xA9, 0x92,
    0x9B, 0x93, 0x4C, 0xD7, 0xC9, 0xF7, 0xAA, 0xE0, 0x6F, 0xCB, 0xD9, 0x0C, 0xFA, 0x06, 0x17, 0xFA,
    0x8D, 0xC1, 0xDD, 0x00, 0xFB, 0xC3, 0x7B, 0x7E, 0x1A, 0xB8, 0x6D, 0xA8, 0x8A, 0x48, 0x6D, 0xC6,
    0x5F, 0x9F, 0xC6, 0x7A, 0x12, 0xEB, 0x2A, 0xD2, 0x39, 0x47, 0x8B, 0x1D, 0x8A, 0x7D, 0x84, 0xFF,
    0x45, 0xB1, 0x99, 0x77, 0x1B, 0xAB, 0x7F, 0xA3, 0x5F, 0x51, 0xBC, 0x63, 0xF4, 0xC2, 0xED, 0xE9,
    0xF5, 0x41, 0x85, 0x4F, 0x96, 0x8E, 0xD9, 0x68, 0x98, 0x8D, 0x5A, 0x16, 0xFB, 0x94, 0xC2, 0x4A,
    0xF5, 0x17, 0xDE, 0xD5, 0x5F, 0x20, 0x07, 0xF7, 0xB1, 0xBC, 0x2E, 0xF9, 0x76, 0x94, 0x36, 0x98,
    0xDF, 0x2F, 0xF8, 0x35, 0xAD, 0x5E, 0xC1, 0xAF, 0x9B, 0xDF, 0xBF, 0x72, 0x08, 0xC3, 0x81, 0x71,
    0xC0, 0x00, 0xA0, 0xE7, 0xD0, 0xE5, 0x7D, 0xFA, 0x7A, 0x80, 0xD8, 0x8B, 0xE3, 0xE4, 0xC0, 0xAD,
    0xC0, 0xA4, 0xC0, 0x29, 0xF1, 0xCF, 0x6B, 0x7F, 0x34, 0xDE, 0x7F, 0xB8, 0x07, 0x09, 0xC2, 0xD8,
    0x18, 0x72, 0x2F, 0xBD, 0x67, 0x43, 0xB1, 0xBD, 0x92, 0xDF, 0x2E, 0x43, 0xEA, 0xFC, 0x89, 0x25,
    0x93, 0xCD, 0xA7, 0x68, 0x0B, 0x0B, 0xDA, 0xC6, 0x58, 0xB5, 0x05, 0x88, 0xCD, 0xE0, 0x8E, 0xF8,
    0xFB, 0xA1, 0xD0, 0x18, 0x5E, 0x39, 0x8F, 0xFA, 0x9D, 0x26, 0x08, 0x27, 0xF3, 0x1A, 0x63, 0xE9,
    0x8F, 0x2D, 0x96, 0xDA, 0x38, 0xFE, 0x7E, 0xDC, 0x5B, 0xDC, 0x2C, 0xAD, 0x8C, 0xE6, 0x77, 0x86,
    0xE8, 0xFB, 0x43, 0x9F, 0x54, 0x68, 0x26, 0xFB, 0x2D, 0x16, 0x10, 0xA2, 0x27, 0xFB, 0xF1, 0x34,
    0xFC, 0xCA, 0x38, 0xBE, 0x59, 0x27, 0x80, 0xC9, 0x37, 0xAB, 0xE0, 0x3B, 0x43, 0x4C, 0x5E, 0x26,
    0xCB, 0x3E, 0x4E, 0x25, 0xAC, 0x86, 0xDE, 0x05, 0x34, 0x30, 0x7E, 0x1E, 0x4F, 0xB1, 0x27, 0x92,
    0xC2, 0xA8, 0xB1, 0x2E, 0x12, 0x50, 0x0E, 0xAC, 0x09, 0xF0, 0x7E, 0x9C, 0xDF, 0xCD, 0x83, 0xEF,
    0x02, 0x50, 0x03, 0xA3, 0x4F, 0xE2, 0xB7, 0xEA, 0xE0, 0xDB, 0xE3, 0x83, 0xB2, 0xF8, 0x07, 0x57,
    0xD6, 0xDD, 0x73, 0x1C, 0xB9, 0x66, 0xF3, 0x3C, 0xFB, 0x9D, 0x14, 0xCB, 0xD9, 0x94, 0x2B, 0xC1,
    0xC4, 0xF8, 0x2D, 0x47, 0x19, 0xC8, 0xD5, 0xB8, 0x24, 0x16, 0xFF, 0x65, 0xCB, 0xDC, 0x72, 0x4E,
    0x87, 0xF9, 0x8E, 0x8F, 0x60, 0x59, 0xB7, 0xA1, 0x13, 0x99, 0x1D, 0xA7, 0xC5, 0xE8, 0x38, 0x27,
    0xE6, 0xC5, 0xA6, 0x18, 0x1C, 0x9B, 0xDD, 0xEF, 0xE4, 0x33, 0x25, 0x33, 0x09, 0x21, 0x93, 0xA4,
    0x4B, 0xCA, 0x21, 0x82, 0x7D, 0x88, 0xCB, 0xBA, 0xCF, 0xAB, 0x5E, 0x04, 0x50, 0xD8, 0xCF, 0x6F,
    0x07, 0xDE, 0xE9, 0xB5, 0x7D, 0xBE, 0x76, 0xDF, 0x14, 0x6B, 0xCF, 0x46, 0xBA, 0x65, 0x24, 0x56,
    0x92, 0xFC, 0x76, 0xC6, 0xD5, 0x1E, 0x8E, 0xE6, 0x3E, 0x12, 0xE0, 0x2E, 0x70, 0xD4, 0x39, 0xEA,
    0x06, 0x59, 0x2F, 0xCD, 0x9C, 0x7F, 0x8B, 0x05, 0x58, 0x89, 0x00, 0x4B, 0x62, 0x60, 0x48, 0xAF,
    0xD9, 0xF3, 0x47, 0x51, 0x80, 0xEF, 0x9D, 0xE8, 0x2D, 0xCD, 0x50, 0xCF, 0x58, 0x5A, 0xA6, 0x54,
    0x27, 0xCB, 0x17, 0x39, 0x66, 0xFB, 0x3D, 0x8E, 0x44, 0xED, 0x60, 0xA2, 0xD6, 0xD1, 0xDD, 0x38,
    0xC6, 0x86, 0x5B, 0xB3, 0x72, 0x78, 0xEB, 0xF0, 0x40, 0xF1, 0x86, 0x23, 0xD1, 0x3D, 0xA8, 0xE8,
    0x3A, 0x83, 0x52, 0x18, 0x71, 0x4A, 0xB8, 0x94, 0x89, 0x57, 0xBE, 0xF4, 0xFD, 0x98, 0x7B, 0x23,
    0xF2, 0xCB, 0xE6, 0xEA, 0x33, 0xA3, 0xCF, 0xC6, 0x43, 0x56, 0x08, 0xF2, 0xC3, 0xE8, 0xCA, 0x7B,
    0x06, 0x21, 0x14, 0xD6, 0xD6, 0xA9, 0x08, 0x2D, 0x97, 0x98, 0x6D, 0x51, 0xB5, 0xD7, 0x54, 0x99,
    0x55, 0xB1, 0x9C, 0x7A, 0x19, 0x99, 0x6A, 0x12, 0xAA, 0x3F, 0xF2, 0x4C, 0x6B, 0x45, 0xA7, 0x98,
    0x66, 0x40, 0x32, 0x35, 0x8A, 0xCA, 0xC1, 0x32, 0xDD, 0x2F, 0xF4, 0xF2, 0x7B, 0xBC, 0x15, 0xF5,
    0x84, 0x86, 0x5D, 0xC6, 0xB8, 0x57, 0xA4, 0xC2, 0x47, 0x76, 0xEE, 0x19, 0x32, 0xD8, 0x13, 0x0D,
    0x6B, 0xB4, 0xEE, 0xC1, 0xAB, 0x02, 0x1F, 0xE7, 0x78, 0x83, 0xF9, 0xAE, 0x47, 0x0A, 0x3C, 0xAE,
    0x67, 0x18, 0xDE, 0x6D, 0x92, 0x49, 0x96, 0x46, 0x75, 0x04, 0xAE, 0x01, 0x78, 0x2D, 0x78, 0xCC,
    0x9D, 0x49, 0xA4, 0xB9, 0xF7, 0x3B, 0xFD, 0x12, 0x03, 0xEC, 0xCC, 0xD8, 0xF8, 0x67, 0x7C, 0xA8,
    0x7B, 0xE2, 0x70, 0xBB, 0xC7, 0x6F, 0x90, 0x4A, 0x69, 0x97, 0xE9, 0xE2, 0xA5, 0x57, 0x41, 0x6F,
    0x19, 0x96, 0x53, 0x1D, 0x98, 0x63, 0xEE, 0x17, 0x3A, 0xAB, 0xFB, 0x63, 0x71, 0x5B, 0xAF, 0x0F,
    0xF7, 0x72, 0xC1, 0xD9, 0xFC, 0x6C, 0x36, 0x87, 0x9D, 0xCD, 0xFB, 0x80, 0x7A, 0x27, 0x7A, 0x7A,
    0x95, 0x6E, 0x28, 0xD5, 0xE2, 0x7A, 0xA0, 0x17, 0x0E, 0x37, 0x96, 0x0F, 0x68, 0xD9, 0x1F, 0x3D,
    0x6C, 0xE0, 0xB6, 0x9B, 0x01, 0x09, 0xCD, 0xB8, 0xEA, 0x98, 0x98, 0x21, 0x41, 0x1E, 0xFE, 0x21,
    0x23, 0x41, 0xF8, 0x76, 0xF6, 0x56, 0x69, 0x14, 0x32, 0x90, 0x2B, 0x67, 0x93, 0x40, 0x73, 0xCD,
    0x5C, 0xA8, 0x7F, 0xF0, 0x22, 0x67, 0xE6, 0xFC, 0x3D, 0x49, 0xCD, 0xF1, 0xC5, 0x42, 0xDB, 0x3A,
    0x6D, 0x5B, 0x67, 0xAD, 0x9D, 0xB3, 0x61, 0x35, 0x6F, 0xD7, 0xDA, 0xB4, 0xD6, 0x4F, 0x62, 0xEB,
    0x3A, 0xC9, 0x46, 0x8A, 0x2C, 0x94, 0x14, 0x46, 0xC1, 0x31, 0x1F, 0x85, 0x6D, 0xBA, 0xCC, 0xA9,
    0x38, 0xD2, 0x95, 0x23, 0x25, 0x56, 0x4A, 0x6B, 0x0C, 0x37, 0x13, 0xEC, 0xF5, 0xF5, 0xDE, 0x1D,
    0xAD, 0x0E, 0x80, 0x8C, 0x33, 0xC6, 0x02, 0x08, 0x53, 0x09, 0x16, 0x85, 0x65, 0xF4, 0x03, 0xA9,
    0x07, 0x8C, 0x39, 0xEF, 0x97, 0x9A, 0xE6, 0xC4, 0xE1, 0xF1, 0xBF, 0xAB, 0xBF, 0xD0, 0x78, 0x39,
    0x29, 0xA9, 0x4F, 0x4F, 0x5C, 0x4A, 0xC1, 0x29, 0xBF, 0x52, 0x92, 0x9E, 0x14, 0xCA, 0x3E, 0xD2,
    0x35, 0x3B, 0x22, 0xC8, 0xD8, 0x7B, 0xCD, 0xB1, 0x6D, 0xB2, 0x15, 0xB8, 0xD9, 0xA9, 0xF0, 0xA4,
    0x4B, 0x8C, 0x12, 0x29, 0x98, 0x43, 0x70, 0x9F, 0x01, 0x5E, 0xA8, 0xAA, 0xA2, 0xA9, 0x49, 0xBD,
    0x43, 0xA7, 0x6E, 0x15, 0xC6, 0xE8, 0x24, 0x5B, 0xD5, 0x18, 0x18, 0x76, 0x29, 0x45, 0xD4, 0x5B,
    0x46, 0xF1, 0xF9, 0x74, 0xCE, 0xA4, 0xE0, 0x44, 0x35, 0xCD, 0xC0, 0x12, 0x58, 0x17, 0x6E, 0xBA,
    0x0E, 0x9D, 0x08, 0xD2, 0x6D, 0x0F, 0xAB, 0xCC, 0xF4, 0x85, 0xD4, 0x41, 0x93, 0x04, 0x59, 0x0E,
    0x00, 0x0F, 0xA8, 0xFC, 0x44, 0xA5, 0xB2, 0xEF, 0x4E, 0x3B, 0x9B, 0xD4, 0x01, 0x0B, 0x22, 0x45,
    0x66, 0x58, 0x73, 0xC6, 0x28, 0x8B, 0xDB, 0x38, 0xC6, 0xEC, 0xDB, 0xFA, 0xC2, 0x94, 0xBE, 0x03,
    0x33, 0x85, 0xD5, 0xD1, 0xAD, 0x2E, 0xB3, 0xEF, 0x6B, 0xC0, 0xD1, 0x72, 0xD3, 0xAF, 0x4F, 0xE5,
    0xC1, 0x22, 0x4B, 0xC5, 0xB5, 0x11, 0x33, 0x7F, 0xF2, 0x3E, 0xC2, 0x8B, 0x37, 0xAB, 0xB9, 0x64,
    0x40, 0xF6, 0x9A, 0x0D, 0x8E, 0x7F, 0x76, 0x74, 0xF8, 0x54, 0xD8, 0x91, 0x1C, 0xED, 0xFB, 0xD8,
    0xE8, 0x9A, 0x45, 0xC7, 0x5A, 0xBD, 0x95, 0x2D, 0xBD, 0xCA, 0x8B, 0xA4, 0xFB, 0xEC, 0x1F, 0x7D,
    0xB1, 0xCB, 0x18, 0xDA, 0xD9, 0xF5, 0xBB, 0x98, 0x4A, 0xD0, 0x6B, 0xB6, 0xD3, 0xEE, 0xB3, 0x17,
    0xD5, 0xDD, 0x7A, 0x1C, 0x41, 0x80, 0x15, 0x7D, 0x36, 0x87, 0xD8, 0xA3, 0xE0, 0x23, 0xBF, 0xE3,
    0xFC, 0x3D, 0x69, 0x24, 0xEA, 0x49, 0x41, 0x6E, 0x35, 0xB3, 0x8B, 0x26, 0xD7, 0x7A, 0x33, 0xDA,
    0x8F, 0xA8, 0x77, 0x01, 0x50, 0x7A, 0x45, 0x2A, 0x3D, 0x1C, 0x10, 0x10, 0x90, 0xF4, 0x33, 0x97,
    0x0C, 0xAA, 0xA5, 0xCF, 0xF1, 0xE8, 0xB8, 0xBF, 0x09, 0x4B, 0xBD, 0x88, 0x7C, 0xF6, 0xDA, 0xF8,
    0x50, 0xC2, 0x7E, 0x97, 0x70, 0x6C, 0xB9, 0x73, 0x00, 0xFA, 0x6B, 0xD2, 0x62, 0x23, 0x56, 0x0E,
    0xC5, 0x16, 0x2A, 0x71, 0x91, 0x41, 0x18, 0x33, 0x1E, 0x4A, 0x54, 0x82, 0x03, 0x1D, 0xF0, 0x58,
    0x93, 0x5F, 0x4F, 0xED, 0x52, 0xAA, 0x04, 0x27, 0x16, 0xBA, 0xB2, 0xC3, 0xD5, 0x1D, 0xE9, 0x72,
    0x31, 0x26, 0x0C, 0xE1, 0x24, 0xC5, 0xC8, 0x4B, 0xCD, 0xA4, 0xB7, 0x82, 0x23, 0x9C, 0xDB, 0x11,
    0x5E, 0xDC, 0x42, 0xEF, 0xF2, 0x74, 0x2F, 0xE2, 0xD0, 0xE3, 0xC6, 0x3E, 0x3B, 0xF6, 0xF9, 0xB1,
    0x87, 0x29, 0x7D, 0x54, 0x11, 0x5C, 0x11, 0xB7, 0x3F, 0x2E, 0xBB, 0x7A, 0x17, 0x74, 0x2E, 0x4F,
    0x89, 0x14, 0x87, 0x7A, 0x67, 0xC5, 0x2E, 0xF2, 0xB0, 0xF8, 0x32, 0x40, 0x98, 0x3E, 0xC6, 0xA0,
    0x77, 0x70, 0x7B, 0x94, 0xE9, 0x25, 0xA1, 0x9C, 0xEE, 0x0A, 0x48, 0x4F, 0x43, 0x7A, 0x57, 0x9B,
    0x7C, 0x5B, 0x08, 0x14, 0x7A, 0x4B, 0xEE, 0x0E, 0x9C, 0x56, 0x1A, 0xF7, 0x38, 0xF9, 0xF9, 0x9E,
    0x91, 0x51, 0xA6, 0xA7, 0x5F, 0xAA, 0x91, 0xB4, 0x9D, 0x22, 0x27, 0x4F, 0x25, 0x22, 0x7A, 0x36,
    0x94, 0x1D, 0xE6, 0xF2, 0x9F, 0x69, 0x68, 0x07, 0xA1, 0xA7, 0x8C, 0xC7, 0xEF, 0x80, 0x8F, 0xAE,
    0x9B, 0xB3, 0x3D, 0xF0, 0xDF, 0x98, 0x6D, 0x0B, 0x0D, 0x37, 0x7A, 0xCA, 0x6C, 0xA3, 0x17, 0x71,
    0x48, 0x7A, 0xFE, 0x30, 0xD3, 0xB3, 0x73, 0x95, 0x9D, 0xB6, 0x0B, 0xD6, 0x74, 0xF4, 0x3C, 0x7F,
    0x72, 0x11, 0x3D, 0xA7, 0xFB, 0xD3, 0xF3, 0xC6, 0x9D, 0x38, 0x7D, 0x45, 0xC8, 0x55, 0x70, 0x85,
    0x5D, 0x40, 0x33, 0xE3, 0xAA, 0xA4, 0xBD, 0x02, 0x13, 0x1A, 0x4A, 0x8D, 0x41, 0xF4, 0x44, 0xCD,
    0x3B, 0xC6, 0x20, 0x0F, 0x6F, 0xF2, 0x8A, 0x33, 0x30, 0xE5, 0x51, 0x06, 0x0A, 0x80, 0x95, 0xE2,
    0x1D, 0x5E, 0xFF, 0x54, 0x94, 0x05, 0x7D, 0xFD, 0x32, 0x5E, 0x66, 0x36, 0x98, 0xFF, 0x50, 0x2A,
    0x60, 0xDE, 0x88, 0x38, 0x68, 0xA3, 0x76, 0x72, 0xF5, 0x20, 0x5C, 0xAA, 0x80, 0xD1, 0x9C, 0x46,
    0xE3, 0x1E, 0xC0, 0x25, 0x7E, 0x72, 0x4C, 0x0E, 0x5B, 0xC2, 0x3B, 0x01, 0xC1, 0x5C, 0x9F, 0x57,
    0x27, 0x8D, 0xE8, 0xE9, 0x26, 0xFB, 0x99, 0x9C, 0x47, 0xB4, 0x1C, 0xB0, 0xD9, 0x54, 0xCB, 0x45,
    0xBB, 0xF3, 0x4C, 0xA3, 0xE6, 0x4B, 0xA8, 0x82, 0x5E, 0xD2, 0x2D, 0xEA, 0xB9, 0x1D, 0x71, 0xBD,
    0xFF, 0xFB, 0xFE, 0xE8, 0x6E, 0xE9, 0x94, 0x23, 0xD9, 0xBF, 0x9B, 0xB2, 0xDF, 0x2F, 0xE6, 0xEF,
    0x2D, 0x7E, 0x75, 0xFB, 0x8B, 0x2F, 0x7B, 0x6D, 0xB7, 0xEF, 0xC6, 0x6D, 0xBF, 0x3F, 0xDB, 0xE0,
    0x08, 0x73, 0xEE, 0x12, 0xE6, 0x08, 0x21, 0xCD, 0xB2, 0x60, 0x5F, 0xEE, 0x60, 0x8A, 0xC8, 0xCC,
    0xEF, 0x77, 0x8E, 0x0E, 0xDC, 0x23, 0xCC, 0x3A, 0x31, 0x13, 0x57, 0x17, 0x21, 0xB6, 0x2B, 0xC6,
    0xF5, 0x4C, 0x7C, 0x78, 0xFE, 0x71, 0xEF, 0x30, 0x0F, 0x1F, 0xB2, 0x46, 0xDB, 0x16, 0x7F, 0x68,
    0x33, 0x53, 0xB9, 0x9C, 0x25, 0xCC, 0x3F, 0xE5, 0xB9, 0x72, 0x4D, 0xFA, 0xC1, 0x9C, 0x27, 0xC3,
    0xBC, 0xE4, 0xEC, 0x59, 0xDD, 0xE9, 0xDC, 0xCC, 0x9C, 0x77, 0x17, 0x9C, 0xB7, 0xED, 0x79, 0x8B,
    0xBA, 0x76, 0x31, 0x60, 0x1C, 0xBC, 0x58, 0x70, 0x81, 0x76, 0x26, 0xAC, 0x95, 0xB5, 0x58, 0x47,
    0x4A, 0xC9, 0x04, 0x92, 0xE7, 0x29, 0xBF, 0x10, 0xA8, 0x56, 0x1A, 0x82, 0xEA, 0x15, 0x8C, 0x99,
    0x44, 0x5F, 0xBF, 0x02, 0x13, 0x29, 0x74, 0x4A, 0x59, 0x8C, 0x6E, 0x60, 0x11, 0x2B, 0x87, 0x8A,
    0xD5, 0xD3, 0xC6, 0xC6, 0x7D, 0xD4, 0x10, 0xCA, 0x3A, 0x0E, 0xD3, 0x59, 0x18, 0xB1, 0x55, 0xB9,
    0x76, 0x15, 0xB5, 0x37, 0x91, 0x6F, 0x7B, 0x46, 0x63, 0xD8, 0x86, 0xBB, 0xB8, 0xE1, 0x1C, 0xA0,
    0xA1, 0x0E, 0xD2, 0xA8, 0xF6, 0x69, 0x7C, 0xF2, 0x25, 0x6E, 0x98, 0xEC, 0x47, 0x95, 0x89, 0x1E,
    0xF9, 0xA5, 0xB6, 0xE9, 0xA8, 0x6F, 0xF2, 0xA2, 0x68, 0x10, 0x4B, 0x16, 0xAB, 0x56, 0xE6, 0x19,
    0x3B, 0x4F, 0xBD, 0x44, 0x28, 0xDF, 0x1A, 0x53, 0x8C, 0xF4, 0x64, 0xA1, 0x6F, 0x8E, 0xFE, 0xE0,
    0x5B, 0x52, 0x09, 0x64, 0x4B, 0x82, 0xCC, 0xBA, 0xE6, 0x11, 0xE6, 0x04, 0xDA, 0x6F, 0x3C, 0xD5,
    0x67, 0x6C, 0x26, 0xE5, 0xD5, 0x2E, 0xB2, 0xC6, 0x0B, 0x76, 0x3D, 0xA9, 0xC9, 0xA3, 0x90, 0x6F,
    0x9D, 0xAA, 0xDB, 0x2C, 0xF3, 0xE9, 0x95, 0x04, 0xF6, 0x8F, 0xCE, 0xED, 0x17, 0xC2, 0x0C, 0x8F,
    0x18, 0xAC, 0xAB, 0x02, 0xA4, 0x42, 0x55, 0x20, 0x09, 0x7E, 0x45, 0xE3, 0x07, 0x3D, 0xB2, 0xD5,
    0xA0, 0xB0, 0xFA, 0x0D, 0x8E, 0xD4, 0x9D, 0xE0, 0xBE, 0x76, 0xA7, 0xAA, 0x30, 0x5D, 0xBE, 0xA2,
    0x4B, 0x12, 0x9E, 0x9C, 0x10, 0x95, 0xD2, 0x4B, 0x3B, 0x98, 0xE4, 0x9B, 0x2B, 0x08, 0x0D, 0x07,
    0x79, 0x3A, 0x49, 0x26, 0x16, 0x2C, 0x36, 0xB2, 0xF6, 0xB5, 0x58, 0x93, 0x92, 0xAC, 0xC5, 0xA7,
    0xEB, 0x83, 0xF4, 0xDC, 0xF0, 0xB4, 0x71, 0xF8, 0xD3, 0xF2, 0xCB, 0xD0, 0x9D, 0x0D, 0x07, 0xC1,
    0x4B, 0x9D, 0x0D, 0x49, 0x44, 0xCE, 0x66, 0x04, 0x29, 0xB1, 0x7E, 0x13, 0x91, 0x0F, 0x60, 0x1B,
    0xF7, 0xEC, 0xC4, 0x5E, 0x67, 0x2C, 0x85, 0xAF, 0x22, 0xF5, 0x1E, 0xDA, 0x9A, 0xF0, 0x9A, 0xF4,
    0x5B, 0x75, 0x21, 0xB5, 0x4C, 0x74, 0xAA, 0x59, 0x64, 0xAA, 0xBB, 0x8A, 0x20, 0x27, 0x04, 0x31,
    0x36, 0xE5, 0xCC, 0x51, 0xD3, 0x89, 0x04, 0x01, 0x26, 0x82, 0xA1, 0x13, 0xC1, 0xCC, 0xDF, 0x5E,
    0x04, 0x59, 0x32, 0x78, 0x91, 0x98, 0x06, 0xA7, 0xAA, 0xA1, 0xC1, 0xA4, 0x02, 0x98, 0x28, 0x72,
    0x69, 0xC4, 0x1F, 0x41, 0x04, 0x59, 0xED, 0x4D, 0xE4, 0x94, 0xB5, 0x23, 0xD3, 0x71, 0x64, 0x19,
    0xCD, 0x05, 0xC2, 0xAD, 0x92, 0x5A, 0x6A, 0x68, 0x7D, 0x98, 0xA6, 0x75, 0xAF, 0x1A, 0xC7, 0x0F,
    0xB3, 0x89, 0x54, 0xD8, 0x35, 0xB4, 0x38, 0xF8, 0xF1, 0xEA, 0xE0, 0x18, 0xB7, 0xA9, 0xBA, 0x4A,
    0xA1, 0xFF, 0xAB, 0x19, 0x8E, 0xFC, 0xDF, 0x51, 0xB5, 0xAA, 0x62, 0x0F, 0x97, 0xC1, 0x17, 0xA9,
    0xF2, 0x1A, 0x52, 0x7E, 0x0D, 0xAE, 0x2F, 0x0A, 0xEA, 0x20, 0x5F, 0x7E, 0x46, 0x57, 0x24, 0x3C,
    0x23, 0x36, 0xB4, 0x2D, 0x82, 0xCC, 0x55, 0x2E, 0x1D, 0x1F, 0xD4, 0x1B, 0x48, 0xEE, 0x53, 0x52,
    0xA1, 0x19, 0xCF, 0x44, 0x76, 0xD1, 0x58, 0x17, 0x63, 0x3A, 0x49, 0xDD, 0x9B, 0x94, 0xC1, 0x51,
    0x60, 0xE7, 0x12, 0x2B, 0x65, 0x80, 0x80, 0x2F, 0xCE, 0x01, 0xC2, 0xFA, 0xE1, 0x4F, 0x2B, 0x88,
    0x20, 0xEB, 0x8C, 0x20, 0xEB, 0x11, 0x89, 0xC8, 0x3A, 0x85, 0x5F, 0x70, 0x13, 0x16, 0x4A, 0x25,
    0xDC, 0xD8, 0x1F, 0x41, 0xAE, 0x58, 0x04, 0xD1, 0x7D, 0x04, 0x99, 0xF0, 0x56, 0x17, 0x48, 0xD8,
    0x53, 0xE2, 0xD4, 0x88, 0x4D, 0x18, 0x4A, 0xDC, 0x29, 0xF9, 0x3F, 0x66, 0xE2, 0x5A, 0xD2, 0x80,
    0x25, 0xAF, 0xB4, 0x37, 0x5E, 0x96, 0x89, 0xD1, 0x9A, 0x4A, 0x5B, 0xCC, 0x90, 0xAF, 0xD0, 0x92,
    0x9B, 0x1B, 0xE4, 0x3C, 0x18, 0x83, 0xD3, 0x31, 0x4E, 0x43, 0x2C, 0xA1, 0xAB, 0x50, 0x4C, 0x35,
    0xF1, 0x99, 0x5C, 0xB3, 0xBB, 0x82, 0xD9, 0xD7, 0x22, 0x1F, 0x00, 0xB1, 0x11, 0x98, 0x45, 0x05,
    0x16, 0xE7, 0x66, 0xE2, 0x97, 0xEB, 0x33, 0x30, 0x33, 0x0B, 0x3F, 0xA6, 0x60, 0xB8, 0x98, 0x2D,
    0xB4, 0x30, 0x55, 0x0F, 0x76, 0xBF, 0x0D, 0x63, 0xFF, 0xD5, 0x26, 0x1E, 0x77, 0x43, 0x0C, 0x57,
    0x7D, 0x0B, 0x31, 0x45, 0x6C, 0x7E, 0x45, 0x41, 0x30, 0x4C, 0xF8, 0x3B, 0xDF, 0xBA, 0xF5, 0xD5,
    0x19, 0x53, 0xB7, 0x9D, 0xF1, 0x37, 0xB2, 0x6E, 0x93, 0xCF, 0xAE, 0x31, 0x32, 0x36, 0xB9, 0x8D,
    0xF6, 0xA5, 0xC6, 0x62, 0x9F, 0x9A, 0xAF, 0xF3, 0x85, 0x8A, 0x1B, 0x59, 0x2B, 0x0A, 0x7B, 0x85,
    0xFE, 0x64, 0xEB, 0x98, 0x6D, 0xED, 0xB2, 0x29, 0x93, 0xB0, 0xB0, 0x6C, 0x33, 0xC3, 0xA6, 0x52,
    0xA2, 0x4B, 0xE2, 0x87, 0xD6, 0x89, 0x56, 0x33, 0x55, 0x11, 0x5D, 0x04, 0x6F, 0x7B, 0xAE, 0x61,
    0xEF, 0x60, 0x4B, 0xAF, 0x2F, 0xAB, 0x99, 0xE2, 0x95, 0x7D, 0xB6, 0x19, 0x89, 0xAB, 0xD9, 0x1C,
    0x40, 0x60, 0xFC, 0x6A, 0xCF, 0x06, 0x37, 0xAD, 0x11, 0x9F, 0x68, 0x59, 0x8B, 0x8C, 0xE6, 0xF6,
    0xAD, 0x97, 0x5F, 0xAE, 0xA5, 0xB0, 0x19, 0xFF, 0x7E, 0xCA, 0xD6, 0xEF, 0x3E, 0xA3, 0xF5, 0x90,
    0xE0, 0xCB, 0xA9, 0xE5, 0x2B, 0x8F, 0x48, 0x16, 0x11, 0x2D, 0x93, 0x6F, 0x22, 0x3E, 0x4F, 0x90,
    0x73, 0x65, 0x29, 0xE5, 0xB8, 0x8B, 0xF5, 0x32, 0x40, 0x22, 0xF2, 0x3B, 0x38, 0xC7, 0xEF, 0xA2,
    0x03, 0x42, 0x62, 0x55, 0x20, 0xA6, 0xC0, 0x84, 0xBD, 0x68, 0xB6, 0xB6, 0xE2, 0x18, 0xED, 0x65,
    0xEE, 0xF5, 0xC9, 0x97, 0x69, 0x7D, 0x65, 0x85, 0xDF, 0x99, 0xE0, 0x54, 0x4D, 0x10, 0x27, 0x2B,
    0x5E, 0x72, 0xEE, 0x64, 0xB8, 0x23, 0x33, 0xEA, 0xA3, 0x4C, 0x7F, 0x41, 0xE7, 0xD9, 0x04, 0xC6,
    0xBA, 0x99, 0x72, 0x5C, 0x7D, 0x75, 0xA8, 0x26, 0x1D, 0x3D, 0xD4, 0x41, 0xC6, 0x8D, 0x3B, 0xB4,
    0xE3, 0x7B, 0x24, 0xC4, 0x77, 0x57, 0x88, 0x57, 0xE7, 0xD8, 0xBC, 0xDB, 0x4A, 0x25, 0x1D, 0x9A,
    0x58, 0x73, 0x01, 0xEF, 0xF7, 0xFA, 0x38, 0x02, 0x8C, 0x7B, 0x0C, 0x18, 0x4B, 0xBD, 0x1A, 0x13,
    0xF6, 0x14, 0xD8, 0x92, 0xE3, 0xF6, 0xED, 0x0B, 0x0E, 0xEF, 0x21, 0xD8, 0x50, 0xD5, 0x31, 0x59,
    0x33, 0x54, 0x80, 0x40, 0x56, 0x06, 0x57, 0x1A, 0xD7, 0xB7, 0xEB, 0xE1, 0x7B, 0xC6, 0x28, 0xB8,
    0x59, 0x3E, 0x9F, 0x9F, 0xDD, 0x6F, 0xC1, 0xA0, 0x6F, 0x3B, 0xE0, 0x8C, 0x0F, 0xCF, 0xEF, 0xDD,
    0x86, 0x7D, 0x76, 0xC7, 0x1C, 0x2B, 0xB2, 0xC8, 0xC5, 0x86, 0x17, 0x92, 0x5E, 0xAB, 0xFC, 0x7D,
    0xDB, 0x92, 0x05, 0x35, 0xD1, 0x5B, 0xA5, 0xEC, 0xBD, 0xB5, 0xF2, 0x99, 0xD1, 0x2B, 0x96, 0x79,
    0x4D, 0xCF, 0xFC, 0xDC, 0xF4, 0xD6, 0x2E, 0xA8, 0x01, 0x59, 0xE0, 0x22, 0xC7, 0x93, 0xB8, 0x7F,
    0x47, 0x7B, 0x5E, 0x2D, 0xA3, 0x0F, 0x21, 0x60, 0x80, 0x32, 0x24, 0x3B, 0xD7, 0xE5, 0x4A, 0x36,
    0xAD, 0xDB, 0x61, 0xE9, 0xD4, 0x6F, 0xA4, 0x73, 0x11, 0xB1, 0xBB, 0xB2, 0xA4, 0x72, 0xF1, 0xA3,
    0xCB, 0x4B, 0xD9, 0x7D, 0x9B, 0x5C, 0x5D, 0x3D, 0x60, 0x24, 0xA2, 0x5A, 0x33, 0x99, 0xF0, 0x4A,
    0xA8, 0xB1, 0xE1, 0x54, 0x57, 0x8D, 0x00, 0x56, 0xD7, 0x0C, 0x6C, 0xCA, 0x9A, 0x61, 0x75, 0xDD,
    0x2F, 0x05, 0x33, 0xB3, 0x62, 0x24, 0x85, 0x9E, 0x99, 0x06, 0x1A, 0x80, 0x5C, 0x00, 0x11, 0x5A,
    0x71, 0xA0, 0x28, 0x98, 0x69, 0x5B, 0x4C, 0x83, 0x76, 0x27, 0x6B, 0xB0, 0x98, 0x51, 0xBF, 0x94,
    0x92, 0x03, 0x66, 0xE5, 0x80, 0x6A, 0x78, 0x00, 0x79, 0xC1, 0x42, 0x06, 0xE9, 0xDD, 0xA7, 0x5A,
    0xF4, 0x1A, 0xC6, 0x16, 0x02, 0x3D, 0x8A, 0x74, 0x79, 0x2E, 0xAB, 0x36, 0xA2, 0x2A, 0xD1, 0x75,
    0x86, 0xFF, 0xC8, 0x60, 0x12, 0xFD, 0xBA, 0x51, 0x29, 0xEF, 0x1B, 0x01, 0x7E, 0x41, 0xE5, 0x14,
    0x65, 0x86, 0xE6, 0x39, 0x6E, 0x7A, 0x46, 0xAC, 0x9F, 0xB2, 0xBB, 0x82, 0x62, 0x83, 0xB4, 0xC5,
    0xF3, 0xC2, 0x08, 0xE3, 0x43, 0x4A, 0xB6, 0x45, 0x29, 0x69, 0xD3, 0x48, 0xDC, 0x99, 0x60, 0xDB,
    0x1F, 0xAB, 0x57, 0x40, 0x0A, 0x2B, 0xB7, 0x54, 0x0D, 0x50, 0xB2, 0x00, 0xDE, 0xCA, 0x34, 0xEE,
    0x94, 0x32, 0x05, 0x59, 0x6B, 0x33, 0xF8, 0x49, 0x76, 0xDC, 0xDE, 0x12, 0x32, 0x26, 0xA7, 0xDB,
    0x48, 0xB1, 0x12, 0x47, 0x44, 0xA6, 0x9A, 0xFD, 0x61, 0xC6, 0xB1, 0xD5, 0xA5, 0xC3, 0x46, 0x9F,
    0xA5, 0xD6, 0x41, 0x76, 0x53, 0x93, 0xCD, 0xC4, 0xF6, 0x98, 0xA5, 0x6B, 0xD2, 0x58, 0x0E, 0x87,
    0x60, 0x51, 0x56, 0x1D, 0x3E, 0x61, 0x21, 0x9C, 0x7E, 0xA7, 0xC6, 0x5D, 0xF2, 0x92, 0x1F, 0xD6,
    0xBC, 0x2E, 0xAA, 0xE6, 0x2C, 0x77, 0xBD, 0xDE, 0xEB, 0xAA, 0x92, 0x44, 0x7A, 0xB5, 0xCD, 0x32,
    0xB8, 0xCD, 0xBC, 0x7F, 0x99, 0x75, 0x7B, 0xC2, 0xBA, 0x11, 0xEF, 0x01, 0x98, 0x11, 0xED, 0x81,
    0x9A, 0x9B, 0x70, 0x7C, 0x7A, 0x4C, 0x29, 0x86, 0x56, 0xD9, 0x6A, 0xDC, 0x15, 0xB3, 0x15, 0xE3,
    0x92, 0x6C, 0x77, 0x10, 0x3F, 0x59, 0x0E, 0x2A, 0x30, 0x4C, 0xFD, 0x45, 0xF6, 0x7D, 0x16, 0xF4,
    0xE8, 0xD3, 0xF9, 0x7B, 0xD4, 0x72, 0xAB, 0x43, 0x4B, 0x27, 0x10, 0xE1, 0x36, 0x3B, 0x7D, 0x26,
    0x82, 0xEE, 0x97, 0x64, 0x37, 0xB3, 0xE2, 0x79, 0xA0, 0xFF, 0x88, 0x8B, 0x5A, 0x71, 0x81, 0x21,
    0xCC, 0x1C, 0x56, 0x11, 0x23, 0x76, 0x51, 0xB2, 0x64, 0xE5, 0xC5, 0x56, 0x3C, 0xB6, 0xCB, 0x9C,
    0xAD, 0x07, 0xA5, 0x74, 0x56, 0x74, 0xD2, 0xC6, 0xE0, 0xBC, 0x2E, 0xEA, 0x6A, 0x5D, 0x1C, 0xF7,
    0x9A, 0x83, 0x44, 0x20, 0x97, 0x54, 0x59, 0x18, 0x8E, 0xB9, 0xBA, 0x16, 0xF0, 0x1B, 0x77, 0x12,
    0x3C, 0x85, 0x51, 0x28, 0xDD, 0x5E, 0x41, 0x3C, 0x70, 0x4D, 0xB0, 0x25, 0x93, 0x0A, 0xDB, 0xC0,
    0x18, 0x12, 0x0F, 0xF1, 0x0A, 0x7A, 0x37, 0x0F, 0xBF, 0x5B, 0xC5, 0xBC, 0xB4, 0xEB, 0x27, 0x55,
    0xF0, 0xED, 0xE1, 0x72, 0xB1, 0x73, 0x58, 0x72, 0xE9, 0xE2, 0xD6, 0x69, 0x75, 0xF0, 0x7C, 0x13,
    0x7E, 0xB6, 0x09, 0xF5, 0x34, 0xD2, 0x6D, 0xA8, 0x5B, 0x7F, 0x5A, 0xA8, 0xD5, 0xCD, 0x6E, 0x61,
    0xE4, 0x56, 0x1D, 0x69, 0x10, 0x8F, 0x51, 0x0C, 0xD3, 0x05, 0xA0, 0xB3, 0x7A, 0x0C, 0xFF, 0x3F,
    0x40, 0x8E, 0x2B, 0x12, 0x1D, 0x44, 0x28, 0x0D, 0x02, 0xB6, 0x19, 0xFC, 0x06, 0x05, 0x40, 0x11,
    0xA9, 0x95, 0xD9, 0x5A, 0xCD, 0xD8, 0x89, 0x62, 0x26, 0x8A, 0x72, 0x96, 0xE5, 0x91, 0x6C, 0x90,
    0x78, 0xDF, 0xA7, 0x93, 0x2F, 0x96, 0x85, 0x2F, 0xA7, 0xAA, 0x0F, 0x8D, 0x78, 0x7A, 0x80, 0x01,
    0xF0, 0xC4, 0x2A, 0x19, 0x83, 0x9F, 0x62, 0xA1, 0xFF, 0x6B, 0x3E, 0xFD, 0x0B, 0x9B, 0x76, 0x3F,
    0x4B, 0xC9, 0x6A, 0x78, 0x67, 0x44, 0x27, 0xB4, 0x5B, 0xD7, 0x39, 0xC5, 0xB1, 0xAF, 0x4B, 0x2C,
    0x7B, 0x35, 0x9C, 0x59, 0x7C, 0x72, 0x10, 0xF4, 0x9C, 0xA7, 0x71, 0x56, 0xFA, 0xA1, 0x33, 0x3A,
    0xBE, 0x81, 0x8A, 0xF7, 0xA5, 0x7D, 0x57, 0x93, 0x77, 0x6F, 0x8E, 0xE7, 0x95, 0x5B, 0x57, 0x68,
    0xDB, 0xC1, 0xBE, 0x7B, 0xB8, 0x56, 0x6E, 0x63, 0xCD, 0xB6, 0xE5, 0x80, 0x30, 0x71, 0x08, 0xDF,
    0x7B, 0x72, 0x6C, 0x5A, 0xC0, 0x00, 0xDC, 0xF2, 0xFF, 0xCC, 0x84, 0xE9, 0xFC, 0x7F, 0x35, 0x2D,
    0x54, 0xFF, 0xAE, 0xDD, 0x57, 0xC5, 0xB5, 0x78, 0xDC, 0x6B, 0x4D, 0x7B, 0xAD, 0x13, 0x36, 0xB5,
    0x26, 0x6A, 0x02, 0x2C, 0x42, 0x51, 0x9A, 0x41, 0x61, 0xB6, 0x4B, 0x8C, 0xB7, 0x8C, 0x3D, 0xA1,
    0x63, 0xF1, 0x4F, 0x82, 0x36, 0x4A, 0x5B, 0x56, 0x3A, 0x93, 0x70, 0x84, 0x13, 0x0F, 0x5A, 0x70,
    0x1C, 0x8E, 0x25, 0xDE, 0x06, 0xA8, 0x1C, 0x4B, 0x18, 0xC1, 0x9B, 0xFA, 0xA2, 0x3C, 0x9D, 0x29,
    0x46, 0xDF, 0x68, 0xF5, 0xC5, 0xB6, 0x4D, 0xA3, 0xCC, 0xA9, 0xCD, 0xA3, 0x0D, 0xBA, 0x67, 0xEF,
    0x7F, 0xB4, 0x41, 0xF7, 0x47, 0x66, 0x83, 0xEE, 0x9D, 0x2E, 0x81, 0xCB, 0x45, 0x0C, 0x5C, 0xF6,
    0xCB, 0x06, 0x17, 0xC7, 0x47, 0x79, 0x01, 0x07, 0x81, 0xA7, 0xC3, 0xD8, 0xC9, 0x47, 0xBF, 0x77,
    0x5C, 0x94, 0x74, 0x91, 0xE4, 0xCA, 0xFC, 0x6E, 0x62, 0xFD, 0x3D, 0xC5, 0xE6, 0x77, 0x4F, 0xEB,
    0xEF, 0x89, 0x26, 0x9A, 0x91, 0x76, 0x5D, 0x38, 0x4B, 0x9B, 0xF1, 0x9E, 0x25, 0x2B, 0xE3, 0x34,
    0xFD, 0xF9, 0x34, 0x19, 0x17, 0xA7, 0x2F, 0x76, 0xC7, 0x73, 0x74, 0x89, 0x0D, 0x52, 0x15, 0x0D,
    0xBA, 0x6D, 0xFE, 0x04, 0xCD, 0x8A, 0xAC, 0x4A, 0xDA, 0xF4, 0x82, 0x2E, 0xC9, 0xA8, 0x20, 0xB3,
    0x79, 0x42, 0x2E, 0x6A, 0x8E, 0x8B, 0x76, 0x5E, 0xDC, 0x3F, 0x19, 0xEF, 0xE5, 0xC6, 0x30, 0x9F,
    0x89, 0x41, 0x2C, 0x38, 0x9B, 0x32, 0x90, 0xD9, 0xB3, 0xA8, 0x9A, 0xEE, 0x5C, 0x0D, 0xCF, 0xDE,
    0xEC, 0xB9, 0x1E, 0x9E, 0x4D, 0xCE, 0xD4, 0x40, 0xA6, 0x33, 0x73, 0xB6, 0xF9, 0x81, 0x76, 0x46,
    0x64, 0x0D, 0x62, 0x99, 0x3A, 0x49, 0xB3, 0x60, 0xCD, 0x2E, 0x9C, 0x32, 0x9B, 0x65, 0x4F, 0x8D,
    0xAB, 0x32, 0x7E, 0x90, 0xCF, 0x15, 0x6D, 0xD4, 0x1D, 0x27, 0x15, 0xD1, 0xFA, 0x5C, 0x30, 0x5E,
    0x13, 0xF3, 0xC0, 0x9C, 0x99, 0xE2, 0xDD, 0x79, 0x5B, 0xCE, 0x97, 0x64, 0xCE, 0x32, 0x09, 0x1D,
    0xA1, 0xC4, 0x60, 0x3D, 0x1D, 0xCA, 0x70, 0x41, 0x1E, 0xDD, 0x9B, 0x98, 0x8F, 0xA6, 0x19, 0x68,
    0x25, 0x5D, 0x5D, 0xF7, 0xE3, 0x35, 0x5D, 0xB1, 0xE0, 0xC3, 0xC0, 0x01, 0x8D, 0xDB, 0xF8, 0x4D,
    0x38, 0x8D, 0xA6, 0x1B, 0xD3, 0x67, 0xAF, 0xD3, 0xBE, 0x26, 0x97, 0x41, 0x2C, 0xF9, 0xA7, 0xBF,
    0x3D, 0x4E, 0xD8, 0xFB, 0x39, 0xAE, 0x2E, 0x03, 0xC6, 0x37, 0x41, 0xC5, 0xF3, 0x86, 0x61, 0x24,
    0x34, 0x12, 0x3C, 0xF3, 0x2A, 0xE5, 0x35, 0xEE, 0x5E, 0xB4, 0xB1, 0x9C, 0xBC, 0x90, 0x67, 0x91,
    0x63, 0x89, 0x6B, 0x27, 0x12, 0x00, 0xEB, 0xBF, 0xAE, 0xCB, 0xEB, 0xB2, 0xC4, 0x05, 0x32, 0x41,
    0x08, 0x84, 0x65, 0x1C, 0x2E, 0xB8, 0x17, 0x08, 0x33, 0xC9, 0x3B, 0x7A, 0x54, 0xFC, 0x10, 0x5E,
    0x79, 0x31, 0xBA, 0xD4, 0xFF, 0x3F, 0x6D, 0xF1, 0x8E, 0x22, 0xFB, 0x06, 0x0D, 0x35, 0x74, 0x5A,
    0x32, 0xDC, 0x65, 0x11, 0xF7, 0x79, 0xD6, 0x25, 0xD6, 0x7E, 0x78, 0x40, 0x07, 0xAC, 0x2E, 0x8C,
    0x44, 0x04, 0xD6, 0x45, 0x2C, 0x66, 0x5F, 0x97, 0x44, 0x38, 0xFA, 0xAF, 0x4D, 0x79, 0x9D, 0x93,
    0x57, 0xD4, 0x7B, 0x85, 0xFB, 0xBC, 0x70, 0x31, 0x1A, 0xBE, 0xFC, 0xDE, 0x0B, 0xCD, 0xEA, 0x5E,
    0x39, 0x0A, 0xC5, 0x16, 0xB0, 0xFC, 0x92, 0xD0, 0x97, 0x16, 0x3C, 0xA1, 0x89, 0x89, 0x56, 0x79,
    0x1D, 0x8C, 0x0B, 0x5D, 0x87, 0x79, 0xF6, 0xE3, 0x2A, 0xC2, 0x91, 0x9F, 0x43, 0x5D, 0xB5, 0x89,
    0x17, 0xDC, 0xB4, 0xF0, 0xD9, 0x1D, 0xCE, 0x29, 0x53, 0x07, 0x12, 0xD9, 0x43, 0x38, 0x3C, 0xF0,
    0x4E, 0x5E, 0x78, 0xF0, 0x87, 0x07, 0xAE, 0x3B, 0xCA, 0x17, 0x1D, 0xEC, 0x47, 0x7A, 0x45, 0x59,
    0xB8, 0x5C, 0xA3, 0xC0, 0x99, 0xA8, 0x28, 0xA8, 0x16, 0x7D, 0xA6, 0x01, 0x05, 0x06, 0xC4, 0xBE,
    0x85, 0x5E, 0x62, 0x03, 0x6C, 0x57, 0x67, 0x3F, 0x2D, 0xC6, 0xC5, 0xC8, 0x49, 0x75, 0x3F, 0xD5,
    0x86, 0x46, 0x01, 0x6A, 0x07, 0xE3, 0xD6, 0x67, 0x5F, 0x00, 0x76, 0xD8, 0x45, 0x9F, 0xAE, 0xF5,
    0x74, 0x0E, 0x53, 0xA4, 0x9B, 0x42, 0x4F, 0xE1, 0x10, 0xE9, 0xB7, 0x9A, 0x8B, 0x9E, 0x1E, 0xEF,
    0x8A, 0x38, 0xAD, 0xF4, 0xEE, 0xEF, 0x97, 0x7D, 0x15, 0x2E, 0x1A, 0x46, 0x22, 0x97, 0xC0, 0x8A,
    0x8F, 0xAA, 0x1E, 0xFA, 0x89, 0xFD, 0x82, 0xB7, 0x4D, 0xC9, 0xD7, 0xA0, 0x21, 0x69, 0xD6, 0x82,
    0x19, 0xD3, 0x25, 0xE1, 0xA2, 0xAA, 0x38, 0x25, 0x53, 0x32, 0xE2, 0xD2, 0xE1, 0x30, 0xDD, 0x66,
    0x45, 0xCB, 0xA7, 0xF4, 0x12, 0x53, 0x90, 0x3D, 0x2A, 0x96, 0xBF, 0x73, 0x6C, 0x2A, 0xEC, 0x92,
    0xBA, 0x02, 0x29, 0x8C, 0xA6, 0xA0, 0x11, 0xC7, 0xEC, 0x58, 0xE5, 0xE4, 0x58, 0x4D, 0x3B, 0xC7,
    0x2A, 0x90, 0xD2, 0xA8, 0xA5, 0x01, 0x08, 0x0A, 0x46, 0x89, 0x6B, 0x28, 0x27, 0xF9, 0x87, 0x05,
    0xCE, 0x82, 0xA5, 0xF4, 0x61, 0xAF, 0x68, 0x8B, 0x0C, 0x90, 0x94, 0x54, 0x33, 0x59, 0xEA, 0xB1,
    0xE6, 0xDA, 0xA3, 0x96, 0x27, 0xBC, 0x7A, 0x84, 0x6F, 0x72, 0x86, 0xF1, 0x71, 0x9D, 0xE3, 0x50,
    0x7C, 0x2A, 0xC5, 0x47, 0x94, 0xD3, 0x75, 0x8E, 0xF0, 0x5D, 0x66, 0x12, 0x64, 0x1C, 0xB4, 0x25,
    0x78, 0x69, 0x18, 0x5D, 0x6A, 0x04, 0x97, 0x2B, 0xA0, 0xAE, 0x7C, 0x0E, 0x55, 0x19, 0x68, 0x89,
    0xD9, 0x13, 0x72, 0xFE, 0x8A, 0xEC, 0xE5, 0xD4, 0xAB, 0x82, 0x26, 0x6C, 0x82, 0x49, 0xCF, 0x3F,
    0x37, 0xFB, 0x26, 0xBD, 0x4A, 0x1E, 0xD8, 0x6E, 0xD6, 0xC8, 0xBE, 0x49, 0xAB, 0x24, 0xE8, 0xC3,
    0x4D, 0x90, 0x66, 0x1F, 0x8B, 0xB6, 0xC2, 0x48, 0x0F, 0xB9, 0x81, 0xB4, 0x79, 0x7C, 0x90, 0xDB,
    0x42, 0xDF, 0x4F, 0x9B, 0x40, 0xDE, 0x6F, 0x5B, 0x38, 0xF6, 0xA3, 0xFA, 0x47, 0xDB, 0x66, 0xDF,
    0x4F, 0xDB, 0x66, 0x1F, 0xCD, 0xCD, 0x82, 0xF9, 0x7A, 0xCE, 0x98, 0x95, 0x76, 0xEF, 0x0F, 0x6D,
    0x9C, 0x1F, 0x69, 0xF8, 0x8D, 0x50, 0xCB, 0xA9, 0x1E, 0x53, 0x1F, 0xC6, 0x59, 0xDF, 0x2F, 0x6A,
    0x27, 0x1B, 0x59, 0x35, 0x99, 0xC9, 0x3E, 0x8D, 0x24, 0x48, 0xCA, 0xB5, 0x2F, 0xAD, 0xE4, 0xE0,
    0x76, 0x4F, 0x0F, 0xB3, 0x24, 0xBC, 0x53, 0x92, 0xD9, 0x80, 0x9C, 0xB7, 0x41, 0x8D, 0x11, 0x2E,
    0xE3, 0x06, 0xBD, 0xBC, 0x68, 0x2E, 0x8A, 0x38, 0x88, 0xA5, 0xFD, 0x8F, 0xC4, 0xD2, 0x96, 0x86,
    0xA5, 0x19, 0xD6, 0x7B, 0x47, 0xCD, 0x89, 0x63, 0x25, 0xFB, 0x17, 0x50, 0xE8, 0x6C, 0xC1, 0xE3,
    0x59, 0x5D, 0xD1, 0xFB, 0x69, 0xD1, 0x51, 0x97, 0xD9, 0x4A, 0xD9, 0xAD, 0xA6, 0xC8, 0x0E, 0xD8,
    0x85, 0x84, 0xD0, 0x70, 0xA6, 0xB4, 0x0A, 0x9E, 0xB5, 0xBC, 0x8F, 0x54, 0x82, 0x33, 0xB9, 0x8F,
    0xE8, 0x79, 0x20, 0x32, 0xD3, 0x79, 0xC2, 0x67, 0xC4, 0x4A, 0x3C, 0x67, 0x9A, 0x1D, 0xF7, 0x4D,
    0xA0, 0x32, 0x9E, 0xD7, 0x92, 0x92, 0xAD, 0xD3, 0xA8, 0xE2, 0x33, 0x18, 0x3B, 0x94, 0x48, 0xF3,
    0x5A, 0xD1, 0xE4, 0x3A, 0x0D, 0xC5, 0x7D, 0x90, 0xA5, 0xCE, 0xD5, 0xA6, 0xB8, 0xBC, 0x1B, 0x12,
    0x2B, 0x68, 0x86, 0x41, 0x0C, 0xA9, 0x3D, 0xB1, 0x5E, 0xAE, 0x89, 0x41, 0x08, 0xDB, 0xF9, 0x13,
    0x9E, 0x9A, 0x68, 0xCC, 0x3A, 0xA1, 0xF8, 0x6F, 0x13, 0xC6, 0x6E, 0x25, 0x23, 0x2C, 0xAE, 0x2C,
    0xFB, 0xFB, 0x51, 0xBF, 0xD6, 0xB7, 0x0B, 0x6A, 0x3F, 0xD2, 0x19, 0xD4, 0x76, 0x6A, 0x40, 0x33,
    0x3A, 0x9C, 0x18, 0x23, 0x3A, 0x93, 0x0E, 0xDA, 0x30, 0x69, 0x11, 0xA0, 0x35, 0xE5, 0xDE, 0xD2,
    0xA1, 0xAE, 0xED, 0x3C, 0x60, 0xAB, 0xB7, 0xC8, 0x04, 0x23, 0x23, 0x8E, 0x5C, 0x30, 0xF2, 0x77,
    0x29, 0x97, 0x45, 0x0B, 0xB8, 0x7D, 0x94, 0x4E, 0x6A, 0x79, 0xD8, 0x41, 0x32, 0x86, 0x28, 0xAE,
    0x10, 0xF0, 0x3A, 0xDB, 0xD6, 0x18, 0x48, 0xC8, 0xB8, 0xDC, 0xC2, 0xFF, 0x23, 0xC5, 0x2D, 0x70,
    0xAD, 0xC4, 0xA6, 0x8A, 0x30, 0xD5, 0xC5, 0xEA, 0xF6, 0xE7, 0x8D, 0xB4, 0xDC, 0x1F, 0xB4, 0x76,
    0x15, 0x62, 0x66, 0x5B, 0x49, 0x6E, 0x5A, 0xE1, 0xC8, 0xD6, 0x33, 0x8F, 0x4C, 0x0E, 0xC7, 0x2B,
    0xE7, 0x5B, 0xEE, 0xD8, 0x84, 0x23, 0x9C, 0x71, 0x68, 0xA2, 0xA6, 0xE3, 0xC8, 0xA4, 0x33, 0xC7,
    0xE7, 0x0C, 0xE0, 0x8D, 0x37, 0x4C, 0x6C, 0xA3, 0xDC, 0x35, 0x64, 0x1C, 0xD5, 0xE6, 0x3F, 0x15,
    0x79, 0x55, 0xB8, 0x67, 0x20, 0x33, 0x90, 0x60, 0x51, 0x3C, 0x32, 0x59, 0x4D, 0xF0, 0x2A, 0xF9,
    0x3D, 0x24, 0xCD, 0xA9, 0x0A, 0xB7, 0x88, 0xCB, 0xB8, 0x9F, 0xD1, 0xAD, 0x2B, 0x12, 0xAA, 0xF1,
    0x24, 0x39, 0x45, 0x34, 0x98, 0xD8, 0xC0, 0x4E, 0xDA, 0xA7, 0xBA, 0x6C, 0x25, 0xF1, 0xF8, 0x0B,
    0x5C, 0x2E, 0xE5, 0x48, 0x88, 0xA7, 0x1F, 0xF9, 0x90, 0x68, 0xD2, 0x99, 0x7E, 0x5C, 0x7E, 0x64,
    0x24, 0x84, 0x05, 0x44, 0xE4, 0x43, 0xC4, 0x43, 0xA4, 0x43, 0x84, 0x43, 0x64, 0xC3, 0x88, 0x86,
    0x48, 0x86, 0x08, 0x86, 0xC8, 0x85, 0x88, 0x85, 0x48, 0x85, 0x11, 0x0A, 0x91, 0x09, 0x11, 0x09,
    0x23, 0x11, 0x22, 0x10, 0x22, 0x0F, 0x22, 0x0E, 0x22, 0x0D, 0x46, 0x18, 0x84, 0x48, 0x22, 0x0A,
    0x22, 0x09, 0x22, 0x08, 0x2C, 0x07, 0x22, 0x06, 0x22, 0x05, 0x2C, 0x04, 0x22, 0x03, 0x22, 0x02,
    0x22, 0x01, 0x7D, 0x01, 0xB0, 0x61, 0x5D, 0xBB, 0x6F, 0xE0, 0x9A, 0xF9, 0x7F, 0x3E, 0x6B, 0xC6,
    0xFB, 0xC9, 0x8C, 0xE6, 0x8B, 0x4D, 0x80, 0xC0, 0xEE, 0xE1, 0xF8, 0x88, 0x21, 0x20, 0xD3, 0xD0,
    0xEE, 0xFF, 0x77, 0xB5, 0x5F, 0xD1, 0x37, 0x36, 0x31, 0x9B, 0xA9, 0x04, 0x1F, 0xA8, 0x18, 0xDD,
    0x9B, 0xC8, 0x3F, 0x58, 0xA2, 0x64, 0x28, 0x12, 0x8F, 0xE2, 0x11, 0x85, 0x29, 0xD9, 0xC3, 0x34,
    0x2D, 0x35, 0x70, 0xBD, 0x01, 0x35, 0xD0, 0xA9, 0xA5, 0x46, 0x88, 0x85, 0x0B, 0x8D, 0x44, 0x01,
    0xC9, 0xC1, 0x72, 0xF7, 0x34, 0x37, 0xD4, 0xD5, 0x2C, 0x97, 0x04, 0x4B, 0x34, 0x92, 0x46, 0x38,
    0x96, 0x86, 0x57, 0x49, 0xD5, 0x89, 0x5B, 0x99, 0xB2, 0x93, 0x7A, 0xAE, 0x71, 0xCD, 0x2C, 0xC9,
    0xB8, 0xE8, 0xDD, 0x64, 0xBE, 0x5A, 0xF3, 0x5F, 0x63, 0x7E, 0x59, 0x0B, 0xFE, 0x49, 0x1A, 0xE1,
    0x93, 0xCC, 0x2E, 0x8F, 0xC7, 0x12, 0xFE, 0xFF, 0xD4, 0x86, 0xC9, 0x08, 0x37, 0x1E, 0x5B, 0x9C,
    0xEE, 0xC4, 0x95, 0x4A, 0x7F, 0x70, 0xCB, 0xA7, 0xE2, 0xC0, 0x50, 0x18, 0x15, 0x87, 0xBF, 0xD2,
    0x00, 0xE9, 0xA2, 0x96, 0xD9, 0xFD, 0x5B, 0xDD, 0x3E, 0x21, 0x92, 0x63, 0xB2, 0x6B, 0x36, 0xB6,
    0xE6, 0xD0, 0x9C, 0xFF, 0x55, 0x44, 0xB5, 0x4A, 0x5A, 0xF6, 0x22, 0x61, 0xCA, 0x75, 0x3A, 0x6A,
    0x3E, 0x62, 0x48, 0xA2, 0xC6, 0x80, 0xB5, 0x57, 0x23, 0xB3, 0xB8, 0x35, 0xDE, 0x13, 0x8E, 0x48,
    0xD7, 0x3A, 0xD6, 0x78, 0xC4, 0xCD, 0xAF, 0xDD, 0x2A, 0x44, 0x77, 0xB6, 0x3A, 0x1E, 0x62, 0x02,
    0x12, 0x4D, 0x68, 0x17, 0xFF, 0x7D, 0x02, 0x31, 0x04, 0xB8, 0x18, 0x25, 0xD6, 0x94, 0x78, 0xC4,
    0xB1, 0x3E, 0x31, 0x2C, 0x8A, 0x8C, 0xA7, 0x99, 0x5D, 0x8B, 0x2E, 0xC8, 0x23, 0xFF, 0xD8, 0x49,
    0xCC, 0xEA, 0xDC, 0x18, 0xF8, 0x4E, 0x1B, 0x51, 0xA0, 0x06, 0x99, 0x3D, 0xFE, 0x05, 0x42, 0xA8,
    0x75, 0x11, 0x53, 0x4E, 0xC8, 0x2F, 0x5E, 0x9C, 0x7B, 0x4D, 0xD9, 0x2C, 0xFF, 0xB1, 0x87, 0x59,
    0xF7, 0xA5, 0xD6, 0x68, 0x67, 0x47, 0x43, 0xF6, 0x68, 0x48, 0x87, 0x08, 0xDE, 0x21, 0x71, 0x39,
    0x8B, 0xC3, 0x14, 0xA0, 0x31, 0x28, 0x6C, 0x41, 0xD8, 0x62, 0xB0, 0x85, 0x60, 0x8B, 0xC0, 0x16,
    0x80, 0x3B, 0xFC, 0xB5, 0xF0, 0x6B, 0xD1, 0xD7, 0x82, 0xAF, 0xC5, 0x5E, 0x0B, 0xBD, 0x3D, 0xE4,
    0xB5, 0xC0, 0x6B, 0x71, 0xD7, 0xC2, 0xAE, 0x45, 0x5D, 0x0B, 0xB5, 0xB6, 0x61, 0x21, 0xB7, 0x43,
    0x5C, 0x0B, 0xB8, 0x16, 0x6F, 0x2D, 0xDC, 0x5A, 0xB4, 0xB5, 0x60, 0x6B, 0xB1, 0xD6, 0x42, 0xAD,
    0x45, 0x5A, 0x03, 0xB4, 0x8C, 0xB3, 0x16, 0x66, 0x2D, 0xCA, 0x76, 0x20, 0x6B, 0x31, 0xD6, 0x40,
    0xEC, 0x6D, 0x1F, 0x66, 0xEB, 0x37, 0xBB, 0x17, 0xDC, 0xF1, 0x87, 0xAD, 0xF5, 0x92, 0x9A, 0xB8,
    0xB9, 0x89, 0x6D, 0xEA, 0x81, 0x87, 0x68, 0x67, 0x53, 0xCD, 0xEC, 0xBE, 0xFD, 0x11, 0xE7, 0xF9,
    0x23, 0x8E, 0xFD, 0x4D, 0x73, 0xEC, 0xFF, 0x03,
};

static const EpdGlyph neirizi_18_regularGlyphs[] = {
    { 0, 0, 41, 0, 0, 0, 0 }, // U+0020
    { 4, 19, 142, 4, 19, 19, 0 }, // !
    { 8, 9, 185, 2, 28, 18, 19 }, // "
    { 18, 26, 311, 1, 26, 117, 37 }, // %
    { 4, 9, 149, 3, 28, 9, 154 }, // '
    { 11, 34, 248, 2, 30, 94, 163 }, // (
    { 11, 34, 248, 2, 30, 94, 257 }, // )
    { 13, 13, 227, 1, 22, 43, 351 }, // *
    { 14, 14, 247, 1, 14, 49, 394 }, // +
    { 14, 3, 199, -1, 3, 11, 443 }, // -
    { 6, 7, 146, 3, 6, 11, 454 }, // .
    { 10, 24, 190, 1, 21, 60, 465 }, // /
    { 5, 17, 220, 7, 17, 22, 525 }, // :
    { 6, 20, 232, 7, 20, 30, 547 }, // ;
    { 17, 16, 307, 1, 17, 68, 577 }, // <
    { 14, 10, 280, 2, 14, 35, 645 }, // =
    { 17, 16, 310, 2, 17, 68, 680 }, // >
    { 11, 26, 373, 10, 25, 72, 748 }, // ?
    { 8, 31, 200, 3, 28, 62, 820 }, // [
    { 9, 20, 168, 1, 16, 45, 882 }, // <backslash>
    { 8, 31, 187, 3, 28, 62, 927 }, // ]
    { 15, 3, 215, -1, -2, 12, 989 }, // _
    { 14, 34, 279, 2, 27, 119, 1001 }, // {
    { 3, 29, 159, 4, 22, 22, 1120 }, // |
    { 13, 34, 288, 2, 27, 111, 1142 }, // }
    { 7, 17, 250, 7, 16, 30, 0 }, // U+060C
    { 6, 23, 250, 7, 23, 35, 30 }, // U+061B
    { 14, 32, 277, 2, 32, 112, 65 }, // U+061F
    { 13, 13, 305, 5, 12, 43, 177 }, // U+0621
    { 22, 45, 250, -4, 44, 248, 220 }, // U+0622
    { 9, 45, 135, 0, 44, 102, 468 }, // U+0623
    { 22, 35, 311, -3, 25, 193, 570 }, // U+0624
    { 9, 48, 135, 2, 36, 108, 763 }, // U+0625
    { 33, 34, 557, 2, 25, 281, 871 }, // U+0626
    { 6, 37, 135, 2, 36, 56, 1152 }, // U+0627
    { 37, 27, 616, 2, 14, 250, 1208 }, // U+0628
    { 12, 26, 223, 1, 25, 78, 1458 }, // U+0629
    { 37, 23, 616, 2, 21, 213, 1536 }, // U+062A
    { 37, 30, 616, 2, 28, 278, 1749 }, // U+062B
    { 29, 37, 483, 2, 15, 269, 2027 }, // U+062C
    { 29, 37, 483, 2, 15, 269, 2296 }, // U+062D
    { 29, 47, 483, 2, 25, 341, 2565 }, // U+062E
    { 18, 18, 310, 2, 18, 81, 2906 }, // U+062F
    { 18, 30, 310, 2, 30, 135, 2987 }, // U+0630
    { 21, 22, 291, -3, 11, 116, 3122 }, // U+0631
    { 21, 33, 291, -3, 22, 174, 3238 }, // U+0632
    { 38, 28, 631, 1, 11, 266, 3412 }, // U+0633
    { 38, 43, 631, 1, 26, 409, 3678 }, // U+0634
    { 47, 28, 757, 1, 13, 329, 4087 }, // U+0635
    { 47, 39, 757, 1, 24, 459, 4416 }, // U+0636
    { 32, 37, 525, 1, 36, 296, 4875 }, // U+0637
    { 32, 37, 525, 1, 36, 296, 5171 }, // U+0638
    { 32, 42, 469, 2, 20, 336, 5467 }, // U+0639
    { 32, 53, 469, 2, 31, 424, 5803 }, // U+063A
    { 7, 5, 77, -1, 5, 9, 6227 }, // U+0640
    { 38, 29, 637, 2, 29, 276, 6236 }, // U+0641
    { 27, 38, 453, 2, 27, 257, 6512 }, // U+0642
    { 28, 36, 483, 2, 36, 252, 6769 }, // U+0643
    { 24, 46, 391, 1, 36, 276, 7021 }, // U+0644
    { 16, 43, 287, 2, 16, 172, 7297 }, // U+0645
    { 25, 29, 433, 2, 17, 182, 7469 }, // U+0646
    { 11, 16, 223, 2, 15, 44, 7651 }, // U+0647
    { 22, 24, 311, -3, 14, 132, 7695 }, // U+0648
    { 33, 28, 557, 2, 19, 231, 7827 }, // U+0649
    { 33, 38, 557, 2, 19, 314, 8058 }, // U+064A
    { 12, 11, 0, -14, 34, 33, 8372 }, // U+064B
    { 11, 16, 0, -13, 34, 44, 8405 }, // U+064C
    { 12, 12, 0, -14, -2, 36, 8449 }, // U+064D
    { 12, 7, 0, -14, 34, 21, 8485 }, // U+064E
    { 9, 11, 0, -11, 34, 25, 8506 }, // U+064F
    { 12, 8, 0, -14, -2, 24, 8531 }, // U+0650
    { 9, 7, 0, -11, 34, 16, 8555 }, // U+0651
    { 7, 7, 0, -9, 34, 13, 8571 }, // U+0652
    { 22, 7, 347, -24, 34, 39, 8584 }, // U+0653
    { 8, 9, 150, -10, 34, 18, 8623 }, // U+0654
    { 9, 9, 150, -11, -2, 21, 8641 }, // U+0655
    { 5, 14, 0, -7, -2, 18, 8662 }, // U+0656
    { 8, 8, 159, 1, 16, 16, 8680 }, // U+0660
    { 8, 26, 190, 2, 26, 52, 8696 }, // U+0661
    { 16, 26, 323, 2, 26, 104, 8748 }, // U+0662
    { 20, 27, 337, 1, 27, 135, 8852 }, // U+0663
    { 18, 27, 333, 1, 27, 122, 8987 }, // U+0664
    { 14, 20, 274, 2, 23, 70, 9109 }, // U+0665
    { 18, 24, 348, 3, 24, 108, 9179 }, // U+0666
    { 20, 26, 346, 2, 26, 130, 9287 }, // U+0667
    { 20, 26, 357, 2, 26, 130, 9417 }, // U+0668
    { 14, 27, 268, 2, 27, 95, 9547 }, // U+0669
    { 18, 26, 310, 1, 26, 117, 9642 }, // U+066A
    { 15, 20, 289, 2, 10, 75, 9759 }, // U+066B
    { 4, 8, 103, 2, 18, 8, 9834 }, // U+066C
    { 19, 19, 328, 1, 22, 91, 9842 }, // U+066D
    { 5, 14, 0, -7, 34, 18, 9933 }, // U+0670
    { 9, 42, 135, -1, 41, 95, 9951 }, // U+0671
    { 0, 0, 116, 0, 0, 0, 10046 }, // U+0672
    { 0, 0, 145, 0, 0, 0, 10046 }, // U+0673
    { 9, 45, 136, 0, 44, 102, 10046 }, // U+0675
    { 22, 35, 311, -3, 25, 193, 10148 }, // U+0676
    { 0, 0, 227, 0, 0, 0, 10341 }, // U+0677
    { 33, 37, 435, 2, 28, 306, 10341 }, // U+0678
    { 0, 0, 459, 0, 0, 0, 10647 }, // U+0679
    { 0, 0, 459, 0, 0, 0, 10647 }, // U+067A
    { 0, 0, 459, 0, 0, 0, 10647 }, // U+067B
    { 0, 0, 459, 0, 0, 0, 10647 }, // U+067C
    { 0, 0, 459, 0, 0, 0, 10647 }, // U+067D
    { 37, 32, 616, 2, 14, 296, 10647 }, // U+067E
    { 0, 0, 459, 0, 0, 0, 10943 }, // U+067F
    { 0, 0, 459, 0, 0, 0, 10943 }, // U+0680
    { 0, 0, 383, 0, 0, 0, 10943 }, // U+0681
    { 0, 0, 383, 0, 0, 0, 10943 }, // U+0682
    { 0, 0, 383, 0, 0, 0, 10943 }, // U+0683
    { 0, 0, 383, 0, 0, 0, 10943 }, // U+0684
    { 0, 0, 383, 0, 0, 0, 10943 }, // U+0685
    { 29, 37, 483, 2, 15, 269, 10943 }, // U+0686
    { 0, 0, 383, 0, 0, 0, 11212 }, // U+0687
    { 0, 0, 247, 0, 0, 0, 11212 }, // U+0688
    { 0, 0, 257, 0, 0, 0, 11212 }, // U+0689
    { 0, 0, 257, 0, 0, 0, 11212 }, // U+068A
    { 0, 0, 257, 0, 0, 0, 11212 }, // U+068B
    { 0, 0, 257, 0, 0, 0, 11212 }, // U+068C
    { 0, 0, 257, 0, 0, 0, 11212 }, // U+068E
    { 0, 0, 257, 0, 0, 0, 11212 }, // U+068F
    { 0, 0, 247, 0, 0, 0, 11212 }, // U+0690
    { 0, 0, 242, 0, 0, 0, 11212 }, // U+0691
    { 0, 0, 243, 0, 0, 0, 11212 }, // U+0693
    { 0, 0, 243, 0, 0, 0, 11212 }, // U+0694
    { 0, 0, 243, 0, 0, 0, 11212 }, // U+0695
    { 0, 0, 243, 0, 0, 0, 11212 }, // U+0696
    { 0, 0, 242, 0, 0, 0, 11212 }, // U+0697
    { 21, 38, 291, -3, 27, 200, 11212 }, // U+0698
    { 0, 0, 242, 0, 0, 0, 11412 }, // U+0699
    { 0, 0, 591, 0, 0, 0, 11412 }, // U+069A
    { 0, 0, 591, 0, 0, 0, 11412 }, // U+069B
    { 0, 0, 591, 0, 0, 0, 11412 }, // U+069C
    { 0, 0, 657, 0, 0, 0, 11412 }, // U+069D
    { 0, 0, 657, 0, 0, 0, 11412 }, // U+069E
    { 0, 0, 446, 0, 0, 0, 11412 }, // U+069F
    { 0, 0, 380, 0, 0, 0, 11412 }, // U+06A0
    { 0, 0, 637, 0, 0, 0, 11412 }, // U+06A1
    { 0, 0, 451, 0, 0, 0, 11412 }, // U+06A2
    { 0, 0, 451, 0, 0, 0, 11412 }, // U+06A3
    { 0, 0, 637, 0, 0, 0, 11412 }, // U+06A4
    { 0, 0, 451, 0, 0, 0, 11412 }, // U+06A5
    { 0, 0, 451, 0, 0, 0, 11412 }, // U+06A6
    { 0, 0, 387, 0, 0, 0, 11412 }, // U+06A7
    { 0, 0, 387, 0, 0, 0, 11412 }, // U+06A8
    { 58, 46, 653, 2, 44, 667, 11412 }, // U+06A9
    { 0, 0, 697, 0, 0, 0, 12079 }, // U+06AA
    { 0, 0, 473, 0, 0, 0, 12079 }, // U+06AB
    { 0, 0, 415, 0, 0, 0, 12079 }, // U+06AC
    { 0, 0, 415, 0, 0, 0, 12079 }, // U+06AD
    { 0, 0, 415, 0, 0, 0, 12079 }, // U+06AE
    { 58, 50, 653, 2, 48, 725, 12079 }, // U+06AF
    { 0, 0, 478, 0, 0, 0, 12804 }, // U+06B0
    { 0, 0, 460, 0, 0, 0, 12804 }, // U+06B1
    { 0, 0, 460, 0, 0, 0, 12804 }, // U+06B2
    { 0, 0, 460, 0, 0, 0, 12804 }, // U+06B3
    { 0, 0, 460, 0, 0, 0, 12804 }, // U+06B4
    { 0, 0, 331, 0, 0, 0, 12804 }, // U+06B5
    { 0, 0, 331, 0, 0, 0, 12804 }, // U+06B6
    { 0, 0, 331, 0, 0, 0, 12804 }, // U+06B7
    { 0, 0, 331, 0, 0, 0, 12804 }, // U+06B8
    { 0, 0, 260, 0, 0, 0, 12804 }, // U+06B9
    { 0, 0, 368, 0, 0, 0, 12804 }, // U+06BA
    { 0, 0, 368, 0, 0, 0, 12804 }, // U+06BB
    { 6, 7, 265, 4, -4, 11, 12804 }, // U+06BC
    { 0, 0, 368, 0, 0, 0, 12815 }, // U+06BD
    { 20, 21, 294, -1, 21, 105, 12815 }, // U+06BE
    { 0, 0, 386, 0, 0, 0, 12920 }, // U+06BF
    { 11, 27, 223, 2, 26, 75, 12920 }, // U+06C0
    { 0, 0, 293, 0, 0, 0, 12995 }, // U+06C1
    { 9, 9, 293, 5, 29, 21, 12995 }, // U+06C2
    { 0, 0, 293, 0, 0, 0, 13016 }, // U+06C3
    { 0, 0, 233, 0, 0, 0, 13016 }, // U+06C4
    { 0, 0, 232, 0, 0, 0, 13016 }, // U+06C5
    { 0, 0, 233, 0, 0, 0, 13016 }, // U+06C6
    { 0, 0, 233, 0, 0, 0, 13016 }, // U+06C8
    { 0, 0, 242, 0, 0, 0, 13016 }, // U+06C9
    { 0, 0, 233, 0, 0, 0, 13016 }, // U+06CA
    { 0, 0, 233, 0, 0, 0, 13016 }, // U+06CB
    { 33, 28, 557, 2, 19, 231, 13016 }, // U+06CC
    { 0, 0, 499, 0, 0, 0, 13247 }, // U+06CD
    { 0, 0, 435, 0, 0, 0, 13247 }, // U+06CE
    { 0, 0, 233, 0, 0, 0, 13247 }, // U+06CF
    { 0, 0, 435, 0, 0, 0, 13247 }, // U+06D0
    { 0, 0, 435, 0, 0, 0, 13247 }, // U+06D1
    { 0, 0, 446, 0, 0, 0, 13247 }, // U+06D2
    { 0, 0, 446, 0, 0, 0, 13247 }, // U+06D3
    { 9, 3, 154, 0, 3, 7, 13247 }, // U+06D4
    { 11, 16, 223, 2, 15, 44, 13254 }, // U+06D5
    { 0, 0, 0, -2, 34, 0, 13298 }, // U+06D6
    { 0, 0, 0, -2, 34, 0, 13298 }, // U+06D7
    { 0, 0, 0, -2, 34, 0, 13298 }, // U+06D8
    { 0, 0, 0, -2, 34, 0, 13298 }, // U+06D9
    { 0, 0, 0, -2, 34, 0, 13298 }, // U+06DA
    { 0, 0, 0, -2, 34, 0, 13298 }, // U+06DB
    { 0, 0, 0, -2, 34, 0, 13298 }, // U+06DC
    { 40, 40, 664, 1, 31, 400, 13298 }, // U+06DD
    { 41, 40, 650, 0, 34, 410, 13698 }, // U+06DE
    { 4, 3, 0, -6, 34, 3, 14108 }, // U+06DF
    { 0, 0, 0, -2, 34, 0, 14111 }, // U+06E0
    { 0, 0, 0, -2, 34, 0, 14111 }, // U+06E1
    { 0, 0, 0, -2, 34, 0, 14111 }, // U+06E2
    { 0, 0, 0, -2, 34, 0, 14111 }, // U+06E3
    { 8, 4, 0, -10, 34, 8, 14111 }, // U+06E4
    { 0, 0, 135, 0, 0, 0, 14119 }, // U+06E5
    { 0, 0, 227, 0, 0, 0, 14119 }, // U+06E6
    { 0, 0, 0, -2, 34, 0, 14119 }, // U+06E7
    { 11, 13, 0, -13, 34, 36, 14119 }, // U+06E8
    { 22, 31, 360, 0, 31, 171, 14155 }, // U+06E9
    { 8, 6, 0, -10, 34, 12, 14326 }, // U+06EA
    { 8, 6, 0, -10, 34, 12, 14338 }, // U+06EB
    { 0, 0, 0, -2, 34, 0, 14350 }, // U+06ED
    { 8, 8, 159, 1, 16, 16, 14350 }, // U+06F0
    { 8, 26, 190, 2, 26, 52, 14366 }, // U+06F1
    { 16, 26, 323, 2, 26, 104, 14418 }, // U+06F2
    { 20, 27, 337, 1, 27, 135, 14522 }, // U+06F3
    { 15, 27, 307, 3, 27, 102, 14657 }, // U+06F4
    { 16, 27, 307, 2, 26, 108, 14759 }, // U+06F5
    { 18, 28, 338, 2, 26, 126, 14867 }, // U+06F6
    { 20, 26, 346, 2, 26, 130, 14993 }, // U+06F7
    { 20, 26, 357, 2, 26, 130, 15123 }, // U+06F8
    { 14, 27, 268, 2, 27, 95, 15253 }, // U+06F9
    { 0, 0, 623, 0, 0, 0, 15348 }, // U+06FA
    { 0, 0, 657, 0, 0, 0, 15348 }, // U+06FB
    { 0, 0, 380, 0, 0, 0, 15348 }, // U+06FC
    { 0, 0, 269, 0, 0, 0, 15348 }, // U+06FD
    { 0, 0, 269, 0, 0, 0, 15348 }, // U+06FE
    { 9, 3, 127, 0, 5, 7, 0 }, // U+2013
    { 36, 3, 546, -1, 14, 27, 7 }, // U+2014
    { 8, 12, 172, 2, 35, 24, 34 }, // U+2018
    { 8, 12, 172, 2, 35, 24, 58 }, // U+2019
    { 7, 9, 122, 0, 5, 16, 82 }, // U+201A
    { 14, 12, 287, 2, 35, 42, 98 }, // U+201C
    { 14, 12, 287, 2, 35, 42, 140 }, // U+201D
    { 14, 13, 273, 2, 19, 46, 182 }, // U+2022
    { 22, 3, 432, 3, 3, 17, 228 }, // U+2026
    { 37, 32, 616, 2, 14, 296, 0 }, // U+FB56
    { 38, 31, 601, 1, 12, 295, 296 }, // U+FB57
    { 11, 29, 145, -1, 12, 80, 591 }, // U+FB58
    { 12, 26, 160, -1, 9, 78, 671 }, // U+FB59
    { 29, 37, 483, 2, 15, 269, 749 }, // U+FB7A
    { 30, 37, 476, 1, 12, 278, 1018 }, // U+FB7B
    { 25, 29, 376, -1, 13, 182, 1296 }, // U+FB7C
    { 29, 30, 422, -1, 14, 218, 1478 }, // U+FB7D
    { 21, 38, 291, -3, 27, 200, 1696 }, // U+FB8A
    { 23, 38, 279, -4, 25, 219, 1896 }, // U+FB8B
    { 0, 0, 242, 0, 0, 0, 2115 }, // U+FB8C
    { 0, 0, 238, 0, 0, 0, 2115 }, // U+FB8D
    { 58, 46, 653, 2, 44, 667, 2115 }, // U+FB8E
    { 59, 42, 749, 1, 39, 620, 2782 }, // U+FB8F
    { 34, 42, 192, -3, 42, 357, 3402 }, // U+FB90
    { 33, 40, 316, -2, 40, 330, 3759 }, // U+FB91
    { 58, 50, 653, 2, 48, 725, 4089 }, // U+FB92
    { 59, 45, 749, 1, 42, 664, 4814 }, // U+FB93
    { 34, 44, 201, -3, 44, 374, 5478 }, // U+FB94
    { 33, 43, 315, -2, 43, 355, 5852 }, // U+FB95
    { 11, 28, 242, 2, 27, 77, 6207 }, // U+FBA4
    { 21, 28, 328, 1, 28, 147, 6284 }, // U+FBA5
    { 0, 0, 415, 0, 0, 0, 6431 }, // U+FBD3
    { 0, 0, 535, 0, 0, 0, 6431 }, // U+FBD4
    { 0, 0, 245, 0, 0, 0, 6431 }, // U+FBD5
    { 0, 0, 366, 0, 0, 0, 6431 }, // U+FBD6
    { 33, 28, 557, 2, 19, 231, 6431 }, // U+FBFC
    { 31, 20, 506, 2, 5, 155, 6662 }, // U+FBFD
    { 12, 21, 148, -1, 12, 63, 6817 }, // U+FBFE
    { 12, 21, 160, -1, 9, 63, 6880 }, // U+FBFF
    { 10, 36, 248, 4, 31, 90, 6943 }, // U+FD3E
    { 10, 36, 248, 2, 31, 90, 7033 }, // U+FD3F
    { 34, 42, 554, 1, 41, 357, 7123 }, // U+FDF2
    { 0, 0, 0, 0, 0, 0, 7480 }, // U+FE71
    { 0, 0, 0, 0, 0, 0, 7480 }, // U+FE77
    { 0, 0, 0, 0, 0, 0, 7480 }, // U+FE79
    { 0, 0, 0, 0, 0, 0, 7480 }, // U+FE7B
    { 0, 0, 0, 0, 0, 0, 7480 }, // U+FE7D
    { 0, 0, 0, 0, 0, 0, 7480 }, // U+FE7F
    { 13, 13, 305, 5, 12, 43, 7480 }, // U+FE80
    { 22, 45, 250, -4, 44, 248, 7523 }, // U+FE81
    { 22, 46, 143, -5, 46, 253, 7771 }, // U+FE82
    { 9, 45, 135, 0, 44, 102, 8024 }, // U+FE83
    { 11, 45, 143, -1, 45, 124, 8126 }, // U+FE84
    { 22, 35, 311, -3, 25, 193, 8250 }, // U+FE85
    { 24, 35, 301, -4, 21, 210, 8443 }, // U+FE86
    { 9, 48, 135, 2, 36, 108, 8653 }, // U+FE87
    { 9, 48, 143, 1, 36, 108, 8761 }, // U+FE88
    { 33, 34, 557, 2, 25, 281, 8869 }, // U+FE89
    { 31, 31, 506, 2, 16, 241, 9150 }, // U+FE8A
    { 9, 24, 116, -1, 24, 54, 9391 }, // U+FE8B
    { 12, 21, 160, -1, 21, 63, 9445 }, // U+FE8C
    { 6, 37, 135, 2, 36, 56, 9508 }, // U+FE8D
    { 8, 35, 143, 2, 35, 70, 9564 }, // U+FE8E
    { 37, 27, 616, 2, 14, 250, 9634 }, // U+FE8F
    { 38, 25, 601, 1, 12, 238, 9884 }, // U+FE90
    { 8, 21, 127, -1, 12, 42, 10122 }, // U+FE91
    { 12, 18, 160, -1, 9, 54, 10164 }, // U+FE92
    { 12, 26, 223, 1, 25, 78, 10218 }, // U+FE93
    { 21, 30, 328, 1, 30, 158, 10296 }, // U+FE94
    { 37, 23, 616, 2, 21, 213, 10454 }, // U+FE95
    { 38, 21, 601, 1, 19, 200, 10667 }, // U+FE96
    { 11, 23, 142, -1, 23, 64, 10867 }, // U+FE97
    { 12, 21, 160, -1, 21, 63, 10931 }, // U+FE98
    { 37, 30, 616, 2, 28, 278, 10994 }, // U+FE99
    { 38, 28, 601, 1, 26, 266, 11272 }, // U+FE9A
    { 11, 28, 146, -2, 28, 77, 11538 }, // U+FE9B
    { 12, 25, 160, -1, 25, 75, 11615 }, // U+FE9C
    { 29, 37, 483, 2, 15, 269, 11690 }, // U+FE9D
    { 30, 37, 476, 1, 12, 278, 11959 }, // U+FE9E
    { 25, 23, 376, -1, 13, 144, 12237 }, // U+FE9F
    { 29, 26, 422, -1, 14, 189, 12381 }, // U+FEA0
    { 29, 37, 483, 2, 15, 269, 12570 }, // U+FEA1
    { 30, 37, 476, 1, 12, 278, 12839 }, // U+FEA2
    { 25, 13, 376, -1, 13, 82, 13117 }, // U+FEA3
    { 29, 14, 422, -1, 14, 102, 13199 }, // U+FEA4
    { 29, 47, 483, 2, 25, 341, 13301 }, // U+FEA5
    { 30, 47, 476, 1, 22, 353, 13642 }, // U+FEA6
    { 25, 21, 376, -1, 21, 132, 13995 }, // U+FEA7
    { 29, 24, 422, -1, 24, 174, 14127 }, // U+FEA8
    { 18, 18, 310, 2, 18, 81, 14301 }, // U+FEA9
    { 23, 24, 370, 1, 21, 138, 14382 }, // U+FEAA
    { 18, 30, 310, 2, 30, 135, 14520 }, // U+FEAB
    { 23, 35, 370, 1, 32, 202, 14655 }, // U+FEAC
    { 21, 22, 291, -3, 11, 116, 14857 }, // U+FEAD
    { 23, 20, 279, -4, 7, 115, 14973 }, // U+FEAE
    { 21, 33, 291, -3, 22, 174, 15088 }, // U+FEAF
    { 23, 32, 279, -4, 19, 184, 15262 }, // U+FEB0
    { 38, 28, 631, 1, 11, 266, 15446 }, // U+FEB1
    { 43, 25, 682, 1, 8, 269, 15712 }, // U+FEB2
    { 22, 12, 323, -1, 12, 66, 15981 }, // U+FEB3
    { 26, 9, 377, -1, 8, 59, 16047 }, // U+FEB4
    { 38, 43, 631, 1, 26, 409, 16106 }, // U+FEB5
    { 43, 42, 682, 1, 25, 452, 16515 }, // U+FEB6
    { 22, 25, 323, -1, 25, 138, 16967 }, // U+FEB7
    { 26, 26, 377, -1, 25, 169, 17105 }, // U+FEB8
    { 47, 28, 757, 1, 13, 329, 17274 }, // U+FEB9
    { 48, 28, 757, 1, 13, 336, 17603 }, // U+FEBA
    { 29, 14, 439, -1, 13, 102, 17939 }, // U+FEBB
    { 32, 13, 472, -1, 13, 104, 18041 }, // U+FEBC
    { 47, 39, 757, 1, 24, 459, 18145 }, // U+FEBD
    { 48, 38, 757, 1, 23, 456, 18604 }, // U+FEBE
    { 29, 22, 439, -1, 21, 160, 19060 }, // U+FEBF
    { 32, 21, 472, -1, 21, 168, 19220 }, // U+FEC0
    { 32, 37, 525, 1, 36, 296, 19388 }, // U+FEC1
    { 34, 37, 536, 1, 35, 315, 19684 }, // U+FEC2
    { 23, 36, 352, -1, 35, 207, 19999 }, // U+FEC3
    { 27, 35, 396, -1, 35, 237, 20206 }, // U+FEC4
    { 32, 37, 525, 1, 36, 296, 20443 }, // U+FEC5
    { 34, 37, 536, 1, 35, 315, 20739 }, // U+FEC6
    { 24, 36, 357, -1, 35, 216, 21054 }, // U+FEC7
    { 27, 35, 396, -1, 35, 237, 21270 }, // U+FEC8
    { 32, 42, 469, 2, 20, 336, 21507 }, // U+FEC9
    { 35, 42, 397, 2, 12, 368, 21843 }, // U+FECA
    { 21, 18, 311, -1, 18, 95, 22211 }, // U+FECB
    { 17, 11, 239, -1, 11, 47, 22306 }, // U+FECC
    { 32, 53, 469, 2, 31, 424, 22353 }, // U+FECD
    { 35, 54, 397, 2, 24, 473, 22777 }, // U+FECE
    { 21, 28, 311, -1, 28, 147, 23250 }, // U+FECF
    { 17, 22, 239, -1, 22, 94, 23397 }, // U+FED0
    { 38, 29, 637, 2, 29, 276, 23491 }, // U+FED1
    { 40, 27, 641, 2, 26, 270, 23767 }, // U+FED2
    { 11, 30, 160, -1, 30, 83, 24037 }, // U+FED3
    { 16, 26, 224, -1, 26, 104, 24120 }, // U+FED4
    { 27, 38, 453, 2, 27, 257, 24224 }, // U+FED5
    { 29, 39, 487, 3, 22, 283, 24481 }, // U+FED6
    { 12, 29, 160, -2, 29, 87, 24764 }, // U+FED7
    { 16, 26, 224, -1, 26, 104, 24851 }, // U+FED8
    { 28, 36, 483, 2, 36, 252, 24955 }, // U+FED9
    { 40, 36, 646, 2, 35, 360, 25207 }, // U+FEDA
    { 34, 42, 192, -3, 42, 357, 25567 }, // U+FEDB
    { 33, 40, 316, -2, 40, 330, 25924 }, // U+FEDC
    { 24, 46, 391, 1, 36, 276, 26254 }, // U+FEDD
    { 31, 50, 497, 2, 36, 388, 26530 }, // U+FEDE
    { 8, 35, 102, -3, 35, 70, 26918 }, // U+FEDF
    { 14, 36, 184, -1, 35, 126, 26988 }, // U+FEE0
    { 16, 43, 287, 2, 16, 172, 27114 }, // U+FEE1
    { 19, 37, 298, 1, 9, 176, 27286 }, // U+FEE2
    { 16, 14, 232, -1, 14, 56, 27462 }, // U+FEE3
    { 20, 13, 279, -1, 11, 65, 27518 }, // U+FEE4
    { 25, 29, 433, 2, 17, 182, 27583 }, // U+FEE5
    { 28, 31, 448, 1, 14, 217, 27765 }, // U+FEE6
    { 8, 22, 116, -1, 22, 44, 27982 }, // U+FEE7
    { 12, 20, 160, -1, 20, 60, 28026 }, // U+FEE8
    { 11, 16, 223, 2, 15, 44, 28086 }, // U+FEE9
    { 21, 21, 328, 1, 21, 111, 28130 }, // U+FEEA
    { 22, 24, 311, -3, 14, 132, 28241 }, // U+FEED
    { 24, 24, 301, -4, 10, 144, 28373 }, // U+FEEE
    { 33, 28, 557, 2, 19, 231, 28517 }, // U+FEEF
    { 31, 20, 506, 2, 5, 155, 28748 }, // U+FEF0
    { 33, 38, 557, 2, 19, 314, 28903 }, // U+FEF1
    { 31, 30, 506, 2, 5, 233, 29217 }, // U+FEF2
    { 11, 24, 116, -2, 12, 66, 29450 }, // U+FEF3
    { 30, 44, 409, -5, 43, 330, 29516 }, // U+FEF5
    { 39, 46, 565, -2, 41, 449, 29846 }, // U+FEF6
    { 26, 44, 409, -1, 43, 286, 30295 }, // U+FEF7
    { 36, 47, 565, 1, 42, 423, 30581 }, // U+FEF8
    { 23, 48, 409, 2, 36, 276, 31004 }, // U+FEF9
    { 35, 52, 565, 2, 35, 455, 31280 }, // U+FEFA
    { 23, 37, 409, 2, 36, 213, 31735 }, // U+FEFB
    { 35, 40, 565, 2, 35, 350, 31948 }, // U+FEFC
};

static const EpdUnicodeInterval neirizi_18_regularIntervals[] = {
    { 0x20, 0x22, 0x0 },
    { 0x25, 0x25, 0x3 },
    { 0x27, 0x2B, 0x4 },
    { 0x2D, 0x2F, 0x9 },
    { 0x3A, 0x3F, 0xC },
    { 0x5B, 0x5D, 0x12 },
    { 0x5F, 0x5F, 0x15 },
    { 0x7B, 0x7D, 0x16 },
    { 0x60C, 0x60C, 0x19 },
    { 0x61B, 0x61B, 0x1A },
    { 0x61F, 0x61F, 0x1B },
    { 0x621, 0x63A, 0x1C },
    { 0x640, 0x656, 0x36 },
    { 0x660, 0x66D, 0x4D },
    { 0x670, 0x673, 0x5B },
    { 0x675, 0x68C, 0x5F },
    { 0x68E, 0x691, 0x77 },
    { 0x693, 0x6C6, 0x7B },
    { 0x6C8, 0x6EB, 0xAF },
    { 0x6ED, 0x6ED, 0xD3 },
    { 0x6F0, 0x6FE, 0xD4 },
    { 0x2013, 0x2014, 0xE3 },
    { 0x2018, 0x201A, 0xE5 },
    { 0x201C, 0x201D, 0xE8 },
    { 0x2022, 0x2022, 0xEA },
    { 0x2026, 0x2026, 0xEB },
    { 0xFB56, 0xFB59, 0xEC },
    { 0xFB7A, 0xFB7D, 0xF0 },
    { 0xFB8A, 0xFB95, 0xF4 },
    { 0xFBA4, 0xFBA5, 0x100 },
    { 0xFBD3, 0xFBD6, 0x102 },
    { 0xFBFC, 0xFBFF, 0x106 },
    { 0xFD3E, 0xFD3F, 0x10A },
    { 0xFDF2, 0xFDF2, 0x10C },
    { 0xFE71, 0xFE71, 0x10D },
    { 0xFE77, 0xFE77, 0x10E },
    { 0xFE79, 0xFE79, 0x10F },
    { 0xFE7B, 0xFE7B, 0x110 },
    { 0xFE7D, 0xFE7D, 0x111 },
    { 0xFE7F, 0xFEEA, 0x112 },
    { 0xFEED, 0xFEF3, 0x17E },
    { 0xFEF5, 0xFEFC, 0x185 },
};

static const EpdFontGroup neirizi_18_regularGroups[] = {
    { 0, 716, 1435, 25, 0 },
    { 716, 4422, 16387, 202, 25 },
    { 5138, 197, 268, 9, 227 },
    { 5335, 7729, 34102, 161, 236 },
};

static const EpdKernClassEntry neirizi_18_regularKernLeftClasses[] = {
    { 0x0020, 1 }, // U+0020
    { 0x002D, 2 }, // -
    { 0x002E, 3 }, // .
    { 0x007B, 4 }, // {
    { 0x007C, 5 }, // |
    { 0x007D, 6 }, // }
    { 0x0622, 7 }, // U+0622
    { 0x0627, 8 }, // U+0627
    { 0x062F, 9 }, // U+062F
    { 0x0631, 10 }, // U+0631
    { 0x0648, 11 }, // U+0648
    { 0x0649, 12 }, // U+0649
    { 0x064A, 12 }, // U+064A
    { 0x06CC, 12 }, // U+06CC
    { 0x2013, 13 }, // U+2013
    { 0x2014, 2 }, // U+2014
    { 0x2018, 6 }, // U+2018
    { 0x201A, 14 }, // U+201A
    { 0x201D, 15 }, // U+201D
    { 0x2022, 16 }, // U+2022
    { 0x2026, 17 }, // U+2026
    { 0xFEAA, 18 }, // U+FEAA
    { 0xFEAE, 19 }, // U+FEAE
    { 0xFEEE, 20 }, // U+FEEE
    { 0xFEFC, 21 }, // U+FEFC
};

static const EpdKernClassEntry neirizi_18_regularKernRightClasses[] = {
    { 0x0020, 1 }, // U+0020
    { 0x002D, 2 }, // -
    { 0x005D, 3 }, // ]
    { 0x0627, 4 }, // U+0627
    { 0x0631, 5 }, // U+0631
    { 0x0642, 6 }, // U+0642
    { 0x0646, 7 }, // U+0646
    { 0x0648, 8 }, // U+0648
    { 0x06A9, 9 }, // U+06A9
    { 0x06AF, 9 }, // U+06AF
    { 0x2013, 10 }, // U+2013
    { 0x2014, 10 }, // U+2014
    { 0x2019, 11 }, // U+2019
    { 0x201D, 12 }, // U+201D
    { 0x2026, 13 }, // U+2026
    { 0xFB90, 14 }, // U+FB90
    { 0xFB94, 15 }, // U+FB94
    { 0xFE8E, 16 }, // U+FE8E
    { 0xFEAE, 17 }, // U+FEAE
    { 0xFEEE, 18 }, // U+FEEE
    { 0xFEFB, 19 }, // U+FEFB
};

static const int8_t neirizi_18_regularKernMatrix[] = {
       0,    0,    0,  -33,    0,    0,    0,    0,    0,    0,    0,    0,    0,    0,    0,    0,    0,    0,    0,
       0,    0,    0,   -7,    0,    0,    0,    0,    0,    0,    0,    0,    0,    0,    0,    0,    0,    0,   -2,
       0,  -47,  -29,    0,    0,    0,    0,    0,    0,  -34,    0,  -59,    0,    0,    0,    0,    0,    0,    0,
       0,    0,    0,    0,  -49,    0,    0,  -35,    0,    0,    0,    0,    0,    0,    0,    0,  -42,  -35,    0,
       0,    0,    0,  -17,    0,    0,    0,    0,  -71,    0,    0,    0,    0,  -71,  -61,    0,    0,    0,    0,
       0,    0,    0,    0,    0,    0,    0,  -14,    0,    0,    0,    0,    0,    0,    0,    0,    0,    0,    0,
       0,    0,    0,    0,    0,    0,    0,    0,    0,    0,    0,    0,    0,    0,    0,    0,  -44,    0,    0,
     -33,    0,    0,    0,    0,    0,    0,    0,    0,    0,  -45,    0,    0,    0,    0,    0,    0,    0,    0,
       0,    0,    0,    0,    0,    0,    0,    0,    0,    0,    0,    0,    0,  -62,  -44,    0,    0,    0,    0,
       0,    0,    0,    0,    0,   25,   37,    0,    0,    0,    0,    0,  125,  -62,  -57,    0,    0,    0,    0,
       0,    0,    0,    0,    0,    0,    0,    0,    0,    0,    0,    0,   62, -113,  -82,    0,    0,    0,    0,
       0,    0,    0,    0,   28,    0,    0,    0,    0,    0,    0,    0,    0,    0,    0,    0,    0,    0,    0,
       0,    0,    0,   -7,  -35,    0,    0,    0,    0,    0,    0,    0,    0,    0,    0,    0,  -35,    0,   -2,
       0,    0,    0,    0,  -14,    0,    0,    0,    0,    0,    0,    0,    0,    0,    0,  -14,    0,    0,    0,
       0,    0,    0,    0,    0,    0,    0,    0,    0,    0,    0,    0,    0,    0,    0,    0,    0,    0,  -21,
       0,    0,    0,    0,    0,    0,    0,    0,    0,    0,    0,    0,    0,    0,    0,   -7,    0,    0,    0,
       0,    0,    0,    0,    0,    0,    0,    0,    0,    0,    0,  -59,    0,    0,    0,    0,   35,    0,  -35,
       0,    0,    0,    0,    0,    0,    0,    0,    0,    0,    0,    0,    0,  -75,  -62,    0,    0,    0,    0,
       0,    0,    0,    0,    0,    0,    0,    0,    0,    0,    0,    0,   81,  -50,  -38,    0,    0,    0,    0,
       0,    0,    0,    0,    0,    0,    0,    0,    0,    0,    0,    0,   57,  -44,  -50,    0,    0,    0,    0,
       0,   -5,    0,    0,    0,    0,    0,    0,    0,   -5,    0,    0,    0,    0,    0,    0,    0,    0,    0,
};

static const EpdLigaturePair neirizi_18_regularLigaturePairs[] = {
    { 0xFEDFFE82, 0xFEF5 }, // U+FEDF U+FE82 -> U+FEF5
    { 0xFEDFFE84, 0xFEF7 }, // U+FEDF U+FE84 -> U+FEF7
    { 0xFEDFFE88, 0xFEF9 }, // U+FEDF U+FE88 -> U+FEF9
    { 0xFEDFFE8E, 0xFEFB }, // U+FEDF U+FE8E -> U+FEFB
    { 0xFEE0FE82, 0xFEF6 }, // U+FEE0 U+FE82 -> U+FEF6
    { 0xFEE0FE84, 0xFEF8 }, // U+FEE0 U+FE84 -> U+FEF8
    { 0xFEE0FE88, 0xFEFA }, // U+FEE0 U+FE88 -> U+FEFA
    { 0xFEE0FE8E, 0xFEFC }, // U+FEE0 U+FE8E -> U+FEFC
};

static const EpdFontData neirizi_18_regular = {
    neirizi_18_regularBitmaps,
    neirizi_18_regularGlyphs,
    neirizi_18_regularIntervals,
    42,
    85,
    48,
    -37,
    true,
    neirizi_18_regularGroups,
    4,
    nullptr,
    neirizi_18_regularKernLeftClasses,
    neirizi_18_regularKernRightClasses,
    neirizi_18_regularKernMatrix,
    25,
    21,
    21,
    19,
    neirizi_18_regularLigaturePairs,
    8,
};
