/**
 * generated by fontconvert.py
 * name: notosansarabic_16_regular
 * size: 16
 * mode: 2-bit  compressed: true
 * Command used: fontconvert.py notosansarabic_16_regular 16 ../builtinFonts/source/NotoSansArabic/NotoSansArabic-Regular.ttf --2bit --compress --script arabic
 */
#pragma once
#include "EpdFontData.h"

static const uint8_t notosansarabic_16_regularBitmaps[16058] = {
    0xBD, 0x5A, 0x3D, 0x8C, 0xE4, 0x48, 0x15, 0x2E, 0xDB, 0xBB, 0x6B, 0x09, 0x0B, 0xF9, 0x02, 0x16,
    0x10, 0x1B, 0x38, 0xB9, 0xE8, 0x10, 0xE7, 0x94, 0x60, 0xC7, 0x65, 0x84, 0xC8, 0x37, 0xD8, 0xB9,
    0x95, 0xD8, 0xE0, 0x48, 0x39, 0x09, 0x4D, 0x42, 0x40, 0x30, 0x33, 0x36, 0x5C, 0x40, 0x40, 0xC0,
    0x4A, 0xE8, 0x10, 0xD2, 0x25, 0x04, 0x07, 0x82, 0xDE, 0x60, 0x13, 0x02, 0x90, 0x7A, 0xDA, 0x16,
    0x48, 0x24, 0x04, 0x67, 0x90, 0x10, 0x21, 0x3E, 0x71, 0x1B, 0x70, 0x04, 0x67, 0x41, 0x9F, 0x70,
    0x2F, 0x65, 0x17, 0xDF, 0xF7, 0xCA, 0xEE, 0xEE, 0xD9, 0x9D, 0xFD, 0x65, 0x85, 0xC7, 0xF5, 0xDC,
    0xED, 0xAE, 0x9F, 0x57, 0xEF, 0xFF, 0xBD, 0x1A, 0xAD, 0xF4, 0x05, 0x7F, 0x99, 0x7A, 0x7D, 0xFA,
    0xFB, 0x92, 0xBA, 0xA4, 0x78, 0x69, 0x55, 0xE5, 0x55, 0x59, 0xE0, 0xDB, 0x32, 0x6A, 0xA6, 0x3B,
    0xAC, 0x71, 0x1F, 0xE3, 0x0E, 0x78, 0x7F, 0x39, 0x28, 0x95, 0xFA, 0x95, 0xD7, 0xA2, 0xF3, 0x3A,
    0x20, 0xEC, 0x82, 0x46, 0x29, 0xAF, 0x0B, 0x6A, 0xA5, 0xFC, 0x2E, 0x24, 0x6C, 0x23, 0xC0, 0xA0,
    0x89, 0x4A, 0xF5, 0xA9, 0xBB, 0x0F, 0xEE, 0x7D, 0x94, 0xC7, 0x16, 0x57, 0x79, 0xF9, 0xF6, 0x9F,
    0x8F, 0x0E, 0x73, 0x15, 0x95, 0x29, 0x06, 0xC5, 0x79, 0x26, 0xF0, 0x00, 0x30, 0x51, 0xD7, 0x01,
    0x53, 0x75, 0x8C, 0xE5, 0xD1, 0x71, 0x9C, 0xA0, 0x3A, 0x50, 0x6B, 0xBC, 0xBF, 0xAE, 0x3A, 0xC0,
    0x63, 0x8F, 0x70, 0xE9, 0x13, 0xF6, 0xBE, 0x5B, 0xBC, 0x99, 0x17, 0x57, 0x1E, 0x1A, 0x56, 0x93,
    0x76, 0xED, 0x8E, 0x0A, 0xAD, 0x6D, 0x12, 0x6B, 0xBB, 0xE2, 0xDD, 0x1F, 0x77, 0x67, 0x78, 0x67,
    0xA6, 0x36, 0xA0, 0x15, 0x3F, 0x28, 0x55, 0x6A, 0x4B, 0xF4, 0xE9, 0x95, 0x2A, 0xF0, 0x21, 0xB2,
    0x9D, 0x8A, 0xBE, 0xDF, 0x63, 0xAC, 0x41, 0x5B, 0xF2, 0x99, 0x47, 0xDF, 0x35, 0xE3, 0xED, 0x7B,
    0x6B, 0xA0, 0xD1, 0x14, 0xC4, 0xE4, 0x5A, 0xB9, 0x9B, 0x9F, 0xCD, 0x5D, 0xFE, 0xC8, 0x1D, 0xA8,
    0xD8, 0xD6, 0x40, 0x5E, 0xA5, 0x5F, 0x6D, 0x81, 0xB1, 0xCA, 0x80, 0xE8, 0x92, 0xB8, 0x77, 0xC4,
    0xFE, 0x18, 0x68, 0x76, 0xF2, 0x20, 0x61, 0xF0, 0x88, 0x4B, 0x79, 0x24, 0xB2, 0xB1, 0x75, 0x76,
    0xE5, 0x8E, 0x3A, 0xF0, 0xBA, 0xA5, 0x36, 0xEA, 0x75, 0xBF, 0x5B, 0xAF, 0x2A, 0x95, 0xBC, 0xFB,
    0xA7, 0x6E, 0x1D, 0xE7, 0x91, 0x7D, 0xFB, 0x8F, 0x5D, 0x5C, 0x7A, 0xBF, 0x89, 0x7F, 0xDB, 0x91,
    0x98, 0x89, 0xDF, 0x72, 0x82, 0x2C, 0x90, 0xC7, 0xB1, 0x7B, 0xF4, 0xF2, 0xD2, 0xEF, 0x7C, 0x76,
    0x09, 0x1A, 0x0F, 0x03, 0x14, 0x3E, 0xF5, 0x49, 0x4E, 0xB4, 0x8A, 0x91, 0xDC, 0x54, 0x49, 0x2F,
    0xB8, 0x7A, 0xF9, 0x8C, 0x75, 0x62, 0xF9, 0xB1, 0xB2, 0xA0, 0xA1, 0x37, 0xDE, 0x06, 0x8E, 0xC1,
    0xDA, 0x43, 0x1F, 0xA0, 0x69, 0x76, 0x90, 0x6F, 0xBC, 0x3E, 0x20, 0xFD, 0x87, 0x84, 0xD4, 0xD6,
    0x15, 0xB7, 0x9D, 0x0C, 0x9C, 0xA1, 0xE0, 0x6B, 0xDF, 0x0E, 0x2A, 0x68, 0xA3, 0x75, 0x51, 0x86,
    0x4D, 0x52, 0x27, 0x6D, 0x5C, 0xEB, 0x3C, 0xEC, 0x01, 0x31, 0xAB, 0xCE, 0x35, 0x69, 0x2B, 0xCB,
    0x1B, 0xC2, 0xC8, 0xA8, 0xB4, 0x56, 0x7A, 0x54, 0xF1, 0xE6, 0x96, 0xC5, 0x08, 0x6B, 0xFB, 0xB8,
    0x05, 0x0E, 0x65, 0x60, 0x94, 0x77, 0x83, 0x8C, 0xE5, 0x75, 0x7C, 0x7C, 0xFC, 0x65, 0x88, 0xE4,
    0x12, 0x0B, 0x77, 0x61, 0x13, 0xD7, 0x49, 0x99, 0xE6, 0x94, 0xD2, 0x53, 0xFC, 0x9D, 0xED, 0xFD,
    0xF1, 0x3B, 0xDF, 0xA7, 0x65, 0x5C, 0xC7, 0x4D, 0xD8, 0xFA, 0x44, 0xFA, 0x44, 0x5D, 0x5A, 0xE2,
    0x5D, 0x92, 0xC7, 0x75, 0xD8, 0x06, 0x9D, 0xCF, 0x4D, 0x19, 0xFC, 0xCD, 0x03, 0xE6, 0xBF, 0x33,
    0x35, 0xF0, 0xBD, 0xCF, 0x35, 0xBA, 0xA8, 0x89, 0x4B, 0x8D, 0xA1, 0xAF, 0x38, 0x02, 0x85, 0xAD,
    0x6B, 0x94, 0x29, 0xB4, 0x57, 0x83, 0xFA, 0x72, 0xF1, 0xA3, 0xDF, 0x8F, 0x15, 0xE4, 0xE0, 0x0B,
    0xD5, 0xF8, 0x33, 0x15, 0x63, 0xE3, 0x1A, 0xCC, 0x3D, 0xC3, 0x26, 0x4D, 0x5A, 0x06, 0xEB, 0xB8,
    0x11, 0xDA, 0xBF, 0xE2, 0x51, 0xE8, 0xD5, 0x53, 0x40, 0x81, 0x69, 0x72, 0x01, 0x57, 0x6F, 0x7D,
    0x72, 0xF8, 0xB4, 0x11, 0x0A, 0xF8, 0xC4, 0x24, 0x42, 0x4D, 0x22, 0x64, 0x10, 0xA8, 0x63, 0xA2,
    0x49, 0xCE, 0xE5, 0xB8, 0x0F, 0x0F, 0xCF, 0x29, 0xAB, 0x82, 0x0A, 0x2B, 0xEC, 0x4E, 0x51, 0xF6,
    0xC8, 0x42, 0x6F, 0x2D, 0xCC, 0x54, 0xD4, 0xD0, 0x08, 0xDB, 0x89, 0x29, 0x44, 0x25, 0xB5, 0x4C,
    0xA4, 0x02, 0x7B, 0x96, 0x6E, 0x0A, 0x7C, 0xF6, 0xA7, 0xAE, 0xE1, 0x13, 0xBA, 0xBA, 0x2B, 0x85,
    0x48, 0x79, 0x16, 0xE2, 0x1E, 0x0C, 0x6F, 0x76, 0x2A, 0x6E, 0xFD, 0x9E, 0x9D, 0xC1, 0xDB, 0x5C,
    0x38, 0x22, 0x4C, 0x71, 0x20, 0x25, 0x2E, 0x69, 0xFE, 0x58, 0x90, 0x11, 0xEC, 0x46, 0xC8, 0x04,
    0x90, 0xDE, 0x33, 0x6C, 0xD9, 0x33, 0x2A, 0xD8, 0x5C, 0x5B, 0x73, 0x21, 0x20, 0x93, 0x52, 0x5A,
    0x45, 0x44, 0x40, 0x95, 0xA4, 0x53, 0x55, 0x17, 0xD8, 0x2E, 0xFE, 0x5B, 0xA7, 0xDF, 0xEE, 0x3E,
    0x0D, 0xA4, 0x5F, 0xE0, 0x96, 0x8B, 0xCA, 0x11, 0x71, 0x01, 0xBD, 0x39, 0x5A, 0x43, 0x68, 0x7C,
    0x43, 0x22, 0x92, 0x20, 0xC0, 0xE1, 0x1C, 0xE0, 0x3B, 0x6A, 0x83, 0x1B, 0x1A, 0x91, 0x35, 0x10,
    0x65, 0xCC, 0xC0, 0xF7, 0xFC, 0x31, 0xE4, 0xFB, 0xE4, 0x71, 0xAF, 0x3E, 0x5A, 0x2C, 0xF6, 0x18,
    0xEF, 0x54, 0xB1, 0x1A, 0xA9, 0x85, 0x50, 0x40, 0x7D, 0x1F, 0x8B, 0xBF, 0xAE, 0x7C, 0x59, 0x77,
    0xB8, 0x60, 0x5D, 0x82, 0x08, 0x93, 0xBD, 0x55, 0x61, 0x32, 0xCB, 0x1E, 0x1C, 0x06, 0x7B, 0x24,
    0x23, 0x46, 0x35, 0x2D, 0x2A, 0x6C, 0xDA, 0x03, 0x85, 0xBA, 0xA1, 0xBC, 0x41, 0xAD, 0x72, 0xF4,
    0xAB, 0x38, 0x22, 0xB1, 0x23, 0xD6, 0xBE, 0x2A, 0xEB, 0xCB, 0xA4, 0x01, 0x41, 0x4C, 0x90, 0x12,
    0x1C, 0x10, 0x18, 0x43, 0x03, 0x6E, 0x28, 0x08, 0x86, 0x52, 0x60, 0xC8, 0x46, 0x43, 0xFE, 0x1B,
    0xCA, 0x89, 0x71, 0xC6, 0x21, 0x6C, 0x00, 0xC0, 0x2A, 0xD1, 0x6B, 0x23, 0x7B, 0x5B, 0x0B, 0x78,
    0x6D, 0xB1, 0x18, 0x7F, 0x3A, 0x21, 0xFE, 0x28, 0xC0, 0x7E, 0x9B, 0x14, 0xA8, 0xA4, 0x7C, 0x4E,
    0x78, 0xCE, 0x2D, 0x9B, 0xDB, 0x5B, 0x77, 0x54, 0xE1, 0xCC, 0x7F, 0x73, 0x89, 0xCC, 0x56, 0x41,
    0x3F, 0xE1, 0xFB, 0x50, 0xF3, 0xFB, 0x1C, 0x44, 0xDE, 0x7C, 0xA5, 0x68, 0x48, 0xD5, 0x94, 0xA6,
    0xFC, 0xEA, 0x2C, 0xA4, 0x1E, 0xBF, 0x25, 0x04, 0xD5, 0xFD, 0x9B, 0xCA, 0x1F, 0xB6, 0xAC, 0xA3,
    0xA3, 0xA0, 0x6C, 0x83, 0xDD, 0xCA, 0x49, 0xB7, 0xD2, 0x57, 0x40, 0x17, 0x9D, 0xC2, 0x03, 0xE8,
    0xD5, 0x6D, 0xEC, 0xA8, 0x05, 0x4D, 0x75, 0x39, 0x89, 0x30, 0xE5, 0x33, 0xD9, 0x03, 0x10, 0xD2,
    0x14, 0xD6, 0x05, 0xBF, 0x41, 0x0A, 0x56, 0xD0, 0x81, 0xD0, 0x90, 0x1F, 0x9D, 0x12, 0x7F, 0xA2,
    0x40, 0x73, 0xC7, 0xE9, 0x6A, 0x9F, 0xDD, 0xC2, 0x8F, 0xD3, 0x47, 0x05, 0x89, 0xCA, 0x06, 0x61,
    0x9F, 0x51, 0x4A, 0xB7, 0x7D, 0xB7, 0xCC, 0xF7, 0x1F, 0xEA, 0x5B, 0xCF, 0x32, 0xA5, 0xF3, 0x99,
    0xED, 0xC3, 0x96, 0xC0, 0x72, 0x1D, 0x61, 0x33, 0x3E, 0xD9, 0x1D, 0x6D, 0x6E, 0x8B, 0x66, 0x0E,
    0xDC, 0xEA, 0xA9, 0xD3, 0x2E, 0x01, 0x89, 0xA8, 0x58, 0x0B, 0x34, 0x82, 0x81, 0x72, 0x65, 0x89,
    0xB8, 0x1E, 0x45, 0xAE, 0x6A, 0x15, 0xF6, 0x09, 0x74, 0xA1, 0x86, 0xE4, 0xD0, 0x7C, 0x93, 0x25,
    0xFB, 0x6A, 0xEC, 0xB4, 0x15, 0x7E, 0x45, 0x25, 0xED, 0x95, 0x81, 0x3E, 0x76, 0x4D, 0x63, 0x54,
    0x4E, 0xEA, 0xE9, 0x30, 0x18, 0xE8, 0x18, 0x30, 0x55, 0xB4, 0x39, 0xEA, 0x30, 0x15, 0xF6, 0x80,
    0x11, 0x22, 0x2A, 0x19, 0xE7, 0xD3, 0x32, 0x9F, 0x03, 0xFC, 0x2A, 0x7E, 0x22, 0x4F, 0x4B, 0xCF,
    0xE6, 0xF1, 0x27, 0xB7, 0xAD, 0x0A, 0xAC, 0x05, 0x5F, 0xAA, 0x7E, 0x27, 0xCA, 0xD9, 0x79, 0x9A,
    0xAC, 0x9D, 0x42, 0x5C, 0xF2, 0xA0, 0x10, 0x91, 0x15, 0x25, 0xFE, 0x10, 0xAF, 0x6E, 0xA2, 0x5D,
    0x72, 0xE6, 0x30, 0xD7, 0xEA, 0xA2, 0x6B, 0x67, 0x2A, 0x3D, 0xE0, 0x95, 0x36, 0x69, 0x23, 0x04,
    0x7D, 0xE4, 0x4A, 0x68, 0x70, 0x4B, 0x0A, 0xC0, 0x09, 0x4C, 0x69, 0xAF, 0xB6, 0x5B, 0x53, 0xA1,
    0x90, 0x9D, 0x5E, 0xC2, 0xF2, 0x03, 0x5D, 0xC5, 0xB8, 0xFF, 0x41, 0x37, 0xD3, 0xEF, 0x2A, 0xED,
    0x45, 0x0C, 0xF9, 0x3D, 0x11, 0x1D, 0xAD, 0x88, 0x63, 0x64, 0xD5, 0xDC, 0x21, 0xCC, 0xF7, 0x10,
    0x83, 0xA0, 0x38, 0x70, 0xD1, 0x05, 0xA5, 0x5A, 0x3C, 0xDC, 0xE5, 0xDB, 0xDB, 0x79, 0x52, 0xE7,
    0x88, 0x2F, 0xFA, 0xE8, 0x6D, 0x57, 0x8B, 0x68, 0xB4, 0xAB, 0xC6, 0x39, 0x6F, 0xDF, 0xDE, 0xC1,
    0x92, 0xFD, 0x3C, 0xC1, 0xB7, 0xCF, 0x2D, 0x76, 0x05, 0x1C, 0x2D, 0xB8, 0xD4, 0xCF, 0xAA, 0xF2,
    0x55, 0x11, 0xB8, 0xB0, 0x71, 0x1E, 0x64, 0xDF, 0x35, 0x80, 0xA1, 0x90, 0x10, 0x15, 0xAE, 0xA7,
    0xAF, 0x34, 0x1F, 0x0C, 0xD0, 0xA6, 0xF6, 0x99, 0xBD, 0x09, 0xE9, 0x39, 0xEC, 0xD4, 0xC6, 0xF9,
    0x37, 0xEF, 0xDE, 0x7B, 0x82, 0x9A, 0xC8, 0x5E, 0x60, 0xDF, 0x39, 0xA2, 0xBA, 0xB6, 0x88, 0x1A,
    0x9C, 0x50, 0x43, 0x18, 0x7A, 0xD1, 0x56, 0x88, 0xFE, 0x65, 0xC8, 0x7F, 0x58, 0x33, 0xD2, 0x40,
    0xDC, 0x14, 0x83, 0xDD, 0x7D, 0x82, 0xE5, 0x11, 0x21, 0xA4, 0xE0, 0x4D, 0xA6, 0x8E, 0x33, 0x30,
    0x08, 0x8F, 0x03, 0x38, 0x3B, 0x79, 0x74, 0xF4, 0x92, 0xEE, 0xB1, 0xE4, 0xCB, 0x13, 0xD5, 0x1F,
    0xA0, 0xCB, 0xA0, 0xBA, 0x4C, 0x9D, 0xF9, 0x36, 0x68, 0x53, 0xA5, 0x3F, 0x7E, 0xFF, 0xE3, 0x3A,
    0x51, 0xF1, 0x18, 0x58, 0x5A, 0xB1, 0x1B, 0xF8, 0xE3, 0x26, 0xA9, 0x6A, 0x6B, 0x87, 0xF4, 0xE8,
    0x62, 0x81, 0x74, 0xF3, 0xB5, 0x7B, 0x25, 0x99, 0xED, 0xF4, 0xF8, 0x8B, 0xF6, 0xBD, 0xAD, 0x4C,
    0xD2, 0x44, 0x90, 0xAB, 0x22, 0x40, 0xC2, 0x66, 0xEF, 0xDF, 0x54, 0xD1, 0xE0, 0x9F, 0xD4, 0xD6,
    0xE0, 0x03, 0x11, 0xD2, 0x46, 0x2C, 0x6C, 0x4D, 0xD1, 0x4D, 0xCA, 0x53, 0x31, 0x38, 0xCE, 0xDE,
    0x51, 0xD5, 0xCF, 0x84, 0x74, 0x86, 0x10, 0x6E, 0x0E, 0x1A, 0x0B, 0xA5, 0x81, 0x21, 0x09, 0x1E,
    0x2C, 0xEE, 0xAE, 0x49, 0x6C, 0xAF, 0x9F, 0x3A, 0x50, 0xE1, 0x57, 0x32, 0x44, 0xBB, 0xE1, 0xD4,
    0x45, 0x4C, 0xE8, 0x26, 0xAF, 0xEC, 0xDF, 0xA9, 0xB9, 0x18, 0x0F, 0xC0, 0x60, 0x07, 0x11, 0x29,
    0x7E, 0xA9, 0x08, 0xF4, 0x79, 0xB0, 0x02, 0x80, 0x25, 0xB5, 0x8B, 0x4A, 0x3A, 0xE7, 0x04, 0x6B,
    0xBE, 0x93, 0x11, 0x3A, 0xA7, 0xB1, 0xE7, 0xAC, 0x49, 0x3D, 0x83, 0x94, 0x40, 0xF3, 0x9D, 0x55,
    0xE3, 0xE2, 0xDE, 0xE0, 0x46, 0x58, 0xF1, 0x24, 0x2E, 0xFC, 0xE5, 0x47, 0xD8, 0xF3, 0xCE, 0xB3,
    0x1F, 0xDD, 0x6B, 0x82, 0x41, 0x79, 0x65, 0xDC, 0xCD, 0xEE, 0x71, 0x67, 0xA4, 0x56, 0x5B, 0x4B,
    0x35, 0x9C, 0x77, 0x0A, 0xBB, 0x77, 0xAB, 0x9D, 0x23, 0x13, 0x3B, 0x28, 0xA6, 0x8E, 0x14, 0x8D,
    0x7A, 0x59, 0xE7, 0x9D, 0xDB, 0x35, 0xFD, 0x18, 0x55, 0x9E, 0x42, 0x03, 0x3F, 0x76, 0x6E, 0xE7,
    0x0C, 0xE8, 0x20, 0xFA, 0xC4, 0x99, 0x54, 0x8F, 0xE8, 0xC3, 0x82, 0xB5, 0xB8, 0x09, 0x46, 0x42,
    0x66, 0x76, 0x6E, 0x0E, 0x0C, 0x5B, 0xB0, 0x7D, 0x27, 0x5D, 0xA4, 0xB3, 0x0C, 0x8B, 0xBB, 0x69,
    0xFB, 0x30, 0x4B, 0xE3, 0xA2, 0x1A, 0xE6, 0x85, 0x36, 0xB4, 0x77, 0x96, 0x2E, 0xA7, 0x65, 0x66,
    0x70, 0x81, 0x5F, 0xDA, 0x36, 0xBB, 0x58, 0x94, 0xE8, 0x53, 0xB3, 0x3D, 0xA9, 0x1F, 0xDB, 0xB8,
    0x58, 0xDC, 0x99, 0xE6, 0x6C, 0x9F, 0x75, 0xFE, 0xE7, 0x5D, 0xC3, 0x9C, 0x73, 0x14, 0x5E, 0x05,
    0x33, 0x90, 0x90, 0x70, 0xF6, 0xC1, 0x5D, 0x13, 0x40, 0xE2, 0x5F, 0x65, 0x68, 0x3B, 0xB9, 0x97,
    0xF2, 0xF1, 0x9C, 0x5B, 0xFC, 0x92, 0x44, 0xB1, 0x02, 0xF8, 0xAE, 0x60, 0x17, 0xCD, 0xCE, 0x9A,
    0x9C, 0xD3, 0x64, 0xBD, 0x46, 0x64, 0xAF, 0x34, 0x7D, 0xA3, 0xF6, 0xED, 0xFD, 0x37, 0xAC, 0x38,
    0x45, 0xEA, 0x11, 0x8C, 0xE0, 0xE5, 0x1B, 0x8C, 0x4F, 0x3D, 0xE1, 0xCD, 0x33, 0x03, 0xEC, 0xF3,
    0x2E, 0x53, 0x31, 0xEB, 0xC0, 0x73, 0x8D, 0xDD, 0x01, 0x78, 0xAA, 0xCA, 0xD6, 0xE1, 0x46, 0xBD,
    0x58, 0xD4, 0x08, 0xEB, 0x80, 0xE1, 0x15, 0x65, 0xB0, 0xA6, 0x6E, 0xBE, 0xAC, 0x3B, 0x2D, 0x0F,
    0x2B, 0x85, 0x80, 0xB0, 0x5A, 0xC3, 0xDA, 0x91, 0x38, 0xA2, 0xDB, 0x85, 0xD3, 0x56, 0xC3, 0x65,
    0x0D, 0xC3, 0x04, 0xE3, 0xFC, 0x28, 0x38, 0x65, 0x18, 0x17, 0x18, 0xC6, 0xA1, 0x86, 0xD4, 0x36,
    0x24, 0xFE, 0x48, 0xAD, 0x90, 0x70, 0xD9, 0xFE, 0x00, 0x1A, 0x38, 0x32, 0x6C, 0x32, 0x64, 0x9A,
    0x21, 0x23, 0x25, 0xF7, 0xC2, 0x2C, 0x2D, 0xA3, 0x37, 0xCE, 0xE7, 0x73, 0x66, 0x68, 0xF5, 0xAC,
    0xDF, 0x49, 0xB3, 0x7C, 0x46, 0xF1, 0x79, 0x9E, 0x66, 0xF7, 0xC5, 0xBA, 0x9C, 0x12, 0x07, 0x7A,
    0xF8, 0x56, 0xAC, 0x6A, 0x47, 0x8F, 0x38, 0xD2, 0x89, 0x54, 0x86, 0x1E, 0x40, 0x53, 0x07, 0xB5,
    0x36, 0xF0, 0x19, 0x07, 0xDA, 0xC0, 0xD6, 0x21, 0x29, 0x46, 0x2C, 0xD0, 0x6B, 0x93, 0x94, 0xDE,
    0x5A, 0x9B, 0xB8, 0xF6, 0x3B, 0x6D, 0xE0, 0x16, 0x5A, 0x6D, 0x90, 0x77, 0xD6, 0x80, 0x1D, 0xB2,
    0x4D, 0xE3, 0xAD, 0x11, 0x9E, 0x61, 0x43, 0x30, 0xAF, 0x46, 0x2D, 0x33, 0xC2, 0xD3, 0x13, 0x42,
    0x77, 0xC3, 0x17, 0x03, 0xC2, 0x2E, 0x6D, 0x21, 0xCC, 0xBD, 0xA6, 0xD8, 0x2E, 0x49, 0xB4, 0x25,
    0x71, 0x5A, 0x12, 0x99, 0x25, 0xC3, 0x99, 0x25, 0xED, 0xC2, 0xD2, 0x54, 0x04, 0x20, 0xF8, 0xD2,
    0x40, 0x23, 0x96, 0x24, 0xF6, 0xD2, 0x80, 0x13, 0x4B, 0x03, 0x9E, 0x2C, 0xC9, 0x85, 0x25, 0xF9,
    0xB1, 0x24, 0x61, 0x97, 0x24, 0xEC, 0x92, 0xB1, 0xF1, 0x92, 0x84, 0x05, 0x50, 0x03, 0x41, 0x41,
    0x90, 0x72, 0x4F, 0x31, 0x41, 0x28, 0x16, 0xC6, 0x6C, 0x1D, 0xED, 0xC6, 0x79, 0xC0, 0x06, 0x76,
    0xEB, 0x7E, 0xD5, 0x23, 0xF2, 0x62, 0xA0, 0x4A, 0xC5, 0x29, 0xC4, 0x7C, 0x32, 0x02, 0xA1, 0x81,
    0x2F, 0x24, 0x48, 0x5C, 0x49, 0xE2, 0x31, 0x48, 0x62, 0xE1, 0xC2, 0x59, 0xB3, 0x07, 0x87, 0x2D,
    0x0C, 0x3B, 0xD7, 0xD3, 0x8D, 0x72, 0x33, 0x50, 0x9B, 0xD3, 0x32, 0x69, 0x38, 0x33, 0xAC, 0x29,
    0xCC, 0xBD, 0xEF, 0x5C, 0xAE, 0xE4, 0x05, 0x2E, 0x86, 0x52, 0x14, 0x3D, 0xBC, 0x78, 0x8F, 0x86,
    0x8E, 0x26, 0x05, 0x33, 0x47, 0x3D, 0xB7, 0x63, 0x9C, 0xA5, 0x3C, 0x9B, 0x1A, 0x3F, 0x1B, 0xF7,
    0x3E, 0xE9, 0xAC, 0x98, 0xAA, 0x11, 0x7C, 0xBE, 0xF3, 0x1C, 0xA6, 0xE7, 0xFF, 0xBE, 0xF7, 0xFA,
    0xA9, 0x7B, 0xB7, 0x7B, 0x3E, 0x5D, 0xBC, 0x0E, 0x51, 0x9A, 0xCA, 0x3B, 0xB8, 0x16, 0x39, 0x29,
    0x23, 0xA4, 0x51, 0xE2, 0xA5, 0x49, 0x9C, 0x59, 0x3F, 0xA5, 0x98, 0x00, 0x77, 0x3E, 0x03, 0xF9,
    0x2A, 0x8A, 0xDB, 0xAB, 0xF1, 0xF0, 0x68, 0xEB, 0x6B, 0xE5, 0xA7, 0x3D, 0x85, 0x2C, 0x67, 0xB5,
    0x0E, 0xBB, 0x59, 0xCB, 0xDD, 0x7C, 0xAB, 0x9D, 0x3B, 0x76, 0xF1, 0xE9, 0x91, 0xBD, 0x03, 0x9D,
    0x31, 0xF1, 0x78, 0xB7, 0x87, 0x30, 0x7E, 0x46, 0xCC, 0xEC, 0x9C, 0x3B, 0xE5, 0xAE, 0x17, 0x6D,
    0x77, 0x28, 0x26, 0x60, 0xC3, 0xCC, 0x07, 0x1F, 0x2A, 0xA6, 0xF3, 0x66, 0x32, 0xDC, 0xAB, 0x29,
    0x03, 0x61, 0x3B, 0x7B, 0x05, 0xEB, 0x14, 0xEF, 0xBC, 0xC9, 0x94, 0x0D, 0xF9, 0xD8, 0x38, 0x39,
    0x53, 0x6C, 0x6B, 0x07, 0x1E, 0x97, 0xC2, 0xBD, 0x74, 0xF0, 0x82, 0x96, 0xFC, 0xA9, 0x20, 0xA0,
    0x2C, 0x04, 0x5D, 0x41, 0x79, 0x40, 0x2C, 0x91, 0xD6, 0xF1, 0xE6, 0x0D, 0x9B, 0x07, 0xE2, 0xB2,
    0x0A, 0xC9, 0x9F, 0x6F, 0xBA, 0x3A, 0xC9, 0x29, 0x49, 0xB3, 0x22, 0x29, 0xA9, 0xED, 0x1E, 0x2C,
    0x0D, 0x26, 0x80, 0x51, 0x86, 0x65, 0x69, 0xC0, 0x19, 0x04, 0x62, 0x12, 0x86, 0xC2, 0xF4, 0x20,
    0x2F, 0x2A, 0x3D, 0xB3, 0x4D, 0x66, 0x58, 0x52, 0x02, 0x27, 0x87, 0x29, 0xB8, 0x4A, 0xBF, 0x07,
    0x81, 0x89, 0x7F, 0xD7, 0x4D, 0x20, 0xFC, 0x0B, 0xC3, 0xE6, 0x7F, 0x88, 0xB5, 0xAB, 0x69, 0xF8,
    0xF2, 0x29, 0x06, 0x26, 0x2B, 0x4E, 0x25, 0x6C, 0xF6, 0xD7, 0x05, 0xA3, 0x15, 0xAC, 0xC4, 0xB4,
    0xAA, 0xC5, 0x13, 0x31, 0x9E, 0xEE, 0x10, 0xFB, 0x01, 0x87, 0xD3, 0x0E, 0xEB, 0xA2, 0xD3, 0x19,
    0xA3, 0x40, 0x16, 0x58, 0x18, 0x28, 0x46, 0x8D, 0xD7, 0x2F, 0x81, 0x05, 0xCB, 0x5D, 0x27, 0x88,
    0x08, 0x83, 0x2E, 0x40, 0x54, 0xAB, 0x31, 0x12, 0x16, 0x11, 0x4F, 0x7F, 0x1D, 0x36, 0xCC, 0xD4,
    0xBC, 0x1E, 0x63, 0x4A, 0x84, 0x9D, 0x86, 0x63, 0x49, 0xE5, 0x24, 0x8F, 0xF8, 0x3C, 0x4B, 0x55,
    0xC8, 0xD0, 0xF4, 0x54, 0xBB, 0x40, 0x55, 0x67, 0xCA, 0xFF, 0x17, 0x9F, 0x27, 0x2E, 0x7C, 0x4D,
    0x40, 0x91, 0xFF, 0x34, 0xAE, 0x2A, 0x60, 0x27, 0xA9, 0x62, 0x88, 0xCB, 0x3C, 0x91, 0xCA, 0xC1,
    0xA2, 0x06, 0xF6, 0xAF, 0xE9, 0xBF, 0xD3, 0x89, 0x46, 0x31, 0xC9, 0x93, 0x94, 0x4C, 0xF3, 0x28,
    0x6B, 0x58, 0xB5, 0x60, 0xF4, 0x9E, 0xBE, 0x4D, 0x52, 0xFC, 0xA1, 0xA1, 0x58, 0xB2, 0x1E, 0x6C,
    0xE7, 0x6A, 0x85, 0x7C, 0x0A, 0x28, 0xA1, 0xF1, 0xFB, 0xCC, 0x48, 0xD8, 0x4F, 0xD3, 0xA1, 0xB1,
    0x2A, 0x87, 0x91, 0x05, 0x5D, 0x6D, 0x5A, 0x22, 0xD5, 0x60, 0xE1, 0x0B, 0x4B, 0x6B, 0x86, 0x64,
    0x2B, 0x46, 0x68, 0x67, 0xCC, 0x9E, 0x0B, 0xF2, 0x15, 0x48, 0x44, 0xAD, 0x78, 0x4F, 0x18, 0xE6,
    0xB4, 0xC4, 0x08, 0xCD, 0x64, 0xF9, 0xCC, 0x29, 0x9E, 0x5A, 0x31, 0x90, 0xD7, 0xC4, 0x36, 0xF9,
    0x21, 0xB7, 0xF3, 0x71, 0x39, 0xA5, 0x6C, 0x8C, 0x73, 0x5C, 0x35, 0xE1, 0x79, 0x84, 0x74, 0x57,
    0xBC, 0x99, 0x53, 0xFA, 0xD5, 0xB6, 0x88, 0x32, 0x65, 0xA3, 0xFB, 0x79, 0x79, 0xF5, 0xE2, 0x3F,
    0x22, 0xD5, 0x2B, 0xA9, 0x80, 0xB5, 0x80, 0x82, 0x81, 0x93, 0x2A, 0x16, 0x14, 0x98, 0x97, 0x72,
    0xBB, 0x09, 0xAF, 0x1E, 0x4A, 0x56, 0x96, 0x4D, 0x26, 0x84, 0xA5, 0x10, 0x66, 0x1A, 0xAC, 0x31,
    0x4B, 0xE5, 0xB3, 0x9B, 0x92, 0xEC, 0x7E, 0x22, 0xC1, 0xC9, 0xD4, 0x31, 0x55, 0xAE, 0x28, 0x28,
    0x9D, 0xA7, 0xAC, 0x90, 0x9D, 0x59, 0x67, 0x94, 0x8E, 0xCB, 0xC9, 0xC2, 0x40, 0x16, 0x99, 0xAC,
    0xE6, 0xAF, 0x55, 0x2C, 0x97, 0xBC, 0x94, 0x1B, 0xB3, 0xE1, 0x06, 0xE6, 0x8A, 0x67, 0x0C, 0xAE,
    0xBA, 0xE6, 0xE2, 0x55, 0x2E, 0x9A, 0x31, 0xFB, 0xBC, 0x4E, 0xFC, 0x7E, 0x1D, 0x63, 0x37, 0xEB,
    0x88, 0x25, 0xF1, 0x00, 0xAA, 0xD5, 0xF8, 0x1D, 0xF7, 0xB5, 0x66, 0x31, 0x7C, 0xC9, 0x0D, 0x1C,
    0xB8, 0x92, 0xC6, 0xB1, 0x54, 0xED, 0xE7, 0xDC, 0x7B, 0xCE, 0xAB, 0xDF, 0x02, 0x17, 0x92, 0x3A,
    0x6C, 0xB1, 0xA1, 0xEF, 0xB8, 0x12, 0xA1, 0xCD, 0x11, 0xA6, 0xB4, 0xC1, 0xFD, 0x6B, 0x6B, 0xCF,
    0x15, 0x63, 0x76, 0xDE, 0xEC, 0xCA, 0x5D, 0xE3, 0xD3, 0x28, 0x3F, 0x38, 0x34, 0x50, 0x0D, 0xC6,
    0x60, 0xE6, 0x54, 0x1A, 0x8C, 0xAB, 0x0A, 0xF0, 0x2E, 0x35, 0x89, 0x1D, 0x8E, 0x43, 0xDB, 0x1E,
    0xB3, 0x30, 0x75, 0xF5, 0x82, 0x1A, 0xDD, 0x45, 0x20, 0x8B, 0x20, 0x60, 0x59, 0xC1, 0x72, 0xD4,
    0x86, 0xE5, 0xA8, 0xC6, 0x95, 0xA3, 0x0A, 0x29, 0x92, 0xE6, 0xDB, 0x9A, 0x54, 0xF9, 0x28, 0x70,
    0xE5, 0x99, 0xDC, 0xD5, 0xAE, 0x6A, 0x0E, 0xEB, 0x61, 0xFF, 0x0F, 0x2A, 0x4C, 0x75, 0x3D, 0x99,
    0xAB, 0x53, 0x53, 0xF9, 0xFF, 0x8E, 0xC7, 0x6D, 0x8D, 0x5F, 0x6F, 0xE8, 0x73, 0x29, 0x7F, 0x69,
    0x7E, 0xBE, 0x1E, 0x77, 0xAE, 0xE5, 0xAE, 0x0F, 0xFB, 0x86, 0xC3, 0xE5, 0x96, 0x63, 0x91, 0xF4,
    0x35, 0xD3, 0x84, 0x97, 0xD5, 0x24, 0x17, 0x4F, 0x04, 0xE9, 0x10, 0x97, 0xA0, 0xD7, 0xFB, 0x65,
    0xB8, 0xB9, 0x65, 0x4B, 0x56, 0xFE, 0x4B, 0xCC, 0xA9, 0x4B, 0x4C, 0x9E, 0x5E, 0xB0, 0x99, 0x78,
    0xFF, 0x2B, 0xBB, 0xC0, 0x5D, 0xEA, 0x12, 0xE6, 0xA6, 0x2A, 0xA3, 0xFE, 0x8A, 0x75, 0x53, 0xA9,
    0x62, 0x44, 0xFE, 0xBE, 0x3B, 0xD6, 0x48, 0x99, 0x97, 0x12, 0xB9, 0x60, 0x73, 0xAD, 0x77, 0xBE,
    0x15, 0x2B, 0x4B, 0xEE, 0x3C, 0x97, 0xA5, 0x17, 0x8B, 0x6A, 0xAA, 0xA5, 0x48, 0x55, 0x65, 0x47,
    0xFB, 0x7C, 0x56, 0x44, 0xEE, 0x12, 0xDB, 0xFC, 0xCA, 0xB7, 0xA6, 0x04, 0x27, 0x65, 0x50, 0x28,
    0xD5, 0x25, 0xEF, 0xD0, 0xB9, 0x56, 0x08, 0xA2, 0x58, 0x32, 0xE3, 0x8A, 0x79, 0x73, 0xBB, 0x66,
    0x59, 0x69, 0x35, 0xEA, 0xB3, 0x9B, 0x9B, 0xE7, 0xDE, 0x3F, 0x6F, 0x9B, 0xF6, 0x32, 0x44, 0xA5,
    0x27, 0xF4, 0x1A, 0x6E, 0x0B, 0xBD, 0xAC, 0xA3, 0x57, 0xFA, 0x08, 0xBD, 0xE2, 0xF3, 0x40, 0xE8,
    0x95, 0x6C, 0xE9, 0x55, 0x6C, 0xE9, 0xF5, 0xD7, 0x2D, 0xBD, 0xE2, 0x2D, 0x63, 0xA6, 0x9A, 0xE3,
    0x65, 0xFA, 0xA6, 0xF8, 0xEF, 0x90, 0xB7, 0x88, 0xCE, 0xDF, 0xAB, 0x40, 0xC8, 0xAB, 0xEA, 0x09,
    0x12, 0xC1, 0x16, 0xD9, 0x12, 0x72, 0xBA, 0xD6, 0x9B, 0x5B, 0x06, 0x52, 0x3A, 0x40, 0xEE, 0x4E,
    0x49, 0xE3, 0xE7, 0x6D, 0x9F, 0x87, 0x6C, 0x17, 0xAE, 0xC6, 0x27, 0x46, 0x49, 0x3F, 0xF5, 0x4F,
    0x7D, 0x5E, 0x92, 0xD3, 0x42, 0x6D, 0x47, 0x4D, 0x55, 0x42, 0xFD, 0x3F, 0xDC, 0x19, 0x8D, 0xFA,
    0xCF, 0x8D, 0xB2, 0xBD, 0xAA, 0x1A, 0xA9, 0x52, 0x65, 0x4F, 0x6C, 0x7E, 0x9F, 0xC1, 0x05, 0x65,
    0x60, 0x46, 0x06, 0x9B, 0x9E, 0x21, 0xAE, 0xCF, 0x60, 0xCC, 0x33, 0xF0, 0x28, 0x23, 0x62, 0x10,
    0x11, 0x0D, 0xBF, 0xA7, 0x91, 0x8B, 0xE9, 0x80, 0x15, 0xAA, 0x01, 0x8D, 0xDB, 0x4C, 0xEB, 0x0C,
    0x22, 0x96, 0xC1, 0xFC, 0x67, 0xB0, 0x14, 0x57, 0xF5, 0xE3, 0xAE, 0x69, 0x57, 0xD7, 0x61, 0x0E,
    0xD2, 0x51, 0x1D, 0x14, 0xF6, 0x03, 0x38, 0x04, 0x98, 0x84, 0xFF, 0xDC, 0x3F, 0x42, 0x40, 0xE3,
    0x23, 0x96, 0xE9, 0x40, 0x71, 0x0B, 0x4B, 0x2D, 0x6E, 0x57, 0x1E, 0x08, 0x20, 0x5F, 0xEE, 0x63,
    0xC2, 0xA0, 0x3C, 0xD8, 0xF1, 0x79, 0x7C, 0x51, 0x3E, 0x4F, 0x62, 0x0D, 0xFD, 0xF1, 0x58, 0x44,
    0x0A, 0x86, 0x5B, 0x12, 0xF1, 0x17, 0xD4, 0xBA, 0x94, 0x62, 0xCD, 0x73, 0xC3, 0x09, 0x30, 0x78,
    0x8F, 0xB6, 0x40, 0xBE, 0xC6, 0xB5, 0x74, 0x91, 0xCE, 0x32, 0x2C, 0xD8, 0x5C, 0x19, 0xDC, 0x54,
    0xBB, 0xDA, 0xBB, 0x5C, 0x07, 0x40, 0x98, 0x04, 0xFB, 0x5F, 0x2C, 0x68, 0xB1, 0x67, 0x41, 0x33,
    0x5A, 0xD0, 0x4C, 0x14, 0x9F, 0x6B, 0x3C, 0x83, 0x0D, 0x7F, 0x58, 0x83, 0x5F, 0x96, 0xC5, 0x13,
    0x0D, 0x4E, 0xA8, 0xC1, 0x4F, 0x35, 0xB7, 0x13, 0xB8, 0x1E, 0x19, 0x64, 0xD2, 0x07, 0xAB, 0x9F,
    0x20, 0xAE, 0xC4, 0x8E, 0x5C, 0xEC, 0xF6, 0xD4, 0xDB, 0x1D, 0xA1, 0x8C, 0x2A, 0xA6, 0xC8, 0x35,
    0x6F, 0x4A, 0x39, 0xFD, 0x74, 0x56, 0x7B, 0xC6, 0x53, 0x52, 0x45, 0x6E, 0xE7, 0xC3, 0xC0, 0xD2,
    0x59, 0x4E, 0x86, 0x04, 0xAC, 0xA3, 0x46, 0xCD, 0x89, 0x3A, 0xAA, 0x59, 0x44, 0xDE, 0x1E, 0xCA,
    0x74, 0xBC, 0x3D, 0x29, 0xA2, 0x24, 0xD6, 0x14, 0xD6, 0x7C, 0xEE, 0x93, 0x9B, 0xCF, 0x52, 0x6E,
    0xE1, 0xC9, 0x0D, 0x6C, 0x70, 0x0A, 0x46, 0xB3, 0xE8, 0x99, 0xA1, 0xE9, 0x67, 0x6C, 0x05, 0x5A,
    0x05, 0x84, 0xAD, 0xCE, 0x7D, 0x9B, 0xB6, 0xD7, 0x2C, 0x36, 0xA3, 0x7D, 0xDB, 0xA7, 0x34, 0x76,
    0x67, 0x53, 0x41, 0x76, 0x3A, 0xD1, 0x98, 0xCF, 0x45, 0x06, 0x77, 0x94, 0xC9, 0x30, 0x9B, 0x31,
    0x75, 0xE7, 0x80, 0xD7, 0x73, 0x67, 0x86, 0x51, 0xCF, 0x92, 0x44, 0x3D, 0x95, 0xB3, 0x2B, 0x09,
    0x88, 0x4E, 0xE6, 0x13, 0xB4, 0x98, 0x76, 0x9B, 0xE5, 0xF0, 0x13, 0x66, 0xF8, 0x61, 0xCB, 0x08,
    0x40, 0x84, 0x37, 0x18, 0x44, 0x72, 0x23, 0x4B, 0xD9, 0x2D, 0xE3, 0x7B, 0x58, 0x06, 0x31, 0xF9,
    0x9B, 0x39, 0x4F, 0x91, 0x12, 0xB2, 0x1C, 0x9D, 0x28, 0xF3, 0x61, 0x9B, 0x85, 0xA0, 0x5B, 0xD0,
    0x9D, 0x04, 0xED, 0x92, 0x95, 0x04, 0xA6, 0xB7, 0xFE, 0xBA, 0xF7, 0x3B, 0xCC, 0xBC, 0x59, 0xAB,
    0x4F, 0x30, 0xF7, 0xD8, 0xA9, 0x07, 0xA0, 0xE4, 0xAA, 0x95, 0xDC, 0xAE, 0x68, 0xE4, 0xDC, 0x81,
    0x5C, 0x6D, 0x24, 0x3A, 0x47, 0x40, 0x3E, 0x1F, 0x4F, 0xAD, 0x5C, 0x4E, 0xE9, 0xCB, 0xE9, 0xBD,
    0x14, 0x8A, 0x0A, 0xA2, 0x9F, 0x32, 0xF8, 0x8C, 0xC7, 0xF9, 0xEC, 0x4F, 0xB2, 0x43, 0xF9, 0xAA,
    0x8F, 0xE0, 0x07, 0x56, 0x52, 0x6E, 0x0E, 0x49, 0x78, 0x84, 0x3A, 0x18, 0x34, 0x90, 0xAD, 0x85,
    0x12, 0x61, 0xBC, 0x88, 0x62, 0x4C, 0x4F, 0x1C, 0xC5, 0xC2, 0x76, 0xA6, 0x98, 0x2F, 0xFF, 0xEB,
    0xB0, 0xA3, 0xD8, 0x09, 0x7D, 0x8D, 0xA6, 0x9B, 0x49, 0x25, 0x21, 0x5F, 0xCD, 0x14, 0x0B, 0xB7,
    0x31, 0xF0, 0xEE, 0x7C, 0x6B, 0x77, 0x3C, 0x47, 0x77, 0xFC, 0x06, 0x31, 0xAB, 0xD8, 0x8D, 0x27,
    0x17, 0xF4, 0xDA, 0x35, 0xDB, 0xD5, 0xC3, 0x23, 0x77, 0x02, 0xA1, 0x56, 0x2E, 0x92, 0xE6, 0x78,
    0x8E, 0x4C, 0xA6, 0x93, 0x88, 0xC1, 0xB9, 0x51, 0xBE, 0xE6, 0xE1, 0x1A, 0xD4, 0x48, 0x15, 0x87,
    0x87, 0x3C, 0x92, 0x6B, 0x2A, 0x29, 0x90, 0x7D, 0x93, 0x69, 0x40, 0xBC, 0xE1, 0x2F, 0x8F, 0xD3,
    0x80, 0x33, 0xF5, 0xC5, 0x5E, 0x4E, 0x01, 0xD7, 0x72, 0xD0, 0x71, 0xFA, 0x38, 0x5D, 0x81, 0xA7,
    0xFD, 0x90, 0xA7, 0x2B, 0x9E, 0x1C, 0x6D, 0x1C, 0x3C, 0xED, 0x52, 0xBF, 0x80, 0x40, 0x96, 0x64,
    0x1F, 0x76, 0x4E, 0x24, 0x1F, 0xBD, 0xA5, 0x4A, 0xA0, 0xF4, 0x87, 0x2C, 0x40, 0x24, 0xF0, 0x45,
    0xB9, 0x3B, 0x79, 0x7D, 0xE8, 0xC6, 0x58, 0xE6, 0xA3, 0x1D, 0x8F, 0x1E, 0x5C, 0x89, 0x22, 0x44,
    0xDE, 0x8F, 0x10, 0xF9, 0xC3, 0x28, 0x3F, 0x3D, 0x42, 0x8E, 0xF2, 0x0D, 0x55, 0x31, 0xEF, 0xF7,
    0x6E, 0xA8, 0xFF, 0x02, 0xED, 0x3D, 0x51, 0x8C, 0xDC, 0xD6, 0x71, 0x43, 0xF2, 0xEE, 0x98, 0x1C,
    0x61, 0xF1, 0x80, 0x4A, 0xA9, 0xAC, 0xD3, 0x89, 0x2E, 0xA0, 0x02, 0x8A, 0x70, 0x12, 0x55, 0x40,
    0x45, 0xCF, 0xE9, 0xDE, 0x92, 0xB6, 0x8B, 0xE6, 0xC3, 0x2D, 0xAC, 0xA2, 0xBE, 0x14, 0x6D, 0x52,
    0x58, 0x05, 0xFC, 0xD1, 0xDA, 0x80, 0x4F, 0x45, 0x2F, 0xE9, 0x21, 0xB9, 0xBD, 0xA5, 0xEB, 0x8F,
    0x7E, 0xE4, 0x23, 0x17, 0xA0, 0xFE, 0xEA, 0x47, 0x84, 0x42, 0xF9, 0xF0, 0xB9, 0x8D, 0xAE, 0xF6,
    0x05, 0x51, 0x82, 0xBD, 0x5B, 0xC6, 0x02, 0x9A, 0x0F, 0xA3, 0x09, 0x6D, 0xC1, 0x30, 0x50, 0x03,
    0x09, 0x15, 0xDB, 0x71, 0x62, 0x03, 0x35, 0xA3, 0xD0, 0xEE, 0xEA, 0xCC, 0x5D, 0x76, 0x66, 0xDE,
    0x23, 0x97, 0xBB, 0xB7, 0x27, 0xEB, 0xE4, 0xB5, 0x6E, 0xEF, 0xAC, 0x5D, 0xF2, 0x91, 0xCB, 0x25,
    0xDF, 0x9B, 0x37, 0x6F, 0xDE, 0xCC, 0xBC, 0x99, 0x79, 0x8F, 0x00, 0xE2, 0x73, 0x50, 0x1E, 0x41,
    0x49, 0xB2, 0x33, 0xA3, 0x91, 0x9D, 0x99, 0x5E, 0x76, 0x66, 0x67, 0x27, 0xE0, 0xE0, 0x96, 0xCA,
    0x4F, 0x90, 0x9F, 0xF9, 0xC7, 0x97, 0xE5, 0xC7, 0x85, 0x8E, 0x8F, 0x11, 0xE4, 0x05, 0x40, 0xC9,
    0x8A, 0xD2, 0xB4, 0xB5, 0xBC, 0x5C, 0xA7, 0x07, 0xE6, 0x9D, 0x56, 0x9A, 0xE7, 0x33, 0x5F, 0xAB,
    0xBF, 0x4D, 0x57, 0xD3, 0x8D, 0x67, 0xFE, 0x22, 0x28, 0xC7, 0x76, 0x56, 0xAE, 0x1A, 0x38, 0x61,
    0x9E, 0x95, 0xE6, 0xB7, 0xE1, 0x01, 0xA3, 0x58, 0xCE, 0x70, 0xE1, 0x5C, 0x6F, 0xE6, 0x30, 0xA7,
    0xD9, 0x59, 0xD9, 0xCA, 0xEE, 0x5E, 0xC8, 0xB3, 0xA8, 0x98, 0xD9, 0x35, 0x27, 0x95, 0xA0, 0x83,
    0x99, 0x01, 0x04, 0x4A, 0x5D, 0x9C, 0xB4, 0xDA, 0x19, 0x8F, 0x2E, 0xE5, 0xA7, 0xD5, 0x38, 0x83,
    0xEF, 0xC9, 0x34, 0x43, 0x9B, 0x76, 0x39, 0xAA, 0x65, 0xB0, 0xBD, 0xE6, 0x27, 0x39, 0x66, 0xDE,
    0x8D, 0x9D, 0x76, 0x3D, 0x0F, 0x89, 0x82, 0x2E, 0x1C, 0xFA, 0x15, 0x74, 0x7F, 0xCE, 0x76, 0xFD,
    0x56, 0xE3, 0xAE, 0x0B, 0x4A, 0xA3, 0xFB, 0x91, 0xA4, 0xF3, 0xE7, 0x51, 0xA8, 0x75, 0x5E, 0xA8,
    0xE0, 0x37, 0xFF, 0x10, 0x4E, 0x6B, 0x30, 0xDD, 0xBE, 0x90, 0xC6, 0x94, 0x43, 0xB9, 0x8D, 0x5E,
    0xAA, 0x6C, 0xF1, 0x82, 0x1E, 0x54, 0x03, 0x35, 0x29, 0x3C, 0x62, 0x7A, 0x66, 0x03, 0xD1, 0xDB,
    0x2E, 0xD6, 0x74, 0x15, 0xAA, 0x56, 0xA3, 0x70, 0x01, 0xB1, 0xF9, 0x48, 0x1A, 0x16, 0x1E, 0x81,
    0x91, 0x86, 0xBA, 0x8E, 0xA8, 0x56, 0xBE, 0x40, 0x35, 0xFF, 0xF6, 0x83, 0xBE, 0xFC, 0xE7, 0x8B,
    0x19, 0x52, 0xC2, 0xAC, 0xB5, 0xB2, 0x8F, 0xCC, 0xBF, 0xDA, 0x7A, 0x5A, 0x9C, 0x7C, 0x46, 0x5E,
    0xB8, 0x37, 0xCF, 0xF5, 0x60, 0x37, 0x26, 0xF4, 0x96, 0x6C, 0xCC, 0x31, 0x6C, 0xC2, 0x7F, 0xA1,
    0x93, 0xC7, 0x63, 0xE7, 0xA2, 0xCC, 0x2F, 0xAE, 0xC0, 0x2C, 0x9F, 0x5C, 0x07, 0x84, 0xF4, 0x33,
    0x17, 0xD3, 0x0D, 0xBC, 0xE3, 0x9E, 0xAE, 0x1C, 0x16, 0xE0, 0xC9, 0xC3, 0x48, 0x28, 0xF0, 0xFA,
    0x97, 0x88, 0xD8, 0x7F, 0xF3, 0xEF, 0x00, 0x96, 0x5B, 0x4F, 0xA8, 0x02, 0xAB, 0xD4, 0xA2, 0xFE,
    0x0A, 0x61, 0x28, 0x38, 0x47, 0x0D, 0x13, 0x51, 0xAA, 0xC4, 0x48, 0x2D, 0x80, 0x19, 0x12, 0x95,
    0xD5, 0x18, 0x6B, 0xD3, 0x8C, 0x7F, 0x87, 0x0A, 0x01, 0x4B, 0x8D, 0xA8, 0xF6, 0x4F, 0x51, 0xE5,
    0x8C, 0x17, 0xA9, 0xCE, 0xDA, 0xBB, 0x1E, 0x23, 0x99, 0x9B, 0xB2, 0x55, 0x68, 0xBF, 0x4B, 0x9C,
    0x9E, 0x12, 0xE0, 0x17, 0xE0, 0x99, 0x27, 0xC2, 0x55, 0x28, 0x03, 0x5B, 0xA5, 0x0C, 0x2C, 0x97,
    0x28, 0xC2, 0x7C, 0x92, 0xB3, 0xBC, 0xCC, 0x59, 0xBE, 0xFC, 0x0E, 0xC3, 0xF3, 0xCC, 0x6D, 0x80,
    0xA7, 0xF8, 0xA9, 0x75, 0x53, 0x60, 0xD5, 0x83, 0x45, 0x41, 0xA3, 0x48, 0x54, 0x8E, 0x68, 0x91,
    0x0F, 0x12, 0x79, 0x66, 0xFA, 0x6B, 0x92, 0x7D, 0x58, 0xAE, 0x03, 0xA2, 0x27, 0xDA, 0xF8, 0x45,
    0x5A, 0xC1, 0xE7, 0xE8, 0xCC, 0x82, 0xF1, 0xD4, 0x07, 0xDB, 0xB5, 0x5C, 0x1B, 0xC9, 0xC7, 0x03,
    0x6B, 0xE3, 0xE2, 0x72, 0x0B, 0xCA, 0xF8, 0x90, 0xC1, 0xE4, 0x30, 0xE6, 0x50, 0xCE, 0x69, 0xBA,
    0x04, 0x22, 0xCB, 0x76, 0x52, 0xCE, 0xCF, 0x2A, 0x19, 0x8D, 0x0B, 0x3E, 0x66, 0x21, 0xDB, 0xD1,
    0xB9, 0x07, 0x99, 0xC8, 0x0F, 0xEA, 0x81, 0x24, 0xF0, 0x34, 0x15, 0x74, 0x52, 0xCF, 0x89, 0x76,
    0x24, 0x6D, 0x75, 0x71, 0x2C, 0x05, 0x54, 0x17, 0x69, 0x5F, 0xF7, 0xC1, 0x8A, 0x4C, 0x1F, 0x8C,
    0x08, 0x41, 0x56, 0xFD, 0x76, 0x21, 0x5C, 0xFB, 0x98, 0x11, 0x4F, 0x99, 0x32, 0x46, 0xFD, 0x8C,
    0x59, 0x5A, 0x39, 0x54, 0x0B, 0x94, 0x50, 0x21, 0x0A, 0xDF, 0x16, 0x71, 0x87, 0xFA, 0x14, 0x78,
    0x86, 0xEF, 0xA8, 0x91, 0xE9, 0xD6, 0xBF, 0x9E, 0x60, 0x65, 0x9F, 0x6A, 0x4C, 0xC3, 0x3E, 0x08,
    0x0F, 0xE6, 0xE5, 0x82, 0x28, 0x19, 0x44, 0xD9, 0x20, 0x4A, 0x87, 0xAC, 0x7C, 0xC8, 0x3A, 0xB4,
    0x6C, 0x01, 0xC1, 0x22, 0x18, 0x0E, 0x09, 0x89, 0x84, 0x25, 0x67, 0xDD, 0x96, 0x64, 0x80, 0x19,
    0x51, 0x41, 0x06, 0x95, 0x84, 0x4B, 0x42, 0x26, 0x61, 0xFB, 0x14, 0x30, 0x74, 0xD4, 0x36, 0x08,
    0x5F, 0xD5, 0x67, 0x08, 0x1D, 0x9F, 0x61, 0x34, 0x3B, 0x7A, 0x1D, 0x65, 0x4F, 0x00, 0x16, 0x38,
    0xB2, 0x40, 0x27, 0xB5, 0x11, 0xB6, 0x00, 0xB1, 0xD0, 0x86, 0xE3, 0x6A, 0x58, 0x0B, 0x3D, 0x30,
    0x7C, 0x1D, 0xBF, 0x86, 0xAF, 0x05, 0x7A, 0xA8, 0x07, 0x1A, 0xF2, 0x41, 0x6C, 0x4D, 0x1F, 0xC6,
    0xDF, 0x95, 0x19, 0x54, 0xE1, 0xB1, 0x8B, 0x4D, 0x7C, 0x24, 0x82, 0x74, 0xA3, 0xD0, 0x18, 0xFB,
    0xA8, 0x9C, 0x1E, 0x3B, 0x56, 0xAA, 0x8C, 0x88, 0x48, 0x20, 0xC5, 0x6F, 0xB5, 0x7D, 0xB3, 0xED,
    0x12, 0x15, 0x26, 0x54, 0x23, 0x3D, 0xA0, 0x8C, 0x6D, 0xEA, 0x03, 0x84, 0xAB, 0xD5, 0x4E, 0x20,
    0xEB, 0x02, 0x53, 0xBA, 0xE4, 0x34, 0xE6, 0x07, 0x82, 0xFC, 0x1D, 0x57, 0x20, 0x79, 0x5A, 0x12,
    0xE9, 0x82, 0x3C, 0x56, 0xC4, 0xD1, 0x75, 0x5C, 0xC2, 0xA6, 0xEE, 0xDB, 0x1B, 0x58, 0xE8, 0x17,
    0xD2, 0xD0, 0x10, 0xEC, 0xC5, 0x03, 0x96, 0x15, 0x6F, 0xE0, 0x7F, 0x7F, 0xB5, 0xBC, 0xCC, 0xCC,
    0xE7, 0x31, 0xBA, 0xDF, 0x4C, 0xA9, 0x25, 0xAA, 0x9C, 0xA6, 0xAE, 0x9B, 0x31, 0x70, 0xD1, 0x5A,
    0x02, 0xEB, 0xE2, 0x1C, 0x29, 0x96, 0x04, 0x58, 0x7A, 0x5F, 0xCA, 0xF7, 0x53, 0x6A, 0x71, 0x76,
    0x42, 0x94, 0xD9, 0x0C, 0x6D, 0xD5, 0xCD, 0xFB, 0x9B, 0x90, 0x0C, 0x98, 0xC3, 0xE3, 0x17, 0xB0,
    0xA2, 0x08, 0x05, 0xB6, 0x1A, 0x82, 0xE0, 0x1B, 0x97, 0x5B, 0xAE, 0x15, 0x1A, 0x3F, 0x89, 0xF0,
    0x3F, 0x03, 0xC1, 0x52, 0x23, 0xCA, 0x40, 0x8D, 0xB4, 0x06, 0xDD, 0xAD, 0xE1, 0xB3, 0x7A, 0x68,
    0x62, 0x07, 0xB0, 0x7D, 0xAB, 0xDE, 0x7A, 0x36, 0x75, 0x1D, 0x83, 0x3A, 0xD7, 0x09, 0x64, 0x8E,
    0xB9, 0x64, 0x53, 0x5C, 0x24, 0xBC, 0x63, 0x8B, 0x71, 0x29, 0x9A, 0xB7, 0x7F, 0x11, 0xD9, 0x69,
    0x30, 0xF9, 0x30, 0x4C, 0x92, 0x64, 0x21, 0xF2, 0x04, 0xCB, 0x3F, 0x36, 0xED, 0x96, 0x4A, 0x60,
    0xD7, 0xF9, 0x2F, 0xC8, 0xFE, 0x42, 0xD4, 0x7C, 0x33, 0x38, 0x1E, 0x87, 0x46, 0x18, 0x9E, 0x84,
    0x70, 0x4A, 0x0D, 0x56, 0x1C, 0x7F, 0x65, 0x1A, 0xEE, 0xC2, 0x7F, 0x8E, 0x0C, 0x2B, 0x30, 0xE4,
    0xBC, 0xE8, 0x9E, 0xDF, 0x78, 0xCB, 0x7B, 0xDE, 0xFF, 0x8D, 0x57, 0xFD, 0xD7, 0x2B, 0x5E, 0x35,
    0xFD, 0xBA, 0x3B, 0xF7, 0x67, 0x75, 0x58, 0x41, 0x84, 0x9C, 0xCF, 0x1B, 0x65, 0xEA, 0xF4, 0x81,
    0x99, 0xB5, 0x55, 0x94, 0x95, 0xE1, 0xF1, 0xE5, 0x3F, 0x76, 0x87, 0xB8, 0xA9, 0x69, 0x3B, 0x44,
    0x88, 0x34, 0xDF, 0x0A, 0xCC, 0xFB, 0x83, 0xEA, 0x45, 0xBF, 0x9A, 0xC2, 0xF0, 0x19, 0xE4, 0x4B,
    0x88, 0x8D, 0x2F, 0x07, 0xED, 0xFD, 0xB4, 0xDC, 0x57, 0x03, 0xB0, 0xA3, 0x10, 0xAE, 0xC3, 0x12,
    0x10, 0x6A, 0xD7, 0x9F, 0x7E, 0xDC, 0xB7, 0xA8, 0xCF, 0x63, 0x76, 0xBA, 0xAB, 0xBB, 0xE0, 0xAA,
    0xBE, 0x12, 0x20, 0x4F, 0x0D, 0xD5, 0x60, 0xDC, 0x5F, 0x27, 0xF6, 0x76, 0xC6, 0x0E, 0xD7, 0xDD,
    0x33, 0x30, 0xE2, 0x59, 0xD1, 0xE4, 0xDC, 0xE4, 0x1C, 0x76, 0xBB, 0x80, 0x3B, 0x8B, 0xBC, 0xAE,
    0x2C, 0x69, 0x21, 0x11, 0xB0, 0xE9, 0x5B, 0x1E, 0xD2, 0x87, 0x7B, 0xBC, 0xA0, 0x07, 0xD5, 0xDD,
    0xBA, 0x57, 0xA5, 0xAC, 0x9F, 0x58, 0x42, 0x46, 0x95, 0x90, 0x04, 0xC3, 0x66, 0xAA, 0x7A, 0x35,
    0xEC, 0x19, 0x0D, 0x6C, 0x99, 0x06, 0xE2, 0xAC, 0x21, 0x1B, 0x6D, 0x91, 0xE9, 0x4B, 0xF4, 0x19,
    0x3D, 0x92, 0x6D, 0x98, 0xFD, 0x59, 0x93, 0x5D, 0xB3, 0x72, 0x56, 0x74, 0x1E, 0xA7, 0x29, 0x76,
    0x1B, 0xCF, 0x0D, 0xA9, 0x06, 0x84, 0xA0, 0xC5, 0xFC, 0xD4, 0x19, 0xB0, 0x4D, 0xD7, 0xB1, 0x3D,
    0x3B, 0xD7, 0x5F, 0x14, 0x14, 0x6C, 0x28, 0xF6, 0x02, 0xFB, 0xCD, 0x8B, 0xC8, 0x26, 0x14, 0xAF,
    0x22, 0xB3, 0x5C, 0xCB, 0xCA, 0x25, 0x82, 0xF2, 0x05, 0x3F, 0x54, 0x9A, 0xF2, 0x02, 0x03, 0xE2,
    0x93, 0x4C, 0x13, 0xBB, 0x52, 0xE8, 0x78, 0xD8, 0x7B, 0xC0, 0x8C, 0xC4, 0x6E, 0x44, 0xF9, 0x7F,
    0x36, 0x73, 0x33, 0x56, 0x89, 0x0C, 0xEE, 0x3A, 0x76, 0x30, 0x44, 0x94, 0x59, 0x90, 0x04, 0x4C,
    0xE1, 0x28, 0x8A, 0x88, 0x2C, 0x9A, 0xCC, 0x76, 0x90, 0xF5, 0x22, 0x3C, 0x76, 0x8B, 0x20, 0x52,
    0xD3, 0x80, 0x6E, 0xB3, 0x62, 0xBA, 0x4D, 0x6D, 0x24, 0x4C, 0xCB, 0x09, 0xD3, 0xF2, 0x3A, 0x81,
    0x14, 0x3A, 0xC4, 0x0C, 0x3C, 0xFB, 0x3A, 0x8C, 0xB7, 0x98, 0xF5, 0xC7, 0xAC, 0x87, 0x61, 0xE9,
    0x23, 0xCB, 0x4C, 0xA2, 0xA3, 0x42, 0xDA, 0x30, 0x87, 0x8B, 0xB8, 0x5B, 0x84, 0xDC, 0x83, 0xDE,
    0xE7, 0x73, 0x87, 0xAF, 0x13, 0x48, 0x30, 0x7E, 0x1E, 0x01, 0xC5, 0x7E, 0x80, 0xCA, 0x05, 0x29,
    0xA0, 0xCC, 0xAD, 0xE4, 0x4E, 0xFC, 0x51, 0x8B, 0xC7, 0x49, 0xA0, 0x60, 0xEE, 0x2D, 0x14, 0x38,
    0x01, 0x38, 0x08, 0xF1, 0x67, 0x89, 0x7B, 0xA1, 0xFA, 0xD2, 0x78, 0xF4, 0xFB, 0xF5, 0x64, 0x2C,
    0x57, 0x5B, 0x1F, 0x66, 0x5C, 0x8A, 0x6D, 0x81, 0xB7, 0xCA, 0x16, 0xDB, 0x34, 0x6F, 0xE5, 0x4D,
    0x1B, 0xCA, 0xA2, 0x45, 0x54, 0x22, 0x56, 0x61, 0x7A, 0xBF, 0xDD, 0xA8, 0x2F, 0x51, 0x87, 0x19,
    0x76, 0x0D, 0x9F, 0xBE, 0xC4, 0x16, 0x91, 0xDF, 0x77, 0x7C, 0x35, 0xFA, 0x86, 0xED, 0x2F, 0xC8,
    0xDE, 0xAF, 0x6C, 0x90, 0x18, 0x20, 0x95, 0x98, 0x18, 0xFF, 0x19, 0xE6, 0x62, 0x2A, 0xC9, 0xAE,
    0xA5, 0x22, 0x67, 0xF3, 0xB1, 0xCE, 0x11, 0x18, 0x28, 0x7C, 0x4D, 0x6F, 0x8D, 0x19, 0x25, 0xF2,
    0x70, 0xFC, 0xDA, 0xBC, 0xDB, 0xAF, 0xD4, 0x89, 0x52, 0xF0, 0x1E, 0x64, 0x32, 0x43, 0x8B, 0xA2,
    0xD9, 0xD4, 0x06, 0x49, 0x1B, 0x14, 0x84, 0x3E, 0x20, 0x3A, 0xA0, 0x1A, 0x8A, 0x4E, 0x6D, 0xB1,
    0x68, 0x26, 0xE1, 0x8C, 0x5F, 0xB7, 0xF8, 0x35, 0xE9, 0xEB, 0x75, 0x7D, 0x19, 0xF7, 0x66, 0x58,
    0x5E, 0x9A, 0x82, 0x29, 0x38, 0x79, 0xD0, 0x4A, 0x9C, 0xF0, 0x68, 0x06, 0x15, 0xB3, 0x57, 0xED,
    0x57, 0x44, 0x41, 0x9A, 0x47, 0x14, 0xA4, 0xF9, 0x44, 0x41, 0xEA, 0x55, 0x0F, 0x29, 0x48, 0x49,
    0x7D, 0xA4, 0x20, 0xAD, 0xC5, 0xA0, 0xB8, 0x1F, 0x2F, 0x05, 0x2D, 0xD4, 0x6A, 0xB5, 0x85, 0x85,
    0x8A, 0xF8, 0x4C, 0x4F, 0x97, 0xE5, 0x47, 0xCA, 0x56, 0x90, 0x5D, 0x40, 0x4A, 0x50, 0xEC, 0x06,
    0x15, 0x29, 0x58, 0x6B, 0x52, 0x52, 0xD6, 0xA4, 0xBC, 0x15, 0xC4, 0xAE, 0xC4, 0x52, 0xFD, 0x89,
    0xB3, 0xDF, 0x4D, 0xF9, 0xBF, 0x60, 0xD6, 0x56, 0xE8, 0x5C, 0x27, 0xA1, 0x80, 0xEC, 0x4B, 0x8E,
    0x25, 0xC4, 0xA8, 0x02, 0x01, 0x19, 0x5E, 0x5E, 0x7E, 0xC6, 0x85, 0x1B, 0x7D, 0xB2, 0xDE, 0x6D,
    0xF9, 0xDD, 0x43, 0x31, 0x09, 0xE4, 0xE5, 0xD0, 0x7C, 0x35, 0xC2, 0xB4, 0x7D, 0x69, 0x8C, 0x14,
    0x02, 0x52, 0xE5, 0x52, 0x57, 0x4B, 0x03, 0xF3, 0x72, 0x64, 0x2B, 0x8D, 0x32, 0xD4, 0x50, 0xE9,
    0x47, 0x25, 0xBE, 0xC1, 0x29, 0x2A, 0xEF, 0xD5, 0xB4, 0x61, 0xA7, 0xD1, 0x48, 0x5A, 0x28, 0x5E,
    0x89, 0x65, 0xC5, 0x1A, 0x49, 0xC7, 0xEF, 0x1D, 0x43, 0x8A, 0xD1, 0x5D, 0x79, 0x3F, 0x53, 0xCD,
    0x06, 0x10, 0xDE, 0x51, 0xEA, 0x84, 0x4E, 0xDA, 0xE4, 0x21, 0xCC, 0x9B, 0x78, 0xEF, 0x2C, 0x31,
    0x47, 0x85, 0x12, 0x0B, 0xB5, 0x4C, 0x85, 0x44, 0xB9, 0xC1, 0x6C, 0x37, 0x90, 0x7D, 0x81, 0x04,
    0x32, 0x18, 0x61, 0x56, 0x41, 0x5B, 0x68, 0x68, 0x48, 0xFC, 0x15, 0xAA, 0x69, 0x4D, 0x24, 0xF8,
    0x93, 0x21, 0x25, 0x2E, 0x2E, 0xB4, 0x6B, 0x92, 0x1F, 0xC8, 0x73, 0x41, 0x64, 0x77, 0x58, 0x4D,
    0x37, 0x2E, 0xB6, 0x48, 0x5F, 0x68, 0x62, 0xDF, 0x95, 0x22, 0xBC, 0x5F, 0xB0, 0x74, 0xE8, 0xBA,
    0xED, 0x64, 0x5B, 0xB0, 0x40, 0x41, 0xF5, 0xAC, 0x16, 0x94, 0xD0, 0xC2, 0x67, 0xB0, 0xC0, 0x75,
    0xA5, 0x34, 0x8C, 0x04, 0x4F, 0x24, 0xF6, 0xC3, 0x80, 0xDB, 0x6E, 0x5B, 0xDF, 0x25, 0xD1, 0x28,
    0xF6, 0xA3, 0xF8, 0xBB, 0xBA, 0x9C, 0x7A, 0x75, 0x24, 0x89, 0xF1, 0xB4, 0x30, 0x58, 0x9F, 0x96,
    0x8F, 0x4D, 0x77, 0xD7, 0xB6, 0x3F, 0xF9, 0xA3, 0x0C, 0xD0, 0x43, 0xCA, 0x84, 0x98, 0x64, 0xA3,
    0x20, 0x9A, 0x6A, 0xCC, 0xCD, 0x1B, 0xA4, 0x54, 0x22, 0x82, 0x6C, 0x1F, 0x95, 0xE3, 0xF1, 0x84,
    0xA4, 0x04, 0x12, 0xB2, 0x1C, 0xED, 0xA2, 0xFE, 0x8A, 0x0C, 0xD2, 0xEA, 0x32, 0x34, 0x7C, 0x84,
    0x0C, 0x0B, 0x9D, 0xB2, 0x3D, 0xD8, 0xA0, 0xB3, 0x9C, 0x5B, 0x99, 0x52, 0x28, 0x2B, 0xF2, 0x2C,
    0x01, 0x12, 0x79, 0xA2, 0x89, 0x68, 0x44, 0x20, 0xDA, 0x0E, 0xCF, 0x58, 0x5C, 0x94, 0xF1, 0x2E,
    0x2D, 0x2C, 0xB3, 0x8E, 0x62, 0x7A, 0x5A, 0x48, 0xAD, 0xEA, 0x78, 0x36, 0x3E, 0x41, 0x0D, 0x6A,
    0x6F, 0x60, 0xBB, 0xF9, 0xAC, 0x79, 0xD0, 0x50, 0x8E, 0x65, 0x85, 0x5D, 0x0F, 0xAB, 0x0D, 0xD6,
    0x3E, 0xEC, 0x5C, 0x0F, 0x11, 0x84, 0xB6, 0x9E, 0x8F, 0x93, 0xB0, 0xCE, 0xAA, 0x18, 0xF3, 0x58,
    0x31, 0xCC, 0xCA, 0xF1, 0x0E, 0xD9, 0xA0, 0xA4, 0xD0, 0x4C, 0x33, 0x93, 0xD1, 0xC8, 0xF2, 0x99,
    0x22, 0x66, 0x26, 0x8A, 0x46, 0xAF, 0x4D, 0x67, 0x43, 0xB9, 0xE1, 0xE4, 0xE5, 0x28, 0x53, 0x9C,
    0x7E, 0x13, 0x6F, 0xBA, 0xD6, 0x35, 0xB6, 0xDC, 0xAB, 0xB8, 0x02, 0x38, 0x90, 0x4B, 0x14, 0xB5,
    0x6D, 0x11, 0xB2, 0xA5, 0x05, 0x0D, 0x91, 0x95, 0xBE, 0x52, 0x97, 0x63, 0x18, 0x3D, 0x91, 0x9C,
    0x1D, 0x8F, 0xA1, 0xE4, 0xD4, 0x15, 0xEA, 0xA3, 0x86, 0x2F, 0x2A, 0xD6, 0x24, 0x5C, 0x70, 0xCD,
    0x50, 0xE9, 0x45, 0x04, 0x51, 0xD5, 0xEC, 0xD7, 0xB0, 0xD7, 0xD7, 0x19, 0x4A, 0x3B, 0x7D, 0x65,
    0x66, 0x56, 0xD8, 0xA1, 0xD8, 0x6A, 0x14, 0x89, 0xDA, 0x8D, 0xA7, 0xC2, 0x82, 0x45, 0x08, 0x39,
    0x30, 0x53, 0x50, 0xBC, 0x65, 0x05, 0x25, 0xA3, 0xC7, 0x1A, 0x6A, 0x12, 0xBE, 0x76, 0x15, 0x8B,
    0x75, 0x2C, 0x54, 0x72, 0x73, 0x2D, 0x8B, 0x9F, 0x42, 0x0F, 0xAF, 0xF6, 0xBC, 0xFA, 0xA1, 0x9F,
    0xBD, 0x8E, 0x33, 0xDD, 0x2F, 0x0A, 0x63, 0xBD, 0xF3, 0x10, 0xDC, 0xEC, 0x41, 0x2A, 0xC1, 0x78,
    0x20, 0x7C, 0xE1, 0x80, 0x8C, 0xD8, 0xA1, 0x16, 0xB2, 0xE0, 0xD0, 0xAE, 0xA6, 0x4F, 0xD7, 0xF1,
    0xF0, 0x56, 0x83, 0xAC, 0x3F, 0xA8, 0xF7, 0x10, 0x2B, 0x25, 0xAB, 0x16, 0x1D, 0x12, 0x71, 0x88,
    0x98, 0xC7, 0x9A, 0x01, 0x0A, 0x14, 0x38, 0x3E, 0xFB, 0xCA, 0xCC, 0xC5, 0x44, 0x98, 0xB0, 0x43,
    0x3E, 0x10, 0xB2, 0x87, 0x67, 0x66, 0x6E, 0x1E, 0x5C, 0x4B, 0x1C, 0x48, 0xD5, 0x6C, 0xFF, 0xDA,
    0x09, 0x70, 0x47, 0x2E, 0x90, 0xD9, 0x20, 0x91, 0x96, 0x0C, 0x33, 0x1E, 0x92, 0xCC, 0xC4, 0xCE,
    0x19, 0x95, 0x2D, 0xB5, 0xA8, 0x33, 0xF8, 0x2F, 0xEA, 0xF8, 0x3A, 0xB5, 0xBB, 0xC2, 0x16, 0xAF,
    0x6A, 0x20, 0xCD, 0x7E, 0x6C, 0x25, 0x63, 0x7E, 0x43, 0x72, 0x08, 0x9C, 0x9B, 0x10, 0xA6, 0x9C,
    0x33, 0x9B, 0xBC, 0x90, 0x26, 0x1E, 0xD5, 0x90, 0xD1, 0x24, 0x64, 0x03, 0x49, 0xBA, 0x8D, 0x69,
    0xCC, 0xB1, 0x58, 0x58, 0x6B, 0xC1, 0x66, 0xDA, 0x1F, 0x70, 0xE8, 0x47, 0xA0, 0x43, 0x07, 0x35,
    0x1E, 0x91, 0x76, 0xB5, 0xFF, 0xCA, 0x78, 0xB5, 0x22, 0x39, 0xBA, 0x9D, 0x75, 0x60, 0x39, 0x4A,
    0x96, 0xFA, 0x63, 0x2A, 0xAA, 0x6C, 0xC9, 0x6E, 0x51, 0x0D, 0x0A, 0x63, 0x21, 0x31, 0xC2, 0xE1,
    0x63, 0xD6, 0x6B, 0xEA, 0x52, 0x0A, 0x58, 0x52, 0xA1, 0xA7, 0xEE, 0x56, 0x91, 0x0F, 0xD4, 0xA4,
    0x0A, 0x53, 0x93, 0x42, 0x82, 0x3B, 0x25, 0xCA, 0xEC, 0x44, 0xDA, 0x90, 0x12, 0x69, 0xCE, 0x6B,
    0xCA, 0x23, 0x6B, 0xAE, 0x48, 0x46, 0xA4, 0xB9, 0x0E, 0xA3, 0xBC, 0x36, 0xA5, 0x9D, 0x8A, 0x35,
    0x57, 0xEA, 0xC6, 0xC3, 0xD2, 0x4E, 0xD5, 0x21, 0x93, 0x76, 0x7B, 0x3D, 0x7A, 0x7D, 0xCA, 0x52,
    0xCC, 0x3A, 0xD2, 0xA3, 0x94, 0xFD, 0xCE, 0x46, 0x09, 0xD2, 0xF8, 0x99, 0x1F, 0x95, 0x70, 0x13,
    0x7B, 0xAF, 0x73, 0xFA, 0x8E, 0x8B, 0x83, 0x57, 0xF5, 0x8A, 0x4F, 0x83, 0xD7, 0x17, 0x02, 0x1C,
    0xBC, 0xEA, 0x6E, 0x48, 0x83, 0xD7, 0xDB, 0x6A, 0xFE, 0x68, 0x9B, 0x60, 0xF4, 0x97, 0x23, 0x84,
    0xC1, 0x78, 0x3D, 0x42, 0x18, 0xF0, 0xFC, 0xF6, 0xC1, 0x70, 0xA2, 0x20, 0xED, 0x1C, 0x86, 0x67,
    0x68, 0x27, 0xE1, 0x79, 0x6C, 0xF9, 0x3C, 0x52, 0x42, 0x9A, 0x76, 0xFB, 0xCA, 0x32, 0x1E, 0xCC,
    0xB6, 0xB6, 0xE2, 0xEF, 0xAD, 0x3E, 0xCA, 0x05, 0xD9, 0xAD, 0xD3, 0xCC, 0x27, 0x28, 0x08, 0x66,
    0xCD, 0x14, 0xF4, 0xDE, 0x10, 0x19, 0x28, 0x91, 0x16, 0x55, 0x98, 0x58, 0x55, 0x1E, 0x47, 0xAA,
    0x91, 0x22, 0x8E, 0x0D, 0x31, 0x8E, 0x54, 0x90, 0x45, 0x25, 0x42, 0x1C, 0x8A, 0xE3, 0xE8, 0x07,
    0x51, 0xE7, 0x78, 0x52, 0x17, 0xE3, 0x49, 0x65, 0x56, 0x8E, 0x27, 0x53, 0x4F, 0x8C, 0x27, 0x9B,
    0x4C, 0xCD, 0xCB, 0xDF, 0x2E, 0x9A, 0x00, 0xD8, 0x57, 0x66, 0x7F, 0x23, 0xC8, 0xCF, 0x7B, 0x7C,
    0xD6, 0x85, 0x20, 0x66, 0x7E, 0x96, 0x52, 0x65, 0xED, 0x07, 0x62, 0xD6, 0x07, 0x1A, 0x6C, 0x54,
    0xAC, 0x4D, 0x50, 0xB7, 0x5B, 0x70, 0x28, 0xAD, 0x2C, 0x12, 0x35, 0xAF, 0xAD, 0xF1, 0x90, 0x8B,
    0x87, 0x58, 0x09, 0x8D, 0xB6, 0x9E, 0x49, 0x18, 0x52, 0x4E, 0x95, 0x78, 0x8D, 0x71, 0x4F, 0xB0,
    0x5A, 0xE4, 0x7B, 0x55, 0xEA, 0x9E, 0x99, 0x2E, 0xD7, 0x5B, 0xD8, 0x50, 0x8C, 0xE5, 0x59, 0xC1,
    0x23, 0xF7, 0x77, 0xE1, 0x59, 0x8B, 0x3E, 0xE4, 0xA0, 0xBA, 0x7C, 0xB0, 0x7C, 0x36, 0x79, 0x2F,
    0x0A, 0xCB, 0x77, 0xDC, 0x71, 0xA8, 0x88, 0x83, 0xE5, 0xAA, 0x84, 0x62, 0xC3, 0x63, 0x0C, 0x57,
    0x5D, 0x1A, 0xDC, 0xEB, 0x4D, 0x1E, 0xA7, 0xA3, 0x14, 0x91, 0xC3, 0xF5, 0xFC, 0xD0, 0x84, 0x1C,
    0x5E, 0x30, 0x22, 0xC1, 0x28, 0x24, 0x66, 0x05, 0x9B, 0x78, 0xA3, 0xC8, 0x25, 0x2A, 0x85, 0x74,
    0xB1, 0xE0, 0x18, 0xB9, 0x99, 0xD4, 0xB9, 0x89, 0xD4, 0x96, 0xE9, 0x51, 0x4E, 0xCB, 0x9C, 0xB2,
    0x1E, 0x26, 0x3D, 0x71, 0x49, 0xEE, 0x8F, 0x2B, 0xF3, 0x79, 0x45, 0x9A, 0x7F, 0xD7, 0xD9, 0x39,
    0x80, 0xA4, 0x8E, 0xE4, 0x6A, 0xC7, 0xC4, 0x63, 0x89, 0xD4, 0x5D, 0x72, 0xA3, 0x34, 0x58, 0xA1,
    0x72, 0xA5, 0xBC, 0xB4, 0xF1, 0x62, 0x9A, 0x06, 0x6A, 0xC3, 0x88, 0xF4, 0x50, 0x8D, 0x34, 0x9F,
    0x33, 0x6B, 0x70, 0x26, 0x87, 0x9E, 0x49, 0xB0, 0x91, 0x1A, 0xF8, 0x64, 0x6C, 0x85, 0x23, 0x2B,
    0x34, 0xE4, 0x2D, 0xCB, 0xDA, 0x66, 0x7B, 0x59, 0xEE, 0x8E, 0xDC, 0x6D, 0xC6, 0x77, 0x7B, 0xF4,
    0x69, 0x78, 0xBD, 0x14, 0xDC, 0xF5, 0x2D, 0xD5, 0xDA, 0xB1, 0xB6, 0x1F, 0x49, 0x7A, 0xA7, 0x45,
    0x9F, 0x5F, 0x03, 0xA1, 0x93, 0x8A, 0xB2, 0xDA, 0x18, 0xB0, 0xE5, 0xE0, 0xA3, 0x91, 0x9F, 0x3B,
    0x52, 0xE1, 0x14, 0xBA, 0xA6, 0x50, 0x33, 0xB1, 0xB3, 0xA3, 0x86, 0x69, 0x30, 0xAB, 0x97, 0x7A,
    0xA5, 0xC0, 0x80, 0x74, 0x47, 0x0A, 0x2F, 0x96, 0x50, 0x8C, 0x45, 0x78, 0x00, 0x5B, 0xA3, 0xD9,
    0xA8, 0x09, 0x46, 0x50, 0x67, 0xAF, 0x92, 0x43, 0xF6, 0x6B, 0x97, 0x2C, 0xE8, 0xA6, 0x5B, 0x5E,
    0x67, 0xDD, 0x98, 0x94, 0xE5, 0x20, 0x41, 0x1D, 0x43, 0x7B, 0xBF, 0x81, 0xB5, 0x55, 0xD2, 0xC8,
    0xF4, 0xEF, 0xFD, 0x42, 0x7A, 0x7D, 0xD6, 0xAB, 0x32, 0xBD, 0xD8, 0xE9, 0x37, 0xC9, 0xE3, 0xEB,
    0xE6, 0xD2, 0xA1, 0x8F, 0xD6, 0xD4, 0xC1, 0xB0, 0x9F, 0x0F, 0x06, 0x0C, 0xDD, 0xAC, 0x37, 0x24,
    0x86, 0xA5, 0xBD, 0xC7, 0x59, 0x45, 0x5C, 0xBA, 0x2B, 0x1A, 0x7A, 0x7C, 0xBC, 0x55, 0x5F, 0xBA,
    0xD0, 0x3E, 0x1A, 0xE4, 0xDD, 0x81, 0xD2, 0x5C, 0xB5, 0x34, 0x55, 0x7D, 0x62, 0x55, 0x7F, 0x30,
    0x34, 0xEA, 0x9E, 0x9E, 0x0D, 0x9B, 0xC4, 0x4D, 0xD9, 0xAD, 0xED, 0x87, 0x8E, 0x91, 0x1A, 0xAD,
    0xFD, 0xC8, 0xD3, 0x2E, 0x7B, 0xEA, 0xAB, 0x1E, 0xA4, 0xA4, 0xAA, 0x60, 0xAB, 0x1C, 0xED, 0x28,
    0x01, 0x5B, 0x7C, 0x2C, 0xDC, 0x7F, 0x2E, 0x9A, 0xC2, 0x6D, 0x3D, 0x2C, 0xA7, 0x3E, 0x2B, 0x88,
    0xD8, 0x37, 0xAA, 0x41, 0x14, 0x85, 0xD1, 0xFB, 0x61, 0xD5, 0x1F, 0x66, 0xEF, 0x40, 0xFC, 0xE8,
    0xF5, 0xB4, 0xC1, 0xDE, 0x01, 0xE4, 0x36, 0xE7, 0x4B, 0x50, 0x82, 0x93, 0x07, 0xCD, 0xA6, 0xF3,
    0xC6, 0x51, 0xD8, 0x7C, 0x65, 0x8E, 0x3E, 0xF3, 0xF0, 0x38, 0xB2, 0x67, 0x52, 0xF6, 0xAB, 0x3E,
    0xAC, 0x44, 0xB4, 0x7D, 0x35, 0x94, 0xAE, 0x0A, 0x38, 0xB6, 0x52, 0x5A, 0x29, 0x2D, 0xC6, 0x76,
    0xA8, 0xC0, 0xF2, 0x33, 0x48, 0xE8, 0x43, 0xD1, 0xC4, 0x7C, 0xA9, 0x34, 0x77, 0x24, 0x32, 0x43,
    0x31, 0xEA, 0x30, 0x7C, 0x33, 0x98, 0x88, 0x4A, 0xAB, 0x73, 0xA5, 0x68, 0x82, 0x6C, 0x06, 0x8E,
    0x5F, 0xF5, 0x1D, 0x6F, 0x88, 0x94, 0x5D, 0x6C, 0x94, 0x28, 0xA4, 0xED, 0x7B, 0x3E, 0xE9, 0x54,
    0xE6, 0xAF, 0x10, 0xCF, 0x62, 0xD4, 0x78, 0x52, 0x3F, 0x89, 0x9D, 0x4B, 0x0F, 0x6D, 0xB7, 0x56,
    0x3A, 0xBF, 0x80, 0x9D, 0xE6, 0x10, 0x32, 0x0D, 0x0F, 0x42, 0xD6, 0x6E, 0x22, 0xB8, 0x7B, 0x31,
    0xAA, 0xA7, 0xE1, 0xDF, 0x5C, 0x67, 0x3B, 0xAB, 0x1D, 0xD8, 0x91, 0x11, 0x90, 0xE3, 0x79, 0x18,
    0x5B, 0x9A, 0xA8, 0xDA, 0x22, 0xDB, 0xBE, 0x4F, 0x5F, 0xC3, 0x37, 0xC8, 0x23, 0x41, 0x5E, 0x88,
    0x48, 0x7C, 0x55, 0xFE, 0x2A, 0x31, 0x51, 0xC7, 0x30, 0xC0, 0x12, 0xF2, 0x90, 0xC8, 0x41, 0x06,
    0x60, 0x23, 0x77, 0xB7, 0xDE, 0x9C, 0x0D, 0xB0, 0x37, 0xA0, 0xB8, 0x68, 0x82, 0xF9, 0x43, 0x97,
    0x07, 0x51, 0x46, 0x66, 0xCD, 0x0A, 0x85, 0xA4, 0x20, 0x19, 0x50, 0xDC, 0xD5, 0xC2, 0x4E, 0x79,
    0x66, 0xBB, 0x8C, 0xF1, 0x18, 0x41, 0x82, 0xFB, 0x5B, 0xCB, 0xAD, 0x40, 0xCD, 0xF4, 0x50, 0xA0,
    0x19, 0xBE, 0x03, 0x31, 0x26, 0xF7, 0x27, 0xA6, 0x4F, 0x63, 0x58, 0xD7, 0x4A, 0xDF, 0x6D, 0x81,
    0xF5, 0x1D, 0x64, 0x8C, 0x6C, 0x1D, 0xE7, 0x61, 0x40, 0x3B, 0xE1, 0x51, 0x1C, 0xFB, 0x71, 0xF4,
    0x76, 0x12, 0x66, 0x32, 0xAB, 0x90, 0x44, 0x5D, 0xFA, 0x81, 0x27, 0xC2, 0x07, 0x50, 0xE1, 0xD4,
    0x90, 0x6E, 0xCD, 0x58, 0xC4, 0x15, 0x38, 0x92, 0x07, 0xB2, 0x47, 0x6D, 0x09, 0xD5, 0x41, 0xEC,
    0xE1, 0x24, 0x77, 0x15, 0xBC, 0x87, 0x88, 0x90, 0x14, 0x05, 0x1A, 0x83, 0x38, 0x92, 0xD7, 0x4A,
    0xCF, 0xDB, 0x98, 0x7D, 0xFD, 0xF1, 0x88, 0x78, 0x32, 0xF6, 0x82, 0x36, 0x77, 0x45, 0x26, 0xAF,
    0x20, 0x9E, 0xB4, 0x56, 0xDD, 0x35, 0x03, 0xCB, 0xB7, 0x3C, 0x23, 0xB0, 0x69, 0x88, 0x88, 0xC0,
    0x94, 0x11, 0x1B, 0x62, 0x57, 0xE4, 0xAE, 0x46, 0x74, 0x1D, 0xEF, 0x09, 0xCD, 0x8D, 0xBA, 0xAF,
    0x51, 0x67, 0xAA, 0x37, 0x64, 0xC4, 0x0F, 0x3B, 0x8C, 0x5D, 0xDA, 0x47, 0xB9, 0x93, 0x99, 0xD9,
    0x5E, 0xF0, 0x78, 0xB1, 0x9F, 0xDE, 0x17, 0x08, 0x29, 0xB6, 0x8A, 0xD6, 0xD5, 0x2A, 0xDC, 0x0A,
    0xB2, 0x25, 0x20, 0x2E, 0x5A, 0xC1, 0x14, 0xCF, 0xA1, 0x6E, 0x8E, 0x64, 0x46, 0x70, 0x60, 0x06,
    0x98, 0x1D, 0xD2, 0x07, 0x0E, 0x7E, 0x3D, 0x7C, 0xD0, 0x66, 0x1D, 0x9D, 0x24, 0x40, 0x85, 0x78,
    0x48, 0x42, 0x6C, 0x03, 0xE1, 0x5B, 0x24, 0x6F, 0xA5, 0x43, 0x19, 0x3B, 0x0F, 0x60, 0x29, 0xD6,
    0xD7, 0x09, 0x8C, 0x9F, 0x50, 0xF2, 0x33, 0x97, 0xB8, 0x4F, 0x16, 0x7D, 0xA2, 0x11, 0x33, 0x52,
    0x9B, 0x79, 0x08, 0x5A, 0xA3, 0x33, 0xCC, 0xA7, 0x99, 0x8D, 0x36, 0x94, 0x94, 0x87, 0x23, 0xFC,
    0x18, 0x66, 0xA0, 0x53, 0xFC, 0x8A, 0xC1, 0xF9, 0xBD, 0x88, 0x95, 0xB1, 0x3E, 0x8F, 0x65, 0xD8,
    0x5C, 0x1A, 0xD9, 0x3F, 0x2A, 0x24, 0x8F, 0x12, 0x61, 0xBF, 0x5C, 0x23, 0xBF, 0xE9, 0xA2, 0x00,
    0x12, 0x09, 0xC0, 0x76, 0x19, 0x7A, 0x4A, 0x02, 0x6C, 0x30, 0x54, 0xC8, 0xA8, 0xFA, 0x27, 0x33,
    0x6F, 0xBC, 0x4B, 0xDD, 0x85, 0x9C, 0x87, 0x34, 0x2C, 0x35, 0x7F, 0x98, 0x60, 0xF5, 0x16, 0xB9,
    0x6B, 0x4C, 0xB3, 0x48, 0xC7, 0x3E, 0x88, 0x5D, 0xC4, 0x7E, 0x73, 0xD6, 0x25, 0x62, 0x57, 0x49,
    0x46, 0x0D, 0xE7, 0xE2, 0x53, 0xEE, 0x7A, 0x97, 0x6F, 0x95, 0x90, 0x9C, 0x21, 0x57, 0xC4, 0x79,
    0x50, 0x90, 0x07, 0x45, 0x78, 0x50, 0x78, 0x87, 0x88, 0xED, 0xC8, 0x9C, 0xB6, 0xB1, 0xB8, 0x95,
    0x1E, 0x31, 0x64, 0x78, 0x84, 0x25, 0xA5, 0xF6, 0x82, 0x40, 0x8E, 0x22, 0x9B, 0x8B, 0x22, 0x36,
    0xA8, 0x4B, 0x98, 0x6E, 0xDD, 0x43, 0x81, 0xE4, 0x51, 0x94, 0x06, 0x63, 0x2C, 0xC0, 0x0E, 0x9A,
    0xC0, 0x24, 0x4C, 0xC1, 0x1C, 0x44, 0x5A, 0x60, 0x79, 0xEB, 0x70, 0x4E, 0xC6, 0x7F, 0xA8, 0xD8,
    0x7F, 0x2C, 0x64, 0x51, 0x73, 0xB0, 0x82, 0x9C, 0x60, 0x1D, 0xEB, 0xF4, 0xA9, 0x02, 0xD5, 0x83,
    0xE2, 0x0B, 0x7B, 0x70, 0xA1, 0x67, 0xFC, 0xDD, 0x17, 0xDF, 0x7B, 0x0C, 0x35, 0x45, 0xC4, 0x05,
    0xD6, 0x35, 0xA0, 0xA8, 0x2C, 0x10, 0xCE, 0x69, 0x24, 0x3C, 0xD2, 0x0D, 0x48, 0xF3, 0x8A, 0x11,
    0x4A, 0xC5, 0xC7, 0xE7, 0x54, 0x72, 0x4F, 0x77, 0x99, 0xBC, 0x6F, 0xBF, 0x47, 0x6D, 0xE7, 0x54,
    0x62, 0xC9, 0xF1, 0x85, 0xAF, 0x21, 0x8D, 0xD4, 0x60, 0x45, 0xF7, 0xA2, 0xFA, 0xB3, 0x61, 0xB1,
    0xEB, 0x2B, 0x67, 0xA8, 0x81, 0xC5, 0xA6, 0x88, 0x2D, 0xEE, 0xBD, 0x81, 0xD8, 0x1A, 0x9B, 0xB6,
    0x51, 0x16, 0x26, 0x31, 0x31, 0x73, 0xB8, 0x04, 0xA3, 0xB3, 0xAB, 0x4E, 0x1A, 0xFF, 0xEE, 0xF7,
    0xFB, 0x97, 0xBF, 0xC5, 0x9A, 0xA1, 0xD8, 0x2C, 0xB1, 0xB9, 0x3D, 0x36, 0x53, 0x6C, 0xDE, 0x16,
    0x9B, 0xDF, 0x0E, 0x09, 0x72, 0x02, 0x8A, 0x66, 0x9B, 0x03, 0xA4, 0xBC, 0xD1, 0x47, 0x6A, 0x4E,
    0xDA, 0x38, 0xB8, 0xEE, 0xDE, 0xAA, 0x8F, 0x7E, 0xA1, 0x87, 0x75, 0x67, 0x21, 0x4F, 0x2A, 0x22,
    0x51, 0x7F, 0x40, 0x51, 0x3B, 0x29, 0x26, 0x48, 0xAF, 0x15, 0xE2, 0x21, 0x15, 0x60, 0x43, 0x44,
    0x4C, 0x4C, 0xBC, 0x41, 0x49, 0x42, 0x14, 0xE1, 0xDC, 0x77, 0x1E, 0xBB, 0x74, 0x1A, 0x51, 0x12,
    0x96, 0x75, 0x64, 0xC9, 0x65, 0x62, 0x2E, 0x65, 0x6D, 0x49, 0xAA, 0xFD, 0xE5, 0x0E, 0x9B, 0xBF,
    0xBA, 0x21, 0x6C, 0x1B, 0xA9, 0x0C, 0x50, 0x84, 0x9C, 0x41, 0xE5, 0x6C, 0x2B, 0x16, 0x7A, 0x23,
    0x85, 0xDC, 0xA4, 0x6C, 0xD1, 0x20, 0xED, 0xB1, 0xAA, 0x9C, 0x67, 0x05, 0x32, 0x8D, 0x48, 0x87,
    0xC4, 0xA2, 0xB0, 0xBF, 0x52, 0x61, 0x28, 0x6F, 0x35, 0x24, 0x1E, 0x3A, 0x60, 0x81, 0xA4, 0x4F,
    0x32, 0xCD, 0xA6, 0x90, 0xAB, 0xB3, 0x52, 0xB1, 0xCC, 0x95, 0xB3, 0xCC, 0x36, 0x1F, 0x89, 0xD8,
    0x35, 0xC6, 0x71, 0x5D, 0xC0, 0x51, 0x0D, 0x73, 0x99, 0x40, 0x9F, 0x93, 0x79, 0x68, 0x5E, 0x3B,
    0x66, 0x42, 0xD8, 0xBD, 0xB0, 0x73, 0x78, 0x99, 0x8F, 0x99, 0x6A, 0x64, 0x8B, 0x1A, 0x95, 0x06,
    0xBD, 0x46, 0x52, 0xCF, 0xCB, 0x25, 0x75, 0x1A, 0xE5, 0x91, 0xAB, 0x91, 0x54, 0x6E, 0xF5, 0x50,
    0x46, 0xC4, 0xB4, 0x24, 0xCB, 0x41, 0x25, 0x57, 0x12, 0x22, 0x2A, 0xBA, 0xF2, 0x5A, 0x55, 0xEA,
    0x01, 0x0C, 0x81, 0xD6, 0x30, 0xB2, 0xBA, 0xF2, 0x78, 0x83, 0x55, 0x90, 0x7A, 0xEA, 0x0A, 0xE5,
    0xD7, 0x46, 0xE2, 0x14, 0x0A, 0xB0, 0x23, 0xEC, 0x58, 0xA8, 0x04, 0xDF, 0x2D, 0xA8, 0x4E, 0x1A,
    0xC6, 0x84, 0x32, 0x9C, 0x65, 0x21, 0x2A, 0x93, 0xE4, 0x41, 0x5A, 0x49, 0x3E, 0x0C, 0x16, 0xCA,
    0xB1, 0xB4, 0xA5, 0xCB, 0x56, 0x11, 0x4A, 0xB2, 0x00, 0x33, 0xB3, 0x61, 0x48, 0x65, 0x59, 0xD8,
    0xD1, 0x97, 0x3A, 0x47, 0x5A, 0x14, 0x25, 0xD5, 0x7D, 0x94, 0x76, 0x0B, 0x47, 0xDA, 0xE3, 0x9C,
    0x47, 0xB2, 0x38, 0x67, 0x49, 0xB0, 0xEB, 0x12, 0x43, 0x8D, 0x6E, 0x87, 0xC3, 0xCE, 0x30, 0xE7,
    0xE1, 0x2E, 0xA7, 0x57, 0xE6, 0xE1, 0x37, 0x3E, 0x2C, 0xFC, 0x61, 0x87, 0xE1, 0x1E, 0xF8, 0xF0,
    0x90, 0xAE, 0xDB, 0x47, 0x3B, 0xAD, 0xD7, 0x39, 0xBE, 0x87, 0xBB, 0xC6, 0x5E, 0x83, 0x12, 0x49,
    0x91, 0x5E, 0x17, 0xA5, 0x45, 0xB2, 0x4F, 0x87, 0x2B, 0xE2, 0xF8, 0x5D, 0xD9, 0xDB, 0xE5, 0x80,
    0x29, 0x87, 0xFF, 0xFC, 0x5C, 0x17, 0xDC, 0xB2, 0xEC, 0x33, 0x63, 0x9D, 0xE1, 0x32, 0xBD, 0xC2,
    0x67, 0xEE, 0xD0, 0x0F, 0x6A, 0x05, 0x97, 0x3A, 0xF1, 0x17, 0x35, 0x3A, 0x9D, 0x01, 0x9B, 0xFA,
    0xA7, 0xDB, 0xC1, 0x88, 0x32, 0xD8, 0xB2, 0xE7, 0x41, 0xE6, 0x37, 0xB0, 0x11, 0x45, 0x83, 0xD6,
    0x7F, 0xE3, 0x4B, 0x5B, 0xE3, 0x87, 0xF1, 0x39, 0x7F, 0x63, 0xFA, 0xCE, 0x3C, 0x13, 0xAC, 0x91,
    0x68, 0x7E, 0x96, 0xA8, 0x57, 0xA9, 0xDD, 0x48, 0x32, 0x91, 0x14, 0xEE, 0x08, 0xEA, 0x1C, 0xB4,
    0x68, 0x9B, 0xA1, 0x5C, 0xB3, 0x62, 0xE3, 0xD3, 0x89, 0x5D, 0x17, 0x30, 0x34, 0xDA, 0x5A, 0x62,
    0x47, 0x01, 0x81, 0x84, 0xD0, 0x30, 0x03, 0x1B, 0x17, 0xAE, 0xFB, 0xBA, 0xB0, 0xAF, 0x11, 0x79,
    0xD4, 0x63, 0x9E, 0x9E, 0xD2, 0x0E, 0xE4, 0xAE, 0xB7, 0x95, 0x1E, 0xA1, 0x85, 0x08, 0xFD, 0xC4,
    0x2E, 0x98, 0x9A, 0x51, 0x57, 0xA5, 0xF0, 0x1B, 0x25, 0x59, 0x27, 0xB8, 0x1A, 0x0B, 0x59, 0x6C,
    0xC6, 0x5A, 0xC1, 0x70, 0xED, 0xB8, 0x6D, 0x2F, 0x9B, 0x81, 0xD9, 0x93, 0xB2, 0x4C, 0x41, 0xDD,
    0xEC, 0xDD, 0x77, 0x89, 0x14, 0x97, 0xFA, 0x82, 0xB3, 0x11, 0x97, 0xA6, 0x6A, 0xF8, 0x1C, 0x6D,
    0x82, 0x80, 0x29, 0xE4, 0xBD, 0x53, 0x20, 0x0B, 0x52, 0x33, 0x03, 0x04, 0x4A, 0xF7, 0xB6, 0xD1,
    0xEC, 0x13, 0x9D, 0x13, 0x38, 0x86, 0xB2, 0x58, 0x19, 0x0E, 0x9D, 0xE9, 0x11, 0x35, 0xB3, 0x37,
    0x5B, 0x7C, 0x6C, 0x3F, 0x1B, 0xC0, 0xD7, 0xD8, 0x11, 0xB0, 0x4E, 0xA0, 0xCD, 0x1D, 0x23, 0x88,
    0x74, 0x9E, 0xA4, 0x45, 0xA6, 0x24, 0x46, 0x30, 0x82, 0xA7, 0xDC, 0x52, 0x8B, 0xF7, 0x0B, 0xCE,
    0x47, 0x8F, 0x15, 0xE0, 0x5C, 0x23, 0x38, 0xCF, 0xEE, 0x27, 0xD8, 0x44, 0x4A, 0x57, 0x44, 0xBA,
    0x06, 0x74, 0xE7, 0x76, 0xE1, 0x64, 0x8E, 0x1C, 0xCA, 0xFD, 0xE7, 0x78, 0x95, 0xB4, 0xD4, 0xE6,
    0x02, 0x4A, 0xA3, 0x12, 0x18, 0x6F, 0x37, 0x70, 0xDC, 0x80, 0x7F, 0xCC, 0x7C, 0x1C, 0x61, 0x74,
    0x1F, 0x31, 0x8F, 0xAB, 0x01, 0x28, 0x3E, 0xC2, 0xF6, 0x7E, 0x20, 0x54, 0xF9, 0xA1, 0x3E, 0x86,
    0x0F, 0x66, 0x63, 0x37, 0xA7, 0x30, 0xF0, 0xDC, 0x31, 0x3C, 0x6D, 0x01, 0x0F, 0x51, 0xC8, 0x0B,
    0x11, 0x18, 0xAF, 0x47, 0x7C, 0x1C, 0xB8, 0xF6, 0x29, 0x46, 0x37, 0xBE, 0x84, 0x30, 0x5E, 0x6B,
    0x80, 0x76, 0x35, 0x16, 0x78, 0x3C, 0x21, 0xB3, 0x2A, 0x0B, 0x9B, 0x8D, 0xFE, 0xB2, 0xAC, 0xC7,
    0xCB, 0xFD, 0xAF, 0x87, 0xFA, 0x64, 0x20, 0xF2, 0xBE, 0x12, 0x21, 0xE3, 0x94, 0xFE, 0xB8, 0x6A,
    0x2F, 0xC1, 0xD6, 0x1F, 0x9C, 0x51, 0x39, 0x54, 0x9E, 0xF6, 0x82, 0x9C, 0xE0, 0xF4, 0x31, 0xD6,
    0x8D, 0x14, 0xC1, 0x55, 0xDE, 0xBE, 0x7C, 0x01, 0xAA, 0x4D, 0x58, 0x7C, 0x02, 0x2E, 0x1D, 0xD1,
    0x36, 0xD6, 0x34, 0xFC, 0xFF, 0x40, 0xBF, 0x02, 0x4C, 0xC7, 0x54, 0x7F, 0x4E, 0x09, 0x23, 0xF8,
    0x75, 0x00, 0x5F, 0xF3, 0x7B, 0x84, 0xAE, 0x7E, 0xD4, 0xE8, 0x55, 0x32, 0x75, 0xEA, 0xD2, 0x02,
    0xAE, 0xC4, 0xB9, 0x27, 0xB5, 0x3D, 0x23, 0xA7, 0x26, 0xC7, 0xF0, 0x0D, 0x61, 0x95, 0xA5, 0xC9,
    0x38, 0x36, 0x05, 0xD8, 0x3F, 0x88, 0x78, 0xD0, 0xA1, 0xFE, 0xD6, 0xB7, 0xA0, 0x7A, 0x7F, 0x13,
    0xB3, 0x1B, 0xEB, 0x47, 0x24, 0xED, 0x25, 0xBE, 0x2B, 0xE9, 0x43, 0xCD, 0xB4, 0x07, 0x3C, 0xF5,
    0x47, 0x00, 0x3F, 0xE5, 0x7B, 0xA7, 0x6E, 0x94, 0xDB, 0x41, 0xA8, 0x39, 0x90, 0x38, 0xD0, 0x38,
    0xB8, 0x1D, 0xD8, 0xD4, 0x28, 0xD6, 0xDE, 0x4B, 0x30, 0xED, 0x4F, 0x53, 0x8C, 0xB2, 0x87, 0x05,
    0x69, 0x6F, 0xB8, 0xDF, 0x39, 0xBB, 0x63, 0x6A, 0xD4, 0xC0, 0x0C, 0x85, 0x8F, 0xB1, 0xCF, 0x99,
    0x77, 0xC7, 0x1A, 0xF5, 0x08, 0x06, 0x2D, 0xC3, 0x6E, 0x8E, 0x02, 0xB6, 0xF2, 0x70, 0x4F, 0x72,
    0x80, 0x89, 0x68, 0x4F, 0x9E, 0x0A, 0x79, 0x83, 0x28, 0xE0, 0x5D, 0x52, 0x37, 0x26, 0x02, 0xAE,
    0x1B, 0x3B, 0x9E, 0xB9, 0x6E, 0xC2, 0xF9, 0xCC, 0x75, 0x1B, 0xCE, 0xEB, 0x96, 0xAF, 0x1C, 0x00,
    0x76, 0xBB, 0x16, 0x77, 0x22, 0xC4, 0xFB, 0x84, 0xBF, 0xDD, 0x16, 0x01, 0x6D, 0x52, 0x84, 0x8C,
    0xEC, 0x12, 0xDF, 0xF0, 0xF3, 0x3E, 0xF1, 0x90, 0x9F, 0x77, 0x0A, 0xA5, 0x77, 0xD4, 0xF8, 0x64,
    0xCF, 0x50, 0xF1, 0xC5, 0xF6, 0xE9, 0xFE, 0xB6, 0x66, 0xD5, 0x9E, 0xD3, 0x45, 0xC2, 0x7B, 0xF3,
    0xD5, 0x3B, 0x61, 0xE5, 0xED, 0x38, 0xED, 0x51, 0xF1, 0x8B, 0xF9, 0x93, 0xCF, 0xEA, 0x0B, 0x76,
    0x87, 0x61, 0xB6, 0xEE, 0x30, 0x89, 0xEA, 0x81, 0xA0, 0xCF, 0xEC, 0xD7, 0x8E, 0xC4, 0x69, 0xAB,
    0x5E, 0x36, 0xA4, 0xE2, 0x84, 0xAD, 0x32, 0x0B, 0x84, 0xD3, 0xA6, 0x93, 0x9D, 0xED, 0xAE, 0xD8,
    0xE8, 0x41, 0x8B, 0x96, 0x1C, 0xC4, 0xE8, 0xCD, 0xDE, 0xA1, 0x4E, 0x92, 0xF7, 0xC7, 0x99, 0x1E,
    0xD5, 0xFB, 0xBE, 0xBD, 0x10, 0xBD, 0x7A, 0x2B, 0xF5, 0x57, 0x83, 0xDE, 0x61, 0xD9, 0x99, 0xE9,
    0x76, 0x5A, 0xC6, 0xA8, 0xAF, 0x3B, 0x9D, 0xBF, 0x77, 0x0B, 0x5E, 0x76, 0x4B, 0x3B, 0xDD, 0x72,
    0xD8, 0xBC, 0xD4, 0x78, 0x2A, 0x4E, 0x67, 0x3B, 0x95, 0x8E, 0x74, 0xC5, 0x95, 0xEE, 0xF2, 0x76,
    0x2C, 0xC4, 0x49, 0x26, 0xD0, 0x19, 0xB3, 0x34, 0x48, 0xD1, 0xD9, 0xAB, 0x05, 0x37, 0x7B, 0xD2,
    0xF6, 0xDE, 0xEC, 0x86, 0xB8, 0xF2, 0xBD, 0x36, 0x2B, 0x45, 0x46, 0x63, 0x18, 0x92, 0x80, 0x65,
    0x80, 0x83, 0x21, 0x85, 0xAA, 0x23, 0xC1, 0x97, 0xE0, 0x66, 0x4B, 0x7F, 0xE5, 0xDD, 0xAC, 0x25,
    0x35, 0x1F, 0xD4, 0x2A, 0x96, 0x44, 0x00, 0x8A, 0x0C, 0x12, 0x18, 0x7E, 0x3C, 0x0B, 0x82, 0xD0,
    0xB3, 0xB1, 0x79, 0xE6, 0x48, 0x2A, 0x65, 0xBF, 0x3F, 0xF7, 0xCC, 0xCC, 0x8C, 0x32, 0x33, 0xDB,
    0x90, 0xCB, 0x90, 0x85, 0x4E, 0xB6, 0xB0, 0x19, 0x6A, 0x27, 0xDF, 0x7E, 0xF8, 0xC3, 0xF0, 0x9D,
    0xCA, 0x9F, 0xAF, 0x0A, 0xAB, 0x6E, 0xFA, 0x00, 0x63, 0xB2, 0x7A, 0xE5, 0x35, 0xFE, 0xDD, 0x12,
    0x2B, 0x47, 0x21, 0xBE, 0xC7, 0x06, 0x08, 0xDF, 0xB6, 0x10, 0x98, 0x8E, 0x40, 0xA0, 0x3D, 0xE8,
    0xD3, 0x12, 0x8E, 0x74, 0x8C, 0x1B, 0x9D, 0x22, 0x27, 0xD5, 0xAE, 0x46, 0x54, 0x15, 0xFD, 0x5A,
    0x83, 0x83, 0x34, 0xF1, 0xD7, 0x80, 0xCF, 0xB0, 0xD8, 0x65, 0x13, 0x42, 0xB6, 0x96, 0x7D, 0x52,
    0xF4, 0x65, 0x92, 0xCF, 0xED, 0x51, 0x0F, 0x65, 0xB3, 0x56, 0x26, 0xA3, 0x16, 0xB2, 0x45, 0x7B,
    0xEA, 0x72, 0xBC, 0xD1, 0x54, 0x64, 0x37, 0xE7, 0xDE, 0xA5, 0xB6, 0x44, 0xEF, 0xD2, 0x22, 0xC1,
    0xCD, 0x94, 0xFB, 0x77, 0xDD, 0x1C, 0xBB, 0xED, 0xD6, 0x33, 0x95, 0xF5, 0xDC, 0x25, 0x5C, 0x64,
    0x0E, 0x8A, 0x11, 0x6A, 0x50, 0x93, 0xC7, 0x64, 0x2C, 0x63, 0xB1, 0x77, 0xDA, 0x79, 0x6F, 0xD5,
    0xB3, 0x43, 0x54, 0x9B, 0x9D, 0xCA, 0xAF, 0x23, 0x4D, 0x58, 0x43, 0x3D, 0xEE, 0xFD, 0x24, 0xE2,
    0x27, 0x1B, 0xB4, 0x6D, 0x35, 0x88, 0xEB, 0x1E, 0xE4, 0x75, 0x0F, 0xE2, 0x44, 0x80, 0x79, 0xEE,
    0x64, 0xC6, 0xE3, 0xCF, 0x45, 0xFD, 0x94, 0x07, 0x83, 0x8E, 0xA3, 0xF1, 0x92, 0xCB, 0xF8, 0x35,
    0x02, 0x81, 0x5F, 0xD5, 0xDB, 0x8B, 0xF8, 0x35, 0x19, 0x1D, 0x06, 0x73, 0x44, 0xED, 0x45, 0xCE,
    0xF5, 0xA7, 0x05, 0x65, 0xB0, 0x76, 0xC3, 0xB6, 0xD8, 0xD5, 0x13, 0x1A, 0xF3, 0x4F, 0xAD, 0xC0,
    0x6C, 0x6B, 0x7B, 0xB4, 0xA6, 0xF3, 0x85, 0x36, 0x2D, 0x8E, 0xC5, 0xFE, 0x99, 0x47, 0x58, 0x2F,
    0x86, 0xF9, 0xF9, 0x1E, 0xAC, 0xFB, 0xDE, 0xA0, 0xD2, 0x76, 0x8F, 0xFD, 0x3C, 0xB5, 0x93, 0xF5,
    0x93, 0xC2, 0xF8, 0x79, 0x6C, 0xD3, 0x48, 0xBB, 0xB8, 0xE4, 0xE8, 0xA0, 0x4D, 0xA3, 0xDD, 0xFC,
    0xB9, 0xB4, 0x09, 0xFE, 0x9D, 0x82, 0x8D, 0x13, 0x25, 0x68, 0x0B, 0x12, 0xE5, 0x17, 0x4B, 0x20,
    0x16, 0x16, 0x26, 0x8E, 0x4D, 0x4E, 0x79, 0x35, 0xA4, 0xB1, 0xAD, 0xF1, 0x36, 0x9B, 0xB7, 0xC5,
    0xF2, 0xD1, 0x33, 0x5B, 0x72, 0xC8, 0x9D, 0xC1, 0xED, 0xC0, 0xB4, 0xB8, 0xCE, 0x96, 0x32, 0xED,
    0x32, 0xA7, 0x4F, 0x71, 0x9C, 0xE8, 0x6B, 0x2C, 0xED, 0xD2, 0x42, 0x34, 0xEF, 0xB1, 0x42, 0xCF,
    0x5C, 0x6C, 0x7B, 0xA3, 0x84, 0xCB, 0xC9, 0xBC, 0x12, 0x6D, 0xE5, 0x7E, 0xDA, 0xE3, 0xD3, 0xBF,
    0x73, 0xCE, 0x22, 0x22, 0xDA, 0x7A, 0xDB, 0x28, 0x77, 0x4B, 0x4C, 0xA0, 0xD0, 0x77, 0xB4, 0x5F,
    0x82, 0xEE, 0xD2, 0xA6, 0xBD, 0xE4, 0x2A, 0xA9, 0x8F, 0xC3, 0x68, 0xD5, 0xCD, 0x9A, 0x72, 0x5B,
    0x6B, 0x47, 0x6E, 0x7F, 0xAD, 0xC9, 0x7E, 0x96, 0xDE, 0xB7, 0xE5, 0x2F, 0x51, 0xA1, 0xBC, 0xD9,
    0x19, 0xFE, 0x23, 0x7F, 0x54, 0x46, 0x72, 0x5B, 0x83, 0xF9, 0xD5, 0x04, 0xCE, 0x39, 0x31, 0x4C,
    0x23, 0xE7, 0xA1, 0x79, 0x7D, 0x34, 0x15, 0xF7, 0xB1, 0x8C, 0x62, 0xB6, 0x91, 0x1F, 0x0C, 0x95,
    0x39, 0xAE, 0xD5, 0x61, 0x37, 0x1F, 0xCD, 0x92, 0xEF, 0xCE, 0x6F, 0x0C, 0x34, 0x7F, 0x15, 0x28,
    0xFE, 0x89, 0x02, 0xA0, 0x28, 0x02, 0x8A, 0xDB, 0x7B, 0x2B, 0x5B, 0x79, 0x3F, 0x57, 0x2B, 0x20,
    0x73, 0x25, 0x05, 0x36, 0xD2, 0xB4, 0x31, 0xF2, 0x07, 0x12, 0x0D, 0x9A, 0xB2, 0xEC, 0xD2, 0xC7,
    0x58, 0xEE, 0x84, 0x34, 0x87, 0x65, 0xFB, 0x3E, 0xB9, 0x7F, 0xDC, 0xF5, 0xCD, 0xFA, 0x37, 0xE1,
    0xF7, 0x1F, 0xB1, 0xBE, 0xD7, 0x02, 0x94, 0x41, 0x11, 0xE2, 0x7F, 0xE5, 0xB6, 0x94, 0x4D, 0xCE,
    0x69, 0xED, 0x5A, 0x03, 0xBA, 0x43, 0x93, 0xFA, 0x5E, 0xD6, 0x3E, 0x59, 0x47, 0x72, 0x08, 0x0F,
    0xDF, 0xC6, 0x72, 0x61, 0x40, 0x56, 0x9E, 0x30, 0xE4, 0x10, 0xB0, 0x2A, 0x1C, 0x48, 0xAA, 0x9C,
    0x91, 0x68, 0xC4, 0x62, 0x40, 0x99, 0xCD, 0x76, 0x71, 0xBA, 0xC2, 0xB7, 0x58, 0x75, 0xFD, 0xB4,
    0x40, 0x9D, 0x8A, 0x8F, 0xA2, 0xB2, 0x88, 0x59, 0xA0, 0x3C, 0xE1, 0xC5, 0xDF, 0x05, 0x7F, 0x5F,
    0x75, 0x40, 0xAC, 0xD8, 0x5E, 0x96, 0xA2, 0xDF, 0x91, 0xBE, 0x75, 0x47, 0x56, 0x90, 0xCC, 0x09,
    0x34, 0xB2, 0xA4, 0x59, 0x80, 0xC4, 0xB1, 0x8D, 0x96, 0x3B, 0x42, 0x60, 0xA8, 0xC2, 0xBF, 0x44,
    0x3E, 0x10, 0x31, 0x6E, 0x55, 0x96, 0x2F, 0xE4, 0xE3, 0x65, 0xDD, 0x25, 0x0E, 0xA7, 0xBD, 0xC0,
    0x93, 0x3B, 0xAE, 0xF8, 0x84, 0xC5, 0x0F, 0x5C, 0xC2, 0x62, 0x9D, 0xB1, 0x38, 0xBD, 0x23, 0x58,
    0xCC, 0x7A, 0x8A, 0x0D, 0x9F, 0x0C, 0xAA, 0xE9, 0xFA, 0x58, 0x45, 0xD1, 0x5B, 0x54, 0x05, 0x04,
    0xC4, 0x6E, 0x3B, 0x1D, 0x1E, 0xDC, 0x5A, 0xA8, 0x62, 0xD5, 0x95, 0x6B, 0x0D, 0xC9, 0x7E, 0x72,
    0x03, 0x57, 0x11, 0xFE, 0x0E, 0xD6, 0x9B, 0xD9, 0x73, 0x4C, 0x69, 0x36, 0xB1, 0xEA, 0x9D, 0x76,
    0xB2, 0xA6, 0x08, 0x49, 0xD3, 0x12, 0xA9, 0xD0, 0x44, 0x3C, 0x23, 0x29, 0x9B, 0x72, 0x9C, 0x87,
    0x3D, 0x25, 0x5D, 0xC7, 0xEC, 0x25, 0x3D, 0x0E, 0xA9, 0x4E, 0x07, 0x2E, 0x66, 0x8E, 0x57, 0x5F,
    0x38, 0x5E, 0x51, 0xAD, 0x52, 0x1E, 0x5B, 0x5E, 0x7E, 0xBA, 0x00, 0xB8, 0x7C, 0xD0, 0xF8, 0x65,
    0x67, 0x30, 0x99, 0x99, 0x07, 0xA6, 0x4B, 0x70, 0xA5, 0x88, 0x37, 0xAF, 0x8B, 0xDF, 0xC3, 0x9B,
    0x82, 0x2C, 0x76, 0xB6, 0x3E, 0xC7, 0x97, 0x69, 0x05, 0x05, 0xE2, 0x1E, 0xDB, 0x55, 0x5C, 0xCE,
    0x4B, 0xC3, 0xE3, 0x0A, 0x72, 0x88, 0x15, 0x1C, 0xBA, 0x3E, 0xF7, 0xE3, 0xB9, 0x91, 0xB4, 0x15,
    0x39, 0xFF, 0x5B, 0x0F, 0xE6, 0xC7, 0x78, 0x6D, 0x11, 0x11, 0x62, 0xA4, 0x9E, 0x85, 0x7F, 0xBB,
    0x07, 0xFE, 0x33, 0x84, 0xE7, 0x57, 0xE0, 0x7B, 0x73, 0xF0, 0x5C, 0x3C, 0xB2, 0x11, 0x39, 0xEF,
    0xD2, 0x3D, 0xB4, 0xFC, 0x88, 0xCB, 0xEB, 0x6B, 0xD4, 0x41, 0x79, 0xCB, 0xD5, 0x5F, 0x75, 0x67,
    0x53, 0x68, 0xDC, 0x2D, 0xD4, 0xA8, 0xA3, 0x2B, 0xA5, 0x95, 0xC9, 0x95, 0x23, 0xE7, 0x3E, 0x7D,
    0xEE, 0x33, 0x51, 0x35, 0xD8, 0x0F, 0x07, 0xA0, 0xFA, 0xC6, 0x6F, 0x37, 0xCD, 0xA5, 0x12, 0xAC,
    0x04, 0x11, 0x2A, 0x23, 0x8B, 0x7F, 0x69, 0x35, 0x45, 0x00, 0xB9, 0x1E, 0x6A, 0xC1, 0x89, 0xC9,
    0xEA, 0x62, 0x59, 0x0C, 0x71, 0x3C, 0x18, 0x3A, 0xE0, 0xC3, 0x5D, 0x53, 0xC1, 0x69, 0x73, 0x31,
    0x98, 0x33, 0x53, 0x7F, 0x6E, 0xDF, 0x7D, 0x50, 0x5E, 0x13, 0x10, 0x6D, 0x0E, 0x71, 0xCA, 0x23,
    0x8A, 0xEA, 0xD9, 0x6B, 0x96, 0x0C, 0x6C, 0xAA, 0x59, 0x42, 0xF6, 0x21, 0xD2, 0xEE, 0x95, 0x26,
    0xB2, 0xC1, 0xAF, 0xF2, 0xA3, 0xF6, 0x7F, 0x00, 0x04, 0x5F, 0x9E, 0xC1, 0xCF, 0x97, 0x74, 0x00,
    0x9F, 0x3D, 0x98, 0x89, 0x96, 0x5D, 0xFB, 0x6B, 0x1D, 0x94, 0x0D, 0xE6, 0x9C, 0xFA, 0x45, 0xD0,
    0xFE, 0x47, 0x64, 0xFA, 0xAC, 0x27, 0x27, 0xB9, 0xD3, 0x6B, 0xA3, 0x72, 0xCB, 0x64, 0x1E, 0x87,
    0x10, 0xE5, 0x01, 0x79, 0x73, 0xB9, 0x3E, 0x33, 0x35, 0x9F, 0x9D, 0x95, 0xE6, 0xF2, 0xB8, 0xBD,
    0x7C, 0x1C, 0x7F, 0x38, 0x57, 0x05, 0x26, 0x7A, 0x9D, 0xB5, 0xEF, 0x6B, 0x3F, 0x3B, 0x95, 0xE7,
    0xD7, 0x2E, 0xA3, 0x5D, 0x6E, 0x1B, 0x96, 0x3C, 0x1E, 0x32, 0x6C, 0xC3, 0xAC, 0xBD, 0x9D, 0xD5,
    0x03, 0x36, 0x7C, 0x59, 0x37, 0xF0, 0xF3, 0xFA, 0xB6, 0x71, 0x20, 0xAF, 0xE1, 0xD9, 0x0F, 0x98,
    0x87, 0xD8, 0xDF, 0x41, 0xFC, 0x91, 0xEE, 0xC6, 0xF8, 0x6B, 0xE3, 0x14, 0xC4, 0x64, 0x26, 0x81,
    0x88, 0x7A, 0xF7, 0x4B, 0x6F, 0xB4, 0x8E, 0x00, 0x53, 0x84, 0x78, 0xA5, 0x88, 0xA7, 0xE3, 0xCF,
    0xBE, 0x7D, 0x91, 0x84, 0x92, 0x23, 0xDF, 0xF6, 0x74, 0x0A, 0xEB, 0xB3, 0x82, 0xB5, 0x3B, 0x15,
    0x89, 0x5A, 0xFE, 0x01, 0x3E, 0x65, 0x4C, 0x09, 0x51, 0x47, 0xCC, 0xBC, 0x24, 0x6D, 0x0A, 0xB1,
    0x70, 0x44, 0x6B, 0x11, 0xAD, 0xF0, 0xE0, 0x80, 0x79, 0x0E, 0xEE, 0x9D, 0x83, 0xCF, 0xF9, 0xA5,
    0x53, 0x70, 0xEE, 0x18, 0x4C, 0xAD, 0xCC, 0x9F, 0x82, 0xB3, 0x87, 0x61, 0x6A, 0xE1, 0xC8, 0x29,
    0x38, 0x35, 0x05, 0xF7, 0x46, 0x48, 0xCB, 0x28, 0x06, 0x1C, 0x9F, 0xD6, 0xAC, 0xA0, 0x35, 0x04,
    0x84, 0x59, 0x62, 0x41, 0x88, 0x54, 0x1A, 0x61, 0xFE, 0x21, 0x85, 0xF9, 0xE1, 0xF1, 0xF7, 0x48,
    0x84, 0x52, 0xF9, 0xD8, 0x62, 0x0B, 0x78, 0xFC, 0xFD, 0xC5, 0x99, 0x99, 0xF7, 0xE6, 0xDB, 0xF0,
    0x21, 0x77, 0x93, 0x8C, 0x79, 0x5E, 0xBE, 0xF2, 0xE6, 0x48, 0xD4, 0x11, 0x39, 0x28, 0xDC, 0xDD,
    0xA3, 0x58, 0xD6, 0x77, 0xC3, 0x30, 0x8A, 0xA2, 0x7A, 0x70, 0xC4, 0x1D, 0xF1, 0xEC, 0xA8, 0x34,
    0x3F, 0x57, 0xA2, 0x6F, 0x69, 0xDE, 0x8E, 0x46, 0x48, 0xC2, 0x85, 0x9F, 0x6B, 0xC1, 0xB4, 0xD2,
    0xA8, 0x06, 0x9F, 0x85, 0x43, 0xAE, 0xE3, 0xFF, 0x4E, 0x68, 0x85, 0xD5, 0x60, 0x05, 0xE8, 0x3B,
    0x76, 0x53, 0x34, 0x5F, 0x5C, 0x34, 0x6A, 0xC4, 0xB5, 0x82, 0x52, 0x54, 0x8A, 0x30, 0xEF, 0x68,
    0x3C, 0xA8, 0x0A, 0x19, 0x4F, 0xC8, 0xB9, 0x04, 0x27, 0x8F, 0x52, 0x3D, 0x9D, 0x77, 0x12, 0x43,
    0x04, 0x6C, 0x6E, 0x71, 0x5D, 0xF1, 0x39, 0x46, 0xEA, 0x3E, 0x62, 0x77, 0x93, 0xBA, 0x5B, 0xC2,
    0xCD, 0x70, 0xCB, 0xB3, 0x60, 0x8A, 0x81, 0x2B, 0xC7, 0xC9, 0xCC, 0xA2, 0x16, 0xA1, 0xA6, 0x17,
    0x13, 0x5A, 0xB9, 0xA8, 0xEE, 0xA2, 0x98, 0xB2, 0xFC, 0x8A, 0x9C, 0xE5, 0xCA, 0x1E, 0x54, 0x35,
    0x5A, 0xE4, 0x30, 0x47, 0x0F, 0xAC, 0x00, 0x47, 0x95, 0x8E, 0xAB, 0x05, 0xD4, 0x46, 0x37, 0x4E,
    0x7C, 0x54, 0x35, 0x38, 0x31, 0x7C, 0x92, 0xE2, 0x94, 0x29, 0x21, 0x5B, 0x24, 0x64, 0x9A, 0x37,
    0xC2, 0x93, 0x97, 0x6A, 0xD3, 0xD3, 0x97, 0xCC, 0x50, 0x93, 0xD6, 0x7C, 0x9F, 0xCC, 0x6A, 0xD6,
    0x02, 0x94, 0x6C, 0x38, 0xB9, 0x40, 0xEF, 0x11, 0xC9, 0xEC, 0xFE, 0xB6, 0x4B, 0xCB, 0x58, 0x91,
    0x84, 0xE9, 0x89, 0x52, 0x61, 0x31, 0x21, 0x66, 0xFC, 0x8E, 0x0B, 0xEA, 0x65, 0xD4, 0x27, 0x5E,
    0x08, 0x58, 0x0F, 0x52, 0x36, 0xF1, 0x10, 0xB7, 0x2F, 0xD3, 0x84, 0xC4, 0xAA, 0xE8, 0xA8, 0xF6,
    0x5F, 0x0B, 0x50, 0xE9, 0xD7, 0xFC, 0x39, 0xE8, 0xEA, 0x1C, 0xB7, 0x3E, 0x43, 0xE0, 0xCE, 0x02,
    0x5B, 0xB0, 0x69, 0x81, 0xAD, 0x21, 0x6C, 0xF6, 0x32, 0x0E, 0xFF, 0x1D, 0x2D, 0xF5, 0x6C, 0x7C,
    0xC8, 0xFE, 0xBC, 0x0F, 0xD6, 0x53, 0xE1, 0x98, 0xF9, 0xEA, 0x46, 0x84, 0xF5, 0xC3, 0xBD, 0xE5,
    0xF6, 0xAC, 0x5B, 0xB8, 0x45, 0xBD, 0x0A, 0x3B, 0xD3, 0x88, 0x25, 0xA5, 0x34, 0x29, 0xDA, 0xB4,
    0x7A, 0x17, 0xBD, 0x52, 0xA7, 0xB6, 0x4E, 0xEF, 0xA3, 0x22, 0x17, 0x91, 0xAB, 0x07, 0x8C, 0xFB,
    0xC0, 0x74, 0xB5, 0xD0, 0x96, 0x0B, 0x6E, 0x4D, 0xF3, 0x5C, 0x3A, 0x88, 0x17, 0xB2, 0xDD, 0x70,
    0xE3, 0x69, 0xF3, 0x9F, 0x22, 0xE7, 0xE2, 0x3B, 0xA1, 0x85, 0x14, 0xAE, 0x37, 0xD6, 0xC5, 0xBB,
    0xAD, 0xEA, 0x09, 0x2A, 0x16, 0x09, 0xBF, 0x15, 0x87, 0x70, 0x40, 0x41, 0xB9, 0xF9, 0x02, 0x8A,
    0xFC, 0xCA, 0x31, 0x13, 0xD4, 0x16, 0x72, 0x5F, 0x5A, 0x49, 0x85, 0xCA, 0xA6, 0x85, 0xC4, 0xC8,
    0x25, 0xD4, 0x14, 0x14, 0x4A, 0x01, 0x9D, 0x74, 0x1F, 0x3D, 0xE7, 0x48, 0x2B, 0xCE, 0x64, 0x91,
    0xD4, 0xEE, 0x2C, 0xB6, 0xD5, 0xDF, 0xC5, 0xB6, 0x3E, 0xE1, 0xD3, 0x34, 0x6E, 0x69, 0x0A, 0xCF,
    0x26, 0xCF, 0x45, 0xF7, 0xB4, 0x85, 0x3D, 0xBC, 0xC2, 0x7D, 0x9C, 0xE3, 0x8B, 0x05, 0x8A, 0x40,
    0x98, 0xE0, 0x98, 0x37, 0x78, 0x2B, 0xC0, 0x8E, 0x2D, 0x74, 0xCE, 0x06, 0xE2, 0xB5, 0x3C, 0x39,
    0xB6, 0xDD, 0x60, 0xFE, 0x5B, 0x5C, 0x83, 0x0B, 0x26, 0x0E, 0xE3, 0x3E, 0x59, 0xD8, 0x4F, 0x00,
    0xDC, 0x35, 0x71, 0xEB, 0x6B, 0xD4, 0xEE, 0xBB, 0x0B, 0xF7, 0x23, 0x50, 0x31, 0xF7, 0x41, 0x59,
    0xEE, 0x0E, 0xED, 0xF0, 0xE1, 0x6B, 0xD4, 0x5A, 0x59, 0xF3, 0x81, 0x30, 0xDD, 0xB1, 0xF1, 0x0E,
    0xD8, 0x7C, 0x47, 0x7A, 0xF4, 0x5C, 0x31, 0xF2, 0xA0, 0xCB, 0x75, 0x71, 0x3B, 0x5D, 0x09, 0xF2,
    0x64, 0x10, 0x16, 0x1F, 0xB1, 0x1E, 0x7A, 0x88, 0xB1, 0x65, 0x7F, 0xEB, 0x67, 0x0C, 0x8D, 0x65,
    0x3E, 0xD4, 0x79, 0xFF, 0xAE, 0x7A, 0xFD, 0xD2, 0x0D, 0x3E, 0x1F, 0xF6, 0x0E, 0xAD, 0x81, 0x87,
    0x57, 0xFE, 0x96, 0x8B, 0xBE, 0xA8, 0x9B, 0x16, 0xDD, 0xE9, 0x7C, 0xAF, 0xE5, 0xEE, 0x6D, 0x97,
    0xED, 0xD5, 0x73, 0x20, 0x17, 0x07, 0xEB, 0xF5, 0xE9, 0x5E, 0x64, 0x29, 0x2B, 0xAB, 0xF8, 0x5A,
    0xDD, 0x41, 0x80, 0xB7, 0x7B, 0xB1, 0xAC, 0x93, 0x52, 0x57, 0x9F, 0x92, 0xAA, 0xCF, 0x8A, 0x34,
    0x8C, 0x84, 0xA5, 0x9E, 0x5C, 0x54, 0x09, 0xA4, 0xA1, 0x23, 0x92, 0x46, 0x83, 0x55, 0xF9, 0x5C,
    0x59, 0x0A, 0x43, 0xBB, 0x47, 0x3B, 0xED, 0x70, 0xFD, 0x3F, 0x81, 0x6B, 0xCE, 0x28, 0x0C, 0x18,
    0xF1, 0xF2, 0x32, 0x8F, 0x41, 0x2A, 0xD2, 0xB3, 0x2C, 0xBC, 0xCC, 0x62, 0xAD, 0x21, 0xB1, 0x96,
    0x0B, 0x79, 0xA2, 0x77, 0xCF, 0x5A, 0x2E, 0x85, 0x19, 0x16, 0xC5, 0x35, 0x4A, 0x26, 0x0A, 0xBF,
    0xFB, 0xB9, 0x3E, 0x8B, 0x25, 0xD1, 0xF2, 0xB5, 0xA2, 0x9B, 0x70, 0xB5, 0xC3, 0x58, 0x20, 0x86,
    0xAC, 0x37, 0x5E, 0x53, 0xC2, 0xA4, 0x17, 0xF6, 0x92, 0x72, 0x49, 0x54, 0x43, 0x1D, 0x04, 0x55,
    0x8E, 0xF1, 0x44, 0xBC, 0x9B, 0x98, 0x48, 0xF9, 0x9E, 0x36, 0x8E, 0x32, 0xA2, 0xD5, 0x7E, 0xDE,
    0x63, 0x78, 0xF2, 0xD2, 0xE6, 0xB8, 0x8C, 0x3B, 0xEF, 0x23, 0x83, 0x5D, 0x3C, 0xBF, 0x76, 0x8A,
    0x16, 0xA8, 0x59, 0x73, 0xB2, 0x64, 0xFF, 0x10, 0xEC, 0xE2, 0x17, 0x29, 0xB1, 0x1F, 0x42, 0xCF,
    0xA1, 0x57, 0xBD, 0x1D, 0x1F, 0x31, 0xC1, 0x1E, 0x9C, 0xFE, 0x7C, 0xAB, 0x91, 0xEC, 0xBB, 0xA5,
    0x1E, 0x5B, 0x45, 0x9C, 0x0F, 0x0D, 0x67, 0xF5, 0x73, 0x3B, 0xEA, 0x79, 0xC2, 0xEC, 0x7C, 0x3E,
    0x5B, 0xDB, 0x32, 0xE9, 0xFC, 0xBD, 0x57, 0x26, 0x19, 0x66, 0x6E, 0xA6, 0x75, 0x79, 0x5C, 0x7B,
    0x54, 0x1C, 0xF7, 0xCB, 0xFA, 0x1E, 0x4D, 0x44, 0x3D, 0x93, 0xA3, 0xA2, 0x9E, 0x4D, 0x59, 0xCF,
    0x63, 0x77, 0x5E, 0x55, 0xB6, 0x0B, 0xA6, 0x55, 0xDC, 0x04, 0x91, 0xF3, 0x1B, 0x01, 0xE2, 0x4E,
    0x93, 0x67, 0xC6, 0x46, 0x6F, 0xD7, 0x1B, 0x83, 0x3E, 0x6A, 0x59, 0x4A, 0x08, 0x65, 0xAC, 0x43,
    0x59, 0x8D, 0x76, 0xED, 0xDB, 0x89, 0x6E, 0x1C, 0x28, 0x4E, 0x16, 0x79, 0x49, 0xC0, 0x8A, 0x27,
    0x1D, 0x64, 0xED, 0xF4, 0x5D, 0xFE, 0xB7, 0x15, 0xE6, 0x96, 0x2B, 0xE3, 0x1D, 0x7E, 0x2A, 0x75,
    0x7B, 0x9B, 0x64, 0x07, 0xA6, 0xD6, 0x0A, 0x2B, 0xFE, 0x46, 0x47, 0x98, 0x12, 0x57, 0xEF, 0x83,
    0x1B, 0xC2, 0x39, 0x78, 0x6D, 0xB7, 0xCD, 0x49, 0x0A, 0xA2, 0x57, 0x8B, 0x74, 0xE7, 0x27, 0x29,
    0x0C, 0xB3, 0x92, 0x83, 0x9D, 0x6A, 0x5F, 0xC1, 0xA3, 0xD9, 0xC7, 0xF7, 0x3C, 0xE3, 0xD9, 0x06,
    0x45, 0xE5, 0x53, 0x60, 0x7E, 0x7C, 0x06, 0xAA, 0x91, 0x82, 0xFA, 0xD0, 0x52, 0x3F, 0x72, 0x2E,
    0xCE, 0xAB, 0x73, 0x7A, 0x38, 0x1B, 0x4E, 0xF4, 0x20, 0x8E, 0xBD, 0xB7, 0xD2, 0xDA, 0x76, 0xC6,
    0x37, 0xFD, 0xB3, 0x08, 0x1C, 0x63, 0xC8, 0x26, 0x19, 0xAA, 0xC9, 0x31, 0xAA, 0xEB, 0x49, 0x72,
    0x95, 0x82, 0xFD, 0x04, 0xA5, 0xA5, 0x7D, 0x94, 0x92, 0x02, 0xBE, 0x06, 0x17, 0xC3, 0x9D, 0x59,
    0x85, 0xF6, 0x30, 0xC3, 0x79, 0x98, 0xE1, 0x3C, 0x12, 0x73, 0x1B, 0xD4, 0x08, 0xCE, 0xC3, 0x93,
    0x04, 0x1B, 0x3D, 0x5B, 0x83, 0x61, 0x97, 0x71, 0x39, 0x46, 0x70, 0x96, 0x2E, 0x11, 0x9C, 0x14,
    0xBE, 0xB3, 0xAD, 0xC8, 0xF8, 0x0E, 0x17, 0x41, 0xD0, 0xE3, 0xEC, 0xAD, 0x9C, 0x66, 0xF2, 0x97,
    0x4E, 0x40, 0x9C, 0x05, 0xFF, 0x8C, 0xBC, 0x92, 0x5D, 0x33, 0xF2, 0x75, 0xAB, 0x94, 0x87, 0xDB,
    0xA3, 0xF1, 0x40, 0x52, 0xA1, 0xFE, 0x7A, 0x24, 0xA9, 0x50, 0x7D, 0xD2, 0xDB, 0xF5, 0xA3, 0xEC,
    0x31, 0x0E, 0x42, 0xC3, 0xED, 0xB9, 0x90, 0x1A, 0xE2, 0xD2, 0x94, 0xF2, 0xEB, 0x55, 0xF2, 0x23,
    0xCD, 0x80, 0x72, 0x35, 0xD2, 0xAE, 0xC5, 0xB0, 0x74, 0xFE, 0xA3, 0xF1, 0x06, 0x6E, 0x91, 0x28,
    0x4F, 0xAE, 0x2D, 0x65, 0xEE, 0x19, 0x9E, 0x04, 0x44, 0xEE, 0x7A, 0x7D, 0x83, 0xDE, 0x46, 0xC2,
    0x33, 0x80, 0xB6, 0x98, 0x00, 0x34, 0x48, 0x96, 0xBC, 0xB3, 0xF7, 0xC0, 0xB9, 0x15, 0x58, 0x0C,
    0x09, 0xD9, 0x53, 0xAC, 0xB5, 0x4F, 0x95, 0x69, 0x23, 0xB6, 0xB7, 0x79, 0xB3, 0xB7, 0xDE, 0x36,
    0xBF, 0x92, 0x07, 0x33, 0xFF, 0x53, 0xF8, 0xFB, 0x1F, 0xC3, 0x57, 0x7E, 0x4C, 0xAF, 0x66, 0xBA,
    0xB7, 0xBF, 0x99, 0x9F, 0x3D, 0xCB, 0x36, 0xE0, 0x15, 0x8A, 0x62, 0x5D, 0x0C, 0x29, 0x8A, 0xB5,
    0xEA, 0x51, 0x14, 0xEB, 0x69, 0x8E, 0x62, 0x3D, 0xCD, 0x3C, 0xF8, 0x34, 0x53, 0xD5, 0xE9, 0xDB,
    0x12, 0xC5, 0x7A, 0xE6, 0x4F, 0x28, 0x7D, 0xEE, 0xBF, 0x09, 0x9E, 0xAF, 0xFC, 0x94, 0xE1, 0x49,
    0x08, 0x9E, 0x7B, 0x77, 0x02, 0x9E, 0xC1, 0x8A, 0xEC, 0x1D, 0xE5, 0x58, 0x12, 0x27, 0x6E, 0x1B,
    0xEF, 0x4B, 0xDC, 0x09, 0x27, 0x0B, 0x51, 0x10, 0x77, 0xE5, 0xE9, 0xC1, 0x83, 0xF8, 0x0F, 0x76,
    0x23, 0x62, 0xAC, 0xC4, 0x28, 0x27, 0xE4, 0xF5, 0xBB, 0xF2, 0xBB, 0xFA, 0x1F, 0xCF, 0xBD, 0xFF,
    0xCF, 0xB1, 0xCC, 0xE7, 0x5D, 0x98, 0xF8, 0x3F, 0x97, 0x5F, 0x3A, 0x74, 0xC4, 0xFD, 0x78, 0xCB,
    0x3C, 0x28, 0xDF, 0x6F, 0x76, 0x58, 0x46, 0xD9, 0x58, 0xF2, 0x3D, 0x15, 0xA6, 0x1C, 0xF3, 0x65,
    0x11, 0xCE, 0x9B, 0x8E, 0x03, 0x12, 0xED, 0x7C, 0xF0, 0xB7, 0x84, 0x60, 0x3A, 0xFC, 0x0F, 0xA2,
    0xD8, 0x89, 0xE7, 0x3D, 0x69, 0xB2, 0x11, 0xD7, 0xF7, 0xB9, 0x83, 0x09, 0x7F, 0xFF, 0x94, 0x94,
    0xBB, 0x4F, 0x13, 0x5F, 0x72, 0x56, 0xA8, 0xE7, 0x7C, 0x25, 0x22, 0x3E, 0x7C, 0x3A, 0x24, 0xF6,
    0x3B, 0xC5, 0x4C, 0x78, 0x32, 0x4F, 0xD7, 0xE0, 0x30, 0xDC, 0xD2, 0xB4, 0xB8, 0x8E, 0xCF, 0x89,
    0x73, 0x39, 0x11, 0xE6, 0x86, 0xF5, 0xE7, 0x73, 0x3D, 0xE0, 0x3F, 0xFD, 0x3C, 0x7A, 0x37, 0x7F,
    0x62, 0xAA, 0xE7, 0xD9, 0xDE, 0x35, 0xAC, 0xDF, 0x58, 0x0D, 0xFF, 0x20, 0xD3, 0xA3, 0x94, 0x2B,
    0x19, 0xAE, 0xB4, 0x1F, 0x66, 0x98, 0xD4, 0xBD, 0x68, 0x93, 0x5E, 0xFE, 0x09, 0x71, 0x47, 0xC0,
    0x2E, 0x5B, 0xCB, 0xE9, 0xFF, 0x01, 0x55, 0x8E, 0x3D, 0x12, 0x82, 0x30, 0x10, 0x85, 0x1F, 0x44,
    0x27, 0x45, 0x8A, 0xD8, 0x58, 0xE7, 0x04, 0x4E, 0x4E, 0x80, 0x1B, 0x3D, 0x01, 0x85, 0xB9, 0x0D,
    0x0C, 0x39, 0x96, 0x05, 0x0E, 0xEB, 0x0D, 0x38, 0x02, 0x47, 0xA0, 0xA0, 0xA0, 0x00, 0x31, 0x19,
    0xB5, 0xF0, 0xED, 0xEF, 0xB7, 0xBB, 0xC5, 0x02, 0xE8, 0x36, 0x17, 0xDD, 0x7B, 0xE0, 0xBF, 0x8F,
    0xB0, 0x4D, 0x29, 0xBC, 0xF7, 0x25, 0xBE, 0x8A, 0x9C, 0xB4, 0xFC, 0xAA, 0xFF, 0xE8, 0x96, 0xF7,
    0x92, 0x15, 0xEB, 0x60, 0x1C, 0x39, 0x42, 0x83, 0x23, 0x74, 0xAF, 0xD9, 0xB0, 0x0D, 0x16, 0x84,
    0x02, 0x15, 0x0E, 0x88, 0xC4, 0x36, 0x6E, 0x09, 0x35, 0x5A, 0xDC, 0x51, 0x22, 0xE7, 0x93, 0xE4,
    0x42, 0x71, 0xAB, 0xC3, 0x62, 0x2E, 0x33, 0xE5, 0x13, 0x89, 0xB1, 0x91, 0xE3, 0x31, 0x2B, 0x75,
    0xFF, 0xD0, 0xBC, 0x1A, 0x5E, 0xEC, 0x65, 0xB6, 0xF9, 0x74, 0x16, 0x63, 0x21, 0x86, 0x4A, 0xF2,
    0x21, 0x73, 0x69, 0xF8, 0x5C, 0xEC, 0x75, 0x26, 0x91, 0xEE, 0x6B, 0x31, 0xB4, 0x92, 0xEF, 0x2A,
    0x94, 0x7B, 0xC0, 0x99, 0x99, 0xD6, 0x66, 0x4B, 0x46, 0x2F, 0x5A, 0xD5, 0xF4, 0x79, 0x9B, 0x60,
    0x82, 0xEA, 0x3B, 0x47, 0xAC, 0xC7, 0x2E, 0xA4, 0xDC, 0xC0, 0xB2, 0x1E, 0x76, 0xD8, 0x23, 0x73,
    0x6F, 0xE5, 0x5C, 0x3D, 0x8C, 0xE4, 0xC8, 0x75, 0x7E, 0x24, 0x67, 0x87, 0xF0, 0x35, 0x20, 0x0E,
    0x8C, 0x93, 0x70, 0xB8, 0xD1, 0x1D, 0x1D, 0x6C, 0x20, 0xDB, 0xBA, 0x65, 0xBA, 0x10, 0x76, 0x86,
    0xB4, 0x14, 0x5E, 0xE0, 0x0B, 0xBC, 0x89, 0x12, 0x39, 0xD8, 0xE8, 0x56, 0xC0, 0x5C, 0xE0, 0xE0,
    0x82, 0xE9, 0x69, 0x9E, 0x0D, 0xC8, 0x81, 0x82, 0xEB, 0x40, 0xCA, 0x37, 0x18, 0x01, 0xB7, 0xA3,
    0x60, 0x15, 0x28, 0x90, 0x80, 0x9E, 0x61, 0x43, 0x1B, 0x38, 0x3C, 0xC2, 0xC6, 0xE1, 0x02, 0x03,
    0x3E, 0x2E, 0xBC, 0xFA, 0x9B, 0x0B, 0x86, 0xB2, 0x68, 0x8B, 0x33, 0x4B, 0xB2, 0xFC, 0x7E, 0xAA,
    0xF8, 0xD3, 0xD3, 0xB3, 0xDB, 0x2B, 0xED, 0xCF, 0x48, 0x62, 0x73, 0x8A, 0xD5, 0xDD, 0xEC, 0xAA,
    0xEF, 0xBD, 0x7A, 0xEF, 0xD5, 0xAB, 0x57, 0x8F, 0x03, 0x00, 0xE0, 0x46, 0xA0, 0x8F, 0x95, 0x6B,
    0x1F, 0x98, 0x9A, 0xF5, 0xB6, 0xA9, 0x7D, 0xE3, 0x5F, 0xF5, 0xD7, 0xF6, 0xFD, 0xAE, 0x76, 0x02,
    0xBB, 0x30, 0xA3, 0xDA, 0x49, 0xA3, 0x6B, 0x50, 0x03, 0x8C, 0xA5, 0xB6, 0xD1, 0xD6, 0xA0, 0xAD,
    0xB9, 0xE9, 0x62, 0x6D, 0x06, 0x6E, 0x66, 0x6A, 0x4E, 0x06, 0x5B, 0x78, 0xB1, 0x2A, 0xAA, 0x6D,
    0x63, 0x8B, 0x13, 0x53, 0x73, 0x54, 0x2D, 0xB5, 0xB1, 0x77, 0x3A, 0xD6, 0xB5, 0x30, 0x32, 0xB5,
    0x43, 0x30, 0xB5, 0x0A, 0x1B, 0x70, 0x72, 0x08, 0x61, 0x5C, 0xE2, 0x5B, 0xA9, 0xD5, 0x6D, 0x6D,
    0x72, 0xDC, 0x48, 0x6D, 0x2B, 0x50, 0x0A, 0x9C, 0x02, 0x6B, 0xDB, 0xEB, 0x4A, 0x45, 0x4E, 0x05,
    0x7B, 0x78, 0x13, 0xF8, 0x67, 0xF7, 0xD4, 0x01, 0xDD, 0x0E, 0x23, 0xA5, 0xEE, 0x29, 0x6A, 0x02,
    0x2C, 0x55, 0xBB, 0x2A, 0xA5, 0x5A, 0xEF, 0xD8, 0xDC, 0x6C, 0x92, 0xE9, 0x7E, 0x77, 0xC5, 0xE3,
    0x4D, 0xD8, 0x6C, 0x20, 0x99, 0xC2, 0xFE, 0x42, 0xFD, 0xB1, 0xC7, 0xBB, 0x07, 0x77, 0x94, 0x2A,
    0x95, 0x2A, 0x98, 0x9D, 0x39, 0x78, 0x15, 0xBC, 0xF9, 0x56, 0xF0, 0x5F, 0x6F, 0xFC, 0xED, 0x67,
    0xBB, 0xF6, 0xFD, 0xC2, 0x39, 0x49, 0xED, 0x86, 0xBE, 0xB9, 0x0A, 0xD4, 0xFF, 0x98, 0x58, 0x04,
    0x15, 0x40, 0xC9, 0x25, 0x9E, 0x47, 0x00, 0x61, 0x0C, 0x7E, 0x01, 0xAE, 0xCA, 0x20, 0x49, 0x61,
    0x7D, 0xDA, 0x62, 0xEB, 0x90, 0x5D, 0x80, 0x71, 0x75, 0x5C, 0x5F, 0x41, 0x1E, 0x80, 0xF3, 0x6F,
    0xB1, 0x73, 0x3F, 0xB6, 0x3F, 0x8D, 0x41, 0x81, 0x55, 0xC3, 0x24, 0x23, 0x50, 0x70, 0x0B, 0x9C,
    0x06, 0xDC, 0x0F, 0xC1, 0x7D, 0x1B, 0x9C, 0x8F, 0xC1, 0x6A, 0x60, 0xBD, 0x04, 0x64, 0xD6, 0xAD,
    0xC7, 0x36, 0xFE, 0xFA, 0xC1, 0x47, 0xA1, 0x6A, 0x42, 0x1C, 0xD1, 0x3E, 0x2F, 0x07, 0x5D, 0xE2,
    0x31, 0x8A, 0xD7, 0x55, 0x14, 0x3E, 0xC4, 0xDE, 0xF1, 0x88, 0x60, 0x23, 0x7B, 0xF5, 0xBD, 0xFC,
    0x3A, 0x9E, 0x47, 0xD9, 0xB6, 0x9A, 0x07, 0x73, 0xB9, 0x29, 0x82, 0xBF, 0x9C, 0x6F, 0xFC, 0x26,
    0x7D, 0xEF, 0x37, 0xD9, 0x7B, 0x8F, 0xD2, 0x3D, 0x15, 0x23, 0x37, 0xD6, 0x56, 0xEE, 0xDB, 0x8F,
    0x26, 0x69, 0x9E, 0x67, 0xF9, 0xFF, 0x65, 0x93, 0xF9, 0x15, 0x92, 0x42, 0x64, 0xE4, 0x57, 0x6F,
    0xC0, 0xF5, 0xAF, 0xC2, 0x5B, 0xEF, 0x83, 0x97, 0x83, 0x15, 0x3D, 0x0D, 0x97, 0x36, 0xEF, 0x20,
    0x9B, 0x72, 0x70, 0x70, 0x24, 0x46, 0x29, 0x80, 0x17, 0x77, 0x7F, 0x23, 0x44, 0xEB, 0x14, 0x9B,
    0xF8, 0x3D, 0xF2, 0x2E, 0x69, 0x20, 0x44, 0x16, 0x85, 0xF8, 0xA3, 0xBF, 0xC6, 0x9F, 0xAD, 0x47,
    0x10, 0x96, 0xB7, 0x7E, 0x9A, 0x54, 0x1B, 0xF4, 0x2B, 0x3E, 0xFE, 0x01, 0x44, 0x1B, 0xE8, 0xDC,
    0xE5, 0x73, 0x7C, 0xC1, 0xB9, 0xC5, 0xE7, 0xF6, 0xE2, 0x89, 0x6D, 0x62, 0xFB, 0xB7, 0x00, 0x5B,
    0x85, 0xAE, 0x59, 0x7D, 0x60, 0x73, 0xAC, 0x80, 0x33, 0x56, 0xCA, 0x8B, 0xFF, 0xB6, 0x2F, 0xF8,
    0x0B, 0x17, 0xFE, 0x82, 0x88, 0xF4, 0x26, 0x02, 0x0F, 0x89, 0xB2, 0x94, 0x1E, 0x17, 0x3F, 0xDD,
    0x8B, 0x7F, 0x0C, 0x3F, 0x86, 0xAD, 0x57, 0x83, 0x32, 0x99, 0x92, 0xA4, 0x5C, 0x89, 0x46, 0x73,
    0x7A, 0xB9, 0xF4, 0x4A, 0x87, 0x2F, 0x87, 0x5E, 0x59, 0xF7, 0xE2, 0x06, 0x60, 0x2F, 0x86, 0x1F,
    0x01, 0xB6, 0x81, 0x8D, 0x40, 0x50, 0x92, 0xD8, 0x5E, 0x6D, 0xED, 0xD3, 0x9C, 0x78, 0x8A, 0x27,
    0x1A, 0x91, 0xF3, 0x27, 0x36, 0xB0, 0x78, 0xE6, 0xDD, 0x69, 0x17, 0x08, 0x73, 0x1F, 0x50, 0x02,
    0xFC, 0xCA, 0xB4, 0x37, 0x89, 0xC0, 0x3A, 0x43, 0x05, 0x44, 0xF4, 0x36, 0xB1, 0xAB, 0x78, 0x07,
    0x20, 0xC9, 0xC0, 0x6E, 0x90, 0xB6, 0x69, 0x8F, 0x77, 0xC9, 0x1C, 0xC7, 0x37, 0x87, 0xD1, 0xA3,
    0x0A, 0xC7, 0xF5, 0x10, 0x7C, 0x64, 0x48, 0x80, 0x4C, 0x08, 0xB9, 0x0C, 0x20, 0xF8, 0x24, 0x41,
    0x36, 0xA0, 0xAE, 0xE0, 0x1F, 0xAC, 0xED, 0x01, 0xEB, 0xA8, 0x8D, 0xDA, 0xEA, 0xE7, 0xB0, 0x8E,
    0xAC, 0xC1, 0xA1, 0x27, 0xC5, 0xE9, 0xE8, 0xA0, 0x8E, 0xB9, 0x67, 0xEE, 0x5A, 0xFA, 0xE6, 0xCE,
    0xA9, 0x77, 0xE9, 0x7E, 0xD0, 0x3F, 0x7D, 0x81, 0xF7, 0x38, 0x24, 0x71, 0x04, 0x82, 0x51, 0x30,
    0x0C, 0x46, 0xC0, 0x20, 0xA4, 0x08, 0xCE, 0x92, 0xBB, 0x84, 0x45, 0x45, 0xB6, 0x22, 0x34, 0x40,
    0x68, 0x08, 0x0E, 0xE3, 0x21, 0x40, 0x8C, 0x88, 0x21, 0x31, 0x26, 0x01, 0xE5, 0x13, 0x15, 0xF8,
    0xF2, 0xE9, 0x15, 0xF5, 0x5F, 0x1E, 0xBD, 0xE2, 0x85, 0x17, 0x8F, 0xB6, 0x97, 0x6D, 0x4F, 0xAF,
    0xC3, 0x75, 0xB8, 0xF6, 0x9A, 0x5F, 0x85, 0xD9, 0x55, 0xFC, 0x25, 0x03, 0x20, 0xFD, 0x5A, 0x72,
    0xA2, 0x3E, 0x2C, 0x9E, 0xF3, 0xEE, 0x44, 0x61, 0x75, 0x9B, 0x29, 0xD1, 0x37, 0xC9, 0xB5, 0x19,
    0x40, 0x73, 0x7D, 0x07, 0x6E, 0x00, 0x9D, 0xD7, 0x5E, 0x03, 0xAF, 0x06, 0xB4, 0x09, 0x1D, 0x03,
    0xD9, 0x3C, 0x3A, 0xBF, 0xC6, 0xFE, 0x4A, 0x27, 0xC6, 0x81, 0x6D, 0x1C, 0x6C, 0x44, 0x55, 0xF6,
    0x83, 0x38, 0x48, 0xD7, 0x50, 0x1C, 0x27, 0x40, 0x16, 0x8A, 0x86, 0x21, 0x22, 0xB3, 0x89, 0xDC,
    0x2E, 0x98, 0xD4, 0x9A, 0x85, 0x39, 0xA1, 0x39, 0x08, 0x82, 0x86, 0x94, 0xC1, 0x56, 0x29, 0xB1,
    0xC7, 0x2F, 0x4A, 0x66, 0x12, 0xB3, 0xAA, 0xA0, 0xD2, 0xC9, 0x8F, 0x98, 0x4A, 0xB4, 0x2D, 0x30,
    0x89, 0x83, 0x53, 0xB2, 0xA1, 0x38, 0x3D, 0x20, 0x46, 0x2B, 0x41, 0xFE, 0x22, 0x23, 0x0F, 0x7A,
    0x63, 0xC4, 0x80, 0x18, 0x11, 0x5D, 0x62, 0xB9, 0x88, 0x56, 0x20, 0x28, 0x46, 0x20, 0x4A, 0xE2,
    0xC8, 0x9D, 0xF6, 0xC0, 0xC8, 0x68, 0xC2, 0x10, 0x9A, 0x1D, 0xB3, 0x1A, 0x3A, 0x35, 0x6B, 0xAA,
    0xA3, 0xCE, 0x22, 0xC2, 0xB2, 0xA3, 0xE6, 0x04, 0xCF, 0x51, 0x73, 0x96, 0xDD, 0x82, 0x47, 0x14,
    0x49, 0x3A, 0x62, 0x9C, 0x34, 0x19, 0x80, 0x8F, 0x76, 0xEC, 0x14, 0x07, 0x37, 0xC6, 0x49, 0x41,
    0xB1, 0x9D, 0x43, 0x94, 0x24, 0x58, 0xEB, 0x07, 0xDF, 0x13, 0x8E, 0xF2, 0x78, 0xDD, 0x40, 0x6E,
    0x7A, 0x3C, 0x5E, 0x32, 0xF5, 0x38, 0xB9, 0x55, 0x62, 0x6B, 0x15, 0xF6, 0x36, 0x46, 0xA3, 0xB2,
    0x0B, 0xD5, 0xED, 0x52, 0x65, 0x8D, 0x46, 0xE7, 0x60, 0xAF, 0x1E, 0xCE, 0x1A, 0x5F, 0x00, 0xF9,
    0x1B, 0x7D, 0x07, 0x95, 0x10, 0xC5, 0xCA, 0xC3, 0xCF, 0xFF, 0xC2, 0x80, 0xDF, 0xD0, 0x16, 0x62,
    0x4B, 0x5B, 0x90, 0x99, 0x56, 0x80, 0x86, 0x70, 0x1F, 0x47, 0xEA, 0x33, 0x35, 0x6F, 0x6C, 0x21,
    0x7E, 0x77, 0x36, 0x9B, 0xED, 0xEE, 0x8E, 0xE5, 0xD8, 0xDA, 0xDA, 0xD6, 0x47, 0xB8, 0x6B, 0xEC,
    0xDE, 0x52, 0x73, 0x77, 0xCE, 0xD0, 0x89, 0xCC, 0xEB, 0x13, 0x0D, 0x11, 0xDA, 0x21, 0x34, 0x43,
    0xAD, 0x15, 0x92, 0x19, 0x42, 0x88, 0xD6, 0x1F, 0xB9, 0xE9, 0x58, 0x08, 0xCA, 0xC4, 0x31, 0x71,
    0xF2, 0x99, 0x66, 0x80, 0x18, 0x03, 0xAB, 0xD0, 0x46, 0xA1, 0x30, 0xEF, 0x6B, 0xFD, 0xFD, 0x84,
    0x5B, 0xF2, 0xB3, 0xF0, 0x14, 0x2F, 0xDF, 0x54, 0x73, 0x52, 0x2E, 0xA5, 0x1A, 0x16, 0x02, 0xA5,
    0x50, 0x02, 0xAE, 0x1C, 0x1C, 0xDC, 0x7D, 0xFC, 0x8C, 0xE1, 0xE9, 0xAF, 0x7D, 0x0D, 0xC6, 0x8B,
    0x97, 0xDE, 0x36, 0x6E, 0x6B, 0xB3, 0x25, 0xB5, 0xAA, 0x95, 0x14, 0x5D, 0xAB, 0x4D, 0xCD, 0xAD,
    0xF9, 0x0D, 0xD9, 0xE4, 0x4A, 0x4C, 0x0B, 0x8E, 0x11, 0x32, 0x9F, 0x10, 0x7F, 0x49, 0xD5, 0xE1,
    0x71, 0x24, 0x98, 0xA7, 0xBE, 0x9A, 0x33, 0xEA, 0x87, 0x40, 0xC3, 0x81, 0xB8, 0xDF, 0x81, 0x95,
    0x8E, 0x6B, 0x6D, 0x2D, 0x5C, 0x52, 0x6B, 0x8F, 0x27, 0x09, 0xD3, 0x08, 0x0D, 0x07, 0x9B, 0x8E,
    0xA7, 0x10, 0x98, 0xF6, 0x78, 0x5F, 0x28, 0xEE, 0x31, 0x64, 0x74, 0x3F, 0xF3, 0x3E, 0xCD, 0xB1,
    0xEC, 0x6E, 0xDA, 0x20, 0xD5, 0x40, 0x6F, 0x04, 0xD0, 0xB5, 0x53, 0xA9, 0x77, 0x3F, 0x0F, 0xAC,
    0x72, 0x1B, 0x66, 0x33, 0xD8, 0x42, 0xFF, 0xB0, 0xE4, 0xB2, 0x86, 0x6A, 0xA2, 0xCA, 0x40, 0xE5,
    0xEB, 0x4A, 0x60, 0x59, 0x79, 0x49, 0x72, 0x5E, 0xE9, 0xDA, 0xF2, 0x63, 0x66, 0x0A, 0x8B, 0x58,
    0x8E, 0xDE, 0x29, 0x90, 0x63, 0x0A, 0xE4, 0x93, 0x02, 0xB9, 0xA3, 0x40, 0x9E, 0x28, 0x90, 0x13,
    0x0A, 0xEC, 0x3C, 0xB2, 0x2F, 0x39, 0x39, 0x43, 0x24, 0xE4, 0x70, 0x22, 0xBB, 0xB9, 0x33, 0x9F,
    0x2C, 0xFE, 0x88, 0x08, 0xB3, 0xD4, 0xA2, 0x08, 0x58, 0x85, 0x16, 0xC8, 0xB2, 0x1A, 0xBC, 0x7F,
    0xF9, 0xC2, 0xDC, 0x21, 0x31, 0xD8, 0x16, 0xD0, 0x5D, 0x78, 0xBC, 0x44, 0x81, 0x1E, 0x07, 0x70,
    0x14, 0x52, 0x39, 0x14, 0x50, 0x32, 0x96, 0x56, 0xEB, 0x46, 0xCF, 0x8C, 0x33, 0xB5, 0x4B, 0x6F,
    0x6F, 0xA3, 0x0B, 0x9B, 0x41, 0xD3, 0x52, 0xEF, 0x3C, 0xC8, 0xC1, 0xFD, 0x9F, 0x92, 0xAF, 0x83,
    0x63, 0x8D, 0x7D, 0x48, 0x9E, 0xEA, 0xF8, 0x8F, 0x54, 0x01, 0xE7, 0x1B, 0x74, 0x90, 0xE1, 0xB6,
    0x3A, 0x9B, 0xAA, 0xDF, 0xA9, 0x5C, 0x7D, 0xA0, 0xCC, 0x8F, 0x46, 0x8B, 0xCA, 0xAF, 0xAF, 0xD6,
    0x25, 0x1D, 0xF7, 0x51, 0xCB, 0x00, 0xBF, 0xD5, 0x40, 0xAF, 0xAD, 0x59, 0x2D, 0xB6, 0x25, 0x52,
    0x01, 0x97, 0x5A, 0x2A, 0xD0, 0xCB, 0x72, 0x59, 0x00, 0x90, 0xAD, 0x5B, 0x2C, 0x1E, 0x5B, 0xBF,
    0xB7, 0x78, 0xBC, 0xD9, 0x73, 0x84, 0xD7, 0x9E, 0x8D, 0xA8, 0xBC, 0x42, 0x4D, 0xF3, 0x02, 0x05,
    0x4D, 0xC6, 0xCF, 0x79, 0xCE, 0x27, 0x9B, 0x44, 0x85, 0x8F, 0x2B, 0x52, 0x0B, 0xC9, 0x81, 0x11,
    0xD1, 0x1F, 0xA6, 0xDA, 0xDD, 0xA0, 0xC9, 0x19, 0x67, 0x75, 0x33, 0x52, 0x81, 0x78, 0x10, 0xE8,
    0x58, 0x8C, 0x69, 0xC0, 0x66, 0x52, 0xE0, 0x5B, 0x66, 0xEE, 0x21, 0x18, 0x67, 0x30, 0x24, 0x12,
    0x02, 0x6A, 0x84, 0x9A, 0xFB, 0xB2, 0xAD, 0xCE, 0xEE, 0x35, 0x30, 0x21, 0x97, 0x61, 0x9D, 0x45,
    0xC1, 0x60, 0x11, 0x30, 0x06, 0x8D, 0xC0, 0x11, 0x3C, 0x0C, 0x88, 0x9C, 0x2E, 0x6E, 0xE3, 0x1A,
    0x63, 0x0A, 0x18, 0x94, 0x1F, 0x13, 0x2A, 0x2F, 0x23, 0x58, 0xAE, 0xDA, 0x47, 0x5C, 0xB6, 0xAA,
    0x98, 0xF8, 0x8A, 0x91, 0x09, 0x34, 0xC1, 0x26, 0xE0, 0xF4, 0xD0, 0x33, 0x3C, 0xC1, 0x27, 0x00,
    0x05, 0xA1, 0x40, 0x04, 0xC1, 0x28, 0x20, 0x3B, 0x94, 0xE4, 0xDA, 0xE0, 0xAD, 0x1E, 0x81, 0x41,
    0xC7, 0x8C, 0x2C, 0xEA, 0x0E, 0x2D, 0xC9, 0x6C, 0x45, 0x3C, 0x21, 0x47, 0xD2, 0x26, 0xD6, 0xE2,
    0x1A, 0x02, 0xB1, 0xC4, 0xC8, 0x70, 0xAC, 0xF0, 0x6D, 0xC4, 0xCA, 0xF3, 0x47, 0x61, 0xCC, 0x3B,
    0x94, 0xFD, 0xE6, 0xA5, 0x7D, 0xD3, 0x81, 0xF4, 0xA0, 0xBB, 0x10, 0x67, 0x95, 0x3B, 0x41, 0x36,
    0xC5, 0xD4, 0xCD, 0x77, 0x53, 0xEA, 0xC7, 0x69, 0x70, 0x81, 0x18, 0x23, 0xAF, 0xA8, 0xA7, 0x9D,
    0x65, 0xB3, 0x8A, 0xC5, 0x63, 0xEE, 0x98, 0xF5, 0xBF, 0x39, 0x9E, 0x95, 0x10, 0x18, 0x35, 0x9B,
    0x0D, 0x8B, 0x4B, 0x20, 0x04, 0x9D, 0x05, 0x98, 0x9D, 0x2B, 0x5F, 0x92, 0x10, 0x3C, 0x97, 0x61,
    0x66, 0x4A, 0x27, 0x6D, 0x6D, 0x70, 0x5C, 0xA6, 0x51, 0x1E, 0xE0, 0x15, 0xC0, 0x4B, 0x10, 0xFF,
    0x31, 0xC9, 0x43, 0x6F, 0x46, 0xA9, 0x86, 0x73, 0x0B, 0xC0, 0x33, 0xB6, 0x1B, 0x2C, 0x24, 0x62,
    0x33, 0xA0, 0x58, 0x3E, 0xDB, 0x3D, 0x6B, 0xE1, 0xC2, 0xD6, 0x9C, 0x94, 0x17, 0x7D, 0xB2, 0xA2,
    0xAF, 0xF5, 0xA8, 0x51, 0x38, 0x86, 0xE3, 0x4E, 0x73, 0x0E, 0xB1, 0xEA, 0xBF, 0xAB, 0xF8, 0x7E,
    0x72, 0xA0, 0xE2, 0x04, 0x87, 0x65, 0xB3, 0x0D, 0xB1, 0x11, 0x22, 0x6A, 0x84, 0xE6, 0x43, 0xDD,
    0x8C, 0xB0, 0x6A, 0xAF, 0xF5, 0xEC, 0xFD, 0xD8, 0x4C, 0xFB, 0x2E, 0xDF, 0x98, 0xC9, 0xDD, 0x57,
    0x29, 0x52, 0x89, 0x0D, 0xAA, 0x29, 0xB6, 0x18, 0x16, 0xD8, 0xE4, 0xA8, 0x37, 0xE3, 0x6D, 0x69,
    0x2C, 0x5B, 0x8B, 0x4C, 0x78, 0x16, 0xA0, 0x9F, 0xA4, 0x54, 0xCF, 0x8F, 0x2E, 0x7B, 0x4E, 0xF7,
    0x91, 0x6B, 0x50, 0xF0, 0xDC, 0xD0, 0x46, 0xE8, 0x4C, 0x54, 0x16, 0x0D, 0x38, 0x8A, 0x76, 0x30,
    0xC7, 0x69, 0x7D, 0xB3, 0xA2, 0x10, 0x0E, 0x3A, 0x27, 0x7F, 0xD5, 0xFD, 0x98, 0x7B, 0x21, 0xDA,
    0xE9, 0xF7, 0x0C, 0x68, 0xA6, 0x85, 0x9B, 0x48, 0x49, 0x7E, 0x45, 0xD2, 0x05, 0x70, 0xDA, 0xF0,
    0x44, 0x40, 0x4A, 0x4E, 0x51, 0x4E, 0xFC, 0x04, 0xDB, 0xE2, 0x78, 0x10, 0xB9, 0x3A, 0x26, 0xF2,
    0xE1, 0x4B, 0xE4, 0x77, 0x61, 0xE1, 0xF5, 0x87, 0x00, 0x34, 0xB1, 0xBD, 0x65, 0x1C, 0x7D, 0xC6,
    0xE0, 0x87, 0x0E, 0x64, 0x47, 0x84, 0x1F, 0x0F, 0x1D, 0xCD, 0x35, 0xBC, 0x4B, 0x6A, 0x15, 0x50,
    0xD4, 0x50, 0xB4, 0x78, 0x34, 0xE7, 0xB1, 0x45, 0x6B, 0x81, 0x35, 0x8E, 0x5F, 0x6C, 0xE3, 0x5D,
    0x4E, 0x26, 0x04, 0x78, 0xB1, 0x93, 0x91, 0x1D, 0x09, 0xE3, 0x00, 0x7F, 0x41, 0x18, 0x83, 0x33,
    0x34, 0x10, 0x1C, 0x2F, 0x09, 0x54, 0x83, 0x20, 0x49, 0x1C, 0x82, 0x24, 0x9B, 0x94, 0x4C, 0x45,
    0xD0, 0x7A, 0x9B, 0x42, 0xF8, 0x51, 0x6B, 0x29, 0x90, 0xBF, 0x22, 0x3A, 0x14, 0x17, 0xDE, 0x11,
    0x31, 0xA0, 0x90, 0x8A, 0xF6, 0x81, 0x13, 0x13, 0xBF, 0x46, 0xD5, 0x5E, 0x58, 0x3F, 0xF7, 0x02,
    0xC7, 0xEE, 0x1C, 0x0C, 0x25, 0xBA, 0x4A, 0xA4, 0xE8, 0x80, 0x50, 0x47, 0x8B, 0x10, 0x93, 0x42,
    0x47, 0x0D, 0xB4, 0xE4, 0xE4, 0x60, 0xE8, 0x19, 0x95, 0x60, 0x08, 0x4A, 0x92, 0x7D, 0x43, 0x51,
    0x13, 0x54, 0x9A, 0xA4, 0xA4, 0x18, 0x95, 0x1D, 0x4D, 0x3D, 0xA2, 0x98, 0xAA, 0x43, 0x68, 0xC9,
    0xD2, 0x2E, 0x75, 0x47, 0x57, 0x9F, 0x30, 0x48, 0x54, 0xD3, 0x59, 0xAD, 0xE9, 0xA2, 0x1B, 0xDB,
    0x59, 0x52, 0xDD, 0xE0, 0x9E, 0x7C, 0x83, 0xB2, 0x73, 0x9D, 0xE3, 0x87, 0x28, 0x70, 0x01, 0x39,
    0xBB, 0x33, 0xBC, 0x78, 0x11, 0xA2, 0x40, 0x2A, 0x22, 0x34, 0x8E, 0x48, 0x17, 0x6D, 0xB4, 0x24,
    0xF8, 0xF1, 0x8E, 0xFA, 0xA1, 0x3A, 0x6E, 0x00, 0x17, 0xF8, 0x8F, 0x70, 0xCA, 0x68, 0x5C, 0xF4,
    0x7D, 0xB3, 0x01, 0x07, 0xAF, 0x0C, 0x64, 0x63, 0x8D, 0xAF, 0xD4, 0xBA, 0x07, 0xD2, 0xBC, 0xC7,
    0x0E, 0x63, 0xC0, 0x46, 0x83, 0x3B, 0x88, 0xC9, 0x5F, 0x27, 0xCE, 0x81, 0x74, 0x91, 0xE9, 0x3E,
    0x9A, 0x29, 0x77, 0x52, 0x26, 0x39, 0xF6, 0xF2, 0xCF, 0x2A, 0xF3, 0x87, 0xFD, 0xC0, 0x1B, 0x8F,
    0x0D, 0x69, 0xB4, 0x7B, 0x09, 0xCE, 0xBF, 0x1B, 0x33, 0xE0, 0xFE, 0xB6, 0x38, 0xF7, 0xD9, 0x70,
    0xF0, 0xFF, 0x64, 0x05, 0xBB, 0xE3, 0x55, 0x3F, 0xEA, 0x13, 0xC2, 0x79, 0x76, 0xF5, 0x79, 0xD3,
    0x31, 0xEC, 0x22, 0x8E, 0x5D, 0x74, 0xFC, 0x89, 0xAA, 0xD1, 0x5B, 0x03, 0xBE, 0x85, 0x7D, 0xD6,
    0x69, 0x06, 0x8D, 0xFE, 0x3B, 0x5F, 0xCA, 0xAE, 0x17, 0xA4, 0x7E, 0x6F, 0x2D, 0x8C, 0x6C, 0x38,
    0xEC, 0xDE, 0xC0, 0xD2, 0x28, 0x57, 0x19, 0xD5, 0x17, 0xA6, 0xCE, 0x00, 0x5F, 0x6C, 0x85, 0xC6,
    0x56, 0xAD, 0xB3, 0x14, 0xE8, 0xA1, 0x40, 0x0A, 0xD4, 0x27, 0x49, 0xA4, 0xE5, 0xA7, 0xD2, 0x91,
    0x8D, 0x8A, 0x62, 0xE6, 0x12, 0x5B, 0x19, 0x93, 0x7F, 0x39, 0x9A, 0x8B, 0xFC, 0x50, 0x60, 0x6F,
    0xCE, 0xF2, 0x43, 0xEB, 0x33, 0x3F, 0x26, 0xF9, 0x09, 0xFE, 0x13, 0x7B, 0x4C, 0x44, 0x7E, 0xD4,
    0x27, 0x37, 0x77, 0x6A, 0xD1, 0x35, 0x8A, 0x37, 0xE4, 0xA2, 0x80, 0x9B, 0x14, 0x4F, 0xE1, 0x4F,
    0x43, 0xF8, 0xE2, 0x4D, 0x2D, 0x3F, 0x7B, 0x9D, 0xFC, 0x54, 0xAD, 0xFC, 0x38, 0xE5, 0x13, 0xE4,
    0xA7, 0x86, 0x8B, 0x66, 0x98, 0x1E, 0x99, 0x7D, 0x3A, 0x5B, 0x42, 0xFB, 0x94, 0xF6, 0x49, 0xED,
    0xD3, 0x6A, 0x88, 0x85, 0x1E, 0xB5, 0xD0, 0x23, 0x17, 0x7A, 0xF4, 0x76, 0x04, 0xAB, 0xB3, 0xB8,
    0xA5, 0x58, 0xA9, 0xAC, 0x25, 0xD9, 0x4A, 0xD2, 0x1E, 0xCD, 0x7D, 0xA2, 0xFB, 0x54, 0xF7, 0xC9,
    0xEE, 0xD3, 0x3D, 0x20, 0xBC, 0x4F, 0xF9, 0x39, 0xD2, 0xD7, 0x0C, 0xD1, 0x99, 0x26, 0xB8, 0x92,
    0x3D, 0x95, 0x5F, 0x28, 0xF2, 0x37, 0xDD, 0x92, 0x68, 0x1A, 0xD3, 0xF6, 0x21, 0xCA, 0xD0, 0x8C,
    0x7C, 0x13, 0xBC, 0x56, 0xE4, 0x9A, 0x93, 0x12, 0x90, 0xFF, 0x12, 0x80, 0x53, 0x7B, 0x29, 0xA1,
    0xDA, 0x51, 0x27, 0xB1, 0xB5, 0x53, 0x81, 0xFA, 0x98, 0x49, 0x81, 0xC6, 0xE6, 0x58, 0x18, 0xC9,
    0xEB, 0xBB, 0x6D, 0xF0, 0x73, 0x0D, 0x86, 0x1D, 0x9A, 0x1E, 0x75, 0x97, 0x6D, 0x9F, 0x6D, 0xA7,
    0x6D, 0xAF, 0xA6, 0x5B, 0x30, 0xFD, 0xEA, 0x8E, 0x13, 0xD0, 0x3D, 0x53, 0x88, 0xFB, 0x63, 0xE1,
    0xE3, 0x5C, 0xFA, 0xE6, 0x60, 0x77, 0xAF, 0xF3, 0x85, 0xA3, 0xE7, 0x4F, 0x4F, 0x96, 0x7E, 0xFA,
    0xC4, 0xE3, 0xCF, 0x44, 0x3B, 0x2E, 0x60, 0x5A, 0x9F, 0x6B, 0x4F, 0xC5, 0xB6, 0x3F, 0x6B, 0x8D,
    0x5B, 0x8C, 0xCD, 0xD6, 0xE7, 0x62, 0xB5, 0xCB, 0x8F, 0x17, 0xAD, 0xA9, 0xE7, 0x83, 0xC8, 0x35,
    0xAC, 0x08, 0xF5, 0xE5, 0x2A, 0xBA, 0xF6, 0x68, 0xB4, 0x8C, 0xB8, 0xC3, 0x4B, 0xBA, 0xEA, 0xC5,
    0xC9, 0xCC, 0x85, 0x24, 0xD5, 0xC9, 0x5C, 0x5A, 0x31, 0x3B, 0x19, 0xC7, 0x69, 0x9C, 0x07, 0xEA,
    0xFB, 0x88, 0xC6, 0xF9, 0x65, 0x09, 0x01, 0x8A, 0x83, 0x62, 0xFC, 0x8E, 0x62, 0xF4, 0x4E, 0x25,
    0x97, 0x9C, 0x97, 0xE1, 0x1E, 0x25, 0x71, 0xC0, 0xDF, 0xEC, 0x7C, 0x72, 0xF3, 0x1E, 0x4E, 0xC4,
    0xC2, 0xED, 0x50, 0x33, 0xFB, 0xCA, 0xCD, 0x9B, 0x3D, 0x64, 0xDD, 0x6E, 0xC4, 0xE2, 0x35, 0x7D,
    0xBA, 0xAB, 0x06, 0x6E, 0x90, 0x1B, 0xE8, 0x06, 0xBB, 0x01, 0x6F, 0xD0, 0x1B, 0xF8, 0x06, 0xBF,
    0x21, 0xC0, 0x50, 0xA0, 0x49, 0x10, 0x1A, 0x90, 0xF3, 0xA1, 0x30, 0x3E, 0x0D, 0x0D, 0xDF, 0x07,
    0x64, 0x08, 0x88, 0x55, 0x4A, 0x81, 0xB9, 0x50, 0x5E, 0xA1, 0xD2, 0x42, 0xB8, 0x4E, 0xE6, 0x23,
    0x8F, 0x9C, 0x2C, 0xF9, 0x79, 0x12, 0x39, 0xBF, 0xAD, 0x51, 0xF9, 0x39, 0x11, 0x08, 0xCB, 0x98,
    0xCA, 0x86, 0x54, 0x9D, 0xD4, 0x30, 0x88, 0xDD, 0x9C, 0xE0, 0xED, 0x1C, 0x1F, 0xA0, 0x78, 0x31,
    0x30, 0x2A, 0xF7, 0x17, 0x1C, 0xDD, 0xD5, 0x87, 0xFD, 0xDC, 0xE8, 0x0F, 0x2F, 0x57, 0xC0, 0x20,
    0xD4, 0x10, 0x35, 0x46, 0x10, 0x90, 0x92, 0xAE, 0x44, 0x97, 0x98, 0x2F, 0x8C, 0x13, 0x04, 0x28,
    0x08, 0x52, 0x86, 0x4A, 0x12, 0x8C, 0xC7, 0x89, 0x4A, 0x09, 0x6C, 0x6F, 0x4F, 0x76, 0x35, 0xD9,
    0xF5, 0xE5, 0x42, 0xE9, 0x09, 0xDD, 0xBB, 0x4B, 0x2E, 0xBB, 0x85, 0x5C, 0x25, 0xAA, 0xD7, 0xBD,
    0xFF, 0xE3, 0x90, 0xDD, 0x19, 0x97, 0x95, 0xA9, 0x5F, 0x26, 0xD9, 0x9D, 0x81, 0xC1, 0x66, 0xDE,
    0xBD, 0x2C, 0xD9, 0x5D, 0x27, 0xE4, 0x64, 0xE4, 0x5D, 0x2A, 0xBC, 0x62, 0x4D, 0x2F, 0xD4, 0x83,
    0x76, 0xD1, 0x13, 0xE8, 0xED, 0xCF, 0x77, 0xF0, 0x5B, 0x3F, 0xA7, 0x29, 0x93, 0x9A, 0xA5, 0xF8,
    0xF7, 0x04, 0xE9, 0xA1, 0x04, 0x03, 0x70, 0x0B, 0xB3, 0xAA, 0x0F, 0x22, 0xF3, 0xB3, 0x27, 0x04,
    0xE3, 0xB9, 0x65, 0xFA, 0x05, 0x65, 0xCF, 0xDC, 0x72, 0x70, 0x11, 0x5F, 0x51, 0x8E, 0x4E, 0x05,
    0xEB, 0xCA, 0xEC, 0x3A, 0x5B, 0x07, 0x3C, 0x01, 0x91, 0x34, 0x20, 0xF9, 0xEE, 0x29, 0xAE, 0xD7,
    0xB1, 0x8F, 0x92, 0x02, 0x6B, 0x25, 0x0A, 0x0D, 0xC5, 0xE0, 0x12, 0x0A, 0xC8, 0x05, 0x27, 0x73,
    0x0A, 0x27, 0xF3, 0x74, 0x1E, 0xB1, 0x33, 0xB2, 0x0F, 0xCA, 0x53, 0x35, 0x72, 0x21, 0xA9, 0x3C,
    0xE2, 0x24, 0x49, 0xDD, 0xC5, 0xA8, 0x8E, 0x4C, 0x12, 0x1A, 0x84, 0x19, 0xD8, 0xB9, 0xA7, 0x0E,
    0x54, 0x6E, 0xF3, 0xC0, 0x06, 0x6D, 0x90, 0xDB, 0xBA, 0x2B, 0x11, 0x69, 0xCA, 0x25, 0x6B, 0x2C,
    0x16, 0x55, 0xEA, 0xDA, 0xC4, 0x69, 0xDB, 0x60, 0xAE, 0x82, 0x6F, 0xA3, 0xBA, 0x35, 0xEF, 0x26,
    0x94, 0x12, 0xD9, 0x44, 0xEA, 0xCC, 0x64, 0x09, 0xDF, 0xA5, 0x3E, 0xB0, 0x49, 0x9B, 0x68, 0xF1,
    0x0A, 0xA2, 0x25, 0x46, 0x32, 0x50, 0xD6, 0x4B, 0x64, 0x1F, 0xD1, 0xD2, 0x50, 0x23, 0xE1, 0x87,
    0x73, 0x0A, 0x90, 0x53, 0x3A, 0x61, 0x43, 0xDB, 0xA2, 0x48, 0x8B, 0x6A, 0x7C, 0x55, 0xA9, 0xA9,
    0x95, 0xF4, 0xF7, 0x54, 0x78, 0xA9, 0xCF, 0x7B, 0x20, 0x4E, 0xBA, 0x24, 0xCE, 0x7E, 0x79, 0x07,
    0xB5, 0xCB, 0xBF, 0x14, 0xCF, 0x64, 0x77, 0x49, 0xC8, 0xE3, 0x12, 0x8D, 0xBB, 0xD9, 0x9E, 0x24,
    0xDF, 0xD4, 0x5A, 0x58, 0xE2, 0xFF, 0xA1, 0x32, 0xB1, 0xB8, 0xD3, 0xBA, 0x64, 0xD3, 0xE4, 0x59,
    0x8B, 0x0D, 0x0C, 0x2D, 0xB6, 0x9B, 0x0F, 0xDF, 0x5F, 0x18, 0x84, 0xD2, 0xE6, 0xCD, 0x53, 0xDA,
    0x9D, 0xD6, 0x19, 0x3B, 0x87, 0x9E, 0x08, 0x5F, 0x29, 0x0D, 0x58, 0xB9, 0x93, 0x8F, 0x79, 0x0F,
    0xD7, 0xE6, 0x64, 0x0C, 0x3B, 0xB7, 0xE4, 0x5A, 0x4A, 0x32, 0x06, 0x8E, 0xA7, 0x24, 0x67, 0x24,
    0xFA, 0xFA, 0xCA, 0xA3, 0x7C, 0x98, 0x94, 0xE1, 0x4A, 0x52, 0x86, 0xB5, 0xA3, 0x93, 0x32, 0x54,
    0x2C, 0x49, 0x19, 0x35, 0x27, 0x65, 0x1C, 0xFC, 0x60, 0x49, 0x3A, 0x59, 0xBC, 0x24, 0x43, 0x23,
    0x5E, 0x6D, 0x35, 0xB3, 0xD9, 0x06, 0xA4, 0x12, 0xB3, 0x50, 0xE0, 0xAC, 0xD5, 0xB1, 0xF0, 0x26,
    0xD4, 0xD9, 0x02, 0xDE, 0xDC, 0x9F, 0xEB, 0x1A, 0x65, 0x7B, 0x56, 0x52, 0x1B, 0xB5, 0xB5, 0xF6,
    0xB3, 0x39, 0x2A, 0x59, 0x2D, 0xBF, 0x9D, 0x68, 0xC9, 0xB2, 0x09, 0x3A, 0xD1, 0x64, 0x7D, 0x53,
    0x35, 0x07, 0x3A, 0x29, 0x83, 0x5C, 0x60, 0xA1, 0xEB, 0xE1, 0x6D, 0x49, 0xCA, 0xF8, 0x41, 0x34,
    0x20, 0x88, 0xB4, 0x6E, 0x91, 0x08, 0x4A, 0x6B, 0x0F, 0x2B, 0xDE, 0x61, 0xB0, 0xCA, 0x30, 0x72,
    0x72, 0x6F, 0xEE, 0xA6, 0x92, 0x4A, 0x4C, 0xE1, 0x3E, 0x37, 0x73, 0x53, 0x04, 0x9F, 0x5A, 0xB4,
    0xA0, 0xD9, 0x3C, 0xD1, 0x0D, 0x4C, 0xE0, 0xDD, 0x7B, 0x35, 0x90, 0x72, 0x0F, 0xA5, 0xAE, 0xDB,
    0x18, 0x5A, 0x6A, 0x3E, 0x1E, 0xF2, 0x18, 0x93, 0xE8, 0x62, 0x63, 0x76, 0x85, 0xA3, 0xEC, 0xE4,
    0xB4, 0xA9, 0x92, 0xA1, 0xAC, 0x61, 0x37, 0xB9, 0xD4, 0xF8, 0x33, 0xAB, 0x22, 0xBE, 0x27, 0x28,
    0x7A, 0x28, 0xDF, 0xC7, 0x53, 0x5E, 0xE5, 0xAA, 0xD3, 0xD7, 0xD5, 0x82, 0xAE, 0x78, 0x6F, 0xB3,
    0x21, 0xF9, 0x30, 0x6D, 0xEB, 0x4B, 0x8E, 0x23, 0x59, 0x92, 0xB1, 0x01, 0x91, 0x3D, 0xC0, 0x6F,
    0x14, 0xBC, 0x48, 0x2C, 0xD9, 0x50, 0xCC, 0xDE, 0x20, 0xC5, 0xDD, 0x0D, 0xA9, 0x1C, 0xEF, 0xD1,
    0xD2, 0xE2, 0xF0, 0x90, 0xF7, 0x60, 0x79, 0xAB, 0xB8, 0xA2, 0x5D, 0xE3, 0xBB, 0x15, 0x8F, 0x44,
    0x25, 0x19, 0xA1, 0x87, 0x9C, 0x16, 0x44, 0xE3, 0xE0, 0xA7, 0xA8, 0xE2, 0x56, 0x12, 0xA3, 0x8E,
    0x27, 0x0D, 0x29, 0x13, 0xCD, 0xA7, 0x3B, 0x62, 0x94, 0x5E, 0x1D, 0x60, 0xD0, 0x29, 0x74, 0xDE,
    0xA7, 0x79, 0xEF, 0xDD, 0x63, 0x75, 0xA3, 0xD1, 0x2B, 0x49, 0x66, 0xA4, 0x7F, 0xC2, 0xBF, 0x0B,
    0x25, 0xB6, 0x3C, 0x36, 0x9B, 0xAE, 0x33, 0x4A, 0x1B, 0xA4, 0x3C, 0xC0, 0x50, 0xB2, 0xE3, 0x10,
    0xFD, 0xE4, 0xF8, 0xE8, 0xA3, 0x19, 0xAF, 0x68, 0x1B, 0x36, 0xD4, 0x4C, 0x06, 0x70, 0xC2, 0x20,
    0x67, 0x5D, 0xF4, 0x92, 0x5A, 0x71, 0xA0, 0x84, 0x08, 0x4A, 0x98, 0xB7, 0x51, 0xF7, 0x3C, 0xF5,
    0x88, 0xE4, 0xCA, 0x66, 0xEF, 0x0E, 0xE5, 0x58, 0x9D, 0x2E, 0xEE, 0xC5, 0xEE, 0xE2, 0xC0, 0xD4,
    0x7C, 0x7D, 0x7E, 0x42, 0xC4, 0x09, 0x65, 0x47, 0xA1, 0xA9, 0x3D, 0x5F, 0x21, 0x32, 0x1E, 0x51,
    0xFE, 0x84, 0x8B, 0x1D, 0xF1, 0xC5, 0x9F, 0x73, 0x22, 0xC9, 0x9E, 0xE4, 0x93, 0x14, 0x83, 0xCB,
    0x58, 0x2E, 0x7E, 0x64, 0x93, 0xB5, 0x1A, 0xC5, 0x6C, 0xAC, 0x26, 0x11, 0x25, 0x9B, 0xB9, 0x35,
    0xE7, 0x8D, 0xA1, 0x52, 0xE8, 0xF4, 0xB1, 0xF6, 0x52, 0x43, 0x2B, 0x4C, 0x30, 0xCA, 0x49, 0xA3,
    0xAF, 0x24, 0xDA, 0x48, 0x81, 0x4E, 0xB0, 0x22, 0x45, 0xFE, 0xDE, 0x82, 0x85, 0x75, 0xF2, 0x55,
    0xAE, 0x1A, 0xB4, 0x41, 0x6D, 0x60, 0x1B, 0xC0, 0xED, 0x55, 0x23, 0x67, 0xE8, 0xA0, 0xB1, 0x83,
    0x06, 0x0F, 0x1A, 0x3D, 0x68, 0xF8, 0xA0, 0x81, 0xEB, 0x6B, 0x29, 0x96, 0x09, 0x7D, 0x6D, 0x21,
    0xA1, 0x01, 0xA1, 0x41, 0x3D, 0x14, 0x22, 0xBE, 0x55, 0x33, 0x15, 0x85, 0x5B, 0xF5, 0xC8, 0x88,
    0x64, 0x26, 0x9B, 0xE4, 0xBC, 0xF7, 0x1F, 0x96, 0x22, 0x7C, 0xA5, 0x4C, 0xF2, 0x9C, 0xF2, 0x45,
    0x22, 0x92, 0x8B, 0x0B, 0x4F, 0x4B, 0x7D, 0xFE, 0xC2, 0x35, 0x13, 0x5F, 0xA5, 0x23, 0x4C, 0xE6,
    0xA9, 0x89, 0x23, 0x14, 0x24, 0xF2, 0x99, 0x0B, 0xE8, 0xB9, 0x03, 0x91, 0x71, 0x8C, 0x69, 0xEF,
    0x9F, 0xBA, 0xA1, 0x7E, 0xB8, 0x23, 0xEE, 0x49, 0xB2, 0x1C, 0xB6, 0xDB, 0xAC, 0x07, 0x0E, 0x76,
    0x4B, 0x2C, 0xA7, 0xD1, 0x91, 0x1D, 0xCA, 0x4B, 0x6F, 0xF3, 0x87, 0xAA, 0x61, 0xBE, 0x07, 0x01,
    0x84, 0x24, 0xC7, 0x8E, 0x95, 0xBA, 0x43, 0x52, 0x55, 0x62, 0xD7, 0x7E, 0xB1, 0x90, 0x7F, 0x37,
    0xEE, 0xE5, 0x56, 0x6C, 0xAF, 0x5C, 0x86, 0x2B, 0x94, 0x81, 0x2E, 0xAF, 0x72, 0xB9, 0xCD, 0x25,
    0x07, 0xB8, 0x78, 0x42, 0x09, 0x75, 0x10, 0xB0, 0xE4, 0x36, 0xAB, 0xD6, 0x62, 0xCC, 0x48, 0xED,
    0x71, 0xC8, 0x42, 0xF6, 0xE1, 0x83, 0x82, 0x9C, 0x32, 0xCA, 0xB6, 0x8F, 0x48, 0x99, 0xCA, 0x36,
    0x91, 0xA2, 0xCB, 0x1F, 0x1C, 0xF7, 0xB6, 0x41, 0xDA, 0x8D, 0x9A, 0xD5, 0x2F, 0xE1, 0xD3, 0x5E,
    0x02, 0xD0, 0x14, 0x09, 0x49, 0x91, 0xD0, 0x34, 0xD7, 0x5B, 0x4A, 0x91, 0x84, 0xEA, 0x38, 0x4B,
    0x3F, 0x9C, 0xC4, 0x7A, 0xEF, 0xA8, 0x12, 0x5F, 0xF1, 0x48, 0xDC, 0x1D, 0x1C, 0x1D, 0x72, 0x30,
    0x71, 0x28, 0xE8, 0xC1, 0x0B, 0x22, 0x2E, 0x06, 0x43, 0x9D, 0x26, 0x8F, 0xDC, 0x88, 0xEE, 0x65,
    0x15, 0xDD, 0x0B, 0x15, 0xA2, 0xEC, 0x5E, 0x56, 0xB1, 0x93, 0xAB, 0x94, 0x24, 0x0A, 0xB5, 0xA1,
    0x7F, 0xE2, 0x8D, 0x4B, 0x4F, 0xE2, 0x77, 0xFF, 0xE4, 0x0C, 0x47, 0xB4, 0xE3, 0x3B, 0xEA, 0x57,
    0xEA, 0xB3, 0xA6, 0xF9, 0x7A, 0x6D, 0x7C, 0xE8, 0x00, 0x39, 0x8E, 0xE6, 0xD0, 0x2E, 0x47, 0x68,
    0xA5, 0xEC, 0xDC, 0x99, 0xF3, 0x48, 0x95, 0x3C, 0x42, 0xAF, 0xDF, 0xAD, 0xD0, 0xFE, 0x96, 0x88,
    0xBC, 0xF0, 0xB3, 0xF5, 0x1F, 0x91, 0xB4, 0x6D, 0xC3, 0xF2, 0xA7, 0x87, 0xDA, 0xA7, 0x84, 0x74,
    0x02, 0xA4, 0x99, 0xE2, 0x47, 0x0B, 0x53, 0xFC, 0x24, 0xE6, 0x89, 0x84, 0x3D, 0x57, 0xB6, 0x7D,
    0xC9, 0x07, 0xA4, 0x0A, 0x1C, 0x40, 0x46, 0x66, 0x61, 0x93, 0x5E, 0xC5, 0x8F, 0xB9, 0x34, 0xFC,
    0x88, 0x4B, 0x18, 0xA3, 0xD5, 0xDC, 0xF6, 0x0A, 0x54, 0xE4, 0x31, 0x05, 0x32, 0xA3, 0x19, 0x24,
    0x25, 0x05, 0x9E, 0xD7, 0xE3, 0x61, 0xEA, 0x50, 0x5F, 0xC8, 0xB7, 0x2F, 0x10, 0x51, 0x3F, 0xEA,
    0x3C, 0x27, 0xD9, 0x95, 0x1D, 0xA2, 0x3B, 0xD2, 0xEB, 0x76, 0xC4, 0x15, 0x7C, 0x9D, 0xB6, 0xA5,
    0x68, 0x52, 0xDB, 0xC2, 0x81, 0xD8, 0x42, 0xD3, 0xB5, 0x35, 0xAA, 0x61, 0x3C, 0x51, 0x8F, 0x2A,
    0xE5, 0xAB, 0xA2, 0xC2, 0x79, 0xB6, 0xFF, 0x4B, 0x0E, 0x07, 0x3B, 0x3C, 0x3D, 0x7A, 0x9F, 0x13,
    0x55, 0xE1, 0xDF, 0x95, 0xAD, 0xA4, 0x57, 0x04, 0x8B, 0x24, 0x9D, 0x9F, 0xF2, 0x40, 0x41, 0x1A,
    0xA9, 0x08, 0xE5, 0x68, 0xF2, 0x59, 0x36, 0x39, 0x8B, 0x14, 0x87, 0x67, 0x4B, 0x50, 0x05, 0xB5,
    0xF8, 0x4A, 0xBC, 0x18, 0xB7, 0x3E, 0xBA, 0x30, 0x86, 0xBD, 0xD1, 0xA5, 0x15, 0x5A, 0x65, 0x2F,
    0x95, 0xF6, 0x50, 0x47, 0x9D, 0x65, 0x54, 0x3A, 0x45, 0x0C, 0xF4, 0x6E, 0x71, 0xD9, 0xD6, 0x43,
    0x1D, 0x4B, 0x96, 0x28, 0xB2, 0xC4, 0x8F, 0x83, 0x53, 0x8A, 0x1C, 0x6B, 0x59, 0x95, 0x68, 0x71,
    0xAB, 0x88, 0x7D, 0x28, 0x47, 0xAB, 0x04, 0xD7, 0xD7, 0x06, 0x29, 0xBE, 0xB3, 0x56, 0x8F, 0x05,
    0xA0, 0x91, 0x1B, 0xD9, 0xAE, 0x5D, 0xA2, 0x57, 0x41, 0x12, 0xEB, 0xED, 0x59, 0xAD, 0x5E, 0x87,
    0xA2, 0x5E, 0x28, 0x87, 0xB4, 0x25, 0x1B, 0x48, 0x90, 0x7B, 0x24, 0xF1, 0x6D, 0x4B, 0x07, 0x8A,
    0xCD, 0x16, 0xAC, 0x93, 0xB9, 0x79, 0xE7, 0xF3, 0x3F, 0xE9, 0x51, 0x05, 0x5A, 0x98, 0xF0, 0x0A,
    0xA5, 0x58, 0xC2, 0xE5, 0x55, 0x1F, 0x5D, 0xF8, 0x7D, 0x9E, 0x46, 0x78, 0x8E, 0x8F, 0x1A, 0xAC,
    0xB5, 0x92, 0xCF, 0x69, 0x85, 0x1E, 0x91, 0x36, 0x69, 0x98, 0x53, 0x14, 0x4A, 0x0B, 0xD1, 0x31,
    0x49, 0x3D, 0xDA, 0x5E, 0xF7, 0x1A, 0x2A, 0x92, 0xC8, 0x49, 0xFD, 0xBF, 0x9F, 0xE3, 0x17, 0xA3,
    0xD4, 0xAA, 0x6B, 0xE4, 0x5D, 0x82, 0x6B, 0x9E, 0xDB, 0xEA, 0xF4, 0x5B, 0x29, 0x7B, 0xF3, 0x6A,
    0xBA, 0xD3, 0x98, 0xC9, 0xEC, 0x10, 0xF4, 0x3C, 0xE6, 0x51, 0x8F, 0xE1, 0xDB, 0xC8, 0xE7, 0x3D,
    0x62, 0x76, 0x85, 0x85, 0x55, 0x38, 0xB4, 0xD4, 0xA4, 0xE7, 0xF3, 0x72, 0x0A, 0xD7, 0x64, 0x94,
    0x0E, 0xF8, 0x20, 0xE1, 0x25, 0xDB, 0xD9, 0x1D, 0x6A, 0x0A, 0xF9, 0xEE, 0x2A, 0xBA, 0xEB, 0x27,
    0xE4, 0x1B, 0xEC, 0xD2, 0x93, 0x7A, 0x37, 0x88, 0x2E, 0x64, 0x42, 0xF2, 0x39, 0x0D, 0x2C, 0x79,
    0xAE, 0xEE, 0xE0, 0x79, 0x90, 0x67, 0xFE, 0x40, 0xDE, 0xF3, 0x7D, 0xBC, 0x8E, 0x39, 0x5F, 0x42,
    0x9B, 0x1E, 0xC9, 0x3B, 0x0C, 0x41, 0xBA, 0xD6, 0x6E, 0x4D, 0x89, 0x4A, 0x3C, 0xD7, 0x07, 0xD5,
    0x5E, 0xC4, 0x23, 0x66, 0x2F, 0x9F, 0xCA, 0x65, 0xAB, 0x95, 0x8C, 0x23, 0xB3, 0xFF, 0xCB, 0x4D,
    0xC9, 0x23, 0x3E, 0xD1, 0xC6, 0x8B, 0xE2, 0xC7, 0xF9, 0xC3, 0xFD, 0x97, 0xF4, 0xFC, 0x6A, 0xCB,
    0x32, 0x8F, 0x7A, 0x74, 0x0F, 0xB7, 0xE9, 0x67, 0x26, 0xCD, 0x13, 0xAF, 0x78, 0x7A, 0xF1, 0xEB,
    0x09, 0x84, 0x35, 0x85, 0x6E, 0xDA, 0xE3, 0x9A, 0x17, 0x85, 0xFE, 0x3C, 0xF4, 0xE2, 0xB5, 0xA7,
    0x7E, 0x30, 0x45, 0xD0, 0xFC, 0x0C, 0x27, 0xB8, 0xFF, 0xC8, 0x35, 0x8E, 0x48, 0xE7, 0xDE, 0xF8,
    0xA7, 0x5F, 0x86, 0x7D, 0xD8, 0x4E, 0x6A, 0xB4, 0x91, 0x1B, 0xEB, 0x99, 0x4E, 0x88, 0x6F, 0x67,
    0x95, 0x2D, 0x2E, 0x71, 0xEA, 0x26, 0xE5, 0xCC, 0x78, 0xAA, 0xAE, 0xF8, 0x5B, 0x15, 0xB1, 0x9D,
    0x7E, 0x40, 0x0C, 0x77, 0x1F, 0x71, 0x47, 0xB2, 0xAB, 0x16, 0xCA, 0x4A, 0x51, 0x16, 0x8A, 0xDC,
    0xCE, 0x11, 0xD9, 0x0C, 0xBB, 0x0A, 0x79, 0x6D, 0xE1, 0xB3, 0xDB, 0xEA, 0xB3, 0x83, 0x4B, 0xDB,
    0x68, 0xCD, 0x0F, 0x15, 0xC7, 0x25, 0xD8, 0xF8, 0x61, 0x0B, 0xEB, 0x92, 0xFC, 0x7B, 0xFA, 0x15,
    0xFA, 0xE7, 0x01, 0x49, 0x85, 0xE5, 0xC6, 0x28, 0x5B, 0xDC, 0x9E, 0xD9, 0xE0, 0x92, 0xC2, 0xDA,
    0xF4, 0xA0, 0xBA, 0xC3, 0xB9, 0x87, 0x54, 0xFA, 0x29, 0x87, 0xA9, 0x0A, 0x4E, 0x62, 0xE4, 0x9D,
    0x3A, 0x98, 0xC8, 0x82, 0xE9, 0x7E, 0xDE, 0xA6, 0xB3, 0x38, 0xBF, 0x13, 0xB4, 0x79, 0x9B, 0x92,
    0x0B, 0xA1, 0xD4, 0x39, 0x33, 0xB8, 0x41, 0xCC, 0xC7, 0xC8, 0xBD, 0x8F, 0x68, 0x65, 0x97, 0x34,
    0x16, 0xAE, 0x3E, 0xFD, 0xBA, 0xBF, 0x84, 0xE6, 0x49, 0x9E, 0xE4, 0xEF, 0x06, 0x98, 0xE2, 0xDA,
    0x6B, 0xF0, 0x4A, 0x84, 0x06, 0xD5, 0x8F, 0x71, 0xC0, 0xBC, 0xF8, 0xAA, 0x76, 0x35, 0x3C, 0x4A,
    0x54, 0xC2, 0x35, 0x28, 0x45, 0xF8, 0x70, 0xDA, 0xC0, 0x01, 0x9E, 0xCC, 0x69, 0xA0, 0x0B, 0x2C,
    0xEC, 0x86, 0x86, 0x6F, 0x42, 0xAB, 0x0A, 0x8F, 0xD3, 0xBE, 0x6B, 0xD6, 0x26, 0x16, 0x43, 0xFC,
    0xED, 0xE8, 0x73, 0x24, 0x39, 0x20, 0xD4, 0x09, 0x4E, 0xF4, 0x4E, 0x85, 0x85, 0x87, 0x3E, 0x1A,
    0x84, 0xC7, 0xE8, 0xEE, 0x87, 0x34, 0xED, 0x85, 0x6D, 0xEE, 0x91, 0xCF, 0xDC, 0xD9, 0x66, 0x95,
    0xF8, 0x27, 0xFE, 0xE4, 0x7D, 0x99, 0xA1, 0x5F, 0x25, 0x59, 0xF7, 0xD9, 0x09, 0x99, 0xA4, 0x7A,
    0xF6, 0x6D, 0x5D, 0x7C, 0x8B, 0x4B, 0x2F, 0xE2, 0x7F, 0x8A, 0xC0, 0xFF, 0xFC, 0x00, 0x9D, 0x30,
    0xFA, 0xBC, 0x16, 0x61, 0x8A, 0x42, 0x5E, 0xB2, 0x85, 0x12, 0x2C, 0xE2, 0x49, 0x8A, 0x3D, 0x2A,
    0x5E, 0x12, 0xA3, 0xE3, 0xDB, 0x45, 0xCC, 0x5C, 0x25, 0xB1, 0x25, 0x30, 0xB1, 0x4A, 0x08, 0x4E,
    0x62, 0xF8, 0xC2, 0x3D, 0xE5, 0x9D, 0xC5, 0x9E, 0xAA, 0x46, 0x2A, 0xF3, 0xD5, 0xD4, 0x52, 0x5D,
    0x28, 0x66, 0xBF, 0x75, 0x5C, 0xBA, 0xA2, 0x12, 0x51, 0x63, 0x49, 0x63, 0x41, 0x13, 0x39, 0x63,
    0x31, 0x63, 0x29, 0x13, 0x21, 0x63, 0x19, 0x63, 0x11, 0x63, 0x09, 0x63, 0x01, 0x23, 0xF9, 0x62,
    0xF1, 0x62, 0xE9, 0x62, 0xE1, 0x22, 0xD9, 0x62, 0xD1, 0x62, 0xC9, 0x72, 0xD4, 0x20, 0xF9, 0x89,
    0xD7, 0x57, 0xDE, 0xBE, 0x7E, 0xB6, 0x87, 0x1F, 0x76, 0x05, 0xEF, 0x3B, 0x86, 0x10, 0x5E, 0x96,
    0xE9, 0x07, 0x5E, 0xAD, 0x62, 0xB1, 0xEC, 0xF4, 0x63, 0x8D, 0x4B, 0x9E, 0x9A, 0x69, 0xD1, 0x59,
    0x32, 0x17, 0x4B, 0xE6, 0x62, 0xC5, 0x5C, 0xE4, 0x39, 0x9D, 0x4B, 0x9F, 0xED, 0x8A, 0x9B, 0x57,
    0xDD, 0x23, 0x54, 0x12, 0x0E, 0x09, 0xB9, 0x94, 0x87, 0xD4, 0x3D, 0xA9, 0xB3, 0xA8, 0x25, 0x68,
    0x79, 0xBE, 0x96, 0x54, 0xE1, 0x31, 0x8E, 0x72, 0x1E, 0xA8, 0x78, 0xD2, 0x44, 0xAE, 0x1A, 0x6E,
    0x82, 0x73, 0xF0, 0x17, 0x24, 0x62, 0x21, 0xC4, 0x89, 0xB2, 0xFF, 0xE4, 0x1F, 0x3B, 0x81, 0x16,
    0x77, 0x60, 0xFA, 0x72, 0xB9, 0x7E, 0x19, 0x79, 0xF8, 0xFF,
};

static const EpdGlyph notosansarabic_16_regularGlyphs[] = {
    { 0, 0, 139, 0, 0, 0, 0 }, // U+0020
    { 5, 25, 143, 2, 24, 32, 0 }, // !
    { 10, 9, 218, 2, 24, 23, 32 }, // "
    { 21, 24, 344, 0, 24, 126, 55 }, // #
    { 16, 28, 305, 2, 26, 112, 181 }, // $
    { 26, 26, 443, 1, 25, 169, 293 }, // %
    { 24, 26, 390, 1, 25, 156, 462 }, // &
    { 4, 9, 120, 2, 24, 9, 618 }, // '
    { 8, 30, 160, 1, 24, 60, 627 }, // (
    { 8, 30, 160, 1, 24, 60, 687 }, // )
    { 16, 16, 294, 1, 26, 64, 747 }, // *
    { 17, 17, 305, 1, 20, 73, 811 }, // +
    { 6, 9, 143, 1, 4, 14, 884 }, // ,
    { 9, 4, 172, 1, 11, 9, 898 }, // -
    { 5, 6, 143, 2, 5, 8, 907 }, // .
    { 13, 24, 198, 0, 24, 78, 915 }, // /
    { 17, 26, 305, 1, 25, 111, 993 }, // 0
    { 10, 24, 305, 2, 24, 60, 1104 }, // 1
    { 17, 25, 305, 1, 25, 107, 1164 }, // 2
    { 17, 26, 305, 1, 25, 111, 1271 }, // 3
    { 19, 24, 305, 0, 24, 114, 1382 }, // 4
    { 16, 25, 305, 2, 24, 100, 1496 }, // 5
    { 17, 26, 305, 1, 25, 111, 1596 }, // 6
    { 17, 24, 305, 1, 24, 102, 1707 }, // 7
    { 17, 26, 305, 1, 25, 111, 1809 }, // 8
    { 17, 26, 305, 1, 25, 111, 1920 }, // 9
    { 5, 20, 143, 2, 19, 25, 2031 }, // :
    { 6, 24, 143, 1, 19, 36, 2056 }, // ;
    { 17, 18, 305, 1, 21, 77, 2092 }, // <
    { 17, 10, 305, 1, 17, 43, 2169 }, // =
    { 17, 18, 305, 1, 21, 77, 2212 }, // >
    { 14, 26, 231, 0, 25, 91, 2289 }, // ?
    { 28, 27, 479, 1, 24, 189, 2380 }, // @
    { 22, 24, 341, 0, 24, 132, 2569 }, // A
    { 17, 24, 347, 3, 24, 102, 2701 }, // B
    { 19, 26, 337, 2, 25, 124, 2803 }, // C
    { 20, 24, 389, 3, 24, 120, 2927 }, // D
    { 14, 24, 296, 3, 24, 84, 3047 }, // E
    { 14, 24, 277, 3, 24, 84, 3131 }, // F
    { 20, 26, 388, 2, 25, 130, 3215 }, // G
    { 19, 24, 395, 3, 24, 114, 3345 }, // H
    { 9, 24, 181, 1, 24, 54, 3459 }, // I
    { 10, 31, 146, -3, 24, 78, 3513 }, // J
    { 18, 24, 330, 3, 24, 108, 3591 }, // K
    { 14, 24, 279, 3, 24, 84, 3699 }, // L
    { 24, 24, 484, 3, 24, 144, 3783 }, // M
    { 20, 24, 405, 3, 24, 120, 3927 }, // N
    { 22, 26, 416, 2, 25, 143, 4047 }, // O
    { 16, 24, 323, 3, 24, 96, 4190 }, // P
    { 22, 31, 416, 2, 25, 171, 4286 }, // Q
    { 18, 24, 332, 3, 24, 108, 4457 }, // R
    { 16, 26, 293, 1, 25, 104, 4565 }, // S
    { 19, 24, 296, 0, 24, 114, 4669 }, // T
    { 19, 25, 390, 3, 24, 119, 4783 }, // U
    { 20, 24, 320, 0, 24, 120, 4902 }, // V
    { 31, 24, 496, 0, 24, 186, 5022 }, // W
    { 20, 24, 312, 0, 24, 120, 5208 }, // X
    { 19, 24, 302, 0, 24, 114, 5328 }, // Y
    { 17, 24, 305, 1, 24, 102, 5442 }, // Z
    { 9, 30, 175, 2, 24, 68, 5544 }, // [
    { 13, 24, 198, 0, 24, 78, 5612 }, // <backslash>
    { 9, 30, 175, 0, 24, 68, 5690 }, // ]
    { 17, 16, 305, 1, 24, 68, 5758 }, // ^
    { 16, 3, 237, -1, -3, 12, 5826 }, // _
    { 8, 6, 150, 1, 26, 12, 5838 }, // `
    { 15, 20, 299, 1, 19, 75, 5850 }, // a
    { 17, 27, 328, 2, 26, 115, 5925 }, // b
    { 14, 20, 256, 1, 19, 70, 6040 }, // c
    { 17, 27, 328, 1, 26, 115, 6110 }, // d
    { 17, 20, 301, 1, 19, 85, 6225 }, // e
    { 13, 26, 183, 0, 26, 85, 6310 }, // f
    { 17, 27, 328, 1, 19, 115, 6395 }, // g
    { 16, 26, 330, 2, 26, 104, 6510 }, // h
    { 5, 25, 138, 2, 25, 32, 6614 }, // i
    { 9, 33, 138, -2, 25, 75, 6646 }, // j
    { 16, 26, 285, 2, 26, 104, 6721 }, // k
    { 4, 26, 138, 2, 26, 26, 6825 }, // l
    { 27, 19, 499, 2, 19, 129, 6851 }, // m
    { 16, 19, 330, 2, 19, 76, 6980 }, // n
    { 18, 20, 323, 1, 19, 90, 7056 }, // o
    { 17, 27, 328, 2, 19, 115, 7146 }, // p
    { 17, 27, 328, 1, 19, 115, 7261 }, // q
    { 12, 19, 220, 2, 19, 57, 7376 }, // r
    { 14, 20, 255, 1, 19, 70, 7433 }, // s
    { 12, 23, 193, 0, 22, 69, 7503 }, // t
    { 16, 19, 330, 2, 18, 76, 7572 }, // u
    { 17, 18, 271, 0, 18, 77, 7648 }, // v
    { 26, 18, 419, 0, 18, 117, 7725 }, // w
    { 18, 18, 282, 0, 18, 81, 7842 }, // x
    { 17, 26, 272, 0, 18, 111, 7923 }, // y
    { 14, 18, 251, 1, 18, 63, 8034 }, // z
    { 12, 30, 203, 0, 24, 90, 8097 }, // {
    { 4, 35, 294, 7, 26, 35, 8187 }, // |
    { 11, 30, 203, 1, 24, 83, 8222 }, // }
    { 17, 5, 305, 1, 14, 22, 8305 }, // ~
    { 38, 9, 609, 0, 5, 86, 0 }, // U+0600
    { 50, 9, 802, 0, 0, 113, 86 }, // U+0601
    { 37, 9, 578, 0, 5, 84, 199 }, // U+0602
    { 43, 8, 697, 0, 4, 86, 283 }, // U+0603
    { 68, 19, 1086, 0, 13, 323, 369 }, // U+0604
    { 39, 7, 654, 1, 25, 69, 692 }, // U+0605
    { 21, 24, 332, 0, 24, 126, 761 }, // U+0606
    { 21, 24, 332, 0, 24, 126, 887 }, // U+0607
    { 37, 24, 591, 0, 14, 222, 1013 }, // U+0608
    { 20, 24, 346, 1, 23, 120, 1235 }, // U+0609
    { 26, 24, 444, 1, 23, 156, 1355 }, // U+060A
    { 14, 32, 238, 0, 24, 112, 1511 }, // U+060B
    { 5, 9, 175, 3, 8, 12, 1623 }, // U+060C
    { 9, 13, 195, 1, 6, 30, 1635 }, // U+060D
    { 30, 13, 482, 0, 12, 98, 1665 }, // U+060E
    { 23, 31, 278, -2, 17, 179, 1763 }, // U+060F
    { 11, 9, 0, 0, 28, 25, 1942 }, // U+0610
    { 10, 9, 0, 0, 28, 23, 1967 }, // U+0611
    { 10, 8, 0, 0, 28, 20, 1990 }, // U+0612
    { 13, 10, 0, 1, 29, 33, 2010 }, // U+0613
    { 15, 5, 0, 0, 25, 19, 2043 }, // U+0614
    { 10, 10, 0, 0, 45, 25, 2062 }, // U+0615
    { 13, 13, 0, 0, 48, 43, 2087 }, // U+0616
    { 6, 11, 0, 0, 46, 17, 2130 }, // U+0617
    { 6, 4, 0, 1, 23, 6, 2147 }, // U+0618
    { 7, 8, 0, 0, 27, 14, 2153 }, // U+0619
    { 6, 4, 0, 1, -3, 6, 2167 }, // U+061A
    { 6, 18, 183, 2, 17, 27, 2173 }, // U+061B
    { 0, 0, 320, 0, 0, 0, 2200 }, // U+061C
    { 14, 25, 322, 3, 23, 88, 2200 }, // U+061D
    { 9, 8, 154, 0, 7, 18, 2288 }, // U+061E
    { 14, 26, 231, 0, 25, 91, 2306 }, // U+061F
    { 24, 29, 405, 1, 14, 174, 2397 }, // U+0620
    { 13, 14, 219, 0, 12, 46, 2571 }, // U+0621
    { 12, 28, 125, -2, 28, 84, 2617 }, // U+0622
    { 7, 32, 125, 0, 32, 56, 2701 }, // U+0623
    { 13, 30, 238, 1, 22, 98, 2757 }, // U+0624
    { 8, 34, 127, 1, 24, 68, 2855 }, // U+0625
    { 24, 24, 405, 1, 16, 144, 2923 }, // U+0626
    { 4, 24, 127, 2, 24, 24, 3067 }, // U+0627
    { 31, 22, 530, 1, 14, 171, 3091 }, // U+0628
    { 12, 23, 216, 1, 23, 69, 3262 }, // U+0629
    { 31, 19, 530, 1, 18, 148, 3331 }, // U+062A
    { 31, 22, 530, 1, 21, 171, 3479 }, // U+062B
    { 20, 28, 341, 0, 14, 140, 3650 }, // U+062C
    { 20, 28, 341, 0, 14, 140, 3790 }, // U+062D
    { 20, 35, 341, 0, 21, 175, 3930 }, // U+062E
    { 14, 17, 254, 1, 16, 60, 4105 }, // U+062F
    { 14, 24, 254, 1, 23, 84, 4165 }, // U+0630
    { 12, 20, 196, -1, 12, 60, 4249 }, // U+0631
    { 12, 27, 196, -1, 19, 81, 4309 }, // U+0632
    { 38, 22, 645, 1, 14, 209, 4390 }, // U+0633
    { 38, 30, 645, 1, 22, 285, 4599 }, // U+0634
    { 42, 21, 696, 1, 13, 221, 4884 }, // U+0635
    { 42, 28, 696, 1, 20, 294, 5105 }, // U+0636
    { 25, 25, 420, 0, 24, 157, 5399 }, // U+0637
    { 25, 25, 420, 0, 24, 157, 5556 }, // U+0638
    { 20, 31, 270, 0, 17, 155, 5713 }, // U+0639
    { 20, 38, 270, 0, 24, 190, 5868 }, // U+063A
    { 29, 29, 468, 1, 28, 211, 6058 }, // U+063B
    { 29, 35, 468, 1, 24, 254, 6269 }, // U+063C
    { 24, 25, 405, 1, 17, 150, 6523 }, // U+063D
    { 24, 22, 405, 1, 14, 132, 6673 }, // U+063E
    { 24, 24, 405, 1, 16, 144, 6805 }, // U+063F
    { 11, 4, 144, 0, 3, 11, 6949 }, // U+0640
    { 31, 25, 524, 1, 24, 194, 6960 }, // U+0641
    { 24, 28, 413, 1, 21, 168, 7154 }, // U+0642
    { 27, 25, 470, 1, 24, 169, 7322 }, // U+0643
    { 21, 32, 371, 1, 24, 168, 7491 }, // U+0644
    { 15, 27, 258, 0, 13, 102, 7659 }, // U+0645
    { 21, 25, 365, 1, 17, 132, 7761 }, // U+0646
    { 21, 18, 358, 0, 17, 95, 7893 }, // U+0647
    { 13, 20, 238, 1, 12, 65, 7988 }, // U+0648
    { 24, 22, 405, 1, 14, 132, 8053 }, // U+0649
    { 24, 29, 405, 1, 14, 174, 8185 }, // U+064A
    { 8, 9, 0, 1, 29, 18, 8359 }, // U+064B
    { 11, 9, 0, 0, 28, 25, 8377 }, // U+064C
    { 8, 8, 0, 1, -1, 16, 8402 }, // U+064D
    { 8, 5, 0, 1, 25, 10, 8418 }, // U+064E
    { 9, 9, 0, 0, 28, 21, 8428 }, // U+064F
    { 8, 5, 0, 1, -1, 10, 8449 }, // U+0650
    { 10, 8, 0, 0, 27, 20, 8459 }, // U+0651
    { 6, 7, 0, 1, 27, 11, 8479 }, // U+0652
    { 11, 4, 0, 0, 24, 11, 8490 }, // U+0653
    { 8, 9, 0, 0, 28, 18, 8501 }, // U+0654
    { 8, 9, 0, 0, -1, 18, 8519 }, // U+0655
    { 3, 6, 0, 1, -2, 5, 8537 }, // U+0656
    { 9, 9, 0, 1, 28, 21, 8542 }, // U+0657
    { 8, 6, 0, 0, 25, 12, 8563 }, // U+0658
    { 8, 2, 0, 1, 23, 4, 8575 }, // U+0659
    { 8, 8, 0, 0, 26, 16, 8579 }, // U+065A
    { 8, 8, 0, 0, 26, 16, 8595 }, // U+065B
    { 5, 5, 0, 0, -3, 7, 8611 }, // U+065C
    { 9, 9, 0, 2, 27, 21, 8618 }, // U+065D
    { 8, 9, 0, 1, 28, 18, 8639 }, // U+065E
    { 11, 8, 0, 0, -2, 22, 8657 }, // U+065F
    { 7, 7, 305, 6, 13, 13, 8679 }, // U+0660
    { 7, 24, 305, 6, 23, 42, 8692 }, // U+0661
    { 15, 24, 305, 2, 23, 90, 8734 }, // U+0662
    { 17, 24, 305, 1, 23, 102, 8824 }, // U+0663
    { 15, 24, 305, 2, 23, 90, 8926 }, // U+0664
    { 15, 19, 305, 2, 18, 72, 9016 }, // U+0665
    { 15, 24, 305, 2, 23, 90, 9088 }, // U+0666
    { 19, 25, 305, 0, 24, 119, 9178 }, // U+0667
    { 19, 24, 305, 0, 23, 114, 9297 }, // U+0668
    { 15, 24, 305, 2, 23, 90, 9411 }, // U+0669
    { 14, 24, 252, 1, 23, 84, 9501 }, // U+066A
    { 8, 12, 131, 0, 6, 24, 9585 }, // U+066B
    { 8, 12, 131, 1, 23, 24, 9609 }, // U+066C
    { 17, 17, 266, 0, 16, 73, 9633 }, // U+066D
    { 31, 15, 530, 1, 14, 117, 9706 }, // U+066E
    { 24, 21, 413, 1, 14, 126, 9823 }, // U+066F
    { 3, 6, 0, 1, 26, 5, 9949 }, // U+0670
    { 11, 32, 125, -1, 32, 88, 9954 }, // U+0671
    { 11, 32, 125, -1, 32, 88, 10042 }, // U+0672
    { 12, 34, 127, -3, 24, 102, 10130 }, // U+0673
    { 13, 14, 219, 0, 17, 46, 10232 }, // U+0674
    { 19, 24, 346, 2, 24, 114, 10278 }, // U+0675
    { 27, 25, 458, 1, 17, 169, 10392 }, // U+0676
    { 27, 30, 458, 1, 22, 203, 10561 }, // U+0677
    { 37, 25, 624, 1, 17, 232, 10764 }, // U+0678
    { 31, 25, 530, 1, 24, 194, 10996 }, // U+0679
    { 31, 23, 530, 1, 22, 179, 11190 }, // U+067A
    { 31, 26, 530, 1, 14, 202, 11369 }, // U+067B
    { 31, 24, 530, 1, 18, 186, 11571 }, // U+067C
    { 31, 22, 530, 1, 21, 171, 11757 }, // U+067D
    { 31, 25, 530, 1, 14, 194, 11928 }, // U+067E
    { 31, 23, 530, 1, 22, 179, 12122 }, // U+067F
    { 31, 26, 530, 1, 14, 202, 12301 }, // U+0680
    { 20, 39, 341, 0, 25, 195, 12503 }, // U+0681
    { 20, 39, 341, 0, 25, 195, 12698 }, // U+0682
    { 21, 28, 351, 0, 14, 147, 12893 }, // U+0683
    { 20, 28, 341, 0, 14, 140, 13040 }, // U+0684
    { 20, 38, 341, 0, 24, 190, 13180 }, // U+0685
    { 21, 28, 351, 0, 14, 147, 13370 }, // U+0686
    { 21, 28, 351, 0, 14, 147, 13517 }, // U+0687
    { 14, 30, 254, 1, 29, 105, 13664 }, // U+0688
    { 14, 21, 254, 1, 16, 74, 13769 }, // U+0689
    { 14, 23, 254, 1, 16, 81, 13843 }, // U+068A
    { 14, 36, 254, 1, 29, 126, 13924 }, // U+068B
    { 14, 24, 254, 1, 23, 84, 14050 }, // U+068C
    { 14, 23, 254, 1, 16, 81, 14134 }, // U+068D
    { 14, 27, 254, 1, 26, 95, 14215 }, // U+068E
    { 14, 27, 254, 1, 26, 95, 14310 }, // U+068F
    { 14, 28, 254, 1, 27, 98, 14405 }, // U+0690
    { 12, 33, 196, -1, 25, 99, 14503 }, // U+0691
    { 12, 31, 196, -1, 23, 93, 14602 }, // U+0692
    { 13, 20, 196, -1, 12, 65, 14695 }, // U+0693
    { 12, 26, 196, -1, 12, 78, 14760 }, // U+0694
    { 12, 26, 196, -1, 12, 78, 14838 }, // U+0695
    { 12, 26, 196, -1, 12, 78, 14916 }, // U+0696
    { 12, 27, 196, -1, 19, 81, 14994 }, // U+0697
    { 12, 30, 196, -1, 22, 90, 15075 }, // U+0698
    { 12, 31, 196, -1, 23, 93, 15165 }, // U+0699
    { 38, 27, 645, 1, 19, 257, 15258 }, // U+069A
    { 38, 24, 645, 1, 14, 228, 15515 }, // U+069B
    { 38, 32, 645, 1, 22, 304, 15743 }, // U+069C
    { 42, 21, 696, 1, 13, 221, 16047 }, // U+069D
    { 42, 31, 696, 1, 23, 326, 16268 }, // U+069E
    { 25, 25, 420, 0, 24, 157, 16594 }, // U+069F
    { 20, 41, 270, 0, 27, 205, 16751 }, // U+06A0
    { 31, 18, 524, 1, 17, 140, 16956 }, // U+06A1
    { 31, 25, 524, 1, 17, 194, 17096 }, // U+06A2
    { 31, 32, 524, 1, 24, 248, 17290 }, // U+06A3
    { 31, 28, 524, 1, 27, 217, 17538 }, // U+06A4
    { 31, 28, 524, 1, 17, 217, 17755 }, // U+06A5
    { 31, 29, 524, 1, 28, 225, 17972 }, // U+06A6
    { 24, 28, 413, 1, 21, 168, 18197 }, // U+06A7
    { 24, 31, 413, 1, 24, 186, 18365 }, // U+06A8
    { 29, 25, 468, 1, 24, 182, 18551 }, // U+06A9
    { 32, 21, 543, 1, 20, 168, 18733 }, // U+06AA
    { 29, 25, 468, 1, 24, 182, 18901 }, // U+06AB
    { 27, 26, 470, 1, 25, 176, 19083 }, // U+06AC
    { 27, 29, 470, 1, 28, 196, 19259 }, // U+06AD
    { 27, 35, 470, 1, 24, 237, 19455 }, // U+06AE
    { 29, 29, 468, 1, 28, 211, 19692 }, // U+06AF
    { 29, 29, 468, 1, 28, 211, 19903 }, // U+06B0
    { 29, 32, 468, 1, 31, 232, 20114 }, // U+06B1
    { 29, 36, 468, 1, 28, 261, 20346 }, // U+06B2
    { 29, 40, 468, 1, 28, 290, 20607 }, // U+06B3
    { 29, 33, 468, 1, 32, 240, 20897 }, // U+06B4
    { 22, 43, 371, 1, 35, 237, 21137 }, // U+06B5
    { 21, 39, 371, 1, 31, 205, 21374 }, // U+06B6
    { 22, 42, 371, 1, 34, 231, 21579 }, // U+06B7
    { 21, 42, 371, 1, 24, 221, 21810 }, // U+06B8
    { 21, 32, 365, 1, 17, 168, 22031 }, // U+06B9
    { 21, 19, 365, 1, 11, 100, 22199 }, // U+06BA
    { 21, 32, 365, 1, 24, 168, 22299 }, // U+06BB
    { 21, 30, 365, 1, 17, 158, 22467 }, // U+06BC
    { 21, 28, 365, 1, 20, 147, 22625 }, // U+06BD
    { 21, 18, 358, 0, 17, 95, 22772 }, // U+06BE
    { 21, 35, 351, 0, 21, 184, 22867 }, // U+06BF
    { 12, 26, 216, 1, 26, 78, 23051 }, // U+06C0
    { 12, 16, 216, 1, 16, 48, 23129 }, // U+06C1
    { 12, 26, 216, 1, 26, 78, 23177 }, // U+06C2
    { 12, 23, 216, 1, 23, 69, 23255 }, // U+06C3
    { 13, 20, 238, 1, 12, 65, 23324 }, // U+06C4
    { 13, 20, 238, 1, 12, 65, 23389 }, // U+06C5
    { 13, 31, 238, 1, 23, 101, 23454 }, // U+06C6
    { 13, 30, 238, 1, 22, 98, 23555 }, // U+06C7
    { 13, 30, 238, 1, 22, 98, 23653 }, // U+06C8
    { 13, 31, 238, 1, 23, 101, 23751 }, // U+06C9
    { 13, 27, 238, 1, 19, 88, 23852 }, // U+06CA
    { 13, 30, 238, 1, 22, 98, 23940 }, // U+06CB
    { 24, 22, 405, 1, 14, 132, 24038 }, // U+06CC
    { 29, 22, 405, -4, 14, 160, 24170 }, // U+06CD
    { 24, 25, 405, 1, 17, 150, 24330 }, // U+06CE
    { 13, 27, 238, 1, 19, 88, 24480 }, // U+06CF
    { 24, 33, 405, 1, 14, 198, 24568 }, // U+06D0
    { 24, 32, 405, 1, 14, 192, 24766 }, // U+06D1
    { 30, 17, 502, 1, 16, 128, 24958 }, // U+06D2
    { 30, 26, 502, 1, 25, 195, 25086 }, // U+06D3
    { 9, 3, 159, 1, 3, 7, 25281 }, // U+06D4
    { 12, 16, 216, 1, 16, 48, 25288 }, // U+06D5
    { 15, 10, 0, 0, 45, 38, 25336 }, // U+06D6
    { 11, 11, 0, 0, 46, 31, 25374 }, // U+06D7
    { 9, 7, 0, 2, 42, 16, 25405 }, // U+06D8
    { 7, 9, 0, 0, 44, 16, 25421 }, // U+06D9
    { 8, 11, 0, 1, 46, 22, 25437 }, // U+06DA
    { 8, 8, 0, 0, 43, 16, 25459 }, // U+06DB
    { 14, 9, 0, 0, 44, 32, 25475 }, // U+06DC
    { 40, 40, 731, 3, 29, 400, 25507 }, // U+06DD
    { 32, 32, 533, 1, 25, 256, 25907 }, // U+06DE
    { 6, 7, 0, 1, 27, 11, 26163 }, // U+06DF
    { 7, 9, 0, 0, 28, 16, 26174 }, // U+06E0
    { 8, 7, 0, 1, 28, 14, 26190 }, // U+06E1
    { 6, 9, 0, 1, 25, 14, 26204 }, // U+06E2
    { 14, 9, 0, 0, -1, 32, 26218 }, // U+06E3
    { 11, 4, 0, 0, 24, 11, 26250 }, // U+06E4
    { 7, 9, 97, 0, 8, 16, 26261 }, // U+06E5
    { 12, 8, 187, 0, 7, 24, 26277 }, // U+06E6
    { 12, 8, 0, 0, 27, 24, 26301 }, // U+06E7
    { 9, 10, 0, 0, 45, 23, 26325 }, // U+06E8
    { 18, 24, 324, 1, 24, 108, 26348 }, // U+06E9
    { 8, 9, 0, 1, -1, 18, 26456 }, // U+06EA
    { 9, 9, 0, 0, 28, 21, 26474 }, // U+06EB
    { 5, 6, 0, 0, 26, 8, 26495 }, // U+06EC
    { 6, 9, 0, 1, -3, 14, 26503 }, // U+06ED
    { 14, 28, 254, 1, 27, 98, 26517 }, // U+06EE
    { 12, 31, 196, -1, 23, 93, 26615 }, // U+06EF
    { 7, 7, 305, 6, 13, 13, 26708 }, // U+06F0
    { 7, 24, 305, 6, 23, 42, 26721 }, // U+06F1
    { 15, 24, 305, 2, 23, 90, 26763 }, // U+06F2
    { 17, 24, 305, 1, 23, 102, 26853 }, // U+06F3
    { 15, 23, 305, 2, 23, 87, 26955 }, // U+06F4
    { 15, 23, 305, 2, 23, 87, 27042 }, // U+06F5
    { 13, 24, 305, 3, 23, 78, 27129 }, // U+06F6
    { 19, 25, 305, 0, 24, 119, 27207 }, // U+06F7
    { 19, 24, 305, 0, 23, 114, 27326 }, // U+06F8
    { 15, 24, 305, 2, 23, 90, 27440 }, // U+06F9
    { 38, 30, 645, 1, 22, 285, 27530 }, // U+06FA
    { 42, 28, 696, 1, 20, 294, 27815 }, // U+06FB
    { 20, 38, 270, 0, 24, 190, 28109 }, // U+06FC
    { 13, 20, 219, 0, 12, 65, 28299 }, // U+06FD
    { 15, 27, 258, 0, 13, 102, 28364 }, // U+06FE
    { 21, 28, 358, 0, 27, 147, 28466 }, // U+06FF
    { 31, 22, 530, 1, 14, 171, 28613 }, // U+0750
    { 31, 29, 530, 1, 21, 225, 28784 }, // U+0751
    { 31, 25, 530, 1, 14, 194, 29009 }, // U+0752
    { 31, 29, 530, 1, 18, 225, 29203 }, // U+0753
    { 31, 26, 530, 1, 18, 202, 29428 }, // U+0754
    { 31, 24, 530, 1, 14, 186, 29630 }, // U+0755
    { 31, 23, 530, 1, 22, 179, 29816 }, // U+0756
    { 20, 35, 341, 0, 21, 175, 29995 }, // U+0757
    { 21, 28, 351, 0, 14, 147, 30170 }, // U+0758
    { 14, 40, 254, 1, 29, 140, 30317 }, // U+0759
    { 14, 25, 254, 1, 16, 88, 30457 }, // U+075A
    { 14, 20, 196, -1, 12, 70, 30545 }, // U+075B
    { 38, 31, 645, 1, 23, 295, 30615 }, // U+075C
    { 20, 38, 270, 0, 24, 190, 30910 }, // U+075D
    { 20, 41, 270, 0, 27, 205, 31100 }, // U+075E
    { 20, 42, 270, 0, 28, 210, 31305 }, // U+075F
    { 31, 25, 524, 1, 17, 194, 31515 }, // U+0760
    { 31, 28, 524, 1, 17, 217, 31709 }, // U+0761
    { 29, 29, 468, 1, 28, 211, 31926 }, // U+0762
    { 29, 29, 468, 1, 28, 211, 32137 }, // U+0763
    { 29, 35, 468, 1, 24, 254, 32348 }, // U+0764
    { 15, 34, 258, 0, 20, 128, 32602 }, // U+0765
    { 15, 27, 258, 0, 13, 102, 32730 }, // U+0766
    { 21, 32, 365, 1, 17, 168, 32832 }, // U+0767
    { 21, 34, 365, 1, 26, 179, 33000 }, // U+0768
    { 21, 33, 365, 1, 25, 174, 33179 }, // U+0769
    { 23, 32, 371, 1, 24, 184, 33353 }, // U+076A
    { 12, 31, 196, -1, 23, 93, 33537 }, // U+076B
    { 12, 30, 196, -1, 22, 90, 33630 }, // U+076C
    { 38, 31, 645, 1, 23, 295, 33720 }, // U+076D
    { 21, 28, 351, 0, 14, 147, 34015 }, // U+076E
    { 21, 28, 351, 0, 14, 147, 34162 }, // U+076F
    { 38, 31, 645, 1, 23, 295, 34309 }, // U+0770
    { 12, 32, 196, -1, 24, 96, 34604 }, // U+0771
    { 20, 42, 341, 0, 28, 210, 34700 }, // U+0772
    { 9, 30, 169, 0, 30, 68, 34910 }, // U+0773
    { 9, 31, 169, 0, 31, 70, 34978 }, // U+0774
    { 24, 23, 405, 1, 15, 138, 35048 }, // U+0775
    { 24, 24, 405, 1, 16, 144, 35186 }, // U+0776
    { 24, 32, 405, 1, 14, 192, 35330 }, // U+0777
    { 13, 28, 238, 1, 20, 91, 35522 }, // U+0778
    { 13, 29, 238, 1, 21, 95, 35613 }, // U+0779
    { 30, 23, 502, 1, 22, 173, 35708 }, // U+077A
    { 30, 24, 502, 1, 23, 180, 35881 }, // U+077B
    { 21, 28, 351, 0, 14, 147, 36061 }, // U+077C
    { 38, 30, 645, 1, 22, 285, 36208 }, // U+077D
    { 38, 31, 645, 1, 23, 295, 36493 }, // U+077E
    { 27, 26, 470, 1, 25, 176, 36788 }, // U+077F
    { 9, 4, 172, 1, 11, 9, 0 }, // U+2010
    { 9, 4, 172, 1, 11, 9, 9 }, // U+2011
    { 15, 4, 267, 1, 11, 15, 18 }, // U+2013
    { 31, 4, 533, 1, 11, 31, 33 }, // U+2014
    { 6, 9, 93, 0, 24, 14, 64 }, // U+2018
    { 6, 9, 93, 0, 24, 14, 78 }, // U+2019
    { 6, 9, 133, 1, 4, 14, 92 }, // U+201A
    { 12, 9, 191, 0, 24, 27, 106 }, // U+201C
    { 12, 9, 191, 0, 24, 27, 133 }, // U+201D
    { 12, 9, 222, 1, 4, 27, 160 }, // U+201E
    { 8, 9, 201, 2, 17, 18, 187 }, // U+2022
    { 22, 6, 422, 2, 5, 33, 205 }, // U+2026
    { 40, 34, 685, 1, 33, 340, 0 }, // U+FDF2
    { 8, 9, 162, 1, 29, 18, 340 }, // U+FE70
    { 11, 23, 144, 0, 22, 64, 358 }, // U+FE71
    { 12, 9, 199, 0, 28, 27, 422 }, // U+FE72
    { 10, 14, 142, 1, 6, 35, 449 }, // U+FE73
    { 8, 8, 162, 1, -1, 16, 484 }, // U+FE74
    { 8, 5, 162, 1, 25, 10, 500 }, // U+FE76
    { 11, 19, 144, 0, 18, 53, 510 }, // U+FE77
    { 9, 9, 171, 0, 28, 21, 563 }, // U+FE78
    { 12, 22, 144, -1, 21, 66, 584 }, // U+FE79
    { 8, 5, 162, 1, -1, 10, 650 }, // U+FE7A
    { 11, 9, 144, 0, 3, 25, 660 }, // U+FE7B
    { 10, 8, 172, 0, 27, 20, 685 }, // U+FE7C
    { 12, 21, 144, -1, 20, 63, 705 }, // U+FE7D
    { 6, 7, 125, 1, 27, 11, 768 }, // U+FE7E
    { 11, 21, 144, 0, 20, 58, 779 }, // U+FE7F
    { 13, 14, 219, 0, 12, 46, 837 }, // U+FE80
    { 12, 28, 125, -2, 28, 84, 883 }, // U+FE81
    { 14, 32, 155, -2, 31, 112, 967 }, // U+FE82
    { 7, 32, 125, 0, 32, 56, 1079 }, // U+FE83
    { 12, 36, 155, 0, 35, 108, 1135 }, // U+FE84
    { 13, 30, 238, 1, 22, 98, 1243 }, // U+FE85
    { 17, 30, 252, 1, 22, 128, 1341 }, // U+FE86
    { 8, 34, 127, 1, 24, 68, 1469 }, // U+FE87
    { 11, 34, 155, 1, 24, 94, 1537 }, // U+FE88
    { 24, 24, 405, 1, 16, 144, 1631 }, // U+FE89
    { 26, 24, 392, 1, 16, 156, 1775 }, // U+FE8A
    { 8, 25, 143, 0, 24, 50, 1931 }, // U+FE8B
    { 14, 21, 183, 0, 20, 74, 1981 }, // U+FE8C
    { 4, 24, 127, 2, 24, 24, 2055 }, // U+FE8D
    { 10, 25, 155, 2, 24, 63, 2079 }, // U+FE8E
    { 31, 22, 530, 1, 14, 171, 2142 }, // U+FE8F
    { 38, 20, 583, 1, 12, 190, 2313 }, // U+FE90
    { 8, 21, 143, 0, 14, 42, 2503 }, // U+FE91
    { 14, 17, 183, 0, 10, 60, 2545 }, // U+FE92
    { 12, 23, 216, 1, 23, 69, 2605 }, // U+FE93
    { 17, 26, 259, 1, 25, 111, 2674 }, // U+FE94
    { 31, 19, 530, 1, 18, 148, 2785 }, // U+FE95
    { 38, 19, 583, 1, 18, 181, 2933 }, // U+FE96
    { 9, 22, 143, 0, 21, 50, 3114 }, // U+FE97
    { 15, 18, 199, 0, 17, 68, 3164 }, // U+FE98
    { 31, 22, 530, 1, 21, 171, 3232 }, // U+FE99
    { 38, 22, 583, 1, 21, 209, 3403 }, // U+FE9A
    { 9, 25, 143, 0, 24, 57, 3612 }, // U+FE9B
    { 15, 21, 199, 0, 20, 79, 3669 }, // U+FE9C
    { 20, 28, 341, 0, 14, 140, 3748 }, // U+FE9D
    { 24, 28, 346, 0, 14, 168, 3888 }, // U+FE9E
    { 19, 19, 314, 0, 12, 91, 4056 }, // U+FE9F
    { 23, 19, 340, 0, 12, 110, 4147 }, // U+FEA0
    { 20, 28, 341, 0, 14, 140, 4257 }, // U+FEA1
    { 24, 28, 346, 0, 14, 168, 4397 }, // U+FEA2
    { 19, 13, 314, 0, 12, 62, 4565 }, // U+FEA3
    { 23, 13, 340, 0, 12, 75, 4627 }, // U+FEA4
    { 20, 35, 341, 0, 21, 175, 4702 }, // U+FEA5
    { 24, 35, 346, 0, 21, 210, 4877 }, // U+FEA6
    { 19, 20, 314, 0, 19, 95, 5087 }, // U+FEA7
    { 23, 20, 340, 0, 19, 115, 5182 }, // U+FEA8
    { 14, 17, 254, 1, 16, 60, 5297 }, // U+FEA9
    { 19, 17, 284, 1, 16, 81, 5357 }, // U+FEAA
    { 14, 24, 254, 1, 23, 84, 5438 }, // U+FEAB
    { 19, 24, 284, 1, 23, 114, 5522 }, // U+FEAC
    { 12, 20, 196, -1, 12, 60, 5636 }, // U+FEAD
    { 16, 20, 211, -1, 12, 80, 5696 }, // U+FEAE
    { 12, 27, 196, -1, 19, 81, 5776 }, // U+FEAF
    { 16, 27, 211, -1, 19, 108, 5857 }, // U+FEB0
    { 38, 22, 645, 1, 14, 209, 5965 }, // U+FEB1
    { 43, 20, 677, 1, 12, 215, 6174 }, // U+FEB2
    { 25, 15, 418, 0, 14, 94, 6389 }, // U+FEB3
    { 30, 13, 453, 0, 12, 98, 6483 }, // U+FEB4
    { 38, 30, 645, 1, 22, 285, 6581 }, // U+FEB5
    { 43, 30, 677, 1, 22, 323, 6866 }, // U+FEB6
    { 25, 23, 418, 0, 22, 144, 7189 }, // U+FEB7
    { 30, 23, 453, 0, 22, 173, 7333 }, // U+FEB8
    { 42, 21, 696, 1, 13, 221, 7506 }, // U+FEB9
    { 46, 21, 721, 1, 13, 242, 7727 }, // U+FEBA
    { 29, 14, 482, 0, 13, 102, 7969 }, // U+FEBB
    { 34, 14, 506, 0, 13, 119, 8071 }, // U+FEBC
    { 42, 28, 696, 1, 20, 294, 8190 }, // U+FEBD
    { 46, 28, 721, 1, 20, 322, 8484 }, // U+FEBE
    { 29, 21, 482, 0, 20, 153, 8806 }, // U+FEBF
    { 34, 21, 506, 0, 20, 179, 8959 }, // U+FEC0
    { 25, 25, 420, 0, 24, 157, 9138 }, // U+FEC1
    { 30, 25, 443, 0, 24, 188, 9295 }, // U+FEC2
    { 22, 25, 361, 0, 24, 138, 9483 }, // U+FEC3
    { 26, 25, 379, 0, 24, 163, 9621 }, // U+FEC4
    { 25, 25, 420, 0, 24, 157, 9784 }, // U+FEC5
    { 30, 25, 443, 0, 24, 188, 9941 }, // U+FEC6
    { 22, 25, 361, 0, 24, 138, 10129 }, // U+FEC7
    { 26, 25, 379, 0, 24, 163, 10267 }, // U+FEC8
    { 20, 31, 270, 0, 17, 155, 10430 }, // U+FEC9
    { 20, 28, 283, 0, 14, 140, 10585 }, // U+FECA
    { 16, 16, 268, 0, 15, 64, 10725 }, // U+FECB
    { 20, 15, 278, 0, 14, 75, 10789 }, // U+FECC
    { 20, 38, 270, 0, 24, 190, 10864 }, // U+FECD
    { 20, 35, 283, 0, 21, 175, 11054 }, // U+FECE
    { 16, 23, 268, 0, 22, 92, 11229 }, // U+FECF
    { 20, 22, 278, 0, 21, 110, 11321 }, // U+FED0
    { 31, 25, 524, 1, 24, 194, 11431 }, // U+FED1
    { 38, 22, 586, 1, 21, 209, 11625 }, // U+FED2
    { 14, 25, 238, 0, 24, 88, 11834 }, // U+FED3
    { 19, 22, 264, 0, 21, 105, 11922 }, // U+FED4
    { 24, 28, 413, 1, 21, 168, 12027 }, // U+FED5
    { 28, 29, 431, 1, 19, 203, 12195 }, // U+FED6
    { 14, 25, 238, 0, 24, 88, 12398 }, // U+FED7
    { 19, 22, 264, 0, 21, 105, 12486 }, // U+FED8
    { 27, 25, 470, 1, 24, 169, 12591 }, // U+FED9
    { 32, 25, 492, 1, 24, 200, 12760 }, // U+FEDA
    { 15, 25, 220, 0, 24, 94, 12960 }, // U+FEDB
    { 19, 25, 271, 0, 24, 119, 13054 }, // U+FEDC
    { 21, 32, 371, 1, 24, 168, 13173 }, // U+FEDD
    { 25, 32, 389, 1, 24, 200, 13341 }, // U+FEDE
    { 7, 25, 139, 0, 24, 44, 13541 }, // U+FEDF
    { 12, 25, 160, 0, 24, 75, 13585 }, // U+FEE0
    { 15, 27, 258, 0, 13, 102, 13660 }, // U+FEE1
    { 21, 27, 300, 0, 13, 142, 13762 }, // U+FEE2
    { 16, 13, 280, 0, 12, 52, 13904 }, // U+FEE3
    { 21, 14, 308, 0, 13, 74, 13956 }, // U+FEE4
    { 21, 25, 365, 1, 17, 132, 14030 }, // U+FEE5
    { 25, 25, 389, 1, 17, 157, 14162 }, // U+FEE6
    { 8, 22, 143, 0, 21, 44, 14319 }, // U+FEE7
    { 14, 18, 183, 0, 17, 63, 14363 }, // U+FEE8
    { 12, 16, 216, 1, 16, 48, 14426 }, // U+FEE9
    { 17, 19, 259, 1, 18, 81, 14474 }, // U+FEEA
    { 18, 18, 306, 0, 17, 81, 14555 }, // U+FEEB
    { 19, 22, 270, 0, 14, 105, 14636 }, // U+FEEC
    { 13, 20, 238, 1, 12, 65, 14741 }, // U+FEED
    { 17, 20, 252, 1, 12, 85, 14806 }, // U+FEEE
    { 24, 22, 405, 1, 14, 132, 14891 }, // U+FEEF
    { 26, 14, 392, 1, 6, 91, 15023 }, // U+FEF0
    { 24, 29, 405, 1, 14, 174, 15114 }, // U+FEF1
    { 26, 21, 392, 1, 6, 137, 15288 }, // U+FEF2
    { 9, 21, 159, -1, 14, 48, 15425 }, // U+FEF3
    { 15, 17, 199, 0, 10, 64, 15473 }, // U+FEF4
    { 21, 25, 310, -3, 25, 132, 15537 }, // U+FEF5
    { 24, 26, 319, -2, 25, 156, 15669 }, // U+FEF6
    { 19, 29, 310, -1, 29, 138, 15825 }, // U+FEF7
    { 22, 30, 319, 0, 29, 165, 15963 }, // U+FEF8
    { 17, 34, 310, 1, 24, 145, 16128 }, // U+FEF9
    { 21, 34, 319, 1, 24, 179, 16273 }, // U+FEFA
    { 17, 24, 310, 1, 24, 102, 16452 }, // U+FEFB
    { 21, 25, 319, 1, 24, 132, 16554 }, // U+FEFC
    { 0, 0, 0, 0, 0, 0, 16686 }, // U+FEFF
};

static const EpdUnicodeInterval notosansarabic_16_regularIntervals[] = {
    { 0x20, 0x7E, 0x0 },
    { 0x600, 0x6FF, 0x5F },
    { 0x750, 0x77F, 0x15F },
    { 0x2010, 0x2011, 0x18F },
    { 0x2013, 0x2014, 0x191 },
    { 0x2018, 0x201A, 0x193 },
    { 0x201C, 0x201E, 0x196 },
    { 0x2022, 0x2022, 0x199 },
    { 0x2026, 0x2026, 0x19A },
    { 0xFDF2, 0xFDF2, 0x19B },
    { 0xFE70, 0xFE74, 0x19C },
    { 0xFE76, 0xFEFC, 0x1A1 },
    { 0xFEFF, 0xFEFF, 0x228 },
};

static const EpdFontGroup notosansarabic_16_regularGroups[] = {
    { 0, 3620, 9206, 95, 0 },
    { 3620, 7490, 39455, 304, 95 },
    { 11110, 187, 261, 12, 399 },
    { 11297, 4761, 17715, 142, 411 },
};

static const EpdKernClassEntry notosansarabic_16_regularKernLeftClasses[] = {
    { 0x0022, 1 }, // "
    { 0x0026, 2 }, // &
    { 0x0027, 1 }, // '
    { 0x0028, 3 }, // (
    { 0x002C, 4 }, // ,
    { 0x002D, 5 }, // -
    { 0x002E, 4 }, // .
    { 0x0041, 6 }, // A
    { 0x0042, 7 }, // B
    { 0x0043, 8 }, // C
    { 0x0044, 9 }, // D
    { 0x0045, 10 }, // E
    { 0x0046, 11 }, // F
    { 0x004B, 8 }, // K
    { 0x004C, 12 }, // L
    { 0x004F, 9 }, // O
    { 0x0050, 13 }, // P
    { 0x0051, 9 }, // Q
    { 0x0054, 14 }, // T
    { 0x0055, 15 }, // U
    { 0x0056, 16 }, // V
    { 0x0057, 16 }, // W
    { 0x0058, 8 }, // X
    { 0x0059, 17 }, // Y
    { 0x005A, 18 }, // Z
    { 0x005B, 3 }, // [
    { 0x005F, 19 }, // _
    { 0x0061, 20 }, // a
    { 0x0062, 21 }, // b
    { 0x0063, 22 }, // c
    { 0x0065, 21 }, // e
    { 0x0066, 23 }, // f
    { 0x0068, 20 }, // h
    { 0x006D, 20 }, // m
    { 0x006E, 20 }, // n
    { 0x006F, 21 }, // o
    { 0x0070, 21 }, // p
    { 0x0072, 24 }, // r
    { 0x0074, 22 }, // t
    { 0x0076, 25 }, // v
    { 0x0077, 25 }, // w
    { 0x0078, 26 }, // x
    { 0x0079, 25 }, // y
    { 0x007B, 3 }, // {
    { 0x0691, 27 }, // U+0691
    { 0x0692, 27 }, // U+0692
    { 0x0693, 27 }, // U+0693
    { 0x0695, 27 }, // U+0695
    { 0x06EF, 27 }, // U+06EF
    { 0x075B, 27 }, // U+075B
    { 0x2013, 5 }, // U+2013
    { 0x2014, 5 }, // U+2014
    { 0x2018, 1 }, // U+2018
    { 0x2019, 1 }, // U+2019
    { 0x201A, 4 }, // U+201A
    { 0x201C, 1 }, // U+201C
    { 0x201D, 1 }, // U+201D
    { 0x201E, 4 }, // U+201E
    { 0xFEAD, 27 }, // U+FEAD
    { 0xFEAE, 27 }, // U+FEAE
    { 0xFEAF, 27 }, // U+FEAF
};

static const EpdKernClassEntry notosansarabic_16_regularKernRightClasses[] = {
    { 0x0022, 1 }, // "
    { 0x0026, 2 }, // &
    { 0x0027, 1 }, // '
    { 0x0029, 3 }, // )
    { 0x002C, 4 }, // ,
    { 0x002D, 5 }, // -
    { 0x002E, 4 }, // .
    { 0x003F, 6 }, // ?
    { 0x0041, 7 }, // A
    { 0x0043, 8 }, // C
    { 0x0047, 8 }, // G
    { 0x004A, 9 }, // J
    { 0x004F, 8 }, // O
    { 0x0051, 8 }, // Q
    { 0x0054, 10 }, // T
    { 0x0055, 11 }, // U
    { 0x0056, 12 }, // V
    { 0x0057, 12 }, // W
    { 0x0058, 13 }, // X
    { 0x0059, 14 }, // Y
    { 0x005A, 15 }, // Z
    { 0x005D, 3 }, // ]
    { 0x0061, 16 }, // a
    { 0x0063, 17 }, // c
    { 0x0064, 17 }, // d
    { 0x0065, 17 }, // e
    { 0x0067, 18 }, // g
    { 0x006A, 19 }, // j
    { 0x006D, 20 }, // m
    { 0x006E, 20 }, // n
    { 0x006F, 17 }, // o
    { 0x0070, 20 }, // p
    { 0x0071, 17 }, // q
    { 0x0072, 20 }, // r
    { 0x0073, 21 }, // s
    { 0x0075, 20 }, // u
    { 0x0076, 22 }, // v
    { 0x0077, 22 }, // w
    { 0x0078, 22 }, // x
    { 0x0079, 22 }, // y
    { 0x007A, 23 }, // z
    { 0x007D, 3 }, // }
    { 0x0647, 24 }, // U+0647
    { 0x066F, 25 }, // U+066F
    { 0x06A1, 25 }, // U+06A1
    { 0x06A9, 24 }, // U+06A9
    { 0x06AA, 24 }, // U+06AA
    { 0x06BE, 24 }, // U+06BE
    { 0x06C1, 24 }, // U+06C1
    { 0x2013, 5 }, // U+2013
    { 0x2014, 5 }, // U+2014
    { 0x2019, 1 }, // U+2019
    { 0x201A, 4 }, // U+201A
    { 0x201D, 1 }, // U+201D
    { 0x201E, 4 }, // U+201E
    { 0x2026, 4 }, // U+2026
    { 0xFE8D, 26 }, // U+FE8D
    { 0xFEA3, 24 }, // U+FEA3
    { 0xFEA9, 25 }, // U+FEA9
    { 0xFEB1, 25 }, // U+FEB1
    { 0xFEB3, 25 }, // U+FEB3
    { 0xFEB9, 25 }, // U+FEB9
    { 0xFEBB, 25 }, // U+FEBB
    { 0xFEC1, 25 }, // U+FEC1
    { 0xFEC3, 25 }, // U+FEC3
    { 0xFECB, 26 }, // U+FECB
    { 0xFEDB, 24 }, // U+FEDB
    { 0xFEDF, 26 }, // U+FEDF
    { 0xFEE1, 24 }, // U+FEE1
    { 0xFEE3, 24 }, // U+FEE3
    { 0xFEE9, 24 }, // U+FEE9
    { 0xFEEB, 24 }, // U+FEEB
};

static const int8_t notosansarabic_16_regularKernMatrix[] = {
       0,    0,    0,    0,    0,    0,  -37,    0,    0,   11,    0,   11,    0,    5,    0,  -21,  -32,  -16,    0,  -16,  -16,    0,    0,    0,    0,    0,
       0,    0,    0,    0,    0,    0,    0,    0,    0,  -32,    0,  -11,    0,  -16,    0,    0,    0,    0,    0,    0,    0,    0,    0,    0,    0,    0,
       0,    0,    0,    0,    0,    0,    0,    0,   48,    0,    0,    0,    0,    0,    0,    0,    0,    0,   21,    0,    0,    0,    0,    0,    0,    0,
       0,    0,    0,    0,    0,    0,    0,  -27,    0,  -37,  -11,  -32,    0,  -32,    0,    0,    0,    0,    0,    0,    0,    0,    0,    0,    0,    0,
       0,    0,    0,    0,    0,    0,    0,    0,    0,  -21,    0,    0,    0,    0,    0,    0,    0,    0,    0,    0,    0,    0,    0,    0,    0,    0,
     -37,    0,    0,    0,    0,    0,    0,  -11,   27,  -37,    0,  -21,    0,  -32,    0,    0,    0,    0,    0,    0,    0,    0,    0,    0,    0,    0,
       0,    0,    0,   -5,    0,    0,    0,    0,    0,    0,    0,    0,    0,    0,    0,    0,    0,    0,    0,    0,    0,    0,    0,    0,    0,    0,
       0,    0,    0,    0,    0,    0,    0,  -11,    0,    0,    0,    0,    0,    0,    0,    0,    0,    0,    0,    0,    0,    0,    0,    0,    0,    0,
       0,    0,    0,  -21,    0,    0,  -11,    0,    0,  -16,    0,   -5,  -11,   -5,   -5,    0,    0,    0,    0,    0,    0,    0,    0,    0,    0,    0,
       0,    0,    0,    0,    0,    0,    0,    0,   32,    0,    0,    0,    0,    0,    0,    0,    0,    0,    0,    0,    0,    0,    0,    0,    0,    0,
       0,    0,   11,  -32,    0,   11,  -11,    0,    0,    0,    0,    0,    0,    0,    0,    0,    0,    0,    0,    0,    0,    0,    0,    0,    0,    0,
     -43,    0,    0,    0,    0,    0,    0,  -11,    0,  -11,   -5,  -11,    0,  -16,    0,    0,    0,    0,    0,    0,    0,    0,    0,    0,    0,    0,
       0,   -5,    0,  -69,    0,    0,  -27,    0,    0,    0,    0,    0,  -11,    0,   -5,    0,    0,    0,    0,    0,    0,    0,    0,    0,    0,    0,
       0,  -11,    0,  -32,  -21,   11,  -37,  -11,    0,   11,    0,    0,    0,    0,    0,  -43,  -37,  -37,    0,  -27,  -32,  -11,  -21,    0,    0,    0,
       0,    0,    0,  -11,    0,    0,   -5,    0,    0,    0,    0,    0,    0,    0,    0,    0,    0,    0,    0,    0,    0,    0,    0,    0,    0,    0,
       0,    0,    0,  -27,    0,   11,  -21,   -5,    0,    0,    0,    0,    0,    0,    0,  -11,  -11,   -5,    0,   -5,   -5,    0,    0,    0,    0,    0,
       0,  -16,    0,  -32,    0,   11,  -32,  -11,    0,    0,    0,    0,    0,    0,    0,  -27,  -27,  -27,    0,  -16,  -21,    0,  -11,    0,    0,    0,
       0,    0,    0,    0,    0,    0,    0,   -5,    0,    0,    0,    0,    0,    0,    0,    0,    0,    0,    0,    0,    0,    0,    0,    0,    0,    0,
       0,    0,    0,    0,    0,    0,    0,    0,   51,    0,    0,    0,    0,    0,    0,    0,    0,    0,    0,    0,    0,    0,    0,    0,    0,    0,
      -5,    0,    0,    0,    0,    0,    0,    0,    0,    0,    0,    0,    0,    0,    0,    0,    0,    0,    0,    0,    0,    0,    0,    0,    0,    0,
      -5,    0,    0,    0,    0,    0,    0,    0,    0,    0,    0,    0,    0,    0,    0,    0,    0,    0,    0,    0,    0,  -11,   -5,    0,    0,    0,
      11,    0,    0,    0,    0,    0,    0,    0,    0,    0,    0,    0,    0,    0,    0,    0,    0,    0,    0,    0,    0,    0,    0,    0,    0,    0,
      32,    0,   21,  -11,    0,    0,    0,    0,    0,    0,    0,    0,    0,    0,    0,    0,    0,    0,    0,    0,    0,    0,    0,    0,    0,    0,
      21,    0,    0,  -85,    0,    0,    0,    0,    0,    0,    0,    0,    0,    0,    0,  -11,  -11,   -5,    0,    0,    0,    0,    0,    0,    0,    0,
      21,    0,    0,  -21,    0,   11,    0,    0,    0,    0,    0,    0,    0,    0,    0,    0,    0,    0,    0,    0,    0,    0,    0,    0,    0,    0,
       0,    0,    0,    0,    0,    0,    0,    0,    0,    0,    0,    0,    0,    0,    0,    0,  -11,    0,    0,    0,    0,    0,    0,    0,    0,    0,
       0,    0,    0,    0,    0,    0,    0,    0,    0,    0,    0,    0,    0,    0,    0,    0,    0,    0,    0,    0,    0,    0,    0,  -21,  -16,  -13,
};

static const EpdFontData notosansarabic_16_regular = {
    notosansarabic_16_regularBitmaps,
    notosansarabic_16_regularGlyphs,
    notosansarabic_16_regularIntervals,
    13,
    70,
    46,
    -25,
    true,
    notosansarabic_16_regularGroups,
    4,
    nullptr,
    notosansarabic_16_regularKernLeftClasses,
    notosansarabic_16_regularKernRightClasses,
    notosansarabic_16_regularKernMatrix,
    61,
    72,
    27,
    26,
    nullptr,
    0,
};
