/**
 * generated by fontconvert.py
 * name: notonaskharabic_12_regular
 * size: 12
 * mode: 2-bit  compressed: true
 * Command used: fontconvert.py notonaskharabic_12_regular 12 ../builtinFonts/source/NotoNaskhArabic/NotoNaskhArabic-Regular.ttf --2bit --compress --script arabic --reposition-marks
 */
#pragma once
#include "EpdFontData.h"

static const uint8_t notonaskharabic_12_regularBitmaps[11353] = {
    0xB5, 0x58, 0x3B, 0x6C, 0x1C, 0xC7, 0x19, 0xFE, 0x77, 0xC7, 0xF6, 0xC0, 0xDE, 0x90, 0xA3, 0x42,
    0x44, 0x82, 0x98, 0xD2, 0xBA, 0x70, 0xC1, 0x58, 0x14, 0x57, 0xC5, 0x01, 0xB9, 0x04, 0xF7, 0x58,
    0x3A, 0x85, 0x8B, 0x14, 0x66, 0xA1, 0xB3, 0x0B, 0x01, 0x91, 0x10, 0xA4, 0x91, 0x1D, 0x98, 0x87,
    0x80, 0x05, 0x81, 0x2C, 0x79, 0x1B, 0xB7, 0x69, 0x54, 0x24, 0x71, 0xEB, 0x00, 0x2A, 0x64, 0xA7,
    0x10, 0x0B, 0x16, 0x57, 0x1C, 0x75, 0xE3, 0xB8, 0x48, 0x21, 0x04, 0xDA, 0x14, 0x4E, 0x02, 0xA4,
    0xC8, 0x26, 0x81, 0x13, 0x27, 0x42, 0xA2, 0x8D, 0x3D, 0x42, 0x96, 0xD6, 0x1D, 0x27, 0xDF, 0x3F,
    0xBB, 0x47, 0x3D, 0x2C, 0xCA, 0x72, 0x80, 0xEC, 0xCE, 0xFC, 0xDC, 0xDB, 0x9D, 0xC7, 0xFF, 0xF8,
    0xFE, 0xC7, 0x90, 0xCE, 0xEC, 0xEC, 0xF4, 0xFB, 0xFD, 0x33, 0xB8, 0x1A, 0x67, 0xE8, 0x58, 0x92,
    0x50, 0xB2, 0x82, 0xFB, 0x74, 0xF3, 0x44, 0x73, 0xB1, 0xF1, 0x25, 0x22, 0x5A, 0x7A, 0x86, 0xA8,
    0x39, 0x4F, 0xD4, 0x98, 0x23, 0xEA, 0x2F, 0xBA, 0x1E, 0x59, 0x9B, 0x7D, 0xF5, 0xD3, 0x6B, 0x29,
    0x65, 0x0D, 0xE2, 0xEE, 0xE9, 0x3E, 0xF9, 0x7A, 0x87, 0x4E, 0xFD, 0xE3, 0xD3, 0x78, 0x60, 0x6D,
    0x2A, 0xE2, 0x8C, 0xA4, 0xA7, 0x29, 0xF0, 0x35, 0x29, 0x91, 0xD2, 0x3C, 0x3A, 0x2D, 0x71, 0xF3,
    0x6D, 0xA6, 0x2E, 0x9A, 0x95, 0xA5, 0x61, 0x7B, 0x69, 0xA3, 0xBD, 0x44, 0xD1, 0x12, 0xA9, 0x92,
    0xC4, 0x01, 0xD1, 0x20, 0xA7, 0x53, 0x25, 0x2D, 0x8D, 0x1A, 0x4B, 0xAD, 0xE1, 0x52, 0x2B, 0x59,
    0x4A, 0xBA, 0x5F, 0x2B, 0x02, 0x9B, 0x56, 0xB3, 0xB8, 0xB9, 0x4B, 0x19, 0x02, 0x07, 0xAD, 0xD3,
    0xD4, 0x22, 0xDA, 0x54, 0xB4, 0x41, 0xB4, 0xAB, 0xA8, 0x20, 0x32, 0x6A, 0x35, 0x63, 0xFA, 0x2D,
    0xCD, 0xF4, 0xA5, 0x98, 0x68, 0xA8, 0x54, 0x90, 0xD3, 0x66, 0x78, 0xA2, 0x9D, 0x50, 0xBB, 0xDD,
    0xDA, 0x3C, 0x49, 0x81, 0xD9, 0xC0, 0x60, 0xA2, 0xC2, 0x80, 0x7A, 0x99, 0x51, 0x31, 0x09, 0xCD,
    0xCF, 0x32, 0x66, 0xAA, 0x30, 0x98, 0xE8, 0x04, 0x2F, 0x8E, 0xD5, 0xC3, 0x92, 0xEE, 0xBD, 0x06,
    0x06, 0x53, 0xCC, 0x36, 0x91, 0xC8, 0x42, 0x26, 0xAA, 0x26, 0x7E, 0xB1, 0x82, 0xAF, 0x25, 0x0F,
    0x1E, 0xA4, 0x2F, 0x5C, 0xF2, 0x6C, 0xDC, 0xBD, 0x14, 0x5C, 0xCF, 0x5A, 0x14, 0xF9, 0xA6, 0x49,
    0x1D, 0xDA, 0x6B, 0x50, 0x9B, 0xBA, 0x3B, 0x20, 0x2A, 0xC7, 0x4F, 0x51, 0x50, 0x44, 0x72, 0x42,
    0x2A, 0x7B, 0xA3, 0x0B, 0x55, 0x18, 0x88, 0xC3, 0x57, 0x92, 0x24, 0xCD, 0x26, 0x34, 0xF9, 0x15,
    0x32, 0x42, 0xAB, 0x38, 0xC4, 0xC8, 0x36, 0xC1, 0x0E, 0x34, 0xAA, 0x6F, 0x7E, 0x6E, 0xE3, 0x6D,
    0x48, 0x2A, 0x16, 0x1A, 0x02, 0x2F, 0x13, 0x3D, 0x47, 0x2B, 0x14, 0xA4, 0x22, 0xF3, 0x0A, 0x32,
    0x34, 0xAC, 0x07, 0xCD, 0x6E, 0x9E, 0x64, 0xBC, 0xC2, 0xCF, 0xA5, 0x3E, 0x49, 0x0D, 0xDE, 0x03,
    0x4A, 0xDA, 0xA1, 0xDD, 0x7E, 0x31, 0xFE, 0x45, 0xF1, 0xD4, 0x94, 0x9E, 0xB5, 0xE9, 0xF4, 0xBB,
    0xC5, 0x85, 0x9D, 0x0B, 0x78, 0x49, 0x17, 0x1C, 0x13, 0xCD, 0xBB, 0xED, 0xB5, 0x6B, 0x57, 0x06,
    0x76, 0x7A, 0xEF, 0x1B, 0x3A, 0x8E, 0x11, 0x61, 0x1C, 0x69, 0xA5, 0x45, 0x2A, 0xE8, 0x34, 0x76,
    0x1F, 0x4C, 0x06, 0x13, 0x72, 0x78, 0x81, 0x49, 0x96, 0x31, 0xA6, 0x41, 0x7D, 0xAC, 0x96, 0x53,
    0xE6, 0x69, 0x1F, 0x08, 0x90, 0x14, 0xD0, 0x3C, 0xCD, 0x3D, 0xF0, 0xD1, 0x5D, 0xBE, 0x8D, 0xD5,
    0x6F, 0xF3, 0x88, 0x0C, 0xA4, 0x84, 0x60, 0x23, 0xEA, 0xA0, 0x4D, 0xA8, 0x5B, 0xBA, 0x86, 0x87,
    0xEA, 0x0D, 0x1B, 0x8E, 0x12, 0x0C, 0x53, 0x6F, 0x16, 0x3E, 0xA0, 0x80, 0x0B, 0xDA, 0x3E, 0x20,
    0x79, 0x8D, 0xBA, 0x1D, 0x7A, 0xBE, 0x43, 0xF4, 0xB9, 0x6D, 0x10, 0x47, 0x16, 0x5C, 0x92, 0xB4,
    0x69, 0xF4, 0x52, 0xD1, 0x26, 0xD3, 0xA2, 0x72, 0x99, 0xF0, 0xA6, 0x64, 0x8D, 0xF8, 0x39, 0x10,
    0x00, 0xC3, 0x43, 0x1E, 0x40, 0xC9, 0xC3, 0xAF, 0x94, 0x59, 0x6E, 0xD1, 0x09, 0x88, 0xCF, 0x1A,
    0xB8, 0x3B, 0xB1, 0x6C, 0xD1, 0x68, 0x19, 0x4A, 0xC5, 0x44, 0x28, 0x5C, 0x6A, 0x0F, 0x90, 0x7D,
    0x1D, 0xE2, 0x60, 0xA9, 0x2D, 0xB7, 0x53, 0xFB, 0x0C, 0x6D, 0xED, 0xD2, 0x64, 0x5B, 0x16, 0x61,
    0xC5, 0x2A, 0xAC, 0x42, 0x3E, 0xB6, 0x91, 0xE8, 0x73, 0xE8, 0xCB, 0xE8, 0x7D, 0xF4, 0xBC, 0x84,
    0xAB, 0x94, 0x00, 0x5D, 0x89, 0xBD, 0x4A, 0x28, 0xA7, 0xA4, 0x6F, 0xF4, 0xF6, 0xE3, 0xB1, 0xB5,
    0xB9, 0x63, 0x6B, 0xD6, 0x3D, 0x2C, 0x1D, 0x59, 0xAD, 0x6C, 0xA1, 0xAC, 0x59, 0xA4, 0x8D, 0x45,
    0x7A, 0x7E, 0x79, 0xE6, 0x0B, 0xDF, 0x7C, 0x87, 0x3A, 0x57, 0x33, 0xF2, 0x8D, 0x63, 0x00, 0x5C,
    0xC1, 0x08, 0xA3, 0xE7, 0x68, 0xB4, 0x4B, 0x66, 0xEB, 0x5C, 0x1E, 0xDA, 0xB8, 0x86, 0xED, 0x38,
    0x17, 0xF9, 0x28, 0x88, 0x5B, 0x21, 0x35, 0xA1, 0xB9, 0xB6, 0x1B, 0x97, 0xAC, 0xA7, 0x83, 0xBF,
    0x02, 0xCA, 0x23, 0xA8, 0x37, 0xA1, 0x4E, 0xDB, 0xB5, 0x15, 0x6A, 0x2B, 0x4A, 0xE4, 0x6F, 0x8C,
    0x67, 0x33, 0xC6, 0xB2, 0x3D, 0x40, 0xDB, 0xA0, 0xD6, 0xDB, 0xD4, 0x5A, 0xA3, 0x5D, 0xD6, 0x15,
    0xA4, 0xF6, 0x33, 0x56, 0x97, 0x4C, 0x01, 0x42, 0x56, 0xDA, 0x0A, 0xFB, 0x09, 0xAF, 0x38, 0xAC,
    0xBF, 0x3B, 0xCB, 0xA6, 0x6A, 0x15, 0xEA, 0x1A, 0xB6, 0xA8, 0x95, 0x50, 0x8B, 0xCD, 0x07, 0xE7,
    0xFA, 0x5B, 0xE6, 0x5B, 0x12, 0xB7, 0xF2, 0xD0, 0x2F, 0x13, 0xDA, 0x1B, 0xB2, 0x95, 0xC3, 0x21,
    0xAD, 0x80, 0x81, 0x88, 0x4A, 0xE9, 0x76, 0xAC, 0x51, 0xF1, 0x56, 0xD6, 0xF1, 0x8A, 0x84, 0x86,
    0x40, 0xB3, 0x6B, 0xC0, 0x46, 0x7B, 0x8B, 0xF6, 0xA2, 0xB7, 0xA6, 0xF2, 0xA0, 0x66, 0xDF, 0xED,
    0x67, 0x9E, 0xF3, 0xF3, 0x76, 0xA0, 0x43, 0x58, 0x01, 0xB2, 0x6E, 0x8E, 0x8E, 0xBB, 0x15, 0x18,
    0x8C, 0x4F, 0x53, 0x17, 0xF7, 0x49, 0xBA, 0xFF, 0xE2, 0x77, 0x21, 0x20, 0xF9, 0x0C, 0x6D, 0xD2,
    0xA5, 0xEA, 0xD5, 0xD3, 0xAC, 0x38, 0x84, 0x88, 0x6D, 0x92, 0x39, 0xBE, 0xB2, 0x0D, 0xF1, 0x8B,
    0xF6, 0xF0, 0x27, 0x73, 0x3A, 0x3D, 0x51, 0xBB, 0xBE, 0x9D, 0x2E, 0xF4, 0xCE, 0xDE, 0x8D, 0x04,
    0xB3, 0x9F, 0x17, 0x1E, 0x98, 0xE2, 0x39, 0x4B, 0xE0, 0xC1, 0x2D, 0x88, 0x4F, 0xFD, 0xD9, 0x94,
    0x00, 0x51, 0xE1, 0xC5, 0x0A, 0x7C, 0xA3, 0x27, 0x78, 0xE5, 0x11, 0x83, 0x03, 0xB1, 0x20, 0xD4,
    0x0C, 0x9E, 0xFE, 0xAC, 0x55, 0x57, 0x49, 0x35, 0x3E, 0xF9, 0x3A, 0xB5, 0xCF, 0x18, 0xDC, 0x7F,
    0x1D, 0x1C, 0x45, 0x95, 0xE0, 0xCC, 0x97, 0xC0, 0xCF, 0x00, 0x86, 0xE8, 0xDE, 0x91, 0xB1, 0xF2,
    0x8A, 0x15, 0x91, 0x9E, 0x14, 0xBA, 0x2D, 0xD2, 0x56, 0x90, 0xB6, 0x40, 0x55, 0x0C, 0xDA, 0x0C,
    0x29, 0x11, 0x31, 0x42, 0xDA, 0x50, 0x32, 0x35, 0x01, 0xC7, 0x4B, 0x33, 0x47, 0xAD, 0xE0, 0x77,
    0x5B, 0x9B, 0xD4, 0xF2, 0xA7, 0x08, 0x48, 0xA7, 0xAB, 0x98, 0x5A, 0x31, 0xA9, 0xC9, 0x8B, 0x19,
    0x51, 0xCF, 0xC6, 0x2C, 0x24, 0xEF, 0xEF, 0x5D, 0xA4, 0x3A, 0x72, 0x38, 0xA4, 0x91, 0xE0, 0x97,
    0x32, 0xE1, 0xC1, 0xB0, 0x05, 0xCD, 0x81, 0x23, 0x5A, 0x0C, 0x39, 0x74, 0x28, 0x20, 0xBE, 0x81,
    0x15, 0x68, 0x47, 0x82, 0xB5, 0x42, 0xE4, 0xE4, 0x59, 0x0B, 0xC0, 0x68, 0x96, 0x33, 0x85, 0x3C,
    0x92, 0x0D, 0xA7, 0x18, 0x82, 0x61, 0x4C, 0x03, 0xB2, 0x85, 0xB4, 0x79, 0xD7, 0xFE, 0x9D, 0xE4,
    0xED, 0xF5, 0xD4, 0xC7, 0x78, 0xBF, 0xB8, 0xF7, 0xE6, 0xDF, 0x81, 0xF6, 0xED, 0x01, 0xF9, 0xB7,
    0xCF, 0x69, 0xBF, 0x40, 0x20, 0x2B, 0xA8, 0x44, 0x9F, 0xD4, 0x1D, 0xCF, 0x9E, 0x91, 0xB7, 0xCF,
    0x61, 0x8D, 0x83, 0x4A, 0x51, 0x11, 0xC6, 0xEE, 0x87, 0x3A, 0xD0, 0x08, 0xCB, 0xB1, 0xC8, 0x22,
    0xF2, 0xD8, 0x04, 0xAC, 0x5E, 0xD7, 0x47, 0x75, 0xDF, 0xAB, 0x7F, 0x77, 0x1C, 0x26, 0x38, 0xA4,
    0x41, 0xFE, 0x8C, 0x32, 0x31, 0x3D, 0xA7, 0x69, 0x50, 0xAD, 0xD5, 0xB5, 0x50, 0x3A, 0x18, 0x83,
    0x7F, 0x15, 0x1E, 0x9C, 0xB5, 0xC0, 0x0C, 0x90, 0x2E, 0x93, 0x30, 0x66, 0x02, 0x96, 0x49, 0x1D,
    0x45, 0xDC, 0x90, 0xEE, 0x6C, 0x1A, 0x16, 0x60, 0x3E, 0xC9, 0x31, 0xDA, 0x45, 0xDA, 0x94, 0xB7,
    0x5F, 0x85, 0x74, 0x34, 0xEB, 0x6B, 0xE8, 0x74, 0xD8, 0xAD, 0x85, 0xC4, 0x67, 0xE9, 0xBE, 0x77,
    0x05, 0x1D, 0x43, 0x6F, 0x70, 0x97, 0xB7, 0x7B, 0x06, 0x6B, 0x98, 0xCF, 0x5D, 0xE7, 0x76, 0x8F,
    0x9C, 0xF6, 0xEE, 0x5F, 0xE7, 0xB0, 0x4B, 0xC3, 0xBC, 0xA4, 0x35, 0xE0, 0x38, 0x5E, 0x79, 0xFB,
    0xAF, 0x1A, 0x82, 0xED, 0x4A, 0xF6, 0x6D, 0xC3, 0x58, 0x8B, 0x9D, 0x8E, 0x9C, 0xB2, 0x2A, 0x32,
    0xAA, 0xC8, 0x93, 0x3D, 0xFC, 0x54, 0x36, 0xDE, 0x62, 0xC0, 0x77, 0x18, 0xA8, 0x5D, 0x26, 0x50,
    0x64, 0xC9, 0xE0, 0x87, 0xBE, 0xF6, 0x21, 0x33, 0xAD, 0xDB, 0x3A, 0xD6, 0x77, 0xAD, 0x67, 0x4B,
    0xC4, 0xC0, 0xF5, 0xEC, 0x51, 0x4A, 0x03, 0xB1, 0xA8, 0x1B, 0xC0, 0xF8, 0xF9, 0xF4, 0xD1, 0xE3,
    0xC0, 0x7B, 0xA4, 0x79, 0xD1, 0x49, 0xD7, 0x72, 0x6C, 0xC5, 0xCB, 0xC7, 0x6C, 0x98, 0x89, 0x29,
    0xCA, 0xBA, 0xD8, 0x3D, 0xFA, 0x9F, 0x5A, 0x15, 0xFC, 0xD9, 0xC5, 0xB1, 0x14, 0x62, 0x1D, 0xF6,
    0x77, 0x5A, 0x36, 0x6C, 0x69, 0xC6, 0x8B, 0x84, 0x0B, 0x15, 0xF3, 0xAC, 0xE5, 0x26, 0x13, 0xD6,
    0xF7, 0x27, 0x9C, 0x07, 0xEE, 0xC0, 0xA5, 0xFD, 0xC9, 0x80, 0xDF, 0x45, 0x29, 0x88, 0x72, 0x83,
    0x99, 0x2D, 0xDF, 0x89, 0x30, 0x75, 0xDC, 0xA5, 0xE0, 0x2F, 0x28, 0x40, 0x5C, 0xD2, 0x38, 0xCA,
    0x7A, 0x0F, 0xE9, 0x8C, 0x90, 0x66, 0x8D, 0x92, 0x8D, 0x43, 0x94, 0x60, 0x8D, 0xAE, 0x41, 0xB5,
    0x41, 0xE3, 0x4B, 0x3E, 0x44, 0x06, 0xB6, 0x6E, 0x11, 0xFD, 0x91, 0xFC, 0xAA, 0xDD, 0x48, 0xC5,
    0x79, 0xF2, 0xAF, 0x6B, 0x19, 0x92, 0xFF, 0x7E, 0x16, 0x30, 0xCD, 0xE7, 0x40, 0xDF, 0x2B, 0xE0,
    0xD3, 0xBE, 0x36, 0x4D, 0xA6, 0xA3, 0x06, 0xD3, 0xA4, 0xCF, 0xB4, 0x9D, 0x33, 0x8D, 0x32, 0xA6,
    0xA1, 0x0E, 0xA1, 0x07, 0x95, 0x46, 0x69, 0xB7, 0x0C, 0xC8, 0x96, 0xDD, 0x9C, 0xAC, 0x81, 0x08,
    0xE1, 0x25, 0x7F, 0x82, 0xD0, 0x84, 0xED, 0x40, 0x6E, 0xC5, 0x20, 0x37, 0x34, 0xC8, 0xAF, 0x72,
    0x90, 0x5F, 0x22, 0x06, 0xF9, 0x7A, 0xC2, 0x64, 0x9B, 0x49, 0xC4, 0x44, 0x5D, 0x07, 0x91, 0x37,
    0x41, 0xFC, 0x3B, 0x1C, 0x2F, 0x2C, 0x93, 0x01, 0xEB, 0xB8, 0xCB, 0x95, 0x80, 0xAA, 0x31, 0xBA,
    0x0E, 0xFE, 0xFD, 0xFD, 0x67, 0x33, 0x84, 0x29, 0x58, 0x20, 0x64, 0x63, 0x74, 0x19, 0x97, 0x2E,
    0xCB, 0x6F, 0xB1, 0x2F, 0x8F, 0x38, 0x42, 0x3E, 0x40, 0xDC, 0x07, 0x37, 0xA4, 0xEB, 0x42, 0x0F,
    0x4F, 0x53, 0xDA, 0x43, 0x4C, 0x32, 0x1C, 0xE3, 0x6B, 0x7F, 0x67, 0x5B, 0x7E, 0x54, 0x47, 0x22,
    0x09, 0x94, 0x8A, 0xE2, 0xB3, 0xD1, 0x88, 0xDF, 0x47, 0xB1, 0x6F, 0xCB, 0xC7, 0xF0, 0xA7, 0xFF,
    0x1F, 0xAF, 0xC2, 0x85, 0x62, 0x26, 0x9E, 0x39, 0x74, 0xC9, 0x88, 0xF3, 0xD9, 0x53, 0x3B, 0x4E,
    0x08, 0x27, 0x05, 0x46, 0x08, 0x86, 0x97, 0x70, 0xF0, 0xBA, 0x9F, 0xB8, 0x0F, 0xF0, 0x55, 0x96,
    0x04, 0x4F, 0x8C, 0xCA, 0x62, 0xDB, 0xA1, 0x92, 0x81, 0xAB, 0x34, 0xA3, 0x32, 0xE7, 0x71, 0x86,
    0x85, 0x9A, 0xB2, 0xC3, 0x0C, 0xD2, 0x2A, 0xAF, 0x87, 0x2F, 0x16, 0x28, 0x9E, 0x12, 0xDA, 0xA8,
    0xCA, 0x0D, 0x70, 0x19, 0x41, 0x44, 0xB0, 0x35, 0xC6, 0x9F, 0xAA, 0x10, 0xD9, 0xEA, 0x53, 0xBB,
    0xA0, 0xD6, 0x90, 0x92, 0x6D, 0xAF, 0x2E, 0x83, 0x70, 0x1A, 0x28, 0xB7, 0xCE, 0x7F, 0x30, 0xEC,
    0x07, 0xBA, 0x85, 0xBE, 0xBC, 0x16, 0xE8, 0xE3, 0x9C, 0x6B, 0x1E, 0xBB, 0x87, 0xC8, 0xAC, 0x08,
    0x65, 0xE3, 0x03, 0x9C, 0x1C, 0x42, 0x83, 0x82, 0x0E, 0xD0, 0x58, 0xA4, 0x2F, 0x44, 0xC4, 0x5D,
    0x92, 0xA3, 0xDE, 0x82, 0x22, 0x36, 0x51, 0x46, 0xBE, 0x52, 0x70, 0x7D, 0x55, 0x1B, 0xCD, 0x96,
    0x02, 0x85, 0x5E, 0x86, 0xFC, 0x00, 0x1D, 0xB4, 0x78, 0xE3, 0x06, 0xCF, 0xD8, 0xE1, 0x19, 0x79,
    0xE5, 0xDC, 0x64, 0x80, 0x4C, 0x9A, 0xF0, 0x49, 0x26, 0x81, 0x9B, 0x53, 0x3B, 0x60, 0xE4, 0xCC,
    0x73, 0x00, 0x5D, 0xE4, 0x2C, 0xFA, 0x7D, 0xCE, 0x8B, 0x43, 0xCE, 0x90, 0xC5, 0xA1, 0xA9, 0x10,
    0x03, 0xC7, 0x13, 0xFA, 0x1E, 0xF2, 0x5D, 0x98, 0x23, 0x7B, 0x87, 0x29, 0x16, 0x66, 0x50, 0xCB,
    0xCC, 0x9B, 0xA2, 0x34, 0x06, 0xB2, 0x0E, 0x98, 0xAB, 0x42, 0x5C, 0x75, 0x7C, 0x89, 0x97, 0xB9,
    0xD4, 0x36, 0x52, 0xC5, 0x38, 0xD8, 0x94, 0x41, 0x80, 0x13, 0x15, 0x8D, 0xE6, 0xA5, 0xC6, 0x5A,
    0x5B, 0x73, 0x22, 0x03, 0x0F, 0x9D, 0x45, 0xF1, 0x27, 0x70, 0x11, 0x2D, 0xF9, 0x1F, 0xB3, 0x6E,
    0x1A, 0xF4, 0x09, 0xD8, 0x51, 0x3B, 0x74, 0x87, 0xF3, 0x58, 0x41, 0x63, 0x72, 0x15, 0xC9, 0x80,
    0x19, 0xC8, 0xB8, 0xDE, 0x1B, 0x4C, 0x61, 0xA1, 0xD0, 0xF8, 0x5C, 0x6E, 0x40, 0x06, 0xCF, 0x30,
    0xFB, 0x13, 0xE6, 0xBC, 0xC3, 0xE5, 0x4D, 0xB4, 0x49, 0x6E, 0x1E, 0x71, 0xC9, 0x52, 0x33, 0xAD,
    0xB8, 0x5E, 0x5E, 0xE4, 0x90, 0xDF, 0xE0, 0x0C, 0x59, 0x20, 0xB7, 0xFB, 0x1A, 0x10, 0x94, 0x29,
    0x57, 0x2C, 0xA9, 0x98, 0xB0, 0x34, 0xA8, 0x68, 0x0E, 0x50, 0x1A, 0x63, 0xEA, 0x35, 0x9E, 0xD5,
    0x64, 0x40, 0xF6, 0x19, 0x03, 0x58, 0x66, 0x8B, 0xF5, 0x14, 0x09, 0xE6, 0xE8, 0xDB, 0xCC, 0xCF,
    0xAF, 0x67, 0xA5, 0x83, 0x2B, 0x11, 0x8F, 0x24, 0x6E, 0x48, 0xD7, 0x6A, 0xE4, 0x23, 0x9B, 0x45,
    0xBD, 0xF3, 0x7A, 0x19, 0xBB, 0x2D, 0x03, 0x67, 0xC7, 0x5D, 0xD6, 0x2E, 0x2B, 0xF6, 0x98, 0x4F,
    0xC5, 0xEB, 0xC7, 0x55, 0x12, 0x07, 0xB3, 0x5E, 0xF5, 0xE9, 0x18, 0x78, 0x7C, 0x1B, 0xCC, 0xE6,
    0xDD, 0xDE, 0x2B, 0xA8, 0x0B, 0x6C, 0x3E, 0x2E, 0xF6, 0x0E, 0x0F, 0x50, 0x8F, 0xBA, 0xF7, 0x68,
    0x8C, 0x85, 0x73, 0x18, 0xBB, 0x0F, 0xAB, 0x37, 0x61, 0x89, 0x45, 0xD8, 0x66, 0x9E, 0x2B, 0x2C,
    0x12, 0xB1, 0x48, 0x21, 0x8E, 0x7E, 0xE0, 0x33, 0x2A, 0x58, 0xEC, 0xFA, 0x18, 0xB7, 0x57, 0x72,
    0x14, 0xE6, 0x92, 0x1D, 0xA5, 0xF2, 0x35, 0xA2, 0x3F, 0x20, 0xCA, 0xC6, 0xE2, 0x4D, 0x2D, 0x29,
    0x9B, 0xA7, 0x02, 0x55, 0x3D, 0xEA, 0xE4, 0x0D, 0x3A, 0x71, 0x8C, 0x9E, 0x00, 0xC7, 0xE9, 0x0B,
    0xEF, 0xBE, 0x1B, 0xB3, 0x57, 0xAF, 0x70, 0xF4, 0x4C, 0xBD, 0x77, 0x48, 0xDD, 0xCC, 0x22, 0xAF,
    0x38, 0xCD, 0x55, 0x1F, 0x37, 0xEF, 0xAA, 0x89, 0x7E, 0x62, 0x12, 0x32, 0x38, 0xDC, 0x0D, 0x41,
    0x7D, 0xD3, 0xF9, 0xCE, 0x30, 0x2C, 0xD9, 0xDC, 0xE3, 0xDA, 0x5D, 0xE4, 0xBD, 0xFD, 0xBD, 0xCB,
    0x24, 0x6F, 0x20, 0x4B, 0x7E, 0xA4, 0xB4, 0xCC, 0x45, 0x86, 0x20, 0x86, 0xF3, 0x20, 0x3C, 0x1C,
    0x71, 0xA9, 0xEA, 0x7E, 0xD5, 0x33, 0x91, 0x4B, 0xD0, 0xE0, 0x9F, 0xEB, 0xE9, 0xF8, 0xC7, 0x75,
    0x50, 0xBC, 0x48, 0xC1, 0xCD, 0x3C, 0xF4, 0x50, 0xB6, 0xA2, 0x1E, 0x8F, 0xEF, 0x4D, 0x82, 0x89,
    0x3B, 0x49, 0x74, 0xE9, 0x79, 0xF5, 0x21, 0x8E, 0x65, 0xAE, 0x78, 0xE7, 0x03, 0x3C, 0x27, 0x45,
    0x3E, 0x13, 0xD4, 0xDD, 0xBB, 0x02, 0x29, 0xEC, 0x1B, 0x14, 0xAD, 0x1E, 0x60, 0xF8, 0x36, 0x66,
    0x75, 0x30, 0xB9, 0xE3, 0xA4, 0x9B, 0x75, 0x7E, 0xC7, 0xBD, 0x03, 0xD5, 0x84, 0x3F, 0xBB, 0x15,
    0x4B, 0x1B, 0x16, 0xB3, 0xCD, 0x6F, 0x65, 0x6E, 0x73, 0x04, 0x1C, 0x1C, 0x54, 0x92, 0xB1, 0x9D,
    0xEC, 0xF5, 0xCE, 0x1E, 0x6E, 0x1E, 0xD1, 0x71, 0xF5, 0x81, 0xF1, 0x67, 0x27, 0x07, 0x3E, 0x9E,
    0x17, 0x23, 0x3F, 0x6F, 0x00, 0xF4, 0x68, 0x5F, 0xFE, 0x30, 0x46, 0x34, 0xAE, 0x9E, 0x8F, 0x6A,
    0x70, 0xD2, 0x41, 0x7D, 0x4C, 0x7A, 0xED, 0x65, 0x2D, 0x6E, 0xDE, 0xD1, 0x2A, 0x35, 0xF0, 0x4C,
    0x38, 0x29, 0xF6, 0xE0, 0xAE, 0xE2, 0x21, 0x05, 0xEF, 0x15, 0xFC, 0x1F, 0x0B, 0xAE, 0x61, 0x89,
    0x9D, 0x26, 0xF8, 0xE9, 0x1A, 0x09, 0x9C, 0x0B, 0x25, 0x0A, 0x35, 0x1C, 0xE9, 0xE3, 0x4D, 0x0A,
    0xD0, 0x51, 0x6F, 0x63, 0x66, 0xB4, 0x3A, 0xC2, 0xFB, 0x4B, 0x8F, 0xB6, 0x84, 0x09, 0x53, 0x09,
    0x1B, 0x48, 0x2D, 0x1E, 0xD9, 0x03, 0x9C, 0xDB, 0xC6, 0x13, 0x31, 0xC1, 0xAF, 0x0C, 0x47, 0x2E,
    0x5C, 0x0B, 0x71, 0x94, 0x89, 0x87, 0xDC, 0x41, 0x3E, 0x38, 0xE0, 0xF2, 0xB8, 0x3A, 0x7E, 0x3D,
    0xB9, 0x16, 0xE2, 0xE9, 0xE8, 0x9B, 0x13, 0x40, 0xA0, 0xB7, 0x1F, 0xCE, 0xA3, 0xEE, 0xAD, 0x49,
    0x3D, 0x06, 0x77, 0x2B, 0x78, 0x6E, 0xA2, 0xE7, 0x24, 0xDF, 0xC7, 0x79, 0xEF, 0x06, 0xFA, 0x2D,
    0x3C, 0xFF, 0x99, 0xCF, 0xBD, 0x28, 0xE5, 0x31, 0x5F, 0xEA, 0x08, 0x71, 0x46, 0x65, 0xE3, 0x89,
    0x5F, 0x8E, 0x51, 0x74, 0xCB, 0x47, 0xDE, 0x41, 0x3E, 0x9E, 0x2E, 0xAC, 0x5E, 0xF6, 0x2E, 0x53,
    0x74, 0xC3, 0x86, 0x38, 0x09, 0x96, 0xE1, 0x6E, 0x18, 0x0B, 0x64, 0x1A, 0x2E, 0xD7, 0x81, 0x4B,
    0xA6, 0xFA, 0xF1, 0x28, 0x6B, 0x46, 0x66, 0x83, 0xA9, 0x98, 0xC8, 0xC9, 0xC2, 0xEA, 0x15, 0x5E,
    0x31, 0x16, 0xA5, 0xD2, 0x88, 0xA1, 0xD9, 0xE7, 0xDD, 0x98, 0x5B, 0x60, 0xE6, 0x94, 0x5E, 0x8B,
    0x29, 0xB8, 0xC3, 0xA9, 0x19, 0xA7, 0x4B, 0xF7, 0x9F, 0x16, 0x86, 0x63, 0x78, 0x5F, 0x4F, 0x80,
    0xB1, 0x96, 0x83, 0x26, 0x6C, 0xFB, 0xA3, 0x92, 0x66, 0x58, 0xEB, 0xAD, 0x5E, 0xA6, 0xC1, 0x17,
    0xF0, 0x29, 0x09, 0x9F, 0x92, 0xD7, 0x0F, 0x1E, 0xD0, 0x74, 0x75, 0x6E, 0x1C, 0x73, 0xF0, 0xBA,
    0xF2, 0xE4, 0x5A, 0x60, 0xCF, 0xE7, 0xD1, 0xAA, 0x7D, 0x4C, 0x37, 0xF9, 0x17, 0x50, 0xB6, 0x72,
    0x9F, 0xAB, 0x55, 0x7D, 0x00, 0xA1, 0x6C, 0x01, 0x3D, 0x47, 0x37, 0x26, 0xE2, 0xF7, 0x5B, 0xA2,
    0x68, 0x22, 0x77, 0x3D, 0x14, 0xFB, 0x01, 0x1F, 0x47, 0x08, 0xE6, 0x58, 0xB9, 0x4A, 0x9B, 0x41,
    0xBA, 0x2B, 0x80, 0x74, 0xF6, 0xDE, 0x08, 0x49, 0x1F, 0xB5, 0x27, 0x0A, 0x54, 0xA9, 0xFB, 0x42,
    0x17, 0x42, 0x0F, 0x83, 0x34, 0x9A, 0x3A, 0xB9, 0x51, 0x1E, 0xA4, 0xEC, 0x06, 0xEA, 0x03, 0x1A,
    0xA3, 0x48, 0x4D, 0x8F, 0x6E, 0x9A, 0x63, 0x34, 0xCE, 0xFB, 0x0E, 0xB4, 0x0B, 0xF1, 0x40, 0x47,
    0x35, 0x0C, 0x8E, 0x86, 0xBB, 0xA3, 0xB9, 0xD2, 0xFE, 0xFE, 0x0F, 0x73, 0x1A, 0xFF, 0xC5, 0xED,
    0xD8, 0x5B, 0x5B, 0x58, 0x1B, 0xE7, 0x11, 0x1C, 0x46, 0xA4, 0x2A, 0x15, 0x60, 0x29, 0x00, 0xEF,
    0x9C, 0x33, 0x17, 0x91, 0x2F, 0x10, 0x50, 0x4D, 0x03, 0xD1, 0x08, 0x39, 0x27, 0x81, 0x26, 0x3B,
    0x9C, 0x11, 0xD0, 0x71, 0x78, 0xE9, 0xAD, 0x79, 0xD4, 0x8B, 0xC7, 0xB9, 0x42, 0x5D, 0x12, 0xC6,
    0x61, 0xAA, 0x70, 0x66, 0x88, 0xF4, 0x1C, 0xF8, 0xFA, 0xBA, 0x46, 0x3D, 0xA0, 0x7F, 0x90, 0x2F,
    0x61, 0x9D, 0x9F, 0x17, 0xC8, 0xEF, 0x79, 0x56, 0xF4, 0xC9, 0xFB, 0xB7, 0x1E, 0x22, 0xCD, 0x7E,
    0x9C, 0x26, 0x30, 0xF0, 0x7F, 0xE2, 0x36, 0x56, 0x19, 0xBB, 0xB5, 0xB6, 0x91, 0x7E, 0x38, 0xD8,
    0xA0, 0x04, 0x5D, 0x38, 0xDB, 0x5B, 0x1B, 0x94, 0xE3, 0x4C, 0xE6, 0x27, 0xAB, 0xCA, 0xBE, 0xEC,
    0x57, 0x7B, 0xF2, 0x08, 0xCE, 0x46, 0xA7, 0xC0, 0x43, 0xDF, 0x90, 0xA7, 0x13, 0xE8, 0x28, 0xC2,
    0xEB, 0x48, 0xDB, 0xC2, 0x9A, 0x5A, 0x86, 0x02, 0x4E, 0x0F, 0x19, 0x24, 0x76, 0x57, 0x4E, 0x06,
    0x1F, 0x91, 0x9F, 0x0C, 0xD6, 0x19, 0x42, 0x86, 0x04, 0x6B, 0xB5, 0x73, 0x57, 0xE8, 0xB8, 0xB5,
    0x82, 0x3A, 0xD6, 0x70, 0xE9, 0xCB, 0x07, 0x74, 0x44, 0xBC, 0xA7, 0xE0, 0xDC, 0x5D, 0xBC, 0x5E,
    0x00, 0x1B, 0xB6, 0xE8, 0x8B, 0xFC, 0x6D, 0x68, 0x39, 0x74, 0x27, 0xB4, 0x11, 0x67, 0x5E, 0x18,
    0xDA, 0xBD, 0x68, 0x74, 0xA8, 0x71, 0xAD, 0x67, 0x50, 0xFB, 0x03, 0x0D, 0x1E, 0x1F, 0x4A, 0xF8,
    0xD3, 0x03, 0x0D, 0x25, 0xD1, 0x7A, 0xCC, 0x68, 0x01, 0x0C, 0x3F, 0xFB, 0xD5, 0xAF, 0xFE, 0x93,
    0x33, 0xE6, 0xD0, 0x98, 0x1F, 0x75, 0x1D, 0xB8, 0xE8, 0x51, 0xE3, 0xE9, 0x33, 0xF3, 0x39, 0xCF,
    0x6D, 0xC7, 0x0F, 0xD9, 0xBB, 0x02, 0x9F, 0xAE, 0x16, 0x77, 0x27, 0xCF, 0x6C, 0xBE, 0x6D, 0xE6,
    0xFA, 0x2B, 0xCB, 0x3B, 0x5C, 0x41, 0xC7, 0xFF, 0x05, 0xD5, 0x5B, 0x7F, 0x6C, 0x1B, 0xF7, 0x75,
    0x7F, 0x77, 0x47, 0xF2, 0x28, 0x91, 0x22, 0x99, 0x95, 0x49, 0x98, 0x58, 0x12, 0x09, 0x43, 0xED,
    0xD4, 0x94, 0x36, 0x99, 0x8D, 0x6E, 0xE4, 0x44, 0x12, 0xBF, 0x71, 0xD2, 0x2E, 0x59, 0x80, 0x45,
    0x29, 0x2A, 0x2C, 0xBF, 0x86, 0x68, 0x85, 0xB3, 0x25, 0x5E, 0x01, 0xEB, 0x0F, 0xB7, 0x70, 0x36,
    0xD5, 0x3A, 0xA7, 0x48, 0x9A, 0xA1, 0x18, 0xCA, 0x16, 0x0E, 0x1A, 0x0C, 0x5B, 0xC1, 0x3F, 0xEC,
    0x22, 0x51, 0xB6, 0x9A, 0x5B, 0x8D, 0xCE, 0xEB, 0x14, 0xEB, 0x96, 0xFC, 0x51, 0x60, 0x19, 0x90,
    0x4B, 0x8A, 0x6D, 0xC0, 0xD2, 0x6C, 0xCC, 0x8F, 0x61, 0x4B, 0x16, 0xC0, 0xDC, 0xC2, 0xA5, 0x74,
    0x22, 0xE9, 0xF6, 0x79, 0xEF, 0x8E, 0x14, 0xD9, 0x58, 0xB6, 0x28, 0x51, 0x5A, 0x76, 0xE4, 0xF1,
    0xE7, 0x7D, 0xDF, 0xFB, 0x7E, 0xDF, 0xEF, 0xF7, 0xBE, 0xEF, 0x88, 0xF8, 0x48, 0xC8, 0x2B, 0xD5,
    0xE4, 0xD5, 0x70, 0xE4, 0x2D, 0x46, 0x57, 0x2A, 0xBC, 0x0D, 0x5C, 0x59, 0x74, 0xF9, 0x58, 0x09,
    0x2D, 0xF0, 0x71, 0x82, 0xDA, 0x8E, 0xB8, 0xF2, 0xDE, 0x0F, 0xD3, 0x48, 0xD1, 0x7E, 0x0B, 0x1F,
    0xB4, 0xD3, 0x2E, 0xE5, 0x7F, 0xF4, 0xA6, 0xFB, 0xF6, 0xF4, 0xBD, 0xEE, 0xEA, 0x2D, 0x94, 0x77,
    0x96, 0xD2, 0x18, 0xBA, 0xAA, 0xA2, 0x74, 0x93, 0x95, 0xA5, 0x7B, 0xDD, 0x67, 0xF8, 0xEA, 0xE2,
    0x1A, 0x80, 0xBE, 0xB5, 0x8F, 0x9A, 0xFF, 0x9E, 0xF3, 0xB0, 0xD3, 0x57, 0xBC, 0xC9, 0x90, 0x35,
    0xEB, 0xBD, 0x9F, 0x99, 0xC1, 0x35, 0xD3, 0x87, 0xAC, 0x79, 0x99, 0x8D, 0x6B, 0xF7, 0x2F, 0xB9,
    0xEE, 0x07, 0x0B, 0xA7, 0xBC, 0x3F, 0x75, 0x4B, 0xDE, 0xD2, 0x32, 0x26, 0xFC, 0x95, 0x0A, 0xBF,
    0x8D, 0x39, 0xF9, 0x87, 0xA7, 0xA7, 0xA7, 0xDD, 0x7F, 0xA8, 0xF1, 0x02, 0xCE, 0xBB, 0xB6, 0x76,
    0x68, 0xE1, 0xD4, 0xC0, 0xC3, 0xB4, 0x81, 0xA3, 0xAF, 0xF3, 0xEB, 0x70, 0xC7, 0xB7, 0xFE, 0x78,
    0xC7, 0xD7, 0x81, 0xB6, 0xAF, 0x5A, 0x95, 0x06, 0x4D, 0xD5, 0xFA, 0x6A, 0xAE, 0xD2, 0x84, 0xB1,
    0xF6, 0x6F, 0x2C, 0xF7, 0x81, 0xFB, 0xE1, 0xDA, 0xD7, 0x41, 0xDD, 0x7D, 0x7F, 0x75, 0xED, 0xEB,
    0x68, 0x27, 0x4E, 0xEF, 0xEB, 0x8F, 0xB1, 0x80, 0xE9, 0x7B, 0x17, 0xA6, 0xA7, 0x06, 0xE5, 0xAB,
    0xBF, 0x76, 0x1C, 0xB2, 0xDE, 0xE0, 0xB4, 0x1C, 0xF7, 0x9E, 0x76, 0x6B, 0x1D, 0x63, 0xB5, 0xF2,
    0x45, 0xD6, 0x14, 0x52, 0x42, 0xA7, 0xDC, 0xEA, 0x09, 0xBA, 0xEA, 0x39, 0x2A, 0x1F, 0x06, 0x90,
    0x12, 0x7E, 0xB9, 0xEA, 0x19, 0xFC, 0x9E, 0x09, 0xDC, 0x4A, 0x85, 0x81, 0x93, 0x94, 0x8D, 0x94,
    0x28, 0xAA, 0x63, 0x89, 0x98, 0xB5, 0x81, 0x77, 0xE3, 0x00, 0x80, 0xD9, 0x66, 0x8D, 0x9C, 0xF8,
    0x14, 0x55, 0x40, 0x86, 0xFC, 0x38, 0x66, 0x76, 0x94, 0x28, 0x0A, 0x84, 0xF1, 0x2A, 0x56, 0x68,
    0xE3, 0x22, 0x6B, 0x8D, 0x79, 0x38, 0x32, 0x18, 0x5B, 0x00, 0x01, 0xB3, 0x03, 0xB8, 0x0C, 0xC4,
    0xE8, 0x67, 0x38, 0x41, 0x9C, 0xBF, 0x56, 0xED, 0x1A, 0x96, 0x7F, 0x40, 0x22, 0x34, 0x05, 0xDA,
    0x52, 0xA4, 0xCE, 0xAF, 0xC3, 0x2B, 0x2C, 0xA8, 0x85, 0x1C, 0x81, 0xCD, 0xF9, 0xB8, 0xCA, 0xE3,
    0xD5, 0xB4, 0xB0, 0xE4, 0x31, 0xD3, 0xB5, 0xF5, 0x6A, 0xD1, 0x5D, 0xA1, 0xB4, 0x13, 0xF9, 0xD0,
    0xA6, 0x31, 0x9B, 0x34, 0x8B, 0x47, 0xEB, 0x58, 0x62, 0x95, 0x22, 0x80, 0x54, 0xA1, 0x39, 0xBC,
    0x1E, 0x7B, 0x96, 0xE9, 0x95, 0x13, 0x22, 0x6A, 0x4D, 0x81, 0x0E, 0x43, 0x86, 0x72, 0x98, 0x6F,
    0xF1, 0x4E, 0xAC, 0x7F, 0x88, 0xE5, 0x07, 0x27, 0xCB, 0x5E, 0x95, 0x69, 0x80, 0xA9, 0x1D, 0xD7,
    0xC8, 0x8C, 0x7F, 0xC3, 0x8E, 0xA5, 0x5F, 0x72, 0x06, 0xCD, 0x5B, 0xEC, 0x0E, 0x7E, 0xF1, 0x60,
    0x19, 0x2D, 0xC3, 0xBD, 0xF1, 0x02, 0x40, 0x20, 0x30, 0x08, 0x81, 0xC1, 0x40, 0x04, 0xCA, 0x0B,
    0x0E, 0xC0, 0xBC, 0x5A, 0x05, 0x9C, 0xE7, 0x3B, 0x01, 0x11, 0x08, 0xB2, 0x0C, 0x22, 0xCA, 0xE7,
    0x11, 0x22, 0x97, 0x8C, 0xF3, 0xB6, 0xA1, 0x3B, 0x21, 0xAA, 0x99, 0x54, 0x33, 0xCE, 0xD7, 0xB4,
    0x55, 0x5E, 0x2F, 0x85, 0x20, 0xD4, 0x56, 0xF1, 0x2D, 0xB9, 0x2C, 0x00, 0x62, 0xCB, 0x13, 0x42,
    0x12, 0x95, 0x27, 0x7E, 0x89, 0x8E, 0xCE, 0x56, 0xEA, 0xCB, 0x09, 0x52, 0x86, 0x15, 0xC7, 0x7F,
    0x05, 0x2A, 0x93, 0x4D, 0x8A, 0xB4, 0xB3, 0xAC, 0xB6, 0x2E, 0x5E, 0xF6, 0xEC, 0xC2, 0x6C, 0xF3,
    0x4C, 0xF0, 0x19, 0x4C, 0xBE, 0x7F, 0xBF, 0xAE, 0x42, 0xCB, 0x39, 0x08, 0x45, 0x35, 0xE4, 0xBA,
    0x6F, 0x8B, 0x45, 0xD0, 0x70, 0x99, 0x01, 0x3A, 0x82, 0x91, 0x0C, 0x14, 0x6A, 0xA0, 0x51, 0xDC,
    0x3A, 0x46, 0x11, 0x77, 0x19, 0xFF, 0x61, 0xE0, 0x9C, 0xB7, 0x34, 0x9D, 0xA9, 0x43, 0xF3, 0xCA,
    0x30, 0xDC, 0xAA, 0x9E, 0xFE, 0x76, 0xCD, 0x18, 0x07, 0xDC, 0x2A, 0x04, 0xC1, 0xA6, 0x3C, 0x38,
    0xE6, 0x44, 0xE7, 0x5D, 0xAB, 0x10, 0xB9, 0xE0, 0xA9, 0x84, 0x7A, 0xD2, 0x7A, 0x5D, 0x3D, 0x43,
    0x2C, 0x8C, 0x21, 0x7A, 0x82, 0x5E, 0xB3, 0xCE, 0xC9, 0x67, 0xCA, 0x5C, 0x98, 0x19, 0xBE, 0x35,
    0x93, 0x3C, 0x50, 0x21, 0x95, 0xA0, 0xAB, 0x92, 0xF7, 0x3C, 0xF5, 0xFA, 0x6D, 0xE7, 0xC2, 0xC7,
    0xCF, 0x78, 0x44, 0x19, 0x51, 0x4B, 0xE7, 0x7D, 0xE9, 0xC2, 0xC4, 0x42, 0x4E, 0x38, 0x71, 0xC8,
    0x22, 0xD8, 0x83, 0xD6, 0x73, 0x8A, 0xAE, 0x4D, 0x10, 0xC4, 0xF9, 0xD0, 0x82, 0xA2, 0x14, 0x45,
    0x83, 0x5A, 0xF8, 0x64, 0xB8, 0x4E, 0x89, 0xBB, 0xE7, 0x66, 0xC1, 0xFC, 0x49, 0x8C, 0x09, 0x8F,
    0x16, 0x40, 0x0E, 0x10, 0x34, 0x31, 0x37, 0xE7, 0x93, 0x56, 0xE8, 0x08, 0xC2, 0x10, 0xE4, 0x30,
    0x6D, 0x93, 0x0E, 0x29, 0xB3, 0x9B, 0xCF, 0xE7, 0x1D, 0xFA, 0x9B, 0x2A, 0xE5, 0x6C, 0xB1, 0x4B,
    0x11, 0x2B, 0x62, 0x5D, 0x91, 0x98, 0x3B, 0x3B, 0x77, 0x56, 0xEC, 0xA4, 0xBE, 0xC2, 0x04, 0x9C,
    0x30, 0x99, 0xB5, 0x40, 0x09, 0x82, 0x16, 0x15, 0xC5, 0x1D, 0xD2, 0x6A, 0x42, 0x0D, 0x80, 0x91,
    0x05, 0x61, 0xF5, 0x2C, 0xD1, 0xFC, 0x39, 0x49, 0xDA, 0x0A, 0x99, 0x6F, 0x53, 0x5C, 0xB8, 0xE4,
    0xE1, 0xDD, 0x0F, 0x79, 0x69, 0xB0, 0x85, 0xA0, 0x7E, 0x66, 0x9C, 0x56, 0xBF, 0x6E, 0xC9, 0xCE,
    0xAD, 0x90, 0x36, 0x85, 0x8F, 0x14, 0x59, 0xA6, 0x81, 0x28, 0x9B, 0x80, 0x3D, 0xA4, 0xE2, 0xE7,
    0x9D, 0xDC, 0xAA, 0x05, 0xB3, 0x75, 0x4D, 0x60, 0xBE, 0xC1, 0xE0, 0x34, 0x65, 0xD8, 0x6B, 0x0F,
    0xBD, 0xF5, 0xD0, 0x9A, 0x0F, 0x4B, 0xA3, 0x34, 0x50, 0xEC, 0x57, 0x39, 0x95, 0xA1, 0x20, 0xB0,
    0xAE, 0x3D, 0x22, 0xAD, 0x87, 0xE9, 0x3F, 0x42, 0x22, 0x2D, 0x93, 0x04, 0xF9, 0xA0, 0xAF, 0x42,
    0x35, 0x88, 0xA6, 0x61, 0x67, 0x14, 0x7D, 0x68, 0xEB, 0xC7, 0xAB, 0x06, 0x55, 0x0C, 0x2A, 0x18,
    0xD6, 0x11, 0xDD, 0xAD, 0xD3, 0xD2, 0x11, 0x91, 0xE6, 0x2A, 0x96, 0x55, 0x74, 0x95, 0xD9, 0x20,
    0x59, 0xD9, 0x78, 0xDB, 0x23, 0xDB, 0x7A, 0x0C, 0xFA, 0x8F, 0x14, 0x80, 0x4F, 0xD2, 0x6F, 0x03,
    0xF2, 0x31, 0xF0, 0x88, 0xE7, 0x1E, 0x00, 0xAD, 0x73, 0x74, 0xAC, 0x74, 0x3D, 0x74, 0xF8, 0x46,
    0x48, 0xCE, 0x24, 0xCC, 0x45, 0x02, 0x93, 0x48, 0x98, 0x25, 0x48, 0x8D, 0x6B, 0xE5, 0x69, 0xC9,
    0x01, 0x96, 0x32, 0x18, 0x67, 0x8F, 0x53, 0x5A, 0xE5, 0x9E, 0x5D, 0x06, 0xB9, 0x41, 0xDD, 0x83,
    0xC0, 0x36, 0x2E, 0x47, 0x96, 0x8F, 0x41, 0x1C, 0xA9, 0xA6, 0xD2, 0xB0, 0x82, 0x93, 0x69, 0xC9,
    0x4B, 0x9E, 0x49, 0x9F, 0x67, 0xA9, 0xCC, 0xB3, 0xD2, 0x8D, 0xF1, 0xA7, 0x49, 0xD2, 0x96, 0x54,
    0xDC, 0x75, 0x1B, 0xA4, 0xBB, 0x1F, 0xA8, 0x0E, 0x7D, 0x13, 0xAD, 0x64, 0x73, 0xA0, 0x39, 0x6B,
    0x26, 0xAC, 0xB0, 0xB8, 0x3C, 0x26, 0x2A, 0x68, 0x5A, 0x66, 0xD5, 0x6C, 0x44, 0x27, 0x46, 0x86,
    0xF3, 0xF1, 0x59, 0xB3, 0x30, 0x54, 0x5C, 0x66, 0x4B, 0x25, 0x2B, 0x67, 0xED, 0x9E, 0x58, 0x04,
    0xE6, 0xEC, 0x48, 0x37, 0x98, 0x95, 0x27, 0x1A, 0x30, 0xDE, 0x6C, 0x78, 0xF6, 0x8C, 0x03, 0xC0,
    0x60, 0x17, 0x00, 0x42, 0xA0, 0x22, 0xA8, 0x4F, 0xC7, 0x96, 0xDC, 0x6A, 0xC2, 0x04, 0x5D, 0x72,
    0xB0, 0x01, 0x2B, 0x9E, 0xCF, 0x36, 0xD9, 0x1B, 0xE1, 0x4C, 0xC1, 0xD4, 0x24, 0xB1, 0xA6, 0x24,
    0xC8, 0x9B, 0xF2, 0x7F, 0x8B, 0x58, 0x34, 0x65, 0x40, 0xB9, 0x69, 0xDE, 0x73, 0x39, 0x1B, 0x82,
    0x23, 0x0C, 0xF6, 0xCE, 0xF5, 0xE0, 0x78, 0x01, 0x03, 0xDB, 0x14, 0x9B, 0x95, 0xBB, 0xB7, 0xB0,
    0x61, 0x74, 0x60, 0x48, 0xD3, 0x12, 0x67, 0x40, 0x97, 0x40, 0x36, 0xCD, 0x19, 0xD1, 0x20, 0x7D,
    0x56, 0xDA, 0xB3, 0x26, 0x79, 0x31, 0x96, 0x95, 0xE6, 0x3C, 0x2E, 0x7B, 0x7D, 0x5C, 0x9E, 0xC0,
    0x83, 0xBF, 0xD8, 0x6A, 0x39, 0xA2, 0xC1, 0x36, 0xDB, 0x66, 0x18, 0xC2, 0x34, 0xCD, 0xC3, 0x75,
    0xD4, 0xDB, 0x3C, 0xF0, 0xD7, 0xC4, 0x38, 0x50, 0xF7, 0x63, 0xFD, 0xA3, 0xE0, 0x45, 0x2E, 0x6C,
    0x44, 0x0A, 0x47, 0x39, 0xA2, 0x9A, 0x1D, 0x67, 0x28, 0xE5, 0x2C, 0xBF, 0x5E, 0x18, 0x4C, 0xC0,
    0x94, 0xBA, 0x8D, 0x3C, 0x99, 0xEE, 0x1D, 0xF5, 0x3C, 0x19, 0x8A, 0xF5, 0x4B, 0x17, 0x9F, 0xC1,
    0x64, 0x1A, 0x87, 0xF6, 0xC3, 0x48, 0x3C, 0x5B, 0x17, 0x8B, 0x2D, 0xA6, 0xE8, 0x60, 0x27, 0x78,
    0xF1, 0xFA, 0x9A, 0x44, 0x34, 0x91, 0x07, 0xE4, 0xB5, 0x6F, 0x9B, 0xF1, 0x86, 0xBC, 0x15, 0xE6,
    0x3C, 0x06, 0x5D, 0xC8, 0xB1, 0xBB, 0x66, 0x2B, 0x04, 0x1C, 0x71, 0xF1, 0x70, 0xF1, 0xAC, 0xF8,
    0xF0, 0x78, 0x8D, 0xE6, 0xC9, 0x43, 0x03, 0x26, 0x99, 0xA7, 0xE1, 0x2D, 0x3C, 0x44, 0x3E, 0x26,
    0x1F, 0x95, 0x8F, 0xCB, 0x47, 0xE6, 0x63, 0xFB, 0xC8, 0x32, 0xC5, 0xC2, 0xF3, 0xEF, 0x0D, 0xEF,
    0x5B, 0xE5, 0x12, 0x91, 0xDB, 0x8E, 0x4E, 0x70, 0xAA, 0xC5, 0x84, 0x7A, 0xEB, 0x53, 0xAD, 0x35,
    0xC3, 0x4A, 0xCB, 0xFD, 0x17, 0x42, 0x30, 0x1A, 0x85, 0x22, 0x54, 0xA0, 0xD0, 0x38, 0xAC, 0xE8,
    0x33, 0x36, 0x84, 0x73, 0x2F, 0xCF, 0x66, 0x0C, 0x4A, 0x7F, 0xA1, 0x82, 0x99, 0xE4, 0x3C, 0x05,
    0x5F, 0x55, 0x1D, 0x40, 0x39, 0xA8, 0xA8, 0x45, 0x20, 0x68, 0x35, 0x9E, 0xF2, 0x56, 0x80, 0x96,
    0x25, 0x18, 0xA5, 0xF4, 0x1F, 0x7B, 0xB2, 0x51, 0x90, 0x95, 0x8D, 0x52, 0xF1, 0x40, 0x43, 0x8C,
    0xAB, 0x0E, 0xCA, 0xEA, 0x6D, 0xDA, 0x19, 0x6D, 0x3B, 0x63, 0x6C, 0x9A, 0x4A, 0x30, 0x26, 0x2E,
    0x7C, 0xC0, 0xE1, 0x55, 0xD5, 0x1E, 0x95, 0xB1, 0xE1, 0x6C, 0xB3, 0x9B, 0xDB, 0x83, 0x47, 0xD4,
    0x9C, 0xF4, 0x23, 0x50, 0x3D, 0x53, 0x83, 0x59, 0x11, 0x35, 0x93, 0x0F, 0x06, 0xDB, 0x62, 0x61,
    0x9A, 0xC9, 0x0C, 0xD0, 0x5D, 0xD1, 0x01, 0x91, 0xD8, 0x9A, 0x17, 0x80, 0xE5, 0xD9, 0xB7, 0xCE,
    0x32, 0x82, 0xFD, 0x1C, 0xFA, 0xE4, 0xD8, 0xBA, 0x84, 0xDC, 0x0B, 0x6B, 0xA0, 0x23, 0x96, 0x0F,
    0xAB, 0x97, 0x40, 0x79, 0xF0, 0x1B, 0x1C, 0xB4, 0xFE, 0x37, 0x0F, 0xFB, 0x2D, 0xFE, 0x69, 0x68,
    0x2D, 0x38, 0x67, 0x64, 0x76, 0x1F, 0x5C, 0x60, 0x1C, 0x6C, 0xFE, 0xE5, 0x03, 0x36, 0x5D, 0xFF,
    0x82, 0x04, 0x43, 0x1B, 0x72, 0x81, 0x9E, 0xD4, 0x21, 0x8A, 0xA6, 0xF4, 0xC9, 0xCC, 0x91, 0x71,
    0x5A, 0x6C, 0x54, 0xE8, 0x48, 0x06, 0x68, 0x10, 0xE9, 0x06, 0xB4, 0xB7, 0x30, 0x27, 0xB7, 0x1A,
    0xA5, 0x5C, 0x1D, 0xA1, 0xE0, 0x28, 0xCE, 0x4A, 0x9C, 0x4C, 0x27, 0xF2, 0x0E, 0xA2, 0x48, 0x10,
    0x95, 0xEE, 0xF1, 0xC6, 0x23, 0x02, 0xAD, 0x99, 0x76, 0xFA, 0xA4, 0x3E, 0x03, 0xA7, 0x7D, 0xB6,
    0x42, 0x63, 0x5D, 0x8C, 0x2F, 0xD6, 0x8B, 0x2D, 0x23, 0x37, 0xD8, 0x4A, 0xE6, 0xB2, 0x9D, 0x4A,
    0x98, 0x63, 0x02, 0x2C, 0xB1, 0x5C, 0xBC, 0xC2, 0x02, 0xA2, 0xCE, 0xB0, 0x87, 0x1E, 0xCB, 0x93,
    0xFE, 0xF2, 0x22, 0x68, 0xE7, 0x2E, 0x63, 0x71, 0x0F, 0x0F, 0xB2, 0x6C, 0x64, 0x11, 0x77, 0xDC,
    0x57, 0xE7, 0x14, 0xD1, 0xD2, 0xBD, 0x74, 0x84, 0x29, 0x0E, 0x49, 0x88, 0x3F, 0xB0, 0x66, 0xCC,
    0x78, 0xC1, 0x88, 0xB9, 0xC8, 0x5C, 0x52, 0x34, 0x00, 0x21, 0x8F, 0x42, 0x82, 0xA2, 0x08, 0x43,
    0x62, 0x5A, 0x2D, 0x11, 0x77, 0x6B, 0x79, 0xBD, 0x51, 0x01, 0xD4, 0x19, 0x8E, 0xC6, 0x66, 0x21,
    0xFF, 0x42, 0xB1, 0x85, 0x15, 0xA8, 0x36, 0x18, 0xF9, 0xA0, 0xA4, 0x49, 0x7E, 0x0A, 0x97, 0xF6,
    0xCF, 0x98, 0x7F, 0xC2, 0x9C, 0x8F, 0x22, 0x29, 0x28, 0xE3, 0x3C, 0x0B, 0x89, 0x0C, 0xC3, 0x8D,
    0x1D, 0x64, 0xC6, 0xF3, 0xA9, 0x23, 0x0A, 0xD5, 0x15, 0xF2, 0x2D, 0xE4, 0x5C, 0xCC, 0xD9, 0x30,
    0x79, 0xAE, 0x60, 0xC2, 0x7F, 0x1F, 0xF7, 0x57, 0x3D, 0xE4, 0x9F, 0x03, 0x6D, 0x70, 0x23, 0xFE,
    0x69, 0x8A, 0x6B, 0x4C, 0xE0, 0x64, 0xD3, 0x82, 0xE5, 0x2B, 0xB6, 0x2D, 0xB3, 0xF8, 0x8F, 0xAD,
    0x0A, 0x9B, 0x94, 0x38, 0xCC, 0x8E, 0x70, 0xB5, 0x4C, 0x06, 0x78, 0x7C, 0x98, 0xA2, 0xEC, 0x5F,
    0xAA, 0x14, 0xAC, 0xED, 0x72, 0xAB, 0xC5, 0x77, 0xAC, 0x82, 0xE8, 0x7A, 0x2B, 0x50, 0x1D, 0x93,
    0xE7, 0x78, 0x2B, 0x5D, 0xE7, 0x28, 0x96, 0x9E, 0x6B, 0x66, 0x1A, 0xDA, 0xDA, 0xB2, 0x70, 0xC2,
    0xB6, 0xB1, 0x61, 0x53, 0x8C, 0xDA, 0x43, 0x6B, 0xB6, 0xA1, 0xB5, 0x3D, 0xB4, 0x1C, 0x37, 0xB1,
    0x94, 0xA7, 0xA1, 0xB3, 0x13, 0x4B, 0x16, 0xCD, 0xDE, 0xE0, 0x50, 0x69, 0xAC, 0x46, 0x95, 0xC2,
    0x19, 0x9A, 0xA8, 0x15, 0x28, 0x5D, 0x2D, 0xCC, 0xBB, 0xAB, 0xB3, 0xBB, 0xEA, 0x87, 0xAB, 0x22,
    0xD6, 0xC1, 0x2E, 0x42, 0xC3, 0xA6, 0xA4, 0x23, 0xA6, 0x2C, 0x89, 0x41, 0xF3, 0xD2, 0x84, 0x2E,
    0x24, 0x7D, 0xAB, 0xE3, 0x01, 0xE1, 0x16, 0x90, 0xF3, 0x55, 0xF8, 0xEB, 0xE7, 0x7D, 0x73, 0x62,
    0xA5, 0x55, 0x7D, 0x6A, 0x97, 0x25, 0x69, 0x85, 0xD2, 0x4B, 0x9F, 0x28, 0xFD, 0x65, 0x75, 0xAF,
    0x5F, 0x40, 0x78, 0x44, 0xDD, 0xA7, 0x4E, 0x36, 0xAF, 0x11, 0x34, 0x57, 0xD3, 0xB0, 0x8A, 0xAB,
    0xB3, 0x6D, 0xBF, 0x41, 0x96, 0xAC, 0x3F, 0xB2, 0x3E, 0x60, 0xCA, 0xFF, 0xD9, 0x63, 0x8B, 0x89,
    0xBE, 0x20, 0x9B, 0x5F, 0xC8, 0x3B, 0x5D, 0x4F, 0x37, 0xAA, 0xBD, 0xC2, 0x96, 0xB6, 0xCF, 0xF9,
    0x7C, 0x61, 0x64, 0x84, 0xC3, 0x48, 0xDD, 0x1E, 0x42, 0x14, 0xBC, 0x5B, 0x04, 0x65, 0x66, 0x2A,
    0x6F, 0x89, 0x7E, 0x50, 0x51, 0xCC, 0x49, 0xD9, 0xFE, 0xAA, 0xCA, 0x09, 0xDF, 0x52, 0xE0, 0xCF,
    0xF7, 0x88, 0x6D, 0x41, 0xE2, 0xB9, 0xD5, 0xE7, 0x20, 0x71, 0x9F, 0xA2, 0x1B, 0x21, 0x63, 0x12,
    0x1B, 0xD2, 0x68, 0x3E, 0xE8, 0xF4, 0x53, 0xC1, 0x01, 0x13, 0x4A, 0x46, 0x39, 0x04, 0xCB, 0xCB,
    0x75, 0x92, 0x30, 0xD6, 0x5C, 0xB4, 0xE2, 0xBE, 0x91, 0x3C, 0x83, 0x84, 0x6C, 0x02, 0x3E, 0xC0,
    0x0B, 0xF4, 0x4D, 0x65, 0x78, 0x0F, 0x21, 0x1A, 0xC4, 0xC7, 0x9E, 0x23, 0x7B, 0xC2, 0xB0, 0x91,
    0xF6, 0xC6, 0x57, 0x29, 0xA2, 0x38, 0x5A, 0x83, 0x5B, 0x31, 0xBC, 0x80, 0xC6, 0xF2, 0x9F, 0x9A,
    0x4C, 0x6D, 0xB4, 0xAF, 0x30, 0xDE, 0x57, 0x98, 0x8C, 0xD7, 0xD2, 0x6E, 0x35, 0xDE, 0x50, 0x91,
    0xD6, 0x65, 0xF2, 0xD4, 0x9A, 0x4F, 0xB2, 0xF8, 0x09, 0x95, 0xCC, 0x89, 0x08, 0x96, 0xC5, 0x0F,
    0x2E, 0xD9, 0x10, 0x1B, 0xBE, 0xBE, 0x5F, 0xEC, 0x3A, 0x44, 0x74, 0x8F, 0xA6, 0xD2, 0x2E, 0x99,
    0xCB, 0x42, 0x67, 0x27, 0x52, 0x1F, 0x5E, 0x2E, 0x64, 0x67, 0xA3, 0xA5, 0x01, 0xAB, 0xCF, 0x1E,
    0x70, 0x06, 0xCF, 0x35, 0x8A, 0xD5, 0x20, 0xB4, 0x0D, 0x21, 0x23, 0x47, 0x6A, 0xF4, 0x05, 0xC5,
    0x0A, 0x68, 0xB4, 0x4F, 0xCE, 0xC3, 0x5A, 0x15, 0x29, 0xA8, 0xF8, 0x1E, 0x92, 0x17, 0x9C, 0x39,
    0x43, 0x63, 0x8B, 0x74, 0x66, 0x82, 0x6A, 0xC3, 0x9A, 0x13, 0xD7, 0xED, 0xC8, 0x2D, 0x96, 0xF1,
    0x13, 0xD2, 0x5F, 0x24, 0xED, 0x35, 0xA2, 0x77, 0x89, 0x16, 0x25, 0x9D, 0xCE, 0x34, 0x7D, 0x08,
    0xB8, 0xDE, 0x20, 0xED, 0x5D, 0xD2, 0xFF, 0x94, 0x8C, 0xDF, 0x40, 0x16, 0x4E, 0x91, 0x88, 0x15,
    0x33, 0xEC, 0x41, 0xC3, 0x19, 0xD7, 0x6A, 0x47, 0xA8, 0x5E, 0xA1, 0xA3, 0x09, 0xCA, 0x68, 0x25,
    0x8A, 0xD7, 0x69, 0x6F, 0x83, 0xEB, 0x13, 0xB3, 0x83, 0x34, 0x36, 0x48, 0xC5, 0x65, 0x8A, 0xAC,
    0x88, 0x8A, 0xC7, 0xBC, 0x18, 0x50, 0x31, 0x53, 0x78, 0x62, 0x6B, 0xD9, 0x3F, 0x72, 0x7F, 0x64,
    0xFE, 0xFD, 0x83, 0x42, 0x08, 0x51, 0x05, 0x8E, 0x0B, 0x8F, 0x03, 0x8B, 0x15, 0x4B, 0xDB, 0x83,
    0xA6, 0x1A, 0xF5, 0x8B, 0x5C, 0xC8, 0x28, 0x1C, 0xB8, 0xCC, 0x12, 0x21, 0x63, 0x33, 0xAD, 0x34,
    0x87, 0x98, 0x10, 0xC5, 0x08, 0x72, 0x22, 0xA0, 0x03, 0x09, 0x2D, 0x0C, 0x5D, 0xC4, 0xE7, 0x40,
    0xD3, 0x93, 0x94, 0x79, 0xD9, 0x60, 0x5A, 0x64, 0x95, 0x6D, 0x84, 0xB1, 0x48, 0xA1, 0x8E, 0xEA,
    0x54, 0xD7, 0xA9, 0xCF, 0x16, 0xAD, 0x69, 0x53, 0xA8, 0x2B, 0xA1, 0xBB, 0x3F, 0x53, 0x6F, 0xEA,
    0xF9, 0xE5, 0x12, 0x52, 0x9A, 0xD2, 0x6B, 0x06, 0xE9, 0xF5, 0x5C, 0x75, 0x23, 0x57, 0x6F, 0x20,
    0x65, 0x85, 0xBB, 0x8A, 0xD8, 0x51, 0xF8, 0xA6, 0x25, 0xF6, 0xDF, 0xEB, 0x24, 0xCC, 0xC9, 0x36,
    0x5B, 0xED, 0x9D, 0x69, 0x35, 0x0E, 0xF9, 0x1C, 0x27, 0xC7, 0xCE, 0x72, 0xE2, 0xA6, 0xDB, 0x81,
    0x2C, 0xB9, 0x2B, 0x59, 0xDD, 0xFD, 0x8F, 0x6C, 0xA8, 0x24, 0xFE, 0xAC, 0xFD, 0x6C, 0xA6, 0x97,
    0x8B, 0x92, 0xE3, 0x48, 0x44, 0x69, 0xEA, 0x7E, 0x9E, 0x21, 0x79, 0x75, 0x02, 0xD6, 0xD0, 0x3C,
    0x5F, 0x83, 0x41, 0xDC, 0xE5, 0x96, 0x60, 0x13, 0x3F, 0x0D, 0xA1, 0x95, 0x08, 0xCD, 0x90, 0xC8,
    0x07, 0xC6, 0x51, 0x02, 0x08, 0x21, 0x13, 0x9B, 0xC8, 0x66, 0xE8, 0x26, 0xF5, 0x20, 0xA9, 0x0E,
    0x48, 0x9E, 0x84, 0x8F, 0x8D, 0xF6, 0xA2, 0xAA, 0x17, 0x98, 0x28, 0x3F, 0xB3, 0x5A, 0x64, 0x53,
    0xC4, 0xD8, 0xA3, 0x3B, 0x82, 0x9D, 0xC7, 0x78, 0x29, 0x6E, 0xDC, 0x63, 0xEF, 0x68, 0xB2, 0x15,
    0x83, 0x81, 0x77, 0x63, 0x9E, 0x51, 0x4E, 0x2F, 0x89, 0x5D, 0x9E, 0xE7, 0x30, 0xAD, 0x46, 0x6F,
    0x91, 0x67, 0x9D, 0xFD, 0x54, 0xD0, 0xB3, 0xD1, 0xE4, 0x99, 0x69, 0x1E, 0x6A, 0x48, 0xA5, 0x2D,
    0xEF, 0x85, 0x04, 0xB3, 0x22, 0xD2, 0x1C, 0x66, 0xDB, 0x3E, 0x4F, 0x24, 0xBE, 0x5E, 0xF6, 0xE2,
    0x6B, 0xA7, 0x3D, 0xBE, 0x96, 0x4A, 0xA0, 0x84, 0xE1, 0x06, 0x5B, 0x6C, 0xE3, 0x7E, 0x76, 0xE0,
    0x0D, 0x96, 0x78, 0xD5, 0x85, 0xC4, 0x6B, 0xAD, 0xE5, 0x1A, 0xAD, 0xA0, 0x12, 0x82, 0xA7, 0x88,
    0x15, 0xB0, 0xDB, 0x92, 0xC1, 0xE6, 0x2A, 0x0D, 0xAA, 0x49, 0x55, 0x29, 0x02, 0xCA, 0x57, 0x2F,
    0x98, 0xAC, 0x76, 0x10, 0x7E, 0x13, 0x35, 0x05, 0x66, 0x80, 0xC1, 0xBC, 0xD1, 0x4A, 0xCD, 0x3A,
    0x7E, 0x96, 0x0B, 0x5C, 0x13, 0x0C, 0x2A, 0x64, 0x01, 0x94, 0xB1, 0x63, 0xAB, 0x64, 0x93, 0x15,
    0x63, 0x77, 0x1A, 0x1F, 0x6A, 0xD5, 0x53, 0x3A, 0x17, 0x38, 0xC4, 0x8B, 0x0E, 0xB3, 0xFD, 0xEE,
    0xCB, 0x00, 0x47, 0x6C, 0x76, 0xA7, 0xA6, 0x26, 0x1A, 0x75, 0x94, 0x87, 0x8B, 0x3F, 0x66, 0xCD,
    0x36, 0xE7, 0xDA, 0x77, 0x1E, 0xB8, 0x7C, 0x91, 0xC2, 0xE5, 0xC3, 0x9C, 0x1B, 0x5A, 0x62, 0x3B,
    0x7A, 0x56, 0xC6, 0xD0, 0xFC, 0x9D, 0x92, 0x88, 0xFF, 0x99, 0x67, 0xDF, 0xE3, 0x52, 0xC9, 0x86,
    0xE0, 0x84, 0xB3, 0x94, 0x9C, 0xFC, 0x1A, 0x25, 0xB3, 0xA9, 0x4D, 0xC2, 0x81, 0xC7, 0xC0, 0x87,
    0x14, 0x14, 0x37, 0x89, 0xCF, 0x49, 0x78, 0x8E, 0x14, 0xB8, 0xBC, 0xEE, 0x9A, 0x39, 0xB7, 0xFA,
    0x25, 0xA4, 0xEE, 0x73, 0xB0, 0x2F, 0x5E, 0x39, 0x6D, 0x07, 0xD7, 0x1B, 0xA0, 0xD4, 0xC0, 0x38,
    0x25, 0xF7, 0x62, 0xCD, 0x41, 0x1B, 0x73, 0x76, 0x36, 0x07, 0x27, 0x7E, 0x84, 0x52, 0xC1, 0x0C,
    0xD6, 0x3A, 0x42, 0xC9, 0xC8, 0xD8, 0xFA, 0x3C, 0x56, 0x52, 0x49, 0xFC, 0x1E, 0xD1, 0xF7, 0x95,
    0xE1, 0x36, 0x03, 0xF4, 0x4B, 0xD7, 0xA3, 0x2E, 0xF1, 0xEF, 0x0A, 0x87, 0x2F, 0xDA, 0xCF, 0xA4,
    0xF0, 0x71, 0xD9, 0xA2, 0x96, 0x18, 0x53, 0xAE, 0x8D, 0x54, 0x36, 0x3B, 0x93, 0x8F, 0x02, 0x81,
    0x8E, 0x44, 0x28, 0xFE, 0x92, 0x65, 0x7E, 0x7E, 0x6B, 0x0B, 0xB9, 0xD0, 0x04, 0xF5, 0xAD, 0x26,
    0xA8, 0x04, 0x57, 0xCC, 0xB5, 0x4F, 0x91, 0xF9, 0x92, 0x32, 0x1E, 0xDF, 0x00, 0x70, 0x8D, 0x8C,
    0x3B, 0x55, 0xE4, 0x9B, 0xA4, 0xCD, 0x4A, 0x00, 0xB7, 0x81, 0xB5, 0x18, 0xAF, 0x91, 0x76, 0x1B,
    0x69, 0x7F, 0x48, 0xFA, 0x6B, 0x1B, 0xB8, 0x3E, 0x21, 0x1E, 0xE9, 0x26, 0x45, 0xFB, 0x6C, 0xDE,
    0xD3, 0x08, 0x74, 0x5D, 0xEB, 0xD3, 0x10, 0xB1, 0xBF, 0x49, 0xF4, 0xC8, 0x66, 0x4B, 0x85, 0x1B,
    0xB9, 0x18, 0x19, 0xC7, 0xF7, 0x9B, 0x5B, 0x82, 0x1B, 0x06, 0x8E, 0x68, 0x3E, 0xE2, 0x48, 0xB1,
    0xAB, 0xCB, 0x59, 0xA5, 0x32, 0x14, 0x9B, 0x12, 0x52, 0x5D, 0x74, 0xEC, 0xF3, 0xB6, 0x51, 0x43,
    0x08, 0xBB, 0x21, 0xA4, 0x48, 0xC0, 0x90, 0x7F, 0xB5, 0xD2, 0xAF, 0x2E, 0x28, 0x13, 0x10, 0x7A,
    0xDE, 0xA3, 0xF4, 0x9F, 0xDA, 0xDA, 0x26, 0x86, 0x03, 0xF5, 0xBF, 0x12, 0x3D, 0x46, 0xF4, 0x1D,
    0xA2, 0x7F, 0xDF, 0x42, 0x09, 0x57, 0x76, 0x52, 0xF5, 0x3A, 0x7D, 0xC4, 0x97, 0x6D, 0xA1, 0xC4,
    0x5A, 0xE6, 0x44, 0x1C, 0x41, 0x2B, 0xA7, 0xE2, 0xB5, 0x75, 0x4A, 0xBB, 0x9B, 0x83, 0xAF, 0x31,
    0x7C, 0xE3, 0x4E, 0x86, 0x0F, 0x95, 0x01, 0x7C, 0x68, 0x0D, 0xC3, 0x3F, 0xB3, 0xCD, 0xA5, 0xE3,
    0x8D, 0xE0, 0xED, 0x69, 0x65, 0xF6, 0xB8, 0xCD, 0xB8, 0xF4, 0xF7, 0xAA, 0x82, 0xEC, 0x65, 0xEB,
    0x22, 0xA5, 0x63, 0xBF, 0x46, 0xE2, 0x61, 0xD5, 0x1E, 0xF4, 0x42, 0x80, 0x6F, 0x79, 0x9B, 0x90,
    0x9F, 0xFF, 0x38, 0x95, 0x8E, 0x19, 0x43, 0x2D, 0x78, 0x12, 0x2F, 0x7B, 0x10, 0x92, 0x54, 0xB2,
    0x23, 0x9B, 0xAE, 0xF2, 0x2A, 0x3F, 0xAC, 0x7C, 0x0A, 0xE8, 0x10, 0x87, 0xC5, 0xC3, 0xDB, 0x5A,
    0x95, 0xDD, 0x62, 0x99, 0xAF, 0x17, 0x00, 0x84, 0xCE, 0x69, 0xCB, 0xAF, 0xB7, 0xB5, 0x1D, 0xDB,
    0x54, 0x9A, 0x5C, 0x07, 0xA5, 0x38, 0x0D, 0xA9, 0x23, 0xDD, 0xCE, 0x42, 0xF3, 0x1E, 0x83, 0x7F,
    0xDD, 0xFA, 0x78, 0x90, 0x89, 0xD5, 0xA0, 0xC0, 0x12, 0x78, 0x94, 0x85, 0xEA, 0x6A, 0x89, 0x9E,
    0x3B, 0x77, 0x40, 0x7F, 0xCE, 0x5F, 0xBF, 0xC0, 0x9F, 0xBE, 0xC4, 0x2F, 0x7F, 0xA5, 0x7A, 0x34,
    0xF1, 0xB2, 0xBF, 0x63, 0x53, 0xEB, 0x51, 0x19, 0x37, 0xE1, 0x69, 0x33, 0xAB, 0x32, 0xEB, 0x71,
    0x4B, 0x89, 0xB7, 0x0A, 0x77, 0x5B, 0x36, 0x02, 0xBC, 0x44, 0x4F, 0xCA, 0x97, 0x38, 0xCE, 0x79,
    0x21, 0x55, 0xCD, 0x6F, 0x81, 0x68, 0x86, 0x25, 0xD2, 0x14, 0x34, 0x3D, 0xBD, 0x00, 0x8A, 0xC1,
    0x9A, 0xB8, 0x48, 0x81, 0xB5, 0x85, 0x53, 0xD3, 0x87, 0x9B, 0x82, 0x26, 0x1B, 0xE6, 0xF7, 0xD1,
    0x12, 0xF7, 0xFB, 0xAC, 0x32, 0xF4, 0xD5, 0x53, 0xEA, 0x22, 0xF3, 0x6D, 0xF0, 0x87, 0xBB, 0x31,
    0xD5, 0x37, 0xCF, 0xF2, 0x7C, 0xA7, 0x36, 0x35, 0x5F, 0xBF, 0x46, 0x5E, 0x40, 0x98, 0xB4, 0x8C,
    0xF3, 0xC8, 0x66, 0x6A, 0xE4, 0x3E, 0x8C, 0x44, 0xDA, 0x83, 0xF3, 0x78, 0x8C, 0xB4, 0xBF, 0xDB,
    0x24, 0x8C, 0x2D, 0xD5, 0xEA, 0xFD, 0x28, 0xF8, 0x2F, 0xC0, 0xBF, 0xFF, 0x72, 0x3C, 0x70, 0x6B,
    0x3D, 0x5A, 0xBA, 0x57, 0xB0, 0xF5, 0x9D, 0xFA, 0xE1, 0x3B, 0x2C, 0x32, 0xFF, 0x0D, 0x64, 0x8C,
    0xF5, 0x68, 0xFF, 0x67, 0x5D, 0xF0, 0x3D, 0xE1, 0x92, 0x57, 0xF4, 0xD7, 0x79, 0x37, 0x2C, 0xC7,
    0xDD, 0x59, 0x3B, 0xBB, 0x84, 0x1E, 0xEE, 0x90, 0xF1, 0xF1, 0x28, 0xD7, 0xF3, 0xDF, 0xE3, 0x8A,
    0xE0, 0xCB, 0xD6, 0x4E, 0xB1, 0xA7, 0x65, 0xAD, 0x27, 0x5A, 0xBE, 0x21, 0xD0, 0xEA, 0xF0, 0x1B,
    0xEA, 0x6C, 0xA2, 0x13, 0xD5, 0x3D, 0xC1, 0xC4, 0x1E, 0xDB, 0x3E, 0x62, 0x63, 0xC0, 0xD7, 0xF1,
    0xF2, 0x8F, 0x7E, 0x99, 0x71, 0xAC, 0x59, 0x51, 0xDE, 0xDE, 0xED, 0xA6, 0x56, 0xA4, 0xB7, 0x93,
    0x38, 0x13, 0x3E, 0xCC, 0xDF, 0xC1, 0x90, 0x17, 0x79, 0x4F, 0x66, 0x87, 0xF0, 0x6E, 0x33, 0x7C,
    0x0D, 0x2C, 0xFC, 0x09, 0x12, 0x88, 0x9F, 0x42, 0x88, 0x1F, 0xA2, 0xB6, 0x2C, 0xB0, 0x07, 0xFB,
    0x73, 0x4D, 0x36, 0x2D, 0x7B, 0x8D, 0x81, 0x6B, 0xA5, 0x95, 0x2E, 0xE1, 0x24, 0xFC, 0x1E, 0x8A,
    0xDF, 0xC3, 0xB9, 0xCF, 0xF6, 0xE4, 0x36, 0xB0, 0xC9, 0xF9, 0x6C, 0x65, 0x4D, 0xEF, 0xE2, 0xB2,
    0x9F, 0xE1, 0x3C, 0xD8, 0x26, 0x0E, 0x87, 0x40, 0xE9, 0x7F, 0x6A, 0x6E, 0xD1, 0xED, 0xC0, 0x1E,
    0xE6, 0xA6, 0x1A, 0x96, 0x36, 0x56, 0x4D, 0x62, 0xBD, 0x8F, 0xAA, 0x98, 0x15, 0xB1, 0x02, 0xEB,
    0x74, 0x8E, 0x5D, 0xFC, 0xD7, 0xCB, 0x8D, 0xBA, 0x4C, 0x3F, 0x5A, 0xA0, 0x7D, 0x57, 0x76, 0xF6,
    0xA3, 0xBB, 0xB2, 0xC6, 0x1B, 0xF6, 0xB5, 0x45, 0x55, 0x5C, 0x15, 0x32, 0x5D, 0xF2, 0x62, 0x6D,
    0xB5, 0x8A, 0xDC, 0x38, 0x91, 0x6E, 0x5E, 0x8C, 0xE3, 0x65, 0x45, 0x3F, 0x24, 0xBA, 0x91, 0xBC,
    0x64, 0xA6, 0xBB, 0x1D, 0x60, 0x6F, 0xAF, 0xCC, 0x90, 0xED, 0x80, 0x68, 0xF7, 0xC3, 0xBD, 0x20,
    0xA9, 0xD5, 0xD4, 0x1A, 0xF5, 0x54, 0xB9, 0xF3, 0xE8, 0x0A, 0x60, 0x58, 0xA2, 0xF4, 0x1B, 0x10,
    0xE8, 0x5A, 0x9B, 0x99, 0xCC, 0xA3, 0xB6, 0xF1, 0xA6, 0xA3, 0xFD, 0x6D, 0xF7, 0x63, 0x03, 0x42,
    0xBD, 0xDB, 0x2D, 0x0D, 0xC3, 0x5F, 0xDE, 0x04, 0xEA, 0x2D, 0x6F, 0x84, 0x07, 0xA5, 0x79, 0x9C,
    0x21, 0x71, 0x49, 0x5C, 0xDA, 0x0F, 0x23, 0xAD, 0x18, 0x94, 0x6B, 0x9A, 0x6A, 0x98, 0x6B, 0x63,
    0xF1, 0x55, 0x9A, 0xB7, 0x75, 0x57, 0xFD, 0x0F, 0x6F, 0x08, 0xDF, 0x6C, 0xF3, 0x35, 0x35, 0xDE,
    0xA0, 0x3C, 0x77, 0xBA, 0xE6, 0xEF, 0x15, 0x05, 0x4B, 0x6B, 0x2D, 0x28, 0x23, 0x99, 0xF4, 0xC9,
    0xC1, 0xD2, 0x38, 0xC5, 0xEC, 0x0A, 0xE4, 0xB2, 0xAB, 0x16, 0x14, 0x66, 0xEA, 0x64, 0x33, 0x37,
    0xDB, 0x51, 0x5A, 0xB0, 0xD5, 0x99, 0x6B, 0x73, 0x7A, 0xE3, 0xED, 0x29, 0x62, 0x0F, 0x1A, 0x0E,
    0x5E, 0xF0, 0x3D, 0xC1, 0x97, 0xDB, 0xE0, 0xCA, 0x06, 0x94, 0x14, 0xFF, 0xB9, 0x5B, 0x20, 0x5E,
    0x6A, 0xA2, 0xDF, 0xAF, 0xA4, 0x8D, 0xDB, 0x75, 0x9D, 0xD0, 0x92, 0xDF, 0x72, 0xCD, 0x7B, 0x99,
    0xFE, 0x26, 0x9A, 0x7E, 0xA2, 0x19, 0x05, 0xE9, 0xDD, 0x40, 0xC9, 0x39, 0x45, 0xFB, 0x12, 0x7D,
    0xAB, 0xCD, 0x16, 0x54, 0x05, 0x99, 0x54, 0xBF, 0x4B, 0xF4, 0xB9, 0x03, 0x74, 0xED, 0xC2, 0xD3,
    0x5C, 0x06, 0xA3, 0x43, 0xFE, 0x5D, 0x03, 0xBF, 0x4E, 0x74, 0x33, 0x5E, 0x2D, 0xBA, 0xDD, 0xA6,
    0x9B, 0xAD, 0x6B, 0x17, 0xA4, 0xAF, 0xBA, 0x0C, 0xEE, 0xEA, 0x53, 0xA1, 0xA9, 0x01, 0x35, 0xC3,
    0x25, 0x59, 0x7A, 0x85, 0xAE, 0x04, 0x5D, 0xFA, 0x60, 0x18, 0x0E, 0xD2, 0x03, 0xD6, 0x08, 0x60,
    0xDE, 0x8A, 0x73, 0xAF, 0x62, 0xD6, 0xF6, 0xD1, 0x0F, 0xD5, 0x5D, 0x3C, 0x61, 0x2D, 0xA8, 0xB4,
    0x1F, 0x28, 0x75, 0x9C, 0x1E, 0x6D, 0x73, 0x5F, 0xFE, 0xBD, 0x25, 0xDE, 0x31, 0xEF, 0xC9, 0x53,
    0xAE, 0x2A, 0x95, 0x05, 0xDD, 0xA9, 0x56, 0xB9, 0xC6, 0x3B, 0x14, 0x7A, 0xBF, 0xD1, 0xCF, 0x15,
    0x90, 0x47, 0xFA, 0x4C, 0x44, 0x89, 0xDA, 0x87, 0x20, 0xE8, 0x1F, 0xD4, 0xC8, 0x90, 0x85, 0x2F,
    0x73, 0xAF, 0x35, 0x8E, 0x55, 0x49, 0x81, 0xD8, 0xAD, 0xC7, 0xFD, 0x9B, 0x34, 0x86, 0x7C, 0xA3,
    0x93, 0xF5, 0x37, 0x50, 0xC7, 0xFD, 0x74, 0xCB, 0xE3, 0xB5, 0x61, 0x5D, 0xEE, 0xBD, 0x79, 0x7D,
    0x13, 0x8E, 0x07, 0x37, 0xED, 0x6F, 0xC5, 0x4E, 0x88, 0xC7, 0xE0, 0x5C, 0x4E, 0x44, 0xD1, 0x5C,
    0x46, 0xA8, 0x87, 0x3F, 0x72, 0xE0, 0x50, 0xAD, 0x1A, 0xD0, 0xDE, 0x00, 0x7D, 0xC7, 0xD2, 0xA7,
    0x7F, 0xC0, 0x2E, 0x25, 0xA2, 0xAA, 0x55, 0x99, 0xC4, 0x5F, 0x57, 0x7F, 0x2E, 0x73, 0x0D, 0xBD,
    0xEF, 0x47, 0x7B, 0xE9, 0xF6, 0x18, 0xB4, 0x55, 0x52, 0x10, 0xF8, 0x29, 0x21, 0xC5, 0x2C, 0xDC,
    0xBD, 0xF6, 0x9F, 0xEF, 0x9C, 0xFE, 0x73, 0xD2, 0xBE, 0x41, 0xFA, 0xE7, 0x48, 0xFB, 0x13, 0xA2,
    0x27, 0x25, 0x92, 0xDC, 0x23, 0x11, 0xE9, 0x00, 0x58, 0x1B, 0x52, 0xA6, 0xBA, 0xC6, 0xBA, 0xA6,
    0x14, 0x2C, 0x5D, 0x6F, 0x65, 0x32, 0xC1, 0xC2, 0x27, 0xAD, 0x91, 0x99, 0xE0, 0x4C, 0x3F, 0x1C,
    0x48, 0xC8, 0xE2, 0x96, 0xC1, 0x7E, 0xD9, 0x7B, 0x1B, 0x22, 0xED, 0x24, 0x12, 0x74, 0x2E, 0x84,
    0x6B, 0x8F, 0x91, 0xF6, 0xDD, 0xE9, 0xDF, 0x84, 0xEE, 0x2D, 0xFC, 0xF8, 0xDC, 0xD3, 0xEC, 0xC3,
    0xA5, 0xA1, 0xB2, 0xDF, 0x6A, 0xC9, 0xD5, 0x75, 0xBB, 0x61, 0xE1, 0x3F, 0xBD, 0x1B, 0xAF, 0x7D,
    0x54, 0xB4, 0x75, 0xB5, 0x57, 0xAC, 0xE5, 0xD5, 0xB4, 0x4B, 0x7D, 0x12, 0x62, 0x99, 0x91, 0xBB,
    0x01, 0x7E, 0x91, 0x9D, 0x5E, 0xF7, 0x4B, 0x1F, 0xEC, 0xE9, 0x0D, 0x6A, 0x97, 0xBA, 0x8F, 0x46,
    0xA1, 0xC9, 0x19, 0xBA, 0xF1, 0xE9, 0x24, 0x04, 0x66, 0xE1, 0x64, 0x82, 0x3E, 0x41, 0x07, 0xD4,
    0x71, 0xF5, 0x2A, 0x5F, 0xCA, 0x76, 0x7B, 0x37, 0xCE, 0x27, 0x2C, 0xD2, 0x77, 0x67, 0x28, 0xFC,
    0xE4, 0x13, 0xB4, 0xFB, 0xE6, 0x2F, 0xC9, 0xD9, 0x77, 0xD7, 0x13, 0x14, 0xBC, 0xAB, 0x4C, 0xFA,
    0xC5, 0xCE, 0x07, 0xCB, 0xB8, 0xF6, 0x04, 0x42, 0x8E, 0x3E, 0xBA, 0x6E, 0x61, 0x81, 0x32, 0x4F,
    0x8C, 0xC8, 0xE9, 0xF7, 0xC7, 0x74, 0x4C, 0x2F, 0x23, 0x73, 0xFA, 0x7B, 0xD2, 0x1E, 0xDF, 0x58,
    0x37, 0x70, 0x4A, 0x02, 0x42, 0x04, 0x44, 0x5F, 0xEF, 0xBA, 0xB8, 0xFC, 0x31, 0xE8, 0xBA, 0x09,
    0x50, 0xBE, 0x48, 0x67, 0x4F, 0xA9, 0x39, 0x87, 0x26, 0x3F, 0x70, 0xD2, 0xAE, 0x1D, 0x7F, 0x50,
    0x26, 0x2F, 0xC2, 0x64, 0xB4, 0x9E, 0x62, 0x4A, 0x34, 0xB9, 0xAD, 0x06, 0x69, 0x8A, 0x51, 0xA7,
    0xD8, 0x73, 0x34, 0x98, 0xA3, 0x42, 0x44, 0xCD, 0x1A, 0x76, 0x59, 0xB7, 0x4B, 0x64, 0xDB, 0x64,
    0x3B, 0x8E, 0xFD, 0xA3, 0xF7, 0xD9, 0xC6, 0x0E, 0x8B, 0x8F, 0x8F, 0xD4, 0x39, 0x96, 0x1A, 0xD3,
    0x38, 0x6F, 0x39, 0x4A, 0xD6, 0xE4, 0x1D, 0x76, 0xDA, 0x55, 0xFA, 0x32, 0x43, 0xC0, 0xFC, 0x63,
    0x62, 0x33, 0x67, 0x9B, 0xF5, 0xD5, 0x8F, 0x4F, 0x13, 0xCE, 0x36, 0xF6, 0x44, 0x6F, 0xA8, 0x60,
    0xFF, 0x7F, 0xD4, 0xA3, 0x3C, 0xE8, 0x15, 0x9A, 0x27, 0xBD, 0x42, 0x73, 0xF6, 0xA2, 0x4D, 0xD4,
    0x5B, 0xED, 0xD4, 0xC5, 0x9C, 0xA2, 0xE0, 0x7E, 0x14, 0x52, 0xB8, 0x5E, 0x4D, 0x78, 0xBD, 0x1E,
    0x1C, 0xDF, 0x03, 0x1E, 0x24, 0xED, 0x8B, 0x44, 0x5F, 0xF4, 0x31, 0xAF, 0xDB, 0xEB, 0x78, 0x05,
    0xE5, 0x7F, 0x85, 0xF2, 0xBF, 0x4A, 0x85, 0xDD, 0x34, 0x76, 0x45, 0x5B, 0xAF, 0xA3, 0xEE, 0x17,
    0xBC, 0x06, 0x78, 0x97, 0xBE, 0xDC, 0xD9, 0xFC, 0xD4, 0x6D, 0xEC, 0xBF, 0xB5, 0xDB, 0x45, 0xD8,
    0xBA, 0xEC, 0xFF, 0xE7, 0xD6, 0xF6, 0xC2, 0x16, 0xEF, 0xE6, 0xB8, 0xDC, 0x8D, 0x28, 0x3D, 0xE9,
    0x39, 0x09, 0x3C, 0xC5, 0x8E, 0x87, 0xB3, 0xDF, 0x58, 0x6A, 0xAB, 0xED, 0x26, 0xDD, 0x80, 0x97,
    0x7B, 0x32, 0x4D, 0xA7, 0xD9, 0x6D, 0xB3, 0x49, 0x8A, 0x87, 0xD9, 0x1B, 0xE7, 0x26, 0x39, 0x2A,
    0x08, 0xF7, 0x84, 0x2E, 0xAD, 0xDA, 0x8E, 0x14, 0x6E, 0x74, 0xEE, 0x9D, 0x09, 0x26, 0x3B, 0x37,
    0x0F, 0xF8, 0xB7, 0x58, 0x5E, 0xA4, 0x7C, 0x33, 0x0D, 0x34, 0x19, 0x58, 0xC7, 0x45, 0xE8, 0xCF,
    0x91, 0x99, 0x1D, 0xEC, 0x79, 0x50, 0x34, 0x00, 0x76, 0xA4, 0xC0, 0x8D, 0x24, 0x98, 0x91, 0x8C,
    0xA5, 0x7A, 0xDA, 0xAB, 0x90, 0x90, 0xD2, 0x7B, 0xC5, 0xDF, 0xBE, 0xA7, 0x23, 0x5D, 0x34, 0x15,
    0x60, 0xA0, 0x76, 0x3F, 0xE9, 0x7D, 0x97, 0xDE, 0x84, 0x75, 0x38, 0x3B, 0x58, 0x67, 0x13, 0xD6,
    0xEB, 0xD4, 0xD1, 0x85, 0x49, 0xD2, 0xBA, 0x43, 0xC6, 0x97, 0xB7, 0xF9, 0x3E, 0x17, 0x96, 0xBA,
    0x5C, 0x11, 0x10, 0xB7, 0x6B, 0x0B, 0x0D, 0x01, 0x60, 0x0C, 0xE8, 0xD3, 0x30, 0xDF, 0x41, 0x47,
    0x6E, 0x1C, 0xDE, 0x1E, 0x3C, 0xCA, 0xD3, 0x52, 0x11, 0xF8, 0xE6, 0xF6, 0xE0, 0x76, 0xE1, 0xEA,
    0xD5, 0x7E, 0x57, 0x86, 0x9D, 0x67, 0x83, 0xD9, 0xE2, 0x6B, 0x50, 0xCF, 0x20, 0x6B, 0xAD, 0x9B,
    0xD6, 0xAF, 0xE2, 0xCD, 0x95, 0xB3, 0xB5, 0x8F, 0xE0, 0xF0, 0xBA, 0xF2, 0xB6, 0xE1, 0xAE, 0x10,
    0xB1, 0x86, 0x1A, 0xE3, 0xD2, 0x0B, 0xFF, 0x6F, 0xEE, 0x64, 0x59, 0x2B, 0x95, 0xDF, 0xC3, 0x82,
    0xF4, 0xA6, 0xDD, 0x59, 0xAC, 0x87, 0xE2, 0x72, 0x82, 0x5A, 0x5D, 0x8B, 0x29, 0xBA, 0xBE, 0x8B,
    0xE1, 0xB2, 0x43, 0x06, 0xA9, 0x50, 0xA4, 0xB1, 0x6C, 0x8F, 0x6F, 0x7C, 0x90, 0xD6, 0x14, 0x58,
    0xAD, 0x17, 0x61, 0xB6, 0x1E, 0x6D, 0xF3, 0x68, 0x4C, 0x9C, 0x7F, 0x21, 0xE9, 0xB6, 0x61, 0xD3,
    0x28, 0xF8, 0x7A, 0x80, 0xEB, 0xA2, 0x35, 0xFE, 0x9E, 0xAC, 0xE3, 0x32, 0xC5, 0x6D, 0x93, 0x77,
    0x39, 0xB7, 0x50, 0xDC, 0x4E, 0x48, 0xB5, 0xA4, 0xD0, 0x2C, 0x95, 0x64, 0xBB, 0xEF, 0xA4, 0x09,
    0xC8, 0x5D, 0x94, 0xF8, 0xFF, 0x94, 0xAC, 0xD4, 0xEA, 0xB2, 0x0B, 0xC7, 0x0B, 0x2E, 0x6B, 0xCD,
    0x30, 0xB6, 0x53, 0x4F, 0x9B, 0x92, 0xB7, 0x2D, 0x6E, 0xE0, 0x92, 0xEE, 0x16, 0xAC, 0x1A, 0xC0,
    0xE0, 0x94, 0x71, 0x86, 0x92, 0xC6, 0xFD, 0x70, 0xB9, 0x0D, 0xB8, 0x5B, 0xD5, 0x9D, 0xDB, 0x7E,
    0x05, 0x70, 0x8C, 0x04, 0xDC, 0x36, 0xC6, 0x46, 0x1E, 0xA2, 0xA4, 0xC6, 0xF6, 0x74, 0x14, 0x9F,
    0x47, 0xD6, 0xBB, 0xD3, 0xD6, 0x4B, 0x75, 0x74, 0x51, 0x02, 0xA9, 0xA5, 0x53, 0xE4, 0x69, 0x6A,
    0xF5, 0xFE, 0xEA, 0xD2, 0xF4, 0x60, 0xDC, 0xBD, 0x9D, 0xAE, 0x11, 0x6B, 0x41, 0xA0, 0x7B, 0x13,
    0x69, 0x0B, 0x12, 0xCD, 0x7F, 0x77, 0x53, 0xCD, 0x55, 0x01, 0xDF, 0x89, 0xF4, 0x81, 0x7D, 0xA1,
    0x83, 0xDE, 0x8D, 0x30, 0x5A, 0xEF, 0xE2, 0xA4, 0x8C, 0xDA, 0x67, 0xA5, 0x81, 0x20, 0x5A, 0x0E,
    0xD7, 0xC2, 0x9C, 0xB0, 0x35, 0x1F, 0x15, 0x79, 0x94, 0x69, 0x26, 0x93, 0xF8, 0x6C, 0x79, 0x58,
    0x5D, 0xEA, 0x8A, 0x00, 0x68, 0x1C, 0x2D, 0x71, 0x2B, 0xB0, 0xA6, 0x42, 0x94, 0xB6, 0x75, 0x3A,
    0x56, 0xD2, 0x71, 0x81, 0xDE, 0x65, 0x4D, 0x30, 0x00, 0xC2, 0x46, 0xAB, 0x5C, 0xAE, 0xD3, 0x54,
    0x70, 0x0B, 0x70, 0xB6, 0x5C, 0x9B, 0xFC, 0x0E, 0x20, 0xFC, 0x3E, 0x71, 0x24, 0xE6, 0x19, 0xB9,
    0x12, 0x79, 0x39, 0x79, 0xC6, 0x77, 0xB9, 0x8A, 0xF6, 0x31, 0x93, 0xA4, 0xCE, 0xAE, 0xA9, 0x70,
    0xDA, 0x09, 0x4F, 0xD6, 0xA8, 0x7C, 0x94, 0xEC, 0x2C, 0xD9, 0x03, 0x54, 0x1D, 0xA2, 0xA5, 0x15,
    0xCA, 0xBD, 0x26, 0x85, 0xDB, 0x31, 0xE8, 0x23, 0xE0, 0x6A, 0x42, 0xED, 0x4C, 0x82, 0x3E, 0x5B,
    0xA6, 0x61, 0xD5, 0xF5, 0xC0, 0x04, 0x6B, 0xF6, 0x3E, 0xF6, 0x25, 0x72, 0x03, 0x40, 0xB4, 0x55,
    0x8E, 0x96, 0x88, 0x2B, 0xBC, 0xC1, 0x6A, 0x67, 0x82, 0x75, 0x61, 0x5F, 0xB9, 0x03, 0x4A, 0xB8,
    0x6B, 0x28, 0x97, 0x94, 0x3C, 0xE3, 0x36, 0x1A, 0xE8, 0xAB, 0x53, 0x2A, 0x3C, 0x43, 0x49, 0x50,
    0x3B, 0x69, 0xF0, 0x0D, 0xF6, 0xAC, 0xEA, 0xD6, 0xC5, 0x6F, 0x86, 0x97, 0xCA, 0x9A, 0x90, 0x35,
    0x24, 0x99, 0x6A, 0xCA, 0x5E, 0xEB, 0xF6, 0xE8, 0x6B, 0x57, 0xE3, 0xED, 0xBE, 0x47, 0x7C, 0xA6,
    0xAD, 0x1E, 0xF2, 0x90, 0x98, 0x86, 0x81, 0x6D, 0xC5, 0xF8, 0x0B, 0xAD, 0x1B, 0xDF, 0xEC, 0xBE,
    0xFD, 0xE3, 0x7F, 0x01, 0x25, 0x8B, 0x21, 0x0E, 0x83, 0x40, 0x10, 0x45, 0x7F, 0x98, 0xA4, 0x6D,
    0x20, 0x05, 0x55, 0xD7, 0x64, 0xB9, 0x00, 0x59, 0x83, 0x86, 0x71, 0xB5, 0x35, 0xDC, 0x83, 0x23,
    0xAC, 0xAF, 0xE9, 0x81, 0x4A, 0x76, 0x93, 0x8A, 0x8A, 0x1A, 0x8E, 0xC0, 0x11, 0x46, 0x54, 0x20,
    0x36, 0xD9, 0xEE, 0xC2, 0x53, 0xFF, 0xBF, 0xF9, 0x13, 0x24, 0xC8, 0x65, 0x18, 0xEE, 0x7D, 0x08,
    0x0B, 0x22, 0x31, 0x0F, 0x7B, 0x8D, 0x08, 0x76, 0x32, 0x2E, 0xD1, 0x62, 0xC4, 0x04, 0x8B, 0x2E,
    0xF6, 0x12, 0xDA, 0x28, 0x47, 0x86, 0x38, 0x8F, 0x3E, 0xA1, 0x58, 0xBB, 0x2A, 0x19, 0x34, 0xA8,
    0xE3, 0xFE, 0x59, 0x92, 0x69, 0xCF, 0x18, 0xAF, 0x98, 0x34, 0x5B, 0xED, 0xBA, 0xCA, 0xA4, 0x3F,
    0x32, 0xFA, 0xB1, 0xA8, 0x8F, 0x90, 0x59, 0x88, 0xE7, 0x3C, 0x4B, 0x9B, 0x1D, 0x75, 0x9B, 0xF5,
    0x57, 0xAA, 0xF7, 0x76, 0x82, 0x6B, 0x0A, 0xAE, 0x4F, 0x38, 0x70, 0x2F, 0x76, 0x0D, 0x3E, 0x78,
    0xBB, 0xF6, 0x92, 0x9B, 0x6D, 0xE9, 0x33, 0x39, 0x3A, 0x4F, 0xBF, 0x62, 0x7E, 0xA5, 0xB4, 0xB9,
    0x3F, 0xC5, 0x5A, 0x51, 0x6C, 0x23, 0x47, 0x19, 0xFE, 0x77, 0xD7, 0xF1, 0x26, 0x59, 0xC7, 0x6B,
    0xD4, 0xA8, 0xA4, 0x5C, 0x52, 0x9F, 0xD4, 0x7B, 0x88, 0xC0, 0x17, 0xBB, 0x92, 0x01, 0x5F, 0xB1,
    0xBD, 0xC3, 0x15, 0xF1, 0x72, 0x0F, 0x8D, 0x04, 0x3C, 0xD0, 0x22, 0xF5, 0x2A, 0x15, 0x89, 0x43,
    0xC0, 0x59, 0x28, 0xA0, 0x48, 0xBD, 0x3B, 0x6F, 0x0B, 0xEA, 0x03, 0x7D, 0xC0, 0x95, 0xAA, 0x52,
    0x51, 0x24, 0x82, 0x80, 0x17, 0xFA, 0x70, 0x79, 0x38, 0xA1, 0x08, 0xDD, 0xE1, 0xA5, 0x7D, 0x40,
    0xE2, 0x85, 0xA5, 0x27, 0xD1, 0x87, 0x4A, 0xB0, 0xC0, 0xA1, 0x1E, 0x2D, 0x90, 0x95, 0x6A, 0x09,
    0xE7, 0xCE, 0xF1, 0xF2, 0xFD, 0x33, 0xBB, 0x8E, 0x73, 0x4D, 0x2E, 0x71, 0x92, 0xB6, 0xBB, 0x99,
    0x59, 0xDB, 0x3B, 0xF3, 0xCD, 0xCC, 0x37, 0xFF, 0xFF, 0xCF, 0xFF, 0xCF, 0x84, 0x48, 0x5D, 0xBA,
    0x40, 0x66, 0xBA, 0x32, 0x2B, 0x11, 0x19, 0x1E, 0x32, 0x9D, 0x33, 0xCD, 0xAB, 0xF0, 0xA7, 0x3A,
    0x69, 0x6D, 0x61, 0x47, 0x51, 0x97, 0xF4, 0xE8, 0x96, 0x88, 0x2B, 0x51, 0x0A, 0x29, 0xBB, 0x80,
    0xCC, 0x9E, 0x43, 0xA6, 0xF9, 0xFC, 0x5B, 0x10, 0xBF, 0x2B, 0x25, 0x99, 0xE0, 0x8C, 0x51, 0x0C,
    0x97, 0x51, 0x7C, 0xA0, 0x6C, 0x44, 0x8C, 0x52, 0x8C, 0x4B, 0x6A, 0x48, 0xC6, 0x23, 0x00, 0x35,
    0x9F, 0xE3, 0x6F, 0x4B, 0xFC, 0xDB, 0x12, 0x6D, 0x5D, 0x93, 0xC0, 0x4F, 0xFE, 0x4C, 0x41, 0x06,
    0xD1, 0x31, 0x72, 0x36, 0xC9, 0x69, 0xC5, 0xB5, 0x51, 0x17, 0x35, 0xB9, 0x9E, 0xAA, 0xA5, 0x13,
    0x59, 0x44, 0x53, 0x44, 0x75, 0x72, 0xA2, 0x8E, 0xF3, 0x7C, 0x47, 0x15, 0xD3, 0x7E, 0xEF, 0x19,
    0xD7, 0x5D, 0xFA, 0x1A, 0x51, 0x95, 0x7F, 0x48, 0x2F, 0x12, 0x5E, 0x0B, 0xBA, 0xD4, 0x8E, 0x82,
    0x9C, 0x19, 0xF9, 0x54, 0xBC, 0x41, 0xB4, 0x89, 0x9E, 0x60, 0x14, 0x26, 0x71, 0xFD, 0x14, 0xCD,
    0x4C, 0x55, 0x69, 0x7A, 0xA1, 0x40, 0xD3, 0x63, 0x1E, 0xCD, 0xE8, 0x3E, 0x63, 0x92, 0xE5, 0xD2,
    0xA2, 0x11, 0x45, 0x01, 0x35, 0xFB, 0xB2, 0xB5, 0x3C, 0xAA, 0x49, 0x20, 0x2A, 0x17, 0xFB, 0x2B,
    0x68, 0x1D, 0x50, 0x94, 0xDF, 0xC0, 0xF7, 0xB5, 0x59, 0x26, 0x32, 0xCB, 0x03, 0xB8, 0x27, 0xA2,
    0x4C, 0x39, 0x6C, 0xD3, 0xCC, 0xDA, 0x2A, 0xD1, 0xF4, 0x47, 0x51, 0x63, 0xC6, 0x42, 0x89, 0x59,
    0x06, 0xB0, 0x85, 0xE6, 0x12, 0x10, 0x41, 0x7E, 0xBB, 0x93, 0x8C, 0xF9, 0x8B, 0xCC, 0x09, 0xFF,
    0x64, 0xBE, 0x13, 0x72, 0xE7, 0x65, 0x5B, 0xC5, 0x5B, 0xDC, 0x1E, 0xFA, 0x68, 0x6E, 0x70, 0x93,
    0x78, 0xEB, 0xDC, 0x18, 0xB0, 0xA4, 0xBD, 0xE6, 0xA1, 0xCA, 0x75, 0x9E, 0xC2, 0x6F, 0xF0, 0xF7,
    0xC2, 0x0E, 0x50, 0x1D, 0x86, 0x6A, 0xF3, 0xF4, 0xE5, 0x19, 0xB0, 0xC8, 0x50, 0x5D, 0x9F, 0xA1,
    0x9A, 0x21, 0xA0, 0xAC, 0x70, 0x0F, 0xA8, 0x94, 0xE4, 0xEE, 0xCB, 0x42, 0xBF, 0xEE, 0x69, 0xAF,
    0x26, 0x52, 0xA0, 0x26, 0x06, 0xB4, 0x18, 0x1E, 0x04, 0x85, 0x08, 0xC3, 0xC7, 0xCC, 0x78, 0x90,
    0x1C, 0xCC, 0x38, 0xE5, 0xA9, 0xB9, 0x49, 0xF9, 0xCE, 0xFE, 0xAB, 0x43, 0x7E, 0xAE, 0x11, 0xFD,
    0x77, 0x87, 0xEA, 0x39, 0xA2, 0x06, 0xD1, 0x67, 0x04, 0x7D, 0xD2, 0xD3, 0x30, 0x9E, 0xD4, 0x88,
    0xAD, 0xEF, 0xAB, 0xFA, 0xEE, 0xAD, 0xC7, 0x17, 0x8A, 0x92, 0xC6, 0xB3, 0xCD, 0x3F, 0xCB, 0x0F,
    0x06, 0x4B, 0xBC, 0x21, 0xF5, 0x87, 0x4B, 0xEA, 0x91, 0x2C, 0xE6, 0x31, 0x8F, 0x92, 0xCF, 0x0A,
    0x6B, 0xC1, 0x2C, 0xB7, 0x9D, 0xA1, 0x53, 0xA4, 0xAD, 0x51, 0x91, 0xA5, 0x27, 0x1D, 0x6D, 0x6C,
    0x81, 0xA6, 0x59, 0x73, 0x9A, 0xA8, 0x62, 0x61, 0x46, 0xA8, 0x8D, 0x26, 0x8C, 0x6E, 0xA2, 0x8F,
    0x86, 0x6C, 0xBE, 0x7D, 0x07, 0xE8, 0xF2, 0x76, 0xD0, 0xDF, 0x32, 0xE8, 0x3B, 0x5D, 0x80, 0x02,
    0x9F, 0xAF, 0x0B, 0x64, 0x75, 0x01, 0x64, 0x75, 0xA8, 0x28, 0xD0, 0x03, 0x72, 0x5C, 0xD9, 0xE1,
    0x8B, 0x2C, 0x6E, 0x3C, 0x56, 0xE6, 0xC9, 0xA7, 0x63, 0x9E, 0x13, 0x6D, 0xC9, 0x10, 0x14, 0x39,
    0x8D, 0xF6, 0x9B, 0x01, 0x99, 0x78, 0x14, 0x5D, 0xA5, 0x28, 0xFC, 0x94, 0x03, 0xBB, 0x24, 0x65,
    0x95, 0x64, 0x6D, 0xAE, 0xCE, 0xE9, 0x58, 0x07, 0xC2, 0xD3, 0xF4, 0x9C, 0x1B, 0xB2, 0x6B, 0xBA,
    0x14, 0x52, 0xFE, 0xC0, 0xE5, 0xCF, 0x9F, 0x71, 0xC9, 0xFC, 0x27, 0x18, 0xCA, 0x1E, 0x15, 0x55,
    0x6E, 0x5C, 0x5A, 0x63, 0x96, 0xF2, 0x2F, 0xFA, 0xA4, 0x6D, 0x80, 0x34, 0xE3, 0xE5, 0x23, 0x21,
    0x2D, 0x47, 0x1A, 0xC8, 0x72, 0xF5, 0xCE, 0x85, 0xE2, 0x99, 0xEE, 0x95, 0x11, 0xA8, 0x63, 0x41,
    0xBA, 0x8A, 0x76, 0x58, 0x74, 0x16, 0xC8, 0xFA, 0xF3, 0x26, 0xD5, 0x0E, 0x4C, 0xA1, 0xE5, 0x65,
    0x44, 0xD6, 0xB5, 0xDC, 0x14, 0x86, 0x61, 0x06, 0x66, 0x37, 0x53, 0x3B, 0x71, 0x7F, 0xC9, 0x6E,
    0x98, 0xE5, 0x39, 0xA7, 0x67, 0x07, 0x6A, 0x20, 0xB0, 0x7F, 0xC6, 0x0B, 0xA4, 0x07, 0xA4, 0xC3,
    0x70, 0x66, 0x79, 0xDA, 0xB4, 0x88, 0xAC, 0xE7, 0x68, 0xD6, 0xA2, 0x92, 0x49, 0x75, 0x13, 0xA3,
    0x12, 0xFA, 0xBB, 0xA0, 0x02, 0x83, 0x1A, 0x43, 0x95, 0xFB, 0x31, 0xB6, 0x3C, 0xAC, 0x13, 0xD2,
    0xB3, 0x59, 0xD2, 0xFE, 0x90, 0x55, 0x62, 0x3F, 0x0F, 0x1B, 0xB9, 0x82, 0xB4, 0x06, 0x63, 0x37,
    0x0E, 0xCC, 0x27, 0x79, 0x5E, 0x38, 0xE9, 0x22, 0x87, 0xD4, 0x8C, 0x22, 0x6A, 0x2A, 0xE2, 0x53,
    0x6A, 0x6A, 0x54, 0x66, 0xB8, 0xC8, 0xC6, 0xCF, 0x62, 0x58, 0x53, 0x8D, 0x42, 0x6C, 0x1C, 0x34,
    0x0F, 0x59, 0x9A, 0x3F, 0x99, 0x2E, 0x9B, 0xB4, 0xD6, 0x2C, 0xE5, 0xD2, 0x62, 0x96, 0xD9, 0xCE,
    0x28, 0xB6, 0x6B, 0x44, 0xDF, 0x64, 0xB6, 0xA3, 0x30, 0x1D, 0xDD, 0x3A, 0xCD, 0x93, 0x81, 0x72,
    0x13, 0x82, 0x1E, 0x70, 0x2F, 0x94, 0x47, 0x15, 0x54, 0x36, 0xCE, 0x3A, 0x74, 0x7C, 0x3C, 0x58,
    0xA0, 0xB9, 0x43, 0x09, 0xAC, 0xC6, 0x6A, 0x8C, 0xE7, 0x25, 0xA0, 0x85, 0x24, 0xF5, 0xDF, 0x60,
    0x6D, 0x04, 0x61, 0x66, 0x8B, 0x4A, 0x30, 0x9A, 0x25, 0x6A, 0xFB, 0x18, 0xC0, 0x4A, 0x03, 0x2F,
    0xAB, 0x94, 0x17, 0xC5, 0x57, 0x7A, 0x64, 0xC3, 0xC0, 0x6B, 0x4F, 0xC6, 0x3A, 0x93, 0xC3, 0x57,
    0x94, 0x92, 0x19, 0xA4, 0xBE, 0xC1, 0x5D, 0x58, 0xE2, 0x11, 0x57, 0x99, 0xFF, 0xE2, 0xDB, 0x97,
    0x7D, 0xB2, 0x22, 0x96, 0xCF, 0x73, 0x62, 0x3F, 0x8B, 0x19, 0x3A, 0x61, 0x91, 0xFD, 0x43, 0x61,
    0xA6, 0x77, 0x5F, 0xC9, 0xD0, 0xEF, 0x87, 0x5D, 0xF3, 0x4D, 0xCF, 0x78, 0x66, 0xB0, 0x0E, 0x67,
    0xE4, 0x24, 0x2D, 0xF3, 0x0A, 0x8C, 0xC1, 0xC6, 0x7F, 0xAE, 0xFC, 0xE3, 0x26, 0xAA, 0x93, 0x74,
    0xAD, 0x47, 0xF3, 0x1F, 0x91, 0xDC, 0xF1, 0x2F, 0xEA, 0x55, 0x52, 0x52, 0x0B, 0xB8, 0x2E, 0x23,
    0x64, 0x14, 0x9C, 0xEA, 0xCB, 0xB2, 0x32, 0x8D, 0x82, 0x35, 0xCA, 0x18, 0xFA, 0x83, 0x69, 0xA4,
    0xEF, 0x97, 0xE8, 0x62, 0x8F, 0xFC, 0x25, 0x7D, 0xE8, 0x77, 0x53, 0xFE, 0xA1, 0xBC, 0x2D, 0xEB,
    0x0E, 0x70, 0xB6, 0x2E, 0x57, 0x3D, 0xBC, 0x6D, 0xDF, 0x3E, 0xA7, 0x1E, 0xE3, 0x6A, 0x64, 0xE7,
    0x34, 0x9A, 0x46, 0x37, 0x6F, 0x9A, 0x4A, 0xE0, 0x2C, 0x18, 0x32, 0x39, 0xE5, 0x3C, 0xB1, 0x39,
    0x53, 0x54, 0xB0, 0x7E, 0xAD, 0x1A, 0x78, 0x64, 0xB7, 0x3D, 0x2E, 0x51, 0x03, 0x72, 0x69, 0xAC,
    0xCB, 0x47, 0x16, 0x7A, 0xA0, 0xBB, 0x95, 0x13, 0xF2, 0x31, 0x5F, 0x31, 0xE5, 0xC3, 0x79, 0x85,
    0x4A, 0x9A, 0x3B, 0x6F, 0xDD, 0x16, 0xCB, 0xF8, 0x46, 0x5F, 0x80, 0x28, 0xD2, 0x3C, 0x2C, 0xC4,
    0x8F, 0x36, 0xE9, 0x04, 0x2D, 0x1E, 0x73, 0xD7, 0xCE, 0x5A, 0x9E, 0x6C, 0xF1, 0xB8, 0xE9, 0x9F,
    0x3A, 0x9E, 0x0E, 0x6A, 0x43, 0xDD, 0x76, 0x3A, 0x4E, 0x87, 0x84, 0xDE, 0xBA, 0x67, 0xF1, 0xD7,
    0xE1, 0xC2, 0xC0, 0xB9, 0x29, 0xC9, 0xE5, 0x44, 0x4E, 0x38, 0x15, 0x5F, 0x86, 0x04, 0x08, 0xED,
    0x17, 0x3C, 0x82, 0xD6, 0xC2, 0xE2, 0xBD, 0xBE, 0x84, 0x5A, 0xB4, 0x5C, 0xC9, 0x43, 0x2E, 0x1D,
    0x9C, 0xBC, 0x03, 0x4E, 0xA7, 0x09, 0x37, 0xEB, 0x99, 0x6E, 0x41, 0xBA, 0x5E, 0x63, 0x5E, 0xDA,
    0x33, 0x5A, 0x77, 0x96, 0x49, 0xEA, 0xCB, 0xCF, 0xC3, 0x38, 0x82, 0x5A, 0xF7, 0xB6, 0xEA, 0x4C,
    0x5F, 0x4E, 0x2B, 0x3D, 0xD0, 0xF8, 0x78, 0x6B, 0x7B, 0xBD, 0x99, 0xAF, 0x3F, 0x53, 0x03, 0xE8,
    0xA4, 0x3F, 0x7E, 0xDC, 0xF4, 0x86, 0x5F, 0xC0, 0xBE, 0x59, 0x3D, 0x9A, 0xCA, 0xF0, 0xC0, 0x4F,
    0x92, 0xB0, 0xD7, 0xFD, 0x62, 0xDF, 0x3D, 0x47, 0x74, 0x5F, 0xAA, 0xD9, 0x05, 0x28, 0xD4, 0xC1,
    0xF0, 0xB6, 0x6E, 0x7D, 0x70, 0x6B, 0xC9, 0xED, 0x26, 0x25, 0x49, 0x18, 0x6E, 0x72, 0xEB, 0x7C,
    0xC7, 0xA5, 0x88, 0x6F, 0x1F, 0xCE, 0xCA, 0x82, 0x86, 0xB5, 0xB3, 0x44, 0xA7, 0x44, 0x51, 0x1C,
    0x87, 0x11, 0xB2, 0x87, 0x6E, 0x6B, 0x70, 0x9B, 0xF1, 0xCD, 0xB2, 0xAE, 0x4A, 0x2F, 0xA0, 0xB4,
    0x86, 0x49, 0x4D, 0xEE, 0x49, 0xDC, 0x49, 0x49, 0x83, 0x6F, 0x01, 0x13, 0xBF, 0xC6, 0x92, 0x5A,
    0x87, 0x52, 0x12, 0x7D, 0x57, 0x2A, 0xF9, 0x97, 0x60, 0x02, 0x04, 0xDD, 0xF6, 0xF4, 0xA7, 0x03,
    0x03, 0xF2, 0x40, 0x65, 0xC3, 0x5D, 0xD2, 0xA3, 0x0E, 0xB5, 0x97, 0xE4, 0xFC, 0xC0, 0x3A, 0xC0,
    0x7A, 0x08, 0xB3, 0x3B, 0x60, 0x09, 0x95, 0xE9, 0x67, 0x24, 0x11, 0xC8, 0x41, 0x62, 0x7A, 0xEF,
    0x8B, 0xD7, 0x90, 0xB7, 0x7C, 0xD2, 0x5D, 0x36, 0xB2, 0x0D, 0xA4, 0x32, 0xBC, 0xC1, 0x13, 0x30,
    0xAF, 0x58, 0xA7, 0x8A, 0xBC, 0x56, 0x35, 0x94, 0x7F, 0x0B, 0x5A, 0xD9, 0xE1, 0x4B, 0x10, 0xA7,
    0x21, 0x02, 0x5B, 0x77, 0x61, 0x70, 0xCF, 0xC6, 0xF7, 0x0C, 0x3A, 0x5C, 0xA7, 0x27, 0xD0, 0xDB,
    0x4B, 0xB4, 0x88, 0xCF, 0x95, 0xC1, 0x3D, 0x8F, 0x3B, 0x29, 0x99, 0xC1, 0x3D, 0x45, 0x76, 0xA0,
    0x07, 0x1A, 0xD9, 0xEE, 0x8C, 0x98, 0x73, 0xF3, 0xEE, 0x34, 0x0B, 0x94, 0x48, 0xC1, 0x48, 0x15,
    0x61, 0xA4, 0x1E, 0x84, 0x91, 0x7A, 0x08, 0x46, 0xAA, 0x6E, 0xB0, 0x2C, 0xEC, 0xCF, 0x48, 0xA5,
    0x92, 0x25, 0x99, 0x1E, 0xE4, 0xEC, 0xA1, 0x64, 0xF8, 0xEC, 0x0D, 0x8D, 0x6A, 0xBD, 0x84, 0x11,
    0xA4, 0x73, 0xE6, 0x59, 0x33, 0x18, 0x63, 0x26, 0x42, 0xDC, 0x4B, 0x72, 0x14, 0x0D, 0x27, 0xA8,
    0x0B, 0x5E, 0x3F, 0x07, 0x6B, 0xD3, 0x0D, 0xE9, 0x0A, 0x4C, 0x4B, 0x25, 0x09, 0x18, 0x19, 0x1E,
    0x66, 0xCD, 0x72, 0xA7, 0xAB, 0xF2, 0x2A, 0xF0, 0x35, 0x8B, 0x6B, 0x66, 0x6F, 0x2E, 0xE8, 0x50,
    0xF1, 0xC9, 0xC0, 0xDC, 0x18, 0xE1, 0x20, 0x3E, 0x19, 0x29, 0x34, 0x91, 0x17, 0xCF, 0xBA, 0x26,
    0xE7, 0x7A, 0x75, 0xF8, 0xC7, 0x3B, 0x09, 0x90, 0x6D, 0x19, 0xA1, 0x6C, 0xE5, 0x3D, 0x43, 0x8F,
    0x6B, 0xAD, 0xB0, 0x93, 0x41, 0xB1, 0x9B, 0x7D, 0xBC, 0x7C, 0xB5, 0x57, 0x39, 0x2E, 0xED, 0xDB,
    0xCE, 0x8B, 0xFD, 0xD8, 0x14, 0xE5, 0x8B, 0x94, 0x1D, 0x4F, 0xA2, 0xA4, 0x3D, 0x16, 0x7B, 0x29,
    0x8B, 0x6C, 0x79, 0x6A, 0x57, 0x41, 0x57, 0xE1, 0xC4, 0xA8, 0x74, 0x8D, 0xB3, 0x35, 0xAA, 0x5F,
    0xE4, 0x35, 0x7D, 0x66, 0x14, 0xA6, 0xC6, 0x0B, 0xF5, 0xFA, 0xDC, 0xCC, 0xAE, 0xAC, 0x24, 0xAB,
    0xD5, 0x60, 0x2A, 0xDF, 0xBB, 0xA8, 0x71, 0x31, 0xB9, 0x4A, 0x8F, 0xBD, 0x80, 0xEC, 0x64, 0x15,
    0xDD, 0x9F, 0x1D, 0xA9, 0xFB, 0x9C, 0x74, 0x26, 0x3E, 0xF5, 0x12, 0x7B, 0x3C, 0x6C, 0xBD, 0xE7,
    0x46, 0x19, 0x83, 0xD0, 0x83, 0xD4, 0x4B, 0xF9, 0x5A, 0x76, 0xF7, 0x51, 0xB0, 0x4A, 0x3C, 0x2A,
    0xF4, 0x37, 0x3C, 0x7D, 0x10, 0xB9, 0xBC, 0x67, 0x20, 0x7B, 0x87, 0x94, 0x88, 0xFB, 0x60, 0x25,
    0xA7, 0x21, 0x8E, 0xD3, 0x50, 0xE4, 0x99, 0xF8, 0xB7, 0x03, 0x85, 0x94, 0x06, 0x42, 0x4A, 0x13,
    0x2E, 0xEE, 0x8C, 0x0D, 0xE2, 0xA6, 0x2D, 0x86, 0x26, 0x3A, 0xDA, 0x90, 0x12, 0x4B, 0x23, 0xC9,
    0x78, 0x28, 0x76, 0xFF, 0x0E, 0x16, 0x4D, 0xEE, 0x80, 0xB2, 0x2F, 0xA2, 0x94, 0x1A, 0xC9, 0x74,
    0x68, 0xA2, 0x38, 0x16, 0x98, 0xA1, 0x18, 0xED, 0x48, 0x89, 0x1A, 0x99, 0x0F, 0xF6, 0x30, 0x79,
    0xCA, 0x4C, 0x71, 0xA4, 0x54, 0xD0, 0x00, 0x5C, 0xA2, 0x27, 0xF0, 0xF1, 0xF5, 0xFE, 0x10, 0xA5,
    0xEC, 0xD2, 0xC0, 0xBE, 0xEA, 0xDE, 0xB6, 0x17, 0x07, 0xD8, 0xC2, 0xD8, 0x07, 0xD4, 0xDE, 0x24,
    0x63, 0x0C, 0x73, 0xEC, 0x50, 0xB0, 0xEF, 0x6F, 0x2A, 0x07, 0xD7, 0x3F, 0xA1, 0xC1, 0x05, 0x70,
    0xF3, 0x68, 0x73, 0x82, 0xA4, 0x1D, 0x65, 0x27, 0x95, 0x7D, 0x55, 0xB9, 0xA6, 0xB0, 0xE9, 0x81,
    0x13, 0x7C, 0x42, 0x63, 0x6B, 0x1D, 0x81, 0x17, 0x4B, 0xC4, 0x36, 0xA3, 0x37, 0x64, 0xF3, 0xEF,
    0x8E, 0xCB, 0x57, 0x99, 0x64, 0x8D, 0x6D, 0x9B, 0x57, 0x23, 0xB4, 0xB7, 0xFF, 0xAD, 0x8C, 0x51,
    0x37, 0x2E, 0xE6, 0x65, 0x40, 0x55, 0xA5, 0x91, 0x77, 0x6C, 0xF6, 0xAE, 0xBB, 0xE7, 0x86, 0x49,
    0xCC, 0x0B, 0xD1, 0x15, 0x9E, 0xB9, 0xF2, 0x32, 0xD3, 0xD1, 0xA8, 0x32, 0xCA, 0x4A, 0x81, 0xF3,
    0x8D, 0xD9, 0x1C, 0x9C, 0x8C, 0xA8, 0x5B, 0x22, 0x33, 0x3A, 0xD3, 0x29, 0xC9, 0x10, 0xB4, 0x21,
    0xFD, 0x87, 0x86, 0x54, 0x80, 0x2A, 0xB1, 0xD3, 0x5B, 0x7C, 0x85, 0x41, 0xED, 0x48, 0x06, 0xF3,
    0x4F, 0xD2, 0xF0, 0x06, 0x24, 0x40, 0x2B, 0x92, 0xE4, 0x46, 0x49, 0xF6, 0x2F, 0x58, 0x95, 0x0F,
    0xBF, 0x43, 0x12, 0x38, 0xF2, 0x18, 0xB9, 0x7D, 0xC6, 0x53, 0xD0, 0x31, 0x76, 0x0C, 0x1E, 0xA3,
    0xC7, 0xF0, 0x31, 0xFE, 0x70, 0x03, 0x14, 0xAB, 0x1B, 0x47, 0xD1, 0x34, 0x85, 0x91, 0x2F, 0xCE,
    0x22, 0xF3, 0x0B, 0x16, 0xC6, 0x5F, 0x7F, 0x98, 0xA7, 0x2F, 0xA2, 0x5A, 0xFB, 0xF5, 0xCD, 0x64,
    0x1F, 0x73, 0x6A, 0x92, 0x8B, 0x4C, 0x71, 0x91, 0x59, 0x14, 0xA9, 0xD4, 0x64, 0x91, 0xB0, 0xD6,
    0x5E, 0xFF, 0x5B, 0xB8, 0x85, 0x18, 0xAA, 0x58, 0x47, 0x46, 0x38, 0x8F, 0xCB, 0x7C, 0xE2, 0xFD,
    0x66, 0x6A, 0xA8, 0xE1, 0xB8, 0xE5, 0xB8, 0xE9, 0x41, 0xDB, 0x1F, 0x24, 0xA7, 0x52, 0x9C, 0x1E,
    0xE5, 0xCD, 0x86, 0x37, 0xF0, 0x36, 0x5E, 0x52, 0xF7, 0xCB, 0xF3, 0xAE, 0x00, 0xB4, 0xDF, 0x59,
    0x48, 0x2B, 0x09, 0x2D, 0x2A, 0xD3, 0xB9, 0xC1, 0x3B, 0x06, 0x1A, 0xC7, 0x3C, 0x18, 0xB1, 0x2D,
    0xAD, 0x90, 0x5D, 0x60, 0x69, 0x26, 0x3B, 0xA4, 0xA6, 0x1A, 0x71, 0x17, 0xD6, 0xC0, 0xBC, 0x0C,
    0x13, 0x74, 0xA0, 0x11, 0x8F, 0xD2, 0x9E, 0x90, 0xED, 0xDD, 0xEE, 0xA9, 0xF6, 0xAE, 0x1E, 0xA4,
    0xBD, 0x4B, 0xD2, 0x5C, 0x42, 0xAB, 0xED, 0x67, 0x3B, 0x5C, 0xF8, 0x02, 0xAD, 0x04, 0x30, 0xE3,
    0xD7, 0x5D, 0x5A, 0x86, 0x8D, 0x37, 0x43, 0x26, 0xC3, 0xAD, 0xA5, 0xA3, 0x1B, 0x49, 0x61, 0x55,
    0x5A, 0x15, 0x97, 0xE5, 0x55, 0x05, 0x59, 0x83, 0x97, 0x05, 0x53, 0x1A, 0xAA, 0xA8, 0xED, 0x71,
    0x25, 0x6B, 0xD8, 0x36, 0x9F, 0x55, 0x9C, 0xC7, 0x91, 0xD0, 0x2A, 0xED, 0x7E, 0x7D, 0xD0, 0x9C,
    0xBF, 0xAF, 0x1D, 0x3C, 0x82, 0x49, 0x1A, 0x48, 0xBC, 0x8C, 0x35, 0xB2, 0x3B, 0xF5, 0x68, 0xA4,
    0x79, 0xDC, 0x02, 0x54, 0x88, 0x3B, 0x43, 0x1E, 0x74, 0xC6, 0x17, 0x07, 0xD6, 0xA3, 0x33, 0xF8,
    0x14, 0x0E, 0x18, 0x5D, 0x4D, 0xC2, 0x24, 0x2A, 0xA7, 0xB1, 0x20, 0x94, 0x1D, 0xE8, 0x69, 0xB9,
    0x7B, 0x5E, 0xD0, 0x27, 0x3C, 0xAC, 0x94, 0x0B, 0xCC, 0x5E, 0x05, 0x2B, 0xDF, 0xC6, 0x2A, 0xA6,
    0xB6, 0xA8, 0xDC, 0xF6, 0x3E, 0x08, 0x1B, 0x1D, 0xB4, 0xB2, 0x33, 0xA8, 0x00, 0xE8, 0xED, 0x2E,
    0x83, 0x5E, 0x95, 0xDB, 0x4A, 0x32, 0x96, 0x60, 0x0F, 0x4A, 0x65, 0xD2, 0x9B, 0x90, 0x99, 0x0A,
    0x01, 0xD5, 0x39, 0x55, 0x1E, 0xA0, 0x41, 0x1B, 0xEB, 0xF5, 0xCF, 0xFD, 0x22, 0xBB, 0x3D, 0x16,
    0xEF, 0x9A, 0x1B, 0xDC, 0x2E, 0x63, 0x3F, 0x26, 0x09, 0x70, 0xC9, 0xE9, 0xB7, 0xE2, 0xBD, 0xAA,
    0xA3, 0x00, 0xED, 0x31, 0x68, 0xDB, 0x03, 0xA8, 0xB9, 0x8D, 0x53, 0x1D, 0x0D, 0x84, 0x16, 0x20,
    0x42, 0x96, 0xB0, 0x23, 0xE2, 0x74, 0x9F, 0xA0, 0xA3, 0x71, 0xCA, 0x3B, 0x88, 0xBE, 0xED, 0x62,
    0xE4, 0xD6, 0xD1, 0x71, 0x6A, 0x48, 0x50, 0x76, 0x28, 0xE0, 0xB6, 0x1E, 0x8A, 0x53, 0xF8, 0xB6,
    0x26, 0x14, 0x38, 0xFF, 0x63, 0xB5, 0x96, 0x96, 0xA5, 0x74, 0xCF, 0x93, 0x73, 0xBA, 0x2B, 0xB7,
    0x44, 0xF4, 0xAE, 0x8A, 0x13, 0x13, 0xCF, 0x3A, 0x33, 0x94, 0x58, 0x5F, 0xCC, 0x16, 0x02, 0xB3,
    0x28, 0xEA, 0xD0, 0xF9, 0xBE, 0x88, 0xF7, 0x76, 0xA0, 0xE8, 0x82, 0x9C, 0x75, 0x8F, 0x2E, 0xA0,
    0x62, 0x1E, 0xC9, 0xF8, 0x1E, 0x3C, 0xA5, 0x75, 0x92, 0x5E, 0xBA, 0x16, 0x6D, 0x92, 0xA9, 0x6F,
    0xCA, 0xFA, 0xE3, 0xB1, 0xC3, 0x9C, 0x91, 0x4B, 0xA5, 0xC6, 0xDE, 0xF2, 0x96, 0xB3, 0x9C, 0x52,
    0x07, 0x3C, 0xDA, 0xAD, 0x50, 0x9A, 0x0A, 0x23, 0xDE, 0xCD, 0x30, 0x7C, 0xCD, 0xD5, 0xFA, 0x97,
    0xE1, 0x44, 0xF6, 0xC9, 0xF9, 0x17, 0x07, 0xC0, 0xEC, 0x9A, 0xDB, 0xB7, 0x43, 0x9B, 0xAE, 0x98,
    0xDE, 0x12, 0x05, 0x21, 0x3D, 0xE5, 0x53, 0xD3, 0xC5, 0xFB, 0xBA, 0x90, 0xC7, 0x19, 0xCC, 0x09,
    0xBB, 0xC8, 0x83, 0xCD, 0x0C, 0xB5, 0xAD, 0x70, 0xB4, 0xA3, 0x8E, 0xA5, 0x44, 0x5A, 0xCD, 0xC4,
    0x64, 0x1E, 0x15, 0x13, 0x49, 0x48, 0xE1, 0x0C, 0x1D, 0x2C, 0xEE, 0x97, 0x1D, 0x55, 0xB5, 0x9E,
    0x54, 0xDC, 0x9B, 0xAC, 0x24, 0x7C, 0x71, 0xB6, 0x1D, 0x63, 0xAA, 0xAB, 0xC8, 0x63, 0x6D, 0x33,
    0x8D, 0xAF, 0x33, 0x9F, 0xE2, 0x0A, 0xEF, 0x32, 0x55, 0x4A, 0xA4, 0xFF, 0x09, 0xF6, 0x9C, 0xA2,
    0x1E, 0x08, 0x38, 0x37, 0xCB, 0x54, 0x16, 0xD0, 0xE0, 0x63, 0x9D, 0x3C, 0x1B, 0x5B, 0xB0, 0xD4,
    0xBA, 0xAB, 0xF5, 0xFE, 0x98, 0x88, 0x4F, 0xF2, 0xB4, 0x5B, 0x01, 0xA0, 0xFC, 0x55, 0x5E, 0x1A,
    0x4A, 0x0D, 0xCE, 0xCA, 0xA4, 0xBF, 0x1E, 0xD4, 0x41, 0x94, 0xC7, 0x50, 0x11, 0x34, 0xEB, 0xF9,
    0x76, 0xEC, 0xF3, 0xF5, 0x92, 0x98, 0x01, 0xA1, 0x72, 0x44, 0xC6, 0xBA, 0x67, 0xE8, 0x7E, 0x9A,
    0x42, 0x13, 0x9A, 0xBB, 0x1E, 0x6A, 0x7D, 0xB9, 0xDB, 0x9C, 0x86, 0xB9, 0x77, 0xE3, 0x60, 0x69,
    0xD8, 0x27, 0x4F, 0xB1, 0x4A, 0x20, 0x38, 0x32, 0x5F, 0x85, 0x46, 0x7A, 0x13, 0xE4, 0x5B, 0x9A,
    0x67, 0xAC, 0x83, 0x84, 0x9E, 0xF3, 0x62, 0x4F, 0xED, 0x53, 0xA0, 0x7B, 0xF6, 0xE3, 0x43, 0x8E,
    0x1E, 0x6C, 0x84, 0xCE, 0x71, 0x13, 0xC2, 0xA8, 0x29, 0xE8, 0x4C, 0x06, 0x53, 0x99, 0x81, 0x23,
    0x9F, 0xD5, 0xC2, 0x9C, 0x1D, 0x85, 0x25, 0xBD, 0x8B, 0x5E, 0xD3, 0x59, 0x8C, 0xBF, 0xD5, 0x80,
    0x82, 0xC9, 0x2D, 0xC5, 0x5F, 0x6D, 0x62, 0xF6, 0xA1, 0x87, 0x5F, 0x4D, 0xF6, 0x3E, 0xEE, 0xC4,
    0xC4, 0xBA, 0xA6, 0x43, 0x04, 0xCD, 0xCB, 0xDB, 0x31, 0x6D, 0x11, 0xE6, 0xAC, 0x68, 0xB3, 0xA4,
    0xB5, 0x37, 0xB7, 0x30, 0xF5, 0x9D, 0x30, 0x75, 0x53, 0x58, 0x7F, 0x4C, 0xB6, 0x89, 0xF6, 0xC7,
    0x83, 0xF6, 0xB0, 0x6B, 0xBC, 0x99, 0x6C, 0xC8, 0xEC, 0xC1, 0x43, 0x7C, 0x12, 0xC6, 0xF1, 0x9B,
    0x4C, 0xD9, 0xAD, 0xB8, 0xEC, 0x80, 0x27, 0x61, 0x71, 0x56, 0x1D, 0x88, 0xD6, 0x01, 0x4F, 0xC2,
    0x3E, 0x9C, 0xC3, 0xDA, 0xF1, 0xB8, 0xEB, 0xB5, 0xF8, 0x59, 0x8D, 0x47, 0x31, 0x17, 0xA7, 0xA9,
    0x21, 0x8E, 0xAC, 0x38, 0x99, 0x72, 0x87, 0x21, 0x87, 0x24, 0xA5, 0x1A, 0xDC, 0xB0, 0xC7, 0xD3,
    0xC0, 0x3B, 0xF6, 0x75, 0xD8, 0xD1, 0xB1, 0x61, 0xDD, 0x95, 0x8B, 0xB3, 0x1B, 0xFE, 0xC9, 0x18,
    0x3F, 0xBB, 0x1B, 0x3E, 0x38, 0x37, 0xC2, 0x92, 0x4C, 0xBB, 0xE3, 0x6B, 0x7C, 0x24, 0x20, 0x4C,
    0x61, 0xF0, 0x3D, 0x38, 0x86, 0x50, 0xC7, 0x14, 0xBA, 0xEB, 0x88, 0x3A, 0xEF, 0x56, 0x0F, 0xBD,
    0x1D, 0x1C, 0x54, 0xB8, 0xB0, 0x28, 0xAE, 0xEE, 0x39, 0x9B, 0xF5, 0x6F, 0xC1, 0x6A, 0x1A, 0x3D,
    0xB2, 0xCF, 0x53, 0x86, 0xA3, 0xD9, 0x80, 0xC6, 0xC2, 0x63, 0x51, 0xE0, 0xBC, 0xED, 0x96, 0xA5,
    0xED, 0x53, 0x27, 0x3C, 0x65, 0x39, 0xC9, 0x15, 0xD9, 0xFD, 0x1C, 0xA9, 0x13, 0xC3, 0x22, 0x0C,
    0x15, 0xC4, 0xD6, 0xEA, 0xAC, 0x52, 0xD1, 0xBF, 0x42, 0x9F, 0x82, 0x30, 0x7F, 0xBB, 0x53, 0xA3,
    0x46, 0x3B, 0x72, 0x4B, 0xD6, 0xFF, 0x78, 0xBF, 0x52, 0x1A, 0xE0, 0x4A, 0x9C, 0x92, 0x81, 0x17,
    0x92, 0x4D, 0x77, 0x60, 0xD8, 0x01, 0x39, 0x1D, 0x5A, 0x5A, 0xA6, 0xA0, 0x0A, 0xFD, 0x32, 0x3B,
    0x05, 0x48, 0x69, 0x65, 0xB2, 0xC3, 0x42, 0x0A, 0x4B, 0x05, 0x33, 0xF3, 0x77, 0xCF, 0x78, 0x1A,
    0x4B, 0x2D, 0x56, 0xEF, 0x35, 0xB6, 0x66, 0xE7, 0xFF, 0x32, 0xD8, 0x48, 0xBB, 0x96, 0xC8, 0x9D,
    0x36, 0xB4, 0xB1, 0x60, 0xB3, 0xC3, 0xCC, 0xDE, 0xB2, 0xE0, 0x89, 0x51, 0xA4, 0x99, 0x43, 0xA4,
    0x79, 0x5B, 0x7E, 0xE7, 0xDD, 0x31, 0x40, 0xBA, 0x19, 0xDE, 0x1D, 0x03, 0x5A, 0x15, 0xC6, 0xDB,
    0x33, 0x3B, 0xEE, 0x93, 0xAE, 0xC8, 0xD3, 0xFF, 0xC1, 0xC6, 0xFD, 0x0E, 0x3B, 0xE1, 0x3B, 0xEE,
    0x76, 0xEF, 0xB9, 0xBD, 0xCD, 0x1D, 0x6F, 0x0A, 0x49, 0xBD, 0xF1, 0xD3, 0x2E, 0x99, 0xC6, 0x45,
    0x9A, 0x30, 0x1E, 0x21, 0xCB, 0x38, 0x43, 0xC6, 0x5F, 0x4D, 0xA1, 0xF7, 0x0D, 0xE1, 0x44, 0x6F,
    0x51, 0xFD, 0xF3, 0x7D, 0xA5, 0xA8, 0x9A, 0xDC, 0x6F, 0x81, 0x42, 0x3D, 0xE5, 0xD2, 0x3F, 0x3C,
    0xED, 0x35, 0x98, 0x16, 0xCF, 0x38, 0xED, 0x9A, 0x16, 0xB1, 0x49, 0x88, 0x7A, 0xF9, 0xD3, 0x81,
    0xE1, 0x35, 0x0C, 0x58, 0xE9, 0x7E, 0x88, 0x89, 0x54, 0xEB, 0xC9, 0x08, 0x07, 0x49, 0x87, 0x38,
    0x30, 0xFA, 0x30, 0x4E, 0x9E, 0x0F, 0xDF, 0x22, 0xAC, 0x2D, 0xC1, 0xDC, 0x6E, 0x0B, 0xB6, 0x47,
    0x3F, 0xFF, 0x26, 0x7A, 0x9A, 0x03, 0xF6, 0x77, 0x03, 0x76, 0x61, 0xDC, 0x7D, 0xFF, 0x97, 0xD7,
    0xE8, 0x07, 0xE3, 0x63, 0x9F, 0x25, 0xAE, 0x1F, 0x50, 0x4E, 0xFE, 0xF3, 0x47, 0x48, 0x02, 0x9F,
    0x43, 0x24, 0xFE, 0xAD, 0xE9, 0x42, 0xF9, 0x03, 0xB8, 0x4D, 0x6B, 0x48, 0x0B, 0xBE, 0x9C, 0x21,
    0x69, 0x2B, 0x2D, 0x7C, 0x2F, 0x40, 0x60, 0xC3, 0x79, 0x32, 0xE1, 0x53, 0x5B, 0xD1, 0xCA, 0xC4,
    0x18, 0xA4, 0xA9, 0xD9, 0x63, 0x85, 0x11, 0x4A, 0x6B, 0x96, 0xB9, 0xE4, 0x32, 0x7B, 0x61, 0xCB,
    0xEC, 0x5A, 0xAD, 0xB1, 0x91, 0x5B, 0xE3, 0x7E, 0xDF, 0xE4, 0xA3, 0x85, 0x7F, 0xA3, 0x1B, 0xBF,
    0x43, 0x46, 0xD7, 0x7F, 0x82, 0xEC, 0xD3, 0x5F, 0x61, 0xEF, 0x83, 0x1D, 0xA1, 0x6B, 0xE8, 0xED,
    0xB1, 0xAE, 0x1D, 0xE8, 0x51, 0x4B, 0x0F, 0x52, 0xB1, 0xE7, 0xF0, 0x84, 0x3C, 0x93, 0xCB, 0x62,
    0x18, 0x79, 0xAC, 0xCA, 0x36, 0x5A, 0xCA, 0x22, 0x47, 0xF2, 0xB3, 0x90, 0x16, 0x50, 0x52, 0x47,
    0xB2, 0x7E, 0x80, 0x01, 0xFF, 0x47, 0xAE, 0x13, 0xCA, 0x9C, 0xFC, 0x06, 0xDF, 0x5F, 0x43, 0x83,
    0x70, 0xF0, 0x9B, 0x30, 0x88, 0xED, 0x5B, 0x72, 0x61, 0xAA, 0xC5, 0x27, 0xEE, 0xBF, 0x44, 0x47,
    0x2F, 0xA2, 0x23, 0xF2, 0x9C, 0x1F, 0xCA, 0x56, 0x45, 0x72, 0x90, 0x8A, 0xAE, 0xE5, 0x1A, 0x3E,
    0x14, 0x30, 0xCC, 0xBA, 0x54, 0xC9, 0x7A, 0x34, 0x7B, 0xBF, 0x47, 0x53, 0xA7, 0x3C, 0x32, 0xBE,
    0x83, 0x14, 0x7A, 0x64, 0xF9, 0xBE, 0xD6, 0x76, 0xFB, 0xC5, 0x0D, 0x52, 0xA7, 0xDC, 0x15, 0xD9,
    0x62, 0x35, 0x47, 0x95, 0x2A, 0x55, 0x1C, 0x51, 0xC9, 0x07, 0xF3, 0xD4, 0x9D, 0xA7, 0x85, 0x79,
    0xB2, 0xAE, 0xC8, 0xFF, 0xA8, 0x09, 0x49, 0xBF, 0x49, 0x16, 0xE6, 0x7A, 0x52, 0x8B, 0xFA, 0x7A,
    0x74, 0x53, 0x1D, 0x4E, 0x1B, 0xF2, 0xFF, 0xE4, 0x26, 0x17, 0xC9, 0xF4, 0xE3, 0x53, 0x7D, 0x5E,
    0x87, 0x5C, 0x3A, 0x6C, 0x77, 0xE2, 0xFF, 0x1F, 0x4A, 0xC3, 0x88, 0x9A, 0x67, 0xD5, 0xE7, 0xB1,
    0x44, 0x78, 0x0E, 0xD2, 0xD5, 0x43, 0xF7, 0xEA, 0xFF,
};

static const EpdGlyph notonaskharabic_12_regularGlyphs[] = {
    { 0, 0, 88, 0, 0, 0, 0 }, // U+0020
    { 4, 18, 82, 1, 16, 18, 0 }, // !
    { 8, 7, 163, 1, 18, 14, 18 }, // "
    { 14, 18, 224, 0, 18, 63, 32 }, // #
    { 12, 21, 224, 1, 19, 63, 95 }, // $
    { 21, 20, 358, 1, 19, 105, 158 }, // %
    { 19, 20, 297, 0, 19, 95, 263 }, // &
    { 4, 7, 88, 1, 18, 7, 358 }, // '
    { 7, 23, 138, 1, 19, 41, 365 }, // (
    { 8, 23, 138, 0, 19, 46, 406 }, // )
    { 11, 10, 200, 1, 19, 28, 452 }, // *
    { 12, 12, 224, 1, 15, 36, 480 }, // +
    { 5, 8, 100, 0, 4, 10, 516 }, // ,
    { 8, 3, 124, 0, 8, 6, 526 }, // -
    { 4, 4, 82, 1, 2, 4, 532 }, // .
    { 8, 23, 115, 0, 19, 46, 536 }, // /
    { 12, 20, 224, 1, 19, 60, 582 }, // 0
    { 11, 18, 224, 1, 18, 50, 642 }, // 1
    { 12, 19, 224, 1, 19, 57, 692 }, // 2
    { 12, 20, 224, 1, 19, 60, 749 }, // 3
    { 14, 18, 224, 0, 18, 63, 809 }, // 4
    { 12, 19, 224, 1, 18, 57, 872 }, // 5
    { 12, 20, 224, 1, 19, 60, 929 }, // 6
    { 12, 18, 224, 1, 18, 54, 989 }, // 7
    { 12, 20, 224, 1, 19, 60, 1043 }, // 8
    { 12, 20, 224, 1, 19, 60, 1103 }, // 9
    { 4, 13, 82, 1, 11, 13, 1163 }, // :
    { 5, 18, 114, 1, 14, 23, 1176 }, // ;
    { 12, 14, 224, 1, 16, 42, 1199 }, // <
    { 12, 8, 224, 1, 13, 24, 1241 }, // =
    { 12, 14, 224, 1, 16, 42, 1265 }, // >
    { 11, 20, 190, 0, 19, 55, 1307 }, // ?
    { 21, 22, 368, 1, 18, 116, 1362 }, // @
    { 18, 18, 282, 0, 18, 81, 1478 }, // A
    { 15, 18, 262, 0, 18, 68, 1559 }, // B
    { 14, 20, 246, 1, 19, 70, 1627 }, // C
    { 17, 18, 291, 0, 18, 77, 1697 }, // D
    { 15, 18, 249, 0, 18, 68, 1774 }, // E
    { 14, 18, 236, 0, 18, 63, 1842 }, // F
    { 17, 20, 286, 1, 19, 85, 1905 }, // G
    { 19, 18, 317, 0, 18, 86, 1990 }, // H
    { 9, 18, 147, 0, 18, 41, 2076 }, // I
    { 10, 24, 143, -1, 18, 60, 2117 }, // J
    { 18, 18, 280, 0, 18, 81, 2177 }, // K
    { 15, 18, 249, 0, 18, 68, 2258 }, // L
    { 23, 18, 375, 0, 18, 104, 2326 }, // M
    { 19, 18, 305, 0, 18, 86, 2430 }, // N
    { 17, 20, 297, 1, 19, 85, 2516 }, // O
    { 15, 18, 242, 0, 18, 68, 2601 }, // P
    { 17, 25, 297, 1, 19, 107, 2669 }, // Q
    { 17, 18, 262, 0, 18, 77, 2776 }, // R
    { 12, 20, 218, 1, 19, 60, 2853 }, // S
    { 15, 18, 245, 0, 18, 68, 2913 }, // T
    { 18, 19, 287, 0, 18, 86, 2981 }, // U
    { 17, 18, 270, 0, 18, 77, 3067 }, // V
    { 26, 18, 419, 0, 18, 117, 3144 }, // W
    { 17, 18, 264, 0, 18, 77, 3261 }, // X
    { 17, 18, 250, -1, 18, 77, 3338 }, // Y
    { 14, 18, 237, 0, 18, 63, 3415 }, // Z
    { 7, 23, 144, 2, 19, 41, 3478 }, // [
    { 8, 23, 115, 0, 19, 46, 3519 }, // <backslash>
    { 7, 23, 144, 0, 19, 41, 3565 }, // ]
    { 12, 12, 224, 1, 18, 36, 3606 }, // ^
    { 13, 2, 184, -1, -2, 7, 3642 }, // _
    { 5, 5, 110, 1, 20, 7, 3649 }, // `
    { 12, 15, 225, 1, 14, 45, 3656 }, // a
    { 14, 20, 246, 0, 19, 70, 3701 }, // b
    { 11, 15, 197, 1, 14, 42, 3771 }, // c
    { 14, 20, 246, 1, 19, 70, 3813 }, // d
    { 12, 15, 214, 1, 14, 45, 3883 }, // e
    { 11, 20, 148, 0, 20, 55, 3928 }, // f
    { 14, 21, 215, 0, 15, 74, 3983 }, // g
    { 16, 19, 254, 0, 19, 76, 4057 }, // h
    { 8, 19, 128, 0, 19, 38, 4133 }, // i
    { 7, 25, 120, -1, 19, 44, 4171 }, // j
    { 15, 19, 234, 0, 19, 72, 4215 }, // k
    { 8, 19, 124, 0, 19, 38, 4287 }, // l
    { 23, 14, 378, 0, 14, 81, 4325 }, // m
    { 16, 14, 258, 0, 14, 56, 4406 }, // n
    { 13, 15, 231, 1, 14, 49, 4462 }, // o
    { 14, 20, 246, 0, 14, 70, 4511 }, // p
    { 14, 20, 246, 1, 14, 70, 4581 }, // q
    { 12, 14, 188, 0, 14, 42, 4651 }, // r
    { 10, 15, 180, 1, 14, 38, 4693 }, // s
    { 9, 18, 141, 0, 17, 41, 4731 }, // t
    { 16, 15, 254, 0, 14, 60, 4772 }, // u
    { 15, 14, 232, 0, 14, 53, 4832 }, // v
    { 22, 14, 345, 0, 14, 77, 4885 }, // w
    { 15, 14, 231, 0, 14, 53, 4962 }, // x
    { 15, 20, 226, 0, 14, 75, 5015 }, // y
    { 11, 14, 204, 1, 14, 39, 5090 }, // z
    { 9, 23, 171, 1, 19, 52, 5129 }, // {
    { 2, 25, 224, 6, 19, 13, 5181 }, // |
    { 9, 23, 171, 1, 19, 52, 5194 }, // }
    { 12, 6, 224, 1, 12, 18, 5246 }, // ~
    { 28, 7, 455, 0, 6, 49, 0 }, // U+0600
    { 41, 8, 658, 0, 2, 82, 49 }, // U+0601
    { 30, 7, 493, 1, 6, 53, 131 }, // U+0602
    { 27, 8, 433, 0, 5, 54, 184 }, // U+0603
    { 57, 16, 929, 1, 12, 228, 238 }, // U+0604
    { 25, 4, 400, 0, 23, 25, 466 }, // U+0605
    { 15, 18, 215, -1, 17, 68, 491 }, // U+0606
    { 15, 19, 215, -1, 18, 72, 559 }, // U+0607
    { 23, 18, 397, 1, 11, 104, 631 }, // U+0608
    { 14, 15, 221, 0, 13, 53, 735 }, // U+0609
    { 18, 15, 289, 0, 13, 68, 788 }, // U+060A
    { 11, 25, 168, -1, 17, 69, 856 }, // U+060B
    { 4, 8, 85, 1, 6, 8, 925 }, // U+060C
    { 5, 8, 120, 1, 4, 10, 933 }, // U+060D
    { 20, 8, 342, 1, 8, 40, 943 }, // U+060E
    { 15, 22, 259, 0, 14, 83, 983 }, // U+060F
    { 5, 6, 0, 0, 26, 8, 1066 }, // U+0610
    { 6, 6, 0, 0, 26, 9, 1074 }, // U+0611
    { 7, 6, 0, 0, 26, 11, 1083 }, // U+0612
    { 7, 7, 0, 0, 26, 13, 1094 }, // U+0613
    { 9, 4, 0, 0, 26, 9, 1107 }, // U+0614
    { 6, 6, 0, 0, 26, 9, 1116 }, // U+0615
    { 10, 8, 0, 0, 26, 20, 1125 }, // U+0616
    { 4, 8, 0, 0, 26, 8, 1145 }, // U+0617
    { 4, 3, 0, 0, 22, 3, 1153 }, // U+0618
    { 4, 5, 0, 0, 22, 5, 1156 }, // U+0619
    { 5, 3, 0, -1, 26, 4, 1161 }, // U+061A
    { 4, 13, 85, 1, 11, 13, 1165 }, // U+061B
    { 0, 0, 0, 0, 0, 0, 1178 }, // U+061C
    { 10, 15, 173, 0, 14, 38, 1178 }, // U+061D
    { 7, 7, 142, 1, 5, 13, 1216 }, // U+061E
    { 9, 17, 170, 1, 15, 39, 1229 }, // U+061F
    { 12, 16, 217, 1, 9, 48, 1268 }, // U+0620
    { 10, 8, 175, 1, 7, 20, 1316 }, // U+0621
    { 8, 21, 95, -1, 21, 42, 1336 }, // U+0622
    { 5, 23, 95, 0, 23, 29, 1378 }, // U+0623
    { 11, 20, 187, 0, 14, 55, 1407 }, // U+0624
    { 5, 23, 95, 1, 17, 29, 1462 }, // U+0625
    { 14, 16, 247, 1, 9, 56, 1491 }, // U+0626
    { 4, 17, 95, 1, 17, 17, 1547 }, // U+0627
    { 18, 17, 309, 1, 11, 77, 1564 }, // U+0628
    { 8, 16, 163, 1, 16, 32, 1641 }, // U+0629
    { 18, 12, 309, 1, 12, 54, 1673 }, // U+062A
    { 18, 13, 309, 1, 13, 59, 1727 }, // U+062B
    { 15, 18, 254, 1, 10, 68, 1786 }, // U+062C
    { 15, 18, 254, 1, 10, 68, 1854 }, // U+062D
    { 15, 23, 254, 1, 15, 87, 1922 }, // U+062E
    { 10, 10, 166, 0, 10, 25, 2009 }, // U+062F
    { 10, 16, 166, 0, 16, 40, 2034 }, // U+0630
    { 10, 15, 154, -1, 9, 38, 2074 }, // U+0631
    { 10, 20, 154, -1, 14, 50, 2112 }, // U+0632
    { 24, 16, 405, 1, 9, 96, 2162 }, // U+0633
    { 24, 20, 405, 1, 13, 120, 2258 }, // U+0634
    { 26, 16, 438, 1, 9, 104, 2378 }, // U+0635
    { 26, 23, 438, 1, 16, 150, 2482 }, // U+0636
    { 17, 17, 308, 1, 17, 73, 2632 }, // U+0637
    { 17, 17, 308, 1, 17, 73, 2705 }, // U+0638
    { 15, 20, 242, 1, 12, 75, 2778 }, // U+0639
    { 15, 26, 242, 1, 18, 98, 2853 }, // U+063A
    { 17, 18, 289, 1, 18, 77, 2951 }, // U+063B
    { 17, 24, 289, 1, 17, 102, 3028 }, // U+063C
    { 14, 16, 247, 1, 9, 56, 3130 }, // U+063D
    { 15, 16, 247, 0, 9, 60, 3186 }, // U+063E
    { 15, 16, 247, 0, 9, 60, 3246 }, // U+063F
    { 7, 2, 84, -1, 2, 4, 3306 }, // U+0640
    { 19, 18, 339, 1, 18, 86, 3310 }, // U+0641
    { 14, 21, 259, 1, 14, 74, 3396 }, // U+0642
    { 13, 17, 223, 0, 17, 56, 3470 }, // U+0643
    { 13, 24, 238, 1, 17, 78, 3526 }, // U+0644
    { 11, 17, 196, 1, 9, 47, 3604 }, // U+0645
    { 13, 17, 234, 1, 10, 56, 3651 }, // U+0646
    { 15, 12, 252, 0, 11, 45, 3707 }, // U+0647
    { 11, 15, 187, 0, 9, 42, 3752 }, // U+0648
    { 14, 16, 247, 1, 9, 56, 3794 }, // U+0649
    { 14, 21, 247, 1, 9, 74, 3850 }, // U+064A
    { 6, 6, 0, 0, 22, 9, 3924 }, // U+064B
    { 7, 6, 0, 0, 22, 11, 3933 }, // U+064C
    { 6, 6, 0, 0, -1, 9, 3944 }, // U+064D
    { 6, 4, 0, 0, 22, 6, 3953 }, // U+064E
    { 5, 6, 0, 0, 22, 8, 3959 }, // U+064F
    { 6, 4, 0, 0, -1, 6, 3967 }, // U+0650
    { 5, 5, 0, 0, 19, 7, 3973 }, // U+0651
    { 4, 5, 0, 0, 22, 5, 3980 }, // U+0652
    { 8, 3, 0, -1, 26, 6, 3985 }, // U+0653
    { 5, 6, 0, -1, 26, 8, 3991 }, // U+0654
    { 5, 6, 0, -1, -1, 8, 3999 }, // U+0655
    { 3, 8, 0, -1, -1, 6, 4007 }, // U+0656
    { 6, 6, 0, -1, 26, 9, 4013 }, // U+0657
    { 6, 5, 0, -1, 26, 8, 4022 }, // U+0658
    { 7, 3, 0, -1, 26, 6, 4030 }, // U+0659
    { 5, 6, 0, 0, 26, 8, 4036 }, // U+065A
    { 5, 5, 0, 0, 26, 7, 4044 }, // U+065B
    { 4, 5, 0, 0, -1, 5, 4051 }, // U+065C
    { 6, 6, 0, -1, 26, 9, 4056 }, // U+065D
    { 6, 6, 0, -1, 26, 9, 4065 }, // U+065E
    { 7, 6, 0, -1, 26, 11, 4074 }, // U+065F
    { 5, 5, 180, 3, 8, 7, 4085 }, // U+0660
    { 5, 15, 180, 3, 15, 19, 4092 }, // U+0661
    { 10, 15, 180, 1, 15, 38, 4111 }, // U+0662
    { 11, 15, 180, 0, 15, 42, 4149 }, // U+0663
    { 9, 16, 180, 2, 15, 36, 4191 }, // U+0664
    { 8, 12, 180, 2, 13, 24, 4227 }, // U+0665
    { 11, 16, 180, 0, 15, 44, 4251 }, // U+0666
    { 11, 15, 180, 0, 15, 42, 4295 }, // U+0667
    { 11, 15, 180, 0, 15, 42, 4337 }, // U+0668
    { 10, 16, 180, 1, 15, 40, 4379 }, // U+0669
    { 10, 15, 160, 0, 13, 38, 4419 }, // U+066A
    { 6, 11, 89, -1, 5, 17, 4457 }, // U+066B
    { 6, 11, 89, 0, 15, 17, 4474 }, // U+066C
    { 10, 10, 160, 0, 11, 25, 4491 }, // U+066D
    { 18, 11, 309, 1, 11, 50, 4516 }, // U+066E
    { 14, 16, 259, 1, 9, 56, 4566 }, // U+066F
    { 3, 8, 0, -1, 22, 6, 4622 }, // U+0670
    { 7, 23, 95, -1, 23, 41, 4628 }, // U+0671
    { 7, 23, 95, -1, 23, 41, 4669 }, // U+0672
    { 6, 24, 95, 0, 17, 36, 4710 }, // U+0673
    { 10, 8, 175, 1, 13, 20, 4746 }, // U+0674
    { 16, 17, 270, 1, 17, 68, 4766 }, // U+0675
    { 23, 19, 362, 0, 13, 110, 4834 }, // U+0676
    { 23, 21, 362, 0, 15, 121, 4944 }, // U+0677
    { 25, 20, 422, 1, 13, 125, 5065 }, // U+0678
    { 18, 14, 309, 1, 14, 63, 5190 }, // U+0679
    { 18, 14, 309, 1, 14, 63, 5253 }, // U+067A
    { 18, 19, 309, 1, 11, 86, 5316 }, // U+067B
    { 18, 14, 309, 1, 12, 63, 5402 }, // U+067C
    { 18, 13, 309, 1, 13, 59, 5465 }, // U+067D
    { 18, 18, 309, 1, 11, 81, 5524 }, // U+067E
    { 18, 13, 309, 1, 13, 59, 5605 }, // U+067F
    { 18, 18, 309, 1, 11, 81, 5664 }, // U+0680
    { 15, 24, 254, 1, 16, 90, 5745 }, // U+0681
    { 15, 25, 254, 1, 17, 94, 5835 }, // U+0682
    { 15, 18, 254, 1, 10, 68, 5929 }, // U+0683
    { 15, 18, 254, 1, 10, 68, 5997 }, // U+0684
    { 15, 24, 254, 1, 16, 90, 6065 }, // U+0685
    { 15, 18, 254, 1, 10, 68, 6155 }, // U+0686
    { 15, 18, 254, 1, 10, 68, 6223 }, // U+0687
    { 10, 17, 166, 0, 17, 43, 6291 }, // U+0688
    { 10, 13, 166, 0, 10, 33, 6334 }, // U+0689
    { 10, 16, 166, 0, 10, 40, 6367 }, // U+068A
    { 10, 23, 166, 0, 17, 58, 6407 }, // U+068B
    { 10, 15, 166, 0, 15, 38, 6465 }, // U+068C
    { 10, 15, 166, 0, 10, 38, 6503 }, // U+068D
    { 10, 16, 166, 0, 16, 40, 6541 }, // U+068E
    { 10, 16, 166, 0, 16, 40, 6581 }, // U+068F
    { 10, 16, 166, 0, 16, 40, 6621 }, // U+0690
    { 10, 21, 154, -1, 15, 53, 6661 }, // U+0691
    { 10, 21, 154, -1, 15, 53, 6714 }, // U+0692
    { 10, 16, 154, -1, 9, 40, 6767 }, // U+0693
    { 10, 19, 154, -1, 9, 48, 6807 }, // U+0694
    { 10, 20, 154, -1, 9, 50, 6855 }, // U+0695
    { 10, 19, 154, -1, 9, 48, 6905 }, // U+0696
    { 10, 20, 154, -1, 14, 50, 6953 }, // U+0697
    { 10, 21, 154, -1, 15, 53, 7003 }, // U+0698
    { 10, 21, 154, -1, 15, 53, 7056 }, // U+0699
    { 24, 20, 405, 1, 13, 120, 7109 }, // U+069A
    { 24, 16, 405, 1, 9, 96, 7229 }, // U+069B
    { 24, 20, 405, 1, 13, 120, 7325 }, // U+069C
    { 26, 16, 438, 1, 9, 104, 7445 }, // U+069D
    { 26, 23, 438, 1, 16, 150, 7549 }, // U+069E
    { 17, 17, 308, 1, 17, 73, 7699 }, // U+069F
    { 15, 26, 242, 1, 18, 98, 7772 }, // U+06A0
    { 19, 13, 339, 1, 13, 62, 7870 }, // U+06A1
    { 19, 18, 339, 1, 13, 86, 7932 }, // U+06A2
    { 19, 23, 339, 1, 18, 110, 8018 }, // U+06A3
    { 19, 18, 339, 1, 18, 86, 8128 }, // U+06A4
    { 19, 19, 339, 1, 13, 91, 8214 }, // U+06A5
    { 19, 18, 339, 1, 18, 86, 8305 }, // U+06A6
    { 14, 21, 259, 1, 14, 74, 8391 }, // U+06A7
    { 14, 22, 259, 1, 15, 77, 8465 }, // U+06A8
    { 17, 17, 289, 1, 17, 73, 8542 }, // U+06A9
    { 25, 13, 406, 0, 13, 82, 8615 }, // U+06AA
    { 17, 17, 289, 1, 17, 73, 8697 }, // U+06AB
    { 13, 17, 223, 0, 17, 56, 8770 }, // U+06AC
    { 13, 17, 223, 0, 17, 56, 8826 }, // U+06AD
    { 13, 24, 223, 0, 17, 78, 8882 }, // U+06AE
    { 17, 19, 289, 1, 19, 81, 8960 }, // U+06AF
    { 17, 19, 289, 1, 19, 81, 9041 }, // U+06B0
    { 17, 20, 289, 1, 20, 85, 9122 }, // U+06B1
    { 17, 25, 289, 1, 19, 107, 9207 }, // U+06B2
    { 17, 27, 289, 1, 19, 115, 9314 }, // U+06B3
    { 17, 21, 289, 1, 21, 90, 9429 }, // U+06B4
    { 13, 30, 238, 1, 23, 98, 9519 }, // U+06B5
    { 13, 29, 238, 1, 22, 95, 9617 }, // U+06B6
    { 14, 30, 238, 1, 23, 105, 9712 }, // U+06B7
    { 13, 30, 238, 1, 17, 98, 9817 }, // U+06B8
    { 13, 22, 234, 1, 10, 72, 9915 }, // U+06B9
    { 13, 13, 234, 1, 6, 43, 9987 }, // U+06BA
    { 13, 18, 234, 1, 11, 59, 10030 }, // U+06BB
    { 13, 19, 234, 1, 10, 62, 10089 }, // U+06BC
    { 13, 18, 234, 1, 11, 59, 10151 }, // U+06BD
    { 15, 12, 252, 0, 11, 45, 10210 }, // U+06BE
    { 15, 23, 254, 1, 15, 87, 10255 }, // U+06BF
    { 8, 16, 163, 1, 16, 32, 10342 }, // U+06C0
    { 8, 11, 163, 1, 11, 22, 10374 }, // U+06C1
    { 8, 16, 163, 1, 16, 32, 10396 }, // U+06C2
    { 8, 16, 163, 1, 16, 32, 10428 }, // U+06C3
    { 11, 15, 187, 0, 9, 42, 10460 }, // U+06C4
    { 11, 15, 187, 0, 9, 42, 10502 }, // U+06C5
    { 11, 21, 187, 0, 15, 58, 10544 }, // U+06C6
    { 11, 21, 187, 0, 15, 58, 10602 }, // U+06C7
    { 11, 27, 187, 0, 21, 75, 10660 }, // U+06C8
    { 11, 20, 187, 0, 14, 55, 10735 }, // U+06C9
    { 11, 20, 187, 0, 14, 55, 10790 }, // U+06CA
    { 11, 21, 187, 0, 15, 58, 10845 }, // U+06CB
    { 14, 16, 247, 1, 9, 56, 10903 }, // U+06CC
    { 17, 16, 247, -2, 9, 68, 10959 }, // U+06CD
    { 15, 16, 247, 0, 9, 60, 11027 }, // U+06CE
    { 11, 20, 187, 0, 14, 55, 11087 }, // U+06CF
    { 14, 23, 247, 1, 9, 81, 11142 }, // U+06D0
    { 14, 22, 247, 1, 9, 77, 11223 }, // U+06D1
    { 18, 8, 309, 1, 8, 36, 11300 }, // U+06D2
    { 18, 14, 309, 1, 14, 63, 11336 }, // U+06D3
    { 6, 2, 97, 0, 2, 3, 11399 }, // U+06D4
    { 8, 11, 163, 1, 11, 22, 11402 }, // U+06D5
    { 13, 9, 0, 0, 26, 30, 11424 }, // U+06D6
    { 9, 9, 0, 0, 26, 21, 11454 }, // U+06D7
    { 6, 5, 0, 0, 26, 8, 11475 }, // U+06D8
    { 5, 7, 0, 0, 26, 9, 11483 }, // U+06D9
    { 6, 7, 0, 0, 26, 11, 11492 }, // U+06DA
    { 5, 5, 0, 0, 26, 7, 11503 }, // U+06DB
    { 9, 6, 0, 0, 26, 14, 11510 }, // U+06DC
    { 29, 34, 504, 1, 27, 247, 11524 }, // U+06DD
    { 23, 23, 368, 0, 18, 133, 11771 }, // U+06DE
    { 4, 5, 0, -1, 26, 5, 11904 }, // U+06DF
    { 4, 6, 0, -1, 26, 6, 11909 }, // U+06E0
    { 6, 5, 0, -1, 26, 8, 11915 }, // U+06E1
    { 5, 7, 0, -1, 26, 9, 11923 }, // U+06E2
    { 9, 6, 0, 0, 26, 14, 11932 }, // U+06E3
    { 8, 3, 0, -1, 26, 6, 11946 }, // U+06E4
    { 5, 6, 82, 0, 5, 8, 11952 }, // U+06E5
    { 8, 3, 118, 0, 3, 6, 11960 }, // U+06E6
    { 7, 3, 0, 0, 26, 6, 11966 }, // U+06E7
    { 5, 6, 0, 0, 26, 8, 11972 }, // U+06E8
    { 13, 18, 204, 0, 16, 59, 11980 }, // U+06E9
    { 4, 4, 0, 0, 26, 4, 12039 }, // U+06EA
    { 4, 4, 0, 0, 26, 4, 12043 }, // U+06EB
    { 4, 5, 0, 0, 26, 5, 12047 }, // U+06EC
    { 5, 7, 0, -1, 26, 9, 12052 }, // U+06ED
    { 10, 16, 166, 0, 16, 40, 12061 }, // U+06EE
    { 10, 20, 154, -1, 14, 50, 12101 }, // U+06EF
    { 5, 5, 180, 3, 8, 7, 12151 }, // U+06F0
    { 5, 15, 180, 3, 15, 19, 12158 }, // U+06F1
    { 10, 15, 180, 1, 15, 38, 12177 }, // U+06F2
    { 11, 15, 180, 0, 15, 42, 12215 }, // U+06F3
    { 10, 15, 180, 1, 15, 38, 12257 }, // U+06F4
    { 10, 15, 180, 1, 15, 38, 12295 }, // U+06F5
    { 10, 15, 180, 1, 15, 38, 12333 }, // U+06F6
    { 11, 15, 180, 0, 15, 42, 12371 }, // U+06F7
    { 11, 15, 180, 0, 15, 42, 12413 }, // U+06F8
    { 10, 16, 180, 1, 15, 40, 12455 }, // U+06F9
    { 24, 20, 405, 1, 13, 120, 12495 }, // U+06FA
    { 26, 23, 438, 1, 16, 150, 12615 }, // U+06FB
    { 15, 26, 242, 1, 18, 98, 12765 }, // U+06FC
    { 10, 14, 175, 1, 7, 35, 12863 }, // U+06FD
    { 11, 17, 196, 1, 9, 47, 12898 }, // U+06FE
    { 15, 18, 252, 0, 17, 68, 12945 }, // U+06FF
    { 18, 16, 309, 1, 11, 72, 13013 }, // U+0750
    { 18, 19, 309, 1, 13, 86, 13085 }, // U+0751
    { 18, 18, 309, 1, 11, 81, 13171 }, // U+0752
    { 18, 19, 309, 1, 12, 86, 13252 }, // U+0753
    { 18, 19, 309, 1, 13, 86, 13338 }, // U+0754
    { 18, 18, 309, 1, 11, 81, 13424 }, // U+0755
    { 18, 13, 309, 1, 13, 59, 13505 }, // U+0756
    { 15, 23, 254, 1, 15, 87, 13564 }, // U+0757
    { 15, 18, 254, 1, 10, 68, 13651 }, // U+0758
    { 10, 24, 166, 0, 17, 60, 13719 }, // U+0759
    { 10, 17, 166, 0, 10, 43, 13779 }, // U+075A
    { 11, 15, 154, -1, 9, 42, 13822 }, // U+075B
    { 24, 20, 405, 1, 13, 120, 13864 }, // U+075C
    { 15, 25, 242, 1, 17, 94, 13984 }, // U+075D
    { 15, 26, 242, 1, 18, 98, 14078 }, // U+075E
    { 15, 27, 242, 1, 19, 102, 14176 }, // U+075F
    { 19, 18, 339, 1, 13, 86, 14278 }, // U+0760
    { 19, 20, 339, 1, 13, 95, 14364 }, // U+0761
    { 17, 18, 289, 1, 18, 77, 14459 }, // U+0762
    { 17, 19, 289, 1, 19, 81, 14536 }, // U+0763
    { 17, 24, 289, 1, 17, 102, 14617 }, // U+0764
    { 11, 23, 196, 1, 15, 64, 14719 }, // U+0765
    { 11, 17, 196, 1, 9, 47, 14783 }, // U+0766
    { 13, 22, 234, 1, 10, 72, 14830 }, // U+0767
    { 13, 22, 234, 1, 15, 72, 14902 }, // U+0768
    { 13, 23, 234, 1, 16, 75, 14974 }, // U+0769
    { 14, 24, 238, 1, 17, 84, 15049 }, // U+076A
    { 10, 22, 154, -1, 16, 55, 15133 }, // U+076B
    { 10, 20, 154, -1, 14, 50, 15188 }, // U+076C
    { 24, 21, 405, 1, 14, 126, 15238 }, // U+076D
    { 15, 18, 254, 1, 10, 68, 15364 }, // U+076E
    { 15, 18, 254, 1, 10, 68, 15432 }, // U+076F
    { 24, 22, 405, 1, 15, 132, 15500 }, // U+0770
    { 10, 23, 154, -1, 17, 58, 15632 }, // U+0771
    { 15, 24, 254, 1, 16, 90, 15690 }, // U+0772
    { 7, 17, 95, -2, 17, 30, 15780 }, // U+0773
    { 7, 17, 95, -2, 17, 30, 15810 }, // U+0774
    { 14, 18, 247, 1, 11, 63, 15840 }, // U+0775
    { 14, 18, 247, 1, 11, 63, 15903 }, // U+0776
    { 14, 24, 247, 1, 9, 84, 15966 }, // U+0777
    { 12, 19, 187, -1, 13, 57, 16050 }, // U+0778
    { 12, 19, 187, -1, 13, 57, 16107 }, // U+0779
    { 18, 14, 309, 1, 14, 63, 16164 }, // U+077A
    { 18, 14, 309, 1, 14, 63, 16227 }, // U+077B
    { 15, 18, 254, 1, 10, 68, 16290 }, // U+077C
    { 24, 23, 405, 1, 16, 138, 16358 }, // U+077D
    { 24, 19, 405, 1, 12, 114, 16496 }, // U+077E
    { 13, 17, 223, 0, 17, 56, 16610 }, // U+077F
    { 7, 2, 129, 1, 2, 4, 0 }, // U+2010
    { 14, 3, 200, -1, 8, 11, 4 }, // U+2013
    { 27, 3, 400, -1, 8, 21, 15 }, // U+2014
    { 5, 8, 100, 1, 18, 10, 36 }, // U+2018
    { 5, 8, 100, 0, 18, 10, 46 }, // U+2019
    { 5, 8, 100, 0, 4, 10, 56 }, // U+201A
    { 10, 8, 180, 1, 18, 20, 66 }, // U+201C
    { 10, 8, 180, 0, 18, 20, 86 }, // U+201D
    { 10, 8, 180, 0, 4, 20, 106 }, // U+201E
    { 7, 8, 145, 1, 13, 14, 126 }, // U+2022
    { 18, 5, 343, 2, 4, 23, 140 }, // U+2026
    { 18, 18, 309, 1, 11, 81, 0 }, // U+FB56
    { 20, 14, 327, 1, 7, 70, 81 }, // U+FB57
    { 9, 17, 137, -1, 10, 39, 151 }, // U+FB58
    { 11, 13, 144, -1, 6, 36, 190 }, // U+FB59
    { 15, 18, 254, 1, 10, 68, 226 }, // U+FB7A
    { 17, 17, 266, 1, 9, 73, 294 }, // U+FB7B
    { 17, 15, 254, -1, 9, 64, 367 }, // U+FB7C
    { 19, 15, 266, -1, 9, 72, 431 }, // U+FB7D
    { 10, 21, 154, -1, 15, 53, 503 }, // U+FB8A
    { 12, 21, 162, -1, 15, 63, 556 }, // U+FB8B
    { 10, 21, 154, -1, 15, 53, 619 }, // U+FB8C
    { 12, 21, 162, -1, 15, 63, 672 }, // U+FB8D
    { 17, 17, 289, 1, 17, 73, 735 }, // U+FB8E
    { 19, 17, 310, 1, 17, 81, 808 }, // U+FB8F
    { 11, 17, 166, -1, 17, 47, 889 }, // U+FB90
    { 13, 17, 184, -1, 17, 56, 936 }, // U+FB91
    { 17, 19, 289, 1, 19, 81, 992 }, // U+FB92
    { 19, 19, 310, 1, 19, 91, 1073 }, // U+FB93
    { 11, 19, 166, -1, 19, 53, 1164 }, // U+FB94
    { 13, 19, 184, -1, 19, 62, 1217 }, // U+FB95
    { 8, 16, 163, 1, 16, 32, 1279 }, // U+FBA4
    { 11, 16, 181, 1, 16, 44, 1311 }, // U+FBA5
    { 13, 17, 223, 0, 17, 56, 1355 }, // U+FBD3
    { 18, 17, 294, 1, 17, 77, 1411 }, // U+FBD4
    { 11, 19, 166, -1, 19, 53, 1488 }, // U+FBD5
    { 13, 19, 184, -1, 19, 62, 1541 }, // U+FBD6
    { 14, 16, 247, 1, 9, 56, 1603 }, // U+FBFC
    { 17, 10, 275, 1, 3, 43, 1659 }, // U+FBFD
    { 9, 16, 137, -1, 10, 36, 1702 }, // U+FBFE
    { 11, 12, 144, -1, 6, 33, 1738 }, // U+FBFF
    { 12, 27, 200, 0, 19, 81, 1771 }, // U+FD3E
    { 12, 27, 200, 1, 19, 81, 1852 }, // U+FD3F
    { 28, 23, 476, 1, 23, 161, 1933 }, // U+FDF2
    { 6, 6, 88, 0, 24, 9, 2094 }, // U+FE70
    { 7, 12, 84, -1, 12, 21, 2103 }, // U+FE71
    { 7, 6, 88, 0, 24, 11, 2124 }, // U+FE72
    { 9, 9, 138, 1, 2, 21, 2135 }, // U+FE73
    { 6, 6, 88, 0, 0, 9, 2156 }, // U+FE74
    { 6, 4, 88, 0, 22, 6, 2165 }, // U+FE76
    { 7, 10, 84, -1, 10, 18, 2171 }, // U+FE77
    { 6, 6, 88, 0, 24, 9, 2189 }, // U+FE78
    { 7, 12, 84, -1, 12, 21, 2198 }, // U+FE79
    { 6, 4, 88, 0, -1, 6, 2219 }, // U+FE7A
    { 7, 8, 84, -1, 2, 14, 2225 }, // U+FE7B
    { 6, 5, 88, 0, 23, 8, 2239 }, // U+FE7C
    { 7, 11, 84, -1, 11, 20, 2247 }, // U+FE7D
    { 4, 5, 88, 1, 22, 5, 2267 }, // U+FE7E
    { 7, 10, 84, -1, 10, 18, 2272 }, // U+FE7F
    { 10, 8, 175, 1, 7, 20, 2290 }, // U+FE80
    { 8, 21, 95, -1, 21, 42, 2310 }, // U+FE81
    { 8, 21, 101, -1, 21, 42, 2352 }, // U+FE82
    { 5, 23, 95, 0, 23, 29, 2394 }, // U+FE83
    { 7, 23, 101, 0, 23, 41, 2423 }, // U+FE84
    { 11, 20, 187, 0, 14, 55, 2464 }, // U+FE85
    { 13, 21, 187, 0, 15, 69, 2519 }, // U+FE86
    { 5, 23, 95, 1, 17, 29, 2588 }, // U+FE87
    { 6, 23, 101, 1, 17, 35, 2617 }, // U+FE88
    { 14, 16, 247, 1, 9, 56, 2652 }, // U+FE89
    { 17, 15, 275, 1, 8, 64, 2708 }, // U+FE8A
    { 7, 15, 110, -1, 15, 27, 2772 }, // U+FE8B
    { 9, 12, 117, -1, 12, 27, 2799 }, // U+FE8C
    { 4, 17, 95, 1, 17, 17, 2826 }, // U+FE8D
    { 6, 17, 101, 1, 17, 26, 2843 }, // U+FE8E
    { 18, 17, 309, 1, 11, 77, 2869 }, // U+FE8F
    { 20, 13, 327, 1, 7, 65, 2946 }, // U+FE90
    { 7, 16, 110, -1, 10, 28, 3011 }, // U+FE91
    { 9, 12, 117, -1, 6, 27, 3039 }, // U+FE92
    { 8, 16, 163, 1, 16, 32, 3066 }, // U+FE93
    { 11, 16, 181, 1, 16, 44, 3098 }, // U+FE94
    { 18, 12, 309, 1, 12, 54, 3142 }, // U+FE95
    { 20, 12, 327, 1, 12, 60, 3196 }, // U+FE96
    { 8, 15, 110, -1, 15, 30, 3256 }, // U+FE97
    { 11, 12, 144, -1, 12, 33, 3286 }, // U+FE98
    { 18, 13, 309, 1, 13, 59, 3319 }, // U+FE99
    { 20, 13, 327, 1, 13, 65, 3378 }, // U+FE9A
    { 8, 16, 110, -1, 16, 32, 3443 }, // U+FE9B
    { 11, 13, 144, -1, 13, 36, 3475 }, // U+FE9C
    { 15, 18, 254, 1, 10, 68, 3511 }, // U+FE9D
    { 17, 17, 266, 1, 9, 73, 3579 }, // U+FE9E
    { 17, 14, 254, -1, 9, 60, 3652 }, // U+FE9F
    { 19, 14, 266, -1, 9, 67, 3712 }, // U+FEA0
    { 15, 18, 254, 1, 10, 68, 3779 }, // U+FEA1
    { 17, 17, 266, 1, 9, 73, 3847 }, // U+FEA2
    { 17, 9, 254, -1, 9, 39, 3920 }, // U+FEA3
    { 19, 9, 266, -1, 9, 43, 3959 }, // U+FEA4
    { 15, 23, 254, 1, 15, 87, 4002 }, // U+FEA5
    { 17, 23, 266, 1, 15, 98, 4089 }, // U+FEA6
    { 17, 15, 254, -1, 15, 64, 4187 }, // U+FEA7
    { 19, 15, 266, -1, 15, 72, 4251 }, // U+FEA8
    { 10, 10, 166, 0, 10, 25, 4323 }, // U+FEA9
    { 13, 10, 190, 0, 10, 33, 4348 }, // U+FEAA
    { 10, 16, 166, 0, 16, 40, 4381 }, // U+FEAB
    { 13, 16, 190, 0, 16, 52, 4421 }, // U+FEAC
    { 10, 15, 154, -1, 9, 38, 4473 }, // U+FEAD
    { 12, 15, 162, -1, 9, 45, 4511 }, // U+FEAE
    { 10, 20, 154, -1, 14, 50, 4556 }, // U+FEAF
    { 12, 20, 162, -1, 14, 60, 4606 }, // U+FEB0
    { 24, 16, 405, 1, 9, 96, 4666 }, // U+FEB1
    { 25, 14, 407, 1, 7, 88, 4762 }, // U+FEB2
    { 17, 9, 263, -1, 9, 39, 4850 }, // U+FEB3
    { 18, 7, 265, -1, 7, 32, 4889 }, // U+FEB4
    { 24, 20, 405, 1, 13, 120, 4921 }, // U+FEB5
    { 25, 20, 407, 1, 13, 125, 5041 }, // U+FEB6
    { 17, 13, 263, -1, 13, 56, 5166 }, // U+FEB7
    { 18, 13, 265, -1, 13, 59, 5222 }, // U+FEB8
    { 26, 16, 438, 1, 9, 104, 5281 }, // U+FEB9
    { 27, 16, 440, 1, 9, 108, 5385 }, // U+FEBA
    { 19, 9, 314, -1, 9, 43, 5493 }, // U+FEBB
    { 21, 9, 311, -1, 9, 48, 5536 }, // U+FEBC
    { 26, 23, 438, 1, 16, 150, 5584 }, // U+FEBD
    { 27, 23, 440, 1, 16, 156, 5734 }, // U+FEBE
    { 19, 16, 314, -1, 16, 76, 5890 }, // U+FEBF
    { 21, 16, 311, -1, 16, 84, 5966 }, // U+FEC0
    { 17, 17, 308, 1, 17, 73, 6050 }, // U+FEC1
    { 19, 17, 310, 1, 17, 81, 6123 }, // U+FEC2
    { 17, 17, 264, -1, 17, 73, 6204 }, // U+FEC3
    { 18, 17, 252, -1, 17, 77, 6277 }, // U+FEC4
    { 17, 17, 308, 1, 17, 73, 6354 }, // U+FEC5
    { 19, 17, 310, 1, 17, 81, 6427 }, // U+FEC6
    { 17, 17, 264, -1, 17, 73, 6508 }, // U+FEC7
    { 18, 17, 252, -1, 17, 77, 6581 }, // U+FEC8
    { 15, 20, 242, 1, 12, 75, 6658 }, // U+FEC9
    { 13, 18, 191, 1, 10, 59, 6733 }, // U+FECA
    { 13, 10, 202, -1, 10, 33, 6792 }, // U+FECB
    { 12, 10, 166, -1, 10, 30, 6825 }, // U+FECC
    { 15, 26, 242, 1, 18, 98, 6855 }, // U+FECD
    { 13, 23, 191, 1, 15, 75, 6953 }, // U+FECE
    { 13, 15, 202, -1, 15, 49, 7028 }, // U+FECF
    { 12, 15, 166, -1, 15, 45, 7077 }, // U+FED0
    { 19, 18, 339, 1, 18, 86, 7122 }, // U+FED1
    { 20, 15, 327, 1, 15, 75, 7208 }, // U+FED2
    { 11, 17, 168, -1, 17, 47, 7283 }, // U+FED3
    { 12, 15, 155, -1, 15, 45, 7330 }, // U+FED4
    { 14, 21, 259, 1, 14, 74, 7375 }, // U+FED5
    { 16, 21, 257, 1, 14, 84, 7449 }, // U+FED6
    { 11, 17, 168, -1, 17, 47, 7533 }, // U+FED7
    { 12, 15, 155, -1, 15, 45, 7580 }, // U+FED8
    { 13, 17, 223, 0, 17, 56, 7625 }, // U+FED9
    { 18, 17, 294, 1, 17, 77, 7681 }, // U+FEDA
    { 11, 17, 166, -1, 17, 47, 7758 }, // U+FEDB
    { 13, 17, 184, -1, 17, 56, 7805 }, // U+FEDC
    { 13, 24, 238, 1, 17, 78, 7861 }, // U+FEDD
    { 15, 24, 236, 1, 17, 90, 7939 }, // U+FEDE
    { 5, 17, 85, -1, 17, 22, 8029 }, // U+FEDF
    { 8, 17, 98, -1, 17, 34, 8051 }, // U+FEE0
    { 11, 17, 196, 1, 9, 47, 8085 }, // U+FEE1
    { 13, 17, 211, 1, 9, 56, 8132 }, // U+FEE2
    { 12, 9, 182, -1, 9, 27, 8188 }, // U+FEE3
    { 12, 9, 165, -1, 9, 27, 8215 }, // U+FEE4
    { 13, 17, 234, 1, 10, 56, 8242 }, // U+FEE5
    { 15, 17, 234, 1, 10, 64, 8298 }, // U+FEE6
    { 7, 15, 110, -1, 15, 27, 8362 }, // U+FEE7
    { 9, 12, 117, -1, 12, 27, 8389 }, // U+FEE8
    { 8, 11, 163, 1, 11, 22, 8416 }, // U+FEE9
    { 11, 11, 181, 1, 11, 31, 8438 }, // U+FEEA
    { 13, 12, 203, -1, 11, 39, 8469 }, // U+FEEB
    { 11, 17, 152, -1, 11, 47, 8508 }, // U+FEEC
    { 11, 15, 187, 0, 9, 42, 8555 }, // U+FEED
    { 13, 15, 187, 0, 9, 49, 8597 }, // U+FEEE
    { 14, 16, 247, 1, 9, 56, 8646 }, // U+FEEF
    { 17, 10, 275, 1, 3, 43, 8702 }, // U+FEF0
    { 14, 21, 247, 1, 9, 74, 8745 }, // U+FEF1
    { 17, 15, 275, 1, 3, 64, 8819 }, // U+FEF2
    { 9, 16, 137, -1, 10, 36, 8883 }, // U+FEF3
    { 11, 12, 144, -1, 6, 33, 8919 }, // U+FEF4
    { 15, 18, 207, -3, 18, 68, 8952 }, // U+FEF5
    { 18, 17, 244, -2, 17, 77, 9020 }, // U+FEF6
    { 13, 20, 207, -1, 20, 65, 9097 }, // U+FEF7
    { 16, 20, 244, 0, 20, 80, 9162 }, // U+FEF8
    { 12, 25, 207, 0, 18, 75, 9242 }, // U+FEF9
    { 16, 24, 244, 0, 17, 96, 9317 }, // U+FEFA
    { 12, 18, 207, 0, 18, 54, 9413 }, // U+FEFB
    { 16, 17, 244, 0, 17, 68, 9467 }, // U+FEFC
    { 0, 0, 0, 0, 0, 0, 9535 }, // U+FEFF
};

static const EpdUnicodeInterval notonaskharabic_12_regularIntervals[] = {
    { 0x20, 0x7E, 0x0 },
    { 0x600, 0x6FF, 0x5F },
    { 0x750, 0x77F, 0x15F },
    { 0x2010, 0x2010, 0x18F },
    { 0x2013, 0x2014, 0x190 },
    { 0x2018, 0x201A, 0x192 },
    { 0x201C, 0x201E, 0x195 },
    { 0x2022, 0x2022, 0x198 },
    { 0x2026, 0x2026, 0x199 },
    { 0xFB56, 0xFB59, 0x19A },
    { 0xFB7A, 0xFB7D, 0x19E },
    { 0xFB8A, 0xFB95, 0x1A2 },
    { 0xFBA4, 0xFBA5, 0x1AE },
    { 0xFBD3, 0xFBD6, 0x1B0 },
    { 0xFBFC, 0xFBFF, 0x1B4 },
    { 0xFD3E, 0xFD3F, 0x1B8 },
    { 0xFDF2, 0xFDF2, 0x1BA },
    { 0xFE70, 0xFE74, 0x1BB },
    { 0xFE76, 0xFEFC, 0x1C0 },
    { 0xFEFF, 0xFEFF, 0x247 },
};

static const EpdFontGroup notonaskharabic_12_regularGroups[] = {
    { 0, 2857, 5770, 95, 0 },
    { 2857, 4987, 18572, 304, 95 },
    { 7844, 157, 198, 11, 399 },
    { 8001, 3352, 10556, 174, 410 },
};

static const EpdKernClassEntry notonaskharabic_12_regularKernLeftClasses[] = {
    { 0x0022, 1 }, // "
    { 0x0026, 2 }, // &
    { 0x0027, 1 }, // '
    { 0x002A, 3 }, // *
    { 0x002C, 4 }, // ,
    { 0x0040, 5 }, // @
    { 0x0041, 6 }, // A
    { 0x0042, 7 }, // B
    { 0x0044, 8 }, // D
    { 0x0045, 9 }, // E
    { 0x0046, 10 }, // F
    { 0x0047, 11 }, // G
    { 0x004B, 12 }, // K
    { 0x004C, 13 }, // L
    { 0x004F, 8 }, // O
    { 0x0050, 3 }, // P
    { 0x0051, 8 }, // Q
    { 0x0052, 14 }, // R
    { 0x0053, 15 }, // S
    { 0x0054, 16 }, // T
    { 0x0055, 17 }, // U
    { 0x0056, 18 }, // V
    { 0x0057, 19 }, // W
    { 0x0058, 20 }, // X
    { 0x0059, 21 }, // Y
    { 0x0061, 22 }, // a
    { 0x0062, 23 }, // b
    { 0x0065, 24 }, // e
    { 0x0066, 25 }, // f
    { 0x0067, 26 }, // g
    { 0x0068, 22 }, // h
    { 0x006B, 27 }, // k
    { 0x006D, 22 }, // m
    { 0x006E, 22 }, // n
    { 0x006F, 23 }, // o
    { 0x0070, 23 }, // p
    { 0x0072, 28 }, // r
    { 0x0073, 29 }, // s
    { 0x0076, 30 }, // v
    { 0x0077, 31 }, // w
    { 0x0079, 32 }, // y
    { 0x2018, 33 }, // U+2018
    { 0x2019, 34 }, // U+2019
    { 0x201A, 4 }, // U+201A
    { 0x201C, 33 }, // U+201C
    { 0x201D, 34 }, // U+201D
    { 0x201E, 4 }, // U+201E
    { 0x2026, 4 }, // U+2026
};

static const EpdKernClassEntry notonaskharabic_12_regularKernRightClasses[] = {
    { 0x0022, 1 }, // "
    { 0x0026, 2 }, // &
    { 0x0027, 1 }, // '
    { 0x0029, 3 }, // )
    { 0x002A, 4 }, // *
    { 0x002C, 5 }, // ,
    { 0x003F, 6 }, // ?
    { 0x0040, 7 }, // @
    { 0x0041, 8 }, // A
    { 0x0043, 9 }, // C
    { 0x0047, 9 }, // G
    { 0x004F, 9 }, // O
    { 0x0051, 9 }, // Q
    { 0x0053, 10 }, // S
    { 0x0054, 6 }, // T
    { 0x0055, 11 }, // U
    { 0x0056, 12 }, // V
    { 0x0057, 13 }, // W
    { 0x0058, 14 }, // X
    { 0x0059, 15 }, // Y
    { 0x005A, 16 }, // Z
    { 0x005D, 3 }, // ]
    { 0x0061, 17 }, // a
    { 0x0063, 18 }, // c
    { 0x0064, 18 }, // d
    { 0x0065, 18 }, // e
    { 0x0067, 19 }, // g
    { 0x006F, 18 }, // o
    { 0x0071, 18 }, // q
    { 0x0073, 20 }, // s
    { 0x0075, 21 }, // u
    { 0x0076, 22 }, // v
    { 0x0077, 23 }, // w
    { 0x0079, 24 }, // y
    { 0x007A, 25 }, // z
    { 0x007D, 3 }, // }
    { 0x2018, 26 }, // U+2018
    { 0x2019, 4 }, // U+2019
    { 0x201A, 27 }, // U+201A
    { 0x201C, 26 }, // U+201C
    { 0x201D, 4 }, // U+201D
    { 0x201E, 27 }, // U+201E
    { 0x2026, 27 }, // U+2026
};

static const int8_t notonaskharabic_12_regularKernMatrix[] = {
       0,    0,    0,    0,    0,    0,    0,  -32,    0,    0,    0,    0,    0,    0,    0,    0,    0,   -8,  -24,    0,    0,    0,    0,    0,    0,    0,    0,
       0,    0,    0,    0,    0,  -12,    0,    0,    0,    0,    0,  -16,  -16,    0,  -12,    0,    0,    0,    0,    0,    0,    0,    0,    0,    0,    0,    0,
       0,   -4,    0,    0,  -48,    0,    0,  -20,    0,    0,    0,    0,    0,    0,    0,    0,    0,    0,    0,    0,    0,    0,    0,    0,    0,    0,  -48,
       0,    0,    0,    0,    0,  -36,    0,    0,   -8,    0,   -8,  -44,  -36,    0,  -32,    0,    0,    0,    0,    0,    0,  -28,  -24,  -20,    0,    0,    0,
       0,    0,    0,    0,    0,    0,    0,  -12,    0,    0,    0,    0,    0,    0,   -4,    0,    0,    0,    0,    0,    0,    0,    0,    0,    0,    0,    0,
     -32,    0,    0,  -28,    0,  -24,    0,    0,   -8,    0,   -8,  -32,  -28,    0,  -28,    0,    0,   -8,   -8,    0,   -8,  -24,  -12,  -20,    0,  -28,    0,
       0,    0,    0,   -8,    0,   -8,    0,   -8,    0,    0,    0,  -16,  -12,   -8,  -16,   -8,    0,    0,    0,    0,    0,    0,   -4,   -8,    0,    0,    0,
       0,    0,    0,    0,   -8,   -8,    0,   -8,    0,    0,    0,   -8,   -8,   -8,  -12,    0,    0,    0,    0,    0,    0,    0,    0,    0,    0,    0,   -8,
       0,    0,    0,    0,    0,    0,    0,    0,    0,    0,    0,   -8,   -8,    0,   -8,    0,    0,    0,    0,    0,    0,    0,    0,    0,    0,    0,    0,
       0,   -8,    0,    0,  -48,    0,  -16,  -28,    0,    0,    0,    0,    0,    0,    0,    0,  -16,  -16,  -16,    0,    0,    0,    0,    0,    0,    0,  -48,
       0,    0,    0,    0,    0,   -8,    0,    0,    0,    0,    0,   -8,   -8,    0,   -8,    0,    0,    0,    0,    0,    0,    0,    0,    0,    0,    0,    0,
       0,    0,    0,    0,    0,    0,    0,    0,   -8,    0,    0,    0,    0,    0,    0,    0,    0,   -8,   -8,    0,   -8,    0,  -12,  -12,    0,    0,    0,
     -24,    0,    0,  -32,    0,  -28,    0,    0,    0,    0,    0,  -20,  -20,    0,  -24,    0,    0,    0,    0,    0,    0,   -8,   -4,  -12,    0,  -32,    0,
       0,    0,    0,   -8,    0,   -8,    0,    0,   -8,    0,   -4,  -12,  -12,    0,  -12,    0,    0,    0,    0,    0,    0,   -4,   -4,   -8,    0,    0,    0,
       0,    0,    0,    0,    0,   -8,    0,   -8,    0,    0,    0,   -8,   -8,   -8,   -8,    0,    0,    0,    0,    0,    0,    0,   -4,   -8,    0,    0,    0,
       0,   -4,    0,    0,  -36,    0,  -12,  -24,   -8,    0,    0,    0,    0,    0,    0,    0,  -12,  -20,  -20,   -2,    0,    0,    0,    0,    0,    0,  -36,
       0,    0,    0,    0,   -8,    0,   -4,   -8,    0,    0,    0,    0,    0,    0,    0,    0,    0,    0,    0,    0,    0,    0,    0,    0,    0,    0,   -8,
       0,  -12,    0,    0,  -44,    0,  -20,  -32,   -8,    0,    0,    0,    0,    0,    0,    0,  -24,  -24,  -24,  -16,    0,    0,    0,    0,    0,    0,  -44,
       0,    0,    0,    0,  -36,    0,  -20,  -28,   -8,    0,    0,    0,    0,    0,    0,    0,  -28,  -24,  -24,  -20,    0,    0,    0,    0,  -12,    0,  -36,
       0,    0,    0,    0,    0,    0,    0,    0,   -8,   -4,    0,    0,    0,    0,    0,    0,    0,    0,    0,    0,    0,    0,  -12,  -20,    0,    0,    0,
       0,   -4,    0,    0,  -32,    0,  -16,  -28,  -12,   -8,    0,    0,    0,    0,    0,    0,  -24,  -28,  -28,  -24,    0,    0,    0,    0,   -8,    0,  -32,
     -16,    0,    0,    0,    0,    0,    0,    0,    0,    0,    0,    0,    0,    0,    0,    0,    0,    0,    0,    0,    0,    0,    0,   -8,    0,    0,    0,
       0,    0,    0,    0,    0,    0,    0,    0,    0,    0,    0,  -24,  -24,    0,  -28,    0,    0,    0,    0,    0,    0,    0,    0,   -8,    0,    0,    0,
       0,    0,    0,    0,    0,    0,    0,    0,    0,    0,    0,  -24,  -24,    0,  -24,    0,    0,    0,    0,    0,    0,    0,    0,    0,    0,    0,    0,
      32,    0,   36,   32,    0,    0,    0,    0,    0,    0,    0,    0,    0,    0,    0,    0,    0,    0,    0,    0,    0,    0,    0,    0,    0,    0,    0,
       0,    0,    0,    0,    0,    0,    0,    0,    0,    0,    0,    0,   -8,    0,    0,    0,    0,    0,    0,    0,    0,    0,    0,    0,    0,    0,    0,
       0,    0,    0,    0,    0,    0,    0,    0,    0,    0,    0,    0,    0,    0,    0,    0,    0,   -8,   -8,    0,    0,    0,    0,    0,    0,    0,    0,
       0,    0,    0,   12,  -52,    0,    0,    0,    0,    0,    0,    0,    0,    0,    0,    0,   -8,    0,    0,    0,    0,    0,    0,    0,    0,    0,  -52,
       0,    0,    0,    0,    0,    0,    0,    0,    0,    0,    0,    0,    0,    0,  -24,    0,    0,    0,    0,    0,    0,    0,    0,    0,    0,    0,    0,
       0,    0,    0,    0,  -20,    0,    0,  -24,    0,    0,    0,    0,    0,    0,    0,    0,    0,    0,    0,    0,    0,    0,    0,    0,    0,    0,  -28,
       0,    0,    0,    0,  -28,    0,    0,  -12,    0,    0,    0,    0,    0,    0,    0,    0,    0,    0,    0,    0,    0,    0,    0,    0,    0,    0,  -28,
       0,    0,    0,    0,  -36,    0,    0,  -20,    0,    0,    0,    0,    0,    0,    0,    0,    0,   -4,   -4,    0,    0,    0,    0,    0,    0,    0,  -36,
       0,    0,    0,    0,    0,    0,    0,  -28,    0,    0,    0,    0,    0,    0,    0,    0,    0,    0,    0,    0,    0,    0,    0,    0,    0,    0,    0,
       0,    0,    0,    0,    0,    0,    0,  -40,   -8,    0,    0,    0,    0,    0,    0,    0,  -12,  -16,  -16,  -20,    0,    0,    0,    0,    0,    0,    0,
};

static const EpdFontData notonaskharabic_12_regular = {
    notonaskharabic_12_regularBitmaps,
    notonaskharabic_12_regularGlyphs,
    notonaskharabic_12_regularIntervals,
    20,
    43,
    27,
    -16,
    true,
    notonaskharabic_12_regularGroups,
    4,
    nullptr,
    notonaskharabic_12_regularKernLeftClasses,
    notonaskharabic_12_regularKernRightClasses,
    notonaskharabic_12_regularKernMatrix,
    48,
    43,
    34,
    27,
    nullptr,
    0,
};
