/**
 * generated by fontconvert.py
 * name: notosansarabic_10_regular
 * size: 10
 * mode: 2-bit  compressed: true
 * Command used: fontconvert.py notosansarabic_10_regular 10 ../builtinFonts/source/NotoSansArabic/NotoSansArabic-Regular.ttf --2bit --compress --script arabic --reposition-marks
 */
#pragma once
#include "EpdFontData.h"

static const uint8_t notosansarabic_10_regularBitmaps[10807] = {
    0xA5, 0x57, 0x4D, 0x8C, 0x1C, 0x47, 0x15, 0xFE, 0xAA, 0xDB, 0x76, 0x4B, 0xB4, 0xB2, 0xBD, 0x07,
    0xFB, 0x80, 0xEC, 0xD9, 0xF1, 0x81, 0x0B, 0x64, 0x77, 0x47, 0x48, 0x4B, 0x34, 0xC6, 0xBD, 0x33,
    0x25, 0x5B, 0xC2, 0xC7, 0xEC, 0x01, 0xC3, 0xC1, 0x42, 0xB9, 0x70, 0x8A, 0xA5, 0xEC, 0x1C, 0x06,
    0x69, 0x0E, 0x93, 0xDD, 0xB6, 0x7C, 0xE0, 0x10, 0x29, 0xCA, 0x21, 0xC0, 0x81, 0x03, 0x8B, 0xC4,
    0x01, 0xD9, 0xA0, 0x1D, 0xC8, 0x48, 0x6C, 0xA4, 0xD8, 0x5B, 0x24, 0x07, 0x0E, 0x96, 0x70, 0xA3,
    0x1C, 0x38, 0xA0, 0x40, 0x21, 0xCB, 0x8A, 0x48, 0x02, 0x2E, 0xA2, 0xB1, 0xB2, 0x3B, 0x9E, 0x99,
    0xE6, 0x7B, 0xD5, 0xB3, 0xDE, 0xF5, 0xFA, 0x0F, 0x44, 0xD7, 0xAB, 0x9E, 0x9E, 0x57, 0x55, 0xAF,
    0x5E, 0xBD, 0xFF, 0xEA, 0xA6, 0x69, 0x5A, 0x97, 0x67, 0xE9, 0x2B, 0x38, 0xDE, 0xED, 0xA2, 0xDF,
    0xEB, 0xF5, 0x5A, 0xD2, 0x5A, 0xB3, 0xB3, 0xA8, 0x9F, 0x02, 0x96, 0xE6, 0x81, 0x56, 0x9D, 0x7D,
    0x09, 0x27, 0xEE, 0xBF, 0xAB, 0x6B, 0x45, 0x61, 0x90, 0xF7, 0x00, 0x63, 0xA1, 0xD8, 0xD7, 0x8B,
    0x02, 0x97, 0x3F, 0xFD, 0x04, 0xE1, 0x39, 0x83, 0xF0, 0x7C, 0x86, 0x28, 0xCC, 0x10, 0x87, 0x1A,
    0x78, 0x0B, 0xD8, 0x40, 0x5C, 0xE8, 0xE6, 0x03, 0xD3, 0xDF, 0x40, 0x6F, 0x03, 0x5B, 0x1B, 0x68,
    0x5A, 0xC4, 0x13, 0x80, 0x14, 0x7E, 0x6E, 0xB1, 0x61, 0xF9, 0xBE, 0x59, 0x98, 0xD5, 0x5D, 0x99,
    0x29, 0x50, 0x3E, 0xB5, 0x2C, 0xD4, 0x3F, 0xB0, 0x09, 0x5C, 0xAF, 0x02, 0xCB, 0x9D, 0x6D, 0xAB,
    0xC5, 0x6E, 0x61, 0x7F, 0x7B, 0xCB, 0xB5, 0xEF, 0x7C, 0xAF, 0x53, 0xBB, 0x35, 0x7F, 0x0A, 0x2F,
    0x90, 0xB5, 0xB4, 0xFE, 0x02, 0xDA, 0xFC, 0xB5, 0xF3, 0xA7, 0x94, 0xA9, 0xD4, 0xC3, 0x2C, 0x76,
    0x7B, 0x34, 0x42, 0xEE, 0x92, 0xFC, 0x2C, 0x43, 0x25, 0x34, 0xBE, 0xCF, 0x44, 0xE4, 0x6A, 0x95,
    0xF8, 0x1D, 0x20, 0x1E, 0x28, 0xDD, 0x68, 0x84, 0x66, 0x2B, 0xB9, 0x9A, 0xB9, 0xF0, 0x1E, 0x1C,
    0x26, 0xE8, 0xE3, 0x26, 0x1A, 0x97, 0xEE, 0x65, 0xD5, 0xC9, 0x79, 0x2B, 0xEB, 0xFB, 0x3C, 0x7F,
    0x6B, 0x56, 0xE5, 0xA4, 0x89, 0x04, 0x15, 0xCC, 0x23, 0x65, 0xAB, 0xFB, 0x26, 0x5F, 0x0B, 0x98,
    0x23, 0x3E, 0xD2, 0x81, 0x81, 0xAE, 0x73, 0x3C, 0x41, 0xAC, 0xC3, 0x2C, 0x34, 0x81, 0x09, 0x72,
    0xE5, 0x5B, 0x90, 0x87, 0x26, 0x34, 0x51, 0x96, 0x60, 0x86, 0xF3, 0x67, 0xC1, 0x85, 0x02, 0x4B,
    0x38, 0xB3, 0xF4, 0xFD, 0x66, 0xB1, 0x83, 0x1B, 0x50, 0x7F, 0x45, 0x78, 0x4B, 0xC7, 0x57, 0x8D,
    0x52, 0xC0, 0x0A, 0x60, 0xF7, 0xA1, 0x28, 0xDC, 0xC5, 0xFB, 0x2B, 0xFB, 0x98, 0xB7, 0x70, 0xB4,
    0x5A, 0x99, 0xAF, 0x9F, 0x3E, 0xB1, 0xD2, 0xE4, 0x11, 0x45, 0x4D, 0xDC, 0x53, 0xF8, 0xE9, 0xC3,
    0x29, 0x1B, 0xC8, 0x46, 0x5A, 0x36, 0x2A, 0x91, 0x3D, 0x39, 0x41, 0x34, 0x46, 0x6D, 0x53, 0xA7,
    0xA1, 0xE9, 0x2B, 0x6A, 0xCB, 0x3A, 0xB8, 0x83, 0x40, 0x4C, 0x5B, 0xE5, 0x1C, 0xAD, 0xBD, 0x92,
    0xC5, 0x63, 0x2F, 0xB2, 0x7E, 0x38, 0xA8, 0xF6, 0xD3, 0x36, 0x9E, 0xDC, 0x28, 0xB6, 0x31, 0xD6,
    0x36, 0xF5, 0x69, 0x0A, 0x33, 0xF0, 0xC0, 0x0F, 0x0A, 0x35, 0x01, 0xB7, 0xA4, 0x08, 0xF9, 0xAF,
    0xFC, 0x9C, 0x5C, 0xDB, 0x20, 0xF7, 0xC2, 0x40, 0xA1, 0x6B, 0x3F, 0xB5, 0x47, 0x38, 0x46, 0x2E,
    0xC9, 0x93, 0x72, 0xEA, 0x72, 0x16, 0x16, 0x1A, 0xC7, 0x4A, 0x0C, 0x85, 0xD1, 0xE1, 0xC7, 0x99,
    0xEF, 0xBA, 0x5A, 0x91, 0x79, 0x9D, 0xE5, 0x88, 0x73, 0xCC, 0xE5, 0x58, 0xCE, 0xF1, 0x9B, 0x5C,
    0xFD, 0x29, 0x0F, 0xAF, 0xE4, 0x89, 0xCA, 0x2B, 0x2A, 0xAF, 0xAB, 0x7C, 0xBB, 0x98, 0xBC, 0x7A,
    0x7D, 0x17, 0x2A, 0x2F, 0x81, 0x4B, 0x9A, 0x45, 0x56, 0xDF, 0x97, 0x2A, 0xD6, 0x27, 0xF8, 0xEA,
    0xAA, 0x11, 0x22, 0xCA, 0xCB, 0x8C, 0xEF, 0xD0, 0xBC, 0xBB, 0x9A, 0xAD, 0x8F, 0xA7, 0x26, 0xA1,
    0xB6, 0x4D, 0x7C, 0x57, 0xCF, 0x79, 0x26, 0x79, 0x9E, 0xDE, 0x2C, 0xDE, 0x29, 0xF4, 0x24, 0x32,
    0x03, 0x65, 0xBD, 0x40, 0x5C, 0x1B, 0x2E, 0x55, 0xB6, 0x7A, 0xC9, 0x44, 0x13, 0x99, 0xDF, 0x2C,
    0x46, 0x04, 0x3F, 0xD7, 0x95, 0xD4, 0x20, 0xA6, 0x0D, 0x39, 0xE7, 0x82, 0xA7, 0xD2, 0xDF, 0x1F,
    0x11, 0xF9, 0x4C, 0xD0, 0x78, 0xC5, 0x74, 0x82, 0x9C, 0x82, 0xED, 0x04, 0x66, 0x99, 0xAA, 0x9F,
    0x88, 0x16, 0x1A, 0xD5, 0xAC, 0x1F, 0xE4, 0x53, 0xC9, 0x2B, 0xFB, 0xFA, 0x25, 0x53, 0x9D, 0x4C,
    0x59, 0xA2, 0x48, 0x9B, 0x9B, 0xBA, 0x13, 0x1A, 0xA7, 0x38, 0xC1, 0xEB, 0x48, 0xB9, 0x6E, 0xE4,
    0xAA, 0x63, 0xAB, 0x56, 0xAC, 0x9C, 0x94, 0xA4, 0x63, 0x7D, 0x62, 0x0D, 0xCD, 0x81, 0xCC, 0x9F,
    0xED, 0x76, 0x67, 0xFD, 0x42, 0xB1, 0x80, 0x23, 0xA8, 0xB2, 0x1D, 0xC1, 0xFE, 0x73, 0x94, 0x46,
    0xB9, 0xE0, 0x2D, 0xE0, 0xB4, 0x4C, 0xA6, 0xC4, 0x51, 0xCD, 0xD4, 0x0E, 0xAA, 0x1A, 0x34, 0xFB,
    0x35, 0x8D, 0x68, 0x20, 0xDE, 0x85, 0xC0, 0xC9, 0x28, 0xDD, 0xB0, 0xB0, 0x17, 0x2F, 0xEA, 0x72,
    0xAD, 0xFF, 0x5E, 0xE1, 0x1F, 0x99, 0xA2, 0x11, 0x4C, 0x7F, 0x1C, 0x4E, 0xE6, 0x6A, 0x57, 0x16,
    0x11, 0x51, 0x4E, 0xAD, 0xED, 0xE0, 0xE6, 0x36, 0x79, 0x27, 0x39, 0x0F, 0x07, 0x2C, 0x80, 0xF2,
    0x09, 0xFD, 0x24, 0xA5, 0x11, 0xD3, 0x3C, 0x0C, 0x54, 0x29, 0x18, 0x9A, 0xC5, 0x75, 0x8B, 0x28,
    0xA7, 0xC6, 0x67, 0xC4, 0x74, 0xE7, 0x83, 0xDD, 0x18, 0x4B, 0xD5, 0xCD, 0x50, 0xB7, 0xEA, 0x0C,
    0x16, 0xBD, 0x56, 0x1C, 0x66, 0xB6, 0x97, 0x84, 0xDA, 0xBF, 0x7A, 0xED, 0x6A, 0x8C, 0x5E, 0xE3,
    0x77, 0xBF, 0xC6, 0xD2, 0x97, 0xAE, 0xFC, 0x82, 0xBE, 0xC7, 0x27, 0x11, 0xBA, 0xC1, 0x70, 0x93,
    0x96, 0xF2, 0x22, 0xE3, 0x05, 0x4F, 0x4A, 0x0D, 0xB1, 0x9F, 0x25, 0xFE, 0x1D, 0xCA, 0xFF, 0x73,
    0xEE, 0x65, 0x2D, 0xED, 0x52, 0x18, 0x69, 0x23, 0xFA, 0x51, 0x17, 0x09, 0xB5, 0x37, 0x77, 0xF1,
    0x35, 0xAE, 0x4F, 0xC8, 0x61, 0xAC, 0xDB, 0xE4, 0x4F, 0x46, 0x8B, 0x5D, 0x0C, 0xB7, 0x8D, 0x0B,
    0xF6, 0x7C, 0x42, 0xE5, 0x24, 0x5B, 0x4C, 0xF4, 0x1E, 0xA6, 0x2F, 0xA0, 0xDC, 0x70, 0x33, 0x2F,
    0x4A, 0x45, 0x6D, 0xEF, 0x44, 0xC3, 0xF7, 0x28, 0xC4, 0x65, 0xA0, 0xEB, 0xB5, 0x7E, 0x10, 0x3A,
    0xFE, 0xF8, 0x55, 0x1E, 0xF3, 0x1F, 0xBF, 0x52, 0xF4, 0x6B, 0x8A, 0x52, 0xE8, 0xE7, 0x4E, 0x0D,
    0x1C, 0x52, 0x87, 0x05, 0x2A, 0xC1, 0x21, 0xD9, 0x83, 0x39, 0x8F, 0x49, 0x39, 0x2A, 0xF4, 0xC7,
    0x94, 0xBB, 0x26, 0x38, 0x11, 0xE0, 0x14, 0x86, 0xD7, 0x88, 0xC4, 0x41, 0xCC, 0x1E, 0x52, 0x3F,
    0x3E, 0xD9, 0x89, 0xE6, 0x64, 0xF4, 0x10, 0x72, 0x2F, 0x10, 0xD2, 0x2B, 0xC2, 0xE1, 0x26, 0x12,
    0x8A, 0x8D, 0xDC, 0x0B, 0xA7, 0xC2, 0xB3, 0xEF, 0x3D, 0x55, 0x64, 0x7D, 0xE9, 0x74, 0xE3, 0x0E,
    0xFB, 0x32, 0x7B, 0x55, 0x47, 0x59, 0xBC, 0xBB, 0x9A, 0xA9, 0xED, 0x89, 0xD7, 0xA3, 0x43, 0xE5,
    0x10, 0x0C, 0xAF, 0xDD, 0x28, 0x8A, 0xB1, 0x3F, 0xC4, 0xE1, 0xA1, 0xA6, 0x3B, 0x99, 0x47, 0xFA,
    0x49, 0x2D, 0xCE, 0x18, 0xB6, 0x2C, 0xA9, 0x3D, 0xBD, 0xD9, 0xC0, 0x6E, 0x9A, 0x35, 0xF9, 0x74,
    0x74, 0x96, 0x38, 0x73, 0x8B, 0x70, 0x1D, 0xFC, 0xDB, 0xE2, 0x0B, 0x83, 0x22, 0xC7, 0x0E, 0x07,
    0xBA, 0x10, 0x64, 0xA2, 0x9D, 0xF8, 0x0B, 0xF5, 0xB4, 0xF5, 0xF8, 0x99, 0x9F, 0x08, 0xC3, 0x6B,
    0x22, 0x35, 0x7A, 0xF2, 0x68, 0x0C, 0x35, 0xA2, 0x40, 0x46, 0x9F, 0x22, 0x7C, 0xEF, 0x63, 0x1D,
    0xA7, 0x77, 0xCC, 0x4C, 0xFA, 0xB9, 0xA9, 0xA4, 0xCE, 0xCE, 0xA7, 0xCE, 0xD5, 0x53, 0xD7, 0x6E,
    0xA5, 0xAE, 0xEE, 0x52, 0xB7, 0x90, 0xA7, 0xAE, 0x6A, 0x52, 0x97, 0x64, 0xA9, 0x8B, 0x75, 0x3A,
    0xC0, 0xCC, 0x08, 0xF4, 0xE6, 0xE4, 0x9E, 0x4E, 0xEE, 0x98, 0xE4, 0xEF, 0x36, 0xB1, 0x83, 0xC4,
    0xA5, 0x89, 0x5B, 0x4C, 0x5C, 0x92, 0xB8, 0xE8, 0xB6, 0x0B, 0xEE, 0x39, 0x30, 0xEA, 0xAD, 0x3B,
    0xD4, 0x4A, 0x93, 0x19, 0x20, 0x1E, 0xDE, 0xA4, 0x59, 0xC4, 0x59, 0x4A, 0x93, 0xEB, 0xD0, 0x38,
    0x25, 0x5A, 0x1C, 0xEE, 0x82, 0x97, 0x71, 0x99, 0x17, 0xDF, 0xDD, 0x86, 0x2A, 0x06, 0xA5, 0x37,
    0xEE, 0x60, 0x48, 0x45, 0x47, 0x46, 0x84, 0xC1, 0xF8, 0xC4, 0x77, 0x68, 0xEE, 0xAF, 0x6A, 0x1A,
    0xCC, 0x53, 0x14, 0xFD, 0xFF, 0x6C, 0xA8, 0x64, 0x53, 0x31, 0x0F, 0xDA, 0x38, 0x8E, 0x65, 0xDC,
    0xBC, 0x28, 0xB2, 0x47, 0x36, 0x8F, 0xCC, 0xB0, 0x00, 0xDD, 0xC9, 0x2D, 0x53, 0x01, 0x10, 0xF5,
    0x88, 0x0E, 0xE8, 0x2E, 0xB2, 0x52, 0x72, 0xFC, 0x75, 0xB3, 0x25, 0x31, 0x5E, 0x0C, 0xAB, 0xEB,
    0x63, 0x0C, 0x03, 0x1F, 0x56, 0x33, 0x09, 0x0A, 0x41, 0x5E, 0x06, 0x32, 0x9A, 0xD5, 0xB6, 0x8F,
    0xC5, 0xDB, 0xC5, 0x98, 0x80, 0x87, 0xC1, 0xFB, 0x99, 0x50, 0x67, 0x88, 0x11, 0xE7, 0xFD, 0xEF,
    0x7A, 0x82, 0x45, 0x49, 0xCC, 0x77, 0x47, 0x08, 0x0A, 0x9F, 0xC7, 0xC9, 0x53, 0xAC, 0xFB, 0x3E,
    0x00, 0xCC, 0xF9, 0xB4, 0x2D, 0x19, 0x32, 0xA1, 0xD3, 0x32, 0xC0, 0xD0, 0xDE, 0x19, 0x0E, 0x7E,
    0xCF, 0xA0, 0xF1, 0x21, 0x83, 0xC7, 0x1D, 0x06, 0x91, 0x2F, 0x78, 0x7E, 0x86, 0x36, 0x34, 0x4A,
    0x79, 0xF4, 0x39, 0x2F, 0xED, 0x60, 0x84, 0x7A, 0x8A, 0x31, 0xDA, 0x29, 0x13, 0x76, 0x6F, 0x21,
    0xB8, 0x0D, 0x37, 0x17, 0xDE, 0x82, 0x4D, 0xC2, 0x1F, 0x32, 0x3F, 0xC5, 0xE7, 0xDF, 0x37, 0xF1,
    0xCB, 0xC1, 0x07, 0x26, 0x7A, 0x53, 0x7D, 0x98, 0x85, 0x1F, 0xE1, 0x63, 0x1D, 0x7C, 0x86, 0x07,
    0x34, 0x34, 0xAC, 0x83, 0x61, 0xB7, 0x21, 0x2A, 0x5A, 0x26, 0xA1, 0x8A, 0x0F, 0xCD, 0x89, 0x6C,
    0x7B, 0x85, 0x29, 0xE3, 0x03, 0x6E, 0xF7, 0x80, 0xDB, 0xAD, 0x4D, 0x45, 0x5F, 0x50, 0x0D, 0x7F,
    0xA6, 0xBC, 0xDE, 0x67, 0x12, 0xE4, 0x8A, 0x39, 0x6C, 0xF9, 0x3A, 0xA3, 0x4F, 0x8D, 0xF6, 0x50,
    0xE9, 0x22, 0x5D, 0x40, 0x5B, 0x24, 0x7F, 0x2E, 0xE7, 0xD2, 0xE0, 0x2F, 0x5A, 0x16, 0x74, 0xBD,
    0x43, 0x3F, 0x0A, 0x7B, 0x59, 0x6B, 0x80, 0xC0, 0x27, 0x26, 0xC6, 0xCD, 0x45, 0x3F, 0x34, 0x98,
    0x66, 0x2A, 0x22, 0x18, 0x3B, 0x1B, 0xD7, 0x7E, 0xC9, 0x69, 0xEB, 0xF9, 0x5A, 0xF6, 0xB4, 0x84,
    0x2F, 0xAD, 0x83, 0xF5, 0xFC, 0x84, 0xEE, 0x89, 0x18, 0xC8, 0xFD, 0x8C, 0xAF, 0x78, 0xA4, 0xC6,
    0x51, 0xE2, 0xCB, 0x7D, 0x5F, 0x0A, 0x55, 0xD6, 0xCD, 0x65, 0xA9, 0x7A, 0x9E, 0xD1, 0xD6, 0xCD,
    0x09, 0x2D, 0x19, 0x9A, 0xEC, 0xFE, 0x0B, 0xEA, 0x0F, 0x08, 0xAF, 0x66, 0x91, 0x32, 0x33, 0xB0,
    0x15, 0xB4, 0x98, 0xAC, 0x66, 0x71, 0xDC, 0x67, 0xDB, 0xD2, 0x08, 0x13, 0x49, 0x22, 0x9A, 0xA8,
    0xA8, 0x30, 0xC7, 0xCE, 0xD9, 0xA9, 0x8D, 0xBF, 0xEA, 0x92, 0x4F, 0xDC, 0x02, 0xF3, 0xB3, 0xA4,
    0x68, 0xB7, 0x78, 0xC9, 0xC5, 0xA3, 0x16, 0x0E, 0x99, 0xCA, 0x71, 0x7C, 0x93, 0x45, 0xC1, 0xB7,
    0xAC, 0xCC, 0x61, 0x59, 0x88, 0x0E, 0x8D, 0x87, 0x6F, 0xCA, 0x90, 0x46, 0xDB, 0xFC, 0x89, 0xFD,
    0x7A, 0x59, 0x65, 0x7C, 0x9B, 0xF6, 0x8A, 0xC5, 0xEF, 0xF8, 0xDA, 0xE3, 0x80, 0x13, 0x4D, 0x0D,
    0xF7, 0x92, 0x8C, 0x4E, 0x0D, 0xE7, 0xE1, 0xE0, 0x8A, 0x4B, 0xC6, 0xBD, 0x46, 0xE4, 0x3A, 0x8A,
    0x3E, 0xB4, 0x5F, 0x43, 0xF1, 0xBB, 0xAB, 0x5C, 0x83, 0xCC, 0x8C, 0x7D, 0xC5, 0xB5, 0xE2, 0x29,
    0xC7, 0x52, 0x02, 0xF4, 0x94, 0x1D, 0x5E, 0xB7, 0xCC, 0xA9, 0x25, 0x65, 0x8A, 0xBF, 0xF6, 0x63,
    0x13, 0x95, 0x0C, 0xDC, 0x44, 0xF8, 0x89, 0x64, 0xCF, 0xD8, 0x27, 0xB5, 0xF5, 0x11, 0xAA, 0x2B,
    0xF2, 0xFD, 0x34, 0x20, 0xD9, 0xE7, 0xED, 0xBE, 0xC7, 0x67, 0x60, 0x1B, 0x9B, 0xE6, 0xE4, 0xE4,
    0x71, 0xB1, 0x98, 0xE6, 0x39, 0x2F, 0x3A, 0xF4, 0xEA, 0x4F, 0x82, 0xD9, 0x8E, 0x4C, 0xDC, 0x7F,
    0xA0, 0xA9, 0xE0, 0xD2, 0x7D, 0xEC, 0xD3, 0x9A, 0xB2, 0x2F, 0x9A, 0xA6, 0x5E, 0x3A, 0xA4, 0x83,
    0xD0, 0xD4, 0x13, 0xF1, 0x96, 0xBA, 0xC3, 0xD9, 0x1C, 0x0C, 0xFA, 0xE9, 0x16, 0xEA, 0xCB, 0x10,
    0x64, 0x64, 0xEA, 0x81, 0xAD, 0x1F, 0x7A, 0xA8, 0xE7, 0x15, 0xBC, 0x54, 0xBC, 0x31, 0x41, 0xF3,
    0xC2, 0xB8, 0xAA, 0xA9, 0xDB, 0x90, 0xE1, 0x8B, 0xC1, 0x85, 0x55, 0xFF, 0xF3, 0x5E, 0x5C, 0xFB,
    0xD2, 0xF3, 0x4E, 0xE6, 0xB5, 0xAD, 0x17, 0x2F, 0xE4, 0x1D, 0x11, 0x58, 0xCF, 0xA1, 0xED, 0xA1,
    0xCF, 0x6F, 0xAE, 0xAA, 0xB1, 0xD4, 0x2B, 0xB5, 0x2D, 0xA4, 0x9E, 0x65, 0x3B, 0x67, 0x0E, 0xD4,
    0x9A, 0x25, 0xFC, 0x0F, 0x6A, 0x79, 0x08, 0xC7, 0xBF, 0x31, 0x3A, 0xFB, 0xF6, 0xF2, 0xC3, 0x7B,
    0xC4, 0x5E, 0x53, 0x2B, 0x68, 0xF2, 0x06, 0xF2, 0x65, 0x99, 0x44, 0x27, 0x68, 0xB2, 0xAA, 0xDA,
    0xF1, 0x81, 0x21, 0x11, 0xB8, 0xFB, 0x1A, 0xEB, 0x0F, 0xE1, 0xF1, 0x18, 0xE4, 0x2A, 0xB2, 0x3D,
    0xAA, 0xAE, 0x24, 0x78, 0xA4, 0xBD, 0x1D, 0x8E, 0xFC, 0x21, 0x3A, 0xE8, 0x3D, 0x06, 0x0C, 0xF8,
    0xE2, 0x31, 0xE4, 0x27, 0x19, 0xB7, 0x4A, 0xC3, 0xE6, 0xF1, 0x3D, 0xD2, 0x2E, 0x04, 0x66, 0x26,
    0x34, 0x09, 0x13, 0xF4, 0xCB, 0x08, 0xDF, 0x44, 0xF0, 0x91, 0x04, 0x2D, 0xEC, 0x60, 0x7A, 0x1B,
    0xC8, 0x19, 0x26, 0x23, 0xCB, 0xCB, 0x4B, 0xCC, 0x7B, 0x58, 0x3A, 0xD3, 0x9E, 0x47, 0xA5, 0x42,
    0xD5, 0xCE, 0xCC, 0xA7, 0x75, 0x24, 0xE9, 0xA9, 0x36, 0xE2, 0xA5, 0x19, 0x06, 0xB3, 0x5E, 0xC2,
    0xB0, 0xE2, 0x58, 0xB8, 0x87, 0x36, 0xF2, 0x75, 0x30, 0x65, 0x58, 0x0D, 0xF3, 0xF8, 0x42, 0x16,
    0xFE, 0x8D, 0x29, 0x57, 0x40, 0x8D, 0x11, 0xDE, 0x46, 0x12, 0x9A, 0x05, 0x65, 0xBB, 0x3E, 0x65,
    0xF4, 0x0E, 0xF0, 0x40, 0x7C, 0x4C, 0x1E, 0xDE, 0x40, 0xF8, 0x47, 0x04, 0xFF, 0xF4, 0x4B, 0xB6,
    0xA6, 0xEE, 0xC7, 0xD4, 0x71, 0xD9, 0xD0, 0x61, 0xCA, 0x72, 0xDC, 0x1C, 0xBD, 0xB4, 0x77, 0xDF,
    0xE8, 0x4C, 0x0B, 0xCE, 0xD8, 0x07, 0xB3, 0xE5, 0x8B, 0x9A, 0xA3, 0x98, 0x57, 0x3B, 0xA1, 0xBF,
    0x74, 0x95, 0xAD, 0x86, 0xD7, 0x19, 0xE1, 0xF7, 0xFF, 0xB3, 0xA4, 0xBD, 0xC1, 0x9B, 0x42, 0xFD,
    0x09, 0x0F, 0xE9, 0xD5, 0x1E, 0x99, 0xCB, 0xA2, 0xF9, 0x46, 0xB0, 0x4F, 0x8B, 0x75, 0x91, 0xC4,
    0xE9, 0xAF, 0xE9, 0xD9, 0x62, 0xE8, 0xB2, 0x55, 0x39, 0xE6, 0x7F, 0x00, 0xC5, 0x5A, 0x5D, 0x6C,
    0x1C, 0xD5, 0x15, 0x3E, 0x33, 0xB3, 0xDE, 0x71, 0x3C, 0xF1, 0xAE, 0x91, 0x9C, 0xD6, 0xC1, 0xEB,
    0x75, 0x54, 0xF9, 0x61, 0x13, 0xD6, 0x5E, 0x53, 0xD6, 0xCA, 0xB6, 0x99, 0x78, 0x6F, 0xFA, 0xD0,
    0xBE, 0xB4, 0x92, 0x25, 0xB2, 0x54, 0x0A, 0x2A, 0x49, 0x45, 0x25, 0x2A, 0x4A, 0xC9, 0x42, 0x17,
    0x62, 0xA5, 0x4E, 0x3C, 0xF0, 0xD8, 0x56, 0xAD, 0x05, 0xE5, 0xA5, 0xA2, 0x95, 0x5B, 0x82, 0x14,
    0x39, 0x05, 0xEF, 0x83, 0x81, 0xB4, 0x4D, 0xF0, 0x6D, 0x90, 0xFA, 0xD2, 0x87, 0x4E, 0x49, 0xDB,
    0xF4, 0x8D, 0x91, 0x28, 0x20, 0x81, 0x10, 0x8B, 0xBA, 0x15, 0x26, 0xB1, 0xBD, 0xFD, 0xCE, 0x9D,
    0x99, 0xFD, 0x09, 0x76, 0xE2, 0x9F, 0x4D, 0x98, 0x9F, 0xBB, 0x77, 0x67, 0xEE, 0xF9, 0xB9, 0xE7,
    0x9E, 0x7B, 0xCE, 0xB9, 0x67, 0x2E, 0x51, 0xFD, 0x28, 0x73, 0x61, 0x78, 0x5C, 0x5A, 0xB4, 0xAB,
    0x50, 0x28, 0x1C, 0x3D, 0x3C, 0x5D, 0xC3, 0xB1, 0xCC, 0xF5, 0xC2, 0x04, 0x4D, 0xF8, 0xCD, 0xBE,
    0xFB, 0xF1, 0xFB, 0x73, 0x73, 0x73, 0xF3, 0xD5, 0x17, 0x16, 0x6B, 0xEA, 0xED, 0x74, 0x4C, 0x3D,
    0x4E, 0xD8, 0xFE, 0xEB, 0x6C, 0x80, 0xAD, 0xA7, 0x4B, 0xFD, 0xE4, 0xA5, 0x42, 0xED, 0x72, 0xF9,
    0x84, 0x2A, 0xF3, 0x0C, 0x55, 0xD5, 0x7C, 0x9C, 0xEA, 0x10, 0xAA, 0x34, 0xAA, 0x5C, 0xEA, 0xBF,
    0x98, 0x62, 0x72, 0xDF, 0xFE, 0x70, 0x52, 0xD1, 0xAE, 0x55, 0xD4, 0xBB, 0x5D, 0x0D, 0x2E, 0xC9,
    0x6D, 0x54, 0xBD, 0x7A, 0x4D, 0x54, 0xC2, 0x9A, 0x2E, 0xCB, 0x7E, 0x25, 0xEF, 0x18, 0xB2, 0xE8,
    0x57, 0x5F, 0xAD, 0xD6, 0xAB, 0xEE, 0xF8, 0xD1, 0xBF, 0x07, 0x6D, 0x5D, 0x6B, 0xA5, 0xE6, 0x86,
    0x38, 0x27, 0x76, 0x93, 0x36, 0x5F, 0x27, 0xB8, 0x78, 0xF5, 0xC5, 0x42, 0x61, 0x6E, 0x99, 0xAB,
    0xDF, 0x53, 0x0D, 0x22, 0x4D, 0x0C, 0x58, 0x9F, 0xA2, 0x88, 0x8A, 0x91, 0xC5, 0xD5, 0xB9, 0x73,
    0x35, 0x27, 0xCB, 0x60, 0x33, 0xD4, 0xE3, 0xBF, 0x9B, 0x40, 0x67, 0x8A, 0xF7, 0xCC, 0x50, 0x2E,
    0xEF, 0x52, 0x7A, 0x88, 0x68, 0x00, 0x77, 0xAC, 0x67, 0x9F, 0x30, 0x69, 0xD1, 0x31, 0x1C, 0x8F,
    0xF4, 0x4B, 0x92, 0xB4, 0xCB, 0x0E, 0xD1, 0x07, 0x68, 0xFC, 0x3A, 0x6E, 0x96, 0x5A, 0x8A, 0xC5,
    0x05, 0x58, 0x10, 0x29, 0x42, 0x7C, 0x39, 0xB0, 0x9A, 0x1E, 0x05, 0xEC, 0x13, 0x80, 0xED, 0xDD,
    0x18, 0x6C, 0xD3, 0xC1, 0x1D, 0x18, 0x51, 0x83, 0x59, 0x73, 0x4A, 0x10, 0xEB, 0x25, 0x99, 0x43,
    0xE9, 0x78, 0xB9, 0x7E, 0x8F, 0xCB, 0x69, 0xD7, 0xB8, 0x7A, 0xB5, 0x7A, 0xAF, 0x24, 0x70, 0x6D,
    0x00, 0xA1, 0x4B, 0x28, 0x75, 0x5C, 0x1E, 0x59, 0xC0, 0xBD, 0x42, 0xD3, 0x6A, 0x8C, 0x96, 0xB8,
    0x8F, 0x73, 0xFE, 0xC8, 0xA4, 0x2D, 0x1A, 0xEF, 0xA6, 0xBE, 0x34, 0x58, 0x53, 0x5A, 0xE2, 0x71,
    0x7B, 0xC3, 0x21, 0x13, 0xFC, 0x81, 0x4D, 0x30, 0xD2, 0x97, 0x2A, 0x8D, 0x9F, 0x2A, 0x27, 0xD2,
    0x01, 0x0B, 0x00, 0x60, 0x08, 0x05, 0xC2, 0x30, 0x8A, 0x1B, 0x8F, 0xC7, 0x86, 0x39, 0x21, 0x06,
    0x64, 0x48, 0x06, 0x65, 0xD8, 0x21, 0x00, 0x33, 0x74, 0x2A, 0x18, 0x0B, 0xAD, 0x3E, 0xAE, 0x13,
    0x64, 0x2C, 0x53, 0xFC, 0x01, 0xEA, 0xB6, 0x28, 0x61, 0x8A, 0x01, 0x53, 0xC4, 0x6B, 0x42, 0x9F,
    0x27, 0x1A, 0x24, 0x0C, 0x8E, 0x3F, 0x78, 0x1A, 0x70, 0xFA, 0x97, 0xA0, 0x48, 0xC2, 0x3E, 0x78,
    0x50, 0x29, 0x86, 0xEE, 0x9A, 0x4E, 0x9C, 0x12, 0x20, 0x3E, 0x4A, 0x26, 0xA3, 0xCB, 0xF0, 0x60,
    0x4E, 0x26, 0x99, 0x97, 0x38, 0x8A, 0x12, 0xC8, 0xEF, 0xC9, 0xBF, 0x5C, 0xB8, 0xBF, 0x6A, 0xD5,
    0x78, 0xF8, 0x3A, 0x58, 0x17, 0x7B, 0xC1, 0x61, 0x0D, 0xE3, 0xFB, 0x9C, 0xCF, 0x1D, 0x3A, 0x40,
    0xDC, 0xD6, 0xBA, 0x52, 0xC1, 0xF3, 0x19, 0xD2, 0xA0, 0xA0, 0xA6, 0xF4, 0x9F, 0x0D, 0x44, 0x3F,
    0xA5, 0x74, 0xA6, 0x26, 0xED, 0x25, 0xDD, 0xCD, 0x48, 0xF2, 0x32, 0xA0, 0x99, 0x11, 0x86, 0x3C,
    0x70, 0x75, 0x5E, 0x14, 0x17, 0x3F, 0x0D, 0x75, 0xB1, 0x7A, 0x22, 0x95, 0x5F, 0x18, 0x13, 0x7B,
    0xFC, 0x7F, 0xDE, 0x8F, 0x44, 0xBE, 0x12, 0xFE, 0x3B, 0x35, 0x9A, 0x1C, 0x1D, 0x1D, 0x7D, 0xC6,
    0x3B, 0xA4, 0x26, 0x0F, 0xFA, 0xF1, 0x89, 0xD8, 0xBF, 0xCF, 0xC9, 0xBF, 0x2A, 0xC6, 0x7E, 0x40,
    0xA3, 0xBD, 0xA1, 0x00, 0xFA, 0xE4, 0x74, 0xCD, 0x51, 0xB5, 0x21, 0xDA, 0x2B, 0x32, 0x5E, 0xAE,
    0xB8, 0xE8, 0xEE, 0x22, 0x7D, 0x0F, 0x19, 0xA3, 0xC1, 0x95, 0x19, 0x25, 0xAF, 0x87, 0xFE, 0x77,
    0x84, 0xEE, 0x7C, 0x91, 0x3A, 0x23, 0xDD, 0x3B, 0x76, 0x3C, 0x72, 0x8C, 0xA8, 0x1F, 0xCD, 0x77,
    0xD3, 0x7E, 0x9C, 0x07, 0x89, 0xC9, 0xF1, 0x7F, 0x2D, 0x36, 0x90, 0xB6, 0x21, 0xE2, 0xDE, 0xA9,
    0x29, 0xA5, 0xC5, 0xAB, 0x94, 0x99, 0x77, 0x6C, 0x43, 0x66, 0x49, 0xE4, 0x94, 0x2E, 0x0D, 0xA2,
    0x7B, 0x0E, 0x6B, 0x03, 0x8B, 0x14, 0xB2, 0xFD, 0x10, 0x1A, 0xA4, 0xAE, 0x94, 0x12, 0x44, 0x17,
    0x8D, 0xC9, 0x93, 0xFE, 0x7C, 0x89, 0xAF, 0xD0, 0xF8, 0xBC, 0x58, 0x50, 0xE3, 0x5A, 0xAE, 0xC3,
    0x4A, 0x35, 0x70, 0x50, 0xBF, 0xD9, 0x60, 0xEC, 0xA8, 0xEA, 0x6B, 0x23, 0x8F, 0xD2, 0x59, 0x40,
    0x61, 0x08, 0x0E, 0x46, 0x42, 0x65, 0xE8, 0xC5, 0x2B, 0x9B, 0xA6, 0x41, 0xDB, 0xAA, 0x40, 0x4D,
    0xCF, 0xE3, 0x9E, 0x04, 0xA2, 0x4A, 0x46, 0x58, 0x2E, 0xC6, 0x84, 0x68, 0x1E, 0x68, 0x34, 0x56,
    0x14, 0xC9, 0x62, 0x00, 0xB8, 0x0C, 0x74, 0xC2, 0xAA, 0x24, 0x27, 0x6C, 0x4A, 0x53, 0x32, 0x62,
    0xAD, 0x1E, 0xAF, 0x9E, 0xC2, 0xA3, 0x2E, 0xFA, 0xEA, 0x8A, 0x9A, 0x05, 0x42, 0x93, 0x38, 0xDD,
    0xE6, 0x93, 0xF8, 0xF4, 0xC8, 0xB3, 0xC1, 0xD6, 0x2C, 0x94, 0xFB, 0x8C, 0x9A, 0xCD, 0x09, 0x9C,
    0x03, 0x2D, 0x67, 0x37, 0xCE, 0x18, 0x4E, 0xCC, 0x03, 0x83, 0xF8, 0xD2, 0x97, 0xC8, 0x98, 0xF1,
    0x47, 0x91, 0xAC, 0x8B, 0x34, 0x10, 0x63, 0xB5, 0x4E, 0x9B, 0x34, 0x38, 0x4F, 0x56, 0x4D, 0x69,
    0xC1, 0x30, 0xB7, 0xC1, 0x44, 0xDF, 0x8B, 0x79, 0x8B, 0xB3, 0xD4, 0x72, 0x66, 0x71, 0xE6, 0x82,
    0x93, 0x45, 0xC4, 0x6C, 0x30, 0x75, 0xDD, 0xD5, 0xCE, 0x76, 0x41, 0x16, 0x51, 0xC8, 0xC2, 0xA8,
    0x96, 0x61, 0x48, 0x36, 0x26, 0x8B, 0x62, 0xB1, 0xE4, 0x1F, 0xD9, 0x6C, 0x0E, 0x47, 0x7D, 0xBA,
    0xDB, 0x5C, 0x4D, 0xB3, 0xD5, 0x1D, 0x28, 0xB1, 0xB4, 0x54, 0xC1, 0x96, 0x61, 0x38, 0xF3, 0x5C,
    0xE1, 0xC8, 0x92, 0xA9, 0xD4, 0x7B, 0x57, 0x41, 0xD4, 0xDB, 0xAB, 0x09, 0x0A, 0x99, 0x65, 0xE3,
    0x0A, 0x89, 0x46, 0x86, 0x6B, 0x54, 0x62, 0x76, 0xBA, 0x3B, 0x1B, 0x2B, 0x59, 0x93, 0xB1, 0xFC,
    0x05, 0x0B, 0xC3, 0x76, 0x99, 0xDB, 0xBF, 0xE7, 0xD0, 0x96, 0xC9, 0xA4, 0xEB, 0xC5, 0xD6, 0x51,
    0xDD, 0x09, 0xF1, 0xE7, 0x57, 0x01, 0xDE, 0x0F, 0x11, 0x98, 0xAB, 0x44, 0xA7, 0x05, 0x0F, 0x0F,
    0xC5, 0x05, 0xCB, 0xDE, 0xB7, 0x2C, 0x45, 0x98, 0x9A, 0xB2, 0xE5, 0xEB, 0x19, 0x2B, 0xD6, 0x24,
    0xEE, 0x71, 0x56, 0xD1, 0xAB, 0xF3, 0xA4, 0xD5, 0x56, 0x14, 0xC1, 0x0D, 0xE1, 0x09, 0xE0, 0x6F,
    0x84, 0x87, 0x76, 0x06, 0x36, 0x2B, 0x38, 0xDA, 0x86, 0xB7, 0x47, 0x0D, 0xCB, 0x88, 0x52, 0x2A,
    0x53, 0x04, 0x06, 0xD9, 0x90, 0x98, 0x63, 0x19, 0xBF, 0x85, 0xB2, 0xD3, 0xB4, 0xC1, 0xC6, 0x4C,
    0x74, 0x12, 0x6D, 0x58, 0xC3, 0x13, 0x18, 0x83, 0x1C, 0x55, 0x2C, 0x79, 0x1A, 0x16, 0x80, 0xDC,
    0xBA, 0x65, 0x5D, 0xAF, 0x45, 0xD3, 0x11, 0x74, 0x94, 0x2D, 0xA1, 0x2E, 0x52, 0x6C, 0xF4, 0x0C,
    0xC7, 0xB6, 0xA0, 0xAB, 0x86, 0xCC, 0x99, 0x00, 0xD6, 0xDD, 0x49, 0x0B, 0x90, 0xFA, 0xD5, 0xD5,
    0x97, 0xA1, 0xEE, 0x7A, 0xED, 0xAF, 0x4B, 0xFC, 0x23, 0x95, 0x8A, 0xB1, 0x91, 0xA7, 0x0C, 0x5B,
    0x05, 0x18, 0x9A, 0x9A, 0xF2, 0xA3, 0xB4, 0x38, 0x43, 0xAD, 0x47, 0xB9, 0xF9, 0xC7, 0xF8, 0x96,
    0xFF, 0xF3, 0x1B, 0xBA, 0x5D, 0x4C, 0x3C, 0xAA, 0x74, 0xD5, 0x60, 0x2F, 0xA2, 0x8B, 0x41, 0x0E,
    0x20, 0x0C, 0x67, 0x8A, 0x8A, 0x40, 0xFD, 0x67, 0x8F, 0x8A, 0x40, 0xFD, 0xB6, 0xD4, 0x2A, 0x40,
    0x5D, 0x7B, 0x6E, 0x5E, 0x02, 0xE7, 0x5B, 0x18, 0xAC, 0x12, 0xC8, 0x46, 0x18, 0xB5, 0x79, 0x63,
    0xD4, 0xA9, 0xA6, 0xA9, 0x76, 0xFD, 0x71, 0x8B, 0xC8, 0x7A, 0x81, 0x8E, 0xAD, 0x75, 0x97, 0xFB,
    0x67, 0xA8, 0x0C, 0x8F, 0xFE, 0x9A, 0x37, 0x4C, 0x8B, 0x30, 0x73, 0x17, 0x20, 0x56, 0x18, 0x9C,
    0x87, 0xDF, 0xB9, 0xBF, 0x8A, 0x20, 0xCB, 0xA1, 0x0E, 0x71, 0x1D, 0xBC, 0x2E, 0xA8, 0x02, 0xE9,
    0x6D, 0x06, 0x1E, 0xD6, 0xDE, 0x02, 0x43, 0x23, 0x87, 0x7D, 0xB5, 0xCF, 0x06, 0xDD, 0xCF, 0x1C,
    0x95, 0xF0, 0x34, 0x82, 0x4C, 0x74, 0x37, 0x19, 0x3C, 0x2B, 0x5D, 0x37, 0x25, 0xCE, 0xE3, 0x66,
    0xAF, 0x1D, 0x7F, 0x7F, 0x1E, 0xDD, 0x0E, 0x7C, 0xE7, 0x2C, 0xD5, 0x7D, 0x47, 0xE8, 0x4D, 0xDA,
    0x8A, 0x3F, 0x38, 0x58, 0xA3, 0xE8, 0x5D, 0x15, 0x76, 0xEC, 0xF1, 0x4D, 0x3D, 0x70, 0x02, 0x97,
    0xC6, 0x53, 0x89, 0x91, 0x92, 0x25, 0xC2, 0x1A, 0xDC, 0x59, 0x8E, 0x31, 0x65, 0x19, 0x8C, 0x23,
    0x2B, 0x0E, 0xAF, 0x74, 0x09, 0x92, 0x86, 0x84, 0xE5, 0x3A, 0xEE, 0xC0, 0x72, 0x01, 0x6C, 0x57,
    0xC1, 0x47, 0xDD, 0x6E, 0x7C, 0x68, 0xC5, 0xBD, 0xEB, 0x4A, 0x85, 0x41, 0x70, 0xC3, 0x24, 0x38,
    0x1C, 0x5C, 0x68, 0x67, 0x8D, 0xD1, 0xF8, 0xF2, 0x8E, 0xD4, 0x26, 0x5D, 0x6C, 0xE0, 0x9A, 0xBB,
    0x00, 0x17, 0xB7, 0x37, 0x03, 0xC7, 0x0C, 0x00, 0xD6, 0xDD, 0x3C, 0xEC, 0xDC, 0x19, 0x15, 0x5E,
    0xF2, 0x04, 0x20, 0x3F, 0x20, 0x6C, 0x3A, 0x34, 0x7E, 0x16, 0x67, 0xB9, 0x0D, 0x73, 0x9C, 0x92,
    0x4B, 0x43, 0x46, 0xD9, 0x6E, 0xC8, 0x68, 0x92, 0x1D, 0x45, 0x7E, 0x15, 0x45, 0xD7, 0x4B, 0x2C,
    0x88, 0x04, 0x64, 0x54, 0xB8, 0x60, 0xAA, 0x90, 0x7D, 0x57, 0xE1, 0x30, 0x4F, 0x3B, 0xB0, 0x65,
    0x37, 0x29, 0x4D, 0x14, 0x98, 0x07, 0xF1, 0x3F, 0x07, 0xA3, 0x5B, 0xB4, 0x13, 0x54, 0x4E, 0xDB,
    0x74, 0x1E, 0xF8, 0xF2, 0xCB, 0x25, 0x8A, 0x4E, 0xE1, 0x61, 0x0E, 0x78, 0x16, 0x32, 0xC2, 0xF4,
    0xE2, 0xB5, 0x9A, 0xD0, 0x16, 0xFF, 0x43, 0x21, 0x3B, 0x7E, 0x21, 0x83, 0x22, 0xCD, 0xC5, 0x02,
    0x17, 0x1E, 0x17, 0x93, 0x3A, 0x22, 0xEA, 0xB4, 0x2E, 0xB3, 0x7A, 0x55, 0x97, 0x25, 0x4D, 0xA0,
    0x68, 0x19, 0x37, 0x01, 0x9E, 0x96, 0xC2, 0x71, 0x63, 0x4C, 0x0C, 0x74, 0xFD, 0xAD, 0x7F, 0xE6,
    0xEE, 0x55, 0x38, 0x18, 0x37, 0x23, 0x34, 0xF8, 0x76, 0x6C, 0xA8, 0x4B, 0x06, 0xB6, 0xDE, 0x62,
    0x84, 0x98, 0xE9, 0x50, 0x23, 0xB3, 0x26, 0x62, 0x86, 0xEC, 0xD4, 0x39, 0x4C, 0x8B, 0xD6, 0x24,
    0x62, 0xD0, 0xA9, 0x30, 0x0E, 0x2B, 0x2B, 0xDD, 0x2F, 0xA9, 0x19, 0x62, 0x07, 0xDE, 0x97, 0x83,
    0xA3, 0x40, 0xCD, 0xEB, 0x12, 0x56, 0x0B, 0x3C, 0x0E, 0xF6, 0xD8, 0x8C, 0xFA, 0x24, 0x35, 0xB6,
    0x35, 0x8A, 0x2C, 0x5B, 0x99, 0x0C, 0x88, 0x2A, 0xFB, 0x32, 0x1F, 0xD8, 0x34, 0xF6, 0x66, 0x83,
    0x18, 0x98, 0x69, 0x98, 0x89, 0x8F, 0x97, 0x30, 0xF0, 0xAF, 0xE3, 0xBE, 0x26, 0xE8, 0xE3, 0xB7,
    0x25, 0x4D, 0x5F, 0x92, 0x0F, 0x2F, 0x7E, 0x20, 0xA7, 0xDF, 0xAD, 0xD5, 0x97, 0x60, 0x1B, 0x08,
    0x98, 0xB6, 0x1C, 0x12, 0x6E, 0x19, 0x2E, 0x8C, 0x3E, 0xA0, 0x10, 0x69, 0x4F, 0x69, 0xEF, 0xB8,
    0xB8, 0x03, 0x37, 0xAF, 0xBC, 0xF4, 0xEA, 0x43, 0x7D, 0x3F, 0xAC, 0x26, 0xBD, 0xDD, 0xAD, 0xCF,
    0x55, 0x9D, 0x7F, 0x2D, 0xB9, 0x73, 0x26, 0x26, 0xFB, 0x9D, 0xC9, 0xC6, 0xB3, 0x1E, 0x63, 0xF4,
    0xC1, 0xD1, 0x1F, 0x7B, 0x29, 0xD8, 0xC2, 0xFD, 0xF4, 0xA0, 0xC8, 0xE3, 0xCD, 0x5E, 0x3A, 0xB7,
    0x44, 0x13, 0x23, 0x2A, 0x18, 0xCC, 0x8B, 0x49, 0x6A, 0xD4, 0x08, 0xA1, 0x7E, 0x0F, 0x22, 0xD7,
    0x99, 0x71, 0xBA, 0x47, 0xEC, 0x47, 0x68, 0xAE, 0xD1, 0xB3, 0xE2, 0x4F, 0xCA, 0x4F, 0x4C, 0xCB,
    0xA7, 0xC4, 0x0B, 0x74, 0x40, 0x89, 0xB8, 0x0F, 0xA1, 0xC1, 0x09, 0x7A, 0x86, 0x95, 0x6F, 0xEA,
    0xC2, 0x50, 0x8A, 0xE6, 0xE8, 0x57, 0x34, 0x15, 0x04, 0xBE, 0xE9, 0x89, 0xA8, 0x8C, 0x23, 0x04,
    0x27, 0x47, 0x73, 0x2C, 0xA7, 0x8B, 0xBE, 0x38, 0x5B, 0x43, 0x2F, 0x7A, 0xA6, 0x20, 0x86, 0x72,
    0x29, 0x97, 0xB3, 0xED, 0xF4, 0xF0, 0xC0, 0x40, 0x0C, 0x07, 0x37, 0xCE, 0x69, 0xD2, 0xD6, 0xE5,
    0xC8, 0x39, 0x27, 0xB3, 0xCA, 0x2E, 0x34, 0xA6, 0xAE, 0x78, 0x78, 0x59, 0xE1, 0x65, 0x86, 0x42,
    0xC9, 0x75, 0xA6, 0xED, 0xEE, 0x74, 0x3A, 0x91, 0xC8, 0x2C, 0x5E, 0x18, 0xFC, 0xA4, 0x7A, 0xD3,
    0xF6, 0x10, 0x3C, 0x56, 0x55, 0x83, 0x4A, 0xCD, 0x20, 0xED, 0x83, 0x3D, 0x3C, 0xCF, 0x2C, 0xB7,
    0xF1, 0x04, 0x5D, 0xCE, 0x9F, 0x93, 0x96, 0x5A, 0xBB, 0x68, 0x67, 0x78, 0xB1, 0x91, 0x8C, 0x0B,
    0xDB, 0x70, 0x72, 0xF0, 0xDB, 0x3C, 0x73, 0xB8, 0xC4, 0xDA, 0x63, 0x70, 0x5E, 0x98, 0x61, 0xD0,
    0x72, 0xFA, 0x1C, 0x65, 0x6A, 0x4D, 0x94, 0x10, 0xDB, 0x70, 0x78, 0x23, 0x78, 0x0A, 0x19, 0x4E,
    0xB8, 0x4A, 0x6D, 0x44, 0x42, 0x25, 0x1A, 0xB0, 0xC9, 0x46, 0xF0, 0x92, 0xE4, 0x25, 0x5D, 0xC5,
    0x3A, 0xE4, 0x9A, 0x4F, 0x4B, 0xE3, 0x0D, 0x47, 0xBF, 0x22, 0x34, 0xAC, 0x90, 0x11, 0x8E, 0x5D,
    0x84, 0x18, 0x7D, 0x77, 0x11, 0xBA, 0x63, 0xB8, 0x81, 0xD3, 0x98, 0x48, 0xBC, 0x84, 0xD6, 0xAE,
    0x38, 0xC6, 0x1B, 0xD2, 0x78, 0x5A, 0x5A, 0x87, 0x3C, 0x80, 0x27, 0x69, 0xC1, 0x26, 0x84, 0xD5,
    0x76, 0x29, 0x8C, 0x39, 0xCC, 0x2A, 0x0D, 0x5E, 0x20, 0x3B, 0x49, 0xD9, 0x18, 0xE5, 0xE2, 0x34,
    0x7E, 0x94, 0xE2, 0x60, 0xEF, 0x1B, 0x14, 0x72, 0x25, 0x1A, 0x5C, 0x6D, 0x74, 0x95, 0x4C, 0xA5,
    0x71, 0x2A, 0x27, 0xB8, 0x71, 0x07, 0x3A, 0x69, 0x08, 0x03, 0x93, 0x33, 0xAD, 0x5C, 0x2F, 0xC6,
    0x54, 0x24, 0xE0, 0x09, 0x46, 0x01, 0xDC, 0x17, 0xBA, 0x8F, 0x22, 0xFB, 0xB0, 0xE9, 0x9A, 0x87,
    0xD9, 0x83, 0x65, 0xB0, 0xB1, 0x4A, 0x96, 0x45, 0x9D, 0x9A, 0x68, 0x9E, 0xCB, 0x9B, 0x08, 0xCB,
    0xB7, 0x60, 0x0D, 0x95, 0xD6, 0x0A, 0xA3, 0xDA, 0xD5, 0x37, 0xB2, 0xC0, 0xC1, 0xAE, 0x86, 0xCE,
    0xE0, 0x14, 0xCD, 0xA7, 0xC1, 0xA7, 0x83, 0x7E, 0xCE, 0x1A, 0xB3, 0x06, 0x45, 0xFF, 0x9D, 0xAF,
    0xDE, 0xB8, 0xDD, 0xFA, 0x2B, 0x34, 0x75, 0x52, 0x33, 0x9E, 0xB5, 0xD6, 0x7A, 0x45, 0x75, 0x95,
    0x82, 0x6B, 0xA2, 0x84, 0x29, 0x3F, 0x32, 0x51, 0xB2, 0x09, 0x57, 0x36, 0x19, 0xC9, 0x5A, 0xAB,
    0xB9, 0xE3, 0xD5, 0xDC, 0x29, 0x1E, 0x03, 0x7F, 0xE0, 0x79, 0x29, 0xAD, 0xBC, 0xAF, 0xF1, 0x0F,
    0x52, 0x7A, 0xA5, 0x57, 0x51, 0x58, 0x17, 0x0D, 0x29, 0x06, 0x62, 0x5A, 0x4D, 0xA6, 0x2D, 0x28,
    0x67, 0xDA, 0x8C, 0x3B, 0x6C, 0xA7, 0x48, 0x59, 0xAA, 0xC0, 0x5E, 0xF2, 0x8C, 0xD4, 0xD9, 0x51,
    0xE5, 0x5D, 0x35, 0xB9, 0xEB, 0xF6, 0xB3, 0x12, 0x16, 0xE0, 0x04, 0xE8, 0x67, 0x19, 0xBD, 0xD3,
    0x36, 0xF4, 0x2A, 0x29, 0x16, 0xAF, 0xB0, 0xA1, 0x1B, 0x99, 0x60, 0x53, 0xC7, 0xC3, 0x79, 0x30,
    0x62, 0xAB, 0x59, 0x37, 0x1C, 0x61, 0xC5, 0xB2, 0x56, 0xD8, 0xE4, 0x1D, 0xAF, 0xB2, 0xD1, 0xFB,
    0x03, 0xB1, 0xD9, 0x53, 0xE2, 0x38, 0x1F, 0x4E, 0x3D, 0x5B, 0x05, 0x3F, 0x6C, 0xFE, 0x98, 0xA2,
    0x22, 0xD9, 0x6C, 0x02, 0x55, 0x2A, 0xEC, 0x31, 0x52, 0xC6, 0x87, 0xFF, 0xA2, 0xD0, 0xD4, 0x4C,
    0x3D, 0xBC, 0x69, 0xA5, 0xEA, 0xAD, 0xC7, 0xB9, 0xBD, 0xF5, 0xC0, 0xD7, 0xA6, 0xAD, 0x2F, 0x1B,
    0xB7, 0x02, 0x11, 0x92, 0x4C, 0xD5, 0x13, 0x75, 0x0D, 0x86, 0xB6, 0xB8, 0xF8, 0xBC, 0xC6, 0x60,
    0x97, 0x55, 0x9A, 0xA6, 0x35, 0x7A, 0x7F, 0x8F, 0x5F, 0xBC, 0x2D, 0x94, 0xAD, 0xFE, 0x7C, 0xBA,
    0xAA, 0x38, 0x50, 0xDD, 0xBA, 0x4E, 0xD8, 0x2A, 0x91, 0xA4, 0xBA, 0xFA, 0xCC, 0xF6, 0x96, 0xDD,
    0xDB, 0xE4, 0xCF, 0x09, 0x89, 0x7F, 0x8D, 0xFF, 0x7E, 0xE2, 0x04, 0xAC, 0x0D, 0x07, 0x41, 0x3D,
    0xDF, 0x79, 0x11, 0xE6, 0x55, 0xDB, 0xB7, 0x86, 0x8E, 0x04, 0x34, 0x22, 0xB7, 0x6E, 0x9D, 0xAE,
    0xF0, 0xD4, 0x14, 0x1E, 0x41, 0x51, 0xDC, 0xE8, 0x07, 0x47, 0xF8, 0x9C, 0x37, 0xAD, 0x2F, 0x3E,
    0x52, 0x2E, 0x95, 0x6D, 0x6F, 0x2D, 0x3C, 0x8E, 0xB6, 0xB8, 0x7A, 0x73, 0x7E, 0x10, 0x9D, 0xE5,
    0xB0, 0x46, 0x28, 0x46, 0x01, 0x8F, 0xBB, 0x82, 0x7A, 0x59, 0x5B, 0xA7, 0xCF, 0xE1, 0x0A, 0x99,
    0xEF, 0xDF, 0x81, 0x89, 0xFF, 0xCA, 0xDB, 0xDF, 0x67, 0xF4, 0x55, 0xF5, 0xD9, 0x64, 0x5E, 0x6F,
    0xD2, 0xE7, 0x75, 0xF1, 0x08, 0xB2, 0x0F, 0x02, 0xCF, 0x10, 0xD6, 0x99, 0xB8, 0x2B, 0xA8, 0x97,
    0xF1, 0x6C, 0x2D, 0x3C, 0xA4, 0x72, 0x73, 0xC6, 0x61, 0x32, 0x56, 0x38, 0x67, 0x80, 0x40, 0x50,
    0x9B, 0xD8, 0x70, 0x66, 0xE4, 0x86, 0x0D, 0x8C, 0x05, 0x32, 0x52, 0xA4, 0x57, 0x36, 0x9A, 0x64,
    0x61, 0x67, 0xE5, 0x6E, 0x8F, 0x9F, 0x10, 0x09, 0xD6, 0x74, 0x71, 0xBB, 0x3D, 0xBD, 0x08, 0x3E,
    0x51, 0xA4, 0xC9, 0x4C, 0xFB, 0x4B, 0x34, 0xBE, 0x36, 0x87, 0x5F, 0x2D, 0x34, 0xAD, 0x9C, 0xCA,
    0xC4, 0x6F, 0x38, 0xEB, 0xA4, 0xF5, 0x30, 0x54, 0x47, 0xEF, 0x66, 0x69, 0x21, 0x28, 0x38, 0x6C,
    0xAC, 0x1A, 0x3F, 0x89, 0x2F, 0x07, 0x72, 0x5B, 0x27, 0x33, 0xD5, 0xD1, 0x69, 0x0E, 0x19, 0xE5,
    0x8D, 0xE4, 0xAF, 0x8A, 0xA1, 0x0B, 0x4C, 0xA8, 0x89, 0x91, 0x50, 0x0B, 0x21, 0xFC, 0xBD, 0x46,
    0xD6, 0x65, 0x3A, 0xDD, 0x68, 0xB5, 0x0E, 0x02, 0x15, 0xCB, 0xAC, 0xFB, 0x3E, 0xD2, 0xB3, 0x63,
    0xC2, 0x90, 0x2A, 0x06, 0xAB, 0xB7, 0xC8, 0x25, 0x72, 0x9F, 0xC1, 0x60, 0xA6, 0x2C, 0xFB, 0xA6,
    0xAC, 0x7A, 0xE4, 0xDE, 0xBC, 0x9D, 0x16, 0xB1, 0xA6, 0xF4, 0xDE, 0x0D, 0xE1, 0x0B, 0x12, 0xEF,
    0x2D, 0x79, 0x93, 0x76, 0xE5, 0xD0, 0x4A, 0x7E, 0xC6, 0xA9, 0xB4, 0x56, 0x22, 0xAF, 0x2D, 0x14,
    0x8C, 0xBF, 0x29, 0x0A, 0xFA, 0xCF, 0x7D, 0x0A, 0xC5, 0x30, 0xC8, 0x5F, 0xE3, 0xB8, 0x5D, 0x89,
    0xC3, 0x0D, 0xB1, 0xD4, 0x96, 0x7C, 0xDE, 0x93, 0x52, 0x49, 0xF7, 0x09, 0xB9, 0x96, 0x74, 0xED,
    0x96, 0xA4, 0xE2, 0x15, 0x3F, 0x06, 0xFD, 0x40, 0xDC, 0xE6, 0xDC, 0x22, 0xE7, 0x03, 0xF9, 0x4E,
    0x14, 0xA9, 0x32, 0x5C, 0xDE, 0x54, 0x6E, 0x90, 0x1A, 0x3E, 0xC6, 0xF8, 0x26, 0x0C, 0xC1, 0xAF,
    0x6F, 0x69, 0x5E, 0x6F, 0x1B, 0x09, 0xA4, 0x6D, 0xC1, 0xFA, 0x6A, 0xC8, 0x1A, 0xA4, 0x3B, 0xED,
    0xCF, 0x6D, 0x5D, 0x8F, 0x9E, 0x5A, 0x73, 0x55, 0x09, 0x56, 0xCE, 0xE1, 0x72, 0xDB, 0xA8, 0x6D,
    0x9B, 0x53, 0x75, 0x24, 0x79, 0xC8, 0xBA, 0x8B, 0x21, 0xCF, 0x46, 0x3D, 0x3C, 0x89, 0xF4, 0x84,
    0xEC, 0x76, 0x1E, 0x6B, 0x3F, 0xF7, 0x9C, 0xA6, 0x30, 0xC5, 0x36, 0xF3, 0x80, 0x01, 0x0E, 0xBE,
    0xDB, 0x92, 0x57, 0x6C, 0x77, 0x3E, 0x98, 0xE3, 0x67, 0xFE, 0x52, 0xA7, 0x76, 0x02, 0x18, 0x6E,
    0xD8, 0x65, 0xF3, 0x1D, 0x96, 0x1D, 0x07, 0xE6, 0x44, 0x47, 0x96, 0x1A, 0x5F, 0xE2, 0xE6, 0x38,
    0x62, 0xE7, 0xFD, 0x0D, 0x2E, 0x75, 0x04, 0x11, 0x7B, 0x83, 0x21, 0x5E, 0xB2, 0xD7, 0xE0, 0x42,
    0xCC, 0x37, 0x2B, 0x5B, 0x66, 0x28, 0xCB, 0x7A, 0x98, 0x6B, 0x5F, 0xE2, 0xD4, 0xCF, 0x4B, 0x85,
    0x85, 0xF6, 0x17, 0x60, 0xD6, 0xDF, 0x6A, 0x23, 0xFA, 0x36, 0xE7, 0x79, 0x6F, 0x98, 0x9F, 0x0F,
    0x55, 0x9A, 0x09, 0x0D, 0x32, 0xC9, 0x25, 0xC8, 0xDE, 0xBA, 0x04, 0xB1, 0x77, 0xB7, 0xED, 0xE3,
    0xC0, 0x3A, 0xE8, 0xDB, 0x31, 0xB4, 0x0D, 0x37, 0x64, 0x9E, 0x65, 0x51, 0x1D, 0xFA, 0x1C, 0xFA,
    0xD1, 0x2E, 0xF4, 0x2A, 0x8C, 0xB2, 0xD2, 0xB7, 0x89, 0x9A, 0xAF, 0x02, 0x6E, 0xB8, 0xC9, 0xC9,
    0x0F, 0x5F, 0x9D, 0x7A, 0x9E, 0x22, 0xA9, 0x6A, 0x6C, 0x59, 0xBA, 0x7F, 0x0B, 0x36, 0x92, 0xB7,
    0x82, 0x8D, 0x5E, 0xA0, 0x4B, 0xCC, 0xF8, 0xDB, 0x28, 0xCC, 0x56, 0x77, 0xD4, 0xE6, 0x8F, 0x13,
    0x1C, 0xCC, 0xB7, 0xD2, 0x68, 0x37, 0xFE, 0x3A, 0x4E, 0xD0, 0x49, 0xC0, 0x28, 0xA7, 0x2B, 0xB7,
    0xB0, 0x2F, 0xB7, 0x80, 0x77, 0xF2, 0x97, 0xE8, 0xBC, 0x54, 0xEF, 0x6E, 0x4A, 0x51, 0xB4, 0xE3,
    0x0B, 0x4D, 0x73, 0x2A, 0x60, 0x2B, 0xF0, 0x6C, 0xB5, 0xF6, 0x42, 0xAC, 0x19, 0xA8, 0x68, 0x0A,
    0xEE, 0x78, 0xD1, 0x6D, 0xDA, 0x75, 0xB7, 0x49, 0x7C, 0xDB, 0xE9, 0x0F, 0xD3, 0xBD, 0xDB, 0xE1,
    0x48, 0xB4, 0xF5, 0x23, 0x2D, 0x07, 0xF2, 0x63, 0x90, 0xDD, 0x93, 0xEE, 0xED, 0xFB, 0x92, 0xD5,
    0x1D, 0xD0, 0x6D, 0x4E, 0xA9, 0xB4, 0x21, 0x15, 0x62, 0xC8, 0x2E, 0x88, 0xC8, 0xAC, 0x74, 0x89,
    0xB5, 0x77, 0xDF, 0xAC, 0xF5, 0xEC, 0x66, 0x30, 0x37, 0xDE, 0xCD, 0x13, 0x7E, 0x91, 0x8B, 0xB7,
    0x7C, 0x91, 0xEB, 0x88, 0xD3, 0x81, 0xEF, 0xD0, 0x97, 0x97, 0x29, 0x5F, 0xA1, 0x71, 0x41, 0xEB,
    0x35, 0x83, 0xF8, 0xF3, 0x2B, 0xD4, 0x11, 0x36, 0x8B, 0xEE, 0x24, 0xA3, 0x8F, 0xF4, 0x72, 0xF3,
    0xEE, 0xCB, 0x0D, 0x7E, 0xF1, 0xE3, 0xA4, 0x39, 0xE7, 0xCD, 0x8B, 0x6A, 0xA5, 0xEA, 0x6C, 0x02,
    0x90, 0x4D, 0xA8, 0x7F, 0x89, 0xCD, 0x50, 0x9C, 0x61, 0x72, 0x46, 0x89, 0xCC, 0xC4, 0xE6, 0x58,
    0x45, 0x7B, 0xF3, 0x91, 0xCD, 0x75, 0x8D, 0x57, 0x25, 0xDE, 0x16, 0x00, 0xB7, 0xFC, 0x35, 0x33,
    0xAA, 0x12, 0xA9, 0x6C, 0x00, 0xAB, 0x3D, 0xBE, 0x25, 0x62, 0x93, 0xA5, 0xF1, 0x9E, 0xCE, 0x4C,
    0x05, 0x5E, 0xE3, 0xA4, 0x47, 0x19, 0x09, 0xFF, 0xA3, 0x7B, 0x9A, 0xDA, 0x51, 0x59, 0x61, 0xEB,
    0x75, 0x91, 0x32, 0x82, 0x32, 0x3C, 0x1F, 0xF4, 0xD7, 0x1D, 0xDA, 0xD1, 0x87, 0xAE, 0x66, 0xB5,
    0xB3, 0x46, 0x39, 0xBE, 0xAC, 0xB9, 0x9B, 0xE4, 0x60, 0xB6, 0x91, 0x67, 0xB8, 0xC5, 0x3D, 0x0D,
    0x1C, 0xB7, 0xF0, 0x03, 0x7B, 0x2D, 0xA8, 0xEB, 0x6D, 0xC0, 0x69, 0xB3, 0xB1, 0xF3, 0x7C, 0xBC,
    0x56, 0xA0, 0x59, 0xEA, 0xB3, 0xC1, 0x69, 0x2E, 0x3E, 0xC2, 0x13, 0xE3, 0x0D, 0xDE, 0x79, 0xF8,
    0xB4, 0x54, 0x49, 0xAC, 0x20, 0x1E, 0x9D, 0x54, 0xBB, 0x8B, 0x5F, 0x2C, 0xDC, 0x77, 0x9E, 0x17,
    0x1D, 0x55, 0xB5, 0x77, 0x94, 0xF7, 0x85, 0x2A, 0x7B, 0xE1, 0x17, 0xFC, 0x41, 0x86, 0x62, 0x62,
    0xEB, 0xF8, 0xF6, 0xCD, 0xE4, 0xBD, 0x75, 0xE6, 0x72, 0x14, 0x17, 0x82, 0xD1, 0x23, 0x32, 0x53,
    0x73, 0x5E, 0x89, 0xD0, 0x3E, 0x5E, 0x44, 0x47, 0x8F, 0x45, 0xCF, 0xE8, 0x0B, 0x99, 0xCA, 0x2B,
    0xEA, 0xAF, 0x2E, 0xBB, 0x66, 0xA6, 0x5D, 0xAC, 0xAC, 0xEF, 0xBD, 0x67, 0x7F, 0xFF, 0xF7, 0x7B,
    0xE9, 0x2E, 0x99, 0x14, 0x77, 0xD3, 0xE3, 0xF4, 0x15, 0xA7, 0xCB, 0x61, 0x0F, 0xB1, 0x9B, 0x5E,
    0x73, 0xBE, 0xA4, 0x98, 0xFB, 0xBA, 0x98, 0x78, 0x5F, 0xCC, 0x5C, 0xA5, 0x57, 0x1D, 0x7F, 0x8C,
    0x3A, 0x7E, 0xA9, 0xC6, 0x73, 0x75, 0x9E, 0x23, 0x8F, 0x07, 0x04, 0x9D, 0xC2, 0x7C, 0xE7, 0x85,
    0x56, 0x91, 0x3A, 0x33, 0x88, 0x29, 0x7A, 0xB9, 0xC6, 0x4F, 0xBA, 0x19, 0xFA, 0x11, 0x9F, 0xFD,
    0x6E, 0x1A, 0x55, 0xFA, 0x48, 0xC7, 0xFC, 0x64, 0xE8, 0x8C, 0x9F, 0xD6, 0x73, 0xFD, 0x0D, 0x1E,
    0xD2, 0xFF, 0x71, 0x5B, 0x7E, 0x66, 0xFD, 0x96, 0x2A, 0xA1, 0x62, 0xFA, 0x3B, 0xC6, 0x77, 0x50,
    0xC2, 0xDF, 0x08, 0x1B, 0xC7, 0x4B, 0x7D, 0x21, 0xA4, 0xD7, 0x39, 0x56, 0x28, 0x1C, 0x81, 0x83,
    0x7D, 0x09, 0x02, 0x9B, 0xE5, 0xD5, 0xCD, 0x7D, 0xCA, 0xEA, 0xDC, 0xD5, 0xBC, 0x8B, 0x67, 0xA7,
    0x2A, 0xF7, 0x2B, 0x7D, 0x78, 0x93, 0x19, 0xFF, 0x68, 0xEE, 0x8F, 0x92, 0xB4, 0x9F, 0x51, 0x02,
    0xF3, 0xA1, 0xAC, 0xF6, 0xA5, 0xFA, 0xFB, 0x9C, 0x9D, 0x08, 0x94, 0x24, 0xE6, 0x3C, 0x44, 0xBF,
    0xA7, 0x31, 0xE7, 0x29, 0xF1, 0x53, 0x4A, 0xA2, 0xFE, 0x3C, 0xBC, 0x04, 0x3F, 0xF7, 0xDB, 0xC0,
    0x5E, 0x70, 0xFB, 0xE7, 0x15, 0xAC, 0xC2, 0x43, 0x85, 0x7F, 0xFD, 0x93, 0x7B, 0x7B, 0x82, 0x82,
    0x8D, 0xBA, 0xC1, 0xB1, 0x9B, 0x0E, 0xA8, 0xCF, 0xFE, 0x1C, 0xC8, 0xE5, 0xE9, 0x05, 0x7A, 0x56,
    0x9C, 0x80, 0xBE, 0x67, 0xC4, 0x1D, 0x6E, 0xBF, 0x93, 0xC2, 0xD3, 0x03, 0xD4, 0x4F, 0x63, 0x10,
    0x8D, 0xBF, 0xDB, 0xB7, 0x55, 0xD0, 0xFE, 0x46, 0x81, 0xD4, 0xC9, 0xE9, 0xE4, 0x24, 0x5A, 0x0E,
    0xD2, 0x63, 0x74, 0xF2, 0xEC, 0x17, 0x66, 0x1A, 0x35, 0xA5, 0x45, 0x62, 0x8F, 0x3C, 0x26, 0x9F,
    0x94, 0x77, 0x12, 0x3D, 0x4A, 0xE6, 0xB5, 0x4A, 0x92, 0xA6, 0x72, 0x14, 0xCB, 0xF1, 0x22, 0x23,
    0x39, 0x48, 0xB6, 0x49, 0xC5, 0xA6, 0x6B, 0x34, 0x46, 0xD9, 0x91, 0xC2, 0x54, 0xA6, 0xB6, 0x12,
    0x45, 0x2C, 0x3B, 0x26, 0xE3, 0x42, 0xA3, 0x4E, 0xF8, 0xD0, 0xC7, 0x65, 0x06, 0x04, 0x86, 0x2E,
    0x4C, 0xB5, 0x30, 0xF4, 0x7F, 0x85, 0x52, 0x31, 0x6C, 0xD3, 0x50, 0x10, 0x7D, 0xF6, 0x8F, 0xEA,
    0x46, 0x16, 0x76, 0x07, 0xC6, 0xC4, 0x5E, 0x18, 0x32, 0x38, 0x0D, 0x12, 0x19, 0x3C, 0xFC, 0x06,
    0x57, 0x42, 0x62, 0x42, 0xCA, 0xC0, 0xDE, 0x9D, 0x01, 0x82, 0xE4, 0xA1, 0x48, 0xA1, 0xB1, 0x3A,
    0x33, 0x74, 0x61, 0x45, 0x0C, 0x6C, 0x48, 0xC4, 0x48, 0x0C, 0x08, 0x15, 0x72, 0xD0, 0x91, 0x0E,
    0xDE, 0x3A, 0x12, 0x54, 0x89, 0x81, 0x08, 0x29, 0x95, 0x22, 0x11, 0x68, 0x13, 0x73, 0xDF, 0x76,
    0x52, 0x5A, 0x06, 0xCE, 0xF7, 0x7D, 0xF2, 0xF7, 0xFB, 0xF7, 0xDE, 0xDD, 0x7D, 0x2D, 0x82, 0x3E,
    0x84, 0xB8, 0x8E, 0x72, 0x0D, 0xE7, 0xB6, 0x06, 0x48, 0x60, 0x1D, 0xB0, 0x01, 0x23, 0x80, 0x20,
    0xE8, 0xC4, 0xEF, 0x56, 0x3F, 0x68, 0xCC, 0x32, 0xC0, 0x9E, 0x3E, 0x16, 0xCD, 0x95, 0x4A, 0x01,
    0xEF, 0x60, 0x9B, 0xF1, 0x15, 0x54, 0x79, 0x79, 0xF0, 0x31, 0x36, 0x69, 0x07, 0xD7, 0xB0, 0xD6,
    0xDD, 0x28, 0x21, 0x0E, 0x7D, 0x5F, 0x4A, 0xAF, 0x5E, 0xAD, 0x5A, 0x6C, 0x0A, 0xED, 0x6B, 0x24,
    0x75, 0x5A, 0x7F, 0x19, 0x35, 0xE6, 0x7C, 0x02, 0x56, 0xE6, 0xF6, 0xC2, 0xCD, 0x85, 0x1B, 0x0B,
    0x31, 0xFE, 0xAA, 0x27, 0xAF, 0x78, 0x5E, 0xA5, 0xD2, 0x18, 0xEC, 0xBB, 0x3F, 0x27, 0xFF, 0xC7,
    0xDF, 0x0C, 0xE4, 0x3B, 0xC8, 0x18, 0xF5, 0x47, 0xE4, 0xA6, 0x91, 0xD3, 0xBE, 0x40, 0x71, 0x19,
    0x9F, 0x00, 0x63, 0x60, 0x0A, 0xF1, 0x03, 0xA6, 0x0D, 0xCB, 0x0C, 0x2A, 0x22, 0xF2, 0x05, 0x35,
    0x75, 0xEA, 0x68, 0xEC, 0x49, 0xF8, 0x95, 0x5A, 0xA7, 0xE4, 0xF6, 0x19, 0x6A, 0x4C, 0xDD, 0x17,
    0x92, 0xCB, 0x93, 0x70, 0xCA, 0xE6, 0x4C, 0x9B, 0x88, 0xC4, 0x0E, 0x1C, 0xFE, 0x0A, 0x11, 0xE7,
    0xB9, 0x42, 0x54, 0x25, 0x24, 0x77, 0xC0, 0x41, 0x6C, 0x73, 0x17, 0x36, 0x13, 0x63, 0x97, 0xC4,
    0x41, 0xA4, 0x1F, 0x05, 0xDA, 0x08, 0x98, 0x03, 0xEF, 0x81, 0x2E, 0x2B, 0x5C, 0x48, 0xE5, 0x26,
    0x6F, 0x00, 0x3B, 0xC0, 0x00, 0x18, 0x41, 0x3B, 0x8A, 0xC4, 0x01, 0x89, 0x5D, 0x32, 0x37, 0x87,
    0x7C, 0xDC, 0xC1, 0x1B, 0x66, 0x63, 0xBA, 0x50, 0xB5, 0x49, 0x99, 0x31, 0x81, 0xBB, 0x0F, 0xE9,
    0xA0, 0x69, 0xC1, 0xB7, 0xD1, 0xDA, 0x82, 0x9D, 0x02, 0xB7, 0xF3, 0x19, 0xE5, 0x1E, 0x15, 0xC3,
    0xBA, 0x60, 0xF1, 0xDF, 0x41, 0xDC, 0xC9, 0xC3, 0xB3, 0x8B, 0x98, 0x82, 0x42, 0x4D, 0x48, 0x0F,
    0x6A, 0xB6, 0x42, 0x44, 0xD2, 0xC4, 0x55, 0xCE, 0xE7, 0x1B, 0x2C, 0x54, 0x4F, 0xB6, 0x4D, 0x16,
    0xAE, 0xFF, 0x9E, 0xBF, 0xE2, 0x3A, 0xF5, 0xF4, 0xF3, 0x54, 0x05, 0xCA, 0x8A, 0x60, 0x56, 0xA0,
    0x01, 0x97, 0x77, 0x60, 0xA6, 0x67, 0x2A, 0x60, 0xB0, 0xB7, 0x4C, 0x5D, 0x5B, 0x16, 0xFB, 0xAF,
    0xDD, 0x0F, 0x32, 0x31, 0x69, 0xA2, 0x68, 0xDD, 0x60, 0xAC, 0x68, 0xBB, 0xE8, 0x30, 0xED, 0xC7,
    0x21, 0x3A, 0x4C, 0x7B, 0x4C, 0xDA, 0x98, 0x69, 0xD3, 0xA7, 0x7D, 0x62, 0xBE, 0x2F, 0xE9, 0x8C,
    0xB3, 0x0B, 0x2A, 0xA9, 0x74, 0xC6, 0x82, 0xD6, 0xCA, 0x69, 0xAD, 0x73, 0xDA, 0xE7, 0xC8, 0xC6,
    0xBA, 0xB4, 0x36, 0x23, 0xCE, 0xF8, 0x46, 0xDF, 0xCD, 0x9B, 0xDF, 0x2C, 0xE4, 0x34, 0xB6, 0x08,
    0xE6, 0x3C, 0x80, 0xC1, 0xF4, 0x4E, 0xB1, 0xA7, 0xC4, 0xC7, 0x1E, 0x1F, 0xF7, 0xF2, 0x8E, 0xBD,
    0x45, 0x36, 0x24, 0xD8, 0xDF, 0xFB, 0x2C, 0xE3, 0x57, 0x91, 0xCF, 0x1C, 0x3B, 0x6D, 0xC9, 0x97,
    0xDD, 0x29, 0x99, 0xF3, 0x07, 0x93, 0xC7, 0xBC, 0xA5, 0x3D, 0x51, 0x0F, 0x4A, 0xDA, 0x0C, 0x46,
    0x1A, 0x58, 0x82, 0x56, 0xB9, 0x3B, 0x1A, 0xAD, 0xA4, 0xD4, 0x48, 0xA9, 0x9B, 0xE5, 0x7A, 0x7D,
    0x88, 0xF8, 0x10, 0x21, 0xFB, 0x2D, 0x25, 0x83, 0xD9, 0xBC, 0x3C, 0x5D, 0x99, 0x97, 0xCB, 0xEB,
    0x06, 0x77, 0xE3, 0xE1, 0xA5, 0xE1, 0xD5, 0xD5, 0x3F, 0xDE, 0xEF, 0x0D, 0x81, 0x93, 0x29, 0xB4,
    0xE4, 0x03, 0xAF, 0xD3, 0x00, 0x27, 0xC7, 0x84, 0xDE, 0x27, 0xBA, 0x37, 0x18, 0x51, 0xEF, 0x5B,
    0x9A, 0x41, 0xFF, 0x00, 0xBD, 0x56, 0xBF, 0x6F, 0x23, 0x45, 0x14, 0xFE, 0x76, 0x37, 0x64, 0x43,
    0x36, 0xF1, 0x22, 0x91, 0x48, 0xA7, 0xC3, 0x39, 0x5F, 0x81, 0x90, 0x41, 0xCE, 0x2D, 0x85, 0x4F,
    0x72, 0xE1, 0x24, 0x53, 0x52, 0x70, 0x52, 0x8A, 0x18, 0x24, 0x14, 0x04, 0xDD, 0x95, 0xA4, 0xD8,
    0xC2, 0x48, 0x47, 0x58, 0xE5, 0x2F, 0x48, 0x01, 0xA2, 0x3A, 0x64, 0x21, 0x90, 0xD2, 0x80, 0x2D,
    0xA0, 0x48, 0xC1, 0x29, 0x2B, 0x9D, 0x44, 0x03, 0x85, 0x25, 0xE8, 0xB1, 0x44, 0x81, 0x84, 0x40,
    0xAC, 0x84, 0x8B, 0x70, 0x4A, 0xBC, 0x7C, 0x6F, 0x66, 0xFD, 0xE3, 0x42, 0xCE, 0x84, 0x38, 0x66,
    0xD7, 0xF3, 0xC6, 0xBB, 0x3B, 0xEF, 0x9B, 0x37, 0xEF, 0xCD, 0xFB, 0xE6, 0x01, 0xD9, 0x55, 0xAD,
    0x50, 0x94, 0xCA, 0x14, 0x2B, 0x21, 0x45, 0x4E, 0x8B, 0x2A, 0xC5, 0x6A, 0xF0, 0x61, 0xED, 0x8D,
    0x63, 0x37, 0x4D, 0xD3, 0x7D, 0x2C, 0xD7, 0x14, 0x46, 0x2E, 0xF7, 0xBD, 0x0E, 0xE0, 0x5C, 0xDB,
    0xEF, 0x3F, 0x97, 0x06, 0xE2, 0x07, 0x19, 0xF7, 0x4B, 0x34, 0x1C, 0xFA, 0x5F, 0xE1, 0xAB, 0x03,
    0xA8, 0x09, 0xEC, 0x1B, 0x41, 0x31, 0x06, 0x0D, 0xBE, 0x4E, 0x6C, 0xDF, 0x78, 0xF8, 0xE2, 0xE0,
    0xEB, 0x24, 0xF0, 0x1A, 0xEF, 0x67, 0x75, 0x79, 0x94, 0x6B, 0x22, 0xD6, 0x44, 0xDC, 0x15, 0xF1,
    0x70, 0xF0, 0x61, 0x4F, 0xDB, 0x2C, 0xE2, 0xDD, 0xCB, 0x5B, 0xFA, 0x09, 0xDD, 0xF7, 0x67, 0x3C,
    0x50, 0xBC, 0xCE, 0x6D, 0xB0, 0xD1, 0xE3, 0xFB, 0xE7, 0x52, 0xEE, 0x8C, 0x1E, 0xB0, 0xAB, 0x60,
    0x73, 0x7F, 0xF8, 0x7C, 0xB5, 0xCA, 0xEF, 0x82, 0xBB, 0xC3, 0xD6, 0x62, 0x4B, 0xB2, 0xBE, 0xCE,
    0xB6, 0xCE, 0xE6, 0x3F, 0x6A, 0xC2, 0x4A, 0x4F, 0x87, 0x38, 0xA9, 0xC6, 0x51, 0x98, 0x65, 0xDB,
    0x20, 0x4E, 0x17, 0xF0, 0x38, 0xDD, 0x0D, 0x31, 0xD0, 0x03, 0x42, 0x97, 0xFA, 0xC5, 0x36, 0x92,
    0x6A, 0xE7, 0x2C, 0x4E, 0x64, 0x1D, 0xF5, 0xFA, 0x26, 0x39, 0xFC, 0x6D, 0xC1, 0x39, 0x85, 0x73,
    0x07, 0xFE, 0x09, 0xAC, 0xCD, 0xFE, 0x87, 0x67, 0xF4, 0x9A, 0x6F, 0x51, 0x81, 0xA6, 0x2A, 0x38,
    0x31, 0xEC, 0x98, 0x72, 0xBD, 0xA9, 0x82, 0xD3, 0xFE, 0x18, 0x9A, 0xDE, 0x06, 0x14, 0xAC, 0x8E,
    0xC8, 0x7F, 0x57, 0xD9, 0x87, 0x95, 0xC0, 0xA9, 0xC3, 0x5D, 0xE8, 0x23, 0xEC, 0x68, 0xC3, 0xA8,
    0x95, 0xA7, 0x33, 0x45, 0xFA, 0x69, 0x24, 0x6F, 0x12, 0x78, 0x31, 0x76, 0x81, 0xE7, 0xF5, 0x28,
    0x6B, 0xC6, 0xD8, 0xFA, 0xB1, 0xEE, 0xEC, 0x57, 0xCC, 0xD3, 0x9D, 0xD1, 0x97, 0x83, 0x6B, 0xC5,
    0x74, 0x39, 0x19, 0xA8, 0x8A, 0xBE, 0x8C, 0x88, 0xE8, 0x8F, 0x25, 0x1A, 0x52, 0x71, 0x39, 0x93,
    0xDD, 0xAE, 0x7B, 0x74, 0xB4, 0xFD, 0xA8, 0xF7, 0x05, 0x42, 0xD8, 0xE9, 0x77, 0xC7, 0xD2, 0xC5,
    0x3A, 0xC4, 0x8E, 0xEC, 0xF6, 0x00, 0x05, 0x01, 0xF0, 0xD2, 0x13, 0x0D, 0x74, 0xA4, 0x53, 0xD7,
    0x79, 0x95, 0x4B, 0xBA, 0x3F, 0x32, 0x0D, 0xFD, 0xE4, 0x71, 0xC0, 0xAD, 0x2D, 0x13, 0xB5, 0x72,
    0xB6, 0x45, 0x82, 0xB7, 0x62, 0x78, 0x8C, 0xB0, 0xDB, 0xCE, 0x22, 0xC1, 0x16, 0x9E, 0x89, 0xE8,
    0x61, 0xB6, 0xE3, 0xFC, 0x5F, 0x9B, 0x9C, 0xFF, 0xAF, 0x01, 0xA4, 0x43, 0x7C, 0xE7, 0x4D, 0xFE,
    0x69, 0x64, 0x83, 0xA7, 0x35, 0xD7, 0x66, 0x36, 0x60, 0xF3, 0x7F, 0x98, 0x8B, 0xC1, 0x93, 0x94,
    0xF2, 0xBB, 0x92, 0x1E, 0xF7, 0x64, 0x8F, 0x97, 0x88, 0x5B, 0x5E, 0x24, 0x70, 0x5D, 0x12, 0x67,
    0xA3, 0x47, 0x31, 0xFF, 0xB9, 0xE0, 0xE5, 0x99, 0x3D, 0xB5, 0x6F, 0x24, 0x7B, 0x12, 0x66, 0xCF,
    0xD6, 0xE3, 0x61, 0xD5, 0x49, 0xB6, 0x18, 0x5E, 0x19, 0x9E, 0x23, 0x11, 0xB7, 0x25, 0xDE, 0x8B,
    0x92, 0x71, 0x37, 0xC2, 0x73, 0x78, 0xE9, 0xA6, 0x0C, 0x91, 0x89, 0x02, 0xAE, 0xDA, 0x92, 0x2D,
    0x2C, 0xCB, 0x87, 0xA7, 0xFA, 0xFF, 0xD0, 0x15, 0x27, 0xAD, 0x89, 0x97, 0x7C, 0x71, 0x87, 0x13,
    0x51, 0xD8, 0x71, 0x55, 0xE0, 0x39, 0xF9, 0x3B, 0x11, 0x27, 0xA7, 0xDA, 0x72, 0x4D, 0xFB, 0x61,
    0x30, 0xAD, 0x25, 0xF0, 0xCE, 0x36, 0xE1, 0x9D, 0xBD, 0x2B, 0x83, 0xBF, 0x6A, 0x73, 0xB5, 0xC9,
    0x5A, 0x4B, 0xC4, 0xBC, 0xB8, 0xC5, 0x1F, 0x90, 0xE0, 0xCB, 0x26, 0xFA, 0x7A, 0xCC, 0x29, 0xDC,
    0x54, 0xE5, 0x9C, 0x78, 0x8E, 0x49, 0x64, 0xC5, 0xB3, 0x69, 0x1C, 0xA4, 0xF1, 0x3D, 0xBD, 0x23,
    0xCC, 0x2F, 0xD4, 0xBF, 0x8A, 0x76, 0x6A, 0xE9, 0x22, 0x2A, 0x21, 0xC2, 0x9D, 0xB3, 0x2A, 0x98,
    0x87, 0xA6, 0x95, 0xE1, 0x25, 0xEE, 0xF4, 0x64, 0x65, 0x91, 0xA4, 0x36, 0xF3, 0x3A, 0xAE, 0x10,
    0x4B, 0x52, 0x39, 0xD4, 0xCF, 0x6E, 0x14, 0xA8, 0xC0, 0x64, 0x71, 0x73, 0x7F, 0xA8, 0xF6, 0x15,
    0x03, 0xF0, 0x65, 0xA4, 0xB9, 0x4A, 0x93, 0x4B, 0xC0, 0xE7, 0x22, 0xDB, 0x51, 0x64, 0x38, 0x63,
    0x92, 0x39, 0x6E, 0x12, 0xE7, 0x36, 0x71, 0x02, 0x65, 0x70, 0x26, 0xC5, 0xD3, 0x7C, 0x24, 0x3B,
    0x66, 0xB4, 0xA5, 0xC7, 0xC0, 0xEB, 0x3F, 0x42, 0x53, 0xD6, 0xB0, 0x2D, 0xE9, 0x38, 0x0A, 0x9E,
    0xC1, 0x0A, 0x85, 0xF5, 0x18, 0xFA, 0x80, 0x74, 0xEC, 0x89, 0x8A, 0xD0, 0x98, 0x22, 0x4F, 0x2B,
    0xB4, 0x85, 0xAD, 0x33, 0xF2, 0xAD, 0xD3, 0xC3, 0x79, 0x52, 0x66, 0x9E, 0x6E, 0xAE, 0x20, 0xF1,
    0xE2, 0x5D, 0x3A, 0xC5, 0xEE, 0xB8, 0x70, 0xE1, 0x74, 0xDD, 0x68, 0xDC, 0xA8, 0x3E, 0x91, 0x0C,
    0xF9, 0x23, 0x7B, 0x6A, 0x3C, 0xF6, 0x72, 0xBA, 0xB4, 0x3C, 0xF6, 0x20, 0xE4, 0xA1, 0x51, 0xE5,
    0x41, 0x13, 0xE6, 0xDA, 0x68, 0x2D, 0x36, 0x90, 0xAC, 0xB3, 0x5F, 0x3E, 0xFF, 0x20, 0x1C, 0x8B,
    0x43, 0x8C, 0x6A, 0x2E, 0x46, 0xB8, 0xB8, 0x8F, 0x56, 0x10, 0x71, 0x61, 0x0A, 0xAD, 0x7C, 0xFC,
    0xA4, 0x03, 0x75, 0x94, 0xF5, 0xD8, 0x7D, 0x60, 0xBA, 0xDF, 0xCD, 0xC9, 0x65, 0x4E, 0x90, 0xD9,
    0x4F, 0x0D, 0x05, 0x6D, 0x67, 0xDD, 0x74, 0x7C, 0x23, 0x67, 0xBB, 0xB3, 0xE9, 0xFC, 0xE6, 0x6E,
    0xCF, 0x37, 0xDC, 0xA2, 0x5B, 0x1C, 0x17, 0x48, 0x49, 0x68, 0xDC, 0xA6, 0xC9, 0x1B, 0x4C, 0xF6,
    0x32, 0x5B, 0x4A, 0xF4, 0x65, 0x5C, 0x79, 0xE1, 0x02, 0x7C, 0x84, 0x07, 0x78, 0x9B, 0xF7, 0xB3,
    0x91, 0x13, 0x9B, 0xDB, 0x3E, 0x73, 0x5B, 0xBC, 0xA1, 0xEE, 0x47, 0x47, 0xD1, 0x05, 0xC6, 0x89,
    0xCB, 0xB6, 0xAD, 0x03, 0xAB, 0xEB, 0x9F, 0x58, 0xD1, 0xDA, 0x8C, 0x15, 0x71, 0x66, 0xD5, 0xA1,
    0xEB, 0x12, 0x2E, 0xF5, 0x7D, 0x55, 0x81, 0x97, 0x90, 0x49, 0x0E, 0xD9, 0xEA, 0xE4, 0x92, 0x24,
    0x50, 0x5E, 0xDB, 0x4B, 0xB9, 0x86, 0x66, 0x43, 0x67, 0xA3, 0x7D, 0x97, 0xBA, 0xBD, 0x4B, 0xE8,
    0xC2, 0x3A, 0x80, 0xD4, 0x4B, 0x58, 0x9B, 0x31, 0xAB, 0xBD, 0xE8, 0x9C, 0xE4, 0x1D, 0x8F, 0x8E,
    0x7B, 0x9A, 0x0E, 0x9D, 0x35, 0xE5, 0x97, 0x39, 0x18, 0x84, 0x84, 0x0A, 0x4A, 0xCA, 0xD1, 0x39,
    0x60, 0x46, 0x13, 0xB9, 0xF7, 0x00, 0x2B, 0x39, 0x94, 0x3C, 0x94, 0x5C, 0x14, 0x9A, 0x8C, 0xAE,
    0x66, 0x93, 0x55, 0xD8, 0xC7, 0x12, 0xA6, 0x17, 0x75, 0x8D, 0xF6, 0xC2, 0x0E, 0x0A, 0x1D, 0x29,
    0x9E, 0x16, 0x2E, 0xAE, 0xA5, 0xCB, 0x5E, 0x71, 0x5D, 0x41, 0xF6, 0xA8, 0x2E, 0xC5, 0x16, 0x96,
    0x28, 0x66, 0x76, 0xE5, 0xEF, 0x1F, 0x7C, 0xE9, 0x3C, 0xE4, 0x67, 0x7F, 0x2F, 0xD6, 0xC5, 0x9C,
    0x89, 0xAE, 0x0E, 0x27, 0x36, 0x3E, 0xAB, 0xBD, 0x76, 0x28, 0x27, 0x6A, 0x17, 0x4F, 0xD5, 0x36,
    0x0D, 0x8B, 0x5E, 0x97, 0xC0, 0x17, 0x92, 0x09, 0xA1, 0xC6, 0x97, 0xB4, 0x0A, 0xD5, 0x02, 0x33,
    0xF0, 0xA5, 0x88, 0x99, 0x47, 0x97, 0x72, 0xA2, 0xD6, 0xDC, 0x13, 0x4B, 0x5A, 0x98, 0x6A, 0x11,
    0x26, 0x19, 0xF0, 0xBD, 0xE9, 0xB2, 0x2A, 0x3C, 0x4B, 0x0D, 0x35, 0x55, 0x5A, 0xFA, 0x07, 0x0D,
    0xDA, 0x07, 0x26, 0x21, 0x17, 0x70, 0xDE, 0x35, 0x25, 0x23, 0xAC, 0x6F, 0xF9, 0xD1, 0xFE, 0x49,
    0x8F, 0xD0, 0x75, 0x87, 0x88, 0x92, 0x88, 0xAF, 0x45, 0x74, 0x44, 0xD4, 0xE5, 0xC8, 0x28, 0xD9,
    0x71, 0xD9, 0xEE, 0xF2, 0xE0, 0xB0, 0x94, 0x9C, 0x1E, 0xA3, 0x25, 0x81, 0x62, 0x84, 0x8E, 0x4D,
    0x49, 0xF0, 0x37, 0x13, 0x0D, 0xB0, 0xFF, 0xC0, 0xC0, 0x20, 0x0A, 0x21, 0x43, 0x1D, 0xEC, 0xFF,
    0x3F, 0x60, 0x00, 0x31, 0x80, 0xC0, 0xFE, 0x3F, 0x10, 0x30, 0x80, 0x00, 0xAF, 0x8E, 0x4D, 0xC5,
    0x16, 0x06, 0x5D, 0x1B, 0x8B, 0x92, 0x0D, 0x0C, 0x72, 0xBA, 0x3A, 0x16, 0x26, 0x0C, 0x3C, 0x32,
    0x3A, 0x3A, 0x36, 0x16, 0x15, 0x25, 0x5B, 0xBE, 0x30, 0x00, 0xC5, 0x6D, 0x40, 0xCC, 0x0D, 0x1B,
    0x80, 0x26, 0xC8, 0xC9, 0xEA, 0x02, 0xB9, 0x16, 0x16, 0x26, 0x05, 0x20, 0x7D, 0xFA, 0x0D, 0xF5,
    0x07, 0xEA, 0x0F, 0xD8, 0x1F, 0xD0, 0x77, 0x10, 0x61, 0x65, 0x70, 0xA8, 0xE1, 0x77, 0xFA, 0x50,
    0xC3, 0xEF, 0x08, 0x54, 0xC5, 0xE0, 0x00, 0x00, 0xAD, 0x55, 0x3B, 0x6C, 0x23, 0x55, 0x14, 0x3D,
    0x6F, 0x1E, 0x9B, 0xD9, 0x78, 0x14, 0x4F, 0x24, 0x70, 0x03, 0x31, 0x59, 0x10, 0x85, 0x11, 0xDE,
    0x75, 0x63, 0xAD, 0x5C, 0x38, 0xC9, 0x84, 0x1E, 0x29, 0xC5, 0xA6, 0x00, 0x51, 0x6C, 0x03, 0x74,
    0x38, 0x85, 0x0B, 0x37, 0x6C, 0x66, 0xBB, 0x15, 0x48, 0x28, 0x0D, 0x05, 0x5D, 0x90, 0x90, 0x16,
    0x6D, 0x63, 0x17, 0x5B, 0xB8, 0x00, 0x32, 0x50, 0x80, 0x44, 0xC3, 0x20, 0x0A, 0x0A, 0x0A, 0x86,
    0x8A, 0x4F, 0xB1, 0x9A, 0xC2, 0x85, 0x13, 0x39, 0x1E, 0xCE, 0xBD, 0xCF, 0x56, 0x9C, 0x88, 0x85,
    0x8D, 0xB4, 0x93, 0x99, 0xFB, 0x26, 0x9E, 0xFB, 0xCE, 0xB9, 0xEF, 0xBC, 0x33, 0x77, 0x80, 0xD9,
    0xD1, 0x6E, 0x31, 0xD4, 0x9B, 0x0C, 0xD5, 0x2E, 0x43, 0x59, 0x43, 0x9B, 0xE1, 0x7A, 0xE3, 0x93,
    0xDD, 0xB7, 0xC6, 0x7E, 0x51, 0x14, 0x07, 0xA8, 0xEC, 0x46, 0x58, 0x3C, 0xFE, 0x90, 0x7F, 0x7F,
    0x96, 0x50, 0x53, 0x8C, 0x73, 0x0F, 0x5B, 0x1A, 0x9B, 0x1A, 0x05, 0x6D, 0x49, 0x63, 0x43, 0xB2,
    0x4C, 0x01, 0xA2, 0x1E, 0xFD, 0xF2, 0x17, 0x61, 0x8F, 0xCD, 0x14, 0x95, 0x5B, 0xB8, 0x70, 0x78,
    0x3F, 0x4A, 0x34, 0x3F, 0x2C, 0x60, 0xF4, 0x16, 0x1F, 0x27, 0x26, 0x43, 0x86, 0x01, 0xFF, 0xF2,
    0xD7, 0xD2, 0x2D, 0xAD, 0xAA, 0x9D, 0xD5, 0x52, 0x1F, 0x01, 0xEF, 0x4D, 0xCC, 0x04, 0x58, 0x3D,
    0xFB, 0x27, 0xD1, 0xE9, 0x7E, 0xEC, 0x66, 0xD5, 0x73, 0xAC, 0x0D, 0x60, 0x23, 0x58, 0xFD, 0xE1,
    0xF9, 0x03, 0x60, 0xAB, 0x60, 0xFE, 0x0B, 0x0C, 0x4B, 0xBC, 0x88, 0xE3, 0x8D, 0x80, 0x80, 0x4F,
    0x5F, 0x14, 0xC0, 0x76, 0x86, 0x6E, 0x2D, 0xC5, 0xC0, 0x07, 0xF2, 0x00, 0xE4, 0x72, 0x45, 0x6C,
    0xF2, 0x0A, 0x4F, 0xFA, 0xB1, 0x39, 0x9A, 0x62, 0x8E, 0xE3, 0x80, 0x14, 0x49, 0xA1, 0xB0, 0xF5,
    0x36, 0xAB, 0x1C, 0xAD, 0x08, 0x5A, 0x28, 0x70, 0xFE, 0x31, 0xF1, 0x7E, 0x2F, 0x14, 0x50, 0x11,
    0x15, 0x52, 0x31, 0xDD, 0xCA, 0x04, 0x55, 0x61, 0x31, 0xC7, 0xE5, 0x42, 0x22, 0x34, 0xC6, 0xA8,
    0x74, 0xB8, 0x9E, 0x53, 0x39, 0x3B, 0x71, 0x7F, 0x8C, 0xE9, 0x7C, 0x0F, 0xBC, 0x5F, 0x61, 0xBE,
    0x57, 0x9D, 0x5B, 0xB3, 0x64, 0xC9, 0xD6, 0x74, 0x49, 0xD6, 0xAB, 0x33, 0x44, 0x7F, 0xDC, 0x38,
    0x9C, 0x46, 0x41, 0x3E, 0xD7, 0xCE, 0x52, 0x5A, 0xEF, 0x63, 0xDE, 0xEC, 0xCD, 0x36, 0xC6, 0x1D,
    0x19, 0x52, 0xBF, 0x16, 0xCC, 0xB7, 0x70, 0x8F, 0x45, 0xB5, 0xB1, 0x86, 0x2A, 0xAF, 0x3A, 0xF1,
    0xF3, 0x20, 0xB9, 0x83, 0x57, 0x94, 0x26, 0x85, 0x49, 0x50, 0xAA, 0x21, 0x5C, 0xDC, 0xEE, 0x3D,
    0x5D, 0x05, 0x7F, 0xA9, 0xAA, 0x76, 0xEB, 0x19, 0x6E, 0xE4, 0x9C, 0x66, 0x72, 0x04, 0x09, 0xF6,
    0xE1, 0xA6, 0xDA, 0xC8, 0xDE, 0xB2, 0x53, 0xFB, 0x61, 0x38, 0x31, 0x3B, 0xFF, 0xC3, 0x62, 0x79,
    0xAE, 0xC2, 0x4E, 0x60, 0xDF, 0x40, 0x38, 0xC1, 0x95, 0x9D, 0x4B, 0x11, 0x01, 0xD7, 0x44, 0x9F,
    0x91, 0xF8, 0x8D, 0x72, 0x1B, 0x0A, 0x01, 0x9F, 0x37, 0xEA, 0x0E, 0x77, 0x87, 0x91, 0xA8, 0xB6,
    0x21, 0xDE, 0x0A, 0x45, 0x05, 0x1B, 0x77, 0xC5, 0x56, 0x04, 0xB6, 0x09, 0xBD, 0xD9, 0x89, 0x69,
    0x4D, 0x4E, 0xAB, 0xEC, 0x9E, 0xE1, 0x39, 0x40, 0x45, 0x74, 0x90, 0x33, 0xA4, 0x40, 0x33, 0xFC,
    0x04, 0x0E, 0xD6, 0xE1, 0x3A, 0x60, 0x41, 0xE6, 0x03, 0x81, 0x4E, 0xA5, 0x68, 0x9B, 0x8B, 0xF1,
    0xFB, 0x5F, 0x0B, 0xFA, 0x71, 0x98, 0xCC, 0xE0, 0x0D, 0xD7, 0x11, 0x13, 0x31, 0x4C, 0x65, 0x62,
    0x4F, 0xBD, 0xC0, 0xD5, 0x78, 0x19, 0xF0, 0x70, 0xBE, 0xD6, 0x35, 0x3C, 0x98, 0xA0, 0xC8, 0x70,
    0x21, 0x7F, 0x53, 0x29, 0x38, 0x2B, 0x8C, 0x61, 0x33, 0xA5, 0x6F, 0x3B, 0x61, 0xA2, 0x07, 0xC5,
    0xB8, 0xC8, 0xBE, 0x5A, 0xD8, 0x23, 0x23, 0x15, 0xAE, 0x8B, 0xF5, 0xC7, 0x5C, 0x4E, 0xF0, 0x2D,
    0x73, 0x57, 0x9E, 0x92, 0x3C, 0x67, 0xF8, 0x8E, 0x40, 0x19, 0x1C, 0x85, 0xE3, 0x78, 0xBA, 0x82,
    0x41, 0x25, 0x99, 0x20, 0xF8, 0x09, 0x1F, 0xAC, 0xC7, 0x9F, 0x3D, 0xB9, 0x72, 0xFF, 0x36, 0xF1,
    0x49, 0x24, 0xB4, 0x49, 0x09, 0x25, 0xF8, 0x79, 0x49, 0xBA, 0x0B, 0x6C, 0x6A, 0xF3, 0x72, 0xBB,
    0xBE, 0xD2, 0x2C, 0x77, 0x83, 0x5E, 0x79, 0xEB, 0xCB, 0x60, 0x44, 0xFB, 0x49, 0x5B, 0x61, 0xFF,
    0xA0, 0x63, 0x0F, 0x94, 0x87, 0xAF, 0x7E, 0x19, 0xEC, 0x6D, 0xE1, 0x23, 0x6C, 0x84, 0x68, 0x52,
    0xC5, 0x10, 0x9B, 0x7D, 0x84, 0x05, 0x17, 0xF8, 0x27, 0xCC, 0xE4, 0x42, 0xA3, 0x94, 0x60, 0xBE,
    0x63, 0x63, 0xF2, 0x7E, 0xD3, 0xEE, 0x64, 0x93, 0x59, 0xA8, 0x4B, 0x78, 0x28, 0x21, 0x93, 0xD0,
    0xF3, 0x92, 0x16, 0xEA, 0x5E, 0xD2, 0xF4, 0x46, 0x5E, 0xD2, 0x35, 0x11, 0xC3, 0xB9, 0x8D, 0x89,
    0x28, 0xD4, 0xF8, 0xFC, 0xC6, 0xB4, 0xCE, 0xA2, 0x32, 0xCC, 0x29, 0x1C, 0x87, 0x8B, 0xCA, 0xE2,
    0x68, 0x1C, 0x8F, 0x10, 0x41, 0x99, 0xA0, 0x54, 0x50, 0x2E, 0xDD, 0x98, 0x44, 0x37, 0x26, 0x93,
    0x8D, 0xE9, 0x4C, 0x21, 0x7C, 0x8D, 0x19, 0xE1, 0x73, 0x2A, 0x5D, 0x25, 0xC5, 0xAB, 0xDF, 0xA0,
    0x7D, 0x19, 0x4B, 0xAF, 0x6A, 0xCE, 0xB3, 0x09, 0x6E, 0xDE, 0x45, 0xEF, 0x72, 0xDE, 0x36, 0x5F,
    0x40, 0x3A, 0x04, 0x36, 0x9E, 0x71, 0xDD, 0x34, 0x63, 0x15, 0x39, 0x13, 0xF7, 0xA3, 0x16, 0x82,
    0x9C, 0x00, 0x43, 0x5E, 0x3D, 0x4E, 0xCC, 0x1B, 0x51, 0x90, 0x06, 0x05, 0xF5, 0xEF, 0x1F, 0x4A,
    0xA5, 0x82, 0x56, 0x8E, 0xB8, 0xC6, 0xF0, 0x44, 0x78, 0x8E, 0x24, 0xB4, 0x84, 0xA1, 0x8B, 0x46,
    0xB4, 0xC4, 0x7E, 0x52, 0x14, 0x54, 0xA9, 0xFF, 0xF9, 0x7F, 0x7C, 0x6F, 0xB2, 0xC7, 0x7D, 0x69,
    0xAA, 0x03, 0xF9, 0xD2, 0x60, 0x59, 0xBB, 0x1A, 0xE7, 0x98, 0xCC, 0x4B, 0xAF, 0xDC, 0xAE, 0x76,
    0xDF, 0x7C, 0xF7, 0xDE, 0xCB, 0x37, 0x86, 0x57, 0xAF, 0xD9, 0x94, 0x6D, 0x34, 0x63, 0x9D, 0xD2,
    0xFF, 0x96, 0x6F, 0x8B, 0xD0, 0x74, 0x4B, 0xC8, 0x17, 0xD0, 0x8F, 0x97, 0x77, 0xAA, 0xDD, 0x4F,
    0xDF, 0xB9, 0xF7, 0xD2, 0xFB, 0xC3, 0xAB, 0xAB, 0x7E, 0x1C, 0x44, 0x21, 0x9F, 0x5C, 0x67, 0xC6,
    0xE1, 0xC2, 0xAB, 0x96, 0x9E, 0x1B, 0x9C, 0xE1, 0xB0, 0xED, 0x86, 0xF7, 0x34, 0x2E, 0xDF, 0x0F,
    0x58, 0x19, 0x4A, 0xA7, 0x3A, 0x78, 0x91, 0x0E, 0xFC, 0xF0, 0x70, 0x58, 0xE1, 0xF0, 0x7A, 0x42,
    0x54, 0x19, 0xE8, 0x50, 0x19, 0xE8, 0x52, 0x19, 0xE8, 0xD4, 0x81, 0xBF, 0x9D, 0xD0, 0xAD, 0x7B,
    0x76, 0x3B, 0xA1, 0x63, 0xBB, 0xF6, 0x6E, 0x4A, 0xD7, 0xCA, 0x40, 0xE7, 0x0E, 0xFD, 0xED, 0x14,
    0xFE, 0xDF, 0x45, 0x5F, 0x3E, 0x02, 0xC5, 0x47, 0xA7, 0x66, 0x56, 0x00, 0xFE, 0x01, 0xBD, 0x59,
    0x4F, 0x6C, 0x1C, 0x57, 0x19, 0xFF, 0x66, 0xC6, 0xF1, 0x20, 0x4F, 0x3D, 0x13, 0x24, 0xE7, 0xD0,
    0x66, 0xD7, 0x7B, 0xE1, 0xE0, 0x96, 0xB5, 0x27, 0x87, 0x95, 0x58, 0x9A, 0x89, 0xF7, 0xA5, 0x91,
    0xDA, 0x03, 0x42, 0xCA, 0x21, 0xBE, 0x10, 0x44, 0x91, 0xCA, 0x81, 0x56, 0x02, 0x1B, 0x58, 0x21,
    0x4B, 0x38, 0xF1, 0x70, 0x47, 0xC8, 0x1C, 0x7A, 0x42, 0x80, 0x0F, 0x39, 0xA4, 0x89, 0x60, 0x17,
    0x61, 0x09, 0x4B, 0xD8, 0xDE, 0x41, 0x1C, 0x38, 0x70, 0x60, 0x44, 0x0F, 0x39, 0xF4, 0xD0, 0xA9,
    0x08, 0xE4, 0x4F, 0x0B, 0x99, 0xC3, 0x22, 0x6D, 0x5C, 0xEF, 0x0C, 0xBF, 0xEF, 0xBD, 0xD9, 0xF5,
    0x78, 0xB3, 0x8E, 0xD7, 0x4E, 0xDA, 0x79, 0x33, 0x6F, 0x27, 0xE3, 0xEF, 0xFD, 0xBE, 0x3F, 0xEF,
    0x7B, 0xDF, 0xFB, 0xBE, 0x17, 0x22, 0x2D, 0x9C, 0x17, 0x5F, 0xC4, 0x73, 0x9A, 0x88, 0xC6, 0x83,
    0x6D, 0x7A, 0x1D, 0x8F, 0xA0, 0xFC, 0x75, 0xEB, 0x46, 0xDA, 0xC1, 0xCF, 0x69, 0xFA, 0xE4, 0xE5,
    0x9F, 0xCD, 0x7E, 0x62, 0xC7, 0x13, 0x62, 0x8A, 0x3C, 0xAA, 0x52, 0x1D, 0xCD, 0x23, 0x97, 0xAC,
    0x36, 0x6D, 0xD0, 0x01, 0x1C, 0x2D, 0x87, 0x37, 0x14, 0x8B, 0xAC, 0xE0, 0x85, 0x35, 0x3B, 0x38,
    0xEB, 0x2F, 0x67, 0xEF, 0x13, 0xA1, 0x7A, 0xDF, 0xBF, 0x5E, 0x79, 0xAF, 0x96, 0x50, 0x1F, 0x4B,
    0x8D, 0xD3, 0xF1, 0xCE, 0x92, 0x18, 0xE7, 0xDE, 0x3A, 0xF7, 0x93, 0x68, 0x46, 0xBD, 0x55, 0xCE,
    0xC7, 0x33, 0x43, 0x46, 0x16, 0xE9, 0x2B, 0xF4, 0x96, 0xA8, 0xE1, 0xDF, 0xD3, 0x78, 0xFB, 0x91,
    0x7C, 0x1B, 0x22, 0xC9, 0x65, 0x2B, 0x9E, 0xBE, 0xEC, 0x51, 0x99, 0xA6, 0xC7, 0xAC, 0x64, 0xB1,
    0x7D, 0x0D, 0x9F, 0x26, 0xE8, 0xD5, 0x2E, 0xB1, 0xF8, 0x42, 0x0B, 0xD0, 0xC2, 0x7C, 0x23, 0x6E,
    0x11, 0x45, 0x13, 0xC4, 0x44, 0x92, 0x8A, 0xB4, 0x00, 0x42, 0x0E, 0xDE, 0x20, 0x03, 0xDD, 0xFE,
    0x1D, 0x13, 0xED, 0xF8, 0xE4, 0x06, 0xA0, 0xF7, 0x68, 0x1D, 0x6D, 0x95, 0x6E, 0xE0, 0x7D, 0x8C,
    0x0A, 0x68, 0xC5, 0x03, 0x6D, 0x12, 0xCD, 0x46, 0xCB, 0xD3, 0x15, 0x06, 0x28, 0xEC, 0xAC, 0x39,
    0x64, 0xDD, 0xD7, 0xF7, 0x60, 0x99, 0x88, 0x0C, 0xE2, 0x5B, 0xEF, 0x90, 0xB1, 0xC6, 0x52, 0xE9,
    0x6D, 0xB2, 0xB6, 0xA9, 0x68, 0x53, 0xD9, 0xA2, 0xB2, 0x49, 0xA5, 0x06, 0x59, 0x29, 0x81, 0x9E,
    0x66, 0x99, 0xA6, 0x16, 0xD2, 0xCB, 0x87, 0x8D, 0xEA, 0xD2, 0xB4, 0xD3, 0x1F, 0x75, 0xC3, 0x82,
    0x99, 0x0E, 0x8E, 0x5A, 0x42, 0xAB, 0x1F, 0x68, 0x15, 0xB4, 0x6A, 0xD6, 0x58, 0x3F, 0x36, 0x12,
    0xCB, 0xBD, 0x34, 0x40, 0xD5, 0xA3, 0x81, 0xD7, 0xAC, 0x5B, 0x71, 0xDE, 0x12, 0x7A, 0xA8, 0xDD,
    0x9C, 0x20, 0x67, 0x6F, 0x9C, 0x2E, 0x8C, 0x19, 0xED, 0x26, 0x8D, 0x8B, 0x88, 0xA6, 0x60, 0x34,
    0x8F, 0x56, 0x45, 0x95, 0xAC, 0xB8, 0x4E, 0xB4, 0x89, 0x67, 0xD9, 0x83, 0x25, 0x5D, 0x61, 0x85,
    0x56, 0x0A, 0x65, 0x1A, 0xEB, 0x18, 0x27, 0x27, 0x8C, 0x7D, 0x8D, 0x3B, 0xA3, 0xCD, 0x6F, 0xEC,
    0x23, 0x53, 0x24, 0x25, 0xB1, 0x05, 0xD8, 0x39, 0xBB, 0xE0, 0x4E, 0x2D, 0xEE, 0x98, 0x37, 0x7E,
    0x5D, 0x31, 0x1E, 0xC3, 0x1E, 0xA9, 0x0F, 0x10, 0x98, 0x77, 0x4E, 0xEA, 0x54, 0x13, 0x75, 0xE9,
    0x19, 0xB0, 0x29, 0x99, 0xC2, 0x10, 0x86, 0x6F, 0x88, 0x06, 0x75, 0xE4, 0x17, 0x08, 0xCF, 0x77,
    0x29, 0x60, 0x03, 0xB0, 0x9D, 0x7C, 0x32, 0x7C, 0x50, 0x91, 0xE5, 0x53, 0x6B, 0x97, 0x3A, 0x2D,
    0xFE, 0xB8, 0xB4, 0x54, 0x57, 0x57, 0xA5, 0x52, 0xC5, 0x75, 0x94, 0xF6, 0xFD, 0xCB, 0x63, 0xAB,
    0x95, 0x01, 0x4F, 0x45, 0x96, 0xC0, 0x96, 0x1D, 0xE4, 0xA4, 0x59, 0xF7, 0xDD, 0x85, 0x6F, 0x74,
    0xCC, 0x34, 0x4D, 0xD7, 0xE8, 0xCC, 0x42, 0x7F, 0x25, 0xF1, 0x9F, 0xE0, 0xB1, 0xD9, 0x55, 0x95,
    0x7D, 0x45, 0xF6, 0x75, 0x69, 0x08, 0xEE, 0x5D, 0xA6, 0xD2, 0x52, 0x02, 0x42, 0xEB, 0xCE, 0x03,
    0x40, 0x3C, 0xD6, 0x12, 0x3A, 0x73, 0x25, 0xC7, 0x75, 0x39, 0x37, 0xEE, 0x49, 0x95, 0x99, 0x41,
    0x79, 0xB8, 0x9A, 0xB8, 0xF0, 0x05, 0xF7, 0x44, 0xC5, 0x91, 0xCC, 0x35, 0x32, 0x42, 0x23, 0xB6,
    0xBD, 0xF2, 0x64, 0xC5, 0xAE, 0x5B, 0xCB, 0x76, 0x6D, 0xCB, 0x6A, 0x1B, 0x5F, 0x27, 0xF3, 0x57,
    0x3D, 0x56, 0x93, 0xD0, 0x87, 0xC0, 0xDF, 0xF9, 0x2F, 0x5D, 0x70, 0xA8, 0xE2, 0x50, 0xDD, 0xA1,
    0xF9, 0x06, 0x39, 0x98, 0x43, 0xF3, 0x3E, 0x69, 0x7B, 0x92, 0xE8, 0x7D, 0xD6, 0xEF, 0x9E, 0x7F,
    0x22, 0xB3, 0xC8, 0xB1, 0x07, 0x06, 0x9F, 0xC4, 0x32, 0x3F, 0xF4, 0xFF, 0x10, 0xD0, 0x21, 0xF6,
    0x98, 0xAC, 0x28, 0x01, 0xA4, 0xBE, 0x3E, 0xE9, 0x01, 0x19, 0xF2, 0x6E, 0xEC, 0x8A, 0xEE, 0x6A,
    0x8E, 0x6F, 0xB9, 0xDF, 0x3D, 0x8B, 0x3E, 0x39, 0xAC, 0xAC, 0x7F, 0x3E, 0x1A, 0xF2, 0x3C, 0x4C,
    0x3E, 0x55, 0x4F, 0x5E, 0x44, 0x01, 0xAB, 0x77, 0xA4, 0xC2, 0x2F, 0x21, 0x60, 0xD4, 0x12, 0x88,
    0x75, 0x96, 0xA7, 0x11, 0x11, 0xF7, 0xBA, 0xE0, 0x80, 0x42, 0x8E, 0xE0, 0x68, 0xA1, 0x64, 0x5B,
    0xB2, 0x88, 0x9A, 0x96, 0x8C, 0x7E, 0xD4, 0xCC, 0x7C, 0x6E, 0x9E, 0xF9, 0xEE, 0x36, 0x20, 0x60,
    0x57, 0x82, 0x3F, 0x89, 0x13, 0x03, 0xA7, 0x09, 0x9C, 0x65, 0xE0, 0xD4, 0xD6, 0xB1, 0xFC, 0xDB,
    0xA3, 0xE0, 0x68, 0x82, 0xDC, 0x0E, 0x9D, 0x59, 0x84, 0xAC, 0x5D, 0xBE, 0x17, 0xFD, 0x46, 0x87,
    0x12, 0x91, 0x33, 0x55, 0x95, 0x69, 0x98, 0x48, 0x52, 0x31, 0x8D, 0x7C, 0x16, 0x37, 0xA9, 0xD1,
    0x71, 0xD7, 0x13, 0x91, 0x5B, 0x94, 0xAC, 0xF9, 0xD2, 0x88, 0x3A, 0x66, 0x32, 0x3D, 0xB3, 0x8E,
    0x23, 0xE0, 0x3C, 0x45, 0xC7, 0x91, 0x54, 0x7B, 0x81, 0x9D, 0x6F, 0xDF, 0x7D, 0x9E, 0x97, 0x7A,
    0x47, 0xE3, 0x9E, 0x4C, 0x5D, 0x53, 0x46, 0x1A, 0x3A, 0x4A, 0x75, 0x93, 0x93, 0x88, 0xDC, 0xAA,
    0x18, 0xC9, 0x14, 0xA7, 0x65, 0x1C, 0x9D, 0x93, 0xC1, 0x1D, 0x4C, 0x94, 0xD3, 0x1B, 0xC1, 0x7C,
    0x43, 0xB8, 0xDD, 0x1E, 0x81, 0x8C, 0xB4, 0xB3, 0x6A, 0x03, 0x90, 0x92, 0x80, 0x8A, 0xC9, 0xC8,
    0x88, 0x10, 0xBF, 0x12, 0x72, 0xBB, 0xAE, 0xE2, 0x28, 0x33, 0x80, 0xEC, 0x3A, 0x12, 0x18, 0x94,
    0x5A, 0x94, 0x13, 0xF7, 0x38, 0x8C, 0x78, 0x3E, 0x96, 0x41, 0xCD, 0xF9, 0x40, 0x01, 0xA1, 0xA1,
    0x4A, 0xB1, 0x15, 0x5C, 0xA7, 0x2F, 0x65, 0x7F, 0x62, 0x2B, 0x7A, 0x72, 0x2A, 0xA6, 0xB1, 0x59,
    0x45, 0x34, 0x17, 0xB3, 0xD3, 0x63, 0xAB, 0x0B, 0xB0, 0xCB, 0x4A, 0xAA, 0xB0, 0xCF, 0xFA, 0x10,
    0x20, 0x64, 0x33, 0x7A, 0x98, 0x93, 0x6E, 0x14, 0xD0, 0xDC, 0x95, 0x79, 0x81, 0xCD, 0x7B, 0xA4,
    0x98, 0x61, 0x75, 0x0C, 0xDF, 0xB3, 0xB0, 0x1D, 0x1B, 0x41, 0xD5, 0x04, 0x8C, 0x1E, 0x2E, 0x5B,
    0x18, 0xAE, 0xEF, 0x26, 0xBF, 0xC3, 0x22, 0xD3, 0xD3, 0xBF, 0x75, 0xF8, 0x47, 0xA5, 0x45, 0x86,
    0x2F, 0x83, 0x57, 0x49, 0x26, 0x88, 0xA9, 0xDA, 0x15, 0x5A, 0x6B, 0x03, 0x79, 0x9B, 0x34, 0x11,
    0xA0, 0xAD, 0x03, 0xD0, 0x96, 0x82, 0x76, 0x7C, 0x09, 0xBD, 0xD3, 0x91, 0xD0, 0xED, 0xED, 0x43,
    0xA0, 0xBB, 0x4F, 0x42, 0xB3, 0xFB, 0x79, 0xBA, 0xF8, 0x76, 0xD9, 0x10, 0xCD, 0x82, 0x29, 0xE2,
    0xA2, 0x23, 0xE2, 0x42, 0xEB, 0xE3, 0x64, 0xAB, 0x93, 0xBE, 0x99, 0x9F, 0x2C, 0x18, 0x0B, 0x54,
    0x05, 0x62, 0x32, 0x62, 0x3A, 0x38, 0x75, 0x5C, 0x22, 0x50, 0xFE, 0xE9, 0x6E, 0x27, 0x5D, 0xFC,
    0xA8, 0x33, 0x28, 0x6E, 0x33, 0xFF, 0x83, 0x5D, 0x51, 0xFE, 0xFC, 0xFA, 0x73, 0x36, 0xDA, 0x28,
    0x42, 0x7C, 0x96, 0xE6, 0xE5, 0x25, 0xB7, 0x0E, 0xC0, 0x6F, 0xC2, 0xBB, 0xBF, 0x77, 0x5C, 0x93,
    0xCB, 0xF5, 0xBA, 0x4E, 0x6A, 0x78, 0x6E, 0xFC, 0xB1, 0x27, 0xE4, 0xFB, 0x32, 0x5A, 0x18, 0x69,
    0xC8, 0x1A, 0x96, 0x44, 0xCC, 0x1A, 0xAE, 0xD0, 0x12, 0x34, 0xFC, 0x73, 0x44, 0x4B, 0xD0, 0xF0,
    0x9F, 0x81, 0x16, 0x43, 0xC3, 0xF4, 0xDD, 0x46, 0x00, 0xD5, 0x3E, 0x84, 0x22, 0x75, 0x68, 0x3F,
    0xC6, 0x1A, 0x9A, 0x4F, 0x37, 0xB3, 0x82, 0x56, 0xD8, 0x3D, 0x70, 0x85, 0x4E, 0x19, 0x3C, 0x65,
    0xF8, 0xA4, 0x18, 0x24, 0xBE, 0xE2, 0xB0, 0x18, 0x64, 0x2C, 0x7A, 0x3C, 0x7A, 0x4C, 0xFA, 0x5C,
    0x72, 0x6C, 0xDE, 0x66, 0xFD, 0xD3, 0x40, 0x17, 0xEE, 0xC5, 0xC8, 0xF0, 0x37, 0x29, 0x36, 0x5F,
    0x8B, 0x28, 0x76, 0xDE, 0xF0, 0xF5, 0xB0, 0xF5, 0x68, 0x61, 0xD1, 0xEF, 0xB4, 0xD8, 0xF6, 0xDA,
    0x42, 0x9F, 0x98, 0xA9, 0x49, 0x92, 0x93, 0xA4, 0x27, 0x39, 0x80, 0xE4, 0x08, 0xE2, 0x21, 0xBB,
    0x82, 0xC7, 0x60, 0x3F, 0xCF, 0x06, 0xE1, 0x9A, 0xC9, 0x25, 0x99, 0x83, 0xD7, 0x67, 0x68, 0xC1,
    0x19, 0x7A, 0x0A, 0xDF, 0xCF, 0xCD, 0xC2, 0x95, 0xFD, 0xCC, 0x98, 0x4E, 0x64, 0xF5, 0x0A, 0x0D,
    0x41, 0x38, 0xE1, 0x6C, 0x44, 0x99, 0xF3, 0x0F, 0x7B, 0x9A, 0x67, 0xD7, 0xA8, 0x89, 0xD2, 0xEC,
    0x8F, 0xD1, 0x2C, 0x2A, 0x9B, 0x49, 0xDA, 0x42, 0x10, 0x41, 0xB9, 0xF4, 0xCE, 0xBF, 0xAE, 0xB6,
    0x57, 0xB9, 0xAE, 0x39, 0x25, 0xD4, 0x78, 0xB5, 0x7A, 0x0E, 0xED, 0x18, 0x46, 0xE2, 0x48, 0x20,
    0x89, 0x24, 0xA1, 0x64, 0xE9, 0x05, 0xB0, 0x74, 0x1D, 0x68, 0xBF, 0x8C, 0x25, 0x5C, 0x21, 0x8B,
    0x54, 0x83, 0xCF, 0x24, 0x87, 0x2E, 0xED, 0x26, 0xD9, 0x4E, 0x2A, 0xEC, 0x6B, 0x66, 0xE0, 0xC4,
    0x7A, 0xE0, 0x04, 0x78, 0x50, 0x35, 0xEC, 0xDC, 0x4E, 0x88, 0xD3, 0x5A, 0xB5, 0x50, 0x4F, 0x32,
    0x3E, 0x7D, 0x90, 0xA6, 0xBF, 0x90, 0x27, 0x01, 0x07, 0xED, 0xA1, 0x0B, 0x8A, 0x11, 0x76, 0x9E,
    0xC5, 0x1E, 0xCC, 0x38, 0xB6, 0x9F, 0x8F, 0x3D, 0xB0, 0x6D, 0x16, 0x91, 0x03, 0x9C, 0xD8, 0x1E,
    0x23, 0x8F, 0xCF, 0xD9, 0xE3, 0x32, 0x5C, 0x18, 0x1E, 0x3C, 0x77, 0x45, 0x65, 0x6A, 0x95, 0x6C,
    0xF5, 0xB8, 0x6F, 0x06, 0x64, 0x21, 0x33, 0x32, 0x43, 0xB9, 0x63, 0xCB, 0x6F, 0xF5, 0x81, 0x6C,
    0x6B, 0x13, 0xCF, 0x05, 0x8E, 0xF6, 0x0F, 0x1B, 0x58, 0x2C, 0x8F, 0xFB, 0x3E, 0x6A, 0xC2, 0x54,
    0xD3, 0x97, 0x02, 0x29, 0x8F, 0x83, 0x5F, 0xFD, 0x11, 0xBE, 0x77, 0x79, 0xD9, 0x3D, 0x24, 0xE7,
    0xB5, 0x54, 0x8E, 0x19, 0xC4, 0x5A, 0xA1, 0x31, 0xAA, 0xDD, 0xEA, 0x62, 0xEC, 0xDD, 0x9E, 0xB7,
    0xEB, 0x29, 0x59, 0x0F, 0x79, 0x2B, 0x29, 0xCA, 0x9B, 0x33, 0xA1, 0x7F, 0x47, 0xB7, 0xD3, 0xB5,
    0x8C, 0xE2, 0x6D, 0x2C, 0x3D, 0x7F, 0xEE, 0x8D, 0xA0, 0xAC, 0x05, 0x60, 0x62, 0x7C, 0x20, 0xC0,
    0xA2, 0x91, 0x3E, 0x48, 0x5E, 0x4F, 0x7B, 0xA1, 0x3E, 0x5F, 0x1E, 0x3F, 0x6F, 0x35, 0x67, 0x06,
    0xA2, 0xCC, 0xF3, 0x52, 0xFB, 0x9C, 0xA2, 0x19, 0xCD, 0x04, 0x95, 0x5E, 0xF1, 0x76, 0xA4, 0x39,
    0x38, 0xDA, 0xC9, 0x50, 0x77, 0x20, 0x9E, 0x70, 0x8E, 0x4B, 0x0E, 0x1F, 0x77, 0xCC, 0xAE, 0x70,
    0xA6, 0x5E, 0x06, 0x5A, 0x05, 0x35, 0x1B, 0x2D, 0x73, 0xD5, 0x56, 0x4B, 0xD0, 0x4D, 0xFC, 0x96,
    0xB5, 0x2C, 0xA0, 0x0A, 0x5C, 0xD8, 0xE2, 0xE2, 0x32, 0x46, 0x71, 0x79, 0x25, 0x17, 0xA4, 0xAA,
    0x4F, 0x04, 0xA9, 0xEF, 0x2A, 0xC1, 0x05, 0xFE, 0x62, 0xFE, 0x35, 0x00, 0x95, 0xA5, 0x23, 0x78,
    0x92, 0xA5, 0x85, 0xDC, 0x5F, 0x0A, 0x80, 0x67, 0x7C, 0xE0, 0x03, 0xF0, 0x6A, 0xFA, 0x1E, 0x23,
    0x7E, 0x9C, 0x66, 0xF5, 0x6A, 0x98, 0xCB, 0x68, 0x2F, 0x93, 0xB1, 0x47, 0xCE, 0xB7, 0x68, 0xD2,
    0x22, 0xEC, 0xEA, 0x45, 0x53, 0xC0, 0x8D, 0xF5, 0x06, 0x32, 0x47, 0xBA, 0xB5, 0x47, 0xA9, 0x4A,
    0x2D, 0xD7, 0x73, 0x33, 0x7C, 0x83, 0x8C, 0x84, 0x9C, 0xAF, 0x09, 0xDB, 0xF0, 0x8B, 0x86, 0x6F,
    0x9B, 0xBE, 0xF5, 0x1B, 0xBA, 0x9D, 0xDE, 0x4C, 0x6F, 0xAB, 0xE0, 0x3C, 0x03, 0x5A, 0x2F, 0xE7,
    0x0E, 0xE3, 0xB0, 0x43, 0x09, 0xFF, 0xAE, 0x22, 0xC6, 0x2E, 0x79, 0x05, 0x6A, 0x96, 0x3D, 0xDA,
    0x84, 0xF6, 0xB5, 0xBD, 0x3A, 0x8D, 0xAF, 0xE0, 0x63, 0x15, 0x52, 0x6E, 0xB8, 0xC2, 0x8C, 0x9C,
    0x34, 0x15, 0x5A, 0x8B, 0xCD, 0x5D, 0xE0, 0x62, 0xA3, 0xD8, 0x3C, 0xA0, 0xAB, 0xC5, 0x92, 0xB8,
    0x6C, 0x40, 0x1E, 0x00, 0x18, 0x24, 0xC1, 0xE8, 0x3C, 0xBA, 0xBE, 0xB3, 0x56, 0x25, 0x37, 0x8D,
    0xEA, 0xEC, 0x25, 0xCB, 0xD9, 0x91, 0x51, 0x4C, 0xEE, 0xDA, 0xD9, 0x90, 0xE4, 0xB1, 0x13, 0xBD,
    0x83, 0xF5, 0x6B, 0xCE, 0x90, 0xE5, 0x1D, 0x43, 0x65, 0x24, 0x5D, 0xFB, 0x09, 0xD7, 0x11, 0x2A,
    0xAB, 0xB9, 0x56, 0x5D, 0x90, 0x75, 0x65, 0xEE, 0x36, 0xB8, 0x8B, 0xB8, 0x5B, 0xD6, 0x83, 0x2A,
    0x95, 0xF5, 0xA0, 0xA2, 0xB7, 0x31, 0x45, 0x9A, 0x90, 0xF3, 0xA4, 0xCB, 0x09, 0x0A, 0x30, 0x3F,
    0x8B, 0x02, 0xD3, 0xC3, 0x15, 0xD0, 0xC2, 0x3E, 0x5E, 0xAF, 0x0F, 0xFA, 0xBD, 0xC4, 0x54, 0xA0,
    0x0A, 0x95, 0x61, 0x49, 0xE2, 0x92, 0x04, 0x26, 0x89, 0x4C, 0x12, 0x9A, 0xAD, 0x80, 0x6A, 0x84,
    0xC1, 0x13, 0x62, 0x74, 0xB7, 0x07, 0xAF, 0x41, 0x51, 0x5F, 0xEB, 0x92, 0x13, 0xF2, 0x3A, 0x59,
    0x96, 0x65, 0x1C, 0x6A, 0x03, 0x2E, 0x24, 0x37, 0x7A, 0x95, 0x43, 0x41, 0x5A, 0x42, 0xF9, 0x48,
    0x8E, 0x7E, 0x5E, 0x2E, 0x19, 0x8C, 0x72, 0x7C, 0x06, 0xA7, 0xB6, 0xA4, 0xE7, 0x32, 0x43, 0xDC,
    0x4A, 0x3B, 0x69, 0xB4, 0xDD, 0x17, 0x9F, 0xC5, 0x1B, 0x7C, 0xF4, 0x27, 0x9E, 0x29, 0x69, 0x03,
    0xB6, 0x8D, 0x2E, 0x77, 0xFD, 0x3A, 0xE7, 0xB0, 0x64, 0x09, 0x17, 0xF5, 0x18, 0x1F, 0x64, 0xAA,
    0x9D, 0xFE, 0xA0, 0x65, 0x07, 0x3B, 0x7D, 0x78, 0x37, 0xA5, 0x6C, 0x00, 0xAD, 0x00, 0x9E, 0x70,
    0xFE, 0xFD, 0x48, 0xE6, 0x36, 0xC4, 0xF8, 0x80, 0x77, 0x49, 0x71, 0xD0, 0x98, 0x05, 0x1F, 0xCC,
    0xF6, 0x9A, 0x75, 0xA0, 0xA9, 0x53, 0x16, 0xFB, 0x90, 0xBF, 0x5A, 0x28, 0x6A, 0x3B, 0x5B, 0x00,
    0xE1, 0xB0, 0x02, 0xF7, 0x08, 0xBE, 0x00, 0xA6, 0x5A, 0x30, 0x9E, 0x06, 0x6E, 0x1A, 0xAC, 0xC8,
    0xB8, 0xA3, 0xEE, 0x3A, 0xA9, 0xD3, 0x4C, 0x36, 0x57, 0x76, 0x12, 0x78, 0x8A, 0x13, 0x19, 0x98,
    0xF1, 0x1E, 0x42, 0xD8, 0xC5, 0x90, 0x5C, 0x24, 0x48, 0xE7, 0x83, 0x0D, 0xFA, 0xFD, 0xE3, 0x44,
    0x34, 0x57, 0x3F, 0xF4, 0xE3, 0x53, 0x2A, 0x6C, 0x35, 0xB3, 0x50, 0x56, 0xCF, 0x22, 0x80, 0x97,
    0x3F, 0x4B, 0x9C, 0x22, 0x82, 0xE7, 0xDE, 0x09, 0x0C, 0x3F, 0xB2, 0x28, 0x72, 0x28, 0x6A, 0x7D,
    0x1A, 0xC6, 0x2D, 0x99, 0x79, 0xBD, 0xC8, 0xF0, 0x82, 0xF4, 0xF7, 0x51, 0xCC, 0xFE, 0x34, 0x82,
    0xE4, 0x31, 0x95, 0x82, 0x4D, 0xDA, 0xFE, 0x5F, 0xE2, 0xC7, 0xAB, 0x1F, 0x06, 0x92, 0xFD, 0x44,
    0x56, 0x3F, 0xEC, 0x47, 0xA9, 0xAC, 0x32, 0x37, 0x7D, 0x2E, 0x23, 0xD4, 0xCC, 0x68, 0x9C, 0x19,
    0xCA, 0xD9, 0xE1, 0x7C, 0xCC, 0xC5, 0xDC, 0xC8, 0x3C, 0xAC, 0xB1, 0x96, 0x1D, 0xE4, 0x3A, 0xC3,
    0xB2, 0xBF, 0x5E, 0x08, 0x9C, 0x52, 0x16, 0x47, 0xBE, 0xC4, 0x95, 0x88, 0x2C, 0x86, 0x54, 0x29,
    0x24, 0x6B, 0x90, 0x39, 0x4E, 0xEC, 0x64, 0xFD, 0x21, 0x67, 0x61, 0x52, 0xEE, 0x0B, 0xC3, 0xCF,
    0xB9, 0xCC, 0xDC, 0x91, 0xC1, 0xD0, 0x53, 0xCE, 0x61, 0x87, 0x9A, 0xA3, 0x1D, 0x64, 0xB2, 0x38,
    0x5A, 0x9B, 0xCF, 0x3D, 0x9C, 0x92, 0x5F, 0x74, 0xA2, 0xA2, 0xB3, 0x61, 0x4F, 0x7B, 0xD6, 0x5E,
    0xB9, 0x91, 0x6C, 0x25, 0x8B, 0x71, 0xB6, 0x05, 0xA5, 0x64, 0xDC, 0x11, 0xE6, 0x25, 0xDF, 0x31,
    0x84, 0x6D, 0xD1, 0xE4, 0x34, 0x22, 0xFE, 0xFD, 0xF4, 0x6A, 0xD7, 0xA6, 0xD0, 0xA1, 0xD0, 0xFC,
    0x47, 0xA8, 0x23, 0x57, 0x7C, 0x71, 0xD4, 0x83, 0xFC, 0x11, 0x4F, 0xEE, 0xA1, 0xD5, 0x4D, 0x0C,
    0x85, 0x98, 0x17, 0xC6, 0x94, 0x27, 0x8C, 0x76, 0xCA, 0x7E, 0xAC, 0xC3, 0xF4, 0x93, 0x32, 0xD9,
    0x3F, 0x27, 0x85, 0x89, 0xCA, 0xD1, 0x71, 0x99, 0xF6, 0xAF, 0x1F, 0xF3, 0x82, 0xFD, 0x41, 0xA0,
    0x26, 0x02, 0xDB, 0x52, 0x04, 0x19, 0x9A, 0x14, 0x7F, 0x39, 0xAC, 0x49, 0x3F, 0xF6, 0xA2, 0x99,
    0xE8, 0xB0, 0x03, 0x5C, 0x6C, 0x11, 0x85, 0x26, 0xBD, 0x84, 0xB7, 0xF3, 0x7B, 0xF0, 0xC5, 0xD3,
    0x8E, 0x74, 0x1D, 0xDD, 0xC7, 0x13, 0xE3, 0xFD, 0x1A, 0x1E, 0xE7, 0xE7, 0xEA, 0x38, 0x09, 0x59,
    0x21, 0xD1, 0x0E, 0x74, 0xFD, 0x14, 0x19, 0xC8, 0x5F, 0x7C, 0x72, 0xE1, 0x41, 0x3B, 0x0D, 0x41,
    0xAD, 0x2E, 0x4D, 0x80, 0xCF, 0xAB, 0x09, 0xF2, 0xCA, 0x29, 0x5B, 0x2E, 0x75, 0x0D, 0x18, 0x06,
    0xB2, 0x37, 0x62, 0x0C, 0x8F, 0x31, 0xF0, 0x18, 0x7F, 0xC7, 0x58, 0xCE, 0x32, 0xD8, 0xD9, 0x6A,
    0x72, 0x6D, 0xE9, 0x8D, 0x7B, 0xF7, 0x8D, 0xE4, 0xA2, 0xAC, 0x9E, 0x4B, 0xBD, 0xFF, 0x71, 0x70,
    0x83, 0x99, 0xAF, 0xB2, 0xC6, 0xDE, 0x04, 0x79, 0x56, 0xE0, 0x69, 0x6D, 0x8F, 0xE6, 0xF9, 0xF8,
    0x0C, 0x12, 0xF1, 0xBC, 0x9A, 0xFF, 0xA1, 0x92, 0x4D, 0x5B, 0xB6, 0xBE, 0xBB, 0xAD, 0xA7, 0xED,
    0xD9, 0x2C, 0x7B, 0x5A, 0x97, 0x98, 0x11, 0x7D, 0x47, 0xA6, 0xBC, 0x11, 0x9D, 0x96, 0xE6, 0x8F,
    0xE5, 0xA2, 0x35, 0x02, 0x98, 0x37, 0x8E, 0x95, 0x99, 0xA7, 0xF1, 0xF0, 0x79, 0x98, 0xC1, 0xBF,
    0x6D, 0x7A, 0x25, 0xB9, 0xEE, 0xD7, 0xEE, 0x96, 0xB2, 0xE3, 0x1F, 0xB5, 0x49, 0xC7, 0x33, 0x98,
    0x26, 0xD4, 0x3C, 0x61, 0x4C, 0x1D, 0x84, 0xFF, 0x90, 0x43, 0xBB, 0x15, 0x51, 0x69, 0x83, 0x56,
    0xAA, 0x7A, 0x5C, 0xB5, 0x1E, 0xB6, 0x2D, 0xB9, 0xC3, 0x61, 0xED, 0x14, 0xE4, 0x41, 0xA0, 0x13,
    0xF1, 0x9C, 0x51, 0xC6, 0xFA, 0xA4, 0xEC, 0x35, 0xFE, 0x2C, 0xD4, 0xC3, 0xEB, 0x4A, 0x5F, 0x3B,
    0xB6, 0x48, 0xCF, 0x26, 0xC0, 0xFF, 0x01,
};

static const EpdGlyph notosansarabic_10_regularGlyphs[] = {
    { 0, 0, 87, 0, 0, 0, 0 }, // U+0020
    { 4, 16, 90, 1, 15, 16, 0 }, // !
    { 7, 6, 136, 1, 15, 11, 16 }, // "
    { 13, 15, 215, 0, 15, 49, 27 }, // #
    { 10, 18, 191, 1, 16, 45, 76 }, // $
    { 16, 17, 277, 1, 16, 68, 121 }, // %
    { 15, 17, 244, 1, 16, 64, 189 }, // &
    { 3, 6, 75, 1, 15, 5, 253 }, // '
    { 6, 19, 100, 0, 15, 29, 258 }, // (
    { 6, 19, 100, 0, 15, 29, 287 }, // )
    { 11, 10, 184, 0, 16, 28, 316 }, // *
    { 10, 11, 191, 1, 13, 28, 344 }, // +
    { 4, 6, 89, 0, 3, 6, 372 }, // ,
    { 6, 3, 107, 0, 7, 5, 378 }, // -
    { 4, 4, 89, 1, 3, 4, 383 }, // .
    { 8, 15, 124, 0, 15, 30, 387 }, // /
    { 10, 17, 191, 1, 16, 43, 417 }, // 0
    { 7, 15, 191, 1, 15, 27, 460 }, // 1
    { 10, 16, 191, 1, 16, 40, 487 }, // 2
    { 11, 17, 191, 0, 16, 47, 527 }, // 3
    { 12, 15, 191, 0, 15, 45, 574 }, // 4
    { 10, 16, 191, 1, 15, 40, 619 }, // 5
    { 10, 17, 191, 1, 16, 43, 659 }, // 6
    { 11, 15, 191, 0, 15, 42, 702 }, // 7
    { 10, 17, 191, 1, 16, 43, 744 }, // 8
    { 10, 17, 191, 1, 16, 43, 787 }, // 9
    { 4, 13, 89, 1, 12, 13, 830 }, // :
    { 5, 15, 89, 0, 12, 19, 843 }, // ;
    { 10, 11, 191, 1, 13, 28, 862 }, // <
    { 10, 7, 191, 1, 11, 18, 890 }, // =
    { 10, 11, 191, 1, 13, 28, 908 }, // >
    { 9, 17, 145, 0, 16, 39, 936 }, // ?
    { 17, 17, 300, 1, 15, 73, 975 }, // @
    { 14, 15, 213, 0, 15, 53, 1048 }, // A
    { 11, 15, 217, 2, 15, 42, 1101 }, // B
    { 12, 17, 211, 1, 16, 51, 1143 }, // C
    { 12, 15, 243, 2, 15, 45, 1194 }, // D
    { 9, 15, 185, 2, 15, 34, 1239 }, // E
    { 9, 15, 173, 2, 15, 34, 1273 }, // F
    { 13, 17, 243, 1, 16, 56, 1307 }, // G
    { 12, 15, 247, 2, 15, 45, 1363 }, // H
    { 7, 15, 113, 0, 15, 27, 1408 }, // I
    { 6, 19, 91, -2, 15, 29, 1435 }, // J
    { 11, 15, 206, 2, 15, 42, 1464 }, // K
    { 9, 15, 175, 2, 15, 34, 1506 }, // L
    { 15, 15, 302, 2, 15, 57, 1540 }, // M
    { 12, 15, 253, 2, 15, 45, 1597 }, // N
    { 14, 17, 260, 1, 16, 60, 1642 }, // O
    { 10, 15, 202, 2, 15, 38, 1702 }, // P
    { 14, 20, 260, 1, 16, 70, 1740 }, // Q
    { 11, 15, 207, 2, 15, 42, 1810 }, // R
    { 10, 17, 183, 1, 16, 43, 1852 }, // S
    { 12, 15, 185, 0, 15, 45, 1895 }, // T
    { 13, 16, 244, 1, 15, 52, 1940 }, // U
    { 13, 15, 200, 0, 15, 49, 1992 }, // V
    { 20, 15, 310, 0, 15, 75, 2041 }, // W
    { 13, 15, 195, 0, 15, 49, 2116 }, // X
    { 12, 15, 189, 0, 15, 45, 2165 }, // Y
    { 12, 15, 191, 0, 15, 45, 2210 }, // Z
    { 6, 19, 110, 1, 15, 29, 2255 }, // [
    { 8, 15, 124, 0, 15, 30, 2284 }, // <backslash>
    { 6, 19, 110, 0, 15, 29, 2314 }, // ]
    { 12, 10, 191, 0, 15, 30, 2343 }, // ^
    { 11, 3, 148, -1, -1, 9, 2373 }, // _
    { 6, 4, 94, 0, 16, 6, 2382 }, // `
    { 10, 13, 187, 0, 12, 33, 2388 }, // a
    { 11, 17, 205, 1, 16, 47, 2421 }, // b
    { 9, 13, 160, 1, 12, 30, 2468 }, // c
    { 11, 17, 205, 1, 16, 47, 2498 }, // d
    { 10, 13, 188, 1, 12, 33, 2545 }, // e
    { 9, 16, 115, 0, 16, 36, 2578 }, // f
    { 11, 17, 205, 1, 12, 47, 2614 }, // g
    { 11, 16, 206, 1, 16, 44, 2661 }, // h
    { 3, 16, 86, 1, 16, 12, 2705 }, // i
    { 6, 21, 86, -2, 16, 32, 2717 }, // j
    { 10, 16, 178, 1, 16, 40, 2749 }, // k
    { 3, 16, 86, 1, 16, 12, 2789 }, // l
    { 17, 12, 312, 1, 12, 51, 2801 }, // m
    { 11, 12, 206, 1, 12, 33, 2852 }, // n
    { 11, 13, 202, 1, 12, 36, 2885 }, // o
    { 11, 17, 205, 1, 12, 47, 2921 }, // p
    { 11, 17, 205, 1, 12, 47, 2968 }, // q
    { 8, 12, 138, 1, 12, 24, 3015 }, // r
    { 9, 13, 160, 1, 12, 30, 3039 }, // s
    { 8, 15, 120, 0, 14, 30, 3069 }, // t
    { 11, 13, 206, 1, 12, 36, 3099 }, // u
    { 11, 12, 169, 0, 12, 33, 3135 }, // v
    { 17, 12, 262, 0, 12, 51, 3168 }, // w
    { 11, 12, 176, 0, 12, 33, 3219 }, // x
    { 11, 17, 170, 0, 12, 47, 3252 }, // y
    { 9, 12, 157, 0, 12, 27, 3299 }, // z
    { 8, 19, 127, 0, 15, 38, 3326 }, // {
    { 3, 22, 184, 4, 16, 17, 3364 }, // |
    { 8, 19, 127, 0, 15, 38, 3381 }, // }
    { 10, 4, 191, 1, 9, 10, 3419 }, // ~
    { 24, 7, 381, 0, 4, 42, 0 }, // U+0600
    { 31, 6, 501, 0, 0, 47, 42 }, // U+0601
    { 23, 6, 361, 0, 3, 35, 89 }, // U+0602
    { 27, 6, 436, 0, 3, 41, 124 }, // U+0603
    { 43, 12, 679, 0, 8, 129, 165 }, // U+0604
    { 25, 5, 409, 0, 16, 32, 294 }, // U+0605
    { 13, 15, 207, 0, 15, 49, 326 }, // U+0606
    { 13, 15, 207, 0, 15, 49, 375 }, // U+0607
    { 23, 15, 370, 0, 9, 87, 424 }, // U+0608
    { 12, 16, 216, 1, 15, 48, 511 }, // U+0609
    { 16, 16, 278, 1, 15, 64, 559 }, // U+060A
    { 9, 20, 149, 0, 15, 45, 623 }, // U+060B
    { 4, 6, 109, 1, 5, 6, 668 }, // U+060C
    { 6, 8, 122, 0, 4, 12, 674 }, // U+060D
    { 19, 8, 301, 0, 7, 38, 686 }, // U+060E
    { 14, 20, 174, -1, 11, 70, 724 }, // U+060F
    { 7, 7, 0, 0, 22, 13, 794 }, // U+0610
    { 7, 7, 0, 0, 22, 13, 807 }, // U+0611
    { 7, 6, 0, 0, 22, 11, 820 }, // U+0612
    { 9, 8, 0, 0, 22, 18, 831 }, // U+0613
    { 10, 4, 0, 0, 22, 10, 849 }, // U+0614
    { 6, 7, 0, 0, 22, 11, 859 }, // U+0615
    { 9, 8, 0, 0, 22, 18, 870 }, // U+0616
    { 4, 7, 0, 0, 22, 7, 888 }, // U+0617
    { 5, 3, 0, 0, 19, 4, 895 }, // U+0618
    { 5, 5, 0, 0, 19, 7, 899 }, // U+0619
    { 5, 3, 0, 0, 22, 4, 906 }, // U+061A
    { 4, 12, 115, 1, 11, 12, 910 }, // U+061B
    { 0, 0, 200, 0, 0, 0, 922 }, // U+061C
    { 10, 16, 201, 1, 15, 40, 922 }, // U+061D
    { 6, 6, 96, 0, 5, 9, 962 }, // U+061E
    { 9, 17, 145, 0, 16, 39, 971 }, // U+061F
    { 16, 19, 253, 0, 9, 76, 1010 }, // U+0620
    { 8, 10, 137, 0, 8, 20, 1086 }, // U+0621
    { 8, 18, 78, -2, 18, 36, 1106 }, // U+0622
    { 5, 20, 78, 0, 20, 25, 1142 }, // U+0623
    { 9, 18, 149, 0, 13, 41, 1167 }, // U+0624
    { 5, 21, 79, 1, 15, 27, 1208 }, // U+0625
    { 16, 14, 253, 0, 9, 56, 1235 }, // U+0626
    { 3, 15, 79, 1, 15, 12, 1291 }, // U+0627
    { 20, 13, 331, 0, 9, 65, 1303 }, // U+0628
    { 8, 14, 135, 0, 14, 28, 1368 }, // U+0629
    { 20, 12, 331, 0, 11, 60, 1396 }, // U+062A
    { 20, 15, 331, 0, 14, 75, 1456 }, // U+062B
    { 13, 18, 213, 0, 9, 59, 1531 }, // U+062C
    { 13, 18, 213, 0, 9, 59, 1590 }, // U+062D
    { 13, 22, 213, 0, 13, 72, 1649 }, // U+062E
    { 9, 11, 159, 0, 10, 25, 1721 }, // U+062F
    { 9, 15, 159, 0, 14, 34, 1746 }, // U+0630
    { 8, 13, 122, -1, 8, 26, 1780 }, // U+0631
    { 8, 17, 122, -1, 12, 34, 1806 }, // U+0632
    { 25, 14, 403, 0, 9, 88, 1840 }, // U+0633
    { 25, 19, 403, 0, 14, 119, 1928 }, // U+0634
    { 27, 13, 435, 0, 8, 88, 2047 }, // U+0635
    { 27, 17, 435, 0, 12, 115, 2135 }, // U+0636
    { 16, 16, 263, 0, 15, 64, 2250 }, // U+0637
    { 16, 16, 263, 0, 15, 64, 2314 }, // U+0638
    { 13, 20, 169, 0, 11, 65, 2378 }, // U+0639
    { 13, 24, 169, 0, 15, 78, 2443 }, // U+063A
    { 19, 19, 292, 0, 18, 91, 2521 }, // U+063B
    { 19, 22, 292, 0, 15, 105, 2612 }, // U+063C
    { 16, 15, 253, 0, 10, 60, 2717 }, // U+063D
    { 16, 14, 253, 0, 9, 56, 2777 }, // U+063E
    { 16, 15, 253, 0, 10, 60, 2833 }, // U+063F
    { 7, 3, 90, 0, 2, 6, 2893 }, // U+0640
    { 20, 16, 328, 0, 15, 80, 2899 }, // U+0641
    { 16, 17, 258, 0, 13, 68, 2979 }, // U+0642
    { 18, 16, 294, 0, 15, 72, 3047 }, // U+0643
    { 14, 20, 232, 0, 15, 70, 3119 }, // U+0644
    { 10, 17, 161, 0, 8, 43, 3189 }, // U+0645
    { 14, 16, 228, 0, 11, 56, 3232 }, // U+0646
    { 14, 12, 224, 0, 11, 42, 3288 }, // U+0647
    { 9, 13, 149, 0, 8, 30, 3330 }, // U+0648
    { 16, 14, 253, 0, 9, 56, 3360 }, // U+0649
    { 16, 18, 253, 0, 9, 72, 3416 }, // U+064A
    { 6, 6, 0, 0, 19, 9, 3488 }, // U+064B
    { 7, 6, 0, 0, 19, 11, 3497 }, // U+064C
    { 6, 6, 0, 0, -1, 9, 3508 }, // U+064D
    { 6, 4, 0, 0, 19, 6, 3517 }, // U+064E
    { 6, 6, 0, 0, 19, 9, 3523 }, // U+064F
    { 6, 4, 0, 0, -1, 6, 3532 }, // U+0650
    { 7, 5, 0, 0, 16, 9, 3538 }, // U+0651
    { 5, 5, 0, 0, 19, 7, 3547 }, // U+0652
    { 7, 3, 0, 0, 22, 6, 3554 }, // U+0653
    { 5, 5, 0, 0, 22, 7, 3560 }, // U+0654
    { 5, 5, 0, 0, -1, 7, 3567 }, // U+0655
    { 3, 5, 0, 0, -1, 4, 3574 }, // U+0656
    { 6, 6, 0, 0, 22, 9, 3578 }, // U+0657
    { 5, 4, 0, 0, 22, 5, 3587 }, // U+0658
    { 6, 2, 0, 0, 22, 3, 3592 }, // U+0659
    { 5, 5, 0, 0, 22, 7, 3595 }, // U+065A
    { 5, 5, 0, 0, 22, 7, 3602 }, // U+065B
    { 4, 4, 0, 0, -1, 4, 3609 }, // U+065C
    { 6, 6, 0, 1, 22, 9, 3613 }, // U+065D
    { 6, 6, 0, 0, 22, 9, 3622 }, // U+065E
    { 7, 6, 0, 0, 22, 11, 3631 }, // U+065F
    { 4, 4, 191, 4, 8, 4, 3642 }, // U+0660
    { 4, 16, 191, 4, 15, 16, 3646 }, // U+0661
    { 10, 16, 191, 1, 15, 40, 3662 }, // U+0662
    { 12, 16, 191, 0, 15, 48, 3702 }, // U+0663
    { 10, 16, 191, 1, 15, 40, 3750 }, // U+0664
    { 10, 12, 191, 1, 11, 30, 3790 }, // U+0665
    { 10, 16, 191, 1, 15, 40, 3820 }, // U+0666
    { 12, 16, 191, 0, 15, 48, 3860 }, // U+0667
    { 12, 16, 191, 0, 15, 48, 3908 }, // U+0668
    { 10, 16, 191, 1, 15, 40, 3956 }, // U+0669
    { 9, 16, 158, 1, 15, 36, 3996 }, // U+066A
    { 5, 8, 82, 0, 4, 10, 4032 }, // U+066B
    { 6, 7, 82, 0, 14, 11, 4042 }, // U+066C
    { 11, 11, 166, 0, 10, 31, 4053 }, // U+066D
    { 20, 10, 331, 0, 9, 50, 4084 }, // U+066E
    { 16, 13, 258, 0, 9, 52, 4134 }, // U+066F
    { 3, 5, 0, 0, 19, 4, 4186 }, // U+0670
    { 7, 20, 78, -1, 20, 35, 4190 }, // U+0671
    { 8, 20, 78, -1, 20, 40, 4225 }, // U+0672
    { 8, 22, 79, -2, 15, 44, 4265 }, // U+0673
    { 8, 10, 137, 0, 11, 20, 4309 }, // U+0674
    { 12, 15, 216, 1, 15, 45, 4329 }, // U+0675
    { 18, 16, 286, 0, 11, 72, 4374 }, // U+0676
    { 18, 19, 286, 0, 14, 86, 4446 }, // U+0677
    { 24, 16, 390, 0, 11, 96, 4532 }, // U+0678
    { 20, 16, 331, 0, 15, 80, 4628 }, // U+0679
    { 20, 15, 331, 0, 14, 75, 4708 }, // U+067A
    { 20, 17, 331, 0, 9, 85, 4783 }, // U+067B
    { 20, 15, 331, 0, 11, 75, 4868 }, // U+067C
    { 20, 15, 331, 0, 14, 75, 4943 }, // U+067D
    { 20, 17, 331, 0, 9, 85, 5018 }, // U+067E
    { 20, 15, 331, 0, 14, 75, 5103 }, // U+067F
    { 20, 17, 331, 0, 9, 85, 5178 }, // U+0680
    { 13, 24, 213, 0, 15, 78, 5263 }, // U+0681
    { 13, 25, 213, 0, 16, 82, 5341 }, // U+0682
    { 13, 18, 220, 0, 9, 59, 5423 }, // U+0683
    { 13, 18, 213, 0, 9, 59, 5482 }, // U+0684
    { 13, 25, 213, 0, 16, 82, 5541 }, // U+0685
    { 13, 18, 220, 0, 9, 59, 5623 }, // U+0686
    { 13, 18, 220, 0, 9, 59, 5682 }, // U+0687
    { 9, 20, 159, 0, 19, 45, 5741 }, // U+0688
    { 9, 14, 159, 0, 10, 32, 5786 }, // U+0689
    { 9, 14, 159, 0, 10, 32, 5818 }, // U+068A
    { 9, 23, 159, 0, 19, 52, 5850 }, // U+068B
    { 9, 15, 159, 0, 14, 34, 5902 }, // U+068C
    { 9, 14, 159, 0, 10, 32, 5936 }, // U+068D
    { 9, 18, 159, 0, 17, 41, 5968 }, // U+068E
    { 9, 18, 159, 0, 17, 41, 6009 }, // U+068F
    { 9, 18, 159, 0, 17, 41, 6050 }, // U+0690
    { 8, 21, 122, -1, 16, 42, 6091 }, // U+0691
    { 8, 19, 122, -1, 14, 38, 6133 }, // U+0692
    { 9, 13, 122, -1, 8, 30, 6171 }, // U+0693
    { 8, 16, 122, -1, 8, 32, 6201 }, // U+0694
    { 8, 17, 122, -1, 8, 34, 6233 }, // U+0695
    { 8, 16, 122, -1, 8, 32, 6267 }, // U+0696
    { 8, 17, 122, -1, 12, 34, 6299 }, // U+0697
    { 8, 20, 122, -1, 15, 40, 6333 }, // U+0698
    { 8, 20, 122, -1, 15, 40, 6373 }, // U+0699
    { 25, 16, 403, 0, 11, 100, 6413 }, // U+069A
    { 25, 16, 403, 0, 9, 100, 6513 }, // U+069B
    { 25, 21, 403, 0, 14, 132, 6613 }, // U+069C
    { 27, 13, 435, 0, 8, 88, 6745 }, // U+069D
    { 27, 20, 435, 0, 15, 135, 6833 }, // U+069E
    { 16, 16, 263, 0, 15, 64, 6968 }, // U+069F
    { 13, 27, 169, 0, 18, 88, 7032 }, // U+06A0
    { 20, 12, 328, 0, 11, 60, 7120 }, // U+06A1
    { 20, 15, 328, 0, 11, 75, 7180 }, // U+06A2
    { 20, 19, 328, 0, 15, 95, 7255 }, // U+06A3
    { 20, 19, 328, 0, 18, 95, 7350 }, // U+06A4
    { 20, 19, 328, 0, 11, 95, 7445 }, // U+06A5
    { 20, 19, 328, 0, 18, 95, 7540 }, // U+06A6
    { 16, 17, 258, 0, 13, 68, 7635 }, // U+06A7
    { 16, 20, 258, 0, 16, 80, 7703 }, // U+06A8
    { 19, 16, 292, 0, 15, 76, 7783 }, // U+06A9
    { 20, 13, 339, 1, 12, 65, 7859 }, // U+06AA
    { 19, 16, 292, 0, 15, 76, 7924 }, // U+06AB
    { 18, 16, 294, 0, 15, 72, 8000 }, // U+06AC
    { 18, 19, 294, 0, 18, 86, 8072 }, // U+06AD
    { 18, 22, 294, 0, 15, 99, 8158 }, // U+06AE
    { 19, 19, 292, 0, 18, 91, 8257 }, // U+06AF
    { 19, 19, 292, 0, 18, 91, 8348 }, // U+06B0
    { 19, 21, 292, 0, 20, 100, 8439 }, // U+06B1
    { 19, 22, 292, 0, 18, 105, 8539 }, // U+06B2
    { 19, 25, 292, 0, 18, 119, 8644 }, // U+06B3
    { 19, 21, 292, 0, 20, 100, 8763 }, // U+06B4
    { 14, 27, 232, 0, 22, 95, 8863 }, // U+06B5
    { 14, 24, 232, 0, 19, 84, 8958 }, // U+06B6
    { 15, 27, 232, 0, 22, 102, 9042 }, // U+06B7
    { 14, 27, 232, 0, 15, 95, 9144 }, // U+06B8
    { 14, 20, 228, 0, 11, 70, 9239 }, // U+06B9
    { 14, 12, 228, 0, 7, 42, 9309 }, // U+06BA
    { 14, 20, 228, 0, 15, 70, 9351 }, // U+06BB
    { 14, 19, 228, 0, 11, 67, 9421 }, // U+06BC
    { 14, 19, 228, 0, 14, 67, 9488 }, // U+06BD
    { 14, 12, 224, 0, 11, 42, 9555 }, // U+06BE
    { 13, 22, 220, 0, 13, 72, 9597 }, // U+06BF
    { 8, 16, 135, 0, 16, 32, 9669 }, // U+06C0
    { 8, 10, 135, 0, 10, 20, 9701 }, // U+06C1
    { 8, 16, 135, 0, 16, 32, 9721 }, // U+06C2
    { 8, 14, 135, 0, 14, 28, 9753 }, // U+06C3
    { 9, 13, 149, 0, 8, 30, 9781 }, // U+06C4
    { 9, 13, 149, 0, 8, 30, 9811 }, // U+06C5
    { 9, 19, 149, 0, 14, 43, 9841 }, // U+06C6
    { 9, 19, 149, 0, 14, 43, 9884 }, // U+06C7
    { 9, 19, 149, 0, 14, 43, 9927 }, // U+06C8
    { 9, 19, 149, 0, 14, 43, 9970 }, // U+06C9
    { 9, 16, 149, 0, 11, 36, 10013 }, // U+06CA
    { 9, 19, 149, 0, 14, 43, 10049 }, // U+06CB
    { 16, 14, 253, 0, 9, 56, 10092 }, // U+06CC
    { 19, 14, 253, -3, 9, 67, 10148 }, // U+06CD
    { 16, 15, 253, 0, 10, 60, 10215 }, // U+06CE
    { 9, 16, 149, 0, 11, 36, 10275 }, // U+06CF
    { 16, 21, 253, 0, 9, 84, 10311 }, // U+06D0
    { 16, 21, 253, 0, 9, 84, 10395 }, // U+06D1
    { 19, 11, 314, 0, 10, 53, 10479 }, // U+06D2
    { 19, 16, 314, 0, 15, 76, 10532 }, // U+06D3
    { 6, 2, 100, 0, 2, 3, 10608 }, // U+06D4
    { 8, 10, 135, 0, 10, 20, 10611 }, // U+06D5
    { 9, 7, 0, 0, 22, 16, 10631 }, // U+06D6
    { 7, 7, 0, 0, 22, 13, 10647 }, // U+06D7
    { 6, 5, 0, 1, 22, 8, 10660 }, // U+06D8
    { 4, 6, 0, 0, 22, 6, 10668 }, // U+06D9
    { 6, 7, 0, 0, 22, 11, 10674 }, // U+06DA
    { 5, 5, 0, 0, 22, 7, 10685 }, // U+06DB
    { 9, 6, 0, 0, 22, 14, 10692 }, // U+06DC
    { 25, 25, 457, 2, 18, 157, 10706 }, // U+06DD
    { 21, 21, 333, 0, 16, 111, 10863 }, // U+06DE
    { 5, 5, 0, 0, 22, 7, 10974 }, // U+06DF
    { 5, 6, 0, 0, 22, 8, 10981 }, // U+06E0
    { 6, 4, 0, 0, 22, 6, 10989 }, // U+06E1
    { 5, 6, 0, 0, 22, 8, 10995 }, // U+06E2
    { 9, 6, 0, 0, 22, 14, 11003 }, // U+06E3
    { 7, 3, 0, 0, 22, 6, 11017 }, // U+06E4
    { 4, 6, 60, 0, 5, 6, 11023 }, // U+06E5
    { 7, 5, 117, 0, 4, 9, 11029 }, // U+06E6
    { 7, 5, 0, 0, 22, 9, 11038 }, // U+06E7
    { 6, 7, 0, 0, 22, 11, 11047 }, // U+06E8
    { 12, 15, 203, 0, 15, 45, 11058 }, // U+06E9
    { 6, 5, 0, 0, 22, 8, 11103 }, // U+06EA
    { 6, 5, 0, 0, 22, 8, 11111 }, // U+06EB
    { 4, 4, 0, 0, 22, 4, 11119 }, // U+06EC
    { 5, 6, 0, 0, 22, 8, 11123 }, // U+06ED
    { 9, 18, 159, 0, 17, 41, 0 }, // U+06EE
    { 8, 19, 122, -1, 14, 38, 41 }, // U+06EF
    { 4, 4, 191, 4, 8, 4, 79 }, // U+06F0
    { 4, 16, 191, 4, 15, 16, 83 }, // U+06F1
    { 10, 16, 191, 1, 15, 40, 99 }, // U+06F2
    { 12, 16, 191, 0, 15, 48, 139 }, // U+06F3
    { 10, 15, 191, 1, 15, 38, 187 }, // U+06F4
    { 10, 15, 191, 1, 15, 38, 225 }, // U+06F5
    { 8, 16, 191, 2, 15, 32, 263 }, // U+06F6
    { 12, 16, 191, 0, 15, 48, 295 }, // U+06F7
    { 12, 16, 191, 0, 15, 48, 343 }, // U+06F8
    { 10, 16, 191, 1, 15, 40, 391 }, // U+06F9
    { 25, 19, 403, 0, 14, 119, 431 }, // U+06FA
    { 27, 17, 435, 0, 12, 115, 550 }, // U+06FB
    { 13, 24, 169, 0, 15, 78, 665 }, // U+06FC
    { 8, 14, 137, 0, 8, 28, 743 }, // U+06FD
    { 10, 17, 161, 0, 8, 43, 771 }, // U+06FE
    { 14, 18, 224, 0, 17, 63, 814 }, // U+06FF
    { 20, 14, 331, 0, 9, 70, 0 }, // U+0750
    { 20, 18, 331, 0, 14, 90, 70 }, // U+0751
    { 20, 17, 331, 0, 9, 85, 160 }, // U+0752
    { 20, 19, 331, 0, 11, 95, 245 }, // U+0753
    { 20, 16, 331, 0, 11, 80, 340 }, // U+0754
    { 20, 16, 331, 0, 9, 80, 420 }, // U+0755
    { 20, 14, 331, 0, 13, 70, 500 }, // U+0756
    { 13, 22, 213, 0, 13, 72, 570 }, // U+0757
    { 13, 18, 220, 0, 9, 59, 642 }, // U+0758
    { 9, 26, 159, 0, 19, 59, 701 }, // U+0759
    { 9, 16, 159, 0, 10, 36, 760 }, // U+075A
    { 9, 13, 122, -1, 8, 30, 796 }, // U+075B
    { 25, 19, 403, 0, 14, 119, 826 }, // U+075C
    { 13, 24, 169, 0, 15, 78, 945 }, // U+075D
    { 13, 27, 169, 0, 18, 88, 1023 }, // U+075E
    { 13, 27, 169, 0, 18, 88, 1111 }, // U+075F
    { 20, 16, 328, 0, 11, 80, 1199 }, // U+0760
    { 20, 19, 328, 0, 11, 95, 1279 }, // U+0761
    { 19, 18, 292, 0, 17, 86, 1374 }, // U+0762
    { 19, 19, 292, 0, 18, 91, 1460 }, // U+0763
    { 19, 22, 292, 0, 15, 105, 1551 }, // U+0764
    { 10, 21, 161, 0, 12, 53, 1656 }, // U+0765
    { 10, 17, 161, 0, 8, 43, 1709 }, // U+0766
    { 14, 20, 228, 0, 11, 70, 1752 }, // U+0767
    { 14, 21, 228, 0, 16, 74, 1822 }, // U+0768
    { 14, 20, 228, 0, 15, 70, 1896 }, // U+0769
    { 15, 20, 232, 0, 15, 75, 1966 }, // U+076A
    { 8, 20, 122, -1, 15, 40, 2041 }, // U+076B
    { 8, 19, 122, -1, 14, 38, 2081 }, // U+076C
    { 25, 19, 403, 0, 14, 119, 2119 }, // U+076D
    { 13, 18, 220, 0, 9, 59, 2238 }, // U+076E
    { 13, 18, 220, 0, 9, 59, 2297 }, // U+076F
    { 25, 20, 403, 0, 15, 125, 2356 }, // U+0770
    { 8, 20, 122, -1, 15, 40, 2481 }, // U+0771
    { 13, 27, 213, 0, 18, 88, 2521 }, // U+0772
    { 6, 20, 105, 0, 20, 30, 2609 }, // U+0773
    { 6, 20, 105, 0, 20, 30, 2639 }, // U+0774
    { 16, 15, 253, 0, 10, 60, 2669 }, // U+0775
    { 16, 15, 253, 0, 10, 60, 2729 }, // U+0776
    { 16, 20, 253, 0, 9, 80, 2789 }, // U+0777
    { 9, 18, 149, 0, 13, 41, 2869 }, // U+0778
    { 9, 18, 149, 0, 13, 41, 2910 }, // U+0779
    { 19, 15, 314, 0, 14, 72, 2951 }, // U+077A
    { 19, 15, 314, 0, 14, 72, 3023 }, // U+077B
    { 13, 18, 220, 0, 9, 59, 3095 }, // U+077C
    { 25, 19, 403, 0, 14, 119, 3154 }, // U+077D
    { 25, 19, 403, 0, 14, 119, 3273 }, // U+077E
    { 18, 16, 294, 0, 15, 72, 3392 }, // U+077F
    { 6, 3, 107, 0, 7, 5, 0 }, // U+2010
    { 6, 3, 107, 0, 7, 5, 5 }, // U+2011
    { 10, 3, 167, 0, 7, 8, 10 }, // U+2013
    { 20, 3, 333, 0, 7, 15, 18 }, // U+2014
    { 4, 6, 58, 0, 15, 6, 33 }, // U+2018
    { 4, 6, 58, 0, 15, 6, 39 }, // U+2019
    { 4, 6, 83, 0, 3, 6, 45 }, // U+201A
    { 8, 6, 120, 0, 15, 12, 51 }, // U+201C
    { 8, 6, 120, 0, 15, 12, 63 }, // U+201D
    { 8, 6, 139, 0, 3, 12, 75 }, // U+201E
    { 6, 6, 125, 1, 11, 9, 87 }, // U+2022
    { 14, 4, 264, 1, 3, 14, 96 }, // U+2026
    { 20, 17, 331, 0, 9, 85, 0 }, // U+FB56
    { 24, 16, 364, 0, 8, 96, 85 }, // U+FB57
    { 6, 16, 100, -1, 9, 24, 181 }, // U+FB58
    { 9, 13, 124, 0, 6, 30, 205 }, // U+FB59
    { 13, 18, 220, 0, 9, 59, 235 }, // U+FB7A
    { 17, 18, 240, 0, 9, 77, 294 }, // U+FB7B
    { 12, 15, 196, 0, 8, 45, 371 }, // U+FB7C
    { 15, 15, 212, 0, 8, 57, 416 }, // U+FB7D
    { 8, 20, 122, -1, 15, 40, 473 }, // U+FB8A
    { 11, 20, 132, -1, 15, 55, 513 }, // U+FB8B
    { 8, 21, 122, -1, 16, 42, 568 }, // U+FB8C
    { 11, 21, 132, -1, 16, 58, 610 }, // U+FB8D
    { 19, 16, 292, 0, 15, 76, 668 }, // U+FB8E
    { 22, 16, 325, 0, 15, 88, 744 }, // U+FB8F
    { 9, 16, 137, 0, 15, 36, 832 }, // U+FB90
    { 12, 16, 169, 0, 15, 48, 868 }, // U+FB91
    { 19, 19, 292, 0, 18, 91, 916 }, // U+FB92
    { 22, 19, 325, 0, 18, 105, 1007 }, // U+FB93
    { 9, 19, 137, 0, 18, 43, 1112 }, // U+FB94
    { 12, 19, 169, 0, 18, 57, 1155 }, // U+FB95
    { 8, 16, 135, 0, 16, 32, 1212 }, // U+FBA4
    { 12, 18, 162, 0, 17, 54, 1244 }, // U+FBA5
    { 18, 19, 294, 0, 18, 86, 1298 }, // U+FBD3
    { 21, 19, 307, 0, 18, 100, 1384 }, // U+FBD4
    { 9, 19, 137, 0, 18, 43, 1484 }, // U+FBD5
    { 12, 19, 169, 0, 18, 57, 1527 }, // U+FBD6
    { 16, 14, 253, 0, 9, 56, 1584 }, // U+FBFC
    { 17, 9, 245, 0, 4, 39, 1640 }, // U+FBFD
    { 6, 13, 100, -1, 9, 20, 1679 }, // U+FBFE
    { 9, 10, 124, 0, 6, 23, 1699 }, // U+FBFF
    { 8, 20, 143, 0, 15, 40, 1722 }, // U+FD3E
    { 8, 20, 143, 1, 15, 40, 1762 }, // U+FD3F
    { 26, 22, 428, 0, 21, 143, 1802 }, // U+FDF2
    { 6, 6, 101, 0, 18, 9, 0 }, // U+FE70
    { 7, 15, 90, 0, 14, 27, 9 }, // U+FE71
    { 8, 6, 124, 0, 18, 12, 36 }, // U+FE72
    { 7, 9, 89, 0, 4, 16, 48 }, // U+FE73
    { 6, 6, 101, 0, 0, 9, 64 }, // U+FE74
    { 6, 4, 101, 0, 16, 6, 73 }, // U+FE76
    { 7, 13, 90, 0, 12, 23, 79 }, // U+FE77
    { 6, 6, 107, 0, 18, 9, 102 }, // U+FE78
    { 8, 15, 90, -1, 14, 30, 111 }, // U+FE79
    { 6, 4, 101, 0, 0, 6, 141 }, // U+FE7A
    { 7, 6, 90, 0, 2, 11, 147 }, // U+FE7B
    { 7, 5, 108, 0, 17, 9, 158 }, // U+FE7C
    { 8, 14, 90, -1, 13, 28, 167 }, // U+FE7D
    { 5, 5, 78, 0, 17, 7, 195 }, // U+FE7E
    { 7, 14, 90, 0, 13, 25, 202 }, // U+FE7F
    { 8, 10, 137, 0, 8, 20, 227 }, // U+FE80
    { 8, 18, 78, -2, 18, 36, 247 }, // U+FE81
    { 10, 20, 97, -2, 19, 50, 283 }, // U+FE82
    { 5, 20, 78, 0, 20, 25, 333 }, // U+FE83
    { 8, 22, 97, 0, 21, 44, 358 }, // U+FE84
    { 9, 18, 149, 0, 13, 41, 402 }, // U+FE85
    { 11, 18, 157, 0, 13, 50, 443 }, // U+FE86
    { 5, 21, 79, 1, 15, 27, 493 }, // U+FE87
    { 7, 21, 97, 1, 15, 37, 520 }, // U+FE88
    { 16, 14, 253, 0, 9, 56, 557 }, // U+FE89
    { 17, 14, 245, 0, 9, 60, 613 }, // U+FE8A
    { 5, 16, 90, 0, 15, 20, 673 }, // U+FE8B
    { 9, 13, 114, 0, 12, 30, 693 }, // U+FE8C
    { 3, 15, 79, 1, 15, 12, 723 }, // U+FE8D
    { 7, 16, 97, 1, 15, 28, 735 }, // U+FE8E
    { 20, 13, 331, 0, 9, 65, 763 }, // U+FE8F
    { 24, 12, 364, 0, 8, 72, 828 }, // U+FE90
    { 5, 13, 90, 0, 9, 17, 900 }, // U+FE91
    { 9, 10, 114, 0, 6, 23, 917 }, // U+FE92
    { 8, 14, 135, 0, 14, 28, 940 }, // U+FE93
    { 12, 16, 162, 0, 15, 48, 968 }, // U+FE94
    { 20, 12, 331, 0, 11, 60, 1016 }, // U+FE95
    { 24, 12, 364, 0, 11, 72, 1076 }, // U+FE96
    { 6, 14, 90, 0, 13, 21, 1148 }, // U+FE97
    { 9, 11, 124, 0, 10, 25, 1169 }, // U+FE98
    { 20, 15, 331, 0, 14, 75, 1194 }, // U+FE99
    { 24, 15, 364, 0, 14, 90, 1269 }, // U+FE9A
    { 6, 17, 90, 0, 16, 26, 1359 }, // U+FE9B
    { 9, 14, 124, 0, 13, 32, 1385 }, // U+FE9C
    { 13, 18, 213, 0, 9, 59, 1417 }, // U+FE9D
    { 15, 18, 216, 0, 9, 68, 1476 }, // U+FE9E
    { 12, 12, 196, 0, 8, 36, 1544 }, // U+FE9F
    { 15, 12, 212, 0, 8, 45, 1580 }, // U+FEA0
    { 13, 18, 213, 0, 9, 59, 1625 }, // U+FEA1
    { 15, 18, 216, 0, 9, 68, 1684 }, // U+FEA2
    { 12, 9, 196, 0, 8, 27, 1752 }, // U+FEA3
    { 15, 9, 212, 0, 8, 34, 1779 }, // U+FEA4
    { 13, 22, 213, 0, 13, 72, 1813 }, // U+FEA5
    { 15, 22, 216, 0, 13, 83, 1885 }, // U+FEA6
    { 12, 13, 196, 0, 12, 39, 1968 }, // U+FEA7
    { 15, 13, 212, 0, 12, 49, 2007 }, // U+FEA8
    { 9, 11, 159, 0, 10, 25, 2056 }, // U+FEA9
    { 13, 11, 177, 0, 10, 36, 2081 }, // U+FEAA
    { 9, 15, 159, 0, 14, 34, 2117 }, // U+FEAB
    { 13, 15, 177, 0, 14, 49, 2151 }, // U+FEAC
    { 8, 13, 122, -1, 8, 26, 2200 }, // U+FEAD
    { 11, 13, 132, -1, 8, 36, 2226 }, // U+FEAE
    { 8, 17, 122, -1, 12, 34, 2262 }, // U+FEAF
    { 11, 17, 132, -1, 12, 47, 2296 }, // U+FEB0
    { 25, 14, 403, 0, 9, 88, 2343 }, // U+FEB1
    { 28, 13, 423, 0, 8, 91, 2431 }, // U+FEB2
    { 16, 10, 261, 0, 9, 40, 2522 }, // U+FEB3
    { 19, 9, 283, 0, 8, 43, 2562 }, // U+FEB4
    { 25, 19, 403, 0, 14, 119, 2605 }, // U+FEB5
    { 28, 19, 423, 0, 14, 133, 2724 }, // U+FEB6
    { 16, 15, 261, 0, 14, 60, 2857 }, // U+FEB7
    { 19, 15, 283, 0, 14, 72, 2917 }, // U+FEB8
    { 27, 13, 435, 0, 8, 88, 2989 }, // U+FEB9
    { 30, 13, 451, 0, 8, 98, 3077 }, // U+FEBA
    { 18, 9, 301, 0, 8, 41, 3175 }, // U+FEBB
    { 21, 9, 316, 0, 8, 48, 3216 }, // U+FEBC
    { 27, 17, 435, 0, 12, 115, 3264 }, // U+FEBD
    { 30, 17, 451, 0, 12, 128, 3379 }, // U+FEBE
    { 18, 13, 301, 0, 12, 59, 3507 }, // U+FEBF
    { 21, 13, 316, 0, 12, 69, 3566 }, // U+FEC0
    { 16, 16, 263, 0, 15, 64, 3635 }, // U+FEC1
    { 19, 16, 277, 0, 15, 76, 3699 }, // U+FEC2
    { 14, 16, 226, 0, 15, 56, 3775 }, // U+FEC3
    { 16, 16, 237, 0, 15, 64, 3831 }, // U+FEC4
    { 16, 16, 263, 0, 15, 64, 3895 }, // U+FEC5
    { 19, 16, 277, 0, 15, 76, 3959 }, // U+FEC6
    { 14, 16, 226, 0, 15, 56, 4035 }, // U+FEC7
    { 16, 16, 237, 0, 15, 64, 4091 }, // U+FEC8
    { 13, 20, 169, 0, 11, 65, 4155 }, // U+FEC9
    { 13, 18, 177, 0, 9, 59, 4220 }, // U+FECA
    { 10, 11, 168, 0, 10, 28, 4279 }, // U+FECB
    { 12, 10, 174, 0, 9, 30, 4307 }, // U+FECC
    { 13, 24, 169, 0, 15, 78, 4337 }, // U+FECD
    { 13, 22, 177, 0, 13, 72, 4415 }, // U+FECE
    { 10, 15, 168, 0, 14, 38, 4487 }, // U+FECF
    { 12, 14, 174, 0, 13, 42, 4525 }, // U+FED0
    { 20, 16, 328, 0, 15, 80, 4567 }, // U+FED1
    { 24, 14, 366, 0, 13, 84, 4647 }, // U+FED2
    { 9, 16, 149, 0, 15, 36, 4731 }, // U+FED3
    { 12, 14, 165, 0, 13, 42, 4767 }, // U+FED4
    { 16, 17, 258, 0, 13, 68, 4809 }, // U+FED5
    { 18, 17, 269, 0, 11, 77, 4877 }, // U+FED6
    { 9, 16, 149, 0, 15, 36, 4954 }, // U+FED7
    { 12, 14, 165, 0, 13, 42, 4990 }, // U+FED8
    { 18, 16, 294, 0, 15, 72, 5032 }, // U+FED9
    { 21, 16, 307, 0, 15, 84, 5104 }, // U+FEDA
    { 9, 16, 137, 0, 15, 36, 5188 }, // U+FEDB
    { 12, 16, 169, 0, 15, 48, 5224 }, // U+FEDC
    { 14, 20, 232, 0, 15, 70, 5272 }, // U+FEDD
    { 17, 20, 243, 0, 15, 85, 5342 }, // U+FEDE
    { 5, 16, 87, 0, 15, 20, 5427 }, // U+FEDF
    { 8, 16, 100, 0, 15, 32, 5447 }, // U+FEE0
    { 10, 17, 161, 0, 8, 43, 5479 }, // U+FEE1
    { 13, 17, 187, 0, 8, 56, 5522 }, // U+FEE2
    { 10, 9, 175, 0, 8, 23, 5578 }, // U+FEE3
    { 14, 9, 193, 0, 8, 32, 5601 }, // U+FEE4
    { 14, 16, 228, 0, 11, 56, 5633 }, // U+FEE5
    { 17, 16, 243, 0, 11, 68, 5689 }, // U+FEE6
    { 5, 14, 90, 0, 13, 18, 5757 }, // U+FEE7
    { 9, 11, 114, 0, 10, 25, 5775 }, // U+FEE8
    { 8, 10, 135, 0, 10, 20, 5800 }, // U+FEE9
    { 12, 12, 162, 0, 11, 36, 5820 }, // U+FEEA
    { 12, 12, 191, 0, 11, 36, 5856 }, // U+FEEB
    { 12, 14, 169, 0, 9, 42, 5892 }, // U+FEEC
    { 9, 13, 149, 0, 8, 30, 5934 }, // U+FEED
    { 11, 13, 157, 0, 8, 36, 5964 }, // U+FEEE
    { 16, 14, 253, 0, 9, 56, 6000 }, // U+FEEF
    { 17, 9, 245, 0, 4, 39, 6056 }, // U+FEF0
    { 16, 18, 253, 0, 9, 72, 6095 }, // U+FEF1
    { 17, 13, 245, 0, 4, 56, 6167 }, // U+FEF2
    { 6, 13, 100, -1, 9, 20, 6223 }, // U+FEF3
    { 9, 10, 124, 0, 6, 23, 6243 }, // U+FEF4
    { 13, 16, 194, -2, 16, 52, 6266 }, // U+FEF5
    { 16, 17, 200, -2, 16, 68, 6318 }, // U+FEF6
    { 12, 18, 194, -1, 18, 54, 6386 }, // U+FEF7
    { 14, 19, 200, 0, 18, 67, 6440 }, // U+FEF8
    { 11, 21, 194, 0, 15, 58, 6507 }, // U+FEF9
    { 14, 21, 200, 0, 15, 74, 6565 }, // U+FEFA
    { 11, 15, 194, 0, 15, 42, 6639 }, // U+FEFB
    { 14, 16, 200, 0, 15, 56, 6681 }, // U+FEFC
    { 0, 0, 0, 0, 0, 0, 6737 }, // U+FEFF
};

static const EpdUnicodeInterval notosansarabic_10_regularIntervals[] = {
    { 0x20, 0x7E, 0x0 },
    { 0x600, 0x6FF, 0x5F },
    { 0x750, 0x77F, 0x15F },
    { 0x2010, 0x2011, 0x18F },
    { 0x2013, 0x2014, 0x191 },
    { 0x2018, 0x201A, 0x193 },
    { 0x201C, 0x201E, 0x196 },
    { 0x2022, 0x2022, 0x199 },
    { 0x2026, 0x2026, 0x19A },
    { 0xFB56, 0xFB59, 0x19B },
    { 0xFB7A, 0xFB7D, 0x19F },
    { 0xFB8A, 0xFB95, 0x1A3 },
    { 0xFBA4, 0xFBA5, 0x1AF },
    { 0xFBD3, 0xFBD6, 0x1B1 },
    { 0xFBFC, 0xFBFF, 0x1B5 },
    { 0xFD3E, 0xFD3F, 0x1B9 },
    { 0xFDF2, 0xFDF2, 0x1BB },
    { 0xFE70, 0xFE74, 0x1BC },
    { 0xFE76, 0xFEFC, 0x1C1 },
    { 0xFEFF, 0xFEFF, 0x248 },
};

static const EpdFontGroup notosansarabic_10_regularGroups[] = {
    { 0, 2028, 3895, 95, 0 },
    { 2028, 3513, 12276, 238, 95 },
    { 5541, 575, 973, 18, 333 },
    { 6116, 1151, 3847, 48, 351 },
    { 7267, 101, 118, 12, 399 },
    { 7368, 950, 2119, 33, 411 },
    { 8318, 2489, 7450, 141, 444 },
};

static const EpdKernClassEntry notosansarabic_10_regularKernLeftClasses[] = {
    { 0x0022, 1 }, // "
    { 0x0026, 2 }, // &
    { 0x0027, 1 }, // '
    { 0x0028, 3 }, // (
    { 0x002C, 4 }, // ,
    { 0x002D, 5 }, // -
    { 0x002E, 4 }, // .
    { 0x0041, 6 }, // A
    { 0x0042, 7 }, // B
    { 0x0043, 8 }, // C
    { 0x0044, 9 }, // D
    { 0x0045, 10 }, // E
    { 0x0046, 11 }, // F
    { 0x004B, 8 }, // K
    { 0x004C, 12 }, // L
    { 0x004F, 9 }, // O
    { 0x0050, 13 }, // P
    { 0x0051, 9 }, // Q
    { 0x0054, 14 }, // T
    { 0x0055, 15 }, // U
    { 0x0056, 16 }, // V
    { 0x0057, 16 }, // W
    { 0x0058, 8 }, // X
    { 0x0059, 17 }, // Y
    { 0x005A, 18 }, // Z
    { 0x005B, 3 }, // [
    { 0x005F, 19 }, // _
    { 0x0061, 20 }, // a
    { 0x0062, 21 }, // b
    { 0x0063, 22 }, // c
    { 0x0065, 21 }, // e
    { 0x0066, 23 }, // f
    { 0x0068, 20 }, // h
    { 0x006D, 20 }, // m
    { 0x006E, 20 }, // n
    { 0x006F, 21 }, // o
    { 0x0070, 21 }, // p
    { 0x0072, 24 }, // r
    { 0x0074, 22 }, // t
    { 0x0076, 25 }, // v
    { 0x0077, 25 }, // w
    { 0x0078, 26 }, // x
    { 0x0079, 25 }, // y
    { 0x007B, 3 }, // {
    { 0x0692, 27 }, // U+0692
    { 0x0693, 27 }, // U+0693
    { 0x0695, 27 }, // U+0695
    { 0x06EF, 27 }, // U+06EF
    { 0x075B, 27 }, // U+075B
    { 0x2013, 5 }, // U+2013
    { 0x2014, 5 }, // U+2014
    { 0x2018, 1 }, // U+2018
    { 0x2019, 1 }, // U+2019
    { 0x201A, 4 }, // U+201A
    { 0x201C, 1 }, // U+201C
    { 0x201D, 1 }, // U+201D
    { 0x201E, 4 }, // U+201E
    { 0xFB8C, 27 }, // U+FB8C
    { 0xFEAD, 27 }, // U+FEAD
    { 0xFEAE, 27 }, // U+FEAE
    { 0xFEAF, 27 }, // U+FEAF
};

static const EpdKernClassEntry notosansarabic_10_regularKernRightClasses[] = {
    { 0x0022, 1 }, // "
    { 0x0026, 2 }, // &
    { 0x0027, 1 }, // '
    { 0x0029, 3 }, // )
    { 0x002C, 4 }, // ,
    { 0x002D, 5 }, // -
    { 0x002E, 4 }, // .
    { 0x003F, 6 }, // ?
    { 0x0041, 7 }, // A
    { 0x0043, 8 }, // C
    { 0x0047, 8 }, // G
    { 0x004A, 9 }, // J
    { 0x004F, 8 }, // O
    { 0x0051, 8 }, // Q
    { 0x0054, 10 }, // T
    { 0x0055, 11 }, // U
    { 0x0056, 12 }, // V
    { 0x0057, 12 }, // W
    { 0x0058, 13 }, // X
    { 0x0059, 14 }, // Y
    { 0x005A, 15 }, // Z
    { 0x005D, 3 }, // ]
    { 0x0061, 16 }, // a
    { 0x0063, 17 }, // c
    { 0x0064, 17 }, // d
    { 0x0065, 17 }, // e
    { 0x0067, 18 }, // g
    { 0x006A, 19 }, // j
    { 0x006D, 20 }, // m
    { 0x006E, 20 }, // n
    { 0x006F, 17 }, // o
    { 0x0070, 20 }, // p
    { 0x0071, 17 }, // q
    { 0x0072, 20 }, // r
    { 0x0073, 21 }, // s
    { 0x0075, 20 }, // u
    { 0x0076, 22 }, // v
    { 0x0077, 22 }, // w
    { 0x0078, 22 }, // x
    { 0x0079, 22 }, // y
    { 0x007A, 23 }, // z
    { 0x007D, 3 }, // }
    { 0x0647, 24 }, // U+0647
    { 0x066F, 25 }, // U+066F
    { 0x06A1, 25 }, // U+06A1
    { 0x06AA, 24 }, // U+06AA
    { 0x06BE, 24 }, // U+06BE
    { 0x06C1, 24 }, // U+06C1
    { 0x2013, 5 }, // U+2013
    { 0x2014, 5 }, // U+2014
    { 0x2019, 1 }, // U+2019
    { 0x201A, 4 }, // U+201A
    { 0x201D, 1 }, // U+201D
    { 0x201E, 4 }, // U+201E
    { 0x2026, 4 }, // U+2026
    { 0xFB8E, 24 }, // U+FB8E
    { 0xFE8D, 26 }, // U+FE8D
    { 0xFEA3, 24 }, // U+FEA3
    { 0xFEA9, 25 }, // U+FEA9
    { 0xFEB1, 25 }, // U+FEB1
    { 0xFEB3, 25 }, // U+FEB3
    { 0xFEB9, 25 }, // U+FEB9
    { 0xFEBB, 25 }, // U+FEBB
    { 0xFEC1, 25 }, // U+FEC1
    { 0xFEC3, 25 }, // U+FEC3
    { 0xFECB, 26 }, // U+FECB
    { 0xFEDB, 24 }, // U+FEDB
    { 0xFEDF, 26 }, // U+FEDF
    { 0xFEE1, 24 }, // U+FEE1
    { 0xFEE3, 24 }, // U+FEE3
    { 0xFEE9, 24 }, // U+FEE9
    { 0xFEEB, 24 }, // U+FEEB
};

static const int8_t notosansarabic_10_regularKernMatrix[] = {
       0,    0,    0,    0,    0,    0,  -23,    0,    0,    7,    0,    7,    0,    3,    0,  -13,  -20,  -10,    0,  -10,  -10,    0,    0,    0,    0,    0,
       0,    0,    0,    0,    0,    0,    0,    0,    0,  -20,    0,   -7,    0,  -10,    0,    0,    0,    0,    0,    0,    0,    0,    0,    0,    0,    0,
       0,    0,    0,    0,    0,    0,    0,    0,   30,    0,    0,    0,    0,    0,    0,    0,    0,    0,   13,    0,    0,    0,    0,    0,    0,    0,
       0,    0,    0,    0,    0,    0,    0,  -17,    0,  -23,   -7,  -20,    0,  -20,    0,    0,    0,    0,    0,    0,    0,    0,    0,    0,    0,    0,
       0,    0,    0,    0,    0,    0,    0,    0,    0,  -13,    0,    0,    0,    0,    0,    0,    0,    0,    0,    0,    0,    0,    0,    0,    0,    0,
     -23,    0,    0,    0,    0,    0,    0,   -7,   17,  -23,    0,  -13,    0,  -20,    0,    0,    0,    0,    0,    0,    0,    0,    0,    0,    0,    0,
       0,    0,    0,   -3,    0,    0,    0,    0,    0,    0,    0,    0,    0,    0,    0,    0,    0,    0,    0,    0,    0,    0,    0,    0,    0,    0,
       0,    0,    0,    0,    0,    0,    0,   -7,    0,    0,    0,    0,    0,    0,    0,    0,    0,    0,    0,    0,    0,    0,    0,    0,    0,    0,
       0,    0,    0,  -13,    0,    0,   -7,    0,    0,  -10,    0,   -3,   -7,   -3,   -3,    0,    0,    0,    0,    0,    0,    0,    0,    0,    0,    0,
       0,    0,    0,    0,    0,    0,    0,    0,   20,    0,    0,    0,    0,    0,    0,    0,    0,    0,    0,    0,    0,    0,    0,    0,    0,    0,
       0,    0,    7,  -20,    0,    7,   -7,    0,    0,    0,    0,    0,    0,    0,    0,    0,    0,    0,    0,    0,    0,    0,    0,    0,    0,    0,
     -27,    0,    0,    0,    0,    0,    0,   -7,    0,   -7,   -3,   -7,    0,  -10,    0,    0,    0,    0,    0,    0,    0,    0,    0,    0,    0,    0,
       0,   -3,    0,  -43,    0,    0,  -17,    0,    0,    0,    0,    0,   -7,    0,   -3,    0,    0,    0,    0,    0,    0,    0,    0,    0,    0,    0,
       0,   -7,    0,  -20,  -13,    7,  -23,   -7,    0,    7,    0,    0,    0,    0,    0,  -27,  -23,  -23,    0,  -17,  -20,   -7,  -13,    0,    0,    0,
       0,    0,    0,   -7,    0,    0,   -3,    0,    0,    0,    0,    0,    0,    0,    0,    0,    0,    0,    0,    0,    0,    0,    0,    0,    0,    0,
       0,    0,    0,  -17,    0,    7,  -13,   -3,    0,    0,    0,    0,    0,    0,    0,   -7,   -7,   -3,    0,   -3,   -3,    0,    0,    0,    0,    0,
       0,  -10,    0,  -20,    0,    7,  -20,   -7,    0,    0,    0,    0,    0,    0,    0,  -17,  -17,  -17,    0,  -10,  -13,    0,   -7,    0,    0,    0,
       0,    0,    0,    0,    0,    0,    0,   -3,    0,    0,    0,    0,    0,    0,    0,    0,    0,    0,    0,    0,    0,    0,    0,    0,    0,    0,
       0,    0,    0,    0,    0,    0,    0,    0,   32,    0,    0,    0,    0,    0,    0,    0,    0,    0,    0,    0,    0,    0,    0,    0,    0,    0,
      -3,    0,    0,    0,    0,    0,    0,    0,    0,    0,    0,    0,    0,    0,    0,    0,    0,    0,    0,    0,    0,    0,    0,    0,    0,    0,
      -3,    0,    0,    0,    0,    0,    0,    0,    0,    0,    0,    0,    0,    0,    0,    0,    0,    0,    0,    0,    0,   -7,   -3,    0,    0,    0,
       7,    0,    0,    0,    0,    0,    0,    0,    0,    0,    0,    0,    0,    0,    0,    0,    0,    0,    0,    0,    0,    0,    0,    0,    0,    0,
      20,    0,   13,   -7,    0,    0,    0,    0,    0,    0,    0,    0,    0,    0,    0,    0,    0,    0,    0,    0,    0,    0,    0,    0,    0,    0,
      13,    0,    0,  -53,    0,    0,    0,    0,    0,    0,    0,    0,    0,    0,    0,   -7,   -7,   -3,    0,    0,    0,    0,    0,    0,    0,    0,
      13,    0,    0,  -13,    0,    7,    0,    0,    0,    0,    0,    0,    0,    0,    0,    0,    0,    0,    0,    0,    0,    0,    0,    0,    0,    0,
       0,    0,    0,    0,    0,    0,    0,    0,    0,    0,    0,    0,    0,    0,    0,    0,   -7,    0,    0,    0,    0,    0,    0,    0,    0,    0,
       0,    0,    0,    0,    0,    0,    0,    0,    0,    0,    0,    0,    0,    0,    0,    0,    0,    0,    0,    0,    0,    0,    0,  -13,  -10,   -8,
};

static const EpdFontData notosansarabic_10_regular = {
    notosansarabic_10_regularBitmaps,
    notosansarabic_10_regularGlyphs,
    notosansarabic_10_regularIntervals,
    20,
    44,
    29,
    -16,
    true,
    notosansarabic_10_regularGroups,
    7,
    nullptr,
    notosansarabic_10_regularKernLeftClasses,
    notosansarabic_10_regularKernRightClasses,
    notosansarabic_10_regularKernMatrix,
    61,
    72,
    27,
    26,
    nullptr,
    0,
};
