/**
 * generated by fontconvert.py
 * name: notonaskharabic_16_regular
 * size: 16
 * mode: 2-bit  compressed: true
 * Command used: fontconvert.py notonaskharabic_16_regular 16 ../builtinFonts/source/NotoNaskhArabic/NotoNaskhArabic-Regular.ttf --2bit --compress --script arabic --reposition-marks
 */
#pragma once
#include "EpdFontData.h"

static const uint8_t notonaskharabic_16_regularBitmaps[19703] = {
    0xCD, 0x5A, 0x3D, 0x90, 0xDD, 0xD6, 0x75, 0x3E, 0x00, 0x48, 0x21, 0x23, 0x78, 0x08, 0x15, 0xA2,
    0x27, 0xE3, 0x35, 0x17, 0x8D, 0x0A, 0x8D, 0x62, 0x12, 0x29, 0x54, 0xB0, 0x78, 0xBB, 0xC0, 0xA8,
    0x55, 0x91, 0x2D, 0xB8, 0x49, 0x26, 0x99, 0x0C, 0x7B, 0x67, 0x92, 0xE7, 0x42, 0x05, 0x27, 0x26,
    0x17, 0xB0, 0x5D, 0xA4, 0x0C, 0x0B, 0xA7, 0x57, 0xA1, 0x22, 0x5E, 0x66, 0x86, 0x2A, 0xB6, 0xE0,
    0x8C, 0x97, 0x0F, 0xA0, 0x54, 0xA8, 0x48, 0x61, 0xC4, 0x9A, 0x89, 0x8A, 0x14, 0xC2, 0xD8, 0x9B,
    0x68, 0x2C, 0x4F, 0xC6, 0x37, 0x36, 0x34, 0xC2, 0x92, 0x78, 0xB8, 0xF9, 0xBE, 0x73, 0xF1, 0xDE,
    0x2E, 0xA5, 0xA5, 0x44, 0x4A, 0x2A, 0x82, 0x7D, 0x38, 0xF7, 0x2D, 0x70, 0x7F, 0xCE, 0x3D, 0xFF,
    0xE7, 0xDC, 0x27, 0xF2, 0x5D, 0x99, 0xAD, 0xFF, 0xB6, 0xE4, 0xB2, 0xFE, 0x5D, 0x5A, 0xFF, 0x7D,
    0x4B, 0x78, 0x7D, 0x57, 0xB2, 0x3C, 0xCB, 0x9F, 0xC7, 0xB7, 0xEC, 0xB5, 0x9E, 0x1F, 0xBF, 0x4B,
    0x3D, 0x7C, 0x4C, 0x22, 0x66, 0x53, 0xCC, 0x05, 0x31, 0xEC, 0x15, 0xD4, 0x17, 0x08, 0x36, 0x45,
    0xC2, 0xF2, 0xB2, 0x48, 0x54, 0xCE, 0x00, 0x72, 0x80, 0x18, 0x53, 0x4B, 0x22, 0xF7, 0x24, 0xB6,
    0xD6, 0x9A, 0xE7, 0xAB, 0xFD, 0xF1, 0x4D, 0x2C, 0x82, 0x31, 0x33, 0x05, 0x5E, 0x0B, 0xE0, 0x37,
    0x22, 0x37, 0x08, 0x0E, 0x82, 0x5A, 0x5E, 0x19, 0xEF, 0x7C, 0x5C, 0x66, 0xE8, 0x5C, 0x7A, 0x26,
    0x2A, 0xC5, 0x6B, 0xA3, 0x5C, 0xFC, 0x26, 0x16, 0x07, 0x74, 0x89, 0x93, 0x75, 0x44, 0x72, 0xBC,
    0xA8, 0xDD, 0xBD, 0xF1, 0x50, 0x3C, 0x6B, 0xDB, 0xF0, 0xF7, 0xEF, 0x76, 0xF1, 0x3B, 0x0F, 0xFA,
    0xF8, 0x9D, 0x9A, 0xB7, 0xC1, 0x2D, 0xF1, 0xAF, 0x6A, 0x09, 0x1F, 0xD6, 0xE2, 0x5B, 0xAC, 0x52,
    0x2C, 0x81, 0x9B, 0x2D, 0xF1, 0x8F, 0x11, 0xFF, 0xBD, 0x5E, 0xFC, 0x07, 0xC3, 0x25, 0xBF, 0x5E,
    0x6E, 0xE3, 0xCE, 0xFC, 0x7A, 0xC8, 0x5E, 0x7B, 0xD0, 0x27, 0xBF, 0x7C, 0xCF, 0x84, 0x40, 0x41,
    0xFE, 0xF6, 0xE8, 0x64, 0x7E, 0xDE, 0x5E, 0x29, 0xD3, 0xE5, 0xE3, 0x6D, 0x58, 0x4A, 0xFC, 0x81,
    0x91, 0x38, 0x17, 0x90, 0x04, 0xBB, 0x94, 0x4C, 0x06, 0x10, 0x52, 0xB6, 0xD1, 0xDC, 0x14, 0xD9,
    0x93, 0xFB, 0xD2, 0x69, 0xE3, 0x19, 0x6D, 0x82, 0x46, 0x9B, 0xB0, 0x66, 0x73, 0x18, 0xE7, 0xBB,
    0x1C, 0x90, 0x84, 0xB6, 0xCE, 0xA4, 0xDF, 0x8A, 0x7F, 0x6C, 0x92, 0xD7, 0xCC, 0x4D, 0x7C, 0x0D,
    0x6D, 0xD3, 0x71, 0x8A, 0x9F, 0x79, 0x66, 0x0F, 0x8D, 0x04, 0xCD, 0x2D, 0xCC, 0x24, 0x61, 0x7D,
    0x9F, 0x4D, 0x9C, 0x6B, 0x93, 0x88, 0x3E, 0xDC, 0x12, 0xED, 0x72, 0x53, 0x97, 0xC6, 0x6A, 0x44,
    0x04, 0xAB, 0xC5, 0x3F, 0x31, 0x18, 0x26, 0x81, 0x75, 0xF8, 0xBE, 0xB8, 0xC2, 0x3A, 0xD1, 0x07,
    0xF6, 0x0E, 0xF0, 0xF1, 0x07, 0xAF, 0xC7, 0xDC, 0x46, 0x57, 0x38, 0x0D, 0x3B, 0x42, 0x6F, 0x40,
    0x2B, 0x32, 0xC6, 0x40, 0x59, 0x8A, 0x91, 0x63, 0x33, 0x23, 0x55, 0xE7, 0xD9, 0x4E, 0xAA, 0xDB,
    0xF1, 0xAF, 0x96, 0x72, 0x28, 0x69, 0x59, 0xE5, 0xF7, 0xA4, 0x90, 0xAC, 0xEE, 0x64, 0x21, 0xB1,
    0x31, 0x32, 0x4A, 0xB0, 0x6C, 0x05, 0xF4, 0x05, 0x9D, 0x17, 0x18, 0x51, 0x4B, 0x05, 0x84, 0x0D,
    0x44, 0x48, 0xD2, 0x41, 0xD2, 0x46, 0xEE, 0x8F, 0x12, 0x8D, 0x77, 0xDB, 0xE2, 0x08, 0x9C, 0xCA,
    0x93, 0xA5, 0x78, 0x39, 0x27, 0x86, 0x80, 0x65, 0x92, 0xE2, 0x2F, 0x91, 0x4D, 0xB9, 0x30, 0xA1,
    0xEA, 0x35, 0x12, 0xD7, 0x20, 0x25, 0xB0, 0x01, 0x62, 0x61, 0x2B, 0xB1, 0x3E, 0x48, 0x6A, 0xAC,
    0x2B, 0x59, 0xC9, 0x39, 0xCF, 0xF8, 0x94, 0x7C, 0x8B, 0x3E, 0xE8, 0x89, 0xFE, 0xA1, 0xE1, 0x58,
    0xEE, 0x27, 0x03, 0xCF, 0x6B, 0xCE, 0xA9, 0x17, 0xA4, 0xEE, 0x16, 0x10, 0x2B, 0x39, 0xAD, 0xDF,
    0x69, 0x87, 0x25, 0x79, 0x82, 0xCD, 0xB0, 0xE7, 0x7A, 0xAE, 0xC7, 0x3E, 0xEE, 0xA1, 0xF6, 0x59,
    0x68, 0xFF, 0x81, 0x63, 0x31, 0x43, 0x52, 0x92, 0x13, 0xAD, 0x9B, 0xFA, 0xBC, 0xE8, 0xC4, 0x14,
    0x8A, 0xAB, 0x91, 0x57, 0x17, 0xAF, 0x47, 0xED, 0xFC, 0x51, 0xD5, 0x7A, 0x15, 0x24, 0x09, 0x77,
    0xFA, 0xA8, 0x6A, 0x8A, 0xD7, 0xE3, 0xF6, 0x6A, 0xCC, 0xFD, 0xE5, 0xAE, 0xEF, 0xF9, 0xDC, 0x8D,
    0x85, 0xA8, 0x9F, 0x75, 0x57, 0xD6, 0x76, 0x50, 0x88, 0xEE, 0x49, 0xEF, 0x79, 0x9D, 0x03, 0x8A,
    0x59, 0x93, 0x35, 0x71, 0x13, 0xD4, 0x41, 0x1D, 0x61, 0x7B, 0xC4, 0xE7, 0xE2, 0x6E, 0x9E, 0xD9,
    0x16, 0x9F, 0xCF, 0xA8, 0x32, 0xF5, 0x06, 0x0A, 0x07, 0x75, 0xC3, 0x07, 0x52, 0x8C, 0x49, 0x62,
    0xEA, 0x2A, 0xC8, 0x0F, 0xED, 0xA4, 0xCA, 0xE2, 0x73, 0x03, 0x0A, 0x29, 0xD4, 0xD2, 0x96, 0x74,
    0xF3, 0x9F, 0xAE, 0xEF, 0xFA, 0x4A, 0x41, 0x20, 0xCF, 0x56, 0x18, 0x65, 0x94, 0x77, 0x20, 0x55,
    0x52, 0x7B, 0x03, 0xD9, 0x33, 0x90, 0x90, 0x0B, 0x92, 0x72, 0x41, 0x62, 0x16, 0x4F, 0x03, 0xB4,
    0xB3, 0x0E, 0xC3, 0x04, 0x4B, 0x72, 0x78, 0x70, 0x93, 0x86, 0x06, 0x4C, 0xF6, 0xC6, 0x79, 0x3D,
    0x89, 0xA9, 0x4A, 0x54, 0x08, 0x3E, 0xA7, 0xD8, 0x34, 0x36, 0x1E, 0x7D, 0xD8, 0x4A, 0xF5, 0x4F,
    0xAD, 0xEC, 0xC5, 0xF8, 0xFF, 0x6B, 0xDD, 0x46, 0x2E, 0x56, 0xCB, 0x1D, 0x98, 0x26, 0xE3, 0xF4,
    0x1F, 0x1B, 0x7A, 0x68, 0x81, 0x53, 0x5A, 0x17, 0x40, 0xE5, 0x3E, 0x3A, 0xDD, 0x92, 0xA8, 0x3D,
    0x87, 0x5B, 0x28, 0x7B, 0x14, 0x41, 0x49, 0x72, 0x15, 0x28, 0x28, 0x8B, 0x40, 0x31, 0x25, 0x68,
    0x1D, 0xC3, 0xAF, 0x4C, 0x8F, 0x0C, 0xB5, 0x5A, 0x5E, 0x02, 0x31, 0x5F, 0x85, 0xD9, 0x38, 0x18,
    0xF7, 0xEF, 0x28, 0xA3, 0x95, 0xD9, 0xBC, 0xAA, 0x11, 0x66, 0xAB, 0x02, 0x53, 0x23, 0x93, 0x96,
    0x41, 0x9F, 0xE6, 0xFE, 0x90, 0xE0, 0xF6, 0xC4, 0xEF, 0x55, 0x51, 0x29, 0xE0, 0xA4, 0x85, 0x47,
    0x65, 0x3B, 0x16, 0xF9, 0x0E, 0xED, 0x5B, 0xD4, 0x51, 0xB9, 0x45, 0x45, 0x54, 0x48, 0x92, 0xF1,
    0x1C, 0x6E, 0x30, 0x69, 0xB9, 0x8D, 0xE7, 0x59, 0x1E, 0x75, 0xC9, 0x71, 0xD5, 0x04, 0x76, 0x9C,
    0x04, 0x8F, 0x73, 0x70, 0x77, 0x20, 0x19, 0xC1, 0x0F, 0x09, 0xFE, 0x40, 0x03, 0xF1, 0x3E, 0x40,
    0xF0, 0x2E, 0x40, 0x4C, 0x25, 0xBA, 0x42, 0x30, 0x23, 0x30, 0x00, 0x5E, 0x0B, 0x00, 0x51, 0xA3,
    0xF5, 0x03, 0xD8, 0xA4, 0x9E, 0x6D, 0xEF, 0xFE, 0xF5, 0x27, 0x3B, 0x05, 0xED, 0xFC, 0x45, 0x7E,
    0x53, 0x83, 0x72, 0x1A, 0x84, 0x40, 0xCC, 0x9B, 0x8F, 0x39, 0xCC, 0x92, 0xAD, 0x71, 0xD3, 0xC4,
    0xBA, 0x3B, 0x97, 0xB7, 0x23, 0x91, 0x1F, 0x44, 0xD4, 0x01, 0x51, 0xE1, 0x72, 0x37, 0xF0, 0x8B,
    0xED, 0x52, 0xE2, 0x7D, 0x5B, 0x3B, 0x14, 0x83, 0xDE, 0xED, 0xCD, 0x7B, 0xEC, 0xFE, 0x1E, 0x9E,
    0x6D, 0x81, 0x1E, 0x19, 0x78, 0x90, 0x3E, 0xB4, 0x65, 0x88, 0x31, 0x72, 0x71, 0x65, 0xF2, 0xB0,
    0xE0, 0x38, 0x6F, 0x02, 0x60, 0x1D, 0xD7, 0xBE, 0x49, 0xE0, 0x57, 0x20, 0x47, 0x39, 0xB9, 0x02,
    0xC9, 0xA2, 0x2A, 0xCB, 0x78, 0x7E, 0x47, 0xC6, 0xC2, 0x8A, 0xFD, 0xAF, 0x79, 0x63, 0xF3, 0xC8,
    0x2C, 0x31, 0xD7, 0x12, 0x73, 0x8E, 0xB8, 0x17, 0x98, 0xBF, 0xC0, 0x9D, 0x81, 0xE6, 0x59, 0x1E,
    0x74, 0x09, 0xF6, 0x1C, 0xB5, 0x51, 0x13, 0x8C, 0x55, 0x29, 0xD5, 0x52, 0x05, 0x2E, 0xC5, 0x9E,
    0x25, 0x9B, 0xC0, 0x48, 0x7D, 0x38, 0x94, 0xAB, 0xB4, 0x0F, 0xAF, 0x2A, 0xD7, 0xC5, 0x3F, 0x21,
    0x01, 0x0D, 0x10, 0x0C, 0x91, 0x13, 0x03, 0x15, 0x0F, 0x95, 0x0F, 0xDA, 0x39, 0x15, 0x09, 0xB5,
    0x45, 0x42, 0xCB, 0xFC, 0xD9, 0x51, 0xF1, 0x7A, 0x54, 0xBA, 0x1E, 0xA5, 0xD7, 0x1C, 0x8C, 0xF4,
    0xB1, 0x43, 0x08, 0x1E, 0xD9, 0x51, 0x63, 0xB0, 0x2A, 0x19, 0xBA, 0x4D, 0xEA, 0xE6, 0xB4, 0xA5,
    0xA5, 0xB6, 0x2C, 0xA3, 0x06, 0x6A, 0xC9, 0x4D, 0x67, 0x14, 0x8F, 0x02, 0xFE, 0x20, 0x30, 0x05,
    0x87, 0x85, 0xAA, 0x96, 0xE3, 0x5A, 0xE7, 0xB2, 0x53, 0x00, 0x2F, 0xF6, 0x9C, 0xFA, 0x46, 0x9F,
    0x6C, 0x00, 0xA3, 0xCA, 0xE6, 0x93, 0xA6, 0xF1, 0x2A, 0xE0, 0x43, 0x47, 0xD0, 0xAD, 0x8D, 0x1B,
    0x52, 0x27, 0x2D, 0x49, 0x29, 0x52, 0x4C, 0x40, 0x39, 0x59, 0xF2, 0xE6, 0xCC, 0xBC, 0xD3, 0xDA,
    0x1F, 0xE3, 0x2E, 0x19, 0x03, 0xBB, 0x5C, 0xCA, 0xFC, 0xF6, 0x72, 0xDA, 0xEF, 0xE0, 0xB6, 0x4C,
    0x53, 0x1C, 0x98, 0x6F, 0x49, 0x04, 0x57, 0x9F, 0x94, 0xF1, 0x7F, 0x43, 0xFA, 0xA9, 0x08, 0xE0,
    0xE4, 0x1F, 0x13, 0x93, 0x3C, 0x91, 0xCF, 0x5E, 0xA7, 0x4D, 0x1A, 0x46, 0x99, 0xC4, 0xC4, 0xED,
    0x1A, 0xAF, 0xF5, 0xE5, 0x49, 0xD2, 0xA4, 0x78, 0x17, 0x1A, 0xCF, 0x78, 0x30, 0x90, 0xA9, 0xBC,
    0x71, 0xF2, 0xF2, 0x25, 0xB7, 0x2E, 0xCC, 0x85, 0x07, 0x42, 0x26, 0x68, 0xB0, 0xB9, 0x18, 0x4F,
    0x2A, 0xCC, 0x53, 0x89, 0x3E, 0xD2, 0x57, 0x6A, 0x51, 0x7C, 0xA2, 0x0C, 0x47, 0xA6, 0x63, 0x4E,
    0xA6, 0xA1, 0xC6, 0x56, 0x2B, 0xAD, 0x3D, 0x75, 0x7D, 0x7F, 0x7F, 0xFF, 0x2D, 0xBE, 0xDB, 0xDD,
    0xDD, 0xDD, 0xE1, 0xFF, 0xCD, 0xA4, 0x96, 0x19, 0xBE, 0x84, 0xCA, 0x00, 0x30, 0x34, 0x24, 0xB7,
    0x21, 0x4D, 0xAA, 0xB9, 0x54, 0x12, 0x3C, 0xE4, 0x4B, 0x74, 0xE2, 0x72, 0x5C, 0x6D, 0x94, 0xB5,
    0x83, 0xD1, 0x2B, 0x84, 0x65, 0xCB, 0x3E, 0x1E, 0x81, 0x5F, 0x9A, 0x43, 0x3F, 0xEA, 0x43, 0x58,
    0x9C, 0x97, 0x9D, 0xE5, 0x99, 0xAC, 0x0F, 0x78, 0x4E, 0xAF, 0xC5, 0x91, 0x9C, 0x9F, 0x0B, 0xC2,
    0xC4, 0x50, 0x36, 0xD7, 0xF7, 0xB9, 0x53, 0x13, 0x72, 0xA3, 0x76, 0xBA, 0x17, 0x6B, 0xBA, 0xCD,
    0x7F, 0xA3, 0xA6, 0xDC, 0xD2, 0x81, 0xF8, 0x63, 0xFE, 0xDC, 0xE0, 0xE6, 0x4F, 0xD5, 0x15, 0xD2,
    0x74, 0x91, 0x79, 0x7E, 0x0B, 0x49, 0xFD, 0x4E, 0x2E, 0x26, 0x84, 0x51, 0xB1, 0xF9, 0x41, 0x5C,
    0x27, 0x08, 0x68, 0x6E, 0x24, 0x50, 0xB1, 0x4C, 0x66, 0x19, 0xF6, 0xBB, 0x2D, 0xB3, 0x6D, 0xC8,
    0xCE, 0x9E, 0xCC, 0x6E, 0x81, 0x6C, 0xB7, 0x64, 0x76, 0x08, 0x41, 0x3D, 0x94, 0x1B, 0x87, 0x1A,
    0x71, 0xDC, 0x18, 0x42, 0x36, 0xDD, 0x10, 0x18, 0x08, 0x81, 0x41, 0xE3, 0xF7, 0x7E, 0x73, 0x18,
    0x74, 0xE1, 0x61, 0x88, 0x8D, 0x8D, 0x7F, 0xBF, 0x3D, 0xC7, 0x98, 0xA2, 0x4F, 0x06, 0x4C, 0x74,
    0x3E, 0xF7, 0x76, 0x10, 0x28, 0xE8, 0x15, 0xBB, 0xE0, 0x86, 0xBB, 0x96, 0x1D, 0x35, 0x0B, 0x3E,
    0xBE, 0x16, 0x8D, 0x47, 0xCE, 0x45, 0x13, 0x37, 0xFE, 0xEA, 0x67, 0x8E, 0x60, 0xEA, 0xF9, 0x63,
    0xA5, 0x61, 0xA2, 0x06, 0x3C, 0xD5, 0xD7, 0xDB, 0xA4, 0x3D, 0x50, 0x20, 0xEC, 0xC8, 0x10, 0x31,
    0x95, 0xEE, 0x29, 0xD3, 0xA8, 0x96, 0x14, 0x0C, 0x6B, 0xD2, 0x32, 0xCA, 0xD5, 0xA6, 0xEB, 0x14,
    0x9B, 0x6A, 0x33, 0x33, 0x58, 0x6B, 0xA1, 0xC6, 0x63, 0xF0, 0x3D, 0xB5, 0x44, 0x86, 0xCC, 0xA5,
    0x51, 0xAF, 0xE8, 0x5D, 0xA1, 0x3A, 0x81, 0x32, 0x01, 0x2A, 0x87, 0x50, 0x68, 0x7E, 0x2C, 0xE7,
    0x69, 0xDA, 0x81, 0xD9, 0x58, 0xD9, 0xF1, 0xB6, 0xCC, 0x2D, 0xCC, 0x54, 0x30, 0x80, 0xDB, 0x3E,
    0x55, 0xD4, 0x57, 0x15, 0x5D, 0x01, 0xB3, 0xFE, 0xD6, 0x00, 0x64, 0xA5, 0xBF, 0xFC, 0x73, 0x58,
    0x24, 0xEE, 0xC9, 0x5F, 0xEE, 0x56, 0xF9, 0xEA, 0x45, 0xC8, 0x7E, 0x41, 0x47, 0xD0, 0x13, 0x0C,
    0xEB, 0x6F, 0xBD, 0xBE, 0xC5, 0xF4, 0x49, 0x7B, 0x7D, 0xBC, 0x63, 0x73, 0x48, 0xE7, 0xD1, 0x8A,
    0xAD, 0x34, 0xFD, 0x09, 0xFC, 0x0A, 0x44, 0x3C, 0x76, 0x13, 0xD0, 0x98, 0x43, 0x75, 0x18, 0x64,
    0x93, 0x50, 0x29, 0x6D, 0x4D, 0xA6, 0xA0, 0xFC, 0x42, 0x50, 0xAF, 0x3A, 0x27, 0xCD, 0xCA, 0x89,
    0x50, 0x80, 0x5F, 0xC0, 0xBA, 0xF2, 0xB6, 0xC0, 0x12, 0x1B, 0x12, 0x08, 0x81, 0x18, 0x97, 0xA4,
    0xBB, 0x01, 0x1A, 0xB7, 0x85, 0x5B, 0x87, 0x92, 0xA1, 0xD3, 0xBC, 0x25, 0xDF, 0x20, 0xA0, 0x80,
    0xDE, 0x52, 0x79, 0x58, 0x29, 0x2C, 0xB8, 0x45, 0xEE, 0x7B, 0xE0, 0x02, 0x27, 0x30, 0x69, 0xCE,
    0x86, 0xA7, 0xFB, 0x64, 0x0E, 0xE6, 0xEB, 0xD9, 0x3C, 0x1A, 0x72, 0x2E, 0x87, 0x0F, 0x7C, 0x1C,
    0xE9, 0x51, 0x8A, 0x23, 0x08, 0xA0, 0xAD, 0x89, 0x4E, 0x8D, 0x77, 0x11, 0x07, 0x06, 0x04, 0xFE,
    0x1A, 0x4C, 0xBE, 0xF4, 0x14, 0x58, 0x42, 0x95, 0x7D, 0x72, 0x1D, 0xDF, 0xAE, 0xC9, 0x99, 0x5D,
    0x56, 0xE0, 0x0D, 0x82, 0x03, 0x82, 0x0E, 0xD3, 0xFB, 0xE6, 0xFA, 0xB8, 0x7F, 0xD7, 0x70, 0x49,
    0xF3, 0x15, 0xD6, 0x55, 0x30, 0xEE, 0xBF, 0x35, 0x2D, 0xFE, 0x45, 0xEB, 0x9E, 0x02, 0xE4, 0x84,
    0x5C, 0xB7, 0x3F, 0xE5, 0x56, 0xFB, 0x53, 0xFA, 0x4E, 0x36, 0xC4, 0xE3, 0x5D, 0x47, 0xEA, 0x51,
    0xC5, 0xD7, 0x6A, 0x48, 0xB1, 0x27, 0x11, 0xD8, 0x78, 0x55, 0x8D, 0x88, 0x33, 0x23, 0x13, 0x8B,
    0x1D, 0xCB, 0xCF, 0x86, 0xA9, 0x35, 0x80, 0x48, 0x5C, 0x28, 0x11, 0x56, 0xFB, 0x57, 0x3A, 0xC3,
    0x42, 0x85, 0x62, 0xA1, 0x52, 0xB1, 0x50, 0x8C, 0x16, 0x6A, 0xEB, 0x16, 0x74, 0xCC, 0x77, 0xE8,
    0xB9, 0x9C, 0x5C, 0x42, 0xAB, 0x81, 0x13, 0xA3, 0x01, 0x08, 0xC7, 0x9B, 0xCF, 0x41, 0x5C, 0x88,
    0x38, 0x4C, 0x9F, 0xB2, 0xB8, 0x7E, 0x96, 0x66, 0xB9, 0xBB, 0x3B, 0x67, 0xAA, 0x47, 0xE2, 0xAE,
    0xFF, 0x7B, 0xE6, 0x59, 0x5C, 0xA3, 0x48, 0xD4, 0xA0, 0xDF, 0x6D, 0xAF, 0x3A, 0x26, 0x82, 0x30,
    0x2B, 0x6C, 0x80, 0x63, 0xA0, 0x3C, 0xF8, 0x0A, 0x1F, 0x0C, 0xC4, 0x7C, 0x6E, 0xAE, 0xE7, 0xEC,
    0x43, 0x2A, 0x51, 0xFA, 0xF5, 0x3F, 0x9A, 0xF8, 0xC0, 0x2A, 0xD3, 0xDB, 0xD2, 0xB6, 0x15, 0x94,
    0x70, 0x13, 0x53, 0xC8, 0xDE, 0x44, 0xB6, 0xBB, 0xC6, 0x16, 0x9A, 0xEE, 0x53, 0xE2, 0x08, 0x13,
    0x95, 0x91, 0x99, 0x42, 0x0D, 0x1A, 0x99, 0xA0, 0xFA, 0x03, 0xED, 0xAA, 0x3F, 0xA4, 0x2A, 0x41,
    0x15, 0x13, 0xDF, 0xA5, 0xDA, 0x7F, 0xFB, 0x0B, 0xF6, 0xB1, 0x24, 0x09, 0x42, 0x50, 0xAB, 0xA3,
    0x98, 0x46, 0x0F, 0xEA, 0xA8, 0x06, 0x9A, 0x55, 0xCE, 0xAC, 0xBA, 0x1C, 0xA8, 0x65, 0x83, 0x27,
    0xC5, 0x4E, 0xA5, 0x38, 0x02, 0x26, 0x78, 0x41, 0x48, 0xEE, 0x4E, 0x42, 0xE9, 0x7F, 0x63, 0xE0,
    0x44, 0xCD, 0x14, 0x98, 0xCF, 0xE9, 0x9A, 0x66, 0xBE, 0xA0, 0x04, 0xA3, 0xF1, 0xB1, 0xD4, 0xAC,
    0x18, 0xD9, 0xAC, 0xFF, 0x3B, 0x6C, 0xEE, 0xE7, 0x68, 0x3F, 0xC4, 0xB6, 0x3F, 0x45, 0xFB, 0x9F,
    0x88, 0x6B, 0x3F, 0x32, 0x1A, 0xF8, 0xFA, 0x1F, 0xB0, 0xED, 0x25, 0x78, 0x0F, 0xED, 0xBF, 0xC3,
    0x44, 0xFD, 0x23, 0xDA, 0x06, 0xDB, 0x0B, 0xD9, 0x42, 0xAA, 0xB5, 0x2D, 0xE4, 0x92, 0xB6, 0x59,
    0x3E, 0xD3, 0x36, 0x2D, 0x5D, 0x9B, 0xD4, 0x07, 0xDA, 0xC6, 0x8D, 0xD1, 0x36, 0x32, 0xAD, 0xB6,
    0xC1, 0xEF, 0x1B, 0xD7, 0x3E, 0xAA, 0xB5, 0xF5, 0xD4, 0x42, 0xC2, 0x57, 0xD8, 0x9C, 0xA9, 0x2A,
    0x32, 0x15, 0x2A, 0xDF, 0xF5, 0x63, 0x28, 0x21, 0xE2, 0x64, 0xE0, 0x3D, 0x43, 0x64, 0x51, 0x57,
    0x30, 0xFA, 0x76, 0x39, 0xC7, 0xA6, 0xAA, 0xE3, 0xC0, 0xD2, 0xEF, 0xF9, 0xD8, 0x49, 0x94, 0xFB,
    0x90, 0x6F, 0xC0, 0xDF, 0x19, 0xC2, 0x0F, 0x98, 0x1E, 0xFA, 0xEF, 0x0F, 0x84, 0xCD, 0xA8, 0xB0,
    0xC8, 0x09, 0xB3, 0x9A, 0x30, 0x6E, 0x09, 0xA3, 0x8E, 0x30, 0x18, 0x08, 0x65, 0x54, 0x58, 0xBD,
    0x4E, 0x98, 0xFD, 0x1B, 0x61, 0xF2, 0x5B, 0xC2, 0xC8, 0x12, 0x06, 0x0A, 0xC1, 0x41, 0xE6, 0x2C,
    0x55, 0x7E, 0xFD, 0x98, 0x3E, 0xBF, 0x02, 0xE5, 0x92, 0x7C, 0x5D, 0x01, 0xD1, 0x58, 0x88, 0x7E,
    0x04, 0x2A, 0x0F, 0x05, 0x67, 0x70, 0xBE, 0x54, 0xD7, 0x58, 0xA8, 0x9B, 0xCC, 0x4A, 0x5A, 0x8F,
    0xB4, 0xA6, 0x35, 0x48, 0xD4, 0x32, 0xC4, 0x0D, 0x2D, 0x46, 0xDC, 0x2A, 0x34, 0x4F, 0x80, 0xAD,
    0xF6, 0x6C, 0xDD, 0x28, 0x37, 0x83, 0x9B, 0x2D, 0xD2, 0x99, 0xDD, 0x2A, 0x2C, 0x35, 0x30, 0xAC,
    0xF9, 0x0D, 0x57, 0x77, 0xDE, 0x45, 0xB3, 0x99, 0x95, 0x67, 0x55, 0x35, 0x53, 0x3F, 0xA9, 0x3E,
    0x41, 0x9D, 0xE5, 0x29, 0xCF, 0xFA, 0xB8, 0x7B, 0x55, 0xE7, 0x4B, 0x5F, 0x43, 0x47, 0xA1, 0x3E,
    0x76, 0xDC, 0xCF, 0xBF, 0x92, 0x5D, 0xFD, 0xFF, 0x43, 0x93, 0xE7, 0x1C, 0x4D, 0x5C, 0xC4, 0xA3,
    0x8E, 0x59, 0xED, 0xBA, 0xF3, 0xCF, 0x13, 0xFA, 0xC0, 0x51, 0x99, 0x99, 0xEA, 0x3F, 0xDE, 0xBF,
    0x38, 0xEA, 0xB9, 0xC0, 0xC4, 0xD1, 0x4F, 0x94, 0x80, 0xA2, 0xD4, 0x3A, 0x05, 0xCD, 0xE7, 0x9E,
    0x68, 0x9F, 0x8C, 0xFD, 0xE1, 0xC6, 0x49, 0x44, 0x5A, 0x92, 0xF1, 0xAE, 0xB3, 0x27, 0x5A, 0x6D,
    0x72, 0xA9, 0x1B, 0x03, 0x5A, 0xDA, 0x0D, 0x85, 0x85, 0xB3, 0x1E, 0xF5, 0x34, 0x67, 0xA0, 0xD6,
    0x03, 0x16, 0x23, 0x60, 0xB8, 0x62, 0xA4, 0xAA, 0x57, 0xF9, 0x4D, 0x80, 0x99, 0x62, 0xA8, 0x0E,
    0x12, 0x60, 0x24, 0x79, 0x1E, 0x6E, 0xB9, 0x9D, 0x4D, 0xFE, 0x87, 0xE1, 0x71, 0xDC, 0x53, 0x08,
    0x4A, 0x88, 0x6B, 0xCF, 0x70, 0x95, 0x5F, 0xB0, 0xEF, 0xA4, 0x9F, 0xF6, 0xB9, 0xFC, 0x23, 0xDC,
    0x30, 0x73, 0xF7, 0x6F, 0xB9, 0x94, 0x64, 0xC8, 0xCA, 0xC0, 0x24, 0x48, 0xF6, 0xFC, 0x29, 0x09,
    0x66, 0xEE, 0xB6, 0x24, 0x18, 0xB7, 0xA1, 0x82, 0xDB, 0x37, 0x01, 0x36, 0x6F, 0x00, 0x5C, 0x78,
    0x83, 0x6E, 0xCC, 0x45, 0xC7, 0xDF, 0x20, 0xF8, 0x36, 0x5D, 0x5E, 0x06, 0x22, 0x17, 0xD6, 0x20,
    0x13, 0x9A, 0xDB, 0xD6, 0xAF, 0x7A, 0x52, 0x26, 0x2E, 0xE9, 0x87, 0xE3, 0x5C, 0xA1, 0x7C, 0xB3,
    0x50, 0x1C, 0x5C, 0xB2, 0x74, 0x48, 0x2C, 0xB6, 0x35, 0x29, 0xA0, 0x9B, 0xB3, 0x77, 0x8D, 0xB2,
    0x2C, 0x9F, 0xFC, 0x30, 0x4C, 0x4E, 0x84, 0x74, 0x66, 0x2C, 0x9F, 0xB3, 0x47, 0x11, 0x05, 0x4A,
    0xE3, 0x82, 0x2B, 0x2A, 0x5C, 0x33, 0x9D, 0xED, 0xA6, 0xCE, 0x73, 0x4F, 0xB3, 0x0B, 0x15, 0x40,
    0x06, 0xBD, 0x19, 0x0D, 0x06, 0xBC, 0x10, 0x83, 0xDE, 0xA4, 0x0E, 0x55, 0xB4, 0xB5, 0x42, 0xD5,
    0xC6, 0x5A, 0x65, 0xD8, 0xA4, 0xD8, 0x75, 0xAC, 0xDA, 0xFA, 0x3D, 0xD3, 0x0F, 0x6F, 0xB8, 0x41,
    0x82, 0x2C, 0x0F, 0x08, 0x17, 0x2A, 0x9B, 0x99, 0x4A, 0x6B, 0xD6, 0x9C, 0xC4, 0x1C, 0xF4, 0x45,
    0x15, 0x84, 0xE9, 0x65, 0xA6, 0x82, 0x73, 0x38, 0x93, 0x05, 0x24, 0xFB, 0x28, 0xD4, 0x68, 0x85,
    0x88, 0xF5, 0xFA, 0xE5, 0x8A, 0x46, 0x79, 0xD8, 0xC0, 0x96, 0x46, 0x91, 0x10, 0x80, 0x99, 0x6A,
    0xC3, 0x87, 0x35, 0x51, 0xAD, 0x24, 0xF8, 0x45, 0xCD, 0xFA, 0x54, 0x21, 0xE1, 0xEB, 0xAD, 0x28,
    0xAA, 0xB4, 0xE3, 0xFC, 0x52, 0xC6, 0x48, 0x37, 0x98, 0xD2, 0xD4, 0x9B, 0x88, 0x82, 0x29, 0x4A,
    0xCD, 0x65, 0xBF, 0x0F, 0x54, 0xDB, 0x66, 0xDE, 0xC0, 0x5D, 0x44, 0x66, 0x26, 0x4B, 0x6E, 0x24,
    0x34, 0x37, 0x64, 0x11, 0xEB, 0x2E, 0x0E, 0xA4, 0x88, 0x75, 0x23, 0x88, 0x6F, 0x37, 0x75, 0x2F,
    0xF8, 0xF2, 0x77, 0xBA, 0x9D, 0x46, 0x52, 0xCD, 0xE3, 0x61, 0x9C, 0x63, 0xD5, 0x2B, 0x88, 0x71,
    0xDC, 0x4F, 0x71, 0x92, 0x53, 0x41, 0xE8, 0x89, 0x26, 0x10, 0xB6, 0x4D, 0x6C, 0x99, 0xDA, 0x06,
    0xFE, 0xD9, 0xB7, 0x5A, 0xD3, 0xB1, 0x2E, 0x85, 0x51, 0x1A, 0x42, 0xC5, 0x59, 0x1F, 0x6C, 0xAF,
    0xA8, 0xD2, 0xCE, 0x54, 0x69, 0x75, 0xB8, 0x2B, 0xE7, 0x39, 0xED, 0xC8, 0x5C, 0x7C, 0xA6, 0x14,
    0x2B, 0xF4, 0xED, 0xA7, 0x5A, 0x3B, 0xF8, 0x25, 0xED, 0x50, 0x58, 0x5A, 0xAD, 0xA4, 0x30, 0xC9,
    0xDC, 0x52, 0x82, 0xDE, 0x53, 0x53, 0x60, 0xD4, 0x32, 0x19, 0x7A, 0x69, 0x64, 0x25, 0x09, 0x83,
    0x11, 0x88, 0x62, 0x9B, 0x31, 0x5E, 0x68, 0x53, 0xFB, 0xE6, 0xF3, 0xB6, 0xC5, 0x2B, 0xB2, 0x75,
    0x29, 0x8E, 0x80, 0xE4, 0x35, 0xB0, 0x36, 0x1A, 0x62, 0x93, 0x4A, 0x2D, 0x31, 0x0C, 0x0D, 0xC9,
    0x12, 0xF4, 0x89, 0x52, 0x60, 0xA6, 0x7C, 0xBC, 0x31, 0x95, 0x8A, 0xD7, 0x58, 0xC5, 0xF5, 0xD3,
    0x42, 0xCD, 0x21, 0xCE, 0x57, 0xC7, 0x2E, 0x7B, 0x2B, 0x55, 0x2B, 0xDD, 0x51, 0xC0, 0x36, 0x71,
    0x98, 0x31, 0x8E, 0x9F, 0x51, 0xA3, 0xAF, 0x3A, 0x23, 0xE6, 0x6A, 0x56, 0xF5, 0x94, 0x45, 0x6B,
    0xEA, 0x4A, 0x84, 0x9D, 0xCE, 0x2B, 0xA5, 0x99, 0xBA, 0x3B, 0x12, 0x15, 0xF9, 0xD4, 0x43, 0x8D,
    0x37, 0x12, 0x0E, 0xAF, 0x89, 0xD5, 0x53, 0xC3, 0xD3, 0xD1, 0x0C, 0x87, 0x75, 0xF5, 0xF1, 0x7E,
    0x55, 0x6B, 0xD0, 0x78, 0x71, 0xB7, 0xB2, 0x55, 0xBE, 0x90, 0x67, 0xFD, 0xAB, 0xCA, 0xCA, 0x5E,
    0xBC, 0xB6, 0xA3, 0x2A, 0x71, 0xA0, 0x35, 0x51, 0x57, 0x1C, 0xBD, 0x24, 0x2C, 0x6A, 0xC7, 0x5A,
    0xDB, 0x0A, 0xCB, 0xA9, 0xEA, 0x4A, 0xE7, 0xDA, 0x6A, 0xD7, 0xCF, 0xF4, 0xBE, 0xAC, 0x95, 0x55,
    0x57, 0x62, 0x05, 0x79, 0x4F, 0x0F, 0x10, 0xD9, 0xBD, 0x66, 0x47, 0x50, 0xE1, 0x99, 0x71, 0xF3,
    0x47, 0x3B, 0x5E, 0xBC, 0x26, 0x5E, 0xCD, 0xD3, 0x04, 0x57, 0xF2, 0x63, 0x89, 0x63, 0x13, 0xEB,
    0x6D, 0x61, 0xC1, 0x9B, 0xE0, 0xE0, 0x41, 0xCC, 0x14, 0x1E, 0xDC, 0x65, 0x01, 0xD9, 0x6B, 0xA3,
    0x52, 0x0C, 0x30, 0xB8, 0x07, 0xE9, 0x9B, 0xCD, 0x5C, 0xC5, 0xD2, 0x5D, 0x64, 0x48, 0xFE, 0xCA,
    0xFE, 0xFE, 0x7E, 0xFE, 0x7D, 0x88, 0x04, 0x14, 0x9D, 0x1A, 0xF5, 0xB2, 0x4B, 0x2C, 0x2B, 0x56,
    0x1B, 0x8E, 0x29, 0xF0, 0x0D, 0xB2, 0xF2, 0x98, 0xE5, 0xC1, 0xB0, 0x7E, 0xBC, 0x0A, 0xE8, 0xFD,
    0x85, 0xE1, 0x31, 0x8D, 0xC1, 0xFA, 0xF8, 0x17, 0xD6, 0xC2, 0x50, 0x8D, 0x0D, 0x9D, 0x18, 0x01,
    0x13, 0x46, 0x3D, 0x31, 0x28, 0x5F, 0xE9, 0x20, 0x99, 0xFF, 0x0B, 0xDF, 0x69, 0x7F, 0x04, 0xC5,
    0xE6, 0x09, 0xC6, 0xC5, 0x1D, 0x57, 0x6C, 0x9A, 0x2A, 0x26, 0xD4, 0x17, 0x57, 0x29, 0xFB, 0x1C,
    0x48, 0xC1, 0xDF, 0x1E, 0x68, 0x7A, 0x8F, 0xE0, 0x68, 0x11, 0xAA, 0x46, 0x2D, 0x04, 0x23, 0x30,
    0x1E, 0x53, 0xDD, 0x15, 0xF0, 0x7B, 0x74, 0x5E, 0x81, 0xC1, 0x81, 0xD5, 0x5B, 0xED, 0x8C, 0x61,
    0xC6, 0x7F, 0x54, 0xA6, 0xCD, 0xC6, 0x27, 0x10, 0xC1, 0xC2, 0xF0, 0xDC, 0x68, 0x5D, 0xF4, 0x2A,
    0x46, 0xAD, 0xB9, 0x45, 0x6D, 0x64, 0x62, 0xAD, 0x79, 0x05, 0x6D, 0x96, 0x7B, 0x5A, 0x95, 0x3B,
    0xF3, 0xCE, 0x9D, 0xA4, 0x22, 0x25, 0xFA, 0xD3, 0xA8, 0xF3, 0x8C, 0xCF, 0x92, 0x4A, 0x81, 0x7D,
    0xD1, 0xDE, 0xCA, 0xF9, 0x5D, 0x0D, 0x50, 0x35, 0x35, 0x97, 0xA9, 0x2E, 0x79, 0x06, 0xA8, 0xFA,
    0x8C, 0xA5, 0xD3, 0x4C, 0xA2, 0x2E, 0xAC, 0x58, 0x8E, 0xB3, 0x8C, 0xF9, 0x59, 0x82, 0x86, 0x76,
    0x64, 0x53, 0x95, 0xFC, 0x09, 0x80, 0x5D, 0xB4, 0xB3, 0x0E, 0x8B, 0x0D, 0x26, 0x08, 0xEC, 0x98,
    0x1D, 0x71, 0xD2, 0x61, 0x7D, 0x00, 0xE1, 0xB6, 0x55, 0x21, 0x38, 0xD5, 0x6D, 0x75, 0x49, 0xC9,
    0x82, 0xB1, 0x2B, 0xE5, 0x65, 0xFB, 0xFB, 0x03, 0x8B, 0x1D, 0xD9, 0xEE, 0xEE, 0xB5, 0xD3, 0xDB,
    0x4A, 0xDC, 0xB6, 0x5E, 0x0A, 0x3B, 0xAF, 0x7B, 0x7C, 0x5B, 0x88, 0xA1, 0x22, 0x30, 0x3A, 0x03,
    0xA3, 0xF6, 0xBC, 0x4E, 0xEE, 0x4B, 0xBE, 0x2A, 0xF6, 0xE9, 0x89, 0x0C, 0x32, 0xA9, 0x57, 0xEC,
    0xBE, 0x9C, 0x7E, 0xF6, 0xD4, 0x37, 0x58, 0xB1, 0x81, 0xD8, 0x2B, 0xB3, 0x6A, 0x61, 0x21, 0xAB,
    0xE9, 0x58, 0x20, 0xA2, 0x9D, 0x7F, 0xD4, 0xF0, 0xB8, 0x21, 0x0F, 0x59, 0x09, 0x8D, 0x78, 0x3C,
    0x00, 0xD0, 0x4F, 0xDF, 0x58, 0xFF, 0x64, 0x15, 0x18, 0xAC, 0x66, 0x45, 0x46, 0x6B, 0x98, 0xFF,
    0xF0, 0x96, 0xA8, 0x1A, 0x6A, 0xA5, 0x46, 0x82, 0x23, 0x0D, 0xE1, 0x58, 0x38, 0xAA, 0xAC, 0x96,
    0x5B, 0x2C, 0xC3, 0xDD, 0x2C, 0x87, 0xFD, 0x49, 0xCA, 0x2D, 0x7A, 0x66, 0x7E, 0x63, 0xED, 0x38,
    0x23, 0x35, 0x0F, 0x25, 0x7A, 0x08, 0xDF, 0x09, 0xB1, 0xCF, 0x9D, 0x70, 0x3A, 0xE9, 0x74, 0xE2,
    0xE9, 0xE4, 0xD3, 0x49, 0xE4, 0x99, 0x90, 0x7D, 0xBD, 0x63, 0x2C, 0x21, 0xDE, 0xA3, 0xB2, 0xA8,
    0x69, 0xDD, 0x60, 0x07, 0x3D, 0xC6, 0xA4, 0x84, 0x50, 0xA0, 0x09, 0xF6, 0xCF, 0x06, 0x99, 0x84,
    0x19, 0x90, 0xA7, 0x8C, 0x8E, 0x69, 0xD5, 0x23, 0x2C, 0xF0, 0x82, 0x1E, 0x56, 0x0D, 0xEA, 0xBB,
    0x0F, 0x4E, 0x8A, 0x00, 0xE0, 0xFC, 0x9F, 0xB8, 0x87, 0x4F, 0xF1, 0x81, 0x52, 0x6C, 0xD8, 0xDB,
    0xF0, 0x11, 0x72, 0x0E, 0x16, 0xC5, 0xE2, 0xEF, 0xE5, 0xA9, 0x0C, 0x37, 0x46, 0xB4, 0x48, 0x7B,
    0x5F, 0xFA, 0xB7, 0x80, 0x08, 0x0C, 0x7E, 0x9F, 0xB6, 0x7B, 0xF9, 0xD3, 0xAB, 0x72, 0x60, 0x3B,
    0xAF, 0xF7, 0x6D, 0x8B, 0x7F, 0x0B, 0x3E, 0xA3, 0x66, 0xFB, 0xDC, 0x2A, 0x8F, 0xF3, 0xE8, 0x79,
    0xBC, 0x7E, 0x4F, 0xE9, 0x48, 0xE5, 0x81, 0xCF, 0xF5, 0xAC, 0x92, 0x0F, 0x14, 0xC0, 0x58, 0x60,
    0xDD, 0x03, 0x6F, 0x0C, 0xAB, 0x5C, 0xA4, 0xB9, 0x61, 0xF3, 0xB8, 0x07, 0x51, 0xFC, 0x11, 0x18,
    0x54, 0xBD, 0x56, 0x9E, 0x38, 0xE3, 0x57, 0xFA, 0x28, 0x49, 0x37, 0x34, 0x95, 0x5F, 0x9F, 0x7A,
    0x75, 0x69, 0xCF, 0x43, 0xE6, 0x0D, 0x58, 0x9F, 0x18, 0xC1, 0xA8, 0x37, 0xD6, 0xD9, 0xFF, 0xF8,
    0x1A, 0xAD, 0xC0, 0xDE, 0x8E, 0x14, 0xDC, 0x98, 0x66, 0x4E, 0x94, 0xB3, 0xAB, 0x36, 0xFB, 0xDA,
    0x2D, 0x36, 0x19, 0xD1, 0x72, 0x02, 0x1B, 0x70, 0x3D, 0xA3, 0x2B, 0x07, 0xDF, 0xB3, 0x29, 0x31,
    0xC9, 0x3A, 0x9E, 0xC6, 0x11, 0xA7, 0x92, 0x18, 0xA5, 0x5A, 0xA3, 0x61, 0x66, 0x30, 0xAA, 0x27,
    0x18, 0x26, 0x18, 0x3C, 0x3B, 0x54, 0x4B, 0xC9, 0x55, 0x83, 0x11, 0xCA, 0x68, 0x56, 0xE7, 0xCD,
    0xC2, 0x54, 0x1B, 0xE1, 0x7F, 0xCB, 0x02, 0x65, 0x4F, 0xB1, 0x5E, 0x52, 0x5F, 0xF6, 0xDC, 0x09,
    0xAA, 0xAA, 0x8F, 0x1E, 0xB3, 0x9E, 0x01, 0x5C, 0x17, 0x74, 0x2E, 0xDC, 0x30, 0x98, 0x6E, 0xD0,
    0x79, 0xBC, 0x6E, 0xDC, 0x61, 0x85, 0xB3, 0x2C, 0xAA, 0x6A, 0x20, 0xB5, 0xCC, 0x3B, 0x58, 0x79,
    0xFF, 0xEB, 0x5A, 0x79, 0xA4, 0xE1, 0x69, 0x43, 0x55, 0x2C, 0xA1, 0x95, 0x14, 0x17, 0x58, 0xF9,
    0xB3, 0xA4, 0x51, 0x63, 0x87, 0x0D, 0xDA, 0x8D, 0xC2, 0xAE, 0xAB, 0xF1, 0x55, 0x9F, 0xF4, 0xB4,
    0xCA, 0x47, 0xDF, 0x9C, 0x55, 0x76, 0xA6, 0x1E, 0x56, 0xB9, 0x78, 0x92, 0x37, 0x38, 0x95, 0x45,
    0xA8, 0x05, 0xB4, 0x8D, 0x6D, 0xEE, 0xBE, 0x6F, 0x4D, 0xF8, 0xDB, 0xD0, 0x04, 0x4B, 0x58, 0xB9,
    0xC1, 0xCF, 0x83, 0xE9, 0x8C, 0x90, 0xCC, 0xFA, 0xA2, 0x9B, 0xB1, 0xD4, 0x7C, 0xDC, 0x11, 0x3B,
    0xED, 0x89, 0x27, 0x9B, 0xF1, 0x7F, 0x2C, 0x95, 0x47, 0xDB, 0x70, 0xFC, 0x7B, 0x7A, 0xFA, 0xE2,
    0xC2, 0xF2, 0x64, 0xE9, 0xCE, 0x1E, 0xA4, 0x18, 0xF8, 0x45, 0x03, 0xAB, 0x73, 0xB0, 0x8D, 0x57,
    0x11, 0xA8, 0xDF, 0x84, 0x65, 0xBC, 0xC5, 0x51, 0xFF, 0x0C, 0xAE, 0xB1, 0xCF, 0x8B, 0xEE, 0x84,
    0xE4, 0x80, 0xBF, 0x4B, 0xE0, 0xF1, 0xAF, 0x85, 0xE6, 0xF5, 0xC0, 0xE8, 0x4B, 0x3F, 0xE8, 0xAC,
    0x3A, 0xF3, 0x97, 0x5C, 0xC6, 0xCB, 0xB3, 0xDE, 0x83, 0x4A, 0x81, 0xDB, 0x55, 0x4B, 0x6D, 0x8D,
    0x9F, 0xDD, 0x24, 0x4E, 0x70, 0x65, 0x54, 0x29, 0xFA, 0x83, 0x06, 0x87, 0x56, 0x8F, 0x3B, 0x33,
    0xFB, 0x6B, 0x26, 0x5F, 0xF6, 0x27, 0x64, 0xED, 0x8E, 0x56, 0x47, 0x73, 0x3B, 0x14, 0x63, 0x7E,
    0xB7, 0x87, 0xB6, 0x46, 0xAC, 0xD5, 0x44, 0x25, 0xF0, 0x8A, 0x75, 0x79, 0x8E, 0xBD, 0x4C, 0x4D,
    0x9E, 0x91, 0x0F, 0x57, 0x29, 0xB3, 0x6F, 0x33, 0xB8, 0xE7, 0x51, 0xEC, 0x03, 0xC6, 0xC6, 0xEF,
    0x30, 0x69, 0xF8, 0x35, 0x4F, 0x0E, 0x1E, 0x31, 0x3C, 0xD6, 0xA8, 0x73, 0x9C, 0x8E, 0xF6, 0x60,
    0xEE, 0x37, 0xF9, 0x2B, 0x0C, 0x44, 0x4A, 0x69, 0x1E, 0x8D, 0xB9, 0x86, 0x3A, 0xC2, 0x63, 0x6C,
    0x81, 0x0B, 0xD0, 0x9F, 0x2B, 0xFC, 0xBC, 0x91, 0x96, 0x54, 0xF8, 0xA8, 0x45, 0xC8, 0x07, 0x81,
    0x7D, 0xDF, 0x04, 0x74, 0x0B, 0xFE, 0x3B, 0x5D, 0x80, 0x39, 0x97, 0xC1, 0x8F, 0xFA, 0x10, 0xD3,
    0x2E, 0xC2, 0x7C, 0x60, 0x0A, 0x82, 0x3C, 0xE4, 0x3E, 0xDB, 0xEC, 0x82, 0xEC, 0x5D, 0x62, 0xFB,
    0x37, 0x92, 0x7D, 0x8F, 0xE1, 0xC4, 0xBF, 0x4A, 0x7A, 0x93, 0xD6, 0xF9, 0x9E, 0x24, 0xF7, 0x44,
    0xC3, 0x3D, 0x8D, 0x97, 0x61, 0x26, 0x34, 0x34, 0x46, 0xD8, 0x16, 0xB2, 0x82, 0x60, 0xDF, 0xB5,
    0x26, 0xB5, 0x3F, 0x86, 0x49, 0xE4, 0x39, 0x0D, 0x2C, 0xC2, 0x0D, 0x6A, 0x22, 0xF7, 0xA2, 0xDB,
    0xF8, 0x94, 0x3B, 0x50, 0xE4, 0xF5, 0x70, 0x84, 0x7B, 0x09, 0x58, 0x36, 0x8B, 0xFE, 0x8C, 0xE7,
    0x20, 0x14, 0xAF, 0x99, 0x3B, 0xF9, 0x58, 0x68, 0xFC, 0x56, 0xCE, 0x8F, 0x3D, 0x1E, 0x72, 0x44,
    0x76, 0x40, 0x4E, 0x01, 0x86, 0x8F, 0x52, 0x75, 0xB1, 0x1E, 0x2F, 0xEA, 0x49, 0x71, 0xE7, 0xD2,
    0xD1, 0x4D, 0x71, 0x3F, 0x94, 0x59, 0x90, 0x86, 0x99, 0x5B, 0xB2, 0x63, 0x28, 0xC1, 0xB8, 0xF4,
    0x41, 0x4B, 0xF2, 0x31, 0x52, 0xFD, 0x03, 0x8B, 0x8F, 0x8F, 0x56, 0x91, 0xBB, 0x1E, 0x82, 0xF1,
    0x77, 0x1B, 0x9A, 0x93, 0x88, 0xA8, 0x5A, 0xAE, 0x63, 0xCB, 0x68, 0x75, 0x5A, 0xB1, 0xB1, 0x3A,
    0xAA, 0xE3, 0xB9, 0x95, 0xE1, 0x71, 0xFD, 0x16, 0x32, 0x8B, 0xAB, 0x78, 0xF7, 0xAA, 0xAA, 0xCD,
    0xD2, 0x9D, 0x22, 0x93, 0x08, 0x2C, 0x50, 0x73, 0xC8, 0xC9, 0xE3, 0x17, 0xF0, 0xF8, 0x07, 0x78,
    0x6C, 0xB2, 0xD2, 0x33, 0x85, 0xAB, 0xD3, 0xA3, 0xE3, 0x35, 0x81, 0x8B, 0x43, 0x3A, 0xE3, 0x7E,
    0xFD, 0x71, 0xE6, 0x47, 0x7F, 0x12, 0xB2, 0xD1, 0x91, 0x8B, 0xA1, 0xAB, 0xC6, 0x2C, 0x9E, 0xDC,
    0x99, 0xBF, 0x87, 0x69, 0x38, 0xA7, 0xBC, 0xF8, 0xC2, 0xC1, 0x97, 0x5D, 0x17, 0x35, 0xB3, 0xF3,
    0x87, 0xD5, 0xA4, 0x67, 0x7E, 0xDC, 0xA4, 0xF1, 0x11, 0x25, 0x2D, 0x39, 0x9A, 0x0A, 0xC1, 0x4F,
    0xEA, 0x8C, 0xA0, 0x7A, 0x90, 0xA2, 0xA5, 0x82, 0xFA, 0x47, 0x72, 0x21, 0x86, 0x4C, 0x26, 0x49,
    0x7D, 0x79, 0xCB, 0xEF, 0x10, 0xEA, 0x57, 0x48, 0xCE, 0x35, 0x6F, 0x92, 0xFF, 0x03, 0xD5, 0x5A,
    0x5D, 0x6C, 0x1C, 0xD7, 0x75, 0x3E, 0x77, 0x86, 0xE2, 0xD0, 0x1C, 0x91, 0xC3, 0x02, 0x34, 0xE0,
    0x58, 0xA4, 0x46, 0xAD, 0x15, 0x83, 0x51, 0x57, 0x1C, 0x01, 0x21, 0x12, 0x3A, 0x5D, 0x71, 0xC6,
    0x36, 0x0A, 0xB7, 0x4F, 0xDE, 0x3C, 0xC8, 0x41, 0x50, 0x18, 0xE5, 0x83, 0x1E, 0x52, 0xBB, 0x2D,
    0x37, 0xA9, 0x10, 0x38, 0xC1, 0x8A, 0x7B, 0x2D, 0x3F, 0xA4, 0x40, 0x0B, 0x84, 0x46, 0xE3, 0x16,
    0x28, 0x10, 0x80, 0x2D, 0x54, 0x24, 0x65, 0x1E, 0xB4, 0x0F, 0x32, 0x40, 0xA3, 0xA4, 0x76, 0x4C,
    0x3D, 0x08, 0x41, 0x5E, 0xA6, 0x75, 0x0B, 0x07, 0x68, 0x00, 0x0D, 0x92, 0x08, 0xA8, 0x9D, 0x02,
    0x1E, 0xC7, 0x93, 0x7A, 0x45, 0x2F, 0xF7, 0xF6, 0x9C, 0x73, 0xEF, 0x0C, 0x77, 0x49, 0x29, 0xB1,
    0x62, 0x32, 0x8A, 0x67, 0x77, 0x7E, 0x76, 0x76, 0xF6, 0x9E, 0x73, 0xCF, 0xCF, 0x77, 0x7E, 0xEE,
    0x02, 0xE8, 0x6D, 0xC2, 0x9C, 0x45, 0x66, 0x2E, 0xDC, 0xC4, 0x5C, 0x84, 0x91, 0xB9, 0x78, 0xC1,
    0x9C, 0x61, 0x15, 0xD4, 0x1A, 0x6F, 0xDB, 0x57, 0xDA, 0x4A, 0x6F, 0x3B, 0x0F, 0xEB, 0xAB, 0xDE,
    0x77, 0x01, 0x8A, 0xE7, 0x01, 0x8E, 0xC0, 0x84, 0x53, 0x8C, 0x07, 0xC3, 0x4A, 0x9E, 0xF1, 0x3A,
    0x76, 0x62, 0x3E, 0x28, 0xB9, 0x1A, 0x6C, 0xBA, 0x6A, 0x05, 0x3F, 0xFC, 0x89, 0x52, 0x7F, 0x17,
    0xA5, 0x8D, 0xE0, 0x0A, 0x0E, 0x40, 0xFB, 0x8A, 0x0B, 0x69, 0xE6, 0x75, 0x8E, 0xF1, 0x88, 0x2B,
    0x50, 0x81, 0x9F, 0x27, 0x76, 0x46, 0x4F, 0x6D, 0xF3, 0xD0, 0xED, 0x18, 0xFA, 0xB6, 0x66, 0xFF,
    0x07, 0xF8, 0x04, 0xDC, 0x79, 0xB3, 0xBB, 0xC5, 0x95, 0xA7, 0x8A, 0xAB, 0xB3, 0x7E, 0x71, 0x75,
    0xC6, 0x29, 0x78, 0xBE, 0xE0, 0x98, 0x8B, 0xA1, 0xF0, 0x0A, 0x4F, 0x51, 0xA9, 0x6E, 0x60, 0xE6,
    0xA8, 0x3A, 0xC3, 0xE6, 0x62, 0x7B, 0x05, 0xEE, 0xBA, 0x79, 0x69, 0xC1, 0x58, 0x47, 0x9F, 0xE5,
    0x2F, 0x34, 0x6D, 0xEB, 0x7A, 0x5C, 0xD1, 0x92, 0xFD, 0x01, 0x54, 0x16, 0xFE, 0xE5, 0xDC, 0xB9,
    0x73, 0xCD, 0xDE, 0x33, 0x79, 0xC8, 0x52, 0x53, 0x2A, 0xE5, 0xB1, 0x93, 0xB6, 0x32, 0x9C, 0xC4,
    0xF0, 0xCB, 0xB6, 0x13, 0xFB, 0x6F, 0x5D, 0xDD, 0x7F, 0xAB, 0xB3, 0xF7, 0x86, 0x88, 0xBB, 0xFB,
    0x04, 0x13, 0x6F, 0xEC, 0xBD, 0xE5, 0xC8, 0xC6, 0xC0, 0x67, 0x34, 0x00, 0x17, 0xCE, 0x0E, 0xDC,
    0x52, 0x39, 0x78, 0xD1, 0xE9, 0xFE, 0x3B, 0xD6, 0x07, 0xAA, 0xB6, 0x74, 0xFB, 0xCF, 0x07, 0x86,
    0x96, 0x64, 0x13, 0x03, 0x14, 0x5D, 0x70, 0x55, 0xA7, 0x99, 0x0F, 0xC8, 0x8B, 0xCC, 0x04, 0x6A,
    0x7B, 0x6E, 0xED, 0x93, 0xAA, 0x91, 0xE9, 0xDB, 0x6B, 0x66, 0xFB, 0xD7, 0x9A, 0x2B, 0x35, 0x77,
    0x6A, 0x77, 0xFB, 0x59, 0x5E, 0x18, 0x57, 0xDF, 0xB6, 0x77, 0xA8, 0x07, 0xAF, 0xA8, 0xFD, 0xE3,
    0xBB, 0x77, 0x15, 0xB5, 0xD1, 0x47, 0x64, 0xEF, 0xF0, 0x79, 0x49, 0xFA, 0xAA, 0xF7, 0x2D, 0x38,
    0x72, 0xA5, 0x03, 0xEB, 0x6C, 0xA0, 0x3D, 0x7A, 0xE0, 0x61, 0x73, 0x1E, 0xD8, 0xE6, 0xC4, 0xD6,
    0x09, 0xA8, 0x8A, 0x37, 0x53, 0x98, 0x86, 0x9E, 0x84, 0x71, 0xA8, 0x13, 0x9D, 0x33, 0x24, 0x18,
    0x3C, 0x58, 0x31, 0x1E, 0x44, 0x82, 0x07, 0xC8, 0x4E, 0x1C, 0xA9, 0xC1, 0x05, 0xF0, 0x3B, 0x30,
    0x0F, 0x61, 0x0D, 0xED, 0xFD, 0x22, 0xE0, 0xD3, 0x28, 0x38, 0x57, 0xE0, 0x84, 0x9C, 0x27, 0xD1,
    0x85, 0xEC, 0x1B, 0xE8, 0x37, 0xE2, 0x26, 0x59, 0x05, 0x5B, 0x48, 0x9B, 0x0D, 0x98, 0x0E, 0x6C,
    0x53, 0x93, 0x25, 0xD1, 0x87, 0x90, 0x2E, 0x8E, 0x05, 0x55, 0xC0, 0x1F, 0x4C, 0x8B, 0x84, 0x46,
    0xEA, 0x10, 0xDD, 0xF9, 0x92, 0xEE, 0x0A, 0xD1, 0x6D, 0xA3, 0xF4, 0xB2, 0xE0, 0xE0, 0xE8, 0xB2,
    0x79, 0xF5, 0x2B, 0x0B, 0x3F, 0x04, 0x74, 0xF6, 0x33, 0x7D, 0x6E, 0x76, 0xD1, 0x64, 0xF0, 0xBC,
    0xAD, 0xC0, 0x93, 0xC4, 0x41, 0x18, 0x39, 0x38, 0xAC, 0x25, 0xBD, 0xD8, 0xC6, 0xB3, 0x8D, 0x9F,
    0x2C, 0x49, 0x67, 0x3B, 0x39, 0x46, 0xC6, 0x93, 0xD8, 0x1F, 0xA0, 0x9E, 0x5E, 0xB0, 0x50, 0xC4,
    0x39, 0x38, 0x1D, 0x60, 0x09, 0x07, 0x39, 0x04, 0xB7, 0x91, 0xAD, 0xCD, 0x39, 0x7C, 0x04, 0x1D,
    0x6D, 0x95, 0xCE, 0x84, 0x28, 0x73, 0x34, 0x31, 0xA0, 0x69, 0x83, 0x1B, 0x69, 0x16, 0x97, 0x89,
    0x6A, 0x20, 0x8F, 0x75, 0xB4, 0xD7, 0x2B, 0xF6, 0x4B, 0x47, 0xF5, 0x34, 0x8F, 0xCF, 0xAD, 0x94,
    0x9E, 0x34, 0x44, 0xBF, 0x0E, 0xC9, 0x81, 0x9A, 0xAF, 0xE3, 0xD8, 0xED, 0x97, 0x70, 0x40, 0xDF,
    0x91, 0xC5, 0x44, 0x8E, 0x83, 0x1E, 0xD7, 0x00, 0x20, 0xE1, 0x99, 0x48, 0xD9, 0x73, 0xE4, 0x08,
    0x38, 0x97, 0xF2, 0x10, 0x3C, 0xBB, 0xDB, 0x8C, 0x8F, 0x3B, 0xDD, 0xA6, 0xAC, 0x42, 0xCB, 0x23,
    0x49, 0x97, 0x1E, 0x4A, 0x27, 0x1E, 0x5F, 0x13, 0xD0, 0x14, 0x34, 0x09, 0x43, 0xC3, 0x98, 0x36,
    0x53, 0xD1, 0x64, 0x0C, 0xD0, 0x32, 0x70, 0x32, 0x25, 0x26, 0x25, 0x22, 0xA2, 0x65, 0xA7, 0x44,
    0xEC, 0x07, 0x1D, 0xA2, 0xF6, 0x37, 0x39, 0x91, 0x13, 0xE9, 0x7C, 0x3F, 0x24, 0x0C, 0xD3, 0xC0,
    0x38, 0x6E, 0x88, 0xD2, 0x20, 0x79, 0x17, 0x3A, 0x39, 0x82, 0xD7, 0x01, 0xCD, 0x0E, 0xD5, 0xFB,
    0x8B, 0x1E, 0x22, 0x41, 0x48, 0xA2, 0x97, 0x76, 0xE4, 0xA2, 0xF8, 0x51, 0xF4, 0xDB, 0x88, 0xAA,
    0x6A, 0x3B, 0x81, 0xE0, 0x45, 0x52, 0x38, 0xFE, 0x78, 0x29, 0x3E, 0x85, 0x8E, 0xD2, 0x44, 0xE1,
    0x37, 0xDF, 0xEA, 0xF7, 0x73, 0xD2, 0x51, 0xBC, 0xBB, 0x93, 0xD4, 0x45, 0xB1, 0x4B, 0x63, 0x06,
    0x0E, 0x9A, 0x51, 0x05, 0x27, 0xD3, 0x80, 0x6B, 0xD0, 0x8E, 0x16, 0x34, 0x7B, 0x57, 0x45, 0x66,
    0xC7, 0x1E, 0x4E, 0xB4, 0x8A, 0x36, 0xD7, 0xD2, 0x1E, 0xAF, 0xED, 0xC7, 0x52, 0xB1, 0xD6, 0x11,
    0x4F, 0x79, 0xE1, 0x19, 0xF6, 0xE2, 0x0B, 0x5A, 0x0C, 0xAB, 0x2C, 0x93, 0xDA, 0x2A, 0xCC, 0xE0,
    0x73, 0xE9, 0x3A, 0x9D, 0x9A, 0x71, 0xF8, 0xD6, 0xD7, 0x9E, 0x43, 0x45, 0xFA, 0xE4, 0x7F, 0x29,
    0x08, 0x84, 0x99, 0xCB, 0xF8, 0xD0, 0x29, 0x9A, 0x2E, 0xA9, 0xD9, 0x26, 0xD0, 0xF1, 0x24, 0xBA,
    0xC2, 0x14, 0x0D, 0xC1, 0x38, 0x15, 0x68, 0x6B, 0x10, 0xEB, 0xE0, 0xE7, 0x7E, 0x8E, 0x30, 0xA4,
    0x12, 0xA4, 0x4B, 0x3E, 0x1D, 0x90, 0x2E, 0x16, 0x4A, 0x08, 0x25, 0x81, 0x5B, 0xB1, 0x38, 0x8F,
    0x96, 0x18, 0xA8, 0xC8, 0x46, 0xBB, 0x8B, 0x1D, 0xBB, 0xF7, 0x85, 0xD4, 0xF6, 0x12, 0xC8, 0x6C,
    0x34, 0xAA, 0xBA, 0x9D, 0xD3, 0x81, 0xAC, 0xCF, 0xC9, 0xC1, 0x4A, 0xC6, 0xDB, 0x9F, 0x5F, 0x92,
    0x95, 0x00, 0xF9, 0xA9, 0x3B, 0xEA, 0xA7, 0x38, 0xAF, 0x07, 0x91, 0x8D, 0x95, 0xA7, 0x5A, 0x3F,
    0x9C, 0x7C, 0xB5, 0xDE, 0x94, 0x8B, 0x3C, 0x51, 0x21, 0x87, 0x17, 0xBF, 0x0F, 0xFF, 0xF6, 0xDD,
    0x66, 0xAA, 0x3F, 0x83, 0x05, 0xE7, 0x6D, 0x78, 0xE7, 0xFF, 0x22, 0x77, 0x45, 0x9E, 0x14, 0xD1,
    0xE2, 0x53, 0x10, 0x6D, 0x1A, 0x25, 0xFE, 0xEE, 0xCB, 0x91, 0xF3, 0x73, 0xF9, 0xC3, 0xC9, 0x38,
    0xAB, 0xCB, 0x66, 0x2C, 0x17, 0x2D, 0x59, 0x0B, 0x4B, 0xE1, 0xFF, 0xE1, 0xB9, 0xA5, 0x1F, 0x2D,
    0xDD, 0xCA, 0xD8, 0xA8, 0x8E, 0xE2, 0x6B, 0xE4, 0xFC, 0xE8, 0x1F, 0x8F, 0x1C, 0x29, 0x22, 0x0D,
    0x3C, 0x82, 0xFB, 0xA7, 0xCD, 0x99, 0xF6, 0xDF, 0xD3, 0xBB, 0xF8, 0x67, 0x80, 0x59, 0x14, 0xCE,
    0x0A, 0xAA, 0xA6, 0x5D, 0x38, 0x00, 0x8C, 0xB1, 0xAA, 0x6C, 0xB0, 0x22, 0x88, 0x04, 0x4E, 0x74,
    0x93, 0x3F, 0x2F, 0x81, 0x8E, 0x5F, 0xA7, 0xE1, 0x51, 0xF8, 0x1C, 0xCC, 0x6A, 0x2B, 0x04, 0x27,
    0x59, 0x88, 0x26, 0xE8, 0xE9, 0xC8, 0x43, 0x30, 0x23, 0xC5, 0x2E, 0x43, 0x53, 0x96, 0x7C, 0xA1,
    0x9C, 0xC3, 0x28, 0x8C, 0x46, 0x75, 0x1E, 0x81, 0x20, 0x83, 0x48, 0xD7, 0x2A, 0xDE, 0xA8, 0xC6,
    0x70, 0x85, 0x60, 0x40, 0xE8, 0xCF, 0xA9, 0x7E, 0x4F, 0x40, 0xB6, 0x00, 0xEB, 0x21, 0xE2, 0x37,
    0xB8, 0x45, 0x8C, 0x40, 0x95, 0x74, 0xC0, 0xEE, 0xD0, 0xEF, 0xA7, 0x1C, 0x08, 0x9F, 0x4E, 0xC2,
    0x3F, 0x8D, 0x47, 0x6D, 0xB6, 0xAA, 0x87, 0xA5, 0x50, 0x1D, 0x47, 0xED, 0x78, 0xC9, 0xC5, 0x59,
    0x18, 0x9A, 0x67, 0x2A, 0xE8, 0xE4, 0x61, 0x02, 0x5E, 0x17, 0xAC, 0x1E, 0xE7, 0x01, 0x1E, 0xBF,
    0xC7, 0x49, 0x38, 0x46, 0x98, 0x3B, 0xFC, 0xAE, 0xEE, 0x42, 0xB9, 0x8B, 0xF3, 0x09, 0x91, 0x40,
    0xEF, 0x4B, 0x60, 0xE5, 0xDA, 0x82, 0x09, 0xFA, 0xC7, 0x41, 0xDB, 0x0A, 0x79, 0xA1, 0x77, 0x1B,
    0xE3, 0x1D, 0x9A, 0xA2, 0x20, 0x2B, 0x12, 0x14, 0xD1, 0xE6, 0xB5, 0x37, 0xBA, 0xC9, 0xC4, 0xB0,
    0x8A, 0xDA, 0xAA, 0x83, 0x86, 0x27, 0x41, 0x5C, 0x2E, 0xC2, 0x23, 0x8E, 0x81, 0x56, 0x67, 0xA7,
    0xAB, 0x68, 0xF7, 0x35, 0x20, 0x21, 0x10, 0x04, 0x39, 0xB7, 0xDA, 0x31, 0x82, 0x57, 0xEC, 0xAB,
    0xB7, 0x61, 0xC1, 0x80, 0x8D, 0x88, 0xD0, 0xC8, 0xF3, 0xC7, 0xDA, 0xD2, 0xFC, 0x14, 0x19, 0xBB,
    0xC8, 0x40, 0x85, 0xCC, 0x37, 0xF8, 0xE3, 0xDD, 0xDE, 0x95, 0xBB, 0xBC, 0xC1, 0x8F, 0x3E, 0x27,
    0x57, 0xE1, 0xD5, 0x28, 0x88, 0x37, 0x39, 0x54, 0x79, 0x78, 0xC7, 0x97, 0x7E, 0xEC, 0xE3, 0xD5,
    0xDE, 0x97, 0xBB, 0xE7, 0xA5, 0x23, 0x1F, 0xB2, 0x3F, 0x1B, 0xB3, 0x3C, 0xE1, 0x31, 0xB4, 0x4D,
    0x3F, 0xD5, 0xDE, 0xF0, 0x3B, 0xA0, 0xAF, 0xC9, 0xB8, 0xB6, 0x77, 0x08, 0xAF, 0x09, 0x30, 0x22,
    0xC4, 0x69, 0x04, 0x0D, 0x5B, 0x22, 0x3E, 0xF3, 0xF4, 0x40, 0xF5, 0x62, 0x08, 0x7E, 0x82, 0x33,
    0xA2, 0x1C, 0xCA, 0xD3, 0xAE, 0x24, 0xBA, 0x68, 0x67, 0x88, 0xFB, 0xF8, 0xB5, 0x78, 0x0D, 0xEE,
    0x99, 0x2B, 0x37, 0x9E, 0x4D, 0xE6, 0x90, 0x19, 0x2F, 0x25, 0xAB, 0x03, 0xA3, 0xCF, 0x26, 0x45,
    0x0D, 0x94, 0x67, 0xE4, 0xDC, 0x4E, 0xBE, 0x8E, 0xD0, 0x85, 0xD0, 0x30, 0x0B, 0x38, 0xF3, 0x79,
    0x52, 0x01, 0xDA, 0xD5, 0x6B, 0x64, 0x56, 0x11, 0xE4, 0xA4, 0xF8, 0xF6, 0x65, 0x34, 0xA1, 0x50,
    0xC9, 0x16, 0x6A, 0x32, 0xC1, 0xEF, 0x1E, 0xA4, 0x83, 0x88, 0xD1, 0xC1, 0x5D, 0xB9, 0x41, 0xE2,
    0x0E, 0x23, 0x8C, 0x0B, 0x01, 0x81, 0x80, 0xCB, 0x20, 0xB0, 0x46, 0xB2, 0xAB, 0x5E, 0x5C, 0x6E,
    0x36, 0xAA, 0xC5, 0x56, 0x31, 0xDB, 0x6E, 0x16, 0xC0, 0x11, 0x06, 0x74, 0x06, 0xEB, 0xA4, 0xC4,
    0x99, 0x9D, 0xD6, 0xE9, 0x7E, 0xD6, 0xE2, 0xCC, 0xB9, 0xC5, 0xB0, 0xCD, 0xC7, 0xD6, 0x06, 0x83,
    0x77, 0x33, 0x22, 0xB8, 0x0A, 0xB6, 0xD7, 0x30, 0xAF, 0x43, 0xC8, 0x41, 0x78, 0x80, 0x2B, 0x74,
    0x18, 0xDC, 0x86, 0xFA, 0x22, 0x40, 0x93, 0x6D, 0x23, 0x2C, 0x3D, 0xB4, 0x0C, 0xAD, 0x63, 0x4E,
    0x1C, 0x3E, 0x9D, 0x86, 0x6E, 0x3C, 0x26, 0x0A, 0x8E, 0x50, 0x33, 0x8A, 0xD2, 0x61, 0x71, 0x33,
    0xB5, 0x9F, 0xCC, 0x30, 0xCE, 0x4F, 0xC1, 0x06, 0xC2, 0x6E, 0x05, 0xE6, 0x4F, 0xC3, 0x55, 0xFF,
    0x9D, 0xCC, 0x53, 0xB1, 0xD5, 0x2B, 0xB8, 0xB7, 0x2D, 0x72, 0x6C, 0xEF, 0x46, 0x8E, 0x9F, 0xFC,
    0xAD, 0x14, 0xE7, 0x62, 0x63, 0x52, 0x73, 0x80, 0x73, 0xD1, 0x5E, 0xC6, 0x51, 0x57, 0x3C, 0x44,
    0xE3, 0x3A, 0xD7, 0x33, 0xA4, 0xE5, 0xFD, 0x07, 0xD1, 0xB2, 0xA2, 0x03, 0xA1, 0x35, 0x7C, 0x99,
    0x33, 0x3E, 0xBC, 0x42, 0xCC, 0xBF, 0x55, 0xBB, 0x3A, 0xCC, 0x61, 0xBD, 0x8D, 0x76, 0xE6, 0xA8,
    0x57, 0x10, 0xCA, 0x89, 0x9D, 0x6B, 0x34, 0x42, 0x0E, 0xDA, 0xB9, 0xD1, 0x9E, 0x86, 0x48, 0x90,
    0xA7, 0xC9, 0xBF, 0x71, 0xD4, 0x19, 0x72, 0xB5, 0x19, 0xF2, 0xF5, 0x19, 0x30, 0x3E, 0xCF, 0xCE,
    0xCF, 0x39, 0x09, 0xD8, 0xB7, 0xA3, 0x67, 0x72, 0xC1, 0x41, 0x25, 0x20, 0xB3, 0x10, 0x7F, 0x16,
    0xFD, 0x5A, 0x24, 0x0B, 0xDD, 0xF1, 0xF0, 0x33, 0x83, 0x87, 0x0F, 0x41, 0xB2, 0x2F, 0xA3, 0xB7,
    0x08, 0x1A, 0x05, 0xE3, 0x63, 0xBD, 0xDF, 0x64, 0xEE, 0x13, 0x57, 0x76, 0x44, 0x78, 0x81, 0xA5,
    0xA1, 0x83, 0x80, 0x87, 0x10, 0x89, 0x16, 0xB8, 0xC1, 0x38, 0x7C, 0xBA, 0x06, 0x53, 0xBD, 0xB5,
    0x6E, 0x5B, 0xE5, 0x81, 0x4E, 0x84, 0x2B, 0x9C, 0x2B, 0x5E, 0x33, 0x23, 0xDF, 0xDB, 0x6F, 0x39,
    0x4C, 0x70, 0xE4, 0xA1, 0xC0, 0x46, 0x93, 0xDF, 0x34, 0x21, 0x3A, 0x30, 0xF9, 0x12, 0x55, 0x69,
    0x36, 0xEC, 0x62, 0x37, 0x85, 0x78, 0x1C, 0x0C, 0xE3, 0x71, 0x9B, 0x59, 0x96, 0x60, 0xFD, 0x4F,
    0x59, 0xCD, 0x68, 0x1C, 0xF3, 0x38, 0xC9, 0xEC, 0x13, 0xE1, 0x01, 0xD2, 0xE8, 0x2B, 0xB0, 0x8A,
    0xAA, 0x4A, 0x7F, 0x74, 0x74, 0xB5, 0xEB, 0x51, 0xB6, 0x80, 0x82, 0x9E, 0xB6, 0x89, 0x60, 0x03,
    0x2A, 0x5C, 0x65, 0x6F, 0xA0, 0xCB, 0xD0, 0xF9, 0x22, 0x3A, 0x0D, 0x9D, 0xC3, 0x35, 0xD5, 0x4B,
    0x4F, 0xE8, 0x8A, 0x26, 0x41, 0x6D, 0xFB, 0xEA, 0xC5, 0x36, 0x01, 0x9B, 0x67, 0xB8, 0x1D, 0x35,
    0xE7, 0x71, 0x63, 0x1C, 0x8C, 0x4C, 0x1B, 0x5A, 0xC5, 0x08, 0x68, 0x4B, 0x1C, 0xB8, 0x11, 0xD3,
    0x18, 0x41, 0xDC, 0xA2, 0xF0, 0x5A, 0x8B, 0xF6, 0xD7, 0x34, 0x45, 0x40, 0xBC, 0x66, 0xB8, 0xFE,
    0x84, 0x66, 0xD7, 0xBD, 0xAE, 0xA3, 0xBD, 0x77, 0x3D, 0x35, 0x1A, 0x7B, 0xFC, 0xB7, 0x7C, 0x3E,
    0x4B, 0xE6, 0x83, 0xAD, 0x4C, 0x4D, 0xE9, 0x2B, 0x5D, 0xA6, 0xC1, 0x72, 0xD4, 0xD6, 0x29, 0x53,
    0xCE, 0xE9, 0x30, 0x54, 0xB0, 0xD8, 0xA0, 0x7A, 0x03, 0x1A, 0x3E, 0x15, 0x42, 0x44, 0x09, 0xA5,
    0xC0, 0x1D, 0x80, 0xE5, 0x0C, 0x34, 0x4C, 0x86, 0xBD, 0xB5, 0x76, 0x07, 0x0C, 0xC7, 0x92, 0x1C,
    0xCE, 0x7F, 0x9E, 0x5C, 0xAC, 0xE0, 0xB9, 0x64, 0xBA, 0xE4, 0xBA, 0x64, 0xBB, 0xE4, 0xBB, 0x64,
    0xBC, 0xE4, 0x7C, 0x97, 0xF5, 0x3B, 0xEA, 0x62, 0x57, 0x1B, 0xBA, 0xB8, 0xEA, 0xD3, 0x0B, 0x57,
    0x73, 0xBF, 0x7A, 0xFB, 0x78, 0x0B, 0x41, 0x0F, 0xEA, 0xF3, 0x4D, 0x66, 0x12, 0x7C, 0x36, 0x36,
    0xBF, 0xEF, 0x5B, 0x2E, 0x1C, 0xCD, 0x51, 0x97, 0xFD, 0xFA, 0xE8, 0x48, 0xCC, 0x17, 0xD1, 0x38,
    0x31, 0x51, 0x07, 0xFB, 0x75, 0x42, 0x2B, 0xFB, 0x46, 0xEE, 0x62, 0x52, 0x7E, 0x33, 0x42, 0xCC,
    0x24, 0xD8, 0x6C, 0x70, 0x43, 0x6B, 0x9E, 0x0C, 0x58, 0xE4, 0x5F, 0xF3, 0x08, 0x0A, 0x42, 0xB5,
    0xF6, 0x3D, 0x25, 0x1D, 0x6A, 0x5A, 0x01, 0x3C, 0xDF, 0x57, 0xB7, 0xDF, 0x89, 0x13, 0x32, 0x7C,
    0x9F, 0xB3, 0x46, 0x4C, 0x54, 0x08, 0x45, 0x22, 0x2A, 0x72, 0x0E, 0x8F, 0x93, 0x49, 0x2E, 0x87,
    0xA4, 0x29, 0x86, 0x82, 0x97, 0x17, 0xB9, 0xB4, 0xA5, 0x6A, 0x48, 0xA3, 0x0F, 0xD9, 0x06, 0x06,
    0xF2, 0x50, 0x06, 0x08, 0x41, 0x3D, 0x7C, 0xD0, 0x25, 0xA5, 0x0B, 0xAE, 0xCD, 0xF3, 0x22, 0x39,
    0xE1, 0x6E, 0x16, 0xAB, 0xE6, 0xE8, 0xE0, 0x61, 0xAC, 0x9C, 0x26, 0x5B, 0x81, 0xDD, 0xFB, 0xFC,
    0x33, 0x1B, 0xC0, 0x28, 0xEF, 0x73, 0x59, 0xF0, 0xC5, 0xC8, 0x34, 0x02, 0xA9, 0xF4, 0x12, 0x3B,
    0x65, 0xE8, 0x39, 0x33, 0x68, 0x70, 0xF7, 0x9F, 0xC9, 0xA2, 0x1E, 0x8A, 0x01, 0xB9, 0x78, 0x24,
    0xF6, 0x71, 0x40, 0x0C, 0x57, 0xF8, 0x78, 0x3D, 0xE8, 0x31, 0x73, 0x5C, 0x5F, 0xDF, 0xDE, 0x4D,
    0xA8, 0xD6, 0xF9, 0xF9, 0xD7, 0xB4, 0x9B, 0x31, 0x88, 0x85, 0xDA, 0x1E, 0xDB, 0x5A, 0xDD, 0x7C,
    0xCB, 0xCE, 0x8C, 0x15, 0x2F, 0x72, 0x07, 0x81, 0x02, 0xC4, 0x34, 0x1F, 0xC7, 0xE8, 0xF7, 0x28,
    0x8A, 0xF0, 0xED, 0x35, 0x9C, 0xB1, 0xCF, 0x8E, 0x81, 0x55, 0x67, 0x51, 0x01, 0xC8, 0x72, 0x08,
    0xE6, 0x01, 0xEE, 0x07, 0x0F, 0xE5, 0xA6, 0xEB, 0x25, 0xFF, 0x9B, 0x4C, 0xFD, 0x29, 0xBA, 0x3E,
    0xA2, 0x33, 0x07, 0x4D, 0xAB, 0xBE, 0x37, 0xEF, 0x6C, 0x4A, 0x41, 0x6C, 0x7B, 0x80, 0x69, 0xB5,
    0x4F, 0x69, 0xF5, 0x67, 0x62, 0x4C, 0xAB, 0xEB, 0x19, 0xA6, 0xD5, 0x8B, 0x8B, 0xAD, 0xA2, 0x22,
    0xFE, 0x28, 0x69, 0xB5, 0x49, 0x40, 0x1D, 0x0A, 0xB4, 0x3E, 0x3A, 0x03, 0x34, 0xBF, 0x3D, 0xE5,
    0x45, 0x1D, 0x68, 0x06, 0x5B, 0x29, 0x2C, 0x7B, 0x4F, 0x4A, 0x98, 0x12, 0xEE, 0x6E, 0xFE, 0x11,
    0x61, 0x71, 0xEC, 0x6E, 0x47, 0x0E, 0xE2, 0x59, 0x07, 0x6F, 0xB7, 0x77, 0xF0, 0x20, 0x9E, 0xA5,
    0x07, 0xA6, 0xA8, 0xAE, 0x5A, 0xC7, 0x24, 0xC2, 0xC9, 0xEC, 0x5C, 0xB4, 0xA5, 0xC5, 0x8E, 0xD3,
    0x26, 0x41, 0x8F, 0x5E, 0x1E, 0x20, 0x84, 0x02, 0xEA, 0x22, 0xE8, 0x35, 0xBF, 0x3D, 0xF2, 0x1D,
    0x8C, 0xEF, 0x81, 0x87, 0x84, 0x42, 0xEF, 0x25, 0x09, 0x63, 0x07, 0x42, 0xE8, 0xD4, 0x1A, 0x34,
    0x55, 0xD4, 0xD4, 0xAD, 0x5A, 0x9D, 0xBC, 0xA3, 0x92, 0x74, 0xFA, 0x1E, 0xF5, 0x37, 0xA5, 0x8F,
    0xDE, 0x09, 0xAE, 0x43, 0x0D, 0x88, 0xBA, 0xD9, 0x61, 0x69, 0x58, 0xB4, 0x25, 0x23, 0xB6, 0xA3,
    0xFB, 0x10, 0x0E, 0x42, 0xCE, 0x04, 0x9D, 0xBC, 0x08, 0xD5, 0xE5, 0xBC, 0xDC, 0x8C, 0x5A, 0x84,
    0xEE, 0x24, 0x77, 0x54, 0xD5, 0x0D, 0x3A, 0xC1, 0xA4, 0x2D, 0xD9, 0x9E, 0x8E, 0x45, 0x44, 0xF2,
    0x98, 0x62, 0xDC, 0xC6, 0xD2, 0x94, 0xB2, 0x65, 0x62, 0xEC, 0x8A, 0x69, 0x96, 0xB3, 0x3F, 0xAF,
    0x62, 0x71, 0x69, 0x75, 0xB0, 0x56, 0xB0, 0xF3, 0x06, 0xF7, 0x54, 0x06, 0x3A, 0x76, 0x7E, 0x56,
    0x98, 0xE2, 0xB6, 0xA2, 0xC6, 0x5C, 0x10, 0x71, 0x57, 0x8E, 0x5A, 0x72, 0x09, 0x72, 0x86, 0xB1,
    0x1E, 0x8B, 0xBD, 0x14, 0x59, 0x55, 0xD9, 0x09, 0x50, 0x3B, 0x59, 0x1D, 0x82, 0x94, 0xB3, 0xF5,
    0x94, 0x0E, 0xBB, 0x26, 0x10, 0x35, 0x8C, 0x09, 0x74, 0xC9, 0x04, 0x52, 0xD3, 0x6B, 0x7B, 0xAE,
    0xAF, 0x57, 0xCE, 0x51, 0x62, 0xA1, 0x2C, 0x70, 0xC2, 0xB2, 0x99, 0x78, 0xB6, 0xFC, 0x62, 0xD6,
    0x94, 0x42, 0x76, 0xE2, 0x93, 0x9E, 0x3C, 0x32, 0x7C, 0x3C, 0xB8, 0x29, 0x21, 0xC2, 0x22, 0x2A,
    0x67, 0x58, 0x22, 0x72, 0x4C, 0xEA, 0x54, 0x4E, 0x1F, 0x38, 0x61, 0x95, 0xE1, 0xDA, 0x1A, 0xE9,
    0x44, 0x29, 0x22, 0x5E, 0x26, 0x66, 0x19, 0x55, 0x19, 0x1C, 0x00, 0xA9, 0xB5, 0xC0, 0x10, 0xCC,
    0xB9, 0x4A, 0x66, 0xA0, 0x28, 0x37, 0x7E, 0xB9, 0xCE, 0x79, 0x8C, 0xDE, 0xAB, 0x7D, 0xFB, 0x69,
    0xA3, 0x5A, 0x2A, 0xCE, 0xC6, 0x31, 0x28, 0x8E, 0xA3, 0x42, 0xC6, 0x71, 0xC6, 0x2E, 0x45, 0x41,
    0xDC, 0xC7, 0x70, 0xE2, 0x55, 0x0A, 0x7B, 0x14, 0xF1, 0x28, 0xD8, 0xB9, 0xA8, 0x03, 0x36, 0xFB,
    0x4F, 0x69, 0xC4, 0xB3, 0xD1, 0x68, 0xBC, 0xA7, 0x32, 0x98, 0x46, 0xD7, 0x1D, 0xE2, 0xEA, 0x08,
    0xF5, 0x2F, 0x96, 0xE4, 0x31, 0xD4, 0x12, 0x46, 0x58, 0x68, 0x7E, 0x4B, 0xEB, 0x63, 0xD5, 0x64,
    0xA4, 0x2D, 0x83, 0xA3, 0x17, 0x0C, 0x0A, 0xF7, 0x33, 0x33, 0xB7, 0x37, 0x6E, 0x52, 0xEB, 0x21,
    0x90, 0x45, 0x3C, 0x2E, 0x24, 0xDC, 0x30, 0x28, 0x7C, 0x91, 0x04, 0x8B, 0x3C, 0x2F, 0x50, 0x0C,
    0xA7, 0xF0, 0x6D, 0x78, 0x1E, 0xA7, 0x78, 0x3D, 0xC8, 0x73, 0xB7, 0x3F, 0x2C, 0xF3, 0x82, 0x4F,
    0x98, 0x12, 0xFF, 0x3B, 0x6C, 0x77, 0x98, 0xB8, 0x5F, 0x42, 0x60, 0x1B, 0x87, 0xF7, 0x32, 0xD4,
    0xC6, 0xBB, 0x39, 0x1E, 0xB2, 0x0D, 0xF0, 0x5E, 0x4C, 0x1B, 0xE0, 0xBC, 0x9F, 0x9C, 0xA5, 0x58,
    0x70, 0xFA, 0xD4, 0xF7, 0x54, 0x5E, 0x09, 0xD5, 0x07, 0xAA, 0x33, 0xDC, 0x8B, 0x9A, 0xDC, 0x24,
    0xAD, 0xB1, 0x79, 0x1D, 0x58, 0x0F, 0x61, 0xA0, 0x0B, 0x00, 0x04, 0x57, 0xA6, 0x58, 0x61, 0x93,
    0x99, 0x2F, 0x52, 0xFA, 0x03, 0x80, 0xAB, 0xDF, 0x14, 0x21, 0x72, 0xCD, 0xA4, 0x41, 0x5E, 0xD9,
    0x2B, 0x5C, 0x33, 0x99, 0x28, 0xC1, 0x59, 0x74, 0x96, 0x92, 0xCE, 0x94, 0xD5, 0x69, 0xCA, 0xF3,
    0xE6, 0x61, 0xD4, 0xD9, 0xDF, 0xC2, 0xE4, 0x8F, 0x60, 0xA3, 0x09, 0x63, 0xA9, 0x49, 0x42, 0x60,
    0xD2, 0xCA, 0xAE, 0x8D, 0xBC, 0x9C, 0x2F, 0x47, 0xDC, 0x57, 0x9C, 0x19, 0xCE, 0xDA, 0x51, 0xCA,
    0xAD, 0xA6, 0xD1, 0xE4, 0xE8, 0xA2, 0xB7, 0x6A, 0xE7, 0x7E, 0xB1, 0x0E, 0x54, 0x7E, 0x47, 0x11,
    0xFD, 0xC8, 0x99, 0x1B, 0x67, 0x6E, 0x66, 0xEB, 0x6C, 0xE2, 0x6D, 0xD8, 0x8A, 0xDE, 0xC0, 0x54,
    0x71, 0x12, 0x15, 0x36, 0x11, 0xA8, 0xEC, 0xAB, 0x66, 0x11, 0xCA, 0x8D, 0x67, 0xE3, 0x33, 0xF0,
    0x58, 0xCD, 0x4F, 0x17, 0x98, 0xD7, 0xC1, 0xCF, 0x13, 0x73, 0xF3, 0xF3, 0x95, 0xCA, 0xD4, 0x43,
    0xF8, 0xCD, 0x79, 0xEB, 0xA7, 0x3E, 0x42, 0xDF, 0x27, 0xE3, 0x4F, 0xC9, 0x71, 0x98, 0x18, 0xAA,
    0x8F, 0xCC, 0x9D, 0x5C, 0xC8, 0xDC, 0xF8, 0xD4, 0x15, 0x78, 0xEE, 0x32, 0xD4, 0x26, 0xD7, 0xE7,
    0xAA, 0xF5, 0xE3, 0x89, 0x17, 0xEB, 0x7E, 0xF7, 0x71, 0xF4, 0xFB, 0xBF, 0x92, 0x3F, 0x4E, 0x68,
    0x1D, 0x62, 0x16, 0xDA, 0x52, 0xC5, 0x8A, 0x3B, 0x89, 0x0F, 0x60, 0xEA, 0x75, 0x32, 0xFE, 0x7D,
    0xD9, 0xA4, 0xFC, 0x00, 0x19, 0x1B, 0x11, 0xD3, 0xC7, 0x87, 0xD6, 0x9D, 0xF8, 0xEC, 0xC9, 0xC5,
    0x2A, 0x27, 0x1D, 0x5D, 0xF1, 0x9F, 0x96, 0x14, 0xDB, 0xC7, 0x7B, 0x8F, 0xA6, 0x66, 0x9C, 0xB8,
    0x9D, 0x84, 0xB1, 0xC3, 0x5F, 0x36, 0xB0, 0x7E, 0x43, 0x39, 0x63, 0xE2, 0xE6, 0xC5, 0x6E, 0x4C,
    0x80, 0x65, 0xA5, 0x22, 0x43, 0x5F, 0xA7, 0x57, 0xCA, 0xAF, 0x95, 0x93, 0xF0, 0x40, 0x03, 0xC6,
    0x37, 0x61, 0x7A, 0x19, 0xAA, 0xE1, 0xDB, 0xDD, 0x40, 0xE5, 0x9E, 0x4A, 0x5C, 0x4E, 0x89, 0x91,
    0x24, 0x41, 0x5C, 0x4A, 0x0D, 0x77, 0x91, 0x16, 0x4D, 0xCA, 0xC4, 0xBC, 0x4F, 0x8A, 0x27, 0x64,
    0x43, 0x6C, 0xC9, 0x0D, 0xEB, 0xBA, 0x5C, 0xB6, 0xDF, 0x91, 0xE1, 0x3B, 0x84, 0x32, 0x3D, 0xF0,
    0x7A, 0xBA, 0x7F, 0x46, 0x89, 0x0A, 0x25, 0x35, 0xB4, 0x53, 0x9B, 0x45, 0x98, 0x1D, 0x8A, 0x3D,
    0xE9, 0xDB, 0x47, 0xB4, 0x8B, 0x52, 0x65, 0xCF, 0x79, 0xA5, 0xD4, 0x28, 0x33, 0x6F, 0x3C, 0x2F,
    0xDC, 0xD1, 0x6B, 0x94, 0x42, 0x19, 0x57, 0x4E, 0x75, 0xE3, 0xC9, 0x36, 0x25, 0x29, 0xE5, 0x9B,
    0x6E, 0xAF, 0xAD, 0x9B, 0xDC, 0xED, 0xB4, 0x7F, 0x1D, 0x54, 0xC5, 0x88, 0x36, 0xCE, 0x37, 0xB2,
    0x71, 0xC8, 0xA6, 0xE0, 0x6A, 0x05, 0x2E, 0xCC, 0xC1, 0x1C, 0xBE, 0xCF, 0xD0, 0xB1, 0x5E, 0x15,
    0x59, 0xA8, 0x12, 0x1F, 0xF3, 0x4D, 0x5D, 0x1C, 0x04, 0xAF, 0xAC, 0xA1, 0xC9, 0xF6, 0x74, 0x7D,
    0x7F, 0xEE, 0x59, 0xD3, 0x03, 0x98, 0x32, 0x98, 0x57, 0xEC, 0xB3, 0x06, 0xFB, 0x7C, 0x83, 0x38,
    0x64, 0x74, 0xC4, 0x01, 0xCF, 0x38, 0xD5, 0x33, 0x16, 0x85, 0x31, 0x47, 0x08, 0x58, 0xE9, 0x26,
    0x02, 0xEC, 0x32, 0x82, 0x6E, 0x48, 0x10, 0x2E, 0xDD, 0xD8, 0x8B, 0x3D, 0x8C, 0x23, 0x1E, 0x3E,
    0x3D, 0x8B, 0xDF, 0xA0, 0x26, 0x73, 0xDC, 0xD7, 0x11, 0xDE, 0x1A, 0xE8, 0x23, 0x67, 0x51, 0x00,
    0xB3, 0x89, 0x4E, 0xF9, 0xA9, 0x40, 0xA7, 0xA1, 0x87, 0xB9, 0x3D, 0xAE, 0xC9, 0x51, 0x32, 0x4E,
    0x00, 0xF7, 0x07, 0xF8, 0xDD, 0x67, 0xF1, 0xB9, 0xAF, 0xE0, 0xF3, 0xEF, 0xE2, 0x9E, 0x76, 0xC0,
    0x4A, 0x36, 0x30, 0x97, 0xBE, 0x88, 0x9C, 0x84, 0xC8, 0x55, 0x10, 0x79, 0x38, 0xC0, 0x2C, 0xB8,
    0x08, 0x47, 0x0E, 0x82, 0x93, 0x9D, 0xCD, 0x21, 0xB5, 0x13, 0x94, 0x9B, 0xD5, 0x00, 0x67, 0xEC,
    0x2B, 0x58, 0x68, 0x46, 0x75, 0x4F, 0xAE, 0x3A, 0xB2, 0x65, 0xC7, 0x9B, 0x76, 0x1C, 0x52, 0x6B,
    0x36, 0xB6, 0xBE, 0x13, 0x93, 0x74, 0xAD, 0x84, 0x15, 0x9F, 0xB1, 0x3F, 0x6F, 0x30, 0x74, 0x56,
    0x8B, 0x25, 0x95, 0x89, 0x21, 0x98, 0x0B, 0xE1, 0x6A, 0xF3, 0xF5, 0xAC, 0xFD, 0x52, 0x42, 0x6B,
    0x36, 0x1E, 0x8B, 0xA4, 0xCA, 0xF8, 0x9C, 0xD1, 0xEF, 0xEC, 0x58, 0x3A, 0x97, 0x72, 0xCF, 0xEE,
    0x1E, 0x77, 0xBA, 0x55, 0x68, 0xCD, 0x9B, 0x5F, 0x5A, 0xD2, 0xCE, 0xEC, 0x0E, 0xE2, 0xD8, 0x14,
    0xC2, 0xF2, 0x3C, 0x22, 0x7A, 0x66, 0x67, 0x5E, 0x12, 0xCA, 0xDB, 0x5A, 0x61, 0x1B, 0x4E, 0xE6,
    0xC5, 0x01, 0x86, 0xBE, 0x17, 0x10, 0x3C, 0x56, 0xF1, 0xB5, 0x89, 0x8E, 0x18, 0x40, 0xB1, 0x00,
    0xCD, 0x76, 0x32, 0x66, 0xC4, 0x1F, 0x70, 0x25, 0x85, 0x11, 0x35, 0x27, 0x2D, 0xEB, 0xFD, 0x7D,
    0xB4, 0x57, 0x2C, 0xA7, 0xAD, 0x72, 0xE9, 0xFE, 0x30, 0xDA, 0x94, 0xBF, 0xA1, 0x04, 0xA1, 0x0F,
    0x4B, 0x1E, 0xA0, 0x67, 0x46, 0xB7, 0xA2, 0x40, 0xC1, 0xC4, 0x97, 0x06, 0x33, 0xA7, 0x8C, 0xCA,
    0x4B, 0xD1, 0xA1, 0xD0, 0x40, 0xAA, 0xFA, 0x25, 0xEF, 0xD6, 0x5D, 0xDE, 0x43, 0xDC, 0xA0, 0xFC,
    0x2F, 0xEE, 0xD3, 0x6C, 0x83, 0xD7, 0x86, 0x47, 0xD3, 0x83, 0x1B, 0x1C, 0xED, 0xC0, 0x49, 0x9C,
    0xD4, 0xC9, 0x1C, 0x2C, 0x1B, 0xF7, 0xBE, 0xAC, 0x3D, 0x2F, 0x6D, 0x5A, 0xA2, 0x63, 0xFF, 0xB5,
    0x0D, 0xD6, 0x5B, 0x0B, 0xDD, 0x7F, 0x58, 0xB9, 0xF7, 0xE5, 0x84, 0xDD, 0xEE, 0xC1, 0xC5, 0xB2,
    0xF5, 0xCA, 0x99, 0x67, 0x43, 0x7F, 0x81, 0x10, 0x52, 0x45, 0x21, 0xCB, 0x2A, 0x78, 0x97, 0xF0,
    0x30, 0x25, 0xA2, 0x2A, 0xC1, 0x4C, 0x95, 0xD2, 0xAD, 0x2A, 0xF8, 0x7F, 0xAF, 0xAA, 0x94, 0x2E,
    0x56, 0x31, 0x99, 0xBD, 0x5C, 0x01, 0x4C, 0x17, 0x2B, 0x65, 0x8E, 0x76, 0xD7, 0xC3, 0xC0, 0xA6,
    0xCB, 0x1A, 0x53, 0xE9, 0xD0, 0x22, 0x91, 0x3E, 0x8F, 0xEB, 0x82, 0x48, 0x17, 0x72, 0xC2, 0xD4,
    0x72, 0x98, 0x06, 0xB8, 0xB7, 0xB0, 0xD0, 0xC1, 0x54, 0x80, 0x33, 0x0A, 0x4C, 0x07, 0x02, 0xF5,
    0x16, 0xA7, 0x04, 0xCB, 0x11, 0x2F, 0x03, 0x47, 0xBA, 0xE5, 0xA4, 0x83, 0x04, 0xA5, 0x07, 0xDA,
    0x8A, 0x75, 0xEB, 0x89, 0xD3, 0x04, 0x4E, 0x9B, 0x7B, 0xFA, 0xCC, 0xE9, 0x02, 0x14, 0x75, 0x64,
    0xDF, 0x9F, 0x06, 0x16, 0x4C, 0x66, 0x6B, 0x4A, 0x2B, 0x9D, 0x66, 0x73, 0x1A, 0xC1, 0xB7, 0x5F,
    0x2B, 0x4A, 0x47, 0xA3, 0x78, 0x3B, 0xDB, 0xCD, 0x14, 0xA1, 0x8C, 0xEA, 0xFA, 0x0F, 0x18, 0x34,
    0x3F, 0x4B, 0xEA, 0xF9, 0xD9, 0x1F, 0xB3, 0xF9, 0xDD, 0x51, 0x53, 0xA5, 0xAA, 0xCA, 0xB9, 0x94,
    0x93, 0x29, 0x16, 0x1B, 0x86, 0xCA, 0xBF, 0x5A, 0x48, 0x9E, 0x0F, 0xE5, 0x40, 0x3C, 0x21, 0xCA,
    0x83, 0x68, 0x46, 0x1C, 0xB1, 0x96, 0xA3, 0x32, 0x57, 0x2F, 0x73, 0xA2, 0x32, 0x2F, 0xEA, 0x97,
    0x22, 0xE4, 0xC5, 0x3A, 0x78, 0xFB, 0xB2, 0xA9, 0x3F, 0x43, 0xDD, 0x11, 0xE2, 0x5C, 0xC9, 0xFC,
    0xE6, 0xC1, 0xE2, 0x42, 0xF7, 0x4F, 0xAF, 0x16, 0x5D, 0x95, 0x8D, 0xA2, 0x92, 0xE2, 0xFC, 0xC9,
    0xF4, 0x93, 0x12, 0xD3, 0x4F, 0xDA, 0xD9, 0xD7, 0x4F, 0x9A, 0xE8, 0x53, 0xA4, 0xAE, 0x71, 0x9E,
    0xE7, 0x87, 0x1F, 0x6B, 0x21, 0x30, 0x5A, 0xB7, 0x5A, 0xE8, 0x75, 0x42, 0xC9, 0x83, 0x01, 0xC6,
    0x13, 0x50, 0x36, 0x3B, 0xCC, 0xF1, 0x64, 0x91, 0x3B, 0x46, 0x54, 0xCF, 0x90, 0x87, 0x2F, 0x33,
    0x08, 0xCF, 0x1C, 0xC4, 0xFA, 0xCA, 0x21, 0xAD, 0x3F, 0x8D, 0x40, 0xB9, 0x36, 0x6E, 0xD6, 0x9C,
    0x46, 0xCC, 0x1F, 0xB7, 0x76, 0x5B, 0x61, 0x01, 0x1F, 0x47, 0xF7, 0xFE, 0x27, 0xE6, 0x10, 0xD7,
    0x93, 0xBE, 0xCC, 0xF3, 0xFC, 0x6A, 0xBC, 0xCB, 0x9B, 0x76, 0x55, 0x2B, 0x61, 0x8A, 0xA4, 0x60,
    0x6F, 0x2B, 0x21, 0x9D, 0x56, 0x59, 0x26, 0xD7, 0x7E, 0xEB, 0xE5, 0x6C, 0x20, 0x85, 0x56, 0x74,
    0xEC, 0x77, 0xBB, 0x0C, 0x3B, 0xFC, 0x67, 0x83, 0x6F, 0x6A, 0xF9, 0xCB, 0x7D, 0x12, 0x66, 0x36,
    0x6E, 0xB0, 0x9C, 0x6F, 0xF2, 0xB7, 0x4F, 0xF0, 0xAD, 0x4B, 0x11, 0x72, 0x68, 0xFF, 0x8C, 0xE2,
    0x87, 0xB8, 0x7E, 0x70, 0xAB, 0x77, 0x87, 0x3A, 0xEB, 0x77, 0x69, 0x5C, 0xF1, 0x1E, 0x23, 0x42,
    0x8D, 0x29, 0x9D, 0xE0, 0x19, 0x6D, 0xB3, 0xA3, 0xD6, 0x93, 0x3D, 0x8F, 0xD3, 0xD0, 0xF6, 0xFF,
    0x9A, 0xB5, 0x17, 0xB0, 0x5F, 0x29, 0x3A, 0x91, 0x4E, 0x6A, 0xD2, 0x91, 0xFB, 0xB2, 0xF4, 0x55,
    0x2B, 0x06, 0xB4, 0x18, 0xD0, 0x6A, 0x25, 0x04, 0x74, 0xF6, 0xAD, 0xCF, 0xDD, 0x07, 0xFE, 0x7E,
    0x7D, 0x92, 0x11, 0x4C, 0xD9, 0x8F, 0x67, 0x30, 0xE3, 0xBD, 0xD1, 0xC1, 0xC3, 0x16, 0x5E, 0xD9,
    0x51, 0x74, 0x08, 0x24, 0x47, 0x88, 0xE4, 0x02, 0x91, 0x5C, 0xA6, 0x19, 0x3D, 0x44, 0x73, 0x1B,
    0xA1, 0x43, 0x40, 0x87, 0x90, 0xEE, 0x1D, 0xFD, 0xD5, 0x5A, 0x98, 0x28, 0xFF, 0xA5, 0xC3, 0xCB,
    0xA2, 0x8F, 0x50, 0x0B, 0xFA, 0x69, 0x34, 0xA0, 0xE0, 0x1B, 0x38, 0xA7, 0x51, 0xF1, 0xF1, 0x53,
    0x80, 0x90, 0x19, 0x4C, 0x39, 0x3F, 0xC9, 0x61, 0xC6, 0x49, 0x52, 0x98, 0x11, 0xCF, 0x96, 0xD2,
    0x98, 0x3E, 0x0C, 0x92, 0x3F, 0x8E, 0x61, 0xCC, 0x7A, 0x2F, 0xC1, 0xE1, 0x23, 0x5A, 0x0A, 0x5F,
    0x94, 0x78, 0xC0, 0x32, 0x62, 0x06, 0xFE, 0x29, 0xFE, 0x50, 0x6E, 0x30, 0x51, 0xA4, 0xBA, 0x58,
    0x8B, 0x9D, 0xAD, 0x5B, 0xAF, 0xB6, 0x44, 0xF9, 0x5F, 0xDC, 0x0F, 0xBF, 0xBA, 0xFB, 0x61, 0x9E,
    0xC4, 0x7C, 0xE3, 0x3A, 0xC0, 0x9B, 0x26, 0xB1, 0xBD, 0xA7, 0xA5, 0x63, 0x4A, 0x88, 0x15, 0xFF,
    0xED, 0x67, 0xA6, 0x48, 0x0A, 0x3E, 0x3A, 0xCF, 0xFB, 0x87, 0xC5, 0x58, 0xF7, 0x44, 0xE6, 0xBD,
    0x99, 0x7B, 0x5B, 0x29, 0x79, 0xCC, 0x61, 0x08, 0xC1, 0x90, 0xDE, 0x47, 0x68, 0x88, 0x4B, 0xF3,
    0x10, 0xC4, 0x1F, 0x25, 0xF6, 0x1B, 0xB9, 0xFB, 0xEF, 0x99, 0x25, 0xEF, 0x99, 0x01, 0xEB, 0xF1,
    0xD4, 0x7D, 0x23, 0x73, 0x5F, 0x4F, 0x44, 0x05, 0xB4, 0x4B, 0xDE, 0xF3, 0x08, 0x18, 0x7F, 0xFE,
    0x3B, 0x86, 0xC7, 0x29, 0x28, 0x59, 0xEF, 0xC7, 0xB0, 0x25, 0xEF, 0x6D, 0x84, 0x21, 0xE3, 0x72,
    0xB4, 0x8F, 0xA2, 0x3B, 0x3B, 0xFF, 0x08, 0xF0, 0x97, 0x7F, 0x81, 0x86, 0xDB, 0x39, 0xF8, 0x35,
    0xFA, 0xDA, 0x24, 0x16, 0xEB, 0x98, 0xA4, 0x9E, 0x45, 0x8C, 0xF6, 0x56, 0x75, 0xAB, 0xC1, 0x91,
    0x87, 0xF4, 0x5F, 0x80, 0x8F, 0x3A, 0x16, 0x16, 0xD2, 0x5D, 0xE4, 0x73, 0xBA, 0xC5, 0xBD, 0xA5,
    0xFF, 0x07, 0xE5, 0x5A, 0x5D, 0x6C, 0x1C, 0x57, 0x15, 0x3E, 0x33, 0xE3, 0x78, 0x92, 0xAC, 0xBD,
    0x63, 0x55, 0x69, 0x09, 0xC4, 0xC9, 0xAC, 0xDA, 0xB4, 0x98, 0xC8, 0xF6, 0x6C, 0xAA, 0xA0, 0x86,
    0xE2, 0xF5, 0x4C, 0x53, 0xAA, 0x52, 0xA9, 0x52, 0x4D, 0x45, 0x83, 0xF8, 0x13, 0x79, 0x40, 0xA2,
    0x50, 0xA0, 0x4B, 0x15, 0x68, 0x2A, 0x36, 0xD9, 0x69, 0x90, 0x28, 0x02, 0x2A, 0x1C, 0xB5, 0xE5,
    0x85, 0x17, 0x03, 0xA9, 0x40, 0x0E, 0x55, 0xFC, 0x10, 0x09, 0x57, 0x72, 0xB2, 0x03, 0x91, 0x68,
    0x91, 0x78, 0x18, 0xA8, 0xFA, 0xC0, 0x53, 0x47, 0xB4, 0x15, 0x25, 0x2F, 0x99, 0xAA, 0x2B, 0xB1,
    0x09, 0xEB, 0x1D, 0xBE, 0x73, 0xEE, 0x9D, 0xDD, 0x75, 0x9A, 0xF4, 0x87, 0xD8, 0x49, 0x2A, 0xC6,
    0xBE, 0x77, 0x66, 0x77, 0xEE, 0xDE, 0xF3, 0x73, 0xCF, 0x3D, 0xE7, 0x7C, 0x67, 0x86, 0x88, 0x8F,
    0x05, 0xB4, 0x14, 0xAD, 0x85, 0xD6, 0x46, 0x3B, 0x89, 0x36, 0x8D, 0xE6, 0xA1, 0x39, 0x68, 0x36,
    0x9A, 0x85, 0x56, 0x40, 0x2B, 0xA2, 0x4D, 0xA0, 0x2D, 0xE1, 0xEB, 0x26, 0x35, 0xB2, 0x84, 0xBC,
    0x2C, 0x24, 0xF3, 0x0D, 0xEA, 0x1D, 0x98, 0xCA, 0xC2, 0x34, 0x56, 0x13, 0xD7, 0xB3, 0x7D, 0xDF,
    0xAF, 0x22, 0x9D, 0x81, 0x01, 0xFC, 0x62, 0x18, 0xB7, 0xBE, 0x84, 0x5F, 0xBC, 0x46, 0x64, 0xA4,
    0xFD, 0xB4, 0x2E, 0x42, 0x67, 0x04, 0x74, 0x0E, 0x78, 0x64, 0x74, 0x40, 0xA7, 0x0D, 0x3A, 0xBB,
    0x2E, 0x57, 0x1E, 0x30, 0xB0, 0x50, 0x21, 0xA3, 0x9D, 0x91, 0xD9, 0xAA, 0x10, 0xED, 0x1B, 0x58,
    0x13, 0x39, 0xC9, 0x8A, 0x30, 0x2C, 0x26, 0xBA, 0x11, 0x82, 0x2E, 0xD6, 0x31, 0x1D, 0x68, 0x95,
    0xD7, 0x88, 0xD6, 0x6E, 0xCC, 0xB5, 0x04, 0x21, 0x47, 0x46, 0x88, 0x36, 0x97, 0x88, 0x2A, 0x98,
    0x73, 0xAC, 0xBA, 0x36, 0xB4, 0xF2, 0x63, 0x4A, 0x9F, 0x33, 0x7D, 0x5E, 0xD6, 0xE7, 0xED, 0xF9,
    0x00, 0x23, 0xEA, 0x29, 0x82, 0x3F, 0xDA, 0xB1, 0x9C, 0x1D, 0x2B, 0x41, 0x3F, 0x46, 0x5B, 0x2D,
    0x66, 0xA8, 0x46, 0xE3, 0x62, 0x01, 0x4B, 0x98, 0x8F, 0xCF, 0x07, 0xE9, 0x90, 0x9C, 0xFD, 0xF9,
    0xAC, 0x93, 0x40, 0x12, 0x3F, 0xCB, 0xB2, 0x18, 0x92, 0xB8, 0xD9, 0xE3, 0x8D, 0x68, 0x41, 0x31,
    0xCB, 0xD2, 0x6C, 0xD4, 0x67, 0x66, 0x96, 0x4E, 0x10, 0x8D, 0x33, 0x3F, 0x4B, 0x64, 0x34, 0x99,
    0x1F, 0x3F, 0x78, 0x38, 0xA1, 0x53, 0x90, 0x2E, 0x03, 0xE3, 0x63, 0x90, 0x2A, 0x6B, 0x2B, 0x56,
    0xE6, 0x03, 0x7A, 0xFB, 0x71, 0x65, 0xF8, 0x34, 0xC2, 0x54, 0xF8, 0xB4, 0x5F, 0x6D, 0x0A, 0x9F,
    0x76, 0x9C, 0x08, 0x9F, 0xC6, 0x97, 0x35, 0x9F, 0xBE, 0xE6, 0x73, 0xEB, 0x25, 0xF8, 0xCC, 0xF5,
    0x7D, 0x4A, 0x73, 0xFD, 0x61, 0xC5, 0x6E, 0xE1, 0x74, 0xAA, 0xD8, 0x3D, 0x9D, 0x28, 0x29, 0x82,
    0x3B, 0xAE, 0x71, 0x79, 0x1E, 0xD6, 0x1F, 0xAC, 0xAC, 0xA9, 0x2E, 0xDC, 0x4C, 0xDB, 0xCE, 0xA1,
    0xA0, 0x21, 0x67, 0xB3, 0x49, 0x6E, 0x48, 0x3C, 0x79, 0x44, 0x36, 0x4B, 0x51, 0x73, 0x31, 0x9C,
    0xBF, 0x59, 0x82, 0x16, 0x5C, 0x19, 0x9A, 0x92, 0xD9, 0xE1, 0x0B, 0xBF, 0x33, 0xDF, 0x68, 0x91,
    0xE6, 0x38, 0x24, 0x66, 0xF9, 0xA1, 0xEC, 0x35, 0xE1, 0xD1, 0xA1, 0x1E, 0xD3, 0x03, 0xDA, 0x5A,
    0xAA, 0x93, 0xCA, 0x5C, 0x8C, 0x76, 0x43, 0xD9, 0x8B, 0xC1, 0xFB, 0x52, 0x0C, 0xA6, 0x3A, 0xA0,
    0x39, 0x17, 0xB5, 0xE6, 0x26, 0xB3, 0x92, 0xF7, 0xEE, 0xFE, 0x9D, 0xC8, 0x2F, 0xFC, 0xDC, 0x8A,
    0x3E, 0xAD, 0xD4, 0x4C, 0xF6, 0x4B, 0x5A, 0xAC, 0xC2, 0x5F, 0xD5, 0xCA, 0x90, 0x19, 0x5E, 0xCC,
    0xEC, 0xAE, 0xA6, 0x36, 0xFA, 0xF6, 0x8E, 0xDA, 0x3C, 0x44, 0x7A, 0xF7, 0xC8, 0x24, 0xAC, 0x0D,
    0x3E, 0xDE, 0x4D, 0x1B, 0xF9, 0xA4, 0x6E, 0x40, 0xF8, 0xDA, 0x0D, 0x4D, 0xA8, 0xC0, 0x8D, 0xD8,
    0xBE, 0x5C, 0xDA, 0xF4, 0x24, 0xDF, 0x3D, 0xE8, 0x07, 0xE4, 0x04, 0x27, 0xC1, 0xA4, 0x13, 0x8C,
    0x41, 0x79, 0x05, 0x99, 0x4F, 0xF5, 0x76, 0x68, 0xB6, 0xD8, 0x4A, 0xBD, 0x2C, 0x20, 0xEB, 0x0F,
    0x19, 0xFC, 0x8C, 0xF5, 0x42, 0xB3, 0xD0, 0x24, 0xF3, 0x95, 0xC0, 0x68, 0xC3, 0x3F, 0xB3, 0x91,
    0xB2, 0x8D, 0xEE, 0x66, 0x4B, 0x36, 0x9A, 0x8F, 0x81, 0x96, 0x9B, 0xF8, 0xD9, 0xFC, 0xB1, 0x2C,
    0xB4, 0x21, 0x1D, 0xB4, 0xF4, 0x50, 0xD6, 0x01, 0xDD, 0x11, 0x9E, 0xEC, 0x00, 0x69, 0xCF, 0x66,
    0xDC, 0x82, 0xC9, 0x9D, 0x9F, 0x40, 0x00, 0xF7, 0x74, 0xC4, 0x8E, 0xAD, 0xCB, 0xF0, 0x26, 0xD6,
    0x25, 0x0B, 0xE4, 0x64, 0x98, 0xD5, 0x3B, 0xB2, 0x0F, 0xB1, 0x84, 0xBF, 0xDF, 0xAF, 0x84, 0x97,
    0xAD, 0x65, 0xC2, 0x88, 0x43, 0x0F, 0x1E, 0xAF, 0x83, 0x81, 0x05, 0x5E, 0x12, 0x23, 0xE3, 0x09,
    0x58, 0x31, 0x16, 0x2F, 0xB0, 0x1D, 0x68, 0x0F, 0x49, 0x43, 0x2B, 0xBB, 0xE1, 0xAE, 0x3A, 0x64,
    0x8D, 0xAC, 0xCE, 0x67, 0xF6, 0x2E, 0x51, 0xC6, 0x52, 0xB9, 0x19, 0x2F, 0xCD, 0xE7, 0x57, 0x28,
    0xCE, 0x57, 0x7A, 0xCD, 0xC4, 0x42, 0x4C, 0xA5, 0x5D, 0x2B, 0x94, 0x85, 0xB7, 0xC5, 0x31, 0xE3,
    0xE4, 0xB2, 0x64, 0x36, 0x14, 0x87, 0x55, 0xB4, 0x8F, 0xD4, 0x83, 0x05, 0x36, 0x92, 0x2C, 0x5C,
    0x60, 0x9E, 0x5E, 0xE0, 0x13, 0x6D, 0xB2, 0xC2, 0x45, 0x1E, 0xBB, 0x25, 0xA8, 0x63, 0xF6, 0x2D,
    0x99, 0x2C, 0x7F, 0xD6, 0x02, 0xE3, 0x38, 0xF0, 0xCD, 0xF1, 0xEC, 0xFC, 0xCA, 0xE5, 0xBA, 0x4A,
    0x64, 0x0D, 0xBD, 0x33, 0x14, 0x75, 0x57, 0x19, 0x97, 0x13, 0x69, 0x7F, 0x45, 0x6F, 0xDF, 0x5F,
    0x5B, 0xD5, 0xA9, 0xAE, 0xEE, 0xD5, 0xD5, 0xA7, 0xA1, 0x8B, 0x6D, 0x9F, 0x0F, 0x8A, 0x44, 0xDB,
    0x56, 0x78, 0x8B, 0x7B, 0xE6, 0x64, 0xE0, 0x3F, 0x5A, 0x32, 0x49, 0x9A, 0xAA, 0x30, 0x34, 0xF2,
    0xFF, 0x6B, 0x21, 0x65, 0xE5, 0x4F, 0xDB, 0x6A, 0xA9, 0xDB, 0xEA, 0xD3, 0x4D, 0x3A, 0xC2, 0x25,
    0xDA, 0x8B, 0x5E, 0x24, 0x74, 0xBF, 0x24, 0x5F, 0x9A, 0xFF, 0x54, 0x23, 0x1F, 0x57, 0x93, 0x1E,
    0x91, 0x2F, 0x8D, 0xB7, 0x94, 0x43, 0x3E, 0x12, 0x5D, 0x75, 0xB3, 0x11, 0x6B, 0x29, 0xF0, 0xA5,
    0xCB, 0x3C, 0xB9, 0x91, 0xCE, 0xB8, 0xFA, 0x6C, 0xC9, 0x95, 0xE0, 0xCB, 0x7C, 0x9C, 0x47, 0x02,
    0x63, 0xC4, 0x5E, 0x00, 0x81, 0x61, 0x50, 0x56, 0x80, 0xF0, 0x6D, 0x85, 0x88, 0xDD, 0x56, 0x8C,
    0xCE, 0xCC, 0xB2, 0xB4, 0x44, 0xD9, 0x72, 0x5A, 0x25, 0x2F, 0x49, 0x99, 0x87, 0x84, 0xBB, 0x98,
    0x99, 0x8A, 0x4E, 0x30, 0x91, 0x1A, 0xEF, 0x17, 0x3F, 0xD8, 0xD2, 0x66, 0xEF, 0x9D, 0x90, 0x2D,
    0xCE, 0xE7, 0x1B, 0xB3, 0x5D, 0x42, 0x62, 0xB2, 0x62, 0xA9, 0xD7, 0x3D, 0xC8, 0x09, 0x21, 0xD2,
    0x09, 0xA3, 0xC5, 0xB9, 0x45, 0x75, 0xE0, 0x8A, 0x33, 0x84, 0x43, 0xD6, 0x41, 0xB4, 0x62, 0x64,
    0xCC, 0x94, 0xD7, 0x91, 0x05, 0x11, 0x35, 0x9D, 0x93, 0xCD, 0x2F, 0x23, 0x44, 0xCD, 0xF4, 0xBC,
    0xF4, 0x0D, 0x59, 0x57, 0x5F, 0x45, 0xA4, 0x46, 0xD0, 0x9D, 0x80, 0xAC, 0x54, 0xC7, 0x31, 0x78,
    0x76, 0xAA, 0x48, 0xCE, 0xBB, 0x55, 0xFA, 0x61, 0xFE, 0x3D, 0x02, 0x8A, 0x7F, 0x66, 0x1E, 0x2B,
    0xEE, 0x4A, 0x68, 0x34, 0x1A, 0xD9, 0xD1, 0x95, 0x36, 0x61, 0x26, 0xFA, 0xC2, 0xD3, 0x91, 0xDC,
    0xD0, 0xD1, 0x8F, 0xEC, 0x96, 0xBE, 0xE3, 0xE6, 0xB6, 0x54, 0xE9, 0x4F, 0xAC, 0xE5, 0x88, 0xF3,
    0x8B, 0x73, 0x0F, 0x7C, 0xE1, 0x18, 0x87, 0x25, 0x64, 0xCE, 0x38, 0x9A, 0x2A, 0x8C, 0x66, 0x67,
    0xC5, 0xB6, 0x66, 0x74, 0xCA, 0xAD, 0xEC, 0x3A, 0xBF, 0xF8, 0x22, 0x35, 0xE6, 0x71, 0x60, 0x14,
    0xD5, 0x33, 0x39, 0xCE, 0x89, 0x09, 0x9D, 0x7F, 0x36, 0x78, 0x67, 0x2D, 0xA5, 0x92, 0x2E, 0xB0,
    0x6E, 0xEA, 0x4F, 0x72, 0x0C, 0x5F, 0x2C, 0xD6, 0x58, 0x4B, 0x76, 0xBA, 0x46, 0x5A, 0x1A, 0x67,
    0xDB, 0x98, 0x66, 0x1B, 0xF2, 0x25, 0x16, 0xB3, 0x21, 0x55, 0x18, 0x38, 0x88, 0x3A, 0x64, 0xDB,
    0x4C, 0x6A, 0x67, 0x67, 0xC5, 0x2E, 0xC7, 0x49, 0x87, 0xA7, 0x75, 0x78, 0x0F, 0x73, 0x68, 0xDC,
    0x07, 0x91, 0x07, 0x43, 0x84, 0xD0, 0x4D, 0xCA, 0x49, 0xAA, 0x2E, 0x94, 0xCE, 0x87, 0x02, 0x02,
    0x16, 0x9F, 0xD5, 0xF5, 0x46, 0x3F, 0x49, 0x3D, 0xB3, 0xCF, 0xE3, 0x7D, 0x26, 0x0E, 0x6A, 0x9B,
    0xCA, 0xE8, 0xA6, 0x16, 0x71, 0x63, 0xAC, 0xB4, 0xA6, 0x24, 0x75, 0x57, 0xE9, 0x76, 0x6B, 0x22,
    0x25, 0x8E, 0x0D, 0xBC, 0x31, 0xBD, 0xFB, 0xB0, 0xBA, 0x1E, 0xE7, 0x18, 0x03, 0xBC, 0x22, 0x86,
    0xD8, 0x5D, 0x3F, 0x8E, 0x53, 0x4E, 0xD0, 0xE3, 0x5E, 0x25, 0x7C, 0x5E, 0x8C, 0x6B, 0x7B, 0x99,
    0x97, 0xD6, 0x3F, 0x02, 0xDB, 0x30, 0x5B, 0x6C, 0x1B, 0xE6, 0xE1, 0x2B, 0xBA, 0x83, 0xDE, 0x3B,
    0x57, 0x57, 0xDA, 0x62, 0x8D, 0x98, 0x79, 0xBB, 0x29, 0x66, 0xDE, 0x16, 0xF7, 0x30, 0x6F, 0xE5,
    0x0F, 0x98, 0xC6, 0xAE, 0xB8, 0x27, 0x14, 0xEF, 0x3F, 0x5C, 0x60, 0x37, 0xE3, 0x7F, 0x85, 0x67,
    0xF3, 0x25, 0x5D, 0x1F, 0x36, 0xE8, 0x9A, 0xB7, 0x43, 0xCA, 0x7D, 0xAC, 0x46, 0x32, 0x66, 0xB3,
    0xF7, 0x0D, 0x83, 0x22, 0x5D, 0x00, 0x11, 0x6C, 0xB1, 0x72, 0x63, 0xAD, 0xEF, 0xF3, 0xEA, 0xEB,
    0xC5, 0x66, 0x6E, 0x4C, 0xC4, 0x66, 0x0E, 0x5F, 0x2B, 0x36, 0xB3, 0x09, 0x2C, 0x56, 0x46, 0xE1,
    0x71, 0xB9, 0x9E, 0x51, 0x55, 0x93, 0x98, 0xF1, 0xCA, 0x5A, 0x97, 0x99, 0x2A, 0x99, 0x19, 0x57,
    0x31, 0x72, 0x12, 0x84, 0x9F, 0x6A, 0xF8, 0xD2, 0xD4, 0xEC, 0x2D, 0x0A, 0xFA, 0x57, 0x6D, 0xAA,
    0xAF, 0x4D, 0xE8, 0xBC, 0x9B, 0x33, 0xD5, 0x22, 0x94, 0x55, 0x04, 0x91, 0x22, 0xB8, 0x2A, 0x30,
    0x64, 0x44, 0x1B, 0x46, 0x34, 0x9F, 0x62, 0x8C, 0xC8, 0xF0, 0x90, 0x91, 0x61, 0x01, 0x99, 0x4E,
    0x0F, 0x0F, 0x32, 0x2F, 0x00, 0x6F, 0xC4, 0x5B, 0xD9, 0x88, 0xAE, 0x11, 0xBE, 0x02, 0xCD, 0x98,
    0x52, 0xF9, 0xC0, 0x8F, 0x59, 0xDF, 0x48, 0x64, 0xE8, 0x10, 0xA3, 0xE6, 0xCD, 0x03, 0xFD, 0x3C,
    0x0A, 0x93, 0xCA, 0x62, 0x98, 0x4D, 0xC5, 0xA3, 0x74, 0x72, 0x57, 0xD8, 0x54, 0xDD, 0x62, 0xB7,
    0xAB, 0x75, 0xBB, 0xA9, 0x95, 0xDD, 0x44, 0x17, 0xC4, 0x48, 0xDE, 0x5F, 0x64, 0xE3, 0x2B, 0xB2,
    0xBD, 0x15, 0x79, 0x9D, 0x0B, 0x0A, 0x85, 0x33, 0xEF, 0x8C, 0xBE, 0xA7, 0x14, 0xF2, 0x16, 0xD4,
    0x2D, 0x88, 0x5B, 0x04, 0xE8, 0x47, 0xDA, 0x57, 0x77, 0x69, 0x67, 0x0F, 0x80, 0xF2, 0x32, 0x38,
    0x38, 0xC0, 0xA9, 0x8A, 0x4A, 0x1E, 0xED, 0x0B, 0x6A, 0x00, 0x7E, 0xA4, 0xBC, 0xC1, 0xC6, 0x15,
    0x51, 0xB4, 0xA6, 0x81, 0xF5, 0x41, 0xD6, 0x3B, 0xE8, 0x4E, 0x73, 0x3D, 0x82, 0x4B, 0x11, 0x9A,
    0x6E, 0x91, 0x6B, 0x0F, 0x2B, 0xE9, 0xB6, 0x57, 0x96, 0x18, 0xF2, 0xB9, 0xFD, 0xA0, 0x7F, 0xEE,
    0xCB, 0x9F, 0x7F, 0x40, 0xCF, 0xC0, 0x6D, 0x1B, 0xD4, 0x57, 0xFC, 0x26, 0xD1, 0x73, 0x68, 0xF5,
    0x64, 0xF5, 0xF8, 0x5F, 0x6D, 0xBD, 0x34, 0x30, 0xCF, 0xAF, 0xD0, 0x7E, 0x1F, 0xAA, 0x04, 0xC4,
    0xD0, 0xA0, 0x82, 0xD7, 0x63, 0xEF, 0x2E, 0x8C, 0xC6, 0x1A, 0x35, 0x31, 0xED, 0xDC, 0xC8, 0x6A,
    0xE9, 0x9F, 0xB5, 0x4E, 0x7E, 0xC2, 0x59, 0xE7, 0xB2, 0x80, 0x9F, 0x80, 0x0A, 0x87, 0xE1, 0xFE,
    0x8A, 0xF4, 0x56, 0x0A, 0xDB, 0x7D, 0xB3, 0x89, 0x2E, 0x5D, 0x22, 0xE7, 0xF1, 0xA4, 0x46, 0xF6,
    0xBF, 0xE3, 0x0A, 0x97, 0x57, 0x26, 0x76, 0x1C, 0xCB, 0x9A, 0xE3, 0x7E, 0xF6, 0x9F, 0xAC, 0x35,
    0xD8, 0x09, 0xEA, 0xB2, 0x8B, 0x66, 0xF4, 0x7C, 0x27, 0x78, 0x73, 0xB5, 0xBB, 0x0E, 0xB8, 0x3F,
    0xB1, 0xA1, 0x41, 0xF6, 0x72, 0x3E, 0xD7, 0xAA, 0x90, 0x37, 0xBF, 0x3E, 0x73, 0x62, 0x90, 0xC1,
    0x02, 0xAE, 0x23, 0x20, 0x86, 0x67, 0xA0, 0xC4, 0xD7, 0x74, 0xE9, 0x53, 0x3C, 0xBB, 0x94, 0x36,
    0x25, 0x7F, 0x1E, 0xE6, 0x3A, 0xE4, 0x28, 0x17, 0x21, 0xC7, 0xB8, 0x02, 0x39, 0xC6, 0xE5, 0xC7,
    0x31, 0xCE, 0xD9, 0x46, 0xD9, 0xE2, 0xA5, 0x50, 0xE3, 0x48, 0xEA, 0x75, 0x2E, 0xD8, 0xDB, 0x34,
    0xA4, 0x1E, 0xE3, 0xB1, 0x30, 0xC6, 0xD7, 0x45, 0x4A, 0x6C, 0x2B, 0x28, 0x63, 0x08, 0x23, 0x3F,
    0xCB, 0xC5, 0x6E, 0x37, 0x64, 0xCB, 0x80, 0x62, 0x19, 0xDE, 0xB4, 0x21, 0x0E, 0xD9, 0xF5, 0x70,
    0xD8, 0x89, 0x76, 0x5B, 0x49, 0xD5, 0x04, 0xBA, 0xC1, 0x7F, 0x72, 0xC2, 0x8C, 0xEB, 0x8D, 0xC8,
    0xCF, 0xA8, 0xD0, 0x7A, 0x1F, 0x23, 0x2F, 0x9F, 0x16, 0x86, 0x0E, 0xDB, 0x91, 0x7F, 0x5F, 0xE2,
    0x17, 0x22, 0x1D, 0x8C, 0x03, 0x89, 0x67, 0x80, 0x67, 0x8D, 0xC8, 0x78, 0x25, 0xB1, 0xEE, 0x4C,
    0x8B, 0xD4, 0x1A, 0xA5, 0xA5, 0x71, 0x9A, 0x1A, 0xA7, 0xDD, 0x13, 0x74, 0xC2, 0x3D, 0x9B, 0x3A,
    0x59, 0x24, 0x01, 0x3A, 0x50, 0x28, 0xC6, 0xC5, 0xF5, 0x34, 0x62, 0xD1, 0x7E, 0x18, 0xCD, 0x9C,
    0x15, 0x53, 0x6C, 0x24, 0x40, 0x2E, 0x09, 0x3C, 0x49, 0x0A, 0x5D, 0xA7, 0x58, 0x80, 0x05, 0xD0,
    0x4A, 0x14, 0x9E, 0x81, 0x96, 0x1F, 0x2C, 0x84, 0xC6, 0x59, 0x8F, 0xCC, 0xD3, 0xCB, 0xE4, 0x9F,
    0x6D, 0x21, 0x24, 0x25, 0x64, 0x9C, 0xA2, 0xFF, 0x6D, 0x3E, 0xEF, 0xA9, 0x88, 0x6E, 0x66, 0x48,
    0xE5, 0xC9, 0xD3, 0x02, 0xFF, 0x78, 0xDF, 0x7C, 0x33, 0xB0, 0xCE, 0x13, 0x65, 0x78, 0xA1, 0x39,
    0xD8, 0x76, 0xAC, 0x6C, 0xBA, 0x10, 0xF4, 0x12, 0x12, 0xAE, 0xB0, 0xD4, 0x41, 0xEF, 0xFC, 0x32,
    0x52, 0x3A, 0x9F, 0x91, 0x68, 0x00, 0x20, 0x1A, 0x5A, 0x01, 0x90, 0x68, 0x6C, 0x45, 0x40, 0xA1,
    0x11, 0x65, 0x9D, 0x88, 0xBC, 0x57, 0x43, 0x55, 0xA3, 0x73, 0x54, 0xAA, 0x0E, 0x43, 0x63, 0x36,
    0x3C, 0xDC, 0x36, 0x9E, 0xD7, 0x18, 0xCF, 0xCA, 0x5D, 0x27, 0xB3, 0x15, 0xA9, 0x5C, 0xC6, 0xBA,
    0x20, 0x01, 0x5A, 0x2D, 0x7A, 0x86, 0x7E, 0xAE, 0xC2, 0x43, 0xB8, 0x31, 0x16, 0x60, 0x28, 0xC0,
    0x67, 0x93, 0xDB, 0xA5, 0x0B, 0xC3, 0xAB, 0xCA, 0x47, 0x8E, 0xFC, 0x59, 0xAF, 0xA3, 0x90, 0x7D,
    0x0C, 0x5B, 0xB1, 0xBC, 0x7D, 0x0D, 0xE8, 0xC0, 0xF7, 0xC0, 0x19, 0x98, 0xAD, 0x0E, 0x59, 0x4D,
    0xB8, 0x9F, 0xD9, 0x91, 0xB5, 0xD1, 0x69, 0x2E, 0xCB, 0x75, 0xC8, 0x86, 0x9A, 0xA7, 0x00, 0x94,
    0x6A, 0x3D, 0x77, 0xB2, 0xBA, 0x7A, 0x1B, 0xC8, 0x93, 0x3B, 0x41, 0xDE, 0xF6, 0xB9, 0x58, 0x3B,
    0x14, 0x81, 0x80, 0xBB, 0xBB, 0x25, 0x80, 0x44, 0xA7, 0x07, 0x25, 0x6A, 0x1C, 0x05, 0x27, 0x3E,
    0xD7, 0x89, 0x0A, 0x19, 0x97, 0x41, 0xAE, 0xEF, 0xD5, 0x42, 0xC2, 0x25, 0x5D, 0x0B, 0x69, 0x71,
    0xA0, 0x8F, 0x31, 0x60, 0xB9, 0x2F, 0xD0, 0x1B, 0x7D, 0xB5, 0x44, 0xE5, 0x37, 0x3B, 0x5C, 0x9A,
    0x96, 0xC7, 0x36, 0xBA, 0x64, 0x5E, 0xEC, 0x01, 0x54, 0x45, 0x5B, 0x52, 0xD6, 0x03, 0xE4, 0xFD,
    0x8B, 0xEC, 0x36, 0x39, 0x59, 0xE2, 0xB1, 0x23, 0x69, 0x9E, 0xC4, 0x88, 0x75, 0xFB, 0xE7, 0xC6,
    0xC5, 0xC7, 0x4E, 0x88, 0xD5, 0x7B, 0x52, 0xBC, 0x70, 0xE2, 0xC1, 0x0E, 0x57, 0xF3, 0xB9, 0x2C,
    0x61, 0x4A, 0x89, 0x8A, 0x76, 0xCC, 0xF6, 0xD5, 0x7C, 0x92, 0x91, 0x4D, 0x20, 0x5D, 0xDB, 0x0D,
    0xCA, 0x13, 0x65, 0x10, 0x76, 0xE6, 0x40, 0xB7, 0x10, 0x17, 0xD9, 0x68, 0xC7, 0xBB, 0x44, 0x2B,
    0x9C, 0x2F, 0x83, 0xE4, 0x28, 0x53, 0x1C, 0x67, 0x82, 0x42, 0x4F, 0xC8, 0x09, 0x35, 0x21, 0x26,
    0xB4, 0x84, 0x94, 0xA2, 0x24, 0x84, 0xF2, 0x98, 0xE5, 0xC5, 0xAA, 0x98, 0x62, 0x7F, 0x90, 0xD7,
    0x6C, 0x50, 0x74, 0x16, 0xAA, 0x07, 0x20, 0xFA, 0xA3, 0x6C, 0x68, 0x01, 0x4F, 0x52, 0x63, 0xB3,
    0x2E, 0xAC, 0x04, 0x5F, 0x11, 0x4B, 0x22, 0xDA, 0x37, 0xC5, 0xD5, 0x83, 0x0E, 0x87, 0x4B, 0x9E,
    0xF9, 0x73, 0x41, 0x97, 0xA1, 0x0B, 0x1F, 0x45, 0xC9, 0x23, 0x90, 0xC1, 0xB4, 0x0B, 0x58, 0xEC,
    0xE5, 0x2E, 0xB2, 0xD3, 0x26, 0xF6, 0x18, 0xAF, 0xCF, 0xEF, 0x1A, 0x9D, 0xF9, 0xF9, 0xAC, 0x2D,
    0xF5, 0xA9, 0xC4, 0x38, 0x96, 0x65, 0xCF, 0xE6, 0x13, 0x1C, 0x94, 0xFE, 0x7C, 0x0F, 0x15, 0x1A,
    0x2F, 0x2B, 0xC4, 0xD3, 0x43, 0x60, 0xC6, 0x2A, 0x51, 0xDC, 0xF8, 0x5B, 0xAF, 0xED, 0x37, 0xDF,
    0x47, 0xC8, 0x14, 0xCC, 0x57, 0xEE, 0x76, 0x25, 0xD5, 0x81, 0xE3, 0x92, 0xF1, 0x04, 0xBA, 0x9B,
    0x4D, 0x58, 0x4C, 0xE7, 0xDB, 0x34, 0x79, 0xD7, 0xBA, 0x19, 0xF5, 0x7E, 0x40, 0x23, 0xEB, 0xEA,
    0xA7, 0xF4, 0x29, 0x2A, 0xBF, 0xC8, 0xBF, 0x2B, 0xD5, 0xA8, 0xF4, 0x43, 0x2A, 0xFD, 0x82, 0x4A,
    0xB7, 0x18, 0xCF, 0x3F, 0x37, 0x79, 0xD7, 0xCC, 0x2C, 0x8F, 0xD3, 0xA3, 0x0E, 0xD0, 0x5F, 0x8C,
    0x7B, 0x8C, 0x76, 0x41, 0x01, 0x82, 0x80, 0xA2, 0x30, 0x5A, 0x08, 0x87, 0x42, 0x2B, 0x34, 0xC3,
    0x0D, 0x33, 0x6C, 0xE5, 0x9B, 0xE8, 0xEC, 0x51, 0x7B, 0x6E, 0x0C, 0x20, 0xF4, 0xCE, 0x20, 0x00,
    0xE2, 0x73, 0x45, 0x23, 0x1B, 0x61, 0xBC, 0x23, 0xB3, 0x8B, 0x69, 0x35, 0x4F, 0x8D, 0xEE, 0xA5,
    0xD2, 0x8F, 0xE8, 0xBB, 0x7F, 0x0F, 0x6E, 0x7F, 0x30, 0x2C, 0x51, 0x34, 0x9B, 0x3F, 0xFA, 0x58,
    0x71, 0xF4, 0x92, 0x48, 0x37, 0xAF, 0x85, 0x1B, 0x8D, 0x66, 0x7E, 0x91, 0x34, 0x54, 0xEE, 0xEA,
    0xFE, 0x20, 0x9E, 0x52, 0x0F, 0x15, 0x17, 0xCD, 0xB8, 0x26, 0x45, 0x4D, 0x2B, 0xF2, 0xCE, 0x23,
    0x33, 0xE3, 0x5C, 0xD7, 0x6C, 0x6E, 0x34, 0x5A, 0xBC, 0x03, 0x0F, 0x31, 0x0E, 0x2A, 0x3C, 0x81,
    0xDB, 0x52, 0xA3, 0x34, 0xD0, 0x5B, 0x52, 0x5B, 0x24, 0x7F, 0x59, 0x27, 0x2C, 0xAC, 0x60, 0x47,
    0x3F, 0xC3, 0xCC, 0x02, 0x3B, 0xCA, 0x1F, 0x61, 0x38, 0x9A, 0xBA, 0xA7, 0x1E, 0x3E, 0x4A, 0x8A,
    0x35, 0x99, 0x17, 0x35, 0xA3, 0xBC, 0x34, 0x6A, 0x47, 0xB5, 0xFC, 0x4D, 0x88, 0xB8, 0x77, 0xB5,
    0xD8, 0x2D, 0xB6, 0x5E, 0xEC, 0x6A, 0x29, 0x1F, 0x97, 0xF4, 0x7E, 0x31, 0xD5, 0xBD, 0xEA, 0xCD,
    0xDC, 0xA3, 0xD6, 0xE3, 0xA0, 0xC7, 0x95, 0x7E, 0xE0, 0x8D, 0x0D, 0xD2, 0xE3, 0xBE, 0xA0, 0x1E,
    0xAA, 0xDA, 0x19, 0xA4, 0x94, 0xDB, 0x75, 0x7C, 0x21, 0x38, 0x8B, 0x25, 0x07, 0x20, 0xE4, 0x07,
    0x98, 0x77, 0x27, 0xAC, 0xA1, 0x73, 0xEE, 0x9E, 0x16, 0xBB, 0x5B, 0x3B, 0x72, 0xCF, 0x67, 0x41,
    0x45, 0x6B, 0xF2, 0x80, 0x2A, 0x0F, 0xBB, 0x4F, 0xC5, 0x15, 0xB5, 0x36, 0x3D, 0x8D, 0xF7, 0x56,
    0xA1, 0x6F, 0x65, 0x68, 0xDD, 0xA5, 0x23, 0x7B, 0xEE, 0x15, 0x8A, 0x5A, 0xA5, 0xBB, 0x74, 0x15,
    0x39, 0x16, 0x1F, 0xBB, 0xE3, 0xD8, 0x99, 0xE3, 0xF3, 0xC8, 0x83, 0x3E, 0xFE, 0xAD, 0x07, 0xF6,
    0xBE, 0x8C, 0x3B, 0x65, 0x6C, 0x98, 0x05, 0x04, 0xB7, 0x32, 0xF8, 0x1E, 0xC7, 0xF9, 0xB6, 0x40,
    0x55, 0x00, 0x2A, 0x1A, 0xB4, 0xEE, 0xD7, 0xAE, 0x23, 0xE5, 0x7D, 0x56, 0x23, 0xAB, 0xCA, 0x19,
    0xD4, 0xF7, 0x69, 0xB8, 0x4C, 0xD5, 0x32, 0x3D, 0x12, 0xED, 0x2A, 0xD3, 0xEC, 0x76, 0xAA, 0x2E,
    0x8C, 0x96, 0x69, 0x5F, 0x99, 0xBE, 0x13, 0xD9, 0x65, 0xFA, 0xC4, 0x1C, 0x3D, 0xCA, 0x08, 0x72,
    0x30, 0xA0, 0x3C, 0x6E, 0x56, 0x15, 0x52, 0x64, 0x58, 0x79, 0x1B, 0xEB, 0x09, 0xF3, 0xED, 0xE4,
    0x5C, 0x81, 0xE9, 0xA2, 0x55, 0xF9, 0x3C, 0x0A, 0xBF, 0x5C, 0x55, 0x8F, 0x96, 0xA5, 0x90, 0x67,
    0x44, 0xA3, 0x8A, 0xEF, 0xAA, 0x0E, 0xBD, 0x5B, 0xB5, 0x3C, 0xFD, 0xE8, 0x10, 0x7A, 0xB8, 0x3D,
    0x2C, 0x45, 0x3B, 0x43, 0x17, 0xF0, 0xF3, 0x56, 0x5C, 0xA9, 0x6B, 0xAC, 0x58, 0xE2, 0xA7, 0x94,
    0x98, 0xD1, 0x34, 0xB6, 0xC2, 0x47, 0x43, 0x8A, 0xBD, 0x78, 0x3B, 0x36, 0x49, 0x09, 0x3B, 0x6E,
    0xE4, 0x9D, 0xB6, 0x84, 0x41, 0x23, 0x5E, 0x96, 0x7E, 0x4F, 0xF6, 0xA9, 0x01, 0x9F, 0x36, 0x96,
    0x8C, 0x2D, 0xB8, 0xA9, 0x91, 0x7C, 0x8D, 0x8D, 0x22, 0xA0, 0x8F, 0xF0, 0x56, 0x9F, 0xF1, 0xB2,
    0xD0, 0x64, 0x1C, 0x40, 0xB3, 0x46, 0xD0, 0xE0, 0xF4, 0x77, 0x74, 0x66, 0x20, 0x09, 0x16, 0xC2,
    0x72, 0x54, 0x3A, 0x13, 0xF7, 0x6D, 0x2D, 0xF1, 0x88, 0xEC, 0x1A, 0x86, 0xEE, 0x45, 0x77, 0xEB,
    0xAF, 0xD1, 0xFD, 0x79, 0x73, 0x44, 0xD6, 0xCD, 0x3F, 0x2F, 0xD3, 0xD0, 0x33, 0xD7, 0xFF, 0x94,
    0x76, 0x3E, 0xBD, 0xEE, 0x29, 0xDA, 0xFE, 0xE2, 0xFA, 0x3F, 0xD1, 0x86, 0x5D, 0x1F, 0xDA, 0x4C,
    0xD6, 0x57, 0x6F, 0x80, 0xA8, 0x47, 0x6F, 0x08, 0xDF, 0xAD, 0x7B, 0x76, 0x6F, 0x48, 0xC6, 0x2F,
    0xEF, 0x9F, 0x25, 0x6B, 0xC7, 0x7C, 0x99, 0x73, 0xFE, 0x21, 0x9A, 0x9E, 0x9F, 0x3F, 0x9E, 0xD3,
    0x1D, 0xA3, 0xC3, 0x74, 0x3F, 0x6D, 0xBE, 0xE0, 0x7A, 0x12, 0x10, 0x2F, 0x8B, 0x32, 0x2E, 0xAE,
    0x5F, 0x42, 0x27, 0x93, 0x52, 0x8E, 0x7E, 0x34, 0xA4, 0xBF, 0x45, 0xAC, 0x11, 0xCA, 0x9F, 0x37,
    0x22, 0xE0, 0x14, 0x62, 0xB2, 0x13, 0xCE, 0x6D, 0xB9, 0x68, 0xBC, 0x24, 0xD6, 0x31, 0x31, 0x43,
    0xA3, 0x9D, 0xF9, 0x76, 0x23, 0x6B, 0x7A, 0x9D, 0xA0, 0xF7, 0x4E, 0x12, 0x8C, 0x76, 0x18, 0xCB,
    0x37, 0x0A, 0x38, 0xBF, 0x7D, 0xF3, 0x1A, 0xBC, 0x23, 0xB4, 0x0D, 0xA8, 0xB7, 0x11, 0xFB, 0x91,
    0x2D, 0xCF, 0xDC, 0x6B, 0x98, 0x07, 0x91, 0x0A, 0x1B, 0xC3, 0x89, 0x0A, 0x11, 0x3F, 0x33, 0x32,
    0x13, 0x23, 0x35, 0x52, 0x81, 0x08, 0x89, 0xFC, 0xC1, 0x3C, 0x37, 0xD4, 0xA8, 0x78, 0x92, 0xB6,
    0x1E, 0xA2, 0x29, 0xFF, 0x4C, 0xDB, 0xCB, 0x9A, 0x4E, 0x16, 0x17, 0xE4, 0x6D, 0x07, 0x60, 0x0A,
    0x7E, 0xCA, 0x04, 0x98, 0x20, 0xFF, 0xA4, 0xFE, 0x63, 0xFD, 0xBF, 0xDD, 0xD8, 0x13, 0xD6, 0x8C,
    0x3F, 0x86, 0x4B, 0xE6, 0xE9, 0xF0, 0x90, 0x75, 0x36, 0xF4, 0xCF, 0x72, 0x61, 0xBD, 0x43, 0x4E,
    0x47, 0x05, 0x61, 0xF6, 0x59, 0xFC, 0xD8, 0x9E, 0x1B, 0xEF, 0x5F, 0x43, 0x37, 0xCA, 0x5B, 0xDC,
    0xD7, 0xB8, 0xF4, 0x67, 0xB6, 0xA8, 0x52, 0xE8, 0x90, 0x5F, 0x5C, 0x47, 0xFE, 0x30, 0x76, 0xF3,
    0xCF, 0xF6, 0x84, 0x8E, 0xE0, 0x62, 0xF8, 0x8D, 0x33, 0x47, 0x25, 0x17, 0x33, 0xFB, 0xAB, 0x2F,
    0x79, 0x5B, 0xB8, 0xA0, 0xED, 0xEB, 0xD3, 0x69, 0x5B, 0xBF, 0x24, 0xC5, 0xF9, 0x09, 0xBF, 0xE4,
    0x70, 0xBA, 0x49, 0x85, 0x3B, 0xDA, 0x50, 0xE1, 0x21, 0x64, 0x72, 0x3E, 0x42, 0x9E, 0x83, 0x90,
    0x58, 0x08, 0xAA, 0xC8, 0xB1, 0xA4, 0x0D, 0xA1, 0x0D, 0x5B, 0xC1, 0x94, 0x57, 0xE0, 0xAD, 0x06,
    0x8C, 0x84, 0x48, 0x77, 0x64, 0x8E, 0x2B, 0x3F, 0x4E, 0x16, 0x78, 0x59, 0x52, 0xA1, 0x99, 0xAA,
    0x60, 0xE9, 0x25, 0xDA, 0xD6, 0x08, 0x3A, 0x7E, 0xD6, 0x46, 0x1A, 0x66, 0x64, 0xFC, 0xD2, 0x04,
    0x96, 0x1F, 0x51, 0xDE, 0x95, 0xBD, 0xBC, 0x28, 0x9C, 0xCD, 0x48, 0x4A, 0x1E, 0x60, 0xAD, 0x93,
    0x93, 0x60, 0xFB, 0x10, 0xD8, 0xF7, 0xF9, 0xB1, 0x45, 0x58, 0x88, 0x9C, 0xC8, 0x09, 0xEC, 0xD8,
    0x81, 0x50, 0x93, 0xB8, 0x83, 0x5F, 0x34, 0xF9, 0x57, 0xF0, 0x26, 0x35, 0x70, 0x5D, 0x49, 0x15,
    0x10, 0xE3, 0x24, 0x4D, 0xC0, 0x58, 0xA8, 0x12, 0x1C, 0x53, 0x1B, 0x03, 0xFB, 0x4B, 0x0E, 0xD9,
    0x9F, 0xC4, 0xBD, 0xDB, 0x30, 0xEE, 0x11, 0x8C, 0x7F, 0x13, 0x2D, 0x69, 0x91, 0x19, 0x2F, 0xC1,
    0xD0, 0x0E, 0x42, 0xF9, 0x08, 0x15, 0x81, 0x17, 0x38, 0x98, 0x60, 0x12, 0xF6, 0x59, 0x21, 0x3B,
    0xC5, 0x9D, 0x74, 0x17, 0xA8, 0x95, 0xF8, 0x99, 0xD6, 0x0C, 0x87, 0x7E, 0x37, 0xA3, 0xE9, 0x7A,
    0x50, 0x75, 0xC2, 0x39, 0x3B, 0x5C, 0xB0, 0xA2, 0x93, 0x16, 0x62, 0x77, 0xE4, 0x02, 0xB5, 0xFE,
    0x26, 0x22, 0x33, 0xE2, 0xEA, 0x1D, 0xAF, 0x7C, 0x2A, 0x29, 0xD1, 0x92, 0x64, 0x1B, 0x53, 0x79,
    0x2D, 0xF7, 0xDA, 0x7D, 0x39, 0xEA, 0xF2, 0x5F, 0x4A, 0xCB, 0x05, 0x52, 0x69, 0x54, 0x9F, 0x68,
    0x44, 0x9B, 0xE9, 0x3D, 0x1C, 0xD7, 0xC6, 0x6B, 0x45, 0x0C, 0xD3, 0x44, 0x7E, 0x27, 0xD1, 0x0A,
    0x70, 0x62, 0xAD, 0x01, 0x4E, 0x44, 0x2F, 0xF2, 0x5A, 0x51, 0xF7, 0x65, 0x1E, 0x63, 0xB9, 0x5B,
    0x27, 0x2A, 0xAF, 0x14, 0x6D, 0x35, 0xDF, 0xE3, 0x99, 0x60, 0xCF, 0xDC, 0x08, 0xD0, 0xD5, 0xF9,
    0x6A, 0xF4, 0xBD, 0xBF, 0xC7, 0xC3, 0x95, 0x3D, 0xDE, 0xCD, 0xC9, 0x1C, 0x1C, 0xE3, 0x8C, 0x48,
    0xCF, 0x69, 0x95, 0xFD, 0x7A, 0x43, 0x90, 0x8A, 0x9B, 0x9D, 0xA1, 0xE9, 0xD9, 0x0B, 0x16, 0x65,
    0x67, 0xA8, 0xA2, 0xEA, 0x2E, 0xB4, 0xED, 0x68, 0x25, 0xB4, 0x11, 0xFC, 0xE8, 0x63, 0x8A, 0x3D,
    0xCE, 0x4C, 0x9C, 0xBB, 0x53, 0xDA, 0x0A, 0xB1, 0x07, 0x60, 0x72, 0xF2, 0x9A, 0x82, 0xF1, 0x70,
    0xB8, 0x05, 0xF8, 0x89, 0x3D, 0x41, 0xFD, 0x69, 0x22, 0x7E, 0x71, 0x84, 0xDB, 0xC2, 0xD0, 0x3E,
    0xB4, 0x39, 0xDA, 0x8F, 0xF3, 0xFE, 0xA1, 0x12, 0x1D, 0x58, 0x5F, 0xA2, 0xA9, 0x81, 0x5E, 0xC9,
    0x77, 0xD7, 0x4A, 0xD8, 0x21, 0xE6, 0xC4, 0x33, 0xD2, 0x2B, 0xAC, 0xD6, 0xD3, 0x60, 0xC4, 0xBC,
    0xE3, 0x22, 0x2F, 0x54, 0xAC, 0x5A, 0xC5, 0xEF, 0xBF, 0xD5, 0x58, 0x4F, 0x6C, 0x14, 0x65, 0x14,
    0x7F, 0x33, 0xB3, 0xDD, 0x29, 0xDD, 0xB6, 0xD3, 0x98, 0x92, 0x90, 0xB4, 0x74, 0x37, 0x7A, 0x59,
    0x93, 0xC2, 0xF6, 0xD0, 0x04, 0x1A, 0xBB, 0x9D, 0x31, 0x1E, 0xD0, 0x93, 0x78, 0x80, 0xC4, 0x5B,
    0x6F, 0x6A, 0x4C, 0x64, 0x4D, 0x38, 0x60, 0x52, 0xDA, 0x41, 0x8E, 0x60, 0x90, 0x44, 0xEF, 0x9B,
    0x88, 0x97, 0xD5, 0xC8, 0x1E, 0x30, 0xC1, 0xA4, 0xB0, 0x2B, 0x8D, 0xE1, 0xE0, 0xC1, 0xD1, 0x83,
    0x17, 0x0E, 0x4E, 0x14, 0x12, 0x62, 0x3C, 0x6C, 0xC8, 0x12, 0x0A, 0x69, 0xF7, 0xF3, 0xFD, 0xDE,
    0xF7, 0xCD, 0xFE, 0x01, 0x24, 0x34, 0xD9, 0xD2, 0x3A, 0x65, 0xDF, 0xB7, 0xCC, 0x9F, 0xF7, 0x7E,
    0xF3, 0xDE, 0xEF, 0xFD, 0xF9, 0x96, 0x88, 0x8F, 0x00, 0xC2, 0xAE, 0x43, 0x3A, 0x11, 0xA4, 0x1B,
    0x8F, 0xE1, 0x7B, 0x5C, 0xC2, 0xF9, 0x46, 0x95, 0xA5, 0x25, 0x92, 0xB4, 0xAC, 0xAE, 0xE2, 0x4C,
    0xBC, 0xC2, 0xCF, 0xAD, 0xD4, 0x0B, 0x8F, 0x2A, 0x35, 0x15, 0x64, 0x94, 0x52, 0xB7, 0x89, 0x2E,
    0x43, 0x3C, 0x76, 0xA4, 0xF8, 0x93, 0x9E, 0x2A, 0xB2, 0xF4, 0x3E, 0x9A, 0x66, 0x39, 0x90, 0xEA,
    0xBA, 0x38, 0x2F, 0x72, 0x19, 0xC2, 0xDA, 0x07, 0xDB, 0xEE, 0x5A, 0x83, 0xF1, 0x78, 0xBF, 0xC5,
    0x8C, 0xC7, 0x0E, 0x82, 0xFE, 0xE3, 0xD1, 0xD6, 0xA7, 0x44, 0xAE, 0x84, 0x90, 0xBE, 0x7C, 0x1F,
    0xE9, 0xBD, 0x6D, 0x9B, 0x7C, 0xD2, 0x6D, 0x5D, 0xDB, 0x7D, 0xAB, 0x0C, 0xB5, 0x7F, 0xAE, 0x8B,
    0x89, 0x06, 0x94, 0xD4, 0xC7, 0x1E, 0xC3, 0xE1, 0xD8, 0x31, 0xBC, 0x77, 0xB3, 0xC9, 0xFF, 0xCB,
    0xDE, 0x80, 0x67, 0x1C, 0x0A, 0x76, 0x14, 0x55, 0x57, 0xEC, 0x94, 0x60, 0xBC, 0x2E, 0xBE, 0xCA,
    0xF7, 0x97, 0x3F, 0x63, 0x62, 0xB7, 0x09, 0x85, 0xF7, 0x36, 0x44, 0x6D, 0xF3, 0x29, 0x48, 0xB6,
    0x95, 0xBD, 0x7B, 0x44, 0x16, 0x44, 0xBE, 0x26, 0x96, 0xBE, 0x12, 0x4B, 0xBF, 0x46, 0x6D, 0xD3,
    0x16, 0x81, 0x45, 0xCE, 0x0D, 0x9C, 0xB7, 0xFE, 0x92, 0x53, 0x0F, 0xE4, 0xD2, 0xB2, 0xA0, 0x9A,
    0xEF, 0x13, 0x2A, 0x0B, 0x1C, 0x75, 0x59, 0xA1, 0xFF, 0x36, 0xB3, 0xC1, 0xCF, 0xF0, 0xB7, 0x11,
    0xCB, 0xA0, 0x4C, 0x5F, 0x42, 0xE0, 0x70, 0x5F, 0x4D, 0xA9, 0x3B, 0x47, 0xAF, 0xA4, 0x95, 0x8A,
    0xF1, 0xBD, 0x4E, 0xAE, 0xFA, 0x92, 0xE1, 0x43, 0xC1, 0x75, 0xE8, 0x80, 0xFF, 0x1C, 0x00, 0xCD,
    0xB4, 0x29, 0x3F, 0x09, 0x91, 0xEF, 0x15, 0x72, 0x6E, 0x14, 0xC2, 0x93, 0x77, 0x7B, 0x18, 0x1C,
    0x6F, 0x5A, 0x0A, 0x4A, 0x0B, 0x6A, 0x93, 0xD5, 0x7C, 0x10, 0x6C, 0xD5, 0x64, 0x0A, 0x26, 0xA7,
    0x60, 0xD2, 0x87, 0x7A, 0xA6, 0x57, 0x1E, 0xEC, 0xCA, 0xBB, 0x8D, 0x06, 0xE5, 0x11, 0xD1, 0xE7,
    0x30, 0x09, 0x3E, 0x54, 0xE5, 0xDF, 0xA1, 0x88, 0x8A, 0x25, 0xFB, 0xFB, 0xAA, 0x55, 0xAB, 0x1B,
    0x0F, 0x38, 0x01, 0xB1, 0x47, 0x32, 0x11, 0xBB, 0x99, 0x9C, 0x06, 0x59, 0x4C, 0x5C, 0x76, 0x28,
    0x17, 0x9D, 0x03, 0x47, 0x69, 0xB2, 0x55, 0xD9, 0xA8, 0xA9, 0x66, 0xA1, 0x25, 0xB1, 0x19, 0x27,
    0x3A, 0x4D, 0x74, 0x4D, 0xBE, 0x0C, 0x12, 0x2D, 0xB0, 0xBF, 0xCD, 0x0B, 0x6F, 0x4D, 0x0F, 0x1F,
    0xFB, 0x88, 0x96, 0x88, 0xBE, 0x23, 0xFA, 0x99, 0xEC, 0xB3, 0xF5, 0x24, 0x18, 0x00, 0x48, 0x48,
    0x19, 0x24, 0x0F, 0x68, 0xCB, 0xB6, 0x60, 0x46, 0x58, 0xE4, 0x81, 0x09, 0xB0, 0xA3, 0x63, 0xA0,
    0x54, 0x44, 0xC7, 0x96, 0x03, 0x31, 0xE2, 0x36, 0xD9, 0x7D, 0x78, 0xDD, 0x90, 0xEC, 0xBB, 0xBD,
    0x2C, 0x74, 0xCE, 0xE9, 0xD5, 0xFD, 0x45, 0x9B, 0xB6, 0x8C, 0x2D, 0xEB, 0x53, 0x73, 0xFD, 0x96,
    0xF6, 0x83, 0xB5, 0x96, 0x3C, 0x61, 0x19, 0xC7, 0x38, 0xE6, 0x82, 0x2B, 0x1C, 0x24, 0xCF, 0x89,
    0x25, 0xC6, 0xFB, 0x1D, 0x00, 0x5C, 0xA2, 0x69, 0x0B, 0xEB, 0x2A, 0x93, 0x14, 0xEB, 0x69, 0xA6,
    0x2C, 0x56, 0xBF, 0xA2, 0x5A, 0x71, 0x0E, 0xE1, 0x65, 0x7C, 0xCC, 0xD7, 0xAC, 0x3A, 0x53, 0xAB,
    0x57, 0x35, 0x78, 0xBC, 0xDD, 0x90, 0x59, 0x25, 0x5C, 0x57, 0x88, 0x50, 0xD5, 0x59, 0x89, 0x84,
    0x9A, 0xFC, 0xE0, 0x44, 0x2C, 0x39, 0xA3, 0x94, 0x54, 0xD7, 0x8C, 0xDA, 0xD0, 0x50, 0x2A, 0xC6,
    0x6D, 0xC0, 0x3E, 0x04, 0x22, 0x17, 0x2E, 0xB0, 0xB1, 0xC2, 0x91, 0xBA, 0x51, 0xA8, 0x8F, 0x71,
    0xA4, 0x07, 0x9E, 0xF4, 0x14, 0xAE, 0x5E, 0x5C, 0x24, 0x9A, 0xC5, 0xF9, 0x93, 0xDA, 0x86, 0xB0,
    0x8A, 0xCB, 0xA1, 0x1F, 0x16, 0xD8, 0x55, 0x2D, 0xBE, 0x31, 0xA3, 0xD8, 0xAC, 0xA5, 0xA0, 0xBC,
    0x99, 0x94, 0x00, 0x37, 0x48, 0xC8, 0x34, 0xDC, 0x2B, 0x84, 0xF1, 0xF2, 0x1A, 0x00, 0x40, 0x4E,
    0xEB, 0x9D, 0xE3, 0xAB, 0x24, 0x2C, 0xCB, 0xAA, 0x16, 0x9F, 0x78, 0xD7, 0x60, 0x4C, 0xC3, 0x6F,
    0xD9, 0x0B, 0xAC, 0x2B, 0xFB, 0x06, 0x63, 0x19, 0x10, 0xEB, 0xF2, 0x1E, 0xB3, 0xBB, 0x08, 0x69,
    0x8E, 0x0C, 0xCB, 0x40, 0x53, 0xA2, 0x45, 0x88, 0x5C, 0xDB, 0xFA, 0xAE, 0x83, 0xDB, 0x39, 0xFC,
    0x50, 0xB7, 0x8E, 0x86, 0x94, 0x6E, 0x4D, 0x10, 0x27, 0xDC, 0x94, 0xC7, 0x25, 0x55, 0x78, 0xC9,
    0x22, 0xDD, 0x5D, 0xF2, 0x02, 0x26, 0xA0, 0x7B, 0x71, 0x25, 0x60, 0xBE, 0x39, 0x4C, 0xA9, 0x2A,
    0x30, 0xDD, 0xC4, 0x42, 0xE3, 0x4E, 0x78, 0x15, 0xF7, 0x4E, 0x04, 0xA8, 0x9A, 0x13, 0x8A, 0xFC,
    0x16, 0x97, 0xCD, 0x75, 0x42, 0xDD, 0x04, 0xEC, 0xCB, 0xEA, 0x51, 0xF0, 0xB4, 0xDE, 0x5F, 0x2A,
    0x0A, 0x0D, 0x37, 0x6A, 0xB2, 0xAC, 0x17, 0xF5, 0xC9, 0x14, 0x3D, 0x79, 0xEC, 0x10, 0x4E, 0x93,
    0xDD, 0xAE, 0xB6, 0xEE, 0xE9, 0x14, 0x7E, 0xE9, 0x7D, 0x59, 0xD6, 0xAF, 0x6B, 0xD4, 0xF3, 0x4F,
    0xA0, 0xD6, 0x4F, 0x79, 0x01, 0xDA, 0x51, 0x21, 0xCC, 0x72, 0xB8, 0x86, 0x2C, 0x85, 0x67, 0x0B,
    0x2D, 0x41, 0x8F, 0xF8, 0x65, 0x1F, 0x76, 0xC6, 0x1E, 0xC1, 0x44, 0x3F, 0x88, 0xAC, 0x49, 0x79,
    0xF0, 0x75, 0xA6, 0xD6, 0x04, 0x4D, 0x56, 0x4E, 0x49, 0x9D, 0x00, 0x3F, 0x40, 0xAE, 0xA2, 0x94,
    0xB6, 0xFD, 0x22, 0x47, 0xF0, 0xBC, 0xB5, 0x41, 0xFE, 0xDF, 0x15, 0x76, 0x4F, 0x56, 0x21, 0xDB,
    0xAD, 0x9A, 0xBA, 0x94, 0x50, 0x2D, 0x19, 0x0F, 0xF6, 0xD6, 0x81, 0xE7, 0x95, 0x08, 0xEA, 0x9A,
    0xAF, 0x03, 0x4F, 0xE9, 0x85, 0xE3, 0xE1, 0x23, 0x6C, 0xAB, 0xD8, 0x21, 0x9F, 0xF4, 0x1C, 0x0D,
    0x6A, 0x27, 0x6D, 0xEA, 0x3D, 0x29, 0x96, 0x12, 0x64, 0x5F, 0x5A, 0x5F, 0xBB, 0xAB, 0xEB, 0xE3,
    0x30, 0x7F, 0x00, 0x76, 0xB3, 0x27, 0x9B, 0x89, 0x5E, 0xD5, 0xC9, 0xE9, 0xF0, 0x3B, 0x78, 0x47,
    0x1A, 0xB4, 0x9F, 0xED, 0xA6, 0x64, 0x90, 0x66, 0xD2, 0x5A, 0x27, 0xC2, 0x09, 0xA6, 0x16, 0xD7,
    0x6F, 0x5A, 0xF9, 0x82, 0x08, 0xB3, 0x5C, 0xD9, 0x34, 0xA6, 0xAA, 0x49, 0x79, 0x7C, 0x4E, 0x99,
    0x28, 0x25, 0x9F, 0xD9, 0x7E, 0xE8, 0x76, 0x42, 0x3A, 0xE9, 0xC5, 0x74, 0xCA, 0x8B, 0x68, 0x9E,
    0xBB, 0xE9, 0x13, 0xBA, 0x93, 0x42, 0xE1, 0xA3, 0x03, 0x84, 0xDD, 0xB5, 0x7F, 0x5A, 0x5A, 0x92,
    0x2E, 0x46, 0xA7, 0xE1, 0x5A, 0xAE, 0x65, 0x0B, 0x68, 0x3F, 0x68, 0x3D, 0x68, 0x3B, 0x68, 0x39,
    0x68, 0x37, 0x68, 0x35, 0x68, 0x33, 0x68, 0x31, 0xD2, 0x5E, 0x92, 0xD6, 0x82, 0x54, 0x8C, 0x56,
    0xC9, 0xB9, 0xBF, 0xC9, 0x41, 0xE2, 0x58, 0x24, 0x93, 0x22, 0x96, 0x92, 0xF9, 0x1C, 0xE2, 0xEE,
    0x54, 0x3C, 0x49, 0x3C, 0x3D, 0x70, 0x6C, 0xA2, 0xED, 0xC5, 0x14, 0xE4, 0xF4, 0x78, 0x77, 0x95,
    0xED, 0x14, 0xD1, 0x51, 0x02, 0x53, 0x24, 0xB7, 0xDB, 0x0F, 0x9A, 0x62, 0xB6, 0x08, 0x14, 0x6F,
    0x5B, 0xBA, 0x44, 0x23, 0x11, 0x9A, 0x80, 0xCD, 0xB6, 0xB8, 0x9A, 0x08, 0xCC, 0x23, 0x74, 0xEC,
    0x5A, 0x90, 0xA4, 0x6F, 0x47, 0x1C, 0x20, 0xA1, 0x79, 0xB2, 0x4D, 0x18, 0x45, 0xA3, 0x19, 0x85,
    0x43, 0x47, 0x11, 0xF6, 0x8C, 0x1E, 0x0B, 0xAA, 0xC8, 0x81, 0x2B, 0x78, 0x42, 0xA6, 0x01, 0x19,
    0x05, 0x64, 0x0E, 0xC8, 0xA8, 0xF5, 0x64, 0x02, 0xB0, 0x4D, 0x49, 0xC3, 0xC7, 0x36, 0x65, 0x0B,
    0x3D, 0x83, 0xF9, 0x82, 0xE9, 0xAB, 0x73, 0x6C, 0x61, 0x8C, 0x92, 0x96, 0x74, 0x80, 0xFE, 0x73,
    0x8C, 0xC2, 0xF4, 0x33, 0x15, 0xE9, 0xE1, 0x96, 0x07, 0x39, 0xF2, 0x58, 0xEF, 0x82, 0x1E, 0x28,
    0xFB, 0x6A, 0x27, 0x67, 0xD6, 0x8D, 0xC7, 0xD6, 0x5C, 0x57, 0x0F, 0x26, 0x13, 0x55, 0x32, 0xA6,
    0x64, 0xE8, 0xDE, 0xBD, 0xE3, 0xDA, 0x16, 0xE7, 0xFC, 0x31, 0xF8, 0x29, 0x06, 0x0D, 0xCA, 0x98,
    0xAA, 0x3F, 0x8C, 0x18, 0xFD, 0x5C, 0x95, 0xF2, 0xE9, 0x3B, 0x3C, 0xF1, 0x5B, 0x6C, 0xA2, 0xAF,
    0x5B, 0x8B, 0x31, 0x98, 0x2C, 0xC1, 0xE4, 0xC7, 0x01, 0xB6, 0x16, 0x11, 0xAB, 0x9F, 0x59, 0xA4,
    0xBC, 0xCD, 0xF7, 0xE6, 0x69, 0x2F, 0x5C, 0x77, 0x14, 0xE7, 0xEE, 0xC5, 0x6C, 0xB2, 0x1C, 0x3E,
    0x63, 0x6B, 0xD1, 0xDE, 0xCD, 0x75, 0x46, 0x67, 0xFA, 0xC9, 0xAC, 0xDA, 0x31, 0xBC, 0xE7, 0xD3,
    0x17, 0x5C, 0x15, 0xF4, 0x44, 0xD3, 0x3A, 0x1B, 0xF4, 0x0E, 0xE1, 0x67, 0xFE, 0x07, 0x43, 0x78,
    0xCA, 0xD4, 0x99, 0x49, 0x64, 0x03, 0x3F, 0x32, 0xCC, 0x7B, 0x99, 0x1A, 0x9B, 0x1D, 0xE0, 0xEB,
    0xE3, 0x5C, 0xAB, 0xE7, 0xB9, 0x1A, 0xE4, 0x73, 0xDB, 0x90, 0x8D, 0x41, 0xB2, 0x59, 0xD7, 0xCE,
    0xF9, 0x03, 0xF0, 0xEE, 0x63, 0x0B, 0xF0, 0x3B, 0x8B, 0xB4, 0xEA, 0xEE, 0x12, 0x3B, 0xB0, 0xAB,
    0xE5, 0x16, 0x91, 0x9B, 0x2B, 0x17, 0xEA, 0x93, 0x34, 0x9C, 0x1A, 0x99, 0xDF, 0xB3, 0xB4, 0x67,
    0x79, 0x70, 0x99, 0x23, 0xB4, 0xC4, 0xB1, 0xE9, 0xFD, 0x9B, 0x96, 0x3F, 0x2A, 0x9D, 0x9F, 0x5B,
    0x2F, 0x94, 0x9F, 0xF7, 0x6E, 0x60, 0x18, 0x44, 0x19, 0x45, 0xF3, 0xE5, 0x1A, 0x94, 0x82, 0xD7,
    0x56, 0x42, 0x07, 0x33, 0x89, 0x43, 0xEE, 0xC3, 0xC8, 0x01, 0x32, 0x9B, 0x0E, 0xA2, 0x32, 0x1E,
    0x4E, 0xBC, 0x4E, 0xB1, 0xA9, 0xD3, 0x39, 0xAA, 0x5D, 0xE2, 0x8A, 0xEB, 0x63, 0xB8, 0xCC, 0xA8,
    0x88, 0xAF, 0xED, 0x85, 0xB0, 0xEA, 0x1C, 0xFD, 0x4C, 0xB8, 0x8A, 0x8D, 0xAC, 0x1F, 0x4C, 0xAC,
    0x23, 0xE8, 0x11, 0xDF, 0xB0, 0xD9, 0x15, 0x6E, 0x9A, 0x7C, 0x19, 0x76, 0xD1, 0xC2, 0xBD, 0xBB,
    0x2F, 0xCE, 0x6E, 0x2A, 0x99, 0xAC, 0x64, 0xE8, 0x62, 0x43, 0xC6, 0xF5, 0x07, 0x93, 0xC1, 0xA6,
    0x7F, 0x2F, 0x48, 0x63, 0x28, 0xE6, 0x4B, 0xE8, 0xF0, 0xE7, 0x90, 0x66, 0x6B, 0xB0, 0x73, 0x91,
    0x4C, 0xD3, 0xD7, 0xE3, 0xC7, 0x64, 0x7B, 0xBB, 0x32, 0xD8, 0xCD, 0xB3, 0x59, 0xE6, 0x79, 0xB1,
    0xA4, 0xA7, 0x3B, 0x90, 0x67, 0x88, 0xFB, 0x42, 0xDA, 0x6A, 0x51, 0xDA, 0x55, 0xA1, 0xED, 0x5D,
    0x8E, 0x6C, 0x24, 0x6A, 0x9E, 0x01, 0xCE, 0xF2, 0xC4, 0x34, 0xCB, 0xB8, 0x8B, 0x1C, 0xD2, 0x02,
    0x67, 0x94, 0xA7, 0xFE, 0x21, 0xBB, 0x75, 0xD8, 0x4C, 0x53, 0x0D, 0xFC, 0xBA, 0xC3, 0x5A, 0xEA,
    0x3C, 0xD7, 0xEB, 0xCD, 0xC2, 0xC4, 0xE7, 0x5A, 0xFF, 0x9B, 0xAC, 0x9F, 0xD1, 0x67, 0x6F, 0x6F,
    0x8F, 0x7E, 0xA2, 0x99, 0x19, 0xC8, 0xB9, 0xB2, 0xA4, 0x7C, 0xBD, 0xF3, 0x6B, 0xE6, 0x48, 0xD7,
    0x6F, 0x58, 0x5A, 0x0E, 0x18, 0x29, 0xFE, 0x48, 0x37, 0xDA, 0x73, 0xAE, 0x2B, 0x9B, 0x9A, 0x42,
    0xD8, 0x0E, 0x0C, 0x7D, 0x82, 0xCC, 0xFA, 0xB6, 0xD6, 0xAA, 0x54, 0xD4, 0xC6, 0x0A, 0x76, 0x2A,
    0xB1, 0xF5, 0x8D, 0x52, 0x5F, 0x27, 0x16, 0xCF, 0x8B, 0x45, 0xA9, 0x2A, 0x85, 0x78, 0x7B, 0x2D,
    0x6E, 0xA1, 0x1F, 0x8C, 0x71, 0x1D, 0x58, 0x2D, 0x73, 0x1D, 0xB8, 0x50, 0x67, 0x28, 0x37, 0x11,
    0xF2, 0x1F, 0x91, 0xFD, 0x65, 0x88, 0x19, 0x88, 0x3C, 0xCE, 0x0D, 0xA3, 0x0E, 0x0C, 0xD2, 0xB3,
    0xFB, 0x41, 0xF2, 0x23, 0x8B, 0xF7, 0x99, 0x29, 0xF7, 0xA6, 0x84, 0xEE, 0xAB, 0xEA, 0x75, 0xD8,
    0x0C, 0x97, 0xC9, 0x0F, 0xC7, 0x6E, 0xE7, 0x27, 0x24, 0xFD, 0x7C, 0x98, 0xEC, 0x3D, 0x76, 0x71,
    0x1F, 0xE8, 0xEC, 0x8A, 0x93, 0x0D, 0x9B, 0xF9, 0x35, 0x9E, 0x8F, 0x5B, 0xE6, 0x3D, 0xD6, 0x92,
    0xBE, 0x16, 0xEE, 0xFE, 0xBE, 0xD6, 0x35, 0x42, 0xEB, 0x0D, 0xBA, 0xDF, 0x16, 0x45, 0x74, 0xB6,
    0x22, 0x5A, 0xDB, 0x02, 0x7A, 0xDB, 0x41, 0x33, 0xCB, 0x3A, 0x51, 0x16, 0xC6, 0x3C, 0x04, 0x92,
    0x45, 0x26, 0x06, 0x90, 0x45, 0xEE, 0x24, 0xE9, 0xD0, 0x0D, 0xB8, 0xC7, 0x4B, 0x38, 0xB5, 0x10,
    0xB6, 0x84, 0x3E, 0xF3, 0x33, 0x00, 0x3F, 0x81, 0xE2, 0x2E, 0xFD, 0x0B, 0x3D, 0x4F, 0xB1, 0x6D,
    0xC3, 0x40, 0x0C, 0x3C, 0x49, 0x86, 0xBF, 0x78, 0x20, 0xF2, 0x02, 0xB2, 0x9A, 0x14, 0x2E, 0x0C,
    0x68, 0x01, 0xC3, 0xE4, 0x3C, 0xDE, 0xC1, 0x90, 0xC6, 0x09, 0x52, 0xA5, 0x48, 0x91, 0xCE, 0xEF,
    0x0D, 0x98, 0x4C, 0xA0, 0x6C, 0xF0, 0x85, 0x0A, 0x35, 0x32, 0xCD, 0x7F, 0xC3, 0x3E, 0xF0, 0x89,
    0xFB, 0x03, 0x79, 0x24, 0x4F, 0x9F, 0xB8, 0x28, 0x5B, 0x90, 0xAA, 0xC6, 0x9C, 0x90, 0x90, 0x58,
    0xC2, 0xF4, 0x24, 0x33, 0x5E, 0x78, 0x2F, 0xA3, 0xE7, 0x06, 0x07, 0x1C, 0x41, 0x81, 0xC6, 0x4E,
    0xD6, 0xBC, 0x4D, 0x4C, 0x3A, 0x71, 0x52, 0x05, 0x37, 0xB4, 0x98, 0xC1, 0x58, 0x81, 0x06, 0x12,
    0x92, 0xDA, 0xB4, 0x2A, 0x78, 0x9C, 0x31, 0xE6, 0xEE, 0x62, 0x28, 0x63, 0x1D, 0x3C, 0x1F, 0xD0,
    0xE0, 0xCB, 0x5C, 0x22, 0x8E, 0xC5, 0x04, 0xBA, 0x2A, 0xE8, 0x5F, 0xD1, 0x89, 0x62, 0xCD, 0x3B,
    0x6C, 0xF1, 0x63, 0xDA, 0x0D, 0xF4, 0xF7, 0xD0, 0x9C, 0x74, 0xA8, 0xC2, 0x1B, 0xDC, 0xB0, 0x47,
    0x8B, 0x6F, 0xCC, 0x4E, 0xC0, 0x05, 0x6C, 0xCA, 0xC6, 0xE6, 0x2C, 0xB9, 0x8E, 0x7E, 0x15, 0xB5,
    0xF4, 0x56, 0xD7, 0xDA, 0x6B, 0xE0, 0xCD, 0xFD, 0x5C, 0x46, 0x8C, 0x8E, 0xF3, 0xE2, 0xC5, 0x07,
    0xDA, 0x74, 0x69, 0x20, 0x95, 0xFE, 0x19, 0xF6, 0x35, 0xD1, 0x2D, 0xE6, 0x64, 0x4B, 0x6F, 0x88,
    0x5D, 0xC4, 0xAD, 0x0F, 0xF5, 0x04, 0xED, 0x83, 0xB7, 0x9C, 0x95, 0xE5, 0x71, 0xFA, 0x1D, 0xC5,
    0x57, 0x3F, 0x6C, 0xDC, 0x54, 0x18, 0xFF, 0xEC, 0x6B, 0xCF, 0x6D, 0xDC, 0x70, 0x19, 0x82, 0x54,
    0xD4, 0x14, 0x57, 0x74, 0x39, 0xA2, 0x52, 0x67, 0xE8, 0x90, 0xE1, 0x12, 0x9B, 0x0A, 0xB1, 0x30,
    0xD0, 0x01, 0x21, 0x21, 0x81, 0x94, 0x81, 0x01, 0x10, 0x90, 0x0C, 0x1D, 0x3A, 0xB4, 0xF5, 0xA9,
    0x03, 0x03, 0x03, 0x04, 0x04, 0x0B, 0x0B, 0x19, 0xBA, 0x70, 0x0C, 0xDC, 0x90, 0x21, 0x48, 0x69,
    0x6C, 0x16, 0xE6, 0xEB, 0x80, 0x58, 0x2D, 0xD1, 0x8A, 0xD2, 0x81, 0x1A, 0x64, 0xD0, 0xA5, 0xBA,
    0xDC, 0xE3, 0xF7, 0xFB, 0x9E, 0xEF, 0x7A, 0x8D, 0x84, 0xD4, 0x4A, 0x29, 0x44, 0xF1, 0xE7, 0x67,
    0xFB, 0xBD, 0xEF, 0xF7, 0xFB, 0xFE, 0xBC, 0xEF, 0x7D, 0x27, 0x82, 0xBF, 0x98, 0xC2, 0xCD, 0x28,
    0x6B, 0x3D, 0x4A, 0x2F, 0x9F, 0xE1, 0x38, 0x5F, 0xE3, 0xFB, 0xA2, 0x0B, 0xE9, 0xA8, 0x14, 0x2B,
    0xBB, 0xDB, 0x7C, 0x93, 0x27, 0x58, 0x97, 0x64, 0xE1, 0xFD, 0x4E, 0x6A, 0x62, 0xDF, 0x18, 0x73,
    0x4B, 0xE4, 0x3B, 0x8A, 0x87, 0xFF, 0xB2, 0x4D, 0xAA, 0xFA, 0x63, 0x40, 0x59, 0x70, 0x2C, 0x9F,
    0xEA, 0xFB, 0xB0, 0x4D, 0x39, 0x35, 0x9E, 0x37, 0x63, 0x6F, 0x6B, 0xF6, 0xD6, 0x9D, 0xB8, 0x5D,
    0xB4, 0xB7, 0x42, 0x08, 0xEB, 0xE6, 0x42, 0xDC, 0xD5, 0x42, 0x00, 0x0C, 0xD0, 0x75, 0x45, 0x8E,
    0x0A, 0x85, 0xAE, 0x17, 0xFB, 0xD1, 0x17, 0x5E, 0xD0, 0xDB, 0x20, 0xB1, 0x37, 0xFB, 0x74, 0x5A,
    0x4D, 0x15, 0x3F, 0xD7, 0x9B, 0xDB, 0xDE, 0xB7, 0x66, 0x03, 0xD6, 0xC2, 0x6C, 0x71, 0x4A, 0x91,
    0xBE, 0xC8, 0x96, 0xC8, 0x25, 0x91, 0x45, 0x91, 0xCD, 0xF9, 0xB4, 0x48, 0x4C, 0x3B, 0xB9, 0xFE,
    0xC0, 0x34, 0xD8, 0x55, 0x83, 0x4F, 0x3E, 0x51, 0x73, 0x2A, 0x5B, 0x66, 0x95, 0x32, 0xF9, 0x8A,
    0xDB, 0xA3, 0x2F, 0x65, 0x3E, 0x1D, 0xAE, 0x27, 0xC3, 0x24, 0x4F, 0xD6, 0x2B, 0x48, 0x65, 0xD6,
    0x02, 0x9F, 0x1D, 0x20, 0xE0, 0x7E, 0x1A, 0x14, 0x1A, 0x98, 0x5B, 0xD3, 0x48, 0x48, 0x9D, 0x08,
    0x11, 0x5D, 0x99, 0x1A, 0x73, 0xFB, 0xC2, 0x66, 0xDD, 0x98, 0x9C, 0xE3, 0x4C, 0x3C, 0xF3, 0x25,
    0xA0, 0xE8, 0xE3, 0x1D, 0x86, 0xA0, 0xA4, 0x53, 0x69, 0x8C, 0xCF, 0x65, 0xD3, 0x4E, 0xBB, 0x90,
    0x39, 0xEF, 0x97, 0x52, 0x9A, 0x5E, 0x2F, 0x97, 0xA6, 0xF3, 0x96, 0x48, 0x53, 0x22, 0x91, 0x39,
    0x39, 0x29, 0xF2, 0x14, 0xA7, 0x34, 0x68, 0x6B, 0x6D, 0x37, 0x7E, 0xBD, 0x74, 0x0C, 0x95, 0x86,
    0x66, 0x0F, 0x6A, 0xDE, 0x8D, 0xE5, 0x44, 0x9F, 0x9F, 0x13, 0xC3, 0xF0, 0xA7, 0x66, 0x08, 0x1E,
    0x1B, 0x16, 0x15, 0x3C, 0xF0, 0x0E, 0xB3, 0x49, 0x71, 0x97, 0x9F, 0xAF, 0xC6, 0x5D, 0x85, 0x5E,
    0x54, 0xEC, 0xF0, 0x6E, 0x0C, 0x70, 0xDF, 0x64, 0xC7, 0x8E, 0x7A, 0xED, 0x34, 0x9B, 0x0B, 0x5F,
    0x05, 0x9F, 0x66, 0xE8, 0x41, 0x43, 0xF3, 0x08, 0xE3, 0x76, 0xC6, 0xA1, 0xEA, 0x93, 0x1A, 0xC3,
    0x86, 0xDA, 0xE7, 0xFD, 0xE5, 0xAC, 0x66, 0xE2, 0x1A, 0x33, 0x54, 0x48, 0x82, 0x1C, 0xFE, 0x82,
    0x1F, 0x0E, 0xAB, 0xF5, 0x29, 0xAD, 0x72, 0xF4, 0xA3, 0xBB, 0x9B, 0x12, 0x3C, 0xF6, 0x95, 0x9D,
    0x63, 0x6E, 0x8B, 0x12, 0x02, 0x15, 0x27, 0x35, 0x18, 0xAE, 0xE2, 0xFD, 0x3C, 0xB2, 0x8F, 0x6A,
    0xB8, 0x2A, 0xD9, 0x9D, 0x8C, 0x23, 0x08, 0x31, 0xCF, 0x48, 0x48, 0x94, 0x90, 0x28, 0x21, 0x51,
    0x42, 0xE3, 0x14, 0xDB, 0x8F, 0x6B, 0x2C, 0x6E, 0xAE, 0xB8, 0x7B, 0x16, 0xF7, 0x3E, 0x17, 0x87,
    0x8A, 0x6B, 0xEE, 0x11, 0xF7, 0xEF, 0x9E, 0xE2, 0x0E, 0xBF, 0x21, 0x6E, 0x64, 0x88, 0x5B, 0x1F,
    0x3E, 0x36, 0xAE, 0x54, 0xE1, 0xF3, 0x61, 0xE4, 0x73, 0x6F, 0x22, 0xD3, 0x90, 0xA5, 0x83, 0x25,
    0xA4, 0xC6, 0xA1, 0x89, 0x09, 0x5D, 0x9B, 0x4A, 0xCC, 0x44, 0xE1, 0x26, 0xBA, 0x81, 0x6B, 0x99,
    0x9A, 0xE9, 0x4F, 0x7A, 0x93, 0x4A, 0xAA, 0x14, 0x60, 0x8C, 0x99, 0xE2, 0xD8, 0x28, 0x5E, 0x89,
    0x38, 0xE6, 0x4A, 0xDA, 0xBD, 0x73, 0x60, 0x58, 0xD0, 0x54, 0xC3, 0x07, 0xFF, 0xB2, 0x7D, 0xFE,
    0x17, 0x2C, 0xAA, 0x9C, 0xAE, 0xAE, 0x29, 0x4C, 0xF7, 0xBE, 0x12, 0xF9, 0xF0, 0x03, 0xA8, 0xE9,
    0x1F, 0xBC, 0x5D, 0x07, 0x83, 0xF5, 0x68, 0x76, 0xF1, 0x4F, 0x8B, 0x45, 0xD0, 0xD3, 0xB4, 0xD0,
    0x00, 0x6B, 0x9E, 0xEA, 0xBE, 0x09, 0x34, 0xFB, 0x12, 0x9D, 0xB1, 0xA5, 0x93, 0xBF, 0xB7, 0x89,
    0xA5, 0x35, 0x35, 0x1A, 0xD8, 0x87, 0x78, 0xAC, 0x00, 0xF5, 0x50, 0x5F, 0x6D, 0xCB, 0x0A, 0xE4,
    0x92, 0xB2, 0xB4, 0xFB, 0x64, 0x9A, 0xEB, 0x9D, 0x81, 0x44, 0x77, 0x3B, 0xA6, 0x90, 0xC0, 0x70,
    0xF7, 0x21, 0xE3, 0x47, 0x85, 0xE7, 0x94, 0xAD, 0x12, 0xD6, 0xC2, 0x54, 0x95, 0xF8, 0x46, 0x61,
    0xD3, 0xBE, 0x7D, 0x50, 0x90, 0xC8, 0x16, 0x9B, 0x1B, 0x32, 0xC1, 0x45, 0xA2, 0x9E, 0xAD, 0x7D,
    0x96, 0x4D, 0x45, 0xA7, 0xE2, 0x33, 0x22, 0x44, 0xDB, 0x49, 0xA9, 0xC5, 0x5A, 0x48, 0x4E, 0x15,
    0x29, 0x65, 0x05, 0xDD, 0xA4, 0x65, 0xEE, 0x2B, 0xAF, 0x6B, 0xC6, 0x12, 0x5B, 0xE5, 0x32, 0xAC,
    0xF1, 0x0A, 0x65, 0x44, 0x3A, 0xD8, 0x4F, 0x3E, 0x9C, 0x13, 0xE4, 0xB4, 0xCD, 0xFA, 0x3B, 0xC2,
    0x16, 0x0B, 0x74, 0xD7, 0x67, 0x76, 0xAA, 0x46, 0x63, 0xB9, 0x8A, 0x82, 0x6F, 0xA3, 0xEE, 0xEC,
    0x60, 0x6F, 0x0D, 0xB4, 0x30, 0x24, 0xBF, 0x29, 0x9D, 0xE3, 0xF4, 0x36, 0xB7, 0x62, 0x88, 0xE9,
    0x75, 0x16, 0x8C, 0x04, 0x4F, 0x1E, 0x4D, 0x0E, 0x68, 0xF0, 0x72, 0x3C, 0x12, 0x81, 0x56, 0x44,
    0xDD, 0x89, 0x84, 0xB0, 0x18, 0x0A, 0xA2, 0x28, 0x0A, 0x63, 0x8B, 0x25, 0xD3, 0xCB, 0x49, 0xDB,
    0xDC, 0xC6, 0xC3, 0x18, 0x58, 0x26, 0x03, 0xD8, 0x89, 0xEC, 0xC1, 0x81, 0xA0, 0xE7, 0x93, 0xAB,
    0xAA, 0xC2, 0x1E, 0xC6, 0xDE, 0x1E, 0x9D, 0x14, 0x7D, 0x86, 0xA8, 0xBB, 0x7D, 0x46, 0xDD, 0xBD,
    0xF6, 0xDF, 0x46, 0x7D, 0xC5, 0x06, 0xCE, 0xAE, 0x4E, 0x15, 0xCF, 0x2F, 0x35, 0x15, 0xD2, 0x97,
    0xFB, 0xFA, 0xA0, 0xA9, 0x70, 0xF5, 0x15, 0x4D, 0x85, 0x95, 0xFF, 0x37, 0x15, 0xD6, 0xF5, 0x78,
    0x75, 0xA0, 0x33, 0x28, 0x57, 0x9C, 0xA1, 0x57, 0x04, 0x79, 0x5A, 0x0C, 0x91, 0x16, 0x1B, 0x07,
    0x97, 0x16, 0x4D, 0x06, 0x88, 0x56, 0x86, 0xD0, 0x55, 0xDF, 0x43, 0x96, 0x24, 0x37, 0xF7, 0xC4,
    0xEB, 0x23, 0x4B, 0xC2, 0x8F, 0x30, 0xAD, 0xF9, 0x24, 0xB3, 0x04, 0xFD, 0x41, 0xA3, 0x2B, 0xC7,
    0x50, 0x9B, 0x5E, 0x63, 0x9D, 0x08, 0xDA, 0xAC, 0x44, 0x0E, 0x9B, 0x26, 0x56, 0x12, 0xD7, 0x88,
    0x97, 0xB4, 0xA7, 0x1B, 0xD9, 0x22, 0x9A, 0x28, 0x76, 0x50, 0xF8, 0xCF, 0x37, 0xDD, 0x5E, 0x92,
    0x66, 0x91, 0x11, 0xBF, 0xAA, 0x4D, 0x57, 0xB0, 0xE2, 0x77, 0x9B, 0x6F, 0xEE, 0x4F, 0x78, 0xC6,
    0xD1, 0x53, 0xBB, 0xA5, 0x5A, 0xB4, 0x0B, 0x61, 0xAF, 0xC3, 0xF6, 0x81, 0xD1, 0x73, 0x60, 0x8F,
    0x7F, 0x33, 0x97, 0xB3, 0xA8, 0x63, 0xE7, 0x70, 0x5D, 0xC4, 0x95, 0xAE, 0x77, 0x71, 0xF6, 0x70,
    0xB3, 0x25, 0xEB, 0xF2, 0x46, 0x58, 0x4D, 0xB6, 0x7F, 0x67, 0xC6, 0xC6, 0x44, 0x6C, 0x2B, 0x20,
    0xBC, 0x36, 0xDC, 0x3D, 0xBB, 0x00, 0xD1, 0xDA, 0xC2, 0x87, 0xE6, 0xA9, 0xB3, 0xFC, 0xFA, 0x2C,
    0x5B, 0xBE, 0x80, 0x15, 0xB6, 0xC1, 0xB0, 0x36, 0x18, 0x36, 0x9A, 0xBF, 0x02, 0xF3, 0xEB, 0x6D,
    0x1C, 0x5E, 0xB3, 0xB6, 0x29, 0xB1, 0x42, 0xBB, 0x87, 0x76, 0xD4, 0xE9, 0x18, 0x38, 0x03, 0x27,
    0x65, 0x68, 0xCC, 0x9D, 0x89, 0x32, 0x3B, 0xA7, 0xB2, 0xA5, 0xF2, 0xB2, 0x06, 0xA8, 0xA5, 0xCF,
    0x94, 0xE7, 0x63, 0xC8, 0xDA, 0xCF, 0x19, 0xA4, 0xF3, 0x43, 0x35, 0x87, 0xF2, 0xAC, 0xCA, 0x0D,
    0x25, 0xDC, 0x53, 0x99, 0xA8, 0x74, 0xA1, 0x6D, 0x46, 0xDE, 0x81, 0xEC, 0x22, 0x99, 0x46, 0x1B,
    0xC4, 0xCA, 0x6D, 0x25, 0x8E, 0xD4, 0x4B, 0xCD, 0x1D, 0x66, 0xDE, 0xAF, 0x03, 0x4D, 0xBC, 0xED,
    0x23, 0x8C, 0x2D, 0xCF, 0xF3, 0xAE, 0xAC, 0xCC, 0x16, 0x5E, 0xD1, 0xBA, 0x90, 0x16, 0xCD, 0x03,
    0x2C, 0x45, 0x4E, 0x3C, 0xEA, 0xB7, 0x9C, 0xF7, 0x51, 0x94, 0xEA, 0x4B, 0x28, 0x4A, 0x8D, 0x97,
    0x90, 0x6E, 0x53, 0x4F, 0xBC, 0x28, 0x1D, 0x1A, 0x15, 0x19, 0x3D, 0x75, 0x3C, 0x36, 0x62, 0xDA,
    0xCB, 0x69, 0x10, 0x17, 0xC7, 0x6D, 0x85, 0xC6, 0xBF, 0xE4, 0x09, 0x91, 0x5E, 0x47, 0x2B, 0x8D,
    0x56, 0xA9, 0x8B, 0xF4, 0xE8, 0xE1, 0xDB, 0xD3, 0x14, 0x0E, 0x9B, 0x71, 0xBF, 0xBD, 0x4D, 0x27,
    0x47, 0x31, 0x7A, 0x3E, 0x04, 0xB0, 0x87, 0x09, 0xAC, 0xAD, 0x9D, 0x78, 0x22, 0x92, 0x51, 0xA7,
    0xBD, 0xA0, 0xAD, 0x1F, 0xDA, 0xF1, 0xE8, 0x1E, 0x97, 0x62, 0x37, 0x77, 0xB5, 0x0A, 0x77, 0xD5,
    0xF9, 0x9B, 0x7A, 0x2A, 0x5F, 0xD1, 0x02, 0x11, 0xAD, 0x3B, 0xAB, 0xB6, 0x5E, 0xC5, 0xB0, 0x5F,
    0x7F, 0x01, 0xBC, 0x77, 0xFD, 0x31, 0x9B, 0xE9, 0x19, 0x27, 0x2B, 0xBD, 0x3F, 0x07, 0x7E, 0x5E,
    0x3A, 0xD9, 0xCC, 0x23, 0xB7, 0xD1, 0x98, 0xB9, 0xB1, 0x84, 0x1A, 0x60, 0xC4, 0x2D, 0x2F, 0xDB,
    0x0A, 0xF5, 0x70, 0x36, 0x1E, 0xB7, 0x93, 0xDC, 0xD2, 0xBA, 0x2B, 0xA8, 0xCE, 0xFC, 0xB0, 0x72,
    0xFD, 0xB2, 0xD8, 0x84, 0x58, 0xAA, 0x92, 0xB1, 0x25, 0x47, 0x70, 0x85, 0x60, 0x9C, 0x7C, 0x8D,
    0x73, 0x7F, 0x8A, 0x7E, 0x3F, 0x57, 0x39, 0xB8, 0x35, 0x31, 0x77, 0xB4, 0x36, 0xAA, 0x74, 0x05,
    0x55, 0x6B, 0x5D, 0x23, 0xAF, 0xB7, 0xAB, 0x70, 0x9D, 0x19, 0x85, 0x6D, 0xA1, 0x3A, 0xB2, 0x69,
    0x51, 0x18, 0xDB, 0xDF, 0x58, 0xF0, 0x88, 0x6D, 0xDF, 0x47, 0x57, 0xBF, 0xBA, 0x78, 0x84, 0x5C,
    0x9A, 0x80, 0x9C, 0x8D, 0x0B, 0x81, 0x63, 0x24, 0xF8, 0xBC, 0x8F, 0xE7, 0x0D, 0xFD, 0xB6, 0x55,
    0x5D, 0xA3, 0x35, 0x13, 0x7A, 0x40, 0x5D, 0x59, 0xA0, 0x1E, 0xC9, 0xF3, 0xD5, 0xAF, 0xAA, 0xB5,
    0x07, 0xBF, 0xAE, 0x64, 0x14, 0x64, 0xA7, 0xBD, 0x7F, 0x20, 0xE3, 0xC1, 0x38, 0x11, 0x8E, 0x8E,
    0x06, 0x1F, 0x57, 0xF7, 0xD9, 0x1F, 0x61, 0x0C, 0x19, 0x3C, 0xB3, 0x57, 0xFD, 0x1C, 0x43, 0x47,
    0x5F, 0x8C, 0x8E, 0x95, 0x52, 0x7F, 0x94, 0xE8, 0x60, 0xDB, 0xB6, 0x29, 0xA5, 0x96, 0x01, 0xCC,
    0xD8, 0xE4, 0x20, 0x07, 0xB9, 0x2D, 0x0C, 0xC0, 0xAF, 0x80, 0x96, 0xF1, 0xA0, 0xC5, 0x8D, 0x59,
    0xC0, 0xE2, 0x96, 0x98, 0x6A, 0xE0, 0xDD, 0x66, 0xBA, 0xA1, 0x72, 0x04, 0x2F, 0x56, 0x83, 0x45,
    0x7C, 0x58, 0xE3, 0x60, 0x6D, 0x34, 0xD8, 0xC1, 0x60, 0x01, 0x5E, 0x6E, 0x25, 0x43, 0xD6, 0x44,
    0x0C, 0x02, 0xD3, 0xC5, 0x00, 0x55, 0xC7, 0xD9, 0x49, 0xBE, 0x35, 0x9D, 0x92, 0x0E, 0x44, 0x86,
    0xA3, 0x44, 0xB6, 0xB8, 0x33, 0xCF, 0x63, 0x6F, 0x2E, 0xFE, 0x03, 0xD5, 0x5A, 0x4D, 0x6C, 0xDC,
    0xC6, 0x15, 0x7E, 0x43, 0xCA, 0x22, 0x62, 0x5A, 0xA2, 0x5A, 0x38, 0x40, 0x0A, 0xCB, 0xA6, 0x0F,
    0x46, 0xA1, 0x58, 0x3F, 0x34, 0x0A, 0x03, 0x55, 0x8A, 0x95, 0xC8, 0x20, 0x40, 0xD2, 0x43, 0x81,
    0xB8, 0x40, 0x11, 0x20, 0xE8, 0xA1, 0xB9, 0x35, 0x8D, 0x81, 0x4A, 0x07, 0x1F, 0x9C, 0x60, 0x65,
    0x32, 0x28, 0x7A, 0x69, 0x02, 0x74, 0x03, 0x24, 0xA7, 0x5E, 0xF6, 0xE0, 0x02, 0xAD, 0x7C, 0xC8,
    0x1E, 0x1C, 0xC0, 0x46, 0x65, 0x93, 0xAD, 0x81, 0xE6, 0xD0, 0x0B, 0x93, 0x1E, 0x7A, 0xC8, 0x21,
    0x2C, 0x6A, 0x37, 0x4E, 0xD2, 0xC2, 0x3C, 0xD0, 0xC1, 0x4A, 0xDE, 0xE5, 0xF4, 0xBD, 0x37, 0x43,
    0x6A, 0x57, 0x91, 0x55, 0xFF, 0xC8, 0x3F, 0x21, 0x77, 0x87, 0xBB, 0x24, 0x67, 0xDE, 0x37, 0xEF,
    0xBD, 0x79, 0x3F, 0x33, 0x03, 0x23, 0xB0, 0xE6, 0x65, 0xAF, 0xEF, 0x15, 0x3D, 0xAF, 0x35, 0x0F,
    0x78, 0xEC, 0x01, 0xB8, 0x04, 0x6E, 0x06, 0x0B, 0x36, 0x08, 0xFC, 0x91, 0xC2, 0x14, 0x6C, 0x73,
    0x1C, 0x5D, 0x85, 0x50, 0x06, 0xF8, 0x81, 0x09, 0x80, 0x35, 0x80, 0xB7, 0x61, 0xFF, 0x7F, 0x60,
    0x2D, 0x84, 0xB1, 0x0C, 0x9C, 0x80, 0x5E, 0x38, 0x0C, 0xB0, 0x0C, 0xD0, 0xA9, 0x3E, 0xE7, 0xF9,
    0x2D, 0x3F, 0x98, 0xF0, 0x64, 0x61, 0xCB, 0x42, 0x5C, 0x0E, 0x60, 0x8F, 0xB8, 0xE0, 0xFD, 0xFA,
    0xC8, 0x9A, 0xDB, 0x3A, 0x42, 0xEF, 0x3F, 0x21, 0xBA, 0x5E, 0x74, 0x4A, 0xB7, 0x6E, 0x31, 0x86,
    0x14, 0x9E, 0xDE, 0x81, 0x6E, 0xCB, 0xE8, 0x98, 0x47, 0xCC, 0xF3, 0xD0, 0xB3, 0xA2, 0x05, 0x7A,
    0x72, 0x02, 0x8C, 0x0E, 0x98, 0x47, 0xC0, 0xEC, 0x02, 0xF4, 0xC0, 0x4A, 0x60, 0x71, 0x87, 0xCA,
    0x03, 0xF4, 0x06, 0x6F, 0xDE, 0x8E, 0xFC, 0x3E, 0xF1, 0xA3, 0xEF, 0xBD, 0xFD, 0xFD, 0xEE, 0x9C,
    0xFE, 0xFB, 0x04, 0xC0, 0x6F, 0x60, 0xFF, 0x5F, 0xE1, 0xE9, 0x1E, 0x38, 0x3B, 0x32, 0xC7, 0x0E,
    0xBC, 0xE4, 0x58, 0xEB, 0x78, 0xEA, 0x25, 0x7B, 0x40, 0x64, 0x60, 0xAE, 0xC1, 0xE8, 0x3E, 0xB0,
    0x26, 0x19, 0xE3, 0x89, 0xED, 0x71, 0x21, 0x93, 0x12, 0x00, 0x89, 0x2F, 0x67, 0x6D, 0x04, 0x72,
    0x02, 0xF6, 0xE2, 0x2D, 0x1B, 0x9F, 0x58, 0xD7, 0xE2, 0xC4, 0x90, 0x32, 0x71, 0xE5, 0x17, 0xB0,
    0xD8, 0x52, 0x15, 0x45, 0x00, 0x8E, 0x2C, 0x9E, 0x89, 0x23, 0xDD, 0x50, 0x03, 0x60, 0x05, 0xE0,
    0x0C, 0x40, 0x08, 0xD0, 0xE4, 0xBF, 0xB7, 0xFB, 0xCC, 0x6C, 0xFF, 0x11, 0xC1, 0xC4, 0x50, 0x83,
    0x93, 0xDC, 0x4E, 0xF3, 0xF6, 0xAD, 0xD5, 0x75, 0x27, 0xAB, 0xCF, 0x3E, 0x80, 0x31, 0x00, 0xE7,
    0x3A, 0x58, 0x3D, 0x96, 0xB9, 0x1B, 0xFC, 0x20, 0x6A, 0xC3, 0x07, 0xC8, 0x89, 0x4B, 0x40, 0x1D,
    0x74, 0xF0, 0x8E, 0x1B, 0xB9, 0x89, 0x8B, 0xBF, 0xB6, 0x9E, 0xF6, 0x96, 0x93, 0x6A, 0xBF, 0xC1,
    0xB5, 0xFD, 0xE4, 0x22, 0xD7, 0xB6, 0xC0, 0xE5, 0x73, 0xBB, 0x7A, 0x16, 0x9F, 0x26, 0x98, 0x81,
    0xB9, 0x21, 0x24, 0x78, 0xDC, 0x03, 0x1B, 0xB9, 0x39, 0x87, 0xDF, 0x63, 0xF8, 0xFB, 0x19, 0xE4,
    0x39, 0x6A, 0x36, 0x6B, 0xC6, 0xB7, 0x40, 0xFD, 0x0E, 0x51, 0x14, 0x1B, 0x7D, 0x10, 0xA9, 0x0F,
    0x46, 0xE4, 0x04, 0x66, 0x60, 0x45, 0x58, 0x3F, 0x32, 0x53, 0x93, 0xB9, 0x0D, 0xB2, 0x4C, 0xC0,
    0xFB, 0x17, 0xF2, 0xC3, 0x0A, 0x80, 0xA5, 0x8D, 0x95, 0x45, 0x0F, 0x62, 0x99, 0x83, 0x87, 0x8F,
    0xC5, 0x45, 0x4D, 0xC3, 0x4B, 0x01, 0x8E, 0x07, 0xAC, 0xF4, 0xE0, 0xE5, 0xF8, 0xC5, 0xB6, 0x4F,
    0xE3, 0xEF, 0xD1, 0x40, 0xFD, 0x0F, 0x91, 0x1B, 0x37, 0x2F, 0x83, 0x48, 0x3C, 0x30, 0x2B, 0x3A,
    0x91, 0x99, 0x98, 0x99, 0x81, 0x74, 0xCE, 0x5D, 0xC7, 0x06, 0x7B, 0x30, 0x8A, 0xDF, 0x9D, 0xE8,
    0xDC, 0x25, 0xEF, 0xEC, 0x64, 0x2E, 0x3D, 0x8E, 0x9D, 0x76, 0xB2, 0xC5, 0x60, 0x82, 0x85, 0xD9,
    0xE4, 0xB3, 0x31, 0x74, 0xCE, 0xF0, 0x39, 0xC9, 0xE7, 0x3E, 0x14, 0x9D, 0x73, 0x1D, 0x05, 0x87,
    0x72, 0xB3, 0xD2, 0x43, 0xED, 0x29, 0x98, 0x3D, 0xE1, 0xE4, 0x73, 0x5C, 0x1B, 0x46, 0xA8, 0x08,
    0x91, 0x13, 0x02, 0x95, 0x30, 0xB0, 0xD6, 0xD3, 0x37, 0x22, 0x27, 0x82, 0x36, 0xE0, 0xA8, 0xF8,
    0x20, 0x98, 0x27, 0xBD, 0xC5, 0x71, 0x7E, 0x11, 0xB0, 0xDF, 0x01, 0x14, 0x64, 0x00, 0xE2, 0xB3,
    0xC8, 0x0D, 0x5F, 0x46, 0x1D, 0xB0, 0x65, 0x8A, 0xCF, 0x9E, 0xA4, 0x42, 0x24, 0x68, 0x0A, 0xEC,
    0x68, 0x8D, 0x74, 0xD4, 0x0F, 0x0E, 0x74, 0xB1, 0x77, 0x32, 0xC5, 0x17, 0xFA, 0xD8, 0xF8, 0x6A,
    0x3D, 0x06, 0x5D, 0xFE, 0xF5, 0x06, 0xAB, 0x61, 0x9B, 0xEF, 0x7C, 0x10, 0x54, 0x63, 0x83, 0x88,
    0xD0, 0x81, 0x37, 0xFC, 0xD5, 0x08, 0xE5, 0xEA, 0xCB, 0x14, 0xB9, 0xEE, 0xDF, 0xA0, 0xE6, 0xED,
    0x8C, 0xAC, 0x8D, 0xE8, 0x53, 0x09, 0x87, 0xC8, 0xEC, 0xC0, 0x38, 0x8D, 0x09, 0xEC, 0x91, 0xDF,
    0x12, 0x4B, 0x39, 0xB8, 0x52, 0xE2, 0x38, 0xB3, 0xA4, 0xBC, 0x8A, 0x37, 0x5F, 0x3B, 0xAB, 0xE9,
    0xAD, 0x81, 0xF1, 0x5F, 0xD4, 0x1B, 0x30, 0xDF, 0x03, 0x28, 0xC1, 0xBC, 0x0A, 0x42, 0xDD, 0x47,
    0x4D, 0xC6, 0xEE, 0xF9, 0x40, 0xCA, 0xE4, 0x02, 0x99, 0x36, 0x1C, 0x8A, 0x28, 0xA1, 0x03, 0x30,
    0x5D, 0x92, 0xEA, 0x9C, 0x51, 0x88, 0x51, 0x56, 0xB7, 0xB0, 0x67, 0x00, 0xD7, 0xB0, 0x5B, 0x81,
    0x28, 0x18, 0x1C, 0x1E, 0x06, 0x90, 0x20, 0xC6, 0x79, 0xA4, 0x5C, 0x82, 0x69, 0x79, 0x3D, 0xFC,
    0xA4, 0x7F, 0x06, 0x7F, 0x35, 0x56, 0xCE, 0x84, 0xCD, 0x46, 0x75, 0xCC, 0xE8, 0xE3, 0x6E, 0x25,
    0x04, 0x9A, 0x8C, 0xC1, 0x4C, 0x31, 0x53, 0x36, 0x5D, 0x19, 0xC9, 0xCA, 0xCC, 0x48, 0x0D, 0x8D,
    0x9C, 0x98, 0x20, 0xB8, 0x04, 0x55, 0x76, 0xA8, 0x9A, 0xC8, 0x42, 0xAC, 0x17, 0x26, 0xDE, 0xC6,
    0x6A, 0x8C, 0x36, 0x4A, 0x32, 0x2F, 0xDE, 0x67, 0x86, 0x0C, 0x1D, 0x2C, 0x70, 0x64, 0x62, 0x25,
    0x77, 0x66, 0x84, 0x62, 0x8A, 0x3E, 0x26, 0xD4, 0x65, 0x59, 0x5D, 0x3A, 0x03, 0x97, 0x53, 0xEA,
    0x92, 0x33, 0x4E, 0x23, 0x03, 0xA2, 0x88, 0xDC, 0x47, 0x92, 0x48, 0xAE, 0xC5, 0x34, 0xFD, 0x9C,
    0x89, 0x8E, 0xE6, 0x5B, 0xE9, 0x6A, 0xDE, 0x5B, 0xCA, 0x08, 0xD1, 0x20, 0x25, 0xD5, 0xE7, 0x4E,
    0x92, 0x8C, 0x86, 0x8E, 0x3B, 0x14, 0x90, 0x3A, 0x4E, 0x83, 0x28, 0xC9, 0x39, 0xC0, 0xF1, 0x1D,
    0xA5, 0x53, 0x1F, 0xB3, 0x00, 0x71, 0x40, 0xB6, 0x74, 0x52, 0xE3, 0x1A, 0xB3, 0x12, 0xFF, 0xC5,
    0xCC, 0xB7, 0x93, 0x31, 0x51, 0xB1, 0x1F, 0xCD, 0x87, 0xC4, 0xD7, 0x12, 0xF1, 0x69, 0x66, 0x3E,
    0x97, 0x8F, 0x43, 0x77, 0x12, 0xD6, 0x66, 0xA0, 0x31, 0x03, 0xF3, 0xB3, 0x70, 0xDE, 0xBD, 0x91,
    0x3B, 0x32, 0x31, 0x4A, 0x7E, 0xD5, 0x42, 0x09, 0xB9, 0x7F, 0x43, 0x1E, 0xFC, 0x2A, 0x45, 0x33,
    0x55, 0xE1, 0x6A, 0x33, 0x7B, 0x50, 0x6E, 0xD8, 0x8B, 0x0C, 0x87, 0x56, 0x06, 0xF6, 0x47, 0x19,
    0xF6, 0x29, 0x47, 0x90, 0x39, 0xB2, 0x31, 0x87, 0xB8, 0xD5, 0x41, 0x15, 0xCF, 0x71, 0x8C, 0x84,
    0x2D, 0x78, 0xD9, 0xD3, 0x2F, 0x73, 0x03, 0x26, 0x55, 0x05, 0xE7, 0xC3, 0x02, 0xFF, 0xB9, 0x7F,
    0x41, 0x53, 0x82, 0xD6, 0x2F, 0xD8, 0x25, 0x45, 0x60, 0x80, 0xE6, 0xB3, 0x2C, 0x1D, 0xE7, 0xEF,
    0x5D, 0xBE, 0x7C, 0x94, 0x2B, 0x19, 0x0C, 0x30, 0x75, 0x97, 0x54, 0x40, 0xC0, 0x5E, 0x2B, 0xF1,
    0x7E, 0x9B, 0x7B, 0x2F, 0x24, 0x7B, 0xEF, 0x4E, 0xB8, 0x08, 0xA0, 0xDD, 0x04, 0xA3, 0x2B, 0xC1,
    0x28, 0x9A, 0x95, 0xB5, 0xD0, 0xC7, 0x7E, 0x86, 0x41, 0x18, 0xC0, 0x48, 0x99, 0x6F, 0x47, 0xE3,
    0xB2, 0x15, 0x96, 0x61, 0x16, 0xB6, 0xEC, 0x0C, 0x36, 0xBD, 0x26, 0xB0, 0xD7, 0x44, 0x8E, 0x3C,
    0x45, 0xCC, 0xB3, 0xAE, 0xE4, 0xD8, 0x7D, 0xE7, 0x63, 0x62, 0xA8, 0x11, 0xEC, 0x12, 0x43, 0xD5,
    0x68, 0x02, 0x1D, 0x43, 0xA8, 0x91, 0x04, 0x3F, 0x64, 0xB8, 0xE6, 0xC7, 0xCC, 0x5E, 0xEB, 0x9F,
    0xCC, 0x5E, 0x11, 0xED, 0x3E, 0x7B, 0x27, 0xD8, 0x19, 0xF5, 0x40, 0x7C, 0x37, 0x72, 0xDE, 0xCA,
    0xDC, 0x2B, 0xC9, 0xA6, 0x02, 0xDE, 0x09, 0x93, 0x85, 0x1E, 0x8E, 0x34, 0x08, 0xBF, 0xFD, 0x2A,
    0x2A, 0x3D, 0x3A, 0xB2, 0x1E, 0xB2, 0x6D, 0x79, 0xE4, 0x8E, 0x99, 0x3D, 0x4A, 0xA6, 0xD6, 0x27,
    0x56, 0xC4, 0x52, 0x5E, 0x3B, 0x71, 0x7E, 0x54, 0xA2, 0xAA, 0xE3, 0xEF, 0x04, 0x6D, 0x31, 0x1A,
    0x5D, 0x8F, 0x78, 0x74, 0x99, 0x7A, 0x5F, 0x10, 0x43, 0x68, 0xB0, 0xDB, 0xC4, 0xB2, 0x31, 0x1A,
    0x84, 0x93, 0xD4, 0xB9, 0x29, 0x1A, 0x88, 0x53, 0x34, 0x14, 0xA7, 0x74, 0x64, 0xC2, 0x63, 0x17,
    0x41, 0x91, 0x9D, 0x30, 0xD7, 0x83, 0x97, 0x0A, 0x21, 0xA9, 0x51, 0x8F, 0x7C, 0x89, 0xF8, 0x05,
    0xF6, 0x80, 0xB9, 0x1A, 0x4A, 0x12, 0x5F, 0x2C, 0x4B, 0xEC, 0x47, 0x5B, 0x51, 0x25, 0x8F, 0x41,
    0x6E, 0x4C, 0x52, 0x97, 0xD6, 0xE9, 0xF1, 0x99, 0xA0, 0xC3, 0xA4, 0xE7, 0x99, 0xB6, 0xF7, 0x45,
    0x80, 0x86, 0xC1, 0x96, 0xC9, 0x3E, 0x1A, 0x7E, 0xC9, 0xA4, 0x89, 0x26, 0x03, 0xA6, 0x0C, 0x6A,
    0x6E, 0x8A, 0x15, 0x6C, 0x86, 0x3B, 0x7C, 0x50, 0x19, 0x26, 0x66, 0xA4, 0x75, 0x53, 0x2C, 0xA1,
    0xB2, 0x48, 0x59, 0x32, 0x49, 0x22, 0xB2, 0xE7, 0x5D, 0x1D, 0x4E, 0x13, 0x79, 0xEA, 0x95, 0xE0,
    0x87, 0xC6, 0x7A, 0x4C, 0xC4, 0x03, 0x9B, 0xD1, 0x09, 0x79, 0x8D, 0xD5, 0x81, 0xA0, 0x88, 0x18,
    0x2D, 0x09, 0x2C, 0xE1, 0xFD, 0xA3, 0x31, 0xC5, 0x82, 0xA1, 0xA4, 0x5A, 0xE1, 0xFA, 0x36, 0x11,
    0x26, 0xEB, 0xAE, 0xC9, 0x2D, 0x98, 0x05, 0xDF, 0x49, 0xEB, 0x67, 0x43, 0x14, 0xA5, 0xA2, 0x98,
    0x31, 0xC5, 0xBE, 0xA2, 0xB8, 0x41, 0x88, 0x3D, 0xA6, 0x28, 0x6F, 0x10, 0xC5, 0xAF, 0x52, 0xA6,
    0x58, 0xFE, 0x91, 0x28, 0xFA, 0x92, 0x28, 0x8E, 0x96, 0x77, 0x4E, 0xF1, 0x5E, 0x44, 0x5B, 0xB9,
    0x11, 0x16, 0xE3, 0xD4, 0x70, 0xF1, 0x90, 0x44, 0x4B, 0x56, 0x5B, 0x19, 0xF6, 0xA9, 0x81, 0xF2,
    0x11, 0x88, 0x76, 0x77, 0x05, 0x46, 0x21, 0x8F, 0x41, 0x0A, 0x2B, 0x7A, 0x03, 0x96, 0xE3, 0x91,
    0x49, 0x0A, 0x06, 0x60, 0x29, 0x5C, 0x1A, 0xD8, 0x30, 0x32, 0x3C, 0x1E, 0x0B, 0x99, 0xEA, 0x43,
    0xA5, 0x75, 0xBE, 0x0A, 0x7A, 0x82, 0xE1, 0xA0, 0x67, 0xBB, 0x61, 0x76, 0xFF, 0x03, 0xFB, 0x6E,
    0x29, 0xDE, 0x9F, 0x9E, 0x60, 0x18, 0x85, 0x49, 0x8B, 0x9D, 0x92, 0x95, 0x36, 0xD1, 0xFB, 0x76,
    0x39, 0x55, 0xC3, 0x3C, 0x7A, 0xF6, 0x04, 0x4C, 0x96, 0xAB, 0xBD, 0x58, 0x16, 0x5E, 0xA9, 0x63,
    0xD8, 0x44, 0xA9, 0x02, 0x79, 0x41, 0x33, 0x23, 0xDF, 0x87, 0x37, 0x0B, 0x8E, 0x99, 0x39, 0xDB,
    0x44, 0xD7, 0x71, 0x02, 0xDC, 0xA8, 0x5C, 0x95, 0xDD, 0x58, 0xDE, 0xEA, 0x63, 0xB5, 0x15, 0xCD,
    0xF3, 0x98, 0x95, 0x69, 0xB2, 0x82, 0x7F, 0x87, 0x34, 0x47, 0x54, 0xE0, 0x45, 0x91, 0x17, 0x59,
    0xFC, 0xCD, 0xFA, 0xF7, 0x8E, 0x45, 0x79, 0x4C, 0x7A, 0x97, 0x44, 0x43, 0xDA, 0x77, 0x49, 0x05,
    0xED, 0x9C, 0x23, 0x3A, 0x2A, 0xE3, 0xC7, 0xD0, 0x49, 0xA9, 0xFB, 0xB8, 0x06, 0x40, 0x39, 0x50,
    0x81, 0x9A, 0x98, 0x31, 0x4B, 0x8D, 0xEB, 0x15, 0x88, 0xFF, 0xDB, 0x16, 0xBE, 0x49, 0x1E, 0xC3,
    0x6E, 0xAA, 0xFF, 0x3B, 0xB4, 0x45, 0x3E, 0x95, 0xE2, 0x5B, 0xF2, 0xAB, 0x43, 0x91, 0xED, 0x2E,
    0xE2, 0xBD, 0x77, 0x1A, 0x77, 0xDE, 0x8F, 0xCD, 0xD0, 0x3D, 0xD1, 0xB2, 0x56, 0x57, 0x61, 0x29,
    0x27, 0xE1, 0x90, 0xB0, 0x70, 0x30, 0x1E, 0x34, 0x89, 0x60, 0x13, 0x66, 0x44, 0xCE, 0x8D, 0x35,
    0x18, 0xC0, 0x0A, 0xC6, 0x5E, 0x74, 0xF5, 0x57, 0x65, 0x99, 0x1D, 0xA6, 0x31, 0x23, 0x39, 0xA3,
    0x73, 0xE5, 0x9B, 0x31, 0xE5, 0x94, 0x8E, 0x46, 0xBB, 0x57, 0x5F, 0xC7, 0xB5, 0x3D, 0x99, 0x51,
    0x99, 0x1B, 0x1B, 0x2B, 0x1C, 0x33, 0x4B, 0xEC, 0xA2, 0x3C, 0x36, 0x13, 0x64, 0x0E, 0x94, 0x95,
    0x19, 0x48, 0x2A, 0x29, 0x8E, 0xD1, 0x13, 0x27, 0xE3, 0x22, 0x53, 0xE6, 0xE1, 0xA0, 0x4A, 0x9E,
    0x30, 0xE5, 0x52, 0x90, 0xD7, 0x60, 0xDE, 0xE2, 0x0A, 0x2B, 0x70, 0xCA, 0x51, 0x83, 0x71, 0xB5,
    0x8C, 0x37, 0x40, 0xC1, 0x2A, 0x65, 0xC0, 0xB8, 0x7E, 0x57, 0xB8, 0x41, 0x05, 0xAC, 0x46, 0x56,
    0x43, 0xAB, 0xB1, 0xD5, 0xE0, 0x6A, 0x74, 0x35, 0xBC, 0x4D, 0x7C, 0x43, 0x00, 0xEB, 0xF9, 0xA7,
    0xCA, 0x52, 0x8D, 0x30, 0x88, 0x06, 0x97, 0xF3, 0x38, 0x7C, 0x66, 0xE0, 0xBC, 0x95, 0x60, 0x2C,
    0x97, 0x23, 0xDC, 0x1C, 0xD6, 0x8D, 0x64, 0xBA, 0x3C, 0x27, 0x6F, 0x25, 0x21, 0xB2, 0x4C, 0x46,
    0x67, 0x0E, 0x94, 0x46, 0xCC, 0xB1, 0xA6, 0xE0, 0x5A, 0xA6, 0xAA, 0x15, 0x50, 0x2D, 0x87, 0x22,
    0x40, 0xCC, 0x4F, 0xB0, 0x56, 0x36, 0x87, 0xA1, 0xDD, 0xB9, 0x0D, 0xB9, 0x4E, 0xB5, 0x6E, 0x95,
    0x58, 0x6B, 0x29, 0xFB, 0xE5, 0x10, 0x80, 0x86, 0xBE, 0x5E, 0xD6, 0x6C, 0xFB, 0x8E, 0x12, 0xA7,
    0x7D, 0x45, 0xE5, 0x6A, 0xCE, 0x95, 0x4C, 0x8F, 0xE8, 0x67, 0x1F, 0x6F, 0x79, 0x7F, 0xAD, 0x43,
    0x55, 0x8F, 0xEA, 0x2E, 0xD5, 0x7D, 0xAA, 0x3B, 0x35, 0x9C, 0xDE, 0x7C, 0x93, 0xF4, 0x86, 0x3B,
    0xC2, 0x51, 0x2A, 0x8C, 0xFC, 0x9C, 0x2B, 0x71, 0xD2, 0xEC, 0x33, 0x9E, 0x31, 0x71, 0xDF, 0x5A,
    0x75, 0x47, 0x54, 0x06, 0xE7, 0x0F, 0xEE, 0x55, 0x0B, 0x97, 0x74, 0xCF, 0x4C, 0x59, 0xE8, 0xE9,
    0x20, 0x9E, 0x1E, 0x62, 0xC7, 0xAF, 0x90, 0x18, 0x05, 0x9A, 0x79, 0xF2, 0x32, 0x08, 0xDB, 0x22,
    0xF2, 0x4D, 0x4C, 0x5D, 0x98, 0xD0, 0x5A, 0x83, 0xD3, 0x18, 0x7C, 0x35, 0x07, 0x4E, 0xBC, 0xC1,
    0x2F, 0x57, 0xE3, 0xAE, 0x16, 0x04, 0x32, 0x91, 0x04, 0x71, 0x92, 0x42, 0xA0, 0x07, 0x24, 0x88,
    0x5D, 0x03, 0x2F, 0x2B, 0xF0, 0xF2, 0xBA, 0x06, 0xFF, 0x56, 0xAF, 0x02, 0xBF, 0xF6, 0x40, 0xC0,
    0x2F, 0xF1, 0x43, 0x43, 0x01, 0x77, 0x39, 0xA8, 0xC1, 0xCC, 0x8B, 0x1C, 0x31, 0x36, 0xE4, 0x26,
    0xF0, 0x84, 0x02, 0x3C, 0xE3, 0x30, 0xDC, 0xD3, 0x0D, 0x9E, 0xA7, 0x2B, 0x73, 0x9A, 0x55, 0x99,
    0x96, 0x92, 0xB8, 0x1C, 0x7E, 0x42, 0x63, 0x19, 0xC7, 0xF7, 0xC9, 0x6A, 0x3A, 0xE9, 0x9E, 0xDB,
    0x94, 0xAA, 0x4D, 0xF9, 0x39, 0xB7, 0xF9, 0x8F, 0x52, 0xB5, 0xB9, 0x72, 0x9B, 0x71, 0x1D, 0x6F,
    0x1D, 0xE0, 0xF0, 0x14, 0xDC, 0xC1, 0xF1, 0x8D, 0xD6, 0xB4, 0xC7, 0x8E, 0x09, 0x0F, 0x5F, 0x63,
    0x87, 0x18, 0x20, 0x87, 0x3A, 0x3F, 0xB5, 0x63, 0x97, 0x1F, 0x80, 0xA6, 0x3F, 0x74, 0x2C, 0x3B,
    0x8F, 0x10, 0x67, 0x60, 0x22, 0x9D, 0x85, 0x47, 0x6D, 0x81, 0x96, 0x96, 0x7E, 0xAA, 0x92, 0x21,
    0x55, 0xDA, 0xD1, 0x66, 0x69, 0x45, 0x64, 0xE0, 0xCD, 0xC4, 0xC3, 0x6C, 0xC5, 0xFC, 0x33, 0x25,
    0x61, 0xE6, 0x87, 0x85, 0x5D, 0x80, 0xF1, 0x69, 0x80, 0xC9, 0x1B, 0xE5, 0x6F, 0x4D, 0x20, 0x97,
    0x3E, 0x4F, 0x8E, 0x5F, 0x14, 0xAF, 0x3B, 0x14, 0x62, 0xFA, 0x72, 0xF5, 0x9C, 0x8C, 0x2C, 0x84,
    0x82, 0xDA, 0x73, 0x52, 0x96, 0xC1, 0x96, 0xDC, 0x46, 0x63, 0xD1, 0x60, 0x34, 0x9A, 0xEA, 0x59,
    0x75, 0x09, 0x06, 0x2F, 0x0A, 0x4C, 0x35, 0x11, 0xAC, 0x40, 0x69, 0x54, 0x1A, 0x96, 0xC6, 0xA5,
    0x81, 0x69, 0x64, 0x1A, 0x9A, 0xC2, 0x06, 0xAF, 0xBF, 0x88, 0xB4, 0x72, 0x60, 0x74, 0xA5, 0x82,
    0x17, 0xA6, 0x8C, 0xCF, 0x4A, 0x07, 0x73, 0x53, 0x8E, 0x83, 0x55, 0x24, 0x5C, 0x95, 0xC5, 0x40,
    0x79, 0x61, 0xA0, 0x6C, 0x6A, 0x49, 0x0B, 0x2E, 0x43, 0x84, 0xD1, 0x30, 0xA8, 0xD3, 0x33, 0xCE,
    0xBF, 0x11, 0xDA, 0xAC, 0x4F, 0x7D, 0x3B, 0xD4, 0x05, 0x6C, 0xDF, 0x49, 0x29, 0x67, 0xC1, 0xEE,
    0xA0, 0x00, 0x67, 0x49, 0xAC, 0xE8, 0xFE, 0x0E, 0xF4, 0xE1, 0xE8, 0x06, 0x85, 0xD0, 0xE8, 0xF8,
    0xD6, 0x29, 0x19, 0xFC, 0x3D, 0x0C, 0x67, 0xC9, 0x0F, 0x1B, 0x89, 0x3C, 0x4B, 0x48, 0xDC, 0x2E,
    0x21, 0x11, 0xDD, 0x1D, 0xD4, 0x87, 0x42, 0x1D, 0x17, 0xEC, 0x9C, 0x9E, 0xD2, 0xF4, 0xA9, 0x13,
    0x90, 0x87, 0x7F, 0x54, 0xEA, 0xC3, 0x81, 0x97, 0xC3, 0x70, 0x34, 0x1E, 0x0D, 0xE8, 0x71, 0x50,
    0x9F, 0x43, 0x2C, 0x2E, 0x5A, 0x35, 0x29, 0x78, 0xAE, 0xF7, 0x02, 0xA7, 0xF3, 0x8F, 0x42, 0x7D,
    0x1C, 0x46, 0x42, 0x0B, 0x67, 0x05, 0x78, 0x11, 0x61, 0xD8, 0xFB, 0x40, 0xD5, 0x67, 0x3F, 0x1B,
    0x33, 0xD2, 0x0B, 0x49, 0xCB, 0xA0, 0xEF, 0xBC, 0xA2, 0x97, 0x5B, 0x4E, 0x81, 0xCE, 0xD3, 0xD1,
    0x28, 0x1A, 0x19, 0xF8, 0x91, 0x87, 0x49, 0x64, 0x89, 0x2F, 0xDA, 0x64, 0xF9, 0x04, 0x2F, 0x7E,
    0x17, 0xD5, 0x3A, 0x16, 0xC7, 0xD2, 0xEC, 0x1C, 0xF6, 0x0D, 0x17, 0x63, 0xB5, 0x42, 0xB0, 0x1F,
    0x32, 0xCB, 0x1F, 0xBF, 0xB4, 0x06, 0x3C, 0xE3, 0xA4, 0x2C, 0xE7, 0xCB, 0x58, 0xF1, 0x49, 0x7A,
    0x4A, 0xC4, 0x7D, 0xF2, 0x19, 0xF1, 0x7B, 0x97, 0x29, 0xB7, 0xF5, 0x49, 0x81, 0xE6, 0xA8, 0xDA,
    0x02, 0xCD, 0x1B, 0x10, 0x10, 0x99, 0x57, 0x2B, 0x8A, 0xE1, 0x46, 0x1B, 0xC4, 0x57, 0x88, 0xC3,
    0x8A, 0xBC, 0x62, 0x80, 0xEE, 0x64, 0x5D, 0xEC, 0xDB, 0xA4, 0x7B, 0x15, 0x96, 0x68, 0xE6, 0xA8,
    0xAF, 0xE7, 0xAA, 0x04, 0xCD, 0xA9, 0x09, 0x5A, 0xCD, 0x77, 0xFA, 0xD5, 0x84, 0x4F, 0xFF, 0xF9,
    0x08, 0x44, 0x5A, 0x2D, 0xCD, 0x71, 0x8F, 0x38, 0x13, 0x42, 0x05, 0x1B, 0x4D, 0x40, 0xBE, 0x17,
    0x27, 0x47, 0x91, 0x6F, 0x01, 0xF2, 0xAD, 0x85, 0xB4, 0x4F, 0xE8, 0x06, 0xE2, 0x92, 0xD6, 0x25,
    0x23, 0x67, 0xFD, 0x67, 0xA9, 0x93, 0x98, 0xE9, 0x68, 0x8E, 0x15, 0xD7, 0x50, 0x0B, 0x17, 0x31,
    0xB4, 0x76, 0xD0, 0x11, 0xDB, 0x3D, 0x38, 0x2A, 0xE5, 0x1F, 0xC2, 0x32, 0xEC, 0x87, 0xAD, 0xD1,
    0xBE, 0x5A, 0x1B, 0xA0, 0x35, 0x66, 0xD1, 0xAF, 0x67, 0xD5, 0x8E, 0x0D, 0xFB, 0x96, 0x47, 0x2F,
    0x8C, 0x6A, 0x21, 0x4D, 0x47, 0x27, 0x97, 0x61, 0xCB, 0x94, 0x0E, 0x3C, 0x12, 0x79, 0x6D, 0x26,
    0xAD, 0x6C, 0x3E, 0xD8, 0x78, 0x88, 0x68, 0x38, 0xE7, 0xBB, 0x5F, 0x91, 0x56, 0x24, 0x9C, 0x5C,
    0x11, 0x30, 0xA2, 0xE1, 0xC6, 0xEF, 0x56, 0xDC, 0x9B, 0x6B, 0x48, 0x6A, 0x26, 0x93, 0x57, 0x7C,
    0x40, 0x4D, 0x92, 0x55, 0x3D, 0xDE, 0x7A, 0xA8, 0xF9, 0x44, 0xC5, 0x39, 0x64, 0x02, 0xAB, 0x88,
    0x19, 0xF5, 0xD5, 0x24, 0xC3, 0x22, 0xE8, 0x0D, 0x15, 0x13, 0x74, 0x71, 0x28, 0x45, 0xB5, 0xDE,
    0x09, 0x29, 0x41, 0x35, 0x25, 0xAD, 0xDA, 0xA3, 0x1E, 0x7C, 0x48, 0x17, 0xD8, 0x6F, 0x46, 0x6C,
    0x2F, 0x0E, 0x04, 0x44, 0xF2, 0x80, 0x54, 0x31, 0x5E, 0x17, 0x68, 0x91, 0x89, 0x54, 0xE5, 0x7D,
    0x35, 0xF3, 0xB8, 0x75, 0x32, 0x53, 0xAF, 0xD6, 0xB3, 0xD5, 0x81, 0x2A, 0xE8, 0xDB, 0x72, 0xB8,
    0xE9, 0x10, 0xC0, 0x2E, 0x63, 0xC9, 0x9B, 0x14, 0x3B, 0xDB, 0x28, 0x79, 0x0E, 0x1A, 0x0F, 0xD2,
    0x65, 0x0C, 0x4F, 0xFE, 0x37, 0x43, 0xB6, 0xCB, 0xFE, 0xA8, 0x47, 0xDD, 0x37, 0xB1, 0x1E, 0x63,
    0x29, 0x79, 0xC1, 0x4B, 0x4A, 0x5A, 0xF0, 0xFA, 0x3C, 0x58, 0xCA, 0x6B, 0x14, 0x5E, 0xA2, 0xE8,
    0x8F, 0x56, 0x73, 0xA8, 0x7A, 0x3B, 0x46, 0x4C, 0xDB, 0x31, 0x4A, 0x10, 0x09, 0x6F, 0xFB, 0x88,
    0xCC, 0xC0, 0x46, 0x7F, 0x62, 0x25, 0xC6, 0x46, 0x8C, 0xC2, 0xDC, 0x48, 0xC1, 0x7B, 0x33, 0x55,
    0xB3, 0x59, 0x4B, 0xC9, 0xD1, 0xF7, 0x25, 0xCF, 0xD8, 0x86, 0x9F, 0xEF, 0x30, 0xA3, 0x26, 0xF0,
    0xEA, 0x16, 0xDC, 0xAE, 0x28, 0x2F, 0xA1, 0x6A, 0xB8, 0x28, 0x7B, 0x07, 0x87, 0x8E, 0x8D, 0x5F,
    0x0B, 0xF5, 0x65, 0x0E, 0x73, 0x04, 0x12, 0x68, 0xD9, 0x46, 0x15, 0x29, 0xC2, 0xAB, 0x27, 0x0B,
    0xBD, 0xBA, 0xD7, 0x6E, 0x02, 0xAF, 0x5E, 0x82, 0x49, 0xCB, 0x97, 0x03, 0xEB, 0x97, 0x9C, 0x4A,
    0xBB, 0xAC, 0xF3, 0x24, 0xB7, 0x0D, 0x7C, 0x45, 0xA4, 0x5E, 0x40, 0x78, 0x13, 0xA4, 0x8B, 0x46,
    0xD9, 0x8C, 0x4C, 0x74, 0xAD, 0x29, 0x16, 0xA8, 0xDF, 0xF9, 0x61, 0x90, 0xFD, 0x7C, 0x19, 0xBC,
    0x8C, 0x17, 0x24, 0x33, 0x2A, 0x36, 0x37, 0x5C, 0x04, 0x4D, 0xBD, 0xE1, 0xA2, 0x47, 0x21, 0x75,
    0x86, 0x9A, 0x47, 0x03, 0xF4, 0xB5, 0x56, 0xBD, 0xC8, 0x78, 0x5B, 0x18, 0xA3, 0x3C, 0xA9, 0xCC,
    0x13, 0xD6, 0xA4, 0x37, 0x37, 0x63, 0x6A, 0x72, 0x1B, 0x18, 0x99, 0x41, 0xCB, 0xD7, 0x5F, 0x6E,
    0x1C, 0xA6, 0xB5, 0x85, 0x65, 0x18, 0x95, 0x72, 0x1B, 0x18, 0xD1, 0x0E, 0x30, 0x10, 0x45, 0xBA,
    0x06, 0xE6, 0xCD, 0x3E, 0x72, 0x0F, 0x45, 0x9C, 0x4E, 0xEC, 0x92, 0xC4, 0x70, 0xD0, 0x74, 0x16,
    0xC0, 0xE8, 0x49, 0xEC, 0x1F, 0xDA, 0x92, 0xF6, 0xC8, 0xFD, 0x48, 0x6C, 0x73, 0x3D, 0x61, 0xB1,
    0x5E, 0xC6, 0xE5, 0x62, 0xA1, 0x2E, 0x16, 0xEB, 0x65, 0xDE, 0x43, 0x64, 0x28, 0x5C, 0xB2, 0x9D,
    0x0E, 0x29, 0xB0, 0x43, 0x76, 0x80, 0x94, 0xF2, 0x15, 0x1B, 0xD9, 0x1A, 0xA1, 0x59, 0xDD, 0xAF,
    0xF4, 0x47, 0x15, 0xBC, 0x82, 0x12, 0xF9, 0xAB, 0xAB, 0x6C, 0x45, 0x24, 0x31, 0x68, 0x70, 0x7E,
    0x75, 0x72, 0x20, 0xBD, 0x68, 0x0E, 0xFC, 0xDE, 0xA9, 0x9C, 0xE3, 0xB2, 0xCD, 0x80, 0x53, 0x2E,
    0x43, 0x2E, 0x0D, 0x6C, 0x6D, 0x02, 0x5E, 0xC5, 0xB2, 0x03, 0x2D, 0x35, 0xBE, 0xD4, 0xF0, 0xC2,
    0x72, 0x8D, 0x81, 0xFB, 0x5F, 0x50, 0x16, 0x47, 0x9B, 0x65, 0x3E, 0xEB, 0x89, 0x58, 0x9E, 0xE5,
    0xDB, 0xAF, 0xD0, 0xD8, 0x44, 0x8E, 0xD1, 0x5E, 0x84, 0x88, 0x16, 0x22, 0xEC, 0x52, 0x8D, 0x84,
    0x05, 0xDD, 0x6D, 0x1F, 0x59, 0xE4, 0xF2, 0x92, 0x4A, 0xA2, 0x5E, 0xE5, 0x28, 0x64, 0x51, 0x8F,
    0x45, 0x5B, 0x4D, 0x6D, 0x8A, 0xCB, 0x70, 0x14, 0x99, 0x4E, 0xAB, 0x2E, 0x7A, 0x48, 0x3D, 0x55,
    0xF9, 0x30, 0x0F, 0x5F, 0x1F, 0xA5, 0xB8, 0x8C, 0x54, 0xCD, 0x22, 0xB3, 0xEB, 0x52, 0x30, 0xB3,
    0x18, 0x54, 0x85, 0xCB, 0x4E, 0x49, 0xA5, 0x48, 0x64, 0x5C, 0x98, 0x86, 0x0A, 0x75, 0x16, 0x6B,
    0xC3, 0x63, 0x57, 0x73, 0xA8, 0x22, 0x8E, 0x68, 0xFD, 0xA3, 0x44, 0x7E, 0x66, 0x32, 0x41, 0x62,
    0x07, 0x92, 0xCD, 0x49, 0x2C, 0x5A, 0x3B, 0x30, 0x0A, 0x35, 0x95, 0x45, 0x11, 0x1F, 0x4F, 0x51,
    0x56, 0xEB, 0x09, 0x85, 0x0E, 0x91, 0x2E, 0x68, 0x66, 0x37, 0x35, 0x43, 0xAB, 0xEF, 0xAC, 0xB6,
    0xC2, 0x14, 0xE6, 0x8D, 0x63, 0xAE, 0x3B, 0x8E, 0xF6, 0x6A, 0x9C, 0xB6, 0x1F, 0x51, 0x72, 0x4B,
    0xD6, 0x0A, 0x95, 0xBD, 0x41, 0xD9, 0x2C, 0x25, 0xB2, 0x94, 0xC3, 0xDA, 0x68, 0xDA, 0x06, 0x33,
    0xD7, 0x1C, 0xF4, 0xEA, 0x05, 0x41, 0x50, 0xD3, 0x69, 0x0C, 0x80, 0x0B, 0x35, 0xC7, 0x56, 0xD4,
    0x45, 0xB7, 0x0E, 0xF8, 0x9B, 0x75, 0xD1, 0x18, 0x2E, 0x66, 0x6B, 0xBF, 0xC0, 0xFB, 0x75, 0x9C,
    0x36, 0x82, 0x72, 0x8A, 0x65, 0x2A, 0x08, 0x96, 0x4A, 0xBA, 0xD9, 0x8C, 0x12, 0x32, 0x95, 0x68,
    0x73, 0x92, 0xCD, 0x09, 0x36, 0xA3, 0xAB, 0xE0, 0xA1, 0x2F, 0xA2, 0xD3, 0x48, 0x8D, 0x4C, 0xE0,
    0x09, 0x19, 0xC2, 0xA9, 0xCE, 0x0E, 0x9F, 0xCB, 0xD0, 0x99, 0xCE, 0xC2, 0x44, 0xED, 0xAD, 0x69,
    0x53, 0x00, 0x51, 0x7F, 0x84, 0xFA, 0xE4, 0xDC, 0x87, 0xAF, 0x7F, 0xD4, 0x66, 0x50, 0xDE, 0x18,
    0x3A, 0x2D, 0x5B, 0x28, 0x96, 0x33, 0x2F, 0x64, 0xB4, 0xCD, 0x92, 0x22, 0x0E, 0x13, 0xBD, 0xB3,
    0xF3, 0x42, 0x0E, 0x07, 0xD1, 0xA5, 0x8E, 0xF0, 0x76, 0x0C, 0xF4, 0x5E, 0x62, 0x29, 0x3A, 0x80,
    0x3E, 0xC6, 0xC7, 0xF1, 0x10, 0xBE, 0xAB, 0xCC, 0x52, 0x5B, 0xAF, 0x5D, 0x74, 0x74, 0x1C, 0x73,
    0x4A, 0x47, 0x41, 0x83, 0xF2, 0x39, 0x3E, 0xB4, 0x81, 0x82, 0x97, 0x1D, 0x59, 0x2F, 0x69, 0x59,
    0xCC, 0x92, 0x98, 0x18, 0xB8, 0x3D, 0x0C, 0x59, 0x16, 0xC8, 0xE5, 0x2E, 0xE7, 0xE8, 0xC7, 0xDB,
    0x7D, 0xE4, 0x47, 0x27, 0x5E, 0x2F, 0xA1, 0x83, 0x3A, 0x0F, 0x1D, 0x11, 0xBF, 0xA5, 0x82, 0xE9,
    0x53, 0x55, 0x8C, 0x05, 0xF3, 0xDB, 0x70, 0x7D, 0x73, 0xD0, 0x4F, 0x6D, 0xD9, 0x37, 0x15, 0x93,
    0x13, 0x4D, 0xC0, 0xBE, 0x81, 0x7D, 0x7A, 0x2E, 0x87, 0x59, 0x94, 0x75, 0x03, 0x49, 0x9C, 0x87,
    0xAE, 0x28, 0x83, 0xAE, 0x27, 0xCB, 0x6E, 0xF8, 0x53, 0x99, 0xAF, 0xC0, 0x92, 0xF2, 0x7F, 0x16,
    0x0D, 0x1C, 0x44, 0xE9, 0x5F, 0xC2, 0x48, 0x63, 0x0E, 0xF9, 0x87, 0xC6, 0x28, 0x75, 0x02, 0x34,
    0x48, 0x89, 0x59, 0x58, 0xD9, 0xB4, 0xFC, 0x0C, 0xC3, 0x6B, 0xD9, 0x3F, 0xF3, 0xFC, 0xE5, 0xD9,
    0xDA, 0xB5, 0xF9, 0xDA, 0xB5, 0x6D, 0xFA, 0xD5, 0x19, 0xAD, 0x1C, 0xD5, 0x6A, 0xD8, 0x02, 0x2A,
    0xC1, 0x22, 0x4D, 0xC0, 0x90, 0xE3, 0xD4, 0x9A, 0x39, 0x4E, 0x93, 0x2D, 0xC3, 0x9A, 0xD9, 0x1B,
    0xD0, 0x4C, 0xA7, 0xF6, 0xDB, 0xEC, 0xB5, 0x07, 0x7D, 0xF6, 0x54, 0xAD, 0x7B, 0x6B, 0xA0, 0x09,
    0x80, 0x4F, 0x7A, 0xE6, 0xE7, 0x44, 0x23, 0x67, 0xEF, 0x5C, 0xE9, 0xD9, 0xB8, 0x9A, 0xD4, 0xF9,
    0x9A, 0x9E, 0xF5, 0x2A, 0x3D, 0xE3, 0x1D, 0x29, 0x38, 0xE8, 0x29, 0x6C, 0x3D, 0x76, 0xF7, 0x1B,
    0xBA, 0x1A, 0xD5, 0xF2, 0xE2, 0xE0, 0x0C, 0xD7, 0x6D, 0x36, 0x74, 0x09, 0x5E, 0x2C, 0x34, 0x7B,
    0x34, 0x41, 0x65, 0x85, 0xD1, 0x98, 0x93, 0xCC, 0x9B, 0xD9, 0x32, 0xED, 0xE1, 0xC1, 0x4F, 0x76,
    0xDE, 0x48, 0xC3, 0x38, 0xF1, 0x25, 0xD8, 0xDD, 0xFB, 0xDD, 0x92, 0x55, 0xAD, 0x83, 0xB3, 0xD1,
    0x0A, 0x69, 0x0A, 0x88, 0xA6, 0x88, 0x8C, 0xF4, 0x4F, 0x39, 0x1A, 0xF6, 0x46, 0x0F, 0x4C, 0x68,
    0xAC, 0xA0, 0xB1, 0x6F, 0xF8, 0x28, 0xDC, 0x0B, 0x2E, 0x18, 0xEB, 0x39, 0xB2, 0x3B, 0xCE, 0x6C,
    0x74, 0x32, 0xEB, 0x36, 0x84, 0x25, 0x3A, 0xC3, 0xB0, 0xE5, 0xB1, 0x35, 0xFB, 0x89, 0xC6, 0x32,
    0xAF, 0xCC, 0x1B, 0xAF, 0xC3, 0xE1, 0xD7, 0x45, 0x65, 0x6B, 0xE0, 0xF7, 0x34, 0x5A, 0xBB, 0x1C,
    0xF9, 0x94, 0x1F, 0x44, 0xA8, 0x93, 0x48, 0xE2, 0x3C, 0x4C, 0xDF, 0xB8, 0xA6, 0x1C, 0x15, 0x86,
    0x02, 0x6E, 0xB6, 0x14, 0x18, 0xB9, 0x95, 0x88, 0xC2, 0x48, 0xA1, 0x8F, 0xA6, 0x3F, 0xFC, 0x32,
    0xC1, 0x98, 0x1C, 0x9D, 0xF6, 0x45, 0x15, 0x57, 0xEC, 0xD6, 0xCE, 0xD7, 0x5D, 0xDD, 0xDD, 0x3A,
    0xB4, 0xC3, 0x14, 0x5F, 0xA5, 0xA5, 0x7E, 0xE6, 0xE7, 0x5C, 0x3D, 0xFE, 0x3A, 0xF5, 0x56, 0x94,
    0xFB, 0xDD, 0x61, 0x0A, 0xBB, 0xB7, 0x7B, 0xF4, 0x61, 0xC1, 0x26, 0x53, 0x96, 0x36, 0x29, 0x42,
    0x2B, 0xAB, 0x30, 0xAD, 0x0A, 0x92, 0xE0, 0x7F, 0xBD, 0x93, 0xBD, 0x6E, 0xD4, 0x40, 0x14, 0x85,
    0x8F, 0xD7, 0x21, 0x46, 0x18, 0xE1, 0x14, 0x74, 0x49, 0x30, 0x75, 0x88, 0x58, 0x0A, 0x84, 0xF8,
    0x0B, 0xEB, 0x87, 0x48, 0xCB, 0x0B, 0xD0, 0x64, 0x0B, 0x90, 0x28, 0x82, 0xEC, 0x8E, 0x76, 0x1F,
    0x81, 0x02, 0x21, 0x44, 0x03, 0x42, 0x41, 0x02, 0x29, 0xC8, 0x03, 0x94, 0x34, 0xEE, 0x69, 0x8C,
    0x44, 0x43, 0x15, 0x2B, 0x32, 0xD2, 0x42, 0x1C, 0x0F, 0xE7, 0x5C, 0x27, 0xFC, 0x3C, 0x00, 0x8C,
    0x34, 0x9F, 0xD6, 0xDE, 0x99, 0xB9, 0x77, 0xEE, 0xFD, 0x0C, 0x1C, 0x8D, 0xC9, 0xB3, 0xE2, 0x12,
    0xE9, 0xAB, 0x29, 0xB9, 0x57, 0xBD, 0x00, 0xE2, 0x1A, 0x64, 0x70, 0x28, 0xE2, 0x1C, 0x76, 0xC8,
    0x33, 0x78, 0x40, 0xEE, 0x62, 0x32, 0x0B, 0xB6, 0x1A, 0xA4, 0xDE, 0xFB, 0x0C, 0x91, 0xF7, 0x5F,
    0xF8, 0xF2, 0xCE, 0x63, 0x3B, 0x66, 0x41, 0x98, 0x5E, 0x14, 0xBB, 0x3C, 0xE3, 0xF6, 0xCE, 0x7E,
    0x4F, 0x17, 0xF0, 0xD7, 0x78, 0x84, 0xA0, 0xC1, 0xA8, 0x41, 0xD0, 0x02, 0x73, 0xE0, 0x35, 0x70,
    0x1F, 0xB8, 0x0A, 0xEC, 0xAC, 0x95, 0x4D, 0xEE, 0x8B, 0x7C, 0x38, 0x0C, 0x4B, 0x81, 0x6B, 0xA3,
    0xFD, 0x2E, 0xAE, 0xDB, 0xC0, 0x2D, 0xD9, 0x9B, 0xB3, 0x9C, 0x77, 0x39, 0x1B, 0x60, 0x54, 0x01,
    0x51, 0x8D, 0xB5, 0xB2, 0x9F, 0xE5, 0x7D, 0x5E, 0xE7, 0x33, 0x26, 0x3C, 0xEC, 0xE2, 0xF9, 0x1B,
    0x18, 0xCD, 0x3D, 0x46, 0xED, 0xB6, 0x62, 0xD9, 0x38, 0xC1, 0x64, 0x1C, 0xEF, 0x17, 0xB9, 0x27,
    0x3E, 0x8B, 0xB8, 0x17, 0x11, 0x0F, 0x41, 0x58, 0x61, 0x8A, 0xD0, 0xE1, 0x50, 0x28, 0x8B, 0x91,
    0xC3, 0xA4, 0x26, 0x96, 0xBB, 0x80, 0x4B, 0x72, 0x21, 0x79, 0xE7, 0xB8, 0x6C, 0x9F, 0xC0, 0x81,
    0x30, 0xE1, 0xB5, 0x90, 0x58, 0xCD, 0xF4, 0xF8, 0x8D, 0x4B, 0xC2, 0x9A, 0x35, 0x4A, 0xB2, 0xCB,
    0x40, 0x59, 0xB6, 0x08, 0xBC, 0xE7, 0xE5, 0x7C, 0x3F, 0x0B, 0xB4, 0x12, 0x89, 0x6F, 0xB1, 0x88,
    0x6B, 0x65, 0x81, 0xD4, 0x12, 0x19, 0x1F, 0xF3, 0xBC, 0xB1, 0xE3, 0x39, 0x80, 0x37, 0xE6, 0x4E,
    0x1C, 0xD7, 0xE2, 0xA8, 0x45, 0x6E, 0xC5, 0x16, 0x37, 0xF0, 0xDC, 0x82, 0x7E, 0x52, 0xDA, 0x99,
    0x18, 0xBE, 0xFF, 0x48, 0x06, 0x1F, 0x44, 0xEC, 0x3D, 0x14, 0xF3, 0x48, 0x6F, 0xFA, 0x90, 0x51,
    0xD3, 0x2E, 0xFC, 0x8E, 0x65, 0xDF, 0x04, 0x1E, 0x93, 0x1F, 0x19, 0xB6, 0x2C, 0x64, 0x52, 0x10,
    0xB7, 0x94, 0xF3, 0x54, 0x8F, 0xF7, 0x32, 0xAC, 0x60, 0xEC, 0xB0, 0x8D, 0xB7, 0x60, 0x5F, 0xB9,
    0x4B, 0x91, 0x18, 0x8A, 0xC7, 0xDC, 0x44, 0x52, 0x11, 0xF1, 0x1C, 0xEB, 0x08, 0x7B, 0x22, 0x28,
    0xDD, 0xAA, 0x2A, 0xB6, 0xAA, 0xC6, 0xAE, 0xE8, 0xEE, 0xEB, 0x3A, 0x71, 0x57, 0x99, 0xB4, 0x18,
    0x1A, 0x82, 0xB0, 0xD3, 0xBB, 0xDB, 0x8A, 0x12, 0x13, 0x2D, 0x33, 0x89, 0x0F, 0xA8, 0x08, 0x45,
    0xE1, 0xAD, 0xFC, 0xD7, 0xA3, 0xE6, 0xA7, 0x56, 0x96, 0xEB, 0xC5, 0x20, 0x82, 0xC6, 0xAB, 0x0C,
    0x41, 0xA1, 0x72, 0x46, 0x0E, 0x6F, 0x68, 0x9E, 0x53, 0x36, 0xE4, 0x49, 0x23, 0x8B, 0x91, 0x38,
    0xFD, 0x4B, 0xA6, 0x8D, 0xC8, 0xBC, 0x48, 0xE6, 0x9D, 0x3A, 0xD5, 0x50, 0x4C, 0xB2, 0x0B, 0x6A,
    0x93, 0xBB, 0x42, 0x06, 0x95, 0x88, 0xE6, 0xA5, 0xDD, 0xD5, 0x3A, 0x77, 0xE3, 0xB3, 0x98, 0xAA,
    0x95, 0xC8, 0x0B, 0x99, 0xE3, 0xD1, 0x67, 0x8B, 0xBE, 0x63, 0xCD, 0x93, 0x7E, 0x86, 0x65, 0x6D,
    0xE3, 0x8C, 0x34, 0xAB, 0xC1, 0x8D, 0xB0, 0x92, 0x19, 0x12, 0x43, 0x5E, 0x48, 0x0B, 0xB3, 0x42,
    0x52, 0xC8, 0x09, 0x53, 0x42, 0x46, 0x48, 0x88, 0xE4, 0x48, 0x07, 0xDA, 0x20, 0x19, 0xE4, 0x02,
    0x55, 0x90, 0x09, 0x12, 0xE1, 0x58, 0x7B, 0x1A, 0x8F, 0x98, 0xAA, 0x9C, 0xD6, 0xB7, 0xB4, 0xC9,
    0x28, 0xF3, 0xA1, 0x2B, 0x7F, 0x7E, 0x1D, 0x8B, 0x56, 0xA2, 0x5F, 0xA2, 0x8C, 0x07, 0x4D, 0xCC,
    0x12, 0x93, 0xC4, 0x1C, 0x31, 0x45, 0x06, 0x43, 0x4C, 0x10, 0xF3, 0xC3, 0xF4, 0x30, 0x3B, 0x4C,
    0x8E, 0xC1, 0x0D, 0x53, 0x43, 0x66, 0x98, 0x18, 0xF2, 0xC2, 0xB4, 0xF8, 0x6D, 0x85, 0x0D, 0x7D,
    0x87, 0x08, 0x9F, 0x12, 0xA7, 0xF4, 0x18, 0x6F, 0x2A, 0x59, 0x75, 0x33, 0xAE, 0xF0, 0x2B, 0xBD,
    0x7F, 0x5F, 0x9F, 0xFF, 0x78, 0xF7, 0x9F,
};

static const EpdGlyph notonaskharabic_16_regularGlyphs[] = {
    { 0, 0, 118, 0, 0, 0, 0 }, // U+0020
    { 5, 24, 110, 1, 21, 30, 0 }, // !
    { 11, 9, 218, 1, 24, 25, 30 }, // "
    { 18, 24, 298, 0, 24, 108, 55 }, // #
    { 16, 29, 298, 1, 26, 116, 163 }, // $
    { 28, 26, 478, 1, 25, 182, 279 }, // %
    { 24, 26, 396, 1, 25, 156, 461 }, // &
    { 5, 9, 117, 1, 24, 12, 617 }, // '
    { 10, 31, 185, 1, 26, 78, 629 }, // (
    { 9, 31, 185, 1, 26, 70, 707 }, // )
    { 15, 14, 267, 1, 26, 53, 777 }, // *
    { 15, 16, 298, 2, 20, 60, 830 }, // +
    { 6, 11, 133, 1, 5, 17, 890 }, // ,
    { 10, 4, 165, 0, 11, 10, 907 }, // -
    { 5, 6, 110, 1, 3, 8, 917 }, // .
    { 10, 31, 154, 0, 26, 78, 925 }, // /
    { 17, 26, 298, 1, 25, 111, 1003 }, // 0
    { 14, 24, 298, 2, 24, 84, 1114 }, // 1
    { 15, 25, 298, 2, 25, 94, 1198 }, // 2
    { 16, 26, 298, 1, 25, 104, 1292 }, // 3
    { 19, 24, 298, 0, 24, 114, 1396 }, // 4
    { 16, 25, 298, 1, 24, 100, 1510 }, // 5
    { 15, 26, 298, 2, 25, 98, 1610 }, // 6
    { 17, 24, 298, 1, 24, 102, 1708 }, // 7
    { 17, 26, 298, 1, 25, 111, 1810 }, // 8
    { 16, 26, 298, 1, 25, 104, 1921 }, // 9
    { 5, 17, 110, 1, 14, 22, 2025 }, // :
    { 7, 25, 153, 1, 19, 44, 2047 }, // ;
    { 15, 18, 298, 2, 21, 68, 2091 }, // <
    { 15, 10, 298, 2, 17, 38, 2159 }, // =
    { 15, 18, 298, 2, 21, 68, 2197 }, // >
    { 14, 26, 253, 1, 25, 91, 2265 }, // ?
    { 27, 29, 491, 2, 24, 196, 2356 }, // @
    { 24, 24, 376, 0, 24, 144, 2552 }, // A
    { 19, 24, 349, 1, 24, 114, 2696 }, // B
    { 19, 26, 327, 1, 25, 124, 2810 }, // C
    { 22, 24, 388, 1, 24, 132, 2934 }, // D
    { 19, 24, 332, 1, 24, 114, 3066 }, // E
    { 18, 24, 315, 1, 24, 108, 3180 }, // F
    { 23, 26, 381, 1, 25, 150, 3288 }, // G
    { 25, 24, 423, 1, 24, 150, 3438 }, // H
    { 10, 24, 196, 1, 24, 60, 3588 }, // I
    { 12, 32, 190, -1, 24, 96, 3648 }, // J
    { 23, 24, 373, 1, 24, 138, 3744 }, // K
    { 19, 24, 332, 1, 24, 114, 3882 }, // L
    { 29, 24, 500, 1, 24, 174, 3996 }, // M
    { 24, 24, 407, 1, 24, 144, 4170 }, // N
    { 22, 26, 396, 1, 25, 143, 4314 }, // O
    { 18, 24, 322, 1, 24, 108, 4457 }, // P
    { 22, 33, 396, 1, 25, 182, 4565 }, // Q
    { 22, 24, 350, 1, 24, 132, 4747 }, // R
    { 16, 26, 290, 1, 25, 104, 4879 }, // S
    { 20, 24, 327, 0, 24, 120, 4983 }, // T
    { 24, 25, 382, 0, 24, 150, 5103 }, // U
    { 23, 24, 360, 0, 24, 138, 5253 }, // V
    { 35, 24, 558, 0, 24, 210, 5391 }, // W
    { 22, 24, 352, 0, 24, 132, 5601 }, // X
    { 22, 24, 333, -1, 24, 132, 5733 }, // Y
    { 18, 24, 316, 1, 24, 108, 5865 }, // Z
    { 8, 31, 192, 3, 26, 62, 5973 }, // [
    { 10, 31, 154, 0, 26, 78, 6035 }, // <backslash>
    { 8, 31, 192, 1, 26, 62, 6113 }, // ]
    { 16, 16, 298, 1, 24, 64, 6175 }, // ^
    { 17, 3, 245, -1, -2, 13, 6239 }, // _
    { 7, 6, 146, 1, 26, 11, 6252 }, // `
    { 17, 20, 300, 1, 19, 85, 6263 }, // a
    { 19, 27, 327, 0, 26, 129, 6348 }, // b
    { 15, 20, 262, 1, 19, 75, 6477 }, // c
    { 19, 27, 327, 1, 26, 129, 6552 }, // d
    { 16, 20, 285, 1, 19, 80, 6681 }, // e
    { 15, 26, 197, 0, 26, 98, 6761 }, // f
    { 18, 27, 287, 0, 19, 122, 6859 }, // g
    { 21, 26, 339, 0, 26, 137, 6981 }, // h
    { 11, 26, 171, 0, 26, 72, 7118 }, // i
    { 8, 34, 160, -1, 26, 68, 7190 }, // j
    { 20, 26, 312, 0, 26, 130, 7258 }, // k
    { 10, 26, 165, 0, 26, 65, 7388 }, // l
    { 31, 19, 504, 0, 19, 148, 7453 }, // m
    { 21, 19, 344, 0, 19, 100, 7601 }, // n
    { 17, 20, 308, 1, 19, 85, 7701 }, // o
    { 19, 27, 327, 0, 19, 129, 7786 }, // p
    { 19, 27, 327, 1, 19, 129, 7915 }, // q
    { 15, 19, 251, 1, 19, 72, 8044 }, // r
    { 13, 20, 240, 1, 19, 65, 8116 }, // s
    { 11, 23, 188, 0, 22, 64, 8181 }, // t
    { 21, 19, 339, 0, 18, 100, 8245 }, // u
    { 20, 18, 309, 0, 18, 90, 8345 }, // v
    { 29, 18, 460, 0, 18, 131, 8435 }, // w
    { 20, 18, 308, 0, 18, 90, 8566 }, // x
    { 19, 26, 301, 0, 18, 124, 8656 }, // y
    { 15, 18, 272, 1, 18, 68, 8780 }, // z
    { 12, 31, 228, 1, 26, 93, 8848 }, // {
    { 3, 34, 298, 8, 26, 26, 8941 }, // |
    { 12, 31, 228, 1, 26, 93, 8967 }, // }
    { 16, 7, 298, 1, 15, 28, 9060 }, // ~
    { 36, 9, 607, 1, 8, 81, 0 }, // U+0600
    { 53, 10, 877, 1, 2, 133, 81 }, // U+0601
    { 40, 10, 657, 1, 8, 100, 214 }, // U+0602
    { 35, 11, 577, 0, 7, 97, 314 }, // U+0603
    { 76, 20, 1238, 1, 15, 380, 411 }, // U+0604
    { 34, 6, 533, 0, 31, 51, 791 }, // U+0605
    { 19, 24, 287, -1, 23, 114, 842 }, // U+0606
    { 19, 24, 287, -1, 23, 114, 956 }, // U+0607
    { 29, 23, 530, 2, 14, 167, 1070 }, // U+0608
    { 18, 19, 295, 1, 17, 86, 1237 }, // U+0609
    { 23, 19, 386, 1, 17, 110, 1323 }, // U+060A
    { 14, 33, 224, -1, 22, 116, 1433 }, // U+060B
    { 5, 9, 113, 1, 7, 12, 1549 }, // U+060C
    { 7, 12, 160, 1, 6, 21, 1561 }, // U+060D
    { 26, 11, 455, 2, 11, 72, 1582 }, // U+060E
    { 18, 28, 346, 1, 18, 126, 1654 }, // U+060F
    { 7, 8, 0, 0, 35, 14, 1780 }, // U+0610
    { 7, 8, 0, 0, 35, 14, 1794 }, // U+0611
    { 9, 8, 0, 0, 35, 18, 1808 }, // U+0612
    { 10, 9, 0, 0, 35, 23, 1826 }, // U+0613
    { 12, 5, 0, 0, 35, 15, 1849 }, // U+0614
    { 8, 8, 0, 0, 35, 16, 1864 }, // U+0615
    { 13, 12, 0, 0, 35, 39, 1880 }, // U+0616
    { 5, 11, 0, 0, 35, 14, 1919 }, // U+0617
    { 5, 4, 0, 0, 30, 5, 1933 }, // U+0618
    { 5, 7, 0, 0, 30, 9, 1938 }, // U+0619
    { 6, 4, 0, -1, 35, 6, 1947 }, // U+061A
    { 5, 18, 113, 1, 15, 23, 1953 }, // U+061B
    { 0, 0, 0, 0, 0, 0, 1976 }, // U+061C
    { 12, 19, 230, 1, 18, 57, 1976 }, // U+061D
    { 10, 10, 190, 1, 7, 25, 2033 }, // U+061E
    { 12, 22, 227, 1, 19, 66, 2058 }, // U+061F
    { 15, 21, 290, 2, 12, 79, 2124 }, // U+0620
    { 13, 12, 233, 1, 10, 39, 2203 }, // U+0621
    { 11, 27, 127, -2, 27, 75, 2242 }, // U+0622
    { 6, 31, 127, 1, 31, 47, 2317 }, // U+0623
    { 13, 26, 250, 1, 19, 85, 2364 }, // U+0624
    { 6, 31, 127, 1, 23, 47, 2449 }, // U+0625
    { 18, 21, 330, 2, 12, 95, 2496 }, // U+0626
    { 4, 23, 127, 2, 23, 23, 2591 }, // U+0627
    { 23, 22, 412, 2, 14, 127, 2614 }, // U+0628
    { 11, 20, 218, 1, 20, 55, 2741 }, // U+0629
    { 23, 16, 412, 2, 16, 92, 2796 }, // U+062A
    { 23, 18, 412, 2, 18, 104, 2888 }, // U+062B
    { 19, 23, 339, 2, 13, 110, 2992 }, // U+062C
    { 19, 23, 339, 2, 13, 110, 3102 }, // U+062D
    { 19, 30, 339, 2, 20, 143, 3212 }, // U+062E
    { 12, 14, 221, 1, 14, 42, 3355 }, // U+062F
    { 12, 20, 221, 1, 20, 60, 3397 }, // U+0630
    { 13, 19, 206, -1, 12, 62, 3457 }, // U+0631
    { 13, 25, 206, -1, 18, 82, 3519 }, // U+0632
    { 31, 21, 540, 2, 12, 163, 3601 }, // U+0633
    { 31, 26, 540, 2, 17, 202, 3764 }, // U+0634
    { 33, 21, 584, 2, 12, 174, 3966 }, // U+0635
    { 33, 29, 584, 2, 20, 240, 4140 }, // U+0636
    { 23, 23, 410, 1, 23, 133, 4380 }, // U+0637
    { 23, 23, 410, 1, 23, 133, 4513 }, // U+0638
    { 19, 26, 322, 2, 16, 124, 4646 }, // U+0639
    { 19, 33, 322, 2, 23, 157, 4770 }, // U+063A
    { 22, 23, 385, 2, 23, 127, 4927 }, // U+063B
    { 22, 31, 385, 2, 22, 171, 5054 }, // U+063C
    { 18, 21, 330, 2, 12, 95, 5225 }, // U+063D
    { 20, 21, 330, 0, 12, 105, 5320 }, // U+063E
    { 20, 21, 330, 0, 12, 105, 5425 }, // U+063F
    { 9, 3, 112, -1, 3, 7, 5530 }, // U+0640
    { 25, 23, 452, 2, 23, 144, 5537 }, // U+0641
    { 18, 27, 345, 2, 18, 122, 5681 }, // U+0642
    { 17, 23, 298, 0, 23, 98, 5803 }, // U+0643
    { 16, 32, 317, 2, 23, 128, 5901 }, // U+0644
    { 13, 23, 261, 2, 12, 75, 6029 }, // U+0645
    { 16, 22, 312, 2, 13, 88, 6104 }, // U+0646
    { 20, 16, 336, 0, 15, 80, 6192 }, // U+0647
    { 13, 19, 250, 1, 12, 62, 6272 }, // U+0648
    { 18, 21, 330, 2, 12, 95, 6334 }, // U+0649
    { 18, 27, 330, 2, 12, 122, 6429 }, // U+064A
    { 8, 8, 0, 0, 30, 16, 6551 }, // U+064B
    { 9, 8, 0, 0, 30, 18, 6567 }, // U+064C
    { 7, 6, 0, 0, -2, 11, 6585 }, // U+064D
    { 7, 6, 0, 0, 30, 11, 6596 }, // U+064E
    { 7, 8, 0, 0, 30, 14, 6607 }, // U+064F
    { 7, 6, 0, 0, -2, 11, 6621 }, // U+0650
    { 7, 7, 0, 0, 25, 13, 6632 }, // U+0651
    { 5, 6, 0, 0, 30, 8, 6645 }, // U+0652
    { 11, 4, 0, -1, 35, 11, 6653 }, // U+0653
    { 6, 8, 0, -1, 35, 12, 6664 }, // U+0654
    { 6, 8, 0, -1, -2, 12, 6676 }, // U+0655
    { 3, 10, 0, -1, -2, 8, 6688 }, // U+0656
    { 7, 7, 0, -1, 35, 13, 6696 }, // U+0657
    { 7, 5, 0, -1, 35, 9, 6709 }, // U+0658
    { 9, 2, 0, -1, 35, 5, 6718 }, // U+0659
    { 7, 7, 0, 0, 35, 13, 6723 }, // U+065A
    { 6, 7, 0, 0, 35, 11, 6736 }, // U+065B
    { 5, 6, 0, 0, -2, 8, 6747 }, // U+065C
    { 7, 8, 0, -1, 35, 14, 6755 }, // U+065D
    { 8, 7, 0, -1, 35, 14, 6769 }, // U+065E
    { 8, 8, 0, -1, 35, 16, 6783 }, // U+065F
    { 6, 7, 239, 5, 11, 11, 6799 }, // U+0660
    { 6, 19, 239, 4, 19, 29, 6810 }, // U+0661
    { 12, 19, 239, 2, 19, 57, 6839 }, // U+0662
    { 13, 19, 239, 1, 19, 62, 6896 }, // U+0663
    { 13, 21, 239, 2, 20, 69, 6958 }, // U+0664
    { 11, 16, 239, 2, 18, 44, 7027 }, // U+0665
    { 14, 21, 239, 0, 20, 74, 7071 }, // U+0666
    { 15, 19, 239, 0, 19, 72, 7145 }, // U+0667
    { 15, 19, 239, 0, 19, 72, 7217 }, // U+0668
    { 12, 21, 239, 2, 20, 63, 7289 }, // U+0669
    { 12, 19, 214, 1, 17, 57, 7352 }, // U+066A
    { 7, 15, 118, -1, 7, 27, 7409 }, // U+066B
    { 8, 15, 118, 0, 20, 30, 7436 }, // U+066C
    { 13, 13, 213, 0, 14, 43, 7466 }, // U+066D
    { 23, 14, 412, 2, 14, 81, 7509 }, // U+066E
    { 18, 21, 345, 2, 12, 95, 7590 }, // U+066F
    { 3, 10, 0, -1, 30, 8, 7685 }, // U+0670
    { 9, 31, 127, -1, 31, 70, 7693 }, // U+0671
    { 9, 31, 127, -1, 31, 70, 7763 }, // U+0672
    { 8, 33, 127, 0, 23, 66, 7833 }, // U+0673
    { 13, 12, 233, 1, 18, 39, 7899 }, // U+0674
    { 20, 23, 360, 2, 23, 115, 7938 }, // U+0675
    { 29, 25, 483, 1, 18, 182, 8053 }, // U+0676
    { 29, 28, 483, 1, 21, 203, 8235 }, // U+0677
    { 33, 27, 563, 2, 18, 223, 8438 }, // U+0678
    { 23, 18, 412, 2, 18, 104, 8661 }, // U+0679
    { 23, 18, 412, 2, 18, 104, 8765 }, // U+067A
    { 23, 24, 412, 2, 14, 138, 8869 }, // U+067B
    { 23, 19, 412, 2, 16, 110, 9007 }, // U+067C
    { 23, 17, 412, 2, 17, 98, 9117 }, // U+067D
    { 23, 23, 412, 2, 14, 133, 9215 }, // U+067E
    { 23, 18, 412, 2, 18, 104, 9348 }, // U+067F
    { 23, 23, 412, 2, 14, 133, 9452 }, // U+0680
    { 19, 31, 339, 2, 21, 148, 9585 }, // U+0681
    { 19, 32, 339, 2, 22, 152, 9733 }, // U+0682
    { 19, 23, 339, 2, 13, 110, 9885 }, // U+0683
    { 19, 23, 339, 2, 13, 110, 9995 }, // U+0684
    { 19, 31, 339, 2, 21, 148, 10105 }, // U+0685
    { 19, 23, 339, 2, 13, 110, 10253 }, // U+0686
    { 19, 23, 339, 2, 13, 110, 10363 }, // U+0687
    { 12, 22, 221, 1, 22, 66, 10473 }, // U+0688
    { 12, 17, 221, 1, 14, 51, 10539 }, // U+0689
    { 12, 21, 221, 1, 14, 63, 10590 }, // U+068A
    { 12, 29, 221, 1, 22, 87, 10653 }, // U+068B
    { 12, 20, 221, 1, 20, 60, 10740 }, // U+068C
    { 12, 21, 221, 1, 14, 63, 10800 }, // U+068D
    { 12, 22, 221, 1, 22, 66, 10863 }, // U+068E
    { 12, 22, 221, 1, 22, 66, 10929 }, // U+068F
    { 12, 22, 221, 1, 22, 66, 10995 }, // U+0690
    { 13, 27, 206, -1, 20, 88, 11061 }, // U+0691
    { 13, 26, 206, -1, 19, 85, 11149 }, // U+0692
    { 13, 21, 206, -1, 12, 69, 11234 }, // U+0693
    { 13, 26, 206, -1, 12, 85, 0 }, // U+0694
    { 13, 26, 206, -1, 12, 85, 85 }, // U+0695
    { 13, 26, 206, -1, 12, 85, 170 }, // U+0696
    { 13, 25, 206, -1, 18, 82, 255 }, // U+0697
    { 13, 27, 206, -1, 20, 88, 337 }, // U+0698
    { 13, 27, 206, -1, 20, 88, 425 }, // U+0699
    { 31, 25, 540, 2, 16, 194, 513 }, // U+069A
    { 31, 21, 540, 2, 12, 163, 707 }, // U+069B
    { 31, 26, 540, 2, 17, 202, 870 }, // U+069C
    { 33, 21, 584, 2, 12, 174, 1072 }, // U+069D
    { 33, 30, 584, 2, 21, 248, 1246 }, // U+069E
    { 23, 23, 410, 1, 23, 133, 1494 }, // U+069F
    { 19, 34, 322, 2, 24, 162, 1627 }, // U+06A0
    { 25, 17, 452, 2, 17, 107, 1789 }, // U+06A1
    { 25, 24, 452, 2, 17, 150, 1896 }, // U+06A2
    { 25, 30, 452, 2, 23, 188, 2046 }, // U+06A3
    { 25, 24, 452, 2, 24, 150, 2234 }, // U+06A4
    { 25, 25, 452, 2, 17, 157, 2384 }, // U+06A5
    { 25, 25, 452, 2, 25, 157, 2541 }, // U+06A6
    { 18, 27, 345, 2, 18, 122, 2698 }, // U+06A7
    { 18, 29, 345, 2, 20, 131, 2820 }, // U+06A8
    { 22, 22, 385, 2, 22, 121, 2951 }, // U+06A9
    { 33, 18, 541, 0, 18, 149, 3072 }, // U+06AA
    { 22, 22, 385, 2, 22, 121, 3221 }, // U+06AB
    { 17, 23, 298, 0, 23, 98, 3342 }, // U+06AC
    { 17, 23, 298, 0, 23, 98, 3440 }, // U+06AD
    { 17, 32, 298, 0, 23, 136, 3538 }, // U+06AE
    { 22, 25, 385, 2, 25, 138, 3674 }, // U+06AF
    { 22, 25, 385, 2, 25, 138, 3812 }, // U+06B0
    { 22, 26, 385, 2, 26, 143, 3950 }, // U+06B1
    { 22, 32, 385, 2, 25, 176, 4093 }, // U+06B2
    { 22, 35, 385, 2, 25, 193, 4269 }, // U+06B3
    { 22, 27, 385, 2, 27, 149, 4462 }, // U+06B4
    { 16, 39, 317, 2, 30, 156, 4611 }, // U+06B5
    { 16, 38, 317, 2, 29, 152, 4767 }, // U+06B6
    { 17, 39, 317, 2, 30, 166, 4919 }, // U+06B7
    { 16, 40, 317, 2, 23, 160, 5085 }, // U+06B8
    { 16, 29, 312, 2, 13, 116, 5245 }, // U+06B9
    { 16, 17, 312, 2, 8, 68, 5361 }, // U+06BA
    { 16, 24, 312, 2, 15, 96, 5429 }, // U+06BB
    { 16, 25, 312, 2, 13, 100, 5525 }, // U+06BC
    { 16, 23, 312, 2, 14, 92, 5625 }, // U+06BD
    { 20, 16, 336, 0, 15, 80, 5717 }, // U+06BE
    { 19, 30, 339, 2, 20, 143, 5797 }, // U+06BF
    { 10, 22, 218, 2, 22, 55, 5940 }, // U+06C0
    { 10, 14, 218, 2, 14, 35, 5995 }, // U+06C1
    { 10, 22, 218, 2, 22, 55, 6030 }, // U+06C2
    { 11, 20, 218, 1, 20, 55, 6085 }, // U+06C3
    { 14, 20, 250, 0, 12, 70, 6140 }, // U+06C4
    { 14, 20, 250, 0, 12, 70, 6210 }, // U+06C5
    { 13, 26, 250, 1, 19, 85, 6280 }, // U+06C6
    { 13, 28, 250, 1, 21, 91, 6365 }, // U+06C7
    { 13, 34, 250, 1, 27, 111, 6456 }, // U+06C8
    { 13, 26, 250, 1, 19, 85, 6567 }, // U+06C9
    { 13, 25, 250, 1, 18, 82, 6652 }, // U+06CA
    { 13, 27, 250, 1, 20, 88, 6734 }, // U+06CB
    { 18, 21, 330, 2, 12, 95, 6822 }, // U+06CC
    { 23, 21, 330, -3, 12, 121, 6917 }, // U+06CD
    { 19, 21, 330, 1, 12, 100, 7038 }, // U+06CE
    { 13, 25, 250, 1, 18, 82, 7138 }, // U+06CF
    { 18, 30, 330, 2, 12, 135, 7220 }, // U+06D0
    { 18, 29, 330, 2, 12, 131, 7355 }, // U+06D1
    { 24, 11, 412, 2, 11, 66, 7486 }, // U+06D2
    { 24, 19, 412, 2, 19, 114, 7552 }, // U+06D3
    { 8, 3, 130, 0, 3, 6, 7666 }, // U+06D4
    { 10, 14, 218, 2, 14, 35, 7672 }, // U+06D5
    { 17, 12, 0, 0, 35, 51, 7707 }, // U+06D6
    { 12, 12, 0, 0, 35, 36, 7758 }, // U+06D7
    { 8, 8, 0, 0, 35, 16, 7794 }, // U+06D8
    { 6, 10, 0, 0, 35, 15, 7810 }, // U+06D9
    { 7, 10, 0, 0, 35, 18, 7825 }, // U+06DA
    { 7, 7, 0, 0, 35, 13, 7843 }, // U+06DB
    { 12, 9, 0, 0, 35, 27, 7856 }, // U+06DC
    { 38, 46, 672, 2, 36, 437, 7883 }, // U+06DD
    { 31, 31, 491, 0, 24, 241, 8320 }, // U+06DE
    { 5, 5, 0, -1, 35, 7, 8561 }, // U+06DF
    { 5, 6, 0, -1, 35, 8, 8568 }, // U+06E0
    { 7, 6, 0, -1, 35, 11, 8576 }, // U+06E1
    { 6, 9, 0, -1, 35, 14, 8587 }, // U+06E2
    { 12, 9, 0, 0, 35, 27, 8601 }, // U+06E3
    { 11, 4, 0, -1, 35, 11, 8628 }, // U+06E4
    { 6, 8, 109, 0, 7, 12, 8639 }, // U+06E5
    { 10, 4, 157, 0, 4, 10, 8651 }, // U+06E6
    { 9, 4, 0, 0, 35, 9, 8661 }, // U+06E7
    { 6, 9, 0, 0, 35, 14, 8670 }, // U+06E8
    { 17, 25, 272, 0, 22, 107, 8684 }, // U+06E9
    { 5, 6, 0, 0, 35, 8, 8791 }, // U+06EA
    { 5, 6, 0, 0, 35, 8, 8799 }, // U+06EB
    { 5, 6, 0, 0, 35, 8, 8807 }, // U+06EC
    { 6, 9, 0, -1, 35, 14, 8815 }, // U+06ED
    { 12, 21, 221, 1, 21, 63, 8829 }, // U+06EE
    { 13, 26, 206, -1, 19, 85, 8892 }, // U+06EF
    { 6, 7, 239, 5, 11, 11, 8977 }, // U+06F0
    { 6, 19, 239, 4, 19, 29, 8988 }, // U+06F1
    { 12, 19, 239, 2, 19, 57, 9017 }, // U+06F2
    { 13, 19, 239, 1, 19, 62, 9074 }, // U+06F3
    { 13, 20, 239, 1, 20, 65, 9136 }, // U+06F4
    { 13, 20, 239, 1, 20, 65, 9201 }, // U+06F5
    { 12, 19, 239, 2, 19, 57, 9266 }, // U+06F6
    { 15, 19, 239, 0, 19, 72, 9323 }, // U+06F7
    { 15, 19, 239, 0, 19, 72, 9395 }, // U+06F8
    { 12, 21, 239, 2, 20, 63, 9467 }, // U+06F9
    { 31, 26, 540, 2, 17, 202, 9530 }, // U+06FA
    { 33, 29, 584, 2, 20, 240, 9732 }, // U+06FB
    { 19, 33, 322, 2, 23, 157, 9972 }, // U+06FC
    { 13, 20, 233, 1, 10, 65, 10129 }, // U+06FD
    { 13, 23, 261, 2, 12, 75, 10194 }, // U+06FE
    { 20, 24, 336, 0, 23, 120, 10269 }, // U+06FF
    { 23, 20, 412, 2, 14, 115, 0 }, // U+0750
    { 23, 26, 412, 2, 18, 150, 115 }, // U+0751
    { 23, 23, 412, 2, 14, 133, 265 }, // U+0752
    { 23, 25, 412, 2, 16, 144, 398 }, // U+0753
    { 23, 23, 412, 2, 16, 133, 542 }, // U+0754
    { 23, 22, 412, 2, 14, 127, 675 }, // U+0755
    { 23, 17, 412, 2, 17, 98, 802 }, // U+0756
    { 19, 29, 339, 2, 19, 138, 900 }, // U+0757
    { 19, 23, 339, 2, 13, 110, 1038 }, // U+0758
    { 12, 32, 221, 1, 22, 96, 1148 }, // U+0759
    { 12, 22, 221, 1, 14, 66, 1244 }, // U+075A
    { 14, 19, 206, -1, 12, 67, 1310 }, // U+075B
    { 31, 27, 540, 2, 18, 210, 1377 }, // U+075C
    { 19, 32, 322, 2, 22, 152, 1587 }, // U+075D
    { 19, 34, 322, 2, 24, 162, 1739 }, // U+075E
    { 19, 35, 322, 2, 25, 167, 1901 }, // U+075F
    { 25, 24, 452, 2, 17, 150, 2068 }, // U+0760
    { 25, 26, 452, 2, 17, 163, 2218 }, // U+0761
    { 22, 23, 385, 2, 23, 127, 2381 }, // U+0762
    { 22, 24, 385, 2, 24, 132, 2508 }, // U+0763
    { 22, 31, 385, 2, 22, 171, 2640 }, // U+0764
    { 13, 30, 261, 2, 19, 98, 2811 }, // U+0765
    { 13, 23, 261, 2, 12, 75, 2909 }, // U+0766
    { 16, 29, 312, 2, 13, 116, 2984 }, // U+0767
    { 16, 30, 312, 2, 21, 120, 3100 }, // U+0768
    { 16, 29, 312, 2, 20, 116, 3220 }, // U+0769
    { 18, 32, 317, 2, 23, 144, 3336 }, // U+076A
    { 13, 28, 206, -1, 21, 91, 3480 }, // U+076B
    { 13, 26, 206, -1, 19, 85, 3571 }, // U+076C
    { 31, 27, 540, 2, 18, 210, 3656 }, // U+076D
    { 19, 23, 339, 2, 13, 110, 3866 }, // U+076E
    { 19, 23, 339, 2, 13, 110, 3976 }, // U+076F
    { 31, 30, 540, 2, 21, 233, 4086 }, // U+0770
    { 13, 30, 206, -1, 23, 98, 4319 }, // U+0771
    { 19, 32, 339, 2, 22, 152, 4417 }, // U+0772
    { 8, 23, 127, -2, 23, 46, 4569 }, // U+0773
    { 8, 23, 127, -2, 23, 46, 4615 }, // U+0774
    { 18, 24, 330, 2, 15, 108, 4661 }, // U+0775
    { 18, 24, 330, 2, 15, 108, 4769 }, // U+0776
    { 18, 33, 330, 2, 12, 149, 4877 }, // U+0777
    { 15, 24, 250, -1, 17, 90, 5026 }, // U+0778
    { 15, 24, 250, -1, 17, 90, 5116 }, // U+0779
    { 24, 19, 412, 2, 19, 114, 5206 }, // U+077A
    { 24, 19, 412, 2, 19, 114, 5320 }, // U+077B
    { 19, 23, 339, 2, 13, 110, 5434 }, // U+077C
    { 31, 29, 540, 2, 20, 225, 5544 }, // U+077D
    { 31, 26, 540, 2, 17, 202, 5769 }, // U+077E
    { 17, 23, 298, 0, 23, 98, 5971 }, // U+077F
    { 9, 3, 172, 1, 3, 7, 0 }, // U+2010
    { 18, 3, 267, -1, 10, 14, 7 }, // U+2013
    { 35, 3, 533, -1, 10, 27, 21 }, // U+2014
    { 7, 10, 133, 1, 24, 18, 48 }, // U+2018
    { 6, 10, 133, 1, 24, 15, 66 }, // U+2019
    { 6, 11, 133, 1, 5, 17, 81 }, // U+201A
    { 13, 10, 240, 1, 24, 33, 98 }, // U+201C
    { 13, 10, 240, 1, 24, 33, 131 }, // U+201D
    { 13, 11, 240, 1, 5, 36, 164 }, // U+201E
    { 10, 10, 193, 1, 17, 25, 200 }, // U+2022
    { 24, 6, 458, 2, 5, 36, 225 }, // U+2026
    { 23, 23, 412, 2, 14, 133, 0 }, // U+FB56
    { 26, 19, 436, 2, 10, 124, 133 }, // U+FB57
    { 12, 22, 183, -1, 13, 66, 257 }, // U+FB58
    { 14, 17, 192, -1, 8, 60, 323 }, // U+FB59
    { 19, 23, 339, 2, 13, 110, 383 }, // U+FB7A
    { 21, 22, 355, 2, 12, 116, 493 }, // U+FB7B
    { 22, 20, 339, -1, 12, 110, 609 }, // U+FB7C
    { 24, 20, 355, -1, 12, 120, 719 }, // U+FB7D
    { 13, 27, 206, -1, 20, 88, 839 }, // U+FB8A
    { 16, 27, 215, -1, 20, 108, 927 }, // U+FB8B
    { 13, 27, 206, -1, 20, 88, 1035 }, // U+FB8C
    { 16, 27, 215, -1, 20, 108, 1123 }, // U+FB8D
    { 22, 22, 385, 2, 22, 121, 1231 }, // U+FB8E
    { 25, 22, 414, 2, 22, 138, 1352 }, // U+FB8F
    { 15, 22, 221, -1, 22, 83, 1490 }, // U+FB90
    { 17, 22, 245, -1, 22, 94, 1573 }, // U+FB91
    { 22, 25, 385, 2, 25, 138, 1667 }, // U+FB92
    { 25, 25, 414, 2, 25, 157, 1805 }, // U+FB93
    { 15, 25, 221, -1, 25, 94, 1962 }, // U+FB94
    { 17, 25, 245, -1, 25, 107, 2056 }, // U+FB95
    { 10, 22, 218, 2, 22, 55, 2163 }, // U+FBA4
    { 14, 22, 241, 2, 22, 77, 2218 }, // U+FBA5
    { 17, 23, 298, 0, 23, 98, 2295 }, // U+FBD3
    { 24, 23, 392, 2, 23, 138, 2393 }, // U+FBD4
    { 15, 24, 221, -1, 24, 90, 2531 }, // U+FBD5
    { 17, 24, 245, -1, 24, 102, 2621 }, // U+FBD6
    { 18, 21, 330, 2, 12, 95, 2723 }, // U+FBFC
    { 22, 13, 366, 2, 4, 72, 2818 }, // U+FBFD
    { 12, 20, 183, -1, 13, 60, 2890 }, // U+FBFE
    { 14, 15, 192, -1, 8, 53, 2950 }, // U+FBFF
    { 16, 35, 267, 0, 25, 140, 3003 }, // U+FD3E
    { 16, 35, 267, 1, 25, 140, 3143 }, // U+FD3F
    { 36, 29, 635, 2, 29, 261, 3283 }, // U+FDF2
    { 8, 8, 118, 0, 32, 16, 0 }, // U+FE70
    { 9, 16, 112, -1, 16, 36, 16 }, // U+FE71
    { 9, 8, 118, 0, 32, 18, 52 }, // U+FE72
    { 11, 11, 184, 2, 2, 31, 70 }, // U+FE73
    { 8, 6, 118, 0, -1, 12, 101 }, // U+FE74
    { 8, 6, 118, 0, 30, 12, 113 }, // U+FE76
    { 9, 13, 112, -1, 13, 30, 125 }, // U+FE77
    { 8, 8, 118, 0, 32, 16, 155 }, // U+FE78
    { 9, 15, 112, -1, 15, 34, 171 }, // U+FE79
    { 8, 6, 118, 0, 0, 12, 205 }, // U+FE7A
    { 9, 11, 112, -1, 3, 25, 217 }, // U+FE7B
    { 8, 7, 118, 0, 31, 14, 242 }, // U+FE7C
    { 9, 15, 112, -1, 15, 34, 256 }, // U+FE7D
    { 6, 6, 118, 1, 29, 9, 290 }, // U+FE7E
    { 9, 12, 112, -1, 12, 27, 299 }, // U+FE7F
    { 13, 12, 233, 1, 10, 39, 326 }, // U+FE80
    { 11, 27, 127, -2, 27, 75, 365 }, // U+FE81
    { 11, 27, 135, -2, 27, 75, 440 }, // U+FE82
    { 6, 31, 127, 1, 31, 47, 515 }, // U+FE83
    { 8, 31, 135, 1, 31, 62, 562 }, // U+FE84
    { 13, 26, 250, 1, 19, 85, 624 }, // U+FE85
    { 16, 26, 250, 1, 19, 104, 709 }, // U+FE86
    { 6, 31, 127, 1, 23, 47, 813 }, // U+FE87
    { 7, 31, 135, 2, 23, 55, 860 }, // U+FE88
    { 18, 21, 330, 2, 12, 95, 915 }, // U+FE89
    { 22, 19, 366, 2, 10, 105, 1010 }, // U+FE8A
    { 9, 21, 147, -1, 21, 48, 1115 }, // U+FE8B
    { 12, 17, 156, -1, 17, 51, 1163 }, // U+FE8C
    { 4, 23, 127, 2, 23, 23, 1214 }, // U+FE8D
    { 7, 23, 135, 2, 23, 41, 1237 }, // U+FE8E
    { 23, 22, 412, 2, 14, 127, 1278 }, // U+FE8F
    { 26, 18, 436, 2, 10, 117, 1405 }, // U+FE90
    { 9, 21, 147, -1, 13, 48, 1522 }, // U+FE91
    { 12, 16, 156, -1, 8, 48, 1570 }, // U+FE92
    { 11, 20, 218, 1, 20, 55, 1618 }, // U+FE93
    { 14, 20, 241, 2, 20, 70, 1673 }, // U+FE94
    { 23, 16, 412, 2, 16, 92, 1743 }, // U+FE95
    { 26, 16, 436, 2, 16, 104, 1835 }, // U+FE96
    { 10, 19, 147, -1, 19, 48, 1939 }, // U+FE97
    { 14, 15, 192, -1, 15, 53, 1987 }, // U+FE98
    { 23, 18, 412, 2, 18, 104, 2040 }, // U+FE99
    { 26, 18, 436, 2, 18, 117, 2144 }, // U+FE9A
    { 10, 21, 147, -1, 21, 53, 2261 }, // U+FE9B
    { 14, 17, 192, -1, 17, 60, 2314 }, // U+FE9C
    { 19, 23, 339, 2, 13, 110, 2374 }, // U+FE9D
    { 21, 22, 355, 2, 12, 116, 2484 }, // U+FE9E
    { 22, 19, 339, -1, 12, 105, 2600 }, // U+FE9F
    { 24, 19, 355, -1, 12, 114, 2705 }, // U+FEA0
    { 19, 23, 339, 2, 13, 110, 2819 }, // U+FEA1
    { 21, 22, 355, 2, 12, 116, 2929 }, // U+FEA2
    { 22, 12, 339, -1, 12, 66, 3045 }, // U+FEA3
    { 24, 12, 355, -1, 12, 72, 3111 }, // U+FEA4
    { 19, 30, 339, 2, 20, 143, 3183 }, // U+FEA5
    { 21, 29, 355, 2, 19, 153, 3326 }, // U+FEA6
    { 22, 19, 339, -1, 19, 105, 3479 }, // U+FEA7
    { 24, 19, 355, -1, 19, 114, 3584 }, // U+FEA8
    { 12, 14, 221, 1, 14, 42, 3698 }, // U+FEA9
    { 16, 14, 253, 1, 14, 56, 3740 }, // U+FEAA
    { 12, 20, 221, 1, 20, 60, 3796 }, // U+FEAB
    { 16, 20, 253, 1, 20, 80, 3856 }, // U+FEAC
    { 13, 19, 206, -1, 12, 62, 3936 }, // U+FEAD
    { 16, 19, 215, -1, 12, 76, 3998 }, // U+FEAE
    { 13, 25, 206, -1, 18, 82, 4074 }, // U+FEAF
    { 16, 25, 215, -1, 18, 100, 4156 }, // U+FEB0
    { 31, 21, 540, 2, 12, 163, 4256 }, // U+FEB1
    { 33, 18, 542, 2, 9, 149, 4419 }, // U+FEB2
    { 22, 12, 351, -1, 12, 66, 4568 }, // U+FEB3
    { 24, 9, 354, -1, 9, 54, 4634 }, // U+FEB4
    { 31, 26, 540, 2, 17, 202, 4688 }, // U+FEB5
    { 33, 26, 542, 2, 17, 215, 4890 }, // U+FEB6
    { 22, 17, 351, -1, 17, 94, 5105 }, // U+FEB7
    { 24, 17, 354, -1, 17, 102, 5199 }, // U+FEB8
    { 33, 21, 584, 2, 12, 174, 5301 }, // U+FEB9
    { 36, 21, 586, 2, 12, 189, 5475 }, // U+FEBA
    { 25, 12, 419, -1, 12, 75, 5664 }, // U+FEBB
    { 28, 12, 415, -1, 12, 84, 5739 }, // U+FEBC
    { 33, 29, 584, 2, 20, 240, 5823 }, // U+FEBD
    { 36, 29, 586, 2, 20, 261, 6063 }, // U+FEBE
    { 25, 20, 419, -1, 20, 125, 6324 }, // U+FEBF
    { 28, 20, 415, -1, 20, 140, 6449 }, // U+FEC0
    { 23, 23, 410, 1, 23, 133, 6589 }, // U+FEC1
    { 26, 23, 413, 1, 23, 150, 6722 }, // U+FEC2
    { 22, 23, 352, -1, 23, 127, 6872 }, // U+FEC3
    { 23, 23, 335, -1, 23, 133, 6999 }, // U+FEC4
    { 23, 23, 410, 1, 23, 133, 7132 }, // U+FEC5
    { 26, 23, 413, 1, 23, 150, 7265 }, // U+FEC6
    { 22, 23, 352, -1, 23, 127, 7415 }, // U+FEC7
    { 23, 23, 335, -1, 23, 133, 7542 }, // U+FEC8
    { 19, 26, 322, 2, 16, 124, 7675 }, // U+FEC9
    { 17, 23, 254, 2, 13, 98, 7799 }, // U+FECA
    { 17, 13, 269, -1, 13, 56, 7897 }, // U+FECB
    { 16, 13, 221, -1, 13, 52, 7953 }, // U+FECC
    { 19, 33, 322, 2, 23, 157, 8005 }, // U+FECD
    { 17, 30, 254, 2, 20, 128, 8162 }, // U+FECE
    { 17, 20, 269, -1, 20, 85, 8290 }, // U+FECF
    { 16, 20, 221, -1, 20, 80, 8375 }, // U+FED0
    { 25, 23, 452, 2, 23, 144, 8455 }, // U+FED1
    { 26, 20, 436, 2, 20, 130, 8599 }, // U+FED2
    { 14, 22, 224, -1, 22, 77, 8729 }, // U+FED3
    { 15, 19, 206, -1, 19, 72, 8806 }, // U+FED4
    { 18, 27, 345, 2, 18, 122, 8878 }, // U+FED5
    { 20, 27, 342, 2, 18, 135, 9000 }, // U+FED6
    { 14, 22, 224, -1, 22, 77, 9135 }, // U+FED7
    { 15, 19, 206, -1, 19, 72, 9212 }, // U+FED8
    { 17, 23, 298, 0, 23, 98, 9284 }, // U+FED9
    { 24, 23, 392, 2, 23, 138, 9382 }, // U+FEDA
    { 15, 22, 221, -1, 22, 83, 9520 }, // U+FEDB
    { 17, 22, 245, -1, 22, 94, 9603 }, // U+FEDC
    { 16, 32, 317, 2, 23, 128, 9697 }, // U+FEDD
    { 19, 32, 315, 2, 23, 152, 9825 }, // U+FEDE
    { 7, 23, 113, -1, 23, 41, 9977 }, // U+FEDF
    { 10, 23, 131, -1, 23, 58, 10018 }, // U+FEE0
    { 13, 23, 261, 2, 12, 75, 10076 }, // U+FEE1
    { 17, 23, 282, 2, 12, 98, 10151 }, // U+FEE2
    { 15, 12, 243, -1, 12, 45, 10249 }, // U+FEE3
    { 16, 12, 220, -1, 12, 48, 10294 }, // U+FEE4
    { 16, 22, 312, 2, 13, 88, 10342 }, // U+FEE5
    { 19, 22, 312, 2, 13, 105, 10430 }, // U+FEE6
    { 9, 20, 147, -1, 20, 45, 10535 }, // U+FEE7
    { 12, 16, 156, -1, 16, 48, 10580 }, // U+FEE8
    { 10, 14, 218, 2, 14, 35, 10628 }, // U+FEE9
    { 14, 15, 241, 2, 15, 53, 10663 }, // U+FEEA
    { 17, 16, 271, -1, 15, 68, 10716 }, // U+FEEB
    { 15, 22, 203, -1, 15, 83, 10784 }, // U+FEEC
    { 13, 19, 250, 1, 12, 62, 10867 }, // U+FEED
    { 16, 19, 250, 1, 12, 76, 10929 }, // U+FEEE
    { 18, 21, 330, 2, 12, 95, 11005 }, // U+FEEF
    { 22, 13, 366, 2, 4, 72, 11100 }, // U+FEF0
    { 18, 27, 330, 2, 12, 122, 11172 }, // U+FEF1
    { 22, 19, 366, 2, 4, 105, 0 }, // U+FEF2
    { 12, 20, 183, -1, 13, 60, 105 }, // U+FEF3
    { 14, 15, 192, -1, 8, 53, 165 }, // U+FEF4
    { 19, 23, 276, -3, 23, 110, 218 }, // U+FEF5
    { 24, 23, 325, -3, 23, 138, 328 }, // U+FEF6
    { 17, 27, 276, -1, 27, 115, 466 }, // U+FEF7
    { 21, 26, 325, 0, 26, 137, 581 }, // U+FEF8
    { 15, 32, 276, 1, 23, 120, 718 }, // U+FEF9
    { 20, 32, 325, 1, 23, 160, 838 }, // U+FEFA
    { 15, 23, 276, 1, 23, 87, 998 }, // U+FEFB
    { 20, 23, 325, 1, 23, 115, 1085 }, // U+FEFC
    { 0, 0, 0, 0, 0, 0, 1200 }, // U+FEFF
};

static const EpdUnicodeInterval notonaskharabic_16_regularIntervals[] = {
    { 0x20, 0x7E, 0x0 },
    { 0x600, 0x6FF, 0x5F },
    { 0x750, 0x77F, 0x15F },
    { 0x2010, 0x2010, 0x18F },
    { 0x2013, 0x2014, 0x190 },
    { 0x2018, 0x201A, 0x192 },
    { 0x201C, 0x201E, 0x195 },
    { 0x2022, 0x2022, 0x198 },
    { 0x2026, 0x2026, 0x199 },
    { 0xFB56, 0xFB59, 0x19A },
    { 0xFB7A, 0xFB7D, 0x19E },
    { 0xFB8A, 0xFB95, 0x1A2 },
    { 0xFBA4, 0xFBA5, 0x1AE },
    { 0xFBD3, 0xFBD6, 0x1B0 },
    { 0xFBFC, 0xFBFF, 0x1B4 },
    { 0xFD3E, 0xFD3F, 0x1B8 },
    { 0xFDF2, 0xFDF2, 0x1BA },
    { 0xFE70, 0xFE74, 0x1BB },
    { 0xFE76, 0xFEFC, 0x1C0 },
    { 0xFEFF, 0xFEFF, 0x247 },
};

static const EpdFontGroup notonaskharabic_16_regularGroups[] = {
    { 0, 4206, 9761, 95, 0 },
    { 4206, 4180, 12192, 148, 95 },
    { 8386, 3495, 11423, 108, 243 },
    { 11881, 1763, 6466, 48, 351 },
    { 13644, 211, 303, 11, 399 },
    { 13855, 1516, 3825, 33, 410 },
    { 15371, 3725, 12231, 129, 443 },
    { 19096, 607, 1273, 12, 572 },
};

static const EpdKernClassEntry notonaskharabic_16_regularKernLeftClasses[] = {
    { 0x0022, 1 }, // "
    { 0x0026, 2 }, // &
    { 0x0027, 1 }, // '
    { 0x002A, 3 }, // *
    { 0x002C, 4 }, // ,
    { 0x0040, 5 }, // @
    { 0x0041, 6 }, // A
    { 0x0042, 7 }, // B
    { 0x0044, 8 }, // D
    { 0x0045, 9 }, // E
    { 0x0046, 10 }, // F
    { 0x0047, 11 }, // G
    { 0x004B, 12 }, // K
    { 0x004C, 13 }, // L
    { 0x004F, 8 }, // O
    { 0x0050, 3 }, // P
    { 0x0051, 8 }, // Q
    { 0x0052, 14 }, // R
    { 0x0053, 15 }, // S
    { 0x0054, 16 }, // T
    { 0x0055, 17 }, // U
    { 0x0056, 18 }, // V
    { 0x0057, 19 }, // W
    { 0x0058, 20 }, // X
    { 0x0059, 21 }, // Y
    { 0x0061, 22 }, // a
    { 0x0062, 23 }, // b
    { 0x0065, 24 }, // e
    { 0x0066, 25 }, // f
    { 0x0067, 26 }, // g
    { 0x0068, 22 }, // h
    { 0x006B, 27 }, // k
    { 0x006D, 22 }, // m
    { 0x006E, 22 }, // n
    { 0x006F, 23 }, // o
    { 0x0070, 23 }, // p
    { 0x0072, 28 }, // r
    { 0x0073, 29 }, // s
    { 0x0076, 30 }, // v
    { 0x0077, 31 }, // w
    { 0x0079, 32 }, // y
    { 0x2018, 33 }, // U+2018
    { 0x2019, 34 }, // U+2019
    { 0x201A, 4 }, // U+201A
    { 0x201C, 33 }, // U+201C
    { 0x201D, 34 }, // U+201D
    { 0x201E, 4 }, // U+201E
    { 0x2026, 4 }, // U+2026
};

static const EpdKernClassEntry notonaskharabic_16_regularKernRightClasses[] = {
    { 0x0022, 1 }, // "
    { 0x0026, 2 }, // &
    { 0x0027, 1 }, // '
    { 0x0029, 3 }, // )
    { 0x002A, 4 }, // *
    { 0x002C, 5 }, // ,
    { 0x003F, 6 }, // ?
    { 0x0040, 7 }, // @
    { 0x0041, 8 }, // A
    { 0x0043, 9 }, // C
    { 0x0047, 9 }, // G
    { 0x004F, 9 }, // O
    { 0x0051, 9 }, // Q
    { 0x0053, 10 }, // S
    { 0x0054, 6 }, // T
    { 0x0055, 11 }, // U
    { 0x0056, 12 }, // V
    { 0x0057, 13 }, // W
    { 0x0058, 14 }, // X
    { 0x0059, 15 }, // Y
    { 0x005A, 16 }, // Z
    { 0x005D, 3 }, // ]
    { 0x0061, 17 }, // a
    { 0x0063, 18 }, // c
    { 0x0064, 18 }, // d
    { 0x0065, 18 }, // e
    { 0x0067, 19 }, // g
    { 0x006F, 18 }, // o
    { 0x0071, 18 }, // q
    { 0x0073, 20 }, // s
    { 0x0075, 21 }, // u
    { 0x0076, 22 }, // v
    { 0x0077, 23 }, // w
    { 0x0079, 24 }, // y
    { 0x007A, 25 }, // z
    { 0x007D, 3 }, // }
    { 0x2018, 26 }, // U+2018
    { 0x2019, 4 }, // U+2019
    { 0x201A, 27 }, // U+201A
    { 0x201C, 26 }, // U+201C
    { 0x201D, 4 }, // U+201D
    { 0x201E, 27 }, // U+201E
    { 0x2026, 27 }, // U+2026
};

static const int8_t notonaskharabic_16_regularKernMatrix[] = {
       0,    0,    0,    0,    0,    0,    0,  -43,    0,    0,    0,    0,    0,    0,    0,    0,    0,  -11,  -32,    0,    0,    0,    0,    0,    0,    0,    0,
       0,    0,    0,    0,    0,  -16,    0,    0,    0,    0,    0,  -21,  -21,    0,  -16,    0,    0,    0,    0,    0,    0,    0,    0,    0,    0,    0,    0,
       0,   -5,    0,    0,  -64,    0,    0,  -27,    0,    0,    0,    0,    0,    0,    0,    0,    0,    0,    0,    0,    0,    0,    0,    0,    0,    0,  -64,
       0,    0,    0,    0,    0,  -48,    0,    0,  -11,    0,  -11,  -59,  -48,    0,  -43,    0,    0,    0,    0,    0,    0,  -37,  -32,  -27,    0,    0,    0,
       0,    0,    0,    0,    0,    0,    0,  -16,    0,    0,    0,    0,    0,    0,   -5,    0,    0,    0,    0,    0,    0,    0,    0,    0,    0,    0,    0,
     -43,    0,    0,  -37,    0,  -32,    0,    0,  -11,    0,  -11,  -43,  -37,    0,  -37,    0,    0,  -11,  -11,    0,  -11,  -32,  -16,  -27,    0,  -37,    0,
       0,    0,    0,  -11,    0,  -11,    0,  -11,    0,    0,    0,  -21,  -16,  -11,  -21,  -11,    0,    0,    0,    0,    0,    0,   -5,  -11,    0,    0,    0,
       0,    0,    0,    0,  -11,  -11,    0,  -11,    0,    0,    0,  -11,  -11,  -11,  -16,    0,    0,    0,    0,    0,    0,    0,    0,    0,    0,    0,  -11,
       0,    0,    0,    0,    0,    0,    0,    0,    0,    0,    0,  -11,  -11,    0,  -11,    0,    0,    0,    0,    0,    0,    0,    0,    0,    0,    0,    0,
       0,  -11,    0,    0,  -64,    0,  -21,  -37,    0,    0,    0,    0,    0,    0,    0,    0,  -21,  -21,  -21,    0,    0,    0,    0,    0,    0,    0,  -64,
       0,    0,    0,    0,    0,  -11,    0,    0,    0,    0,    0,  -11,  -11,    0,  -11,    0,    0,    0,    0,    0,    0,    0,    0,    0,    0,    0,    0,
       0,    0,    0,    0,    0,    0,    0,    0,  -11,    0,    0,    0,    0,    0,    0,    0,    0,  -11,  -11,    0,  -11,    0,  -16,  -16,    0,    0,    0,
     -32,    0,    0,  -43,    0,  -37,    0,    0,    0,    0,    0,  -27,  -27,    0,  -32,    0,    0,    0,    0,    0,    0,  -11,   -5,  -16,    0,  -43,    0,
       0,    0,    0,  -11,    0,  -11,    0,    0,  -11,    0,   -5,  -16,  -16,    0,  -16,    0,    0,    0,    0,    0,    0,   -5,   -5,  -11,    0,    0,    0,
       0,    0,    0,    0,    0,  -11,    0,  -11,    0,    0,    0,  -11,  -11,  -11,  -11,    0,    0,    0,    0,    0,    0,    0,   -5,  -11,    0,    0,    0,
       0,   -5,    0,    0,  -48,    0,  -16,  -32,  -11,    0,    0,    0,    0,    0,    0,    0,  -16,  -27,  -27,   -3,    0,    0,    0,    0,    0,    0,  -48,
       0,    0,    0,    0,  -11,    0,   -5,  -11,    0,    0,    0,    0,    0,    0,    0,    0,    0,    0,    0,    0,    0,    0,    0,    0,    0,    0,  -11,
       0,  -16,    0,    0,  -59,    0,  -27,  -43,  -11,    0,    0,    0,    0,    0,    0,    0,  -32,  -32,  -32,  -21,    0,    0,    0,    0,    0,    0,  -59,
       0,    0,    0,    0,  -48,    0,  -27,  -37,  -11,    0,    0,    0,    0,    0,    0,    0,  -37,  -32,  -32,  -27,    0,    0,    0,    0,  -16,    0,  -48,
       0,    0,    0,    0,    0,    0,    0,    0,  -11,   -5,    0,    0,    0,    0,    0,    0,    0,    0,    0,    0,    0,    0,  -16,  -27,    0,    0,    0,
       0,   -5,    0,    0,  -43,    0,  -21,  -37,  -16,  -11,    0,    0,    0,    0,    0,    0,  -32,  -37,  -37,  -32,    0,    0,    0,    0,  -11,    0,  -43,
     -21,    0,    0,    0,    0,    0,    0,    0,    0,    0,    0,    0,    0,    0,    0,    0,    0,    0,    0,    0,    0,    0,    0,  -11,    0,    0,    0,
       0,    0,    0,    0,    0,    0,    0,    0,    0,    0,    0,  -32,  -32,    0,  -37,    0,    0,    0,    0,    0,    0,    0,    0,  -11,    0,    0,    0,
       0,    0,    0,    0,    0,    0,    0,    0,    0,    0,    0,  -32,  -32,    0,  -32,    0,    0,    0,    0,    0,    0,    0,    0,    0,    0,    0,    0,
      43,    0,   48,   43,    0,    0,    0,    0,    0,    0,    0,    0,    0,    0,    0,    0,    0,    0,    0,    0,    0,    0,    0,    0,    0,    0,    0,
       0,    0,    0,    0,    0,    0,    0,    0,    0,    0,    0,    0,  -11,    0,    0,    0,    0,    0,    0,    0,    0,    0,    0,    0,    0,    0,    0,
       0,    0,    0,    0,    0,    0,    0,    0,    0,    0,    0,    0,    0,    0,    0,    0,    0,  -11,  -11,    0,    0,    0,    0,    0,    0,    0,    0,
       0,    0,    0,   16,  -69,    0,    0,    0,    0,    0,    0,    0,    0,    0,    0,    0,  -11,    0,    0,    0,    0,    0,    0,    0,    0,    0,  -69,
       0,    0,    0,    0,    0,    0,    0,    0,    0,    0,    0,    0,    0,    0,  -32,    0,    0,    0,    0,    0,    0,    0,    0,    0,    0,    0,    0,
       0,    0,    0,    0,  -27,    0,    0,  -32,    0,    0,    0,    0,    0,    0,    0,    0,    0,    0,    0,    0,    0,    0,    0,    0,    0,    0,  -37,
       0,    0,    0,    0,  -37,    0,    0,  -16,    0,    0,    0,    0,    0,    0,    0,    0,    0,    0,    0,    0,    0,    0,    0,    0,    0,    0,  -37,
       0,    0,    0,    0,  -48,    0,    0,  -27,    0,    0,    0,    0,    0,    0,    0,    0,    0,   -5,   -5,    0,    0,    0,    0,    0,    0,    0,  -48,
       0,    0,    0,    0,    0,    0,    0,  -37,    0,    0,    0,    0,    0,    0,    0,    0,    0,    0,    0,    0,    0,    0,    0,    0,    0,    0,    0,
       0,    0,    0,    0,    0,    0,    0,  -53,  -11,    0,    0,    0,    0,    0,    0,    0,  -16,  -21,  -21,  -27,    0,    0,    0,    0,    0,    0,    0,
};

static const EpdFontData notonaskharabic_16_regular = {
    notonaskharabic_16_regularBitmaps,
    notonaskharabic_16_regularGlyphs,
    notonaskharabic_16_regularIntervals,
    20,
    57,
    36,
    -22,
    true,
    notonaskharabic_16_regularGroups,
    8,
    nullptr,
    notonaskharabic_16_regularKernLeftClasses,
    notonaskharabic_16_regularKernRightClasses,
    notonaskharabic_16_regularKernMatrix,
    48,
    43,
    34,
    27,
    nullptr,
    0,
};
