/**
 * generated by fontconvert.py
 * name: notosansarabic_14_regular
 * size: 14
 * mode: 2-bit  compressed: true
 * Command used: fontconvert.py notosansarabic_14_regular 14 ../builtinFonts/source/NotoSansArabic/NotoSansArabic-Regular.ttf --2bit --compress --script arabic
 */
#pragma once
#include "EpdFontData.h"

static const uint8_t notosansarabic_14_regularBitmaps[13687] = {
    0xBD, 0x59, 0x3D, 0x6C, 0xDD, 0xD6, 0x15, 0x3E, 0x24, 0x61, 0x13, 0x08, 0x81, 0xB2, 0x83, 0xD5,
    0x06, 0x31, 0x1A, 0x76, 0xC8, 0xD0, 0x1A, 0xB1, 0xB8, 0xB6, 0xC0, 0xE3, 0x4F, 0x9A, 0xC1, 0x63,
    0x34, 0xF8, 0x25, 0x40, 0x35, 0xB8, 0x83, 0x86, 0x20, 0x45, 0xA1, 0xD5, 0x2D, 0xDE, 0xD3, 0x23,
    0x9A, 0xA1, 0x43, 0x87, 0x6A, 0x68, 0x76, 0x0F, 0x1E, 0x0C, 0x75, 0x70, 0x06, 0x0F, 0x4A, 0xCB,
    0x27, 0x32, 0xCD, 0x90, 0x31, 0x6C, 0x83, 0x4E, 0x1D, 0x42, 0x34, 0x72, 0x0B, 0x64, 0x31, 0x8B,
    0xD0, 0x30, 0x9D, 0xF0, 0x3D, 0xF6, 0xFB, 0x0E, 0xF9, 0x64, 0x29, 0x91, 0x15, 0x05, 0x09, 0x4A,
    0xF1, 0x1C, 0xF3, 0x5D, 0x5E, 0xDE, 0x7B, 0xCF, 0xEF, 0xFD, 0xCE, 0xF5, 0x7C, 0x3E, 0x9F, 0x4E,
    0x27, 0x93, 0xC9, 0xA8, 0xBF, 0x44, 0x2E, 0x1D, 0x2C, 0xE7, 0x97, 0x42, 0x27, 0xC7, 0x1D, 0xF0,
    0x4E, 0x02, 0x3B, 0xB9, 0x6A, 0x27, 0x2F, 0xDA, 0xC9, 0xB3, 0x66, 0x2C, 0x66, 0xFE, 0x03, 0x11,
    0x2B, 0xBF, 0x4A, 0x86, 0xCE, 0x76, 0x02, 0xE6, 0x24, 0x37, 0x45, 0xDC, 0xF8, 0xA6, 0x3C, 0x73,
    0x77, 0x6F, 0x79, 0xCB, 0xED, 0xBA, 0xAE, 0xBA, 0xB0, 0x3D, 0x7E, 0xB8, 0x21, 0xEB, 0x46, 0x25,
    0x72, 0xD5, 0x28, 0x45, 0x46, 0x66, 0x01, 0x66, 0xE5, 0x32, 0xC3, 0xDB, 0x3C, 0x22, 0x93, 0x7B,
    0x76, 0x22, 0x52, 0x39, 0x31, 0x98, 0x2B, 0x3D, 0x33, 0x4A, 0x4F, 0xC4, 0x2C, 0x9E, 0x97, 0xFE,
    0xE2, 0x3B, 0xD2, 0x8D, 0xDB, 0x62, 0xE3, 0x0B, 0xAF, 0xCB, 0xF2, 0xC8, 0x79, 0x29, 0x0E, 0xD0,
    0x46, 0x8A, 0x40, 0xFE, 0x3F, 0x63, 0x71, 0xBA, 0x44, 0x8C, 0x6E, 0x81, 0x35, 0xE0, 0xC1, 0xB9,
    0x51, 0x8A, 0xF3, 0x72, 0x25, 0xCE, 0x4B, 0xA0, 0x9F, 0x55, 0x2F, 0x38, 0xD7, 0xCA, 0xE8, 0x01,
    0xA7, 0x5C, 0x8A, 0xB1, 0xBD, 0xFB, 0x64, 0xCC, 0x8B, 0xB2, 0x9A, 0xA4, 0xC1, 0xB4, 0xE2, 0x65,
    0x62, 0x15, 0x12, 0xB8, 0xB1, 0x93, 0xC8, 0xC4, 0x4E, 0xB0, 0x96, 0x9B, 0x56, 0xBE, 0x2E, 0xB2,
    0xAF, 0x62, 0x82, 0xEF, 0x93, 0xBF, 0x5B, 0xB1, 0xFD, 0xBD, 0xBF, 0xED, 0xCB, 0xC8, 0xFE, 0xDD,
    0xFB, 0x5D, 0x1C, 0xB8, 0xAF, 0xBC, 0x72, 0x0D, 0xEB, 0x5A, 0x7F, 0xDE, 0x2A, 0xEC, 0x66, 0xA4,
    0xA2, 0xEE, 0x07, 0x94, 0xBA, 0x22, 0x37, 0x4B, 0x72, 0x3B, 0x67, 0xBB, 0x1B, 0xAF, 0x9B, 0x98,
    0x46, 0x5C, 0x28, 0x21, 0x10, 0xF7, 0x41, 0x2E, 0xFB, 0x62, 0x75, 0xBA, 0x82, 0xEF, 0xAE, 0x96,
    0x32, 0x6B, 0xC0, 0x8C, 0x8E, 0xAD, 0x56, 0xE5, 0x43, 0x3B, 0x76, 0xEE, 0xE6, 0xE4, 0x4E, 0xBE,
    0x7A, 0xB6, 0x4A, 0x0F, 0x8B, 0x37, 0xEA, 0x03, 0xF6, 0xCF, 0x1A, 0xFD, 0x0A, 0xAA, 0x15, 0xB3,
    0x2B, 0xE4, 0xBA, 0xB8, 0x1F, 0x37, 0xD2, 0x8A, 0x9F, 0x2C, 0xA5, 0x96, 0x48, 0xA2, 0xDF, 0x56,
    0x32, 0x45, 0x5B, 0x29, 0x13, 0x4C, 0x95, 0xE3, 0x59, 0x3A, 0x68, 0x0D, 0x3C, 0x11, 0xBF, 0xB8,
    0xDC, 0x61, 0x51, 0x5D, 0xF7, 0xD7, 0x06, 0xDF, 0x2E, 0x04, 0xE3, 0x5D, 0xE0, 0x60, 0x61, 0x18,
    0x04, 0xC1, 0xD5, 0x17, 0x9F, 0x95, 0x7B, 0x66, 0x65, 0x15, 0x4E, 0xEE, 0xC6, 0xBE, 0x84, 0x58,
    0xF0, 0x44, 0x52, 0xFC, 0xB5, 0xC3, 0x1F, 0x9F, 0xA7, 0x68, 0x8D, 0xC4, 0x17, 0x37, 0x71, 0x72,
    0xAB, 0x80, 0x9C, 0x5B, 0xEB, 0x10, 0x92, 0xCF, 0x66, 0x65, 0xD4, 0xD2, 0xA0, 0xCB, 0x44, 0x3B,
    0x85, 0xC3, 0x5F, 0x80, 0x5F, 0x1C, 0xA6, 0x31, 0x6A, 0x4B, 0xC7, 0xF6, 0xE4, 0xC7, 0xBD, 0xDC,
    0x14, 0x09, 0x86, 0x17, 0xB7, 0xA7, 0x5F, 0xBB, 0x17, 0xCB, 0xEC, 0x41, 0x57, 0xFE, 0xB2, 0x5B,
    0xEE, 0x4A, 0x04, 0xA1, 0xFF, 0x52, 0x8A, 0xF1, 0xDF, 0x1A, 0x3A, 0x69, 0xC5, 0x29, 0x76, 0xC4,
    0x48, 0x5E, 0xE8, 0x57, 0xBB, 0xB2, 0xE5, 0x31, 0x5A, 0xBB, 0xF1, 0xD6, 0x46, 0x06, 0x07, 0x84,
    0x9F, 0x55, 0xA7, 0xBD, 0x27, 0x5D, 0xC0, 0x84, 0x3E, 0xD6, 0x4E, 0xA9, 0x6E, 0xCA, 0xDB, 0xD2,
    0xB5, 0x5D, 0x3B, 0xBE, 0xAE, 0x7E, 0x2F, 0x50, 0x1C, 0x44, 0xB1, 0x4A, 0x7A, 0x03, 0xB4, 0xEE,
    0x26, 0x5C, 0x98, 0x2F, 0xE8, 0x8B, 0xCE, 0x10, 0x0A, 0xEF, 0x4D, 0x7D, 0x6F, 0xE7, 0xFA, 0x3E,
    0xE6, 0xFB, 0x50, 0xDF, 0xA7, 0x83, 0x15, 0x33, 0xAC, 0x14, 0xDE, 0xE6, 0x16, 0x7E, 0xEC, 0xC5,
    0x6E, 0x1E, 0x61, 0xA8, 0x10, 0x5F, 0x4C, 0xF1, 0xE1, 0x04, 0x94, 0x62, 0x82, 0x2F, 0xD2, 0x04,
    0xC4, 0xF7, 0x01, 0x64, 0x8C, 0xD4, 0xC6, 0xD0, 0x7C, 0xE1, 0x27, 0x16, 0x7D, 0x81, 0x56, 0x36,
    0x7A, 0x2D, 0xCD, 0x62, 0xB3, 0x8B, 0xDD, 0x8F, 0xE2, 0xC8, 0x8D, 0x5F, 0xC4, 0xD4, 0x5F, 0xEB,
    0x56, 0xD7, 0xAA, 0xC5, 0xC3, 0xD2, 0xA2, 0x64, 0x96, 0x3C, 0x2B, 0xEA, 0x5A, 0xC5, 0x40, 0x78,
    0xA6, 0x93, 0x41, 0x5E, 0x4A, 0x4B, 0x57, 0x31, 0x30, 0xAD, 0x0D, 0x7F, 0xF6, 0xD0, 0xB4, 0x73,
    0xF2, 0xE7, 0x6C, 0x3C, 0x56, 0x25, 0x93, 0x44, 0x9D, 0xAF, 0x16, 0x1F, 0x4B, 0x8D, 0xE2, 0xED,
    0xE4, 0x92, 0x8E, 0x73, 0x7C, 0x5C, 0xCE, 0x33, 0xC3, 0xDC, 0x74, 0x34, 0x0C, 0x32, 0xCE, 0x30,
    0x82, 0x53, 0xD0, 0xC5, 0x85, 0xBA, 0x54, 0xE2, 0xB3, 0x5D, 0xDE, 0x16, 0x3F, 0xC7, 0x98, 0x18,
    0x0B, 0xFD, 0x2E, 0x71, 0x64, 0x7E, 0x8B, 0x46, 0x7A, 0x39, 0xD9, 0xE7, 0x60, 0xE6, 0x7F, 0x38,
    0xFE, 0xFB, 0x1C, 0xF8, 0x1A, 0x58, 0xC8, 0x29, 0x26, 0x64, 0x35, 0x98, 0x55, 0xAA, 0x5D, 0xC0,
    0x3C, 0xCE, 0x1D, 0x90, 0x31, 0xE5, 0xF4, 0x6C, 0x6D, 0xBC, 0xF9, 0x0F, 0xE9, 0x17, 0x75, 0x92,
    0x21, 0x0E, 0x62, 0x50, 0xE2, 0xEE, 0xED, 0xC5, 0x83, 0x13, 0xAA, 0x43, 0xAE, 0xC8, 0xBF, 0xBB,
    0x8B, 0x45, 0x2D, 0xE5, 0x99, 0xB7, 0xB8, 0x78, 0xF7, 0x0B, 0x8B, 0x57, 0x01, 0x4A, 0x0A, 0xF5,
    0x13, 0xAC, 0x15, 0xC9, 0x0D, 0x4A, 0xAE, 0x07, 0x01, 0xE8, 0xA5, 0x08, 0xB7, 0xAC, 0x4B, 0xCC,
    0x45, 0xAF, 0x40, 0xAA, 0x58, 0xC7, 0x14, 0x75, 0x1C, 0x09, 0xBC, 0x46, 0x02, 0xCC, 0x3F, 0x2B,
    0xBC, 0x62, 0x86, 0x71, 0x77, 0xD4, 0x4F, 0x8C, 0x1A, 0x1E, 0x05, 0x32, 0x2A, 0x1F, 0xBF, 0xBD,
    0xD8, 0x2A, 0x9D, 0xC2, 0xCB, 0xE1, 0x0F, 0xB1, 0x64, 0x18, 0xC8, 0xC0, 0x3F, 0xBD, 0x01, 0xEA,
    0x37, 0xF6, 0xFE, 0x34, 0xCC, 0xBF, 0x52, 0x36, 0xC3, 0x29, 0xEA, 0x8D, 0xA8, 0x4E, 0xD9, 0x1C,
    0x5B, 0xE2, 0x60, 0xE3, 0xE3, 0x5D, 0x5A, 0xE6, 0x93, 0x5E, 0x22, 0x19, 0xB2, 0x8A, 0x4D, 0x19,
    0x30, 0x9F, 0x0F, 0x23, 0xD2, 0x77, 0x49, 0x7C, 0x76, 0x13, 0x37, 0xB1, 0x91, 0x7B, 0xE8, 0x48,
    0x02, 0x23, 0xD9, 0x0F, 0xD1, 0x2F, 0xF1, 0x72, 0xBC, 0x3F, 0xE1, 0xDB, 0x53, 0xFA, 0x71, 0xEC,
    0x14, 0xD4, 0x29, 0xB3, 0x4B, 0x9F, 0x5B, 0x38, 0x36, 0x02, 0x07, 0xBF, 0x21, 0x69, 0x1C, 0x61,
    0x31, 0xF0, 0xF7, 0xE2, 0xF8, 0x77, 0x7C, 0x0E, 0xC5, 0x46, 0xEE, 0xF3, 0x2A, 0xB7, 0x5B, 0x56,
    0x66, 0xF7, 0xAF, 0x63, 0xFA, 0x5D, 0xC9, 0xE7, 0xC7, 0x62, 0x20, 0xBE, 0x30, 0x3F, 0x13, 0xBE,
    0x6C, 0x50, 0x8E, 0xE5, 0x72, 0xB2, 0xCA, 0xA2, 0x43, 0x20, 0x23, 0x5F, 0x96, 0x6E, 0xA9, 0x16,
    0x3E, 0x71, 0x5D, 0x40, 0x4C, 0xE2, 0x2F, 0xF1, 0x60, 0x81, 0x40, 0x7E, 0x34, 0x24, 0x60, 0xE6,
    0x6C, 0xAF, 0x82, 0x60, 0x08, 0xE8, 0x9A, 0xC3, 0x8B, 0x87, 0x19, 0x99, 0x65, 0x67, 0xD8, 0x34,
    0xEC, 0x05, 0x1F, 0x4A, 0x7A, 0x3A, 0x14, 0xE7, 0x57, 0x7D, 0xFF, 0x3E, 0x71, 0xCF, 0x56, 0xD9,
    0xE6, 0xD8, 0xB5, 0x86, 0x00, 0x61, 0xDB, 0x95, 0xBD, 0xBD, 0x5B, 0x8C, 0xBC, 0x7D, 0xF6, 0x4B,
    0x74, 0xAF, 0xE9, 0x1F, 0xEC, 0xA3, 0x87, 0x7E, 0x5E, 0x8E, 0x8B, 0xF1, 0x9D, 0x65, 0x9F, 0xCE,
    0xDF, 0xC1, 0xDB, 0x78, 0xE5, 0x3D, 0xC5, 0xAC, 0x6B, 0x02, 0x63, 0xA1, 0xDE, 0xE2, 0xEB, 0x1D,
    0xD2, 0x70, 0x08, 0x48, 0xA7, 0x44, 0xAE, 0xA7, 0x0D, 0x31, 0x7E, 0xA5, 0x77, 0x7F, 0x6D, 0x88,
    0xD1, 0x8A, 0xD9, 0x92, 0xAB, 0x76, 0x9E, 0xFB, 0x2C, 0xE6, 0xD2, 0x19, 0x55, 0xFE, 0xA1, 0x91,
    0x89, 0xCC, 0xA9, 0xC8, 0xDE, 0x75, 0x55, 0x41, 0xB5, 0x1B, 0x7B, 0x5D, 0x32, 0xF1, 0x24, 0xBB,
    0x9B, 0x63, 0x17, 0xAB, 0xB1, 0xC1, 0x8F, 0xAC, 0x42, 0x79, 0x8E, 0x6D, 0x10, 0xE1, 0x85, 0x4D,
    0xEC, 0x88, 0x3B, 0xF9, 0x08, 0xED, 0x6E, 0x3E, 0x19, 0x59, 0xD5, 0x7A, 0x01, 0x27, 0xED, 0xEA,
    0x0E, 0xEE, 0xE1, 0x27, 0xEB, 0x71, 0x9F, 0x67, 0x18, 0xF9, 0x18, 0xBB, 0x51, 0x0D, 0x65, 0x6F,
    0x6D, 0x56, 0x14, 0x03, 0xDB, 0x8D, 0xC8, 0xCF, 0xFF, 0x28, 0xBD, 0x43, 0xEA, 0xDA, 0xC4, 0xA2,
    0x5E, 0xAD, 0x07, 0x14, 0xF3, 0x03, 0x86, 0xDD, 0x1F, 0xE8, 0x9A, 0xF4, 0xD1, 0x08, 0xE9, 0x57,
    0x02, 0xBA, 0x64, 0x4A, 0x4D, 0x37, 0xF8, 0x83, 0x8F, 0xA6, 0x14, 0x62, 0x81, 0xEC, 0x8A, 0x50,
    0xB4, 0x3F, 0xD9, 0xCB, 0xE8, 0x0D, 0x58, 0x39, 0xD2, 0x1B, 0x3C, 0x55, 0x5D, 0x15, 0x7E, 0x32,
    0xA1, 0x54, 0xEA, 0xD3, 0x51, 0x77, 0x28, 0x88, 0xC6, 0x3C, 0x1C, 0xDF, 0x65, 0x66, 0x65, 0x44,
    0x35, 0x4F, 0x88, 0xD9, 0xD6, 0x29, 0x81, 0x0B, 0x62, 0x52, 0x28, 0x9B, 0xF8, 0x6D, 0xB4, 0xCC,
    0xE3, 0xA0, 0xE9, 0x40, 0x29, 0xDB, 0xF0, 0x0E, 0x63, 0x75, 0x45, 0x44, 0x4F, 0xD6, 0xEB, 0x62,
    0xF7, 0x58, 0x38, 0x74, 0x6C, 0x74, 0xBB, 0xDB, 0x18, 0x59, 0xFA, 0xA4, 0xA0, 0xC9, 0x91, 0xEE,
    0xD9, 0x07, 0x97, 0x86, 0xF7, 0xA9, 0x2C, 0x3A, 0x62, 0xFA, 0x85, 0x66, 0x39, 0x7A, 0x82, 0x98,
    0xCB, 0xF8, 0x39, 0xA8, 0x0C, 0xF2, 0x41, 0x63, 0x9C, 0x6D, 0x8D, 0xF3, 0x1C, 0xEA, 0x64, 0xB9,
    0x40, 0x90, 0x1A, 0x3E, 0x0B, 0x5F, 0x08, 0x98, 0x52, 0x03, 0x7E, 0x1E, 0xF0, 0xF3, 0x40, 0x34,
    0x98, 0xA0, 0x82, 0x23, 0x56, 0x9E, 0xF8, 0xA9, 0x6F, 0xB5, 0x9F, 0x7E, 0x31, 0xEB, 0x47, 0x09,
    0xC7, 0xDB, 0x75, 0x3F, 0x72, 0x44, 0xDF, 0xA0, 0x40, 0xA4, 0x70, 0x3C, 0xE6, 0xD8, 0xA7, 0x12,
    0xB3, 0x1B, 0x29, 0x1C, 0x5F, 0x7F, 0x6A, 0x1F, 0x7E, 0xBF, 0x1A, 0xEB, 0x3C, 0x63, 0x86, 0xC7,
    0xC7, 0x7D, 0x4A, 0x9F, 0xE3, 0xD4, 0x5F, 0x26, 0xAC, 0xC6, 0x5D, 0xA7, 0x94, 0x6E, 0xF7, 0x72,
    0x6E, 0xD1, 0xA7, 0x9C, 0xF2, 0x68, 0xCB, 0x38, 0xD5, 0x06, 0x56, 0x57, 0x0D, 0xCC, 0x78, 0x15,
    0xFB, 0x2C, 0x5C, 0xC0, 0x27, 0x83, 0x0D, 0xCC, 0x0A, 0xF6, 0x43, 0x30, 0x70, 0x77, 0x87, 0x0D,
    0x2E, 0x56, 0xD2, 0x03, 0x88, 0xAE, 0xDB, 0xD5, 0xE4, 0x45, 0x15, 0x1E, 0xA9, 0xFA, 0xAB, 0x58,
    0x74, 0x84, 0x71, 0x21, 0xF5, 0x8D, 0xFC, 0xBC, 0x9F, 0x29, 0xCB, 0x96, 0xD9, 0xD2, 0x2E, 0xBE,
    0xEA, 0x2F, 0x5B, 0xC0, 0x43, 0xE0, 0xF7, 0xDF, 0xF0, 0xF6, 0xE9, 0x09, 0xB3, 0x85, 0xCC, 0x6A,
    0x79, 0x2E, 0xA6, 0x8C, 0x73, 0x30, 0x84, 0x6D, 0xC0, 0x8D, 0x2A, 0xA0, 0x6F, 0x12, 0xE2, 0x81,
    0xB5, 0x43, 0x30, 0x06, 0x54, 0x6E, 0x40, 0xBD, 0x06, 0x07, 0x6A, 0x34, 0x6E, 0x23, 0x1F, 0x31,
    0x5E, 0xE9, 0xBD, 0x01, 0x23, 0x3E, 0x90, 0x85, 0xAC, 0x3E, 0xF3, 0xB8, 0x03, 0x3B, 0x1C, 0xCA,
    0xA2, 0xDF, 0x62, 0x98, 0x80, 0x58, 0x22, 0x38, 0x87, 0x8D, 0xCF, 0x43, 0x83, 0x9F, 0x25, 0x4A,
    0xCC, 0x1C, 0x25, 0xC1, 0xA2, 0x5F, 0x46, 0x70, 0x83, 0xA8, 0x0C, 0x2B, 0xA6, 0xEC, 0x00, 0xB1,
    0xF9, 0xA8, 0x1C, 0x21, 0x7D, 0x7C, 0x5A, 0x8E, 0xB0, 0xBD, 0x7C, 0x5C, 0x8E, 0xB0, 0x9A, 0x0F,
    0xCB, 0x00, 0xDB, 0xD9, 0x7B, 0x65, 0x00, 0x3C, 0xFE, 0x66, 0x19, 0x60, 0x5B, 0xB3, 0x4A, 0x14,
    0x3B, 0x3E, 0xB8, 0x55, 0x04, 0xE4, 0xE5, 0xC4, 0x22, 0x78, 0xDF, 0x07, 0x97, 0xBA, 0x26, 0x9F,
    0x57, 0xE4, 0xB3, 0x92, 0x3C, 0xCA, 0xC9, 0x81, 0xCF, 0xC0, 0x5D, 0xEC, 0xCD, 0x90, 0xD6, 0x2A,
    0xB0, 0x04, 0xB0, 0x82, 0x0C, 0x08, 0xB1, 0x08, 0x1A, 0xB0, 0xD1, 0x9C, 0x8C, 0x10, 0x70, 0xE4,
    0x25, 0x60, 0x6E, 0xCE, 0xF1, 0x81, 0x7E, 0x03, 0xA3, 0x01, 0x93, 0x96, 0x2C, 0x22, 0xF3, 0x5F,
    0x06, 0x73, 0xDF, 0x03, 0xB3, 0x3F, 0x05, 0x33, 0x1F, 0x31, 0x6C, 0x3B, 0xB2, 0x19, 0x99, 0x4F,
    0xA6, 0x39, 0x46, 0xF7, 0x84, 0x5A, 0xF7, 0x9D, 0x18, 0xAE, 0xBA, 0x5D, 0x40, 0xF5, 0x76, 0x05,
    0xC3, 0x18, 0x0D, 0x93, 0x49, 0xAB, 0xF0, 0x2D, 0x52, 0x28, 0x4F, 0x13, 0x9D, 0xC6, 0xF4, 0x2D,
    0xFB, 0xED, 0x10, 0x07, 0xA4, 0xFC, 0xB6, 0xC5, 0x28, 0x16, 0x5C, 0x1F, 0x13, 0x11, 0x59, 0xB0,
    0xA8, 0x62, 0x44, 0x5D, 0xA2, 0x91, 0x6F, 0xF5, 0x91, 0xF9, 0x6A, 0x96, 0xD3, 0x9A, 0xC4, 0xA8,
    0x7D, 0xF6, 0x5C, 0x11, 0x7F, 0x3B, 0x45, 0x08, 0x60, 0xC7, 0x2A, 0x2B, 0x42, 0xC8, 0x9C, 0x2F,
    0x82, 0xFF, 0x7F, 0x62, 0x7C, 0x4F, 0x0B, 0xA5, 0xA5, 0x66, 0x5D, 0x4D, 0xB8, 0x4C, 0x14, 0x36,
    0x92, 0xFA, 0xED, 0xAF, 0x12, 0xAD, 0xA4, 0x17, 0xF7, 0xC9, 0xA9, 0x46, 0xBF, 0x5A, 0x83, 0x21,
    0xD0, 0x6A, 0xC6, 0x8F, 0x03, 0x8D, 0x5A, 0x7B, 0xF8, 0x4E, 0x5A, 0x8D, 0x20, 0xEE, 0x6D, 0xD9,
    0x92, 0xA9, 0x23, 0xF7, 0x8A, 0xCD, 0x24, 0x5A, 0xC1, 0xBC, 0x55, 0xA2, 0x8B, 0x7B, 0x68, 0x61,
    0x33, 0x76, 0x50, 0x2A, 0xA0, 0xE3, 0x80, 0x6E, 0x15, 0x56, 0x96, 0x4F, 0xC8, 0x29, 0xDE, 0x91,
    0xED, 0x01, 0x0F, 0xF7, 0x70, 0x12, 0xCF, 0x1D, 0x69, 0xBC, 0x79, 0x7F, 0xCC, 0x02, 0xE5, 0xDB,
    0xA0, 0x09, 0x01, 0xE1, 0xF4, 0x5B, 0x61, 0xF4, 0x50, 0xC0, 0x3A, 0x21, 0x14, 0x40, 0x02, 0x70,
    0x0F, 0x01, 0x41, 0xB0, 0x57, 0xAB, 0x91, 0x13, 0x85, 0x25, 0x04, 0x2A, 0x76, 0x91, 0x72, 0x3F,
    0x0A, 0xF9, 0x45, 0x44, 0x24, 0xEA, 0xB1, 0x26, 0x05, 0x28, 0x0D, 0x89, 0x4E, 0x27, 0x04, 0x0F,
    0x2D, 0xE5, 0x6F, 0x98, 0x8A, 0x81, 0xC8, 0x6A, 0x26, 0x9E, 0x86, 0xAB, 0x4D, 0x89, 0x0C, 0x02,
    0xC2, 0xD7, 0x88, 0x06, 0xF7, 0x69, 0x7A, 0x77, 0x87, 0x8C, 0x5A, 0xB7, 0x15, 0x50, 0xD0, 0xD0,
    0x04, 0x36, 0x13, 0xC5, 0xB5, 0xCD, 0x94, 0x38, 0xC3, 0xA8, 0x43, 0x6C, 0xAC, 0x68, 0x8E, 0x58,
    0x71, 0xA3, 0xB2, 0x16, 0xEB, 0x23, 0xCC, 0xE0, 0xC6, 0xF6, 0x07, 0x31, 0x31, 0xAD, 0xF3, 0x7B,
    0x94, 0xB0, 0x28, 0xB8, 0xAE, 0x01, 0xD3, 0xD8, 0xB9, 0x67, 0xA1, 0xC9, 0x2A, 0x7C, 0x56, 0x61,
    0x40, 0xBE, 0xA6, 0x02, 0x70, 0xA4, 0x82, 0x50, 0xF1, 0x29, 0xC1, 0x43, 0x8D, 0xDA, 0x96, 0xC5,
    0x60, 0x2D, 0x13, 0x88, 0x32, 0xAF, 0x04, 0xA1, 0x2E, 0x3B, 0x95, 0x84, 0x35, 0xF3, 0x0E, 0xE1,
    0x1C, 0xAB, 0x56, 0xB7, 0xD2, 0xCA, 0xC5, 0xED, 0x6B, 0x26, 0x14, 0x3C, 0x21, 0x71, 0x3F, 0x36,
    0xA6, 0x90, 0x5B, 0x54, 0x0B, 0xB7, 0x31, 0xB8, 0xDB, 0xD0, 0xD2, 0x2D, 0x05, 0x9B, 0xAA, 0x4C,
    0x74, 0x11, 0xB7, 0x55, 0xEF, 0xA4, 0x38, 0xF5, 0xEA, 0xA7, 0xB7, 0xB3, 0x72, 0x76, 0xF5, 0xF3,
    0x1A, 0x5A, 0xB2, 0x4A, 0x08, 0x8A, 0x2F, 0x1B, 0xA6, 0xF2, 0x39, 0x33, 0x6E, 0x44, 0xB8, 0xEF,
    0x25, 0x64, 0x2C, 0xD9, 0x58, 0x9D, 0xA3, 0x05, 0x0A, 0x03, 0x54, 0xCC, 0xB5, 0x6C, 0xC5, 0x6C,
    0x66, 0xC5, 0xD9, 0x1A, 0xAA, 0x31, 0xE5, 0x78, 0x11, 0x6B, 0x00, 0x8F, 0x73, 0xB8, 0xF5, 0x0A,
    0x86, 0x70, 0x51, 0xE7, 0x60, 0xB3, 0x13, 0x25, 0x08, 0x6B, 0x3A, 0x86, 0x2E, 0x3D, 0x7E, 0xDE,
    0xA3, 0x3C, 0x6B, 0x68, 0x76, 0xCF, 0x6E, 0x3E, 0x00, 0x5C, 0x86, 0x5B, 0x37, 0xA4, 0xAC, 0xC9,
    0xDA, 0xF9, 0x46, 0x2A, 0xE7, 0xFB, 0x9B, 0x5F, 0xCF, 0xDA, 0x37, 0xEE, 0x4C, 0x34, 0xBC, 0x54,
    0xBF, 0xAC, 0x74, 0x21, 0x9F, 0x96, 0x82, 0xEA, 0x08, 0xB5, 0xCE, 0xD8, 0xF7, 0x88, 0xFA, 0x1E,
    0x89, 0xF6, 0x28, 0x8E, 0x7A, 0x44, 0xED, 0x6C, 0xB1, 0x36, 0x95, 0x73, 0xFE, 0xAD, 0xCD, 0x67,
    0x8B, 0x2B, 0x77, 0xFA, 0x12, 0x31, 0x51, 0x4B, 0xCB, 0x6F, 0xA0, 0x8B, 0x1A, 0xAE, 0x5A, 0xED,
    0x8B, 0x59, 0x8C, 0x84, 0x07, 0x47, 0x0E, 0xEA, 0x48, 0x17, 0x98, 0x61, 0x5D, 0xCF, 0xC9, 0xCC,
    0x72, 0x7F, 0x80, 0xE7, 0xAC, 0x0C, 0xA2, 0xA1, 0x32, 0xB8, 0x0E, 0x23, 0xF9, 0xA8, 0xF4, 0xCD,
    0x12, 0xA1, 0x71, 0xF7, 0x10, 0x99, 0x00, 0x69, 0x63, 0x77, 0x16, 0xF7, 0x18, 0xC6, 0xE9, 0xC9,
    0xD8, 0xCC, 0x4D, 0xA6, 0x92, 0xC7, 0x9B, 0x39, 0x2B, 0xA6, 0x54, 0xC9, 0x05, 0x79, 0xF9, 0x0E,
    0xD2, 0x46, 0xD4, 0x3D, 0xCA, 0x9D, 0xEE, 0xCD, 0x7C, 0x75, 0x88, 0x94, 0x3E, 0x8D, 0xFC, 0x43,
    0x49, 0x91, 0x4A, 0xB2, 0x43, 0xA4, 0x14, 0x28, 0xFF, 0x00, 0x46, 0x98, 0x3F, 0xA9, 0xBC, 0xEA,
    0x27, 0x64, 0xA2, 0xDD, 0xAA, 0x32, 0xF8, 0x67, 0x96, 0x7B, 0xF9, 0x9F, 0x91, 0x44, 0xEF, 0xCD,
    0x5A, 0xAD, 0x38, 0xC5, 0x7F, 0x4C, 0x00, 0x2E, 0xCE, 0xC3, 0x5F, 0x1D, 0x19, 0x3A, 0x1C, 0x8A,
    0xC8, 0xE3, 0x14, 0x0E, 0xD8, 0x8B, 0x20, 0xCC, 0x2D, 0x2E, 0x6A, 0x35, 0xB9, 0xAA, 0x5A, 0x87,
    0xAB, 0x3E, 0x95, 0xB6, 0x8B, 0xDA, 0xEA, 0xDA, 0xDA, 0x3D, 0xDC, 0xAE, 0x3D, 0xD4, 0x99, 0x91,
    0x98, 0x88, 0x5C, 0xA3, 0xC6, 0x98, 0x27, 0x88, 0x21, 0x18, 0xA1, 0x1D, 0x71, 0x5C, 0xBB, 0x85,
    0x5B, 0xA3, 0xA2, 0xAC, 0x51, 0x91, 0xDE, 0xD3, 0x2A, 0x73, 0xFB, 0x90, 0xC8, 0x50, 0x9C, 0xC3,
    0xED, 0x84, 0xA7, 0x28, 0x51, 0x5F, 0xBD, 0x56, 0x3B, 0xE3, 0xD7, 0xB4, 0x4A, 0x9B, 0x41, 0xEF,
    0xD3, 0x15, 0x96, 0x5D, 0xAD, 0xB1, 0x34, 0x78, 0xD2, 0xC2, 0x1D, 0x23, 0xD1, 0x35, 0x82, 0xFC,
    0x56, 0xBA, 0xD6, 0x68, 0xF4, 0xB0, 0x47, 0x6F, 0xE7, 0xB3, 0xDD, 0xAC, 0x2B, 0xBF, 0xFF, 0x30,
    0xB6, 0x56, 0x2D, 0x67, 0xDF, 0x10, 0x66, 0x4B, 0x85, 0xB9, 0x7F, 0x4E, 0x61, 0x62, 0x0A, 0xE3,
    0xAC, 0x84, 0xA9, 0x21, 0xCC, 0xA0, 0x18, 0x43, 0xCF, 0x47, 0xBE, 0xB3, 0xE1, 0xB1, 0x9C, 0x8E,
    0x2F, 0xEA, 0x86, 0x76, 0x86, 0xA1, 0x2F, 0x37, 0x34, 0x74, 0x9C, 0xDD, 0x87, 0xA1, 0x63, 0x35,
    0x74, 0x09, 0x83, 0x96, 0xE9, 0x39, 0xE9, 0x52, 0x9A, 0xA2, 0x26, 0x7E, 0x3D, 0x3D, 0x79, 0x61,
    0xF7, 0x61, 0xB8, 0x69, 0xB5, 0x2C, 0xAF, 0x9F, 0x2F, 0x38, 0x8D, 0x26, 0xAB, 0x58, 0xE2, 0x9E,
    0xB1, 0x56, 0xC0, 0xCE, 0x54, 0xB3, 0x56, 0x2B, 0x29, 0x74, 0xC6, 0xD4, 0x96, 0xC2, 0x2A, 0x29,
    0xFC, 0xED, 0x00, 0x84, 0x6D, 0x54, 0x32, 0x58, 0x48, 0xDB, 0xF9, 0xDE, 0xE0, 0xA9, 0xE2, 0x5C,
    0xFA, 0x6F, 0xD8, 0x78, 0xEA, 0xB5, 0xE5, 0x1F, 0x02, 0x51, 0xA4, 0xDD, 0xD2, 0xEB, 0xCA, 0xEC,
    0xFE, 0x6C, 0xFE, 0x5A, 0x9D, 0x31, 0x1B, 0x37, 0x07, 0x4C, 0x3A, 0xED, 0x9C, 0x51, 0x95, 0xA6,
    0xDF, 0x80, 0x6F, 0x79, 0x83, 0x8A, 0x9F, 0xC4, 0xD2, 0xD7, 0x52, 0xB1, 0xF8, 0x35, 0xE3, 0x28,
    0x76, 0x1E, 0x6E, 0x17, 0x40, 0x85, 0x55, 0xA4, 0x3B, 0x94, 0xB4, 0x70, 0x87, 0xF4, 0x38, 0xB1,
    0x0D, 0xDA, 0x68, 0xBC, 0x98, 0xE5, 0x89, 0x53, 0xC2, 0x47, 0x93, 0x55, 0x1C, 0x6D, 0x79, 0x4F,
    0x8D, 0xE7, 0xFA, 0xAC, 0x78, 0x3E, 0xC0, 0xBC, 0x29, 0xE2, 0x39, 0xC5, 0x18, 0x4F, 0x33, 0xCB,
    0x91, 0xEB, 0x1E, 0x7E, 0x1D, 0xD7, 0x75, 0x4F, 0x71, 0xDD, 0x2F, 0xD3, 0xD6, 0xE5, 0x62, 0x3F,
    0x2B, 0x0E, 0x1E, 0xC7, 0x19, 0x44, 0xD1, 0x0D, 0x21, 0x3D, 0xF3, 0x36, 0xBB, 0x5B, 0x5E, 0xD7,
    0x46, 0x2F, 0x71, 0xC3, 0x9D, 0xE8, 0x41, 0xA4, 0xCF, 0x63, 0x92, 0x58, 0xB2, 0x4A, 0x77, 0xFC,
    0xB9, 0xA6, 0x9B, 0x70, 0x4B, 0xE6, 0xB3, 0xAE, 0xF1, 0x11, 0xC3, 0x1B, 0x0A, 0xC0, 0x88, 0xC2,
    0x79, 0x7B, 0x9F, 0x20, 0x6A, 0xAB, 0xCB, 0xF7, 0x37, 0x90, 0xEE, 0x9F, 0x76, 0xB3, 0x27, 0x4F,
    0x60, 0x2A, 0x8E, 0x69, 0xC0, 0xBB, 0xCD, 0xDD, 0xF4, 0xDC, 0xD6, 0xB4, 0x61, 0x79, 0xB7, 0x8C,
    0xE2, 0xA8, 0xF4, 0xBB, 0xCF, 0x4B, 0xBB, 0xFB, 0x7B, 0x49, 0xA0, 0x76, 0x47, 0xE4, 0x76, 0xDA,
    0xE3, 0x8E, 0xFE, 0x3C, 0x97, 0xA7, 0x51, 0x89, 0x4B, 0x90, 0x01, 0xC4, 0xE1, 0x6B, 0x4E, 0x22,
    0xBC, 0x14, 0xD8, 0x47, 0x1A, 0x04, 0xF4, 0x94, 0x98, 0x81, 0x80, 0x81, 0x7B, 0x68, 0x8E, 0x35,
    0x3C, 0x93, 0xC8, 0xED, 0x29, 0x1E, 0x39, 0x86, 0x5F, 0x72, 0x94, 0xB0, 0xE2, 0x19, 0xDC, 0x08,
    0xB5, 0x83, 0x17, 0xA7, 0x35, 0xC7, 0x6B, 0x52, 0xC2, 0x96, 0x6A, 0xE2, 0x26, 0xF6, 0xBB, 0x55,
    0x80, 0x3A, 0xE4, 0xC3, 0x72, 0xDD, 0x13, 0xEB, 0xE3, 0xC2, 0x03, 0x64, 0x79, 0x94, 0xBB, 0xB0,
    0xD9, 0xE7, 0x89, 0x9B, 0xF2, 0xD4, 0xDF, 0x81, 0xAA, 0x3A, 0x45, 0x47, 0x07, 0x04, 0x15, 0x57,
    0xC4, 0xB8, 0x05, 0x74, 0x53, 0xF1, 0x7B, 0xAB, 0xF2, 0x62, 0xA3, 0x09, 0xFB, 0xA8, 0x8B, 0xEA,
    0x1E, 0x1C, 0x93, 0xF8, 0x8C, 0x36, 0xBE, 0x63, 0x1F, 0xF6, 0xE5, 0x37, 0x18, 0xB5, 0x39, 0x2E,
    0x9F, 0xAF, 0xE7, 0xD5, 0x8A, 0xA3, 0x28, 0x1F, 0xA0, 0x93, 0xA7, 0x52, 0x1B, 0x94, 0xAF, 0x81,
    0xCD, 0x52, 0x56, 0x85, 0x75, 0x7F, 0x6C, 0x46, 0xE4, 0xEB, 0x0E, 0xC7, 0x78, 0x3C, 0x2B, 0x1A,
    0x0E, 0x41, 0x79, 0x18, 0x04, 0xE5, 0x0B, 0x4F, 0x57, 0xAF, 0xEC, 0xDD, 0x99, 0x75, 0x8B, 0xB5,
    0x31, 0x67, 0xD6, 0xC4, 0x9B, 0x13, 0xDF, 0x30, 0x16, 0x78, 0x04, 0x84, 0xE8, 0xC1, 0xB7, 0xBE,
    0x6E, 0x34, 0x5D, 0xB7, 0xE4, 0x49, 0x90, 0xF1, 0x36, 0x21, 0x57, 0xB4, 0xCB, 0xA6, 0x2F, 0x3B,
    0x50, 0x43, 0x44, 0x03, 0xD0, 0x8F, 0xC2, 0xCC, 0xAC, 0x15, 0x14, 0x7E, 0xB9, 0xCF, 0x54, 0x71,
    0x1B, 0x01, 0xDB, 0x2F, 0x64, 0x74, 0xD6, 0x25, 0x3F, 0x15, 0x0E, 0x74, 0x59, 0x8F, 0xA4, 0x4E,
    0xB9, 0x53, 0xC5, 0xF7, 0x4E, 0xCD, 0x33, 0xC4, 0x9D, 0x61, 0xFA, 0x2F, 0xDC, 0x90, 0x01, 0x8A,
    0x00, 0x6A, 0x78, 0x61, 0xF8, 0xBF, 0x8F, 0x85, 0xFC, 0x70, 0xD6, 0xFD, 0xBB, 0x7A, 0xDB, 0xE1,
    0x01, 0xD9, 0x1B, 0xF1, 0xFF, 0x00, 0xED, 0x3D, 0x6D, 0x6C, 0x1C, 0xD7, 0x71, 0xB3, 0xBB, 0xC7,
    0xDB, 0x98, 0x6B, 0x71, 0x2F, 0x28, 0x05, 0xD8, 0x92, 0xE5, 0xF5, 0x0F, 0xFD, 0x50, 0x0D, 0x8A,
    0x6B, 0xA0, 0x4C, 0x41, 0xBB, 0xB7, 0xB7, 0xCF, 0x49, 0x81, 0xFE, 0x70, 0x11, 0x13, 0x85, 0xE5,
    0x1F, 0x36, 0xD0, 0xE8, 0x87, 0x5B, 0x38, 0x4E, 0x5B, 0x09, 0xAD, 0x90, 0x38, 0xC1, 0x89, 0xB7,
    0x76, 0x7E, 0x14, 0x68, 0x0A, 0x58, 0xE9, 0x17, 0x0A, 0x24, 0x29, 0x58, 0x54, 0x01, 0x62, 0xFA,
    0x87, 0x68, 0x40, 0x69, 0x69, 0xFB, 0xE4, 0x5B, 0xDB, 0x40, 0x03, 0x54, 0x2D, 0xB2, 0x89, 0x90,
    0x1A, 0x8D, 0x9B, 0x78, 0x63, 0xF9, 0x23, 0xAD, 0x03, 0x7B, 0x1B, 0x9F, 0x93, 0x93, 0x75, 0xE4,
    0x76, 0x66, 0xDE, 0xDB, 0xBD, 0x3D, 0xF2, 0x44, 0x51, 0xA4, 0x48, 0x1E, 0x85, 0xDC, 0xDD, 0xBE,
    0xFD, 0xE0, 0xBE, 0x37, 0xF3, 0xE6, 0xCD, 0x9B, 0x99, 0x37, 0x6F, 0xDE, 0x23, 0x40, 0xFF, 0x67,
    0x51, 0x9D, 0x8D, 0x8E, 0xBA, 0xB0, 0xC3, 0xEC, 0x22, 0x7B, 0xC5, 0x01, 0x68, 0xA4, 0xF2, 0x13,
    0xF8, 0xEA, 0x42, 0xEC, 0x3D, 0xC2, 0x1F, 0x51, 0x2C, 0xAB, 0xE2, 0xDE, 0x2B, 0xEF, 0xF7, 0x1E,
    0x3D, 0xD1, 0x38, 0xAF, 0xDE, 0xEC, 0x9E, 0xF8, 0xA5, 0xBA, 0x4A, 0x97, 0xBE, 0x94, 0x74, 0x41,
    0x3B, 0x72, 0x64, 0x06, 0xE0, 0x36, 0x3F, 0xAC, 0xA8, 0x5C, 0x13, 0x4E, 0x5E, 0xC8, 0x89, 0x42,
    0x59, 0xFA, 0x29, 0x05, 0xBD, 0x2B, 0xCF, 0xB5, 0x93, 0xF2, 0xFC, 0xF8, 0x61, 0x79, 0xAE, 0x57,
    0xE5, 0x59, 0x61, 0xB4, 0x64, 0xA9, 0x33, 0x48, 0xC4, 0x1E, 0x80, 0x55, 0x9F, 0x46, 0x20, 0xCF,
    0xDA, 0x27, 0xD3, 0x48, 0x55, 0xFA, 0x3B, 0xDF, 0x8F, 0xE5, 0x95, 0xF5, 0xFA, 0xA7, 0xA2, 0xAC,
    0x92, 0x69, 0x28, 0xCB, 0x5C, 0x4E, 0x97, 0xB3, 0xAC, 0x9A, 0x80, 0xB5, 0x3E, 0x5A, 0xB2, 0xD6,
    0x2D, 0xB4, 0x8B, 0x37, 0x37, 0x41, 0xA7, 0x78, 0xEB, 0x40, 0x3D, 0xBF, 0x5E, 0x02, 0x98, 0x84,
    0x6A, 0x76, 0x67, 0xA6, 0x21, 0xD4, 0x7A, 0xB7, 0xF6, 0xD7, 0xDA, 0xC5, 0x5B, 0x07, 0x52, 0x58,
    0x86, 0x66, 0x76, 0x7B, 0x18, 0xDC, 0xCB, 0xE9, 0xBB, 0xED, 0xDE, 0xAD, 0x99, 0xBE, 0x96, 0xC6,
    0xD9, 0xED, 0x24, 0xC0, 0x63, 0x30, 0x8F, 0x75, 0x78, 0xE8, 0x0C, 0xD6, 0x6B, 0xFE, 0x98, 0x7C,
    0x5A, 0x6E, 0x65, 0xF5, 0x95, 0xE4, 0x49, 0x3F, 0xFA, 0x26, 0x12, 0x6E, 0xBE, 0x25, 0xB1, 0x9F,
    0x9D, 0x51, 0x99, 0xE3, 0x35, 0xAB, 0xAE, 0xA7, 0xB2, 0x9D, 0x2A, 0x48, 0xFF, 0x6F, 0x62, 0xD5,
    0x3F, 0xD7, 0x71, 0x1E, 0x94, 0xA5, 0xC6, 0x9E, 0x84, 0x70, 0x1A, 0x26, 0x06, 0x65, 0x14, 0x50,
    0x37, 0x7E, 0x37, 0x84, 0xAA, 0xF1, 0xF5, 0x08, 0x26, 0x75, 0xC4, 0xC1, 0xD1, 0xB1, 0x55, 0xEC,
    0x4F, 0x22, 0x32, 0xE6, 0xCB, 0x98, 0x18, 0xA1, 0xD8, 0x2B, 0xF4, 0x18, 0xD2, 0x58, 0x4B, 0x34,
    0x6C, 0xB0, 0xB6, 0x81, 0x7F, 0x5E, 0x34, 0xF1, 0x2F, 0x55, 0x1B, 0x6B, 0x32, 0xE9, 0x10, 0x11,
    0x3C, 0x22, 0x0C, 0x31, 0x88, 0x45, 0x55, 0x37, 0x08, 0x73, 0x7A, 0x0D, 0xB4, 0x50, 0x82, 0x50,
    0xAC, 0x42, 0x25, 0x57, 0x4D, 0x22, 0x84, 0x89, 0x3C, 0xE0, 0x18, 0xF8, 0x57, 0xFB, 0x3E, 0x22,
    0xF1, 0xF9, 0xD3, 0x98, 0xE1, 0xA5, 0xB9, 0xEB, 0x05, 0x08, 0x60, 0x5C, 0x9D, 0xB9, 0x8D, 0xCB,
    0xA7, 0x64, 0x03, 0xB9, 0x5D, 0x60, 0xE6, 0x6D, 0x2D, 0x83, 0xC7, 0xFC, 0xE0, 0x52, 0x8B, 0x80,
    0x9E, 0xD8, 0xC2, 0xC5, 0x1C, 0x46, 0x6C, 0x07, 0xB7, 0x97, 0x53, 0x3C, 0x5B, 0xE1, 0xA4, 0xBF,
    0x0C, 0xFA, 0xA5, 0x87, 0x7F, 0x70, 0x6E, 0x16, 0x73, 0x52, 0xEF, 0xA9, 0x20, 0x7B, 0xB8, 0x69,
    0x2A, 0x4B, 0xB2, 0x11, 0xFB, 0xA6, 0xEA, 0x9A, 0x74, 0xF6, 0xD5, 0x71, 0x8E, 0xCE, 0x11, 0x98,
    0x04, 0xD5, 0x5E, 0x9E, 0xE7, 0x86, 0xD7, 0x31, 0x37, 0xA3, 0xB2, 0x5F, 0xB5, 0x10, 0x21, 0x04,
    0x87, 0xA8, 0x83, 0x23, 0x12, 0x6E, 0x84, 0xE5, 0x5A, 0x01, 0x56, 0x46, 0xD3, 0xF2, 0xCA, 0x50,
    0x9D, 0x19, 0x86, 0xEC, 0xFB, 0x84, 0xA3, 0x64, 0x38, 0x16, 0x12, 0xF4, 0x9A, 0x1E, 0xF7, 0xBF,
    0x2B, 0xE6, 0x6E, 0xC3, 0x76, 0xEB, 0x34, 0xC0, 0xD3, 0xBB, 0xBE, 0xA8, 0xC3, 0xC2, 0x9E, 0x9C,
    0x02, 0x19, 0x38, 0x09, 0x4F, 0x02, 0x94, 0x10, 0x15, 0x48, 0x59, 0x8E, 0x2C, 0x48, 0x42, 0x55,
    0x22, 0x87, 0xE1, 0x2A, 0x4E, 0x97, 0xE2, 0x89, 0x5F, 0x67, 0xD8, 0xFD, 0x99, 0x10, 0xBC, 0x21,
    0x08, 0xBE, 0x1D, 0x13, 0x02, 0xF7, 0x25, 0x84, 0x81, 0x1E, 0x2A, 0x14, 0x4A, 0x4C, 0x1C, 0x9F,
    0x2F, 0xE4, 0x67, 0x9F, 0x80, 0x56, 0xAC, 0xA7, 0x1D, 0x23, 0x6A, 0x9A, 0xA1, 0x67, 0x05, 0x35,
    0x3B, 0x98, 0xB4, 0xC3, 0x49, 0x33, 0x5D, 0xD6, 0xB0, 0xAF, 0xEF, 0xC5, 0x46, 0xEA, 0xEE, 0x7D,
    0x38, 0xC1, 0x0E, 0x91, 0x5E, 0xCA, 0x5A, 0x13, 0xD1, 0x98, 0xC8, 0x7E, 0xE3, 0x58, 0x92, 0x8D,
    0xE8, 0x79, 0x30, 0x0B, 0x0D, 0xE1, 0x2B, 0x18, 0x88, 0x74, 0x8D, 0x9A, 0x03, 0x2B, 0x65, 0xC4,
    0x84, 0x19, 0x3E, 0xB8, 0x9D, 0x33, 0x12, 0xDC, 0xCF, 0xAA, 0xBE, 0xCC, 0x68, 0x3B, 0x29, 0xD7,
    0xA4, 0xA6, 0x31, 0x7B, 0xD4, 0x25, 0x77, 0xD4, 0xA5, 0x04, 0x38, 0xC9, 0x77, 0xA7, 0xFC, 0x53,
    0x48, 0xA1, 0x63, 0x89, 0x2D, 0xBB, 0x90, 0x46, 0x29, 0xE2, 0xA2, 0x3D, 0x34, 0xFF, 0xB7, 0x44,
    0xB8, 0xD3, 0x44, 0xC9, 0x54, 0xB2, 0x12, 0x70, 0x29, 0x46, 0xDE, 0x22, 0x7C, 0xA5, 0x27, 0x80,
    0x72, 0x75, 0xC9, 0x4A, 0xA8, 0x3F, 0x63, 0x49, 0xCE, 0x32, 0xD3, 0x9E, 0xFA, 0x73, 0xC6, 0x96,
    0xBA, 0x6C, 0xEF, 0xF2, 0x8B, 0xC2, 0x0C, 0x1B, 0x69, 0x62, 0xBD, 0x9C, 0x3E, 0xD3, 0xB5, 0x9E,
    0x8A, 0xE1, 0xA4, 0x95, 0x0A, 0xA8, 0x59, 0x5D, 0xEA, 0x25, 0xF8, 0x4A, 0xCD, 0xC4, 0xEC, 0x4D,
    0x3B, 0x15, 0xE5, 0x8E, 0xE3, 0x53, 0x6F, 0x36, 0x51, 0xEA, 0x97, 0x60, 0x2F, 0x8A, 0x05, 0x57,
    0x54, 0x5E, 0x08, 0xEF, 0xF9, 0x5E, 0xE8, 0xBF, 0x16, 0x22, 0xBB, 0x4E, 0x03, 0x4C, 0x65, 0x62,
    0xA6, 0xF2, 0x1C, 0x4C, 0x2F, 0x80, 0xDF, 0x0A, 0xE4, 0xF3, 0xE9, 0x8C, 0xF0, 0x77, 0x9A, 0xF0,
    0x5B, 0x17, 0x84, 0xF5, 0xD7, 0x41, 0xD5, 0x10, 0x27, 0x2C, 0x58, 0x58, 0x82, 0x19, 0x16, 0x2F,
    0x16, 0x32, 0x89, 0xF3, 0xE9, 0xF1, 0xD6, 0xEB, 0x77, 0x47, 0xAF, 0xB9, 0xAF, 0x9D, 0x77, 0x97,
    0x7F, 0x7F, 0x42, 0xEB, 0x4E, 0x6B, 0x39, 0xC3, 0xC2, 0xF7, 0x83, 0x3B, 0x9F, 0xB9, 0x2C, 0x1A,
    0xE9, 0x8B, 0x7C, 0xB7, 0x87, 0x7F, 0x63, 0x8F, 0x80, 0x9D, 0x82, 0xFD, 0x15, 0x38, 0x6C, 0x43,
    0x6B, 0x09, 0x1E, 0x9B, 0x03, 0xF8, 0x3D, 0x80, 0x77, 0xF8, 0x77, 0x51, 0xFE, 0x84, 0x7B, 0x41,
    0xB4, 0x75, 0x60, 0x2A, 0x74, 0xCB, 0xF3, 0xA7, 0xA8, 0x95, 0xCA, 0x60, 0x08, 0x23, 0xD0, 0x43,
    0x3D, 0x34, 0x82, 0x06, 0x3C, 0x02, 0x7A, 0xD0, 0x0A, 0xDE, 0x24, 0xA2, 0x82, 0x13, 0x4E, 0xC7,
    0xD3, 0xB1, 0x13, 0xBA, 0xE2, 0x60, 0xFE, 0x54, 0x17, 0x56, 0x60, 0x0B, 0x07, 0x5C, 0x6C, 0xDC,
    0x59, 0x78, 0x34, 0xEF, 0xDE, 0x2F, 0xA2, 0xD4, 0x3D, 0x87, 0x67, 0xAD, 0x15, 0x80, 0x95, 0x76,
    0xC0, 0xFD, 0xDF, 0x25, 0x7C, 0xC3, 0xC7, 0x36, 0xB4, 0x91, 0xFF, 0x4B, 0xDC, 0x96, 0x9E, 0xEA,
    0x96, 0xA4, 0x4A, 0xCD, 0x48, 0x51, 0xBC, 0xAD, 0xB8, 0xB9, 0xAE, 0x8E, 0x1A, 0x3E, 0xF4, 0x3B,
    0xF2, 0x70, 0xF1, 0x8F, 0x96, 0x94, 0xB3, 0x5A, 0x60, 0xC4, 0x46, 0x54, 0x2A, 0xD5, 0xBC, 0x5A,
    0xAD, 0x34, 0xCE, 0xFD, 0xF8, 0x4D, 0x27, 0x5D, 0xF6, 0xC5, 0x1F, 0xD7, 0xB9, 0xCF, 0x37, 0x39,
    0x37, 0x32, 0x9C, 0x13, 0x00, 0x36, 0x93, 0xD6, 0x95, 0x37, 0xCC, 0x86, 0xB9, 0xC6, 0x1E, 0xC1,
    0x22, 0x03, 0x70, 0x43, 0x4A, 0x47, 0x8A, 0xB2, 0x9A, 0x18, 0xC1, 0xE6, 0xD4, 0xFF, 0x2A, 0xF5,
    0xB8, 0x6E, 0x4F, 0x5D, 0xA9, 0xEE, 0x85, 0xE9, 0x18, 0xE8, 0x1D, 0x2E, 0x12, 0x05, 0x07, 0x96,
    0xED, 0x2E, 0x51, 0x85, 0xB4, 0x96, 0xA0, 0x6A, 0x39, 0x01, 0x4B, 0x42, 0x51, 0x23, 0xB6, 0x42,
    0x46, 0x00, 0x24, 0x88, 0x1D, 0x93, 0xE4, 0x31, 0xD3, 0x79, 0x2A, 0x38, 0x65, 0xA5, 0x59, 0x7E,
    0xFE, 0x54, 0xAF, 0x27, 0x5F, 0xE6, 0xBE, 0xFD, 0x12, 0x77, 0xD9, 0x8B, 0x9C, 0x36, 0x84, 0xEA,
    0x3B, 0x84, 0xAA, 0x96, 0x06, 0x66, 0x1A, 0x20, 0xAD, 0x9C, 0xBC, 0x1E, 0x61, 0xC5, 0xF8, 0xA8,
    0xA3, 0xA5, 0x9D, 0x46, 0x2A, 0x50, 0xAC, 0x1D, 0xC4, 0xF2, 0x04, 0xF8, 0x97, 0xE2, 0x13, 0xAD,
    0xA8, 0x57, 0x9D, 0xB3, 0xCC, 0xCD, 0xC5, 0xDF, 0x62, 0xFF, 0xAF, 0xD9, 0xFF, 0xAB, 0xAB, 0xDF,
    0xA8, 0x68, 0x88, 0x05, 0x58, 0x00, 0x6F, 0xAE, 0x11, 0x7F, 0x51, 0xEA, 0x7E, 0x61, 0x07, 0xD9,
    0xD7, 0xEA, 0x7D, 0xC3, 0xEC, 0x6B, 0xF2, 0x17, 0xBE, 0x05, 0x46, 0x17, 0x59, 0x08, 0x8C, 0x00,
    0xF4, 0xB7, 0x91, 0x96, 0xC2, 0xC8, 0x35, 0xE3, 0x73, 0x60, 0x60, 0x0D, 0xDE, 0x8F, 0x1C, 0x23,
    0xF1, 0xB4, 0xA4, 0x0A, 0x6D, 0x0F, 0xDA, 0xBE, 0xD6, 0x76, 0xD3, 0xB6, 0x85, 0x3D, 0x5E, 0x67,
    0xC1, 0xE0, 0x84, 0x5A, 0x2A, 0x5A, 0x5D, 0xC0, 0x3A, 0x3C, 0x42, 0x0A, 0xBA, 0x96, 0x7F, 0x27,
    0xD5, 0xD7, 0xCD, 0xBF, 0x4E, 0xE1, 0x4B, 0x9F, 0xD1, 0xC0, 0x0F, 0x8E, 0xA3, 0x75, 0xE4, 0x1D,
    0x75, 0x93, 0xBB, 0xE9, 0xC1, 0xAF, 0x73, 0xBB, 0x2D, 0x51, 0x8B, 0xEA, 0x21, 0xB5, 0x28, 0xA6,
    0xD4, 0xA2, 0xBF, 0x08, 0xB0, 0x45, 0xB5, 0xF4, 0x09, 0x6C, 0x51, 0xED, 0xCD, 0xEB, 0xDF, 0xA2,
    0x67, 0x3B, 0xF4, 0x59, 0xC4, 0x4F, 0x93, 0x3E, 0x75, 0xFE, 0x48, 0x12, 0xDC, 0xA1, 0x4C, 0x9D,
    0x5B, 0xF9, 0xD4, 0x94, 0x2D, 0x5F, 0x67, 0x75, 0x07, 0x5E, 0xFF, 0xA9, 0x26, 0x4F, 0xBE, 0x7C,
    0xD3, 0xA1, 0xDE, 0xB6, 0xBF, 0x2D, 0xCD, 0xB7, 0x08, 0x5A, 0x4A, 0xE0, 0x3D, 0x36, 0x3F, 0xC0,
    0x82, 0xCB, 0x24, 0xB9, 0xD7, 0x77, 0x62, 0x71, 0x2F, 0x84, 0x71, 0x21, 0x32, 0x5E, 0x8D, 0xB4,
    0x7B, 0x33, 0x65, 0x5C, 0x61, 0x2E, 0x40, 0xDC, 0xD3, 0xC0, 0x78, 0x27, 0xB2, 0x9E, 0x48, 0x1C,
    0x68, 0x4F, 0x12, 0x4A, 0xD5, 0x2A, 0x54, 0x6B, 0xB0, 0xE8, 0xFE, 0x5D, 0xDB, 0x4E, 0x51, 0x1B,
    0x08, 0xCE, 0xCD, 0xA4, 0xBA, 0x18, 0x17, 0x4E, 0x80, 0x25, 0x6D, 0x55, 0xAD, 0x6E, 0x51, 0x36,
    0x6D, 0x5F, 0x3D, 0xB6, 0x1B, 0x09, 0x6C, 0xEF, 0x65, 0x41, 0x06, 0x34, 0x3E, 0xDC, 0xFB, 0x60,
    0x4A, 0xD7, 0x4E, 0x1A, 0x90, 0xC8, 0x14, 0x60, 0xD2, 0x1D, 0xEB, 0x0D, 0x6A, 0x7C, 0x83, 0x84,
    0x97, 0x45, 0x5D, 0x97, 0x6D, 0xF5, 0x9A, 0xD4, 0xCF, 0x25, 0xEA, 0x4E, 0x35, 0xA2, 0x32, 0x27,
    0x25, 0xC8, 0xF4, 0x59, 0xF6, 0x8A, 0xCB, 0xA6, 0xC4, 0x25, 0x28, 0x87, 0x3A, 0x23, 0x70, 0x8C,
    0x61, 0x64, 0x63, 0x86, 0xCD, 0x01, 0xCF, 0x00, 0x2D, 0xE6, 0xC9, 0xFA, 0x81, 0x57, 0x72, 0xA3,
    0x9C, 0x93, 0x99, 0x55, 0x6C, 0xB6, 0x63, 0xA8, 0x69, 0x5C, 0x12, 0xCA, 0x42, 0x33, 0x66, 0xAD,
    0xD1, 0xE1, 0xBC, 0x1E, 0xE7, 0xC3, 0x9F, 0xF7, 0xC5, 0x07, 0xBB, 0x69, 0xDA, 0x66, 0x6C, 0xB8,
    0x1A, 0x52, 0xF0, 0x55, 0xF2, 0x81, 0xC7, 0xB5, 0x64, 0x2F, 0x53, 0xAF, 0x27, 0xEC, 0xD1, 0x1C,
    0x46, 0x03, 0x02, 0xA5, 0x05, 0x2A, 0x02, 0x2D, 0xA6, 0x0B, 0xBC, 0xC5, 0xE7, 0x58, 0xD4, 0x8B,
    0x24, 0x07, 0x1A, 0x31, 0x34, 0x64, 0x07, 0x2F, 0x71, 0x61, 0x1E, 0x14, 0x8D, 0xBC, 0x8D, 0x94,
    0xB3, 0x62, 0x50, 0x65, 0xAB, 0x81, 0x99, 0x24, 0x65, 0x6E, 0xE5, 0x19, 0x64, 0x8B, 0xC7, 0x52,
    0x84, 0xB5, 0x75, 0x65, 0xDD, 0x24, 0x5A, 0x32, 0x46, 0x2A, 0x8B, 0xBE, 0x24, 0x1C, 0x3B, 0x46,
    0xA2, 0xC7, 0x44, 0xD5, 0xE5, 0x87, 0x2F, 0x3D, 0x1C, 0x51, 0x37, 0xE0, 0x71, 0x2A, 0x5D, 0x5C,
    0x5E, 0x76, 0xA4, 0xC1, 0xDD, 0x56, 0x94, 0x97, 0x8A, 0x0E, 0x45, 0x9C, 0x94, 0xDC, 0x76, 0x84,
    0x42, 0x59, 0x5A, 0x67, 0xCF, 0x48, 0x53, 0x19, 0xBB, 0x88, 0x1A, 0x9C, 0x95, 0x9F, 0x2F, 0x8C,
    0xF8, 0x72, 0x44, 0xCD, 0xA8, 0x88, 0x1F, 0xCB, 0x9E, 0x8C, 0x12, 0x27, 0x4F, 0xAE, 0xBC, 0x18,
    0x1F, 0xDF, 0x7D, 0x35, 0xC5, 0x3C, 0x71, 0x6E, 0x2C, 0x2C, 0x65, 0x43, 0xCD, 0x4B, 0x2D, 0x85,
    0x69, 0x4B, 0x70, 0x05, 0x8C, 0x18, 0xD5, 0x89, 0x15, 0x30, 0x9A, 0x16, 0x99, 0xBC, 0x8C, 0x27,
    0x1A, 0x24, 0x76, 0x40, 0x88, 0x76, 0x49, 0xC5, 0x30, 0xA7, 0xA7, 0x5D, 0x28, 0x4B, 0xC4, 0x08,
    0xD5, 0x36, 0x5F, 0x7D, 0xD8, 0x22, 0x6E, 0x67, 0x64, 0x35, 0x62, 0xF9, 0x9A, 0xB2, 0x8F, 0x18,
    0x5D, 0x53, 0x42, 0x47, 0x7C, 0xDD, 0x10, 0xFA, 0x11, 0xEE, 0x61, 0xBC, 0x12, 0xE5, 0x9E, 0x7D,
    0x8F, 0x60, 0x57, 0x5F, 0x95, 0xD6, 0x1C, 0xBF, 0xEE, 0xAE, 0xFA, 0x3A, 0x57, 0x48, 0xED, 0xD5,
    0xA9, 0x58, 0x9D, 0xEE, 0xEF, 0x50, 0x8A, 0x66, 0x3C, 0x8E, 0x7E, 0x97, 0xCF, 0xA0, 0xDD, 0x70,
    0x26, 0x42, 0x8E, 0xB6, 0x97, 0xA9, 0xAB, 0xDA, 0x6D, 0x4E, 0x23, 0xAA, 0x36, 0x56, 0xDA, 0x0A,
    0xC7, 0x7D, 0xB2, 0x10, 0x1A, 0xEC, 0x52, 0xA1, 0x14, 0xD5, 0xFF, 0x08, 0x79, 0x6E, 0xD6, 0xC2,
    0x41, 0x50, 0x4A, 0x83, 0x63, 0x95, 0x0A, 0x7E, 0xB2, 0x05, 0x38, 0xE0, 0x40, 0x0E, 0x1B, 0x0C,
    0x41, 0x58, 0x34, 0xD6, 0x75, 0x82, 0x4C, 0xB2, 0x7A, 0x3D, 0x19, 0x4B, 0xC2, 0xD0, 0x8E, 0x5A,
    0x44, 0x52, 0x04, 0xA6, 0xD1, 0x7B, 0x1A, 0xB5, 0x30, 0x93, 0x9C, 0x9B, 0xD5, 0xCD, 0x73, 0xD4,
    0x73, 0x21, 0xDD, 0x13, 0xD7, 0xCD, 0xBC, 0x28, 0x9F, 0xC5, 0x75, 0x1B, 0x4C, 0x61, 0x50, 0x87,
    0x43, 0x4C, 0x68, 0xF0, 0x45, 0x6D, 0x39, 0x92, 0xD7, 0x8C, 0xE5, 0xFF, 0x48, 0x3F, 0x6B, 0x0D,
    0x09, 0x92, 0xAB, 0x1C, 0x51, 0x07, 0x25, 0x5F, 0x35, 0x8F, 0x4A, 0x43, 0x42, 0x79, 0x2F, 0x94,
    0x6C, 0x6B, 0x30, 0x47, 0x9A, 0xD2, 0xF3, 0xE5, 0xF3, 0x8D, 0x26, 0x6F, 0xCC, 0x76, 0x51, 0x72,
    0x99, 0x92, 0x87, 0x35, 0xD5, 0x69, 0x7C, 0x01, 0xB7, 0x4A, 0x46, 0x9E, 0x94, 0xFE, 0x11, 0x46,
    0xB9, 0x2B, 0x4F, 0x9E, 0x3C, 0x4D, 0x4A, 0x4C, 0x1D, 0x1E, 0x1B, 0xE1, 0x1D, 0x99, 0x27, 0x98,
    0x9F, 0xCD, 0x93, 0x0E, 0xB0, 0x79, 0x12, 0x90, 0x79, 0xF2, 0xF4, 0x4C, 0xCF, 0x47, 0x34, 0xAC,
    0x98, 0xF5, 0x3E, 0x4A, 0xCC, 0x9F, 0xAC, 0x17, 0x4F, 0xEA, 0xA1, 0x19, 0x16, 0x2B, 0xA0, 0x07,
    0xBD, 0x5C, 0xD2, 0x5E, 0x6B, 0x70, 0xFA, 0x2F, 0x82, 0x06, 0x66, 0x17, 0x42, 0x32, 0xE3, 0x5F,
    0x8A, 0xD0, 0x8C, 0xD7, 0x44, 0xB0, 0xC5, 0x03, 0xB3, 0xC2, 0x80, 0x50, 0x08, 0x84, 0x8B, 0xD6,
    0x26, 0xC2, 0xC5, 0x94, 0xE0, 0x8A, 0x7B, 0xB7, 0x0A, 0xEE, 0x2D, 0x05, 0xAB, 0xB7, 0xB6, 0xDD,
    0xD0, 0xF7, 0x1E, 0x01, 0xF2, 0xEC, 0xA4, 0xE1, 0xD5, 0x07, 0x13, 0x2B, 0x3F, 0xFB, 0xE4, 0x49,
    0x3A, 0x71, 0x0C, 0xE9, 0xC4, 0x31, 0xC3, 0x8E, 0xEC, 0xFD, 0x75, 0x66, 0x2F, 0xA8, 0x4E, 0xF2,
    0x89, 0x2D, 0x71, 0x3B, 0x90, 0xA7, 0x74, 0xC9, 0xE3, 0x0C, 0x4B, 0x5C, 0xE5, 0xBD, 0x75, 0x69,
    0x97, 0xD7, 0xD9, 0x2E, 0xD7, 0x3A, 0xD2, 0x2E, 0x4F, 0x98, 0xBD, 0x90, 0xBF, 0xD0, 0x2E, 0x97,
    0xFC, 0x55, 0x2A, 0xF5, 0x4C, 0x7A, 0x69, 0x4D, 0x8C, 0x8F, 0x0F, 0x56, 0x5E, 0xEC, 0xF0, 0x43,
    0x6B, 0x95, 0xFD, 0xB5, 0xC7, 0xA8, 0xB7, 0x74, 0x58, 0x68, 0x24, 0xA4, 0xA2, 0xB4, 0xC4, 0x08,
    0x6D, 0x41, 0xA9, 0x4B, 0x36, 0x43, 0x58, 0x23, 0x46, 0x26, 0x5F, 0xDC, 0x7E, 0x4E, 0xB1, 0xBB,
    0xD4, 0x18, 0x55, 0x5F, 0xD2, 0x2E, 0x60, 0xDA, 0x75, 0x00, 0x05, 0xB4, 0xC1, 0x56, 0xA9, 0x14,
    0x21, 0x05, 0x19, 0xE2, 0xAD, 0x71, 0xE2, 0x0A, 0x7E, 0x4C, 0x9E, 0x66, 0xE5, 0xA9, 0x23, 0x9D,
    0x9C, 0xB2, 0xDF, 0x61, 0x73, 0x4E, 0x4A, 0x81, 0xE5, 0x52, 0x77, 0x3C, 0x0C, 0xEC, 0x02, 0x3D,
    0x87, 0x27, 0x8F, 0xA4, 0x16, 0x9D, 0x2C, 0x81, 0x8D, 0xEC, 0xC9, 0x7E, 0xA8, 0xA4, 0xA3, 0x2F,
    0x8B, 0x26, 0x7A, 0x95, 0xBB, 0xB2, 0x3B, 0xB6, 0x65, 0x77, 0x14, 0xDC, 0x1D, 0x25, 0x66, 0x5A,
    0x9C, 0xF5, 0x95, 0xB5, 0x13, 0x18, 0x94, 0xB4, 0x57, 0x24, 0x63, 0x94, 0x90, 0x42, 0x6B, 0x13,
    0x0E, 0x6D, 0xC2, 0x27, 0x21, 0x7E, 0xA3, 0x44, 0x4F, 0x6A, 0xC4, 0x92, 0x2E, 0x59, 0xBB, 0xA4,
    0xB2, 0x05, 0x6A, 0x6B, 0x1A, 0x5F, 0x12, 0x52, 0xB9, 0x8E, 0x26, 0x5F, 0x0E, 0xAA, 0x2B, 0xA3,
    0xDD, 0xA0, 0xB7, 0x84, 0xC9, 0x86, 0x83, 0xC9, 0x0E, 0x6D, 0x0D, 0xE9, 0x8F, 0x95, 0x08, 0xDC,
    0xB7, 0x8E, 0x71, 0x0D, 0xEB, 0x2B, 0x8E, 0xAA, 0xA2, 0xA7, 0xA7, 0x5C, 0x27, 0xAE, 0xD2, 0xAD,
    0xA4, 0x61, 0x4A, 0xD9, 0x98, 0xB6, 0x28, 0xF9, 0x2B, 0x2B, 0xF9, 0x21, 0xCC, 0xC4, 0xA0, 0x72,
    0x06, 0x4A, 0x43, 0x25, 0xAB, 0x4D, 0xC7, 0xCB, 0x12, 0x59, 0x2F, 0x36, 0x45, 0xC8, 0x0A, 0x89,
    0xB0, 0xCF, 0xB8, 0xA1, 0x99, 0x9E, 0x49, 0x95, 0xD9, 0x51, 0x9E, 0x17, 0x4A, 0xFC, 0x32, 0x71,
    0x75, 0xEA, 0x98, 0x1A, 0x11, 0xDD, 0x24, 0x15, 0x65, 0x7F, 0x0D, 0x5F, 0x99, 0xD4, 0xB1, 0xEA,
    0x9E, 0x86, 0x8C, 0xEB, 0x69, 0x97, 0xB1, 0x91, 0x8D, 0x8B, 0x09, 0x38, 0xF7, 0xBD, 0x94, 0x60,
    0x33, 0x05, 0xED, 0x83, 0x66, 0xFA, 0xC9, 0x84, 0x34, 0x76, 0xE2, 0x2E, 0xDF, 0x97, 0x06, 0x1B,
    0xF5, 0x92, 0xEC, 0x9C, 0xE7, 0x6A, 0x87, 0xE1, 0xF6, 0xFC, 0x01, 0xD2, 0x0F, 0x60, 0x7C, 0x90,
    0xF4, 0x3C, 0x04, 0xF0, 0xF8, 0xB1, 0xF6, 0x12, 0x08, 0x99, 0xB2, 0xD5, 0x81, 0xCA, 0xFF, 0xD9,
    0xF0, 0xE4, 0xB3, 0xE1, 0xB1, 0x7B, 0x42, 0xCB, 0x15, 0xF6, 0x12, 0x8C, 0x8A, 0xD5, 0xEF, 0x65,
    0xF7, 0xDC, 0x9E, 0xC6, 0x37, 0xCC, 0x31, 0xE3, 0x1B, 0x5A, 0x77, 0x7F, 0x32, 0x5B, 0x2C, 0x53,
    0x0E, 0x49, 0x44, 0xE5, 0x42, 0x70, 0xD7, 0x85, 0xE0, 0x13, 0xA9, 0xF0, 0xDF, 0x23, 0xD9, 0x57,
    0x16, 0x4E, 0x34, 0xBD, 0x30, 0x75, 0xBC, 0x16, 0xDB, 0xC1, 0x28, 0xCA, 0x85, 0xB7, 0xC3, 0x67,
    0x5B, 0x21, 0x72, 0xE4, 0x68, 0xE0, 0x87, 0x53, 0x30, 0x0D, 0x93, 0x47, 0x5D, 0xE6, 0xAF, 0x95,
    0xF7, 0x47, 0x17, 0xF0, 0x53, 0x81, 0x71, 0xB3, 0xEB, 0x8A, 0x86, 0x78, 0x23, 0x7C, 0x23, 0x6C,
    0x05, 0x77, 0xCA, 0xC7, 0x49, 0x23, 0xDA, 0x27, 0xFC, 0xA5, 0x3B, 0xBF, 0x05, 0xB0, 0x30, 0x75,
    0x62, 0xA1, 0x1A, 0x3B, 0xA1, 0x1D, 0x8C, 0x30, 0xA1, 0xEC, 0xF0, 0x70, 0x34, 0x95, 0x2C, 0x9C,
    0x98, 0xB9, 0xA3, 0x84, 0x02, 0x80, 0xFC, 0xEC, 0x25, 0x1C, 0x63, 0x62, 0xC9, 0xF1, 0x54, 0xEC,
    0x87, 0x4E, 0x80, 0x7C, 0x77, 0x6B, 0xB5, 0x54, 0x7D, 0x5C, 0x4F, 0xEC, 0xE0, 0x64, 0x25, 0x49,
    0xC4, 0x1C, 0xF0, 0x14, 0x88, 0xFE, 0x53, 0x1A, 0x81, 0xEA, 0x21, 0xDC, 0x7A, 0x39, 0x68, 0xA5,
    0xE2, 0xE3, 0xA7, 0x30, 0x97, 0x13, 0xB8, 0x91, 0x15, 0xEA, 0x28, 0x72, 0x6A, 0xEC, 0x56, 0xB3,
    0xA9, 0x7C, 0x72, 0xF3, 0x29, 0xB7, 0x9E, 0x11, 0xE1, 0x37, 0xA6, 0xAF, 0x1E, 0xEB, 0x09, 0x35,
    0xE8, 0x21, 0x18, 0x25, 0x5F, 0x2E, 0x36, 0x20, 0x5A, 0x03, 0x62, 0x16, 0x5C, 0xB4, 0xE9, 0x1D,
    0x64, 0x7A, 0xA7, 0x24, 0xFB, 0x21, 0x1F, 0x81, 0x3C, 0xA8, 0xA7, 0xD1, 0x61, 0x16, 0x0E, 0x9A,
    0x5B, 0xA2, 0x31, 0x5D, 0x76, 0xD0, 0x07, 0x39, 0xF9, 0x68, 0x57, 0x8F, 0x92, 0xBA, 0x11, 0x2E,
    0x9E, 0xC4, 0xA3, 0x66, 0x85, 0x1D, 0x1F, 0xA5, 0x86, 0x9B, 0xB6, 0x62, 0xF7, 0x91, 0x11, 0xEE,
    0xE3, 0x59, 0x3F, 0x5F, 0x05, 0x63, 0x00, 0x1C, 0xE9, 0x13, 0xA4, 0x21, 0x02, 0xC2, 0x40, 0xE6,
    0x41, 0x76, 0x22, 0x33, 0x87, 0x27, 0x99, 0x9A, 0xEA, 0x68, 0x3C, 0x4D, 0x5E, 0x0B, 0xF9, 0x77,
    0x9A, 0x0D, 0x20, 0xF9, 0x9E, 0xC9, 0x9C, 0xEC, 0x1D, 0x5F, 0xEC, 0xC7, 0x77, 0x52, 0xE4, 0xF2,
    0x4B, 0x3D, 0xAE, 0x6B, 0x09, 0xD6, 0x70, 0xF6, 0xDB, 0x1D, 0xA4, 0x58, 0x93, 0x1D, 0x94, 0x55,
    0xBC, 0xAA, 0x23, 0x86, 0x4D, 0xA4, 0x0B, 0x1D, 0x75, 0x3E, 0x48, 0x58, 0xFB, 0xE0, 0x7E, 0x75,
    0x09, 0xFB, 0x47, 0x47, 0xF5, 0x14, 0xAA, 0x6B, 0x85, 0x45, 0x48, 0x83, 0xC4, 0xC8, 0x91, 0x45,
    0x65, 0xAD, 0x2E, 0x5E, 0x45, 0xDA, 0xD5, 0x56, 0x4A, 0xBC, 0x02, 0x35, 0xB2, 0x69, 0x62, 0x80,
    0x03, 0xDC, 0xB9, 0x48, 0x2B, 0x78, 0x64, 0x70, 0x37, 0x89, 0x40, 0x38, 0x30, 0x0B, 0x69, 0xE6,
    0x25, 0x22, 0xF9, 0x91, 0x90, 0xFF, 0x21, 0x21, 0x12, 0xB1, 0x1E, 0xEC, 0x52, 0xF6, 0x3A, 0x95,
    0x59, 0x23, 0x00, 0x3E, 0x41, 0x74, 0x79, 0xFE, 0x8C, 0x27, 0xCA, 0xA8, 0x4B, 0x11, 0x69, 0xA4,
    0xB5, 0x9D, 0x0F, 0xE9, 0x41, 0x9B, 0xCB, 0xA7, 0xF8, 0xDA, 0x99, 0x92, 0xE5, 0xB9, 0x3F, 0xBB,
    0x99, 0x4D, 0x05, 0xD6, 0x48, 0x33, 0x79, 0x2E, 0x2B, 0x73, 0xA1, 0xA0, 0xB5, 0xB1, 0x89, 0x10,
    0x38, 0x8E, 0x5E, 0x62, 0xCC, 0x6C, 0x12, 0x56, 0x76, 0x88, 0xF8, 0xD9, 0x82, 0xB5, 0x1E, 0xB6,
    0x0E, 0x7B, 0x61, 0xAA, 0xF9, 0xD8, 0x54, 0x7B, 0x8E, 0x86, 0x06, 0x01, 0x38, 0x67, 0x22, 0xA8,
    0x61, 0x96, 0x3A, 0xE6, 0xA8, 0xA3, 0x1A, 0xA2, 0xA3, 0x86, 0x19, 0xFD, 0x77, 0x3B, 0x4C, 0x5A,
    0xED, 0xE9, 0xE6, 0x0A, 0xB2, 0xAD, 0x54, 0x14, 0x4E, 0x71, 0xBA, 0xBE, 0x0C, 0x87, 0xEC, 0xD0,
    0x73, 0xA3, 0xBA, 0x15, 0xB4, 0x35, 0x26, 0x0D, 0x4F, 0x4A, 0x05, 0xF4, 0xC6, 0x24, 0xE7, 0x5D,
    0x24, 0xDD, 0x27, 0xDD, 0x33, 0xF4, 0x17, 0x31, 0xE7, 0xE8, 0x1D, 0x4F, 0xEF, 0xD6, 0x61, 0x81,
    0xED, 0x0C, 0x2D, 0x44, 0x64, 0x16, 0xE0, 0x38, 0xC4, 0x7A, 0x64, 0x05, 0x93, 0x52, 0x31, 0x96,
    0xA0, 0x8E, 0x83, 0xDF, 0x60, 0x0C, 0xDB, 0x61, 0x9A, 0x19, 0x62, 0x34, 0x97, 0x91, 0x44, 0x23,
    0x39, 0x97, 0x43, 0x75, 0xDD, 0xFB, 0x99, 0x1F, 0xCC, 0xB8, 0x68, 0x3F, 0x18, 0x24, 0xD6, 0x68,
    0x2E, 0x99, 0x0E, 0xAA, 0x45, 0xD2, 0x04, 0x23, 0x38, 0x80, 0x23, 0x1E, 0xBD, 0x20, 0xE3, 0xB6,
    0xD6, 0x6D, 0xBC, 0x6D, 0xF6, 0x91, 0x92, 0x74, 0x93, 0xA0, 0x5D, 0x0E, 0x8D, 0x97, 0x43, 0xCB,
    0x08, 0x51, 0x02, 0xED, 0x3B, 0x9D, 0x51, 0x88, 0x78, 0xA2, 0xEF, 0xA7, 0xAF, 0xF8, 0x25, 0x7D,
    0x3F, 0x2D, 0xFB, 0x81, 0x9C, 0x48, 0xFA, 0x08, 0x20, 0xA2, 0x79, 0xF8, 0x9B, 0x66, 0x43, 0x3F,
    0x0D, 0x2A, 0xA7, 0x37, 0x57, 0xE6, 0xDA, 0x13, 0x27, 0x57, 0x98, 0x35, 0xE9, 0xFD, 0xE4, 0x67,
    0x16, 0xB4, 0xB7, 0x48, 0xD6, 0x6A, 0x11, 0xDC, 0xFA, 0x3C, 0x56, 0x36, 0xF8, 0xF8, 0xA9, 0xF5,
    0xCE, 0xE5, 0x9C, 0x55, 0xF3, 0x90, 0x2B, 0x8F, 0x45, 0x18, 0x11, 0x8B, 0x38, 0xCA, 0x5B, 0xD4,
    0xD2, 0x68, 0x11, 0xEB, 0xD3, 0x44, 0xDE, 0xCC, 0x0F, 0x23, 0x29, 0x35, 0x61, 0xF9, 0x5C, 0x1D,
    0x1A, 0xCB, 0x75, 0x27, 0x8D, 0xEA, 0x0E, 0x76, 0x93, 0x9B, 0x7A, 0x9D, 0x02, 0xB2, 0xD1, 0xB7,
    0xC6, 0xE6, 0xBD, 0xC9, 0x26, 0x87, 0x8C, 0x64, 0xB1, 0xD9, 0xF2, 0x70, 0x80, 0x8D, 0x0F, 0x01,
    0x68, 0x7F, 0x58, 0x61, 0x05, 0x4D, 0x10, 0xC4, 0xCA, 0xA3, 0x09, 0xFF, 0x0E, 0x1A, 0x22, 0x7E,
    0x2A, 0xC8, 0x16, 0x89, 0x00, 0xCD, 0x91, 0x83, 0x34, 0xC3, 0xCA, 0x7E, 0x5D, 0x69, 0xE7, 0x4B,
    0x67, 0x8D, 0xF4, 0xA3, 0xB1, 0x13, 0x8D, 0xED, 0x20, 0x68, 0xB1, 0x21, 0xD0, 0x8A, 0x94, 0x7C,
    0xE7, 0x71, 0x75, 0x16, 0xC4, 0xA1, 0xBC, 0xC3, 0x00, 0x7F, 0xC2, 0xE9, 0x01, 0xC6, 0xAD, 0xCA,
    0xB8, 0xB5, 0x77, 0x08, 0x37, 0xF9, 0xC9, 0x86, 0xAF, 0x59, 0x4C, 0x0D, 0x34, 0x3A, 0xCA, 0xCA,
    0x91, 0x0F, 0xD0, 0xD0, 0x91, 0x43, 0x69, 0xB4, 0x75, 0x24, 0xF7, 0x75, 0x95, 0x5D, 0x4C, 0x8C,
    0xD3, 0xD4, 0x94, 0xD1, 0xE3, 0x9F, 0x09, 0x24, 0x54, 0x27, 0x0D, 0xD9, 0xF4, 0xD1, 0xB1, 0x7F,
    0xB3, 0xF5, 0x43, 0xDA, 0x86, 0x0D, 0x20, 0xF2, 0x78, 0x4A, 0x1B, 0x48, 0x89, 0x29, 0x76, 0x7F,
    0x78, 0x99, 0xBB, 0xA4, 0x96, 0x79, 0x36, 0xA4, 0x3D, 0x04, 0xA0, 0x4C, 0x22, 0x6E, 0xBB, 0x79,
    0xA5, 0x4A, 0xD2, 0x2C, 0xFE, 0xA6, 0x60, 0x1B, 0xC5, 0x7D, 0xA7, 0x9F, 0x4B, 0xCB, 0x52, 0x12,
    0x03, 0x3A, 0x67, 0xE5, 0x68, 0xE0, 0xAC, 0x2C, 0x86, 0xDF, 0xD1, 0xE7, 0xC5, 0xF6, 0x88, 0x9A,
    0xBE, 0x81, 0x10, 0x70, 0xE0, 0xC3, 0xAA, 0x21, 0x66, 0x2D, 0x1F, 0x62, 0x6E, 0x21, 0x2E, 0xDB,
    0x33, 0x11, 0x37, 0x3E, 0x68, 0x10, 0xA8, 0x6A, 0x3B, 0x70, 0x72, 0x0B, 0xB6, 0x77, 0x8E, 0xEB,
    0x73, 0x97, 0xFF, 0x86, 0x9B, 0xFF, 0x15, 0xE6, 0x10, 0xED, 0x55, 0xC9, 0x05, 0x69, 0x5F, 0x94,
    0xD6, 0x13, 0x41, 0x11, 0x97, 0x0B, 0x51, 0xB1, 0x0E, 0xB5, 0xBE, 0x53, 0xE9, 0x06, 0x68, 0x31,
    0x45, 0x79, 0x59, 0xCD, 0xAC, 0xB6, 0x6A, 0xB2, 0xB4, 0x9F, 0x3F, 0x6F, 0x29, 0x66, 0xCB, 0x32,
    0x48, 0x2A, 0xE9, 0x2F, 0x87, 0x3B, 0x34, 0x55, 0xB9, 0xBD, 0x54, 0xEA, 0xAF, 0x98, 0x7C, 0xA8,
    0x3D, 0x39, 0x88, 0x5F, 0x24, 0x2B, 0x9D, 0xCE, 0xBC, 0x90, 0x76, 0xEE, 0x81, 0x37, 0xFF, 0x2B,
    0xF3, 0x56, 0x5A, 0xA7, 0x86, 0x62, 0x6E, 0x11, 0xF2, 0x50, 0x2A, 0x8D, 0x45, 0xFA, 0x1C, 0x0C,
    0xF5, 0x54, 0x28, 0xFF, 0x95, 0x3C, 0xFE, 0x3E, 0x3D, 0x42, 0xE0, 0x04, 0x97, 0x62, 0x22, 0xF1,
    0x69, 0x00, 0x3C, 0x6D, 0xEF, 0x50, 0x4B, 0x90, 0xF6, 0xD0, 0x19, 0x78, 0x94, 0x69, 0x17, 0x5F,
    0xF2, 0xB4, 0xA0, 0x10, 0x43, 0x6C, 0xAD, 0x45, 0x4E, 0x28, 0x30, 0xA0, 0x07, 0x9C, 0x5F, 0xE1,
    0x39, 0x17, 0x0B, 0x81, 0x47, 0x1A, 0x3B, 0xE2, 0x5C, 0x86, 0x71, 0x64, 0x66, 0x93, 0x35, 0xF7,
    0xA8, 0xE6, 0x35, 0x02, 0x74, 0x0B, 0x55, 0x7A, 0x5C, 0xCD, 0x90, 0x37, 0xE9, 0x0F, 0x14, 0x22,
    0x74, 0xD5, 0x9A, 0x1F, 0xCD, 0x23, 0x08, 0x65, 0xB4, 0x1C, 0xBD, 0x78, 0x3F, 0x8D, 0x86, 0x9E,
    0xA2, 0xE1, 0xFE, 0xC8, 0x8D, 0xD1, 0x46, 0xD4, 0x81, 0x3C, 0x6A, 0x99, 0x3A, 0x09, 0x95, 0x45,
    0x1A, 0xDF, 0x15, 0xC9, 0xB4, 0xCE, 0x36, 0xDA, 0x34, 0x70, 0xD2, 0x02, 0x8B, 0x9C, 0xD0, 0x6D,
    0x93, 0xFE, 0xB0, 0x0E, 0xE0, 0x7A, 0xC0, 0xB3, 0xDD, 0xFF, 0x86, 0x86, 0x5B, 0xA8, 0xFF, 0x24,
    0x32, 0x9F, 0x8C, 0xEC, 0x34, 0x1C, 0x7D, 0xBA, 0xA8, 0x5D, 0xAE, 0x65, 0x2A, 0x7E, 0xDD, 0x2F,
    0xEB, 0xEF, 0x83, 0xF1, 0x29, 0x30, 0xCE, 0xF3, 0xEC, 0x46, 0xE5, 0x1A, 0xA1, 0xC8, 0xEE, 0xDE,
    0x64, 0xA3, 0xAE, 0x72, 0xBD, 0xAB, 0xD0, 0x5F, 0x38, 0xF2, 0xAC, 0xFD, 0x54, 0x80, 0x3F, 0x66,
    0xDE, 0x2D, 0x24, 0x88, 0x2A, 0x5B, 0x03, 0xEB, 0x7C, 0x88, 0x3F, 0x02, 0x77, 0x54, 0x0D, 0x6B,
    0x36, 0x89, 0x43, 0xB9, 0xAC, 0xB2, 0x6F, 0x36, 0xCE, 0x02, 0x39, 0xE8, 0x3E, 0x61, 0x7F, 0x37,
    0xC0, 0x74, 0xB3, 0x64, 0x89, 0xF9, 0xF7, 0x46, 0x40, 0x16, 0x6F, 0xE7, 0x2C, 0x5A, 0xBA, 0x68,
    0xE5, 0x16, 0x2C, 0xDC, 0x8D, 0x87, 0x63, 0x18, 0x4F, 0x84, 0xFA, 0x2B, 0x21, 0x5C, 0x14, 0xE4,
    0x52, 0xF2, 0x56, 0xCD, 0x82, 0x6C, 0xA0, 0xCC, 0xAB, 0x67, 0x89, 0xA1, 0xB5, 0x68, 0x76, 0x27,
    0x1A, 0xEF, 0x3D, 0xDE, 0xB0, 0x92, 0x3B, 0x40, 0x6C, 0x30, 0x90, 0x64, 0x86, 0xD4, 0x19, 0x69,
    0xB4, 0x99, 0x0D, 0xD6, 0xDD, 0x1C, 0x05, 0xE3, 0x2F, 0x39, 0x98, 0x36, 0xB9, 0x62, 0x65, 0xC7,
    0xB5, 0xD8, 0xD3, 0x63, 0xCF, 0x88, 0x4A, 0xEB, 0x41, 0x43, 0xC6, 0xA2, 0x5D, 0x8C, 0x7B, 0xB1,
    0x68, 0x1B, 0xA3, 0xE1, 0x2D, 0x92, 0x05, 0xB8, 0xC0, 0x8B, 0xD7, 0xA3, 0x40, 0x36, 0x5B, 0xB0,
    0x1C, 0x92, 0xB8, 0xD7, 0xAF, 0xCC, 0x41, 0x01, 0x32, 0xF9, 0x45, 0x61, 0xE5, 0xC4, 0x8E, 0x46,
    0xC1, 0x08, 0x15, 0x05, 0x43, 0x7E, 0x3D, 0x0E, 0xB2, 0x60, 0x07, 0x1F, 0x4F, 0x76, 0x88, 0xD5,
    0x21, 0x25, 0x3B, 0x89, 0x2A, 0x4D, 0xFF, 0x31, 0xAA, 0xBE, 0xAF, 0x50, 0xA5, 0x0B, 0x46, 0x95,
    0x67, 0x06, 0x09, 0x55, 0x3D, 0x8B, 0x5A, 0x31, 0xB2, 0xA5, 0x26, 0x5A, 0x70, 0x23, 0x04, 0x2B,
    0x6D, 0xB2, 0xEE, 0x43, 0x10, 0xCE, 0x23, 0x84, 0x0A, 0xE7, 0xE1, 0x71, 0x82, 0xE4, 0xB4, 0x0F,
    0x7A, 0xAC, 0x36, 0x80, 0xD7, 0xE0, 0xA6, 0x01, 0x41, 0x4B, 0xCE, 0x8A, 0x11, 0x09, 0xD5, 0xF2,
    0xFF, 0xF2, 0xFA, 0xFE, 0x3C, 0x5F, 0x60, 0x34, 0x33, 0x73, 0x03, 0x06, 0x37, 0x9D, 0xA2, 0x94,
    0x5A, 0xD7, 0xE1, 0xD2, 0x6C, 0x28, 0xFD, 0x36, 0xA5, 0xAE, 0xCB, 0xA9, 0x4F, 0x32, 0xAA, 0x54,
    0xDA, 0x9A, 0xC0, 0xA2, 0x32, 0x64, 0xD6, 0x31, 0x97, 0x5B, 0x21, 0x95, 0xDF, 0x26, 0x46, 0xFD,
    0xB0, 0xBD, 0x9A, 0xDA, 0x43, 0x14, 0xE0, 0xB3, 0xBD, 0x11, 0x0A, 0xDB, 0x0F, 0x6F, 0x60, 0x18,
    0xB8, 0xF2, 0x57, 0xF8, 0x7D, 0x0F, 0x87, 0x35, 0xAA, 0xE3, 0x5A, 0xEA, 0xB0, 0x56, 0x78, 0x78,
    0x9F, 0x3F, 0xA6, 0x4F, 0x79, 0xEF, 0x58, 0xC5, 0x76, 0x96, 0x90, 0x8A, 0x2E, 0x1F, 0xC4, 0x85,
    0x53, 0x26, 0x35, 0xFB, 0xA9, 0x3B, 0xD0, 0xB1, 0xF5, 0xCE, 0x20, 0xC7, 0xD6, 0xD0, 0x11, 0x59,
    0x2A, 0x65, 0xA9, 0xD2, 0x65, 0x7A, 0xA5, 0x25, 0xA9, 0xDB, 0x19, 0x13, 0x24, 0x15, 0xAF, 0xC4,
    0x47, 0x5A, 0x19, 0xC5, 0xD8, 0x25, 0x6F, 0x88, 0x62, 0x97, 0x86, 0x36, 0x94, 0x50, 0x35, 0x63,
    0x8B, 0x01, 0x5A, 0x72, 0x98, 0x27, 0x67, 0x6E, 0xD4, 0x8A, 0x6C, 0xB5, 0x1E, 0x5B, 0x19, 0x04,
    0x4E, 0xA0, 0x26, 0x6A, 0x3E, 0x9A, 0xE1, 0xE9, 0x9E, 0x54, 0xE6, 0x78, 0xB0, 0x25, 0xF1, 0xD6,
    0xD4, 0xC4, 0x8E, 0x5A, 0x26, 0x5C, 0xDD, 0xCB, 0x1A, 0xB6, 0x2B, 0x57, 0x36, 0x73, 0x40, 0x0E,
    0xE9, 0xEB, 0x91, 0x23, 0x47, 0x8E, 0xAC, 0x45, 0x17, 0x39, 0x75, 0xE2, 0xB7, 0x17, 0x98, 0x2E,
    0x5F, 0xE4, 0x29, 0xF2, 0xB6, 0xF4, 0x85, 0x84, 0xDA, 0xF6, 0xD0, 0x45, 0x0D, 0xB5, 0x9B, 0x32,
    0xB3, 0x3A, 0x55, 0x86, 0x28, 0xE8, 0xEC, 0x60, 0x86, 0x60, 0xE1, 0xA4, 0x46, 0xF5, 0xD6, 0x79,
    0xC9, 0xA3, 0xF2, 0x84, 0x0F, 0x87, 0x07, 0xEB, 0xE1, 0x0D, 0xE2, 0xDB, 0x74, 0x4C, 0x6D, 0x19,
    0x0A, 0x21, 0xB5, 0x52, 0xB8, 0x80, 0x1B, 0x71, 0xB4, 0xD3, 0x12, 0xBF, 0x6C, 0xC7, 0xCC, 0xDE,
    0x63, 0xC3, 0x11, 0x41, 0xBC, 0x7E, 0x74, 0x87, 0xA0, 0x37, 0xE6, 0x32, 0x5B, 0x52, 0xFB, 0xFE,
    0x50, 0x6A, 0x4E, 0x39, 0x1F, 0x12, 0xCB, 0xAA, 0x88, 0x1B, 0x8F, 0xF2, 0xC3, 0x16, 0x6A, 0x2E,
    0x95, 0x6B, 0x36, 0xCD, 0xA5, 0xC6, 0xEE, 0x3D, 0xFD, 0xBA, 0x7B, 0x2B, 0xA6, 0xF5, 0x69, 0x21,
    0x75, 0x52, 0x0F, 0x55, 0x0F, 0x57, 0x0F, 0x8D, 0xB0, 0x2F, 0xA3, 0x0A, 0x42, 0x52, 0x3B, 0x88,
    0xD8, 0x87, 0x8B, 0x76, 0xB3, 0x73, 0xB8, 0x2C, 0x05, 0x10, 0x13, 0x64, 0x6C, 0x57, 0x10, 0x64,
    0x7A, 0x0F, 0x45, 0xBA, 0xD1, 0x7E, 0x19, 0x36, 0xAD, 0xA9, 0x37, 0x17, 0xB2, 0xF0, 0x8E, 0x41,
    0xD6, 0xDE, 0x50, 0xC5, 0x3D, 0x8B, 0x0C, 0x53, 0x19, 0x8D, 0x22, 0x86, 0x16, 0x53, 0x2D, 0xE8,
    0xC3, 0x94, 0xFB, 0x14, 0x87, 0x07, 0x72, 0x52, 0x2A, 0x0D, 0x2F, 0xE2, 0x43, 0x15, 0xE6, 0xAE,
    0xE8, 0x33, 0x92, 0xCF, 0x4D, 0xDE, 0x9F, 0xCF, 0x4D, 0xB6, 0xF3, 0x29, 0xE6, 0xA3, 0xDB, 0x1F,
    0xB3, 0xDE, 0xFB, 0x5C, 0x79, 0x6A, 0xFB, 0xFA, 0x82, 0xE4, 0x2D, 0x60, 0x64, 0xF2, 0x9F, 0x74,
    0xCB, 0x3E, 0x9E, 0x76, 0x42, 0x1B, 0xCB, 0x24, 0x2A, 0x76, 0xBC, 0xFC, 0xF4, 0xC0, 0x11, 0xD0,
    0xF5, 0xAD, 0xF9, 0x76, 0xD1, 0xD9, 0x7C, 0x1F, 0xA1, 0x19, 0xBF, 0x43, 0x05, 0x7D, 0x25, 0x17,
    0x89, 0x95, 0xDC, 0x26, 0xCE, 0x31, 0x60, 0x6B, 0x18, 0x8D, 0x60, 0x95, 0xF4, 0xA6, 0xBC, 0x76,
    0xC5, 0x62, 0x05, 0x59, 0xA3, 0x4E, 0x9E, 0x54, 0x56, 0x3B, 0x57, 0x77, 0x6A, 0xE2, 0xFB, 0x51,
    0x54, 0x5F, 0x3C, 0x41, 0x13, 0x82, 0xF6, 0xB6, 0xC0, 0x9A, 0xEA, 0x6F, 0x66, 0x18, 0xAF, 0x73,
    0xC3, 0x83, 0xF5, 0xBF, 0xB9, 0x79, 0x58, 0x9B, 0xD9, 0x98, 0xE1, 0xDC, 0x1A, 0x2B, 0x46, 0xDA,
    0xCE, 0x13, 0xC9, 0x97, 0x5E, 0x89, 0x17, 0xDE, 0x8D, 0xBE, 0x9D, 0x06, 0xAD, 0x65, 0xC0, 0x11,
    0x30, 0xF1, 0xC1, 0x9A, 0x59, 0x90, 0xBF, 0x1A, 0x69, 0xFC, 0xD8, 0x99, 0x08, 0x1A, 0xC1, 0xB1,
    0x3C, 0x0B, 0xB6, 0x9C, 0x1E, 0x1A, 0x5F, 0x16, 0xFA, 0x79, 0x8E, 0xDE, 0x6C, 0xF6, 0xBB, 0x0B,
    0x37, 0xB0, 0x6A, 0xE5, 0x20, 0x97, 0xB3, 0xCC, 0xF1, 0x9F, 0x07, 0x78, 0x30, 0xDE, 0xDE, 0x44,
    0x69, 0x77, 0xF0, 0xFE, 0x3A, 0x53, 0xA0, 0x36, 0xD4, 0xD9, 0x24, 0x6E, 0xD2, 0xCF, 0xDC, 0x05,
    0xED, 0xC7, 0x14, 0x46, 0x60, 0x7C, 0x2A, 0xD4, 0x8B, 0xA6, 0xC5, 0xB5, 0x17, 0x88, 0xDD, 0xDA,
    0xFC, 0x0E, 0x4F, 0xBD, 0xE7, 0xED, 0xBB, 0x31, 0x8A, 0x71, 0xB0, 0xB1, 0x2C, 0xCD, 0xDC, 0x64,
    0x69, 0x3B, 0xBF, 0x7A, 0x47, 0xAD, 0x86, 0x90, 0xA0, 0x15, 0x6C, 0x09, 0x3C, 0x0B, 0xEB, 0x66,
    0xF0, 0xE3, 0x0C, 0xBF, 0x9C, 0x32, 0x02, 0x7E, 0x2A, 0x31, 0x98, 0x65, 0x14, 0x2A, 0x2A, 0x7A,
    0x56, 0xC5, 0xCE, 0xAA, 0xC8, 0x59, 0x15, 0x37, 0xAB, 0xA2, 0x66, 0x55, 0xCC, 0x6C, 0x16, 0x31,
    0xAB, 0xE2, 0x65, 0x0B, 0xB8, 0x18, 0x01, 0xEF, 0x51, 0xF6, 0x7D, 0xB6, 0x61, 0x3F, 0xE0, 0x65,
    0xA6, 0x0D, 0x46, 0xAA, 0xC6, 0x38, 0x8D, 0x6F, 0x31, 0x3D, 0x2A, 0x59, 0x14, 0xF9, 0x38, 0xEC,
    0xE6, 0xC6, 0xCC, 0xFD, 0xF2, 0xB5, 0x42, 0x5A, 0x2A, 0x78, 0x94, 0xFD, 0xA2, 0xAF, 0x19, 0x86,
    0x71, 0xF9, 0x98, 0x74, 0x64, 0x4B, 0xE7, 0x76, 0xB1, 0x16, 0x45, 0x8F, 0xB8, 0x9A, 0x4E, 0xB5,
    0x25, 0x9B, 0xBA, 0xB3, 0x32, 0xCE, 0x5F, 0x4E, 0x49, 0x76, 0xE5, 0x54, 0x61, 0x62, 0x0A, 0x39,
    0xEA, 0x29, 0x4C, 0x56, 0xF6, 0xC7, 0x8E, 0xBA, 0xA4, 0x1E, 0x46, 0x4E, 0xF7, 0xB9, 0xB1, 0x11,
    0xF6, 0x43, 0xF3, 0xDF, 0xC4, 0x9C, 0xDF, 0x92, 0x70, 0x24, 0x00, 0x33, 0x5B, 0x6C, 0x26, 0x29,
    0xF5, 0xAA, 0x22, 0x58, 0xFF, 0x8C, 0xF5, 0x36, 0x61, 0xB6, 0xF7, 0x81, 0x56, 0x37, 0xED, 0x5E,
    0xD3, 0x8E, 0x41, 0x00, 0x61, 0x76, 0x60, 0xA3, 0xFC, 0xEB, 0x17, 0x82, 0xFD, 0xE9, 0x65, 0x31,
    0xFB, 0x07, 0xCF, 0xC1, 0x97, 0xB0, 0x21, 0xF6, 0xA9, 0xC6, 0x18, 0x0B, 0xE0, 0x25, 0x80, 0xEF,
    0x06, 0xF0, 0xA3, 0x10, 0xCE, 0x87, 0xFB, 0x2F, 0x87, 0xB3, 0x8F, 0xD1, 0xDF, 0xE9, 0xCF, 0x25,
    0xDE, 0x91, 0xED, 0x5D, 0x30, 0xDF, 0x85, 0xDA, 0x8B, 0x24, 0xFF, 0x2A, 0xD1, 0x54, 0x54, 0x8D,
    0x6E, 0x8B, 0x4A, 0x51, 0x23, 0x7C, 0x4C, 0xEC, 0x13, 0xFB, 0x96, 0x8C, 0x9F, 0xDE, 0x0E, 0xD5,
    0x53, 0x53, 0x73, 0x55, 0x70, 0xCE, 0xE9, 0xA7, 0x4D, 0x61, 0x85, 0x66, 0x50, 0x3D, 0x7B, 0xB2,
    0x73, 0x88, 0xCD, 0x6A, 0xD8, 0x03, 0xD3, 0x3F, 0xBC, 0xEB, 0xF0, 0x8F, 0x8F, 0xBB, 0x4B, 0xC7,
    0xA7, 0xC1, 0x4F, 0x60, 0x54, 0x46, 0x4E, 0x7D, 0x56, 0xB9, 0xE6, 0x79, 0x66, 0x96, 0x18, 0xE8,
    0x4D, 0xD8, 0x4F, 0xEA, 0x67, 0x1F, 0x6D, 0x12, 0x38, 0x8B, 0x3D, 0xEA, 0xF3, 0xC4, 0x0B, 0xD6,
    0x3F, 0x20, 0xE2, 0xCF, 0xCF, 0xCF, 0xCF, 0x3F, 0x63, 0xE0, 0x05, 0x13, 0x03, 0x2F, 0x7E, 0xC2,
    0xD6, 0xD8, 0x7D, 0xA0, 0xBF, 0xCF, 0x59, 0x5F, 0x10, 0x6A, 0xB8, 0xAD, 0x87, 0x56, 0x16, 0x7F,
    0x9F, 0x2D, 0x33, 0x5A, 0x38, 0xA0, 0x2E, 0x4E, 0x64, 0xBB, 0x3B, 0x4E, 0x67, 0x7B, 0x53, 0x4E,
    0x4C, 0xAF, 0xBC, 0xB8, 0xED, 0xCA, 0x17, 0x13, 0x79, 0xAE, 0xBC, 0x9C, 0xAC, 0xE4, 0xA9, 0xB1,
    0x0C, 0x56, 0x0E, 0xDD, 0x08, 0x14, 0x3E, 0xDA, 0x7B, 0x7C, 0xF1, 0x42, 0x00, 0x6F, 0x11, 0x8A,
    0xFA, 0x57, 0xF2, 0x5A, 0x08, 0x08, 0x53, 0x75, 0xF1, 0xCF, 0x54, 0x53, 0xF3, 0x6B, 0x58, 0x77,
    0xB2, 0xC3, 0x1A, 0x8F, 0x16, 0xA8, 0xD1, 0xA3, 0x0F, 0x68, 0xF3, 0xFD, 0x1E, 0x89, 0xBB, 0x00,
    0x7A, 0xD2, 0x9A, 0x4D, 0x5C, 0x64, 0x2C, 0x3D, 0x52, 0xF3, 0xDE, 0xF8, 0x38, 0x8A, 0xE1, 0xF0,
    0x6D, 0x00, 0x17, 0x02, 0xB0, 0x6E, 0x06, 0xF8, 0x31, 0x42, 0xFF, 0x6F, 0x69, 0x24, 0x36, 0xE5,
    0x60, 0xEB, 0x30, 0xF1, 0xEF, 0x38, 0xD8, 0x30, 0x16, 0x21, 0x9A, 0x63, 0xE1, 0x74, 0x64, 0x18,
    0x70, 0xF3, 0xC2, 0x42, 0x64, 0xE8, 0xE2, 0xE6, 0xEA, 0x44, 0x84, 0xB6, 0xF3, 0xCD, 0x09, 0x1A,
    0x84, 0x4B, 0x60, 0x87, 0x5C, 0xAE, 0x2D, 0xF3, 0x55, 0x25, 0x50, 0x3C, 0x5E, 0x43, 0xC0, 0x58,
    0x26, 0xCA, 0x6D, 0x1B, 0x21, 0xBC, 0xF5, 0xE1, 0x91, 0xD9, 0x3F, 0xCA, 0xA1, 0x83, 0x25, 0x1B,
    0x45, 0x7F, 0xBD, 0xCF, 0x03, 0x7D, 0x07, 0xC7, 0x92, 0xD9, 0xA1, 0x97, 0x4C, 0x1D, 0x9F, 0x4E,
    0x9C, 0x48, 0xE3, 0x25, 0x21, 0x77, 0xC7, 0xC7, 0x17, 0x16, 0x16, 0x8E, 0x2F, 0xD4, 0x62, 0x27,
    0xB8, 0x5D, 0x34, 0xDA, 0x70, 0xB6, 0x1C, 0xB7, 0x44, 0x05, 0x6E, 0x85, 0x86, 0xF8, 0xB5, 0xA0,
    0x11, 0x7C, 0x28, 0x62, 0x98, 0xCB, 0x86, 0x46, 0x03, 0x18, 0xAA, 0x6F, 0xB5, 0x27, 0xF8, 0xE1,
    0x3D, 0x91, 0x1F, 0xED, 0x0F, 0xF7, 0x07, 0xB3, 0xB9, 0x09, 0x8F, 0xB2, 0xA8, 0x7A, 0x14, 0x1E,
    0x07, 0xE1, 0xA7, 0xF1, 0x08, 0x75, 0xF2, 0x81, 0x0F, 0x8D, 0x50, 0x17, 0x30, 0x31, 0x75, 0x60,
    0x6A, 0xCF, 0xF4, 0x84, 0xDF, 0x19, 0x3D, 0x45, 0x5B, 0x63, 0xD2, 0x96, 0x8B, 0xD6, 0xA5, 0x63,
    0xB1, 0x2F, 0xF4, 0x0E, 0x56, 0xE2, 0x24, 0x52, 0xB0, 0x46, 0xA6, 0x3A, 0x85, 0xBF, 0xF9, 0x42,
    0xC3, 0x8E, 0x6D, 0xC4, 0x66, 0x60, 0x84, 0x83, 0x0E, 0x4B, 0xE8, 0x91, 0x8D, 0x12, 0x14, 0x7B,
    0x3A, 0xAD, 0xA4, 0xEC, 0xD2, 0xA1, 0x83, 0x1D, 0xD4, 0xE2, 0xB3, 0x67, 0x69, 0x95, 0xAA, 0x86,
    0xB4, 0x30, 0xC3, 0xDB, 0x93, 0x7A, 0x7D, 0x32, 0x21, 0x2F, 0xE9, 0x24, 0xD6, 0xB7, 0x21, 0x26,
    0x07, 0xD6, 0xBB, 0x4D, 0xB3, 0x26, 0xC6, 0xCF, 0xC0, 0xF8, 0x34, 0x58, 0xA6, 0x18, 0xD1, 0x37,
    0x11, 0x01, 0x59, 0x55, 0x9D, 0x5A, 0x7B, 0x25, 0x30, 0x9E, 0x0C, 0x75, 0xD8, 0x6C, 0x64, 0xDE,
    0x8D, 0xBC, 0x80, 0xF5, 0x16, 0x6D, 0x11, 0xEA, 0x28, 0xD2, 0x3D, 0xE7, 0xEF, 0xC1, 0x9B, 0x44,
    0x7A, 0x3A, 0x1A, 0xB8, 0x9F, 0x79, 0x9F, 0x17, 0xA4, 0x3A, 0xE9, 0xE9, 0xAB, 0xE2, 0x6A, 0xAC,
    0x38, 0xD8, 0xC8, 0x68, 0x2A, 0xFF, 0x27, 0x05, 0x4B, 0x20, 0xD3, 0x6A, 0x1F, 0xA0, 0x45, 0xF1,
    0xBD, 0x36, 0xE6, 0xEB, 0xF2, 0x92, 0x55, 0x97, 0xA3, 0xB3, 0x5D, 0x6C, 0x27, 0x07, 0xB9, 0xD3,
    0x86, 0xB3, 0x08, 0x81, 0x8F, 0x92, 0x2D, 0x16, 0x27, 0x6C, 0x38, 0x39, 0x7B, 0x0C, 0xCD, 0xB0,
    0x25, 0xB0, 0x2E, 0xA2, 0x8C, 0xD8, 0x3F, 0xA7, 0xA5, 0x89, 0xF1, 0xD1, 0x82, 0x25, 0x17, 0x4F,
    0x06, 0xCC, 0x07, 0x51, 0xC9, 0xC0, 0x31, 0x29, 0xBE, 0xE2, 0x24, 0xB4, 0xE2, 0xCA, 0xA7, 0xEE,
    0x8A, 0x03, 0x3C, 0xD4, 0xE2, 0xF4, 0x9A, 0x20, 0xD5, 0x73, 0x00, 0x7E, 0xB5, 0x66, 0xF5, 0x5A,
    0xD7, 0xAC, 0xEE, 0xF6, 0x3D, 0xB6, 0xAE, 0x2D, 0xBA, 0x70, 0x57, 0xEF, 0x57, 0x55, 0xCA, 0x43,
    0xBA, 0x6A, 0x79, 0x48, 0x57, 0x2D, 0x0F, 0xE9, 0x2A, 0xF5, 0x87, 0x74, 0x6D, 0xF3, 0x06, 0x49,
    0x58, 0x5E, 0x93, 0x90, 0x5D, 0xA4, 0xA4, 0xC9, 0xB7, 0xEB, 0x88, 0x9F, 0x5A, 0xDF, 0xB2, 0x55,
    0x98, 0x9A, 0x83, 0xA9, 0x84, 0xB6, 0xB7, 0x95, 0xBF, 0xAC, 0x3D, 0xAE, 0x71, 0xBB, 0x8F, 0x43,
    0xC7, 0xA1, 0x5E, 0xC5, 0x63, 0xE2, 0x38, 0x54, 0xF1, 0xF0, 0xE8, 0x80, 0x2B, 0x6D, 0xF7, 0x01,
    0x79, 0x30, 0x18, 0x75, 0x65, 0xFD, 0x47, 0xD4, 0xB6, 0x4F, 0x51, 0xED, 0xC9, 0x0E, 0x1A, 0x59,
    0xE1, 0x50, 0xBB, 0xDE, 0x0E, 0xB0, 0x6D, 0x5B, 0x74, 0xF5, 0xB1, 0x71, 0x76, 0x1C, 0xFA, 0x35,
    0xD9, 0x58, 0x5E, 0x5D, 0xCE, 0x75, 0x55, 0xAE, 0x1A, 0x0A, 0xB5, 0x9D, 0xCB, 0xCF, 0x56, 0x77,
    0xDF, 0x2B, 0x45, 0x98, 0xED, 0x38, 0x12, 0x2B, 0xA2, 0x97, 0xE4, 0x32, 0xC7, 0xE1, 0xA5, 0xD9,
    0x60, 0x74, 0x77, 0x60, 0xE5, 0xEC, 0x55, 0x96, 0x01, 0x16, 0xC2, 0xC0, 0xB6, 0x07, 0x09, 0xAF,
    0x38, 0x9F, 0x0B, 0xBF, 0x94, 0xC3, 0xBB, 0x0B, 0x72, 0xEE, 0x3D, 0x8C, 0x56, 0xBF, 0x6F, 0x3C,
    0x11, 0x16, 0x43, 0xD9, 0x2E, 0xAA, 0xC8, 0xA2, 0x6D, 0x65, 0xD3, 0xC2, 0x62, 0xB5, 0xFB, 0x6F,
    0xA0, 0xC5, 0x6A, 0x72, 0xDB, 0x53, 0x5E, 0xD3, 0x47, 0xEE, 0x7A, 0x76, 0xDC, 0xEF, 0xE0, 0x7A,
    0xB1, 0xA2, 0x6F, 0xAD, 0xC2, 0xDE, 0xD3, 0x6E, 0x1E, 0x83, 0x74, 0x8D, 0xE5, 0xD4, 0xC9, 0x57,
    0xAD, 0x7D, 0x17, 0x8C, 0x3F, 0x17, 0xA6, 0x1C, 0x58, 0x5E, 0x79, 0x98, 0x62, 0xA7, 0xCB, 0xA3,
    0x67, 0xFE, 0xE7, 0x8A, 0xFB, 0xB9, 0x66, 0x83, 0xA0, 0xEA, 0x4A, 0x2B, 0xED, 0xD0, 0xA1, 0xDD,
    0x63, 0xC9, 0xC1, 0x3A, 0x77, 0x4B, 0xDD, 0x15, 0x91, 0xE1, 0x47, 0x8F, 0xE2, 0x05, 0xE3, 0xC7,
    0x98, 0x6A, 0xB9, 0x35, 0x66, 0x6F, 0x87, 0x35, 0xB6, 0xF1, 0x68, 0x76, 0x39, 0x30, 0xE0, 0x7E,
    0x3F, 0xBA, 0x03, 0x66, 0xE4, 0xEE, 0x09, 0xC3, 0x1F, 0xA4, 0xB5, 0x74, 0xB9, 0x3A, 0x44, 0x6D,
    0x19, 0x96, 0x45, 0x42, 0x0F, 0x45, 0xB0, 0xBB, 0x3F, 0x20, 0xD8, 0x5D, 0x57, 0x4A, 0x56, 0xA2,
    0xAB, 0xD4, 0xBF, 0x32, 0x6D, 0x55, 0xEC, 0xAB, 0x3A, 0x69, 0x43, 0x1E, 0xCB, 0xAB, 0xFE, 0x6D,
    0x85, 0xF2, 0x56, 0xEB, 0x17, 0xA5, 0xF4, 0x62, 0x2D, 0x02, 0xFA, 0x85, 0x50, 0x48, 0x3F, 0x75,
    0xC4, 0xF1, 0x94, 0xBF, 0xDA, 0x66, 0xF5, 0x3A, 0x86, 0x88, 0x55, 0xEB, 0x45, 0x5D, 0x22, 0xB5,
    0x8D, 0x06, 0x3D, 0x97, 0xD1, 0xCA, 0xC8, 0x83, 0x2D, 0xDD, 0xA2, 0x71, 0x83, 0xE5, 0x23, 0x8E,
    0x75, 0xC4, 0xB5, 0x8A, 0xBC, 0xEE, 0x69, 0xC3, 0xB3, 0x05, 0x64, 0x8F, 0xFE, 0x85, 0x5D, 0x08,
    0x82, 0xCC, 0xB0, 0xE3, 0x50, 0xBA, 0x30, 0x4B, 0x34, 0x9A, 0x35, 0xD0, 0x7E, 0x19, 0x2A, 0x13,
    0xD4, 0xE6, 0xF8, 0xDE, 0x07, 0x76, 0x06, 0x67, 0x1E, 0x21, 0x1B, 0x5F, 0x26, 0xCD, 0x70, 0x9E,
    0xEE, 0x97, 0x72, 0xE0, 0xE3, 0x3B, 0x80, 0x90, 0x16, 0xF7, 0xA6, 0xFD, 0xD6, 0x4C, 0x75, 0xEE,
    0x01, 0xBA, 0x8A, 0xEA, 0x97, 0x3D, 0xAC, 0x98, 0xB6, 0x07, 0xA4, 0x1C, 0xCA, 0xC5, 0x4C, 0xD2,
    0x66, 0x96, 0x92, 0x6E, 0x1C, 0xEE, 0x80, 0x1A, 0xA7, 0x68, 0x1D, 0x71, 0x40, 0x17, 0x70, 0x44,
    0x17, 0x3B, 0x6F, 0x04, 0xC8, 0x98, 0x2E, 0x19, 0xD4, 0xD5, 0xB3, 0x6A, 0x3C, 0x76, 0x60, 0x1F,
    0xBA, 0x7E, 0x3B, 0xFD, 0x7F, 0x96, 0x3A, 0xB8, 0x8A, 0x1F, 0xF9, 0x85, 0xD0, 0xD2, 0x40, 0xC5,
    0x8F, 0xC0, 0x26, 0xFE, 0x6F, 0x40, 0x66, 0x0B, 0x86, 0x2B, 0x3D, 0x86, 0x79, 0x30, 0xF8, 0x2E,
    0x58, 0x8F, 0x0C, 0xD7, 0xB0, 0x2B, 0xFF, 0x46, 0x46, 0x2D, 0x34, 0xC8, 0xA2, 0x5D, 0xE3, 0x3C,
    0xDA, 0x31, 0xA0, 0x0E, 0x29, 0x45, 0x1A, 0x5D, 0xA2, 0x6D, 0x50, 0x7E, 0x42, 0xA3, 0x16, 0xBC,
    0xAD, 0xC3, 0x03, 0x5B, 0xB6, 0xC5, 0xC6, 0x1C, 0x95, 0xFC, 0x87, 0x04, 0xBC, 0x41, 0x80, 0xFE,
    0x11, 0x81, 0xD3, 0xCB, 0xCA, 0x9E, 0xFA, 0x2B, 0x81, 0xE2, 0xEE, 0x22, 0x39, 0xCF, 0xEF, 0xBD,
    0x1A, 0xF0, 0x9B, 0x33, 0x12, 0xE4, 0x17, 0x7B, 0xB2, 0x4D, 0xF5, 0xEC, 0x6C, 0x0F, 0xB3, 0xB1,
    0xEC, 0x6F, 0xB3, 0xD9, 0x7F, 0xC3, 0x3B, 0x96, 0xF9, 0x48, 0x0F, 0x1D, 0xCC, 0xC6, 0x24, 0x4D,
    0xD5, 0xD8, 0x87, 0x0E, 0x0E, 0x73, 0x63, 0x47, 0xFC, 0xFB, 0xA1, 0x20, 0x33, 0x2D, 0x8E, 0xCC,
    0x77, 0xC3, 0xF2, 0x32, 0x68, 0x4F, 0x0A, 0xE3, 0xD5, 0x50, 0x7F, 0x32, 0xD8, 0x48, 0x87, 0xE1,
    0xD9, 0x75, 0x9E, 0x34, 0x35, 0xFE, 0x82, 0xCD, 0x38, 0x52, 0x42, 0x6F, 0x20, 0x0C, 0xF3, 0xC9,
    0x50, 0x8D, 0xBC, 0x47, 0x9F, 0xBE, 0x82, 0xA3, 0x79, 0xC7, 0xC6, 0xE9, 0x0B, 0xD1, 0xE7, 0xC3,
    0x86, 0xB8, 0x0B, 0xA6, 0x60, 0x6A, 0xB1, 0xD2, 0x04, 0xF9, 0xAD, 0xAF, 0xF8, 0x56, 0xF3, 0xAF,
    0xC7, 0xDF, 0xCA, 0x3F, 0x3D, 0xFA, 0x67, 0x8F, 0x36, 0xDA, 0x53, 0xD7, 0x96, 0x4B, 0x7E, 0x8E,
    0xD3, 0xE4, 0x09, 0xDC, 0x13, 0x51, 0xB8, 0x86, 0x1F, 0x50, 0xB8, 0xC6, 0x14, 0x87, 0x6B, 0x4C,
    0xB3, 0xDB, 0x75, 0x9A, 0x5B, 0x72, 0x7C, 0x2B, 0xC2, 0x35, 0x58, 0xA3, 0xFF, 0xE9, 0xD7, 0x29,
    0xFD, 0xCD, 0xAF, 0x33, 0xF4, 0x0E, 0x41, 0x9F, 0xDE, 0x1E, 0xE8, 0x3B, 0x1B, 0xA4, 0x22, 0xFD,
    0xBB, 0x3E, 0x93, 0xFE, 0x0B, 0x2C, 0x9D, 0x3F, 0xC1, 0xFD, 0x63, 0x3A, 0x9B, 0x39, 0xA3, 0x28,
    0x81, 0xE2, 0xE0, 0x61, 0xEA, 0x38, 0x78, 0xA4, 0x5E, 0x7B, 0xFF, 0x8F, 0xAF, 0xB4, 0xB1, 0x88,
    0xA2, 0x12, 0x4C, 0xFD, 0x3B, 0xDC, 0xFD, 0x1F, 0xF4, 0x6F, 0x19, 0x0F, 0x6F, 0xB2, 0xA8, 0x3E,
    0x09, 0x64, 0x49, 0x33, 0xD4, 0x92, 0xAA, 0xDA, 0x84, 0x01, 0x27, 0x6D, 0xEB, 0x83, 0x6C, 0xA4,
    0xB1, 0xBB, 0xE7, 0x37, 0x58, 0xA4, 0x58, 0xEA, 0x94, 0x16, 0x43, 0x6E, 0xB6, 0x1D, 0xA5, 0x4D,
    0x79, 0xDE, 0x3E, 0xA2, 0x29, 0x8B, 0xD7, 0xC9, 0x42, 0x3E, 0x4F, 0x92, 0x84, 0xFE, 0x37, 0x27,
    0xA9, 0xB4, 0x26, 0xED, 0x5F, 0x56, 0xA7, 0x29, 0xFC, 0x75, 0xE8, 0x30, 0xED, 0x63, 0x99, 0xCC,
    0xFF, 0x59, 0xD6, 0x64, 0xD9, 0xFF, 0xBD, 0x1D, 0x9B, 0x82, 0x3E, 0x72, 0x14, 0x2E, 0x0C, 0x91,
    0xFB, 0xE6, 0x76, 0xD1, 0x3F, 0xF0, 0x59, 0x69, 0x1D, 0x59, 0x99, 0xE5, 0xB3, 0x27, 0xDB, 0x34,
    0x62, 0xE2, 0xC4, 0xCA, 0x88, 0x9D, 0x3B, 0x4A, 0x57, 0x1C, 0x70, 0x0D, 0x79, 0x95, 0x87, 0x7C,
    0xC9, 0xE5, 0xFF, 0x03, 0x2D, 0x4D, 0x3B, 0x16, 0x82, 0x30, 0x10, 0x9C, 0x18, 0x7D, 0x14, 0x29,
    0x96, 0x22, 0x7D, 0x1A, 0x6B, 0xB8, 0x00, 0x9F, 0xF8, 0xBC, 0x00, 0x85, 0xB9, 0x0B, 0x1D, 0x79,
    0xDE, 0x0B, 0x8D, 0x37, 0xE0, 0x08, 0x1C, 0x21, 0x05, 0x05, 0x45, 0x34, 0x12, 0x74, 0x76, 0x67,
    0x66, 0x77, 0xB6, 0xD8, 0x18, 0x62, 0x30, 0xB7, 0xF8, 0xD3, 0x18, 0x75, 0xA2, 0x31, 0x06, 0x71,
    0x47, 0xF8, 0x9B, 0xD9, 0x71, 0xCB, 0xAC, 0xD0, 0x84, 0x12, 0x2D, 0x1A, 0x8C, 0x90, 0x20, 0xAB,
    0x74, 0xDA, 0x6A, 0x54, 0xE8, 0x91, 0x43, 0x38, 0x72, 0x64, 0x49, 0x2B, 0x14, 0x5B, 0x22, 0x91,
    0x59, 0x2F, 0x2E, 0x9E, 0xF8, 0x5C, 0xF2, 0xA9, 0x15, 0xAE, 0x21, 0x37, 0x92, 0x93, 0x27, 0xD0,
    0xDD, 0xAB, 0xAB, 0x2F, 0xF9, 0xDC, 0x66, 0xAE, 0x16, 0xAE, 0x22, 0xDD, 0x13, 0xF2, 0x23, 0xC4,
    0x6B, 0xA1, 0xAD, 0xD3, 0x75, 0x56, 0x7C, 0x2A, 0x32, 0x57, 0x09, 0x2B, 0x19, 0x18, 0xCA, 0x79,
    0x58, 0x9E, 0x6B, 0xAA, 0xC1, 0xAB, 0x49, 0xE2, 0x8C, 0xEE, 0x81, 0xC0, 0xC2, 0x87, 0xBD, 0x0F,
    0x61, 0xDC, 0xA6, 0x55, 0x6E, 0xFF, 0xBB, 0x2F, 0xDD, 0x5B, 0x4D, 0x8C, 0xDC, 0xD8, 0x71, 0x2E,
    0x92, 0x9A, 0xA1, 0xAD, 0x46, 0xC4, 0x3E, 0xCC, 0xAC, 0xBD, 0x3B, 0x71, 0x98, 0x83, 0x0F, 0x89,
    0x93, 0x1D, 0xE6, 0x20, 0x03, 0x32, 0x30, 0xDD, 0x7C, 0xF6, 0xC5, 0x07, 0x5F, 0xE6, 0xB0, 0x5A,
    0x27, 0xD0, 0xC1, 0x3E, 0xE4, 0x90, 0xAC, 0x8D, 0x8C, 0x02, 0xF8, 0x90, 0x05, 0x46, 0x6A, 0xEE,
    0xD9, 0x87, 0x95, 0x01, 0x2B, 0x37, 0x03, 0x3A, 0x38, 0x80, 0xAD, 0x20, 0x59, 0x1D, 0xF6, 0x30,
    0x1B, 0x8C, 0xD4, 0xB4, 0x7D, 0xDC, 0x83, 0x99, 0x6C, 0x82, 0x1C, 0x72, 0x08, 0x83, 0x48, 0x49,
    0xE0, 0x83, 0x45, 0xD8, 0xB4, 0x97, 0x9D, 0xED, 0xEE, 0x97, 0xFA, 0xEA, 0xBD, 0x47, 0xB2, 0xE7,
    0x47, 0x2B, 0xEF, 0x8E, 0xA4, 0xDD, 0x90, 0xEC, 0x22, 0xA7, 0xA7, 0xBB, 0xEA, 0x7B, 0x55, 0xF5,
    0xDE, 0xAB, 0xAA, 0xF7, 0x9A, 0x88, 0xFE, 0x6A, 0xAF, 0x5E, 0x90, 0x32, 0x94, 0x70, 0xEC, 0x53,
    0xD2, 0xD0, 0x82, 0x48, 0xB5, 0x0F, 0x74, 0xEA, 0xB1, 0x79, 0x99, 0xB4, 0xCE, 0xF9, 0xC2, 0x1F,
    0x1E, 0x51, 0x5C, 0xD0, 0xA5, 0x2A, 0xB9, 0x74, 0xE7, 0x0F, 0xFE, 0xBE, 0x0C, 0x5E, 0xCF, 0x83,
    0x25, 0xF9, 0x37, 0xF0, 0x9F, 0x0B, 0xFC, 0x1F, 0xA2, 0x31, 0xD1, 0xC8, 0x5D, 0xFC, 0x9C, 0x28,
    0x8A, 0x0A, 0x0A, 0x75, 0x46, 0xD3, 0x9C, 0xD6, 0x33, 0x3A, 0x0E, 0xE5, 0x24, 0x50, 0x8F, 0x89,
    0x85, 0xFC, 0x79, 0xF0, 0xBD, 0xF0, 0x42, 0xF0, 0x3D, 0x6F, 0xBE, 0x55, 0x5D, 0x37, 0xDF, 0xF2,
    0x1B, 0x0A, 0xBF, 0x49, 0x83, 0xDF, 0x02, 0xE5, 0xE7, 0x6F, 0x94, 0x74, 0xEF, 0x74, 0x6E, 0x6B,
    0x97, 0x55, 0xAA, 0x2B, 0xBE, 0xCC, 0x9F, 0x16, 0xCA, 0xAA, 0x0C, 0xA2, 0x6D, 0xDA, 0x5A, 0xD0,
    0x58, 0xD1, 0xD0, 0xFC, 0x19, 0xA8, 0xE1, 0x3B, 0xD9, 0x1F, 0xBD, 0x93, 0x7D, 0x5E, 0xAB, 0xF4,
    0xE7, 0xF4, 0x82, 0x79, 0xF3, 0xCB, 0x34, 0xFC, 0x89, 0xBA, 0xFA, 0x13, 0xF5, 0x97, 0x9A, 0xD2,
    0xBF, 0xA3, 0xCF, 0x3D, 0x9E, 0xC8, 0x75, 0x15, 0x17, 0x97, 0xEE, 0x5C, 0xBC, 0x3A, 0x2E, 0xA3,
    0x6C, 0x5D, 0x51, 0x5C, 0xD2, 0xA5, 0x3B, 0x74, 0xF1, 0x2A, 0x8D, 0x2B, 0x8A, 0x72, 0xA2, 0xC7,
    0xD4, 0xC2, 0x1A, 0x79, 0x3A, 0x63, 0x0D, 0xF3, 0x57, 0x62, 0x31, 0x41, 0xC4, 0x57, 0x3E, 0x0C,
    0xFE, 0xB7, 0xF1, 0x74, 0x33, 0x61, 0x90, 0x05, 0x7D, 0x16, 0xB2, 0x28, 0x9D, 0x95, 0xDF, 0x9A,
    0x16, 0xFC, 0x79, 0x7B, 0xBC, 0x49, 0xD4, 0xAC, 0x5E, 0x07, 0xAB, 0xD7, 0xE1, 0xEA, 0xB5, 0x6F,
    0x2F, 0x61, 0x55, 0x9C, 0xCA, 0xEA, 0xC4, 0xAF, 0xEF, 0x1F, 0xBB, 0xD8, 0x3F, 0xD2, 0xEF, 0x52,
    0xAC, 0x29, 0x5C, 0x32, 0x83, 0xF3, 0x6A, 0xA2, 0xEE, 0xD0, 0x1D, 0x1A, 0xDD, 0x9A, 0x94, 0xAF,
    0x0A, 0xCB, 0x81, 0x8A, 0x32, 0x77, 0x0E, 0xBA, 0x33, 0x77, 0x67, 0x28, 0xE7, 0x0B, 0x8A, 0x26,
    0x8A, 0xBF, 0x87, 0x6B, 0x74, 0x8B, 0x26, 0x25, 0xBD, 0xE5, 0x30, 0x0D, 0xD8, 0xF5, 0x32, 0x7B,
    0x0D, 0xDA, 0x2B, 0xEF, 0xAE, 0xF0, 0xD8, 0x15, 0x14, 0x14, 0xCC, 0x94, 0xC7, 0xC6, 0x61, 0x46,
    0x7C, 0xFC, 0x80, 0x82, 0x39, 0xDB, 0x9B, 0x82, 0x8C, 0xFC, 0xFF, 0x22, 0x5F, 0xAB, 0xA0, 0x74,
    0xDC, 0xDF, 0xA2, 0x80, 0x55, 0xFE, 0xB0, 0x88, 0x83, 0x6A, 0xE4, 0x55, 0x3B, 0x54, 0x8F, 0xA8,
    0x4E, 0xBD, 0x3A, 0xD1, 0xF5, 0x80, 0xBF, 0xEE, 0x57, 0xC4, 0x1F, 0x8D, 0x73, 0x4F, 0xAB, 0xE9,
    0x9C, 0x58, 0x53, 0x7F, 0x2A, 0xDC, 0xC0, 0x0E, 0xFC, 0xC0, 0x10, 0x1C, 0xC1, 0x92, 0x3A, 0x9E,
    0xC2, 0x16, 0x7C, 0x89, 0x19, 0x53, 0x12, 0x54, 0xC4, 0xAC, 0x89, 0x79, 0xB3, 0xB2, 0x6A, 0x4A,
    0x6F, 0xCE, 0x54, 0xAC, 0x75, 0x15, 0x6A, 0x23, 0x40, 0xBE, 0x18, 0xE7, 0x6C, 0x7D, 0x45, 0x2C,
    0x04, 0x52, 0x44, 0xCC, 0x8B, 0xDC, 0xEF, 0xDC, 0xB9, 0x6D, 0xCF, 0xA4, 0x3D, 0xE3, 0xDE, 0x89,
    0xE3, 0x7C, 0x96, 0x66, 0x57, 0xE9, 0x5B, 0x34, 0xFA, 0x7A, 0x52, 0x7D, 0x41, 0xBE, 0x8D, 0x6E,
    0x6B, 0xAE, 0x6D, 0x77, 0x25, 0xBD, 0x2B, 0x3E, 0x76, 0x45, 0xAC, 0xE8, 0x07, 0xDC, 0xC7, 0xB9,
    0xB5, 0x19, 0x59, 0xA6, 0x94, 0xE6, 0xCC, 0x14, 0xD7, 0x8B, 0x57, 0x29, 0xA9, 0x60, 0x6D, 0x1C,
    0xBF, 0x2F, 0x43, 0xC8, 0x82, 0xDB, 0x5D, 0xF8, 0x39, 0x45, 0x42, 0xD3, 0xEF, 0x64, 0xF4, 0xEB,
    0x8C, 0x1B, 0xE0, 0xE9, 0xD7, 0xB8, 0x55, 0xDE, 0x7D, 0x5F, 0x14, 0x82, 0xD6, 0x5D, 0x40, 0x17,
    0x86, 0x08, 0x7D, 0x43, 0x06, 0x93, 0x05, 0xF8, 0x78, 0x53, 0x05, 0x6E, 0x71, 0x06, 0x1A, 0x29,
    0x7E, 0x1F, 0x0D, 0x63, 0xA5, 0xDE, 0xA3, 0xA8, 0xA4, 0x90, 0xFB, 0xBF, 0xBE, 0xAD, 0x59, 0x17,
    0x5A, 0xC3, 0xB1, 0xD6, 0xFF, 0xE1, 0x46, 0x4F, 0x2E, 0x06, 0x88, 0xBC, 0xA3, 0x2C, 0x17, 0xEF,
    0x0B, 0x6C, 0xEF, 0x7E, 0x67, 0x85, 0x0B, 0x42, 0x59, 0x2E, 0x7B, 0x0C, 0xF3, 0x8F, 0x96, 0xBB,
    0x2C, 0x6B, 0x5D, 0xCF, 0x45, 0x6E, 0x03, 0x3A, 0xC8, 0xC6, 0x22, 0x1D, 0x72, 0x53, 0xC8, 0xF5,
    0x17, 0x22, 0xB7, 0x66, 0x3B, 0x68, 0x36, 0x88, 0x91, 0xCB, 0xCA, 0xCD, 0x2F, 0xD2, 0x45, 0xDA,
    0xBE, 0x9A, 0x54, 0x56, 0x03, 0x59, 0x58, 0x04, 0xA5, 0x5F, 0xB1, 0x5D, 0x6B, 0x39, 0xAB, 0x4F,
    0x55, 0xBA, 0x00, 0x50, 0xFF, 0x16, 0xD8, 0xFC, 0x36, 0xD1, 0x67, 0x98, 0xEF, 0x1F, 0xD3, 0x60,
    0x4E, 0x17, 0xDA, 0x71, 0xF0, 0x40, 0x3A, 0x56, 0x4D, 0xFC, 0x2D, 0xBF, 0xA6, 0xAD, 0xE5, 0xAE,
    0x7E, 0xB8, 0x58, 0xF2, 0x27, 0xB8, 0xE3, 0x35, 0x38, 0x0E, 0xF8, 0x38, 0xC4, 0xB1, 0x2F, 0xC7,
    0x9B, 0xFC, 0x69, 0x9C, 0x07, 0x72, 0x1E, 0xDA, 0x73, 0xBF, 0x77, 0x8E, 0xB8, 0xEF, 0xC5, 0x5A,
    0x7A, 0x9E, 0x1C, 0xBF, 0x6B, 0x6E, 0xF5, 0xF3, 0x72, 0x3B, 0xDC, 0x36, 0xC3, 0xB1, 0x81, 0x3C,
    0x5A, 0xBD, 0x8D, 0xCD, 0x2D, 0x35, 0x9F, 0x8C, 0xA1, 0xB5, 0x2D, 0xF6, 0x79, 0x1C, 0x05, 0xDA,
    0xAE, 0x67, 0xAC, 0xCB, 0x57, 0x6E, 0xBF, 0x74, 0xC2, 0xB0, 0x75, 0xCE, 0xDC, 0x46, 0x2B, 0xB7,
    0x0D, 0x7E, 0x3D, 0x4F, 0xED, 0x50, 0x4B, 0x2B, 0xFF, 0x74, 0x0F, 0x9F, 0x74, 0x0F, 0xAC, 0x6F,
    0x01, 0xE0, 0x69, 0xE8, 0x1D, 0xE6, 0x60, 0x65, 0x03, 0xC4, 0xBA, 0xFE, 0xF7, 0x07, 0x24, 0x30,
    0x16, 0xA1, 0x01, 0xB2, 0x54, 0x1E, 0xCF, 0x39, 0xDE, 0x2B, 0x7F, 0x73, 0xFA, 0x74, 0x32, 0x74,
    0x0F, 0xF3, 0x63, 0x0F, 0xC3, 0xF7, 0x31, 0x17, 0x66, 0xC2, 0x48, 0x45, 0x6A, 0xED, 0x7D, 0x0C,
    0x84, 0x43, 0xE1, 0x7D, 0x8F, 0x5D, 0x63, 0x97, 0x9F, 0x55, 0xF0, 0x4E, 0x11, 0xFC, 0x6B, 0xE1,
    0x7D, 0x51, 0x75, 0x92, 0xF8, 0xEB, 0xCC, 0x53, 0x67, 0xC1, 0x7F, 0x17, 0x83, 0xD7, 0xAA, 0x98,
    0xEA, 0x6D, 0x28, 0x7F, 0x67, 0x87, 0x76, 0xC6, 0x74, 0x90, 0xFC, 0x75, 0x1D, 0xE9, 0x12, 0x23,
    0xC5, 0x90, 0x3F, 0x5A, 0xD7, 0xE6, 0xB5, 0xBB, 0x7B, 0xA4, 0x2D, 0x8D, 0x81, 0xB1, 0xCE, 0xF7,
    0x69, 0x43, 0xC1, 0x72, 0xCE, 0x13, 0xEF, 0x21, 0xF7, 0x0C, 0x18, 0xDB, 0xBC, 0x52, 0x9E, 0xEC,
    0x63, 0x3D, 0x67, 0x3F, 0xE5, 0x8E, 0xB0, 0x39, 0x61, 0xFF, 0x8C, 0x59, 0xAA, 0xBF, 0x70, 0x28,
    0x05, 0x50, 0xF0, 0x9F, 0x65, 0xEF, 0x46, 0x8C, 0xF2, 0x49, 0xF9, 0x86, 0xB2, 0x0A, 0x70, 0xA2,
    0xBA, 0x87, 0xF6, 0x5F, 0xF6, 0x78, 0x0A, 0xEE, 0x31, 0x1C, 0xA2, 0xFB, 0x0C, 0x87, 0x8F, 0x36,
    0xBA, 0xC7, 0xD1, 0xCF, 0xE0, 0xED, 0x5C, 0x5E, 0x9D, 0x01, 0x7B, 0x50, 0x76, 0x24, 0x8A, 0x91,
    0x19, 0x0F, 0xAE, 0xF4, 0xA9, 0xE5, 0x4B, 0xA4, 0x1F, 0x6A, 0xD2, 0x5F, 0xD6, 0xEE, 0x53, 0x9F,
    0x36, 0xB7, 0xF1, 0x4A, 0x3B, 0x9E, 0xB6, 0xEA, 0x3F, 0xED, 0xD0, 0x8C, 0x8F, 0x3D, 0x7C, 0xA4,
    0xAC, 0xE2, 0x2B, 0xCC, 0xF3, 0xC6, 0x36, 0x1B, 0xEF, 0x63, 0x1B, 0x04, 0x39, 0xA2, 0xF7, 0x7D,
    0x63, 0xA7, 0xF0, 0xC3, 0xD9, 0x89, 0x51, 0x2F, 0x31, 0xB6, 0x43, 0x6F, 0x9B, 0x2F, 0x6B, 0x3C,
    0xC7, 0x98, 0x27, 0x38, 0xA0, 0xE2, 0x88, 0x85, 0xFF, 0x4A, 0x78, 0x8A, 0x41, 0xAF, 0xA5, 0xA0,
    0xC6, 0x7C, 0x80, 0xF9, 0x24, 0x56, 0x4E, 0x93, 0x3B, 0x18, 0xEB, 0xF6, 0xF1, 0x7C, 0x60, 0xC8,
    0x39, 0x23, 0x4B, 0x84, 0x9A, 0x8F, 0x24, 0x98, 0x74, 0xA2, 0x19, 0xAD, 0xE7, 0xBE, 0xD8, 0x68,
    0x4F, 0x64, 0x5C, 0x56, 0x7D, 0xE9, 0x46, 0xBC, 0x93, 0x6F, 0x00, 0x08, 0x02, 0xEE, 0xC3, 0xB0,
    0x4A, 0xF2, 0x8F, 0x95, 0x80, 0xA8, 0x04, 0xC5, 0x5C, 0x60, 0x4C, 0xBE, 0x0B, 0x1C, 0x89, 0xC6,
    0xC4, 0x18, 0x6A, 0x83, 0xC4, 0x40, 0x31, 0x58, 0x0C, 0x18, 0x83, 0xC6, 0xC0, 0xB1, 0xC6, 0x17,
    0x40, 0x06, 0x11, 0x19, 0x48, 0x16, 0x93, 0x01, 0x85, 0x57, 0x04, 0x00, 0x91, 0xE6, 0x21, 0xE6,
    0xDC, 0x9A, 0x60, 0x89, 0x44, 0x01, 0x50, 0x5A, 0xC2, 0x40, 0xD7, 0xF9, 0xAF, 0xE7, 0xA6, 0xAC,
    0x0E, 0xF9, 0x9A, 0xBE, 0x71, 0x64, 0x84, 0x02, 0x87, 0xA0, 0x70, 0xC4, 0x73, 0x4C, 0x0D, 0x57,
    0xC3, 0xD6, 0xF1, 0x35, 0x8C, 0x0D, 0x67, 0x61, 0xCD, 0xBC, 0x0F, 0x85, 0x79, 0xFA, 0x12, 0xB8,
    0x27, 0x1A, 0xEC, 0x43, 0xBD, 0x2A, 0xC0, 0x33, 0x71, 0x5F, 0xDE, 0x51, 0xEF, 0x8C, 0xAC, 0xE9,
    0x54, 0x75, 0xD0, 0x92, 0x67, 0x65, 0xCD, 0xCE, 0x6A, 0x07, 0x3D, 0xFA, 0x54, 0xAD, 0x79, 0x66,
    0x46, 0x93, 0x1E, 0x5D, 0xB7, 0x64, 0xF7, 0xD8, 0xFC, 0xFC, 0xEC, 0x8C, 0x66, 0x06, 0x9B, 0xBA,
    0x47, 0x77, 0x4F, 0x8C, 0x20, 0x3E, 0x92, 0x86, 0xF5, 0x2A, 0x47, 0x8E, 0xA2, 0xFE, 0xD0, 0x66,
    0xF7, 0x85, 0x6B, 0x50, 0x75, 0xEF, 0x1C, 0xE3, 0x7F, 0x16, 0xAE, 0xE1, 0x89, 0x25, 0x39, 0xA3,
    0x0D, 0x4B, 0x11, 0xD9, 0x88, 0x26, 0x46, 0x2E, 0x31, 0x19, 0xBD, 0xFA, 0xF2, 0x5C, 0xEB, 0xDA,
    0x28, 0x5A, 0x3A, 0x39, 0x92, 0x19, 0xE4, 0xCC, 0x61, 0x61, 0xD1, 0xD5, 0x56, 0x79, 0x23, 0xAB,
    0x38, 0xCC, 0x3B, 0xA9, 0x7A, 0xF5, 0x65, 0x7D, 0x5F, 0xEB, 0x77, 0x35, 0x7F, 0xF3, 0x9E, 0x73,
    0x41, 0x93, 0xB5, 0x0E, 0x3F, 0x90, 0xE8, 0xA1, 0x0D, 0xBC, 0xE6, 0xFD, 0x60, 0xF2, 0x43, 0x42,
    0x5A, 0x97, 0x8C, 0x8A, 0x5D, 0x24, 0x90, 0x84, 0x94, 0xB3, 0x21, 0x44, 0x8F, 0x25, 0x1E, 0xF8,
    0x4F, 0x7E, 0x9F, 0xE1, 0xDD, 0x43, 0x9E, 0xC3, 0x39, 0xEA, 0xC4, 0x84, 0xEE, 0xEB, 0x92, 0x8B,
    0x98, 0x2E, 0x20, 0xE2, 0x4A, 0x63, 0x29, 0xC4, 0x9C, 0xDE, 0x42, 0xB1, 0x9F, 0x70, 0x3E, 0xFA,
    0x6F, 0x95, 0xFC, 0x3F, 0x96, 0x4C, 0x89, 0x42, 0x86, 0x8C, 0x24, 0x97, 0xB3, 0x67, 0x99, 0x39,
    0x31, 0x29, 0x98, 0xAA, 0xCD, 0x46, 0xAF, 0x1D, 0x1F, 0x00, 0xCB, 0xD0, 0xB6, 0xF2, 0xF0, 0x88,
    0x4A, 0xE8, 0x8C, 0x70, 0x5A, 0x05, 0x3B, 0xDF, 0x8B, 0x32, 0x97, 0xEE, 0xBB, 0x8A, 0x89, 0x9B,
    0x62, 0x6A, 0x49, 0xAC, 0x99, 0xD4, 0x92, 0x50, 0xB2, 0x1C, 0x8E, 0x1A, 0x2E, 0xA0, 0x63, 0xE0,
    0x84, 0x75, 0x9A, 0xA0, 0xF2, 0x4B, 0x58, 0x62, 0x79, 0x65, 0x76, 0xA5, 0x80, 0x59, 0x10, 0x8A,
    0x48, 0x5E, 0xF9, 0xDE, 0x92, 0x63, 0xE3, 0x91, 0xEB, 0xFC, 0x63, 0xD7, 0x9D, 0x12, 0x97, 0xAE,
    0x47, 0x05, 0x52, 0x6F, 0x42, 0xDF, 0xFD, 0x5B, 0xEB, 0xB5, 0x53, 0x71, 0x78, 0x49, 0x39, 0x4F,
    0xC9, 0x38, 0x82, 0xB6, 0xA8, 0x23, 0x18, 0x05, 0xA4, 0x5F, 0x50, 0x1F, 0xA5, 0xC0, 0xE4, 0x27,
    0x8B, 0x93, 0xFF, 0xB2, 0x40, 0x79, 0xE0, 0x70, 0x48, 0x97, 0xCA, 0x41, 0xDD, 0xAB, 0x2D, 0xD6,
    0xC5, 0xA0, 0x6A, 0xC1, 0x76, 0x68, 0x3B, 0xB8, 0x1D, 0xDE, 0x1E, 0xE0, 0x0E, 0xF1, 0x2A, 0x64,
    0xDF, 0x64, 0xBF, 0xAA, 0x53, 0x2F, 0xEB, 0xF6, 0x16, 0x55, 0x61, 0x8E, 0x78, 0x2B, 0x28, 0x00,
    0x2C, 0x28, 0x7C, 0x06, 0x17, 0x14, 0x0C, 0xAC, 0x0A, 0xF2, 0x78, 0x76, 0x65, 0xF6, 0xB5, 0x5C,
    0x23, 0xCC, 0x54, 0x8B, 0x98, 0xCF, 0x53, 0xDB, 0x8E, 0x1B, 0xB3, 0xC2, 0x4D, 0x78, 0x91, 0x61,
    0x46, 0xC2, 0x8D, 0x8D, 0x0F, 0x76, 0xDC, 0x66, 0xF0, 0x5B, 0x28, 0x61, 0x98, 0x56, 0xE0, 0xD8,
    0x0C, 0xAA, 0x95, 0x99, 0xDE, 0xC1, 0x0D, 0x8B, 0x15, 0x8D, 0x22, 0x9F, 0x74, 0xFE, 0x7B, 0xED,
    0xDA, 0xD1, 0x87, 0x8D, 0x8D, 0x8F, 0x9F, 0xFF, 0xB4, 0x40, 0xBB, 0xA6, 0x76, 0x6D, 0xED, 0xB5,
    0xA8, 0x6D, 0x64, 0xEF, 0x69, 0x63, 0x83, 0x1E, 0x79, 0x7C, 0x3C, 0xFC, 0x31, 0xEB, 0x66, 0x1C,
    0x33, 0xFB, 0x9C, 0x93, 0x3A, 0x42, 0x22, 0x99, 0x44, 0x9A, 0x76, 0xEF, 0x9C, 0xB1, 0xE7, 0x1A,
    0xC7, 0xB0, 0x53, 0x9D, 0x91, 0xEC, 0x04, 0x19, 0xD9, 0x56, 0x78, 0x2B, 0xFD, 0x89, 0x7A, 0x3C,
    0x0B, 0x75, 0x79, 0x98, 0xAF, 0x1D, 0xCA, 0x78, 0x36, 0xB5, 0x76, 0x9B, 0x2A, 0x69, 0x2F, 0xA7,
    0x46, 0x0D, 0x8A, 0x56, 0x00, 0x3C, 0x28, 0x29, 0xCC, 0xC5, 0x6E, 0x31, 0x6A, 0xA0, 0xB0, 0xDB,
    0x1C, 0x45, 0x34, 0xB1, 0x9B, 0x9E, 0x63, 0xA2, 0x77, 0x76, 0xAB, 0xE5, 0xE9, 0x57, 0x53, 0x4C,
    0xF9, 0x62, 0x37, 0x0F, 0xB1, 0xC4, 0xB8, 0x6D, 0x36, 0xDB, 0x2D, 0x6C, 0xED, 0x96, 0x3C, 0xEE,
    0x38, 0xD2, 0xC7, 0xDC, 0x03, 0xED, 0x50, 0xF7, 0x60, 0xF7, 0x70, 0x3B, 0xE0, 0xD4, 0x21, 0xA7,
    0x0E, 0x7A, 0x8B, 0x5D, 0xDF, 0x6C, 0xC1, 0x6B, 0x9D, 0x3B, 0xF4, 0x5F, 0x32, 0x9D, 0xCF, 0xC0,
    0xEF, 0xE1, 0xEF, 0x35, 0xA0, 0xD7, 0x82, 0x7E, 0x13, 0x7A, 0x6D, 0x38, 0xD2, 0x88, 0x17, 0x6E,
    0x99, 0xD4, 0x75, 0x61, 0xC2, 0x98, 0xA9, 0xA2, 0x37, 0x69, 0x82, 0x62, 0x7B, 0xED, 0xCD, 0x81,
    0x53, 0x8C, 0x98, 0x7B, 0x15, 0x22, 0x86, 0x3C, 0xA8, 0x52, 0xF8, 0x5F, 0xBC, 0x38, 0x44, 0xB2,
    0xAB, 0x27, 0x0C, 0xAE, 0xA1, 0x05, 0x32, 0x5C, 0xC4, 0x51, 0x9B, 0xB7, 0x77, 0xFB, 0x3C, 0x1D,
    0x53, 0xC3, 0xD5, 0xB1, 0x75, 0x7C, 0x2D, 0x63, 0xB2, 0x9C, 0xC9, 0xB2, 0x26, 0xC3, 0xFB, 0xA6,
    0x61, 0xCE, 0x6D, 0x17, 0xEE, 0xDF, 0xE1, 0xA4, 0xB9, 0x63, 0xDF, 0xAB, 0xB5, 0x49, 0x71, 0xF4,
    0xF8, 0xD3, 0xB9, 0x47, 0x8E, 0x0B, 0x1F, 0x47, 0x4F, 0xEB, 0xB5, 0x28, 0x39, 0xF1, 0xF1, 0xD1,
    0x4D, 0xFE, 0xFF, 0xE1, 0xAB, 0x76, 0x3D, 0xC6, 0x0C, 0x80, 0xEE, 0xB6, 0x76, 0x52, 0x63, 0x9F,
    0x84, 0x57, 0x3B, 0x41, 0x56, 0x6E, 0x7B, 0x5F, 0x3B, 0x45, 0xE1, 0x4F, 0xB4, 0x17, 0xC4, 0x74,
    0x32, 0x8D, 0x8E, 0x53, 0x75, 0x9C, 0x6E, 0x35, 0xA0, 0x28, 0xE4, 0x47, 0x5F, 0x59, 0xBE, 0x91,
    0x53, 0xF4, 0x46, 0xC1, 0xD3, 0x2F, 0x27, 0x31, 0x3C, 0x15, 0x46, 0xB5, 0xD0, 0x02, 0x3E, 0x81,
    0xA5, 0xA5, 0x7C, 0x23, 0xC5, 0x9A, 0x04, 0x80, 0x2C, 0x68, 0x62, 0x94, 0xB2, 0x76, 0x79, 0xB7,
    0x95, 0x78, 0xF2, 0x2D, 0x3A, 0xF1, 0xA6, 0x4E, 0xBC, 0x01, 0x8D, 0x85, 0x63, 0xF1, 0x58, 0x40,
    0x16, 0x91, 0x85, 0x64, 0x31, 0x19, 0x50, 0x24, 0xA8, 0x1E, 0x90, 0xD1, 0x4F, 0x29, 0xB8, 0xB0,
    0x62, 0x27, 0xC0, 0x06, 0xCA, 0x4D, 0x90, 0x83, 0x93, 0x48, 0x7E, 0x9C, 0x84, 0xB9, 0xFF, 0x16,
    0x93, 0x54, 0xE7, 0xE1, 0x8F, 0xF5, 0x1B, 0x65, 0xF8, 0x76, 0xED, 0x57, 0x58, 0xD5, 0xAD, 0x43,
    0x36, 0x5E, 0x1D, 0xF2, 0x44, 0x5F, 0x31, 0x9E, 0xB0, 0x8C, 0xFF, 0xE5, 0x65, 0x2C, 0x4C, 0xB2,
    0x26, 0xB4, 0x5E, 0xDE, 0x68, 0x17, 0xE2, 0xBA, 0xF9, 0xF8, 0x34, 0x9A, 0x9F, 0x4C, 0x45, 0xAE,
    0x11, 0x4C, 0x22, 0x99, 0x44, 0xB4, 0xAC, 0x28, 0xD7, 0x24, 0xC2, 0x49, 0xA4, 0x93, 0x88, 0x27,
    0xC8, 0xFF, 0x95, 0x92, 0x36, 0x57, 0x40, 0xB0, 0xE7, 0x26, 0xD1, 0x47, 0xF8, 0x03, 0xB4, 0x2A,
    0xF3, 0xBC, 0xA5, 0x4A, 0xDE, 0x79, 0xEA, 0xFE, 0xE0, 0x99, 0x9B, 0x88, 0x8C, 0x4C, 0xE7, 0xB1,
    0xCB, 0x0B, 0xCF, 0xC8, 0x1F, 0x50, 0xEC, 0xCE, 0x42, 0x2C, 0x95, 0xCA, 0x7A, 0xA9, 0xA7, 0x9E,
    0xB8, 0x3F, 0x78, 0x64, 0x45, 0x1A, 0x99, 0x46, 0xE8, 0x93, 0xF1, 0x87, 0x17, 0x14, 0x49, 0xBA,
    0x49, 0x03, 0x94, 0x68, 0xE2, 0xCC, 0xD5, 0x57, 0x46, 0x5D, 0x75, 0x08, 0x16, 0x89, 0x8A, 0x29,
    0xC6, 0x5E, 0xD6, 0xB4, 0x87, 0xCF, 0xC9, 0x12, 0xA2, 0x8C, 0xCE, 0x02, 0x3F, 0x69, 0xBF, 0xB1,
    0xDF, 0x16, 0x6B, 0xBA, 0x42, 0xD3, 0x61, 0xCB, 0x2A, 0x95, 0x82, 0x08, 0x23, 0x53, 0x01, 0x12,
    0x04, 0x36, 0xC2, 0x92, 0x79, 0x61, 0xE0, 0x87, 0x29, 0x3D, 0xCD, 0x23, 0x7B, 0x38, 0xDB, 0x63,
    0xB7, 0x52, 0xDC, 0xCA, 0x28, 0xC7, 0x62, 0x74, 0x05, 0x6B, 0xCF, 0xA5, 0x44, 0x80, 0xE2, 0x42,
    0x54, 0x49, 0x99, 0xE9, 0x26, 0x23, 0x98, 0xB2, 0xCE, 0xA1, 0x6B, 0x41, 0x90, 0x3E, 0x52, 0xF8,
    0x44, 0x84, 0x17, 0xF4, 0x17, 0x14, 0xB1, 0x5C, 0x08, 0xBA, 0xCF, 0xBE, 0x88, 0x35, 0x80, 0xC1,
    0xFF, 0x10, 0x16, 0x8D, 0xFD, 0xE5, 0x0F, 0xA4, 0x39, 0xA2, 0xEC, 0xCC, 0x26, 0xE6, 0xB9, 0x44,
    0xBD, 0x8A, 0x63, 0xFB, 0x62, 0x73, 0xA2, 0x0B, 0x2C, 0x1D, 0x48, 0x7D, 0x4B, 0x94, 0xD2, 0x40,
    0x6D, 0x1A, 0x05, 0xA8, 0x3D, 0xEC, 0x37, 0x00, 0x5E, 0xF1, 0x91, 0x92, 0xF1, 0x7A, 0x0D, 0x14,
    0x72, 0xFD, 0x2E, 0x3E, 0xC7, 0x36, 0x78, 0x4E, 0xA3, 0xAC, 0xBE, 0xE0, 0x06, 0xEB, 0x6C, 0xA0,
    0xFB, 0x93, 0x81, 0x78, 0xB2, 0x78, 0xF8, 0x91, 0xB9, 0xE1, 0x23, 0x62, 0x15, 0xA9, 0x63, 0xC9,
    0x7C, 0x6C, 0x26, 0xE5, 0xD5, 0x50, 0xE3, 0x59, 0xD9, 0xCC, 0xB3, 0xBD, 0x00, 0x2F, 0xAF, 0x87,
    0xE7, 0x83, 0xDA, 0x52, 0x52, 0x4B, 0xC9, 0x2A, 0xC3, 0x62, 0x25, 0xD3, 0x3C, 0x1B, 0x4B, 0x3F,
    0x72, 0xC5, 0xF7, 0x78, 0x30, 0x60, 0x6E, 0xDA, 0xA4, 0x9F, 0x66, 0x47, 0x4E, 0x98, 0x37, 0xC6,
    0x5B, 0xF6, 0x9F, 0x97, 0x31, 0x71, 0x67, 0x5B, 0x6E, 0xB2, 0xE4, 0x15, 0x65, 0xE6, 0xA6, 0x17,
    0x23, 0xF9, 0xC2, 0x42, 0x4C, 0xBA, 0xB9, 0x6F, 0x52, 0xB2, 0x7D, 0x59, 0x00, 0xF3, 0x1A, 0xB3,
    0x00, 0x56, 0xC9, 0x02, 0x18, 0x5B, 0xD8, 0x7B, 0xE5, 0xF6, 0x0F, 0x77, 0xFB, 0xA5, 0xCA, 0x2E,
    0xB3, 0xEB, 0x3D, 0x9C, 0x52, 0xEA, 0x5D, 0x39, 0xC2, 0x36, 0x30, 0xE6, 0xE6, 0xCA, 0x4A, 0x58,
    0xFA, 0xB5, 0xDC, 0xAC, 0x84, 0x1D, 0x72, 0x8A, 0x2B, 0x2D, 0x6D, 0x7C, 0xBB, 0xEF, 0xA1, 0x76,
    0x0F, 0x0D, 0x8F, 0xCA, 0x82, 0xF3, 0x90, 0x35, 0x6E, 0xF2, 0x57, 0xE8, 0x16, 0x58, 0x13, 0x7D,
    0xD9, 0xAC, 0x84, 0xB5, 0x0B, 0x76, 0xCB, 0x2B, 0xFC, 0xD0, 0x2E, 0xD9, 0x9D, 0x13, 0xBF, 0x49,
    0x7B, 0x71, 0x2C, 0xF7, 0x95, 0x69, 0xE9, 0xEB, 0x26, 0x28, 0x0E, 0xC3, 0x7C, 0x34, 0xC8, 0xC6,
    0x51, 0xB6, 0x1D, 0xE5, 0xDB, 0xA1, 0x5E, 0x7A, 0xEC, 0xC8, 0x9B, 0xD7, 0xD8, 0x15, 0x37, 0xAF,
    0x54, 0xD8, 0x27, 0x34, 0x6B, 0x6B, 0x92, 0x70, 0x50, 0xF8, 0xE0, 0xDA, 0x09, 0xB1, 0x2F, 0x87,
    0xAA, 0xC1, 0xEC, 0x1E, 0xFB, 0x42, 0xCA, 0xB6, 0x86, 0xBD, 0x23, 0xB9, 0x07, 0xC5, 0x98, 0xFC,
    0xD9, 0x9C, 0x36, 0xF5, 0x6C, 0x57, 0xD0, 0x3D, 0xD8, 0x73, 0xDB, 0x06, 0x4C, 0xE2, 0x6B, 0x56,
    0x20, 0x4D, 0xD5, 0xE1, 0xB4, 0x8A, 0x43, 0xD8, 0x98, 0x62, 0x39, 0xE8, 0xF5, 0x3D, 0xA8, 0xBE,
    0x91, 0xAE, 0x50, 0x21, 0x6F, 0xE0, 0x74, 0x38, 0x8F, 0x14, 0x68, 0x82, 0x82, 0x42, 0x3E, 0x46,
    0x84, 0x8B, 0x38, 0x79, 0xCB, 0x44, 0xCB, 0x83, 0x5C, 0xF6, 0x5A, 0x64, 0xA9, 0xD9, 0xE9, 0x91,
    0xC9, 0x4E, 0x8F, 0x06, 0xDD, 0x30, 0x30, 0xF5, 0x6F, 0xE9, 0xB8, 0xB6, 0xE7, 0x76, 0x39, 0x7A,
    0xD2, 0xBF, 0x9D, 0x98, 0xA3, 0x7B, 0x26, 0x00, 0xB5, 0x49, 0x7F, 0x6A, 0x22, 0xFD, 0x43, 0x33,
    0x31, 0xD5, 0xEC, 0xEF, 0xE7, 0x18, 0x5A, 0x88, 0x1E, 0x2E, 0x09, 0x3B, 0x4F, 0xD4, 0x8B, 0xAF,
    0x3E, 0x80, 0x09, 0xD8, 0x3A, 0x80, 0x14, 0xDB, 0x68, 0x9E, 0x3F, 0x62, 0xB6, 0x84, 0x90, 0xD9,
    0x13, 0x22, 0x9B, 0x51, 0xB8, 0x1B, 0x63, 0x57, 0xC8, 0x1C, 0xE3, 0xD4, 0xED, 0x69, 0x25, 0x23,
    0x86, 0xD4, 0x8C, 0xB7, 0xF4, 0xF7, 0xCD, 0x62, 0x6A, 0xF0, 0xCB, 0x8A, 0xAF, 0x6E, 0x55, 0xF5,
    0x37, 0xB5, 0x27, 0x16, 0xAB, 0x9B, 0xC6, 0xBC, 0x86, 0xBB, 0x67, 0x61, 0xCF, 0xA3, 0x1D, 0x75,
    0xF5, 0x26, 0x8E, 0xFB, 0x09, 0x73, 0xBB, 0x6E, 0x6E, 0x8D, 0x78, 0xBC, 0x5F, 0x98, 0x5B, 0x69,
    0xFD, 0x9F, 0x8D, 0xF4, 0x3C, 0x36, 0x12, 0x25, 0xF8, 0xFB, 0x2E, 0xDF, 0x46, 0x18, 0x65, 0x71,
    0xE3, 0x99, 0x3F, 0x36, 0xEC, 0x62, 0x37, 0x9A, 0xA7, 0x86, 0xB5, 0xAC, 0x06, 0xCF, 0x4D, 0x0F,
    0x30, 0x7B, 0x68, 0x30, 0x8C, 0x78, 0xAF, 0xFC, 0x50, 0x1D, 0x59, 0x5B, 0x3E, 0xED, 0x6E, 0x16,
    0x47, 0x2C, 0x3C, 0x87, 0xCF, 0x02, 0x74, 0x08, 0x5B, 0x88, 0x82, 0xD1, 0x81, 0x74, 0x28, 0x1D,
    0x4C, 0x87, 0xD3, 0x01, 0x75, 0x48, 0x6D, 0x87, 0xCD, 0xEC, 0xCA, 0xF5, 0x7D, 0x03, 0xF6, 0xD7,
    0xD8, 0x7D, 0x05, 0xD3, 0x4E, 0x05, 0xEE, 0x6E, 0xDB, 0xD5, 0x12, 0x0C, 0x9F, 0x32, 0x3C, 0x62,
    0xEB, 0x06, 0x73, 0x96, 0xF9, 0x66, 0x6C, 0xE7, 0x9D, 0xA8, 0x94, 0xAD, 0x8A, 0x52, 0xE2, 0x96,
    0x79, 0x0E, 0xA3, 0xB5, 0xD4, 0xC6, 0xAA, 0xF6, 0xC5, 0xD6, 0xC6, 0x36, 0x3F, 0xEA, 0xB2, 0x51,
    0xCF, 0xE5, 0xB4, 0x66, 0xB5, 0xA6, 0x36, 0x1B, 0xC8, 0x84, 0xB9, 0x99, 0xCD, 0x04, 0x72, 0x6A,
    0x53, 0x47, 0xBB, 0x2E, 0x46, 0xF2, 0xF5, 0x54, 0xD9, 0xE5, 0x08, 0x23, 0xC5, 0xAB, 0xDB, 0xDD,
    0x2E, 0x6C, 0xFD, 0xCD, 0x2B, 0xFA, 0x9F, 0x59, 0xD4, 0xDB, 0x9C, 0xDC, 0xCD, 0xBC, 0x6E, 0x7D,
    0xCE, 0x2B, 0x57, 0x16, 0x93, 0x4E, 0x25, 0x74, 0x12, 0xA9, 0x8F, 0x10, 0xEC, 0xA9, 0xAA, 0x11,
    0xEC, 0xD6, 0xD0, 0x81, 0x14, 0x0A, 0x51, 0x23, 0xF4, 0x40, 0xFC, 0x6A, 0x0C, 0x5C, 0x09, 0x22,
    0x4C, 0xE4, 0xBC, 0x8A, 0xB3, 0x5D, 0x6C, 0x88, 0x81, 0x2B, 0xD8, 0x0C, 0x57, 0xB0, 0x58, 0x71,
    0x8F, 0x43, 0xE9, 0x34, 0x5A, 0x9F, 0x40, 0x2F, 0x88, 0xAB, 0x48, 0xEA, 0x6E, 0xB2, 0xF6, 0x5D,
    0x49, 0xD8, 0x65, 0xA7, 0xD7, 0xBB, 0xB5, 0xA0, 0x24, 0x41, 0x08, 0xE5, 0x0F, 0x0A, 0x28, 0x97,
    0xD5, 0x6D, 0x40, 0x1A, 0x94, 0x74, 0xFE, 0x67, 0xD8, 0xD6, 0x97, 0x07, 0x45, 0xEF, 0x2C, 0xCD,
    0xE9, 0xE3, 0xAC, 0xEC, 0x59, 0x6E, 0x15, 0x3A, 0x5F, 0x9A, 0x8A, 0xC2, 0xCA, 0x55, 0xAE, 0x5C,
    0x7E, 0x7B, 0x55, 0xBD, 0x0B, 0x5B, 0x8B, 0x94, 0x7E, 0x58, 0x2D, 0xBB, 0xDA, 0x20, 0x9C, 0x80,
    0x1D, 0x24, 0xA8, 0x27, 0xD0, 0x9D, 0x0A, 0x65, 0xEA, 0x97, 0x69, 0x3F, 0xF7, 0x78, 0x14, 0x65,
    0x1F, 0xCD, 0x92, 0x07, 0x7B, 0xD2, 0xAA, 0xFD, 0x23, 0xAF, 0x1D, 0xEB, 0x30, 0x23, 0xBB, 0x87,
    0x23, 0x71, 0x8B, 0x56, 0xCA, 0xCD, 0x32, 0xD8, 0x4E, 0x28, 0x9B, 0xC4, 0x52, 0xB8, 0xD9, 0x92,
    0xDD, 0x27, 0xA8, 0x31, 0x20, 0x96, 0x18, 0x0E, 0x51, 0x0C, 0x1E, 0xCF, 0x59, 0x7B, 0x3B, 0xE9,
    0x17, 0x97, 0x6A, 0x1F, 0x5B, 0x13, 0x0F, 0x03, 0xFD, 0xED, 0xF2, 0x00, 0x1D, 0xEB, 0xC8, 0x72,
    0xEB, 0xFE, 0x6A, 0x10, 0xB7, 0xDD, 0x26, 0x3E, 0x71, 0x1B, 0x0E, 0x9E, 0x6B, 0xE7, 0xDE, 0xC1,
    0x02, 0xD3, 0x21, 0x4F, 0x29, 0x2C, 0xAF, 0x41, 0xD1, 0xD6, 0xC7, 0x96, 0x8F, 0x32, 0x2C, 0xFD,
    0x22, 0xE1, 0xE9, 0x81, 0x53, 0xFE, 0xAC, 0x59, 0x77, 0x7D, 0x02, 0x43, 0x38, 0xBE, 0x20, 0xDF,
    0x90, 0xAF, 0x50, 0xC3, 0x10, 0xFD, 0x0A, 0x7A, 0xC4, 0x36, 0x91, 0xC1, 0x9C, 0x4D, 0x9B, 0x4C,
    0xFD, 0xA5, 0x5A, 0x02, 0x62, 0xC3, 0x10, 0x59, 0x79, 0x7F, 0xD2, 0xAE, 0x3F, 0x77, 0x91, 0xD7,
    0xD1, 0xD5, 0xAA, 0xB0, 0xCD, 0x76, 0x02, 0xB3, 0x00, 0x60, 0xCA, 0x3C, 0xCE, 0x85, 0xC5, 0x3B,
    0x84, 0x18, 0x67, 0x96, 0x12, 0x0E, 0x8A, 0x37, 0x05, 0x77, 0xEE, 0x24, 0x0F, 0xF5, 0x1B, 0xDA,
    0x96, 0x6A, 0xD6, 0x6F, 0x77, 0x4B, 0xCA, 0x87, 0x3D, 0x3A, 0x3C, 0xB5, 0x30, 0xEF, 0x8A, 0xF0,
    0x26, 0x2C, 0x11, 0xB9, 0x62, 0x9E, 0xC6, 0x14, 0xDD, 0x7B, 0xEE, 0xF9, 0x5E, 0x6D, 0x0A, 0xED,
    0x63, 0xF7, 0x99, 0xA0, 0xB4, 0xC5, 0x75, 0x54, 0x8C, 0xB0, 0x82, 0x2B, 0xC5, 0x22, 0xE9, 0x45,
    0x9E, 0xA4, 0x55, 0xDE, 0xFB, 0xED, 0x6C, 0x53, 0x24, 0x75, 0xE9, 0xD5, 0xB0, 0xF7, 0x11, 0x3B,
    0xDC, 0x1E, 0x7F, 0x03, 0xDB, 0x59, 0x6C, 0x54, 0x1B, 0x5A, 0x77, 0xC2, 0x82, 0x60, 0x5A, 0xF2,
    0xB4, 0xCA, 0x3C, 0x1E, 0x2C, 0xD9, 0x58, 0xD3, 0x7C, 0x90, 0x4D, 0xCA, 0x41, 0x76, 0x8D, 0xA7,
    0xEE, 0x83, 0xC3, 0xE0, 0x3F, 0xEA, 0x91, 0xAF, 0xCB, 0xD1, 0x73, 0xBA, 0xB8, 0xC6, 0xC3, 0xF3,
    0x5C, 0xBF, 0xA6, 0x7B, 0xF5, 0x74, 0xA4, 0x88, 0x66, 0xDE, 0xBF, 0x7E, 0x1D, 0xBD, 0x3E, 0xB1,
    0x96, 0x0D, 0x4A, 0x90, 0x62, 0x1B, 0xC6, 0x67, 0xBD, 0x86, 0x3F, 0x62, 0x90, 0x5B, 0x0F, 0x11,
    0xDC, 0x22, 0x16, 0xD7, 0xC5, 0x9E, 0x46, 0x39, 0x8C, 0x75, 0x5B, 0x60, 0x41, 0x54, 0xAA, 0xF9,
    0x0B, 0x78, 0xC8, 0x14, 0x53, 0x7B, 0xBC, 0x74, 0xC1, 0xE3, 0x07, 0xD8, 0x1C, 0x7C, 0x06, 0x1B,
    0x7F, 0xBB, 0x05, 0x3C, 0x89, 0xA2, 0x23, 0xA1, 0xD8, 0x5D, 0x6B, 0x07, 0x7A, 0x33, 0x30, 0x3E,
    0x81, 0xDD, 0xB5, 0x67, 0xBA, 0x67, 0xF6, 0xD9, 0xB6, 0x62, 0x65, 0x1B, 0x9C, 0xD9, 0xFA, 0x86,
    0x20, 0x6D, 0x65, 0xF7, 0xDB, 0x99, 0xB7, 0x94, 0xEC, 0xD6, 0x42, 0xB3, 0xB9, 0x90, 0xE9, 0x4F,
    0xF3, 0xF6, 0x9D, 0x0D, 0xD9, 0xB9, 0x3B, 0x42, 0x88, 0x64, 0xCE, 0xB5, 0xBB, 0x69, 0x93, 0x16,
    0x26, 0xA6, 0x1D, 0xF3, 0x61, 0x23, 0xDB, 0xC7, 0xDC, 0xD5, 0x06, 0xA6, 0xD1, 0xEB, 0x99, 0xBC,
    0xF0, 0xEC, 0x67, 0x52, 0xE4, 0xBE, 0x73, 0x5E, 0xFD, 0xDE, 0x5E, 0xC5, 0x91, 0xAF, 0x67, 0xCB,
    0x40, 0x39, 0x7D, 0x16, 0xE4, 0x1E, 0x48, 0x2A, 0xF5, 0x9F, 0x9A, 0x5B, 0xEB, 0x2D, 0xF0, 0xDF,
    0xF4, 0x75, 0x14, 0x65, 0xC0, 0xD3, 0x13, 0x8F, 0x97, 0xB8, 0x19, 0x1D, 0x20, 0x78, 0x17, 0xD5,
    0xA6, 0x7F, 0xAA, 0x10, 0x6D, 0x54, 0x88, 0x3B, 0x2A, 0x4E, 0x91, 0xBF, 0x5A, 0x21, 0x50, 0x2A,
    0x98, 0x2C, 0xF1, 0xCB, 0x01, 0x18, 0x73, 0x76, 0xEB, 0x45, 0xA2, 0x8B, 0x13, 0x59, 0x3A, 0xF5,
    0x6C, 0xA4, 0xD6, 0x51, 0x89, 0xD1, 0x7C, 0x13, 0xB9, 0xDD, 0x93, 0x51, 0x2F, 0xC9, 0x40, 0x07,
    0x05, 0xA8, 0x5F, 0x4B, 0x40, 0x7F, 0x28, 0x34, 0x15, 0x1A, 0x4D, 0xBB, 0xBD, 0x25, 0xBE, 0x69,
    0xAA, 0x36, 0x25, 0x73, 0xEC, 0xE6, 0x99, 0xFE, 0xF4, 0x01, 0x62, 0x6F, 0xD9, 0x9E, 0x7E, 0xBF,
    0xDD, 0xA1, 0x2E, 0x3F, 0x45, 0x91, 0xDA, 0xFA, 0x25, 0x72, 0x64, 0xFB, 0xEB, 0xF4, 0x7D, 0xCC,
    0xA7, 0x32, 0xC8, 0x36, 0x66, 0x98, 0xF6, 0x15, 0x93, 0x41, 0xC9, 0x24, 0x98, 0x43, 0xAF, 0x53,
    0x75, 0x80, 0x1F, 0xC0, 0xF0, 0x7F, 0x83, 0x06, 0x63, 0x08, 0x22, 0x7B, 0xFC, 0x70, 0x83, 0xE1,
    0xE1, 0x29, 0xC2, 0xD7, 0x52, 0xA4, 0x42, 0x0B, 0x0C, 0xC5, 0x35, 0x7E, 0x8A, 0x51, 0x30, 0x99,
    0xDC, 0x9C, 0xC0, 0xF4, 0x0B, 0x90, 0x92, 0xCE, 0x2B, 0x17, 0xAF, 0xDD, 0x81, 0x94, 0xAB, 0x62,
    0xBF, 0x5B, 0x1C, 0xA4, 0xA6, 0x98, 0xB5, 0x5E, 0x25, 0xB7, 0xF0, 0x2C, 0xE4, 0x02, 0x7C, 0x3D,
    0xC9, 0x98, 0x0C, 0x4A, 0xC4, 0x00, 0xC8, 0x2A, 0xE9, 0x2E, 0x48, 0xF2, 0x25, 0x14, 0x4A, 0x7E,
    0x8C, 0x01, 0xE1, 0x17, 0x10, 0xFE, 0x9E, 0xD4, 0x1B, 0x40, 0x92, 0xCA, 0x95, 0x1F, 0x26, 0x35,
    0xAD, 0x5D, 0x99, 0x2F, 0x77, 0x63, 0x5D, 0x4D, 0xE6, 0xF1, 0x52, 0xC5, 0x6E, 0xE5, 0xE0, 0xBC,
    0xCD, 0x04, 0x23, 0x89, 0x3D, 0x61, 0x6C, 0xD8, 0x1A, 0xA6, 0x86, 0xA5, 0xC5, 0xD0, 0xB0, 0x33,
    0xCC, 0x2C, 0x56, 0x9E, 0x1A, 0x1B, 0xC3, 0xC4, 0xB0, 0x30, 0x0C, 0xCC, 0xF6, 0x85, 0x79, 0x61,
    0xDD, 0x81, 0xEE, 0x72, 0x08, 0xFC, 0x1A, 0x08, 0x1A, 0xF9, 0x43, 0x32, 0xAF, 0xE8, 0xCF, 0xD0,
    0x2D, 0x88, 0x7E, 0x47, 0xF5, 0x7E, 0x99, 0x61, 0x4B, 0x35, 0x2B, 0xE4, 0x12, 0x3A, 0xD4, 0x3D,
    0x90, 0x24, 0x83, 0xC7, 0x95, 0x4C, 0x7C, 0xE4, 0x61, 0x74, 0x17, 0x24, 0x01, 0x89, 0xD0, 0x41,
    0x82, 0x87, 0x30, 0x9C, 0xFC, 0xFA, 0x05, 0x15, 0x7F, 0xFC, 0xD6, 0x80, 0x4D, 0x5C, 0xD0, 0xE6,
    0xDE, 0x2F, 0x67, 0x6A, 0xA2, 0x7F, 0xC4, 0x6D, 0x9D, 0xD9, 0x5F, 0x70, 0xD8, 0xE3, 0xCF, 0xDD,
    0xF6, 0x7F, 0xD9, 0xF7, 0x6F, 0x36, 0xFF, 0x63, 0xEF, 0xBF, 0xF8, 0x83, 0xDF, 0xDB, 0xF9, 0xFF,
    0x24, 0xD4, 0xF2, 0x34, 0x9B, 0xFB, 0x7F,
};

static const EpdGlyph notosansarabic_14_regularGlyphs[] = {
    { 0, 0, 121, 0, 0, 0, 0 }, // U+0020
    { 4, 22, 126, 2, 21, 22, 0 }, // !
    { 9, 8, 190, 1, 21, 18, 22 }, // "
    { 19, 21, 302, 0, 21, 100, 40 }, // #
    { 15, 25, 267, 1, 23, 94, 140 }, // $
    { 22, 23, 388, 1, 22, 127, 234 }, // %
    { 21, 23, 342, 1, 22, 121, 361 }, // &
    { 4, 8, 105, 1, 21, 8, 482 }, // '
    { 7, 26, 140, 1, 21, 46, 490 }, // (
    { 8, 26, 140, 0, 21, 52, 536 }, // )
    { 14, 14, 257, 1, 23, 49, 588 }, // *
    { 15, 15, 267, 1, 18, 57, 637 }, // +
    { 5, 8, 125, 1, 4, 10, 694 }, // ,
    { 8, 3, 150, 1, 9, 6, 704 }, // -
    { 4, 5, 125, 2, 4, 5, 710 }, // .
    { 11, 21, 174, 0, 21, 58, 715 }, // /
    { 15, 23, 267, 1, 22, 87, 773 }, // 0
    { 9, 21, 267, 2, 21, 48, 860 }, // 1
    { 15, 22, 267, 1, 22, 83, 908 }, // 2
    { 15, 23, 267, 1, 22, 87, 991 }, // 3
    { 17, 21, 267, 0, 21, 90, 1078 }, // 4
    { 15, 22, 267, 1, 21, 83, 1168 }, // 5
    { 15, 23, 267, 1, 22, 87, 1251 }, // 6
    { 15, 21, 267, 1, 21, 79, 1338 }, // 7
    { 15, 23, 267, 1, 22, 87, 1417 }, // 8
    { 15, 23, 267, 1, 22, 87, 1504 }, // 9
    { 4, 18, 125, 2, 17, 18, 1591 }, // :
    { 6, 21, 125, 0, 17, 32, 1609 }, // ;
    { 15, 15, 267, 1, 18, 57, 1641 }, // <
    { 14, 9, 267, 1, 15, 32, 1698 }, // =
    { 15, 15, 267, 1, 18, 57, 1730 }, // >
    { 12, 23, 203, 0, 22, 69, 1787 }, // ?
    { 24, 24, 420, 1, 21, 144, 1856 }, // @
    { 19, 21, 298, 0, 21, 100, 2000 }, // A
    { 16, 21, 303, 2, 21, 84, 2100 }, // B
    { 17, 23, 295, 1, 22, 98, 2184 }, // C
    { 18, 21, 341, 2, 21, 95, 2282 }, // D
    { 13, 21, 260, 2, 21, 69, 2377 }, // E
    { 13, 21, 242, 2, 21, 69, 2446 }, // F
    { 19, 23, 340, 1, 22, 110, 2515 }, // G
    { 17, 21, 346, 2, 21, 90, 2625 }, // H
    { 8, 21, 158, 1, 21, 42, 2715 }, // I
    { 9, 27, 127, -3, 21, 61, 2757 }, // J
    { 17, 21, 289, 2, 21, 90, 2818 }, // K
    { 13, 21, 245, 2, 21, 69, 2908 }, // L
    { 22, 21, 423, 2, 21, 116, 2977 }, // M
    { 18, 21, 355, 2, 21, 95, 3093 }, // N
    { 20, 23, 365, 1, 22, 115, 3188 }, // O
    { 15, 21, 282, 2, 21, 79, 3303 }, // P
    { 20, 27, 365, 1, 22, 135, 3382 }, // Q
    { 16, 21, 290, 2, 21, 84, 3517 }, // R
    { 14, 23, 256, 1, 22, 81, 3601 }, // S
    { 16, 21, 260, 0, 21, 84, 3682 }, // T
    { 17, 22, 341, 2, 21, 94, 3766 }, // U
    { 18, 21, 280, 0, 21, 95, 3860 }, // V
    { 27, 21, 434, 0, 21, 142, 3955 }, // W
    { 17, 21, 274, 0, 21, 90, 4097 }, // X
    { 17, 21, 264, 0, 21, 90, 4187 }, // Y
    { 15, 21, 267, 1, 21, 79, 4277 }, // Z
    { 7, 26, 154, 2, 21, 46, 4356 }, // [
    { 11, 21, 174, 0, 21, 58, 4402 }, // <backslash>
    { 8, 26, 154, 0, 21, 52, 4460 }, // ]
    { 15, 14, 267, 1, 21, 53, 4512 }, // ^
    { 15, 3, 207, -1, -2, 12, 4565 }, // _
    { 7, 6, 131, 1, 23, 11, 4577 }, // `
    { 13, 17, 262, 1, 16, 56, 4588 }, // a
    { 15, 24, 287, 2, 23, 90, 4644 }, // b
    { 13, 17, 224, 1, 16, 56, 4734 }, // c
    { 15, 24, 287, 1, 23, 90, 4790 }, // d
    { 14, 17, 263, 1, 16, 60, 4880 }, // e
    { 12, 23, 161, 0, 23, 69, 4940 }, // f
    { 15, 23, 287, 1, 16, 87, 5009 }, // g
    { 14, 23, 288, 2, 23, 81, 5096 }, // h
    { 4, 22, 120, 2, 22, 22, 5177 }, // i
    { 8, 29, 120, -2, 22, 58, 5199 }, // j
    { 14, 23, 249, 2, 23, 81, 5257 }, // k
    { 4, 23, 120, 2, 23, 23, 5338 }, // l
    { 23, 16, 436, 2, 16, 92, 5361 }, // m
    { 14, 16, 288, 2, 16, 56, 5453 }, // n
    { 16, 17, 282, 1, 16, 68, 5509 }, // o
    { 15, 23, 287, 2, 16, 87, 5577 }, // p
    { 15, 23, 287, 1, 16, 87, 5664 }, // q
    { 10, 16, 193, 2, 16, 40, 5751 }, // r
    { 12, 17, 224, 1, 16, 51, 5791 }, // s
    { 10, 21, 168, 0, 20, 53, 5842 }, // t
    { 14, 17, 288, 2, 16, 60, 5895 }, // u
    { 15, 16, 237, 0, 16, 60, 5955 }, // v
    { 23, 16, 367, 0, 16, 92, 6015 }, // w
    { 15, 16, 247, 0, 16, 60, 6107 }, // x
    { 15, 23, 238, 0, 16, 87, 6167 }, // y
    { 12, 16, 219, 1, 16, 48, 6254 }, // z
    { 11, 26, 177, 0, 21, 72, 6302 }, // {
    { 4, 31, 257, 6, 23, 31, 6374 }, // |
    { 11, 26, 177, 0, 21, 72, 6405 }, // }
    { 15, 5, 267, 1, 13, 19, 6477 }, // ~
    { 33, 9, 533, 0, 5, 75, 0 }, // U+0600
    { 44, 8, 702, 0, 0, 88, 75 }, // U+0601
    { 32, 8, 505, 0, 4, 64, 163 }, // U+0602
    { 38, 8, 611, 0, 4, 76, 227 }, // U+0603
    { 60, 18, 951, 0, 12, 270, 303 }, // U+0604
    { 35, 7, 572, 0, 22, 62, 573 }, // U+0605
    { 18, 21, 290, 0, 21, 95, 635 }, // U+0606
    { 18, 21, 290, 0, 21, 95, 730 }, // U+0607
    { 32, 20, 518, 0, 12, 160, 825 }, // U+0608
    { 17, 22, 303, 1, 21, 94, 985 }, // U+0609
    { 23, 22, 389, 1, 21, 127, 1079 }, // U+060A
    { 12, 28, 209, 0, 21, 84, 1206 }, // U+060B
    { 5, 8, 153, 2, 7, 10, 1290 }, // U+060C
    { 9, 11, 170, 0, 5, 25, 1300 }, // U+060D
    { 27, 11, 422, 0, 10, 75, 1325 }, // U+060E
    { 20, 27, 243, -2, 15, 135, 1400 }, // U+060F
    { 10, 8, 0, 0, 24, 20, 1535 }, // U+0610
    { 9, 8, 0, 0, 24, 18, 1555 }, // U+0611
    { 9, 8, 0, 0, 25, 18, 1573 }, // U+0612
    { 12, 10, 0, 0, 26, 30, 1591 }, // U+0613
    { 13, 5, 0, 0, 22, 17, 1621 }, // U+0614
    { 9, 8, 0, 0, 39, 18, 1638 }, // U+0615
    { 12, 11, 0, 0, 42, 33, 1656 }, // U+0616
    { 5, 10, 0, 0, 41, 13, 1689 }, // U+0617
    { 5, 4, 0, 1, 20, 5, 1702 }, // U+0618
    { 6, 7, 0, 0, 24, 11, 1707 }, // U+0619
    { 5, 4, 0, 1, -3, 5, 1718 }, // U+061A
    { 5, 16, 161, 2, 15, 20, 1723 }, // U+061B
    { 0, 0, 280, 0, 0, 0, 1743 }, // U+061C
    { 13, 22, 282, 2, 20, 72, 1743 }, // U+061D
    { 8, 7, 135, 0, 6, 14, 1815 }, // U+061E
    { 12, 23, 203, 0, 22, 69, 1829 }, // U+061F
    { 22, 26, 355, 0, 13, 143, 1898 }, // U+0620
    { 11, 13, 192, 0, 11, 36, 2041 }, // U+0621
    { 10, 25, 110, -2, 25, 63, 2077 }, // U+0622
    { 6, 28, 110, 0, 28, 42, 2140 }, // U+0623
    { 11, 26, 209, 1, 19, 72, 2182 }, // U+0624
    { 7, 31, 111, 1, 21, 55, 2254 }, // U+0625
    { 22, 20, 355, 0, 13, 110, 2309 }, // U+0626
    { 4, 21, 111, 2, 21, 21, 2419 }, // U+0627
    { 28, 19, 463, 0, 12, 133, 2440 }, // U+0628
    { 11, 20, 189, 0, 20, 55, 2573 }, // U+0629
    { 28, 16, 463, 0, 15, 112, 2628 }, // U+062A
    { 28, 19, 463, 0, 18, 133, 2740 }, // U+062B
    { 18, 25, 298, 0, 13, 113, 2873 }, // U+062C
    { 18, 25, 298, 0, 13, 113, 2986 }, // U+062D
    { 18, 31, 298, 0, 19, 140, 3099 }, // U+062E
    { 12, 15, 223, 1, 14, 45, 3239 }, // U+062F
    { 12, 21, 223, 1, 20, 63, 3284 }, // U+0630
    { 10, 17, 171, -1, 10, 43, 3347 }, // U+0631
    { 10, 24, 171, -1, 17, 60, 3390 }, // U+0632
    { 34, 19, 564, 0, 12, 162, 3450 }, // U+0633
    { 34, 26, 564, 0, 19, 221, 3612 }, // U+0634
    { 37, 18, 610, 0, 11, 167, 3833 }, // U+0635
    { 37, 24, 610, 0, 17, 222, 4000 }, // U+0636
    { 22, 22, 368, 0, 21, 121, 4222 }, // U+0637
    { 22, 22, 368, 0, 21, 121, 4343 }, // U+0638
    { 17, 27, 237, 0, 15, 115, 4464 }, // U+0639
    { 17, 33, 237, 0, 21, 141, 4579 }, // U+063A
    { 26, 26, 409, 0, 25, 169, 4720 }, // U+063B
    { 26, 31, 409, 0, 21, 202, 4889 }, // U+063C
    { 22, 22, 355, 0, 15, 121, 5091 }, // U+063D
    { 22, 20, 355, 0, 13, 110, 5212 }, // U+063E
    { 22, 21, 355, 0, 14, 116, 5322 }, // U+063F
    { 10, 4, 126, 0, 3, 10, 5438 }, // U+0640
    { 28, 22, 459, 0, 21, 154, 5448 }, // U+0641
    { 22, 25, 361, 0, 19, 138, 5602 }, // U+0642
    { 25, 22, 412, 0, 21, 138, 5740 }, // U+0643
    { 19, 28, 324, 0, 21, 133, 5878 }, // U+0644
    { 13, 24, 226, 0, 12, 78, 6011 }, // U+0645
    { 19, 22, 320, 0, 15, 105, 6089 }, // U+0646
    { 19, 16, 314, 0, 15, 76, 6194 }, // U+0647
    { 11, 17, 209, 1, 10, 47, 6270 }, // U+0648
    { 22, 20, 355, 0, 13, 110, 6317 }, // U+0649
    { 22, 26, 355, 0, 13, 143, 6427 }, // U+064A
    { 7, 8, 0, 1, 25, 14, 6570 }, // U+064B
    { 10, 8, 0, 0, 25, 20, 6584 }, // U+064C
    { 7, 8, 0, 1, -1, 14, 6604 }, // U+064D
    { 7, 5, 0, 1, 22, 9, 6618 }, // U+064E
    { 8, 9, 0, 0, 25, 18, 6627 }, // U+064F
    { 7, 5, 0, 1, -1, 9, 6645 }, // U+0650
    { 9, 7, 0, 0, 24, 16, 6654 }, // U+0651
    { 7, 6, 0, 0, 24, 11, 6670 }, // U+0652
    { 10, 4, 0, 0, 21, 10, 6681 }, // U+0653
    { 7, 8, 0, 0, 24, 14, 6691 }, // U+0654
    { 7, 8, 0, 0, -2, 14, 6705 }, // U+0655
    { 3, 6, 0, 1, -1, 5, 6719 }, // U+0656
    { 8, 8, 0, 1, 25, 16, 6724 }, // U+0657
    { 7, 5, 0, 0, 22, 9, 6740 }, // U+0658
    { 8, 2, 0, 0, 20, 4, 6749 }, // U+0659
    { 7, 7, 0, 0, 23, 13, 6753 }, // U+065A
    { 7, 7, 0, 0, 23, 13, 6766 }, // U+065B
    { 5, 5, 0, 0, -2, 7, 6779 }, // U+065C
    { 8, 8, 0, 1, 24, 16, 6786 }, // U+065D
    { 7, 7, 0, 1, 24, 13, 6802 }, // U+065E
    { 9, 8, 0, 0, -1, 18, 6815 }, // U+065F
    { 6, 5, 267, 5, 11, 8, 6833 }, // U+0660
    { 6, 21, 267, 5, 20, 32, 6841 }, // U+0661
    { 13, 21, 267, 2, 20, 69, 6873 }, // U+0662
    { 15, 21, 267, 1, 20, 79, 6942 }, // U+0663
    { 13, 21, 267, 2, 20, 69, 7021 }, // U+0664
    { 13, 17, 267, 2, 16, 56, 7090 }, // U+0665
    { 13, 21, 267, 2, 20, 69, 7146 }, // U+0666
    { 17, 22, 267, 0, 21, 94, 7215 }, // U+0667
    { 17, 21, 267, 0, 20, 90, 7309 }, // U+0668
    { 13, 21, 267, 2, 20, 69, 7399 }, // U+0669
    { 12, 22, 221, 1, 21, 66, 7468 }, // U+066A
    { 7, 11, 114, 0, 6, 20, 7534 }, // U+066B
    { 8, 11, 114, 0, 20, 22, 7554 }, // U+066C
    { 15, 15, 232, 0, 14, 57, 7576 }, // U+066D
    { 28, 13, 463, 0, 12, 91, 7633 }, // U+066E
    { 22, 19, 361, 0, 13, 105, 7724 }, // U+066F
    { 3, 6, 0, 1, 23, 5, 7829 }, // U+0670
    { 10, 27, 110, -1, 27, 68, 7834 }, // U+0671
    { 10, 28, 110, -1, 28, 70, 7902 }, // U+0672
    { 10, 30, 111, -2, 21, 75, 7972 }, // U+0673
    { 11, 13, 192, 0, 15, 36, 8047 }, // U+0674
    { 16, 21, 303, 2, 21, 84, 8083 }, // U+0675
    { 24, 22, 400, 1, 15, 132, 8167 }, // U+0676
    { 24, 26, 400, 1, 19, 156, 8299 }, // U+0677
    { 34, 22, 547, 0, 15, 187, 8455 }, // U+0678
    { 28, 21, 463, 0, 20, 147, 8642 }, // U+0679
    { 28, 20, 463, 0, 19, 140, 8789 }, // U+067A
    { 28, 23, 463, 0, 12, 161, 8929 }, // U+067B
    { 28, 20, 463, 0, 15, 140, 9090 }, // U+067C
    { 28, 19, 463, 0, 18, 133, 9230 }, // U+067D
    { 28, 22, 463, 0, 12, 154, 9363 }, // U+067E
    { 28, 20, 463, 0, 19, 140, 9517 }, // U+067F
    { 28, 23, 463, 0, 12, 161, 9657 }, // U+0680
    { 18, 33, 298, 0, 21, 149, 9818 }, // U+0681
    { 18, 35, 298, 0, 23, 158, 9967 }, // U+0682
    { 19, 25, 308, 0, 13, 119, 10125 }, // U+0683
    { 18, 25, 298, 0, 13, 113, 10244 }, // U+0684
    { 18, 34, 298, 0, 22, 153, 10357 }, // U+0685
    { 19, 25, 308, 0, 13, 119, 10510 }, // U+0686
    { 19, 25, 308, 0, 13, 119, 10629 }, // U+0687
    { 12, 26, 223, 1, 25, 78, 10748 }, // U+0688
    { 12, 19, 223, 1, 14, 57, 10826 }, // U+0689
    { 12, 20, 223, 1, 14, 60, 10883 }, // U+068A
    { 12, 31, 223, 1, 25, 93, 10943 }, // U+068B
    { 12, 21, 223, 1, 20, 63, 11036 }, // U+068C
    { 12, 20, 223, 1, 14, 60, 11099 }, // U+068D
    { 12, 24, 223, 1, 23, 72, 11159 }, // U+068E
    { 12, 24, 223, 1, 23, 72, 11231 }, // U+068F
    { 12, 25, 223, 1, 24, 75, 11303 }, // U+0690
    { 11, 29, 171, -1, 22, 80, 11378 }, // U+0691
    { 10, 28, 171, -1, 21, 70, 11458 }, // U+0692
    { 11, 17, 171, -1, 10, 47, 11528 }, // U+0693
    { 10, 22, 171, -1, 10, 55, 11575 }, // U+0694
    { 10, 23, 171, -1, 10, 58, 11630 }, // U+0695
    { 10, 22, 171, -1, 10, 55, 11688 }, // U+0696
    { 10, 24, 171, -1, 17, 60, 11743 }, // U+0697
    { 10, 27, 171, -1, 20, 68, 11803 }, // U+0698
    { 10, 28, 171, -1, 21, 70, 11871 }, // U+0699
    { 34, 23, 564, 0, 16, 196, 11941 }, // U+069A
    { 34, 21, 564, 0, 12, 179, 12137 }, // U+069B
    { 34, 28, 564, 0, 19, 238, 12316 }, // U+069C
    { 37, 18, 610, 0, 11, 167, 12554 }, // U+069D
    { 37, 27, 610, 0, 20, 250, 12721 }, // U+069E
    { 22, 22, 368, 0, 21, 121, 12971 }, // U+069F
    { 17, 36, 237, 0, 24, 153, 13092 }, // U+06A0
    { 28, 16, 459, 0, 15, 112, 13245 }, // U+06A1
    { 28, 22, 459, 0, 15, 154, 13357 }, // U+06A2
    { 28, 28, 459, 0, 21, 196, 13511 }, // U+06A3
    { 28, 25, 459, 0, 24, 175, 13707 }, // U+06A4
    { 28, 25, 459, 0, 15, 175, 13882 }, // U+06A5
    { 28, 26, 459, 0, 25, 182, 14057 }, // U+06A6
    { 22, 25, 361, 0, 19, 138, 14239 }, // U+06A7
    { 22, 28, 361, 0, 22, 154, 14377 }, // U+06A8
    { 26, 22, 409, 0, 21, 143, 14531 }, // U+06A9
    { 28, 18, 475, 1, 17, 126, 14674 }, // U+06AA
    { 26, 22, 409, 0, 21, 143, 14800 }, // U+06AB
    { 25, 23, 412, 0, 22, 144, 14943 }, // U+06AC
    { 25, 26, 412, 0, 25, 163, 15087 }, // U+06AD
    { 25, 31, 412, 0, 21, 194, 15250 }, // U+06AE
    { 26, 25, 409, 0, 24, 163, 15444 }, // U+06AF
    { 26, 25, 409, 0, 24, 163, 15607 }, // U+06B0
    { 26, 29, 409, 0, 28, 189, 15770 }, // U+06B1
    { 26, 31, 409, 0, 24, 202, 15959 }, // U+06B2
    { 26, 35, 409, 0, 24, 228, 16161 }, // U+06B3
    { 26, 29, 409, 0, 28, 189, 16389 }, // U+06B4
    { 20, 38, 324, 0, 31, 190, 16578 }, // U+06B5
    { 19, 34, 324, 0, 27, 162, 16768 }, // U+06B6
    { 20, 37, 324, 0, 30, 185, 16930 }, // U+06B7
    { 19, 37, 324, 0, 21, 176, 17115 }, // U+06B8
    { 19, 28, 320, 0, 15, 133, 17291 }, // U+06B9
    { 19, 17, 320, 0, 10, 81, 17424 }, // U+06BA
    { 19, 27, 320, 0, 20, 129, 17505 }, // U+06BB
    { 19, 26, 320, 0, 15, 124, 17634 }, // U+06BC
    { 19, 25, 320, 0, 18, 119, 17758 }, // U+06BD
    { 19, 16, 314, 0, 15, 76, 17877 }, // U+06BE
    { 19, 31, 308, 0, 19, 148, 17953 }, // U+06BF
    { 11, 22, 189, 0, 22, 61, 18101 }, // U+06C0
    { 11, 14, 189, 0, 14, 39, 18162 }, // U+06C1
    { 11, 22, 189, 0, 22, 61, 18201 }, // U+06C2
    { 11, 20, 189, 0, 20, 55, 18262 }, // U+06C3
    { 11, 17, 209, 1, 10, 47, 18317 }, // U+06C4
    { 11, 17, 209, 1, 10, 47, 18364 }, // U+06C5
    { 11, 27, 209, 1, 20, 75, 18411 }, // U+06C6
    { 11, 26, 209, 1, 19, 72, 18486 }, // U+06C7
    { 11, 26, 209, 1, 19, 72, 18558 }, // U+06C8
    { 11, 27, 209, 1, 20, 75, 18630 }, // U+06C9
    { 11, 23, 209, 1, 16, 64, 18705 }, // U+06CA
    { 11, 26, 209, 1, 19, 72, 18769 }, // U+06CB
    { 22, 20, 355, 0, 13, 110, 18841 }, // U+06CC
    { 26, 20, 355, -4, 13, 130, 18951 }, // U+06CD
    { 22, 22, 355, 0, 15, 121, 19081 }, // U+06CE
    { 11, 23, 209, 1, 16, 64, 19202 }, // U+06CF
    { 22, 30, 355, 0, 13, 165, 19266 }, // U+06D0
    { 22, 29, 355, 0, 13, 160, 19431 }, // U+06D1
    { 27, 15, 440, 0, 14, 102, 19591 }, // U+06D2
    { 27, 22, 440, 0, 21, 149, 19693 }, // U+06D3
    { 8, 3, 140, 1, 3, 6, 19842 }, // U+06D4
    { 11, 14, 189, 0, 14, 39, 19848 }, // U+06D5
    { 13, 9, 0, 0, 40, 30, 19887 }, // U+06D6
    { 10, 10, 0, 0, 41, 25, 19917 }, // U+06D7
    { 9, 6, 0, 1, 37, 14, 19942 }, // U+06D8
    { 6, 7, 0, 0, 38, 11, 19956 }, // U+06D9
    { 8, 9, 0, 0, 40, 18, 19967 }, // U+06DA
    { 7, 6, 0, 0, 37, 11, 19985 }, // U+06DB
    { 12, 8, 0, 0, 39, 24, 19996 }, // U+06DC
    { 36, 35, 639, 2, 25, 315, 20020 }, // U+06DD
    { 28, 28, 466, 1, 22, 196, 20335 }, // U+06DE
    { 7, 7, 0, 0, 24, 13, 20531 }, // U+06DF
    { 7, 8, 0, 0, 25, 14, 20544 }, // U+06E0
    { 7, 6, 0, 1, 24, 11, 20558 }, // U+06E1
    { 5, 8, 0, 1, 22, 10, 20569 }, // U+06E2
    { 12, 8, 0, 0, 0, 24, 20579 }, // U+06E3
    { 10, 4, 0, 0, 21, 10, 20603 }, // U+06E4
    { 6, 8, 84, 0, 7, 12, 20613 }, // U+06E5
    { 10, 7, 164, 0, 6, 18, 20625 }, // U+06E6
    { 10, 7, 0, 0, 24, 18, 20643 }, // U+06E7
    { 8, 9, 0, 0, 40, 18, 20661 }, // U+06E8
    { 16, 21, 284, 1, 21, 84, 20679 }, // U+06E9
    { 7, 7, 0, 1, -2, 13, 20763 }, // U+06EA
    { 8, 7, 0, 0, 24, 14, 20776 }, // U+06EB
    { 5, 4, 0, 0, 22, 5, 20790 }, // U+06EC
    { 5, 8, 0, 1, -3, 10, 20795 }, // U+06ED
    { 12, 25, 223, 1, 24, 75, 20805 }, // U+06EE
    { 10, 28, 171, -1, 21, 70, 20880 }, // U+06EF
    { 6, 5, 267, 5, 11, 8, 20950 }, // U+06F0
    { 6, 21, 267, 5, 20, 32, 20958 }, // U+06F1
    { 13, 21, 267, 2, 20, 69, 20990 }, // U+06F2
    { 15, 21, 267, 1, 20, 79, 21059 }, // U+06F3
    { 13, 20, 267, 2, 20, 65, 21138 }, // U+06F4
    { 13, 20, 267, 2, 20, 65, 21203 }, // U+06F5
    { 12, 21, 267, 2, 20, 63, 21268 }, // U+06F6
    { 17, 22, 267, 0, 21, 94, 21331 }, // U+06F7
    { 17, 21, 267, 0, 20, 90, 21425 }, // U+06F8
    { 13, 21, 267, 2, 20, 69, 21515 }, // U+06F9
    { 34, 26, 564, 0, 19, 221, 21584 }, // U+06FA
    { 37, 24, 610, 0, 17, 222, 21805 }, // U+06FB
    { 17, 33, 237, 0, 21, 141, 22027 }, // U+06FC
    { 11, 19, 192, 0, 11, 53, 22168 }, // U+06FD
    { 13, 24, 226, 0, 12, 78, 22221 }, // U+06FE
    { 19, 25, 314, 0, 24, 119, 22299 }, // U+06FF
    { 28, 19, 463, 0, 12, 133, 22418 }, // U+0750
    { 28, 25, 463, 0, 18, 175, 22551 }, // U+0751
    { 28, 22, 463, 0, 12, 154, 22726 }, // U+0752
    { 28, 25, 463, 0, 15, 175, 22880 }, // U+0753
    { 28, 22, 463, 0, 15, 154, 23055 }, // U+0754
    { 28, 21, 463, 0, 12, 147, 23209 }, // U+0755
    { 28, 20, 463, 0, 19, 140, 23356 }, // U+0756
    { 18, 31, 298, 0, 19, 140, 23496 }, // U+0757
    { 19, 25, 308, 0, 13, 119, 23636 }, // U+0758
    { 12, 35, 223, 1, 25, 105, 23755 }, // U+0759
    { 12, 22, 223, 1, 14, 66, 23860 }, // U+075A
    { 12, 17, 171, -1, 10, 51, 23926 }, // U+075B
    { 34, 27, 564, 0, 20, 230, 23977 }, // U+075C
    { 17, 33, 237, 0, 21, 141, 24207 }, // U+075D
    { 17, 36, 237, 0, 24, 153, 24348 }, // U+075E
    { 17, 37, 237, 0, 25, 158, 24501 }, // U+075F
    { 28, 22, 459, 0, 15, 154, 24659 }, // U+0760
    { 28, 25, 459, 0, 15, 175, 24813 }, // U+0761
    { 26, 26, 409, 0, 25, 169, 24988 }, // U+0762
    { 26, 26, 409, 0, 25, 169, 25157 }, // U+0763
    { 26, 31, 409, 0, 21, 202, 25326 }, // U+0764
    { 13, 30, 226, 0, 18, 98, 25528 }, // U+0765
    { 13, 24, 226, 0, 12, 78, 25626 }, // U+0766
    { 19, 28, 320, 0, 15, 133, 25704 }, // U+0767
    { 19, 30, 320, 0, 23, 143, 25837 }, // U+0768
    { 19, 29, 320, 0, 22, 138, 25980 }, // U+0769
    { 21, 28, 324, 0, 21, 147, 26118 }, // U+076A
    { 10, 28, 171, -1, 21, 70, 26265 }, // U+076B
    { 10, 26, 171, -1, 19, 65, 26335 }, // U+076C
    { 34, 27, 564, 0, 20, 230, 26400 }, // U+076D
    { 19, 25, 308, 0, 13, 119, 26630 }, // U+076E
    { 19, 25, 308, 0, 13, 119, 26749 }, // U+076F
    { 34, 27, 564, 0, 20, 230, 26868 }, // U+0770
    { 10, 27, 171, -1, 20, 68, 27098 }, // U+0771
    { 18, 36, 298, 0, 24, 162, 27166 }, // U+0772
    { 8, 27, 147, 0, 27, 54, 27328 }, // U+0773
    { 8, 27, 147, 0, 27, 54, 27382 }, // U+0774
    { 22, 21, 355, 0, 14, 116, 27436 }, // U+0775
    { 22, 21, 355, 0, 14, 116, 27552 }, // U+0776
    { 22, 29, 355, 0, 13, 160, 27668 }, // U+0777
    { 11, 25, 209, 1, 18, 69, 27828 }, // U+0778
    { 11, 25, 209, 1, 18, 69, 27897 }, // U+0779
    { 27, 21, 440, 0, 20, 142, 27966 }, // U+077A
    { 27, 21, 440, 0, 20, 142, 28108 }, // U+077B
    { 19, 25, 308, 0, 13, 119, 28250 }, // U+077C
    { 34, 26, 564, 0, 19, 221, 28369 }, // U+077D
    { 34, 27, 564, 0, 20, 230, 28590 }, // U+077E
    { 25, 23, 412, 0, 22, 144, 28820 }, // U+077F
    { 8, 3, 150, 1, 9, 6, 0 }, // U+2010
    { 8, 3, 150, 1, 9, 6, 6 }, // U+2011
    { 13, 3, 233, 1, 9, 10, 12 }, // U+2013
    { 27, 3, 467, 1, 9, 21, 22 }, // U+2014
    { 5, 8, 82, 0, 21, 10, 43 }, // U+2018
    { 5, 8, 82, 0, 21, 10, 53 }, // U+2019
    { 6, 8, 117, 0, 4, 12, 63 }, // U+201A
    { 11, 8, 168, 0, 21, 22, 75 }, // U+201C
    { 11, 8, 168, 0, 21, 22, 97 }, // U+201D
    { 11, 8, 194, 0, 4, 22, 119 }, // U+201E
    { 7, 8, 175, 2, 15, 14, 141 }, // U+2022
    { 19, 5, 369, 2, 4, 24, 155 }, // U+2026
    { 7, 8, 142, 1, 25, 14, 0 }, // U+FE70
    { 10, 20, 126, 0, 19, 50, 14 }, // U+FE71
    { 10, 8, 174, 0, 25, 20, 64 }, // U+FE72
    { 10, 13, 124, 0, 6, 33, 84 }, // U+FE73
    { 7, 8, 142, 1, -1, 14, 117 }, // U+FE74
    { 7, 5, 142, 1, 22, 9, 131 }, // U+FE76
    { 10, 17, 126, 0, 16, 43, 140 }, // U+FE77
    { 8, 9, 149, 0, 25, 18, 183 }, // U+FE78
    { 11, 20, 126, -1, 19, 55, 201 }, // U+FE79
    { 7, 5, 142, 1, -1, 9, 256 }, // U+FE7A
    { 10, 9, 126, 0, 3, 23, 265 }, // U+FE7B
    { 9, 7, 151, 0, 24, 16, 288 }, // U+FE7C
    { 11, 19, 126, -1, 18, 53, 304 }, // U+FE7D
    { 7, 6, 110, 0, 24, 11, 357 }, // U+FE7E
    { 10, 19, 126, 0, 18, 48, 368 }, // U+FE7F
    { 11, 13, 192, 0, 11, 36, 416 }, // U+FE80
    { 10, 25, 110, -2, 25, 63, 452 }, // U+FE81
    { 12, 28, 136, -2, 27, 84, 515 }, // U+FE82
    { 6, 28, 110, 0, 28, 42, 599 }, // U+FE83
    { 10, 31, 136, 0, 30, 78, 641 }, // U+FE84
    { 11, 26, 209, 1, 19, 72, 719 }, // U+FE85
    { 15, 26, 220, 1, 19, 98, 791 }, // U+FE86
    { 7, 31, 111, 1, 21, 55, 889 }, // U+FE87
    { 9, 31, 136, 1, 21, 70, 944 }, // U+FE88
    { 22, 20, 355, 0, 13, 110, 1014 }, // U+FE89
    { 23, 20, 344, 0, 13, 115, 1124 }, // U+FE8A
    { 7, 22, 126, 0, 21, 39, 1239 }, // U+FE8B
    { 12, 18, 160, 0, 17, 54, 1278 }, // U+FE8C
    { 4, 21, 111, 2, 21, 21, 1332 }, // U+FE8D
    { 8, 22, 136, 2, 21, 44, 1353 }, // U+FE8E
    { 28, 19, 463, 0, 12, 133, 1397 }, // U+FE8F
    { 34, 17, 510, 0, 10, 145, 1530 }, // U+FE90
    { 7, 18, 126, 0, 12, 32, 1675 }, // U+FE91
    { 12, 15, 160, 0, 9, 45, 1707 }, // U+FE92
    { 11, 20, 189, 0, 20, 55, 1752 }, // U+FE93
    { 16, 23, 227, 0, 22, 92, 1807 }, // U+FE94
    { 28, 16, 463, 0, 15, 112, 1899 }, // U+FE95
    { 34, 16, 510, 0, 15, 136, 2011 }, // U+FE96
    { 8, 19, 126, 0, 18, 38, 2147 }, // U+FE97
    { 13, 16, 174, 0, 15, 52, 2185 }, // U+FE98
    { 28, 19, 463, 0, 18, 133, 2237 }, // U+FE99
    { 34, 19, 510, 0, 18, 162, 2370 }, // U+FE9A
    { 8, 22, 126, 0, 21, 44, 2532 }, // U+FE9B
    { 13, 19, 174, 0, 18, 62, 2576 }, // U+FE9C
    { 18, 25, 298, 0, 13, 113, 2638 }, // U+FE9D
    { 21, 25, 303, 0, 13, 132, 2751 }, // U+FE9E
    { 17, 17, 275, 0, 11, 73, 2883 }, // U+FE9F
    { 21, 17, 297, 0, 11, 90, 2956 }, // U+FEA0
    { 18, 25, 298, 0, 13, 113, 3046 }, // U+FEA1
    { 21, 25, 303, 0, 13, 132, 3159 }, // U+FEA2
    { 17, 12, 275, 0, 11, 51, 3291 }, // U+FEA3
    { 21, 12, 297, 0, 11, 63, 3342 }, // U+FEA4
    { 18, 31, 298, 0, 19, 140, 3405 }, // U+FEA5
    { 21, 31, 303, 0, 19, 163, 3545 }, // U+FEA6
    { 17, 18, 275, 0, 17, 77, 3708 }, // U+FEA7
    { 21, 18, 297, 0, 17, 95, 3785 }, // U+FEA8
    { 12, 15, 223, 1, 14, 45, 3880 }, // U+FEA9
    { 16, 15, 248, 1, 14, 60, 3925 }, // U+FEAA
    { 12, 21, 223, 1, 20, 63, 3985 }, // U+FEAB
    { 16, 21, 248, 1, 20, 84, 4048 }, // U+FEAC
    { 10, 17, 171, -1, 10, 43, 4132 }, // U+FEAD
    { 15, 17, 185, -1, 10, 64, 4175 }, // U+FEAE
    { 10, 24, 171, -1, 17, 60, 4239 }, // U+FEAF
    { 15, 24, 185, -1, 17, 90, 4299 }, // U+FEB0
    { 34, 19, 564, 0, 12, 162, 4389 }, // U+FEB1
    { 39, 18, 592, 0, 11, 176, 4551 }, // U+FEB2
    { 22, 13, 366, 0, 12, 72, 4727 }, // U+FEB3
    { 27, 12, 397, 0, 11, 81, 4799 }, // U+FEB4
    { 34, 26, 564, 0, 19, 221, 4880 }, // U+FEB5
    { 39, 26, 592, 0, 19, 254, 5101 }, // U+FEB6
    { 22, 20, 366, 0, 19, 110, 5355 }, // U+FEB7
    { 27, 20, 397, 0, 19, 135, 5465 }, // U+FEB8
    { 37, 18, 610, 0, 11, 167, 5600 }, // U+FEB9
    { 41, 18, 631, 0, 11, 185, 5767 }, // U+FEBA
    { 26, 12, 421, 0, 11, 78, 5952 }, // U+FEBB
    { 30, 12, 443, 0, 11, 90, 6030 }, // U+FEBC
    { 37, 24, 610, 0, 17, 222, 6120 }, // U+FEBD
    { 41, 24, 631, 0, 17, 246, 6342 }, // U+FEBE
    { 26, 18, 421, 0, 17, 117, 6588 }, // U+FEBF
    { 30, 18, 443, 0, 17, 135, 6705 }, // U+FEC0
    { 22, 22, 368, 0, 21, 121, 6840 }, // U+FEC1
    { 26, 22, 388, 0, 21, 143, 6961 }, // U+FEC2
    { 19, 22, 316, 0, 21, 105, 7104 }, // U+FEC3
    { 23, 22, 331, 0, 21, 127, 7209 }, // U+FEC4
    { 22, 22, 368, 0, 21, 121, 7336 }, // U+FEC5
    { 26, 22, 388, 0, 21, 143, 7457 }, // U+FEC6
    { 19, 22, 316, 0, 21, 105, 7600 }, // U+FEC7
    { 23, 22, 331, 0, 21, 127, 7705 }, // U+FEC8
    { 17, 27, 237, 0, 15, 115, 7832 }, // U+FEC9
    { 17, 24, 248, 0, 12, 102, 7947 }, // U+FECA
    { 14, 14, 235, 0, 13, 49, 8049 }, // U+FECB
    { 17, 13, 243, 0, 12, 56, 8098 }, // U+FECC
    { 17, 33, 237, 0, 21, 141, 8154 }, // U+FECD
    { 17, 30, 248, 0, 18, 128, 8295 }, // U+FECE
    { 14, 20, 235, 0, 19, 70, 8423 }, // U+FECF
    { 17, 19, 243, 0, 18, 81, 8493 }, // U+FED0
    { 28, 22, 459, 0, 21, 154, 8574 }, // U+FED1
    { 34, 20, 512, 0, 19, 170, 8728 }, // U+FED2
    { 12, 22, 209, 0, 21, 66, 8898 }, // U+FED3
    { 16, 20, 231, 0, 19, 80, 8964 }, // U+FED4
    { 22, 25, 361, 0, 19, 138, 9044 }, // U+FED5
    { 26, 24, 377, 0, 16, 156, 9182 }, // U+FED6
    { 12, 22, 209, 0, 21, 66, 9338 }, // U+FED7
    { 16, 20, 231, 0, 19, 80, 9404 }, // U+FED8
    { 25, 22, 412, 0, 21, 138, 9484 }, // U+FED9
    { 29, 22, 430, 0, 21, 160, 9622 }, // U+FEDA
    { 13, 22, 192, 0, 21, 72, 9782 }, // U+FEDB
    { 17, 22, 237, 0, 21, 94, 9854 }, // U+FEDC
    { 19, 28, 324, 0, 21, 133, 9948 }, // U+FEDD
    { 23, 28, 341, 0, 21, 161, 10081 }, // U+FEDE
    { 6, 22, 121, 0, 21, 33, 10242 }, // U+FEDF
    { 11, 22, 140, 0, 21, 61, 10275 }, // U+FEE0
    { 13, 24, 226, 0, 12, 78, 10336 }, // U+FEE1
    { 18, 23, 262, 0, 11, 104, 10414 }, // U+FEE2
    { 14, 12, 245, 0, 11, 42, 10518 }, // U+FEE3
    { 19, 12, 270, 0, 11, 57, 10560 }, // U+FEE4
    { 19, 22, 320, 0, 15, 105, 10617 }, // U+FEE5
    { 23, 22, 341, 0, 15, 127, 10722 }, // U+FEE6
    { 7, 19, 126, 0, 18, 34, 10849 }, // U+FEE7
    { 12, 16, 160, 0, 15, 48, 10883 }, // U+FEE8
    { 11, 14, 189, 0, 14, 39, 10931 }, // U+FEE9
    { 16, 17, 227, 0, 16, 68, 10970 }, // U+FEEA
    { 16, 16, 268, 0, 15, 64, 11038 }, // U+FEEB
    { 17, 20, 237, 0, 13, 85, 11102 }, // U+FEEC
    { 11, 17, 209, 1, 10, 47, 11187 }, // U+FEED
    { 15, 17, 220, 1, 10, 64, 11234 }, // U+FEEE
    { 22, 20, 355, 0, 13, 110, 11298 }, // U+FEEF
    { 23, 13, 344, 0, 6, 75, 11408 }, // U+FEF0
    { 22, 26, 355, 0, 13, 143, 11483 }, // U+FEF1
    { 23, 19, 344, 0, 6, 110, 11626 }, // U+FEF2
    { 8, 18, 140, -1, 12, 36, 11736 }, // U+FEF3
    { 13, 15, 174, 0, 9, 49, 11772 }, // U+FEF4
    { 19, 22, 272, -3, 22, 105, 11821 }, // U+FEF5
    { 21, 23, 280, -2, 22, 121, 11926 }, // U+FEF6
    { 17, 25, 272, -1, 25, 107, 12047 }, // U+FEF7
    { 19, 26, 280, 0, 25, 124, 12154 }, // U+FEF8
    { 15, 31, 272, 1, 21, 117, 12278 }, // U+FEF9
    { 18, 31, 280, 1, 21, 140, 12395 }, // U+FEFA
    { 15, 21, 272, 1, 21, 79, 12535 }, // U+FEFB
    { 18, 22, 280, 1, 21, 99, 12614 }, // U+FEFC
    { 0, 0, 0, 0, 0, 0, 12713 }, // U+FEFF
};

static const EpdUnicodeInterval notosansarabic_14_regularIntervals[] = {
    { 0x20, 0x7E, 0x0 },
    { 0x600, 0x6FF, 0x5F },
    { 0x750, 0x77F, 0x15F },
    { 0x2010, 0x2011, 0x18F },
    { 0x2013, 0x2014, 0x191 },
    { 0x2018, 0x201A, 0x193 },
    { 0x201C, 0x201E, 0x196 },
    { 0x2022, 0x2022, 0x199 },
    { 0x2026, 0x2026, 0x19A },
    { 0xFE70, 0xFE74, 0x19B },
    { 0xFE76, 0xFEFC, 0x1A0 },
    { 0xFEFF, 0xFEFF, 0x227 },
};

static const EpdFontGroup notosansarabic_14_regularGroups[] = {
    { 0, 3078, 7056, 95, 0 },
    { 3078, 6430, 31086, 304, 95 },
    { 9508, 164, 206, 12, 399 },
    { 9672, 4015, 13804, 141, 411 },
};

static const EpdKernClassEntry notosansarabic_14_regularKernLeftClasses[] = {
    { 0x0022, 1 }, // "
    { 0x0026, 2 }, // &
    { 0x0027, 1 }, // '
    { 0x0028, 3 }, // (
    { 0x002C, 4 }, // ,
    { 0x002D, 5 }, // -
    { 0x002E, 4 }, // .
    { 0x0041, 6 }, // A
    { 0x0042, 7 }, // B
    { 0x0043, 8 }, // C
    { 0x0044, 9 }, // D
    { 0x0045, 10 }, // E
    { 0x0046, 11 }, // F
    { 0x004B, 8 }, // K
    { 0x004C, 12 }, // L
    { 0x004F, 9 }, // O
    { 0x0050, 13 }, // P
    { 0x0051, 9 }, // Q
    { 0x0054, 14 }, // T
    { 0x0055, 15 }, // U
    { 0x0056, 16 }, // V
    { 0x0057, 16 }, // W
    { 0x0058, 8 }, // X
    { 0x0059, 17 }, // Y
    { 0x005A, 18 }, // Z
    { 0x005B, 3 }, // [
    { 0x005F, 19 }, // _
    { 0x0061, 20 }, // a
    { 0x0062, 21 }, // b
    { 0x0063, 22 }, // c
    { 0x0065, 21 }, // e
    { 0x0066, 23 }, // f
    { 0x0068, 20 }, // h
    { 0x006D, 20 }, // m
    { 0x006E, 20 }, // n
    { 0x006F, 21 }, // o
    { 0x0070, 21 }, // p
    { 0x0072, 24 }, // r
    { 0x0074, 22 }, // t
    { 0x0076, 25 }, // v
    { 0x0077, 25 }, // w
    { 0x0078, 26 }, // x
    { 0x0079, 25 }, // y
    { 0x007B, 3 }, // {
    { 0x0691, 27 }, // U+0691
    { 0x0692, 27 }, // U+0692
    { 0x0693, 27 }, // U+0693
    { 0x0695, 27 }, // U+0695
    { 0x06EF, 27 }, // U+06EF
    { 0x075B, 27 }, // U+075B
    { 0x2013, 5 }, // U+2013
    { 0x2014, 5 }, // U+2014
    { 0x2018, 1 }, // U+2018
    { 0x2019, 1 }, // U+2019
    { 0x201A, 4 }, // U+201A
    { 0x201C, 1 }, // U+201C
    { 0x201D, 1 }, // U+201D
    { 0x201E, 4 }, // U+201E
    { 0xFEAD, 27 }, // U+FEAD
    { 0xFEAE, 27 }, // U+FEAE
    { 0xFEAF, 27 }, // U+FEAF
};

static const EpdKernClassEntry notosansarabic_14_regularKernRightClasses[] = {
    { 0x0022, 1 }, // "
    { 0x0026, 2 }, // &
    { 0x0027, 1 }, // '
    { 0x0029, 3 }, // )
    { 0x002C, 4 }, // ,
    { 0x002D, 5 }, // -
    { 0x002E, 4 }, // .
    { 0x003F, 6 }, // ?
    { 0x0041, 7 }, // A
    { 0x0043, 8 }, // C
    { 0x0047, 8 }, // G
    { 0x004A, 9 }, // J
    { 0x004F, 8 }, // O
    { 0x0051, 8 }, // Q
    { 0x0054, 10 }, // T
    { 0x0055, 11 }, // U
    { 0x0056, 12 }, // V
    { 0x0057, 12 }, // W
    { 0x0058, 13 }, // X
    { 0x0059, 14 }, // Y
    { 0x005A, 15 }, // Z
    { 0x005D, 3 }, // ]
    { 0x0061, 16 }, // a
    { 0x0063, 17 }, // c
    { 0x0064, 17 }, // d
    { 0x0065, 17 }, // e
    { 0x0067, 18 }, // g
    { 0x006A, 19 }, // j
    { 0x006D, 20 }, // m
    { 0x006E, 20 }, // n
    { 0x006F, 17 }, // o
    { 0x0070, 20 }, // p
    { 0x0071, 17 }, // q
    { 0x0072, 20 }, // r
    { 0x0073, 21 }, // s
    { 0x0075, 20 }, // u
    { 0x0076, 22 }, // v
    { 0x0077, 22 }, // w
    { 0x0078, 22 }, // x
    { 0x0079, 22 }, // y
    { 0x007A, 23 }, // z
    { 0x007D, 3 }, // }
    { 0x0647, 24 }, // U+0647
    { 0x066F, 25 }, // U+066F
    { 0x06A1, 25 }, // U+06A1
    { 0x06A9, 24 }, // U+06A9
    { 0x06AA, 24 }, // U+06AA
    { 0x06BE, 24 }, // U+06BE
    { 0x06C1, 24 }, // U+06C1
    { 0x2013, 5 }, // U+2013
    { 0x2014, 5 }, // U+2014
    { 0x2019, 1 }, // U+2019
    { 0x201A, 4 }, // U+201A
    { 0x201D, 1 }, // U+201D
    { 0x201E, 4 }, // U+201E
    { 0x2026, 4 }, // U+2026
    { 0xFE8D, 26 }, // U+FE8D
    { 0xFEA3, 24 }, // U+FEA3
    { 0xFEA9, 25 }, // U+FEA9
    { 0xFEB1, 25 }, // U+FEB1
    { 0xFEB3, 25 }, // U+FEB3
    { 0xFEB9, 25 }, // U+FEB9
    { 0xFEBB, 25 }, // U+FEBB
    { 0xFEC1, 25 }, // U+FEC1
    { 0xFEC3, 25 }, // U+FEC3
    { 0xFECB, 26 }, // U+FECB
    { 0xFEDB, 24 }, // U+FEDB
    { 0xFEDF, 26 }, // U+FEDF
    { 0xFEE1, 24 }, // U+FEE1
    { 0xFEE3, 24 }, // U+FEE3
    { 0xFEE9, 24 }, // U+FEE9
    { 0xFEEB, 24 }, // U+FEEB
};

static const int8_t notosansarabic_14_regularKernMatrix[] = {
       0,    0,    0,    0,    0,    0,  -33,    0,    0,    9,    0,    9,    0,    5,    0,  -19,  -28,  -14,    0,  -14,  -14,    0,    0,    0,    0,    0,
       0,    0,    0,    0,    0,    0,    0,    0,    0,  -28,    0,   -9,    0,  -14,    0,    0,    0,    0,    0,    0,    0,    0,    0,    0,    0,    0,
       0,    0,    0,    0,    0,    0,    0,    0,   42,    0,    0,    0,    0,    0,    0,    0,    0,    0,   19,    0,    0,    0,    0,    0,    0,    0,
       0,    0,    0,    0,    0,    0,    0,  -23,    0,  -33,   -9,  -28,    0,  -28,    0,    0,    0,    0,    0,    0,    0,    0,    0,    0,    0,    0,
       0,    0,    0,    0,    0,    0,    0,    0,    0,  -19,    0,    0,    0,    0,    0,    0,    0,    0,    0,    0,    0,    0,    0,    0,    0,    0,
     -33,    0,    0,    0,    0,    0,    0,   -9,   23,  -33,    0,  -19,    0,  -28,    0,    0,    0,    0,    0,    0,    0,    0,    0,    0,    0,    0,
       0,    0,    0,   -5,    0,    0,    0,    0,    0,    0,    0,    0,    0,    0,    0,    0,    0,    0,    0,    0,    0,    0,    0,    0,    0,    0,
       0,    0,    0,    0,    0,    0,    0,   -9,    0,    0,    0,    0,    0,    0,    0,    0,    0,    0,    0,    0,    0,    0,    0,    0,    0,    0,
       0,    0,    0,  -19,    0,    0,   -9,    0,    0,  -14,    0,   -5,   -9,   -5,   -5,    0,    0,    0,    0,    0,    0,    0,    0,    0,    0,    0,
       0,    0,    0,    0,    0,    0,    0,    0,   28,    0,    0,    0,    0,    0,    0,    0,    0,    0,    0,    0,    0,    0,    0,    0,    0,    0,
       0,    0,    9,  -28,    0,    9,   -9,    0,    0,    0,    0,    0,    0,    0,    0,    0,    0,    0,    0,    0,    0,    0,    0,    0,    0,    0,
     -37,    0,    0,    0,    0,    0,    0,   -9,    0,   -9,   -5,   -9,    0,  -14,    0,    0,    0,    0,    0,    0,    0,    0,    0,    0,    0,    0,
       0,   -5,    0,  -61,    0,    0,  -23,    0,    0,    0,    0,    0,   -9,    0,   -5,    0,    0,    0,    0,    0,    0,    0,    0,    0,    0,    0,
       0,   -9,    0,  -28,  -19,    9,  -33,   -9,    0,    9,    0,    0,    0,    0,    0,  -37,  -33,  -33,    0,  -23,  -28,   -9,  -19,    0,    0,    0,
       0,    0,    0,   -9,    0,    0,   -5,    0,    0,    0,    0,    0,    0,    0,    0,    0,    0,    0,    0,    0,    0,    0,    0,    0,    0,    0,
       0,    0,    0,  -23,    0,    9,  -19,   -5,    0,    0,    0,    0,    0,    0,    0,   -9,   -9,   -5,    0,   -5,   -5,    0,    0,    0,    0,    0,
       0,  -14,    0,  -28,    0,    9,  -28,   -9,    0,    0,    0,    0,    0,    0,    0,  -23,  -23,  -23,    0,  -14,  -19,    0,   -9,    0,    0,    0,
       0,    0,    0,    0,    0,    0,    0,   -5,    0,    0,    0,    0,    0,    0,    0,    0,    0,    0,    0,    0,    0,    0,    0,    0,    0,    0,
       0,    0,    0,    0,    0,    0,    0,    0,   44,    0,    0,    0,    0,    0,    0,    0,    0,    0,    0,    0,    0,    0,    0,    0,    0,    0,
      -5,    0,    0,    0,    0,    0,    0,    0,    0,    0,    0,    0,    0,    0,    0,    0,    0,    0,    0,    0,    0,    0,    0,    0,    0,    0,
      -5,    0,    0,    0,    0,    0,    0,    0,    0,    0,    0,    0,    0,    0,    0,    0,    0,    0,    0,    0,    0,   -9,   -5,    0,    0,    0,
       9,    0,    0,    0,    0,    0,    0,    0,    0,    0,    0,    0,    0,    0,    0,    0,    0,    0,    0,    0,    0,    0,    0,    0,    0,    0,
      28,    0,   19,   -9,    0,    0,    0,    0,    0,    0,    0,    0,    0,    0,    0,    0,    0,    0,    0,    0,    0,    0,    0,    0,    0,    0,
      19,    0,    0,  -75,    0,    0,    0,    0,    0,    0,    0,    0,    0,    0,    0,   -9,   -9,   -5,    0,    0,    0,    0,    0,    0,    0,    0,
      19,    0,    0,  -19,    0,    9,    0,    0,    0,    0,    0,    0,    0,    0,    0,    0,    0,    0,    0,    0,    0,    0,    0,    0,    0,    0,
       0,    0,    0,    0,    0,    0,    0,    0,    0,    0,    0,    0,    0,    0,    0,    0,   -9,    0,    0,    0,    0,    0,    0,    0,    0,    0,
       0,    0,    0,    0,    0,    0,    0,    0,    0,    0,    0,    0,    0,    0,    0,    0,    0,    0,    0,    0,    0,    0,    0,  -19,  -14,  -12,
};

static const EpdFontData notosansarabic_14_regular = {
    notosansarabic_14_regularBitmaps,
    notosansarabic_14_regularGlyphs,
    notosansarabic_14_regularIntervals,
    12,
    62,
    41,
    -22,
    true,
    notosansarabic_14_regularGroups,
    4,
    nullptr,
    notosansarabic_14_regularKernLeftClasses,
    notosansarabic_14_regularKernRightClasses,
    notosansarabic_14_regularKernMatrix,
    61,
    72,
    27,
    26,
    nullptr,
    0,
};
