/**
 * generated by fontconvert.py
 * name: notosansarabic_18_regular
 * size: 18
 * mode: 2-bit  compressed: true
 * Command used: fontconvert.py notosansarabic_18_regular 18 ../builtinFonts/source/NotoSansArabic/NotoSansArabic-Regular.ttf --2bit --compress --script arabic
 */
#pragma once
#include "EpdFontData.h"

static const uint8_t notosansarabic_18_regularBitmaps[18788] = {
    0xDD, 0x5A, 0x3D, 0x8C, 0x1C, 0x47, 0x76, 0xAE, 0x99, 0xF6, 0xAA, 0x21, 0x35, 0xE0, 0x56, 0xE0,
    0xB5, 0x8C, 0x23, 0xE0, 0xBE, 0xD0, 0x3E, 0x03, 0xD7, 0xE9, 0x25, 0x9C, 0x6E, 0x58, 0xB0, 0x15,
    0x5C, 0x60, 0x06, 0x1C, 0x29, 0x60, 0xC0, 0xF4, 0x20, 0x01, 0x66, 0xE2, 0xC0, 0xC1, 0x71, 0xAB,
    0xA1, 0xE4, 0x02, 0x05, 0xB7, 0x81, 0xE9, 0xE0, 0x12, 0x3B, 0xB0, 0x0D, 0x69, 0x19, 0x30, 0x71,
    0xE0, 0x9F, 0xE5, 0x76, 0x1B, 0x0A, 0x1D, 0x68, 0x7C, 0xC2, 0x59, 0xA1, 0xE6, 0x70, 0x34, 0x0C,
    0x9D, 0x02, 0xF6, 0x9D, 0xDB, 0xD6, 0x90, 0xEC, 0xEE, 0xBA, 0xEF, 0xFB, 0xAA, 0x7A, 0x76, 0x96,
    0x22, 0x97, 0x2B, 0x8A, 0x67, 0x03, 0x9E, 0x9F, 0x57, 0x33, 0xDD, 0x55, 0xAF, 0x5E, 0xBD, 0x7A,
    0xFF, 0xD5, 0x79, 0x53, 0x84, 0x77, 0xDE, 0xE4, 0x95, 0x7F, 0x67, 0x55, 0x56, 0xFA, 0x77, 0xCA,
    0xB7, 0x49, 0xCD, 0x9E, 0xE1, 0x6B, 0xCF, 0x14, 0x8D, 0x5D, 0x15, 0xAB, 0xA2, 0xD9, 0x33, 0x76,
    0xBE, 0xB1, 0xF3, 0x1E, 0xF0, 0x60, 0xB6, 0x59, 0xF0, 0xD3, 0x2D, 0x4C, 0x77, 0x99, 0x9F, 0x16,
    0x1F, 0x63, 0xBE, 0x8D, 0xB7, 0x31, 0x85, 0x59, 0x00, 0x2E, 0x04, 0x6F, 0x9A, 0xCB, 0x80, 0xC7,
    0xE6, 0xFB, 0x82, 0xC7, 0x80, 0x3D, 0xDE, 0xC6, 0x6C, 0xF0, 0x4E, 0x1C, 0x5E, 0xBD, 0xE0, 0xF0,
    0xD2, 0xED, 0x87, 0xB7, 0x1F, 0xBE, 0x6F, 0xA2, 0x36, 0x02, 0x9A, 0x68, 0x1D, 0xAD, 0x01, 0x57,
    0xD1, 0xCA, 0x98, 0xB8, 0x89, 0x01, 0x93, 0x26, 0x69, 0xCC, 0xFE, 0xF5, 0x9F, 0x5C, 0xFF, 0xC9,
    0x95, 0x82, 0xFD, 0x5B, 0x0F, 0x4D, 0x0E, 0x72, 0x8D, 0xC9, 0xF1, 0xE6, 0xB4, 0xC5, 0x76, 0xDA,
    0x85, 0xA6, 0xBD, 0x89, 0xB7, 0xC1, 0xD4, 0xC7, 0xDB, 0xC9, 0xCD, 0x15, 0x7C, 0xE7, 0xED, 0x19,
    0x50, 0x3B, 0x4F, 0x4A, 0x99, 0xBB, 0x47, 0xCE, 0x14, 0xEF, 0xB6, 0xDF, 0x30, 0x35, 0x6F, 0x9C,
    0x6C, 0x81, 0x25, 0x28, 0x7E, 0x0C, 0x90, 0x63, 0x4E, 0x74, 0x7E, 0xA0, 0x61, 0xA0, 0x31, 0x76,
    0x03, 0xB0, 0x3C, 0x72, 0x25, 0x50, 0xD9, 0x06, 0x20, 0x15, 0x58, 0x4D, 0x20, 0x6B, 0xFE, 0x7E,
    0xDE, 0xD6, 0x55, 0x0D, 0xF4, 0x18, 0x80, 0x89, 0x2E, 0x39, 0x57, 0x7D, 0x89, 0x02, 0x81, 0xDD,
    0xD7, 0x8C, 0x9D, 0x8E, 0x89, 0xBE, 0x25, 0xAB, 0x4C, 0xFA, 0xE3, 0x5E, 0x9D, 0xB2, 0xF2, 0xD8,
    0xC4, 0x6B, 0xCF, 0x61, 0xCC, 0xA4, 0x36, 0xAB, 0xB8, 0xDC, 0x69, 0xF1, 0x85, 0x96, 0xCC, 0xB6,
    0xF7, 0xED, 0xBC, 0xF3, 0x6D, 0xB4, 0xDE, 0x57, 0xFF, 0xE4, 0x5F, 0x40, 0x77, 0x6E, 0x6E, 0xA6,
    0x3F, 0x00, 0x35, 0x69, 0xD5, 0x17, 0xE9, 0x6A, 0x30, 0xC9, 0xA3, 0xCD, 0x41, 0x5A, 0x2D, 0x4C,
    0xE4, 0xD6, 0x7D, 0x56, 0x02, 0xD3, 0xDB, 0xB3, 0xCE, 0x33, 0x35, 0x6A, 0x73, 0x43, 0x16, 0x27,
    0xAB, 0x42, 0x6D, 0xDA, 0xF8, 0x96, 0x77, 0xD9, 0x2E, 0x02, 0xF3, 0x7B, 0xA3, 0x71, 0x33, 0xE2,
    0x5C, 0x70, 0x18, 0x46, 0x80, 0x35, 0xD8, 0xBB, 0xC8, 0x71, 0x01, 0x20, 0x96, 0xFC, 0xF2, 0x02,
    0xB5, 0x7D, 0xC5, 0xFE, 0x5A, 0x4E, 0x2E, 0x82, 0xA3, 0x3F, 0x77, 0x6C, 0x46, 0x53, 0x60, 0x49,
    0xB3, 0xDE, 0xE4, 0x8D, 0x10, 0x66, 0x8D, 0xFE, 0xB1, 0xC1, 0x34, 0xBC, 0x87, 0x2E, 0x35, 0x7B,
    0xDA, 0x3F, 0xD4, 0xB8, 0xFC, 0x3E, 0xD7, 0x68, 0x52, 0xB7, 0x62, 0x93, 0x08, 0x89, 0xB1, 0xD8,
    0x93, 0xFD, 0x72, 0xEE, 0xEC, 0xDA, 0x14, 0x65, 0xD2, 0xA7, 0x1B, 0x2C, 0x3E, 0x5D, 0x47, 0x1C,
    0x09, 0xBC, 0xAE, 0x1A, 0x88, 0xA9, 0xF8, 0x29, 0x10, 0x96, 0x26, 0x7D, 0xD4, 0xB1, 0x99, 0x83,
    0xDB, 0x44, 0xEF, 0x1A, 0x76, 0x99, 0x81, 0xB6, 0xAC, 0x33, 0x99, 0xA4, 0xE3, 0xC8, 0xFD, 0xD2,
    0xE1, 0x3E, 0x84, 0xA4, 0x6E, 0xCC, 0x0D, 0xD7, 0x99, 0x1C, 0xBB, 0x71, 0x55, 0xF3, 0x58, 0x7B,
    0xB0, 0x58, 0x2C, 0x2E, 0x5F, 0xBE, 0x8C, 0x95, 0x73, 0x13, 0x4E, 0x48, 0x6C, 0xB4, 0x31, 0x31,
    0x58, 0xB0, 0x36, 0x90, 0x82, 0x4C, 0xE8, 0x38, 0x5B, 0xC9, 0xFB, 0xF6, 0x29, 0x1F, 0xDE, 0x2D,
    0x4D, 0x5E, 0xB1, 0x3F, 0x46, 0xA5, 0x6B, 0x62, 0x88, 0x3A, 0x62, 0xC3, 0x7A, 0x39, 0x32, 0xAB,
    0x6E, 0xFA, 0xB6, 0x99, 0xEE, 0x6E, 0x74, 0x77, 0x50, 0x87, 0x7A, 0x07, 0x0B, 0x26, 0xCB, 0xBF,
    0xF4, 0xD9, 0xA5, 0xE0, 0x84, 0xA3, 0x3C, 0x9D, 0x91, 0xE8, 0x04, 0x4E, 0xDC, 0x3C, 0xA0, 0xEC,
    0xBD, 0x6F, 0xC4, 0xEF, 0x5D, 0x40, 0x19, 0x14, 0x58, 0x94, 0x5D, 0xBC, 0x2E, 0x86, 0x87, 0xAE,
    0xB5, 0xD4, 0xBF, 0xBD, 0x77, 0xC6, 0x5B, 0x25, 0x76, 0x91, 0xDC, 0xFF, 0x14, 0x9C, 0xCB, 0xFF,
    0x04, 0x5B, 0x60, 0x41, 0x99, 0x19, 0x23, 0x20, 0xEF, 0xE7, 0x20, 0xED, 0xCF, 0xCD, 0x56, 0xBA,
    0x7F, 0xCB, 0x48, 0x11, 0x9F, 0x01, 0xBE, 0x75, 0x34, 0x1E, 0xFD, 0x0D, 0xF5, 0x7B, 0x23, 0x70,
    0x81, 0x11, 0x02, 0xB3, 0x2B, 0x49, 0x9B, 0x42, 0xEB, 0xB2, 0x26, 0x6B, 0xF2, 0x92, 0x9A, 0xF1,
    0x7D, 0xF3, 0xF6, 0xD1, 0x21, 0xD4, 0x14, 0x9F, 0xFD, 0x65, 0xB9, 0x6B, 0xC7, 0x28, 0xCF, 0x5E,
    0x28, 0xC1, 0x17, 0x2E, 0x9C, 0x3C, 0x21, 0x53, 0xA8, 0x35, 0x5C, 0x31, 0xB5, 0x86, 0x96, 0x88,
    0x4B, 0x49, 0xCF, 0xEF, 0x1A, 0x85, 0xAE, 0x60, 0xA2, 0xBA, 0x66, 0x53, 0x57, 0xE3, 0xBB, 0xFA,
    0x57, 0xE2, 0x0E, 0x29, 0x93, 0xD8, 0x30, 0xF7, 0xF9, 0x08, 0xCE, 0x18, 0x5B, 0x26, 0x30, 0x5F,
    0x0D, 0x77, 0x1A, 0x24, 0x63, 0x34, 0xC6, 0xC4, 0x2D, 0xF0, 0x47, 0x02, 0x9D, 0x07, 0x40, 0xBD,
    0x01, 0x98, 0x9F, 0x05, 0xBA, 0x36, 0x75, 0x21, 0xC0, 0xD8, 0x08, 0xB6, 0x06, 0x08, 0x24, 0x39,
    0xC0, 0x9C, 0x35, 0xD8, 0x5A, 0x5B, 0xCD, 0xDC, 0x8F, 0x1C, 0x4D, 0x15, 0xE8, 0xCC, 0xA4, 0x6B,
    0x57, 0xBD, 0xB9, 0x49, 0x3B, 0x63, 0xBB, 0xB9, 0xEB, 0xD2, 0x2F, 0x3A, 0xFB, 0x71, 0x57, 0x44,
    0xDD, 0xEF, 0x60, 0x19, 0xCF, 0xFD, 0x31, 0x5E, 0x89, 0x0F, 0xA9, 0x21, 0x50, 0x54, 0x77, 0xC7,
    0x99, 0x7C, 0x6D, 0xEA, 0xEA, 0x15, 0x23, 0x1D, 0x16, 0x5B, 0x1E, 0x07, 0x52, 0x67, 0xF2, 0x49,
    0x8C, 0xA2, 0x00, 0x9B, 0x39, 0x45, 0x2D, 0xA1, 0xB4, 0xE4, 0xEC, 0x51, 0x83, 0xD7, 0x14, 0x20,
    0x93, 0x70, 0x86, 0x8C, 0x97, 0x2C, 0x2E, 0xCD, 0x78, 0x29, 0xDE, 0x5E, 0x3A, 0x15, 0x94, 0x20,
    0x2D, 0x7C, 0xDD, 0x80, 0x29, 0x88, 0x49, 0x4B, 0xE1, 0x6E, 0x83, 0x96, 0x43, 0x53, 0x37, 0x2F,
    0x3F, 0x85, 0x16, 0x5E, 0x2B, 0x08, 0x68, 0x51, 0xAE, 0x0D, 0x44, 0xB8, 0x22, 0xB8, 0x07, 0x41,
    0xBC, 0x23, 0x53, 0x52, 0x6B, 0x18, 0x99, 0x47, 0x69, 0xF0, 0xEB, 0x15, 0xD0, 0x5F, 0xD1, 0x9B,
    0xAE, 0xFF, 0x0C, 0xC4, 0x35, 0xF6, 0xB3, 0x6B, 0xAE, 0x84, 0x62, 0x0C, 0x34, 0xF3, 0x18, 0xB0,
    0x77, 0x45, 0xD4, 0xC8, 0x64, 0x79, 0x34, 0x33, 0x47, 0x18, 0x09, 0x26, 0x9F, 0x12, 0x66, 0x7F,
    0x25, 0x0A, 0xC4, 0x8E, 0x81, 0x70, 0xBE, 0x21, 0xD4, 0x76, 0x7A, 0xD1, 0x00, 0x97, 0x08, 0xAD,
    0x58, 0x26, 0x3B, 0x08, 0xE9, 0xE4, 0x66, 0x4B, 0x6B, 0xB1, 0x00, 0xAF, 0xBB, 0x84, 0x74, 0x8A,
    0xD5, 0x2E, 0x9C, 0x18, 0x7D, 0x1E, 0x4C, 0x49, 0xF0, 0x29, 0xD0, 0xF5, 0xAC, 0x3A, 0x03, 0xF2,
    0xF2, 0x0C, 0x28, 0xFE, 0xE8, 0x8A, 0x18, 0x7F, 0x48, 0xB0, 0x31, 0xBF, 0x79, 0xEB, 0x06, 0xB7,
    0xCF, 0xB8, 0x72, 0xE2, 0x65, 0xD6, 0x3C, 0x6D, 0xC3, 0x1B, 0xED, 0xE2, 0x5F, 0x83, 0x11, 0xA6,
    0xFE, 0xDB, 0x3B, 0x3D, 0x9D, 0x22, 0x84, 0xD5, 0x71, 0xE8, 0x7E, 0xB9, 0x75, 0x7F, 0xF5, 0x48,
    0x79, 0xA5, 0x51, 0x7B, 0x78, 0x04, 0xA1, 0x22, 0xAF, 0x37, 0xD3, 0x26, 0x08, 0x4F, 0x51, 0x4E,
    0x82, 0x23, 0x15, 0x3B, 0x99, 0xFD, 0x53, 0x69, 0x4E, 0x72, 0xD8, 0xE5, 0xA1, 0xC6, 0x30, 0xB4,
    0xAE, 0x94, 0x15, 0x77, 0x9C, 0x7C, 0xE4, 0xC8, 0x81, 0x1A, 0x7A, 0x97, 0xE0, 0x84, 0xC0, 0xF2,
    0x1A, 0x4D, 0xFF, 0x2A, 0x67, 0xBF, 0xB4, 0x85, 0xB8, 0xC5, 0xE3, 0xB5, 0x11, 0x84, 0x51, 0x88,
    0x72, 0xF9, 0x92, 0xAB, 0x54, 0x59, 0xE7, 0x3A, 0x82, 0x8D, 0x0D, 0xE2, 0x25, 0xD1, 0xF3, 0xBB,
    0xBE, 0x3A, 0x43, 0x8E, 0x9D, 0xE4, 0x58, 0x26, 0x73, 0xBE, 0x31, 0xDE, 0x2E, 0xEC, 0xF4, 0xCD,
    0xB7, 0x7D, 0xEB, 0x33, 0x7D, 0xA3, 0xCD, 0x24, 0x4D, 0x69, 0xBB, 0x95, 0xEB, 0xB3, 0x7D, 0xF5,
    0xBA, 0x44, 0xA1, 0xE2, 0x1E, 0x45, 0x10, 0xEB, 0x12, 0x6A, 0x51, 0xEC, 0xD8, 0x0F, 0x81, 0x54,
    0x80, 0xD7, 0x40, 0x66, 0x51, 0xCD, 0xC7, 0x19, 0xD5, 0xFF, 0xFE, 0x86, 0xEC, 0x5C, 0x71, 0x59,
    0x44, 0x70, 0x67, 0x30, 0x71, 0x8F, 0x10, 0x03, 0xEC, 0xCC, 0xB9, 0xFC, 0xA4, 0x9D, 0x8C, 0xCD,
    0x8E, 0x89, 0xE9, 0x0A, 0xDA, 0xA3, 0x0C, 0x32, 0xD6, 0xA6, 0xE3, 0xB2, 0x6E, 0xE8, 0xFC, 0x8C,
    0x5C, 0x9F, 0x31, 0xCB, 0x53, 0x82, 0xE8, 0x2E, 0xC1, 0x16, 0x10, 0x34, 0x52, 0x4F, 0xEB, 0x12,
    0xC4, 0x23, 0xA6, 0xA4, 0x0B, 0x03, 0x52, 0x18, 0x34, 0x32, 0xC1, 0xE3, 0x3B, 0x35, 0x59, 0xC0,
    0xDC, 0xB1, 0x4B, 0x27, 0x33, 0x14, 0xBB, 0xDB, 0x5F, 0x74, 0x60, 0xFB, 0xC7, 0x90, 0xEA, 0x51,
    0x1C, 0x13, 0x2B, 0x18, 0xE7, 0xEC, 0xB2, 0xB8, 0x0A, 0xAC, 0x88, 0x06, 0x33, 0x5F, 0xD6, 0xB0,
    0x3B, 0xCE, 0x31, 0xB8, 0x18, 0x02, 0x3D, 0xAF, 0x9C, 0x31, 0xEF, 0x5F, 0x7E, 0xED, 0x9A, 0xFF,
    0x79, 0x95, 0xB6, 0x59, 0x87, 0x85, 0xB5, 0xB3, 0xF2, 0x89, 0x7D, 0xCB, 0x74, 0x4D, 0xAE, 0xE6,
    0x4D, 0x01, 0x47, 0x72, 0x00, 0xEF, 0xF2, 0x0F, 0x5B, 0xFF, 0x35, 0xE3, 0x5E, 0x65, 0x1B, 0xA3,
    0xF8, 0x00, 0x04, 0x4F, 0x3F, 0x06, 0xFE, 0x58, 0xF9, 0x1F, 0xA6, 0xD0, 0x0E, 0xDE, 0x93, 0xDD,
    0x97, 0x68, 0x68, 0x83, 0x25, 0x53, 0xB9, 0x2C, 0x9D, 0x6C, 0x31, 0xB1, 0x78, 0x7C, 0xE6, 0x37,
    0xF6, 0x97, 0xCB, 0x65, 0x49, 0x95, 0x5D, 0x09, 0x2C, 0xF9, 0xF7, 0x49, 0xA4, 0x31, 0x92, 0x6C,
    0xB6, 0xFD, 0x9A, 0x57, 0x79, 0xED, 0xB2, 0x99, 0xA6, 0xD4, 0xE4, 0x22, 0x43, 0x94, 0x79, 0xD2,
    0x4C, 0x22, 0xED, 0xAC, 0xF5, 0x93, 0xB3, 0xE5, 0x00, 0x2F, 0xB1, 0x13, 0xC9, 0x4A, 0xB0, 0x85,
    0x33, 0xEE, 0x6A, 0x3E, 0x62, 0xC2, 0x62, 0xAD, 0x68, 0x11, 0xAF, 0x57, 0xA7, 0x19, 0xE7, 0x50,
    0x28, 0xA8, 0xF9, 0xAA, 0x18, 0x5D, 0xFB, 0x6D, 0xE9, 0xA1, 0x64, 0x96, 0xDF, 0x61, 0xC7, 0x0B,
    0x6E, 0xBC, 0xF0, 0x52, 0x6C, 0x21, 0x27, 0x70, 0x70, 0xFA, 0x2B, 0xF3, 0xA5, 0x70, 0xD1, 0xAB,
    0xEB, 0xFE, 0xCE, 0x52, 0x5E, 0x26, 0x63, 0x2A, 0x6F, 0x18, 0xF9, 0xE5, 0xEF, 0x97, 0x75, 0xE7,
    0x9D, 0xCF, 0x82, 0x47, 0x91, 0xB4, 0x81, 0x80, 0x5A, 0x11, 0x06, 0xA2, 0x6E, 0xBB, 0xF2, 0xFD,
    0xA8, 0x84, 0x83, 0x57, 0x1F, 0xEF, 0x7F, 0x2C, 0xFD, 0xEF, 0xFE, 0x55, 0x4C, 0x96, 0x36, 0x90,
    0xA5, 0x26, 0xAD, 0xF2, 0x12, 0x41, 0xFD, 0x2A, 0x41, 0xBC, 0x9A, 0xAF, 0x92, 0x55, 0xDC, 0x2C,
    0xD8, 0xA7, 0x89, 0x56, 0x37, 0xCD, 0x5D, 0xB5, 0xC7, 0x20, 0x1D, 0xED, 0xFA, 0x18, 0x71, 0x4D,
    0x8A, 0xB6, 0x9F, 0xA9, 0x5D, 0xF9, 0x36, 0x6E, 0x7A, 0x5D, 0x4F, 0x1A, 0xF6, 0x83, 0x81, 0xA8,
    0x8E, 0xE1, 0xF4, 0xED, 0x0A, 0x91, 0xB3, 0x29, 0xFE, 0xFD, 0x7F, 0x1E, 0x8C, 0x8C, 0xBC, 0xB1,
    0x09, 0x0C, 0x2B, 0xE7, 0x23, 0x5D, 0x8C, 0x0C, 0xE5, 0x24, 0xB2, 0x93, 0x8B, 0xD0, 0x1E, 0x04,
    0x6E, 0x16, 0x0F, 0xCC, 0x35, 0xD9, 0x0E, 0xE7, 0xD7, 0x05, 0xDB, 0x32, 0xFA, 0x3D, 0x0E, 0xFA,
    0x94, 0x28, 0x18, 0x96, 0x09, 0x60, 0xE4, 0xC9, 0x21, 0x0A, 0xBE, 0x16, 0x82, 0x77, 0x19, 0x9C,
    0x99, 0xBE, 0xD0, 0xAA, 0x69, 0x18, 0xA2, 0xCE, 0x3B, 0x0A, 0xBA, 0xB0, 0x64, 0xED, 0xC3, 0x8F,
    0x58, 0x3C, 0xE7, 0xD4, 0x79, 0x45, 0x0B, 0x54, 0x68, 0x73, 0xEA, 0xE5, 0x72, 0xA0, 0x9E, 0x42,
    0x83, 0x67, 0x82, 0xF3, 0xF1, 0xE8, 0xA8, 0xAE, 0xD8, 0x2D, 0x6B, 0x7C, 0x88, 0x43, 0xD3, 0x9A,
    0xC8, 0xE7, 0xC4, 0x2D, 0xCD, 0x14, 0x42, 0x0C, 0xBA, 0xDF, 0x5E, 0x46, 0x6D, 0x90, 0x00, 0x8D,
    0xD6, 0x3D, 0x2C, 0x8D, 0xDC, 0x1B, 0x6D, 0x61, 0x63, 0x61, 0xA7, 0x65, 0x47, 0x5B, 0xCB, 0x0D,
    0xB1, 0xA4, 0xE8, 0x0C, 0x48, 0x78, 0x23, 0x5B, 0xD9, 0xE5, 0x9B, 0xF2, 0x8A, 0x5D, 0x18, 0x8B,
    0xBF, 0xAB, 0x69, 0x58, 0xC4, 0x09, 0x34, 0xCB, 0x6C, 0x38, 0x03, 0x74, 0x23, 0x26, 0xC8, 0x15,
    0x6A, 0xAE, 0x08, 0x88, 0xE5, 0xDE, 0x56, 0x7E, 0x6E, 0xF0, 0xB7, 0x12, 0x37, 0x39, 0x3E, 0xC9,
    0xFD, 0x9F, 0x9A, 0x48, 0xB4, 0x4A, 0xCE, 0xBD, 0xBF, 0xF0, 0x56, 0x37, 0x38, 0x61, 0x5B, 0x6E,
    0x7D, 0x46, 0xB0, 0xAB, 0xE7, 0x43, 0xDF, 0xDF, 0x8F, 0x95, 0x45, 0xF6, 0xA1, 0x49, 0xD8, 0xA4,
    0x78, 0xF0, 0x0A, 0x52, 0x31, 0xA7, 0xA9, 0xC7, 0xDB, 0x83, 0x64, 0x96, 0x19, 0xA1, 0x77, 0x15,
    0x7B, 0x72, 0x20, 0x0F, 0x4B, 0xE3, 0x57, 0x2E, 0xB6, 0xAD, 0x30, 0xFB, 0x1E, 0xCC, 0x17, 0xF9,
    0x33, 0x10, 0x42, 0x3E, 0xAC, 0x34, 0xC1, 0x8A, 0x56, 0x2B, 0x07, 0x60, 0x45, 0xBD, 0x35, 0x81,
    0x89, 0x01, 0xC6, 0x3B, 0x30, 0xF9, 0x12, 0xF4, 0xFD, 0xFD, 0xD8, 0xA2, 0xD9, 0xE2, 0xF4, 0xF8,
    0x35, 0xD7, 0xAC, 0xEE, 0x26, 0x1A, 0x1C, 0xBD, 0x2B, 0x04, 0xF0, 0xD0, 0xD3, 0xC6, 0xFF, 0xFA,
    0x06, 0xEE, 0x3C, 0xF5, 0xBB, 0x5C, 0x5E, 0x45, 0xBF, 0x5E, 0x5F, 0xFE, 0x7E, 0x56, 0x7F, 0x89,
    0x79, 0xC0, 0xED, 0xBF, 0x17, 0x9F, 0xEB, 0xF1, 0xF9, 0x8E, 0x8E, 0xDE, 0xBF, 0xD0, 0x98, 0x33,
    0x81, 0x37, 0xE5, 0xE4, 0x01, 0x8D, 0xAF, 0xCA, 0x05, 0x8E, 0x71, 0x19, 0xE4, 0x26, 0x6E, 0x22,
    0xB7, 0x23, 0x27, 0xED, 0x57, 0x90, 0x93, 0xDC, 0x6D, 0x1E, 0x83, 0x50, 0x16, 0xF6, 0x87, 0xCA,
    0x54, 0x82, 0x52, 0x1F, 0x3A, 0xF1, 0x68, 0x93, 0x32, 0x39, 0xD8, 0x50, 0x4E, 0xA2, 0x0D, 0xE5,
    0x04, 0x66, 0xB2, 0x1E, 0x8F, 0xEA, 0x0D, 0x43, 0x1E, 0x26, 0x03, 0x35, 0x83, 0x28, 0x33, 0x5B,
    0xFA, 0xB9, 0x52, 0xBF, 0xFB, 0xCF, 0x0B, 0xE1, 0x33, 0x6E, 0x34, 0x56, 0x7E, 0x21, 0xC0, 0xA3,
    0xA3, 0xA3, 0x3B, 0x5F, 0x0F, 0xE7, 0x2E, 0x74, 0x6D, 0xED, 0xDA, 0x4B, 0xEE, 0x10, 0x26, 0xE5,
    0xEB, 0x7C, 0x5E, 0x1A, 0x4B, 0x8F, 0x8A, 0x2E, 0x1E, 0xC1, 0xD1, 0x0B, 0xFE, 0x28, 0xE7, 0x2E,
    0xE0, 0x23, 0x2B, 0x88, 0x78, 0x7D, 0x2F, 0xEC, 0xE3, 0x4C, 0xBA, 0x06, 0xEF, 0xA5, 0xC0, 0x4F,
    0x99, 0x72, 0x43, 0xE8, 0x78, 0x97, 0xDE, 0xCA, 0x2A, 0x4E, 0xB3, 0x92, 0x02, 0xAB, 0xDC, 0xC3,
    0x2A, 0xD3, 0xB0, 0x8A, 0xF7, 0x6C, 0x46, 0x53, 0x62, 0xE5, 0x1E, 0xAD, 0xAC, 0xB7, 0x7D, 0x44,
    0xAB, 0x6C, 0xFF, 0xCD, 0x09, 0x7F, 0x5D, 0x11, 0xD2, 0x07, 0x5B, 0x49, 0x93, 0x95, 0xA3, 0xB4,
    0xCA, 0x5F, 0xA6, 0x59, 0xC2, 0x8C, 0x99, 0x66, 0x4F, 0x64, 0x01, 0x98, 0x07, 0x32, 0x70, 0x36,
    0x5F, 0x45, 0xAE, 0x9F, 0xEB, 0xBB, 0xAB, 0x83, 0x0A, 0x04, 0x06, 0xAB, 0x78, 0x73, 0xB0, 0xCA,
    0xA4, 0x06, 0xCB, 0xD5, 0x14, 0xC3, 0x41, 0x68, 0x98, 0xDF, 0xDE, 0x1D, 0x0E, 0x38, 0xB4, 0x1F,
    0x0E, 0xE0, 0x0A, 0x66, 0x9B, 0xE1, 0x80, 0x59, 0x66, 0x37, 0x1C, 0xC0, 0xDF, 0x44, 0x2D, 0x9A,
    0x15, 0x78, 0x3D, 0x30, 0xD9, 0x4F, 0x9B, 0xC1, 0x46, 0x4C, 0x49, 0x06, 0x0B, 0x9F, 0x93, 0x97,
    0xB0, 0xDF, 0xC8, 0xBC, 0x0C, 0x9A, 0x01, 0xC1, 0x13, 0x1A, 0xFE, 0x47, 0x53, 0xF8, 0x26, 0x7F,
    0xB7, 0x63, 0x93, 0x7D, 0xD8, 0xB2, 0x49, 0x3F, 0x59, 0xB3, 0x49, 0x3E, 0x5F, 0xB1, 0x61, 0x66,
    0xA4, 0xA6, 0x62, 0x43, 0xD7, 0x39, 0x78, 0xF6, 0xB1, 0xB9, 0xCB, 0x86, 0x2A, 0xB6, 0x66, 0x18,
    0x00, 0x33, 0xA8, 0x04, 0x9D, 0x41, 0x0C, 0x20, 0x8B, 0x4D, 0xED, 0x81, 0x13, 0xB4, 0x0C, 0x5D,
    0x0F, 0x72, 0xE6, 0xC3, 0x07, 0xD8, 0x0D, 0xC0, 0x98, 0xF5, 0x98, 0x03, 0x24, 0x98, 0x80, 0x40,
    0x47, 0x13, 0x6A, 0x4B, 0xC2, 0xA2, 0x21, 0x4C, 0xD7, 0x84, 0x71, 0x47, 0x18, 0xF5, 0x32, 0xB0,
    0x88, 0x44, 0x01, 0xEB, 0xD7, 0x09, 0x8B, 0x0F, 0xE5, 0xC9, 0x7E, 0x46, 0x98, 0x7C, 0x21, 0xBF,
    0xE5, 0x5A, 0x99, 0x56, 0x19, 0xDE, 0x5A, 0xB0, 0x10, 0xCC, 0xDA, 0xD3, 0x24, 0x86, 0xAA, 0x4D,
    0x45, 0x1F, 0x42, 0xDC, 0x56, 0xC9, 0x55, 0x80, 0xEA, 0xB8, 0x97, 0xE5, 0xA1, 0xA0, 0x40, 0x02,
    0x14, 0xEE, 0x8F, 0x53, 0x12, 0x2A, 0xFB, 0x63, 0x4B, 0x19, 0xA0, 0xA2, 0xAA, 0xBD, 0xE3, 0xA9,
    0xBD, 0x7D, 0x7A, 0x66, 0xE3, 0xCD, 0x3E, 0xC6, 0xF9, 0xFC, 0xA8, 0x0C, 0x38, 0x73, 0x3F, 0x03,
    0xE7, 0x9B, 0x0F, 0xD3, 0xEC, 0x73, 0xF8, 0x4D, 0x72, 0x10, 0x7E, 0x8B, 0xE9, 0x68, 0x26, 0x8F,
    0xC0, 0xF8, 0x40, 0x4E, 0x73, 0x76, 0x55, 0x52, 0xF3, 0x99, 0x44, 0xA7, 0xF3, 0xFE, 0xC2, 0x9A,
    0xD7, 0xE0, 0x82, 0x95, 0xE8, 0x06, 0x3F, 0x93, 0x6E, 0xFD, 0xBF, 0x5C, 0x90, 0xFF, 0xCB, 0x1B,
    0xF2, 0x63, 0x75, 0x65, 0x97, 0xEF, 0x38, 0x8E, 0xDD, 0x10, 0xC0, 0xEB, 0x1C, 0xFD, 0x45, 0x30,
    0xAA, 0x5F, 0x09, 0xFC, 0x3F, 0xE1, 0xE8, 0x75, 0x2F, 0x1A, 0x71, 0x1F, 0xC2, 0xEA, 0x10, 0xD0,
    0x37, 0xBE, 0x46, 0xE0, 0x6F, 0xA6, 0xBE, 0x80, 0x01, 0xEE, 0x83, 0xF7, 0xE5, 0x96, 0xF7, 0x34,
    0x10, 0x2F, 0xB9, 0xCA, 0x06, 0x7A, 0x3C, 0x9F, 0xD7, 0x13, 0xDB, 0x93, 0xF5, 0x19, 0xDE, 0xB3,
    0xCB, 0x2C, 0xD4, 0x21, 0x2C, 0x27, 0xB7, 0x64, 0x94, 0x25, 0x57, 0x64, 0xE4, 0x2C, 0xBD, 0x90,
    0x65, 0xB5, 0xC5, 0x06, 0xD3, 0x63, 0xCB, 0x33, 0x98, 0x93, 0x6D, 0x64, 0x26, 0x0B, 0xA8, 0x3C,
    0xEF, 0x81, 0xE2, 0xC7, 0x86, 0x6E, 0xB4, 0x01, 0x91, 0x97, 0xCA, 0x6C, 0x9B, 0xD0, 0xAA, 0x88,
    0xE3, 0x81, 0x72, 0x7F, 0xE5, 0x6D, 0x4A, 0x6B, 0xB5, 0x5D, 0x62, 0x82, 0x8A, 0x4F, 0x33, 0xED,
    0x9B, 0xCF, 0x88, 0xB4, 0x6C, 0xE1, 0x50, 0x90, 0x96, 0xEC, 0x94, 0x52, 0x74, 0xE3, 0x3B, 0x14,
    0xB3, 0xE2, 0xE1, 0x6D, 0xC7, 0xD8, 0xAE, 0x67, 0x3D, 0x65, 0xE5, 0xEB, 0x29, 0xF2, 0x6C, 0x65,
    0xBD, 0x03, 0xCF, 0x7A, 0xEB, 0xFF, 0x7B, 0x78, 0x20, 0x6F, 0x59, 0xFF, 0x2F, 0xC2, 0xD3, 0xC8,
    0x11, 0x72, 0x4A, 0x4F, 0x54, 0x52, 0x3E, 0x1D, 0xA5, 0x29, 0x66, 0xB1, 0xE0, 0xE7, 0x88, 0xFB,
    0x8C, 0xE2, 0x3E, 0x5F, 0x55, 0xF1, 0xB5, 0x96, 0x13, 0x25, 0x29, 0xB5, 0x18, 0x4F, 0xE9, 0x4E,
    0xD7, 0x1C, 0x1B, 0x4A, 0x4E, 0x2C, 0x2C, 0x00, 0x1B, 0x77, 0x83, 0x86, 0x92, 0x32, 0xCF, 0x74,
    0x61, 0xA4, 0xD8, 0x78, 0x37, 0x3E, 0x57, 0xE5, 0x99, 0x17, 0x6B, 0x25, 0xEC, 0xDE, 0x81, 0x62,
    0x08, 0xEB, 0x0C, 0x8D, 0xAA, 0x57, 0x8D, 0x10, 0xB2, 0xCC, 0x12, 0x82, 0xD6, 0xA8, 0x1B, 0x15,
    0x2E, 0x29, 0x75, 0x1B, 0xA4, 0x08, 0xA3, 0x24, 0xBE, 0x96, 0xF8, 0xCB, 0x25, 0xF9, 0x4C, 0x36,
    0xF8, 0x61, 0x9F, 0x5B, 0xAA, 0x3E, 0x21, 0x03, 0x0F, 0x84, 0x0C, 0xF0, 0x13, 0xE6, 0x28, 0x2C,
    0x3B, 0xA7, 0x2A, 0x7B, 0x38, 0xD6, 0x71, 0x58, 0xF5, 0xF8, 0x94, 0xD5, 0x73, 0xD0, 0x9C, 0x7D,
    0xD4, 0x40, 0x22, 0x59, 0x60, 0xFD, 0x21, 0x6B, 0x63, 0x20, 0xAF, 0xF8, 0xEE, 0x1A, 0xFE, 0x07,
    0xD4, 0x16, 0x71, 0xD0, 0x80, 0x83, 0xA8, 0x05, 0x0B, 0xB0, 0x8A, 0xBB, 0xB8, 0xAA, 0x62, 0x78,
    0x3F, 0xEB, 0x55, 0x4E, 0xE7, 0x4F, 0xAE, 0x6E, 0x84, 0x37, 0x1B, 0x98, 0xD8, 0xD6, 0xE8, 0x71,
    0xC2, 0x95, 0x16, 0x18, 0xA3, 0xF2, 0x76, 0xF1, 0x06, 0xD0, 0x71, 0xBD, 0xF9, 0x7B, 0x2B, 0x4C,
    0xC2, 0x02, 0x00, 0xA6, 0xCC, 0x3E, 0x62, 0xA9, 0x18, 0x3F, 0xF8, 0x35, 0xE9, 0xFD, 0x4A, 0x5F,
    0xD1, 0x17, 0x53, 0x4E, 0x49, 0xB1, 0xE2, 0x4E, 0xAE, 0xC1, 0xFF, 0x60, 0xB2, 0x30, 0xD5, 0x3E,
    0xA9, 0x6D, 0xD4, 0xA3, 0xAC, 0xA2, 0x62, 0x14, 0x25, 0xAD, 0xCB, 0x18, 0x8A, 0xFC, 0x73, 0x9F,
    0xE8, 0x3A, 0xCF, 0xE4, 0xD2, 0xEF, 0x91, 0xDF, 0xB5, 0x5A, 0x45, 0x29, 0xD5, 0x9C, 0x7C, 0xFD,
    0xD3, 0x79, 0x66, 0xCA, 0xB0, 0xD8, 0xD5, 0xF6, 0x8A, 0xBF, 0x1B, 0xFD, 0xA2, 0x97, 0x96, 0x39,
    0x49, 0x0E, 0x31, 0x14, 0x25, 0x79, 0x7D, 0x42, 0xCD, 0xC3, 0x44, 0x08, 0x77, 0x30, 0x23, 0xA6,
    0x4B, 0x34, 0x3B, 0x29, 0xF1, 0x26, 0xD4, 0xDB, 0xCC, 0x8C, 0xE5, 0x33, 0x50, 0x48, 0x95, 0x83,
    0xB0, 0x31, 0x75, 0x57, 0xC6, 0x3B, 0xB0, 0xBF, 0x27, 0x12, 0x9F, 0x27, 0x0D, 0xAF, 0x7C, 0x14,
    0xC9, 0xC5, 0xA6, 0x3F, 0x25, 0x0D, 0xF1, 0x7F, 0x89, 0x1E, 0xD1, 0xE6, 0x6B, 0x16, 0xC6, 0xF9,
    0x10, 0xBC, 0xFC, 0x7A, 0x90, 0xD9, 0x60, 0x77, 0xA6, 0x24, 0xFC, 0x58, 0x59, 0xAD, 0x36, 0xC1,
    0xB4, 0x45, 0xDB, 0x8A, 0xF3, 0xF9, 0x37, 0xD7, 0x67, 0x6E, 0x8E, 0x4F, 0xBB, 0xC9, 0xE3, 0xCC,
    0x53, 0x00, 0xD3, 0xE4, 0x3F, 0xBD, 0xAA, 0x24, 0x2F, 0xF0, 0xB3, 0xC5, 0x7C, 0x10, 0xCA, 0x2A,
    0x5C, 0xB5, 0xD7, 0x38, 0x5F, 0x45, 0xA0, 0x88, 0x52, 0x5C, 0x54, 0x84, 0x9C, 0x2A, 0x35, 0x36,
    0x74, 0x96, 0x88, 0x35, 0xBE, 0x50, 0xC1, 0xCE, 0x51, 0xE8, 0xBC, 0x2D, 0xEB, 0x9C, 0x4C, 0x9D,
    0x4B, 0xDF, 0x39, 0x55, 0xE7, 0xC2, 0x85, 0x8F, 0x4E, 0xA7, 0x5E, 0xE4, 0xE7, 0x14, 0xB3, 0xE9,
    0xB6, 0x25, 0xD1, 0xD1, 0x78, 0x7D, 0x31, 0xC9, 0x47, 0x24, 0xE1, 0xBB, 0x14, 0x78, 0x9E, 0x0A,
    0x2F, 0x78, 0x0E, 0xCA, 0x9A, 0x0D, 0x3E, 0xC7, 0x3C, 0xCA, 0x58, 0x70, 0x01, 0x39, 0x4F, 0x1A,
    0xD3, 0x8A, 0xE5, 0xCF, 0x26, 0x83, 0xB1, 0x58, 0xB3, 0x8E, 0xD9, 0x91, 0x3D, 0xFD, 0xB7, 0x90,
    0x04, 0x1D, 0x52, 0x10, 0xD6, 0x02, 0x6F, 0x97, 0xDC, 0x2C, 0xC8, 0x3A, 0x97, 0xDC, 0x8B, 0x23,
    0x7B, 0xA1, 0x04, 0xC3, 0xC0, 0x3E, 0xA2, 0xD3, 0x9E, 0x3F, 0xF8, 0x63, 0xCC, 0x5C, 0xF9, 0xC8,
    0x21, 0x3F, 0x2D, 0x68, 0x87, 0x5F, 0xDF, 0x80, 0x0F, 0x64, 0x1D, 0xA5, 0x49, 0xC6, 0x5B, 0x59,
    0x93, 0xB3, 0x0C, 0x5F, 0x54, 0x5E, 0x99, 0x64, 0x8B, 0xA5, 0x98, 0x3C, 0x5C, 0x9F, 0xB9, 0x26,
    0xFF, 0xEF, 0xEB, 0xF7, 0x9B, 0xD4, 0xB9, 0xF7, 0x9A, 0xB9, 0x1B, 0x92, 0xC6, 0xEC, 0x81, 0xA7,
    0xDF, 0x33, 0x61, 0x47, 0x9E, 0x09, 0x96, 0x3C, 0x13, 0x80, 0xEB, 0x1C, 0x78, 0x82, 0xE3, 0x86,
    0xB7, 0x9C, 0x61, 0x14, 0x55, 0xC1, 0x96, 0x84, 0xD2, 0xB6, 0x4C, 0xA0, 0x0C, 0xE2, 0xC8, 0x5D,
    0x1F, 0xB6, 0x60, 0x0C, 0x20, 0x69, 0x5D, 0xD0, 0x76, 0x74, 0xAE, 0x38, 0x6C, 0x85, 0xB8, 0x6C,
    0x1C, 0xAF, 0x39, 0xD3, 0x13, 0xE9, 0xE6, 0xF4, 0x58, 0x48, 0x59, 0xA8, 0xEB, 0xE6, 0x50, 0x9E,
    0x64, 0x7C, 0x93, 0xA5, 0x5F, 0x89, 0x35, 0x35, 0xBD, 0x0E, 0xD5, 0xEA, 0x31, 0x90, 0x36, 0xEC,
    0xFC, 0xAF, 0x43, 0xBA, 0xCC, 0xBE, 0x88, 0x7E, 0x5F, 0x4D, 0xC6, 0x1F, 0x09, 0x07, 0xF2, 0xEE,
    0x75, 0x38, 0x23, 0x9D, 0x1F, 0x6E, 0x8B, 0xBA, 0xE7, 0x80, 0xBD, 0x2B, 0x00, 0xB5, 0x7B, 0xA3,
    0xC5, 0x1E, 0xFC, 0x67, 0x9B, 0x0E, 0x6F, 0xBA, 0x16, 0xBC, 0xB5, 0xB4, 0xF9, 0xB9, 0xA2, 0xCB,
    0xB6, 0x26, 0x38, 0x7F, 0xB5, 0xF5, 0x14, 0x8A, 0x72, 0x58, 0xE6, 0x11, 0xA4, 0xE3, 0xB5, 0x47,
    0x44, 0xFA, 0x31, 0x8C, 0xB7, 0x7B, 0xBD, 0x35, 0xB3, 0x2B, 0xA7, 0x01, 0xEE, 0xCA, 0x88, 0xD6,
    0x64, 0x78, 0x6D, 0xA0, 0x0D, 0x90, 0xAD, 0x92, 0xA9, 0x52, 0xFC, 0x97, 0x35, 0x27, 0x04, 0x6E,
    0x2A, 0xBA, 0x36, 0x0E, 0xC2, 0x54, 0x8D, 0x53, 0xF1, 0x3E, 0x9C, 0x42, 0x9F, 0x1E, 0x7B, 0x00,
    0x77, 0x19, 0xBB, 0xBF, 0xAC, 0xCB, 0x99, 0x02, 0x93, 0x5C, 0x0F, 0x0A, 0xA8, 0xBA, 0xF7, 0xF6,
    0x21, 0xDC, 0x40, 0xA7, 0xE7, 0x07, 0x8A, 0xE6, 0x8A, 0x06, 0x9E, 0xEC, 0x30, 0x73, 0x60, 0x8C,
    0xA5, 0x98, 0xAD, 0xDC, 0x1F, 0x97, 0x67, 0xAE, 0x3F, 0xF7, 0x57, 0xA7, 0x4F, 0x35, 0x16, 0x8C,
    0xA5, 0xFF, 0x0C, 0xFC, 0x7C, 0xEB, 0x11, 0xF7, 0xF4, 0x31, 0x7E, 0x26, 0xE7, 0xF2, 0x33, 0x7E,
    0x9C, 0x9F, 0x42, 0x00, 0x54, 0xCE, 0x6F, 0x12, 0x18, 0xF8, 0x06, 0xF9, 0x79, 0xBA, 0x8F, 0xC9,
    0xFA, 0xF4, 0xB0, 0xE3, 0x77, 0x4B, 0x88, 0x5A, 0xE6, 0x6A, 0xC7, 0x50, 0x58, 0xC5, 0x8E, 0xEA,
    0x2B, 0xCB, 0xBE, 0x4E, 0x74, 0x06, 0x33, 0x8E, 0x6F, 0x4E, 0xB2, 0x5F, 0x79, 0xD9, 0xCF, 0xA4,
    0x00, 0x74, 0x27, 0x01, 0x0C, 0xCF, 0x07, 0x5E, 0x91, 0x1B, 0x2B, 0xAA, 0x97, 0x43, 0x92, 0x81,
    0x10, 0xFF, 0x42, 0x6F, 0x33, 0xAF, 0x68, 0x45, 0xE0, 0x59, 0x00, 0xE7, 0x3B, 0xB5, 0xFA, 0x17,
    0x68, 0x1A, 0x61, 0x48, 0x78, 0x90, 0xC7, 0x82, 0xFD, 0xC5, 0xF9, 0x26, 0x00, 0x1F, 0x35, 0xB0,
    0x04, 0x31, 0x90, 0x3A, 0x3D, 0xEA, 0x30, 0x50, 0x62, 0x07, 0xBA, 0xAD, 0x81, 0xDE, 0x70, 0xA0,
    0xC0, 0x0E, 0xD2, 0x6B, 0x7F, 0x86, 0xC3, 0x83, 0xA1, 0xF7, 0x3A, 0x7F, 0x70, 0x8F, 0xCE, 0x4C,
    0xB9, 0x59, 0x69, 0x1F, 0x98, 0xEA, 0x0C, 0x5C, 0xE6, 0x40, 0x9F, 0x17, 0x30, 0x9B, 0xBA, 0xFC,
    0xDE, 0x70, 0xCE, 0x4B, 0x42, 0x8F, 0x4F, 0x0F, 0xEB, 0x42, 0xB1, 0x87, 0xA9, 0x81, 0x2F, 0x1E,
    0xCD, 0xF8, 0xE0, 0xDA, 0x10, 0x76, 0x12, 0x8A, 0x20, 0x43, 0x66, 0xC3, 0x31, 0x9D, 0x2C, 0xA8,
    0x33, 0xFE, 0x24, 0x73, 0x54, 0xAB, 0x8D, 0x2D, 0xC2, 0x4E, 0xFD, 0x5A, 0xDA, 0x89, 0x48, 0x51,
    0x08, 0x0E, 0x0D, 0xBF, 0x2E, 0x29, 0x93, 0x71, 0x85, 0xB6, 0xAC, 0x69, 0x6E, 0x10, 0x2B, 0x81,
    0x09, 0x25, 0x74, 0x89, 0x4E, 0x62, 0xCA, 0xB9, 0xEA, 0x10, 0x1E, 0x7B, 0xB0, 0x19, 0xB6, 0x40,
    0x7F, 0x4F, 0xA6, 0xC2, 0x3A, 0x63, 0x61, 0x85, 0xBF, 0xE9, 0x3A, 0x25, 0x82, 0x98, 0xFC, 0x9C,
    0x29, 0x25, 0xCE, 0xB7, 0xA6, 0x7C, 0xE2, 0xBD, 0xB7, 0xF1, 0xE3, 0xA9, 0xE3, 0xA8, 0xCE, 0x73,
    0x1C, 0xA7, 0x56, 0xF4, 0x8C, 0xE3, 0xC8, 0xE8, 0x38, 0x8A, 0xC6, 0xF1, 0x44, 0xDF, 0xD1, 0x71,
    0xC8, 0x1B, 0x79, 0xBF, 0xC4, 0xD9, 0x2E, 0x2A, 0x95, 0x4F, 0x32, 0x48, 0x2F, 0xD6, 0xC0, 0x7F,
    0xF2, 0x04, 0x83, 0xF4, 0x6C, 0xB0, 0xEC, 0x13, 0xD7, 0x17, 0x63, 0xEF, 0x3E, 0xE0, 0xB9, 0x71,
    0xC3, 0x63, 0x6C, 0x27, 0xFB, 0x3E, 0x8A, 0xF0, 0xF3, 0x3F, 0xAC, 0xF1, 0x83, 0xFB, 0xF7, 0x12,
    0x58, 0xB8, 0xFC, 0x3F, 0x7E, 0x9B, 0xBB, 0xF3, 0x6A, 0x31, 0x45, 0x65, 0x8D, 0x3F, 0xE3, 0xD3,
    0xC1, 0x1F, 0x8F, 0xB4, 0x13, 0x1D, 0xBA, 0x75, 0xBE, 0x06, 0x30, 0xDB, 0x9E, 0xA0, 0x7D, 0x13,
    0xF1, 0x72, 0x71, 0xEB, 0x3A, 0x43, 0xD6, 0xF5, 0x25, 0xE6, 0x67, 0xCC, 0xCE, 0x7E, 0x2F, 0x3C,
    0xDA, 0x12, 0x82, 0x32, 0xE6, 0x07, 0x39, 0xF2, 0x78, 0xE6, 0xF2, 0xAF, 0x0D, 0xCB, 0x72, 0x1E,
    0xAE, 0x5D, 0xF4, 0x3B, 0x0B, 0xF9, 0x85, 0x71, 0xB7, 0x58, 0x56, 0x00, 0xEB, 0xA8, 0xF6, 0x57,
    0x27, 0x9B, 0xE7, 0x1F, 0x3D, 0xF9, 0x3A, 0x40, 0x39, 0x24, 0x36, 0xA5, 0xE1, 0xA6, 0xAC, 0xE4,
    0x25, 0xB0, 0x29, 0x31, 0x77, 0x5A, 0x7B, 0xEE, 0xBD, 0x6E, 0xF0, 0x9C, 0x3A, 0xF1, 0xD1, 0x69,
    0x70, 0xEC, 0x45, 0x59, 0xCF, 0x3C, 0x31, 0x71, 0x6B, 0x12, 0x3E, 0x83, 0xC5, 0x3C, 0x4D, 0xB5,
    0x72, 0xD2, 0x3D, 0xF8, 0x94, 0xCC, 0x9C, 0xE8, 0x40, 0x4B, 0x69, 0xD8, 0x1B, 0x3C, 0xE6, 0x7A,
    0x6F, 0xED, 0x93, 0x2D, 0x93, 0x30, 0xC9, 0x52, 0x82, 0xA5, 0x9C, 0x4A, 0xF9, 0x54, 0x78, 0xF9,
    0xAA, 0xAB, 0x42, 0xB3, 0x9A, 0x29, 0x21, 0x64, 0x06, 0x7B, 0xA0, 0x8C, 0x87, 0x85, 0x11, 0xDC,
    0x99, 0x7D, 0xD1, 0x2A, 0x85, 0x89, 0x7E, 0xD9, 0xC9, 0x5A, 0x46, 0xBF, 0xD8, 0xF0, 0x60, 0xB0,
    0x8D, 0xD7, 0x4C, 0x06, 0xA3, 0x36, 0x59, 0xF5, 0x98, 0x37, 0xEA, 0xD2, 0x86, 0x19, 0xE0, 0x7C,
    0x83, 0xD4, 0x07, 0xF1, 0xE6, 0xAC, 0xCF, 0x4B, 0x66, 0x92, 0x3C, 0x8F, 0xCB, 0x91, 0x5A, 0x9A,
    0x61, 0x61, 0xB2, 0x1F, 0x62, 0x77, 0x4F, 0x6E, 0x7A, 0x9A, 0xEC, 0xB1, 0x7F, 0x22, 0xAA, 0xE8,
    0x3D, 0x65, 0x45, 0xE7, 0x89, 0x43, 0x88, 0xA0, 0x16, 0x06, 0x75, 0x4B, 0x27, 0x73, 0xD9, 0x4E,
    0x8E, 0x04, 0x4B, 0xCE, 0x9B, 0x19, 0x1F, 0x0E, 0x02, 0x4D, 0x34, 0x7E, 0xEF, 0xF2, 0xC1, 0x9D,
    0x4F, 0xDA, 0x20, 0x3A, 0x2C, 0x8B, 0xFA, 0xF3, 0xC4, 0xB9, 0x4F, 0x27, 0x19, 0x98, 0x7F, 0xCE,
    0x2C, 0xF4, 0xC3, 0x4D, 0xA8, 0x57, 0x0F, 0x4C, 0xD4, 0xF9, 0x94, 0x1C, 0x9F, 0x01, 0x5A, 0x21,
    0xA2, 0x49, 0x94, 0x33, 0xF7, 0xD3, 0xE9, 0x85, 0xE7, 0xFC, 0x46, 0x87, 0xFB, 0x3A, 0xFA, 0x97,
    0xA7, 0xD1, 0x03, 0x60, 0xF1, 0xC4, 0x79, 0x0A, 0x57, 0x4D, 0xA9, 0x1B, 0x19, 0xA4, 0xB0, 0x36,
    0x2E, 0xCE, 0xBF, 0xCE, 0x53, 0xC5, 0x1F, 0xF0, 0xB4, 0xF0, 0x5F, 0xD7, 0xE1, 0xE9, 0x95, 0xF8,
    0x3E, 0xCF, 0x3A, 0x48, 0xCB, 0xCC, 0x6D, 0x83, 0xA2, 0xE1, 0x09, 0x8F, 0x35, 0xAC, 0x43, 0x20,
    0xFD, 0xCF, 0xEC, 0x5B, 0x2B, 0x1B, 0x59, 0x4F, 0x0E, 0x17, 0xA9, 0x12, 0xBF, 0xFB, 0xCB, 0xB7,
    0xFA, 0xD3, 0x07, 0xAE, 0x18, 0x7A, 0xD7, 0x5E, 0x64, 0x89, 0x26, 0x09, 0x67, 0xC9, 0x4C, 0x49,
    0xC6, 0xD3, 0xE7, 0xAE, 0x88, 0x57, 0x85, 0x82, 0xA3, 0xA3, 0xF7, 0x6B, 0x9F, 0x77, 0xE1, 0xCE,
    0x1F, 0x78, 0x41, 0x48, 0x9D, 0x3F, 0xCF, 0x9E, 0x9E, 0xD9, 0x3A, 0xEF, 0x3B, 0x7A, 0x2D, 0x61,
    0x65, 0x9F, 0x14, 0x32, 0x27, 0x55, 0x9D, 0x6E, 0xBC, 0x40, 0x6D, 0x5D, 0x29, 0xA7, 0x4A, 0x2B,
    0x21, 0x63, 0xB9, 0x61, 0x7E, 0x7F, 0x71, 0x91, 0x97, 0xF9, 0x80, 0xFA, 0x48, 0xDB, 0x10, 0x4C,
    0x82, 0x58, 0x77, 0xF2, 0x8C, 0xAF, 0x0D, 0x25, 0x12, 0x2E, 0x8F, 0x5C, 0xE7, 0xF3, 0x8E, 0xFE,
    0xE0, 0xE1, 0xD9, 0x63, 0x07, 0x9F, 0xB8, 0xD6, 0x1B, 0x3F, 0xEF, 0x3F, 0x72, 0xA7, 0x3E, 0x50,
    0x79, 0xAE, 0x33, 0xDF, 0xC1, 0x26, 0xFC, 0xDD, 0xE6, 0x32, 0x8C, 0x59, 0xF7, 0x4D, 0x3D, 0x15,
    0xC0, 0xD7, 0xAF, 0x00, 0xED, 0x7D, 0x5D, 0x6C, 0xE5, 0xD6, 0x99, 0xD8, 0x21, 0x29, 0x5D, 0x26,
    0x43, 0x78, 0xA8, 0x2D, 0xC6, 0xC1, 0x8C, 0xC7, 0x23, 0xF6, 0xC1, 0x0F, 0x93, 0x85, 0x35, 0xEC,
    0x43, 0x1E, 0x64, 0xF4, 0x4A, 0xA4, 0xE3, 0xFD, 0x79, 0x58, 0xA0, 0x9E, 0x02, 0x56, 0x16, 0xB0,
    0x17, 0x9B, 0x79, 0x48, 0x01, 0xEF, 0x18, 0xAD, 0x0C, 0xEC, 0x2C, 0xA0, 0x74, 0x25, 0x5D, 0xB6,
    0xFB, 0x50, 0xA0, 0x7D, 0x88, 0x80, 0xC6, 0x7D, 0xE8, 0x02, 0x8B, 0x79, 0x18, 0xA3, 0xB1, 0x5C,
    0x60, 0x84, 0xAC, 0x50, 0xC8, 0x58, 0xE9, 0x5E, 0xA6, 0xC1, 0xA2, 0x0F, 0x01, 0x76, 0xB9, 0x1B,
    0x78, 0xF7, 0x21, 0x2D, 0xC2, 0xC6, 0x13, 0x04, 0xB6, 0x8B, 0x9A, 0xCE, 0xB2, 0x31, 0x35, 0xE6,
    0x25, 0xFB, 0xFD, 0x9C, 0x43, 0xF2, 0xFE, 0x48, 0xF3, 0x27, 0xCD, 0x48, 0xB2, 0xA8, 0xCB, 0xC3,
    0x23, 0x5E, 0x5E, 0xF2, 0x9C, 0xEF, 0x7C, 0xE7, 0xFB, 0x3F, 0x1F, 0x85, 0x90, 0xDB, 0x84, 0xA8,
    0xB6, 0x9D, 0xAA, 0x66, 0xF4, 0xAB, 0xAA, 0x9D, 0x55, 0x55, 0x37, 0xA8, 0xAA, 0x9E, 0x68, 0x56,
    0x7F, 0x7D, 0x9D, 0xB7, 0xDE, 0xE7, 0x89, 0x57, 0xAA, 0xAD, 0x51, 0x8D, 0xC4, 0x9E, 0x9B, 0x9E,
    0x34, 0xFE, 0x69, 0x9B, 0xB9, 0xB3, 0xFE, 0xCE, 0xC2, 0xC2, 0xC2, 0x37, 0xD6, 0xDF, 0x2D, 0xF3,
    0xB6, 0x5D, 0xD4, 0xB7, 0xE8, 0xB7, 0xDD, 0x4E, 0xF5, 0x4F, 0x59, 0xB4, 0xE7, 0xED, 0xEC, 0xE9,
    0x85, 0x57, 0xD7, 0xD7, 0xDF, 0x5A, 0xF0, 0xC5, 0x15, 0x2F, 0x37, 0xE3, 0xEA, 0x26, 0x33, 0x6E,
    0xDA, 0xBC, 0xA5, 0xD5, 0x7C, 0x78, 0x3A, 0xF0, 0xEC, 0x9B, 0xE2, 0x9D, 0xAA, 0x6E, 0x95, 0x55,
    0xE7, 0xDC, 0xBA, 0xBD, 0x5E, 0x7D, 0xDF, 0x39, 0xA3, 0xAA, 0xCE, 0x1B, 0xF5, 0x05, 0x9F, 0x7C,
    0x24, 0xFB, 0xEE, 0xDB, 0x55, 0xEB, 0x7C, 0xBD, 0xAA, 0x0A, 0x31, 0xB9, 0x20, 0xB7, 0xBD, 0x20,
    0x60, 0xE5, 0x8D, 0x7F, 0xBC, 0xB2, 0x1E, 0x83, 0xB5, 0xB2, 0x57, 0xFD, 0x63, 0xFE, 0x6D, 0xE6,
    0xFA, 0xD5, 0x90, 0xFC, 0x7D, 0xEC, 0x89, 0x1A, 0x34, 0x1F, 0x95, 0x8D, 0x7F, 0xCA, 0xBC, 0xFA,
    0x27, 0xEB, 0xED, 0x07, 0xF8, 0x3D, 0x37, 0x2D, 0x1D, 0x33, 0x4A, 0xD9, 0x98, 0xEB, 0xF2, 0x31,
    0x3F, 0xEE, 0x8F, 0x9C, 0xB9, 0x25, 0xBA, 0x23, 0xE7, 0x32, 0xB1, 0x3A, 0x70, 0xF7, 0x9B, 0x70,
    0xB7, 0xAC, 0x89, 0x53, 0x30, 0x08, 0x05, 0x9C, 0x4F, 0x07, 0xCF, 0x61, 0x7F, 0x8C, 0xC1, 0x73,
    0x5A, 0x7F, 0x31, 0x13, 0x66, 0x32, 0x70, 0xCE, 0x48, 0xCC, 0x52, 0xD8, 0xA9, 0x98, 0x6F, 0x9E,
    0x8B, 0x45, 0xEF, 0x4E, 0xA7, 0xAF, 0x35, 0xDB, 0x07, 0xA3, 0xE8, 0x30, 0xC4, 0x06, 0xAE, 0xD3,
    0xCB, 0xBE, 0x57, 0x26, 0x83, 0xE7, 0x84, 0x1B, 0xB7, 0x0A, 0x82, 0xBF, 0xB6, 0x00, 0x63, 0xFD,
    0xD6, 0x2B, 0x0D, 0xB4, 0xD5, 0x6E, 0x2B, 0xD0, 0x57, 0x40, 0x6A, 0x35, 0x30, 0x55, 0x9D, 0x03,
    0xEC, 0xBD, 0xFB, 0x16, 0xE2, 0xC1, 0x7A, 0xAF, 0x0C, 0xD5, 0x68, 0x7F, 0x58, 0x8D, 0xA9, 0xA3,
    0x6A, 0xE7, 0x1A, 0x9D, 0x1B, 0x37, 0x5F, 0xCA, 0x35, 0x35, 0x71, 0xAD, 0xB2, 0xBC, 0x43, 0xB5,
    0xAF, 0xF4, 0xB1, 0x1F, 0xC5, 0xFA, 0x7F, 0x82, 0x5B, 0xF7, 0x3D, 0x7F, 0x51, 0x3E, 0x3A, 0x5E,
    0x11, 0xE2, 0x0D, 0xAA, 0x7D, 0x57, 0x6C, 0x53, 0xD3, 0x17, 0x5E, 0x19, 0x1D, 0x45, 0x5F, 0xAC,
    0x88, 0xD9, 0x3F, 0x0C, 0x01, 0x82, 0xED, 0xEF, 0x87, 0xC2, 0x15, 0x33, 0x9F, 0x85, 0xC2, 0x09,
    0x5C, 0x98, 0x0E, 0x76, 0x78, 0x05, 0x1A, 0x65, 0x45, 0x97, 0x08, 0xA6, 0x97, 0x68, 0xB2, 0x62,
    0xA9, 0x65, 0x44, 0x33, 0x72, 0xA1, 0x41, 0x8F, 0x77, 0x84, 0x51, 0xE2, 0xD0, 0x99, 0x77, 0x6F,
    0x41, 0x69, 0x43, 0xCF, 0x9C, 0xC0, 0x81, 0xA9, 0x64, 0x87, 0x38, 0x24, 0x56, 0xB4, 0x4A, 0x00,
    0x44, 0x10, 0x1B, 0x9F, 0x22, 0x7C, 0xB4, 0xCF, 0x09, 0x72, 0x25, 0x4D, 0xA6, 0x1E, 0x01, 0xC2,
    0xE3, 0x92, 0x00, 0xE0, 0x50, 0xA3, 0x9E, 0x1A, 0xA2, 0x4C, 0x2B, 0xC2, 0x26, 0x42, 0x83, 0x23,
    0xEA, 0x8A, 0x0D, 0xBC, 0x2E, 0x78, 0x0F, 0x27, 0x42, 0x38, 0x4F, 0x0F, 0xD9, 0xA2, 0x16, 0x26,
    0xD4, 0xC2, 0x5E, 0x84, 0x2D, 0x24, 0x52, 0xF5, 0x18, 0x5B, 0x38, 0xB8, 0x3D, 0x3F, 0x3A, 0x21,
    0x60, 0x58, 0xE5, 0x6C, 0x36, 0x00, 0xB4, 0x12, 0x5D, 0x1D, 0x78, 0x08, 0xDF, 0x15, 0x08, 0x49,
    0xAA, 0xE8, 0x6B, 0x57, 0xCF, 0x85, 0xC3, 0xD5, 0x1C, 0x7E, 0x6F, 0xD3, 0xC3, 0x61, 0x7E, 0x74,
    0xB1, 0x6A, 0x05, 0x58, 0x5D, 0x85, 0xAA, 0x56, 0xA6, 0x38, 0x2F, 0xA1, 0x4B, 0x30, 0x5A, 0x09,
    0xCC, 0x04, 0xA8, 0x76, 0x7C, 0x0F, 0xDB, 0xCD, 0xA4, 0x67, 0x1E, 0x7F, 0xD9, 0x21, 0x04, 0x9F,
    0xC2, 0x2A, 0xE0, 0x0B, 0x22, 0x8F, 0x43, 0xF7, 0xA3, 0x49, 0xC9, 0xD5, 0x7C, 0xA8, 0x6A, 0x23,
    0xD5, 0x30, 0x88, 0x0A, 0xD8, 0x89, 0x2A, 0x84, 0x89, 0x3D, 0xE9, 0x44, 0xDC, 0x83, 0x48, 0x5C,
    0x2C, 0xB9, 0xDD, 0x44, 0x9B, 0x55, 0x6F, 0x2A, 0x4A, 0xAF, 0xF5, 0xCA, 0xDD, 0x11, 0xA8, 0xF8,
    0xE2, 0x2A, 0x0C, 0x50, 0x8C, 0x0F, 0xB1, 0x32, 0xE8, 0x84, 0xB0, 0xFB, 0x38, 0x8D, 0xF4, 0xCC,
    0xC0, 0x07, 0xDC, 0x64, 0x42, 0xCD, 0xBD, 0x65, 0x5A, 0xE7, 0x35, 0xB8, 0x52, 0x5E, 0x93, 0x26,
    0x83, 0xDB, 0x13, 0xD7, 0x97, 0x33, 0xB4, 0x5C, 0x26, 0xCE, 0x54, 0x6E, 0xD7, 0x3F, 0xD2, 0xE5,
    0x8F, 0x8C, 0xF0, 0x2C, 0x8C, 0xB6, 0x9D, 0x78, 0x81, 0x1D, 0xBA, 0x59, 0x2F, 0x76, 0x7C, 0x2B,
    0x71, 0x01, 0x07, 0xF4, 0xD0, 0x12, 0x17, 0x1A, 0x2D, 0x54, 0x6D, 0x54, 0xAD, 0x54, 0xED, 0xAC,
    0x5A, 0x5A, 0xB5, 0x55, 0x3D, 0x5E, 0xB5, 0xB7, 0x66, 0x8B, 0x8A, 0x93, 0xE6, 0x83, 0x24, 0x55,
    0xFE, 0x5C, 0x28, 0xAE, 0xA2, 0x7E, 0x2E, 0x47, 0x5B, 0xF6, 0x40, 0x54, 0x94, 0x6B, 0x7B, 0xF0,
    0x36, 0x7A, 0x75, 0x1B, 0xEC, 0xCB, 0x92, 0xEC, 0x4D, 0x21, 0xA8, 0x3F, 0x1F, 0x94, 0x3E, 0xF7,
    0x08, 0xB8, 0x01, 0xF5, 0xA9, 0xAD, 0x7A, 0x05, 0x3F, 0x84, 0xE6, 0x02, 0x91, 0xA4, 0x5D, 0x1F,
    0xE2, 0x09, 0xFA, 0x16, 0x8E, 0x9C, 0x0F, 0x5C, 0x23, 0x14, 0xC5, 0x37, 0x13, 0x2D, 0x33, 0x52,
    0x23, 0xA1, 0x9E, 0xE6, 0xD5, 0x9E, 0x89, 0x5C, 0x47, 0x34, 0xC2, 0xDD, 0x45, 0x32, 0x87, 0x2D,
    0xC1, 0x9B, 0x75, 0xA2, 0x1E, 0xB0, 0x3B, 0xFA, 0xAA, 0xF0, 0xEB, 0x7B, 0x9A, 0x21, 0xEF, 0xC6,
    0xD0, 0xAE, 0xE1, 0x35, 0x96, 0x0F, 0x08, 0x8B, 0xB8, 0x0A, 0x93, 0xAB, 0x13, 0x12, 0xCE, 0xEB,
    0x3E, 0xF4, 0x05, 0x51, 0x10, 0x26, 0x43, 0x17, 0x19, 0x0B, 0x3C, 0x15, 0x60, 0x04, 0xE0, 0x01,
    0xC0, 0xCE, 0x13, 0x1C, 0x96, 0xF8, 0xCE, 0x93, 0xEA, 0x29, 0xBD, 0xBE, 0x9A, 0x4D, 0x12, 0x11,
    0xED, 0x42, 0x92, 0x55, 0x37, 0xB4, 0x63, 0x39, 0x18, 0x66, 0x22, 0xC1, 0x69, 0x0C, 0x55, 0x3C,
    0x9F, 0x2A, 0x7A, 0xE0, 0xC5, 0x34, 0x16, 0x9D, 0xD0, 0x2E, 0x3F, 0xF9, 0xF9, 0xC2, 0xAB, 0xC0,
    0x61, 0x0C, 0xC5, 0xC4, 0xC5, 0x62, 0x25, 0xBB, 0xBC, 0xFA, 0x6E, 0xB9, 0x4E, 0x98, 0x71, 0x9D,
    0x88, 0xAF, 0xC9, 0x94, 0xDE, 0x2D, 0x69, 0x3C, 0x7A, 0x3F, 0xBF, 0x86, 0x87, 0xA2, 0xC9, 0x14,
    0xE5, 0x48, 0xC9, 0x83, 0x96, 0x29, 0x5A, 0xA0, 0xE1, 0xEF, 0xCB, 0x60, 0x11, 0x9F, 0xE9, 0x7D,
    0x4E, 0x5C, 0xC6, 0xA6, 0x49, 0x09, 0xFD, 0xA0, 0x46, 0x9B, 0x7C, 0x1B, 0x87, 0x9B, 0xD9, 0x61,
    0xBC, 0x18, 0xB8, 0x35, 0x4C, 0xCC, 0xD6, 0x3B, 0x88, 0x03, 0x30, 0x22, 0x08, 0x25, 0x07, 0xA1,
    0x6F, 0xC5, 0xBD, 0xDD, 0x6F, 0x94, 0xC2, 0xFA, 0x31, 0x5C, 0xDA, 0xF1, 0x2D, 0xA0, 0x25, 0x40,
    0x4C, 0xAC, 0x92, 0x68, 0x9D, 0x59, 0x12, 0x86, 0x19, 0x39, 0x49, 0x70, 0x24, 0xD9, 0x75, 0x48,
    0xDC, 0xD1, 0x00, 0x73, 0xCA, 0x62, 0x61, 0x11, 0x24, 0x86, 0xDF, 0x41, 0x76, 0x21, 0x3C, 0x0D,
    0x47, 0x53, 0x7C, 0x59, 0xB4, 0xBA, 0xD8, 0x24, 0x6B, 0x4D, 0x78, 0xE9, 0xC6, 0xEE, 0xF6, 0x7F,
    0x8B, 0xDB, 0x9D, 0xBF, 0xCB, 0x3A, 0x65, 0xFC, 0xED, 0x77, 0xC4, 0x0D, 0x81, 0xE4, 0x17, 0x21,
    0x7E, 0x06, 0xA8, 0x58, 0xB8, 0xB1, 0x24, 0x36, 0x97, 0xC4, 0x6A, 0x2F, 0xC1, 0x6F, 0xFF, 0x85,
    0xD8, 0x14, 0xF8, 0xE1, 0xF1, 0x78, 0xC6, 0xBF, 0xE1, 0x65, 0x4B, 0x4F, 0xE7, 0x6D, 0xF3, 0x4E,
    0xDB, 0xF1, 0xDB, 0x6D, 0xB1, 0xB4, 0x74, 0x31, 0xD9, 0x74, 0xC3, 0xA9, 0x09, 0x31, 0x89, 0xDD,
    0xC6, 0xBD, 0xB5, 0xB6, 0x21, 0xDC, 0x2C, 0xD9, 0xD8, 0x59, 0x4E, 0xBF, 0x9D, 0xB4, 0x37, 0xBD,
    0xF7, 0xF3, 0x4D, 0x60, 0xBD, 0xC9, 0x0B, 0xEB, 0xAF, 0xC5, 0x4B, 0xD0, 0xF9, 0x1B, 0xE2, 0xB9,
    0x01, 0x41, 0xC9, 0x84, 0x3B, 0x3B, 0x2F, 0xA3, 0x7C, 0x53, 0x40, 0xF1, 0x2B, 0x09, 0xD5, 0x16,
    0x20, 0x0F, 0x7F, 0xFE, 0x33, 0x74, 0x39, 0xB1, 0xEE, 0xA6, 0x56, 0xB8, 0xE9, 0xFC, 0x56, 0x0A,
    0x4D, 0xEA, 0x30, 0x6E, 0x9C, 0x9B, 0x02, 0x39, 0x10, 0x5A, 0xFE, 0x3C, 0xEE, 0x4B, 0xBC, 0xCF,
    0xE0, 0x3E, 0x0B, 0xAC, 0x65, 0x16, 0x5A, 0x30, 0x2B, 0xFA, 0xFE, 0x65, 0x81, 0x30, 0xEF, 0xFB,
    0x93, 0xB7, 0xDC, 0xB2, 0x4C, 0xB5, 0xDB, 0x1F, 0xFA, 0x7A, 0x60, 0x84, 0x7A, 0x00, 0x52, 0x62,
    0x02, 0x7F, 0x29, 0xFC, 0x25, 0x66, 0xDC, 0x09, 0xBF, 0x2D, 0xC4, 0x54, 0x2B, 0xED, 0xC4, 0xEF,
    0xF1, 0x40, 0x45, 0x5E, 0xB2, 0x99, 0x6E, 0x6E, 0xCE, 0x27, 0x4E, 0xD4, 0x03, 0x59, 0xA7, 0xF1,
    0xDD, 0x96, 0x48, 0x75, 0x98, 0x4A, 0x66, 0x62, 0xC7, 0x76, 0xE4, 0x84, 0x6E, 0xF8, 0x74, 0x35,
    0x43, 0x26, 0x01, 0x74, 0x9D, 0xC8, 0x8B, 0xBC, 0x10, 0x40, 0xF1, 0xCC, 0x2D, 0x60, 0x53, 0xA5,
    0x0F, 0xD4, 0x39, 0x72, 0xEF, 0xF6, 0x52, 0x0F, 0x46, 0x0A, 0x58, 0x52, 0x0E, 0x24, 0x64, 0x65,
    0x5B, 0x92, 0x92, 0x55, 0x49, 0x5A, 0x90, 0x0F, 0x21, 0x72, 0x9B, 0xA9, 0x44, 0x87, 0x42, 0x7D,
    0x21, 0x69, 0x10, 0x4A, 0x11, 0xC4, 0xDB, 0x7A, 0x3E, 0x8C, 0x6D, 0x08, 0x7B, 0x44, 0xBB, 0x09,
    0x75, 0x1D, 0xF1, 0x60, 0x4A, 0x0A, 0x34, 0x30, 0x33, 0xE0, 0x03, 0xE8, 0xB8, 0x6C, 0x8B, 0x02,
    0x68, 0x88, 0x17, 0x5C, 0x3E, 0x23, 0x27, 0x56, 0xE1, 0x9B, 0x20, 0xCA, 0x20, 0x5A, 0x79, 0x91,
    0xD8, 0xEC, 0xC8, 0xC7, 0x77, 0xE5, 0x11, 0xFF, 0xF7, 0xE0, 0x09, 0x0E, 0x36, 0x03, 0x46, 0x40,
    0x2B, 0x69, 0xFA, 0x70, 0xBB, 0x70, 0x52, 0x11, 0xCE, 0xAB, 0xFD, 0x6A, 0x63, 0xF8, 0xA0, 0x8E,
    0x38, 0x88, 0x08, 0x48, 0x7B, 0x5E, 0x7F, 0x7F, 0x3D, 0x60, 0x11, 0x3C, 0x63, 0x11, 0x98, 0x66,
    0x4D, 0xF9, 0xFE, 0x46, 0xAD, 0x88, 0x58, 0x49, 0x93, 0x5E, 0x4A, 0x72, 0x89, 0x1D, 0x9E, 0xC0,
    0xF9, 0x4E, 0x84, 0xD3, 0x49, 0x09, 0x0C, 0x88, 0xD8, 0xAB, 0xD8, 0xAC, 0x3E, 0x41, 0xEE, 0x62,
    0x19, 0xD0, 0x1D, 0x3A, 0x91, 0x64, 0x6D, 0xFD, 0xC6, 0xC1, 0x09, 0x89, 0x25, 0x7B, 0x01, 0x76,
    0x08, 0x3A, 0x82, 0x8A, 0x83, 0x93, 0x03, 0xC0, 0xDE, 0x7E, 0xAD, 0x44, 0x39, 0x90, 0xA8, 0x00,
    0x92, 0x01, 0x14, 0xB3, 0xB4, 0xF5, 0xB7, 0x15, 0x93, 0xA0, 0x16, 0xF1, 0xD4, 0x76, 0x99, 0xD2,
    0xB7, 0xCF, 0x36, 0x0F, 0xF2, 0xA4, 0xD2, 0x9C, 0x7C, 0x55, 0xBA, 0xD0, 0x06, 0x98, 0xAC, 0x46,
    0xF1, 0x5F, 0x89, 0x32, 0x21, 0x13, 0xC1, 0x1E, 0x11, 0x6F, 0x8E, 0x69, 0x66, 0xFB, 0x5A, 0x71,
    0x31, 0x02, 0x9E, 0x9D, 0xC0, 0x4C, 0x8C, 0x10, 0x10, 0x1E, 0x34, 0xF4, 0x8A, 0xC4, 0x1B, 0x0D,
    0xA0, 0x65, 0x15, 0x3A, 0xB0, 0xF8, 0x32, 0x7C, 0xD6, 0xC4, 0xA6, 0x4D, 0x0D, 0x92, 0x72, 0xE4,
    0xE1, 0x4E, 0x58, 0xDF, 0xF4, 0x91, 0xF6, 0x88, 0x77, 0xAB, 0xDE, 0xB5, 0x35, 0x37, 0x59, 0xBD,
    0xBA, 0x05, 0xA4, 0x78, 0x6E, 0xC2, 0xE9, 0x77, 0x76, 0x57, 0x65, 0xBB, 0x4C, 0xC0, 0x71, 0xE3,
    0xDE, 0x7F, 0xA9, 0x01, 0xF3, 0x01, 0xFF, 0x70, 0xC6, 0x0A, 0xC0, 0x2D, 0xB1, 0x0B, 0x60, 0xC7,
    0x81, 0xC5, 0x7D, 0x1B, 0x46, 0xD2, 0x43, 0xF8, 0x64, 0x83, 0x4A, 0x44, 0x0B, 0x28, 0x51, 0x27,
    0x83, 0xD1, 0x29, 0x84, 0xB1, 0x0B, 0xB3, 0x24, 0x06, 0xF2, 0x0E, 0x7F, 0x4E, 0x60, 0x45, 0xAE,
    0x6F, 0xC6, 0xB4, 0x87, 0x66, 0x6C, 0x17, 0xBD, 0x18, 0x66, 0x50, 0xAC, 0x21, 0xC1, 0x9E, 0xC4,
    0x0E, 0x20, 0x5A, 0x74, 0x7C, 0xA1, 0xC3, 0x14, 0x59, 0x44, 0xAE, 0x15, 0x0B, 0xA4, 0x06, 0x1E,
    0x0C, 0x25, 0x12, 0x15, 0x3B, 0x40, 0x48, 0xD9, 0x0F, 0xF1, 0x89, 0x10, 0x14, 0xA3, 0x1F, 0x39,
    0x44, 0x6B, 0xA8, 0x78, 0xB8, 0x57, 0x81, 0xF9, 0xE2, 0xC7, 0xD5, 0x00, 0x1F, 0x85, 0x57, 0xD0,
    0x8C, 0x61, 0x52, 0xA5, 0x84, 0xCA, 0xEB, 0x81, 0xB6, 0xEB, 0x23, 0xCA, 0x23, 0x3F, 0x86, 0x91,
    0xC6, 0x03, 0xA0, 0xBC, 0x96, 0x4E, 0x31, 0x85, 0x4E, 0x11, 0xE5, 0xF5, 0x32, 0xC6, 0xAE, 0x68,
    0xBB, 0x4F, 0x12, 0xE5, 0xE7, 0x61, 0xCE, 0x7B, 0xF7, 0xFE, 0xF3, 0xDD, 0x81, 0xBF, 0x61, 0xE1,
    0xCF, 0x0C, 0x2A, 0x24, 0x95, 0x44, 0xDD, 0x8E, 0xA4, 0xB4, 0x64, 0xC5, 0xAB, 0x4A, 0xAE, 0xD9,
    0x51, 0x15, 0xC5, 0xDD, 0xD3, 0x4A, 0xF4, 0xE9, 0xAB, 0x4A, 0xA1, 0xAE, 0xE9, 0xC9, 0x99, 0x98,
    0x78, 0x31, 0xCB, 0x9C, 0x91, 0x53, 0xBE, 0xBD, 0x80, 0x4C, 0x1C, 0x29, 0x98, 0x54, 0xC8, 0xC8,
    0x68, 0x80, 0xB2, 0x89, 0x76, 0xBD, 0xFC, 0xE8, 0xED, 0x7B, 0x6B, 0xBF, 0xD7, 0x86, 0xB5, 0x5B,
    0x3D, 0x1F, 0x6F, 0x3C, 0xD0, 0x41, 0xEB, 0xB0, 0x3E, 0xCD, 0x85, 0x09, 0xBB, 0xBE, 0xB6, 0x39,
    0x78, 0x17, 0x9C, 0x98, 0x6D, 0x24, 0x62, 0x3E, 0xCB, 0xCC, 0xC0, 0xA9, 0x8D, 0xCF, 0x80, 0x4D,
    0x47, 0x05, 0x8C, 0x24, 0x82, 0xCB, 0x09, 0x50, 0x84, 0xDF, 0x11, 0x56, 0x98, 0xCB, 0x1D, 0xA5,
    0xFB, 0x4E, 0x80, 0x02, 0x3C, 0x28, 0xAF, 0x25, 0xAA, 0x2E, 0x84, 0x54, 0xD3, 0xA6, 0x94, 0x11,
    0xBD, 0xEF, 0x48, 0xA1, 0xD1, 0x7B, 0x59, 0x56, 0x9E, 0xD1, 0x83, 0xA3, 0x0E, 0xDF, 0x6C, 0x18,
    0x9A, 0xB5, 0xD1, 0x40, 0x01, 0xDA, 0x19, 0xED, 0xE0, 0x77, 0x8E, 0x74, 0x07, 0xB5, 0x75, 0x9F,
    0x84, 0xBF, 0x3E, 0x95, 0xC8, 0xAC, 0xA6, 0xD7, 0xCB, 0x12, 0x35, 0xF9, 0x16, 0x4B, 0x8B, 0x1E,
    0x96, 0x26, 0x89, 0x75, 0x1D, 0xFC, 0x21, 0xAB, 0xEC, 0xCC, 0x0D, 0x3C, 0x1A, 0x54, 0x32, 0xF2,
    0x18, 0x79, 0xCD, 0xD9, 0xA4, 0xD6, 0x13, 0x48, 0x1D, 0x62, 0x13, 0xF9, 0x2C, 0x22, 0xDE, 0x2A,
    0x95, 0x3B, 0x74, 0x86, 0xBB, 0xC6, 0xC6, 0x94, 0x4E, 0x43, 0xDB, 0x60, 0xE5, 0x94, 0x25, 0x46,
    0x0B, 0xFB, 0xB6, 0xA6, 0x97, 0xBB, 0x0B, 0xB7, 0x13, 0x6A, 0x79, 0x4A, 0x5A, 0x1F, 0xDC, 0xF7,
    0x99, 0x62, 0xED, 0x71, 0xB4, 0xBC, 0x6A, 0xDB, 0x6A, 0x43, 0x0F, 0x7A, 0xF4, 0x96, 0xAB, 0xE1,
    0xB7, 0xA3, 0xBA, 0x6C, 0x05, 0x63, 0xAD, 0x57, 0xC7, 0xB8, 0x8F, 0x53, 0x24, 0x35, 0x0A, 0x32,
    0x52, 0x95, 0x4A, 0xCE, 0x52, 0x22, 0x5F, 0xC2, 0x3A, 0x39, 0x4D, 0xA0, 0xC6, 0xAE, 0xE5, 0x33,
    0x20, 0x87, 0x01, 0xD1, 0x00, 0x11, 0xBC, 0x8C, 0x4C, 0x65, 0x6F, 0xB2, 0x7D, 0xC9, 0x25, 0x60,
    0x3F, 0x33, 0x0C, 0xA3, 0x03, 0x7C, 0x0E, 0xDE, 0x0B, 0x25, 0x3E, 0x5D, 0x5D, 0xDA, 0x6D, 0x4A,
    0xA4, 0x92, 0x63, 0xD1, 0x2E, 0xCF, 0xAD, 0xB2, 0x4D, 0x04, 0xAF, 0x47, 0xE0, 0x02, 0xC4, 0x75,
    0x54, 0xB5, 0xE0, 0x54, 0x2F, 0x26, 0x86, 0xCD, 0x42, 0x8D, 0x15, 0xD4, 0x22, 0x88, 0x39, 0x6E,
    0xA0, 0x0F, 0xE9, 0xB9, 0x63, 0xB6, 0x06, 0x9E, 0x39, 0x61, 0x6D, 0x16, 0xAF, 0xD5, 0x68, 0x8B,
    0xC9, 0x55, 0x00, 0x62, 0x3D, 0x2B, 0x9C, 0xF0, 0x9D, 0x1D, 0xB2, 0xA6, 0x69, 0xA1, 0x16, 0xCB,
    0x6A, 0x20, 0x7C, 0x67, 0x07, 0x7A, 0x3A, 0xC1, 0x76, 0x00, 0x27, 0xD0, 0x52, 0x97, 0xD5, 0x39,
    0xD7, 0xD7, 0x52, 0x8F, 0x39, 0x8D, 0xE7, 0xEB, 0x29, 0xB6, 0x14, 0x54, 0xB3, 0x32, 0x34, 0x89,
    0x9A, 0x69, 0xAC, 0x85, 0xF6, 0xB9, 0xFA, 0x19, 0xA0, 0x4B, 0x4E, 0x17, 0x94, 0x11, 0xA8, 0xC0,
    0xFD, 0x5A, 0xBB, 0xDC, 0xA9, 0x8C, 0x36, 0x64, 0x68, 0x92, 0xAA, 0xAF, 0x17, 0x54, 0x4D, 0x45,
    0x56, 0xCF, 0xE6, 0x2C, 0xC0, 0xBA, 0xB7, 0x16, 0x4B, 0x65, 0x4F, 0xAC, 0x0D, 0xA0, 0x6E, 0x6D,
    0xA9, 0xD7, 0xD6, 0x6F, 0xED, 0xC9, 0x22, 0x97, 0xEB, 0x6A, 0x31, 0xB6, 0x7A, 0xB9, 0x06, 0xCD,
    0xD7, 0x2B, 0xA3, 0xB9, 0xF3, 0x3F, 0x92, 0x31, 0x55, 0xEB, 0xC5, 0xE8, 0x14, 0xEA, 0xF7, 0x05,
    0x75, 0x41, 0x72, 0x70, 0xED, 0xAE, 0xA8, 0x1D, 0x05, 0x30, 0x21, 0x43, 0x09, 0x0B, 0x20, 0x66,
    0x6E, 0x2C, 0x81, 0x61, 0xE5, 0xB2, 0x39, 0x00, 0x0D, 0x40, 0x77, 0x69, 0x35, 0x4B, 0x04, 0x70,
    0x3D, 0x05, 0x0F, 0x1D, 0x67, 0x44, 0x42, 0x00, 0xC9, 0x50, 0xA7, 0x34, 0x12, 0x82, 0x48, 0x1F,
    0xDB, 0xEE, 0x10, 0x53, 0xD5, 0xCA, 0x5E, 0x00, 0x45, 0x28, 0x61, 0xF2, 0x11, 0xD0, 0x52, 0xD1,
    0xAF, 0xE0, 0x93, 0xD1, 0xD4, 0xD3, 0xB2, 0x45, 0xE2, 0x90, 0x7D, 0x76, 0x14, 0x2C, 0x2C, 0xF8,
    0x03, 0x70, 0x21, 0xC0, 0x48, 0x05, 0x8E, 0x49, 0x8D, 0xEC, 0x6E, 0x03, 0x34, 0x4D, 0xD8, 0x0C,
    0x00, 0xA7, 0x09, 0x9D, 0xB1, 0xE0, 0xB9, 0xD2, 0x74, 0x9E, 0xF8, 0xE3, 0xEB, 0x97, 0xC4, 0xC3,
    0x6F, 0xA7, 0x30, 0xBF, 0x35, 0xEC, 0xAB, 0x1B, 0x34, 0x6E, 0x8D, 0x3F, 0x64, 0x63, 0x0E, 0xDA,
    0x7E, 0x87, 0x5C, 0x5C, 0x84, 0xEE, 0x68, 0xB9, 0x86, 0x86, 0x28, 0x2D, 0xB7, 0x48, 0xF6, 0xCA,
    0xBD, 0xCC, 0x84, 0x56, 0xF5, 0x81, 0x45, 0x16, 0xA4, 0x3A, 0x23, 0x29, 0x47, 0xAB, 0x19, 0x1E,
    0x42, 0x3E, 0x10, 0xED, 0x47, 0xB2, 0xAE, 0x33, 0xEC, 0xDD, 0xD4, 0x2B, 0xEF, 0xAE, 0xDF, 0x2E,
    0x63, 0x76, 0x83, 0xF9, 0x74, 0x88, 0xC9, 0x0F, 0x77, 0xF5, 0xFE, 0xFB, 0xB0, 0x49, 0xAD, 0xA6,
    0xDB, 0x56, 0x07, 0x34, 0xEF, 0x1C, 0x89, 0x3E, 0xB4, 0xDE, 0x61, 0x14, 0x0C, 0x68, 0xDC, 0xD0,
    0x47, 0x53, 0x7C, 0x43, 0x30, 0xFB, 0x56, 0xD4, 0x92, 0x15, 0x30, 0x2E, 0x1D, 0x25, 0x3A, 0x5D,
    0x40, 0x39, 0xA7, 0x55, 0xA0, 0xB1, 0xB1, 0x57, 0x92, 0xED, 0x1E, 0x8D, 0xF4, 0x5E, 0x21, 0x94,
    0x65, 0x5F, 0xA3, 0xAA, 0xC9, 0x46, 0xEF, 0xC6, 0xDD, 0xBC, 0x86, 0x39, 0x7E, 0xB5, 0x21, 0xE8,
    0x34, 0x85, 0x9E, 0x5E, 0x53, 0xF4, 0x61, 0x7B, 0x3C, 0xCF, 0x8A, 0x3E, 0xDA, 0x7D, 0x8D, 0xF2,
    0xC3, 0x05, 0xC0, 0xBB, 0x1E, 0x19, 0x54, 0x2D, 0x16, 0xA8, 0x5F, 0xBD, 0xEB, 0x4B, 0xE5, 0x5F,
    0x2A, 0x59, 0x52, 0xD5, 0xBA, 0xB9, 0x07, 0x47, 0x38, 0x49, 0xBD, 0x1E, 0xD8, 0x2A, 0x47, 0xA5,
    0xF2, 0xF7, 0xAE, 0x74, 0x64, 0xA5, 0x3C, 0x2F, 0x2B, 0x5D, 0xE5, 0x6B, 0x3A, 0x27, 0x56, 0x94,
    0x42, 0xA4, 0xE6, 0x6E, 0xA7, 0x50, 0x73, 0x38, 0xAE, 0x7D, 0xA7, 0x84, 0x90, 0xEA, 0x84, 0xA9,
    0x98, 0xB3, 0x9D, 0x0C, 0xF3, 0x54, 0x27, 0x1E, 0x76, 0x43, 0xEB, 0x15, 0x95, 0x43, 0xB3, 0xDE,
    0x73, 0xEA, 0x67, 0x9E, 0x92, 0x8A, 0x57, 0x15, 0xBB, 0xDF, 0x51, 0x84, 0xB6, 0xAF, 0x6E, 0x99,
    0x2B, 0x26, 0xCD, 0x67, 0xCC, 0x48, 0x4A, 0x05, 0xE8, 0x7D, 0xF5, 0x15, 0x59, 0xA4, 0x07, 0xBA,
    0xE8, 0x7B, 0x05, 0x5D, 0xEB, 0x0D, 0x18, 0x4E, 0xB3, 0x72, 0x94, 0x76, 0x94, 0xC1, 0x1D, 0x74,
    0xAD, 0xF5, 0x86, 0xED, 0x70, 0xA2, 0x76, 0x04, 0x7E, 0xE1, 0xFA, 0xBE, 0x47, 0xD8, 0x44, 0x20,
    0x67, 0x89, 0xFD, 0x41, 0x36, 0x54, 0x31, 0x7F, 0xA0, 0x3A, 0x7A, 0xBE, 0xEA, 0xCC, 0x48, 0x65,
    0x7E, 0xE8, 0x7E, 0x93, 0x03, 0x5E, 0x68, 0x56, 0x5A, 0xC4, 0x1F, 0x47, 0x64, 0x9A, 0xFD, 0x34,
    0x41, 0x3B, 0x95, 0x16, 0xA7, 0x68, 0xA7, 0x32, 0xA2, 0x65, 0xB4, 0x53, 0xE9, 0xE1, 0xE5, 0x23,
    0x68, 0x9A, 0x1D, 0xB5, 0x24, 0xEB, 0xF1, 0x12, 0x36, 0xD7, 0x48, 0x0B, 0xB2, 0x39, 0xA7, 0x7D,
    0x6C, 0xAE, 0x16, 0xBF, 0x7E, 0x44, 0x9A, 0x2B, 0x35, 0x35, 0xC1, 0xCF, 0xBE, 0x4E, 0x46, 0x49,
    0x6C, 0x7C, 0x8B, 0x1A, 0xAF, 0x1D, 0xD9, 0xC6, 0xF7, 0xCA, 0x62, 0x30, 0xBA, 0x81, 0x14, 0xB6,
    0xA1, 0xD9, 0xA5, 0x2A, 0xA6, 0x7F, 0x6F, 0x31, 0xAB, 0xA5, 0xA6, 0xA2, 0xA7, 0x8C, 0xBF, 0xCA,
    0xAF, 0x67, 0xF4, 0x3B, 0xA1, 0x34, 0x33, 0x4B, 0x91, 0xDA, 0x8A, 0xCC, 0x98, 0xA7, 0x66, 0xC8,
    0xC2, 0x13, 0x55, 0x56, 0x55, 0x65, 0x87, 0xE9, 0xB8, 0x34, 0x01, 0x01, 0xD5, 0x4D, 0x72, 0xE9,
    0x28, 0x94, 0x46, 0xA1, 0x5E, 0x99, 0x0C, 0x9B, 0x80, 0xCC, 0x98, 0xA7, 0x26, 0x80, 0x84, 0xA6,
    0xE6, 0xC2, 0xAB, 0xA0, 0x08, 0x54, 0x21, 0x3C, 0x1D, 0x65, 0x0B, 0x82, 0xA9, 0x59, 0xAA, 0xC1,
    0x4B, 0x67, 0x98, 0x65, 0xF5, 0x1A, 0x07, 0x71, 0xF3, 0xAB, 0xFB, 0x4C, 0x59, 0x0E, 0xDC, 0x70,
    0xFB, 0x8D, 0xEE, 0xE9, 0x05, 0x09, 0x63, 0x06, 0x77, 0xCD, 0x8C, 0x49, 0x78, 0xB4, 0xA0, 0x13,
    0x67, 0xB9, 0x2F, 0x6E, 0x48, 0x8A, 0x0C, 0xD0, 0x19, 0x3B, 0xD6, 0xD3, 0x0E, 0xF2, 0xBC, 0xDB,
    0x69, 0x97, 0x3A, 0x93, 0xEE, 0x70, 0x57, 0x48, 0x32, 0x7C, 0x89, 0xBB, 0x66, 0xC6, 0x05, 0x77,
    0xA2, 0xC7, 0x28, 0x45, 0xFE, 0xC3, 0x9E, 0xEF, 0x25, 0x44, 0x06, 0xED, 0xF2, 0xEA, 0x64, 0x2F,
    0x13, 0x86, 0x24, 0x34, 0x3D, 0x1E, 0xBE, 0x56, 0x59, 0xAC, 0x0D, 0xB5, 0x54, 0xB9, 0xA5, 0xEF,
    0xFB, 0x48, 0xE3, 0xB2, 0xC4, 0x66, 0x70, 0x3D, 0xE7, 0xA3, 0x95, 0xF2, 0x11, 0xB0, 0x94, 0x8F,
    0xEC, 0x47, 0xA0, 0x18, 0x86, 0x98, 0xA5, 0x62, 0x8B, 0x86, 0x31, 0x43, 0xE8, 0x93, 0x16, 0x6F,
    0xA2, 0xF8, 0x7B, 0x31, 0x85, 0x23, 0xF4, 0x0D, 0xBD, 0x56, 0x71, 0x9F, 0x28, 0xAD, 0xC9, 0x23,
    0x08, 0x47, 0x49, 0x5B, 0xE5, 0xF8, 0x59, 0x31, 0x0F, 0x9F, 0x1D, 0x79, 0x32, 0x58, 0x83, 0x06,
    0xEF, 0x76, 0x29, 0xC9, 0x6A, 0x2E, 0x87, 0x6E, 0x6D, 0x80, 0xA8, 0xB2, 0x50, 0xFE, 0x00, 0x65,
    0x5A, 0x97, 0xFA, 0xFD, 0x94, 0x59, 0x2D, 0x13, 0xAA, 0x72, 0x82, 0x4A, 0x97, 0x4A, 0x8F, 0x4A,
    0x12, 0xF4, 0xB3, 0x9D, 0xCA, 0x32, 0xA9, 0x93, 0xA1, 0x92, 0x91, 0x96, 0x4B, 0x33, 0xEE, 0x71,
    0xDF, 0x02, 0x24, 0xC8, 0x6E, 0x82, 0x53, 0xD3, 0x06, 0x91, 0xBD, 0x4F, 0x53, 0x32, 0xA5, 0x19,
    0x89, 0x13, 0x76, 0xFD, 0xBB, 0x2A, 0x6C, 0x08, 0xBD, 0x7C, 0xEC, 0x95, 0xEE, 0x7D, 0x92, 0xA3,
    0x79, 0xA7, 0xE0, 0x70, 0x29, 0x3D, 0x66, 0x99, 0x88, 0x08, 0x86, 0x0D, 0xC5, 0x14, 0x14, 0x20,
    0xE4, 0x07, 0x78, 0x23, 0x74, 0x3C, 0x96, 0xC2, 0xB9, 0x03, 0x72, 0x12, 0x09, 0x30, 0x9E, 0xB8,
    0x77, 0xE1, 0x2B, 0x29, 0x8B, 0xEF, 0x18, 0x56, 0x45, 0xA4, 0x14, 0x73, 0xDD, 0x6F, 0x50, 0x05,
    0xA6, 0x04, 0x5C, 0xEE, 0x4D, 0x0C, 0xF4, 0x06, 0x51, 0xE3, 0x6B, 0x59, 0x18, 0x33, 0x13, 0x56,
    0x9C, 0x58, 0x6F, 0x27, 0x65, 0x89, 0xA1, 0x97, 0xD3, 0x4C, 0xCF, 0x09, 0x27, 0x72, 0x56, 0x8A,
    0xFA, 0x15, 0x3C, 0x61, 0x6A, 0xB3, 0x69, 0x37, 0x40, 0x86, 0x0B, 0x24, 0x4D, 0x2B, 0x03, 0xA0,
    0x68, 0xB7, 0x0B, 0x82, 0x5E, 0x56, 0x41, 0xEF, 0xFA, 0x77, 0x6B, 0x01, 0x83, 0x49, 0x31, 0x0B,
    0x70, 0x2C, 0x12, 0x38, 0x34, 0x4B, 0x29, 0x8E, 0x4E, 0x2B, 0x50, 0x15, 0x34, 0x52, 0x34, 0xE2,
    0x19, 0x31, 0x06, 0xF1, 0x98, 0x91, 0x41, 0x48, 0x6A, 0x7C, 0x9C, 0xC0, 0xE3, 0xAC, 0x0F, 0x72,
    0xF8, 0xD6, 0x06, 0x02, 0xAB, 0xE7, 0x5E, 0xD8, 0xC7, 0x19, 0x8E, 0x32, 0x22, 0xD0, 0xB3, 0xBE,
    0xF7, 0x6E, 0x59, 0x7E, 0x9C, 0x93, 0x10, 0x9F, 0xB9, 0xE5, 0x1D, 0x07, 0x7E, 0x75, 0x95, 0x46,
    0xEC, 0x90, 0x9C, 0x5B, 0xC7, 0xCF, 0xA7, 0x7A, 0xEC, 0x9A, 0x3B, 0xBA, 0x3D, 0xC7, 0x66, 0xD6,
    0x82, 0xCD, 0xC4, 0x05, 0x8B, 0x50, 0xCB, 0xCE, 0x20, 0xBA, 0xB7, 0xC2, 0x56, 0x19, 0x76, 0x76,
    0x45, 0xD7, 0x1F, 0xAC, 0xB3, 0x7F, 0x1C, 0xF4, 0x44, 0xBB, 0x3B, 0x31, 0x6D, 0x77, 0xFE, 0xCC,
    0xFE, 0xE3, 0xBF, 0xFE, 0x57, 0xC6, 0x0F, 0x73, 0xE3, 0x27, 0x89, 0x09, 0xB3, 0xF4, 0xBB, 0xF7,
    0xFC, 0xED, 0xB8, 0x33, 0x80, 0x1F, 0x65, 0xA4, 0xFF, 0xEF, 0x58, 0x8F, 0x62, 0xED, 0xD3, 0x18,
    0xB5, 0xFE, 0x8E, 0x0F, 0xCC, 0xC7, 0x5B, 0xDB, 0xEB, 0x27, 0xCF, 0x89, 0xF3, 0xED, 0xF3, 0x6D,
    0xDA, 0xE6, 0x97, 0xE7, 0x7A, 0xA9, 0xFB, 0xE9, 0x1A, 0x46, 0x9B, 0xC1, 0x84, 0xE8, 0xA4, 0x1B,
    0x4B, 0xC9, 0xEC, 0xE6, 0x56, 0x27, 0xB9, 0x18, 0x60, 0x0C, 0x8F, 0x9B, 0x4D, 0x22, 0xFB, 0x10,
    0x6F, 0x3A, 0x7D, 0xF2, 0x6C, 0xB7, 0x7C, 0x2F, 0xDE, 0xF1, 0x31, 0x4C, 0x62, 0x7B, 0xC2, 0xCD,
    0xCB, 0xAC, 0x4B, 0xBE, 0xCE, 0xD1, 0x73, 0x62, 0x79, 0x19, 0xEF, 0x7E, 0x0E, 0x7F, 0xD3, 0x89,
    0xCC, 0x22, 0x80, 0x79, 0x3E, 0x9F, 0x88, 0xA5, 0x2D, 0xB1, 0xD9, 0xC6, 0x12, 0x18, 0x15, 0x3C,
    0x71, 0xEA, 0xCC, 0xA6, 0xBD, 0x39, 0xBD, 0xB2, 0xE2, 0x65, 0xD6, 0xDA, 0xF5, 0x75, 0x1F, 0xE6,
    0xE9, 0xD3, 0x0B, 0x62, 0x4A, 0x13, 0xA9, 0xED, 0x2F, 0xDB, 0x62, 0x6E, 0x46, 0x38, 0x6D, 0xF4,
    0xB2, 0x02, 0x03, 0x01, 0x96, 0x0A, 0xCD, 0x01, 0x09, 0x1B, 0x90, 0xC3, 0xDE, 0x12, 0x33, 0x6D,
    0xD1, 0xBE, 0x22, 0x36, 0x6D, 0xB1, 0x41, 0x63, 0xD1, 0x02, 0xB2, 0xE9, 0x01, 0x63, 0x47, 0xEC,
    0xD0, 0x48, 0xEC, 0x5E, 0x4D, 0x31, 0x5C, 0x65, 0x63, 0x49, 0xBC, 0x97, 0xA0, 0x79, 0xC6, 0xBE,
    0x03, 0x23, 0x1C, 0x8A, 0x8B, 0xE1, 0x19, 0xE1, 0xBB, 0x5F, 0x0F, 0x1D, 0x68, 0x4D, 0x17, 0x29,
    0x26, 0x1C, 0x57, 0xCF, 0x8A, 0x4D, 0x57, 0xF8, 0x67, 0x29, 0x66, 0x09, 0x28, 0x42, 0x77, 0x0D,
    0x15, 0x55, 0x40, 0x8E, 0xE5, 0x89, 0x67, 0x16, 0xF3, 0x5E, 0x99, 0xFF, 0x11, 0xF3, 0x6F, 0x8C,
    0x22, 0x4C, 0xDC, 0xCC, 0x8A, 0xD1, 0x55, 0x35, 0xC9, 0x9E, 0x52, 0xDF, 0x85, 0x7E, 0xE1, 0x3C,
    0xB6, 0x23, 0x2B, 0xB2, 0x62, 0xE4, 0xEA, 0x03, 0x2E, 0xF0, 0x4C, 0xCF, 0x34, 0xFC, 0xCB, 0x81,
    0xE5, 0x65, 0x84, 0xBF, 0x53, 0x18, 0xEC, 0x01, 0x00, 0xDA, 0xEE, 0xA0, 0xBD, 0xC0, 0xD7, 0x33,
    0xAF, 0xE8, 0x25, 0x68, 0x85, 0x71, 0x80, 0x32, 0x38, 0x7F, 0xE9, 0x8F, 0x7A, 0xE5, 0x63, 0xDE,
    0x55, 0x50, 0x97, 0x31, 0xBC, 0xA7, 0xBC, 0xEB, 0x8D, 0x5D, 0xD1, 0xB9, 0xA9, 0x55, 0x31, 0xA9,
    0x81, 0x2C, 0xE1, 0xF8, 0xC0, 0x8A, 0x5C, 0x7C, 0x9E, 0x27, 0xB6, 0xDD, 0xC0, 0x13, 0xB9, 0x13,
    0xF5, 0x5E, 0xCC, 0x31, 0x8A, 0x2F, 0xB3, 0xCB, 0xCF, 0xCB, 0xC4, 0xFE, 0x24, 0xEA, 0xFA, 0x35,
    0x49, 0x57, 0x5C, 0x5B, 0x16, 0xC6, 0xB8, 0x22, 0x55, 0x05, 0x3D, 0x90, 0x38, 0x21, 0x15, 0x5A,
    0xD6, 0x08, 0x83, 0x92, 0xD1, 0x10, 0x78, 0xBF, 0x4E, 0x42, 0x9A, 0x9B, 0xD5, 0x67, 0xB2, 0x8B,
    0x8C, 0xA5, 0xDB, 0xF0, 0x3B, 0x50, 0x6C, 0x09, 0xD0, 0x3C, 0x97, 0xE6, 0x62, 0x4C, 0x26, 0x7B,
    0xF4, 0xD4, 0xB8, 0x51, 0x7D, 0x6D, 0x5F, 0x5E, 0xDB, 0x27, 0x51, 0x47, 0xBC, 0xEE, 0x95, 0xBD,
    0xDC, 0x2E, 0xCB, 0xBE, 0xD6, 0x93, 0x91, 0xB2, 0x1A, 0x5B, 0xF1, 0x60, 0x2E, 0xA3, 0x58, 0x10,
    0xDA, 0xB1, 0x83, 0x44, 0x15, 0x04, 0x47, 0x03, 0x80, 0xA0, 0xE5, 0x5D, 0x8E, 0xB5, 0x41, 0x06,
    0x82, 0xFB, 0x4E, 0x2E, 0xFF, 0xC7, 0x18, 0x1C, 0x60, 0x9D, 0x99, 0x17, 0x59, 0x29, 0xC0, 0x24,
    0xC1, 0xDF, 0xAA, 0xA8, 0x33, 0x72, 0x15, 0x78, 0x1F, 0x5D, 0xDF, 0xC0, 0x58, 0xA4, 0x04, 0x59,
    0x29, 0xF4, 0xFE, 0xD5, 0xFF, 0x92, 0x28, 0xFB, 0x92, 0x9E, 0x0E, 0x14, 0x75, 0xEF, 0xD9, 0xFD,
    0x39, 0xAE, 0xE8, 0x57, 0x96, 0x85, 0x6E, 0x65, 0x6F, 0x18, 0x62, 0xBB, 0xEE, 0x20, 0xDB, 0x45,
    0x04, 0xC7, 0x11, 0x25, 0x8F, 0x07, 0xD1, 0x2F, 0xCF, 0x47, 0xBE, 0xD9, 0x23, 0x0C, 0xE9, 0xE3,
    0x9C, 0xE0, 0x48, 0x3A, 0x18, 0x01, 0x23, 0xC3, 0x8A, 0xC6, 0xD6, 0xA5, 0x3E, 0x5D, 0x50, 0x10,
    0x42, 0x75, 0xC8, 0xAD, 0x05, 0x28, 0x80, 0xB3, 0x3A, 0xE8, 0x10, 0x45, 0xEC, 0x12, 0x79, 0xCC,
    0x69, 0xC8, 0xB1, 0x34, 0x7F, 0x49, 0xC3, 0xFA, 0x19, 0x8D, 0x30, 0x05, 0xC7, 0xEA, 0x6C, 0x1F,
    0x64, 0x13, 0x28, 0x97, 0xBD, 0x40, 0xD2, 0x9C, 0xC1, 0xC5, 0x01, 0x52, 0xB1, 0x94, 0xBE, 0xB3,
    0x46, 0x30, 0x6D, 0x8F, 0xEF, 0x90, 0x54, 0xA5, 0xF6, 0x39, 0x3D, 0xE5, 0x97, 0x19, 0x05, 0xE2,
    0xD2, 0x73, 0x51, 0xFC, 0x83, 0x96, 0x14, 0x44, 0xF6, 0x7B, 0xDC, 0x4D, 0x9F, 0x5A, 0x1B, 0x60,
    0xCB, 0xB1, 0xB3, 0x5D, 0xEA, 0x4B, 0x8E, 0xA2, 0x02, 0xF7, 0x0E, 0xB0, 0xCF, 0x60, 0xDA, 0x90,
    0x13, 0x86, 0xE5, 0xD4, 0xCD, 0x82, 0x39, 0xA6, 0xE0, 0x9F, 0xBB, 0x95, 0x91, 0x08, 0xE6, 0xC3,
    0xD3, 0x3E, 0xD0, 0x7D, 0xD4, 0x70, 0x73, 0xE1, 0x7C, 0x54, 0xC0, 0xB7, 0x1D, 0x00, 0xBE, 0xE7,
    0xEF, 0x00, 0x90, 0xB7, 0xE1, 0xB7, 0xB8, 0xA3, 0x6B, 0xDE, 0x5B, 0xB3, 0x43, 0x9C, 0x91, 0x18,
    0xA6, 0xA5, 0xF5, 0x3E, 0x8E, 0x38, 0x88, 0x13, 0x77, 0x23, 0x1E, 0x9C, 0x7B, 0xBA, 0x0C, 0x82,
    0xA2, 0xA0, 0xCF, 0xAC, 0x81, 0xCD, 0x14, 0x5F, 0x8A, 0xB1, 0xA5, 0x18, 0x57, 0x8A, 0x31, 0xA5,
    0x14, 0x65, 0x79, 0x53, 0x85, 0x01, 0x61, 0x8B, 0x3C, 0x89, 0x04, 0x39, 0xFF, 0x1C, 0x6F, 0x87,
    0x8F, 0xE0, 0xA0, 0x65, 0x76, 0x66, 0xCD, 0xCB, 0xB8, 0xD0, 0x9C, 0x9F, 0x82, 0xB1, 0xA0, 0x18,
    0x07, 0x8A, 0x31, 0xA0, 0x18, 0xFF, 0x89, 0xB1, 0x9F, 0x17, 0x18, 0x47, 0xB7, 0xB1, 0xDB, 0xE2,
    0xAC, 0x98, 0x16, 0x73, 0x62, 0x5B, 0x4F, 0xAD, 0xC8, 0xF3, 0xFB, 0xD2, 0xCB, 0x75, 0x16, 0xD1,
    0x04, 0xF0, 0x02, 0xA3, 0x2E, 0x7D, 0xF8, 0x1A, 0x83, 0x15, 0x6E, 0x90, 0xD5, 0xB3, 0x4B, 0x8D,
    0x38, 0xDB, 0x64, 0x5A, 0xFF, 0x18, 0x8B, 0x37, 0xB1, 0xD8, 0xAC, 0x7C, 0xFA, 0xB9, 0x44, 0xE6,
    0xEB, 0xEF, 0x16, 0xEB, 0x37, 0x71, 0xE5, 0x43, 0xA0, 0x91, 0xBC, 0x4D, 0x6B, 0x27, 0x6C, 0x96,
    0x43, 0xD1, 0xB8, 0x89, 0x56, 0x98, 0x0E, 0xB2, 0xEE, 0x2D, 0xEC, 0x4F, 0x24, 0x66, 0x91, 0x9E,
    0x7E, 0x69, 0x3C, 0x07, 0x3D, 0x52, 0x21, 0x0C, 0xC7, 0x42, 0x5B, 0x53, 0xEC, 0x14, 0x79, 0x54,
    0x2A, 0xBA, 0xB9, 0x96, 0xCC, 0x19, 0xE1, 0xDC, 0x1B, 0xEF, 0x6F, 0xC3, 0x93, 0xBE, 0xB2, 0xEE,
    0x37, 0x97, 0x6A, 0xE0, 0x60, 0x3D, 0xC4, 0xA7, 0x4F, 0x9F, 0x1D, 0xF5, 0xD1, 0xAE, 0xA2, 0x2B,
    0x7B, 0xFE, 0x1A, 0x86, 0xE3, 0xC2, 0x67, 0x4E, 0x58, 0xDF, 0x2C, 0xBC, 0xB2, 0xFF, 0x42, 0x6F,
    0xED, 0xE0, 0x9F, 0x65, 0x07, 0x07, 0x1B, 0xCD, 0x66, 0xED, 0xB3, 0x57, 0x8D, 0x07, 0xB9, 0x1C,
    0x44, 0x0B, 0xEC, 0x21, 0xC5, 0xEF, 0xB4, 0x79, 0xC2, 0x59, 0xDF, 0xC1, 0x25, 0x36, 0x85, 0xF8,
    0x6A, 0xD5, 0xCF, 0x47, 0x8F, 0xE6, 0x9B, 0x1F, 0x0D, 0x15, 0xD8, 0xBB, 0xD4, 0xA8, 0xEC, 0xE1,
    0x3A, 0x17, 0xB3, 0xC4, 0xD2, 0xBE, 0x7B, 0x13, 0x4A, 0x97, 0xFC, 0x07, 0x44, 0xD4, 0xA4, 0xF3,
    0x9B, 0x4B, 0x26, 0x25, 0x76, 0xA4, 0x41, 0x69, 0x65, 0x8B, 0xC0, 0xE0, 0x61, 0x76, 0x86, 0x9E,
    0x0F, 0xD8, 0xE3, 0xBB, 0x3E, 0xE2, 0x13, 0x94, 0x77, 0x90, 0xE4, 0xEC, 0x0E, 0x59, 0xCD, 0x9B,
    0xA5, 0x5A, 0x1F, 0xC2, 0x8D, 0xC8, 0xA5, 0x59, 0x55, 0x46, 0x21, 0x17, 0xDF, 0x6B, 0x7A, 0x61,
    0x07, 0x4D, 0x02, 0xA0, 0xD6, 0xD0, 0x11, 0xB8, 0x2E, 0x02, 0x1E, 0xD5, 0x1B, 0x80, 0x90, 0x8F,
    0x2A, 0x8E, 0xDE, 0xBF, 0x18, 0xA2, 0x9A, 0x03, 0xF8, 0x1C, 0xA3, 0x88, 0x04, 0xED, 0x5A, 0x43,
    0x75, 0xA7, 0x03, 0xCD, 0x41, 0x75, 0xC7, 0xDB, 0x15, 0x74, 0x9C, 0xA7, 0xF8, 0x05, 0x19, 0xE3,
    0x5F, 0xF4, 0x62, 0x69, 0xCA, 0xE1, 0x59, 0xAC, 0xDC, 0x53, 0x93, 0x55, 0xF8, 0x7D, 0x58, 0x89,
    0xBC, 0x34, 0x77, 0xE5, 0xFC, 0x5F, 0xCC, 0xA5, 0x3B, 0x2B, 0x96, 0x3E, 0x3B, 0x69, 0xDD, 0xBC,
    0xA3, 0xE4, 0xDD, 0x3D, 0xEC, 0x1E, 0xAE, 0x72, 0x9C, 0xC9, 0xA3, 0x8C, 0xC6, 0x16, 0x5A, 0xC2,
    0xF0, 0xD0, 0x63, 0x86, 0x87, 0x19, 0x31, 0x3C, 0x80, 0x34, 0x13, 0x3C, 0xCE, 0x9E, 0x2C, 0x78,
    0x68, 0xFE, 0x18, 0x2F, 0xA8, 0x5E, 0xAF, 0x72, 0x32, 0x8B, 0x4D, 0xA5, 0xBB, 0xC9, 0x88, 0x7B,
    0xD4, 0xDF, 0x54, 0x1B, 0x00, 0xDF, 0xD5, 0xB2, 0x06, 0xD0, 0xE3, 0x64, 0x15, 0x75, 0x39, 0x79,
    0x01, 0x32, 0x05, 0xD8, 0x7D, 0x09, 0x24, 0xA3, 0x4F, 0x3A, 0x3F, 0x5D, 0xC7, 0xEB, 0xD6, 0x5C,
    0x8E, 0xD9, 0x09, 0xA4, 0x7E, 0xD7, 0x43, 0x88, 0xB0, 0x8E, 0xD7, 0xDB, 0xAD, 0xF4, 0xBC, 0x79,
    0x96, 0x95, 0x34, 0xB9, 0x06, 0x45, 0xEA, 0x7B, 0x95, 0x40, 0xC5, 0xEB, 0x55, 0xEA, 0x55, 0x2D,
    0xA2, 0x3F, 0x54, 0x65, 0x43, 0x43, 0xAF, 0x76, 0xDF, 0x48, 0x3D, 0x50, 0xF9, 0x4A, 0x1D, 0x69,
    0xD6, 0x67, 0x7D, 0x50, 0x79, 0x4A, 0x25, 0xE0, 0x94, 0x5E, 0x28, 0x86, 0x75, 0xC3, 0x96, 0x3F,
    0xCC, 0xD2, 0xEA, 0xCA, 0xBF, 0x0F, 0x94, 0x0B, 0x43, 0x2D, 0x06, 0xB9, 0xAB, 0x0C, 0xF7, 0xB4,
    0x8E, 0x09, 0x1B, 0xF5, 0x62, 0xAA, 0x60, 0xA8, 0x30, 0xB1, 0xF4, 0x8F, 0x3A, 0xC3, 0xBC, 0x39,
    0x1C, 0x2F, 0xB9, 0x57, 0xE0, 0x64, 0x25, 0x48, 0x8C, 0xBF, 0xF8, 0xD6, 0x71, 0x08, 0x1A, 0x3D,
    0x2E, 0xD1, 0xAC, 0x07, 0x35, 0x28, 0xEA, 0xAB, 0xE3, 0x14, 0x8D, 0x5A, 0x4A, 0xF8, 0x9C, 0xB5,
    0xFC, 0xA1, 0x8A, 0x7D, 0x5B, 0xB6, 0xAE, 0x5E, 0xE6, 0x3C, 0xE2, 0x70, 0x73, 0xF6, 0xEE, 0xE9,
    0x97, 0xAB, 0x9E, 0x6E, 0xEE, 0x1D, 0xDE, 0xBA, 0x79, 0x8A, 0xC6, 0x07, 0x86, 0xC6, 0x17, 0x14,
    0xC0, 0xBD, 0x97, 0xA3, 0xA1, 0xB1, 0x70, 0xD5, 0x30, 0xED, 0x17, 0xB8, 0x3D, 0xB2, 0x78, 0xF9,
    0xCB, 0xBA, 0x3F, 0x74, 0x9F, 0x6A, 0x94, 0xEB, 0x1B, 0x8A, 0xE3, 0x1A, 0xA0, 0x7C, 0x4C, 0x47,
    0xF9, 0x4C, 0x3D, 0xCA, 0xC3, 0x70, 0x76, 0x1E, 0x64, 0x50, 0xD4, 0x7D, 0x98, 0x09, 0x73, 0x48,
    0xEF, 0x2E, 0x9D, 0x62, 0x66, 0xCA, 0xE5, 0xD6, 0x44, 0x2D, 0xD5, 0xB2, 0x48, 0xB3, 0x7B, 0x82,
    0x22, 0x89, 0x47, 0xA3, 0xA5, 0xCD, 0x11, 0x4C, 0x3D, 0xC9, 0xB1, 0xD4, 0xAA, 0xE5, 0xD8, 0x28,
    0x97, 0x02, 0x7E, 0xA6, 0xD7, 0x7B, 0xE5, 0xDD, 0x35, 0x5A, 0x99, 0x9C, 0x90, 0x63, 0x27, 0x21,
    0xC1, 0xF9, 0xA6, 0xF4, 0xF1, 0x70, 0xB8, 0x88, 0xD5, 0xAF, 0x1D, 0x40, 0x84, 0xE2, 0x4C, 0x43,
    0xAA, 0xF8, 0xD2, 0xCA, 0xF4, 0xA6, 0x14, 0xB3, 0x2B, 0x26, 0xBA, 0x1A, 0x90, 0x2C, 0xED, 0xC8,
    0xF2, 0x12, 0x80, 0x72, 0xA0, 0xE5, 0x7E, 0xDD, 0x72, 0x9B, 0x23, 0x52, 0xF1, 0x79, 0xDF, 0xD2,
    0x70, 0xE5, 0x65, 0x46, 0xB9, 0x1A, 0x72, 0xCA, 0x17, 0x00, 0x77, 0xFF, 0x4A, 0xF7, 0xD6, 0x21,
    0xC1, 0x1C, 0x8D, 0x8F, 0x6E, 0xA0, 0x53, 0xF0, 0x19, 0xD6, 0x3B, 0xC4, 0xF1, 0x56, 0xA9, 0xDC,
    0xA1, 0x33, 0x3B, 0xD4, 0xD7, 0xAE, 0xFA, 0xF6, 0xA1, 0xB0, 0x4E, 0x62, 0x57, 0xC3, 0x77, 0xC7,
    0x30, 0x63, 0x6A, 0x4B, 0x0E, 0x73, 0x3D, 0xEF, 0x54, 0xA5, 0xB8, 0xF5, 0xD5, 0x53, 0xAC, 0xBB,
    0x37, 0xD6, 0x21, 0x8E, 0x39, 0x01, 0x62, 0x97, 0x27, 0xB8, 0x9C, 0x6E, 0x91, 0x83, 0x6B, 0x43,
    0x8D, 0x9A, 0x1A, 0x3B, 0x94, 0xE9, 0x1E, 0x0D, 0xEB, 0x0E, 0xB6, 0xE5, 0x9E, 0x85, 0xA9, 0x24,
    0x3A, 0xDC, 0x72, 0x1B, 0xCB, 0x09, 0xD0, 0x29, 0x57, 0xA9, 0xDC, 0xA1, 0x33, 0x3B, 0x02, 0xBF,
    0xED, 0x0A, 0xBC, 0xF2, 0xE1, 0x5A, 0x2E, 0xBE, 0x25, 0x85, 0x2D, 0xDC, 0xDF, 0xFB, 0x1E, 0xEA,
    0x89, 0xB0, 0xDF, 0xF6, 0xC5, 0xB6, 0xE5, 0x6B, 0xE9, 0xA2, 0x8F, 0x2B, 0x15, 0xCC, 0x32, 0x1D,
    0xBF, 0x82, 0xE0, 0x20, 0x57, 0x41, 0x1C, 0xC4, 0xBD, 0x56, 0xE1, 0xB2, 0xA4, 0xCD, 0x3B, 0xD6,
    0x11, 0xB2, 0xDA, 0x41, 0xB7, 0xB5, 0xA1, 0xA3, 0x92, 0x5D, 0x39, 0xAA, 0x83, 0x77, 0x8E, 0x04,
    0x2C, 0xF7, 0x6E, 0x1F, 0x06, 0x73, 0x19, 0x20, 0x8D, 0xE0, 0xAE, 0x45, 0xAF, 0x1F, 0xFD, 0xF1,
    0x1C, 0x50, 0xC5, 0xCE, 0x0B, 0x3D, 0xEB, 0x01, 0x55, 0xEA, 0x09, 0x2D, 0x9D, 0x1B, 0x8C, 0xFF,
    0x6A, 0xAC, 0xD4, 0x19, 0xE8, 0x63, 0xFC, 0xFA, 0xA1, 0xC2, 0x59, 0x4F, 0xB6, 0xE1, 0x17, 0x05,
    0x3F, 0x6B, 0xED, 0xB9, 0xC7, 0xB7, 0x6A, 0x08, 0x9E, 0xC5, 0x7D, 0x2C, 0xA8, 0x0D, 0x23, 0x63,
    0x7B, 0x98, 0xFD, 0xBE, 0x2C, 0x6A, 0xD3, 0x6E, 0xFB, 0x0F, 0x90, 0x9B, 0x04, 0xC2, 0xFB, 0x38,
    0x14, 0xF3, 0x46, 0xA8, 0x6D, 0x3B, 0xA1, 0x51, 0x96, 0x4D, 0x1B, 0xD7, 0x68, 0x3B, 0x0E, 0x63,
    0xD5, 0x91, 0xFF, 0x25, 0xE8, 0xFF, 0x34, 0xCF, 0xFB, 0xAD, 0x25, 0x68, 0x57, 0xC2, 0x73, 0x9F,
    0x6C, 0xC9, 0xC1, 0xE3, 0x6D, 0xCB, 0x23, 0xDD, 0x17, 0x83, 0x50, 0x3E, 0x8F, 0xF4, 0xF2, 0x07,
    0xF1, 0x62, 0x19, 0xC6, 0xBD, 0x9F, 0x7D, 0x1E, 0x75, 0xFC, 0x32, 0x98, 0xA2, 0xE8, 0xA4, 0x43,
    0x5E, 0xB1, 0x75, 0x59, 0xDA, 0xF1, 0x70, 0x9F, 0x3B, 0x6C, 0x18, 0x61, 0x00, 0x2E, 0x7C, 0xF7,
    0xDF, 0x61, 0x7C, 0xFE, 0x01, 0xC6, 0xE7, 0x2F, 0xA4, 0x3D, 0xFF, 0xFC, 0xFD, 0x3F, 0xF3, 0x0A,
    0xD4, 0x3B, 0x94, 0x05, 0x65, 0x55, 0xCC, 0x3C, 0x6A, 0x3F, 0x41, 0xB4, 0xC2, 0x08, 0x44, 0x12,
    0xAB, 0xC6, 0x86, 0x20, 0x1E, 0x22, 0xEC, 0x2D, 0x39, 0x0D, 0x51, 0xD4, 0x43, 0x41, 0xEF, 0x49,
    0xB5, 0xE5, 0xDA, 0x79, 0x7A, 0x26, 0x45, 0x62, 0xA6, 0xF3, 0x4F, 0x1E, 0x2E, 0x0F, 0xB4, 0x4E,
    0x6E, 0x88, 0xF5, 0xD5, 0x53, 0xFE, 0xD8, 0xAE, 0x7D, 0xBB, 0x50, 0x2F, 0x36, 0xF2, 0xEA, 0xB5,
    0x46, 0x9D, 0x7A, 0xA9, 0xD1, 0xFC, 0xD0, 0x4A, 0xA3, 0xFD, 0xD7, 0xBE, 0x9D, 0x00, 0x90, 0x50,
    0xC8, 0x3E, 0x83, 0xC4, 0xFE, 0x59, 0xA6, 0x40, 0x62, 0x7F, 0x90, 0x2B, 0x90, 0x98, 0x3F, 0x48,
    0x2B, 0x90, 0x9C, 0xAF, 0x41, 0xD2, 0x88, 0xA6, 0xE8, 0xF8, 0x62, 0xAF, 0x00, 0xFE, 0x91, 0xED,
    0x74, 0x95, 0xE6, 0x91, 0x1C, 0x16, 0x71, 0x92, 0x96, 0x14, 0x5E, 0x40, 0x82, 0xAF, 0x66, 0x39,
    0xA7, 0x98, 0xE3, 0x69, 0x8E, 0x76, 0x5A, 0x35, 0xCF, 0x91, 0x41, 0xDC, 0x73, 0x19, 0x67, 0x73,
    0x73, 0x1B, 0xF5, 0xBD, 0x96, 0x74, 0x5E, 0xA8, 0xAB, 0x46, 0x54, 0x6B, 0x24, 0xD6, 0x2F, 0xF3,
    0xB1, 0xF5, 0x6A, 0xB9, 0xCC, 0xC3, 0x6C, 0xA7, 0x4B, 0x40, 0xC7, 0x2E, 0x01, 0xE5, 0x34, 0x70,
    0x5A, 0xDE, 0x3C, 0xA0, 0x15, 0x1E, 0x0E, 0x68, 0x9D, 0xC5, 0xD4, 0x84, 0xDF, 0x89, 0x1B, 0x07,
    0x34, 0x96, 0x1F, 0x89, 0xE5, 0x93, 0x4D, 0x07, 0xD8, 0xE8, 0xC2, 0xC3, 0x2B, 0x64, 0x1D, 0x65,
    0x4F, 0x03, 0x97, 0xD3, 0xE3, 0xAD, 0xA3, 0x27, 0x6F, 0x41, 0xE2, 0xF1, 0x5B, 0x84, 0x73, 0x3C,
    0xDB, 0xBC, 0xCF, 0x56, 0x39, 0x94, 0x54, 0x44, 0x45, 0x5D, 0x19, 0xF1, 0x81, 0x7C, 0xF1, 0xD6,
    0x5C, 0x1D, 0x1C, 0xE8, 0xC6, 0xC0, 0x30, 0x1A, 0x8A, 0x02, 0xAA, 0xA3, 0x38, 0x12, 0xA9, 0x67,
    0x19, 0x59, 0x6F, 0xA8, 0x22, 0x6E, 0x5E, 0x3E, 0x99, 0x70, 0x3E, 0x61, 0xB8, 0xF1, 0xAD, 0x0B,
    0xCA, 0x39, 0xDC, 0x19, 0xAA, 0x88, 0x4C, 0x65, 0x90, 0x50, 0x3E, 0xE1, 0xFB, 0xC2, 0x1F, 0x35,
    0xEE, 0x7A, 0x26, 0xB3, 0x5B, 0x1B, 0xB9, 0xE4, 0xA3, 0x5A, 0xBA, 0x32, 0x7C, 0xF1, 0x17, 0x0E,
    0x7F, 0xE4, 0xA4, 0x92, 0x6D, 0x92, 0x07, 0x33, 0xD8, 0x67, 0xEE, 0x1E, 0x9B, 0xB5, 0x91, 0x95,
    0xCD, 0x63, 0xA4, 0x7F, 0x12, 0x7F, 0x4E, 0xF0, 0xBA, 0xD0, 0xD3, 0x75, 0xF8, 0x42, 0x5C, 0x4C,
    0x54, 0x0B, 0x13, 0x25, 0x29, 0xAF, 0xC9, 0x13, 0x32, 0x14, 0xD0, 0x56, 0xB3, 0xD4, 0x8B, 0x86,
    0x95, 0xEE, 0xD1, 0x30, 0xA1, 0xF2, 0xC3, 0xAB, 0x95, 0x36, 0xC1, 0x19, 0x94, 0x5B, 0x55, 0x42,
    0x6D, 0xED, 0xD5, 0x3A, 0x53, 0x7C, 0x47, 0x01, 0xCD, 0x54, 0x15, 0xB5, 0xA4, 0xA7, 0x7E, 0x83,
    0xC2, 0xC5, 0x04, 0x66, 0x20, 0x6C, 0xB7, 0xCB, 0xA8, 0x7A, 0x13, 0x81, 0x3C, 0x42, 0xD3, 0x9E,
    0x5E, 0xB8, 0xBE, 0xFE, 0xF6, 0xD5, 0x07, 0x1A, 0xCA, 0x52, 0x0D, 0xA5, 0x25, 0x87, 0x52, 0x56,
    0xCC, 0x42, 0x46, 0x50, 0xD9, 0x89, 0x99, 0x2B, 0xB8, 0x5F, 0x3D, 0x1E, 0x43, 0xA9, 0xC7, 0xCC,
    0xE0, 0x41, 0xEF, 0xE2, 0x63, 0xC2, 0x47, 0x2D, 0x3A, 0x21, 0xCB, 0x9B, 0x87, 0xB0, 0x42, 0x69,
    0x83, 0xEA, 0xA8, 0xC9, 0x49, 0xDD, 0xB6, 0x7D, 0xEA, 0x5F, 0x89, 0x4B, 0x4E, 0xF1, 0xE6, 0xF2,
    0x78, 0xF9, 0xCC, 0x89, 0x81, 0xC3, 0xC9, 0x5E, 0xC6, 0xBE, 0x97, 0x10, 0xCC, 0x86, 0x0E, 0x95,
    0x0D, 0x44, 0x1D, 0xAB, 0xA4, 0x20, 0x2A, 0x27, 0x48, 0x67, 0xE8, 0x38, 0xCE, 0x70, 0xA5, 0x18,
    0xB6, 0x19, 0x0F, 0x51, 0x21, 0x43, 0x85, 0x23, 0xBB, 0xE9, 0x84, 0x24, 0x0D, 0x01, 0xD3, 0x11,
    0x27, 0x93, 0x74, 0xA4, 0x13, 0x49, 0x3A, 0x32, 0x73, 0x72, 0x59, 0xC2, 0x41, 0xC1, 0xE7, 0x24,
    0xD2, 0xD9, 0x86, 0x3E, 0xA6, 0x58, 0x96, 0xFE, 0x1F, 0x64, 0xC5, 0xFE, 0x20, 0xAA, 0x04, 0xEC,
    0x40, 0x0A, 0xD8, 0xA7, 0x38, 0x76, 0xB8, 0x38, 0x76, 0xC2, 0xC5, 0xB2, 0x3D, 0xC8, 0xA0, 0xB0,
    0x7E, 0x56, 0xA5, 0x47, 0x92, 0x9D, 0x30, 0xFF, 0x66, 0x5C, 0x00, 0xCB, 0x29, 0x9C, 0x1F, 0x0A,
    0xCE, 0xB5, 0x1D, 0x7E, 0x34, 0xC5, 0xD4, 0x95, 0x91, 0x8B, 0x67, 0xF6, 0xBE, 0x78, 0x66, 0xF4,
    0xD6, 0x95, 0x13, 0xBF, 0x7A, 0x0B, 0x56, 0x47, 0x3D, 0xED, 0xAB, 0xDE, 0xB0, 0xEB, 0x65, 0xC5,
    0x93, 0x23, 0x58, 0xAA, 0x11, 0xEC, 0xAA, 0x11, 0x3C, 0x77, 0x3A, 0x82, 0x42, 0x4C, 0xF1, 0x3A,
    0xEC, 0xC4, 0xA6, 0xC3, 0x16, 0x83, 0xBB, 0xDD, 0xE6, 0x81, 0xDA, 0x6C, 0x76, 0x4B, 0x7A, 0xEC,
    0xF6, 0xD3, 0xD6, 0x07, 0x37, 0xF9, 0x4A, 0x95, 0x07, 0x3F, 0xA4, 0xCD, 0x83, 0x7E, 0xFF, 0x87,
    0x3D, 0x7C, 0x08, 0x9C, 0x63, 0x47, 0x70, 0x92, 0x1D, 0xC1, 0x59, 0x76, 0x04, 0xA7, 0xD9, 0x11,
    0x9C, 0x67, 0x87, 0x5D, 0x25, 0xA9, 0xE0, 0x4C, 0x3B, 0xA2, 0x5F, 0x1F, 0x00, 0x67, 0x38, 0xD9,
    0x8E, 0xE0, 0x6C, 0x3B, 0x82, 0xD3, 0xED, 0xC8, 0x7C, 0x3B, 0x2A, 0xE1, 0x8E, 0xCC, 0x19, 0xA3,
    0x52, 0xEE, 0x0C, 0xC7, 0xBA, 0xC6, 0x03, 0x5C, 0x6F, 0x2C, 0x94, 0x4E, 0x5A, 0xD6, 0xA1, 0x6A,
    0x33, 0xA3, 0x31, 0x38, 0x24, 0x61, 0xB1, 0x75, 0x85, 0x75, 0x5E, 0x72, 0x5F, 0xC8, 0x83, 0xB8,
    0x71, 0xE9, 0x14, 0xA3, 0xC6, 0x61, 0xD4, 0x09, 0xC7, 0x93, 0x41, 0x06, 0x6D, 0x51, 0x9E, 0x07,
    0x76, 0xD4, 0x4A, 0x37, 0xEE, 0x97, 0x1B, 0xAE, 0x5E, 0xE9, 0xBF, 0x1A, 0xB1, 0xD6, 0x1F, 0xFD,
    0x7C, 0x52, 0xA3, 0xDB, 0xFE, 0xFD, 0x7A, 0xB2, 0xAD, 0xBD, 0xDC, 0x08, 0x18, 0xE1, 0xB2, 0x4D,
    0xAE, 0x4D, 0x5E, 0x75, 0xEA, 0xDD, 0xC6, 0xE6, 0xAC, 0x20, 0xA9, 0xD3, 0x32, 0x6C, 0xA0, 0x41,
    0x0A, 0x8B, 0xB1, 0x67, 0x90, 0xE4, 0x11, 0xE8, 0xD1, 0xD1, 0xC7, 0x93, 0x82, 0xB0, 0x3D, 0xB9,
    0x41, 0x25, 0xBD, 0xDC, 0xEC, 0x6E, 0x52, 0x1B, 0x0D, 0x27, 0x47, 0x71, 0xBE, 0xF1, 0x76, 0x3C,
    0x76, 0x4C, 0x91, 0x57, 0x81, 0x3D, 0x09, 0xD2, 0x9F, 0xB0, 0xB7, 0x33, 0xE1, 0x0B, 0x98, 0x5B,
    0x8D, 0x5E, 0x38, 0xA7, 0x22, 0x20, 0xB8, 0x1C, 0xCF, 0x9B, 0x8F, 0xEF, 0xAA, 0x0D, 0x92, 0xBE,
    0xE1, 0x0A, 0xE3, 0x57, 0xF5, 0x2B, 0xF6, 0xF4, 0x64, 0x8A, 0x5F, 0x37, 0x03, 0x8D, 0x34, 0xD2,
    0xC1, 0x50, 0xC7, 0x03, 0x79, 0x25, 0xCD, 0x41, 0xDD, 0xE7, 0x09, 0xB4, 0xFD, 0xB1, 0xBC, 0xB2,
    0x87, 0x72, 0xFA, 0xE5, 0xF7, 0xC8, 0xE9, 0x67, 0x0C, 0xE6, 0xF4, 0xFB, 0x4D, 0xB8, 0x22, 0xB1,
    0xC3, 0xF9, 0x6D, 0x2F, 0x98, 0x9D, 0xE9, 0x89, 0x59, 0xB7, 0x2F, 0xE6, 0x81, 0x87, 0x62, 0xEA,
    0x2B, 0xD4, 0x4B, 0x7E, 0x1D, 0xF1, 0xE2, 0x61, 0xEE, 0x3B, 0xC9, 0x09, 0x49, 0xA0, 0x7D, 0x01,
    0xB6, 0x51, 0x5C, 0xEC, 0x8B, 0xAF, 0x0C, 0xDF, 0xD7, 0xFF, 0x92, 0xD0, 0x92, 0x69, 0xC0, 0x42,
    0xE8, 0xFC, 0x32, 0xE6, 0x74, 0xD9, 0xE0, 0xC5, 0x4E, 0x7B, 0xBE, 0x79, 0x43, 0x1C, 0x6E, 0xDE,
    0x42, 0xBA, 0x2C, 0xE1, 0xE4, 0x1B, 0xD8, 0x0E, 0x4C, 0xBA, 0x81, 0x09, 0x37, 0x50, 0xC2, 0x44,
    0x02, 0x76, 0xF6, 0x31, 0xB5, 0x03, 0xC9, 0xAE, 0x39, 0x66, 0xD7, 0xFC, 0xC7, 0x07, 0x0F, 0x7C,
    0x16, 0xAD, 0x81, 0x81, 0xFE, 0xCF, 0x00, 0x1C, 0xDA, 0x5B, 0x02, 0x33, 0xE5, 0x89, 0xE4, 0x8A,
    0xD0, 0xA2, 0xA7, 0x1E, 0xEF, 0xD8, 0x50, 0x2C, 0x75, 0x87, 0x63, 0xA9, 0x6F, 0xCD, 0x3C, 0x3E,
    0x7C, 0x40, 0xB9, 0xA3, 0x19, 0x5F, 0xBE, 0xC9, 0xED, 0xD0, 0x1E, 0x77, 0x3B, 0x8E, 0x5B, 0x82,
    0xCA, 0xD6, 0xF7, 0x94, 0xF9, 0x44, 0xBE, 0xD9, 0xBC, 0x7E, 0x53, 0x6A, 0xFF, 0xB5, 0x21, 0x07,
    0x65, 0x6F, 0xC4, 0x41, 0x99, 0x0D, 0x78, 0x19, 0x01, 0x0F, 0x99, 0xBB, 0x2D, 0xA2, 0x9C, 0xEF,
    0x63, 0x93, 0xA1, 0xB3, 0xBD, 0x4C, 0x26, 0xF8, 0x42, 0xA6, 0xEB, 0xFD, 0x29, 0xF2, 0x71, 0x38,
    0xF5, 0x1C, 0xBB, 0xAC, 0xAB, 0x44, 0x2F, 0xFD, 0x46, 0xBE, 0x15, 0xAA, 0x68, 0x32, 0x78, 0x1E,
    0x93, 0xD2, 0xD1, 0x4E, 0xD3, 0x1C, 0xE3, 0xE8, 0x35, 0x72, 0x77, 0x96, 0x77, 0x17, 0x7A, 0x85,
    0x8C, 0x41, 0x64, 0x30, 0xB7, 0x94, 0x6F, 0x54, 0x3C, 0xC3, 0x06, 0x0D, 0x9F, 0x5E, 0x92, 0x6D,
    0x84, 0x6D, 0xF6, 0xE8, 0xF1, 0xBB, 0x61, 0xF1, 0xFD, 0xCF, 0x30, 0x48, 0xEF, 0xC5, 0x34, 0x48,
    0xC0, 0x45, 0x71, 0x90, 0xDC, 0x80, 0x06, 0xE9, 0xAC, 0x7F, 0xE4, 0x06, 0xC9, 0x0C, 0xEA, 0x74,
    0x8E, 0xC3, 0x01, 0x86, 0xA7, 0x78, 0xBC, 0x4F, 0x50, 0x8F, 0xF4, 0x60, 0x4A, 0xAF, 0x82, 0x3C,
    0xE8, 0xF1, 0x80, 0xB8, 0x1B, 0x8D, 0xBB, 0x24, 0x3A, 0x31, 0x20, 0x90, 0xEF, 0x6A, 0xED, 0xB3,
    0x22, 0x59, 0xF0, 0x61, 0x99, 0xDF, 0x4C, 0xAE, 0x05, 0x63, 0xFA, 0x6E, 0x0C, 0x80, 0x67, 0xA7,
    0x32, 0x52, 0xFA, 0xCA, 0xF7, 0xAF, 0x1C, 0x32, 0x3F, 0x55, 0x51, 0x0D, 0x3F, 0x94, 0xF2, 0x57,
    0xE7, 0x45, 0x99, 0xF8, 0xAB, 0x90, 0xF6, 0x48, 0x10, 0xDE, 0x79, 0xBE, 0xC1, 0xAC, 0x9D, 0x6A,
    0x84, 0x99, 0x56, 0x11, 0xA8, 0xA2, 0xF1, 0x02, 0xCF, 0xEA, 0x4C, 0x87, 0x1B, 0xA0, 0xF9, 0x6E,
    0xF9, 0xE1, 0xC2, 0xC2, 0xC2, 0xBB, 0x75, 0x08, 0x51, 0x20, 0xDF, 0xB3, 0x8C, 0x53, 0xFE, 0xD5,
    0xDB, 0xC5, 0xFA, 0x2B, 0x0D, 0xAB, 0x72, 0x65, 0x45, 0x35, 0x7F, 0x3E, 0x1C, 0xAE, 0x57, 0x89,
    0x26, 0x46, 0xE4, 0x0F, 0x1B, 0x6A, 0x65, 0x44, 0x86, 0x30, 0xEF, 0x8C, 0x82, 0xEE, 0xA8, 0xF7,
    0xDD, 0x2B, 0xA3, 0x0E, 0x7E, 0xC2, 0x03, 0x15, 0xD8, 0xC5, 0x6C, 0xA3, 0x00, 0x2D, 0x71, 0xF6,
    0xD7, 0x00, 0xB2, 0xB3, 0x7F, 0xFE, 0x13, 0x31, 0xD9, 0x2D, 0x6F, 0xA3, 0x62, 0xD1, 0x17, 0x73,
    0x48, 0xE5, 0x29, 0xC2, 0xEC, 0x0C, 0x13, 0xFF, 0xDF, 0x10, 0x53, 0xFF, 0x53, 0xCC, 0x4E, 0x89,
    0xD9, 0x5C, 0xBC, 0xF0, 0xBF, 0xC4, 0x0B, 0xFF, 0x57, 0xCC, 0x76, 0x27, 0xBB, 0x3B, 0x5E, 0x99,
    0xCD, 0x91, 0xE6, 0x85, 0x57, 0x59, 0x3E, 0xDA, 0xA0, 0xDF, 0x8B, 0xF5, 0x04, 0xE8, 0x50, 0xDC,
    0x75, 0x42, 0x5C, 0x40, 0x3C, 0xDB, 0x6E, 0xCF, 0xB5, 0xA7, 0xDB, 0x76, 0xDB, 0x6A, 0x8B, 0xE5,
    0x4E, 0x46, 0xF9, 0x86, 0x01, 0x04, 0xFF, 0xB4, 0xF4, 0x01, 0xE6, 0xF6, 0x1A, 0xDA, 0xF5, 0x37,
    0x6F, 0x88, 0x8D, 0x4D, 0x5C, 0x65, 0xBC, 0x82, 0x40, 0x09, 0x5A, 0xBB, 0x98, 0x50, 0xCF, 0xA0,
    0xE4, 0x9D, 0x7A, 0x22, 0x2E, 0x9C, 0x11, 0x9E, 0xE7, 0xC3, 0xE7, 0x52, 0xB5, 0x06, 0x75, 0x56,
    0x98, 0x70, 0x37, 0xF3, 0xE5, 0xE7, 0xDB, 0xC6, 0x4F, 0x97, 0x67, 0x8D, 0x32, 0x5B, 0x32, 0xEE,
    0x5C, 0x5D, 0x71, 0x7C, 0x8A, 0x9A, 0x6E, 0xC9, 0x61, 0xD6, 0xAE, 0x57, 0x01, 0x4B, 0xF8, 0x22,
    0x6B, 0x85, 0xF2, 0x6E, 0xF1, 0xF6, 0x6D, 0x39, 0xD8, 0x34, 0xE8, 0x8B, 0x34, 0xCC, 0xAD, 0x4F,
    0x68, 0x96, 0x15, 0x98, 0x72, 0x6B, 0x9A, 0xED, 0xEA, 0x2E, 0x3A, 0x5B, 0xBF, 0x76, 0x76, 0x01,
    0xB7, 0xDF, 0x37, 0x60, 0x60, 0xDF, 0xB4, 0xD8, 0xFF, 0xAE, 0xC1, 0x94, 0xFF, 0x27, 0x5C, 0xEF,
    0xEB, 0x50, 0x6F, 0xB3, 0xED, 0xD2, 0xFA, 0x6D, 0xB8, 0x46, 0x2E, 0x87, 0xC6, 0x3C, 0xC2, 0x5A,
    0x22, 0x51, 0xEA, 0x1F, 0x41, 0x4F, 0x2A, 0x62, 0x93, 0x36, 0xA2, 0x07, 0x97, 0xD5, 0xDB, 0x1E,
    0x68, 0x68, 0x6D, 0x51, 0xBB, 0x4A, 0xA6, 0xAB, 0xBA, 0xDD, 0xF0, 0x85, 0xD8, 0xA2, 0x5D, 0x9B,
    0x01, 0xFC, 0xBA, 0x6E, 0x36, 0xEB, 0xC1, 0x23, 0xD4, 0x1B, 0xF7, 0xB1, 0x06, 0x9E, 0xEB, 0x34,
    0xEA, 0x76, 0xC3, 0x81, 0x53, 0xAF, 0x46, 0x6D, 0x4B, 0x05, 0x9B, 0x63, 0x26, 0x6A, 0xFA, 0x0B,
    0xD0, 0xFD, 0x7F, 0xB2, 0x93, 0xDF, 0x80, 0x93, 0xBD, 0x1A, 0x3E, 0x62, 0xF6, 0x59, 0x7E, 0x12,
    0xFE, 0xF0, 0x4D, 0x9B, 0xE1, 0xA9, 0x35, 0xEA, 0x02, 0xEA, 0x5F, 0x63, 0x48, 0xD8, 0x08, 0x67,
    0x97, 0x25, 0x17, 0xF7, 0x13, 0x1C, 0xAF, 0x3F, 0xA5, 0x64, 0xC2, 0x7D, 0x5E, 0x19, 0x8C, 0xD9,
    0x63, 0xE5, 0xB4, 0x02, 0x12, 0x7C, 0xB7, 0x5E, 0xD3, 0xBC, 0x58, 0x96, 0x75, 0xD4, 0xDA, 0xD3,
    0x63, 0x44, 0xF5, 0xAF, 0x0D, 0xCF, 0x53, 0xE3, 0xA7, 0xF2, 0x2A, 0xFB, 0xA5, 0x48, 0x39, 0x9E,
    0x52, 0xB6, 0x4F, 0xE0, 0x06, 0xDD, 0x99, 0x7E, 0xF7, 0xA3, 0xF5, 0xDB, 0x1F, 0x41, 0xE5, 0x59,
    0x18, 0x3D, 0x23, 0x02, 0x3E, 0xF1, 0x2C, 0x9A, 0x5E, 0x52, 0xAC, 0xE0, 0x95, 0xA4, 0x31, 0x45,
    0xD2, 0xFA, 0x4D, 0x09, 0xBF, 0xD1, 0x34, 0x3B, 0x27, 0x47, 0x1F, 0x65, 0xAA, 0x73, 0x48, 0x77,
    0x8C, 0x9C, 0xE8, 0x59, 0xCF, 0xB7, 0x7F, 0x4F, 0x98, 0x5F, 0x0F, 0xC5, 0x9F, 0x47, 0x73, 0xCF,
    0x8A, 0x33, 0xD0, 0xE7, 0x8D, 0xB4, 0xFD, 0x2C, 0xA8, 0x35, 0x91, 0xD8, 0xD8, 0xB2, 0x9F, 0x15,
    0x16, 0xF4, 0xFC, 0xFB, 0xB1, 0xF1, 0x7F, 0x84, 0xF1, 0x89, 0x2F, 0xFE, 0x22, 0xC0, 0x9F, 0xBF,
    0x4E, 0xC4, 0x84, 0x5D, 0x56, 0x99, 0x34, 0x1C, 0x62, 0x7C, 0x0F, 0x59, 0x72, 0x90, 0x57, 0x5D,
    0x42, 0x94, 0xBE, 0x82, 0xED, 0x41, 0xF3, 0xDD, 0x16, 0x56, 0x1C, 0xE4, 0x89, 0x50, 0xB9, 0xF4,
    0xDA, 0xFB, 0x0B, 0xAF, 0xBD, 0x9F, 0x34, 0xBA, 0x33, 0xB9, 0xB0, 0xBA, 0xD0, 0xE7, 0x85, 0x10,
    0x8E, 0x1A, 0x36, 0xF3, 0x47, 0x72, 0x5C, 0xB5, 0xA2, 0x1E, 0xD3, 0xC1, 0x30, 0x69, 0x2F, 0xD9,
    0xDA, 0x4A, 0x66, 0x93, 0xA5, 0x6E, 0xEA, 0xC6, 0x1A, 0x05, 0xC6, 0xB8, 0x79, 0xFB, 0xCA, 0xD2,
    0xF4, 0x92, 0xBD, 0x34, 0xDD, 0xBE, 0xE2, 0xE5, 0xF8, 0x42, 0xEC, 0x96, 0x8F, 0x61, 0x8C, 0x73,
    0x9D, 0x10, 0x93, 0x77, 0x76, 0x85, 0x9B, 0x49, 0xFA, 0x68, 0x85, 0x5E, 0x72, 0x39, 0x6D, 0xA5,
    0x5E, 0xBA, 0x75, 0x75, 0x43, 0xDC, 0x80, 0xBF, 0xA9, 0xFB, 0x9E, 0xD9, 0xE3, 0xF2, 0x8D, 0x6B,
    0xBE, 0x9D, 0x5C, 0xC9, 0xDA, 0xCB, 0x5E, 0xEE, 0x64, 0x02, 0xDA, 0x43, 0x86, 0x93, 0x9B, 0xEC,
    0x59, 0x43, 0xC9, 0xD3, 0x79, 0x8A, 0x49, 0xA7, 0xF7, 0xD6, 0x1B, 0x3E, 0xF4, 0xDB, 0xD7, 0xAE,
    0xBF, 0x72, 0xCF, 0xEF, 0x31, 0x91, 0x78, 0x48, 0x38, 0x7D, 0x06, 0x91, 0x7E, 0xD3, 0xF2, 0x13,
    0xD3, 0x4F, 0x2C, 0x3F, 0x73, 0x45, 0xA7, 0xCF, 0x1E, 0x8D, 0xEB, 0xB5, 0xD8, 0xD0, 0x43, 0xE2,
    0x6D, 0x16, 0x7E, 0x27, 0x41, 0xE5, 0xCC, 0xCC, 0xC9, 0x76, 0xD3, 0x93, 0x2F, 0x6A, 0x5F, 0x21,
    0x69, 0x61, 0x95, 0x6C, 0xBC, 0xF4, 0xBE, 0x74, 0x94, 0x46, 0x01, 0xB2, 0x80, 0x1F, 0x70, 0x25,
    0x8C, 0x9C, 0x19, 0xA3, 0x5A, 0x6B, 0x86, 0xF7, 0x5D, 0x46, 0xF8, 0x2B, 0xA0, 0x29, 0xC0, 0xC7,
    0x31, 0xDB, 0x79, 0x84, 0x66, 0x7C, 0xF7, 0xFD, 0x85, 0x85, 0x3E, 0x09, 0xC9, 0xAA, 0x04, 0xC8,
    0xC0, 0x80, 0x5A, 0xF0, 0xD5, 0xAA, 0x58, 0xB6, 0xFD, 0x79, 0x57, 0xD8, 0x39, 0xB1, 0xFE, 0x40,
    0xCE, 0x4C, 0xE8, 0xBF, 0xBD, 0x28, 0xE6, 0xED, 0xD0, 0x75, 0x90, 0x97, 0x21, 0x0E, 0xF9, 0x24,
    0x98, 0x78, 0x91, 0x17, 0x7B, 0xD1, 0x19, 0x7F, 0xEC, 0x40, 0xA1, 0x31, 0x12, 0xD1, 0x1A, 0x0D,
    0x53, 0xF8, 0x4A, 0xA0, 0x4F, 0x41, 0x09, 0x88, 0x53, 0x00, 0xD5, 0x32, 0xEC, 0xB3, 0x63, 0xC4,
    0x93, 0x03, 0x5C, 0xAD, 0x5F, 0x69, 0xC0, 0xF0, 0xDC, 0x39, 0xF8, 0xE9, 0x12, 0x66, 0xC8, 0x58,
    0x06, 0x98, 0x00, 0xBB, 0x8A, 0xF6, 0x72, 0x21, 0x1D, 0xCE, 0xAA, 0xDE, 0xD3, 0x5C, 0xEF, 0xE2,
    0x61, 0x72, 0xBD, 0x4F, 0x88, 0x49, 0x7F, 0x07, 0x00, 0xD9, 0x35, 0xCA, 0xB8, 0x63, 0xEE, 0xAE,
    0x79, 0x80, 0xCC, 0x1E, 0x4C, 0x00, 0xEF, 0xA5, 0xE4, 0xBC, 0xFB, 0x77, 0x05, 0xB6, 0xA1, 0x0F,
    0x7B, 0x6C, 0xFF, 0xE5, 0xD5, 0xD1, 0x54, 0xBD, 0xB1, 0x4C, 0xB3, 0x3D, 0xAE, 0xDB, 0x2A, 0xD5,
    0x76, 0xD2, 0x08, 0x81, 0x65, 0x9E, 0x44, 0x5E, 0x48, 0x5A, 0x3E, 0x45, 0xF2, 0x3C, 0xF9, 0xF8,
    0x6D, 0xE4, 0x25, 0xDE, 0x37, 0xE1, 0xEB, 0x2E, 0x8E, 0x71, 0x8E, 0x79, 0xD1, 0x53, 0x9D, 0xD2,
    0xA2, 0xE7, 0x38, 0xBF, 0xFA, 0xF8, 0xF0, 0x55, 0xA4, 0x5B, 0x08, 0x28, 0x2E, 0x5C, 0x80, 0x16,
    0x80, 0x6E, 0x5E, 0x15, 0xC1, 0xBC, 0xB6, 0xE6, 0xF8, 0x9E, 0x9E, 0xB8, 0xBE, 0xFB, 0x52, 0xE2,
    0x21, 0x49, 0x2D, 0x30, 0x88, 0x1E, 0x04, 0xAD, 0x82, 0x42, 0x00, 0x5E, 0x41, 0x32, 0x0B, 0x1A,
    0x27, 0xBE, 0x59, 0xE5, 0x5D, 0x1F, 0x81, 0x63, 0x25, 0x43, 0xBD, 0x49, 0x88, 0x0A, 0xC5, 0xA2,
    0xFC, 0xED, 0x94, 0xD2, 0x7B, 0xA2, 0x02, 0x81, 0xEA, 0x1A, 0xCC, 0x5A, 0x32, 0xF3, 0xE0, 0x24,
    0x2B, 0x79, 0xEE, 0xA0, 0x6E, 0x6C, 0x49, 0x4B, 0x1C, 0x65, 0xFA, 0x45, 0xC5, 0x5B, 0x69, 0x88,
    0xE2, 0x34, 0xF5, 0xFB, 0xB1, 0x4A, 0xFD, 0x3E, 0xB2, 0x9D, 0xAE, 0xCF, 0x16, 0x8F, 0x2F, 0x93,
    0xC0, 0xE9, 0x5B, 0x62, 0xEF, 0x7B, 0x89, 0xF0, 0xCD, 0x1A, 0xDC, 0x64, 0x9C, 0x93, 0xF0, 0xA6,
    0xBA, 0x04, 0xB8, 0x96, 0x0C, 0x41, 0x7C, 0x10, 0xE4, 0xC7, 0xE5, 0x8D, 0x9E, 0x98, 0x0E, 0xB6,
    0x4B, 0xD4, 0x61, 0x87, 0xCA, 0x2E, 0x9D, 0x79, 0xD8, 0x05, 0xB4, 0xFE, 0xA3, 0x65, 0x84, 0x6F,
    0x81, 0xEC, 0x8C, 0x0A, 0xE5, 0xF0, 0x6E, 0xBE, 0x14, 0x1C, 0xF8, 0xCB, 0xBD, 0xF4, 0xAF, 0x03,
    0x97, 0x33, 0xFF, 0x24, 0x94, 0x85, 0xF1, 0xC3, 0x81, 0xE2, 0xA5, 0x7F, 0x1B, 0xDE, 0xDF, 0xCB,
    0xBD, 0xD8, 0x13, 0xC2, 0xE1, 0x76, 0x1C, 0xF8, 0x73, 0x96, 0x12, 0x58, 0xCF, 0x90, 0x52, 0xD9,
    0xA6, 0x39, 0xB7, 0x49, 0xCA, 0xE3, 0xC6, 0x99, 0xF1, 0x08, 0xF0, 0xA4, 0x5C, 0xC3, 0x83, 0xDB,
    0xF1, 0xC8, 0x8F, 0xAA, 0x47, 0x9B, 0xAC, 0x92, 0x99, 0xBF, 0xCC, 0x8B, 0xC1, 0x4A, 0xF5, 0x55,
    0x63, 0x53, 0x04, 0x69, 0x4C, 0x6A, 0xE2, 0x6B, 0xAA, 0xBB, 0xC7, 0x3D, 0xB1, 0xED, 0xD0, 0x76,
    0x6D, 0xB8, 0xA7, 0xFB, 0x25, 0xBB, 0x3E, 0x7E, 0x08, 0x50, 0x93, 0xD1, 0x7D, 0x3A, 0xD8, 0xC8,
    0x6C, 0x3C, 0x92, 0x2A, 0xD9, 0x0A, 0x87, 0xEE, 0x77, 0x9C, 0xB2, 0x79, 0x3F, 0x09, 0xF8, 0x1C,
    0xFB, 0x34, 0xF5, 0x43, 0x21, 0x68, 0x75, 0xDF, 0x87, 0xE7, 0xBB, 0x6B, 0x46, 0xC7, 0x78, 0x82,
    0xDC, 0x1A, 0x76, 0x5F, 0xAA, 0x17, 0x5E, 0x08, 0xE3, 0xAF, 0x95, 0x54, 0xF6, 0x3B, 0xB2, 0x0B,
    0xB6, 0xB2, 0x5A, 0xCE, 0x28, 0x7F, 0x50, 0xB5, 0x12, 0x72, 0x42, 0xB9, 0xF6, 0xE7, 0xD4, 0x35,
    0x8E, 0xEA, 0xB8, 0xFD, 0xB2, 0x82, 0xC4, 0x5F, 0xA9, 0x3B, 0xF7, 0x47, 0xE8, 0xEA, 0x9D, 0x23,
    0x0E, 0xBA, 0xD1, 0x04, 0xBC, 0x37, 0x4F, 0x13, 0xF0, 0xDE, 0x47, 0x28, 0x17, 0x12, 0x0F, 0x47,
    0x26, 0x4F, 0xE6, 0x12, 0x29, 0xCD, 0x2A, 0x90, 0xCF, 0xA0, 0x4A, 0xFB, 0xEC, 0x51, 0x1A, 0x5B,
    0x0C, 0xFA, 0x3A, 0xCE, 0x69, 0x6C, 0x95, 0x5C, 0xEE, 0xF3, 0x2D, 0x9A, 0xA9, 0x61, 0x2D, 0xA9,
    0x1E, 0xE0, 0x79, 0x8A, 0xA5, 0x3C, 0xE0, 0xE7, 0xB6, 0xA4, 0x3B, 0x1C, 0x87, 0xB9, 0x0D, 0x3F,
    0x5D, 0x5A, 0xA6, 0x08, 0x47, 0x0D, 0xD3, 0x62, 0xFA, 0x0F, 0x66, 0xD4, 0xC3, 0xC4, 0x41, 0x94,
    0x3C, 0x48, 0xBB, 0xDF, 0x54, 0x7D, 0x2D, 0xAD, 0x72, 0x1A, 0x38, 0x3F, 0x6C, 0x28, 0xD8, 0x15,
    0xBC, 0xED, 0x3F, 0x89, 0xC7, 0x80, 0xFE, 0x8B, 0xAD, 0x97, 0x0B, 0x31, 0x90, 0x4B, 0xAA, 0x91,
    0x4A, 0xAA, 0x99, 0x49, 0x6A, 0xBC, 0x5E, 0x3E, 0x9A, 0x64, 0xE9, 0xD2, 0x17, 0x25, 0xC9, 0x92,
    0x94, 0x33, 0x9A, 0x7D, 0xBF, 0xC0, 0x8C, 0x39, 0x3D, 0x26, 0x7A, 0xF3, 0xC1, 0xC2, 0xE4, 0x66,
    0xBD, 0x2A, 0x81, 0x19, 0x86, 0x48, 0xC4, 0xF1, 0xB3, 0x25, 0x1C, 0x3C, 0x9E, 0x9C, 0xB0, 0x0C,
    0x3C, 0xD7, 0x54, 0x4C, 0x47, 0xEE, 0x29, 0xB9, 0x49, 0xAD, 0xDD, 0xCB, 0xDC, 0x91, 0xC1, 0x3C,
    0x59, 0x7D, 0xBF, 0x9F, 0xCC, 0x54, 0xD7, 0xCE, 0x2B, 0xB0, 0x78, 0x4A, 0xD5, 0xA8, 0x32, 0x14,
    0x0D, 0xAF, 0xCD, 0xAF, 0x82, 0x0B, 0x94, 0xED, 0xAE, 0xAE, 0x34, 0xD4, 0xB6, 0xD3, 0x64, 0x2D,
    0x15, 0x9C, 0xAA, 0xA4, 0x29, 0xE6, 0xA7, 0x92, 0xD1, 0xEB, 0xFF, 0xB1, 0x3A, 0x25, 0x99, 0xBC,
    0xF9, 0xE3, 0x64, 0x42, 0xC1, 0x72, 0x45, 0xF2, 0x60, 0x09, 0x31, 0x2D, 0x38, 0xF9, 0x10, 0x3B,
    0xC5, 0x96, 0x91, 0x6D, 0x9F, 0xB5, 0xCD, 0x6A, 0x46, 0xEA, 0xBE, 0xC4, 0x27, 0xFB, 0x6F, 0xAB,
    0x75, 0xE6, 0xB2, 0x62, 0xFD, 0x20, 0x1D, 0xE7, 0xF1, 0x29, 0xAA, 0x62, 0xDC, 0x62, 0x9D, 0x03,
    0x36, 0xF4, 0xEE, 0x5F, 0xF8, 0x42, 0xDC, 0x9F, 0xA1, 0xF7, 0xF0, 0x5A, 0xF5, 0x1C, 0x16, 0x7D,
    0x2C, 0x0A, 0x2C, 0xB6, 0x1F, 0xA4, 0x55, 0xC7, 0x76, 0x2D, 0xA0, 0x16, 0x5C, 0x13, 0x2A, 0x1B,
    0x0C, 0xAF, 0x80, 0x34, 0xE2, 0xC6, 0x5A, 0xBA, 0x1B, 0x23, 0xE5, 0xBF, 0xCE, 0xEB, 0x79, 0xB8,
    0x8C, 0xEB, 0x1F, 0xB4, 0xF4, 0x5F, 0x0A, 0xB5, 0x02, 0x4F, 0x5B, 0x5F, 0x3B, 0x4E, 0xD0, 0xF0,
    0x27, 0x28, 0x5A, 0x97, 0x62, 0xCD, 0x12, 0x72, 0x14, 0x6C, 0x91, 0x95, 0xAD, 0x9D, 0x34, 0xC4,
    0x23, 0x6A, 0xD3, 0x19, 0xBF, 0x19, 0x7E, 0x74, 0x5C, 0xC6, 0xFA, 0xD1, 0xD6, 0x2E, 0x3B, 0x1C,
    0xB6, 0xE8, 0xF2, 0x61, 0xF2, 0x77, 0x77, 0xAF, 0x0A, 0x71, 0x4C, 0xD6, 0x2E, 0xE3, 0x80, 0x54,
    0x21, 0x2B, 0x0D, 0xA3, 0x81, 0x3A, 0x37, 0x76, 0x2D, 0xD1, 0x21, 0xE5, 0xDF, 0x6F, 0xC9, 0x90,
    0x59, 0x7C, 0xED, 0x5B, 0x22, 0xB5, 0x88, 0xEC, 0x1C, 0xBF, 0xEE, 0x0D, 0xC7, 0x6C, 0xF7, 0x31,
    0xB5, 0x83, 0xB7, 0xC6, 0xCB, 0x4C, 0xFA, 0x63, 0x3D, 0xFD, 0xCB, 0x8F, 0x1A, 0x20, 0x70, 0x6A,
    0x5C, 0x68, 0x18, 0x17, 0x0E, 0xDA, 0x08, 0xA8, 0x11, 0x80, 0x2C, 0xA2, 0x29, 0x16, 0x8D, 0xBF,
    0xF9, 0x9B, 0x54, 0x96, 0x18, 0x30, 0x64, 0xFE, 0x0A, 0xCD, 0x7F, 0xD6, 0xBF, 0xC1, 0xD2, 0x7D,
    0x23, 0xC4, 0xB4, 0x23, 0x70, 0xCF, 0x0E, 0xBD, 0x49, 0xFC, 0xC9, 0xBD, 0x85, 0x4B, 0xA7, 0x96,
    0x1B, 0x34, 0x25, 0x8D, 0xDF, 0xC0, 0x96, 0x63, 0x12, 0x14, 0x4F, 0x18, 0xBF, 0xC0, 0x20, 0x0A,
    0xF4, 0x29, 0xAF, 0xC2, 0x13, 0x70, 0x0C, 0x26, 0x6F, 0xD5, 0x2A, 0xAB, 0x6D, 0xA3, 0x88, 0x63,
    0xBF, 0x0C, 0x57, 0xFA, 0xAD, 0xD6, 0x03, 0x99, 0x2F, 0xA5, 0x34, 0x54, 0x8B, 0xDE, 0x35, 0x0E,
    0xD6, 0x61, 0xC2, 0xC2, 0xF8, 0x49, 0x75, 0xDA, 0x28, 0xEB, 0x98, 0xAD, 0x38, 0xA9, 0xAD, 0xE5,
    0x55, 0xD5, 0xAD, 0xA3, 0x0B, 0xDC, 0x1A, 0xE9, 0xB5, 0x7A, 0xF9, 0x9D, 0xFD, 0xEF, 0x22, 0x85,
    0xE9, 0xCE, 0x8F, 0x62, 0x85, 0xE9, 0x2D, 0x3D, 0xF8, 0xE2, 0x98, 0xD1, 0x9E, 0x13, 0x1C, 0xD4,
    0x8F, 0xFB, 0x0B, 0x19, 0x9B, 0x2D, 0xE6, 0x61, 0x10, 0x6F, 0x4C, 0x03, 0x7C, 0x73, 0x96, 0xD8,
    0xAF, 0x9E, 0xA3, 0x4C, 0x0E, 0x94, 0xCD, 0x81, 0x16, 0x88, 0x1F, 0x16, 0xAD, 0xBB, 0x2C, 0xC3,
    0xC2, 0x1B, 0xE5, 0x1F, 0x50, 0x3F, 0x89, 0x4B, 0xE0, 0x2B, 0x96, 0x04, 0xBE, 0x64, 0x09, 0x3A,
    0xB0, 0x7D, 0x31, 0x54, 0xCB, 0xD1, 0xF4, 0xFD, 0xB2, 0x08, 0x1C, 0xE7, 0x37, 0x70, 0x8A, 0x1B,
    0xCF, 0x8B, 0xA5, 0x59, 0xE1, 0xA5, 0xD8, 0x90, 0xB6, 0x50, 0x1F, 0x27, 0x38, 0xE7, 0xE0, 0xC2,
    0x70, 0xA4, 0xCC, 0x0E, 0x26, 0x71, 0x7D, 0xC0, 0x4F, 0x44, 0xF1, 0x43, 0x8D, 0x8F, 0x2E, 0xDE,
    0xFC, 0x85, 0x7F, 0xE3, 0x83, 0x60, 0xEE, 0xE3, 0xC0, 0x2B, 0xC5, 0xDC, 0xC4, 0xA1, 0x3D, 0x48,
    0x6E, 0x72, 0xED, 0x43, 0xFB, 0x79, 0x5A, 0x46, 0xE5, 0xE6, 0x14, 0x0F, 0x0D, 0xB4, 0x07, 0x83,
    0x59, 0x2E, 0xF1, 0x32, 0xAA, 0x4B, 0xEC, 0x1C, 0xBB, 0xC4, 0x10, 0xBF, 0xC4, 0x20, 0x9F, 0x78,
    0xB2, 0xCB, 0xA8, 0x98, 0x6C, 0xCC, 0xFE, 0x21, 0x8D, 0x60, 0xFB, 0xFB, 0x21, 0x36, 0x7E, 0xE6,
    0xB3, 0x90, 0x1A, 0x8F, 0x8B, 0xA3, 0x53, 0x31, 0xED, 0x1F, 0xD9, 0xC6, 0x8B, 0xE3, 0xB9, 0x64,
    0xED, 0x45, 0x82, 0xB9, 0xF1, 0x99, 0x6C, 0x3A, 0x6B, 0xE8, 0xBC, 0xB0, 0xC4, 0xFA, 0x67, 0x4D,
    0xE7, 0xA8, 0xE4, 0x10, 0xF2, 0xA0, 0x87, 0x8D, 0x11, 0xC3, 0x31, 0x00, 0xA6, 0x3B, 0x6D, 0xB3,
    0xD1, 0x14, 0x79, 0x11, 0x46, 0x14, 0x35, 0x77, 0x0A, 0x33, 0x3D, 0xB4, 0x15, 0x93, 0xBE, 0x78,
    0xF6, 0x85, 0x48, 0x5C, 0x9A, 0x05, 0x66, 0xB1, 0x02, 0x3B, 0xF0, 0x7C, 0xFB, 0xC5, 0xC7, 0xF9,
    0x7C, 0xB9, 0x9D, 0x35, 0x15, 0xD7, 0x53, 0xAB, 0x71, 0xEC, 0xCA, 0xE8, 0xA2, 0x28, 0xA8, 0x25,
    0xF6, 0xA9, 0x48, 0x0F, 0xB3, 0x76, 0x64, 0xD7, 0xFC, 0x09, 0xD9, 0xAE, 0xA7, 0x9E, 0x97, 0x26,
    0xA3, 0xB3, 0xCF, 0xAB, 0x74, 0x91, 0x2B, 0xAA, 0xA2, 0x9A, 0x6C, 0xFD, 0xF3, 0x63, 0xDC, 0xD3,
    0x03, 0x77, 0x52, 0x6B, 0x38, 0x5D, 0xCD, 0x5F, 0xF8, 0x30, 0xEB, 0xED, 0x12, 0xA7, 0xF8, 0xF4,
    0x3C, 0x96, 0xF6, 0xF3, 0xC8, 0xD5, 0x6C, 0xE2, 0x67, 0x16, 0x05, 0x7E, 0x9A, 0x14, 0xF0, 0x88,
    0xA2, 0x59, 0x87, 0x64, 0xB5, 0x07, 0x76, 0x52, 0x4B, 0x65, 0xA9, 0x36, 0x9D, 0xF5, 0x2B, 0x71,
    0x4D, 0xAF, 0xC5, 0x35, 0xFD, 0xC7, 0x95, 0xC4, 0xA7, 0xFD, 0x2C, 0x18, 0x74, 0xE5, 0x8C, 0x54,
    0x37, 0xC6, 0x56, 0xA7, 0x4E, 0xF5, 0x99, 0xE1, 0x20, 0xE6, 0x46, 0xDC, 0x62, 0x3E, 0x4E, 0x1D,
    0xD4, 0x7F, 0x5A, 0x8B, 0xD9, 0x3F, 0xAA, 0x20, 0x66, 0xBD, 0x54, 0x41, 0xCC, 0xAE, 0xD7, 0xE8,
    0x3D, 0x25, 0xA2, 0x7B, 0x5A, 0x3F, 0x4F, 0xA1, 0x3E, 0x9C, 0x22, 0xBB, 0x38, 0x49, 0x29, 0xB2,
    0xFF, 0x3F, 0x55, 0x8D, 0xB1, 0x6D, 0xC3, 0x30, 0x10, 0x45, 0x3F, 0x2D, 0x04, 0x2A, 0x54, 0xB0,
    0xB1, 0x8A, 0x54, 0x1C, 0x81, 0x1B, 0xE4, 0x0E, 0x9E, 0xC0, 0x85, 0xB4, 0x84, 0x67, 0xB0, 0xC1,
    0xCB, 0x06, 0x19, 0x23, 0xD0, 0x0C, 0x06, 0xC4, 0x11, 0x38, 0x02, 0x47, 0x60, 0x91, 0xC2, 0x85,
    0x64, 0x86, 0x94, 0x9D, 0x20, 0xF9, 0x38, 0x1C, 0xEF, 0xDE, 0x7D, 0x7C, 0x9E, 0xA6, 0x8F, 0x39,
    0xC7, 0x52, 0xFD, 0xC8, 0xA7, 0x7F, 0xF3, 0x34, 0x61, 0xCE, 0x39, 0xF3, 0xD6, 0xFA, 0x71, 0x1C,
    0x51, 0x59, 0xD5, 0x67, 0x45, 0x55, 0xCB, 0xEF, 0x50, 0xEF, 0x55, 0x83, 0x4A, 0x4D, 0x6A, 0x63,
    0x17, 0xB4, 0x37, 0x9E, 0x84, 0xC4, 0x71, 0x8F, 0x2E, 0xE9, 0xA4, 0x63, 0x25, 0x56, 0x08, 0x6F,
    0xB8, 0x60, 0x8F, 0xB2, 0x47, 0x13, 0xEC, 0x46, 0xA8, 0x90, 0x2B, 0x06, 0xA8, 0xD4, 0x4A, 0x93,
    0xB4, 0xB4, 0xD1, 0x70, 0x17, 0x88, 0xB5, 0x27, 0x18, 0x3F, 0x83, 0xE4, 0x0E, 0x7A, 0x5F, 0xE1,
    0x0E, 0x2B, 0xFA, 0xE2, 0xEB, 0x92, 0x15, 0x9D, 0xC8, 0xEB, 0x48, 0x6C, 0xBC, 0xDB, 0x3C, 0x96,
    0xD7, 0x92, 0xB3, 0x94, 0xF4, 0x1B, 0xCE, 0x2A, 0x61, 0xAF, 0x8E, 0xE5, 0x0F, 0x12, 0x1D, 0x1D,
    0x9B, 0xE0, 0x60, 0x7F, 0x72, 0x8A, 0x87, 0xD4, 0x0D, 0x17, 0xF5, 0x85, 0xEB, 0x2E, 0x61, 0x50,
    0x0C, 0x1C, 0xD1, 0xDD, 0x61, 0xB2, 0x50, 0xF6, 0x7F, 0xCB, 0x64, 0xDE, 0xAD, 0x78, 0xA9, 0xF7,
    0x57, 0x90, 0x6F, 0x16, 0x38, 0x71, 0xA1, 0x5D, 0x30, 0x7B, 0x7A, 0x3E, 0x0F, 0xF8, 0xB4, 0x7C,
    0x03, 0xED, 0x3C, 0x3D, 0x90, 0xDE, 0xD6, 0x71, 0x0F, 0xC0, 0xF1, 0x10, 0x13, 0x89, 0xC1, 0x42,
    0x9E, 0x91, 0x79, 0x11, 0x91, 0x82, 0x85, 0x3C, 0x23, 0x12, 0x2E, 0x5C, 0xA4, 0x90, 0x08, 0xC8,
    0x29, 0x5C, 0xB8, 0xF0, 0x35, 0xA7, 0xCC, 0x48, 0x85, 0x54, 0xA8, 0x62, 0x26, 0xB9, 0x14, 0x2A,
    0x98, 0x19, 0xEA, 0x03, 0x26, 0x2E, 0x5C, 0xFA, 0x66, 0x22, 0x55, 0x6E, 0x58, 0x88, 0x33, 0x11,
    0x93, 0x19, 0xAA, 0x60, 0xC1, 0x42, 0x77, 0xF8, 0x66, 0x52, 0xA8, 0x0C, 0x34, 0x89, 0xD3, 0xB8,
    0x08, 0x32, 0x72, 0x0A, 0xCB, 0x05, 0xA1, 0x04, 0x8A, 0x70, 0x14, 0x80, 0x97, 0xFD, 0x7B, 0xC0,
    0xC3, 0xDD, 0x77, 0xC7, 0x3B, 0x89, 0xA4, 0x49, 0x8D, 0xF0, 0x1D, 0xDE, 0xDB, 0xEF, 0xE7, 0x80,
    0xDD, 0x7D, 0xBB, 0xFB, 0x76, 0xF7, 0xED, 0x83, 0x52, 0x07, 0x8E, 0x17, 0x1F, 0x12, 0xFC, 0xCC,
    0xF3, 0x13, 0xFC, 0x9D, 0x17, 0x46, 0xF0, 0xCC, 0x73, 0xCF, 0x8D, 0xF0, 0xA5, 0xE7, 0x2E, 0x4C,
    0x70, 0xFC, 0xB6, 0xFA, 0x50, 0x25, 0x04, 0x5F, 0xCE, 0x3A, 0xD5, 0x09, 0x1C, 0x7D, 0xBE, 0xA3,
    0x7A, 0x81, 0xFD, 0x52, 0xA9, 0x5D, 0x81, 0xF1, 0x18, 0xE1, 0xEF, 0x59, 0x70, 0x92, 0x0A, 0x7C,
    0xC6, 0x82, 0xA3, 0x1C, 0xE1, 0x3D, 0x03, 0xC7, 0x06, 0xDE, 0x26, 0x78, 0x81, 0x70, 0xA0, 0x97,
    0x02, 0xA7, 0xAA, 0x30, 0x70, 0x9C, 0xFA, 0xFA, 0xDE, 0x08, 0x47, 0x4D, 0x08, 0x70, 0xAE, 0x32,
    0x80, 0x93, 0x7C, 0x82, 0x17, 0x0A, 0x60, 0xBC, 0x05, 0xC0, 0xDD, 0x11, 0xF0, 0x60, 0xC1, 0xD9,
    0x7F, 0xBF, 0x0E, 0xF0, 0x12, 0xE1, 0x3C, 0xD1, 0xBA, 0x64, 0x38, 0xCA, 0x03, 0xAD, 0x2B, 0x15,
    0x97, 0x70, 0x4D, 0xF8, 0xE1, 0xD5, 0x7F, 0x6A, 0x55, 0xD6, 0xA8, 0x01, 0x61, 0xE5, 0x69, 0x3C,
    0x3A, 0x82, 0x15, 0x00, 0x85, 0x6E, 0x18, 0x8E, 0x75, 0x15, 0xE9, 0x9C, 0xE1, 0xD9, 0xB1, 0xBE,
    0x5C, 0xD7, 0xCB, 0x6C, 0x5F, 0xED, 0xA5, 0x73, 0x98, 0x8F, 0x20, 0x5F, 0xD7, 0x79, 0xB1, 0x0F,
    0xDC, 0x99, 0xC3, 0x27, 0x38, 0x0A, 0x3D, 0x10, 0x32, 0x03, 0xBD, 0xDB, 0x54, 0x01, 0x60, 0xB5,
    0xBB, 0x76, 0xE9, 0x42, 0xF6, 0x37, 0xDF, 0xCD, 0xFE, 0xF5, 0xAF, 0xBD, 0x8F, 0x3A, 0xFF, 0x57,
    0xB5, 0xAF, 0x53, 0x77, 0x47, 0xAD, 0x01, 0x7A, 0x0A, 0x59, 0xBB, 0xC0, 0xE1, 0x81, 0x51, 0x84,
    0x41, 0xC5, 0x16, 0xE0, 0x02, 0x3E, 0x07, 0xD6, 0x37, 0xC0, 0xF5, 0x77, 0x5C, 0xA0, 0x2B, 0xEE,
    0x94, 0xF3, 0x8F, 0x0F, 0x46, 0xFB, 0x78, 0x42, 0x4E, 0x8D, 0xBC, 0x52, 0x59, 0xAA, 0x74, 0xE9,
    0xFE, 0x57, 0xE5, 0x96, 0x95, 0xF3, 0x59, 0xA5, 0x8A, 0x25, 0x7C, 0x12, 0x83, 0xB8, 0xED, 0x8C,
    0xFF, 0x01, 0x43, 0xAC, 0x60, 0x54, 0x54, 0x5D, 0x2B, 0xA7, 0xAA, 0x95, 0x6A, 0xE0, 0xCC, 0x2A,
    0xFA, 0x3C, 0x86, 0xAB, 0x58, 0xBF, 0x3C, 0xD1, 0x81, 0x43, 0x1C, 0x6A, 0x5D, 0x87, 0x38, 0xD4,
    0x2B, 0xA9, 0x3A, 0x88, 0xA2, 0x5B, 0x39, 0x45, 0x15, 0x0F, 0x69, 0x22, 0x34, 0x5F, 0x54, 0xCF,
    0xBE, 0xF8, 0xEC, 0x8B, 0x74, 0x5C, 0xB9, 0xFE, 0x52, 0xD1, 0xC4, 0x9F, 0xED, 0x04, 0x38, 0xFA,
    0x7F, 0x0B, 0x5F, 0xDD, 0x51, 0xCF, 0xBC, 0x75, 0x4D, 0xBD, 0x05, 0xE7, 0x9D, 0xDD, 0x46, 0xFD,
    0x9D, 0xAE, 0x55, 0xF2, 0x1F, 0xA9, 0x8A, 0xD2, 0xD3, 0xE1, 0x18, 0x6B, 0x8D, 0x62, 0xB9, 0x84,
    0x93, 0xC4, 0xCA, 0x51, 0x71, 0x95, 0x35, 0x1F, 0x5C, 0xAB, 0xFF, 0xFC, 0xCE, 0xDD, 0xAC, 0xDE,
    0xC8, 0x55, 0xAA, 0xFC, 0x56, 0x85, 0xBD, 0x7A, 0xE1, 0x82, 0x7A, 0x21, 0x54, 0x97, 0x2F, 0xAB,
    0xB0, 0x03, 0x34, 0xBF, 0xC2, 0x00, 0x00, 0x62, 0x30, 0xF2, 0x0A, 0x04, 0xC0, 0x1B, 0xFE, 0x59,
    0xF9, 0xC0, 0xDA, 0x00, 0x54, 0x1C, 0x14, 0x85, 0xCE, 0x00, 0x2E, 0xE9, 0x35, 0x2A, 0x75, 0x86,
    0x0D, 0xD0, 0x09, 0x5D, 0x3B, 0x85, 0x2E, 0x13, 0x10, 0xFC, 0x04, 0x64, 0xE8, 0xB2, 0xD0, 0xE4,
    0x6C, 0xC2, 0xEF, 0x06, 0x37, 0x45, 0x7C, 0xFF, 0x14, 0xC4, 0x4E, 0xA9, 0x73, 0xF3, 0x1B, 0x82,
    0x6A, 0xD1, 0x19, 0x3E, 0x8C, 0xB3, 0xE4, 0x33, 0x98, 0xCE, 0x63, 0xEF, 0x1F, 0xE6, 0xA7, 0xBC,
    0x77, 0xB9, 0xF2, 0x1E, 0x7C, 0x56, 0x7C, 0xFA, 0x78, 0x02, 0xA3, 0xBC, 0x16, 0xAD, 0x02, 0x70,
    0x02, 0x59, 0x09, 0x22, 0x8B, 0xBC, 0xD8, 0x89, 0xEB, 0xC5, 0xE6, 0x5D, 0x75, 0x4D, 0xBD, 0xB4,
    0x16, 0xF5, 0xD9, 0xFE, 0x42, 0x78, 0xE4, 0xD7, 0x7E, 0xED, 0x3D, 0xF8, 0xD5, 0x78, 0x8D, 0x4B,
    0x2F, 0x07, 0x64, 0x3A, 0x86, 0x5B, 0x2C, 0x80, 0xB6, 0x3B, 0xF0, 0xFF, 0x77, 0xE1, 0x7C, 0x09,
    0x94, 0x39, 0x82, 0xBB, 0x80, 0x98, 0xAA, 0x85, 0x25, 0x4F, 0x9E, 0x41, 0xE7, 0xA4, 0x67, 0x33,
    0x9D, 0xEE, 0xC1, 0xB3, 0xE5, 0xD3, 0xC1, 0x13, 0xC4, 0x42, 0x0D, 0x64, 0xEC, 0x52, 0x95, 0x80,
    0x1C, 0x06, 0x9A, 0xEF, 0xBA, 0x0E, 0x5D, 0x02, 0xFC, 0xD8, 0x07, 0xDE, 0xC2, 0xF5, 0xE8, 0xFC,
    0x10, 0x90, 0x4B, 0x50, 0x8E, 0x5A, 0xB2, 0x2F, 0x93, 0x0D, 0x04, 0x42, 0xB2, 0x56, 0x39, 0xC0,
    0x22, 0x6F, 0x5F, 0xA7, 0x41, 0x15, 0x2F, 0x43, 0x78, 0x81, 0xA1, 0x2D, 0xC1, 0xB0, 0x57, 0x74,
    0x2E, 0xFD, 0x2A, 0x1C, 0x8A, 0x0A, 0xF5, 0xD2, 0x41, 0x53, 0x7C, 0x06, 0x07, 0x22, 0x5E, 0x92,
    0x69, 0x70, 0x01, 0x81, 0xED, 0x0E, 0x6D, 0x2C, 0x88, 0x1F, 0xA0, 0xF1, 0x5B, 0xD4, 0x3E, 0xC1,
    0x81, 0x90, 0x20, 0x2C, 0x08, 0x05, 0x6E, 0x10, 0x11, 0xC2, 0x84, 0x50, 0x99, 0xE1, 0x22, 0xE8,
    0x28, 0x98, 0xDA, 0x00, 0x21, 0x0D, 0x1C, 0xD8, 0x2F, 0x52, 0x85, 0x28, 0x29, 0xC4, 0x09, 0xAD,
    0x7F, 0x89, 0xD3, 0x0D, 0x4C, 0x00, 0x39, 0x34, 0x51, 0x09, 0x9C, 0x05, 0x23, 0xA1, 0xC1, 0x96,
    0x6A, 0xB8, 0x58, 0x01, 0x10, 0x0B, 0x06, 0x21, 0x87, 0xD8, 0x11, 0x7A, 0x88, 0x1F, 0x21, 0x48,
    0x18, 0x12, 0x8A, 0x8C, 0x23, 0xC8, 0x5E, 0x84, 0x97, 0x3E, 0xFD, 0x5F, 0x89, 0xF2, 0x76, 0xF8,
    0x4F, 0xF4, 0x6D, 0x47, 0x85, 0x8D, 0x8A, 0x37, 0x71, 0xAA, 0x87, 0xBF, 0xD8, 0x81, 0x81, 0x51,
    0xC9, 0x80, 0xD6, 0x1C, 0x8E, 0x2B, 0x80, 0x06, 0x59, 0xFC, 0xE3, 0xFE, 0x52, 0xF9, 0x8B, 0xED,
    0xBF, 0x1C, 0xFF, 0x22, 0xC6, 0x19, 0x09, 0x6F, 0x3C, 0x24, 0xBA, 0x11, 0x9F, 0x61, 0x53, 0x25,
    0x95, 0xDA, 0xDD, 0x44, 0x26, 0xC3, 0x47, 0xD7, 0xD7, 0xD0, 0x6A, 0x14, 0xAD, 0x99, 0x06, 0xD6,
    0xB9, 0x03, 0xE3, 0xAD, 0xAE, 0xE6, 0xCE, 0x3E, 0x70, 0x55, 0xB7, 0x2E, 0x20, 0x0C, 0xB6, 0x02,
    0x3B, 0xFD, 0xEB, 0x0F, 0x9C, 0xE6, 0x9C, 0x87, 0x83, 0x91, 0x35, 0x01, 0x5C, 0xC2, 0x05, 0x13,
    0x0C, 0xBF, 0x75, 0xF6, 0xCD, 0xB4, 0x09, 0x08, 0xD0, 0x64, 0xB5, 0xA4, 0x09, 0x2B, 0x6A, 0x14,
    0xFB, 0x03, 0x39, 0x4E, 0x5C, 0x0E, 0xE8, 0x18, 0x4E, 0x2E, 0x1B, 0x3A, 0xA7, 0xE1, 0xCC, 0xCA,
    0x8E, 0xD8, 0x5B, 0xF6, 0x56, 0x17, 0x2D, 0x0B, 0x72, 0x3D, 0x72, 0x64, 0x83, 0xA3, 0x71, 0x62,
    0x53, 0x11, 0xCC, 0xFE, 0xFA, 0xE6, 0x6B, 0x30, 0x34, 0x2E, 0x1A, 0x3C, 0xB8, 0xC5, 0xB6, 0xD6,
    0x38, 0x3C, 0xCE, 0xAD, 0x9B, 0x16, 0xD6, 0x84, 0x36, 0x7E, 0xBA, 0xCF, 0xEF, 0x5D, 0xE1, 0xB4,
    0xE9, 0x01, 0x75, 0x99, 0xAA, 0x98, 0x19, 0xAE, 0xCC, 0x1B, 0x80, 0xFD, 0xEC, 0x58, 0x33, 0xC6,
    0x5B, 0xFA, 0x44, 0xE8, 0x5A, 0x20, 0xCC, 0x93, 0x2E, 0x30, 0x44, 0x93, 0x4C, 0x82, 0xFC, 0xA5,
    0x44, 0x45, 0xC4, 0xEF, 0x71, 0x78, 0x4D, 0x4F, 0x84, 0x00, 0x7B, 0x68, 0x40, 0x33, 0x9A, 0xA3,
    0x95, 0xAF, 0x91, 0x1D, 0x37, 0x5F, 0x01, 0x3B, 0xCD, 0xC4, 0x94, 0x3C, 0x4B, 0x10, 0x0A, 0xCE,
    0xD5, 0xF7, 0x27, 0xC1, 0x48, 0xDE, 0x98, 0x04, 0x23, 0x64, 0xC1, 0xB0, 0x27, 0x9F, 0xB7, 0x94,
    0xDB, 0x19, 0x2F, 0x60, 0xCF, 0x92, 0x89, 0xD8, 0x78, 0x0A, 0x7B, 0xAA, 0xE8, 0x14, 0x98, 0x78,
    0x9E, 0x78, 0xD4, 0x9B, 0xA0, 0x26, 0xF0, 0xD3, 0xE0, 0xDF, 0x01, 0x25, 0xC5, 0x67, 0xB0, 0x04,
    0xBD, 0x04, 0xF7, 0x2C, 0x84, 0x9F, 0x84, 0xF6, 0x9C, 0x73, 0x86, 0x5D, 0x3B, 0x22, 0x3A, 0x11,
    0x06, 0x64, 0x8A, 0x5C, 0x0D, 0x17, 0x10, 0x06, 0x05, 0x6A, 0xF4, 0x27, 0xBA, 0xD5, 0x29, 0x4B,
    0xD5, 0x15, 0xF8, 0x32, 0x79, 0xF0, 0x2B, 0x8D, 0x67, 0xAF, 0x47, 0x24, 0xE0, 0xB3, 0xC3, 0xCF,
    0xC7, 0xA9, 0xEB, 0xA2, 0xCC, 0x23, 0xA5, 0xF8, 0xB6, 0x41, 0xB5, 0x10, 0xB3, 0x5B, 0xEF, 0x1A,
    0x40, 0x8C, 0x8C, 0xD7, 0x74, 0x22, 0x38, 0x4D, 0x6F, 0x80, 0xC1, 0xFC, 0xA6, 0xE0, 0x41, 0x08,
    0xEA, 0x84, 0x38, 0xE6, 0x14, 0x65, 0xA4, 0x6F, 0x6E, 0x6D, 0xBD, 0x5A, 0xE8, 0xD4, 0xA7, 0xE9,
    0x18, 0xCD, 0x55, 0x46, 0xF3, 0x72, 0x8A, 0x23, 0xAA, 0x3F, 0xBD, 0xF9, 0xE0, 0xA9, 0xFC, 0x0D,
    0x63, 0x12, 0x3A, 0xE3, 0xA9, 0x18, 0x40, 0xCD, 0xC9, 0xBA, 0x38, 0x81, 0x93, 0xEF, 0xAE, 0x16,
    0xCA, 0xF2, 0xE3, 0xC7, 0xC3, 0x98, 0xCC, 0x3F, 0x23, 0x31, 0x31, 0x1F, 0xC9, 0xA7, 0x7E, 0xCF,
    0x73, 0x82, 0x62, 0xB7, 0x81, 0xA9, 0x5A, 0xC7, 0x49, 0x90, 0xE8, 0x72, 0x8A, 0x01, 0x3E, 0x42,
    0xCA, 0x5E, 0x01, 0xFF, 0x38, 0xD3, 0x25, 0xD3, 0x36, 0xA4, 0x11, 0xD8, 0x4E, 0xA2, 0x6E, 0x87,
    0x44, 0xC1, 0xB9, 0x3A, 0xBC, 0x7F, 0x72, 0x97, 0xC8, 0x99, 0x5C, 0x6B, 0xBF, 0x5E, 0x05, 0x7A,
    0xAB, 0x3D, 0x9F, 0xD3, 0xCA, 0x3A, 0xB3, 0x30, 0xC7, 0x49, 0x3E, 0xAC, 0x29, 0xD4, 0x39, 0xBD,
    0x50, 0x8F, 0xC7, 0xB3, 0xF2, 0xBB, 0x8C, 0x8D, 0x32, 0x1B, 0x94, 0xBB, 0x2A, 0xF8, 0xAC, 0x53,
    0x3E, 0x9C, 0xEE, 0xCE, 0x9D, 0x39, 0xB2, 0xE7, 0x24, 0x78, 0x43, 0x33, 0x95, 0xA1, 0xCD, 0xAC,
    0x95, 0xF7, 0x45, 0x07, 0xF6, 0x00, 0xC3, 0x8F, 0x84, 0x82, 0x13, 0x0C, 0x72, 0x76, 0x41, 0xFD,
    0x3A, 0x39, 0xF7, 0xE0, 0x7D, 0x96, 0x67, 0xE8, 0xF9, 0x80, 0x38, 0x83, 0xFF, 0x8E, 0x56, 0xE1,
    0x2E, 0x06, 0x74, 0x3D, 0xDA, 0x8E, 0x1E, 0x15, 0xFF, 0xDA, 0xF9, 0x15, 0x8C, 0x39, 0xA3, 0x84,
    0x28, 0x6E, 0x20, 0x04, 0xA3, 0xD8, 0x8B, 0x82, 0x2E, 0x8A, 0xB6, 0xC2, 0x86, 0xEC, 0x0F, 0x34,
    0x14, 0x58, 0x75, 0x63, 0x43, 0x31, 0x14, 0x05, 0x4F, 0x31, 0xDA, 0x20, 0x0A, 0x97, 0x28, 0x4E,
    0x42, 0x57, 0x08, 0x5B, 0x34, 0x50, 0x2A, 0x6E, 0xCD, 0x9D, 0x2E, 0xF8, 0x4B, 0x11, 0xBB, 0x5F,
    0xCA, 0x18, 0x25, 0x3F, 0x13, 0xE0, 0xBC, 0x9B, 0x3F, 0x99, 0x1A, 0x37, 0xE2, 0x6C, 0x61, 0x3D,
    0x03, 0x67, 0x98, 0x1F, 0x3A, 0x9E, 0x5C, 0x5D, 0xBB, 0x14, 0xE4, 0x45, 0xB4, 0xCC, 0xA2, 0xE5,
    0x0F, 0x82, 0xF4, 0xEB, 0x28, 0x8A, 0x53, 0xBF, 0x08, 0xCE, 0xAF, 0x86, 0x13, 0x7E, 0x7C, 0xE3,
    0xF9, 0xC3, 0xB2, 0x65, 0x87, 0x10, 0xE8, 0x7D, 0x63, 0x04, 0x97, 0x2C, 0x41, 0x3E, 0x2B, 0xD4,
    0x97, 0x5E, 0xEF, 0x23, 0x72, 0xDB, 0xFD, 0x21, 0xD6, 0xB5, 0x07, 0xED, 0xD9, 0x08, 0x8C, 0xA6,
    0x2E, 0x3A, 0x2C, 0x50, 0xBF, 0x7C, 0xD2, 0x05, 0x6A, 0x15, 0x89, 0x36, 0x6D, 0x36, 0x38, 0x12,
    0x6A, 0x91, 0x7A, 0x94, 0x1C, 0x9E, 0x7D, 0x4A, 0xE5, 0x90, 0x44, 0x08, 0xC3, 0x27, 0x8C, 0xA0,
    0x6E, 0xA0, 0x58, 0x66, 0x0F, 0x43, 0x2C, 0x25, 0x1B, 0x01, 0x8C, 0x13, 0xF1, 0x03, 0xFF, 0xEE,
    0x61, 0x8A, 0xAA, 0x73, 0x2B, 0x25, 0xA7, 0xAB, 0x67, 0xD7, 0x0B, 0xCC, 0xFD, 0x85, 0x5B, 0x5A,
    0xFF, 0x0E, 0xD3, 0x24, 0xEC, 0x8F, 0x25, 0xD8, 0xFA, 0x48, 0xAF, 0xCA, 0x50, 0x04, 0x5C, 0x84,
    0x54, 0x48, 0x43, 0x4E, 0xB1, 0x8A, 0xD2, 0x24, 0x49, 0x1D, 0x8B, 0x91, 0xB8, 0x79, 0x92, 0xE1,
    0x20, 0x82, 0xEE, 0xE0, 0x7C, 0x81, 0x44, 0x2F, 0xA8, 0xDD, 0xA5, 0x4F, 0x78, 0x9C, 0xF6, 0xD8,
    0x05, 0xB5, 0xC6, 0x33, 0xA1, 0xFF, 0x8D, 0xE8, 0x3A, 0x01, 0x0E, 0xD0, 0x8E, 0xAB, 0xF7, 0xB7,
    0x6E, 0x33, 0xD3, 0x31, 0xAF, 0x43, 0xC9, 0x83, 0xF3, 0xC3, 0x8E, 0x60, 0x2E, 0xA8, 0x0B, 0xEE,
    0x23, 0xF2, 0x06, 0x7B, 0x46, 0x5F, 0xF0, 0x87, 0x6B, 0x94, 0xE4, 0xEA, 0xFE, 0x43, 0x45, 0x24,
    0x60, 0xE0, 0x08, 0x34, 0x60, 0x8C, 0x08, 0x44, 0xA0, 0xBC, 0x22, 0x15, 0x18, 0x14, 0x62, 0x32,
    0x86, 0xBD, 0x79, 0x18, 0x6F, 0x24, 0xC4, 0xD5, 0x35, 0x53, 0x22, 0xA4, 0x08, 0x2D, 0x42, 0x8C,
    0x91, 0xBA, 0x3D, 0x65, 0xD1, 0x33, 0x26, 0x0E, 0x59, 0xE0, 0x99, 0x24, 0xA1, 0x49, 0x09, 0x51,
    0x42, 0x95, 0x21, 0x8B, 0xE8, 0x32, 0xBA, 0x4E, 0xF4, 0x04, 0xF4, 0xB9, 0x4F, 0x5A, 0x88, 0xC1,
    0x02, 0x91, 0x9C, 0xDD, 0x27, 0x2E, 0x6B, 0x1E, 0x39, 0xC2, 0x0E, 0x03, 0x00, 0x1A, 0xD0, 0x0D,
    0x24, 0xB1, 0xD0, 0x1C, 0xE2, 0x22, 0xB5, 0xF4, 0xD5, 0xCA, 0xE3, 0xFB, 0x16, 0x96, 0x8C, 0xF2,
    0x95, 0x43, 0x3E, 0x23, 0x21, 0x21, 0x58, 0x8C, 0x68, 0x18, 0x3C, 0x04, 0x11, 0xC1, 0x84, 0x51,
    0x01, 0x5C, 0xE8, 0x37, 0xDB, 0x7D, 0xC7, 0xD8, 0x14, 0x29, 0xA1, 0x03, 0xE3, 0x40, 0x19, 0x49,
    0x5D, 0x21, 0x42, 0xAE, 0x2E, 0x8F, 0x57, 0x70, 0xD1, 0x52, 0xD1, 0xD0, 0xEB, 0xB6, 0xDF, 0xF4,
    0xE8, 0x05, 0x76, 0xE4, 0xC7, 0xC2, 0x32, 0x29, 0x4F, 0xA5, 0xC0, 0x5A, 0xD2, 0xB8, 0x98, 0xD9,
    0xC7, 0xA7, 0x4B, 0x60, 0x1F, 0x87, 0x18, 0xF2, 0xDC, 0x4A, 0x99, 0x10, 0x69, 0xD7, 0x57, 0x4E,
    0x44, 0x4F, 0xAF, 0xFC, 0x8D, 0xFE, 0x03, 0x93, 0x67, 0xBA, 0xF5, 0x23, 0xE7, 0xDB, 0x6F, 0xAE,
    0xC0, 0x5E, 0xE2, 0x14, 0x89, 0xD5, 0xFE, 0xE0, 0xB8, 0x58, 0xED, 0x91, 0x88, 0xF6, 0xF5, 0x99,
    0x89, 0x93, 0xEE, 0xF9, 0x07, 0xC6, 0x8D, 0x8F, 0x43, 0x17, 0xCE, 0x71, 0x76, 0xD6, 0xE9, 0x45,
    0x58, 0x13, 0x93, 0x70, 0x36, 0x59, 0xD9, 0x46, 0xDC, 0x3B, 0xEB, 0x74, 0xBA, 0x4B, 0xCA, 0x6F,
    0x21, 0x6A, 0xAB, 0x81, 0xE3, 0xE0, 0x2E, 0x0D, 0xD6, 0xB5, 0x38, 0xD7, 0x6B, 0x3C, 0x42, 0x6D,
    0xD6, 0xD3, 0x4C, 0xD2, 0x51, 0x24, 0x91, 0x63, 0x5F, 0x8F, 0xC8, 0x73, 0x98, 0xAA, 0xCE, 0x9A,
    0x0C, 0xE8, 0xDF, 0x1C, 0xA0, 0x0B, 0xEE, 0x03, 0xB8, 0x26, 0x94, 0xFD, 0x82, 0x7B, 0x7D, 0xA4,
    0x97, 0x3E, 0x48, 0x68, 0x61, 0xDC, 0xAC, 0x30, 0x95, 0x94, 0x1B, 0x9C, 0x67, 0x0F, 0x72, 0xEF,
    0x21, 0x52, 0x16, 0x58, 0x04, 0x44, 0xD4, 0x9E, 0x3D, 0x2A, 0xFA, 0x7F, 0xEC, 0x3C, 0xC0, 0x3B,
    0x52, 0xEA, 0xDB, 0x90, 0xB1, 0xA7, 0xA6, 0x40, 0x3F, 0x96, 0x14, 0x1E, 0x9D, 0xF2, 0xD9, 0x82,
    0x6F, 0x81, 0xBF, 0x47, 0xD5, 0x04, 0x3B, 0xE5, 0xC2, 0x5D, 0x50, 0x8A, 0x8B, 0x8A, 0xB3, 0xC2,
    0xE7, 0x46, 0x4A, 0x48, 0x9B, 0xDD, 0x76, 0xC4, 0x6D, 0x6F, 0xD4, 0x48, 0xA2, 0x87, 0xCC, 0x18,
    0xD1, 0x84, 0xC9, 0x7E, 0x10, 0x41, 0x4A, 0x99, 0xC2, 0x55, 0x16, 0x68, 0xFD, 0x7A, 0x93, 0xD0,
    0x09, 0x6A, 0xB1, 0x87, 0x2E, 0xE5, 0x30, 0xF1, 0xF3, 0xA2, 0x96, 0x0C, 0x34, 0xBA, 0xEC, 0xE2,
    0xF6, 0x9A, 0x75, 0x0B, 0x3F, 0x5F, 0xCD, 0xD7, 0x47, 0x41, 0x65, 0x98, 0x8E, 0x14, 0x60, 0x73,
    0xF6, 0x48, 0x5D, 0x7C, 0xAC, 0xDC, 0x58, 0x71, 0x58, 0xA6, 0x3B, 0x5A, 0x4E, 0xCB, 0x43, 0x93,
    0x22, 0x07, 0x1C, 0x56, 0xE5, 0x10, 0x15, 0xB0, 0x64, 0xC1, 0x77, 0xE1, 0xD2, 0xAB, 0xE5, 0xBB,
    0x70, 0x49, 0xD8, 0xE3, 0x77, 0x61, 0xEE, 0x36, 0x6B, 0x14, 0x11, 0xAA, 0x28, 0x77, 0x9A, 0x98,
    0xA5, 0x30, 0x4E, 0x9D, 0x26, 0x61, 0x1C, 0x93, 0xD4, 0x6D, 0x90, 0x7F, 0xCE, 0xA0, 0x40, 0xD8,
    0x28, 0xC8, 0x74, 0x28, 0x26, 0x2A, 0x25, 0xF5, 0xFB, 0x05, 0x58, 0xA4, 0x8E, 0x7E, 0x00, 0x16,
    0xA6, 0xE7, 0x84, 0x70, 0x3B, 0xDA, 0x6E, 0x16, 0x69, 0x32, 0xB6, 0x92, 0xE3, 0x4A, 0xF2, 0x11,
    0x55, 0x4C, 0x06, 0x4B, 0xBE, 0x3A, 0xD0, 0xEF, 0x6E, 0x6B, 0x89, 0x52, 0x69, 0x69, 0x7A, 0x5C,
    0x3B, 0x1C, 0x97, 0x0A, 0x6E, 0xBD, 0x77, 0x90, 0x0F, 0xB3, 0x54, 0x99, 0x67, 0x52, 0x68, 0x48,
    0xB5, 0x79, 0x43, 0x74, 0xBB, 0xF5, 0xC8, 0x95, 0xE9, 0x8D, 0xD0, 0xCE, 0x99, 0x6E, 0xA2, 0x1E,
    0xDF, 0x8C, 0xF4, 0xE3, 0xE8, 0x8C, 0x1C, 0xC0, 0xA4, 0xF1, 0xC8, 0x03, 0x5C, 0x39, 0x9A, 0xB8,
    0x70, 0x6F, 0x4C, 0x81, 0x03, 0x1F, 0x42, 0xCE, 0x83, 0x13, 0x27, 0x5A, 0x47, 0xDB, 0xBC, 0x98,
    0x71, 0x63, 0xC6, 0x0F, 0xE1, 0x88, 0x21, 0xC5, 0xE2, 0xC9, 0x8C, 0x2B, 0x73, 0xBE, 0xCC, 0x38,
    0xB3, 0x92, 0x37, 0xFC, 0xF9, 0x07, 0x76, 0x76, 0x51, 0xEE, 0x4E, 0x42, 0xEB, 0xA4, 0x60, 0x91,
    0x62, 0x94, 0x62, 0xAC, 0x8C, 0x00, 0xFA, 0x77, 0xB9, 0x7B, 0x1B, 0x08, 0x85, 0x6E, 0x01, 0xF2,
    0xEC, 0x57, 0xF0, 0x6E, 0xC0, 0xEC, 0xE1, 0xAE, 0xA7, 0xD3, 0xB8, 0x71, 0xBA, 0x82, 0x13, 0x03,
    0xFA, 0x37, 0x7A, 0x28, 0x74, 0x35, 0x38, 0xBA, 0x89, 0xF4, 0xDC, 0xF6, 0x7D, 0x38, 0x07, 0x9C,
    0x94, 0x00, 0xBA, 0xCF, 0xDB, 0xA4, 0x8C, 0x74, 0x0B, 0x01, 0x16, 0xA4, 0x9A, 0x00, 0x64, 0xA4,
    0x3F, 0x70, 0xBF, 0x8C, 0x66, 0x44, 0xB8, 0x63, 0x91, 0x2B, 0xBE, 0x27, 0x87, 0xAE, 0x1A, 0xD9,
    0x5B, 0xF2, 0x7D, 0x3F, 0x1E, 0xEF, 0x9C, 0x95, 0xC7, 0xCC, 0x97, 0x56, 0xEC, 0x30, 0xAC, 0x04,
    0xA7, 0x29, 0x37, 0xF8, 0xF1, 0x28, 0x47, 0xD1, 0x47, 0xF5, 0x0A, 0x30, 0x78, 0xB9, 0xFC, 0x56,
    0x11, 0x8F, 0x53, 0xC4, 0xD5, 0x7C, 0x9F, 0xB1, 0xFB, 0xC0, 0x1B, 0xDB, 0xE1, 0xB1, 0xF8, 0x3F,
    0x63, 0xFB, 0x81, 0x37, 0x47, 0x8E, 0xC2, 0xF1, 0xC7, 0xB7, 0x46, 0xE2, 0xD8, 0x71, 0xF3, 0x4A,
    0x35, 0x05, 0x24, 0xA6, 0x93, 0x5C, 0xDC, 0x5D, 0xAE, 0xA7, 0xEA, 0xD9, 0x5F, 0x91, 0xEE, 0x60,
    0x12, 0xFE, 0xB1, 0xDB, 0x98, 0x19, 0xDE, 0x23, 0xCA, 0x16, 0x30, 0x66, 0x12, 0xEF, 0x9A, 0x7A,
    0xB0, 0xDE, 0x2C, 0x1B, 0x8E, 0xC0, 0xCA, 0xA5, 0x84, 0xC3, 0xC7, 0x93, 0x63, 0xCF, 0x14, 0xD5,
    0x1E, 0x58, 0x75, 0x3F, 0xD3, 0xC7, 0x5A, 0x2F, 0x45, 0xA6, 0x21, 0xE6, 0x8C, 0x2B, 0x11, 0xE9,
    0xA0, 0x93, 0x31, 0x01, 0x89, 0x06, 0x0F, 0x83, 0x85, 0x1D, 0x3E, 0x01, 0x67, 0xD1, 0x58, 0x1A,
    0x17, 0x9D, 0xA2, 0x9A, 0xC4, 0xB9, 0xF5, 0xB1, 0x8A, 0x82, 0x42, 0x31, 0xB7, 0x47, 0xAB, 0x10,
    0x51, 0x62, 0xD9, 0xD1, 0x80, 0xB9, 0xA3, 0x97, 0x22, 0xCB, 0x9F, 0xDE, 0x9A, 0x96, 0x7C, 0x29,
    0x45, 0x4C, 0x92, 0xDC, 0x6E, 0x53, 0x96, 0xB8, 0xE7, 0x71, 0xDF, 0xDA, 0x4A, 0xE7, 0x72, 0x5C,
    0x58, 0x63, 0x93, 0x48, 0x46, 0xF3, 0xA0, 0x10, 0xDB, 0x32, 0x3C, 0x13, 0x61, 0x5B, 0x82, 0x8F,
    0x37, 0x3C, 0x73, 0x06, 0xCD, 0x38, 0x34, 0xB1, 0xC8, 0xE6, 0xD1, 0x8C, 0x49, 0x33, 0x2E, 0x8D,
    0x6C, 0x52, 0x36, 0x9F, 0x94, 0xCD, 0x28, 0x65, 0x73, 0x4A, 0x59, 0xAC, 0xAA, 0x94, 0xC5, 0x2B,
    0xDD, 0x4D, 0xCC, 0xFA, 0x52, 0x0F, 0x16, 0xB7, 0xB6, 0x3B, 0x9B, 0x5D, 0x87, 0xF5, 0x3E, 0xB0,
    0xF5, 0xDE, 0x70, 0xEC, 0x21, 0xE9, 0xFD, 0xFA, 0x90, 0x1A, 0xB6, 0x54, 0x12, 0x5B, 0xCA, 0xFF,
    0xC6, 0xFD, 0x5F, 0x02, 0x5A, 0x11, 0xC4, 0x89, 0xB4, 0x72, 0x1F, 0x53, 0x4D, 0x08, 0xE5, 0xA9,
    0x83, 0x46, 0x80, 0xB8, 0x94, 0x6C, 0x75, 0xC6, 0x6B, 0x88, 0x2C, 0x0F, 0x3D, 0x5C, 0xE3, 0x5F,
    0x80, 0xFB, 0xC0, 0x4F, 0x10, 0xEF, 0xFD, 0xAD, 0xAB, 0xBA, 0x56, 0xFA, 0xDF, 0x88, 0xEE, 0x1C,
    0x34, 0xA0, 0xD0, 0x12, 0xAF, 0x3A, 0x57, 0x6F, 0xDD, 0x3C, 0x84, 0xC6, 0x88, 0xC7, 0x84, 0x88,
    0x60, 0x32, 0xA1, 0x32, 0xE1, 0x32, 0x21, 0x33, 0x61, 0x33, 0xA1, 0x33, 0xE2, 0x63, 0x10, 0x1A,
    0x94, 0xC1, 0x08, 0x64, 0x40, 0x50, 0x2A, 0x74, 0x29, 0x38, 0xAD, 0xA3, 0x5C, 0xD8, 0x48, 0x71,
    0xC1, 0xA8, 0x05, 0xDB, 0x05, 0x07, 0x36, 0xFC, 0x9C, 0xFA, 0xEA, 0xC7, 0xB7, 0x8A, 0x7C, 0x58,
    0x91, 0x6D, 0x9E, 0xCF, 0xAB, 0x3C, 0x66, 0x6F, 0xBE, 0x0E, 0xDB, 0xBF, 0xB5, 0x11, 0x27, 0xB7,
    0x11, 0x63, 0xFD, 0xE5, 0xE8, 0x80, 0x8C, 0x80, 0x73, 0x02, 0x37, 0xEC, 0x09, 0x31, 0x31, 0x53,
    0x15, 0xE9, 0x54, 0x60, 0x31, 0x41, 0xCE, 0x09, 0xFD, 0xC9, 0x27, 0xCF, 0x50, 0x89, 0x7F, 0xEA,
    0x36, 0x0F, 0xEE, 0xDA, 0x15, 0x9D, 0x73, 0x5C, 0xD7, 0xA9, 0x0D, 0xA0, 0xD7, 0xE9, 0x1C, 0x2C,
    0x87, 0x70, 0xBA, 0x80, 0xD8, 0xDA, 0x25, 0xAD, 0x8F, 0x6B, 0x97, 0xC4, 0x6A, 0xAA, 0x8B, 0x48,
    0xA8, 0xAA, 0x83, 0xBA, 0xA5, 0x8C, 0x12, 0x52, 0x87, 0x2E, 0xB1, 0xCB, 0x0A, 0x13, 0x37, 0x89,
    0xBE, 0x7F, 0xEB, 0xB6, 0xAE, 0x28, 0x5D, 0xA5, 0x53, 0xEA, 0x80, 0x7F, 0x67, 0xB6, 0xB6, 0x36,
    0x27, 0x1A, 0x46, 0x4C, 0x4F, 0x08, 0xB4, 0x47, 0x02, 0xCE, 0x49, 0x00, 0xA6, 0x4E, 0x19, 0xFA,
    0xD4, 0x48, 0xE1, 0x48, 0xE3, 0x48, 0xE5, 0x48, 0xE7, 0x48, 0xE9, 0x48, 0xAB, 0xA1, 0x56, 0x19,
    0x7A, 0x59, 0xAC, 0xB0, 0x6E, 0x96, 0x69, 0xE6, 0x92, 0x67, 0x1A, 0xC1, 0x25, 0xD3, 0x8D, 0xF5,
    0x7F, 0x42, 0xB9, 0x84, 0x24, 0x6C, 0x47, 0xBE, 0x62, 0xDB, 0xCC, 0xDA, 0xF5, 0x7D, 0xE4, 0x10,
    0x48, 0x8B, 0xDB, 0x00, 0x35, 0x8D, 0xDB, 0x24, 0xFB, 0xAF, 0x75, 0x6E, 0x03, 0xB7, 0xEC, 0xDD,
    0x2F, 0x31, 0x2E, 0x71, 0x91, 0x82, 0x2B, 0x58, 0xE8, 0x86, 0x30, 0xD2, 0x88, 0x48, 0xFB, 0x1D,
    0x60, 0x7D, 0xA6, 0xA8, 0xC9, 0x23, 0xCD, 0xB1, 0xD9, 0x57, 0xD8, 0xA4, 0x07, 0x42, 0x27, 0x13,
    0x28, 0x3D, 0xB4, 0xBE, 0x39, 0xD4, 0xAF, 0xEF, 0xF3, 0x28, 0x17, 0x68, 0x94, 0x98, 0x0A, 0xEC,
    0x91, 0x0E, 0xEC, 0x91, 0x12, 0xE8, 0xBF, 0xE4, 0x18, 0x8B, 0xA9, 0x51, 0x8A, 0xE9, 0xC1, 0x7E,
    0x4A, 0xF0, 0xE1, 0x10, 0x12, 0x55, 0xAD, 0x12, 0x4F, 0x5B, 0x23, 0x4D, 0xFA, 0x3E, 0x48, 0x20,
    0xD1, 0xB6, 0x61, 0xD9, 0xFC, 0x13, 0xEA, 0xD1, 0x1D, 0x92, 0x32, 0x1A, 0xEA, 0xB1, 0x53, 0xEF,
    0x3D, 0xA5, 0x7A, 0xC4, 0xF9, 0x6B, 0xA0, 0x80, 0x33, 0x16, 0x36, 0xC0, 0x5F, 0x7D, 0xE3, 0xF4,
    0x28, 0x4C, 0xB1, 0x8D, 0x97, 0x53, 0x7B, 0x36, 0x7D, 0xD2, 0xF5, 0x88, 0x72, 0xD1, 0x8C, 0xEF,
    0xAC, 0x3F, 0x9B, 0x3E, 0x89, 0x7A, 0xB4, 0xFE, 0x3E, 0xCF, 0x8E, 0xB4, 0x0E, 0x86, 0xE1, 0x7A,
    0x30, 0xBC, 0xA2, 0x4C, 0xBE, 0x82, 0xC5, 0x2B, 0x4E, 0xA7, 0x36, 0x32, 0x6B, 0xAE, 0xDF, 0xC7,
    0xC5, 0xC2, 0xF5, 0x01, 0xEB, 0xED, 0x0A, 0x4D, 0xCB, 0x65, 0x88, 0x7E, 0x32, 0x70, 0x65, 0x34,
    0x27, 0x53, 0x50, 0x26, 0x48, 0xAE, 0xEC, 0xAB, 0xB1, 0x4F, 0x98, 0x58, 0x0B, 0x86, 0x7B, 0x87,
    0x56, 0x4B, 0x0B, 0x7B, 0xCD, 0x94, 0xEE, 0x28, 0x2E, 0x75, 0x8F, 0x81, 0xBC, 0xA7, 0x7F, 0xB7,
    0x05, 0x6E, 0x52, 0xA1, 0xA5, 0xF4, 0x0F, 0xA5, 0xF9, 0xD5, 0xFB, 0x78, 0xD9, 0xEF, 0xA5, 0x34,
    0xC1, 0xB7, 0x44, 0xD1, 0x80, 0xAE, 0xD9, 0xA7, 0x9A, 0xB6, 0xA8, 0xC0, 0x45, 0x20, 0xA6, 0x07,
    0xE4, 0xBD, 0x16, 0xE7, 0x7B, 0x98, 0xE6, 0xA9, 0x7E, 0x32, 0xC7, 0xDB, 0x45, 0x9F, 0x90, 0xF0,
    0x22, 0x43, 0xD1, 0xCD, 0x26, 0x78, 0x9F, 0xBD, 0x2C, 0x2C, 0xAC, 0xFC, 0x7B, 0x90, 0x5C, 0xF0,
    0x10, 0x37, 0x74, 0x19, 0xD0, 0x58, 0xB1, 0xB7, 0x96, 0xE4, 0x07, 0xA9, 0x38, 0x72, 0xCD, 0x37,
    0x37, 0xAE, 0xDD, 0x86, 0x0A, 0xF5, 0xBB, 0xAF, 0xE9, 0xD4, 0xE3, 0x2A, 0xF0, 0x8C, 0x8A, 0xC0,
    0x9D, 0xDB, 0xE4, 0xBE, 0x21, 0xE6, 0xB4, 0x4E, 0x98, 0x20, 0x1E, 0xC5, 0xA7, 0x35, 0xF3, 0xCF,
    0x6B, 0x8D, 0xCC, 0x58, 0x4D, 0x33, 0x2E, 0x4A, 0xE9, 0xD4, 0x59, 0xAA, 0xA4, 0xD9, 0x2E, 0x71,
    0x83, 0x40, 0x55, 0xE0, 0x66, 0x1A, 0xAA, 0x73, 0xD2, 0xD3, 0x1A, 0x3F, 0xEE, 0x88, 0x43, 0x67,
    0x12, 0x2F, 0x44, 0x0B, 0x9B, 0x9E, 0xFE, 0x3D, 0xDC, 0x1C, 0x68, 0x01, 0xC4, 0x78, 0x23, 0x1A,
    0x38, 0xA3, 0xC0, 0x13, 0x8F, 0xF7, 0xD6, 0xE9, 0x14, 0x91, 0x8F, 0x3F, 0xA6, 0x25, 0x0E, 0x5A,
    0xB8, 0xF4, 0xC8, 0xD9, 0xDC, 0x46, 0x9E, 0x90, 0x34, 0x2D, 0xB5, 0xFE, 0x31, 0x70, 0x46, 0xDF,
    0x00, 0x9E, 0x8C, 0x99, 0xD3, 0x7A, 0x2A, 0xFB, 0x95, 0xE2, 0xDF, 0x1B, 0x47, 0x78, 0x64, 0xDF,
    0x24, 0x79, 0x0B, 0xD5, 0xB4, 0x1A, 0xC8, 0xED, 0x51, 0x2B, 0x4F, 0x4F, 0xAF, 0x64, 0x5E, 0x1F,
    0x13, 0xC0, 0xC3, 0x51, 0xCB, 0xDD, 0x8F, 0x4E, 0x78, 0x2F, 0x59, 0xE8, 0x66, 0xC7, 0xAE, 0xFA,
    0x3F, 0x1E, 0x31, 0x37, 0x6B, 0x9C, 0xF3, 0x75, 0x83, 0x11, 0xF0, 0xD3, 0x13, 0x84, 0x24, 0x26,
    0xB0, 0x49, 0x4C, 0xB5, 0xA3, 0x96, 0x2C, 0xA9, 0xD7, 0x67, 0x4B, 0x89, 0x73, 0x24, 0xB9, 0x1F,
    0x94, 0x7E, 0xC5, 0x7B, 0x78, 0x96, 0x9C, 0x17, 0x20, 0x60, 0x61, 0x80, 0x5D, 0x96, 0x75, 0x29,
    0x1B, 0x05, 0xC9, 0xAC, 0x89, 0xB1, 0x30, 0x8A, 0x52, 0x48, 0x5A, 0xE8, 0xFA, 0x60, 0xD9, 0xA8,
    0x5F, 0x25, 0x26, 0x3C, 0xA6, 0xB2, 0xD1, 0xAD, 0x57, 0x71, 0x21, 0x5A, 0x66, 0x09, 0xAE, 0x93,
    0x44, 0x26, 0x3A, 0x10, 0xCB, 0x58, 0xA9, 0x95, 0xC8, 0x8A, 0xE9, 0xF3, 0x55, 0xE0, 0xD9, 0x53,
    0xC4, 0xF1, 0xE7, 0x27, 0x2E, 0xE9, 0x66, 0x2A, 0x92, 0x18, 0x4C, 0x29, 0x59, 0x78, 0x1F, 0xB7,
    0x58, 0x89, 0x6A, 0x25, 0x4B, 0x91, 0xE2, 0x24, 0x05, 0x36, 0xEF, 0x4A, 0x11, 0x49, 0x28, 0xDB,
    0x54, 0xE0, 0xBB, 0xA0, 0x94, 0xF5, 0xF6, 0x6C, 0xFA, 0x34, 0xE1, 0x1A, 0x71, 0xB9, 0x42, 0x2E,
    0xAB, 0xEC, 0xE1, 0xE7, 0x5A, 0x6A, 0x45, 0x79, 0xBF, 0x1C, 0xD1, 0x7F, 0x95, 0x5C, 0x13, 0xC3,
    0x01, 0x6D, 0x6A, 0x45, 0xF5, 0xCE, 0x5F, 0xA1, 0xEF, 0x77, 0x55, 0xDF, 0x7A, 0x57, 0xDC, 0xAF,
    0x92, 0x1D, 0x1C, 0x3C, 0xDD, 0x03, 0xD1, 0xA7, 0x7B, 0x17, 0x2F, 0x86, 0xBB, 0xD3, 0xE0, 0xAE,
    0xAF, 0xD7, 0x4E, 0xEB, 0x35, 0x5E, 0xED, 0x62, 0x29, 0x4D, 0x37, 0x9E, 0xAD, 0xEA, 0x5C, 0x8C,
    0x3C, 0xF1, 0x8C, 0x91, 0xC3, 0xE8, 0xD8, 0xE1, 0xC5, 0xB2, 0xB2, 0xA0, 0x79, 0x19, 0xBE, 0x1A,
    0x83, 0xD5, 0x3B, 0x87, 0xAC, 0xE9, 0x51, 0xE9, 0xD3, 0x37, 0x79, 0xE4, 0x97, 0x4A, 0x94, 0x4F,
    0x15, 0xB7, 0x71, 0xF4, 0x7A, 0x71, 0x75, 0x07, 0xD2, 0xB8, 0x85, 0x92, 0x1C, 0x37, 0xB7, 0xF0,
    0x79, 0x6F, 0xFC, 0x1F, 0x55, 0xFC, 0xAC, 0x51, 0xB2, 0xBE, 0x5D, 0x8C, 0x9E, 0x02, 0xE0, 0x73,
    0xFF, 0xE5, 0xC2, 0xF2, 0x12, 0x54, 0x73, 0x89, 0x91, 0x29, 0xAC, 0x4E, 0xDD, 0x38, 0xA6, 0x04,
    0xC7, 0xDD, 0x91, 0x18, 0xDB, 0x12, 0x71, 0x77, 0x28, 0xD8, 0x17, 0x22, 0xF1, 0xF6, 0x2B, 0x8A,
    0xE7, 0x03, 0x10, 0xE4, 0xEF, 0xB2, 0x3C, 0xD3, 0x0E, 0x38, 0xF0, 0x78, 0x52, 0x10, 0x6A, 0xB7,
    0xC9, 0x70, 0x6E, 0xB8, 0xDD, 0xEC, 0x91, 0x40, 0x37, 0xBB, 0x2C, 0xCE, 0x94, 0x70, 0xF9, 0x0B,
    0x16, 0x6F, 0xBF, 0x1A, 0x58, 0x90, 0x0B, 0x1E, 0xE8, 0x0C, 0xC5, 0xB1, 0x48, 0x13, 0x1C, 0xA5,
    0x01, 0x8C, 0xCA, 0x26, 0x7A, 0x40, 0x9E, 0xEC, 0x52, 0x2A, 0x78, 0xA7, 0xE9, 0xBA, 0x6D, 0x5D,
    0xC8, 0xBC, 0x89, 0x68, 0x0F, 0x22, 0xCC, 0xA6, 0x7F, 0xFE, 0x01, 0x12, 0xED, 0x6C, 0x2A, 0x9B,
    0x40, 0xB8, 0x3E, 0x7B, 0xE0, 0x4C, 0x22, 0x70, 0x5D, 0xAA, 0x43, 0x2A, 0x53, 0x2F, 0x06, 0xBC,
    0xFF, 0x13, 0xE9, 0x23, 0xA6, 0x13, 0xA7, 0xA6, 0xB0, 0xC6, 0x9E, 0x8B, 0x9D, 0xB0, 0x36, 0x98,
    0x12, 0x3D, 0xBB, 0x9C, 0xD3, 0x6A, 0x7B, 0xF1, 0x28, 0x7B, 0x49, 0x7E, 0x0C, 0x6C, 0x13, 0x78,
    0xBA, 0x82, 0x8B, 0x10, 0xC1, 0x59, 0x4A, 0x32, 0x8D, 0x0E, 0x60, 0x34, 0xA4, 0x0E, 0xEE, 0x2A,
    0xF4, 0x25, 0xCC, 0x30, 0x44, 0xE3, 0xD5, 0x67, 0x54, 0x5F, 0x0F, 0x99, 0x50, 0x3C, 0x0F, 0x12,
    0xFA, 0xB0, 0x85, 0x99, 0xB7, 0x31, 0x70, 0xB9, 0x38, 0x6F, 0xBA, 0x38, 0x72, 0xDF, 0xC2, 0xE3,
    0x12, 0x66, 0x53, 0xBE, 0x77, 0x8A, 0x9E, 0x06, 0xF3, 0x1A, 0xEF, 0x7E, 0x74, 0x3B, 0xEE, 0x61,
    0x72, 0xA1, 0x1E, 0xE7, 0x96, 0x92, 0x8D, 0x24, 0xF5, 0xF0, 0x4F, 0xB4, 0x78, 0x0C, 0x0C, 0x09,
    0xC8, 0x7C, 0xB7, 0x68, 0x75, 0xA9, 0xDA, 0xC4, 0xC7, 0x8C, 0xEE, 0x46, 0x03, 0x3D, 0x8C, 0x31,
    0x88, 0xA5, 0x5F, 0xF1, 0x86, 0x3C, 0x9F, 0x2D, 0x37, 0xF4, 0xBD, 0xF4, 0x83, 0xA4, 0x2D, 0xC5,
    0x74, 0x95, 0x6C, 0xB7, 0x8A, 0x25, 0x19, 0xAD, 0xDB, 0x9A, 0xC7, 0x18, 0xA3, 0x33, 0x29, 0x6D,
    0x27, 0x5B, 0xB5, 0x79, 0x90, 0xBE, 0x53, 0x02, 0x6C, 0xD7, 0x84, 0xCC, 0x91, 0xCE, 0x91, 0xD0,
    0x91, 0xD2, 0x91, 0xD4, 0x91, 0x56, 0x26, 0x56, 0x19, 0x6A, 0x95, 0x21, 0x57, 0x19, 0x7A, 0x95,
    0x21, 0x58, 0x19, 0x8A, 0x95, 0x21, 0x59, 0x19, 0x9A, 0xC5, 0x64, 0x07, 0xB5, 0x31, 0xD8, 0xAD,
    0x98, 0xEB, 0x62, 0x50, 0x42, 0x77, 0xD1, 0x31, 0xE1, 0x3D, 0xE8, 0x1D, 0x53, 0x1E, 0x74, 0x36,
    0xE9, 0x6B, 0xEC, 0xB1, 0x04, 0xB8, 0x41, 0xB9, 0xA7, 0x8A, 0x2B, 0xE8, 0xB0, 0x50, 0x0E, 0x5D,
    0x39, 0x74, 0xEA, 0xD0, 0x1D, 0xC4, 0xAA, 0x1D, 0xDC, 0xDB, 0xE9, 0xE1, 0xFD, 0x8A, 0x9C, 0xBF,
    0xF0, 0x5B, 0x29, 0x32, 0x2B, 0xC4, 0x69, 0x1C, 0x37, 0x9F, 0x4B, 0x9F, 0x2D, 0x59, 0xB6, 0x7B,
    0x65, 0x69, 0xD3, 0xDA, 0xB4, 0xC4, 0x18, 0x10, 0x19, 0x45, 0x4F, 0x93, 0x19, 0x32, 0x27, 0xA3,
    0x1C, 0x30, 0x81, 0x61, 0x3F, 0x39, 0x95, 0x87, 0x8B, 0x40, 0xFD, 0x59, 0x85, 0x19, 0xD7, 0x96,
    0xD5, 0x53, 0xC5, 0xA9, 0xB0, 0x65, 0x56, 0x7A, 0x56, 0x59, 0xA5, 0xA8, 0x9D, 0xF1, 0xA8, 0x01,
    0xBF, 0x8C, 0xB4, 0x2F, 0x44, 0xEF, 0x65, 0xC7, 0xB1, 0xF7, 0x93, 0x7D, 0x9D, 0x34, 0x95, 0x7B,
    0x92, 0xB6, 0x9D, 0xB2, 0x0C, 0xA6, 0x5D, 0xA3, 0x36, 0xA6, 0x36, 0xA1, 0x96, 0x32, 0xE9, 0xED,
    0xAE, 0x32, 0x3B, 0x5B, 0x5C, 0xDA, 0xE8, 0xC2, 0x0E, 0x0C, 0xB7, 0x7E, 0x55, 0xB0, 0xBC, 0xE7,
    0xC8, 0x8A, 0xB8, 0xC6, 0x4D, 0xB4, 0xE0, 0x9C, 0x6E, 0xF7, 0x64, 0x1A, 0x1B, 0xDA, 0x3B, 0x9B,
    0x63, 0xD6, 0xFB, 0x9D, 0x47, 0x96, 0xD0, 0x9A, 0xE5, 0x5D, 0x1E, 0xD8, 0xB7, 0xF3, 0xDE, 0xB1,
    0xFA, 0x35, 0xE9, 0x63, 0xF1, 0x79, 0x89, 0x07, 0xA6, 0xD6, 0x60, 0x2C, 0x33, 0x18, 0xCC, 0x6A,
    0x0E, 0x29, 0x84, 0xBB, 0xCF, 0xD9, 0x65, 0xC4, 0xA3, 0x97, 0xA4, 0x4A, 0x21, 0x23, 0xCE, 0x3C,
    0xA1, 0xBA, 0x34, 0x87, 0x42, 0x27, 0xFD, 0xEE, 0xED, 0x5E, 0x56, 0x07, 0x1A, 0x59, 0x08, 0xC9,
    0x79, 0x4D, 0x80, 0x05, 0xB4, 0x75, 0xF0, 0xF1, 0x29, 0xAB, 0x5E, 0x3D, 0xBD, 0x76, 0xED, 0x97,
    0xD3, 0x15, 0xAD, 0xAE, 0x69, 0x1A, 0x6B, 0xE7, 0xE5, 0x94, 0x0F, 0x3C, 0x7B, 0xEB, 0xDC, 0x5D,
    0x71, 0xEE, 0x89, 0x5A, 0x81, 0x5A, 0x3B, 0xBC, 0x59, 0x31, 0xD7, 0xFF, 0x0B, 0x32, 0x9A, 0x16,
    0x22, 0xA1, 0xCF, 0x90, 0xD2, 0x20, 0x69, 0x48, 0x48, 0x71, 0xAF, 0x43, 0x3E, 0x0D, 0xC8, 0x84,
    0x04, 0x57, 0x02, 0x28, 0x16, 0xA4, 0x50, 0x10, 0x1F, 0xA4, 0x70, 0x0E, 0x1A, 0x7C, 0x32, 0x05,
    0x92, 0x9D, 0xE2, 0xC4, 0xA9, 0xA2, 0xDF, 0x42, 0x7C, 0x48, 0x13, 0x77, 0xA2, 0x1E, 0xDC, 0xA4,
    0x26, 0xBA, 0xE4, 0x2B, 0x2E, 0xC7, 0xA6, 0x34, 0x65, 0x3F, 0x2E, 0xCF, 0x5D, 0x0E, 0x71, 0x31,
    0xA3, 0x61, 0xA1, 0x89, 0x34, 0xA4, 0x55, 0xA7, 0xA4, 0xC2, 0x4B, 0x68, 0xF4, 0x47, 0x21, 0x9A,
    0x40, 0x0B, 0x38, 0x50, 0xED, 0x89, 0xA6, 0x6C, 0xCF, 0xED, 0x25, 0x4C, 0x8F, 0x49, 0xD8, 0x60,
    0xA0, 0xE1, 0xE9, 0x5F, 0xE9, 0x66, 0x81, 0xB3, 0x50, 0xB7, 0x07, 0x28, 0xFF, 0x14, 0x24, 0xDF,
    0x79, 0x6F, 0x1E, 0x8A, 0x2D, 0x0E, 0x97, 0x87, 0xDB, 0xDA, 0x9E, 0x4F, 0xF1, 0x45, 0x68, 0xB5,
    0x81, 0x38, 0x17, 0x6A, 0x42, 0x56, 0x9D, 0x49, 0xA5, 0x04, 0xD1, 0x45, 0xE7, 0xD6, 0x1F, 0xB4,
    0xA8, 0x51, 0x8C, 0xFB, 0x27, 0x13, 0xFC, 0x97, 0x5D, 0xDC, 0x4C, 0x0A, 0x56, 0xB9, 0x84, 0xA8,
    0x31, 0x28, 0x03, 0x5D, 0x46, 0x68, 0xD2, 0x60, 0x2C, 0x7E, 0x41, 0x4B, 0x8A, 0xDB, 0xA3, 0x33,
    0xCE, 0x3B, 0xD2, 0x69, 0x9F, 0x39, 0x5D, 0x4C, 0x05, 0xFB, 0x9A, 0xB5, 0x32, 0x15, 0x47, 0x9C,
    0xBD, 0x6D, 0x5C, 0xD9, 0x21, 0x0D, 0x85, 0x81, 0xF2, 0x74, 0x0E, 0xE6, 0x2A, 0xD0, 0xB5, 0xA7,
    0x55, 0xF1, 0xD1, 0xF0, 0xBA, 0xEE, 0xF4, 0xCB, 0x5A, 0xDF, 0x1B, 0x7A, 0x20, 0x1C, 0x0D, 0x9C,
    0xFB, 0xDE, 0x14, 0x3C, 0x45, 0x56, 0x09, 0xEE, 0xD1, 0x31, 0x93, 0xAB, 0xA6, 0x0C, 0x40, 0x64,
    0x99, 0x3D, 0xBF, 0xE6, 0x75, 0x3B, 0x2E, 0xE6, 0xA1, 0x95, 0x3A, 0x36, 0x2C, 0xE4, 0x38, 0x29,
    0x5A, 0x7A, 0x53, 0x1D, 0xAF, 0xC6, 0xF5, 0xA3, 0xA9, 0x81, 0x08, 0x88, 0x4C, 0x26, 0x8A, 0x49,
    0x5C, 0x42, 0xD4, 0x0B, 0xE6, 0x31, 0xD4, 0x37, 0x6F, 0x0F, 0xA4, 0x3E, 0xED, 0x68, 0x58, 0xAE,
    0xBE, 0x63, 0x07, 0x79, 0x26, 0xB4, 0x33, 0xFD, 0x49, 0x22, 0xBC, 0xB1, 0x4E, 0x69, 0x56, 0x52,
    0x16, 0x54, 0xD3, 0x22, 0x96, 0xD4, 0x24, 0x99, 0x72, 0x24, 0x53, 0x89, 0x24, 0x86, 0x41, 0xAD,
    0x34, 0x0C, 0x4E, 0x2F, 0xBD, 0x3C, 0xDA, 0x02, 0x0D, 0x50, 0x21, 0xD7, 0x31, 0x15, 0x46, 0x38,
    0xC1, 0x60, 0x0C, 0x19, 0xCA, 0xDA, 0xE1, 0xB8, 0x6C, 0x98, 0xC9, 0x8A, 0xA1, 0x2C, 0x16, 0x8E,
    0xDB, 0xDE, 0x9C, 0x03, 0x59, 0x9A, 0xD3, 0x6E, 0x75, 0xBB, 0x2E, 0xB3, 0xD3, 0xB0, 0x22, 0x33,
    0x70, 0xDA, 0x1D, 0xCB, 0x0F, 0x6B, 0xE7, 0xF1, 0x63, 0xDB, 0x56, 0xEC, 0x28, 0x31, 0x48, 0x3C,
    0x8D, 0xE3, 0xFE, 0x44, 0x7A, 0x18, 0x01, 0xAF, 0x35, 0x0E, 0xDB, 0x1D, 0xC8, 0xA5, 0x8F, 0x46,
    0xC1, 0xD3, 0xE0, 0xF5, 0xBB, 0x1A, 0x02, 0x75, 0xEF, 0x0B, 0x70, 0xA6, 0xBD, 0xFF, 0xE9, 0xDC,
    0x36, 0x80, 0xE0, 0xA5, 0x87, 0x98, 0x05, 0x03, 0x87, 0x4C, 0x65, 0x83, 0xDA, 0x03, 0x86, 0xFC,
    0xBE, 0x27, 0xA7, 0x4E, 0xEF, 0x6C, 0x90, 0xFB, 0xFE, 0xCC, 0x58, 0xA1, 0x8E, 0xC5, 0xCE, 0x82,
    0x42, 0x78, 0xBF, 0xA3, 0x5C, 0x4F, 0x4F, 0x46, 0x82, 0x42, 0x05, 0x92, 0x17, 0x7E, 0x38, 0x45,
    0x47, 0xE5, 0xEF, 0x54, 0x14, 0xE0, 0x36, 0xF4, 0x78, 0x95, 0x1A, 0x05, 0xC3, 0xFB, 0x1C, 0x33,
    0x3A, 0x05, 0x7B, 0xC3, 0x9C, 0xDD, 0xC0, 0x44, 0x73, 0x0A, 0xBF, 0xC0, 0xA4, 0x53, 0x8B, 0x4E,
    0x8E, 0xD3, 0x91, 0xAB, 0xA3, 0xD9, 0xD9, 0x29, 0xA9, 0x20, 0x9F, 0x33, 0x74, 0x1C, 0x44, 0x58,
    0x1B, 0xCB, 0x1F, 0xD9, 0xE3, 0x54, 0x1E, 0xE7, 0x73, 0x51, 0xE8, 0xB8, 0x9A, 0x4F, 0x79, 0x23,
    0x7C, 0x4C, 0x08, 0xF9, 0x61, 0xBF, 0xFE, 0x40, 0xF1, 0xE3, 0x26, 0xA6, 0x95, 0x7A, 0xF1, 0x91,
    0xFF, 0x80, 0x8F, 0x09, 0xF9, 0x43, 0x3F, 0xD6, 0xE3, 0x29, 0x63, 0xD7, 0x11, 0xC7, 0x45, 0x8E,
    0x76, 0x07, 0x9E, 0x58, 0x07, 0x76, 0xB6, 0xAF, 0x5B, 0xCF, 0xC5, 0x7A, 0x22, 0xD8, 0xBC, 0xF2,
    0xD8, 0xB9, 0x28, 0x0E, 0x2A, 0x87, 0x03, 0x5E, 0x3B, 0xC8, 0x42, 0xE8, 0xDB, 0x07, 0x7F, 0x19,
    0xD0, 0x8C, 0x10, 0x99, 0x87, 0xF8, 0x80, 0xB2, 0xC0, 0x24, 0x31, 0xFD, 0x81, 0xDA, 0x94, 0x31,
    0x2E, 0xCA, 0xB1, 0x32, 0xC8, 0xF1, 0x1D, 0x37, 0x4F, 0x7E, 0x5A, 0x41, 0x9C, 0x1E, 0xF3, 0x13,
    0x27, 0xBE, 0xE2, 0x06, 0x7A, 0x27, 0x7F, 0x93, 0xA2, 0xD9, 0xE0, 0xB3, 0x1E, 0xEE, 0xD4, 0x9A,
    0xDA, 0x4B, 0x64, 0x52, 0xBF, 0xAE, 0xCE, 0xE3, 0xD6, 0x97, 0x34, 0x49, 0x7F, 0x04, 0x2E, 0x13,
    0x5E, 0x6C, 0xD3, 0x78, 0x38, 0xB9, 0xFA, 0x23, 0xBA, 0x45, 0xCC, 0x89, 0x0D, 0x7A, 0x10, 0x5E,
    0xD4, 0x52, 0x5E, 0x5C, 0x93, 0x18, 0x15, 0x25, 0xFE, 0x32, 0x6A, 0xD1, 0x03, 0xF1, 0x86, 0x84,
    0x53, 0x2E, 0x7C, 0xD9, 0x29, 0x84, 0xF2, 0x34, 0x8B, 0x27, 0xED, 0xE0, 0xF8, 0x4F, 0x8A, 0xC1,
    0x7E, 0x51, 0x63, 0x52, 0x06, 0x57, 0x5A, 0x83, 0xD6, 0xC1, 0x0A, 0xE0, 0x0A, 0x27, 0x4E, 0x9D,
    0xC2, 0x34, 0xEC, 0x52, 0x96, 0x04, 0xDB, 0x25, 0xB6, 0xFB, 0x82, 0x27, 0xD8, 0xF7, 0x33, 0xF4,
    0x64, 0x3A, 0x18, 0x65, 0xE8, 0x7E, 0x18, 0xB1, 0x80, 0xAA, 0x74, 0xC5, 0xC6, 0xB6, 0x1F, 0x72,
    0x27, 0x53, 0xB7, 0x16, 0x31, 0xE1, 0x94, 0x65, 0xC8, 0x65, 0xA5, 0xE0, 0x14, 0x65, 0x1C, 0xDD,
    0xF1, 0x16, 0x93, 0x3C, 0x63, 0x4F, 0x26, 0xE3, 0xC1, 0xCC, 0x78, 0x4D, 0x96, 0x1D, 0xC0, 0x82,
    0xF3, 0x6A, 0x09, 0x47, 0x82, 0xA1, 0x96, 0xCC, 0xA8, 0xD4, 0x03, 0xB1, 0x47, 0x48, 0xC4, 0xAD,
    0xEB, 0x6D, 0x9C, 0x21, 0x75, 0x1F, 0x01, 0x05, 0x30, 0x91, 0x62, 0x0A, 0x5B, 0x0F, 0xA9, 0x53,
    0x8C, 0x95, 0x3E, 0xE4, 0xBA, 0x86, 0xFC, 0x80, 0x9B, 0x37, 0x94, 0x32, 0x4F, 0x64, 0xE4, 0xF6,
    0xB2, 0x83, 0x7E, 0x68, 0x48, 0x7E, 0x5B, 0x32, 0xA0, 0xFD, 0x4F, 0x52, 0x2B, 0x82, 0xCB, 0x71,
    0x2E, 0x00, 0x96, 0x41, 0x0B, 0x93, 0x9A, 0x83, 0xF3, 0x6A, 0x8E, 0x9F, 0x27, 0x35, 0xB6, 0x41,
    0x4F, 0x8F, 0xE6, 0xD2, 0x3F, 0xA7, 0x5C, 0xCB, 0x27, 0x94, 0xC3, 0x93, 0x25, 0x0A, 0x12, 0x1C,
    0x4E, 0x62, 0x27, 0x84, 0x09, 0x2E, 0x41, 0x2A, 0xB7, 0xA7, 0x40, 0xA6, 0x45, 0x1A, 0xA3, 0x2A,
    0xA6, 0x98, 0x9B, 0x97, 0x3A, 0x40, 0xB1, 0x00, 0xC5, 0x8C, 0x94, 0x60, 0xA0, 0x96, 0x6C, 0x35,
    0x84, 0xD7, 0x8C, 0xBF, 0xD9, 0x20, 0xC8, 0x14, 0xA8, 0x6B, 0xB3, 0x3A, 0xF5, 0x2B, 0x6B, 0x2C,
    0x9F, 0x03, 0x75, 0x49, 0x4F, 0xDD, 0x95, 0xD4, 0x3C, 0xA1, 0xCA, 0x74, 0x38, 0xFB, 0x71, 0x07,
    0x52, 0x8C, 0x1E, 0x33, 0x3E, 0x53, 0xA5, 0xA2, 0x71, 0x21, 0xFF, 0x59, 0x73, 0x97, 0x2C, 0x29,
    0x1B, 0x19, 0xD6, 0xD4, 0x79, 0x2D, 0xD7, 0x1A, 0x0D, 0xDC, 0x25, 0x3F, 0xA9, 0xAD, 0x9A, 0xF6,
    0xE0, 0x4B, 0x8E, 0x90, 0x35, 0x23, 0x27, 0x5D, 0xC6, 0x1D, 0xCF, 0x92, 0x66, 0xFF, 0xDE, 0xFF,
    0xF5, 0x14, 0x34, 0x7C, 0xAC, 0x31, 0x1F, 0x09, 0x9E, 0x8E, 0x4E, 0x43, 0xB0, 0x51, 0xF6, 0xFA,
    0x2B, 0x67, 0xC3, 0xAD, 0x8D, 0x47, 0xEC, 0xB7, 0x90, 0x36, 0x90, 0x32, 0x90, 0x2E, 0x90, 0x2A,
    0xB0, 0x26, 0x90, 0x22, 0x90, 0x1E, 0xB0, 0x1A, 0x90, 0x16, 0x90, 0x12, 0x90, 0x0E, 0x90, 0x0A,
    0x90, 0x06, 0x90, 0x02, 0xA0, 0xFC, 0x93, 0xF8, 0x93, 0xF4, 0x93, 0xF0, 0xA3, 0xEC, 0x93, 0xE8,
    0x93, 0xE4, 0xBB, 0x62, 0x7E, 0xEC, 0x1C, 0x1C, 0xE5, 0x45, 0xF0, 0x51, 0x4B, 0xBC, 0xC0, 0x45,
    0x0D, 0x3E, 0x6D, 0x89, 0x57, 0x9B, 0xC9, 0xC5, 0x09, 0xEC, 0xD2, 0x7C, 0x7B, 0xC1, 0x6E, 0x45,
    0x9B, 0xAB, 0x3F, 0xA6, 0x36, 0xE1, 0xA7, 0x6F, 0xD2, 0x62, 0x4C, 0x58, 0x93, 0x6E, 0xF3, 0x73,
    0x2C, 0x35, 0x19, 0x97, 0x64, 0xC9, 0xDB, 0xFA, 0xB0, 0xF5, 0x5A, 0x72, 0xB8, 0x7B, 0x6A, 0x33,
    0x6A, 0xE3, 0x7B, 0x14, 0xA3, 0x51, 0x76, 0xD0, 0xA3, 0x96, 0x97, 0xC4, 0x38, 0xC1, 0x12, 0xE0,
    0x04, 0xEF, 0x14, 0xBF, 0x69, 0xD0, 0x38, 0xFF, 0x44, 0xB7, 0x89, 0xEE, 0x21, 0x72, 0x49, 0x40,
    0x92, 0xB6, 0xBB, 0x79, 0xDE, 0x96, 0x04, 0x8B, 0x76, 0x76, 0xD1, 0x63, 0xED, 0x64, 0x93, 0x9F,
    0xC8, 0xD6, 0x4B, 0x6B, 0x93, 0x49, 0xC9, 0x88, 0x2F, 0x8B, 0x54, 0x3D, 0x79, 0x83, 0xF5, 0x54,
    0x30, 0xFC, 0xFF, 0x01,
};

static const EpdGlyph notosansarabic_18_regularGlyphs[] = {
    { 0, 0, 156, 0, 0, 0, 0 }, // U+0020
    { 6, 28, 161, 2, 27, 42, 0 }, // !
    { 11, 10, 245, 2, 27, 28, 42 }, // "
    { 24, 27, 388, 0, 27, 162, 70 }, // #
    { 18, 32, 343, 2, 29, 144, 232 }, // $
    { 29, 29, 499, 1, 28, 211, 376 }, // %
    { 27, 29, 439, 1, 28, 196, 587 }, // &
    { 4, 10, 135, 2, 27, 10, 783 }, // '
    { 10, 33, 180, 1, 27, 83, 793 }, // (
    { 9, 33, 180, 1, 27, 75, 876 }, // )
    { 19, 18, 331, 1, 29, 86, 951 }, // *
    { 19, 19, 343, 1, 23, 91, 1037 }, // +
    { 7, 10, 161, 1, 5, 18, 1128 }, // ,
    { 10, 4, 193, 1, 12, 10, 1146 }, // -
    { 6, 6, 161, 2, 5, 9, 1156 }, // .
    { 14, 27, 223, 0, 27, 95, 1165 }, // /
    { 19, 29, 343, 1, 28, 138, 1260 }, // 0
    { 11, 27, 343, 3, 27, 75, 1398 }, // 1
    { 19, 28, 343, 1, 28, 133, 1473 }, // 2
    { 19, 29, 343, 1, 28, 138, 1606 }, // 3
    { 21, 27, 343, 0, 27, 142, 1744 }, // 4
    { 18, 28, 343, 2, 27, 126, 1886 }, // 5
    { 18, 29, 343, 2, 28, 131, 2012 }, // 6
    { 19, 27, 343, 1, 27, 129, 2143 }, // 7
    { 19, 29, 343, 1, 28, 138, 2272 }, // 8
    { 19, 29, 343, 1, 28, 138, 2410 }, // 9
    { 6, 22, 161, 2, 21, 33, 2548 }, // :
    { 7, 26, 161, 1, 21, 46, 2581 }, // ;
    { 19, 19, 343, 1, 23, 91, 2627 }, // <
    { 18, 11, 343, 2, 19, 50, 2718 }, // =
    { 19, 19, 343, 1, 23, 91, 2768 }, // >
    { 16, 29, 260, 0, 28, 116, 2859 }, // ?
    { 30, 31, 539, 2, 27, 233, 2975 }, // @
    { 24, 27, 383, 0, 27, 162, 3208 }, // A
    { 20, 27, 390, 3, 27, 135, 3370 }, // B
    { 21, 29, 379, 2, 28, 153, 3505 }, // C
    { 23, 27, 438, 3, 27, 156, 3658 }, // D
    { 16, 27, 334, 3, 27, 108, 3814 }, // E
    { 16, 27, 311, 3, 27, 108, 3922 }, // F
    { 23, 29, 437, 2, 28, 167, 4030 }, // G
    { 22, 27, 445, 3, 27, 149, 4197 }, // H
    { 11, 27, 203, 1, 27, 75, 4346 }, // I
    { 10, 35, 164, -3, 27, 88, 4421 }, // J
    { 21, 27, 371, 3, 27, 142, 4509 }, // K
    { 16, 27, 314, 3, 27, 108, 4651 }, // L
    { 28, 27, 544, 3, 27, 189, 4759 }, // M
    { 22, 27, 456, 3, 27, 149, 4948 }, // N
    { 25, 29, 469, 2, 28, 182, 5097 }, // O
    { 18, 27, 363, 3, 27, 122, 5279 }, // P
    { 25, 35, 469, 2, 28, 219, 5401 }, // Q
    { 20, 27, 373, 3, 27, 135, 5620 }, // R
    { 18, 29, 329, 1, 28, 131, 5755 }, // S
    { 21, 27, 334, 0, 27, 142, 5886 }, // T
    { 21, 28, 439, 3, 27, 147, 6028 }, // U
    { 23, 27, 360, 0, 27, 156, 6175 }, // V
    { 35, 27, 558, 0, 27, 237, 6331 }, // W
    { 22, 27, 352, 0, 27, 149, 6568 }, // X
    { 22, 27, 340, 0, 27, 149, 6717 }, // Y
    { 19, 27, 343, 1, 27, 129, 6866 }, // Z
    { 9, 33, 197, 3, 27, 75, 6995 }, // [
    { 14, 27, 223, 0, 27, 95, 7070 }, // <backslash>
    { 10, 33, 197, 0, 27, 83, 7165 }, // ]
    { 20, 17, 343, 1, 27, 85, 7248 }, // ^
    { 18, 3, 266, -1, -3, 14, 7333 }, // _
    { 9, 7, 169, 1, 29, 16, 7347 }, // `
    { 17, 22, 337, 1, 21, 94, 7363 }, // a
    { 18, 30, 369, 3, 29, 135, 7457 }, // b
    { 15, 22, 288, 2, 21, 83, 7592 }, // c
    { 18, 30, 369, 2, 29, 135, 7675 }, // d
    { 18, 22, 338, 2, 21, 99, 7810 }, // e
    { 15, 29, 206, 0, 29, 109, 7909 }, // f
    { 18, 30, 369, 2, 21, 135, 8018 }, // g
    { 18, 29, 371, 3, 29, 131, 8153 }, // h
    { 5, 28, 155, 2, 28, 35, 8284 }, // i
    { 10, 37, 155, -3, 28, 93, 8319 }, // j
    { 17, 29, 320, 3, 29, 124, 8412 }, // k
    { 4, 29, 155, 3, 29, 29, 8536 }, // l
    { 30, 21, 561, 3, 21, 158, 8565 }, // m
    { 18, 21, 371, 3, 21, 95, 8723 }, // n
    { 19, 22, 363, 2, 21, 105, 8818 }, // o
    { 18, 30, 369, 3, 21, 135, 8923 }, // p
    { 18, 30, 369, 2, 21, 135, 9058 }, // q
    { 12, 21, 248, 3, 21, 63, 9193 }, // r
    { 16, 22, 287, 1, 21, 88, 9256 }, // s
    { 13, 26, 217, 0, 25, 85, 9344 }, // t
    { 18, 22, 371, 2, 21, 99, 9429 }, // u
    { 20, 21, 305, 0, 21, 105, 9528 }, // v
    { 30, 21, 472, 0, 21, 158, 9633 }, // w
    { 20, 21, 317, 0, 21, 105, 9791 }, // x
    { 20, 30, 306, 0, 21, 150, 9896 }, // y
    { 16, 21, 282, 1, 21, 84, 10046 }, // z
    { 13, 33, 228, 1, 27, 108, 10130 }, // {
    { 4, 39, 331, 8, 29, 39, 10238 }, // |
    { 13, 33, 228, 1, 27, 108, 10277 }, // }
    { 19, 6, 343, 1, 16, 29, 10385 }, // ~
    { 43, 11, 685, 0, 6, 119, 0 }, // U+0600
    { 56, 10, 902, 0, 0, 140, 119 }, // U+0601
    { 41, 10, 650, 0, 5, 103, 259 }, // U+0602
    { 49, 10, 785, 0, 5, 123, 362 }, // U+0603
    { 77, 22, 1222, 0, 15, 424, 485 }, // U+0604
    { 44, 8, 736, 1, 28, 88, 909 }, // U+0605
    { 23, 27, 373, 0, 27, 156, 997 }, // U+0606
    { 23, 27, 373, 0, 27, 156, 1153 }, // U+0607
    { 41, 27, 665, 0, 16, 277, 1309 }, // U+0608
    { 22, 27, 389, 1, 26, 149, 1586 }, // U+0609
    { 29, 27, 500, 1, 26, 196, 1735 }, // U+060A
    { 16, 35, 268, 0, 26, 140, 1931 }, // U+060B
    { 6, 10, 197, 3, 9, 15, 2071 }, // U+060C
    { 10, 14, 219, 1, 6, 35, 2086 }, // U+060D
    { 34, 14, 542, 0, 13, 119, 2121 }, // U+060E
    { 25, 34, 313, -2, 19, 213, 2240 }, // U+060F
    { 11, 10, 0, 1, 31, 28, 2453 }, // U+0610
    { 11, 10, 0, 1, 31, 28, 2481 }, // U+0611
    { 11, 10, 0, 0, 32, 28, 2509 }, // U+0612
    { 15, 12, 0, 1, 33, 45, 2537 }, // U+0613
    { 17, 6, 0, 0, 28, 26, 2582 }, // U+0614
    { 11, 11, 0, 0, 50, 31, 2608 }, // U+0615
    { 15, 14, 0, 0, 54, 53, 2639 }, // U+0616
    { 7, 12, 0, 0, 52, 21, 2692 }, // U+0617
    { 7, 5, 0, 1, 26, 9, 2713 }, // U+0618
    { 7, 9, 0, 1, 31, 16, 2722 }, // U+0619
    { 7, 5, 0, 1, -3, 9, 2738 }, // U+061A
    { 7, 20, 206, 2, 19, 35, 2747 }, // U+061B
    { 0, 0, 360, 0, 0, 0, 2782 }, // U+061C
    { 16, 28, 362, 3, 26, 112, 2782 }, // U+061D
    { 9, 9, 173, 1, 9, 21, 2894 }, // U+061E
    { 16, 29, 260, 0, 28, 116, 2915 }, // U+061F
    { 27, 33, 456, 1, 16, 223, 3031 }, // U+0620
    { 15, 17, 247, 0, 14, 64, 3254 }, // U+0621
    { 14, 32, 141, -3, 32, 112, 3318 }, // U+0622
    { 8, 36, 141, 0, 36, 72, 3430 }, // U+0623
    { 14, 33, 268, 1, 24, 116, 3502 }, // U+0624
    { 9, 39, 143, 1, 27, 88, 3618 }, // U+0625
    { 27, 26, 456, 1, 17, 176, 3706 }, // U+0626
    { 5, 27, 143, 2, 27, 34, 3882 }, // U+0627
    { 35, 25, 596, 1, 16, 219, 3916 }, // U+0628
    { 14, 25, 243, 1, 25, 88, 4135 }, // U+0629
    { 35, 20, 596, 1, 19, 175, 4223 }, // U+062A
    { 35, 25, 596, 1, 24, 219, 4398 }, // U+062B
    { 23, 31, 383, 0, 16, 179, 4617 }, // U+062C
    { 23, 31, 383, 0, 16, 179, 4796 }, // U+062D
    { 23, 38, 383, 0, 23, 219, 4975 }, // U+062E
    { 16, 19, 286, 1, 18, 76, 5194 }, // U+062F
    { 16, 26, 286, 1, 25, 104, 5270 }, // U+0630
    { 13, 22, 220, -1, 13, 72, 5374 }, // U+0631
    { 13, 30, 220, -1, 21, 98, 5446 }, // U+0632
    { 43, 25, 725, 1, 16, 269, 5544 }, // U+0633
    { 43, 34, 725, 1, 25, 366, 5813 }, // U+0634
    { 47, 24, 784, 1, 15, 282, 6179 }, // U+0635
    { 47, 31, 784, 1, 22, 365, 6461 }, // U+0636
    { 28, 28, 473, 0, 27, 196, 6826 }, // U+0637
    { 28, 28, 473, 0, 27, 196, 7022 }, // U+0638
    { 22, 34, 304, 0, 19, 187, 7218 }, // U+0639
    { 22, 41, 304, 0, 26, 226, 7405 }, // U+063A
    { 33, 33, 526, 1, 32, 273, 7631 }, // U+063B
    { 33, 40, 526, 1, 27, 330, 7904 }, // U+063C
    { 27, 28, 456, 1, 19, 189, 8234 }, // U+063D
    { 27, 25, 456, 1, 16, 169, 8423 }, // U+063E
    { 27, 27, 456, 1, 18, 183, 8592 }, // U+063F
    { 12, 4, 162, 0, 3, 12, 8775 }, // U+0640
    { 35, 27, 590, 1, 26, 237, 8787 }, // U+0641
    { 27, 31, 464, 1, 23, 210, 9024 }, // U+0642
    { 30, 28, 529, 1, 27, 210, 9234 }, // U+0643
    { 23, 36, 417, 1, 27, 207, 9444 }, // U+0644
    { 17, 30, 290, 0, 15, 128, 9651 }, // U+0645
    { 23, 28, 411, 1, 19, 161, 9779 }, // U+0646
    { 24, 20, 403, 0, 19, 120, 9940 }, // U+0647
    { 14, 22, 268, 1, 13, 77, 10060 }, // U+0648
    { 27, 25, 456, 1, 16, 169, 10137 }, // U+0649
    { 27, 33, 456, 1, 16, 223, 10306 }, // U+064A
    { 9, 10, 0, 1, 32, 23, 10529 }, // U+064B
    { 12, 10, 0, 0, 32, 30, 10552 }, // U+064C
    { 9, 10, 0, 1, -1, 23, 10582 }, // U+064D
    { 9, 6, 0, 1, 28, 14, 10605 }, // U+064E
    { 10, 11, 0, 0, 32, 28, 10619 }, // U+064F
    { 9, 6, 0, 1, -1, 14, 10647 }, // U+0650
    { 12, 8, 0, 0, 30, 24, 10661 }, // U+0651
    { 7, 8, 0, 1, 31, 14, 10685 }, // U+0652
    { 13, 5, 0, 0, 27, 17, 10699 }, // U+0653
    { 8, 10, 0, 1, 31, 20, 10716 }, // U+0654
    { 8, 10, 0, 1, -2, 20, 10736 }, // U+0655
    { 3, 8, 0, 1, -1, 6, 10756 }, // U+0656
    { 10, 10, 0, 1, 32, 25, 10762 }, // U+0657
    { 8, 6, 0, 0, 28, 12, 10787 }, // U+0658
    { 9, 3, 0, 1, 26, 7, 10799 }, // U+0659
    { 9, 8, 0, 0, 29, 18, 10806 }, // U+065A
    { 9, 9, 0, 0, 29, 21, 10824 }, // U+065B
    { 6, 6, 0, 0, -3, 9, 10845 }, // U+065C
    { 10, 10, 0, 2, 31, 25, 10854 }, // U+065D
    { 9, 9, 0, 1, 31, 21, 10879 }, // U+065E
    { 12, 10, 0, 0, -2, 30, 10900 }, // U+065F
    { 7, 7, 343, 7, 14, 13, 10930 }, // U+0660
    { 7, 27, 343, 7, 26, 48, 10943 }, // U+0661
    { 16, 27, 343, 3, 26, 108, 10991 }, // U+0662
    { 20, 27, 343, 1, 26, 135, 11099 }, // U+0663
    { 16, 27, 343, 3, 26, 108, 11234 }, // U+0664
    { 16, 21, 343, 3, 20, 84, 11342 }, // U+0665
    { 17, 27, 343, 2, 26, 115, 11426 }, // U+0666
    { 21, 27, 343, 0, 26, 142, 11541 }, // U+0667
    { 21, 27, 343, 0, 26, 142, 11683 }, // U+0668
    { 16, 27, 343, 3, 26, 108, 11825 }, // U+0669
    { 16, 27, 284, 1, 26, 108, 11933 }, // U+066A
    { 8, 13, 147, 0, 7, 26, 12041 }, // U+066B
    { 9, 14, 147, 1, 26, 32, 12067 }, // U+066C
    { 19, 19, 299, 0, 18, 91, 12099 }, // U+066D
    { 35, 17, 596, 1, 16, 149, 12190 }, // U+066E
    { 27, 24, 464, 1, 16, 162, 12339 }, // U+066F
    { 3, 8, 0, 1, 30, 6, 12501 }, // U+0670
    { 12, 35, 141, -1, 35, 105, 12507 }, // U+0671
    { 12, 36, 141, -1, 36, 108, 12612 }, // U+0672
    { 13, 39, 143, -3, 27, 127, 12720 }, // U+0673
    { 15, 17, 247, 0, 20, 64, 12847 }, // U+0674
    { 22, 27, 389, 2, 27, 149, 12911 }, // U+0675
    { 30, 29, 515, 1, 20, 218, 13060 }, // U+0676
    { 30, 34, 515, 1, 25, 255, 13278 }, // U+0677
    { 42, 29, 703, 1, 20, 305, 13533 }, // U+0678
    { 35, 27, 596, 1, 26, 237, 13838 }, // U+0679
    { 35, 25, 596, 1, 24, 219, 14075 }, // U+067A
    { 35, 29, 596, 1, 16, 254, 14294 }, // U+067B
    { 35, 25, 596, 1, 19, 219, 14548 }, // U+067C
    { 35, 25, 596, 1, 24, 219, 14767 }, // U+067D
    { 35, 29, 596, 1, 16, 254, 14986 }, // U+067E
    { 35, 25, 596, 1, 24, 219, 15240 }, // U+067F
    { 35, 29, 596, 1, 16, 254, 15459 }, // U+0680
    { 23, 42, 383, 0, 27, 242, 15713 }, // U+0681
    { 23, 43, 383, 0, 28, 248, 15955 }, // U+0682
    { 24, 31, 395, 0, 16, 186, 16203 }, // U+0683
    { 23, 31, 383, 0, 16, 179, 16389 }, // U+0684
    { 23, 43, 383, 0, 28, 248, 16568 }, // U+0685
    { 24, 31, 395, 0, 16, 186, 16816 }, // U+0686
    { 24, 31, 395, 0, 16, 186, 17002 }, // U+0687
    { 16, 33, 286, 1, 32, 132, 17188 }, // U+0688
    { 16, 24, 286, 1, 18, 96, 17320 }, // U+0689
    { 16, 26, 286, 1, 18, 104, 17416 }, // U+068A
    { 16, 40, 286, 1, 32, 160, 17520 }, // U+068B
    { 16, 26, 286, 1, 25, 104, 17680 }, // U+068C
    { 16, 26, 286, 1, 18, 104, 17784 }, // U+068D
    { 16, 31, 286, 1, 30, 124, 17888 }, // U+068E
    { 16, 31, 286, 1, 30, 124, 18012 }, // U+068F
    { 16, 31, 286, 1, 30, 124, 18136 }, // U+0690
    { 14, 37, 220, -1, 28, 130, 18260 }, // U+0691
    { 13, 35, 220, -1, 26, 114, 18390 }, // U+0692
    { 14, 22, 220, -1, 13, 77, 18504 }, // U+0693
    { 13, 29, 220, -1, 13, 95, 18581 }, // U+0694
    { 13, 29, 220, -1, 13, 95, 18676 }, // U+0695
    { 13, 29, 220, -1, 13, 95, 18771 }, // U+0696
    { 13, 30, 220, -1, 21, 98, 18866 }, // U+0697
    { 13, 35, 220, -1, 26, 114, 18964 }, // U+0698
    { 13, 35, 220, -1, 26, 114, 19078 }, // U+0699
    { 43, 29, 725, 1, 20, 312, 19192 }, // U+069A
    { 43, 28, 725, 1, 16, 301, 19504 }, // U+069B
    { 43, 37, 725, 1, 25, 398, 19805 }, // U+069C
    { 47, 24, 784, 1, 15, 282, 20203 }, // U+069D
    { 47, 36, 784, 1, 27, 423, 20485 }, // U+069E
    { 28, 28, 473, 0, 27, 196, 20908 }, // U+069F
    { 22, 46, 304, 0, 31, 253, 21104 }, // U+06A0
    { 35, 20, 590, 1, 19, 175, 21357 }, // U+06A1
    { 35, 28, 590, 1, 19, 245, 21532 }, // U+06A2
    { 35, 35, 590, 1, 26, 307, 21777 }, // U+06A3
    { 35, 32, 590, 1, 31, 280, 22084 }, // U+06A4
    { 35, 32, 590, 1, 19, 280, 22364 }, // U+06A5
    { 35, 32, 590, 1, 31, 280, 22644 }, // U+06A6
    { 27, 31, 464, 1, 23, 210, 22924 }, // U+06A7
    { 27, 36, 464, 1, 28, 243, 23134 }, // U+06A8
    { 33, 28, 526, 1, 27, 231, 23377 }, // U+06A9
    { 35, 23, 611, 2, 22, 202, 23608 }, // U+06AA
    { 33, 28, 526, 1, 27, 231, 23810 }, // U+06AB
    { 30, 28, 529, 1, 27, 210, 24041 }, // U+06AC
    { 30, 33, 529, 1, 32, 248, 24251 }, // U+06AD
    { 30, 40, 529, 1, 27, 300, 24499 }, // U+06AE
    { 33, 32, 526, 1, 31, 264, 24799 }, // U+06AF
    { 33, 32, 526, 1, 31, 264, 25063 }, // U+06B0
    { 33, 36, 526, 1, 35, 297, 25327 }, // U+06B1
    { 33, 40, 526, 1, 31, 330, 25624 }, // U+06B2
    { 33, 44, 526, 1, 31, 363, 25954 }, // U+06B3
    { 33, 38, 526, 1, 37, 314, 26317 }, // U+06B4
    { 25, 49, 417, 1, 40, 307, 26631 }, // U+06B5
    { 23, 43, 417, 1, 34, 248, 26938 }, // U+06B6
    { 25, 48, 417, 1, 39, 300, 27186 }, // U+06B7
    { 23, 48, 417, 1, 27, 276, 27486 }, // U+06B8
    { 23, 36, 411, 1, 19, 207, 27762 }, // U+06B9
    { 23, 21, 411, 1, 12, 121, 27969 }, // U+06BA
    { 23, 35, 411, 1, 26, 202, 28090 }, // U+06BB
    { 23, 33, 411, 1, 19, 190, 28292 }, // U+06BC
    { 23, 33, 411, 1, 24, 190, 28482 }, // U+06BD
    { 24, 20, 403, 0, 19, 120, 28672 }, // U+06BE
    { 24, 38, 395, 0, 23, 228, 28792 }, // U+06BF
    { 14, 29, 243, 1, 29, 102, 29020 }, // U+06C0
    { 14, 18, 243, 1, 18, 63, 29122 }, // U+06C1
    { 14, 29, 243, 1, 29, 102, 29185 }, // U+06C2
    { 14, 25, 243, 1, 25, 88, 29287 }, // U+06C3
    { 14, 22, 268, 1, 13, 77, 29375 }, // U+06C4
    { 14, 22, 268, 1, 13, 77, 29452 }, // U+06C5
    { 14, 35, 268, 1, 26, 123, 29529 }, // U+06C6
    { 14, 34, 268, 1, 25, 119, 29652 }, // U+06C7
    { 14, 34, 268, 1, 25, 119, 29771 }, // U+06C8
    { 14, 35, 268, 1, 26, 123, 29890 }, // U+06C9
    { 14, 29, 268, 1, 20, 102, 30013 }, // U+06CA
    { 14, 34, 268, 1, 25, 119, 30115 }, // U+06CB
    { 27, 25, 456, 1, 16, 169, 30234 }, // U+06CC
    { 33, 25, 456, -5, 16, 207, 30403 }, // U+06CD
    { 27, 28, 456, 1, 19, 189, 30610 }, // U+06CE
    { 14, 29, 268, 1, 20, 102, 30799 }, // U+06CF
    { 27, 37, 456, 1, 16, 250, 30901 }, // U+06D0
    { 27, 37, 456, 1, 16, 250, 31151 }, // U+06D1
    { 34, 18, 565, 1, 17, 153, 31401 }, // U+06D2
    { 34, 28, 565, 1, 27, 238, 31554 }, // U+06D3
    { 10, 3, 179, 1, 3, 8, 31792 }, // U+06D4
    { 14, 18, 243, 1, 18, 63, 31800 }, // U+06D5
    { 17, 11, 0, 0, 51, 47, 31863 }, // U+06D6
    { 12, 12, 0, 0, 52, 36, 31910 }, // U+06D7
    { 10, 7, 0, 2, 47, 18, 31946 }, // U+06D8
    { 8, 9, 0, 0, 49, 18, 31964 }, // U+06D9
    { 9, 12, 0, 1, 52, 27, 31982 }, // U+06DA
    { 9, 8, 0, 0, 48, 18, 32009 }, // U+06DB
    { 16, 10, 0, 0, 50, 40, 32027 }, // U+06DC
    { 45, 45, 822, 3, 32, 507, 32067 }, // U+06DD
    { 36, 36, 599, 1, 28, 324, 32574 }, // U+06DE
    { 7, 8, 0, 1, 30, 14, 32898 }, // U+06DF
    { 8, 11, 0, 0, 32, 22, 32912 }, // U+06E0
    { 9, 8, 0, 1, 31, 18, 32934 }, // U+06E1
    { 7, 10, 0, 1, 28, 18, 32952 }, // U+06E2
    { 16, 10, 0, 0, 0, 40, 32970 }, // U+06E3
    { 13, 5, 0, 0, 27, 17, 33010 }, // U+06E4
    { 7, 10, 109, 0, 9, 18, 33027 }, // U+06E5
    { 13, 8, 211, 0, 7, 26, 33045 }, // U+06E6
    { 13, 8, 0, 0, 30, 26, 33071 }, // U+06E7
    { 9, 11, 0, 1, 51, 25, 33097 }, // U+06E8
    { 21, 27, 365, 1, 27, 142, 33122 }, // U+06E9
    { 9, 9, 0, 1, -2, 21, 33264 }, // U+06EA
    { 10, 9, 0, 0, 31, 23, 33285 }, // U+06EB
    { 6, 6, 0, 0, 29, 9, 33308 }, // U+06EC
    { 7, 10, 0, 1, -4, 18, 33317 }, // U+06ED
    { 16, 31, 286, 1, 30, 124, 33335 }, // U+06EE
    { 13, 35, 220, -1, 26, 114, 33459 }, // U+06EF
    { 7, 7, 343, 7, 14, 13, 33573 }, // U+06F0
    { 7, 27, 343, 7, 26, 48, 33586 }, // U+06F1
    { 16, 27, 343, 3, 26, 108, 33634 }, // U+06F2
    { 20, 27, 343, 1, 26, 135, 33742 }, // U+06F3
    { 16, 26, 343, 3, 26, 104, 33877 }, // U+06F4
    { 17, 26, 343, 2, 26, 111, 33981 }, // U+06F5
    { 15, 27, 343, 3, 26, 102, 34092 }, // U+06F6
    { 21, 27, 343, 0, 26, 142, 34194 }, // U+06F7
    { 21, 27, 343, 0, 26, 142, 34336 }, // U+06F8
    { 16, 27, 343, 3, 26, 108, 34478 }, // U+06F9
    { 43, 34, 725, 1, 25, 366, 34586 }, // U+06FA
    { 47, 31, 784, 1, 22, 365, 34952 }, // U+06FB
    { 22, 41, 304, 0, 26, 226, 35317 }, // U+06FC
    { 15, 23, 247, 0, 14, 87, 35543 }, // U+06FD
    { 17, 30, 290, 0, 15, 128, 35630 }, // U+06FE
    { 24, 31, 403, 0, 30, 186, 35758 }, // U+06FF
    { 35, 24, 596, 1, 16, 210, 35944 }, // U+0750
    { 35, 33, 596, 1, 24, 289, 36154 }, // U+0751
    { 35, 29, 596, 1, 16, 254, 36443 }, // U+0752
    { 35, 32, 596, 1, 19, 280, 36697 }, // U+0753
    { 35, 28, 596, 1, 19, 245, 36977 }, // U+0754
    { 35, 27, 596, 1, 16, 237, 37222 }, // U+0755
    { 35, 25, 596, 1, 24, 219, 37459 }, // U+0756
    { 23, 38, 383, 0, 23, 219, 37678 }, // U+0757
    { 24, 31, 395, 0, 16, 186, 37897 }, // U+0758
    { 16, 44, 286, 1, 32, 176, 38083 }, // U+0759
    { 16, 28, 286, 1, 18, 112, 38259 }, // U+075A
    { 15, 22, 220, -1, 13, 83, 38371 }, // U+075B
    { 43, 34, 725, 1, 25, 366, 38454 }, // U+075C
    { 22, 41, 304, 0, 26, 226, 38820 }, // U+075D
    { 22, 46, 304, 0, 31, 253, 39046 }, // U+075E
    { 22, 46, 304, 0, 31, 253, 39299 }, // U+075F
    { 35, 28, 590, 1, 19, 245, 39552 }, // U+0760
    { 35, 32, 590, 1, 19, 280, 39797 }, // U+0761
    { 33, 32, 526, 1, 31, 264, 40077 }, // U+0762
    { 33, 34, 526, 1, 33, 281, 40341 }, // U+0763
    { 33, 40, 526, 1, 27, 330, 40622 }, // U+0764
    { 17, 37, 290, 0, 22, 158, 40952 }, // U+0765
    { 17, 30, 290, 0, 15, 128, 41110 }, // U+0766
    { 23, 36, 411, 1, 19, 207, 41238 }, // U+0767
    { 23, 37, 411, 1, 28, 213, 41445 }, // U+0768
    { 23, 37, 411, 1, 28, 213, 41658 }, // U+0769
    { 26, 36, 417, 1, 27, 234, 41871 }, // U+076A
    { 13, 35, 220, -1, 26, 114, 42105 }, // U+076B
    { 13, 34, 220, -1, 25, 111, 42219 }, // U+076C
    { 43, 34, 725, 1, 25, 366, 42330 }, // U+076D
    { 24, 31, 395, 0, 16, 186, 42696 }, // U+076E
    { 24, 31, 395, 0, 16, 186, 42882 }, // U+076F
    { 43, 34, 725, 1, 25, 366, 43068 }, // U+0770
    { 13, 35, 220, -1, 26, 114, 43434 }, // U+0771
    { 23, 45, 383, 0, 30, 259, 43548 }, // U+0772
    { 10, 35, 190, 0, 35, 88, 43807 }, // U+0773
    { 10, 35, 190, 0, 35, 88, 43895 }, // U+0774
    { 27, 27, 456, 1, 18, 183, 43983 }, // U+0775
    { 27, 27, 456, 1, 18, 183, 44166 }, // U+0776
    { 27, 36, 456, 1, 16, 243, 44349 }, // U+0777
    { 14, 32, 268, 1, 23, 112, 44592 }, // U+0778
    { 14, 32, 268, 1, 23, 112, 44704 }, // U+0779
    { 34, 26, 565, 1, 25, 221, 44816 }, // U+077A
    { 34, 26, 565, 1, 25, 221, 45037 }, // U+077B
    { 24, 31, 395, 0, 16, 186, 45258 }, // U+077C
    { 43, 34, 725, 1, 25, 366, 45444 }, // U+077D
    { 43, 34, 725, 1, 25, 366, 45810 }, // U+077E
    { 30, 28, 529, 1, 27, 210, 46176 }, // U+077F
    { 10, 4, 193, 1, 12, 10, 0 }, // U+2010
    { 10, 4, 193, 1, 12, 10, 10 }, // U+2011
    { 17, 4, 300, 1, 12, 17, 20 }, // U+2013
    { 35, 4, 600, 1, 12, 35, 37 }, // U+2014
    { 7, 10, 105, 0, 27, 18, 72 }, // U+2018
    { 7, 10, 105, 0, 27, 18, 90 }, // U+2019
    { 6, 10, 150, 1, 5, 15, 108 }, // U+201A
    { 14, 10, 215, 0, 27, 35, 123 }, // U+201C
    { 14, 10, 215, 0, 27, 35, 158 }, // U+201D
    { 13, 10, 250, 1, 5, 33, 193 }, // U+201E
    { 10, 10, 226, 2, 19, 25, 226 }, // U+2022
    { 25, 6, 475, 2, 5, 38, 251 }, // U+2026
    { 45, 39, 770, 1, 38, 439, 0 }, // U+FDF2
    { 9, 10, 182, 1, 32, 23, 439 }, // U+FE70
    { 12, 25, 162, 0, 24, 75, 462 }, // U+FE71
    { 12, 10, 224, 1, 32, 30, 537 }, // U+FE72
    { 11, 16, 160, 1, 7, 44, 567 }, // U+FE73
    { 9, 10, 182, 1, -1, 23, 611 }, // U+FE74
    { 9, 6, 182, 1, 28, 14, 634 }, // U+FE76
    { 12, 21, 162, 0, 20, 63, 648 }, // U+FE77
    { 10, 11, 192, 0, 32, 28, 711 }, // U+FE78
    { 14, 25, 162, -2, 24, 88, 739 }, // U+FE79
    { 9, 6, 182, 1, -1, 14, 827 }, // U+FE7A
    { 12, 10, 162, 0, 3, 30, 841 }, // U+FE7B
    { 12, 8, 194, 0, 30, 24, 871 }, // U+FE7C
    { 13, 23, 162, -1, 22, 75, 895 }, // U+FE7D
    { 7, 8, 141, 1, 31, 14, 970 }, // U+FE7E
    { 12, 24, 162, 0, 23, 72, 984 }, // U+FE7F
    { 15, 17, 247, 0, 14, 64, 1056 }, // U+FE80
    { 14, 32, 141, -3, 32, 112, 1120 }, // U+FE81
    { 16, 35, 175, -3, 34, 140, 1232 }, // U+FE82
    { 8, 36, 141, 0, 36, 72, 1372 }, // U+FE83
    { 13, 39, 175, 0, 38, 127, 1444 }, // U+FE84
    { 14, 33, 268, 1, 24, 116, 1571 }, // U+FE85
    { 19, 33, 283, 1, 24, 157, 1687 }, // U+FE86
    { 9, 39, 143, 1, 27, 88, 1844 }, // U+FE87
    { 11, 39, 175, 2, 27, 108, 1932 }, // U+FE88
    { 27, 26, 456, 1, 17, 176, 2040 }, // U+FE89
    { 29, 26, 442, 1, 17, 189, 2216 }, // U+FE8A
    { 9, 28, 161, 0, 27, 63, 2405 }, // U+FE8B
    { 15, 23, 206, 0, 22, 87, 2468 }, // U+FE8C
    { 5, 27, 143, 2, 27, 34, 2555 }, // U+FE8D
    { 11, 28, 175, 2, 27, 77, 2589 }, // U+FE8E
    { 35, 25, 596, 1, 16, 219, 2666 }, // U+FE8F
    { 42, 22, 656, 1, 13, 231, 2885 }, // U+FE90
    { 9, 24, 161, 0, 16, 54, 3116 }, // U+FE91
    { 15, 19, 206, 0, 11, 72, 3170 }, // U+FE92
    { 14, 25, 243, 1, 25, 88, 3242 }, // U+FE93
    { 20, 28, 292, 1, 27, 140, 3330 }, // U+FE94
    { 35, 20, 596, 1, 19, 175, 3470 }, // U+FE95
    { 42, 20, 656, 1, 19, 210, 3645 }, // U+FE96
    { 10, 24, 161, 0, 23, 60, 3855 }, // U+FE97
    { 16, 19, 224, 0, 18, 76, 3915 }, // U+FE98
    { 35, 25, 596, 1, 24, 219, 3991 }, // U+FE99
    { 42, 25, 656, 1, 24, 263, 4210 }, // U+FE9A
    { 10, 29, 161, 0, 28, 73, 4473 }, // U+FE9B
    { 16, 24, 224, 0, 23, 96, 4546 }, // U+FE9C
    { 23, 31, 383, 0, 16, 179, 4642 }, // U+FE9D
    { 27, 31, 389, 0, 16, 210, 4821 }, // U+FE9E
    { 21, 22, 353, 0, 14, 116, 5031 }, // U+FE9F
    { 26, 22, 382, 0, 14, 143, 5147 }, // U+FEA0
    { 23, 31, 383, 0, 16, 179, 5290 }, // U+FEA1
    { 27, 31, 389, 0, 16, 210, 5469 }, // U+FEA2
    { 21, 15, 353, 0, 14, 79, 5679 }, // U+FEA3
    { 26, 15, 382, 0, 14, 98, 5758 }, // U+FEA4
    { 23, 38, 383, 0, 23, 219, 5856 }, // U+FEA5
    { 27, 38, 389, 0, 23, 257, 6075 }, // U+FEA6
    { 21, 22, 353, 0, 21, 116, 6332 }, // U+FEA7
    { 26, 22, 382, 0, 21, 143, 6448 }, // U+FEA8
    { 16, 19, 286, 1, 18, 76, 6591 }, // U+FEA9
    { 21, 19, 319, 1, 18, 100, 6667 }, // U+FEAA
    { 16, 26, 286, 1, 25, 104, 6767 }, // U+FEAB
    { 21, 26, 319, 1, 25, 137, 6871 }, // U+FEAC
    { 13, 22, 220, -1, 13, 72, 7008 }, // U+FEAD
    { 18, 22, 238, -1, 13, 99, 7080 }, // U+FEAE
    { 13, 30, 220, -1, 21, 98, 7179 }, // U+FEAF
    { 18, 30, 238, -1, 21, 135, 7277 }, // U+FEB0
    { 43, 25, 725, 1, 16, 269, 7412 }, // U+FEB1
    { 49, 22, 761, 1, 13, 270, 7681 }, // U+FEB2
    { 28, 17, 470, 0, 16, 119, 7951 }, // U+FEB3
    { 34, 14, 510, 0, 13, 119, 8070 }, // U+FEB4
    { 43, 34, 725, 1, 25, 366, 8189 }, // U+FEB5
    { 49, 34, 761, 1, 25, 417, 8555 }, // U+FEB6
    { 28, 26, 470, 0, 25, 182, 8972 }, // U+FEB7
    { 34, 26, 510, 0, 25, 221, 9154 }, // U+FEB8
    { 47, 24, 784, 1, 15, 282, 9375 }, // U+FEB9
    { 52, 24, 811, 1, 15, 312, 9657 }, // U+FEBA
    { 33, 15, 542, 0, 14, 124, 9969 }, // U+FEBB
    { 38, 15, 569, 0, 14, 143, 10093 }, // U+FEBC
    { 47, 31, 784, 1, 22, 365, 10236 }, // U+FEBD
    { 52, 31, 811, 1, 22, 403, 10601 }, // U+FEBE
    { 33, 22, 542, 0, 21, 182, 11004 }, // U+FEBF
    { 38, 22, 569, 0, 21, 209, 11186 }, // U+FEC0
    { 28, 28, 473, 0, 27, 196, 11395 }, // U+FEC1
    { 34, 28, 499, 0, 27, 238, 11591 }, // U+FEC2
    { 24, 28, 406, 0, 27, 168, 11829 }, // U+FEC3
    { 29, 28, 426, 0, 27, 203, 11997 }, // U+FEC4
    { 28, 28, 473, 0, 27, 196, 12200 }, // U+FEC5
    { 34, 28, 499, 0, 27, 238, 12396 }, // U+FEC6
    { 24, 28, 406, 0, 27, 168, 12634 }, // U+FEC7
    { 29, 28, 426, 0, 27, 203, 12802 }, // U+FEC8
    { 22, 34, 304, 0, 19, 187, 13005 }, // U+FEC9
    { 22, 31, 319, 0, 16, 171, 13192 }, // U+FECA
    { 18, 18, 302, 0, 17, 81, 13363 }, // U+FECB
    { 22, 17, 313, 0, 16, 94, 13444 }, // U+FECC
    { 22, 41, 304, 0, 26, 226, 13538 }, // U+FECD
    { 22, 38, 319, 0, 23, 209, 13764 }, // U+FECE
    { 18, 25, 302, 0, 24, 113, 13973 }, // U+FECF
    { 22, 24, 313, 0, 23, 132, 14086 }, // U+FED0
    { 35, 27, 590, 1, 26, 237, 14218 }, // U+FED1
    { 43, 24, 659, 1, 23, 258, 14455 }, // U+FED2
    { 16, 27, 268, 0, 26, 108, 14713 }, // U+FED3
    { 21, 24, 297, 0, 23, 126, 14821 }, // U+FED4
    { 27, 31, 464, 1, 23, 210, 14947 }, // U+FED5
    { 32, 31, 485, 1, 20, 248, 15157 }, // U+FED6
    { 16, 27, 268, 0, 26, 108, 15405 }, // U+FED7
    { 21, 24, 297, 0, 23, 126, 15513 }, // U+FED8
    { 30, 28, 529, 1, 27, 210, 15639 }, // U+FED9
    { 36, 28, 553, 1, 27, 252, 15849 }, // U+FEDA
    { 16, 28, 247, 0, 27, 112, 16101 }, // U+FEDB
    { 21, 28, 305, 0, 27, 147, 16213 }, // U+FEDC
    { 23, 36, 417, 1, 27, 207, 16360 }, // U+FEDD
    { 29, 36, 438, 1, 27, 261, 16567 }, // U+FEDE
    { 8, 28, 156, 0, 27, 56, 16828 }, // U+FEDF
    { 14, 28, 180, 0, 27, 98, 16884 }, // U+FEE0
    { 17, 30, 290, 0, 15, 128, 16982 }, // U+FEE1
    { 23, 29, 337, 0, 14, 167, 17110 }, // U+FEE2
    { 18, 15, 315, 0, 14, 68, 17277 }, // U+FEE3
    { 24, 15, 347, 0, 14, 90, 17345 }, // U+FEE4
    { 23, 28, 411, 1, 19, 161, 17435 }, // U+FEE5
    { 29, 28, 438, 1, 19, 203, 17596 }, // U+FEE6
    { 9, 24, 161, 0, 23, 54, 17799 }, // U+FEE7
    { 15, 19, 206, 0, 18, 72, 17853 }, // U+FEE8
    { 14, 18, 243, 1, 18, 63, 17925 }, // U+FEE9
    { 20, 21, 292, 1, 20, 105, 17988 }, // U+FEEA
    { 20, 20, 344, 0, 19, 100, 18093 }, // U+FEEB
    { 21, 25, 304, 0, 16, 132, 18193 }, // U+FEEC
    { 14, 22, 268, 1, 13, 77, 18325 }, // U+FEED
    { 19, 22, 283, 1, 13, 105, 18402 }, // U+FEEE
    { 27, 25, 456, 1, 16, 169, 18507 }, // U+FEEF
    { 29, 16, 442, 1, 7, 116, 18676 }, // U+FEF0
    { 27, 33, 456, 1, 16, 223, 18792 }, // U+FEF1
    { 29, 24, 442, 1, 7, 174, 19015 }, // U+FEF2
    { 10, 24, 179, -1, 16, 60, 19189 }, // U+FEF3
    { 16, 19, 224, 0, 11, 76, 19249 }, // U+FEF4
    { 23, 28, 349, -3, 28, 161, 19325 }, // U+FEF5
    { 27, 29, 359, -2, 28, 196, 19486 }, // U+FEF6
    { 21, 32, 349, -1, 32, 168, 19682 }, // U+FEF7
    { 25, 33, 359, 0, 32, 207, 19850 }, // U+FEF8
    { 19, 39, 349, 1, 27, 186, 20057 }, // U+FEF9
    { 24, 39, 359, 1, 27, 234, 20243 }, // U+FEFA
    { 19, 27, 349, 1, 27, 129, 20477 }, // U+FEFB
    { 24, 28, 359, 1, 27, 168, 20606 }, // U+FEFC
    { 0, 0, 0, 0, 0, 0, 20774 }, // U+FEFF
};

static const EpdUnicodeInterval notosansarabic_18_regularIntervals[] = {
    { 0x20, 0x7E, 0x0 },
    { 0x600, 0x6FF, 0x5F },
    { 0x750, 0x77F, 0x15F },
    { 0x2010, 0x2011, 0x18F },
    { 0x2013, 0x2014, 0x191 },
    { 0x2018, 0x201A, 0x193 },
    { 0x201C, 0x201E, 0x196 },
    { 0x2022, 0x2022, 0x199 },
    { 0x2026, 0x2026, 0x19A },
    { 0xFDF2, 0xFDF2, 0x19B },
    { 0xFE70, 0xFE74, 0x19C },
    { 0xFE76, 0xFEFC, 0x1A1 },
    { 0xFEFF, 0xFEFF, 0x228 },
};

static const EpdFontGroup notosansarabic_18_regularGroups[] = {
    { 0, 4228, 11305, 95, 0 },
    { 4228, 8814, 49152, 304, 95 },
    { 13042, 223, 332, 12, 399 },
    { 13265, 5523, 22096, 142, 411 },
};

static const EpdKernClassEntry notosansarabic_18_regularKernLeftClasses[] = {
    { 0x0022, 1 }, // "
    { 0x0026, 2 }, // &
    { 0x0027, 1 }, // '
    { 0x0028, 3 }, // (
    { 0x002C, 4 }, // ,
    { 0x002D, 5 }, // -
    { 0x002E, 4 }, // .
    { 0x0041, 6 }, // A
    { 0x0042, 7 }, // B
    { 0x0043, 8 }, // C
    { 0x0044, 9 }, // D
    { 0x0045, 10 }, // E
    { 0x0046, 11 }, // F
    { 0x004B, 8 }, // K
    { 0x004C, 12 }, // L
    { 0x004F, 9 }, // O
    { 0x0050, 13 }, // P
    { 0x0051, 9 }, // Q
    { 0x0054, 14 }, // T
    { 0x0055, 15 }, // U
    { 0x0056, 16 }, // V
    { 0x0057, 16 }, // W
    { 0x0058, 8 }, // X
    { 0x0059, 17 }, // Y
    { 0x005A, 18 }, // Z
    { 0x005B, 3 }, // [
    { 0x005F, 19 }, // _
    { 0x0061, 20 }, // a
    { 0x0062, 21 }, // b
    { 0x0063, 22 }, // c
    { 0x0065, 21 }, // e
    { 0x0066, 23 }, // f
    { 0x0068, 20 }, // h
    { 0x006D, 20 }, // m
    { 0x006E, 20 }, // n
    { 0x006F, 21 }, // o
    { 0x0070, 21 }, // p
    { 0x0072, 24 }, // r
    { 0x0074, 22 }, // t
    { 0x0076, 25 }, // v
    { 0x0077, 25 }, // w
    { 0x0078, 26 }, // x
    { 0x0079, 25 }, // y
    { 0x007B, 3 }, // {
    { 0x0691, 27 }, // U+0691
    { 0x0692, 27 }, // U+0692
    { 0x0693, 27 }, // U+0693
    { 0x0695, 27 }, // U+0695
    { 0x06EF, 27 }, // U+06EF
    { 0x075B, 27 }, // U+075B
    { 0x2013, 5 }, // U+2013
    { 0x2014, 5 }, // U+2014
    { 0x2018, 1 }, // U+2018
    { 0x2019, 1 }, // U+2019
    { 0x201A, 4 }, // U+201A
    { 0x201C, 1 }, // U+201C
    { 0x201D, 1 }, // U+201D
    { 0x201E, 4 }, // U+201E
    { 0xFEAD, 27 }, // U+FEAD
    { 0xFEAE, 27 }, // U+FEAE
    { 0xFEAF, 27 }, // U+FEAF
};

static const EpdKernClassEntry notosansarabic_18_regularKernRightClasses[] = {
    { 0x0022, 1 }, // "
    { 0x0026, 2 }, // &
    { 0x0027, 1 }, // '
    { 0x0029, 3 }, // )
    { 0x002C, 4 }, // ,
    { 0x002D, 5 }, // -
    { 0x002E, 4 }, // .
    { 0x003F, 6 }, // ?
    { 0x0041, 7 }, // A
    { 0x0043, 8 }, // C
    { 0x0047, 8 }, // G
    { 0x004A, 9 }, // J
    { 0x004F, 8 }, // O
    { 0x0051, 8 }, // Q
    { 0x0054, 10 }, // T
    { 0x0055, 11 }, // U
    { 0x0056, 12 }, // V
    { 0x0057, 12 }, // W
    { 0x0058, 13 }, // X
    { 0x0059, 14 }, // Y
    { 0x005A, 15 }, // Z
    { 0x005D, 3 }, // ]
    { 0x0061, 16 }, // a
    { 0x0063, 17 }, // c
    { 0x0064, 17 }, // d
    { 0x0065, 17 }, // e
    { 0x0067, 18 }, // g
    { 0x006A, 19 }, // j
    { 0x006D, 20 }, // m
    { 0x006E, 20 }, // n
    { 0x006F, 17 }, // o
    { 0x0070, 20 }, // p
    { 0x0071, 17 }, // q
    { 0x0072, 20 }, // r
    { 0x0073, 21 }, // s
    { 0x0075, 20 }, // u
    { 0x0076, 22 }, // v
    { 0x0077, 22 }, // w
    { 0x0078, 22 }, // x
    { 0x0079, 22 }, // y
    { 0x007A, 23 }, // z
    { 0x007D, 3 }, // }
    { 0x0647, 24 }, // U+0647
    { 0x066F, 25 }, // U+066F
    { 0x06A1, 25 }, // U+06A1
    { 0x06A9, 24 }, // U+06A9
    { 0x06AA, 24 }, // U+06AA
    { 0x06BE, 24 }, // U+06BE
    { 0x06C1, 24 }, // U+06C1
    { 0x2013, 5 }, // U+2013
    { 0x2014, 5 }, // U+2014
    { 0x2019, 1 }, // U+2019
    { 0x201A, 4 }, // U+201A
    { 0x201D, 1 }, // U+201D
    { 0x201E, 4 }, // U+201E
    { 0x2026, 4 }, // U+2026
    { 0xFE8D, 26 }, // U+FE8D
    { 0xFEA3, 24 }, // U+FEA3
    { 0xFEA9, 25 }, // U+FEA9
    { 0xFEB1, 25 }, // U+FEB1
    { 0xFEB3, 25 }, // U+FEB3
    { 0xFEB9, 25 }, // U+FEB9
    { 0xFEBB, 25 }, // U+FEBB
    { 0xFEC1, 25 }, // U+FEC1
    { 0xFEC3, 25 }, // U+FEC3
    { 0xFECB, 26 }, // U+FECB
    { 0xFEDB, 24 }, // U+FEDB
    { 0xFEDF, 26 }, // U+FEDF
    { 0xFEE1, 24 }, // U+FEE1
    { 0xFEE3, 24 }, // U+FEE3
    { 0xFEE9, 24 }, // U+FEE9
    { 0xFEEB, 24 }, // U+FEEB
};

static const int8_t notosansarabic_18_regularKernMatrix[] = {
       0,    0,    0,    0,    0,    0,  -42,    0,    0,   12,    0,   12,    0,    6,    0,  -24,  -36,  -18,    0,  -18,  -18,    0,    0,    0,    0,    0,
       0,    0,    0,    0,    0,    0,    0,    0,    0,  -36,    0,  -12,    0,  -18,    0,    0,    0,    0,    0,    0,    0,    0,    0,    0,    0,    0,
       0,    0,    0,    0,    0,    0,    0,    0,   54,    0,    0,    0,    0,    0,    0,    0,    0,    0,   24,    0,    0,    0,    0,    0,    0,    0,
       0,    0,    0,    0,    0,    0,    0,  -30,    0,  -42,  -12,  -36,    0,  -36,    0,    0,    0,    0,    0,    0,    0,    0,    0,    0,    0,    0,
       0,    0,    0,    0,    0,    0,    0,    0,    0,  -24,    0,    0,    0,    0,    0,    0,    0,    0,    0,    0,    0,    0,    0,    0,    0,    0,
     -42,    0,    0,    0,    0,    0,    0,  -12,   30,  -42,    0,  -24,    0,  -36,    0,    0,    0,    0,    0,    0,    0,    0,    0,    0,    0,    0,
       0,    0,    0,   -6,    0,    0,    0,    0,    0,    0,    0,    0,    0,    0,    0,    0,    0,    0,    0,    0,    0,    0,    0,    0,    0,    0,
       0,    0,    0,    0,    0,    0,    0,  -12,    0,    0,    0,    0,    0,    0,    0,    0,    0,    0,    0,    0,    0,    0,    0,    0,    0,    0,
       0,    0,    0,  -24,    0,    0,  -12,    0,    0,  -18,    0,   -6,  -12,   -6,   -6,    0,    0,    0,    0,    0,    0,    0,    0,    0,    0,    0,
       0,    0,    0,    0,    0,    0,    0,    0,   36,    0,    0,    0,    0,    0,    0,    0,    0,    0,    0,    0,    0,    0,    0,    0,    0,    0,
       0,    0,   12,  -36,    0,   12,  -12,    0,    0,    0,    0,    0,    0,    0,    0,    0,    0,    0,    0,    0,    0,    0,    0,    0,    0,    0,
     -48,    0,    0,    0,    0,    0,    0,  -12,    0,  -12,   -6,  -12,    0,  -18,    0,    0,    0,    0,    0,    0,    0,    0,    0,    0,    0,    0,
       0,   -6,    0,  -78,    0,    0,  -30,    0,    0,    0,    0,    0,  -12,    0,   -6,    0,    0,    0,    0,    0,    0,    0,    0,    0,    0,    0,
       0,  -12,    0,  -36,  -24,   12,  -42,  -12,    0,   12,    0,    0,    0,    0,    0,  -48,  -42,  -42,    0,  -30,  -36,  -12,  -24,    0,    0,    0,
       0,    0,    0,  -12,    0,    0,   -6,    0,    0,    0,    0,    0,    0,    0,    0,    0,    0,    0,    0,    0,    0,    0,    0,    0,    0,    0,
       0,    0,    0,  -30,    0,   12,  -24,   -6,    0,    0,    0,    0,    0,    0,    0,  -12,  -12,   -6,    0,   -6,   -6,    0,    0,    0,    0,    0,
       0,  -18,    0,  -36,    0,   12,  -36,  -12,    0,    0,    0,    0,    0,    0,    0,  -30,  -30,  -30,    0,  -18,  -24,    0,  -12,    0,    0,    0,
       0,    0,    0,    0,    0,    0,    0,   -6,    0,    0,    0,    0,    0,    0,    0,    0,    0,    0,    0,    0,    0,    0,    0,    0,    0,    0,
       0,    0,    0,    0,    0,    0,    0,    0,   57,    0,    0,    0,    0,    0,    0,    0,    0,    0,    0,    0,    0,    0,    0,    0,    0,    0,
      -6,    0,    0,    0,    0,    0,    0,    0,    0,    0,    0,    0,    0,    0,    0,    0,    0,    0,    0,    0,    0,    0,    0,    0,    0,    0,
      -6,    0,    0,    0,    0,    0,    0,    0,    0,    0,    0,    0,    0,    0,    0,    0,    0,    0,    0,    0,    0,  -12,   -6,    0,    0,    0,
      12,    0,    0,    0,    0,    0,    0,    0,    0,    0,    0,    0,    0,    0,    0,    0,    0,    0,    0,    0,    0,    0,    0,    0,    0,    0,
      36,    0,   24,  -12,    0,    0,    0,    0,    0,    0,    0,    0,    0,    0,    0,    0,    0,    0,    0,    0,    0,    0,    0,    0,    0,    0,
      24,    0,    0,  -96,    0,    0,    0,    0,    0,    0,    0,    0,    0,    0,    0,  -12,  -12,   -6,    0,    0,    0,    0,    0,    0,    0,    0,
      24,    0,    0,  -24,    0,   12,    0,    0,    0,    0,    0,    0,    0,    0,    0,    0,    0,    0,    0,    0,    0,    0,    0,    0,    0,    0,
       0,    0,    0,    0,    0,    0,    0,    0,    0,    0,    0,    0,    0,    0,    0,    0,  -12,    0,    0,    0,    0,    0,    0,    0,    0,    0,
       0,    0,    0,    0,    0,    0,    0,    0,    0,    0,    0,    0,    0,    0,    0,    0,    0,    0,    0,    0,    0,    0,    0,  -24,  -18,  -15,
};

static const EpdFontData notosansarabic_18_regular = {
    notosansarabic_18_regularBitmaps,
    notosansarabic_18_regularGlyphs,
    notosansarabic_18_regularIntervals,
    13,
    79,
    52,
    -28,
    true,
    notosansarabic_18_regularGroups,
    4,
    nullptr,
    notosansarabic_18_regularKernLeftClasses,
    notosansarabic_18_regularKernRightClasses,
    notosansarabic_18_regularKernMatrix,
    61,
    72,
    27,
    26,
    nullptr,
    0,
};
