/**
 * generated by fontconvert.py
 * name: scheherazadenew_18_regular
 * size: 18
 * mode: 2-bit  compressed: true
 * Command used: fontconvert.py scheherazadenew_18_regular 18 ../builtinFonts/source/ScheherazadeNew/ScheherazadeNew-Regular.ttf --2bit --compress --script arabic
 */
#pragma once
#include "EpdFontData.h"

static const uint8_t scheherazadenew_18_regularBitmaps[14856] = {
    0xB5, 0x5A, 0x4D, 0x6C, 0xDD, 0xD8, 0x75, 0x3E, 0x24, 0xAD, 0x47, 0xC7, 0xB4, 0x44, 0x2D, 0xAC,
    0x89, 0xC7, 0x92, 0x4D, 0x17, 0x48, 0x01, 0x01, 0x23, 0x9B, 0x5A, 0x18, 0x88, 0x0A, 0x3C, 0x89,
    0x4C, 0xBB, 0x08, 0xD0, 0x2E, 0xAA, 0x85, 0x5F, 0x8A, 0x76, 0x50, 0x64, 0x16, 0xE9, 0x66, 0x12,
    0x40, 0x5E, 0x78, 0xE1, 0x20, 0x7A, 0x22, 0x91, 0x2C, 0xB2, 0x08, 0x90, 0x68, 0x91, 0x49, 0x16,
    0xD9, 0x78, 0xD1, 0x4D, 0x9D, 0xB6, 0x16, 0x5A, 0x17, 0x10, 0x50, 0x49, 0x8F, 0xED, 0x00, 0xED,
    0x22, 0x68, 0xC1, 0x60, 0x32, 0xAB, 0xF4, 0x87, 0x99, 0xB1, 0x1B, 0x60, 0x9C, 0x34, 0x44, 0xCB,
    0x69, 0x9E, 0x35, 0x7C, 0x8F, 0xF9, 0xBE, 0x73, 0xF9, 0x64, 0x69, 0xC6, 0x33, 0xD1, 0x18, 0xA9,
    0xF4, 0xEE, 0xB9, 0x7A, 0xE4, 0xE5, 0xBD, 0xE7, 0x9E, 0x9F, 0xEF, 0x9C, 0x73, 0xA9, 0x8B, 0xB2,
    0x25, 0x4D, 0xFB, 0x3B, 0xC0, 0xEF, 0x96, 0xAC, 0xE2, 0xB7, 0x2B, 0x4B, 0xB2, 0x28, 0x17, 0x8F,
    0x7E, 0xCF, 0x88, 0xE0, 0x2A, 0xC7, 0xF4, 0xF1, 0xD7, 0xA6, 0x93, 0xED, 0x7B, 0xC5, 0xC8, 0x2B,
    0x40, 0xF7, 0xBC, 0x7C, 0xD3, 0xCD, 0xBA, 0x4E, 0xB6, 0xE2, 0x64, 0x9F, 0xB2, 0xD3, 0x59, 0x2B,
    0x16, 0x57, 0x16, 0x44, 0xCE, 0x61, 0x06, 0x99, 0x91, 0x15, 0x91, 0x69, 0xB9, 0x21, 0x72, 0x5E,
    0x96, 0x05, 0x97, 0x6F, 0x09, 0x2E, 0xEF, 0xC8, 0x5C, 0xBF, 0xF7, 0xAE, 0x24, 0x4D, 0xD3, 0xC4,
    0xB8, 0x92, 0x89, 0xDC, 0xB2, 0x40, 0xEE, 0xDA, 0x20, 0x85, 0x93, 0x8A, 0xE4, 0x4E, 0x2C, 0x2F,
    0x3C, 0x7A, 0xF9, 0x35, 0x33, 0xC4, 0x4E, 0xCF, 0x89, 0x38, 0xE9, 0x0C, 0x48, 0x3C, 0x2D, 0x98,
    0xFD, 0xBC, 0x88, 0x67, 0x96, 0x58, 0x6C, 0x97, 0x38, 0x2B, 0x57, 0xC1, 0x96, 0x85, 0xD6, 0x41,
    0xDB, 0x78, 0x28, 0xCE, 0xE3, 0x8D, 0xD4, 0xEF, 0xB8, 0xD9, 0x5A, 0xC7, 0xCA, 0x56, 0x3B, 0x82,
    0x5E, 0xD2, 0xA8, 0x23, 0x71, 0xF4, 0x4F, 0x22, 0xC1, 0x21, 0x9E, 0x6F, 0x44, 0xEC, 0x06, 0x4B,
    0x25, 0x15, 0xBE, 0x8C, 0x30, 0x2B, 0xBE, 0x74, 0xC2, 0x5C, 0x3A, 0x5E, 0x29, 0x1D, 0xA7, 0x9C,
    0xED, 0x58, 0xE5, 0x55, 0xB4, 0xE5, 0x8E, 0x5D, 0xAE, 0x74, 0x9C, 0x7C, 0xAD, 0xE3, 0xC7, 0x41,
    0x83, 0x71, 0xF3, 0xB1, 0x59, 0x83, 0x6B, 0xB5, 0x3F, 0x53, 0xB1, 0xF8, 0xE8, 0xB6, 0x76, 0x65,
    0x13, 0x93, 0x56, 0xFE, 0x3B, 0x77, 0x30, 0x5D, 0x3E, 0x85, 0x6D, 0x8A, 0x9F, 0x76, 0xA4, 0x10,
    0x09, 0xA5, 0xC3, 0xBD, 0xAD, 0xC9, 0x27, 0xB0, 0x31, 0x48, 0xF0, 0x3C, 0xC7, 0xF7, 0xE5, 0xE2,
    0x65, 0xCA, 0x52, 0x96, 0xBB, 0x2A, 0xDC, 0x6D, 0xC8, 0x46, 0x42, 0x27, 0x2E, 0xDC, 0x11, 0x38,
    0xB2, 0xB3, 0xC8, 0x11, 0x6E, 0xBB, 0xB6, 0xC0, 0xA5, 0x67, 0x97, 0x14, 0xD3, 0xB4, 0x5B, 0x08,
    0xBE, 0x75, 0xFD, 0x8C, 0x17, 0x6F, 0xFB, 0x99, 0x8D, 0xE9, 0x4A, 0x3F, 0xC5, 0x48, 0x2B, 0xF3,
    0x63, 0x15, 0x93, 0x1F, 0xAB, 0x78, 0xBC, 0x74, 0x99, 0xB2, 0x71, 0x0E, 0xF1, 0xD8, 0x45, 0x91,
    0x1E, 0x19, 0x0D, 0x0B, 0x52, 0xFB, 0xDD, 0x4D, 0x76, 0x6E, 0x76, 0x85, 0x9D, 0x9F, 0xFA, 0x27,
    0xBA, 0x19, 0xED, 0xB2, 0x6B, 0xDA, 0xE5, 0x0F, 0xD8, 0x79, 0xBF, 0xCC, 0x7B, 0x37, 0x31, 0xF5,
    0x48, 0xA2, 0x87, 0xE8, 0x6A, 0x8C, 0xC2, 0x5C, 0x23, 0xDD, 0x74, 0xD5, 0xC8, 0x65, 0xCE, 0x95,
    0xA4, 0xD0, 0x82, 0x1F, 0x87, 0x39, 0x36, 0x11, 0x89, 0x5F, 0xE6, 0x90, 0x87, 0xB8, 0x87, 0x18,
    0x78, 0x00, 0x39, 0x63, 0xE0, 0x40, 0x04, 0xCA, 0x96, 0x41, 0x2C, 0x4D, 0x6E, 0x4B, 0x92, 0xB9,
    0xBF, 0x18, 0x7A, 0x12, 0x1E, 0x0E, 0xDC, 0xA6, 0x86, 0xEC, 0x2B, 0xC1, 0x47, 0xFE, 0x58, 0xE4,
    0x85, 0x58, 0xBA, 0x07, 0x07, 0xFD, 0x7E, 0xB7, 0xBB, 0xB4, 0x78, 0xC1, 0x88, 0x17, 0xBB, 0xA2,
    0x8A, 0xAD, 0x92, 0xEB, 0x40, 0x7B, 0x2A, 0x3A, 0x91, 0x1A, 0xAC, 0xE0, 0x19, 0xB7, 0x24, 0x9F,
    0xE0, 0x07, 0xB7, 0x22, 0x2C, 0x17, 0x61, 0x91, 0xC4, 0xAC, 0xA7, 0xAD, 0x69, 0xDB, 0xE4, 0x3B,
    0xEF, 0x71, 0x0C, 0xC7, 0xF2, 0x19, 0x3E, 0x0B, 0x95, 0xEB, 0x5C, 0x9C, 0x53, 0xE7, 0x0E, 0xC5,
    0xAC, 0x65, 0x51, 0x60, 0x77, 0x5A, 0x1E, 0xCC, 0x0F, 0x95, 0x44, 0xB5, 0x79, 0x78, 0xDE, 0xE6,
    0xED, 0x21, 0x55, 0xCF, 0x67, 0x62, 0xCA, 0x0D, 0x37, 0x0A, 0x33, 0x99, 0x83, 0x1B, 0x16, 0x27,
    0x84, 0xD1, 0xC8, 0xF8, 0x7D, 0x5C, 0x1C, 0xE7, 0x6E, 0x6C, 0xC6, 0x70, 0xAC, 0xD3, 0x6E, 0x8A,
    0x0C, 0x71, 0x2E, 0xCE, 0xB9, 0x66, 0xD6, 0xE0, 0x5A, 0x5C, 0xF3, 0x72, 0xCB, 0x83, 0xFE, 0xD0,
    0x08, 0xDD, 0x58, 0xA6, 0xDC, 0xCF, 0xC4, 0xDE, 0xD7, 0x3F, 0x9B, 0x39, 0x6F, 0x40, 0x25, 0x7F,
    0x03, 0x6B, 0xBA, 0x30, 0x2B, 0x83, 0x7C, 0x7E, 0xF8, 0x6A, 0xDC, 0xF9, 0x73, 0xF9, 0xAD, 0x65,
    0xB1, 0xDE, 0xBE, 0x2E, 0xEE, 0xEB, 0x7E, 0xEC, 0xB9, 0xBF, 0x97, 0x71, 0xBC, 0x38, 0x93, 0x09,
    0x54, 0xC4, 0x8B, 0xA7, 0x22, 0x11, 0x5C, 0xB1, 0x9E, 0xEB, 0xF5, 0x69, 0x0A, 0x8B, 0xA7, 0x7C,
    0x2C, 0x4C, 0xA3, 0x3C, 0x2A, 0xCE, 0xDC, 0x95, 0xBB, 0x92, 0x39, 0xF1, 0x65, 0x01, 0x5B, 0x4D,
    0x86, 0xCF, 0xAB, 0xF7, 0xD2, 0x33, 0xD8, 0x5C, 0x94, 0x46, 0xF1, 0x14, 0x86, 0x81, 0xA3, 0x1C,
    0x06, 0x2C, 0xF0, 0x11, 0x78, 0x3F, 0x5C, 0xC4, 0xA1, 0x97, 0x53, 0xE8, 0xD3, 0x04, 0x0E, 0xBA,
    0xFA, 0x92, 0xDA, 0xC0, 0x0D, 0xDD, 0x3B, 0xFC, 0xAA, 0xE0, 0x13, 0xF0, 0x08, 0x3E, 0x74, 0x8A,
    0x27, 0x5E, 0x69, 0x8D, 0xBF, 0xEA, 0x8B, 0x93, 0xFB, 0x90, 0xA3, 0x07, 0x6F, 0x71, 0xF3, 0x50,
    0x9C, 0x22, 0x12, 0xA7, 0x8C, 0xE0, 0xB5, 0x5B, 0x68, 0x30, 0xD5, 0x21, 0xDB, 0xA8, 0x6D, 0xFB,
    0xED, 0x77, 0xDE, 0x5B, 0xD3, 0x71, 0x4E, 0x19, 0xC2, 0xB5, 0x21, 0xC9, 0xCC, 0xC5, 0x0C, 0x76,
    0x71, 0x1D, 0xF6, 0x5D, 0x29, 0x02, 0x60, 0x49, 0x68, 0x30, 0xAC, 0xD5, 0x88, 0xCC, 0x67, 0xEF,
    0xD4, 0x9F, 0x9A, 0x16, 0x30, 0xDF, 0x14, 0x12, 0x3E, 0x14, 0xAB, 0x69, 0xE0, 0xB5, 0x4D, 0x06,
    0xEF, 0x28, 0xCE, 0xC3, 0x12, 0x2E, 0x60, 0x51, 0xD1, 0x66, 0xB3, 0xA7, 0x75, 0xE5, 0xC6, 0x3A,
    0xE9, 0x7F, 0x57, 0x8C, 0x73, 0x50, 0x26, 0x84, 0x50, 0xC8, 0x80, 0x7B, 0x97, 0xDB, 0xF8, 0x9A,
    0x03, 0x2E, 0xDE, 0xB9, 0xB7, 0x17, 0x34, 0xCD, 0x10, 0xBA, 0x2B, 0x25, 0xD9, 0x16, 0xA7, 0x19,
    0x8A, 0xFF, 0xDD, 0x11, 0x94, 0x33, 0x00, 0x60, 0x46, 0x74, 0x05, 0x31, 0x16, 0xD6, 0x6D, 0xCD,
    0x8A, 0x53, 0xC3, 0xDA, 0x06, 0x63, 0xC2, 0x23, 0xDD, 0x24, 0x6B, 0xAD, 0x3A, 0x33, 0x6B, 0x6A,
    0x4B, 0xB9, 0xF6, 0x05, 0x98, 0xE2, 0x20, 0x7D, 0x00, 0xBB, 0x48, 0x65, 0x6A, 0x5D, 0x11, 0x25,
    0x6D, 0xAD, 0x16, 0x2D, 0x41, 0xFB, 0x4F, 0xA8, 0xF3, 0x5B, 0x99, 0x78, 0xB8, 0x36, 0x8D, 0xB6,
    0x82, 0xB6, 0x03, 0xE4, 0xCA, 0x7C, 0xD8, 0x82, 0x9F, 0x9D, 0xC3, 0xD8, 0x05, 0xB4, 0xDF, 0xE9,
    0x7D, 0xFE, 0x47, 0x84, 0x79, 0x36, 0xF3, 0xFC, 0x33, 0xDA, 0x54, 0x6F, 0x1D, 0x0B, 0xE5, 0x88,
    0x07, 0x99, 0x3C, 0xEA, 0x51, 0xF3, 0xD4, 0xBB, 0x38, 0xDB, 0x44, 0x72, 0xC0, 0x2F, 0x44, 0xD7,
    0x19, 0xD4, 0x44, 0x71, 0xBA, 0x38, 0xF8, 0x0E, 0x5A, 0x9E, 0x29, 0x2B, 0x6D, 0x59, 0xDB, 0x08,
    0xA6, 0x00, 0xDB, 0x25, 0x49, 0xDE, 0x2C, 0x25, 0xC4, 0xB3, 0x96, 0xF2, 0x3E, 0x5F, 0xA8, 0x97,
    0xF1, 0x11, 0x3A, 0xFF, 0x1E, 0x81, 0xDC, 0x48, 0x9B, 0x1C, 0x70, 0xB6, 0xF0, 0x7B, 0x63, 0x89,
    0xDE, 0x4D, 0xB2, 0x28, 0xF6, 0x8B, 0x04, 0xB0, 0xB3, 0x05, 0x4F, 0xDD, 0x52, 0xE3, 0xB0, 0xB4,
    0x45, 0x62, 0x55, 0x21, 0x50, 0x8A, 0x66, 0xE1, 0x65, 0x4E, 0xE6, 0x14, 0xD0, 0xCF, 0xC1, 0xAE,
    0x1A, 0xC7, 0x54, 0xAF, 0xB7, 0xEE, 0x37, 0x4D, 0x05, 0x5D, 0x94, 0xAB, 0xBD, 0x5E, 0xB1, 0x2C,
    0x76, 0x1E, 0x3F, 0xE5, 0x27, 0x36, 0xBA, 0x24, 0xF4, 0x2E, 0xB5, 0xBA, 0x68, 0x75, 0x2A, 0x50,
    0x39, 0x8D, 0xDD, 0x3E, 0xC1, 0xFE, 0xC9, 0xE1, 0x40, 0x77, 0x6B, 0xB0, 0x0D, 0xA3, 0xDE, 0xC5,
    0xBE, 0x02, 0xC4, 0x13, 0x3F, 0xDE, 0x6B, 0xDB, 0x3E, 0x06, 0x26, 0xF1, 0x75, 0x09, 0xF3, 0x3B,
    0xE2, 0x3F, 0xC9, 0xA1, 0x7F, 0x2C, 0x05, 0x11, 0x5A, 0xBF, 0xA8, 0xC4, 0x73, 0x6B, 0xB9, 0x06,
    0x00, 0xDA, 0x04, 0x14, 0xEE, 0x62, 0x97, 0x43, 0x6C, 0x7E, 0x08, 0xFD, 0xEE, 0x41, 0x8F, 0xAB,
    0xE0, 0x29, 0x80, 0x6D, 0x39, 0xEF, 0x40, 0x08, 0x73, 0x8C, 0xA8, 0x05, 0x00, 0x68, 0x5F, 0xAF,
    0x06, 0x18, 0xBB, 0x06, 0x27, 0x58, 0x85, 0x4D, 0xC2, 0x9D, 0xCA, 0x7D, 0xE3, 0x38, 0xD5, 0x00,
    0x2D, 0x81, 0x4C, 0xA2, 0xD4, 0xA9, 0x82, 0xDC, 0x2B, 0xDD, 0xF1, 0x7B, 0xA5, 0xFC, 0xF5, 0x1F,
    0xE4, 0xAD, 0x4D, 0xA4, 0xC6, 0xD6, 0x20, 0x58, 0x8B, 0xA8, 0x9D, 0xAB, 0x9C, 0x3B, 0xF8, 0xF3,
    0xB7, 0xA5, 0x45, 0x8A, 0x2C, 0xCA, 0xC2, 0x6C, 0x4A, 0x4E, 0xFE, 0x9C, 0x83, 0x05, 0x02, 0x43,
    0xB2, 0x20, 0xF6, 0x89, 0x25, 0xF9, 0x07, 0x47, 0x98, 0x9F, 0x20, 0x4D, 0x8A, 0x41, 0x99, 0x54,
    0x2F, 0xDE, 0x86, 0x19, 0xEF, 0x20, 0x81, 0x48, 0xAF, 0xC9, 0xFA, 0xB1, 0xFB, 0xF3, 0x1A, 0xF9,
    0x68, 0x1D, 0x92, 0x3C, 0x14, 0x13, 0xF2, 0xE1, 0x6A, 0xA9, 0xC9, 0x16, 0xDA, 0xEF, 0x6A, 0x39,
    0x26, 0x02, 0x08, 0x5D, 0xF1, 0x68, 0x48, 0x7B, 0xDB, 0x0C, 0xC5, 0xB5, 0x6D, 0xBD, 0x36, 0xD6,
    0x6B, 0x89, 0x52, 0x5B, 0x60, 0xBE, 0x4D, 0xA5, 0xE4, 0x7D, 0xAC, 0xF5, 0xF0, 0xB3, 0xAE, 0x37,
    0xF4, 0x2F, 0x73, 0xF1, 0x8E, 0x79, 0x36, 0x57, 0xBF, 0x19, 0xEB, 0xB2, 0xA1, 0x3E, 0x48, 0x55,
    0xEA, 0x35, 0x39, 0x7E, 0xCD, 0x7C, 0xD1, 0x1B, 0xCA, 0xF8, 0x40, 0x19, 0xAF, 0x26, 0x5C, 0x18,
    0x8E, 0xCC, 0xE0, 0x2D, 0x1D, 0xDB, 0x2E, 0x33, 0xC8, 0xA1, 0xB3, 0x11, 0xCC, 0x24, 0x82, 0x55,
    0x05, 0xD0, 0xAB, 0x9F, 0x21, 0x3A, 0x67, 0x21, 0xDA, 0x19, 0x7C, 0x37, 0x73, 0xAE, 0xA2, 0xED,
    0x1E, 0xB3, 0xB3, 0x36, 0xC3, 0x39, 0xDB, 0xB6, 0x33, 0xED, 0x3E, 0xCE, 0x1C, 0x8B, 0x9C, 0xEC,
    0x8D, 0x22, 0xE6, 0xBE, 0xAD, 0x9D, 0xFB, 0xE8, 0x73, 0x45, 0xBB, 0x2F, 0x46, 0x28, 0xA7, 0x75,
    0x50, 0xCD, 0x26, 0xEE, 0x1A, 0x73, 0x96, 0x4F, 0xE9, 0x12, 0xC4, 0x67, 0x2E, 0x23, 0xF2, 0x09,
    0xC6, 0x22, 0xAF, 0xD8, 0xE9, 0xD0, 0x9C, 0xEF, 0xCC, 0x94, 0x0E, 0x1E, 0x85, 0xEF, 0x14, 0x0E,
    0xF8, 0x75, 0x33, 0x37, 0x77, 0xC0, 0x33, 0xC0, 0x3A, 0x73, 0xF0, 0xF8, 0x1A, 0xEC, 0xDB, 0x01,
    0x9A, 0xD3, 0xBA, 0x1D, 0xC0, 0xDB, 0x10, 0x76, 0xD8, 0x81, 0xAA, 0x2B, 0xEC, 0x6C, 0x1A, 0xE9,
    0x63, 0x89, 0x7D, 0x9F, 0x97, 0x5B, 0x80, 0xC8, 0x11, 0x46, 0xDD, 0xB0, 0x4B, 0x7B, 0x0F, 0x77,
    0x57, 0xEC, 0xEA, 0xEC, 0x26, 0x70, 0x71, 0xC9, 0x1A, 0xEF, 0x6C, 0x7A, 0x92, 0x2E, 0x48, 0x93,
    0x46, 0x43, 0xC9, 0x66, 0x80, 0x5E, 0x53, 0xB1, 0x13, 0xBB, 0x86, 0xF7, 0x96, 0x9F, 0x85, 0x96,
    0xBF, 0xDB, 0x86, 0x5F, 0x2B, 0x37, 0xAE, 0x49, 0x7F, 0x83, 0xCD, 0x5A, 0x9A, 0x0B, 0xCD, 0x1F,
    0x1A, 0x65, 0xA9, 0x57, 0xF0, 0x46, 0x6A, 0xD4, 0xAF, 0x13, 0x28, 0xD2, 0x88, 0x09, 0xDF, 0x74,
    0x52, 0x63, 0x09, 0x57, 0x86, 0xDA, 0xAD, 0xD4, 0x26, 0x7F, 0x30, 0x8A, 0xDD, 0x31, 0x66, 0x93,
    0x53, 0x90, 0x78, 0x9A, 0x90, 0xC9, 0xDC, 0x2D, 0x53, 0x76, 0x98, 0x42, 0x40, 0x74, 0x4C, 0x6D,
    0x24, 0xB8, 0xF7, 0x7D, 0x3E, 0x7F, 0xFD, 0xDE, 0x3D, 0x3E, 0x7F, 0xC3, 0xA4, 0x13, 0x3B, 0x26,
    0x7B, 0xC8, 0xD5, 0xA7, 0x6C, 0x93, 0xF9, 0x38, 0x06, 0x79, 0x15, 0xC1, 0x4A, 0x01, 0x18, 0xDA,
    0xCD, 0x58, 0xE6, 0x7A, 0xBD, 0x98, 0xA8, 0xF8, 0x98, 0x40, 0x57, 0x4B, 0x50, 0x92, 0x3A, 0x75,
    0x1B, 0x71, 0x48, 0xC7, 0xEF, 0xA7, 0x96, 0x5E, 0x67, 0xF6, 0x32, 0xA2, 0xDB, 0x8B, 0x26, 0xE9,
    0xB8, 0x42, 0x6B, 0xC3, 0x75, 0x33, 0x12, 0x97, 0x40, 0x93, 0x94, 0x34, 0x3A, 0x46, 0x93, 0x94,
    0x69, 0x4C, 0xC3, 0x55, 0x6C, 0x44, 0xD0, 0x71, 0x8C, 0xA7, 0x36, 0x9A, 0xE6, 0x90, 0xBB, 0xBC,
    0x3F, 0x84, 0xC5, 0xF8, 0x8F, 0x5E, 0xFE, 0x0F, 0xB5, 0xD1, 0x31, 0xA0, 0x93, 0xA1, 0x87, 0x9B,
    0x9C, 0xD1, 0x2C, 0xCC, 0xD5, 0xC0, 0xE1, 0xA8, 0x7D, 0x59, 0xAD, 0x2B, 0x1A, 0xC3, 0x37, 0xB4,
    0x39, 0x46, 0x8F, 0x5F, 0x37, 0x23, 0x23, 0x55, 0x84, 0xCA, 0x51, 0x7C, 0x06, 0x49, 0x71, 0x2B,
    0x9A, 0x18, 0xD8, 0xA0, 0xD4, 0x92, 0xDC, 0xA6, 0x3A, 0x1B, 0x95, 0xFE, 0x9F, 0xC0, 0x3B, 0x26,
    0x92, 0x69, 0xC6, 0x2A, 0x99, 0xF9, 0x21, 0xA9, 0xD5, 0xE8, 0xEE, 0x10, 0xF4, 0x40, 0x83, 0x82,
    0xD4, 0x2F, 0x49, 0x11, 0x13, 0x4D, 0x7A, 0x76, 0x44, 0xED, 0x0F, 0xA1, 0xED, 0x18, 0x1D, 0x0F,
    0x0E, 0x8E, 0x66, 0x08, 0x33, 0x4A, 0x66, 0x10, 0x3F, 0x95, 0x4C, 0x41, 0xC9, 0x3C, 0x51, 0x4E,
    0x7A, 0xEB, 0x60, 0xA4, 0x29, 0x39, 0x62, 0x87, 0x83, 0x97, 0x49, 0xAE, 0x6A, 0x3A, 0x3A, 0x21,
    0x16, 0x89, 0xAD, 0x2A, 0x80, 0x66, 0x7A, 0x1B, 0xAA, 0x18, 0x7E, 0x75, 0xDB, 0x6B, 0xED, 0xDD,
    0xA7, 0x4F, 0xE0, 0x91, 0x9A, 0x9E, 0x5C, 0xD3, 0xE3, 0x40, 0xBA, 0xF6, 0x58, 0x5E, 0x18, 0x86,
    0x5C, 0x88, 0x4B, 0xC6, 0x5C, 0x32, 0x27, 0x3B, 0x24, 0xA2, 0x64, 0x5D, 0x13, 0xD6, 0x09, 0x39,
    0x43, 0x72, 0x91, 0x64, 0x11, 0x56, 0xD1, 0xDB, 0x65, 0x6A, 0xA2, 0x62, 0x5A, 0x39, 0xBA, 0x71,
    0x56, 0x4E, 0x3C, 0xF1, 0x01, 0x42, 0xE9, 0x63, 0x9B, 0xEA, 0x56, 0x1B, 0x4F, 0xC0, 0xA0, 0xF7,
    0xE8, 0x93, 0xEF, 0xA9, 0xD5, 0x26, 0x08, 0x99, 0x8C, 0x63, 0x4C, 0x6C, 0x5C, 0xD5, 0xBF, 0x13,
    0x33, 0xCC, 0x5A, 0xB1, 0xD1, 0xE4, 0x33, 0xF5, 0x3F, 0xD5, 0x3C, 0xA4, 0xFE, 0xA3, 0x6C, 0xA0,
    0x1A, 0x1F, 0x28, 0x1A, 0x25, 0xC4, 0xA3, 0x34, 0x52, 0x2F, 0x08, 0xE9, 0x12, 0x29, 0x24, 0x0E,
    0xCA, 0x3C, 0x26, 0x4A, 0xAD, 0xB1, 0xDA, 0x06, 0x6E, 0x60, 0xC6, 0x4E, 0x73, 0x9F, 0x3E, 0x39,
    0xF5, 0x1A, 0xA5, 0xBE, 0x8E, 0xA8, 0xEC, 0xC2, 0x90, 0x07, 0x85, 0xA5, 0x3A, 0x27, 0x0D, 0xD5,
    0x8A, 0x4F, 0x49, 0x89, 0xE9, 0x1F, 0x63, 0xBC, 0x75, 0x8C, 0x52, 0x2E, 0x51, 0x06, 0xC1, 0x9C,
    0x6B, 0x0E, 0xE7, 0xA8, 0xFD, 0x98, 0xEE, 0xF8, 0x5C, 0x1F, 0x6C, 0x30, 0x6C, 0x1E, 0x5A, 0x34,
    0xE7, 0xE0, 0x89, 0xC1, 0x1E, 0xF7, 0x79, 0x5A, 0xD1, 0xB6, 0x5C, 0x2E, 0x22, 0xC9, 0x8B, 0xD8,
    0xBE, 0x01, 0x56, 0x7F, 0x2E, 0x9A, 0x21, 0xA9, 0xB8, 0xD6, 0xE1, 0x2F, 0xB1, 0x6D, 0xA0, 0x84,
    0x51, 0x9C, 0x58, 0x92, 0x6B, 0xE7, 0xC7, 0xDA, 0x2D, 0x19, 0xBD, 0xEF, 0x68, 0xA7, 0x98, 0x68,
    0xD5, 0x5A, 0x57, 0x5A, 0x75, 0xD7, 0x74, 0x26, 0x9E, 0x35, 0xB5, 0xE9, 0x1A, 0x73, 0x31, 0x31,
    0x23, 0x83, 0x52, 0x3B, 0xD7, 0x58, 0x0F, 0x7D, 0x91, 0x93, 0xF1, 0xA6, 0x81, 0x2E, 0x76, 0xAE,
    0xA9, 0x94, 0x2C, 0x30, 0x41, 0x19, 0x36, 0x74, 0xA2, 0xC2, 0x83, 0x1E, 0xE6, 0x34, 0xB2, 0x7E,
    0xB2, 0x21, 0xB5, 0x4C, 0xB4, 0xAE, 0xFF, 0x7F, 0xA8, 0x71, 0xB3, 0x8E, 0x18, 0xC7, 0xA2, 0x12,
    0xBA, 0xC0, 0xDA, 0xD7, 0xBE, 0x38, 0x94, 0x50, 0xA3, 0xFF, 0xDC, 0x4D, 0xB2, 0x00, 0xFF, 0x1A,
    0x99, 0x70, 0xAD, 0x59, 0x07, 0x62, 0x01, 0x79, 0x96, 0x80, 0x7D, 0xA6, 0xB1, 0xDA, 0x42, 0x7E,
    0x2C, 0x9F, 0x46, 0xFF, 0x03, 0x88, 0xFD, 0x6F, 0xD1, 0xFF, 0x33, 0xB6, 0xF8, 0x36, 0xFA, 0xD7,
    0x87, 0x62, 0xBF, 0x8E, 0xFE, 0x1F, 0x20, 0xDE, 0xAF, 0xA1, 0xCF, 0xC6, 0xE2, 0x3A, 0xEC, 0x13,
    0x99, 0xD1, 0x3E, 0x8A, 0x17, 0xB4, 0x0F, 0xB3, 0xAE, 0xF6, 0x7E, 0x7E, 0x5B, 0x7B, 0xAF, 0x2C,
    0xB5, 0x77, 0xAA, 0x5C, 0x7B, 0x7B, 0x9C, 0x69, 0x0F, 0xB8, 0x6E, 0x7B, 0x56, 0x97, 0x88, 0x6B,
    0xCC, 0x5D, 0x59, 0x51, 0x76, 0x09, 0x6C, 0x1B, 0x63, 0xF8, 0xF2, 0xA0, 0xD9, 0xA6, 0x00, 0x7B,
    0x3D, 0x72, 0x28, 0xDE, 0x43, 0x56, 0xFB, 0x1A, 0x52, 0x1A, 0x13, 0x60, 0x9A, 0xCC, 0x74, 0x85,
    0x76, 0x3F, 0x1E, 0x6A, 0xF7, 0xC6, 0x48, 0xBB, 0xBC, 0x31, 0x5D, 0x94, 0x69, 0x17, 0x94, 0xDA,
    0xB9, 0x43, 0xED, 0xEC, 0x91, 0x76, 0xD2, 0xFC, 0xAE, 0x76, 0xD1, 0x3F, 0x6A, 0xE7, 0xFF, 0x8F,
    0x76, 0xEE, 0xA1, 0x76, 0x76, 0xA3, 0x9D, 0x0C, 0x4C, 0x17, 0x99, 0x0E, 0xC1, 0xD0, 0x36, 0x35,
    0x7F, 0x48, 0x8C, 0x36, 0x11, 0x96, 0xB5, 0xA2, 0x35, 0x60, 0x1A, 0x16, 0xBC, 0xB9, 0x01, 0xC7,
    0xDF, 0x27, 0x80, 0xD8, 0x1A, 0x9A, 0x18, 0x35, 0xA3, 0x36, 0xD9, 0x64, 0xBA, 0x19, 0x64, 0x0C,
    0xAE, 0x7E, 0x9E, 0x68, 0x44, 0x18, 0x68, 0x5C, 0x6E, 0x3E, 0x40, 0x07, 0x47, 0xD4, 0x2F, 0x89,
    0x39, 0x7E, 0x41, 0xFC, 0xF1, 0xF3, 0x50, 0xD3, 0x7E, 0xE2, 0x52, 0x14, 0xD3, 0x3F, 0x98, 0xE2,
    0x2B, 0x64, 0x25, 0xE2, 0x31, 0x92, 0x1C, 0x6A, 0x24, 0xB9, 0xA4, 0xAE, 0x71, 0x53, 0x03, 0xC9,
    0x43, 0x1A, 0xED, 0x58, 0x4D, 0x96, 0x5E, 0xAE, 0x80, 0x1F, 0x10, 0x5B, 0xFC, 0x23, 0x12, 0xE4,
    0x93, 0x1B, 0x18, 0x32, 0x02, 0x1E, 0xC3, 0x05, 0xB6, 0x7F, 0x0D, 0x84, 0x3E, 0x13, 0x4C, 0x3F,
    0x42, 0x04, 0x89, 0x8A, 0x20, 0x3A, 0x29, 0x82, 0x78, 0x22, 0x02, 0xFF, 0xF9, 0x44, 0xA0, 0x10,
    0xD1, 0xD7, 0xFD, 0xAB, 0x08, 0x98, 0xBF, 0xBB, 0x46, 0x04, 0x89, 0x26, 0x3B, 0x41, 0x7D, 0x2C,
    0x6B, 0x1D, 0x98, 0x9C, 0x59, 0x51, 0xBF, 0xCD, 0xA6, 0xAD, 0x57, 0x10, 0x73, 0x44, 0xE5, 0x64,
    0xCE, 0x45, 0x30, 0x86, 0xB2, 0xC8, 0xC9, 0x36, 0xF1, 0xBA, 0x56, 0xE4, 0x3A, 0x49, 0x19, 0xC7,
    0x6B, 0x8D, 0xE9, 0xB5, 0x39, 0x29, 0x51, 0xF4, 0x1E, 0xD3, 0x4C, 0xA4, 0xE6, 0x4D, 0xA9, 0x5D,
    0x3D, 0xB6, 0xB1, 0x6B, 0x75, 0xCD, 0xB1, 0xD2, 0x48, 0xD3, 0x15, 0xC4, 0x12, 0x4B, 0xE7, 0x31,
    0x09, 0x8F, 0x82, 0x45, 0x4C, 0xE1, 0x25, 0x43, 0x19, 0x6C, 0x5F, 0xF5, 0x1E, 0x1D, 0x14, 0x21,
    0x58, 0xDC, 0x84, 0x1B, 0xA0, 0x26, 0x29, 0x30, 0xC1, 0x5D, 0x0C, 0x79, 0x05, 0x21, 0x65, 0x36,
    0xC2, 0xCC, 0x81, 0x1E, 0x09, 0xE6, 0x06, 0xAA, 0x02, 0xA2, 0x0D, 0xE5, 0x1E, 0xD1, 0x37, 0x86,
    0x29, 0x42, 0x3D, 0xF2, 0xED, 0x1A, 0x79, 0x6D, 0x0D, 0xA8, 0x1B, 0xEE, 0xC1, 0x4E, 0x07, 0xB1,
    0x97, 0x7D, 0x07, 0xD9, 0x45, 0xDC, 0x59, 0xD7, 0x80, 0xDE, 0xE3, 0x71, 0xC9, 0x78, 0x15, 0xA2,
    0x0A, 0x97, 0x69, 0x32, 0x24, 0xCE, 0x55, 0x10, 0xBB, 0xAD, 0x18, 0x7E, 0x33, 0x84, 0x11, 0x70,
    0x1E, 0x12, 0x9D, 0x03, 0xFA, 0x43, 0xBE, 0x2C, 0x06, 0xBC, 0xCA, 0x1C, 0x23, 0x65, 0x9A, 0x60,
    0xD9, 0xBF, 0xE1, 0xCE, 0x7A, 0xDA, 0xB1, 0x16, 0xAD, 0x4D, 0xB9, 0xD0, 0x76, 0x07, 0x26, 0x59,
    0x86, 0x02, 0x78, 0x7C, 0x08, 0x63, 0x67, 0xE6, 0xEA, 0x20, 0xCB, 0x20, 0xAB, 0x2F, 0x7C, 0x5B,
    0x6B, 0xA1, 0x18, 0xBC, 0x4A, 0x00, 0x87, 0x46, 0x49, 0x45, 0x3E, 0x81, 0x42, 0x34, 0x6E, 0x82,
    0xC4, 0xC8, 0xCC, 0x39, 0x30, 0xC7, 0x18, 0x98, 0xC5, 0xD3, 0xC2, 0x90, 0x47, 0x3A, 0x54, 0xE7,
    0x92, 0xC9, 0xEC, 0x98, 0x9A, 0xC3, 0x1A, 0x79, 0x58, 0x01, 0x10, 0x63, 0xA8, 0x81, 0xF6, 0x75,
    0x85, 0x91, 0xC9, 0xC2, 0x0F, 0x1C, 0x35, 0xBF, 0xC8, 0x24, 0xF7, 0xD1, 0x37, 0x4D, 0x7D, 0xF8,
    0xEF, 0x26, 0x25, 0x37, 0x28, 0xEE, 0x9A, 0x94, 0xDC, 0x31, 0x79, 0xBA, 0x6D, 0x0C, 0xD5, 0x4C,
    0xA2, 0x08, 0x03, 0x3E, 0x3F, 0x03, 0x71, 0xCE, 0xF5, 0x60, 0x06, 0x83, 0x0A, 0x79, 0x1C, 0xF2,
    0x39, 0xA4, 0x83, 0x76, 0x6E, 0xAB, 0x51, 0xDA, 0xF4, 0x60, 0xF0, 0x80, 0x85, 0x46, 0x9C, 0xC4,
    0x21, 0xD3, 0x18, 0xE2, 0xD1, 0x53, 0x30, 0x64, 0x9A, 0xDC, 0x03, 0x40, 0x17, 0x98, 0xF6, 0xC1,
    0x27, 0x96, 0x08, 0x66, 0x33, 0x09, 0xF3, 0x50, 0xBF, 0x98, 0x8E, 0xE2, 0x5B, 0xDC, 0xC1, 0x42,
    0x98, 0xEE, 0x90, 0x85, 0x95, 0x20, 0xC3, 0xC2, 0xF6, 0xF0, 0x86, 0xFF, 0x43, 0x8D, 0x74, 0x3B,
    0xDE, 0x5B, 0xE4, 0xBF, 0x2E, 0x9C, 0xFF, 0x25, 0x27, 0x83, 0xCC, 0x31, 0x55, 0x6B, 0x66, 0x8D,
    0xDB, 0x3C, 0x77, 0xD4, 0x16, 0x83, 0xBA, 0x97, 0xA0, 0xAD, 0x25, 0xA7, 0x35, 0xCD, 0xD5, 0x2A,
    0x6D, 0xD6, 0x60, 0x12, 0x36, 0xC0, 0x23, 0x25, 0xD6, 0xAC, 0xC0, 0x57, 0xDF, 0x1C, 0xE6, 0x5C,
    0x3E, 0x26, 0xC4, 0x4A, 0x4F, 0x17, 0x6C, 0x13, 0xA8, 0x65, 0xEC, 0x9A, 0x3C, 0xFA, 0x4F, 0x4D,
    0xAD, 0x69, 0x24, 0xE4, 0x1B, 0x09, 0x39, 0xA6, 0x92, 0x71, 0x8D, 0xF4, 0x66, 0x4C, 0x0E, 0xBE,
    0x62, 0x52, 0xB4, 0x1D, 0xCD, 0xB9, 0xED, 0x4C, 0x87, 0xBA, 0xB1, 0x8A, 0x76, 0x46, 0xD4, 0x23,
    0xBB, 0x26, 0x5D, 0x2F, 0x15, 0x11, 0x88, 0x20, 0x49, 0x81, 0x40, 0x43, 0x0C, 0x10, 0x16, 0xC2,
    0x0C, 0x36, 0xF0, 0x2C, 0x04, 0x1C, 0x06, 0x1B, 0x16, 0x2E, 0x63, 0x63, 0x40, 0x03, 0xDD, 0x0E,
    0xB7, 0xDA, 0xD5, 0x53, 0x68, 0x55, 0x36, 0x5C, 0x99, 0x7A, 0x72, 0x86, 0x26, 0xAF, 0x18, 0x19,
    0x76, 0x07, 0x33, 0x46, 0xCB, 0x7F, 0x69, 0xB4, 0x5C, 0x1D, 0xAF, 0xBF, 0x5A, 0x00, 0xFA, 0xC8,
    0xAE, 0x3C, 0x51, 0xB0, 0x95, 0xA6, 0xDA, 0x66, 0xCD, 0x8F, 0x84, 0xAA, 0x77, 0xD3, 0xE1, 0x99,
    0x27, 0xB4, 0xEC, 0x95, 0x2E, 0xED, 0x79, 0x8A, 0x22, 0x3C, 0x6B, 0x36, 0xA5, 0x39, 0x06, 0xAB,
    0x24, 0xF3, 0x14, 0x81, 0x8C, 0xF5, 0x90, 0xB9, 0xA9, 0xBB, 0x57, 0x68, 0xD2, 0x9B, 0x0C, 0x68,
    0x26, 0xA1, 0xE5, 0xB1, 0x1A, 0xAD, 0x7E, 0x0A, 0x5E, 0x2A, 0xD3, 0x30, 0x29, 0x59, 0x8A, 0xDE,
    0xEC, 0x7D, 0xAE, 0x1E, 0x70, 0x21, 0x79, 0x31, 0x6A, 0xA2, 0x47, 0xAB, 0xF2, 0x3C, 0xBF, 0xD1,
    0x93, 0xB0, 0xD1, 0x63, 0xB8, 0x1D, 0x3D, 0xC7, 0x5B, 0xD1, 0xA3, 0xA1, 0x05, 0x2D, 0xC0, 0x3D,
    0x3D, 0xEF, 0xC5, 0x2E, 0x28, 0xB8, 0x4C, 0x6B, 0xDC, 0x1D, 0x96, 0x18, 0xED, 0xA0, 0xF3, 0x27,
    0x07, 0x59, 0x66, 0x50, 0xFC, 0x67, 0x28, 0x21, 0x2F, 0x8D, 0x9E, 0x8B, 0x97, 0xFE, 0xC6, 0x68,
    0x30, 0x9C, 0xE5, 0xCB, 0x81, 0x49, 0xDE, 0xA4, 0xF2, 0x70, 0xFE, 0x95, 0x42, 0xF9, 0x43, 0x0A,
    0x85, 0xBA, 0x9B, 0x61, 0x76, 0x71, 0x8D, 0x3C, 0x75, 0x79, 0xCC, 0x7E, 0x87, 0x66, 0xB2, 0x23,
    0x0F, 0x68, 0x2E, 0x2B, 0xCC, 0x51, 0xBA, 0x84, 0xB0, 0xCB, 0x64, 0xC9, 0x67, 0x19, 0xEE, 0xF1,
    0x90, 0xC0, 0x4D, 0xAF, 0x10, 0xD9, 0x60, 0x15, 0x76, 0xCE, 0x03, 0xE6, 0x6D, 0x22, 0xAD, 0xE6,
    0xE1, 0xB1, 0x39, 0xC7, 0x20, 0x68, 0xE4, 0x9A, 0x9B, 0x5E, 0xD3, 0x14, 0xED, 0x55, 0x7C, 0xFF,
    0x6E, 0x05, 0x67, 0xA9, 0x51, 0x6A, 0xEE, 0xA1, 0xF5, 0x51, 0xCB, 0x20, 0x22, 0x75, 0xA0, 0xBD,
    0x7E, 0x1F, 0x61, 0xAC, 0x0F, 0x07, 0xEA, 0x93, 0x67, 0xDC, 0xED, 0x63, 0x54, 0x5F, 0x0E, 0xAC,
    0xF1, 0xD5, 0xE8, 0xBF, 0x93, 0x3C, 0xA8, 0xA2, 0xD8, 0x6A, 0xDD, 0xC9, 0x94, 0xE2, 0x2F, 0x95,
    0x13, 0xCC, 0xB0, 0x9F, 0x49, 0x2E, 0x21, 0x4A, 0x94, 0x48, 0x00, 0xED, 0x5F, 0x42, 0x97, 0xF6,
    0x18, 0xFE, 0x8A, 0xA8, 0x9C, 0xF0, 0x6E, 0x18, 0x83, 0x04, 0x29, 0x88, 0x9F, 0x91, 0xA4, 0x13,
    0x12, 0xE8, 0x0D, 0x0E, 0x59, 0xE3, 0xE0, 0x4D, 0x98, 0x15, 0xDF, 0x73, 0x84, 0x6A, 0x81, 0xCC,
    0x23, 0x31, 0xA7, 0x75, 0x88, 0x38, 0x16, 0x47, 0x72, 0x05, 0xBB, 0x5B, 0xC5, 0x54, 0x9B, 0x32,
    0xC5, 0x63, 0x34, 0xA9, 0x8F, 0x35, 0x20, 0x6F, 0x8A, 0x8A, 0x2A, 0x8D, 0x52, 0x07, 0xA9, 0xE5,
    0x75, 0x14, 0xBA, 0xB5, 0x89, 0x58, 0x73, 0x47, 0xA7, 0x41, 0x6A, 0xF1, 0x2C, 0xE8, 0x35, 0xCD,
    0xD7, 0xA3, 0xCD, 0xF7, 0x91, 0x4B, 0x5F, 0x03, 0x79, 0xF7, 0xEF, 0x0B, 0xA4, 0x5C, 0xB0, 0x4C,
    0x9F, 0x4F, 0x5C, 0xE7, 0xE0, 0x55, 0xDE, 0xDD, 0x27, 0xD9, 0x23, 0x19, 0x1D, 0x91, 0x03, 0x92,
    0x84, 0x04, 0x70, 0x57, 0x00, 0xEB, 0xE0, 0x47, 0xFE, 0x93, 0xAF, 0x60, 0xDF, 0xCD, 0x1B, 0x40,
    0x9D, 0x39, 0xBE, 0x9E, 0xB8, 0x04, 0xBB, 0x7B, 0x4C, 0x68, 0x4C, 0xA0, 0xCC, 0x28, 0xEE, 0x62,
    0x54, 0xBF, 0xB7, 0x91, 0x1D, 0xDC, 0xBB, 0x97, 0xEE, 0x9A, 0xF3, 0x40, 0x6D, 0xFB, 0x30, 0x39,
    0x44, 0xB4, 0x2C, 0xCA, 0x50, 0x06, 0x3E, 0xF9, 0x7C, 0xBB, 0x81, 0xB2, 0xDD, 0xC0, 0x17, 0x60,
    0x33, 0x80, 0x90, 0x15, 0x20, 0xD7, 0x03, 0x2C, 0x54, 0x4A, 0x6A, 0xB5, 0xE7, 0xE1, 0x76, 0x7B,
    0x36, 0xCE, 0x03, 0xEE, 0xC9, 0x39, 0xF9, 0xA9, 0x1B, 0xCC, 0x24, 0xE1, 0xC9, 0x59, 0x87, 0xA7,
    0x67, 0x5F, 0xDE, 0xF8, 0x0E, 0x66, 0xF3, 0x90, 0x22, 0xE7, 0x58, 0xC2, 0xCB, 0x30, 0xA2, 0x25,
    0x58, 0xC3, 0xCD, 0x09, 0xF3, 0x25, 0xAB, 0x9D, 0x21, 0xDF, 0xC2, 0x44, 0xA8, 0xB4, 0x24, 0x6B,
    0x0F, 0xBA, 0xC4, 0x7D, 0x64, 0x8E, 0x12, 0x98, 0xDB, 0x23, 0x07, 0xB0, 0xD3, 0xA9, 0x0D, 0x86,
    0x30, 0x97, 0x68, 0xEB, 0xF0, 0x78, 0xFD, 0x1C, 0xB1, 0xEC, 0x4B, 0x40, 0xBB, 0xFB, 0x85, 0x1E,
    0xCB, 0x98, 0x37, 0x06, 0xA7, 0x54, 0x0B, 0xC8, 0x25, 0x90, 0xB7, 0x10, 0x46, 0x9D, 0xC7, 0xDF,
    0x03, 0x1B, 0x43, 0xF2, 0x52, 0xC0, 0xC8, 0x4F, 0x90, 0xE1, 0x87, 0x13, 0x97, 0xC4, 0x2B, 0xE1,
    0x85, 0xC9, 0x38, 0x68, 0x52, 0x27, 0xF3, 0x0A, 0xB7, 0x0D, 0x76, 0x92, 0x06, 0xF9, 0xFD, 0xDC,
    0xCB, 0xDD, 0x67, 0xFC, 0x7A, 0x45, 0x32, 0x62, 0xFA, 0x0D, 0x16, 0xE9, 0x54, 0x47, 0x07, 0x9A,
    0x29, 0xA0, 0x50, 0xEE, 0xE7, 0xBC, 0xE8, 0x9E, 0xF2, 0x93, 0xE9, 0x27, 0x5D, 0xF4, 0x62, 0x00,
    0x76, 0x34, 0xD4, 0xC9, 0x9E, 0xB1, 0xFB, 0x8F, 0x20, 0xDE, 0x13, 0x10, 0x48, 0xDB, 0x2D, 0x66,
    0xF8, 0x15, 0xD8, 0xE5, 0xFE, 0x84, 0x49, 0xE8, 0x63, 0x15, 0x3D, 0xDF, 0x4A, 0x3C, 0x66, 0xF5,
    0xFA, 0x36, 0x0F, 0x97, 0x99, 0xCD, 0xB9, 0x45, 0x42, 0x12, 0xF2, 0x09, 0x98, 0x8D, 0x57, 0x02,
    0xAB, 0x07, 0x63, 0x1F, 0x8E, 0x35, 0xCB, 0x63, 0xE7, 0x97, 0x2A, 0xFA, 0x1B, 0x3E, 0xD6, 0xC7,
    0xFC, 0xE0, 0x11, 0x26, 0x03, 0x00, 0x9C, 0xF5, 0x4B, 0x31, 0x0C, 0x67, 0xFE, 0x27, 0x4D, 0x81,
    0x0D, 0x6D, 0xFC, 0xF4, 0xE5, 0xEA, 0xBF, 0x20, 0xAD, 0x21, 0xAA, 0xBD, 0x2D, 0xF2, 0x8C, 0x3C,
    0x94, 0xDA, 0x7B, 0xAE, 0xAE, 0x7D, 0xDC, 0x2B, 0x35, 0x9B, 0xDD, 0x18, 0xCF, 0x37, 0x5F, 0x85,
    0x2F, 0xAF, 0xBF, 0x28, 0x5C, 0x2D, 0xC7, 0x5A, 0xB0, 0x02, 0x6F, 0x48, 0xB3, 0xA4, 0xEE, 0x5B,
    0x22, 0xC3, 0xD3, 0x10, 0x8F, 0x87, 0x4C, 0x6A, 0x05, 0x72, 0x09, 0x95, 0xC7, 0x21, 0x58, 0x46,
    0xA5, 0x10, 0x20, 0xC8, 0xAE, 0x99, 0xF3, 0xFC, 0x6A, 0x5F, 0x5F, 0x7E, 0x59, 0x6C, 0x35, 0xFB,
    0x03, 0xEC, 0x1A, 0xD0, 0x52, 0x46, 0xB1, 0x5D, 0x04, 0x99, 0x93, 0xB9, 0xA5, 0x1F, 0x6B, 0x56,
    0x3C, 0x07, 0xC9, 0x5F, 0x05, 0x3E, 0x75, 0x2A, 0xA4, 0x48, 0x2F, 0xFD, 0xDF, 0x8F, 0xE1, 0xB0,
    0x87, 0x08, 0xDD, 0x48, 0x14, 0xF9, 0x3E, 0x8D, 0x70, 0x57, 0x11, 0xE4, 0x2A, 0x62, 0xDE, 0x84,
    0xE8, 0xD7, 0x98, 0x44, 0x87, 0x70, 0x70, 0x97, 0xB9, 0xF9, 0x03, 0xB1, 0xDF, 0xFB, 0x3E, 0x0A,
    0xC1, 0xAA, 0x67, 0x5E, 0xBC, 0x3C, 0x93, 0xCC, 0xF3, 0xE8, 0x75, 0x4E, 0xDF, 0x64, 0x77, 0xB6,
    0x61, 0x3D, 0x87, 0x03, 0x42, 0x95, 0xDF, 0x42, 0xD5, 0x1A, 0x37, 0xD8, 0x3D, 0x42, 0xA9, 0x3D,
    0x23, 0xCC, 0x09, 0x79, 0x8A, 0x57, 0x28, 0xE7, 0x40, 0xF2, 0x10, 0x8F, 0x35, 0x6F, 0x17, 0x48,
    0x4F, 0x89, 0x7A, 0x37, 0x9F, 0xE5, 0x77, 0x4F, 0xCD, 0x8F, 0x07, 0x2B, 0xBA, 0xF2, 0xFA, 0x17,
    0xE6, 0xDF, 0x1A, 0xDD, 0x7F, 0x67, 0xE4, 0x0D, 0x17, 0x5D, 0x8A, 0xFF, 0x43, 0x3F, 0xD0, 0x5D,
    0x82, 0xF2, 0xEE, 0x2F, 0x66, 0xFD, 0x3F, 0x2A, 0xBB, 0x52, 0xAE, 0xC8, 0xF2, 0xA6, 0x2C, 0xAF,
    0xA1, 0xB6, 0x40, 0xED, 0x3B, 0xD2, 0x82, 0x37, 0xA4, 0x27, 0xAF, 0x4B, 0x7D, 0x4B, 0xF6, 0x6E,
    0xCB, 0x6E, 0x5F, 0xCA, 0xAF, 0x3C, 0xCE, 0x9E, 0xC2, 0x35, 0x64, 0xA1, 0x9E, 0x13, 0x30, 0x63,
    0xCA, 0x7E, 0xAD, 0x83, 0x39, 0x45, 0xEC, 0x1C, 0x66, 0x3C, 0x69, 0xB8, 0x69, 0x7C, 0xF4, 0x7E,
    0x3E, 0x5F, 0xC1, 0x41, 0x21, 0x37, 0x37, 0xB7, 0x3E, 0x06, 0x29, 0x68, 0xDF, 0xE5, 0x39, 0xD4,
    0xF7, 0xE3, 0xBF, 0x83, 0x8D, 0x34, 0x3F, 0x1C, 0x12, 0x82, 0xCD, 0x91, 0xB7, 0x96, 0x4E, 0x31,
    0x44, 0xBD, 0x44, 0xF8, 0xBC, 0x41, 0xEC, 0xBD, 0xC5, 0x4A, 0x80, 0x75, 0x10, 0xC1, 0xB0, 0xCF,
    0x13, 0xFF, 0x88, 0x85, 0x40, 0xF8, 0x59, 0x46, 0x79, 0x66, 0xDE, 0xDE, 0xBF, 0x4D, 0xD2, 0x6D,
    0xCD, 0x21, 0xAD, 0xF2, 0x28, 0xD1, 0x8E, 0x8F, 0xF0, 0x24, 0xA9, 0xC2, 0xB1, 0x75, 0x00, 0x0B,
    0x71, 0x18, 0xFA, 0xDD, 0x5C, 0xE7, 0x55, 0x58, 0xBB, 0xCB, 0x35, 0x38, 0xB7, 0x55, 0xD9, 0x35,
    0x33, 0x93, 0xDA, 0xD9, 0xE2, 0xFC, 0x7B, 0xE7, 0xF4, 0x9F, 0x23, 0xD6, 0xA6, 0x83, 0xDF, 0x67,
    0x7A, 0xB5, 0xE0, 0xFF, 0x0B, 0x95, 0x74, 0xDB, 0xFB, 0x99, 0x66, 0x5C, 0xBA, 0x9C, 0x97, 0x6B,
    0xA4, 0x76, 0x33, 0x5D, 0x12, 0x59, 0x44, 0x6E, 0xDE, 0x97, 0x4F, 0x96, 0xDD, 0x80, 0x0E, 0x99,
    0xD8, 0xB3, 0x0C, 0x65, 0xCE, 0x79, 0xC0, 0xD7, 0xA6, 0xD1, 0x6D, 0xD1, 0x73, 0xDF, 0x16, 0x98,
    0x34, 0x83, 0x9B, 0x61, 0x7C, 0x5D, 0x3C, 0xE0, 0xD1, 0x7D, 0xC4, 0x63, 0x08, 0x54, 0xD7, 0x4E,
    0xCC, 0x40, 0x47, 0x1C, 0x40, 0x9A, 0xD0, 0xC4, 0x4F, 0x65, 0x83, 0x54, 0x75, 0x89, 0xDA, 0x5F,
    0xA1, 0x80, 0x54, 0x36, 0x3B, 0x94, 0x4D, 0x4E, 0xD9, 0xB0, 0x28, 0x67, 0x65, 0x12, 0xA8, 0x6C,
    0x7E, 0xC0, 0xE9, 0x7F, 0x2E, 0xE6, 0x95, 0xBF, 0x16, 0x57, 0xE6, 0x5D, 0x1F, 0x85, 0x69, 0x04,
    0x64, 0x9B, 0x57, 0x02, 0x62, 0x52, 0xE2, 0xF0, 0xAF, 0xC8, 0xDE, 0x70, 0xF2, 0x4F, 0x1C, 0x47,
    0x60, 0xCC, 0xB7, 0x8A, 0xD3, 0xE0, 0xF6, 0x22, 0x2A, 0xA4, 0x0B, 0xFA, 0x86, 0x6D, 0x64, 0xA6,
    0x73, 0xDB, 0x7F, 0x21, 0x88, 0x4C, 0x5D, 0xA6, 0xFF, 0x5D, 0x50, 0xCA, 0x2C, 0x38, 0x5C, 0x46,
    0x49, 0xB5, 0x93, 0x30, 0x60, 0x6A, 0xFA, 0xCE, 0xE4, 0x6A, 0x49, 0x8B, 0x88, 0x23, 0x94, 0xD3,
    0x43, 0xDE, 0x13, 0x2F, 0xB1, 0x2B, 0xFE, 0x2B, 0x84, 0x9B, 0xF2, 0x35, 0x51, 0x5F, 0x5F, 0xF4,
    0x32, 0x65, 0xAB, 0x8E, 0xBD, 0xBE, 0xAE, 0xF5, 0x54, 0x6E, 0xD8, 0xCE, 0xC0, 0x5B, 0x77, 0x34,
    0xBB, 0x64, 0xA6, 0x77, 0xF7, 0xEA, 0xAD, 0x8F, 0xFC, 0x99, 0x35, 0xEF, 0x3B, 0xF9, 0xFA, 0xB8,
    0xD4, 0xE7, 0xBA, 0x9A, 0xCB, 0xAD, 0xE9, 0x7B, 0x82, 0xFD, 0xC9, 0x8B, 0x0A, 0xC3, 0x4B, 0x57,
    0x5F, 0x79, 0x73, 0xE8, 0x2E, 0x3F, 0x88, 0xC5, 0xD7, 0xF5, 0xE2, 0x84, 0x0B, 0x0E, 0x3E, 0xD0,
    0x07, 0xD7, 0x74, 0x92, 0xAE, 0x4E, 0xA8, 0xBC, 0x2F, 0xB6, 0x22, 0xE3, 0x01, 0x66, 0xE1, 0x37,
    0xA8, 0x23, 0xAE, 0x21, 0xD5, 0x8F, 0x6F, 0xB0, 0x12, 0xE5, 0x7F, 0x0F, 0xC9, 0xAF, 0x00, 0xED,
    0x7D, 0x6F, 0x6C, 0x24, 0xD7, 0x7D, 0xD8, 0x9B, 0x19, 0x92, 0x43, 0x72, 0x48, 0xCE, 0xA2, 0xB8,
    0x0B, 0xAE, 0x3A, 0x92, 0xCB, 0x02, 0x4C, 0xC0, 0xA8, 0x3C, 0xEE, 0x16, 0x25, 0x6C, 0xD6, 0xE1,
    0xDD, 0x8C, 0xA4, 0x02, 0xFA, 0xE0, 0xA0, 0x22, 0x1A, 0x9D, 0x3E, 0xE4, 0x3E, 0x98, 0x05, 0x5C,
    0x40, 0xB5, 0xD3, 0x90, 0x40, 0x2F, 0x01, 0xD5, 0xDC, 0xDD, 0x8E, 0xE4, 0xC2, 0x46, 0xE1, 0x02,
    0x61, 0x03, 0xC9, 0xFD, 0x12, 0x17, 0xFC, 0x60, 0xB7, 0xD5, 0xA9, 0xF0, 0x2D, 0x50, 0x36, 0x3D,
    0x15, 0xD4, 0xED, 0xC8, 0x42, 0xE3, 0x0F, 0xFA, 0xD0, 0x71, 0x02, 0xA7, 0x45, 0x9C, 0x56, 0x23,
    0xFB, 0xE4, 0x34, 0xBA, 0xB4, 0x37, 0x0E, 0xD6, 0xD1, 0xF2, 0xBC, 0xBB, 0xD3, 0xDF, 0x9F, 0xF7,
    0xDE, 0xCC, 0x2C, 0xC9, 0xD3, 0x49, 0xA2, 0xF8, 0xE7, 0x8E, 0x4B, 0xEE, 0x9B, 0xE1, 0x72, 0xF6,
    0xCD, 0xFB, 0xFD, 0xDE, 0xEF, 0xFD, 0xFE, 0xBF, 0xDF, 0x08, 0x91, 0x7B, 0xD5, 0x22, 0x3A, 0x98,
    0x69, 0x9B, 0x8E, 0x6E, 0xF7, 0x12, 0x1D, 0x2B, 0x3E, 0xFF, 0xFB, 0xB2, 0xBC, 0x2C, 0x91, 0xC7,
    0xA6, 0x10, 0x67, 0xE0, 0x60, 0x74, 0x84, 0xD1, 0xC2, 0x63, 0x1A, 0xAD, 0x34, 0xF1, 0xF3, 0x34,
    0x4D, 0xA9, 0x23, 0x2F, 0x6D, 0x09, 0x3E, 0x06, 0xE2, 0xF4, 0xF5, 0xEB, 0x37, 0x52, 0xF8, 0x6F,
    0x03, 0xFE, 0xD9, 0xC5, 0x5B, 0xC1, 0x71, 0x1D, 0xFF, 0x79, 0xF1, 0xE2, 0x52, 0x6E, 0x04, 0xD3,
    0x7C, 0x30, 0xE0, 0xCA, 0x0B, 0x70, 0xD7, 0x72, 0x84, 0xDF, 0xB8, 0x7E, 0xA3, 0xCB, 0xBD, 0x42,
    0x07, 0xE6, 0x6B, 0x7F, 0x4A, 0x1D, 0x38, 0xD0, 0xE7, 0x45, 0x1C, 0x63, 0xCA, 0xDF, 0x58, 0x94,
    0x1D, 0x4C, 0xA9, 0x9E, 0x1E, 0x0B, 0xE8, 0x90, 0xD2, 0x88, 0x6C, 0x86, 0xC8, 0xFD, 0x7E, 0x97,
    0xC6, 0x13, 0x5C, 0xA0, 0x83, 0x7F, 0x81, 0x81, 0x3E, 0x4F, 0x7F, 0x75, 0xB7, 0xF0, 0x50, 0x4E,
    0xBB, 0x4B, 0xA2, 0x7F, 0xD3, 0xC4, 0xBB, 0xA5, 0x89, 0x18, 0x80, 0xF6, 0x9E, 0x2F, 0x76, 0x7B,
    0xD9, 0x0C, 0x9C, 0xA8, 0x74, 0xF9, 0xD8, 0xE0, 0x91, 0x98, 0xF7, 0xF8, 0xE8, 0xF8, 0x65, 0x3A,
    0x4E, 0x88, 0x31, 0x3A, 0xCE, 0x0B, 0xBA, 0x8D, 0xBF, 0x31, 0x40, 0xDF, 0xDB, 0x7E, 0x3F, 0x8D,
    0xE1, 0x60, 0x41, 0xFF, 0xD8, 0x7D, 0x25, 0x4D, 0x6F, 0xC3, 0xE1, 0x6C, 0xFA, 0x43, 0xC0, 0xC6,
    0x97, 0x1A, 0x69, 0x67, 0x00, 0xFE, 0x1A, 0x68, 0x6C, 0xFB, 0x46, 0xE1, 0x9E, 0x41, 0x76, 0x1A,
    0xA9, 0x13, 0xE3, 0x89, 0x58, 0x9D, 0x5A, 0x2F, 0xCA, 0xD3, 0x53, 0xC2, 0x8A, 0x37, 0xF8, 0x34,
    0x05, 0x14, 0x85, 0x72, 0x5A, 0xA3, 0x39, 0x79, 0x0A, 0xB7, 0x6D, 0x35, 0x24, 0x18, 0x4E, 0x9A,
    0xF4, 0xF1, 0xA9, 0x63, 0xC8, 0x7F, 0xC3, 0xA9, 0xE8, 0x57, 0x9D, 0xBA, 0xD9, 0x3D, 0x9D, 0x0C,
    0x13, 0x4E, 0x98, 0x9D, 0xEA, 0xFB, 0x8B, 0x4A, 0x07, 0xDB, 0x6B, 0xAF, 0xF8, 0xFD, 0x97, 0x52,
    0xEA, 0xCB, 0x21, 0x3C, 0xD6, 0xE8, 0xE2, 0xB3, 0x38, 0x81, 0x2E, 0x83, 0xD0, 0xFF, 0xA5, 0x6F,
    0x67, 0xDD, 0xFA, 0xA2, 0x23, 0x06, 0x42, 0x2B, 0xFD, 0x79, 0x2A, 0x26, 0x6A, 0x40, 0x33, 0x53,
    0x76, 0x2A, 0x01, 0x7D, 0x95, 0xDA, 0xEF, 0xC8, 0x21, 0x89, 0x7F, 0x01, 0xC3, 0x15, 0xBF, 0xF5,
    0x97, 0x30, 0x7E, 0xBF, 0x06, 0xF3, 0x6A, 0x85, 0x88, 0x52, 0x33, 0x1C, 0x47, 0x2C, 0x44, 0x23,
    0x78, 0x51, 0x3C, 0x48, 0x04, 0x3A, 0x24, 0x00, 0xA4, 0xD5, 0x3E, 0x01, 0x77, 0x9B, 0xEF, 0x13,
    0x95, 0x96, 0x58, 0x00, 0x7A, 0x9A, 0x15, 0xB3, 0x42, 0xC0, 0x24, 0x8F, 0x13, 0xB9, 0x8E, 0x0A,
    0x2B, 0x41, 0xE0, 0xEC, 0x18, 0xBB, 0x76, 0x61, 0x84, 0xB6, 0x5F, 0x86, 0xDB, 0x5A, 0x81, 0x87,
    0x08, 0x0A, 0xAF, 0x51, 0xD7, 0x44, 0x36, 0xDF, 0xA7, 0x19, 0xFB, 0x31, 0x91, 0xFD, 0x7F, 0x21,
    0x60, 0x19, 0x20, 0x8F, 0x46, 0xE9, 0xD1, 0xE8, 0xE6, 0xA8, 0x3D, 0xB3, 0x73, 0xCC, 0x01, 0x8E,
    0xD9, 0xF2, 0x71, 0xCC, 0x83, 0xD4, 0xF1, 0x18, 0x75, 0x8C, 0x37, 0x34, 0x22, 0x13, 0x7B, 0x88,
    0x4D, 0x1A, 0x73, 0x1F, 0x8D, 0x79, 0x8C, 0xC6, 0xEC, 0x26, 0x38, 0x66, 0x63, 0xE3, 0xA0, 0xC6,
    0x9C, 0x7B, 0x5D, 0x55, 0x64, 0xC3, 0x74, 0x42, 0x97, 0xDB, 0xEE, 0x77, 0xF1, 0x3A, 0xE7, 0xE9,
    0xBB, 0x42, 0xD4, 0x81, 0x9E, 0xBA, 0x38, 0x02, 0x07, 0xD6, 0xD4, 0xCD, 0x10, 0xA8, 0x2A, 0x16,
    0x06, 0x5C, 0x65, 0xC0, 0x29, 0x1F, 0x2C, 0x38, 0x98, 0x3E, 0x1D, 0x6C, 0x1C, 0x95, 0x10, 0x93,
    0x70, 0x68, 0x12, 0x1C, 0x46, 0xD7, 0x3F, 0x9B, 0x64, 0x2C, 0xC2, 0x4B, 0xE9, 0x3E, 0x2E, 0xAF,
    0x52, 0xF1, 0x8F, 0xB3, 0x61, 0xF4, 0x21, 0x24, 0xE2, 0x1C, 0x7D, 0x1F, 0xC6, 0x6C, 0xFB, 0xC2,
    0x8B, 0x91, 0x14, 0x6B, 0x31, 0xF6, 0xE6, 0x45, 0x88, 0x17, 0x40, 0xC0, 0x22, 0xDD, 0xF1, 0x72,
    0x8E, 0x2D, 0x11, 0xAC, 0x26, 0xAD, 0x0E, 0x8B, 0x20, 0xB6, 0x03, 0x39, 0x13, 0x9A, 0x96, 0x27,
    0x72, 0x1C, 0x63, 0x81, 0xDA, 0xCD, 0xAC, 0x03, 0x83, 0x3B, 0x08, 0xB3, 0x0E, 0x98, 0xEA, 0xF9,
    0xAB, 0x93, 0x22, 0x80, 0x95, 0x79, 0x4E, 0x34, 0x81, 0xFE, 0x17, 0x8D, 0xAE, 0x9B, 0x88, 0x35,
    0x33, 0x7D, 0xA6, 0x2D, 0x12, 0x2B, 0x2D, 0xB7, 0x44, 0x6C, 0xA4, 0x6E, 0x13, 0xEE, 0x7D, 0xC1,
    0x48, 0xE0, 0xAB, 0xFD, 0x62, 0xCA, 0xCC, 0xB3, 0x0E, 0x06, 0x49, 0xC2, 0x24, 0x81, 0x92, 0x50,
    0x49, 0xB0, 0x24, 0x5C, 0x12, 0xB0, 0x0C, 0x32, 0xC5, 0x71, 0x79, 0xA1, 0x31, 0x70, 0x72, 0x70,
    0x12, 0x3C, 0x09, 0x9F, 0x5A, 0xAC, 0x13, 0x05, 0xA6, 0xC8, 0x30, 0x4A, 0x20, 0x65, 0x5F, 0x86,
    0xEC, 0x2B, 0xCC, 0xF7, 0x25, 0xD7, 0xB7, 0xEC, 0x64, 0xD2, 0x04, 0x00, 0x60, 0xBC, 0x76, 0x78,
    0xDE, 0x8A, 0xC4, 0xA2, 0xD3, 0xAC, 0x3D, 0xDD, 0x12, 0x6B, 0x6E, 0xBB, 0xF1, 0x36, 0xC0, 0xEB,
    0xB6, 0xD3, 0xFF, 0xDE, 0x16, 0xB1, 0xD3, 0x6A, 0x7C, 0xAD, 0x6D, 0x46, 0x46, 0xB3, 0xEC, 0xB7,
    0xA0, 0x93, 0x29, 0x43, 0x9C, 0xD2, 0x30, 0xC3, 0xD1, 0x84, 0xBB, 0xD8, 0xB8, 0x52, 0x93, 0x22,
    0xF3, 0x12, 0xC0, 0xE5, 0x90, 0xA0, 0xAD, 0x0E, 0xB2, 0x08, 0xB8, 0x63, 0x23, 0x10, 0xA3, 0xE5,
    0x50, 0x94, 0x41, 0x02, 0x95, 0x81, 0xA0, 0xCA, 0x6D, 0x40, 0x4B, 0x73, 0x59, 0x18, 0x7E, 0x84,
    0xAC, 0xE6, 0xF4, 0x73, 0x69, 0xE0, 0x01, 0xD5, 0x79, 0x40, 0x27, 0x5E, 0x37, 0x8F, 0x53, 0x38,
    0x37, 0x68, 0x6D, 0xC9, 0x77, 0x90, 0xBD, 0x11, 0x34, 0x43, 0xBD, 0x03, 0xBE, 0x4E, 0xA2, 0xD1,
    0x0A, 0x1C, 0x40, 0xD1, 0x22, 0x20, 0xE6, 0x32, 0xFC, 0xAC, 0x2D, 0x79, 0x2D, 0xAF, 0x53, 0xE9,
    0xBA, 0x1D, 0xB3, 0xC9, 0xCC, 0x13, 0x24, 0x9A, 0xDD, 0x81, 0x41, 0x88, 0xDA, 0x06, 0x08, 0x39,
    0x80, 0x0B, 0xB0, 0x3B, 0xA2, 0x65, 0xCB, 0x63, 0xB2, 0x23, 0x23, 0x95, 0x8C, 0xCF, 0x91, 0xE4,
    0x2B, 0xCA, 0x7F, 0xC4, 0x82, 0x13, 0xD6, 0x97, 0x3C, 0xA9, 0xF9, 0xB4, 0x9E, 0x0C, 0xBF, 0x16,
    0x93, 0xB0, 0xA9, 0x00, 0x0C, 0xB7, 0x90, 0x17, 0x76, 0x90, 0x35, 0xBE, 0x7F, 0xF1, 0xB5, 0x34,
    0x62, 0x99, 0x48, 0x5D, 0x18, 0x37, 0xD2, 0xF4, 0xBD, 0xC2, 0x6A, 0x34, 0x88, 0x8B, 0xBB, 0xC4,
    0x56, 0xBD, 0xED, 0x6C, 0x7D, 0xD2, 0x9D, 0x0D, 0xC2, 0xA8, 0x45, 0xA0, 0x02, 0x2D, 0x95, 0x7D,
    0x58, 0x96, 0x46, 0x17, 0x57, 0xED, 0x8D, 0x16, 0x0E, 0x8F, 0x16, 0x6F, 0x85, 0x46, 0x62, 0xD3,
    0x17, 0x5C, 0x3F, 0xA3, 0x8A, 0x3A, 0xB5, 0x34, 0xEF, 0xA6, 0xEA, 0x07, 0x5E, 0x43, 0xD4, 0x02,
    0xB0, 0x95, 0x26, 0xB4, 0x06, 0x20, 0xFD, 0x0C, 0x8E, 0xD4, 0x9F, 0x11, 0x95, 0x57, 0x6A, 0xE1,
    0x0C, 0xAC, 0x61, 0x3B, 0x5C, 0x04, 0xE2, 0x31, 0xC3, 0x45, 0x40, 0xB2, 0x11, 0x9D, 0x73, 0x11,
    0xC3, 0x95, 0x71, 0x1C, 0x44, 0xB9, 0x8E, 0x98, 0x77, 0x91, 0x39, 0xF9, 0x6E, 0x0B, 0x81, 0x05,
    0x46, 0x6E, 0xB4, 0x49, 0x08, 0x40, 0x6F, 0xB4, 0xE6, 0xA7, 0x3D, 0x14, 0x78, 0xC0, 0xE1, 0x5B,
    0x48, 0x10, 0xA7, 0x7D, 0x9A, 0x42, 0x7A, 0x2D, 0x0B, 0xA7, 0x2D, 0xE6, 0xAE, 0x88, 0xFA, 0xCC,
    0xDF, 0xFA, 0x61, 0xD2, 0x48, 0xFD, 0xDF, 0xF1, 0xC5, 0x2A, 0x7E, 0xAA, 0xE5, 0x6D, 0x2C, 0xE6,
    0x96, 0x4B, 0x30, 0x65, 0xDE, 0x56, 0x2D, 0x5D, 0xFF, 0xCC, 0xCB, 0xA2, 0xAA, 0x66, 0xA4, 0xFF,
    0x59, 0x31, 0x08, 0x02, 0x74, 0xF4, 0xF1, 0xC6, 0xF6, 0x18, 0xCC, 0x97, 0x03, 0xB8, 0xB0, 0x46,
    0x41, 0x7C, 0xCE, 0x03, 0xC7, 0x84, 0x2E, 0x16, 0x37, 0x84, 0x91, 0x04, 0x46, 0x23, 0xC4, 0xA9,
    0x85, 0xD5, 0xDB, 0xE7, 0x18, 0xCD, 0x71, 0xE1, 0xB6, 0x27, 0xC4, 0xC2, 0xEC, 0xA8, 0x08, 0x2F,
    0x0F, 0xFF, 0xF6, 0xDD, 0xA8, 0xBF, 0xB1, 0x2D, 0x46, 0x5E, 0x87, 0xA5, 0x02, 0x34, 0x97, 0x2C,
    0x19, 0x2B, 0x70, 0xED, 0x3F, 0xC9, 0xCF, 0x03, 0xA1, 0xC5, 0x9F, 0xB8, 0x28, 0xFA, 0x6F, 0x84,
    0xE3, 0x70, 0xAF, 0x34, 0x9C, 0x15, 0xCF, 0xBD, 0xFA, 0x0F, 0x63, 0x5A, 0x9F, 0x29, 0x2D, 0xA9,
    0x9A, 0xA4, 0x6F, 0x83, 0xC8, 0x0F, 0xA8, 0x11, 0x16, 0x02, 0xD2, 0x5C, 0xC0, 0xBF, 0xCF, 0x8B,
    0xAF, 0x74, 0xC4, 0x37, 0x27, 0x45, 0x34, 0x64, 0xBC, 0xB8, 0x79, 0x23, 0x0D, 0xE6, 0x5E, 0x96,
    0xF4, 0x2B, 0x17, 0x46, 0x4F, 0x13, 0xEE, 0x6C, 0x96, 0xF1, 0x1F, 0x4D, 0xA4, 0xE4, 0x16, 0x34,
    0x4E, 0x9F, 0x4F, 0x1C, 0x55, 0x38, 0x91, 0xD2, 0x9B, 0xAA, 0x44, 0x25, 0xF7, 0xAE, 0x5F, 0x5F,
    0x07, 0x51, 0xBB, 0x9D, 0x71, 0x9D, 0x31, 0x6A, 0xF9, 0x05, 0x73, 0x0D, 0xF4, 0x8C, 0x6B, 0x82,
    0x7E, 0x0D, 0xA2, 0x9C, 0x39, 0xF1, 0x4B, 0x2D, 0x31, 0x80, 0x63, 0x1D, 0xA6, 0x9E, 0x0C, 0xDF,
    0x0A, 0xEC, 0xC0, 0x0A, 0x87, 0xFC, 0x69, 0x38, 0x1F, 0x56, 0x93, 0x10, 0x59, 0x61, 0xB6, 0x6E,
    0x36, 0xE1, 0xE7, 0x5A, 0xD3, 0x6B, 0x7B, 0x9D, 0x72, 0x07, 0x54, 0x21, 0x02, 0xC4, 0x58, 0xB7,
    0x9B, 0x6E, 0xDB, 0x69, 0xC1, 0xB2, 0x47, 0xF5, 0x01, 0x30, 0x6E, 0xC1, 0x1A, 0x71, 0xDE, 0x85,
    0x05, 0x0D, 0x7D, 0x2C, 0xC2, 0xAA, 0x9F, 0x07, 0xE8, 0xAA, 0x70, 0x31, 0xD2, 0x20, 0xD0, 0xAB,
    0xB0, 0x23, 0x56, 0xF6, 0xC4, 0x15, 0xFC, 0x40, 0xF2, 0x31, 0x2B, 0x00, 0xCC, 0xBD, 0x05, 0x48,
    0xFD, 0x63, 0xF8, 0xCF, 0xEF, 0xC0, 0xDB, 0x4B, 0x94, 0xC2, 0x71, 0x13, 0x24, 0x88, 0xB0, 0x80,
    0xC6, 0xDB, 0x72, 0xF2, 0xC7, 0x44, 0xE2, 0x7D, 0xB7, 0x53, 0x7B, 0xAB, 0x5D, 0x79, 0xA2, 0x35,
    0x00, 0x1F, 0xC1, 0xE2, 0x34, 0xEF, 0x25, 0xC2, 0x09, 0x66, 0x81, 0xFC, 0xC6, 0xC4, 0x05, 0xE8,
    0xF4, 0x9A, 0xA8, 0x89, 0x86, 0x91, 0x8A, 0xC6, 0x53, 0xF0, 0xFE, 0x6E, 0x07, 0x14, 0xBE, 0x65,
    0xEA, 0xD1, 0x85, 0x9E, 0x6D, 0xE8, 0xC7, 0x68, 0xCB, 0x65, 0x85, 0x1C, 0x78, 0x58, 0x90, 0xD4,
    0xA2, 0xF7, 0x40, 0x8E, 0x00, 0x70, 0x6C, 0x5E, 0xC8, 0xEF, 0x4A, 0xC6, 0x81, 0x98, 0x63, 0x54,
    0x58, 0xFD, 0xC5, 0x73, 0x7B, 0x7B, 0x55, 0x82, 0x26, 0xC4, 0x5A, 0x4E, 0x20, 0xB1, 0x3C, 0x61,
    0x69, 0x4A, 0xFF, 0xA4, 0x69, 0x13, 0x0E, 0x71, 0x33, 0x8B, 0x97, 0x6A, 0x83, 0xD5, 0xE6, 0x2F,
    0x47, 0x19, 0x97, 0x67, 0xA8, 0x49, 0x55, 0x3B, 0x8B, 0xC3, 0xFC, 0x05, 0xC0, 0x67, 0x8D, 0x14,
    0xE0, 0x72, 0x8A, 0xEC, 0xC7, 0xE0, 0x79, 0xEE, 0xCF, 0x34, 0x30, 0xE8, 0x08, 0xBA, 0xB1, 0xE0,
    0xED, 0x7C, 0x2D, 0x04, 0x0C, 0xF8, 0x24, 0x51, 0x16, 0x49, 0xDF, 0x15, 0xBE, 0x77, 0xEF, 0xCB,
    0x81, 0x0B, 0x42, 0xD7, 0x68, 0x34, 0x91, 0x39, 0x11, 0x73, 0x46, 0x70, 0xA4, 0xDE, 0x2D, 0xBE,
    0xF8, 0xD8, 0xAB, 0xCF, 0x35, 0x12, 0x54, 0xCE, 0xFD, 0x06, 0x2A, 0xE8, 0xE7, 0x51, 0x3B, 0x9F,
    0xED, 0x55, 0x7D, 0x35, 0x85, 0x22, 0x1D, 0x31, 0x6C, 0x96, 0x6E, 0x68, 0xE0, 0xD4, 0x90, 0x8C,
    0x61, 0x41, 0x93, 0xEC, 0xD2, 0xD4, 0xB5, 0x50, 0xBA, 0xAC, 0xB1, 0xB5, 0xB0, 0x4B, 0x33, 0xAF,
    0x69, 0xBB, 0x5A, 0xD0, 0xF0, 0x61, 0xA5, 0x3A, 0xC9, 0x44, 0x7D, 0x41, 0x78, 0x17, 0x2B, 0xED,
    0x4A, 0xB4, 0xA6, 0xA6, 0x04, 0x38, 0x99, 0x8D, 0xEA, 0x11, 0xFC, 0x38, 0xBE, 0xE3, 0xDB, 0x44,
    0xCA, 0xFC, 0x63, 0x86, 0x20, 0xAB, 0x22, 0x18, 0x92, 0xFA, 0x89, 0x00, 0x8C, 0x30, 0x2F, 0x99,
    0xAE, 0xB0, 0x41, 0x03, 0xB0, 0xFC, 0x47, 0xA2, 0x2E, 0xB2, 0x1A, 0x90, 0x50, 0x51, 0x4D, 0x27,
    0x95, 0x7F, 0x72, 0x37, 0x73, 0x00, 0x57, 0x08, 0xD1, 0x11, 0xD2, 0x26, 0x5C, 0x8C, 0x5F, 0x6B,
    0xC0, 0x85, 0x63, 0x38, 0x1F, 0xE5, 0x06, 0x36, 0xA8, 0x0F, 0x93, 0x2A, 0x6E, 0xFF, 0x35, 0xA2,
    0xE9, 0xC9, 0x40, 0x71, 0x5E, 0xCB, 0x57, 0xDC, 0x17, 0x89, 0x0E, 0x94, 0x3C, 0x21, 0x51, 0xBE,
    0x46, 0x30, 0x2A, 0xEE, 0x5D, 0x09, 0x45, 0x09, 0xA8, 0x18, 0x3A, 0x6A, 0xE7, 0x64, 0xCF, 0x27,
    0x02, 0x78, 0x77, 0x04, 0xB2, 0x4C, 0xE3, 0x4B, 0x2A, 0xAC, 0x18, 0xFC, 0x41, 0x90, 0xB3, 0x39,
    0x8C, 0xED, 0x2F, 0xB2, 0xC1, 0xC3, 0x9A, 0x44, 0x83, 0xF0, 0x61, 0xC6, 0x8A, 0xF9, 0x09, 0x93,
    0x0D, 0xA3, 0x0A, 0x1F, 0xD8, 0x06, 0xB4, 0xB7, 0x69, 0x8E, 0x79, 0x5D, 0x10, 0x35, 0x06, 0x44,
    0x05, 0xC8, 0x23, 0x43, 0x82, 0x1E, 0xD7, 0xC6, 0x10, 0xAB, 0x33, 0x23, 0xCC, 0x17, 0x40, 0x31,
    0xB5, 0x61, 0x79, 0x2C, 0xF0, 0xFA, 0x98, 0x27, 0xA3, 0x31, 0xA2, 0x6E, 0x2E, 0xC5, 0x37, 0xE9,
    0x66, 0xD1, 0x16, 0xAF, 0x91, 0x1A, 0x8F, 0x03, 0xB4, 0x27, 0xB4, 0x40, 0xBC, 0xEE, 0xD2, 0x25,
    0x40, 0x8F, 0x9B, 0x92, 0x6D, 0x85, 0x16, 0xD6, 0x6D, 0xFA, 0xEE, 0xB6, 0xD2, 0x3C, 0x90, 0x88,
    0xAA, 0xAB, 0xF5, 0x24, 0xD9, 0xDC, 0x5C, 0x5B, 0x5B, 0x84, 0xD7, 0xEC, 0xB9, 0x89, 0xC9, 0x31,
    0x78, 0x8D, 0x8E, 0x8C, 0x0C, 0xF6, 0xCE, 0x6C, 0x49, 0x14, 0x94, 0x28, 0xB1, 0x28, 0x59, 0xE9,
    0x79, 0x79, 0xE5, 0x79, 0x49, 0x8F, 0xA3, 0x55, 0x79, 0x5C, 0xE5, 0xE3, 0xF8, 0x4D, 0x46, 0x48,
    0xEB, 0x16, 0x1D, 0x57, 0x12, 0x34, 0xAE, 0x8D, 0x95, 0x34, 0xF4, 0xD2, 0xEB, 0xD7, 0x71, 0x05,
    0xD3, 0xF8, 0x60, 0x99, 0x92, 0xA9, 0xC9, 0xC6, 0x5F, 0xFA, 0x2D, 0x71, 0xDF, 0x97, 0x2D, 0x49,
    0xCF, 0x95, 0xC6, 0x5F, 0x39, 0x2C, 0x7E, 0xAE, 0x5E, 0x23, 0xAE, 0xF0, 0x6A, 0x61, 0xAD, 0xE1,
    0x97, 0x87, 0x73, 0x9F, 0xAE, 0xE3, 0xCC, 0xD8, 0x78, 0x63, 0x1F, 0xE8, 0x70, 0xAE, 0x11, 0xCE,
    0x3B, 0xD1, 0xAA, 0x19, 0x03, 0x55, 0x24, 0x66, 0x94, 0x36, 0xC2, 0x06, 0x2A, 0x59, 0xA2, 0xDC,
    0xEA, 0x81, 0x7C, 0x59, 0xD2, 0x45, 0x87, 0xED, 0x5C, 0xA3, 0x23, 0x55, 0x9B, 0x9B, 0xD3, 0x7C,
    0x49, 0xE9, 0x90, 0x90, 0xA3, 0x44, 0x9A, 0xA4, 0x29, 0xE2, 0xCC, 0xF9, 0xBF, 0x95, 0xE5, 0x5C,
    0x9A, 0x97, 0xE3, 0x95, 0xE3, 0x4F, 0x3B, 0xFC, 0x77, 0xFB, 0x0A, 0x8F, 0x7D, 0xEA, 0x50, 0xC6,
    0x7F, 0xDA, 0x67, 0xBF, 0x44, 0xFA, 0xEA, 0xAF, 0xAF, 0xF3, 0xD5, 0x21, 0xB2, 0x74, 0x14, 0x04,
    0xA7, 0x44, 0xAD, 0xFB, 0x72, 0xB6, 0xB2, 0xAC, 0x66, 0x1E, 0x2C, 0x9E, 0x0C, 0x43, 0x9A, 0x00,
    0xFC, 0x99, 0x9C, 0xE4, 0xF1, 0x82, 0x0B, 0xA5, 0xCA, 0x92, 0x67, 0x55, 0x98, 0x38, 0x5F, 0x1B,
    0xC2, 0x6A, 0xD1, 0x81, 0xB8, 0x6E, 0x52, 0xB0, 0x2A, 0xA4, 0xF2, 0xBA, 0x55, 0xB0, 0xFF, 0x3C,
    0xEE, 0xBA, 0x12, 0x4B, 0x4F, 0x90, 0x34, 0x07, 0x61, 0x0D, 0x19, 0x4B, 0xAC, 0xB0, 0x06, 0x34,
    0x5E, 0x84, 0x6D, 0x45, 0x2E, 0x2D, 0xE3, 0xA0, 0x00, 0x13, 0x04, 0x18, 0xBD, 0x36, 0x0A, 0x87,
    0x4F, 0x13, 0x30, 0xFD, 0x92, 0x96, 0x13, 0x2F, 0x03, 0xAB, 0x55, 0xF4, 0x89, 0x1D, 0xF0, 0x14,
    0x1F, 0x0A, 0x26, 0x70, 0x51, 0x20, 0xE1, 0xA3, 0x30, 0x43, 0xDD, 0x17, 0x59, 0x06, 0x09, 0xBF,
    0x0B, 0xD2, 0x78, 0xCC, 0x9B, 0x62, 0xB5, 0xE0, 0x9F, 0x93, 0x32, 0xD1, 0x15, 0x68, 0x04, 0xA4,
    0x79, 0xEB, 0x0D, 0x85, 0x5C, 0x4D, 0xAA, 0x37, 0xE7, 0x7A, 0x90, 0xB7, 0x5F, 0xF7, 0x60, 0x86,
    0x9F, 0xF0, 0x9B, 0xDC, 0x94, 0x2D, 0x29, 0xE5, 0x17, 0x25, 0x3E, 0x47, 0xE4, 0x71, 0x46, 0xAA,
    0x1A, 0x70, 0x1D, 0x98, 0xBB, 0xE4, 0x5D, 0x01, 0x0C, 0xA1, 0x3D, 0x05, 0xF7, 0x06, 0xC9, 0x23,
    0x8C, 0x6F, 0xE7, 0x49, 0x00, 0xE7, 0x9F, 0x26, 0xBF, 0x77, 0xE6, 0x3F, 0x8D, 0xFB, 0x99, 0xDA,
    0xC3, 0x27, 0x41, 0x1B, 0xB4, 0x25, 0xB7, 0x1B, 0x55, 0x27, 0x95, 0x27, 0xA5, 0x50, 0xAF, 0xA5,
    0x4C, 0x77, 0x26, 0xFB, 0x56, 0x84, 0x7B, 0xE3, 0x7B, 0xCC, 0xF1, 0x80, 0xEF, 0x33, 0x0B, 0x72,
    0x3A, 0x72, 0x26, 0xAD, 0x48, 0xF6, 0x4D, 0x8A, 0xE9, 0x88, 0x3A, 0x19, 0x54, 0x9A, 0xC9, 0xB4,
    0xBA, 0xE3, 0xBC, 0xD2, 0x50, 0xF4, 0xC9, 0x82, 0x22, 0xCA, 0x45, 0xA5, 0xAD, 0xE0, 0xE0, 0x59,
    0x1B, 0xDE, 0x7E, 0xAE, 0xC1, 0xE6, 0xA6, 0x74, 0x6E, 0x92, 0xBB, 0x51, 0x0E, 0xAE, 0xBB, 0x9B,
    0xF6, 0xA4, 0xD7, 0x97, 0xA5, 0xBC, 0x9A, 0xAE, 0xC2, 0xAA, 0x1D, 0xE5, 0x4C, 0x7D, 0xE6, 0xFB,
    0xA3, 0xF2, 0x64, 0xCE, 0x2B, 0x42, 0x0C, 0x43, 0x28, 0xCB, 0x7F, 0x0D, 0xDE, 0x4F, 0x8A, 0x3E,
    0xE4, 0xC8, 0x2C, 0xBE, 0x9C, 0x8E, 0x3E, 0x95, 0x0E, 0xEA, 0xCC, 0xDE, 0x20, 0x9E, 0x73, 0x4F,
    0xFB, 0x7C, 0xAF, 0x11, 0x0D, 0x4A, 0xE7, 0x90, 0x15, 0x68, 0xD5, 0x42, 0x21, 0x75, 0x94, 0x15,
    0x63, 0x54, 0x53, 0x17, 0x04, 0x7B, 0xFA, 0x85, 0xFB, 0xCA, 0x7F, 0x6E, 0xC8, 0x0E, 0x70, 0x80,
    0xDB, 0xCA, 0x21, 0x42, 0x6B, 0x90, 0xB0, 0x72, 0xF7, 0x55, 0x85, 0x73, 0xEB, 0xAB, 0xCA, 0xB7,
    0x20, 0xAC, 0x7F, 0xA9, 0xA7, 0xC9, 0xFC, 0x57, 0x9A, 0xA5, 0xC9, 0xF9, 0xD0, 0x68, 0x29, 0x9C,
    0x2E, 0x64, 0x5C, 0x50, 0x63, 0x29, 0x87, 0xA7, 0x1C, 0xA6, 0x72, 0xB8, 0xCA, 0x63, 0xEB, 0xC1,
    0xF0, 0x95, 0xE9, 0x02, 0xF0, 0xEA, 0x66, 0xA7, 0x19, 0x1A, 0x75, 0xA8, 0xE1, 0x04, 0xBF, 0x0F,
    0x86, 0x5F, 0xB3, 0xA0, 0xA4, 0x4A, 0x1C, 0xA8, 0x43, 0x90, 0x77, 0x3C, 0xCA, 0x4B, 0xE4, 0x38,
    0x25, 0x8A, 0xE4, 0x41, 0x7A, 0x2A, 0xE5, 0xC1, 0x90, 0x98, 0x0C, 0x0B, 0xC1, 0x90, 0x48, 0xD0,
    0x08, 0x23, 0x9B, 0x4C, 0xF1, 0xA8, 0x42, 0x51, 0x9F, 0x30, 0x7D, 0x0D, 0x0F, 0x6F, 0x45, 0x24,
    0xFE, 0xFE, 0x37, 0x83, 0xD7, 0x24, 0xB0, 0x40, 0xC6, 0x96, 0x63, 0xBC, 0xC3, 0x40, 0xEA, 0xFF,
    0xF2, 0xC5, 0x95, 0xD7, 0xE0, 0x7A, 0x29, 0xA0, 0x6D, 0x29, 0xF7, 0x1A, 0xF7, 0x5E, 0xFE, 0xB8,
    0x30, 0xB0, 0x59, 0x1C, 0xD8, 0x09, 0x1D, 0x88, 0xA1, 0x81, 0x35, 0x16, 0x1E, 0x1E, 0x0C, 0x92,
    0x20, 0x79, 0x0E, 0x6B, 0xAC, 0xBE, 0xF0, 0x8C, 0x49, 0xB6, 0x6B, 0x6B, 0x5F, 0x97, 0xC9, 0x74,
    0x34, 0x47, 0x8E, 0x0F, 0x12, 0xBB, 0xE5, 0xDB, 0xE5, 0x84, 0x67, 0x3E, 0xC8, 0x45, 0x08, 0xCB,
    0xFC, 0xC5, 0x8A, 0xD4, 0xB0, 0xF3, 0x9E, 0x65, 0x39, 0x6D, 0xB2, 0xCF, 0x11, 0x91, 0x8F, 0x35,
    0x54, 0x0B, 0x87, 0xE5, 0x82, 0xE2, 0x12, 0x7F, 0xB8, 0xFE, 0x72, 0x4D, 0xD2, 0xA6, 0x34, 0x51,
    0x9B, 0x72, 0x4D, 0xB0, 0x1D, 0x8A, 0xF1, 0xBB, 0x5F, 0x58, 0xA7, 0xF8, 0x22, 0x00, 0x67, 0xCB,
    0x30, 0xE3, 0x63, 0x84, 0x89, 0xE2, 0x6B, 0xB4, 0xD0, 0x8D, 0xD4, 0x86, 0x26, 0xEF, 0xC3, 0x19,
    0x4E, 0x50, 0xD7, 0xF3, 0x1A, 0x72, 0x7D, 0x25, 0xBC, 0xCB, 0x37, 0x80, 0x8C, 0x7F, 0x93, 0x3B,
    0xBF, 0x1B, 0xB2, 0xB3, 0x0A, 0x60, 0xB6, 0xA1, 0x57, 0xCD, 0x1F, 0x56, 0x14, 0xD3, 0x80, 0xBE,
    0xB5, 0x58, 0xAF, 0xE9, 0x7F, 0x9B, 0x19, 0xFB, 0xA8, 0xC4, 0xBB, 0x30, 0x5E, 0x23, 0xE7, 0xF2,
    0xC8, 0x3C, 0x36, 0x66, 0x94, 0x9D, 0xE6, 0xAE, 0x4D, 0xB3, 0xF8, 0x64, 0xAD, 0xD9, 0xC3, 0xAD,
    0x59, 0x3B, 0x68, 0xB0, 0xAF, 0x9F, 0x06, 0x1F, 0x68, 0xA5, 0x9A, 0x34, 0x80, 0xF9, 0xEC, 0x7E,
    0x52, 0x1A, 0xD4, 0x33, 0xBE, 0x5F, 0xCD, 0x88, 0xA5, 0xAE, 0xBD, 0xF2, 0x67, 0x23, 0x8A, 0x1D,
    0xA7, 0xBC, 0xF2, 0x54, 0xDC, 0xB3, 0xC3, 0x43, 0x49, 0x55, 0xAC, 0x5B, 0xF4, 0x5F, 0xBF, 0xFE,
    0xAA, 0xBF, 0x87, 0xEE, 0xA3, 0xD0, 0xA7, 0x7D, 0x7D, 0x32, 0x68, 0x7B, 0x82, 0xBE, 0xFB, 0xA1,
    0x6F, 0xE7, 0x4B, 0xBB, 0xBA, 0xC5, 0x99, 0x6C, 0x31, 0x7B, 0x35, 0x0D, 0x72, 0xAD, 0xA6, 0x3F,
    0x9D, 0x1B, 0xDA, 0xE5, 0x5B, 0x7A, 0x1D, 0xE5, 0xAC, 0xBB, 0xCC, 0x46, 0xDB, 0xCB, 0xD8, 0x2B,
    0x2A, 0x9E, 0xA3, 0x99, 0xD3, 0x18, 0x5E, 0x9F, 0x09, 0x19, 0x1F, 0x4D, 0x0E, 0xB5, 0xAD, 0xF1,
    0xB4, 0xF7, 0x1D, 0x0B, 0x47, 0x99, 0x7A, 0x85, 0x04, 0xB3, 0xF5, 0x01, 0x47, 0x93, 0x7E, 0xDE,
    0x64, 0xF7, 0xE1, 0x86, 0xA6, 0x9D, 0xE3, 0x00, 0x0A, 0x53, 0x2B, 0x59, 0x90, 0x8A, 0x80, 0x35,
    0x47, 0x94, 0x13, 0xE7, 0x73, 0x60, 0xED, 0xAF, 0x5A, 0xAC, 0xDB, 0xF0, 0x21, 0x49, 0xA4, 0xFF,
    0xEC, 0x18, 0x41, 0xDB, 0xBF, 0xE4, 0x35, 0xE1, 0x67, 0x07, 0xA5, 0xC6, 0x45, 0x10, 0xF2, 0x74,
    0xBD, 0x37, 0x55, 0x2B, 0xCC, 0xB1, 0x49, 0xCE, 0xAB, 0x52, 0xAB, 0xBA, 0xCA, 0x07, 0xB9, 0xA2,
    0x8C, 0x28, 0x57, 0x69, 0x89, 0x2B, 0xB2, 0xC7, 0x72, 0x9A, 0x0C, 0x4A, 0x1F, 0xC3, 0xAA, 0x64,
    0x13, 0xAD, 0xAA, 0x94, 0x60, 0x7E, 0x75, 0x55, 0xF9, 0xA2, 0xEB, 0xF2, 0xEA, 0xA8, 0xAE, 0x78,
    0x10, 0x0B, 0xAD, 0x95, 0x2E, 0x46, 0x2A, 0xD0, 0x85, 0x46, 0xD1, 0x5F, 0x63, 0x05, 0xC3, 0x1F,
    0xAE, 0x62, 0x0B, 0xDA, 0xC3, 0x86, 0x39, 0x34, 0x2F, 0xEF, 0x3E, 0xFC, 0x61, 0xD2, 0xCD, 0xCA,
    0x37, 0x28, 0xE5, 0xE0, 0x1D, 0x1C, 0xA7, 0x6B, 0xED, 0xF4, 0xEB, 0x64, 0x12, 0x95, 0x7D, 0x3B,
    0xB6, 0xCC, 0x4D, 0xC0, 0xEF, 0x4E, 0x62, 0xF4, 0x50, 0x2C, 0x92, 0x3B, 0xDC, 0x4B, 0x23, 0x13,
    0x5B, 0xCC, 0x35, 0xF1, 0xD2, 0x04, 0xE6, 0xB2, 0xDC, 0xAE, 0x03, 0x5C, 0x03, 0xEB, 0xAB, 0x1C,
    0xA5, 0x20, 0x88, 0x96, 0x09, 0x8A, 0x75, 0x56, 0xFB, 0x9A, 0xE4, 0x51, 0x6F, 0x93, 0xBF, 0x03,
    0xE8, 0xCE, 0xEE, 0x88, 0xDA, 0xF6, 0x73, 0x08, 0x0E, 0x39, 0x85, 0x5C, 0x0A, 0xE8, 0x18, 0x9C,
    0x12, 0xD1, 0x5F, 0x5C, 0x77, 0xEB, 0xB9, 0xCC, 0x84, 0x56, 0xAE, 0x4D, 0x72, 0x53, 0x96, 0x68,
    0x6E, 0x3A, 0x4B, 0xF1, 0x94, 0x2D, 0x74, 0x21, 0x81, 0x6E, 0xB8, 0x48, 0x34, 0xB7, 0x48, 0x5C,
    0x79, 0x16, 0x63, 0x4D, 0x98, 0x17, 0xE0, 0xA6, 0xA8, 0xE3, 0x00, 0x6C, 0x2E, 0x65, 0x80, 0x40,
    0x3B, 0xD0, 0xC6, 0xA8, 0x5B, 0x2D, 0x41, 0xD5, 0xD5, 0xF0, 0x65, 0x42, 0x81, 0x95, 0x6B, 0x59,
    0x5F, 0x35, 0xC3, 0x25, 0xFA, 0xE4, 0x75, 0x5F, 0x5C, 0xBC, 0x41, 0xD9, 0x58, 0x5D, 0x6A, 0xDB,
    0xA4, 0x30, 0xC4, 0x98, 0xC9, 0x95, 0xB7, 0x8B, 0xB4, 0x66, 0x4C, 0x5A, 0x32, 0x9F, 0xE9, 0xE4,
    0x02, 0x47, 0x6B, 0xCA, 0xD4, 0xD0, 0x6D, 0xB8, 0xD1, 0xFA, 0xB1, 0xA9, 0xE3, 0x4B, 0xEC, 0x09,
    0x8B, 0x75, 0x93, 0x05, 0x8F, 0xEA, 0xC8, 0xB5, 0x57, 0x91, 0xB6, 0xAA, 0x48, 0xA1, 0x44, 0x53,
    0xF3, 0xD4, 0x20, 0x63, 0xAA, 0x52, 0x83, 0x57, 0x57, 0x51, 0x4F, 0x8E, 0x3B, 0xE8, 0x30, 0x6F,
    0xDC, 0xBE, 0x94, 0xFA, 0x1E, 0xCA, 0x16, 0x17, 0x07, 0x6D, 0xA4, 0xDD, 0x3C, 0xB6, 0x2B, 0x11,
    0x2D, 0x67, 0xF4, 0x11, 0x5B, 0x77, 0x52, 0x61, 0x9A, 0x20, 0x8D, 0x2A, 0x69, 0x08, 0x34, 0x16,
    0xA2, 0xFA, 0x56, 0xEE, 0xBE, 0x42, 0xD1, 0xB2, 0x05, 0x29, 0xC7, 0xF2, 0xEF, 0x79, 0x29, 0xED,
    0x66, 0x73, 0x6E, 0x9E, 0xD1, 0x5C, 0x40, 0xD1, 0x92, 0x86, 0x8D, 0x4C, 0x92, 0x61, 0xD0, 0xC2,
    0x9E, 0xB4, 0x08, 0x19, 0x4B, 0x23, 0x72, 0x49, 0x08, 0xF4, 0x41, 0x9D, 0xCE, 0xE1, 0x69, 0x75,
    0x91, 0x90, 0xE9, 0x70, 0xC0, 0x6D, 0x10, 0x45, 0xF8, 0x29, 0xBC, 0x12, 0x3D, 0x66, 0x31, 0x36,
    0x1B, 0x48, 0xC3, 0xCB, 0x08, 0xFC, 0x06, 0xF6, 0x11, 0x35, 0xB1, 0xDB, 0x37, 0x30, 0x34, 0x58,
    0xBB, 0x7D, 0x36, 0x45, 0x9A, 0x6B, 0x23, 0xF0, 0x09, 0x2E, 0x1D, 0x18, 0xD0, 0x63, 0xEB, 0x1F,
    0x3D, 0x36, 0x70, 0x98, 0xE1, 0xAE, 0xE3, 0x22, 0x6D, 0x8E, 0xD1, 0x38, 0xB3, 0x97, 0xF5, 0x14,
    0xA7, 0x3C, 0xBD, 0x43, 0x8B, 0xCC, 0xBD, 0x43, 0x4B, 0xCF, 0x7E, 0x33, 0xEC, 0xB1, 0xE8, 0x43,
    0x58, 0x06, 0x00, 0x1C, 0x28, 0x7E, 0x0B, 0x66, 0x58, 0xD2, 0xE7, 0x32, 0x66, 0xB4, 0x24, 0xC0,
    0xE8, 0x1D, 0xDD, 0x14, 0x63, 0x97, 0xCB, 0x6E, 0xE2, 0x7D, 0x3E, 0xF9, 0xEC, 0x57, 0x5A, 0x7F,
    0xE3, 0x77, 0xD7, 0x40, 0x97, 0x02, 0x63, 0xA9, 0x5F, 0x1B, 0xD2, 0xD7, 0x30, 0xF8, 0x0C, 0x9A,
    0xE0, 0xA6, 0xED, 0xFB, 0xFA, 0x5C, 0xBB, 0xF9, 0xF2, 0xB7, 0xD0, 0xA1, 0x28, 0x20, 0x7C, 0x20,
    0x8B, 0xBF, 0x1B, 0x8A, 0x3F, 0x08, 0x51, 0x24, 0x78, 0x21, 0x2E, 0xD8, 0x17, 0x42, 0x33, 0xC6,
    0xCB, 0xFA, 0x76, 0xF6, 0x2C, 0x7B, 0x2B, 0xA1, 0x8F, 0x7C, 0x6A, 0xB5, 0x54, 0xAD, 0x57, 0x5F,
    0x88, 0x57, 0xD3, 0xE8, 0xB7, 0xD3, 0xB0, 0xF6, 0x87, 0x78, 0x01, 0x7D, 0xC5, 0x8D, 0xBD, 0xE6,
    0xF2, 0x95, 0xA5, 0xD9, 0xD5, 0x99, 0x5A, 0xE2, 0x45, 0x34, 0x3E, 0xA3, 0xFE, 0xF8, 0xAB, 0xCF,
    0x35, 0x62, 0xC5, 0xE2, 0xD6, 0xC5, 0xEB, 0x18, 0x06, 0x9F, 0x2F, 0xE0, 0xE0, 0xA6, 0xB0, 0xDA,
    0x00, 0x21, 0xAE, 0xF5, 0xCA, 0x37, 0x90, 0xAB, 0xBA, 0xB7, 0x31, 0xC3, 0xB3, 0xA4, 0xAC, 0x2E,
    0x00, 0x77, 0x6C, 0x13, 0x09, 0xBB, 0xF2, 0x55, 0xF4, 0xAD, 0x83, 0xED, 0x78, 0x5E, 0xC6, 0xA3,
    0xAA, 0xAB, 0xF0, 0x9A, 0x87, 0x17, 0xF1, 0x2B, 0x03, 0x54, 0x8F, 0x33, 0xC0, 0x41, 0x56, 0xC1,
    0x8A, 0x03, 0xB6, 0x0A, 0x3F, 0x0D, 0x72, 0x0D, 0x8B, 0x0D, 0x43, 0xD4, 0x2D, 0xB1, 0x36, 0x2C,
    0xBC, 0x2D, 0x51, 0x6E, 0x8A, 0x81, 0x80, 0x65, 0x5C, 0xF3, 0xF4, 0x45, 0x04, 0x6A, 0xD9, 0x12,
    0x37, 0x5D, 0x31, 0xB9, 0x28, 0xEC, 0x55, 0xB2, 0x41, 0x43, 0x85, 0xB9, 0x00, 0xCF, 0x4D, 0x60,
    0xE6, 0x0B, 0x62, 0xB2, 0x2C, 0x16, 0x6D, 0x7F, 0xCA, 0x20, 0x26, 0xEC, 0x25, 0x5E, 0x02, 0x00,
    0x26, 0x15, 0x06, 0xD1, 0x21, 0xB7, 0xC1, 0x02, 0x8C, 0x2A, 0x42, 0x9C, 0x02, 0x93, 0xF6, 0x62,
    0xF1, 0x8F, 0x5A, 0xA4, 0x0F, 0x95, 0xA5, 0x03, 0x73, 0x3C, 0x3F, 0x09, 0xB6, 0x28, 0x59, 0x52,
    0x64, 0x22, 0x0B, 0x84, 0xD5, 0x6E, 0xFC, 0x21, 0xF3, 0x6B, 0xAB, 0xBB, 0x81, 0x7E, 0x7A, 0xE7,
    0x27, 0x2D, 0xF1, 0x39, 0x6D, 0xA2, 0x8C, 0xC1, 0x97, 0x2A, 0x09, 0xDE, 0xD4, 0x8D, 0x91, 0x81,
    0x97, 0x60, 0x1A, 0xCF, 0xA3, 0xF4, 0xF3, 0xBD, 0xA0, 0x1C, 0x3A, 0x91, 0x95, 0xC0, 0x18, 0x9B,
    0xA2, 0x25, 0xAE, 0xC0, 0x1A, 0x58, 0x14, 0xE7, 0x80, 0xC7, 0x8D, 0xCA, 0x9F, 0x21, 0xC0, 0x48,
    0x5F, 0x09, 0xF1, 0x6D, 0x5D, 0xC5, 0x0C, 0xA2, 0x72, 0xE3, 0x5E, 0xD7, 0x4B, 0x3B, 0x6E, 0xDA,
    0xB6, 0xD3, 0x18, 0x78, 0x23, 0x4A, 0xC0, 0x36, 0x45, 0x31, 0x2E, 0x10, 0x43, 0x74, 0xE9, 0xD7,
    0x21, 0xC9, 0x65, 0x05, 0x32, 0xF9, 0x46, 0xE6, 0xDF, 0xD0, 0x88, 0xFD, 0x53, 0xC0, 0x85, 0xC3,
    0x45, 0xE1, 0x1A, 0xA1, 0xE7, 0x7B, 0x77, 0xC2, 0xDA, 0xBD, 0x14, 0xD9, 0x59, 0x0A, 0x0C, 0x2D,
    0xFD, 0x73, 0x4C, 0x4F, 0x0A, 0x7C, 0xE6, 0xB9, 0x2C, 0x5B, 0xDB, 0xDA, 0x5E, 0x3E, 0xAF, 0x9B,
    0x39, 0xED, 0x1B, 0x18, 0xD3, 0xCD, 0x70, 0xB1, 0x19, 0xCA, 0xD2, 0xA7, 0xA4, 0x6E, 0xE1, 0x10,
    0xD3, 0xEE, 0x60, 0x92, 0x08, 0x0C, 0xCD, 0x25, 0xF1, 0xE2, 0xC1, 0xAA, 0x04, 0x5C, 0x81, 0xA8,
    0x07, 0x2E, 0x39, 0x46, 0x0C, 0xA0, 0x8E, 0xC4, 0x0E, 0xE3, 0x05, 0x08, 0xDC, 0x26, 0x50, 0xD2,
    0x6D, 0x37, 0xED, 0xA2, 0x04, 0x72, 0x68, 0x20, 0x73, 0x3E, 0x65, 0x96, 0x58, 0xF8, 0x81, 0x93,
    0xC2, 0xB4, 0xA4, 0xC1, 0x19, 0x98, 0xB1, 0x79, 0x58, 0xEC, 0x30, 0xF3, 0xE1, 0x26, 0x30, 0xD5,
    0x5B, 0xBE, 0x23, 0x1A, 0x94, 0x1E, 0xD7, 0x82, 0xAF, 0xC7, 0x3A, 0x75, 0x09, 0xC9, 0xEB, 0x82,
    0xFF, 0x4F, 0xE1, 0xF3, 0x36, 0xBD, 0xD1, 0x97, 0xE4, 0xA4, 0xBF, 0x2F, 0x85, 0x53, 0xEF, 0x7B,
    0x54, 0xC2, 0xE5, 0xAA, 0x77, 0xC0, 0x49, 0x2A, 0x28, 0x88, 0x2C, 0xF9, 0x26, 0xF6, 0xBC, 0x9A,
    0x0F, 0xD2, 0x18, 0x01, 0xEA, 0x17, 0x98, 0x50, 0xED, 0x06, 0xB0, 0x24, 0xCB, 0x41, 0x0D, 0xF3,
    0x35, 0x81, 0xFF, 0xD4, 0xD0, 0x87, 0xBF, 0x85, 0x78, 0x85, 0xEF, 0xB4, 0xD0, 0x18, 0xDC, 0x42,
    0x62, 0x39, 0x8F, 0xDC, 0x6D, 0x12, 0x39, 0xBF, 0x8B, 0x4A, 0x80, 0xF3, 0x0F, 0x90, 0xE9, 0xA0,
    0x8B, 0xD2, 0xFA, 0x33, 0x44, 0xDA, 0xFF, 0xD1, 0x2E, 0x8B, 0x66, 0x26, 0xE5, 0x73, 0x9E, 0x0E,
    0x29, 0x2F, 0x8D, 0x2C, 0xF9, 0x24, 0x12, 0x32, 0xBD, 0x90, 0x1A, 0x1B, 0xB9, 0xA2, 0x83, 0x72,
    0x78, 0x0C, 0x65, 0xCA, 0x28, 0x4E, 0xD9, 0x2C, 0x42, 0xB3, 0x88, 0x09, 0x0D, 0x6B, 0x68, 0x9E,
    0x26, 0x70, 0xA1, 0x91, 0x00, 0x55, 0x5B, 0xB1, 0xE8, 0x22, 0xE1, 0x37, 0x42, 0x2F, 0x10, 0xB5,
    0xD0, 0x43, 0x99, 0x83, 0x70, 0x84, 0xA4, 0x31, 0xCD, 0x67, 0xA2, 0x19, 0xC5, 0x2B, 0x28, 0x02,
    0x16, 0xA9, 0x6A, 0x91, 0x70, 0x6F, 0xC4, 0x62, 0x06, 0x78, 0x4E, 0x15, 0x20, 0x9B, 0x87, 0xF7,
    0x55, 0xE0, 0x76, 0x35, 0x10, 0xA7, 0xA0, 0x0B, 0x02, 0x41, 0x5D, 0x16, 0x03, 0x1B, 0x4A, 0x17,
    0x50, 0x8E, 0xD4, 0x59, 0x49, 0x3C, 0xB8, 0xB0, 0x50, 0x1D, 0xC2, 0x37, 0xCA, 0x6F, 0x2B, 0x54,
    0x49, 0x7C, 0x9C, 0x1C, 0x4A, 0xA9, 0xA1, 0x94, 0x18, 0x4A, 0x69, 0xA1, 0x94, 0x14, 0x4A, 0x29,
    0xA1, 0x94, 0x10, 0xAA, 0xD2, 0x41, 0x13, 0xA5, 0x09, 0x31, 0xEC, 0xA1, 0x4A, 0x02, 0x75, 0xB4,
    0x7A, 0x35, 0xA1, 0xDD, 0xD4, 0x0B, 0x3A, 0xC7, 0x26, 0x51, 0x26, 0x79, 0x96, 0xAE, 0x43, 0x5A,
    0xB1, 0xCB, 0x94, 0x0D, 0x8A, 0xDF, 0x39, 0x4C, 0xE2, 0x58, 0x44, 0xB6, 0xB6, 0x86, 0xAA, 0x40,
    0x82, 0x6A, 0x6A, 0x0C, 0x7F, 0xE2, 0x6D, 0x68, 0xEE, 0x06, 0xB3, 0x74, 0xD6, 0x33, 0xD4, 0xFF,
    0x15, 0x5A, 0x1D, 0x73, 0x44, 0x37, 0x43, 0x44, 0x41, 0xE3, 0xF4, 0x79, 0x0B, 0x05, 0x00, 0x60,
    0x34, 0xF5, 0x07, 0xBE, 0x05, 0x0B, 0xA1, 0x1C, 0x7A, 0x31, 0xF0, 0x81, 0x04, 0xBA, 0x8C, 0xCD,
    0xD0, 0x0A, 0x5C, 0xB8, 0xA6, 0xD4, 0x63, 0x32, 0x8F, 0xE6, 0x32, 0x4F, 0x2B, 0x39, 0x87, 0x1C,
    0x7A, 0xAA, 0x1E, 0x7B, 0xB5, 0xF1, 0xFE, 0x75, 0xF2, 0x47, 0xB5, 0x29, 0x59, 0x32, 0x22, 0x5F,
    0x81, 0x36, 0xD0, 0xB8, 0xE5, 0x14, 0x7F, 0xE7, 0xAF, 0x3B, 0xC4, 0xED, 0xAE, 0x11, 0x50, 0x65,
    0xD2, 0xCB, 0x50, 0xE1, 0x28, 0x65, 0xF1, 0xA3, 0xA3, 0x91, 0xD9, 0x71, 0x44, 0xEC, 0x8C, 0xA9,
    0x6A, 0x15, 0x04, 0xD1, 0xC2, 0xC2, 0xCC, 0xF4, 0xF4, 0x14, 0xF1, 0x2C, 0x37, 0x12, 0x7F, 0x2F,
    0x16, 0xFF, 0x3A, 0xAA, 0xA4, 0xC1, 0xF5, 0x6F, 0x15, 0x53, 0xBE, 0x28, 0x5B, 0x10, 0x59, 0x15,
    0xFD, 0x02, 0x55, 0xC0, 0x2F, 0x50, 0x14, 0x12, 0x55, 0x92, 0xFB, 0xAD, 0x13, 0xC1, 0x5D, 0x26,
    0x7D, 0x6E, 0x21, 0xF7, 0x3B, 0x4F, 0x0C, 0xA9, 0x9A, 0x4F, 0xE0, 0xA2, 0x99, 0x06, 0xE8, 0x4D,
    0x25, 0x49, 0xEE, 0xC5, 0x24, 0x49, 0xFE, 0xA4, 0x25, 0x3E, 0x93, 0xFA, 0xBB, 0x24, 0x9D, 0x49,
    0xBD, 0xD9, 0x94, 0x6B, 0x07, 0xDF, 0x48, 0x9D, 0xF8, 0xC6, 0x61, 0x10, 0x7D, 0x27, 0x3D, 0xEF,
    0xBA, 0x5C, 0x01, 0x97, 0xA5, 0x8A, 0xB9, 0xD0, 0xF3, 0x9E, 0xCF, 0x29, 0xF1, 0x53, 0x87, 0x78,
    0xBF, 0x07, 0xC7, 0xC7, 0x7D, 0x94, 0x0B, 0xEA, 0x73, 0x53, 0x54, 0xE1, 0x82, 0x55, 0x50, 0x4E,
    0xEA, 0xB0, 0x1E, 0x13, 0xB8, 0x26, 0x81, 0x8B, 0x36, 0x41, 0x41, 0xD9, 0x84, 0xCB, 0xD6, 0x4A,
    0x3C, 0xAE, 0xC5, 0x9E, 0xF7, 0xAC, 0x8C, 0xC2, 0x4F, 0x48, 0x66, 0x35, 0xD6, 0xF3, 0x1E, 0xCD,
    0xC9, 0x8A, 0x9D, 0xF1, 0x55, 0x8E, 0x9C, 0xB2, 0x53, 0xFB, 0x73, 0x61, 0x96, 0x60, 0xDC, 0x39,
    0x93, 0xF9, 0x10, 0xD9, 0x07, 0x77, 0x5B, 0x3C, 0xE0, 0x8B, 0x96, 0x08, 0x59, 0x19, 0x6C, 0x66,
    0xA8, 0x85, 0x42, 0x39, 0x13, 0x64, 0x69, 0xB0, 0xA9, 0xC1, 0xB6, 0x86, 0xDC, 0xE6, 0xC2, 0xD6,
    0x06, 0x9B, 0x1B, 0x2A, 0xB1, 0xD9, 0xCF, 0xD2, 0x9B, 0xED, 0x1C, 0xB3, 0x99, 0xCD, 0xB2, 0x2D,
    0xD8, 0x9C, 0xE6, 0x24, 0x69, 0x5C, 0x7B, 0x64, 0x79, 0xB0, 0xE9, 0xD1, 0x6B, 0x7B, 0xE4, 0x14,
    0x40, 0x54, 0xF0, 0x2D, 0xBC, 0xC4, 0xEE, 0x0C, 0x3F, 0x4F, 0xC9, 0x9C, 0x13, 0x3C, 0xCC, 0xF2,
    0x37, 0xC8, 0x73, 0xEB, 0xD0, 0x78, 0xC7, 0x5C, 0x82, 0xF8, 0x1C, 0xEF, 0xB6, 0xB8, 0x52, 0xCA,
    0x99, 0xEF, 0x32, 0x78, 0x60, 0xF8, 0x7B, 0x82, 0x2F, 0xE1, 0x97, 0x08, 0x90, 0x18, 0x90, 0x28,
    0x90, 0x38, 0x90, 0x48, 0x90, 0x58, 0x50, 0xBB, 0x7D, 0x24, 0x1E, 0x24, 0x22, 0x94, 0xC7, 0x57,
    0x45, 0xD6, 0x44, 0x3E, 0xC0, 0x30, 0x2A, 0x72, 0xE8, 0x50, 0xD9, 0x27, 0x89, 0xC8, 0x30, 0xC2,
    0x59, 0x80, 0x8C, 0x13, 0x89, 0x94, 0x3D, 0xB1, 0xD2, 0x1B, 0xC7, 0x57, 0x57, 0x7D, 0x4E, 0x7D,
    0x52, 0xD7, 0xAE, 0x24, 0xB5, 0xF1, 0xC4, 0x53, 0x56, 0xA5, 0xF6, 0xD1, 0x36, 0x7B, 0x23, 0x88,
    0xEA, 0x8A, 0x8A, 0x3A, 0x51, 0x5E, 0x71, 0x69, 0x4D, 0x65, 0x59, 0x5F, 0xD2, 0xCD, 0x1C, 0x48,
    0x31, 0x29, 0xAD, 0x2A, 0x6D, 0x57, 0x69, 0xCB, 0x4A, 0xDB, 0x56, 0xDA, 0xBA, 0x12, 0xCA, 0xBE,
    0xE2, 0x25, 0x8A, 0x19, 0x18, 0x42, 0xDA, 0x58, 0x32, 0x3E, 0x83, 0x7A, 0xEC, 0x96, 0xCA, 0xCA,
    0xAD, 0xA9, 0xF4, 0x1D, 0x69, 0x6B, 0x09, 0x65, 0x6D, 0x09, 0x65, 0x6F, 0x09, 0x6D, 0x71, 0x65,
    0x36, 0x57, 0xDE, 0xEA, 0x52, 0xF2, 0x67, 0xBE, 0xE7, 0x58, 0xED, 0x39, 0xAA, 0xCF, 0x67, 0x64,
    0xDE, 0xF1, 0x19, 0xE9, 0x72, 0x3B, 0xFB, 0x27, 0x7C, 0x9C, 0x94, 0xF1, 0xC4, 0xF3, 0x0D, 0x19,
    0xCD, 0x69, 0x51, 0xDF, 0xE6, 0x3D, 0xFF, 0x70, 0xB3, 0x16, 0x65, 0x0A, 0xA9, 0x8A, 0x74, 0xE9,
    0x6C, 0x45, 0x4B, 0x14, 0x8F, 0x4E, 0x54, 0xCC, 0x6A, 0x44, 0xEC, 0x1E, 0x95, 0xAC, 0xCB, 0xA3,
    0x94, 0xFD, 0xE9, 0xFA, 0x45, 0x3C, 0x96, 0x83, 0xC2, 0x32, 0xD6, 0xF8, 0x54, 0x59, 0x06, 0x0A,
    0xEF, 0x6A, 0x1E, 0x8C, 0xA3, 0x9A, 0xD8, 0xC9, 0x4B, 0xC4, 0xB8, 0x2B, 0x77, 0x9F, 0x3E, 0x29,
    0xA3, 0xA0, 0xBE, 0x4C, 0xB4, 0xBB, 0x23, 0xB9, 0xA4, 0xCA, 0xA9, 0xB8, 0xB5, 0xC7, 0x24, 0xED,
    0x09, 0xCF, 0x4C, 0x71, 0x2E, 0x55, 0xEA, 0x85, 0xDA, 0xB7, 0xE8, 0x46, 0xFC, 0x3F, 0x94, 0xB8,
    0x27, 0xF4, 0x96, 0x13, 0x40, 0x37, 0x0B, 0xF8, 0x34, 0x15, 0x3E, 0x37, 0xE7, 0x7B, 0xF0, 0xE9,
    0x17, 0x79, 0xBD, 0x5A, 0xC7, 0x76, 0xB0, 0x4B, 0x4E, 0x1F, 0x4A, 0x00, 0xEE, 0xC7, 0xE8, 0x76,
    0x64, 0x22, 0xA5, 0xEC, 0x77, 0x55, 0xFE, 0x7F, 0x4A, 0x02, 0xBF, 0x25, 0x27, 0x5A, 0xB9, 0x68,
    0xDB, 0x8B, 0x87, 0x9B, 0x70, 0x7C, 0x54, 0xE7, 0x49, 0x0D, 0x26, 0x69, 0xC9, 0x75, 0x22, 0xF1,
    0xDA, 0x92, 0x32, 0xB2, 0xAE, 0xF0, 0x2A, 0xE7, 0x6D, 0xAB, 0x5B, 0xC0, 0x3F, 0xE1, 0x55, 0xEC,
    0x54, 0x46, 0xAF, 0x88, 0xCC, 0x44, 0x11, 0xF6, 0x6F, 0x08, 0xED, 0xF7, 0x80, 0x19, 0xFE, 0x81,
    0xCF, 0x92, 0x86, 0xD7, 0x51, 0x73, 0xCF, 0xCC, 0x89, 0x87, 0x38, 0x19, 0xD8, 0xCF, 0xEB, 0x49,
    0x32, 0x4E, 0x6C, 0x25, 0x85, 0x01, 0xAC, 0x8B, 0x2C, 0x60, 0x23, 0x2C, 0x49, 0xF5, 0xCD, 0x22,
    0x01, 0x3D, 0x0A, 0xC8, 0x3A, 0x00, 0xC0, 0x46, 0x5D, 0x02, 0xAC, 0x82, 0x59, 0x28, 0x1B, 0xC2,
    0xBB, 0x11, 0xE0, 0xA1, 0x6C, 0x1F, 0x2F, 0xC0, 0x7C, 0x02, 0x8C, 0x48, 0x6A, 0x9A, 0x49, 0xAA,
    0xCA, 0x5F, 0x5C, 0xE5, 0x69, 0xDA, 0x60, 0x92, 0xDA, 0xE0, 0x9C, 0xE2, 0x84, 0x49, 0x2A, 0x61,
    0xA0, 0x9A, 0x4C, 0x52, 0xFB, 0x4C, 0xDE, 0x16, 0x7F, 0xD3, 0x49, 0xF2, 0x7F, 0x49, 0xB7, 0x58,
    0x1F, 0x4F, 0x45, 0x99, 0xD5, 0x11, 0x8F, 0x95, 0xD2, 0xCA, 0x33, 0x9C, 0xA8, 0x21, 0x4E, 0xC8,
    0xFB, 0x93, 0x01, 0x46, 0xA9, 0x55, 0xD3, 0x4C, 0xD0, 0x55, 0x26, 0xE8, 0x55, 0x26, 0xE8, 0x0C,
    0x30, 0xDE, 0xCA, 0x61, 0x30, 0x15, 0x10, 0xA3, 0x6E, 0x0A, 0x19, 0x00, 0x3E, 0x8A, 0x80, 0x0D,
    0x12, 0x60, 0x13, 0x65, 0x02, 0xCC, 0x6B, 0x30, 0x60, 0x2B, 0x34, 0x63, 0x63, 0xFD, 0x04, 0x51,
    0x9F, 0x43, 0x07, 0xF7, 0x0B, 0xE8, 0xA6, 0x65, 0x92, 0x4A, 0x44, 0xF9, 0xF3, 0x3E, 0xE5, 0x3A,
    0xEE, 0xE3, 0x8C, 0xF9, 0xB9, 0x9D, 0xE1, 0xF9, 0x50, 0x2C, 0x46, 0xD1, 0xFE, 0x07, 0x08, 0xB5,
    0xEF, 0x5C, 0x82, 0x3B, 0x8E, 0x09, 0xE3, 0x27, 0xE8, 0x37, 0x8F, 0x84, 0x7B, 0xBB, 0x47, 0x89,
    0xF9, 0xA4, 0x1B, 0x13, 0x3E, 0x49, 0x1F, 0xF0, 0x1D, 0xD4, 0x94, 0x51, 0x4B, 0x36, 0x41, 0x43,
    0x36, 0xDF, 0x8F, 0x38, 0x5B, 0xEB, 0xD6, 0x3E, 0x8E, 0x4F, 0xBD, 0x76, 0xDB, 0xA0, 0x71, 0xD8,
    0xB8, 0xBB, 0xDF, 0xD8, 0x50, 0x5F, 0x79, 0x29, 0x12, 0xD6, 0x07, 0x4D, 0xE1, 0x7C, 0x00, 0xFC,
    0x31, 0x8A, 0x8A, 0x6E, 0xDF, 0xC3, 0x9E, 0xBB, 0x1E, 0x18, 0x76, 0x1D, 0xEB, 0x94, 0x24, 0xF3,
    0xAE, 0x3C, 0x9E, 0xE2, 0x48, 0x87, 0xF5, 0xC7, 0x70, 0x1D, 0xDC, 0xCF, 0xFE, 0x51, 0x5C, 0x4C,
    0x19, 0xD8, 0xA7, 0xF1, 0xEC, 0x3A, 0x96, 0x09, 0xB9, 0xC8, 0x6A, 0xBB, 0xA8, 0x77, 0xFB, 0x71,
    0x5F, 0xC3, 0x17, 0xD6, 0x57, 0x62, 0x82, 0xCB, 0xFD, 0x73, 0xAC, 0x29, 0x00, 0x97, 0x3E, 0x01,
    0xE3, 0xF8, 0x71, 0x93, 0x52, 0xCC, 0xAC, 0x77, 0x3F, 0x1D, 0x58, 0x0B, 0xB1, 0x92, 0x2C, 0x80,
    0x47, 0x76, 0xB4, 0x85, 0x2E, 0x2F, 0x0B, 0x13, 0x63, 0xAD, 0xD7, 0x2F, 0xA3, 0x4D, 0x08, 0xE2,
    0xC4, 0xB9, 0x84, 0x89, 0x22, 0xE8, 0xD1, 0xB9, 0xB6, 0xBE, 0x8B, 0x60, 0x5B, 0xD2, 0x92, 0x25,
    0xD1, 0xEA, 0x5E, 0x4B, 0x6B, 0xD0, 0x8B, 0x5A, 0x50, 0x8D, 0xE8, 0xB3, 0x19, 0xED, 0xD6, 0x49,
    0x94, 0xB3, 0x8C, 0x8C, 0x76, 0xC4, 0x35, 0x6E, 0x00, 0x22, 0xC0, 0xC8, 0x01, 0x95, 0xDB, 0x03,
    0x24, 0xA6, 0x31, 0x54, 0x74, 0x1E, 0xAD, 0x2A, 0x17, 0xF5, 0x70, 0xEB, 0x3F, 0xE8, 0xFB, 0x6E,
    0xEC, 0x65, 0x19, 0x1C, 0xD4, 0xD0, 0x3E, 0xC9, 0x9E, 0xA7, 0x88, 0xE2, 0x9B, 0xE5, 0x6E, 0xBB,
    0x96, 0x26, 0xE7, 0x8C, 0x6F, 0x57, 0x47, 0x61, 0x3A, 0xB7, 0xD8, 0xD5, 0xE7, 0x46, 0x62, 0x7F,
    0xEE, 0xF1, 0x91, 0xF7, 0x71, 0x1D, 0xB5, 0x39, 0xDD, 0x09, 0xBC, 0xE5, 0x5F, 0x01, 0x8B, 0x7B,
    0x11, 0x70, 0x34, 0x0E, 0x96, 0xF6, 0x7E, 0x02, 0x4F, 0xBA, 0x74, 0x05, 0xE5, 0x33, 0xA9, 0x1D,
    0x65, 0xFB, 0x90, 0x08, 0xCB, 0x57, 0x2A, 0x27, 0x16, 0x29, 0x90, 0xCA, 0x67, 0xA0, 0x14, 0x4F,
    0x52, 0x3B, 0x49, 0x43, 0xA8, 0x7C, 0x7E, 0x0F, 0x85, 0xF3, 0x40, 0x06, 0x89, 0x4A, 0x0D, 0xA9,
    0x34, 0xA4, 0xD0, 0x90, 0x3A, 0x43, 0xCA, 0x0C, 0xA9, 0x32, 0xA4, 0xC8, 0xD0, 0x20, 0x49, 0x89,
    0x31, 0x0E, 0x69, 0x75, 0xAA, 0x8C, 0x84, 0xA8, 0x37, 0xE5, 0xD3, 0x56, 0xD3, 0x6E, 0xDC, 0xCF,
    0x99, 0x7F, 0x18, 0xFB, 0xE5, 0x46, 0xD5, 0x8E, 0x25, 0x2F, 0x90, 0x9B, 0x94, 0x6A, 0xBE, 0x3C,
    0x99, 0xDC, 0xF7, 0xFD, 0x72, 0x07, 0x09, 0xA0, 0x2F, 0x01, 0x7C, 0x33, 0x66, 0x00, 0x9F, 0xFA,
    0xA0, 0xC5, 0x70, 0xA1, 0xC0, 0xA3, 0x13, 0x33, 0xDE, 0xE8, 0x05, 0x70, 0x4C, 0x01, 0x58, 0x09,
    0x25, 0x80, 0x80, 0x16, 0x06, 0xD0, 0x7D, 0x94, 0x77, 0x57, 0x1E, 0x02, 0x32, 0x7B, 0x42, 0x1C,
    0xC7, 0x75, 0xF7, 0xDF, 0x88, 0xAB, 0x4F, 0x2B, 0xB5, 0x50, 0xAD, 0x28, 0x0F, 0xAD, 0x39, 0xC6,
    0x12, 0x55, 0x8E, 0xD8, 0xAF, 0xDD, 0x95, 0xB9, 0x4C, 0xC3, 0x6C, 0x43, 0x85, 0xD9, 0xCE, 0x28,
    0xB4, 0xB5, 0xC3, 0x49, 0x8C, 0x9F, 0x5A, 0x5A, 0xF7, 0xB3, 0xDF, 0xD6, 0x0C, 0xCA, 0xCD, 0x02,
    0x8F, 0xEE, 0x5B, 0x3A, 0x2F, 0xD1, 0xF4, 0x1F, 0x8A, 0x69, 0xE9, 0x3D, 0x3D, 0xB8, 0x4D, 0x99,
    0x26, 0x1F, 0x28, 0xAB, 0xD8, 0x0D, 0x28, 0x74, 0xE4, 0xF8, 0x84, 0x1A, 0x9B, 0x6B, 0x50, 0x5A,
    0x7E, 0x69, 0x86, 0x56, 0xDD, 0xF9, 0x1A, 0x1D, 0x08, 0xB1, 0x66, 0xF8, 0xC6, 0x39, 0x3A, 0x50,
    0x2C, 0xF7, 0x80, 0x37, 0x34, 0xEE, 0xBA, 0x9D, 0xE3, 0x6A, 0x81, 0x45, 0xF9, 0x5C, 0x4A, 0xE9,
    0x43, 0xB6, 0x73, 0xE4, 0x5E, 0x27, 0x5B, 0xFC, 0x84, 0xCE, 0x79, 0x2B, 0x46, 0xDB, 0x8E, 0xD3,
    0x8E, 0x8F, 0x63, 0xBE, 0x5D, 0x25, 0x67, 0xA2, 0xE6, 0xE3, 0xBD, 0xAA, 0x18, 0x53, 0xA1, 0x0E,
    0xEB, 0x8E, 0x57, 0xDC, 0x9B, 0x33, 0xF1, 0x28, 0x6C, 0xF0, 0xF9, 0x18, 0x18, 0xD3, 0x49, 0x37,
    0xCA, 0xAB, 0xAD, 0xBC, 0xDC, 0xB9, 0x4F, 0xB4, 0xF3, 0xA1, 0x6F, 0x4C, 0xF5, 0xAC, 0x7A, 0xF4,
    0x94, 0x30, 0xA9, 0xA8, 0xFA, 0xB8, 0xFD, 0xE2, 0x21, 0x45, 0xEF, 0x43, 0x41, 0x1B, 0x1B, 0xB2,
    0xFA, 0xA9, 0xE8, 0x48, 0xDD, 0x40, 0x87, 0xB3, 0x45, 0x73, 0xBE, 0x27, 0xA8, 0x9B, 0xD5, 0xD3,
    0xD2, 0x0E, 0x08, 0x4D, 0x51, 0x3B, 0x82, 0xDA, 0x99, 0x3A, 0x3C, 0xA1, 0xEA, 0x02, 0x7A, 0x0D,
    0xA5, 0xDF, 0x56, 0xD4, 0xBF, 0x14, 0x71, 0xF4, 0xA9, 0x82, 0x5C, 0xE5, 0x2F, 0x68, 0x42, 0x52,
    0x5A, 0xB1, 0xF3, 0xB0, 0x13, 0x92, 0x90, 0xD9, 0x5F, 0x9C, 0xD3, 0x26, 0xF5, 0xBF, 0xFA, 0x5E,
    0xD9, 0x07, 0xD9, 0x35, 0x87, 0xBC, 0x11, 0x8F, 0x26, 0xD3, 0x4C, 0xB2, 0x38, 0x2F, 0x9F, 0x4B,
    0x93, 0x89, 0x44, 0xB8, 0xFB, 0x4C, 0x48, 0x70, 0x63, 0x5B, 0xFE, 0x7A, 0x90, 0x37, 0x83, 0x8E,
    0x22, 0x44, 0x45, 0xB3, 0xF0, 0x64, 0xE3, 0xF9, 0xC7, 0xDE, 0x78, 0x3E, 0x90, 0xD9, 0x30, 0xB5,
    0x34, 0xC3, 0x5C, 0x37, 0x33, 0x56, 0xF4, 0x05, 0xDE, 0xBA, 0xDE, 0x62, 0xBE, 0x95, 0x81, 0x9B,
    0x89, 0x64, 0x2B, 0xC3, 0x87, 0x95, 0xE1, 0xC0, 0xCE, 0x9D, 0x6E, 0x5F, 0xA4, 0xD7, 0x12, 0xE7,
    0x15, 0xD2, 0x4B, 0xAE, 0x3A, 0x0E, 0xCD, 0x71, 0xC8, 0x8B, 0x4F, 0x15, 0xDE, 0xC2, 0xDD, 0x3A,
    0xCD, 0xF7, 0x9F, 0x4D, 0x48, 0x59, 0x7C, 0x89, 0x6F, 0x70, 0xF1, 0x39, 0xDC, 0x2A, 0x22, 0x5F,
    0x89, 0xC4, 0x03, 0xE3, 0x67, 0x80, 0x6F, 0x71, 0x7B, 0x1F, 0xC9, 0x48, 0x8F, 0xD6, 0x4C, 0xEF,
    0x28, 0x42, 0xA9, 0xBC, 0xFB, 0xA2, 0x42, 0x4C, 0xC7, 0x08, 0xEA, 0x8A, 0x8C, 0x8C, 0xF7, 0x63,
    0x4D, 0x46, 0xEA, 0x6B, 0x40, 0x46, 0xD7, 0x8E, 0x35, 0x19, 0xE9, 0x0D, 0xBE, 0x46, 0x44, 0x15,
    0xB1, 0x9B, 0xD8, 0xDA, 0x09, 0x52, 0x06, 0x8C, 0xE0, 0x08, 0x6E, 0xF0, 0x35, 0x14, 0xB9, 0xAE,
    0x93, 0x23, 0x09, 0x4B, 0xF3, 0xD2, 0xC8, 0x8D, 0x00, 0xDB, 0xBE, 0x11, 0x1C, 0xF9, 0x5C, 0xC5,
    0x4F, 0x70, 0x6E, 0x03, 0x6C, 0xCB, 0x38, 0xF2, 0x41, 0x55, 0x7F, 0x7C, 0x4D, 0x5B, 0xB3, 0x67,
    0xA8, 0xBD, 0x42, 0x56, 0x6D, 0x0B, 0x47, 0x0E, 0x74, 0x39, 0x29, 0xE4, 0x56, 0x29, 0x67, 0x9B,
    0xF6, 0x75, 0xA5, 0x38, 0x72, 0x27, 0x25, 0x89, 0xBC, 0x82, 0xFF, 0x32, 0xDE, 0xC0, 0x31, 0xC3,
    0x9C, 0x42, 0x3B, 0x10, 0x7C, 0xAC, 0xAD, 0xC9, 0xC7, 0x77, 0x53, 0xB5, 0x54, 0x51, 0x38, 0xD1,
    0x91, 0xD2, 0xF2, 0x64, 0x92, 0x23, 0xA7, 0x38, 0x96, 0x72, 0xA6, 0x25, 0x27, 0x37, 0xBA, 0x51,
    0xCF, 0x7A, 0xEF, 0xD5, 0x74, 0x54, 0xDD, 0x56, 0x5A, 0x28, 0xFA, 0x32, 0x47, 0x7B, 0x4A, 0x44,
    0x43, 0xAF, 0x1E, 0xA7, 0xAB, 0x1F, 0x46, 0x51, 0x8B, 0xD5, 0x5A, 0x37, 0xBB, 0x7A, 0xAD, 0x97,
    0x63, 0xBD, 0xD6, 0x6F, 0xE9, 0xB5, 0x6E, 0xC6, 0x7A, 0xAD, 0x5B, 0xFE, 0xA3, 0x2E, 0x32, 0x72,
    0x58, 0xCF, 0xF8, 0xFE, 0x8A, 0x06, 0xCA, 0xCE, 0x00, 0xC9, 0x30, 0x65, 0xA7, 0x1A, 0xEB, 0x5E,
    0x73, 0x17, 0xAC, 0xBB, 0x19, 0xD6, 0x6B, 0x1A, 0xEB, 0x46, 0x33, 0x8F, 0xF5, 0x47, 0x97, 0xC3,
    0xF6, 0x8D, 0xE8, 0xD3, 0x39, 0xEC, 0xB1, 0xA4, 0xBD, 0xCE, 0x92, 0xEC, 0x81, 0x37, 0x29, 0xB2,
    0x1F, 0x3C, 0x21, 0xFB, 0x4F, 0x9F, 0xEC, 0x4F, 0x98, 0x8D, 0x38, 0xBA, 0x85, 0x91, 0x1A, 0x1F,
    0x5A, 0x18, 0xE9, 0x64, 0x36, 0x8F, 0xCE, 0x6C, 0x8A, 0xDD, 0xE6, 0xC1, 0xCE, 0x80, 0xB0, 0x33,
    0x11, 0x63, 0xE4, 0xE4, 0x7F, 0x76, 0x6A, 0x66, 0xD7, 0xE6, 0x6A, 0x5B, 0x99, 0xC9, 0x87, 0xDE,
    0x2F, 0xBB, 0x9D, 0xD5, 0xDE, 0xAD, 0x8B, 0xBC, 0x49, 0x9F, 0x59, 0x07, 0x76, 0x66, 0x8B, 0xB8,
    0x77, 0x75, 0x17, 0x95, 0x77, 0x42, 0x45, 0x51, 0xCE, 0x93, 0xFE, 0x09, 0x45, 0x1D, 0x14, 0x45,
    0x8D, 0x60, 0x40, 0xC1, 0x7D, 0x12, 0xBE, 0x6D, 0x7D, 0x0F, 0xBF, 0xF7, 0xFF, 0x74, 0xC6, 0xC1,
    0x74, 0x71, 0x91, 0xF7, 0x78, 0x57, 0x8F, 0x5D, 0x45, 0x1F, 0x85, 0xCA, 0x5B, 0x7A, 0x4E, 0x17,
    0x1F, 0x12, 0xD8, 0x96, 0x54, 0x38, 0x95, 0x5D, 0x4A, 0x2D, 0x15, 0x3C, 0xA5, 0xB0, 0xA9, 0xFD,
    0x76, 0x22, 0x43, 0xA5, 0x0E, 0x06, 0x49, 0x7B, 0x77, 0x98, 0x1E, 0xDB, 0xB9, 0x3C, 0xB6, 0x03,
    0xAF, 0x62, 0x4E, 0x4F, 0x27, 0x55, 0xDB, 0x6E, 0xD6, 0x66, 0x34, 0xE3, 0x0C, 0x54, 0xE8, 0x81,
    0xDC, 0xB5, 0x66, 0xDE, 0x56, 0x3B, 0xAC, 0x6A, 0x50, 0x3D, 0xCC, 0x9E, 0x08, 0x8C, 0x5D, 0x9F,
    0xC9, 0x6E, 0xBE, 0xEF, 0x4F, 0x7F, 0x40, 0xA4, 0x84, 0x8C, 0x17, 0x9B, 0x11, 0xDD, 0x8C, 0xE2,
    0x0E, 0xD2, 0x21, 0xAC, 0x75, 0x37, 0xFC, 0x5E, 0x1D, 0x63, 0x3D, 0x30, 0xE8, 0xC9, 0x95, 0x90,
    0x6A, 0xA6, 0xC0, 0xCA, 0xF7, 0x0F, 0x12, 0x6B, 0x87, 0x30, 0x65, 0x65, 0xA4, 0xB5, 0x33, 0x98,
    0xB0, 0x70, 0x06, 0x17, 0xC0, 0x24, 0x3E, 0x7A, 0xD0, 0xA5, 0x6D, 0xE9, 0x71, 0x21, 0xDA, 0x4F,
    0xC9, 0x3E, 0x44, 0x64, 0x74, 0x6B, 0xE2, 0x09, 0x7D, 0x88, 0xCA, 0x0B, 0x94, 0xE3, 0x4B, 0xF9,
    0xAD, 0x93, 0x34, 0xA7, 0x07, 0x85, 0x30, 0xE2, 0x5E, 0xF8, 0x27, 0x3E, 0xAE, 0x08, 0x9A, 0xA6,
    0xDC, 0xBD, 0x66, 0xBD, 0x03, 0x0B, 0xC5, 0xB1, 0x6E, 0x84, 0x62, 0xC4, 0x7A, 0x3A, 0x12, 0xB3,
    0x16, 0x68, 0x25, 0x95, 0x7F, 0x0B, 0x8B, 0xB3, 0x92, 0xFA, 0xF3, 0x28, 0xE3, 0x9A, 0xA2, 0x72,
    0x37, 0x4D, 0x06, 0xBA, 0x60, 0x3D, 0xD7, 0x9A, 0x7B, 0x69, 0x28, 0x87, 0xF4, 0x84, 0x86, 0xA3,
    0xB0, 0x73, 0x83, 0x7A, 0x82, 0x7E, 0x9D, 0xE7, 0x71, 0x77, 0x7F, 0xF9, 0x1B, 0xBE, 0x93, 0xE2,
    0x36, 0xBD, 0xB9, 0xBC, 0x64, 0xFF, 0x48, 0x25, 0xDF, 0x3E, 0xEA, 0xB3, 0x63, 0xF6, 0xF7, 0xEE,
    0xFB, 0xF4, 0x44, 0x9B, 0x65, 0xB1, 0x0F, 0x55, 0xEB, 0x96, 0xF1, 0x99, 0x96, 0x1D, 0x80, 0xCB,
    0x69, 0xCC, 0xE2, 0xB8, 0x6E, 0x42, 0x83, 0xBA, 0x36, 0x56, 0x05, 0xA2, 0xAF, 0x96, 0xEC, 0xDD,
    0xAA, 0xD6, 0x0D, 0xC8, 0x20, 0xA2, 0x17, 0x93, 0x57, 0x50, 0x60, 0x05, 0xD5, 0x1F, 0xB5, 0x84,
    0xF1, 0x73, 0xAC, 0x36, 0x08, 0xD7, 0xE2, 0xBB, 0xF6, 0x1B, 0xB0, 0x20, 0x51, 0x30, 0xCC, 0x48,
    0x3D, 0xAC, 0x2A, 0x06, 0x1A, 0x09, 0x4C, 0x74, 0x6C, 0xDF, 0x7B, 0x2D, 0x9C, 0x00, 0x51, 0x31,
    0x0F, 0x72, 0x6E, 0x55, 0x9C, 0x17, 0x2F, 0x0C, 0x60, 0x36, 0x6F, 0x4C, 0x51, 0xE8, 0xF2, 0x76,
    0x81, 0xA6, 0x29, 0xA3, 0xF8, 0x02, 0xFA, 0x1B, 0x1D, 0xDC, 0x8B, 0x65, 0xFE, 0x99, 0xA6, 0xFD,
    0xE5, 0xBD, 0x34, 0xBB, 0x7D, 0xC1, 0xCB, 0xC7, 0xAF, 0xE6, 0xA7, 0xF8, 0x25, 0x8E, 0x80, 0x9E,
    0x74, 0xE8, 0x74, 0xD5, 0x58, 0x78, 0x67, 0x07, 0x69, 0x6C, 0x9B, 0xCA, 0x38, 0x61, 0x59, 0x7E,
    0x94, 0x40, 0x98, 0xD2, 0x28, 0x7E, 0x80, 0x26, 0x3E, 0x8A, 0x13, 0xC0, 0xCA, 0xE4, 0x86, 0x4A,
    0x26, 0x32, 0xBF, 0x89, 0xB3, 0x80, 0x75, 0x03, 0x26, 0x10, 0xDB, 0xA7, 0x7A, 0x6A, 0x27, 0x1D,
    0xFA, 0x70, 0x89, 0xC5, 0x52, 0xC5, 0x71, 0xEF, 0x6E, 0x40, 0x55, 0xC6, 0x8F, 0x18, 0x4E, 0x03,
    0x45, 0xAC, 0x9C, 0xBA, 0x9E, 0xA8, 0x70, 0x31, 0x85, 0xFF, 0xB3, 0xAC, 0xF0, 0x0A, 0x66, 0x85,
    0x0F, 0x1C, 0x2D, 0x62, 0x38, 0x36, 0x35, 0x2B, 0xB9, 0xF8, 0x8D, 0x30, 0xA5, 0x7B, 0xC0, 0x95,
    0xC7, 0xDA, 0xBF, 0xF1, 0xD9, 0x05, 0x9E, 0x8B, 0x75, 0x9E, 0x91, 0xF6, 0xC1, 0x26, 0xAB, 0x8E,
    0xC8, 0xAE, 0xD1, 0x28, 0xFC, 0xE2, 0xBA, 0x14, 0xE5, 0x21, 0x4B, 0x5C, 0xE4, 0x9C, 0xB5, 0xDB,
    0x0C, 0x0C, 0xD6, 0xD2, 0x43, 0x6C, 0xDA, 0xA0, 0x8F, 0x90, 0x31, 0xD1, 0x7F, 0x4B, 0x16, 0xD2,
    0x98, 0x90, 0x51, 0xD5, 0x2D, 0x76, 0xB1, 0x80, 0x60, 0xC3, 0xA7, 0xD8, 0x9A, 0xF4, 0xD0, 0xC5,
    0xF7, 0xFA, 0x1B, 0xD9, 0xA3, 0xCA, 0xE9, 0xF1, 0xC6, 0xE4, 0x5B, 0xB0, 0xB5, 0x1D, 0x5E, 0x64,
    0x7B, 0x6C, 0x6C, 0x63, 0x11, 0x3F, 0x7C, 0xFD, 0x94, 0xE7, 0xE1, 0xB3, 0x81, 0x0C, 0xC7, 0x0A,
    0x3D, 0x85, 0x79, 0x2F, 0xDC, 0x31, 0xAA, 0x29, 0x1A, 0x6B, 0x4A, 0x6E, 0xEF, 0x95, 0xE9, 0x71,
    0x42, 0xEC, 0x0F, 0x5C, 0xA0, 0x55, 0x4A, 0x6E, 0x2E, 0xCB, 0xA0, 0x1E, 0x4D, 0x23, 0xDD, 0x5D,
    0x32, 0x83, 0x49, 0x6E, 0x84, 0x96, 0xE1, 0x9A, 0xB4, 0xF0, 0x85, 0x63, 0x49, 0x41, 0x6A, 0xA1,
    0xF4, 0x54, 0xA5, 0xA5, 0x39, 0xEC, 0xA9, 0x4A, 0x3B, 0xAB, 0x82, 0x60, 0x79, 0xD8, 0x67, 0xF7,
    0xF6, 0x62, 0xAE, 0xED, 0xF4, 0xF4, 0x99, 0xDA, 0x68, 0xB7, 0x74, 0x32, 0x87, 0xA3, 0x65, 0xCB,
    0x88, 0xA5, 0x1D, 0x4A, 0x96, 0x4E, 0xDF, 0x50, 0x7A, 0x88, 0xAA, 0x61, 0x94, 0x55, 0xA9, 0x01,
    0x7A, 0xD3, 0x1F, 0xB5, 0xB4, 0x2B, 0x53, 0x5D, 0xA6, 0x6B, 0x5E, 0x19, 0xDB, 0x3B, 0x92, 0xCE,
    0x72, 0xFB, 0x2B, 0xB2, 0x92, 0xB3, 0x57, 0x33, 0xB7, 0xE2, 0xBD, 0x67, 0xF9, 0x9B, 0x7E, 0x4D,
    0x65, 0x66, 0xA0, 0xE7, 0x41, 0x26, 0x66, 0xB0, 0x03, 0x30, 0xFD, 0x0B, 0x72, 0xFA, 0x35, 0xBA,
    0xD7, 0x7B, 0xD1, 0x99, 0xD5, 0x89, 0xCB, 0x80, 0xFD, 0xA6, 0x1E, 0x42, 0xE6, 0x67, 0x79, 0x37,
    0xD0, 0xA8, 0xD0, 0x67, 0xDB, 0x0A, 0x6B, 0x28, 0x7E, 0x3B, 0x8A, 0xAA, 0x1E, 0x56, 0xAC, 0xF5,
    0x5F, 0x04, 0xFE, 0x0D, 0xC4, 0x2A, 0x6A, 0x9D, 0x8F, 0x6E, 0xFF, 0x68, 0x5E, 0x9F, 0x6F, 0x07,
    0x32, 0x5B, 0x5C, 0xB6, 0x16, 0xEF, 0x81, 0x05, 0xB0, 0x13, 0x6C, 0xFF, 0x2B, 0xB6, 0xA6, 0x5F,
    0x15, 0xB6, 0xD9, 0x6F, 0x46, 0xE2, 0xDC, 0xDD, 0xEF, 0xA4, 0xBE, 0x95, 0x6C, 0x83, 0xF0, 0x98,
    0xF4, 0x71, 0xFD, 0x93, 0xA2, 0x29, 0x5E, 0xA0, 0x39, 0xF5, 0x68, 0xF5, 0xF4, 0x5F, 0xBF, 0xBE,
    0x5E, 0x40, 0xC0, 0xE0, 0x00, 0xB0, 0xD9, 0x21, 0x67, 0x59, 0x96, 0xA2, 0xED, 0xE7, 0x06, 0x53,
    0x77, 0x50, 0x1F, 0x31, 0xAD, 0x4D, 0x6C, 0x30, 0xCF, 0xC4, 0xFA, 0x9F, 0x38, 0xDF, 0xB0, 0x86,
    0x1F, 0xBF, 0x93, 0x00, 0xA3, 0x84, 0x09, 0x98, 0xD3, 0xCB, 0xEF, 0x75, 0x9F, 0x16, 0x24, 0xDC,
    0x80, 0xFB, 0xC7, 0x04, 0x06, 0xB0, 0xC5, 0x63, 0x51, 0x01, 0x6B, 0x24, 0xB6, 0xDE, 0x0C, 0x3C,
    0xC5, 0x93, 0x56, 0xC5, 0xE2, 0x96, 0x58, 0xA8, 0x89, 0xF9, 0x4A, 0x30, 0x8D, 0xDE, 0x80, 0xFA,
    0x94, 0x98, 0xAD, 0x8A, 0xD1, 0x29, 0x61, 0x2F, 0xA3, 0x2B, 0x04, 0x37, 0x2E, 0x47, 0x62, 0x78,
    0x03, 0xDD, 0xF9, 0x8F, 0xFB, 0xFD, 0x3E, 0xCB, 0xD5, 0xC7, 0x53, 0xAE, 0x1A, 0x39, 0xC0, 0xA2,
    0x99, 0xC0, 0x5A, 0x02, 0x9B, 0x27, 0x98, 0xE1, 0xD4, 0x8C, 0x75, 0x29, 0x2C, 0x90, 0x56, 0xCB,
    0xEF, 0x5D, 0xF4, 0x6D, 0x64, 0x0D, 0xA7, 0xB1, 0x5C, 0xF3, 0x18, 0xBC, 0x7F, 0x25, 0xFC, 0xC5,
    0xBC, 0x3A, 0x8A, 0x84, 0x33, 0x85, 0x9C, 0xE0, 0x1A, 0x9C, 0x3D, 0xFE, 0x8E, 0x92, 0x9C, 0xF4,
    0xB8, 0xF6, 0x41, 0xD9, 0x54, 0xF1, 0x16, 0xE7, 0xFB, 0x63, 0x29, 0x4D, 0x9C, 0xED, 0xDE, 0x58,
    0x96, 0x12, 0x4D, 0x5C, 0x7F, 0x16, 0xC9, 0x4A, 0x25, 0xFC, 0x5E, 0x91, 0x31, 0x09, 0x20, 0xD5,
    0x39, 0xBA, 0xED, 0x4D, 0xD1, 0x24, 0x07, 0xBD, 0x15, 0x3C, 0xD9, 0x2E, 0x51, 0xBD, 0x44, 0xE7,
    0xCD, 0x56, 0x05, 0xB9, 0x63, 0x7D, 0x0D, 0x04, 0x4D, 0x5C, 0x07, 0x54, 0xFD, 0xDE, 0xF6, 0x40,
    0x6B, 0x6A, 0x0E, 0xC6, 0x3F, 0xF9, 0xF4, 0xFF, 0x7D, 0xFA, 0x45, 0x2B, 0x72, 0x1B, 0x9B, 0x70,
    0x8B, 0xBB, 0x77, 0x7C, 0x23, 0xC2, 0x3E, 0x4E, 0x3D, 0xAF, 0xEC, 0x97, 0x11, 0xA5, 0xFD, 0x0D,
    0x28, 0xF2, 0xB5, 0xD4, 0x66, 0x00, 0xC3, 0x57, 0xF5, 0xF1, 0x02, 0x95, 0xF4, 0x19, 0x4E, 0x7D,
    0x94, 0x13, 0xF5, 0xAD, 0x60, 0x50, 0x75, 0x38, 0xA2, 0x9C, 0x41, 0xFD, 0xEA, 0x44, 0x2E, 0xC9,
    0x21, 0x55, 0x85, 0x76, 0x50, 0xD8, 0x3F, 0x4F, 0x40, 0x28, 0xDF, 0xEA, 0x8A, 0x73, 0x43, 0xB3,
    0x46, 0xCB, 0xFC, 0xEE, 0x53, 0x61, 0xD9, 0x7F, 0x3A, 0x75, 0xBA, 0x25, 0x37, 0x10, 0x31, 0xA2,
    0xA9, 0x0E, 0x1C, 0x7E, 0x76, 0xD2, 0x6F, 0x9E, 0x7D, 0x09, 0x31, 0xF9, 0xC4, 0x4B, 0xED, 0x19,
    0x97, 0xD6, 0xB4, 0xD1, 0xE2, 0x04, 0x9F, 0xB2, 0xBF, 0x74, 0x96, 0x3A, 0x33, 0x6E, 0x2A, 0x1D,
    0x6C, 0x4C, 0x2D, 0x52, 0xF3, 0xF7, 0x15, 0xC2, 0x93, 0xBC, 0x02, 0xF0, 0xE1, 0x2F, 0x23, 0xD8,
    0x99, 0xBB, 0x96, 0x25, 0xCC, 0x0D, 0xEB, 0x4E, 0xC6, 0xF5, 0xD2, 0x9F, 0xD7, 0xA1, 0xFF, 0x0D,
    0xCD, 0x8B, 0x42, 0xB5, 0x25, 0xCD, 0x0C, 0xB8, 0x43, 0xD3, 0xFF, 0xB5, 0x27, 0xFC, 0xFF, 0x86,
    0xE7, 0x66, 0x9A, 0x3E, 0x15, 0x76, 0x89, 0x0B, 0x85, 0xD6, 0xD3, 0xEF, 0x46, 0x26, 0x5E, 0x19,
    0x9A, 0x5F, 0xFF, 0x51, 0x80, 0x67, 0x46, 0xB0, 0xF4, 0xF6, 0x8F, 0x9F, 0xA0, 0xB3, 0x17, 0x5B,
    0x69, 0x5A, 0x79, 0x31, 0xC0, 0x33, 0xE4, 0x18, 0x74, 0x16, 0xA6, 0x3F, 0xFB, 0x42, 0x4A, 0xB5,
    0xFD, 0x9B, 0x9E, 0x6F, 0xB4, 0x31, 0xAA, 0x33, 0xF6, 0x85, 0x37, 0x60, 0x05, 0x6D, 0xD7, 0xD1,
    0x96, 0x6F, 0x61, 0xC5, 0x6C, 0x90, 0x44, 0x1B, 0xFD, 0x4D, 0x27, 0x71, 0xBF, 0x35, 0x2C, 0x06,
    0xC2, 0x5A, 0x52, 0x6E, 0xBA, 0x1D, 0x2B, 0x3A, 0xEB, 0x37, 0x92, 0x72, 0xCB, 0xED, 0x1A, 0xB7,
    0x45, 0x54, 0x49, 0xDC, 0xC4, 0x6D, 0xD9, 0xC8, 0xBE, 0x5A, 0x66, 0x50, 0xA6, 0x02, 0xDC, 0xF8,
    0x78, 0x72, 0x2F, 0x9A, 0x47, 0xF9, 0x0C, 0x4B, 0xAE, 0x4D, 0xB9, 0x22, 0x51, 0x23, 0xB2, 0xBB,
    0x54, 0x8A, 0x9B, 0x46, 0xF0, 0x24, 0x8D, 0xA5, 0x93, 0xA6, 0xB5, 0x97, 0xE8, 0x6C, 0xE3, 0x87,
    0x1F, 0x0C, 0x93, 0x8E, 0x14, 0x1A, 0x6F, 0xFF, 0x95, 0xCF, 0x70, 0x58, 0x9F, 0x7F, 0x37, 0xA4,
    0xD1, 0xBF, 0x77, 0xE9, 0xA9, 0xF0, 0x67, 0x5F, 0x46, 0x87, 0xDB, 0xFB, 0xFF, 0xDE, 0x08, 0xFE,
    0xF4, 0xDF, 0x61, 0x68, 0x00, 0xB0, 0x60, 0xC8, 0x20, 0x9C, 0x11, 0xEA, 0x00, 0x57, 0xA4, 0xF9,
    0x76, 0x55, 0xED, 0x08, 0x14, 0x33, 0xDA, 0x69, 0xAD, 0xCA, 0x5A, 0xC1, 0xC0, 0xD6, 0x77, 0xCE,
    0x4C, 0x16, 0x25, 0xDB, 0x59, 0xD9, 0x72, 0x67, 0xB5, 0xF5, 0xA1, 0xE5, 0x99, 0xF9, 0xF9, 0x99,
    0xF9, 0xD9, 0xF9, 0x99, 0xE9, 0xE9, 0xC1, 0xAA, 0x81, 0x71, 0x3D, 0x37, 0x11, 0xBF, 0x08, 0xBA,
    0x9F, 0x03, 0x0C, 0x27, 0xF8, 0xDB, 0x1D, 0x7A, 0xA6, 0x7B, 0xE0, 0x26, 0xFD, 0x2D, 0xB7, 0x75,
    0x61, 0xBD, 0x0A, 0x43, 0x9D, 0xA2, 0x15, 0x7D, 0x2A, 0x4F, 0x20, 0x78, 0xA3, 0xBF, 0x13, 0x48,
    0x7F, 0xDD, 0xAF, 0xDC, 0x10, 0xB4, 0x2F, 0xA8, 0x84, 0xD7, 0x50, 0xB3, 0x84, 0x00, 0x2E, 0x23,
    0x1B, 0x58, 0x1B, 0x88, 0x64, 0xF6, 0xBE, 0x23, 0xB9, 0xF5, 0xE9, 0xE7, 0x42, 0x60, 0x30, 0x2C,
    0x28, 0xEB, 0x40, 0xF3, 0x5B, 0xA0, 0x90, 0xFE, 0x2A, 0x30, 0xA6, 0x79, 0x11, 0xAF, 0x84, 0x7F,
    0x53, 0x68, 0xA7, 0x1D, 0x72, 0x09, 0xB3, 0x44, 0x8E, 0x51, 0x54, 0xA1, 0xD0, 0x1A, 0xC0, 0xC5,
    0xF6, 0x5B, 0xBE, 0x38, 0x05, 0xCC, 0xB8, 0xD9, 0x7F, 0xFD, 0xDB, 0x99, 0xDE, 0x6B, 0x6C, 0xF0,
    0xB5, 0xB3, 0x1C, 0x67, 0x1D, 0xF3, 0xF9, 0xDA, 0x17, 0x2E, 0x5E, 0x7C, 0x16, 0xAE, 0x8D, 0x8D,
    0x5F, 0x7F, 0x56, 0xD6, 0xD3, 0x45, 0x7F, 0x1D, 0xD6, 0x2A, 0x87, 0xB3, 0xB0, 0x24, 0x80, 0x83,
    0xAE, 0xC3, 0xEF, 0xAA, 0x08, 0xBD, 0x1B, 0x41, 0xA5, 0x2B, 0xCC, 0x8D, 0x22, 0x88, 0x4C, 0x8C,
    0x82, 0xCA, 0xA3, 0x9F, 0x02, 0xB0, 0x7E, 0xEF, 0xAB, 0x62, 0xC0, 0x8E, 0x82, 0xC1, 0x4A, 0x6B,
    0xAA, 0xD4, 0xE8, 0x96, 0x4A, 0x69, 0xB7, 0x84, 0xE7, 0xE6, 0x33, 0x3F, 0x0D, 0xC4, 0x33, 0x3F,
    0x15, 0x1F, 0xE7, 0x0D, 0x9C, 0x29, 0x98, 0xBC, 0x7E, 0x7D, 0x13, 0x3D, 0x9A, 0x53, 0x41, 0x30,
    0x35, 0x15, 0x0C, 0x4B, 0xFF, 0x26, 0xFE, 0xB5, 0xB4, 0x74, 0xDA, 0xEF, 0x27, 0xE3, 0xAB, 0x16,
    0x35, 0xE2, 0x46, 0xEC, 0x85, 0xFD, 0xA0, 0x12, 0xBA, 0xC9, 0xE9, 0x66, 0x19, 0xE6, 0x66, 0x19,
    0x8C, 0xDC, 0x25, 0x39, 0x3B, 0x39, 0xA1, 0x34, 0xCE, 0xB3, 0x21, 0xFE, 0x13, 0xC0, 0xF9, 0x47,
    0x31, 0x5C, 0x5F, 0x07, 0xA8, 0x4B, 0x45, 0xFF, 0xC9, 0x3E, 0x95, 0xD4, 0xF0, 0x0B, 0xE1, 0x1C,
    0x0B, 0xAB, 0x96, 0xB9, 0xA8, 0xAD, 0xCC, 0xE2, 0x57, 0x4B, 0x3D, 0x7E, 0x8C, 0x03, 0xD8, 0x7F,
    0xFD, 0xC8, 0x97, 0xC1, 0x17, 0xCF, 0x8A, 0x29, 0x50, 0x21, 0x17, 0xDD, 0x74, 0xFD, 0x3C, 0xD8,
    0x74, 0xB5, 0x6B, 0xBC, 0xB9, 0xAE, 0xD2, 0x66, 0x7F, 0xB6, 0x9D, 0xFE, 0xE0, 0x26, 0x58, 0x00,
    0x89, 0x81, 0xAE, 0xEC, 0xD6, 0xB3, 0x59, 0x45, 0x87, 0x59, 0x19, 0x81, 0x50, 0x55, 0xE9, 0xC7,
    0x64, 0xFF, 0xC3, 0x52, 0x8F, 0xEA, 0xCF, 0x59, 0xD3, 0xB8, 0x78, 0x30, 0xDA, 0x82, 0x16, 0x0D,
    0x2A, 0x6B, 0x00, 0x91, 0xD9, 0xAE, 0x05, 0x56, 0x02, 0x18, 0x06, 0x1C, 0xBB, 0xC2, 0x4C, 0x40,
    0x50, 0x27, 0xD0, 0xED, 0x65, 0xAC, 0x43, 0x0D, 0x02, 0x6C, 0x01, 0xF4, 0xD8, 0xF9, 0x37, 0x6C,
    0xD1, 0xAC, 0xA5, 0x77, 0x12, 0x40, 0x41, 0x54, 0xBE, 0x97, 0x06, 0x03, 0xEB, 0xBF, 0x0C, 0xFD,
    0xFB, 0xF4, 0x60, 0x7B, 0xCC, 0x09, 0xC0, 0x6D, 0x40, 0xB8, 0x6F, 0x68, 0x4C, 0xCE, 0xFE, 0x2C,
    0x2C, 0xBD, 0x8A, 0xEF, 0xFA, 0x95, 0x7B, 0x29, 0xE8, 0x81, 0x1D, 0x2A, 0x5B, 0x41, 0x19, 0x96,
    0xB8, 0xEF, 0xE3, 0x2A, 0xD3, 0x0E, 0x2A, 0x59, 0xC8, 0x08, 0x91, 0xE6, 0x5C, 0xE9, 0xBF, 0x44,
    0x70, 0x2E, 0xE7, 0xB5, 0x8D, 0xA9, 0x93, 0xB2, 0xF9, 0xFB, 0x55, 0x36, 0xFF, 0xE1, 0x7F, 0x72,
    0xF0, 0x81, 0x56, 0x42, 0xE8, 0x49, 0x9A, 0xE8, 0x31, 0x14, 0x1F, 0xC6, 0xA7, 0xE0, 0xC6, 0xFA,
    0x94, 0xE2, 0x84, 0x8C, 0x4F, 0xE2, 0x82, 0x12, 0xA3, 0x89, 0xD8, 0xCF, 0xA7, 0x0C, 0x1F, 0xFD,
    0x67, 0x8E, 0x8E, 0x31, 0xF6, 0x2A, 0xEC, 0x37, 0xA5, 0x81, 0x56, 0x39, 0xB1, 0xE2, 0x30, 0x37,
    0x24, 0xA3, 0x3B, 0x90, 0x3C, 0xAC, 0x91, 0x70, 0xBE, 0x16, 0xC2, 0x20, 0x7D, 0xA2, 0xF6, 0x45,
    0x46, 0xA2, 0xEF, 0xDD, 0xFB, 0x72, 0x00, 0xB0, 0x0A, 0x03, 0x33, 0xC4, 0x60, 0x7D, 0xA0, 0xDB,
    0xBD, 0xE2, 0x6B, 0x87, 0x98, 0x1C, 0xF8, 0x29, 0x00, 0x76, 0x73, 0xF7, 0x77, 0x90, 0xA5, 0x3D,
    0x9C, 0xCB, 0x1C, 0x48, 0x96, 0xCC, 0xA9, 0x42, 0x5C, 0x94, 0xC9, 0xEB, 0x7B, 0x9E, 0x70, 0xBF,
    0x45, 0xA1, 0xDF, 0xF4, 0x09, 0x0A, 0x5A, 0xA3, 0xB4, 0x77, 0x68, 0xD3, 0x4D, 0xE5, 0xEB, 0xB4,
    0x0B, 0x87, 0xB6, 0x61, 0x51, 0xE5, 0xF8, 0x1A, 0x62, 0xA7, 0xF6, 0x17, 0xBB, 0x4C, 0xEB, 0x14,
    0xF1, 0x99, 0xCD, 0xC5, 0xFB, 0xB5, 0x75, 0x6A, 0xD7, 0xAB, 0xBB, 0xE4, 0x5F, 0xD6, 0x1F, 0x30,
    0x52, 0xF3, 0x69, 0x05, 0xD8, 0x0B, 0xD6, 0xF3, 0x11, 0xA8, 0x81, 0xEB, 0x38, 0x4F, 0x13, 0x75,
    0x95, 0xDF, 0xE1, 0xD4, 0x42, 0xEF, 0xEE, 0x3B, 0x11, 0xFB, 0xA1, 0x9E, 0xF2, 0x77, 0xCD, 0x81,
    0x55, 0xE5, 0xE2, 0xBD, 0xB0, 0xF8, 0xB7, 0x92, 0x27, 0x25, 0x69, 0x48, 0xDE, 0x94, 0xB5, 0x72,
    0x53, 0x55, 0x2B, 0xF7, 0x0A, 0xC3, 0x3D, 0x75, 0x34, 0xE0, 0xD6, 0xEE, 0x2F, 0xB7, 0xA7, 0xC6,
    0xBA, 0x7D, 0x1F, 0x1E, 0x74, 0x94, 0x6A, 0x17, 0xEF, 0x98, 0x0F, 0x29, 0x10, 0x2A, 0x05, 0x27,
    0x5A, 0x36, 0x1F, 0xAD, 0x4E, 0x61, 0x3E, 0x8C, 0xF6, 0x5A, 0x2E, 0x04, 0x9B, 0x03, 0xEE, 0xC8,
    0xD4, 0x36, 0x3F, 0x68, 0xF8, 0xEF, 0x43, 0x17, 0x08, 0x33, 0xBA, 0xEF, 0x8F, 0x54, 0x6D, 0x71,
    0x59, 0xAB, 0x7A, 0xAF, 0xDA, 0xE2, 0x47, 0x95, 0x6E, 0x4D, 0x1D, 0xC2, 0x93, 0x0C, 0x48, 0xAE,
    0xBB, 0x71, 0x29, 0x0F, 0x2F, 0xCB, 0xA8, 0x4B, 0x22, 0x4B, 0x53, 0x06, 0x3D, 0x69, 0xF4, 0xC1,
    0x90, 0x74, 0x85, 0x4B, 0x35, 0xEA, 0x8A, 0xDC, 0x9E, 0x3E, 0xDA, 0x53, 0xB3, 0xDF, 0x92, 0x70,
    0x1B, 0x87, 0x0A, 0xF7, 0xA8, 0x7C, 0x2E, 0x13, 0xED, 0x54, 0xE6, 0x94, 0xA6, 0x3D, 0xEA, 0xC2,
    0x7D, 0x8A, 0x79, 0x55, 0xF9, 0x08, 0xD7, 0x43, 0x52, 0xEA, 0xD7, 0x27, 0xC0, 0xA8, 0xDC, 0xC4,
    0x34, 0xA7, 0x0A, 0x54, 0xF9, 0xAF, 0x55, 0x36, 0xA2, 0x36, 0x38, 0x61, 0x60, 0x83, 0xAB, 0xDD,
    0xE9, 0x8A, 0xB8, 0x54, 0xF1, 0xAE, 0xC9, 0xBC, 0xE1, 0x21, 0xA9, 0x88, 0x9B, 0x0F, 0x4F, 0x35,
    0x64, 0x7F, 0xE3, 0x52, 0x77, 0xF7, 0x64, 0x58, 0x6F, 0x4E, 0xF2, 0xCB, 0xFD, 0xBC, 0x9F, 0x72,
    0x4F, 0x61, 0xDF, 0xFF, 0x2C, 0x10, 0xE6, 0xF7, 0x13, 0xF8, 0x56, 0xD1, 0x3D, 0xF5, 0xB1, 0xBC,
    0x44, 0x26, 0x62, 0xDA, 0x78, 0x8D, 0x54, 0xAF, 0x07, 0xAB, 0xD2, 0xA7, 0x0C, 0xCF, 0x59, 0x15,
    0x5B, 0xA9, 0x35, 0xE4, 0x58, 0x1B, 0xEA, 0x93, 0x71, 0x75, 0xCD, 0xA0, 0x8A, 0x4E, 0x54, 0x64,
    0x12, 0xC4, 0x2E, 0xE5, 0x48, 0xFA, 0x8E, 0x9A, 0x21, 0x9B, 0x37, 0xBF, 0x74, 0x89, 0x2B, 0x7D,
    0xB2, 0xDF, 0x86, 0xEC, 0x9B, 0xBB, 0x3C, 0xAF, 0x1C, 0x8B, 0xC1, 0x1D, 0x1D, 0x43, 0x4B, 0x9B,
    0xA9, 0xE2, 0x68, 0x55, 0x7E, 0xFA, 0xB0, 0x47, 0xBD, 0x6B, 0xC7, 0x9F, 0x2E, 0xAF, 0x23, 0x6F,
    0xE8, 0x88, 0x13, 0xEC, 0xDE, 0x07, 0xBB, 0x72, 0x41, 0xCE, 0x15, 0x3D, 0x00, 0x05, 0xB7, 0xC0,
    0x50, 0x41, 0x19, 0xF4, 0x0A, 0x89, 0x40, 0x27, 0x68, 0x7D, 0x68, 0xCB, 0x95, 0xE9, 0x48, 0xE5,
    0x47, 0xA9, 0x51, 0x74, 0xAC, 0x41, 0xD6, 0x5E, 0x56, 0x65, 0xE7, 0x68, 0xC3, 0x27, 0xFB, 0x24,
    0xCB, 0x95, 0x53, 0x0F, 0x9C, 0x6D, 0x2A, 0xB4, 0xA8, 0xAA, 0x2A, 0x46, 0xEB, 0xA6, 0xD8, 0x69,
    0xFF, 0x18, 0x59, 0x4C, 0xFF, 0x37, 0xA5, 0x95, 0xA4, 0x2B, 0x92, 0x58, 0xED, 0xAC, 0x22, 0x49,
    0xFD, 0xA4, 0xB0, 0xCD, 0x8E, 0x8D, 0x81, 0xB9, 0x98, 0xEA, 0x85, 0xEC, 0x34, 0x15, 0xBB, 0x64,
    0xD4, 0xE4, 0x35, 0x0C, 0x5F, 0xC3, 0x6C, 0xFE, 0xA8, 0x95, 0xF9, 0x7F, 0x5B, 0x6A, 0x2E, 0xB0,
    0xE6, 0xA2, 0xAA, 0x0E, 0xB3, 0x7E, 0x52, 0x64, 0xE8, 0x81, 0xB7, 0xFD, 0x9E, 0xD4, 0x68, 0x12,
    0xFB, 0xBA, 0x6B, 0x3A, 0x87, 0xCF, 0x2C, 0x3C, 0x94, 0x85, 0x8C, 0x0A, 0xF5, 0x96, 0x72, 0xAE,
    0x54, 0x1D, 0x38, 0x92, 0x75, 0x24, 0x7A, 0x82, 0x47, 0xB9, 0xF0, 0x51, 0x31, 0x80, 0x34, 0x26,
    0x75, 0x24, 0x64, 0x6E, 0x6E, 0xCF, 0x50, 0x2A, 0x11, 0xE5, 0x5E, 0xA2, 0x27, 0xC7, 0xBA, 0x93,
    0x0A, 0x13, 0xF3, 0x98, 0x2B, 0x69, 0x08, 0xAC, 0x33, 0x44, 0xB9, 0x5C, 0xEE, 0xBE, 0x42, 0x1E,
    0xEC, 0x05, 0x91, 0x3D, 0x2D, 0x56, 0xBD, 0x55, 0x9C, 0x6C, 0x56, 0x64, 0x95, 0xEF, 0x47, 0xA5,
    0xFE, 0x6C, 0x4B, 0x85, 0x9A, 0xD2, 0x51, 0x82, 0x1E, 0x6B, 0x2E, 0xF8, 0x84, 0xF7, 0x07, 0x35,
    0xA0, 0xEA, 0x24, 0x62, 0x1E, 0xA4, 0xC9, 0x82, 0x19, 0x7E, 0xB2, 0xFB, 0x1F, 0x85, 0xCD, 0x8D,
    0xDA, 0xB7, 0x41, 0x35, 0x90, 0xBD, 0x1B, 0x7E, 0xDE, 0xAB, 0x91, 0xED, 0x39, 0x9C, 0xD5, 0x67,
    0xB9, 0x8D, 0x87, 0x38, 0xA8, 0x51, 0x74, 0xF0, 0x8F, 0xBD, 0x07, 0x8D, 0x8B, 0xB1, 0x80, 0xC9,
    0x95, 0x40, 0xEE, 0x39, 0xEC, 0xB1, 0x4A, 0xC8, 0xF0, 0x27, 0x50, 0xC9, 0xC8, 0x37, 0xE2, 0x83,
    0x04, 0x75, 0x19, 0xA7, 0xE3, 0x0A, 0x42, 0x39, 0x89, 0x80, 0xD8, 0xAB, 0x7A, 0x61, 0x87, 0x45,
    0x2A, 0xEF, 0x19, 0x69, 0x72, 0xE0, 0x23, 0xD5, 0x36, 0x04, 0xDD, 0x40, 0xC6, 0x09, 0xE5, 0xB9,
    0xC8, 0x5A, 0x27, 0xE7, 0xE1, 0xE4, 0x96, 0xF7, 0xF8, 0x92, 0x7D, 0x6A, 0xBE, 0x76, 0x57, 0x13,
    0x97, 0x6C, 0xB9, 0xFC, 0x81, 0x74, 0xBE, 0xC4, 0xB9, 0x36, 0x2B, 0xF1, 0x84, 0x2D, 0x6D, 0xFA,
    0xA5, 0xE5, 0x5B, 0x25, 0xD6, 0x55, 0x95, 0x6B, 0x8D, 0xDB, 0x0D, 0xFA, 0x84, 0x5B, 0xDA, 0xFB,
    0x2B, 0x68, 0xF3, 0xAF, 0xA0, 0xDD, 0xBF, 0x82, 0xB6, 0xFF, 0x0A, 0xDA, 0xFF, 0xCB, 0x1B, 0x80,
    0x7B, 0x77, 0x00, 0xFB, 0x9C, 0x91, 0x4E, 0x99, 0x97, 0x89, 0xD4, 0x8F, 0xD7, 0xD9, 0x9B, 0x80,
    0xC9, 0xF1, 0x64, 0xE8, 0x96, 0x7A, 0x52, 0x53, 0xF6, 0xFB, 0x61, 0x17, 0xD4, 0x01, 0x6D, 0x36,
    0xA4, 0xA7, 0xF9, 0x91, 0x0D, 0x47, 0x4F, 0xF2, 0xA3, 0xE7, 0xF8, 0xD1, 0x53, 0xFC, 0x76, 0x8D,
    0x44, 0x1E, 0xD0, 0x63, 0x0A, 0x14, 0x21, 0xEA, 0x22, 0x10, 0xF6, 0x8E, 0xC7, 0x14, 0x64, 0xD5,
    0x2B, 0xD4, 0x89, 0x2E, 0x62, 0xA1, 0x76, 0x79, 0x3E, 0x48, 0x01, 0x8B, 0x87, 0xDB, 0x01, 0xB2,
    0xBF, 0x3E, 0x4A, 0x87, 0x27, 0xD5, 0x65, 0xE7, 0xEB, 0x30, 0x0B, 0xE9, 0x61, 0xD6, 0xCA, 0x6D,
    0xB6, 0xF4, 0x2C, 0x9C, 0x9F, 0x0D, 0x7E, 0x68, 0x4E, 0x22, 0xAC, 0xD7, 0xD7, 0xE8, 0x10, 0x5E,
    0x46, 0x4B, 0x0F, 0x1F, 0x9D, 0x23, 0xB6, 0xF8, 0xE1, 0x39, 0x57, 0xF9, 0xF1, 0x39, 0x07, 0xE8,
    0x7C, 0xFD, 0xFB, 0x0C, 0xD8, 0x18, 0x03, 0x36, 0xC6, 0x80, 0x8D, 0x32, 0x60, 0xA3, 0x0C, 0xD8,
    0x30, 0x03, 0x66, 0xDB, 0x31, 0x02, 0x66, 0x23, 0x0C, 0xAB, 0xFC, 0xE8, 0x9F, 0x0D, 0x50, 0x06,
    0xE8, 0xC1, 0x7B, 0xEE, 0x25, 0xC0, 0x49, 0xC2, 0x55, 0x1D, 0x13, 0x86, 0xA1, 0xC9, 0x43, 0xDA,
    0x12, 0x03, 0x18, 0x50, 0xB9, 0x2A, 0xDC, 0x77, 0x62, 0x04, 0x0C, 0xAB, 0x99, 0x00, 0x60, 0xCE,
    0x93, 0x98, 0xFD, 0xD3, 0x35, 0x1E, 0x14, 0xB0, 0x82, 0x32, 0x3D, 0xBB, 0xE3, 0x44, 0x67, 0x5D,
    0x8E, 0xAB, 0x13, 0x9D, 0xDB, 0x3A, 0xA2, 0xE2, 0x0E, 0x23, 0x35, 0xB9, 0x6A, 0x48, 0x1A, 0x11,
    0x62, 0x9F, 0x90, 0x0A, 0xCE, 0xDC, 0x4A, 0x20, 0x51, 0x2C, 0x55, 0x38, 0x63, 0xA7, 0xCF, 0x6C,
    0x44, 0x69, 0x27, 0x15, 0x55, 0x77, 0x85, 0x84, 0x21, 0x21, 0x71, 0xF8, 0x11, 0x5F, 0x4F, 0x3C,
    0x35, 0xA3, 0x5A, 0x0E, 0xE6, 0xEA, 0x0E, 0x90, 0x83, 0x05, 0x37, 0x31, 0x0C, 0x53, 0xF1, 0x81,
    0x9F, 0x61, 0xF1, 0x81, 0x00, 0x58, 0x7B, 0x99, 0x8A, 0x0F, 0x20, 0xBD, 0xDC, 0x2A, 0x6A, 0x1C,
    0xF9, 0x8D, 0x8B, 0xE1, 0x1E, 0x1B, 0x17, 0x0F, 0x80, 0xDD, 0xF6, 0x15, 0xBC, 0x78, 0x63, 0x05,
    0xE7, 0x93, 0x9C, 0x6E, 0x39, 0x32, 0x7A, 0x1C, 0x96, 0x7C, 0x20, 0x96, 0x7C, 0x24, 0x96, 0x7C,
    0x28, 0x16, 0x3E, 0x16, 0x2B, 0x62, 0x15, 0x9C, 0x30, 0xB6, 0xDB, 0xA3, 0xB1, 0x1E, 0xE2, 0xC7,
    0xBF, 0x4E, 0xF7, 0x89, 0x0B, 0xAB, 0xB8, 0x6D, 0xC3, 0x5D, 0x47, 0x25, 0x04, 0xF3, 0x2C, 0x5F,
    0x12, 0xC6, 0x5B, 0xC2, 0xF8, 0x9E, 0x10, 0x6F, 0x0B, 0xF1, 0xBB, 0x2A, 0x19, 0x93, 0xF3, 0x31,
    0x31, 0x25, 0x33, 0xCC, 0x7E, 0x41, 0x2F, 0x01, 0x0D, 0x0C, 0xE0, 0x43, 0x33, 0x28, 0xFF, 0x1B,
    0x91, 0x64, 0x0B, 0x59, 0x53, 0xF6, 0x7D, 0x51, 0xFF, 0x4B, 0xD1, 0x68, 0x8B, 0x0B, 0x25, 0x24,
    0x60, 0x80, 0x7C, 0x74, 0x50, 0x8C, 0x8E, 0x88, 0xA1, 0x71, 0x31, 0x34, 0x2B, 0x86, 0x16, 0x89,
    0x18, 0xCE, 0xD1, 0xEF, 0x24, 0xFD, 0xBA, 0xB9, 0x5F, 0x87, 0x53, 0x41, 0xF3, 0xD9, 0xA0, 0x3A,
    0x27, 0x94, 0x56, 0x48, 0x61, 0x07, 0xB5, 0x19, 0xF0, 0x2C, 0xFC, 0xC4, 0xCF, 0xDB, 0xFB, 0xAF,
    0xF3, 0x61, 0xBE, 0x10, 0x76, 0x9D, 0x2D, 0xCC, 0xC3, 0x88, 0x3E, 0x60, 0x4A, 0xF4, 0xC8, 0x51,
    0xDF, 0x55, 0x66, 0x10, 0xE5, 0x9B, 0x6F, 0xD5, 0xD9, 0x7A, 0x66, 0xDA, 0x68, 0xF9, 0x39, 0x3D,
    0x50, 0xD1, 0x52, 0x11, 0xE8, 0xE9, 0xC2, 0xE1, 0xD4, 0xF1, 0xD9, 0x43, 0x77, 0xAC, 0xF6, 0xFA,
    0xB1, 0xCF, 0xF7, 0x25, 0x92, 0x17, 0xF6, 0x07, 0xF4, 0xD7, 0x30, 0x2F, 0xD8, 0xD1, 0x99, 0xBC,
    0x9B, 0x7C, 0x38, 0x6F, 0x2B, 0x68, 0x4E, 0x55, 0x38, 0x14, 0x1E, 0xB5, 0x35, 0x82, 0xB3, 0x5E,
    0x7E, 0x1E, 0x97, 0x38, 0x59, 0x36, 0xB1, 0x92, 0x23, 0x6C, 0x1F, 0x50, 0x13, 0xE9, 0x86, 0xF8,
    0x58, 0x66, 0xA9, 0x2E, 0x8B, 0xC3, 0xDB, 0xA1, 0xDA, 0xD7, 0x07, 0x1D, 0x4C, 0xE0, 0xBE, 0x23,
    0xDA, 0x16, 0xE7, 0xFE, 0x40, 0xE4, 0x2B, 0x1B, 0xD1, 0x2D, 0xB2, 0x94, 0x5E, 0x86, 0xE3, 0x68,
    0x0C, 0xBC, 0x88, 0x7A, 0xE6, 0xAE, 0x7A, 0xEF, 0x8F, 0xA3, 0xFD, 0x57, 0xD9, 0x83, 0x16, 0x72,
    0x65, 0x8F, 0x32, 0xBF, 0x4C, 0xD6, 0xDF, 0x86, 0xDE, 0xAF, 0xB9, 0xAA, 0xBD, 0x56, 0xCB, 0x7A,
    0xE7, 0xE1, 0xD4, 0xC3, 0xB6, 0x5F, 0x93, 0xE6, 0x9D, 0x65, 0xF3, 0xA4, 0x42, 0x8C, 0xAB, 0xBD,
    0x4D, 0xCE, 0xF7, 0x35, 0xFE, 0x82, 0x9D, 0xF8, 0xCB, 0x15, 0xFB, 0x0B, 0x35, 0xD6, 0x42, 0x8D,
    0xB5, 0x50, 0x63, 0x2D, 0x7C, 0xD8, 0xB0, 0xB6, 0xCF, 0xDA, 0x86, 0x41, 0x52, 0x6E, 0xC0, 0x21,
    0xBE, 0xEF, 0xFE, 0x2F, 0xD2, 0x36, 0x1E, 0x4F, 0x88, 0x04, 0xA7, 0xC9, 0xB9, 0x21, 0x66, 0x4A,
    0x74, 0x98, 0x65, 0x35, 0x63, 0x3C, 0x77, 0x68, 0xF2, 0x92, 0xD9, 0x62, 0xF9, 0x78, 0x95, 0x15,
    0xAE, 0x4F, 0x52, 0xCD, 0x27, 0x3B, 0x1B, 0x52, 0xBE, 0x48, 0x4F, 0xED, 0x60, 0xFE, 0xAC, 0x5A,
    0x27, 0xAB, 0x6A, 0xEA, 0x57, 0x15, 0x92, 0xAB, 0x3B, 0x50, 0xBC, 0xB0, 0xC3, 0xAA, 0x98, 0x79,
    0x24, 0xF3, 0x03, 0x54, 0x1E, 0xD6, 0x0E, 0x87, 0x82, 0xDE, 0x3E, 0xA0, 0x30, 0x35, 0xA9, 0x7C,
    0xBB, 0x8B, 0x8A, 0x76, 0xA7, 0x8C, 0x47, 0x3A, 0xB5, 0xA2, 0x0F, 0x45, 0xE4, 0x99, 0x49, 0x54,
    0x19, 0xBC, 0xDA, 0x8B, 0x68, 0x5A, 0xD4, 0xD0, 0x4A, 0x99, 0x1B, 0x42, 0xC1, 0xD0, 0x77, 0x14,
    0xEB, 0xA7, 0xFF, 0x7F, 0x75, 0x50, 0x4B, 0x4E, 0xC3, 0x30, 0x10, 0x7D, 0x4E, 0x52, 0x8A, 0x48,
    0xD4, 0x48, 0x88, 0x76, 0x81, 0x5A, 0xD8, 0x16, 0x54, 0xDA, 0x4D, 0x17, 0x45, 0xAA, 0x64, 0x1F,
    0x80, 0x05, 0xE7, 0x60, 0xD3, 0x13, 0xB4, 0xF1, 0x11, 0x7A, 0x0D, 0x72, 0x08, 0xEC, 0x23, 0xF8,
    0x08, 0x59, 0xB1, 0x44, 0x59, 0x20, 0xD1, 0x05, 0xD4, 0x8C, 0x27, 0x29, 0x2A, 0x48, 0x8C, 0xF4,
    0xC6, 0xE3, 0x37, 0x9F, 0x37, 0xB6, 0xF1, 0xDA, 0x78, 0xFB, 0x54, 0x92, 0x6F, 0x03, 0x4F, 0x66,
    0xD9, 0x95, 0x64, 0x5A, 0x86, 0x70, 0x5F, 0x04, 0xEF, 0x6F, 0x03, 0xF3, 0xCC, 0x8C, 0xF7, 0xAE,
    0x68, 0x4F, 0x66, 0xCB, 0x72, 0x5B, 0xB6, 0xA6, 0x7E, 0x02, 0x40, 0xD8, 0x14, 0x43, 0x2C, 0xB0,
    0x50, 0xB2, 0x9E, 0xD5, 0x79, 0x2D, 0x54, 0x02, 0xA3, 0xBC, 0x35, 0x76, 0xE0, 0x84, 0x8D, 0x28,
    0x3B, 0x06, 0x90, 0xA0, 0x40, 0xE0, 0xFA, 0x96, 0x38, 0xDD, 0x70, 0x42, 0xE5, 0xD4, 0x21, 0xEB,
    0xA5, 0x5A, 0xD0, 0x84, 0x1E, 0x22, 0x0B, 0xB6, 0x88, 0x6A, 0x7A, 0x48, 0x31, 0x21, 0x76, 0xCE,
    0x93, 0x97, 0x4A, 0x56, 0xB2, 0xE6, 0xF9, 0x55, 0x50, 0x08, 0x1A, 0x1D, 0x48, 0x2D, 0xB5, 0x71,
    0x85, 0x2B, 0x2A, 0x59, 0xF5, 0xAB, 0xA4, 0x86, 0x43, 0x25, 0x2C, 0x5C, 0x57, 0xC5, 0x7A, 0x84,
    0x11, 0xCF, 0x4A, 0x58, 0x39, 0x68, 0xD3, 0xE3, 0x49, 0xFF, 0xDC, 0x0E, 0xC2, 0x06, 0x36, 0xD6,
    0x31, 0x6D, 0x71, 0x46, 0xD3, 0xE7, 0x5C, 0x27, 0xC2, 0x36, 0x34, 0x9B, 0x34, 0xDE, 0x83, 0xD2,
    0x3D, 0x69, 0xCE, 0x69, 0xCB, 0x09, 0x6F, 0x96, 0xF2, 0x4E, 0x38, 0x58, 0xAE, 0x81, 0x6B, 0xDB,
    0x20, 0xB7, 0xCD, 0xBD, 0x0B, 0x5C, 0xC5, 0xD1, 0x56, 0x7E, 0x98, 0x5A, 0xBE, 0xAE, 0xEA, 0x7E,
    0x2C, 0x54, 0xE0, 0x38, 0x3F, 0x73, 0xBF, 0x6B, 0x53, 0xD5, 0xA0, 0xAB, 0xB8, 0x8F, 0x11, 0xFF,
    0x83, 0xE8, 0x08, 0x09, 0x41, 0x1E, 0x61, 0x4A, 0xC8, 0x80, 0x4D, 0x36, 0x53, 0xC6, 0x7B, 0xBD,
    0xC9, 0x56, 0x8A, 0x9F, 0x7D, 0xC8, 0x8F, 0x9A, 0x3C, 0xE3, 0xB4, 0xC5, 0xE1, 0x7E, 0x77, 0x54,
    0x37, 0x04, 0x8A, 0x87, 0x42, 0x99, 0x37, 0xAF, 0x6F, 0xB2, 0xCB, 0xA6, 0x6F, 0xFA, 0x47, 0x8B,
    0xB4, 0x53, 0x27, 0x77, 0xE6, 0xCB, 0xEF, 0xFD, 0xDE, 0x7C, 0xC9, 0xDD, 0xC9, 0xB6, 0xFD, 0x8D,
    0x19, 0xB0, 0x06, 0x76, 0x52, 0xC1, 0x43, 0x7C, 0x52, 0xED, 0x0B, 0x1D, 0x1D, 0xE0, 0x02, 0x78,
    0x5C, 0x7B, 0x3F, 0xFE, 0x06, 0x65, 0xD0, 0x3B, 0x72, 0xC2, 0x30, 0x10, 0x06, 0xE0, 0x7F, 0xA5,
    0x09, 0x9E, 0xC4, 0x03, 0x4E, 0x99, 0x86, 0xF8, 0x08, 0xA4, 0xA0, 0x84, 0xB1, 0x8F, 0x44, 0x41,
    0x91, 0x22, 0x85, 0xFA, 0x1C, 0x80, 0x96, 0x23, 0xB8, 0xA0, 0x65, 0x66, 0x6F, 0x80, 0x8E, 0xA0,
    0x23, 0xA8, 0xA0, 0xA0, 0xB0, 0xAD, 0xAC, 0x6C, 0x69, 0x28, 0xB2, 0xD5, 0x37, 0xD2, 0x3E, 0x66,
    0x17, 0x78, 0x47, 0x8A, 0x7D, 0xC6, 0xA6, 0x4D, 0xA8, 0x38, 0xA1, 0xB0, 0x09, 0xE4, 0x73, 0x52,
    0x97, 0xB1, 0xCD, 0xF8, 0xC0, 0xBF, 0x58, 0xE4, 0xB2, 0xB7, 0xDC, 0x28, 0x41, 0x95, 0xAB, 0x94,
    0x51, 0x0D, 0xC0, 0x8B, 0xA0, 0xAC, 0x7B, 0xE0, 0x35, 0x62, 0xBC, 0x03, 0x4B, 0x81, 0x7E, 0x40,
    0xB5, 0xEB, 0x58, 0x7D, 0x86, 0x6E, 0x3F, 0xA7, 0x74, 0x2E, 0x66, 0x10, 0x6B, 0x33, 0x41, 0x09,
    0xAA, 0x04, 0x9E, 0x40, 0x76, 0x06, 0x93, 0x55, 0x11, 0xC4, 0x70, 0x64, 0xCB, 0x56, 0x3E, 0x12,
    0x94, 0x85, 0x87, 0x2B, 0x0C, 0x6A, 0x27, 0xF0, 0xDA, 0xE0, 0xEA, 0x65, 0x1F, 0x01, 0x39, 0x8F,
    0x0B, 0x3A, 0x2D, 0x4D, 0x3B, 0x1C, 0x71, 0x88, 0x9D, 0x8E, 0xF8, 0xC6, 0x41, 0x71, 0x1D, 0x1E,
    0x82, 0x2F, 0xC5, 0x4D, 0xE8, 0xF1, 0x13, 0x5F, 0x9A, 0x71, 0x87, 0x11, 0x9E, 0x78, 0x71, 0xDF,
    0x9C, 0xC2, 0xC9, 0xC9, 0x20, 0x54, 0xE1, 0x16, 0x2C, 0x19, 0x59, 0x34, 0xFC, 0x06, 0x43, 0x72,
    0x48, 0x1A, 0x68, 0x84, 0x7A, 0x9E, 0xE4, 0x0F,
};

static const EpdGlyph scheherazadenew_18_regularGlyphs[] = {
    { 0, 0, 161, 0, 0, 0, 0 }, // U+0020
    { 5, 26, 206, 4, 24, 33, 0 }, // !
    { 10, 10, 221, 2, 23, 25, 33 }, // "
    { 17, 24, 271, 0, 23, 102, 58 }, // #
    { 15, 28, 271, 1, 25, 105, 160 }, // $
    { 25, 25, 469, 2, 24, 157, 265 }, // %
    { 25, 24, 422, 1, 23, 150, 422 }, // &
    { 4, 10, 98, 1, 23, 10, 572 }, // '
    { 13, 36, 244, 2, 26, 117, 582 }, // (
    { 13, 36, 244, 1, 26, 117, 699 }, // )
    { 15, 16, 242, 0, 13, 60, 816 }, // *
    { 20, 19, 322, 0, 19, 95, 876 }, // +
    { 6, 10, 136, 1, 4, 15, 971 }, // ,
    { 9, 3, 181, 1, 9, 7, 986 }, // -
    { 5, 5, 199, 3, 4, 7, 993 }, // .
    { 10, 34, 191, 1, 28, 85, 1000 }, // /
    { 15, 24, 271, 1, 23, 90, 1085 }, // 0
    { 10, 23, 271, 3, 23, 58, 1175 }, // 1
    { 16, 23, 271, 0, 23, 92, 1233 }, // 2
    { 14, 24, 271, 1, 23, 84, 1325 }, // 3
    { 16, 23, 271, 0, 23, 92, 1409 }, // 4
    { 14, 24, 271, 1, 23, 84, 1501 }, // 5
    { 15, 24, 271, 1, 23, 90, 1585 }, // 6
    { 15, 24, 271, 1, 23, 90, 1675 }, // 7
    { 14, 24, 271, 2, 23, 84, 1765 }, // 8
    { 15, 24, 271, 1, 23, 90, 1849 }, // 9
    { 6, 18, 272, 5, 16, 27, 1939 }, // :
    { 7, 26, 183, 3, 19, 46, 1966 }, // ;
    { 21, 18, 522, 6, 19, 95, 2012 }, // <
    { 19, 8, 329, 1, 13, 38, 2107 }, // =
    { 21, 18, 522, 6, 19, 95, 2145 }, // >
    { 14, 24, 254, 1, 23, 84, 2240 }, // ?
    { 30, 32, 500, 1, 24, 240, 2324 }, // @
    { 25, 23, 390, 0, 23, 144, 2564 }, // A
    { 21, 23, 353, 0, 23, 121, 2708 }, // B
    { 21, 24, 362, 1, 23, 126, 2829 }, // C
    { 24, 23, 392, 0, 23, 138, 2955 }, // D
    { 20, 23, 331, 0, 23, 115, 3093 }, // E
    { 18, 23, 302, 0, 23, 104, 3208 }, // F
    { 24, 24, 392, 1, 23, 144, 3312 }, // G
    { 24, 23, 392, 0, 23, 138, 3456 }, // H
    { 11, 23, 181, 0, 23, 64, 3594 }, // I
    { 13, 24, 212, 0, 23, 78, 3658 }, // J
    { 25, 23, 392, 0, 23, 144, 3736 }, // K
    { 21, 23, 331, 0, 23, 121, 3880 }, // L
    { 30, 23, 483, 0, 23, 173, 4001 }, // M
    { 25, 24, 392, 0, 23, 150, 4174 }, // N
    { 23, 24, 392, 1, 23, 138, 4324 }, // O
    { 18, 23, 302, 0, 23, 104, 4462 }, // P
    { 23, 30, 392, 1, 23, 173, 4566 }, // Q
    { 23, 23, 362, 0, 23, 133, 4739 }, // R
    { 16, 24, 302, 2, 23, 96, 4872 }, // S
    { 20, 23, 330, 0, 23, 115, 4968 }, // T
    { 25, 24, 392, 0, 23, 150, 5083 }, // U
    { 25, 24, 392, 0, 23, 150, 5233 }, // V
    { 32, 24, 513, 0, 23, 192, 5383 }, // W
    { 25, 23, 392, 0, 23, 144, 5575 }, // X
    { 25, 23, 392, 0, 23, 144, 5719 }, // Y
    { 20, 23, 331, 0, 23, 115, 5863 }, // Z
    { 8, 33, 243, 3, 26, 66, 5978 }, // [
    { 10, 25, 151, 0, 24, 63, 6044 }, // <backslash>
    { 8, 33, 243, 4, 26, 66, 6107 }, // ]
    { 18, 20, 522, 7, 20, 90, 6173 }, // ^
    { 17, 2, 261, 0, -2, 9, 6263 }, // _
    { 9, 7, 204, 1, 24, 16, 6272 }, // `
    { 15, 17, 241, 1, 16, 64, 6288 }, // a
    { 17, 25, 271, -1, 24, 107, 6352 }, // b
    { 13, 17, 241, 1, 16, 56, 6459 }, // c
    { 17, 25, 271, 1, 24, 107, 6515 }, // d
    { 14, 17, 241, 1, 16, 60, 6622 }, // e
    { 14, 24, 181, 1, 24, 84, 6682 }, // f
    { 17, 24, 271, 0, 16, 102, 6766 }, // g
    { 17, 24, 271, 0, 24, 102, 6868 }, // h
    { 8, 22, 151, 1, 22, 44, 6970 }, // i
    { 10, 30, 151, -3, 22, 75, 7014 }, // j
    { 18, 24, 271, 0, 24, 108, 7089 }, // k
    { 9, 24, 151, 0, 24, 54, 7197 }, // l
    { 27, 16, 422, 0, 16, 108, 7251 }, // m
    { 17, 16, 271, 0, 16, 68, 7359 }, // n
    { 15, 17, 271, 1, 16, 64, 7427 }, // o
    { 17, 24, 271, -1, 16, 102, 7491 }, // p
    { 17, 24, 271, 1, 16, 102, 7593 }, // q
    { 12, 16, 186, 0, 16, 48, 7695 }, // r
    { 12, 17, 212, 1, 16, 51, 7743 }, // s
    { 10, 22, 151, 0, 21, 55, 7794 }, // t
    { 18, 17, 271, 0, 16, 77, 7849 }, // u
    { 17, 17, 271, 0, 16, 73, 7926 }, // v
    { 25, 17, 392, 0, 16, 107, 7999 }, // w
    { 17, 16, 271, 0, 16, 68, 8106 }, // x
    { 17, 24, 271, 0, 16, 102, 8174 }, // y
    { 15, 16, 241, 0, 16, 60, 8276 }, // z
    { 11, 35, 259, 3, 28, 97, 8336 }, // {
    { 3, 32, 109, 2, 24, 24, 8433 }, // |
    { 12, 35, 259, 2, 28, 105, 8457 }, // }
    { 18, 6, 295, 0, 12, 27, 8562 }, // ~
    { 31, 17, 538, 1, 15, 132, 0 }, // U+0600
    { 31, 10, 501, 0, 4, 78, 132 }, // U+0601
    { 27, 12, 463, 1, 10, 81, 210 }, // U+0602
    { 32, 15, 552, 1, 14, 120, 291 }, // U+0603
    { 42, 20, 710, 1, 17, 210, 411 }, // U+0604
    { 18, 6, 299, 0, 29, 27, 621 }, // U+0605
    { 24, 30, 385, 0, 27, 180, 648 }, // U+0606
    { 24, 30, 385, 0, 27, 180, 828 }, // U+0607
    { 25, 20, 395, 0, 9, 125, 1008 }, // U+0608
    { 23, 35, 434, 2, 28, 202, 1133 }, // U+0609
    { 28, 35, 496, 2, 28, 245, 1335 }, // U+060A
    { 14, 38, 243, 0, 23, 133, 1580 }, // U+060B
    { 8, 16, 272, 4, 13, 32, 1713 }, // U+060C
    { 12, 11, 230, 1, 12, 33, 1745 }, // U+060D
    { 33, 12, 564, 1, 14, 99, 1778 }, // U+060E
    { 22, 39, 389, 1, 18, 215, 1877 }, // U+060F
    { 11, 10, 0, 8, 36, 28, 2092 }, // U+0610
    { 12, 10, 0, 7, 35, 30, 2120 }, // U+0611
    { 16, 11, 0, 6, 37, 44, 2150 }, // U+0612
    { 16, 11, 0, 6, 37, 44, 2194 }, // U+0613
    { 24, 9, 0, -3, 38, 54, 2238 }, // U+0614
    { 12, 14, 0, 2, 44, 42, 2292 }, // U+0615
    { 18, 20, 0, -12, 47, 90, 2334 }, // U+0616
    { 10, 15, 0, 3, 41, 38, 2424 }, // U+0617
    { 6, 4, 0, 0, 31, 6, 2462 }, // U+0618
    { 6, 6, 0, 1, 35, 9, 2468 }, // U+0619
    { 5, 4, 0, 2, -16, 5, 2477 }, // U+061A
    { 8, 23, 272, 4, 21, 46, 2482 }, // U+061B
    { 0, 0, 0, 0, 0, 0, 2528 }, // U+061C
    { 15, 21, 274, 1, 21, 79, 2528 }, // U+061D
    { 12, 12, 223, 1, 12, 36, 2607 }, // U+061E
    { 13, 27, 266, 2, 25, 88, 2643 }, // U+061F
    { 23, 24, 398, 0, 17, 138, 2731 }, // U+0620
    { 13, 16, 234, 0, 12, 52, 2869 }, // U+0621
    { 19, 35, 126, -5, 34, 167, 2921 }, // U+0622
    { 8, 39, 126, 0, 38, 78, 3088 }, // U+0623
    { 17, 37, 243, -3, 24, 158, 3166 }, // U+0624
    { 8, 39, 126, 0, 27, 78, 3324 }, // U+0625
    { 27, 33, 480, 1, 26, 223, 3402 }, // U+0626
    { 4, 28, 126, 2, 27, 28, 3625 }, // U+0627
    { 32, 24, 574, 2, 15, 192, 3653 }, // U+0628
    { 10, 23, 213, 2, 22, 58, 3845 }, // U+0629
    { 32, 20, 574, 2, 18, 160, 3903 }, // U+062A
    { 32, 24, 574, 2, 22, 192, 4063 }, // U+062B
    { 26, 31, 447, 1, 11, 202, 4255 }, // U+062C
    { 26, 31, 447, 1, 11, 202, 4457 }, // U+062D
    { 26, 38, 447, 1, 18, 247, 4659 }, // U+062E
    { 13, 17, 264, 2, 16, 56, 4906 }, // U+062F
    { 13, 25, 264, 2, 24, 82, 4962 }, // U+0630
    { 16, 21, 225, -3, 10, 84, 5044 }, // U+0631
    { 16, 28, 225, -3, 17, 112, 5128 }, // U+0632
    { 33, 25, 573, 0, 11, 207, 5240 }, // U+0633
    { 33, 37, 573, 0, 23, 306, 5447 }, // U+0634
    { 41, 28, 681, 0, 14, 287, 5753 }, // U+0635
    { 41, 32, 681, 0, 18, 328, 6040 }, // U+0636
    { 28, 28, 464, 0, 28, 196, 6368 }, // U+0637
    { 28, 28, 464, 0, 28, 196, 6564 }, // U+0638
    { 26, 38, 443, 2, 18, 247, 6760 }, // U+0639
    { 26, 45, 443, 2, 25, 293, 7007 }, // U+063A
    { 41, 30, 656, 1, 29, 308, 7300 }, // U+063B
    { 41, 42, 656, 1, 28, 431, 7608 }, // U+063C
    { 27, 31, 480, 1, 24, 210, 8039 }, // U+063D
    { 27, 29, 480, 1, 22, 196, 8249 }, // U+063E
    { 27, 34, 480, 1, 27, 230, 8445 }, // U+063F
    { 7, 4, 53, -2, 4, 7, 8675 }, // U+0640
    { 35, 28, 614, 2, 27, 245, 8682 }, // U+0641
    { 22, 31, 417, 2, 26, 171, 8927 }, // U+0642
    { 21, 31, 399, 2, 30, 163, 9098 }, // U+0643
    { 19, 37, 376, 2, 30, 176, 9261 }, // U+0644
    { 13, 32, 247, 1, 14, 104, 9437 }, // U+0645
    { 18, 25, 350, 2, 17, 113, 9541 }, // U+0646
    { 10, 15, 213, 2, 14, 38, 9654 }, // U+0647
    { 17, 25, 243, -3, 12, 107, 9692 }, // U+0648
    { 27, 24, 480, 1, 17, 162, 9799 }, // U+0649
    { 27, 31, 480, 1, 17, 210, 9961 }, // U+064A
    { 10, 11, 0, -2, 37, 28, 10171 }, // U+064B
    { 11, 11, 0, -2, 37, 31, 10199 }, // U+064C
    { 9, 11, 0, 0, -14, 25, 10230 }, // U+064D
    { 10, 7, 0, -2, 33, 18, 10255 }, // U+064E
    { 10, 12, 0, -2, 38, 30, 10273 }, // U+064F
    { 9, 7, 0, 0, -14, 16, 10303 }, // U+0650
    { 10, 10, 0, -1, 36, 25, 10319 }, // U+0651
    { 7, 9, 0, -1, 35, 16, 10344 }, // U+0652
    { 19, 7, 0, -5, 33, 34, 10360 }, // U+0653
    { 9, 10, 0, -1, 36, 23, 10394 }, // U+0654
    { 9, 10, 0, 0, -3, 23, 10417 }, // U+0655
    { 3, 14, 0, 1, -1, 11, 10440 }, // U+0656
    { 5, 12, 0, 1, 38, 15, 10451 }, // U+0657
    { 9, 7, 0, 0, 33, 16, 10466 }, // U+0658
    { 11, 3, 0, 0, 31, 9, 10482 }, // U+0659
    { 9, 8, 0, 1, 34, 18, 10491 }, // U+065A
    { 9, 8, 0, 1, 34, 18, 10509 }, // U+065B
    { 7, 8, 0, 1, 4, 14, 10527 }, // U+065C
    { 10, 12, 0, 0, 38, 30, 10541 }, // U+065D
    { 10, 7, 0, -2, 33, 18, 10571 }, // U+065E
    { 14, 10, 0, -7, -13, 35, 10589 }, // U+065F
    { 7, 9, 340, 7, 10, 16, 10624 }, // U+0660
    { 8, 24, 340, 6, 20, 48, 10640 }, // U+0661
    { 12, 24, 340, 4, 20, 72, 10688 }, // U+0662
    { 18, 24, 340, 2, 20, 108, 10760 }, // U+0663
    { 12, 24, 340, 5, 20, 72, 10868 }, // U+0664
    { 13, 14, 340, 4, 15, 46, 10940 }, // U+0665
    { 15, 24, 340, 3, 20, 90, 10986 }, // U+0666
    { 17, 24, 340, 2, 20, 102, 11076 }, // U+0667
    { 18, 23, 340, 2, 19, 104, 11178 }, // U+0668
    { 14, 24, 340, 4, 20, 84, 11282 }, // U+0669
    { 20, 35, 388, 2, 28, 175, 11366 }, // U+066A
    { 12, 16, 235, 1, 9, 48, 11541 }, // U+066B
    { 7, 12, 235, 4, 20, 21, 11589 }, // U+066C
    { 21, 19, 377, 1, 23, 100, 11610 }, // U+066D
    { 32, 17, 574, 2, 15, 136, 11710 }, // U+066E
    { 22, 23, 417, 2, 18, 127, 11846 }, // U+066F
    { 3, 14, 0, 3, 30, 11, 11973 }, // U+0670
    { 10, 36, 126, -1, 35, 90, 11984 }, // U+0671
    { 14, 39, 126, -5, 38, 137, 12074 }, // U+0672
    { 14, 39, 126, -5, 27, 137, 12211 }, // U+0673
    { 9, 10, 140, 0, 27, 23, 12348 }, // U+0674
    { 13, 28, 227, 2, 27, 91, 12371 }, // U+0675
    { 23, 40, 318, -3, 27, 230, 12462 }, // U+0676
    { 25, 40, 345, -3, 27, 250, 12692 }, // U+0677
    { 36, 34, 589, 1, 27, 306, 12942 }, // U+0678
    { 32, 27, 574, 2, 25, 216, 13248 }, // U+0679
    { 32, 24, 574, 2, 22, 192, 13464 }, // U+067A
    { 32, 28, 574, 2, 15, 224, 13656 }, // U+067B
    { 32, 26, 574, 2, 18, 208, 13880 }, // U+067C
    { 32, 24, 574, 2, 22, 192, 14088 }, // U+067D
    { 32, 29, 574, 2, 15, 232, 14280 }, // U+067E
    { 32, 24, 574, 2, 22, 192, 14512 }, // U+067F
    { 32, 29, 574, 2, 15, 232, 14704 }, // U+0680
    { 26, 42, 447, 1, 22, 273, 14936 }, // U+0681
    { 26, 43, 447, 1, 23, 280, 15209 }, // U+0682
    { 26, 31, 447, 1, 11, 202, 15489 }, // U+0683
    { 26, 31, 447, 1, 11, 202, 15691 }, // U+0684
    { 26, 43, 447, 1, 23, 280, 15893 }, // U+0685
    { 26, 31, 447, 1, 11, 202, 16173 }, // U+0686
    { 26, 31, 447, 1, 11, 202, 16375 }, // U+0687
    { 13, 32, 264, 2, 31, 104, 16577 }, // U+0688
    { 13, 23, 264, 2, 16, 75, 16681 }, // U+0689
    { 13, 24, 264, 2, 16, 78, 16756 }, // U+068A
    { 13, 39, 264, 2, 31, 127, 16834 }, // U+068B
    { 13, 25, 264, 2, 24, 82, 16961 }, // U+068C
    { 13, 24, 264, 2, 16, 78, 17043 }, // U+068D
    { 13, 29, 264, 2, 28, 95, 17121 }, // U+068E
    { 13, 30, 264, 2, 29, 98, 17216 }, // U+068F
    { 13, 29, 264, 2, 28, 95, 17314 }, // U+0690
    { 19, 36, 225, -3, 25, 171, 17409 }, // U+0691
    { 17, 31, 225, -3, 20, 132, 17580 }, // U+0692
    { 16, 25, 225, -3, 10, 100, 17712 }, // U+0693
    { 16, 27, 225, -3, 10, 108, 17812 }, // U+0694
    { 17, 29, 225, -3, 10, 124, 17920 }, // U+0695
    { 16, 27, 225, -3, 10, 108, 18044 }, // U+0696
    { 18, 28, 225, -3, 17, 126, 18152 }, // U+0697
    { 18, 33, 225, -3, 22, 149, 18278 }, // U+0698
    { 18, 32, 225, -3, 21, 144, 18427 }, // U+0699
    { 33, 32, 573, 0, 18, 264, 18571 }, // U+069A
    { 33, 25, 573, 0, 11, 207, 18835 }, // U+069B
    { 33, 37, 573, 0, 23, 306, 19042 }, // U+069C
    { 41, 28, 681, 0, 14, 287, 19348 }, // U+069D
    { 41, 37, 681, 0, 23, 380, 19635 }, // U+069E
    { 28, 28, 464, 0, 28, 196, 20015 }, // U+069F
    { 26, 49, 443, 2, 29, 319, 20211 }, // U+06A0
    { 35, 21, 614, 2, 20, 184, 20530 }, // U+06A1
    { 35, 27, 614, 2, 20, 237, 20714 }, // U+06A2
    { 35, 34, 614, 2, 27, 298, 20951 }, // U+06A3
    { 35, 33, 614, 2, 32, 289, 21249 }, // U+06A4
    { 35, 32, 614, 2, 20, 280, 21538 }, // U+06A5
    { 35, 33, 614, 2, 32, 289, 21818 }, // U+06A6
    { 22, 31, 417, 2, 26, 171, 22107 }, // U+06A7
    { 22, 35, 417, 2, 30, 193, 22278 }, // U+06A8
    { 41, 29, 656, 1, 28, 298, 22471 }, // U+06A9
    { 42, 24, 689, 0, 24, 252, 22769 }, // U+06AA
    { 41, 29, 656, 1, 28, 298, 23021 }, // U+06AB
    { 21, 31, 399, 2, 30, 163, 23319 }, // U+06AC
    { 21, 31, 399, 2, 30, 163, 23482 }, // U+06AD
    { 21, 43, 399, 2, 30, 226, 23645 }, // U+06AE
    { 41, 34, 656, 1, 33, 349, 23871 }, // U+06AF
    { 41, 34, 656, 1, 33, 349, 24220 }, // U+06B0
    { 41, 35, 656, 1, 34, 359, 24569 }, // U+06B1
    { 41, 42, 656, 1, 33, 431, 24928 }, // U+06B2
    { 41, 46, 656, 1, 33, 472, 25359 }, // U+06B3
    { 41, 42, 656, 1, 41, 431, 25831 }, // U+06B4
    { 19, 47, 376, 2, 40, 224, 26262 }, // U+06B5
    { 19, 44, 376, 2, 37, 209, 26486 }, // U+06B6
    { 19, 48, 376, 2, 41, 228, 26695 }, // U+06B7
    { 20, 48, 376, 2, 30, 240, 26923 }, // U+06B8
    { 18, 32, 350, 2, 17, 144, 27163 }, // U+06B9
    { 18, 22, 350, 2, 14, 99, 27307 }, // U+06BA
    { 18, 33, 350, 2, 25, 149, 27406 }, // U+06BB
    { 18, 31, 350, 2, 17, 140, 27555 }, // U+06BC
    { 18, 30, 350, 2, 22, 135, 27695 }, // U+06BD
    { 19, 16, 329, 0, 16, 76, 27830 }, // U+06BE
    { 26, 38, 447, 1, 18, 247, 27906 }, // U+06BF
    { 10, 27, 213, 2, 26, 68, 28153 }, // U+06C0
    { 10, 15, 213, 2, 14, 38, 28221 }, // U+06C1
    { 10, 27, 213, 2, 26, 68, 28259 }, // U+06C2
    { 10, 23, 213, 2, 22, 58, 28327 }, // U+06C3
    { 17, 25, 243, -3, 12, 107, 28385 }, // U+06C4
    { 15, 25, 243, -1, 12, 94, 28492 }, // U+06C5
    { 17, 36, 243, -3, 23, 153, 28586 }, // U+06C6
    { 17, 39, 243, -3, 26, 166, 28739 }, // U+06C7
    { 17, 38, 243, -3, 25, 162, 28905 }, // U+06C8
    { 17, 35, 243, -3, 22, 149, 29067 }, // U+06C9
    { 18, 33, 243, -3, 20, 149, 29216 }, // U+06CA
    { 18, 37, 243, -3, 24, 167, 29365 }, // U+06CB
    { 27, 24, 480, 1, 17, 162, 29532 }, // U+06CC
    { 29, 24, 480, -1, 17, 174, 29694 }, // U+06CD
    { 27, 32, 480, 1, 25, 216, 29868 }, // U+06CE
    { 17, 33, 243, -3, 20, 141, 30084 }, // U+06CF
    { 27, 35, 480, 1, 17, 237, 30225 }, // U+06D0
    { 27, 36, 480, 1, 17, 243, 30462 }, // U+06D1
    { 38, 25, 629, 1, 18, 238, 30705 }, // U+06D2
    { 38, 31, 629, 1, 24, 295, 30943 }, // U+06D3
    { 9, 4, 272, 4, 4, 9, 31238 }, // U+06D4
    { 10, 15, 213, 2, 14, 38, 31247 }, // U+06D5
    { 23, 19, 0, -10, 46, 110, 31285 }, // U+06D6
    { 18, 19, 0, -9, 46, 86, 31395 }, // U+06D7
    { 10, 8, 0, -6, 33, 20, 31481 }, // U+06D8
    { 12, 16, 0, -7, 42, 48, 31501 }, // U+06D9
    { 14, 16, 0, -6, 42, 56, 31549 }, // U+06DA
    { 6, 6, 0, -3, 32, 9, 31605 }, // U+06DB
    { 17, 13, 0, -10, 39, 56, 31614 }, // U+06DC
    { 34, 45, 581, 1, 34, 383, 31670 }, // U+06DD
    { 40, 48, 673, 1, 36, 480, 32053 }, // U+06DE
    { 7, 9, 0, -1, 35, 16, 32533 }, // U+06DF
    { 7, 9, 0, -1, 35, 16, 32549 }, // U+06E0
    { 10, 7, 0, -5, 33, 18, 32565 }, // U+06E1
    { 7, 12, 0, -4, 39, 21, 32583 }, // U+06E2
    { 17, 13, 0, -9, -4, 56, 32604 }, // U+06E3
    { 10, 4, 0, -4, 33, 10, 32660 }, // U+06E4
    { 8, 11, 98, -1, 11, 22, 32670 }, // U+06E5
    { 16, 11, 251, 0, 12, 44, 32692 }, // U+06E6
    { 16, 11, 0, -7, 32, 44, 32736 }, // U+06E7
    { 10, 13, 0, -5, 40, 33, 32780 }, // U+06E8
    { 16, 30, 319, 2, 30, 120, 32813 }, // U+06E9
    { 6, 7, 0, -3, -6, 11, 32933 }, // U+06EA
    { 6, 7, 0, -3, 33, 11, 32944 }, // U+06EB
    { 6, 7, 0, -3, 33, 11, 32955 }, // U+06EC
    { 7, 12, 0, -3, -8, 21, 32966 }, // U+06ED
    { 13, 27, 264, 2, 26, 88, 32987 }, // U+06EE
    { 17, 30, 224, -3, 19, 128, 33075 }, // U+06EF
    { 7, 9, 340, 7, 10, 16, 33203 }, // U+06F0
    { 8, 24, 340, 6, 20, 48, 33219 }, // U+06F1
    { 12, 24, 340, 4, 20, 72, 33267 }, // U+06F2
    { 18, 24, 340, 2, 20, 108, 33339 }, // U+06F3
    { 15, 24, 340, 3, 20, 90, 33447 }, // U+06F4
    { 15, 20, 340, 3, 19, 75, 33537 }, // U+06F5
    { 13, 24, 340, 4, 20, 78, 33612 }, // U+06F6
    { 17, 24, 340, 2, 20, 102, 33690 }, // U+06F7
    { 18, 23, 340, 2, 19, 104, 33792 }, // U+06F8
    { 14, 24, 340, 4, 20, 84, 33896 }, // U+06F9
    { 33, 37, 573, 0, 23, 306, 33980 }, // U+06FA
    { 41, 32, 681, 0, 18, 328, 34286 }, // U+06FB
    { 26, 45, 443, 2, 25, 293, 34614 }, // U+06FC
    { 13, 27, 234, 0, 12, 88, 34907 }, // U+06FD
    { 22, 26, 364, 0, 12, 143, 34995 }, // U+06FE
    { 19, 26, 329, 0, 26, 124, 35138 }, // U+06FF
    { 32, 24, 574, 2, 15, 192, 35262 }, // U+0750
    { 32, 31, 574, 2, 22, 248, 35454 }, // U+0751
    { 32, 29, 574, 2, 15, 232, 35702 }, // U+0752
    { 32, 32, 574, 2, 18, 256, 35934 }, // U+0753
    { 32, 26, 574, 2, 17, 208, 36190 }, // U+0754
    { 32, 26, 574, 2, 15, 208, 36398 }, // U+0755
    { 32, 22, 574, 2, 20, 176, 36606 }, // U+0756
    { 26, 39, 447, 1, 19, 254, 36782 }, // U+0757
    { 26, 31, 447, 1, 11, 202, 37036 }, // U+0758
    { 13, 43, 264, 2, 31, 140, 37238 }, // U+0759
    { 13, 26, 264, 2, 16, 85, 37378 }, // U+075A
    { 17, 21, 225, -3, 10, 90, 37463 }, // U+075B
    { 33, 37, 573, 0, 23, 306, 37553 }, // U+075C
    { 26, 45, 443, 2, 25, 293, 37859 }, // U+075D
    { 26, 50, 443, 2, 30, 325, 38152 }, // U+075E
    { 26, 49, 443, 2, 29, 319, 38477 }, // U+075F
    { 35, 27, 614, 2, 20, 237, 38796 }, // U+0760
    { 35, 31, 614, 2, 20, 272, 39033 }, // U+0761
    { 41, 29, 656, 1, 28, 298, 39305 }, // U+0762
    { 41, 36, 656, 1, 35, 369, 39603 }, // U+0763
    { 41, 41, 656, 1, 28, 421, 39972 }, // U+0764
    { 13, 39, 247, 1, 21, 127, 40393 }, // U+0765
    { 13, 32, 247, 1, 14, 104, 40520 }, // U+0766
    { 18, 33, 350, 2, 17, 149, 40624 }, // U+0767
    { 18, 39, 350, 2, 31, 176, 40773 }, // U+0768
    { 18, 34, 350, 2, 26, 153, 40949 }, // U+0769
    { 21, 37, 376, 2, 30, 195, 41102 }, // U+076A
    { 16, 32, 225, -3, 21, 128, 41297 }, // U+076B
    { 17, 32, 225, -3, 21, 136, 41425 }, // U+076C
    { 33, 37, 573, 0, 23, 306, 41561 }, // U+076D
    { 26, 31, 447, 1, 11, 202, 41867 }, // U+076E
    { 26, 31, 447, 1, 11, 202, 42069 }, // U+076F
    { 33, 46, 573, 0, 32, 380, 42271 }, // U+0770
    { 19, 42, 225, -3, 31, 200, 42651 }, // U+0771
    { 26, 46, 447, 1, 26, 299, 42851 }, // U+0772
    { 10, 34, 126, -4, 33, 85, 43150 }, // U+0773
    { 9, 33, 126, -3, 32, 75, 43235 }, // U+0774
    { 27, 34, 480, 1, 27, 230, 43310 }, // U+0775
    { 27, 34, 480, 1, 27, 230, 43540 }, // U+0776
    { 27, 37, 480, 1, 17, 250, 43770 }, // U+0777
    { 17, 38, 243, -3, 25, 162, 44020 }, // U+0778
    { 17, 37, 243, -3, 24, 158, 44182 }, // U+0779
    { 38, 32, 629, 1, 25, 304, 44340 }, // U+077A
    { 38, 31, 629, 1, 24, 295, 44644 }, // U+077B
    { 26, 31, 447, 1, 11, 202, 44939 }, // U+077C
    { 33, 37, 573, 0, 23, 306, 45141 }, // U+077D
    { 33, 35, 573, 0, 21, 289, 45447 }, // U+077E
    { 21, 31, 399, 2, 30, 163, 45736 }, // U+077F
    { 9, 3, 181, 1, 9, 7, 0 }, // U+2010
    { 9, 3, 181, 1, 9, 7, 7 }, // U+2011
    { 17, 3, 271, 0, 9, 13, 14 }, // U+2012
    { 24, 3, 392, 0, 9, 18, 27 }, // U+2013
    { 30, 3, 483, 0, 9, 23, 45 }, // U+2014
    { 33, 2, 522, 0, 9, 17, 68 }, // U+2015
    { 7, 10, 181, 2, 27, 18, 85 }, // U+2018
    { 6, 10, 181, 3, 27, 15, 103 }, // U+2019
    { 6, 10, 181, 3, 4, 15, 118 }, // U+201A
    { 7, 10, 181, 2, 27, 18, 133 }, // U+201B
    { 15, 10, 282, 1, 27, 38, 151 }, // U+201C
    { 14, 10, 282, 2, 27, 35, 189 }, // U+201D
    { 14, 10, 241, 1, 4, 35, 224 }, // U+201E
    { 15, 10, 284, 1, 27, 38, 259 }, // U+201F
    { 15, 31, 271, 1, 24, 117, 297 }, // U+2020
    { 13, 32, 271, 2, 24, 104, 414 }, // U+2021
    { 8, 8, 157, 1, 15, 16, 518 }, // U+2022
    { 28, 5, 558, 3, 4, 35, 534 }, // U+2026
    { 4, 4, 98, 1, 13, 4, 569 }, // U+2027
    { 34, 41, 562, 0, 40, 349, 0 }, // U+FDF2
    { 0, 0, 0, 0, 0, 0, 349 }, // U+FEFF
};

static const EpdUnicodeInterval scheherazadenew_18_regularIntervals[] = {
    { 0x20, 0x7E, 0x0 },
    { 0x600, 0x6FF, 0x5F },
    { 0x750, 0x77F, 0x15F },
    { 0x2010, 0x2015, 0x18F },
    { 0x2018, 0x2022, 0x195 },
    { 0x2026, 0x2027, 0x1A0 },
    { 0xFDF2, 0xFDF2, 0x1A2 },
    { 0xFEFF, 0xFEFF, 0x1A3 },
};

static const EpdFontGroup scheherazadenew_18_regularGroups[] = {
    { 0, 4399, 9482, 95, 0 },
    { 4399, 9893, 49381, 304, 95 },
    { 14292, 353, 640, 19, 399 },
    { 14645, 211, 369, 2, 418 },
};

static const EpdLigaturePair scheherazadenew_18_regularLigaturePairs[] = {
    { 0x06480654, 0x0624 }, // U+0648 U+0654 -> U+0624
    { 0x064A0654, 0x0626 }, // U+064A U+0654 -> U+0626
    { 0x06C10654, 0x06C2 }, // U+06C1 U+0654 -> U+06C2
    { 0x06D50654, 0x06C0 }, // U+06D5 U+0654 -> U+06C0
};

static const EpdFontData scheherazadenew_18_regular = {
    scheherazadenew_18_regularBitmaps,
    scheherazadenew_18_regularGlyphs,
    scheherazadenew_18_regularIntervals,
    8,
    76,
    51,
    -27,
    true,
    scheherazadenew_18_regularGroups,
    4,
    nullptr,
    nullptr,
    nullptr,
    nullptr,
    0,
    0,
    0,
    0,
    scheherazadenew_18_regularLigaturePairs,
    4,
};
